ply
format ascii 1.0
element vertex 10000
property float x
property float y
property float z
property uchar red
property uchar green
property uchar blue
end_header
-0.39124707 0.55065909 0.29162094 234 88 12
-0.33793532 0.54943505 0.29710747 234 88 12
-0.31814777 0.54899681 0.29878379 234 88 12
-0.30341223 0.54853138 0.30049581 234 88 12
-0.28886442 0.54769976 0.30246885 234 88 12
-0.26979893 0.54592452 0.30499706 234 88 12
-0.10665998 0.53559574 0.32155153 234 88 12
-0.094499956 0.53463878 0.3231852 234 88 12
-0.048458995 0.52970411 0.33244882 234 88 12
-0.040753333 0.52900414 0.33392664 234 88 12
0.063658468 0.52684645 0.34715682 234 88 12
0.086048065 0.52591171 0.35030011 234 88 12
0.11158212 0.52394991 0.35304083 234 88 12
0.14957388 0.52273595 0.35479822 234 88 12
0.17172575 0.52289608 0.35525478 234 88 12
0.19677688 0.5229787 0.35505157 234 88 12
0.23935114 0.52273734 0.35438079 234 88 12
0.27909113 0.52215831 0.35245554 234 88 12
0.29181832 0.52179556 0.35184139 234 88 12
0.30216739 0.52140504 0.35107915 234 88 12
0.31556516 0.52044404 0.35010636 234 88 12
0.34341622 0.51788863 0.34783146 234 88 12
0.34626805 0.51758287 0.3476283 234 88 12
-0.3937388 0.54747166 0.29205136 234 88 12
-0.38579362 0.54703031 0.29282527 234 88 12
-0.25774629 0.54117388 0.30711774 234 88 12
-0.25043359 0.54029189 0.30809536 234 88 12
-0.23035853 0.53790292 0.31081071 234 88 12
-0.022548462 0.52482543 0.33691729 234 88 12
0.040873148 0.52437008 0.3443964 234 88 12
0.091147671 0.52248111 0.35114612 234 88 12
0.17157767 0.51994104 0.35555913 234 88 12
0.19664851 0.52004394 0.35531041 234 88 12
0.21685414 0.5199913 0.35505151 234 88 12
0.26885766 0.51915429 0.35344408 234 88 12
0.28644201 0.51873946 0.35258447 234 88 12
-0.45868571 0.54377264 0.28906582 234 88 12
-0.44584635 0.54402051 0.28944283 234 88 12
-0.43325386 0.54476936 0.28995773 234 88 12
-0.3962377 0.54433463 0.29247238 234 88 12
-0.3804783 0.54351583 0.29400396 234 88 12
-0.29099664 0.54123573 0.30276531 234 88 12
-0.26234956 0.53835307 0.30674176 234 88 12
-0.21993773 0.53341389 0.31255555 234 88 12
-0.20433289 0.53215806 0.31427258 234 88 12
-0.20168367 0.53200252 0.31449363 234 88 12
-0.16537409 0.53064865 0.31726939 234 88 12
-0.15045556 0.53053097 0.31840055 234 88 12
-0.12611752 0.53021936 0.32045557 234 88 12
-0.11873267 0.52983555 0.32125444 234 88 12
-0.079855485 0.52629894 0.32697419 234 88 12
-0.075079214 0.52573621 0.32791126 234 88 12
-0.060642261 0.52416076 0.33080494 234 88 12
-0.012271585 0.5213303 0.33838795 234 88 12
0.015328849 0.52147026 0.34168415 234 88 12
0.088648537 0.51952232 0.35096959 234 88 12
0.15423445 0.51684928 0.35540171 234 88 12
0.19397601 0.51711146 0.355556 234 88 12
-0.26460889 0.53527506 0.30673494 234 88 12
-0.13097092 0.52719929 0.32051914 234 88 12
-0.1285359 0.5271479 0.32074484 234 88 12
-0.0096815314 0.51804815 0.33899632 234 88 12
0.13158688 0.51403576 0.35480925 234 88 12
0.16882652 0.51404438 0.3561169 234 88 12
0.17622475 0.51409341 0.35613837 234 88 12
0.31188971 0.51101789 0.3517271 234 88 12
0.31998517 0.51040649 0.35126332 234 88 12
-0.41459276 0.5385922 0.2929714 234 88 12
-0.35754009 0.5365673 0.29756134 234 88 12
-0.34513521 0.53648963 0.29877886 234 88 12
-0.26928946 0.53257902 0.30651244 234 88 12
-0.24021455 0.52920739 0.31054533 234 88 12
-0.18866121 0.52526909 0.31631104 234 88 12
-0.17821462 0.52492066 0.31707887 234 88 12
-0.15292686 0.52447866 0.31900172 234 88 12
-0.09182829 0.52101022 0.32590588 234 88 12
0.032974945 0.51523132 0.34433773 234 88 12
0.048258338 0.51514977 0.34589918 234 88 12
0.11140177 0.51170339 0.35389818 234 88 12
0.12148758 0.51138651 0.35441302 234 88 12
0.16615683 0.51110759 0.35639059 234 88 12
0.23606444 0.51045322 0.35573236 234 88 12
0.27556082 0.50946524 0.35431005 234 88 12
0.30360405 0.50831534 0.35293913 234 88 12
-0.42241519 0.53532073 0.29337622 234 88 12
-0.40913757 0.53519324 0.29410617 234 88 12
-0.40645789 0.53507307 0.29416746 234 88 12
-0.3476012 0.53334112 0.29929925 234 88 12
-0.32549371 0.53291913 0.30068751 234 88 12
-0.3180234 0.53271262 0.30117296 234 88 12
-0.26443122 0.52885178 0.30754388 234 88 12
-0.25722375 0.52801796 0.30852377 234 88 12
-0.2425968 0.52629289 0.31067309 234 88 12
-0.14313383 0.52137626 0.32041678 234 88 12
-0.11374503 0.51995564 0.32352613 234 88 12
-0.09423303 0.5180597 0.32617232 234 88 12
-0.057950608 0.5141514 0.33259033 234 88 12
0.022739394 0.51223828 0.34333426 234 88 12
0.088552059 0.5102859 0.35162055 234 88 12
0.11883577 0.5085363 0.35457135 234 88 12
0.13375318 0.50822286 0.35524981 234 88 12
0.15112022 0.50806067 0.35614617 234 88 12
0.19840189 0.50834417 0.35627487 234 88 12
0.21352612 0.50809561 0.35623687 234 88 12
0.24807978 0.50703966 0.35577514 234 88 12
0.25796889 0.50675343 0.35547676 234 88 12
0.34460702 0.50203186 0.34998776 234 88 12
-0.43510249 0.531075 0.29358513 234 88 12
-0.31803011 0.52951562 0.30191078 234 88 12
-0.29818448 0.52864504 0.30386398 234 88 12
-0.27145873 0.52659401 0.30717824 234 88 12
-0.26191153 0.52548531 0.30834395 234 88 12
-0.21480109 0.52052207 0.31461959 234 88 12
-0.1940391 0.51948258 0.31654518 234 88 12
-0.13825355 0.51833902 0.32128901 234 88 12
-0.13340082 0.51816278 0.32183223 234 88 12
-0.096631629 0.51522341 0.32630234 234 88 12
-0.045354359 0.50986067 0.33525299 234 88 12
0.075786598 0.50812687 0.35022081 234 88 12
0.096071343 0.50676058 0.35290284 234 88 12
0.10859928 0.50590831 0.35430139 234 88 12
0.1261365 0.50551803 0.35514415 234 88 12
0.15083606 0.50520164 0.3564622 234 88 12
0.20823287 0.50528007 0.35654292 234 88 12
0.25027515 0.50392874 0.35612883 234 88 12
0.26258501 0.50351363 0.35564414 234 88 12
0.27997961 0.50315305 0.35506566 234 88 12
0.3245082 0.50078302 0.35236231 234 88 12
-0.43244986 0.52782507 0.29506107 234 88 12
-0.37505443 0.52712833 0.29830887 234 88 12
-0.3500365 0.52710693 0.30048958 234 88 12
-0.32299508 0.52654118 0.30239645 234 88 12
-0.31053713 0.5260779 0.30345828 234 88 12
-0.3030787 0.52573545 0.30409167 234 88 12
-0.27611506 0.52405527 0.3072564 234 88 12
-0.25207566 0.52123866 0.31018439 234 88 12
-0.23497 0.51927367 0.31263778 234 88 12
-0.23000261 0.51870519 0.31338711 234 88 12
-0.12609724 0.51481536 0.32308555 234 88 12
-0.045372754 0.50686417 0.33568941 234 88 12
-0.027456111 0.50582917 0.33827617 234 88 12
0.2425908 0.50113933 0.35662255 234 88 12
0.24750831 0.50099725 0.35654635 234 88 12
0.25980777 0.50052458 0.35620099 234 88 12
0.28465293 0.49990953 0.35541601 234 88 12
0.34400816 0.49611138 0.35111211 234 88 12
-0.44986891 0.52311824 0.29550449 234 88 12
-0.44230452 0.52355221 0.29574254 234 88 12
-0.43731108 0.52392198 0.29608223 234 88 12
-0.39304491 0.52444391 0.29833343 234 88 12
-0.2543383 0.51844112 0.31056774 234 88 12
-0.23977438 0.51677958 0.31252849 234 88 12
-0.21990399 0.51485003 0.31517452 234 88 12
-0.20187902 0.51388191 0.31686101 234 88 12
-0.14321005 0.51258027 0.32182202 234 88 12
-0.13097536 0.51214672 0.32309739 234 88 12
-0.10398949 0.50993006 0.32649041 234 88 12
-0.065372855 0.50589578 0.33281443 234 88 12
-0.062952713 0.50564833 0.33324911 234 88 12
0.024722921 0.50334469 0.34476141 234 88 12
0.029758666 0.50331974 0.34536217 234 88 12
0.047594317 0.50330631 0.34744664 234 88 12
0.052681369 0.50319467 0.34807477 234 88 12
0.10061474 0.50042193 0.35423758 234 88 12
0.11310475 0.4998577 0.35532063 234 88 12
0.12555434 0.49978962 0.35586358 234 88 12
0.13295268 0.49971942 0.35627235 234 88 12
0.16003422 0.49950045 0.35753065 234 88 12
0.2051214 0.49948413 0.35733728 234 88 12
0.24475939 0.49807548 0.35687372 234 88 12
0.25213186 0.49781058 0.35679177 234 88 12
0.26932278 0.49709746 0.35630006 234 88 12
0.36698159 0.49144995 0.35027665 234 88 12
-0.43966342 0.52024919 0.29735337 234 88 12
-0.37754714 0.52064676 0.30025828 234 88 12
-0.320489 0.52000979 0.30465824 234 88 12
-0.24452127 0.51419808 0.31275977 234 88 12
-0.23964648 0.51368079 0.31329991 234 88 12
-0.23229261 0.5128895 0.31432885 234 88 12
-0.18889205 0.51050595 0.31862171 234 88 12
-0.14575638 0.50973615 0.32224494 234 88 12
-0.13833823 0.50953903 0.32289855 234 88 12
-0.10901277 0.50748653 0.3264204 234 88 12
-0.091949442 0.50574414 0.32869967 234 88 12
-0.050590938 0.50153306 0.33576012 234 88 12
-0.035313707 0.50033629 0.33829007 234 88 12
-0.027713319 0.5000139 0.33930749 234 88 12
0.097834843 0.49765119 0.35432147 234 88 12
0.10778811 0.4971058 0.35539136 234 88 12
0.16955295 0.4966312 0.35815362 234 88 12
0.17203174 0.4966279 0.35819967 234 88 12
0.36091854 0.48902611 0.35119125 234 88 12
-0.41667953 0.51824019 0.30040089 234 88 12
-0.35258297 0.51755618 0.30321875 234 88 12
-0.33041906 0.51721489 0.30515646 234 88 12
-0.29314498 0.51544498 0.30827251 234 88 12
-0.25399286 0.51212268 0.31240837 234 88 12
-0.24437894 0.51107008 0.31365449 234 88 12
-0.18373158 0.50748861 0.31960823 234 88 12
-0.053237752 0.49895823 0.33592541 234 88 12
0.0066329346 0.49740612 0.3437455 234 88 12
0.014030685 0.49750402 0.34470724 234 88 12
0.15185015 0.49405623 0.35807915 234 88 12
0.19444509 0.49381055 0.35833123 234 88 12
0.22456111 0.49302911 0.35797944 234 88 12
0.28876449 0.49048585 0.35653758 234 88 12
0.32896255 0.48843836 0.35417861 234 88 12
0.3317782 0.48826264 0.35391691 234 88 12
0.34032542 0.48768035 0.35327155 234 88 12
-0.47353675 0.51578652 0.29650349 234 88 12
-0.44184142 0.51333705 0.29975856 234 88 12
-0.43201202 0.51398001 0.30078524 234 88 12
-0.36252592 0.51414862 0.30349295 234 88 12
-0.35755878 0.51421116 0.30397553 234 88 12
-0.24422811 0.50793425 0.3146034 234 88 12
-0.16567293 0.50438837 0.32147934 234 88 12
-0.1409279 0.50386245 0.32394133 234 88 12
-0.13846241 0.50376967 0.32413581 234 88 12
-0.1213547 0.50274912 0.32607622 234 88 12
-0.082591563 0.49900465 0.33154483 234 88 12
0.0087737362 0.49466988 0.34449447 234 88 12
0.057194143 0.49426069 0.35052491 234 88 12
0.12206085 0.49124414 0.35712046 234 88 12
0.13927761 0.49141192 0.35782406 234 88 12
0.14415565 0.49143426 0.35800713 234 88 12
0.24382428 0.48925355 0.35795507 234 88 12
0.25845125 0.48856914 0.35774717 234 88 12
0.34590873 0.48452664 0.35330382 234 88 12
-0.38019114 0.51092694 0.30355765 234 88 12
-0.29808596 0.50918118 0.31023133 234 88 12
-0.24161138 0.50459194 0.31574997 234 88 12
-0.22218721 0.50314161 0.31782306 234 88 12
-0.18903954 0.50190092 0.32051433 234 88 12
-0.12865925 0.50040964 0.32585201 234 88 12
-0.094654748 0.49738817 0.33023245 234 88 12
-0.082694609 0.49622984 0.33204073 234 88 12
-0.063340403 0.49456729 0.3350771 234 88 12
-0.040840088 0.49260186 0.33865197 234 88 12
0.069473474 0.49086453 0.35229605 234 88 12
0.096820018 0.48908391 0.35568407 234 88 12
0.16591514 0.4883849 0.35930668 234 88 12
0.17094176 0.48834662 0.35926173 234 88 12
0.32019443 0.4832278 0.3557791 234 88 12
0.36671668 0.48055275 0.35201089 234 88 12
-0.45197121 0.5070188 0.30101207 234 88 12
-0.40099683 0.50860155 0.3035789 234 88 12
-0.35268769 0.5080149 0.30664772 234 88 12
-0.31299884 0.50690512 0.30991771 234 88 12
-0.31051918 0.50678447 0.31013827 234 88 12
-0.27319315 0.50492489 0.31340121 234 88 12
-0.25595165 0.50318716 0.31496423 234 88 12
-0.21719338 0.50010004 0.31877858 234 88 12
-0.16061329 0.49869835 0.32301759 234 88 12
-0.13603074 0.4980914 0.32540109 234 88 12
-0.12622986 0.49750171 0.32655076 234 88 12
-0.099566314 0.49516398 0.32992635 234 88 12
-0.073110078 0.49282644 0.33381953 234 88 12
-0.051098389 0.49087857 0.33728516 234 88 12
0.18846552 0.48551183 0.35919339 234 88 12
0.25058275 0.48323962 0.35806682 234 88 12
0.27783846 0.48219078 0.35733211 234 88 12
0.30911309 0.48101758 0.35651504 234 88 12
0.3341266 0.47990975 0.35502022 234 88 12
0.34569221 0.47925245 0.35406192 234 88 12
-0.42939129 0.50516858 0.30337519 234 88 12
-0.41665099 0.5059261 0.30379912 234 88 12
-0.38535433 0.50523063 0.30463077 234 88 12
-0.23657862 0.49848413 0.31742988 234 88 12
-0.18121608 0.49638734 0.32180551 234 88 12
-0.16061169 0.49602766 0.32324079 234 88 12
-0.087651082 0.49137993 0.3319498 234 88 12
-0.063556701 0.48946513 0.33544191 234 88 12
-0.0089409226 0.48660052 0.34321114 234 88 12
-0.0065223587 0.48660942 0.34346264 234 88 12
0.046360313 0.48609995 0.34980581 234 88 12
0.093871845 0.48394723 0.35544136 234 88 12
0.11367524 0.48324358 0.35710252 234 88 12
0.1161648 0.48321057 0.35724931 234 88 12
0.15044966 0.48351028 0.35899995 234 88 12
0.1753603 0.48303045 0.35934875 234 88 12
0.29565347 0.47889713 0.35697244 234 88 12
0.36376817 0.47568549 0.35259081 234 88 12
-0.30556352 0.50103533 0.3115018 234 88 12
-0.25087668 0.49727142 0.31627638 234 88 12
-0.24598184 0.49674589 0.31676898 234 88 12
-0.12390796 0.49198444 0.32718482 234 88 12
-0.11665487 0.49140496 0.32816021 234 88 12
-0.11426135 0.49119242 0.32853223 234 88 12
-0.013870892 0.48427905 0.34219166 234 88 12
0.073957465 0.48267024 0.35258068 234 88 12
0.11346169 0.48082605 0.35672659 234 88 12
0.1356081 0.48105169 0.35776294 234 88 12
0.1674682 0.48067936 0.35919963 234 88 12
0.18277754 0.48039082 0.35895864 234 88 12
0.22815468 0.47911281 0.35794056 234 88 12
0.2428735 0.47829673 0.35755199 234 88 12
0.28516434 0.47658339 0.35685328 234 88 12
0.31978338 0.47537203 0.356145 234 88 12
0.33975773 0.47452807 0.35496038 234 88 12
-0.44217711 0.49902424 0.30285954 234 88 12
-0.3879919 0.50001952 0.30467046 234 88 12
-0.38537912 0.49990218 0.30493673 234 88 12
-0.28799749 0.49757422 0.31310885 234 88 12
-0.24828537 0.49446233 0.3164802 234 88 12
-0.17325794 0.49115086 0.32197814 234 88 12
-0.15305084 0.49073894 0.32368968 234 88 12
-0.092623506 0.48672821 0.33111884 234 88 12
-0.090212872 0.48652205 0.3314716 234 88 12
-0.023696818 0.48221002 0.34065396 234 88 12
-0.021213611 0.48214245 0.34091866 234 88 12
0.0615052 0.48073444 0.35028505 234 88 12
0.1305652 0.47853057 0.3568478 234 88 12
0.16728214 0.4782419 0.35865505 234 88 12
0.21054112 0.47741123 0.35786574 234 88 12
0.26733192 0.47456126 0.35649783 234 88 12
0.31975127 0.47287224 0.35584226 234 88 12
0.3225255 0.47276918 0.35578077 234 88 12
0.35169356 0.47141492 0.35368528 234 88 12
0.35779835 0.47109485 0.35300715 234 88 12
-0.41929371 0.49798203 0.30424384 234 88 12
-0.38281338 0.49716936 0.30500739 234 88 12
-0.32553176 0.49676135 0.30973039 234 88 12
-0.30053659 0.49559296 0.31175829 234 88 12
-0.24808936 0.49194995 0.31623638 234 88 12
-0.22424057 0.49003104 0.31803076 234 88 12
-0.2193645 0.48979712 0.31840323 234 88 12
-0.17313502 0.4886342 0.32153229 234 88 12
-0.095032959 0.4844159 0.33035493 234 88 12
-0.056285027 0.48185617 0.33544304 234 88 12
-0.046274888 0.48122005 0.33683097 234 88 12
-0.013871387 0.47980036 0.34078304 234 88 12
0.038283007 0.47900808 0.34708871 234 88 12
0.040891598 0.47893168 0.34738108 234 88 12
0.058992786 0.47835932 0.34913084 234 88 12
0.10336942 0.47633826 0.35441925 234 88 12
0.11568507 0.47610496 0.35538598 234 88 12
0.13774756 0.47623815 0.35630737 234 88 12
0.1772589 0.4755525 0.35788788 234 88 12
0.19262967 0.47527194 0.35769007 234 88 12
0.20279657 0.47510075 0.35748062 234 88 12
0.20534954 0.47506944 0.35740623 234 88 12
0.25237977 0.47271512 0.35595628 234 88 12
0.2800379 0.47158208 0.35549384 234 88 12
0.2955769 0.47110125 0.35541573 234 88 12
0.3142392 0.47058172 0.35542916 234 88 12
0.34291038 0.46946935 0.35396726 234 88 12
-0.33054101 0.49440121 0.30914686 234 88 12
-0.31554209 0.49377399 0.31043269 234 88 12
-0.30050595 0.49301741 0.31146745 234 88 12
-0.26266658 0.49089654 0.31456551 234 88 12
-0.24068934 0.48871586 0.31646699 234 88 12
-0.1755975 0.48618614 0.32097401 234 88 12
0.0078338445 0.47741959 0.34220772 234 88 12
0.025483955 0.4770511 0.34444964 234 88 12
0.035747884 0.47671516 0.34589346 234 88 12
0.081358398 0.47496394 0.35102969 234 88 12
0.093636225 0.47435062 0.35235244 234 88 12
0.11315725 0.47383262 0.35431248 234 88 12
0.12302727 0.47374365 0.35477094 234 88 12
0.15724192 0.47375067 0.35653855 234 88 12
0.16467136 0.47356464 0.35680931 234 88 12
0.20774228 0.47256012 0.35658805 234 88 12
0.21781767 0.47221009 0.35622458 234 88 12
0.22279704 0.47195466 0.35599704 234 88 12
0.26734787 0.46947368 0.35467587 234 88 12
0.34609362 0.46694241 0.35297861 234 88 12
-0.45057657 0.49149659 0.3021161 234 88 12
-0.42964001 0.49251023 0.30392978 234 88 12
-0.42445706 0.49277738 0.3042418 234 88 12
-0.41931672 0.49292718 0.3043408 234 88 12
-0.39319283 0.49234088 0.304308 234 88 12
-0.38035269 0.4918066 0.30512168 234 88 12
-0.335516 0.49188556 0.30865761 234 88 12
-0.32805413 0.49172876 0.30915154 234 88 12
-0.19380487 0.48420099 0.31903965 234 88 12
-0.16015039 0.48335342 0.32184309 234 88 12
-0.15272221 0.48314099 0.32256955 234 88 12
-0.13577129 0.48238305 0.32450213 234 88 12
-0.11420299 0.48091221 0.32724956 234 88 12
-0.10455671 0.4801577 0.32837461 234 88 12
-0.0537342 0.47727867 0.33419837 234 88 12
-0.043651207 0.47669603 0.33554148 234 88 12
-0.036065946 0.47624698 0.33653747 234 88 12
0.0203599 0.474858 0.34293118 234 88 12
0.02547664 0.47471197 0.34360334 234 88 12
0.043513861 0.47408583 0.34586545 234 88 12
0.078913928 0.47265668 0.34986275 234 88 12
0.11555412 0.47146974 0.35362385 234 88 12
0.23998709 0.46842223 0.35478732 234 88 12
0.27245141 0.46677239 0.35382082 234 88 12
-0.23565566 0.48346749 0.31590701 234 88 12
-0.18591773 0.481494 0.31944754 234 88 12
-0.16772363 0.48100231 0.32094832 234 88 12
-0.1626197 0.48089365 0.32134794 234 88 12
-0.10695264 0.47785238 0.32765797 234 88 12
-0.078197936 0.47613482 0.33059106 234 88 12
-0.056198624 0.47516515 0.33318286 234 88 12
-0.026001994 0.47355664 0.33686407 234 88 12
0.012740249 0.47267728 0.34132402 234 88 12
0.051250112 0.47138264 0.34581745 234 88 12
0.05888071 0.47104948 0.34668525 234 88 12
0.061421661 0.47095136 0.34695093 234 88 12
0.15221073 0.46914521 0.35447971 234 88 12
0.18975782 0.46802732 0.35548534 234 88 12
0.2523005 0.46516164 0.35352016 234 88 12
0.37442993 0.46128053 0.34759978 234 88 12
-0.46379705 0.48786777 0.30049116 234 88 12
-0.35044117 0.48656256 0.30772887 234 88 12
-0.30552347 0.48554701 0.3103986 234 88 12
-0.24511513 0.48174495 0.31503876 234 88 12
-0.23083569 0.48065826 0.31597032 234 88 12
-0.21400921 0.47977949 0.31708199 234 88 12
-0.18068822 0.47881268 0.31976298 234 88 12
-0.066053065 0.47329773 0.33160634 234 88 12
-0.021095641 0.47113493 0.33677315 234 88 12
0.07636755 0.46787035 0.34830282 234 88 12
0.086247921 0.4674472 0.34931467 234 88 12
0.20497437 0.46529569 0.35432885 234 88 12
0.24728011 0.46299166 0.3530119 234 88 12
0.26731415 0.46190703 0.35261927 234 88 12
0.27992571 0.4614793 0.35265872 234 88 12
-0.47220117 0.48725954 0.29861349 234 88 12
-0.42190717 0.48487156 0.30617822 234 88 12
-0.37541747 0.48341816 0.30607918 234 88 12
-0.28274836 0.48172085 0.3120952 234 88 12
-0.27257084 0.48124915 0.31270745 234 88 12
-0.2573153 0.48027972 0.31405141 234 88 12
-0.16019183 0.47565564 0.32147898 234 88 12
-0.12623462 0.47420726 0.32481035 234 88 12
-0.097454577 0.47225775 0.32798078 234 88 12
-0.066098078 0.47092672 0.33127872 234 88 12
-0.048684402 0.47019933 0.33317051 234 88 12
-0.030970202 0.46924447 0.33519726 234 88 12
-0.021119359 0.46884388 0.33630769 234 88 12
-0.0044508407 0.46833252 0.33831416 234 88 12
0.045992811 0.46669704 0.3442894 234 88 12
0.058747846 0.46613859 0.34576631 234 88 12
0.15943503 0.46422457 0.35363412 234 88 12
0.19977491 0.46297145 0.35390265 234 88 12
0.23491442 0.4613075 0.35264912 234 88 12
0.27727589 0.45900014 0.35221792 234 88 12
0.36593286 0.45682452 0.34628065 234 88 12
0.36907501 0.45672804 0.34583539 234 88 12
-0.43226973 0.48213549 0.30615367 234 88 12
-0.39589438 0.48096025 0.30618609 234 88 12
-0.38819901 0.48071382 0.30601514 234 88 12
-0.36050966 0.48080609 0.30742995 234 88 12
-0.30567461 0.48027477 0.31035278 234 88 12
-0.28531561 0.47922745 0.31186146 234 88 12
-0.25981906 0.47785575 0.31379462 234 88 12
-0.25730696 0.47765186 0.31397413 234 88 12
-0.21142925 0.47465893 0.31723591 234 88 12
-0.16277462 0.47316094 0.32130421 234 88 12
-0.16025741 0.47304271 0.3215827 234 88 12
-0.14069602 0.47235508 0.32344106 234 88 12
-0.10468158 0.47018817 0.32710118 234 88 12
-0.013997166 0.46624399 0.33682978 234 88 12
-0.0021441352 0.46590901 0.33838867 234 88 12
0.035693083 0.46467023 0.34278217 234 88 12
0.056150302 0.4637449 0.34520324 234 88 12
0.14691589 0.46203145 0.35288786 234 88 12
0.15187154 0.46192898 0.3530501 234 88 12
0.1593232 0.46180022 0.35324476 234 88 12
0.16674956 0.46156598 0.35346399 234 88 12
0.2323667 0.45897144 0.3521317 234 88 12
0.29258788 0.45612995 0.35233583 234 88 12
0.33339239 0.45588741 0.34807242 234 88 12
0.34828914 0.4551863 0.34622815 234 88 12
-0.4442419 0.48015944 0.30294133 234 88 12
-0.40636994 0.47835309 0.3076268 234 88 12
-0.39081706 0.47787966 0.30656809 234 88 12
-0.36805132 0.47790435 0.30739303 234 88 12
-0.24507933 0.47403438 0.31496594 234 88 12
-0.24265924 0.47384144 0.3151035 234 88 12
-0.19383759 0.47154818 0.31889483 234 88 12
-0.15050177 0.47008401 0.32267063 234 88 12
-0.14561707 0.46991926 0.32313968 234 88 12
-0.10239183 0.4675008 0.327413 234 88 12
-0.053787238 0.46565954 0.33228067 234 88 12
-0.041142602 0.46511389 0.33364678 234 88 12
0.00017089629 0.46344449 0.33855697 234 88 12
0.19698122 0.45806926 0.35302522 234 88 12
0.26947816 0.45417228 0.35148809 234 88 12
0.2795261 0.45382176 0.35176903 234 88 12
0.29506793 0.45359841 0.35221105 234 88 12
0.33397957 0.45354986 0.34662261 234 88 12
-0.41162718 0.47522125 0.30945558 234 88 12
-0.34087663 0.47563295 0.30928798 234 88 12
-0.2114653 0.46950982 0.31776179 234 88 12
-0.20148573 0.46921281 0.31856636 234 88 12
-0.19135865 0.46886176 0.31939903 234 88 12
-0.13135015 0.46670142 0.32459795 234 88 12
0.032961102 0.45977762 0.34241177 234 88 12
0.063485598 0.45835908 0.34603395 234 88 12
0.083310212 0.45758517 0.34811822 234 88 12
0.1318635 0.45720585 0.35194461 234 88 12
0.19935478 0.455497 0.35263019 234 88 12
0.2095652 0.45514199 0.3523532 234 88 12
0.29223176 0.45102775 0.35220167 234 88 12
0.31501505 0.45147799 0.34988739 234 88 12
-0.44451511 0.47509633 0.30380806 234 88 12
-0.41676799 0.47197347 0.31139552 234 88 12
-0.34597021 0.47272889 0.3096538 234 88 12
-0.30600977 0.47199062 0.31126617 234 88 12
-0.28051383 0.47077864 0.31293744 234 88 12
-0.21875549 0.46715701 0.31762349 234 88 12
-0.16056938 0.46515317 0.32240173 234 88 12
-0.14343582 0.46458695 0.32376923 234 88 12
-0.068859708 0.46120085 0.33110865 234 88 12
-0.04886151 0.46052684 0.33291192 234 88 12
-0.021478462 0.45934317 0.335982 234 88 12
0.017416897 0.45787638 0.34067943 234 88 12
0.019957282 0.45777057 0.34087712 234 88 12
0.035435105 0.45716994 0.34280641 234 88 12
0.070842489 0.4555072 0.34688951 234 88 12
0.14895575 0.45456392 0.35265518 234 88 12
0.1787965 0.45371025 0.35304093 234 88 12
0.2616492 0.44943918 0.35115932 234 88 12
0.34434637 0.44838117 0.34167468 234 88 12
-0.44465642 0.47253094 0.30436707 234 88 12
-0.30612665 0.46919523 0.31164322 234 88 12
-0.25762729 0.46670682 0.3149093 234 88 12
-0.24764363 0.46617 0.31582636 234 88 12
-0.20653853 0.46414779 0.31888757 234 88 12
-0.15324479 0.46224183 0.32331209 234 88 12
-0.11956136 0.46073664 0.3261845 234 88 12
-0.095592795 0.45945966 0.32864499 234 88 12
-0.071410842 0.45872945 0.33113348 234 88 12
-0.063972143 0.4585386 0.33172825 234 88 12
-0.016788973 0.45665645 0.33674288 234 88 12
-0.002553184 0.45616405 0.33848075 234 88 12
0.055710382 0.45363081 0.34531692 234 88 12
0.12916861 0.45226395 0.35179135 234 88 12
0.22914669 0.44880486 0.35139062 234 88 12
0.24893265 0.44748012 0.35093292 234 88 12
0.25892313 0.44691789 0.35106965 234 88 12
0.26648061 0.44658919 0.3510439 234 88 12
-0.44833211 0.47079579 0.30266533 234 88 12
-0.44471044 0.46996926 0.30507239 234 88 12
-0.42180959 0.46617855 0.31370024 234 88 12
-0.28321046 0.46532896 0.3134113 234 88 12
-0.270417 0.46464329 0.31430838 234 88 12
-0.25268821 0.46369399 0.31572328 234 88 12
-0.2427807 0.46315943 0.3166945 234 88 12
-0.10533958 0.45733616 0.32797728 234 88 12
-0.093343898 0.45675736 0.32916742 234 88 12
0.012152798 0.45300378 0.34039172 234 88 12
0.017251204 0.45279408 0.3408951 234 88 12
0.02236081 0.45260163 0.34144299 234 88 12
0.055622251 0.45111506 0.34534902 234 88 12
0.12173008 0.44979916 0.35140311 234 88 12
0.1241739 0.44978761 0.35155789 234 88 12
0.20901527 0.44738384 0.35186419 234 88 12
0.23638425 0.44560696 0.3512007 234 88 12
0.26880746 0.44388662 0.35090356 234 88 12
0.29681129 0.44327105 0.35245333 234 88 12
-0.41713395 0.46341699 0.31389841 234 88 12
-0.26281139 0.46142001 0.31521403 234 88 12
-0.24526111 0.46062529 0.31680337 234 88 12
-0.1914585 0.45846541 0.32071913 234 88 12
-0.059132491 0.45327352 0.33262131 234 88 12
-0.031489194 0.45226492 0.3354549 234 88 12
-0.02177307 0.45185917 0.33653167 234 88 12
-0.0075008678 0.45134474 0.33814824 234 88 12
0.065533994 0.44815762 0.3464893 234 88 12
0.075424893 0.44773784 0.34758392 234 88 12
0.10220611 0.44723322 0.35008925 234 88 12
0.12894511 0.44726069 0.35179069 234 88 12
0.13624228 0.44721164 0.35218215 234 88 12
0.14853749 0.44703107 0.35266735 234 88 12
0.23372525 0.44314776 0.3511891 234 88 12
-0.43135747 0.46141196 0.31485598 234 88 12
-0.40681229 0.46075226 0.31271933 234 88 12
-0.38347663 0.46096463 0.30955031 234 88 12
-0.34866705 0.46162464 0.31096225 234 88 12
-0.27819836 0.45954571 0.31432884 234 88 12
-0.20899846 0.45637586 0.31983096 234 88 12
-0.19404288 0.45592071 0.32089277 234 88 12
-0.18638905 0.4557287 0.32137062 234 88 12
-0.1319756 0.45359802 0.32590883 234 88 12
-0.026682926 0.44952134 0.33618196 234 88 12
0.029912374 0.44722771 0.34256495 234 88 12
0.035091392 0.44702126 0.34312524 234 88 12
0.045377154 0.44655182 0.34429236 234 88 12
0.060468062 0.44584354 0.34601836 234 88 12
0.085106552 0.44487563 0.34857005 234 88 12
0.10207568 0.44470262 0.35007002 234 88 12
0.17318574 0.44373575 0.35267 234 88 12
0.20101603 0.44256458 0.35195381 234 88 12
0.25329074 0.43916616 0.35077952 234 88 12
0.3071098 0.4383523 0.35217034 234 88 12
0.33440966 0.44032599 0.33925266 234 88 12
-0.40952868 0.4579878 0.31361287 234 88 12
-0.28078305 0.45687021 0.3145569 234 88 12
-0.24540647 0.45524922 0.31744128 234 88 12
-0.16359453 0.45230049 0.32338145 234 88 12
-0.00053594519 0.44610364 0.33923013 234 88 12
0.024673492 0.44492126 0.34202933 234 88 12
0.037589991 0.44437707 0.34346091 234 88 12
0.070276266 0.44286581 0.34715188 234 88 12
0.092256126 0.4422232 0.34926891 234 88 12
0.11899871 0.4422442 0.35126146 234 88 12
0.16064685 0.44161249 0.35271976 234 88 12
0.20082677 0.43998583 0.35183037 234 88 12
0.2309164 0.43811054 0.35096595 234 88 12
0.24565512 0.43695377 0.35067818 234 88 12
-0.42701162 0.45568755 0.31566707 234 88 12
-0.3635074 0.45578566 0.31079098 234 88 12
-0.28084545 0.45412741 0.31485769 234 88 12
-0.24050869 0.45241803 0.31807968 234 88 12
-0.21146936 0.45131028 0.32019325 234 88 12
-0.20403991 0.45105474 0.32084375 234 88 12
-0.16622379 0.4498063 0.32346885 234 88 12
-0.061858117 0.44570854 0.33297247 234 88 12
0.0042789774 0.44337616 0.33992716 234 88 12
0.022008554 0.44253459 0.3418711 234 88 12
0.055276585 0.44104888 0.34548409 234 88 12
0.07507561 0.44016302 0.34766805 234 88 12
0.087254695 0.4397817 0.34886568 234 88 12
0.094512149 0.43969176 0.34947444 234 88 12
0.16794238 0.43882531 0.35256469 234 88 12
0.26294204 0.43342705 0.35040228 234 88 12
0.26547207 0.4333329 0.35045657 234 88 12
-0.41489404 0.45272734 0.31485908 234 88 12
-0.41229051 0.45269273 0.31442577 234 88 12
-0.3684891 0.45292666 0.31081099 234 88 12
-0.35374386 0.45339075 0.3116099 234 88 12
-0.29120556 0.45188451 0.31437787 234 88 12
-0.20901415 0.4486752 0.32070767 234 88 12
-0.12767349 0.44558835 0.3269212 234 88 12
-0.12530526 0.44546773 0.32721449 234 88 12
-0.11089889 0.44466322 0.32864577 234 88 12
-0.10608789 0.44441994 0.32912571 234 88 12
-0.05692127 0.44302569 0.33362699 234 88 12
-0.051898402 0.4428582 0.33416199 234 88 12
0.034804528 0.43946484 0.3432935 234 88 12
0.10654331 0.43712832 0.35051497 234 88 12
0.21813375 0.4337229 0.35105449 234 88 12
0.27790281 0.43032442 0.35097328 234 88 12
0.28297335 0.43014307 0.35165646 234 88 12
0.28551435 0.43007041 0.35202825 234 88 12
0.30622539 0.4299914 0.35253743 234 88 12
-0.3612265 0.4504676 0.31152211 234 88 12
-0.35875637 0.45057581 0.31159903 234 88 12
-0.2809668 0.44872778 0.31544 234 88 12
-0.24317379 0.44718664 0.31837489 234 88 12
-0.21154303 0.44623574 0.32075859 234 88 12
-0.1325791 0.44330141 0.32669174 234 88 12
-0.012815112 0.43897414 0.33814663 234 88 12
-0.0032570272 0.43862286 0.33925244 234 88 12
0.0065585062 0.4382658 0.34037289 234 88 12
0.019226835 0.43767099 0.34172422 234 88 12
0.089376056 0.43475901 0.34903573 234 88 12
0.096652858 0.43466573 0.34966691 234 88 12
0.24023391 0.42947738 0.3503401 234 88 12
0.28281494 0.4275445 0.35158259 234 88 12
-0.42763412 0.44797142 0.3167198 234 88 12
-0.31187343 0.44740591 0.31423206 234 88 12
-0.30934666 0.44730675 0.31433768 234 88 12
-0.28620436 0.44633048 0.31534963 234 88 12
-0.24576352 0.44464728 0.3184065 234 88 12
-0.19930124 0.44333613 0.32192357 234 88 12
-0.19679246 0.44327928 0.32202575 234 88 12
-0.094333816 0.43881352 0.33064392 234 88 12
0.024232638 0.43490954 0.34227226 234 88 12
0.050020212 0.43372801 0.34488319 234 88 12
0.086825948 0.43232774 0.34872842 234 88 12
0.10137145 0.4321174 0.35011397 234 88 12
0.12105708 0.43217277 0.35127156 234 88 12
0.20526621 0.42933186 0.35120109 234 88 12
0.2327566 0.42751456 0.35036899 234 88 12
0.2499246 0.42620952 0.3501309 234 88 12
-0.278571 0.44333188 0.31621268 234 88 12
-0.27346845 0.44313056 0.3165022 234 88 12
-0.24832662 0.44216658 0.31847878 234 88 12
-0.17435277 0.44004544 0.32373292 234 88 12
-0.11611984 0.43736046 0.32870962 234 88 12
-0.064900096 0.43547608 0.33342329 234 88 12
-0.062415029 0.43542315 0.33361943 234 88 12
-0.022614719 0.43421479 0.3372924 234 88 12
-0.020207335 0.43415031 0.33749506 234 88 12
-0.0059575266 0.43367374 0.33914047 234 88 12
0.011267089 0.43301504 0.34100233 234 88 12
0.12092135 0.42962966 0.35120428 234 88 12
0.13068864 0.42958844 0.35159301 234 88 12
0.13803211 0.4294711 0.35185085 234 88 12
0.17497552 0.42826786 0.35192587 234 88 12
0.21019046 0.42646523 0.3509296 234 88 12
0.21519695 0.42614685 0.35078353 234 88 12
0.2902589 0.42210545 0.35237393 234 88 12
-0.29156257 0.44135269 0.31562774 234 88 12
-0.28124978 0.44085324 0.31623546 234 88 12
-0.26848682 0.44032024 0.31717531 234 88 12
-0.14756542 0.43640898 0.32592124 234 88 12
-0.09707207 0.4338911 0.33068814 234 88 12
0.036963204 0.42926989 0.34359744 234 88 12
0.057308308 0.42831904 0.34575674 234 88 12
0.059786576 0.42822103 0.34598369 234 88 12
0.074377446 0.42763433 0.3475268 234 88 12
0.11828836 0.42707767 0.35107822 234 88 12
0.30863037 0.41941794 0.35202685 234 88 12
0.31483717 0.41941942 0.35136657 234 88 12
0.31774565 0.41944821 0.35102051 234 88 12
-0.42061123 0.43988862 0.31682366 234 88 12
-0.40212735 0.43939409 0.31389706 234 88 12
-0.35672921 0.44005019 0.31289338 234 88 12
-0.32224497 0.43992863 0.31453644 234 88 12
-0.30962794 0.43949815 0.31499781 234 88 12
-0.28394047 0.43841195 0.31626254 234 88 12
-0.25103647 0.43715095 0.31868698 234 88 12
-0.16728101 0.43476233 0.32463678 234 88 12
-0.12853096 0.43303334 0.32784816 234 88 12
-0.12369442 0.43275294 0.32830639 234 88 12
-0.032702273 0.42945024 0.33667091 234 88 12
0.00841382 0.42809053 0.34085135 234 88 12
0.083870636 0.42485316 0.34840061 234 88 12
0.093537065 0.42471515 0.34917397 234 88 12
0.16977596 0.42338045 0.35180861 234 88 12
0.21989285 0.42066052 0.35046916 234 88 12
-0.3371547 0.43763173 0.3139043 234 88 12
-0.29947936 0.43652562 0.31561481 234 88 12
-0.28407143 0.4358457 0.31657207 234 88 12
-0.20228598 0.43353853 0.32236605 234 88 12
-0.12872196 0.43055292 0.32794992 234 88 12
-0.085219193 0.42833733 0.33208696 234 88 12
-0.067941841 0.42785918 0.3335748 234 88 12
-0.020768003 0.42652658 0.33781181 234 88 12
-0.0064230179 0.42609318 0.33931314 234 88 12
0.0032821877 0.42575756 0.34033701 234 88 12
0.06676964 0.4229094 0.34667467 234 88 12
0.11301653 0.42207099 0.3505687 234 88 12
0.13275151 0.42196321 0.35149509 234 88 12
0.24676376 0.41613884 0.34999167 234 88 12
0.30321353 0.41415935 0.35221775 234 88 12
-0.42075033 0.43471955 0.31723206 234 88 12
-0.32491271 0.43486537 0.31473969 234 88 12
-0.31235372 0.43445092 0.31526719 234 88 12
-0.24156771 0.43187053 0.31987611 234 88 12
-0.21949351 0.43148253 0.32139486 234 88 12
-0.21464036 0.4314339 0.32175835 234 88 12
-0.0878287 0.42589161 0.33201994 234 88 12
-0.085387891 0.42581803 0.33221164 234 88 12
-0.060672655 0.42509921 0.33440054 234 88 12
0.044220317 0.42135252 0.34429127 234 88 12
0.10050005 0.41966157 0.34959123 234 88 12
0.23437801 0.41448066 0.34999436 234 88 12
-0.35960703 0.43221885 0.31337888 234 88 12
-0.3398039 0.43248569 0.31426549 234 88 12
-0.30478389 0.43159561 0.31582146 234 88 12
-0.29451971 0.43119341 0.31623393 234 88 12
-0.28427515 0.43079984 0.31695926 234 88 12
-0.2025855 0.42857998 0.3227269 234 88 12
-0.18779622 0.42806352 0.32368123 234 88 12
-0.15579231 0.42677347 0.32591913 234 88 12
-0.11699979 0.4249361 0.32948097 234 88 12
-0.085557491 0.42330444 0.33227477 234 88 12
-0.08066211 0.42314746 0.332659 234 88 12
-0.048305025 0.42222456 0.33544513 234 88 12
-0.0067696633 0.42102153 0.33934117 234 88 12
0.005472813 0.42060391 0.34060584 234 88 12
0.025944481 0.41973008 0.3425179 234 88 12
0.033767002 0.41935454 0.34327348 234 88 12
0.066407862 0.41793531 0.34658986 234 88 12
0.15962713 0.41612338 0.35175249 234 88 12
0.17443608 0.4154441 0.35146842 234 88 12
0.30878455 0.40903152 0.35167854 234 88 12
-0.39223499 0.42896766 0.31284507 234 88 12
-0.30487918 0.4290664 0.31592738 234 88 12
-0.23454062 0.42672808 0.32064958 234 88 12
-0.16332438 0.42460533 0.3255114 234 88 12
-0.051039566 0.4197664 0.33525901 234 88 12
-0.018939158 0.41887131 0.33812034 234 88 12
0.097629925 0.41469964 0.34923802 234 88 12
0.21939304 0.41042771 0.35010893 234 88 12
0.23653887 0.40921354 0.34988622 234 88 12
0.23895967 0.40904234 0.34986537 234 88 12
0.2438204 0.4086987 0.34985915 234 88 12
0.26644174 0.40735597 0.3496399 234 88 12
0.31771817 0.4064965 0.35075518 234 88 12
0.32071927 0.40648626 0.35030245 234 88 12
-0.43334705 0.42835122 0.3176411 234 88 12
-0.42831816 0.4276815 0.31780475 234 88 12
-0.40258296 0.42624088 0.31472038 234 88 12
-0.38736425 0.42640177 0.31271997 234 88 12
-0.33504525 0.4273313 0.31463884 234 88 12
-0.29726705 0.4262106 0.31645634 234 88 12
-0.28703756 0.4258674 0.31709849 234 88 12
-0.19801095 0.42346355 0.32327966 234 88 12
-0.1610856 0.42203767 0.32582816 234 88 12
-0.095559895 0.41881727 0.33159512 234 88 12
-0.053734793 0.41728819 0.33511672 234 88 12
0.012727244 0.41531922 0.34119592 234 88 12
0.015276074 0.41521581 0.34142387 234 88 12
0.043862458 0.41387234 0.34418055 234 88 12
0.053884642 0.41340438 0.34520471 234 88 12
0.070858755 0.41275938 0.34694386 234 88 12
0.099862904 0.41218333 0.34937845 234 88 12
0.1643799 0.41081772 0.35144044 234 88 12
0.17926326 0.41002023 0.35114711 234 88 12
0.21173953 0.40837608 0.35020918 234 88 12
0.23641426 0.4066833 0.3498564 234 88 12
0.28938813 0.40396227 0.35212072 234 88 12
0.32372138 0.40389915 0.34979881 234 88 12
-0.44100477 0.42701509 0.3169598 234 88 12
-0.36500328 0.42428952 0.31363793 234 88 12
-0.36250978 0.42437907 0.31374597 234 88 12
-0.32772932 0.42467065 0.31519905 234 88 12
-0.18093638 0.42041097 0.32435187 234 88 12
-0.095701479 0.41635543 0.33169282 234 88 12
-0.031428624 0.41418677 0.33715975 234 88 12
0.23380992 0.40432198 0.34988316 234 88 12
0.23869737 0.40394325 0.34990116 234 88 12
0.24358872 0.40359417 0.34978374 234 88 12
0.26869415 0.40216887 0.34954798 234 88 12
0.27892788 0.40175787 0.35055358 234 88 12
0.28662114 0.40144092 0.35184801 234 88 12
0.29198068 0.40136001 0.35206145 234 88 12
0.32367359 0.40132908 0.3497723 234 88 12
-0.4308635 0.42284704 0.31801877 234 88 12
-0.39264143 0.4210823 0.31336835 234 88 12
-0.37261129 0.42142468 0.31339409 234 88 12
-0.34270981 0.42221962 0.31486122 234 88 12
-0.32280802 0.42200119 0.3156388 234 88 12
-0.22533569 0.41915849 0.32158443 234 88 12
-0.19342793 0.41838846 0.32372544 234 88 12
-0.07886075 0.41303054 0.33309102 234 88 12
0.0023249352 0.41064774 0.34027872 234 88 12
0.043550343 0.40894254 0.3441014 234 88 12
0.082513478 0.40748372 0.34789845 234 88 12
0.11434322 0.4070277 0.35023479 234 88 12
0.13438624 0.40669217 0.35084338 234 88 12
0.14184382 0.40650706 0.35113911 234 88 12
-0.41571978 0.41872987 0.31742371 234 88 12
-0.39273853 0.41846672 0.31344598 234 88 12
-0.38525146 0.41859842 0.31308087 234 88 12
-0.33535352 0.41957169 0.31529681 234 88 12
-0.31788601 0.41930299 0.31609927 234 88 12
-0.31281486 0.41914197 0.31625429 234 88 12
-0.22067095 0.41661709 0.32198136 234 88 12
-0.19361935 0.41593104 0.32377033 234 88 12
-0.11781844 0.41263432 0.329866 234 88 12
-0.11539048 0.41248476 0.33009364 234 88 12
-0.086278833 0.41091362 0.33265831 234 88 12
-0.039265294 0.40936404 0.33647983 234 88 12
0.075096738 0.40521628 0.34722701 234 88 12
0.077500316 0.40514931 0.34742454 234 88 12
0.1141498 0.40454525 0.35013558 234 88 12
0.15426305 0.40348756 0.35122407 234 88 12
0.29999695 0.39618096 0.35172778 234 88 12
-0.4207492 0.4165075 0.31793388 234 88 12
-0.32297228 0.41685294 0.31600148 234 88 12
-0.13513917 0.41102123 0.32841407 234 88 12
0.040694884 0.40409818 0.34378956 234 88 12
0.058161317 0.40333791 0.34560157 234 88 12
0.077297422 0.40269909 0.34735955 234 88 12
0.096602578 0.40229144 0.34893911 234 88 12
0.12152569 0.40190028 0.35036462 234 88 12
0.14415727 0.40135021 0.35091022 234 88 12
0.14665938 0.40126216 0.35098351 234 88 12
0.16402478 0.40047438 0.35110887 234 88 12
0.1664591 0.40035927 0.35105441 234 88 12
0.21861687 0.39777398 0.34995671 234 88 12
0.24810033 0.39568479 0.34967151 234 88 12
-0.31307264 0.41402118 0.31659122 234 88 12
-0.28497168 0.41322138 0.31786555 234 88 12
-0.23801049 0.41212091 0.32098954 234 88 12
-0.21618093 0.41159327 0.32238269 234 88 12
-0.12552083 0.40808976 0.32942089 234 88 12
-0.076856723 0.40554141 0.3334164 234 88 12
-0.024841303 0.40402669 0.33779835 234 88 12
-0.0079632933 0.40351104 0.33932067 234 88 12
0.027591656 0.40219156 0.34256448 234 88 12
0.067564816 0.40053112 0.34637185 234 88 12
0.13143512 0.39917545 0.35051387 234 88 12
0.16146152 0.39802422 0.35106334 234 88 12
0.16635569 0.39781645 0.35095175 234 88 12
0.19365807 0.39662291 0.35026363 234 88 12
0.21105518 0.39574738 0.34987851 234 88 12
0.22591792 0.39479127 0.34996342 234 88 12
0.2308564 0.39442791 0.3499582 234 88 12
0.28620749 0.39134599 0.35151931 234 88 12
-0.37075483 0.41104249 0.31424726 234 88 12
-0.35823543 0.41149956 0.31494325 234 88 12
-0.34323587 0.41182641 0.31561619 234 88 12
-0.20407868 0.40875038 0.32324482 234 88 12
-0.16481935 0.40724274 0.32607981 234 88 12
-0.13799028 0.40615996 0.32839323 234 88 12
-0.11346289 0.40495929 0.33057561 234 88 12
-0.012964988 0.40121836 0.33881056 234 88 12
0.0068009702 0.40053742 0.34064652 234 88 12
0.014516425 0.40026117 0.3413093 234 88 12
0.019694176 0.40004872 0.34179588 234 88 12
0.076942715 0.3977782 0.34725274 234 88 12
0.086542354 0.39754333 0.34807646 234 88 12
0.093810687 0.39739337 0.34859712 234 88 12
0.11108463 0.39711611 0.34965662 234 88 12
-0.43094721 0.4099012 0.31832273 234 88 12
-0.32082336 0.40907485 0.316574 234 88 12
-0.27762279 0.40799069 0.31857291 234 88 12
-0.22630481 0.40686442 0.32183398 234 88 12
-0.13574089 0.40358572 0.32865373 234 88 12
-0.077213442 0.40068326 0.33341966 234 88 12
-0.037543594 0.39946614 0.33685523 234 88 12
0.19835977 0.39136843 0.34997437 234 88 12
0.20828262 0.3909232 0.34979842 234 88 12
0.26029414 0.3875486 0.34935195 234 88 12
-0.39375099 0.40551549 0.31427567 234 88 12
-0.35357666 0.40644054 0.31555368 234 88 12
-0.33099983 0.40664656 0.31625484 234 88 12
-0.26775518 0.40522607 0.31913059 234 88 12
-0.23858855 0.40466949 0.32119321 234 88 12
-0.22891458 0.40444003 0.32167795 234 88 12
-0.21190737 0.40396801 0.3227429 234 88 12
-0.17994863 0.40282457 0.32501247 234 88 12
-0.14326071 0.40135665 0.3281448 234 88 12
-0.077425173 0.39826722 0.33338677 234 88 12
0.09839848 0.39238653 0.34875802 234 88 12
0.1057974 0.39224369 0.34915108 234 88 12
0.21563231 0.38805726 0.3496337 234 88 12
0.25253222 0.38550782 0.34953534 234 88 12
0.2779477 0.384314 0.35019158 234 88 12
-0.41877991 0.40342592 0.31825166 234 88 12
-0.31606339 0.40385051 0.31687968 234 88 12
-0.30842653 0.40370157 0.31709037 234 88 12
-0.25323702 0.40243052 0.32025138 234 88 12
-0.24841211 0.40237403 0.32051321 234 88 12
-0.21942524 0.40171333 0.3222638 234 88 12
-0.12877279 0.3982216 0.32928898 234 88 12
-0.096916589 0.39667159 0.33190591 234 88 12
-0.040438802 0.39470909 0.3365391 234 88 12
0.086043057 0.39021784 0.34764102 234 88 12
0.20305522 0.38623778 0.34971961 234 88 12
0.20802752 0.38602926 0.34967682 234 88 12
0.28294779 0.38168136 0.35102527 234 88 12
-0.32880785 0.40149967 0.3164662 234 88 12
-0.31364664 0.40126533 0.31694213 234 88 12
-0.26559425 0.40017042 0.3193122 234 88 12
-0.21474047 0.39904999 0.32254189 234 88 12
-0.20494615 0.39867747 0.3231004 234 88 12
-0.18035531 0.397742 0.32498923 234 88 12
-0.15594887 0.39673068 0.32708779 234 88 12
-0.13389716 0.39593558 0.32893546 234 88 12
-0.10920564 0.3948083 0.33097576 234 88 12
-0.068052029 0.39307756 0.33419093 234 88 12
-0.060641443 0.39279243 0.33477527 234 88 12
-0.0038373512 0.39114457 0.33951756 234 88 12
0.05470736 0.38876686 0.34483375 234 88 12
0.12572302 0.38681285 0.34955731 234 88 12
0.14847576 0.38597263 0.35030458 234 88 12
0.16092607 0.385478 0.35036374 234 88 12
0.17812038 0.38475062 0.35024125 234 88 12
0.21535386 0.38315416 0.34950502 234 88 12
0.23259694 0.38189542 0.3496676 234 88 12
0.28282894 0.37929746 0.35078741 234 88 12
-0.41417127 0.39803531 0.31789326 234 88 12
-0.39924053 0.39780631 0.31512453 234 88 12
-0.37935807 0.39806607 0.31469082 234 88 12
-0.33142418 0.39893003 0.31638068 234 88 12
-0.32640627 0.39889859 0.31655445 234 88 12
-0.3238862 0.39887432 0.31662125 234 88 12
-0.25842168 0.3975838 0.31977535 234 88 12
-0.20021068 0.39594085 0.32348374 234 88 12
-0.13899001 0.39364113 0.32863873 234 88 12
-0.10207149 0.39198568 0.33159437 234 88 12
-0.097208656 0.39173093 0.33185641 234 88 12
0.01385956 0.38789788 0.34110649 234 88 12
0.052107032 0.38640787 0.34453237 234 88 12
0.073761898 0.38574723 0.34648915 234 88 12
0.083324948 0.38542421 0.347227 234 88 12
0.15334831 0.38328874 0.35019089 234 88 12
0.15585215 0.38318576 0.35021466 234 88 12
0.20032492 0.38145665 0.34960975 234 88 12
0.21026715 0.38105835 0.34946264 234 88 12
0.21524524 0.38073139 0.34938663 234 88 12
0.2447111 0.37868352 0.34942015 234 88 12
0.26985961 0.37742557 0.34922174 234 88 12
0.28532474 0.37680569 0.35092839 234 88 12
0.30179205 0.37660609 0.35075266 234 88 12
-0.42653973 0.39645214 0.31855293 234 88 12
-0.38204764 0.39551062 0.31465114 234 88 12
-0.30880421 0.39605683 0.31723265 234 88 12
-0.28587801 0.39562848 0.31834433 234 88 12
-0.21511403 0.39402327 0.32246581 234 88 12
-0.17583041 0.39245462 0.32540671 234 88 12
-0.15391062 0.39156967 0.32736338 234 88 12
-0.1144466 0.39000976 0.33071306 234 88 12
-0.023663045 0.38695432 0.33774915 234 88 12
0.12042268 0.38195437 0.34903483 234 88 12
0.14080359 0.38125966 0.34978738 234 88 12
0.14580522 0.38108483 0.34995864 234 88 12
0.15823356 0.38058784 0.35014687 234 88 12
0.16316158 0.38036855 0.35014581 234 88 12
0.20763607 0.37871271 0.34941502 234 88 12
-0.37969849 0.39303073 0.31488758 234 88 12
-0.36950175 0.39313374 0.31521639 234 88 12
-0.3442173 0.39372995 0.3161836 234 88 12
-0.30377075 0.39346562 0.31731437 234 88 12
-0.24422044 0.39230534 0.3207824 234 88 12
-0.14424213 0.38870862 0.32824555 234 88 12
-0.13935812 0.38854473 0.32863478 234 88 12
-0.063658449 0.38568184 0.33437753 234 88 12
-0.036132472 0.38496444 0.33660267 234 88 12
0.013644445 0.38305878 0.34081542 234 88 12
0.018840164 0.3828158 0.34138935 234 88 12
0.080710116 0.38065279 0.34676758 234 88 12
0.12799214 0.37919695 0.34911897 234 88 12
0.22482383 0.37514854 0.34919218 234 88 12
0.23953339 0.37409758 0.34931042 234 88 12
0.25935214 0.37296576 0.34893458 234 88 12
0.29311506 0.3718877 0.3508175 234 88 12
0.31615233 0.37209949 0.34936728 234 88 12
-0.39739173 0.39039466 0.31509797 234 88 12
-0.28863942 0.39075246 0.3181199 234 88 12
-0.20316864 0.3884971 0.32301936 234 88 12
-0.10983072 0.3848115 0.33088807 234 88 12
-0.083216122 0.38383001 0.33265858 234 88 12
0.010964891 0.38073107 0.34046923 234 88 12
0.029070454 0.37995113 0.34226891 234 88 12
0.14563364 0.37611948 0.34957132 234 88 12
0.21729176 0.37323286 0.34910043 234 88 12
0.24673905 0.37121529 0.3491162 234 88 12
0.25667133 0.37067161 0.34891694 234 88 12
-0.36211063 0.38828611 0.31560871 234 88 12
-0.34447466 0.38864325 0.31616317 234 88 12
-0.32933247 0.38872843 0.31641778 234 88 12
-0.31416956 0.38863358 0.31692123 234 88 12
-0.17622944 0.38475146 0.32523391 234 88 12
-0.16891993 0.38445623 0.32577004 234 88 12
-0.11982203 0.38266613 0.33007439 234 88 12
-0.085743873 0.38144382 0.33244586 234 88 12
0.028940179 0.37749214 0.34210924 234 88 12
0.11512149 0.37467883 0.34830904 234 88 12
0.12276625 0.37439881 0.34862311 234 88 12
0.14051309 0.37385239 0.34919474 234 88 12
0.21218006 0.37110444 0.34901263 234 88 12
0.23191015 0.36974823 0.34909181 234 88 12
0.23435537 0.36958087 0.34905578 234 88 12
0.27689683 0.36749505 0.34951533 234 88 12
-0.32688987 0.38620922 0.31640003 234 88 12
-0.28130864 0.38574491 0.31821775 234 88 12
-0.18127569 0.38239377 0.32479307 234 88 12
-0.083501256 0.37889146 0.33256456 234 88 12
-0.049050066 0.37801211 0.3352281 234 88 12
-0.014425798 0.37700559 0.33792344 234 88 12
-0.0045271723 0.37660507 0.338787 234 88 12
0.07074363 0.37370382 0.34556363 234 88 12
0.14039103 0.37141167 0.34897771 234 88 12
0.18977382 0.36943633 0.34919858 234 88 12
0.22936803 0.36750393 0.34889848 234 88 12
0.23180911 0.36732633 0.34891164 234 88 12
-0.38283966 0.38320726 0.31472191 234 88 12
-0.37517749 0.38323352 0.31499691 234 88 12
-0.35473604 0.3834362 0.31583986 234 88 12
-0.34967186 0.38350177 0.3159806 234 88 12
-0.32697094 0.38367943 0.31637518 234 88 12
-0.32446815 0.38368629 0.3164237 234 88 12
-0.2889788 0.38341274 0.31775563 234 88 12
-0.27646654 0.38323818 0.31838666 234 88 12
-0.2495677 0.38261613 0.31986514 234 88 12
-0.14479586 0.37851666 0.32784066 234 88 12
-0.13990894 0.37837395 0.32826064 234 88 12
-0.1275482 0.37786793 0.32928158 234 88 12
-0.12257488 0.37769235 0.32960147 234 88 12
-0.039166263 0.37535463 0.33579887 234 88 12
0.013270303 0.37334637 0.340391 234 88 12
0.036303682 0.37231201 0.34256992 234 88 12
0.038828187 0.37221489 0.34280695 234 88 12
0.085170614 0.37078493 0.34636456 234 88 12
0.099832013 0.37026505 0.34737776 234 88 12
0.13274525 0.36918607 0.34852153 234 88 12
0.13526696 0.36910239 0.34862166 234 88 12
0.15533014 0.36833688 0.34920293 234 88 12
-0.39303021 0.38077303 0.31467535 234 88 12
-0.18152881 0.37728935 0.32460258 234 88 12
-0.17661818 0.37707772 0.3249664 234 88 12
-0.090951093 0.37409282 0.33171038 234 88 12
-0.01955292 0.37234084 0.33718678 234 88 12
0.01058149 0.37104863 0.33995022 234 88 12
0.013166164 0.37092493 0.34022297 234 88 12
0.060823872 0.36912328 0.34452289 234 88 12
0.092371011 0.36805701 0.34673261 234 88 12
0.10722264 0.36755909 0.34741821 234 88 12
0.1993909 0.36426223 0.34863336 234 88 12
0.22422026 0.36297822 0.34872541 234 88 12
0.23647662 0.36208151 0.34873217 234 88 12
0.27148033 0.36050374 0.34853717 234 88 12
-0.35749679 0.378474 0.31574097 234 88 12
-0.22810602 0.37705686 0.3209598 234 88 12
-0.21846708 0.37673367 0.32142314 234 88 12
-0.16201661 0.37402342 0.32605125 234 88 12
-0.14257198 0.37340138 0.32776253 234 88 12
-0.1401005 0.37331922 0.32797607 234 88 12
0.00018266426 0.36905389 0.3389125 234 88 12
0.06796018 0.36650242 0.3448726 234 88 12
0.080099796 0.36608074 0.34569119 234 88 12
0.084999916 0.36590445 0.34598703 234 88 12
0.16490689 0.3629682 0.3490099 234 88 12
0.27139053 0.35809856 0.34842956 234 88 12
0.30630435 0.35780388 0.34924309 234 88 12
-0.38826297 0.37605584 0.31449495 234 88 12
-0.37039778 0.37605587 0.3151564 234 88 12
-0.30955167 0.37623238 0.3167162 234 88 12
-0.24995331 0.37534831 0.31950837 234 88 12
-0.2282192 0.37465653 0.32074758 234 88 12
-0.22581555 0.37456705 0.32086682 234 88 12
-0.19903456 0.37329942 0.32271533 234 88 12
-0.034584323 0.36796418 0.33560675 234 88 12
-0.017338561 0.36738338 0.33705438 234 88 12
0.11985248 0.36220612 0.34740188 234 88 12
0.18676741 0.35966869 0.34864152 234 88 12
0.20902079 0.35899253 0.34820681 234 88 12
0.27388344 0.35562342 0.34854969 234 88 12
0.28426417 0.35539924 0.34961417 234 88 12
-0.41313653 0.37357511 0.31726286 234 88 12
-0.4106721 0.37359238 0.3167855 234 88 12
-0.3551817 0.37364748 0.31573075 234 88 12
-0.24044414 0.37264975 0.31994009 234 88 12
-0.11321262 0.36740125 0.3298009 234 88 12
-0.034708822 0.3655319 0.33542803 234 88 12
-0.012531353 0.36471528 0.33734171 234 88 12
0.012857196 0.3635286 0.33979299 234 88 12
0.023082922 0.36306851 0.34072465 234 88 12
0.038243377 0.36242705 0.34223089 234 88 12
0.082330992 0.36108329 0.3455139 234 88 12
0.15738255 0.35841015 0.34828578 234 88 12
0.21639013 0.35614421 0.34812175 234 88 12
0.31468605 0.35333776 0.34830597 234 88 12
-0.44412838 0.37146741 0.31792148 234 88 12
-0.42300387 0.37116773 0.31825571 234 88 12
-0.37064294 0.37133469 0.31503089 234 88 12
-0.26234141 0.3708202 0.31856935 234 88 12
-0.2429903 0.37029966 0.31968677 234 88 12
-0.20665296 0.3689062 0.32173625 234 88 12
-0.14532364 0.36603362 0.32717801 234 88 12
-0.11085046 0.36485763 0.32982244 234 88 12
0.072459558 0.35904837 0.34462428 234 88 12
0.099417824 0.35800091 0.34621258 234 88 12
0.16209989 0.35573802 0.34814376 234 88 12
0.16694368 0.35554198 0.34819583 234 88 12
0.19883269 0.3544153 0.34798393 234 88 12
0.2113022 0.35396176 0.34785704 234 88 12
0.25350316 0.35145415 0.34779958 234 88 12
-0.41342119 0.36890148 0.31708365 234 88 12
-0.30485929 0.36902606 0.31653286 234 88 12
-0.27729105 0.36879971 0.31782186 234 88 12
-0.26738447 0.36855828 0.31816329 234 88 12
-0.23830323 0.36775346 0.31973712 234 88 12
-0.18459079 0.36512022 0.3234342 234 88 12
-0.16239867 0.3639919 0.32552964 234 88 12
-0.14298 0.36346512 0.32716292 234 88 12
-0.1356294 0.36319097 0.32785392 234 88 12
-0.032521497 0.36056553 0.33516439 234 88 12
0.0074519785 0.35874564 0.33895538 234 88 12
0.015169417 0.35841519 0.33967868 234 88 12
0.030378925 0.35781487 0.34112052 234 88 12
0.086970581 0.35599619 0.34530951 234 88 12
0.22866478 0.35043021 0.34785875 234 88 12
0.24105034 0.34964575 0.34786068 234 88 12
0.29203748 0.34830583 0.34933819 234 88 12
-0.38870062 0.36673684 0.31428232 234 88 12
-0.37342771 0.36664012 0.31476264 234 88 12
-0.33768246 0.36649111 0.31563694 234 88 12
-0.22393062 0.3649231 0.32025577 234 88 12
-0.19215626 0.36315375 0.32253082 234 88 12
-0.18968932 0.36299376 0.32278845 234 88 12
-0.17732073 0.3622527 0.32391274 234 88 12
-0.072189948 0.35919038 0.33182736 234 88 12
-0.047494748 0.35863504 0.33369476 234 88 12
0.0047710562 0.35638888 0.33849913 234 88 12
0.12445304 0.35222821 0.3466023 234 88 12
0.24097948 0.3471987 0.34771972 234 88 12
0.28930699 0.34593005 0.34911484 234 88 12
-0.45370829 0.3645621 0.31745226 234 88 12
-0.44200234 0.3639103 0.3180339 234 88 12
-0.39374487 0.36439834 0.31435727 234 88 12
-0.3887842 0.36438701 0.31422716 234 88 12
-0.35307208 0.36408594 0.31544649 234 88 12
-0.31266189 0.36422233 0.31617031 234 88 12
-0.30508533 0.36422543 0.31646924 234 88 12
-0.23856423 0.3629596 0.31939774 234 88 12
-0.06737718 0.35668534 0.33180594 234 88 12
0.030076118 0.35285341 0.34072715 234 88 12
0.076972186 0.35139693 0.34422301 234 88 12
0.15927202 0.34851314 0.34724792 234 88 12
0.22849786 0.34556942 0.34735642 234 88 12
0.23594197 0.34508021 0.34746608 234 88 12
0.28924293 0.34356863 0.34886371 234 88 12
-0.46085284 0.36293467 0.31709607 234 88 12
-0.40869655 0.36198536 0.31588084 234 88 12
-0.3987012 0.36207635 0.31449036 234 88 12
-0.38371464 0.36205325 0.31424272 234 88 12
-0.35312721 0.36173543 0.31536083 234 88 12
-0.29014565 0.36185584 0.31677252 234 88 12
-0.27274561 0.36158334 0.31743085 234 88 12
-0.26781686 0.36141487 0.31767886 234 88 12
-0.23384888 0.36041693 0.31947529 234 88 12
-0.15783157 0.35647286 0.32536257 234 88 12
-0.14322412 0.35609726 0.32668544 234 88 12
-0.1333702 0.35572102 0.32752555 234 88 12
-0.11362525 0.35507624 0.3289455 234 88 12
-0.11118957 0.35503242 0.3290647 234 88 12
-0.074704781 0.35440995 0.33119457 234 88 12
-0.0031315582 0.35186264 0.33733754 234 88 12
0.001982761 0.35156703 0.33780359 234 88 12
0.027419064 0.35046256 0.34020761 234 88 12
0.1014859 0.34804648 0.34525364 234 88 12
0.1191546 0.34746367 0.3457547 234 88 12
0.13185353 0.34709284 0.34623816 234 88 12
0.18836147 0.3449421 0.34711394 234 88 12
0.22593812 0.34330577 0.34706567 234 88 12
0.23836539 0.34249797 0.34724006 234 88 12
0.25836602 0.3415338 0.34705327 234 88 12
0.2609038 0.34146568 0.34699323 234 88 12
0.27617221 0.34132455 0.3476476 234 88 12
0.28656994 0.34118915 0.34850624 234 88 12
-0.38631753 0.35972387 0.31404882 234 88 12
-0.33796398 0.35933675 0.31540401 234 88 12
-0.30529779 0.35948516 0.31618975 234 88 12
-0.2927662 0.35951825 0.31656099 234 88 12
-0.28028261 0.3594127 0.31690064 234 88 12
-0.24850375 0.35850183 0.31851754 234 88 12
-0.21459988 0.35738997 0.32035043 234 88 12
-0.1949409 0.35616684 0.32154242 234 88 12
-0.1530376 0.35393181 0.32555467 234 88 12
-0.084434506 0.35212693 0.33035849 234 88 12
-0.05762076 0.35162267 0.33203932 234 88 12
-0.018230422 0.35007147 0.33546442 234 88 12
-0.00071501238 0.34925095 0.33739064 234 88 12
0.027266731 0.34796538 0.33996187 234 88 12
0.098909755 0.34565311 0.34488613 234 88 12
0.17358177 0.34308121 0.34674093 234 88 12
0.30276065 0.33892198 0.347917 234 88 12
-0.43775388 0.35671136 0.31783383 234 88 12
-0.38887163 0.35741622 0.31390673 234 88 12
-0.37373974 0.35722918 0.31444542 234 88 12
-0.35074112 0.35701616 0.31512488 234 88 12
-0.21956323 0.35524735 0.31982499 234 88 12
-0.20485725 0.35442518 0.32063182 234 88 12
-0.09663323 0.34989671 0.32946173 234 88 12
-0.084473769 0.34972352 0.33007968 234 88 12
-0.0084009621 0.3471801 0.33618475 234 88 12
0.0093605845 0.34623167 0.33808351 234 88 12
0.032145553 0.34527021 0.34025629 234 88 12
0.042148381 0.34490634 0.34112479 234 88 12
0.064430879 0.34423422 0.34268374 234 88 12
0.25072926 0.33695458 0.34687789 234 88 12
0.2945074 0.33643191 0.34802644 234 88 12
-0.36616498 0.35478525 0.31451989 234 88 12
-0.29050564 0.35482505 0.31626341 234 88 12
-0.26574445 0.35431082 0.3171012 234 88 12
-0.23417646 0.35330208 0.31885328 234 88 12
-0.077177551 0.34721465 0.33021956 234 88 12
-0.050250667 0.3466277 0.33204697 234 88 12
0.031945918 0.34274644 0.340059 234 88 12
0.064248614 0.34172643 0.34244026 234 88 12
0.066700728 0.34165347 0.34267594 234 88 12
0.1238735 0.33994164 0.34512296 234 88 12
0.21803716 0.3364672 0.34634541 234 88 12
0.22056343 0.33632269 0.34632276 234 88 12
0.23062931 0.33570653 0.34644205 234 88 12
0.29983103 0.33402966 0.34769229 234 88 12
-0.44024942 0.35198957 0.3173806 234 88 12
-0.42381448 0.35240486 0.31754438 234 88 12
-0.31805149 0.35234309 0.3153346 234 88 12
-0.3104855 0.35239004 0.31553323 234 88 12
-0.29556588 0.35244129 0.31585012 234 88 12
-0.27076511 0.35213451 0.31658552 234 88 12
-0.23186443 0.35083923 0.31870252 234 88 12
-0.19269809 0.34885367 0.32106327 234 88 12
-0.16304079 0.3470205 0.32377208 234 88 12
-0.074728225 0.34477765 0.33004014 234 88 12
-0.020914088 0.3428572 0.3343671 234 88 12
0.061610127 0.33929793 0.34199736 234 88 12
0.068967862 0.33907621 0.34254218 234 88 12
0.12625851 0.3374279 0.34491789 234 88 12
0.13877494 0.33708531 0.34529462 234 88 12
0.16336279 0.33612397 0.34574538 234 88 12
0.20026541 0.33489655 0.34597458 234 88 12
0.21032975 0.3344982 0.3460127 234 88 12
0.30529658 0.33172449 0.34717705 234 88 12
-0.43101447 0.34991635 0.3175297 234 88 12
-0.37882136 0.35024808 0.31382583 234 88 12
-0.24889364 0.34900224 0.31760567 234 88 12
-0.24159431 0.34876816 0.31785 234 88 12
-0.096707614 0.34264774 0.32850238 234 88 12
-0.028278412 0.34077557 0.33353239 234 88 12
0.0038454983 0.33908548 0.33661114 234 88 12
0.00890336 0.33878331 0.33727749 234 88 12
0.046608266 0.33717252 0.3406937 234 88 12
0.081179262 0.33620409 0.34278974 234 88 12
0.15105552 0.3342157 0.34511894 234 88 12
0.26073119 0.32918058 0.34603297 234 88 12
0.30245663 0.3291772 0.34715222 234 88 12
-0.33325228 0.34745772 0.3148047 234 88 12
-0.29574711 0.34769729 0.31551065 234 88 12
-0.20275207 0.34472475 0.31986709 234 88 12
-0.19037907 0.34390397 0.32084854 234 88 12
-0.17807459 0.34309515 0.32186725 234 88 12
-0.15344004 0.3418365 0.32422597 234 88 12
-0.11149318 0.34045441 0.32756167 234 88 12
0.016334737 0.33589847 0.33776573 234 88 12
0.028941723 0.33534558 0.33890818 234 88 12
0.088475031 0.3334848 0.34294377 234 88 12
0.26581221 0.32667819 0.34581391 234 88 12
0.27342079 0.32664982 0.34604049 234 88 12
-0.4215877 0.34555334 0.31655037 234 88 12
-0.2785353 0.34522121 0.31569899 234 88 12
-0.25395634 0.34439702 0.31692443 234 88 12
0.026258482 0.33297415 0.33849457 234 88 12
0.036330071 0.33254258 0.33934367 234 88 12
0.056203438 0.33194542 0.34077607 234 88 12
0.12341366 0.33013654 0.34399382 234 88 12
0.1924609 0.32788679 0.34512819 234 88 12
0.24794746 0.32488425 0.34567499 234 88 12
0.25049054 0.3247294 0.34567199 234 88 12
0.31621488 0.32466628 0.34594647 234 88 12
-0.44759578 0.34264978 0.31638245 234 88 12
-0.23219713 0.34132276 0.31761551 234 88 12
-0.18806501 0.33900887 0.32045251 234 88 12
-0.11665468 0.33577992 0.32661189 234 88 12
-0.074770475 0.33511285 0.32874358 234 88 12
-0.050295877 0.33454386 0.33027799 234 88 12
0.0034633146 0.33168224 0.3357939 234 88 12
0.018515542 0.33089619 0.33752236 234 88 12
0.11072694 0.32799455 0.34332566 234 88 12
0.26071891 0.32186679 0.34541074 234 88 12
0.26326143 0.32179957 0.34541857 234 88 12
0.30776148 0.32195985 0.34626258 234 88 12
-0.4453697 0.34024504 0.31630604 234 88 12
-0.41424408 0.3410345 0.31512838 234 88 12
-0.40405778 0.3411448 0.31373037 234 88 12
-0.35123591 0.34040498 0.31444016 234 88 12
-0.31344049 0.34047173 0.3146592 234 88 12
-0.2960814 0.34053859 0.31497879 234 88 12
-0.26396141 0.3400265 0.3157656 234 88 12
-0.17094529 0.33545779 0.32176872 234 88 12
-0.16356878 0.33503529 0.32240587 234 88 12
-0.15132251 0.33451409 0.32348883 234 88 12
-0.13162269 0.33389283 0.32528008 234 88 12
0.0033371905 0.32923917 0.33548171 234 88 12
0.051119685 0.32711367 0.34002743 234 88 12
0.056030815 0.327005 0.3402779 234 88 12
0.060911202 0.32688527 0.34068091 234 88 12
0.063376842 0.32683006 0.34084013 234 88 12
0.20724077 0.32249628 0.34454357 234 88 12
0.29164459 0.31924266 0.34658135 234 88 12
-0.44775875 0.33793831 0.31605288 234 88 12
-0.33859239 0.33796708 0.31422891 234 88 12
-0.32856774 0.33796124 0.31442631 234 88 12
-0.17104235 0.3330547 0.32146143 234 88 12
-0.16119875 0.33250688 0.32233186 234 88 12
-0.14412014 0.33181312 0.32388949 234 88 12
-0.052796596 0.32971993 0.32939797 234 88 12
-0.030922773 0.32869205 0.33164922 234 88 12
-0.023731276 0.32827857 0.33233424 234 88 12
0.095453027 0.32340702 0.34213601 234 88 12
0.10544384 0.32320476 0.34253846 234 88 12
0.15035152 0.3221776 0.34348499 234 88 12
0.23753024 0.31808302 0.34486575 234 88 12
-0.44783799 0.33557074 0.31582706 234 88 12
-0.26423604 0.33514511 0.31545117 234 88 12
-0.23981574 0.33431523 0.31655445 234 88 12
-0.22769863 0.33396133 0.31709681 234 88 12
-0.15889463 0.32997779 0.32226985 234 88 12
-0.092091184 0.32798994 0.32679696 234 88 12
0.013062549 0.32387051 0.33605019 234 88 12
0.05589653 0.32210129 0.33960177 234 88 12
0.1378495 0.32010427 0.34303806 234 88 12
0.17225293 0.31887166 0.34364615 234 88 12
0.29416892 0.31439644 0.34610539 234 88 12
-0.42690187 0.33365913 0.31599432 234 88 12
-0.29400882 0.3333704 0.31433154 234 88 12
-0.22781926 0.33156104 0.31676346 234 88 12
-0.12704857 0.32640632 0.32471341 234 88 12
-0.092177017 0.32553148 0.32646788 234 88 12
-0.082310006 0.32541977 0.32709338 234 88 12
0.020577125 0.32111524 0.33646145 234 88 12
0.023111333 0.32099807 0.33674419 234 88 12
0.055851585 0.3196603 0.33931011 234 88 12
0.12527164 0.31785194 0.34242002 234 88 12
-0.46213461 0.33207067 0.31421167 234 88 12
-0.3892754 0.33155662 0.31271951 234 88 12
-0.3490388 0.33087435 0.31410455 234 88 12
-0.22793773 0.32916474 0.31646275 234 88 12
-0.1738596 0.325973 0.32039808 234 88 12
-0.11465527 0.3235957 0.32528987 234 88 12
0.00033358073 0.31958969 0.33406506 234 88 12
0.0484342 0.31741973 0.33856454 234 88 12
0.095150113 0.31602007 0.34133892 234 88 12
0.13014411 0.31532087 0.34219778 234 88 12
0.13758888 0.31522179 0.34245133 234 88 12
0.19930287 0.31307656 0.34317014 234 88 12
0.21195989 0.312443 0.34336439 234 88 12
0.2501417 0.30993755 0.3443027 234 88 12
-0.42942326 0.32875144 0.31555384 234 88 12
-0.37920704 0.32897827 0.31294905 234 88 12
-0.35918318 0.32856117 0.31380826 234 88 12
-0.31392439 0.32840062 0.31384481 234 88 12
-0.30650805 0.32843408 0.31391961 234 88 12
-0.27693966 0.32830181 0.31421112 234 88 12
-0.27445018 0.32820335 0.31434319 234 88 12
-0.26952544 0.32800627 0.31457825 234 88 12
-0.142182 0.32203597 0.32292155 234 88 12
-0.11476495 0.32121445 0.32494796 234 88 12
-0.10976505 0.3210885 0.32511275 234 88 12
-0.035884366 0.31917892 0.3296613 234 88 12
-0.0070720222 0.31754369 0.33291239 234 88 12
0.0126783 0.31666096 0.33497295 234 88 12
0.19668701 0.31070952 0.34289802 234 88 12
0.21438805 0.30983468 0.34316934 234 88 12
0.22454469 0.30913852 0.34343094 234 88 12
0.25006134 0.30746527 0.34408578 234 88 12
0.26039054 0.3070334 0.34405793 234 88 12
0.28355237 0.30696356 0.34495487 234 88 12
0.29129491 0.30710537 0.34526193 234 88 12
-0.45997522 0.32694261 0.31378529 234 88 12
-0.43886969 0.32597252 0.31500264 234 88 12
-0.43186342 0.32621073 0.31527202 234 88 12
-0.38425965 0.3266819 0.31254142 234 88 12
-0.36672282 0.32630892 0.31335648 234 88 12
-0.33659145 0.32592526 0.31375405 234 88 12
-0.2844543 0.32604628 0.3137692 234 88 12
-0.20615978 0.32344774 0.31714859 234 88 12
-0.18386537 0.32187381 0.31889191 234 88 12
-0.16419528 0.32055916 0.32072011 234 88 12
-0.10984814 0.3186745 0.32484359 234 88 12
0.020198369 0.31396594 0.33543782 234 88 12
0.1741793 0.30919479 0.34225441 234 88 12
0.18159249 0.30881016 0.34237654 234 88 12
0.20921605 0.30768463 0.34277929 234 88 12
0.23464471 0.30599507 0.343501 234 88 12
0.24488146 0.30530244 0.34377523 234 88 12
-0.46245619 0.324935 0.31303998 234 88 12
-0.39696323 0.32441023 0.31216294 234 88 12
-0.38431127 0.3242485 0.31235392 234 88 12
-0.28208879 0.32356802 0.31359332 234 88 12
-0.23794465 0.32212413 0.31523437 234 88 12
-0.22340583 0.32174509 0.31595026 234 88 12
-0.18888607 0.31983635 0.31811492 234 88 12
-0.15701162 0.31781116 0.32096684 234 88 12
-0.13001738 0.3167728 0.32318417 234 88 12
-0.028845575 0.31392517 0.32966217 234 88 12
-0.024098272 0.3136615 0.33017038 234 88 12
-0.014518107 0.31315849 0.33125913 234 88 12
0.043160866 0.31060564 0.33715269 234 88 12
0.0749637 0.30943927 0.33955247 234 88 12
0.13475384 0.30785914 0.34139063 234 88 12
0.16413794 0.30716267 0.34174549 234 88 12
0.19645664 0.30584322 0.34223848 234 88 12
0.26280295 0.30205679 0.34361809 234 88 12
0.29113794 0.30224875 0.34477301 234 88 12
-0.38691172 0.32184097 0.31213944 234 88 12
-0.33171814 0.32102676 0.31330527 234 88 12
-0.3166746 0.32100913 0.31327203 234 88 12
-0.28955889 0.32122883 0.31325973 234 88 12
-0.24292571 0.3198128 0.31479681 234 88 12
-0.21620837 0.31908302 0.31606484 234 88 12
-0.14983839 0.31511001 0.3211918 234 88 12
-0.14253678 0.31479713 0.32204046 234 88 12
0.01742981 0.30934251 0.33437646 234 88 12
0.13707404 0.30532739 0.34113906 234 88 12
0.15176005 0.3050586 0.34130378 234 88 12
0.1713698 0.3044888 0.34142937 234 88 12
0.20389396 0.30309758 0.34199598 234 88 12
0.25754024 0.29972224 0.34333369 234 88 12
0.28323712 0.29964742 0.34419092 234 88 12
0.29890893 0.2999833 0.34451132 234 88 12
-0.46260863 0.32005322 0.31223777 234 88 12
-0.3217171 0.31851473 0.31310101 234 88 12
-0.29702105 0.31875433 0.31301189 234 88 12
-0.25029448 0.31760381 0.31416852 234 88 12
-0.2113975 0.31645413 0.31598671 234 88 12
-0.19897576 0.31573897 0.31667896 234 88 12
-0.097630103 0.31104576 0.32449905 234 88 12
-0.055456339 0.31012116 0.32655631 234 88 12
-0.036047704 0.30939069 0.32833621 234 88 12
0.040314929 0.30612361 0.33628241 234 88 12
0.06022984 0.30528292 0.33788623 234 88 12
0.079829509 0.3044204 0.33918821 234 88 12
0.092302349 0.30398439 0.33965632 234 88 12
0.16135302 0.30235489 0.34105475 234 88 12
0.19119116 0.30122643 0.34141529 234 88 12
0.20374981 0.30067778 0.34171426 234 88 12
0.22670298 0.29915245 0.3423793 234 88 12
0.24204601 0.29807609 0.34290433 234 88 12
0.26259748 0.29712262 0.3432368 234 88 12
0.31791805 0.29832222 0.34317141 234 88 12
-0.42230977 0.31665709 0.31345991 234 88 12
-0.41230176 0.31689693 0.3123622 234 88 12
-0.40973792 0.31695452 0.31212517 234 88 12
-0.40717402 0.31696263 0.31198243 234 88 12
-0.33688723 0.3161159 0.31300719 234 88 12
-0.3192992 0.31603743 0.31289892 234 88 12
-0.31431731 0.31607745 0.31283927 234 88 12
-0.25283188 0.31523549 0.31375616 234 88 12
-0.18666854 0.31245363 0.31729014 234 88 12
-0.17436594 0.31162087 0.31846602 234 88 12
-0.14519185 0.31009584 0.32102275 234 88 12
-0.12790229 0.30949406 0.32228042 234 88 12
-0.12291685 0.30934446 0.32274509 234 88 12
-0.085236336 0.30834384 0.32461092 234 88 12
-0.082755817 0.30829498 0.32471357 234 88 12
-0.021903657 0.30627657 0.32936231 234 88 12
0.01225312 0.30476347 0.33309711 234 88 12
0.014755383 0.3047067 0.33336729 234 88 12
0.040177808 0.30380385 0.33589577 234 88 12
0.069887305 0.30250828 0.33825786 234 88 12
0.077285747 0.30212245 0.33874692 234 88 12
0.099691696 0.30127281 0.33975393 234 88 12
0.15146368 0.30007133 0.34063851 234 88 12
0.15873846 0.29992572 0.34075748 234 88 12
0.26502119 0.29466304 0.34311789 234 88 12
0.27780907 0.29472737 0.34351571 234 88 12
-0.41233081 0.31441831 0.31207304 234 88 12
-0.39463247 0.31454061 0.31143177 234 88 12
-0.28245534 0.31386227 0.31250367 234 88 12
-0.24324628 0.31245426 0.31403838 234 88 12
-0.15498233 0.30809975 0.31980457 234 88 12
-0.13790436 0.30741043 0.32126317 234 88 12
0.057588957 0.30069183 0.33689263 234 88 12
0.077268855 0.29971831 0.33840125 234 88 12
0.10212602 0.29875757 0.3394965 234 88 12
0.11456457 0.29834103 0.33979895 234 88 12
0.13175308 0.2979618 0.3400879 234 88 12
0.14890275 0.29764955 0.34025496 234 88 12
-0.42233464 0.31168337 0.31267637 234 88 12
-0.40726215 0.31199758 0.3115309 234 88 12
-0.38708346 0.31197335 0.31141618 234 88 12
-0.32698353 0.31109301 0.31265757 234 88 12
-0.3021299 0.31122187 0.31232957 234 88 12
-0.1918514 0.30802362 0.31624573 234 88 12
-0.12063977 0.30447576 0.32212522 234 88 12
-0.103025 0.30399977 0.32320733 234 88 12
-0.014934716 0.30107753 0.32964293 234 88 12
-0.010172957 0.30084123 0.33022993 234 88 12
0.084697747 0.29697833 0.3384898 234 88 12
0.15845063 0.29496061 0.34006398 234 88 12
0.23147761 0.29145948 0.3417653 234 88 12
0.24169727 0.29075266 0.34212138 234 88 12
0.31755454 0.29126433 0.34227831 234 88 12
-0.44635988 0.30863512 0.31237792 234 88 12
-0.44399208 0.30856454 0.31243339 234 88 12
-0.4073049 0.30950465 0.31127997 234 88 12
-0.35712108 0.30897093 0.31242626 234 88 12
-0.27776748 0.30874536 0.31206609 234 88 12
-0.19942597 0.30606715 0.31548824 234 88 12
-0.16251514 0.30368816 0.31847981 234 88 12
-0.16008147 0.30353963 0.31865432 234 88 12
-0.085561318 0.30115251 0.32348125 234 88 12
-0.080565999 0.30102426 0.3236712 234 88 12
0.049990926 0.29632151 0.33563154 234 88 12
0.067280476 0.29549323 0.33713349 234 88 12
0.087142765 0.29446868 0.33822075 234 88 12
0.10696241 0.29366324 0.33901553 234 88 12
0.13153737 0.29295269 0.33948008 234 88 12
0.21604078 0.29007292 0.34098168 234 88 12
0.23900167 0.28848081 0.34178113 234 88 12
-0.37970104 0.30693226 0.31138427 234 88 12
-0.28528319 0.30646714 0.31170633 234 88 12
-0.10837651 0.29934643 0.32215709 234 88 12
-0.10332188 0.29922441 0.32239729 234 88 12
-0.065798203 0.298265 0.32430571 234 88 12
-0.055811432 0.29795478 0.32484411 234 88 12
0.062323753 0.29337629 0.3363164 234 88 12
0.064795782 0.2932591 0.33650887 234 88 12
0.12903844 0.29052141 0.33911358 234 88 12
0.15346147 0.29002596 0.33934996 234 88 12
0.16793083 0.28974116 0.33946699 234 88 12
0.17533047 0.28949778 0.3397389 234 88 12
0.18297293 0.28918799 0.33988802 234 88 12
0.19810775 0.28859676 0.34012264 234 88 12
0.22869278 0.28676054 0.34105327 234 88 12
0.23123548 0.28658093 0.34115591 234 88 12
0.24658373 0.28556253 0.34174311 234 88 12
0.27478838 0.28504393 0.3425398 234 88 12
0.28519395 0.28520484 0.34290354 234 88 12
-0.35982913 0.30406955 0.31213456 234 88 12
-0.32223017 0.3037293 0.31186608 234 88 12
-0.30241473 0.30378295 0.31159817 234 88 12
-0.26564305 0.30328337 0.31186824 234 88 12
-0.2340377 0.30234491 0.31326573 234 88 12
-0.16517279 0.29902235 0.31763178 234 88 12
-0.1384386 0.29776725 0.31990501 234 88 12
-0.12355589 0.29729396 0.32100604 234 88 12
-0.058445425 0.29561147 0.32442711 234 88 12
-0.041242046 0.29497351 0.32582902 234 88 12
0.0017764633 0.29328914 0.33020814 234 88 12
0.009271088 0.29305871 0.3309744 234 88 12
0.01427498 0.29293132 0.3314382 234 88 12
0.054837403 0.29131185 0.33538931 234 88 12
0.14852804 0.28758067 0.33898682 234 88 12
0.16298808 0.28730547 0.33914366 234 88 12
0.18791147 0.28648361 0.33970168 234 88 12
0.23617569 0.28378297 0.34113123 234 88 12
0.26701851 0.28252067 0.3420754 234 88 12
-0.43953815 0.3011571 0.31154589 234 88 12
-0.39498368 0.30199563 0.31044337 234 88 12
-0.33998446 0.30137467 0.31188934 234 88 12
-0.31986096 0.30122647 0.31164453 234 88 12
-0.23418646 0.29989597 0.31294104 234 88 12
-0.22936631 0.29980238 0.31317401 234 88 12
-0.20728466 0.29914695 0.31409684 234 88 12
-0.18742559 0.29797961 0.31544317 234 88 12
-0.15803807 0.29619269 0.31797087 234 88 12
-0.038939778 0.2924764 0.32575608 234 88 12
0.0091507939 0.29069122 0.33060652 234 88 12
0.026824205 0.29015743 0.33247557 234 88 12
0.042275394 0.28948786 0.33386597 234 88 12
0.10674864 0.28625831 0.33814753 234 88 12
0.17266157 0.28459678 0.33905758 234 88 12
0.21314629 0.28288493 0.33995035 234 88 12
0.23094461 0.28172595 0.34060048 234 88 12
0.25146391 0.28046044 0.34130006 234 88 12
0.2745582 0.28020548 0.34210984 234 88 12
0.29285967 0.28063256 0.34262211 234 88 12
0.29550343 0.28072073 0.3426022 234 88 12
-0.46099639 0.30007517 0.30955894 234 88 12
-0.41273599 0.29930201 0.31043851 234 88 12
-0.31745283 0.29877591 0.3113524 234 88 12
-0.29052896 0.2988893 0.31097084 234 88 12
-0.11128424 0.29221046 0.32096787 234 88 12
-0.056270083 0.29071504 0.32398455 234 88 12
-0.046328797 0.29039126 0.32473292 234 88 12
0.014038036 0.28817462 0.33074047 234 88 12
0.079490417 0.28512001 0.33652817 234 88 12
0.21815045 0.28013492 0.33978156 234 88 12
0.24100023 0.27862016 0.34075107 234 88 12
-0.46111328 0.29761359 0.30923263 234 88 12
-0.41788973 0.2966791 0.31053698 234 88 12
-0.39014255 0.29688644 0.31000903 234 88 12
-0.38510884 0.29688762 0.31031056 234 88 12
-0.35019246 0.29656692 0.31155136 234 88 12
-0.21994154 0.29471171 0.31294847 234 88 12
-0.21260781 0.29448021 0.31330201 234 88 12
-0.19267589 0.29342088 0.31440268 234 88 12
-0.12645999 0.29020797 0.31955803 234 88 12
-0.083835233 0.28909975 0.32203998 234 88 12
-0.02248026 0.28697258 0.32670052 234 88 12
0.013936168 0.28578493 0.33042062 234 88 12
0.067082805 0.28341156 0.33537121 234 88 12
0.19257288 0.27880155 0.33881925 234 88 12
0.25882508 0.27539156 0.34100472 234 88 12
0.28480029 0.27570231 0.34193686 234 88 12
-0.3152154 0.2938442 0.31081447 234 88 12
-0.21273857 0.29205269 0.31297482 234 88 12
-0.21024891 0.29195488 0.31306779 234 88 12
-0.1927799 0.29100353 0.31408288 234 88 12
-0.14384317 0.28835355 0.31806222 234 88 12
-0.13155028 0.28793393 0.3189162 234 88 12
-0.041694064 0.28544988 0.3245747 234 88 12
-0.032069353 0.285011 0.32542274 234 88 12
0.021514938 0.28315315 0.3308474 234 88 12
0.044637749 0.28212328 0.33300607 234 88 12
0.052195269 0.28173363 0.33372608 234 88 12
0.057140057 0.28148012 0.33414679 234 88 12
0.059629875 0.2813466 0.33436675 234 88 12
0.11634285 0.27852016 0.33728971 234 88 12
0.27169971 0.27300131 0.34107664 234 88 12
0.27687275 0.27307528 0.34140049 234 88 12
-0.46386791 0.29310063 0.30812899 234 88 12
-0.44464285 0.29134072 0.30983026 234 88 12
-0.42063293 0.2915931 0.31003321 234 88 12
-0.33538719 0.2914382 0.31104513 234 88 12
-0.26880984 0.29085982 0.31061334 234 88 12
-0.2371491 0.29006578 0.31175401 234 88 12
-0.23474413 0.29003891 0.31187839 234 88 12
-0.21532066 0.28975274 0.3124292 234 88 12
-0.1561465 0.28656708 0.31669076 234 88 12
-0.11917862 0.28529282 0.31919105 234 88 12
-0.076628066 0.28419234 0.32175424 234 88 12
-0.029792493 0.28252895 0.32525067 234 88 12
0.026562016 0.28063585 0.33094417 234 88 12
0.11867142 0.27599479 0.3369806 234 88 12
0.2227146 0.27246976 0.33915585 234 88 12
0.24305254 0.27131678 0.34000054 234 88 12
-0.43288121 0.28887963 0.30997605 234 88 12
-0.42807322 0.28894646 0.30994079 234 88 12
-0.41067625 0.28920749 0.30900156 234 88 12
-0.27140988 0.28845243 0.31031608 234 88 12
-0.23008327 0.2875762 0.31169055 234 88 12
-0.22525223 0.28757729 0.31169554 234 88 12
-0.2178937 0.28739942 0.31197945 234 88 12
-0.1781662 0.2852754 0.31467639 234 88 12
-0.15627537 0.28422856 0.31623395 234 88 12
-0.11929893 0.28293368 0.31871817 234 88 12
-0.022747363 0.27985538 0.3256437 234 88 12
0.047012119 0.2771964 0.33239733 234 88 12
0.084249295 0.27505475 0.33531864 234 88 12
0.098987676 0.2743489 0.33618109 234 88 12
0.11367849 0.27373614 0.33649331 234 88 12
0.15272923 0.2724667 0.33725582 234 88 12
0.15997345 0.27234375 0.33737834 234 88 12
0.20987896 0.27070645 0.33838296 234 88 12
0.25319939 0.268443 0.3399464 234 88 12
0.26102282 0.26825095 0.34008357 234 88 12
-0.41836334 0.28661723 0.30907071 234 88 12
-0.33808942 0.28647077 0.31049912 234 88 12
-0.28621149 0.28633822 0.30974766 234 88 12
-0.25439319 0.28533606 0.31073085 234 88 12
-0.13187118 0.28086397 0.31768965 234 88 12
-0.10687149 0.28024289 0.31923776 234 88 12
0.051925321 0.27447265 0.33252665 234 88 12
0.056933477 0.27417593 0.33301846 234 88 12
0.071862777 0.2733144 0.33419282 234 88 12
0.16220147 0.26987344 0.33712053 234 88 12
-0.44729724 0.28418728 0.30833512 234 88 12
-0.19826352 0.28165575 0.31233032 234 88 12
-0.1319502 0.27848732 0.31727556 234 88 12
-0.087002122 0.27737234 0.31999416 234 88 12
0.023783092 0.27352548 0.32955643 234 88 12
0.054321044 0.27187298 0.33241828 234 88 12
0.093933266 0.26971524 0.33507924 234 88 12
0.15959918 0.2675043 0.33678022 234 88 12
0.16686347 0.26736262 0.33685261 234 88 12
0.18176144 0.26683792 0.33717163 234 88 12
-0.38832363 0.28148634 0.30836182 234 88 12
-0.35087261 0.28144498 0.31006562 234 88 12
-0.34583024 0.28142946 0.31005052 234 88 12
-0.34330598 0.28141672 0.31002087 234 88 12
-0.31576564 0.28145157 0.3095357 234 88 12
-0.30590032 0.28146085 0.30920172 234 88 12
-0.26927782 0.28085125 0.30953341 234 88 12
-0.24734012 0.28019456 0.3103241 234 88 12
-0.23285862 0.28015967 0.31057851 234 88 12
-0.16870369 0.27756332 0.31422206 234 88 12
-0.13949399 0.27639288 0.31642273 234 88 12
-0.092109256 0.27514686 0.31932514 234 88 12
-0.077256676 0.27482699 0.32022325 234 88 12
-0.072287372 0.27470466 0.32055692 234 88 12
-0.064787243 0.27444707 0.32103953 234 88 12
-0.010957086 0.27226421 0.3258086 234 88 12
-0.0085297857 0.27217393 0.32598476 234 88 12
0.044114208 0.2700559 0.33107977 234 88 12
0.046652673 0.26990065 0.33133836 234 88 12
0.098735992 0.2670801 0.33493234 234 88 12
0.12552049 0.2661319 0.33563107 234 88 12
0.15462268 0.26520966 0.33629805 234 88 12
0.16669668 0.26495192 0.33654693 234 88 12
0.25800325 0.26116056 0.33910036 234 88 12
-0.39348555 0.27897978 0.30780093 234 88 12
-0.28406285 0.27882639 0.30893231 234 88 12
-0.057362139 0.27180274 0.32128924 234 88 12
-0.040002845 0.27118004 0.32269364 234 88 12
-0.023063339 0.27041087 0.3240928 234 88 12
0.074144505 0.26580099 0.33315309 234 88 12
0.086475972 0.26515852 0.33391703 234 88 12
0.12297464 0.2637978 0.3351604 234 88 12
0.22694013 0.25998064 0.33793219 234 88 12
0.28149928 0.25899613 0.33973644 234 88 12
0.2977127 0.2594253 0.34002917 234 88 12
0.31144591 0.26012274 0.33945619 234 88 12
-0.45460231 0.27740828 0.30632867 234 88 12
-0.44040601 0.2767061 0.30748329 234 88 12
-0.40863762 0.27660467 0.30714086 234 88 12
-0.3935988 0.27643131 0.30754402 234 88 12
-0.29635991 0.27647375 0.30872025 234 88 12
-0.24757762 0.27520491 0.30970844 234 88 12
-0.22343686 0.27520551 0.31027817 234 88 12
-0.18864618 0.27371026 0.31200193 234 88 12
-0.16159446 0.27244163 0.31395052 234 88 12
-0.1519285 0.27206321 0.31474448 234 88 12
-0.11235383 0.27096195 0.31744457 234 88 12
-0.10737744 0.27084904 0.31777308 234 88 12
-0.099839221 0.2706287 0.31813937 234 88 12
-0.087449066 0.27031162 0.31892488 234 88 12
-0.075066073 0.27005903 0.31969272 234 88 12
-0.070080936 0.26990251 0.31998604 234 88 12
-0.054986626 0.26933427 0.32112632 234 88 12
-0.052475841 0.26924192 0.32132789 234 88 12
0.031113032 0.2658603 0.32909405 234 88 12
0.064079726 0.2639727 0.33201984 234 88 12
0.11322462 0.26166028 0.33462277 234 88 12
0.15912113 0.26034947 0.33564743 234 88 12
0.19386329 0.25915186 0.33638875 234 88 12
0.29768439 0.25699791 0.3397623 234 88 12
-0.42121704 0.27418293 0.30720661 234 88 12
-0.40873896 0.27412865 0.30682376 234 88 12
-0.22598341 0.27270344 0.30983453 234 88 12
-0.075206465 0.26767705 0.31935296 234 88 12
-0.060175984 0.26713498 0.32044948 234 88 12
0.033580128 0.26324816 0.32901564 234 88 12
0.088814637 0.26018635 0.33328946 234 88 12
0.11314875 0.25925895 0.33425908 234 88 12
0.17123678 0.25751878 0.33565949 234 88 12
0.18376628 0.25698823 0.33592685 234 88 12
-0.44999316 0.27231002 0.30599843 234 88 12
-0.41385472 0.27171385 0.30660339 234 88 12
-0.40383203 0.27161071 0.30649265 234 88 12
-0.39637688 0.27146314 0.30683 234 88 12
-0.3363562 0.27140452 0.30878342 234 88 12
-0.20131693 0.26944685 0.31060652 234 88 12
-0.092668918 0.26571548 0.31779572 234 88 12
-0.082788956 0.26549593 0.31842227 234 88 12
-0.0063429291 0.26248594 0.32479146 234 88 12
0.19613039 0.2541756 0.33592564 234 88 12
-0.44059805 0.2695761 0.30646126 234 88 12
-0.42139541 0.26935625 0.30647355 234 88 12
-0.40896415 0.26924842 0.30613969 234 88 12
-0.27468209 0.26857778 0.30793368 234 88 12
-0.27223393 0.26845381 0.30802356 234 88 12
-0.1667389 0.26527335 0.3125268 234 88 12
-0.1473632 0.26468549 0.31391936 234 88 12
-0.13007305 0.26411592 0.31503196 234 88 12
-0.087855609 0.26323562 0.31778414 234 88 12
0.0034170508 0.25961057 0.32534678 234 88 12
0.028329726 0.25853832 0.32782609 234 88 12
0.096019379 0.25512139 0.33281128 234 88 12
0.098451413 0.25503112 0.33294607 234 88 12
0.14433728 0.25357543 0.3343707 234 88 12
0.23384611 0.25009543 0.33705166 234 88 12
0.25453264 0.24929512 0.33775511 234 88 12
0.29740365 0.24967362 0.33908464 234 88 12
-0.4065957 0.26674628 0.30584441 234 88 12
-0.40158424 0.26663491 0.30590276 234 88 12
-0.37909935 0.26622104 0.30733916 234 88 12
-0.23833771 0.26513211 0.30856856 234 88 12
-0.17905391 0.26334458 0.31138324 234 88 12
-0.080621264 0.26064567 0.31803141 234 88 12
-0.078132173 0.26055686 0.31821287 234 88 12
-0.048003964 0.25943975 0.32048235 234 88 12
-0.0040288168 0.25753058 0.32420558 234 88 12
0.12016942 0.25187949 0.33331388 234 88 12
0.12734268 0.25171353 0.33358493 234 88 12
0.15882793 0.25075235 0.33432808 234 88 12
0.1885061 0.24952367 0.33516865 234 88 12
0.20592187 0.24891216 0.33573838 234 88 12
0.28365261 0.24701034 0.33849239 234 88 12
0.30003446 0.24724533 0.3388328 234 88 12
-0.44308418 0.26489082 0.30540889 234 88 12
-0.40169433 0.2641714 0.30565469 234 88 12
-0.36935244 0.26373906 0.30773706 234 88 12
-0.33691407 0.26394388 0.30795248 234 88 12
-0.25781814 0.26302941 0.30797367 234 88 12
-0.22870371 0.26263754 0.30857272 234 88 12
-0.10802123 0.25882727 0.31579833 234 88 12
-0.058214355 0.25740507 0.31935788 234 88 12
-0.040719878 0.25668488 0.32078878 234 88 12
-0.021255652 0.25588051 0.32244441 234 88 12
-0.0016602246 0.25494819 0.32414839 234 88 12
0.013197228 0.25424666 0.3255455 234 88 12
0.091027734 0.250474 0.33186816 234 88 12
0.10804307 0.24990274 0.33261803 234 88 12
0.12490629 0.2493897 0.33314914 234 88 12
0.17850562 0.24750829 0.33459749 234 88 12
0.18598768 0.24720232 0.33481351 234 88 12
0.22345998 0.24571984 0.3360879 234 88 12
-0.45987985 0.26351225 0.30351612 234 88 12
-0.3719644 0.26122432 0.30731305 234 88 12
-0.35464184 0.2612971 0.30775645 234 88 12
-0.29715091 0.26163343 0.30711241 234 88 12
-0.22393141 0.26008244 0.30845402 234 88 12
-0.21655168 0.25997362 0.30860688 234 88 12
-0.18172394 0.25847542 0.31061943 234 88 12
-0.078436623 0.25571785 0.31761928 234 88 12
-0.063397156 0.25518927 0.31872111 234 88 12
0.015632681 0.25166282 0.3254409 234 88 12
0.038256019 0.25050666 0.32758046 234 88 12
0.14176399 0.24651617 0.33329468 234 88 12
0.15147381 0.24617985 0.33348314 234 88 12
0.16121173 0.24588121 0.3337578 234 88 12
0.19833555 0.2443416 0.33486276 234 88 12
0.21327495 0.24377853 0.33553686 234 88 12
0.25398682 0.24215485 0.33686672 234 88 12
0.26719924 0.24203967 0.33722852 234 88 12
-0.43608444 0.2600169 0.30507378 234 88 12
-0.39690188 0.25910698 0.30520774 234 88 12
-0.36229557 0.25874513 0.30744021 234 88 12
-0.33978647 0.25892675 0.30738054 234 88 12
-0.32472972 0.25909423 0.3072689 234 88 12
-0.31723069 0.25917761 0.30711261 234 88 12
-0.29979268 0.25918511 0.30683189 234 88 12
-0.25556933 0.25805954 0.30745074 234 88 12
-0.08852039 0.25353477 0.31645398 234 88 12
-0.040968507 0.25175541 0.32030875 234 88 12
-0.02386132 0.25104619 0.32164688 234 88 12
0.010602811 0.24939436 0.32468281 234 88 12
0.040697306 0.24791115 0.32746912 234 88 12
0.10298536 0.24537331 0.33172806 234 88 12
0.11028737 0.24510052 0.33194996 234 88 12
0.17597314 0.24286477 0.33392865 234 88 12
0.20323401 0.24173851 0.33491517 234 88 12
0.25123789 0.23987775 0.33652896 234 88 12
-0.4217439 0.25739343 0.30461077 234 88 12
-0.38454649 0.25632334 0.30572509 234 88 12
-0.28507838 0.25656891 0.30656713 234 88 12
-0.21167993 0.25481232 0.30817028 234 88 12
-0.16476017 0.25282555 0.31092604 234 88 12
-0.016547462 0.24823111 0.3220316 234 88 12
0.043163183 0.24532249 0.32729569 234 88 12
0.1174882 0.24249344 0.33184572 234 88 12
0.12958809 0.24216922 0.33228577 234 88 12
0.13682467 0.24196111 0.33249929 234 88 12
0.16850601 0.24082977 0.33341777 234 88 12
0.19572583 0.23964732 0.33427985 234 88 12
0.21306586 0.23900578 0.33498536 234 88 12
0.22807841 0.2384185 0.33549237 234 88 12
0.24340747 0.23777038 0.33597847 234 88 12
0.26695042 0.23724994 0.33653212 234 88 12
0.28048689 0.23725105 0.33730097 234 88 12
0.29133652 0.23725167 0.33801322 234 88 12
-0.43138859 0.25526285 0.30433394 234 88 12
-0.42903946 0.25522421 0.30428928 234 88 12
-0.3475911 0.25383084 0.30686768 234 88 12
0.050636233 0.24255993 0.32758708 234 88 12
0.068300166 0.24184558 0.32891504 234 88 12
0.08086106 0.24131564 0.32964336 234 88 12
0.15868517 0.23886234 0.33271125 234 88 12
0.29121036 0.2347402 0.33788831 234 88 12
-0.45744966 0.2537562 0.30210018 234 88 12
-0.44303875 0.25305274 0.30327029 234 88 12
-0.42660079 0.25277977 0.30391944 234 88 12
-0.33277195 0.25154498 0.30638394 234 88 12
-0.24844729 0.25061641 0.30631139 234 88 12
-0.18194141 0.24843002 0.30916788 234 88 12
-0.17948391 0.24834427 0.30930919 234 88 12
-0.15285717 0.24749081 0.31119247 234 88 12
-0.043660008 0.24442868 0.31914108 234 88 12
0.0055399178 0.24218124 0.32323485 234 88 12
0.078242095 0.23908099 0.32913229 234 88 12
-0.36033248 0.24877521 0.3060426 234 88 12
-0.34787125 0.24881917 0.30627646 234 88 12
-0.30031487 0.24932514 0.30563951 234 88 12
-0.28549381 0.24921905 0.30562626 234 88 12
-0.25340949 0.24829869 0.30593521 234 88 12
-0.23382917 0.24782722 0.30635266 234 88 12
-0.18938831 0.24620253 0.30838745 234 88 12
-0.17714029 0.24571368 0.30917312 234 88 12
-0.12099602 0.24425006 0.31289607 234 88 12
-0.11604359 0.24416283 0.31320025 234 88 12
-0.11357124 0.24411301 0.3133513 234 88 12
-0.081644084 0.24340851 0.31586938 234 88 12
-0.041281451 0.24179975 0.31909504 234 88 12
0.0030563426 0.2398016 0.32269841 234 88 12
0.075547459 0.23683376 0.32870453 234 88 12
0.20534886 0.23222972 0.33378227 234 88 12
0.2559605 0.23020009 0.33542906 234 88 12
-0.45015478 0.24849822 0.30186213 234 88 12
-0.38483776 0.24645328 0.30412223 234 88 12
-0.36775301 0.24622801 0.30535593 234 88 12
-0.25592941 0.24593886 0.30565366 234 88 12
-0.20921141 0.24465114 0.30697459 234 88 12
-0.16016685 0.24265763 0.30998398 234 88 12
-0.071722944 0.24058044 0.31640579 234 88 12
-0.05637884 0.23996631 0.31767985 234 88 12
-0.04878546 0.23966104 0.31813285 234 88 12
-0.026557807 0.23861455 0.32007328 234 88 12
-0.0044052463 0.23770049 0.32175106 234 88 12
0.0328377 0.23597611 0.32501247 234 88 12
0.035343661 0.23587563 0.32523005 234 88 12
0.037849736 0.23576945 0.32541236 234 88 12
0.065352502 0.23485383 0.32761558 234 88 12
0.24543645 0.22818879 0.3350001 234 88 12
-0.41434164 0.245145 0.30248537 234 88 12
-0.18208576 0.24080855 0.30834703 234 88 12
-0.17965054 0.24071687 0.30847422 234 88 12
-0.13594565 0.23959265 0.31131069 234 88 12
-0.11379325 0.23907421 0.31283814 234 88 12
-0.084319175 0.23843324 0.31525372 234 88 12
-0.051385716 0.23723 0.31773489 234 88 12
0.00051551044 0.23492429 0.32191503 234 88 12
0.057649837 0.23267247 0.3267084 234 88 12
0.072707769 0.23221732 0.32785399 234 88 12
0.077676906 0.23208829 0.32813402 234 88 12
0.11448306 0.23100023 0.33013434 234 88 12
0.11938035 0.23083495 0.33033699 234 88 12
0.26097457 0.22528983 0.33497154 234 88 12
0.32369307 0.22410935 0.33861225 234 88 12
-0.45253637 0.24379357 0.30076226 234 88 12
-0.45013377 0.24364896 0.30103297 234 88 12
-0.43122167 0.24331013 0.30239582 234 88 12
-0.41675512 0.24285747 0.30216036 234 88 12
-0.35819032 0.24135096 0.30500944 234 88 12
-0.32579344 0.24175621 0.30499082 234 88 12
-0.23636944 0.24047726 0.30535272 234 88 12
-0.17723189 0.2380861 0.308375 234 88 12
-0.16267974 0.23765555 0.30926693 234 88 12
-0.11633759 0.23661545 0.31241762 234 88 12
-0.10397316 0.23630771 0.31334784 234 88 12
-0.074437293 0.23559294 0.31571979 234 88 12
-0.061686573 0.23511504 0.31670507 234 88 12
0.11191286 0.22879402 0.32962838 234 88 12
0.13892536 0.22786401 0.3305335 234 88 12
0.14382843 0.22766624 0.33063753 234 88 12
0.16574076 0.22681461 0.33135334 234 88 12
0.29061822 0.22213809 0.33699048 234 88 12
0.30701707 0.22183501 0.33822712 234 88 12
-0.41672044 0.24046763 0.30178231 234 88 12
-0.39227254 0.23939687 0.30252176 234 88 12
-0.29836226 0.2394035 0.30445949 234 88 12
-0.27100048 0.23895724 0.30454059 234 88 12
-0.086994893 0.23339232 0.31452218 234 88 12
-0.066893818 0.23276253 0.31600734 234 88 12
-0.059202552 0.23246504 0.31667111 234 88 12
0.017834778 0.22908901 0.32281262 234 88 12
0.022770295 0.2289014 0.32319944 234 88 12
0.067420801 0.22759622 0.32678262 234 88 12
0.13153105 0.22576147 0.33002996 234 88 12
0.15353255 0.2248972 0.33067244 234 88 12
0.19525417 0.22314371 0.33225673 234 88 12
0.22498257 0.22175917 0.33349522 234 88 12
0.25554147 0.22058551 0.33441315 234 88 12
-0.46236927 0.23966648 0.29872805 234 88 12
-0.44536817 0.23867573 0.30076094 234 88 12
-0.37784735 0.2364615 0.30326861 234 88 12
-0.30347703 0.23691095 0.30422726 234 88 12
-0.29102975 0.23694299 0.30415433 234 88 12
-0.23641358 0.23558404 0.30470534 234 88 12
-0.21423218 0.23490253 0.30553015 234 88 12
-0.21174425 0.2347779 0.30569851 234 88 12
-0.041690391 0.22917562 0.31785027 234 88 12
-0.024307538 0.22842592 0.31908139 234 88 12
0.0054325766 0.22713454 0.32153139 234 88 12
0.059811478 0.22536144 0.32590655 234 88 12
0.11413368 0.22393999 0.32912148 234 88 12
0.12158218 0.2236857 0.32942225 234 88 12
0.22737719 0.21928179 0.3333453 234 88 12
-0.45501193 0.23676833 0.29935442 234 88 12
-0.44061795 0.23620997 0.30083316 234 88 12
-0.42645612 0.23604517 0.30140128 234 88 12
-0.27619142 0.23420446 0.30379497 234 88 12
-0.26625482 0.23394283 0.30392073 234 88 12
-0.21176597 0.23227614 0.30545271 234 88 12
-0.15322775 0.2299006 0.30892369 234 88 12
-0.11649456 0.22905218 0.31151346 234 88 12
-0.074710319 0.2279419 0.31501856 234 88 12
-0.067114995 0.2276557 0.31550858 234 88 12
-0.0046004919 0.22509202 0.32044061 234 88 12
0.13385752 0.22087938 0.32945355 234 88 12
0.17556479 0.21906861 0.33089197 234 88 12
0.18300284 0.21867183 0.33131024 234 88 12
0.20251927 0.21805047 0.33198203 234 88 12
0.27653633 0.21509139 0.3349403 234 88 12
0.27926545 0.2149996 0.33518395 234 88 12
0.28743753 0.21471487 0.33618418 234 88 12
0.31196437 0.21399927 0.3381848 234 88 12
0.32570799 0.21362844 0.33855669 234 88 12
-0.34873411 0.23150086 0.30370214 234 88 12
-0.33387049 0.23165378 0.30373541 234 88 12
-0.20681582 0.22947427 0.3054276 234 88 12
-0.18708779 0.22838274 0.30663885 234 88 12
-0.17254193 0.2277936 0.30751053 234 88 12
-0.09700865 0.22597637 0.31286599 234 88 12
-0.069754974 0.22520451 0.31510265 234 88 12
-0.051856371 0.22450268 0.31657683 234 88 12
-0.021999002 0.22324796 0.31879747 234 88 12
0.022620146 0.22146314 0.32218171 234 88 12
0.039826046 0.22095993 0.32359054 234 88 12
0.17308913 0.21679641 0.33044285 234 88 12
0.19035397 0.21597609 0.33127653 234 88 12
0.20739109 0.21535404 0.33194845 234 88 12
0.20990559 0.21521644 0.33199843 234 88 12
0.33630093 0.21094619 0.33777358 234 88 12
-0.40947085 0.23058018 0.30033114 234 88 12
-0.34884519 0.22908742 0.30335525 234 88 12
-0.28145916 0.2293527 0.30323362 234 88 12
-0.22422934 0.22778642 0.30423393 234 88 12
-0.21675243 0.22751319 0.30465856 234 88 12
-0.19694082 0.22641976 0.30579163 234 88 12
-0.17498469 0.22539419 0.30699283 234 88 12
-0.10441607 0.22364532 0.31194384 234 88 12
-0.08246379 0.22306867 0.31379561 234 88 12
-0.077484296 0.22289851 0.31427533 234 88 12
-0.036943604 0.22131153 0.31748716 234 88 12
0.015126189 0.21923214 0.32131758 234 88 12
0.044632867 0.21839254 0.32360734 234 88 12
0.052058621 0.21823672 0.32428366 234 88 12
0.081886737 0.21756512 0.32634248 234 88 12
0.10145254 0.21714751 0.32754468 234 88 12
0.11136995 0.21681223 0.32799111 234 88 12
0.13862693 0.21582814 0.32898302 234 88 12
0.16074079 0.21499638 0.3297053 234 88 12
0.17803877 0.21410007 0.33042101 234 88 12
-0.46009782 0.2299356 0.29754871 234 88 12
-0.43834433 0.22907357 0.29998738 234 88 12
-0.38532421 0.22716917 0.30123075 234 88 12
-0.32163244 0.22677097 0.30314824 234 88 12
-0.29909972 0.22694953 0.3030527 234 88 12
-0.23923214 0.22581619 0.30339768 234 88 12
-0.23422444 0.22561598 0.30363287 234 88 12
-0.19694789 0.22391297 0.30550704 234 88 12
-0.17261616 0.2227919 0.3069101 234 88 12
-0.13882602 0.22207043 0.30903125 234 88 12
-0.099649681 0.2209484 0.31210377 234 88 12
0.010127414 0.21690723 0.32067942 234 88 12
0.10138544 0.21469367 0.32718511 234 88 12
0.15336329 0.21285395 0.32909977 234 88 12
0.20493617 0.21057864 0.33126418 234 88 12
0.21231825 0.2102216 0.33156719 234 88 12
0.2246997 0.2096506 0.33210102 234 88 12
0.22963724 0.20944013 0.33236262 234 88 12
0.29772821 0.20666183 0.3368782 234 88 12
-0.4478174 0.22695542 0.29878481 234 88 12
-0.42652165 0.22648926 0.30005563 234 88 12
-0.30423983 0.22441237 0.30271202 234 88 12
-0.29672544 0.22446627 0.30275266 234 88 12
-0.28170446 0.22442961 0.30264695 234 88 12
-0.22430591 0.22279922 0.30375228 234 88 12
-0.22180022 0.22272328 0.30376888 234 88 12
-0.18475818 0.22074568 0.30591745 234 88 12
-0.17748102 0.22044856 0.30629021 234 88 12
-0.16784897 0.22011109 0.30688085 234 88 12
-0.04964072 0.21669416 0.31604766 234 88 12
0.084180446 0.2126521 0.3256481 234 88 12
0.2000732 0.20829787 0.33082742 234 88 12
0.22216823 0.20732999 0.33165116 234 88 12
-0.40227376 0.2231129 0.29945685 234 88 12
-0.36614709 0.22191993 0.30165682 234 88 12
-0.35401821 0.22181785 0.302208 234 88 12
-0.32433767 0.2217842 0.30258257 234 88 12
-0.31187874 0.22186219 0.3025325 234 88 12
-0.26933884 0.22176167 0.30224736 234 88 12
-0.25697221 0.2214877 0.30233129 234 88 12
-0.23437709 0.22069463 0.3030707 234 88 12
-0.22936909 0.22051274 0.30318267 234 88 12
-0.10706681 0.21604495 0.31089115 234 88 12
-0.070108747 0.21493421 0.31410357 234 88 12
-0.054823036 0.21432887 0.31536298 234 88 12
0.0050819806 0.21207619 0.31967837 234 88 12
0.069164778 0.2106072 0.32440835 234 88 12
0.11860664 0.20920989 0.32722156 234 88 12
0.19516041 0.20607419 0.33034706 234 88 12
-0.42659675 0.22173164 0.29927799 234 88 12
-0.35654235 0.2194201 0.30178931 234 88 12
-0.26449021 0.21923587 0.30190749 234 88 12
-0.26199743 0.21919828 0.30190611 234 88 12
-0.17997213 0.21552419 0.30561471 234 88 12
-0.16552036 0.21500941 0.30656714 234 88 12
-0.054892923 0.2117452 0.31513423 234 88 12
-0.017320643 0.21029593 0.31786115 234 88 12
-0.0048908247 0.20986386 0.31895279 234 88 12
0.081514472 0.20782834 0.32478237 234 88 12
0.12345121 0.20656553 0.32708293 234 88 12
0.14330605 0.20587228 0.32789028 234 88 12
0.21222774 0.20289281 0.33071213 234 88 12
0.21470146 0.20279084 0.33084027 234 88 12
0.25230492 0.20118438 0.3322129 234 88 12
0.27333756 0.20018037 0.33295708 234 88 12
0.31083823 0.19833161 0.33766938 234 88 12
0.31625862 0.19820245 0.33785537 234 88 12
-0.3045172 0.21694019 0.30170147 234 88 12
-0.28952205 0.21706895 0.30159174 234 88 12
-0.28200157 0.21703159 0.30161247 234 88 12
-0.20204648 0.21420831 0.30415665 234 88 12
-0.19464195 0.21378637 0.30464796 234 88 12
-0.18973122 0.21351552 0.30491519 234 88 12
-0.1848475 0.21326402 0.30517553 234 88 12
-0.16316133 0.21242437 0.30644739 234 88 12
-0.14873466 0.21218053 0.30735509 234 88 12
-0.14145841 0.21197839 0.30784288 234 88 12
-0.12429998 0.21149176 0.30902278 234 88 12
-0.08771448 0.21033273 0.31210339 234 88 12
-0.019870882 0.20784732 0.31741193 234 88 12
-0.0024282383 0.20725145 0.31876713 234 88 12
0.039315198 0.20624041 0.32147723 234 88 12
0.13579209 0.20368029 0.32724585 234 88 12
0.1579629 0.20297148 0.32807123 234 88 12
0.16041929 0.20288779 0.32821697 234 88 12
0.17779689 0.20207756 0.32887264 234 88 12
0.18521755 0.20171696 0.32917058 234 88 12
0.18769073 0.20161031 0.32932389 234 88 12
0.19013365 0.20147887 0.32947002 234 88 12
0.20727311 0.20071466 0.33018331 234 88 12
0.23955374 0.19919802 0.33150074 234 88 12
0.25485491 0.19859418 0.33195838 234 88 12
0.32688902 0.19550887 0.33765342 234 88 12
-0.45295231 0.21764892 0.29648968 234 88 12
-0.43382255 0.21710414 0.29842363 234 88 12
-0.36626857 0.21483221 0.30051261 234 88 12
-0.32211978 0.21443002 0.30150497 234 88 12
-0.21199184 0.21227952 0.30321064 234 88 12
-0.16798671 0.21006301 0.3058267 234 88 12
-0.15601066 0.20978225 0.3066612 234 88 12
-0.15116543 0.2096948 0.30694449 234 88 12
0.044115236 0.20372257 0.32156321 234 88 12
0.086224136 0.20285451 0.32433676 234 88 12
0.10596996 0.20221786 0.32563295 234 88 12
0.1456626 0.20088571 0.32725587 234 88 12
0.21466695 0.19789401 0.33020187 234 88 12
0.2221199 0.19752828 0.33049153 234 88 12
0.25744681 0.19596737 0.33172515 234 88 12
0.28634733 0.19446781 0.33434838 234 88 12
-0.31466478 0.21195282 0.30111496 234 88 12
-0.29220714 0.21215621 0.30091202 234 88 12
-0.28970732 0.21215336 0.30089 234 88 12
-0.077947882 0.20486247 0.31260979 234 88 12
0.091024965 0.20025167 0.32439113 234 88 12
0.21468894 0.19546781 0.32985821 234 88 12
0.32915203 0.19034414 0.33713833 234 88 12
-0.27227188 0.20958324 0.30051636 234 88 12
-0.26733188 0.20952019 0.30056849 234 88 12
-0.22466438 0.20802301 0.30191997 234 88 12
-0.17529189 0.20536494 0.30482244 234 88 12
-0.039930232 0.20092517 0.31520478 234 88 12
-0.0075853848 0.19982355 0.3175016 234 88 12
0.063511677 0.19861539 0.32226595 234 88 12
0.15765742 0.19573787 0.32714266 234 88 12
0.24204892 0.19180018 0.3306781 234 88 12
0.29939894 0.18854227 0.33614171 234 88 12
0.33421886 0.18783845 0.33640626 234 88 12
-0.44587582 0.21032818 0.29614602 234 88 12
-0.43639102 0.21003919 0.29712757 234 88 12
-0.43401702 0.20999699 0.2972883 234 88 12
-0.42427016 0.20974954 0.29736494 234 88 12
-0.29731162 0.20720567 0.30021784 234 88 12
-0.27485761 0.20718469 0.30014404 234 88 12
-0.21723085 0.20521462 0.30211553 234 88 12
-0.17291903 0.2028054 0.30479648 234 88 12
-0.1705128 0.20272134 0.30499504 234 88 12
-0.13912811 0.20186154 0.30690314 234 88 12
-0.12679806 0.20142626 0.30785307 234 88 12
-0.080477691 0.19984089 0.31193667 234 88 12
0.029340206 0.196614 0.31958507 234 88 12
0.031776617 0.19659532 0.31969334 234 88 12
0.036622643 0.19652166 0.31999444 234 88 12
0.073369172 0.19593254 0.32261249 234 88 12
-0.41455335 0.20707781 0.29690797 234 88 12
-0.40481153 0.20677623 0.29679726 234 88 12
-0.40236994 0.20669609 0.29687158 234 88 12
-0.35425598 0.20519361 0.29962821 234 88 12
-0.28487004 0.20486033 0.2998428 234 88 12
-0.27991951 0.2048225 0.2999221 234 88 12
-0.22992805 0.2034896 0.30105299 234 88 12
-0.22739831 0.20334907 0.3012524 234 88 12
-0.14889802 0.19967099 0.30598462 234 88 12
-0.14160608 0.19946394 0.30651882 234 88 12
-0.11215653 0.19843298 0.30884818 234 88 12
0.08824585 0.19305829 0.32318584 234 88 12
0.095692478 0.19277696 0.32362206 234 88 12
0.1057185 0.19234715 0.32426048 234 88 12
0.15998301 0.19088452 0.32657961 234 88 12
0.18228196 0.18994571 0.3274792 234 88 12
0.25737479 0.18606545 0.33059754 234 88 12
-0.40240946 0.20438049 0.29651185 234 88 12
-0.35666101 0.20292223 0.29919122 234 88 12
-0.33478551 0.20248056 0.29961208 234 88 12
-0.27751549 0.20240156 0.29962202 234 88 12
-0.23513927 0.20139804 0.30049752 234 88 12
-0.18518858 0.19857384 0.30350001 234 88 12
-0.17790446 0.19821593 0.30385223 234 88 12
-0.11458432 0.19607581 0.30833326 234 88 12
-0.10484395 0.19569814 0.30923213 234 88 12
-0.075507027 0.19470117 0.31174468 234 88 12
-0.010220768 0.1925396 0.31637344 234 88 12
-0.0052302695 0.19241741 0.31663964 234 88 12
0.017028338 0.19200179 0.31801283 234 88 12
0.058327694 0.19143935 0.32104893 234 88 12
0.078250275 0.19093052 0.3222979 234 88 12
0.11320478 0.18967262 0.32423613 234 88 12
0.21707566 0.1857164 0.32880446 234 88 12
0.26242213 0.18335387 0.33052436 234 88 12
0.30430932 0.18070045 0.33620112 234 88 12
-0.38548773 0.20150075 0.29707704 234 88 12
-0.34455083 0.20030184 0.2991794 234 88 12
-0.29250851 0.20000714 0.29926844 234 88 12
-0.27509819 0.20001245 0.29929654 234 88 12
-0.12197299 0.19387659 0.30747502 234 88 12
-0.055291327 0.19152344 0.31296723 234 88 12
-0.025246277 0.1905185 0.31512109 234 88 12
0.016945335 0.18963563 0.31773953 234 88 12
0.050946375 0.18914509 0.32006092 234 88 12
0.22698775 0.18283236 0.32886195 234 88 12
0.24450434 0.18194044 0.32955288 234 88 12
0.24703098 0.18177572 0.32965273 234 88 12
0.27787604 0.17997441 0.33126814 234 88 12
-0.44144139 0.20093655 0.29516133 234 88 12
-0.35183021 0.19819528 0.29858423 234 88 12
-0.30254648 0.19752321 0.29899406 234 88 12
-0.21763741 0.19580137 0.30085327 234 88 12
-0.17812846 0.19347932 0.30343184 234 88 12
-0.17327979 0.19323535 0.30381151 234 88 12
-0.14904518 0.1924258 0.30532904 234 88 12
-0.14664229 0.19233664 0.30548861 234 88 12
-0.10739178 0.19089841 0.30848001 234 88 12
-0.085481706 0.19011952 0.31040617 234 88 12
-0.068018133 0.18953596 0.31178065 234 88 12
-0.03778673 0.18851128 0.31406569 234 88 12
0.053351286 0.18671942 0.31987362 234 88 12
0.06071204 0.18658477 0.32051257 234 88 12
0.070639144 0.18630189 0.32111272 234 88 12
0.075674619 0.18615151 0.32146119 234 88 12
0.16245941 0.18363207 0.32571989 234 88 12
0.17222693 0.18334042 0.32607038 234 88 12
0.19949275 0.18213669 0.32738757 234 88 12
0.21450103 0.18121667 0.32792389 234 88 12
0.2597407 0.17863058 0.32973041 234 88 12
0.272613 0.17781485 0.33042114 234 88 12
0.28816299 0.17666843 0.33282824 234 88 12
-0.42952368 0.19831639 0.29555096 234 88 12
-0.40254774 0.19745162 0.29547047 234 88 12
-0.38796958 0.19701532 0.29621302 234 88 12
-0.30759446 0.19513612 0.29879818 234 88 12
-0.25306091 0.19509628 0.29908187 234 88 12
-0.22028658 0.19363643 0.30043334 234 88 12
-0.20527385 0.19272781 0.30123759 234 88 12
-0.19287013 0.19197441 0.30221514 234 88 12
-0.18799222 0.19166515 0.30256861 234 88 12
-0.045368294 0.18633415 0.31323897 234 88 12
-0.027933191 0.18580467 0.31437796 234 88 12
-0.0079875801 0.18535816 0.31560945 234 88 12
0.01924107 0.18492192 0.31719613 234 88 12
0.085643156 0.18342798 0.32174808 234 88 12
0.1156365 0.18236321 0.32328158 234 88 12
0.140495 0.18170948 0.32441856 234 88 12
0.16250637 0.18123594 0.32539881 234 88 12
0.21446863 0.1788881 0.32758283 234 88 12
0.22195314 0.17841007 0.32791282 234 88 12
0.23940369 0.17744368 0.32861853 234 88 12
0.2419166 0.17730147 0.3287202 234 88 12
0.27766514 0.17500185 0.33056503 234 88 12
0.30128194 0.17332814 0.33530103 234 88 12
0.30391818 0.1731734 0.33566227 234 88 12
-0.39042481 0.19479922 0.29566298 234 88 12
-0.35668443 0.19371744 0.29770169 234 88 12
-0.31515586 0.1927625 0.29863599 234 88 12
-0.2630495 0.19296277 0.29848366 234 88 12
-0.22294134 0.19152227 0.2999296 234 88 12
-0.20291026 0.19031516 0.3011078 234 88 12
-0.17352452 0.18856225 0.30334938 234 88 12
-0.17109519 0.18844019 0.30348657 234 88 12
-0.11974204 0.1865873 0.30687992 234 88 12
-0.11727989 0.18649193 0.30711954 234 88 12
-0.073137859 0.18484376 0.31093664 234 88 12
-0.052976863 0.18420984 0.3123269 234 88 12
-0.028052884 0.18343833 0.31407754 234 88 12
-0.025581846 0.18337485 0.31422016 234 88 12
0.033826577 0.18230823 0.31776198 234 88 12
0.1255182 0.17977135 0.32346541 234 88 12
0.14790624 0.17914433 0.32443972 234 88 12
0.19450279 0.17761205 0.32652839 234 88 12
0.19948556 0.17737284 0.32679091 234 88 12
0.29049159 0.17155674 0.33279384 234 88 12
0.31431469 0.17033416 0.33622154 234 88 12
-0.45391146 0.1946352 0.29239138 234 88 12
-0.39531994 0.19261712 0.29500888 234 88 12
-0.3734275 0.19200186 0.29631655 234 88 12
-0.37104346 0.19191996 0.29655164 234 88 12
-0.36386276 0.19165381 0.29699172 234 88 12
-0.30769927 0.19043014 0.29819241 234 88 12
-0.29522165 0.19053542 0.29804109 234 88 12
-0.29272663 0.19054241 0.2980196 234 88 12
-0.25576957 0.19055811 0.29833874 234 88 12
-0.2105211 0.18851199 0.30023167 234 88 12
-0.14690771 0.18522388 0.30471441 234 88 12
0.019107796 0.18022468 0.31649489 234 88 12
0.043514258 0.17974052 0.31816388 234 88 12
0.055728167 0.17949003 0.31910446 234 88 12
0.2723012 0.17037553 0.32941749 234 88 12
-0.45656082 0.19254387 0.29150585 234 88 12
-0.44176032 0.19182765 0.29355645 234 88 12
-0.39291526 0.19022427 0.29480941 234 88 12
-0.38071092 0.18994195 0.29543904 234 88 12
-0.3421701 0.18866694 0.29743101 234 88 12
-0.307729 0.18806119 0.29787614 234 88 12
-0.26323195 0.18830548 0.29783221 234 88 12
-0.2409136 0.18785099 0.29841297 234 88 12
-0.21065104 0.18623341 0.2999426 234 88 12
-0.146991 0.18285692 0.30445669 234 88 12
-0.11247021 0.18148562 0.30702159 234 88 12
-0.023306731 0.17857676 0.31366229 234 88 12
0.0041547136 0.17807447 0.31529848 234 88 12
0.075533336 0.17651384 0.32004978 234 88 12
0.097993343 0.17578627 0.32130064 234 88 12
0.11301973 0.17525391 0.32213623 234 88 12
0.13542896 0.17477127 0.32326063 234 88 12
0.29551906 0.16629207 0.33364807 234 88 12
0.32447394 0.16541593 0.33551222 234 88 12
0.32977798 0.16546181 0.33501468 234 88 12
-0.39292845 0.18789933 0.29438009 234 88 12
-0.37822401 0.18753628 0.295228 234 88 12
-0.34695467 0.18642574 0.29703571 234 88 12
-0.34212436 0.18631605 0.29706546 234 88 12
-0.28783145 0.18586845 0.29745134 234 88 12
-0.2681898 0.18600218 0.29746874 234 88 12
-0.13718282 0.18011687 0.30482258 234 88 12
-0.097818632 0.178453 0.30810351 234 88 12
-0.070702093 0.17743664 0.31033973 234 88 12
-0.003456789 0.1758252 0.31452907 234 88 12
0.045867344 0.17491763 0.31762191 234 88 12
0.14033656 0.17224781 0.32304743 234 88 12
0.1478192 0.17208319 0.32341125 234 88 12
0.2093866 0.16970647 0.32623955 234 88 12
0.25179837 0.16710331 0.32764088 234 88 12
0.30602958 0.16323037 0.33511311 234 88 12
-0.45426677 0.18784721 0.29108231 234 88 12
-0.410081 0.18600946 0.29352674 234 88 12
-0.40516055 0.18588462 0.29350407 234 88 12
-0.35653304 0.18439336 0.29618962 234 88 12
-0.33966513 0.18384647 0.29687529 234 88 12
-0.30774513 0.18331202 0.29727695 234 88 12
-0.27067448 0.18366305 0.2971191 234 88 12
-0.23606954 0.1830504 0.29786489 234 88 12
-0.2285252 0.18267722 0.29828562 234 88 12
-0.21594532 0.18200019 0.29902753 234 88 12
-0.13231422 0.17756484 0.30494779 234 88 12
-0.11993213 0.17703247 0.30573913 234 88 12
-0.10273537 0.17624672 0.30730802 234 88 12
-0.070728199 0.1749991 0.31001761 234 88 12
-0.033392377 0.17400172 0.31250999 234 88 12
0.11784088 0.17038829 0.32157172 234 88 12
0.15510072 0.16954346 0.32337926 234 88 12
0.15752451 0.16949403 0.32354031 234 88 12
0.16239217 0.16938054 0.32380794 234 88 12
0.23173814 0.16593508 0.32651018 234 88 12
0.29800933 0.16125089 0.33354325 234 88 12
0.30850313 0.16071634 0.33511223 234 88 12
0.31110017 0.16065485 0.33524229 234 88 12
-0.44939311 0.18527489 0.29128369 234 88 12
-0.42505324 0.18426746 0.2932215 234 88 12
-0.41263283 0.18373622 0.29315327 234 88 12
-0.36132735 0.18218665 0.2955816 234 88 12
-0.35892087 0.1821037 0.29571976 234 88 12
-0.26828252 0.18135314 0.29675962 234 88 12
-0.18139495 0.17754207 0.30122343 234 88 12
-0.15457678 0.1760874 0.303164 234 88 12
-0.1200188 0.17465849 0.30544669 234 88 12
-0.1101671 0.17420538 0.30638699 234 88 12
-0.068263255 0.17248547 0.30991407 234 88 12
0.095195871 0.16864796 0.32005627 234 88 12
0.15502104 0.16717148 0.32297665 234 88 12
0.16473382 0.16696011 0.32346173 234 88 12
0.17701769 0.16651455 0.32387759 234 88 12
0.25674862 0.16191226 0.32707005 234 88 12
0.25926519 0.16173066 0.3271375 234 88 12
0.29524823 0.15895557 0.33255629 234 88 12
0.2979273 0.15880885 0.33320266 234 88 12
-0.41761965 0.18162053 0.29265394 234 88 12
-0.39537282 0.18089276 0.29305918 234 88 12
-0.31020716 0.17853544 0.29671218 234 88 12
-0.25617216 0.17900712 0.29667762 234 88 12
-0.23126073 0.17820081 0.29740738 234 88 12
-0.18152662 0.17526707 0.30080477 234 88 12
-0.11021204 0.17180654 0.30610793 234 88 12
-0.097919532 0.17117236 0.30711947 234 88 12
-0.021152477 0.16896237 0.31248719 234 88 12
-0.0063058777 0.16869956 0.31329552 234 88 12
0.0087729943 0.16854258 0.31412583 234 88 12
0.013797213 0.16850211 0.31436943 234 88 12
0.18194806 0.16387243 0.32374412 234 88 12
0.2617383 0.15916689 0.32690205 234 88 12
0.26927372 0.15861353 0.32727625 234 88 12
0.28710062 0.15711077 0.33011862 234 88 12
0.28974156 0.15687585 0.33086705 234 88 12
0.3056489 0.15603381 0.33425677 234 88 12
-0.40524444 0.17881873 0.29217924 234 88 12
-0.35402026 0.1771609 0.29535695 234 88 12
-0.32989193 0.1764047 0.29630197 234 88 12
-0.30031295 0.17622137 0.29636514 234 88 12
-0.27321746 0.17655746 0.29619254 234 88 12
-0.073314321 0.16781706 0.3087623 234 88 12
-0.033615584 0.16679554 0.31157463 234 88 12
-0.028660908 0.16666915 0.31183984 234 88 12
-0.008907542 0.16634831 0.31281074 234 88 12
-0.0064185106 0.1663231 0.31292629 234 88 12
0.023588628 0.16592032 0.31462921 234 88 12
0.057914026 0.16498353 0.31710312 234 88 12
0.17691303 0.16170254 0.32317411 234 88 12
0.25164516 0.15740003 0.32619317 234 88 12
0.26667222 0.15643678 0.32685237 234 88 12
0.28440262 0.1549419 0.32892938 234 88 12
-0.44481452 0.17807676 0.29052777 234 88 12
-0.43264339 0.17757321 0.29160873 234 88 12
-0.42523072 0.17726112 0.29174746 234 88 12
-0.29291602 0.17397996 0.29608381 234 88 12
-0.28551544 0.17406979 0.29597236 234 88 12
-0.21143972 0.17250808 0.29788796 234 88 12
-0.18667411 0.17102457 0.29979766 234 88 12
-0.15729291 0.16917382 0.30199662 234 88 12
-0.083227101 0.16574268 0.30772214 234 88 12
0.013595176 0.16368687 0.31361882 234 88 12
0.053059728 0.16266259 0.31616473 234 88 12
0.082452166 0.16168751 0.31827618 234 88 12
0.08492714 0.16163755 0.31836603 234 88 12
0.11738613 0.16066138 0.32005066 234 88 12
0.1693422 0.15970022 0.32248281 234 88 12
0.27156523 0.15369509 0.32664746 234 88 12
-0.4302766 0.17516369 0.29116157 234 88 12
-0.27579824 0.1717261 0.29557505 234 88 12
-0.24159686 0.17157378 0.29593348 234 88 12
-0.22912986 0.17108671 0.29648152 234 88 12
-0.21404032 0.17032763 0.29732653 234 88 12
-0.1525646 0.16659537 0.30201497 234 88 12
-0.0337714 0.16191922 0.31087103 234 88 12
-0.011570732 0.16157188 0.31209061 234 88 12
0.0084859973 0.16127399 0.312972 234 88 12
0.030929827 0.16085686 0.31430248 234 88 12
0.043332857 0.16041984 0.315202 234 88 12
0.062634125 0.1599251 0.31668764 234 88 12
0.11727003 0.15821506 0.31964602 234 88 12
0.18677007 0.15641235 0.32293159 234 88 12
0.22911439 0.15414016 0.32465969 234 88 12
0.25904174 0.1520856 0.32573497 234 88 12
0.2841438 0.15014746 0.32822115 234 88 12
-0.36354547 0.17040549 0.29364099 234 88 12
-0.35634626 0.17010086 0.29417871 234 88 12
-0.28565754 0.16927519 0.2953688 234 88 12
-0.16737923 0.16504304 0.3005988 234 88 12
-0.14036376 0.16358434 0.30246622 234 88 12
-0.043803741 0.15975551 0.30983099 234 88 12
0.00080954772 0.15890475 0.31249119 234 88 12
0.02088682 0.15870635 0.31330383 234 88 12
0.12215319 0.15575213 0.31940459 234 88 12
0.1246457 0.15574774 0.31947227 234 88 12
0.17171222 0.15476222 0.32185139 234 88 12
0.20162022 0.15336971 0.32332356 234 88 12
0.22905452 0.15172088 0.32429966 234 88 12
0.32603439 0.14633773 0.33292791 234 88 12
-0.46788778 0.172638 0.28563256 234 88 12
-0.37321438 0.16832907 0.29259861 234 88 12
-0.26628551 0.16704124 0.29506635 234 88 12
-0.25419037 0.16712048 0.29516967 234 88 12
-0.15278511 0.16186535 0.30136521 234 88 12
0.074816762 0.15453929 0.31666426 234 88 12
0.11959905 0.1532631 0.31895854 234 88 12
0.14197288 0.15294425 0.32016942 234 88 12
0.17413349 0.15218593 0.32163922 234 88 12
0.17917552 0.15195793 0.32179117 234 88 12
0.1916001 0.15140965 0.32242897 234 88 12
0.19907836 0.15107494 0.32278202 234 88 12
0.22900704 0.1492913 0.32392713 234 88 12
0.26136007 0.1471211 0.32512763 234 88 12
0.3232768 0.14399004 0.33281175 234 88 12
-0.44535977 0.16887725 0.28896125 234 88 12
-0.36116129 0.165517 0.2931153 234 88 12
-0.25919339 0.1646719 0.29488247 234 88 12
-0.1701266 0.16051446 0.29983071 234 88 12
-0.16521926 0.16019075 0.3002038 234 88 12
-0.11820496 0.15778465 0.30342826 234 88 12
-0.066219586 0.15538134 0.30753381 234 88 12
-0.024178278 0.1544071 0.31037327 234 88 12
-0.0068390613 0.15417847 0.31136079 234 88 12
0.025716559 0.15369049 0.3128508 234 88 12
0.12696645 0.1507379 0.31890578 234 88 12
0.14437844 0.15043898 0.31986104 234 88 12
0.31261285 0.14167984 0.3327855 234 88 12
0.31782635 0.14164546 0.33276928 234 88 12
-0.43322762 0.16592915 0.28955492 234 88 12
-0.2617269 0.16218348 0.29452876 234 88 12
-0.081165629 0.15355347 0.30595308 234 88 12
-0.014388497 0.15184057 0.31055298 234 88 12
-0.011919643 0.15179616 0.31074177 234 88 12
-0.0044300172 0.15170045 0.31104289 234 88 12
0.043086109 0.15065909 0.31354315 234 88 12
0.22636413 0.14460178 0.32314529 234 88 12
-0.42081131 0.16304388 0.28942146 234 88 12
-0.41074702 0.16260602 0.28948179 234 88 12
-0.27144305 0.15962164 0.29415002 234 88 12
-0.25700086 0.15972293 0.29427129 234 88 12
-0.24474299 0.15960913 0.29440389 234 88 12
-0.23478305 0.15933089 0.29460285 234 88 12
-0.19486684 0.15739922 0.29710873 234 88 12
-0.17039355 0.15580655 0.29908443 234 88 12
-0.12100068 0.15307402 0.30236493 234 88 12
-0.051628201 0.15016964 0.3077389 234 88 12
-0.026874513 0.14957774 0.30944509 234 88 12
-0.019421747 0.14945647 0.30984249 234 88 12
-0.014478223 0.14938683 0.31016149 234 88 12
0.074655865 0.14708625 0.31555911 234 88 12
0.077104042 0.14699795 0.31570683 234 88 12
0.086997251 0.14661483 0.31619635 234 88 12
0.094456186 0.14639907 0.31653777 234 88 12
0.099425114 0.14624584 0.31682185 234 88 12
0.13420419 0.14564637 0.31859555 234 88 12
0.17641683 0.14477424 0.32051826 234 88 12
0.24610757 0.14087916 0.32376231 234 88 12
0.31229004 0.13689578 0.33229635 234 88 12
-0.44821192 0.16211656 0.28763773 234 88 12
-0.44329171 0.16183438 0.28805891 234 88 12
-0.32020459 0.15685945 0.29415546 234 88 12
-0.27156712 0.15716255 0.29390367 234 88 12
-0.078957966 0.14866436 0.30546481 234 88 12
-0.049275305 0.14767184 0.30755417 234 88 12
-0.034479148 0.14730105 0.3086103 234 88 12
0.0078930009 0.14661465 0.31073644 234 88 12
0.02295589 0.14635354 0.31154742 234 88 12
0.025467938 0.14629726 0.31169411 234 88 12
0.055134113 0.14527488 0.31365861 234 88 12
0.099378086 0.14375001 0.31646566 234 88 12
0.11682296 0.14334726 0.31735969 234 88 12
0.23606635 0.13908353 0.32298415 234 88 12
0.30958276 0.13453776 0.33189975 234 88 12
0.31215372 0.1345125 0.33200233 234 88 12
-0.38324981 0.15681749 0.2903151 234 88 12
-0.37828389 0.15667869 0.29067841 234 88 12
-0.37585726 0.1565912 0.29086093 234 88 12
-0.37100408 0.15636205 0.29125965 234 88 12
-0.36615734 0.15615103 0.29161174 234 88 12
-0.35161539 0.15556206 0.29263555 234 88 12
-0.32746286 0.15458552 0.29374589 234 88 12
-0.21741652 0.15368972 0.29457599 234 88 12
-0.14857663 0.14960798 0.29982401 234 88 12
-0.12620755 0.14853703 0.30112183 234 88 12
-0.10868816 0.14768518 0.30245954 234 88 12
-0.076639936 0.14617873 0.30522931 234 88 12
0.020380455 0.14394544 0.31109966 234 88 12
0.072125428 0.1422317 0.31455399 234 88 12
0.11927778 0.14085449 0.3170321 234 88 12
0.2110369 0.13828598 0.32145526 234 88 12
0.31199257 0.13214215 0.33167182 234 88 12
0.31977245 0.13222158 0.33148133 234 88 12
-0.43370265 0.15659892 0.28806996 234 88 12
-0.37348888 0.15410774 0.2907316 234 88 12
-0.28634518 0.15208987 0.29333556 234 88 12
-0.25971451 0.15228002 0.29332523 234 88 12
-0.2425939 0.15217183 0.29337308 234 88 12
-0.20010071 0.15042765 0.29546374 234 88 12
-0.15851791 0.14786802 0.29868152 234 88 12
-0.084098281 0.14411874 0.30418684 234 88 12
-0.074307184 0.14370775 0.30500178 234 88 12
-0.069346958 0.1435194 0.30535264 234 88 12
-0.0097407515 0.14197615 0.30915537 234 88 12
0.015302189 0.14161996 0.3103374 234 88 12
0.03285701 0.14125846 0.31128828 234 88 12
0.22338278 0.13512454 0.32162321 234 88 12
0.22834007 0.13475644 0.32192161 234 88 12
0.2606017 0.13263385 0.32313008 234 88 12
0.28543294 0.13101665 0.32619336 234 88 12
-0.36138815 0.15119186 0.29132957 234 88 12
-0.26220435 0.14981548 0.29304218 234 88 12
-0.24269751 0.14965722 0.29308853 234 88 12
-0.23267691 0.14937797 0.29328031 234 88 12
-0.21758746 0.1487502 0.29393275 234 88 12
-0.12892548 0.14393242 0.30006628 234 88 12
-0.10388343 0.14272442 0.30194911 234 88 12
-0.091572348 0.14214766 0.30301607 234 88 12
-0.07690314 0.1414586 0.30430766 234 88 12
-0.066996925 0.14104491 0.30503098 234 88 12
-0.047182709 0.14033546 0.30664272 234 88 12
-0.002315666 0.13942957 0.30903469 234 88 12
0.099193786 0.13637598 0.31525717 234 88 12
0.10169091 0.13630579 0.31542943 234 88 12
0.10666388 0.1361872 0.31567835 234 88 12
0.22075614 0.1328486 0.32115191 234 88 12
0.27522577 0.12927253 0.32371139 234 88 12
-0.38837238 0.1497646 0.28901909 234 88 12
-0.34213154 0.14802794 0.29231807 234 88 12
-0.31305524 0.1472219 0.29299505 234 88 12
-0.24030137 0.1470944 0.29282195 234 88 12
-0.23018715 0.14677956 0.29304776 234 88 12
-0.11148708 0.14076364 0.30091471 234 88 12
0.010145259 0.13681862 0.30915707 234 88 12
0.030201595 0.13649259 0.31029268 234 88 12
0.081765281 0.13456405 0.31377113 234 88 12
0.094118522 0.13414119 0.31447831 234 88 12
0.1189975 0.13357869 0.31572675 234 88 12
0.19318065 0.13184033 0.3195791 234 88 12
0.20066837 0.13148092 0.31995088 234 88 12
0.21816732 0.13052831 0.32065627 234 88 12
0.28513286 0.12619023 0.32555443 234 88 12
0.32990265 0.12528967 0.32996743 234 88 12
-0.43400415 0.14955925 0.28666554 234 88 12
-0.4086 0.1482189 0.28741679 234 88 12
-0.32273265 0.14503673 0.29260078 234 88 12
-0.32033868 0.14499019 0.29264992 234 88 12
-0.25751354 0.14487995 0.29238615 234 88 12
-0.2428374 0.14464166 0.29245718 234 88 12
-0.21773957 0.14379526 0.2931949 234 88 12
-0.19543081 0.14290371 0.29465393 234 88 12
-0.15639369 0.14061468 0.29751475 234 88 12
-0.15390531 0.14046474 0.29769951 234 88 12
-0.054878773 0.13582927 0.30527761 234 88 12
-0.04496336 0.13553397 0.30592132 234 88 12
-0.032432325 0.13513772 0.30664625 234 88 12
-0.027403637 0.13503559 0.30694058 234 88 12
0.054718561 0.13322659 0.31158928 234 88 12
0.24043029 0.12666605 0.32143183 234 88 12
0.24289997 0.12646583 0.32152633 234 88 12
0.2984151 0.12301975 0.32910317 234 88 12
-0.4365975 0.14735395 0.28614892 234 88 12
-0.34218698 0.14330558 0.29175753 234 88 12
-0.33002896 0.1428793 0.29221375 234 88 12
-0.2721351 0.14244513 0.29208105 234 88 12
-0.26246492 0.1424374 0.29204642 234 88 12
-0.25517256 0.14239919 0.29198741 234 88 12
-0.20539335 0.14079807 0.29350583 234 88 12
-0.1759505 0.13948984 0.29588421 234 88 12
-0.17350731 0.13932146 0.29601279 234 88 12
-0.16622258 0.13885821 0.29652383 234 88 12
-0.11420166 0.13627203 0.29986466 234 88 12
-0.089518648 0.13503939 0.30194607 234 88 12
-0.07484781 0.13438091 0.30318912 234 88 12
0.0025544279 0.13212356 0.30796245 234 88 12
0.01749311 0.13192583 0.30876785 234 88 12
0.047323637 0.13112829 0.31061544 234 88 12
0.052208937 0.13097369 0.31096614 234 88 12
0.135853 0.12871986 0.31584509 234 88 12
0.14077529 0.12864389 0.31612596 234 88 12
0.18299457 0.12736114 0.31827421 234 88 12
0.21294628 0.12587563 0.31974062 234 88 12
0.30857084 0.12042635 0.32993056 234 88 12
-0.46645966 0.14673025 0.28196966 234 88 12
-0.4317051 0.14475939 0.28596969 234 88 12
-0.37127048 0.1420522 0.28944738 234 88 12
-0.30112349 0.14009471 0.29205625 234 88 12
-0.27944505 0.14006446 0.29179609 234 88 12
-0.22042934 0.13893607 0.2923075 234 88 12
-0.21791095 0.13885256 0.29240207 234 88 12
-0.18338862 0.13753513 0.29486372 234 88 12
-0.14431971 0.13526394 0.29730816 234 88 12
0.13086294 0.12637722 0.31516487 234 88 12
0.15540801 0.12604014 0.31631956 234 88 12
0.31102579 0.11803919 0.32971742 234 88 12
-0.3083806 0.13774777 0.29182671 234 88 12
-0.30115295 0.13774209 0.29173826 234 88 12
-0.26985775 0.13762311 0.29130592 234 88 12
-0.26744999 0.13762102 0.29132072 234 88 12
-0.16884394 0.13426272 0.29548722 234 88 12
-0.15182253 0.13334598 0.29648743 234 88 12
-0.13447449 0.13240312 0.29744672 234 88 12
-0.13196325 0.13232109 0.29762548 234 88 12
-0.12195028 0.1319716 0.29840951 234 88 12
-0.082471442 0.13012924 0.30174709 234 88 12
-0.030152273 0.1280143 0.30555009 234 88 12
-0.010006081 0.12760415 0.30675453 234 88 12
0.052015241 0.12629396 0.30995444 234 88 12
0.10617266 0.12428205 0.31336177 234 88 12
0.11117349 0.12415673 0.31355514 234 88 12
0.17271829 0.12295743 0.31687131 234 88 12
0.23258943 0.11985024 0.31994531 234 88 12
0.25735171 0.11816049 0.32095498 234 88 12
0.2621977 0.11797598 0.32116532 234 88 12
0.28727568 0.11640341 0.32503264 234 88 12
0.31881871 0.11560083 0.32933746 234 88 12
-0.36417316 0.13718041 0.28958243 234 88 12
-0.33504279 0.13611699 0.2911536 234 88 12
-0.28917009 0.13543349 0.29124021 234 88 12
-0.27954976 0.13536132 0.2910565 234 88 12
-0.16166675 0.13152636 0.29547643 234 88 12
-0.15195324 0.13103178 0.29597823 234 88 12
-0.087463678 0.12807048 0.30086915 234 88 12
-0.072863865 0.12731835 0.30216141 234 88 12
-0.065427607 0.12696285 0.3026738 234 88 12
0.037231429 0.12449021 0.3085614 234 88 12
0.078908764 0.12276212 0.31145566 234 88 12
0.10607578 0.12191722 0.31296921 234 88 12
0.15516529 0.12126522 0.31537848 234 88 12
0.15765483 0.12120384 0.31550527 234 88 12
0.16011331 0.12111756 0.31568281 234 88 12
0.18014649 0.1201576 0.31680959 234 88 12
0.19754165 0.11949694 0.31769506 234 88 12
0.3265442 0.1132462 0.32874216 234 88 12
-0.44680251 0.13843964 0.28374487 234 88 12
-0.38871833 0.13549384 0.28721586 234 88 12
-0.35941196 0.13471138 0.2895596 234 88 12
-0.35211327 0.13441659 0.29003335 234 88 12
-0.22066006 0.13156314 0.29127855 234 88 12
-0.14714088 0.12843108 0.29585398 234 88 12
-0.065571668 0.12464923 0.30231161 234 88 12
0.0073203348 0.12268369 0.30666441 234 88 12
0.14766254 0.11901907 0.31479087 234 88 12
0.18503918 0.11751161 0.31660412 234 88 12
0.21501473 0.11587971 0.31820714 234 88 12
0.27160838 0.11268043 0.32092663 234 88 12
0.28689822 0.11160497 0.3243927 234 88 12
-0.44442772 0.13594991 0.28353571 234 88 12
-0.40903713 0.13397838 0.28532086 234 88 12
-0.40647839 0.13385523 0.28546345 234 88 12
-0.40139973 0.13365104 0.28586087 234 88 12
-0.33276929 0.13145257 0.29063681 234 88 12
-0.32790757 0.13133422 0.29085264 234 88 12
-0.31823908 0.13107474 0.29089994 234 88 12
-0.30133209 0.13079972 0.29088207 234 88 12
-0.29173799 0.13077783 0.29068295 234 88 12
-0.25061475 0.13021117 0.29019938 234 88 12
-0.22323576 0.12921714 0.29071535 234 88 12
-0.20833842 0.12871455 0.29150564 234 88 12
-0.17901019 0.12771694 0.2937028 234 88 12
-0.14234934 0.12584496 0.29571984 234 88 12
-0.10481731 0.12430639 0.29849856 234 88 12
0.019587602 0.12020448 0.30676023 234 88 12
0.10589236 0.11723912 0.31202333 234 88 12
0.11821309 0.11704575 0.3125493 234 88 12
0.16237429 0.11625952 0.31495459 234 88 12
0.22483659 0.1127908 0.31834923 234 88 12
0.26417805 0.11044155 0.32022955 234 88 12
0.27144839 0.11019633 0.32055302 234 88 12
0.28145884 0.10955925 0.32232874 234 88 12
0.32084757 0.10838455 0.32842864 234 88 12
0.32612073 0.10841854 0.32817998 234 88 12
-0.4518313 0.13394906 0.28257274 234 88 12
-0.43469787 0.13305628 0.28402817 234 88 12
-0.4321909 0.13290118 0.28421132 234 88 12
-0.41423723 0.13187242 0.28482754 234 88 12
-0.34986915 0.12967867 0.28965573 234 88 12
-0.25314532 0.12787031 0.28984993 234 88 12
-0.080628698 0.1207854 0.30014867 234 88 12
-0.040766232 0.11902936 0.30318565 234 88 12
-0.012815928 0.11834315 0.30488796 234 88 12
0.10580239 0.11492263 0.3114967 234 88 12
0.13517644 0.11443572 0.31324859 234 88 12
0.15733271 0.11400604 0.31425965 234 88 12
0.26645479 0.10785175 0.3199322 234 88 12
-0.4593613 0.13201852 0.28136095 234 88 12
-0.32808427 0.1266955 0.29021162 234 88 12
-0.080764795 0.11847678 0.29972667 234 88 12
-0.075883719 0.11819973 0.30015722 234 88 12
0.056509083 0.11444978 0.30815233 234 88 12
0.083526998 0.11327689 0.3098381 234 88 12
0.12045363 0.11231099 0.31179829 234 88 12
0.15476895 0.11169317 0.31372115 234 88 12
0.22213071 0.10802525 0.31743699 234 88 12
0.23947325 0.10683138 0.31844262 234 88 12
-0.41699259 0.12722606 0.28414762 234 88 12
-0.41183671 0.12695317 0.28440993 234 88 12
-0.39911251 0.12624792 0.28534212 234 88 12
-0.39659693 0.12616065 0.28546247 234 88 12
-0.33059432 0.12445754 0.28970975 234 88 12
-0.30154304 0.12386633 0.28999124 234 88 12
-0.27751247 0.12357375 0.28944507 234 88 12
-0.26544668 0.12338518 0.28923543 234 88 12
-0.17453671 0.1204048 0.29281793 234 88 12
-0.1477461 0.11910109 0.29411047 234 88 12
-0.11021647 0.11766029 0.29685632 234 88 12
-0.088175616 0.11652901 0.29865034 234 88 12
-0.048535458 0.11457042 0.30174737 234 88 12
0.021791184 0.11328493 0.30554955 234 88 12
0.12277304 0.10991212 0.3114151 234 88 12
0.16713122 0.10880663 0.31394892 234 88 12
0.29143096 0.10156504 0.32476421 234 88 12
0.30716713 0.10101823 0.32744467 234 88 12
-0.41962475 0.12496008 0.28369444 234 88 12
-0.41706117 0.12481507 0.28383167 234 88 12
-0.40428694 0.1241008 0.28465787 234 88 12
-0.38424361 0.12340422 0.28611775 234 88 12
-0.24348005 0.12029238 0.28881464 234 88 12
-0.21121198 0.11909543 0.28997856 234 88 12
-0.18189774 0.11832272 0.29195616 234 88 12
-0.1527821 0.11696353 0.29337744 234 88 12
-0.14044864 0.11647698 0.29414222 234 88 12
-0.098025371 0.11473667 0.297516 234 88 12
-0.085863354 0.11406036 0.29847133 234 88 12
0.11046206 0.10785202 0.31025218 234 88 12
0.14476766 0.10712307 0.31233984 234 88 12
0.1472282 0.10707801 0.31244726 234 88 12
0.26850288 0.10022709 0.31888009 234 88 12
0.30955638 0.098488947 0.3272 234 88 12
0.3173656 0.098555868 0.3272192 234 88 12
-0.37212306 0.12070574 0.28688924 234 88 12
-0.33317644 0.11987856 0.28907555 234 88 12
-0.31367294 0.1194302 0.28947466 234 88 12
-0.25333127 0.11822043 0.28844955 234 88 12
-0.21374355 0.11673693 0.28944028 234 88 12
-0.18686478 0.11609097 0.29116885 234 88 12
-0.17960215 0.1158584 0.29166585 234 88 12
-0.16266812 0.11510612 0.29240741 234 88 12
-0.078680626 0.11127107 0.29865073 234 88 12
0.11774347 0.10532346 0.31014972 234 88 12
0.14469261 0.10471674 0.31181588 234 88 12
0.15954455 0.10428782 0.31269722 234 88 12
0.17211347 0.1036792 0.31331413 234 88 12
0.20703686 0.10166225 0.31528235 234 88 12
0.23428425 0.099683268 0.31697261 234 88 12
0.25140624 0.098653849 0.31782702 234 88 12
0.26836425 0.097771432 0.31850505 234 88 12
-0.44715323 0.12163442 0.28139814 234 88 12
-0.44228217 0.12136742 0.28172121 234 88 12
-0.42483955 0.12032924 0.28277152 234 88 12
-0.41714899 0.1199233 0.28309876 234 88 12
-0.41201612 0.11964868 0.28338738 234 88 12
-0.3089095 0.11702685 0.28906594 234 88 12
-0.27037628 0.11628627 0.28825231 234 88 12
-0.15794578 0.11251932 0.29216397 234 88 12
-0.1281772 0.11132809 0.29424033 234 88 12
-0.071388432 0.10846376 0.29882082 234 88 12
0.019107483 0.10635717 0.30416229 234 88 12
0.09808343 0.10341908 0.30860603 234 88 12
0.15951569 0.10184396 0.31218576 234 88 12
0.16703343 0.10148681 0.31256715 234 88 12
0.23172424 0.097417176 0.31640571 234 88 12
0.26102907 0.095676797 0.31781299 234 88 12
0.28555059 0.094561948 0.32181913 234 88 12
-0.37229158 0.11582096 0.28625478 234 88 12
-0.29212585 0.11438246 0.28818043 234 88 12
-0.22618124 0.1122356 0.28807492 234 88 12
-0.17502107 0.11088199 0.29114426 234 88 12
-0.17016309 0.11067374 0.29128549 234 88 12
-0.1307956 0.10901187 0.29360332 234 88 12
-0.10080262 0.10777235 0.29602757 234 88 12
-0.07148261 0.10605072 0.29838376 234 88 12
-0.043807546 0.10487259 0.30014876 234 88 12
0.041315164 0.10345131 0.30493935 234 88 12
0.063613546 0.10255501 0.30624491 234 88 12
0.080845482 0.10178027 0.3071683 234 88 12
0.18461112 0.098035368 0.31300208 234 88 12
0.2143556 0.096234061 0.31484517 234 88 12
0.21681918 0.096062469 0.31503381 234 88 12
0.23657158 0.094633586 0.31632947 234 88 12
0.26571422 0.093015708 0.31762515 234 88 12
-0.34313415 0.11289125 0.28789724 234 88 12
-0.22126017 0.10960823 0.28786383 234 88 12
-0.1751398 0.10847789 0.29067002 234 88 12
-0.1678459 0.1081674 0.29089554 234 88 12
-0.010795668 0.10189033 0.30166174 234 88 12
0.011601345 0.10174445 0.30274613 234 88 12
0.031381868 0.10138392 0.30384593 234 88 12
0.046265167 0.1009143 0.30477157 234 88 12
0.10040926 0.098649162 0.30771958 234 88 12
0.1322192 0.09780714 0.30952952 234 88 12
0.13469132 0.097720268 0.30969839 234 88 12
0.20688662 0.094220232 0.31407837 234 88 12
0.23403911 0.092373267 0.31572145 234 88 12
-0.46695394 0.11569937 0.27742997 234 88 12
-0.44959311 0.11432364 0.28006839 234 88 12
-0.44473011 0.11405019 0.28044184 234 88 12
-0.40701816 0.11191096 0.28267998 234 88 12
-0.33829732 0.11041088 0.28773851 234 88 12
-0.25083295 0.10841243 0.28692249 234 88 12
-0.11846269 0.10377702 0.29385163 234 88 12
-0.10348961 0.10303308 0.29494701 234 88 12
-0.091262343 0.10234177 0.29594143 234 88 12
-0.088834838 0.1021954 0.29608084 234 88 12
-0.056622314 0.10048468 0.29842 234 88 12
-0.054065689 0.10040218 0.2985823 234 88 12
0.0016658215 0.09941009 0.3018157 234 88 12
0.011567407 0.099344013 0.30232613 234 88 12
0.075918618 0.097270613 0.30586247 234 88 12
0.29840516 0.086395606 0.32454468 234 88 12
-0.40957405 0.1095428 0.28206403 234 88 12
-0.31881455 0.10774389 0.28756216 234 88 12
-0.31396578 0.10763085 0.28755757 234 88 12
-0.27279297 0.10666648 0.28667895 234 88 12
-0.059219736 0.098125411 0.29785948 234 88 12
0.046243383 0.096170434 0.30372199 234 88 12
0.068483432 0.095254794 0.30502014 234 88 12
0.25589441 0.086151702 0.31587393 234 88 12
0.27992049 0.085024635 0.31828202 234 88 12
-0.43988346 0.10886413 0.27991546 234 88 12
-0.40458617 0.10686567 0.2821329 234 88 12
-0.39215396 0.10642444 0.28323384 234 88 12
-0.37989701 0.10607308 0.28442166 234 88 12
-0.23849261 0.10298226 0.28605546 234 88 12
-0.19229533 0.10182388 0.28812339 234 88 12
-0.10124336 0.097993566 0.29438668 234 88 12
-0.059250408 0.095655024 0.29735495 234 88 12
-0.02105439 0.094702404 0.29966075 234 88 12
0.11257163 0.091021429 0.30687138 234 88 12
0.12958626 0.090670602 0.30777877 234 88 12
0.20681249 0.086872989 0.31261918 234 88 12
-0.45934227 0.10766967 0.27773231 234 88 12
-0.35816058 0.10349908 0.28593908 234 88 12
-0.35326299 0.10339937 0.28623709 234 88 12
-0.27528241 0.10196244 0.28582405 234 88 12
-0.25326611 0.10125403 0.28563616 234 88 12
-0.24096379 0.10066984 0.28567529 234 88 12
-0.22136339 0.099907032 0.28627045 234 88 12
-0.21649365 0.099738291 0.28647305 234 88 12
-0.19718378 0.099400847 0.287433 234 88 12
-0.18521486 0.099190916 0.2882967 234 88 12
-0.15868468 0.098025692 0.28968166 234 88 12
-0.12119352 0.096558683 0.29232351 234 88 12
-0.05170659 0.092975288 0.29725179 234 88 12
0.0039507764 0.092127179 0.30052391 234 88 12
0.14445531 0.087721785 0.30811364 234 88 12
0.16434752 0.086961219 0.30925157 234 88 12
0.16939467 0.086699291 0.3096559 234 88 12
0.20174178 0.084824593 0.31187958 234 88 12
0.21674162 0.083764144 0.31291435 234 88 12
0.22890668 0.083058241 0.31372383 234 88 12
0.2675798 0.080909707 0.31555348 234 88 12
-0.46687877 0.10597398 0.27618958 234 88 12
-0.44236053 0.10403298 0.279185 234 88 12
-0.38498564 0.10132454 0.28326744 234 88 12
-0.34352263 0.10088612 0.28630391 234 88 12
-0.30927997 0.10046688 0.28643658 234 88 12
-0.21654717 0.097318257 0.28602778 234 88 12
-0.14894057 0.095101406 0.2899245 234 88 12
-0.12384422 0.094146552 0.29174544 234 88 12
-0.089233867 0.092360303 0.29449671 234 88 12
-0.067001735 0.091036952 0.29600186 234 88 12
0.060911928 0.088435879 0.3031287 234 88 12
0.065916842 0.088196857 0.30343568 234 88 12
0.14936601 0.08508649 0.30799337 234 88 12
0.1718721 0.084155149 0.30928014 234 88 12
0.21913923 0.081201742 0.31268519 234 88 12
0.2410754 0.079819754 0.31405577 234 88 12
0.28466743 0.077374746 0.318832 234 88 12
0.29528117 0.076693374 0.32262635 234 88 12
0.31329352 0.075979315 0.32423923 234 88 12
-0.46948531 0.103799 0.27549668 234 88 12
-0.46439107 0.1032516 0.27641119 234 88 12
-0.40975122 0.099684222 0.28057666 234 88 12
-0.3948874 0.099132392 0.28208176 234 88 12
-0.35095199 0.09859116 0.28572058 234 88 12
-0.3166806 0.098252795 0.2861107 234 88 12
-0.25083178 0.096348411 0.28471522 234 88 12
-0.19972224 0.094506899 0.28644165 234 88 12
-0.039129781 0.087652565 0.29713805 234 88 12
0.0062618149 0.087237677 0.29976139 234 88 12
0.011231055 0.087197925 0.30005518 234 88 12
0.041111473 0.08664154 0.30158964 234 88 12
0.053473113 0.086286148 0.30229901 234 88 12
0.068406955 0.085636038 0.30310674 234 88 12
0.07337387 0.085393671 0.3033818 234 88 12
0.10265762 0.084208055 0.30482208 234 88 12
0.25789708 0.076456136 0.31433617 234 88 12
0.32626113 0.073197311 0.32384688 234 88 12
-0.46950609 0.10135448 0.275217 234 88 12
-0.4619087 0.10054743 0.27654952 234 88 12
-0.43005858 0.098398988 0.27919685 234 88 12
-0.42499836 0.098118225 0.27934729 234 88 12
-0.34863303 0.096203595 0.28549925 234 88 12
-0.064639566 0.085975972 0.29531291 234 88 12
-0.016299761 0.084915768 0.29807855 234 88 12
-0.006286983 0.084887484 0.29867102 234 88 12
0.016071614 0.084707667 0.29992496 234 88 12
0.18176726 0.078865045 0.30891925 234 88 12
0.18672717 0.078571255 0.30928036 234 88 12
0.18923643 0.078430216 0.30946999 234 88 12
0.19421624 0.078129427 0.30989701 234 88 12
0.2116123 0.076972944 0.31122855 234 88 12
0.22145056 0.076287249 0.31192398 234 88 12
0.2578226 0.074106293 0.3138582 234 88 12
0.32085195 0.070795397 0.32360787 234 88 12
-0.46442919 0.098347674 0.27582866 234 88 12
-0.45210623 0.097369705 0.27734097 234 88 12
-0.40248209 0.094462144 0.28069584 234 88 12
-0.39264989 0.094189855 0.28156679 234 88 12
-0.37315441 0.093916731 0.28349744 234 88 12
-0.35608782 0.093849534 0.28481132 234 88 12
-0.33896848 0.093805566 0.28533999 234 88 12
-0.29991752 0.09327654 0.28481847 234 88 12
-0.29022433 0.093040212 0.28453998 234 88 12
-0.28777287 0.092981795 0.28446162 234 88 12
-0.24113108 0.091103759 0.28388213 234 88 12
-0.17125767 0.088680005 0.28743196 234 88 12
-0.14182625 0.087331126 0.28921675 234 88 12
-0.12410963 0.086674302 0.29057239 234 88 12
-0.096690107 0.085288114 0.29264255 234 88 12
-0.059677046 0.083326624 0.29512563 234 88 12
-0.036707913 0.082677049 0.29625687 234 88 12
0.0010810488 0.082377653 0.29863681 234 88 12
0.045952432 0.081615564 0.30099167 234 88 12
0.04843875 0.081531241 0.301118 234 88 12
0.1567443 0.077743868 0.30674694 234 88 12
0.18916192 0.07608763 0.30902581 234 88 12
0.19664588 0.075590732 0.30967704 234 88 12
0.26958171 0.071161817 0.31386025 234 88 12
0.30274967 0.069025315 0.32273382 234 88 12
-0.46445708 0.095910274 0.27549426 234 88 12
-0.45698329 0.0952962 0.27655676 234 88 12
-0.42507288 0.093238886 0.27866682 234 88 12
-0.42249007 0.093092728 0.27877093 234 88 12
-0.39274102 0.09174364 0.28117504 234 88 12
-0.37811905 0.091589965 0.28258972 234 88 12
-0.36354376 0.091458545 0.28401209 234 88 12
-0.351332 0.091489771 0.28471839 234 88 12
-0.18573921 0.086792248 0.28603464 234 88 12
-0.15681721 0.08547854 0.28775787 234 88 12
-0.1368924 0.084714541 0.28925225 234 88 12
-0.1343763 0.084610833 0.28947024 234 88 12
-0.12928992 0.084417255 0.28985295 234 88 12
-0.10163984 0.083132947 0.29180576 234 88 12
-0.039363462 0.080275724 0.29570066 234 88 12
-0.024101756 0.080089176 0.29665823 234 88 12
0.038364423 0.079443898 0.29999889 234 88 12
0.045883727 0.079195715 0.30048251 234 88 12
0.055863297 0.078774537 0.30104109 234 88 12
0.18911312 0.073786793 0.30854809 234 88 12
0.20651936 0.072637212 0.31003286 234 88 12
0.24318656 0.070236046 0.31240799 234 88 12
0.26003068 0.069286782 0.31304257 234 88 12
-0.42254733 0.090663738 0.27842392 234 88 12
-0.39772286 0.08938588 0.2804135 234 88 12
-0.37824956 0.089189552 0.28221991 234 88 12
-0.36609807 0.089063027 0.2834935 234 88 12
-0.31956365 0.088919515 0.28442453 234 88 12
-0.29279319 0.088394445 0.28369149 234 88 12
-0.27564042 0.087939643 0.28316406 234 88 12
-0.21932006 0.08537738 0.28357849 234 88 12
-0.19293411 0.084468959 0.28512945 234 88 12
-0.14201928 0.082438781 0.28841271 234 88 12
-0.12939122 0.081975375 0.28941859 234 88 12
-0.11921832 0.081542124 0.2902247 234 88 12
-0.069932538 0.07893863 0.29357533 234 88 12
-0.014060897 0.077613916 0.29672175 234 88 12
0.095301256 0.074841563 0.30239402 234 88 12
0.12212628 0.073980946 0.30372457 234 88 12
0.12942765 0.073821758 0.30418546 234 88 12
0.18905269 0.071464834 0.30807566 234 88 12
0.27888083 0.065953897 0.31474537 234 88 12
-0.43013596 0.088672794 0.27778611 234 88 12
-0.40025263 0.087057686 0.27975894 234 88 12
-0.34177955 0.086777489 0.28418924 234 88 12
-0.32209551 0.086604477 0.28401513 234 88 12
-0.27567911 0.085616156 0.28264975 234 88 12
-0.20251798 0.082402444 0.28400129 234 88 12
-0.17156092 0.081330146 0.28606065 234 88 12
-0.096904037 0.077984054 0.29140732 234 88 12
-0.094481677 0.077840973 0.29150752 234 88 12
-0.082415454 0.077158789 0.29232666 234 88 12
-0.079958025 0.077048295 0.2924778 234 88 12
0.013294176 0.074970174 0.29766537 234 88 12
0.065779709 0.073537799 0.30049041 234 88 12
0.092864019 0.072513976 0.30171897 234 88 12
0.16408007 0.070405922 0.30579328 234 88 12
0.16657088 0.070305073 0.3059505 234 88 12
0.21381028 0.067511409 0.30960477 234 88 12
0.22358539 0.066836878 0.31032777 234 88 12
0.28125639 0.063481397 0.31518251 234 88 12
0.29728819 0.062191206 0.32082479 234 88 12
-0.45961513 0.088219138 0.27521375 234 88 12
-0.45711816 0.088038297 0.27555917 234 88 12
-0.45467583 0.087867023 0.27583553 234 88 12
-0.39296845 0.084457998 0.28007968 234 88 12
-0.38811131 0.084429467 0.28049291 234 88 12
-0.34433408 0.084452365 0.28372758 234 88 12
-0.32955219 0.084392919 0.28366925 234 88 12
-0.29290809 0.083757823 0.28271928 234 88 12
-0.24623122 0.081895678 0.28202423 234 88 12
-0.23646377 0.08146678 0.28204259 234 88 12
-0.17878866 0.079150366 0.2851003 234 88 12
-0.16921918 0.07876239 0.28569377 234 88 12
-0.13207532 0.077232887 0.28830585 234 88 12
-0.014243814 0.072807174 0.29564266 234 88 12
0.16151213 0.068189204 0.30511018 234 88 12
0.19140189 0.066696181 0.30738387 234 88 12
0.19888425 0.066194389 0.30807226 234 88 12
0.2891441 0.060491899 0.31784832 234 88 12
-0.46469342 0.086321247 0.27422465 234 88 12
-0.40036486 0.082287687 0.27893718 234 88 12
-0.39063009 0.08206335 0.27986096 234 88 12
-0.36637078 0.082008271 0.2822802 234 88 12
-0.29785905 0.08158971 0.28235037 234 88 12
-0.25851707 0.08019256 0.28140305 234 88 12
-0.17405524 0.076523999 0.28487632 234 88 12
-0.15466881 0.075604886 0.2861218 234 88 12
-0.099487624 0.073286941 0.29036943 234 88 12
-0.087384725 0.072611993 0.29113223 234 88 12
-0.062604554 0.071415085 0.29238734 234 88 12
0.010631432 0.070151773 0.2966691 234 88 12
0.18630124 0.064778426 0.30643945 234 88 12
0.23315211 0.061560068 0.31019707 234 88 12
0.30489086 0.057076591 0.32104561 234 88 12
-0.46219871 0.083693213 0.27428005 234 88 12
-0.44000488 0.08205665 0.27617997 234 88 12
-0.4151196 0.08053176 0.27730358 234 88 12
-0.39552995 0.079783186 0.27901991 234 88 12
-0.33712636 0.079772132 0.2828091 234 88 12
-0.27575468 0.078690596 0.28116854 234 88 12
-0.16692296 0.073734369 0.28481561 234 88 12
-0.16205302 0.073521783 0.28515362 234 88 12
-0.15718518 0.073295855 0.28554791 234 88 12
-0.11956645 0.071901914 0.28843621 234 88 12
-0.11451143 0.071681591 0.28887528 234 88 12
-0.1020329 0.071007093 0.28969451 234 88 12
-0.039689466 0.068262831 0.29318788 234 88 12
-0.022001826 0.068087573 0.2942136 234 88 12
0.020519207 0.06763391 0.29663741 234 88 12
0.030479275 0.067454748 0.29720835 234 88 12
0.11223207 0.064788999 0.30097704 234 88 12
0.18619605 0.06246433 0.3060356 234 88 12
0.24525694 0.05854856 0.31022782 234 88 12
-0.44983536 0.080283293 0.27538556 234 88 12
-0.41016778 0.077874278 0.27723935 234 88 12
-0.35190413 0.07738734 0.28219934 234 88 12
-0.33721451 0.077467462 0.28243504 234 88 12
-0.32985475 0.077555791 0.28227064 234 88 12
-0.26594199 0.076014722 0.28041597 234 88 12
-0.21228597 0.073242987 0.28136086 234 88 12
0.068164628 0.06378864 0.29845063 234 88 12
0.11221697 0.062384966 0.30044213 234 88 12
0.13428343 0.061915443 0.30177668 234 88 12
0.16626187 0.061120812 0.30378694 234 88 12
0.16872551 0.060988613 0.30402543 234 88 12
0.25477952 0.05572546 0.3101664 234 88 12
0.28349448 0.054037972 0.31413664 234 88 12
0.28880711 0.053535603 0.31636009 234 88 12
-0.44492706 0.077567191 0.27537192 234 88 12
-0.37142351 0.074974696 0.28059416 234 88 12
-0.36412567 0.075119284 0.28123829 234 88 12
-0.21955682 0.071354178 0.28053978 234 88 12
-0.19326253 0.070083343 0.28192079 234 88 12
0.06811525 0.061370933 0.29789254 234 88 12
0.095057179 0.060525262 0.2991912 234 88 12
0.12937942 0.059661808 0.30085917 234 88 12
0.18110876 0.0580378 0.30475526 234 88 12
0.22549126 0.055193892 0.30849147 234 88 12
0.29687249 0.050628466 0.3185578 234 88 12
-0.35448152 0.07281142 0.28122908 234 88 12
-0.33001031 0.073022867 0.2813877 234 88 12
-0.32016509 0.072859215 0.2811119 234 88 12
-0.23416478 0.069763274 0.2796027 234 88 12
-0.080261888 0.062665948 0.28959586 234 88 12
-0.042491324 0.061249473 0.29142778 234 88 12
0.06554031 0.059064153 0.29730164 234 88 12
0.09497301 0.058124852 0.29866049 234 88 12
0.11217639 0.057647799 0.29938712 234 88 12
0.12936825 0.057309424 0.30027021 234 88 12
0.1785771 0.055843696 0.30410216 234 88 12
0.21809129 0.053348489 0.30755786 234 88 12
0.2616159 0.050911708 0.30945353 234 88 12
-0.4225871 0.071565394 0.27543658 234 88 12
-0.40540378 0.070725669 0.2765296 234 88 12
-0.24882883 0.068339122 0.27889009 234 88 12
-0.20517878 0.065802291 0.28023115 234 88 12
-0.19335603 0.06534715 0.28089006 234 88 12
-0.11976674 0.062322516 0.28667013 234 88 12
-0.097403401 0.061115468 0.28835335 234 88 12
-0.017349856 0.058553674 0.29232562 234 88 12
0.017744105 0.057977375 0.29437465 234 88 12
0.055459089 0.057038935 0.29633585 234 88 12
0.09734342 0.055671291 0.29824097 234 88 12
0.10722322 0.055412668 0.29865278 234 88 12
0.14891603 0.054544594 0.30109261 234 88 12
0.16113636 0.054360316 0.30187895 234 88 12
0.25916621 0.04870837 0.30895053 234 88 12
0.30988426 0.045194884 0.31936434 234 88 12
0.31239765 0.04501677 0.319532 234 88 12
-0.42509095 0.069402819 0.27498653 234 88 12
-0.37641634 0.068008689 0.27895612 234 88 12
-0.35457254 0.068235143 0.28039657 234 88 12
-0.25866314 0.066662556 0.27829133 234 88 12
-0.21001583 0.063750794 0.27939174 234 88 12
-0.18391168 0.062465542 0.28110339 234 88 12
-0.10733432 0.059236151 0.28732978 234 88 12
-0.047720212 0.056695838 0.29022824 234 88 12
0.032790492 0.055175963 0.29457573 234 88 12
0.087510827 0.05346512 0.29717922 234 88 12
0.29122618 0.044126804 0.31539981 234 88 12
0.30469443 0.043218531 0.3185811 234 88 12
-0.37408731 0.065763819 0.27879295 234 88 12
-0.35222861 0.065932984 0.28007124 234 88 12
-0.31289724 0.065993635 0.27938228 234 88 12
-0.25622394 0.064267401 0.27775442 234 88 12
-0.17205086 0.059410796 0.28134472 234 88 12
-0.16726395 0.059221756 0.28162357 234 88 12
-0.1451232 0.058265437 0.28367583 234 88 12
-0.11986493 0.057459281 0.28573801 234 88 12
0.020135652 0.053028847 0.29337264 234 88 12
0.037853425 0.052587201 0.29430966 234 88 12
0.072840566 0.051481143 0.29606845 234 88 12
0.1464385 0.049774296 0.29988054 234 88 12
0.21766094 0.046438778 0.30639397 234 88 12
0.22010443 0.046287083 0.30652984 234 88 12
0.2805417 0.042827071 0.31092499 234 88 12
0.301992 0.041046535 0.31790767 234 88 12
0.32512005 0.039729048 0.31913752 234 88 12
-0.37413006 0.063475744 0.27839702 234 88 12
-0.36928766 0.063511812 0.27885342 234 88 12
-0.34495465 0.063686548 0.27971247 234 88 12
-0.32532327 0.063810017 0.27948029 234 88 12
-0.31792003 0.063789204 0.27913155 234 88 12
-0.28589927 0.063262539 0.27787977 234 88 12
-0.21015212 0.059155206 0.27830706 234 88 12
-0.18878951 0.057918176 0.27969327 234 88 12
-0.099976125 0.054016807 0.28678825 234 88 12
-0.062886936 0.052346048 0.28856009 234 88 12
-0.04027406 0.05174289 0.28959826 234 88 12
0.10706185 0.04819675 0.29704066 234 88 12
0.13413422 0.047600213 0.29858597 234 88 12
0.13659916 0.04755107 0.29874306 234 88 12
0.15127009 0.047282348 0.29968059 234 88 12
0.17084295 0.046781112 0.30154243 234 88 12
0.20521824 0.044990432 0.30502297 234 88 12
0.2273605 0.043525919 0.30649437 234 88 12
0.23718264 0.042928448 0.30691426 234 88 12
0.24933562 0.042249482 0.30733012 234 88 12
0.30981393 0.038266088 0.31831903 234 88 12
-0.36445693 0.06120522 0.27881213 234 88 12
-0.33273123 0.061517278 0.27907671 234 88 12
-0.28838891 0.061038073 0.27744942 234 88 12
-0.26610911 0.060195645 0.27694006 234 88 12
-0.19833551 0.056069611 0.27848143 234 88 12
-0.18886185 0.055504919 0.27911504 234 88 12
-0.17699782 0.054899705 0.28003218 234 88 12
-0.12000094 0.052558931 0.28476481 234 88 12
-0.070431834 0.050220155 0.28776923 234 88 12
-0.032825376 0.049209159 0.28946354 234 88 12
0.017533603 0.048115879 0.29215031 234 88 12
0.052815905 0.047197272 0.29383687 234 88 12
0.092163139 0.046081722 0.29584526 234 88 12
0.094629282 0.046023837 0.29591634 234 88 12
0.1241941 0.045374718 0.29761359 234 88 12
0.13653615 0.04512589 0.29825321 234 88 12
0.15853496 0.04472669 0.29986039 234 88 12
0.16587118 0.044518481 0.30063033 234 88 12
0.17078286 0.044361199 0.30110861 234 88 12
0.17814114 0.044055225 0.30194916 234 88 12
0.19040424 0.043469683 0.30331933 234 88 12
0.32242485 0.03524963 0.31844867 234 88 12
-0.45270959 0.062142982 0.27296377 234 88 12
-0.40324953 0.059200522 0.2748426 234 88 12
-0.38151874 0.058915639 0.27678323 234 88 12
-0.30813614 0.059145999 0.27772308 234 88 12
-0.30316845 0.059050164 0.27755875 234 88 12
-0.29083676 0.05879375 0.27700575 234 88 12
-0.25872385 0.057510163 0.27624526 234 88 12
-0.25381727 0.0572564 0.27614856 234 88 12
-0.23196505 0.055861863 0.27632742 234 88 12
-0.21988789 0.055070724 0.2767983 234 88 12
-0.18418522 0.052837766 0.27896636 234 88 12
-0.13521231 0.050675118 0.28303125 234 88 12
-0.097534638 0.049054963 0.2859437 234 88 12
-0.07794214 0.048125245 0.28708665 234 88 12
-0.065430469 0.047661336 0.28749306 234 88 12
-0.042927234 0.04706484 0.28856506 234 88 12
-0.015297592 0.046460784 0.28996424 234 88 12
0.0099382567 0.045876139 0.29120413 234 88 12
0.070067112 0.044253514 0.29430427 234 88 12
0.074984329 0.044141173 0.29450056 234 88 12
0.12412481 0.04292262 0.29708456 234 88 12
0.17562502 0.041751812 0.30117058 234 88 12
0.27302969 0.036533022 0.30762483 234 88 12
0.28817406 0.035271028 0.31248105 234 88 12
0.31730214 0.033210436 0.31804634 234 88 12
-0.46285941 0.060594734 0.27161956 234 88 12
-0.4303034 0.05807144 0.27329363 234 88 12
-0.31307369 0.05692732 0.2774557 234 88 12
-0.15776343 0.049097937 0.28041157 234 88 12
-0.15280833 0.048867068 0.28089788 234 88 12
-0.15030915 0.0487728 0.28109821 234 88 12
-0.13778975 0.048351871 0.28224596 234 88 12
-0.12261046 0.047778852 0.28364357 234 88 12
-0.075481342 0.04560102 0.28668329 234 88 12
0.060152899 0.04198377 0.29318373 234 88 12
0.09445946 0.041156899 0.29482681 234 88 12
0.11913397 0.040589671 0.29627863 234 88 12
0.15351411 0.039935785 0.2985163 234 88 12
0.25626867 0.035043498 0.30599084 234 88 12
0.28547948 0.033270605 0.31084883 234 88 12
0.31479851 0.031037171 0.31760641 234 88 12
0.31981829 0.030756699 0.3177578 234 88 12
0.32494395 0.030507592 0.31786023 234 88 12
-0.3425612 0.05447433 0.27783846 234 88 12
-0.3351894 0.054520853 0.27762759 234 88 12
-0.33272859 0.054515553 0.27756304 234 88 12
-0.33027463 0.054512122 0.27750395 234 88 12
-0.27107408 0.053593062 0.27539748 234 88 12
-0.23917778 0.051789104 0.27504022 234 88 12
-0.23433085 0.051431317 0.27513577 234 88 12
-0.18897611 0.048286108 0.27755964 234 88 12
-0.17714346 0.047700691 0.27843301 234 88 12
0.004781553 0.041147004 0.28983231 234 88 12
0.0073133682 0.04105038 0.28991225 234 88 12
0.047666989 0.039868595 0.29189351 234 88 12
0.12888476 0.037879849 0.29648132 234 88 12
0.13135303 0.037841333 0.29657721 234 88 12
0.14855057 0.037561138 0.29768686 234 88 12
0.22694216 0.034091306 0.30467815 234 88 12
0.26097857 0.032490553 0.3056502 234 88 12
0.28808601 0.03074036 0.31144171 234 88 12
-0.36202579 0.051852931 0.27708654 234 88 12
-0.35715098 0.051928355 0.27720003 234 88 12
-0.29815222 0.052060432 0.27580589 234 88 12
-0.29076627 0.051891487 0.27551805 234 88 12
-0.27597082 0.051503926 0.27488475 234 88 12
-0.17951593 0.045377784 0.27769707 234 88 12
-0.092778752 0.041515651 0.28476284 234 88 12
-0.082997904 0.041041857 0.28526893 234 88 12
-0.010459301 0.039051027 0.28865294 234 88 12
-0.0028856805 0.038865464 0.28892659 234 88 12
0.022500049 0.03805328 0.29007079 234 88 12
0.067330999 0.03688447 0.29233891 234 88 12
0.074663819 0.036780614 0.29275824 234 88 12
0.079535546 0.036684218 0.29300399 234 88 12
0.17294272 0.034487352 0.2995975 234 88 12
0.20953754 0.032736559 0.30327596 234 88 12
0.30980965 0.026706495 0.31639966 234 88 12
-0.40349289 0.050012968 0.27326557 234 88 12
-0.39136802 0.04976777 0.27427859 234 88 12
-0.3792044 0.049612839 0.27531812 234 88 12
-0.34246067 0.049739048 0.27685227 234 88 12
-0.29810126 0.049735957 0.27526749 234 88 12
-0.25861087 0.048237713 0.27399838 234 88 12
-0.22221846 0.045836724 0.27442996 234 88 12
-0.055533365 0.037750998 0.28599992 234 88 12
-0.028075676 0.037104067 0.28708259 234 88 12
0.017391563 0.035753977 0.28919675 234 88 12
0.074553157 0.034296308 0.29217094 234 88 12
0.094077101 0.033871063 0.29328596 234 88 12
0.18756899 0.031433851 0.30059361 234 88 12
0.19491239 0.031075766 0.30141915 234 88 12
0.19976353 0.030818412 0.30197352 234 88 12
0.21191766 0.030174331 0.30292272 234 88 12
0.27287043 0.027284472 0.30587458 234 88 12
-0.4709003 0.052223035 0.26935288 234 88 12
-0.32274347 0.047531681 0.27583865 234 88 12
-0.3202763 0.04752709 0.27575239 234 88 12
-0.29805895 0.047393043 0.27483139 234 88 12
-0.23177042 0.044153047 0.2734936 234 88 12
-0.2293856 0.043976082 0.27362111 234 88 12
-0.14541908 0.038903225 0.27931064 234 88 12
-0.1026301 0.037064732 0.28303207 234 88 12
0.022398521 0.033112252 0.2888215 234 88 12
0.040028868 0.032526413 0.28966773 234 88 12
0.1358783 0.030246475 0.29560238 234 88 12
0.22904116 0.02676343 0.30356265 234 88 12
0.25841656 0.025546091 0.30431259 234 88 12
0.26320529 0.02535197 0.30452711 234 88 12
0.29352889 0.023245741 0.31207483 234 88 12
0.30190747 0.022631267 0.31437556 234 88 12
0.31987256 0.021512459 0.31620159 234 88 12
-0.46311116 0.049091043 0.27024933 234 88 12
-0.39626542 0.045227172 0.27311193 234 88 12
-0.3668716 0.044849683 0.27538647 234 88 12
-0.19360652 0.03906662 0.27490434 234 88 12
-0.18419442 0.038416099 0.27566819 234 88 12
-0.13281192 0.03592284 0.27989204 234 88 12
-0.080623837 0.033660142 0.28381038 234 88 12
-0.033040591 0.032375864 0.28584869 234 88 12
-0.018061363 0.031929836 0.28661289 234 88 12
-0.005465936 0.031504217 0.28712414 234 88 12
0.022373559 0.030624608 0.28821873 234 88 12
0.057204613 0.029593517 0.29006974 234 88 12
0.074332831 0.029241468 0.29103115 234 88 12
0.076779834 0.029205475 0.29116757 234 88 12
0.096179895 0.028837815 0.29245422 234 88 12
0.10853303 0.028356877 0.29312606 234 88 12
0.14067999 0.027607993 0.29555714 234 88 12
0.15783052 0.027431152 0.29692374 234 88 12
0.17016579 0.027043195 0.29808949 234 88 12
0.20442786 0.02558577 0.30145258 234 88 12
0.27769169 0.0222922 0.30601522 234 88 12
0.30729973 0.019996767 0.31485672 234 88 12
-0.35695079 0.042434269 0.27541382 234 88 12
-0.32503307 0.042795265 0.27494365 234 88 12
-0.25111921 0.040687685 0.27224596 234 88 12
-0.21002717 0.037680694 0.27348667 234 88 12
-0.17225014 0.035183745 0.27595542 234 88 12
-0.13786172 0.033638627 0.27883646 234 88 12
-0.12526009 0.033217751 0.28006667 234 88 12
-0.053108962 0.030454544 0.2845527 234 88 12
-0.02304173 0.029625874 0.28580342 234 88 12
0.022328218 0.028107878 0.28763298 234 88 12
0.032393202 0.027734946 0.28806077 234 88 12
0.034880644 0.027630859 0.28818247 234 88 12
0.049718388 0.027226438 0.2891099 234 88 12
0.057103778 0.027089435 0.28944716 234 88 12
0.0838268 0.026651062 0.29111175 234 88 12
0.11828097 0.025520967 0.29333466 234 88 12
0.12570627 0.025371216 0.29384126 234 88 12
0.18486932 0.02396253 0.29903988 234 88 12
0.19216211 0.023699314 0.2997503 234 88 12
0.21419058 0.022527935 0.30178679 234 88 12
0.22884008 0.021964511 0.30262484 234 88 12
0.23871362 0.0214806 0.30300948 234 88 12
0.28800609 0.019053314 0.3089695 234 88 12
0.30189671 0.018010048 0.31351613 234 88 12
-0.36925217 0.040089031 0.27430258 234 88 12
-0.35936398 0.04006152 0.27491762 234 88 12
-0.35442249 0.040010886 0.27501695 234 88 12
-0.25596168 0.038642661 0.27171856 234 88 12
-0.22920303 0.036820948 0.27185357 234 88 12
-0.20051049 0.034567002 0.27326559 234 88 12
-0.19582683 0.034340338 0.27358525 234 88 12
-0.16984425 0.03258233 0.27553781 234 88 12
-0.1128096 0.030178122 0.28066889 234 88 12
-0.10531554 0.02979613 0.28120943 234 88 12
-0.030491424 0.027392608 0.28488619 234 88 12
0.037316625 0.025016105 0.28767865 234 88 12
0.047176283 0.024734974 0.28837462 234 88 12
0.059440208 0.024511568 0.28898284 234 88 12
0.074139159 0.024145325 0.28991298 234 88 12
0.086105477 0.0240768 0.29076149 234 88 12
0.14775452 0.022371482 0.29535729 234 88 12
0.23119007 0.019421296 0.30231757 234 88 12
0.27280535 0.017829603 0.30405905 234 88 12
-0.46322083 0.042169353 0.26940541 234 88 12
-0.44544663 0.040487774 0.2708412 234 88 12
-0.39880415 0.038312441 0.27187384 234 88 12
-0.39150682 0.038097777 0.27235203 234 88 12
-0.38658758 0.037933522 0.27264556 234 88 12
-0.32489644 0.037993023 0.27414725 234 88 12
-0.31995829 0.037954456 0.27397208 234 88 12
-0.31744346 0.037920006 0.2738444 234 88 12
-0.31248303 0.037859788 0.27359645 234 88 12
-0.27551843 0.037135707 0.27179714 234 88 12
-0.27304924 0.037020378 0.27163096 234 88 12
-0.23154805 0.034549843 0.27120956 234 88 12
-0.22194698 0.033903594 0.27164579 234 88 12
-0.20754148 0.032594063 0.27243574 234 88 12
-0.17218659 0.030249059 0.2747085 234 88 12
-0.10535987 0.027322579 0.28069929 234 88 12
-0.10288269 0.02720386 0.28090858 234 88 12
-0.063188557 0.025718168 0.28305144 234 88 12
0.11550821 0.020494008 0.29222335 234 88 12
0.23358691 0.01688677 0.30185066 234 88 12
0.25582503 0.015974083 0.30253589 234 88 12
0.28018158 0.014952599 0.30547902 234 88 12
0.3046089 0.013180744 0.31329627 234 88 12
-0.45802031 0.039239284 0.26987925 234 88 12
-0.26324351 0.034196898 0.27073467 234 88 12
-0.20750112 0.030138379 0.27187336 234 88 12
-0.18642734 0.02878955 0.27306069 234 88 12
-0.16500929 0.027475978 0.27473427 234 88 12
-0.15776713 0.027203136 0.27536837 234 88 12
-0.1553316 0.027089116 0.27564503 234 88 12
-0.15038707 0.02683724 0.27610371 234 88 12
-0.083217305 0.023908944 0.28173752 234 88 12
0.071502755 0.019080433 0.28862993 234 88 12
0.081140653 0.018999965 0.28935235 234 88 12
0.14995686 0.017213546 0.29476774 234 88 12
0.23596895 0.014301539 0.3015314 234 88 12
0.24838646 0.013756311 0.30198414 234 88 12
0.28534324 0.012150553 0.30668209 234 88 12
0.30187885 0.010953482 0.31235096 234 88 12
-0.40845571 0.033793132 0.27056812 234 88 12
-0.33217965 0.032922801 0.27349148 234 88 12
-0.32974265 0.032982645 0.27345875 234 88 12
-0.23871205 0.030096383 0.2699795 234 88 12
-0.20748844 0.027678701 0.27128888 234 88 12
-0.16976609 0.025159008 0.27375024 234 88 12
-0.15775217 0.024680545 0.27484173 234 88 12
-0.068249886 0.020900748 0.28187957 234 88 12
0.064070942 0.016706657 0.28754235 234 88 12
0.1400576 0.014697472 0.29358653 234 88 12
0.14499684 0.014651072 0.29397643 234 88 12
0.16713684 0.014428626 0.29589113 234 88 12
0.17953892 0.013992559 0.29711497 234 88 12
0.21383091 0.012601708 0.30011365 234 88 12
0.23590693 0.011817812 0.30106638 234 88 12
0.2879235 0.0095112215 0.30717587 234 88 12
-0.42060147 0.031884215 0.26978865 234 88 12
-0.40607429 0.031365088 0.27047221 234 88 12
-0.40371156 0.031315763 0.27062849 234 88 12
-0.39891449 0.031213789 0.2709258 234 88 12
-0.35914875 0.030307593 0.2729913 234 88 12
-0.34922628 0.030296408 0.27312233 234 88 12
-0.33457902 0.030388548 0.27309835 234 88 12
-0.32971918 0.030483487 0.27296218 234 88 12
-0.30744505 0.030589001 0.27185 234 88 12
-0.23872005 0.027645994 0.26941449 234 88 12
-0.17687881 0.02308173 0.27263084 234 88 12
-0.1179371 0.020386195 0.27818448 234 88 12
-0.098156446 0.019494469 0.27965573 234 88 12
-0.030624228 0.017507916 0.28304062 234 88 12
-0.020526019 0.017193768 0.28350393 234 88 12
0.06152894 0.014203576 0.28679182 234 88 12
0.071336584 0.013960844 0.28757615 234 88 12
0.30186617 0.0062129349 0.31159736 234 88 12
0.31242662 0.0056461953 0.31312604 234 88 12
0.31490736 0.0055114842 0.31334614 234 88 12
-0.35661875 0.027841642 0.27254384 234 88 12
-0.32479927 0.028018591 0.27234874 234 88 12
-0.30994186 0.028144574 0.27149596 234 88 12
-0.26078236 0.026622757 0.26912947 234 88 12
-0.22186101 0.023905964 0.26952718 234 88 12
-0.19809517 0.022006255 0.27087665 234 88 12
-0.090824292 0.016679007 0.27968524 234 88 12
-0.083400449 0.016387239 0.28016244 234 88 12
-0.055820748 0.015695137 0.28162675 234 88 12
-0.045761991 0.015487368 0.28195786 234 88 12
0.02960264 0.012578916 0.28433377 234 88 12
0.032090067 0.012501042 0.28441782 234 88 12
0.056547879 0.011743973 0.28592395 234 88 12
0.068830936 0.011480396 0.28676232 234 88 12
0.071261248 0.011424344 0.28698242 234 88 12
0.12984227 0.0096468138 0.29198816 234 88 12
0.17193112 0.0091856816 0.29557162 234 88 12
0.22101699 0.0073346817 0.29958762 234 88 12
0.30728096 0.0035582527 0.31214542 234 88 12
0.31490516 0.0031547552 0.31294351 234 88 12
-0.45562657 0.029661928 0.26941426 234 88 12
-0.4013354 0.02647076 0.27020547 234 88 12
-0.35413803 0.025392634 0.27212058 234 88 12
-0.29521675 0.025516659 0.27027971 234 88 12
-0.2903052 0.025427276 0.27009727 234 88 12
-0.28541455 0.025354924 0.26981921 234 88 12
-0.1934032 0.019133909 0.27056769 234 88 12
-0.17447942 0.017953307 0.27170845 234 88 12
-0.1155689 0.015191926 0.27744418 234 88 12
-0.11063829 0.014992541 0.2779003 234 88 12
-0.078455384 0.01371854 0.2799259 234 88 12
-0.020532605 0.012196607 0.28255222 234 88 12
0.049184113 0.0093434813 0.28481742 234 88 12
0.17922852 0.0064292798 0.295925 234 88 12
0.18416561 0.0062529407 0.29642275 234 88 12
-0.46076506 0.027758071 0.26875552 234 88 12
-0.45058113 0.026860965 0.26938692 234 88 12
-0.41340945 0.024469304 0.26928471 234 88 12
-0.40375269 0.024143786 0.2698555 234 88 12
-0.25336346 0.021145719 0.26802557 234 88 12
-0.12798214 0.013204538 0.27564839 234 88 12
-0.11808103 0.012743806 0.27673383 234 88 12
-0.11314375 0.012549433 0.27719549 234 88 12
-0.10322354 0.012153531 0.27793181 234 88 12
-0.038252888 0.010269093 0.28146873 234 88 12
0.019623036 0.0078775954 0.28283296 234 88 12
0.12724212 0.0044566926 0.2910318 234 88 12
0.15706431 0.0041878215 0.29369955 234 88 12
0.1816065 0.0038482508 0.29571313 234 88 12
0.24790729 0.0015723876 0.29977952 234 88 12
-0.44055292 0.02353272 0.26936716 234 88 12
-0.24124295 0.017817144 0.26729956 234 88 12
-0.20046655 0.014606267 0.26901163 234 88 12
-0.16733789 0.012454261 0.27126873 234 88 12
-0.12060757 0.01029968 0.27592821 234 88 12
-0.058435793 0.0081580692 0.28009104 234 88 12
-0.04835167 0.0079479484 0.28071188 234 88 12
-0.020516644 0.00712262 0.28159979 234 88 12
-0.0078766649 0.0065935062 0.28188462 234 88 12
0.014620558 0.0055686476 0.28218457 234 88 12
0.12223962 0.0020227414 0.29009217 234 88 12
0.13711416 0.0016145071 0.29143745 234 88 12
0.18648891 0.0011543734 0.29575671 234 88 12
0.20125529 0.00059495767 0.29694046 234 88 12
0.31985747 -0.0042702028 0.31211048 234 88 12
-0.46076765 0.023024676 0.26836224 234 88 12
-0.42559669 0.020096867 0.2687207 234 88 12
-0.39162042 0.018928839 0.2697605 234 88 12
-0.36405082 0.018004525 0.27070401 234 88 12
-0.3247942 0.017927545 0.27050683 234 88 12
-0.32234561 0.017961478 0.27044225 234 88 12
-0.28544857 0.01771201 0.26823042 234 88 12
-0.27315167 0.017350351 0.26746721 234 88 12
-0.25832138 0.016365817 0.26686059 234 88 12
-0.21231383 0.012912328 0.26783255 234 88 12
-0.20045088 0.012036617 0.26840049 234 88 12
-0.023015634 0.0046884286 0.2809782 234 88 12
-0.005331032 0.0039535438 0.28131155 234 88 12
0.012130508 0.0031563277 0.28153731 234 88 12
0.053843494 0.0014619817 0.28330598 234 88 12
0.071000683 0.0010930341 0.28455673 234 88 12
0.18642072 -0.0013471835 0.29541599 234 88 12
0.20118617 -0.001901535 0.29654635 234 88 12
0.20358891 -0.0019831777 0.29671909 234 88 12
0.23793912 -0.0032539756 0.29877467 234 88 12
0.27518577 -0.0043533694 0.30097935 234 88 12
0.296065 -0.0056291486 0.30800676 234 88 12
-0.45813467 0.020393442 0.26828558 234 88 12
-0.44049914 0.018751083 0.2688709 234 88 12
-0.39408473 0.016635363 0.2693712 234 88 12
-0.38413393 0.016263169 0.26961927 234 88 12
-0.37411493 0.015899666 0.27008293 234 88 12
-0.34429704 0.015469354 0.27028451 234 88 12
-0.25831849 0.013812433 0.26626044 234 88 12
-0.16010395 0.0069464121 0.27086495 234 88 12
-0.1133189 0.004895269 0.27554692 234 88 12
-0.0885928 0.0039016385 0.277369 234 88 12
0.048893307 -0.00096246107 0.28244434 234 88 12
0.066034067 -0.0014505719 0.28360104 234 88 12
0.12215911 -0.0032954685 0.28905662 234 88 12
0.17404913 -0.0034950518 0.29377244 234 88 12
0.18638377 -0.0038001426 0.29505886 234 88 12
0.21082081 -0.0047144867 0.2967756 234 88 12
0.22062558 -0.0051461766 0.29751698 234 88 12
0.26530137 -0.0064199996 0.29936173 234 88 12
0.3016902 -0.0083591816 0.30928481 234 88 12
-0.32239845 0.012903957 0.26936244 234 88 12
-0.20746106 0.0073022709 0.26691815 234 88 12
-0.19802262 0.0066311253 0.26739145 234 88 12
-0.19330517 0.0062734654 0.26763176 234 88 12
-0.17677424 0.0052499245 0.26881226 234 88 12
-0.11828303 0.0025325693 0.27461101 234 88 12
-0.083658505 0.0011438947 0.27721003 234 88 12
-0.063493069 0.00055184827 0.27840294 234 88 12
-0.055928969 0.00039586817 0.27888144 234 88 12
0.039088767 -0.0031556708 0.28119468 234 88 12
0.043942632 -0.003345489 0.28138763 234 88 12
0.056155556 -0.0037637317 0.28230307 234 88 12
0.27520135 -0.0092546951 0.30019746 234 88 12
0.29316401 -0.010292025 0.30623303 234 88 12
-0.43288162 0.013338713 0.26837859 234 88 12
-0.42060248 0.012607206 0.26804016 234 88 12
-0.35663406 0.010572131 0.2693664 234 88 12
-0.26080098 0.0088177128 0.26531058 234 88 12
-0.25833411 0.0086538492 0.26516903 234 88 12
-0.22656936 0.0061976063 0.26532114 234 88 12
-0.17202215 0.0023846595 0.26856718 234 88 12
-0.16964933 0.0022383942 0.26879608 234 88 12
-0.1429943 0.0010487444 0.27153282 234 88 12
-0.088646631 -0.0012218813 0.27636194 234 88 12
-0.076164512 -0.0017055199 0.27724532 234 88 12
-0.030548731 -0.0028592096 0.27928942 234 88 12
0.01947198 -0.0048432055 0.28010303 234 88 12
0.058523532 -0.0064380604 0.28186397 234 88 12
0.11225873 -0.0082447 0.28692504 234 88 12
0.14194342 -0.0091004442 0.29001519 234 88 12
0.1444146 -0.0090752041 0.29022908 234 88 12
0.15177407 -0.008856091 0.29090762 234 88 12
0.16158046 -0.0085447998 0.29191933 234 88 12
0.21320497 -0.0098351351 0.29613938 234 88 12
-0.37912746 0.0087543281 0.26868382 234 88 12
-0.33695238 0.0079318372 0.26861937 234 88 12
-0.28809047 0.0074236412 0.26618474 234 88 12
-0.21930426 0.0029898394 0.26496467 234 88 12
-0.21453386 0.0025778339 0.26522002 234 88 12
-0.2073432 0.0020082774 0.26567464 234 88 12
-0.19322401 0.0010705898 0.26641965 234 88 12
-0.17434626 -7.2784384e-05 0.26782688 234 88 12
-0.091158963 -0.0037467838 0.27577592 234 88 12
-0.035611492 -0.0053217129 0.27865134 234 88 12
-0.017870447 -0.0059241975 0.2790156 234 88 12
-0.002669003 -0.0065498019 0.27924557 234 88 12
-0.00016783928 -0.0066594183 0.27930023 234 88 12
0.0072719999 -0.0069807544 0.27933253 234 88 12
0.0097150786 -0.0070701476 0.27936732 234 88 12
0.014618911 -0.0072425677 0.27933665 234 88 12
0.056018728 -0.0089621933 0.28111433 234 88 12
0.075670422 -0.0096674407 0.28258571 234 88 12
0.08776313 -0.0099360482 0.28385958 234 88 12
0.14923851 -0.01159585 0.29022902 234 88 12
0.1516454 -0.011475263 0.2904498 234 88 12
0.18624695 -0.011176326 0.29380657 234 88 12
0.25536464 -0.013658532 0.29788976 234 88 12
-0.35667378 0.0057045126 0.26837659 234 88 12
-0.34178462 0.0053903755 0.2681445 234 88 12
-0.32734797 0.005426326 0.26790525 234 88 12
-0.26820509 0.0039102027 0.26441257 234 88 12
-0.20022947 -0.0011231341 0.2654173 234 88 12
-0.10600271 -0.0057863873 0.27420869 234 88 12
-0.050840896 -0.0075389296 0.27752769 234 88 12
0.0073075637 -0.0096177353 0.27879823 234 88 12
0.06337977 -0.011861931 0.28090466 234 88 12
0.19850434 -0.01398972 0.29401203 234 88 12
0.20586913 -0.014424655 0.29462709 234 88 12
0.21075274 -0.014697141 0.29492516 234 88 12
0.21560674 -0.014877891 0.29533572 234 88 12
0.2702906 -0.016517877 0.29842831 234 88 12
0.31212949 -0.018539382 0.30910432 234 88 12
-0.45021849 0.0076146983 0.26796785 234 88 12
-0.44018786 0.0067983682 0.26787419 234 88 12
-0.35670554 0.0032185975 0.26797007 234 88 12
-0.3029251 0.0024308359 0.26602206 234 88 12
-0.29067516 0.0023057295 0.26521533 234 88 12
-0.28314277 0.0019892079 0.2645905 234 88 12
-0.19547694 -0.0040346145 0.26521921 234 88 12
-0.16238929 -0.0059026 0.26791395 234 88 12
-0.13560641 -0.0071848421 0.27094458 234 88 12
-0.11341245 -0.0080811271 0.27319199 234 88 12
-0.0025900871 -0.011875469 0.27820784 234 88 12
0.048610881 -0.013948606 0.27948243 234 88 12
0.070761924 -0.014866438 0.28109417 234 88 12
0.10746146 -0.016325667 0.28490263 234 88 12
0.16356882 -0.016105938 0.29074118 234 88 12
0.17869865 -0.016040142 0.29216549 234 88 12
-0.45517032 0.0057093914 0.26756468 234 88 12
-0.4451403 0.0048230247 0.2678635 234 88 12
-0.43764079 0.0042430714 0.26779839 234 88 12
-0.43264353 0.0038639147 0.26769126 234 88 12
-0.3668217 0.0010155417 0.26776316 234 88 12
-0.36175531 0.00086821086 0.26773625 234 88 12
-0.3491694 0.00043642971 0.26722675 234 88 12
-0.3054157 -0.00018748797 0.26572163 234 88 12
-0.15273046 -0.0089399438 0.26852444 234 88 12
-0.14788872 -0.0092146146 0.26908113 234 88 12
-0.078716902 -0.012078326 0.27524552 234 88 12
-0.020286325 -0.013876348 0.27766763 234 88 12
0.024355971 -0.015598542 0.27802791 234 88 12
0.058382943 -0.016965299 0.27960372 234 88 12
0.1148169 -0.019358963 0.2851193 234 88 12
0.14170056 -0.019878575 0.28803715 234 88 12
0.19354197 -0.018885915 0.29286382 234 88 12
0.19602336 -0.018965456 0.29298027 234 88 12
0.24283438 -0.020754274 0.29620966 234 88 12
0.30422695 -0.02318128 0.30777614 234 88 12
0.31450028 -0.023586122 0.30870511 234 88 12
-0.46292238 0.0041588104 0.26684484 234 88 12
-0.4576725 0.0036006471 0.2672853 234 88 12
-0.3517452 -0.0019906205 0.26683844 234 88 12
-0.30061595 -0.0027797595 0.26471091 234 88 12
-0.29818927 -0.0027874658 0.26448441 234 88 12
-0.26827496 -0.0039708272 0.26246031 234 88 12
-0.22644316 -0.0069667266 0.26235161 234 88 12
-0.15511049 -0.011474752 0.26771997 234 88 12
-0.14787169 -0.011861471 0.26857904 234 88 12
-0.098640048 -0.014018215 0.27327175 234 88 12
-0.091228374 -0.014274633 0.27383899 234 88 12
0.024375352 -0.018332277 0.2775912 234 88 12
0.036511521 -0.018910941 0.27784155 234 88 12
0.038930563 -0.019018578 0.27797006 234 88 12
0.11965199 -0.022270194 0.28513111 234 88 12
0.18610138 -0.02136672 0.29199868 234 88 12
0.19108095 -0.02144987 0.29224806 234 88 12
0.24283632 -0.023177638 0.2957198 234 88 12
0.30679699 -0.025763778 0.30776296 234 88 12
0.31186023 -0.02596409 0.30816966 234 88 12
-0.4474376 0.00028745595 0.26773795 234 88 12
-0.44247962 -0.00010798973 0.2676861 234 88 12
-0.2883301 -0.0056887565 0.26291972 234 88 12
-0.25590884 -0.0072662805 0.26145885 234 88 12
-0.24595424 -0.0079869218 0.26120374 234 88 12
-0.24104966 -0.0084109919 0.26124436 234 88 12
-0.16463574 -0.013694914 0.26609311 234 88 12
-0.15987646 -0.013908948 0.26660277 234 88 12
-0.15508228 -0.014121811 0.26719927 234 88 12
-0.15268329 -0.014238609 0.26748685 234 88 12
-0.11833553 -0.015824247 0.27127172 234 88 12
0.095278856 -0.024041001 0.2819885 234 88 12
0.22523549 -0.025136313 0.29410049 234 88 12
0.29599618 -0.027916066 0.30551883 234 88 12
0.30147247 -0.028123238 0.3066824 234 88 12
-0.43499251 -0.0030235075 0.2676268 234 88 12
-0.42526529 -0.0036685494 0.26719903 234 88 12
-0.41561068 -0.004104584 0.26684621 234 88 12
-0.38729041 -0.0049718347 0.26656478 234 88 12
-0.37748083 -0.0057260751 0.26651855 234 88 12
-0.34463224 -0.0078313611 0.26537648 234 88 12
-0.32775352 -0.0079830639 0.26485446 234 88 12
-0.24845558 -0.01040189 0.2605374 234 88 12
-0.17402525 -0.015831511 0.26457484 234 88 12
-0.15264318 -0.016892399 0.26701706 234 88 12
-0.088719098 -0.01975005 0.27304512 234 88 12
-0.055686726 -0.020945583 0.27493036 234 88 12
0.0050524941 -0.023205875 0.27634537 234 88 12
0.06588521 -0.02554761 0.27866432 234 88 12
0.073283436 -0.025946972 0.27921131 234 88 12
0.10998162 -0.027608669 0.28295898 234 88 12
0.11963168 -0.02788056 0.28400474 234 88 12
0.16791936 -0.027097878 0.28928121 234 88 12
0.28027122 -0.029407159 0.29907659 234 88 12
0.29598492 -0.0304609 0.30532959 234 88 12
0.30915113 -0.030864926 0.30722556 234 88 12
-0.37264894 -0.0085066715 0.26622333 234 88 12
-0.34971619 -0.010312277 0.26497788 234 88 12
-0.32302163 -0.010794119 0.26411369 234 88 12
-0.2784942 -0.011309288 0.26065378 234 88 12
-0.27093594 -0.011683556 0.26030282 234 88 12
-0.24347 -0.013388441 0.2598616 234 88 12
-0.23855458 -0.013816161 0.259952 234 88 12
-0.16452845 -0.018976255 0.26503792 234 88 12
-0.10592793 -0.021775385 0.27136423 234 88 12
-0.098561484 -0.022119414 0.27191115 234 88 12
-0.053118944 -0.023818158 0.2745102 234 88 12
0.01978687 -0.026551165 0.27610357 234 88 12
0.10031821 -0.029923319 0.28131126 234 88 12
0.1219841 -0.030731813 0.28359487 234 88 12
0.13147451 -0.030863691 0.28446741 234 88 12
0.16015607 -0.030275517 0.28788863 234 88 12
0.17010293 -0.029816815 0.28887879 234 88 12
0.23261236 -0.030812073 0.29329924 234 88 12
0.3190893 -0.03374712 0.3078831 234 88 12
-0.42039329 -0.0085637743 0.26678874 234 88 12
-0.41092113 -0.008898338 0.26643353 234 88 12
-0.22373578 -0.017760426 0.25973489 234 88 12
-0.10339816 -0.024614012 0.27112012 234 88 12
-0.058107314 -0.026459921 0.2737366 234 88 12
-0.047954714 -0.02678719 0.27404356 234 88 12
-0.0047905108 -0.028426097 0.27536961 234 88 12
0.093181235 -0.032435091 0.27995362 234 88 12
0.10040325 -0.032757474 0.28067246 234 88 12
0.11241468 -0.033341494 0.28189492 234 88 12
0.1266588 -0.033612025 0.28341505 234 88 12
0.13133492 -0.033666096 0.28386235 234 88 12
0.267997 -0.034105438 0.29604432 234 88 12
-0.42993731 -0.010494166 0.26738766 234 88 12
-0.34761893 -0.015792826 0.26340312 234 88 12
-0.31587625 -0.016275882 0.2621738 234 88 12
-0.30099011 -0.016452958 0.26099392 234 88 12
-0.26846933 -0.01711893 0.2586158 234 88 12
-0.20196876 -0.022005351 0.26023826 234 88 12
-0.19021843 -0.022808211 0.26128035 234 88 12
-0.18785849 -0.022965131 0.26150562 234 88 12
-0.14030404 -0.025603347 0.26696151 234 88 12
-0.093456409 -0.027788722 0.27119504 234 88 12
-0.080933995 -0.028363889 0.27198573 234 88 12
-0.070766521 -0.028817274 0.27253651 234 88 12
0.0077714606 -0.031798592 0.27494411 234 88 12
0.012687607 -0.031965501 0.27503803 234 88 12
0.022448197 -0.032295651 0.27521112 234 88 12
0.049088066 -0.033215972 0.27601332 234 88 12
0.08345133 -0.034790068 0.27825406 234 88 12
0.11242345 -0.036124059 0.28119129 234 88 12
0.12183323 -0.036358839 0.2823738 234 88 12
0.13570279 -0.036443349 0.28374588 234 88 12
0.16469518 -0.035756959 0.28679207 234 88 12
0.17735146 -0.035425197 0.28787383 234 88 12
0.18239457 -0.035466474 0.28838454 234 88 12
0.22999758 -0.036093723 0.29170912 234 88 12
-0.44680792 -0.01164627 0.2674063 234 88 12
-0.42266776 -0.013151127 0.26680758 234 88 12
-0.4132862 -0.013447554 0.26631052 234 88 12
-0.3655285 -0.017341744 0.26383288 234 88 12
-0.35294058 -0.018365958 0.26273234 234 88 12
-0.31101521 -0.019107178 0.261087 234 88 12
-0.23829232 -0.021755007 0.25769518 234 88 12
-0.19946476 -0.024817412 0.25964513 234 88 12
-0.1205017 -0.029301651 0.26866514 234 88 12
0.0054070244 -0.034559014 0.27435047 234 88 12
0.01282519 -0.034827474 0.27443254 234 88 12
0.11007414 -0.038861305 0.28024277 234 88 12
0.15957301 -0.038904555 0.28536132 234 88 12
0.16949944 -0.038562129 0.28600882 234 88 12
-0.43688693 -0.01476788 0.26759718 234 88 12
-0.41556119 -0.015721492 0.2663126 234 88 12
-0.39721953 -0.016367895 0.26517587 234 88 12
-0.35080202 -0.021432246 0.26147885 234 88 12
-0.29349166 -0.022184071 0.25850148 234 88 12
-0.28849394 -0.022202634 0.25803023 234 88 12
-0.23318956 -0.024884006 0.25707583 234 88 12
-0.22823615 -0.025311111 0.25721117 234 88 12
-0.15943412 -0.029948585 0.26344124 234 88 12
-0.15468439 -0.030214116 0.26407839 234 88 12
-0.14984466 -0.030501829 0.26469961 234 88 12
-0.10299921 -0.032884801 0.26954173 234 88 12
-0.078103003 -0.034109187 0.27089009 234 88 12
-0.062884074 -0.034831985 0.27166021 234 88 12
-0.012044868 -0.036751889 0.27347453 234 88 12
0.0080314573 -0.037539071 0.27380177 234 88 12
0.037375924 -0.038529451 0.27421444 234 88 12
0.078884026 -0.040174479 0.27641111 234 88 12
0.095892112 -0.041076028 0.27805864 234 88 12
0.14019168 -0.042482658 0.28234448 234 88 12
0.18183481 -0.041720493 0.28619768 234 88 12
0.18685368 -0.041824068 0.28662691 234 88 12
0.1893585 -0.04187812 0.28678938 234 88 12
0.20478643 -0.042176079 0.28716007 234 88 12
0.21743322 -0.042211941 0.28819357 234 88 12
0.23247883 -0.041583816 0.29070362 234 88 12
0.23752457 -0.041383435 0.29122279 234 88 12
0.26062734 -0.041362368 0.29397997 234 88 12
0.26560774 -0.041542471 0.29455056 234 88 12
0.27296476 -0.041738277 0.29595235 234 88 12
0.32124031 -0.04396982 0.30676473 234 88 12
-0.45643681 -0.015800703 0.26675128 234 88 12
-0.39040832 -0.019004212 0.26437666 234 88 12
-0.3876911 -0.019822016 0.26418472 234 88 12
-0.20143671 -0.030071654 0.25792415 234 88 12
-0.070351721 -0.037371388 0.27054189 234 88 12
-0.039931571 -0.038567949 0.27186602 234 88 12
0.13313643 -0.045422262 0.2806935 234 88 12
0.25284094 -0.043947159 0.29229878 234 88 12
0.31088503 -0.046167757 0.30548895 234 88 12
-0.43893786 -0.019447525 0.26762299 234 88 12
-0.40855971 -0.020574243 0.26568292 234 88 12
-0.2935515 -0.027858449 0.2562753 234 88 12
-0.28845988 -0.027894565 0.25600251 234 88 12
-0.27330581 -0.028168466 0.25503583 234 88 12
-0.22782995 -0.030660968 0.25534436 234 88 12
-0.14225403 -0.036380292 0.26443874 234 88 12
-0.016932695 -0.042394527 0.27205524 234 88 12
0.00087430609 -0.043071196 0.27224752 234 88 12
0.0083118576 -0.043343937 0.27251041 234 88 12
0.040249673 -0.044388265 0.27311888 234 88 12
0.09131087 -0.046533244 0.27616917 234 88 12
0.20178827 -0.048424115 0.28376206 234 88 12
0.20946618 -0.048357025 0.28412111 234 88 12
-0.45346529 -0.020952093 0.26692743 234 88 12
-0.39020862 -0.024635347 0.26385505 234 88 12
-0.38308065 -0.025554988 0.26283105 234 88 12
-0.29625043 -0.030911251 0.25521369 234 88 12
-0.28584482 -0.030858182 0.2546645 234 88 12
-0.26298234 -0.03135955 0.25371902 234 88 12
-0.25023986 -0.031703699 0.2538579 234 88 12
-0.2426757 -0.032253012 0.25400984 234 88 12
-0.18236 -0.036669311 0.25807912 234 88 12
-0.15184256 -0.03851795 0.2624092 234 88 12
-0.10496885 -0.041167209 0.26750618 234 88 12
-0.057302323 -0.043768837 0.26978664 234 88 12
-0.021898036 -0.045152626 0.27117145 234 88 12
0.040500532 -0.047319287 0.27247959 234 88 12
0.093826116 -0.049522501 0.27566736 234 88 12
0.10776297 -0.050147345 0.27707623 234 88 12
0.1615829 -0.051257849 0.28038083 234 88 12
0.16399582 -0.051174486 0.28032788 234 88 12
0.18843417 -0.051437768 0.28160891 234 88 12
0.21938668 -0.0513114 0.28384412 234 88 12
0.23751107 -0.049973649 0.28885461 234 88 12
0.2730198 -0.049359994 0.29525049 234 88 12
0.2803687 -0.049777289 0.29814831 234 88 12
-0.42675234 -0.024932652 0.26756522 234 88 12
-0.40417624 -0.025372107 0.26530177 234 88 12
-0.38299576 -0.028170981 0.26210229 234 88 12
-0.3506192 -0.033392327 0.25481083 234 88 12
-0.32319066 -0.034527794 0.25438257 234 88 12
-0.29892697 -0.034035433 0.25378275 234 88 12
-0.27809128 -0.033977754 0.25295576 234 88 12
-0.27556743 -0.034010629 0.25278222 234 88 12
-0.26796912 -0.034077397 0.25259678 234 88 12
-0.25007076 -0.03447389 0.25276115 234 88 12
-0.19146922 -0.038802762 0.2562226 234 88 12
0.038330543 -0.050181983 0.27170064 234 88 12
0.30807572 -0.053722262 0.30419358 234 88 12
-0.41729777 -0.027624953 0.26708755 234 88 12
-0.31816298 -0.037650852 0.25243677 234 88 12
-0.31542157 -0.037626953 0.25236027 234 88 12
-0.18431548 -0.041956304 0.25615936 234 88 12
-0.16804402 -0.043011899 0.25836922 234 88 12
-0.15868086 -0.043609654 0.2599176 234 88 12
-0.1441951 -0.044473813 0.26195923 234 88 12
-0.13926692 -0.04482679 0.26261401 234 88 12
-0.13681256 -0.044990065 0.26292592 234 88 12
-0.10453868 -0.046823635 0.26602612 234 88 12
-0.082196392 -0.048187957 0.26717591 234 88 12
-0.067049283 -0.049151601 0.26772585 234 88 12
0.0038365029 -0.051945694 0.27018965 234 88 12
0.02857727 -0.052830785 0.27099133 234 88 12
0.10107145 -0.056003865 0.27472111 234 88 12
0.11462209 -0.056679198 0.2756066 234 88 12
0.24302096 -0.055291356 0.28733264 234 88 12
0.2482367 -0.054863119 0.28871946 234 88 12
0.31321814 -0.056471411 0.30427533 234 88 12
-0.46592488 -0.027412648 0.26474174 234 88 12
-0.46053996 -0.027814673 0.26581141 234 88 12
-0.4503833 -0.028568084 0.26719175 234 88 12
-0.4171521 -0.030133035 0.26744261 234 88 12
-0.30198914 -0.040684251 0.24952467 234 88 12
-0.17943548 -0.044997926 0.25575571 234 88 12
-0.13167443 -0.048101562 0.26284297 234 88 12
-0.11919578 -0.048809872 0.26414046 234 88 12
-0.086934646 -0.050773155 0.26623577 234 88 12
0.018887395 -0.055727477 0.26992922 234 88 12
0.038773166 -0.056481038 0.27040096 234 88 12
0.041224015 -0.056539083 0.27035293 234 88 12
0.087225196 -0.058264881 0.27258746 234 88 12
0.12150929 -0.060111894 0.27480549 234 88 12
0.27328267 -0.057239071 0.29461863 234 88 12
-0.25992986 -0.04319719 0.24877283 234 88 12
-0.11650387 -0.051827627 0.26349819 234 88 12
-0.018811374 -0.056998546 0.26793408 234 88 12
-0.0061042886 -0.057489977 0.26837102 234 88 12
0.058629239 -0.060106056 0.27018474 234 88 12
0.098908704 -0.061876623 0.2727197 234 88 12
0.10800066 -0.062322855 0.27328736 234 88 12
0.12397441 -0.063309827 0.27347334 234 88 12
0.26191935 -0.060595713 0.29004683 234 88 12
0.29021228 -0.060931369 0.30114383 234 88 12
0.30265448 -0.06380557 0.30253225 234 88 12
0.31043973 -0.064103868 0.30306609 234 88 12
-0.42817029 -0.037187954 0.26873246 234 88 12
0.2784699 -0.06624278 0.29612666 234 88 12
0.28783546 -0.066165303 0.30007953 234 88 12
-0.40567515 -0.040655215 0.26884158 234 88 12
0.30263677 -0.069045267 0.30187523 234 88 12
0.32076597 -0.069607323 0.30316917 234 88 12
-0.40294557 -0.043592816 0.26925724 234 88 12
0.27655348 -0.077014191 0.0038995781 234 88 12
-0.44457778 -0.043680063 0.26775165 234 88 12
-0.41174726 -0.045617742 0.26977638 234 88 12
-0.40956545 -0.045743193 0.26980944 234 88 12
-0.35048746 -0.058636442 0.020826555 234 88 12
0.25271096 -0.08195431 -0.0010260351 234 88 12
0.31031569 -0.07457517 0.30195148 234 88 12
-0.45166962 -0.045797543 0.26665548 234 88 12
-0.34340866 -0.062927415 0.021065306 234 88 12
-0.32319076 -0.062579431 0.023094287 234 88 12
0.27435285 -0.077372425 0.29364801 234 88 12
0.29515872 -0.076904714 0.30047418 234 88 12
0.29762749 -0.076943072 0.30068975 234 88 12
0.30781206 -0.079828036 0.30101781 234 88 12
-0.36697197 -0.066900514 0.016806737 234 88 12
-0.35158332 -0.068796442 0.019158927 234 88 12
-0.44167143 -0.053897522 0.26773712 234 88 12
-0.39593521 -0.056913821 0.27015555 234 88 12
-0.39357392 -0.057262938 0.26969864 234 88 12
-0.46179189 -0.055358674 0.26373465 234 88 12
-0.40231771 -0.058641836 0.27053796 234 88 12
0.26702108 -0.089279908 0.28922322 234 88 12
-0.41987299 -0.062878298 0.27021734 234 88 12
0.27409162 -0.094233905 0.29335439 234 88 12
0.30038076 -0.093244705 0.29911222 234 88 12
0.3055046 -0.093280354 0.29934488 234 88 12
0.30805646 -0.09332606 0.29947373 234 88 12
-0.40870194 -0.068901998 0.27074958 234 88 12
-0.46465803 -0.067891812 0.26133436 234 88 12
-0.46178082 -0.068047435 0.26232029 234 88 12
0.31347631 -0.10431547 0.29834277 234 88 12
-0.42653454 -0.075556008 0.26914009 234 88 12
0.26628188 -0.10827318 0.28864274 234 88 12
0.28788837 -0.10682517 0.29686702 234 88 12
0.29327388 -0.10683202 0.29745595 234 88 12
-0.44386123 -0.076767454 0.26557004 234 88 12
0.28569904 -0.10960172 0.29615633 234 88 12
0.3032947 -0.10964229 0.29736541 234 88 12
-0.45396459 -0.078887249 0.26278866 234 88 12
-0.41278736 -0.082000374 0.2697631 234 88 12
0.29830984 -0.11230497 0.29712947 234 88 12
0.30081792 -0.11231673 0.2971621 234 88 12
-0.46527684 -0.0810836 0.25890176 234 88 12
-0.44895902 -0.081710264 0.26352092 234 88 12
0.28816857 -0.11481134 0.2959691 234 88 12
0.3009246 -0.11499432 0.29687535 234 88 12
-0.45152246 -0.084270531 0.26225523 234 88 12
-0.44652088 -0.084488495 0.26352306 234 88 12
-0.44399009 -0.084647735 0.26421465 234 88 12
-0.43879688 -0.085074303 0.26560656 234 88 12
-0.41494983 -0.087212279 0.26899447 234 88 12
-0.45159792 -0.086927462 0.26162686 234 88 12
-0.43355315 -0.088274984 0.26660593 234 88 12
-0.41263116 -0.090094859 0.26872621 234 88 12
-0.39490317 -0.091153671 0.26812669 234 88 12
0.2743112 -0.12108857 0.29178312 234 88 12
0.29333027 -0.12012076 0.29583085 234 88 12
0.29864215 -0.12029134 0.29605686 234 88 12
-0.44131165 -0.090261404 0.26399497 234 88 12
-0.40592877 -0.093271798 0.26826698 234 88 12
0.26946087 -0.12406352 0.2889431 234 88 12
0.27935577 -0.12344104 0.29326186 234 88 12
0.31161046 -0.12318701 0.29579123 234 88 12
-0.46037301 -0.091956162 0.25760402 234 88 12
-0.45461576 -0.092207018 0.25943366 234 88 12
-0.41473432 -0.095344776 0.26787466 234 88 12
0.30142079 -0.12559516 0.29517451 234 88 12
0.30400295 -0.1256427 0.2951892 234 88 12
-0.44662247 -0.095293475 0.26133995 234 88 12
-0.46383792 -0.097182897 0.25500301 234 88 12
-0.40561583 -0.10143993 0.26687642 234 88 12
0.30168995 -0.13085369 0.29414191 234 88 12
-0.45526498 -0.10028271 0.25717245 234 88 12
-0.39211952 -0.10481382 0.26486423 234 88 12
-0.43823519 -0.10414675 0.26248036 234 88 12
-0.42119266 -0.10555714 0.26561925 234 88 12
0.27765941 -0.13706881 0.28988936 234 88 12
0.29402612 -0.1360101 0.2927316 234 88 12
-0.43546601 -0.10712552 0.26275003 234 88 12
-0.42335126 -0.10804639 0.26495665 234 88 12
0.29173163 -0.13871415 0.29175029 234 88 12
-0.40754715 -0.11197792 0.26458791 234 88 12
0.28732444 -0.1416471 0.29038597 234 88 12
-0.42548204 -0.11322777 0.26356139 234 88 12
-0.41642924 -0.11390823 0.26418683 234 88 12
0.29454992 -0.14408693 0.29023898 234 88 12
0.30491166 -0.14413401 0.29101352 234 88 12
-0.41634061 -0.1165771 0.2635841 234 88 12
0.28784529 -0.1469982 0.28831805 234 88 12
-0.42767643 -0.11832748 0.26209959 234 88 12
-0.4095549 -0.11970204 0.2628833 234 88 12
-0.44400765 -0.11994651 0.25636316 234 88 12
-0.39391889 -0.12357359 0.25964352 234 88 12
-0.41830206 -0.12424805 0.26144704 234 88 12
-0.41604957 -0.12439398 0.2614975 234 88 12
-0.43804669 -0.12567658 0.25720622 234 88 12
-0.41595792 -0.12695175 0.26071074 234 88 12
-0.40705198 -0.12756701 0.26016386 234 88 12
-0.39118918 -0.1311224 0.25576371 234 88 12
-0.41589492 -0.13204376 0.2589108 234 88 12
-0.40014227 -0.13308144 0.25696522 234 88 12
-0.39563207 -0.13334068 0.25589737 234 88 12
-0.43006523 -0.13382225 0.25668166 234 88 12
-0.43561826 -0.1364834 0.25420976 234 88 12
-0.3929961 -0.1383279 0.25280481 234 88 12
0.19613744 0.54084743 0.3163866 234 88 12
0.19631368 0.53157673 0.30280988 234 88 12
0.19338861 0.52792797 0.29552227 234 88 12
0.18451871 0.53153061 0.3004028 234 88 12
0.16321622 0.53919071 0.30890981 234 88 12
0.19002855 0.52250682 0.28207292 234 88 12
0.14567597 0.53556607 0.29825506 234 88 12
0.33929543 0.33948892 0.30548113 234 88 12
0.18450696 0.51885024 0.26841916 234 88 12
0.18416393 0.51796235 0.26509922 234 88 12
0.1547604 0.52508985 0.27789423 234 88 12
0.14111378 0.52746989 0.27994091 234 88 12
0.10322452 0.54163752 0.30110827 234 88 12
0.15353437 0.52214774 0.26892441 234 88 12
0.11129927 0.53631867 0.29477382 234 88 12
0.091290621 0.54631539 0.30309668 234 88 12
0.33211313 0.32882279 0.28588818 234 88 12
0.090447776 0.54505734 0.30073075 234 88 12
0.33373461 0.31558864 0.29293687 234 88 12
0.1458535 0.52144692 0.26397183 234 88 12
0.080075695 0.54697739 0.29968473 234 88 12
0.1620318 0.51594154 0.24961835 234 88 12
0.096626189 0.5371182 0.28962495 234 88 12
0.075226013 0.54585424 0.29645419 234 88 12
0.15831457 0.51543111 0.24477428 234 88 12
0.077242527 0.54301183 0.29286022 234 88 12
0.33516541 0.27538075 0.30999609 234 88 12
0.15136083 0.51644518 0.2459945 234 88 12
0.13105523 0.5217017 0.26030136 234 88 12
0.12416477 0.52357993 0.26495386 234 88 12
0.058440654 0.55066585 0.2989525 234 88 12
0.32643501 0.31262435 0.27550476 234 88 12
0.069403579 0.5432501 0.29127352 234 88 12
0.32461137 0.30734447 0.27360975 234 88 12
0.079815048 0.53511099 0.2805412 234 88 12
0.1017774 0.52571946 0.26527418 234 88 12
0.082140883 0.53265132 0.27636205 234 88 12
0.33231297 0.25369448 0.31049829 234 88 12
0.062598688 0.53928402 0.28338751 234 88 12
0.077565465 0.5315629 0.27264252 234 88 12
0.32581845 0.27494684 0.28599966 234 88 12
0.32296465 0.2875928 0.27682778 234 88 12
0.063978123 0.53528214 0.27704047 234 88 12
0.11727652 0.51725575 0.24169526 234 88 12
0.32612271 0.26003194 0.29057694 234 88 12
0.32779654 0.24244985 0.30230574 234 88 12
0.031077392 0.54225709 0.28226594 234 88 12
0.12335346 0.51281084 0.22302596 234 88 12
0.11221435 0.51466325 0.23150997 234 88 12
0.043339416 0.53514032 0.27341283 234 88 12
0.040030068 0.53649425 0.2751036 234 88 12
0.026830423 0.54221788 0.28160245 234 88 12
0.019256998 0.54355253 0.28279781 234 88 12
0.011671803 0.54483589 0.2840901 234 88 12
0.11547381 0.5120698 0.2171901 234 88 12
0.051470243 0.52775461 0.25938974 234 88 12
0.044414211 0.5299893 0.26350467 234 88 12
0.10773859 0.51264355 0.21905627 234 88 12
0.040212287 0.52990886 0.26285873 234 88 12
0.023061046 0.53607637 0.27246801 234 88 12
0.013040571 0.54020735 0.27795338 234 88 12
0.0031719073 0.54457539 0.28321804 234 88 12
0.32842067 0.1725035 0.33909439 234 88 12
0.088954026 0.51531685 0.22898696 234 88 12
0.078240464 0.51761148 0.23671433 234 88 12
0.0088036688 0.54008912 0.27744375 234 88 12
0.0054850475 0.54151431 0.27923382 234 88 12
0.32737572 0.17151474 0.33639893 234 88 12
0.3255837 0.17785082 0.33260607 234 88 12
0.12686322 0.50930163 0.19530726 234 88 12
0.060148739 0.52117859 0.2447534 234 88 12
0.011253035 0.53717956 0.27328831 234 88 12
-0.018173084 0.55050502 0.28855918 234 88 12
0.32926999 0.16112625 0.33918382 234 88 12
0.12690138 0.5088937 0.19111834 234 88 12
0.038386704 0.52631084 0.25435519 234 88 12
0.088591307 0.51328998 0.21775053 234 88 12
0.32359257 0.17205248 0.32577139 234 88 12
0.058784105 0.51823587 0.23535735 234 88 12
0.048134859 0.52113937 0.2417504 234 88 12
0.044559299 0.52211658 0.24391762 234 88 12
0.023002294 0.52834517 0.25745163 234 88 12
0.054892157 0.51818272 0.23442641 234 88 12
0.036954085 0.52297612 0.24552584 234 88 12
0.32438617 0.1607447 0.32582852 234 88 12
0.32106858 0.17387726 0.31726147 234 88 12
0.32727611 0.14712174 0.33107606 234 88 12
0.32631859 0.15033905 0.32894136 234 88 12
0.32171684 0.16650945 0.31868801 234 88 12
0.12004364 0.5073196 0.176936 234 88 12
0.0035712455 0.53023696 0.26023862 234 88 12
-0.030622931 0.54411803 0.27874127 234 88 12
0.32630835 0.14626763 0.32804022 234 88 12
0.32082392 0.165838 0.31534016 234 88 12
0.11623768 0.50732092 0.17602075 234 88 12
0.050510594 0.51628654 0.22718532 234 88 12
0.046784525 0.51710961 0.22962085 234 88 12
0.03939888 0.51890309 0.2342192 234 88 12
-0.057341047 0.55487745 0.29001163 234 88 12
0.096930101 0.50905253 0.18718164 234 88 12
-0.01510247 0.53403405 0.26498704 234 88 12
-0.032328522 0.54115053 0.27404572 234 88 12
-0.05528883 0.55173819 0.28617056 234 88 12
-0.058334163 0.5533295 0.28770856 234 88 12
0.13918853 0.50392382 0.15063598 234 88 12
0.13541636 0.50428894 0.15362613 234 88 12
0.10486183 0.50764376 0.1771745 234 88 12
0.12787588 0.50459735 0.15556985 234 88 12
0.042662417 0.51562536 0.2209676 234 88 12
-0.033809392 0.53825898 0.2691316 234 88 12
-0.037270463 0.53968865 0.27105836 234 88 12
-0.040696468 0.54109273 0.27294794 234 88 12
0.31609066 0.1665287 0.29991163 234 88 12
0.31445363 0.17329838 0.29515072 234 88 12
0.042662877 0.51497303 0.21678546 234 88 12
0.038809372 0.51565995 0.2197123 234 88 12
0.027401644 0.51786364 0.22827292 234 88 12
0.016098304 0.5203851 0.23609915 234 88 12
-0.037962 0.53823701 0.26857514 234 88 12
0.31650487 0.15481182 0.30068858 234 88 12
0.034947334 0.51500234 0.21463414 234 88 12
0.32932451 0.10069112 0.33651135 234 88 12
0.1390904 0.50193197 0.13167542 234 88 12
0.097681401 0.50632783 0.16260827 234 88 12
0.082197336 0.50823648 0.17399572 234 88 12
-0.0065935272 0.52345759 0.24065498 234 88 12
-0.060199279 0.54270439 0.27206786 234 88 12
-0.063415094 0.54421494 0.27376073 234 88 12
-0.087725529 0.55691168 0.28644667 234 88 12
0.3290982 0.096343042 0.33615886 234 88 12
0.11645903 0.50366308 0.14493836 234 88 12
0.066649219 0.509685 0.18158127 234 88 12
0.027341417 0.51500832 0.2127901 234 88 12
-0.01800104 0.52573105 0.24466433 234 88 12
0.10540075 0.50448041 0.14922686 234 88 12
0.10165307 0.50495603 0.15193211 234 88 12
0.05127785 0.5112725 0.18957725 234 88 12
-0.010628295 0.52266578 0.23632324 234 88 12
0.11672044 0.50288972 0.1371415 234 88 12
0.00060701049 0.51891208 0.22509974 234 88 12
-0.0068778024 0.52082818 0.23024473 234 88 12
0.31255842 0.14366482 0.2918424 234 88 12
0.14332299 0.50042884 0.11290701 234 88 12
0.071370276 0.50784605 0.16638464 234 88 12
0.012226566 0.51573225 0.21294795 234 88 12
-0.075790671 0.54316546 0.26882102 234 88 12
-0.088281282 0.54933119 0.27548526 234 88 12
0.14729583 0.49988442 0.10618971 234 88 12
0.032500005 0.51239037 0.19242367 234 88 12
-0.049078996 0.53058918 0.25100907 234 88 12
-0.076453773 0.54175157 0.26628991 234 88 12
-0.082772054 0.54481176 0.26959357 234 88 12
0.32451423 0.088018998 0.32427579 234 88 12
0.16575678 0.49824461 0.088176357 234 88 12
0.14739432 0.49953961 0.1026297 234 88 12
0.10956831 0.50238586 0.13170001 234 88 12
0.016693428 0.5140232 0.20158775 234 88 12
-0.0028761801 0.51757658 0.21681225 234 88 12
-0.053143115 0.53061774 0.25048862 234 88 12
-0.07390117 0.53886026 0.26213097 234 88 12
-0.080326597 0.54186172 0.2655479 234 88 12
0.16222751 0.49812496 0.087689199 234 88 12
0.15859999 0.49841498 0.090358824 234 88 12
0.15492476 0.49869801 0.093166362 234 88 12
0.11717715 0.50137556 0.12235684 234 88 12
0.10963049 0.50200346 0.12816003 234 88 12
0.098182201 0.50308671 0.13651225 234 88 12
0.005039923 0.51539666 0.20720788 234 88 12
-0.045888576 0.52723549 0.24269502 234 88 12
-0.049715473 0.52832892 0.24519118 234 88 12
-0.057218337 0.53063282 0.2498378 234 88 12
-0.067861824 0.53462781 0.25591519 234 88 12
-0.07121414 0.53607095 0.25776302 234 88 12
0.14370562 0.49899867 0.098558863 234 88 12
-0.05754656 0.52951638 0.24681712 234 88 12
-0.081636807 0.53907286 0.26052456 234 88 12
0.32740952 0.061869192 0.33263916 234 88 12
0.32553331 0.068364947 0.32789296 234 88 12
0.30811926 0.13140558 0.28550816 234 88 12
0.13634013 0.4991673 0.1007221 234 88 12
0.12493215 0.50007019 0.1091478 234 88 12
0.098282862 0.50232682 0.12906958 234 88 12
0.025585965 0.51155401 0.18248775 234 88 12
0.021536518 0.51201486 0.1859429 234 88 12
0.0056094307 0.5142309 0.19906387 234 88 12
-0.1169236 0.55421588 0.27644164 234 88 12
0.32713335 0.057623927 0.33221118 234 88 12
0.10604549 0.5012851 0.11971368 234 88 12
0.094451808 0.50234009 0.12805221 234 88 12
0.013825835 0.51254936 0.18832591 234 88 12
-0.046189318 0.52428386 0.2328009 234 88 12
0.32401894 0.063173428 0.32464315 234 88 12
0.31952255 0.079865379 0.31225639 234 88 12
0.10221881 0.50125695 0.11871983 234 88 12
0.079152312 0.50375603 0.13498963 234 88 12
0.010264657 0.51273651 0.18698337 234 88 12
0.0024233297 0.5139618 0.19327897 234 88 12
-0.089945833 0.53784819 0.25616164 234 88 12
0.10607681 0.50056767 0.11223316 234 88 12
-0.10685417 0.54355892 0.26285033 234 88 12
0.31791002 0.074704502 0.30904691 234 88 12
0.31033475 0.10094121 0.29220606 234 88 12
0.12883834 0.49836455 0.091406756 234 88 12
0.10217478 0.50055122 0.11143553 234 88 12
0.098302749 0.50090872 0.11418811 234 88 12
0.082808663 0.50257629 0.12497699 234 88 12
-0.01700624 0.5164529 0.20019659 234 88 12
0.31753271 0.070452296 0.30863609 234 88 12
0.13645912 0.49747581 0.082358983 234 88 12
0.086602375 0.50183145 0.11860474 234 88 12
-0.045897474 0.52099074 0.21821594 234 88 12
0.10213105 0.49996768 0.10409935 234 88 12
0.079010102 0.50239349 0.12010013 234 88 12
-0.0082184434 0.51425754 0.18529316 234 88 12
-0.045752942 0.52026687 0.21431106 234 88 12
-0.061802311 0.52382404 0.22569718 234 88 12
0.31401806 0.071793811 0.30114749 234 88 12
-0.020076348 0.51563468 0.1908523 234 88 12
-0.13183916 0.54854834 0.26371846 234 88 12
-0.14783476 0.55631604 0.27164687 234 88 12
-0.01135706 0.51392472 0.18000516 234 88 12
-0.019634641 0.51511196 0.18657151 234 88 12
-0.073314825 0.52505082 0.22632548 234 88 12
-0.1455036 0.55329432 0.26766589 234 88 12
0.32272987 0.03010764 0.32252925 234 88 12
0.31984853 0.039910425 0.31607129 234 88 12
0.30593867 0.085078744 0.2888212 234 88 12
-0.015038111 0.51398086 0.17907958 234 88 12
-0.023420679 0.51514684 0.18567584 234 88 12
-0.027678045 0.51575262 0.18900312 234 88 12
-0.06127233 0.52148303 0.21401538 234 88 12
0.17111 0.4940606 0.037607459 234 88 12
0.057591411 0.50396894 0.12023803 234 88 12
-0.065141693 0.52153436 0.21320826 234 88 12
-0.095951876 0.52977338 0.23406177 234 88 12
0.31166423 0.057509984 0.29797441 234 88 12
0.19237534 0.49146101 0.019399527 234 88 12
0.036021228 0.50657819 0.13219745 234 88 12
-0.12125898 0.5373734 0.24608585 234 88 12
0.31321733 0.046782985 0.30165844 234 88 12
0.27190569 0.46964071 -0.030077199 234 88 12
0.21822349 0.48578728 -0.00022635629 234 88 12
0.20222776 0.48927532 0.0099111136 234 88 12
0.19898845 0.48994151 0.01196501 234 88 12
0.18234544 0.49261758 0.022539892 234 88 12
0.17156329 0.49359847 0.030383393 234 88 12
0.14130337 0.49519589 0.054281071 234 88 12
0.076266062 0.50092683 0.10072279 234 88 12
0.025234908 0.50764625 0.13667852 234 88 12
0.0062414043 0.51008036 0.15130879 234 88 12
0.31372687 0.039232271 0.30315984 234 88 12
0.29522056 0.1120446 0.2628894 234 88 12
0.16052702 0.49388418 0.035859219 234 88 12
-0.088544468 0.52469868 0.2191865 234 88 12
-0.1221208 0.53512152 0.24011037 234 88 12
0.25715535 0.47322401 -0.029226964 234 88 12
0.16839102 0.49331699 0.026158404 234 88 12
0.10710627 0.49734121 0.072655973 234 88 12
-0.076433768 0.52106039 0.20720548 234 88 12
-0.084452235 0.52294027 0.21285183 234 88 12
-0.12938863 0.53671552 0.24084013 234 88 12
-0.1328846 0.5380531 0.24278769 234 88 12
0.25677701 0.47244345 -0.032200887 234 88 12
0.24547888 0.47660524 -0.02645274 234 88 12
0.11889097 0.49629215 0.060392625 234 88 12
0.047382305 0.50350372 0.11047025 234 88 12
-0.067978252 0.51871666 0.1969471 234 88 12
-0.080149875 0.52127321 0.20605378 234 88 12
-0.10387388 0.52712614 0.22204725 234 88 12
0.31129915 0.029658916 0.29953981 234 88 12
0.31033413 0.032858003 0.29770927 234 88 12
0.3093977 0.036039472 0.29588087 234 88 12
0.29400148 0.098542803 0.2627868 234 88 12
0.21556466 0.48471106 -0.012300343 234 88 12
0.11143745 0.49659315 0.062370672 234 88 12
0.054797281 0.50224378 0.1016714 234 88 12
-0.016516435 0.51127632 0.15412492 234 88 12
-0.020730066 0.51179468 0.15725324 234 88 12
-0.025008937 0.51231664 0.16040035 234 88 12
-0.037921638 0.51388338 0.17002594 234 88 12
-0.063384655 0.51750522 0.18918816 234 88 12
-0.075746315 0.51977556 0.19871763 234 88 12
-0.15519449 0.54392393 0.2488606 234 88 12
0.31178898 0.022207976 0.30062162 234 88 12
0.30484873 0.044128899 0.28908642 234 88 12
0.29350124 0.11083583 0.24842977 234 88 12
0.26565974 0.46588716 -0.041219047 234 88 12
0.015073487 0.50696318 0.12665708 234 88 12
-0.058763884 0.51647415 0.18128387 234 88 12
-0.11531098 0.52866352 0.22202431 234 88 12
0.30632743 0.033728561 0.29169955 234 88 12
0.29342747 0.085611419 0.26556457 234 88 12
0.29294741 0.1020012 0.25232854 234 88 12
0.25510923 0.46987193 -0.040140857 234 88 12
0.23915759 0.4767993 -0.033300536 234 88 12
0.16551461 0.49243223 0.014544253 234 88 12
0.15434751 0.49321266 0.023008902 234 88 12
0.080993493 0.49890846 0.076269418 234 88 12
0.065955441 0.50036508 0.086627816 234 88 12
-0.037061508 0.51334332 0.16092324 234 88 12
-0.091569676 0.52183416 0.20223111 234 88 12
-0.1075412 0.52563507 0.21325819 234 88 12
-0.16711778 0.54570943 0.24925754 234 88 12
-0.18426322 0.55360935 0.25768724 234 88 12
-0.18770025 0.55525935 0.25929665 234 88 12
0.31518162 0.00080889416 0.30623313 234 88 12
0.30882427 0.020094154 0.29572311 234 88 12
0.29430884 0.070248707 0.27217839 234 88 12
0.29261229 0.10179502 0.24852292 234 88 12
0.13534538 0.49435668 0.034042093 234 88 12
0.10814663 0.49630269 0.054268404 234 88 12
0.10424084 0.49661218 0.057015228 234 88 12
-0.095448813 0.5219886 0.20114945 234 88 12
-0.11139292 0.52587419 0.21203204 234 88 12
-0.14602048 0.53626234 0.23400203 234 88 12
0.29246586 0.080787109 0.26187484 234 88 12
0.26465736 0.46103991 -0.047419943 234 88 12
0.22438925 0.48064214 -0.031904284 234 88 12
0.22146473 0.48154324 -0.030197957 234 88 12
0.20298253 0.48616808 -0.018352868 234 88 12
0.14701602 0.49323543 0.021890212 234 88 12
0.022866606 0.50501473 0.11002371 234 88 12
-0.15015117 0.5364445 0.23306562 234 88 12
0.30696189 0.014725754 0.29258006 234 88 12
0.30368886 0.02386446 0.28863039 234 88 12
0.23794884 0.47463727 -0.041907401 234 88 12
0.21838029 0.48184149 -0.031676751 234 88 12
0.20301353 0.4857675 -0.02192171 234 88 12
0.14725327 0.49297353 0.018330044 234 88 12
0.11257127 0.49556847 0.044055145 234 88 12
0.070230195 0.49924391 0.073024118 234 88 12
0.0086155625 0.50648741 0.1169931 234 88 12
-0.01054161 0.50915091 0.13055069 234 88 12
-0.065612384 0.51613832 0.17009163 234 88 12
0.31328988 -0.008656523 0.30201985 234 88 12
0.29188641 0.097079907 0.24045763 234 88 12
0.16251247 0.49159611 0.0031653517 234 88 12
0.14006395 0.49335829 0.020142977 234 88 12
0.10904488 0.49561794 0.043017669 234 88 12
0.048651729 0.50138444 0.084690612 234 88 12
-0.13913811 0.53078026 0.21900496 234 88 12
-0.16615015 0.53928448 0.23610524 234 88 12
0.29843445 0.027030579 0.2833027 234 88 12
0.29422477 0.042790289 0.27665249 234 88 12
0.26264973 0.45551246 -0.05223854 234 88 12
0.16276549 0.49134892 -0.00061235958 234 88 12
0.012774552 0.50524861 0.10692086 234 88 12
0.30369711 0.0078826567 0.28768591 234 88 12
0.29165717 0.056332935 0.26564022 234 88 12
0.15196168 0.49196811 0.0042009873 234 88 12
-0.030019026 0.51067238 0.13251907 234 88 12
-0.13127156 0.52672286 0.20638335 234 88 12
-0.1554341 0.53321135 0.22271593 234 88 12
-0.20738755 0.55335426 0.25202949 234 88 12
-0.21815575 0.55787837 0.257851 234 88 12
0.31797676 -0.033538964 0.30674063 234 88 12
0.30807754 -0.0088884159 0.29306597 234 88 12
0.29985594 0.012351671 0.28393366 234 88 12
0.29649338 0.021159043 0.28137892 234 88 12
0.29457233 0.027286126 0.27939108 234 88 12
0.29381122 0.030510966 0.27804781 234 88 12
0.027738567 0.50268674 0.089609191 234 88 12
0.0059031875 0.50544596 0.10496896 234 88 12
-0.0093686035 0.50752193 0.11536525 234 88 12
-0.03817023 0.51132607 0.1344616 234 88 12
-0.055211047 0.51349518 0.1461985 234 88 12
-0.072418747 0.5156009 0.15890402 234 88 12
-0.1105786 0.52156533 0.18757595 234 88 12
-0.18262505 0.54124116 0.2357808 234 88 12
-0.20465863 0.55042236 0.24770054 234 88 12
0.30788179 -0.013215452 0.29255045 234 88 12
0.30425811 -0.0040646566 0.28796494 234 88 12
0.2961071 0.016757598 0.28074833 234 88 12
0.2950345 0.019749561 0.27995399 234 88 12
0.29006785 0.06322412 0.25373322 234 88 12
0.23606179 0.46791571 -0.053227117 234 88 12
0.21922941 0.47716014 -0.047595568 234 88 12
0.12594004 0.49361823 0.016374417 234 88 12
0.049561578 0.49975925 0.071124578 234 88 12
-0.0092293824 0.50709837 0.1118805 234 88 12
-0.042158799 0.51140703 0.13362393 234 88 12
-0.085057971 0.51677795 0.16464261 234 88 12
-0.097937721 0.5187116 0.17427514 234 88 12
-0.12305432 0.52322675 0.19321701 234 88 12
-0.14792026 0.52880821 0.21070564 234 88 12
-0.19062235 0.54299646 0.2369691 234 88 12
0.29002898 0.075310693 0.23977237 234 88 12
0.29024177 0.07955288 0.23600893 234 88 12
0.20505602 0.48172275 -0.043211543 234 88 12
0.19012687 0.48593715 -0.034062213 234 88 12
-0.21025784 0.54915881 0.24477046 234 88 12
-0.21772337 0.55207038 0.24889968 234 88 12
0.099527855 0.49514118 0.02874571 234 88 12
0.065089569 0.49792014 0.052945006 234 88 12
0.021021281 0.50247588 0.084250119 234 88 12
-0.097405514 0.51746531 0.1662541 234 88 12
0.31152764 -0.034890738 0.29504885 234 88 12
0.29278529 0.0093166853 0.27769801 234 88 12
0.29044729 0.019259202 0.27376009 234 88 12
0.28993662 0.022828617 0.27195875 234 88 12
0.24976027 0.44991171 -0.059791268 234 88 12
0.21945505 0.47276502 -0.054888589 234 88 12
0.18385417 0.48632154 -0.03613534 234 88 12
-0.00093834862 0.50481624 0.096136831 234 88 12
-0.10551561 0.51815371 0.16854895 234 88 12
-0.10976802 0.51881295 0.17179601 234 88 12
-0.18091363 0.53517287 0.2212626 234 88 12
0.31013725 -0.036043732 0.29282193 234 88 12
0.30463971 -0.024429151 0.28752592 234 88 12
0.3020007 -0.018601319 0.28505333 234 88 12
0.25892286 0.43860946 -0.061241814 234 88 12
0.2427894 0.45333696 -0.060663818 234 88 12
0.23323833 0.46126767 -0.05972341 234 88 12
0.22927334 0.46434704 -0.059141844 234 88 12
0.050867598 0.49876689 0.055954147 234 88 12
-0.045234917 0.51016882 0.12080456 234 88 12
0.31160215 -0.043027493 0.29321496 234 88 12
0.2978796 -0.014333913 0.28159648 234 88 12
0.11248276 0.49349614 0.0090145336 234 88 12
0.062480262 0.49761372 0.043992455 234 88 12
0.032629758 0.50030956 0.065454167 234 88 12
-0.053292456 0.51086394 0.12235447 234 88 12
-0.057515338 0.51138214 0.12520342 234 88 12
-0.13496078 0.52194015 0.18213322 234 88 12
-0.18958943 0.53556725 0.21926389 234 88 12
0.32261798 -0.067458714 0.30206129 234 88 12
0.28856554 0.0093279671 0.27085008 234 88 12
0.24512639 0.44561432 -0.06338957 234 88 12
0.12020215 0.49251322 0.00037589932 234 88 12
0.10487007 0.49374346 0.011004148 234 88 12
0.097169403 0.49441652 0.01624567 234 88 12
0.03646006 0.49970922 0.059110543 234 88 12
-0.05715349 0.51107124 0.12108713 234 88 12
-0.065637569 0.5120636 0.12701037 234 88 12
-0.12609678 0.51990054 0.17135913 234 88 12
0.32312097 -0.071296214 0.30079235 234 88 12
0.30452211 -0.036795857 0.28525439 234 88 12
0.30303781 -0.034032891 0.28420125 234 88 12
0.28662344 0.024425114 0.25804121 234 88 12
0.25051448 0.4374896 -0.064460844 234 88 12
0.20643425 0.47372083 -0.058649203 234 88 12
0.20169201 0.47635298 -0.056978032 234 88 12
0.17112369 0.48711187 -0.040030732 234 88 12
0.04028601 0.49908455 0.052821362 234 88 12
-0.020130444 0.50588099 0.093652976 234 88 12
-0.069565154 0.5122705 0.12587132 234 88 12
-0.073835861 0.51277683 0.12886005 234 88 12
0.29463049 -0.021604767 0.27817969 234 88 12
0.28661745 0.041281862 0.24102757 234 88 12
0.23834599 0.44596153 -0.065267526 234 88 12
0.18003311 0.48438011 -0.049080026 234 88 12
0.10891698 0.49272996 0.0019599088 234 88 12
-0.024030022 0.50608535 0.09236597 234 88 12
-0.10388323 0.51604282 0.14636109 234 88 12
-0.16528699 0.52558189 0.19222639 234 88 12
-0.22356884 0.54239923 0.23047468 234 88 12
-0.23151975 0.54504084 0.23552899 234 88 12
0.25946045 0.4226826 -0.066412019 234 88 12
0.19287717 0.47810807 -0.058075861 234 88 12
0.16132422 0.48794158 -0.039506142 234 88 12
0.14384272 0.48998398 -0.026391551 234 88 12
0.14006687 0.49027614 -0.023674145 234 88 12
0.12085324 0.49152171 -0.0096671443 234 88 12
0.078284501 0.49503966 0.019396955 234 88 12
0.04072606 0.49856381 0.04569272 234 88 12
0.029689476 0.49975965 0.053286587 234 88 12
-0.035832342 0.50737584 0.096041776 234 88 12
-0.16091042 0.52384068 0.18528368 234 88 12
-0.22415836 0.5411326 0.22753058 234 88 12
0.31298184 -0.062936341 0.28787623 234 88 12
0.30037377 -0.040771407 0.27957973 234 88 12
0.28608437 -0.0014282281 0.26513679 234 88 12
0.28538972 0.023867418 0.24704006 234 88 12
0.25085692 0.42797211 -0.067922637 234 88 12
0.238577 0.43972529 -0.067413603 234 88 12
0.23681449 0.44135945 -0.067387056 234 88 12
0.20949468 0.46570232 -0.064985289 234 88 12
0.19667007 0.47430868 -0.061441195 234 88 12
0.15807377 0.48803485 -0.040520589 234 88 12
0.14777914 0.48937335 -0.032949618 234 88 12
0.13668443 0.49033991 -0.024900487 234 88 12
0.074823841 0.49505689 0.018472631 234 88 12
0.030039361 0.49955026 0.049437226 234 88 12
0.00032199751 0.50271013 0.06995363 234 88 12
-0.081175201 0.51273405 0.122247 234 88 12
-0.085507873 0.51323148 0.12521918 234 88 12
-0.1694052 0.52503221 0.18715135 234 88 12
0.32017954 -0.078324563 0.29187069 234 88 12
0.30858466 -0.058483073 0.28326051 234 88 12
0.20201154 0.46878617 -0.064825417 234 88 12
0.1787395 0.48190442 -0.056652832 234 88 12
0.048836735 0.49732426 0.033079675 234 88 12
-0.031092102 0.506264 0.085831609 234 88 12
-0.10247858 0.51470928 0.13381485 234 88 12
-0.12018503 0.51647556 0.14772888 234 88 12
-0.13353186 0.51816495 0.15772659 234 88 12
-0.18222936 0.52739236 0.19207587 234 88 12
0.30897497 -0.062541114 0.28242897 234 88 12
0.29771652 -0.04363043 0.27625742 234 88 12
0.29183772 -0.032959487 0.27380434 234 88 12
0.28699024 0.050180445 0.21745197 234 88 12
0.26771675 0.40454802 -0.068409591 234 88 12
0.25782968 0.41495467 -0.069625213 234 88 12
0.064117321 0.49560599 0.019123101 234 88 12
0.01230728 0.50101774 0.054728185 234 88 12
-0.0758531 0.51148465 0.11141533 234 88 12
-0.19931067 0.53090398 0.20026607 234 88 12
0.15456525 0.4872793 -0.048703078 234 88 12
0.0012880083 0.5018969 0.059015295 234 88 12
-0.02241121 0.50460868 0.073805446 234 88 12
-0.034443295 0.50617596 0.081115803 234 88 12
-0.09267035 0.51316178 0.11925816 234 88 12
-0.16888084 0.52297866 0.17536455 234 88 12
0.30824919 -0.067921273 0.27951018 234 88 12
0.26898751 0.39628893 -0.06961849 234 88 12
0.18784427 0.4721425 -0.066473784 234 88 12
0.064636871 0.49507002 0.012227118 234 88 12
-0.0421876 0.50687315 0.08276181 234 88 12
-0.066753112 0.50979012 0.098508465 234 88 12
-0.092253994 0.51280078 0.11537671 234 88 12
-0.15095678 0.51908382 0.15893078 234 88 12
-0.15544805 0.51985305 0.16212031 234 88 12
0.29248682 -0.045164827 0.27099183 234 88 12
0.25753128 0.40534681 -0.072054591 234 88 12
0.24557598 0.41719596 -0.072588945 234 88 12
0.22992061 0.43218753 -0.07220056 234 88 12
0.20736899 0.45362294 -0.071066162 234 88 12
0.20559084 0.45526248 -0.070868717 234 88 12
0.18240013 0.47363186 -0.066795366 234 88 12
0.16806209 0.48116418 -0.061586477 234 88 12
0.12689862 0.49012041 -0.035904869 234 88 12
-0.18168851 0.52449532 0.17730761 234 88 12
-0.2082527 0.53039134 0.19587704 234 88 12
-0.25213749 0.5410113 0.22526661 234 88 12
-0.26880472 0.54540432 0.23507483 234 88 12
-0.29385652 0.55121742 0.24956503 234 88 12
0.30081301 -0.062424648 0.27322257 234 88 12
0.28415167 0.010942959 0.23325973 234 88 12
0.2606586 0.39858831 -0.072353878 234 88 12
0.24545432 0.41392956 -0.073461765 234 88 12
0.22295836 0.43560164 -0.07304288 234 88 12
0.18527764 0.46935111 -0.068974899 234 88 12
0.12353878 0.49015589 -0.036837872 234 88 12
0.076702439 0.49335629 -0.0026430171 234 88 12
0.043027386 0.49701736 0.020534902 234 88 12
-0.14108549 0.51660263 0.1448841 234 88 12
-0.1548454 0.51855056 0.15476349 234 88 12
-0.18572282 0.5248129 0.17639127 234 88 12
0.3013609 -0.066339782 0.27224727 234 88 12
0.26365512 0.39168883 -0.072334056 234 88 12
0.23309854 0.42228666 -0.07392073 234 88 12
0.22630511 0.42903669 -0.073955618 234 88 12
0.15037214 0.48520457 -0.058323388 234 88 12
0.084948503 0.49248886 -0.011822 234 88 12
0.050684323 0.49590528 0.011776564 234 88 12
0.03245232 0.49809387 0.024185696 234 88 12
-0.045228637 0.50633313 0.074434718 234 88 12
-0.13588856 0.51566118 0.13707941 234 88 12
-0.19872372 0.52706943 0.18166097 234 88 12
0.23988093 0.41226422 -0.074817597 234 88 12
0.21929076 0.4324026 -0.074586109 234 88 12
0.058653203 0.49498148 0.0025782027 234 88 12
0.021749929 0.49907582 0.027840804 234 88 12
-0.032858604 0.50477152 0.062741386 234 88 12
-0.040892238 0.50563718 0.067916063 234 88 12
-0.17158488 0.52094278 0.15851383 234 88 12
-0.18496322 0.5236496 0.16785572 234 88 12
-0.22616378 0.53181321 0.19731196 234 88 12
0.28514724 0.024540641 0.20982791 234 88 12
0.22753701 0.42069974 -0.075332093 234 88 12
0.21400918 0.43400863 -0.07500537 234 88 12
0.20557492 0.44234366 -0.074739871 234 88 12
0.19007123 0.45716189 -0.073348532 234 88 12
0.14659447 0.48437283 -0.061590865 234 88 12
0.10194984 0.49148351 -0.03230786 234 88 12
0.097991678 0.4917276 -0.029359991 234 88 12
0.040313243 0.49689574 0.011692736 234 88 12
-0.081402189 0.51012483 0.089688416 234 88 12
-0.13451141 0.51527997 0.12746887 234 88 12
-0.19352669 0.52505569 0.16969959 234 88 12
-0.24882382 0.5357578 0.20888791 234 88 12
0.28439154 0.011501791 0.21607909 234 88 12
0.2428801 0.40217133 -0.075922967 234 88 12
0.22391006 0.42073769 -0.076023148 234 88 12
0.22055195 0.42409523 -0.075924506 234 88 12
0.19351014 0.45058336 -0.07453311 234 88 12
0.19179658 0.45223283 -0.074381825 234 88 12
0.16097745 0.47655021 -0.069301308 234 88 12
0.1174893 0.48997071 -0.047270615 234 88 12
0.055477402 0.49507637 -0.002305732 234 88 12
0.033130507 0.49749554 0.013113605 234 88 12
-0.28059764 0.540781 0.22507494 234 88 12
-0.29832401 0.54409175 0.23603233 234 88 12
-0.302639 0.54494134 0.23863469 234 88 12
0.28423569 0.0071668297 0.21559226 234 88 12
0.23745686 0.40378524 -0.076631977 234 88 12
0.22706584 0.41385663 -0.07661632 234 88 12
0.22196411 0.41902505 -0.076640997 234 88 12
0.20676694 0.43395664 -0.076139994 234 88 12
0.18315929 0.45720828 -0.074814898 234 88 12
0.12774189 0.48783776 -0.057140661 234 88 12
0.078859407 0.49280208 -0.022295288 234 88 12
0.04077746 0.49648855 0.0045945131 234 88 12
0.033311185 0.49726229 0.0096379177 234 88 12
-0.0079161892 0.50172286 0.036634196 234 88 12
-0.10164726 0.51203963 0.09560015 234 88 12
-0.18844976 0.52316763 0.15823098 234 88 12
-0.19295844 0.52407491 0.16142214 234 88 12
-0.28556335 0.54044228 0.22454037 234 88 12
0.28659716 0.03401807 0.19027541 234 88 12
0.2542982 0.38317539 -0.076000637 234 88 12
0.20651703 0.43058405 -0.076846827 234 88 12
0.20153608 0.43558241 -0.07670899 234 88 12
0.19658217 0.44067295 -0.076691877 234 88 12
0.1848093 0.45228381 -0.07588237 234 88 12
0.11396444 0.48971805 -0.051620941 234 88 12
-0.0076619226 0.50150999 0.033088641 234 88 12
-0.11881154 0.51363465 0.10361365 234 88 12
0.19956302 0.4338203 -0.077269571 234 88 12
0.15289793 0.47527886 -0.072280092 234 88 12
0.10304623 0.49072939 -0.047466422 234 88 12
0.091445119 0.49169249 -0.038801926 234 88 12
-0.011327241 0.50171034 0.031819904 234 88 12
-0.047378598 0.50540778 0.053726375 234 88 12
-0.055397309 0.50634697 0.058450897 234 88 12
-0.079789187 0.50911832 0.073780125 234 88 12
-0.11816775 0.51335631 0.099426096 234 88 12
-0.15562934 0.51705459 0.12670905 234 88 12
-0.16937937 0.5190683 0.13702616 234 88 12
-0.17854583 0.52057849 0.14354533 234 88 12
-0.22503249 0.52855672 0.17691015 234 88 12
0.22273568 0.40680999 -0.078328016 234 88 12
0.004604838 0.49969719 0.018773141 234 88 12
-0.01099449 0.50141802 0.028121954 234 88 12
-0.039070162 0.50424584 0.045023216 234 88 12
-0.11752081 0.51305206 0.095290893 234 88 12
-0.12654793 0.51400194 0.10157438 234 88 12
0.25333152 0.37242138 -0.076746281 234 88 12
0.21205398 0.4134058 -0.078667153 234 88 12
0.17251157 0.4537734 -0.077867079 234 88 12
0.16919325 0.45717696 -0.077829547 234 88 12
0.15827911 0.46663208 -0.076559029 234 88 12
0.13656037 0.48035479 -0.071128769 234 88 12
-0.046640299 0.50487768 0.046153428 234 88 12
-0.058494069 0.50627073 0.053291472 234 88 12
-0.078747862 0.50855655 0.065937482 234 88 12
-0.087015138 0.50947822 0.071226742 234 88 12
-0.1399208 0.5149762 0.10742557 234 88 12
-0.34424887 0.54636374 0.24681651 234 88 12
0.223609 0.39784033 -0.079129695 234 88 12
0.10312484 0.48945997 -0.057659333 234 88 12
0.065691235 0.49359791 -0.030985294 234 88 12
0.0013791273 0.49955601 0.013905922 234 88 12
-0.086483895 0.50917809 0.067435936 234 88 12
-0.20935912 0.52498439 0.15342362 234 88 12
-0.29142109 0.53591689 0.20979838 234 88 12
-0.30571187 0.53757414 0.21982092 234 88 12
-0.32803596 0.5414621 0.2338377 234 88 12
0.26074695 0.35650622 -0.075543071 234 88 12
0.1636665 0.45536279 -0.079207998 234 88 12
-0.15284671 0.51599695 0.10937737 234 88 12
-0.18087508 0.51990668 0.12936615 234 88 12
0.26774221 0.34387153 -0.073544873 234 88 12
0.22279337 0.3904988 -0.079759741 234 88 12
0.21072879 0.4024812 -0.079976901 234 88 12
0.19890342 0.41427884 -0.079828624 234 88 12
0.18902475 0.4243819 -0.079679889 234 88 12
0.17445585 0.43960132 -0.079357179 234 88 12
0.14340847 0.46928414 -0.077498722 234 88 12
0.14139469 0.47075101 -0.077170269 234 88 12
0.10230759 0.48813103 -0.062913171 234 88 12
0.092084798 0.49012676 -0.056679542 234 88 12
0.024621846 0.49687149 -0.008365074 234 88 12
0.013287355 0.49781179 -0.00036333952 234 88 12
-0.0257676 0.50204132 0.02298084 234 88 12
-0.05744085 0.50535477 0.042611594 234 88 12
-0.073311924 0.50722247 0.05237476 234 88 12
-0.085596006 0.50857796 0.060194647 234 88 12
-0.13824229 0.51398445 0.095824511 234 88 12
-0.20384054 0.52336032 0.14189801 234 88 12
-0.25700148 0.53038207 0.17919858 234 88 12
-0.33818324 0.54063179 0.23339406 234 88 12
0.28426194 -0.02206628 0.20792791 234 88 12
0.24682485 0.36304312 -0.077945494 234 88 12
0.22946738 0.38002785 -0.079748411 234 88 12
0.20012244 0.40896865 -0.080173316 234 88 12
0.17728627 0.43258689 -0.080061917 234 88 12
0.1313225 0.47491274 -0.076474914 234 88 12
0.055067737 0.49418109 -0.033777541 234 88 12
-0.021565216 0.50124883 0.01747486 234 88 12
-0.14716144 0.51473348 0.09848526 234 88 12
-0.25196394 0.52900688 0.17224441 234 88 12
0.2856802 -0.033219434 0.21091615 234 88 12
0.1543574 0.45333069 -0.080902279 234 88 12
0.0023393 0.49838284 -1.5006233e-05 234 88 12
-0.11496872 0.51066297 0.073424772 234 88 12
-0.13279897 0.51256333 0.085585095 234 88 12
-0.15130538 0.5148324 0.098009078 234 88 12
-0.21269229 0.52365471 0.1410033 234 88 12
-0.23700599 0.52658917 0.15846362 234 88 12
0.27806849 0.31577815 -0.068284231 234 88 12
0.27187345 0.32557502 -0.071963096 234 88 12
0.22513899 0.37596389 -0.080185586 234 88 12
0.19752697 0.40324271 -0.08102992 234 88 12
0.1874255 0.41340352 -0.081088267 234 88 12
0.14384227 0.45970689 -0.080837119 234 88 12
0.13249137 0.46896692 -0.079511215 234 88 12
-0.060281078 0.50492139 0.034319494 234 88 12
-0.096951356 0.50876706 0.057710633 234 88 12
-0.16482882 0.51616234 0.10403573 234 88 12
-0.21217355 0.5231016 0.13695558 234 88 12
-0.21701157 0.52373744 0.14032187 234 88 12
-0.33505178 0.53638826 0.22121221 234 88 12
0.27992329 0.30811573 -0.066724698 234 88 12
0.2673372 0.32772503 -0.074078823 234 88 12
0.26446527 0.33143453 -0.07507549 234 88 12
0.26150381 0.33499573 -0.075792032 234 88 12
0.25363961 0.34336087 -0.076814697 234 88 12
0.2107601 0.38571389 -0.081005942 234 88 12
0.19539057 0.40116403 -0.08138447 234 88 12
0.17874247 0.41818569 -0.081532649 234 88 12
0.17557377 0.42164849 -0.081677239 234 88 12
0.037679366 0.49506114 -0.03149665 234 88 12
-0.10076644 0.50883825 0.056680439 234 88 12
-0.15488717 0.51455556 0.093351654 234 88 12
-0.16427072 0.51576137 0.099958214 234 88 12
-0.21650801 0.52334725 0.13592034 234 88 12
-0.27053317 0.52932002 0.17259201 234 88 12
-0.34010533 0.53599084 0.22113829 234 88 12
-0.3586763 0.53878233 0.23355635 234 88 12
0.27200035 0.31634452 -0.071417907 234 88 12
0.27074039 0.31830894 -0.072173849 234 88 12
0.26680951 0.32410644 -0.074214743 234 88 12
0.26398945 0.32781605 -0.075264382 234 88 12
0.23473598 0.35824549 -0.079178395 234 88 12
0.21907388 0.37359404 -0.080753606 234 88 12
0.16867051 0.42481111 -0.082268081 234 88 12
0.14825321 0.44767129 -0.082664186 234 88 12
0.12075939 0.47172013 -0.079790495 234 88 12
0.05646456 0.49308884 -0.048941836 234 88 12
0.038147863 0.49492619 -0.035572802 234 88 12
-0.0083826117 0.49894199 -0.0041081146 234 88 12
-0.21118963 0.52234921 0.12829211 234 88 12
-0.24055903 0.52573141 0.14848488 234 88 12
-0.35464993 0.53685962 0.22766077 234 88 12
0.28587288 -0.023632026 0.18924893 234 88 12
0.28833576 0.013340356 0.1585796 234 88 12
0.24782377 0.34102255 -0.077640611 234 88 12
0.24116389 0.34777244 -0.078488035 234 88 12
0.13631706 0.45591613 -0.08296759 234 88 12
0.12127834 0.46869429 -0.081161928 234 88 12
0.11691653 0.47164635 -0.080311089 234 88 12
0.091879278 0.48417171 -0.071880225 234 88 12
0.079922822 0.48785897 -0.066043241 234 88 12
-0.21077741 0.52203872 0.12404229 234 88 12
-0.23026499 0.52438276 0.13739192 234 88 12
-0.2400967 0.52537853 0.14415536 234 88 12
-0.36438032 0.53718972 0.23074087 234 88 12
-0.36895461 0.53795807 0.23370005 234 88 12
0.28602969 -0.019118216 0.18229716 234 88 12
0.26835388 0.31294678 -0.0728842 234 88 12
0.19748397 0.38632056 -0.082132311 234 88 12
0.15488948 0.43128237 -0.083388922 234 88 12
0.11525688 0.47010195 -0.081218776 234 88 12
0.088030641 0.48408092 -0.072279077 234 88 12
-0.023962086 0.49987003 -0.0013295841 234 88 12
-0.043392749 0.50201439 0.010658749 234 88 12
-0.13992755 0.51181253 0.072563251 234 88 12
-0.17220411 0.51610506 0.094303305 234 88 12
-0.18160251 0.517535 0.10062629 234 88 12
-0.23474773 0.52453589 0.1365923 234 88 12
-0.36015147 0.53538821 0.22453897 234 88 12
0.2864375 -0.014167131 0.1748496 234 88 12
0.28262102 0.28524874 -0.063609813 234 88 12
0.23867541 0.34208001 -0.078837654 234 88 12
0.16056807 0.42056816 -0.083962046 234 88 12
0.15584538 0.4257874 -0.083978989 234 88 12
0.13557126 0.44876891 -0.084554124 234 88 12
0.11971633 0.46387235 -0.083261665 234 88 12
0.084200525 0.4840042 -0.072774745 234 88 12
0.028034125 0.49541074 -0.038670997 234 88 12
-0.25405007 0.52596841 0.14583067 234 88 12
-0.34056495 0.53234265 0.20732127 234 88 12
-0.35554982 0.53381205 0.21802826 234 88 12
0.2685038 0.30369267 -0.072355844 234 88 12
0.26324745 0.31135586 -0.074931027 234 88 12
0.25295079 0.32360008 -0.077767075 234 88 12
0.23138999 0.34506033 -0.079678665 234 88 12
0.16308769 0.41324827 -0.084385636 234 88 12
0.14435555 0.43447717 -0.084873949 234 88 12
0.06874806 0.48774564 -0.067642985 234 88 12
-0.082058035 0.50611437 0.027099012 234 88 12
-0.090242869 0.50680955 0.032710245 234 88 12
-0.12535958 0.50973948 0.056222449 234 88 12
-0.24376085 0.52452303 0.13539388 234 88 12
-0.319827 0.5301743 0.18829787 234 88 12
-0.32499065 0.53052076 0.19213414 234 88 12
-0.35063235 0.53244521 0.21104721 234 88 12
-0.37518325 0.53536464 0.22780787 234 88 12
0.28783024 -0.0030530945 0.1580375 234 88 12
0.26267269 0.30766355 -0.074995707 234 88 12
0.24117456 0.33150531 -0.078897007 234 88 12
0.22403034 0.34798399 -0.080372601 234 88 12
0.21876376 0.35298886 -0.080653379 234 88 12
0.19614163 0.37504981 -0.082457944 234 88 12
0.19103992 0.38010574 -0.083011334 234 88 12
0.18426503 0.38697329 -0.083520447 234 88 12
0.17416219 0.3971945 -0.084144425 234 88 12
0.16089993 0.41113562 -0.084697554 234 88 12
-0.04244106 0.50110845 0.00016415331 234 88 12
-0.05022464 0.50206541 0.0047624677 234 88 12
-0.054066926 0.50254339 0.0070324182 234 88 12
-0.10713699 0.50783871 0.040648805 234 88 12
-0.29348554 0.5279655 0.1653897 234 88 12
-0.37073234 0.53367585 0.22162882 234 88 12
-0.39739473 0.53952817 0.23700201 234 88 12
0.26203796 0.3039466 -0.075012587 234 88 12
0.24395967 0.32461142 -0.078750001 234 88 12
0.15226987 0.41601089 -0.085096924 234 88 12
0.075285793 0.48240522 -0.075036941 234 88 12
0.055353548 0.48921197 -0.065752729 234 88 12
-0.08113337 0.50557347 0.019873929 234 88 12
-0.10222432 0.50725148 0.03394975 234 88 12
-0.22811686 0.52208165 0.11793956 234 88 12
-0.242892 0.52346905 0.12780149 234 88 12
-0.27771415 0.52640103 0.1509786 234 88 12
-0.35054006 0.53094359 0.20377967 234 88 12
0.28171031 0.26774904 -0.062860447 234 88 12
0.27922814 0.27197501 -0.064477857 234 88 12
0.25124004 0.31267764 -0.078108751 234 88 12
0.243344 0.32098523 -0.078942699 234 88 12
0.22307406 0.34058486 -0.080529365 234 88 12
0.22131995 0.34223654 -0.080635601 234 88 12
0.2177912 0.34552922 -0.080731675 234 88 12
0.18157542 0.38098442 -0.083722942 234 88 12
0.17478238 0.387821 -0.084265543 234 88 12
0.17143931 0.39119957 -0.084483443 234 88 12
0.15975614 0.403384 -0.08509827 234 88 12
0.14999825 0.41384808 -0.085260287 234 88 12
0.11694943 0.45128454 -0.086070108 234 88 12
0.095383443 0.46924712 -0.082928567 234 88 12
0.090977315 0.4721577 -0.081980726 234 88 12
0.057697827 0.48730644 -0.069331944 234 88 12
0.029224237 0.494036 -0.053367324 234 88 12
-0.06102364 0.50286281 0.0047142134 234 88 12
-0.084808278 0.5057189 0.018924456 234 88 12
-0.12842138 0.50924749 0.047934993 234 88 12
-0.15143961 0.51172281 0.063136285 234 88 12
-0.27220535 0.52551007 0.14377667 234 88 12
-0.29261057 0.52694617 0.1574572 234 88 12
-0.31355193 0.52811297 0.17274993 234 88 12
-0.36073235 0.53102298 0.20790275 234 88 12
-0.36590354 0.53143204 0.21169734 234 88 12
0.28235558 0.26160967 -0.061906711 234 88 12
0.26208709 0.29459545 -0.074450235 234 88 12
0.25213194 0.30725126 -0.077845416 234 88 12
0.20859027 0.35024303 -0.081400833 234 88 12
0.17937564 0.37885697 -0.083885421 234 88 12
0.11130786 0.45283035 -0.086421962 234 88 12
-0.05681553 0.50203968 -0.00094627073 234 88 12
-0.16961617 0.51360535 0.072399778 234 88 12
-0.27173792 0.52500106 0.1400445 234 88 12
-0.38595256 0.53305181 0.22202316 234 88 12
-0.39498825 0.53515821 0.22710602 234 88 12
0.26140069 0.29082311 -0.07437052 234 88 12
0.24843869 0.30697094 -0.078426806 234 88 12
0.24210718 0.31366126 -0.079311866 234 88 12
0.20811772 0.34651023 -0.08135485 234 88 12
0.17378372 0.38012376 -0.084252469 234 88 12
0.1570067 0.39736352 -0.085415456 234 88 12
0.14871357 0.40618233 -0.08574252 234 88 12
0.13282729 0.42399821 -0.086238942 234 88 12
0.10904341 0.45087247 -0.086790284 234 88 12
0.10362764 0.45604846 -0.086327013 234 88 12
0.0037421605 0.49639825 -0.043572562 234 88 12
-0.080062988 0.50470689 0.0095481237 234 88 12
-0.34991499 0.52909805 0.19291728 234 88 12
-0.35516211 0.52943749 0.19685624 234 88 12
-0.39089878 0.53314682 0.22170621 234 88 12
0.29371069 -0.042702939 0.16540654 234 88 12
0.26850491 0.27488357 -0.069851394 234 88 12
0.25662767 0.29269683 -0.076171738 234 88 12
0.24140801 0.30996023 -0.079337004 234 88 12
0.21971608 0.33117875 -0.080651406 234 88 12
0.21105105 0.33939899 -0.080928702 234 88 12
0.19735291 0.35305168 -0.082326578 234 88 12
0.12743397 0.42558318 -0.086803147 234 88 12
0.1227728 0.43103249 -0.087030011 234 88 12
0.076713348 0.47274578 -0.081992534 234 88 12
0.062457436 0.48032543 -0.077441335 234 88 12
0.054818369 0.4837693 -0.074569366 234 88 12
0.02900987 0.49223258 -0.062510623 234 88 12
-0.032465606 0.49870586 -0.022280085 234 88 12
-0.21170213 0.5187155 0.093817064 234 88 12
-0.24129515 0.52146452 0.11356945 234 88 12
-0.40017553 0.53463736 0.22317397 234 88 12
0.26267197 0.27920961 -0.072826877 234 88 12
0.16599654 0.37924764 -0.084772668 234 88 12
0.14430457 0.40197795 -0.086394836 234 88 12
-0.13117251 0.50857084 0.036908836 234 88 12
-0.17312618 0.51301328 0.065341147 234 88 12
-0.22106492 0.51922169 0.096790689 234 88 12
-0.28555925 0.52462761 0.13931927 234 88 12
-0.31704025 0.52629865 0.16171713 234 88 12
-0.32773537 0.52676835 0.16979222 234 88 12
-0.38642811 0.53093311 0.21212324 234 88 12
-0.41990405 0.54127372 0.22729106 234 88 12
0.30035899 -0.056623391 0.16392766 234 88 12
0.27747193 0.24989868 -0.062919985 234 88 12
0.24471716 0.29744889 -0.078631428 234 88 12
0.2431471 0.29915597 -0.078858635 234 88 12
0.20652765 0.33535181 -0.081172152 234 88 12
0.11171987 0.43400152 -0.087494928 234 88 12
0.093406146 0.45376721 -0.087370575 234 88 12
0.085712704 0.460341 -0.086326953 234 88 12
-0.099910218 0.50546848 0.013104438 234 88 12
-0.11725436 0.50697233 0.024705367 234 88 12
-0.19153366 0.51527049 0.074063003 234 88 12
-0.19632394 0.5159379 0.07715443 234 88 12
-0.3649824 0.52858774 0.19336036 234 88 12
-0.40906854 0.53566316 0.22050663 234 88 12
0.25136545 0.28477642 -0.076628242 234 88 12
0.24988838 0.28657189 -0.07702601 234 88 12
0.22777868 0.31023228 -0.079837341 234 88 12
0.20255692 0.33500025 -0.081473961 234 88 12
0.19586588 0.34183346 -0.082292611 234 88 12
0.17346446 0.36318488 -0.084034225 234 88 12
0.17178342 0.36483639 -0.084181117 234 88 12
0.146472 0.3906581 -0.086588055 234 88 12
0.098213306 0.44481555 -0.088172915 234 88 12
0.071476944 0.46768099 -0.084488409 234 88 12
0.018827226 0.49213417 -0.065510151 234 88 12
0.0049233551 0.49459665 -0.057297689 234 88 12
-0.066370607 0.50196188 -0.011626357 234 88 12
-0.12544422 0.50767215 0.026400068 234 88 12
-0.16235248 0.51137739 0.051045817 234 88 12
-0.21026209 0.5173694 0.082744421 234 88 12
-0.30007336 0.52481114 0.14208496 234 88 12
0.28126304 0.23375915 -0.059138498 234 88 12
0.27999861 0.23583737 -0.060033801 234 88 12
0.26590673 0.25885885 -0.069194046 234 88 12
0.22860126 0.30484641 -0.079638225 234 88 12
0.22206152 0.31139933 -0.080117863 234 88 12
0.21697731 0.31631123 -0.080284893 234 88 12
0.19022937 0.3430943 -0.082525505 234 88 12
0.18332155 0.34966404 -0.082960472 234 88 12
0.15262668 0.37955719 -0.085828569 234 88 12
0.13424295 0.39906958 -0.087301077 234 88 12
-0.0022373807 0.49519616 -0.056248687 234 88 12
-0.082075288 0.50348674 -0.005328098 234 88 12
-0.27886846 0.523148 0.12387084 234 88 12
0.29995166 -0.051254755 0.15152321 234 88 12
0.22292476 0.30600681 -0.079961312 234 88 12
0.16054359 0.36715647 -0.084962864 234 88 12
0.11266103 0.41862369 -0.088299103 234 88 12
0.090295889 0.4444158 -0.088828689 234 88 12
-0.0057934701 0.49532517 -0.057479219 234 88 12
-0.0096097818 0.49582727 -0.055201105 234 88 12
-0.20454244 0.51604845 0.071751941 234 88 12
-0.39536977 0.53053713 0.20333749 234 88 12
-0.40460511 0.53256332 0.20839944 234 88 12
0.26878183 0.24472391 -0.066713314 234 88 12
0.26473923 0.25090338 -0.068807072 234 88 12
0.21383644 0.31046446 -0.080272294 234 88 12
0.21047993 0.31382766 -0.080453397 234 88 12
0.10873085 0.41832727 -0.088475591 234 88 12
0.06601915 0.46240778 -0.086841171 234 88 12
0.29283921 -0.01316574 0.12112642 234 88 12
0.26145604 0.25107355 -0.070224787 234 88 12
0.24364184 0.2743786 -0.076611583 234 88 12
0.20974917 0.31006276 -0.08048243 234 88 12
0.16114906 0.35777766 -0.084601604 234 88 12
0.14404853 0.37479465 -0.086448636 234 88 12
0.13399471 0.38557668 -0.087704919 234 88 12
0.11587937 0.40515695 -0.088451131 234 88 12
0.092324294 0.4330938 -0.089392568 234 88 12
0.035137043 0.48051064 -0.080944598 234 88 12
-0.032138764 0.49798035 -0.047465227 234 88 12
-0.093593534 0.50374386 -0.007276043 234 88 12
-0.31337006 0.52466048 0.13695119 234 88 12
0.23502593 0.27931032 -0.077834963 234 88 12
0.22693962 0.28805804 -0.079289287 234 88 12
0.20558533 0.30961194 -0.080618214 234 88 12
0.14343798 0.37078278 -0.086234981 234 88 12
0.14004504 0.37437155 -0.086745089 234 88 12
0.081697987 0.44023725 -0.089861443 234 88 12
0.066040506 0.45560679 -0.088779442 234 88 12
0.042495736 0.47355359 -0.084237005 234 88 12
0.026796209 0.48285479 -0.080186792 234 88 12
0.0012509876 0.49226115 -0.070394502 234 88 12
-0.012715283 0.49515388 -0.063207163 234 88 12
-0.035545538 0.49815801 -0.048683442 234 88 12
-0.1280562 0.50675554 0.011729688 234 88 12
-0.15549605 0.50939213 0.029672517 234 88 12
-0.16497133 0.51037726 0.035858293 234 88 12
-0.21782613 0.51663055 0.069979015 234 88 12
0.26026433 0.24315374 -0.070102442 234 88 12
0.2544891 0.25106347 -0.072359952 234 88 12
0.23890547 0.26997884 -0.076823805 234 88 12
0.23581227 0.27355349 -0.07738024 234 88 12
0.21626596 0.29415537 -0.079801952 234 88 12
0.19483366 0.31572424 -0.081151992 234 88 12
0.069204952 0.44860133 -0.089470462 234 88 12
0.056581821 0.459978 -0.088174546 234 88 12
-0.0056468671 0.49307473 -0.069779213 234 88 12
-0.22217175 0.51673383 0.069440698 234 88 12
-0.23190593 0.51766692 0.075669231 234 88 12
-0.2513558 0.51938794 0.088220185 234 88 12
-0.29129743 0.52280764 0.11421271 234 88 12
0.27948817 0.20910657 -0.058809906 234 88 12
0.26103923 0.23724403 -0.069528403 234 88 12
0.23966341 0.26408474 -0.07627441 234 88 12
0.23647479 0.26772239 -0.076851452 234 88 12
0.21528401 0.29023297 -0.079714653 234 88 12
0.20883618 0.29687936 -0.080083639 234 88 12
0.20387113 0.30182853 -0.080344304 234 88 12
0.20222498 0.30351385 -0.080477523 234 88 12
0.195604 0.31024089 -0.080996173 234 88 12
0.157594 0.34788041 -0.084122346 234 88 12
0.1134639 0.39305642 -0.08824889 234 88 12
0.1102272 0.39669101 -0.088565644 234 88 12
0.10065744 0.40790346 -0.089299289 234 88 12
0.076974641 0.43606364 -0.090115535 234 88 12
0.014580789 0.48499086 -0.080132747 234 88 12
-0.012625629 0.49386074 -0.06921517 234 88 12
-0.05405871 0.49972788 -0.043392726 234 88 12
-0.10935592 0.50445457 -0.006683266 234 88 12
-0.34925973 0.52593173 0.15217215 234 88 12
0.27632517 0.20929812 -0.060266582 234 88 12
0.21107614 0.28960394 -0.079675199 234 88 12
0.19964116 0.30126825 -0.080332279 234 88 12
0.093436255 0.41135212 -0.089230132 234 88 12
0.079501492 0.42854667 -0.090179363 234 88 12
0.061341262 0.44790899 -0.089806301 234 88 12
0.043476389 0.46394853 -0.087739506 234 88 12
-0.061521173 0.50040589 -0.042116577 234 88 12
-0.10882715 0.50422384 -0.010248226 234 88 12
-0.1132226 0.50464863 -0.007430591 234 88 12
-0.13584864 0.50667692 0.0071808642 234 88 12
-0.14513375 0.50744685 0.013275024 234 88 12
-0.16842454 0.50987258 0.028642922 234 88 12
-0.23570932 0.51728133 0.07136022 234 88 12
-0.40256778 0.53024691 0.18572618 234 88 12
0.29939612 -0.035263699 0.11801216 234 88 12
0.23151237 0.26306009 -0.076668887 234 88 12
0.19378328 0.30231736 -0.080350333 234 88 12
0.065632937 0.43895425 -0.090151164 234 88 12
0.047182113 0.45740881 -0.089180617 234 88 12
0.028034042 0.47273077 -0.086612629 234 88 12
-0.044796317 0.49869267 -0.056948747 234 88 12
-0.32049156 0.5240198 0.12455498 234 88 12
-0.34776521 0.52571759 0.14364034 234 88 12
-0.35338824 0.52592422 0.14765712 234 88 12
0.2547918 0.23138188 -0.07098577 234 88 12
0.18799265 0.30331137 -0.080558282 234 88 12
0.17663177 0.31487139 -0.080990709 234 88 12
0.17348512 0.31828374 -0.081442096 234 88 12
0.17188168 0.3199703 -0.08163539 234 88 12
0.1587866 0.33304995 -0.082798444 234 88 12
0.15710269 0.3346194 -0.082875503 234 88 12
0.14506108 0.34583945 -0.084257345 234 88 12
0.083907 0.41284487 -0.089779681 234 88 12
-0.033377571 0.4965442 -0.067403932 234 88 12
-0.2836093 0.5211481 0.09550543 234 88 12
0.303151 -0.043325172 0.11531512 234 88 12
0.20319926 0.28260706 -0.079289523 234 88 12
0.1772809 0.30924821 -0.080674365 234 88 12
0.15293192 0.33388603 -0.083002157 234 88 12
0.14609726 0.3403107 -0.083822653 234 88 12
0.075265603 0.4184004 -0.090363478 234 88 12
0.062534583 0.43303165 -0.090524836 234 88 12
-0.089734948 0.50202094 -0.032280526 234 88 12
-0.17671182 0.50991133 0.024761174 234 88 12
-0.24382445 0.51702581 0.067066094 234 88 12
0.29785828 -0.021224423 0.097133338 234 88 12
0.15545809 0.32677747 -0.082330487 234 88 12
0.14358612 0.33796181 -0.083694421 234 88 12
0.1366363 0.34448756 -0.084513563 234 88 12
0.037805138 0.45486218 -0.090274712 234 88 12
0.0056064796 0.47907533 -0.085930768 234 88 12
-0.071313447 0.50089694 -0.048588308 234 88 12
-0.079875714 0.50149539 -0.042552516 234 88 12
-0.084307726 0.50171438 -0.039354507 234 88 12
-0.13404406 0.50543696 -0.0061560653 234 88 12
-0.21912287 0.51446359 0.047925928 234 88 12
-0.23852692 0.51618694 0.060293436 234 88 12
-0.2432931 0.51660143 0.063412518 234 88 12
-0.28237872 0.52032381 0.088178742 234 88 12
-0.31318882 0.52266082 0.10947441 234 88 12
-0.32380757 0.52335548 0.11688379 234 88 12
-0.36888825 0.5257172 0.14831001 234 88 12
0.30513538 -0.044502457 0.10811027 234 88 12
0.29796246 -0.015916093 0.089221434 234 88 12
0.27102484 0.1940621 -0.061225404 234 88 12
0.26969001 0.19609122 -0.06204482 234 88 12
0.26143327 0.20816665 -0.066561084 234 88 12
0.23494612 0.23919994 -0.07400941 234 88 12
0.10830894 0.36803969 -0.087305987 234 88 12
0.10322323 0.37335091 -0.087344097 234 88 12
0.090470711 0.38899684 -0.089058998 234 88 12
0.077919911 0.40440364 -0.08990062 234 88 12
0.068758336 0.41601319 -0.090664439 234 88 12
-0.050683114 0.49824975 -0.065836535 234 88 12
-0.16640164 0.50809292 0.01183316 234 88 12
-0.18501313 0.51057219 0.023043907 234 88 12
0.27043078 0.19020654 -0.060981268 234 88 12
0.23750454 0.23165344 -0.073127502 234 88 12
0.23410377 0.23512561 -0.073559611 234 88 12
0.22899645 0.24039519 -0.074316872 234 88 12
0.21011028 0.2598596 -0.076811275 234 88 12
0.17596873 0.29559036 -0.079949578 234 88 12
0.1647704 0.30726507 -0.080646456 234 88 12
-0.01936276 0.48815009 -0.083492785 234 88 12
-0.07776086 0.50150104 -0.051315355 234 88 12
-0.13712532 0.50549862 -0.010894684 234 88 12
-0.2129061 0.51343335 0.037054473 234 88 12
-0.27601734 0.51927772 0.077007705 234 88 12
-0.28595675 0.52013315 0.083491476 234 88 12
-0.29100792 0.520561 0.086878412 234 88 12
0.26985322 0.18637376 -0.060794973 234 88 12
0.26161565 0.19835004 -0.065488217 234 88 12
0.24666969 0.2172595 -0.07094068 234 88 12
0.23330688 0.23108904 -0.07317329 234 88 12
0.14430422 0.32277464 -0.082118988 234 88 12
0.13580987 0.33073261 -0.083188555 234 88 12
0.098159932 0.36869499 -0.087289354 234 88 12
0.096510806 0.37054365 -0.087354786 234 88 12
0.091637389 0.37638464 -0.087922836 234 88 12
0.076022179 0.39610459 -0.089861773 234 88 12
0.072949942 0.39995972 -0.089973667 234 88 12
0.054615882 0.42279354 -0.090995782 234 88 12
0.024947162 0.45567811 -0.091567252 234 88 12
0.0033950107 0.47306886 -0.089470777 234 88 12
-0.012650583 0.48309149 -0.086947884 234 88 12
-0.022839784 0.48821079 -0.084370617 234 88 12
-0.040102871 0.49473736 -0.077577757 234 88 12
-0.10778404 0.50386336 -0.034283623 234 88 12
-0.30554503 0.5217551 0.092779494 234 88 12
0.25814106 0.19833201 -0.066574329 234 88 12
0.24103979 0.21858282 -0.071739366 234 88 12
0.23429008 0.22538624 -0.072695124 234 88 12
0.23253417 0.2270829 -0.072831564 234 88 12
0.21334033 0.24628958 -0.075264119 234 88 12
0.16428608 0.29751325 -0.079881168 234 88 12
0.16114001 0.3008258 -0.080150573 234 88 12
0.15330621 0.30926212 -0.081064043 234 88 12
0.15169893 0.31091818 -0.081272559 234 88 12
0.15009388 0.31253819 -0.081456182 234 88 12
0.046368599 0.42787128 -0.091645208 234 88 12
0.041908307 0.43324656 -0.091851943 234 88 12
-0.0003709898 0.47298576 -0.090084021 234 88 12
-0.21175093 0.5128774 0.029199907 234 88 12
-0.2360701 0.51503325 0.044325882 234 88 12
-0.28949943 0.52031867 0.078255699 234 88 12
-0.36414278 0.52621979 0.12733576 234 88 12
0.27431237 0.17056333 -0.057192678 234 88 12
0.27290703 0.17258663 -0.057972695 234 88 12
0.25304901 0.20009258 -0.068012182 234 88 12
0.21419245 0.24044969 -0.074752051 234 88 12
0.19538914 0.25985145 -0.077541089 234 88 12
0.1648521 0.29192697 -0.079667615 234 88 12
0.13400321 0.32282234 -0.082561125 234 88 12
0.13061156 0.32602688 -0.083063742 234 88 12
0.10499628 0.35156684 -0.08681402 234 88 12
0.04559508 0.42394616 -0.09168809 234 88 12
0.020852007 0.45189387 -0.092282162 234 88 12
0.004251117 0.46674803 -0.091689998 234 88 12
-0.20169146 0.51161618 0.019529103 234 88 12
-0.22100262 0.51345287 0.031386829 234 88 12
-0.27885425 0.51919364 0.067659823 234 88 12
-0.35194307 0.52566351 0.11500816 234 88 12
0.27960607 0.15875772 -0.054219849 234 88 12
0.27389187 0.16680666 -0.057236827 234 88 12
0.21862926 0.23116744 -0.073643541 234 88 12
0.19436964 0.25576492 -0.077115243 234 88 12
0.16699357 0.28469895 -0.079466523 234 88 12
0.12804225 0.32373429 -0.083079778 234 88 12
0.020388176 0.4482492 -0.092555973 234 88 12
-0.23496328 0.51451778 0.036505537 234 88 12
-0.25404503 0.51636796 0.048560183 234 88 12
-0.36800924 0.52638433 0.1219506 234 88 12
0.25330069 0.19038273 -0.06717051 234 88 12
0.24390189 0.20131941 -0.069771049 234 88 12
0.20717714 0.23752668 -0.074647682 234 88 12
0.19678897 0.24800567 -0.075853452 234 88 12
0.16747187 0.27899962 -0.079200752 234 88 12
0.099921595 0.34693995 -0.086825015 234 88 12
0.096519243 0.35061851 -0.087164988 234 88 12
0.01337032 0.45152947 -0.09327197 234 88 12
0.0063003136 0.45837246 -0.09338842 234 88 12
-0.0601148 0.49783767 -0.078939024 234 88 12
-0.25334692 0.51612224 0.044557723 234 88 12
-0.25811227 0.5166538 0.047466558 234 88 12
-0.27252632 0.51825181 0.056228834 234 88 12
-0.31266267 0.52223115 0.082119802 234 88 12
-0.32318198 0.52317826 0.088900545 234 88 12
-0.33385759 0.52411158 0.095750221 234 88 12
0.25416321 0.18465583 -0.066401627 234 88 12
0.23307622 0.2077135 -0.071359413 234 88 12
0.20101391 0.23860768 -0.074773042 234 88 12
0.12283612 0.31910925 -0.083092423 234 88 12
0.12111764 0.32073956 -0.083354212 234 88 12
0.10741388 0.33385682 -0.085129118 234 88 12
0.085621411 0.35762156 -0.087972681 234 88 12
0.077634542 0.36758003 -0.088993552 234 88 12
0.071477121 0.37555836 -0.090113969 234 88 12
0.060682829 0.38887064 -0.090451011 234 88 12
0.012886085 0.44780773 -0.093460784 234 88 12
-0.035334675 0.4862616 -0.089768707 234 88 12
-0.1709007 0.50794203 -0.0096099834 234 88 12
-0.19045411 0.50962079 0.0019938442 234 88 12
-0.37173817 0.5264172 0.11726954 234 88 12
0.25044236 0.18440304 -0.067261697 234 88 12
0.17793548 0.25722192 -0.07727237 234 88 12
0.16044982 0.2758493 -0.078959494 234 88 12
0.15274928 0.28410252 -0.079459926 234 88 12
0.12523331 0.31193275 -0.082093575 234 88 12
0.12355789 0.31352569 -0.082368575 234 88 12
0.11843124 0.31836598 -0.08322771 234 88 12
0.084749287 0.3534455 -0.087806234 234 88 12
0.078263953 0.36135991 -0.08854025 234 88 12
0.073593373 0.3673858 -0.089361323 234 88 12
0.06279452 0.38090676 -0.090400243 234 88 12
0.058270931 0.38666452 -0.090493632 234 88 12
0.042227232 0.40809388 -0.092059003 234 88 12
0.030632242 0.42272615 -0.092806878 234 88 12
-0.10616214 0.504653 -0.057017271 234 88 12
-0.15515427 0.50684077 -0.023479164 234 88 12
-0.31104018 0.52168731 0.073997526 234 88 12
0.27352456 0.14968082 -0.056697242 234 88 12
0.24341679 0.18753785 -0.068578206 234 88 12
0.20441749 0.22510477 -0.073291401 234 88 12
0.16410231 0.2665961 -0.078119933 234 88 12
0.16089947 0.26999808 -0.078490549 234 88 12
0.14541703 0.28661236 -0.079557655 234 88 12
0.13406727 0.2983077 -0.08056938 234 88 12
0.11574373 0.31601 -0.083011579 234 88 12
0.10727255 0.32416431 -0.084297914 234 88 12
0.085514838 0.34738996 -0.087427419 234 88 12
0.04280752 0.40215227 -0.091941278 234 88 12
-0.014871351 0.46624266 -0.094667313 234 88 12
-0.15899297 0.5071679 -0.024763618 234 88 12
-0.22298492 0.51212149 0.014771311 234 88 12
-0.29500865 0.51981909 0.060493977 234 88 12
0.22367188 0.20214293 -0.07120568 234 88 12
0.089587974 0.33762154 -0.086251543 234 88 12
0.026031903 0.41847971 -0.093020606 234 88 12
-0.037186985 0.48053504 -0.093366259 234 88 12
-0.064725083 0.49557455 -0.087044329 234 88 12
-0.13769932 0.50653037 -0.043270925 234 88 12
-0.39082979 0.52827497 0.11831593 234 88 12
-0.40782272 0.53297667 0.12750178 234 88 12
0.26378778 0.15407041 -0.06117873 234 88 12
0.1850246 0.2341658 -0.074702905 234 88 12
0.11868044 0.30322862 -0.081179739 234 88 12
0.10370056 0.31791451 -0.083741375 234 88 12
0.091935232 0.329859 -0.08527321 234 88 12
0.064519989 0.36263019 -0.089219662 234 88 12
0.062985447 0.36460254 -0.089485656 234 88 12
-0.0062046126 0.45044242 -0.095479976 234 88 12
-0.15202044 0.50694491 -0.036892258 234 88 12
-0.18731516 0.50886489 -0.014456521 234 88 12
-0.21707432 0.51094687 0.0043417415 234 88 12
-0.25919705 0.51576761 0.030713157 234 88 12
-0.28348439 0.51818676 0.046522536 234 88 12
-0.35173596 0.5248132 0.089527882 234 88 12
-0.3690823 0.52555631 0.10113005 234 88 12
0.27753123 0.1294768 -0.053111616 234 88 12
0.27337034 0.13601162 -0.055682421 234 88 12
0.26917474 0.14228064 -0.058399516 234 88 12
0.26773282 0.14431094 -0.059272574 234 88 12
0.26022324 0.15416903 -0.062509876 234 88 12
0.25867476 0.15608313 -0.063068032 234 88 12
0.23102325 0.18564409 -0.069610922 234 88 12
0.19650052 0.21769137 -0.072762596 234 88 12
0.15456743 0.26106239 -0.078115137 234 88 12
0.15141112 0.26442812 -0.078442273 234 88 12
0.11768001 0.29930598 -0.080850347 234 88 12
-0.02088227 0.46079408 -0.096282921 234 88 12
-0.024535027 0.46429385 -0.096267069 234 88 12
-0.066472803 0.49357827 -0.090756432 234 88 12
-0.19658621 0.50926908 -0.012102171 234 88 12
0.25496622 0.15601798 -0.064202808 234 88 12
0.16299864 0.24674034 -0.076859579 234 88 12
0.14406665 0.26708872 -0.078828531 234 88 12
0.11671756 0.2953685 -0.08067888 234 88 12
0.093431852 0.31839189 -0.084203769 234 88 12
0.085087267 0.32709259 -0.085377314 234 88 12
0.076953137 0.33642716 -0.086583047 234 88 12
0.070429324 0.34410927 -0.087465942 234 88 12
0.053588047 0.36608029 -0.089987631 234 88 12
0.013299327 0.41938101 -0.093789616 234 88 12
-0.044272521 0.47747576 -0.095628009 234 88 12
-0.070190046 0.49372879 -0.091690289 234 88 12
-0.21051443 0.51003044 -0.0068600318 234 88 12
-0.29695004 0.51921741 0.048321676 234 88 12
-0.30198625 0.51978662 0.05147782 234 88 12
-0.33877871 0.52361925 0.074333531 234 88 12
0.19313001 0.21103401 -0.07239184 234 88 12
0.1737338 0.23049837 -0.075346237 234 88 12
0.17205787 0.23224625 -0.075630325 234 88 12
0.087508624 0.31950085 -0.084581766 234 88 12
0.085814433 0.32123608 -0.084762884 234 88 12
0.07442967 0.33413178 -0.086434379 234 88 12
0.057062334 0.35580471 -0.088954041 234 88 12
0.0079818894 0.42089429 -0.094334029 234 88 12
-0.18901187 0.50896332 -0.02428164 234 88 12
-0.2192926 0.5107873 -0.0054133295 234 88 12
-0.24734518 0.51379979 0.012817169 234 88 12
-0.26152572 0.51536638 0.021800528 234 88 12
-0.29602063 0.51899401 0.044017553 234 88 12
0.24571414 0.15727527 -0.066482744 234 88 12
0.24236931 0.16066716 -0.067216777 234 88 12
0.23898932 0.16400209 -0.067631394 234 88 12
0.19587156 0.20331349 -0.071459543 234 88 12
0.15448119 0.2452907 -0.077100479 234 88 12
0.12954844 0.27263717 -0.079715118 234 88 12
0.0702353 0.3337312 -0.086524723 234 88 12
0.033266534 0.38306102 -0.092015945 234 88 12
0.023310475 0.39648165 -0.092689522 234 88 12
-0.085952567 0.49779366 -0.091048655 234 88 12
-0.15600471 0.50818331 -0.04958939 234 88 12
-0.19759417 0.50959504 -0.02300394 234 88 12
0.24995576 0.14813801 -0.065375049 234 88 12
0.17712556 0.21671643 -0.073776956 234 88 12
0.16682586 0.22736747 -0.075453672 234 88 12
0.12221158 0.27533117 -0.08007739 234 88 12
0.085617192 0.31163133 -0.083956125 234 88 12
0.077393475 0.32031825 -0.085113299 234 88 12
0.030933993 0.38085396 -0.092073835 234 88 12
-0.089459747 0.49812595 -0.092279973 234 88 12
-0.12932374 0.50756684 -0.071752367 234 88 12
-0.21643517 0.51101944 -0.015413961 234 88 12
-0.24036387 0.51318423 0.00018516776 234 88 12
-0.24978986 0.51416171 0.0063189945 234 88 12
-0.27388856 0.51659133 0.021967923 234 88 12
0.26909485 0.11820374 -0.057484452 234 88 12
0.25261284 0.14067591 -0.064659346 234 88 12
0.18530358 0.20364423 -0.072243321 234 88 12
0.16257699 0.22672301 -0.075741798 234 88 12
0.16089013 0.22846684 -0.075971807 234 88 12
0.14767622 0.24220068 -0.077135675 234 88 12
0.12126652 0.27137078 -0.080085936 234 88 12
0.09295722 0.29946698 -0.082510627 234 88 12
0.079731485 0.31281107 -0.084202406 234 88 12
0.046719054 0.35305634 -0.089037096 234 88 12
0.04378576 0.35705124 -0.089481741 234 88 12
0.03951003 0.36297158 -0.090065673 234 88 12
0.036736568 0.36689897 -0.090556226 234 88 12
0.034018259 0.37082793 -0.091130962 234 88 12
-0.0085553165 0.4254655 -0.0959329 234 88 12
-0.024865588 0.44396754 -0.097898334 234 88 12
-0.028242299 0.44759467 -0.09808671 234 88 12
-0.09899075 0.50082171 -0.091470982 234 88 12
-0.37583144 0.52501232 0.083971665 234 88 12
0.21381438 0.17322304 -0.069374235 234 88 12
0.18098181 0.20301245 -0.072617164 234 88 12
0.17020859 0.2137233 -0.073951756 234 88 12
0.16509276 0.21911534 -0.075006983 234 88 12
0.16172507 0.22264538 -0.075654563 234 88 12
0.15330307 0.2313247 -0.076660054 234 88 12
0.14835376 0.23645826 -0.07692508 234 88 12
0.1420778 0.24336942 -0.077844304 234 88 12
0.092019994 0.29559761 -0.082232309 234 88 12
-0.030518286 0.44562296 -0.098469614 234 88 12
-0.033893329 0.44931204 -0.098769206 234 88 12
-0.085936343 0.49339718 -0.097246127 234 88 12
-0.099510856 0.49998396 -0.09368073 234 88 12
0.22915449 0.15498973 -0.068211724 234 88 12
0.21847612 0.16441361 -0.068645975 234 88 12
0.15922792 0.22035168 -0.075939313 234 88 12
0.14114433 0.23937522 -0.077855768 234 88 12
0.081134194 0.30186871 -0.083665878 234 88 12
0.041891808 0.34863475 -0.089184069 234 88 12
-0.024559439 0.43435671 -0.098065888 234 88 12
-0.034530014 0.44546423 -0.098920983 234 88 12
-0.051920684 0.4638616 -0.10011087 234 88 12
-0.16489172 0.50963846 -0.059328492 234 88 12
-0.19689124 0.5102899 -0.038632935 234 88 12
-0.22224154 0.51189231 -0.022390172 234 88 12
-0.40381613 0.52870513 0.095406979 234 88 12
0.25077537 0.12900462 -0.065159666 234 88 12
0.22131123 0.15735936 -0.068508685 234 88 12
0.18493907 0.189452 -0.071464388 234 88 12
0.1814072 0.19293019 -0.072260113 234 88 12
0.17055731 0.20353319 -0.073736087 234 88 12
0.12473506 0.25246427 -0.079695961 234 88 12
0.08692298 0.29118695 -0.082532356 234 88 12
0.070478944 0.30802114 -0.084436777 234 88 12
0.05442598 0.32637511 -0.086858543 234 88 12
0.028325222 0.36227274 -0.090976348 234 88 12
0.027000372 0.36425084 -0.09131051 234 88 12
0.017421677 0.37792357 -0.0931455 234 88 12
0.001376562 0.39874433 -0.095076227 234 88 12
-0.017286272 0.42090049 -0.096907903 234 88 12
-0.028626469 0.43409578 -0.098538633 234 88 12
-0.035230058 0.44155156 -0.099004366 234 88 12
-0.059609877 0.46732445 -0.10060237 234 88 12
-0.065254626 0.47270203 -0.10090035 234 88 12
-0.071135786 0.47797267 -0.10123283 234 88 12
-0.13056138 0.50755266 -0.085603245 234 88 12
-0.24569141 0.51359524 -0.010857011 234 88 12
-0.37838629 0.5247033 0.075199377 234 88 12
0.25657709 0.11716253 -0.063374353 234 88 12
0.21349121 0.1597727 -0.068761939 234 88 12
0.1969633 0.17424729 -0.070535074 234 88 12
0.14576588 0.22441865 -0.077312567 234 88 12
0.13769074 0.23301437 -0.077850317 234 88 12
0.066379243 0.30756231 -0.08474473 234 88 12
0.047396284 0.32990677 -0.0874121 234 88 12
0.041447515 0.33799466 -0.088550244 234 88 12
0.017824896 0.37177799 -0.092879047 234 88 12
-0.11346921 0.50194983 -0.096565002 234 88 12
0.23778704 0.13339049 -0.067343473 234 88 12
0.22715522 0.14317279 -0.068179803 234 88 12
0.21813533 0.15109936 -0.068583253 234 88 12
0.16916087 0.19507688 -0.073454231 234 88 12
0.13047118 0.23586879 -0.078789438 234 88 12
0.12276126 0.24442995 -0.079790854 234 88 12
0.098573818 0.27011186 -0.081311853 234 88 12
0.078447611 0.29005599 -0.083047147 234 88 12
0.0055386041 0.38279296 -0.09416737 234 88 12
-0.023817868 0.41835305 -0.097560527 234 88 12
-0.050119424 0.44859907 -0.10061974 234 88 12
-0.064048629 0.46350298 -0.10164681 234 88 12
-0.085366167 0.48302775 -0.10269369 234 88 12
-0.08969225 0.48629945 -0.10232512 234 88 12
-0.10346049 0.49548475 -0.1009252 234 88 12
-0.15482178 0.51029772 -0.077987685 234 88 12
-0.15962888 0.51056842 -0.074766923 234 88 12
-0.39259887 0.52581605 0.077447937 234 88 12
0.24898769 0.11692066 -0.065634912 234 88 12
0.2439904 0.12249856 -0.066611418 234 88 12
0.22831261 0.13759361 -0.067986691 234 88 12
0.16129571 0.1980271 -0.074383947 234 88 12
0.1294509 0.23176126 -0.0784131 234 88 12
0.12637842 0.23523284 -0.079107589 234 88 12
0.11860208 0.24377754 -0.079988353 234 88 12
0.10437986 0.25931223 -0.080904092 234 88 12
0.094347817 0.26941222 -0.081339604 234 88 12
0.085965928 0.27757614 -0.081658549 234 88 12
0.061236111 0.30301424 -0.084567377 234 88 12
0.048472033 0.31745822 -0.086384021 234 88 12
-0.027983177 0.41803849 -0.097988232 234 88 12
-0.050931274 0.44453231 -0.10051769 234 88 12
-0.055959994 0.45023522 -0.10127033 234 88 12
-0.077272205 0.4725991 -0.1030868 234 88 12
-0.079193734 0.4743913 -0.10326622 234 88 12
-0.10485766 0.49412242 -0.10230555 234 88 12
-0.1269662 0.50455602 -0.096734368 234 88 12
-0.20560448 0.51201574 -0.049359557 234 88 12
-0.30528943 0.52058548 0.015289293 234 88 12
-0.3751427 0.52416388 0.061723871 234 88 12
0.16415816 0.19022694 -0.073557542 234 88 12
0.15353232 0.20115077 -0.075150333 234 88 12
0.096830902 0.26205901 -0.081305702 234 88 12
0.081735844 0.27693032 -0.081885077 234 88 12
0.080090948 0.27861435 -0.082088275 234 88 12
0.073359654 0.28540232 -0.082933699 234 88 12
0.045932476 0.31510533 -0.08619812 234 88 12
0.018631292 0.35309646 -0.091101393 234 88 12
-0.0010175854 0.37992863 -0.094511526 234 88 12
-0.06359555 0.45381744 -0.10208932 234 88 12
-0.074047586 0.46511983 -0.10302957 234 88 12
-0.0794756 0.47073618 -0.10367254 234 88 12
-0.081351614 0.47256583 -0.10383024 234 88 12
-0.11901637 0.49971741 -0.10134866 234 88 12
-0.22469255 0.51300734 -0.040437107 234 88 12
-0.39613143 0.52575614 0.073005886 234 88 12
0.26690352 0.080620351 -0.057073069 234 88 12
0.2215319 0.13435805 -0.068056334 234 88 12
0.21245103 0.14230332 -0.068615421 234 88 12
0.1961121 0.15671058 -0.069490081 234 88 12
0.19425971 0.15832015 -0.069687041 234 88 12
0.17416879 0.17580473 -0.071533198 234 88 12
0.14933093 0.20059912 -0.075614134 234 88 12
0.14755689 0.20245456 -0.075869323 234 88 12
0.14407933 0.20608865 -0.076289222 234 88 12
0.12433403 0.22711187 -0.078488779 234 88 12
0.12126549 0.23057207 -0.079220825 234 88 12
0.089223724 0.26474275 -0.081456985 234 88 12
0.056057956 0.29834456 -0.084415518 234 88 12
0.010757383 0.35862366 -0.09251985 234 88 12
-0.034706949 0.41532676 -0.098354995 234 88 12
-0.03632878 0.41728594 -0.098576899 234 88 12
-0.052715536 0.43638577 -0.10042533 234 88 12
-0.12557609 0.50115701 -0.10167758 234 88 12
-0.1807288 0.51227358 -0.073752377 234 88 12
-0.31895508 0.52198706 0.016578592 234 88 12
0.25813567 0.090547767 -0.06256369 234 88 12
0.22091313 0.13035391 -0.068063112 234 88 12
0.19913189 0.14953065 -0.069147108 234 88 12
0.19547784 0.15276061 -0.069478473 234 88 12
0.18998404 0.15756995 -0.070024482 234 88 12
0.16642608 0.17853673 -0.072777407 234 88 12
0.16289273 0.18201108 -0.073410409 234 88 12
0.15568538 0.18909861 -0.074413892 234 88 12
0.10477653 0.24364383 -0.080574598 234 88 12
0.076558606 0.27231134 -0.081895919 234 88 12
0.074925865 0.27400605 -0.082010338 234 88 12
0.033339993 0.3202148 -0.087186612 234 88 12
0.030485762 0.3242858 -0.087982452 234 88 12
0.01230866 0.35040995 -0.091553808 234 88 12
-0.027938366 0.40144925 -0.09730993 234 88 12
-0.048802911 0.42653514 -0.099854318 234 88 12
-0.091456192 0.47432941 -0.10544545 234 88 12
-0.11191675 0.49130391 -0.1057788 234 88 12
-0.22197106 0.51301038 -0.048857095 234 88 12
-0.30184523 0.51989572 0.0031892811 234 88 12
0.23821082 0.10967483 -0.067415698 234 88 12
0.21845566 0.12796533 -0.068123376 234 88 12
0.20023009 0.14393321 -0.068926687 234 88 12
0.19121304 0.15204232 -0.069757359 234 88 12
0.16400913 0.1761876 -0.072907762 234 88 12
0.11620657 0.2259623 -0.079368674 234 88 12
0.099019043 0.24474157 -0.080938825 234 88 12
0.023800206 0.32800321 -0.088837524 234 88 12
0.0071198148 0.35195514 -0.092362494 234 88 12
0.0015218933 0.3596467 -0.093312558 234 88 12
-0.0058444617 0.36894617 -0.094511534 234 88 12
-0.057946858 0.43202571 -0.10101891 234 88 12
-0.091767795 0.47063505 -0.10577576 234 88 12
-0.23081639 0.51345122 -0.046312561 234 88 12
-0.25112235 0.5146666 -0.032551301 234 88 12
0.26229384 0.072653538 -0.05890273 234 88 12
0.24095753 0.10195769 -0.066896986 234 88 12
0.21062514 0.13031086 -0.068556395 234 88 12
0.19959683 0.13994861 -0.068911394 234 88 12
0.14200576 0.19336213 -0.075966127 234 88 12
0.11831505 0.21843896 -0.078617308 234 88 12
0.094832668 0.24409835 -0.081108262 234 88 12
0.074744777 0.26423623 -0.081760911 234 88 12
0.042095668 0.29820344 -0.084990863 234 88 12
0.0045635781 0.34952678 -0.092344035 234 88 12
-0.0010660856 0.35724302 -0.093394975 234 88 12
-0.027016953 0.38904259 -0.096922235 234 88 12
-0.26478678 0.51583599 -0.027262426 234 88 12
-0.27465941 0.51670662 -0.020740312 234 88 12
-0.33851361 0.52213704 0.019561908 234 88 12
-0.43228699 0.53638295 0.077032523 234 88 12
0.24519886 0.092185044 -0.066017062 234 88 12
0.21177358 0.1247793 -0.06834999 234 88 12
0.1916726 0.14244318 -0.069178286 234 88 12
0.18806266 0.14571738 -0.069655128 234 88 12
0.18443367 0.14894005 -0.070158715 234 88 12
0.18262748 0.15052915 -0.070380266 234 88 12
0.18080578 0.15212146 -0.070602478 234 88 12
0.17706741 0.15526906 -0.070986941 234 88 12
0.1483273 0.18177842 -0.074667859 234 88 12
0.10795844 0.22466987 -0.079857143 234 88 12
0.054015476 0.28026525 -0.083254694 234 88 12
0.052335695 0.28194307 -0.083406798 234 88 12
0.041130219 0.29403516 -0.084747074 234 88 12
-0.0051556174 0.35667727 -0.09388822 234 88 12
-0.18070182 0.51227473 -0.088332665 234 88 12
0.18741998 0.14170511 -0.069442124 234 88 12
0.18011505 0.14816458 -0.070398529 234 88 12
0.1727374 0.15454061 -0.071181477 234 88 12
0.16173397 0.16398858 -0.071878078 234 88 12
0.13001527 0.19568727 -0.07681819 234 88 12
0.0975107 0.23079629 -0.080537354 234 88 12
0.094381642 0.23420172 -0.080814208 234 88 12
0.066337812 0.26279264 -0.082038574 234 88 12
0.0035998984 0.33873632 -0.091309693 234 88 12
-0.057670485 0.41544242 -0.10058175 234 88 12
-0.1752719 0.5113997 -0.094963898 234 88 12
-0.27135663 0.51690259 -0.030555105 234 88 12
0.25484821 0.069466602 -0.062742812 234 88 12
0.20877379 0.11844105 -0.068291683 234 88 12
0.19596453 0.12967343 -0.068942516 234 88 12
0.13624773 0.18401005 -0.075501703 234 88 12
0.08542998 0.23862946 -0.081459644 234 88 12
0.072186663 0.25202649 -0.081888784 234 88 12
0.042410925 0.28230049 -0.083872925 234 88 12
0.02095569 0.30816631 -0.087211014 234 88 12
-0.025659375 0.37026869 -0.096386993 234 88 12
-0.028707689 0.37402232 -0.096805106 234 88 12
-0.091045032 0.45085986 -0.10633461 234 88 12
-0.11338812 0.47595407 -0.11004079 234 88 12
-0.16373405 0.50797124 -0.10329036 234 88 12
0.23316835 0.09074466 -0.066950162 234 88 12
0.15328747 0.16249956 -0.072639091 234 88 12
0.13204463 0.18341782 -0.075903803 234 88 12
0.12681672 0.18897233 -0.076779936 234 88 12
0.12165268 0.19449788 -0.077606463 234 88 12
0.11822514 0.19813999 -0.077934866 234 88 12
0.074648524 0.24463362 -0.081825295 234 88 12
0.035204356 0.28521431 -0.084551258 234 88 12
0.033647069 0.2870035 -0.084733641 234 88 12
-0.023791171 0.36215027 -0.09598375 234 88 12
-0.043709893 0.3867394 -0.098204729 234 88 12
-0.067806101 0.41679247 -0.10190427 234 88 12
-0.072612717 0.42289904 -0.10283561 234 88 12
-0.12087804 0.47969332 -0.11167808 234 88 12
-0.13076407 0.48829744 -0.11198026 234 88 12
-0.24781734 0.51578325 -0.053242883 234 88 12
0.23757007 0.081124034 -0.066673433 234 88 12
0.19851171 0.11868057 -0.068772108 234 88 12
0.16345967 0.14912339 -0.071495818 234 88 12
0.1455031 0.16515385 -0.073965323 234 88 12
0.14002506 0.17016824 -0.07447228 234 88 12
0.13303567 0.17724843 -0.075287867 234 88 12
0.13129294 0.1791171 -0.075583921 234 88 12
0.12784513 0.18284502 -0.076306508 234 88 12
0.032715355 0.28286636 -0.084644036 234 88 12
-0.0056492204 0.3333438 -0.091891551 234 88 12
-0.011449016 0.34121248 -0.093322429 234 88 12
-0.075279249 0.42062185 -0.1032428 234 88 12
-0.089625922 0.43864791 -0.10610553 234 88 12
-0.11771082 0.47226621 -0.11153521 234 88 12
-0.1211883 0.4760692 -0.11222285 234 88 12
-0.12853926 0.48327479 -0.11302877 234 88 12
-0.13672799 0.48997893 -0.11276711 234 88 12
-0.16820489 0.50720618 -0.10666669 234 88 12
-0.29839537 0.51916848 -0.023277129 234 88 12
-0.3204204 0.5208543 -0.0096917918 234 88 12
0.24524384 0.067378912 -0.065629578 234 88 12
0.24366558 0.069369525 -0.066020175 234 88 12
0.21081071 0.1031905 -0.068268225 234 88 12
0.19239092 0.11955354 -0.06909293 234 88 12
0.1375216 0.1676893 -0.074502989 234 88 12
0.1339592 0.17113672 -0.074773356 234 88 12
0.11672151 0.18962614 -0.07791491 234 88 12
0.11501236 0.19146125 -0.078108427 234 88 12
0.093504805 0.2146665 -0.080344148 234 88 12
0.076011795 0.23322081 -0.081791711 234 88 12
0.057996961 0.25145066 -0.082466835 234 88 12
0.021000457 0.29155878 -0.086192515 234 88 12
-0.017160463 0.34259282 -0.094308378 234 88 12
-0.020210632 0.34634226 -0.094955582 234 88 12
-0.056893236 0.39186279 -0.1001484 234 88 12
-0.087529012 0.43037474 -0.10553637 234 88 12
-0.095446632 0.44045818 -0.10732751 234 88 12
-0.1997331 0.51329941 -0.093422233 234 88 12
0.23122561 0.078272844 -0.06711618 234 88 12
0.19750025 0.11068548 -0.068898325 234 88 12
0.13861806 0.16189861 -0.074276493 234 88 12
0.13683691 0.16353802 -0.074467222 234 88 12
0.13146437 0.16863492 -0.074786115 234 88 12
0.12974223 0.17043357 -0.074974884 234 88 12
0.075044073 0.22916501 -0.081834918 234 88 12
0.065259844 0.2391281 -0.082392254 234 88 12
0.038901304 0.2659981 -0.08383325 234 88 12
0.030986152 0.27456678 -0.084330459 234 88 12
-0.062925247 0.39344462 -0.10072891 234 88 12
-0.067907564 0.39953962 -0.1014289 234 88 12
-0.072745063 0.40561475 -0.10219174 234 88 12
-0.090296122 0.42808054 -0.10582648 234 88 12
-0.11586444 0.46047564 -0.11132584 234 88 12
-0.12402838 0.47024291 -0.11310424 234 88 12
-0.13267474 0.4796225 -0.1146755 234 88 12
-0.15609486 0.49778298 -0.11368503 234 88 12
-0.23824144 0.51547531 -0.069759621 234 88 12
-0.28507206 0.51801556 -0.038075251 234 88 12
-0.29045412 0.51834023 -0.034626265 234 88 12
0.24379589 0.058836131 -0.065034546 234 88 12
0.23733387 0.066611552 -0.066615809 234 88 12
0.2184693 0.086570721 -0.067876027 234 88 12
0.18938865 0.11310296 -0.069089002 234 88 12
0.15408923 0.1433126 -0.071935001 234 88 12
0.14697333 0.14959442 -0.072705323 234 88 12
0.069228503 0.23013841 -0.082110965 234 88 12
0.057837105 0.24159259 -0.082692681 234 88 12
0.022205492 0.27941718 -0.085590571 234 88 12
-0.0017763378 0.31019189 -0.089923825 234 88 12
-0.0077009819 0.31809173 -0.09118846 234 88 12
-0.097702917 0.4318667 -0.10720813 234 88 12
-0.18723473 0.50952953 -0.10638574 234 88 12
0.25741417 0.032318631 -0.057024817 234 88 12
0.23991753 0.058515304 -0.065692387 234 88 12
0.23832328 0.06046823 -0.066091829 234 88 12
0.23156309 0.067900004 -0.066885648 234 88 12
0.19827218 0.10095022 -0.06875523 234 88 12
0.16267623 0.13126422 -0.070602635 234 88 12
0.1108382 0.18004082 -0.077437034 234 88 12
0.087370817 0.20559845 -0.080271334 234 88 12
0.08572607 0.20731212 -0.0802971 234 88 12
0.026128946 0.26975745 -0.084635293 234 88 12
0.0076322792 0.29194195 -0.087283064 234 88 12
0.0061712321 0.29385207 -0.087509093 234 88 12
-0.0073438005 0.31172937 -0.090696554 234 88 12
-0.011927373 0.31755112 -0.091375278 234 88 12
-0.046229799 0.36089906 -0.098349009 234 88 12
-0.063476292 0.38252174 -0.10043923 234 88 12
-0.070141055 0.39061004 -0.10134199 234 88 12
-0.091187127 0.41730142 -0.10514891 234 88 12
-0.10532739 0.43550662 -0.10842159 234 88 12
-0.11648569 0.44989494 -0.11098512 234 88 12
-0.16710516 0.49896602 -0.11458725 234 88 12
0.25142214 0.037392254 -0.06051259 234 88 12
0.24863463 0.041928204 -0.062176436 234 88 12
0.20301459 0.091810322 -0.068504535 234 88 12
0.16016466 0.12865057 -0.070521371 234 88 12
0.15824286 0.1302397 -0.070672562 234 88 12
0.1545249 0.13337275 -0.070958652 234 88 12
0.15262858 0.13494159 -0.071198743 234 88 12
0.089756202 0.19777282 -0.07969156 234 88 12
0.07517924 0.21348352 -0.081125164 234 88 12
0.022051328 0.2691067 -0.084978246 234 88 12
-0.01004277 0.30926341 -0.090690383 234 88 12
-0.02661521 0.33073776 -0.094173795 234 88 12
-0.028096163 0.33267833 -0.094558394 234 88 12
-0.046008452 0.35480077 -0.097931861 234 88 12
-0.056582308 0.36817302 -0.099463992 234 88 12
-0.087679985 0.40661891 -0.10383512 234 88 12
-0.10187969 0.42499521 -0.10704471 234 88 12
-0.25416647 0.51694507 -0.070719559 234 88 12
-0.30267423 0.51936774 -0.038113864 234 88 12
-0.43772697 0.535241 0.045404948 234 88 12
0.26932321 0.0023345071 -0.049337962 234 88 12
0.26637131 0.0071915062 -0.050970119 234 88 12
0.20592753 0.084249992 -0.068334337 234 88 12
0.19527168 0.094253616 -0.068704294 234 88 12
0.13557793 0.14504623 -0.072872797 234 88 12
0.12475996 0.15485695 -0.073893061 234 88 12
0.095391301 0.18600696 -0.078318853 234 88 12
0.082190428 0.20055023 -0.080178738 234 88 12
0.078963322 0.20408635 -0.080513699 234 88 12
0.074200964 0.20934909 -0.081026006 234 88 12
0.040373004 0.24431051 -0.083387812 234 88 12
0.038757288 0.24601356 -0.083615043 234 88 12
0.011729627 0.27591835 -0.08619906 234 88 12
-0.0049837919 0.29692653 -0.089114083 234 88 12
-0.027817007 0.32638979 -0.093865289 234 88 12
-0.10788102 0.42653428 -0.10794737 234 88 12
-0.12834027 0.45321772 -0.1126703 234 88 12
-0.27394511 0.51766891 -0.059997263 234 88 12
-0.27938565 0.51785712 -0.056242799 234 88 12
-0.36667644 0.52183293 -0.0012685991 234 88 12
-0.42841205 0.52959948 0.039119113 234 88 12
0.24280973 0.039697725 -0.063599732 234 88 12
0.16653955 0.11399715 -0.069339534 234 88 12
0.13125145 0.14403924 -0.07292095 234 88 12
0.063680946 0.21552512 -0.081924697 234 88 12
0.047583312 0.23195055 -0.083024076 234 88 12
-0.062129766 0.36336119 -0.099694073 234 88 12
-0.086821033 0.39359552 -0.10297242 234 88 12
-0.15542599 0.4802128 -0.11761285 234 88 12
-0.18541599 0.50167112 -0.11534619 234 88 12
-0.19113736 0.50448547 -0.11374593 234 88 12
-0.19734544 0.50712646 -0.11169395 234 88 12
-0.28360723 0.51789429 -0.056501915 234 88 12
0.26406883 0.00093542784 -0.052148302 234 88 12
0.24664604 0.028940514 -0.061481478 234 88 12
0.24211401 0.035344539 -0.063432653 234 88 12
0.23729323 0.04131412 -0.064567461 234 88 12
0.23400822 0.045113573 -0.065137909 234 88 12
0.22035167 0.059778497 -0.066963201 234 88 12
0.1091903 0.16032637 -0.075137799 234 88 12
0.10063314 0.1696738 -0.076875484 234 88 12
0.083642946 0.18833275 -0.079300576 234 88 12
0.0036985746 0.27481682 -0.086860418 234 88 12
0.0021347345 0.27667202 -0.086986982 234 88 12
-0.0071303461 0.28816852 -0.088783621 234 88 12
-0.01653102 0.29994824 -0.090626391 234 88 12
-0.055752694 0.34946069 -0.098402149 234 88 12
-0.076165475 0.37481498 -0.10130676 234 88 12
-0.089625581 0.39119843 -0.10313262 234 88 12
-0.1491611 0.46860548 -0.11685066 234 88 12
-0.15600406 0.47624928 -0.1178397 234 88 12
-0.1984682 0.50576756 -0.11341745 234 88 12
-0.20483745 0.5083195 -0.11123637 234 88 12
0.23166906 0.042654588 -0.065178076 234 88 12
0.20219635 0.073037009 -0.068108745 234 88 12
0.18971437 0.08483958 -0.068680217 234 88 12
0.18790274 0.086478167 -0.06861729 234 88 12
0.045773281 0.22390679 -0.083036437 234 88 12
0.044116731 0.22552843 -0.083068485 234 88 12
0.026551757 0.24375609 -0.084068424 234 88 12
0.024936677 0.24545 -0.084136257 234 88 12
-0.0081485143 0.28380278 -0.088540329 234 88 12
-0.085738858 0.3806331 -0.10219978 234 88 12
-0.130568 0.43780302 -0.11198303 234 88 12
-0.13371355 0.44191637 -0.11268748 234 88 12
-0.14278808 0.45418586 -0.11489714 234 88 12
-0.18130119 0.49383869 -0.11884624 234 88 12
-0.43366816 0.5308675 0.030919607 234 88 12
0.23429149 0.034397231 -0.064330195 234 88 12
0.17992558 0.088764764 -0.068959951 234 88 12
0.16283904 0.10322417 -0.06923706 234 88 12
0.1005784 0.15882937 -0.075754556 234 88 12
0.093823535 0.16646833 -0.077083725 234 88 12
0.041606112 0.22312791 -0.083175221 234 88 12
0.024158657 0.24133988 -0.084208674 234 88 12
-0.0044264081 0.27375688 -0.087592599 234 88 12
-0.064262675 0.34846688 -0.099038134 234 88 12
-0.081772005 0.37005925 -0.10149343 234 88 12
-0.12556501 0.42503202 -0.11034242 234 88 12
-0.14407001 0.44977819 -0.11480462 234 88 12
-0.19306604 0.49838903 -0.11805987 234 88 12
-0.27927685 0.51746689 -0.070036547 234 88 12
0.25970613 -0.0075676305 -0.053960414 234 88 12
0.25670485 -0.0028071077 -0.055258681 234 88 12
0.25079096 0.0066691077 -0.058199439 234 88 12
0.23680322 0.025980063 -0.06345376 234 88 12
0.21306226 0.052127422 -0.066658647 234 88 12
0.19374092 0.071119457 -0.068175345 234 88 12
0.12995855 0.12551966 -0.071377152 234 88 12
0.098009875 0.15624855 -0.075685604 234 88 12
0.053494118 0.20586049 -0.082266508 234 88 12
-0.0053240338 0.26952691 -0.0876114 234 88 12
-0.029168396 0.29866886 -0.091820433 234 88 12
-0.06244149 0.34049001 -0.098553855 234 88 12
-0.07167814 0.35181487 -0.099749972 234 88 12
-0.078000071 0.35964402 -0.10064172 234 88 12
-0.091290853 0.37587983 -0.10236952 234 88 12
-0.10778869 0.39647829 -0.10549811 234 88 12
-0.15890785 0.46349065 -0.11769793 234 88 12
-0.18295265 0.48855544 -0.12071389 234 88 12
-0.20525047 0.50282523 -0.1170991 234 88 12
-0.22057363 0.50936449 -0.11155236 234 88 12
-0.29419354 0.51828087 -0.064089975 234 88 12
0.21412655 0.045930275 -0.066340394 234 88 12
0.20198498 0.05828729 -0.067711363 234 88 12
0.17120688 0.086775303 -0.069120573 234 88 12
0.15592677 0.099558418 -0.069331687 234 88 12
0.12928274 0.12128775 -0.071124864 234 88 12
0.12374003 0.12616667 -0.071760779 234 88 12
0.10592131 0.14281605 -0.073640515 234 88 12
0.10245804 0.14637566 -0.074202442 234 88 12
0.033489642 0.22161826 -0.08351871 234 88 12
-0.033381932 0.298314 -0.092367621 234 88 12
-0.043947451 0.31214674 -0.095168351 234 88 12
-0.054560302 0.32533573 -0.097162501 234 88 12
-0.084039929 0.36132394 -0.10117308 234 88 12
-0.092394256 0.37152409 -0.10214232 234 88 12
-0.10245395 0.38380516 -0.10376301 234 88 12
-0.11057437 0.39410837 -0.1056368 234 88 12
-0.13423638 0.42444277 -0.11145597 234 88 12
-0.14205041 0.43470922 -0.1133009 234 88 12
-0.17320047 0.47520064 -0.12036961 234 88 12
-0.18501842 0.48667289 -0.12142837 234 88 12
0.25404647 -0.0095645128 -0.056106523 234 88 12
0.2012853 0.053909076 -0.067434252 234 88 12
0.17981065 0.07410552 -0.068709832 234 88 12
0.11940233 0.1252535 -0.071973487 234 88 12
0.11581252 0.12854344 -0.072339272 234 88 12
0.11218279 0.1318531 -0.072590489 234 88 12
0.099927036 0.14389368 -0.074232111 234 88 12
0.086154368 0.15901249 -0.077184874 234 88 12
0.072561562 0.17389467 -0.079163476 234 88 12
0.062826819 0.18500929 -0.080773196 234 88 12
0.045331666 0.20445154 -0.082763954 234 88 12
0.02005026 0.23091057 -0.084447949 234 88 12
-0.054227475 0.3193672 -0.096966238 234 88 12
-0.078793539 0.34909148 -0.10006398 234 88 12
-0.093501572 0.36720262 -0.10211172 234 88 12
-0.10023215 0.37537888 -0.10303783 234 88 12
-0.14161896 0.42820551 -0.11292907 234 88 12
-0.16746908 0.4628104 -0.11898694 234 88 12
-0.18106948 0.47913833 -0.12188769 234 88 12
-0.18304894 0.48107227 -0.12206582 234 88 12
-0.18932284 0.48658736 -0.12210048 234 88 12
-0.21639945 0.50423516 -0.11750697 234 88 12
-0.25147329 0.51514467 -0.10091124 234 88 12
-0.29126094 0.51841271 -0.07372189 234 88 12
0.25032766 -0.009568912 -0.057283593 234 88 12
0.22786488 0.019951012 -0.063485748 234 88 12
0.19352499 0.056426146 -0.068089554 234 88 12
0.15474527 0.091084516 -0.069440154 234 88 12
0.15281719 0.092655256 -0.069456341 234 88 12
0.093943722 0.1450959 -0.075052465 234 88 12
0.022363677 0.22351293 -0.084336212 234 88 12
0.003305992 0.2439013 -0.085673388 234 88 12
-0.014484045 0.26439395 -0.088431674 234 88 12
-0.017737348 0.26822254 -0.088987764 234 88 12
-0.050879837 0.30956177 -0.095994936 234 88 12
-0.058430936 0.31893197 -0.097362244 234 88 12
-0.10629129 0.37716764 -0.10374707 234 88 12
-0.15203376 0.43613763 -0.11489629 234 88 12
0.22368067 0.019142337 -0.063662868 234 88 12
0.14056711 0.097843575 -0.069927493 234 88 12
0.13672992 0.10094303 -0.070252945 234 88 12
0.13480165 0.1025348 -0.070428449 234 88 12
0.093210238 0.14080411 -0.074715133 234 88 12
0.018403128 0.22287997 -0.084702072 234 88 12
0.00089304871 0.24154287 -0.085893409 234 88 12
-0.042838749 0.29333832 -0.093651216 234 88 12
-0.13934397 0.4132934 -0.11131465 234 88 12
-0.15317773 0.43173396 -0.11474193 234 88 12
-0.16072855 0.44206527 -0.1167044 234 88 12
-0.16675031 0.45018645 -0.11827481 234 88 12
-0.23710163 0.50948758 -0.11413567 234 88 12
-0.26854395 0.51660811 -0.096735741 234 88 12
0.19725832 0.042261615 -0.067032366 234 88 12
0.19024148 0.049250063 -0.068045702 234 88 12
0.12283826 0.10795558 -0.071097205 234 88 12
0.039396512 0.19536206 -0.082843687 234 88 12
0.037841314 0.19710083 -0.083053817 234 88 12
0.019146189 0.21711971 -0.084517697 234 88 12
0.017569611 0.21881437 -0.084641302 234 88 12
-0.085487969 0.34034276 -0.10047851 234 88 12
-0.098477082 0.35631621 -0.10200489 234 88 12
-0.11837409 0.38071902 -0.10548339 234 88 12
-0.17094145 0.44995151 -0.11906561 234 88 12
-0.19808315 0.48261449 -0.12405857 234 88 12
-0.23510902 0.5068388 -0.11713411 234 88 12
0.24702808 -0.021242874 -0.05768471 234 88 12
0.23553383 -0.0061476337 -0.060815516 234 88 12
0.18399577 0.049863248 -0.068249332 234 88 12
0.16585613 0.066478088 -0.069136638 234 88 12
0.070957735 0.15452886 -0.078050472 234 88 12
0.0040518881 0.22837793 -0.085874886 234 88 12
-0.015302611 0.24981248 -0.088090571 234 88 12
-0.022029321 0.25738131 -0.089113128 234 88 12
-0.068160061 0.31384184 -0.097903116 234 88 12
-0.11784089 0.37437437 -0.104834 234 88 12
-0.11947209 0.37639845 -0.10519905 234 88 12
-0.15252907 0.418855 -0.11357365 234 88 12
-0.22566662 0.49943573 -0.12175901 234 88 12
0.2178396 0.0087822855 -0.06349433 234 88 12
0.20579146 0.021933832 -0.065164955 234 88 12
0.20405974 0.023806988 -0.065414257 234 88 12
0.16507714 0.062017474 -0.069038308 234 88 12
0.16131062 0.065291587 -0.069231312 234 88 12
0.088983187 0.12958401 -0.073863307 234 88 12
0.024981321 0.20064157 -0.084000296 234 88 12
-0.0016096001 0.2294795 -0.086151402 234 88 12
-0.039487252 0.27263655 -0.09204758 234 88 12
-0.047677387 0.28245646 -0.093464659 234 88 12
-0.070988497 0.31154526 -0.097823285 234 88 12
-0.078474258 0.32076897 -0.09909921 234 88 12
-0.084725961 0.32822961 -0.099940658 234 88 12
-0.14764044 0.40638625 -0.11173638 234 88 12
-0.1765146 0.44536103 -0.11950322 234 88 12
-0.18714148 0.45997464 -0.12227913 234 88 12
-0.22024899 0.4928566 -0.12387282 234 88 12
-0.24363523 0.50655788 -0.11809219 234 88 12
0.24421368 -0.028459247 -0.057954793 234 88 12
0.23923032 -0.021994137 -0.059261797 234 88 12
0.1567083 0.064104724 -0.069256204 234 88 12
0.072618509 0.14178033 -0.076496727 234 88 12
0.036531972 0.18240633 -0.081949525 234 88 12
0.031806084 0.18776377 -0.082742806 234 88 12
0.020944368 0.1998264 -0.084054111 234 88 12
-0.025428082 0.25083952 -0.089208147 234 88 12
-0.032156274 0.25857437 -0.090115537 234 88 12
-0.19300001 0.46189355 -0.12335825 234 88 12
0.23008089 -0.016391898 -0.060967384 234 88 12
0.16711219 0.049776568 -0.068498955 234 88 12
-0.00013887561 0.21801731 -0.085695643 234 88 12
-0.021252458 0.241058 -0.088270705 234 88 12
-0.081178783 0.312533 -0.098443833 234 88 12
-0.098402084 0.3332745 -0.10064259 234 88 12
-0.1576567 0.40805298 -0.1134683 234 88 12
0.22774976 -0.019055429 -0.061247454 234 88 12
0.19983165 0.011283706 -0.064783351 234 88 12
0.18407548 0.027750193 -0.066753358 234 88 12
0.12851498 0.078129576 -0.069928878 234 88 12
0.11530467 0.089883152 -0.070869733 234 88 12
0.069324051 0.13464554 -0.075838479 234 88 12
0.044171982 0.16284076 -0.080527754 234 88 12
-0.0090525867 0.22263868 -0.086290463 234 88 12
-0.0855612 0.31213865 -0.098751113 234 88 12
-0.10764725 0.33906851 -0.10170295 234 88 12
-0.11250439 0.34520953 -0.1025103 234 88 12
-0.11742095 0.35130838 -0.10324471 234 88 12
-0.13197054 0.36952109 -0.1065467 234 88 12
-0.14482746 0.38559781 -0.10988786 234 88 12
-0.17087806 0.42012823 -0.11649289 234 88 12
-0.19078197 0.44691217 -0.12181936 234 88 12
-0.22068594 0.48150839 -0.12568193 234 88 12
-0.24360887 0.49871439 -0.12296797 234 88 12
-0.27329409 0.51252618 -0.11375461 234 88 12
0.1778874 0.028392188 -0.067046162 234 88 12
0.16915215 0.03731211 -0.068133319 234 88 12
0.13345417 0.068941018 -0.069753328 234 88 12
0.085865532 0.11237941 -0.072632129 234 88 12
0.061576978 0.13761176 -0.076748121 234 88 12
0.030206683 0.17280606 -0.081465082 234 88 12
0.024057839 0.18001547 -0.082397401 234 88 12
-0.014839083 0.22385068 -0.086656575 234 88 12
-0.079270676 0.29856639 -0.097062303 234 88 12
-0.08393036 0.30419825 -0.097646252 234 88 12
-0.16597567 0.40784861 -0.11514802 234 88 12
-0.17659816 0.4220587 -0.11777697 234 88 12
-0.24817326 0.49847678 -0.12326571 234 88 12
-0.30342219 0.51731159 -0.10059118 234 88 12
0.19298597 0.007352376 -0.065191166 234 88 12
0.19121351 0.0091880717 -0.065379764 234 88 12
0.18050743 0.020061049 -0.066452893 234 88 12
0.12509201 0.071079902 -0.070106921 234 88 12
0.1212699 0.074422782 -0.070347241 234 88 12
0.11010176 0.084532131 -0.071037557 234 88 12
0.090455158 0.10313472 -0.072306337 234 88 12
0.034106837 0.16304763 -0.080888168 234 88 12
-0.0076556586 0.21104151 -0.085845832 234 88 12
-0.059629805 0.26908497 -0.093221096 234 88 12
-0.08526115 0.30001935 -0.097285601 234 88 12
-0.14850916 0.37922661 -0.11012791 234 88 12
-0.20579483 0.45482567 -0.12471396 234 88 12
-0.23189328 0.4829427 -0.12616444 234 88 12
-0.29828175 0.51607561 -0.10705847 234 88 12
0.23334735 -0.040343383 -0.060405712 234 88 12
0.19931995 -0.0045239193 -0.064361879 234 88 12
0.1904258 0.0044847089 -0.065267161 234 88 12
0.1886542 0.0062998585 -0.06545242 234 88 12
0.15280388 0.042015153 -0.068945218 234 88 12
0.10381514 0.085300193 -0.071243068 234 88 12
0.037982382 0.15306342 -0.080096495 234 88 12
0.033121594 0.15857392 -0.080697558 234 88 12
-0.021676098 0.22112644 -0.086924729 234 88 12
-0.04874707 0.25101069 -0.091000052 234 88 12
-0.067363985 0.27265485 -0.09385383 234 88 12
-0.089700725 0.29961103 -0.097428257 234 88 12
-0.119159 0.33658381 -0.10261999 234 88 12
-0.13994508 0.3629907 -0.10742913 234 88 12
-0.16365996 0.39309686 -0.11407376 234 88 12
-0.20699887 0.45046708 -0.12462389 234 88 12
-0.23239541 0.47893036 -0.12657874 234 88 12
-0.24525345 0.48990594 -0.12605821 234 88 12
0.22397207 -0.034901931 -0.062032476 234 88 12
0.20776976 -0.018030145 -0.063794824 234 88 12
0.18061269 0.0087578173 -0.06590651 234 88 12
0.16624971 0.023102669 -0.067282595 234 88 12
0.14999308 0.03912847 -0.068865326 234 88 12
0.13869932 0.049338178 -0.069675054 234 88 12
0.062374517 0.12065058 -0.075015863 234 88 12
0.057208212 0.12606544 -0.075963262 234 88 12
0.027200899 0.15960288 -0.080907167 234 88 12
-0.0064523365 0.19916552 -0.085332517 234 88 12
-0.037669118 0.23346601 -0.089025437 234 88 12
-0.063345608 0.26246343 -0.092910504 234 88 12
-0.066778002 0.26637018 -0.09332168 234 88 12
-0.068480198 0.26834103 -0.093565282 234 88 12
-0.11112549 0.32037754 -0.10032581 234 88 12
-0.1617337 0.38478225 -0.11318403 234 88 12
-0.19707705 0.43176273 -0.12208702 234 88 12
-0.24316266 0.48436817 -0.12692637 234 88 12
0.22534071 -0.040932903 -0.062032622 234 88 12
0.21085083 -0.026010347 -0.063801955 234 88 12
0.11148077 0.068316816 -0.070978203 234 88 12
0.10772662 0.071652402 -0.071093879 234 88 12
0.094956561 0.08345401 -0.071593374 234 88 12
0.0091904465 0.17509791 -0.083186006 234 88 12
-0.030263005 0.22030414 -0.087627067 234 88 12
-0.06955568 0.26399363 -0.093200977 234 88 12
-0.076315378 0.27187686 -0.094030412 234 88 12
-0.11090929 0.31434893 -0.099652555 234 88 12
-0.11247668 0.31625697 -0.099873577 234 88 12
-0.1232216 0.33016812 -0.10218281 234 88 12
-0.13574887 0.34649587 -0.10505437 234 88 12
-0.13894025 0.35055007 -0.105976 234 88 12
-0.15965718 0.37656481 -0.11202865 234 88 12
-0.17822726 0.40096762 -0.11688365 234 88 12
-0.22824182 0.46444092 -0.12691399 234 88 12
-0.23011116 0.46648755 -0.12707898 234 88 12
-0.26591078 0.49790049 -0.12556325 234 88 12
-0.27896096 0.505565 -0.12271904 234 88 12
-0.29147218 0.51100815 -0.11893765 234 88 12
0.16980784 0.0083279886 -0.066314523 234 88 12
0.15540468 0.022638418 -0.067799683 234 88 12
0.12567256 0.050672596 -0.070139556 234 88 12
0.050195362 0.12287361 -0.076534264 234 88 12
0.018704685 0.15798944 -0.08118442 234 88 12
-0.026294247 0.21088121 -0.086885968 234 88 12
-0.072369968 0.26160635 -0.092944004 234 88 12
-0.090644087 0.28319112 -0.095508267 234 88 12
-0.11229832 0.31027353 -0.099249165 234 88 12
-0.13215427 0.33623382 -0.10358507 234 88 12
-0.14160198 0.34838434 -0.1061926 234 88 12
-0.15103619 0.36047913 -0.10908624 234 88 12
-0.17479838 0.39057892 -0.11601868 234 88 12
0.10240941 0.066520744 -0.071512929 234 88 12
0.09509505 0.07325492 -0.07182158 234 88 12
0.065106234 0.10251031 -0.073733601 234 88 12
0.052767866 0.11498019 -0.075795177 234 88 12
0.038994896 0.12947053 -0.078125128 234 88 12
0.032333494 0.13688528 -0.079244588 234 88 12
-0.063099834 0.24568267 -0.091265545 234 88 12
-0.073473924 0.2573035 -0.09262435 234 88 12
-0.095223965 0.28281938 -0.095490788 234 88 12
-0.20517644 0.42510483 -0.12320035 234 88 12
-0.21317832 0.4354309 -0.12485206 234 88 12
-0.24860819 0.47621546 -0.12869883 234 88 12
-0.29062086 0.50698886 -0.12353023 234 88 12
-0.29693982 0.50975943 -0.12152643 234 88 12
0.17577487 -0.0075765674 -0.066349612 234 88 12
0.14246205 0.02386358 -0.068398461 234 88 12
0.10515921 0.058863747 -0.071074676 234 88 12
0.096012804 0.067310545 -0.071731969 234 88 12
0.076557034 0.086194004 -0.072718736 234 88 12
0.033019383 0.13055484 -0.078690179 234 88 12
0.023025939 0.14176479 -0.08023943 234 88 12
0.0012845389 0.16753186 -0.083328002 234 88 12
-0.039991984 0.21553466 -0.088106825 234 88 12
-0.065914783 0.24338101 -0.091165119 234 88 12
-0.067662961 0.24531608 -0.091392939 234 88 12
-0.099784453 0.2824469 -0.095538679 234 88 12
-0.10449846 0.28826013 -0.096266078 234 88 12
-0.12124224 0.30981379 -0.0996219 234 88 12
-0.12727096 0.31761564 -0.10074203 234 88 12
-0.15961512 0.36009919 -0.11047328 234 88 12
-0.17550734 0.38005262 -0.1153476 234 88 12
-0.1970364 0.4086973 -0.12063472 234 88 12
-0.19858196 0.41072735 -0.12106122 234 88 12
-0.2001515 0.41267067 -0.12129914 234 88 12
-0.20330736 0.41667289 -0.12215883 234 88 12
-0.23477358 0.45569582 -0.12782278 234 88 12
-0.24742413 0.47004523 -0.12898956 234 88 12
-0.26761232 0.48916753 -0.12891466 234 88 12
-0.27884544 0.49788004 -0.12820018 234 88 12
0.15454176 0.0066904028 -0.066893891 234 88 12
0.15266855 0.0084219588 -0.067044442 234 88 12
0.063462933 0.094014232 -0.073851445 234 88 12
0.040499916 0.11713705 -0.077366052 234 88 12
0.037060923 0.12071967 -0.077809761 234 88 12
-0.042702716 0.21334326 -0.088222877 234 88 12
-0.063361481 0.23530964 -0.090412387 234 88 12
-0.092984724 0.26818186 -0.093682574 234 88 12
-0.12717167 0.31155698 -0.10014551 234 88 12
-0.13304997 0.319483 -0.10169423 234 88 12
-0.18447969 0.38597842 -0.11723854 234 88 12
-0.21870257 0.43108828 -0.12549993 234 88 12
-0.22361736 0.43729818 -0.12667747 234 88 12
-0.29106924 0.50247972 -0.12739932 234 88 12
-0.33911847 0.51793575 -0.10838424 234 88 12
0.16130345 -0.0045955126 -0.066924367 234 88 12
0.15751172 -0.0012630449 -0.066784364 234 88 12
0.11442782 0.039502592 -0.070113274 234 88 12
0.094142722 0.058603491 -0.071612425 234 88 12
0.06953329 0.082767521 -0.073139683 234 88 12
0.022647978 0.13079909 -0.079498326 234 88 12
0.0065779707 0.14934262 -0.081621966 234 88 12
-0.0085677975 0.16801484 -0.084232076 234 88 12
-0.016067807 0.17733586 -0.085104035 234 88 12
-0.02885082 0.1925739 -0.086600361 234 88 12
-0.087366521 0.2558115 -0.092174901 234 88 12
-0.09252983 0.26169182 -0.092802144 234 88 12
-0.1301125 0.30940167 -0.099974049 234 88 12
-0.22148897 0.42889467 -0.12580551 234 88 12
-0.23685668 0.44727334 -0.12825329 234 88 12
-0.31056141 0.50966315 -0.1238387 234 88 12
0.14543227 0.0044177244 -0.067190451 234 88 12
0.14160112 0.0078467232 -0.067344411 234 88 12
0.10045017 0.047159718 -0.070310946 234 88 12
0.072041945 0.074826279 -0.072465348 234 88 12
0.031696495 0.11555168 -0.077914473 234 88 12
0.011765218 0.13745086 -0.080834051 234 88 12
0.010178477 0.13932607 -0.081053292 234 88 12
0.0085773134 0.14118766 -0.081202166 234 88 12
-0.017275115 0.17297276 -0.084896349 234 88 12
-0.036584229 0.19590484 -0.0871714 234 88 12
-0.060133376 0.2216908 -0.089677304 234 88 12
-0.065416925 0.22715231 -0.090000338 234 88 12
-0.11038515 0.27730202 -0.094803092 234 88 12
-0.11963784 0.28928349 -0.096664437 234 88 12
-0.14461906 0.32330669 -0.10345836 234 88 12
-0.15662335 0.33941208 -0.10726426 234 88 12
-0.15813658 0.34141545 -0.1077877 234 88 12
-0.1945366 0.38780893 -0.11892265 234 88 12
-0.21472533 0.41433172 -0.12385545 234 88 12
-0.252039 0.45917073 -0.12965514 234 88 12
-0.32616757 0.51342396 -0.12104275 234 88 12
0.1485989 -0.0033838001 -0.067004575 234 88 12
0.14669124 -0.0017280445 -0.067078318 234 88 12
0.10126383 0.04073838 -0.069777068 234 88 12
0.041292833 0.10033204 -0.075755315 234 88 12
0.035938719 0.10577003 -0.076795264 234 88 12
0.0075252207 0.13664765 -0.080953238 234 88 12
-0.013972682 0.16289644 -0.084167738 234 88 12
-0.031145797 0.18399129 -0.086198161 234 88 12
-0.039359718 0.19360608 -0.087280132 234 88 12
-0.061197802 0.21769357 -0.089520423 234 88 12
-0.12107994 0.28491304 -0.095937985 234 88 12
-0.12259982 0.28696497 -0.096338049 234 88 12
-0.15644713 0.33323445 -0.10639019 234 88 12
-0.21754114 0.41225739 -0.12413641 234 88 12
0.18307502 -0.036171752 -0.068682705 234 88 12
0.17917256 -0.033074558 -0.068389509 234 88 12
0.068273005 0.067738563 -0.07212488 234 88 12
0.057917757 0.078273685 -0.073185078 234 88 12
-0.080183591 0.23182781 -0.090346985 234 88 12
-0.1132151 0.26844535 -0.093559081 234 88 12
-0.14192148 0.30675569 -0.10013247 234 88 12
-0.14332286 0.30875449 -0.10062994 234 88 12
-0.15780102 0.32904338 -0.10590579 234 88 12
-0.21726034 0.40621169 -0.12365895 234 88 12
-0.2188348 0.40822843 -0.12414064 234 88 12
-0.22504048 0.41633692 -0.12575339 234 88 12
-0.31250307 0.50364817 -0.12914012 234 88 12
0.14939854 -0.013490762 -0.067825434 234 88 12
0.12790838 0.004588976 -0.067425254 234 88 12
0.079348627 0.051070102 -0.070750319 234 88 12
0.062104274 0.068616257 -0.072509646 234 88 12
0.053433719 0.077344224 -0.073243463 234 88 12
0.023531165 0.10765896 -0.0778171 234 88 12
-0.0071796971 0.14243649 -0.081968917 234 88 12
-0.08308459 0.22956587 -0.090223167 234 88 12
-0.095679005 0.24239042 -0.09084094 234 88 12
-0.11936184 0.2700978 -0.0938791 234 88 12
-0.12401461 0.27620521 -0.094825942 234 88 12
-0.14765013 0.30858703 -0.10117235 234 88 12
-0.20575001 0.38592893 -0.12086049 234 88 12
-0.24287342 0.43241161 -0.12866373 234 88 12
-0.29706782 0.49028043 -0.1330335 234 88 12
-0.33014267 0.50946875 -0.12692088 234 88 12
0.11937858 0.007016493 -0.067546015 234 88 12
0.091049802 0.034112544 -0.069393234 234 88 12
0.073028794 0.051831884 -0.070857922 234 88 12
0.029555895 0.095943333 -0.076287907 234 88 12
-0.0036281656 0.13228064 -0.081182898 234 88 12
-0.041256226 0.17870959 -0.086546903 234 88 12
-0.051158992 0.19049358 -0.087529346 234 88 12
-0.061157182 0.20189944 -0.088620955 234 88 12
-0.0698497 0.21108938 -0.089262121 234 88 12
-0.11590762 0.2595803 -0.092649603 234 88 12
-0.1207561 0.26570022 -0.09339307 234 88 12
-0.14200667 0.2944419 -0.098477631 234 88 12
-0.15484933 0.31249087 -0.1025707 234 88 12
-0.18163242 0.34878808 -0.11275799 234 88 12
-0.19266199 0.36315119 -0.11653726 234 88 12
-0.21323475 0.38996769 -0.12214917 234 88 12
-0.26860187 0.45645543 -0.13174694 234 88 12
-0.32240385 0.50345907 -0.13067425 234 88 12
0.12672536 -0.0040347024 -0.067812581 234 88 12
0.11473515 0.0059881767 -0.067631039 234 88 12
0.070219754 0.049083815 -0.07061454 234 88 12
0.068495198 0.050868909 -0.070835466 234 88 12
0.056578968 0.063297431 -0.072279028 234 88 12
0.030312238 0.089697745 -0.075740177 234 88 12
-0.012629849 0.13709688 -0.08196748 234 88 12
-0.023502421 0.15050823 -0.08365393 234 88 12
-0.050675418 0.18422951 -0.087318672 234 88 12
-0.074482496 0.21068071 -0.089253016 234 88 12
-0.081626453 0.21783906 -0.08954498 234 88 12
-0.1032265 0.23950434 -0.090511702 234 88 12
-0.15778775 0.3102964 -0.10258666 234 88 12
-0.19530312 0.36102562 -0.11681337 234 88 12
-0.2063008 0.37577315 -0.1204439 234 88 12
-0.23349479 0.41003733 -0.12667191 234 88 12
-0.23842162 0.41597903 -0.12756932 234 88 12
-0.31136752 0.49350398 -0.13372273 234 88 12
-0.32168367 0.50014549 -0.13234405 234 88 12
-0.32741872 0.50333442 -0.13129542 234 88 12
-0.35570743 0.51423834 -0.12216032 234 88 12
0.10811174 0.0066982295 -0.067531187 234 88 12
0.10614075 0.008431441 -0.067502022 234 88 12
0.065656628 0.048105074 -0.07055459 234 88 12
0.041571986 0.072858447 -0.073340828 234 88 12
-0.040587541 0.16572156 -0.085605287 234 88 12
-0.097141893 0.22823921 -0.090193921 234 88 12
-0.13734885 0.27554893 -0.095658181 234 88 12
-0.18551271 0.34243362 -0.11246139 234 88 12
-0.19797519 0.35882621 -0.11698848 234 88 12
-0.22989379 0.39994186 -0.12527258 234 88 12
-0.26716198 0.44391841 -0.13174355 234 88 12
-0.35669616 0.5130226 -0.12430435 234 88 12
0.13186634 -0.016932138 -0.069334442 234 88 12
0.11970035 -0.0074895374 -0.068386418 234 88 12
0.088204084 0.019982625 -0.068109176 234 88 12
0.068102066 0.039946384 -0.069812436 234 88 12
0.024751116 0.084302608 -0.075585754 234 88 12
0.01435059 0.095051366 -0.077247732 234 88 12
-0.0021706998 0.11338052 -0.079932507 234 88 12
-0.049851308 0.1713133 -0.086352734 234 88 12
-0.071471526 0.19689313 -0.08859783 234 88 12
-0.076661489 0.20255905 -0.088986617 234 88 12
-0.089139994 0.21518161 -0.08954258 234 88 12
-0.096376191 0.22238471 -0.08982861 234 88 12
-0.16634327 0.30991384 -0.10373114 234 88 12
-0.18376338 0.33414439 -0.11074152 234 88 12
-0.20382903 0.36079631 -0.1183112 234 88 12
-0.20851742 0.367182 -0.11979112 234 88 12
-0.30372012 0.47801635 -0.13477871 234 88 12
-0.32640422 0.49652499 -0.13442527 234 88 12
0.1172256 -0.0099505229 -0.068785216 234 88 12
0.11519081 -0.0083509539 -0.068700224 234 88 12
0.09306773 0.010063589 -0.067807296 234 88 12
0.079756979 0.022617669 -0.068284524 234 88 12
0.07241244 0.029956589 -0.069046943 234 88 12
0.068769108 0.033538348 -0.069208211 234 88 12
0.053085956 0.049735689 -0.070859249 234 88 12
0.041185564 0.062218298 -0.072514165 234 88 12
0.034163636 0.069258073 -0.0734901 234 88 12
0.030662794 0.072742781 -0.073975148 234 88 12
-0.11887542 0.24009574 -0.090939972 234 88 12
-0.21444971 0.36902486 -0.12078045 234 88 12
-0.30462221 0.47382605 -0.13523494 234 88 12
0.05877123 0.037938327 -0.069501703 234 88 12
0.040061204 0.057784849 -0.072182953 234 88 12
0.0021008935 0.096933656 -0.078170608 234 88 12
-0.12683186 0.24371015 -0.091588525 234 88 12
-0.15186261 0.27706679 -0.097515362 234 88 12
-0.21565743 0.36464856 -0.12047519 234 88 12
-0.22533666 0.3768833 -0.12288635 234 88 12
-0.27038713 0.43113159 -0.13178754 234 88 12
-0.28454092 0.44745368 -0.13410581 234 88 12
-0.30755452 0.47162542 -0.13572518 234 88 12
-0.31365299 0.47759098 -0.13616454 234 88 12
-0.32002359 0.48342129 -0.1362721 234 88 12
-0.32447958 0.48719785 -0.1362918 234 88 12
0.057652203 0.03331688 -0.069104534 234 88 12
0.045708509 0.0460467 -0.070663476 234 88 12
0.035442071 0.056857393 -0.072262187 234 88 12
0.011175825 0.081613705 -0.076301505 234 88 12
-0.045886386 0.14727448 -0.084218527 234 88 12
-0.15020512 0.26849964 -0.096403752 234 88 12
-0.19359671 0.32971109 -0.11193871 234 88 12
-0.20115169 0.33984353 -0.11490818 234 88 12
-0.20736359 0.34783783 -0.11700053 234 88 12
-0.21523065 0.35821223 -0.11971229 234 88 12
-0.21685291 0.36029055 -0.12022898 234 88 12
-0.24607263 0.39698819 -0.12700399 234 88 12
-0.25945082 0.41281833 -0.12963215 234 88 12
-0.28199076 0.43912345 -0.13384019 234 88 12
-0.34999804 0.50132501 -0.13493056 234 88 12
-0.013009558 0.10280182 -0.080199065 234 88 12
-0.043943075 0.13869778 -0.083711904 234 88 12
-0.052007745 0.14876401 -0.084577372 234 88 12
-0.12734022 0.23331104 -0.090772992 234 88 12
-0.13409704 0.2411126 -0.091920712 234 88 12
-0.15596625 0.2705064 -0.097479293 234 88 12
-0.18486466 0.31116042 -0.10702343 234 88 12
-0.18627408 0.3131539 -0.10758118 234 88 12
-0.21642137 0.35383545 -0.11931174 234 88 12
-0.2196525 0.35799999 -0.12042696 234 88 12
-0.23099781 0.37222208 -0.12288222 234 88 12
-0.25055035 0.39666087 -0.12754705 234 88 12
-0.29031108 0.442994 -0.13508416 234 88 12
0.026307452 0.054959116 -0.072874727 234 88 12
-0.0044689399 0.086949008 -0.077971284 234 88 12
-0.0060789701 0.088769862 -0.078284684 234 88 12
-0.012502512 0.0962978 -0.07961885 234 88 12
-0.069359559 0.16500183 -0.086657004 234 88 12
-0.074298069 0.17107471 -0.087025855 234 88 12
-0.087819717 0.18711655 -0.088343573 234 88 12
-0.1051721 0.20593957 -0.089507767 234 88 12
-0.11768846 0.21856089 -0.09015088 234 88 12
-0.12835977 0.22924775 -0.09061477 234 88 12
-0.16018617 0.27035244 -0.097971294 234 88 12
-0.17484406 0.29096947 -0.10259998 234 88 12
-0.18200656 0.30106608 -0.10537345 234 88 12
-0.20228338 0.32940435 -0.1136175 234 88 12
-0.2068495 0.33541816 -0.11526191 234 88 12
-0.21140394 0.34139189 -0.11661922 234 88 12
-0.26017867 0.4022827 -0.12884676 234 88 12
-0.30866384 0.45677575 -0.13669357 234 88 12
-0.31657985 0.4649083 -0.13738297 234 88 12
-0.33113716 0.47876858 -0.13780811 234 88 12
-0.36666912 0.50414281 -0.13373543 234 88 12
-0.020138682 0.09936623 -0.080557024 234 88 12
-0.056213902 0.14157949 -0.084355269 234 88 12
-0.14769907 0.24685273 -0.093712392 234 88 12
-0.15549579 0.25740925 -0.0956902 234 88 12
-0.15855255 0.26166567 -0.096725932 234 88 12
-0.19201937 0.3086968 -0.10792574 234 88 12
-0.19344148 0.31073064 -0.10847972 234 88 12
-0.22858124 0.35738253 -0.12136055 234 88 12
-0.32783423 0.47061677 -0.13839907 234 88 12
-0.37213021 0.50380732 -0.13371263 234 88 12
0.067334825 0.002810468 -0.067723564 234 88 12
0.05575359 0.013224009 -0.067520152 234 88 12
0.0087049265 0.061814844 -0.074551322 234 88 12
-0.0049374629 0.076111071 -0.077213063 234 88 12
-0.034257888 0.11007713 -0.082167497 234 88 12
-0.078609652 0.16405645 -0.086715686 234 88 12
-0.090373115 0.17822563 -0.087642878 234 88 12
-0.13561612 0.22667578 -0.090955952 234 88 12
-0.14072142 0.23239429 -0.091730993 234 88 12
-0.14560401 0.23837816 -0.092713674 234 88 12
-0.16584223 0.26574426 -0.097991633 234 88 12
-0.16885557 0.26991436 -0.098851545 234 88 12
-0.18928329 0.29858242 -0.10609063 234 88 12
-0.20077045 0.31457503 -0.11054768 234 88 12
-0.21879157 0.33875694 -0.11695262 234 88 12
-0.27277282 0.4056737 -0.13065018 234 88 12
-0.045464492 0.1170095 -0.083153005 234 88 12
-0.05714272 0.13048492 -0.084017566 234 88 12
-0.089939979 0.17168623 -0.08713284 234 88 12
-0.10883137 0.19328477 -0.088577592 234 88 12
-0.15793493 0.24863491 -0.094999754 234 88 12
-0.18069323 0.27997919 -0.10166099 234 88 12
-0.18935975 0.29223382 -0.1051592 234 88 12
-0.28089697 0.40941904 -0.13229039 234 88 12
-0.28435911 0.41340552 -0.1329284 234 88 12
-0.32792159 0.45986167 -0.13891065 234 88 12
-0.34479196 0.47564503 -0.13886124 234 88 12
0.060289716 -0.0005987513 -0.067937082 234 88 12
0.037424782 0.020201823 -0.068459364 234 88 12
0.0200868 0.038184102 -0.071018845 234 88 12
-0.021941579 0.083391565 -0.07916057 234 88 12
-0.06504048 0.13400908 -0.084375506 234 88 12
-0.087991043 0.16309549 -0.086665673 234 88 12
-0.089634536 0.16513461 -0.086763683 234 88 12
-0.091283051 0.1671769 -0.08688969 234 88 12
-0.094694088 0.17122516 -0.087098279 234 88 12
-0.10494566 0.18312963 -0.088168045 234 88 12
-0.11858179 0.19859106 -0.089239006 234 88 12
-0.13252229 0.21328535 -0.090360172 234 88 12
-0.15116819 0.2340768 -0.092860482 234 88 12
-0.16230315 0.24848008 -0.095554926 234 88 12
-0.19814616 0.2980531 -0.10730136 234 88 12
-0.21272606 0.31820288 -0.11305066 234 88 12
-0.22492338 0.33413429 -0.11682418 234 88 12
-0.24876924 0.36474449 -0.12410906 234 88 12
-0.26862423 0.38902779 -0.12890513 234 88 12
-0.27700835 0.39913495 -0.13068313 234 88 12
-0.3566142 0.48107555 -0.13920348 234 88 12
-0.37394608 0.49421536 -0.13725109 234 88 12
-0.013219557 0.067729184 -0.076906345 234 88 12
-0.036413525 0.094197706 -0.080978314 234 88 12
-0.04967268 0.10990123 -0.083089758 234 88 12
-0.05133128 0.11185853 -0.08327706 234 88 12
-0.10455415 0.17672081 -0.087681621 234 88 12
-0.12148622 0.19624517 -0.08916612 234 88 12
-0.18203213 0.26926514 -0.1005544 234 88 12
-0.26165778 0.37471334 -0.12692758 234 88 12
-0.30266552 0.4230003 -0.13644436 234 88 12
-0.32781175 0.44911371 -0.139502 234 88 12
-0.35979369 0.47857717 -0.13956134 234 88 12
-0.36674771 0.48431354 -0.13906307 234 88 12
-0.41218572 0.50901865 -0.12622939 234 88 12
0.080953518 -0.024137155 -0.072070731 234 88 12
0.016316458 0.030744654 -0.070513485 234 88 12
-0.00077170361 0.048692316 -0.073619364 234 88 12
-0.024260367 0.07410165 -0.078176659 234 88 12
-0.027593295 0.077824663 -0.07880512 234 88 12
-0.041067666 0.09339652 -0.081141037 234 88 12
-0.19237116 0.27714491 -0.1031302 234 88 12
-0.20705981 0.29750377 -0.10863153 234 88 12
-0.21884257 0.31356241 -0.11306724 234 88 12
-0.24204087 0.34355538 -0.12052729 234 88 12
-0.30935554 0.42477996 -0.13749298 234 88 12
-0.3434977 0.45857188 -0.14028838 234 88 12
-0.058940861 0.10858688 -0.083449962 234 88 12
-0.093671557 0.15146889 -0.086338504 234 88 12
-0.1239889 0.18758291 -0.088684678 234 88 12
-0.13738092 0.20306425 -0.090580748 234 88 12
-0.14424229 0.21038307 -0.091117686 234 88 12
-0.16102827 0.229785 -0.093843284 234 88 12
-0.18929077 0.26667796 -0.10143476 234 88 12
-0.19825054 0.27896502 -0.10456232 234 88 12
-0.26585483 0.36800621 -0.1269295 234 88 12
-0.27915501 0.38413932 -0.13008517 234 88 12
-0.28083394 0.38617749 -0.13057986 234 88 12
-0.31043354 0.42042074 -0.13767591 234 88 12
-0.32392893 0.43450419 -0.13948999 234 88 12
-0.39605234 0.49613866 -0.13538728 234 88 12
0.047003338 -0.0068573353 -0.069826554 234 88 12
0.039005287 -0.0003405059 -0.069265108 234 88 12
-0.023224804 0.061090715 -0.076658769 234 88 12
-0.063616227 0.1079405 -0.083386178 234 88 12
-0.068680192 0.11397892 -0.083682381 234 88 12
-0.093297578 0.14481957 -0.086172206 234 88 12
-0.18604881 0.25627804 -0.099897887 234 88 12
-0.19971808 0.27453525 -0.10408835 234 88 12
-0.31158483 0.41610963 -0.13782877 234 88 12
-0.34526146 0.44983326 -0.14134508 234 88 12
-0.36056693 0.46320498 -0.1405644 234 88 12
-0.39584184 0.49203329 -0.1364252 234 88 12
0.048880705 -0.012295658 -0.070837589 234 88 12
0.028901939 0.003864994 -0.069461339 234 88 12
0.017420655 0.013911062 -0.069604582 234 88 12
0.0031054349 0.027723124 -0.071180291 234 88 12
-0.039686583 0.073170894 -0.07880825 234 88 12
-0.058299577 0.095099961 -0.082107518 234 88 12
-0.19820922 0.26603239 -0.10269079 234 88 12
-0.20873485 0.28039833 -0.10637912 234 88 12
-0.22953543 0.30863141 -0.11390262 234 88 12
-0.31640397 0.41584527 -0.13858608 234 88 12
-0.36134999 0.45892644 -0.14123435 234 88 12
-0.39849758 0.48964156 -0.13683391 234 88 12
0.014996416 0.011386365 -0.069911803 234 88 12
-0.072947312 0.10672189 -0.083263547 234 88 12
-0.084528356 0.12098637 -0.084417781 234 88 12
-0.10760736 0.15010047 -0.0864599 234 88 12
-0.14747785 0.19810704 -0.091060683 234 88 12
-0.1559389 0.20763409 -0.091858677 234 88 12
-0.16260523 0.21540267 -0.09309831 234 88 12
-0.19647232 0.25758689 -0.10146329 234 88 12
-0.19958695 0.26166872 -0.10241215 234 88 12
-0.26852022 0.35266294 -0.12544726 234 88 12
-0.27815417 0.36506541 -0.12850531 234 88 12
-0.28976416 0.37920368 -0.13141961 234 88 12
-0.30507887 0.39755162 -0.1356779 234 88 12
-0.067666292 0.093727899 -0.08242343 234 88 12
-0.077597017 0.10616041 -0.083377604 234 88 12
-0.095588365 0.12888796 -0.085367152 234 88 12
-0.1122323 0.14965399 -0.086689557 234 88 12
-0.15360868 0.19967662 -0.091457644 234 88 12
-0.18334321 0.23499466 -0.097457491 234 88 12
-0.18496233 0.23700281 -0.097876482 234 88 12
-0.1913986 0.24516461 -0.099564206 234 88 12
-0.21778768 0.2797451 -0.10775739 234 88 12
-0.22965149 0.29596717 -0.11213632 234 88 12
-0.26539089 0.34199032 -0.12346971 234 88 12
-0.2669224 0.344045 -0.12401243 234 88 12
-0.33773361 0.42720656 -0.1416575 234 88 12
-0.36701534 0.45431231 -0.14250475 234 88 12
-0.39893549 0.48109518 -0.13896887 234 88 12
-0.42885217 0.50128373 -0.13191031 234 88 12
-0.0045690433 0.019708241 -0.071791868 234 88 12
-0.10022334 0.12847432 -0.08567786 234 88 12
-0.15470229 0.19548628 -0.091533434 234 88 12
-0.17807099 0.22277753 -0.095531964 234 88 12
-0.22967357 0.28955714 -0.11131154 234 88 12
-0.24342961 0.30755536 -0.11582937 234 88 12
-0.27943768 0.35414176 -0.12748207 234 88 12
-0.28755065 0.36440924 -0.12978911 234 88 12
-0.35053925 0.43475488 -0.14324603 234 88 12
-0.35470145 0.43865612 -0.14360567 234 88 12
-0.39906815 0.47693431 -0.14021288 234 88 12
-0.028517358 0.038141814 -0.07472378 234 88 12
-0.070450724 0.084177257 -0.0814603 234 88 12
-0.091889777 0.11132588 -0.084072357 234 88 12
-0.098332208 0.11969348 -0.084966336 234 88 12
-0.13962212 0.17096421 -0.088827443 234 88 12
-0.16749232 0.20497078 -0.093246206 234 88 12
-0.19224958 0.23447789 -0.098722824 234 88 12
-0.21603195 0.26483003 -0.10575584 234 88 12
-0.21757028 0.26687672 -0.10631265 234 88 12
-0.3493806 0.42865907 -0.14349756 234 88 12
-0.39684654 0.47095932 -0.14186925 234 88 12
-0.40624763 0.47861666 -0.14017538 234 88 12
-0.0075869046 0.012892503 -0.072270924 234 88 12
-0.081665384 0.092095928 -0.082916901 234 88 12
-0.099725912 0.11503729 -0.084781612 234 88 12
-0.1144929 0.13379684 -0.086502847 234 88 12
-0.14247918 0.1684481 -0.088892061 234 88 12
-0.14730186 0.17462824 -0.089790797 234 88 12
-0.18370061 0.21833537 -0.096097533 234 88 12
-0.25283826 0.30663932 -0.11705618 234 88 12
-0.25439009 0.30858671 -0.11752899 234 88 12
-0.25751489 0.31248955 -0.1185519 234 88 12
-0.27794675 0.33878842 -0.12487739 234 88 12
-0.31705958 0.38843457 -0.13738937 234 88 12
-0.33317151 0.40661929 -0.14115921 234 88 12
-0.3425358 0.4166894 -0.14285694 234 88 12
-0.37920524 0.45173092 -0.14468868 234 88 12
-0.38137727 0.45369385 -0.14462433 234 88 12
-0.0020515333 0.0039921693 -0.072429133 234 88 12
-0.015654194 0.015359392 -0.072980917 234 88 12
-0.066103057 0.066792102 -0.079937212 234 88 12
-0.092967603 0.099917468 -0.083615381 234 88 12
-0.12084137 0.13528179 -0.086712956 234 88 12
-0.15503464 0.1783257 -0.090795602 234 88 12
-0.15664966 0.18038178 -0.091134136 234 88 12
-0.21253697 0.24786347 -0.10308404 234 88 12
-0.23427116 0.27628681 -0.11039873 234 88 12
-0.23577186 0.2783231 -0.1108125 234 88 12
-0.24345464 0.28854112 -0.11364537 234 88 12
-0.29054446 0.34883894 -0.12846107 234 88 12
-0.29535587 0.35511462 -0.13007091 234 88 12
-0.30998487 0.37360502 -0.13447183 234 88 12
-0.33065207 0.39824009 -0.14024365 234 88 12
-0.3435139 0.41254231 -0.14319029 234 88 12
-0.34726081 0.41649833 -0.14375755 234 88 12
-0.43739147 0.4962589 -0.137965 234 88 12
-0.075934523 0.072207462 -0.080885994 234 88 12
-0.1189217 0.12654267 -0.086316531 234 88 12
-0.12551975 0.13468644 -0.086858593 234 88 12
-0.13699083 0.14917605 -0.08822008 234 88 12
-0.1579805 0.1757141 -0.090814663 234 88 12
-0.20581464 0.23340042 -0.10047954 234 88 12
-0.22340327 0.25556694 -0.10581844 234 88 12
-0.30493171 0.36085186 -0.13191484 234 88 12
-0.31150045 0.36910127 -0.13404517 234 88 12
0.0060682706 -0.0096741251 -0.074325834 234 88 12
-0.02419159 0.013730051 -0.073884555 234 88 12
-0.083961413 0.075873422 -0.081660535 234 88 12
-0.090761572 0.084265438 -0.082623422 234 88 12
-0.19394219 0.21342842 -0.096839798 234 88 12
-0.2721053 0.31100575 -0.11993313 234 88 12
-0.28160636 0.32317874 -0.12324536 234 88 12
-0.297104 0.34376739 -0.12847312 234 88 12
-0.020669143 0.0063967463 -0.074114403 234 88 12
-0.030269831 0.014708202 -0.074401506 234 88 12
-0.03606068 0.019945867 -0.074829502 234 88 12
-0.095499723 0.083765096 -0.082736331 234 88 12
-0.11197713 0.10470709 -0.084586746 234 88 12
-0.1543513 0.15788682 -0.088906214 234 88 12
-0.19687974 0.2111057 -0.096864798 234 88 12
-0.22621255 0.2467943 -0.10498313 234 88 12
-0.29415639 0.33277555 -0.12623579 234 88 12
-0.36322354 0.41814287 -0.14662245 234 88 12
-0.4442248 0.49335831 -0.14251267 234 88 12
-0.024823828 0.0057424645 -0.074712347 234 88 12
-0.15740064 0.15516269 -0.088859673 234 88 12
-0.16059102 0.15927893 -0.089396483 234 88 12
-0.17034638 0.17174409 -0.09131488 234 88 12
-0.18490532 0.19068272 -0.094176748 234 88 12
-0.21804284 0.23048908 -0.10178303 234 88 12
-0.28366187 0.31196533 -0.12151783 234 88 12
-0.30827061 0.34513939 -0.13044922 234 88 12
-0.0060285834 -0.011573464 -0.076258057 234 88 12
-0.016624782 -0.0042072611 -0.075640026 234 88 12
-0.11485035 0.095335286 -0.083964944 234 88 12
-0.14404882 0.13241139 -0.087644107 234 88 12
-0.18146299 0.1794821 -0.092664732 234 88 12
-0.18632514 0.18595642 -0.093919153 234 88 12
-0.22420309 0.23219906 -0.10290825 234 88 12
-0.26794523 0.28586665 -0.11569248 234 88 12
-0.36683612 0.41214709 -0.14760199 234 88 12
-0.44930901 0.49246957 -0.14582252 234 88 12
-0.016489598 -0.0077686246 -0.076613967 234 88 12
-0.018630578 -0.0062886663 -0.07646917 234 88 12
-0.041226775 0.011277768 -0.076066957 234 88 12
-0.061014959 0.029132093 -0.077469231 234 88 12
-0.13244236 0.11168704 -0.086186612 234 88 12
-0.14224829 0.1236524 -0.086921979 234 88 12
-0.15686804 0.14179814 -0.088318012 234 88 12
-0.19097334 0.1854757 -0.094413421 234 88 12
-0.24981508 0.2579096 -0.11014043 234 88 12
-0.26126106 0.27165208 -0.11321144 234 88 12
-0.29367968 0.31081629 -0.12238376 234 88 12
-0.36069529 0.3999424 -0.14626954 234 88 12
-0.03314917 0.00092491367 -0.07680435 234 88 12
-0.21032907 0.2036266 -0.097796062 234 88 12
-0.23178705 0.22953877 -0.10366726 234 88 12
-0.30616055 0.32052035 -0.12565229 234 88 12
-0.32277534 0.34394634 -0.13232584 234 88 12
-0.34669778 0.37623377 -0.14120999 234 88 12
-0.38504406 0.42242772 -0.15122952 234 88 12
-0.041492956 0.0037098139 -0.077452321 234 88 12
-0.15306574 0.12438564 -0.087551747 234 88 12
-0.22997208 0.22133029 -0.10238142 234 88 12
-0.23321633 0.22526104 -0.1033536 234 88 12
-0.27826927 0.27797954 -0.11520328 234 88 12
-0.28164516 0.28177801 -0.11585763 234 88 12
-0.062355959 0.017291611 -0.078599373 234 88 12
-0.072321341 0.026428659 -0.079314006 234 88 12
-0.12332594 0.081306533 -0.083798427 234 88 12
-0.12664511 0.085403265 -0.084186322 234 88 12
-0.18405541 0.15572989 -0.090874836 234 88 12
-0.24116268 0.22875086 -0.10485614 234 88 12
-0.25938644 0.25056231 -0.11039793 234 88 12
-0.26274828 0.25439843 -0.11113454 234 88 12
-0.31429532 0.31772622 -0.12648567 234 88 12
-0.32010827 0.3262924 -0.12909756 234 88 12
-0.32918645 0.33904011 -0.13267031 234 88 12
-0.36235798 0.3850644 -0.14572178 234 88 12
-0.064630434 0.01532369 -0.079284355 234 88 12
-0.12788392 0.080959164 -0.084016297 234 88 12
-0.15255391 0.11123417 -0.087003554 234 88 12
-0.20015593 0.17013081 -0.093533343 234 88 12
-0.20332652 0.17460863 -0.094464487 234 88 12
-0.22779602 0.20636651 -0.10021674 234 88 12
-0.25923439 0.2442709 -0.10972505 234 88 12
-0.27651303 0.26328392 -0.11306945 234 88 12
-0.29982521 0.29054307 -0.11885106 234 88 12
-0.32781698 0.33026495 -0.13111019 234 88 12
-0.34003683 0.34751771 -0.13611096 234 88 12
-0.058469928 0.0063645544 -0.079871874 234 88 12
-0.11675646 0.063088961 -0.083369112 234 88 12
-0.16190789 0.11644028 -0.087747674 234 88 12
-0.19509682 0.15650108 -0.091841252 234 88 12
-0.20643106 0.17187618 -0.094500735 234 88 12
-0.23252593 0.20604948 -0.10099338 234 88 12
-0.23413022 0.20818846 -0.10151957 234 88 12
-0.26763056 0.247498 -0.11095181 234 88 12
-0.26938721 0.24935849 -0.1111386 234 88 12
-0.30176767 0.28610893 -0.11828699 234 88 12
-0.31231864 0.30042738 -0.12241437 234 88 12
-0.081371458 0.022452532 -0.081391626 234 88 12
-0.089177862 0.029969873 -0.082027773 234 88 12
-0.12313504 0.064775312 -0.083899917 234 88 12
-0.18796814 0.14140918 -0.090369419 234 88 12
-0.26055046 0.23361875 -0.10852746 234 88 12
-0.26225233 0.23555138 -0.10903187 234 88 12
-0.2833566 0.25825171 -0.11297591 234 88 12
-0.34756356 0.34514959 -0.13776077 234 88 12
-0.077511267 0.015031828 -0.082028257 234 88 12
-0.10523519 0.041537308 -0.083529852 234 88 12
-0.13994099 0.077860159 -0.084841125 234 88 12
-0.15482741 0.095654295 -0.086572582 234 88 12
-0.19771786 0.14705982 -0.091775801 234 88 12
-0.20603099 0.15749281 -0.092903236 234 88 12
-0.23553551 0.1965919 -0.1003909 234 88 12
-0.37033251 0.37212084 -0.14682861 234 88 12
-0.053675885 -0.0069945047 -0.083894426 234 88 12
-0.079665752 0.013170182 -0.082970974 234 88 12
-0.089939 0.02235973 -0.08313853 234 88 12
-0.091959208 0.024218949 -0.083281062 234 88 12
-0.1723436 0.11045014 -0.087931854 234 88 12
-0.19382841 0.13607654 -0.09059121 234 88 12
-0.20068516 0.14439057 -0.091878409 234 88 12
-0.20412483 0.14851843 -0.092339445 234 88 12
-0.22076514 0.17026935 -0.096095671 234 88 12
-0.23065889 0.18298252 -0.098175682 234 88 12
-0.26721734 0.22843555 -0.10836595 234 88 12
-0.32642076 0.29990951 -0.12494088 234 88 12
-0.33893349 0.31905287 -0.13177186 234 88 12
-0.062354062 -0.0039607137 -0.084514432 234 88 12
-0.073279368 0.0042123944 -0.084045604 234 88 12
-0.20540041 0.14375357 -0.092193938 234 88 12
-0.22226712 0.16515152 -0.095523831 234 88 12
-0.27251091 0.22757393 -0.10848641 234 88 12
-0.30909569 0.26844922 -0.11619415 234 88 12
-0.34761234 0.32546432 -0.13474877 234 88 12
-0.35337139 0.3341843 -0.13794381 234 88 12
-0.36513785 0.35223214 -0.14359326 234 88 12
-0.068848638 -0.0024921085 -0.085391656 234 88 12
-0.094487171 0.018516214 -0.084729687 234 88 12
-0.09654763 0.020366418 -0.084803427 234 88 12
-0.14504825 0.067128451 -0.084908501 234 88 12
-0.17672164 0.10316057 -0.087468284 234 88 12
-0.18155422 0.10888074 -0.088087745 234 88 12
-0.19803886 0.12866781 -0.090181405 234 88 12
-0.19975795 0.1307232 -0.090562999 234 88 12
-0.20492441 0.13693117 -0.091667309 234 88 12
-0.21345052 0.14725413 -0.092673448 234 88 12
-0.21854966 0.15357151 -0.093456855 234 88 12
-0.23417999 0.1726586 -0.097032694 234 88 12
-0.27090471 0.21893501 -0.10657773 234 88 12
-0.32871579 0.28921067 -0.12338669 234 88 12
-0.34366626 0.31260852 -0.13182456 234 88 12
-0.34781361 0.31906252 -0.13395291 234 88 12
-0.3751817 0.36153393 -0.14756465 234 88 12
-0.37970188 0.36837693 -0.14971245 234 88 12
-0.38264845 0.37291792 -0.15110713 234 88 12
-0.096736066 0.016594053 -0.085495806 234 88 12
-0.12130766 0.039119877 -0.085542742 234 88 12
-0.14789208 0.064890188 -0.085029038 234 88 12
-0.16654486 0.085420602 -0.086377151 234 88 12
-0.21992579 0.14868577 -0.093058216 234 88 12
-0.2393782 0.17164132 -0.096982486 234 88 12
-0.27990726 0.22187831 -0.10737083 234 88 12
-0.33459255 0.29124719 -0.12507269 234 88 12
-0.34393659 0.3062561 -0.13070382 234 88 12
-0.10951984 0.023999126 -0.086409472 234 88 12
-0.14342722 0.055500552 -0.085564232 234 88 12
-0.17938984 0.094035538 -0.086749862 234 88 12
-0.31438548 0.2552595 -0.11490689 234 88 12
-0.12838006 0.036876299 -0.08657793 234 88 12
-0.15172545 0.058608946 -0.085584237 234 88 12
-0.25195934 0.17164909 -0.097192045 234 88 12
-0.25692027 0.17829138 -0.098539953 234 88 12
-0.26027723 0.18271996 -0.099419998 234 88 12
-0.28560768 0.2140794 -0.10571744 234 88 12
-0.29413585 0.22397855 -0.1076033 234 88 12
-0.30264338 0.23398154 -0.10986201 234 88 12
-0.34977606 0.30215464 -0.13164194 234 88 12
-0.13292251 0.036560381 -0.086971857 234 88 12
-0.17026254 0.072377757 -0.0859789 234 88 12
-0.23145295 0.14214265 -0.093314153 234 88 12
-0.28771623 0.20906455 -0.10447714 234 88 12
-0.29956439 0.22319053 -0.10746055 234 88 12
-0.33565174 0.27182447 -0.12168809 234 88 12
-0.35262681 0.30011878 -0.13214318 234 88 12
-0.17816257 0.075245662 -0.086332237 234 88 12
-0.322713 0.24601261 -0.11460014 234 88 12
-0.33178617 0.25877415 -0.11869067 234 88 12
-0.3491423 0.28713024 -0.12843569 234 88 12
-0.19295415 0.085309508 -0.086625937 234 88 12
-0.20289251 0.096643744 -0.087926666 234 88 12
-0.25398338 0.15154492 -0.094278744 234 88 12
-0.2771229 0.17945537 -0.098318332 234 88 12
-0.30184531 0.21163131 -0.10524544 234 88 12
-0.30517103 0.21575349 -0.10620133 234 88 12
-0.31330088 0.22631708 -0.1091241 234 88 12
-0.32443548 0.24157375 -0.11404506 234 88 12
-0.35195767 0.28506835 -0.12899252 234 88 12
-0.35948302 0.29826282 -0.13423253 234 88 12
-0.3659715 0.3092923 -0.13856297 234 88 12
-0.10523183 0.0015930099 -0.092226739 234 88 12
-0.10747458 0.0033230902 -0.091986289 234 88 12
-0.11862624 0.01237504 -0.091168086 234 88 12
-0.13382237 0.024875613 -0.089736654 234 88 12
-0.17205902 0.057831594 -0.08587186 234 88 12
-0.20765236 0.095859735 -0.08805062 234 88 12
-0.2194135 0.10967296 -0.090059962 234 88 12
-0.22113488 0.11173949 -0.09036169 234 88 12
-0.25949356 0.15033634 -0.094008621 234 88 12
-0.28434751 0.18071361 -0.09858966 234 88 12
-0.30715938 0.21108063 -0.10537161 234 88 12
-0.36733962 0.30508767 -0.13834818 234 88 12
-0.10957438 0.0014048527 -0.093249533 234 88 12
-0.14033072 0.026334467 -0.089960217 234 88 12
-0.18202184 0.062145833 -0.085712826 234 88 12
-0.26315469 0.1471327 -0.09356007 234 88 12
-0.30119942 0.19547318 -0.1019206 234 88 12
-0.35001797 0.26765711 -0.12528896 234 88 12
-0.36358865 0.29210989 -0.13472164 234 88 12
-0.29853057 0.18384079 -0.09962589 234 88 12
-0.32346034 0.21938564 -0.10928372 234 88 12
-0.33683011 0.23929732 -0.1163359 234 88 12
-0.1535242 0.028892658 -0.090142856 234 88 12
-0.18428556 0.053586162 -0.08557596 234 88 12
-0.20190693 0.070799364 -0.085731881 234 88 12
-0.29034319 0.16527626 -0.096363368 234 88 12
-0.29545286 0.17211844 -0.097555689 234 88 12
-0.33413638 0.22850647 -0.11373566 234 88 12
-0.33702296 0.23290342 -0.11527669 234 88 12
-0.35053972 0.25465987 -0.12337642 234 88 12
-0.18133344 0.046143692 -0.086182848 234 88 12
-0.26384187 0.12821032 -0.091844245 234 88 12
-0.31336251 0.19009286 -0.10187415 234 88 12
-0.20311074 0.05995628 -0.08479735 234 88 12
-0.20658639 0.063426615 -0.084815101 234 88 12
-0.21695439 0.074324254 -0.08613562 234 88 12
-0.2476605 0.10621282 -0.09003454 234 88 12
-0.27544293 0.13291293 -0.092195374 234 88 12
-0.30418908 0.16901209 -0.09748568 234 88 12
-0.31828298 0.19000595 -0.10250981 234 88 12
-0.33740433 0.21983938 -0.11276547 234 88 12
-0.35731387 0.25287676 -0.12570754 234 88 12
-0.16945996 0.028534162 -0.089990788 234 88 12
-0.19313115 0.04559473 -0.08492925 234 88 12
-0.22382586 0.075091746 -0.086023593 234 88 12
-0.22557137 0.076963641 -0.086249323 234 88 12
-0.23825889 0.089681964 -0.087429847 234 88 12
-0.28655759 0.13846566 -0.092651395 234 88 12
-0.29737902 0.15220574 -0.094578962 234 88 12
-0.33761709 0.21316303 -0.11111504 234 88 12
-0.34998197 0.23346743 -0.11937874 234 88 12
-0.16065553 0.018152906 -0.093121724 234 88 12
-0.16970618 0.024536964 -0.090897848 234 88 12
-0.20596183 0.050788851 -0.083646683 234 88 12
-0.26998416 0.1154494 -0.090145521 234 88 12
-0.28626705 0.13134538 -0.091909797 234 88 12
-0.3159934 0.17084508 -0.09842862 234 88 12
-0.33519478 0.20171636 -0.10778154 234 88 12
-0.33658675 0.20404415 -0.10856237 234 88 12
-0.35670697 0.23804683 -0.12243841 234 88 12
-0.16064746 0.014315314 -0.094329085 234 88 12
-0.17217417 0.022127204 -0.09127867 234 88 12
-0.26024051 0.098506061 -0.087915428 234 88 12
-0.26199801 0.10053738 -0.088200599 234 88 12
-0.27765327 0.11637416 -0.089991463 234 88 12
-0.27975236 0.11832187 -0.090210064 234 88 12
-0.30615923 0.14924606 -0.094546988 234 88 12
-0.32697138 0.1803197 -0.10167183 234 88 12
-0.34513633 0.21135862 -0.11283385 234 88 12
-0.16528316 0.013612062 -0.094379867 234 88 12
-0.20636018 0.04036203 -0.083282643 234 88 12
-0.22530377 0.056893907 -0.082507302 234 88 12
-0.23067119 0.062288366 -0.083046268 234 88 12
-0.26555317 0.097427987 -0.087465233 234 88 12
-0.22144944 0.046922947 -0.081485576 234 88 12
-0.27087819 0.096495528 -0.087245505 234 88 12
-0.28033721 0.10677901 -0.088799847 234 88 12
-0.3112663 0.14152351 -0.093984672 234 88 12
-0.24495057 0.063034082 -0.082191635 234 88 12
-0.25235991 0.07015111 -0.083201746 234 88 12
-0.25418292 0.071979433 -0.083550606 234 88 12
-0.28995648 0.11011645 -0.089418332 234 88 12
-0.30569414 0.1272678 -0.091879922 234 88 12
-0.31116341 0.13414597 -0.09307495 234 88 12
-0.31294011 0.13653028 -0.093553017 234 88 12
-0.35152865 0.2002858 -0.11194757 234 88 12
-0.22414887 0.037822386 -0.080750776 234 88 12
-0.27604546 0.088518775 -0.085986412 234 88 12
-0.32497305 0.14603078 -0.0958837 234 88 12
-0.33290612 0.15821184 -0.098714326 234 88 12
-0.21642235 0.027550301 -0.082210819 234 88 12
-0.23711451 0.042957107 -0.079322874 234 88 12
-0.2866713 0.094353719 -0.087222049 234 88 12
-0.31788049 0.12908774 -0.09307399 234 88 12
-0.35503365 0.19088387 -0.11067492 234 88 12
-0.22411112 0.027487008 -0.080717301 234 88 12
-0.23259697 0.033385392 -0.079274678 234 88 12
-0.25330911 0.052265893 -0.080062189 234 88 12
-0.26439971 0.062970691 -0.081785276 234 88 12
-0.28450811 0.08515699 -0.085755426 234 88 12
-0.28629942 0.087351417 -0.086208655 234 88 12
-0.33926363 0.15334268 -0.09913077 234 88 12
-0.25836302 0.051198629 -0.079979018 234 88 12
-0.32605737 0.12675334 -0.093926165 234 88 12
-0.3329453 0.13637466 -0.095981254 234 88 12
-0.3494731 0.16352177 -0.10344525 234 88 12
-0.36203153 0.18908293 -0.11288763 234 88 12
-0.24286412 0.030634033 -0.077818551 234 88 12
-0.30448854 0.095362239 -0.088507109 234 88 12
-0.34080533 0.14142653 -0.098152763 234 88 12
-0.25520524 0.036877843 -0.078243607 234 88 12
-0.31749473 0.10393784 -0.090937213 234 88 12
-0.32688758 0.11518687 -0.093050177 234 88 12
-0.25084408 0.026656268 -0.077124358 234 88 12
-0.29927759 0.077291933 -0.085861211 234 88 12
-0.25374261 0.023948611 -0.076995721 234 88 12
-0.2574437 0.027725795 -0.077296042 234 88 12
-0.26851639 0.039026724 -0.079163233 234 88 12
-0.26573851 0.030875331 -0.078287484 234 88 12
-0.30368126 0.07026494 -0.085486651 234 88 12
-0.3191291 0.088155666 -0.089624871 234 88 12
-0.26491401 0.024443354 -0.077589425 234 88 12
-0.34717016 0.11866506 -0.098200793 234 88 12
-0.34873781 0.12112278 -0.098881515 234 88 12
-0.35191122 0.12598345 -0.10017631 234 88 12
-0.26020028 0.014216753 -0.076973639 234 88 12
-0.2868274 0.040705802 -0.080524205 234 88 12
-0.32904501 0.088193518 -0.091326889 234 88 12
-0.26097238 0.0098137596 -0.077099777 234 88 12
-0.27993749 0.028820817 -0.079232013 234 88 12
-0.28188599 0.03068333 -0.079528316 234 88 12
-0.30921287 0.058560781 -0.084693811 234 88 12
-0.33744573 0.093009577 -0.09361222 234 88 12
-0.36597736 0.13702451 -0.10613812 234 88 12
-0.3701891 0.14459756 -0.1086288 234 88 12
-0.31412592 0.058322797 -0.085353065 234 88 12
-0.31794924 0.062772038 -0.086400886 234 88 12
-0.31990893 0.065048553 -0.086997459 234 88 12
-0.34370549 0.095688037 -0.095463503 234 88 12
-0.29334182 0.031367077 -0.080659123 234 88 12
-0.29535598 0.033278279 -0.080961603 234 88 12
-0.36954022 0.13096754 -0.10736801 234 88 12
-0.30825519 0.040776211 -0.082842185 234 88 12
-0.33698538 0.074585175 -0.091778234 234 88 12
-0.27871917 0.0078730893 -0.078905054 234 88 12
-0.32100161 0.048991292 -0.08547471 234 88 12
-0.33878464 0.065414195 -0.091379008 234 88 12
-0.30774434 0.02591975 -0.082691486 234 88 12
-0.33027322 0.04896228 -0.087365976 234 88 12
-0.33771852 0.058405974 -0.090385809 234 88 12
-0.33088361 0.04462352 -0.087342637 234 88 12
-0.34205978 0.058877622 -0.092050189 234 88 12
-0.34561735 0.063867426 -0.093819598 234 88 12
-0.35238342 0.074086048 -0.097147026 234 88 12
-0.29995732 0.006651076 -0.083027286 234 88 12
-0.32336233 0.027595245 -0.085799739 234 88 12
-0.34508723 0.052521693 -0.092796484 234 88 12
-0.35200335 0.06266393 -0.096577574 234 88 12
-0.364842 0.083334902 -0.10358188 234 88 12
-0.28776278 -0.0079693598 -0.083480618 234 88 12
-0.35426456 0.060844874 -0.097618939 234 88 12
-0.34044513 0.036579052 -0.090716007 234 88 12
-0.29588296 -0.0082109827 -0.085766978 234 88 12
-0.30006742 -0.0046489661 -0.085799291 234 88 12
-0.31926388 0.0077310035 -0.087936354 234 88 12
-0.34877734 0.037253953 -0.094016005 234 88 12
-0.35061646 0.039705881 -0.094838255 234 88 12
-0.31920344 0.003914836 -0.088931568 234 88 12
-0.32567744 0.0056186802 -0.090489183 234 88 12
-0.33237589 0.0113522 -0.091144353 234 88 12
-0.29335139 -0.023916506 -0.091706934 234 88 12
-0.30786922 -0.015770153 -0.092473002 234 88 12
-0.30117402 -0.024009197 -0.094426618 234 88 12
-0.331648 -0.00016130679 -0.094360788 234 88 12
-0.33610751 0.0035946522 -0.094708039 234 88 12
-0.18301269 -0.08671644 0.25241636 234 88 12
-0.19913439 -0.07856106 0.23656266 234 88 12
-0.17627211 -0.087589015 0.25399795 234 88 12
-0.20923298 -0.073237085 0.225459 234 88 12
-0.19124987 -0.076897878 0.23211485 234 88 12
-0.1819565 -0.078901872 0.23574807 234 88 12
-0.19520883 -0.072394161 0.22214787 234 88 12
-0.1962748 -0.069302895 0.21439365 234 88 12
-0.20067119 -0.066460329 0.20729624 234 88 12
-0.16658621 -0.078377985 0.23343475 234 88 12
-0.14143926 -0.083133885 0.2455038 234 88 12
-0.22295812 -0.054811921 0.1774042 234 88 12
-0.20378945 -0.059524763 0.18808557 234 88 12
-0.20116401 -0.060296273 0.19000515 234 88 12
-0.1357409 -0.080532578 0.23895169 234 88 12
-0.11013767 -0.086339812 0.25427272 234 88 12
-0.22008946 -0.052677674 0.17009422 234 88 12
-0.12401599 -0.081367324 0.24059401 234 88 12
-0.19541306 -0.058548056 0.18422213 234 88 12
-0.12333952 -0.08023592 0.23736191 234 88 12
-0.11628479 -0.082288117 0.24238376 234 88 12
-0.23602437 -0.044637493 0.15108378 234 88 12
-0.2092919 -0.052755168 0.16780966 234 88 12
-0.17142705 -0.062896801 0.19530586 234 88 12
-0.19760504 -0.054809357 0.17273305 234 88 12
-0.16464597 -0.063493232 0.19689291 234 88 12
-0.11781219 -0.077950043 0.23023557 234 88 12
-0.22366576 -0.046815763 0.15245721 234 88 12
-0.19922517 -0.053448802 0.1683694 234 88 12
-0.18863785 -0.0561416 0.17595453 234 88 12
-0.089137106 -0.084963438 0.24618477 234 88 12
-0.081850594 -0.086885172 0.25122409 234 88 12
-0.16264908 -0.061825658 0.19148182 234 88 12
-0.23495846 -0.041169291 0.1400045 234 88 12
-0.20822043 -0.049477324 0.1563326 234 88 12
-0.095054365 -0.080827113 0.2349079 234 88 12
-0.23396845 -0.040444405 0.1376537 234 88 12
-0.22609449 -0.043090313 0.14224294 234 88 12
-0.20173268 -0.050148956 0.15757266 234 88 12
-0.14892613 -0.063263074 0.19414916 234 88 12
-0.14299453 -0.064910178 0.19821626 234 88 12
-0.11801613 -0.072935716 0.21571345 234 88 12
-0.090792496 -0.080725903 0.23413291 234 88 12
-0.17633686 -0.055319403 0.17204376 234 88 12
-0.17081474 -0.056753834 0.17589485 234 88 12
-0.13900738 -0.065003779 0.19761679 234 88 12
-0.2401745 -0.036205468 0.12883698 234 88 12
-0.14995661 -0.06100233 0.1867974 234 88 12
-0.27860383 -0.019955842 0.10961561 234 88 12
-0.23654157 -0.036431623 0.12805415 234 88 12
-0.215315 -0.043488074 0.14029961 234 88 12
-0.19616184 -0.048591015 0.15247102 234 88 12
-0.15761301 -0.058066731 0.17833766 234 88 12
-0.12481108 -0.067121832 0.20057386 234 88 12
-0.24117124 -0.03380924 0.12295892 234 88 12
-0.20620259 -0.045071298 0.14301745 234 88 12
-0.14218393 -0.061170287 0.18535234 234 88 12
-0.047070649 -0.085463864 0.24861669 234 88 12
-0.24587003 -0.03106497 0.11792173 234 88 12
-0.23208828 -0.035916427 0.12506791 234 88 12
-0.1997954 -0.045745534 0.14424672 234 88 12
-0.17786621 -0.051047595 0.15852323 234 88 12
-0.16950036 -0.053108862 0.16395844 234 88 12
-0.14994623 -0.058097056 0.17691948 234 88 12
-0.13220109 -0.062999964 0.18861667 234 88 12
-0.27596375 -0.017381177 0.10313692 234 88 12
-0.27123098 -0.019595851 0.10479588 234 88 12
-0.25322878 -0.027178715 0.11182059 234 88 12
-0.25053272 -0.028206467 0.11299371 234 88 12
-0.23942546 -0.032334774 0.1186455 234 88 12
-0.13730179 -0.060672446 0.18178712 234 88 12
-0.10974822 -0.0685058 0.20031389 234 88 12
-0.041747044 -0.08393402 0.24468019 234 88 12
-0.26538986 -0.020928455 0.10438387 234 88 12
-0.20342796 -0.042832577 0.13610981 234 88 12
-0.15651289 -0.054532518 0.16621957 234 88 12
-0.13934963 -0.059206899 0.17713774 234 88 12
-0.10256614 -0.069551875 0.2014979 234 88 12
-0.089332402 -0.073133759 0.20986982 234 88 12
-0.03696706 -0.083405144 0.24404215 234 88 12
-0.2240356 -0.035568173 0.12130379 234 88 12
-0.14134453 -0.057775391 0.17262274 234 88 12
-0.071105052 -0.076446392 0.21858463 234 88 12
-0.052236005 -0.079992143 0.2309024 234 88 12
-0.01128312 -0.085380643 0.25697669 234 88 12
-0.0072009351 -0.08589836 0.25963238 234 88 12
-0.27085299 -0.015849685 0.097673516 234 88 12
-0.21774785 -0.03655325 0.12205805 234 88 12
-0.17699467 -0.047406771 0.14682932 234 88 12
-0.18153962 -0.045275213 0.14088116 234 88 12
-0.17337076 -0.047443223 0.14604537 234 88 12
-0.16225489 -0.050397287 0.15300802 234 88 12
-0.13086055 -0.059052434 0.17266045 234 88 12
-0.28746672 -0.0050710307 0.087501134 234 88 12
-0.25138469 -0.021757958 0.10022792 234 88 12
-0.21596041 -0.035094416 0.11757444 234 88 12
-0.180637 -0.044612944 0.1383513 234 88 12
-0.12106541 -0.060962247 0.1754549 234 88 12
-0.089734934 -0.069061241 0.19532971 234 88 12
-0.017415629 -0.080813189 0.24251319 234 88 12
-0.25041848 -0.020939529 0.098123465 234 88 12
-0.17703085 -0.044646664 0.13752095 234 88 12
-0.16612392 -0.047671359 0.14453121 234 88 12
-0.14628086 -0.053183609 0.15642883 234 88 12
-0.12914129 -0.057990995 0.16692675 234 88 12
-0.061091663 -0.074405648 0.21060084 234 88 12
-0.008101049 -0.080478069 0.24529395 234 88 12
-0.13116109 -0.056680439 0.16236988 234 88 12
-0.074805832 -0.070806174 0.19808426 234 88 12
-0.0029337483 -0.079702596 0.2451407 234 88 12
-0.2457211 -0.020217032 0.095201473 234 88 12
-0.0903755 -0.066211567 0.1842389 234 88 12
-0.01493748 -0.077590401 0.23362899 234 88 12
-0.30139353 0.0083145366 0.073218075 234 88 12
-0.19602089 -0.036806071 0.11800501 234 88 12
-0.12345415 -0.057161802 0.16048571 234 88 12
-0.05498919 -0.072448532 0.20376395 234 88 12
-0.1924233 -0.036738807 0.11728265 234 88 12
-0.14566712 -0.050020448 0.14424108 234 88 12
-0.10727297 -0.060387438 0.16691219 234 88 12
-0.29289679 0.0066224372 0.071439182 234 88 12
-0.27698851 -0.0015974781 0.076763538 234 88 12
-0.25814945 -0.01078408 0.083060463 234 88 12
-0.2236376 -0.025062784 0.098342548 234 88 12
-0.32826105 0.029984629 0.05818519 234 88 12
-0.3177705 0.023013905 0.061326214 234 88 12
-0.24441679 -0.015396232 0.086326988 234 88 12
-0.19599801 -0.033590608 0.10986554 234 88 12
-0.11463194 -0.056955483 0.15582346 234 88 12
-0.066991358 -0.067279559 0.18554728 234 88 12
-0.056260514 -0.069158852 0.1925205 234 88 12
-0.028781627 -0.072177271 0.21041463 234 88 12
-0.020197232 -0.072605138 0.21601644 234 88 12
-0.33557849 0.036676721 0.05409994 234 88 12
-0.31888016 0.025288606 0.058748339 234 88 12
-0.31673584 0.02395838 0.05934056 234 88 12
-0.20044932 -0.031077244 0.10478091 234 88 12
-0.13466828 -0.050780319 0.14125296 234 88 12
0.045739718 -0.075536817 0.25609546 234 88 12
-0.35484355 0.053380167 0.04798354 234 88 12
-0.32208616 0.028919431 0.055574051 234 88 12
-0.29429906 0.012160644 0.064181643 234 88 12
-0.28552065 0.007215578 0.067085974 234 88 12
-0.23974953 -0.014538469 0.083638578 234 88 12
-0.22896242 -0.018939164 0.088302032 234 88 12
-0.18387165 -0.035267571 0.11105977 234 88 12
-0.18124214 -0.036035758 0.1125006 234 88 12
-0.17048489 -0.03913772 0.11844023 234 88 12
-0.16215916 -0.041519511 0.12291028 234 88 12
-0.15653218 -0.043162439 0.12599348 234 88 12
-0.14530743 -0.046717145 0.13229134 234 88 12
-0.072032863 -0.064594564 0.17508141 234 88 12
-0.06528403 -0.065846712 0.1795133 234 88 12
-0.027229666 -0.070342851 0.20440562 234 88 12
0.038556128 -0.073348294 0.24820302 234 88 12
-0.36518428 0.064662663 0.044619687 234 88 12
-0.30606349 0.020775092 0.058143981 234 88 12
-0.19871744 -0.029403225 0.10029734 234 88 12
-0.18565354 -0.03369906 0.10736435 234 88 12
-0.12710339 -0.051307444 0.139211 234 88 12
-0.08409864 -0.061370282 0.16391755 234 88 12
-0.064428348 -0.065129745 0.17645949 234 88 12
-0.046471998 -0.067782365 0.18836967 234 88 12
0.013414596 -0.070615054 0.22837697 234 88 12
-0.36803758 0.069059744 0.042248522 234 88 12
-0.3643113 0.065351567 0.042517179 234 88 12
-0.34901595 0.051552181 0.044338141 234 88 12
-0.21892152 -0.020368036 0.088098743 234 88 12
-0.21626083 -0.02147117 0.089258311 234 88 12
-0.19784131 -0.028577554 0.098175713 234 88 12
-0.10492751 -0.05623252 0.14803356 234 88 12
-0.10185087 -0.056923222 0.14977164 234 88 12
0.040668136 -0.070628467 0.24290955 234 88 12
-0.33576719 0.043038062 0.045052122 234 88 12
-0.3147467 0.029130556 0.050894826 234 88 12
-0.28895116 0.014110188 0.059103881 234 88 12
-0.052322992 -0.065345485 0.17748403 234 88 12
-0.048701937 -0.065795124 0.17990563 234 88 12
-0.033137325 -0.067133075 0.19014843 234 88 12
0.032948834 -0.06872203 0.23447361 234 88 12
0.037340724 -0.068966574 0.23735365 234 88 12
-0.22221169 -0.016112722 0.081716639 234 88 12
-0.20122268 -0.024880654 0.091247958 234 88 12
-0.10006376 -0.055795469 0.14399662 234 88 12
-0.084561134 -0.059059468 0.15317068 234 88 12
-0.068582262 -0.061943027 0.16317104 234 88 12
0.025091512 -0.06708449 0.22590228 234 88 12
0.02953151 -0.067234991 0.2287737 234 88 12
-0.26199763 0.0031424654 0.064025393 234 88 12
-0.19514894 -0.025974223 0.091589637 234 88 12
-0.12947301 -0.047122852 0.12502004 234 88 12
-0.080531418 -0.059177002 0.15214458 234 88 12
-0.064422668 -0.061958393 0.16233471 234 88 12
-0.054279998 -0.063531449 0.16913381 234 88 12
-0.047110718 -0.064383056 0.17390092 234 88 12
0.026035748 -0.065893777 0.22311533 234 88 12
-0.36266206 0.06980672 0.033899139 234 88 12
-0.29652268 0.023271148 0.049782865 234 88 12
-0.2253921 -0.011817809 0.075461464 234 88 12
-0.21219933 -0.01760907 0.08096918 234 88 12
-0.20438187 -0.020980256 0.084569444 234 88 12
-0.16529932 -0.034828211 0.10355553 234 88 12
-0.14310485 -0.041942808 0.11495542 234 88 12
-0.046253733 -0.06377664 0.17094088 234 88 12
-0.018097124 -0.06510751 0.18988543 234 88 12
-0.013731981 -0.065140842 0.19279781 234 88 12
-0.0093040022 -0.065146296 0.19584289 234 88 12
0.022517309 -0.064823494 0.21730718 234 88 12
0.057476749 -0.066329948 0.24042325 234 88 12
-0.28685432 0.019395047 0.050742661 234 88 12
-0.27131885 0.01114041 0.056252529 234 88 12
-0.25023799 0.00057894021 0.063654073 234 88 12
-0.2033317 -0.020008504 0.082504784 234 88 12
-0.20076859 -0.021106293 0.083780927 234 88 12
-0.1589249 -0.035814857 0.10388163 234 88 12
-0.11876 -0.048589759 0.12425522 234 88 12
-0.10341065 -0.052596785 0.13231533 234 88 12
-0.072282571 -0.05929887 0.15021646 234 88 12
-0.065801582 -0.060381994 0.15430779 234 88 12
-0.0038405717 -0.064230459 0.19617961 234 88 12
-0.34728363 0.05927154 0.031467407 234 88 12
-0.27017355 0.012258944 0.054428935 234 88 12
-0.26329655 0.0087020476 0.057049675 234 88 12
-0.18942196 -0.024219023 0.086337021 234 88 12
-0.16066773 -0.034231039 0.10013202 234 88 12
-0.13539481 -0.042504961 0.11249053 234 88 12
-0.024636446 -0.063351272 0.17848566 234 88 12
0.0017770886 -0.063255628 0.19660498 234 88 12
0.067813065 -0.064755047 0.24037076 234 88 12
0.079416094 -0.06645282 0.24745019 234 88 12
-0.35805298 0.07031407 0.028089929 234 88 12
-0.34631283 0.060129875 0.029606649 234 88 12
-0.27133928 0.014532917 0.051946151 234 88 12
-0.23005399 -0.0050878796 0.066863433 234 88 12
-0.22472359 -0.007356325 0.068861407 234 88 12
-0.21153828 -0.013293031 0.074081433 234 88 12
-0.19088574 -0.022279708 0.083106916 234 88 12
0.0074405982 -0.062193482 0.19714744 234 88 12
-0.31601644 0.040755215 0.035209054 234 88 12
-0.21306405 -0.010990537 0.071237171 234 88 12
-0.15317823 -0.034536044 0.098000255 234 88 12
-0.13635776 -0.040216905 0.10608364 234 88 12
-0.11284514 -0.047509652 0.11793105 234 88 12
-0.045885865 -0.060830636 0.15747016 234 88 12
0.066259612 -0.0619415 0.23244806 234 88 12
-0.38610881 0.10529928 0.023119131 234 88 12
-0.35616565 0.072100624 0.024417039 234 88 12
-0.35422393 0.070345605 0.024587145 234 88 12
-0.3443686 0.061835201 0.026054078 234 88 12
-0.3403195 0.058601167 0.026808076 234 88 12
-0.3320738 0.05249322 0.028734037 234 88 12
-0.32995544 0.051062355 0.029265446 234 88 12
-0.32784334 0.049648256 0.029806924 234 88 12
-0.27595666 0.020193339 0.046164758 234 88 12
-0.2622173 0.013287933 0.051140636 234 88 12
-0.24800671 0.0062866243 0.055962093 234 88 12
-0.20677041 -0.012362805 0.071587613 234 88 12
0.071353347 -0.061287935 0.23234113 234 88 12
-0.35902614 0.076580476 0.022223134 234 88 12
-0.32895243 0.051948264 0.027530773 234 88 12
-0.30748686 0.039055297 0.033734005 234 88 12
-0.29432876 0.032166676 0.037966662 234 88 12
-0.26573835 0.016678118 0.047798503 234 88 12
-0.26343051 0.015546319 0.048626535 234 88 12
-0.25167476 0.0097247398 0.052656036 234 88 12
-0.20825878 -0.010065024 0.068730857 234 88 12
-0.20045992 -0.013726546 0.071891928 234 88 12
-0.18261974 -0.021491344 0.079094761 234 88 12
-0.16742774 -0.027448872 0.085848313 234 88 12
-0.12001033 -0.043627638 0.10822173 234 88 12
-0.079922979 -0.053653346 0.12932773 234 88 12
0.051118041 -0.059102258 0.21581049 234 88 12
-0.3706358 0.090804611 0.019722381 234 88 12
-0.36885344 0.088820348 0.019772173 234 88 12
-0.35804066 0.077492009 0.020422933 234 88 12
-0.35227739 0.072135888 0.021116297 234 88 12
-0.32370518 0.050101248 0.026849738 234 88 12
-0.32157836 0.04877062 0.027394515 234 88 12
-0.26235082 0.016594885 0.047001853 234 88 12
-0.10081425 -0.04801416 0.11502494 234 88 12
-0.2835038 0.029504722 0.037235212 234 88 12
-0.20075226 -0.010427821 0.066998246 234 88 12
-0.16797603 -0.024807469 0.080332893 234 88 12
-0.077961705 -0.052374478 0.12418318 234 88 12
-0.03105051 -0.059021639 0.15389455 234 88 12
-0.0015052776 -0.05862922 0.17407827 234 88 12
0.012359838 -0.058038121 0.18342808 234 88 12
-0.30872228 0.044449161 0.026886062 234 88 12
-0.23609225 0.0071678364 0.051859249 234 88 12
-0.14575274 -0.032044904 0.087423281 234 88 12
-0.057818546 -0.055415052 0.13285721 234 88 12
-0.033827494 -0.058234888 0.14863643 234 88 12
0.022268541 -0.057012404 0.18675934 234 88 12
0.11818012 -0.063898895 0.24808152 234 88 12
-0.37994192 0.10698608 0.013299127 234 88 12
-0.36417166 0.089653159 0.014238665 234 88 12
-0.35872009 0.084026931 0.014685961 234 88 12
-0.33318683 0.061756869 0.018568712 234 88 12
-0.24714021 0.014126574 0.046115499 234 88 12
-0.1882373 -0.013080806 0.067131238 234 88 12
-0.06333719 -0.053595236 0.12634259 234 88 12
-0.056857564 -0.054801935 0.13030926 234 88 12
0.041379751 -0.055708285 0.19593583 234 88 12
0.059202176 -0.055822313 0.20751387 234 88 12
0.0678249 -0.056207884 0.21292141 234 88 12
-0.37901744 0.10778907 0.011419791 234 88 12
-0.37553405 0.10394866 0.011821262 234 88 12
-0.30223705 0.044201792 0.02487331 234 88 12
-0.28016638 0.032716763 0.032363203 234 88 12
-0.25782081 0.021035666 0.040351706 234 88 12
-0.22076272 0.0036166707 0.053016948 234 88 12
-0.17716286 -0.016749588 0.068912657 234 88 12
-0.14383618 -0.030564988 0.082782731 234 88 12
-0.065555125 -0.052334978 0.12184073 234 88 12
0.01014295 -0.056106828 0.17161005 234 88 12
0.046787574 -0.054766053 0.195997 234 88 12
-0.37455027 0.10477979 0.009943762 234 88 12
-0.22990567 0.0093000663 0.047739325 234 88 12
-0.22475647 0.0069737279 0.049530408 234 88 12
-0.16367705 -0.021427455 0.071579426 234 88 12
-0.11425095 -0.039565052 0.093373182 234 88 12
-0.089801166 -0.046115039 0.10545649 234 88 12
0.015468478 -0.055307225 0.1719458 234 88 12
-0.35185915 0.083272807 0.0097794664 234 88 12
-0.34409372 0.076168143 0.010883963 234 88 12
-0.28235391 0.037035925 0.027579457 234 88 12
-0.25076366 0.020735944 0.038570206 234 88 12
-0.21303839 0.0033160034 0.05135847 234 88 12
-0.20773849 0.00097137737 0.053164783 234 88 12
-0.16505582 -0.019389197 0.068498707 234 88 12
-0.12781399 -0.034156872 0.084256617 234 88 12
-0.11027959 -0.039696601 0.092362064 234 88 12
-0.015146536 -0.056623985 0.1477843 234 88 12
-0.0066449961 -0.05641336 0.15347155 234 88 12
0.020823944 -0.05459605 0.17210993 234 88 12
0.057317361 -0.053439808 0.19603248 234 88 12
0.098599791 -0.056546132 0.22161156 234 88 12
0.13875467 -0.061461329 0.24628833 234 88 12
-0.33698464 0.072153091 0.010252273 234 88 12
-0.32883528 0.065793913 0.011759785 234 88 12
-0.28122153 0.037953044 0.025871482 234 88 12
-0.23985071 0.017039058 0.040045638 234 88 12
-0.065635168 -0.049751477 0.11252746 234 88 12
-0.03645816 -0.054918225 0.13061046 234 88 12
0.0078157486 -0.054964336 0.15968923 234 88 12
0.062556051 -0.052869211 0.19591882 234 88 12
0.075467893 -0.053355855 0.20410084 234 88 12
0.12737025 -0.058599515 0.23582326 234 88 12
-0.3589824 0.094344821 0.0056175872 234 88 12
-0.34772021 0.083515185 0.0066698173 234 88 12
-0.2889384 0.043551285 0.021013377 234 88 12
-0.28672364 0.042394627 0.021776336 234 88 12
-0.28452949 0.041235975 0.022604851 234 88 12
-0.2184633 0.0087851158 0.045278381 234 88 12
-0.096036572 -0.041502845 0.093575527 234 88 12
0.06348028 -0.052267565 0.19305177 234 88 12
-0.38317468 0.12083355 0.0010546056 234 88 12
-0.34656864 0.084651247 0.005129783 234 88 12
-0.25421482 0.026926326 0.031126957 234 88 12
-0.2273767 0.014397459 0.040228236 234 88 12
-0.15897853 -0.017716322 0.063342163 234 88 12
-0.14375531 -0.024379818 0.069418139 234 88 12
-0.14111174 -0.025456098 0.070504425 234 88 12
-0.34922261 0.089378604 0.0031260289 234 88 12
-0.32735204 0.070673635 0.0068641268 234 88 12
-0.29338066 0.049027923 0.015741055 234 88 12
-0.23111734 0.017627526 0.036861722 234 88 12
-0.18963133 -0.00090281119 0.050621735 234 88 12
-0.13989498 -0.024512818 0.068488913 234 88 12
-0.12041199 -0.03165079 0.07661264 234 88 12
-0.022928746 -0.054175954 0.12947051 234 88 12
0.069890665 -0.050972538 0.19023154 234 88 12
-0.37189568 0.11414978 -0.0012127683 234 88 12
-0.21461031 0.011856548 0.040291339 234 88 12
-0.18587131 -0.00099685944 0.049756521 234 88 12
-0.14135302 -0.02241184 0.065519448 234 88 12
-0.11348635 -0.032529507 0.077007482 234 88 12
-0.10162545 -0.036161248 0.082557994 234 88 12
-0.002154049 -0.05374999 0.13969668 234 88 12
0.0067668626 -0.053091801 0.14550084 234 88 12
0.025095332 -0.052067133 0.15774608 234 88 12
0.048194483 -0.0508763 0.17275615 234 88 12
0.06648684 -0.050206125 0.18454013 234 88 12
0.1033169 -0.052474807 0.20679469 234 88 12
0.12646914 -0.055645503 0.22104613 234 88 12
-0.38009109 0.12373352 -0.0043896255 234 88 12
-0.34090166 0.086626882 0.00090283862 234 88 12
-0.33895152 0.084931377 0.0012357864 234 88 12
-0.33297017 0.079898713 0.0022757988 234 88 12
-0.31866469 0.068439375 0.0052376751 234 88 12
-0.28440481 0.047622806 0.014531452 234 88 12
-0.27554912 0.042924324 0.017504309 234 88 12
-0.25535928 0.031938615 0.024380024 234 88 12
-0.20813888 0.010608503 0.040330245 234 88 12
-0.18209877 -0.0011084131 0.048950134 234 88 12
-0.066454544 -0.044328567 0.097505472 234 88 12
-0.063340373 -0.045077857 0.099153711 234 88 12
-0.053803101 -0.047231059 0.10449638 234 88 12
-0.0054085422 -0.053345519 0.13422557 234 88 12
0.039794575 -0.050920196 0.16381756 234 88 12
0.15198404 -0.057190987 0.23279625 234 88 12
-0.38267783 0.12824576 -0.0068068248 234 88 12
-0.31531983 0.068159873 0.0042293657 234 88 12
-0.30275703 0.05983556 0.0074444151 234 88 12
-0.28105798 0.047490188 0.013573581 234 88 12
-0.012473748 -0.052686694 0.12655759 234 88 12
0.081410033 -0.049339362 0.18663102 234 88 12
0.14464629 -0.055056799 0.22486737 234 88 12
-0.26445313 0.039862292 0.017076749 234 88 12
-0.088797155 -0.035793977 0.080804404 234 88 12
-0.045262073 -0.046960128 0.10355186 234 88 12
-0.032495864 -0.049601784 0.11123265 234 88 12
0.022944227 -0.050979357 0.14608154 234 88 12
0.036697402 -0.050379882 0.15500281 234 88 12
0.12092905 -0.052265784 0.20718719 234 88 12
-0.31067411 0.069197755 0.0017573487 234 88 12
-0.29397386 0.058132841 0.0058707285 234 88 12
-0.16849834 -0.0026200588 0.046982582 234 88 12
-0.16609626 -0.0038073684 0.047714953 234 88 12
-0.1636996 -0.0050236528 0.048468131 234 88 12
-0.14438489 -0.01479335 0.054861792 234 88 12
-0.12572212 -0.022367337 0.061795598 234 88 12
-0.11454287 -0.026362939 0.066487119 234 88 12
-0.041024618 -0.046789828 0.1030402 234 88 12
-0.0067612072 -0.051592075 0.12375326 234 88 12
0.10635192 -0.049798418 0.19460841 234 88 12
0.14195844 -0.052364285 0.21619446 234 88 12
0.15415766 -0.054052977 0.22332517 234 88 12
-0.3010026 0.064723762 0.0021773868 234 88 12
-0.16484204 -0.0026970132 0.045917251 234 88 12
-0.10165344 -0.029039289 0.069652966 234 88 12
-0.0096684552 -0.050731185 0.11885264 234 88 12
0.14192592 -0.052690816 0.21271081 234 88 12
-0.37250847 0.1277544 -0.012693299 234 88 12
-0.35730492 0.11425132 -0.0097885262 234 88 12
-0.3516737 0.10893147 -0.0090989842 234 88 12
-0.32822291 0.088169737 -0.0054784403 234 88 12
-0.31002606 0.073275355 -0.0017464103 234 88 12
-0.23981867 0.031586817 0.018895409 234 88 12
-0.21474137 0.0205315 0.027487304 234 88 12
-0.20442262 0.016260113 0.031092606 234 88 12
-0.16849487 0.00077710269 0.04279801 234 88 12
-0.14440163 -0.011257633 0.050519973 234 88 12
-0.097423717 -0.028797413 0.069143904 234 88 12
-0.048082016 -0.042617526 0.093526091 234 88 12
-0.0087252763 -0.050044815 0.11634126 234 88 12
0.06207215 -0.047857404 0.16060234 234 88 12
0.16368622 -0.052828762 0.22211473 234 88 12
-0.28795401 0.06027228 0.0016539816 234 88 12
-0.27078388 0.04994486 0.0066206555 234 88 12
-0.24102042 0.033550964 0.016259984 234 88 12
-0.21851779 0.023537529 0.024036741 234 88 12
-0.16245375 -0.000427543 0.042560075 234 88 12
-0.11072339 -0.022755176 0.060724725 234 88 12
-0.065295184 -0.036531262 0.081898604 234 88 12
0.01221889 -0.049942119 0.12606146 234 88 12
0.14703282 -0.05156408 0.20859791 234 88 12
0.16428818 -0.051982743 0.21885403 234 88 12
-0.34321132 0.10631892 -0.011507307 234 88 12
-0.33733782 0.10110947 -0.010634284 234 88 12
-0.32338003 0.089127628 -0.0081813245 234 88 12
-0.29276252 0.065518487 -0.0015022967 234 88 12
-0.1636567 0.0018840057 0.040153174 234 88 12
-0.13162107 -0.013316686 0.050456629 234 88 12
-0.1150993 -0.019570087 0.056506142 234 88 12
-0.10659983 -0.022527583 0.060130458 234 88 12
0.093344749 -0.046730393 0.17263668 234 88 12
0.15641405 -0.050513349 0.2104208 234 88 12
0.16912882 -0.051531997 0.21804455 234 88 12
-0.34181287 0.10769643 -0.013091704 234 88 12
-0.32596214 0.09386588 -0.010360174 234 88 12
-0.2768595 0.057059693 0.00043373967 234 88 12
-0.26167631 0.047769931 0.0048835515 234 88 12
-0.25040641 0.041233418 0.008449507 234 88 12
-0.24329937 0.037523533 0.010836077 234 88 12
-0.23605278 0.033944867 0.013434515 234 88 12
-0.22599202 0.029431798 0.017019023 234 88 12
-0.2209489 0.027279609 0.018794262 234 88 12
-0.08758506 -0.027012044 0.066313527 234 88 12
-0.019809619 -0.045656102 0.10072576 234 88 12
0.12018369 -0.048318687 0.18525671 234 88 12
-0.36551617 0.13117028 -0.018821127 234 88 12
-0.35784998 0.12454804 -0.01728949 234 88 12
-0.34431395 0.11254605 -0.015074235 234 88 12
-0.33841224 0.10740535 -0.014303318 234 88 12
-0.33644988 0.10565967 -0.013996153 234 88 12
-0.25818023 0.0472221 0.0038500632 234 88 12
-0.25592931 0.045904527 0.0044831075 234 88 12
-0.23720498 0.035880014 0.010717441 234 88 12
-0.21196815 0.024926249 0.019671491 234 88 12
-0.17337178 0.0095647159 0.032934292 234 88 12
-0.089283069 -0.024907969 0.063101881 234 88 12
-0.083185075 -0.026722671 0.065818666 234 88 12
-0.052299211 -0.035674266 0.080460087 234 88 12
-0.025153462 -0.043272501 0.094746206 234 88 12
-0.19252324 0.018528551 0.02440814 234 88 12
-0.15044506 0.00053553315 0.03772318 234 88 12
-0.14805639 -0.00065576113 0.038395747 234 88 12
-0.12776466 -0.0096242332 0.045012587 234 88 12
-0.078764275 -0.026417975 0.065542541 234 88 12
-0.021011988 -0.043010526 0.094381328 234 88 12
-0.0041242797 -0.046049941 0.10383793 234 88 12
0.14051462 -0.049030179 0.1905014 234 88 12
-0.36467617 0.13581346 -0.022346329 234 88 12
-0.29112045 0.073255947 -0.0086749301 234 88 12
-0.24175483 0.04109884 0.0046220274 234 88 12
-0.23450297 0.03745403 0.007139381 234 88 12
-0.098350059 -0.01865635 0.05415861 234 88 12
-0.083548806 -0.023332668 0.060960468 234 88 12
-0.061834313 -0.029778861 0.071098165 234 88 12
-0.055705663 -0.031603196 0.07388199 234 88 12
-0.049702417 -0.033362586 0.0766516 234 88 12
0.037242862 -0.047098501 0.12512267 234 88 12
0.095481822 -0.045135496 0.15993846 234 88 12
0.10657956 -0.045776667 0.16657134 234 88 12
0.14904684 -0.048917245 0.19218487 234 88 12
-0.37435872 0.14797131 -0.025838165 234 88 12
-0.36324258 0.13739158 -0.023812394 234 88 12
-0.2815993 0.068356164 -0.0085989284 234 88 12
-0.20268285 0.02539213 0.016475635 234 88 12
-0.060510831 -0.028533599 0.069362702 234 88 12
-0.030961804 -0.037499227 0.083643135 234 88 12
-0.35212031 0.13059305 -0.023099463 234 88 12
-0.33635871 0.1170875 -0.020350826 234 88 12
-0.30226587 0.087348397 -0.014438551 234 88 12
-0.19103293 0.022287396 0.01863729 234 88 12
0.0097897673 -0.044439363 0.10328113 234 88 12
0.12228336 -0.046002286 0.16859732 234 88 12
0.13765025 -0.047359563 0.17816724 234 88 12
0.167073 -0.047957761 0.1954497 234 88 12
0.18484692 -0.047982652 0.20584109 234 88 12
-0.34465735 0.12722468 -0.023169237 234 88 12
-0.33482646 0.11873519 -0.021642238 234 88 12
-0.31872547 0.10485886 -0.019145127 234 88 12
-0.30067 0.088842187 -0.015785156 234 88 12
-0.26217364 0.058732751 -0.0080354887 234 88 12
-0.23523234 0.042332049 0.00029077488 234 88 12
-0.21011084 0.031075867 0.0095969091 234 88 12
-0.20507245 0.029073098 0.011438608 234 88 12
-0.15743787 0.010897158 0.0277678 234 88 12
-0.15259589 0.0088373015 0.029200626 234 88 12
-0.10559773 -0.010513655 0.044913928 234 88 12
-0.0073488177 -0.040879734 0.090947312 234 88 12
0.19395178 -0.047186415 0.20748896 234 88 12
-0.32518337 0.11345723 -0.021759831 234 88 12
-0.32317329 0.11173815 -0.02145846 234 88 12
-0.31912127 0.10826436 -0.020764038 234 88 12
-0.31314025 0.10297221 -0.019651119 234 88 12
-0.30914216 0.099395922 -0.018999494 234 88 12
-0.29908179 0.090371972 -0.017148548 234 88 12
-0.29302722 0.085196633 -0.016038374 234 88 12
-0.26285999 0.061184484 -0.010143307 234 88 12
-0.24756268 0.051104088 -0.0059441691 234 88 12
-0.22149321 0.037258107 0.0030577296 234 88 12
-0.1489655 0.0089778778 0.028291277 234 88 12
-0.13432784 0.0024209673 0.032605717 234 88 12
-0.10706747 -0.0080800267 0.042293131 234 88 12
-0.10422659 -0.0091041989 0.043413471 234 88 12
-0.059655412 -0.023767424 0.062946102 234 88 12
-0.021941715 -0.035925074 0.080603713 234 88 12
0.10517521 -0.043756422 0.1514642 234 88 12
0.12302897 -0.045138323 0.16220631 234 88 12
-0.33959718 0.12897693 -0.025338511 234 88 12
-0.32763345 0.11860622 -0.023660291 234 88 12
-0.29941349 0.093738897 -0.018958356 234 88 12
-0.28744081 0.08327037 -0.01663687 234 88 12
-0.25053304 0.054909586 -0.0090560778 234 88 12
-0.18695405 0.025237021 0.013600105 234 88 12
-0.15016245 0.011208224 0.025992888 234 88 12
-0.088744377 -0.012756746 0.047705016 234 88 12
-0.032466742 -0.031194882 0.07280378 234 88 12
0.0011126374 -0.040133348 0.090122626 234 88 12
0.098246701 -0.043025072 0.14396029 234 88 12
0.11276315 -0.043838408 0.15251368 234 88 12
0.18574045 -0.046627621 0.19559274 234 88 12
-0.38662021 0.1801644 -0.034870459 234 88 12
-0.37029192 0.16060445 -0.033000439 234 88 12
-0.3118434 0.10811703 -0.022521994 234 88 12
-0.19585912 0.029904581 0.0083112891 234 88 12
-0.17802627 0.023479607 0.014823229 234 88 12
-0.12113906 0.00090765314 0.03283325 234 88 12
0.10599078 -0.042985812 0.14515308 234 88 12
-0.35590322 0.1496519 -0.031938492 234 88 12
-0.30409863 0.10437953 -0.022997359 234 88 12
-0.27244843 0.075970514 -0.017633658 234 88 12
-0.26246576 0.067654034 -0.015918801 234 88 12
-0.21957074 0.041125688 -0.0028688523 234 88 12
-0.16694067 0.02100465 0.016672016 234 88 12
-0.13041439 0.0063104595 0.027887741 234 88 12
-0.11976815 0.0022959167 0.031318608 234 88 12
-0.11425287 0.00026298101 0.033269867 234 88 12
0.049616536 -0.042552814 0.1101725 234 88 12
0.10996163 -0.042775942 0.14401512 234 88 12
0.11350286 -0.043031714 0.14606678 234 88 12
0.13918024 -0.045290926 0.16135019 234 88 12
0.17736914 -0.045563797 0.18344962 234 88 12
0.18632411 -0.045735398 0.18839722 234 88 12
0.19086048 -0.045712646 0.19082479 234 88 12
-0.38350058 0.18372687 -0.037401948 234 88 12
-0.35976461 0.15696941 -0.034227717 234 88 12
-0.35614027 0.15330516 -0.033467526 234 88 12
-0.20297909 0.035714833 0.0013024063 234 88 12
-0.18796347 0.030149911 0.0070083393 234 88 12
-0.096098913 -0.0044330484 0.038499096 234 88 12
-0.051724302 -0.019556287 0.05736884 234 88 12
-0.026607634 -0.028682307 0.068440747 234 88 12
0.013731188 -0.038998232 0.088848843 234 88 12
0.12445057 -0.043473005 0.14910144 234 88 12
0.12806847 -0.043828159 0.15119716 234 88 12
-0.36899095 0.16991216 -0.037397123 234 88 12
-0.33893188 0.14109547 -0.031425832 234 88 12
-0.32291884 0.12729912 -0.028805951 234 88 12
-0.20906747 0.039856624 -0.0031753597 234 88 12
-0.19152936 0.03306313 0.0035111592 234 88 12
-0.14986599 0.017941132 0.01822665 234 88 12
-0.04186477 -0.021319014 0.059278488 234 88 12
0.11757286 -0.042356299 0.14178614 234 88 12
0.13586844 -0.044179801 0.15229111 234 88 12
0.14363957 -0.044929693 0.15705825 234 88 12
-0.38175982 0.18932505 -0.039783924 234 88 12
-0.37402975 0.17950453 -0.03954125 234 88 12
-0.3601531 0.16430705 -0.037169396 234 88 12
-0.35281419 0.15697053 -0.035727294 234 88 12
-0.35090951 0.15518213 -0.035394307 234 88 12
-0.28303398 0.094761587 -0.024394711 234 88 12
-0.20757019 0.040976156 -0.0048326051 234 88 12
-0.19504035 0.035971767 -5.9204644e-05 234 88 12
-0.18014766 0.030574307 0.0055907793 234 88 12
-0.16782403 0.026258346 0.01024132 234 88 12
-0.1018421 0.0015346125 0.03223711 234 88 12
-0.090666479 -0.0025100242 0.036657324 234 88 12
-0.082064014 -0.0055273516 0.040151593 234 88 12
0.0048331545 -0.035086346 0.079008843 234 88 12
0.1107793 -0.041326424 0.13442681 234 88 12
0.13230044 -0.043372885 0.14690507 234 88 12
0.15597924 -0.045620778 0.16099825 234 88 12
-0.37397767 0.18329014 -0.040852202 234 88 12
-0.36394218 0.17166902 -0.0393772 234 88 12
-0.32346959 0.13418563 -0.031808442 234 88 12
-0.31947159 0.13071912 -0.031237832 234 88 12
-0.2932177 0.10751472 -0.027494666 234 88 12
-0.2852046 0.1001668 -0.026340036 234 88 12
-0.28126763 0.096463006 -0.025688789 234 88 12
-0.27738499 0.092763551 -0.025068391 234 88 12
-0.27155486 0.087363328 -0.024132909 234 88 12
-0.26575166 0.081859079 -0.023613498 234 88 12
-0.20605365 0.042106815 -0.0064367779 234 88 12
-0.14956734 0.021311322 0.014344421 234 88 12
0.046263563 -0.040217772 0.096693267 234 88 12
0.10006805 -0.040358708 0.12510742 234 88 12
-0.37843111 0.19294807 -0.042258044 234 88 12
-0.37541045 0.18908039 -0.042258313 234 88 12
-0.33378822 0.14640938 -0.034867169 234 88 12
-0.32777867 0.14116133 -0.033695604 234 88 12
-0.29741478 0.1146716 -0.029492658 234 88 12
-0.27175731 0.090849184 -0.025753218 234 88 12
-0.1895732 0.0372876 -0.0023118139 234 88 12
-0.15538096 0.02520657 0.010474243 234 88 12
-0.058729565 -0.0099798976 0.0456097 234 88 12
-0.0086479172 -0.028839843 0.067039962 234 88 12
0.060679978 -0.039612786 0.10094201 234 88 12
0.065523203 -0.039574626 0.103467 234 88 12
0.096561931 -0.039799856 0.11993255 234 88 12
0.11478463 -0.040848911 0.13008878 234 88 12
0.15631883 -0.045053259 0.15418323 234 88 12
0.21051357 -0.044858827 0.18279984 234 88 12
-0.36224188 0.17727695 -0.0418622 234 88 12
-0.36048861 0.17539699 -0.041654751 234 88 12
-0.29966371 0.11998435 -0.031221781 234 88 12
-0.26221943 0.085084026 -0.026364307 234 88 12
-0.17822923 0.034874298 7.3199218e-05 234 88 12
-0.15153142 0.025561843 0.0098378646 234 88 12
-0.1142171 0.011718345 0.022062863 234 88 12
-0.11151468 0.010759171 0.023026805 234 88 12
-0.10327392 0.0078244422 0.026054396 234 88 12
-0.057446489 -0.0086387572 0.043995916 234 88 12
-0.042896476 -0.014157137 0.049708784 234 88 12
-0.037400412 -0.01631688 0.051985807 234 88 12
0.020656379 -0.035012759 0.079052622 234 88 12
0.11149251 -0.040270875 0.12493863 234 88 12
-0.31000255 0.1325294 -0.034207064 234 88 12
-0.2917653 0.11641589 -0.031482896 234 88 12
-0.28774552 0.11284496 -0.031005216 234 88 12
-0.28370727 0.10926199 -0.030456019 234 88 12
-0.099052272 0.0083291728 0.025761533 234 88 12
-0.093482012 0.0063338427 0.027803981 234 88 12
-0.0064977089 -0.026527326 0.063105986 234 88 12
0.071336194 -0.038309688 0.10052725 234 88 12
0.097138344 -0.038900726 0.11386392 234 88 12
0.11890429 -0.040420626 0.12583125 234 88 12
0.14102344 -0.042748165 0.13843313 234 88 12
0.19702774 -0.045528867 0.16896966 234 88 12
-0.37318504 0.19858649 -0.045464981 234 88 12
-0.34587559 0.1683748 -0.041462247 234 88 12
-0.31216657 0.13786845 -0.035720191 234 88 12
-0.1508922 0.028973641 0.0063095331 234 88 12
-0.11906167 0.017375633 0.016671671 234 88 12
-0.040424649 -0.011485433 0.046417199 234 88 12
-0.016249316 -0.021298868 0.056524991 234 88 12
0.019048013 -0.032109039 0.073120899 234 88 12
0.048513016 -0.037122688 0.086566597 234 88 12
0.16131033 -0.044312152 0.14678854 234 88 12
-0.31231999 0.14150377 -0.036894415 234 88 12
-0.19063337 0.045549224 -0.010818586 234 88 12
-0.1881924 0.044534768 -0.0099359872 234 88 12
-0.15646606 0.032791224 0.00243559 234 88 12
-0.10166442 0.013290897 0.021236509 234 88 12
-0.096122216 0.011393128 0.02324374 234 88 12
-0.044741244 -0.0078245015 0.042696535 234 88 12
-0.015036713 -0.019999385 0.054806043 234 88 12
0.010399285 -0.028572006 0.06645564 234 88 12
0.1789193 -0.044874164 0.15289572 234 88 12
-0.35828652 0.18914425 -0.046213564 234 88 12
-0.32860716 0.15968899 -0.040751279 234 88 12
-0.1234941 0.022982148 0.01178106 234 88 12
-0.057787777 -0.000642461 0.03568378 234 88 12
0.024232589 -0.030773256 0.07067925 234 88 12
0.077169521 -0.036427991 0.094658152 234 88 12
0.19755569 -0.044852673 0.1591031 234 88 12
-0.35803987 0.19307025 -0.047390074 234 88 12
-0.35465545 0.18927698 -0.046859308 234 88 12
-0.33059597 0.16537996 -0.042481996 234 88 12
-0.26809984 0.10990112 -0.033289973 234 88 12
-0.16767772 0.040743141 -0.0058212597 234 88 12
-0.11710009 0.02261261 0.012298841 234 88 12
-0.11461433 0.021738759 0.013162362 234 88 12
-0.10144015 0.017233501 0.017675795 234 88 12
-0.02055457 -0.014116518 0.047979766 234 88 12
-0.0019611217 -0.021624311 0.056019014 234 88 12
0.086336741 -0.036153585 0.096173475 234 88 12
0.10947928 -0.037698558 0.10800945 234 88 12
0.12368638 -0.039014544 0.11583295 234 88 12
0.17075892 -0.043669727 0.14175611 234 88 12
-0.36413207 0.20456529 -0.0491351 234 88 12
-0.33249372 0.17111835 -0.044164643 234 88 12
-0.30861942 0.14905453 -0.039882786 234 88 12
-0.17101983 0.044093694 -0.0090380296 234 88 12
-0.14920662 0.036101164 -0.00045305919 234 88 12
-0.12289525 0.02677891 0.0085825 234 88 12
-0.12045925 0.02589867 0.0094001738 234 88 12
-0.11558603 0.02410629 0.011095731 234 88 12
-0.11054005 0.022361346 0.012717073 234 88 12
-0.097174269 0.017843455 0.017325434 234 88 12
0.12398468 -0.038633016 0.11282641 234 88 12
0.12758533 -0.038995904 0.11469602 234 88 12
0.18875027 -0.044099794 0.14783105 234 88 12
0.20310007 -0.044261945 0.15479544 234 88 12
0.20800816 -0.044333251 0.15715949 234 88 12
-0.34364662 0.18596211 -0.047560106 234 88 12
-0.32280709 0.16573512 -0.043527341 234 88 12
-0.29236921 0.1384419 -0.038863433 234 88 12
-0.27611622 0.12463223 -0.036677511 234 88 12
-0.25628312 0.10674063 -0.034206627 234 88 12
-0.12864354 0.030884819 0.0050498089 234 88 12
-0.11892699 0.027402058 0.0081320589 234 88 12
-0.095678799 0.019386382 0.016106985 234 88 12
-0.059442482 0.0059999624 0.029235171 234 88 12
-0.050771477 0.0025837582 0.032309912 234 88 12
0.048412476 -0.031966155 0.073626062 234 88 12
0.060587487 -0.033535082 0.078840468 234 88 12
0.082606527 -0.034936893 0.088846241 234 88 12
0.15068042 -0.040950024 0.12402192 234 88 12
0.19365654 -0.04395866 0.14687401 234 88 12
0.24123939 -0.045581723 0.1700004 234 88 12
0.25910293 -0.046688692 0.17928674 234 88 12
-0.33794361 0.1844352 -0.04781779 234 88 12
-0.30862941 0.15679307 -0.042173991 234 88 12
-0.30660926 0.15494087 -0.041872247 234 88 12
-0.15285259 0.041734241 -0.0055447959 234 88 12
-0.13181025 0.034073389 0.0023106113 234 88 12
-0.11245487 0.027202476 0.0085923762 234 88 12
-0.03280741 -0.0031240792 0.037007004 234 88 12
0.18915425 -0.04350666 0.14112563 234 88 12
0.22777669 -0.044627084 0.15990311 234 88 12
0.23239909 -0.044928104 0.16223264 234 88 12
-0.3396601 0.19005483 -0.049352399 234 88 12
-0.32264144 0.17352689 -0.046026729 234 88 12
-0.3187066 0.16980491 -0.045219696 234 88 12
-0.28827767 0.14250004 -0.040378196 234 88 12
-0.26990078 0.1270943 -0.03796572 234 88 12
-0.25029101 0.10937107 -0.03570873 234 88 12
-0.24839701 0.10748144 -0.035502779 234 88 12
-0.13015792 0.035625189 0.0010966399 234 88 12
-0.087209439 0.020691633 0.015658707 234 88 12
-0.073532817 0.015546295 0.020505392 234 88 12
-0.070761938 0.014490484 0.021492651 234 88 12
0.0084815907 -0.018600703 0.0513419 234 88 12
0.029437795 -0.025230531 0.060674953 234 88 12
0.032708615 -0.026060737 0.061999253 234 88 12
0.25896128 -0.047563853 0.17228851 234 88 12
-0.29631669 0.15353995 -0.042592373 234 88 12
-0.28819259 0.14636758 -0.041545673 234 88 12
-0.27799243 0.13762975 -0.039987678 234 88 12
-0.12848384 0.037187969 -0.00015342927 234 88 12
-0.10408088 0.028738798 0.0077680433 234 88 12
-0.098910785 0.026986769 0.0096164103 234 88 12
0.0097674772 -0.01725707 0.049513655 234 88 12
0.01258698 -0.018255581 0.050690982 234 88 12
0.10356723 -0.034469285 0.090470095 234 88 12
0.17616935 -0.042031217 0.12783026 234 88 12
0.1988482 -0.043435681 0.13920496 234 88 12
0.21335055 -0.043919656 0.14622414 234 88 12
-0.34939095 0.20869979 -0.053009761 234 88 12
-0.34772796 0.20687243 -0.0528142 234 88 12
-0.33739625 0.19582818 -0.051344273 234 88 12
-0.30444706 0.1647369 -0.044965001 234 88 12
-0.25381405 0.12119677 -0.037894997 234 88 12
0.10391505 -0.033830117 0.087773489 234 88 12
0.22305041 -0.044509824 0.14790374 234 88 12
-0.27837169 0.14495096 -0.041841316 234 88 12
-0.15569445 0.05249029 -0.014192465 234 88 12
-0.12269263 0.039515774 -0.0018430545 234 88 12
-0.11308512 0.036132183 0.0012951049 234 88 12
-0.079648228 0.024465265 0.012774739 234 88 12
-0.074265713 0.022409191 0.014594825 234 88 12
-0.024860001 0.0014725548 0.031395332 234 88 12
0.25896465 -0.048141535 0.1624804 234 88 12
-0.33325411 0.19975766 -0.052982622 234 88 12
-0.30206144 0.17083702 -0.046873659 234 88 12
-0.28034005 0.15065398 -0.043066297 234 88 12
-0.12324922 0.042022996 -0.0038483497 234 88 12
-0.072625082 0.023957477 0.013235749 234 88 12
-0.028864318 0.0054104016 0.027989083 234 88 12
0.21362268 -0.043728554 0.13666863 234 88 12
-0.35291372 0.22459048 -0.056182166 234 88 12
-0.3218728 0.19274493 -0.052015617 234 88 12
-0.31794108 0.18918223 -0.051289258 234 88 12
-0.31196723 0.18389817 -0.050112541 234 88 12
-0.24528759 0.12644986 -0.039495722 234 88 12
-0.022122221 0.0042561653 0.028193225 234 88 12
0.012263734 -0.011010904 0.041431275 234 88 12
0.07080739 -0.027099441 0.064877769 234 88 12
0.094205601 -0.030363022 0.075076574 234 88 12
0.28156793 -0.052593175 0.16640402 234 88 12
-0.33077123 0.20560806 -0.054827667 234 88 12
-0.23723856 0.1238424 -0.039479219 234 88 12
-0.074416913 0.029287651 0.0088834939 234 88 12
-0.0074510593 -0.00035770357 0.03152624 234 88 12
0.075602753 -0.0266762 0.064400345 234 88 12
0.094823966 -0.029529424 0.072569094 234 88 12
0.1092714 -0.031643115 0.078865153 234 88 12
0.15252831 -0.037821732 0.099917935 234 88 12
0.23714177 -0.045416185 0.14222596 234 88 12
-0.35507414 0.23503807 -0.058096686 234 88 12
-0.35193485 0.23167803 -0.057957309 234 88 12
-0.27167273 0.15558077 -0.043784228 234 88 12
-0.24551814 0.13448472 -0.040778245 234 88 12
-0.2405807 0.13154187 -0.040522056 234 88 12
-0.13620682 0.054479979 -0.013827021 234 88 12
-0.062265835 0.026582144 0.011006208 234 88 12
-0.029815986 0.012301972 0.021655913 234 88 12
0.0017765894 -0.0024965524 0.032878729 234 88 12
0.017902547 -0.0092847818 0.039191946 234 88 12
0.061865997 -0.022818255 0.056138471 234 88 12
0.10627288 -0.030351404 0.07493153 234 88 12
0.13079431 -0.034207986 0.086340551 234 88 12
0.23714035 -0.045267804 0.13913317 234 88 12
-0.36516406 0.25065961 -0.058918863 234 88 12
-0.33151236 0.21513911 -0.057040497 234 88 12
-0.32978578 0.21338349 -0.056851889 234 88 12
-0.30069217 0.18726634 -0.051320641 234 88 12
-0.28554108 0.17510433 -0.048266187 234 88 12
-0.27911038 0.16999091 -0.046909091 234 88 12
-0.27505882 0.16655353 -0.046208245 234 88 12
-0.24131385 0.13515492 -0.040861938 234 88 12
-0.15782349 0.068480783 -0.0234328 234 88 12
-0.14361297 0.060873526 -0.018221064 234 88 12
-0.07337989 0.033660935 0.0057276023 234 88 12
-0.06819807 0.031560051 0.007386056 234 88 12
-0.025632754 0.012554134 0.021119668 234 88 12
0.16883782 -0.038859722 0.10208284 234 88 12
0.25429084 -0.047355274 0.14467753 234 88 12
-0.35558085 0.24391566 -0.05974413 234 88 12
-0.34433906 0.232244 -0.059258975 234 88 12
-0.25460024 0.1504762 -0.042863353 234 88 12
-0.16900838 0.07926655 -0.028174161 234 88 12
-0.14392191 0.064119359 -0.019866465 234 88 12
-0.074185064 0.036300626 0.0037138101 234 88 12
-0.058805703 0.029823669 0.0085191451 234 88 12
-0.00054412021 0.0028719043 0.02790136 234 88 12
0.11097021 -0.02939151 0.071525963 234 88 12
0.15731254 -0.036869388 0.093376878 234 88 12
0.28376199 -0.053889709 0.15564097 234 88 12
-0.32873979 0.2209139 -0.058687197 234 88 12
-0.32529309 0.21750578 -0.058286182 234 88 12
-0.30801784 0.20226841 -0.055419181 234 88 12
-0.29937789 0.19568216 -0.053577128 234 88 12
-0.24979979 0.15495578 -0.043766325 234 88 12
-0.23101575 0.13774849 -0.041390493 234 88 12
-0.077595832 0.039837837 0.00099410428 234 88 12
-0.069788663 0.036947716 0.0033502118 234 88 12
-0.054592092 0.030292191 0.0079489737 234 88 12
-0.052038418 0.029146575 0.0087389268 234 88 12
-0.025354157 0.01691657 0.017620081 234 88 12
0.082962158 -0.02316007 0.057031189 234 88 12
0.086638104 -0.023866139 0.058437211 234 88 12
0.093936424 -0.025313088 0.061392945 234 88 12
0.14273166 -0.034140781 0.083204727 234 88 12
0.21436415 -0.04210289 0.11821265 234 88 12
0.26192824 -0.048516602 0.14228816 234 88 12
-0.35776281 0.25465896 -0.061721971 234 88 12
-0.29636242 0.19818272 -0.054141079 234 88 12
-0.17516984 0.092382737 -0.032198155 234 88 12
-0.11885588 0.058071205 -0.014136238 234 88 12
-0.088379406 0.046074237 -0.0041098337 234 88 12
-0.057905571 0.034184352 0.0052405265 234 88 12
0.037943596 -0.0089054186 0.03776708 234 88 12
0.047065985 -0.012089321 0.041076484 234 88 12
0.17368867 -0.038008995 0.095536885 234 88 12
0.18207502 -0.038917394 0.099581499 234 88 12
0.19091289 -0.039676427 0.10365362 234 88 12
0.26547024 -0.049148393 0.14102475 234 88 12
-0.36053094 0.26158968 -0.062570632 234 88 12
-0.31126868 0.21331826 -0.058110468 234 88 12
-0.30020579 0.20544475 -0.056072677 234 88 12
-0.26813945 0.18291014 -0.048147916 234 88 12
-0.24562021 0.16243814 -0.043953061 234 88 12
-0.21618534 0.13440593 -0.040523327 234 88 12
-0.21424788 0.13260635 -0.040232689 234 88 12
-0.20646892 0.12541269 -0.039000877 234 88 12
-0.11905839 0.061071639 -0.015776445 234 88 12
-0.10752659 0.056107554 -0.01202722 234 88 12
-0.098110638 0.052373173 -0.0091096286 234 88 12
-0.051294547 0.033433451 0.0054620101 234 88 12
-0.032963474 0.025084577 0.011188758 234 88 12
-0.0066523205 0.012239643 0.01952367 234 88 12
0.045304709 -0.0096655205 0.0381804 234 88 12
0.051478222 -0.011792988 0.040343774 234 88 12
0.098982495 -0.024212367 0.058340305 234 88 12
0.10938051 -0.02636287 0.062733727 234 88 12
0.21434127 -0.041507192 0.11215427 234 88 12
-0.33721766 0.24167052 -0.06235964 234 88 12
-0.32354679 0.22865032 -0.060919837 234 88 12
-0.32176872 0.22700767 -0.060743516 234 88 12
-0.24093621 0.16357661 -0.043783057 234 88 12
-0.20789732 0.13163362 -0.039852565 234 88 12
-0.107747 0.058983643 -0.013766802 234 88 12
-0.093727087 0.053278423 -0.009342186 234 88 12
-0.031407928 0.026635101 0.0096599917 234 88 12
-0.028785789 0.025376771 0.010479966 234 88 12
-0.020938137 0.021509956 0.013116822 234 88 12
-0.018333833 0.02018491 0.013927739 234 88 12
0.007763879 0.0075699951 0.022445818 234 88 12
0.068788839 -0.015491365 0.044002039 234 88 12
0.07885117 -0.018228291 0.047850939 234 88 12
0.1234585 -0.028518004 0.065992514 234 88 12
0.12678654 -0.029220529 0.067472607 234 88 12
0.27873188 -0.052589305 0.14136468 234 88 12
-0.3566001 0.26533234 -0.064384952 234 88 12
-0.34677264 0.25523899 -0.063954816 234 88 12
-0.34174254 0.25021416 -0.06368366 234 88 12
-0.32465458 0.2340089 -0.061956397 234 88 12
-0.2638636 0.19028541 -0.04864927 234 88 12
-0.24851243 0.17674411 -0.044969256 234 88 12
-0.2237604 0.15235427 -0.042558163 234 88 12
-0.20922471 0.13797496 -0.040624559 234 88 12
-0.18271468 0.11239304 -0.036458069 234 88 12
-0.070084229 0.0466807 -0.0034916694 234 88 12
0.13400761 -0.02996333 0.067880513 234 88 12
0.25678203 -0.047175265 0.12769065 234 88 12
0.27145906 -0.050561485 0.13490778 234 88 12
0.27819312 -0.052528881 0.13808614 234 88 12
-0.31693078 0.23117495 -0.061893654 234 88 12
-0.30095656 0.21871277 -0.059618614 234 88 12
-0.14910398 0.089122882 -0.030152824 234 88 12
-0.12410811 0.073288599 -0.02245327 234 88 12
-0.11262902 0.06723237 -0.018578824 234 88 12
-0.10344046 0.062908088 -0.015680346 234 88 12
-0.080291185 0.053245345 -0.0085001961 234 88 12
-0.041158962 0.035892553 0.0030374002 234 88 12
-0.012863744 0.021938112 0.011610491 234 88 12
0.0028021142 0.014304999 0.016552804 234 88 12
0.0054276205 0.013072772 0.017376432 234 88 12
0.061581949 -0.0096337641 0.036758284 234 88 12
0.18269901 -0.037088125 0.087815982 234 88 12
-0.35772427 0.27417665 -0.066524819 234 88 12
-0.35266639 0.26906906 -0.066127823 234 88 12
-0.34087832 0.2574685 -0.065542978 234 88 12
-0.33744619 0.25417516 -0.065297212 234 88 12
-0.29808236 0.22109459 -0.060153785 234 88 12
-0.26828458 0.20369716 -0.051911741 234 88 12
-0.23719558 0.17734957 -0.044216489 234 88 12
-0.22525084 0.16515142 -0.043523879 234 88 12
-0.20061283 0.13967434 -0.040583376 234 88 12
-0.19505814 0.1340106 -0.039743918 234 88 12
-0.1800328 0.11924682 -0.037659972 234 88 12
-0.15766996 0.099636868 -0.033304673 234 88 12
-0.15126301 0.094656889 -0.031813258 234 88 12
-0.14258823 0.088386495 -0.02970697 234 88 12
-0.10127728 0.064912796 -0.016655762 234 88 12
-0.089711024 0.059847721 -0.013162279 234 88 12
-0.054058237 0.044778307 -0.0024744667 234 88 12
-0.049310832 0.042383298 -0.0010655181 234 88 12
-0.0010177504 0.018356404 0.013247269 234 88 12
0.025222588 0.0062718595 0.022089244 234 88 12
0.095451934 -0.018376416 0.046416774 234 88 12
0.098842364 -0.019337277 0.047690457 234 88 12
0.19129679 -0.037643155 0.088840857 234 88 12
0.27039967 -0.050353134 0.12832592 234 88 12
-0.32650691 0.2480814 -0.064846597 234 88 12
-0.28195084 0.21651874 -0.057280713 234 88 12
-0.27204283 0.21083757 -0.054316109 234 88 12
-0.23423454 0.18015815 -0.04437039 234 88 12
-0.11057719 0.072626578 -0.021415319 234 88 12
-0.05468385 0.047567469 -0.0042772633 234 88 12
-0.015036871 0.027611764 0.0070794832 234 88 12
0.010862422 0.014853623 0.015034207 234 88 12
0.10640815 -0.020253176 0.048137937 234 88 12
0.23547717 -0.04304716 0.10800841 234 88 12
0.27952865 -0.053394364 0.12962782 234 88 12
-0.32053478 0.24694754 -0.064990973 234 88 12
-0.28944816 0.22451137 -0.060490023 234 88 12
-0.25994239 0.20739242 -0.051811576 234 88 12
-0.25384694 0.20266325 -0.049844379 234 88 12
-0.19037928 0.13929037 -0.040565845 234 88 12
-0.13384135 0.089989957 -0.030056604 234 88 12
-0.11303127 0.077290045 -0.023782556 234 88 12
-0.10152557 0.071240139 -0.020278219 234 88 12
-0.067088907 0.055779736 -0.0096183829 234 88 12
-0.00072665509 0.02259577 0.0091575518 234 88 12
0.017592103 0.013899806 0.015079055 234 88 12
0.028093127 0.0092297238 0.018623717 234 88 12
0.036388162 0.0058494728 0.021450947 234 88 12
0.071654909 -0.0077029208 0.032788574 234 88 12
0.090863744 -0.014139225 0.039525035 234 88 12
0.18325525 -0.035749679 0.079110918 234 88 12
0.21802958 -0.040353939 0.096182821 234 88 12
-0.24510633 0.20040125 -0.048498492 234 88 12
-0.21169222 0.16808681 -0.043361395 234 88 12
-0.19845587 0.15330392 -0.042174944 234 88 12
-0.1879829 0.14194432 -0.040912829 234 88 12
-0.12935636 0.090784953 -0.03015203 234 88 12
-0.10391234 0.075696444 -0.022640907 234 88 12
-0.092448581 0.069913325 -0.019143984 234 88 12
0.011125937 0.019028087 0.011013565 234 88 12
0.14390505 -0.028185955 0.058230105 234 88 12
0.24300694 -0.04404507 0.10592144 234 88 12
0.24699869 -0.044769542 0.10792168 234 88 12
0.25840402 -0.047133291 0.11370356 234 88 12
0.29279089 -0.059413363 0.12831816 234 88 12
0.30050138 -0.063583632 0.13074585 234 88 12
-0.31572397 0.2512668 -0.066218728 234 88 12
-0.26297195 0.21828478 -0.055094256 234 88 12
-0.25624385 0.21394288 -0.053048172 234 88 12
-0.24234647 0.20302046 -0.048819515 234 88 12
-0.19082723 0.15034232 -0.041805689 234 88 12
-0.14028611 0.10270378 -0.034103331 234 88 12
-0.13374125 0.097853519 -0.032592354 234 88 12
-0.12474631 0.091707465 -0.030362815 234 88 12
-0.1178717 0.08729929 -0.028170999 234 88 12
-0.094735064 0.074331766 -0.021618121 234 88 12
-0.085672721 0.06976664 -0.018556959 234 88 12
0.050640443 0.0043135365 0.021641856 234 88 12
0.077343414 -0.0062290705 0.029969858 234 88 12
0.13809315 -0.025805783 0.052854754 234 88 12
0.16489901 -0.03180934 0.064880098 234 88 12
0.25435336 -0.046024132 0.10870181 234 88 12
0.25800233 -0.046862504 0.11055035 234 88 12
-0.26253531 0.22213778 -0.056072223 234 88 12
-0.24349159 0.20875349 -0.05012785 234 88 12
-0.20977741 0.17700702 -0.043937461 234 88 12
-0.13791564 0.10519674 -0.034710714 234 88 12
-0.058741224 0.060124494 -0.012196591 234 88 12
-0.021292042 0.040230216 -0.0022948935 234 88 12
0.011553658 0.023331954 0.0070223305 234 88 12
0.014173012 0.022080283 0.0078785946 234 88 12
0.04366106 0.0091400204 0.017161572 234 88 12
0.10709873 -0.015110045 0.037889834 234 88 12
0.20052808 -0.036740633 0.078962707 234 88 12
0.25398164 -0.045713946 0.10564818 234 88 12
0.26792842 -0.049366252 0.11262794 234 88 12
0.29171745 -0.058796152 0.12179015 234 88 12
-0.31463957 0.25892355 -0.067952945 234 88 12
-0.27733315 0.23433514 -0.061262514 234 88 12
-0.24887894 0.21737218 -0.052981228 234 88 12
-0.20389355 0.17603877 -0.043862291 234 88 12
-0.17347582 0.14220507 -0.040827995 234 88 12
-0.056682952 0.061984693 -0.013283611 234 88 12
-0.0097619865 0.036490469 -0.00072402693 234 88 12
0.018364418 0.022413884 0.0070726415 234 88 12
0.1591858 -0.029190604 0.056654834 234 88 12
0.18427878 -0.033844554 0.068156573 234 88 12
0.2218453 -0.039599949 0.086610085 234 88 12
0.29394403 -0.059753506 0.11931894 234 88 12
-0.3395679 0.28527606 -0.072239668 234 88 12
-0.29797038 0.25096371 -0.066314317 234 88 12
-0.23272687 0.20908809 -0.049232658 234 88 12
-0.16190755 0.13529517 -0.04026561 234 88 12
-0.13748812 0.11365164 -0.036564126 234 88 12
-0.11552387 0.097553396 -0.031536536 234 88 12
0.019913885 0.023966109 0.0054922913 234 88 12
0.041222779 0.014343639 0.012028518 234 88 12
0.078411354 -0.00099898921 0.02331614 234 88 12
0.20073043 -0.035760623 0.073366434 234 88 12
0.20922955 -0.037076214 0.077520162 234 88 12
-0.26682387 0.23646607 -0.060509409 234 88 12
-0.20058822 0.18294975 -0.044447264 234 88 12
-0.16329605 0.14178176 -0.041062594 234 88 12
-0.1476509 0.12672899 -0.039175229 234 88 12
-0.11098129 0.098495411 -0.031643079 234 88 12
-0.09031698 0.085901041 -0.026304254 234 88 12
-0.063724997 0.071396243 -0.01846298 234 88 12
-0.054869521 0.066866654 -0.015959146 234 88 12
0.065266767 0.0065089652 0.017216784 234 88 12
0.1258379 -0.017574192 0.037360455 234 88 12
0.18106919 -0.032075021 0.061107532 234 88 12
0.28783312 -0.056113218 0.11134039 234 88 12
0.29844248 -0.061398854 0.11459559 234 88 12
-0.30505399 0.26462451 -0.06910381 234 88 12
-0.27412877 0.24457053 -0.063652054 234 88 12
-0.2169954 0.20445635 -0.047596061 234 88 12
-0.20148591 0.18901203 -0.044995652 234 88 12
-0.1947757 0.18185848 -0.044485197 234 88 12
-0.18167114 0.16708918 -0.043466075 234 88 12
-0.17666637 0.16145537 -0.042838201 234 88 12
-0.16641353 0.15012468 -0.041976975 234 88 12
-0.13495665 0.12034685 -0.038064986 234 88 12
-0.092634167 0.090839984 -0.028176683 234 88 12
-0.074658954 0.080714863 -0.023110181 234 88 12
-0.0072753136 0.042537682 -0.0057572261 234 88 12
0.012643141 0.031935769 -0.0005112681 234 88 12
0.028158738 0.024470664 0.0038660721 234 88 12
0.19679916 -0.034063049 0.065875737 234 88 12
0.2008769 -0.034739002 0.067872507 234 88 12
0.22968193 -0.039561622 0.08190165 234 88 12
-0.31239676 0.27462658 -0.071264785 234 88 12
-0.037547756 0.063204659 -0.015038436 234 88 12
0.0091395828 0.035988837 -0.0033556115 234 88 12
0.027093523 0.027214307 0.0015071144 234 88 12
0.18187022 -0.030839799 0.055935382 234 88 12
0.29266125 -0.057697949 0.10690779 234 88 12
0.29530901 -0.058979774 0.10771988 234 88 12
-0.31933089 0.28500447 -0.073254153 234 88 12
-0.29144725 0.26385681 -0.068708085 234 88 12
-0.25929241 0.24366519 -0.061957705 234 88 12
-0.22560487 0.2197991 -0.051756442 234 88 12
-0.21440182 0.21066012 -0.048858667 234 88 12
-0.20532214 0.20257229 -0.047083662 234 88 12
-0.16514234 0.15890875 -0.042943998 234 88 12
-0.14681119 0.13983733 -0.041580335 234 88 12
-0.097199799 0.10131708 -0.032236535 234 88 12
-0.090456115 0.097017495 -0.030405444 234 88 12
0.075503044 0.0080497336 0.013463186 234 88 12
0.098713985 -0.0022360766 0.020458794 234 88 12
0.14697094 -0.020974941 0.037856868 234 88 12
0.16244526 -0.025535693 0.044378338 234 88 12
-0.34122559 0.30890837 -0.077045011 234 88 12
-0.32997545 0.29897285 -0.075908374 234 88 12
-0.32620259 0.29568524 -0.075301954 234 88 12
-0.31505295 0.28585971 -0.073650476 234 88 12
-0.30730255 0.27956859 -0.072386813 234 88 12
-0.29925994 0.27354474 -0.070889247 234 88 12
-0.23117829 0.22803308 -0.054796862 234 88 12
-0.17106085 0.17086255 -0.044407649 234 88 12
-0.16108406 0.15950908 -0.043311007 234 88 12
-0.10620669 0.1113513 -0.035704179 234 88 12
-0.023028384 0.059792936 -0.014961589 234 88 12
0.26550612 -0.046368792 0.090797989 234 88 12
0.27198811 -0.04836519 0.093575134 234 88 12
-0.31445778 0.28999352 -0.074569249 234 88 12
-0.29253744 0.27325623 -0.070735398 234 88 12
-0.29046283 0.2718385 -0.070355743 234 88 12
-0.202627 0.20887934 -0.048401667 234 88 12
-0.18012444 0.18623913 -0.045854345 234 88 12
-0.1703085 0.17525194 -0.045090263 234 88 12
-0.15518825 0.15826914 -0.043723632 234 88 12
-0.1516151 0.15450773 -0.043618727 234 88 12
0.12237385 -0.0087484997 0.023831021 234 88 12
0.21303517 -0.034533772 0.062568903 234 88 12
0.2248784 -0.036803243 0.068311054 234 88 12
0.29473609 -0.057222192 0.098566131 234 88 12
-0.32526935 0.30407795 -0.077026133 234 88 12
-0.30225382 0.28466308 -0.073571246 234 88 12
-0.28374095 0.27155855 -0.070277922 234 88 12
-0.25693806 0.25391868 -0.064882752 234 88 12
-0.2059264 0.21583702 -0.050090676 234 88 12
-0.19857005 0.20952022 -0.048658443 234 88 12
-0.18110196 0.19225145 -0.046501646 234 88 12
-0.15456589 0.16264546 -0.044367429 234 88 12
-0.15105995 0.15890657 -0.044267989 234 88 12
-0.12953504 0.13841084 -0.041898717 234 88 12
-0.055140782 0.086991344 -0.025570736 234 88 12
0.023156502 0.038318756 -0.007355656 234 88 12
0.10571068 0.00012670939 0.01585723 234 88 12
0.10869572 -0.0011790612 0.016786716 234 88 12
0.21689744 -0.034722945 0.061706263 234 88 12
0.22082082 -0.035491885 0.063593193 234 88 12
0.25477468 -0.04247048 0.080118855 234 88 12
-0.33240949 0.31507483 -0.078734672 234 88 12
-0.313286 0.29837736 -0.076170561 234 88 12
-0.30761242 0.29348529 -0.075350021 234 88 12
-0.29974806 0.28723496 -0.074162519 234 88 12
-0.16882003 0.18383158 -0.046542122 234 88 12
-0.15385965 0.16703419 -0.045215432 234 88 12
-0.12930569 0.14283391 -0.042898009 234 88 12
-0.11244037 0.12864537 -0.040767455 234 88 12
0.048061325 0.028332968 -0.0029302428 234 88 12
0.17124161 -0.024023308 0.037412305 234 88 12
0.28895934 -0.053539429 0.090821739 234 88 12
-0.30891885 0.29930891 -0.076411643 234 88 12
-0.2305806 0.24345827 -0.060001213 234 88 12
-0.21674975 0.23239583 -0.055897096 234 88 12
-0.21298118 0.22933288 -0.054665232 234 88 12
-0.16147425 0.18073389 -0.046760605 234 88 12
-0.15645976 0.17513543 -0.0462719 234 88 12
-0.11218445 0.13285202 -0.041926434 234 88 12
-0.096845742 0.12126906 -0.039009992 234 88 12
-0.083420599 0.11198308 -0.035903368 234 88 12
-0.068012087 0.10211762 -0.032045486 234 88 12
-0.04022089 0.084608323 -0.025369571 234 88 12
-0.0065183769 0.061126673 -0.018056233 234 88 12
0.055088291 0.027160733 -0.0031035987 234 88 12
0.074830336 0.018395137 0.0024766498 234 88 12
0.080382738 0.015788207 0.0040114936 234 88 12
0.091264638 0.010432399 0.0070145375 234 88 12
0.12599298 -0.0054124079 0.017961976 234 88 12
0.18122031 -0.025776154 0.039128438 234 88 12
0.19834884 -0.029668994 0.047150241 234 88 12
0.20935253 -0.031996332 0.052510961 234 88 12
-0.32964568 0.32222782 -0.080202712 234 88 12
-0.32578529 0.31883013 -0.079621752 234 88 12
-0.32387338 0.31714482 -0.079423549 234 88 12
-0.24551075 0.25814999 -0.065671913 234 88 12
-0.19540514 0.21952352 -0.051293234 234 88 12
-0.16405587 0.18855101 -0.047884442 234 88 12
-0.12047562 0.14422281 -0.043950652 234 88 12
0.025617797 0.04434064 -0.012485598 234 88 12
0.084652637 0.015700686 0.0030421974 234 88 12
0.13006097 -0.0055950179 0.017035029 234 88 12
0.1695805 -0.021485873 0.031533577 234 88 12
0.18179585 -0.025025804 0.036702112 234 88 12
0.20952853 -0.03141711 0.049896937 234 88 12
0.26113712 -0.042828398 0.074591043 234 88 12
-0.31164945 0.31136182 -0.078377477 234 88 12
-0.30576041 0.3063199 -0.077481281 234 88 12
-0.24547863 0.26214364 -0.066873307 234 88 12
-0.23034873 0.25134759 -0.06287571 234 88 12
-0.17692002 0.20679916 -0.049576903 234 88 12
-0.16999555 0.19986956 -0.048952707 234 88 12
-0.096582028 0.12958476 -0.041655437 234 88 12
-0.094350766 0.12794902 -0.041237464 234 88 12
0.052895283 0.03248661 -0.0076826214 234 88 12
0.066723183 0.026113142 -0.0038476958 234 88 12
0.069561717 0.024851125 -0.0030725573 234 88 12
0.11685555 0.0021596102 0.01038985 234 88 12
0.182414 -0.024192049 0.034332483 234 88 12
0.20978395 -0.030761996 0.047138965 234 88 12
0.2471035 -0.038702156 0.06514891 234 88 12
0.294257 -0.054132965 0.083484263 234 88 12
-0.3209044 0.32464703 -0.080663507 234 88 12
-0.29350856 0.30093868 -0.076503068 234 88 12
-0.2790989 0.290218 -0.074099726 234 88 12
-0.16264734 0.1968833 -0.049309787 234 88 12
-0.10293265 0.13881325 -0.04387164 234 88 12
-0.039974509 0.095181264 -0.029887391 234 88 12
0.079583942 0.022251293 -0.0024637882 234 88 12
0.18001219 -0.022449755 0.030645547 234 88 12
0.1862094 -0.024192912 0.033465477 234 88 12
0.19274885 -0.0258773 0.036410998 234 88 12
0.20297922 -0.028399858 0.041192942 234 88 12
0.29151189 -0.052295956 0.079852628 234 88 12
0.29429578 -0.05344935 0.080683368 234 88 12
-0.28271327 0.29754225 -0.075588965 234 88 12
-0.19974945 0.23572396 -0.056245729 234 88 12
-0.14194571 0.17915131 -0.048765063 234 88 12
-0.12566156 0.1628093 -0.047849282 234 88 12
-0.098329219 0.13968559 -0.044339505 234 88 12
-0.078298468 0.12489984 -0.040328536 234 88 12
-0.063084386 0.11435867 -0.036960592 234 88 12
-0.011382711 0.077530469 -0.025708162 234 88 12
0.064480136 0.031452107 -0.0085411449 234 88 12
0.06725352 0.030159893 -0.007738156 234 88 12
0.072844775 0.027591509 -0.006228811 234 88 12
0.075629525 0.026265616 -0.0054667265 234 88 12
0.10816869 0.0099633894 0.0034882445 234 88 12
0.13372655 -0.0021418653 0.011452044 234 88 12
0.24729205 -0.037376796 0.059535638 234 88 12
0.26772872 -0.042947476 0.068881012 234 88 12
-0.31982689 0.33425497 -0.082194077 234 88 12
-0.043655623 0.10521051 -0.033710879 234 88 12
-0.035490714 0.099417411 -0.031917228 234 88 12
0.074472061 0.028965999 -0.0077391763 234 88 12
0.088123885 0.02220698 -0.0040478912 234 88 12
0.098744958 0.016615926 -0.001217775 234 88 12
0.21428638 -0.02938301 0.041188596 234 88 12
0.26129264 -0.04027057 0.063231314 234 88 12
-0.31135635 0.33213373 -0.081530272 234 88 12
-0.2953742 0.31827891 -0.078886442 234 88 12
-0.21523488 0.25628254 -0.063711266 234 88 12
-0.11482651 0.16245161 -0.048569843 234 88 12
-0.10424125 0.15349868 -0.047196763 234 88 12
-0.013304983 0.086244516 -0.029117572 234 88 12
0.027144669 0.056846031 -0.020923564 234 88 12
0.059586601 0.038316497 -0.013519893 234 88 12
0.084200599 0.026244612 -0.0070547806 234 88 12
0.16817382 -0.014409897 0.018800904 234 88 12
-0.26436258 0.29847144 -0.074554805 234 88 12
-0.20886584 0.25553755 -0.063121992 234 88 12
-0.1619237 0.21493139 -0.052884729 234 88 12
-0.14006968 0.19185648 -0.051325047 234 88 12
-0.062467529 0.12586257 -0.041000108 234 88 12
-0.0053919037 0.083342334 -0.02919647 234 88 12
0.033556601 0.055620165 -0.021223091 234 88 12
0.085699307 0.027534899 -0.0085918821 234 88 12
0.11240501 0.013672907 -0.0014559705 234 88 12
0.18571293 -0.019864389 0.023029688 234 88 12
0.25133341 -0.036210683 0.052673709 234 88 12
-0.29590957 0.32983805 -0.080107135 234 88 12
-0.26570419 0.30440125 -0.075345264 234 88 12
-0.25766422 0.29823019 -0.07429297 234 88 12
-0.20860789 0.25957927 -0.064520966 234 88 12
-0.18846851 0.24395631 -0.058481422 234 88 12
-0.18459247 0.24077499 -0.057514556 234 88 12
-0.17532 0.23265124 -0.055638845 234 88 12
-0.15118465 0.2085811 -0.053143985 234 88 12
-0.10796625 0.1656278 -0.049941946 234 88 12
-0.021178895 0.099569857 -0.033271568 234 88 12
0.05496786 0.045677322 -0.018161401 234 88 12
0.071130157 0.037072697 -0.014381661 234 88 12
0.17516911 -0.014561891 0.016524207 234 88 12
0.19856157 -0.022677633 0.025952405 234 88 12
0.21185181 -0.026252847 0.031888884 234 88 12
0.24063907 -0.03311567 0.045155666 234 88 12
-0.29314409 0.33310835 -0.080278051 234 88 12
-0.26301916 0.30736583 -0.075510731 234 88 12
-0.24489976 0.29326619 -0.073162858 234 88 12
-0.19811905 0.25582076 -0.062516268 234 88 12
-0.17665623 0.2383219 -0.057196971 234 88 12
-0.14062082 0.20202884 -0.053369845 234 88 12
-0.13035267 0.1912155 -0.052751778 234 88 12
-0.11967378 0.18042969 -0.05224206 234 88 12
0.0085869151 0.07927938 -0.029782829 234 88 12
0.070032412 0.039972194 -0.016587831 234 88 12
0.10975684 0.018854042 -0.0061159218 234 88 12
0.14753892 6.9262518e-05 0.0052575045 234 88 12
0.28132835 -0.043634107 0.059426041 234 88 12
-0.25833486 0.30876668 -0.075405561 234 88 12
-0.2422974 0.29609198 -0.073469644 234 88 12
-0.19375631 0.25681622 -0.062659961 234 88 12
-0.17625105 0.24233615 -0.058317826 234 88 12
-0.16540169 0.23238351 -0.056476848 234 88 12
-0.12978339 0.19537466 -0.053615855 234 88 12
-0.12803926 0.19358028 -0.053564931 234 88 12
-0.11541013 0.18109299 -0.052972572 234 88 12
-0.096764208 0.16525322 -0.050880738 234 88 12
-0.0346548 0.11745023 -0.038942985 234 88 12
-0.013209363 0.10046811 -0.034647468 234 88 12
0.016650365 0.076510925 -0.029666729 234 88 12
0.12187145 0.014749619 -0.0045500684 234 88 12
0.1716277 -0.0099524724 0.010521167 234 88 12
0.21619476 -0.025494658 0.028458714 234 88 12
0.2845815 -0.044092369 0.057713328 234 88 12
-0.29790643 0.34844375 -0.082454855 234 88 12
-0.29376314 0.34498099 -0.081637773 234 88 12
-0.27964204 0.33265822 -0.079179803 234 88 12
-0.19143591 0.25933616 -0.063411133 234 88 12
-0.179715 0.24977114 -0.060447267 234 88 12
-0.17591512 0.24645372 -0.059565751 234 88 12
-0.14442794 0.21557435 -0.055535043 234 88 12
-0.13270229 0.20312378 -0.054919557 234 88 12
-0.079373136 0.1554229 -0.049682097 234 88 12
-0.036551083 0.12266158 -0.040756749 234 88 12
-0.034524584 0.12112634 -0.040328447 234 88 12
-0.030534331 0.11802862 -0.039615684 234 88 12
-0.015049852 0.10553254 -0.036459389 234 88 12
0.045154657 0.059549636 -0.025220069 234 88 12
0.13661589 0.0092470767 -0.0023983546 234 88 12
-0.27290905 0.33240044 -0.078988494 234 88 12
-0.26905656 0.32879731 -0.078417413 234 88 12
-0.24107343 0.30501741 -0.07463677 234 88 12
-0.10458344 0.18079228 -0.054291834 234 88 12
-0.098263773 0.17548886 -0.053435359 234 88 12
-0.096156303 0.17368928 -0.053161644 234 88 12
-0.081362926 0.16131792 -0.051368705 234 88 12
-0.011135277 0.10593411 -0.03721436 234 88 12
0.00038428055 0.096416379 -0.035523127 234 88 12
0.10856948 0.025442472 -0.012142641 234 88 12
0.11116773 0.024048339 -0.011391551 234 88 12
0.11907878 0.019945889 -0.0092334616 234 88 12
0.19805762 -0.017831071 0.015417417 234 88 12
0.20421123 -0.019861944 0.017909344 234 88 12
0.213938 -0.022769785 0.0220559 234 88 12
0.29362993 -0.046325801 0.054592985 234 88 12
-0.27206554 0.33748198 -0.079242106 234 88 12
-0.23847127 0.30793491 -0.074934057 234 88 12
-0.20277458 0.27742084 -0.069741566 234 88 12
-0.18100658 0.2596662 -0.063815803 234 88 12
-0.17906281 0.25806819 -0.063388761 234 88 12
-0.15701682 0.23786617 -0.05900338 234 88 12
-0.1535195 0.23439223 -0.058659021 234 88 12
-0.065644742 0.15343657 -0.049819037 234 88 12
0.030530825 0.075717779 -0.03148442 234 88 12
0.16442466 -0.0013563042 0.0014018607 234 88 12
0.20183436 -0.017887013 0.014451868 234 88 12
-0.16001236 0.24545535 -0.060677249 234 88 12
-0.13426048 0.21902599 -0.058468461 234 88 12
-0.072086041 0.16270243 -0.052651312 234 88 12
-0.069885438 0.16098385 -0.052262433 234 88 12
-0.054512921 0.14895073 -0.04908752 234 88 12
-0.0052844477 0.10820737 -0.039272535 234 88 12
0.017945046 0.088890329 -0.035596817 234 88 12
0.043207141 0.069528584 -0.030617946 234 88 12
0.13247285 0.016981151 -0.0096537482 234 88 12
0.20885615 -0.019042525 0.014687305 234 88 12
0.29695798 -0.046509193 0.049739524 234 88 12
-0.25464444 0.333148 -0.077886343 234 88 12
-0.13701702 0.22676003 -0.059726547 234 88 12
-0.11082229 0.20007961 -0.058126901 234 88 12
-0.039792666 0.14120467 -0.047736679 234 88 12
0.028030769 0.084249336 -0.035088762 234 88 12
0.030091831 0.082619402 -0.03472565 234 88 12
0.032141181 0.080989429 -0.034270146 234 88 12
0.13382096 0.018211104 -0.011278972 234 88 12
0.19183295 -0.011664018 0.0056820465 234 88 12
0.19466443 -0.012793919 0.0067240587 234 88 12
0.23652442 -0.025813181 0.023626874 234 88 12
-0.25584732 0.34005431 -0.078274099 234 88 12
-0.2344311 0.32010443 -0.076004062 234 88 12
-0.2286772 0.31493575 -0.075658822 234 88 12
-0.21684362 0.30440844 -0.074646884 234 88 12
-0.11391167 0.2077031 -0.0593251 234 88 12
-0.10075953 0.19564279 -0.058537193 234 88 12
-0.069342493 0.16921634 -0.054875567 234 88 12
-0.037477127 0.14348872 -0.048732333 234 88 12
-0.010767534 0.12030241 -0.043306228 234 88 12
0.01787956 0.095959509 -0.038814873 234 88 12
0.10935089 0.033515848 -0.019498311 234 88 12
0.22689167 -0.022052942 0.016803397 234 88 12
-0.26863495 0.35796644 -0.080379043 234 88 12
-0.24712916 0.33771984 -0.077662612 234 88 12
-0.23559543 0.32666396 -0.076402627 234 88 12
-0.21429562 0.30716793 -0.074955672 234 88 12
-0.18104388 0.27823191 -0.069561382 234 88 12
-0.17532656 0.2733307 -0.06841972 234 88 12
-0.1658083 0.265055 -0.066022279 234 88 12
-0.15124142 0.25143424 -0.063512413 234 88 12
-0.14769498 0.2479216 -0.063271091 234 88 12
-0.14246321 0.24250574 -0.06257185 234 88 12
-0.068981707 0.17335629 -0.056058807 234 88 12
0.0046181692 0.11081888 -0.042173551 234 88 12
0.021875675 0.096298995 -0.039532924 234 88 12
0.065419719 0.063374835 -0.030760528 234 88 12
0.067908204 0.061720976 -0.030323092 234 88 12
0.1884602 -0.0070409389 -0.00027802402 234 88 12
-0.25410619 0.35032729 -0.078823264 234 88 12
-0.22348313 0.32072017 -0.07614786 234 88 12
-0.21764735 0.31533915 -0.075758238 234 88 12
-0.21566586 0.31353638 -0.075653598 234 88 12
-0.1560569 0.26105347 -0.065262095 234 88 12
-0.14178021 0.24695182 -0.063732968 234 88 12
-0.087494161 0.19347642 -0.059237696 234 88 12
-0.076950358 0.18458731 -0.058163381 234 88 12
0.082214544 0.055083301 -0.029361127 234 88 12
0.13040849 0.026108557 -0.018073632 234 88 12
0.14085811 0.020674655 -0.01549541 234 88 12
0.27298018 -0.033675914 0.030090998 234 88 12
-0.18773631 0.29376838 -0.073225096 234 88 12
-0.178002 0.28537198 -0.071346987 234 88 12
-0.16481262 0.27377305 -0.068453564 234 88 12
-0.1629131 0.2721064 -0.067978687 234 88 12
-0.15911227 0.26877836 -0.067231845 234 88 12
-0.14111758 0.25143176 -0.064783514 234 88 12
-0.10650525 0.21503241 -0.061885746 234 88 12
-0.061859677 0.17638016 -0.057351946 234 88 12
-0.0044974206 0.12663037 -0.046348633 234 88 12
0.10673002 0.042273702 -0.025606779 234 88 12
0.19882348 -0.0082538068 -0.0014181263 234 88 12
0.26376101 -0.029503608 0.023537597 234 88 12
-0.27067116 0.37660717 -0.082890143 234 88 12
-0.16800623 0.28141101 -0.070444449 234 88 12
-0.11474429 0.22826555 -0.063746855 234 88 12
-0.0530374 0.17351762 -0.057031888 234 88 12
-0.046619137 0.16826162 -0.05580899 234 88 12
0.010708691 0.11695734 -0.045330036 234 88 12
0.042026866 0.090724268 -0.03989925 234 88 12
0.10591718 0.045248316 -0.027637127 234 88 12
0.27087979 -0.031168163 0.023511258 234 88 12
-0.23448649 0.34861897 -0.07806202 234 88 12
-0.15809912 0.27749688 -0.069621515 234 88 12
-0.12236285 0.24199448 -0.065201484 234 88 12
-0.11223087 0.23081209 -0.06459804 234 88 12
-0.07782431 0.19900256 -0.061503893 234 88 12
-0.031984498 0.16021424 -0.054374425 234 88 12
0.070536238 0.072028063 -0.036057708 234 88 12
0.10514111 0.048257869 -0.029593085 234 88 12
0.15796384 0.017677822 -0.017138443 234 88 12
0.19572509 -0.003582454 -0.0072890775 234 88 12
0.20663996 -0.0083703311 -0.0035667011 234 88 12
0.2249414 -0.014993975 0.0029386667 234 88 12
0.26167033 -0.02679443 0.017099678 234 88 12
0.27144429 -0.030477468 0.0208614 234 88 12
0.28614756 -0.037022842 0.026424188 234 88 12
0.28881217 -0.038374036 0.027325307 234 88 12
-0.26324792 0.38140354 -0.082624449 234 88 12
-0.26117331 0.37972444 -0.082116129 234 88 12
-0.2590909 0.37801417 -0.081655099 234 88 12
-0.20954582 0.32859381 -0.076894609 234 88 12
-0.16884843 0.29179679 -0.073113312 234 88 12
-0.15753211 0.28181338 -0.070834317 234 88 12
-0.14818379 0.27353629 -0.069133894 234 88 12
-0.11137048 0.23525189 -0.065561863 234 88 12
-0.025915847 0.15905547 -0.054450167 234 88 12
-0.0090804226 0.14373018 -0.051277437 234 88 12
0.072476436 0.073839518 -0.037273161 234 88 12
0.13216419 0.034204611 -0.025220988 234 88 12
0.13716633 0.031388116 -0.024077527 234 88 12
0.15714061 0.020380796 -0.019384957 234 88 12
0.16886921 0.013687101 -0.016638058 234 88 12
0.26559796 -0.027252725 0.01576008 234 88 12
-0.24242184 0.36868701 -0.079576503 234 88 12
-0.19927249 0.32392731 -0.076973984 234 88 12
-0.18762529 0.31313703 -0.076486056 234 88 12
-0.12942833 0.26042416 -0.06820515 234 88 12
-0.045673264 0.18063372 -0.059475176 234 88 12
-0.037409726 0.17365381 -0.058015288 234 88 12
-0.0015443924 0.1407125 -0.051269207 234 88 12
0.022741864 0.11808543 -0.047856654 234 88 12
0.050143639 0.094866952 -0.042787108 234 88 12
0.076858208 0.073893082 -0.038118531 234 88 12
0.10380524 0.054473874 -0.033318503 234 88 12
0.13400827 0.035659618 -0.026751259 234 88 12
0.18836589 0.0040849709 -0.01402059 234 88 12
0.21761533 -0.0095644619 -0.0047585969 234 88 12
0.27551894 -0.030403436 0.016858067 234 88 12
0.27854734 -0.031779925 0.017978741 234 88 12
0.29194985 -0.038835934 0.022641972 234 88 12
-0.19671772 0.32676714 -0.077423255 234 88 12
-0.19478919 0.32491596 -0.077397261 234 88 12
-0.076403324 0.21164159 -0.064804683 234 88 12
-0.066018315 0.20282597 -0.063492347 234 88 12
-0.04951419 0.18832925 -0.061346268 234 88 12
-0.047427176 0.1865548 -0.061033171 234 88 12
0.0059927803 0.13765963 -0.051446627 234 88 12
0.048127019 0.10029592 -0.044589448 234 88 12
0.10573409 0.056063864 -0.03476415 234 88 12
0.12072503 0.046351448 -0.03181036 234 88 12
0.1806934 0.010850237 -0.01826585 234 88 12
0.23133357 -0.012895202 -0.0025532374 234 88 12
0.27889373 -0.031151959 0.015281723 234 88 12
-0.21293683 0.34905654 -0.078257985 234 88 12
-0.15224859 0.29155939 -0.073833467 234 88 12
-0.15027953 0.2898993 -0.073494301 234 88 12
-0.092818859 0.2321193 -0.06711679 234 88 12
-0.049044307 0.19257418 -0.06254478 234 88 12
-0.013665343 0.1609447 -0.056354217 234 88 12
0.00086986411 0.14714548 -0.053611052 234 88 12
0.006263946 0.14178176 -0.052753063 234 88 12
0.085717835 0.073981051 -0.039929976 234 88 12
0.092923012 0.068354068 -0.03865398 234 88 12
0.13780191 0.038728426 -0.029896019 234 88 12
0.17348675 0.017754023 -0.021864548 234 88 12
-0.19535086 0.33633358 -0.078327936 234 88 12
-0.1934296 0.33440432 -0.078279396 234 88 12
-0.17236881 0.31445188 -0.077530566 234 88 12
-0.14791791 0.29261715 -0.07450717 234 88 12
-0.13094974 0.27749158 -0.071887679 234 88 12
-0.12021991 0.26679698 -0.070740661 234 88 12
-0.1166255 0.2630545 -0.070433941 234 88 12
-0.024479091 0.17546951 -0.059785626 234 88 12
-0.0078834154 0.15985012 -0.056595393 234 88 12
0.0030174415 0.14947516 -0.054659298 234 88 12
0.038546056 0.11596426 -0.049638193 234 88 12
0.04841353 0.10762592 -0.047592052 234 88 12
0.071486321 0.08845482 -0.043399349 234 88 12
0.11966675 0.052769895 -0.035961114 234 88 12
0.12214896 0.051121557 -0.035469325 234 88 12
0.18160485 0.014925231 -0.022313381 234 88 12
0.19964253 0.0040058652 -0.017949399 234 88 12
0.22720827 -0.0083087413 -0.0091449555 234 88 12
0.2948232 -0.039060663 0.014870926 234 88 12
-0.21495353 0.36331527 -0.079418199 234 88 12
-0.20953578 0.35713414 -0.078987426 234 88 12
-0.20399674 0.35101303 -0.078886041 234 88 12
-0.14363379 0.29364322 -0.074996666 234 88 12
-0.070649069 0.22101681 -0.067718008 234 88 12
-0.068663273 0.21923781 -0.067469309 234 88 12
-0.024121515 0.17958403 -0.060996357 234 88 12
-0.0057039169 0.16215418 -0.057599358 234 88 12
0.0237102 0.13382304 -0.052943242 234 88 12
0.085152841 0.081449043 -0.042981517 234 88 12
0.13166479 0.047932361 -0.035531174 234 88 12
0.27980158 -0.029349285 0.0073837506 234 88 12
-0.24565611 0.39836186 -0.084768782 234 88 12
-0.17686592 0.32886352 -0.079543367 234 88 12
-0.12984835 0.28617844 -0.074082877 234 88 12
-0.12067026 0.27758608 -0.073257718 234 88 12
-0.066019745 0.22177258 -0.068390585 234 88 12
-0.055885148 0.21270873 -0.067018503 234 88 12
-0.045644813 0.20358053 -0.065763648 234 88 12
-0.0090490673 0.16965223 -0.059883489 234 88 12
0.0055292515 0.15582901 -0.056990364 234 88 12
0.020282698 0.1415782 -0.054923561 234 88 12
0.033496779 0.12888898 -0.053201776 234 88 12
0.075718493 0.092388718 -0.045991191 234 88 12
0.077994976 0.090591826 -0.045625672 234 88 12
0.080281288 0.088792631 -0.045269848 234 88 12
0.099162171 0.073916129 -0.042802084 234 88 12
0.14374807 0.043530981 -0.03505258 234 88 12
0.18697098 0.016236733 -0.025685054 234 88 12
0.24159364 -0.010936989 -0.0096512468 234 88 12
0.28014455 -0.028750435 0.0047102711 234 88 12
0.29499539 -0.038237896 0.0093347759 234 88 12
-0.27366272 0.42397205 -0.092783401 234 88 12
-0.25390834 0.40955045 -0.087944557 234 88 12
-0.21901864 0.37945606 -0.081570437 234 88 12
-0.21153576 0.37152485 -0.080620847 234 88 12
-0.16492323 0.32270619 -0.079650856 234 88 12
-0.11464735 0.2766993 -0.07397259 234 88 12
-0.072852342 0.23330379 -0.070161873 234 88 12
-0.012356022 0.17721209 -0.06165699 234 88 12
-0.0050202244 0.17023807 -0.060557652 234 88 12
0.033879841 0.13290816 -0.054509497 234 88 12
0.035721972 0.1311039 -0.054296423 234 88 12
0.045081052 0.12233453 -0.053099342 234 88 12
0.05102578 0.11713327 -0.051960082 234 88 12
0.14827548 0.043695482 -0.036188749 234 88 12
0.18221529 0.021970611 -0.028905791 234 88 12
0.19715404 0.01201457 -0.025607959 234 88 12
0.25171661 -0.013752818 -0.008649654 234 88 12
-0.28650193 0.43785015 -0.097593194 234 88 12
-0.27110742 0.42682386 -0.093402125 234 88 12
-0.24922667 0.41077274 -0.088091743 234 88 12
-0.24061318 0.4041886 -0.086136462 234 88 12
-0.19428231 0.35800416 -0.080553296 234 88 12
-0.18306944 0.34604846 -0.080540782 234 88 12
-0.12128521 0.28803883 -0.075628043 234 88 12
-0.10310243 0.27006494 -0.07374434 234 88 12
-0.017326646 0.18669695 -0.063969146 234 88 12
-0.00099844358 0.17081713 -0.061106153 234 88 12
0.077908392 0.098159628 -0.048985217 234 88 12
0.12333744 0.063286864 -0.042941496 234 88 12
0.14297419 0.050008778 -0.03964163 234 88 12
0.21277881 0.0053499236 -0.023699058 234 88 12
0.27557624 -0.024273498 -0.0024401165 234 88 12
-0.28821273 0.44374023 -0.099154464 234 88 12
-0.27300143 0.43290074 -0.09548046 234 88 12
-0.26200306 0.42488243 -0.09213451 234 88 12
-0.24235428 0.4103866 -0.087742144 234 88 12
-0.22373819 0.39463868 -0.083765583 234 88 12
-0.1542943 0.32300151 -0.080636999 234 88 12
-0.11342495 0.28552258 -0.076068527 234 88 12
-0.016916505 0.19091369 -0.06514024 234 88 12
0.032858677 0.14302211 -0.057294342 234 88 12
0.10352118 0.081732609 -0.04715632 234 88 12
0.13289533 0.059916818 -0.04325972 234 88 12
0.18582437 0.025093947 -0.032640696 234 88 12
0.24472443 -0.0075537383 -0.016288343 234 88 12
0.25941569 -0.014491479 -0.011073737 234 88 12
0.29342529 -0.035098013 0.00048582707 234 88 12
-0.2857079 0.44656494 -0.09989183 234 88 12
-0.17608595 0.34998651 -0.081731719 234 88 12
-0.14628227 0.32060952 -0.08114229 234 88 12
-0.085356776 0.26222679 -0.074153798 234 88 12
0.035289662 0.14535188 -0.058421412 234 88 12
0.062186601 0.11996587 -0.054604514 234 88 12
0.084966612 0.10034215 -0.050843838 234 88 12
0.091756948 0.094949319 -0.04993244 234 88 12
0.098786872 0.089419645 -0.049118585 234 88 12
0.11317655 0.078197281 -0.047676062 234 88 12
-0.29614851 0.45855499 -0.10355044 234 88 12
-0.27889787 0.44630502 -0.099671896 234 88 12
-0.15488824 0.33427639 -0.082444645 234 88 12
-0.10308066 0.28546757 -0.076958802 234 88 12
-0.039222914 0.22144021 -0.070809458 234 88 12
-0.014229241 0.19763931 -0.067347103 234 88 12
-0.0015351836 0.18500818 -0.065307589 234 88 12
0.016851598 0.16748197 -0.062231471 234 88 12
0.056812835 0.12926474 -0.057044682 234 88 12
0.16407024 0.046446056 -0.041414298 234 88 12
0.17714078 0.037383795 -0.038916863 234 88 12
0.27474857 -0.020237323 -0.010801265 234 88 12
0.29191866 -0.031993332 -0.0053483449 234 88 12
-0.29795272 0.46427909 -0.10513315 234 88 12
-0.24158 0.42370594 -0.09121937 234 88 12
-0.21016482 0.39800722 -0.085116696 234 88 12
-0.1487389 0.33355084 -0.082924351 234 88 12
-0.044517005 0.23141024 -0.072404134 234 88 12
0.017301684 0.17156821 -0.063409318 234 88 12
0.040236934 0.15001769 -0.060483427 234 88 12
0.087758653 0.10622131 -0.053661893 234 88 12
0.23184417 0.0044339562 -0.027648373 234 88 12
-0.27824135 0.45490408 -0.10243148 234 88 12
-0.21989654 0.41147785 -0.087860682 234 88 12
-0.21174812 0.40447219 -0.086342929 234 88 12
-0.092680657 0.28528511 -0.078002515 234 88 12
-0.043886109 0.23587249 -0.073500147 234 88 12
-0.022772359 0.21535379 -0.071159952 234 88 12
-0.020877656 0.21355181 -0.070966659 234 88 12
0.034984872 0.15968712 -0.062299365 234 88 12
0.17060515 0.04869721 -0.044516309 234 88 12
0.17916509 0.042606199 -0.042779088 234 88 12
0.1854128 0.038020885 -0.041396732 234 88 12
-0.19004659 0.38808936 -0.085110147 234 88 12
-0.1882055 0.38607761 -0.084934271 234 88 12
-0.1549132 0.35048793 -0.08432218 234 88 12
-0.09771183 0.29510564 -0.079792932 234 88 12
-0.067823502 0.26536464 -0.076607641 234 88 12
-0.01855077 0.21604444 -0.071938896 234 88 12
0.058889639 0.14147542 -0.060812386 234 88 12
0.10399997 0.101401 -0.054737955 234 88 12
0.2533036 -0.0029661428 -0.025886215 234 88 12
0.2692205 -0.012447234 -0.020719115 234 88 12
0.29097699 -0.028093365 -0.013606459 234 88 12
-0.29281473 0.47373371 -0.10833719 234 88 12
-0.22130138 0.42196784 -0.090798417 234 88 12
-0.19131066 0.39487006 -0.086299513 234 88 12
-0.18204324 0.38491312 -0.085476458 234 88 12
-0.17290738 0.37482749 -0.085026267 234 88 12
-0.16728148 0.36883531 -0.085026077 234 88 12
-0.16170112 0.36300248 -0.084995782 234 88 12
-0.13940474 0.34060386 -0.085214251 234 88 12
-0.13571659 0.33695166 -0.085085295 234 88 12
-0.12491184 0.32607235 -0.084037972 234 88 12
-0.10822427 0.3102885 -0.081969886 234 88 12
-0.097152875 0.29950589 -0.080870476 234 88 12
-0.093389601 0.29591848 -0.080407405 234 88 12
-0.061461787 0.26425163 -0.07713715 234 88 12
-0.053793392 0.25652799 -0.076483967 234 88 12
-0.029243057 0.23174486 -0.074385916 234 88 12
-0.018067558 0.2204015 -0.073100475 234 88 12
-0.0052563599 0.20771956 -0.07133709 234 88 12
0.013007641 0.1894797 -0.068446356 234 88 12
0.075206428 0.13076271 -0.060046279 234 88 12
0.09783972 0.11058779 -0.056971525 234 88 12
0.1497128 0.070802538 -0.052332521 234 88 12
0.15678993 0.065640563 -0.051199632 234 88 12
-0.22744874 0.43132553 -0.093764402 234 88 12
-0.1870944 0.39563792 -0.087058727 234 88 12
-0.18522735 0.39365684 -0.086845003 234 88 12
-0.17964423 0.38771682 -0.086345296 234 88 12
-0.089070842 0.29678664 -0.081183954 234 88 12
-0.0029915616 0.21025314 -0.072427481 234 88 12
0.024856112 0.18302324 -0.067633172 234 88 12
0.083863696 0.12740443 -0.060453717 234 88 12
0.135416 0.085647677 -0.055551451 234 88 12
0.20546927 0.033161177 -0.043662342 234 88 12
-0.15307251 0.36510547 -0.086730025 234 88 12
-0.103275 0.31579263 -0.083727564 234 88 12
-0.067984529 0.28089827 -0.079981288 234 88 12
-0.0079466232 0.22005589 -0.074414972 234 88 12
0.021450061 0.19090692 -0.069825513 234 88 12
0.053229963 0.16178796 -0.065561343 234 88 12
0.086687907 0.12961004 -0.061602619 234 88 12
0.15452064 0.075517333 -0.055258723 234 88 12
0.19969084 0.041431325 -0.047082505 234 88 12
0.26927017 -0.0075519301 -0.028209858 234 88 12
0.27174105 -0.009299392 -0.027408657 234 88 12
-0.28134462 0.47867794 -0.11081047 234 88 12
-0.23997062 0.44944508 -0.10029262 234 88 12
-0.23122894 0.44313027 -0.098001058 234 88 12
-0.1487235 0.36616067 -0.087706233 234 88 12
-0.1245976 0.34214239 -0.087270622 234 88 12
-0.12281099 0.34033644 -0.087211152 234 88 12
-0.086052315 0.30389166 -0.083240244 234 88 12
-0.06737242 0.28544217 -0.081213994 234 88 12
-0.059774242 0.27802641 -0.080606936 234 88 12
-0.018053557 0.23582023 -0.076973742 234 88 12
-0.011065527 0.2281921 -0.076222654 234 88 12
-0.0074271006 0.22448094 -0.075782864 234 88 12
-0.00023895031 0.21712478 -0.074806548 234 88 12
0.010527786 0.20624315 -0.073059436 234 88 12
0.057960881 0.16226613 -0.066418568 234 88 12
0.14043384 0.090534475 -0.05841729 234 88 12
0.19970297 0.045066972 -0.049192122 234 88 12
0.27972244 -0.013660304 -0.027506077 234 88 12
0.28422417 -0.017434458 -0.026121408 234 88 12
-0.28772937 0.48755356 -0.11368911 234 88 12
-0.27901814 0.48131047 -0.11199041 234 88 12
-0.24403592 0.45686925 -0.10330971 234 88 12
-0.15962261 0.3823017 -0.088699958 234 88 12
-0.13499657 0.35799043 -0.088787328 234 88 12
-0.12388664 0.34692895 -0.088272111 234 88 12
-0.10573552 0.3286241 -0.086414953 234 88 12
-0.064912859 0.28808407 -0.08220196 234 88 12
0.12213333 0.10903045 -0.061020539 234 88 12
0.13357146 0.10020339 -0.060408893 234 88 12
0.16615799 0.075168369 -0.05725777 234 88 12
0.20764441 0.042524059 -0.049597131 234 88 12
0.20956979 0.040925602 -0.04920462 234 88 12
0.22284377 0.029722138 -0.046125689 234 88 12
0.24220327 0.015176073 -0.040876528 234 88 12
-0.250465 0.4657482 -0.10673143 234 88 12
-0.16293069 0.39093098 -0.090062917 234 88 12
-0.069953754 0.29807737 -0.084017903 234 88 12
-0.018501691 0.24701602 -0.079103262 234 88 12
0.0025821248 0.22413621 -0.077214605 234 88 12
0.0079632599 0.21862761 -0.0764618 234 88 12
0.024575111 0.20230336 -0.073916934 234 88 12
0.036771808 0.19123261 -0.07188136 234 88 12
0.061483925 0.16891732 -0.068828983 234 88 12
0.067589669 0.163097 -0.068182416 234 88 12
0.073474685 0.15727742 -0.067674776 234 88 12
0.10523145 0.12708649 -0.064168396 234 88 12
0.11584245 0.11810266 -0.062853592 234 88 12
0.1361894 0.10260027 -0.061846506 234 88 12
0.17302347 0.074184322 -0.058182353 234 88 12
0.24371891 0.016737092 -0.04263976 234 88 12
0.24602109 0.01507205 -0.042020477 234 88 12
0.24831526 0.01341197 -0.041369205 234 88 12
-0.23706894 0.46030502 -0.10480209 234 88 12
-0.16247605 0.395672 -0.091381348 234 88 12
-0.15289446 0.38599875 -0.090836271 234 88 12
-0.10438211 0.33797641 -0.088922168 234 88 12
-0.080403582 0.31378038 -0.086469049 234 88 12
-0.058082495 0.29154852 -0.084271179 234 88 12
-0.021452431 0.25563285 -0.08044007 234 88 12
0.0049173713 0.2267628 -0.07829827 234 88 12
0.068401362 0.16743459 -0.069528174 234 88 12
0.074358937 0.16155769 -0.068943073 234 88 12
0.078318508 0.15770483 -0.068682066 234 88 12
0.14339695 0.10151204 -0.06291482 234 88 12
0.15946608 0.088946436 -0.061464914 234 88 12
0.17081812 0.080044009 -0.060262892 234 88 12
0.20582683 0.05145355 -0.054278719 234 88 12
0.28216896 -0.010558105 -0.034207964 234 88 12
-0.25436147 0.4769286 -0.11124042 234 88 12
-0.19840908 0.43512259 -0.097050445 234 88 12
-0.182682 0.42122653 -0.094745409 234 88 12
-0.17885654 0.41746964 -0.094209513 234 88 12
-0.17698102 0.41556371 -0.093923123 234 88 12
-0.1657013 0.40410484 -0.092640461 234 88 12
0.0073202041 0.22942851 -0.079382592 234 88 12
0.023512396 0.21291966 -0.077097969 234 88 12
0.091317461 0.15043151 -0.068766089 234 88 12
0.17757007 0.079001224 -0.061045253 234 88 12
0.18185424 0.07549579 -0.060400538 234 88 12
-0.25204879 0.47948352 -0.11228599 234 88 12
-0.23890668 0.47025287 -0.10890127 234 88 12
-0.19405525 0.43600422 -0.09783186 234 88 12
-0.11207985 0.356871 -0.091680869 234 88 12
-0.095540076 0.33995713 -0.090314947 234 88 12
-0.062500381 0.30606865 -0.086783108 234 88 12
-0.060614465 0.3042106 -0.086620761 234 88 12
-0.005755006 0.24945762 -0.081750651 234 88 12
0.006238772 0.23596955 -0.080805343 234 88 12
0.0079923516 0.23407008 -0.08070156 234 88 12
0.048803815 0.19511299 -0.074416327 234 88 12
0.092315855 0.15470911 -0.069996921 234 88 12
0.17098438 0.088591526 -0.063568015 234 88 12
0.20420065 0.060751787 -0.058399679 234 88 12
0.22318201 0.044166613 -0.05442257 234 88 12
0.22851919 0.03901785 -0.053015824 234 88 12
0.23616612 0.032220754 -0.051176871 234 88 12
-0.19578176 0.44199256 -0.09972096 234 88 12
-0.18372706 0.43174241 -0.097823514 234 88 12
-0.14165052 0.39095569 -0.093718427 234 88 12
-0.12250218 0.37272146 -0.093366886 234 88 12
-0.1150086 0.36536608 -0.092902461 234 88 12
-0.098514407 0.34861235 -0.091752763 234 88 12
0.013947968 0.23303661 -0.081155386 234 88 12
0.015731742 0.23114897 -0.080949189 234 88 12
0.034600195 0.21265715 -0.078039256 234 88 12
0.057929425 0.19208282 -0.074741287 234 88 12
0.099273949 0.15321586 -0.070644882 234 88 12
0.10518451 0.14742299 -0.069892912 234 88 12
0.11494424 0.13808478 -0.069226572 234 88 12
0.1230763 0.13098152 -0.068300765 234 88 12
0.19859078 0.069757977 -0.060950409 234 88 12
0.20250891 0.06635927 -0.060354052 234 88 12
0.2635494 0.012542416 -0.046144813 234 88 12
0.26583975 0.010693083 -0.045561128 234 88 12
-0.25852659 0.49270403 -0.11737979 234 88 12
-0.19977495 0.44965227 -0.10231655 234 88 12
-0.19559778 0.44626195 -0.10127495 234 88 12
-0.024322804 0.2803388 -0.08528815 234 88 12
-0.00069105167 0.2551925 -0.083556919 234 88 12
0.023674663 0.22830381 -0.081237698 234 88 12
0.02736224 0.22455406 -0.080682632 234 88 12
0.07780672 0.1792454 -0.073880784 234 88 12
0.10220553 0.15557928 -0.0716635 234 88 12
0.13009746 0.12990041 -0.068929663 234 88 12
0.1342798 0.1264553 -0.068732324 234 88 12
0.16673259 0.10084242 -0.067020337 234 88 12
0.18225688 0.088210618 -0.065236756 234 88 12
0.18654543 0.084609937 -0.064748308 234 88 12
0.18864191 0.082822455 -0.064434396 234 88 12
0.19070693 0.081029382 -0.064177823 234 88 12
0.25004883 0.027141563 -0.051507797 234 88 12
0.26972535 0.010363396 -0.046728717 234 88 12
-0.24308893 0.48584428 -0.11504058 234 88 12
-0.2408981 0.48424711 -0.11438532 234 88 12
-0.15398833 0.41363545 -0.096591995 234 88 12
-0.07315146 0.33304776 -0.091208365 234 88 12
-0.05492549 0.31439108 -0.089463773 234 88 12
-0.039735113 0.29977169 -0.088163956 234 88 12
0.026184131 0.23104242 -0.08218418 234 88 12
0.039810069 0.21788718 -0.079938864 234 88 12
0.04404329 0.21416399 -0.079242148 234 88 12
0.07640692 0.18559758 -0.075369008 234 88 12
0.099209925 0.16382582 -0.073317278 234 88 12
0.16684756 0.10508059 -0.068459361 234 88 12
0.17350731 0.099794423 -0.067664836 234 88 12
0.26469602 0.01763482 -0.049940853 234 88 12
-0.26758224 0.50752727 -0.12278585 234 88 12
-0.2608882 0.50282665 -0.12124551 234 88 12
-0.21698559 0.47068001 -0.11009483 234 88 12
-0.17286422 0.43615679 -0.10062561 234 88 12
-0.14967838 0.41452277 -0.097414109 234 88 12
-0.061592104 0.32641122 -0.091189978 234 88 12
-0.056143269 0.32089098 -0.090659891 234 88 12
-0.046802632 0.31161503 -0.089958376 234 88 12
-0.013373134 0.28039433 -0.086703426 234 88 12
-0.0025720261 0.26890078 -0.085766295 234 88 12
0.017950045 0.2452911 -0.084348139 234 88 12
0.1197632 0.14883172 -0.072817854 234 88 12
0.12363159 0.14508082 -0.072419567 234 88 12
0.12561854 0.14327311 -0.072190477 234 88 12
0.13960005 0.13125352 -0.071101117 234 88 12
0.16481115 0.11096002 -0.06991823 234 88 12
0.17138199 0.10584848 -0.069398499 234 88 12
-0.26547097 0.51018 -0.12396906 234 88 12
-0.25423783 0.50238523 -0.12142864 234 88 12
-0.19328639 0.45712134 -0.10595099 234 88 12
-0.17058781 0.43878304 -0.10181075 234 88 12
-0.12225913 0.39360065 -0.097100101 234 88 12
-0.1184116 0.39005862 -0.096904458 234 88 12
-0.038542626 0.30895399 -0.090386877 234 88 12
-0.016626001 0.28897682 -0.088154085 234 88 12
-2.0368242e-05 0.27181983 -0.086709448 234 88 12
0.011875977 0.25786665 -0.086125958 234 88 12
0.035036578 0.23275926 -0.083502508 234 88 12
0.040955579 0.22695161 -0.082604678 234 88 12
0.11273844 0.16082536 -0.074630852 234 88 12
0.13434118 0.14039481 -0.072695376 234 88 12
0.15437779 0.12346429 -0.071607671 234 88 12
0.18237467 0.10115348 -0.069286115 234 88 12
0.23006024 0.058107122 -0.061734727 234 88 12
0.26404665 0.024950063 -0.05398371 234 88 12
-0.21913592 0.48078475 -0.11425769 234 88 12
-0.21698693 0.47914869 -0.11367177 234 88 12
-0.13144812 0.40729313 -0.098591871 234 88 12
-0.049128441 0.32468997 -0.092275016 234 88 12
0.0077095157 0.26878753 -0.087500687 234 88 12
0.011085718 0.26477593 -0.087406404 234 88 12
0.016179279 0.2587931 -0.087023938 234 88 12
0.021366363 0.25293406 -0.086465607 234 88 12
0.03017832 0.24337833 -0.085467674 234 88 12
0.033874332 0.23946013 -0.084968105 234 88 12
0.1631202 0.12097037 -0.072382531 234 88 12
0.21941054 0.072891257 -0.0656693 234 88 12
0.23406817 0.058438215 -0.062516431 234 88 12
0.24840638 0.043897183 -0.059127706 234 88 12
-0.16815193 0.44568374 -0.10444003 234 88 12
-0.16611574 0.4439724 -0.10410856 234 88 12
-0.16201607 0.44050797 -0.10341036 234 88 12
-0.1521668 0.43170408 -0.10172183 234 88 12
-0.13491012 0.41547394 -0.10008209 234 88 12
-0.10389664 0.38676224 -0.097948247 234 88 12
-0.070236408 0.35246029 -0.095134801 234 88 12
-0.068425309 0.35045846 -0.095005832 234 88 12
-0.06663565 0.34846161 -0.094767306 234 88 12
-0.042861284 0.32382815 -0.092972969 234 88 12
-0.027441321 0.30925864 -0.091580092 234 88 12
0.10236253 0.18163787 -0.078174322 234 88 12
0.11437318 0.16966773 -0.077079268 234 88 12
0.20185963 0.093362043 -0.0701421 234 88 12
-0.26816765 0.52427547 -0.13044596 234 88 12
-0.2637192 0.52109636 -0.12920116 234 88 12
-0.25245569 0.51335912 -0.12630864 234 88 12
-0.19777712 0.47262424 -0.11198434 234 88 12
-0.10343532 0.39139161 -0.098890927 234 88 12
-0.064072341 0.35139261 -0.095716395 234 88 12
0.059944712 0.22572708 -0.083614243 234 88 12
0.12684741 0.16256998 -0.077352382 234 88 12
0.18494157 0.11234346 -0.073414748 234 88 12
0.197753 0.1014363 -0.07188126 234 88 12
0.21819982 0.083019085 -0.068915653 234 88 12
0.25831264 0.042228957 -0.060769623 234 88 12
-0.25040131 0.51591204 -0.12759448 234 88 12
-0.24585241 0.51287034 -0.12622223 234 88 12
-0.18479964 0.46714955 -0.1105316 234 88 12
-0.17833481 0.46236567 -0.10910568 234 88 12
-0.13234895 0.42264163 -0.10235859 234 88 12
-0.035766697 0.3277727 -0.094736437 234 88 12
-0.012048236 0.30610039 -0.092335416 234 88 12
-0.0080592022 0.30244451 -0.092040764 234 88 12
-0.0024113488 0.29681946 -0.091423959 234 88 12
0.03823107 0.25200678 -0.088150607 234 88 12
0.060462468 0.23041943 -0.08491958 234 88 12
0.073922091 0.21885834 -0.082911017 234 88 12
0.078386012 0.21498062 -0.082330742 234 88 12
0.11181834 0.18272859 -0.07993704 234 88 12
0.12751246 0.16706602 -0.078641134 234 88 12
0.14295159 0.15212003 -0.077454029 234 88 12
0.18084261 0.12019142 -0.074982237 234 88 12
0.24070388 0.065115839 -0.066017261 234 88 12
0.25491251 0.049932179 -0.063102995 234 88 12
-0.25521033 0.5229641 -0.13072183 234 88 12
-0.24375552 0.51542239 -0.12751904 234 88 12
-0.11427989 0.41095948 -0.10199753 234 88 12
-0.075637668 0.37495085 -0.098918494 234 88 12
-0.019448224 0.3180341 -0.094436306 234 88 12
-0.017437002 0.31622534 -0.094176123 234 88 12
0.026625334 0.27061509 -0.090819312 234 88 12
0.031940747 0.26471421 -0.090244066 234 88 12
0.046658214 0.24905578 -0.088548378 234 88 12
0.067664747 0.22933758 -0.085039824 234 88 12
0.087650033 0.21185363 -0.082611163 234 88 12
0.089856444 0.20987533 -0.082433753 234 88 12
0.10847036 0.1914359 -0.081306763 234 88 12
0.16264157 0.13954194 -0.077379198 234 88 12
0.2447572 0.06543357 -0.066800473 234 88 12
0.24996998 0.059616118 -0.06569243 234 88 12
-0.22806466 0.5086061 -0.12528536 234 88 12
-0.14334736 0.4418599 -0.1063223 234 88 12
-0.11791678 0.41881047 -0.10345384 234 88 12
-0.073087946 0.3778991 -0.099925499 234 88 12
-0.071224199 0.37600042 -0.099784599 234 88 12
-0.063684673 0.3682622 -0.09905616 234 88 12
-0.045443133 0.34851859 -0.097796007 234 88 12
-0.036100948 0.33909291 -0.09706532 234 88 12
0.08165258 0.22236956 -0.084550371 234 88 12
0.083805977 0.22041765 -0.084251569 234 88 12
0.12687186 0.1780297 -0.081379108 234 88 12
0.16511874 0.14206773 -0.078530216 234 88 12
0.18335429 0.12705664 -0.077093366 234 88 12
0.18974265 0.12175085 -0.07666817 234 88 12
0.25933673 0.053926381 -0.065754968 234 88 12
-0.24653865 0.52497932 -0.13228642 234 88 12
-0.20192353 0.49311915 -0.12018443 234 88 12
-0.19980249 0.49141427 -0.11975924 234 88 12
-0.18256661 0.47803869 -0.11537228 234 88 12
-0.17820505 0.47482045 -0.11425201 234 88 12
-0.072379549 0.38273709 -0.1010182 234 88 12
-0.06300424 0.37318881 -0.10010695 234 88 12
-0.051919914 0.36123482 -0.099460647 234 88 12
-0.048253725 0.35735164 -0.099238012 234 88 12
-0.039122806 0.34760602 -0.098453994 234 88 12
0.04295756 0.26473028 -0.091210974 234 88 12
0.12161543 0.1885781 -0.083126076 234 88 12
0.13139473 0.17863375 -0.082278729 234 88 12
0.17531196 0.13812142 -0.079175221 234 88 12
0.22156593 0.098335043 -0.074102593 234 88 12
0.22355556 0.096476839 -0.073810888 234 88 12
0.26324367 0.053922661 -0.066751061 234 88 12
-0.22375617 0.51379673 -0.12774847 234 88 12
-0.1868324 0.48568058 -0.11804916 234 88 12
-0.16536449 0.46927286 -0.11314835 234 88 12
-0.12533674 0.43462266 -0.10703838 234 88 12
-0.11929682 0.42930145 -0.10647415 234 88 12
-0.11117989 0.42223929 -0.10550108 234 88 12
-0.058491854 0.37422118 -0.10081935 234 88 12
-0.043852118 0.3583972 -0.099935001 234 88 12
-0.0071021272 0.32324595 -0.096637204 234 88 12
0.093649151 0.22191279 -0.085783285 234 88 12
0.1339852 0.18127331 -0.083298343 234 88 12
0.13973107 0.17536313 -0.083014759 234 88 12
0.15874752 0.15713489 -0.081306854 234 88 12
0.16255633 0.15372939 -0.080995156 234 88 12
0.21564742 0.10844951 -0.076354073 234 88 12
-0.242407 0.5299599 -0.13506192 234 88 12
-0.21935706 0.51485236 -0.12836422 234 88 12
-0.1952316 0.49696629 -0.12205021 234 88 12
-0.18446179 0.48849904 -0.11925221 234 88 12
-0.10471846 0.42143477 -0.10627031 234 88 12
-0.090706736 0.40972316 -0.10499217 234 88 12
-0.01646498 0.33711973 -0.098912092 234 88 12
-0.006291617 0.32807671 -0.097647799 234 88 12
0.0056178075 0.3172155 -0.09623421 234 88 12
0.0094036909 0.31361284 -0.095925301 234 88 12
0.04513893 0.27477674 -0.09326262 234 88 12
0.068123371 0.25087403 -0.090651223 234 88 12
0.11705761 0.20414629 -0.085366251 234 88 12
0.12491573 0.19595134 -0.085235918 234 88 12
0.12688145 0.1938949 -0.085051277 234 88 12
0.13267221 0.18786324 -0.084553508 234 88 12
0.13846487 0.18196085 -0.084022087 234 88 12
0.22441286 0.10524221 -0.076292149 234 88 12
-0.2104129 0.51280945 -0.12777521 234 88 12
-0.10428653 0.42593738 -0.10745943 234 88 12
-0.017579602 0.34375447 -0.099917049 234 88 12
0.036077944 0.29175695 -0.094721393 234 88 12
0.041081679 0.28588183 -0.094495464 234 88 12
0.055703871 0.26998068 -0.092905336 234 88 12
0.081943546 0.24369764 -0.0893077 234 88 12
0.1486289 0.17693443 -0.084580371 234 88 12
0.20355448 0.12833263 -0.080076535 234 88 12
0.24030094 0.094343029 -0.075553859 234 88 12
0.25788551 0.074534763 -0.072676258 234 88 12
-0.18610127 0.49933159 -0.12324217 234 88 12
-0.1300392 0.45312252 -0.11175935 234 88 12
-0.097782635 0.42536398 -0.10808637 234 88 12
-0.050793035 0.38332841 -0.10329456 234 88 12
-0.00058841737 0.33424363 -0.099161127 234 88 12
0.015331214 0.31985211 -0.097069262 234 88 12
0.051484666 0.28105552 -0.094374165 234 88 12
0.078565308 0.25283732 -0.091105435 234 88 12
0.10214659 0.23022513 -0.088172849 234 88 12
0.10849909 0.22411353 -0.087681885 234 88 12
0.12446988 0.20769942 -0.086925995 234 88 12
0.16063609 0.17034389 -0.084566521 234 88 12
0.1795323 0.15319976 -0.083335865 234 88 12
0.19757939 0.13812172 -0.081611938 234 88 12
0.23340079 0.10648707 -0.077662002 234 88 12
-0.13768152 0.46495034 -0.1145274 234 88 12
-0.12374156 0.45233559 -0.11238181 234 88 12
-0.1178878 0.4469068 -0.11156558 234 88 12
-0.095315317 0.42817928 -0.1090956 234 88 12
-0.057744135 0.39554099 -0.10490203 234 88 12
-0.048297964 0.38641225 -0.10410322 234 88 12
-0.040855275 0.37860101 -0.10376222 234 88 12
-0.031511737 0.3687102 -0.10312394 234 88 12
-0.0078946945 0.34633503 -0.10117472 234 88 12
0.044319465 0.29619024 -0.095385382 234 88 12
0.10287652 0.23513401 -0.089014957 234 88 12
-0.16845185 0.49503165 -0.12208878 234 88 12
-0.16200612 0.49004805 -0.12075733 234 88 12
-0.1092514 0.44449946 -0.11205796 234 88 12
-0.078664457 0.41936177 -0.10834394 234 88 12
-0.068675988 0.4108869 -0.10710963 234 88 12
-0.032712573 0.37574045 -0.10425488 234 88 12
0.049469339 0.29741734 -0.09548875 234 88 12
0.07121413 0.27333439 -0.093898112 234 88 12
0.091083551 0.25278643 -0.091089526 234 88 12
0.16566576 0.17577328 -0.086527941 234 88 12
0.16755886 0.1739462 -0.086363134 234 88 12
0.17889868 0.16336885 -0.085510288 234 88 12
0.18839697 0.15499805 -0.084840052 234 88 12
0.22611181 0.12303593 -0.080980174 234 88 12
0.24947434 0.099465986 -0.078591435 234 88 12
0.2512405 0.097432314 -0.078438391 234 88 12
-0.22323687 0.53618852 -0.13902251 234 88 12
-0.12695921 0.46511131 -0.11568446 234 88 12
-0.11497995 0.45420161 -0.11388806 234 88 12
-0.070204887 0.41715702 -0.10846982 234 88 12
-0.039589844 0.38877944 -0.10559643 234 88 12
-0.026354911 0.3749971 -0.10482478 234 88 12
0.030584571 0.32398691 -0.097732527 234 88 12
0.12669781 0.22248817 -0.089476638 234 88 12
0.23691695 0.11803336 -0.081118446 234 88 12
-0.19529828 0.52254408 -0.13300407 234 88 12
-0.18833846 0.51817042 -0.13112886 234 88 12
-0.1770385 0.51037392 -0.12823487 234 88 12
-0.14680948 0.48729921 -0.12105135 234 88 12
-0.14074095 0.48210928 -0.11986918 234 88 12
-0.11045101 0.45524332 -0.1148095 234 88 12
-0.086005945 0.4347198 -0.11169215 234 88 12
-0.057893463 0.41134247 -0.10818806 234 88 12
-0.050259078 0.40428582 -0.10725771 234 88 12
0.017322355 0.34154976 -0.10073856 234 88 12
0.07979793 0.27766586 -0.094391574 234 88 12
0.087523995 0.26934256 -0.093646697 234 88 12
0.097427645 0.25904115 -0.092080832 234 88 12
0.13140899 0.22339809 -0.090235447 234 88 12
0.13709541 0.21723575 -0.090022127 234 88 12
0.15193477 0.20093649 -0.089432757 234 88 12
-0.22400706 0.54361691 -0.14339527 234 88 12
-0.11792132 0.46729704 -0.11746316 234 88 12
-0.097721603 0.44916304 -0.11457906 234 88 12
-0.036473322 0.39671182 -0.10722632 234 88 12
0.044889264 0.32313949 -0.097260213 234 88 12
0.046807983 0.32126359 -0.097003347 234 88 12
0.065101987 0.30125413 -0.095776169 234 88 12
0.12829793 0.23248405 -0.090953911 234 88 12
0.13219482 0.22844363 -0.090911394 234 88 12
0.14355735 0.21611257 -0.090708661 234 88 12
0.16203309 0.19593214 -0.090059197 234 88 12
0.18819707 0.16949975 -0.088250662 234 88 12
0.22528272 0.13799792 -0.084703988 234 88 12
0.25285729 0.11055074 -0.082312228 234 88 12
-0.068807015 0.43053404 -0.11204445 234 88 12
-0.047293505 0.4118766 -0.10924389 234 88 12
-0.012404038 0.37899722 -0.10659486 234 88 12
-0.0061101204 0.37345061 -0.10615861 234 88 12
0.021250198 0.34981588 -0.10215207 234 88 12
0.061336607 0.31275475 -0.096517218 234 88 12
0.13113037 0.2356395 -0.09172645 234 88 12
0.14803655 0.21719614 -0.091438885 234 88 12
0.22357138 0.14423302 -0.086152045 234 88 12
0.25678055 0.11069902 -0.083607844 234 88 12
-0.16791311 0.51671905 -0.13186311 234 88 12
-0.15886183 0.51049945 -0.12938183 234 88 12
-0.15216678 0.50575959 -0.12760981 234 88 12
-0.14558929 0.50083931 -0.12619037 234 88 12
-0.11261436 0.47330853 -0.11977286 234 88 12
-0.050538413 0.42000397 -0.11091083 234 88 12
-0.033319134 0.40451942 -0.10916912 234 88 12
-0.007564105 0.38042149 -0.10726551 234 88 12
0.080495687 0.29790661 -0.095796904 234 88 12
0.087728484 0.28978263 -0.09543069 234 88 12
0.091435069 0.28561361 -0.09521175 234 88 12
0.2027761 0.16613852 -0.089480902 234 88 12
0.25887687 0.11292488 -0.085094673 234 88 12
-0.16797983 0.52088548 -0.13404773 234 88 12
-0.11385502 0.4799063 -0.12137234 234 88 12
-0.11185078 0.47815568 -0.1210865 234 88 12
-0.072002274 0.44254306 -0.11541842 234 88 12
-0.067942918 0.43935269 -0.11483257 234 88 12
-0.0480937 0.4228618 -0.11183783 234 88 12
-0.036614257 0.41273602 -0.11068035 234 88 12
-0.030805446 0.40752105 -0.11009325 234 88 12
0.025169312 0.3582362 -0.1036647 234 88 12
0.058647436 0.32940152 -0.097768939 234 88 12
0.19549108 0.17767092 -0.091290176 234 88 12
-0.15185932 0.51437872 -0.13173778 234 88 12
-0.13194276 0.49995587 -0.12691739 234 88 12
-0.089090063 0.46298248 -0.11940492 234 88 12
-0.085109039 0.45925547 -0.1187692 234 88 12
-0.061304129 0.43894319 -0.11518612 234 88 12
-0.039960553 0.42067267 -0.11229736 234 88 12
-0.038001626 0.41902385 -0.11213001 234 88 12
0.11150534 0.27781249 -0.094330704 234 88 12
0.1228955 0.26510102 -0.094123953 234 88 12
0.12472931 0.26295093 -0.094183578 234 88 12
0.1284354 0.25861976 -0.094205501 234 88 12
0.20783695 0.17155881 -0.09170501 234 88 12
0.2704128 0.10579971 -0.08810694 234 88 12
-0.17760513 0.53443457 -0.14070289 234 88 12
-0.11430731 0.49134356 -0.12492725 234 88 12
-0.1081036 0.4861536 -0.12363223 234 88 12
-0.10001242 0.47905443 -0.1223648 234 88 12
-0.094113445 0.4735489 -0.1213641 234 88 12
-0.070743688 0.45158183 -0.11832916 234 88 12
-0.031600178 0.41855221 -0.11263043 234 88 12
-0.029646507 0.41682739 -0.11242874 234 88 12
0.029050438 0.36659758 -0.10540834 234 88 12
0.042465117 0.35602873 -0.10283668 234 88 12
0.074665139 0.32615703 -0.097548305 234 88 12
0.080027736 0.3202563 -0.097418246 234 88 12
0.19093332 0.19310647 -0.094354207 234 88 12
0.23240332 0.15626992 -0.090357984 234 88 12
-0.14482478 0.51814771 -0.13391678 234 88 12
-0.10521838 0.48935152 -0.12483243 234 88 12
-0.093091442 0.4786419 -0.12268698 234 88 12
-0.0027872469 0.39902595 -0.11143712 234 88 12
0.025373993 0.37525622 -0.1074272 234 88 12
0.14401225 0.2545642 -0.095195381 234 88 12
0.1458055 0.2523886 -0.09510991 234 88 12
0.20736132 0.18261132 -0.094337867 234 88 12
0.20939185 0.18083549 -0.094292076 234 88 12
0.23111897 0.1627299 -0.092097073 234 88 12
0.24142347 0.15322591 -0.09142427 234 88 12
-0.17091169 0.53784113 -0.14306671 234 88 12
-0.14958379 0.52517754 -0.13717916 234 88 12
-0.092145397 0.48368313 -0.12396772 234 88 12
0.017599821 0.38759702 -0.10971805 234 88 12
0.048739404 0.3625998 -0.10379843 234 88 12
0.10613497 0.30470831 -0.096714318 234 88 12
0.1525241 0.25149987 -0.095786404 234 88 12
0.18398597 0.21383586 -0.09630647 234 88 12
0.20232813 0.19330035 -0.096015004 234 88 12
-0.16163938 0.53623747 -0.14258049 234 88 12
-0.14975011 0.52919287 -0.13922792 234 88 12
-0.099610921 0.49560136 -0.126995 234 88 12
-0.093318931 0.49038875 -0.12578745 234 88 12
-0.075474161 0.47403217 -0.12294313 234 88 12
-0.05644563 0.45589689 -0.12035772 234 88 12
-0.017748146 0.42254276 -0.11485064 234 88 12
0.024840523 0.38725036 -0.10972274 234 88 12
0.049548147 0.36768102 -0.10471084 234 88 12
0.12494228 0.29167928 -0.0957157 234 88 12
0.19955024 0.20275332 -0.097151858 234 88 12
0.27435306 0.12093153 -0.094907089 234 88 12
-0.072529466 0.47736253 -0.12388903 234 88 12
-0.06107016 0.46620934 -0.12247245 234 88 12
-0.0047834519 0.41731827 -0.11488457 234 88 12
-0.00059819295 0.41392682 -0.11445858 234 88 12
0.016847414 0.39981309 -0.11195383 234 88 12
0.076397265 0.35131704 -0.10025889 234 88 12
0.17304429 0.24180368 -0.097499306 234 88 12
0.19192259 0.21862905 -0.097818773 234 88 12
0.19540985 0.21451381 -0.097993871 234 88 12
0.20667704 0.20203597 -0.097919635 234 88 12
0.22560195 0.18462186 -0.096632422 234 88 12
0.25279112 0.15653422 -0.09529649 234 88 12
0.26720195 0.1365445 -0.096146212 234 88 12
-0.094299493 0.50152376 -0.12933531 234 88 12
-0.052521232 0.4642384 -0.1225287 234 88 12
-0.043112809 0.45554721 -0.12071976 234 88 12
0.015329002 0.40671851 -0.11330829 234 88 12
0.037417554 0.38849553 -0.10976958 234 88 12
0.094578797 0.33925071 -0.098757825 234 88 12
0.098253447 0.33533824 -0.098379768 234 88 12
0.13220731 0.29883813 -0.096141142 234 88 12
0.1850813 0.2348521 -0.098455263 234 88 12
0.24724531 0.16984162 -0.096494905 234 88 12
0.25359126 0.16107938 -0.096644612 234 88 12
0.26952199 0.13869674 -0.097802804 234 88 12
-0.029398679 0.4483937 -0.11987458 234 88 12
0.052046175 0.3828099 -0.1078889 234 88 12
0.11081075 0.32882075 -0.097802124 234 88 12
0.12025831 0.3186583 -0.097286317 234 88 12
0.22046894 0.20291539 -0.09930276 234 88 12
0.22262101 0.20088075 -0.099175656 234 88 12
0.2515094 0.17018725 -0.097883041 234 88 12
0.26870853 0.14534413 -0.099042846 234 88 12
0.28226629 0.12781175 -0.099592036 234 88 12
-0.10311264 0.51649263 -0.13483591 234 88 12
-0.096090992 0.511855 -0.13332923 234 88 12
-0.091590748 0.50863356 -0.13220163 234 88 12
-0.087171822 0.50537218 -0.13120853 234 88 12
-0.035740667 0.46018304 -0.12220621 234 88 12
-0.021064554 0.44643392 -0.11992542 234 88 12
0.030124532 0.40632184 -0.11324712 234 88 12
0.087705193 0.35949123 -0.10140188 234 88 12
0.099163487 0.34805033 -0.09963938 234 88 12
0.1518363 0.29364352 -0.096259103 234 88 12
0.19080912 0.24433436 -0.099251675 234 88 12
0.19425878 0.24011293 -0.09953137 234 88 12
0.25113696 0.1772899 -0.09905563 234 88 12
0.25708915 0.16812931 -0.099414237 234 88 12
0.27639303 0.14099449 -0.10078411 234 88 12
0.32726836 0.088951484 -0.096692099 234 88 12
-0.073758229 0.49994271 -0.13014198 234 88 12
-0.0041024379 0.43823615 -0.11919616 234 88 12
0.039713889 0.40408054 -0.11265906 234 88 12
0.1023232 0.35140627 -0.10001419 234 88 12
0.13364907 0.31979345 -0.097256199 234 88 12
0.20170116 0.23955656 -0.10005504 234 88 12
0.22220028 0.21635593 -0.10052109 234 88 12
0.3308963 0.09191912 -0.097674532 234 88 12
-0.09873694 0.52148847 -0.13756442 234 88 12
-0.044859761 0.48054111 -0.12677208 234 88 12
-0.026566997 0.46295883 -0.12339626 234 88 12
0.0050873579 0.43648524 -0.11932998 234 88 12
0.033588145 0.41474286 -0.11484086 234 88 12
0.038127694 0.41108904 -0.11412222 234 88 12
0.097712556 0.36233827 -0.1016191 234 88 12
0.24377891 0.2004379 -0.10099607 234 88 12
0.24728225 0.19609689 -0.10108291 234 88 12
0.24896913 0.1939306 -0.10116559 234 88 12
0.26548904 0.16839225 -0.10235342 234 88 12
0.27363787 0.15684675 -0.10304822 234 88 12
0.28259728 0.14594225 -0.10337699 234 88 12
0.28446346 0.14385807 -0.1034106 234 88 12
-0.075451037 0.50989842 -0.13425685 234 88 12
-0.066591759 0.50357179 -0.13221042 234 88 12
-0.027368019 0.46955007 -0.12493481 234 88 12
0.05705682 0.40146603 -0.11150781 234 88 12
0.05943623 0.39962504 -0.11097213 234 88 12
0.075678081 0.38724039 -0.10755002 234 88 12
0.13482586 0.33295473 -0.098218691 234 88 12
0.17345782 0.28444663 -0.096397953 234 88 12
0.2344265 0.21931564 -0.10176298 234 88 12
0.25337356 0.19447769 -0.10260092 234 88 12
0.26359687 0.17799482 -0.10332961 234 88 12
0.27160113 0.16627676 -0.10385653 234 88 12
0.30950351 0.12689465 -0.10253443 234 88 12
0.33226478 0.10461842 -0.099972982 234 88 12
-0.082372307 0.51862745 -0.13757036 234 88 12
-0.066349245 0.50766596 -0.13407622 234 88 12
0.010748606 0.44286742 -0.12096253 234 88 12
0.095706342 0.37645289 -0.10422439 234 88 12
0.10172883 0.37091204 -0.10304212 234 88 12
0.18592289 0.27770842 -0.097739628 234 88 12
0.19453557 0.27454815 -0.099454333 234 88 12
0.24991776 0.20648791 -0.10350487 234 88 12
0.2545714 0.19956109 -0.10378233 234 88 12
0.26044598 0.19007095 -0.10433145 234 88 12
0.28176873 0.1598271 -0.10549011 234 88 12
0.30938501 0.1338984 -0.10373845 234 88 12
-0.025449359 0.4792328 -0.12766932 234 88 12
0.017768136 0.44281875 -0.12136959 234 88 12
0.035180898 0.42941782 -0.11845301 234 88 12
0.046574735 0.42077945 -0.11629914 234 88 12
0.17383217 0.31127522 -0.097211511 234 88 12
0.19857175 0.27845962 -0.099681122 234 88 12
0.20021156 0.27628378 -0.099894329 234 88 12
0.25723909 0.20229797 -0.10517565 234 88 12
0.27766977 0.17145484 -0.10637155 234 88 12
0.27947446 0.16917966 -0.10645044 234 88 12
0.28521691 0.1625606 -0.10659905 234 88 12
-0.048443558 0.50336927 -0.13399811 234 88 12
-0.00563272 0.46723177 -0.12566873 234 88 12
0.044790254 0.42746575 -0.11795278 234 88 12
0.077595499 0.40245035 -0.11123385 234 88 12
0.13258835 0.35498626 -0.10087573 234 88 12
0.19959354 0.28678087 -0.099486192 234 88 12
0.2203989 0.2612636 -0.1013353 234 88 12
0.23656135 0.24090759 -0.10305862 234 88 12
0.24503416 0.22924095 -0.10446744 234 88 12
0.24951589 0.22190826 -0.10538634 234 88 12
0.25392722 0.21465138 -0.10605699 234 88 12
0.29091886 0.16326453 -0.10756453 234 88 12
0.3239653 0.13454488 -0.10445053 234 88 12
-0.050388152 0.50900465 -0.13634548 234 88 12
-0.0045699135 0.47211932 -0.1268347 234 88 12
0.068639852 0.41476971 -0.11461689 234 88 12
0.075821037 0.4093287 -0.11301993 234 88 12
0.21902216 0.27144127 -0.1010918 234 88 12
0.26408609 0.20519613 -0.10817544 234 88 12
0.26862051 0.19783639 -0.10842368 234 88 12
0.29688965 0.16411843 -0.10831517 234 88 12
0.31272891 0.15078756 -0.10691031 234 88 12
-0.039328188 0.50546634 -0.1357027 234 88 12
-0.02095553 0.49146634 -0.13180772 234 88 12
-0.011276936 0.48349 -0.1295888 234 88 12
-0.0054921031 0.47857488 -0.12839889 234 88 12
0.11571097 0.38249197 -0.1057015 234 88 12
0.1336593 0.3644125 -0.10231818 234 88 12
0.15283247 0.34718415 -0.097892328 234 88 12
0.18014519 0.33241155 -0.096385678 234 88 12
0.18202906 0.33029037 -0.096397385 234 88 12
0.19187689 0.31666825 -0.097510897 234 88 12
0.27484674 0.19574729 -0.10994253 234 88 12
0.27833595 0.1910355 -0.11010579 234 88 12
0.28013372 0.18870634 -0.11012611 234 88 12
0.31666438 0.15371187 -0.10761057 234 88 12
-0.0046304456 0.48331662 -0.12977859 234 88 12
0.11237094 0.39138809 -0.10770898 234 88 12
0.21130853 0.30113061 -0.09956647 234 88 12
0.25930748 0.22788936 -0.10966154 234 88 12
0.26068426 0.22538543 -0.10995796 234 88 12
-0.019878205 0.50021966 -0.13506247 234 88 12
0.03217226 0.45884684 -0.1254278 234 88 12
0.084762763 0.41943654 -0.11540532 234 88 12
0.096333395 0.41063478 -0.11283369 234 88 12
0.12837063 0.3838497 -0.10600358 234 88 12
0.16611183 0.35887429 -0.099672289 234 88 12
0.16884235 0.35737031 -0.099063747 234 88 12
0.18377088 0.34706728 -0.096131033 234 88 12
0.22200819 0.29624454 -0.10049205 234 88 12
0.24653207 0.26158467 -0.1057784 234 88 12
-0.030319095 0.51169668 -0.1390429 234 88 12
0.00081957328 0.48938149 -0.13208659 234 88 12
0.0049201193 0.48632127 -0.13128444 234 88 12
0.035096891 0.46211538 -0.12622339 234 88 12
0.052348308 0.44856551 -0.12309363 234 88 12
0.07568917 0.43137459 -0.11862446 234 88 12
0.15053634 0.36911956 -0.10185003 234 88 12
0.15775498 0.36356242 -0.10000769 234 88 12
0.16792285 0.36478577 -0.10019069 234 88 12
0.19834757 0.34108195 -0.095366626 234 88 12
0.2726586 0.22101167 -0.11339701 234 88 12
0.30794551 0.18044447 -0.11207611 234 88 12
0.34361492 0.14647423 -0.10854096 234 88 12
0.042189341 0.46203607 -0.12642368 234 88 12
0.057520428 0.45004311 -0.12339867 234 88 12
0.161487 0.36724534 -0.0995619 234 88 12
0.27589503 0.2238941 -0.11457056 234 88 12
0.27934859 0.2191017 -0.11462355 234 88 12
0.3138246 0.18143473 -0.11274337 234 88 12
-0.00045385245 0.49953176 -0.13589506 234 88 12
0.084343221 0.43642338 -0.11955596 234 88 12
0.1099467 0.41789956 -0.11367903 234 88 12
0.11426461 0.41452898 -0.1127214 234 88 12
0.14156323 0.38983494 -0.1060866 234 88 12
0.20641206 0.3522623 -0.09420305 234 88 12
0.21943393 0.33411615 -0.095607245 234 88 12
0.23723786 0.30628039 -0.10094495 234 88 12
0.26033076 0.25982331 -0.11163407 234 88 12
0.26660463 0.24655679 -0.11409339 234 88 12
0.26939512 0.24147877 -0.11483445 234 88 12
0.29410356 0.20819769 -0.11521687 234 88 12
0.30894837 0.19296435 -0.11437932 234 88 12
0.31322635 0.18872297 -0.11403802 234 88 12
-0.00029697703 0.50358236 -0.1376746 234 88 12
0.027043785 0.48430132 -0.13181412 234 88 12
0.063405674 0.45657735 -0.12506718 234 88 12
0.06806463 0.45319149 -0.12420798 234 88 12
0.084983207 0.44144007 -0.12072058 234 88 12
0.092416393 0.43652938 -0.11913687 234 88 12
0.11984156 0.41660901 -0.11290227 234 88 12
0.19661545 0.37074003 -0.094935117 234 88 12
0.20538415 0.362959 -0.093461943 234 88 12
0.24724346 0.30028354 -0.10317136 234 88 12
0.26085356 0.26803018 -0.11156179 234 88 12
0.26829232 0.25194622 -0.11491041 234 88 12
0.27584716 0.23942886 -0.11651951 234 88 12
0.29205862 0.21817496 -0.11641358 234 88 12
0.30400371 0.20459592 -0.11584335 234 88 12
0.31894577 0.18955136 -0.11470589 234 88 12
0.006076527 0.50312913 -0.13799864 234 88 12
0.025305068 0.4900372 -0.13379796 234 88 12
0.040087168 0.47947431 -0.13112317 234 88 12
0.055067471 0.46821467 -0.12810891 234 88 12
0.083094833 0.4480529 -0.12237906 234 88 12
0.12330707 0.42045473 -0.1134472 234 88 12
0.19383074 0.38081203 -0.096183944 234 88 12
0.2454445 0.31350453 -0.10121305 234 88 12
0.25409856 0.29543036 -0.10632521 234 88 12
0.0039210689 0.50839702 -0.1404124 234 88 12
0.10812439 0.43719594 -0.1184894 234 88 12
0.11048275 0.43556599 -0.11790586 234 88 12
0.15939824 0.40428657 -0.10662111 234 88 12
0.17506094 0.39745295 -0.10243881 234 88 12
0.21627917 0.36944405 -0.092643916 234 88 12
0.23155745 0.34894942 -0.094229947 234 88 12
0.2680278 0.27085134 -0.11430928 234 88 12
0.28643394 0.24065241 -0.11879637 234 88 12
0.021224113 0.50082288 -0.13840456 234 88 12
0.081874737 0.45955073 -0.12572398 234 88 12
0.10885812 0.44232798 -0.1196961 234 88 12
0.21039432 0.38419451 -0.09343639 234 88 12
0.23843849 0.34779082 -0.095366025 234 88 12
0.24404937 0.33802912 -0.097556821 234 88 12
0.3069575 0.222985 -0.11906197 234 88 12
0.31485045 0.2138051 -0.11878181 234 88 12
0.027709728 0.50040162 -0.13882979 234 88 12
0.08486778 0.46281986 -0.12663299 234 88 12
0.11679142 0.44296022 -0.11924362 234 88 12
0.14378151 0.42655672 -0.1120116 234 88 12
0.25412983 0.32512164 -0.10282576 234 88 12
0.26351018 0.30062943 -0.11018954 234 88 12
0.018774274 0.5094619 -0.14304789 234 88 12
0.023234667 0.50679878 -0.14194118 234 88 12
0.12247502 0.44529523 -0.11938437 234 88 12
0.25042767 0.34395558 -0.099163311 234 88 12
0.27784807 0.27962615 -0.11758249 234 88 12
0.30149553 0.24551248 -0.12136484 234 88 12
0.32165415 0.21985784 -0.12089008 234 88 12
0.33331138 0.20602181 -0.11996344 234 88 12
0.080852173 0.47531729 -0.13059316 234 88 12
0.17009466 0.42754542 -0.10642569 234 88 12
0.17959271 0.4236505 -0.10351873 234 88 12
0.21051027 0.40926381 -0.094918755 234 88 12
0.21724366 0.40363128 -0.093624821 234 88 12
0.24019325 0.37287885 -0.094233739 234 88 12
0.2769149 0.2902715 -0.11680199 234 88 12
0.28143264 0.2826503 -0.11850131 234 88 12
0.32889775 0.21810506 -0.12177369 234 88 12
0.052538908 0.49673799 -0.13878564 234 88 12
0.15377189 0.44102607 -0.11307392 234 88 12
0.24886826 0.36576377 -0.097077772 234 88 12
0.25823085 0.34405819 -0.10284401 234 88 12
0.26234975 0.3329663 -0.10646611 234 88 12
0.26892765 0.316747 -0.11111786 234 88 12
0.10674703 0.46954717 -0.12773182 234 88 12
0.16380658 0.44275842 -0.11125577 234 88 12
0.16684011 0.44157215 -0.1101516 234 88 12
0.17306162 0.43912821 -0.10815789 234 88 12
0.23669654 0.39765917 -0.092870315 234 88 12
0.25200317 0.36892946 -0.09814891 234 88 12
0.15861693 0.45039911 -0.1149242 234 88 12
0.2197583 0.42321635 -0.095286247 234 88 12
0.22701237 0.41752433 -0.093945593 234 88 12
0.2312932 0.41327254 -0.093378107 234 88 12
0.23709399 0.40639769 -0.093173476 234 88 12
0.24340086 0.39647142 -0.093829015 234 88 12
0.25016509 0.38325616 -0.096164152 234 88 12
0.26378526 0.34943084 -0.10529507 234 88 12
0.1231047 0.47053957 -0.12721493 234 88 12
0.22819509 0.42327237 -0.094784443 234 88 12
0.24064528 0.41027076 -0.093744135 234 88 12
0.25826822 0.37543624 -0.099969943 234 88 12
0.26774493 0.34952171 -0.1074027 234 88 12
0.071588981 0.5014808 -0.14181923 234 88 12
0.094479847 0.48968548 -0.13625242 234 88 12
0.12602782 0.47372776 -0.12826213 234 88 12
0.25163371 0.4012741 -0.095602657 234 88 12
0.2806311 0.33142404 -0.11448407 234 88 12
0.30073827 0.29869378 -0.1221632 234 88 12
0.063732834 0.50883752 -0.14603661 234 88 12
0.16245633 0.46341359 -0.11918424 234 88 12
0.1872582 0.45418628 -0.11020778 234 88 12
0.21227035 0.44367805 -0.10162649 234 88 12
0.27168863 0.36138944 -0.10816647 234 88 12
0.29784705 0.31178993 -0.12082527 234 88 12
0.31589071 0.28445228 -0.12558574 234 88 12
0.065786541 0.5111409 -0.14758256 234 88 12
0.078646218 0.50524455 -0.14399764 234 88 12
0.15083833 0.47195344 -0.12511203 234 88 12
0.15945533 0.46876567 -0.12222636 234 88 12
0.18388206 0.45981151 -0.11357497 234 88 12
0.20901704 0.44986366 -0.10456045 234 88 12
0.240296 0.43229365 -0.096510398 234 88 12
0.26064667 0.40292908 -0.098302339 234 88 12
0.27266286 0.37044714 -0.10746517 234 88 12
0.30183022 0.3151475 -0.1213656 234 88 12
0.099196103 0.49891755 -0.14091402 234 88 12
0.15651713 0.47396799 -0.1252683 234 88 12
0.16533002 0.4708136 -0.12229265 234 88 12
0.19923851 0.45805269 -0.10985393 234 88 12
0.12038343 0.49258903 -0.13751627 234 88 12
0.16509396 0.47486263 -0.12437648 234 88 12
0.30352145 0.33219884 -0.11989894 234 88 12
0.11446922 0.49882982 -0.14106536 234 88 12
0.28770105 0.36548223 -0.11247435 234 88 12
0.20055852 0.46936465 -0.1156527 234 88 12
0.31164845 0.33942044 -0.1206052 234 88 12
0.18767449 0.47797641 -0.12264926 234 88 12
0.24830035 0.45196626 -0.10276699 234 88 12
0.14652933 0.49609788 -0.13843131 234 88 12
0.19902401 0.47714726 -0.12043563 234 88 12
0.23548291 0.46204048 -0.10808607 234 88 12
0.24758073 0.45640118 -0.10475967 234 88 12
0.30106659 0.37436578 -0.11408856 234 88 12
0.12022624 0.5095669 -0.14817935 234 88 12
0.151744 0.49756699 -0.13907077 234 88 12
0.24357788 0.46198616 -0.10769095 234 88 12
0.11934331 0.51300238 -0.15075308 234 88 12
0.15415463 0.50013089 -0.14061522 234 88 12
0.25756067 0.45900458 -0.10626216 234 88 12
0.32800965 0.35416969 -0.12202427 234 88 12
0.18537618 0.49264053 -0.13193762 234 88 12
0.20896791 0.48377508 -0.12344864 234 88 12
0.24453811 0.46866906 -0.11142236 234 88 12
0.182121 0.49722816 -0.13540638 234 88 12
0.19957489 0.49095719 -0.12905913 234 88 12
0.24261596 0.47665692 -0.11599774 234 88 12
0.25463799 0.47126371 -0.11267182 234 88 12
0.26369017 0.46710944 -0.11029481 234 88 12
0.21603227 0.49174614 -0.1277224 234 88 12
0.23601629 0.48322065 -0.12039891 234 88 12
0.25667962 0.47397116 -0.11413789 234 88 12
0.17805233 0.50909029 -0.14407992 234 88 12
0.18391978 0.50716063 -0.14200401 234 88 12
0.19263459 0.50423975 -0.13883477 234 88 12
0.19842287 0.50228809 -0.13674027 234 88 12
0.19513252 0.50687418 -0.14041525 234 88 12
0.21225954 0.50061074 -0.13382599 234 88 12
0.26394443 0.4780189 -0.11631364 234 88 12
0.1858058 0.51325459 -0.14616795 234 88 12
0.20049239 0.50849173 -0.14090028 234 88 12
0.25414153 0.48607614 -0.12127223 234 88 12
0.27222956 0.47798523 -0.11604127 234 88 12
0.24210548 0.49509029 -0.1277033 234 88 12
0.20809679 0.51252855 -0.14301417 234 88 12
0.272416 0.48836911 -0.12252922 234 88 12
0.28355525 0.48670832 -0.12154104 234 88 12
0.26198088 0.49982641 -0.13043568 234 88 12
0.28432337 0.49263142 -0.1255493 234 88 12
0.28621957 0.49488216 -0.1270867 234 88 12
0.30454456 0.48621082 -0.12232256 234 88 12
0.30948799 0.48678278 -0.12329624 234 88 12
0.32527723 0.48437041 -0.12438617 234 88 12
0.35397853 0.46581895 -0.12021683 234 88 12
0.3181301 0.49167968 -0.12769235 234 88 12
0.34984914 0.48106329 -0.12943034 234 88 12
-0.4096312 0.23852235 0.20717489 234 88 12
-0.41037797 0.24820625 0.20679086 234 88 12
-0.41368129 0.29259771 0.20757121 234 88 12
-0.41350293 0.28960447 0.20679599 234 88 12
-0.4132905 0.28662826 0.20599345 234 88 12
-0.41296785 0.28063429 0.20462042 234 88 12
-0.41015147 0.22802246 0.19182636 234 88 12
-0.41406058 0.29372338 0.20114128 234 88 12
-0.41335558 0.28165108 0.19816996 234 88 12
-0.41207799 0.25670672 0.19310673 234 88 12
-0.41538551 0.31804594 0.20488467 234 88 12
-0.41162868 0.23838394 0.18519925 234 88 12
-0.41198743 0.24181633 0.18361579 234 88 12
-0.41401139 0.28284618 0.18987362 234 88 12
-0.41600856 0.32554711 0.19556532 234 88 12
-0.4132749 0.26451987 0.18183111 234 88 12
-0.41539708 0.31384406 0.19067568 234 88 12
-0.41479514 0.29579865 0.18646767 234 88 12
-0.41321065 0.25846678 0.17844082 234 88 12
-0.41515589 0.30507522 0.18651193 234 88 12
-0.4141112 0.27456032 0.17969742 234 88 12
-0.41619501 0.32637889 0.18930846 234 88 12
-0.41291126 0.23412652 0.16729087 234 88 12
-0.41183316 0.20997279 0.16205388 234 88 12
-0.41493167 0.28141808 0.174793 234 88 12
-0.41730406 0.3418077 0.18603885 234 88 12
-0.41618682 0.31816933 0.18098229 234 88 12
-0.4160858 0.31517876 0.18030437 234 88 12
-0.41593078 0.30912557 0.17896762 234 88 12
-0.41569351 0.3000074 0.17683296 234 88 12
-0.41301591 0.2284916 0.16187046 234 88 12
-0.41198566 0.19610574 0.15447567 234 88 12
-0.41249198 0.20791018 0.15512714 234 88 12
-0.41221673 0.19357136 0.1515706 234 88 12
-0.41817766 0.35110274 0.18372586 234 88 12
-0.41613735 0.30343604 0.17333714 234 88 12
-0.41591798 0.2883103 0.16763937 234 88 12
-0.41493465 0.26635987 0.16311748 234 88 12
-0.41371153 0.23215131 0.15607152 234 88 12
-0.41300388 0.20586996 0.14773578 234 88 12
-0.41283519 0.19445519 0.14483622 234 88 12
-0.41325722 0.20898922 0.14627583 234 88 12
-0.413034 0.19476796 0.14260727 234 88 12
-0.41959539 0.36671472 0.17829631 234 88 12
-0.41690331 0.30711077 0.16543434 234 88 12
-0.41676932 0.30099998 0.16402007 234 88 12
-0.41374361 0.22364396 0.14774677 234 88 12
-0.42047562 0.38706014 0.18123037 234 88 12
-0.42029812 0.37852922 0.17903899 234 88 12
-0.41482877 0.24822838 0.1504786 234 88 12
-0.41382941 0.22385911 0.14567869 234 88 12
-0.41328697 0.18703727 0.13608983 234 88 12
-0.42055515 0.38446495 0.17839541 234 88 12
-0.41933274 0.36113039 0.17289302 234 88 12
-0.41915135 0.3581654 0.17226115 234 88 12
-0.41771979 0.3285986 0.16581641 234 88 12
-0.41687439 0.29506485 0.15838006 234 88 12
-0.41637565 0.28261904 0.15570761 234 88 12
-0.41541966 0.26376134 0.15182918 234 88 12
-0.4186374 0.34948316 0.1680915 234 88 12
-0.41663912 0.2858917 0.15418613 234 88 12
-0.41422571 0.23034668 0.14273079 234 88 12
-0.42018335 0.37043601 0.17068022 234 88 12
-0.41715213 0.29837222 0.15483758 234 88 12
-0.416246 0.27662738 0.15026272 234 88 12
-0.41590373 0.27036031 0.14889983 234 88 12
-0.41531742 0.25477809 0.14556194 234 88 12
-0.41410398 0.22468987 0.13929934 234 88 12
-0.42095514 0.3850223 0.17215526 234 88 12
-0.42044635 0.37357488 0.16921683 234 88 12
-0.41922454 0.35586624 0.16527852 234 88 12
-0.41437092 0.23091266 0.13834678 234 88 12
-0.41411739 0.22208241 0.13641248 234 88 12
-0.41376081 0.20251351 0.13135036 234 88 12
-0.41799941 0.32625593 0.15668638 234 88 12
-0.41586039 0.26434576 0.14338538 234 88 12
-0.42006503 0.36520341 0.1630213 234 88 12
-0.41848689 0.3383976 0.1572054 234 88 12
-0.41772086 0.31420562 0.15205693 234 88 12
-0.41749035 0.30176588 0.1492312 234 88 12
-0.41676004 0.28013604 0.14451938 234 88 12
-0.4201797 0.36541987 0.16092915 234 88 12
-0.41724249 0.28949788 0.14431254 234 88 12
-0.41603372 0.26464985 0.13902063 234 88 12
-0.41437698 0.22576088 0.1304867 234 88 12
-0.41983954 0.35966153 0.15734512 234 88 12
-0.41867378 0.3387297 0.15300708 234 88 12
-0.41748584 0.29578782 0.1434869 234 88 12
-0.41704199 0.28342649 0.14088277 234 88 12
-0.41671039 0.27725156 0.13955705 234 88 12
-0.4145777 0.22888319 0.12906716 234 88 12
-0.4136873 0.18716775 0.11828789 234 88 12
-0.41766085 0.3020907 0.14269399 234 88 12
-0.4155634 0.24973447 0.13147249 234 88 12
-0.4207812 0.37183866 0.15589221 234 88 12
-0.41948514 0.35107067 0.15112988 234 88 12
-0.41370419 0.18784195 0.11390721 234 88 12
-0.4206711 0.36907156 0.15303676 234 88 12
-0.41850288 0.32706164 0.14390901 234 88 12
-0.41444562 0.21832073 0.11973314 234 88 12
-0.4137672 0.19098657 0.11244627 234 88 12
-0.41934095 0.34537564 0.14559512 234 88 12
-0.41821374 0.31792496 0.13986332 234 88 12
-0.41781472 0.30235916 0.13630679 234 88 12
-0.41774512 0.29924575 0.13556101 234 88 12
-0.41418584 0.20500974 0.11381211 234 88 12
-0.42027259 0.36054552 0.14685595 234 88 12
-0.41452475 0.21885093 0.1152758 234 88 12
-0.41370459 0.19157712 0.10788849 234 88 12
-0.42111819 0.37267212 0.14752201 234 88 12
-0.41832861 0.32130991 0.13615873 234 88 12
-0.41810436 0.31509088 0.13479842 234 88 12
-0.414944 0.23300193 0.11656095 234 88 12
-0.41452249 0.21915744 0.11294112 234 88 12
-0.41956292 0.3489497 0.1398853 234 88 12
-0.41756413 0.29654369 0.12833465 234 88 12
-0.41633826 0.2687347 0.12226045 234 88 12
-0.41558494 0.24783821 0.11747506 234 88 12
-0.41418807 0.20594804 0.10695785 234 88 12
-0.42212987 0.3966028 0.14874753 234 88 12
-0.42197569 0.39074144 0.14727331 234 88 12
-0.42031839 0.36113827 0.14045386 234 88 12
-0.41862694 0.3278627 0.13329256 234 88 12
-0.4154538 0.24511865 0.1145817 234 88 12
-0.41457463 0.22514281 0.10981452 234 88 12
-0.41369504 0.19541112 0.10169281 234 88 12
-0.42215918 0.39684366 0.14660972 234 88 12
-0.42099378 0.37034886 0.14044519 234 88 12
-0.41669555 0.27834201 0.11988564 234 88 12
-0.41608894 0.26306089 0.11643457 234 88 12
-0.41602362 0.26009491 0.11572055 234 88 12
-0.4153367 0.24242759 0.11169928 234 88 12
-0.42035711 0.36165694 0.13612462 234 88 12
-0.41821412 0.31902786 0.12699026 234 88 12
-0.41772947 0.30643798 0.12401523 234 88 12
-0.41568127 0.25147998 0.11146924 234 88 12
-0.41436354 0.21232121 0.10173448 234 88 12
-0.42189728 0.38556876 0.13974988 234 88 12
-0.42087767 0.36786442 0.13554049 234 88 12
-0.41821809 0.3192609 0.12480849 234 88 12
-0.4165626 0.27569799 0.11479984 234 88 12
-0.41614297 0.26649399 0.11267545 234 88 12
-0.41550671 0.24580908 0.10790883 234 88 12
-0.41440863 0.21259651 0.099465251 234 88 12
-0.41417831 0.20453411 0.09713685 234 88 12
-0.41778906 0.31002087 0.12041028 234 88 12
-0.41469164 0.22354648 0.099859281 234 88 12
-0.41747767 0.30082552 0.11611931 234 88 12
-0.41720439 0.29151941 0.11386372 234 88 12
-0.41585141 0.25795034 0.10590752 234 88 12
-0.41574497 0.25499087 0.10518076 234 88 12
-0.41402927 0.19970365 0.090902887 234 88 12
-0.42207172 0.38634858 0.13312164 234 88 12
-0.42123845 0.3716365 0.1297305 234 88 12
-0.41928238 0.34463526 0.12372905 234 88 12
-0.41826525 0.32311769 0.11899391 234 88 12
-0.41799566 0.31682372 0.11754033 234 88 12
-0.41756676 0.30422132 0.11464543 234 88 12
-0.41719455 0.29174516 0.11160741 234 88 12
-0.41773822 0.31078412 0.11375996 234 88 12
-0.41649729 0.27658719 0.10560641 234 88 12
-0.41573483 0.25247817 0.099858536 234 88 12
-0.41528176 0.23805494 0.096368314 234 88 12
-0.41518668 0.2352627 0.095603468 234 88 12
-0.42128788 0.37216666 0.12528009 234 88 12
-0.42004186 0.35720288 0.12192736 234 88 12
-0.41703074 0.2891169 0.10629974 234 88 12
-0.41493939 0.22191475 0.089430906 234 88 12
-0.42083347 0.3664551 0.12181942 234 88 12
-0.4191879 0.34245605 0.11639199 234 88 12
-0.41905228 0.33939459 0.11579758 234 88 12
-0.41507425 0.224777 0.087675949 234 88 12
-0.42087465 0.3667424 0.11956709 234 88 12
-0.41564297 0.24432861 0.090495319 234 88 12
-0.41605128 0.25925614 0.091931286 234 88 12
-0.42110525 0.37031305 0.1157603 234 88 12
-0.41795611 0.31831691 0.10403292 234 88 12
-0.41755434 0.30887166 0.10176832 234 88 12
-0.41778091 0.3154484 0.10097985 234 88 12
-0.41673549 0.28417132 0.093080181 234 88 12
-0.42234057 0.38563243 0.11466174 234 88 12
-0.4186634 0.33151817 0.10255087 234 88 12
-0.41830933 0.32524743 0.10113304 234 88 12
-0.41778975 0.31575091 0.098758895 234 88 12
-0.41745177 0.30629924 0.096474807 234 88 12
-0.42256654 0.38884541 0.11309142 234 88 12
-0.42216539 0.38307445 0.11169712 234 88 12
-0.42120514 0.37124437 0.1092788 234 88 12
-0.42017721 0.35931109 0.10652015 234 88 12
-0.41873127 0.3318575 0.10024005 234 88 12
-0.41855614 0.32872321 0.09953928 234 88 12
-0.41769421 0.3128865 0.095778508 234 88 12
-0.42003954 0.35662366 0.10361749 234 88 12
-0.41939913 0.34452668 0.10085795 234 88 12
-0.41775516 0.31320658 0.093498846 234 88 12
-0.41635519 0.26971801 0.082341746 234 88 12
-0.41580825 0.23754236 0.07136222 234 88 12
-0.42232594 0.38406403 0.10510495 234 88 12
-0.4181299 0.31704115 0.089541965 234 88 12
-0.4166151 0.27068453 0.075170142 234 88 12
-0.42316601 0.39637246 0.10319675 234 88 12
-0.41751801 0.29573311 0.079103879 234 88 12
-0.41649916 0.25882197 0.069535112 234 88 12
-0.42312896 0.39382816 0.10036948 234 88 12
-0.41966851 0.34007833 0.087949278 234 88 12
-0.4193119 0.33386943 0.086377996 234 88 12
-0.41981378 0.34042256 0.085655237 234 88 12
-0.41775435 0.2933876 0.073512031 234 88 12
-0.42098429 0.35917002 0.08768786 234 88 12
-0.42193176 0.37151623 0.088247237 234 88 12
-0.42016556 0.34118287 0.0808418 234 88 12
-0.41954709 0.32859965 0.077789401 234 88 12
-0.41914704 0.32231792 0.076232365 234 88 12
-0.41728975 0.26931529 0.062171673 234 88 12
-0.41675156 0.24811252 0.056512579 234 88 12
-0.42361181 0.40111788 0.092771615 234 88 12
-0.42151679 0.36295916 0.083827577 234 88 12
-0.42032278 0.34158198 0.078402411 234 88 12
-0.41950574 0.32579406 0.07468949 234 88 12
-0.4222117 0.37235238 0.083729552 234 88 12
-0.41820355 0.28859415 0.062294994 234 88 12
-0.41747937 0.26693418 0.056557455 234 88 12
-0.4236675 0.4019178 0.088304608 234 88 12
-0.42353435 0.39615865 0.086910016 234 88 12
-0.42304512 0.38453785 0.084073436 234 88 12
-0.41895196 0.30775108 0.064757087 234 88 12
-0.41876063 0.30145545 0.06312259 234 88 12
-0.41857955 0.29524406 0.061431042 234 88 12
-0.42245313 0.37321705 0.079129969 234 88 12
-0.41812663 0.28008328 0.054844405 234 88 12
-0.41761064 0.26151142 0.050040324 234 88 12
-0.417543 0.25846408 0.049175455 234 88 12
-0.42309814 0.38253747 0.07905837 234 88 12
-0.42221999 0.36768258 0.075438273 234 88 12
-0.41713011 0.2438194 0.042827722 234 88 12
-0.42379699 0.40320644 0.081738446 234 88 12
-0.42257417 0.37116506 0.074003427 234 88 12
-0.4207683 0.33431042 0.064401768 234 88 12
-0.42018942 0.32488354 0.061838641 234 88 12
-0.41774649 0.25318792 0.042807866 234 88 12
-0.42146712 0.34419227 0.064577151 234 88 12
-0.42131346 0.34104062 0.063817793 234 88 12
-0.41861523 0.27831548 0.046726102 234 88 12
-0.42218398 0.35442291 0.062370512 234 88 12
-0.42006663 0.30417064 0.048576911 234 88 12
-0.41996413 0.30106829 0.047640684 234 88 12
-0.42411281 0.41070705 0.074357117 234 88 12
-0.41930431 0.27961707 0.039122199 234 88 12
-0.42390193 0.38537599 0.065452226 234 88 12
-0.42228163 0.34620296 0.055091427 234 88 12
-0.41967802 0.28320923 0.037555738 234 88 12
-0.41910897 0.26754098 0.033425762 234 88 12
-0.42283069 0.35294299 0.054649517 234 88 12
-0.41935943 0.26797324 0.030913249 234 88 12
-0.42217335 0.33151345 0.046013115 234 88 12
-0.41971314 0.27146612 0.029228191 234 88 12
-0.4216546 0.3097484 0.037027708 234 88 12
-0.41977441 0.26567363 0.025151117 234 88 12
-0.42476876 0.40725037 0.061568498 234 88 12
-0.424755 0.40161771 0.060140082 234 88 12
-0.42263801 0.32921707 0.040382874 234 88 12
-0.42165706 0.30387636 0.03268078 234 88 12
-0.42486273 0.40767914 0.059329472 234 88 12
-0.42386486 0.35496389 0.045124643 234 88 12
-0.42378229 0.35187183 0.044240965 234 88 12
-0.42351438 0.34560799 0.042462435 234 88 12
-0.42038693 0.26961713 0.021031746 234 88 12
-0.42470447 0.37946174 0.049609374 234 88 12
-0.42450472 0.37053482 0.047192418 234 88 12
-0.42268085 0.32063469 0.032590792 234 88 12
-0.42167952 0.29525825 0.025214229 234 88 12
-0.4201458 0.25770624 0.015549444 234 88 12
-0.42308273 0.32429475 0.031213289 234 88 12
-0.42475715 0.36250611 0.03997485 234 88 12
-0.42404599 0.3407549 0.033673878 234 88 12
-0.42500505 0.41494525 0.051628529 234 88 12
-0.42474434 0.35384814 0.035037047 234 88 12
-0.42457316 0.34756778 0.033228025 234 88 12
-0.42200367 0.28448352 0.012155868 234 88 12
-0.42141821 0.26878642 0.0082796623 234 88 12
-0.4255274 0.39904554 0.042538017 234 88 12
-0.42559837 0.39623603 0.041883205 234 88 12
-0.42551335 0.37599806 0.036246163 234 88 12
-0.42541847 0.369943 0.034549877 234 88 12
-0.42536542 0.36691251 0.033726376 234 88 12
-0.42249672 0.29129387 0.011431264 234 88 12
-0.42148226 0.26617533 0.0051025437 234 88 12
-0.42579005 0.39381281 0.038847044 234 88 12
-0.42567449 0.37342364 0.03301144 234 88 12
-0.42556099 0.36436561 0.030537025 234 88 12
-0.42497088 0.34270621 0.024092901 234 88 12
-0.42607149 0.38016802 0.030048567 234 88 12
-0.42627142 0.37168733 0.025072624 234 88 12
-0.42582559 0.41204404 0.033588443 234 88 12
-0.42624278 0.35996851 0.018994242 234 88 12
-0.42564149 0.34120274 0.013523304 234 88 12
-0.42664515 0.39562506 0.026785457 234 88 12
-0.42586224 0.34159475 0.011113133 234 88 12
-0.42587291 0.41820254 0.030553725 234 88 12
-0.42682404 0.39309797 0.023612436 234 88 12
-0.42642544 0.35147242 0.011415648 234 88 12
-0.42628332 0.41301096 0.026683782 234 88 12
-0.42692599 0.37016766 0.014372314 234 88 12
-0.42688524 0.36717611 0.013497166 234 88 12
-0.42665678 0.35496044 0.0099397235 234 88 12
-0.42549236 0.32958665 0.0022685953 234 88 12
-0.42536736 0.32644235 0.0013156728 234 88 12
-0.064620748 0.53311863 -0.049524755 234 88 12
-0.045923109 0.5330215 -0.057590646 234 88 12
-0.42696302 0.40254396 0.018657533 234 88 12
-0.42524272 0.31786812 -0.0061963995 234 88 12
-0.42539074 0.31833326 -0.0085660888 234 88 12
-0.080029078 0.53581442 -0.051932888 234 88 12
-0.42743846 0.37159149 0.0047574178 234 88 12
-0.066370634 0.53600048 -0.058445575 234 88 12
-0.42640482 0.3382152 -0.0077569513 234 88 12
-0.42790162 0.3957163 0.00412556 234 88 12
-0.42674383 0.34221143 -0.011536534 234 88 12
-0.426197 0.32954192 -0.015151444 234 88 12
-0.42593047 0.3232234 -0.017064977 234 88 12
-0.029270076 0.5371947 -0.077894953 234 88 12
-0.42793694 0.37603005 -0.0042320719 234 88 12
-0.42596866 0.32366194 -0.019431228 234 88 12
-0.072609222 0.53905368 -0.066182113 234 88 12
-0.42803505 0.37635577 -0.0066792871 234 88 12
-0.42778105 0.3645957 -0.010106666 234 88 12
-0.068315486 0.53962228 -0.070016202 234 88 12
-0.09676272 0.54099946 -0.063340916 234 88 12
-0.055254495 0.54133342 -0.08148778 234 88 12
-0.42573963 0.31695823 -0.037938253 234 88 12
-0.42775358 0.34764477 -0.048241544 234 88 12
