ply
format ascii 1.0
element vertex 10000
property float x
property float y
property float z
property uchar red
property uchar green
property uchar blue
end_header
-0.106928 0.12830693 0.21179236 234 88 12
-0.10223546 0.12825943 0.21077134 234 88 12
-0.08124059 0.12823055 0.20651416 234 88 12
-0.066805501 0.12794872 0.20340372 234 88 12
-0.030806268 0.1283256 0.19295184 234 88 12
-0.024098007 0.12858871 0.19076513 234 88 12
-0.0060545953 0.12949211 0.18485019 234 88 12
-0.064047336 0.12493391 0.20449926 234 88 12
-0.039787191 0.12498111 0.19798286 234 88 12
-0.032907811 0.12510154 0.19538597 234 88 12
-0.058810204 0.1217882 0.20520091 234 88 12
-0.070562918 0.11905799 0.20958696 234 88 12
-0.025532884 0.11577013 0.19876785 234 88 12
-0.014450493 0.11601673 0.19500776 234 88 12
-0.093052104 0.11322944 0.21775056 234 88 12
-0.062730283 0.11292446 0.21187745 234 88 12
-0.02985434 0.11262975 0.20244469 234 88 12
-0.090387796 0.11049847 0.21912773 234 88 12
-0.050504488 0.10990707 0.21113398 234 88 12
-0.1030091 0.10489487 0.22609758 234 88 12
-0.085064965 0.10522863 0.22196526 234 88 12
-0.084645829 0.1020934 0.22463274 234 88 12
0.012115022 0.062363528 0.50244565 234 88 12
0.017960129 0.062452288 0.50413109 234 88 12
-0.017328873 0.056484305 0.50454754 234 88 12
-0.036880091 0.053415917 0.50620831 234 88 12
-0.032861619 0.053551761 0.50665165 234 88 12
-0.0097206477 0.054065315 0.50902319 234 88 12
-0.13080284 0.047887234 0.49883159 234 88 12
-0.080638932 0.049546546 0.50865944 234 88 12
-0.091741593 0.04682372 0.51047542 234 88 12
-0.08410659 0.04682136 0.51152785 234 88 12
-0.048416481 0.04769382 0.51312756 234 88 12
0.10292784 0.054457813 0.49829249 234 88 12
-0.15470192 0.042105704 0.50199522 234 88 12
-0.12342205 0.043189122 0.50805952 234 88 12
-0.11313697 0.043760193 0.50999729 234 88 12
-0.061737985 0.044836942 0.51582385 234 88 12
0.012010204 0.047286318 0.52003921 234 88 12
0.015907307 0.047369102 0.52056649 234 88 12
0.021755901 0.047420736 0.52113817 234 88 12
0.08424801 0.049053942 0.51009441 234 88 12
-0.1942502 0.038414388 0.49309896 234 88 12
-0.16877068 0.039282157 0.50037669 234 88 12
-0.1625496 0.039508857 0.50211952 234 88 12
-0.095280015 0.041634626 0.51536372 234 88 12
-0.068938987 0.041961693 0.51796521 234 88 12
-0.063421779 0.042301148 0.51820918 234 88 12
-0.03831125 0.043165667 0.51809851 234 88 12
-0.030462675 0.043501356 0.51812661 234 88 12
-0.013295645 0.044172667 0.51849975 234 88 12
0.031540273 0.04506493 0.52309363 234 88 12
0.056436372 0.044813648 0.52105044 234 88 12
0.05837538 0.044842984 0.52067811 234 88 12
-0.19836138 0.036137846 0.49382524 234 88 12
-0.19161059 0.036088787 0.49591486 234 88 12
-0.18095361 0.036162592 0.49910632 234 88 12
-0.1683453 0.036852588 0.50264999 234 88 12
-0.12293717 0.038377801 0.51324235 234 88 12
-0.10686071 0.039015567 0.51597358 234 88 12
-0.0838373 0.039343779 0.51898632 234 88 12
-0.059573802 0.040123903 0.52037451 234 88 12
-0.0480737 0.040510992 0.52045495 234 88 12
-0.019003129 0.041587617 0.52040067 234 88 12
-0.017094802 0.041685542 0.52052909 234 88 12
0.068155925 0.042702458 0.52010954 234 88 12
0.086107282 0.044311842 0.51281454 234 88 12
-0.22698375 0.036118062 0.48456921 234 88 12
-0.18064288 0.033905291 0.50091 234 88 12
-0.15570934 0.035131398 0.50791836 234 88 12
-0.14748107 0.035240468 0.51020031 234 88 12
-0.12883673 0.035846388 0.51404134 234 88 12
-0.11874927 0.036305844 0.51600002 234 88 12
-0.1087326 0.036677329 0.51776884 234 88 12
-0.076211119 0.037026925 0.52159868 234 88 12
-0.024602079 0.039029726 0.52271914 234 88 12
0.0043770888 0.04042122 0.52461307 234 88 12
0.076009116 0.040898998 0.5191403 234 88 12
-0.14714887 0.033263775 0.51188749 234 88 12
-0.14103864 0.033393084 0.5135031 234 88 12
-0.081802515 0.034777861 0.52318753 234 88 12
0.00051577866 0.038150374 0.52592387 234 88 12
0.020016295 0.038475123 0.52734795 234 88 12
0.047027638 0.038147482 0.52629517 234 88 12
-0.20173997 0.029318576 0.49759135 234 88 12
-0.19269085 0.029246628 0.50051119 234 88 12
-0.16949228 0.030411753 0.50691373 234 88 12
-0.059214576 0.033230719 0.52607807 234 88 12
-0.055426193 0.033426112 0.52609227 234 88 12
-0.033955641 0.034082954 0.52649296 234 88 12
-0.032005696 0.034156868 0.52657373 234 88 12
-0.14861261 0.029255534 0.51446541 234 88 12
-0.13044812 0.0295442 0.51914248 234 88 12
-0.12844451 0.029554598 0.51967087 234 88 12
-0.12643069 0.029580082 0.52020377 234 88 12
-0.11230324 0.02997715 0.52262182 234 88 12
-0.06665345 0.030676515 0.52772055 234 88 12
-0.039781767 0.03170973 0.52809653 234 88 12
0.0082879159 0.033947264 0.5300145 234 88 12
0.045194786 0.033940124 0.52892375 234 88 12
0.1328076 0.041492763 0.4923279 234 88 12
0.1391227 0.042298859 0.48942751 234 88 12
-0.20093911 0.025166217 0.5004297 234 88 12
-0.11815106 0.027766859 0.52349333 234 88 12
-0.072195539 0.028301282 0.52906157 234 88 12
-0.0572233 0.028904842 0.52946017 234 88 12
0.0024166488 0.031519768 0.53136719 234 88 12
0.027845883 0.031978068 0.53138452 234 88 12
0.04905011 0.031864438 0.52943911 234 88 12
0.060517455 0.031725732 0.5276487 234 88 12
0.085639927 0.032553882 0.52046095 234 88 12
0.11222773 0.036523533 0.50478553 234 88 12
0.11432041 0.036846825 0.50337085 234 88 12
0.11637844 0.037131829 0.50211756 234 88 12
0.11842169 0.037401419 0.50084918 234 88 12
-0.2317888 0.024385565 0.48966518 234 88 12
-0.1320421 0.025453947 0.52239369 234 88 12
-0.087105078 0.026029472 0.5299222 234 88 12
-0.055245939 0.026705467 0.53117976 234 88 12
0.014145321 0.029601054 0.53316395 234 88 12
0.020024554 0.029714309 0.53309651 234 88 12
0.07392262 0.029855241 0.52554242 234 88 12
0.085598057 0.030401766 0.52168159 234 88 12
0.11204087 0.034248542 0.5064529 234 88 12
-0.23617341 0.022426652 0.48902477 234 88 12
-0.18913721 0.02126162 0.5065384 234 88 12
-0.13779023 0.023209824 0.5227062 234 88 12
-0.072041712 0.023963134 0.53260136 234 88 12
-0.039669336 0.025000343 0.53305364 234 88 12
-0.026204471 0.025520296 0.53385088 234 88 12
0.023915838 0.027610617 0.53425672 234 88 12
0.049080745 0.027825476 0.53161726 234 88 12
0.056774439 0.02769402 0.530424 234 88 12
0.11397412 0.032339884 0.50644905 234 88 12
0.12647252 0.033999456 0.49790659 234 88 12
-0.16371203 0.020230011 0.51612211 234 88 12
-0.14347961 0.020821641 0.52280068 234 88 12
0.075839961 0.025783227 0.52707562 234 88 12
0.091386968 0.026729811 0.52173523 234 88 12
-0.22818406 0.017567362 0.49445126 234 88 12
-0.19703571 0.016760701 0.5069897 234 88 12
-0.17986282 0.017249165 0.51250828 234 88 12
-0.17779582 0.017305984 0.51323232 234 88 12
-0.15723182 0.018118862 0.52024533 234 88 12
-0.082923694 0.019616314 0.5351697 234 88 12
-0.071808357 0.019713643 0.53573425 234 88 12
-0.04348383 0.020586154 0.53597891 234 88 12
-0.20113658 0.014578789 0.5069527 234 88 12
-0.1488308 0.015885911 0.52542007 234 88 12
-0.14282357 0.016050352 0.52728119 234 88 12
-0.12696408 0.016689833 0.53125171 234 88 12
-0.05114174 0.018247475 0.5372566 234 88 12
-0.007194678 0.019599355 0.53957054 234 88 12
0.041418298 0.021488783 0.53602555 234 88 12
0.047244154 0.021536535 0.53515782 234 88 12
0.075899581 0.021674649 0.52914905 234 88 12
-0.23945534 0.013637183 0.49154312 234 88 12
-0.15242708 0.013372031 0.52616318 234 88 12
-0.14846182 0.013500219 0.52756224 234 88 12
-0.093852962 0.015371128 0.53725809 234 88 12
-0.084528331 0.015364533 0.5380386 234 88 12
-0.0090848931 0.017293471 0.54074559 234 88 12
-0.0014134532 0.017602838 0.54088857 234 88 12
0.0024652198 0.017751595 0.54079068 234 88 12
0.023921226 0.01873187 0.53947187 234 88 12
0.033653466 0.019098359 0.53818646 234 88 12
0.079722228 0.019831942 0.52893222 234 88 12
0.083554034 0.020055607 0.52766112 234 88 12
0.08548279 0.02015994 0.52702006 234 88 12
0.12837581 0.025616829 0.49997258 234 88 12
0.13252654 0.026017817 0.49727126 234 88 12
-0.20742389 0.010401004 0.50702378 234 88 12
-0.17636724 0.010340629 0.5197516 234 88 12
-0.16603932 0.01064713 0.52341004 234 88 12
-0.10706469 0.013096135 0.53742258 234 88 12
-0.073394404 0.013410675 0.53985373 234 88 12
-0.045250578 0.014255839 0.5399146 234 88 12
-0.031793991 0.014600897 0.54042952 234 88 12
-0.0090436372 0.015154656 0.54183386 234 88 12
0.053166008 0.017422253 0.53626606 234 88 12
0.055108061 0.017420127 0.53590196 234 88 12
0.079734706 0.017860041 0.52990813 234 88 12
0.08163212 0.017966434 0.52929311 234 88 12
0.083546589 0.018084029 0.52860683 234 88 12
0.10488085 0.020137059 0.51967622 234 88 12
-0.19978434 0.0080001368 0.51194682 234 88 12
-0.13418969 0.0097501597 0.53453271 234 88 12
0.0063998363 0.013555032 0.542938 234 88 12
0.041460928 0.015182555 0.539135 234 88 12
0.053199603 0.015432465 0.53719274 234 88 12
0.097025583 0.017289326 0.52450272 234 88 12
-0.21627876 0.0063593882 0.5055364 234 88 12
-0.1535216 0.006873122 0.53050057 234 88 12
-0.10486893 0.0090047029 0.54019393 234 88 12
-0.052852753 0.010019013 0.54213895 234 88 12
-0.0089568335 0.011068357 0.54378426 234 88 12
0.060866242 0.013577503 0.5365175 234 88 12
0.13048648 0.019683275 0.50070972 234 88 12
-0.14362607 0.0054519184 0.53445553 234 88 12
-0.089666219 0.007306404 0.54230937 234 88 12
-0.048981139 0.0081150568 0.54317673 234 88 12
-0.006989651 0.0091588328 0.54473521 234 88 12
0.057124122 0.011641625 0.53811286 234 88 12
-0.21536998 0.0019410247 0.50831488 234 88 12
-0.20803073 0.0017225313 0.5121268 234 88 12
-0.13375793 0.0040080642 0.53791886 234 88 12
-0.041218032 0.0063497027 0.54412453 234 88 12
0.060954078 0.0098559194 0.53811258 234 88 12
0.12381672 0.014974018 0.508472 234 88 12
-0.21005096 -0.00034896265 0.51225477 234 88 12
-0.20047907 -0.000451732 0.51689818 234 88 12
-0.11032821 0.003048067 0.54243541 234 88 12
-0.10647592 0.0031381815 0.54284976 234 88 12
-0.082127743 0.0035277168 0.54463532 234 88 12
-0.058299575 0.0039494551 0.54529703 234 88 12
-0.052681193 0.0041067245 0.54517923 234 88 12
-0.039277263 0.0044521657 0.54518542 234 88 12
-0.027843627 0.0047719222 0.54547409 234 88 12
0.0027800745 0.0055421412 0.54632256 234 88 12
0.11262919 0.011624936 0.51902587 234 88 12
0.1282624 0.013499246 0.5052498 234 88 12
0.13264237 0.013883791 0.50144422 234 88 12
-0.1849454 -0.0021532632 0.52472468 234 88 12
-0.18287778 -0.002093218 0.52549702 234 88 12
-0.050723607 0.0021916222 0.54617857 234 88 12
-0.025917481 0.002889286 0.54636966 234 88 12
0.031829034 0.0049889855 0.5447683 234 88 12
0.047475703 0.0057647565 0.54223611 234 88 12
0.053322404 0.0060164679 0.54110551 234 88 12
0.085578748 0.0071921099 0.53295947 234 88 12
0.087472336 0.00732766 0.53226594 234 88 12
-0.00093779533 0.0016465426 0.54778896 234 88 12
0.13261892 0.0099634642 0.50303204 234 88 12
0.15033276 0.011411806 0.48860106 234 88 12
0.1568469 0.011912564 0.48485883 234 88 12
-0.26329418 -0.0049330805 0.48777137 234 88 12
-0.22867036 -0.0058744408 0.50528172 234 88 12
-0.15840464 -0.004473457 0.53539315 234 88 12
-0.12557609 -0.0030449457 0.54295186 234 88 12
-0.12360308 -0.0029888601 0.54326115 234 88 12
-0.11968527 -0.0028626375 0.5437354 234 88 12
-0.065430917 -0.0020429173 0.54787385 234 88 12
-0.048707442 -0.0016387209 0.54797121 234 88 12
-0.042973338 -0.0014355726 0.54793427 234 88 12
-0.033435628 -0.0011804368 0.54809667 234 88 12
0.031905776 0.0012722008 0.54607328 234 88 12
0.10479067 0.0054359654 0.52557221 234 88 12
0.13937261 0.0086073166 0.49758093 234 88 12
-0.22581672 -0.0078745496 0.50771269 234 88 12
-0.14864683 -0.0057560479 0.5386921 234 88 12
-0.13710148 -0.0052610014 0.54159041 234 88 12
-0.068996559 -0.0040136912 0.54857697 234 88 12
-0.054354842 -0.0037006224 0.54881943 234 88 12
-0.044842624 -0.0034360977 0.54885434 234 88 12
-0.027675422 -0.0029092517 0.54894476 234 88 12
-0.016197905 -0.0025416298 0.54913192 234 88 12
0.010668568 -0.001591638 0.54866276 234 88 12
0.033897245 -0.00045312894 0.54640969 234 88 12
0.081830439 0.0018238049 0.53639064 234 88 12
-0.26291706 -0.009063701 0.48888489 234 88 12
-0.17616207 -0.009116043 0.53162686 234 88 12
-0.1582572 -0.0080870841 0.537085 234 88 12
0.020255392 -0.0029667777 0.54867787 234 88 12
-0.25036534 -0.011364145 0.49511081 234 88 12
-0.19257805 -0.011625262 0.52632315 234 88 12
-0.18009711 -0.011129493 0.53118454 234 88 12
-0.16012414 -0.010068264 0.5373755 234 88 12
-0.14079337 -0.0091044173 0.54223619 234 88 12
-0.11932723 -0.0084355911 0.54624695 234 88 12
-0.012244266 -0.0061509495 0.55048199 234 88 12
0.010736888 -0.005242232 0.54981325 234 88 12
0.055241451 -0.0028274696 0.54426236 234 88 12
0.061079155 -0.0026298971 0.54332508 234 88 12
0.076183314 -0.0019630007 0.53968008 234 88 12
0.11900346 0.0012162431 0.51777754 234 88 12
0.13490422 0.002500613 0.50335705 234 88 12
0.14844227 0.0034762647 0.49135065 234 88 12
-0.16794452 -0.012368919 0.53585408 234 88 12
-0.1152815 -0.010170462 0.54746089 234 88 12
-0.090680574 -0.0097984102 0.54950366 234 88 12
-0.081498088 -0.0097684925 0.55014276 234 88 12
-0.067004362 -0.0096528439 0.55083436 234 88 12
-0.033243438 -0.0088263901 0.55131504 234 88 12
0.055201749 -0.0046129902 0.54495222 234 88 12
0.12118161 -0.00045515435 0.51655144 234 88 12
-0.23198837 -0.015500167 0.50707849 234 88 12
-0.22441762 -0.015562394 0.51141902 234 88 12
-0.1698881 -0.014287035 0.53606547 234 88 12
-0.061488129 -0.011431723 0.55161801 234 88 12
0.060975856 -0.0062301943 0.54467472 234 88 12
0.072410938 -0.0057416989 0.54219492 234 88 12
0.085627221 -0.0050267889 0.5377888 234 88 12
0.13266297 -0.0014571418 0.50653208 234 88 12
-0.26732468 -0.016924277 0.48830113 234 88 12
-0.24453022 -0.017316034 0.50000225 234 88 12
-0.23163742 -0.017413495 0.50785925 234 88 12
-0.19007421 -0.016954116 0.52958884 234 88 12
-0.15599083 -0.015425757 0.54099189 234 88 12
-0.12892129 -0.014300304 0.54705698 234 88 12
-0.099830452 -0.013516917 0.55026838 234 88 12
-0.086866029 -0.013468453 0.55111494 234 88 12
-0.044591631 -0.012978566 0.55241353 234 88 12
0.0013160966 -0.011125475 0.55187872 234 88 12
0.016549986 -0.010348053 0.55098533 234 88 12
0.085595555 -0.0067954078 0.53840807 234 88 12
0.09899608 -0.00576987 0.53210251 234 88 12
0.10092957 -0.00561377 0.53108432 234 88 12
-0.24169948 -0.019259959 0.50214675 234 88 12
-0.077640643 -0.015270387 0.55211367 234 88 12
-0.038854151 -0.014690555 0.55306319 234 88 12
0.014657328 -0.012252115 0.55167733 234 88 12
0.066575934 -0.0095254554 0.54486468 234 88 12
0.13271204 -0.005162896 0.50715775 234 88 12
0.15801936 -0.0035504582 0.48539578 234 88 12
-0.25983289 -0.021047425 0.49217998 234 88 12
-0.18370567 -0.02031574 0.53349105 234 88 12
-0.12480904 -0.017725655 0.54905643 234 88 12
-0.12282075 -0.017664522 0.54932733 234 88 12
-0.1034685 -0.0171334 0.55119722 234 88 12
-0.083061441 -0.017086569 0.55240716 234 88 12
0.007029572 -0.014475398 0.55250536 234 88 12
0.026187681 -0.013377262 0.55119065 234 88 12
0.047361435 -0.012094093 0.5486173 234 88 12
0.097024329 -0.0093975888 0.53402616 234 88 12
0.1009489 -0.0090927714 0.5318425 234 88 12
-0.20727565 -0.022899218 0.52329115 234 88 12
-0.14820281 -0.02041639 0.54525654 234 88 12
-0.00057453699 -0.016708247 0.55324571 234 88 12
0.087416325 -0.011849349 0.53918025 234 88 12
-0.1366168 -0.021718205 0.54847141 234 88 12
-0.13466009 -0.021635439 0.54881875 234 88 12
-0.057547202 -0.020681855 0.55444489 234 88 12
0.072109549 -0.014404963 0.54515981 234 88 12
0.085522707 -0.013719163 0.54049827 234 88 12
0.091279905 -0.01329487 0.53778447 234 88 12
0.10102086 -0.012589725 0.53261002 234 88 12
0.1089118 -0.012057164 0.52788812 234 88 12
-0.18771651 -0.025982859 0.53380353 234 88 12
-0.13853836 -0.023577793 0.5487404 234 88 12
-0.1168818 -0.022765265 0.5516885 234 88 12
-0.062959163 -0.022594094 0.55463516 234 88 12
-0.015894886 -0.021327585 0.55461465 234 88 12
0.014654035 -0.0195003 0.55326207 234 88 12
0.02809793 -0.018705249 0.55239878 234 88 12
0.051074128 -0.017236459 0.55001916 234 88 12
0.1010477 -0.014359832 0.53294877 234 88 12
0.10299721 -0.014228291 0.53177905 234 88 12
0.10497123 -0.014103944 0.53064221 234 88 12
0.13746375 -0.012417334 0.50339232 234 88 12
-0.26710006 -0.028684996 0.48928796 234 88 12
-0.22720241 -0.028806827 0.51352207 234 88 12
-0.18566046 -0.027717224 0.53529646 234 88 12
-0.16742022 -0.026670411 0.54215667 234 88 12
-0.15956341 -0.026185102 0.5445576 234 88 12
-0.12273801 -0.024704111 0.55168695 234 88 12
-0.00062247093 -0.022307979 0.55447207 234 88 12
0.047234258 -0.019330907 0.55149661 234 88 12
0.04912476 -0.019200059 0.55119114 234 88 12
0.091340144 -0.016794511 0.53863617 234 88 12
0.099132889 -0.016267814 0.53438011 234 88 12
0.12582635 -0.014908495 0.51493222 234 88 12
-0.20454665 -0.030245339 0.52677425 234 88 12
-0.023442033 -0.025525608 0.55589957 234 88 12
-0.019656442 -0.025347273 0.5556626 234 88 12
0.037660234 -0.021761545 0.55287273 234 88 12
0.071842816 -0.019497369 0.54672595 234 88 12
0.12365623 -0.016888606 0.51710242 234 88 12
0.15641351 -0.015341435 0.48642191 234 88 12
0.15865108 -0.01520388 0.48485794 234 88 12
-0.26455406 -0.032720772 0.49063269 234 88 12
-0.23730807 -0.032750446 0.50773013 234 88 12
-0.21085816 -0.03224464 0.52387238 234 88 12
-0.20446994 -0.032093152 0.52731206 234 88 12
-0.20017943 -0.031939205 0.52951928 234 88 12
-0.11880739 -0.028099175 0.55304951 234 88 12
-0.091897807 -0.027846221 0.55500862 234 88 12
-0.086406255 -0.027923678 0.55509856 234 88 12
-0.075477589 -0.028116168 0.55554276 234 88 12
0.056502285 -0.022230968 0.55163619 234 88 12
0.060309812 -0.021934614 0.55077828 234 88 12
0.095304366 -0.020079217 0.53709123 234 88 12
0.12594507 -0.018725703 0.51519817 234 88 12
0.14224207 -0.018013308 0.49902604 234 88 12
-0.25138691 -0.034842019 0.49837154 234 88 12
-0.20439482 -0.033936727 0.5278033 234 88 12
-0.10891153 -0.029645057 0.55445863 234 88 12
-0.088175961 -0.029727066 0.55553178 234 88 12
-0.082668427 -0.02983704 0.55574471 234 88 12
-0.03291549 -0.029700564 0.55698051 234 88 12
-0.021490189 -0.02924701 0.55653532 234 88 12
-0.010165168 -0.028641989 0.55601769 234 88 12
0.03572798 -0.025547714 0.55401336 234 88 12
0.097297753 -0.021772402 0.53616054 234 88 12
0.10117171 -0.021548573 0.53391531 234 88 12
0.12599257 -0.020642083 0.51530439 234 88 12
0.13511191 -0.020304353 0.50632737 234 88 12
-0.20432884 -0.035793844 0.52825077 234 88 12
-0.1631133 -0.033826141 0.54718356 234 88 12
-0.16120287 -0.033733499 0.54783047 234 88 12
-0.15363015 -0.033346392 0.54986162 234 88 12
-0.12862504 -0.032119137 0.55311669 234 88 12
-0.10889018 -0.031427138 0.55493267 234 88 12
-0.10694527 -0.031412605 0.55514939 234 88 12
-0.059202782 -0.032076416 0.55720263 234 88 12
0.0089549999 -0.029167465 0.55542564 234 88 12
0.016550269 -0.02856469 0.55495492 234 88 12
0.095358516 -0.023714693 0.53746401 234 88 12
-0.25937722 -0.038813178 0.49362691 234 88 12
-0.24548699 -0.038698823 0.50253713 234 88 12
-0.17304902 -0.03609282 0.54400691 234 88 12
-0.12859449 -0.033932875 0.55362751 234 88 12
-0.10300689 -0.033220655 0.55592761 234 88 12
-0.071711872 -0.033829521 0.55714288 234 88 12
-0.051827837 -0.033951734 0.55757891 234 88 12
0.0050837146 -0.031313823 0.55596963 234 88 12
0.024174902 -0.02984534 0.55481707 234 88 12
0.044912239 -0.028549542 0.55528411 234 88 12
0.083444996 -0.026139863 0.54400407 234 88 12
0.13514265 -0.024207811 0.50642754 234 88 12
-0.19209153 -0.038984965 0.53522529 234 88 12
-0.18378007 -0.038501443 0.53932388 234 88 12
-0.16103164 -0.037368934 0.54941485 234 88 12
-0.1265771 -0.035654382 0.55417791 234 88 12
-0.089805718 -0.035226704 0.55689095 234 88 12
-0.084284361 -0.035355161 0.55707251 234 88 12
-0.036684739 -0.035531942 0.55799122 234 88 12
0.01839002 -0.032121944 0.55550224 234 88 12
0.046703167 -0.030174051 0.55576711 234 88 12
0.081405786 -0.028071567 0.54527121 234 88 12
-0.13634747 -0.038024227 0.55402069 234 88 12
-0.11466689 -0.036923255 0.55571771 234 88 12
-0.099060835 -0.036866097 0.55681875 234 88 12
-0.078737729 -0.037332368 0.55756821 234 88 12
-0.030951983 -0.037248372 0.55814793 234 88 12
-0.0083280723 -0.036109953 0.55733935 234 88 12
-0.00078796108 -0.035524413 0.55694163 234 88 12
0.085467051 -0.029698685 0.54356299 234 88 12
0.11549534 -0.028571505 0.52452809 234 88 12
0.13522684 -0.028157514 0.50651596 234 88 12
0.15479842 -0.027415222 0.48668635 234 88 12
-0.25105334 -0.044800683 0.49880135 234 88 12
-0.18160647 -0.042005415 0.54132869 234 88 12
-0.15530179 -0.040654607 0.55208359 234 88 12
-0.15158698 -0.040502714 0.55290758 234 88 12
-0.12252125 -0.039071034 0.55533655 234 88 12
-0.049943929 -0.03958355 0.55828781 234 88 12
-0.036701057 -0.039273379 0.55838101 234 88 12
-0.030925946 -0.039087555 0.55830701 234 88 12
-0.013926892 -0.038289769 0.55786323 234 88 12
-0.002715689 -0.037548157 0.55725817 234 88 12
0.081387781 -0.031720476 0.54581099 234 88 12
0.12618765 -0.030336163 0.51542022 234 88 12
0.13770532 -0.030026967 0.50385948 234 88 12
0.15956211 -0.029146492 0.48298954 234 88 12
-0.2122259 -0.045601284 0.52540189 234 88 12
-0.18385877 -0.04396976 0.54041068 234 88 12
-0.14015405 -0.041789757 0.55485103 234 88 12
-0.10464138 -0.040330344 0.5570216 234 88 12
-0.075046376 -0.041045037 0.55807399 234 88 12
-0.046185978 -0.041378734 0.55839783 234 88 12
0.065080532 -0.034617321 0.55497754 234 88 12
-0.24176109 -0.048514903 0.50586011 234 88 12
-0.23868733 -0.048452496 0.50825763 234 88 12
-0.10845038 -0.042156098 0.55709842 234 88 12
-0.1026313 -0.042119426 0.5575078 234 88 12
-0.078567169 -0.042698524 0.55826315 234 88 12
-0.049876349 -0.043244686 0.55850475 234 88 12
-0.0027346804 -0.041203579 0.5576304 234 88 12
0.023992182 -0.038877059 0.55637856 234 88 12
0.12630508 -0.034156512 0.51517059 234 88 12
-0.22277818 -0.049904436 0.51955127 234 88 12
-0.18158882 -0.047438097 0.54235936 234 88 12
-0.13807122 -0.045258783 0.55545193 234 88 12
0.039128887 -0.039316323 0.55681167 234 88 12
0.044676266 -0.038892423 0.55729964 234 88 12
0.061200572 -0.038200165 0.55628433 234 88 12
0.064951644 -0.038122746 0.55555121 234 88 12
0.081372897 -0.037240243 0.54630014 234 88 12
0.089556266 -0.036818055 0.5413834 234 88 12
0.09359936 -0.036668054 0.53888986 234 88 12
0.14561377 -0.035615792 0.49471665 234 88 12
0.1602672 -0.035100635 0.48168585 234 88 12
-0.26701282 -0.05267665 0.48852748 234 88 12
-0.22268639 -0.05183528 0.51971094 234 88 12
-0.13402721 -0.046891429 0.55558246 234 88 12
-0.12410839 -0.046377986 0.55600053 234 88 12
-0.04045224 -0.046637268 0.55841617 234 88 12
0.02968119 -0.041836473 0.55647938 234 88 12
0.06117658 -0.039901467 0.55650445 234 88 12
0.10175026 -0.038266553 0.53353021 234 88 12
0.10375219 -0.038237284 0.53228408 234 88 12
0.12859023 -0.037963159 0.51274901 234 88 12
0.1431275 -0.037621613 0.4971533 234 88 12
-0.25676536 -0.054892655 0.49453236 234 88 12
-0.2385337 -0.054378848 0.5084845 234 88 12
-0.20212788 -0.052636505 0.53099928 234 88 12
-0.14560052 -0.049087435 0.55522864 234 88 12
-0.13195971 -0.048581589 0.55562154 234 88 12
-0.085532369 -0.047702408 0.55858169 234 88 12
-0.06232946 -0.048419649 0.55855079 234 88 12
-0.044160103 -0.048524134 0.55833285 234 88 12
-0.030835078 -0.048039147 0.55823162 234 88 12
0.020075001 -0.044480968 0.55684901 234 88 12
0.039093638 -0.042726395 0.55689875 234 88 12
0.062990716 -0.041550404 0.55621572 234 88 12
0.072872945 -0.041284465 0.55202361 234 88 12
0.10987815 -0.039979606 0.52785257 234 88 12
0.11802787 -0.039861127 0.5216912 234 88 12
-0.22979158 -0.055927844 0.51515566 234 88 12
-0.19049421 -0.053667417 0.53718496 234 88 12
-0.11989765 -0.04975969 0.55633838 234 88 12
-0.10404558 -0.049170948 0.55775189 234 88 12
-0.040303782 -0.050186446 0.5582123 234 88 12
0.05390874 -0.043456483 0.55733097 234 88 12
0.066739883 -0.04314911 0.55515594 234 88 12
0.083408268 -0.042479196 0.54497646 234 88 12
0.11198364 -0.041795178 0.52610689 234 88 12
0.16081731 -0.041058962 0.48026212 234 88 12
-0.22041188 -0.057454016 0.52124494 234 88 12
-0.19049435 -0.055528351 0.53711523 234 88 12
-0.063950408 -0.051841893 0.55856345 234 88 12
-0.044025245 -0.052049635 0.55814263 234 88 12
0.0046589374 -0.04935762 0.55740972 234 88 12
0.031534081 -0.046818335 0.55656825 234 88 12
0.052108047 -0.045191713 0.55732274 234 88 12
0.055760263 -0.045044938 0.55716273 234 88 12
0.087682069 -0.044045384 0.54195133 234 88 12
-0.22044698 -0.059339196 0.52121824 234 88 12
-0.18141811 -0.056650631 0.54280158 234 88 12
-0.1492096 -0.054512592 0.55482263 234 88 12
0.019936602 -0.049672145 0.55664158 234 88 12
0.098294966 -0.045541308 0.53483451 234 88 12
0.050274146 -0.048634243 0.55700442 234 88 12
0.057633491 -0.048342642 0.55669362 234 88 12
0.06123326 -0.048244478 0.55623199 234 88 12
0.12484408 -0.047262013 0.5152954 234 88 12
-0.15863204 -0.058541535 0.55282079 234 88 12
-0.085039358 -0.056359899 0.55795388 234 88 12
-0.067227784 -0.056943784 0.55804201 234 88 12
0.046566585 -0.050604081 0.5567538 234 88 12
-0.20234699 -0.063870625 0.53038228 234 88 12
-0.19063142 -0.06304229 0.53618545 234 88 12
-0.17428381 -0.061602202 0.54690292 234 88 12
-0.14331568 -0.059695006 0.55451494 234 88 12
-0.083197232 -0.058193702 0.55764069 234 88 12
0.010258036 -0.055731298 0.55633686 234 88 12
0.029517466 -0.053816993 0.55592143 234 88 12
0.046589945 -0.05231951 0.55642415 234 88 12
0.072595948 -0.051585856 0.55156835 234 88 12
0.090224121 -0.051297258 0.5390854 234 88 12
0.14714616 -0.051155638 0.49084947 234 88 12
-0.19467896 -0.06522658 0.5337575 234 88 12
-0.18853054 -0.064832527 0.53697922 234 88 12
-0.13349455 -0.061308002 0.55438518 234 88 12
-0.11734935 -0.06057957 0.5551194 234 88 12
-0.07960501 -0.060122246 0.55710068 234 88 12
0.0064301221 -0.057741063 0.55608054 234 88 12
0.068641404 -0.0534098 0.55303623 234 88 12
0.070574411 -0.05339964 0.55225143 234 88 12
0.12737059 -0.052847826 0.51216104 234 88 12
-0.1837307 -0.066339602 0.53998817 234 88 12
-0.17445227 -0.065280342 0.54608212 234 88 12
-0.13148519 -0.063171146 0.5538241 234 88 12
-0.083098196 -0.06212691 0.55641546 234 88 12
0.0045267147 -0.059602014 0.55560057 234 88 12
0.057717259 -0.055286389 0.55504654 234 88 12
0.081229664 -0.055237764 0.54509491 234 88 12
-0.16862106 -0.066830776 0.5480578 234 88 12
-0.14737211 -0.065612144 0.55234522 234 88 12
-0.088416472 -0.064057943 0.55556685 234 88 12
-0.03450568 -0.063948551 0.55505767 234 88 12
-0.025140343 -0.063365538 0.55501356 234 88 12
-0.021397334 -0.063095358 0.55501948 234 88 12
0.0063597076 -0.061215006 0.55499263 234 88 12
0.0082169435 -0.061085941 0.55492127 234 88 12
0.021644451 -0.059904645 0.55491865 234 88 12
0.029399308 -0.059174946 0.55468633 234 88 12
0.048509601 -0.057480484 0.55494705 234 88 12
0.064986533 -0.057058244 0.55302607 234 88 12
-0.18057041 -0.069641359 0.54162674 234 88 12
-0.1785671 -0.06945885 0.54275558 234 88 12
-0.13963058 -0.067398146 0.55246812 234 88 12
-0.042004378 -0.06614943 0.55432142 234 88 12
-0.034482379 -0.06593273 0.55427638 234 88 12
-0.032603676 -0.06580265 0.55427007 234 88 12
0.068749827 -0.059019022 0.55131953 234 88 12
0.093047581 -0.059147665 0.53539942 234 88 12
0.11957795 -0.058577281 0.51738099 234 88 12
-0.23320547 -0.075389153 0.50992339 234 88 12
-0.17081661 -0.070988475 0.54562988 234 88 12
-0.13964264 -0.069655768 0.5515457 234 88 12
-0.12957566 -0.069373635 0.55179491 234 88 12
-0.11720675 -0.068825184 0.5525732 234 88 12
-0.027058369 -0.067243593 0.55333954 234 88 12
0.023526859 -0.063543301 0.55348312 234 88 12
-0.20096589 -0.075777831 0.52804764 234 88 12
-0.15346403 -0.072209591 0.54899677 234 88 12
-0.10505064 -0.070482992 0.55222027 234 88 12
-0.09924622 -0.070362932 0.55235852 234 88 12
-0.084587183 -0.070211143 0.55267482 234 88 12
-0.016006517 -0.068289529 0.55237206 234 88 12
-0.0012590533 -0.067265814 0.55251602 234 88 12
0.011875241 -0.066348871 0.55269993 234 88 12
0.061538005 -0.062648651 0.55169686 234 88 12
0.063394214 -0.062644321 0.55135662 234 88 12
0.14583702 -0.062918292 0.4906556 234 88 12
-0.16529186 -0.074808451 0.54497806 234 88 12
-0.025302768 -0.070838124 0.55130455 234 88 12
-0.01603405 -0.070168485 0.55136998 234 88 12
0.0080135764 -0.068516442 0.55164867 234 88 12
-0.26668867 -0.084829598 0.47912905 234 88 12
-0.2213232 -0.080802536 0.51671261 234 88 12
-0.21928204 -0.080696263 0.51791296 234 88 12
-0.16162488 -0.076891876 0.5442583 234 88 12
-0.11932298 -0.075501906 0.54885372 234 88 12
-0.07560507 -0.074205566 0.55030353 234 88 12
-0.068493614 -0.074219158 0.55016043 234 88 12
-0.030857877 -0.073151239 0.5501342 234 88 12
0.050412823 -0.067074392 0.55109608 234 88 12
0.081039809 -0.067068375 0.54250237 234 88 12
0.10190203 -0.067170019 0.52716475 234 88 12
-0.23864078 -0.085500887 0.500604 234 88 12
-0.15011884 -0.078971999 0.54471385 234 88 12
-0.10117297 -0.076787827 0.54827489 234 88 12
-0.082674068 -0.076367604 0.54873975 234 88 12
-0.030913836 -0.07507765 0.54876591 234 88 12
-0.014308394 -0.073903385 0.54887366 234 88 12
0.046695729 -0.069436325 0.54988932 234 88 12
0.052281618 -0.069006316 0.54998671 234 88 12
0.097701052 -0.069455185 0.52909797 234 88 12
0.12653779 -0.068470203 0.50940588 234 88 12
-0.11941144 -0.079910716 0.54562029 234 88 12
-0.1152662 -0.07965457 0.54594517 234 88 12
-0.049198925 -0.078182521 0.54729896 234 88 12
-0.036556739 -0.077493601 0.5473529 234 88 12
-0.018063004 -0.076031947 0.54733006 234 88 12
-0.0087655575 -0.075484525 0.54757622 234 88 12
0.011648022 -0.074077823 0.54818481 234 88 12
0.099931942 -0.071498372 0.52697858 234 88 12
0.13120023 -0.070537028 0.50498415 234 88 12
-0.15261592 -0.083955958 0.53959988 234 88 12
-0.034726106 -0.079248667 0.54556631 234 88 12
-0.032891816 -0.079084094 0.54553084 234 88 12
-0.0087757425 -0.077378549 0.54589358 234 88 12
0.11019028 -0.073089151 0.52009795 234 88 12
0.13363488 -0.072554135 0.50242025 234 88 12
0.1586117 -0.072852276 0.47591745 234 88 12
-0.26282301 -0.09407569 0.47590364 234 88 12
-0.014362549 -0.079703868 0.54393646 234 88 12
-0.0087786192 -0.079317277 0.5439613 234 88 12
0.052452974 -0.075466704 0.54635704 234 88 12
0.079521616 -0.075250265 0.54017488 234 88 12
0.087865523 -0.075542704 0.53482177 234 88 12
0.12063013 -0.074783302 0.51239823 234 88 12
0.12935204 -0.074599318 0.50577451 234 88 12
-0.26292442 -0.096244329 0.47461779 234 88 12
-0.22690508 -0.09127238 0.50772022 234 88 12
0.044990799 -0.078195276 0.54454637 234 88 12
0.085906289 -0.077589813 0.53531875 234 88 12
0.095767193 -0.077842638 0.52779109 234 88 12
-0.26745853 -0.098219653 0.47170394 234 88 12
-0.2584511 -0.09857792 0.47529414 234 88 12
-0.25357802 -0.098630764 0.4779059 234 88 12
0.11671816 -0.079147313 0.51361278 234 88 12
0.14741071 -0.079382163 0.48504932 234 88 12
-0.25851985 -0.10074272 0.4740234 234 88 12
-0.21590468 -0.095607019 0.5123424 234 88 12
-0.20812468 -0.095639517 0.51536809 234 88 12
-0.19692078 -0.096688703 0.51729894 234 88 12
0.058520132 -0.081922381 0.54165443 234 88 12
-0.26086003 -0.10276573 0.47193375 234 88 12
-0.21851144 -0.097366682 0.50945489 234 88 12
0.04912215 -0.084488048 0.53982715 234 88 12
0.052888572 -0.084302494 0.54005534 234 88 12
0.1026662 -0.083928965 0.52019038 234 88 12
0.14168279 -0.082986387 0.48996056 234 88 12
-0.26773941 -0.10453483 0.4682898 234 88 12
0.10644788 -0.085974873 0.51734147 234 88 12
0.11080315 -0.085795541 0.51465208 234 88 12
0.12833235 -0.085305727 0.50248123 234 88 12
0.091274447 -0.087983792 0.52681224 234 88 12
-0.26996074 -0.10842994 0.46525625 234 88 12
-0.20664531 -0.10522807 0.50780346 234 88 12
0.063253783 -0.090362623 0.53443144 234 88 12
0.067244451 -0.09017683 0.53414854 234 88 12
0.091538408 -0.089988111 0.52545244 234 88 12
0.12446303 -0.089726057 0.50312583 234 88 12
0.098267646 -0.092190941 0.51954563 234 88 12
0.10776373 -0.096424108 0.51004248 234 88 12
-0.23957157 -0.12671242 0.46372077 234 88 12
0.1397258 -0.12055834 0.4581815 234 88 12
-0.23920443 -0.13827362 0.45401263 234 88 12
0.12903299 -0.12609737 0.45477278 234 88 12
0.14013407 -0.12706538 0.45123949 234 88 12
-0.21175701 -0.14330473 0.45270608 234 88 12
-0.21391827 -0.14504425 0.45096174 234 88 12
0.13156572 -0.13399115 0.44561944 234 88 12
0.1426509 -0.13286316 0.44502495 234 88 12
0.12031791 -0.13700022 0.44279383 234 88 12
0.12955065 -0.13824973 0.4417694 234 88 12
0.13616517 -0.13759929 0.44196653 234 88 12
0.14726042 -0.13651621 0.44119245 234 88 12
-0.059220177 0.063901106 0.49466294 234 88 12
-0.059455096 0.064399034 0.48433859 234 88 12
-0.076987893 0.06114959 0.477726 234 88 12
-0.059545266 0.064574704 0.48087956 234 88 12
-0.045236487 0.06768952 0.48331123 234 88 12
-0.0063311435 0.071445158 0.49566254 234 88 12
-0.021947577 0.071078232 0.48748316 234 88 12
-0.04851295 0.067731634 0.47196888 234 88 12
-0.012815904 0.071430211 0.48554733 234 88 12
-0.039957352 0.069407189 0.47216442 234 88 12
-0.0034075571 0.071432943 0.4871478 234 88 12
-0.031299719 0.070678505 0.47268043 234 88 12
-0.043054726 0.069153073 0.46737599 234 88 12
-0.16980365 0.07351311 0.40265756 234 88 12
-0.043228499 0.069365305 0.46386411 234 88 12
-0.064185582 0.066465055 0.45484413 234 88 12
-0.079568257 0.064786641 0.44845398 234 88 12
-0.17002533 0.073960351 0.39924259 234 88 12
-0.028506152 0.070970135 0.46733773 234 88 12
-0.18947525 0.070389498 0.38943329 234 88 12
-0.019334672 0.071059935 0.46898905 234 88 12
-0.052785316 0.068876715 0.45274272 234 88 12
0.0060271274 0.070913838 0.47892539 234 88 12
-0.028727416 0.070914043 0.46063388 234 88 12
-0.14775414 0.074012362 0.40032061 234 88 12
-0.1705503 0.075075337 0.38918905 234 88 12
0.022016442 0.071039649 0.48391953 234 88 12
-0.069279753 0.068759238 0.43793335 234 88 12
-0.16776165 0.075701553 0.38699781 234 88 12
0.0092268727 0.070561645 0.47411458 234 88 12
-0.0065658598 0.070403413 0.46613987 234 88 12
0.0060739793 0.070282222 0.46951058 234 88 12
-0.01287279 0.070291565 0.45962353 234 88 12
-0.10250425 0.069606963 0.41495201 234 88 12
0.021804425 0.070703193 0.47412145 234 88 12
0.0060471465 0.070152876 0.46639567 234 88 12
-0.032289946 0.070996168 0.44567413 234 88 12
-0.051451903 0.071020095 0.4356919 234 88 12
-0.1251695 0.073695335 0.39864361 234 88 12
-0.18198899 0.074234941 0.37244495 234 88 12
-0.18720842 0.072915751 0.37087359 234 88 12
-0.065149355 0.071472737 0.42520969 234 88 12
-0.11091464 0.071947129 0.40311732 234 88 12
-0.20195526 0.067856071 0.36460712 234 88 12
-0.0033756844 0.069829292 0.45512355 234 88 12
-0.055757566 0.071956285 0.42654509 234 88 12
-0.090913407 0.070890608 0.40990716 234 88 12
-0.13951566 0.076467014 0.38068193 234 88 12
-0.1464042 0.077245949 0.37711231 234 88 12
-0.15311114 0.077865187 0.37374179 234 88 12
-0.026211237 0.070746116 0.43628766 234 88 12
-0.043060044 0.07223097 0.42655497 234 88 12
-0.073472709 0.073710121 0.40676917 234 88 12
-0.12321329 0.075736693 0.38248219 234 88 12
-0.12681807 0.076602854 0.37721593 234 88 12
-0.15658233 0.079077228 0.36211311 234 88 12
-0.016523057 0.070315327 0.43221677 234 88 12
-0.083767071 0.074476232 0.39516406 234 88 12
-0.086876681 0.074301132 0.39380801 234 88 12
-0.12034788 0.076349566 0.3770876 234 88 12
0.022666816 0.072987572 0.44709772 234 88 12
0.019565598 0.072766354 0.44564606 234 88 12
0.0075414869 0.071608972 0.44034427 234 88 12
-0.0013178866 0.070792196 0.43654159 234 88 12
-0.077781311 0.075122207 0.39432201 234 88 12
-0.09340849 0.074501523 0.38749027 234 88 12
-0.096525793 0.074450892 0.38594444 234 88 12
-0.087493985 0.075244396 0.38667441 234 88 12
-0.099947877 0.074994588 0.38070261 234 88 12
-0.048594067 0.07469685 0.40321594 234 88 12
-0.065252193 0.075702463 0.39376927 234 88 12
-0.12436772 0.077925715 0.36491774 234 88 12
-0.16856315 0.079096329 0.34498333 234 88 12
-0.05214188 0.075148487 0.39791842 234 88 12
-0.078574087 0.076367491 0.38380194 234 88 12
-0.10041382 0.075821948 0.37391044 234 88 12
-0.15682269 0.080167818 0.34611266 234 88 12
-0.20556903 0.066638428 0.3343271 234 88 12
-0.20769516 0.065374167 0.33423787 234 88 12
0.027034355 0.075811808 0.43512105 234 88 12
-0.058926027 0.075758328 0.39074945 234 88 12
-0.082023056 0.076729372 0.37887878 234 88 12
-0.11792141 0.077887561 0.36157224 234 88 12
-0.13769599 0.079381004 0.35200908 234 88 12
0.0088524408 0.074171948 0.4239125 234 88 12
-0.13128233 0.079097764 0.35215798 234 88 12
-0.15685182 0.08047319 0.33997169 234 88 12
-0.19413045 0.072232331 0.33014252 234 88 12
-0.088678724 0.077012694 0.36937308 234 88 12
-0.15382034 0.080684238 0.33813438 234 88 12
-0.198691 0.070195001 0.32658822 234 88 12
0.038058161 0.078931263 0.42959434 234 88 12
0.0027705734 0.073912497 0.4149371 234 88 12
-0.19161376 0.073239286 0.32495497 234 88 12
0.016280826 0.077242078 0.4163903 234 88 12
-0.12495675 0.079332657 0.34584225 234 88 12
-0.13144203 0.079632813 0.34278196 234 88 12
-0.19621365 0.071237256 0.32135384 234 88 12
0.071107725 0.080761939 0.43786865 234 88 12
0.063896561 0.081048279 0.43419038 234 88 12
0.060381925 0.081118526 0.4324331 234 88 12
0.056899417 0.081144271 0.43079187 234 88 12
0.021656755 0.078869604 0.41511472 234 88 12
0.0049995997 0.075331983 0.40908814 234 88 12
-0.09532808 0.077698084 0.35675399 234 88 12
-0.098371479 0.07762166 0.35550032 234 88 12
-0.1217269 0.079312765 0.34424664 234 88 12
-0.20059237 0.068939536 0.3180117 234 88 12
0.015587905 0.078419938 0.40916598 234 88 12
-0.029306909 0.074969266 0.38879162 234 88 12
-0.16267836 0.08081431 0.32283381 234 88 12
-0.17373367 0.079008266 0.31989691 234 88 12
-0.20476345 0.066379685 0.31483346 234 88 12
0.066487223 0.082503156 0.42802606 234 88 12
0.01250529 0.078346437 0.40470416 234 88 12
-0.003601915 0.074341596 0.39944048 234 88 12
-0.1958706 0.071098451 0.31291349 234 88 12
0.069660414 0.083118561 0.42584253 234 88 12
0.02298493 0.081891346 0.40145981 234 88 12
-0.0011774777 0.075507466 0.39386298 234 88 12
-0.040139167 0.076909099 0.37301464 234 88 12
-0.18867542 0.074283409 0.30818713 234 88 12
-0.20435363 0.066120703 0.30669787 234 88 12
0.0065265665 0.078126543 0.3928907 234 88 12
-0.022680223 0.075095192 0.38012163 234 88 12
-0.073848595 0.07914335 0.35136051 234 88 12
-0.10198049 0.078777378 0.33840865 234 88 12
-0.10506308 0.078812039 0.33706489 234 88 12
-0.19325861 0.072154481 0.30474692 234 88 12
-0.090115298 0.079569273 0.34057361 234 88 12
-0.20186663 0.067207547 0.29847847 234 88 12
0.056745455 0.086755955 0.40155893 234 88 12
0.033457906 0.085905407 0.39162417 234 88 12
0.0085371358 0.079907556 0.38357854 234 88 12
-0.040879435 0.078100701 0.36009644 234 88 12
-0.10833145 0.07943333 0.32669323 234 88 12
-0.12825455 0.080634404 0.31782802 234 88 12
-0.13476249 0.081113796 0.31480227 234 88 12
-0.13470792 0.081100981 0.31201755 234 88 12
-0.2077859 0.062871768 0.29309483 234 88 12
0.074501739 0.086587832 0.40349569 234 88 12
-0.0071711263 0.07552691 0.37294016 234 88 12
0.070438132 0.08745721 0.39793309 234 88 12
0.010617776 0.081582635 0.37415721 234 88 12
-0.019742739 0.075611478 0.36370182 234 88 12
-0.09051655 0.080554371 0.32540606 234 88 12
-0.16518119 0.08156153 0.29353664 234 88 12
-0.051206348 0.079340937 0.34215295 234 88 12
-0.150504 0.082837356 0.29568332 234 88 12
-0.19020798 0.073272077 0.28586005 234 88 12
-0.20532442 0.064216695 0.28488609 234 88 12
0.062387571 0.089106564 0.38699631 234 88 12
-0.0048637075 0.076512921 0.36442532 234 88 12
-0.13757046 0.081495071 0.29933918 234 88 12
0.058447657 0.089907788 0.38165673 234 88 12
0.0478964 0.09012296 0.37689936 234 88 12
0.020533881 0.08589076 0.36661026 234 88 12
-0.068236282 0.080719778 0.32707491 234 88 12
-0.16231148 0.082328559 0.28577165 234 88 12
-0.1853458 0.075563346 0.28098891 234 88 12
-0.090803698 0.081617714 0.31333341 234 88 12
-0.15357201 0.083255769 0.28608968 234 88 12
0.0099671231 0.082523564 0.3578239 234 88 12
0.040429789 0.091151358 0.36367775 234 88 12
0.002337353 0.079449575 0.35345502 234 88 12
-0.18510898 0.075871926 0.27275767 234 88 12
0.064868888 0.090868769 0.37162642 234 88 12
0.031094175 0.090042319 0.35681594 234 88 12
0.0022396258 0.079577822 0.35027938 234 88 12
0.033857175 0.090947468 0.35444588 234 88 12
-0.045862807 0.080827214 0.32391782 234 88 12
-0.052472778 0.08123759 0.32024392 234 88 12
-0.15935368 0.08362056 0.27290273 234 88 12
-0.16492101 0.082793706 0.27127372 234 88 12
0.042706376 0.092718339 0.35448186 234 88 12
0.039568701 0.092285756 0.35326552 234 88 12
-0.0030832779 0.078125963 0.34294006 234 88 12
-0.10300505 0.081973964 0.29426518 234 88 12
-0.16218152 0.083446754 0.26926369 234 88 12
-0.20242012 0.065745583 0.26286839 234 88 12
-0.06598173 0.082576472 0.30709932 234 88 12
-0.094474936 0.083036607 0.29448314 234 88 12
0.019604225 0.087686581 0.34086686 234 88 12
-0.017251635 0.076679015 0.3310143 234 88 12
-0.046116242 0.081329774 0.31494546 234 88 12
-0.052754361 0.081849003 0.311302 234 88 12
-0.069400644 0.083061981 0.30244576 234 88 12
-0.18019374 0.078886082 0.25705583 234 88 12
0.014535639 0.085767694 0.33367628 234 88 12
-0.069552641 0.083435721 0.29679345 234 88 12
-0.15389725 0.085228368 0.2612696 234 88 12
0.055750074 0.094629175 0.34419011 234 88 12
0.038697521 0.093790037 0.33681055 234 88 12
-0.035648973 0.079782717 0.31236686 234 88 12
-0.089112521 0.084665818 0.28500286 234 88 12
-0.17037622 0.0828683 0.2535029 234 88 12
-0.1938132 0.071795717 0.2495422 234 88 12
0.024860762 0.090048312 0.32980885 234 88 12
-0.031982295 0.079167904 0.3114766 234 88 12
-0.16786986 0.083841017 0.25133355 234 88 12
-0.17294729 0.082321335 0.25011897 234 88 12
0.048049489 0.095655843 0.33397256 234 88 12
-0.062895998 0.083187904 0.29181165 234 88 12
-0.19583763 0.070667784 0.24401066 234 88 12
-0.19793732 0.069219822 0.24383698 234 88 12
-0.18253254 0.078763859 0.24292629 234 88 12
0.051262917 0.096360995 0.32904002 234 88 12
0.038371452 0.094677921 0.32428768 234 88 12
0.0047081768 0.081315795 0.31754615 234 88 12
-0.14879522 0.087069431 0.24940493 234 88 12
-0.15760508 0.086929222 0.24579273 234 88 12
-0.17311837 0.083146664 0.24182399 234 88 12
-0.049447063 0.082174047 0.29046025 234 88 12
-0.18473961 0.077903739 0.23720964 234 88 12
0.046871315 0.097464193 0.32054335 234 88 12
-0.080972917 0.087136894 0.27094945 234 88 12
0.02514581 0.090363196 0.3122377 234 88 12
-0.088059802 0.088531521 0.2644927 234 88 12
-0.11222272 0.088356251 0.25490868 234 88 12
0.010134327 0.08349106 0.30718072 234 88 12
-0.0029005704 0.078946494 0.30439464 234 88 12
-0.014284464 0.077643032 0.29991687 234 88 12
-0.15840595 0.088847032 0.23405343 234 88 12
0.012817748 0.084580107 0.30486605 234 88 12
-0.046226565 0.082490334 0.28089552 234 88 12
-0.089007618 0.09009557 0.25796287 234 88 12
-0.067974456 0.086896713 0.26610193 234 88 12
-0.15614832 0.090220284 0.22898484 234 88 12
-0.042930026 0.08252189 0.27684174 234 88 12
-0.072184415 0.088488928 0.26079087 234 88 12
-0.1888274 0.075875625 0.22064259 234 88 12
0.013107759 0.084510143 0.29683213 234 88 12
-0.02457546 0.079331107 0.28326514 234 88 12
-0.18671847 0.077434775 0.21803123 234 88 12
0.013199122 0.084470966 0.2942118 234 88 12
-0.032199325 0.080992637 0.276645 234 88 12
0.0081097366 0.0825316 0.29056776 234 88 12
-0.028592945 0.080463717 0.27574938 234 88 12
-0.091669703 0.09445 0.24160229 234 88 12
-0.1759659 0.084577034 0.21065029 234 88 12
0.0109979 0.083407584 0.28320981 234 88 12
-0.0021754885 0.079624122 0.27946601 234 88 12
-0.10573196 0.098451597 0.22591219 234 88 12
-0.064173997 0.090254063 0.24511543 234 88 12
-0.068229914 0.091512431 0.2427396 234 88 12
0.013638812 0.084390619 0.27824323 234 88 12
-0.022039125 0.080806339 0.26470388 234 88 12
-0.041559772 0.085511224 0.25442318 234 88 12
-0.056785626 0.088986736 0.24630535 234 88 12
-0.09458323 0.099686848 0.22496677 234 88 12
-0.0052073394 0.079652708 0.26985609 234 88 12
0.033573827 0.093336963 0.27547528 234 88 12
-0.0027109216 0.080476501 0.26509412 234 88 12
0.040811652 0.096901667 0.25963406 234 88 12
-0.10566606 0.11101251 0.18496261 234 88 12
-0.088767256 0.11313504 0.1832941 234 88 12
-0.083900008 0.11540735 0.16837804 234 88 12
-0.19668322 0.065388426 0.14529572 234 88 12
-0.078295891 0.11612121 0.16762576 234 88 12
-0.081182335 0.11589614 0.16658597 234 88 12
-0.1185695 0.10912658 0.15445811 234 88 12
-0.037163245 0.11846044 0.17717181 234 88 12
-0.097918919 0.11399385 0.15555805 234 88 12
-0.10057825 0.11347169 0.15481045 234 88 12
-0.11588698 0.10966461 0.15034381 234 88 12
-0.064452587 0.11810346 0.1618121 234 88 12
-0.092454419 0.11509027 0.1522753 234 88 12
-0.097794656 0.11402807 0.15054003 234 88 12
-0.11053616 0.11091648 0.14434517 234 88 12
-0.086955443 0.11613928 0.14883158 234 88 12
-0.061983099 0.11906154 0.15462721 234 88 12
-0.11770855 0.10858254 0.13719244 234 88 12
-0.062050908 0.11924209 0.15184524 234 88 12
-0.039140062 0.12103405 0.15651744 234 88 12
-0.078754697 0.11749179 0.1438805 234 88 12
-0.036405044 0.1213488 0.15465462 234 88 12
-0.078744064 0.11751922 0.14125074 234 88 12
-0.11496582 0.10928817 0.13035088 234 88 12
-0.18392003 0.070898886 0.11975177 234 88 12
-0.21697411 0.036802336 0.120237 234 88 12
-0.027959369 0.12211201 0.15470826 234 88 12
-0.030818283 0.12188117 0.15373733 234 88 12
-0.059335574 0.1197989 0.14473324 234 88 12
-0.073247829 0.11826062 0.14054484 234 88 12
-0.11966551 0.10755928 0.12659515 234 88 12
-0.18991417 0.067398761 0.1159621 234 88 12
-0.19194268 0.066138164 0.1155395 234 88 12
-0.016226418 0.12333482 0.15554036 234 88 12
-0.092022677 0.11530765 0.13185158 234 88 12
-0.21911231 0.032133575 0.11634457 234 88 12
-0.232104 0.00089731581 0.12537992 234 88 12
-0.010368243 0.12397214 0.15459741 234 88 12
-0.04517688 0.12102213 0.14390178 234 88 12
-0.18735916 0.068397363 0.11156002 234 88 12
-0.21202051 0.043756681 0.11158182 234 88 12
0.013767215 0.12660539 0.15679124 234 88 12
-0.23050504 0.0043825085 0.11665301 234 88 12
-0.23359454 -0.0054297984 0.12015135 234 88 12
0.013707521 0.12664367 0.15404695 234 88 12
-0.047902412 0.120807 0.13529231 234 88 12
-0.083811366 0.11670798 0.12404611 234 88 12
-0.12381999 0.10551251 0.1130206 234 88 12
-0.047832488 0.12077887 0.13265789 234 88 12
-0.053506468 0.12028218 0.13096216 234 88 12
-0.089023888 0.11573716 0.11980829 234 88 12
-0.047788147 0.12074061 0.13002129 234 88 12
-0.0075291909 0.12421924 0.13943177 234 88 12
-0.030712012 0.12208918 0.13267674 234 88 12
-0.20454667 0.052649763 0.095423152 234 88 12
-0.20917445 0.046047977 0.096645999 234 88 12
-0.036317569 0.12152225 0.12827127 234 88 12
-0.13205482 0.10111024 0.10083775 234 88 12
0.007885418 0.12530292 0.13628282 234 88 12
-0.04457396 0.12070997 0.12027419 234 88 12
-0.077763321 0.11730535 0.10993184 234 88 12
-0.10116107 0.11270112 0.10286216 234 88 12
-0.12955324 0.10222052 0.09619915 234 88 12
-0.18075083 0.06955145 0.091106026 234 88 12
-0.21133896 0.041676932 0.089964096 234 88 12
-0.22316708 0.019983035 0.094348381 234 88 12
-0.23020623 0.0017317163 0.099740134 234 88 12
0.041583393 0.12990025 0.14203368 234 88 12
-0.0010798592 0.12423463 0.1309178 234 88 12
-0.038841335 0.12103436 0.11925235 234 88 12
-0.044437331 0.12061253 0.11754542 234 88 12
-0.077584931 0.11720288 0.10729625 234 88 12
-0.10601214 0.11107593 0.099134411 234 88 12
-0.18268547 0.068532865 0.088056279 234 88 12
0.032393555 0.12830155 0.13693669 234 88 12
-0.087970049 0.11533979 0.1014034 234 88 12
-0.13142702 0.10092068 0.090823844 234 88 12
-0.21374033 0.037254236 0.085593046 234 88 12
-0.224081 0.017247389 0.08997564 234 88 12
0.017388901 0.12585602 0.13073385 234 88 12
0.005310033 0.12446324 0.12740804 234 88 12
-0.0068213097 0.12335161 0.12366394 234 88 12
-0.0098229142 0.1230977 0.12268169 234 88 12
-0.049696756 0.11984977 0.11049611 234 88 12
-0.23627771 -0.017386346 0.099378144 234 88 12
-0.006625338 0.12317036 0.12103197 234 88 12
-0.043958873 0.12008715 0.10961864 234 88 12
-0.057867148 0.11891835 0.10542099 234 88 12
-0.0688957 0.11770878 0.10222138 234 88 12
-0.10543327 0.11043523 0.091587026 234 88 12
-0.197604 0.05777043 0.078354078 234 88 12
-0.23400789 -0.010456112 0.093999773 234 88 12
-0.24380118 -0.03405335 0.1029099 234 88 12
-0.0325869 0.12077789 0.11047069 234 88 12
-0.043775351 0.11989084 0.10696832 234 88 12
-0.17255399 0.071173557 0.081303161 234 88 12
-0.17710405 0.06950387 0.07997688 234 88 12
-0.2271342 0.0084533589 0.084851881 234 88 12
0.023988026 0.12600728 0.12436155 234 88 12
0.017929801 0.12528663 0.12299355 234 88 12
-0.12409005 0.10332579 0.082140744 234 88 12
-0.21821266 0.028042381 0.077414318 234 88 12
0.0090436155 0.12398871 0.11790617 234 88 12
-0.017924297 0.12154697 0.10942417 234 88 12
-0.11210072 0.10737369 0.08226901 234 88 12
0.012263692 0.12416953 0.11621672 234 88 12
-0.043077331 0.11919384 0.099035874 234 88 12
-0.22660056 0.0087622587 0.07726341 234 88 12
0.0033897392 0.12298934 0.11086571 234 88 12
-0.034506886 0.11966058 0.098978108 234 88 12
-0.11154341 0.10677859 0.077254237 234 88 12
-0.13231683 0.098560511 0.073169588 234 88 12
-0.19975106 0.053605192 0.06663048 234 88 12
-0.22639287 0.0088450987 0.074697785 234 88 12
-0.23205393 -0.0062215462 0.079464267 234 88 12
0.0096622066 0.12345639 0.11016835 234 88 12
-0.18841516 0.062346373 0.065003522 234 88 12
-0.20899612 0.041568649 0.065320983 234 88 12
-0.21599195 0.030399264 0.066934026 234 88 12
-0.036745718 0.11885891 0.09305039 234 88 12
-0.074749283 0.11435369 0.081905365 234 88 12
-0.10346195 0.10818297 0.074250423 234 88 12
-0.230521 -0.0029187532 0.073058839 234 88 12
0.044041001 0.12728754 0.11364789 234 88 12
0.010069162 0.12310354 0.1049381 234 88 12
-0.033675504 0.11882624 0.091381719 234 88 12
-0.069013997 0.11478272 0.08094203 234 88 12
-0.11556381 0.10429509 0.06883208 234 88 12
-0.01364108 0.12049675 0.09510764 234 88 12
-0.046915821 0.11712531 0.084914155 234 88 12
-0.18139636 0.065011711 0.05925128 234 88 12
-0.18944316 0.060459055 0.05745075 234 88 12
-0.23128452 -0.0055065789 0.068621695 234 88 12
-0.051893265 0.11613779 0.080858448 234 88 12
-0.1312698 0.09760717 0.061147202 234 88 12
-0.18319981 0.063774152 0.056317073 234 88 12
-0.22764319 0.0036302261 0.062970037 234 88 12
0.058446789 0.1283346 0.11008742 234 88 12
-0.024328915 0.11873536 0.086378821 234 88 12
-0.22513802 0.0097307317 0.058864312 234 88 12
0.035751208 0.12517702 0.10102833 234 88 12
0.029503399 0.12438228 0.099633203 234 88 12
-0.096014986 0.10732379 0.063453413 234 88 12
-0.1329241 0.096049344 0.056109301 234 88 12
-0.17417292 0.067132041 0.053830354 234 88 12
-0.1763347 0.066192993 0.053259753 234 88 12
-0.21336332 0.032768976 0.051121462 234 88 12
0.033003224 0.1244941 0.097826034 234 88 12
0.017568608 0.12254161 0.094011293 234 88 12
-0.069097705 0.11170623 0.06836707 234 88 12
-0.074370825 0.11079823 0.06684034 234 88 12
-0.025723216 0.116949 0.078775317 234 88 12
-0.028437118 0.116621 0.077940358 234 88 12
-0.073770937 0.11010226 0.064671957 234 88 12
-0.12055552 0.099859853 0.053502776 234 88 12
0.063558747 0.12726329 0.10164096 234 88 12
0.036970121 0.12403343 0.093757025 234 88 12
-0.078421178 0.10844159 0.060992249 234 88 12
-0.096972221 0.10481444 0.056338671 234 88 12
-0.13416594 0.094020455 0.049041714 234 88 12
-0.21542164 0.028181086 0.044514879 234 88 12
-0.21937669 0.020753098 0.046100802 234 88 12
0.028063034 0.12237612 0.089241611 234 88 12
-0.029936643 0.11495032 0.072703566 234 88 12
-0.085640005 0.1061706 0.056903927 234 88 12
-0.12702746 0.096574748 0.047682477 234 88 12
-0.13599715 0.092596526 0.046545101 234 88 12
-0.22171741 0.015540898 0.044634217 234 88 12
-0.22297038 0.012853093 0.045256448 234 88 12
-0.0072503736 0.11717729 0.076921753 234 88 12
-0.063801546 0.1091342 0.060553774 234 88 12
-0.079681824 0.10638647 0.056024947 234 88 12
-0.17900169 0.062904067 0.040225929 234 88 12
-0.20926814 0.036983562 0.037970501 234 88 12
0.032248948 0.12177833 0.085418593 234 88 12
0.013855998 0.11925044 0.080599116 234 88 12
-0.017865313 0.11499554 0.071621084 234 88 12
-0.025963864 0.11384015 0.069249484 234 88 12
-0.12611464 0.095555485 0.043399423 234 88 12
-0.1942803 0.052882126 0.035035904 234 88 12
-0.20900746 0.036896369 0.035537305 234 88 12
-0.20569506 0.040709302 0.032697676 234 88 12
0.033441026 0.12057105 0.081055192 234 88 12
0.006182002 0.11672393 0.07373363 234 88 12
-0.12751819 0.093704192 0.038770299 234 88 12
-0.026395775 0.11102429 0.062363895 234 88 12
-0.042096861 0.10850986 0.057637709 234 88 12
-0.095050156 0.099235627 0.043794288 234 88 12
0.0076038659 0.11517431 0.069596054 234 88 12
-0.07280196 0.10207603 0.047064475 234 88 12
-0.12365932 0.093087367 0.035243372 234 88 12
-0.12624438 0.092472392 0.034719626 234 88 12
-0.21629537 0.023342377 0.027795901 234 88 12
0.068247162 0.12282317 0.084508542 234 88 12
0.048187619 0.12014047 0.07794632 234 88 12
-0.029961077 0.10824193 0.056812864 234 88 12
-0.13054584 0.090423338 0.031665742 234 88 12
-0.13529278 0.088801749 0.030815266 234 88 12
0.039334237 0.11819897 0.073310049 234 88 12
0.00063503164 0.11201135 0.063043154 234 88 12
-0.21161857 0.029897821 0.021480396 234 88 12
0.056282029 0.11937902 0.075901287 234 88 12
0.030819867 0.11590527 0.069094626 234 88 12
-0.022820051 0.10686373 0.054691347 234 88 12
-0.02803817 0.10596649 0.053062886 234 88 12
-0.074755392 0.09714886 0.040442196 234 88 12
-0.13403146 0.087563566 0.026697835 234 88 12
0.060394866 0.11892675 0.074984004 234 88 12
0.040910604 0.1164169 0.069276154 234 88 12
0.031671611 0.11496266 0.067124777 234 88 12
0.025667568 0.11392623 0.06560815 234 88 12
-0.05497314 0.099158791 0.043552885 234 88 12
-0.17220114 0.062899183 0.019411642 234 88 12
0.048173115 0.11624315 0.069038663 234 88 12
-0.10536945 0.089666764 0.028985749 234 88 12
-0.11676665 0.08885165 0.026391431 234 88 12
-0.19105851 0.050384722 0.013471241 234 88 12
-0.19286998 0.048962893 0.013237882 234 88 12
-0.20309771 0.039214063 0.012951322 234 88 12
0.075271877 0.11882948 0.075627805 234 88 12
-0.087187434 0.089520471 0.031284785 234 88 12
-0.11568225 0.087570628 0.024609967 234 88 12
0.028591197 0.11053587 0.059923533 234 88 12
-0.020942146 0.10092005 0.04685958 234 88 12
-0.031096997 0.098778576 0.04412475 234 88 12
-0.061769382 0.09191413 0.035785037 234 88 12
-0.12011255 0.085785656 0.021533377 234 88 12
-0.20237821 0.038630568 0.008273264 234 88 12
0.057358144 0.1136981 0.065357013 234 88 12
0.012408748 0.10590389 0.05357889 234 88 12
-0.017160483 0.099929463 0.045981557 234 88 12
-0.037366897 0.095528696 0.040429814 234 88 12
-0.11050637 0.08482767 0.021625962 234 88 12
-0.12443651 0.083974272 0.018390707 234 88 12
0.074524567 0.11484752 0.068806252 234 88 12
0.0079847417 0.10341805 0.050288496 234 88 12
-0.031215098 0.095047409 0.040120461 234 88 12
-0.19122304 0.047514822 0.0039572157 234 88 12
-0.21239836 0.024540617 0.0051754106 234 88 12
0.031921952 0.10654757 0.054519314 234 88 12
-0.060745861 0.086452304 0.030161141 234 88 12
-0.071599489 0.084624987 0.027597607 234 88 12
-0.088140369 0.082459335 0.023358081 234 88 12
-0.13023516 0.080506751 0.012648453 234 88 12
-0.1265765 0.079686816 0.011603552 234 88 12
-0.18854796 0.048026684 -0.00043380388 234 88 12
0.077219863 0.11124058 0.06315356 234 88 12
0.04313831 0.10545113 0.053161179 234 88 12
-0.17688495 0.055114838 -0.00085907995 234 88 12
-0.16646309 0.060562269 -0.00099451219 234 88 12
0.032019864 0.098038595 0.0439751 234 88 12
-0.15300564 0.066777055 -0.0030341413 234 88 12
-0.17551612 0.053739924 -0.0074815048 234 88 12
-0.17744146 0.052552672 -0.0078901939 234 88 12
-0.20721157 0.026878859 -0.009197879 234 88 12
0.077920877 0.10575642 0.054375329 234 88 12
-0.085080569 0.074637506 0.012148344 234 88 12
-0.17310177 0.054461407 -0.0092923038 234 88 12
-0.18451629 0.047212471 -0.01143316 234 88 12
0.034282691 0.095210126 0.040289111 234 88 12
0.025629979 0.093460558 0.038122801 234 88 12
-0.08701586 0.073205112 0.0096578458 234 88 12
-0.1227211 0.07119884 0.00011860881 234 88 12
-0.14178286 0.068519341 -0.0050910461 234 88 12
-0.20491397 0.028105109 -0.01403368 234 88 12
0.070577867 0.10135841 0.047549914 234 88 12
0.046987606 0.096385965 0.041458458 234 88 12
0.035421982 0.093803649 0.038532414 234 88 12
-0.10577571 0.070801039 0.0027248388 234 88 12
-0.11373914 0.070283623 0.00048758647 234 88 12
-0.14593063 0.065823771 -0.0081559193 234 88 12
-0.19092028 0.041075407 -0.016882321 234 88 12
0.080618071 0.10212577 0.048133462 234 88 12
0.065517402 0.098940393 0.043827485 234 88 12
-0.085206545 0.070795749 0.0060149588 234 88 12
-0.16106956 0.057856045 -0.013395178 234 88 12
-0.17556366 0.050665557 -0.016868428 234 88 12
0.075380174 0.099581306 0.04427085 234 88 12
0.069386527 0.098344761 0.042611079 234 88 12
0.046166638 0.092992897 0.036937427 234 88 12
0.037560593 0.091048213 0.034744552 234 88 12
-0.10397602 0.068150369 -0.00096214309 234 88 12
-0.10665829 0.067917715 -0.0017438354 234 88 12
-0.12238283 0.066415157 -0.0061086648 234 88 12
-0.12787753 0.06585081 -0.0077065968 234 88 12
-0.097671102 0.067422901 -0.0012873058 234 88 12
-0.20502541 0.024774834 -0.022954874 234 88 12
-0.13691357 0.061507836 -0.014539352 234 88 12
-0.14717987 0.059416752 -0.017021413 234 88 12
-0.12796633 0.061220455 -0.014114667 234 88 12
-0.084007535 0.065522306 -0.0037007221 234 88 12
-0.14037254 0.058030503 -0.019591456 234 88 12
-0.18286775 0.042021924 -0.029368217 234 88 12
-0.1343608 0.0576702 -0.020064336 234 88 12
-0.20208679 0.024948646 -0.032053436 234 88 12
-0.11505782 0.059402882 -0.016694858 234 88 12
-0.17195372 0.04611389 -0.031725133 234 88 12
-0.068098572 0.064929378 -0.0056055275 234 88 12
-0.079067262 0.063382011 -0.0085240755 234 88 12
-0.13797375 0.054531348 -0.02534572 234 88 12
-0.14532695 0.052970795 -0.027455713 234 88 12
-0.16485103 0.047954992 -0.032540494 234 88 12
-0.16711705 0.047148408 -0.033039386 234 88 12
0.093411112 0.093222982 0.029117087 234 88 12
-0.083338972 0.061098316 -0.013867064 234 88 12
-0.11297204 0.056760835 -0.022452304 234 88 12
-0.11564031 0.0563614 -0.02333331 234 88 12
-0.03057905 0.068168971 -0.0031418552 234 88 12
-0.055046708 0.064450385 -0.0089946874 234 88 12
-0.12573569 0.053832524 -0.028453722 234 88 12
-0.17809949 0.03945785 -0.041957076 234 88 12
-0.12771407 0.052529143 -0.031248619 234 88 12
0.089061542 0.089670126 0.020802939 234 88 12
0.04028116 0.078875674 0.0086938513 234 88 12
0.0019649142 0.071602091 -9.2310959e-05 234 88 12
-0.016679047 0.069023815 -0.0044996572 234 88 12
-0.029611178 0.066882292 -0.0074691997 234 88 12
-0.092303396 0.057258197 -0.022981021 234 88 12
-0.10044771 0.056004362 -0.025207591 234 88 12
-0.17089197 0.04106254 -0.045107642 234 88 12
0.046535391 0.079405701 0.0078978595 234 88 12
-0.10241809 0.054851997 -0.028043918 234 88 12
-0.10506924 0.054439678 -0.028764437 234 88 12
-0.12114012 0.051872342 -0.033934547 234 88 12
-0.17036814 0.040406009 -0.047194098 234 88 12
-0.0025003854 0.069570386 -0.0056824419 234 88 12
-0.19198161 0.027311266 -0.052087629 234 88 12
0.056070634 0.080079153 0.0055760965 234 88 12
0.044688638 0.07753473 0.0029280442 234 88 12
-0.02566348 0.065351651 -0.013155768 234 88 12
-0.098455847 0.053795536 -0.031436694 234 88 12
-0.12775558 0.048951612 -0.040229987 234 88 12
-0.17156678 0.03826407 -0.051863171 234 88 12
0.091042233 0.086676253 0.012144637 234 88 12
0.028296271 0.073524156 -0.0032499304 234 88 12
-0.09248916 0.053878398 -0.031912011 234 88 12
0.10337513 0.087758699 0.013830466 234 88 12
0.071331583 0.082080323 0.0045392076 234 88 12
0.040005957 0.075182791 -0.0028162898 234 88 12
0.0097101074 0.069339061 -0.0095779289 234 88 12
0.0015555842 0.06810437 -0.011584549 234 88 12
-0.094606273 0.052734413 -0.034859874 234 88 12
-0.10799798 0.050643154 -0.038758163 234 88 12
-0.12913986 0.047055184 -0.044953751 234 88 12
-0.14412207 0.043949487 -0.049113122 234 88 12
-0.14902817 0.042905547 -0.050641344 234 88 12
-0.16847107 0.037891816 -0.055591769 234 88 12
-0.17915863 0.033258051 -0.057452206 234 88 12
-0.0034186185 0.066727588 -0.015143926 234 88 12
-0.0087782658 0.065949183 -0.016381586 234 88 12
-0.056324252 0.05803825 -0.026957859 234 88 12
-0.083284911 0.053656575 -0.033991231 234 88 12
0.075143282 0.081361458 0.00093823865 234 88 12
0.069468561 0.080108358 -0.0002675318 234 88 12
0.035279322 0.072870204 -0.0083869753 234 88 12
-0.063952897 0.055998979 -0.031121466 234 88 12
-0.13310256 0.044684784 -0.0504592 234 88 12
0.093093324 0.083744972 0.0035818453 234 88 12
-0.047313157 0.058170529 -0.029511185 234 88 12
-0.13003478 0.044547373 -0.051908035 234 88 12
-0.19522161 0.02038279 -0.064913088 234 88 12
-0.087050425 0.050828729 -0.041977339 234 88 12
-0.10050366 0.048748783 -0.0456885 234 88 12
0.085233177 0.081057885 -0.0030961828 234 88 12
0.036501405 0.071299518 -0.014460431 234 88 12
0.0036200269 0.065267489 -0.022406693 234 88 12
-0.057131584 0.055069473 -0.03637927 234 88 12
-0.14153074 0.040935673 -0.059789521 234 88 12
0.10969303 0.083627091 0.0019791452 234 88 12
0.0886559 0.080896312 -0.0044082354 234 88 12
-0.014651935 0.0618961 -0.029035596 234 88 12
-0.075450201 0.051338459 -0.04334887 234 88 12
-0.13856004 0.040967049 -0.061300859 234 88 12
0.11332372 0.083230296 0.00082273573 234 88 12
0.10116832 0.081789932 -0.0030062062 234 88 12
0.051506681 0.073264141 -0.015456676 234 88 12
-0.019543172 0.060551905 -0.032600029 234 88 12
-0.0589404 0.05349662 -0.041631666 234 88 12
-0.090983145 0.048318755 -0.050201573 234 88 12
0.037700952 0.070024687 -0.020941194 234 88 12
-0.00068626664 0.063038133 -0.030372082 234 88 12
-0.14262267 0.039099673 -0.06724285 234 88 12
-0.14754936 0.038027646 -0.068568919 234 88 12
0.11454422 0.081647972 -0.0034513193 234 88 12
0.052277727 0.072388638 -0.019707153 234 88 12
0.046559638 0.071270796 -0.020946703 234 88 12
0.038079643 0.069596194 -0.023046047 234 88 12
0.018776944 0.065754941 -0.027907465 234 88 12
-0.018838558 0.059515241 -0.037088604 234 88 12
-0.14464073 0.038137822 -0.070139102 234 88 12
-0.18161497 0.026103123 -0.077534656 234 88 12
-0.1913282 0.019945484 -0.078205401 234 88 12
0.038469359 0.069147812 -0.025212552 234 88 12
-0.068340239 0.050074068 -0.051150588 234 88 12
-0.11884114 0.042424725 -0.065477684 234 88 12
-0.1342633 0.039718032 -0.069613792 234 88 12
-0.16380291 0.032740952 -0.076965482 234 88 12
-0.1791604 0.026816431 -0.079463912 234 88 12
-0.075966341 0.048329089 -0.055520821 234 88 12
-0.14377206 0.03726984 -0.074584054 234 88 12
-0.1906557 0.019446663 -0.082874843 234 88 12
-0.054324561 0.051290341 -0.052610834 234 88 12
-0.067544278 0.049066063 -0.055773988 234 88 12
-0.083528826 0.046663587 -0.060099549 234 88 12
-0.1100312 0.042757108 -0.067728277 234 88 12
-0.14336764 0.036838295 -0.07686302 234 88 12
-0.1652656 0.031215304 -0.081876124 234 88 12
0.077274137 0.074479313 -0.023201125 234 88 12
0.059645526 0.071575056 -0.027165959 234 88 12
0.05675371 0.071036027 -0.027786323 234 88 12
0.006576678 0.06148412 -0.040301605 234 88 12
0.003857527 0.061039253 -0.040965864 234 88 12
-0.056648683 0.050327452 -0.055533707 234 88 12
-0.072516413 0.047777181 -0.059478893 234 88 12
-0.080527245 0.046587796 -0.061666997 234 88 12
-0.11759426 0.041165191 -0.072312604 234 88 12
-0.13302712 0.038516024 -0.076363479 234 88 12
0.12714219 0.078781151 -0.010920844 234 88 12
0.068852373 0.072567705 -0.027407318 234 88 12
0.020529209 0.063496519 -0.038916203 234 88 12
-0.19331275 0.016054856 -0.090034776 234 88 12
0.1090005 0.076171492 -0.018694802 234 88 12
0.075218138 0.072876113 -0.028191361 234 88 12
0.051735186 0.06900344 -0.033568029 234 88 12
-0.063936756 0.048117219 -0.062224318 234 88 12
-0.19301088 0.015852594 -0.092308391 234 88 12
0.10960764 0.075422571 -0.0207533 234 88 12
0.084697586 0.07335611 -0.028016834 234 88 12
0.072683964 0.071862195 -0.031087027 234 88 12
0.055021265 0.069042255 -0.035088782 234 88 12
-0.034798209 0.05269613 -0.057474237 234 88 12
-0.090167037 0.043800287 -0.071870177 234 88 12
-0.17909427 0.023826096 -0.093254621 234 88 12
-0.18709646 0.019454847 -0.094131496 234 88 12
-0.037117162 0.051758381 -0.060355834 234 88 12
-0.11877028 0.039207553 -0.082324072 234 88 12
-0.1513309 0.032769609 -0.090501239 234 88 12
0.11401039 0.074115877 -0.023970256 234 88 12
0.033061494 0.063861581 -0.044979268 234 88 12
-0.013104078 0.055598893 -0.056979015 234 88 12
-0.057790732 0.047690131 -0.068049535 234 88 12
-0.086898166 0.04347191 -0.075853695 234 88 12
-0.11325514 0.039686664 -0.083192954 234 88 12
0.13047291 0.074752321 -0.021547238 234 88 12
0.03899394 0.06451166 -0.045764137 234 88 12
0.025075426 0.061868715 -0.049283775 234 88 12
0.016807952 0.060350826 -0.051522737 234 88 12
-0.023453449 0.0533175 -0.0616038 234 88 12
-0.060139026 0.046910683 -0.071028995 234 88 12
-0.17156216 0.025912735 -0.099148897 234 88 12
0.047942554 0.065610495 -0.045976594 234 88 12
0.017168365 0.059955067 -0.053791477 234 88 12
-0.031039457 0.051541272 -0.065989632 234 88 12
-0.054585671 0.047436548 -0.072155544 234 88 12
-0.067807353 0.04544544 -0.075492061 234 88 12
-0.12542241 0.037072215 -0.09117026 234 88 12
-0.15760778 0.030137307 -0.098880484 234 88 12
0.12546137 0.072543358 -0.027544049 234 88 12
0.054149231 0.066144584 -0.046762143 234 88 12
-0.10443189 0.040010187 -0.088017806 234 88 12
-0.13006518 0.035962198 -0.094704212 234 88 12
0.11637429 0.07109301 -0.032547449 234 88 12
-0.061989423 0.045639542 -0.078865936 234 88 12
-0.072611854 0.044223186 -0.08174234 234 88 12
0.12677776 0.070980604 -0.031857467 234 88 12
0.1137191 0.070171877 -0.035701571 234 88 12
0.10726427 0.06982978 -0.037615383 234 88 12
-0.061735056 0.045364226 -0.081252171 234 88 12
-0.11420828 0.038050292 -0.095655103 234 88 12
-0.11936325 0.037224549 -0.096976303 234 88 12
-0.18072328 0.020312671 -0.11016705 234 88 12
0.079308264 0.06766617 -0.047784433 234 88 12
-0.032630502 0.049724602 -0.076383781 234 88 12
-0.093177339 0.040802446 -0.092268162 234 88 12
-0.11133677 0.038160863 -0.097322135 234 88 12
0.11826073 0.068818639 -0.039054959 234 88 12
0.086061404 0.067409279 -0.048273424 234 88 12
0.082921453 0.067243813 -0.049123858 234 88 12
-0.013607745 0.052473958 -0.073891109 234 88 12
-0.027034344 0.050242961 -0.077376114 234 88 12
-0.037627541 0.048507253 -0.080186834 234 88 12
-0.042846306 0.047625406 -0.081557269 234 88 12
-0.09804943 0.039739995 -0.096051898 234 88 12
0.053251508 0.063332747 -0.05870741 234 88 12
0.022096119 0.058016975 -0.066564988 234 88 12
-0.021408007 0.050727979 -0.078424312 234 88 12
-0.066198324 0.043682398 -0.089969791 234 88 12
-0.15785504 0.028002962 -0.11324698 234 88 12
-0.19499612 0.010085718 -0.11914307 234 88 12
0.15712246 0.072023477 -0.033470673 234 88 12
0.033513597 0.059560901 -0.065982843 234 88 12
-0.023779315 0.049879108 -0.081489601 234 88 12
-0.042316063 0.046858282 -0.086283327 234 88 12
-0.1230591 0.035205219 -0.10748441 234 88 12
-0.1503349 0.029641037 -0.11397234 234 88 12
-0.16205801 0.026291721 -0.11642188 234 88 12
-0.16652426 0.024781018 -0.11730408 234 88 12
-0.1772752 0.020375505 -0.11927059 234 88 12
-0.19107202 0.012571137 -0.12131437 234 88 12
0.08762758 0.06542664 -0.054872266 234 88 12
0.014614628 0.055702032 -0.073547168 234 88 12
-0.0016848298 0.052991692 -0.078102709 234 88 12
-0.0098521145 0.051661358 -0.08024414 234 88 12
-0.099729332 0.038405316 -0.10385712 234 88 12
-0.11000953 0.036907743 -0.10654749 234 88 12
-0.12769888 0.033970894 -0.11093928 234 88 12
-0.02048229 0.049521186 -0.085505789 234 88 12
-0.089133378 0.03959607 -0.10344413 234 88 12
-0.1298237 0.033172181 -0.11391051 234 88 12
0.072904916 0.063218481 -0.063494234 234 88 12
-0.025624097 0.048265337 -0.089336219 234 88 12
-0.096525284 0.038138377 -0.10785454 234 88 12
-0.13194864 0.032353887 -0.11684965 234 88 12
0.058106804 0.061100014 -0.069500504 234 88 12
0.037818035 0.058110619 -0.074584977 234 88 12
0.026620515 0.056215616 -0.077464102 234 88 12
0.0021048848 0.052120581 -0.084133354 234 88 12
-0.00060457992 0.051660746 -0.084915378 234 88 12
-0.014330699 0.04953028 -0.08869556 234 88 12
-0.022571331 0.048281857 -0.09092511 234 88 12
-0.041143329 0.045334702 -0.095802277 234 88 12
-0.070123626 0.041308543 -0.10319973 234 88 12
-0.083274699 0.039601922 -0.1066984 234 88 12
-0.1241652 0.033440481 -0.11724712 234 88 12
-0.15127141 0.027682858 -0.12373479 234 88 12
-0.15830699 0.025660575 -0.12519449 234 88 12
0.070707211 0.061773268 -0.068921402 234 88 12
0.058516746 0.060570394 -0.071812305 234 88 12
-0.18756804 0.012472141 -0.13281884 234 88 12
-0.18944596 0.011259786 -0.13305712 234 88 12
0.041382924 0.05770138 -0.078640519 234 88 12
-0.085156093 0.038637921 -0.11191315 234 88 12
-0.15746228 0.0250134 -0.12981116 234 88 12
-0.19457056 0.0070230975 -0.13612683 234 88 12
0.10725034 0.061683368 -0.06368726 234 88 12
0.090500671 0.06161725 -0.068547956 234 88 12
-0.021431083 0.047156668 -0.097877049 234 88 12
-0.029641086 0.045985976 -0.09985436 234 88 12
-0.040207308 0.044324669 -0.10273951 234 88 12
-0.053239363 0.042330997 -0.1062075 234 88 12
-0.069161914 0.040317778 -0.11031555 234 88 12
-0.13038092 0.031067932 -0.1259161 234 88 12
-0.13285759 0.030575386 -0.12657768 234 88 12
-0.14758573 0.027347694 -0.13012977 234 88 12
0.056702857 0.058778948 -0.079826068 234 88 12
-0.007447275 0.049014832 -0.096612334 234 88 12
-0.12750853 0.031236545 -0.12763753 234 88 12
-0.17855065 0.015859516 -0.13852432 234 88 12
0.025748164 0.053830707 -0.090041428 234 88 12
0.0038061283 0.050420195 -0.095955639 234 88 12
-0.0071024336 0.048731253 -0.099055897 234 88 12
-0.015242924 0.047356162 -0.10116306 234 88 12
-0.078954757 0.038482774 -0.11773255 234 88 12
0.12174969 0.060404205 -0.067083876 234 88 12
0.10194635 0.059854655 -0.072688565 234 88 12
-0.025952708 0.045414136 -0.10635586 234 88 12
-0.03411707 0.044251596 -0.10835585 234 88 12
0.04033327 0.055335044 -0.091474855 234 88 12
0.018293816 0.051701635 -0.097218247 234 88 12
-0.14592954 0.026033285 -0.13950572 234 88 12
-0.17323254 0.016799653 -0.14476322 234 88 12
-0.17738733 0.014822705 -0.14562833 234 88 12
-0.18340841 0.011545556 -0.14643867 234 88 12
-0.18725139 0.0091518572 -0.14688819 234 88 12
0.12608626 0.059420225 -0.071080492 234 88 12
0.010484572 0.050079408 -0.10180089 234 88 12
-0.025249593 0.044721047 -0.11109401 234 88 12
-0.049145651 0.041222472 -0.1171462 234 88 12
-0.054314804 0.040452689 -0.1183956 234 88 12
-0.09307076 0.035244624 -0.12854974 234 88 12
-0.10827482 0.032951719 -0.13279321 234 88 12
-0.14551484 0.025672838 -0.14173315 234 88 12
-0.15503195 0.023008641 -0.14353806 234 88 12
-0.17072084 0.017367062 -0.1465885 234 88 12
-0.17285385 0.016420882 -0.1470374 234 88 12
-0.18102282 0.012295404 -0.14848519 234 88 12
-0.18685763 0.0087645448 -0.14912719 234 88 12
0.086765511 0.058059037 -0.084292707 234 88 12
0.058814491 0.056291694 -0.091509375 234 88 12
-0.030397223 0.043607635 -0.11484139 234 88 12
-0.082533058 0.036414817 -0.12826844 234 88 12
-0.12280295 0.029893729 -0.13864902 234 88 12
-0.14019067 0.026462909 -0.14281397 234 88 12
-0.16150984 0.020408446 -0.14712674 234 88 12
0.022184839 0.050857562 -0.10366972 234 88 12
0.014013127 0.049595682 -0.10590023 234 88 12
-0.038099057 0.042069627 -0.11922977 234 88 12
-0.092227615 0.034506128 -0.13318166 234 88 12
-0.11489678 0.030912239 -0.13918346 234 88 12
-0.15425817 0.022294945 -0.14822773 234 88 12
-0.18607065 0.0079226993 -0.15361459 234 88 12
0.059632918 0.055302872 -0.096327158 234 88 12
0.0363656 0.052585532 -0.10239262 234 88 12
-0.021432455 0.043958394 -0.11764101 234 88 12
-0.050695543 0.039755549 -0.12487416 234 88 12
-0.071516251 0.037039499 -0.13027607 234 88 12
-0.089312902 0.034531131 -0.13477577 234 88 12
-0.10691046 0.031749155 -0.13950276 234 88 12
-0.12938813 0.027718125 -0.14502623 234 88 12
0.13134613 0.057480244 -0.07970205 234 88 12
0.10444007 0.056672149 -0.08695684 234 88 12
0.057061214 0.054525976 -0.099627773 234 88 12
-0.052975516 0.039027131 -0.12792662 234 88 12
-0.16488029 0.017657601 -0.15496226 234 88 12
0.11155848 0.056224564 -0.08752599 234 88 12
0.051515971 0.053421306 -0.10368785 234 88 12
0.023224433 0.04951657 -0.11086517 234 88 12
0.020506376 0.049087965 -0.11164488 234 88 12
-0.0096562617 0.04472545 -0.11973645 234 88 12
-0.068226505 0.036624452 -0.1342981 234 88 12
-0.16448302 0.017293525 -0.15728514 234 88 12
0.1153282 0.055778998 -0.089019372 234 88 12
0.0045541567 0.046176677 -0.11842545 234 88 12
-0.12061573 0.028001436 -0.15034372 234 88 12
0.076744483 0.054367855 -0.10190699 234 88 12
-0.0089381096 0.043867848 -0.12452458 234 88 12
-0.017276889 0.042761265 -0.12671831 234 88 12
-0.072664621 0.035239002 -0.14028288 234 88 12
-0.14513019 0.022469922 -0.158296 234 88 12
0.14678821 0.056542438 -0.086322797 234 88 12
0.13666838 0.05567987 -0.088658009 234 88 12
0.058697786 0.052516519 -0.10936985 234 88 12
-0.025214012 0.041267939 -0.13114202 234 88 12
-0.041276892 0.038995379 -0.13499685 234 88 12
-0.10479559 0.029906422 -0.15106619 234 88 12
-0.17776782 0.0090281934 -0.16649201 234 88 12
0.056096512 0.051752236 -0.11256372 234 88 12
0.044346909 0.050446044 -0.11567118 234 88 12
0.027505101 0.048060366 -0.12002246 234 88 12
-0.051248812 0.037176282 -0.13994333 234 88 12
-0.11690956 0.027442699 -0.15671968 234 88 12
-0.11940449 0.026978875 -0.15737414 234 88 12
-0.16929002 0.012915686 -0.16777049 234 88 12
0.13750526 0.054774302 -0.093571556 234 88 12
0.081092024 0.053153742 -0.10837527 234 88 12
0.050544337 0.050669174 -0.11662247 234 88 12
0.030659362 0.048009411 -0.12176111 234 88 12
-0.013382576 0.041917927 -0.13323805 234 88 12
-0.027321099 0.040172351 -0.13667491 234 88 12
-0.12400229 0.025775639 -0.16096529 234 88 12
0.10385736 0.053497492 -0.1048254 234 88 12
-0.15070726 0.019129234 -0.16934372 234 88 12
-0.17038649 0.010986739 -0.17268839 234 88 12
0.020406586 0.045490741 -0.12951357 234 88 12
0.0010780642 0.042951424 -0.13458482 234 88 12
-0.1032108 0.028632972 -0.16060648 234 88 12
-0.10820258 0.02783004 -0.16187993 234 88 12
0.17079081 0.057967716 -0.094252721 234 88 12
0.13185166 0.05314137 -0.10292601 234 88 12
0.10795226 0.052707079 -0.10882192 234 88 12
-0.07049218 0.033214543 -0.15465388 234 88 12
-0.073048514 0.032881305 -0.1553466 234 88 12
-0.11776432 0.025697419 -0.16676898 234 88 12
0.14281158 0.053155408 -0.10273956 234 88 12
0.076553548 0.050838129 -0.1196849 234 88 12
0.018466477 0.044144957 -0.13499623 234 88 12
0.010105562 0.043165945 -0.13717285 234 88 12
0.0045952945 0.04246265 -0.13870904 234 88 12
-0.051955624 0.034936687 -0.15248059 234 88 12
-0.072659205 0.032475 -0.15760587 234 88 12
-0.075181499 0.032127425 -0.15827344 234 88 12
-0.11732385 0.025324456 -0.16916163 234 88 12
-0.1422435 0.020131105 -0.17484706 234 88 12
0.10874399 0.051843641 -0.11376092 234 88 12
0.041105837 0.046743035 -0.13165053 234 88 12
0.021669528 0.043991907 -0.13659925 234 88 12
-0.017030098 0.03915232 -0.14658132 234 88 12
0.13686983 0.051816263 -0.1093226 234 88 12
0.12630467 0.051626241 -0.11198414 234 88 12
-0.079336339 0.030542653 -0.16404951 234 88 12
-0.13636716 0.020463784 -0.17836479 234 88 12
-0.14380179 0.01860013 -0.17992927 234 88 12
0.068681357 0.048500065 -0.12908443 234 88 12
0.053689567 0.047024928 -0.13306325 234 88 12
0.039228357 0.045310978 -0.1370384 234 88 12
0.019768668 0.042631854 -0.14205508 234 88 12
-0.0078091119 0.039284374 -0.14933998 234 88 12
-0.07647756 0.030500612 -0.1657373 234 88 12
-0.14337925 0.018116954 -0.18221249 234 88 12
-0.17351476 0.0047795303 -0.18678639 234 88 12
0.1201651 0.050623292 -0.1186255 234 88 12
0.090620008 0.049838537 -0.12632471 234 88 12
0.042481492 0.045147348 -0.13856239 234 88 12
-0.050351963 0.033282864 -0.16191749 234 88 12
-0.14047037 0.01829603 -0.18413474 234 88 12
-0.1476384 0.016225172 -0.18546882 234 88 12
-0.1544217 0.01386318 -0.18678407 234 88 12
0.1610739 0.052673382 -0.11179872 234 88 12
0.11366283 0.050053958 -0.12279038 234 88 12
0.0096396845 0.040310336 -0.14952291 234 88 12
-0.17446763 0.0025191898 -0.19137617 234 88 12
-0.04956106 0.032422749 -0.1665721 234 88 12
-0.062420742 0.030800893 -0.16950383 234 88 12
-0.07274573 0.029541509 -0.17215173 234 88 12
-0.080142875 0.028453596 -0.17402642 234 88 12
-0.16413085 0.0079685376 -0.19285675 234 88 12
0.1680693 0.052788878 -0.1156584 234 88 12
0.12152971 0.049045867 -0.12590432 234 88 12
-0.0033584778 0.037752825 -0.15783369 234 88 12
-0.020323972 0.035895676 -0.16191699 234 88 12
-0.15294216 0.01238377 -0.19368889 234 88 12
0.13990159 0.048640826 -0.12408799 234 88 12
0.10821002 0.048506322 -0.13183204 234 88 12
0.086164747 0.047376417 -0.13743075 234 88 12
0.083095024 0.04709848 -0.13807801 234 88 12
0.03290323 0.041617922 -0.15097999 234 88 12
-0.069339106 0.028985502 -0.17610466 234 88 12
-0.16716595 0.0047780712 -0.19783302 234 88 12
0.14713146 0.048491178 -0.12489557 234 88 12
0.10218373 0.047853503 -0.1360094 234 88 12
0.077403898 0.045999715 -0.14185398 234 88 12
0.074352982 0.045703091 -0.14259656 234 88 12
-0.061265506 0.02959418 -0.17659957 234 88 12
-0.088700591 0.025686188 -0.1835576 234 88 12
-0.11321049 0.021506007 -0.19003382 234 88 12
-0.13053846 0.017779143 -0.19400359 234 88 12
0.16620717 0.050593352 -0.12368295 234 88 12
0.10261423 0.047364883 -0.13838977 234 88 12
0.093141741 0.04687375 -0.14078006 234 88 12
0.080893806 0.045834192 -0.14357285 234 88 12
0.048003807 0.042391039 -0.15181024 234 88 12
-0.063437851 0.028902821 -0.17961702 234 88 12
-0.10540653 0.022497837 -0.19050994 234 88 12
0.16660123 0.05006929 -0.12622461 234 88 12
0.15439052 0.048111271 -0.12845419 234 88 12
-0.15734607 0.0076780599 -0.20416847 234 88 12
0.12382369 0.046424084 -0.1380872 234 88 12
0.026203681 0.038734261 -0.16250851 234 88 12
0.0068075773 0.036600698 -0.16751165 234 88 12
-0.0014554411 0.035681911 -0.16974677 234 88 12
-0.085057683 0.024903899 -0.18993472 234 88 12
-0.1546759 0.0081560585 -0.20618687 234 88 12
0.14220705 0.045853438 -0.13626346 234 88 12
0.094466178 0.045335107 -0.14801798 234 88 12
0.043529114 0.040303847 -0.16056938 234 88 12
-0.089482469 0.023681904 -0.19380764 234 88 12
-0.14058737 0.012534049 -0.20612412 234 88 12
0.11100789 0.045333276 -0.14637453 234 88 12
0.055564068 0.041120769 -0.15973043 234 88 12
0.043990956 0.039824847 -0.16289765 234 88 12
-0.13518543 0.013454458 -0.20755247 234 88 12
0.17415747 0.049222414 -0.1353591 234 88 12
0.17118084 0.048549123 -0.13574209 234 88 12
0.016395774 0.036230535 -0.17222567 234 88 12
-0.04635639 0.029077312 -0.18736464 234 88 12
-0.10773112 0.019288082 -0.20341309 234 88 12
-0.1222918 0.016035028 -0.2069254 234 88 12
0.14701529 0.044322291 -0.1425631 234 88 12
0.12222271 0.044222757 -0.14861784 234 88 12
-0.095207785 0.021147855 -0.20261426 234 88 12
-0.15021713 0.0068840445 -0.21499104 234 88 12
0.17791937 0.048805814 -0.13982439 234 88 12
0.15065083 0.044009417 -0.14419247 234 88 12
0.12629639 0.043624712 -0.15014578 234 88 12
0.10264505 0.043444285 -0.15598733 234 88 12
0.011718649 0.034848373 -0.17833586 234 88 12
0.14113317 0.042815078 -0.14894999 234 88 12
0.10955617 0.04306175 -0.15683966 234 88 12
-0.10376154 0.018332706 -0.20960756 234 88 12
0.15458926 0.043190077 -0.14846169 234 88 12
0.13498162 0.041742233 -0.15565449 234 88 12
-0.1408489 0.0071275452 -0.22289396 234 88 12
0.079512584 0.039745417 -0.17129547 234 88 12
0.056082427 0.037320308 -0.17961708 234 88 12
-0.0057910288 0.031247553 -0.19487378 234 88 12
-0.038782617 0.027443382 -0.20256125 234 88 12
-0.080667093 0.020920242 -0.21333935 234 88 12
-0.13014571 0.009061447 -0.22573717 234 88 12
0.15295333 0.041087243 -0.15899243 234 88 12
0.13249444 0.040394661 -0.16372918 234 88 12
0.056472387 0.036986826 -0.18206102 234 88 12
-0.0025412281 0.031291621 -0.19649532 234 88 12
-0.01116336 0.030504275 -0.19868101 234 88 12
0.12927493 0.040004814 -0.16705657 234 88 12
0.0034824162 0.031678919 -0.19759035 234 88 12
-0.0021563556 0.031124987 -0.19887261 234 88 12
-0.13111439 0.0073654736 -0.23092148 234 88 12
0.040061928 0.034751017 -0.19112979 234 88 12
0.037248574 0.034489568 -0.19183549 234 88 12
0.02333751 0.033236804 -0.19507292 234 88 12
-0.032537281 0.027548891 -0.20852763 234 88 12
-0.069934511 0.021820197 -0.21787369 234 88 12
-0.088576523 0.018207252 -0.22314535 234 88 12
-0.093179087 0.017180254 -0.22444083 234 88 12
-0.097816372 0.016076432 -0.2256346 234 88 12
0.15396099 0.040007697 -0.16667384 234 88 12
0.11643483 0.038979 -0.17523105 234 88 12
0.020943651 0.03276212 -0.1981718 234 88 12
0.0098466504 0.031806238 -0.20097013 234 88 12
0.097626589 0.037946876 -0.18242493 234 88 12
0.078921903 0.03705837 -0.1865672 234 88 12
-0.012411226 0.029424225 -0.20888296 234 88 12
-0.087712956 0.01755937 -0.22787194 234 88 12
-0.094535796 0.015981602 -0.22982377 234 88 12
0.15788854 0.039757733 -0.1712213 234 88 12
0.12415082 0.038018425 -0.17841526 234 88 12
-0.0091093326 0.029494151 -0.21057914 234 88 12
-0.089078362 0.016323092 -0.23321797 234 88 12
0.11518095 0.036858421 -0.18554787 234 88 12
-0.035741569 0.025687278 -0.22168886 234 88 12
0.023590312 0.031213286 -0.21280692 234 88 12
-0.040062439 0.02440084 -0.22773068 234 88 12
-0.047556043 0.023168127 -0.22939771 234 88 12
-0.098855179 0.011981239 -0.24295246 234 88 12
0.13342412 0.035816528 -0.18912299 234 88 12
0.08786305 0.034598521 -0.19959593 234 88 12
0.029586254 0.031289167 -0.21384215 234 88 12
0.01005508 0.029813155 -0.21859079 234 88 12
-0.054508127 0.021696027 -0.23356644 234 88 12
0.12729609 0.034933826 -0.19288468 234 88 12
0.032741654 0.031155779 -0.21562149 234 88 12
-0.00041765474 0.02818846 -0.22605314 234 88 12
-0.031097072 0.02468485 -0.2331654 234 88 12
-0.051230426 0.021480986 -0.23766593 234 88 12
0.11220299 0.033276786 -0.20120732 234 88 12
-0.062749373 0.018861759 -0.24303383 234 88 12
0.16154607 0.036225833 -0.19348563 234 88 12
0.11285261 0.032627154 -0.20347332 234 88 12
0.033952281 0.03019246 -0.22286695 234 88 12
0.0033012062 0.027833967 -0.2302286 234 88 12
0.087092978 0.032435964 -0.21250153 234 88 12
-0.032507259 0.023406652 -0.24069639 234 88 12
-0.068845517 0.016626671 -0.24927086 234 88 12
-0.075758715 0.015007792 -0.25114297 234 88 12
-0.10429124 0.0058369823 -0.2577728 234 88 12
-0.10641335 0.0049865053 -0.25819158 234 88 12
-0.10856722 0.0041302788 -0.25862101 234 88 12
0.040257691 0.029990406 -0.22645982 234 88 12
-0.056741009 0.018871033 -0.24863004 234 88 12
-0.075282487 0.014642372 -0.25333279 234 88 12
-0.077576793 0.014069756 -0.25388929 234 88 12
-0.088800143 0.010902162 -0.25645695 234 88 12
-0.095280632 0.0086541035 -0.25804625 234 88 12
0.13113136 0.030994158 -0.20616267 234 88 12
0.084844011 0.03158329 -0.21805007 234 88 12
0.078312158 0.031737646 -0.21976186 234 88 12
0.029537402 0.028862782 -0.23164876 234 88 12
-0.018322182 0.024570003 -0.24241647 234 88 12
-0.061009536 0.017530828 -0.25209966 234 88 12
0.066630931 0.030923487 -0.22550409 234 88 12
0.13278325 0.029297215 -0.2104457 234 88 12
-0.0031218472 0.025266806 -0.24381213 234 88 12
-0.076097555 0.012820597 -0.26032415 234 88 12
-0.082844437 0.010906422 -0.26183288 234 88 12
0.12109493 0.027676362 -0.21541559 234 88 12
0.041974164 0.028457344 -0.2361806 234 88 12
-0.082361786 0.010410783 -0.26388971 234 88 12
0.14075933 0.028188992 -0.2135059 234 88 12
0.13768419 0.027831612 -0.21399175 234 88 12
-0.06832333 0.013759344 -0.26320419 234 88 12
0.13543289 0.026661975 -0.21669851 234 88 12
0.0069297871 0.024671228 -0.24904963 234 88 12
0.12388035 0.024760344 -0.22156898 234 88 12
0.095094892 0.024599788 -0.23143028 234 88 12
0.058080248 0.027378401 -0.24236649 234 88 12
0.019050948 0.02458147 -0.2512984 234 88 12
-0.023020261 0.02038742 -0.25980651 234 88 12
-0.057705756 0.014670115 -0.2673732 234 88 12
-0.097339305 0.0017028771 -0.27566588 234 88 12
0.11319686 0.022170482 -0.2284971 234 88 12
0.099824322 0.022932654 -0.2322205 234 88 12
0.019579303 0.024025326 -0.25360615 234 88 12
-0.038054003 0.017725834 -0.26551113 234 88 12
-0.066494835 0.011922858 -0.27151407 234 88 12
0.11714093 0.021320662 -0.22976466 234 88 12
0.059289494 0.02606784 -0.24686398 234 88 12
-0.061455043 0.012607878 -0.27242849 234 88 12
-0.096355445 0.00054046252 -0.27949903 234 88 12
0.11479188 0.020275485 -0.23260135 234 88 12
0.0095329762 0.021849172 -0.26028209 234 88 12
-0.029297787 0.017671196 -0.2679047 234 88 12
-0.041989109 0.015869979 -0.27068211 234 88 12
-0.051158019 0.013697443 -0.27453733 234 88 12
-0.095387526 -0.00055338143 -0.28330761 234 88 12
0.021594934 0.021713315 -0.26236979 234 88 12
0.082295348 0.021198702 -0.24947364 234 88 12
0.024841289 0.02139059 -0.26396629 234 88 12
-0.035389908 0.014959917 -0.27580258 234 88 12
0.033649759 0.021475709 -0.26445361 234 88 12
-0.032245662 0.014716164 -0.27736292 234 88 12
-0.08991582 -0.00014261609 -0.28823669 234 88 12
0.095470929 0.017236621 -0.24976626 234 88 12
0.073179505 0.020794871 -0.25709979 234 88 12
0.034257879 0.020792226 -0.26665685 234 88 12
-0.029005974 0.01438437 -0.27888161 234 88 12
0.064281753 0.020476713 -0.26167297 234 88 12
0.023844333 0.019258764 -0.27096786 234 88 12
-0.043765839 0.011807397 -0.28400038 234 88 12
-0.051009099 0.010511038 -0.28544986 234 88 12
-0.055716567 0.0095419589 -0.28633702 234 88 12
-0.0058039819 0.015267625 -0.27859117 234 88 12
-0.01138409 0.014727823 -0.27967422 234 88 12
-0.022355431 0.013629072 -0.28181473 234 88 12
-0.025031013 0.013324999 -0.28239421 234 88 12
-0.038174298 0.011869371 -0.28487762 234 88 12
-0.082128352 0.0008988296 -0.29288346 234 88 12
0.10125668 0.014611416 -0.25503696 234 88 12
-0.010680445 0.013993478 -0.28158652 234 88 12
0.001199337 0.014314099 -0.28140786 234 88 12
-0.093336957 -0.0060914796 -0.29867936 234 88 12
0.037823298 0.016824706 -0.27673457 234 88 12
-0.071806837 0.0021596154 -0.29685952 234 88 12
0.11609233 0.012602648 -0.25800377 234 88 12
0.065623353 0.01596986 -0.27232719 234 88 12
-0.00011188895 0.012431129 -0.2856669 234 88 12
-0.030414782 0.0096989476 -0.29144135 234 88 12
-0.084084057 -0.0035779724 -0.30072716 234 88 12
0.060205885 0.015164836 -0.2759112 234 88 12
-0.074977051 -0.00078044831 -0.3013275 234 88 12
-0.077143876 -0.0015983344 -0.3016695 234 88 12
-0.085491992 -0.0052525223 -0.30279329 234 88 12
-0.072172217 -0.00075361442 -0.30280376 234 88 12
-0.082808297 -0.0050688967 -0.30424944 234 88 12
0.082286762 0.012079852 -0.27438813 234 88 12
0.056005746 0.013333337 -0.28138013 234 88 12
0.041321678 0.013175168 -0.28455179 234 88 12
-0.062576901 0.0013424098 -0.30323798 234 88 12
0.086965113 0.010670365 -0.27524147 234 88 12
0.045117458 0.012330734 -0.28592107 234 88 12
0.03089061 0.011665997 -0.2886786 234 88 12
0.0084764132 0.0098669662 -0.2928313 234 88 12
-0.077271183 -0.0047410643 -0.30718057 234 88 12
0.04033525 0.011249849 -0.28914323 234 88 12
-0.070119695 -0.0030262063 -0.30815371 234 88 12
0.047107002 0.010478689 -0.28993247 234 88 12
-0.028894949 0.0049880026 -0.30371093 234 88 12
-0.058153475 -0.00034443543 -0.30846831 234 88 12
-0.079926648 -0.0080815056 -0.31141025 234 88 12
0.060469718 0.009370996 -0.2891582 234 88 12
-0.030802405 0.0039089695 -0.3062023 234 88 12
-0.038499025 0.0028835554 -0.30744682 234 88 12
-0.059653594 -0.0017393513 -0.31073933 234 88 12
0.049209777 0.0085177733 -0.29400814 234 88 12
0.043324088 0.0084663751 -0.29535696 234 88 12
0.014719214 0.006940703 -0.30047143 234 88 12
-0.09652998 -0.021832235 -0.3199565 234 88 12
-0.066120138 -0.007392821 -0.31745857 234 88 12
0.067068513 0.0033624672 -0.29845459 234 88 12
-0.021038303 -5.105128e-05 -0.31521389 234 88 12
-0.031601378 -0.0014361117 -0.31665044 234 88 12
-0.068645735 -0.011122918 -0.32176252 234 88 12
-0.014559974 -0.00052809523 -0.31645286 234 88 12
-0.083611761 -0.020419031 -0.32579192 234 88 12
0.020960767 0.00055217105 -0.31251612 234 88 12
-0.0080643776 -0.0011651275 -0.31771452 234 88 12
-0.068870474 -0.014313016 -0.32587558 234 88 12
-0.059198046 -0.012175147 -0.3268691 234 88 12
-0.06782911 -0.015511399 -0.32786289 234 88 12
0.087730085 -0.0018175394 -0.30188277 234 88 12
0.072464152 -0.0019639879 -0.3056753 234 88 12
-0.00015162584 -0.0032256477 -0.32066415 234 88 12
-0.019537365 -0.0048731513 -0.32371188 234 88 12
-0.032426726 -0.0068405238 -0.32533213 234 88 12
-0.082350448 -0.02552381 -0.33149627 234 88 12
0.036575641 -0.0027805503 -0.31595704 234 88 12
-0.038774253 -0.0096313896 -0.32815003 234 88 12
-0.089942294 -0.033653236 -0.33426096 234 88 12
0.011807036 -0.0058064461 -0.32309647 234 88 12
-0.024934838 -0.0086119364 -0.32872268 234 88 12
-0.064361154 -0.019557049 -0.33405077 234 88 12
-0.074349069 -0.024691443 -0.33504968 234 88 12
-0.076263501 -0.0259068 -0.33513 234 88 12
0.066745528 -0.0053544219 -0.31363488 234 88 12
0.051012915 -0.0050504038 -0.31724313 234 88 12
0.045095471 -0.0052387118 -0.31854447 234 88 12
-0.010359854 -0.0084208199 -0.32880476 234 88 12
-0.048270276 -0.015313176 -0.33411572 234 88 12
0.085759352 -0.0061520942 -0.31139329 234 88 12
0.053728203 -0.0077906788 -0.32120072 234 88 12
0.032366561 -0.011221174 -0.32770114 234 88 12
0.01711334 -0.015632113 -0.33283506 234 88 12
0.053935581 -0.014441852 -0.33015386 234 88 12
0.040082002 -0.016414063 -0.33286237 234 88 12
0.049634158 -0.02012327 -0.33774438 234 88 12
-0.0047410762 -0.042112568 -0.35691623 234 88 12
0.0097641567 -0.041423616 -0.35921292 234 88 12
0.023779923 -0.039777935 -0.36130193 234 88 12
-0.074115562 -0.071636876 0.53497485 234 88 12
-0.020351922 -0.063382058 0.5371121 234 88 12
-0.094223594 -0.078584928 0.51932631 234 88 12
-0.084795 -0.077777759 0.51796178 234 88 12
-0.073469043 -0.075855063 0.51999282 234 88 12
-0.02647978 -0.066330641 0.52918526 234 88 12
-0.062051084 -0.074382111 0.5196892 234 88 12
-0.072567864 -0.0769268 0.51506416 234 88 12
-0.018320363 -0.065755903 0.52579672 234 88 12
-0.092343163 -0.080841606 0.50918748 234 88 12
-0.080560624 -0.078955945 0.51102355 234 88 12
-0.01788372 -0.066300813 0.52351389 234 88 12
-0.0079732011 -0.064478043 0.52474816 234 88 12
-0.098025311 -0.082221572 0.50576206 234 88 12
-0.036594463 -0.071954847 0.51274707 234 88 12
0.0087211425 -0.063590837 0.51887765 234 88 12
-0.11536958 -0.086232427 0.49568362 234 88 12
-0.018704502 -0.068764738 0.51349054 234 88 12
-0.13311799 -0.089623848 0.49081367 234 88 12
-0.11801729 -0.087162895 0.49264833 234 88 12
-0.096722125 -0.083916939 0.49564059 234 88 12
-0.051308453 -0.076070342 0.50431367 234 88 12
-0.048682397 -0.07551354 0.504923 234 88 12
-0.020862093 -0.069744619 0.51056489 234 88 12
-0.053520733 -0.077143869 0.50121808 234 88 12
-0.03544365 -0.073405348 0.50522909 234 88 12
-0.13229248 -0.090532644 0.48562266 234 88 12
-0.083965175 -0.083031916 0.49252432 234 88 12
-0.075234265 -0.08169514 0.49414175 234 88 12
-0.017468643 -0.070234287 0.50599126 234 88 12
7.0569551e-05 -0.067076532 0.50855275 234 88 12
-0.14394542 -0.093077833 0.48146275 234 88 12
-0.14646523 -0.094100383 0.4785239 234 88 12
-0.098735797 -0.085981786 0.48507217 234 88 12
-0.057653142 -0.079721704 0.49251549 234 88 12
-0.05222507 -0.078707903 0.49380522 234 88 12
-0.041871587 -0.076622322 0.49616102 234 88 12
-0.010884859 -0.070955715 0.49955379 234 88 12
-0.1251496 -0.090959729 0.47598076 234 88 12
-0.11052071 -0.088435458 0.4780159 234 88 12
-0.098143232 -0.086723366 0.47986282 234 88 12
-0.094990663 -0.086301509 0.48038031 234 88 12
-0.054137276 -0.080199968 0.48817531 234 88 12
-0.00010191464 -0.069935796 0.49866824 234 88 12
-0.15106384 -0.096560462 0.46991097 234 88 12
-0.13349828 -0.093007966 0.47212503 234 88 12
-0.088453776 -0.085830581 0.47881248 234 88 12
-0.085403438 -0.085398984 0.47934065 234 88 12
-0.0098135104 -0.072130407 0.49457663 234 88 12
-0.14154675 -0.095473433 0.46583115 234 88 12
-0.090885985 -0.087058701 0.47322038 234 88 12
-0.14410708 -0.096334915 0.4629638 234 88 12
-0.084358725 -0.08664217 0.47179535 234 88 12
-0.093404233 -0.088182364 0.46759741 234 88 12
-0.15768365 -0.09990113 0.45630473 234 88 12
-0.14341222 -0.096795658 0.45802094 234 88 12
-0.11767092 -0.091838489 0.46150301 234 88 12
-0.028298748 -0.078934305 0.47836081 234 88 12
-0.12869255 -0.094324312 0.45511202 234 88 12
-0.02738804 -0.080171869 0.47347212 234 88 12
-0.011327932 -0.077517777 0.4767488 234 88 12
-0.14253425 -0.097512161 0.45062295 234 88 12
-0.12274845 -0.093528501 0.45338099 234 88 12
-0.088975471 -0.089246758 0.45825555 234 88 12
-0.12536769 -0.094273625 0.45058172 234 88 12
-0.076417725 -0.088417919 0.45791132 234 88 12
0.0049149847 -0.076528131 0.47489127 234 88 12
-0.12513587 -0.09452431 0.44812977 234 88 12
-0.1044772 -0.091609195 0.45058704 234 88 12
-0.012664677 -0.080045542 0.46915461 234 88 12
-0.0022111119 -0.0784078 0.47129593 234 88 12
-0.084712687 -0.090275458 0.45151903 234 88 12
-0.14701987 -0.099587112 0.44019813 234 88 12
-0.10711067 -0.092607443 0.44535392 234 88 12
-0.075475144 -0.089819413 0.45057277 234 88 12
-0.049434323 -0.087117344 0.45594062 234 88 12
-0.04659306 -0.08679108 0.45660582 234 88 12
-0.027880221 -0.083806999 0.4608213 234 88 12
-0.10997188 -0.093281517 0.44252218 234 88 12
-0.027568605 -0.084410323 0.45849887 234 88 12
-0.13270271 -0.0970488 0.4372301 234 88 12
-0.083887016 -0.091603865 0.44436665 234 88 12
-0.10005523 -0.093263536 0.43901358 234 88 12
-0.034856837 -0.086921812 0.4519805 234 88 12
-0.011175655 -0.083172812 0.45725675 234 88 12
-0.14612828 -0.1004017 0.43065483 234 88 12
-0.13510587 -0.098101846 0.43217158 234 88 12
-0.010966035 -0.083798744 0.45499043 234 88 12
-0.14321975 -0.10004414 0.42864355 234 88 12
-0.010766754 -0.08438908 0.45267562 234 88 12
-0.13473434 -0.098622159 0.42745158 234 88 12
-0.070886298 -0.092455985 0.43682703 234 88 12
-0.12066893 -0.096788216 0.42667642 234 88 12
-0.14254576 -0.10077405 0.42163258 234 88 12
-0.018031936 -0.087297581 0.44411081 234 88 12
-0.12036308 -0.097436644 0.42198636 234 88 12
-0.11749552 -0.097065712 0.42222479 234 88 12
-0.061608083 -0.093115344 0.43140281 234 88 12
0.0020545222 -0.08439345 0.44572856 234 88 12
-0.12856055 -0.098978332 0.41868286 234 88 12
-0.015036346 -0.08806377 0.44004765 234 88 12
-0.10209382 -0.096501783 0.41918915 234 88 12
-0.088387925 -0.09613864 0.4215182 234 88 12
-0.10519585 -0.097092213 0.41645834 234 88 12
-0.040716437 -0.093250599 0.42926575 234 88 12
-0.06938141 -0.095875146 0.42032334 234 88 12
-0.04323858 -0.094049576 0.42628617 234 88 12
-0.051764624 -0.095182219 0.42179895 234 88 12
-0.13594774 -0.10190001 0.40591503 234 88 12
-0.13048773 -0.10104076 0.40661302 234 88 12
-0.11661607 -0.099238102 0.40811979 234 88 12
-0.087749605 -0.097852036 0.41230357 234 88 12
-0.080772678 -0.097411979 0.4135986 234 88 12
-0.12213839 -0.10023429 0.40517765 234 88 12
-0.094588151 -0.098352722 0.40863627 234 88 12
-0.034391436 -0.094557953 0.42159042 234 88 12
-0.11919058 -0.10024154 0.4030803 234 88 12
-0.084242447 -0.0984246 0.40814009 234 88 12
-0.026284601 -0.093972056 0.42116275 234 88 12
-0.11908351 -0.10055906 0.40072361 234 88 12
-0.094425423 -0.098993217 0.40396199 234 88 12
-0.034029347 -0.095391384 0.41697293 234 88 12
-0.026084205 -0.094405717 0.41887061 234 88 12
-0.084189095 -0.09891392 0.40349869 234 88 12
-0.097747025 -0.099521212 0.39865887 234 88 12
-0.087475814 -0.09938351 0.39823364 234 88 12
-0.0624966 -0.09843441 0.40071638 234 88 12
-0.047582244 -0.097780773 0.40413703 234 88 12
-0.044627027 -0.097607797 0.40484872 234 88 12
-0.017537978 -0.094658614 0.41150604 234 88 12
-0.14037479 -0.10429972 0.38634377 234 88 12
-0.1292876 -0.10310912 0.38770553 234 88 12
-0.044485303 -0.097913257 0.40250811 234 88 12
-0.12377157 -0.10268518 0.38593769 234 88 12
-0.065377923 -0.09910792 0.39532213 234 88 12
-0.041407434 -0.098065942 0.4008964 234 88 12
-0.038563822 -0.097860938 0.40166395 234 88 12
-0.014373828 -0.095030079 0.40739398 234 88 12
-0.080428031 -0.10017893 0.38778872 234 88 12
-0.0057540822 -0.094814945 0.40444694 234 88 12
0.0020127391 -0.093843414 0.4059754 234 88 12
-0.1258768 -0.10355483 0.37832283 234 88 12
-0.1149384 -0.10234942 0.37963527 234 88 12
-0.065191221 -0.099876172 0.38814969 234 88 12
-0.080375776 -0.10056465 0.38284193 234 88 12
-0.043648822 -0.099365323 0.39072082 234 88 12
-0.13668285 -0.10489289 0.37201208 234 88 12
-0.1338385 -0.10464272 0.37240958 234 88 12
-0.037578455 -0.099241197 0.38963436 234 88 12
-0.034500021 -0.099282267 0.38800521 234 88 12
-0.026115028 -0.098517622 0.38996827 234 88 12
-0.086710518 -0.10151076 0.3742595 234 88 12
-0.13356535 -0.10486418 0.3649278 234 88 12
-0.086697734 -0.10162485 0.37179016 234 88 12
-0.0062801873 -0.096991868 0.38981547 234 88 12
-0.086659158 -0.10171588 0.36935288 234 88 12
-0.077277676 -0.10133886 0.37122596 234 88 12
-0.14203869 -0.1056158 0.35852607 234 88 12
-0.12506956 -0.10426937 0.36088441 234 88 12
-0.092923889 -0.10202057 0.36573446 234 88 12
-0.071056717 -0.10124675 0.36997436 234 88 12
-0.033647241 -0.10015132 0.37840561 234 88 12
-0.074143629 -0.1014499 0.36696098 234 88 12
-0.055272394 -0.10100499 0.37073219 234 88 12
-0.14188349 -0.10566226 0.35338348 234 88 12
-0.12209972 -0.10415081 0.35632204 234 88 12
-0.074114743 -0.10156777 0.36447181 234 88 12
-0.064727787 -0.10128139 0.36621907 234 88 12
-0.061583851 -0.10122507 0.3668537 234 88 12
-0.058404508 -0.10116342 0.36754169 234 88 12
-0.019044394 -0.099161457 0.37709512 234 88 12
0.00050196463 -0.096866576 0.38174828 234 88 12
-0.13316669 -0.10508006 0.35229787 234 88 12
-0.10189111 -0.10269434 0.35669688 234 88 12
-0.080291797 -0.10193536 0.36088584 234 88 12
-0.051835981 -0.10125563 0.36650966 234 88 12
-0.0073780941 -0.098088122 0.37738416 234 88 12
-0.13888239 -0.10557484 0.34872121 234 88 12
-0.10470833 -0.10298289 0.35371496 234 88 12
-0.086369704 -0.10228847 0.35716472 234 88 12
0.0093277283 -0.096068446 0.37889327 234 88 12
-0.054861046 -0.10172562 0.36074017 234 88 12
-0.11867176 -0.10426764 0.34668959 234 88 12
-0.095504505 -0.1028821 0.35032842 234 88 12
0.013262974 -0.096277533 0.37240233 234 88 12
-0.12975945 -0.10520286 0.33989704 234 88 12
-0.10124768 -0.1034069 0.34430101 234 88 12
-0.089100109 -0.10297386 0.34663235 234 88 12
-0.031191792 -0.10213793 0.35634361 234 88 12
-0.028207066 -0.10190593 0.35702552 234 88 12
-0.016591848 -0.10098499 0.35998682 234 88 12
0.0033932269 -0.098293651 0.36507327 234 88 12
-0.13869946 -0.10581724 0.3331446 234 88 12
-0.13566833 -0.10563938 0.33369102 234 88 12
-0.11528277 -0.1044293 0.33694886 234 88 12
-0.04024264 -0.10275999 0.35166106 234 88 12
-0.0018166729 -0.09941438 0.36120221 234 88 12
0.022663559 -0.09567335 0.36733075 234 88 12
-0.076686833 -0.10304945 0.34152422 234 88 12
0.0067555289 -0.098298449 0.36103237 234 88 12
0.02304299 -0.095877448 0.36500339 234 88 12
-0.13877673 -0.10578472 0.32789545 234 88 12
-0.039844381 -0.10314556 0.34677173 234 88 12
-0.027491821 -0.10260967 0.34969629 234 88 12
-0.012797383 -0.10135635 0.35333684 234 88 12
-0.14777458 -0.10624689 0.32373522 234 88 12
-0.12365837 -0.10505513 0.32800804 234 88 12
-0.09178427 -0.10379018 0.33356773 234 88 12
-0.10051409 -0.1041506 0.32936056 234 88 12
-0.13581107 -0.10546663 0.32077183 234 88 12
-0.02095724 -0.102671 0.34378716 234 88 12
-0.16334214 -0.10704745 0.31342871 234 88 12
-0.15103742 -0.10603606 0.31538399 234 88 12
-0.00020385595 -0.1004863 0.3464998 234 88 12
-0.15726374 -0.10633552 0.31192 234 88 12
-0.19764168 -0.10634102 0.30269662 234 88 12
-0.13918811 -0.10528687 0.31233048 234 88 12
0.025296135 -0.097062841 0.34818045 234 88 12
-0.22243403 -0.10786899 0.29654479 234 88 12
-0.17982053 -0.10573302 0.30273504 234 88 12
-0.026232205 -0.10406933 0.33252381 234 88 12
-0.014338789 -0.1028823 0.3353047 234 88 12
0.01192779 -0.099403611 0.34232897 234 88 12
0.046141148 -0.09536721 0.35033116 234 88 12
-0.21274227 -0.10632204 0.29548029 234 88 12
-0.050055154 -0.10462216 0.32426227 234 88 12
-0.0081962124 -0.10244062 0.33430592 234 88 12
0.00073067065 -0.10131583 0.3366213 234 88 12
-0.21325949 -0.10591055 0.29289611 234 88 12
-0.22018491 -0.10635685 0.28935759 234 88 12
-0.11693657 -0.10563069 0.30618821 234 88 12
0.03789999 -0.096653637 0.34099074 234 88 12
-0.16234319 -0.10482875 0.29578758 234 88 12
-0.09046948 -0.10573043 0.30859795 234 88 12
0.064593865 -0.094449227 0.34146174 234 88 12
-0.17082443 -0.10401435 0.2891496 234 88 12
-0.1019554 -0.10628345 0.30126738 234 88 12
0.029980331 -0.098124617 0.33144577 234 88 12
-0.21515265 -0.10387235 0.277316 234 88 12
-0.11056752 -0.10645441 0.29456758 234 88 12
-0.0099421438 -0.10410807 0.31627158 234 88 12
0.082950041 -0.09336422 0.33683029 234 88 12
-0.21221216 -0.10319284 0.27518512 234 88 12
-0.16378109 -0.10390659 0.28259116 234 88 12
-0.10750574 -0.10658222 0.29253573 234 88 12
-0.006877864 -0.10390197 0.31456303 234 88 12
0.0051231128 -0.10239326 0.31767271 234 88 12
0.047715846 -0.096765339 0.32795851 234 88 12
0.062297581 -0.095245368 0.33088613 234 88 12
0.056679249 -0.09598893 0.32726544 234 88 12
0.09789791 -0.091523653 0.33404913 234 88 12
-0.22726877 -0.10527357 0.26768751 234 88 12
-0.1852009 -0.10161906 0.27372895 234 88 12
-0.089506659 -0.1069754 0.29107183 234 88 12
-0.074428529 -0.10676908 0.29462194 234 88 12
0.0022962977 -0.10303631 0.31184086 234 88 12
0.022468012 -0.10011238 0.31707419 234 88 12
-0.21267885 -0.10252475 0.26717967 234 88 12
-0.20008782 -0.10126555 0.26895811 234 88 12
-0.15658036 -0.10404013 0.27600609 234 88 12
-0.14950866 -0.10437709 0.27711227 234 88 12
-0.13963674 -0.10502036 0.27871962 234 88 12
0.059982828 -0.095996403 0.32279728 234 88 12
0.071314229 -0.094708342 0.32487841 234 88 12
0.095012608 -0.09212397 0.32870084 234 88 12
-0.2301899 -0.1055728 0.26188816 234 88 12
-0.083138972 -0.1073144 0.28752373 234 88 12
-0.045437846 -0.10646932 0.2959508 234 88 12
0.0024538828 -0.10334902 0.30688535 234 88 12
0.042431319 -0.097978782 0.31651981 234 88 12
0.124011 -0.078877959 0.32829678 234 88 12
-0.2003748 -0.10092332 0.2635662 234 88 12
-0.15676615 -0.10404114 0.27063981 234 88 12
-0.14955652 -0.10450253 0.27183846 234 88 12
-0.13953263 -0.10521211 0.27353422 234 88 12
-0.10692854 -0.10714839 0.27967366 234 88 12
-0.058683102 -0.10683869 0.29062014 234 88 12
-0.0036388704 -0.10411792 0.30285309 234 88 12
-0.12889527 -0.10602479 0.27282713 234 88 12
-0.021820116 -0.1058602 0.29627821 234 88 12
0.066081157 -0.095903475 0.31616053 234 88 12
0.11856737 -0.082893727 0.32326837 234 88 12
-0.23303473 -0.10580347 0.25342367 234 88 12
-0.1159865 -0.10704971 0.27282183 234 88 12
-0.082610728 -0.10798921 0.28015996 234 88 12
-0.015657534 -0.10545545 0.29516525 234 88 12
0.036781016 -0.09913782 0.30763616 234 88 12
0.11287397 -0.086434091 0.32041994 234 88 12
-0.19377317 -0.10057711 0.25654075 234 88 12
-0.0034888777 -0.10453428 0.29539687 234 88 12
-0.2274458 -0.10433162 0.24880643 234 88 12
-0.22459398 -0.10374569 0.24923891 234 88 12
0.045805781 -0.098565544 0.30446621 234 88 12
0.060490961 -0.096966449 0.30732692 234 88 12
0.083743063 -0.094645402 0.31182173 234 88 12
0.094825842 -0.092941147 0.31357686 234 88 12
-0.20983983 -0.10147075 0.24891318 234 88 12
-0.12208266 -0.10697537 0.2639507 234 88 12
-0.10320235 -0.10819616 0.26770042 234 88 12
-0.018565789 -0.10611195 0.28714212 234 88 12
0.0058212544 -0.10389319 0.29273576 234 88 12
0.011829223 -0.10313016 0.29422025 234 88 12
-0.14256407 -0.10579037 0.25745708 234 88 12
-0.044452594 -0.1075855 0.27887854 234 88 12
-0.003456341 -0.10497975 0.28800595 234 88 12
0.094753298 -0.0932546 0.30855871 234 88 12
-0.22167057 -0.10307739 0.24153012 234 88 12
-0.20664258 -0.10121099 0.24403979 234 88 12
-0.16980257 -0.10261183 0.24966024 234 88 12
0.031320794 -0.10060167 0.29366272 234 88 12
0.039852417 -0.099615391 0.29546532 234 88 12
-0.20347786 -0.101017 0.24185354 234 88 12
-0.19372634 -0.10070172 0.24327213 234 88 12
-0.099922363 -0.10862915 0.26074198 234 88 12
-0.22739606 -0.10410183 0.23515311 234 88 12
-0.20649686 -0.10128805 0.23865218 234 88 12
-0.18648334 -0.10093934 0.24158117 234 88 12
-0.044376741 -0.1077858 0.27148831 234 88 12
0.054895141 -0.098369266 0.29356638 234 88 12
0.12568499 -0.078767681 0.3037461 234 88 12
0.13056633 -0.073987653 0.3036847 234 88 12
-0.12517135 -0.10691717 0.25032667 234 88 12
0.060769316 -0.097897865 0.29218802 234 88 12
0.089578178 -0.094911777 0.29749935 234 88 12
-0.18644157 -0.10091972 0.23624832 234 88 12
-0.12921697 -0.10672624 0.24697374 234 88 12
-0.047726128 -0.10784017 0.26576884 234 88 12
-0.0098003373 -0.10587746 0.27428828 234 88 12
0.017384141 -0.10296689 0.28061796 234 88 12
0.020170516 -0.10254007 0.28121747 234 88 12
0.11297311 -0.08797856 0.29824042 234 88 12
-0.13263806 -0.10642818 0.24359961 234 88 12
-0.081462233 -0.10895512 0.25546947 234 88 12
0.014510451 -0.10350371 0.27749109 234 88 12
-0.23316968 -0.10519355 0.22350839 234 88 12
-0.1862732 -0.10109254 0.23099626 234 88 12
-0.14303913 -0.10559207 0.23899771 234 88 12
-0.02171581 -0.10700945 0.26699993 234 88 12
-0.015790678 -0.10654273 0.26813682 234 88 12
0.083951851 -0.096122781 0.28879464 234 88 12
-0.2183722 -0.10299871 0.22326374 234 88 12
-0.17822306 -0.10191423 0.22968829 234 88 12
-0.16989467 -0.102889 0.23128938 234 88 12
-0.1186925 -0.1075581 0.24141956 234 88 12
-0.087484836 -0.10900344 0.24892487 234 88 12
-0.069460503 -0.10871455 0.25352361 234 88 12
-0.018746037 -0.10688876 0.26512518 234 88 12
0.031213217 -0.10144907 0.27591365 234 88 12
0.084009349 -0.096327103 0.28624694 234 88 12
0.097684829 -0.094252306 0.28866939 234 88 12
-0.12566466 -0.10742089 0.23745266 234 88 12
-0.11862762 -0.10759756 0.23884973 234 88 12
-0.1155009 -0.10781563 0.2395825 234 88 12
-0.078391082 -0.10894238 0.24885666 234 88 12
-0.057308958 -0.10824339 0.2538776 234 88 12
0.0024080946 -0.10533276 0.26716668 234 88 12
0.043121466 -0.1005429 0.2757774 234 88 12
0.058362784 -0.09913742 0.27890555 234 88 12
0.075228307 -0.097298548 0.28207173 234 88 12
0.10013881 -0.09379104 0.2865521 234 88 12
0.12954656 -0.076713569 0.28900179 234 88 12
-0.05410619 -0.10819709 0.2521117 234 88 12
0.058469713 -0.099327518 0.27632942 234 88 12
0.075385472 -0.097516931 0.27957942 234 88 12
-0.23320543 -0.10539549 0.21265225 234 88 12
-0.081378374 -0.1090599 0.24307799 234 88 12
-0.040852353 -0.10813471 0.25286204 234 88 12
0.061455528 -0.099209889 0.27436337 234 88 12
0.067057332 -0.098588412 0.27542784 234 88 12
0.075569408 -0.097765533 0.27704507 234 88 12
0.10719706 -0.091919656 0.28262077 234 88 12
-0.19289112 -0.10160733 0.21666192 234 88 12
-0.066400057 -0.10865716 0.24439486 234 88 12
-0.0408446 -0.10817195 0.25041528 234 88 12
-0.037517296 -0.1081218 0.25121313 234 88 12
-0.021770514 -0.10749038 0.25470034 234 88 12
0.12826724 -0.078767063 0.28164301 234 88 12
-0.10919398 -0.10869511 0.23098766 234 88 12
-0.10301828 -0.10893196 0.23243049 234 88 12
-0.0096379989 -0.10692077 0.25467005 234 88 12
0.011596894 -0.10507916 0.25915986 234 88 12
0.0559259 -0.10027909 0.26816718 234 88 12
0.058858213 -0.099971205 0.26865355 234 88 12
-0.23030765 -0.10504781 0.20499749 234 88 12
-0.15706706 -0.10511189 0.21794092 234 88 12
-0.069341802 -0.10885409 0.23877478 234 88 12
-0.031007695 -0.1080844 0.24783586 234 88 12
-0.018701208 -0.10754011 0.2503578 234 88 12
0.0056534728 -0.10591935 0.25526922 234 88 12
0.064707995 -0.099643761 0.2671433 234 88 12
-0.075384528 -0.10893881 0.23485656 234 88 12
0.028732641 -0.10328945 0.25756018 234 88 12
0.095893111 -0.096215741 0.27038789 234 88 12
-0.21181766 -0.10302654 0.20290369 234 88 12
-0.20865793 -0.10276631 0.20345161 234 88 12
-0.17333243 -0.10337784 0.20936452 234 88 12
-0.097000262 -0.10914153 0.22646189 234 88 12
-0.090895584 -0.10926235 0.22801511 234 88 12
0.11823991 -0.08798618 0.27107658 234 88 12
0.12014005 -0.086743681 0.2712478 234 88 12
-0.19911403 -0.10226094 0.20242919 234 88 12
-0.093986673 -0.10915971 0.22467959 234 88 12
-0.087826404 -0.10924114 0.22630902 234 88 12
-0.060270687 -0.1084974 0.23345254 234 88 12
-0.031042245 -0.10811349 0.24040404 234 88 12
0.034501448 -0.10298845 0.25357283 234 88 12
-0.093996574 -0.10909787 0.2221266 234 88 12
-0.066357108 -0.10869267 0.22956109 234 88 12
-0.037629619 -0.10821807 0.23625112 234 88 12
-0.015653036 -0.10754056 0.24116662 234 88 12
0.014556078 -0.10534701 0.24720581 234 88 12
0.11038596 -0.092498001 0.2651404 234 88 12
-0.23043242 -0.10521854 0.19186927 234 88 12
-0.21172866 -0.10323043 0.19505055 234 88 12
-0.13169394 -0.10760156 0.2103669 234 88 12
-0.12106908 -0.1083211 0.21281762 234 88 12
-0.10895127 -0.10882552 0.21601417 234 88 12
-0.015624464 -0.10756844 0.23871503 234 88 12
0.03161367 -0.10345754 0.2480083 234 88 12
-0.23050726 -0.10525241 0.18923643 234 88 12
-0.0035526112 -0.10698411 0.23847803 234 88 12
0.094119263 -0.097726057 0.25728004 234 88 12
0.10401196 -0.095300083 0.25896387 234 88 12
-0.21161014 -0.10336279 0.18984478 234 88 12
-0.20838851 -0.10308624 0.19034982 234 88 12
-0.16896241 -0.10392598 0.19720946 234 88 12
-0.13154209 -0.10765887 0.20524337 234 88 12
0.079921067 -0.099510413 0.2519249 234 88 12
0.11722081 -0.089962044 0.25831844 234 88 12
-0.2305727 -0.10535564 0.18397215 234 88 12
-0.1987164 -0.10255208 0.1893767 234 88 12
-0.021544117 -0.10807419 0.23004509 234 88 12
0.0087566758 -0.1062783 0.23594412 234 88 12
0.014678012 -0.10568981 0.23713758 234 88 12
0.023174964 -0.10468496 0.23884574 234 88 12
0.094466976 -0.098061877 0.25212526 234 88 12
0.097103492 -0.097560924 0.25261981 234 88 12
0.10441777 -0.095621983 0.25387691 234 88 12
0.12499323 -0.085128582 0.25639083 234 88 12
0.12846851 -0.082143315 0.25655797 234 88 12
-0.17680571 -0.10331447 0.19040115 234 88 12
0.071463782 -0.10062529 0.24534391 234 88 12
0.11349623 -0.092343595 0.25278661 234 88 12
0.12700977 -0.083788779 0.25388532 234 88 12
-0.11159946 -0.10890896 0.20223898 234 88 12
0.11987482 -0.089243019 0.25084915 234 88 12
0.13054445 -0.080756994 0.25148282 234 88 12
-0.10843951 -0.10920229 0.20058884 234 88 12
-0.044263836 -0.10851263 0.21705362 234 88 12
0.057141859 -0.10233911 0.23783737 234 88 12
0.10956779 -0.094455417 0.24715756 234 88 12
-0.22433413 -0.10486786 0.17443306 234 88 12
-0.1761606 -0.10376024 0.18274119 234 88 12
-0.06940134 -0.10890907 0.20864939 234 88 12
-0.006128042 -0.10776964 0.22282183 234 88 12
0.09516143 -0.098566643 0.24200435 234 88 12
0.10028291 -0.097476386 0.24294816 234 88 12
-0.13058499 -0.10843197 0.18985894 234 88 12
-0.1142099 -0.10920389 0.19388437 234 88 12
-0.044283132 -0.10863716 0.21207336 234 88 12
0.0091756397 -0.10689686 0.22325305 234 88 12
0.015051426 -0.10627896 0.22444875 234 88 12
0.044471723 -0.10352333 0.23020267 234 88 12
0.060360782 -0.10236331 0.23323768 234 88 12
-0.18357224 -0.10356469 0.17610819 234 88 12
-0.12645648 -0.10882055 0.18806678 234 88 12
-0.11709075 -0.10924165 0.19057815 234 88 12
-0.11409731 -0.10929314 0.19133012 234 88 12
0.1206976 -0.08988283 0.24084596 234 88 12
0.1313509 -0.081313485 0.24146184 234 88 12
-0.099357971 -0.10958738 0.19270079 234 88 12
-0.015008631 -0.10825297 0.21347346 234 88 12
0.041566567 -0.10403962 0.22447696 234 88 12
-0.19059391 -0.10372766 0.16965258 234 88 12
-0.1482553 -0.10719802 0.17807558 234 88 12
0.015279699 -0.10650193 0.21687116 234 88 12
-0.13753542 -0.10821865 0.17773742 234 88 12
-0.099233739 -0.10957424 0.18762055 234 88 12
-0.087522454 -0.10940522 0.19092428 234 88 12
-0.030810718 -0.10842885 0.20522339 234 88 12
0.078344467 -0.10120823 0.22623329 234 88 12
-0.17536802 -0.1046829 0.16712975 234 88 12
-0.1447207 -0.10752986 0.17367431 234 88 12
-0.13402287 -0.10850312 0.17601891 234 88 12
-0.078325314 -0.10911102 0.1910618 234 88 12
-0.027425284 -0.1083229 0.20354393 234 88 12
0.090270973 -0.10009706 0.2258803 234 88 12
0.11737233 -0.092632313 0.23002427 234 88 12
-0.11378174 -0.10943208 0.17869681 234 88 12
-0.081248864 -0.10918717 0.18771289 234 88 12
-0.053949511 -0.10829119 0.19470567 234 88 12
-0.011720345 -0.10788052 0.20392998 234 88 12
0.012580455 -0.10669271 0.20886912 234 88 12
0.10392903 -0.097774977 0.22565244 234 88 12
0.10636758 -0.097060678 0.22599521 234 88 12
-0.14475648 -0.10753227 0.1684446 234 88 12
-0.01774589 -0.10801756 0.2004035 234 88 12
0.0035409162 -0.1072032 0.20455212 234 88 12
0.041903901 -0.10421769 0.21206396 234 88 12
0.04845184 -0.10392153 0.21346286 234 88 12
0.064182569 -0.10286786 0.21655542 234 88 12
0.07280054 -0.10197798 0.217901 234 88 12
0.087539767 -0.10056176 0.22035208 234 88 12
0.1292832 -0.085463805 0.22613207 234 88 12
-0.17504027 -0.10493509 0.1594461 234 88 12
-0.17114448 -0.10531032 0.16023076 234 88 12
0.042030324 -0.10430311 0.20958727 234 88 12
0.051918747 -0.10389829 0.21178212 234 88 12
-0.23034498 -0.10626387 0.14734971 234 88 12
-0.21731188 -0.10522039 0.14948355 234 88 12
-0.074765937 -0.10905087 0.18183225 234 88 12
-0.030402642 -0.10812529 0.19267852 234 88 12
-0.0024581627 -0.10734218 0.1983171 234 88 12
0.012823134 -0.10661466 0.20147672 234 88 12
0.11371993 -0.094956683 0.21948329 234 88 12
-0.20690695 -0.10481954 0.14857504 234 88 12
-0.16686156 -0.10597539 0.15585182 234 88 12
-0.10458038 -0.1098904 0.17075895 234 88 12
-0.0084424763 -0.10750769 0.19459374 234 88 12
-0.0054258702 -0.10739574 0.19518445 234 88 12
0.084820126 -0.1011443 0.21241008 234 88 12
0.10191445 -0.098709179 0.21541202 234 88 12
0.10442257 -0.098105977 0.21576718 234 88 12
0.12813109 -0.087215252 0.21844765 234 88 12
-0.18204727 -0.10480682 0.1501897 234 88 12
-0.11653622 -0.10958785 0.16499046 234 88 12
0.11177782 -0.095974169 0.21428833 234 88 12
-0.19618718 -0.10478924 0.14517293 234 88 12
-0.18179507 -0.10499246 0.14760706 234 88 12
-0.14797404 -0.10774662 0.15460073 234 88 12
-0.1075478 -0.10976578 0.16469238 234 88 12
0.016152428 -0.10635548 0.19456893 234 88 12
0.1164158 -0.094338883 0.21229284 234 88 12
0.13039467 -0.086027276 0.21351675 234 88 12
-0.09857596 -0.10983648 0.16466873 234 88 12
-0.023360405 -0.10770891 0.18408616 234 88 12
0.10479487 -0.098318491 0.20840876 234 88 12
0.11660972 -0.094472058 0.20982325 234 88 12
-0.18867122 -0.10520248 0.14117643 234 88 12
-0.064796798 -0.10863612 0.17152446 234 88 12
-0.042820302 -0.10795887 0.17686855 234 88 12
-0.014048758 -0.10741589 0.18350244 234 88 12
0.0043679449 -0.10694277 0.18720215 234 88 12
0.056107401 -0.10454618 0.1975847 234 88 12
0.099790082 -0.09957976 0.20523606 234 88 12
0.12311733 -0.091460837 0.20793529 234 88 12
0.14048153 -0.076384315 0.20860417 234 88 12
-0.020036041 -0.10746074 0.17975446 234 88 12
0.022369512 -0.10598383 0.18826107 234 88 12
0.03703763 -0.1052544 0.19120456 234 88 12
0.076861626 -0.10270168 0.19882173 234 88 12
0.13443638 -0.083439968 0.20615937 234 88 12
0.13768846 -0.080154621 0.20618993 234 88 12
-0.17707028 -0.10624372 0.13800116 234 88 12
-0.0955092 -0.10977312 0.15785864 234 88 12
0.053168259 -0.10486833 0.19199119 234 88 12
0.065451298 -0.10399215 0.19433523 234 88 12
0.08570491 -0.1018693 0.19787047 234 88 12
-0.20933605 -0.10608655 0.12956026 234 88 12
-0.18808467 -0.10584668 0.13336259 234 88 12
-0.12014773 -0.10991204 0.14869077 234 88 12
-0.032505905 -0.1075221 0.17175065 234 88 12
0.059572756 -0.10450945 0.19082712 234 88 12
0.10536286 -0.098744631 0.19853515 234 88 12
0.11724758 -0.094930973 0.19997729 234 88 12
0.12159323 -0.092947529 0.20032644 234 88 12
0.13315222 -0.085295547 0.20112083 234 88 12
-0.18794829 -0.1060009 0.13081274 234 88 12
-0.026032513 -0.10720713 0.17073517 234 88 12
0.13673984 -0.082319248 0.19866576 234 88 12
-0.22947097 -0.10744408 0.1209089 234 88 12
-0.13731433 -0.10892075 0.13895121 234 88 12
-0.12387543 -0.10945708 0.14264506 234 88 12
-0.07628086 -0.10884299 0.15576849 234 88 12
0.013904419 -0.10608995 0.17660852 234 88 12
0.016919559 -0.10597337 0.17725677 234 88 12
0.088990163 -0.10169958 0.19105911 234 88 12
-0.23238495 -0.10787415 0.11784867 234 88 12
-0.15400007 -0.10819375 0.1327401 234 88 12
-0.14395355 -0.10850079 0.13486669 234 88 12
-0.1340738 -0.10893702 0.1372899 234 88 12
-0.089623878 -0.10913855 0.149502 234 88 12
-0.038664799 -0.1072004 0.16257981 234 88 12
-0.013690302 -0.10653736 0.16834192 234 88 12
-0.21962068 -0.10687974 0.11706943 234 88 12
-0.12418717 -0.1091171 0.13752556 234 88 12
-0.12083943 -0.10917954 0.13845258 234 88 12
-0.092971211 -0.10902301 0.14607602 234 88 12
-0.019569482 -0.10660206 0.16459167 234 88 12
0.0014005325 -0.10600454 0.16879607 234 88 12
0.089284237 -0.10175392 0.18612381 234 88 12
0.11106833 -0.0976978 0.1894398 234 88 12
0.13221528 -0.087336372 0.19107573 234 88 12
-0.21600862 -0.10677872 0.11507075 234 88 12
-0.17633004 -0.10690325 0.12270889 234 88 12
-0.1471861 -0.10833692 0.12908852 234 88 12
-0.048184361 -0.10728819 0.15530381 234 88 12
-0.15724997 -0.10818709 0.12428339 234 88 12
-0.099513787 -0.1087869 0.13923547 234 88 12
0.08654321 -0.1021506 0.18077045 234 88 12
0.14087185 -0.079599251 0.18619276 234 88 12
-0.2320196 -0.10822361 0.10726593 234 88 12
-0.11785299 -0.10894267 0.13192838 234 88 12
0.013962539 -0.10539627 0.1641748 234 88 12
0.037434554 -0.10456811 0.16866647 234 88 12
0.040574707 -0.10454561 0.16934691 234 88 12
0.10647881 -0.099291197 0.18142539 234 88 12
0.14250452 -0.077804549 0.18365791 234 88 12
-0.190849 -0.10648569 0.11195502 234 88 12
-0.14689019 -0.10851051 0.12138608 234 88 12
-0.10872939 -0.10880213 0.13190068 234 88 12
-0.093331871 -0.10854114 0.13600282 234 88 12
-0.047916813 -0.10707307 0.14772638 234 88 12
-0.04138867 -0.10689171 0.14926389 234 88 12
-0.028500468 -0.10651786 0.15232614 234 88 12
-0.010416333 -0.10587366 0.15617609 234 88 12
0.050486493 -0.10447601 0.16913308 234 88 12
-0.20500299 -0.10676944 0.10650189 234 88 12
-0.16022494 -0.10834229 0.11577985 234 88 12
0.1349938 -0.086379965 0.17872104 234 88 12
-0.14984639 -0.10860947 0.11565129 234 88 12
-0.0012958737 -0.10543601 0.15304316 234 88 12
0.063407706 -0.1041101 0.1667461 234 88 12
0.07532468 -0.10335214 0.16902592 234 88 12
0.11447712 -0.097520294 0.17506491 234 88 12
-0.21891344 -0.1074668 0.098548276 234 88 12
-0.10274967 -0.10856926 0.12601467 234 88 12
-0.025198349 -0.10626265 0.14551485 234 88 12
-0.010198106 -0.10569145 0.14859778 234 88 12
0.011080911 -0.10513254 0.15322598 234 88 12
0.11221444 -0.098360778 0.17235869 234 88 12
-0.23143578 -0.1087696 0.093856764 234 88 12
-0.22538827 -0.10808235 0.094764255 234 88 12
-0.14635359 -0.10882083 0.11139089 234 88 12
-0.12422615 -0.10888813 0.11731113 234 88 12
-0.10276963 -0.10856207 0.12344443 234 88 12
-0.083482509 -0.10827076 0.12874757 234 88 12
-0.034670931 -0.10652446 0.1407865 234 88 12
0.01417566 -0.10498805 0.15137736 234 88 12
0.13550531 -0.086653244 0.17153641 234 88 12
0.14480131 -0.07623248 0.17156985 234 88 12
-0.10578579 -0.10859533 0.12004732 234 88 12
0.04435048 -0.10432191 0.15517395 234 88 12
0.057481248 -0.10436033 0.15798602 234 88 12
0.069901888 -0.10388405 0.16053108 234 88 12
-0.18669922 -0.10719953 0.096891428 234 88 12
-0.15610938 -0.10888506 0.10396991 234 88 12
-0.02824759 -0.10622306 0.13706839 234 88 12
0.13405011 -0.088259585 0.1666858 234 88 12
0.14508031 -0.076308116 0.16668822 234 88 12
-0.17108928 -0.10811577 0.097722617 234 88 12
-0.15610352 -0.10888411 0.1013727 234 88 12
-0.15271338 -0.10894008 0.10214067 234 88 12
-0.14307247 -0.10888467 0.10440633 234 88 12
-0.10000924 -0.10823976 0.11645934 234 88 12
-0.060363284 -0.1070972 0.12712546 234 88 12
-0.03458358 -0.10633234 0.13303659 234 88 12
-0.010012699 -0.10539066 0.13819951 234 88 12
0.1438386 -0.078347246 0.16430875 234 88 12
-0.10009358 -0.10811028 0.11386567 234 88 12
-0.073040638 -0.10730803 0.12136517 234 88 12
0.01434943 -0.10454909 0.14122791 234 88 12
0.091139527 -0.10239295 0.15712096 234 88 12
0.14257214 -0.080288815 0.16187419 234 88 12
-0.16724359 -0.10823414 0.093424844 234 88 12
-0.14627061 -0.10872488 0.098451214 234 88 12
-0.012863045 -0.10534837 0.13240029 234 88 12
0.0051953421 -0.10466237 0.13643443 234 88 12
0.085229831 -0.10281928 0.15353242 234 88 12
0.088238035 -0.10260642 0.15413104 234 88 12
-0.22149475 -0.10808575 0.079285609 234 88 12
-0.20086852 -0.10702341 0.083476925 234 88 12
-0.17135728 -0.10785105 0.089691927 234 88 12
-0.16344934 -0.10837194 0.091842553 234 88 12
-0.10023669 -0.10787635 0.10875841 234 88 12
-0.031060244 -0.10613062 0.12604855 234 88 12
-0.0038872477 -0.10492512 0.1316916 234 88 12
-0.1940654 -0.10677872 0.082164303 234 88 12
-0.097291087 -0.10766981 0.10694945 234 88 12
-0.087658062 -0.1074053 0.1095092 234 88 12
-0.034252174 -0.106211 0.12259212 234 88 12
0.12051219 -0.096336824 0.15388232 234 88 12
0.076603171 -0.10327828 0.14465834 234 88 12
-0.13041043 -0.10865165 0.092328071 234 88 12
-0.10896283 -0.10819159 0.098556081 234 88 12
-0.073693014 -0.10718946 0.10826781 234 88 12
-0.044123304 -0.10636678 0.11506284 234 88 12
0.0086669532 -0.10468228 0.1268416 234 88 12
0.076759769 -0.10323221 0.14215736 234 88 12
0.12080978 -0.09633323 0.14917619 234 88 12
0.13850139 -0.085414472 0.15016547 234 88 12
-0.18704195 -0.10681138 0.075470948 234 88 12
-0.15924456 -0.10807401 0.082016842 234 88 12
-0.10602446 -0.1080186 0.096711238 234 88 12
-0.084192285 -0.10729607 0.10268815 234 88 12
-0.077158829 -0.10719634 0.10469252 234 88 12
-0.14955998 -0.10870609 0.081995045 234 88 12
-0.067004196 -0.10687296 0.10462659 234 88 12
-0.073676412 -0.1070623 0.10024481 234 88 12
-0.066993183 -0.10686746 0.1019261 234 88 12
-0.20716704 -0.10759897 0.06337832 234 88 12
-0.087417764 -0.1073569 0.093738483 234 88 12
-0.060502708 -0.10673012 0.10064065 234 88 12
-0.015280714 -0.10595018 0.1107885 234 88 12
0.06500959 -0.10375026 0.12971725 234 88 12
0.089701548 -0.10269402 0.13466885 234 88 12
0.09270844 -0.10246084 0.13517085 234 88 12
0.12781977 -0.093260837 0.14026128 234 88 12
-0.12980065 -0.10886514 0.079102663 234 88 12
0.027215061 -0.10421372 0.11815885 234 88 12
-0.19371012 -0.10719233 0.06080269 234 88 12
-0.16762439 -0.1082664 0.066712235 234 88 12
-0.15631157 -0.10880915 0.069609845 234 88 12
-0.14299847 -0.10898093 0.072843203 234 88 12
-0.070219987 -0.10704352 0.093114923 234 88 12
0.021549418 -0.10469853 0.11423954 234 88 12
0.083964793 -0.10319598 0.12855096 234 88 12
0.10962724 -0.10002722 0.13321883 234 88 12
-0.20673839 -0.10786784 0.055386627 234 88 12
-0.13619989 -0.10890085 0.071904024 234 88 12
-0.11736115 -0.10866034 0.077611624 234 88 12
-0.10846144 -0.10840534 0.080028437 234 88 12
-0.10555932 -0.10823592 0.080794275 234 88 12
0.018705608 -0.10497987 0.1109531 234 88 12
0.084121355 -0.10320391 0.12609047 234 88 12
0.090219514 -0.10284688 0.12731671 234 88 12
0.12609662 -0.094391092 0.13307129 234 88 12
-0.18335378 -0.10724321 0.057479732 234 88 12
-0.04750845 -0.10665575 0.092800103 234 88 12
0.033310021 -0.10413572 0.11197156 234 88 12
0.099182211 -0.10196251 0.12661176 234 88 12
-0.20977408 -0.10821885 0.049296505 234 88 12
-0.20642315 -0.1079987 0.049917122 234 88 12
-0.093437384 -0.10766074 0.0786318 234 88 12
-0.040881841 -0.10662518 0.091638598 234 88 12
0.0034165615 -0.10578683 0.1017161 234 88 12
0.09048215 -0.1028165 0.1224058 234 88 12
0.11006745 -0.10008716 0.12601625 234 88 12
0.14238248 -0.0812337 0.12953681 234 88 12
-0.087049686 -0.10740158 0.077717695 234 88 12
-0.080321461 -0.10723273 0.079656592 234 88 12
-0.060468622 -0.10669633 0.084512278 234 88 12
0.00039269594 -0.10591572 0.09826808 234 88 12
0.042374425 -0.10380691 0.10897724 234 88 12
0.075179097 -0.10353075 0.11682235 234 88 12
0.11271727 -0.099444204 0.12403144 234 88 12
0.14247855 -0.081169658 0.12714888 234 88 12
-0.090175519 -0.1074646 0.074126092 234 88 12
0.033507824 -0.10418289 0.10436693 234 88 12
0.052152455 -0.10369788 0.1089489 234 88 12
0.13429392 -0.089339073 0.12456619 234 88 12
-0.10514725 -0.10817907 0.067332462 234 88 12
-0.011336142 -0.10653975 0.090274419 234 88 12
0.12655377 -0.094230441 0.12141469 234 88 12
-0.17957705 -0.10708794 0.044855992 234 88 12
-0.1327501 -0.10878984 0.056570837 234 88 12
-0.11091517 -0.10857638 0.063077593 234 88 12
-0.099016565 -0.10799243 0.063511182 234 88 12
-0.037065635 -0.10698809 0.078964474 234 88 12
0.0068069988 -0.10614143 0.089316114 234 88 12
0.022189229 -0.10533591 0.093602503 234 88 12
0.11795803 -0.09782529 0.1153677 234 88 12
0.14124673 -0.082782067 0.11785937 234 88 12
-0.029932612 -0.10727305 0.077856808 234 88 12
0.055889676 -0.10395552 0.09971033 234 88 12
0.10564006 -0.10108197 0.11075939 234 88 12
0.13278179 -0.090457655 0.11507629 234 88 12
-0.10463587 -0.10848293 0.056414738 234 88 12
-0.019912504 -0.10739377 0.077440899 234 88 12
0.046223445 -0.10421289 0.094709162 234 88 12
-0.18573408 -0.10764773 0.032580394 234 88 12
0.078898526 -0.10349765 0.10000315 234 88 12
0.13473233 -0.088984455 0.11047171 234 88 12
-0.22134496 -0.11052529 0.022097406 234 88 12
-0.21478209 -0.10988913 0.023424088 234 88 12
-0.17119557 -0.10809495 0.03340474 234 88 12
-0.088791991 -0.10830146 0.055170479 234 88 12
-0.082164469 -0.10822714 0.057036746 234 88 12
-0.013479583 -0.10753969 0.073643113 234 88 12
0.028600173 -0.10556811 0.084714482 234 88 12
0.046597667 -0.10460394 0.089651771 234 88 12
0.1005649 -0.10205173 0.10228332 234 88 12
-0.19176348 -0.10833385 0.025686053 234 88 12
-0.11925083 -0.10941247 0.04413284 234 88 12
-0.078613552 -0.10839982 0.055280667 234 88 12
-0.0015873022 -0.10733953 0.073700869 234 88 12
0.12069177 -0.096960898 0.10379434 234 88 12
-0.20118463 -0.10916141 0.020875092 234 88 12
-0.1947136 -0.10872091 0.022208606 234 88 12
-0.15273769 -0.10914225 0.032247063 234 88 12
-0.1254128 -0.10958733 0.03950497 234 88 12
0.019965072 -0.10656349 0.076959439 234 88 12
0.046927984 -0.1050312 0.084533597 234 88 12
0.1312023 -0.091681311 0.10298733 234 88 12
0.10892421 -0.10067114 0.096455257 234 88 12
0.13850737 -0.085904487 0.10114816 234 88 12
-0.1775612 -0.10869725 0.02081455 234 88 12
-0.11893022 -0.10961436 0.035932016 234 88 12
-0.074830956 -0.1086993 0.048020615 234 88 12
-0.04586276 -0.10823451 0.054811774 234 88 12
0.12316913 -0.096035883 0.097012792 234 88 12
-0.17381232 -0.10888003 0.018936421 234 88 12
0.0048250807 -0.10761941 0.064568937 234 88 12
0.060035554 -0.10478176 0.080408067 234 88 12
-0.14905901 -0.10941269 0.022083925 234 88 12
0.029438511 -0.10640769 0.069197035 234 88 12
0.050424378 -0.10522576 0.075114545 234 88 12
0.056860969 -0.10492985 0.076964167 234 88 12
0.069703632 -0.10443813 0.080331559 234 88 12
-0.19391223 -0.10941709 0.00901798 234 88 12
-0.11873683 -0.10974661 0.027739441 234 88 12
-0.087922565 -0.10886941 0.035863075 234 88 12
-0.028287719 -0.1086853 0.051098018 234 88 12
0.08566137 -0.10353217 0.08136494 234 88 12
0.095378237 -0.10291414 0.083597662 234 88 12
0.10949153 -0.10075725 0.08659152 234 88 12
-0.22035983 -0.1116511 0.00077304006 234 88 12
-0.00070545374 -0.10805958 0.055147881 234 88 12
0.0052843591 -0.10779549 0.056741106 234 88 12
0.044321256 -0.10564829 0.06817597 234 88 12
0.12128783 -0.096827391 0.086623751 234 88 12
0.13362575 -0.09029925 0.088382146 234 88 12
-0.061225528 -0.10879665 0.037646936 234 88 12
-0.05163431 -0.10862254 0.039952401 234 88 12
0.057090886 -0.10518142 0.069395937 234 88 12
0.13553568 -0.088909178 0.085988673 234 88 12
-0.109105 -0.10991748 0.022046413 234 88 12
0.0027098028 -0.10830196 0.050714149 234 88 12
0.021217781 -0.10761744 0.056301312 234 88 12
-0.20349711 -0.11067505 -0.0037031404 234 88 12
-0.10894976 -0.11005278 0.019276701 234 88 12
-0.067253876 -0.10920389 0.030662504 234 88 12
-0.051249033 -0.10893974 0.034510018 234 88 12
-0.047969119 -0.10895587 0.0351964 234 88 12
-0.037836612 -0.10916799 0.037629385 234 88 12
0.030230854 -0.1071631 0.056367663 234 88 12
0.11230983 -0.099942632 0.077023472 234 88 12
0.14079193 -0.084094924 0.081136015 234 88 12
0.14642276 -0.076159359 0.080992104 234 88 12
-0.20001376 -0.11059582 -0.0057059218 234 88 12
-0.19320696 -0.11019546 -0.0042688682 234 88 12
-0.15143028 -0.11029592 0.005256248 234 88 12
-0.080387761 -0.10947347 0.024289728 234 88 12
-0.037616687 -0.10935373 0.035045061 234 88 12
-0.01768707 -0.10950227 0.040103519 234 88 12
0.082585537 -0.10359275 0.067941068 234 88 12
0.12587947 -0.094642638 0.077201874 234 88 12
0.13579448 -0.088637873 0.07830066 234 88 12
0.089329658 -0.10326635 0.066976116 234 88 12
0.095881241 -0.10281218 0.068621863 234 88 12
0.13586377 -0.088561932 0.075721134 234 88 12
-0.22308392 -0.11312317 -0.016017715 234 88 12
-0.18922934 -0.11055243 -0.0088168658 234 88 12
-0.16403334 -0.11085912 -0.0031579223 234 88 12
-0.11448676 -0.11081098 0.0097308208 234 88 12
-0.053823599 -0.10944298 0.025626174 234 88 12
-0.011224203 -0.1097186 0.036307714 234 88 12
0.057802367 -0.1057863 0.056538793 234 88 12
0.10493263 -0.10164031 0.068017536 234 88 12
0.14907669 -0.07130529 0.072993799 234 88 12
-0.12729721 -0.11124078 0.0033182001 234 88 12
-0.11427908 -0.11105127 0.0070721721 234 88 12
-0.086459522 -0.11005517 0.014327844 234 88 12
-0.056868778 -0.10962349 0.022171014 234 88 12
0.13774618 -0.086976228 0.070719957 234 88 12
0.13942847 -0.085400325 0.070832305 234 88 12
-0.22607868 -0.11405572 -0.022141639 234 88 12
-0.20963201 -0.11221762 -0.018580214 234 88 12
-0.18500647 -0.11115361 -0.013396279 234 88 12
-0.15657883 -0.11159543 -0.0066753807 234 88 12
0.12820515 -0.093351961 0.067300853 234 88 12
-0.2026474 -0.11200277 -0.019744599 234 88 12
-0.17723956 -0.11167641 -0.014264054 234 88 12
-0.050144033 -0.1098251 0.018415738 234 88 12
-0.11683258 -0.11174593 -0.001832002 234 88 12
-0.089348453 -0.11049613 0.0053448029 234 88 12
0.025936008 -0.1089787 0.036516769 234 88 12
0.04289347 -0.10739882 0.041597471 234 88 12
0.12186396 -0.096250177 0.06108859 234 88 12
0.12616592 -0.094246426 0.061842656 234 88 12
-0.08605973 -0.1104608 0.0035539189 234 88 12
0.12190494 -0.096173314 0.058531267 234 88 12
-0.11026735 -0.11177944 -0.0052925163 234 88 12
-0.069370034 -0.110112 0.0057272711 234 88 12
-0.046685146 -0.10989333 0.011174769 234 88 12
-0.010407407 -0.11033722 0.020426984 234 88 12
-0.0074118246 -0.1102837 0.021171042 234 88 12
0.010946478 -0.10987114 0.026450897 234 88 12
0.031787741 -0.10850944 0.033033326 234 88 12
0.06195269 -0.10607249 0.042176199 234 88 12
0.07757833 -0.10471209 0.046097968 234 88 12
0.086797157 -0.10386221 0.048163755 234 88 12
0.11510133 -0.09878566 0.054599552 234 88 12
-0.20919752 -0.11334736 -0.031932601 234 88 12
-0.19489418 -0.11258592 -0.028863146 234 88 12
-0.076046138 -0.11022213 0.0012412941 234 88 12
-0.072677265 -0.11015065 0.0021287132 234 88 12
0.14924001 -0.070664487 0.055010149 234 88 12
-0.11289616 -0.11230913 -0.011306523 234 88 12
0.065546058 -0.10602285 0.038169747 234 88 12
0.071833135 -0.10548183 0.039809073 234 88 12
0.13233446 -0.090498104 0.052289663 234 88 12
0.14927724 -0.070550232 0.052329082 234 88 12
0.15141337 -0.0654251 0.051867533 234 88 12
-0.2191609 -0.11468717 -0.039437718 234 88 12
-0.053042626 -0.1098775 0.0018719556 234 88 12
-0.01613958 -0.11058291 0.011220282 234 88 12
0.075081712 -0.1052097 0.037894459 234 88 12
0.11278436 -0.09950889 0.046568705 234 88 12
-0.2019642 -0.113703 -0.038488824 234 88 12
-0.11236548 -0.11274108 -0.016474616 234 88 12
-0.1063902 -0.1122747 -0.014869623 234 88 12
0.0052075005 -0.11013341 0.014238216 234 88 12
0.13797284 -0.086230821 0.047493527 234 88 12
0.096687455 -0.10291006 0.037799887 234 88 12
0.10259096 -0.10200138 0.039318215 234 88 12
-0.10881694 -0.11290899 -0.020797332 234 88 12
-0.065651709 -0.11027522 -0.008990881 234 88 12
-0.0066451754 -0.11058725 0.0056933981 234 88 12
0.020909784 -0.10973302 0.014026638 234 88 12
0.056601767 -0.10700509 0.024822513 234 88 12
-0.094076385 -0.11172073 -0.019328617 234 88 12
-0.08486655 -0.1110832 -0.016825177 234 88 12
-0.046029609 -0.1102609 -0.0068672483 234 88 12
-0.039276939 -0.11042848 -0.0052096445 234 88 12
0.02679561 -0.10933752 0.013247563 234 88 12
0.053568999 -0.1072748 0.021320878 234 88 12
0.063507812 -0.10685837 0.024390835 234 88 12
0.099828263 -0.1024707 0.033431642 234 88 12
0.15175035 -0.064664346 0.03900358 234 88 12
0.038218287 -0.10833544 0.01414273 234 88 12
0.044177413 -0.1079104 0.015920102 234 88 12
0.050527529 -0.10758142 0.017877913 234 88 12
0.11037893 -0.10007514 0.033207393 234 88 12
0.12201602 -0.095830067 0.035427139 234 88 12
0.14965777 -0.069695078 0.036971878 234 88 12
0.1537804 -0.059032701 0.035708969 234 88 12
-0.093554463 -0.11206763 -0.024390743 234 88 12
-0.015291862 -0.11118267 -0.0040939505 234 88 12
-0.009168096 -0.11100282 -0.0026844497 234 88 12
0.11754463 -0.097668196 0.032012812 234 88 12
-0.2181032 -0.11679616 -0.058204682 234 88 12
0.073732548 -0.10644283 0.01917375 234 88 12
0.13449525 -0.088714779 0.031745406 234 88 12
-0.11332372 -0.11438639 -0.035337757 234 88 12
0.088689557 -0.10452553 0.02026923 234 88 12
0.09450395 -0.10365475 0.021549548 234 88 12
0.11765432 -0.097680912 0.026992261 234 88 12
-0.07752087 -0.11131724 -0.027702937 234 88 12
0.058137064 -0.10792581 0.0097284734 234 88 12
0.088897641 -0.10455913 0.017564344 234 88 12
-0.0056555589 -0.11104075 -0.012015707 234 88 12
0.0064814694 -0.1107143 -0.0086456867 234 88 12
0.015576655 -0.1103226 -0.0059239403 234 88 12
0.097689747 -0.10317251 0.017244263 234 88 12
0.11308965 -0.099347515 0.020860768 234 88 12
0.13077445 -0.091273518 0.023668898 234 88 12
0.15117365 -0.066656914 0.023593725 234 88 12
0.15226706 -0.064005401 0.023289969 234 88 12
-0.011681565 -0.11116875 -0.01607447 234 88 12
0.024490177 -0.10970786 -0.0055641996 234 88 12
0.097855498 -0.10315663 0.0147208 234 88 12
0.14892373 -0.07159713 0.021560189 234 88 12
0.15443762 -0.058373418 0.020074871 234 88 12
-0.011587216 -0.11112759 -0.0185885 234 88 12
0.0065855963 -0.11056499 -0.013697502 234 88 12
0.058607995 -0.10799187 0.0019479027 234 88 12
0.092326667 -0.10413404 0.010658197 234 88 12
0.14348167 -0.080255443 0.019254827 234 88 12
0.00058145759 -0.11074496 -0.01800518 234 88 12
0.062363518 -0.10795984 0.00064298283 234 88 12
0.10361599 -0.1020963 0.010914179 234 88 12
-0.091717644 -0.11245887 -0.044605524 234 88 12
0.089926288 -0.1046436 0.0048392407 234 88 12
-0.079614174 -0.11137975 -0.043783095 234 88 12
-0.052017456 -0.11035767 -0.036555739 234 88 12
-0.017549303 -0.11131347 -0.027776927 234 88 12
0.0037513185 -0.11062944 -0.022132223 234 88 12
0.13721946 -0.086996042 0.011243216 234 88 12
0.14815396 -0.073685827 0.011364804 234 88 12
-0.10252102 -0.11384974 -0.05300675 234 88 12
-0.067473207 -0.11065038 -0.043025908 234 88 12
-0.045425722 -0.11041031 -0.037633646 234 88 12
-0.0020862247 -0.1108527 -0.028886763 234 88 12
0.016163489 -0.11008168 -0.023528229 234 88 12
0.076581784 -0.10711526 -0.0061870135 234 88 12
-0.01101052 -0.11122981 -0.033773592 234 88 12
-0.0049742059 -0.11099866 -0.032259066 234 88 12
0.12389255 -0.095784604 0.0019680135 234 88 12
0.14876432 -0.07342793 0.0036021935 234 88 12
-0.041495455 -0.11054431 -0.044190753 234 88 12
-0.0018210882 -0.1109584 -0.033925606 234 88 12
0.031333807 -0.10919405 -0.024131743 234 88 12
0.074236994 -0.1076741 -0.011958432 234 88 12
0.14473707 -0.079819296 0.0012960612 234 88 12
0.15606311 -0.057668421 -0.00056314096 234 88 12
-0.057567528 -0.11024974 -0.050690007 234 88 12
-0.013765484 -0.11143011 -0.039431828 234 88 12
0.10815874 -0.10177163 -0.0065578897 234 88 12
0.12667736 -0.094908711 -0.0028485106 234 88 12
-0.086995213 -0.11195716 -0.061679796 234 88 12
-0.04458877 -0.11044896 -0.050089758 234 88 12
0.054261847 -0.10875931 -0.022645366 234 88 12
-0.089636442 -0.11220188 -0.065114188 234 88 12
-0.086768772 -0.11188633 -0.06429503 234 88 12
-0.072183164 -0.11068961 -0.060016983 234 88 12
0.14064053 -0.085382809 -0.0065966593 234 88 12
0.14543013 -0.079777698 -0.0064606966 234 88 12
0.14834356 -0.075611445 -0.0065004068 234 88 12
0.0078025422 -0.11083633 -0.041358402 234 88 12
0.035405433 -0.10944411 -0.03334245 234 88 12
0.1139802 -0.1006466 -0.013057948 234 88 12
0.15127034 -0.070960747 -0.0092943086 234 88 12
0.10955851 -0.10228968 -0.016597281 234 88 12
0.15619843 -0.060404208 -0.012930099 234 88 12
-0.080450516 -0.11104981 -0.070333968 234 88 12
-0.053826347 -0.10979724 -0.062962063 234 88 12
-0.026801825 -0.11095209 -0.055760874 234 88 12
-0.0012391505 -0.11090842 -0.04902816 234 88 12
0.014120475 -0.11044414 -0.044724997 234 88 12
0.029765195 -0.10981692 -0.03999709 234 88 12
0.14468135 -0.081934622 -0.014005823 234 88 12
-0.10550437 -0.11427496 -0.080395665 234 88 12
0.086036084 -0.10763613 -0.027579412 234 88 12
0.10004965 -0.10513119 -0.024053799 234 88 12
0.15551536 -0.06315419 -0.0177271 234 88 12
-0.080153581 -0.11088526 -0.075568042 234 88 12
-0.059764537 -0.10965376 -0.06978581 234 88 12
0.060308993 -0.10967203 -0.03619914 234 88 12
0.12882756 -0.095444035 -0.02059095 234 88 12
-0.09698906 -0.11284699 -0.083258388 234 88 12
-0.059641292 -0.10956102 -0.072381547 234 88 12
-0.053596926 -0.10944916 -0.070808203 234 88 12
-0.02674465 -0.11050968 -0.063593695 234 88 12
-0.0012051086 -0.11061299 -0.056813141 234 88 12
0.027061329 -0.10984278 -0.048380864 234 88 12
0.033330423 -0.10968903 -0.046570138 234 88 12
0.046063201 -0.10949611 -0.043027501 234 88 12
0.10602535 -0.1043216 -0.02778507 234 88 12
0.1312157 -0.094465836 -0.022816629 234 88 12
0.14840957 -0.078164467 -0.021889141 234 88 12
0.15113988 -0.07357869 -0.022056028 234 88 12
-0.068255206 -0.10987409 -0.077463024 234 88 12
0.12297684 -0.098949813 -0.026724994 234 88 12
0.072887383 -0.10984433 -0.040778262 234 88 12
0.11880346 -0.10105457 -0.03013997 234 88 12
0.12554136 -0.098157171 -0.028844448 234 88 12
0.12983469 -0.096018161 -0.028121908 234 88 12
-0.059193786 -0.10935136 -0.080287214 234 88 12
0.13022706 -0.096258497 -0.030584811 234 88 12
0.0083929773 -0.11010399 -0.06439834 234 88 12
-0.040354092 -0.10926076 -0.080429507 234 88 12
-0.03351488 -0.10960809 -0.07855934 234 88 12
0.10282765 -0.10683566 -0.04131725 234 88 12
0.10539833 -0.10623915 -0.040691419 234 88 12
0.11767382 -0.102746 -0.038015161 234 88 12
-0.087817116 -0.11131805 -0.09667518 234 88 12
-0.079224918 -0.1104317 -0.094028798 234 88 12
-0.046597274 -0.10904894 -0.084969968 234 88 12
0.10837573 -0.10597651 -0.042608511 234 88 12
0.03187226 -0.11033901 -0.064752094 234 88 12
0.035200618 -0.11043345 -0.063778572 234 88 12
0.04534481 -0.11080366 -0.060597328 234 88 12
0.081275437 -0.1111964 -0.051175997 234 88 12
-0.067303879 -0.10944818 -0.096109531 234 88 12
-0.022960675 -0.10991169 -0.083594746 234 88 12
-0.013149399 -0.11009963 -0.080742743 234 88 12
-0.0068588536 -0.11013128 -0.07897323 234 88 12
0.075586532 -0.11166388 -0.055209908 234 88 12
0.14197563 -0.091129176 -0.041914439 234 88 12
-0.093098574 -0.11189979 -0.10639875 234 88 12
-0.049258697 -0.10878872 -0.093701357 234 88 12
-0.022931516 -0.10974805 -0.086226852 234 88 12
0.088457711 -0.11115366 -0.054825091 234 88 12
0.091376753 -0.11072926 -0.054137486 234 88 12
0.11727824 -0.10498074 -0.048236027 234 88 12
-0.06999045 -0.10946794 -0.10235775 234 88 12
-0.043085487 -0.1087348 -0.094780648 234 88 12
0.0055157506 -0.10983437 -0.080775321 234 88 12
0.015427075 -0.1099043 -0.077821966 234 88 12
0.022195103 -0.11005567 -0.075540873 234 88 12
0.073429976 -0.11244362 -0.060678673 234 88 12
0.089017645 -0.11148349 -0.057216215 234 88 12
-0.046029822 -0.10848634 -0.09824054 234 88 12
0.086557883 -0.11223817 -0.060185402 234 88 12
0.12086073 -0.1051086 -0.052633886 234 88 12
-0.090009201 -0.1113916 -0.11373101 234 88 12
-0.039793511 -0.10839799 -0.099351762 234 88 12
0.074453744 -0.11304881 -0.065474373 234 88 12
0.015207111 -0.10939242 -0.08577983 234 88 12
0.081444944 -0.11328559 -0.066478104 234 88 12
-0.095513446 -0.11203651 -0.12094466 234 88 12
-0.063575023 -0.10872504 -0.11138953 234 88 12
-0.033079359 -0.10824011 -0.10285694 234 88 12
0.022026461 -0.10963699 -0.08612055 234 88 12
0.085074957 -0.11349383 -0.06813767 234 88 12
0.096783413 -0.11220588 -0.065643562 234 88 12
0.13365617 -0.10162318 -0.057719721 234 88 12
-0.026275607 -0.10836705 -0.10353869 234 88 12
0.01849889 -0.10928945 -0.090174864 234 88 12
0.025550687 -0.10975999 -0.087609015 234 88 12
0.10807969 -0.11066992 -0.065488339 234 88 12
-0.092427239 -0.11165007 -0.12581329 234 88 12
-0.083891996 -0.11055696 -0.12318757 234 88 12
0.0047332551 -0.10834918 -0.097320857 234 88 12
0.082942659 -0.11435462 -0.073765658 234 88 12
0.13865157 -0.099944656 -0.062085893 234 88 12
-0.10077 -0.11282739 -0.13099421 234 88 12
-0.050930074 -0.10793481 -0.11609721 234 88 12
0.083407129 -0.11461304 -0.076297062 234 88 12
-0.080590144 -0.11026625 -0.12787874 234 88 12
-0.01637081 -0.10786715 -0.1117634 234 88 12
0.084255139 -0.11507826 -0.081222178 234 88 12
0.13181992 -0.10535041 -0.070775931 234 88 12
-0.10332473 -0.11325064 -0.14051389 234 88 12
-0.061947228 -0.10874328 -0.1277397 234 88 12
0.0047477647 -0.10749887 -0.11138003 234 88 12
0.11066537 -0.11227268 -0.080119178 234 88 12
-0.088584789 -0.11145036 -0.14187564 234 88 12
-0.085650341 -0.11108514 -0.14093928 234 88 12
-0.012817992 -0.10760638 -0.11900387 234 88 12
-0.082563852 -0.1107384 -0.14284172 234 88 12
-0.046249647 -0.10798759 -0.1316439 234 88 12
-0.0010828444 -0.10719272 -0.11856408 234 88 12
0.085613396 -0.11563787 -0.091255674 234 88 12
0.11126701 -0.11253662 -0.085185823 234 88 12
0.12871937 -0.1079047 -0.081265706 234 88 12
-0.088374166 -0.11143171 -0.14768295 234 88 12
-0.085391624 -0.11106558 -0.14671852 234 88 12
-0.067150621 -0.10926603 -0.14088752 234 88 12
-0.048896596 -0.10804312 -0.13534894 234 88 12
0.097804696 -0.11449801 -0.091111207 234 88 12
-0.033705658 -0.10760527 -0.13357662 234 88 12
-0.00077995118 -0.10684423 -0.12410614 234 88 12
-0.091198044 -0.11169095 -0.16009182 234 88 12
0.0054076951 -0.10635357 -0.13087204 234 88 12
-0.11274581 -0.11384436 -0.16985832 234 88 12
-0.11920171 -0.11427222 -0.17489303 234 88 12
-0.016840167 -0.10715409 -0.14273989 234 88 12
-0.11934832 -0.11413905 -0.17784255 234 88 12
-0.10047912 -0.11247594 -0.17166106 234 88 12
-0.084978339 -0.11093387 -0.16691934 234 88 12
-0.1005205 -0.11240512 -0.17457501 234 88 12
-0.09743845 -0.11211558 -0.17367659 234 88 12
-0.038103954 -0.10757482 -0.15512542 234 88 12
-0.022478592 -0.10725205 -0.15028513 234 88 12
-0.055822523 -0.1089031 -0.16625583 234 88 12
-0.046654715 -0.10823247 -0.16349694 234 88 12
-0.085061769 -0.11090116 -0.17853232 234 88 12
-0.081860493 -0.11068215 -0.17746419 234 88 12
-0.078640147 -0.11047155 -0.17642495 234 88 12
-0.040047947 -0.10807064 -0.17046928 234 88 12
-0.01489826 -0.10730854 -0.16550325 234 88 12
-0.046111128 -0.10820553 -0.17815744 234 88 12
-0.024107744 -0.10729333 -0.17415398 234 88 12
-0.020916959 -0.10720934 -0.17316956 234 88 12
-0.0028535725 -0.10639371 -0.16762763 234 88 12
-0.049323858 -0.1080529 -0.18464378 234 88 12
0.022236012 -0.10548954 -0.17139971 234 88 12
-0.052977222 -0.10712962 -0.20011411 234 88 12
-0.040312248 -0.10644236 -0.19660982 234 88 12
-0.021019484 -0.10603906 -0.19062412 234 88 12
0.0032637395 -0.10515193 -0.18325367 234 88 12
0.019140642 -0.10510695 -0.17810918 234 88 12
-0.040622553 -0.10574072 -0.20553055 234 88 12
-0.0060175851 -0.10469711 -0.19767314 234 88 12
-0.0062438947 -0.10435576 -0.20064039 234 88 12
-0.041301274 -0.10463689 -0.21473809 234 88 12
-0.022662618 -0.10375467 -0.21176404 234 88 12
-0.016301973 -0.10364544 -0.20972607 234 88 12
0.0022124154 -0.10294325 -0.2067961 234 88 12
-0.023319897 -0.10273059 -0.21795973 234 88 12
-0.0022188849 -0.10068682 -0.22013675 234 88 12
0.12593285 -0.10553459 -0.17765134 234 88 12
-0.0024307743 -0.10012715 -0.22327522 234 88 12
0.12831511 -0.10410322 -0.1861194 234 88 12
-0.055936273 -0.10135282 -0.25200302 234 88 12
-0.053204732 -0.10017312 -0.26054967 234 88 12
0.0030644359 -0.096600692 -0.24281294 234 88 12
-0.062615128 -0.10100698 -0.26676515 234 88 12
-0.025126898 -0.097410588 -0.25462272 234 88 12
-0.059673655 -0.10017057 -0.27185654 234 88 12
-0.056822279 -0.099337826 -0.27717721 234 88 12
-0.015879816 -0.095561269 -0.2641968 234 88 12
-0.0065561543 -0.094964899 -0.26127561 234 88 12
-0.01582061 -0.095323758 -0.2673522 234 88 12
-0.0033779819 -0.094503565 -0.26358065 234 88 12
0.14019292 -0.094103631 -0.221728 234 88 12
0.026329725 -0.093355085 -0.2608973 234 88 12
0.033113283 -0.093473695 -0.25889371 234 88 12
0.00343354 -0.093818879 -0.27119705 234 88 12
0.0066949454 -0.093679986 -0.27020662 234 88 12
0.013295194 -0.093454871 -0.26814612 234 88 12
-0.0060025269 -0.094375709 -0.2772869 234 88 12
0.058851891 -0.093628999 -0.26364631 234 88 12
-0.021905657 -0.095344806 -0.29478354 234 88 12
-0.0057913158 -0.094119368 -0.29010228 234 88 12
0.10221023 -0.093963265 -0.25636869 234 88 12
-0.0025249091 -0.093786718 -0.29242432 234 88 12
0.070026953 -0.09354373 -0.26993496 234 88 12
-0.018726741 -0.094827866 -0.30016225 234 88 12
0.0041444185 -0.093348933 -0.29376257 234 88 12
0.10603663 -0.093536868 -0.26176003 234 88 12
0.014383664 -0.092961609 -0.29392575 234 88 12
0.038395395 -0.092477212 -0.28689549 234 88 12
0.080228231 -0.093430208 -0.27325245 234 88 12
0.086559385 -0.093316781 -0.27124417 234 88 12
0.0039078995 -0.093139316 -0.30039926 234 88 12
0.045501607 -0.092339784 -0.29441285 234 88 12
0.048936428 -0.092275806 -0.29660699 234 88 12
0.10626636 -0.092054297 -0.27814865 234 88 12
-0.16055716 -0.036827144 0.55848865 234 88 12
-0.15623813 -0.021368267 0.55004062 234 88 12
-0.15801074 -0.0197844 0.54747341 234 88 12
-0.16938965 -0.028943071 0.54764961 234 88 12
-0.15549329 -0.015496636 0.54497702 234 88 12
-0.10837471 0.0085433795 0.54304079 234 88 12
-0.11653854 0.0058261598 0.54287913 234 88 12
-0.14614252 -0.0075492806 0.54264542 234 88 12
-0.17285124 -0.025696199 0.54235811 234 88 12
-0.19499351 -0.056011893 0.54235426 234 88 12
-0.1974153 -0.060589706 0.54245801 234 88 12
-0.13845084 -0.0013164536 0.54025951 234 88 12
-0.14312812 -0.0037277821 0.54023427 234 88 12
-0.097230109 0.015459878 0.53832039 234 88 12
-0.20146184 -0.059876951 0.53729301 234 88 12
-0.14129861 0.0011984192 0.53546384 234 88 12
-0.1459686 -0.0011795577 0.53546201 234 88 12
-0.18616884 -0.029584757 0.53443188 234 88 12
-0.1144481 0.013743215 0.53362059 234 88 12
-0.14266064 0.0023973004 0.53307136 234 88 12
-0.16505351 -0.010064777 0.53260321 234 88 12
-0.17064541 -0.011443331 0.52991454 234 88 12
-0.093694028 0.022163929 0.52869723 234 88 12
-0.19538531 -0.030858273 0.52661808 234 88 12
-0.21006779 -0.061560317 0.52710832 234 88 12
-0.19219127 -0.023975852 0.52419032 234 88 12
-0.19361607 -0.022651204 0.52167481 234 88 12
-0.21271512 -0.058656119 0.52197693 234 88 12
-0.097374855 0.025181018 0.52167399 234 88 12
-0.12666103 0.017507014 0.52156396 234 88 12
-0.11368131 0.022613279 0.51918936 234 88 12
-0.15528965 0.0071517914 0.51847733 234 88 12
-0.086706571 0.029421507 0.5167507 234 88 12
-0.2110018 -0.039172494 0.5140731 234 88 12
-0.2140536 -0.046492883 0.51411081 234 88 12
-0.22333904 -0.078651525 0.51505401 234 88 12
-0.22492583 -0.083895799 0.51524799 234 88 12
-0.16039954 0.0084256838 0.513468 234 88 12
-0.21331381 -0.040284795 0.51153802 234 88 12
-0.13972445 0.018986947 0.5117232 234 88 12
-0.14232346 0.018044199 0.51167694 234 88 12
-0.11503677 0.02702614 0.50949892 234 88 12
-0.18926867 -0.0043804447 0.50738669 234 88 12
-0.19116622 -0.0058678354 0.50728084 234 88 12
-0.072741873 0.03455739 0.50693841 234 88 12
-0.1736288 0.0074005925 0.50574346 234 88 12
-0.18660391 -0.00033202374 0.50515273 234 88 12
-0.21228384 -0.027843544 0.50420867 234 88 12
-0.2065835 -0.017087629 0.5019729 234 88 12
-0.026511703 0.040456754 0.5016929 234 88 12
-0.037526112 0.039677622 0.49935007 234 88 12
-0.13975572 0.025466285 0.49972682 234 88 12
-0.2331412 -0.084844304 0.49811072 234 88 12
-0.23686406 -0.098460362 0.49841807 234 88 12
-0.13786987 0.027069679 0.4974355 234 88 12
-0.18751918 0.0069261815 0.4956913 234 88 12
-0.19335592 0.0025241912 0.49551346 234 88 12
-0.21867167 -0.028118676 0.49453544 234 88 12
-0.22471772 -0.042138804 0.49444303 234 88 12
-0.22798537 -0.052557164 0.49468984 234 88 12
-0.23200125 -0.072330351 0.49527669 234 88 12
-0.030619002 0.040698295 0.49422619 234 88 12
-0.14163845 0.027101892 0.49496664 234 88 12
-0.22176419 -0.031640477 0.49207073 234 88 12
-0.2227988 -0.03393511 0.49205513 234 88 12
-0.22899092 -0.051419589 0.49224726 234 88 12
-0.15376229 0.024910876 0.49201517 234 88 12
-0.15922862 0.023318721 0.4918237 234 88 12
-0.17913283 0.015354269 0.49125995 234 88 12
-0.19731494 0.0028564949 0.49086085 234 88 12
-0.22053799 -0.026326521 0.48978534 234 88 12
-0.23529471 -0.078836041 0.49059445 234 88 12
-0.005735098 0.043614799 0.48859042 234 88 12
-0.079424544 0.036984094 0.48990027 234 88 12
-0.20336697 -0.0012148364 0.48834989 234 88 12
-0.20499239 -0.0029624376 0.48830882 234 88 12
0.00082991792 0.044950484 0.48577253 234 88 12
-0.087008944 0.036674484 0.48765735 234 88 12
-0.13202727 0.031908859 0.48797435 234 88 12
-0.17173232 0.02165654 0.48668038 234 88 12
-0.1974349 0.0062125584 0.48616423 234 88 12
-0.21186855 -0.0092450059 0.48578877 234 88 12
-0.14211506 0.030867782 0.48545855 234 88 12
-0.22427337 -0.0259724 0.48262857 234 88 12
-0.23932863 -0.08474455 0.48337565 234 88 12
0.00053830625 0.045359406 0.48056921 234 88 12
-0.020198307 0.042233387 0.48120443 234 88 12
-0.083990078 0.037578846 0.48253374 234 88 12
-0.20898093 -0.0024281499 0.48148255 234 88 12
-0.23028162 -0.036391039 0.48000419 234 88 12
-0.23379844 -0.046274951 0.47986365 234 88 12
-0.23660094 -0.056919968 0.48009718 234 88 12
-0.23896533 -0.07129988 0.48046495 234 88 12
-0.013047746 0.043226078 0.47853912 234 88 12
-0.042030804 0.040295598 0.47938177 234 88 12
-0.13728959 0.033385029 0.48070463 234 88 12
-0.21969718 -0.014629158 0.47851244 234 88 12
-0.2329453 -0.040488364 0.4775444 234 88 12
-0.23956605 -0.067311342 0.47794328 234 88 12
-0.02036563 0.042482318 0.47615748 234 88 12
-0.045669174 0.040015397 0.47697667 234 88 12
-0.095386089 0.037285135 0.47785119 234 88 12
-0.21762668 -0.010309 0.47662688 234 88 12
0.034700183 0.054685999 0.47117915 234 88 12
-0.027764404 0.041869146 0.47398423 234 88 12
-0.031382207 0.041509531 0.47409028 234 88 12
-0.17833038 0.024495354 0.47509457 234 88 12
-0.23682218 -0.046599165 0.47294282 234 88 12
-0.23896874 -0.054500389 0.47305228 234 88 12
-0.10304206 0.03731676 0.473018 234 88 12
-0.23396462 -0.036105394 0.47073991 234 88 12
-0.23751389 -0.045927804 0.47072108 234 88 12
-0.24194734 -0.064790507 0.47088353 234 88 12
-0.24289799 -0.073988905 0.47107355 234 88 12
-0.027985151 0.042139053 0.46893782 234 88 12
-0.056788595 0.039165135 0.46954707 234 88 12
-0.13260449 0.036244551 0.47110303 234 88 12
-0.14252574 0.034926601 0.47130176 234 88 12
-0.2364019 -0.040329535 0.46849948 234 88 12
-0.24358547 -0.073206353 0.4687231 234 88 12
0.039484556 0.058051929 0.46310942 234 88 12
-0.00045613784 0.046543831 0.46524126 234 88 12
-0.017199774 0.043502185 0.46591726 234 88 12
-0.14299179 0.035404362 0.46897252 234 88 12
-0.15510121 0.033094245 0.46873065 234 88 12
-0.19736972 0.016258665 0.46821803 234 88 12
-0.22249568 -0.01204952 0.4676471 234 88 12
-0.22381324 -0.013948326 0.46755252 234 88 12
-0.24537506 -0.084999565 0.46661228 234 88 12
-0.24577002 -0.087984717 0.46670192 234 88 12
-0.060900341 0.039127767 0.46469346 234 88 12
-0.20684925 0.008717097 0.46604694 234 88 12
-0.22429071 -0.013486361 0.46538246 234 88 12
-0.22919054 -0.021317826 0.46475926 234 88 12
-0.24006662 -0.046623889 0.46393489 234 88 12
-0.032130433 0.042363724 0.46166898 234 88 12
-0.14382809 0.036354764 0.46426892 234 88 12
-0.1559642 0.034098516 0.46415866 234 88 12
-0.18593486 0.025378067 0.46380914 234 88 12
-0.20569543 0.010969491 0.46377234 234 88 12
-0.23617485 -0.03381619 0.46205233 234 88 12
-0.24424943 -0.062185817 0.46166187 234 88 12
-0.24464432 -0.065109345 0.46164334 234 88 12
-0.050019348 0.040505428 0.4597426 234 88 12
-0.12351673 0.038525924 0.46137514 234 88 12
-0.19078213 0.023492663 0.46151649 234 88 12
-0.22660421 -0.014429152 0.46085745 234 88 12
-0.23470343 -0.02874673 0.45998668 234 88 12
-0.24037271 -0.042911852 0.45943641 234 88 12
-0.24431929 -0.05874215 0.45938697 234 88 12
-0.2099868 0.0086266068 0.45936132 234 88 12
-0.21462632 0.0031328026 0.45947117 234 88 12
-0.22838254 -0.01589729 0.4584755 234 88 12
-0.0045574986 0.047095155 0.45286809 234 88 12
-0.18962227 0.025859592 0.45702232 234 88 12
-0.24733147 -0.075465884 0.45480085 234 88 12
0.0011455646 0.049104189 0.44997982 234 88 12
-0.11008382 0.040335745 0.45392462 234 88 12
-0.16642697 0.034377324 0.45489823 234 88 12
-0.17793921 0.031728366 0.45478327 234 88 12
0.070920342 0.072446915 0.44452757 234 88 12
0.0092407784 0.05255483 0.4470766 234 88 12
-0.19058943 0.027031339 0.45251178 234 88 12
-0.24270486 -0.040397988 0.45050481 234 88 12
-0.16437535 0.035979927 0.45044021 234 88 12
-0.21970071 0.0015110666 0.45063867 234 88 12
0.0084524031 0.05351813 0.4419676 234 88 12
-0.0087574749 0.047846999 0.44296322 234 88 12
-0.080372089 0.042529228 0.44543992 234 88 12
-0.093239674 0.043005465 0.44607372 234 88 12
-0.10888801 0.042780732 0.4467293 234 88 12
-0.13744191 0.041361268 0.44762465 234 88 12
-0.18458047 0.031534579 0.4480199 234 88 12
-0.19801647 0.024257528 0.44803834 234 88 12
-0.20386254 0.019838643 0.44798498 234 88 12
-0.24632408 -0.049690948 0.44587039 234 88 12
-0.2528631 -0.096134356 0.44599952 234 88 12
0.062358218 0.072574402 0.43703781 234 88 12
0.016120582 0.057582153 0.43894135 234 88 12
0.010757945 0.05519876 0.4392676 234 88 12
-0.21619796 0.0081478375 0.44610341 234 88 12
-0.22508289 -0.0033237165 0.44587285 234 88 12
-0.25273658 -0.092712559 0.44360035 234 88 12
0.035965959 0.065849686 0.43539232 234 88 12
0.013009466 0.056913975 0.4366149 234 88 12
0.007721526 0.054502003 0.43697837 234 88 12
-0.023599475 0.046775891 0.43867437 234 88 12
-0.034819414 0.045954341 0.43931404 234 88 12
-0.04591126 0.045070513 0.43994792 234 88 12
-0.064658294 0.043759843 0.44013099 234 88 12
-0.16293262 0.038151184 0.4437038 234 88 12
-0.16582212 0.037545862 0.44364603 234 88 12
-0.18297544 0.033490944 0.4434959 234 88 12
-0.22696334 -0.0048156811 0.44352751 234 88 12
-0.23108798 -0.010538677 0.44311444 234 88 12
0.05443581 0.072119049 0.43230934 234 88 12
0.01260496 0.057423604 0.43416703 234 88 12
0.0020291974 0.052704621 0.43488838 234 88 12
-0.049989124 0.045285644 0.43755745 234 88 12
-0.13292252 0.044064463 0.4402112 234 88 12
-0.1884668 0.031961134 0.44126994 234 88 12
-0.20714847 0.019705105 0.44134339 234 88 12
-0.21714988 0.0090316299 0.44157433 234 88 12
-0.25368474 -0.091526641 0.43898936 234 88 12
0.017584055 0.060361975 0.43130011 234 88 12
-0.010037426 0.049623356 0.43297258 234 88 12
-0.14641525 0.042809846 0.43877652 234 88 12
-0.20578032 0.021757434 0.4391096 234 88 12
-0.24427022 -0.032644187 0.43740736 234 88 12
-0.25415644 -0.090925956 0.43670431 234 88 12
0.022731167 0.063206632 0.42858699 234 88 12
-0.11679911 0.04645378 0.43487906 234 88 12
-0.14091804 0.044540619 0.43609201 234 88 12
-0.14406768 0.043993136 0.43631384 234 88 12
-0.21646918 0.01169475 0.43705072 234 88 12
-0.22412486 0.0021546115 0.43708478 234 88 12
-0.22994135 -0.0055596949 0.43682941 234 88 12
-0.23538825 -0.01307877 0.43628992 234 88 12
0.0062858038 0.056386409 0.42735911 234 88 12
-0.067066514 0.046178986 0.43066258 234 88 12
-0.13181672 0.046335661 0.43311154 234 88 12
-0.17665534 0.037647517 0.43444563 234 88 12
-0.21375937 0.015742123 0.4348136 234 88 12
-0.2184625 0.010201265 0.43484476 234 88 12
-0.25475136 -0.086794582 0.43212035 234 88 12
-0.255585 -0.092702901 0.43222732 234 88 12
0.024647109 0.065339928 0.42371166 234 88 12
0.019071615 0.062991758 0.42411017 234 88 12
-0.018206605 0.049921788 0.42611362 234 88 12
-0.033278001 0.048660211 0.42701121 234 88 12
-0.059235283 0.046754415 0.42810817 234 88 12
-0.11490915 0.048039236 0.43031894 234 88 12
-0.12560694 0.04742048 0.43058195 234 88 12
-0.13925152 0.046241484 0.43133057 234 88 12
-0.14553746 0.0451933 0.43171634 234 88 12
-0.17148717 0.039513203 0.43232912 234 88 12
-0.20143102 0.027522752 0.43243737 234 88 12
-0.25124357 -0.051090296 0.43007297 234 88 12
-0.25249406 -0.059254516 0.42978161 234 88 12
-0.15224546 0.04458131 0.42975633 234 88 12
-0.23810644 -0.013845289 0.42950514 234 88 12
-0.25171842 -0.050595887 0.42780659 234 88 12
-0.2537902 -0.064365729 0.42739838 234 88 12
-0.087996818 0.049486798 0.42433703 234 88 12
-0.13752783 0.047940556 0.42646796 234 88 12
-0.21668645 0.015035622 0.42824317 234 88 12
0.028985683 0.069138334 0.41643393 234 88 12
0.023300608 0.066818502 0.41664524 234 88 12
-0.042074254 0.049817726 0.42024622 234 88 12
-0.10231127 0.051061034 0.4227532 234 88 12
-0.2028195 0.028734466 0.42573034 234 88 12
-0.21545805 0.017245061 0.42588452 234 88 12
0.07085084 0.081770874 0.41235719 234 88 12
0.053094846 0.077837753 0.41293732 234 88 12
0.020103458 0.06607393 0.41444826 234 88 12
-0.065322184 0.049181604 0.41860509 234 88 12
-0.11464029 0.051373197 0.42100618 234 88 12
-0.19481805 0.034468708 0.42328396 234 88 12
-0.24645365 -0.027567708 0.42208268 234 88 12
-0.24820007 -0.032103839 0.42179553 234 88 12
-0.25825979 -0.092959177 0.42050916 234 88 12
0.070450639 0.082288153 0.4099423 234 88 12
0.0015189863 0.057767229 0.41299528 234 88 12
-0.050404874 0.050457187 0.41575662 234 88 12
-0.12259784 0.051541831 0.41886568 234 88 12
-0.12615263 0.051251371 0.41889267 234 88 12
-0.21628456 0.018061656 0.42143786 234 88 12
-0.22892943 0.0029915943 0.42148349 234 88 12
-0.25726844 -0.073722191 0.41817964 234 88 12
-0.26490541 -0.11336951 0.41864058 234 88 12
0.055507291 0.079790315 0.40803834 234 88 12
0.0088505618 0.061837621 0.4100909 234 88 12
-0.0071706329 0.055195374 0.41089214 234 88 12
-0.013700963 0.053878062 0.4111191 234 88 12
-0.09126742 0.05263254 0.41506766 234 88 12
-0.11272227 0.053337933 0.41631333 234 88 12
-0.16958117 0.044125319 0.41861905 234 88 12
-0.18332953 0.040413995 0.41846425 234 88 12
-0.19114649 0.037679104 0.4186303 234 88 12
-0.23644934 -0.0059981653 0.41898059 234 88 12
-0.24121757 -0.013907882 0.41843282 234 88 12
-0.25780089 -0.073109395 0.41585507 234 88 12
-0.26077552 -0.1002951 0.41605412 234 88 12
0.055088241 0.080314809 0.40573452 234 88 12
-0.14131114 0.051276554 0.41487761 234 88 12
-0.22192358 0.013262822 0.41708159 234 88 12
-0.25723177 -0.06392156 0.41365587 234 88 12
-0.0079992794 0.056219534 0.40596252 234 88 12
-0.014605156 0.054952651 0.40621625 234 88 12
-0.06321232 0.051590291 0.40896848 234 88 12
-0.11817906 0.054608707 0.41194418 234 88 12
-0.17069403 0.045164313 0.41399221 234 88 12
-0.25893492 -0.075103936 0.41118846 234 88 12
-0.25943786 -0.084720411 0.41111042 234 88 12
-0.26039586 -0.093793751 0.41124207 234 88 12
0.018021471 0.068433357 0.40249678 234 88 12
-0.0026322799 0.058539861 0.40336353 234 88 12
-0.018782706 0.055140986 0.40396184 234 88 12
-0.14278352 0.052481267 0.41035983 234 88 12
-0.16859983 0.046435265 0.41163784 234 88 12
-0.19925797 0.035315654 0.41211879 234 88 12
-0.20345157 0.032595967 0.41223248 234 88 12
-0.20546762 0.03116868 0.41227328 234 88 12
-0.23747684 -0.0049316883 0.41237651 234 88 12
0.065095552 0.083914634 0.39809327 234 88 12
0.061337767 0.083191117 0.39838451 234 88 12
0.023041186 0.071446913 0.39995558 234 88 12
-0.023150572 0.055457962 0.40183562 234 88 12
-0.16103598 0.049160263 0.40909685 234 88 12
-0.16647759 0.047706641 0.40929737 234 88 12
-0.1996423 0.035694164 0.40992886 234 88 12
-0.2077135 0.030018798 0.41012025 234 88 12
-0.23075559 0.0049032031 0.41054703 234 88 12
-0.24457436 -0.016698948 0.40941022 234 88 12
-0.25522011 -0.046782409 0.40742207 234 88 12
-0.25580183 -0.049329858 0.40724871 234 88 12
-0.25976212 -0.074079478 0.40661234 234 88 12
0.084651971 0.090138663 0.39476398 234 88 12
-0.057428698 0.053840283 0.40157907 234 88 12
-0.16702372 0.048216342 0.4069765 234 88 12
-0.1696772 0.047454522 0.40709014 234 88 12
-0.17486713 0.045889427 0.40714323 234 88 12
-0.21345641 0.025468258 0.4079923 234 88 12
-0.16756633 0.04869818 0.40472621 234 88 12
-0.25847882 -0.058905946 0.40234328 234 88 12
-0.2604384 -0.073097121 0.40207938 234 88 12
0.056544455 0.083870474 0.39142149 234 88 12
0.027329623 0.075298065 0.39277923 234 88 12
0.021851323 0.072784145 0.39293964 234 88 12
-0.010116472 0.058780537 0.39392405 234 88 12
-0.040306721 0.056612582 0.39566129 234 88 12
-0.066296433 0.054603826 0.39730152 234 88 12
-0.17591228 0.046776161 0.40269908 234 88 12
-0.20078021 0.036686873 0.40315929 234 88 12
-0.2028586 0.035348095 0.40324059 234 88 12
-0.21057498 0.029397068 0.40341254 234 88 12
-0.22236992 0.017144399 0.4038838 234 88 12
-0.2331539 0.0040207768 0.40383745 234 88 12
-0.23992178 -0.0054926968 0.40346713 234 88 12
-0.25170834 -0.031087912 0.40169182 234 88 12
-0.25601903 -0.045608771 0.40079861 234 88 12
-0.27239819 -0.11855261 0.39953217 234 88 12
0.035605049 0.079247361 0.39021879 234 88 12
0.0037341145 0.06388369 0.39119218 234 88 12
-0.080956917 0.055871963 0.39612161 234 88 12
-0.13982382 0.056491368 0.39898321 234 88 12
-0.16596328 0.050369609 0.40018801 234 88 12
-0.19689417 0.039582915 0.40086498 234 88 12
-0.19906481 0.038325935 0.40092087 234 88 12
-0.0565063 0.056924107 0.39204706 234 88 12
-0.12749801 0.059306467 0.39627589 234 88 12
-0.19268073 0.042243575 0.39842516 234 88 12
-0.24273329 -0.0088439766 0.39895955 234 88 12
-0.2478208 -0.019221766 0.39817002 234 88 12
-0.25928075 -0.057674007 0.39554913 234 88 12
-0.26123736 -0.071890558 0.39512101 234 88 12
0.028883498 0.077862697 0.38568609 234 88 12
0.010787697 0.068362946 0.38625045 234 88 12
-0.10929429 0.060869587 0.39321228 234 88 12
-0.1879145 0.044594589 0.39606445 234 88 12
-0.20389913 0.036291807 0.39667015 234 88 12
-0.25524324 -0.039788894 0.39426458 234 88 12
-0.25899507 -0.054701448 0.39337727 234 88 12
-0.26167819 -0.074683418 0.392662 234 88 12
-0.01157555 0.060586166 0.38443553 234 88 12
-0.099606645 0.060097235 0.39016549 234 88 12
-0.22811064 0.012804034 0.39511017 234 88 12
-0.23118292 0.0090669441 0.39502518 234 88 12
-0.25609073 -0.041952026 0.39178446 234 88 12
-0.26117566 -0.065118226 0.39058061 234 88 12
-0.26809143 -0.10495626 0.38978856 234 88 12
-0.043864714 0.060104602 0.38385237 234 88 12
-0.1651448 0.053078006 0.39114971 234 88 12
-0.17049267 0.051445427 0.39127187 234 88 12
-0.23289556 0.0075019489 0.39280157 234 88 12
-0.23714602 0.0018200418 0.39260225 234 88 12
-0.23849084 -0.00011430667 0.39257309 234 88 12
-0.25482225 -0.036834533 0.38992642 234 88 12
-0.25622056 -0.041698282 0.3895956 234 88 12
0.066256422 0.088534727 0.3766977 234 88 12
0.0098903474 0.069395545 0.378987 234 88 12
0.0022315204 0.065730863 0.37920113 234 88 12
-0.0033192735 0.063750964 0.37945825 234 88 12
-0.070793057 0.058878464 0.38370337 234 88 12
-0.17867141 0.049332526 0.38915562 234 88 12
-0.19645506 0.042552447 0.38972926 234 88 12
-0.2270209 0.015232953 0.39060666 234 88 12
-0.0036362292 0.064170376 0.37698265 234 88 12
-0.12791759 0.063047774 0.38513613 234 88 12
-0.1341178 0.061878343 0.3854043 234 88 12
-0.17138055 0.052377861 0.38672283 234 88 12
-0.2125665 0.031414835 0.38814491 234 88 12
-0.22089073 0.022838553 0.38826096 234 88 12
-0.24014587 -0.0014646209 0.3880449 234 88 12
-0.27501965 -0.11482622 0.38222017 234 88 12
0.050276612 0.086685865 0.3726281 234 88 12
-0.19479971 0.044395429 0.38519825 234 88 12
-0.23344739 0.0083559989 0.38612968 234 88 12
-0.24797053 -0.015461674 0.38490414 234 88 12
-0.25446038 -0.033703632 0.38324116 234 88 12
-0.26348383 -0.082252779 0.38039068 234 88 12
-0.0042378014 0.064964271 0.37214988 234 88 12
-0.061872232 0.061941283 0.37605376 234 88 12
-0.25973324 -0.053396264 0.37943841 234 88 12
0.084611353 0.096314827 0.36591084 234 88 12
0.065172793 0.09019543 0.36718473 234 88 12
-0.066331477 0.062293585 0.37415807 234 88 12
-0.16996861 0.054505183 0.38005093 234 88 12
-0.19045632 0.047132513 0.38053911 234 88 12
-0.22454204 0.019906514 0.38159439 234 88 12
-0.24809934 -0.015174818 0.38046679 234 88 12
-0.26292758 -0.072726473 0.3757124 234 88 12
-0.26320534 -0.075788164 0.37564538 234 88 12
-0.27366937 -0.10895573 0.37468087 234 88 12
0.034835076 0.08468858 0.36634419 234 88 12
0.0034973929 0.068842977 0.36698908 234 88 12
-0.0047219268 0.065762089 0.36734495 234 88 12
-0.1331977 0.064545467 0.37650184 234 88 12
-0.21837686 0.027333933 0.37942272 234 88 12
-0.24621235 -0.01080728 0.37852772 234 88 12
0.037756974 0.086083772 0.36385487 234 88 12
-0.25969913 -0.05300464 0.3723048 234 88 12
-0.26137461 -0.060841093 0.37160516 234 88 12
-0.18118305 0.051999024 0.37372954 234 88 12
-0.249008 -0.017033673 0.3735101 234 88 12
-0.26872957 -0.096580446 0.36740436 234 88 12
0.070973221 0.093754545 0.35712117 234 88 12
0.014891368 0.076533229 0.35981707 234 88 12
-0.005306865 0.066771027 0.36020265 234 88 12
-0.017964397 0.064072684 0.36079593 234 88 12
-0.050487987 0.066205431 0.36286187 234 88 12
-0.12840676 0.066923678 0.3697753 234 88 12
-0.18148993 0.052325985 0.37154738 234 88 12
-0.22805303 0.016910574 0.37302527 234 88 12
-0.26211774 -0.066379848 0.36627473 234 88 12
0.077148112 0.096280263 0.35442481 234 88 12
0.040284377 0.088069729 0.35651834 234 88 12
-0.037518181 0.065760202 0.35941168 234 88 12
-0.097221259 0.06581187 0.3652156 234 88 12
-0.11901026 0.068663614 0.36687569 234 88 12
-0.15524376 0.06105475 0.36859792 234 88 12
-0.26203393 -0.066397885 0.36381502 234 88 12
0.080045555 0.097800805 0.35174484 234 88 12
0.014399739 0.077096285 0.35511698 234 88 12
-0.15838108 0.060695525 0.36646492 234 88 12
-0.19454474 0.047780597 0.36756691 234 88 12
-0.219114 0.028356508 0.36840358 234 88 12
0.019102826 0.080269601 0.35268726 234 88 12
-0.027503178 0.065130611 0.3541165 234 88 12
-0.038292122 0.066491089 0.35474562 234 88 12
-0.052428719 0.067841858 0.35592042 234 88 12
-0.12969106 0.068185784 0.36322146 234 88 12
-0.16418976 0.059543015 0.36436048 234 88 12
-0.21436418 0.033727975 0.36598391 234 88 12
-0.26719783 -0.091031138 0.35756677 234 88 12
0.039327433 0.089155742 0.34922705 234 88 12
0.02962985 0.085944329 0.34990685 234 88 12
-0.12035285 0.070071673 0.3602349 234 88 12
-0.13008983 0.068603389 0.36101971 234 88 12
-0.25329896 -0.030680547 0.36038932 234 88 12
-0.25467713 -0.035525084 0.3598223 234 88 12
-0.12081637 0.070486793 0.35795219 234 88 12
-0.13642268 0.067742005 0.35916471 234 88 12
-0.20750994 0.040495562 0.36147447 234 88 12
-0.21778284 0.030708067 0.36158357 234 88 12
-0.24695116 -0.012387826 0.36014645 234 88 12
-0.2626215 -0.075677136 0.3532806 234 88 12
-0.0037047459 0.069146675 0.34564427 234 88 12
-0.018982969 0.065602135 0.34641057 234 88 12
-0.15659443 0.063002932 0.35759814 234 88 12
-0.20575233 0.042262744 0.35911727 234 88 12
-0.24291758 -0.0039276038 0.35867333 234 88 12
0.05022058 0.09242586 0.34124104 234 88 12
-0.058983654 0.069839827 0.34758455 234 88 12
-0.070801907 0.069197468 0.34906201 234 88 12
-0.1340205 0.069160453 0.35463084 234 88 12
-0.15405681 0.064141414 0.35526118 234 88 12
-0.1759377 0.057608479 0.35598849 234 88 12
-0.21942651 0.02930455 0.35716326 234 88 12
-0.25716442 -0.048416013 0.35097177 234 88 12
-0.25938606 -0.058973249 0.34963965 234 88 12
-0.26831078 -0.092947952 0.34723517 234 88 12
0.0081263189 0.075848729 0.34077173 234 88 12
-0.14012555 0.068038616 0.35268089 234 88 12
-0.1458796 0.066654784 0.3528821 234 88 12
-0.18126149 0.056018586 0.35395008 234 88 12
-0.19104542 0.051836511 0.35411201 234 88 12
-0.2545319 -0.038381109 0.34984217 234 88 12
-0.25687378 -0.048683514 0.34850642 234 88 12
-0.262768 -0.078920238 0.34555914 234 88 12
0.020103907 0.083360743 0.33817689 234 88 12
-0.040371952 0.068510219 0.34104199 234 88 12
-0.050920786 0.069993911 0.34189994 234 88 12
-0.26502256 -0.086347104 0.34248467 234 88 12
-0.26816801 -0.092981976 0.34203323 234 88 12
0.053446197 0.094224044 0.33362266 234 88 12
0.041164727 0.092124413 0.33430473 234 88 12
-0.14343987 0.067953945 0.34832952 234 88 12
-0.2534777 -0.036230475 0.34519735 234 88 12
-0.25952286 -0.065467381 0.3413048 234 88 12
-0.046623704 0.069990338 0.33691589 234 88 12
-0.065305577 0.071513806 0.3393004 234 88 12
-0.07323589 0.071095119 0.34024797 234 88 12
-0.12895706 0.071408196 0.34518632 234 88 12
-0.17165964 0.06080269 0.34705448 234 88 12
-0.25438526 -0.041589646 0.34196337 234 88 12
-0.25803073 -0.060270349 0.33944163 234 88 12
0.040549867 0.092827471 0.32934585 234 88 12
-0.11623532 0.072960513 0.34196479 234 88 12
-0.17188192 0.061116884 0.34486937 234 88 12
-0.21161859 0.03886894 0.34562695 234 88 12
-0.22806575 0.018494594 0.34570215 234 88 12
-0.25661441 -0.055152002 0.33765835 234 88 12
0.016862915 0.082833222 0.32838245 234 88 12
-0.10460492 0.072074575 0.33877009 234 88 12
-0.22251692 0.026491599 0.34342623 234 88 12
-0.23980745 0.0001834279 0.34230204 234 88 12
-0.24591886 -0.012559414 0.34100625 234 88 12
-0.24750718 -0.017096767 0.34037734 234 88 12
0.02448114 0.08749081 0.32549299 234 88 12
0.0094796939 0.078603652 0.32630178 234 88 12
-0.14124658 0.069604255 0.33923749 234 88 12
-0.16132199 0.064861692 0.33990984 234 88 12
-0.1641652 0.064129976 0.34002034 234 88 12
-0.18470349 0.056760986 0.34065712 234 88 12
-0.21332621 0.037518861 0.34110323 234 88 12
-0.24081083 -0.0019139536 0.33966216 234 88 12
0.016616342 0.083272322 0.32351589 234 88 12
0.0022227074 0.074729632 0.32400696 234 88 12
-0.21493108 0.035944422 0.33881331 234 88 12
-0.25095182 -0.032075608 0.33342508 234 88 12
-0.25664879 -0.061409762 0.32913651 234 88 12
-0.25837719 -0.069557065 0.32818777 234 88 12
0.024219874 0.087949571 0.32066844 234 88 12
0.021582575 0.086480319 0.32083798 234 88 12
-0.0055070293 0.071621034 0.32175615 234 88 12
-0.1826073 0.05839096 0.33608867 234 88 12
-0.21332006 0.037820316 0.33646703 234 88 12
0.059128938 0.098283612 0.31576133 234 88 12
0.024100891 0.088165437 0.31824584 234 88 12
0.011584475 0.080689229 0.31891512 234 88 12
0.0020352541 0.075136422 0.31922013 234 88 12
-0.12364581 0.073864042 0.33136905 234 88 12
-0.23881442 -9.0175713e-05 0.33253819 234 88 12
-0.24207738 -0.006459578 0.33174846 234 88 12
-0.2463223 -0.017683018 0.33034387 234 88 12
-0.25246037 -0.042884997 0.32683395 234 88 12
-0.25590156 -0.061925468 0.32400955 234 88 12
0.039156076 0.094668326 0.31460331 234 88 12
0.018789951 0.085456933 0.31623643 234 88 12
-0.10239311 0.073884955 0.32756027 234 88 12
-0.15030655 0.068611957 0.33073606 234 88 12
-0.18523233 0.057880233 0.33165284 234 88 12
-0.18989392 0.055550999 0.33165418 234 88 12
-0.20078131 0.049114999 0.331846 234 88 12
-0.24361107 -0.010948602 0.32873084 234 88 12
-0.24806993 -0.025041262 0.32689316 234 88 12
-0.25105141 -0.037834831 0.32503872 234 88 12
-0.20273572 0.047916989 0.3296067 234 88 12
-0.21474863 0.036568488 0.32954518 234 88 12
-0.2433 -0.011043807 0.32622631 234 88 12
-0.24960458 -0.032770182 0.32319769 234 88 12
-0.25363621 -0.054195902 0.32013829 234 88 12
-0.0087331295 0.071365097 0.31241223 234 88 12
-0.031503159 0.069598594 0.31418154 234 88 12
-0.16500818 0.065954645 0.32649801 234 88 12
-0.20982955 0.04183142 0.32742519 234 88 12
0.029045865 0.091909662 0.30812233 234 88 12
-0.10790721 0.075345173 0.32125058 234 88 12
-0.15935881 0.067569036 0.32413793 234 88 12
-0.2131093 0.038641101 0.32502371 234 88 12
0.053330332 0.099238771 0.30364793 234 88 12
0.020881246 0.087858429 0.30629097 234 88 12
0.011027878 0.081860051 0.30690572 234 88 12
-0.018384094 0.070007013 0.30831412 234 88 12
-0.19469342 0.054160533 0.32255324 234 88 12
-0.21765279 0.033410744 0.32243435 234 88 12
-0.22601671 0.021686133 0.32195948 234 88 12
-0.25589942 -0.071226928 0.31010405 234 88 12
-0.015337616 0.070859448 0.30559464 234 88 12
-0.14482495 0.071095642 0.3190763 234 88 12
-0.16246026 0.067561005 0.31970298 234 88 12
-0.20091343 0.050277191 0.32032051 234 88 12
-0.2272515 0.019711188 0.31942617 234 88 12
-0.22852268 0.017580328 0.31930691 234 88 12
-0.25492642 -0.068807741 0.30795227 234 88 12
0.03793315 0.096258374 0.29986803 234 88 12
-0.043761528 0.072392793 0.30628596 234 88 12
-0.24957805 -0.041713959 0.30952064 234 88 12
-0.25006959 -0.044418774 0.30911089 234 88 12
-0.25100959 -0.049855206 0.30839813 234 88 12
-0.12744462 0.075543277 0.31350857 234 88 12
-0.14484378 0.071610071 0.31437335 234 88 12
0.008169754 0.081346524 0.29739416 234 88 12
-0.032614375 0.07137169 0.30015214 234 88 12
-0.10542505 0.077207219 0.3095939 234 88 12
-0.20449957 0.047689807 0.31353908 234 88 12
-0.2307659 0.013595022 0.31176403 234 88 12
-0.24637018 -0.028723033 0.30643722 234 88 12
-0.24694542 -0.03134943 0.30610435 234 88 12
0.034381377 0.095797045 0.29299967 234 88 12
-0.038189423 0.072200858 0.29856286 234 88 12
-0.076250581 0.077504779 0.30389039 234 88 12
-0.13620781 0.07390555 0.30942013 234 88 12
-0.23644189 0.0026557062 0.30800715 234 88 12
-0.24171247 -0.011220606 0.30633548 234 88 12
-0.25009976 -0.050376354 0.30078651 234 88 12
0.0079810339 0.081796159 0.29257336 234 88 12
-0.010017841 0.073968541 0.29350918 234 88 12
-0.1101494 0.07786962 0.30531335 234 88 12
-0.15074361 0.071176351 0.30776273 234 88 12
-0.20958716 0.043066429 0.30882929 234 88 12
-0.23299814 0.009347845 0.30641384 234 88 12
-0.23416195 0.0071209655 0.30609238 234 88 12
-0.24000023 -0.0065149808 0.30460014 234 88 12
-0.24692935 -0.034339432 0.30074507 234 88 12
-0.023717025 0.071966372 0.29219796 234 88 12
-0.033003197 0.072112279 0.29331064 234 88 12
-0.072359846 0.07792617 0.29844306 234 88 12
-0.098307169 0.078371051 0.30203429 234 88 12
-0.11424356 0.078016093 0.30319646 234 88 12
-0.16569376 0.068404811 0.30610998 234 88 12
-0.22147664 0.02839709 0.30567317 234 88 12
-0.25408159 -0.072164257 0.29275036 234 88 12
0.07736966 0.10966091 0.28146983 234 88 12
0.034038032 0.096416759 0.28591559 234 88 12
-0.1305426 0.075928843 0.30209811 234 88 12
-0.14204436 0.07343198 0.30273146 234 88 12
-0.19881879 0.052804566 0.30439705 234 88 12
0.080239169 0.11096313 0.2788512 234 88 12
0.063674841 0.10587017 0.28046711 234 88 12
0.056970914 0.10390165 0.2811112 234 88 12
-0.033239789 0.072678507 0.28851735 234 88 12
-0.062384576 0.077352566 0.29211102 234 88 12
-0.11440474 0.07863229 0.29845272 234 88 12
-0.14490619 0.073115079 0.30054873 234 88 12
-0.1537421 0.071353152 0.3009617 234 88 12
-0.165771 0.06892914 0.30153263 234 88 12
-0.2416756 -0.013780636 0.2960722 234 88 12
-0.24668899 -0.037361647 0.29301003 234 88 12
-0.0023907127 0.077853429 0.28358303 234 88 12
-0.068107747 0.078609003 0.29061095 234 88 12
-0.11072902 0.079222098 0.29593118 234 88 12
-0.12451808 0.077689784 0.29689977 234 88 12
-0.14779314 0.072789787 0.29838452 234 88 12
-0.20420757 0.048493029 0.29967062 234 88 12
-0.20930277 0.043519572 0.29951777 234 88 12
-0.22122157 0.028616638 0.29849233 234 88 12
-0.2465004 -0.037393034 0.29054069 234 88 12
0.0024391543 0.080395799 0.28087095 234 88 12
-0.020404797 0.073406728 0.28234159 234 88 12
-0.181301 0.063872903 0.29748542 234 88 12
-0.21084206 0.041922899 0.29712014 234 88 12
0.082124716 0.11284085 0.27119883 234 88 12
-0.1945985 0.056430529 0.29518081 234 88 12
-0.19661079 0.054999323 0.29515301 234 88 12
-0.2210822 0.028841714 0.29364138 234 88 12
-0.24622811 -0.037292528 0.28561848 234 88 12
0.022192892 0.092175672 0.2747034 234 88 12
-0.19459578 0.056619888 0.29283017 234 88 12
-0.20047395 0.052153679 0.29277169 234 88 12
-0.20752814 0.045561187 0.29263888 234 88 12
0.061433029 0.10740905 0.26837365 234 88 12
0.054797591 0.1054369 0.26915418 234 88 12
-0.014423774 0.075673498 0.27461556 234 88 12
-0.087922242 0.081670025 0.28424272 234 88 12
-0.22991464 0.014229602 0.28754921 234 88 12
-0.23642734 0.00076053552 0.28557867 234 88 12
0.060966207 0.10772569 0.26589278 234 88 12
0.014018152 0.088363743 0.27043262 234 88 12
-0.16297278 0.071199475 0.28752749 234 88 12
0.067174727 0.11003524 0.26269952 234 88 12
0.016287243 0.090036412 0.267777 234 88 12
0.0086482418 0.08593618 0.26832275 234 88 12
-0.11528782 0.081348088 0.28208218 234 88 12
-0.17140026 0.069135505 0.28556925 234 88 12
-0.20566469 0.047549836 0.28570462 234 88 12
-0.21951933 0.031078528 0.28430221 234 88 12
-0.24055254 -0.011037743 0.27913803 234 88 12
-0.24601477 -0.03699818 0.27604598 234 88 12
0.0032236749 0.083766295 0.26616393 234 88 12
-0.047187161 0.077503514 0.27108458 234 88 12
-0.1083918 0.082352863 0.27929955 234 88 12
-0.11204762 0.082118105 0.27951762 234 88 12
-0.12219979 0.08079835 0.28018945 234 88 12
-0.13981655 0.076710972 0.28159016 234 88 12
-0.16872917 0.070194219 0.28308856 234 88 12
-0.19657063 0.0557321 0.28352167 234 88 12
-0.22481737 0.022959165 0.28122553 234 88 12
-0.24808425 -0.047662837 0.27214342 234 88 12
0.037594876 0.10121034 0.26088558 234 88 12
0.015661011 0.090596406 0.26286176 234 88 12
0.0054059211 0.085354761 0.26359342 234 88 12
-0.19030545 0.060158542 0.28123197 234 88 12
-0.20554266 0.047681311 0.2810564 234 88 12
-0.21354329 0.038802677 0.2804489 234 88 12
0.075832546 0.11400284 0.25441552 234 88 12
0.072593923 0.11292077 0.25468531 234 88 12
-0.08980237 0.083880055 0.27266972 234 88 12
-0.10539771 0.083405777 0.27433107 234 88 12
-0.12586218 0.080908929 0.27590511 234 88 12
-0.14577697 0.076013271 0.27729574 234 88 12
-0.15141691 0.074690599 0.27753883 234 88 12
-0.16321817 0.072103238 0.27809823 234 88 12
-0.20380889 0.049445181 0.27864853 234 88 12
-0.20880114 0.044250829 0.27846511 234 88 12
-0.22973888 0.014532875 0.27550005 234 88 12
-0.24060702 -0.010725103 0.27206327 234 88 12
0.012354051 0.089900912 0.25812792 234 88 12
-0.094256122 0.084241728 0.27085778 234 88 12
-0.21780172 0.033105534 0.27509725 234 88 12
-0.22061255 0.029177738 0.27465362 234 88 12
-0.11367874 0.083875937 0.27039545 234 88 12
-0.12040488 0.082994548 0.27084015 234 88 12
-0.14617127 0.076630212 0.27258018 234 88 12
-0.16055447 0.073246329 0.2733085 234 88 12
-0.18822522 0.061878946 0.2743672 234 88 12
-0.19843952 0.054494025 0.27413773 234 88 12
-0.23993718 -0.00811776 0.26757798 234 88 12
-0.24791025 -0.047313781 0.26246495 234 88 12
-0.24988388 -0.058108693 0.26088924 234 88 12
0.074504358 0.11489793 0.24718847 234 88 12
0.042371333 0.10431558 0.25046469 234 88 12
0.022204558 0.095843405 0.2524943 234 88 12
0.014194259 0.091890758 0.25306147 234 88 12
-0.033376137 0.078288479 0.25715447 234 88 12
-0.11062215 0.084670683 0.26777495 234 88 12
-0.13268796 0.080635379 0.26934299 234 88 12
-0.16641208 0.071986125 0.27127653 234 88 12
-0.21021346 0.042553962 0.27132135 234 88 12
-0.22046395 0.029176713 0.26993211 234 88 12
-0.24883599 -0.052602481 0.25926877 234 88 12
-0.11812217 0.084450702 0.26593363 234 88 12
-0.14934542 0.076551161 0.26800288 234 88 12
-0.22174256 0.027167029 0.26735103 234 88 12
-0.23634924 0.0014061911 0.26393031 234 88 12
-0.24360268 -0.023053114 0.26093042 234 88 12
0.024219381 0.09769665 0.24720608 234 88 12
0.013330691 0.092610214 0.24819916 234 88 12
0.00024618018 0.086658146 0.24936868 234 88 12
-0.17913731 0.067191827 0.26723251 234 88 12
-0.20014209 0.053034695 0.26703321 234 88 12
-0.22573413 0.021043884 0.26423433 234 88 12
-0.24788388 -0.046915048 0.25516992 234 88 12
0.063429746 0.11259671 0.24083008 234 88 12
0.050527713 0.10838784 0.24215785 234 88 12
-0.046975236 0.081416898 0.25154259 234 88 12
-0.11589044 0.085959899 0.26097681 234 88 12
-0.14458081 0.078826051 0.26309097 234 88 12
-0.15541626 0.075759537 0.26367569 234 88 12
-0.16111536 0.074291068 0.264018 234 88 12
-0.18603406 0.063533549 0.26487721 234 88 12
0.043811424 0.10654821 0.24033376 234 88 12
0.0043802651 0.089873537 0.24416569 234 88 12
0.0017331438 0.08877481 0.24438402 234 88 12
-0.014762864 0.083489628 0.24560547 234 88 12
-0.071285035 0.086194868 0.25281271 234 88 12
-0.15846331 0.075331219 0.26153572 234 88 12
-0.24213599 -0.014935835 0.25463271 234 88 12
-0.244168 -0.025310562 0.25337098 234 88 12
0.059013485 0.11237679 0.23638 234 88 12
-0.10347734 0.08821575 0.25504939 234 88 12
-0.23736831 -0.00052470708 0.25387429 234 88 12
0.055183332 0.11173754 0.23417627 234 88 12
-0.039334437 0.082834229 0.24347305 234 88 12
-0.14312882 0.080980836 0.25599107 234 88 12
-0.16444637 0.07418038 0.25713785 234 88 12
-0.19032124 0.060900014 0.2578905 234 88 12
-0.20831488 0.044446511 0.25733651 234 88 12
-0.22282122 0.025334613 0.25503239 234 88 12
-0.23067432 0.012714054 0.25347831 234 88 12
-0.24330758 -0.019827164 0.2492421 234 88 12
-0.25153903 -0.065566362 0.24224943 234 88 12
0.064377298 0.11549909 0.23080538 234 88 12
0.045229913 0.10886136 0.23264946 234 88 12
0.0333662 0.1042454 0.2338142 234 88 12
-0.045880465 0.084178751 0.24209385 234 88 12
-0.10159359 0.08978662 0.25007276 234 88 12
-0.11241134 0.089082695 0.25120096 234 88 12
-0.13828966 0.083131803 0.2533575 234 88 12
-0.17926621 0.067654624 0.25546509 234 88 12
-0.19434836 0.057936779 0.25564263 234 88 12
-0.22279051 0.025320616 0.25266407 234 88 12
-0.24577374 -0.03291903 0.24490144 234 88 12
-0.25155265 -0.06545652 0.23977785 234 88 12
-0.16474454 0.07455833 0.25259048 234 88 12
-0.21283158 0.038869406 0.2521105 234 88 12
0.050195311 0.11209451 0.22716923 234 88 12
0.04407778 0.10982749 0.22767553 234 88 12
-0.05409861 0.086508452 0.23857031 234 88 12
-0.091793042 0.091433357 0.2440003 234 88 12
-0.1067974 0.090784757 0.24587378 234 88 12
-0.18378091 0.065085822 0.25089076 234 88 12
-0.19224215 0.059394379 0.25102611 234 88 12
-0.23634652 0.0017494038 0.24459402 234 88 12
-0.24811156 -0.046059301 0.23815414 234 88 12
0.05922135 0.11599663 0.22396849 234 88 12
-0.018318144 0.088986602 0.23162801 234 88 12
-0.028795005 0.087460625 0.23285929 234 88 12
-0.077641809 0.090597726 0.23964375 234 88 12
-0.12592065 0.088319299 0.24539842 234 88 12
-0.17226425 0.071491123 0.24826326 234 88 12
-0.19219089 0.059349115 0.24865121 234 88 12
-0.19415536 0.057807174 0.24863669 234 88 12
-0.24729579 -0.040520692 0.23652433 234 88 12
-0.2521878 -0.067818611 0.23200163 234 88 12
0.055258029 0.11543042 0.22190574 234 88 12
0.048893394 0.11319119 0.22231258 234 88 12
0.02217816 0.1028468 0.22515385 234 88 12
-0.12053978 0.09000514 0.2425201 234 88 12
-0.13716333 0.085464872 0.24406913 234 88 12
-0.2291659 0.014561415 0.24178515 234 88 12
-0.23520963 0.003831189 0.24020837 234 88 12
-0.23736314 -0.00053785295 0.23956275 234 88 12
-0.24546924 -0.029778033 0.23572205 234 88 12
-0.028461314 0.089826539 0.2282011 234 88 12
-0.1323104 0.087521847 0.24134654 234 88 12
-0.18801886 0.062230501 0.24396521 234 88 12
-0.2126157 0.038476377 0.24265325 234 88 12
-0.22531964 0.020761592 0.24034191 234 88 12
-0.22659468 0.018673207 0.24003002 234 88 12
-0.22785118 0.016566917 0.23971579 234 88 12
-0.23282316 0.0080782062 0.23840987 234 88 12
-0.2340175 0.0059167501 0.23816263 234 88 12
0.023429684 0.10528472 0.2201882 234 88 12
0.011821482 0.10076826 0.22148397 234 88 12
-0.026485175 0.091194744 0.22571275 234 88 12
-0.090886514 0.093549224 0.23452939 234 88 12
-0.11545469 0.091891802 0.23746414 234 88 12
-0.14533332 0.083166769 0.24006698 234 88 12
-0.17695925 0.069036605 0.24141742 234 88 12
-0.21257757 0.038363639 0.24031342 234 88 12
-0.25225105 -0.067618611 0.22456837 234 88 12
-0.039230335 0.090945935 0.22490338 234 88 12
-0.09541422 0.093966018 0.23288372 234 88 12
-0.10640662 0.093338792 0.23442118 234 88 12
-0.11596708 0.092301774 0.23527865 234 88 12
-0.19002039 0.060623289 0.23929542 234 88 12
-0.20623777 0.045575588 0.23863617 234 88 12
0.0097430105 0.10228524 0.21711717 234 88 12
-0.083050367 0.094051482 0.22860222 234 88 12
-0.12246788 0.09154772 0.23373206 234 88 12
-0.20775275 0.043707216 0.23605521 234 88 12
-0.24833595 -0.045351402 0.22366375 234 88 12
0.03603408 0.11280944 0.21184989 234 88 12
-0.042403196 0.092920305 0.22083231 234 88 12
-0.074209234 0.093761785 0.22507638 234 88 12
-0.14378098 0.084936309 0.23312064 234 88 12
-0.17703326 0.069032549 0.23446774 234 88 12
-0.24016495 -0.0073217532 0.22650594 234 88 12
-0.24965684 -0.053515101 0.21992843 234 88 12
0.028945377 0.11131997 0.21034311 234 88 12
0.0074199973 0.10392377 0.21287237 234 88 12
-0.0017915288 0.1009932 0.21399363 234 88 12
-0.10784546 0.09488582 0.22765644 234 88 12
-0.11745343 0.093500881 0.22878606 234 88 12
-0.16325731 0.076518351 0.23171642 234 88 12
-0.16562134 0.075353852 0.23181829 234 88 12
-0.19925188 0.052399692 0.23202577 234 88 12
-0.21675987 0.032338512 0.23004333 234 88 12
0.065405792 0.12350169 0.20415385 234 88 12
0.05789951 0.12151668 0.2048119 234 88 12
0.037641475 0.1151726 0.20718739 234 88 12
-0.0031610528 0.10191709 0.21185263 234 88 12
-0.18979356 0.060482874 0.22992229 234 88 12
-0.21948214 0.028329507 0.22719372 234 88 12
-0.23127707 0.0097515844 0.22453015 234 88 12
-0.072724159 0.095614683 0.21833745 234 88 12
-0.11228635 0.095305517 0.22369061 234 88 12
-0.14468428 0.085717324 0.22637934 234 88 12
-0.15878059 0.079011752 0.22700904 234 88 12
-0.20263392 0.048888741 0.22701472 234 88 12
-0.21362907 0.036048095 0.22571429 234 88 12
-0.2349715 0.003479331 0.22095641 234 88 12
-0.23827327 -0.0028365274 0.21994822 234 88 12
-0.13031996 0.091919995 0.22328635 234 88 12
-0.17066516 0.073152085 0.22512781 234 88 12
-0.17287913 0.071861265 0.22515317 234 88 12
-0.24089235 -0.009445213 0.21669319 234 88 12
0.063839297 0.12501023 0.19706317 234 88 12
0.015576564 0.11120405 0.20283558 234 88 12
0.012306869 0.11024968 0.2031562 234 88 12
-0.024182728 0.10091013 0.20775776 234 88 12
-0.12815966 0.093075032 0.22097068 234 88 12
-0.13079034 0.092273913 0.22119373 234 88 12
-0.20252558 0.048855211 0.22226485 234 88 12
-0.21196582 0.037830461 0.22110142 234 88 12
-0.25034672 -0.055790527 0.2073962 234 88 12
0.070944456 0.12756451 0.19386764 234 88 12
-0.0086557866 0.10565705 0.2037602 234 88 12
-0.17738828 0.069151513 0.22066994 234 88 12
-0.20885018 0.041528131 0.21909657 234 88 12
-0.22547795 0.017508607 0.2158808 234 88 12
-0.24626148 -0.031417157 0.20861017 234 88 12
-0.25091314 -0.058534297 0.20428113 234 88 12
-0.064697217 0.098721377 0.20868934 234 88 12
-0.17745621 0.069148935 0.21839494 234 88 12
-0.21612317 0.031936412 0.21549256 234 88 12
-0.2188169 0.0278932 0.21494982 234 88 12
-0.240783 -0.0093133009 0.20955103 234 88 12
0.033520949 0.11887216 0.19368854 234 88 12
-0.13466923 0.092251731 0.21471727 234 88 12
-0.21165831 0.037624269 0.21385749 234 88 12
-0.2439336 -0.021316638 0.20529302 234 88 12
-0.24558861 -0.028742485 0.20433496 234 88 12
-0.096022339 0.10027246 0.20865953 234 88 12
-0.13513519 0.092553728 0.21251584 234 88 12
-0.15335191 0.083457278 0.21325738 234 88 12
-0.17547196 0.070498868 0.21369891 234 88 12
-0.18788063 0.061776816 0.2135785 234 88 12
-0.20551976 0.045014596 0.21244144 234 88 12
-0.21983811 0.025693061 0.20989167 234 88 12
-0.25036475 -0.055496959 0.19756603 234 88 12
-0.017190532 0.10860217 0.19598652 234 88 12
-0.061492419 0.10225253 0.20198901 234 88 12
-0.16914458 0.074605331 0.21136277 234 88 12
-0.17767066 0.069042427 0.2113955 234 88 12
-0.24267018 -0.016287717 0.20135264 234 88 12
0.061366309 0.12790755 0.18337067 234 88 12
-0.044305853 0.10538195 0.19752892 234 88 12
-0.12308973 0.097591542 0.2075079 234 88 12
-0.1406753 0.091061709 0.2084496 234 88 12
-0.17358107 0.071900288 0.20915759 234 88 12
-0.20994528 0.039379269 0.20698659 234 88 12
-0.23981479 -0.0069448279 0.20041632 234 88 12
-0.24060532 -0.0091724321 0.20009488 234 88 12
0.057057948 0.12752138 0.18144346 234 88 12
-0.12900465 0.09640164 0.2058084 234 88 12
-0.23667421 -0.00067223635 0.19927707 234 88 12
-0.25308837 -0.069359071 0.18724216 234 88 12
0.0045269833 0.11641762 0.18632735 234 88 12
-0.073016333 0.10450083 0.1971087 234 88 12
-0.19183506 0.05857934 0.20401138 234 88 12
-0.20841189 0.041256901 0.20237856 234 88 12
-0.23266376 0.0051423606 0.19766163 234 88 12
0.0073192184 0.11791864 0.18361691 234 88 12
4.1119133e-06 0.11636916 0.18475614 234 88 12
-0.13719697 0.094245887 0.20179279 234 88 12
-0.16972143 0.074931084 0.20215961 234 88 12
-0.20839693 0.041269687 0.20002852 234 88 12
-0.24400174 -0.023711798 0.19079372 234 88 12
-0.0044468866 0.11637637 0.18321744 234 88 12
-0.01881317 0.11354169 0.18537881 234 88 12
-0.090718284 0.10540434 0.19499135 234 88 12
-0.11411142 0.10231259 0.19811541 234 88 12
-0.13290678 0.096722315 0.19940244 234 88 12
-0.20384248 0.046838997 0.19823758 234 88 12
-0.20689919 0.043170476 0.19787438 234 88 12
-0.24490324 -0.028719307 0.18763584 234 88 12
-0.076483305 0.10720304 0.19110959 234 88 12
-0.11769725 0.10222536 0.19623191 234 88 12
-0.16587022 0.078033076 0.19750742 234 88 12
-0.17803017 0.069208921 0.19754003 234 88 12
-0.11835675 0.10281708 0.19412612 234 88 12
-0.13380561 0.097590462 0.19497277 234 88 12
-0.17608395 0.07080697 0.19529748 234 88 12
-0.18802705 0.061797152 0.19470862 234 88 12
-0.22462525 0.017473432 0.18983095 234 88 12
-0.22718303 0.013416443 0.18928309 234 88 12
-0.23385698 0.0035721201 0.18789942 234 88 12
-0.24927248 -0.052562611 0.17858886 234 88 12
-0.089887045 0.10809724 0.18851918 234 88 12
-0.10723401 0.10617663 0.19089504 234 88 12
-0.18404908 0.064841687 0.19258094 234 88 12
-0.21273105 0.035881893 0.18957019 234 88 12
-0.24501162 -0.03134005 0.17985837 234 88 12
-0.12752689 0.10146257 0.19043111 234 88 12
-0.16619036 0.078411859 0.19063313 234 88 12
-0.22721863 0.013833226 0.18440008 234 88 12
-0.24224305 -0.018798587 0.17974066 234 88 12
0.0071293074 0.12262821 0.16952764 234 88 12
-0.20083065 0.050825531 0.18644562 234 88 12
-0.20241434 0.049065691 0.18624421 234 88 12
-0.21948996 0.026195142 0.18336543 234 88 12
-0.22853852 0.012004877 0.18170555 234 88 12
-0.23881312 -0.0068001678 0.17918589 234 88 12
-0.24093078 -0.013902898 0.17811119 234 88 12
-0.24998439 -0.058290666 0.17 234 88 12
-0.012294397 0.11982958 0.17060147 234 88 12
-0.12849281 0.10237933 0.1860731 234 88 12
-0.15234798 0.088845151 0.18619361 234 88 12
-0.21946482 0.026328978 0.18099548 234 88 12
-0.23588628 -0.00013936033 0.17765342 234 88 12
-0.21551299 0.032517882 0.17930578 234 88 12
-0.23575475 -8.2091257e-05 0.17520105 234 88 12
-0.071954883 0.11360833 0.17555983 234 88 12
-0.20994189 0.040347004 0.17786594 234 88 12
-0.2270621 0.014427577 0.17467214 234 88 12
0.0053559409 0.12464057 0.16035631 234 88 12
-0.090903928 0.11247389 0.17575758 234 88 12
-0.14312264 0.096659264 0.1795116 234 88 12
-0.21281026 0.036721524 0.17492279 234 88 12
-0.23544414 -7.5876469e-07 0.17027607 234 88 12
-0.049717431 0.11735707 0.16751766 234 88 12
-0.073232218 0.1148294 0.17130755 234 88 12
-0.12273924 0.10685069 0.17700049 234 88 12
-0.088374192 0.11394789 0.17104742 234 88 12
-0.17963957 0.068083939 0.17346452 234 88 12
-0.19748974 0.054846385 0.17234683 234 88 12
-0.23051807 0.008560898 0.16648628 234 88 12
-0.24383812 -0.034461279 0.16010838 234 88 12
-0.13551561 0.10270044 0.17284614 234 88 12
-0.19749164 0.054993086 0.16991209 234 88 12
-0.067230853 0.11739716 0.16349558 234 88 12
-0.10651349 0.11282352 0.16881697 234 88 12
-0.2391147 -0.014344028 0.15846812 234 88 12
-0.24997134 -0.064274851 0.14881532 234 88 12
-0.078677945 0.11667592 0.16297205 234 88 12
-0.13605686 0.10347336 0.16822026 234 88 12
-0.14816943 0.095255206 0.16773934 234 88 12
-0.23231911 0.0044977545 0.15861696 234 88 12
-0.23934236 -0.016936229 0.15565459 234 88 12
-0.24657989 -0.050455964 0.14957136 234 88 12
-0.24717438 -0.053208551 0.14896491 234 88 12
-0.1797931 0.068599709 0.16397159 234 88 12
-0.19750085 0.055552236 0.16249305 234 88 12
-0.24058201 -0.024687476 0.15193263 234 88 12
-0.12709945 0.10855337 0.16369541 234 88 12
-0.15038187 0.094219738 0.16301172 234 88 12
-0.15755457 0.087654385 0.16278284 234 88 12
-0.16482625 0.08114208 0.16235321 234 88 12
-0.20709157 0.045406382 0.15886125 234 88 12
-0.22028206 0.025943124 0.15632127 234 88 12
-0.090413599 0.11692469 0.15771375 234 88 12
-0.14680466 0.097655906 0.16083146 234 88 12
-0.21900715 0.028193647 0.15412086 234 88 12
-0.22503127 0.017671072 0.15296557 234 88 12
-0.087010745 0.11770606 0.15507731 234 88 12
-0.15958572 0.086434816 0.15784609 234 88 12
-0.16867874 0.07828943 0.15722178 234 88 12
-0.17236595 0.075194855 0.15699915 234 88 12
-0.19202125 0.060717197 0.15570622 234 88 12
-0.20705184 0.045795718 0.15393138 234 88 12
-0.22140331 0.024217177 0.15124616 234 88 12
-0.23265853 0.0024656527 0.14829537 234 88 12
-0.12764899 0.10956796 0.15693441 234 88 12
-0.16324164 0.083338492 0.1552334 234 88 12
-0.16506718 0.081701606 0.15508218 234 88 12
-0.18810674 0.063744353 0.15352386 234 88 12
-0.094367989 0.11763179 0.15151513 234 88 12
-0.10800681 0.11574148 0.15332207 234 88 12
-0.12527839 0.11084956 0.15460808 234 88 12
-0.14121941 0.10274143 0.15420142 234 88 12
-0.15978304 0.086831265 0.15298772 234 88 12
-0.16333518 0.08354215 0.15282461 234 88 12
-0.17629331 0.072480432 0.15192841 234 88 12
-0.22120562 0.024516678 0.14641054 234 88 12
-0.12786574 0.11010395 0.1523294 234 88 12
-0.16163017 0.085380019 0.15048505 234 88 12
-0.20543475 0.048163728 0.1469803 234 88 12
-0.21499838 0.034947768 0.14520605 234 88 12
-0.10821046 0.1162845 0.14875542 234 88 12
-0.13719811 0.10582214 0.14984333 234 88 12
-0.14535352 0.10032185 0.14929303 234 88 12
-0.14729677 0.098823222 0.14914536 234 88 12
-0.17446992 0.074343613 0.14721342 234 88 12
-0.18824171 0.064347018 0.14620257 234 88 12
-0.22334604 0.020476621 0.14104903 234 88 12
-0.24498931 -0.051122005 0.12951085 234 88 12
-0.12549772 0.11163851 0.14770321 234 88 12
-0.15114327 0.095807695 0.14652071 234 88 12
-0.19208183 0.06167917 0.14357797 234 88 12
-0.19573886 0.058665794 0.14323607 234 88 12
-0.22765226 0.011752473 0.13744313 234 88 12
-0.23810256 -0.022744413 0.13258291 234 88 12
-0.11450815 0.11545981 0.14476432 234 88 12
-0.087016225 0.11968806 0.13871598 234 88 12
-0.1014851 0.11813948 0.1409329 234 88 12
-0.16712867 0.081038903 0.14038812 234 88 12
-0.16894918 0.079451753 0.14030862 234 88 12
-0.19209281 0.062033378 0.13881207 234 88 12
-0.20672552 0.047038103 0.13705437 234 88 12
-0.20814762 0.045208417 0.13675428 234 88 12
-0.24516289 -0.053944349 0.12140941 234 88 12
-0.2491056 -0.067506226 0.11831064 234 88 12
-0.11134536 0.11665932 0.13976009 234 88 12
-0.19747019 0.057619395 0.13582884 234 88 12
-0.23680692 -0.020410786 0.12546352 234 88 12
-0.12285441 0.11354614 0.13832475 234 88 12
-0.14350101 0.10274393 0.13784418 234 88 12
-0.16172426 0.086242756 0.13603553 234 88 12
-0.20659194 0.047382048 0.13209107 234 88 12
-0.23151082 -7.9170775e-05 0.12603223 234 88 12
-0.24414122 -0.051294084 0.11701473 234 88 12
-0.24970165 -0.070194857 0.11264834 234 88 12
-0.12793954 0.11177846 0.13601578 234 88 12
-0.17442705 0.075198259 0.13273481 234 88 12
-0.19395878 0.061126626 0.13145581 234 88 12
-0.19572413 0.059592854 0.1312794 234 88 12
-0.11400239 0.11669795 0.13292606 234 88 12
-0.15639 0.09158186 0.13180324 234 88 12
-0.19210121 0.062805435 0.12914144 234 88 12
-0.22564708 0.014427086 0.12302578 234 88 12
-0.23778423 -0.028187022 0.11680152 234 88 12
-0.24693309 -0.06209275 0.10947051 234 88 12
-0.24862748 -0.067460333 0.10817928 234 88 12
-0.15457548 0.093454797 0.12951861 234 88 12
-0.16513227 0.083318507 0.12851983 234 88 12
-0.22748428 0.0098017325 0.11978214 234 88 12
-0.23414508 -0.012835045 0.11672633 234 88 12
-0.096957763 0.11982485 0.12586822 234 88 12
-0.12767965 0.11251982 0.12891608 234 88 12
-0.18024134 0.071308356 0.12509933 234 88 12
-0.19732679 0.05856212 0.12361229 234 88 12
-0.20494021 0.049790682 0.12261608 234 88 12
-0.22737492 0.0098414917 0.11731796 234 88 12
-0.10029443 0.11959092 0.12397162 234 88 12
-0.13483088 0.10923555 0.1264349 234 88 12
-0.1432833 0.10367668 0.1259013 234 88 12
-0.20767853 0.046238452 0.11980419 234 88 12
-0.085202997 0.12088285 0.11890944 234 88 12
-0.13473351 0.10940295 0.12398152 234 88 12
-0.23651143 -0.025764314 0.10703315 234 88 12
-0.2412227 -0.043528389 0.10344581 234 88 12
-0.11626772 0.11676087 0.12093114 234 88 12
-0.12475695 0.11404099 0.12147205 234 88 12
-0.15958811 0.088784571 0.11947737 234 88 12
-0.19006036 0.064988641 0.11701409 234 88 12
-0.19880335 0.05726499 0.11617389 234 88 12
-0.20035244 0.05555862 0.11600014 234 88 12
-0.21390318 0.036668783 0.11371714 234 88 12
-0.072821393 0.12177308 0.1116332 234 88 12
-0.080602054 0.12122681 0.11293643 234 88 12
-0.12723767 0.11314343 0.11911202 234 88 12
-0.1595264 0.088863343 0.11704415 234 88 12
-0.16479412 0.083894555 0.11652679 234 88 12
-0.19186329 0.0636685 0.1144946 234 88 12
-0.21963529 0.02609307 0.1099213 234 88 12
-0.11274037 0.11758603 0.11568539 234 88 12
-0.11884596 0.11607154 0.11625295 234 88 12
-0.15067602 0.097797612 0.11563101 234 88 12
-0.19532964 0.060727444 0.11173657 234 88 12
-0.072013436 0.12177129 0.10633604 234 88 12
-0.12698804 0.11336919 0.11415386 234 88 12
-0.15064174 0.097907859 0.11317649 234 88 12
-0.1646389 0.083991644 0.11165749 234 88 12
-0.19349695 0.06236483 0.10949104 234 88 12
-0.21826426 0.028380507 0.10531402 234 88 12
-0.22253159 0.019353521 0.10396414 234 88 12
-0.22808059 0.0049473502 0.10164709 234 88 12
-0.23464202 -0.020630104 0.097822595 234 88 12
-0.15933938 0.089097612 0.1096928 234 88 12
-0.16808297 0.080805336 0.10887742 234 88 12
-0.20842752 0.04488141 0.10504884 234 88 12
-0.21813325 0.028413939 0.10285273 234 88 12
-0.23773446 -0.033335434 0.092781943 234 88 12
-0.075111442 0.12153619 0.10168382 234 88 12
-0.18157718 0.07088517 0.10556792 234 88 12
-0.070731587 0.12186613 0.098037952 234 88 12
-0.086445685 0.12075574 0.10128913 234 88 12
-0.15734122 0.090956517 0.10493527 234 88 12
-0.21318791 0.03699563 0.099190787 234 88 12
-0.23170722 -0.01046767 0.091870113 234 88 12
-0.2341023 -0.020652879 0.09002381 234 88 12
-0.066280865 0.12222277 0.09441468 234 88 12
-0.12070357 0.11539902 0.10371594 234 88 12
-0.1426775 0.10475825 0.10391378 234 88 12
-0.22650768 0.0074315386 0.092029968 234 88 12
-0.23086996 -0.0079025942 0.089758821 234 88 12
-0.24388577 -0.056658096 0.079763047 234 88 12
-0.14254464 0.10481823 0.10140001 234 88 12
-0.15873143 0.089249761 0.099736658 234 88 12
-0.16045164 0.087528144 0.099523623 234 88 12
-0.17115965 0.077856971 0.098798997 234 88 12
-0.17900003 0.072286711 0.098241412 234 88 12
-0.20373766 0.050840119 0.095837511 234 88 12
-0.20780691 0.045173876 0.095154788 234 88 12
-0.21516916 0.032931056 0.093589152 234 88 12
-0.21746963 0.028612581 0.092847701 234 88 12
-0.22933639 -0.0027654207 0.087979065 234 88 12
-0.23433685 -0.023227144 0.084522645 234 88 12
-0.23501974 -0.025736987 0.084054649 234 88 12
-0.16031251 0.087547012 0.097037186 234 88 12
-0.19615018 0.059772851 0.094555294 234 88 12
-0.20762603 0.045267956 0.092737967 234 88 12
-0.23910675 -0.040804374 0.078174713 234 88 12
-0.24529443 -0.061991493 0.073345867 234 88 12
-0.065178524 0.12259681 0.085768957 234 88 12
-0.11048474 0.11800469 0.094795152 234 88 12
-0.21128725 0.039389042 0.089493787 234 88 12
-0.23538055 -0.028201978 0.078264934 234 88 12
-0.23971284 -0.043354056 0.07488081 234 88 12
-0.17258369 0.076531762 0.091038419 234 88 12
-0.18460607 0.068566415 0.090502045 234 88 12
-0.23459426 -0.025664649 0.076107008 234 88 12
-0.13976711 0.10657036 0.091110801 234 88 12
-0.14785812 0.10024762 0.090817238 234 88 12
-0.23731903 -0.035697682 0.071138721 234 88 12
-0.059713819 0.12316965 0.076869634 234 88 12
-0.21439484 0.033253765 0.080973869 234 88 12
-0.21986154 0.021971422 0.079166636 234 88 12
-0.055064278 0.12338437 0.073112923 234 88 12
-0.11563361 0.11655883 0.085064956 234 88 12
-0.21426773 0.033272782 0.078405894 234 88 12
-0.22070185 0.019644248 0.076289628 234 88 12
-0.22449633 0.010058819 0.074584553 234 88 12
-0.22770559 -3.3832568e-05 0.07279165 234 88 12
-0.24003163 -0.04591322 0.063646606 234 88 12
-0.24394315 -0.059224058 0.060992069 234 88 12
-0.066656429 0.12245986 0.073152383 234 88 12
-0.10535244 0.11867043 0.080798837 234 88 12
-0.12420039 0.11381173 0.083246124 234 88 12
-0.16628685 0.08110311 0.081562612 234 88 12
-0.23559238 -0.030553366 0.064374012 234 88 12
-0.070127056 0.1221656 0.071292844 234 88 12
-0.13435928 0.10915957 0.081008152 234 88 12
-0.18955199 0.064684004 0.077711866 234 88 12
-0.22399734 0.010045253 0.066981435 234 88 12
-0.077216133 0.1214551 0.067822498 234 88 12
-0.15380581 0.093058418 0.075094397 234 88 12
-0.16940403 0.077997166 0.073844783 234 88 12
-0.22006162 0.019653516 0.066053655 234 88 12
-0.22104626 0.017328266 0.065641006 234 88 12
-0.17484606 0.07369781 0.070985891 234 88 12
-0.17681796 0.072380697 0.07084091 234 88 12
-0.20472597 0.047710874 0.067895144 234 88 12
-0.20993607 0.039637212 0.066688644 234 88 12
-0.23811493 -0.040714626 0.051734321 234 88 12
-0.16183503 0.084199005 0.069328718 234 88 12
-0.19057993 0.063175507 0.067531477 234 88 12
-0.23729673 -0.038148396 0.049598769 234 88 12
-0.17631121 0.072306313 0.065734781 234 88 12
-0.22503378 0.0049179809 0.055614335 234 88 12
-0.13734674 0.10587528 0.065746437 234 88 12
-0.13952571 0.10442859 0.065636763 234 88 12
-0.18207666 0.068412796 0.062793661 234 88 12
-0.11507246 0.11494665 0.061518525 234 88 12
-0.12709452 0.11093567 0.062550366 234 88 12
-0.20245524 0.049661814 0.05793958 234 88 12
-0.21267704 0.03329079 0.05520903 234 88 12
-0.21708091 0.024253279 0.053779621 234 88 12
-0.21912309 0.019586722 0.053000901 234 88 12
-0.22298125 0.0098957446 0.051248294 234 88 12
-0.23485375 -0.0304604 0.043282541 234 88 12
-0.169723 0.076318473 0.058416856 234 88 12
-0.17738789 0.070855414 0.057857629 234 88 12
-0.18149365 0.068358168 0.057624978 234 88 12
-0.2022313 0.049681397 0.055294023 234 88 12
-0.20614043 0.043869374 0.051803351 234 88 12
-0.21565667 0.026570579 0.048893897 234 88 12
-0.22173736 0.01233764 0.046420079 234 88 12
-0.12847223 0.10914102 0.054890216 234 88 12
-0.14809877 0.096198911 0.054928511 234 88 12
-0.15697075 0.08762919 0.05439513 234 88 12
-0.16385453 0.080977325 0.05360334 234 88 12
-0.18096059 0.068258138 0.052470914 234 88 12
-0.22250323 0.0097816226 0.043279309 234 88 12
-0.23108934 -0.017965201 0.038018398 234 88 12
-0.24704001 -0.072781557 0.026197473 234 88 12
-0.15134835 0.092696801 0.052204115 234 88 12
-0.16712301 0.077812654 0.050793793 234 88 12
-0.23541321 -0.032925721 0.031864557 234 88 12
-0.16335575 0.080992707 0.048552293 234 88 12
-0.19049476 0.061666196 0.046560324 234 88 12
-0.16305809 0.080991051 0.045876327 234 88 12
-0.17606584 0.070652659 0.044929059 234 88 12
-0.18013013 0.068107463 0.044727211 234 88 12
-0.18219786 0.066847669 0.044562973 234 88 12
-0.19830129 0.053315324 0.042744395 234 88 12
-0.22386034 0.0045134563 0.034303488 234 88 12
-0.23827863 -0.043131291 0.024225067 234 88 12
-0.13818009 0.10173415 0.044466213 234 88 12
-0.14033342 0.10031959 0.044421343 234 88 12
-0.16101527 0.082626658 0.043359926 234 88 12
-0.20378671 0.0456789 0.038993484 234 88 12
-0.20769845 0.039514249 0.037947875 234 88 12
-0.21689213 0.021539443 0.034817003 234 88 12
-0.23383046 -0.027947998 0.024981035 234 88 12
-0.14346114 0.096831771 0.039104688 234 88 12
-0.16039262 0.082501275 0.038166098 234 88 12
-0.16769501 0.076182858 0.03766805 234 88 12
-0.17340054 0.071872715 0.03724243 234 88 12
-0.17737645 0.069188644 0.037052343 234 88 12
-0.19769554 0.053041274 0.034793752 234 88 12
-0.23452453 -0.030466008 0.019121422 234 88 12
-0.17314423 0.0718033 0.03471972 234 88 12
-0.22244009 0.0065774537 0.024225687 234 88 12
-0.22334909 0.0040803322 0.023742567 234 88 12
-0.22763827 -0.008340571 0.021294127 234 88 12
-0.22840215 -0.010818536 0.020798323 234 88 12
-0.1670878 0.076068826 0.032350521 234 88 12
-0.19250606 0.057868891 0.030236374 234 88 12
-0.21301417 0.028041285 0.025418805 234 88 12
-0.21841283 0.016314716 0.023302899 234 88 12
-0.22893442 -0.01337097 0.014864514 234 88 12
-0.1742756 0.070208722 0.026701641 234 88 12
-0.18041504 0.066155384 0.026164247 234 88 12
-0.18807366 0.060543344 0.022787463 234 88 12
-0.20386113 0.042822214 0.019957855 234 88 12
-0.24583955 -0.073105196 -0.002943233 234 88 12
0.051112864 0.071700494 -0.038978891 234 88 12
-0.1406503 0.09163415 0.021947773 234 88 12
-0.16373065 0.077182055 0.021678801 234 88 12
0.029193052 0.066151076 -0.036606287 234 88 12
-0.16130207 0.078521095 0.018999985 234 88 12
-0.18334475 0.063040775 0.014959128 234 88 12
-0.19750124 0.050130785 0.013123544 234 88 12
-0.22234913 0.0034053877 0.00469734 234 88 12
-0.23918542 -0.048527444 -0.0062589046 234 88 12
0.075859863 0.077606188 -0.051605107 234 88 12
0.027227634 0.064736314 -0.041187285 234 88 12
-0.2370045 -0.040654197 -0.0073626446 234 88 12
0.086997181 0.081005955 -0.056242324 234 88 12
-0.16374673 0.074896911 0.010449625 234 88 12
-0.20570255 0.038056314 0.0055824046 234 88 12
-0.20701295 0.035935443 0.0052126739 234 88 12
-0.22394334 -0.0016670512 -0.0017366598 234 88 12
-0.22569623 -0.0065186571 -0.0026522574 234 88 12
0.058533825 0.072342479 -0.053372745 234 88 12
-0.15462755 0.079360984 0.0073198508 234 88 12
-0.15906118 0.07709088 0.0074670661 234 88 12
-0.19358646 0.053309636 0.0054789667 234 88 12
-0.21064549 0.029326464 0.0012848783 234 88 12
-0.24034992 -0.053982272 -0.01551258 234 88 12
-0.19334428 0.053140011 0.0027609596 234 88 12
-0.19500142 0.051398446 0.0024836863 234 88 12
-0.20404256 0.039903415 0.00046967172 234 88 12
0.010046472 0.060877718 -0.046868471 234 88 12
-0.037205364 0.060813865 -0.032875553 234 88 12
0.045393892 0.068222412 -0.058049926 234 88 12
-0.021964764 0.060366228 -0.040002197 234 88 12
-0.21030153 0.029108404 -0.00660083 234 88 12
-0.23585221 -0.038215922 -0.02028912 234 88 12
-0.016290726 0.060031029 -0.044130826 234 88 12
-0.025686642 0.060190745 -0.041312541 234 88 12
-0.23572785 -0.038226188 -0.022897981 234 88 12
-0.24429353 -0.0705926 -0.029588178 234 88 12
0.049736585 0.068960189 -0.064114596 234 88 12
-0.010685937 0.059709886 -0.048358725 234 88 12
-0.034006521 0.059821234 -0.041234471 234 88 12
-0.047827356 0.059605186 -0.037578062 234 88 12
-0.1464531 0.073282004 -0.0097930316 234 88 12
-0.1904946 0.053943275 -0.0079317883 234 88 12
-0.19892281 0.045268084 -0.0092106968 234 88 12
-0.22580556 -0.0090690038 -0.019323622 234 88 12
-0.22903902 -0.018665429 -0.021417321 234 88 12
0.020923161 0.061770155 -0.059576594 234 88 12
-0.22973854 -0.021029473 -0.024673103 234 88 12
-0.23541219 -0.038249171 -0.028285921 234 88 12
-0.23900343 -0.051365679 -0.031158321 234 88 12
0.068865512 0.073934245 -0.07406105 234 88 12
-0.0044306552 0.059373468 -0.055061141 234 88 12
-0.24379892 -0.070626645 -0.037660067 234 88 12
-0.0082629074 0.05924713 -0.056339433 234 88 12
-0.17484038 0.06284576 -0.01549206 234 88 12
-0.23351078 -0.033083432 -0.032556396 234 88 12
-0.24212519 -0.065111183 -0.039369688 234 88 12
0.062404797 0.071462684 -0.077719365 234 88 12
-0.17194572 0.063641172 -0.01834926 234 88 12
-0.2150953 0.017468287 -0.024823429 234 88 12
-0.23776479 -0.048631471 -0.038413063 234 88 12
-0.23913424 -0.05404964 -0.039611933 234 88 12
-0.24272774 -0.067796516 -0.042618899 234 88 12
-0.24427215 -0.073264791 -0.043673467 234 88 12
0.010514671 0.060074298 -0.066825976 234 88 12
-0.025273896 0.05868539 -0.056318471 234 88 12
-0.19762454 0.044522914 -0.022792773 234 88 12
-0.22929841 -0.020641872 -0.035317632 234 88 12
-0.24258001 -0.067754342 -0.045364695 234 88 12
0.074231082 0.074500311 -0.086097774 234 88 12
0.070667185 0.073325041 -0.085148803 234 88 12
0.015102234 0.060472064 -0.070632675 234 88 12
-0.15906697 0.065723405 -0.025397586 234 88 12
-0.20496453 0.0348638 -0.027189605 234 88 12
-0.21895117 0.0081826148 -0.032215185 234 88 12
-0.22839206 -0.018133834 -0.03756098 234 88 12
-0.23672967 -0.045873865 -0.043261321 234 88 12
-0.23811483 -0.051330562 -0.04442358 234 88 12
-0.24405259 -0.073140457 -0.049232184 234 88 12
-0.036824951 0.057761944 -0.058426026 234 88 12
-0.13751842 0.063078943 -0.033656333 234 88 12
-0.20181507 0.038667366 -0.029137136 234 88 12
-0.24001736 -0.05955947 -0.049020317 234 88 12
0.056921549 0.068677922 -0.087054399 234 88 12
-0.049627726 0.05704792 -0.057998063 234 88 12
-0.073784245 0.057522622 -0.052275967 234 88 12
-0.1144082 0.059807212 -0.042283192 234 88 12
-0.22968301 -0.022924608 -0.044039195 234 88 12
-0.23202019 -0.030288876 -0.045698596 234 88 12
-0.2390782 -0.05686732 -0.051116392 234 88 12
-0.24220025 -0.067681869 -0.053592424 234 88 12
0.075891432 0.074002314 -0.094704121 234 88 12
0.035425942 0.063194565 -0.084265818 234 88 12
-0.048952922 0.056791527 -0.060985685 234 88 12
-0.18120517 0.056043828 -0.032732442 234 88 12
-0.22799338 -0.018034797 -0.045841773 234 88 12
-0.22875622 -0.020455289 -0.0463347 234 88 12
0.032297544 0.062306736 -0.085989335 234 88 12
0.012660584 0.059716347 -0.080386519 234 88 12
-0.0050721876 0.058891916 -0.075343396 234 88 12
-0.081589816 0.057220487 -0.055824805 234 88 12
-0.095169183 0.057877979 -0.05227449 234 88 12
-0.13390707 0.060213522 -0.043346262 234 88 12
-0.17604289 0.057979174 -0.035579529 234 88 12
-0.094485294 0.057527676 -0.055243028 234 88 12
-0.19427741 0.045283727 -0.038994288 234 88 12
-0.20392949 0.034356151 -0.0404541 234 88 12
-0.21419378 0.01743853 -0.043640779 234 88 12
-0.21636309 0.012890437 -0.044703384 234 88 12
-0.22921753 -0.02289431 -0.052224038 234 88 12
-0.2336779 -0.038009928 -0.055246804 234 88 12
-0.23506757 -0.043297545 -0.056357783 234 88 12
0.036978097 0.062721902 -0.092724615 234 88 12
-0.0043443214 0.05878061 -0.080978258 234 88 12
-0.19747392 0.041695048 -0.042117404 234 88 12
-0.20920399 0.026149168 -0.044547386 234 88 12
-0.23198326 -0.032943592 -0.056861739 234 88 12
-0.23550598 -0.046061208 -0.059672592 234 88 12
-0.23616358 -0.048773657 -0.060193838 234 88 12
0.018201278 0.059555687 -0.09017482 234 88 12
0.00045914958 0.058861985 -0.085080247 234 88 12
-0.0039821951 0.058702103 -0.083831746 234 88 12
-0.070469093 0.056150277 -0.066922883 234 88 12
-0.088854101 0.056766507 -0.062089489 234 88 12
-0.11035078 0.057416917 -0.057208849 234 88 12
-0.15524678 0.059693773 -0.046858191 234 88 12
-0.1745724 0.056752197 -0.044147996 234 88 12
-0.19373009 0.044933234 -0.04449866 234 88 12
-0.20045131 0.037908472 -0.045331666 234 88 12
-0.12658556 0.057778957 -0.056493742 234 88 12
-0.20748636 0.028051102 -0.049480468 234 88 12
-0.21363303 0.017268601 -0.051500923 234 88 12
-0.23852288 -0.05982728 -0.0680735 234 88 12
-0.2177731 0.0080827871 -0.056026725 234 88 12
-0.23335999 -0.040935026 -0.066566277 234 88 12
-0.23610854 -0.05158949 -0.068906019 234 88 12
0.042811751 0.062772753 -0.10555736 234 88 12
-0.023754805 0.056668541 -0.086719512 234 88 12
-0.049251807 0.054892756 -0.080528478 234 88 12
-0.19092383 0.045879288 -0.052732031 234 88 12
-0.21857909 0.0057204406 -0.059150987 234 88 12
-0.23582556 -0.051651323 -0.071641981 234 88 12
0.046985322 0.063495177 -0.10952412 234 88 12
-0.067982116 0.055172254 -0.078662265 234 88 12
-0.11191404 0.056255499 -0.067949808 234 88 12
-0.13684571 0.057288454 -0.062347479 234 88 12
-0.15949919 0.057382419 -0.057743696 234 88 12
-0.2163057 0.010316833 -0.060850895 234 88 12
-0.23630213 -0.054428827 -0.074972112 234 88 12
-0.23951096 -0.065388007 -0.077327801 234 88 12
0.02893934 0.059511935 -0.10707195 234 88 12
-0.0016190639 0.057979017 -0.098640959 234 88 12
-0.048141473 0.054654116 -0.086373706 234 88 12
-0.13234146 0.056986023 -0.066156696 234 88 12
-0.21995904 0.00091745729 -0.065590506 234 88 12
-0.22901281 -0.02823032 -0.071911758 234 88 12
-0.17429344 0.053855928 -0.061444816 234 88 12
-0.22510764 -0.015893699 -0.071843808 234 88 12
-0.2287138 -0.028276384 -0.074641424 234 88 12
0.033626218 0.059838806 -0.11416777 234 88 12
-0.13914626 0.056611733 -0.070298687 234 88 12
-0.15031302 0.056483946 -0.067873017 234 88 12
-0.22107037 -0.0039482152 -0.072075661 234 88 12
-0.23715637 -0.059944383 -0.084307042 234 88 12
-0.23973872 -0.068143252 -0.086164422 234 88 12
-0.066069547 0.054785371 -0.090142502 234 88 12
-0.21629507 0.0076921422 -0.072302339 234 88 12
-0.22387092 -0.013634608 -0.076805042 234 88 12
-0.079221238 0.054508395 -0.089516982 234 88 12
-0.15648119 0.055602381 -0.072547519 234 88 12
-0.21499741 0.0098971222 -0.074534663 234 88 12
-0.22046364 -0.0041830668 -0.077496413 234 88 12
-0.23672706 -0.060019798 -0.089896402 234 88 12
-0.23936012 -0.068120324 -0.091570604 234 88 12
-0.069545281 0.05423044 -0.094978546 234 88 12
-0.15939929 0.054943698 -0.07488167 234 88 12
-0.1823116 0.048589228 -0.072512533 234 88 12
-0.2226758 -0.011341168 -0.081803096 234 88 12
-0.23192299 -0.043893517 -0.088844784 234 88 12
-0.23409788 -0.051911257 -0.090666474 234 88 12
-0.23653762 -0.060023806 -0.092601037 234 88 12
0.050653845 0.062663724 -0.1306195 234 88 12
0.032067693 0.058582085 -0.12530166 234 88 12
-0.086583873 0.053859373 -0.093505392 234 88 12
-0.10366313 0.054037313 -0.089326022 234 88 12
-0.1404911 0.055038499 -0.08140874 234 88 12
-0.19187511 0.041350588 -0.075278353 234 88 12
-0.19880195 0.034606442 -0.075892766 234 88 12
-0.21535396 0.0073108102 -0.080559849 234 88 12
0.040110839 0.059924902 -0.13044399 234 88 12
-0.1285874 0.054777718 -0.086724672 234 88 12
-0.20714332 0.022777575 -0.080489482 234 88 12
0.0075531599 0.056393866 -0.12454196 234 88 12
-0.13202364 0.05444487 -0.088949007 234 88 12
-0.22955742 -0.035719021 -0.095048759 234 88 12
-0.23025036 -0.038302063 -0.095667263 234 88 12
0.048710589 0.06148261 -0.13863792 234 88 12
-0.097434552 0.053101342 -0.099715932 234 88 12
-0.14607809 0.053646959 -0.08891147 234 88 12
-0.16039981 0.052988833 -0.085996607 234 88 12
-0.075464697 0.052969046 -0.10809228 234 88 12
-0.13099487 0.053950981 -0.09500844 234 88 12
-0.18032505 0.047525996 -0.086728668 234 88 12
-0.20619876 0.022334982 -0.088798875 234 88 12
-0.20864703 0.018091157 -0.089513531 234 88 12
-0.22415886 -0.018120486 -0.09681343 234 88 12
-0.18426586 0.044711216 -0.089468386 234 88 12
-0.24008624 -0.073373775 -0.11140951 234 88 12
0.0020509918 0.055613177 -0.13758705 234 88 12
-0.0023486393 0.055441415 -0.13636242 234 88 12
-0.0233439 0.053774625 -0.13031167 234 88 12
-0.16491086 0.051116768 -0.096924203 234 88 12
-0.20261555 0.026027192 -0.096369299 234 88 12
-0.23318215 -0.051036087 -0.11201956 234 88 12
-0.064548986 0.053002875 -0.1224701 234 88 12
-0.21939083 -0.0063244603 -0.10483593 234 88 12
0.052476904 0.06131559 -0.15708754 234 88 12
-0.081234525 0.052471864 -0.12104709 234 88 12
-0.14665179 0.052153215 -0.10592657 234 88 12
-0.20606396 0.019878477 -0.10279254 234 88 12
-0.22194582 -0.012994326 -0.10878411 234 88 12
-0.23023714 -0.03988896 -0.11477491 234 88 12
-0.2342973 -0.056329452 -0.1187115 234 88 12
-0.23588485 -0.061926755 -0.12003184 234 88 12
0.045975204 0.059452407 -0.15821307 234 88 12
-0.021455001 0.053526493 -0.13958707 234 88 12
-0.10732597 0.053015919 -0.11762459 234 88 12
-0.190534 0.038225229 -0.1036885 234 88 12
-0.22739928 -0.029422672 -0.11510229 234 88 12
-0.23945158 -0.072767427 -0.12537481 234 88 12
-0.084368374 0.05233919 -0.12585487 234 88 12
-0.1693026 0.049095804 -0.10775584 234 88 12
-0.13872006 0.052586269 -0.11597403 234 88 12
-0.20400815 0.021806505 -0.1108113 234 88 12
0.029033833 0.056080581 -0.16233552 234 88 12
-0.014872169 0.053502959 -0.15050361 234 88 12
-0.019112017 0.053195675 -0.14929987 234 88 12
-0.091839658 0.05222024 -0.12991951 234 88 12
-0.09636876 0.052346231 -0.12870995 234 88 12
-0.17917212 0.044793116 -0.11249864 234 88 12
-0.21240679 0.0071737838 -0.11562918 234 88 12
0.038007798 0.057041136 -0.16778669 234 88 12
-0.20222764 0.023661238 -0.11611611 234 88 12
-0.20992138 0.011504104 -0.11767262 234 88 12
-0.21338878 0.0051318869 -0.1186621 234 88 12
-0.22624464 -0.026426419 -0.12504782 234 88 12
0.017402755 0.055164969 -0.16541225 234 88 12
-0.090514428 0.051921548 -0.13611403 234 88 12
-0.18915166 0.037727975 -0.11803999 234 88 12
-0.19444978 0.032824739 -0.11828355 234 88 12
-0.20202071 0.023640413 -0.1188473 234 88 12
-0.23236954 -0.050003736 -0.13367672 234 88 12
-0.23531592 -0.061306959 -0.13658482 234 88 12
-0.081094789 0.051797157 -0.14137848 234 88 12
-0.08539797 0.051739615 -0.14026938 234 88 12
-0.094459933 0.051894433 -0.13806071 234 88 12
-0.18052925 0.043201286 -0.12115154 234 88 12
-0.22023362 -0.0098933215 -0.12672486 234 88 12
-0.22899686 -0.036252748 -0.13282178 234 88 12
-0.23097817 -0.044350918 -0.13486022 234 88 12
-0.01164701 0.052922991 -0.16355796 234 88 12
-0.058881871 0.052358186 -0.15048539 234 88 12
-0.19722476 0.029180022 -0.12396723 234 88 12
-0.20022874 0.025500278 -0.12424235 234 88 12
-0.227434 -0.03103572 -0.13427734 234 88 12
-0.14977194 0.050451301 -0.13115274 234 88 12
-0.20677969 0.015672289 -0.12803608 234 88 12
-0.23495847 -0.061036142 -0.14494405 234 88 12
-0.023211223 0.051845846 -0.16643843 234 88 12
-0.20266838 0.021643637 -0.13014283 234 88 12
-0.22798159 -0.033461671 -0.14043406 234 88 12
-0.2293935 -0.038712588 -0.14182861 234 88 12
0.039096441 0.05593112 -0.18665875 234 88 12
-0.032086693 0.051648432 -0.16703297 234 88 12
-0.21676385 -0.0031826285 -0.13614116 234 88 12
-0.22218788 -0.01653399 -0.13906279 234 88 12
-0.22990173 -0.041359825 -0.14526991 234 88 12
-0.12809495 0.052977131 -0.14427418 234 88 12
-0.21450736 0.0011492922 -0.13808203 234 88 12
-0.21850623 -0.0075028807 -0.13982533 234 88 12
-0.095388686 0.051582952 -0.15561996 234 88 12
-0.12376459 0.053235617 -0.14826491 234 88 12
-0.17379741 0.045333058 -0.13930949 234 88 12
-0.23523514 -0.063707222 -0.15684322 234 88 12
-0.03466761 0.051374374 -0.17558325 234 88 12
-0.049808476 0.051780497 -0.17114912 234 88 12
-0.15813274 0.049053845 -0.14458516 234 88 12
-0.22945508 -0.041372489 -0.15364061 234 88 12
-0.23137843 -0.04968881 -0.15588243 234 88 12
-0.10425979 0.052517121 -0.15936182 234 88 12
-0.1271329 0.053197403 -0.15345028 234 88 12
-0.2031422 0.019833269 -0.14412313 234 88 12
-0.070785845 0.051048992 -0.17110101 234 88 12
-0.093629233 0.051556447 -0.16530983 234 88 12
-0.17022956 0.04644313 -0.14852184 234 88 12
-0.17813853 0.043145332 -0.14746195 234 88 12
-0.20694802 0.013900408 -0.14736971 234 88 12
-0.20940368 0.0097911457 -0.14786346 234 88 12
-0.22043565 -0.014251137 -0.15235283 234 88 12
-0.22977801 -0.044194359 -0.16005158 234 88 12
-0.23109967 -0.049779061 -0.16164027 234 88 12
-0.21760799 -0.007534428 -0.15382198 234 88 12
-0.2193942 -0.012000366 -0.15471469 234 88 12
-0.22896528 -0.041509831 -0.16203759 234 88 12
-0.21455988 -0.00093551651 -0.15532553 234 88 12
-0.23469464 -0.063630821 -0.17111571 234 88 12
0.016334728 0.051578919 -0.20620108 234 88 12
-0.17482614 0.044513169 -0.1564063 234 88 12
-0.18815189 0.036420199 -0.15510489 234 88 12
-0.20780899 0.011963468 -0.15582004 234 88 12
-0.21018024 0.0077930111 -0.15649868 234 88 12
0.026048576 0.052036993 -0.2121055 234 88 12
-0.20768833 0.012027995 -0.15857945 234 88 12
-0.22319083 -0.023814452 -0.16604778 234 88 12
-0.2297605 -0.04725495 -0.17218953 234 88 12
-0.23117736 -0.052751868 -0.17370161 234 88 12
-0.062473668 0.05006735 -0.18873708 234 88 12
-0.12461533 0.052901256 -0.1716357 234 88 12
-0.13901718 0.051398355 -0.1683507 234 88 12
-0.15261398 0.049667977 -0.16561633 234 88 12
-0.18583035 0.038078737 -0.16070603 234 88 12
-0.19645333 0.027908834 -0.16019338 234 88 12
-0.15233168 0.049638061 -0.16848709 234 88 12
-0.17397634 0.044554986 -0.16488586 234 88 12
-0.21195198 0.0034235396 -0.16559614 234 88 12
-0.23162841 -0.05561763 -0.18016606 234 88 12
0.020519757 0.05039813 -0.22013691 234 88 12
-0.1275257 0.052424993 -0.17646835 234 88 12
-0.13128827 0.052100905 -0.1756507 234 88 12
-0.17097117 0.04563853 -0.16823355 234 88 12
-0.17365284 0.044577406 -0.16778756 234 88 12
-0.22001043 -0.017000389 -0.17296629 234 88 12
0.034102515 0.051379721 -0.22684318 234 88 12
0.02162686 0.050083497 -0.22360353 234 88 12
-0.00030448863 0.04838567 -0.21713168 234 88 12
-0.18911421 0.035069166 -0.16873904 234 88 12
-0.20186353 0.020344084 -0.16868242 234 88 12
0.038920121 0.05180233 -0.23110408 234 88 12
-0.20409625 0.016200483 -0.1748141 234 88 12
-0.21103787 0.0030776108 -0.17703513 234 88 12
-0.21671356 -0.010460182 -0.18011032 234 88 12
-0.22567949 -0.037277532 -0.18686642 234 88 12
0.028802385 0.049590179 -0.23497629 234 88 12
-0.19982047 0.022396189 -0.17684544 234 88 12
-0.16314194 0.047178324 -0.18326669 234 88 12
-0.17454991 0.043382703 -0.18137088 234 88 12
-0.21694224 -0.01306525 -0.18661755 234 88 12
-0.20064352 0.020317572 -0.18271765 234 88 12
-0.20999893 0.0025969537 -0.1856395 234 88 12
-0.21102222 0.00035392634 -0.18614119 234 88 12
-0.2147892 -0.0087241041 -0.18832081 234 88 12
-0.12386817 0.051826359 -0.19731217 234 88 12
-0.15896654 0.047590936 -0.18960564 234 88 12
-0.20161563 0.018107976 -0.18581766 234 88 12
-0.13444212 0.050649701 -0.19730826 234 88 12
-0.15509145 0.048046966 -0.19304199 234 88 12
-0.2011526 0.017934534 -0.18875284 234 88 12
-0.17951361 0.03907993 -0.19466537 234 88 12
-0.18598393 0.034641036 -0.19393504 234 88 12
-0.19740959 0.021579073 -0.19424612 234 88 12
-0.20922726 -0.0010289121 -0.19832356 234 88 12
-0.22074674 -0.031372058 -0.20594075 234 88 12
-0.22617118 -0.049481063 -0.21058723 234 88 12
-0.21367029 -0.012428856 -0.20374778 234 88 12
-0.21945565 -0.029195404 -0.20831433 234 88 12
-0.2218129 -0.036884263 -0.21024936 234 88 12
-0.20603575 0.0025956292 -0.2032518 234 88 12
-0.21038328 -0.0060467637 -0.20510392 234 88 12
0.031680888 0.047994499 -0.26312759 234 88 12
-0.1308358 0.049408852 -0.21232647 234 88 12
-0.21366676 -0.015314073 -0.21042306 234 88 12
-0.21610049 -0.022429957 -0.21224786 234 88 12
-0.16078141 0.044423346 -0.20895091 234 88 12
-0.19517707 0.019893205 -0.20627345 234 88 12
-0.15693635 0.044915683 -0.21245813 234 88 12
-0.20346831 0.0040082159 -0.21157452 234 88 12
-0.21275781 -0.015887282 -0.21638426 234 88 12
-0.2151675 -0.023132486 -0.21839412 234 88 12
-0.18788221 0.027137996 -0.21177173 234 88 12
-0.21145132 -0.013814621 -0.21869296 234 88 12
-0.21632919 -0.028454906 -0.22265732 234 88 12
-0.15214292 0.044967418 -0.2191763 234 88 12
-0.21588081 -0.028755804 -0.22557438 234 88 12
-0.21302978 -0.021480014 -0.22656111 234 88 12
-0.14348212 0.045330319 -0.22986378 234 88 12
-0.19741029 0.0097076453 -0.22525047 234 88 12
-0.20123574 0.0031517496 -0.2263039 234 88 12
-0.21210972 -0.022122833 -0.23250641 234 88 12
-0.21373879 -0.02714231 -0.23393673 234 88 12
-0.2152977 -0.03233679 -0.23514802 234 88 12
-0.20718372 -0.010648268 -0.23243713 234 88 12
-0.21077007 -0.020072625 -0.23478765 234 88 12
-0.13972964 0.044013611 -0.2367965 234 88 12
-0.2182695 -0.046169039 -0.24430487 234 88 12
-0.1540109 0.040750409 -0.2370264 234 88 12
-0.21139307 -0.025949042 -0.24213256 234 88 12
-0.1969051 0.0031047013 -0.24142209 234 88 12
-0.20158514 -0.0058144638 -0.2431117 234 88 12
-0.16222336 0.034154263 -0.24491779 234 88 12
-0.20946978 -0.027609018 -0.25118217 234 88 12
-0.15635543 0.035552245 -0.24885448 234 88 12
-0.17765946 0.023326625 -0.24667572 234 88 12
-0.19645355 -0.0042125782 -0.25218486 234 88 12
-0.20702474 -0.026767884 -0.25686325 234 88 12
-0.15675968 0.032829251 -0.25507325 234 88 12
-0.1731662 0.023089022 -0.25357319 234 88 12
-0.14487597 0.036875664 -0.25998397 234 88 12
-0.16045913 0.029151012 -0.2579806 234 88 12
-0.19009656 -0.00023406083 -0.25861796 234 88 12
-0.19141957 -0.0025190953 -0.25885664 234 88 12
-0.19643611 -0.011159287 -0.26015184 234 88 12
-0.14642195 0.034912709 -0.26294363 234 88 12
-0.17027524 0.020808042 -0.26071738 234 88 12
-0.18426426 0.0049892791 -0.26171314 234 88 12
-0.15032317 0.031378053 -0.26579645 234 88 12
-0.14891908 0.030242114 -0.26941082 234 88 12
-0.15869613 0.024397015 -0.2680618 234 88 12
-0.19156022 -0.022110778 -0.28461498 234 88 12
-0.18109411 -0.014614158 -0.29345608 234 88 12
-0.17485879 -0.0096589191 -0.29665208 234 88 12
-0.15801559 0.0039962447 -0.30064298 234 88 12
-0.17209845 -0.0083941119 -0.29987747 234 88 12
-0.17802804 -0.015512362 -0.30571765 234 88 12
0.067282464 0.0667366 0.49636479 234 88 12
0.077914701 0.065288514 0.48730206 234 88 12
0.072656281 0.066250508 0.48841545 234 88 12
0.064737169 0.067830926 0.486593 234 88 12
0.053937559 0.069233389 0.48909564 234 88 12
0.053863666 0.069155723 0.48266928 234 88 12
0.072978991 0.067227204 0.4745279 234 88 12
0.064849568 0.068127766 0.47658759 234 88 12
-0.005381113 0.074053359 0.49656097 234 88 12
-0.03272352 0.074607849 0.50506922 234 88 12
-0.020142176 0.074620235 0.49773029 234 88 12
-0.035647693 0.074699295 0.50254509 234 88 12
0.062058997 0.068626543 0.46742843 234 88 12
0.0005711134 0.073569632 0.48515787 234 88 12
-0.03219762 0.074886215 0.49463507 234 88 12
0.059278049 0.068871512 0.46497296 234 88 12
-0.0023450183 0.073626328 0.48282248 234 88 12
-0.05388231 0.074572506 0.49793644 234 88 12
0.07345659 0.068578822 0.45728477 234 88 12
0.039783483 0.070020509 0.46798164 234 88 12
0.092850915 0.066795762 0.44903369 234 88 12
-0.050433511 0.074931221 0.4900405 234 88 12
0.025939207 0.071144941 0.46566547 234 88 12
0.0004146085 0.07309306 0.47260007 234 88 12
-0.011249511 0.07378239 0.4759094 234 88 12
-0.029005961 0.074696742 0.48065035 234 88 12
-0.062599257 0.074518112 0.4903824 234 88 12
0.051171859 0.070020467 0.45440583 234 88 12
0.0090005503 0.072498517 0.467006 234 88 12
-0.00254549 0.073159056 0.47027268 234 88 12
0.054144076 0.070322522 0.44996803 234 88 12
0.039844012 0.070433097 0.45486143 234 88 12
0.034255732 0.070698742 0.45662332 234 88 12
0.020385237 0.071732402 0.46058916 234 88 12
-0.0622861 0.074743472 0.48338848 234 88 12
0.068956981 0.071033774 0.44111375 234 88 12
0.051323041 0.070615392 0.44748688 234 88 12
-0.023269761 0.074146232 0.46940188 234 88 12
-0.02916355 0.074450901 0.47094739 234 88 12
0.072062806 0.071492301 0.43644317 234 88 12
0.037218201 0.071026458 0.44881316 234 88 12
-0.0086302419 0.073212712 0.46231906 234 88 12
-0.06522973 0.074609581 0.47747031 234 88 12
0.014881447 0.072372156 0.45198551 234 88 12
-0.053068382 0.07480281 0.47081718 234 88 12
-0.065151758 0.074532837 0.47416726 234 88 12
0.05765247 0.071839776 0.43447459 234 88 12
0.048774655 0.071490684 0.4377871 234 88 12
0.081371021 0.07262963 0.42278848 234 88 12
-0.026460106 0.073627336 0.45758181 234 88 12
-0.056037496 0.074502988 0.46527567 234 88 12
0.029541561 0.072356 0.43741674 234 88 12
0.026751423 0.07246064 0.43819837 234 88 12
-0.047163302 0.074213132 0.45974364 234 88 12
-0.074253687 0.073617775 0.46709175 234 88 12
-0.092971015 0.072059241 0.47232771 234 88 12
-0.1024585 0.071198392 0.475216 234 88 12
0.012384734 0.072841174 0.43927491 234 88 12
-0.038249232 0.073762255 0.45425033 234 88 12
-0.041240264 0.073854414 0.45501854 234 88 12
-0.086641702 0.072543439 0.46720306 234 88 12
0.018467859 0.072991338 0.43386346 234 88 12
-0.0027325368 0.072446737 0.4410103 234 88 12
-0.068062 0.073611775 0.45906016 234 88 12
-0.11167833 0.070496732 0.47123502 234 88 12
0.093069914 0.073011618 0.40632526 234 88 12
0.079468816 0.074400129 0.40929559 234 88 12
0.067572858 0.07406817 0.41312969 234 88 12
0.044003787 0.072952245 0.42216619 234 88 12
0.024523694 0.073189747 0.42851195 234 88 12
0.018661815 0.073155906 0.43042169 234 88 12
-0.014632532 0.072498775 0.44130397 234 88 12
-0.074111848 0.073169242 0.45749479 234 88 12
-0.083329162 0.07268417 0.45984813 234 88 12
-0.086427258 0.072496069 0.4607253 234 88 12
0.085368546 0.074511048 0.40424768 234 88 12
0.041527899 0.073312213 0.41957544 234 88 12
-0.098460586 0.071719141 0.46075649 234 88 12
0.093571731 0.073765536 0.39941407 234 88 12
0.074414294 0.075530016 0.40044586 234 88 12
0.039451023 0.074124788 0.4131359 234 88 12
-0.023185726 0.072436002 0.43411563 234 88 12
0.03978499 0.074541036 0.40944413 234 88 12
0.037034783 0.074561924 0.41037719 234 88 12
-0.0022808768 0.072277233 0.42452052 234 88 12
-0.029016371 0.072465421 0.43254789 234 88 12
-0.10064229 0.072038075 0.45090863 234 88 12
0.037375218 0.075026612 0.40667977 234 88 12
-0.10340177 0.072132324 0.44800465 234 88 12
0.0071849716 0.073085298 0.41452108 234 88 12
-0.1156814 0.071605254 0.44784976 234 88 12
0.038130851 0.076027179 0.39914516 234 88 12
-0.02558322 0.072551017 0.42140736 234 88 12
-0.028634401 0.07252453 0.42234415 234 88 12
-0.064123532 0.073065131 0.43167865 234 88 12
-0.072867857 0.073156178 0.43359412 234 88 12
0.013968072 0.074509213 0.40482987 234 88 12
-0.081374016 0.073468273 0.43172641 234 88 12
0.089756749 0.07704527 0.37631794 234 88 12
-0.10162075 0.073678124 0.43283741 234 88 12
0.039339916 0.07764955 0.38789681 234 88 12
-0.051768382 0.073146451 0.41846046 234 88 12
0.033983969 0.078098185 0.38608631 234 88 12
-0.012564512 0.07336941 0.40333984 234 88 12
-0.085985986 0.074499917 0.42194604 234 88 12
-0.094672069 0.074664478 0.42370405 234 88 12
0.092790317 0.077393125 0.36631968 234 88 12
0.079237334 0.078630989 0.36871289 234 88 12
0.037241263 0.078703763 0.38130619 234 88 12
0.092908858 0.077642055 0.36324461 234 88 12
0.064955566 0.078946436 0.36931486 234 88 12
-0.026983958 0.074004802 0.40068663 234 88 12
0.046246726 0.079653029 0.37142185 234 88 12
-0.0035543562 0.074016792 0.3904082 234 88 12
-0.014683046 0.074349672 0.39333671 234 88 12
-0.050654656 0.074153523 0.40420426 234 88 12
0.098217643 0.077161761 0.35646959 234 88 12
0.079727068 0.079433749 0.35914146 234 88 12
0.076875436 0.079500234 0.3597483 234 88 12
0.065465032 0.079652684 0.36249982 234 88 12
-0.032374866 0.074631353 0.3954574 234 88 12
-0.087160471 0.076098434 0.40820378 234 88 12
0.098381384 0.077427453 0.35333366 234 88 12
-0.058568437 0.075000778 0.39950401 234 88 12
0.022917583 0.079441141 0.36950225 234 88 12
-0.0026699441 0.075084621 0.37987604 234 88 12
-0.0081488029 0.07522548 0.38143142 234 88 12
-0.010888818 0.075365213 0.38210651 234 88 12
-0.097538721 0.077341607 0.40316829 234 88 12
-0.10353675 0.07735188 0.40431352 234 88 12
0.039277343 0.081710322 0.35986856 234 88 12
-0.007878073 0.075604528 0.37790257 234 88 12
-0.016265928 0.075870787 0.37998019 234 88 12
-0.0400884 0.075589791 0.38761664 234 88 12
-0.077395243 0.076830058 0.39661508 234 88 12
0.033637887 0.081939348 0.35845479 234 88 12
-0.051492615 0.076084742 0.38737131 234 88 12
-0.060186325 0.076285915 0.38978915 234 88 12
-0.11165991 0.078314165 0.399007 234 88 12
0.061466536 0.081893863 0.34740054 234 88 12
0.048188558 0.082614348 0.35045389 234 88 12
-0.042326623 0.076359663 0.38134304 234 88 12
-0.056929882 0.07661387 0.38539524 234 88 12
0.045741011 0.083135046 0.34768256 234 88 12
0.064658462 0.082547274 0.34008041 234 88 12
0.040354972 0.083493557 0.34598869 234 88 12
0.013739411 0.078802866 0.356361 234 88 12
-0.04455544 0.077170214 0.37493137 234 88 12
-0.081051884 0.079062717 0.38310319 234 88 12
-0.10393978 0.079938653 0.3870329 234 88 12
0.075833734 0.082351413 0.33454243 234 88 12
0.059576841 0.083248365 0.33794118 234 88 12
0.056931128 0.083414791 0.33854139 234 88 12
-0.0040359301 0.077208611 0.35966976 234 88 12
-0.055739312 0.077827984 0.37456706 234 88 12
-0.091550915 0.080269337 0.3811252 234 88 12
-0.080210282 0.079897585 0.37584328 234 88 12
-0.085605748 0.080359086 0.37668199 234 88 12
-0.11245923 0.08060355 0.38188935 234 88 12
0.0076360707 0.078292166 0.34935306 234 88 12
-0.026230786 0.078055677 0.3594011 234 88 12
-0.034830727 0.078075604 0.36193695 234 88 12
-0.085182898 0.080773845 0.37312838 234 88 12
0.099986386 0.080268238 0.3220821 234 88 12
0.092427301 0.081667143 0.32259262 234 88 12
-0.057562647 0.079029621 0.36458335 234 88 12
-0.037215656 0.078705484 0.35590888 234 88 12
0.100332 0.080903773 0.3130012 234 88 12
-0.056364105 0.08021872 0.35067497 234 88 12
0.0048051579 0.078387592 0.33191427 234 88 12
-0.011747493 0.078272529 0.3366457 234 88 12
-0.014399673 0.078439141 0.33716843 234 88 12
-0.053220021 0.080370251 0.346546 234 88 12
-0.088552173 0.083247933 0.35284157 234 88 12
-0.10362533 0.083404845 0.35605749 234 88 12
0.053132567 0.086297868 0.31084327 234 88 12
-0.050093865 0.080525465 0.34243214 234 88 12
-0.069392658 0.081707179 0.34677098 234 88 12
0.025202316 0.083135184 0.31693791 234 88 12
0.014451824 0.080284315 0.32147469 234 88 12
0.011068429 0.079565274 0.32297405 234 88 12
0.10841916 0.080333312 0.29746619 234 88 12
0.085385367 0.084371797 0.29897268 234 88 12
0.082750943 0.084624554 0.29934707 234 88 12
0.069539323 0.085882938 0.30152513 234 88 12
-0.065880977 0.082143743 0.33612588 234 88 12
0.056535349 0.087401366 0.29771631 234 88 12
-0.016826239 0.078699667 0.319487 234 88 12
-0.073405192 0.083191667 0.33094065 234 88 12
-0.078724103 0.083686798 0.33162389 234 88 12
-0.095803819 0.084462068 0.33447519 234 88 12
0.014178008 0.079977595 0.30679687 234 88 12
-0.0062750878 0.078063156 0.31413828 234 88 12
-0.016808837 0.078610605 0.31655478 234 88 12
0.088516359 0.085080176 0.28346652 234 88 12
0.072826316 0.086810762 0.28585418 234 88 12
0.032053243 0.084753277 0.29662703 234 88 12
-0.011549639 0.078214087 0.31247538 234 88 12
-0.032544438 0.0799828 0.31653992 234 88 12
-0.062415759 0.082252165 0.32295154 234 88 12
-0.10163195 0.084376952 0.32972807 234 88 12
0.05978472 0.088064499 0.28506013 234 88 12
-0.03253028 0.079878206 0.31362284 234 88 12
0.078176018 0.086680014 0.27887542 234 88 12
-0.13377287 0.086380161 0.32907942 234 88 12
0.10634611 0.082050164 0.27338879 234 88 12
0.045569741 0.08806987 0.28305375 234 88 12
-0.045903769 0.080863934 0.31076849 234 88 12
-0.095126068 0.084170187 0.31939076 234 88 12
-0.10115987 0.084130059 0.32073916 234 88 12
0.12319688 0.076472728 0.27079815 234 88 12
0.098942661 0.083870897 0.27057949 234 88 12
0.070628898 0.088053264 0.27381983 234 88 12
-0.022056811 0.078552079 0.30338955 234 88 12
-0.027285351 0.07899567 0.30431178 234 88 12
-0.061927568 0.082051985 0.31118124 234 88 12
-0.086163435 0.083992433 0.31473497 234 88 12
-0.10713569 0.083901891 0.31914077 234 88 12
-0.05917611 0.081709184 0.30797675 234 88 12
-0.077746835 0.08350059 0.31064583 234 88 12
-0.048422148 0.080673272 0.30297228 234 88 12
-0.10674492 0.083750453 0.31342173 234 88 12
-0.061580605 0.081845866 0.30268665 234 88 12
-0.097426782 0.083816847 0.30860232 234 88 12
-0.12684505 0.085515935 0.31372239 234 88 12
0.081236863 0.087657326 0.26016131 234 88 12
0.031646924 0.084522749 0.27424969 234 88 12
-0.032414946 0.078947272 0.2943694 234 88 12
-0.10024162 0.083739904 0.30638109 234 88 12
-0.12942369 0.086005634 0.31116307 234 88 12
0.13228326 0.071849325 0.25730065 234 88 12
0.12052582 0.077499357 0.25607733 234 88 12
0.076311122 0.088736291 0.25791052 234 88 12
0.05287728 0.090766745 0.26302884 234 88 12
-0.014089251 0.077145221 0.28814724 234 88 12
-0.027168988 0.07829495 0.2907065 234 88 12
-0.10911949 0.083638682 0.30543721 234 88 12
0.076412531 0.089003448 0.25492448 234 88 12
0.0099014056 0.077082255 0.27863766 234 88 12
-0.006457972 0.076446486 0.28376386 234 88 12
-0.050779566 0.080462835 0.29248984 234 88 12
-0.074431113 0.083102511 0.29609119 234 88 12
-0.091067681 0.083700464 0.29899138 234 88 12
-0.1176854 0.084169427 0.30419305 234 88 12
-0.014068211 0.076915015 0.28274364 234 88 12
-0.032321215 0.07856424 0.28637757 234 88 12
-0.077001468 0.083226552 0.29373833 234 88 12
-0.079720342 0.083378258 0.2941507 234 88 12
-0.12031276 0.084562341 0.30182119 234 88 12
0.032261076 0.085719645 0.26251402 234 88 12
-0.027037654 0.077918472 0.28273695 234 88 12
-0.066181923 0.082253036 0.28938729 234 88 12
-0.12010848 0.084642777 0.29907039 234 88 12
-0.1463816 0.089290962 0.3014191 234 88 12
0.064532948 0.092002215 0.24782549 234 88 12
0.062049107 0.092324167 0.24827746 234 88 12
0.013230335 0.077794611 0.26919612 234 88 12
0.009984564 0.077125971 0.270577 234 88 12
-0.019248578 0.077062532 0.2786893 234 88 12
-0.029621846 0.078033979 0.28069277 234 88 12
-0.047869346 0.079874341 0.28406776 234 88 12
-0.12832834 0.08609863 0.29705527 234 88 12
0.10133507 0.084226194 0.24067713 234 88 12
0.098907392 0.084902937 0.24069245 234 88 12
0.016776915 0.078951194 0.26459954 234 88 12
-0.034787039 0.078384527 0.27903814 234 88 12
-0.099024909 0.08400325 0.28942699 234 88 12
0.12961248 0.072881158 0.23958465 234 88 12
0.10131812 0.084372386 0.23472212 234 88 12
0.074602986 0.091297085 0.23699796 234 88 12
0.04572037 0.09390639 0.24365556 234 88 12
-0.011602025 0.076450119 0.26956394 234 88 12
-0.032146376 0.077955983 0.27357835 234 88 12
-0.08447818 0.083608578 0.28145634 234 88 12
-0.12496356 0.085781496 0.28852011 234 88 12
-0.13638313 0.087602412 0.28948278 234 88 12
-0.15236524 0.089992055 0.29109256 234 88 12
0.094046593 0.086594101 0.23207703 234 88 12
0.089162704 0.087894902 0.23241122 234 88 12
-0.084313496 0.08369022 0.27872589 234 88 12
0.10129379 0.084516386 0.22899555 234 88 12
-0.016664063 0.076742936 0.26549028 234 88 12
-0.22715558 0.070393302 0.31494558 234 88 12
0.084491556 0.089716227 0.22687848 234 88 12
-0.021712781 0.07708771 0.26401775 234 88 12
-0.060222495 0.081171649 0.2703491 234 88 12
-0.075788716 0.083216621 0.27202007 234 88 12
-0.01392733 0.076889728 0.25964947 234 88 12
-0.021609819 0.077203085 0.26150855 234 88 12
-0.047262202 0.079606229 0.26630858 234 88 12
-0.067542167 0.082465649 0.26589116 234 88 12
0.1450318 0.061859071 0.22307252 234 88 12
0.14065817 0.065313213 0.22202424 234 88 12
-0.0031592709 0.077900306 0.2506351 234 88 12
-0.021342732 0.077692708 0.25632095 234 88 12
-0.044416446 0.079542499 0.26090616 234 88 12
-0.069840297 0.083151031 0.26342435 234 88 12
0.12012721 0.077284751 0.21588814 234 88 12
-0.082274862 0.085627864 0.26170024 234 88 12
-0.090101652 0.086653476 0.26250246 234 88 12
-0.14777001 0.089337866 0.27139397 234 88 12
0.13615002 0.068382551 0.21553938 234 88 12
0.11071672 0.081395662 0.21231431 234 88 12
0.098994547 0.086054701 0.20640791 234 88 12
-0.20877416 0.07104766 0.28584267 234 88 12
0.1382346 0.066593869 0.20791344 234 88 12
0.12925461 0.072264187 0.2062065 234 88 12
0.12001168 0.077103264 0.20497256 234 88 12
-0.075247431 0.087340748 0.24932802 234 88 12
-0.21584765 0.070375439 0.28220562 234 88 12
0.13583627 0.067795446 0.20203373 234 88 12
0.13137506 0.070648682 0.2012262 234 88 12
0.1128153 0.080022865 0.19914803 234 88 12
0.14652143 0.059303725 0.20180213 234 88 12
0.14443013 0.061106594 0.20126905 234 88 12
-0.028296236 0.085521719 0.23315073 234 88 12
0.13326573 0.068689261 0.19374435 234 88 12
0.15014344 0.054896492 0.19526742 234 88 12
0.12171538 0.074841455 0.18687444 234 88 12
-0.20843956 0.069033521 0.26408276 234 88 12
-0.21873811 0.068915013 0.26351568 234 88 12
-0.22197861 0.068998527 0.26424726 234 88 12
-0.23139567 0.069384545 0.26592934 234 88 12
0.14560016 0.058182257 0.18620538 234 88 12
0.13277049 0.067971918 0.18324091 234 88 12
0.13054505 0.069403651 0.18287907 234 88 12
0.023435815 0.10747225 0.18749608 234 88 12
0.13265066 0.067843573 0.18067887 234 88 12
0.12591131 0.071971364 0.17960727 234 88 12
0.040182575 0.10804292 0.18013566 234 88 12
-0.23117647 0.069088206 0.26020612 234 88 12
0.12580962 0.071848238 0.17694708 234 88 12
-0.22493494 0.068615193 0.25634505 234 88 12
-0.20458815 0.067819136 0.24957473 234 88 12
-0.22790182 0.068616153 0.25390667 234 88 12
0.12321256 0.072860608 0.17148044 234 88 12
0.038028344 0.10894448 0.17250413 234 88 12
0.024909121 0.10958433 0.17528914 234 88 12
-0.20068507 0.0676389 0.24601581 234 88 12
-0.2045154 0.06757449 0.24676643 234 88 12
0.017032908 0.11016927 0.17474566 234 88 12
0.12062968 0.073848212 0.16607542 234 88 12
0.040812934 0.1090157 0.16664366 234 88 12
0.0041864429 0.111144 0.17514729 234 88 12
0.057672895 0.10531869 0.16170272 234 88 12
-0.21785192 0.067473287 0.24088696 234 88 12
-0.0031740503 0.11228815 0.1713089 234 88 12
-0.021095163 0.11340526 0.17279506 234 88 12
0.0075609439 0.11227452 0.16347414 234 88 12
-0.0053543204 0.11315274 0.16615821 234 88 12
-0.055570501 0.11522686 0.17725338 234 88 12
0.13544299 0.063813878 0.15553528 234 88 12
-0.052425379 0.11572188 0.17343886 234 88 12
-0.20344714 0.06630819 0.22685421 234 88 12
0.14155638 0.058990215 0.15398017 234 88 12
0.05541431 0.10651566 0.14837452 234 88 12
0.050779608 0.10786878 0.14883439 234 88 12
0.043464259 0.10935364 0.15000726 234 88 12
0.015406755 0.11205566 0.15630173 234 88 12
0.13300124 0.065266559 0.14977535 234 88 12
0.11258736 0.076449903 0.14808258 234 88 12
0.045962494 0.10902707 0.14693742 234 88 12
0.010363415 0.11260534 0.1549708 234 88 12
0.0026336263 0.11318012 0.15682596 234 88 12
-0.049113013 0.1166664 0.1674785 234 88 12
-0.0049951185 0.11401262 0.1559306 234 88 12
-0.03832891 0.11644981 0.16281618 234 88 12
-0.072510252 0.11967586 0.1684793 234 88 12
-0.097710658 0.1242784 0.17157567 234 88 12
0.048438793 0.10879469 0.14121068 234 88 12
-0.094964269 0.12421037 0.16834397 234 88 12
0.053197871 0.10774189 0.13790327 234 88 12
-0.072006096 0.12065364 0.16284455 234 88 12
-0.077095533 0.12137394 0.16346718 234 88 12
-0.082259721 0.12217439 0.16402133 234 88 12
-0.1022674 0.12626459 0.16619456 234 88 12
0.046003512 0.1094317 0.13622462 234 88 12
0.041046584 0.11021476 0.13721022 234 88 12
-0.084534369 0.1229908 0.16148722 234 88 12
0.10968876 0.077193907 0.13516958 234 88 12
0.048442885 0.10903569 0.13320014 234 88 12
0.0029055233 0.11392031 0.14323859 234 88 12
-0.05858386 0.11968107 0.15539633 234 88 12
-0.069004558 0.1209911 0.15691809 234 88 12
-0.086853532 0.12378595 0.1589379 234 88 12
0.13858262 0.060557772 0.1352167 234 88 12
0.060000306 0.10567639 0.12937269 234 88 12
0.045968173 0.1095307 0.13093769 234 88 12
0.010628585 0.11333482 0.13889126 234 88 12
-0.055834719 0.11966226 0.15217596 234 88 12
-0.066229242 0.12093749 0.15383584 234 88 12
0.11183161 0.076260938 0.12994872 234 88 12
0.045937607 0.10954998 0.12826918 234 88 12
0.038433528 0.11067189 0.1296467 234 88 12
0.033383076 0.11125944 0.13071836 234 88 12
0.025799089 0.11199136 0.13239429 234 88 12
-0.015074078 0.11568097 0.14211233 234 88 12
-0.055713307 0.11990717 0.14944804 234 88 12
-0.22253292 0.066143688 0.20466712 234 88 12
0.11631857 0.074159441 0.12746493 234 88 12
-0.012518793 0.11549098 0.13877718 234 88 12
-0.022626862 0.11658587 0.14107134 234 88 12
0.11158591 0.076178307 0.12478905 234 88 12
0.020707049 0.11246929 0.12840152 234 88 12
-0.025104135 0.11693678 0.1388184 234 88 12
-0.065923278 0.12160994 0.14543325 234 88 12
0.064179068 0.10389905 0.11869969 234 88 12
0.055387977 0.10729916 0.11922796 234 88 12
0.033274537 0.11124015 0.12270772 234 88 12
-0.027572759 0.11731589 0.13651382 234 88 12
-0.063265976 0.1214359 0.14225076 234 88 12
-0.10682846 0.12809169 0.14756057 234 88 12
0.13793189 0.060409632 0.12212106 234 88 12
0.0080212095 0.11369842 0.12620954 234 88 12
-0.020054996 0.11648374 0.1323655 234 88 12
-0.070899084 0.1226441 0.14050075 234 88 12
-0.11241456 0.12893614 0.14542435 234 88 12
-0.0098586353 0.11543893 0.12740859 234 88 12
-0.01495196 0.11596819 0.12855942 234 88 12
-0.022529009 0.11684733 0.13017985 234 88 12
-0.030018356 0.11774891 0.13147944 234 88 12
-0.057883782 0.12109648 0.13590016 234 88 12
-0.081020027 0.12422777 0.13907389 234 88 12
-0.10682901 0.12813942 0.142113 234 88 12
0.13346928 0.063336205 0.11626893 234 88 12
0.059873922 0.10580464 0.11084282 234 88 12
0.0529504 0.10797687 0.11145166 234 88 12
-0.017452973 0.11628009 0.12643923 234 88 12
-0.065559902 0.12223546 0.13419086 234 88 12
0.14384185 0.055398577 0.1158349 234 88 12
0.062047413 0.10494781 0.10815081 234 88 12
0.043120902 0.10989359 0.11036162 234 88 12
0.040630162 0.11024779 0.1108294 234 88 12
0.0080299444 0.11373721 0.11820707 234 88 12
-0.022472712 0.11694392 0.12469121 234 88 12
-0.03246066 0.11818432 0.12641872 234 88 12
-0.055204934 0.12098877 0.13002986 234 88 12
-0.083329396 0.1248361 0.13397623 234 88 12
-0.0098645076 0.11548265 0.11949753 234 88 12
-0.012401449 0.11575784 0.11999962 234 88 12
-0.017423223 0.11634767 0.12102219 234 88 12
-0.022449156 0.1169723 0.12197045 234 88 12
-0.037464105 0.11887408 0.12442371 234 88 12
0.13098847 0.064574209 0.10824668 234 88 12
0.047969648 0.10896113 0.10435804 234 88 12
-0.057621909 0.12150016 0.12486296 234 88 12
-0.070411638 0.12330702 0.12669021 234 88 12
0.1373642 0.060105734 0.10672894 234 88 12
0.13305521 0.063078088 0.10603119 234 88 12
0.11321019 0.074632199 0.10411827 234 88 12
0.05033396 0.1083787 0.1013601 234 88 12
0.032944184 0.11095029 0.10473289 234 88 12
0.027921099 0.11151841 0.10590332 234 88 12
-0.0048662683 0.11490071 0.11306079 234 88 12
-0.04246618 0.11953591 0.11970129 234 88 12
-0.057564155 0.12156193 0.12204415 234 88 12
-0.21385101 0.066610658 0.17346491 234 88 12
0.0026784156 0.1140653 0.10871285 234 88 12
-0.017543972 0.11628035 0.11283123 234 88 12
-0.017620674 0.11616991 0.11017658 234 88 12
-0.025004271 0.11714533 0.11146361 234 88 12
-0.10106038 0.12778657 0.12246998 234 88 12
0.064029939 0.10365518 0.092595889 234 88 12
0.009988639 0.1129376 0.1018572 234 88 12
-0.0052127078 0.11456832 0.10501756 234 88 12
-0.035055489 0.11833688 0.1103512 234 88 12
-0.042502402 0.11938012 0.11149494 234 88 12
-0.06255336 0.12227827 0.11466269 234 88 12
-0.065094945 0.12265817 0.11506334 234 88 12
-0.095800066 0.12707657 0.11907102 234 88 12
-0.098392639 0.12741111 0.11943965 234 88 12
0.13913007 0.058104767 0.097132509 234 88 12
0.052239054 0.10713262 0.090975592 234 88 12
0.047343627 0.10812189 0.091744958 234 88 12
0.034879821 0.10990712 0.094124557 234 88 12
0.022338143 0.11126643 0.096685836 234 88 12
-0.07527375 0.12418328 0.11362998 234 88 12
0.13039178 0.063875104 0.093189598 234 88 12
0.047122767 0.10783349 0.089285238 234 88 12
0.012102049 0.11208386 0.096341658 234 88 12
0.14704905 0.050980157 0.094009476 234 88 12
0.024368637 0.11033106 0.091278379 234 88 12
0.01937554 0.11086711 0.092386473 234 88 12
-0.075235717 0.12395082 0.10824672 234 88 12
-0.10083071 0.12782636 0.11179051 234 88 12
0.0041644425 0.1123143 0.093016059 234 88 12
-0.00084297154 0.11288885 0.093987527 234 88 12
-0.018229913 0.11497778 0.09722562 234 88 12
-0.10079 0.12782534 0.10902459 234 88 12
0.051368579 0.10579863 0.081251281 234 88 12
0.038869685 0.10795344 0.083380171 234 88 12
0.018916164 0.11013182 0.087496493 234 88 12
0.0037323559 0.1116015 0.087964198 234 88 12
-0.11710395 0.13088314 0.10534304 234 88 12
0.1340148 0.059924454 0.081365786 234 88 12
0.035849151 0.10738975 0.079151619 234 88 12
0.028361266 0.1081482 0.080641874 234 88 12
-0.047885346 0.11854551 0.093882061 234 88 12
0.14028753 0.055123301 0.080034922 234 88 12
0.015720453 0.10913325 0.080800394 234 88 12
-0.0041061404 0.11174366 0.084431882 234 88 12
-0.077706593 0.12357506 0.095439277 234 88 12
0.13801028 0.056447056 0.077277928 234 88 12
0.045244376 0.10503312 0.072605218 234 88 12
-0.014136065 0.11258462 0.08386346 234 88 12
-0.038352253 0.11627008 0.087366515 234 88 12
-0.11408391 0.13066934 0.096739467 234 88 12
-0.22394353 0.068553207 0.14220376 234 88 12
0.13569917 0.05767984 0.074529865 234 88 12
-0.09033967 0.1254851 0.091595902 234 88 12
-0.095407892 0.12640629 0.092101076 234 88 12
-0.21386612 0.068213289 0.1368205 234 88 12
0.12445572 0.064238939 0.070795185 234 88 12
0.04954694 0.10310522 0.067195911 234 88 12
0.029729207 0.10597535 0.070828012 234 88 12
0.01000262 0.10837541 0.07470274 234 88 12
-0.028922223 0.11391205 0.081088891 234 88 12
-0.21361346 0.068287286 0.13394913 234 88 12
0.1375323 0.055666896 0.069901814 234 88 12
0.12202395 0.065167701 0.068152648 234 88 12
0.11072807 0.070626133 0.067771852 234 88 12
0.054108788 0.10149197 0.064246425 234 88 12
0.029420719 0.10541385 0.068472047 234 88 12
0.017117665 0.10688837 0.070977906 234 88 12
-0.017123398 0.11165655 0.076802856 234 88 12
-0.024305845 0.1127023 0.077965114 234 88 12
-0.055728653 0.11813544 0.082253955 234 88 12
-0.075342552 0.12205548 0.08473819 234 88 12
0.14572113 0.048917646 0.068985656 234 88 12
0.05127909 0.10137315 0.062283718 234 88 12
0.0070192845 0.10754085 0.070444255 234 88 12
-0.010102198 0.1100575 0.073276765 234 88 12
-0.075420132 0.12169766 0.082203368 234 88 12
-0.10859549 0.12889364 0.085738871 234 88 12
-0.21633986 0.068689053 0.12888419 234 88 12
0.036053159 0.10306847 0.062448584 234 88 12
0.026213798 0.10431896 0.064286892 234 88 12
-0.085511653 0.12338333 0.080541655 234 88 12
0.14559855 0.048455926 0.064049666 234 88 12
0.14131367 0.051749397 0.063163349 234 88 12
0.030707334 0.10289234 0.061120067 234 88 12
0.023352188 0.10381563 0.062491063 234 88 12
-0.00095640494 0.10713273 0.067087053 234 88 12
-0.024992363 0.11088361 0.070813164 234 88 12
-0.098200713 0.12554149 0.079547817 234 88 12
0.020502722 0.1032386 0.060769125 234 88 12
-0.027677589 0.11049081 0.068783641 234 88 12
-0.03953062 0.11251229 0.070345591 234 88 12
-0.046738814 0.11384253 0.071117205 234 88 12
-0.068535411 0.11851063 0.073992828 234 88 12
0.012753471 0.10325129 0.060005084 234 88 12
-0.023306006 0.10889775 0.065918152 234 88 12
0.13628873 0.053833974 0.055127083 234 88 12
0.12730849 0.059213235 0.054305685 234 88 12
-0.0092727443 0.10563972 0.061471497 234 88 12
-0.030663034 0.10924129 0.064541007 234 88 12
-0.061753072 0.11541952 0.068405361 234 88 12
-0.06417739 0.11599377 0.068644596 234 88 12
-0.20481776 0.068458344 0.11186458 234 88 12
-8.2870779e-05 0.10316287 0.057682674 234 88 12
-0.031009443 0.10835821 0.062347952 234 88 12
-0.11511042 0.12742226 0.070549358 234 88 12
-0.21431516 0.069188776 0.11144023 234 88 12
0.14447472 0.046986847 0.051498881 234 88 12
0.13803512 0.051680499 0.050458973 234 88 12
0.13132492 0.055833725 0.049947664 234 88 12
0.11540121 0.064026175 0.048893378 234 88 12
0.018569329 0.099258118 0.052078798 234 88 12
0.01134719 0.10025554 0.053440405 234 88 12
-0.031373562 0.10743443 0.06011092 234 88 12
-0.036062464 0.1083 0.060646844 234 88 12
-0.043118692 0.10963102 0.061554606 234 88 12
-0.055140179 0.11209094 0.062936887 234 88 12
0.13104962 0.055441579 0.04756053 234 88 12
0.027697821 0.096910722 0.048043499 234 88 12
-0.0033899701 0.10143385 0.053746856 234 88 12
-0.034100367 0.10689054 0.058164824 234 88 12
-0.053073643 0.11062203 0.060362406 234 88 12
0.13753711 0.051008269 0.045569597 234 88 12
0.13305248 0.05374752 0.045265479 234 88 12
0.022321742 0.09634056 0.046859393 234 88 12
-0.029840834 0.10495326 0.055445121 234 88 12
-0.065414017 0.11263743 0.059474231 234 88 12
-0.1130857 0.12499408 0.062857144 234 88 12
-0.20992218 0.069190381 0.10188763 234 88 12
0.14593947 0.044590866 0.044337967 234 88 12
0.03381565 0.093510403 0.042863969 234 88 12
-0.061051653 0.11040375 0.056728088 234 88 12
-0.082543033 0.11619716 0.058542508 234 88 12
-0.099934433 0.12080074 0.059652468 234 88 12
0.12339189 0.057831698 0.039884995 234 88 12
0.11876453 0.060008235 0.039647005 234 88 12
0.035621356 0.091842565 0.040480843 234 88 12
0.013935341 0.094586131 0.04406431 234 88 12
-0.10287283 0.12077927 0.057422192 234 88 12
-0.11088242 0.12300493 0.057923362 234 88 12
0.14331288 0.045745268 0.038860498 234 88 12
-0.024343185 0.099657224 0.047855057 234 88 12
-0.057251362 0.1069453 0.051502519 234 88 12
-0.064365038 0.10880117 0.052286861 234 88 12
-0.10847196 0.12158489 0.055279381 234 88 12
-0.053058022 0.10440808 0.048738387 234 88 12
-0.20455429 0.069704519 0.085838418 234 88 12
-0.087370907 0.1117848 0.046857555 234 88 12
0.1241242 0.054480064 0.027987126 234 88 12
0.13299366 0.049475442 0.025864807 234 88 12
0.13952291 0.045187466 0.023635475 234 88 12
0.070449915 0.06634966 0.00051291156 234 88 12
0.065071648 0.066043356 -0.00096798456 234 88 12
0.062625866 0.066418273 -0.00070449494 234 88 12
0.068933257 0.063152907 -0.0055271947 234 88 12
-0.0048717891 0.069262302 0.0011645515 234 88 12
-0.019873921 0.069919575 0.00097964363 234 88 12
-0.01378092 0.06650479 -0.0061241868 234 88 12
-0.0072098364 0.064055185 -0.01100176 234 88 12
-0.13381173 0.080107282 0.00014073648 234 88 12
0.057723863 0.055736352 -0.020352988 234 88 12
-0.036836731 0.067286261 -0.0097080155 234 88 12
-0.049237147 0.068764802 -0.0083638587 234 88 12
0.10806584 0.043524888 -0.027179662 234 88 12
0.062071935 0.054126529 -0.022918203 234 88 12
0.0042796858 0.061169451 -0.0166944 234 88 12
-0.032312055 0.06600962 -0.012338639 234 88 12
-0.13982234 0.079942383 -0.0040166634 234 88 12
0.075757158 0.051048123 -0.026547607 234 88 12
0.054520381 0.054244024 -0.024081184 234 88 12
-0.0058267677 0.061482216 -0.017606666 234 88 12
-0.13451069 0.078974669 -0.006429279 234 88 12
0.10264588 0.043676455 -0.031332597 234 88 12
0.072999438 0.050599631 -0.028322915 234 88 12
0.015744469 0.058098515 -0.022211833 234 88 12
-0.028113556 0.06385551 -0.017078332 234 88 12
-0.11385615 0.075369035 -0.0097599853 234 88 12
-0.12938441 0.077808893 -0.0087639826 234 88 12
-0.030970411 0.063410917 -0.018811721 234 88 12
-0.045631042 0.065401698 -0.017261611 234 88 12
-0.053174487 0.06629642 -0.016274935 234 88 12
-0.16836716 0.077748155 -0.0075094405 234 88 12
0.036553574 0.053818033 -0.028423876 234 88 12
-0.026422129 0.061886575 -0.021357714 234 88 12
-0.14916532 0.0787633 -0.012509214 234 88 12
-0.16830546 0.077538778 -0.0099358835 234 88 12
0.087861184 0.04517966 -0.036247499 234 88 12
0.062462245 0.049561098 -0.033242419 234 88 12
0.0025333073 0.057037967 -0.026942108 234 88 12
-0.084177067 0.069055143 -0.018109216 234 88 12
-0.08916908 0.069863249 -0.017909505 234 88 12
0.069156396 0.047900006 -0.036212299 234 88 12
0.028641447 0.05304594 -0.031787206 234 88 12
-0.022251043 0.059582929 -0.025898014 234 88 12
-0.037007326 0.061771153 -0.02432811 234 88 12
-0.12502119 0.075009942 -0.017483748 234 88 12
-0.14384042 0.077437952 -0.01722134 234 88 12
0.11473554 0.037403271 -0.043705391 234 88 12
0.01876784 0.053465473 -0.032869119 234 88 12
-0.13046119 0.075275989 -0.019518508 234 88 12
0.095986232 0.041516881 -0.043966973 234 88 12
0.075444667 0.045564429 -0.041357592 234 88 12
-0.0081974099 0.055991222 -0.031738375 234 88 12
-0.040119025 0.060655957 -0.028140472 234 88 12
-0.082271659 0.066905097 -0.024661817 234 88 12
-0.16182702 0.076812767 -0.020391172 234 88 12
0.068286523 0.04608491 -0.042573911 234 88 12
0.020564869 0.051813133 -0.037386211 234 88 12
-0.0010131501 0.054350221 -0.034848155 234 88 12
-0.10766163 0.070493974 -0.024986353 234 88 12
0.07723264 0.044160117 -0.046021076 234 88 12
0.074959403 0.044532219 -0.045750031 234 88 12
-0.06287826 0.062392965 -0.030298731 234 88 12
-0.13098664 0.073683437 -0.026061028 234 88 12
0.10916914 0.037326735 -0.052655022 234 88 12
0.099963215 0.039417323 -0.051464262 234 88 12
0.079338532 0.043369688 -0.048625774 234 88 12
0.06785384 0.045124773 -0.047142742 234 88 12
-0.075389894 0.063857859 -0.031590126 234 88 12
-0.095287811 0.067245645 -0.030304617 234 88 12
0.1089883 0.037112207 -0.055002384 234 88 12
0.090576847 0.041017795 -0.05256685 234 88 12
-0.10043237 0.067555696 -0.032090607 234 88 12
-0.12338204 0.071440136 -0.030650915 234 88 12
0.12485156 0.03242146 -0.058714778 234 88 12
0.097290225 0.039483865 -0.055846213 234 88 12
0.024403883 0.049157691 -0.04645543 234 88 12
0.012401307 0.050365633 -0.045191263 234 88 12
0.00034710989 0.051650853 -0.043634109 234 88 12
-0.0095348742 0.052689918 -0.042334044 234 88 12
-0.046285418 0.057948468 -0.038043986 234 88 12
-0.068419186 0.061380661 -0.036250282 234 88 12
-0.078202389 0.063112208 -0.035651166 234 88 12
-0.10052581 0.067050156 -0.034235982 234 88 12
0.12693521 0.031553978 -0.061169923 234 88 12
0.097150288 0.039348659 -0.058334722 234 88 12
-0.0097830965 0.052151042 -0.044575604 234 88 12
-0.036782783 0.055940524 -0.041418335 234 88 12
-0.13936895 0.07276707 -0.034782705 234 88 12
0.11763778 0.034234537 -0.062786913 234 88 12
0.016782894 0.049006242 -0.050148048 234 88 12
-0.014920138 0.052189251 -0.046218923 234 88 12
-0.044349813 0.056396997 -0.042804477 234 88 12
-0.110843 0.067746632 -0.037874108 234 88 12
0.045504748 0.045961593 -0.055936452 234 88 12
-0.11346103 0.067657193 -0.040029341 234 88 12
-0.12376972 0.069331628 -0.039544491 234 88 12
0.089892675 0.03997118 -0.064522776 234 88 12
0.080694234 0.041409843 -0.063220031 234 88 12
0.0067352931 0.048942337 -0.053668512 234 88 12
-0.0055693085 0.05007244 -0.052154212 234 88 12
-0.049747032 0.055821176 -0.046571692 234 88 12
-0.059517377 0.057376033 -0.045739137 234 88 12
0.10358051 0.037264072 -0.068872007 234 88 12
-0.013214709 0.050266932 -0.053364626 234 88 12
-0.17126552 0.072929239 -0.04227693 234 88 12
0.10802346 0.036011861 -0.071756747 234 88 12
0.049854202 0.044468654 -0.063692287 234 88 12
0.047435236 0.044686101 -0.063337201 234 88 12
0.040163488 0.045338532 -0.062535059 234 88 12
-0.018348677 0.050333923 -0.054880881 234 88 12
-0.042939549 0.053590785 -0.051830724 234 88 12
-0.16218416 0.072389539 -0.045275807 234 88 12
0.030262574 0.045836101 -0.063782578 234 88 12
-0.048053692 0.053777469 -0.053547316 234 88 12
-0.05772972 0.055249466 -0.052507499 234 88 12
-0.13205245 0.068356352 -0.048375162 234 88 12
-0.18687391 0.072430448 -0.045331323 234 88 12
0.12562578 0.03047964 -0.077361223 234 88 12
0.018009621 0.046361158 -0.064585506 234 88 12
-0.069956487 0.056844285 -0.053833158 234 88 12
-0.12700227 0.067000698 -0.050921769 234 88 12
-0.13484122 0.068215394 -0.050568729 234 88 12
-0.14018866 0.069008062 -0.050497311 234 88 12
0.10534738 0.035969001 -0.078467387 234 88 12
0.096199776 0.037767445 -0.077330918 234 88 12
0.09157586 0.038552456 -0.076740518 234 88 12
0.077782896 0.040637899 -0.074848957 234 88 12
0.027543421 0.04533184 -0.068228341 234 88 12
-0.13235495 0.067275393 -0.05296843 234 88 12
-0.14304735 0.068826681 -0.052681868 234 88 12
0.049297368 0.043303909 -0.073504621 234 88 12
-0.0016894603 0.047012546 -0.066899968 234 88 12
0.015129027 0.045495389 -0.071620015 234 88 12
-0.034014794 0.049847224 -0.064643413 234 88 12
-0.065568544 0.054481485 -0.060977154 234 88 12
-0.14333167 0.067735412 -0.057179098 234 88 12
-0.14605326 0.068119352 -0.057110485 234 88 12
0.11836038 0.031910021 -0.086322962 234 88 12
0.10274433 0.035917543 -0.085216194 234 88 12
0.061159459 0.04180088 -0.080076625 234 88 12
0.012565719 0.045349041 -0.073693042 234 88 12
-0.0044395954 0.04655569 -0.07143631 234 88 12
-0.046344563 0.051059321 -0.06532419 234 88 12
-0.048784746 0.051408639 -0.064988309 234 88 12
-0.094750127 0.059185597 -0.061388598 234 88 12
-0.14891665 0.067962123 -0.059347593 234 88 12
-0.16013084 0.069246287 -0.058835385 234 88 12
-0.17197973 0.070000493 -0.058132007 234 88 12
0.12266903 0.030280291 -0.088832194 234 88 12
0.053856918 0.042226977 -0.0815354 234 88 12
0.046591678 0.042814601 -0.080614494 234 88 12
-0.026944243 0.048322879 -0.070317381 234 88 12
-0.053750976 0.051690707 -0.066772328 234 88 12
-0.151816 0.067832654 -0.061601648 234 88 12
-0.19594367 0.071364079 -0.058280225 234 88 12
0.1092332 0.034044613 -0.090493307 234 88 12
0.077354678 0.039672656 -0.087121014 234 88 12
0.0099059383 0.044988235 -0.078282622 234 88 12
-0.01221168 0.046637859 -0.074964838 234 88 12
-0.14923055 0.067020603 -0.063982843 234 88 12
0.10235429 0.035473453 -0.092317802 234 88 12
0.070347332 0.040381664 -0.08877621 234 88 12
-0.0049242295 0.045884553 -0.078666948 234 88 12
-0.051517233 0.050597774 -0.071709689 234 88 12
-0.07320364 0.053927952 -0.069597267 234 88 12
-0.16638704 0.068394668 -0.065358469 234 88 12
-0.16935764 0.068627168 -0.065242268 234 88 12
-0.18140618 0.069431144 -0.06436664 234 88 12
0.088633776 0.037781953 -0.093253955 234 88 12
0.026749524 0.043700571 -0.085752548 234 88 12
0.0023164234 0.045114045 -0.082330024 234 88 12
-0.097777717 0.057782661 -0.070560445 234 88 12
0.09759109 0.036091839 -0.096722148 234 88 12
-0.024966863 0.046958912 -0.080538373 234 88 12
-0.027445341 0.047190357 -0.080094322 234 88 12
-0.046917137 0.049311642 -0.077261499 234 88 12
-0.075873148 0.053487867 -0.074073293 234 88 12
-0.11543651 0.060520746 -0.072047512 234 88 12
-0.13356299 0.063298857 -0.071348993 234 88 12
-0.15527519 0.06636379 -0.070663819 234 88 12
-0.15806091 0.066690144 -0.070538362 234 88 12
0.11112961 0.032718881 -0.10012486 234 88 12
0.060638997 0.040794071 -0.095013383 234 88 12
-0.042167509 0.048419094 -0.080485483 234 88 12
-0.078422283 0.05342004 -0.076217072 234 88 12
-0.11306225 0.059624303 -0.07451782 234 88 12
-0.12074813 0.060801145 -0.074120966 234 88 12
-0.17278737 0.067569872 -0.072093177 234 88 12
-0.18473425 0.068542347 -0.071055089 234 88 12
0.12420006 0.028440475 -0.10290888 234 88 12
0.090635367 0.036891056 -0.10072214 234 88 12
0.043667863 0.041841597 -0.095520406 234 88 12
0.038739683 0.042196724 -0.095035785 234 88 12
0.036275256 0.042387957 -0.094833058 234 88 12
-0.061681764 0.050306506 -0.080079041 234 88 12
-0.071331085 0.051785337 -0.079192283 234 88 12
0.11093544 0.032254031 -0.10466511 234 88 12
0.069865678 0.039404217 -0.10104898 234 88 12
-0.03515268 0.046926242 -0.086320477 234 88 12
-0.064220858 0.050236902 -0.082268276 234 88 12
-0.066668692 0.050591106 -0.082006061 234 88 12
-0.1448293 0.063450579 -0.078193927 234 88 12
-0.16722041 0.066118364 -0.077059095 234 88 12
-0.1967045 0.069064102 -0.074393987 234 88 12
0.099563982 0.034771716 -0.10636553 234 88 12
0.090456385 0.036435898 -0.10542775 234 88 12
0.060332139 0.040051686 -0.10251713 234 88 12
0.023750221 0.042572712 -0.098279515 234 88 12
-0.05713877 0.048887785 -0.085529397 234 88 12
-0.083808839 0.052784214 -0.082947436 234 88 12
-0.088716695 0.053580911 -0.082535418 234 88 12
-0.13173395 0.06091967 -0.080825356 234 88 12
0.092656719 0.035818471 -0.1080243 234 88 12
0.053009469 0.040391712 -0.10420925 234 88 12
0.05058166 0.040565485 -0.10396877 234 88 12
-0.047599191 0.047421874 -0.089528785 234 88 12
-0.054883853 0.04821283 -0.088347684 234 88 12
0.021041509 0.042105131 -0.1029625 234 88 12
-0.035579769 0.04580383 -0.093808072 234 88 12
-0.079262343 0.051076845 -0.088028983 234 88 12
-0.14005859 0.061167759 -0.085493202 234 88 12
-0.1649319 0.064431471 -0.084180234 234 88 12
0.067048665 0.038582717 -0.11047522 234 88 12
-0.013545132 0.043724291 -0.099863844 234 88 12
-0.028457093 0.044840482 -0.097398665 234 88 12
-0.062430857 0.048342423 -0.092189361 234 88 12
-0.072114955 0.04957408 -0.091103505 234 88 12
-0.094240202 0.052977406 -0.089342317 234 88 12
-0.12714402 0.058669926 -0.088127774 234 88 12
0.12133692 0.027778886 -0.11614729 234 88 12
0.033137151 0.040907265 -0.10965981 234 88 12
-0.016164669 0.043571098 -0.10186767 234 88 12
-0.021132342 0.043961607 -0.10114914 234 88 12
-0.035830031 0.045136569 -0.098707754 234 88 12
-0.12731545 0.058209287 -0.090516238 234 88 12
-0.13254675 0.05903565 -0.090395306 234 88 12
-0.17405978 0.064316796 -0.088289179 234 88 12
0.059741096 0.038650643 -0.11478295 234 88 12
0.050082059 0.039447044 -0.11388402 234 88 12
0.028108536 0.040876622 -0.11158045 234 88 12
-0.0038289925 0.042442597 -0.10656616 234 88 12
-0.0062933796 0.042592478 -0.10614149 234 88 12
-0.0087882314 0.042746856 -0.10569846 234 88 12
-0.065074522 0.047916846 -0.096756781 234 88 12
-0.10958121 0.054635212 -0.093512717 234 88 12
-0.15419779 0.061715504 -0.092029702 234 88 12
0.10789282 0.031158266 -0.12044199 234 88 12
0.075979397 0.036756268 -0.11833108 234 88 12
0.047495424 0.039336069 -0.11616952 234 88 12
0.045075453 0.039526157 -0.1159686 234 88 12
-0.043264741 0.045292421 -0.1025036 234 88 12
-0.048138071 0.04577588 -0.10164939 234 88 12
-0.050582579 0.046002552 -0.10125988 234 88 12
-0.060313553 0.047048596 -0.099932552 234 88 12
-0.089747835 0.05092819 -0.096911268 234 88 12
-0.099725863 0.052500009 -0.096307119 234 88 12
-0.13816247 0.059019715 -0.095055685 234 88 12
-0.14615684 0.060171363 -0.094770042 234 88 12
-0.17142927 0.0631452 -0.093343902 234 88 12
0.11887917 0.027874137 -0.12315448 234 88 12
0.094248889 0.033791948 -0.12196535 234 88 12
0.091958007 0.034176938 -0.12179139 234 88 12
0.066525472 0.037468557 -0.12017927 234 88 12
0.064158307 0.037695248 -0.11999744 234 88 12
0.003333911 0.041542346 -0.11286648 234 88 12
0.00087048685 0.041689518 -0.11243816 234 88 12
-0.018971924 0.042932988 -0.10892809 234 88 12
-0.031222576 0.043897598 -0.1068713 234 88 12
-0.053108682 0.045985828 -0.10345175 234 88 12
-0.062861467 0.04704615 -0.10207282 234 88 12
-0.070163034 0.047944502 -0.10133311 234 88 12
-0.10739127 0.053445111 -0.098440095 234 88 12
-0.14094403 0.05904807 -0.097429642 234 88 12
-0.14902518 0.060143575 -0.097073892 234 88 12
-0.15452573 0.060849236 -0.096801349 234 88 12
0.11211169 0.029532961 -0.12512578 234 88 12
0.066362099 0.037224523 -0.12264513 234 88 12
0.0032482533 0.04134184 -0.11541477 234 88 12
-0.12801809 0.056590905 -0.10021734 234 88 12
-0.16308999 0.06142315 -0.09868415 234 88 12
0.063793046 0.037177928 -0.12489243 234 88 12
0.051896913 0.038116709 -0.12392948 234 88 12
0.022725578 0.040094852 -0.12107519 234 88 12
-0.021578363 0.042646854 -0.11359088 234 88 12
-0.028947717 0.043228634 -0.11228562 234 88 12
-0.058212717 0.045945688 -0.10782426 234 88 12
-0.1026323 0.051910908 -0.10362205 234 88 12
-0.14123276 0.058343374 -0.10236777 234 88 12
-0.087799052 0.049267743 -0.10714543 234 88 12
-0.097749424 0.050704249 -0.10639239 234 88 12
-0.17495334 0.061647045 -0.10237958 234 88 12
0.11621744 0.027708254 -0.13239988 234 88 12
0.029836231 0.039112985 -0.12705286 234 88 12
0.015264225 0.039875304 -0.12513149 234 88 12
0.0055327684 0.040385848 -0.12346645 234 88 12
-0.10038455 0.050758054 -0.1086973 234 88 12
-0.1283919 0.055434621 -0.1075985 234 88 12
-0.13099425 0.055865373 -0.10756225 234 88 12
0.1161103 0.027466818 -0.13476314 234 88 12
0.049130315 0.037287653 -0.1309255 234 88 12
0.027303268 0.038958193 -0.12931561 234 88 12
0.01275223 0.039686456 -0.12721296 234 88 12
-0.0045190952 0.040719758 -0.12447181 234 88 12
-0.056154374 0.044752449 -0.11567835 234 88 12
-0.080630845 0.047666993 -0.11285086 234 88 12
-0.1055743 0.051249691 -0.11096353 234 88 12
-0.11822642 0.053419331 -0.11037565 234 88 12
-0.12352956 0.053844869 -0.11266966 234 88 12
0.027118909 0.038220448 -0.13417451 234 88 12
0.014960382 0.038944646 -0.13263713 234 88 12
0.010093247 0.03921263 -0.13187706 234 88 12
-0.027090166 0.04139891 -0.12530695 234 88 12
-0.11857823 0.052607954 -0.11521017 234 88 12
-0.13673942 0.055440956 -0.11452642 234 88 12
0.079208619 0.03325443 -0.14017741 234 88 12
0.062877416 0.03494162 -0.13906257 234 88 12
0.02947584 0.037649778 -0.13680709 234 88 12
0.014824222 0.038603763 -0.13505566 234 88 12
0.0050276365 0.03913115 -0.13360325 234 88 12
-0.0098403832 0.03994164 -0.13106899 234 88 12
-0.019778885 0.040517322 -0.12922541 234 88 12
-0.098584352 0.048747129 -0.1187068 234 88 12
-0.16706627 0.058428564 -0.11489715 234 88 12
-0.17286968 0.05883854 -0.11421672 234 88 12
0.029382186 0.03725697 -0.13924159 234 88 12
0.026960146 0.037425578 -0.13899687 234 88 12
0.0098196459 0.038556901 -0.13689274 234 88 12
-0.056796525 0.043138434 -0.1256931 234 88 12
-0.064199609 0.043866452 -0.12469233 234 88 12
-0.066647273 0.044129926 -0.12441678 234 88 12
-0.11132195 0.050406041 -0.12047868 234 88 12
-0.15322214 0.056676426 -0.1187493 234 88 12
-0.15871906 0.057244641 -0.11826845 234 88 12
-0.17304843 0.058285758 -0.11649269 234 88 12
0.094990849 0.030358068 -0.14579792 234 88 12
0.083479104 0.031940298 -0.1451836 234 88 12
-0.11656995 0.050839924 -0.12269834 234 88 12
-0.12164198 0.051701226 -0.12249541 234 88 12
-0.20507826 0.061382327 -0.11460233 234 88 12
0.10165805 0.028824474 -0.14846436 234 88 12
0.069465711 0.033006448 -0.14655853 234 88 12
0.041121305 0.035528741 -0.14509956 234 88 12
-0.037485591 0.040531312 -0.13394257 234 88 12
-0.134723 0.053306043 -0.12466387 234 88 12
-0.19373449 0.059110615 -0.11832738 234 88 12
-0.20525457 0.060804789 -0.11686413 234 88 12
-0.010330448 0.03832418 -0.14112005 234 88 12
-0.069616624 0.042988563 -0.13159842 234 88 12
-0.072045454 0.043257817 -0.13127782 234 88 12
-0.081861518 0.044423245 -0.13016951 234 88 12
-0.11939279 0.050385419 -0.12756421 234 88 12
-0.13227642 0.052453047 -0.12708037 234 88 12
0.11485807 0.025388598 -0.15362186 234 88 12
0.10809191 0.026858193 -0.1534242 234 88 12
0.082933865 0.030780721 -0.15214569 234 88 12
0.076074744 0.031538801 -0.15173422 234 88 12
0.071473019 0.031993692 -0.15141222 234 88 12
-0.02049679 0.038477007 -0.1416638 234 88 12
-0.072187144 0.042797881 -0.13378718 234 88 12
-0.11191048 0.048614792 -0.13046907 234 88 12
-0.11445426 0.049072954 -0.13039918 234 88 12
-0.12468869 0.050749387 -0.12975163 234 88 12
-0.1350457 0.052352063 -0.12944565 234 88 12
-0.20264012 0.059180148 -0.12173012 234 88 12
0.052569588 0.033253546 -0.15288716 234 88 12
0.043096576 0.034024032 -0.15260472 234 88 12
0.01654149 0.036010132 -0.15012882 234 88 12
-0.062481511 0.041362105 -0.13739642 234 88 12
-0.1351905 0.051876677 -0.13184982 234 88 12
-0.15397933 0.054041971 -0.13044341 234 88 12
-0.15672885 0.054271995 -0.13014813 234 88 12
-0.20275785 0.058604265 -0.12398702 234 88 12
0.10772255 0.026329996 -0.15826403 234 88 12
0.06185977 0.03209866 -0.15569268 234 88 12
0.047709039 0.033241448 -0.155165 234 88 12
0.0016298076 0.036511309 -0.15063751 234 88 12
-0.00086543993 0.036654247 -0.15030815 234 88 12
-0.020819338 0.037637129 -0.14664559 234 88 12
-0.035606904 0.038676506 -0.14425152 234 88 12
-0.060122592 0.040701256 -0.14026636 234 88 12
-0.12750238 0.050252685 -0.13457171 234 88 12
-0.20002078 0.057587635 -0.12667435 234 88 12
-0.20572283 0.058462769 -0.12587776 234 88 12
0.10981804 0.025620284 -0.1607389 234 88 12
0.035636791 0.033717833 -0.15687443 234 88 12
-0.011014136 0.036779601 -0.15118706 234 88 12
-0.12504683 0.049390638 -0.13722336 234 88 12
-0.14065957 0.051633487 -0.1365746 234 88 12
-0.025975012 0.037080559 -0.15099955 234 88 12
-0.11753021 0.047732726 -0.14014588 234 88 12
-0.16556007 0.053216745 -0.13600227 234 88 12
0.088909921 0.028307078 -0.16454197 234 88 12
0.070595725 0.030062292 -0.16329649 234 88 12
-0.00128884 0.035249565 -0.15757352 234 88 12
-0.0063344382 0.035563572 -0.15687909 234 88 12
-0.11504592 0.046844556 -0.14274133 234 88 12
-0.13558552 0.049904307 -0.14150511 234 88 12
-0.18024835 0.053495553 -0.13622545 234 88 12
0.037563022 0.032056503 -0.16394722 234 88 12
0.025509704 0.033002214 -0.16320474 234 88 12
-0.15184876 0.051272149 -0.14262483 234 88 12
-0.19197011 0.054056245 -0.13677589 234 88 12
0.083901094 0.027898971 -0.16897055 234 88 12
0.065532967 0.029592405 -0.16793358 234 88 12
0.051568503 0.030626518 -0.16719791 234 88 12
0.027755032 0.032313004 -0.16569562 234 88 12
-0.021474178 0.035320848 -0.15908729 234 88 12
-0.048484286 0.037377827 -0.15470563 234 88 12
0.022815522 0.03214565 -0.16755516 234 88 12
-0.053575897 0.037210223 -0.15615735 234 88 12
-0.090419123 0.041198769 -0.1515686 234 88 12
-0.11542881 0.045226253 -0.15005134 234 88 12
-0.14398057 0.049284572 -0.14788092 234 88 12
-0.17773929 0.05157498 -0.14342475 234 88 12
-0.18941373 0.052516263 -0.14171431 234 88 12
-0.20087808 0.053935008 -0.14010559 234 88 12
0.090342004 0.02631146 -0.17410603 234 88 12
0.0032720981 0.0328193 -0.16760678 234 88 12
-0.0092300785 0.033552639 -0.16573151 234 88 12
-0.075806213 0.038871117 -0.15562855 234 88 12
-0.095524144 0.04134172 -0.15346937 234 88 12
-0.10048129 0.04208796 -0.1530476 234 88 12
0.029683454 0.030569156 -0.17264046 234 88 12
-0.011879498 0.033139326 -0.16761163 234 88 12
-0.024453689 0.033898778 -0.16573724 234 88 12
-0.053859307 0.036182894 -0.16098737 234 88 12
-0.07106289 0.037778436 -0.15865323 234 88 12
-0.15248423 0.048864074 -0.15144664 234 88 12
-0.17806432 0.050459675 -0.14792834 234 88 12
0.09902875 0.024207746 -0.17935738 234 88 12
0.087558228 0.025581723 -0.17869854 234 88 12
0.043680539 0.029166195 -0.17601514 234 88 12
0.031874514 0.029893382 -0.17513803 234 88 12
-0.066311893 0.03673426 -0.16163057 234 88 12
-0.12870783 0.045496025 -0.15600699 234 88 12
-0.20704068 0.05297902 -0.14631241 234 88 12
0.096466082 0.024062191 -0.18159618 234 88 12
0.078093349 0.025955296 -0.18027253 234 88 12
0.071266628 0.026588937 -0.17994451 234 88 12
0.019809612 0.030185446 -0.17628003 234 88 12
-0.0070840423 0.031753495 -0.17290366 234 88 12
-0.024781189 0.032845428 -0.17040989 234 88 12
-0.027247104 0.033031939 -0.17004274 234 88 12
-0.051676048 0.034912871 -0.16614132 234 88 12
-0.13933708 0.046267846 -0.15741295 234 88 12
-0.19003892 0.050157925 -0.15071773 234 88 12
-0.20436664 0.051961684 -0.14893923 234 88 12
0.066402887 0.026479313 -0.1819703 234 88 12
0.033839639 0.028775849 -0.17994874 234 88 12
0.029157166 0.029106564 -0.17944638 234 88 12
-0.0022504026 0.030954049 -0.17603457 234 88 12
-0.0097402929 0.031346274 -0.17489513 234 88 12
-0.019982924 0.031926789 -0.17348712 234 88 12
-0.056757635 0.034790731 -0.167645 234 88 12
-0.066588866 0.03570621 -0.16632822 234 88 12
-0.14751114 0.046532487 -0.15888933 234 88 12
0.086774651 0.02415802 -0.18557624 234 88 12
-0.0023915205 0.030449987 -0.17826767 234 88 12
-0.15582033 0.046741397 -0.16020058 234 88 12
-0.061961949 0.034253827 -0.17164985 234 88 12
-0.079063405 0.036035883 -0.16978609 234 88 12
-0.1424911 0.044911241 -0.16403186 234 88 12
0.1043353 0.020931969 -0.19125526 234 88 12
0.058775016 0.025734849 -0.188545 234 88 12
-0.032826088 0.031324847 -0.17863324 234 88 12
-0.049825147 0.032704756 -0.17596564 234 88 12
-0.13471851 0.043456124 -0.16710892 234 88 12
-0.1616323 0.046222443 -0.16404054 234 88 12
0.095033361 0.021797385 -0.19310233 234 88 12
0.0093604778 0.028521417 -0.18656963 234 88 12
-0.025568735 0.030361558 -0.18191073 234 88 12
-0.14279099 0.043933488 -0.16873254 234 88 12
-0.17019685 0.046317756 -0.16521939 234 88 12
-0.19645126 0.048248143 -0.16173086 234 88 12
0.021007135 0.027482212 -0.19015741 234 88 12
-0.050134418 0.031821147 -0.18084319 234 88 12
-0.062343275 0.032883617 -0.17897189 234 88 12
-0.10670383 0.038351132 -0.17426668 234 88 12
-0.12979101 0.041703137 -0.17214637 234 88 12
0.12126788 0.015893327 -0.19885778 234 88 12
0.10565151 0.019027566 -0.19816694 234 88 12
0.087592528 0.021670541 -0.19723735 234 88 12
0.039583663 0.025746263 -0.19405057 234 88 12
0.034875468 0.026055814 -0.19364548 234 88 12
0.025523575 0.026755339 -0.19299051 234 88 12
0.011409582 0.027502499 -0.19150811 234 88 12
-0.086909652 0.035090568 -0.17870748 234 88 12
-0.17039779 0.045324385 -0.16999079 234 88 12
0.048546256 0.024665775 -0.19727823 234 88 12
-0.031007718 0.029285616 -0.18817087 234 88 12
-0.045591491 0.030525414 -0.1863449 234 88 12
-0.099423708 0.036207592 -0.17959407 234 88 12
-0.15131322 0.043394636 -0.17505009 234 88 12
-0.0037431543 0.027349655 -0.19425993 234 88 12
-0.033661538 0.029007067 -0.19014129 234 88 12
-0.065168941 0.031717116 -0.18576232 234 88 12
-0.092099218 0.03475612 -0.18285088 234 88 12
-0.1147014 0.038088599 -0.18061809 234 88 12
-0.16506847 0.044043825 -0.17565644 234 88 12
-0.17936453 0.044880057 -0.17370455 234 88 12
0.11799825 0.0145375 -0.20550586 234 88 12
0.034180035 0.024626829 -0.2004804 234 88 12
0.024902039 0.025350269 -0.19967965 234 88 12
-0.0064505382 0.027008196 -0.19603576 234 88 12
-0.019050797 0.027598105 -0.19439672 234 88 12
-0.055625426 0.03042889 -0.18947058 234 88 12
-0.089749896 0.034015722 -0.18536911 234 88 12
-0.099662293 0.03529812 -0.1842755 234 88 12
0.10881579 0.015858575 -0.20758655 234 88 12
0.099906633 0.017508461 -0.20717668 234 88 12
0.090941201 0.018864972 -0.20673867 234 88 12
-0.0041769975 0.026421178 -0.19865695 234 88 12
-0.13052245 0.039186086 -0.18370688 234 88 12
-0.16538557 0.043103783 -0.18042231 234 88 12
-0.17964265 0.043981565 -0.17856137 234 88 12
-0.18843511 0.044542493 -0.1772499 234 88 12
0.11727737 0.013218168 -0.20983102 234 88 12
0.049737813 0.022397181 -0.20642536 234 88 12
-0.082693166 0.032259086 -0.19092432 234 88 12
-0.090010204 0.033134954 -0.19001518 234 88 12
-0.14923303 0.041069689 -0.18453434 234 88 12
-0.20868451 0.046384803 -0.17709092 234 88 12
0.092568461 0.01730878 -0.21134222 234 88 12
0.060879921 0.020824354 -0.20942893 234 88 12
0.021989949 0.024113272 -0.20599015 234 88 12
0.010169146 0.024851233 -0.20478378 234 88 12
-0.012029473 0.02594016 -0.20194805 234 88 12
-0.019612083 0.026339009 -0.20104217 234 88 12
-0.051243296 0.028796845 -0.19696768 234 88 12
-0.10253075 0.034313382 -0.19107761 234 88 12
-0.11007859 0.035400264 -0.19026292 234 88 12
-0.14404534 0.039937435 -0.18728496 234 88 12
-0.17409551 0.042764595 -0.18410288 234 88 12
-0.1769944 0.042927001 -0.18370288 234 88 12
0.037877302 0.022361837 -0.20988125 234 88 12
-0.029725505 0.026559939 -0.201978 234 88 12
-0.036984107 0.027151754 -0.20119703 234 88 12
-0.073177039 0.030348958 -0.1964877 234 88 12
-0.12828129 0.037501325 -0.19085103 234 88 12
-0.18293382 0.04281996 -0.18529594 234 88 12
0.11180565 0.012184827 -0.21633 234 88 12
0.07607238 0.017997292 -0.2146134 234 88 12
-0.024952916 0.025845386 -0.20488631 234 88 12
-0.027437406 0.0260184 -0.20461153 234 88 12
-0.12838964 0.037105163 -0.19312647 234 88 12
-0.18595481 0.042596859 -0.18732432 234 88 12
0.11144257 0.011511813 -0.21856415 234 88 12
-0.030032406 0.025886077 -0.20664349 234 88 12
-0.12325488 0.036065304 -0.19608167 234 88 12
-0.14966137 0.039288271 -0.19393601 234 88 12
0.028233404 0.021908648 -0.21564931 234 88 12
-0.046975176 0.027038453 -0.20688139 234 88 12
-0.092976891 0.031631166 -0.20132206 234 88 12
-0.12334736 0.035738744 -0.1984169 234 88 12
-0.14705382 0.038654487 -0.19657808 234 88 12
0.070816975 0.016824502 -0.22103792 234 88 12
-0.0078569408 0.023948972 -0.21390226 234 88 12
-0.18020542 0.041244267 -0.19574697 234 88 12
-0.18310486 0.041423995 -0.19538808 234 88 12
-0.19183932 0.042019064 -0.19430994 234 88 12
0.10611234 0.01053832 -0.22517406 234 88 12
0.095206783 0.012707299 -0.22487672 234 88 12
0.081813826 0.014782378 -0.22419121 234 88 12
0.072824685 0.015935745 -0.22346158 234 88 12
0.063873675 0.017163024 -0.22295768 234 88 12
-0.01562264 0.024054066 -0.21539143 234 88 12
-0.018122505 0.024216451 -0.21504546 234 88 12
-0.052054214 0.026975746 -0.21091081 234 88 12
-0.078509401 0.029464095 -0.20781508 234 88 12
-0.10306507 0.032372906 -0.20515097 234 88 12
-0.1131088 0.033770565 -0.20425363 234 88 12
0.065875494 0.016292889 -0.22527638 234 88 12
-0.010756319 0.023507114 -0.21822958 234 88 12
-0.015801511 0.023776221 -0.21768324 234 88 12
-0.076220563 0.028953566 -0.21041426 234 88 12
-0.12355144 0.034898457 -0.20568868 234 88 12
-0.16335315 0.039414634 -0.20274513 234 88 12
0.065649634 0.015695648 -0.22747389 234 88 12
0.025322628 0.020643788 -0.22439309 234 88 12
-0.16340095 0.03908667 -0.20531743 234 88 12
0.10722425 0.0077085009 -0.23158752 234 88 12
-0.016115166 0.023187618 -0.2221569 234 88 12
-0.028454465 0.024079568 -0.2204837 234 88 12
-0.076449496 0.028411112 -0.21514136 234 88 12
-0.13153246 0.035275855 -0.20985204 234 88 12
-0.20615839 0.042383815 -0.20253248 234 88 12
0.06958591 0.013721616 -0.23219838 234 88 12
0.02952723 0.019298525 -0.22948707 234 88 12
-0.011222057 0.022553083 -0.22519556 234 88 12
-0.03103751 0.023981169 -0.22255857 234 88 12
-0.047852317 0.025517745 -0.22079954 234 88 12
-0.098377202 0.030503061 -0.21484062 234 88 12
-0.18900183 0.040226245 -0.20754401 234 88 12
0.091368697 0.0093070109 -0.23566439 234 88 12
0.055964494 0.015225038 -0.23371816 234 88 12
0.040559075 0.017506674 -0.23283305 234 88 12
-0.0038352182 0.021736933 -0.22827869 234 88 12
-0.028802627 0.023504621 -0.22510557 234 88 12
-0.10093855 0.030515107 -0.21701789 234 88 12
-0.14216323 0.035868717 -0.2141184 234 88 12
-0.15015183 0.036769568 -0.21378176 234 88 12
-0.17757487 0.03901431 -0.21119052 234 88 12
-0.19488532 0.040315678 -0.20914054 234 88 12
0.10609661 0.0051344342 -0.23807827 234 88 12
0.088843418 0.0088827833 -0.23766776 234 88 12
0.038093814 0.017306765 -0.23475848 234 88 12
0.031369742 0.018142289 -0.2342026 234 88 12
-0.038664196 0.024048848 -0.22653919 234 88 12
-0.11878066 0.032623167 -0.21797953 234 88 12
-0.12917186 0.033943632 -0.21733281 234 88 12
-0.13440748 0.034548834 -0.21682569 234 88 12
-0.13964495 0.035189298 -0.21654877 234 88 12
0.09712597 0.0062942512 -0.2400454 234 88 12
-0.0017644496 0.020846888 -0.23292944 234 88 12
-0.18064337 0.038361019 -0.21577511 234 88 12
0.03090846 0.017202139 -0.23871501 234 88 12
-0.036646149 0.023241655 -0.23138193 234 88 12
-0.11642564 0.031562894 -0.22269942 234 88 12
-0.14520692 0.035015172 -0.2210604 234 88 12
-0.15322037 0.035893017 -0.22073013 234 88 12
-0.01724103 0.021285492 -0.23568825 234 88 12
-0.048706838 0.024100703 -0.23227095 234 88 12
-0.065330131 0.025491643 -0.23010836 234 88 12
-0.077224326 0.026582255 -0.22867237 234 88 12
-0.096488342 0.0286063 -0.22650762 234 88 12
-0.11913854 0.031544892 -0.22487428 234 88 12
-0.13482749 0.033399836 -0.22382245 234 88 12
0.056796427 0.011596964 -0.24476024 234 88 12
0.012210109 0.018337661 -0.24117471 234 88 12
-0.091773224 0.027736601 -0.22936039 234 88 12
-0.11157844 0.030157798 -0.22751689 234 88 12
-0.11412872 0.030499711 -0.22739534 234 88 12
-0.13234567 0.032713945 -0.22632618 234 88 12
0.047856287 0.012701883 -0.24657454 234 88 12
-0.14568877 0.033823782 -0.22798825 234 88 12
0.049778195 0.011744081 -0.24885828 234 88 12
0.034488964 0.014638195 -0.24782367 234 88 12
-0.0077735648 0.019407426 -0.24361155 234 88 12
-0.030156359 0.021364611 -0.24129488 234 88 12
-0.037398042 0.022054708 -0.24053091 234 88 12
-0.10178842 0.028213495 -0.23267827 234 88 12
-0.1273728 0.031391846 -0.23115744 234 88 12
0.094769795 0.001052728 -0.25235266 234 88 12
0.013961405 0.016872843 -0.24798338 234 88 12
-0.020544734 0.020180312 -0.2447269 234 88 12
-0.025467312 0.020623699 -0.24411634 234 88 12
-0.099438137 0.027633282 -0.23526939 234 88 12
-0.10190493 0.027912641 -0.23502134 234 88 12
-0.19870728 0.036906955 -0.2277271 234 88 12
0.096520925 -0.00033921139 -0.25442379 234 88 12
0.072944745 0.0052936282 -0.25387368 234 88 12
0.038427718 0.012935586 -0.25252887 234 88 12
0.009049761 0.017004921 -0.24971405 234 88 12
-0.0056758579 0.018485439 -0.24847001 234 88 12
-0.042533144 0.022034886 -0.24469759 234 88 12
-0.097069265 0.027055703 -0.23782955 234 88 12
-0.15144665 0.033221449 -0.23479344 234 88 12
0.083403583 0.0020383439 -0.25622365 234 88 12
-0.037942676 0.021252692 -0.24738919 234 88 12
-0.09716342 0.026728153 -0.240152 234 88 12
-0.14364122 0.032009539 -0.23728401 234 88 12
0.013328271 0.015636998 -0.25462816 234 88 12
-0.013700526 0.018459271 -0.25226001 234 88 12
-0.026064854 0.019720865 -0.2508291 234 88 12
-0.028488649 0.019972139 -0.25058849 234 88 12
-0.04991445 0.022200574 -0.24850415 234 88 12
0.093292932 -0.0024318145 -0.26055458 234 88 12
0.082624772 0.00043368579 -0.26029136 234 88 12
0.069819131 0.003656755 -0.26004124 234 88 12
0.029020667 0.012897284 -0.25824288 234 88 12
-0.082953915 0.02475913 -0.24662016 234 88 12
-0.090152123 0.025387004 -0.24563046 234 88 12
-0.14134382 0.03092806 -0.24197091 234 88 12
0.037485657 0.010810532 -0.26120762 234 88 12
-0.062027093 0.022631936 -0.2514002 234 88 12
0.10091436 -0.006950828 -0.2645215 234 88 12
0.092482293 -0.0042601103 -0.26461021 234 88 12
0.026283312 0.012179734 -0.26241538 234 88 12
0.064513983 0.0026580353 -0.26608055 234 88 12
-0.024575582 0.017861163 -0.2599286 234 88 12
-0.026999874 0.018152099 -0.2597585 234 88 12
-0.057727954 0.021556924 -0.25649346 234 88 12
-0.13673732 0.029109806 -0.24884044 234 88 12
0.11281742 -0.013874987 -0.26813428 234 88 12
0.070552039 0.00016722008 -0.26822983 234 88 12
0.0097194074 0.01329033 -0.2649695 234 88 12
-0.014880402 0.016223309 -0.26295333 234 88 12
-0.024816568 0.017404647 -0.26215575 234 88 12
-0.12640653 0.027681607 -0.25174251 234 88 12
-0.15872961 0.030134233 -0.24989389 234 88 12
0.11029449 -0.014156145 -0.27005248 234 88 12
0.055375544 0.0036224774 -0.27006051 234 88 12
-0.02506361 0.016939944 -0.26425258 234 88 12
-0.034744626 0.018148844 -0.26350212 234 88 12
-0.12665805 0.027234678 -0.25384611 234 88 12
-0.15080255 0.029094653 -0.25245258 234 88 12
-0.16455784 0.02978219 -0.25166813 234 88 12
0.10149475 -0.011936066 -0.27200613 234 88 12
0.0091698943 0.012161492 -0.26917673 234 88 12
-0.086329341 0.022747006 -0.25932193 234 88 12
0.092689124 -0.0098019515 -0.27411247 234 88 12
0.065331518 -0.0008699548 -0.27405138 234 88 12
-0.070133632 0.021040261 -0.26393697 234 88 12
-0.11134847 0.02459623 -0.25914845 234 88 12
-0.15710751 0.028132811 -0.25625754 234 88 12
0.094436042 -0.011570536 -0.27582634 234 88 12
0.090247496 -0.0099795993 -0.2758737 234 88 12
0.0062393875 0.011347032 -0.27311054 234 88 12
-0.023363284 0.015143477 -0.27101659 234 88 12
-0.072620934 0.020829512 -0.26580132 234 88 12
-0.077322452 0.021217925 -0.26520257 234 88 12
-0.098890224 0.022918546 -0.26241008 234 88 12
-0.16310811 0.027548884 -0.25778743 234 88 12
0.091983616 -0.011687953 -0.27762351 234 88 12
0.08572843 -0.0092998295 -0.27769548 234 88 12
0.060511061 -0.00096340036 -0.27788006 234 88 12
0.026433613 0.0076573077 -0.27690105 234 88 12
0.01754108 0.0090697533 -0.27606854 234 88 12
-0.047452881 0.017827579 -0.27096861 234 88 12
-0.096639829 0.022285417 -0.26486482 234 88 12
-0.038382969 0.016115591 -0.27397154 234 88 12
-0.052330541 0.017948674 -0.27275789 234 88 12
0.062013548 -0.002959873 -0.28172606 234 88 12
0.057799758 -0.0016361136 -0.28166297 234 88 12
0.053620487 -0.00035439941 -0.28166372 234 88 12
0.04094375 0.0032024146 -0.28148532 234 88 12
0.023556598 0.0068599805 -0.2806768 234 88 12
-0.0045168542 0.010879801 -0.27891481 234 88 12
-0.063966542 0.018759703 -0.2737184 234 88 12
-0.084945758 0.020564697 -0.27117864 234 88 12
-0.12284613 0.023842696 -0.26733192 234 88 12
-0.15317637 0.025303686 -0.2649199 234 88 12
0.029867682 0.0050184612 -0.28302227 234 88 12
0.10294273 -0.021361344 -0.28442584 234 88 12
0.075989007 -0.009461001 -0.28540321 234 88 12
-0.015132801 0.011035289 -0.28251934 234 88 12
-0.036841822 0.014176658 -0.28055938 234 88 12
-0.080611952 0.019360478 -0.27637724 234 88 12
-0.12607527 0.023005311 -0.27158305 234 88 12
0.069425935 -0.0079940791 -0.28731893 234 88 12
0.042196811 0.00068013718 -0.28729603 234 88 12
-0.037113599 0.013590619 -0.28266817 234 88 12
-0.085596761 0.019279473 -0.27797412 234 88 12
-0.092852883 0.019824301 -0.27700028 234 88 12
-0.16621771 0.022838693 -0.26962864 234 88 12
0.024519737 0.0038127082 -0.28842245 234 88 12
-0.074085271 0.017726349 -0.28135347 234 88 12
-0.081087156 0.018370249 -0.28062994 234 88 12
-0.085854441 0.018764345 -0.28010974 234 88 12
-0.10060217 0.019825146 -0.27825063 234 88 12
0.030794545 0.0017766296 -0.29066565 234 88 12
0.024189137 0.0030875423 -0.29031842 234 88 12
-0.030678248 0.011281818 -0.287345 234 88 12
-0.04695339 0.013813034 -0.28613482 234 88 12
-0.065186178 0.016278484 -0.28478556 234 88 12
-0.11910405 0.020591001 -0.27868105 234 88 12
-0.12178688 0.02076343 -0.27844959 234 88 12
-0.16448908 0.021179426 -0.27400715 234 88 12
0.074713709 -0.01307377 -0.29261925 234 88 12
0.058050267 -0.0067094147 -0.29286724 234 88 12
-0.070015105 0.016180341 -0.28625862 234 88 12
-0.098708178 0.018500538 -0.28284399 234 88 12
-0.11950205 0.01993112 -0.28078757 234 88 12
-0.12222049 0.020076367 -0.28050487 234 88 12
0.034441996 -0.00068379415 -0.29467903 234 88 12
0.021165422 0.0019295466 -0.29393814 234 88 12
0.0073098852 0.0041685741 -0.29358085 234 88 12
-0.033697085 0.010322568 -0.2911958 234 88 12
-0.063481224 0.014850219 -0.2891333 234 88 12
-0.096536973 0.017731235 -0.28528966 234 88 12
-0.050164952 0.012268203 -0.29214619 234 88 12
-0.12874671 0.018764454 -0.28418504 234 88 12
0.018146742 0.00071693551 -0.29751581 234 88 12
-0.015200851 0.0057878994 -0.29650461 234 88 12
-0.050478434 0.011589535 -0.294136 234 88 12
-0.13214342 0.017878836 -0.28588286 234 88 12
0.003697541 0.0020387612 -0.29914622 234 88 12
-0.018001136 0.0054250772 -0.29835525 234 88 12
-0.066760537 0.013111395 -0.29486255 234 88 12
-0.11052476 0.016307712 -0.28982609 234 88 12
-0.13277724 0.016903166 -0.28769175 234 88 12
-0.16441595 0.016915761 -0.28396809 234 88 12
0.060527107 -0.012865586 -0.30197461 234 88 12
0.037345228 -0.0049916 -0.30210213 234 88 12
-0.13632236 0.01584089 -0.28918162 234 88 12
0.036955766 -0.0058531996 -0.30394756 234 88 12
0.0075900297 -0.00032350348 -0.3030025 234 88 12
-0.01397292 0.003048098 -0.30244343 234 88 12
-0.044754574 0.0082191062 -0.30060512 234 88 12
-0.014400559 0.0022600522 -0.30434197 234 88 12
-0.10678675 0.013484926 -0.29642549 234 88 12
-0.02456041 0.0030614443 -0.3061453 234 88 12
-0.082377407 0.011324287 -0.30184846 234 88 12
-0.084749563 0.011494137 -0.30159669 234 88 12
-0.12968478 0.01279655 -0.29580073 234 88 12
-0.097503167 0.011300821 -0.30199524 234 88 12
-0.15049668 0.011896183 -0.29535273 234 88 12
0.056500475 -0.017752196 -0.31121941 234 88 12
-0.013343799 -0.00070455339 -0.31015785 234 88 12
-0.095530819 0.010237662 -0.30443599 234 88 12
-0.098044653 0.010323387 -0.3040288 234 88 12
0.032620321 -0.010313076 -0.31316447 234 88 12
-0.17056978 0.012173209 -0.2982533 234 88 12
0.0071167675 -0.0061617727 -0.3146446 234 88 12
-0.038206819 0.0014821162 -0.31322341 234 88 12
-0.12971595 0.008322641 -0.30369227 234 88 12
-0.16586298 0.010670837 -0.30048061 234 88 12
-0.061628275 0.0041426815 -0.3139676 234 88 12
-0.11899466 0.007030565 -0.3069223 234 88 12
-0.14460048 0.0076248961 -0.30372321 234 88 12
0.028697637 -0.013817822 -0.3184413 234 88 12
-0.025062479 -0.0030267542 -0.31769065 234 88 12
-0.036912939 -0.0010094152 -0.31719953 234 88 12
-0.053030835 0.0016780518 -0.31652119 234 88 12
-0.090621444 0.0052872678 -0.31287948 234 88 12
-0.10591405 0.0056848526 -0.31074766 234 88 12
-0.13972599 0.0063048514 -0.30616754 234 88 12
-0.15628441 0.0076078127 -0.30497724 234 88 12
0.051401317 -0.025412807 -0.31974063 234 88 12
0.0099942272 -0.010787303 -0.32024833 234 88 12
-0.018344514 -0.0054306808 -0.31981809 234 88 12
-0.039807075 -0.0017640274 -0.31907938 234 88 12
0.0070650953 -0.011726805 -0.32209531 234 88 12
-0.058819351 5.4164585e-05 -0.31992866 234 88 12
-0.0872138 0.0023593479 -0.31714618 234 88 12
0.03300153 -0.021673616 -0.32362846 234 88 12
0.0041090615 -0.012664485 -0.32391243 234 88 12
-0.0099416919 -0.0097218235 -0.3238541 234 88 12
-0.031601566 -0.0058046463 -0.3233672 234 88 12
-0.068752315 -9.8565027e-05 -0.32102409 234 88 12
-0.12503995 0.0019276639 -0.31361505 234 88 12
-0.025029178 -0.0084002773 -0.32533022 234 88 12
-0.10657184 4.2410363e-05 -0.31808922 234 88 12
0.013850237 -0.019033684 -0.3273056 234 88 12
-0.0041643018 -0.014203334 -0.32760116 234 88 12
-0.013650687 -0.012116259 -0.32743887 234 88 12
-0.077425262 -0.0024300098 -0.32387693 234 88 12
-0.097086737 -0.0016790066 -0.32143542 234 88 12
-0.031108688 -0.010395811 -0.32904629 234 88 12
-0.10568461 -0.0029743598 -0.32193896 234 88 12
-0.020713045 -0.016311166 -0.33296176 234 88 12
-0.063077064 -0.0083093184 -0.33139287 234 88 12
-0.087466778 -0.0069654245 -0.32838309 234 88 12
-0.056813761 -0.010950577 -0.33358327 234 88 12
-0.06633536 -0.009767395 -0.33309165 234 88 12
-0.13504972 -0.0046937245 -0.32440217 234 88 12
-0.11691504 -0.0081091513 -0.32799186 234 88 12
-0.044524531 -0.017403552 -0.33817672 234 88 12
-0.11769414 -0.0094099244 -0.32996149 234 88 12
-0.08960749 -0.01546677 -0.33781589 234 88 12
-0.11242287 -0.014150352 -0.33675055 234 88 12
-0.081201611 -0.023550142 -0.34683719 234 88 12
-0.10230268 -0.019709219 -0.34403398 234 88 12
-0.089585838 -0.024904739 -0.34978943 234 88 12
-0.075227365 -0.03265331 -0.35766799 234 88 12
-0.058064615 -0.040219604 -0.36304794 234 88 12
-0.083125769 -0.032822206 -0.36129827 234 88 12
-0.076778483 -0.03583937 -0.36405791 234 88 12
0.054440588 0.055965346 -0.024830011 234 88 12
0.069964577 0.049625312 -0.033461014 234 88 12
0.049022318 0.056865925 -0.025145076 234 88 12
0.07868189 0.04595764 -0.039400085 234 88 12
0.071672069 0.048286901 -0.036798447 234 88 12
0.079146492 0.043546313 -0.050487064 234 88 12
0.064764175 0.047692215 -0.044912629 234 88 12
0.035164098 0.055560857 -0.034754518 234 88 12
0.068273436 0.045051895 -0.054687454 234 88 12
0.058406075 0.047534717 -0.050382216 234 88 12
0.01912599 0.058415823 -0.032151661 234 88 12
0.06288706 0.04583906 -0.055147862 234 88 12
0.018437555 0.057648162 -0.03445735 234 88 12
0.011142719 0.059946971 -0.030674066 234 88 12
0.067417663 0.044167861 -0.059809586 234 88 12
0.054559057 0.046615636 -0.057014782 234 88 12
0.061591451 0.044396785 -0.062816334 234 88 12
0.056608534 0.045531409 -0.060710566 234 88 12
0.037916007 0.04840727 -0.057341181 234 88 12
0.030212148 0.050090727 -0.05348042 234 88 12
0.01027662 0.055447636 -0.043202434 234 88 12
0.067667746 0.041417726 -0.073682883 234 88 12
0.012097671 0.054000191 -0.046714744 234 88 12
-0.012597698 0.061761803 -0.033543845 234 88 12
0.059723456 0.042549385 -0.072899035 234 88 12
0.0041130792 0.055508202 -0.045140086 234 88 12
0.044106219 0.045174597 -0.068385138 234 88 12
0.0035036814 0.054802144 -0.047371262 234 88 12
-0.019538746 0.060984147 -0.037323348 234 88 12
-0.031967848 0.064865588 -0.030486448 234 88 12
-0.010201442 0.057093431 -0.044916037 234 88 12
-0.030071926 0.0632906 -0.033979216 234 88 12
0.045239343 0.043215363 -0.076992386 234 88 12
0.037552882 0.04469095 -0.073245411 234 88 12
0.014339215 0.049480962 -0.061022164 234 88 12
0.046842018 0.041829276 -0.083287238 234 88 12
0.023660545 0.046308361 -0.071590791 234 88 12
0.02106975 0.046807246 -0.070166116 234 88 12
0.0057659237 0.050260587 -0.061653974 234 88 12
0.053849833 0.039913116 -0.089219045 234 88 12
0.0027576528 0.050317118 -0.062701615 234 88 12
-0.022609247 0.057263832 -0.048332509 234 88 12
0.0074534009 0.04857228 -0.068009205 234 88 12
-0.013605797 0.053142135 -0.058733779 234 88 12
-0.0062893372 0.050553145 -0.065613181 234 88 12
-0.029268145 0.056612619 -0.052313583 234 88 12
0.032069138 0.04193653 -0.089229301 234 88 12
-0.0093482057 0.050612694 -0.066473917 234 88 12
-0.027342904 0.055254969 -0.055938572 234 88 12
-0.062096184 0.063725747 -0.037126061 234 88 12
0.04926867 0.037977843 -0.10007455 234 88 12
0.00058119421 0.047653568 -0.074889438 234 88 12
-0.051292644 0.060555907 -0.045264492 234 88 12
0.020851675 0.042892333 -0.088931547 234 88 12
0.038457267 0.039104108 -0.10036659 234 88 12
-0.058233072 0.060328314 -0.046838855 234 88 12
0.037687903 0.038172396 -0.10528044 234 88 12
0.014491898 0.042461011 -0.093727208 234 88 12
0.034421691 0.037792619 -0.10916252 234 88 12
-0.041312151 0.053470465 -0.066876084 234 88 12
-0.010725365 0.045423441 -0.090672294 234 88 12
-0.058734772 0.0558341 -0.062694114 234 88 12
-0.075757976 0.059261257 -0.053864632 234 88 12
-0.011144754 0.044960935 -0.09332676 234 88 12
-0.045476928 0.052365238 -0.073076465 234 88 12
-0.067785833 0.056940903 -0.060867114 234 88 12
-0.076332292 0.058618742 -0.056367458 234 88 12
-0.088144511 0.060652325 -0.050534078 234 88 12
0.014756694 0.039512667 -0.11087892 234 88 12
0.0069605853 0.040957875 -0.10655174 234 88 12
-0.07689653 0.057965648 -0.058913743 234 88 12
-0.011933136 0.043955958 -0.098495837 234 88 12
-0.033786018 0.047780936 -0.08842203 234 88 12
-0.10731841 0.062150627 -0.049715563 234 88 12
-0.0046980344 0.041401197 -0.10820848 234 88 12
-0.015514262 0.043382382 -0.10211143 234 88 12
-0.061509353 0.052718115 -0.075627974 234 88 12
-0.090286068 0.058197888 -0.060568775 234 88 12
-0.093258181 0.058694533 -0.05908726 234 88 12
0.013324565 0.037482381 -0.12093827 234 88 12
-0.056375295 0.051000354 -0.081014975 234 88 12
0.01294809 0.036963109 -0.12346583 234 88 12
-0.013677359 0.041741357 -0.10880134 234 88 12
-0.062663787 0.0513964 -0.080664698 234 88 12
-0.11451287 0.061812084 -0.055087275 234 88 12
-0.04107227 0.046381267 -0.095481619 234 88 12
-0.043722546 0.046939589 -0.093915903 234 88 12
-0.022919357 0.041983932 -0.10899213 234 88 12
-0.092375167 0.055741442 -0.070933113 234 88 12
-0.031574755 0.042853956 -0.10674862 234 88 12
-0.12461047 0.062246296 -0.059630607 234 88 12
-0.021122906 0.040279549 -0.11569744 234 88 12
-0.12226114 0.060976459 -0.063327847 234 88 12
-0.04054476 0.04321079 -0.10722382 234 88 12
-0.07672112 0.050493946 -0.087343032 234 88 12
-0.085785933 0.051616035 -0.085518 234 88 12
-0.034678986 0.039053676 -0.12209113 234 88 12
-0.11341947 0.055227361 -0.080863062 234 88 12
-0.029727938 0.037359423 -0.12772268 234 88 12
-0.051222425 0.041561373 -0.11514969 234 88 12
-0.062477134 0.043727098 -0.10878625 234 88 12
-0.052381337 0.040118394 -0.11987126 234 88 12
-0.083494326 0.046368094 -0.10332398 234 88 12
-0.13846078 0.058649498 -0.078241244 234 88 12
-0.13001473 0.055983957 -0.084278683 234 88 12
-0.13299627 0.056639528 -0.083050064 234 88 12
-0.087457861 0.045593097 -0.10683531 234 88 12
-0.065413383 0.040017356 -0.12077085 234 88 12
-0.12519903 0.053355357 -0.091986594 234 88 12
-0.051799666 0.036765159 -0.13077656 234 88 12
-0.077900339 0.040872085 -0.11970441 234 88 12
-0.11759197 0.050088643 -0.10101898 234 88 12
-0.097963605 0.044886913 -0.11269073 234 88 12
-0.076171577 0.038992863 -0.12597165 234 88 12
-0.098469461 0.044256371 -0.11510743 234 88 12
-0.13586522 0.052821287 -0.097878953 234 88 12
-0.002722006 0.023900259 -0.17520828 234 88 12
-0.084173174 0.037034797 -0.13524587 234 88 12
-0.058992894 0.031337224 -0.1502783 234 88 12
-0.079020496 0.035171235 -0.14054189 234 88 12
-0.10961952 0.042479969 -0.12583569 234 88 12
-0.11528409 0.043843306 -0.12331878 234 88 12
0.0010477709 0.021104285 -0.18398637 234 88 12
-0.01788037 0.02376373 -0.17429117 234 88 12
-0.048398916 0.028655583 -0.15840414 234 88 12
-0.06231715 0.031226609 -0.15106648 234 88 12
-0.070947424 0.032800806 -0.14682608 234 88 12
-0.0054116679 0.020537504 -0.18533475 234 88 12
-0.010789755 0.021310504 -0.18274377 234 88 12
-0.016252083 0.022103054 -0.17993188 234 88 12
-0.049323931 0.027426445 -0.16266694 234 88 12
-0.014716526 0.020372765 -0.18525846 234 88 12
-0.025621804 0.021991188 -0.1796142 234 88 12
-0.031112628 0.022828737 -0.1768397 234 88 12
0.0001893229 0.01686464 -0.1970912 234 88 12
-0.034939623 0.022069636 -0.1795869 234 88 12
-0.040900281 0.022466695 -0.17899884 234 88 12
-0.0012232362 0.015675484 -0.20124572 234 88 12
-0.011958464 0.017037664 -0.1959153 234 88 12
-0.0099882849 0.016057852 -0.19926665 234 88 12
-0.039285758 0.020958604 -0.1848091 234 88 12
-0.04253147 0.020901544 -0.18573715 234 88 12
-0.037735701 0.019309635 -0.19028145 234 88 12
-0.056392219 0.022858418 -0.18113635 234 88 12
-0.030953578 0.016587799 -0.19808345 234 88 12
-0.038871885 0.018092447 -0.19436338 234 88 12
-0.054758063 0.021181727 -0.18671356 234 88 12
-0.057408966 0.021712482 -0.18541846 234 88 12
-0.042639721 0.017413226 -0.19719373 234 88 12
-0.0040920858 0.010026628 -0.21844908 234 88 12
-0.037971583 0.015822106 -0.20176307 234 88 12
-0.062132525 0.01997956 -0.19237448 234 88 12
-0.010789727 0.0094281864 -0.21965762 234 88 12
-0.062617939 0.019419153 -0.19446973 234 88 12
-0.031977846 0.012568514 -0.21176621 234 88 12
-0.037685655 0.013016375 -0.21141768 234 88 12
-0.040232482 0.013546995 -0.21016515 234 88 12
-0.047944337 0.015127893 -0.2064673 234 88 12
-0.050512203 0.015663693 -0.2051795 234 88 12
-0.018004499 0.0084372355 -0.22304661 234 88 12
-0.06727247 0.017934923 -0.20192862 234 88 12
-0.014245819 0.0064345032 -0.22988369 234 88 12
-0.004565146 0.0041939393 -0.23698307 234 88 12
-0.0071436009 0.0045985562 -0.23569352 234 88 12
-0.058313395 0.014275781 -0.2136229 234 88 12
-0.021887517 0.0049310339 -0.23560825 234 88 12
-0.044217766 0.0097170513 -0.22504148 234 88 12
-0.067100043 0.014837048 -0.21420264 234 88 12
-0.032375663 0.0064048731 -0.23282028 234 88 12
-0.059912156 0.012663473 -0.2199991 234 88 12
-0.070199192 0.014868743 -0.21501092 234 88 12
-0.028078192 0.0047651169 -0.23732822 234 88 12
-0.066618584 0.012229268 -0.22396017 234 88 12
-0.027383748 0.0024973162 -0.24457254 234 88 12
-0.06968815 0.012282902 -0.22487234 234 88 12
-0.030413902 0.0024562192 -0.2453826 234 88 12
-0.047509654 0.0064729005 -0.23745063 234 88 12
-0.018667904 -0.00078305188 -0.2529176 234 88 12
-0.035840021 0.0030400137 -0.24515779 234 88 12
-0.051544781 0.0055379337 -0.24278931 234 88 12
-0.071692122 0.010301947 -0.23327284 234 88 12
-0.045275263 0.0027349241 -0.25042097 234 88 12
-0.03378378 -0.00068877316 -0.25760285 234 88 12
-0.06558811 0.0070197519 -0.24344593 234 88 12
-0.052975234 0.0011108086 -0.25852473 234 88 12
-0.041514491 -0.0024315418 -0.26559923 234 88 12
-0.048763529 -0.00068502209 -0.26252476 234 88 12
-0.049385994 -0.0012557753 -0.26458681 234 88 12
-0.069762329 0.0030683241 -0.25777135 234 88 12
-0.072246889 0.0036829522 -0.25659141 234 88 12
-0.048165943 -0.0030117827 -0.26955705 234 88 12
-0.032309627 -0.0080416284 -0.27761496 234 88 12
-0.051214197 -0.0030118618 -0.27042613 234 88 12
-0.038463657 -0.00802757 -0.27971828 234 88 12
-0.069736382 0.00014342062 -0.26722611 234 88 12
-0.053832703 -0.0053717012 -0.27840705 234 88 12
0.065488049 -0.03221448 0.58884757 234 88 12
0.063343538 -0.033487461 0.58909462 234 88 12
0.056354764 -0.032747828 0.58642873 234 88 12
0.087040572 -0.014899508 0.57940211 234 88 12
0.084865075 -0.015855039 0.57983123 234 88 12
0.080545044 -0.017794146 0.58069305 234 88 12
0.078362246 -0.018775916 0.58118359 234 88 12
0.058877282 -0.028484319 0.58439901 234 88 12
0.012905466 -0.060944612 0.59085121 234 88 12
0.0051105132 -0.059642534 0.58917582 234 88 12
0.049019026 -0.025252393 0.58060107 234 88 12
0.019288554 -0.046537756 0.58519232 234 88 12
0.01728027 -0.047962089 0.58557716 234 88 12
0.095617082 -0.0025667638 0.57015459 234 88 12
0.086285204 -0.0057121418 0.57228447 234 88 12
0.053058166 -0.019638677 0.57855846 234 88 12
0.021264719 -0.041512128 0.58334211 234 88 12
0.063867945 -0.011547526 0.57506688 234 88 12
0.075309468 -0.0045177808 0.57116106 234 88 12
-0.0066432257 -0.05354822 0.5858228 234 88 12
0.078043077 -0.0011131353 0.56896018 234 88 12
-0.014469409 -0.05510114 0.58609439 234 88 12
-0.018312293 -0.057600492 0.58666835 234 88 12
0.069206796 -0.0016764688 0.56903318 234 88 12
-0.022202402 -0.056518463 0.58611295 234 88 12
0.060433711 -0.0023037225 0.56920285 234 88 12
0.0048532784 -0.03417842 0.57932433 234 88 12
-0.0088534447 -0.043960926 0.58215176 234 88 12
-0.050534145 -0.070807385 0.58962485 234 88 12
0.08783584 0.010887398 0.55965143 234 88 12
0.080406254 0.0088948249 0.56156029 234 88 12
-0.040969279 -0.057952373 0.58552773 234 88 12
-0.050337312 -0.063866711 0.58702895 234 88 12
0.020400967 -0.012712895 0.57226611 234 88 12
-0.017300945 -0.037881602 0.57984693 234 88 12
-0.053973747 -0.062802945 0.58639827 234 88 12
0.071816772 0.011033092 0.56038956 234 88 12
0.037368137 -0.0013030651 0.56786175 234 88 12
0.024679252 -0.0073715608 0.57021803 234 88 12
-0.0021923289 -0.023027897 0.57552303 234 88 12
-0.0042140012 -0.024361348 0.57598424 234 88 12
-0.053961398 -0.059320268 0.58518302 234 88 12
0.090130921 0.017881358 0.5537909 234 88 12
0.065706152 0.013897238 0.55853703 234 88 12
0.025018421 -0.0014182665 0.5673899 234 88 12
-0.057896477 -0.054675365 0.5832632 234 88 12
0.08904901 0.021856301 0.55057374 234 88 12
0.025225789 0.0014405205 0.56591868 234 88 12
0.0039564952 -0.0090389897 0.5702184 234 88 12
-0.033772638 -0.032774709 0.57784438 234 88 12
0.10915212 0.027640602 0.5428504 234 88 12
0.084491208 0.023084256 0.55000073 234 88 12
0.07667007 0.021455193 0.55202061 234 88 12
0.038786515 0.0096583021 0.5616215 234 88 12
-0.035974967 -0.030313512 0.57677146 234 88 12
0.041446808 0.013075092 0.55934347 234 88 12
-0.0080517007 -0.0097030642 0.56954295 234 88 12
-0.038064167 -0.027973109 0.57563543 234 88 12
-0.041650739 -0.030554135 0.57626801 234 88 12
0.11152279 0.031770476 0.53814311 234 88 12
0.089086912 0.02792705 0.54504374 234 88 12
0.073140472 0.024911677 0.54940946 234 88 12
-0.028387955 -0.018683898 0.57230764 234 88 12
-0.030372694 -0.019863531 0.57268283 234 88 12
-0.036180518 -0.023440892 0.57387404 234 88 12
-0.04716213 -0.03092912 0.57587589 234 88 12
-0.10066929 -0.071849927 0.58402106 234 88 12
0.076586206 0.027678918 0.54677047 234 88 12
0.0014283467 0.00024715737 0.56468118 234 88 12
-0.025970175 -0.014478795 0.57028377 234 88 12
-0.081494071 -0.053234846 0.58036904 234 88 12
-0.084981507 -0.05583221 0.58092904 234 88 12
-0.035622481 -0.017384024 0.57060751 234 88 12
-0.037588838 -0.01854578 0.57099915 234 88 12
0.063261877 0.028652299 0.54688417 234 88 12
0.053566152 0.025909022 0.54956491 234 88 12
0.051169073 0.025171609 0.55016206 234 88 12
0.0048935349 0.0065321285 0.56094693 234 88 12
-0.018556408 -0.0052839429 0.5655792 234 88 12
-0.024910704 -0.0086873081 0.56692447 234 88 12
-0.10237262 -0.062561081 0.58036257 234 88 12
-0.10576912 -0.065508696 0.58064702 234 88 12
0.099796433 0.036914777 0.53422271 234 88 12
0.079822572 0.034059927 0.54051999 234 88 12
-0.01566901 -0.0014011386 0.56344312 234 88 12
-0.017815512 -0.002525849 0.56390114 234 88 12
-0.083449568 -0.044183828 0.57652421 234 88 12
-0.1006305 -0.057597058 0.57885997 234 88 12
-0.076675287 -0.035636559 0.57378234 234 88 12
-0.10400286 -0.056988028 0.57788098 234 88 12
0.071608215 0.036084911 0.53923947 234 88 12
0.063916921 0.034465937 0.54140646 234 88 12
-0.016282486 0.0028036613 0.56053234 234 88 12
-0.064522463 -0.023970497 0.57020913 234 88 12
-0.080005394 -0.034918143 0.57294821 234 88 12
-0.11221303 -0.0609126 0.5772415 234 88 12
0.022973916 0.022745704 0.55083285 234 88 12
-0.028326686 -0.0011570342 0.56150954 234 88 12
-0.058755782 -0.017788275 0.56765479 234 88 12
-0.071242833 -0.025727263 0.57003385 234 88 12
-0.072966586 -0.026903453 0.57034005 234 88 12
0.091151647 0.042340457 0.529475 234 88 12
0.046592662 0.033250382 0.54289719 234 88 12
-0.014630919 0.0078422228 0.55716899 234 88 12
-0.052461463 -0.011824251 0.56480268 234 88 12
-0.08487675 -0.032364189 0.57090679 234 88 12
-0.10026938 -0.044008626 0.57340867 234 88 12
-0.013812164 0.010286824 0.55551299 234 88 12
-0.059674943 -0.01345143 0.56480248 234 88 12
0.074229867 0.04300977 0.53138438 234 88 12
0.07152729 0.042568335 0.53220005 234 88 12
0.039416061 0.034413824 0.54156967 234 88 12
0.012741757 0.023926428 0.54853357 234 88 12
0.033621062 0.034078654 0.54151725 234 88 12
0.011548293 0.025222392 0.54717244 234 88 12
-0.0057069266 0.017895288 0.55083975 234 88 12
-0.016370108 0.013081658 0.55294845 234 88 12
-0.1181572 -0.049635884 0.57059143 234 88 12
0.06648863 0.044694661 0.53000388 234 88 12
-0.019756317 0.013457063 0.55205172 234 88 12
-0.047529752 -0.00017638487 0.55771497 234 88 12
0.00050720102 0.024133402 0.54635539 234 88 12
-0.042385067 0.0044543653 0.55500738 234 88 12
-0.09274066 -0.023428788 0.56490902 234 88 12
-0.094451051 -0.024613619 0.56515098 234 88 12
-0.097896359 -0.026967483 0.56572905 234 88 12
-0.11649687 -0.041310789 0.56775181 234 88 12
0.054221362 0.045094998 0.52992696 234 88 12
0.0025932749 0.02831128 0.54255988 234 88 12
-0.010474989 0.022929542 0.54541008 234 88 12
-0.042645327 0.0081893884 0.55199366 234 88 12
-0.055459657 0.0019183297 0.55482144 234 88 12
-0.11632706 -0.03493623 0.56503953 234 88 12
-0.11954401 -0.037678518 0.5651607 234 88 12
0.023638369 0.038444007 0.53558148 234 88 12
-0.07490611 -0.0058089414 0.55739601 234 88 12
-0.090079622 -0.014157368 0.56005727 234 88 12
-0.10076236 -0.020812631 0.56166406 234 88 12
0.011496049 0.0351547 0.53704337 234 88 12
-0.0061027817 0.027935902 0.54130058 234 88 12
-0.034004054 0.015885825 0.54700828 234 88 12
-0.038379634 0.013864314 0.54788243 234 88 12
-0.047074069 0.0097581591 0.54977018 234 88 12
-0.074189806 -0.0033421468 0.55572925 234 88 12
-0.098703544 -0.01697663 0.5598587 234 88 12
0.055771778 0.050448306 0.52159697 234 88 12
0.045634379 0.04837898 0.52514556 234 88 12
-0.020182909 0.023800699 0.54257863 234 88 12
-0.096495112 -0.013293757 0.55805339 234 88 12
-0.10543107 -0.018792919 0.55936592 234 88 12
-0.10893491 -0.021109485 0.55978327 234 88 12
-0.11907116 -0.028608075 0.56073085 234 88 12
-0.12893791 -0.036649809 0.56143214 234 88 12
-0.13057302 -0.038054626 0.56157023 234 88 12
-0.13548169 -0.04242401 0.56190807 234 88 12
-0.14026704 -0.046997486 0.56201277 234 88 12
-0.036133398 0.018368221 0.54421758 234 88 12
-0.10327762 -0.015042185 0.55761965 234 88 12
-0.1287738 -0.033587353 0.56001242 234 88 12
0.041565153 0.049768626 0.5225512 234 88 12
0.008540469 0.038593624 0.53261645 234 88 12
-0.048199406 0.01455169 0.5453146 234 88 12
-0.10642505 -0.014666126 0.55660678 234 88 12
-0.1351639 -0.036117174 0.55916086 234 88 12
0.021329045 0.044797221 0.52726693 234 88 12
-0.0167454 0.029825126 0.53697633 234 88 12
-0.14440082 -0.041815155 0.55812785 234 88 12
-0.054615392 0.014899545 0.5435495 234 88 12
-0.020825471 0.031086616 0.53447792 234 88 12
-0.0272558 0.02843722 0.53598602 234 88 12
-0.068497675 0.010249852 0.54530328 234 88 12
-0.070628838 0.0093174834 0.54572337 234 88 12
-0.16507856 -0.063697421 0.55337959 234 88 12
-0.18046182 -0.08770108 0.54936166 234 88 12
0.0048772083 0.042770774 0.5262968 234 88 12
-0.001897097 0.04009902 0.52807513 234 88 12
-0.047896923 0.021131739 0.538874 234 88 12
-0.063129298 0.014316229 0.54241594 234 88 12
-0.11525998 -0.011223431 0.55198382 234 88 12
-0.12242496 -0.015738829 0.55279413 234 88 12
-0.046646633 0.023225485 0.53695897 234 88 12
0.035818053 0.053509559 0.51108685 234 88 12
-0.088409384 0.0064926608 0.54478476 234 88 12
-0.13028855 -0.016391005 0.55088524 234 88 12
-0.14354249 -0.026569652 0.55171446 234 88 12
-0.14969565 -0.032081164 0.55159788 234 88 12
-0.0090814574 0.041508508 0.52434149 234 88 12
-0.02458328 0.035467926 0.52827651 234 88 12
-0.091530253 0.0067787715 0.54379785 234 88 12
-0.10757851 -0.00098397419 0.54655599 234 88 12
-0.155494 -0.034891368 0.55019527 234 88 12
-0.17290643 -0.060862645 0.54742946 234 88 12
-0.18268332 -0.077391743 0.54452085 234 88 12
-0.012193367 0.041629511 0.52327111 234 88 12
-0.071443995 0.017242382 0.53790803 234 88 12
-0.10574882 0.0034167356 0.54326779 234 88 12
-0.11741089 -0.0026012099 0.54501779 234 88 12
-0.13051741 -0.010015518 0.54647973 234 88 12
-0.15681098 -0.030284985 0.54776216 234 88 12
-0.077654311 0.017633571 0.53611657 234 88 12
-0.11655153 -0.00034728364 0.54343256 234 88 12
-0.15363999 -0.024609364 0.54658754 234 88 12
-0.16621876 -0.038217661 0.54569527 234 88 12
-0.17937007 -0.059901856 0.54264192 234 88 12
-0.01218793 0.045047327 0.51707294 234 88 12
-0.034580135 0.037024369 0.52350074 234 88 12
-0.050169521 0.030653147 0.52763805 234 88 12
-0.11367991 0.002843105 0.5414587 234 88 12
-0.15790836 -0.02590551 0.54526599 234 88 12
-0.17731751 -0.052012078 0.54245623 234 88 12
-0.18190595 -0.060315137 0.54088095 234 88 12
-0.19951717 -0.092904112 0.53329353 234 88 12
-0.12441955 -0.00094969954 0.54145621 234 88 12
-0.15129535 -0.017954897 0.54389821 234 88 12
-0.16499056 -0.030268573 0.54355862 234 88 12
-0.19018393 -0.071467774 0.53686449 234 88 12
-0.022878403 0.043763285 0.51634525 234 88 12
-0.036280503 0.039047052 0.52022019 234 88 12
-0.065267352 0.027254415 0.52804396 234 88 12
-0.11365743 0.0061235195 0.5383586 234 88 12
-0.12919597 -0.0018486714 0.54043793 234 88 12
-0.14904266 -0.014243628 0.54245791 234 88 12
0.032730852 0.054094136 0.48978146 234 88 12
-0.046038971 0.036389815 0.52113527 234 88 12
-0.13018356 -0.00067624087 0.53908711 234 88 12
-0.16149122 -0.021837722 0.54133685 234 88 12
-0.18835461 -0.059493468 0.53608077 234 88 12
-0.037856938 0.040863165 0.51679582 234 88 12
-0.067053119 0.029332269 0.52514902 234 88 12
-0.082256609 0.023002825 0.52896227 234 88 12
-0.086560966 0.021230534 0.52993804 234 88 12
-0.13112859 0.00047033522 0.53772268 234 88 12
-0.16719814 -0.024695743 0.53978882 234 88 12
-0.17671168 -0.035788292 0.53859157 234 88 12
-0.0097356178 0.049450779 0.50462488 234 88 12
-0.012333993 0.048900061 0.50567363 234 88 12
-0.03187827 0.044070342 0.51304689 234 88 12
-0.12048219 0.0075737464 0.53467866 234 88 12
-0.18047882 -0.037906946 0.53668983 234 88 12
-0.19438668 -0.062731692 0.53176105 234 88 12
-0.19975615 -0.074050675 0.52880768 234 88 12
0.0038039626 0.051695926 0.49556919 234 88 12
-0.0072469835 0.050250683 0.50085383 234 88 12
-0.030266848 0.045597949 0.51037595 234 88 12
-0.032563751 0.044885869 0.51114504 234 88 12
-0.03935633 0.042514844 0.51329785 234 88 12
-0.043914881 0.040831529 0.51470316 234 88 12
-0.068728315 0.031346155 0.52208285 234 88 12
-0.077481394 0.027731904 0.52438516 234 88 12
-0.12139785 0.0086593015 0.53320006 234 88 12
-0.14235689 -0.002590255 0.53586321 234 88 12
-0.15820693 -0.013047539 0.53722063 234 88 12
-0.16478593 -0.018120361 0.53734208 234 88 12
-0.17097943 -0.023533976 0.53711631 234 88 12
-0.17793141 -0.031143576 0.53620841 234 88 12
0.0068841074 0.051744339 0.49091798 234 88 12
-0.18306584 -0.03483858 0.5340579 234 88 12
-0.18561553 -0.038538517 0.53336429 234 88 12
-0.20541739 -0.077959489 0.52383915 234 88 12
-0.033836191 0.046400882 0.50718254 234 88 12
-0.21265499 -0.090578613 0.51810119 234 88 12
-0.21693143 -0.099648286 0.5154382 234 88 12
-0.015424178 0.049425728 0.49619786 234 88 12
-0.05772359 0.039334521 0.51309725 234 88 12
-0.14520166 0.00082062184 0.53153924 234 88 12
-0.15246823 -0.0036481884 0.53237569 234 88 12
-0.20079122 -0.058599498 0.52553304 234 88 12
-0.10034609 0.02388469 0.52270409 234 88 12
-0.17683029 -0.019828905 0.53155375 234 88 12
-0.18127174 -0.024125431 0.53105224 234 88 12
-0.19998484 -0.052531523 0.52525694 234 88 12
-0.020923351 0.048953691 0.49286868 234 88 12
-0.070631237 0.037045534 0.51301108 234 88 12
-0.081712543 0.032825519 0.51640222 234 88 12
-0.086062939 0.031094272 0.51754922 234 88 12
-0.090424418 0.029324306 0.51869221 234 88 12
-0.18938182 -0.030819009 0.52834181 234 88 12
-0.19450392 -0.038236593 0.52676907 234 88 12
-0.2023235 -0.053278817 0.52324034 234 88 12
-0.20633699 -0.062488224 0.52058429 234 88 12
-0.21105675 -0.074501961 0.51685814 234 88 12
0.019066542 0.052078918 0.46926612 234 88 12
-0.026730975 0.048613377 0.49295891 234 88 12
-0.080258393 0.034596359 0.51403522 234 88 12
-0.082470212 0.033753782 0.51469563 234 88 12
-0.14037824 0.0082731217 0.52628473 234 88 12
-0.16241713 -0.0048553679 0.52879899 234 88 12
0.046803076 0.060467613 0.45541556 234 88 12
-0.089819425 0.032081647 0.51477043 234 88 12
-0.12769987 0.016080226 0.5228433 234 88 12
-0.16337956 -0.0037061685 0.52732579 234 88 12
0.046383078 0.061207319 0.45311752 234 88 12
-0.037917731 0.047939785 0.49300074 234 88 12
-0.10589677 0.027062272 0.5170009 234 88 12
-0.16607914 -0.0037157399 0.52603933 234 88 12
-0.20394599 -0.044286698 0.51999629 234 88 12
-0.2107583 -0.060702422 0.51514896 234 88 12
-0.043298344 0.047379466 0.49286056 234 88 12
-0.086863666 0.035503321 0.5101151 234 88 12
-0.10458948 0.028911762 0.51498906 234 88 12
-0.11316813 0.025396051 0.51684064 234 88 12
-0.16356326 -0.00023243189 0.5244114 234 88 12
-0.17224136 -0.0061469736 0.52480098 234 88 12
-0.17899595 -0.01113733 0.52488464 234 88 12
-0.18383457 -0.015125902 0.52466769 234 88 12
-0.21004004 -0.05441026 0.51515652 234 88 12
0.027804926 0.05692371 0.45482043 234 88 12
0.022810599 0.055369778 0.45658383 234 88 12
0.0070936194 0.051532708 0.46296407 234 88 12
-0.0058046977 0.049107889 0.46926283 234 88 12
-0.008459831 0.048688942 0.47057035 234 88 12
-0.056628705 0.045266179 0.49617752 234 88 12
-0.14791714 0.010557442 0.52095548 234 88 12
-0.20035157 -0.031339707 0.51975856 234 88 12
-0.21718264 -0.070263886 0.50801357 234 88 12
-0.2188789 -0.075241958 0.50633736 234 88 12
0.045030254 0.063491065 0.44649124 234 88 12
0.0094157833 0.05253058 0.45924443 234 88 12
-0.011079587 0.048251522 0.4686959 234 88 12
-0.022584924 0.047795063 0.47510259 234 88 12
-0.048671267 0.046910295 0.48993976 234 88 12
-0.056769064 0.045641496 0.49365108 234 88 12
-0.085968525 0.037893958 0.50577901 234 88 12
-0.12109899 0.02471104 0.51505216 234 88 12
-0.19040331 -0.016990585 0.5213816 234 88 12
-0.19881681 -0.026504064 0.51925827 234 88 12
-0.20845484 -0.042202628 0.51494296 234 88 12
-0.075008602 0.042419262 0.49953519 234 88 12
-0.086602386 0.038635834 0.50396031 234 88 12
-0.12401919 0.024810345 0.51391787 234 88 12
-0.17336315 -0.0014160188 0.52047132 234 88 12
-0.18027322 -0.0063007042 0.52066959 234 88 12
-0.18363007 -0.0088617977 0.52069277 234 88 12
-0.18993869 -0.014358853 0.52016469 234 88 12
0.060239555 0.069541829 0.43625103 234 88 12
0.031267971 0.06077552 0.44643163 234 88 12
0.011207204 0.054330219 0.45318726 234 88 12
-0.025255876 0.04763669 0.47057293 234 88 12
-0.087210603 0.039348751 0.5020955 234 88 12
-0.13910607 0.019468978 0.51473312 234 88 12
-0.1637671 0.0065833569 0.51826634 234 88 12
-0.16907705 0.0032304929 0.51879043 234 88 12
-0.17257452 0.00094321506 0.51896105 234 88 12
-0.18628212 -0.0090103291 0.51923768 234 88 12
-0.20605654 -0.031293871 0.51443295 234 88 12
0.041011045 0.065018784 0.44086455 234 88 12
-0.083061283 0.041479862 0.49823594 234 88 12
-0.10628432 0.034346646 0.50632886 234 88 12
-0.11072429 0.03277705 0.50754454 234 88 12
-0.21167566 -0.03821825 0.51045653 234 88 12
-0.21807793 -0.05497966 0.50501111 234 88 12
-0.22040959 -0.062649977 0.50230315 234 88 12
-0.22576171 -0.080621863 0.49585152 234 88 12
-0.085938149 0.041408764 0.49710365 234 88 12
-0.16920873 0.0066951273 0.51572269 234 88 12
0.012324438 0.057068904 0.44530447 234 88 12
-0.022120816 0.04750204 0.4597494 234 88 12
-0.056080586 0.045769059 0.4793156 234 88 12
-0.093691154 0.040175358 0.49804825 234 88 12
-0.10773456 0.0361126 0.50285597 234 88 12
-0.22610696 -0.073280854 0.4940973 234 88 12
-0.11297105 0.03554579 0.50244738 234 88 12
-0.16386863 0.013250082 0.51193219 234 88 12
-0.1746928 0.006823437 0.51307105 234 88 12
-0.22199478 -0.053732436 0.49918675 234 88 12
-0.22416646 -0.061565714 0.49613807 234 88 12
-0.23181639 -0.087655847 0.48660781 234 88 12
-0.0096622603 0.050546337 0.4482321 234 88 12
-0.076846281 0.044734511 0.48504982 234 88 12
-0.10202568 0.039693336 0.49675689 234 88 12
-0.11594646 0.035730574 0.50126047 234 88 12
0.010832079 0.059204247 0.43883251 234 88 12
-0.19372556 -0.0032470267 0.51037584 234 88 12
-0.20424488 -0.013853058 0.50850496 234 88 12
-0.2268794 -0.061899112 0.49174629 234 88 12
-0.23106409 -0.077814836 0.48571324 234 88 12
0.032905532 0.068313613 0.42953668 234 88 12
0.0055438031 0.057964204 0.43799409 234 88 12
-0.067791063 0.045072485 0.47422644 234 88 12
-0.13710077 0.030385063 0.50239579 234 88 12
-0.17222887 0.013468002 0.5080937 234 88 12
-0.17762671 0.010246115 0.50863759 234 88 12
-0.21062496 -0.019494916 0.50508964 234 88 12
-0.22169293 -0.040132463 0.49808498 234 88 12
-0.23343777 -0.0821758 0.48171737 234 88 12
0.0074430245 0.059611705 0.43506123 234 88 12
-0.026024907 0.048561232 0.44773647 234 88 12
-0.21408891 -0.022045738 0.5023731 234 88 12
0.065588824 0.078525868 0.41217099 234 88 12
0.045293887 0.073751423 0.42047442 234 88 12
0.031918656 0.069857565 0.42528455 234 88 12
-0.033920864 0.047714355 0.44906167 234 88 12
-0.039001488 0.046867927 0.4519066 234 88 12
-0.19510197 0.0015028513 0.50599287 234 88 12
-0.20711584 -0.010544544 0.50398754 234 88 12
-0.2098905 -0.013855183 0.50307428 234 88 12
-0.22167219 -0.03323178 0.49657655 234 88 12
-0.23502963 -0.080457474 0.47766574 234 88 12
-0.039234543 0.047084519 0.44917404 234 88 12
-0.12848879 0.037009663 0.49444546 234 88 12
-0.16764553 0.020666855 0.50254214 234 88 12
-0.16955033 0.019685697 0.50281547 234 88 12
-0.18050414 0.013542225 0.50398151 234 88 12
-0.20232543 -0.0031536728 0.50380854 234 88 12
-0.20808236 -0.0094569399 0.50245196 234 88 12
0.020712119 0.067643915 0.4241636 234 88 12
-0.029573384 0.049250368 0.44131439 234 88 12
-0.0054894041 0.056735367 0.42883121 234 88 12
-0.052770204 0.045208547 0.45059996 234 88 12
-0.090588353 0.043436613 0.47318796 234 88 12
-0.077101358 0.045090356 0.46248213 234 88 12
-0.090633481 0.043440771 0.47039709 234 88 12
-0.17231391 0.022775303 0.49798409 234 88 12
-0.17610268 0.020806032 0.49859384 234 88 12
-0.2382166 -0.077232499 0.46939034 234 88 12
0.051967423 0.07919103 0.40552269 234 88 12
0.046157044 0.07792712 0.40784035 234 88 12
-0.0257127 0.051646484 0.43163955 234 88 12
-0.18426167 0.017666969 0.49776078 234 88 12
-0.23896399 -0.076478489 0.46734113 234 88 12
-0.0019802888 0.060275159 0.42029717 234 88 12
-0.20397101 0.0050266999 0.49641606 234 88 12
0.028683367 0.074917816 0.40974307 234 88 12
0.018466823 0.071099779 0.41288153 234 88 12
0.0067714294 0.065297431 0.41552213 234 88 12
-0.013998006 0.055963096 0.42152814 234 88 12
-0.023911348 0.053187607 0.42557504 234 88 12
-0.11029519 0.042923096 0.47197512 234 88 12
-0.14831226 0.03692096 0.48751747 234 88 12
-0.15049714 0.036198445 0.48809108 234 88 12
-0.20939295 0.0015205943 0.49406613 234 88 12
-0.21084637 -5.5738311e-05 0.49374686 234 88 12
-0.014342818 0.056482096 0.41907039 234 88 12
-0.054073552 0.046976197 0.43781486 234 88 12
-0.19222367 0.017347268 0.49318657 234 88 12
-0.22857557 -0.02555427 0.48307755 234 88 12
-0.22954387 -0.027826038 0.48206025 234 88 12
-0.23510045 -0.045415864 0.47420331 234 88 12
-0.23865119 -0.062534714 0.46637339 234 88 12
-0.096454595 0.043459429 0.45910106 234 88 12
-0.16465488 0.033021838 0.48721894 234 88 12
-0.22834158 -0.02253484 0.48224468 234 88 12
-0.23379052 -0.03662154 0.47598916 234 88 12
-0.23886259 -0.058859008 0.46573115 234 88 12
0.027454706 0.076972206 0.40285595 234 88 12
-0.025014034 0.054800485 0.41843776 234 88 12
-0.032678244 0.053059118 0.42195542 234 88 12
-0.094318577 0.044256452 0.45536132 234 88 12
-0.15901375 0.036312555 0.48382873 234 88 12
-0.19397218 0.019246583 0.4898174 234 88 12
-0.15068216 0.039718785 0.47932321 234 88 12
-0.16401345 0.035506688 0.48297509 234 88 12
-0.17627334 0.030403656 0.48557735 234 88 12
-0.19833806 0.017822088 0.48836814 234 88 12
-0.0036727541 0.063338735 0.40532564 234 88 12
-0.06731767 0.048167804 0.43439238 234 88 12
-0.11421118 0.044061249 0.46052316 234 88 12
-0.13050576 0.042961744 0.46885242 234 88 12
-0.19200474 0.023265352 0.48606755 234 88 12
-0.20090161 0.017496302 0.48674711 234 88 12
-0.21649161 0.0029691276 0.48511972 234 88 12
-0.23259494 -0.024718434 0.47485773 234 88 12
-0.038862984 0.053682669 0.41756872 234 88 12
-0.13589609 0.042629194 0.46848642 234 88 12
-0.14380234 0.041813996 0.4718912 234 88 12
-0.18917489 0.026275948 0.48387836 234 88 12
-0.20512211 0.015831491 0.48503508 234 88 12
-0.2172441 0.0038291049 0.48332768 234 88 12
-0.2292361 -0.015276431 0.47682419 234 88 12
-0.23232959 -0.02174399 0.47403284 234 88 12
-0.23677313 -0.033790899 0.46845016 234 88 12
0.026073587 0.079320503 0.39353425 234 88 12
-0.059516782 0.049955118 0.42525413 234 88 12
-0.071533458 0.049343547 0.43181803 234 88 12
-0.077872967 0.049396737 0.43579817 234 88 12
-0.032022801 0.056657219 0.40925345 234 88 12
-0.15259826 0.042000047 0.47053974 234 88 12
-0.18311389 0.031934914 0.47897649 234 88 12
-0.19434383 0.025861944 0.48077241 234 88 12
-0.20155708 0.021311651 0.48131881 234 88 12
-0.21736847 0.0072290131 0.48019275 234 88 12
-0.21872581 0.0055285359 0.47979753 234 88 12
-0.23648058 -0.027530262 0.46702662 234 88 12
-0.057957531 0.05162684 0.41957846 234 88 12
-0.060667348 0.051208709 0.42088986 234 88 12
-0.097425558 0.047515531 0.44141248 234 88 12
-0.17781875 0.035302275 0.47583872 234 88 12
-0.20746817 0.018431606 0.47975628 234 88 12
0.033431445 0.083431537 0.38313472 234 88 12
-0.085552793 0.050984496 0.4332088 234 88 12
-0.11341624 0.046333954 0.44662923 234 88 12
-0.11872313 0.045849173 0.44940668 234 88 12
-0.14207536 0.043088725 0.46040345 234 88 12
-0.14490935 0.043071862 0.46179532 234 88 12
-0.24453317 -0.042887428 0.45520342 234 88 12
-0.12676437 0.045037704 0.45066523 234 88 12
-0.19095428 0.031449625 0.47448388 234 88 12
-0.22713904 -0.0015891213 0.47150407 234 88 12
-0.2417576 -0.032246785 0.45801837 234 88 12
-0.11718744 0.047078486 0.44348359 234 88 12
-0.14542256 0.043496124 0.45667448 234 88 12
-0.16665501 0.041830903 0.46651596 234 88 12
-0.2008866 0.02695053 0.47384585 234 88 12
-0.23843633 -0.022493784 0.46044763 234 88 12
-0.015237667 0.063617665 0.38903875 234 88 12
-0.020376818 0.062244125 0.39114087 234 88 12
-0.12996089 0.045341221 0.44704051 234 88 12
-0.13742077 0.044129545 0.45021696 234 88 12
-0.14567028 0.043766509 0.45411344 234 88 12
-0.21357595 0.019022036 0.47246777 234 88 12
-0.22088023 0.011179782 0.47118263 234 88 12
0.0058763124 0.072980445 0.38001755 234 88 12
-0.023258431 0.062177706 0.38993455 234 88 12
-0.047746413 0.057724844 0.40258496 234 88 12
-0.14042479 0.044274621 0.44894615 234 88 12
-0.14312757 0.04411248 0.4502603 234 88 12
-0.15182846 0.044417353 0.4547448 234 88 12
-0.23456666 -0.010194156 0.4615232 234 88 12
-0.0081454465 0.066875719 0.38143826 234 88 12
-0.037507574 0.06053717 0.39477786 234 88 12
-0.053476456 0.057338128 0.40316321 234 88 12
-0.13084071 0.04630478 0.44235251 234 88 12
-0.13814665 0.044971821 0.44533449 234 88 12
-0.16068105 0.044952817 0.45701833 234 88 12
-0.18966011 0.036311728 0.46618062 234 88 12
-0.19161045 0.035399726 0.46647741 234 88 12
-0.24866195 -0.038505291 0.44629721 234 88 12
-0.09939145 0.052736999 0.42600143 234 88 12
-0.15244276 0.045120832 0.44985658 234 88 12
-0.20877578 0.026458007 0.46683246 234 88 12
-0.22270983 0.01337942 0.46541033 234 88 12
-0.23587464 -0.0088982999 0.45746011 234 88 12
0.032048333 0.087035732 0.36561057 234 88 12
-0.01099447 0.066938196 0.37718828 234 88 12
-0.038410863 0.061926505 0.39040073 234 88 12
-0.068256097 0.056580099 0.40597548 234 88 12
-0.19469276 0.0358674 0.46285938 234 88 12
-0.24244928 -0.018386538 0.45097949 234 88 12
-0.011133582 0.06738146 0.37460147 234 88 12
-0.018814595 0.065303086 0.37768861 234 88 12
-0.055132331 0.059545182 0.39687595 234 88 12
-0.068856905 0.057367392 0.40390311 234 88 12
-0.11525941 0.051366662 0.42820392 234 88 12
-0.12042968 0.050567682 0.43050199 234 88 12
-0.22384758 0.014688375 0.46156634 234 88 12
0.021094598 0.083951549 0.36403069 234 88 12
-0.0393527 0.063431671 0.38612199 234 88 12
-0.063785594 0.058812105 0.39900492 234 88 12
-0.12593706 0.050421311 0.43064928 234 88 12
-0.1918564 0.039027665 0.45798523 234 88 12
-0.19765887 0.0361859 0.45910748 234 88 12
-0.24609364 -0.021021928 0.44535854 234 88 12
-0.05357725 0.061669037 0.39131883 234 88 12
-0.070097349 0.058973869 0.39976599 234 88 12
-0.083043975 0.059035443 0.40768076 234 88 12
-0.10193894 0.055998869 0.41805636 234 88 12
-0.12408882 0.051650813 0.42752305 234 88 12
-0.23857837 -0.0060532466 0.44960446 234 88 12
-0.25040331 -0.029861415 0.43895193 234 88 12
-0.034315597 0.065536251 0.37826678 234 88 12
-0.040311941 0.06503812 0.38188065 234 88 12
-0.076972568 0.059644951 0.40123013 234 88 12
-0.10491465 0.056206197 0.41705105 234 88 12
-0.12465332 0.052430122 0.42555104 234 88 12
-0.14138663 0.048898101 0.43246172 234 88 12
-0.18679444 0.042661242 0.45241489 234 88 12
-0.22539844 0.016495909 0.45538708 234 88 12
-0.2493488 -0.024276261 0.4392269 234 88 12
-0.031507275 0.066338799 0.37408762 234 88 12
-0.15213445 0.04829594 0.43453853 234 88 12
-0.20474824 0.034837147 0.45382647 234 88 12
-0.25556105 -0.044869438 0.42601609 234 88 12
-0.10151658 0.05920574 0.41119104 234 88 12
-0.18346822 0.045220375 0.44698334 234 88 12
-0.19184962 0.042213478 0.4491717 234 88 12
-0.19384482 0.041348867 0.44964056 234 88 12
-0.21235515 0.030724677 0.45253139 234 88 12
-0.25364903 -0.033195383 0.42978305 234 88 12
0.002237028 0.075677269 0.35399659 234 88 12
-0.0044984114 0.072487177 0.35595941 234 88 12
-0.011652203 0.069941637 0.35853439 234 88 12
-0.02877984 0.067482744 0.36715328 234 88 12
-0.06694529 0.062794887 0.3887069 234 88 12
-0.1091588 0.058062529 0.41197885 234 88 12
-0.11389027 0.056993085 0.41404435 234 88 12
-0.12140987 0.055704072 0.41736222 234 88 12
-0.16990531 0.049190431 0.43933739 234 88 12
-0.19229735 0.042767223 0.44697801 234 88 12
-0.21281071 0.031288043 0.45044658 234 88 12
-0.23612993 0.0044388945 0.4450887 234 88 12
-0.25485931 -0.035332196 0.42609575 234 88 12
-0.25605353 -0.040910862 0.42307257 234 88 12
0.031018558 0.09018408 0.34418509 234 88 12
-0.022445465 0.068143773 0.36069021 234 88 12
-0.039192131 0.068312226 0.37152043 234 88 12
-0.089567673 0.063316555 0.4006505 234 88 12
-0.16222917 0.050076051 0.43256181 234 88 12
-0.20796808 0.035416111 0.44773796 234 88 12
-0.21495744 0.030603047 0.44836854 234 88 12
-0.25532273 -0.034818677 0.42374491 234 88 12
-0.042802449 0.068888642 0.37126354 234 88 12
-0.10348411 0.061682553 0.40534508 234 88 12
-0.22631592 0.021057718 0.44510281 234 88 12
-0.2529183 -0.02388689 0.42726898 234 88 12
0.025262596 0.088979187 0.34045498 234 88 12
0.0042616949 0.077798536 0.3451802 234 88 12
-0.0047205221 0.073466112 0.34765557 234 88 12
-0.052058089 0.068337253 0.37395437 234 88 12
-0.16606306 0.051304092 0.42980093 234 88 12
-0.23378612 0.01228859 0.44074285 234 88 12
0.030573082 0.09118877 0.33554913 234 88 12
0.010992569 0.081847974 0.34090604 234 88 12
-0.0047715034 0.073794113 0.34489123 234 88 12
-0.040530662 0.070327022 0.36488333 234 88 12
-0.043781537 0.070305228 0.36692956 234 88 12
-0.06101381 0.067408169 0.37632643 234 88 12
-0.072182902 0.065635064 0.3822201 234 88 12
-0.11621685 0.060139633 0.40607976 234 88 12
-0.24710803 -0.0065086861 0.43104106 234 88 12
-0.25456402 -0.025406217 0.42103716 234 88 12
-0.10982418 0.062698566 0.40114536 234 88 12
-0.13195957 0.058511196 0.4110096 234 88 12
-0.21147863 0.036391861 0.43910952 234 88 12
-0.21664929 0.032807869 0.43940551 234 88 12
-0.21995039 0.030220246 0.4393963 234 88 12
-0.23475736 0.013602131 0.43629937 234 88 12
-0.24756707 -0.0059388296 0.42875834 234 88 12
-0.033578662 0.070762121 0.35440199 234 88 12
-0.10108821 0.066300495 0.39518915 234 88 12
-0.10812298 0.064158826 0.39827627 234 88 12
-0.13502089 0.058891187 0.41006437 234 88 12
-0.13747991 0.05839708 0.41107728 234 88 12
-0.15197786 0.055200622 0.41647877 234 88 12
-0.19687648 0.045158123 0.43412977 234 88 12
-0.23660151 0.012401259 0.43342714 234 88 12
-0.076902658 0.0678134 0.37772617 234 88 12
-0.21400814 0.036271053 0.43468731 234 88 12
-0.22070876 0.031249209 0.43481907 234 88 12
0.024738212 0.090432605 0.32580718 234 88 12
0.01986166 0.088020839 0.32725584 234 88 12
0.010662744 0.082888444 0.32939853 234 88 12
0.001599675 0.07812487 0.33157529 234 88 12
-0.068808017 0.069361496 0.37098921 234 88 12
-0.090594978 0.068805008 0.38413314 234 88 12
-0.24029264 0.0099379765 0.42770925 234 88 12
0.0037539346 0.079531425 0.3280889 234 88 12
-0.014481233 0.072047972 0.3341498 234 88 12
-0.11426312 0.065188525 0.39405262 234 88 12
-0.11888003 0.064081413 0.39601553 234 88 12
-0.18352915 0.052234425 0.42287763 234 88 12
-0.19603707 0.047601761 0.42661968 234 88 12
-0.20934298 0.040606207 0.42951805 234 88 12
-0.25119905 -0.0083787065 0.41690582 234 88 12
0.0059712765 0.08092514 0.32455694 234 88 12
-0.046444558 0.074177082 0.3532322 234 88 12
-0.081706307 0.069926216 0.37319166 234 88 12
-0.08832431 0.070173648 0.3775409 234 88 12
-0.10802853 0.067903247 0.38905339 234 88 12
-0.13728832 0.062244189 0.40192249 234 88 12
-0.17714212 0.054939868 0.41817844 234 88 12
-0.18393486 0.052836254 0.42061977 234 88 12
-0.038762374 0.073599641 0.34471941 234 88 12
-0.1274631 0.064411192 0.39511305 234 88 12
-0.18651169 0.052672644 0.41911812 234 88 12
-0.20254255 0.045746276 0.42338471 234 88 12
-0.24531498 0.0056785006 0.41838451 234 88 12
0.010358005 0.083793633 0.31741143 234 88 12
-0.22231932 0.033397276 0.42292817 234 88 12
0.010281312 0.083994929 0.31433739 234 88 12
-0.1535923 0.061561095 0.40153702 234 88 12
-0.22578182 0.030994201 0.42017064 234 88 12
-0.24348236 0.010529424 0.41503676 234 88 12
-0.24600766 0.0065867762 0.41342609 234 88 12
-0.012333363 0.07373359 0.31844965 234 88 12
-0.14692772 0.063909391 0.39688477 234 88 12
-0.16420834 0.060483338 0.40320625 234 88 12
-0.1718701 0.059326555 0.40667086 234 88 12
-0.22288383 0.034130634 0.41794172 234 88 12
-0.12671937 0.06748879 0.38539336 234 88 12
-0.13744834 0.066553732 0.39049864 234 88 12
-0.21811147 0.038354838 0.41554263 234 88 12
-0.24399889 0.011214825 0.40983834 234 88 12
-0.13789962 0.067246268 0.38833589 234 88 12
-0.1841471 0.056977152 0.4064915 234 88 12
-0.20222237 0.048888154 0.41118237 234 88 12
-0.21668434 0.039944103 0.41303257 234 88 12
-0.22499046 0.033449133 0.41275743 234 88 12
0.021282786 0.091206585 0.29971011 234 88 12
-0.091834895 0.074959286 0.36282025 234 88 12
-0.15567031 0.064476638 0.3931235 234 88 12
-0.25237292 -0.0028495548 0.39732177 234 88 12
-0.11847134 0.071272527 0.37455293 234 88 12
-0.20086405 0.05070932 0.40586761 234 88 12
-0.20461855 0.048628747 0.40656908 234 88 12
0.02095178 0.091645651 0.29361915 234 88 12
0.0097047114 0.084970658 0.2961663 234 88 12
-0.08303985 0.075958401 0.35171189 234 88 12
-0.1122861 0.073933693 0.36951356 234 88 12
-0.16402484 0.064317414 0.3915105 234 88 12
-0.24960419 0.0044445515 0.39523269 234 88 12
-0.17428343 0.062816045 0.39305766 234 88 12
-0.20138225 0.051452789 0.40091671 234 88 12
-0.2392483 0.019668644 0.39871584 234 88 12
0.0051008287 0.082639237 0.29126479 234 88 12
-0.13185744 0.070904239 0.37306444 234 88 12
-0.14258326 0.06998458 0.3784247 234 88 12
-0.16002905 0.066680105 0.38528132 234 88 12
0.0049278365 0.082788306 0.28840538 234 88 12
-0.052553871 0.080547526 0.32426416 234 88 12
-0.11131169 0.076461699 0.36148254 234 88 12
-0.23664914 0.023553989 0.39418391 234 88 12
-0.24890835 0.0073144528 0.38757187 234 88 12
-0.12985942 0.072308584 0.36695574 234 88 12
-0.16579848 0.066764183 0.38264326 234 88 12
0.01095534 0.087253213 0.28094454 234 88 12
-0.0065498875 0.077502726 0.28592437 234 88 12
-0.091803188 0.079433225 0.34435622 234 88 12
-0.1538989 0.069999051 0.37572507 234 88 12
-0.23835037 0.022056499 0.38770473 234 88 12
-0.24672044 0.011536416 0.38352085 234 88 12
-0.071520889 0.081656652 0.3291506 234 88 12
-0.1125397 0.078114744 0.35446204 234 88 12
-0.15921006 0.069476289 0.3752381 234 88 12
-0.2265283 0.035344162 0.38857351 234 88 12
-0.22958498 0.032210438 0.387901 234 88 12
-0.23549501 0.025498439 0.38597704 234 88 12
0.0059504837 0.08520881 0.27625689 234 88 12
-0.057440054 0.08309706 0.3169968 234 88 12
-0.20636829 0.051149712 0.38604714 234 88 12
-0.13909504 0.073462684 0.36118818 234 88 12
-0.18334676 0.063624375 0.37879416 234 88 12
-0.19156402 0.0599092 0.3809125 234 88 12
0.0051433611 0.086008532 0.27097761 234 88 12
-0.10041349 0.082264788 0.34032953 234 88 12
-0.10645027 0.081802607 0.34389117 234 88 12
-0.13655037 0.074000753 0.35704415 234 88 12
-0.16763185 0.069167296 0.37089374 234 88 12
-0.22986358 0.032243815 0.37909478 234 88 12
-0.23269238 0.028776059 0.37796057 234 88 12
-0.14241646 0.074098707 0.35760708 234 88 12
-0.23850223 0.021851437 0.37246132 234 88 12
-0.079610398 0.083700116 0.32081335 234 88 12
-0.12100573 0.078304321 0.3449116 234 88 12
-0.16836217 0.069989483 0.36617453 234 88 12
-0.19812871 0.057681972 0.37436506 234 88 12
-0.22549745 0.037026068 0.37424656 234 88 12
-0.24155157 0.018457421 0.36814261 234 88 12
-0.0071981645 0.08171767 0.2667459 234 88 12
-0.1275244 0.076728606 0.34486661 234 88 12
-0.1428051 0.074728181 0.35247325 234 88 12
-0.15630112 0.073096422 0.35896617 234 88 12
-0.15882036 0.07258379 0.35992798 234 88 12
-0.21929986 0.043019158 0.37257747 234 88 12
-0.22247096 0.040092994 0.37202354 234 88 12
-0.071936913 0.086435341 0.31098861 234 88 12
-0.083475931 0.084695204 0.31797317 234 88 12
-0.1130117 0.082698692 0.33634598 234 88 12
-0.19863429 0.058153183 0.3690957 234 88 12
-0.24135866 0.018030945 0.36163054 234 88 12
-0.10572485 0.085033642 0.33036687 234 88 12
-0.19883887 0.058358053 0.36635006 234 88 12
-0.217917 0.044548152 0.36700179 234 88 12
0.011202825 0.094245775 0.25250686 234 88 12
-0.1465106 0.075625406 0.3435632 234 88 12
-0.15205036 0.075251078 0.3464487 234 88 12
-0.17013103 0.07194 0.35374345 234 88 12
-0.21970927 0.043167206 0.36085383 234 88 12
-0.12310769 0.081214731 0.33001079 234 88 12
-0.1796238 0.069348228 0.35424305 234 88 12
-0.22986283 0.031446965 0.35341292 234 88 12
-0.079859965 0.088596987 0.30245073 234 88 12
-0.1317587 0.078694722 0.33063799 234 88 12
-0.16057354 0.074801365 0.34473116 234 88 12
-0.1683623 0.073298603 0.34785975 234 88 12
0.019121329 0.10075806 0.23757641 234 88 12
-0.12380875 0.082050079 0.32494093 234 88 12
-0.16081648 0.075099348 0.34205204 234 88 12
-0.0069608882 0.088454769 0.24510102 234 88 12
-0.015964085 0.084722639 0.24910957 234 88 12
-0.022651136 0.082448859 0.25236963 234 88 12
-0.19444704 0.062879897 0.34939546 234 88 12
-0.22270524 0.039652348 0.34746393 234 88 12
-0.23825673 0.015928502 0.33612818 234 88 12
-0.14225733 0.077319981 0.32705308 234 88 12
-0.14488315 0.076988418 0.32846211 234 88 12
-0.19638946 0.06179238 0.34684497 234 88 12
-0.21956188 0.042618462 0.34518657 234 88 12
0.019969759 0.10384188 0.22910994 234 88 12
-0.017019499 0.08589025 0.24429912 234 88 12
-0.17414361 0.07312239 0.33914528 234 88 12
-0.19290513 0.064265432 0.34348532 234 88 12
-0.21627174 0.045452505 0.34259363 234 88 12
-0.23033938 0.027526842 0.33503663 234 88 12
0.021813195 0.10591058 0.22591903 234 88 12
-0.031133575 0.081973392 0.24839121 234 88 12
-0.097362276 0.090614236 0.30058317 234 88 12
-0.10923529 0.08979513 0.30815984 234 88 12
-0.13357357 0.080184188 0.31756046 234 88 12
-0.18109661 0.070808353 0.33847306 234 88 12
-0.227506 0.030880878 0.3332317 234 88 12
0.016231553 0.10418378 0.22561564 234 88 12
-0.14811178 0.07708952 0.32140512 234 88 12
0.0013773055 0.09742629 0.22875723 234 88 12
-0.034936207 0.082559676 0.24494146 234 88 12
-0.1770932 0.072947606 0.33164711 234 88 12
-0.18568339 0.069149234 0.33373416 234 88 12
-0.23555942 0.01001126 0.31443906 234 88 12
0.0053121946 0.10078248 0.22497028 234 88 12
-0.012786682 0.091224724 0.23203763 234 88 12
-0.017178225 0.089251448 0.23394349 234 88 12
-0.11991903 0.087828742 0.3041691 234 88 12
-0.21733937 0.042400452 0.32868763 234 88 12
-0.23421048 0.012020477 0.3124183 234 88 12
-0.017888158 0.089963224 0.2318001 234 88 12
-0.1156679 0.09016692 0.29988413 234 88 12
-0.12656551 0.085111459 0.30366486 234 88 12
-0.14376115 0.078562589 0.31052013 234 88 12
-0.15113434 0.077158598 0.31407419 234 88 12
-0.17280603 0.074714584 0.32452092 234 88 12
-0.089815166 0.092505539 0.28056839 234 88 12
-0.19732476 0.062329171 0.32660856 234 88 12
-0.21587114 0.043841311 0.32297903 234 88 12
-0.21873144 0.040251685 0.32146549 234 88 12
-0.23356546 0.010889235 0.30529858 234 88 12
-0.23514342 0.0049617199 0.3015628 234 88 12
-0.24154058 -0.021378824 0.2846054 234 88 12
0.0051710453 0.10512441 0.21828196 234 88 12
-0.0084642125 0.097335298 0.22323978 234 88 12
-0.093122625 0.092721318 0.27990121 234 88 12
-0.12078146 0.088935867 0.29625344 234 88 12
-0.13117235 0.083862932 0.29967849 234 88 12
-0.15668234 0.076819706 0.31089664 234 88 12
-0.16512063 0.076158693 0.3149744 234 88 12
-0.1843079 0.070905488 0.3220312 234 88 12
-0.24485107 -0.032487139 0.27502607 234 88 12
-0.11881686 0.090297261 0.29280399 234 88 12
-0.2304649 0.018209752 0.30318744 234 88 12
-0.23231542 0.012927265 0.30011663 234 88 12
-0.23539304 0.0011265888 0.29266448 234 88 12
-0.23945942 -0.016746604 0.28087664 234 88 12
0.01300866 0.11264069 0.21086237 234 88 12
-0.0081262954 0.10075308 0.21889108 234 88 12
-0.014764761 0.096946185 0.2212976 234 88 12
-0.19051133 0.067884509 0.31741708 234 88 12
-0.23517647 0.00081003724 0.2891705 234 88 12
8.509365e-05 0.10717007 0.21367202 234 88 12
-0.084753162 0.093490586 0.26478415 234 88 12
-0.091010467 0.093625959 0.26921877 234 88 12
-0.13431386 0.084044944 0.29256909 234 88 12
-0.18269264 0.072470084 0.31291397 234 88 12
-0.23200201 0.012256509 0.2932735 234 88 12
-0.24404879 -0.034224728 0.2638117 234 88 12
-0.24870343 -0.043734442 0.25827897 234 88 12
-0.22005116 0.037791872 0.30488697 234 88 12
-0.24270522 -0.031943817 0.26177351 234 88 12
-0.2448108 -0.037266116 0.25850087 234 88 12
-0.0041812548 0.10811894 0.21109576 234 88 12
-0.006538943 0.10681107 0.21206389 234 88 12
-0.022180719 0.097905396 0.21776584 234 88 12
-0.13513476 0.084780847 0.28715255 234 88 12
-0.2383896 -0.017889777 0.26681836 234 88 12
0.01775671 0.12056919 0.19962042 234 88 12
-0.0357848 0.092396223 0.22103676 234 88 12
-0.13342451 0.086091672 0.28354604 234 88 12
-0.13553972 0.085189519 0.28438425 234 88 12
-0.21197655 0.048960977 0.30369606 234 88 12
-0.22792846 0.022112388 0.28968716 234 88 12
-0.23067192 0.01439888 0.28485471 234 88 12
-0.028528532 0.097947471 0.21613768 234 88 12
-0.030565668 0.096816516 0.21699657 234 88 12
-0.06651641 0.090244711 0.23721197 234 88 12
-0.20618034 0.055751246 0.3023928 234 88 12
-0.22683292 0.024372623 0.28782722 234 88 12
-0.23786781 -0.018413465 0.25973802 234 88 12
0.0082335938 0.11895939 0.19945135 234 88 12
-0.0021145969 0.11410901 0.20399482 234 88 12
-0.088612292 0.093979429 0.25244661 234 88 12
-0.21875118 0.039460852 0.29338564 234 88 12
-0.13465921 0.08741547 0.27548026 234 88 12
-0.13887472 0.08561649 0.27708489 234 88 12
-0.23492661 -0.0070023119 0.26075492 234 88 12
-0.24236534 -0.036811846 0.24194635 234 88 12
0.0095446261 0.12221235 0.19417832 234 88 12
-0.0064891633 0.11512456 0.20155102 234 88 12
-0.044888095 0.095065719 0.21605462 234 88 12
-0.11371459 0.094558726 0.26371151 234 88 12
-0.17934114 0.075418477 0.29135898 234 88 12
-0.20185606 0.060543803 0.29405324 234 88 12
-0.21619243 0.043213293 0.28904635 234 88 12
-0.23244017 0.0048618069 0.26556031 234 88 12
-0.23477457 -0.0072778694 0.25728546 234 88 12
-0.048384425 0.095377442 0.21536635 234 88 12
-0.13747796 0.087410987 0.27092929 234 88 12
-0.1915728 0.068884109 0.29087241 234 88 12
-0.21623648 0.043144547 0.28589931 234 88 12
-0.23235172 0.0046769714 0.26225965 234 88 12
-0.23524478 -0.010496593 0.2517667 234 88 12
-0.062461789 0.093033636 0.22001255 234 88 12
-0.075028541 0.092892425 0.22941592 234 88 12
-0.18979028 0.070204034 0.28759069 234 88 12
-0.19168615 0.06895908 0.28787798 234 88 12
-0.23516633 -0.010615445 0.24833044 234 88 12
-0.0065804522 0.11967856 0.19483712 234 88 12
-0.12693345 0.092423376 0.26140594 234 88 12
-0.15546761 0.081813102 0.27215324 234 88 12
-0.17298082 0.078108081 0.27994886 234 88 12
-0.18184384 0.074841343 0.2830847 234 88 12
-0.22335813 0.030382635 0.27266988 234 88 12
-0.017962857 0.11609649 0.19765622 234 88 12
-0.11160176 0.0959078 0.25047421 234 88 12
-0.17983914 0.075898477 0.27951563 234 88 12
-0.20055873 0.062095275 0.28215003 234 88 12
-0.20528697 0.057466668 0.28154919 234 88 12
-0.23097734 0.010431953 0.25668878 234 88 12
-0.23680473 -0.019846818 0.2351557 234 88 12
-0.1841506 0.073975788 0.27761634 234 88 12
-0.21253407 0.048860378 0.27615249 234 88 12
-0.21892389 0.03909141 0.27161566 234 88 12
-0.17561372 0.077752075 0.2720241 234 88 12
-0.18824938 0.071660167 0.27544004 234 88 12
-0.20983686 0.052438252 0.27438104 234 88 12
-0.23108845 0.010444897 0.25042964 234 88 12
-0.23475393 -0.0074698068 0.23750982 234 88 12
-0.098993569 0.095833294 0.2287505 234 88 12
-0.13044214 0.09349804 0.2489452 234 88 12
-0.16140245 0.082074525 0.26034291 234 88 12
-0.16856534 0.079986118 0.26305842 234 88 12
-0.20856025 0.054086665 0.26883744 234 88 12
-0.2277322 0.020868956 0.25103029 234 88 12
-0.065521391 0.10329319 0.20728761 234 88 12
-0.070274968 0.10169429 0.20946421 234 88 12
-0.082427557 0.098144346 0.21584148 234 88 12
-0.16616471 0.080727808 0.25919346 234 88 12
-0.17802371 0.07697735 0.26353439 234 88 12
-0.2100563 0.052333384 0.26538219 234 88 12
-0.24313558 -0.047517646 0.19943342 234 88 12
-0.045431914 0.11342445 0.19662315 234 88 12
-0.05016527 0.11133874 0.19862912 234 88 12
-0.1376614 0.091679317 0.24607237 234 88 12
-0.056047305 0.11065642 0.19901227 234 88 12
-0.07964055 0.10192455 0.20987304 234 88 12
-0.16381049 0.081403814 0.25213424 234 88 12
-0.18835489 0.071311713 0.25990583 234 88 12
-0.21559077 0.044936063 0.25638599 234 88 12
-0.024615746 0.12551529 0.18117916 234 88 12
-0.069069293 0.10734681 0.20291933 234 88 12
-0.07842768 0.10400833 0.20718155 234 88 12
-0.10912786 0.096984766 0.22393636 234 88 12
-0.16375165 0.081208977 0.24895209 234 88 12
-0.22400887 0.030310226 0.24480487 234 88 12
-0.23093729 0.013800269 0.23390981 234 88 12
-0.23521157 -0.0070095892 0.21856731 234 88 12
-0.086475417 0.10271966 0.20892123 234 88 12
-0.093487097 0.10020067 0.21204202 234 88 12
-0.1122382 0.097012839 0.22298387 234 88 12
-0.18642925 0.072319601 0.25297862 234 88 12
-0.22517411 0.028125972 0.2403172 234 88 12
-0.14197478 0.089642432 0.23514234 234 88 12
-0.15502803 0.084401459 0.23944033 234 88 12
-0.19585289 0.065717946 0.25076164 234 88 12
-0.21828378 0.040850212 0.24475373 234 88 12
-0.052649154 0.11862017 0.18846262 234 88 12
-0.23365968 0.005796302 0.21898558 234 88 12
-0.23846843 -0.037712901 0.18448669 234 88 12
-0.0939317 0.10452947 0.20595394 234 88 12
-0.10569652 0.10035356 0.21127757 234 88 12
-0.19408541 0.066830324 0.24394806 234 88 12
-0.22547831 0.0282276 0.23067789 234 88 12
-0.10648675 0.10134129 0.20946417 234 88 12
-0.15305138 0.085074494 0.22900986 234 88 12
-0.22563533 0.028285696 0.22754351 234 88 12
-0.23809966 -0.038315636 0.1764328 234 88 12
-0.079664726 0.11323486 0.19539288 234 88 12
-0.093547263 0.10780783 0.20174534 234 88 12
-0.10499956 0.10327492 0.20663958 234 88 12
-0.1446503 0.089105393 0.22341598 234 88 12
-0.2235194 0.032681586 0.22721982 234 88 12
-0.22893341 0.02167306 0.22034954 234 88 12
-0.23457612 0.0029317847 0.20723079 234 88 12
-0.23572045 -0.010511565 0.19527635 234 88 12
-0.073288963 0.1169656 0.18993346 234 88 12
-0.11985464 0.099247431 0.21124389 234 88 12
-0.1942754 0.066758368 0.23406334 234 88 12
-0.20609299 0.056751388 0.23395891 234 88 12
-0.040550473 0.13022761 0.16768482 234 88 12
-0.22014202 0.03908089 0.22462436 234 88 12
-0.16638289 0.079996371 0.22075851 234 88 12
-0.18046792 0.075020813 0.22488397 234 88 12
-0.19808048 0.064107416 0.22800373 234 88 12
-0.20312024 0.059818037 0.22783624 234 88 12
-0.23043425 0.01972484 0.20968128 234 88 12
-0.23481549 0.0028945384 0.19722042 234 88 12
-0.23616825 -0.029499832 0.16791307 234 88 12
-0.11334323 0.10606301 0.20204882 234 88 12
-0.23528964 -0.0041163462 0.18736691 234 88 12
-0.057717841 0.12746792 0.1703554 234 88 12
-0.12757463 0.10150864 0.20535258 234 88 12
-0.14061257 0.095448205 0.20925447 234 88 12
-0.17129358 0.078803018 0.21640196 234 88 12
-0.21233844 0.050250487 0.21949805 234 88 12
-0.2217659 0.037253334 0.21393919 234 88 12
-0.052897413 0.13034127 0.1639866 234 88 12
-0.19108553 0.069697914 0.21786881 234 88 12
-0.19996751 0.062791692 0.21822511 234 88 12
-0.094419795 0.11749683 0.18697913 234 88 12
-0.18530132 0.073493207 0.21378495 234 88 12
-0.18925925 0.071117241 0.2143631 234 88 12
-0.21237319 0.050240046 0.21297288 234 88 12
-0.23101696 0.019861394 0.19715306 234 88 12
-0.15102409 0.093656678 0.20503877 234 88 12
-0.19122752 0.069959671 0.21150714 234 88 12
-0.20644848 0.056792684 0.21102541 234 88 12
-0.22200614 0.037407996 0.20419073 234 88 12
-0.22446774 0.033365648 0.20216966 234 88 12
-0.064729984 0.1295654 0.16328421 234 88 12
-0.072531719 0.12698082 0.16891609 234 88 12
-0.14134938 0.10018991 0.20079793 234 88 12
-0.072847465 0.12793162 0.16639246 234 88 12
-0.10350869 0.1179554 0.18464944 234 88 12
-0.12272165 0.11073336 0.19332175 234 88 12
-0.21667744 0.044898335 0.2006982 234 88 12
-0.14059211 0.10312395 0.19631001 234 88 12
-0.1796173 0.078057517 0.20107668 234 88 12
-0.19340112 0.069069093 0.20230582 234 88 12
-0.19519824 0.067639222 0.2022831 234 88 12
-0.19864294 0.064691932 0.20207564 234 88 12
-0.20951154 0.05354108 0.20000082 234 88 12
-0.15675153 0.094015058 0.19644186 234 88 12
-0.089596252 0.1258014 0.16919694 234 88 12
-0.094995104 0.12504111 0.1698499 234 88 12
-0.10012077 0.12337856 0.1728293 234 88 12
-0.12257179 0.11532988 0.18401718 234 88 12
-0.17602551 0.081580823 0.19184762 234 88 12
-0.22308123 0.035148678 0.17867255 234 88 12
-0.17625279 0.082114028 0.18560705 234 88 12
-0.17826111 0.08085222 0.18573196 234 88 12
-0.20666351 0.057299768 0.18404213 234 88 12
-0.22174796 0.037075119 0.1761494 234 88 12
-0.20522866 0.059147475 0.1811134 234 88 12
-0.17843573 0.081274649 0.17956564 234 88 12
-0.18447183 0.077584934 0.17995822 234 88 12
-0.12883967 0.1168704 0.17279231 234 88 12
-0.20819889 0.055806092 0.17315919 234 88 12
-0.16921734 0.088652636 0.17337648 234 88 12
-0.17674691 0.083170893 0.1701652 234 88 12
-0.22570746 0.023818502 0.14871022 234 88 12
-0.10185688 0.12893307 0.15008151 234 88 12
-0.18266454 0.079536444 0.16724017 234 88 12
-0.18672374 0.077185309 0.16419144 234 88 12
-0.21828364 0.040092672 0.15121273 234 88 12
-0.22239059 0.030728206 0.1455486 234 88 12
-0.14670405 0.10916794 0.16178523 234 88 12
-0.22451995 0.022067917 0.13480557 234 88 12
-0.21462155 0.04594733 0.14665541 234 88 12
-0.14096092 0.11378513 0.1544389 234 88 12
-0.18925928 0.076718595 0.14745417 234 88 12
-0.20578582 0.060060705 0.14248582 234 88 12
-0.15654755 0.10325803 0.14562699 234 88 12
-0.15822849 0.101627 0.14540417 234 88 12
-0.17005236 0.08997038 0.14418829 234 88 12
-0.17922236 0.083044377 0.14420267 234 88 12
-0.18541905 0.079497285 0.14411473 234 88 12
-0.21845936 0.036443743 0.12560182 234 88 12
-0.22019137 0.031279566 0.12182932 234 88 12
-0.15138905 0.10817548 0.1426782 234 88 12
-0.1650707 0.095048178 0.14125057 234 88 12
-0.14124099 0.11513527 0.1376 234 88 12
-0.17733621 0.084456131 0.13714499 234 88 12
-0.18353973 0.080957069 0.13724731 234 88 12
-0.20008044 0.067750888 0.13497192 234 88 12
-0.14344574 0.11411878 0.13481219 234 88 12
-0.1619191 0.098860033 0.13479875 234 88 12
-0.17936193 0.083311683 0.13347351 234 88 12
-0.18362087 0.081060621 0.13362692 234 88 12
-0.18770853 0.078671663 0.13355798 234 88 12
-0.20325804 0.064289819 0.12993742 234 88 12
-0.17732336 0.084533259 0.12974655 234 88 12
-0.18971886 0.077432917 0.12995695 234 88 12
-0.20184855 0.066248893 0.12717406 234 88 12
-0.20620391 0.060533538 0.12444294 234 88 12
-0.21550988 0.043258339 0.11455319 234 88 12
-0.16197408 0.098947698 0.12777687 234 88 12
-0.18782383 0.078813661 0.12654767 234 88 12
-0.22296148 0.02007059 0.093003163 234 88 12
-0.22362549 0.017291687 0.090672965 234 88 12
-0.12223598 0.1246573 0.11384145 234 88 12
-0.12481849 0.1236985 0.11534738 234 88 12
-0.21555403 0.043296657 0.10699545 234 88 12
-0.21137472 0.052386565 0.10887118 234 88 12
-0.13895109 0.11734007 0.11479691 234 88 12
-0.15165806 0.10952826 0.11849586 234 88 12
-0.18800761 0.078877717 0.11568105 234 88 12
-0.19742956 0.071827415 0.11462971 234 88 12
-0.20650122 0.060821727 0.10992435 234 88 12
-0.21256197 0.050207061 0.10375245 234 88 12
-0.21262295 0.05025884 0.099973506 234 88 12
-0.22038362 0.031093403 0.086529492 234 88 12
-0.15852542 0.10279162 0.10972404 234 88 12
-0.16166229 0.098695586 0.10837668 234 88 12
-0.16640349 0.092615894 0.10680181 234 88 12
-0.17136544 0.087561265 0.10627939 234 88 12
-0.15531325 0.10647801 0.10701713 234 88 12
-0.16957837 0.088994308 0.10223153 234 88 12
-0.16305122 0.096533951 0.099744491 234 88 12
-0.20271033 0.067097237 0.097957259 234 88 12
-0.14318903 0.11562 0.097052926 234 88 12
-0.15350298 0.10831497 0.099190154 234 88 12
-0.20955144 0.057302816 0.089003794 234 88 12
-0.21626562 0.044065079 0.08072798 234 88 12
-0.14072884 0.11698796 0.0920639 234 88 12
-0.18826105 0.07924718 0.088823585 234 88 12
-0.1534008 0.10853241 0.087207065 234 88 12
-0.16741494 0.090843444 0.082574181 234 88 12
-0.16736618 0.090992113 0.078686977 234 88 12
-0.20760945 0.062117563 0.076235603 234 88 12
-0.22360494 0.02481796 0.05125686 234 88 12
-0.18120847 0.082136012 0.07581131 234 88 12
-0.22502947 0.019551446 0.043321974 234 88 12
-0.21993634 0.038127782 0.049747054 234 88 12
-0.20668313 0.064854167 0.062235459 234 88 12
-0.20928371 0.060837642 0.059980554 234 88 12
-0.21171604 0.056600731 0.057604117 234 88 12
-0.21996043 0.038258792 0.045900039 234 88 12
-0.17617178 0.08391565 0.058569818 234 88 12
-0.18336385 0.081319503 0.060588594 234 88 12
-0.21718108 0.045933951 0.039232855 234 88 12
-0.18057034 0.081128891 0.046581881 234 88 12
-0.1832045 0.080526698 0.047543895 234 88 12
-0.21618992 0.048765059 0.03315014 234 88 12
-0.19665845 0.075882014 0.038934989 234 88 12
-0.20551578 0.068997202 0.025346614 234 88 12
-0.21100243 0.061301907 0.020838797 234 88 12
-0.20012589 0.073834682 0.018423895 234 88 12
-0.20534221 0.069124577 0.017107367 234 88 12
-0.081749386 -0.038936747 0.59464129 234 88 12
-0.04517982 -0.041496098 0.59472173 234 88 12
-0.071059188 -0.038205907 0.5930207 234 88 12
-0.096186434 -0.036283789 0.59120194 234 88 12
-0.027330845 -0.042799811 0.59386299 234 88 12
-0.032124895 -0.041768932 0.59339366 234 88 12
-0.073008991 -0.036406878 0.59061172 234 88 12
-0.080544487 -0.035823456 0.5901378 234 88 12
-0.049065097 -0.037328483 0.58972519 234 88 12
-0.058866022 -0.034379521 0.58690761 234 88 12
-0.024718709 -0.035365353 0.58506947 234 88 12
0.019056247 -0.039785172 0.5851356 234 88 12
-0.050926048 -0.027593433 0.57883793 234 88 12
-0.084175821 -0.025156749 0.5766406 234 88 12
0.031524867 -0.040175734 0.58425002 234 88 12
-0.0449799 -0.025986347 0.57724808 234 88 12
-0.16653921 -0.019931408 0.56658794 234 88 12
-0.0070968078 -0.028704353 0.57837879 234 88 12
0.038019236 -0.036244763 0.58044861 234 88 12
0.035730969 -0.035493399 0.58021882 234 88 12
0.033453125 -0.034760635 0.57995751 234 88 12
0.0056189587 -0.02779783 0.57742032 234 88 12
-0.028172504 -0.022880573 0.57430355 234 88 12
-0.045988671 -0.021138522 0.57299054 234 88 12
-0.121682 -0.016747318 0.56659647 234 88 12
0.070496008 -0.046868693 0.58155108 234 88 12
0.066086757 -0.044797523 0.58117763 234 88 12
0.054840959 -0.0398509 0.58005475 234 88 12
0.029927468 -0.030487621 0.57743993 234 88 12
0.016109921 -0.026671004 0.57609886 234 88 12
-0.088563246 -0.01623562 0.56797635 234 88 12
-0.10334097 -0.015586361 0.56657449 234 88 12
-0.12591631 -0.014489603 0.5639017 234 88 12
-0.14126684 -0.014397903 0.56201485 234 88 12
-0.15159577 -0.014611551 0.56090753 234 88 12
0.07548462 -0.047145088 0.57975131 234 88 12
0.010228027 -0.022070328 0.57321035 234 88 12
-0.013749804 -0.01841588 0.57090379 234 88 12
-0.13513816 -0.012235946 0.56042528 234 88 12
-0.15074024 -0.012639062 0.55876067 234 88 12
0.071915887 -0.042797942 0.57735027 234 88 12
0.036596856 -0.026267782 0.57386218 234 88 12
-0.027391882 -0.013603759 0.56730885 234 88 12
-0.071130083 -0.010863883 0.56446116 234 88 12
-0.16285795 -0.011166386 0.55544124 234 88 12
0.044275562 -0.02616193 0.57244634 234 88 12
0.039933877 -0.024137809 0.57203663 234 88 12
-0.023442802 -0.010158195 0.5652699 234 88 12
0.034749677 -0.017671852 0.56921224 234 88 12
0.025892991 -0.0142295 0.56807353 234 88 12
0.016870431 -0.01144428 0.56698586 234 88 12
-0.026899561 -0.005901832 0.56256088 234 88 12
0.061921497 -0.028054317 0.56967081 234 88 12
0.059805375 -0.026775532 0.56934608 234 88 12
0.031872707 -0.011968998 0.56652214 234 88 12
0.023010251 -0.0087996625 0.56529819 234 88 12
-0.076053969 0.001186817 0.5563363 234 88 12
-0.13803238 -0.0014726423 0.55022089 234 88 12
-0.17614564 -0.0060725983 0.54672935 234 88 12
-0.17889318 -0.0063147472 0.54658219 234 88 12
0.061205665 -0.023519953 0.56707892 234 88 12
0.088403665 -0.039815795 0.5673276 234 88 12
0.056437544 -0.016125245 0.56424702 234 88 12
0.043894819 -0.0086224858 0.56299262 234 88 12
0.035156804 -0.0043515995 0.56194078 234 88 12
0.028532402 -0.0018488733 0.56101198 234 88 12
-0.034728535 0.0061444504 0.55479987 234 88 12
-0.039809904 0.006455943 0.55438556 234 88 12
-0.11061772 0.0087616866 0.54722742 234 88 12
-0.12397002 0.00732082 0.54578972 234 88 12
-0.137673 0.0050219196 0.54473022 234 88 12
0.057848865 -0.012820793 0.56217323 234 88 12
-0.10889977 0.012196814 0.54486972 234 88 12
-0.17915053 -0.00068534387 0.53916407 234 88 12
-0.10754877 0.015057764 0.54255918 234 88 12
-0.16343812 0.0048547304 0.53758306 234 88 12
0.032355332 0.0068873813 0.55491374 234 88 12
0.027755026 0.0081078753 0.55431133 234 88 12
-0.0057983742 0.012889514 0.55063949 234 88 12
-0.058840469 0.016481836 0.54608704 234 88 12
0.099608462 -0.036414577 0.55898617 234 88 12
0.094071481 -0.031386169 0.55886387 234 88 12
0.090349764 -0.0281474 0.55866001 234 88 12
0.073211167 -0.013403363 0.55741955 234 88 12
0.051034764 0.0019101426 0.5551278 234 88 12
0.012269909 0.013417018 0.55039472 234 88 12
-0.024796546 0.016417719 0.54705509 234 88 12
0.095041305 -0.028840731 0.55671182 234 88 12
-0.023958718 0.018476431 0.54517963 234 88 12
-0.03409802 0.0190937 0.54438168 234 88 12
-0.051929761 0.02021594 0.54272598 234 88 12
-0.056909427 0.020523103 0.54215535 234 88 12
-0.13370752 0.019086626 0.53222914 234 88 12
0.0634043 0.00066315688 0.55230518 234 88 12
0.044260668 0.010430112 0.55005423 234 88 12
0.03290478 0.0139409 0.54872126 234 88 12
-0.04865164 0.021900415 0.54117627 234 88 12
-0.066080236 0.022894377 0.53909426 234 88 12
-0.12462622 0.022167571 0.5310135 234 88 12
-0.17429391 0.011255478 0.52702379 234 88 12
0.11803138 -0.047899895 0.55218849 234 88 12
0.093313337 -0.020506032 0.55223904 234 88 12
0.082048765 -0.010492036 0.55152515 234 88 12
-0.097752971 0.025394 0.53256493 234 88 12
-0.18547804 0.010507836 0.52422734 234 88 12
0.11336966 -0.03942668 0.54993188 234 88 12
0.094267948 -0.018024236 0.55008186 234 88 12
0.061176345 0.0075050726 0.5477385 234 88 12
0.034523433 0.017708269 0.54478235 234 88 12
0.01302026 0.021269535 0.54246622 234 88 12
-0.054592595 0.025738719 0.53644665 234 88 12
-0.099565468 0.027103728 0.5302545 234 88 12
0.085951329 -0.0072791117 0.54741735 234 88 12
-0.026211755 0.02580073 0.53741966 234 88 12
-0.071299056 0.028031059 0.53236653 234 88 12
-0.11688538 0.028133318 0.52564012 234 88 12
-0.11948791 0.028008329 0.52526176 234 88 12
-0.15518475 0.023696775 0.52064256 234 88 12
0.12004651 -0.042255571 0.54538997 234 88 12
0.11011171 -0.028076285 0.54574863 234 88 12
-0.02300297 0.027184587 0.53575363 234 88 12
-0.05071063 0.0286318 0.53284651 234 88 12
-0.063126702 0.02924557 0.53135116 234 88 12
-0.095552733 0.0302347 0.52659081 234 88 12
-0.12919067 0.029154891 0.52163747 234 88 12
0.12426191 -0.044867774 0.54316669 234 88 12
-0.047521547 0.029872251 0.53116526 234 88 12
-0.052527602 0.030169583 0.53058479 234 88 12
-0.094897338 0.031635302 0.52458234 234 88 12
-0.099936474 0.031650873 0.52373074 234 88 12
-0.11018612 0.03152321 0.52223214 234 88 12
-0.20782777 0.014389179 0.51249034 234 88 12
0.072989342 0.010744422 0.53992996 234 88 12
0.062398921 0.015925108 0.53900485 234 88 12
-0.12500859 0.03258288 0.51768082 234 88 12
0.12066186 -0.033618096 0.53873629 234 88 12
0.10061941 -0.0079480908 0.53934461 234 88 12
0.096950316 -0.0046554935 0.53922573 234 88 12
0.079907037 0.0091370003 0.53816824 234 88 12
0.063130281 0.017589433 0.53693839 234 88 12
-0.013729089 0.030872617 0.53051184 234 88 12
-0.058786512 0.033148184 0.52565193 234 88 12
-0.10636699 0.034372047 0.51848144 234 88 12
-0.11658478 0.034280878 0.51674646 234 88 12
-0.12693004 0.033961767 0.5150805 234 88 12
-0.14302761 0.032936825 0.51256852 234 88 12
-0.19677122 0.020728965 0.50793199 234 88 12
0.13141774 -0.046453019 0.53623089 234 88 12
0.11372976 -0.01886941 0.53704156 234 88 12
0.088479877 0.0054763231 0.53658659 234 88 12
0.019120219 0.029276501 0.53097862 234 88 12
-0.073209941 0.034875429 0.52164295 234 88 12
-0.22037601 0.017047885 0.50386198 234 88 12
0.096779477 0.0012467262 0.53478984 234 88 12
0.026961312 0.029517153 0.52943506 234 88 12
0.01464006 0.030874933 0.5285295 234 88 12
0.012167427 0.031103413 0.52840335 234 88 12
-0.020296499 0.033575964 0.52562704 234 88 12
-0.04022273 0.034707854 0.52354474 234 88 12
0.089984125 0.0092181312 0.53215319 234 88 12
0.029853776 0.030161159 0.52751075 234 88 12
-0.0073978917 0.033675791 0.52465372 234 88 12
-0.019912095 0.034497365 0.5235013 234 88 12
-0.077317784 0.037106707 0.51657825 234 88 12
-0.082293089 0.037275926 0.5156702 234 88 12
-0.10489252 0.037634828 0.51203185 234 88 12
-0.19686451 0.026516783 0.49996989 234 88 12
-0.20663406 0.023242207 0.49952704 234 88 12
0.074297 0.019845157 0.52894096 234 88 12
0.054232857 0.026528762 0.52731354 234 88 12
0.027846227 0.031335582 0.5252795 234 88 12
-0.0070474578 0.03447771 0.52259261 234 88 12
-0.012037578 0.034831392 0.52210122 234 88 12
-0.11717619 0.03854206 0.50765837 234 88 12
0.10274648 0.0039613419 0.52824669 234 88 12
0.093236741 0.011211479 0.52781135 234 88 12
0.025757859 0.032406442 0.52291871 234 88 12
0.020811136 0.032930171 0.52257563 234 88 12
-0.0092256595 0.035385392 0.52018374 234 88 12
-0.066676025 0.038355408 0.51365971 234 88 12
-0.071685726 0.038533805 0.51297151 234 88 12
-0.079119559 0.038782149 0.51175364 234 88 12
-0.14289051 0.038697722 0.50105627 234 88 12
-0.14831509 0.038409039 0.50024861 234 88 12
-0.15107777 0.038231634 0.49990805 234 88 12
0.10531477 0.0042930495 0.52604333 234 88 12
0.0642399 0.025928562 0.52367797 234 88 12
0.061999637 0.026568754 0.52345654 234 88 12
-0.013907598 0.036427708 0.51756655 234 88 12
-0.11393272 0.040032646 0.50369622 234 88 12
-0.1345524 0.039803298 0.50000174 234 88 12
-0.14247752 0.039512046 0.49886164 234 88 12
-0.15063017 0.039099895 0.49772305 234 88 12
-0.22052534 0.023274435 0.49095197 234 88 12
0.13239963 -0.02928163 0.5229223 234 88 12
0.10215888 0.0089336474 0.52369711 234 88 12
0.084336281 0.019952892 0.52275386 234 88 12
0.082239395 0.020902395 0.52264129 234 88 12
0.0038723406 0.035695941 0.51710474 234 88 12
-0.016102881 0.037196224 0.51518169 234 88 12
-0.038441121 0.038478648 0.51274054 234 88 12
-0.050965583 0.039204237 0.51124369 234 88 12
-0.081057794 0.040192529 0.50698948 234 88 12
0.051081465 0.030809618 0.51814929 234 88 12
0.011695537 0.035648486 0.51563541 234 88 12
-0.013344559 0.037539675 0.51327894 234 88 12
-0.058278151 0.040111783 0.50803534 234 88 12
-0.14983466 0.040595684 0.49332716 234 88 12
0.058469092 0.029961035 0.51667265 234 88 12
0.034384413 0.03393507 0.51485328 234 88 12
0.026990579 0.034779284 0.51437277 234 88 12
-0.070577615 0.040944608 0.50409819 234 88 12
-0.17441682 0.0396295 0.48761702 234 88 12
-0.2254851 0.02470933 0.48302468 234 88 12
0.14083694 -0.035058004 0.51559229 234 88 12
0.077039237 0.026221555 0.51577062 234 88 12
0.027243584 0.035226973 0.51223734 234 88 12
0.022282176 0.035707955 0.51195397 234 88 12
0.0021153453 0.037294639 0.51046477 234 88 12
-0.025211712 0.039318466 0.50761336 234 88 12
-0.095329843 0.042078637 0.49805755 234 88 12
-0.13842704 0.042020073 0.49051334 234 88 12
-0.14912895 0.041806694 0.48889491 234 88 12
-0.16562232 0.041184802 0.48647779 234 88 12
0.11773452 0.0048028575 0.51482457 234 88 12
0.11590013 0.006419476 0.51486995 234 88 12
0.0074051809 0.037334304 0.50873749 234 88 12
-0.19428941 0.037508294 0.48075639 234 88 12
-0.19757944 0.03646886 0.48042079 234 88 12
-0.22463978 0.026478289 0.47799749 234 88 12
0.054629031 0.032517239 0.50985648 234 88 12
0.022741975 0.03647443 0.50759912 234 88 12
0.015227781 0.037121788 0.50711022 234 88 12
-0.13515487 0.042955939 0.48655451 234 88 12
-0.2175518 0.029724708 0.47595105 234 88 12
0.14606667 -0.035785716 0.50831187 234 88 12
0.11891001 0.0077758184 0.51035796 234 88 12
0.068932503 0.030538008 0.50883771 234 88 12
0.059624898 0.032198118 0.50810719 234 88 12
0.042734803 0.034718045 0.50672623 234 88 12
-0.05951435 0.042475435 0.49663301 234 88 12
-0.07962949 0.04295784 0.49368154 234 88 12
-0.1427638 0.04334349 0.48303173 234 88 12
-0.14812319 0.04330694 0.48215541 234 88 12
0.10169012 0.020569638 0.50826442 234 88 12
-0.016868805 0.040399103 0.49945498 234 88 12
-0.031629153 0.041428477 0.49782674 234 88 12
-0.039133674 0.041930012 0.49699364 234 88 12
-0.16676144 0.043694035 0.47706883 234 88 12
-0.2200357 0.030431149 0.47057537 234 88 12
0.10819542 0.018385301 0.50621919 234 88 12
0.045637094 0.03520966 0.50248439 234 88 12
0.023388882 0.037519651 0.50077275 234 88 12
-0.016676188 0.040760332 0.49722867 234 88 12
-0.18899723 0.042488125 0.47164828 234 88 12
0.12760606 0.0046888659 0.50352214 234 88 12
0.11856207 0.013126086 0.50383966 234 88 12
-0.0016053737 0.039932675 0.49648274 234 88 12
-0.036242398 0.04252784 0.49266758 234 88 12
-0.046262125 0.043106241 0.49136824 234 88 12
-0.1392552 0.044661269 0.47653467 234 88 12
-0.19162376 0.042752724 0.46885267 234 88 12
-0.20863335 0.036773242 0.46677098 234 88 12
0.14095965 -0.013106379 0.50052931 234 88 12
0.098573249 0.025292733 0.50169492 234 88 12
0.058146441 0.034585557 0.49901402 234 88 12
0.038690827 0.036786974 0.49747341 234 88 12
-0.036072224 0.042845211 0.49031361 234 88 12
-0.068969893 0.044237709 0.48585124 234 88 12
-0.19768944 0.041898554 0.4656377 234 88 12
-0.21891739 0.03307861 0.46305743 234 88 12
0.14905292 -0.028234652 0.49727329 234 88 12
0.10094279 0.025223992 0.4996796 234 88 12
0.043822867 0.036651029 0.49568231 234 88 12
0.013831928 0.039294968 0.49323004 234 88 12
0.0012054595 0.040288395 0.49219099 234 88 12
-0.0012978482 0.040491603 0.49196251 234 88 12
-0.011257611 0.041344608 0.49091021 234 88 12
-0.1035494 0.045088907 0.47811474 234 88 12
-0.21503355 0.035489435 0.46107479 234 88 12
0.14353753 -0.013517021 0.4961511 234 88 12
0.13725777 -0.0026370829 0.49668856 234 88 12
0.12721827 0.0098830538 0.49717109 234 88 12
0.1235232 0.013189565 0.49733496 234 88 12
0.092697065 0.029216811 0.4971759 234 88 12
0.08833586 0.030592421 0.49693538 234 88 12
0.058576267 0.035557416 0.49462642 234 88 12
0.053776807 0.036078712 0.49420106 234 88 12
-0.018484135 0.042208957 0.48779842 234 88 12
-0.02834805 0.042869196 0.48667626 234 88 12
-0.1082698 0.045492214 0.47494665 234 88 12
-0.13588419 0.045941343 0.47010137 234 88 12
0.15012479 -0.025514632 0.49286338 234 88 12
0.14867276 -0.021955415 0.49313197 234 88 12
0.031772195 0.038511175 0.49012215 234 88 12
-0.05337665 0.044592962 0.48099099 234 88 12
-0.068636836 0.044994154 0.47882415 234 88 12
-0.10323113 0.045671636 0.47342036 234 88 12
-0.19309278 0.045553661 0.4590253 234 88 12
0.077684932 0.03436791 0.4917315 234 88 12
0.063758562 0.036113639 0.4905548 234 88 12
0.058998621 0.036573718 0.49014103 234 88 12
-0.1104124 0.046140607 0.46987166 234 88 12
-0.18958066 0.046967004 0.45710126 234 88 12
0.14810326 -0.016285711 0.4892784 234 88 12
0.10197047 0.028298659 0.49110155 234 88 12
-0.00076209201 0.041521624 0.48277918 234 88 12
-0.0082123524 0.042128457 0.48205586 234 88 12
-0.15353385 0.048103654 0.46021098 234 88 12
-0.22461969 0.034323426 0.44998089 234 88 12
0.12852675 0.013670709 0.48885257 234 88 12
0.11276022 0.024399049 0.48912904 234 88 12
0.08710381 0.033976961 0.48817804 234 88 12
0.054585284 0.038033471 0.48542698 234 88 12
0.01716827 0.040662602 0.48212161 234 88 12
0.0095064511 0.041087334 0.48144443 234 88 12
0.0044053101 0.041408577 0.4809832 234 88 12
-0.020372225 0.043395742 0.47843841 234 88 12
-0.027767997 0.043844912 0.47741732 234 88 12
-0.032758123 0.044138137 0.47675615 234 88 12
-0.080789442 0.046079664 0.47009572 234 88 12
-0.20204116 0.0451069 0.45052381 234 88 12
-0.23451808 0.031684012 0.44605668 234 88 12
0.014774197 0.041157804 0.47966025 234 88 12
-0.13468852 0.048225957 0.45866659 234 88 12
-0.20165791 0.046018522 0.44826947 234 88 12
0.14131677 0.0010953683 0.4839811 234 88 12
0.080787225 0.036617186 0.48326519 234 88 12
0.02002265 0.041290548 0.47783993 234 88 12
-0.029982801 0.044574337 0.47250094 234 88 12
-0.040028017 0.04517612 0.47126618 234 88 12
-0.085360655 0.046923695 0.46472579 234 88 12
-0.09508521 0.047158197 0.46310697 234 88 12
-0.10471923 0.047430535 0.46144378 234 88 12
0.10717799 0.029458302 0.48278498 234 88 12
0.074110465 0.038167554 0.48053526 234 88 12
0.017649983 0.041842434 0.47535846 234 88 12
-0.042400085 0.04568575 0.46862578 234 88 12
-0.11174673 0.048262447 0.45790447 234 88 12
0.15168985 -0.014955695 0.47828788 234 88 12
0.14038475 0.0052915014 0.47983913 234 88 12
0.1352273 0.011712564 0.48018495 234 88 12
0.017808731 0.042290574 0.47308784 234 88 12
0.015247665 0.04241463 0.47285853 234 88 12
-0.032141287 0.045448651 0.46761274 234 88 12
-0.13382686 0.049997563 0.45174031 234 88 12
0.15507548 -0.021759068 0.47517077 234 88 12
0.12630924 0.020814625 0.47850885 234 88 12
0.10973766 0.030002545 0.47853668 234 88 12
0.096856958 0.034743817 0.47802109 234 88 12
0.060301011 0.040573726 0.47468795 234 88 12
0.057873741 0.040715872 0.47444581 234 88 12
0.023080139 0.042528939 0.47128807 234 88 12
0.017969675 0.042780639 0.470753 234 88 12
0.015417119 0.042901261 0.47053821 234 88 12
0.01286215 0.043003319 0.4702885 234 88 12
-0.0073002561 0.044000723 0.46823475 234 88 12
-0.084806967 0.048046063 0.45761858 234 88 12
-0.096837167 0.048626915 0.4558183 234 88 12
-0.1437361 0.051250854 0.44771019 234 88 12
-0.1932725 0.051596471 0.43988131 234 88 12
0.15400601 -0.016764227 0.47367349 234 88 12
0.15247968 -0.013032386 0.47402153 234 88 12
0.11845547 0.026706256 0.47643696 234 88 12
0.094883968 0.036110279 0.47569329 234 88 12
0.053158176 0.041603267 0.47163417 234 88 12
0.0054114927 0.043828057 0.46726119 234 88 12
-0.036850377 0.046487947 0.46235354 234 88 12
-0.044434071 0.046846557 0.46131857 234 88 12
-0.057270555 0.047334062 0.45946304 234 88 12
-0.062367378 0.047465762 0.45877587 234 88 12
-0.064886226 0.047554912 0.45841322 234 88 12
-0.11827968 0.050409507 0.44968062 234 88 12
-0.15393685 0.052835957 0.4436668 234 88 12
-0.23946944 0.033995565 0.43008315 234 88 12
0.15584027 -0.019754628 0.47108952 234 88 12
-0.10595454 0.050325687 0.44949256 234 88 12
-0.16425974 0.054473865 0.43978124 234 88 12
-0.19256477 0.053261476 0.43521573 234 88 12
0.13993286 0.010628799 0.47140061 234 88 12
0.065606501 0.042175287 0.4685758 234 88 12
0.036168721 0.043654756 0.46549681 234 88 12
0.0082896048 0.044841262 0.46293798 234 88 12
-0.0043294995 0.045309131 0.46163816 234 88 12
-0.056964756 0.048106843 0.45481348 234 88 12
-0.11532076 0.051536464 0.44551612 234 88 12
-0.22590156 0.03947684 0.42720229 234 88 12
0.15655542 -0.017878316 0.46707837 234 88 12
0.14188196 0.0090582034 0.46907568 234 88 12
0.13670343 0.01538165 0.46954182 234 88 12
0.12923088 0.022172776 0.46992033 234 88 12
0.0237448 0.044866916 0.46207956 234 88 12
0.018692523 0.045096644 0.46161605 234 88 12
-0.061871584 0.048659509 0.45179336 234 88 12
-0.17164701 0.05640751 0.43393313 234 88 12
-0.21001864 0.048101481 0.42751196 234 88 12
0.15689959 -0.016981948 0.46490328 234 88 12
0.10860685 0.034212246 0.46778282 234 88 12
0.088977002 0.040554025 0.46649315 234 88 12
0.084519943 0.041443944 0.46604424 234 88 12
0.082260547 0.041808624 0.46574515 234 88 12
-0.10995192 0.052542306 0.4417055 234 88 12
-0.12457485 0.053486131 0.43929799 234 88 12
-0.22545018 0.040913572 0.42224561 234 88 12
-0.23555755 0.037433046 0.42045203 234 88 12
0.13534296 0.018520437 0.46522713 234 88 12
0.12369714 0.027605842 0.4656145 234 88 12
0.1174176 0.031112312 0.46566271 234 88 12
-0.030928961 0.048123348 0.45142924 234 88 12
-0.22879751 0.040129996 0.41911678 234 88 12
-0.23532415 0.038126987 0.41798555 234 88 12
0.15585574 -0.011606116 0.46082156 234 88 12
-0.028297398 0.04832428 0.44950144 234 88 12
-0.17886133 0.058866997 0.42566592 234 88 12
-0.20112557 0.054553966 0.42189653 234 88 12
-0.030605337 0.048842612 0.44686227 234 88 12
-0.21292412 0.049490534 0.41734061 234 88 12
-0.24116513 0.038002016 0.41217149 234 88 12
0.15808536 -0.013926485 0.45593841 234 88 12
0.13409615 0.022060204 0.458859 234 88 12
0.12426388 0.029391127 0.45904652 234 88 12
0.075996328 0.04510013 0.45644915 234 88 12
0.061850309 0.046238112 0.45475354 234 88 12
0.022283707 0.048401553 0.45051753 234 88 12
-0.058535579 0.050611477 0.4407057 234 88 12
-0.11378057 0.055225993 0.43183352 234 88 12
-0.18393826 0.060318289 0.42020199 234 88 12
-0.2044626 0.054542649 0.41663115 234 88 12
0.10943278 0.03719614 0.45713698 234 88 12
0.092025547 0.043034681 0.45597602 234 88 12
0.052352199 0.047451928 0.45138465 234 88 12
0.047432365 0.047643347 0.45080228 234 88 12
0.01241114 0.049304345 0.44746449 234 88 12
-0.037800519 0.050016248 0.4412976 234 88 12
-0.11352 0.055816174 0.4295453 234 88 12
-0.2041509 0.055402676 0.41427526 234 88 12
0.13818819 0.01954692 0.45425475 234 88 12
0.12040824 0.032922393 0.45489209 234 88 12
0.071708403 0.046853043 0.45145594 234 88 12
0.069366374 0.047059413 0.45115354 234 88 12
0.025303779 0.049625491 0.44629683 234 88 12
0.020256249 0.04986189 0.44585327 234 88 12
-0.1156884 0.056598881 0.42687685 234 88 12
-0.12790348 0.0577008 0.42474014 234 88 12
-0.22026692 0.047082199 0.4083716 234 88 12
-0.23102809 0.042171067 0.40617557 234 88 12
0.038022198 0.049520286 0.44524148 234 88 12
0.015480586 0.050586389 0.44307633 234 88 12
-0.039925689 0.050938661 0.43637483 234 88 12
-0.19578974 0.060550467 0.41131289 234 88 12
-0.23716918 0.041122793 0.40261773 234 88 12
0.094643574 0.04416285 0.44973572 234 88 12
0.076698448 0.04767936 0.4477621 234 88 12
-0.086693642 0.054871052 0.42712439 234 88 12
-0.10550451 0.056925473 0.42394441 234 88 12
-0.13967268 0.060460324 0.41805695 234 88 12
-0.1919232 0.062617067 0.40974171 234 88 12
0.010864626 0.051628646 0.43806262 234 88 12
-0.022076683 0.050650279 0.43417876 234 88 12
-0.14441349 0.061848677 0.41494846 234 88 12
-0.18825882 0.064207073 0.40798952 234 88 12
0.14597488 0.013527572 0.44441836 234 88 12
0.11895229 0.036244474 0.4462628 234 88 12
0.099333812 0.043944718 0.4457937 234 88 12
0.013656054 0.052290874 0.43604708 234 88 12
-0.1570037 0.064458274 0.41060839 234 88 12
-0.19125146 0.064359875 0.40519673 234 88 12
0.14099534 0.020626769 0.44289029 234 88 12
0.11037968 0.040561175 0.44422765 234 88 12
-0.11188626 0.059306098 0.41606468 234 88 12
-0.12158883 0.060264878 0.41434777 234 88 12
0.13761247 0.024861122 0.44102395 234 88 12
0.12569449 0.033772142 0.44186716 234 88 12
0.056099111 0.052158931 0.4360852 234 88 12
0.04393639 0.052680472 0.4346609 234 88 12
0.034168307 0.053137308 0.43351301 234 88 12
0.12588115 0.034288979 0.43964903 234 88 12
0.084357734 0.049677794 0.43764156 234 88 12
-0.041347279 0.053309545 0.42238235 234 88 12
-0.043924272 0.053435307 0.42203043 234 88 12
-0.051644997 0.053717514 0.42104779 234 88 12
-0.12353004 0.061735781 0.40947886 234 88 12
-0.20612277 0.059161482 0.39487412 234 88 12
0.13026385 0.032111928 0.43717681 234 88 12
0.027102357 0.054687456 0.42827676 234 88 12
0.011825185 0.05421349 0.42672704 234 88 12
-0.018840116 0.052466045 0.42310193 234 88 12
-0.054024628 0.054168534 0.41843972 234 88 12
-0.06649161 0.054901865 0.41673931 234 88 12
-0.068914428 0.055140361 0.41643044 234 88 12
-0.075985695 0.056165097 0.41520706 234 88 12
-0.1505203 0.066727926 0.40238932 234 88 12
-0.19021213 0.067420584 0.39613128 234 88 12
-0.19349718 0.06666275 0.39559728 234 88 12
-0.20590857 0.059824833 0.39257829 234 88 12
-0.21027624 0.056986609 0.39112558 234 88 12
0.082416236 0.051126645 0.43294024 234 88 12
-0.041016491 0.054050362 0.41797536 234 88 12
-0.063874097 0.055067909 0.41488047 234 88 12
-0.10122647 0.060663245 0.40886122 234 88 12
-0.1502497 0.067469924 0.40011385 234 88 12
-0.19316608 0.067401032 0.39323507 234 88 12
0.054354229 0.054746131 0.42699505 234 88 12
0.049537237 0.054989682 0.42631876 234 88 12
-0.0087473498 0.053319766 0.41989277 234 88 12
-0.011223642 0.053219954 0.41964328 234 88 12
-0.10577187 0.061723623 0.40580582 234 88 12
-0.14488148 0.067271264 0.39877604 234 88 12
-0.0035584548 0.053976554 0.41813434 234 88 12
-0.068374482 0.056290676 0.40976408 234 88 12
0.16101607 -0.0061448538 0.42237885 234 88 12
0.15471858 0.0073020404 0.4246142 234 88 12
0.12703609 0.036858826 0.42841876 234 88 12
0.087464874 0.05178984 0.42690278 234 88 12
0.015073114 0.05633508 0.41801168 234 88 12
-0.030469835 0.054568981 0.41261853 234 88 12
0.13342367 0.033281237 0.42586259 234 88 12
-0.077226763 0.058746765 0.40395164 234 88 12
-0.23134706 0.048195528 0.37315379 234 88 12
0.13567783 0.032298507 0.42344549 234 88 12
0.076366684 0.054585855 0.4210379 234 88 12
0.059927887 0.056699557 0.41868768 234 88 12
-0.062962153 0.056968138 0.40370769 234 88 12
-0.10225368 0.063685338 0.39754019 234 88 12
-0.16693775 0.073538007 0.38554973 234 88 12
-0.22485003 0.050230137 0.37214138 234 88 12
0.13392365 0.034298833 0.42129419 234 88 12
0.081214389 0.054388478 0.41942016 234 88 12
0.076595506 0.055071534 0.41881935 234 88 12
0.020888991 0.058255659 0.41175257 234 88 12
-0.017886291 0.054945428 0.40759829 234 88 12
-0.047762475 0.056617396 0.40360902 234 88 12
-0.065187229 0.057627378 0.4011355 234 88 12
-0.11417573 0.065398677 0.39299296 234 88 12
-0.15357382 0.072668126 0.38567664 234 88 12
-0.1915687 0.071327474 0.37936679 234 88 12
-0.23993812 0.048060677 0.36616122 234 88 12
0.11274244 0.045989694 0.41978873 234 88 12
0.043491136 0.058905408 0.41215563 234 88 12
-0.010405941 0.055291929 0.40608887 234 88 12
-0.05522984 0.057321971 0.40029632 234 88 12
0.013113173 0.058167654 0.40643876 234 88 12
-0.076289294 0.060598384 0.39500356 234 88 12
-0.14282061 0.071928362 0.38306947 234 88 12
0.14242063 0.029567779 0.41383925 234 88 12
-0.032060506 0.056927116 0.3986842 234 88 12
-0.11092398 0.066835901 0.38679254 234 88 12
-0.23356466 0.049870939 0.35990303 234 88 12
0.0053292348 0.0578403 0.40090699 234 88 12
-0.0075460638 0.056607171 0.39941345 234 88 12
-0.014852551 0.056507042 0.39855704 234 88 12
-0.019687593 0.056595216 0.3980442 234 88 12
-0.049709867 0.058304545 0.39405503 234 88 12
-0.054729968 0.058568837 0.39344502 234 88 12
0.15985392 0.0036049724 0.4036376 234 88 12
0.13522168 0.036696783 0.4099874 234 88 12
0.11148888 0.048709855 0.41060912 234 88 12
0.084508494 0.056397367 0.40860141 234 88 12
0.053982855 0.060643437 0.4045131 234 88 12
0.044305737 0.061199167 0.40326837 234 88 12
0.039437568 0.061355484 0.40261492 234 88 12
0.021661047 0.060535358 0.40047802 234 88 12
-0.057055162 0.059079065 0.39089637 234 88 12
-0.091162865 0.065865588 0.38575847 234 88 12
-0.16522327 0.077776495 0.37179178 234 88 12
0.15221666 0.019699694 0.40497701 234 88 12
0.13551163 0.037084656 0.40761782 234 88 12
0.12279704 0.044629495 0.40810125 234 88 12
0.10281262 0.052261107 0.40794004 234 88 12
-0.026735586 0.057671918 0.39244344 234 88 12
-0.039295592 0.058391496 0.39068013 234 88 12
-0.12007774 0.069699687 0.37805003 234 88 12
0.14902753 0.024867328 0.40341495 234 88 12
0.034850665 0.062356242 0.39749461 234 88 12
-0.01685769 0.057697243 0.39124434 234 88 12
-0.12233916 0.070671358 0.37526166 234 88 12
-0.18330207 0.077238651 0.36429795 234 88 12
-0.22691747 0.052409184 0.35152515 234 88 12
0.16153202 -0.0013993783 0.39521256 234 88 12
0.15596272 0.014376296 0.3988982 234 88 12
0.054493897 0.062215469 0.39771191 234 88 12
0.024727116 0.062166974 0.39385077 234 88 12
0.011140266 0.060119065 0.39234954 234 88 12
0.0058239215 0.059368216 0.39167595 234 88 12
-0.075087718 0.063511523 0.38157681 234 88 12
-0.095169924 0.068183686 0.3781877 234 88 12
-0.097562778 0.068490267 0.37774507 234 88 12
-0.11484402 0.070178721 0.37445682 234 88 12
-0.13417251 0.073802528 0.37060874 234 88 12
-0.16454947 0.079371826 0.36493345 234 88 12
-0.22677564 0.052957439 0.34904272 234 88 12
0.16473441 -0.0098935545 0.38992546 234 88 12
0.15918047 0.0077655826 0.39465464 234 88 12
0.12353087 0.045740984 0.40117334 234 88 12
0.082918302 0.058526684 0.39918191 234 88 12
-0.028930794 0.058690652 0.38497711 234 88 12
-0.041488938 0.059541288 0.38340994 234 88 12
-0.05156777 0.060240261 0.38233441 234 88 12
-0.13889059 0.075507119 0.36749453 234 88 12
-0.18285269 0.078284897 0.35970516 234 88 12
-0.22352197 0.05411057 0.34728392 234 88 12
-0.23544474 0.052465111 0.34447586 234 88 12
0.15797772 0.011399303 0.39307811 234 88 12
0.12814472 0.043880272 0.39873704 234 88 12
0.1170826 0.049010342 0.39912807 234 88 12
0.047598827 0.063710009 0.39229636 234 88 12
-0.090169844 0.06835592 0.37449885 234 88 12
-0.16697622 0.080409826 0.35973435 234 88 12
0.16479486 -0.010402942 0.38445288 234 88 12
0.12174915 0.047481522 0.39670778 234 88 12
0.078635263 0.060170744 0.3940047 234 88 12
0.073974301 0.060987502 0.39335612 234 88 12
0.042902957 0.064346663 0.38941668 234 88 12
0.040455994 0.064350795 0.38910714 234 88 12
0.03296149 0.064145459 0.38800884 234 88 12
0.011451685 0.061245197 0.38540798 234 88 12
-0.028743563 0.059217731 0.38028024 234 88 12
-0.051350287 0.060986161 0.37769892 234 88 12
-0.11681682 0.071977853 0.36714183 234 88 12
-0.12405735 0.07311135 0.36574488 234 88 12
0.11082776 0.052280889 0.39441165 234 88 12
0.059936797 0.063713826 0.38937678 234 88 12
0.035669479 0.064718063 0.38614492 234 88 12
-0.085343866 0.068360454 0.37078663 234 88 12
-0.12152399 0.073123168 0.36392912 234 88 12
-0.14078013 0.077496286 0.36002679 234 88 12
-0.17909484 0.080296111 0.35321516 234 88 12
0.1523202 0.023934106 0.38872498 234 88 12
0.14499361 0.032676377 0.3902957 234 88 12
0.12881669 0.044882174 0.39160049 234 88 12
0.12003359 0.049145655 0.3920832 234 88 12
0.079027176 0.061007192 0.38943089 234 88 12
0.050558885 0.065109479 0.3858157 234 88 12
0.03584842 0.065184388 0.38383155 234 88 12
-0.013709374 0.059635353 0.37763502 234 88 12
-0.028522071 0.059735302 0.37557636 234 88 12
-0.05594155 0.062094225 0.37242269 234 88 12
-0.074299766 0.065711275 0.37012292 234 88 12
-0.08296869 0.068250947 0.36877744 234 88 12
0.1452001 0.032953088 0.38792586 234 88 12
0.09311722 0.058651678 0.38863627 234 88 12
0.0091732208 0.061877798 0.37815973 234 88 12
0.0039681022 0.061162714 0.37749196 234 88 12
-0.0036431369 0.060443296 0.37653555 234 88 12
-0.043387501 0.061223386 0.37135823 234 88 12
-0.062913083 0.063435658 0.36925181 234 88 12
-0.098863651 0.071637334 0.36368976 234 88 12
-0.14046153 0.078361094 0.35546252 234 88 12
-0.21971571 0.056784061 0.33553134 234 88 12
0.16508317 -0.012169369 0.37409267 234 88 12
0.16253733 -0.0038864751 0.37640719 234 88 12
0.15761159 0.015492202 0.38151953 234 88 12
0.15099189 0.02682542 0.38435884 234 88 12
0.13558853 0.041530769 0.38658785 234 88 12
0.1314186 0.044285513 0.38679189 234 88 12
0.11148359 0.053365934 0.38740212 234 88 12
0.095594782 0.05846129 0.38652021 234 88 12
0.05335327 0.065948367 0.38169201 234 88 12
0.0015383328 0.061229945 0.37483022 234 88 12
-0.1011339 0.072327213 0.36090883 234 88 12
-0.11110774 0.07306915 0.3589548 234 88 12
-0.14278785 0.079375667 0.35268705 234 88 12
-0.14526481 0.079929745 0.35221239 234 88 12
-0.18820053 0.079181271 0.34430968 234 88 12
0.067852847 0.064520055 0.3810361 234 88 12
0.055935094 0.066241069 0.37968113 234 88 12
0.043932226 0.066875478 0.37801935 234 88 12
-0.018343622 0.060383546 0.36987911 234 88 12
-0.078128449 0.06820549 0.36252352 234 88 12
-0.084709979 0.070093519 0.36158279 234 88 12
-0.14010473 0.079202794 0.35081838 234 88 12
-0.14510067 0.080342931 0.34992267 234 88 12
-0.22576073 0.055772886 0.32916695 234 88 12
0.16397502 -0.0085386535 0.37004606 234 88 12
0.093694728 0.05987316 0.38159935 234 88 12
0.086749298 0.061462941 0.38092218 234 88 12
-0.00074796911 0.061632704 0.36978371 234 88 12
-0.02069366 0.060653103 0.36723756 234 88 12
-0.073636692 0.067280741 0.36071282 234 88 12
-0.098328467 0.073076324 0.35663527 234 88 12
-0.15767579 0.082914828 0.34500789 234 88 12
-0.16306127 0.083381178 0.34390758 234 88 12
-0.21934576 0.057416571 0.32806951 234 88 12
0.070528307 0.065038014 0.37667737 234 88 12
0.014999953 0.064218652 0.36946893 234 88 12
-0.025483432 0.061055632 0.36416561 234 88 12
-0.11063799 0.074320618 0.35200435 234 88 12
-0.17210468 0.083434005 0.34027595 234 88 12
0.15185061 0.027748687 0.37454166 234 88 12
0.10553462 0.057356945 0.37762791 234 88 12
0.098633628 0.059525028 0.37724081 234 88 12
0.012404634 0.064062891 0.36674231 234 88 12
-0.10295431 0.074329971 0.35107938 234 88 12
-0.23403759 0.05604902 0.32000611 234 88 12
0.1079934 0.056984836 0.37540046 234 88 12
-0.050099337 0.063736675 0.3562906 234 88 12
-0.064467233 0.066004125 0.35468021 234 88 12
-0.17192347 0.084008579 0.33552279 234 88 12
-0.22232582 0.057401884 0.32041426 234 88 12
0.16724711 -0.016937944 0.35761501 234 88 12
0.16350024 -0.0041903459 0.36112462 234 88 12
0.12841274 0.04891401 0.37259093 234 88 12
0.11045888 0.056572567 0.37314161 234 88 12
0.018113571 0.065802508 0.36279841 234 88 12
-0.14196175 0.081824604 0.33874793 234 88 12
0.10835495 0.057811843 0.37056076 234 88 12
0.064109435 0.068242676 0.36650802 234 88 12
0.057041961 0.06922202 0.36563504 234 88 12
0.015475003 0.065623883 0.36011342 234 88 12
0.012749206 0.065114464 0.35978002 234 88 12
-0.03258708 0.062530417 0.35353547 234 88 12
-0.039985513 0.063232139 0.3525991 234 88 12
-0.052385737 0.06456092 0.35124565 234 88 12
-0.090762146 0.07383066 0.34636503 234 88 12
-0.14936183 0.083675676 0.3347908 234 88 12
0.16160366 0.005675924 0.35842583 234 88 12
-0.010249919 0.062686037 0.35440684 234 88 12
-0.12491113 0.078273183 0.3374362 234 88 12
0.08788747 0.064558547 0.3643175 234 88 12
0.052617563 0.070563917 0.36031491 234 88 12
-0.1126231 0.076695155 0.33761092 234 88 12
-0.11763251 0.077212081 0.33664491 234 88 12
-0.14920927 0.084321439 0.33012301 234 88 12
0.15133858 0.031363674 0.36019938 234 88 12
0.12925388 0.050395586 0.36295097 234 88 12
-0.022472172 0.062658043 0.34795167 234 88 12
-0.05452317 0.065680897 0.34382964 234 88 12
-0.072950741 0.069747268 0.34187633 234 88 12
-0.11001447 0.076820713 0.33578446 234 88 12
-0.12949907 0.079930639 0.33183947 234 88 12
-0.13430227 0.081160614 0.33100387 234 88 12
-0.23656886 0.057475138 0.30521079 234 88 12
0.076473906 0.067608274 0.35832545 234 88 12
-0.027296624 0.06299661 0.34483123 234 88 12
-0.070677896 0.069323728 0.33981595 234 88 12
-0.077262971 0.07136214 0.33907368 234 88 12
-0.14652355 0.084339948 0.32611551 234 88 12
-0.15154328 0.085184192 0.32494125 234 88 12
0.13611001 0.047222384 0.35769945 234 88 12
0.12520346 0.05344105 0.35833906 234 88 12
0.099984082 0.062926723 0.35793272 234 88 12
0.07663194 0.068020537 0.3559785 234 88 12
0.045977018 0.072057344 0.35229358 234 88 12
0.018940009 0.067901436 0.34871709 234 88 12
-0.012291144 0.063530309 0.3445676 234 88 12
-0.046911142 0.06512668 0.33995786 234 88 12
-0.11741862 0.077969665 0.32970031 234 88 12
0.14647738 0.039230024 0.35403488 234 88 12
-0.031994426 0.063670658 0.33931149 234 88 12
-0.036901179 0.064134106 0.3386177 234 88 12
-0.05174525 0.065901252 0.3370408 234 88 12
-0.10216451 0.077176465 0.33022159 234 88 12
-0.11732703 0.078179525 0.32746452 234 88 12
-0.1684016 0.085854208 0.31736876 234 88 12
-0.23084785 0.058123589 0.29922056 234 88 12
0.15887804 0.021189787 0.34704808 234 88 12
0.1141849 0.058971486 0.35373739 234 88 12
0.058274179 0.072434037 0.34916372 234 88 12
0.048796567 0.072957166 0.34790491 234 88 12
-0.014600565 0.063768177 0.3394439 234 88 12
-0.074819317 0.071330974 0.33229433 234 88 12
-0.094933657 0.076508137 0.32929227 234 88 12
-0.097271372 0.076884892 0.32886197 234 88 12
-0.1244945 0.079554963 0.3237468 234 88 12
-0.18767436 0.081286255 0.31050864 234 88 12
0.048983414 0.073402356 0.34551751 234 88 12
0.011460044 0.067270073 0.34058467 234 88 12
-0.0066873161 0.0647592 0.33805537 234 88 12
-0.061124349 0.067903211 0.33134261 234 88 12
-0.068042329 0.069541043 0.33063426 234 88 12
-0.074750419 0.07152691 0.32998182 234 88 12
-0.16191129 0.086646351 0.31344583 234 88 12
-0.17452796 0.085334949 0.31129293 234 88 12
0.1606832 0.017166113 0.34058668 234 88 12
0.091270184 0.066924756 0.34762668 234 88 12
0.025377254 0.070469318 0.33993084 234 88 12
-0.019332532 0.064006007 0.33398657 234 88 12
-0.046463195 0.065933087 0.33037956 234 88 12
-0.04893855 0.066241436 0.33013075 234 88 12
-0.0633821 0.068636886 0.32874511 234 88 12
-0.17768462 0.084738194 0.30814977 234 88 12
0.084382257 0.068724782 0.34458468 234 88 12
0.072735136 0.071212981 0.3432088 234 88 12
0.033960988 0.072625486 0.3386688 234 88 12
0.0227496 0.070148041 0.3372134 234 88 12
-0.0090732389 0.065085845 0.33289826 234 88 12
-0.041381773 0.065602764 0.32846871 234 88 12
-0.087941028 0.075761417 0.32356563 234 88 12
-0.090190624 0.076274463 0.32318258 234 88 12
0.14766056 0.041322257 0.34180011 234 88 12
0.14162623 0.046939342 0.3427973 234 88 12
-0.053648928 0.067365024 0.32494092 234 88 12
-0.070061984 0.070799794 0.32333175 234 88 12
-0.072286327 0.071452286 0.32308819 234 88 12
-0.090157698 0.076477211 0.32083559 234 88 12
-0.17131138 0.086147505 0.30471834 234 88 12
-0.23631698 0.058758495 0.28539695 234 88 12
0.12432958 0.05750197 0.34137099 234 88 12
-0.036234395 0.065607519 0.32441511 234 88 12
-0.11445578 0.079184195 0.31411552 234 88 12
-0.1485448 0.085758662 0.30692923 234 88 12
-0.15629567 0.086834482 0.30510533 234 88 12
0.13788516 0.050895295 0.33827798 234 88 12
0.077902901 0.071507065 0.33648295 234 88 12
0.054724569 0.075398753 0.3339518 234 88 12
-0.021329035 0.06510021 0.32404911 234 88 12
-0.041084598 0.066368412 0.32148396 234 88 12
-0.043571909 0.066623167 0.32115884 234 88 12
-0.076644157 0.073147433 0.31790775 234 88 12
-0.081101288 0.074447854 0.31747443 234 88 12
-0.087810759 0.076261657 0.31653232 234 88 12
-0.094643345 0.077752699 0.31537331 234 88 12
-0.11694182 0.079591846 0.31132075 234 88 12
-0.17782675 0.084986994 0.29834115 234 88 12
0.16056169 0.022969237 0.32934793 234 88 12
0.10373313 0.065807435 0.33616195 234 88 12
0.075772673 0.07248289 0.33381439 234 88 12
0.061967893 0.075216275 0.33233227 234 88 12
0.052529062 0.075828728 0.33120981 234 88 12
0.047681077 0.075687762 0.33060025 234 88 12
-0.090043885 0.076922985 0.3138074 234 88 12
0.16546788 0.013131508 0.32403961 234 88 12
0.1623371 0.020048747 0.3259213 234 88 12
0.10156311 0.066884015 0.33350582 234 88 12
0.057466736 0.076050425 0.32936573 234 88 12
0.0072135619 0.068531993 0.32304588 234 88 12
-0.0033633429 0.067012742 0.32169708 234 88 12
-0.026074794 0.065787666 0.3185853 234 88 12
-0.0484428 0.06768348 0.31592313 234 88 12
-0.17455803 0.085811078 0.2941576 234 88 12
-0.21876793 0.06156184 0.27996366 234 88 12
-0.23071535 0.059663994 0.27693497 234 88 12
0.16109375 0.024011186 0.32449351 234 88 12
0.052910017 0.076548625 0.32632182 234 88 12
0.026447694 0.072627865 0.32295066 234 88 12
-0.067530135 0.071067341 0.31166272 234 88 12
-0.13394709 0.082641094 0.30085655 234 88 12
-0.1510762 0.086418744 0.29696414 234 88 12
0.154702 0.037224797 0.32573817 234 88 12
0.14085732 0.051087559 0.32835793 234 88 12
0.12752014 0.058501607 0.32906771 234 88 12
-0.025913508 0.066334657 0.31380379 234 88 12
-0.045831092 0.067899501 0.31140225 234 88 12
-0.069760572 0.071779789 0.30904052 234 88 12
-0.094620691 0.078184526 0.30596189 234 88 12
-0.13633379 0.083261036 0.29798252 234 88 12
-0.14115678 0.0844034 0.29689855 234 88 12
0.16466051 0.018019709 0.3177489 234 88 12
0.018402259 0.071305359 0.31706583 234 88 12
-0.048231348 0.068384302 0.30874696 234 88 12
-0.08321358 0.075692771 0.30528655 234 88 12
-0.12663565 0.081540182 0.29771574 234 88 12
-0.15107602 0.086562138 0.29225702 234 88 12
-0.18122746 0.08414146 0.28538272 234 88 12
0.13245887 0.057074773 0.32407957 234 88 12
0.12324756 0.061099758 0.3243752 234 88 12
-0.020738242 0.066745455 0.30969886 234 88 12
-0.12413985 0.08136474 0.29595863 234 88 12
-0.12656522 0.081670058 0.29545982 234 88 12
0.08376142 0.072999172 0.31969434 234 88 12
0.0053345495 0.069500147 0.31073916 234 88 12
-0.038045934 0.067843015 0.30513246 234 88 12
-0.083142288 0.075847497 0.30056242 234 88 12
-0.18522525 0.081700577 0.27894898 234 88 12
-0.20339499 0.070013186 0.27215517 234 88 12
0.13281779 0.057771283 0.31927171 234 88 12
0.12124144 0.062564409 0.31954371 234 88 12
0.10252055 0.068734349 0.31887579 234 88 12
0.063374114 0.077592376 0.31510206 234 88 12
0.032974125 0.075188737 0.3115885 234 88 12
0.018954284 0.072154782 0.31007918 234 88 12
0.010840284 0.070638232 0.30899277 234 88 12
-0.045421918 0.068761834 0.30191888 234 88 12
-0.074056251 0.073536408 0.29908035 234 88 12
-0.089941993 0.077494922 0.29725378 234 88 12
-0.099285428 0.079156715 0.29592924 234 88 12
-0.10415808 0.079771243 0.29502285 234 88 12
-0.16753175 0.087820702 0.28091096 234 88 12
0.15580804 0.03891048 0.31353269 234 88 12
0.13966734 0.054427062 0.31658166 234 88 12
0.13299446 0.058116991 0.31681407 234 88 12
0.11672713 0.064518093 0.31720076 234 88 12
0.065881767 0.077551554 0.31290481 234 88 12
-0.14587414 0.086108445 0.28398345 234 88 12
-0.19908167 0.072736794 0.26860854 234 88 12
0.16591664 0.020307103 0.30576467 234 88 12
0.1595972 0.033757329 0.30959107 234 88 12
0.15018292 0.046202368 0.31273137 234 88 12
0.10986698 0.067110107 0.31435182 234 88 12
0.070628879 0.076985796 0.3109619 234 88 12
0.063755077 0.078100601 0.31029695 234 88 12
0.016648182 0.072190159 0.30489025 234 88 12
-0.067082725 0.072017433 0.29494912 234 88 12
-0.073946953 0.073681417 0.29433754 234 88 12
-0.15865806 0.088304039 0.27827104 234 88 12
-0.21846114 0.062240836 0.25950987 234 88 12
-0.23341877 0.060290588 0.25578989 234 88 12
0.14003373 0.055120066 0.31171078 234 88 12
-0.017683981 0.067944071 0.298292 234 88 12
-0.10651041 0.080191354 0.28744787 234 88 12
-0.15857197 0.088538572 0.27592465 234 88 12
-0.19010506 0.078607448 0.26682034 234 88 12
0.16316568 0.028039452 0.30293171 234 88 12
0.13574366 0.057959727 0.30941301 234 88 12
0.096144817 0.071646434 0.30842033 234 88 12
0.091492208 0.072730649 0.30812868 234 88 12
0.054665951 0.078961064 0.30428785 234 88 12
0.022546538 0.073825494 0.30075713 234 88 12
-0.02006994 0.068139923 0.29569099 234 88 12
-0.08985991 0.07767956 0.2878348 234 88 12
-0.14567947 0.086778609 0.27683197 234 88 12
0.11739216 0.065590107 0.30725928 234 88 12
0.059577438 0.079114578 0.30245779 234 88 12
0.054814031 0.079140683 0.30188076 234 88 12
-0.16413775 0.089262484 0.26978989 234 88 12
-0.23338009 0.060578648 0.24786938 234 88 12
0.15856486 0.037916742 0.30073116 234 88 12
0.15478125 0.042926091 0.30205636 234 88 12
0.11050359 0.068051956 0.30442611 234 88 12
0.039590261 0.077693731 0.2978383 234 88 12
0.036844117 0.077203942 0.29752324 234 88 12
-0.11377147 0.081437152 0.27912713 234 88 12
-0.23617212 0.0607118 0.2445797 234 88 12
0.080633618 0.075948684 0.29967203 234 88 12
-0.039704566 0.06995893 0.28598494 234 88 12
-0.15555926 0.089303012 0.26715125 234 88 12
0.16394637 0.029364549 0.29345745 234 88 12
0.16237785 0.032588503 0.2943898 234 88 12
0.062380322 0.079427338 0.29549511 234 88 12
0.017731874 0.073667042 0.29075917 234 88 12
0.012259128 0.072681857 0.29015882 234 88 12
-0.022031037 0.06914521 0.28599748 234 88 12
0.13413056 0.060166334 0.29720619 234 88 12
0.0015598397 0.07119613 0.28673682 234 88 12
-0.087398744 0.077555967 0.276349 234 88 12
-0.12806669 0.084520035 0.26911564 234 88 12
-0.14270836 0.0875307 0.26579804 234 88 12
-0.20783799 0.067227427 0.24505623 234 88 12
0.16756466 0.023481039 0.28732971 234 88 12
0.064998376 0.079443758 0.29093785 234 88 12
0.052979106 0.079866138 0.28971439 234 88 12
0.018091019 0.074094794 0.28617703 234 88 12
-0.036857358 0.070362102 0.27939885 234 88 12
-0.07354792 0.074706 0.27560978 234 88 12
-0.10852034 0.081732238 0.27066974 234 88 12
-0.15006783 0.089303278 0.26137895 234 88 12
-0.20789886 0.067150222 0.24253676 234 88 12
0.12978881 0.062464414 0.29250558 234 88 12
0.074483422 0.078019285 0.28931979 234 88 12
-0.059306503 0.072634642 0.27472886 234 88 12
-0.080403141 0.076411898 0.272618 234 88 12
-0.11565822 0.083230671 0.26703 234 88 12
-0.12047275 0.08399885 0.26602521 234 88 12
-0.18205417 0.083755681 0.24986923 234 88 12
-0.23042176 0.061393858 0.23338972 234 88 12
0.14545666 0.053530927 0.28916129 234 88 12
0.11138302 0.069035757 0.28949033 234 88 12
0.090648556 0.074588497 0.2880745 234 88 12
0.086070686 0.07560982 0.28771324 234 88 12
-0.051794536 0.07210933 0.27319377 234 88 12
-0.10825414 0.082411255 0.26614543 234 88 12
-0.14977575 0.089887973 0.25675365 234 88 12
-0.17263011 0.089543517 0.25140003 234 88 12
0.11618309 0.067684002 0.2873213 234 88 12
-0.026315754 0.070465235 0.27399949 234 88 12
-0.046624763 0.071918497 0.27157075 234 88 12
-0.061516729 0.073470745 0.26995661 234 88 12
-0.14212188 0.088835928 0.25646159 234 88 12
-0.14707246 0.089773028 0.25508811 234 88 12
-0.19163509 0.077059088 0.24049227 234 88 12
0.075007623 0.078585791 0.28220753 234 88 12
-0.049011141 0.072451859 0.26904468 234 88 12
-0.098542617 0.081466477 0.26320326 234 88 12
-0.13454885 0.087855632 0.25613033 234 88 12
-0.14193332 0.089234474 0.25414126 234 88 12
0.14573065 0.053695131 0.28182933 234 88 12
0.11416276 0.068679162 0.28236502 234 88 12
-0.018292479 0.070985063 0.27064988 234 88 12
-0.020854404 0.070968318 0.27024588 234 88 12
-0.036114601 0.071666437 0.26829928 234 88 12
-0.12454581 0.086672929 0.25601191 234 88 12
-0.20041002 0.070606704 0.23170945 234 88 12
0.04655452 0.08106084 0.27529135 234 88 12
-0.010349172 0.071613041 0.26945304 234 88 12
-0.035900417 0.07201647 0.26604171 234 88 12
0.16166824 0.036847887 0.27358376 234 88 12
0.15403517 0.04618543 0.27564914 234 88 12
0.051871696 0.082086703 0.27334635 234 88 12
-0.10493905 0.084498277 0.25540407 234 88 12
-0.12164473 0.087364615 0.25220663 234 88 12
0.17066566 0.022032832 0.26781413 234 88 12
0.14399256 0.055499738 0.27461733 234 88 12
0.057026405 0.0827052 0.27146259 234 88 12
0.033663886 0.079729196 0.26979616 234 88 12
0.019852981 0.076538068 0.26824475 234 88 12
-0.027906168 0.072338858 0.26273176 234 88 12
-0.048310819 0.073847058 0.26028041 234 88 12
-0.15660673 0.092668878 0.24085531 234 88 12
0.17267384 0.019088878 0.26482594 234 88 12
0.17081841 0.021993916 0.2654125 234 88 12
0.0063826668 0.074484024 0.26452021 234 88 12
-0.060622733 0.075509911 0.2567772 234 88 12
-0.22729154 0.062790263 0.21354306 234 88 12
0.15039358 0.050109492 0.26905381 234 88 12
0.13544359 0.06112872 0.27016736 234 88 12
0.10344801 0.072999803 0.269351 234 88 12
-0.0041179115 0.073647108 0.26127535 234 88 12
-0.0067864326 0.073440427 0.26099294 234 88 12
-0.060440014 0.07591161 0.2545726 234 88 12
-0.088324432 0.082198669 0.2511891 234 88 12
-0.12585748 0.08957475 0.24442185 234 88 12
0.14219114 0.057121716 0.2674855 234 88 12
0.0068384776 0.075482525 0.26031932 234 88 12
-0.034812641 0.074152652 0.25529499 234 88 12
-0.094948092 0.084384504 0.24805804 234 88 12
-0.12562137 0.090000353 0.24223286 234 88 12
0.11296179 0.070415666 0.26497431 234 88 12
-0.014118579 0.074111005 0.25589882 234 88 12
-0.078803588 0.080635863 0.24813877 234 88 12
-0.08794312 0.083065223 0.24697928 234 88 12
-0.10162164 0.086442506 0.24485865 234 88 12
0.13587315 0.061198292 0.26272054 234 88 12
0.10858505 0.072085085 0.26231626 234 88 12
0.097144769 0.075596534 0.2618215 234 88 12
0.065370512 0.084500799 0.26058 234 88 12
-0.01383593 0.074668034 0.25380843 234 88 12
-0.036856968 0.07525179 0.25085881 234 88 12
-0.11549561 0.089487438 0.24000537 234 88 12
0.053802726 0.085871978 0.25766024 234 88 12
-0.0030521651 0.075878843 0.25301963 234 88 12
-0.008339287 0.075489926 0.25241261 234 88 12
-0.013560959 0.075221701 0.25178244 234 88 12
-0.018688284 0.07512864 0.25111405 234 88 12
-0.12990316 0.091832829 0.23447205 234 88 12
0.15081028 0.049603282 0.25669788 234 88 12
0.12713156 0.065509149 0.25782729 234 88 12
0.063586598 0.085813612 0.25598172 234 88 12
0.024508048 0.08125193 0.25341225 234 88 12
-0.028650154 0.07587835 0.24775419 234 88 12
-0.11265696 0.090044294 0.23618142 234 88 12
-0.20807683 0.067199079 0.20398995 234 88 12
0.1675181 0.026085008 0.24957681 234 88 12
0.12045374 0.068292318 0.25536684 234 88 12
0.097805392 0.076265029 0.25465663 234 88 12
0.075313611 0.083710113 0.25426318 234 88 12
-0.01033815 0.076554454 0.24797704 234 88 12
-0.091506605 0.086183083 0.23798229 234 88 12
-0.098354773 0.087842518 0.23693501 234 88 12
0.1730867 0.01699926 0.24523364 234 88 12
0.15296202 0.047146453 0.25149303 234 88 12
0.14286737 0.056760413 0.25263941 234 88 12
0.064143807 0.086724958 0.25157565 234 88 12
0.041712433 0.08614432 0.25029961 234 88 12
0.036245828 0.085077219 0.24993847 234 88 12
-0.009991307 0.077213129 0.24597283 234 88 12
-0.033128363 0.077335827 0.24298227 234 88 12
-0.13916067 0.094313397 0.22511134 234 88 12
-0.22132334 0.064474854 0.19488353 234 88 12
-0.23022002 0.064018917 0.19251491 234 88 12
0.16052447 0.037033478 0.24706083 234 88 12
0.11849197 0.069319654 0.25050288 234 88 12
0.11399062 0.071043332 0.2503217 234 88 12
0.10720118 0.073492424 0.25024334 234 88 12
0.10272347 0.075095786 0.25012375 234 88 12
0.014401986 0.080678368 0.24630793 234 88 12
-0.12635195 0.093412898 0.22614593 234 88 12
-0.14405398 0.095152063 0.22153388 234 88 12
-0.16142504 0.094113864 0.21665599 234 88 12
0.12767564 0.06559718 0.24810559 234 88 12
0.11865857 0.069422008 0.24805723 234 88 12
0.05999199 0.088192596 0.24689568 234 88 12
-0.090527386 0.088071714 0.23173506 234 88 12
0.15120276 0.048862812 0.24445825 234 88 12
0.094197115 0.078806638 0.24529216 234 88 12
0.083079422 0.082987503 0.24521071 234 88 12
0.050391217 0.088722007 0.24427983 234 88 12
-0.021736956 0.079326404 0.23829877 234 88 12
-0.037070529 0.079864177 0.23638127 234 88 12
-0.052475261 0.080995518 0.23447344 234 88 12
-0.081155852 0.086311124 0.23098513 234 88 12
-0.08565698 0.087591307 0.23029472 234 88 12
-0.10633155 0.092264116 0.22663412 234 88 12
-0.1672237 0.093031691 0.20997596 234 88 12
-0.20801694 0.066942741 0.19104344 234 88 12
0.16233936 0.033181382 0.23883855 234 88 12
0.14117746 0.058081803 0.24287554 234 88 12
0.12572522 0.066727839 0.24318591 234 88 12
0.094387031 0.079086319 0.24295622 234 88 12
0.010008513 0.082054836 0.23973751 234 88 12
-0.0084555009 0.080331944 0.23792082 234 88 12
-0.064500874 0.08345541 0.23104493 234 88 12
-0.10357438 0.09258578 0.22489886 234 88 12
-0.15487227 0.096142146 0.21128444 234 88 12
-0.22724658 0.064471739 0.18294239 234 88 12
0.12589398 0.066770856 0.2407017 234 88 12
0.076882607 0.085997405 0.24068087 234 88 12
0.018433854 0.084131086 0.23832666 234 88 12
-0.073453195 0.086318866 0.22784399 234 88 12
-0.22428445 0.064680919 0.18116035 234 88 12
0.16943079 0.019947646 0.23106044 234 88 12
0.11037127 0.073406077 0.23829554 234 88 12
0.077128707 0.086358503 0.23838827 234 88 12
0.074895762 0.087079557 0.2383629 234 88 12
-0.091189987 0.091797527 0.22313271 234 88 12
-0.095781647 0.092787753 0.22225882 234 88 12
-0.12706729 0.097377523 0.21453341 234 88 12
0.0084648653 0.084212686 0.2332919 234 88 12
0.00062211373 0.083506514 0.2325257 234 88 12
-0.13173023 0.098654265 0.21094358 234 88 12
0.14785805 0.052162895 0.23246299 234 88 12
0.075355265 0.087792839 0.23394447 234 88 12
0.030067159 0.088123144 0.23268292 234 88 12
-0.037130213 0.085161151 0.22595972 234 88 12
-0.064709106 0.088223992 0.22282055 234 88 12
0.09321734 0.081243721 0.23126074 234 88 12
0.075568387 0.088142081 0.23168162 234 88 12
0.014505912 0.086534049 0.22962823 234 88 12
-0.11336752 0.098564506 0.21148064 234 88 12
-0.15312344 0.099512308 0.2006513 234 88 12
-0.06343369 0.090650166 0.21869426 234 88 12
-0.10088938 0.097618474 0.21219419 234 88 12
-0.14683672 0.10100097 0.19998964 234 88 12
-0.14979205 0.10068957 0.19925802 234 88 12
0.16229848 0.028426866 0.22029869 234 88 12
0.15905285 0.035051175 0.22193975 234 88 12
0.1520455 0.047109244 0.22414792 234 88 12
0.12680431 0.066755443 0.22585019 234 88 12
0.0023952337 0.087545032 0.22423748 234 88 12
-0.017926927 0.087613123 0.22219249 234 88 12
-0.057942771 0.091206139 0.21729763 234 88 12
-0.14361271 0.10202205 0.19849274 234 88 12
-0.15238298 0.10097635 0.19624719 234 88 12
0.12696049 0.066693125 0.22330038 234 88 12
0.11361681 0.073029732 0.22374521 234 88 12
0.10254797 0.077959621 0.22425121 234 88 12
0.09599729 0.080909418 0.22424619 234 88 12
0.055057146 0.092951737 0.22471822 234 88 12
0.033984856 0.091190556 0.22415976 234 88 12
0.018295346 0.08940811 0.22341847 234 88 12
0.015690956 0.089209461 0.22325027 234 88 12
-0.069395124 0.094220661 0.21376633 234 88 12
-0.081212887 0.096215065 0.21194623 234 88 12
-0.088211117 0.097447362 0.2105386 234 88 12
-0.11947688 0.10183955 0.2028436 234 88 12
-0.1550194 0.10116004 0.19327443 234 88 12
-0.16150211 0.098934741 0.19089596 234 88 12
-0.21465256 0.066408311 0.16577979 234 88 12
0.15044173 0.049085731 0.21941824 234 88 12
0.14445861 0.055261342 0.21997724 234 88 12
0.057820786 0.093332712 0.22255709 234 88 12
0.034325458 0.091891672 0.22196553 234 88 12
-0.029156337 0.090841736 0.21656496 234 88 12
-0.068813796 0.09531354 0.21167344 234 88 12
-0.14005058 0.10377652 0.19489046 234 88 12
-0.14288232 0.10364353 0.19415824 234 88 12
-0.22112274 0.065585357 0.16123556 234 88 12
0.12725143 0.066546852 0.21834205 234 88 12
0.10956651 0.075158699 0.21911566 234 88 12
0.029428238 0.092018714 0.21962814 234 88 12
0.019124833 0.091225785 0.21916229 234 88 12
-0.0088707798 0.090748935 0.21682144 234 88 12
-0.01631122 0.091031866 0.21604374 234 88 12
-0.099028762 0.1011289 0.20352732 234 88 12
0.16972 0.014069507 0.20665805 234 88 12
0.07466412 0.090978671 0.21809229 234 88 12
-0.00085446542 0.091710618 0.21545708 234 88 12
-0.020698538 0.092490753 0.21339695 234 88 12
-0.22106779 0.065368307 0.15593017 234 88 12
-0.22412398 0.065290148 0.15501679 234 88 12
-0.23608267 0.06545348 0.15190065 234 88 12
0.11429884 0.073167082 0.21398721 234 88 12
0.10990552 0.075324703 0.21422998 234 88 12
0.043275027 0.094628386 0.21562687 234 88 12
0.017390146 0.092955348 0.21470093 234 88 12
-0.049907886 0.096348184 0.20760389 234 88 12
-0.13608748 0.10628462 0.18880085 234 88 12
0.138637 0.059940738 0.21014499 234 88 12
0.12546006 0.067666934 0.21084241 234 88 12
-0.10997718 0.10493682 0.19387327 234 88 12
-0.22102309 0.065180591 0.15055671 234 88 12
0.12121766 0.069925955 0.20859416 234 88 12
0.079789066 0.090205599 0.21103512 234 88 12
-0.024191085 0.095974378 0.20651952 234 88 12
-0.051407055 0.098549124 0.20293204 234 88 12
-0.071118377 0.10071045 0.20017953 234 88 12
-0.14089379 0.10762504 0.18291885 234 88 12
-0.096993661 0.10490235 0.19264482 234 88 12
-0.10676446 0.10605994 0.19015948 234 88 12
0.15321376 0.046145327 0.20066087 234 88 12
0.095287465 0.083138904 0.20533468 234 88 12
0.075729059 0.092482786 0.20644732 234 88 12
0.044404868 0.096827895 0.20653188 234 88 12
-0.030667178 0.09830748 0.20127017 234 88 12
-0.048026838 0.099917383 0.19899189 234 88 12
-0.058050544 0.10087987 0.19763431 234 88 12
-0.084670028 0.10402993 0.19324693 234 88 12
-0.12132227 0.10825387 0.18346626 234 88 12
-0.22721001 0.06509231 0.14069242 234 88 12
0.15528392 0.043748213 0.19756615 234 88 12
0.14337168 0.056506652 0.19953539 234 88 12
0.066824089 0.095501361 0.20434237 234 88 12
0.052330402 0.097278668 0.20430894 234 88 12
0.036996207 0.097111813 0.20423724 234 88 12
0.034422413 0.097056955 0.20424235 234 88 12
0.0014682646 0.097041844 0.2025841 234 88 12
-0.025449115 0.098644749 0.19968498 234 88 12
-0.10115673 0.10672717 0.18691139 234 88 12
-0.14546091 0.10899068 0.17460831 234 88 12
0.15356007 0.046047906 0.19534698 234 88 12
0.1064167 0.07791875 0.19953164 234 88 12
0.099805504 0.081105373 0.20002645 234 88 12
0.042355903 0.09767739 0.20197003 234 88 12
0.027050787 0.097509708 0.20183047 234 88 12
0.011867986 0.097580447 0.20106938 234 88 12
-0.11567942 0.10889971 0.18024518 234 88 12
-0.22412921 0.065201045 0.13630883 234 88 12
-0.23314673 0.065464306 0.1336694 234 88 12
0.10428706 0.079009933 0.1971447 234 88 12
0.062480223 0.096987943 0.19960906 234 88 12
0.037450892 0.098037191 0.19966939 234 88 12
-0.054551416 0.10259547 0.19149791 234 88 12
-0.098159963 0.10760232 0.18289476 234 88 12
-0.13106294 0.11078359 0.17367979 234 88 12
-0.15089664 0.10874968 0.16766043 234 88 12
0.14787898 0.052465991 0.19100896 234 88 12
0.04272749 0.098425933 0.19738125 234 88 12
-0.022082934 0.10038972 0.19334058 234 88 12
-0.026969442 0.10079055 0.19268594 234 88 12
-0.069141625 0.10465017 0.186895 234 88 12
-0.076356103 0.10548906 0.18561471 234 88 12
-0.097937186 0.10816533 0.18055575 234 88 12
-0.22408324 0.065299502 0.13097891 234 88 12
-0.1075011 0.1097361 0.17551931 234 88 12
0.12219252 0.069813332 0.18798545 234 88 12
0.080775266 0.090506358 0.19115256 234 88 12
0.0053881764 0.099854144 0.19164507 234 88 12
-0.051359306 0.10398875 0.18500295 234 88 12
-0.10976168 0.11043973 0.17245113 234 88 12
-0.21783642 0.06557253 0.12762585 234 88 12
0.1562653 0.043676324 0.18205672 234 88 12
0.15431625 0.04607123 0.18257557 234 88 12
0.14620957 0.054496796 0.18362586 234 88 12
0.1289594 0.066413422 0.18488162 234 88 12
0.12449361 0.06865674 0.18524753 234 88 12
0.048342325 0.099166796 0.19034515 234 88 12
0.038303933 0.099446873 0.19037812 234 88 12
-0.053659975 0.10469659 0.18234226 234 88 12
-0.070902095 0.10646571 0.17946552 234 88 12
-0.080523063 0.10756678 0.17763306 234 88 12
-0.099764452 0.10996286 0.17279773 234 88 12
-0.22396418 0.065445616 0.12306165 234 88 12
-0.22996622 0.065651241 0.12137478 234 88 12
0.14837634 0.052681721 0.18082145 234 88 12
0.076711681 0.093023621 0.18659511 234 88 12
0.070146284 0.09611221 0.18717651 234 88 12
0.067928455 0.096920025 0.18729609 234 88 12
0.065658014 0.097605577 0.18742667 234 88 12
0.013325539 0.1004506 0.18750806 234 88 12
-0.0089946066 0.10140149 0.18574202 234 88 12
-0.06585043 0.10639259 0.17795361 234 88 12
-0.13542506 0.11318627 0.16074018 234 88 12
0.1136867 0.074113498 0.18091486 234 88 12
0.10495986 0.078974176 0.1817103 234 88 12
-0.016147386 0.10235009 0.18277167 234 88 12
-0.040663532 0.1044814 0.17941242 234 88 12
-0.04821345 0.10514606 0.17845821 234 88 12
-0.055769424 0.10588343 0.17728839 234 88 12
-0.087359441 0.10941209 0.17106171 234 88 12
-0.043001851 0.10514036 0.17675991 234 88 12
-0.21136973 0.066126574 0.11901115 234 88 12
0.13595893 0.062789622 0.17406848 234 88 12
0.11176667 0.075447461 0.17591099 234 88 12
0.096393152 0.083202815 0.17721954 234 88 12
-0.13749584 0.11452453 0.15288158 234 88 12
-0.14282267 0.11417913 0.1510085 234 88 12
0.12943629 0.066452246 0.17213169 234 88 12
0.10754258 0.078041035 0.17378885 234 88 12
0.06637783 0.098536914 0.17781303 234 88 12
0.059214886 0.09975152 0.17813672 234 88 12
0.049296041 0.10054701 0.17837609 234 88 12
0.029153438 0.1012845 0.17848836 234 88 12
-0.018089938 0.10380577 0.1752601 234 88 12
-0.055240277 0.10716585 0.17012388 234 88 12
-0.057729363 0.10740475 0.16966851 234 88 12
-0.11867325 0.11399038 0.15507595 234 88 12
-0.23525366 0.066756207 0.10651611 234 88 12
0.12954816 0.066491074 0.16954462 234 88 12
0.12290593 0.069769356 0.17003354 234 88 12
0.090096262 0.086370773 0.17269319 234 88 12
0.08589797 0.088745759 0.17308116 234 88 12
0.07757232 0.093974379 0.17416955 234 88 12
-0.03018818 0.10530221 0.17133894 234 88 12
-0.11606159 0.11419586 0.15323324 234 88 12
0.079834638 0.092829022 0.17143233 234 88 12
0.073458232 0.096517551 0.17233481 234 88 12
0.069022615 0.0983165 0.17274158 234 88 12
0.064389194 0.09949526 0.17297596 234 88 12
0.047106452 0.10116281 0.17352505 234 88 12
0.0068446828 0.10284183 0.17283659 234 88 12
0.0043532684 0.10296639 0.17265848 234 88 12
-0.027615311 0.10549001 0.16924298 234 88 12
-0.044970514 0.10714009 0.16674775 234 88 12
-0.21725772 0.06626009 0.10612397 234 88 12
0.1408341 0.060426804 0.16368082 234 88 12
0.13865048 0.061779286 0.16380817 234 88 12
0.11438187 0.074463854 0.16557769 234 88 12
0.08617855 0.089066487 0.1680129 234 88 12
0.079976861 0.09300471 0.16889013 234 88 12
0.075762653 0.095566492 0.16953874 234 88 12
0.069174144 0.098537241 0.17029569 234 88 12
0.0019908973 0.10342733 0.1700851 234 88 12
-0.044862754 0.1075509 0.16430982 234 88 12
-0.062356201 0.10918538 0.16145591 234 88 12
-0.22917355 0.066743242 0.099962338 234 88 12
0.15380906 0.049415426 0.1594756 234 88 12
0.12326336 0.069942947 0.16240166 234 88 12
0.071540817 0.097925135 0.16761419 234 88 12
0.067000821 0.099465911 0.16793666 234 88 12
0.0021130625 0.10374679 0.16777033 234 88 12
-0.024911859 0.10606071 0.1646485 234 88 12
0.11460367 0.074581303 0.16050826 234 88 12
0.090505187 0.086827253 0.16269954 234 88 12
0.022318707 0.10299981 0.16621854 234 88 12
-0.052161117 0.1090494 0.15806399 234 88 12
-0.059694706 0.10974221 0.15684041 234 88 12
0.14561237 0.057581855 0.15587601 234 88 12
0.14123586 0.060602328 0.15615075 234 88 12
0.12571325 0.068948159 0.15716224 234 88 12
0.060064587 0.10107065 0.16337858 234 88 12
0.050118015 0.10187383 0.16373318 234 88 12
-0.0026054071 0.10477396 0.16238041 234 88 12
-0.019797246 0.10633721 0.16038785 234 88 12
-0.02225209 0.10657498 0.16007053 234 88 12
0.13479612 0.06450488 0.15407901 234 88 12
0.1213721 0.071121596 0.15494843 234 88 12
-0.052037829 0.10982696 0.15311205 234 88 12
0.060298262 0.10148305 0.15837618 234 88 12
0.037739395 0.10294306 0.15892771 234 88 12
-0.014720894 0.1065697 0.15601692 234 88 12
-0.036888719 0.10876918 0.15287638 234 88 12
-0.11026614 0.11666627 0.1363572 234 88 12
0.1438532 0.059247642 0.14840306 234 88 12
0.060450788 0.10169166 0.15587399 234 88 12
0.053004404 0.1023495 0.1561661 234 88 12
-0.10291511 0.11641184 0.13582421 234 88 12
-0.11297352 0.11735759 0.13289021 234 88 12
0.15669492 0.047352175 0.14387399 234 88 12
0.15464057 0.049643404 0.14434941 234 88 12
0.14615623 0.057638523 0.14574996 234 88 12
0.084891826 0.09128021 0.15057719 234 88 12
0.06063816 0.10192083 0.1533189 234 88 12
0.055653615 0.10238986 0.15353942 234 88 12
0.04055139 0.10327249 0.15386934 234 88 12
-0.036704868 0.10950575 0.147786 234 88 12
-0.061835813 0.1119241 0.143542 234 88 12
-0.11287499 0.11776194 0.13011608 234 88 12
-0.12573267 0.11900553 0.12656194 234 88 12
0.13972884 0.062117588 0.14373359 234 88 12
0.11074111 0.076939448 0.14569607 234 88 12
0.02565183 0.10451458 0.15120995 234 88 12
-0.026715382 0.10884243 0.14658593 234 88 12
-0.029190101 0.10908288 0.14624122 234 88 12
-0.10033651 0.11696574 0.13099829 234 88 12
0.045939825 0.10356017 0.14869809 234 88 12
0.028310996 0.10464821 0.14868354 234 88 12
0.015729785 0.10544631 0.14842914 234 88 12
0.00058369352 0.10652136 0.14748897 234 88 12
-0.044029109 0.11095618 0.14145156 234 88 12
-0.076253232 0.11435189 0.13516025 234 88 12
-0.078671267 0.11465637 0.13465387 234 88 12
0.085321706 0.091725666 0.14294457 234 88 12
0.05619672 0.10319077 0.14588631 234 88 12
-0.0067717914 0.10751453 0.14418368 234 88 12
-0.11018263 0.11861796 0.12245852 234 88 12
0.12215673 0.071281704 0.1372804 234 88 12
0.068572814 0.10150443 0.14270548 234 88 12
0.021049192 0.10573466 0.14348331 234 88 12
-0.066480646 0.11388645 0.13195682 234 88 12
-0.078581933 0.11536361 0.12914862 234 88 12
-0.083384734 0.115991 0.12785837 234 88 12
0.16816855 0.018792468 0.12211809 234 88 12
0.097799919 0.083520162 0.13662339 234 88 12
0.077516275 0.097909277 0.13937787 234 88 12
0.063965615 0.1027299 0.14046154 234 88 12
-0.026406545 0.11010292 0.13607382 234 88 12
-0.033840124 0.1108265 0.13502531 234 88 12
-0.038824362 0.11133789 0.13434837 234 88 12
-0.061501432 0.11362116 0.13009599 234 88 12
-0.10485483 0.11877202 0.11823342 234 88 12
0.16650203 0.021801881 0.12024844 234 88 12
0.14698439 0.057687079 0.13035739 234 88 12
0.12676256 0.069167082 0.13207638 234 88 12
0.12007519 0.072494896 0.13232764 234 88 12
0.028877762 0.10579318 0.1384234 234 88 12
0.0010480526 0.10771563 0.13697577 234 88 12
-0.018935869 0.10961867 0.13444736 234 88 12
-0.073617932 0.11525272 0.12463229 234 88 12
-0.088058701 0.1171592 0.12071204 234 88 12
-0.20477817 0.068182735 0.071089664 234 88 12
-0.23058813 0.06856339 0.064222497 234 88 12
0.14925659 0.055988599 0.12740509 234 88 12
0.1089938 0.078233005 0.13076336 234 88 12
0.10010921 0.082501726 0.13146366 234 88 12
0.05682792 0.10415454 0.13557505 234 88 12
0.049255944 0.10478169 0.13576377 234 88 12
0.018858979 0.10670383 0.13559934 234 88 12
0.01380849 0.10707188 0.13528566 234 88 12
-0.016396779 0.10958651 0.13214677 234 88 12
-0.048861328 0.11279402 0.1270338 234 88 12
-0.21924665 0.067919487 0.064189987 234 88 12
-0.026262902 0.11077232 0.12797778 234 88 12
-0.11277107 0.11980274 0.10747897 234 88 12
-0.22756411 0.06853856 0.059241088 234 88 12
0.11795011 0.073726043 0.12491234 234 88 12
0.021577629 0.10697422 0.13043623 234 88 12
-0.076032967 0.11602811 0.11566997 234 88 12
-0.12572601 0.12027428 0.10047146 234 88 12
0.14728846 0.057985128 0.12010008 234 88 12
0.14505613 0.059629178 0.12035604 234 88 12
0.14283382 0.061078923 0.12054401 234 88 12
0.088073118 0.091024747 0.12514616 234 88 12
0.067004713 0.10315695 0.12750408 234 88 12
0.024183446 0.10699421 0.12786434 234 88 12
-0.031158623 0.11159271 0.12178869 234 88 12
-0.063829252 0.11478127 0.11554038 234 88 12
-0.11560671 0.11983859 0.10090552 234 88 12
0.12703926 0.069377037 0.11928702 234 88 12
0.084373601 0.094451014 0.12314951 234 88 12
0.069447381 0.10268966 0.12482819 234 88 12
0.029356259 0.10686189 0.12538072 234 88 12
-0.088098935 0.11761876 0.10651518 234 88 12
-0.090494794 0.11790131 0.10576348 234 88 12
-0.12600057 0.11980488 0.094766678 234 88 12
0.1293676 0.068280975 0.11653521 234 88 12
-0.078505272 0.1165392 0.10646291 234 88 12
-0.10266152 0.11901025 0.099008142 234 88 12
-0.21892604 0.068043858 0.049979557 234 88 12
0.17697957 0.010902637 0.09809378 234 88 12
0.12714723 0.069350148 0.1140844 234 88 12
0.0806421 0.097841277 0.11887789 234 88 12
0.060001781 0.10495493 0.11980651 234 88 12
0.01944718 0.10790599 0.11947952 234 88 12
-0.021070137 0.11116419 0.11486795 234 88 12
-0.056282021 0.11431312 0.10865223 234 88 12
-0.078511147 0.11660052 0.10352785 234 88 12
-0.093011664 0.11807138 0.099364972 234 88 12
-0.10306013 0.1189327 0.096293541 234 88 12
-0.13697449 0.11737419 0.084577141 234 88 12
-0.21886663 0.068053335 0.047031334 234 88 12
0.17307888 0.015441172 0.096445817 234 88 12
0.16394133 0.029828805 0.10065251 234 88 12
0.072075273 0.10238069 0.11695593 234 88 12
0.029688212 0.10746047 0.11728944 234 88 12
-0.020998755 0.11131976 0.11205221 234 88 12
-0.033505035 0.11241628 0.11006653 234 88 12
-0.073631408 0.11616025 0.10183194 234 88 12
-0.12908504 0.11877184 0.084871195 234 88 12
0.16939306 0.020628108 0.09509059 234 88 12
0.11142952 0.076711815 0.11015587 234 88 12
0.090435177 0.089763638 0.11176628 234 88 12
0.027305717 0.10781409 0.1145275 234 88 12
-0.068724995 0.11573807 0.10017515 234 88 12
-0.22706815 0.069082791 0.039221324 234 88 12
0.057916501 0.10585439 0.11197526 234 88 12
0.012198338 0.10898595 0.11070786 234 88 12
-0.020913148 0.1116508 0.10647203 234 88 12
-0.023411716 0.11187058 0.10604272 234 88 12
-0.038439497 0.11316853 0.10357442 234 88 12
-0.040963278 0.11338171 0.10309337 234 88 12
0.16422501 0.029970749 0.092568148 234 88 12
0.15771526 0.044009455 0.097653582 234 88 12
0.10711153 0.078975082 0.10516805 234 88 12
0.085131451 0.095398227 0.1077253 234 88 12
0.053019236 0.10656794 0.10942699 234 88 12
-0.00048396783 0.11012302 0.1067431 234 88 12
-0.068794078 0.11586824 0.094325679 234 88 12
0.14785747 0.057818384 0.098729074 234 88 12
0.025124052 0.10855908 0.10629921 234 88 12
0.0098267514 0.10954588 0.10505299 234 88 12
-0.00040459249 0.11027833 0.10398967 234 88 12
-0.0055878738 0.110689 0.10334869 234 88 12
-0.046063532 0.11406019 0.096364068 234 88 12
-0.20209562 0.066713032 0.035603204 234 88 12
-0.20493763 0.066651813 0.034752712 234 88 12
0.068110205 0.10463384 0.10418694 234 88 12
0.030318238 0.10841758 0.10368279 234 88 12
0.022698208 0.10886623 0.10332834 234 88 12
-0.10342529 0.11806303 0.078632189 234 88 12
-0.13011593 0.116823 0.069150012 234 88 12
0.043236726 0.10791704 0.10137696 234 88 12
0.035513254 0.10828185 0.10119041 234 88 12
-0.002845441 0.11065922 0.098088337 234 88 12
-0.10101069 0.11774637 0.076549052 234 88 12
-0.11941739 0.11744545 0.069689572 234 88 12
0.16817217 0.024015753 0.079334459 234 88 12
0.13906642 0.063852905 0.091607132 234 88 12
0.1367971 0.065015104 0.091789447 234 88 12
0.11396518 0.075511903 0.093756782 234 88 12
-0.020667689 0.11216049 0.092475025 234 88 12
-0.048625068 0.11424873 0.087194098 234 88 12
-0.096102152 0.11727298 0.075340761 234 88 12
0.11401249 0.075504543 0.091001027 234 88 12
0.10102354 0.08260948 0.089684227 234 88 12
0.022902181 0.10907456 0.092332084 234 88 12
-0.064029125 0.11488415 0.078413985 234 88 12
-0.096482309 0.11634546 0.069454824 234 88 12
0.12087824 0.072333069 0.084964287 234 88 12
0.09697545 0.085427731 0.087376518 234 88 12
0.084109709 0.09816787 0.090361589 234 88 12
0.068417322 0.10521505 0.091212805 234 88 12
0.035691355 0.10851695 0.090448298 234 88 12
0.0075621583 0.10971197 0.088216845 234 88 12
-0.025763908 0.11215801 0.083131249 234 88 12
-0.074436943 0.11500814 0.072989634 234 88 12
-0.10707914 0.11553566 0.062361216 234 88 12
0.012716894 0.10927588 0.086004707 234 88 12
-0.00014304465 0.11003257 0.084523268 234 88 12
-0.1270418 0.11212718 0.051196348 234 88 12
-0.1301435 0.11117798 0.049871285 234 88 12
0.097098554 0.085422022 0.081875822 234 88 12
0.091445513 0.090557689 0.082890813 234 88 12
0.063658458 0.10639429 0.086000738 234 88 12
0.040858927 0.10822016 0.085399797 234 88 12
0.0024116693 0.1096484 0.082005263 234 88 12
-0.0053563948 0.11018099 0.081014828 234 88 12
-0.048969564 0.11299417 0.073103214 234 88 12
-0.057091065 0.1133586 0.07129222 234 88 12
-0.10002535 0.11405462 0.059077506 234 88 12
0.18061117 0.0099226848 0.058663353 234 88 12
0.12327606 0.071222887 0.076250438 234 88 12
-0.11376036 0.1117744 0.049646154 234 88 12
0.13020933 0.068047639 0.072779699 234 88 12
0.095300897 0.086922934 0.076656544 234 88 12
-0.062638875 0.11233134 0.064276378 234 88 12
0.17238398 0.018962477 0.055294562 234 88 12
0.095340188 0.08683149 0.073911048 234 88 12
0.068654952 0.10553728 0.078243069 234 88 12
0.03832674 0.10827174 0.07720559 234 88 12
-0.036652709 0.11093745 0.066458897 234 88 12
0.17865259 0.012030333 0.05076943 234 88 12
0.16861415 0.024522795 0.053896567 234 88 12
0.14618093 0.058704591 0.065369317 234 88 12
0.015199053 0.10849097 0.072195464 234 88 12
-0.084033424 0.10960047 0.05189462 234 88 12
0.15964161 0.039444642 0.0563529 234 88 12
0.14175297 0.062037137 0.063043281 234 88 12
0.12127698 0.071779089 0.064942581 234 88 12
0.11903356 0.072722606 0.065157864 234 88 12
0.086414917 0.097369808 0.071205612 234 88 12
-0.0086996444 0.10858705 0.065637673 234 88 12
-0.079509061 0.10842546 0.049833767 234 88 12
0.093668053 0.088194346 0.065767094 234 88 12
0.063627921 0.10664986 0.069899917 234 88 12
0.061144626 0.10697884 0.06984209 234 88 12
-0.0036191869 0.10781864 0.063476829 234 88 12
-0.021887175 0.10832 0.060109639 234 88 12
-0.034856833 0.10856665 0.057544992 234 88 12
-0.074881882 0.10738689 0.047874424 234 88 12
0.15608923 0.045243637 0.052671953 234 88 12
0.130449 0.067600011 0.058288362 234 88 12
0.099575854 0.082956346 0.061868031 234 88 12
0.091853509 0.090004309 0.063360512 234 88 12
0.08453498 0.099039606 0.066217716 234 88 12
0.071049717 0.10509851 0.067231421 234 88 12
0.056066981 0.1073197 0.066992289 234 88 12
0.045762734 0.10774989 0.06635896 234 88 12
-0.032676326 0.10739558 0.054616355 234 88 12
-0.040621182 0.1073156 0.053027897 234 88 12
-0.043295731 0.10729167 0.052519066 234 88 12
0.16144978 0.035944794 0.046460043 234 88 12
0.02219953 0.10704258 0.060995146 234 88 12
-0.025388713 0.106027 0.052659936 234 88 12
0.18119235 0.010087732 0.036195702 234 88 12
0.1707488 0.021563649 0.038752839 234 88 12
0.099669315 0.08241624 0.056091016 234 88 12
0.053289496 0.10680178 0.061054369 234 88 12
0.032488447 0.10665977 0.058949622 234 88 12
-0.0018689539 0.10494319 0.053780466 234 88 12
0.077912598 0.10198023 0.058685749 234 88 12
0.17487769 0.016392257 0.03179264 234 88 12
0.013500978 0.10369974 0.049628242 234 88 12
0.13051342 0.066611388 0.043505198 234 88 12
-0.019798776 0.098223997 0.038723487 234 88 12
-0.14145872 0.057608076 -0.01366279 234 88 12
-0.16236621 0.056148987 -0.021378885 234 88 12
0.15594513 0.042953948 0.034285426 234 88 12
0.1147219 0.072904213 0.042021896 234 88 12
0.10809337 0.075905086 0.042875316 234 88 12
0.10376611 0.078252571 0.043540119 234 88 12
0.039312561 0.10342154 0.047230827 234 88 12
0.018134986 0.10149692 0.043353471 234 88 12
-0.15672871 0.055905426 -0.022441992 234 88 12
-0.20568093 0.052573509 -0.037396322 234 88 12
0.152175 0.04847112 0.033497115 234 88 12
0.1349661 0.063826836 0.037066881 234 88 12
0.13044791 0.06596003 0.037518353 234 88 12
0.072417384 0.10073444 0.046621173 234 88 12
-0.13968473 0.056482833 -0.019433222 234 88 12
0.099478801 0.079926732 0.038206987 234 88 12
0.074517015 0.099202981 0.043484818 234 88 12
0.035947575 0.10084475 0.039810719 234 88 12
-0.13448603 0.056313172 -0.020741201 234 88 12
0.17949604 0.011370899 0.013991728 234 88 12
0.12134895 0.068708286 0.029368711 234 88 12
0.056220959 0.098942919 0.035666779 234 88 12
0.14805516 0.052085202 0.023081297 234 88 12
-0.14406958 0.054120767 -0.033428799 234 88 12
0.11225731 0.071426799 0.024367877 234 88 12
-0.090167347 0.054834743 -0.02020379 234 88 12
-0.16440383 0.054129614 -0.042975491 234 88 12
0.14147015 0.057412723 0.018551568 234 88 12
0.13470157 0.061478163 0.019213324 234 88 12
-0.030258911 0.061044051 -0.0063270744 234 88 12
-0.045041819 0.059030162 -0.010494997 234 88 12
-0.082263577 0.054073478 -0.021354846 234 88 12
-0.096116525 0.053570755 -0.02531808 234 88 12
-0.098847756 0.053438653 -0.026104928 234 88 12
0.18208048 0.0090594064 0.002003903 234 88 12
0.12568916 0.065137886 0.017144615 234 88 12
0.089537556 0.081766022 0.020529395 234 88 12
-0.08548193 0.052974486 -0.025570429 234 88 12
-0.19567437 0.051040163 -0.058998526 234 88 12
0.13011392 0.062611764 0.013752865 234 88 12
-0.046406156 0.055784869 -0.017747486 234 88 12
-0.061079675 0.053802077 -0.021334996 234 88 12
-0.10757872 0.051782951 -0.034765903 234 88 12
-0.15064395 0.053398724 -0.047572677 234 88 12
-0.19267608 0.051142027 -0.061084838 234 88 12
-0.21637954 0.050408391 -0.067642712 234 88 12
0.15366865 0.041633011 0.005102823 234 88 12
0.13901692 0.057199591 0.0097147487 234 88 12
0.086010032 0.076056301 0.012493366 234 88 12
0.13210431 0.060210856 0.0076296469 234 88 12
0.12539876 0.063355438 0.008243425 234 88 12
-0.073004559 0.051136849 -0.031186084 234 88 12
-0.11334313 0.051155656 -0.042660729 234 88 12
0.0088099213 0.05646427 -0.014957521 234 88 12
-0.0077169763 0.055312266 -0.018853662 234 88 12
-0.013361875 0.054980581 -0.020069008 234 88 12
-0.042175865 0.052703744 -0.02642386 234 88 12
-0.14285397 0.052656047 -0.054010407 234 88 12
-0.21418621 0.049673465 -0.075803061 234 88 12
-0.21986528 0.049987555 -0.077088186 234 88 12
0.049533181 0.061160915 -0.0085685592 234 88 12
0.01656214 0.056115062 -0.01642896 234 88 12
-0.042619783 0.05172963 -0.029671974 234 88 12
-0.054184896 0.050977055 -0.032391738 234 88 12
-0.095218628 0.049984398 -0.04362883 234 88 12
0.15330156 0.039268528 -0.0071818183 234 88 12
0.14281304 0.050419287 -0.0037889847 234 88 12
0.11794274 0.062957744 -0.00092307389 234 88 12
0.09378618 0.067573849 -0.001012797 234 88 12
0.021634007 0.055459607 -0.018473646 234 88 12
-0.054491548 0.050285607 -0.035509934 234 88 12
-0.065743136 0.049738521 -0.038393335 234 88 12
-0.092709003 0.049621324 -0.045825407 234 88 12
-0.11391147 0.05050714 -0.051637028 234 88 12
-0.1934309 0.049929676 -0.076056942 234 88 12
0.076286057 0.062550319 -0.0085383205 234 88 12
0.013177253 0.053429597 -0.023516498 234 88 12
0.0050100178 0.052678948 -0.025380235 234 88 12
-0.017343476 0.051487318 -0.030210143 234 88 12
-0.087440089 0.049111419 -0.047335943 234 88 12
-0.15403404 0.052490819 -0.066198326 234 88 12
-0.19674734 0.049245465 -0.080068781 234 88 12
0.15723875 0.033449493 -0.014450391 234 88 12
0.08675847 0.062078803 -0.010062262 234 88 12
-0.052128461 0.049153045 -0.040871066 234 88 12
0.16751149 0.022055479 -0.020555516 234 88 12
0.15090183 0.039829989 -0.015672206 234 88 12
0.14445078 0.046078155 -0.014108448 234 88 12
0.13763216 0.050396805 -0.013012368 234 88 12
0.12151319 0.056347794 -0.012226799 234 88 12
0.039657269 0.054210131 -0.023537231 234 88 12
0.009851696 0.051297269 -0.030271988 234 88 12
-0.035155401 0.049159534 -0.039974336 234 88 12
-0.055118827 0.04863264 -0.044532493 234 88 12
-0.13786304 0.051393775 -0.067088697 234 88 12
0.14861949 0.041436741 -0.018240011 234 88 12
0.1187973 0.05550968 -0.015672086 234 88 12
0.10648865 0.058108897 -0.015816549 234 88 12
0.050246241 0.054474763 -0.024076405 234 88 12
0.033929653 0.052685404 -0.027596545 234 88 12
0.0014805915 0.04999316 -0.03490653 234 88 12
-0.038142472 0.04858027 -0.043539085 234 88 12
-0.074321631 0.048066431 -0.052522214 234 88 12
-0.098230853 0.048885996 -0.059006576 234 88 12
-0.1008982 0.049034056 -0.059764983 234 88 12
-0.11928386 0.050119439 -0.064877436 234 88 12
-0.13252253 0.05097319 -0.068590654 234 88 12
-0.16257955 0.051576583 -0.077934403 234 88 12
-0.1907287 0.04880482 -0.087173196 234 88 12
-0.20027018 0.04787454 -0.090035524 234 88 12
-0.21221298 0.047590937 -0.093041123 234 88 12
0.17411572 0.015238546 -0.027866114 234 88 12
0.16764785 0.021573596 -0.026271675 234 88 12
0.15710909 0.032161799 -0.023431728 234 88 12
0.012137834 0.050143622 -0.035546956 234 88 12
0.0094879376 0.049975799 -0.036138178 234 88 12
-0.063544917 0.047923927 -0.052566342 234 88 12
-0.092851053 0.048463995 -0.060567986 234 88 12
-0.12452722 0.050382939 -0.069423978 234 88 12
-0.15975315 0.051367292 -0.080049317 234 88 12
-0.2122846 0.047224584 -0.095925029 234 88 12
0.071445223 0.054181768 -0.026454149 234 88 12
0.038977206 0.051966042 -0.032322631 234 88 12
-0.0043369071 0.048803414 -0.042051921 234 88 12
-0.057984813 0.047770546 -0.054049367 234 88 12
-0.10080519 0.048779583 -0.065730605 234 88 12
-0.14322898 0.05109931 -0.077715378 234 88 12
-0.14593884 0.051159288 -0.078547265 234 88 12
-0.19726948 0.047385048 -0.095122772 234 88 12
0.17214379 0.017106771 -0.033123681 234 88 12
0.15053725 0.037872418 -0.027736512 234 88 12
0.060444617 0.05292986 -0.031284536 234 88 12
0.0010375142 0.04877728 -0.043665257 234 88 12
-0.01565897 0.048109051 -0.047376524 234 88 12
-0.092764661 0.048280459 -0.066492357 234 88 12
-0.098085134 0.048546445 -0.067935282 234 88 12
-0.10602628 0.048974614 -0.070185763 234 88 12
-0.15698196 0.050938287 -0.085034751 234 88 12
0.1766459 0.012907711 -0.036830176 234 88 12
0.16134777 0.027229573 -0.033084645 234 88 12
-0.029856845 0.047506135 -0.053255558 234 88 12
-0.04676054 0.047387636 -0.057174663 234 88 12
0.18356123 0.0072732547 -0.040594549 234 88 12
0.1790303 0.010893574 -0.0400299 234 88 12
0.16572728 0.023046153 -0.037098872 234 88 12
0.15487509 0.033080997 -0.034513283 234 88 12
0.033168784 0.050163142 -0.042051503 234 88 12
-0.17179895 0.049214792 -0.096255501 234 88 12
0.18142005 0.0090285772 -0.043158801 234 88 12
0.17916586 0.010901854 -0.042851331 234 88 12
0.17692124 0.012868047 -0.042517717 234 88 12
0.14104306 0.043000256 -0.03554997 234 88 12
0.098799148 0.050583175 -0.035915399 234 88 12
0.088563348 0.051057702 -0.036473824 234 88 12
0.038472048 0.050129946 -0.043947598 234 88 12
-0.090012236 0.047676966 -0.07464466 234 88 12
-0.092668606 0.047792578 -0.075465686 234 88 12
-0.10327518 0.048345519 -0.078396455 234 88 12
-0.1164915 0.049223972 -0.082186219 234 88 12
0.17479835 0.014913559 -0.044887386 234 88 12
0.17255597 0.016949165 -0.044421081 234 88 12
0.16586577 0.022858294 -0.042832545 234 88 12
0.13600752 0.044238792 -0.038311435 234 88 12
0.11375501 0.04835725 -0.038219647 234 88 12
-0.06599221 0.046769029 -0.070861002 234 88 12
0.030351043 0.048992553 -0.051387827 234 88 12
-0.19139712 0.045606105 -0.11156563 234 88 12
0.16377045 0.024627551 -0.048067871 234 88 12
0.13317914 0.043666823 -0.044151543 234 88 12
0.1055718 0.048057691 -0.044370254 234 88 12
0.10050802 0.048568997 -0.044714793 234 88 12
0.0061008574 0.047435968 -0.059526611 234 88 12
-0.044177039 0.046137867 -0.071173864 234 88 12
-0.060663863 0.046253367 -0.075352063 234 88 12
-0.14886219 0.04959685 -0.10083039 234 88 12
0.11799887 0.045837721 -0.047046042 234 88 12
0.10534313 0.047533665 -0.047356751 234 88 12
-0.010505421 0.046470319 -0.066133031 234 88 12
-0.01614571 0.04628801 -0.067405627 234 88 12
-0.16941481 0.047838285 -0.11062116 234 88 12
0.14999968 0.034833342 -0.051349654 234 88 12
0.14764648 0.036350719 -0.051013969 234 88 12
0.14524787 0.037737294 -0.050762329 234 88 12
-0.071529168 0.046007313 -0.084413586 234 88 12
-0.13272831 0.048947141 -0.10184939 234 88 12
0.14757278 0.035969137 -0.0539858 234 88 12
0.14026768 0.039608119 -0.053260538 234 88 12
0.12263321 0.043978964 -0.052968129 234 88 12
0.089913903 0.047848053 -0.054266378 234 88 12
-0.049834828 0.045426226 -0.081669737 234 88 12
-0.079499118 0.046011743 -0.08975843 234 88 12
-0.17585187 0.046133612 -0.11880525 234 88 12
0.019387432 0.047073077 -0.068369829 234 88 12
-0.13561747 0.048413304 -0.10886976 234 88 12
-0.21946781 0.04342914 -0.13287779 234 88 12
-0.1194961 0.047538439 -0.10716074 234 88 12
-0.15521939 0.047613117 -0.11816525 234 88 12
-0.16101976 0.047148791 -0.12010722 234 88 12
0.12987366 0.041164978 -0.061890722 234 88 12
0.038140413 0.047190092 -0.070440363 234 88 12
0.01393391 0.046336421 -0.075631571 234 88 12
-0.010776213 0.045191959 -0.081185806 234 88 12
-0.041525134 0.044667649 -0.088654133 234 88 12
-0.074153634 0.045180915 -0.09758476 234 88 12
-0.1384827 0.047824922 -0.11581532 234 88 12
0.12978776 0.040828845 -0.064853552 234 88 12
0.0002924212 0.045449397 -0.081841027 234 88 12
-0.0080069693 0.045124044 -0.083694639 234 88 12
-0.057953163 0.044727697 -0.096193577 234 88 12
-0.068758076 0.044929787 -0.09919051 234 88 12
-0.14971472 0.047306765 -0.12247809 234 88 12
0.14744591 0.034644131 -0.068603636 234 88 12
0.11448956 0.043150414 -0.068140549 234 88 12
0.10943978 0.043837376 -0.068299888 234 88 12
0.10442137 0.044444395 -0.068421887 234 88 12
0.074316014 0.0462821 -0.07085743 234 88 12
0.058972238 0.046674848 -0.073056518 234 88 12
0.035385671 0.046662932 -0.077258126 234 88 12
-0.030424767 0.044387142 -0.092107406 234 88 12
-0.035991344 0.044380547 -0.093527317 234 88 12
-0.055231475 0.04460047 -0.098655707 234 88 12
-0.0632953 0.044736752 -0.1007808 234 88 12
-0.090070477 0.045527779 -0.10822259 234 88 12
-0.092751334 0.045608607 -0.10895944 234 88 12
-0.14980644 0.046995397 -0.12563319 234 88 12
-0.21963124 0.042571894 -0.14477608 234 88 12
-0.2225711 0.042939013 -0.14523328 234 88 12
0.17382257 0.017410912 -0.07566785 234 88 12
0.071704609 0.045976732 -0.074240902 234 88 12
0.06407045 0.046222134 -0.075294524 234 88 12
-0.013652866 0.04457811 -0.091423477 234 88 12
-0.022030738 0.044335851 -0.093393128 234 88 12
-0.052458963 0.044476475 -0.10120812 234 88 12
-0.11414749 0.046362716 -0.11842888 234 88 12
-0.14425771 0.046860754 -0.12698826 234 88 12
-0.16159179 0.045770461 -0.13278394 234 88 12
-0.17363918 0.044198046 -0.13671814 234 88 12
0.15968639 0.027554126 -0.075950512 234 88 12
0.11934805 0.041648387 -0.073901798 234 88 12
0.11177342 0.042700124 -0.074383588 234 88 12
0.094123512 0.04434022 -0.074990942 234 88 12
0.051082868 0.045977238 -0.080580352 234 88 12
-0.033205104 0.044065797 -0.099373922 234 88 12
-0.055143017 0.044347912 -0.10515556 234 88 12
-0.084647197 0.045029622 -0.11326064 234 88 12
0.16453452 0.024351311 -0.079728143 234 88 12
0.12179831 0.040813989 -0.076826593 234 88 12
0.10660811 0.042866665 -0.077564029 234 88 12
0.068976711 0.045176706 -0.080750912 234 88 12
0.040503465 0.045689513 -0.085736063 234 88 12
0.024521812 0.045635376 -0.08901949 234 88 12
-0.013722779 0.044201181 -0.098062549 234 88 12
-0.095405095 0.045047024 -0.11921732 234 88 12
-0.15308295 0.045675392 -0.13611799 234 88 12
-0.17398419 0.043365513 -0.14302779 234 88 12
-0.21974822 0.041975674 -0.15374728 234 88 12
-0.22268871 0.042372277 -0.15419398 234 88 12
0.10903844 0.042147862 -0.080439341 234 88 12
0.048328867 0.045219802 -0.087461245 234 88 12
-0.049650628 0.043975526 -0.11024862 234 88 12
-0.084664671 0.04459111 -0.11970663 234 88 12
0.15982386 0.027330876 -0.084707596 234 88 12
0.12680536 0.039164626 -0.082687537 234 88 12
0.076345023 0.043810489 -0.085935128 234 88 12
0.04823844 0.044817616 -0.090707286 234 88 12
0.04038463 0.044946221 -0.092156236 234 88 12
0.0028017452 0.044354191 -0.10063919 234 88 12
-0.016570477 0.043713707 -0.10538075 234 88 12
-0.035979679 0.043535122 -0.11003778 234 88 12
-0.10617956 0.044869868 -0.12881835 234 88 12
-0.17133702 0.042971982 -0.14826388 234 88 12
0.15494766 0.029968269 -0.087055094 234 88 12
0.068703261 0.04376513 -0.090196323 234 88 12
0.027051934 0.044765051 -0.09835361 234 88 12
-0.0082464582 0.043779938 -0.10661444 234 88 12
-0.033255982 0.04332129 -0.11256774 234 88 12
-0.13362943 0.045175293 -0.13959041 234 88 12
-0.19307333 0.040316122 -0.15733169 234 88 12
0.18638774 0.0096589183 -0.09445264 234 88 12
0.18398087 0.011194607 -0.094246405 234 88 12
0.12409907 0.038861504 -0.088640865 234 88 12
0.1063048 0.04115124 -0.089499278 234 88 12
0.083666586 0.042470742 -0.091116048 234 88 12
0.016314842 0.044327827 -0.10404753 234 88 12
1.0879184e-06 0.043797574 -0.10784989 234 88 12
-0.030540433 0.043118996 -0.11518478 234 88 12
-0.068553757 0.0436617 -0.12487564 234 88 12
-0.10900343 0.044374903 -0.13585449 234 88 12
-0.16267411 0.043137374 -0.15153944 234 88 12
-0.19323679 0.039960451 -0.16035922 234 88 12
0.16236543 0.025691387 -0.093736542 234 88 12
0.13440535 0.036558147 -0.09164006 234 88 12
0.09614412 0.041420435 -0.092995362 234 88 12
0.088640528 0.041782955 -0.093699918 234 88 12
-0.0469337 0.043217193 -0.12242573 234 88 12
-0.079293753 0.043645438 -0.13095673 234 88 12
0.14222321 0.034281237 -0.094771613 234 88 12
0.11384551 0.039524886 -0.094984738 234 88 12
0.07610035 0.041979649 -0.098308938 234 88 12
-0.063204714 0.043225043 -0.1298782 234 88 12
-0.095538342 0.043602624 -0.13836889 234 88 12
-0.15119021 0.043168806 -0.15396248 234 88 12
0.16247875 0.025549056 -0.099400033 234 88 12
0.13441736 0.035883847 -0.097548994 234 88 12
0.091067944 0.040811971 -0.099441894 234 88 12
-0.052350841 0.042904978 -0.13022128 234 88 12
-0.055081 0.042928803 -0.13093813 234 88 12
-0.10367126 0.043388879 -0.1438814 234 88 12
-0.12005688 0.043689216 -0.14847826 234 88 12
0.14740632 0.032167117 -0.10084232 234 88 12
0.098681074 0.040095446 -0.10181163 234 88 12
0.029760744 0.043221457 -0.11412884 234 88 12
-0.010962618 0.042682984 -0.12349129 234 88 12
-0.084658724 0.043115338 -0.14191051 234 88 12
-0.11188284 0.043230798 -0.1493374 234 88 12
-0.20580636 0.038702991 -0.17473532 234 88 12
0.15511587 0.02912172 -0.10420085 234 88 12
0.11908367 0.037946824 -0.10358387 234 88 12
0.058381685 0.041871335 -0.11084043 234 88 12
-0.057659265 0.042688044 -0.13807204 234 88 12
-0.073861513 0.04282752 -0.1423435 234 88 12
-0.095475342 0.042935228 -0.14801403 234 88 12
0.18724819 0.010802355 -0.11114741 234 88 12
0.1449776 0.032771658 -0.1065198 234 88 12
0.12942505 0.03618985 -0.10642797 234 88 12
-0.013574694 0.042528527 -0.13073238 234 88 12
-0.021959496 0.042363227 -0.13277261 234 88 12
-0.09542631 0.042770907 -0.15125178 234 88 12
-0.10639247 0.042734949 -0.15429445 234 88 12
0.13733059 0.034667146 -0.10943096 234 88 12
0.0086071834 0.042981939 -0.12882413 234 88 12
-0.0078478494 0.042720366 -0.13268848 234 88 12
-0.13148731 0.042360671 -0.16482078 234 88 12
-0.18512897 0.038040503 -0.17982082 234 88 12
0.12196671 0.037063555 -0.11248632 234 88 12
0.11429223 0.038021478 -0.11278456 234 88 12
0.058637321 0.041478467 -0.12028499 234 88 12
-0.095336614 0.042430791 -0.1579937 234 88 12
-0.14316765 0.041438883 -0.17135275 234 88 12
0.17041205 0.021566009 -0.11774568 234 88 12
0.15042891 0.031041147 -0.11560734 234 88 12
0.086510211 0.039746304 -0.11843615 234 88 12
0.051091672 0.041738097 -0.12509324 234 88 12
0.035396723 0.042598357 -0.12895054 234 88 12
-0.02152778 0.042433869 -0.14247783 234 88 12
-0.043619986 0.042544759 -0.14812444 234 88 12
-0.076203204 0.042461416 -0.15638188 234 88 12
-0.10352932 0.042121515 -0.1635723 234 88 12
-0.18537986 0.037542884 -0.18620257 234 88 12
-0.18835894 0.037475727 -0.18682194 234 88 12
-0.20023912 0.037671812 -0.18895212 234 88 12
0.08407323 0.039722923 -0.12175437 234 88 12
0.022296993 0.042802912 -0.13533441 234 88 12
0.00074579575 0.042827244 -0.14047462 234 88 12
-0.057232781 0.042401805 -0.15472407 234 88 12
-0.068021239 0.042322614 -0.15752785 234 88 12
-0.12885998 0.041431379 -0.17423438 234 88 12
-0.15547917 0.039650494 -0.18165668 234 88 12
0.089196386 0.039339493 -0.1241607 234 88 12
0.046055475 0.041835443 -0.13264218 234 88 12
-0.037992802 0.042365902 -0.15330116 234 88 12
-0.087033984 0.042067528 -0.16577231 234 88 12
-0.11190522 0.041529085 -0.17274168 234 88 12
-0.11757153 0.041443208 -0.17448971 234 88 12
0.11220476 0.037646292 -0.12511452 234 88 12
0.07159333 0.040333577 -0.13026353 234 88 12
-0.040700472 0.042359047 -0.1573034 234 88 12
-0.046174663 0.042372176 -0.15863816 234 88 12
-0.09251188 0.041727585 -0.17064584 234 88 12
-0.095236394 0.041638978 -0.17138034 234 88 12
-0.10910519 0.041308892 -0.17532845 234 88 12
-0.14376161 0.039892498 -0.18487893 234 88 12
0.12515597 0.035976076 -0.12729394 234 88 12
0.061484753 0.040812171 -0.13552488 234 88 12
0.035761016 0.042254758 -0.14182902 234 88 12
0.012000306 0.04268142 -0.14754441 234 88 12
-0.029579824 0.042274099 -0.15769804 234 88 12
-0.067892919 0.04199721 -0.16735591 234 88 12
0.012076679 0.042614877 -0.15078388 234 88 12
-0.0099233815 0.04252315 -0.15605877 234 88 12
-0.032339551 0.042194311 -0.16162205 234 88 12
-0.12073397 0.040356444 -0.18528128 234 88 12
-0.1743739 0.036961259 -0.19976474 234 88 12
-0.19771642 0.037384543 -0.20380883 234 88 12
0.086996973 0.038908754 -0.13704188 234 88 12
-0.095250266 0.041070502 -0.18158824 234 88 12
-0.12380632 0.039849135 -0.18958207 234 88 12
0.18867813 0.0127155 -0.14002418 234 88 12
0.16369802 0.025142083 -0.13765066 234 88 12
0.11778952 0.036439154 -0.13696594 234 88 12
0.053967449 0.040880262 -0.14682556 234 88 12
-0.0013653323 0.042481363 -0.1607257 234 88 12
-0.078845705 0.041405716 -0.18020278 234 88 12
0.18633641 0.014050546 -0.14294482 234 88 12
0.14874436 0.031026202 -0.13966965 234 88 12
0.13594029 0.033919287 -0.13929761 234 88 12
0.11280583 0.036850582 -0.14044127 234 88 12
0.006836951 0.042344818 -0.16198187 234 88 12
-0.078879711 0.04121298 -0.18350915 234 88 12
-0.14779777 0.037633055 -0.20290155 234 88 12
-0.16885716 0.036476233 -0.20821998 234 88 12
0.13866099 0.03329663 -0.14245264 234 88 12
0.12319806 0.03553376 -0.1427936 234 88 12
0.04383583 0.04128579 -0.15588956 234 88 12
-0.035063022 0.041895509 -0.17523397 234 88 12
0.11563199 0.036310639 -0.14651221 234 88 12
0.051594688 0.040725757 -0.15718166 234 88 12
0.025751666 0.041920614 -0.16356944 234 88 12
-0.15424415 0.036656557 -0.2115336 234 88 12
0.04914388 0.040882546 -0.16104567 234 88 12
-0.059714962 0.041479459 -0.18841609 234 88 12
-0.078998718 0.040843007 -0.19373272 234 88 12
-0.087235399 0.040485922 -0.19615649 234 88 12
-0.12753926 0.038090343 -0.20754378 234 88 12
-0.1603608 0.036297232 -0.21638225 234 88 12
-0.16330925 0.036254975 -0.21699066 234 88 12
-0.1720816 0.036305521 -0.21879102 234 88 12
0.15419441 0.02834285 -0.15296918 234 88 12
0.056995367 0.040348 -0.16248939 234 88 12
0.033783139 0.041777013 -0.16832496 234 88 12
0.0099150302 0.042167634 -0.17412176 234 88 12
-0.14558145 0.036708635 -0.21618587 234 88 12
0.16177071 0.024307694 -0.157226 234 88 12
0.13402459 0.03352332 -0.15534921 234 88 12
-0.062565082 0.041258985 -0.19584777 234 88 12
-0.11016958 0.038601317 -0.20967247 234 88 12
-0.11310026 0.03840493 -0.21050639 234 88 12
-0.11602952 0.038234703 -0.21137474 234 88 12
0.11626308 0.03596799 -0.15936112 234 88 12
0.11112591 0.036504583 -0.15980755 234 88 12
-0.059864664 0.041243024 -0.19847685 234 88 12
-0.13407739 0.036823148 -0.21987833 234 88 12
0.16196228 0.023108381 -0.16412062 234 88 12
0.098302199 0.037390481 -0.16451033 234 88 12
-0.082159511 0.039956055 -0.208415 234 88 12
-0.11345566 0.037755501 -0.21753801 234 88 12
-0.13128944 0.036693357 -0.22257617 234 88 12
-0.14621819 0.036031171 -0.22638579 234 88 12
0.018392488 0.041814369 -0.18526179 234 88 12
-0.0064167657 0.042073018 -0.19151552 234 88 12
-0.029275427 0.041856388 -0.19698168 234 88 12
-0.060022309 0.040996139 -0.20526839 234 88 12
-0.090687463 0.039043125 -0.21437601 234 88 12
-0.17241762 0.037022637 -0.23515957 234 88 12
-0.17522987 0.037305633 -0.23555336 234 88 12
0.12432742 0.034260681 -0.16879942 234 88 12
0.1063248 0.036579562 -0.1700656 234 88 12
0.057499848 0.040116043 -0.17885082 234 88 12
0.052368586 0.040448268 -0.1800381 234 88 12
-0.085294404 0.039162092 -0.21615746 234 88 12
0.10127108 0.036829432 -0.17388897 234 88 12
0.075541383 0.0387105 -0.17844837 234 88 12
0.023765874 0.041598556 -0.19051676 234 88 12
-0.0092035558 0.041899336 -0.19884874 234 88 12
-0.049076113 0.04123534 -0.20908132 234 88 12
-0.051866383 0.041120684 -0.20982558 234 88 12
-0.063033283 0.040554844 -0.21289542 234 88 12
-0.10541399 0.037216998 -0.22550049 234 88 12
-0.17545358 0.037917745 -0.24172161 234 88 12
0.057686134 0.03994756 -0.18542528 234 88 12
0.015883318 0.041566501 -0.19597624 234 88 12
0.0077340462 0.041612125 -0.19785882 234 88 12
0.0022374409 0.041708794 -0.19927972 234 88 12
-0.00058071342 0.041769314 -0.20002407 234 88 12
0.052628368 0.040164024 -0.18994889 234 88 12
0.029244011 0.04123107 -0.19570926 234 88 12
0.021345997 0.041348009 -0.19773052 234 88 12
0.013261446 0.041442059 -0.19987961 234 88 12
0.16962375 0.015376215 -0.18530651 234 88 12
0.11705901 0.034474559 -0.18226766 234 88 12
0.0078576035 0.041320393 -0.20440074 234 88 12
-0.077703866 0.03828851 -0.22765607 234 88 12
-0.14181605 0.035120714 -0.24492 234 88 12
-0.15056175 0.035580085 -0.24673634 234 88 12
0.055411546 0.03965759 -0.19605793 234 88 12
-0.060837028 0.039504882 -0.22603066 234 88 12
-0.10071298 0.035727266 -0.2380553 234 88 12
-0.12733678 0.034674292 -0.24472324 234 88 12
0.16974094 0.014469443 -0.19210888 234 88 12
0.15989898 0.01890723 -0.19164028 234 88 12
0.060709681 0.039201669 -0.19833124 234 88 12
-0.00038589498 0.04107537 -0.21297315 234 88 12
-0.017744084 0.040972676 -0.21749331 234 88 12
-0.061050683 0.039051843 -0.22954421 234 88 12
-0.086724615 0.036355978 -0.23727337 234 88 12
-0.095260133 0.035603212 -0.23987265 234 88 12
-0.14804195 0.035340506 -0.25251096 234 88 12
-0.1537583 0.035969572 -0.25368677 234 88 12
-0.0060230997 0.040884186 -0.2176413 234 88 12
0.16496102 0.015532753 -0.19907067 234 88 12
-0.047149116 0.039292343 -0.23229787 234 88 12
-0.075963696 0.036304309 -0.24099454 234 88 12
-0.12512052 0.033868167 -0.25397487 234 88 12
-0.15122766 0.035952511 -0.25941149 234 88 12
-0.15405412 0.036366671 -0.25993321 234 88 12
0.15005118 0.021930366 -0.20154214 234 88 12
0.11749901 0.033349821 -0.19941464 234 88 12
0.10995437 0.034791648 -0.19988653 234 88 12
0.10229591 0.035776032 -0.20078303 234 88 12
0.089476886 0.036968286 -0.20250866 234 88 12
-0.00018279937 0.040573521 -0.22290566 234 88 12
-0.056013343 0.03807833 -0.23835515 234 88 12
-0.15137696 0.036192363 -0.26255226 234 88 12
0.16748928 0.013502165 -0.20607773 234 88 12
0.15771778 0.017280359 -0.20604497 234 88 12
0.15519964 0.018430378 -0.20584472 234 88 12
0.13756514 0.027076789 -0.20384335 234 88 12
0.016639425 0.040458344 -0.22202796 234 88 12
0.011144681 0.040452514 -0.22345405 234 88 12
-0.12555451 0.033549086 -0.26076506 234 88 12
0.11511314 0.032973064 -0.20670901 234 88 12
0.094831575 0.03601146 -0.20861444 234 88 12
0.035385401 0.04013672 -0.22085165 234 88 12
-0.020947015 0.039367849 -0.23520485 234 88 12
-0.059440625 0.03657998 -0.24640224 234 88 12
-0.10223017 0.032881591 -0.2588924 234 88 12
0.14007027 0.023916086 -0.21204458 234 88 12
0.13262147 0.026781772 -0.21131732 234 88 12
0.11511195 0.032280125 -0.21058777 234 88 12
0.019501521 0.040000651 -0.22809715 234 88 12
-0.021072108 0.038942806 -0.23873671 234 88 12
-0.04516212 0.037374207 -0.24580067 234 88 12
-0.068466979 0.034898498 -0.25249194 234 88 12
-0.077093653 0.033851545 -0.25519424 234 88 12
0.13512048 0.024660617 -0.21564459 234 88 12
0.022202291 0.039766087 -0.23087618 234 88 12
-0.00021165068 0.039420886 -0.23671373 234 88 12
-0.12310526 0.033201396 -0.26978183 234 88 12
0.13023412 0.025225514 -0.21921796 234 88 12
-0.012231758 0.038470862 -0.24319992 234 88 12
-0.10571761 0.032228045 -0.26947429 234 88 12
0.11260619 0.029960824 -0.22279481 234 88 12
0.0924032 0.033829314 -0.22381446 234 88 12
0.069488974 0.03706257 -0.22744371 234 88 12
0.0111568 0.039113785 -0.24055505 234 88 12
-0.083597927 0.031715926 -0.27056724 234 88 12
0.11518836 0.026227281 -0.23138105 234 88 12
0.10243196 0.02974568 -0.2313235 234 88 12
0.024775423 0.038348327 -0.24447261 234 88 12
0.14775802 0.015038178 -0.2342165 234 88 12
0.082273978 0.032234247 -0.23732802 234 88 12
0.051364739 0.036585524 -0.2419499 234 88 12
0.024701941 0.037689453 -0.2481853 234 88 12
0.013657032 0.03763148 -0.25082694 234 88 12
-0.016185306 0.035661585 -0.25842826 234 88 12
-0.11209298 0.03277167 -0.28318326 234 88 12
0.14030757 0.016289566 -0.23813572 234 88 12
0.13780706 0.016838715 -0.23839574 234 88 12
0.13530364 0.017381739 -0.2386629 234 88 12
0.099915506 0.027334173 -0.24010854 234 88 12
-0.058938858 0.031356646 -0.27392151 234 88 12
-0.075812861 0.030786368 -0.2782531 234 88 12
0.077196234 0.030883018 -0.24607593 234 88 12
-0.016971019 0.033370374 -0.26623733 234 88 12
-0.050485999 0.030948837 -0.27533907 234 88 12
0.094899583 0.0256591 -0.24898821 234 88 12
0.084781366 0.027797677 -0.24988903 234 88 12
0.0041755876 0.033873638 -0.26470733 234 88 12
0.10748323 0.021864824 -0.2518475 234 88 12
-0.033134488 0.029944706 -0.27829475 234 88 12
-0.039197904 0.029707674 -0.27973735 234 88 12
0.089814532 0.024598244 -0.25746692 234 88 12
0.082168539 0.026233332 -0.25828223 234 88 12
0.037305081 0.031451185 -0.26570698 234 88 12
0.023464909 0.03171045 -0.26881546 234 88 12
0.012152995 0.031642069 -0.2711481 234 88 12
-0.02739154 0.029366557 -0.28070836 234 88 12
-0.039475592 0.029000034 -0.28346889 234 88 12
0.13522217 0.014866121 -0.25602723 234 88 12
0.061193068 0.028632116 -0.26510486 234 88 12
-0.024691569 0.028599532 -0.28376758 234 88 12
-0.057010182 0.028780912 -0.29090543 234 88 12
0.0895795 0.023081634 -0.26479415 234 88 12
0.074126673 0.02600656 -0.26711089 234 88 12
0.055724241 0.027946576 -0.27004684 234 88 12
-0.034236578 0.02719244 -0.29290293 234 88 12
-0.060004737 0.028355606 -0.29825698 234 88 12
0.07642643 0.023977582 -0.27386555 234 88 12
0.0077469202 0.027242211 -0.28691609 234 88 12
0.024798699 0.026651131 -0.28698428 234 88 12
-0.040389744 0.026713797 -0.30080727 234 88 12
0.073495494 0.023421995 -0.2808816 234 88 12
-0.037669554 0.026410431 -0.30343594 234 88 12
0.062663082 0.023914596 -0.28598314 234 88 12
-0.0021069721 0.02577715 -0.2988638 234 88 12
0.070473075 0.02301442 -0.2876909 234 88 12
0.096498079 0.020253905 -0.28630374 234 88 12
0.096444886 0.020339766 -0.28935976 234 88 12
0.091271473 0.020910949 -0.29020176 234 88 12
-0.032378833 0.026424152 -0.31433937 234 88 12
-0.063333753 0.03069703 -0.32293956 234 88 12
0.12577104 -0.091459068 0.29941801 234 88 12
0.12139407 -0.09626409 0.29643002 234 88 12
0.11803577 -0.098984726 0.29373058 234 88 12
0.13911497 -0.067918383 0.29547378 234 88 12
0.14005376 -0.06572333 0.29325658 234 88 12
0.12180545 -0.096627617 0.28507412 234 88 12
0.12490119 -0.093644519 0.2852816 234 88 12
0.1147884 -0.10181739 0.28281661 234 88 12
0.12502955 -0.093728816 0.28253301 234 88 12
0.13661314 -0.074678194 0.28566692 234 88 12
0.11865418 -0.099506173 0.27956959 234 88 12
0.12924614 -0.088848097 0.28041945 234 88 12
0.13957535 -0.068287998 0.28437576 234 88 12
0.14045096 -0.066038384 0.28488182 234 88 12
0.12676436 -0.092350716 0.27715108 234 88 12
0.14313885 -0.059173999 0.28374732 234 88 12
0.14390909 -0.056768344 0.28435356 234 88 12
0.14534855 -0.051799405 0.28548617 234 88 12
0.1269482 -0.092431118 0.27429613 234 88 12
0.13197929 -0.085329867 0.27546718 234 88 12
0.10668567 -0.10602844 0.2732286 234 88 12
0.11729216 -0.10097959 0.27150435 234 88 12
0.12849201 -0.090841489 0.27173367 234 88 12
0.1243622 -0.095769437 0.26848711 234 88 12
0.1404164 -0.068737777 0.273341 234 88 12
0.1316498 -0.087572996 0.26383057 234 88 12
0.14257667 -0.064389928 0.26872549 234 88 12
0.12651566 -0.09451583 0.2602942 234 88 12
0.13059465 -0.089487076 0.26080087 234 88 12
0.13104481 -0.089681436 0.25536219 234 88 12
0.13678573 -0.080025083 0.25711788 234 88 12
0.14250462 -0.067068399 0.25975262 234 88 12
0.099437903 -0.10858965 0.25615391 234 88 12
0.11458292 -0.10381537 0.25266555 234 88 12
0.12560831 -0.096260591 0.25190354 234 88 12
0.12856766 -0.093150468 0.25217687 234 88 12
0.12417382 -0.097745615 0.24923371 234 88 12
0.141173 -0.071655726 0.25313605 234 88 12
0.12474504 -0.097992463 0.24082514 234 88 12
0.10847771 -0.10714923 0.23802871 234 88 12
0.1155649 -0.10433717 0.236537 234 88 12
0.12337961 -0.099561489 0.23558818 234 88 12
0.1059373 -0.10793644 0.23615601 234 88 12
0.12376506 -0.099758596 0.23019717 234 88 12
0.13167879 -0.092239819 0.23012539 234 88 12
0.1005378 -0.10926963 0.23260005 234 88 12
0.128945 -0.095532212 0.22737222 234 88 12
0.10075934 -0.10935848 0.22742277 234 88 12
0.14816941 -0.059029565 0.22830113 234 88 12
0.10380231 -0.10881993 0.22403473 234 88 12
0.13494899 -0.089049562 0.21987349 234 88 12
0.13250182 -0.092586448 0.21699333 234 88 12
0.10963794 -0.10761509 0.21735175 234 88 12
0.13764385 -0.085400512 0.21524034 234 88 12
0.13897711 -0.083520642 0.21034722 234 88 12
0.13821822 -0.085756338 0.20486357 234 88 12
0.14132267 -0.079614068 0.20341506 234 88 12
0.11063207 -0.1082493 0.20189316 234 88 12
0.13492674 -0.091439631 0.1991 234 88 12
0.11333103 -0.10746392 0.19868637 234 88 12
0.14945014 -0.057084601 0.20077433 234 88 12
0.10560168 -0.10969061 0.19574696 234 88 12
0.1500777 -0.054603392 0.19885673 234 88 12
0.10599767 -0.10968796 0.19077327 234 88 12
0.12083077 -0.10456056 0.18713937 234 88 12
0.14620922 -0.069263556 0.19082144 234 88 12
0.10619737 -0.10970954 0.18818169 234 88 12
0.13592969 -0.091776657 0.18412206 234 88 12
0.15014251 -0.054691028 0.19156788 234 88 12
0.11468599 -0.1077133 0.1809329 234 88 12
0.11708877 -0.10676685 0.18025515 234 88 12
0.14985209 -0.05745737 0.18148899 234 88 12
0.11537115 -0.10790816 0.17326174 234 88 12
0.11773045 -0.10691171 0.17269744 234 88 12
0.14238313 -0.082623434 0.17306202 234 88 12
0.14483855 -0.076312968 0.17434151 234 88 12
0.1343905 -0.095247777 0.16885307 234 88 12
0.14060838 -0.086706234 0.16980592 234 88 12
0.11842881 -0.10694494 0.16240345 234 88 12
0.12665757 -0.10227964 0.16128758 234 88 12
0.14301565 -0.082969009 0.16314195 234 88 12
0.11618619 -0.10784293 0.16041767 234 88 12
0.099364901 -0.11145973 0.16229147 234 88 12
0.13797825 -0.092240228 0.15670271 234 88 12
0.14988784 -0.060544689 0.15926816 234 88 12
0.13960978 -0.090706288 0.14929092 234 88 12
0.14073747 -0.088979808 0.14960329 234 88 12
0.14802686 -0.070450138 0.15410073 234 88 12
0.14296315 -0.085317179 0.14786063 234 88 12
0.11678898 -0.10758672 0.14549679 234 88 12
0.15142545 -0.052944024 0.15398359 234 88 12
0.13614743 -0.095423035 0.13893927 234 88 12
0.14795965 -0.072789712 0.14137647 234 88 12
0.14251636 -0.087328181 0.1351286 234 88 12
0.14526868 -0.081457225 0.13641731 234 88 12
0.15132731 -0.055849127 0.14381356 234 88 12
0.15365227 -0.040064072 0.14788594 234 88 12
0.1469834 -0.077293493 0.13255388 234 88 12
0.14936811 -0.068271791 0.13529716 234 88 12
0.15918725 -0.0048776488 0.14743514 234 88 12
0.1350189 -0.09662964 0.12408088 234 88 12
0.14278197 -0.087145413 0.12536831 234 88 12
0.14470954 -0.083386676 0.12625798 234 88 12
0.15927307 -0.0048950551 0.14509126 234 88 12
0.13347305 -0.097984517 0.12152687 234 88 12
0.15169556 -0.05607219 0.13195862 234 88 12
0.15935532 -0.0049099305 0.14278852 234 88 12
0.10862619 -0.1089109 0.12362676 234 88 12
0.14484484 -0.08335306 0.12147999 234 88 12
0.1606246 0.017359214 0.14423415 234 88 12
0.14864756 -0.073143205 0.12175257 234 88 12
0.16027752 0.0041165609 0.13964365 234 88 12
0.05269156 -0.1093219 0.13120128 234 88 12
0.14664589 -0.07939853 0.11754189 234 88 12
0.15036841 -0.066173203 0.12156498 234 88 12
0.16073134 0.017309061 0.13953039 234 88 12
0.16085367 0.020700153 0.13540423 234 88 12
0.1218143 -0.10465635 0.10851287 234 88 12
0.060987853 -0.10937966 0.11943965 234 88 12
0.061148432 -0.10943543 0.11703606 234 88 12
0.12403178 -0.10359685 0.10334217 234 88 12
0.13825013 -0.09333293 0.10280626 234 88 12
0.14969046 -0.07060662 0.10817466 234 88 12
0.16094983 0.010637976 0.12689868 234 88 12
0.16094597 0.027694953 0.12958775 234 88 12
0.057469836 -0.10959195 0.11555262 234 88 12
0.14328962 -0.08685292 0.10132902 234 88 12
0.15044891 -0.068332075 0.10414031 234 88 12
0.15099544 -0.066033926 0.10493975 234 88 12
0.13682995 -0.094753147 0.095391411 234 88 12
0.11416393 -0.10726702 0.096228467 234 88 12
0.12179248 -0.10458271 0.094437775 234 88 12
0.14791466 -0.077115013 0.096662815 234 88 12
0.15001212 -0.070656718 0.098705487 234 88 12
0.16067645 0.0074438238 0.11712614 234 88 12
0.13841152 -0.09325049 0.090618374 234 88 12
0.11937364 -0.10548667 0.090247246 234 88 12
0.14948108 -0.073013047 0.093151737 234 88 12
0.15012958 -0.070773355 0.093847675 234 88 12
0.15219624 -0.061305961 0.094490249 234 88 12
0.14120203 -0.090211389 0.083749162 234 88 12
0.15082132 -0.068590803 0.089764759 234 88 12
0.14820929 -0.077356256 0.084628877 234 88 12
0.16095467 0.013691842 0.10645078 234 88 12
0.15273569 -0.05882331 0.088241109 234 88 12
0.12632835 -0.10249072 0.076779124 234 88 12
0.13556428 -0.096235893 0.073663587 234 88 12
0.12185966 -0.10473456 0.070497421 234 88 12
0.13559593 -0.0963151 0.068829132 234 88 12
0.13722037 -0.094949639 0.066517011 234 88 12
0.1283911 -0.10148872 0.064416379 234 88 12
0.13733179 -0.094865219 0.056698344 234 88 12
0.1357389 -0.09624741 0.054216655 234 88 12
0.14289974 -0.088641601 0.05518416 234 88 12
0.12415623 -0.1034895 0.053192673 234 88 12
0.14288836 -0.088600914 0.052815915 234 88 12
0.13574026 -0.096046982 0.046999059 234 88 12
0.14620666 -0.083221253 0.049146005 234 88 12
0.13574272 -0.095932371 0.044670076 234 88 12
0.14526587 -0.084939064 0.043841086 234 88 12
0.13893602 -0.09285299 0.040214848 234 88 12
0.14045047 -0.090822041 0.023742388 234 88 12
0.14316912 -0.087631043 0.019410569 234 88 12
0.13444028 -0.096148916 0.0040342776 234 88 12
0.139388 -0.092121077 0.0044847229 234 88 12
0.1408725 -0.090713934 0.0023458689 234 88 12
0.14355546 -0.087678822 0.0028889092 234 88 12
0.13261546 -0.097362158 -0.00064001866 234 88 12
0.14087212 -0.090699057 7.687801e-05 234 88 12
0.14356047 -0.087660907 0.0006134096 234 88 12
0.13934556 -0.092102314 -0.0024572419 234 88 12
0.14084435 -0.09066724 -0.0022010164 234 88 12
0.14081084 -0.090580409 -0.0044893615 234 88 12
0.13769288 -0.093258076 -0.0094806662 234 88 12
