object_id,policy,acquired_view_count,history_anchor_ids,accuracy_normalized,chamfer_l1_normalized,completeness_normalized,fscore_10pct,fscore_1pct,fscore_2pct,ground_truth_diameter,precision_10pct,precision_1pct,precision_2pct,recall_10pct,recall_1pct,recall_2pct,alignment_mode,alignment_scale,camera_center_rmse_normalized,predicted_point_count,ground_truth_point_count,prediction_cache_hit,metric_cache_hit,ground_truth_cache_hit,prediction_cache_path,prediction_cache_sha256,metric_cache_path,evaluation_ms
02691156/1628b65a9f3cd7c05e9e2656aff7dd5b,vggt,1,[0],2.4314712359847195,2.6256407501207213,2.819810264256723,0.0,0.0,0.0,1.9695251010464678,0.0,0.0,0.0,0.0,0.0,0.0,camera_rotation_center_and_target_diameter_scale_single_view,8.335381420448138,0.0,3865,10000,True,True,True,/content/cv3d-project/data/cache/reconstruction/predictions/02691156/1628b65a9f3cd7c05e9e2656aff7dd5b/0e8fc986e7ef93bd5017ac89.npz,6f577302e5cfd85874856fe4991ac9b47f96755fe8e467fdfb8fd5cf59a49288,/content/cv3d-project/data/cache/reconstruction/metrics/02691156/1628b65a9f3cd7c05e9e2656aff7dd5b/c6a8a196f916ae05a61507cd.json,3.385430999969685
02691156/1628b65a9f3cd7c05e9e2656aff7dd5b,vggt,2,"[0, 5]",0.8514075586236611,1.028108065286713,1.2048085719497645,0.0,0.0,0.0,1.9695251010464678,0.0,0.0,0.0,0.0,0.0,0.0,camera_pose_sim3,0.6772301834129398,0.016387997046070697,10000,10000,True,False,True,/content/cv3d-project/data/cache/reconstruction/predictions/02691156/1628b65a9f3cd7c05e9e2656aff7dd5b/4077abe4c768c25abff8154d.npz,5a290298e5bb0e6db75bf808acd498f2f40d02bf03697f7ce40f71b75225a2ad,/content/cv3d-project/data/cache/reconstruction/metrics/02691156/1628b65a9f3cd7c05e9e2656aff7dd5b/680c3def8d0760582f9c4b71.json,120.15447700014192
02691156/1628b65a9f3cd7c05e9e2656aff7dd5b,vggt,3,"[0, 5, 14]",0.786079582078008,0.9541079428646061,1.1221363036512042,0.0,0.0,0.0,1.9695251010464678,0.0,0.0,0.0,0.0,0.0,0.0,camera_pose_sim3,0.9148474492054984,0.36634292292318416,10000,10000,True,False,True,/content/cv3d-project/data/cache/reconstruction/predictions/02691156/1628b65a9f3cd7c05e9e2656aff7dd5b/cafac868af3de409f1631313.npz,b41e626a31ffab2ecdfe9d6f8c17aa048ddf2004da67548c3396e759c6859b94,/content/cv3d-project/data/cache/reconstruction/metrics/02691156/1628b65a9f3cd7c05e9e2656aff7dd5b/5f4d984b3165dd1fdab66261.json,11.488425000152347
02691156/1628b65a9f3cd7c05e9e2656aff7dd5b,vggt,5,"[0, 5, 14, 22, 31]",0.7579282691661964,0.8586849826670906,0.9594416961679848,0.0,0.0,0.0,1.9695251010464678,0.0,0.0,0.0,0.0,0.0,0.0,camera_pose_sim3,1.1789157270299317,0.6888199269565766,10000,10000,True,False,True,/content/cv3d-project/data/cache/reconstruction/predictions/02691156/1628b65a9f3cd7c05e9e2656aff7dd5b/cd02cd348c584a0ed56a8201.npz,b0b1cc9fb63e5a406da8bf64d5ce25f582a46cfcbd12c4f85b4dd2946679f35f,/content/cv3d-project/data/cache/reconstruction/metrics/02691156/1628b65a9f3cd7c05e9e2656aff7dd5b/e0962c5e1b837c8492da2e8b.json,12.476253999921028
02691156/1628b65a9f3cd7c05e9e2656aff7dd5b,vggt,10,"[0, 5, 14, 22, 31, 23, 16, 24, 17, 25]",0.10891357100407954,0.1290200882233959,0.14912660544271222,0.24482748695808593,0.0,0.0,1.9695251010464678,0.3739,0.0,0.0,0.182,0.0,0.0,camera_pose_sim3,2.700568223030931,0.2607227559912669,10000,10000,True,False,True,/content/cv3d-project/data/cache/reconstruction/predictions/02691156/1628b65a9f3cd7c05e9e2656aff7dd5b/19bbbae221df3ae465a39fab.npz,053508585ab1050c1d6093c3e73286f04b0ca4ed86a256787a7f0b514bba604c,/content/cv3d-project/data/cache/reconstruction/metrics/02691156/1628b65a9f3cd7c05e9e2656aff7dd5b/e8273e586089f5b98f2c2991.json,12.521204999757174
02691156/162ed8d0d989f3acc1ccec171a275967,vggt,1,[0],3.434740151264781,3.6306611959814723,3.8265822406981638,0.0,0.0,0.0,1.975076625827974,0.0,0.0,0.0,0.0,0.0,0.0,camera_rotation_center_and_target_diameter_scale_single_view,10.38245973395171,0.0,5955,10000,True,True,True,/content/cv3d-project/data/cache/reconstruction/predictions/02691156/162ed8d0d989f3acc1ccec171a275967/ed5b282c02994a43338b538f.npz,ba28c7bc62f792cee408987f8088322a3e2f3cc621dbc3ac246ff826fa5ad718,/content/cv3d-project/data/cache/reconstruction/metrics/02691156/162ed8d0d989f3acc1ccec171a275967/1d624515c6fb37d4438cc7d2.json,3.264361000219651
02691156/162ed8d0d989f3acc1ccec171a275967,vggt,2,"[0, 5]",0.6078504781733793,0.8087544891216986,1.0096585000700178,0.0,0.0,0.0,1.975076625827974,0.0,0.0,0.0,0.0,0.0,0.0,camera_pose_sim3,1.1208037069081955,0.047994265321013876,10000,10000,True,False,True,/content/cv3d-project/data/cache/reconstruction/predictions/02691156/162ed8d0d989f3acc1ccec171a275967/86f6992788bc0bda52e8eb25.npz,0cc2f63ae8bd15713e249f45e971c658213cd7bde480ea209f32313c8baeca5f,/content/cv3d-project/data/cache/reconstruction/metrics/02691156/162ed8d0d989f3acc1ccec171a275967/97e3a3c7e92379a5ec0c1cf0.json,12.403686000197922
02691156/162ed8d0d989f3acc1ccec171a275967,vggt,3,"[0, 5, 14]",0.4100576486159358,0.591631551856314,0.7732054550966921,0.0,0.0,0.0,1.975076625827974,0.0,0.0,0.0,0.0,0.0,0.0,camera_pose_sim3,1.4569676109234577,0.26610251742990204,10000,10000,True,False,True,/content/cv3d-project/data/cache/reconstruction/predictions/02691156/162ed8d0d989f3acc1ccec171a275967/0afa1a6633959de438287b73.npz,5f7eac3314d4d98841909e1ac8f407d01ccd36c74f8d189f4c9555820961eb36,/content/cv3d-project/data/cache/reconstruction/metrics/02691156/162ed8d0d989f3acc1ccec171a275967/fcb54855efbec386f5771bc9.json,11.862349000239192
02691156/162ed8d0d989f3acc1ccec171a275967,vggt,5,"[0, 5, 14, 22, 8]",0.7889080592345942,0.9250836656660981,1.0612592720976022,0.0,0.0,0.0,1.975076625827974,0.0,0.0,0.0,0.0,0.0,0.0,camera_pose_sim3,0.7081794074143227,0.873788710721041,10000,10000,True,False,True,/content/cv3d-project/data/cache/reconstruction/predictions/02691156/162ed8d0d989f3acc1ccec171a275967/83058523d8e094f0c7db1dfb.npz,edd451d86fbf57f1157878182e4a896c4ff6ec9b3c843f1207d1337249eb076f,/content/cv3d-project/data/cache/reconstruction/metrics/02691156/162ed8d0d989f3acc1ccec171a275967/a68b2b0415f6c32b1e0fd904.json,11.810105000222393
02691156/162ed8d0d989f3acc1ccec171a275967,vggt,10,"[0, 5, 14, 22, 8, 17, 16, 24, 31, 23]",0.370183235610688,0.40673538443342083,0.4432875332561536,0.0,0.0,0.0,1.975076625827974,0.0,0.0,0.0,0.0,0.0,0.0,camera_pose_sim3,2.3493500801900082,0.5651895930720542,10000,10000,True,False,True,/content/cv3d-project/data/cache/reconstruction/predictions/02691156/162ed8d0d989f3acc1ccec171a275967/413000dafb346df7ccf9362a.npz,a4803525eebeea38318175aca7e1a49752dd2e097ab0de1b39c6e5181ff9c39a,/content/cv3d-project/data/cache/reconstruction/metrics/02691156/162ed8d0d989f3acc1ccec171a275967/8eb4910ac58eb78e32b2c564.json,12.62030899988531
02691156/1659db64bbf46bcdc1955ee4b5680e91,vggt,1,[0],1.7061548052816635,1.8294742162500237,1.952793627218384,0.0,0.0,0.0,1.9633879235889395,0.0,0.0,0.0,0.0,0.0,0.0,camera_rotation_center_and_target_diameter_scale_single_view,6.701581284226973,0.0,4577,10000,True,True,True,/content/cv3d-project/data/cache/reconstruction/predictions/02691156/1659db64bbf46bcdc1955ee4b5680e91/cae8a06979e57a1c0c95b5c5.npz,2a12f077ed9144c3936745ae48d72ab6806db8b965898d076e430b0d0d7d76a9,/content/cv3d-project/data/cache/reconstruction/metrics/02691156/1659db64bbf46bcdc1955ee4b5680e91/4c665bbe5eecf3833af625e4.json,3.02460400007476
02691156/1659db64bbf46bcdc1955ee4b5680e91,vggt,2,"[0, 4]",0.420088615777288,0.5787490869303473,0.7374095580834066,0.0,0.0,0.0,1.9633879235889395,0.0,0.0,0.0,0.0,0.0,0.0,camera_pose_sim3_positive_scale_fallback,1.345216433838952,1.6583827680854607e-16,9981,10000,True,False,True,/content/cv3d-project/data/cache/reconstruction/predictions/02691156/1659db64bbf46bcdc1955ee4b5680e91/b66ccc32678edda363989241.npz,49e378b5b2b4587b28d29b9e4a0d222535dd41a41d5269674a31a194819d5261,/content/cv3d-project/data/cache/reconstruction/metrics/02691156/1659db64bbf46bcdc1955ee4b5680e91/49380099f1dfa8e92d9b8146.json,12.066644999777054
02691156/1659db64bbf46bcdc1955ee4b5680e91,vggt,3,"[0, 4, 18]",0.5644549041714322,0.6201902042475869,0.6759255043237414,0.0,0.0,0.0,1.9633879235889395,0.0,0.0,0.0,0.0,0.0,0.0,camera_pose_sim3,1.9031534476505136,0.8209744093026572,10000,10000,True,False,True,/content/cv3d-project/data/cache/reconstruction/predictions/02691156/1659db64bbf46bcdc1955ee4b5680e91/b5ed30cf4b9aceeafe272e78.npz,dda8a868ce3479836321c0d925ff7e58c8e70246544953ffdb7486a2403765ee,/content/cv3d-project/data/cache/reconstruction/metrics/02691156/1659db64bbf46bcdc1955ee4b5680e91/38cb5d7addd42a05ffc65198.json,11.531500999808486
02691156/1659db64bbf46bcdc1955ee4b5680e91,vggt,5,"[0, 4, 18, 9, 17]",0.6475430878724704,0.6533548648847214,0.6591666418969725,0.0,0.0,0.0,1.9633879235889395,0.0,0.0,0.0,0.0,0.0,0.0,camera_pose_sim3,2.050413749689372,0.8845539814230297,10000,10000,True,False,True,/content/cv3d-project/data/cache/reconstruction/predictions/02691156/1659db64bbf46bcdc1955ee4b5680e91/bbf07ab13b3f6230fc106673.npz,3a4451ec65e65e691eecde231a9c8fb86a744453e0628927bc79526cbe1453ff,/content/cv3d-project/data/cache/reconstruction/metrics/02691156/1659db64bbf46bcdc1955ee4b5680e91/caf243cdb91a130d4a386c4c.json,11.935008000364178
02691156/1659db64bbf46bcdc1955ee4b5680e91,vggt,10,"[0, 4, 18, 9, 17, 25, 24, 35, 42, 27]",1.0782694100935655,1.1143556088158073,1.150441807538049,0.0,0.0,0.0,1.9633879235889395,0.0,0.0,0.0,0.0,0.0,0.0,camera_pose_sim3,2.8005864529198155,0.6088295083464723,10000,10000,True,False,True,/content/cv3d-project/data/cache/reconstruction/predictions/02691156/1659db64bbf46bcdc1955ee4b5680e91/03fc9210b3454cc42bca450b.npz,d48d00167b884087c8509467e6f019a3cc45dd68d4468c1712c7b838f53dce41,/content/cv3d-project/data/cache/reconstruction/metrics/02691156/1659db64bbf46bcdc1955ee4b5680e91/a00ff84d9695b57b47283091.json,12.103870999908395
02691156/165c4491d10067b3bd46d022fd7d80aa,vggt,1,[0],3.472516998375446,3.661369570995097,3.8502221436147477,0.0,0.0,0.0,1.9813481803313522,0.0,0.0,0.0,0.0,0.0,0.0,camera_rotation_center_and_target_diameter_scale_single_view,10.492257716543822,0.0,3409,10000,True,True,True,/content/cv3d-project/data/cache/reconstruction/predictions/02691156/165c4491d10067b3bd46d022fd7d80aa/f41784f57dc33d10d7990bea.npz,ac3a02e37661f473aec68af67d8626aaa31aafa61f8104532d1ef65869ecf652,/content/cv3d-project/data/cache/reconstruction/metrics/02691156/165c4491d10067b3bd46d022fd7d80aa/8942290c984c9b8fcf0d39e9.json,2.938014000392286
02691156/165c4491d10067b3bd46d022fd7d80aa,vggt,2,"[0, 5]",0.6252681739059425,0.8242841246832976,1.0233000754606527,0.0,0.0,0.0,1.9813481803313522,0.0,0.0,0.0,0.0,0.0,0.0,camera_pose_sim3,0.8715410856157735,0.016676453616452248,10000,10000,True,False,True,/content/cv3d-project/data/cache/reconstruction/predictions/02691156/165c4491d10067b3bd46d022fd7d80aa/a1c9a8f80089d3bc31082fe3.npz,bf5fc457ff2e984eeccbe1ad341cc2e3eb44bb886bce1b31d9878bde31fa501f,/content/cv3d-project/data/cache/reconstruction/metrics/02691156/165c4491d10067b3bd46d022fd7d80aa/81f4039d72f91abbe699bba0.json,11.7849970001771
02691156/165c4491d10067b3bd46d022fd7d80aa,vggt,3,"[0, 5, 14]",0.2550350125492693,0.42455939972475737,0.5940837869002454,0.0,0.0,0.0,1.9813481803313522,0.0,0.0,0.0,0.0,0.0,0.0,camera_pose_sim3,1.6094190448719579,0.22898672564758712,10000,10000,True,False,True,/content/cv3d-project/data/cache/reconstruction/predictions/02691156/165c4491d10067b3bd46d022fd7d80aa/df4068a5f16edf66e7e689e4.npz,2fa3046869a20e9af99dbeedfc7fff46d0fae48184417b385beb5c0eb0655d3d,/content/cv3d-project/data/cache/reconstruction/metrics/02691156/165c4491d10067b3bd46d022fd7d80aa/875dac37b858c5fe332ac73b.json,11.621106999882613
02691156/165c4491d10067b3bd46d022fd7d80aa,vggt,5,"[0, 5, 14, 22, 31]",0.11741531667968619,0.138600939006243,0.15978656133279984,0.05968191577208918,0.0,0.0,1.9813481803313522,0.0533,0.0,0.0,0.0678,0.0,0.0,camera_pose_sim3,2.6798392036076097,0.24133310586497758,10000,10000,True,False,True,/content/cv3d-project/data/cache/reconstruction/predictions/02691156/165c4491d10067b3bd46d022fd7d80aa/a0f44aa7c415c7e4c91a52b3.npz,fb07ecf60a395949bef32bad27e351a37ecc80d430f1f8e49dc6f96f33d5e50a,/content/cv3d-project/data/cache/reconstruction/metrics/02691156/165c4491d10067b3bd46d022fd7d80aa/3d9d003b213362931c480a58.json,11.782557000060478
02691156/165c4491d10067b3bd46d022fd7d80aa,vggt,10,"[0, 5, 14, 22, 31, 23, 16, 24, 17, 25]",0.037451860192357835,0.05302768861254205,0.06860351703272627,0.8659858855616797,0.14038346429791596,0.25804422857142856,1.9813481803313522,0.9908,0.1759,0.2967,0.7691,0.1168,0.2283,camera_pose_sim3,2.9827767194972745,0.19721053023209653,10000,10000,True,False,True,/content/cv3d-project/data/cache/reconstruction/predictions/02691156/165c4491d10067b3bd46d022fd7d80aa/eda9c276af68c4311430aa55.npz,7592d57815148344f73771614df7d0e1c245800e9e67809f996e804037d4678e,/content/cv3d-project/data/cache/reconstruction/metrics/02691156/165c4491d10067b3bd46d022fd7d80aa/7fb279d1950badf306d7ccda.json,12.68376400003035
02691156/1667ab313638fb366cf1b4a8fc3914e,vggt,1,[0],1.8668532610171695,2.013085119036904,2.1593169770566387,0.0,0.0,0.0,1.9734344555933698,0.0,0.0,0.0,0.0,0.0,0.0,camera_rotation_center_and_target_diameter_scale_single_view,7.080669578033787,0.0,4017,10000,True,True,True,/content/cv3d-project/data/cache/reconstruction/predictions/02691156/1667ab313638fb366cf1b4a8fc3914e/1a0688cede48969ac0e23ab5.npz,41fc7a7e36a97176b653f3e1285e27bf8684de8c4959454ebbf03f15791d6968,/content/cv3d-project/data/cache/reconstruction/metrics/02691156/1667ab313638fb366cf1b4a8fc3914e/45bd45bc9b79eb19c3583dcb.json,3.025299000000814
02691156/1667ab313638fb366cf1b4a8fc3914e,vggt,2,"[0, 5]",0.9915511083754345,1.163359116352861,1.3351671243302876,0.0,0.0,0.0,1.9734344555933698,0.0,0.0,0.0,0.0,0.0,0.0,camera_pose_sim3,0.6941122194131517,0.05072252841845765,10000,10000,True,False,True,/content/cv3d-project/data/cache/reconstruction/predictions/02691156/1667ab313638fb366cf1b4a8fc3914e/a1c7878ed9a9dfbf4a7f48a3.npz,303bc4b670850199c3d9228fd8959ac2d5d31d79c40722f1452111fd5ee850b6,/content/cv3d-project/data/cache/reconstruction/metrics/02691156/1667ab313638fb366cf1b4a8fc3914e/8808bdccb5e01549745c8723.json,11.77476700013358
02691156/1667ab313638fb366cf1b4a8fc3914e,vggt,3,"[0, 5, 14]",0.8830150414408952,1.054725129643072,1.226435217845249,0.0,0.0,0.0,1.9734344555933698,0.0,0.0,0.0,0.0,0.0,0.0,camera_pose_sim3_positive_scale_fallback,0.9307061928764953,0.4773685277871728,10000,10000,True,False,True,/content/cv3d-project/data/cache/reconstruction/predictions/02691156/1667ab313638fb366cf1b4a8fc3914e/77f9aa74580cc299d004c3df.npz,bb4012c01ef58a3a2c784219fd5afc518c1e5d2cc363ee2faa1fe947a92a79b5,/content/cv3d-project/data/cache/reconstruction/metrics/02691156/1667ab313638fb366cf1b4a8fc3914e/5b11cc65aa23f69560a4c2f8.json,11.941057999592886
02691156/1667ab313638fb366cf1b4a8fc3914e,vggt,5,"[0, 5, 14, 22, 31]",0.34101120495636794,0.3976165822507088,0.4542219595450496,0.0,0.0,0.0,1.9734344555933698,0.0,0.0,0.0,0.0,0.0,0.0,camera_pose_sim3,1.9407280882249218,0.4604713939158196,10000,10000,True,False,True,/content/cv3d-project/data/cache/reconstruction/predictions/02691156/1667ab313638fb366cf1b4a8fc3914e/33c184adbe16ff1e53a143a2.npz,3ecd6453fff39a7e0e4b62177b48cfbd29f0c2664ae5a4f100a7e3d1f303fcfd,/content/cv3d-project/data/cache/reconstruction/metrics/02691156/1667ab313638fb366cf1b4a8fc3914e/702e8e19b614fb6901029c91.json,11.44814100007352
02691156/1667ab313638fb366cf1b4a8fc3914e,vggt,10,"[0, 5, 14, 22, 31, 23, 16, 24, 32, 33]",0.18090210323006334,0.23563758129994022,0.2903730593698171,0.0,0.0,0.0,1.9734344555933698,0.0,0.0,0.0,0.0,0.0,0.0,camera_pose_sim3,2.0124576399581224,0.6761615603640961,10000,10000,True,False,True,/content/cv3d-project/data/cache/reconstruction/predictions/02691156/1667ab313638fb366cf1b4a8fc3914e/2e85f9224123087df19aa686.npz,1d4871b8cf81cadea4d30269c93a48449c995d12b17e393914fded379ae4546c,/content/cv3d-project/data/cache/reconstruction/metrics/02691156/1667ab313638fb366cf1b4a8fc3914e/42062017e1e56227a60b9096.json,12.429344999873138
02691156/16689e54c884aa01639c7058eaf33ae,vggt,1,[0],3.1214683341339473,3.316285322695265,3.511102311256583,0.0,0.0,0.0,1.9853224444323758,0.0,0.0,0.0,0.0,0.0,0.0,camera_rotation_center_and_target_diameter_scale_single_view,9.759694740613213,0.0,5626,10000,True,True,True,/content/cv3d-project/data/cache/reconstruction/predictions/02691156/16689e54c884aa01639c7058eaf33ae/997ec6ab414066c05360f9a8.npz,f5249ad4fcd9a833e78d4e7dcd91b1112d8b5a405d9eaa22b90b5db58ab7a412,/content/cv3d-project/data/cache/reconstruction/metrics/02691156/16689e54c884aa01639c7058eaf33ae/9e140bd2228ce9569963143b.json,3.1647099999645434
02691156/16689e54c884aa01639c7058eaf33ae,vggt,2,"[0, 5]",0.8837162800478616,1.0268439292298803,1.169971578411899,0.0,0.0,0.0,1.9853224444323758,0.0,0.0,0.0,0.0,0.0,0.0,camera_pose_sim3,0.6814862059309036,0.01420520430581737,10000,10000,True,False,True,/content/cv3d-project/data/cache/reconstruction/predictions/02691156/16689e54c884aa01639c7058eaf33ae/170d5c86f40617e6d6e20cd9.npz,64b7582ec0936e0296ac59ad6e273304d3490c645915612ac8447b9bfee50825,/content/cv3d-project/data/cache/reconstruction/metrics/02691156/16689e54c884aa01639c7058eaf33ae/1fa0f28f675f3d5faee402d9.json,11.788650999733363
02691156/16689e54c884aa01639c7058eaf33ae,vggt,3,"[0, 5, 14]",0.4370108327519062,0.5636455831142797,0.6902803334766533,0.0,0.0,0.0,1.9853224444323758,0.0,0.0,0.0,0.0,0.0,0.0,camera_pose_sim3,1.3727833964037957,0.1332605797143662,10000,10000,True,False,True,/content/cv3d-project/data/cache/reconstruction/predictions/02691156/16689e54c884aa01639c7058eaf33ae/471f6db77dc3a561ce7c2435.npz,47f79e09728cc9bf43171b7b809b76dfc634393e7a335170a0cc18946cdeb8c9,/content/cv3d-project/data/cache/reconstruction/metrics/02691156/16689e54c884aa01639c7058eaf33ae/911cbb736ab12c8a7a831009.json,11.65694400015127
02691156/16689e54c884aa01639c7058eaf33ae,vggt,5,"[0, 5, 14, 22, 31]",0.1262345033777834,0.18131505140910045,0.2363955994404175,0.029959832635983265,0.0,0.0010054054054054054,1.9853224444323758,0.1989,0.0,0.0031,0.0162,0.0,0.0006,camera_pose_sim3,2.1425728504660504,0.20661514576561665,10000,10000,True,False,True,/content/cv3d-project/data/cache/reconstruction/predictions/02691156/16689e54c884aa01639c7058eaf33ae/22f08bc500ba39d0797f901c.npz,a84f40a06eabc2de3e3855d50ae2c1cf6e14aa0049df375b637fcf7fbe121dc6,/content/cv3d-project/data/cache/reconstruction/metrics/02691156/16689e54c884aa01639c7058eaf33ae/65c0869d9fa0b9b790bbb015.json,11.263727999903494
02691156/16689e54c884aa01639c7058eaf33ae,vggt,10,"[0, 5, 14, 22, 31, 39, 32, 24, 17, 45]",0.4194706987979567,0.5013128233210742,0.5831549478441916,0.0,0.0,0.0,1.9853224444323758,0.0,0.0,0.0,0.0,0.0,0.0,camera_pose_sim3,1.4274498779606588,0.8594050535931234,10000,10000,True,False,True,/content/cv3d-project/data/cache/reconstruction/predictions/02691156/16689e54c884aa01639c7058eaf33ae/b898ec846eb6e7cacee2c653.npz,009eb6319eea58f95623af238ed99758a94ecd2f23281afa9e971beeee50d42b,/content/cv3d-project/data/cache/reconstruction/metrics/02691156/16689e54c884aa01639c7058eaf33ae/77068b588de1cd54791c0107.json,12.557740999909583
02691156/166d333d38897d1513d521050081b441,vggt,1,[0],2.7753223027742013,2.926968860592317,3.078615418410433,0.0,0.0,0.0,1.9026407415460824,0.0,0.0,0.0,0.0,0.0,0.0,camera_rotation_center_and_target_diameter_scale_single_view,8.533177944671701,0.0,5974,10000,True,True,True,/content/cv3d-project/data/cache/reconstruction/predictions/02691156/166d333d38897d1513d521050081b441/2ad5ae3b6dfcdb8963ca1d01.npz,d9080c0f94f1ab2a59dc7c38888c68510d8efc50179861786615adc4f853dc9b,/content/cv3d-project/data/cache/reconstruction/metrics/02691156/166d333d38897d1513d521050081b441/eeb0f51387b054ccecd8644f.json,3.2712359998186002
02691156/166d333d38897d1513d521050081b441,vggt,2,"[0, 5]",0.45344395032456275,0.5366408826802955,0.6198378150360282,0.0,0.0,0.0,1.9026407415460824,0.0,0.0,0.0,0.0,0.0,0.0,camera_pose_sim3,1.5952078382377717,0.2482031350687733,10000,10000,True,False,True,/content/cv3d-project/data/cache/reconstruction/predictions/02691156/166d333d38897d1513d521050081b441/4186a103e5198d4c4cff78c4.npz,f7091be666902db0f04475b91080d02c53f6423551736ee4ace2c7747a79ab92,/content/cv3d-project/data/cache/reconstruction/metrics/02691156/166d333d38897d1513d521050081b441/0d258e5ea8211b27c5f27b67.json,11.419605999890337
02691156/166d333d38897d1513d521050081b441,vggt,3,"[0, 5, 14]",0.13008775066067427,0.28683049672885347,0.44357324279703264,0.006057418397626113,0.0,0.0,1.9026407415460824,0.1317,0.0,0.0,0.0031,0.0,0.0,camera_pose_sim3,2.4146661174076427,0.17640705846298962,10000,10000,True,False,True,/content/cv3d-project/data/cache/reconstruction/predictions/02691156/166d333d38897d1513d521050081b441/7672894bf15b2cba6eb9b8f8.npz,8629748cfe76df22fae2109db13c6af5ff74f2b164ba167fcc388258ef2ce487,/content/cv3d-project/data/cache/reconstruction/metrics/02691156/166d333d38897d1513d521050081b441/44c16c2fd585e4075275e1dc.json,11.787449999701494
02691156/166d333d38897d1513d521050081b441,vggt,5,"[0, 5, 14, 22, 31]",0.6908459587908204,0.7361991849961804,0.7815524112015403,0.0,0.0,0.0,1.9026407415460824,0.0,0.0,0.0,0.0,0.0,0.0,camera_pose_sim3,1.1463500057872889,0.7572719472760454,10000,10000,True,False,True,/content/cv3d-project/data/cache/reconstruction/predictions/02691156/166d333d38897d1513d521050081b441/191abef5ade6f4b39d13fb7e.npz,10e85681f92f399e2d444b750025021d5918871ab426b1d107f1bb43c6aeb30e,/content/cv3d-project/data/cache/reconstruction/metrics/02691156/166d333d38897d1513d521050081b441/3e56f8fcd273cca6aecbda4c.json,11.957339999753458
02691156/166d333d38897d1513d521050081b441,vggt,10,"[0, 5, 14, 22, 31, 23, 16, 24, 32, 39]",0.7376096978020983,0.7891259486450648,0.8406421994880314,0.0,0.0,0.0,1.9026407415460824,0.0,0.0,0.0,0.0,0.0,0.0,camera_pose_sim3,0.7854383767051016,1.0488252438862709,10000,10000,True,False,True,/content/cv3d-project/data/cache/reconstruction/predictions/02691156/166d333d38897d1513d521050081b441/8e277d5db46612b6e796816d.npz,49b42324376d645690485b82c202d851ea343deb936a8fd1f5c232f92e8def2f,/content/cv3d-project/data/cache/reconstruction/metrics/02691156/166d333d38897d1513d521050081b441/ce980bf8580fcb88926d7695.json,11.862381999890204
02691156/16715d886ecf0a97ce2cec85ea6ae00d,vggt,1,[0],1.8872785394058056,2.0353984097982742,2.183518280190743,0.0,0.0,0.0,1.9571209480482843,0.0,0.0,0.0,0.0,0.0,0.0,camera_rotation_center_and_target_diameter_scale_single_view,7.105231986670696,0.0,5310,10000,True,True,True,/content/cv3d-project/data/cache/reconstruction/predictions/02691156/16715d886ecf0a97ce2cec85ea6ae00d/671706e915dcfe67ef98bf1b.npz,0dcdabf8bbfde836fd428119cac3851aaff2e3032870570bc1f4cfef6b0c602b,/content/cv3d-project/data/cache/reconstruction/metrics/02691156/16715d886ecf0a97ce2cec85ea6ae00d/cf336dfdc38067f64e5db499.json,3.2161609997274354
02691156/16715d886ecf0a97ce2cec85ea6ae00d,vggt,2,"[0, 5]",0.8757102542370279,1.0417935863499248,1.2078769184628215,0.0,0.0,0.0,1.9571209480482843,0.0,0.0,0.0,0.0,0.0,0.0,camera_pose_sim3,0.712639210073892,0.014138359285381123,10000,10000,True,False,True,/content/cv3d-project/data/cache/reconstruction/predictions/02691156/16715d886ecf0a97ce2cec85ea6ae00d/4af99e0155198711fdad1af5.npz,b8520ff5a508f99804c2afcfdc45673d08e187690b1233be8b19420e78d1a4b8,/content/cv3d-project/data/cache/reconstruction/metrics/02691156/16715d886ecf0a97ce2cec85ea6ae00d/8c9de5ecadb3440ff8c3da6d.json,11.922533999950247
02691156/16715d886ecf0a97ce2cec85ea6ae00d,vggt,3,"[0, 5, 14]",0.6780156016545831,0.8443649909967366,1.01071438033889,0.0,0.0,0.0,1.9571209480482843,0.0,0.0,0.0,0.0,0.0,0.0,camera_pose_sim3,0.9660124239535853,0.3398101073123979,10000,10000,True,False,True,/content/cv3d-project/data/cache/reconstruction/predictions/02691156/16715d886ecf0a97ce2cec85ea6ae00d/01c4ea9fdb62823b3dcf1f1a.npz,bf74b7924cd5872e74b193a4db7eaf87c707379ce1615707461797ea3f149990,/content/cv3d-project/data/cache/reconstruction/metrics/02691156/16715d886ecf0a97ce2cec85ea6ae00d/d5365da26d805619d52c0629.json,11.424386999806302
02691156/16715d886ecf0a97ce2cec85ea6ae00d,vggt,5,"[0, 5, 14, 22, 31]",0.38596102392418374,0.4934380333945772,0.6009150428649707,0.0,0.0,0.0,1.9571209480482843,0.0,0.0,0.0,0.0,0.0,0.0,camera_pose_sim3,1.3101494843483714,0.7622287101857683,10000,10000,True,False,True,/content/cv3d-project/data/cache/reconstruction/predictions/02691156/16715d886ecf0a97ce2cec85ea6ae00d/b17a33b9da83d8fb6fa9220c.npz,4e661624234264f487a8e9b7b5394bb7a5553a93e84721992742d6644a264d68,/content/cv3d-project/data/cache/reconstruction/metrics/02691156/16715d886ecf0a97ce2cec85ea6ae00d/491aba4095cdad92283d4d40.json,12.023317000057432
02691156/16715d886ecf0a97ce2cec85ea6ae00d,vggt,10,"[0, 5, 14, 22, 31, 39, 32, 24, 17, 25]",0.3027625589157175,0.3351139119646732,0.36746526501362886,0.0,0.0,0.0,1.9571209480482843,0.0,0.0,0.0,0.0,0.0,0.0,camera_pose_sim3,1.91137534754777,0.8823168320628948,10000,10000,True,False,True,/content/cv3d-project/data/cache/reconstruction/predictions/02691156/16715d886ecf0a97ce2cec85ea6ae00d/9d63487e6570729caa7182a0.npz,365025b6ce515910c73ba494c436ada6b09a09e83bac285a2c99143782d51db9,/content/cv3d-project/data/cache/reconstruction/metrics/02691156/16715d886ecf0a97ce2cec85ea6ae00d/d4bd9bbcc943d7ad04553152.json,11.906134000128077
02691156/167250e2014c72dbb87697d3904b168b,vggt,1,[0],1.966907929033635,2.1359264217812037,2.3049449145287726,0.0,0.0,0.0,1.9850216439124209,0.0,0.0,0.0,0.0,0.0,0.0,camera_rotation_center_and_target_diameter_scale_single_view,7.340494186239266,0.0,4953,10000,True,True,True,/content/cv3d-project/data/cache/reconstruction/predictions/02691156/167250e2014c72dbb87697d3904b168b/78e4cc57b424103326acfd91.npz,d905eef83f76e22d2090a5bcb03f1690ccaecfbe1ce9507b7d2245a70e2a7131,/content/cv3d-project/data/cache/reconstruction/metrics/02691156/167250e2014c72dbb87697d3904b168b/5a778bfdd5a2bce4d6b7ae67.json,3.120183999726578
02691156/167250e2014c72dbb87697d3904b168b,vggt,2,"[0, 5]",0.6417089199151782,0.7956576010189024,0.9496062821226265,0.0,0.0,0.0,1.9850216439124209,0.0,0.0,0.0,0.0,0.0,0.0,camera_pose_sim3,0.9139766406253725,0.018597512097413737,10000,10000,True,False,True,/content/cv3d-project/data/cache/reconstruction/predictions/02691156/167250e2014c72dbb87697d3904b168b/6e85f4acff72c9feebc2d8ba.npz,f5906c39adf57a2134b431389c8445fe82c6410c6271df89a864bf29c2227fe3,/content/cv3d-project/data/cache/reconstruction/metrics/02691156/167250e2014c72dbb87697d3904b168b/d8aef558f42ff8e41e54b08d.json,11.834347999865713
02691156/167250e2014c72dbb87697d3904b168b,vggt,3,"[0, 5, 17]",0.02425994817844785,0.04852478140723086,0.07278961463601387,0.8393012593581335,0.0499972432804962,0.18124733998337492,1.9850216439124209,1.0,0.113,0.3601,0.7231,0.0321,0.1211,camera_pose_sim3,2.70110426889561,0.1721900928050381,10000,10000,True,False,True,/content/cv3d-project/data/cache/reconstruction/predictions/02691156/167250e2014c72dbb87697d3904b168b/0e9086bf9e85502430c1583d.npz,4d9d566b05b84e50091acfcd640f43ab4cd1526092fa2b1c26bb14f05296ed9f,/content/cv3d-project/data/cache/reconstruction/metrics/02691156/167250e2014c72dbb87697d3904b168b/24a856b358fb39bdb5eeff18.json,11.489072000131273
02691156/167250e2014c72dbb87697d3904b168b,vggt,5,"[0, 5, 17, 25, 8]",0.01378732547300704,0.03692615272283533,0.06006497997266362,0.876278233509383,0.197760433604336,0.40894817866841465,1.9850216439124209,1.0,0.4648,0.7923,0.7798,0.1256,0.2756,camera_pose_sim3,2.784631651483449,0.12859999289821475,10000,10000,True,False,True,/content/cv3d-project/data/cache/reconstruction/predictions/02691156/167250e2014c72dbb87697d3904b168b/dd3ddeeb38a1b0b1bab7d263.npz,bc5e02eff59b71e727c9b1dc3c6c134596d572534fb9a732b67f08c126b98d79,/content/cv3d-project/data/cache/reconstruction/metrics/02691156/167250e2014c72dbb87697d3904b168b/df9ab891b289dc04e8b4f41f.json,11.735842999769375
02691156/167250e2014c72dbb87697d3904b168b,vggt,10,"[0, 5, 17, 25, 8, 16, 18, 26, 34, 9]",0.025599501045632484,0.0422331546762087,0.058866808306784923,0.9068648885002186,0.08626967741935483,0.19055785780240075,1.9850216439124209,1.0,0.1924,0.4181,0.8296,0.0556,0.1234,camera_pose_sim3,2.6858796271299066,0.10891263736788552,10000,10000,True,False,True,/content/cv3d-project/data/cache/reconstruction/predictions/02691156/167250e2014c72dbb87697d3904b168b/1390bff04539f64dd9ac1ef1.npz,77b448e94e7acb5704b1a2a6ee45d8436094bf0ec2f55f5ddaf08c2be05ad00e,/content/cv3d-project/data/cache/reconstruction/metrics/02691156/167250e2014c72dbb87697d3904b168b/5fccfcf7213e500d47cd53f9.json,12.026304999835702
02691156/167740d2a5f5cb6c7f4561609781d8c9,vggt,1,[0],4.89971107076398,5.080663812504962,5.261616554245945,0.0,0.0,0.0,1.9153200409410096,0.0,0.0,0.0,0.0,0.0,0.0,camera_rotation_center_and_target_diameter_scale_single_view,12.939381465782091,0.0,3969,10000,True,True,True,/content/cv3d-project/data/cache/reconstruction/predictions/02691156/167740d2a5f5cb6c7f4561609781d8c9/102d34f051f08744d24f0840.npz,6d3969dd238657114f4d7eb6769fd250710876f1f4a185137f91faa3dbe7d8ab,/content/cv3d-project/data/cache/reconstruction/metrics/02691156/167740d2a5f5cb6c7f4561609781d8c9/b5be0c7d26a35450435543be.json,2.9739970000264293
02691156/167740d2a5f5cb6c7f4561609781d8c9,vggt,2,"[0, 4]",0.6257023685659326,0.7981824887994199,0.9706626090329071,0.0,0.0,0.0,1.9153200409410096,0.0,0.0,0.0,0.0,0.0,0.0,camera_pose_sim3,1.0496141422261542,0.12067127594062356,9582,10000,True,False,True,/content/cv3d-project/data/cache/reconstruction/predictions/02691156/167740d2a5f5cb6c7f4561609781d8c9/dcb51a52e31b863e92d9bebb.npz,8d3310ca1152b3f7be6ed048050ab0d61a2e663977094351a02320c1f6a26a2a,/content/cv3d-project/data/cache/reconstruction/metrics/02691156/167740d2a5f5cb6c7f4561609781d8c9/cbc1c2e54c66df683d872f9d.json,11.695280999902025
02691156/167740d2a5f5cb6c7f4561609781d8c9,vggt,3,"[0, 4, 9]",0.1067895056639843,0.18318860829094685,0.2595877109179094,0.042329492860659776,0.0,0.0,1.9153200409410096,0.3838,0.0,0.0,0.0224,0.0,0.0,camera_pose_sim3,2.422090311385916,0.2607144262452036,10000,10000,True,False,True,/content/cv3d-project/data/cache/reconstruction/predictions/02691156/167740d2a5f5cb6c7f4561609781d8c9/597fc8a651b402cd20b37a5d.npz,916b01558675bcc31eae357e59b108200e112eafb8c84b8a084d338ea117e533,/content/cv3d-project/data/cache/reconstruction/metrics/02691156/167740d2a5f5cb6c7f4561609781d8c9/d70217cf7e137ed6356f81ea.json,11.432640999828436
02691156/167740d2a5f5cb6c7f4561609781d8c9,vggt,5,"[0, 4, 9, 18, 17]",0.4707637805179812,0.49110469134721013,0.5114456021764391,0.0,0.0,0.0,1.9153200409410096,0.0,0.0,0.0,0.0,0.0,0.0,camera_pose_sim3,2.9570646868867065,0.3347287804716116,10000,10000,True,False,True,/content/cv3d-project/data/cache/reconstruction/predictions/02691156/167740d2a5f5cb6c7f4561609781d8c9/b78a451db39b059201d41e01.npz,90e7df293975c6632e1982b535b8616c225d85371c9489d2deb5f2f742af0175,/content/cv3d-project/data/cache/reconstruction/metrics/02691156/167740d2a5f5cb6c7f4561609781d8c9/a40956fbf5685e64aeeb27a9.json,12.211261000175
02691156/167740d2a5f5cb6c7f4561609781d8c9,vggt,10,"[0, 4, 9, 18, 17, 25, 23, 31, 16, 24]",0.08978399888516303,0.11363995361851142,0.13749590835185982,0.39138926786878125,0.0,0.0,1.9153200409410096,0.6384,0.0,0.0,0.2822,0.0,0.0,camera_pose_sim3,2.621432243333839,0.21755149146890326,10000,10000,True,False,True,/content/cv3d-project/data/cache/reconstruction/predictions/02691156/167740d2a5f5cb6c7f4561609781d8c9/e7fc72a5d16f677a3e15c7b8.npz,3e5d90f545a71ef38fa27ca80bb0ab7a415324141188ea2cfc34be9c6adbc9b4,/content/cv3d-project/data/cache/reconstruction/metrics/02691156/167740d2a5f5cb6c7f4561609781d8c9/06c0c79901ce94919ec664c2.json,12.02522899984615
02828884/1b9ddee986099bb78880edc6251fa529,vggt,1,[0],0.86207980019053,0.9159679203271784,0.9698560404638269,0.0,0.0,0.0,1.9999222837012909,0.0,0.0,0.0,0.0,0.0,0.0,camera_rotation_center_and_target_diameter_scale_single_view,4.720022176791655,0.0,10000,10000,True,True,True,/content/cv3d-project/data/cache/reconstruction/predictions/02828884/1b9ddee986099bb78880edc6251fa529/5749087548243d0594fddeb2.npz,fa3dc1fa8c10444e5f96b85edafa77537c63c666cbcab3c65271df97646ec000,/content/cv3d-project/data/cache/reconstruction/metrics/02828884/1b9ddee986099bb78880edc6251fa529/a44d3539825c7a3a44b8e09d.json,3.876743999626342
02828884/1b9ddee986099bb78880edc6251fa529,vggt,2,"[0, 5]",0.9662901136294664,1.0382130052941698,1.110135896958873,0.0,0.0,0.0,1.9999222837012909,0.0,0.0,0.0,0.0,0.0,0.0,camera_pose_sim3,0.36838519620658694,0.29551836005620097,10000,10000,True,False,True,/content/cv3d-project/data/cache/reconstruction/predictions/02828884/1b9ddee986099bb78880edc6251fa529/3941a688b3e266aacd8fbe47.npz,896d2d74107cbb880b46f87c0cc15a7efb89ec7c862d825444581524691ea50f,/content/cv3d-project/data/cache/reconstruction/metrics/02828884/1b9ddee986099bb78880edc6251fa529/7437debc49220f3135940d79.json,11.833316000320337
02828884/1b9ddee986099bb78880edc6251fa529,vggt,3,"[0, 5, 18]",0.30093331265005474,0.4831720289645819,0.665410745279109,0.0,0.0,0.0,1.9999222837012909,0.0,0.0,0.0,0.0,0.0,0.0,camera_pose_sim3,1.2155428240742183,0.8636019025110594,10000,10000,True,False,True,/content/cv3d-project/data/cache/reconstruction/predictions/02828884/1b9ddee986099bb78880edc6251fa529/28594ab5add34a05ab91b3fe.npz,cb7a8978ae1ebe20cd4cd2aadba822eea2fc913056c6402e9511591e20214445,/content/cv3d-project/data/cache/reconstruction/metrics/02828884/1b9ddee986099bb78880edc6251fa529/8cf098a5262bc6a75078dc04.json,11.669697999877826
02828884/1b9ddee986099bb78880edc6251fa529,vggt,5,"[0, 5, 18, 10, 25]",0.5950725642793279,0.7181891924264576,0.8413058205735874,0.0,0.0,0.0,1.9999222837012909,0.0,0.0,0.0,0.0,0.0,0.0,camera_pose_sim3,0.09009791650423901,1.0771789817265394,10000,10000,True,False,True,/content/cv3d-project/data/cache/reconstruction/predictions/02828884/1b9ddee986099bb78880edc6251fa529/c5d4cdef13c32a9f698e708f.npz,7d94bcc6e27127d285659187af1c1fb603565a658e04521186f61457c8873609,/content/cv3d-project/data/cache/reconstruction/metrics/02828884/1b9ddee986099bb78880edc6251fa529/a7ad7e92f844d3f860068464.json,12.35193899992737
02828884/1b9ddee986099bb78880edc6251fa529,vggt,10,"[0, 5, 18, 10, 25, 33, 41, 45, 34, 39]",0.33783890294103264,0.394940836691724,0.45204277044241536,0.0,0.0,0.0,1.9999222837012909,0.0,0.0,0.0,0.0,0.0,0.0,camera_pose_sim3,1.3881277268083139,0.9728205745093853,10000,10000,True,False,True,/content/cv3d-project/data/cache/reconstruction/predictions/02828884/1b9ddee986099bb78880edc6251fa529/b73609321f827419e6ad5a60.npz,cc7d5193aa8df945d02e1a27f94dac3f0e22723c64a94ce940084b77dcc36e79,/content/cv3d-project/data/cache/reconstruction/metrics/02828884/1b9ddee986099bb78880edc6251fa529/5ddd889873cea48252ad8536.json,12.470234999909735
02828884/1bace34d2c1dc49b3b5ee89f1f802f5a,vggt,1,[0],1.2894427501931696,1.3647095093124435,1.4399762684317174,0.0,0.0,0.0,1.996486009003384,0.0,0.0,0.0,0.0,0.0,0.0,camera_rotation_center_and_target_diameter_scale_single_view,5.644574639718875,0.0,10000,10000,True,True,True,/content/cv3d-project/data/cache/reconstruction/predictions/02828884/1bace34d2c1dc49b3b5ee89f1f802f5a/bb956e233ff8670b635eac9d.npz,520f01c64fc769fc141d6cb70fe3a3cb91858f652982d0b5060ec4c7670cfd96,/content/cv3d-project/data/cache/reconstruction/metrics/02828884/1bace34d2c1dc49b3b5ee89f1f802f5a/10c7dd1a0da94a6c4f104c0f.json,3.967910000028496
02828884/1bace34d2c1dc49b3b5ee89f1f802f5a,vggt,2,"[0, 26]",0.4341204633064423,0.5561839884291843,0.6782475135519263,0.0,0.0,0.0,1.996486009003384,0.0,0.0,0.0,0.0,0.0,0.0,camera_pose_sim3,0.9292083686932021,0.9384094141987381,10000,10000,True,False,True,/content/cv3d-project/data/cache/reconstruction/predictions/02828884/1bace34d2c1dc49b3b5ee89f1f802f5a/ccf867bc6a1262dddf01fa54.npz,8cfc1f36094807cefd0392ffc8523bad4df3d456ef5120105309d649ae37006e,/content/cv3d-project/data/cache/reconstruction/metrics/02828884/1bace34d2c1dc49b3b5ee89f1f802f5a/85ba1224ebf576eed88fdbb0.json,11.98588799979916
02828884/1bace34d2c1dc49b3b5ee89f1f802f5a,vggt,3,"[0, 26, 18]",0.606893760357157,0.7407839270241917,0.8746740936912264,0.0,0.0,0.0,1.996486009003384,0.0,0.0,0.0,0.0,0.0,0.0,camera_pose_sim3,1.139859418484765,0.7169164737094084,10000,10000,True,False,True,/content/cv3d-project/data/cache/reconstruction/predictions/02828884/1bace34d2c1dc49b3b5ee89f1f802f5a/1daa4d4cfdd58ea3aa20834c.npz,3f316198b1d0c3cc8bb66a6861ce177da7072b0bfb89410064e0f177980abd94,/content/cv3d-project/data/cache/reconstruction/metrics/02828884/1bace34d2c1dc49b3b5ee89f1f802f5a/4d1523c20f344a61414f2c16.json,11.7335660002027
02828884/1bace34d2c1dc49b3b5ee89f1f802f5a,vggt,5,"[0, 26, 18, 34, 25]",0.4454212726617315,0.4848959455988048,0.5243706185358781,0.0,0.0,0.0,1.996486009003384,0.0,0.0,0.0,0.0,0.0,0.0,camera_pose_sim3,1.6379183414953309,0.6469927267376585,10000,10000,True,False,True,/content/cv3d-project/data/cache/reconstruction/predictions/02828884/1bace34d2c1dc49b3b5ee89f1f802f5a/4796996aa0e487489327df08.npz,78b0d2e661e51697b0f68b8fa21060b9a3f92fb5563f6045769060fbc35a613d,/content/cv3d-project/data/cache/reconstruction/metrics/02828884/1bace34d2c1dc49b3b5ee89f1f802f5a/7658e121cb59697e8a0428ba.json,12.143296999965969
02828884/1bace34d2c1dc49b3b5ee89f1f802f5a,vggt,10,"[0, 26, 18, 34, 25, 41, 46, 33, 45, 39]",0.4649602092090723,0.5378456617427855,0.6107311142764987,0.0,0.0,0.0,1.996486009003384,0.0,0.0,0.0,0.0,0.0,0.0,camera_pose_sim3,1.4059252700290272,0.7470703871954487,10000,10000,True,False,True,/content/cv3d-project/data/cache/reconstruction/predictions/02828884/1bace34d2c1dc49b3b5ee89f1f802f5a/e71715a5c6e2fb0ee7390ec4.npz,b61e72fff7dbd94375cc91c86c808b3ec3b8187733d159501d9576f5a8251f8c,/content/cv3d-project/data/cache/reconstruction/metrics/02828884/1bace34d2c1dc49b3b5ee89f1f802f5a/95f91d317fdef572e507bee6.json,12.486043000080826
02828884/1bb14f4633ad52e3ae944a46a2846086,vggt,1,[0],1.7574220209733225,1.8243447560429544,1.8912674911125866,0.0,0.0,0.0,1.9973045736966766,0.0,0.0,0.0,0.0,0.0,0.0,camera_rotation_center_and_target_diameter_scale_single_view,6.517435337767745,0.0,10000,10000,True,True,True,/content/cv3d-project/data/cache/reconstruction/predictions/02828884/1bb14f4633ad52e3ae944a46a2846086/de80530c6844bdec24a3062f.npz,c236b41b789119dce2b3c2759acb9a3897aeb83fe83e843e484e34b79401d743,/content/cv3d-project/data/cache/reconstruction/metrics/02828884/1bb14f4633ad52e3ae944a46a2846086/00d55bd2a5b5f7eb504b9c25.json,3.8734159998057294
02828884/1bb14f4633ad52e3ae944a46a2846086,vggt,2,"[0, 26]",0.4413122806943019,0.5498769700075729,0.6584416593208438,0.0,0.0,0.0,1.9973045736966766,0.0,0.0,0.0,0.0,0.0,0.0,camera_pose_sim3,0.6120353099618111,1.0127378433948173,10000,10000,True,False,True,/content/cv3d-project/data/cache/reconstruction/predictions/02828884/1bb14f4633ad52e3ae944a46a2846086/d820920989d59564629ef33d.npz,8269df5e31d9f7d10c47ba5d9617c0420aa1564e7aac02266caa784e67e02a18,/content/cv3d-project/data/cache/reconstruction/metrics/02828884/1bb14f4633ad52e3ae944a46a2846086/5566c2dd8b4f61a28a54b783.json,11.780215999806387
02828884/1bb14f4633ad52e3ae944a46a2846086,vggt,3,"[0, 26, 18]",0.3868651007592855,0.43006707386367654,0.4732690469680676,0.0,0.0,0.0,1.9973045736966766,0.0,0.0,0.0,0.0,0.0,0.0,camera_pose_sim3,1.3494073105645434,0.8117508876180031,10000,10000,True,False,True,/content/cv3d-project/data/cache/reconstruction/predictions/02828884/1bb14f4633ad52e3ae944a46a2846086/573628dfbfad12a87f8019ad.npz,2bd8ac13d1675ab8d1585b2e89797eb4ef227dd036614e07921097f16ef9f8b5,/content/cv3d-project/data/cache/reconstruction/metrics/02828884/1bb14f4633ad52e3ae944a46a2846086/a624a706a228b2cb30562a9b.json,11.881751000146323
02828884/1bb14f4633ad52e3ae944a46a2846086,vggt,5,"[0, 26, 18, 34, 41]",0.6264000805439263,0.6856382119456864,0.7448763433474466,0.0,0.0,0.0,1.9973045736966766,0.0,0.0,0.0,0.0,0.0,0.0,camera_pose_sim3,0.5517246853889786,1.0038650761830599,10000,10000,True,False,True,/content/cv3d-project/data/cache/reconstruction/predictions/02828884/1bb14f4633ad52e3ae944a46a2846086/94f17534ab3dc6bf427d9ce2.npz,338f58c850be21ff034df120fa4bbe3bd9b7c7aad29a6129f1cdbaba4a0d4f80,/content/cv3d-project/data/cache/reconstruction/metrics/02828884/1bb14f4633ad52e3ae944a46a2846086/642b358ecf485828a9b45916.json,11.765374999868072
02828884/1bb14f4633ad52e3ae944a46a2846086,vggt,10,"[0, 26, 18, 34, 41, 46, 39, 45, 33, 40]",0.616052358308581,0.7278127660287866,0.8395731737489923,0.0,0.0,0.0,1.9973045736966766,0.0,0.0,0.0,0.0,0.0,0.0,camera_pose_sim3,0.2508872512646382,1.1250842265732024,10000,10000,True,False,True,/content/cv3d-project/data/cache/reconstruction/predictions/02828884/1bb14f4633ad52e3ae944a46a2846086/0a1bdcf4e25edffcf7b3e20d.npz,12b2c910173f45649e4e6c11b93ad8a88648e7c7c1b421c2bf7474e4b246d9f1,/content/cv3d-project/data/cache/reconstruction/metrics/02828884/1bb14f4633ad52e3ae944a46a2846086/116fe8ea7754067d481b060a.json,12.510711000231822
02828884/1bdfb8796887adf92056b4bd5d870b47,vggt,1,[0],1.3218953926908148,1.3843223402232963,1.4467492877557777,0.0,0.0,0.0,1.9938103178729814,0.0,0.0,0.0,0.0,0.0,0.0,camera_rotation_center_and_target_diameter_scale_single_view,5.779886056137207,0.0,10000,10000,True,True,True,/content/cv3d-project/data/cache/reconstruction/predictions/02828884/1bdfb8796887adf92056b4bd5d870b47/35614f4a4229671cbe0d6760.npz,b4f83f73abad1787f07eff1af9c1f4a95f10a9ac47f8626b3e8e8edccab54a18,/content/cv3d-project/data/cache/reconstruction/metrics/02828884/1bdfb8796887adf92056b4bd5d870b47/20b5f1fdc3d2e1373f3d6b37.json,3.912590999789245
02828884/1bdfb8796887adf92056b4bd5d870b47,vggt,2,"[0, 5]",1.4682211983567348,1.4971848161958898,1.5261484340350449,0.0,0.0,0.0,1.9938103178729814,0.0,0.0,0.0,0.0,0.0,0.0,camera_pose_sim3_positive_scale_fallback,0.8418956954800776,1.881534257109041e-16,10000,10000,True,False,True,/content/cv3d-project/data/cache/reconstruction/predictions/02828884/1bdfb8796887adf92056b4bd5d870b47/683a02968a3c4769c0c8a3f6.npz,abc5f31310eee784444e3bf40a5baf8d18d17fc08f81e5858818eb753eb36569,/content/cv3d-project/data/cache/reconstruction/metrics/02828884/1bdfb8796887adf92056b4bd5d870b47/6aa84eacca0b75621fa8623b.json,11.852516000089963
02828884/1bdfb8796887adf92056b4bd5d870b47,vggt,3,"[0, 5, 18]",0.6191147674786357,0.6687089952703199,0.7183032230620041,0.0,0.0,0.0,1.9938103178729814,0.0,0.0,0.0,0.0,0.0,0.0,camera_pose_sim3,0.40305201255614864,1.00960504332096,10000,10000,True,False,True,/content/cv3d-project/data/cache/reconstruction/predictions/02828884/1bdfb8796887adf92056b4bd5d870b47/ad9cf864ed40d22d68ed2c90.npz,6f6ff041ef577a90b35e93d28d5751c27ad623b7752eced567958ff81421c2a9,/content/cv3d-project/data/cache/reconstruction/metrics/02828884/1bdfb8796887adf92056b4bd5d870b47/34e39b84673ea67772666abf.json,11.781126999721891
02828884/1bdfb8796887adf92056b4bd5d870b47,vggt,5,"[0, 5, 18, 25, 45]",0.4714534994231706,0.6620335069079671,0.8526135143927637,0.0,0.0,0.0,1.9938103178729814,0.0,0.0,0.0,0.0,0.0,0.0,camera_pose_sim3,1.9256655711318351,1.0258425445699308,10000,10000,True,False,True,/content/cv3d-project/data/cache/reconstruction/predictions/02828884/1bdfb8796887adf92056b4bd5d870b47/b320c857ce99beb42fb99908.npz,4d4bbb9cdc9f608119c5b26ca5ee793cfe97c31aba222fded65797fc0fa4a05e,/content/cv3d-project/data/cache/reconstruction/metrics/02828884/1bdfb8796887adf92056b4bd5d870b47/2b4b94dbdbd179308e4d14ec.json,11.791253999945184
02828884/1bdfb8796887adf92056b4bd5d870b47,vggt,10,"[0, 5, 18, 25, 45, 39, 31, 34, 26, 32]",0.386812800781213,0.426421119915114,0.46602943904901506,0.0,0.0,0.0,1.9938103178729814,0.0,0.0,0.0,0.0,0.0,0.0,camera_pose_sim3,1.7607370930444852,0.8690300518005972,10000,10000,True,False,True,/content/cv3d-project/data/cache/reconstruction/predictions/02828884/1bdfb8796887adf92056b4bd5d870b47/b393ce4c6d8b87e4152176ad.npz,9e1dc67116b6c59082b640495f414e5b180a1dac25bf0585054faa28f5b97227,/content/cv3d-project/data/cache/reconstruction/metrics/02828884/1bdfb8796887adf92056b4bd5d870b47/7a4f7cc5028435beea984801.json,12.488269000186847
02828884/1be0e167a93a1069acb4ead41419080a,vggt,1,[0],2.6262990130353203,2.705756745041234,2.7852144770471474,0.0,0.0,0.0,1.999964694179535,0.0,0.0,0.0,0.0,0.0,0.0,camera_rotation_center_and_target_diameter_scale_single_view,8.533754845050128,0.0,10000,10000,True,True,True,/content/cv3d-project/data/cache/reconstruction/predictions/02828884/1be0e167a93a1069acb4ead41419080a/44ae8484882efbfb5f09c006.npz,5ae0ff81866882706eff91f28ea53064a045a93a7e4382b20f392db072d47534,/content/cv3d-project/data/cache/reconstruction/metrics/02828884/1be0e167a93a1069acb4ead41419080a/a11784942771587d86cc2636.json,3.9507139999841456
02828884/1be0e167a93a1069acb4ead41419080a,vggt,2,"[0, 5]",1.0212384734640325,1.1001872324233535,1.1791359913826744,0.0,0.0,0.0,1.999964694179535,0.0,0.0,0.0,0.0,0.0,0.0,camera_pose_sim3,0.5183835366734456,0.2212963133088705,10000,10000,True,False,True,/content/cv3d-project/data/cache/reconstruction/predictions/02828884/1be0e167a93a1069acb4ead41419080a/e1577e42bb45f19be5a7873b.npz,3ad19f36a899c91eebd251f9a6bf16610d377fc2e130d517a5b1b703dd6c3f7c,/content/cv3d-project/data/cache/reconstruction/metrics/02828884/1be0e167a93a1069acb4ead41419080a/329132d0ac8716c25132d4b2.json,11.742762999801926
02828884/1be0e167a93a1069acb4ead41419080a,vggt,3,"[0, 5, 18]",0.568189279957843,0.7225595115457426,0.8769297431336421,0.0,0.0,0.0,1.999964694179535,0.0,0.0,0.0,0.0,0.0,0.0,camera_pose_sim3,1.3107840063846148,0.629385308595613,10000,10000,True,False,True,/content/cv3d-project/data/cache/reconstruction/predictions/02828884/1be0e167a93a1069acb4ead41419080a/b5250bdcd74c1124f0bbf1c9.npz,bc1c8ba6b9b84b67905d9e65b760c73f08566880bb5bef175ad05e262643d974,/content/cv3d-project/data/cache/reconstruction/metrics/02828884/1be0e167a93a1069acb4ead41419080a/4d19548d22c03f4131248d34.json,11.799292999967292
02828884/1be0e167a93a1069acb4ead41419080a,vggt,5,"[0, 5, 18, 26, 34]",0.30335678721517034,0.3849560178010951,0.46655524838701984,0.0,0.0,0.0,1.999964694179535,0.0,0.0,0.0,0.0,0.0,0.0,camera_pose_sim3,1.4161503139915532,0.8164506891548426,10000,10000,True,False,True,/content/cv3d-project/data/cache/reconstruction/predictions/02828884/1be0e167a93a1069acb4ead41419080a/4c0c9a7ad511cee97bce4bcd.npz,ed16278f19db5d78f441db624d2f2d9b5323c1da40b2db05f7531961258e8adc,/content/cv3d-project/data/cache/reconstruction/metrics/02828884/1be0e167a93a1069acb4ead41419080a/ae4a1e1e872e6e95bf571902.json,11.890298999787774
02828884/1be0e167a93a1069acb4ead41419080a,vggt,10,"[0, 5, 18, 26, 34, 25, 45, 39, 41, 46]",0.3349825865437504,0.4290841865803249,0.5231857866168994,0.0,0.0,0.0,1.999964694179535,0.0,0.0,0.0,0.0,0.0,0.0,camera_pose_sim3,0.8084089039362345,1.150622645746324,10000,10000,True,False,True,/content/cv3d-project/data/cache/reconstruction/predictions/02828884/1be0e167a93a1069acb4ead41419080a/7ab700d92008e836b0c93508.npz,950dc37428e81e052d499e93f71b5296282f5d245209c89ba341d9d9818f3668,/content/cv3d-project/data/cache/reconstruction/metrics/02828884/1be0e167a93a1069acb4ead41419080a/8b162533c692b04b9ac643aa.json,12.546989999918878
02828884/1be83cdaf803fa3b827358da75ee7655,vggt,1,[0],1.243470682593662,1.3082345852674355,1.372998487941209,0.0,0.0,0.0,1.9956891685579317,0.0,0.0,0.0,0.0,0.0,0.0,camera_rotation_center_and_target_diameter_scale_single_view,5.53128167425749,0.0,10000,10000,True,True,True,/content/cv3d-project/data/cache/reconstruction/predictions/02828884/1be83cdaf803fa3b827358da75ee7655/2c531d17ee36c876cf289132.npz,a71e69ec7e70d8ae6853e626cbe21c59cfa760f64c09610f69ba7612e07a65ec,/content/cv3d-project/data/cache/reconstruction/metrics/02828884/1be83cdaf803fa3b827358da75ee7655/38284d2909aa3a011d8cd89d.json,3.937542000130634
02828884/1be83cdaf803fa3b827358da75ee7655,vggt,2,"[0, 5]",0.6586598381289257,0.7318647265940301,0.8050696150591344,0.0,0.0,0.0,1.9956891685579317,0.0,0.0,0.0,0.0,0.0,0.0,camera_pose_sim3,1.1933060123674308,0.033226179168890056,10000,10000,True,False,True,/content/cv3d-project/data/cache/reconstruction/predictions/02828884/1be83cdaf803fa3b827358da75ee7655/da2a4708fe220453b2f3a190.npz,82642b5c069b63d05938aba789466d98465bddae6f4611448aa3e41ffd6c89a4,/content/cv3d-project/data/cache/reconstruction/metrics/02828884/1be83cdaf803fa3b827358da75ee7655/279de34467c839b3134e3175.json,11.690519000239874
02828884/1be83cdaf803fa3b827358da75ee7655,vggt,3,"[0, 5, 14]",0.5329394393834085,0.6113391918846287,0.6897389443858489,0.0,0.0,0.0,1.9956891685579317,0.0,0.0,0.0,0.0,0.0,0.0,camera_pose_sim3,1.4991967567685303,0.18143421226467843,10000,10000,True,False,True,/content/cv3d-project/data/cache/reconstruction/predictions/02828884/1be83cdaf803fa3b827358da75ee7655/243834dfe36570fc56f42948.npz,6d2bd1fd75b1abed6faf7e9634425253f7de1766a196afac4490a44f18f018fd,/content/cv3d-project/data/cache/reconstruction/metrics/02828884/1be83cdaf803fa3b827358da75ee7655/e217a280a780d4ac0564ad99.json,12.074236999978893
02828884/1be83cdaf803fa3b827358da75ee7655,vggt,5,"[0, 5, 14, 38, 45]",0.02307388678267029,0.07775092649725565,0.132427966211841,0.51565978922369,0.0733048604860486,0.16190699325523608,1.9956891685579317,1.0,0.1759,0.4654,0.3474,0.0463,0.098,camera_pose_sim3,2.4979676551877494,0.23216495237324633,10000,10000,True,False,True,/content/cv3d-project/data/cache/reconstruction/predictions/02828884/1be83cdaf803fa3b827358da75ee7655/b092dd33832bd24dadc49191.npz,7907f0cef8f6bbaa80ae98ac48da32f8907115eb49ff6024f0f37930c6dbf583,/content/cv3d-project/data/cache/reconstruction/metrics/02828884/1be83cdaf803fa3b827358da75ee7655/dd8b8177214995697da8bb88.json,11.894790999576799
02828884/1be83cdaf803fa3b827358da75ee7655,vggt,10,"[0, 5, 14, 38, 45, 31, 22, 30, 41, 46]",0.5072316197449527,0.5541598474503097,0.6010880751556666,0.0,0.0,0.0,1.9956891685579317,0.0,0.0,0.0,0.0,0.0,0.0,camera_pose_sim3,1.1549165622505657,0.9446878097797705,10000,10000,True,False,True,/content/cv3d-project/data/cache/reconstruction/predictions/02828884/1be83cdaf803fa3b827358da75ee7655/a3351a4d4110d26dba71ee5b.npz,1340d1bcf5dad38c708727f15e03d8153e5809dc932a9bcad0933023de91824d,/content/cv3d-project/data/cache/reconstruction/metrics/02828884/1be83cdaf803fa3b827358da75ee7655/ee1183dc6a6a4e67555db449.json,12.327553999966767
02828884/1bf5b1fa54aeec162701a18243b45d3,vggt,1,[0],0.9170850899450447,0.9473211806277073,0.9775572713103698,0.0,0.0,0.0,1.9832441808983565,0.0,0.0,0.0,0.0,0.0,0.0,camera_rotation_center_and_target_diameter_scale_single_view,4.8639407297171084,0.0,10000,10000,True,True,True,/content/cv3d-project/data/cache/reconstruction/predictions/02828884/1bf5b1fa54aeec162701a18243b45d3/db1b466b5d83dba4ae0ddbd0.npz,2881c5fbf70c97bee8dc633862560120a77f0a1eb0501e3182ab9ac0d5b0d054,/content/cv3d-project/data/cache/reconstruction/metrics/02828884/1bf5b1fa54aeec162701a18243b45d3/f163061e4eff903c7f88b499.json,3.934480999760126
02828884/1bf5b1fa54aeec162701a18243b45d3,vggt,2,"[0, 5]",1.003345804076543,1.0736073614080035,1.143868918739464,0.0,0.0,0.0,1.9832441808983565,0.0,0.0,0.0,0.0,0.0,0.0,camera_pose_sim3,0.2736933338053869,0.3086505650797461,10000,10000,True,False,True,/content/cv3d-project/data/cache/reconstruction/predictions/02828884/1bf5b1fa54aeec162701a18243b45d3/7b8bf2fdd7be50e8afd316eb.npz,96e2a9498b7369d06a12fe632097d7427d5a07626fc9459ddf70fec1fbd006f9,/content/cv3d-project/data/cache/reconstruction/metrics/02828884/1bf5b1fa54aeec162701a18243b45d3/54b263c52ba954516ea3ec20.json,11.52293599989207
02828884/1bf5b1fa54aeec162701a18243b45d3,vggt,3,"[0, 5, 14]",1.1098640122289425,1.177768996503743,1.2456739807785433,0.0,0.0,0.0,1.9832441808983565,0.0,0.0,0.0,0.0,0.0,0.0,camera_pose_sim3,0.5937004584134657,0.4099197940050772,10000,10000,True,False,True,/content/cv3d-project/data/cache/reconstruction/predictions/02828884/1bf5b1fa54aeec162701a18243b45d3/4b73f48f872cbff35226c6e2.npz,e233c179f6cf69585aa01af66a312387f21e9048fd9aa4004ff3be9dd26e6b5a,/content/cv3d-project/data/cache/reconstruction/metrics/02828884/1bf5b1fa54aeec162701a18243b45d3/33927f7dd14ae12c6c68eca5.json,12.318074000177148
02828884/1bf5b1fa54aeec162701a18243b45d3,vggt,5,"[0, 5, 14, 38, 31]",0.586849654475179,0.6424666840431252,0.6980837136110715,0.0,0.0,0.0,1.9832441808983565,0.0,0.0,0.0,0.0,0.0,0.0,camera_pose_sim3,1.1960504035081219,0.8931597323331542,10000,10000,True,False,True,/content/cv3d-project/data/cache/reconstruction/predictions/02828884/1bf5b1fa54aeec162701a18243b45d3/bc24b9602bcafe629c04f8dd.npz,a8c69fd7a278de4754c800e2a8ee84967e1d41783a3711079174b4c3009be8c5,/content/cv3d-project/data/cache/reconstruction/metrics/02828884/1bf5b1fa54aeec162701a18243b45d3/57bb0fed8ce11e7a7733ad97.json,11.74993499989796
02828884/1bf5b1fa54aeec162701a18243b45d3,vggt,10,"[0, 5, 14, 38, 31, 22, 45, 39, 30, 32]",0.14703173856972018,0.16906719634973297,0.19110265412974575,0.1260639875146313,0.0,0.0,1.9832441808983565,0.1118,0.0,0.0,0.1445,0.0,0.0,camera_pose_sim3,2.6850679658549113,0.4847257025562026,10000,10000,True,False,True,/content/cv3d-project/data/cache/reconstruction/predictions/02828884/1bf5b1fa54aeec162701a18243b45d3/c20b7574af269cdbeaaa0e2f.npz,9f5723337da277d866ae4d3b09b311b5204a2bb5e1bc15569efaffe3d434b4da,/content/cv3d-project/data/cache/reconstruction/metrics/02828884/1bf5b1fa54aeec162701a18243b45d3/2f9ae6c4389b7ec6165a1861.json,12.491596000018035
02828884/1c310698c57a3d378fd6b27be619556b,vggt,1,[0],2.525281188971215,2.599678197060241,2.674075205149267,0.0,0.0,0.0,1.9950540985544871,0.0,0.0,0.0,0.0,0.0,0.0,camera_rotation_center_and_target_diameter_scale_single_view,8.038850366443375,0.0,10000,10000,True,True,True,/content/cv3d-project/data/cache/reconstruction/predictions/02828884/1c310698c57a3d378fd6b27be619556b/daf8b923ffd6f48688f56999.npz,2c0fc4268554e92a3f1ddc99cf36a54979a80f63f06d66c635d797095acbc2b7,/content/cv3d-project/data/cache/reconstruction/metrics/02828884/1c310698c57a3d378fd6b27be619556b/56de3b322f2703fe837867bc.json,3.859319000184769
02828884/1c310698c57a3d378fd6b27be619556b,vggt,2,"[0, 18]",0.5310720066905007,0.5862623496380941,0.6414526925856875,0.0,0.0,0.0,1.9950540985544871,0.0,0.0,0.0,0.0,0.0,0.0,camera_pose_sim3,0.739363338627102,0.8979457556904467,10000,10000,True,False,True,/content/cv3d-project/data/cache/reconstruction/predictions/02828884/1c310698c57a3d378fd6b27be619556b/e923801f7a7d4e5d120d4a75.npz,d6677770fddc5e63fa12a48217c6d52cd6602ce555c970b7239b31c806706275,/content/cv3d-project/data/cache/reconstruction/metrics/02828884/1c310698c57a3d378fd6b27be619556b/146767a2a39b22072d49dd99.json,11.759153000184597
02828884/1c310698c57a3d378fd6b27be619556b,vggt,3,"[0, 18, 25]",0.5494839946612597,0.6005291337018521,0.6515742727424445,0.0,0.0,0.0,1.9950540985544871,0.0,0.0,0.0,0.0,0.0,0.0,camera_pose_sim3,2.1489351245750834,0.8570226133799854,10000,10000,True,False,True,/content/cv3d-project/data/cache/reconstruction/predictions/02828884/1c310698c57a3d378fd6b27be619556b/cf7386b6713930579abb475c.npz,f799863b6ad732d00f1a841cfe11f25cfebe09a1458e9623243eeff8c37ce467,/content/cv3d-project/data/cache/reconstruction/metrics/02828884/1c310698c57a3d378fd6b27be619556b/84062e0a4cca93135328ad2d.json,11.679058000026998
02828884/1c310698c57a3d378fd6b27be619556b,vggt,5,"[0, 18, 25, 33, 41]",0.14430456370159064,0.14883017385487524,0.1533557840081598,0.06726099585062241,0.005403508771929825,0.010832579185520361,1.9950540985544871,0.0434,0.007,0.0095,0.1494,0.0044,0.0126,camera_pose_sim3,2.946016467434401,0.12626057524982748,10000,10000,True,False,True,/content/cv3d-project/data/cache/reconstruction/predictions/02828884/1c310698c57a3d378fd6b27be619556b/2c6b5052bc33aaeeecefc2e3.npz,4fb7f89a58e96480ffe83263c0fcfe6fe09965a0b506a85db38ca7a7190f3894,/content/cv3d-project/data/cache/reconstruction/metrics/02828884/1c310698c57a3d378fd6b27be619556b/01d36824abb620f61086d601.json,12.418547999914153
02828884/1c310698c57a3d378fd6b27be619556b,vggt,10,"[0, 18, 25, 33, 41, 46, 34, 44, 37, 45]",0.08575494028967261,0.1344304780251472,0.1831060157606218,0.23156645037250664,0.002649056603773585,0.006229007633587786,1.9950540985544871,0.6932,0.0027,0.0051,0.139,0.0026,0.008,camera_pose_sim3,2.5096433681850656,0.30348133956803675,10000,10000,True,False,True,/content/cv3d-project/data/cache/reconstruction/predictions/02828884/1c310698c57a3d378fd6b27be619556b/c3deca7e0ccbd8f028b9d743.npz,cda77a40f355186290246ce5e8cc0b18c78da8b2befbd4995967dae93899b2cb,/content/cv3d-project/data/cache/reconstruction/metrics/02828884/1c310698c57a3d378fd6b27be619556b/6378254a825198af38bf7cf9.json,12.42466899975625
02828884/1c47c37d6c785d4fe7fd9a18c19837e5,vggt,1,[0],0.702726821275071,0.7741628858965848,0.8455989505180984,0.0,0.0,0.0,1.9968522502425168,0.0,0.0,0.0,0.0,0.0,0.0,camera_rotation_center_and_target_diameter_scale_single_view,4.524124970949531,0.0,10000,10000,True,True,True,/content/cv3d-project/data/cache/reconstruction/predictions/02828884/1c47c37d6c785d4fe7fd9a18c19837e5/7a74e2a8506b9e6ec8cf0e25.npz,7f20be6f86e1c37263e87c8e0e196800bbf74b67348d8a0679cf7a2c79f442f8,/content/cv3d-project/data/cache/reconstruction/metrics/02828884/1c47c37d6c785d4fe7fd9a18c19837e5/b2666f01a0602a3693632f4b.json,3.9040349997776502
02828884/1c47c37d6c785d4fe7fd9a18c19837e5,vggt,2,"[0, 26]",0.47771102629456313,0.6224491846179498,0.7671873429413366,0.0,0.0,0.0,1.9968522502425168,0.0,0.0,0.0,0.0,0.0,0.0,camera_pose_sim3,0.41764136312425776,1.0284982882042848,10000,10000,True,False,True,/content/cv3d-project/data/cache/reconstruction/predictions/02828884/1c47c37d6c785d4fe7fd9a18c19837e5/0d0cc53761b240850b170686.npz,2697911ebe5ab0a384974f44de4da96a724f9cdeb9e936f6ab44769522b4ac91,/content/cv3d-project/data/cache/reconstruction/metrics/02828884/1c47c37d6c785d4fe7fd9a18c19837e5/7ebd7715a1b037b449558728.json,12.556347999634454
02828884/1c47c37d6c785d4fe7fd9a18c19837e5,vggt,3,"[0, 26, 34]",0.42009360623299696,0.4715856660679615,0.523077725902926,0.0,0.0,0.0,1.9968522502425168,0.0,0.0,0.0,0.0,0.0,0.0,camera_pose_sim3,1.7882853721560783,0.6999850675821127,10000,10000,True,False,True,/content/cv3d-project/data/cache/reconstruction/predictions/02828884/1c47c37d6c785d4fe7fd9a18c19837e5/417de8c0acbc2c355003641a.npz,04c0d14a62213ec992d3749f489f2e49b2e214022a211b3b006835d67f49384a,/content/cv3d-project/data/cache/reconstruction/metrics/02828884/1c47c37d6c785d4fe7fd9a18c19837e5/f731891c54d8dd0bf3bf9ec1.json,12.094832999991922
02828884/1c47c37d6c785d4fe7fd9a18c19837e5,vggt,5,"[0, 26, 34, 41, 46]",0.35096310165574396,0.4224314035228273,0.4938997053899107,0.0,0.0,0.0,1.9968522502425168,0.0,0.0,0.0,0.0,0.0,0.0,camera_pose_sim3,1.349104015643736,0.9913137883186589,10000,10000,True,False,True,/content/cv3d-project/data/cache/reconstruction/predictions/02828884/1c47c37d6c785d4fe7fd9a18c19837e5/c73556f128ea2c60a2b0753f.npz,8fb2ee2476e5629c8c429ca7ae393e268dc7ff4673fea659263e6911d16b991e,/content/cv3d-project/data/cache/reconstruction/metrics/02828884/1c47c37d6c785d4fe7fd9a18c19837e5/d3abaa651a6aebf3cae07c8e.json,11.703240000315418
02828884/1c47c37d6c785d4fe7fd9a18c19837e5,vggt,10,"[0, 26, 34, 41, 46, 45, 38, 25, 33, 39]",0.5430023734174826,0.6338754375157087,0.7247485016139349,0.0,0.0,0.0,1.9968522502425168,0.0,0.0,0.0,0.0,0.0,0.0,camera_pose_sim3,0.718701579972951,1.08943164634551,10000,10000,True,False,True,/content/cv3d-project/data/cache/reconstruction/predictions/02828884/1c47c37d6c785d4fe7fd9a18c19837e5/b68489821d76711c2e3e9c0c.npz,0e7690359dfdc99cf05decf001dd884a690db0f5d1ffc1301317eb3627e63751,/content/cv3d-project/data/cache/reconstruction/metrics/02828884/1c47c37d6c785d4fe7fd9a18c19837e5/8620c562366c9143a97c6cea.json,12.710784000319109
02828884/1c79aa69e4ec26b65dc236dd32108e81,vggt,1,[0],1.0634217299928894,1.1061624292066656,1.1489031284204418,0.0,0.0,0.0,1.9998244447387743,0.0,0.0,0.0,0.0,0.0,0.0,camera_rotation_center_and_target_diameter_scale_single_view,5.080219142752097,0.0,10000,10000,True,True,True,/content/cv3d-project/data/cache/reconstruction/predictions/02828884/1c79aa69e4ec26b65dc236dd32108e81/892bdcd014934db8ba5b75e0.npz,d7a26229e3e037dadb07a003b34cfae127f355d446ceef45f6b59244aba0248e,/content/cv3d-project/data/cache/reconstruction/metrics/02828884/1c79aa69e4ec26b65dc236dd32108e81/463c230b0ca0bc2e444ba9a4.json,3.7906940001448675
02828884/1c79aa69e4ec26b65dc236dd32108e81,vggt,2,"[0, 5]",1.1237987863014853,1.1706584088092788,1.2175180313170726,0.0,0.0,0.0,1.9998244447387743,0.0,0.0,0.0,0.0,0.0,0.0,camera_pose_sim3,0.706874787348644,0.09834394434836838,10000,10000,True,False,True,/content/cv3d-project/data/cache/reconstruction/predictions/02828884/1c79aa69e4ec26b65dc236dd32108e81/af6d6a93e165181f06335c59.npz,8af7a0f08b7f4012105f211ff82afcb09b9c0fb6ad3ce5067bb6a8e3fa438107,/content/cv3d-project/data/cache/reconstruction/metrics/02828884/1c79aa69e4ec26b65dc236dd32108e81/bfc6e4408fb9ba23e5293f5c.json,11.907954999969661
02828884/1c79aa69e4ec26b65dc236dd32108e81,vggt,3,"[0, 5, 38]",0.6611155629913293,0.707396313981739,0.7536770649721485,0.0,0.0,0.0,1.9998244447387743,0.0,0.0,0.0,0.0,0.0,0.0,camera_pose_sim3,1.4994170255923336,0.7632956970668808,10000,10000,True,False,True,/content/cv3d-project/data/cache/reconstruction/predictions/02828884/1c79aa69e4ec26b65dc236dd32108e81/2606f84d814a7131ea29efd6.npz,f8afad01b804410b81540489c0d058ebce5f7e62e3fef714c900c8eef2ef0644,/content/cv3d-project/data/cache/reconstruction/metrics/02828884/1c79aa69e4ec26b65dc236dd32108e81/9e601dc9ecd837d3dca48060.json,12.646067999867228
02828884/1c79aa69e4ec26b65dc236dd32108e81,vggt,5,"[0, 5, 38, 30, 45]",0.5524739389794682,0.5836916912733143,0.6149094435671606,0.0,0.0,0.0,1.9998244447387743,0.0,0.0,0.0,0.0,0.0,0.0,camera_pose_sim3,1.836293174006374,0.6147846085771106,10000,10000,True,False,True,/content/cv3d-project/data/cache/reconstruction/predictions/02828884/1c79aa69e4ec26b65dc236dd32108e81/083122fd81ce08488dffedfd.npz,1668f6c7057a31733ee5aa796a07b20fc3061246cb0cefcb179557d3f095d8a0,/content/cv3d-project/data/cache/reconstruction/metrics/02828884/1c79aa69e4ec26b65dc236dd32108e81/92f8183dffadcdbd24c04825.json,12.605612000243127
02828884/1c79aa69e4ec26b65dc236dd32108e81,vggt,10,"[0, 5, 38, 30, 45, 22, 14, 31, 39, 47]",0.17926894145992914,0.192375603597021,0.20548226573411288,0.018815734989648034,0.0,0.0,1.9998244447387743,0.0128,0.0,0.0,0.0355,0.0,0.0,camera_pose_sim3,2.4398839395889205,0.30980453575654854,10000,10000,True,False,True,/content/cv3d-project/data/cache/reconstruction/predictions/02828884/1c79aa69e4ec26b65dc236dd32108e81/19f29b36b46d7e313a3ac344.npz,969f6b710a0f5b2d7a0b4b11f2e43aa7fdf3d7465a4e1a7ebce6aba54d9cf70e,/content/cv3d-project/data/cache/reconstruction/metrics/02828884/1c79aa69e4ec26b65dc236dd32108e81/103a8a009aa1bbff0746bcba.json,12.896520999674976
02933112/18d94e539b0ed30d105e720ebc569399,vggt,1,[0],1.945986839075785,2.0299777160731765,2.113968593070568,0.0,0.0,0.0,1.9962585713983276,0.0,0.0,0.0,0.0,0.0,0.0,camera_rotation_center_and_target_diameter_scale_single_view,7.029984925091792,0.0,10000,10000,True,True,True,/content/cv3d-project/data/cache/reconstruction/predictions/02933112/18d94e539b0ed30d105e720ebc569399/a4d7fe16341358ca617dc88f.npz,770d80774e7b6df31a56f05cc6b6fc6de666df910e2944bde999362053875c1c,/content/cv3d-project/data/cache/reconstruction/metrics/02933112/18d94e539b0ed30d105e720ebc569399/49d059b4aa222a5fa50a8c05.json,3.7845159999960742
02933112/18d94e539b0ed30d105e720ebc569399,vggt,2,"[0, 25]",0.6214573785468384,0.7547197738474826,0.8879821691481268,0.0,0.0,0.0,1.9962585713983276,0.0,0.0,0.0,0.0,0.0,0.0,camera_pose_sim3,1.9551673320458836,0.4465045714343629,10000,10000,True,False,True,/content/cv3d-project/data/cache/reconstruction/predictions/02933112/18d94e539b0ed30d105e720ebc569399/ee5d3adc37d579616cd8fac7.npz,e1138578c17318e0986fe26c229bc331b97cb690f788c8bee5a9a4a7a3e25933,/content/cv3d-project/data/cache/reconstruction/metrics/02933112/18d94e539b0ed30d105e720ebc569399/99f3a59e5ad67c47d64652e8.json,11.877900999934354
02933112/18d94e539b0ed30d105e720ebc569399,vggt,3,"[0, 25, 33]",0.3186487801302419,0.4462136228786656,0.5737784656270893,0.0,0.0,0.0,1.9962585713983276,0.0,0.0,0.0,0.0,0.0,0.0,camera_pose_sim3,1.8778440024438354,0.8291267102553358,10000,10000,True,False,True,/content/cv3d-project/data/cache/reconstruction/predictions/02933112/18d94e539b0ed30d105e720ebc569399/0708c9df824c273eda88bd55.npz,48b208ae010146712af70cde055fef4eb9739fc559d577fe8105dd1e4657a3d2,/content/cv3d-project/data/cache/reconstruction/metrics/02933112/18d94e539b0ed30d105e720ebc569399/b296c441aadb7125a622eaf9.json,11.741963000076794
02933112/18d94e539b0ed30d105e720ebc569399,vggt,5,"[0, 25, 33, 34, 41]",0.2921534088337929,0.42757208714092737,0.5629907654480618,0.0,0.0,0.0,1.9962585713983276,0.0,0.0,0.0,0.0,0.0,0.0,camera_pose_sim3,1.926350819863671,0.6111300576833448,10000,10000,True,False,True,/content/cv3d-project/data/cache/reconstruction/predictions/02933112/18d94e539b0ed30d105e720ebc569399/fedf70174a2f8d40c49e140c.npz,4a4e75ba31b19ba942f8fa56baa41b8fdf80b37870399f771cac314934ce4f80,/content/cv3d-project/data/cache/reconstruction/metrics/02933112/18d94e539b0ed30d105e720ebc569399/e9604cb769a7f5b8ce252f2b.json,12.265412000033393
02933112/18d94e539b0ed30d105e720ebc569399,vggt,10,"[0, 25, 33, 34, 41, 44, 36, 37, 29, 30]",0.05914997723031732,0.13348479394327017,0.20781961065622304,0.40070858508604207,0.03641046277665996,0.08367681322810973,1.9962585713983276,0.7759,0.0754,0.2141,0.2701,0.024,0.052,camera_pose_sim3,2.347250237203437,0.44547539378340023,10000,10000,True,False,True,/content/cv3d-project/data/cache/reconstruction/predictions/02933112/18d94e539b0ed30d105e720ebc569399/a2ffed9389318f9f0c87eb3c.npz,c8b6b1803031be3284cb7c17ee98ab2fdb73495a491561fde3b7cc6e696832e3,/content/cv3d-project/data/cache/reconstruction/metrics/02933112/18d94e539b0ed30d105e720ebc569399/c8678d5819e6f4725f9950dd.json,13.278869000259874
02933112/18efc77e6837f7d311e76965808086c8,vggt,1,[0],0.7964792607124611,0.8516871802723494,0.9068950998322375,0.0,0.0,0.0,1.993318778220243,0.0,0.0,0.0,0.0,0.0,0.0,camera_rotation_center_and_target_diameter_scale_single_view,4.576718341702747,0.0,10000,10000,True,True,True,/content/cv3d-project/data/cache/reconstruction/predictions/02933112/18efc77e6837f7d311e76965808086c8/8cf1d9206e2c5b6a85c81b8f.npz,b1f219ca57a419108cdb4a13a0bd01de8264c406fce3ff1ca11bb52b6e80759b,/content/cv3d-project/data/cache/reconstruction/metrics/02933112/18efc77e6837f7d311e76965808086c8/ffdaf0b3d3a9d2884ea7d15b.json,4.174205999788683
02933112/18efc77e6837f7d311e76965808086c8,vggt,2,"[0, 23]",0.10024597651265771,0.2640393758170263,0.42783277512139495,0.06142937244708504,0.0011684210526315788,0.0033036666666666666,1.993318778220243,0.5059,0.0222,0.0583,0.0327,0.0006,0.0017,camera_pose_sim3,1.250276729139593,0.961985917234678,10000,10000,True,False,True,/content/cv3d-project/data/cache/reconstruction/predictions/02933112/18efc77e6837f7d311e76965808086c8/77548d7359b85f8db9c861da.npz,eb4e22acb28681787bb3919b08b3df1bc0b7d71d006bd91a6f671cbcb58d5b63,/content/cv3d-project/data/cache/reconstruction/metrics/02933112/18efc77e6837f7d311e76965808086c8/4109aba8089e019717da4d7c.json,11.673368999709055
02933112/18efc77e6837f7d311e76965808086c8,vggt,3,"[0, 23, 16]",0.6685965814954751,0.8282888472896226,0.9879811130837701,0.0,0.0,0.0,1.993318778220243,0.0,0.0,0.0,0.0,0.0,0.0,camera_pose_sim3,2.553052159099241,0.5519279598630981,10000,10000,True,False,True,/content/cv3d-project/data/cache/reconstruction/predictions/02933112/18efc77e6837f7d311e76965808086c8/51ebc597ec1498857a51e123.npz,41e7dee7002e4f50ea4f2418981d5412411d93dec40b2b36977db684b48c04eb,/content/cv3d-project/data/cache/reconstruction/metrics/02933112/18efc77e6837f7d311e76965808086c8/a168dc89b11c1f21b8728f5e.json,12.155465999967419
02933112/18efc77e6837f7d311e76965808086c8,vggt,5,"[0, 23, 16, 31, 24]",0.300272262358579,0.5123408426020827,0.7244094228455863,0.0,0.0,0.0,1.993318778220243,0.0,0.0,0.0,0.0,0.0,0.0,camera_pose_sim3,0.8416249403688687,0.9112468456820823,10000,10000,True,False,True,/content/cv3d-project/data/cache/reconstruction/predictions/02933112/18efc77e6837f7d311e76965808086c8/df31946bfa5ac190bb78f756.npz,bb553519193727d41425fa55570feb97e2f6d9ecabdd24524b9f2f49f2766166,/content/cv3d-project/data/cache/reconstruction/metrics/02933112/18efc77e6837f7d311e76965808086c8/d07fc24985abeaf55e9bddb8.json,11.797779999596969
02933112/18efc77e6837f7d311e76965808086c8,vggt,10,"[0, 23, 16, 31, 24, 33, 41, 46, 38, 32]",0.44541946329251536,0.6198516517247281,0.7942838401569409,0.0,0.0,0.0,1.993318778220243,0.0,0.0,0.0,0.0,0.0,0.0,camera_pose_sim3,0.14557170580032958,1.0957365104594343,10000,10000,True,False,True,/content/cv3d-project/data/cache/reconstruction/predictions/02933112/18efc77e6837f7d311e76965808086c8/f4210bb60c0accb60fb33cc8.npz,3885a7e5618d13830823cfcecd093f75a1f79868a3be3bb98b2342e04bd1e079,/content/cv3d-project/data/cache/reconstruction/metrics/02933112/18efc77e6837f7d311e76965808086c8/4f80f595dc1916e79823c507.json,12.554045999877417
02933112/18f41e91af76c77de25f00a04866d020,vggt,1,[0],1.2218473485927233,1.2547164537538107,1.2875855589148981,0.0,0.0,0.0,1.9953066564866837,0.0,0.0,0.0,0.0,0.0,0.0,camera_rotation_center_and_target_diameter_scale_single_view,5.3104803354985695,0.0,10000,10000,True,True,True,/content/cv3d-project/data/cache/reconstruction/predictions/02933112/18f41e91af76c77de25f00a04866d020/49b549e7307a392ae8726722.npz,8020836b266d6c3319fbdf38d6243e58fc3def5886056156410fcfc2e04b949c,/content/cv3d-project/data/cache/reconstruction/metrics/02933112/18f41e91af76c77de25f00a04866d020/53cc9da5bfa710e8d03604df.json,4.145081000388018
02933112/18f41e91af76c77de25f00a04866d020,vggt,2,"[0, 24]",0.024221669711372785,0.17877747781303452,0.33333328591469624,0.18610556865590422,0.01426261040235525,0.029803738710354966,1.9953066564866837,1.0,0.1964,0.4607,0.1026,0.0074,0.0154,camera_pose_sim3,1.2279483745231912,1.0854633592664744,10000,10000,True,False,True,/content/cv3d-project/data/cache/reconstruction/predictions/02933112/18f41e91af76c77de25f00a04866d020/3fec6ebcb9066291d237a294.npz,2a2256a2856ad5f62daf963137f576352778dc274444587f630e0a761abe349a,/content/cv3d-project/data/cache/reconstruction/metrics/02933112/18f41e91af76c77de25f00a04866d020/39f4501586c3485ba7b7037f.json,12.424409999766794
02933112/18f41e91af76c77de25f00a04866d020,vggt,3,"[0, 24, 33]",0.6133985448102738,0.6912336227632817,0.7690687007162896,0.0,0.0,0.0,1.9953066564866837,0.0,0.0,0.0,0.0,0.0,0.0,camera_pose_sim3,3.1742314634225535,0.2755602197463607,10000,10000,True,False,True,/content/cv3d-project/data/cache/reconstruction/predictions/02933112/18f41e91af76c77de25f00a04866d020/3f879c6ec5573432d09f9b76.npz,0c861883d951c60303ed8eb94f935c4458e3fa3b2c206980b3b38f101fcdb7b4,/content/cv3d-project/data/cache/reconstruction/metrics/02933112/18f41e91af76c77de25f00a04866d020/b3b6a5995295a1c9c4fa2e27.json,12.174839000181237
02933112/18f41e91af76c77de25f00a04866d020,vggt,5,"[0, 24, 33, 16, 41]",0.12967608438158928,0.2223116410915798,0.3149471978015703,0.02908474576271186,0.0,0.0,1.9953066564866837,0.2145,0.0,0.0,0.0156,0.0,0.0,camera_pose_sim3,1.51175082500254,0.7864747575592649,10000,10000,True,False,True,/content/cv3d-project/data/cache/reconstruction/predictions/02933112/18f41e91af76c77de25f00a04866d020/fe10bed8c8c54c90ecd22937.npz,5e2d0a716cdef59562b8f36787550865b514937246d82610794926efeaa19af9,/content/cv3d-project/data/cache/reconstruction/metrics/02933112/18f41e91af76c77de25f00a04866d020/e04e6fa57c12e78fbf3acc3c.json,12.269859999832988
02933112/18f41e91af76c77de25f00a04866d020,vggt,10,"[0, 24, 33, 16, 41, 23, 31, 46, 32, 39]",0.21844929360728754,0.31204539061586367,0.40564148762443974,0.0,0.0,0.0,1.9953066564866837,0.0,0.0,0.0,0.0,0.0,0.0,camera_pose_sim3,1.7533124698133815,0.593172422664253,10000,10000,True,False,True,/content/cv3d-project/data/cache/reconstruction/predictions/02933112/18f41e91af76c77de25f00a04866d020/66cc5e71c9247988daf1eabb.npz,5392765346ec52f0c608c01a520bf938ed9c01574ff8b80e62a95145dcaba1a2,/content/cv3d-project/data/cache/reconstruction/metrics/02933112/18f41e91af76c77de25f00a04866d020/bf0b6b7696730fc34ffc8082.json,12.343929000053322
02933112/190cb7264781df604da5feafe6f1c8fc,vggt,1,[0],1.012083322696435,1.120632794629726,1.229182266563017,0.0,0.0,0.0,1.9957148831182396,0.0,0.0,0.0,0.0,0.0,0.0,camera_rotation_center_and_target_diameter_scale_single_view,5.225988913826778,0.0,10000,10000,True,True,True,/content/cv3d-project/data/cache/reconstruction/predictions/02933112/190cb7264781df604da5feafe6f1c8fc/1c1b0a6dfd0db9b35c248c46.npz,08e8871066466f400c5e10aa69069cedcbaa96ef6dbfde58971d00344a3bae75,/content/cv3d-project/data/cache/reconstruction/metrics/02933112/190cb7264781df604da5feafe6f1c8fc/613e2fd4785e501bb241a7a1.json,4.089713999746891
02933112/190cb7264781df604da5feafe6f1c8fc,vggt,2,"[0, 25]",0.05370772775317159,0.1576256196439862,0.2615435115348008,0.14232644221303403,0.002719507186858316,0.006806782334384859,1.9957148831182396,0.9388,0.0473,0.1233,0.077,0.0014,0.0035,camera_pose_sim3,1.2649437449330887,0.9143915481160017,10000,10000,True,False,True,/content/cv3d-project/data/cache/reconstruction/predictions/02933112/190cb7264781df604da5feafe6f1c8fc/8ac09e08881d48463193bf1c.npz,6e5dc5eb1f61c3ffbe3a39398c5972ae069e488a9840c59e62d4225a6070e9db,/content/cv3d-project/data/cache/reconstruction/metrics/02933112/190cb7264781df604da5feafe6f1c8fc/78ead5b962676e3dc91ad5f2.json,11.902357000053598
02933112/190cb7264781df604da5feafe6f1c8fc,vggt,3,"[0, 25, 34]",0.5286197574987747,0.6686342261267901,0.8086486947548055,0.0,0.0,0.0,1.9957148831182396,0.0,0.0,0.0,0.0,0.0,0.0,camera_pose_sim3,1.1649949803717805,0.8594825591129668,10000,10000,True,False,True,/content/cv3d-project/data/cache/reconstruction/predictions/02933112/190cb7264781df604da5feafe6f1c8fc/e1eb65ae9980380f9de62dda.npz,49834a68db923c679d0a3a0f24e3df58ca306ec4de6df1e8a15f738c8bf7565a,/content/cv3d-project/data/cache/reconstruction/metrics/02933112/190cb7264781df604da5feafe6f1c8fc/2a00861044ae1084e857ee17.json,12.25832599993737
02933112/190cb7264781df604da5feafe6f1c8fc,vggt,5,"[0, 25, 34, 41, 44]",0.06911253665078977,0.14530834348801636,0.22150415032524295,0.2727167612723573,0.02091969230769231,0.04678435632808256,1.9957148831182396,0.7679,0.0519,0.1566,0.1658,0.0131,0.0275,camera_pose_sim3,2.0955451009530313,0.5616466249727624,10000,10000,True,False,True,/content/cv3d-project/data/cache/reconstruction/predictions/02933112/190cb7264781df604da5feafe6f1c8fc/69549853f8349220faa9af94.npz,edb5a6559a2c9f8fc74e866eead8986da414685ffd11c185a570d2bda09420cf,/content/cv3d-project/data/cache/reconstruction/metrics/02933112/190cb7264781df604da5feafe6f1c8fc/fcd4442d700ad81c2922b8b0.json,12.491222999869933
02933112/190cb7264781df604da5feafe6f1c8fc,vggt,10,"[0, 25, 34, 41, 44, 37, 33, 30, 38, 31]",0.0403397939156667,0.10228258993815154,0.16422538596063638,0.5359955968761622,0.038310187110187105,0.10484612839179352,1.9957148831182396,0.9749,0.0698,0.2347,0.3696,0.0264,0.0675,camera_pose_sim3,2.1057760849069305,0.5106813133061211,10000,10000,True,False,True,/content/cv3d-project/data/cache/reconstruction/predictions/02933112/190cb7264781df604da5feafe6f1c8fc/e8638f9912fae59ed8aa5964.npz,54c7ee535f81430b2a801d2fa39a7d6f8877bdc808a03d9bc3fff912326344a1,/content/cv3d-project/data/cache/reconstruction/metrics/02933112/190cb7264781df604da5feafe6f1c8fc/c242a51b5672f2d13f8a189b.json,12.313107999943895
02933112/19127cb1f535bf2c62c9e7b595148d6a,vggt,1,[0],1.784439883331994,1.8690065276979524,1.9535731720639107,0.0,0.0,0.0,1.9829941927787484,0.0,0.0,0.0,0.0,0.0,0.0,camera_rotation_center_and_target_diameter_scale_single_view,6.6528139386216445,0.0,10000,10000,True,True,True,/content/cv3d-project/data/cache/reconstruction/predictions/02933112/19127cb1f535bf2c62c9e7b595148d6a/ff6bb8f105a6b2bfefcc3c71.npz,2afc18a63ccee9b6f5df43820b77ceb602807b7a9facc4296783133a8dcad6ad,/content/cv3d-project/data/cache/reconstruction/metrics/02933112/19127cb1f535bf2c62c9e7b595148d6a/31d9d585651d523bea5ddfba.json,3.8515190003636235
02933112/19127cb1f535bf2c62c9e7b595148d6a,vggt,2,"[0, 26]",0.4065941397872827,0.6112294776440874,0.8158648155008921,0.0,0.0,0.0,1.9829941927787484,0.0,0.0,0.0,0.0,0.0,0.0,camera_pose_sim3,0.42039214977921946,1.0224052331305642,10000,10000,True,False,True,/content/cv3d-project/data/cache/reconstruction/predictions/02933112/19127cb1f535bf2c62c9e7b595148d6a/44d0ec71e92479406b3d4178.npz,2d6aa6f889361601486062a99b97f1530feffd7fdc1a4dddf3bc87e02bda5eff,/content/cv3d-project/data/cache/reconstruction/metrics/02933112/19127cb1f535bf2c62c9e7b595148d6a/5f34a0eac1b2057c11d49c87.json,11.899447000359942
02933112/19127cb1f535bf2c62c9e7b595148d6a,vggt,3,"[0, 26, 18]",0.6369224310858741,0.8285450119088635,1.020167592731853,0.0,0.0,0.0,1.9829941927787484,0.0,0.0,0.0,0.0,0.0,0.0,camera_pose_sim3,0.18511694040977736,0.9622932820865906,10000,10000,True,False,True,/content/cv3d-project/data/cache/reconstruction/predictions/02933112/19127cb1f535bf2c62c9e7b595148d6a/a50e99dca68306bc4c7bef8c.npz,b143c107ce514deb30e1043b94c095f4958f2f9410448840d413f3df3bd02157,/content/cv3d-project/data/cache/reconstruction/metrics/02933112/19127cb1f535bf2c62c9e7b595148d6a/a4217b990cfa17c09eba6a89.json,11.606241000208684
02933112/19127cb1f535bf2c62c9e7b595148d6a,vggt,5,"[0, 26, 18, 34, 25]",0.07152741383510655,0.10982105677728761,0.14811469971946867,0.3239263215737993,0.015070524412296563,0.03342614173228347,1.9829941927787484,0.6991,0.0463,0.1072,0.2108,0.009,0.0198,camera_pose_sim3,2.8466901783982754,0.25903256343118053,10000,10000,True,False,True,/content/cv3d-project/data/cache/reconstruction/predictions/02933112/19127cb1f535bf2c62c9e7b595148d6a/d1a4a449360dd6af5594c4dd.npz,599e8286e401bbb34bc6ca5b0889243d34789e807af33d3a3ec6e5baaea761d9,/content/cv3d-project/data/cache/reconstruction/metrics/02933112/19127cb1f535bf2c62c9e7b595148d6a/21a00b3859beac6830f550a9.json,12.666213999636966
02933112/19127cb1f535bf2c62c9e7b595148d6a,vggt,10,"[0, 26, 18, 34, 25, 33, 41, 44, 36, 37]",0.2934870367076037,0.41344719111494305,0.5334073455222824,0.0,0.0,0.0,1.9829941927787484,0.0,0.0,0.0,0.0,0.0,0.0,camera_pose_sim3,1.1651283959346659,0.9963806289920861,10000,10000,True,False,True,/content/cv3d-project/data/cache/reconstruction/predictions/02933112/19127cb1f535bf2c62c9e7b595148d6a/24d3b76c6f7aea1c3f67b0f1.npz,0140e399407383b712662a96567dd754a9d352423ed8527353f4dc5f5675bcfd,/content/cv3d-project/data/cache/reconstruction/metrics/02933112/19127cb1f535bf2c62c9e7b595148d6a/8e99ebe9ebc95243802718eb.json,12.906500000099186
02933112/1919dec93dff59e0ed3ffec8035a48e8,vggt,1,[0],1.6728821451563127,1.748734801180055,1.8245874572037972,0.0,0.0,0.0,1.9985425162475865,0.0,0.0,0.0,0.0,0.0,0.0,camera_rotation_center_and_target_diameter_scale_single_view,6.409193731325192,0.0,10000,10000,True,True,True,/content/cv3d-project/data/cache/reconstruction/predictions/02933112/1919dec93dff59e0ed3ffec8035a48e8/b9bb4f6a5ac26e9377ebcb28.npz,f7d2998afa735b8ee54c3180505787b83e3b436632625b9d1ff413475cb303c8,/content/cv3d-project/data/cache/reconstruction/metrics/02933112/1919dec93dff59e0ed3ffec8035a48e8/aeaac5914eeb8e321f798c97.json,3.979912999966473
02933112/1919dec93dff59e0ed3ffec8035a48e8,vggt,2,"[0, 26]",0.2082418363574831,0.30373323836934885,0.3992246403812145,0.0,0.0,0.0,1.9985425162475865,0.0,0.0,0.0,0.0,0.0,0.0,camera_pose_sim3,1.5069659692521378,0.7786722888896027,10000,10000,True,False,True,/content/cv3d-project/data/cache/reconstruction/predictions/02933112/1919dec93dff59e0ed3ffec8035a48e8/474fe1def3b75e6e0b53bb8d.npz,8f934a4538d0724ef9dbfb766cb4ce5f812522ca2cfe1dbcab9acd07e87040b3,/content/cv3d-project/data/cache/reconstruction/metrics/02933112/1919dec93dff59e0ed3ffec8035a48e8/7c6b17166f810cb0eb37f9b0.json,12.00285899994924
02933112/1919dec93dff59e0ed3ffec8035a48e8,vggt,3,"[0, 26, 34]",0.17718024562156073,0.27983258998178934,0.38248493434201797,0.0,0.0,0.0,1.9985425162475865,0.0,0.0,0.0,0.0,0.0,0.0,camera_pose_sim3,1.2356222760989528,0.9925541883381984,10000,10000,True,False,True,/content/cv3d-project/data/cache/reconstruction/predictions/02933112/1919dec93dff59e0ed3ffec8035a48e8/358ca3bedd8d76387ab946ce.npz,72cd241d0dcc9c1f3cc1a73c8ae20878317d3e1bf3d167649c5388b91b0ea24d,/content/cv3d-project/data/cache/reconstruction/metrics/02933112/1919dec93dff59e0ed3ffec8035a48e8/65bf0c27ced27864a1cc073d.json,11.317539000174293
02933112/1919dec93dff59e0ed3ffec8035a48e8,vggt,5,"[0, 26, 34, 41, 46]",0.39684754378779424,0.4849881584201139,0.5731287730524336,0.0,0.0,0.0,1.9985425162475865,0.0,0.0,0.0,0.0,0.0,0.0,camera_pose_sim3,1.0306399543213278,1.0334667611312,10000,10000,True,False,True,/content/cv3d-project/data/cache/reconstruction/predictions/02933112/1919dec93dff59e0ed3ffec8035a48e8/c1ab5aabe20f962a9e2972c1.npz,84a6d0a7415019b9cecc6b9b16b7114bccbbab70a106ba5833a0f5dbcac1b4df,/content/cv3d-project/data/cache/reconstruction/metrics/02933112/1919dec93dff59e0ed3ffec8035a48e8/2decdba07c766e8279d9bca2.json,12.19488700007787
02933112/1919dec93dff59e0ed3ffec8035a48e8,vggt,10,"[0, 26, 34, 41, 46, 18, 25, 33, 45, 39]",0.5030461175774196,0.5928179888000449,0.6825898600226701,0.0,0.0,0.0,1.9985425162475865,0.0,0.0,0.0,0.0,0.0,0.0,camera_pose_sim3,0.9011733991622691,0.9849183567447064,10000,10000,True,False,True,/content/cv3d-project/data/cache/reconstruction/predictions/02933112/1919dec93dff59e0ed3ffec8035a48e8/2fa0629042afcf26e36bd6a8.npz,835532a8c8b4ced3d0564d9acc20e1860e0de0c43b25eb66a4a84ceb8bd4ec0d,/content/cv3d-project/data/cache/reconstruction/metrics/02933112/1919dec93dff59e0ed3ffec8035a48e8/ef9bf7b12b951d2175a48cbe.json,12.28053299973908
02933112/192caea21a57389265dbe89d2f371f01,vggt,1,[0],0.8965910109538581,0.9734781364345348,1.0503652619152115,0.0,0.0,0.0,1.998669079365581,0.0,0.0,0.0,0.0,0.0,0.0,camera_rotation_center_and_target_diameter_scale_single_view,4.866120417748174,0.0,10000,10000,True,True,True,/content/cv3d-project/data/cache/reconstruction/predictions/02933112/192caea21a57389265dbe89d2f371f01/2d0ce01700e19ee739281ef3.npz,d368456346569925243233560d63b08d5c9f8d5b8dcaf4f80efe5d4beb85ed3a,/content/cv3d-project/data/cache/reconstruction/metrics/02933112/192caea21a57389265dbe89d2f371f01/c25b4a4909f82eff020c4000.json,3.925084999991668
02933112/192caea21a57389265dbe89d2f371f01,vggt,2,"[0, 37]",0.6655459126780122,0.7966903571152948,0.9278348015525775,0.0,0.0,0.0,1.998669079365581,0.0,0.0,0.0,0.0,0.0,0.0,camera_pose_sim3,2.1232616033840186,0.675490155618913,10000,10000,True,False,True,/content/cv3d-project/data/cache/reconstruction/predictions/02933112/192caea21a57389265dbe89d2f371f01/2826caed36abe284f2045b65.npz,b5519255a5f4bf8500a9f78117e0f16eb0b22915f88511d058814e985b88a248,/content/cv3d-project/data/cache/reconstruction/metrics/02933112/192caea21a57389265dbe89d2f371f01/c16f84d3c4229699d7a0a1bf.json,12.584894000156055
02933112/192caea21a57389265dbe89d2f371f01,vggt,3,"[0, 37, 30]",0.38336862005962874,0.5504219964578334,0.7174753728560381,0.0,0.0,0.0,1.998669079365581,0.0,0.0,0.0,0.0,0.0,0.0,camera_pose_sim3,1.4589299664391915,0.6818527132089756,10000,10000,True,False,True,/content/cv3d-project/data/cache/reconstruction/predictions/02933112/192caea21a57389265dbe89d2f371f01/e40ba3e30628280dd037ce34.npz,3aebd4b405f9af809ac7f559abd17eb0aa6662e6c3e99065af0a4699bfd779e6,/content/cv3d-project/data/cache/reconstruction/metrics/02933112/192caea21a57389265dbe89d2f371f01/c514b92e1ba91902400db3f0.json,12.028964000364795
02933112/192caea21a57389265dbe89d2f371f01,vggt,5,"[0, 37, 30, 38, 31]",0.48970904300305984,0.6404966933200406,0.7912843436370213,0.0,0.0,0.0,1.998669079365581,0.0,0.0,0.0,0.0,0.0,0.0,camera_pose_sim3,1.1485963949415838,0.7786858076942018,10000,10000,True,False,True,/content/cv3d-project/data/cache/reconstruction/predictions/02933112/192caea21a57389265dbe89d2f371f01/612ceb24ffd23a8409f63c5e.npz,6776714c1bcbff7580af70622ca9588efa8ca839c02cc56b9a75a68183bb7267,/content/cv3d-project/data/cache/reconstruction/metrics/02933112/192caea21a57389265dbe89d2f371f01/61ce0400ab2351a25e6a8fd7.json,11.985796999852028
02933112/192caea21a57389265dbe89d2f371f01,vggt,10,"[0, 37, 30, 38, 31, 23, 16, 24, 33, 41]",0.20318333535619876,0.3493595465797452,0.49553575780329173,0.06269316770186337,0.005333333333333333,0.011180124223602485,1.998669079365581,0.1364,0.0112,0.025,0.0407,0.0035,0.0072,camera_pose_sim3,2.044528846312823,0.5473512401519247,10000,10000,True,False,True,/content/cv3d-project/data/cache/reconstruction/predictions/02933112/192caea21a57389265dbe89d2f371f01/046b0e3d8c4d3a1620835184.npz,86a05741a11139d82e1b633a354183daca1e2b85100e0668687ff6eb3ad0a6b4,/content/cv3d-project/data/cache/reconstruction/metrics/02933112/192caea21a57389265dbe89d2f371f01/ced95d2f554c2ae645983984.json,12.303661999794713
02933112/19492e2263ea82e4da5feafe6f1c8fc,vggt,1,[0],1.3698657574004072,1.4932962641754812,1.6167267709505553,0.0,0.0,0.0,1.990519434948425,0.0,0.0,0.0,0.0,0.0,0.0,camera_rotation_center_and_target_diameter_scale_single_view,6.000532925043731,0.0,10000,10000,True,True,True,/content/cv3d-project/data/cache/reconstruction/predictions/02933112/19492e2263ea82e4da5feafe6f1c8fc/ab237b12325af9d23e18243b.npz,4abb09bbd35e2078f65083678e28efa4a79ae693548ff83e208411da739e6a3a,/content/cv3d-project/data/cache/reconstruction/metrics/02933112/19492e2263ea82e4da5feafe6f1c8fc/185731b9d8aba229b0d04f6f.json,3.785593999964476
02933112/19492e2263ea82e4da5feafe6f1c8fc,vggt,2,"[0, 25]",0.6487415193383301,0.8366042725374023,1.0244670257364745,0.0,0.0,0.0,1.990519434948425,0.0,0.0,0.0,0.0,0.0,0.0,camera_pose_sim3,1.940990424362539,0.4317479633496985,10000,10000,True,False,True,/content/cv3d-project/data/cache/reconstruction/predictions/02933112/19492e2263ea82e4da5feafe6f1c8fc/e5bd2a0bc43e365e617cc6d8.npz,ee2d358aa99423f76a53ee0d90378994d2a22e90772e378b6e606dba629c13f0,/content/cv3d-project/data/cache/reconstruction/metrics/02933112/19492e2263ea82e4da5feafe6f1c8fc/69ecd8aee649fb73b855e7bb.json,11.854268000206503
02933112/19492e2263ea82e4da5feafe6f1c8fc,vggt,3,"[0, 25, 33]",0.11987606991867113,0.3148779218247212,0.5098797737307712,0.0027855243722304285,0.0,0.0,1.990519434948425,0.2694,0.0,0.0,0.0014,0.0,0.0,camera_pose_sim3,0.4863937567839614,1.113485503098388,10000,10000,True,False,True,/content/cv3d-project/data/cache/reconstruction/predictions/02933112/19492e2263ea82e4da5feafe6f1c8fc/1cb825a6935cb76b22205084.npz,5504e17a7aac7aa05f125e1c5a70c04a93a994c3150b49b01f2e80cc207c0dad,/content/cv3d-project/data/cache/reconstruction/metrics/02933112/19492e2263ea82e4da5feafe6f1c8fc/876e4133e3063f5fdeb0034f.json,12.54226999981256
02933112/19492e2263ea82e4da5feafe6f1c8fc,vggt,5,"[0, 25, 33, 40, 32]",0.036128577463762794,0.23647507485160293,0.43682157223944307,0.07655318330448163,0.0037086075949367093,0.009433706243233487,1.990519434948425,1.0,0.0771,0.2723,0.0398,0.0019,0.0048,camera_pose_sim3,0.84904232318716,0.965756242667707,10000,10000,True,False,True,/content/cv3d-project/data/cache/reconstruction/predictions/02933112/19492e2263ea82e4da5feafe6f1c8fc/8186807c2ad4943a0a491de5.npz,9ba31fd33910ce3ea5546a1933780fad15e63a75e4e642d207146d109f42de93,/content/cv3d-project/data/cache/reconstruction/metrics/02933112/19492e2263ea82e4da5feafe6f1c8fc/b1c549082e9a339279becc20.json,12.477995000153896
02933112/19492e2263ea82e4da5feafe6f1c8fc,vggt,10,"[0, 25, 33, 40, 32, 18, 24, 44, 37, 5]",0.14102345216285891,0.32351709354275354,0.5060107349226481,0.015761132561132558,0.0,0.0,1.990519434948425,0.0688,0.0,0.0,0.0089,0.0,0.0,camera_pose_sim3,1.0123878167738256,1.1931142985050314,10000,10000,True,False,True,/content/cv3d-project/data/cache/reconstruction/predictions/02933112/19492e2263ea82e4da5feafe6f1c8fc/27af27a2aa650b475a43a681.npz,c63f01c37060a75b2ce9a7209fa834a05273bcc3cd1a53ab1504195ab6b44523,/content/cv3d-project/data/cache/reconstruction/metrics/02933112/19492e2263ea82e4da5feafe6f1c8fc/b7931a96cfe056185d9f0868.json,12.711201000001893
02933112/195b0fd745df898d86d53ab0fe94e911,vggt,1,[0],1.196786969556809,1.3226430573680337,1.4484991451792584,0.0,0.0,0.0,1.9938359227072775,0.0,0.0,0.0,0.0,0.0,0.0,camera_rotation_center_and_target_diameter_scale_single_view,5.6785364154762945,0.0,10000,10000,True,True,True,/content/cv3d-project/data/cache/reconstruction/predictions/02933112/195b0fd745df898d86d53ab0fe94e911/ea621c63ef5b48820749a170.npz,87e52fe9705f8318e11f6e8bb1c3af69821d784f88c7d250cd39e19afb34f1ee,/content/cv3d-project/data/cache/reconstruction/metrics/02933112/195b0fd745df898d86d53ab0fe94e911/1715aace0da14835a5d93799.json,3.7543460002780193
02933112/195b0fd745df898d86d53ab0fe94e911,vggt,2,"[0, 25]",0.04273509965738822,0.26545994193162104,0.4881847842058538,0.03729146221786065,0.0,0.000992,1.9938359227072775,1.0,0.0,0.062,0.019,0.0,0.0005,camera_pose_sim3,1.1033334647077198,0.9880249207351314,10000,10000,True,False,True,/content/cv3d-project/data/cache/reconstruction/predictions/02933112/195b0fd745df898d86d53ab0fe94e911/534efca5d8b18df407a28600.npz,19769e0f7095f6e6dd3a2b774e465f88a1cbc2fca5a777ba83c39f8412557468,/content/cv3d-project/data/cache/reconstruction/metrics/02933112/195b0fd745df898d86d53ab0fe94e911/eea785142cb8f6ca00fb3d14.json,11.866193000059866
02933112/195b0fd745df898d86d53ab0fe94e911,vggt,3,"[0, 25, 33]",0.16649873980969715,0.2901748938298983,0.41385104785009946,0.0937052008238929,0.0041543147208121835,0.009933793103448276,1.9938359227072775,0.3339,0.0372,0.1108,0.0545,0.0022,0.0052,camera_pose_sim3,1.8367165165410806,0.6943863785873126,10000,10000,True,False,True,/content/cv3d-project/data/cache/reconstruction/predictions/02933112/195b0fd745df898d86d53ab0fe94e911/0b377f84a0c8c6bd39034b5f.npz,c856c56ef8b3b2b68d7ecae98e6307d7b8603b2b28fb2665b6b5be21b0087abe,/content/cv3d-project/data/cache/reconstruction/metrics/02933112/195b0fd745df898d86d53ab0fe94e911/e5756ff1c243d7f0b79ca696.json,11.720709000201168
02933112/195b0fd745df898d86d53ab0fe94e911,vggt,5,"[0, 25, 33, 41, 34]",0.09981977843686257,0.167999434140904,0.23617908984494543,0.2916106818771066,0.010492307692307693,0.025179856115107913,1.9938359227072775,0.5762,0.0341,0.125,0.1952,0.0062,0.014,camera_pose_sim3,1.9968685585083132,0.6415997805670628,10000,10000,True,False,True,/content/cv3d-project/data/cache/reconstruction/predictions/02933112/195b0fd745df898d86d53ab0fe94e911/cc3cb9cd178e19a9868ec9f6.npz,a71934e77c084533ddfab69b1b7bffa9ffad505242f0386760203b3c716ec75e,/content/cv3d-project/data/cache/reconstruction/metrics/02933112/195b0fd745df898d86d53ab0fe94e911/ad8aa102c6e77fda4d7717a9.json,11.641557000075409
02933112/195b0fd745df898d86d53ab0fe94e911,vggt,10,"[0, 25, 33, 41, 34, 16, 23, 44, 37, 30]",0.05347985552978528,0.2099546471711173,0.3664294388124493,0.09925860746720484,0.006188865979381444,0.01075925189017111,1.9938359227072775,0.9386,0.0938,0.2458,0.0524,0.0032,0.0055,camera_pose_sim3,0.7512308305179899,1.2379992056502724,10000,10000,True,False,True,/content/cv3d-project/data/cache/reconstruction/predictions/02933112/195b0fd745df898d86d53ab0fe94e911/a414e0466d91e6e95eb5e25b.npz,2eaf27195e33a077e570a408e808571e8cd3dca9d0e67641eeba65809c488a26,/content/cv3d-project/data/cache/reconstruction/metrics/02933112/195b0fd745df898d86d53ab0fe94e911/02adf6abb4b7d1d13e89e0b0.json,12.803246999737894
02933112/1971024c0cac65a824662341ce2b233,vggt,1,[0],2.4262765843253367,2.4895365201026456,2.5527964558799545,0.0,0.0,0.0,1.9999932034391417,0.0,0.0,0.0,0.0,0.0,0.0,camera_rotation_center_and_target_diameter_scale_single_view,7.827990645632404,0.0,10000,10000,True,True,True,/content/cv3d-project/data/cache/reconstruction/predictions/02933112/1971024c0cac65a824662341ce2b233/4821abb125ba95bdd64465cb.npz,1489d50c56afb605c9607dc3d6b67948d66e19b122491f51c769f8d5e3000de8,/content/cv3d-project/data/cache/reconstruction/metrics/02933112/1971024c0cac65a824662341ce2b233/e42a44ec0c26995480d857f0.json,3.881836000346084
02933112/1971024c0cac65a824662341ce2b233,vggt,2,"[0, 36]",0.94802218975057,1.1322869691760749,1.3165517486015799,0.0,0.0,0.0,1.9999932034391417,0.0,0.0,0.0,0.0,0.0,0.0,camera_pose_sim3,1.5143538004541068,0.922656725683064,10000,10000,True,False,True,/content/cv3d-project/data/cache/reconstruction/predictions/02933112/1971024c0cac65a824662341ce2b233/eef4ad827c4dca73dcfbb3b4.npz,8a120d8fff875156e80fda0d747ad929a5ece281923cf36cbc3a7d4e6be5184b,/content/cv3d-project/data/cache/reconstruction/metrics/02933112/1971024c0cac65a824662341ce2b233/a6413ff3adf131e7cd6316f8.json,12.052312999912829
02933112/1971024c0cac65a824662341ce2b233,vggt,3,"[0, 36, 28]",0.2357110046597076,0.4565610009565947,0.6774109972534818,0.0,0.0,0.0,1.9999932034391417,0.0,0.0,0.0,0.0,0.0,0.0,camera_pose_sim3,1.6361129411048878,0.8474011369910814,10000,10000,True,False,True,/content/cv3d-project/data/cache/reconstruction/predictions/02933112/1971024c0cac65a824662341ce2b233/f6bfc251d923a3a4a881188e.npz,c45958ebbaa18958d6059e8f178acfed3aedb961bd9cbb35550bd78e260228b7,/content/cv3d-project/data/cache/reconstruction/metrics/02933112/1971024c0cac65a824662341ce2b233/34b20ad68be449d6a749a254.json,11.53305600018939
02933112/1971024c0cac65a824662341ce2b233,vggt,5,"[0, 36, 28, 27, 34]",0.2107487628199776,0.39569224774081024,0.5806357326616429,0.0,0.0,0.0,1.9999932034391417,0.0,0.0,0.0,0.0,0.0,0.0,camera_pose_sim3,0.9204111347039671,0.9426783192580924,10000,10000,True,False,True,/content/cv3d-project/data/cache/reconstruction/predictions/02933112/1971024c0cac65a824662341ce2b233/1ac85ca95d06eead3187c92a.npz,579c4007ffe46f8e43e26d1d142bf5f2f9963a8ed2aef48974e88566523cd315,/content/cv3d-project/data/cache/reconstruction/metrics/02933112/1971024c0cac65a824662341ce2b233/6b053b665e8f9037c0fee756.json,11.878791000071942
02933112/1971024c0cac65a824662341ce2b233,vggt,10,"[0, 36, 28, 27, 34, 25, 41, 33, 44, 19]",0.11071718856065806,0.295819658235833,0.4809221279110079,0.032011024115252106,0.0,0.0,1.9999932034391417,0.3024,0.0,0.0,0.0169,0.0,0.0,camera_pose_sim3,1.025917997221077,1.0845579216966172,10000,10000,True,False,True,/content/cv3d-project/data/cache/reconstruction/predictions/02933112/1971024c0cac65a824662341ce2b233/9e5bc9231e9f7f8ec0cd6242.npz,dfe1d1ac74dc8a1ebbbbc7b5ccff432aa7a3ee022fef12df1867c795cb4a6b6a,/content/cv3d-project/data/cache/reconstruction/metrics/02933112/1971024c0cac65a824662341ce2b233/5f08e501c8c14489768cb137.json,12.836315999720682
02958343/100c3076c74ee1874eb766e5a46fceab,vggt,1,[0],2.519336041045875,2.697252370137778,2.8751686992296803,0.0,0.0,0.0,1.918978166777995,0.0,0.0,0.0,0.0,0.0,0.0,camera_rotation_center_and_target_diameter_scale_single_view,8.449121155969024,0.0,10000,10000,True,True,True,/content/cv3d-project/data/cache/reconstruction/predictions/02958343/100c3076c74ee1874eb766e5a46fceab/614507460a22d6dd42c085c4.npz,c662775c93cf10421547a7df14f370c9d521267096a7cef9f036f56acf04f6b9,/content/cv3d-project/data/cache/reconstruction/metrics/02958343/100c3076c74ee1874eb766e5a46fceab/3294b1ab35109787ca6efd67.json,3.89092100022026
02958343/100c3076c74ee1874eb766e5a46fceab,vggt,2,"[0, 4]",0.1651690987000503,0.36663000402319956,0.5680909093463489,0.0018666666666666666,0.0,0.0,1.918978166777995,0.014,0.0,0.0,0.001,0.0,0.0,camera_pose_sim3,1.6442074268238869,0.02469484612489508,10000,10000,True,False,True,/content/cv3d-project/data/cache/reconstruction/predictions/02958343/100c3076c74ee1874eb766e5a46fceab/f1b1cca551ba517d710391e0.npz,01d6a104ca555a74d8364fdba654802ffb382728cf378318f770e626abe25922,/content/cv3d-project/data/cache/reconstruction/metrics/02958343/100c3076c74ee1874eb766e5a46fceab/6e77b2977ad12a64e12e677e.json,12.331189999713388
02958343/100c3076c74ee1874eb766e5a46fceab,vggt,3,"[0, 4, 25]",0.06767250270517569,0.14901616101594634,0.230359819326717,0.18735607301661597,0.009487524752475248,0.024704659949622166,1.918978166777995,0.7475,0.0452,0.1453,0.1071,0.0053,0.0135,camera_pose_sim3,2.8373990915100062,0.26516910704977065,10000,10000,True,False,True,/content/cv3d-project/data/cache/reconstruction/predictions/02958343/100c3076c74ee1874eb766e5a46fceab/8d21ff0be79c67384d11fc6c.npz,cd72047d4769552f8b4788781554878b7908dda492fbc2357540eb6c521b09f5,/content/cv3d-project/data/cache/reconstruction/metrics/02958343/100c3076c74ee1874eb766e5a46fceab/5f571223752bb6a0be355d36.json,11.927302000003692
02958343/100c3076c74ee1874eb766e5a46fceab,vggt,5,"[0, 4, 25, 33, 44]",0.05428578857711339,0.13445594185597393,0.21462609513483447,0.3801218060903045,0.020683701657458562,0.05322895125553915,1.918978166777995,0.902,0.0599,0.1716,0.2408,0.0125,0.0315,camera_pose_sim3,2.4130283307753526,0.45273364896641694,10000,10000,True,False,True,/content/cv3d-project/data/cache/reconstruction/predictions/02958343/100c3076c74ee1874eb766e5a46fceab/8063d6f0cf65ecd8397d8935.npz,be8f6c237de56700dc57080e947475dfeb89cc74cf5f4ea970c7429658732831,/content/cv3d-project/data/cache/reconstruction/metrics/02958343/100c3076c74ee1874eb766e5a46fceab/3f895e9af1cf6c596b8a0a52.json,11.862996000218118
02958343/100c3076c74ee1874eb766e5a46fceab,vggt,10,"[0, 4, 25, 33, 44, 37, 40, 30, 22, 32]",0.02903071778809893,0.08155628278989636,0.1340818477916938,0.6464537087168382,0.09043573707721761,0.1908502702702703,1.918978166777995,1.0,0.2586,0.5117,0.4776,0.0548,0.1173,camera_pose_sim3,2.2413324536551738,0.5332798099047666,10000,10000,True,False,True,/content/cv3d-project/data/cache/reconstruction/predictions/02958343/100c3076c74ee1874eb766e5a46fceab/1416123742d161453ee855ee.npz,89a3da611b5c91249d5373fb62cb9703ac4ea371fb630ad746108ab1adb8e06f,/content/cv3d-project/data/cache/reconstruction/metrics/02958343/100c3076c74ee1874eb766e5a46fceab/c059f9b85e0e37ee810a53cc.json,12.78064500002074
02958343/10716a366de708b8fac96522b26f7fd,vggt,1,[0],3.203219838095393,3.4103249888405545,3.6174301395857165,0.0,0.0,0.0,1.9925035000201392,0.0,0.0,0.0,0.0,0.0,0.0,camera_rotation_center_and_target_diameter_scale_single_view,10.129988517436937,0.0,10000,10000,True,True,True,/content/cv3d-project/data/cache/reconstruction/predictions/02958343/10716a366de708b8fac96522b26f7fd/86634f35d75672ba88634122.npz,6db5b8a564e558175dac3ff29168db6dc4f5275d27f97c15c67d7116612843dd,/content/cv3d-project/data/cache/reconstruction/metrics/02958343/10716a366de708b8fac96522b26f7fd/41779e8bfbf8d4cffbc37e68.json,3.875773999880039
02958343/10716a366de708b8fac96522b26f7fd,vggt,2,"[0, 26]",0.14046494161514922,0.22947540023151028,0.31848585884787134,0.0252,0.0,0.0,1.9925035000201392,0.0714,0.0,0.0,0.0153,0.0,0.0,camera_pose_sim3,1.8096095988690122,0.8056956328271541,10000,10000,True,False,True,/content/cv3d-project/data/cache/reconstruction/predictions/02958343/10716a366de708b8fac96522b26f7fd/d6a838b00957720abb69e267.npz,f8a211fd92c502bb37286780b792eb5a73270aa1c95706141f8ddf42110cb870,/content/cv3d-project/data/cache/reconstruction/metrics/02958343/10716a366de708b8fac96522b26f7fd/91f5e62288f43bcc426c0621.json,12.409839000156353
02958343/10716a366de708b8fac96522b26f7fd,vggt,3,"[0, 26, 18]",0.02927809783992705,0.1172986181543786,0.20531913846883015,0.2442278992186814,0.019642241379310345,0.039086963562753034,1.9925035000201392,1.0,0.1519,0.3498,0.1391,0.0105,0.0207,camera_pose_sim3,2.114919948015168,0.5452447139036456,10000,10000,True,False,True,/content/cv3d-project/data/cache/reconstruction/predictions/02958343/10716a366de708b8fac96522b26f7fd/be13795e353f6693be94e443.npz,b5c9b029076f2742675a2e79f937c69d651a0670dbd5deb04036a105436af022,/content/cv3d-project/data/cache/reconstruction/metrics/02958343/10716a366de708b8fac96522b26f7fd/c434637aedb5f5bfa23ffbfd.json,12.456268999812892
02958343/10716a366de708b8fac96522b26f7fd,vggt,5,"[0, 26, 18, 16, 24]",0.04534641988098829,0.09680445335096843,0.14826248682094859,0.445998445998446,0.0,0.00023999999999999998,1.9925035000201392,1.0,0.0,0.0003,0.287,0.0,0.0002,camera_pose_sim3,2.1681550412048898,0.19274639118053757,10000,10000,True,False,True,/content/cv3d-project/data/cache/reconstruction/predictions/02958343/10716a366de708b8fac96522b26f7fd/50fda4893f98beb45f7f5785.npz,3ed35f0fa249bfaaefca51045a416e08783111baf235b598864e0ba6b46f4a6d,/content/cv3d-project/data/cache/reconstruction/metrics/02958343/10716a366de708b8fac96522b26f7fd/99b992fb4177fafe5041a4ee.json,12.402833000123792
02958343/10716a366de708b8fac96522b26f7fd,vggt,10,"[0, 26, 18, 16, 24, 35, 9, 17, 25, 39]",0.06541926584225402,0.10280068317000608,0.14018210049775814,0.4817429590829728,0.010245210727969349,0.02774431818181818,1.9925035000201392,1.0,0.0191,0.0514,0.3173,0.007,0.019,camera_pose_sim3,2.1229772717176156,0.22437491367843104,10000,10000,True,False,True,/content/cv3d-project/data/cache/reconstruction/predictions/02958343/10716a366de708b8fac96522b26f7fd/9eb7f5c547311fec59aa00f6.npz,4191564dae367075c403d54be65a68ff0870e9db38da08033d7c01be9ada74e0,/content/cv3d-project/data/cache/reconstruction/metrics/02958343/10716a366de708b8fac96522b26f7fd/e179804de95bc8dec03921f3.json,12.767393000103766
02958343/1089cbe82dc0e72133d7c9e122eec9b6,vggt,1,[0],3.9427182701007246,4.160488241737564,4.378258213374404,0.0,0.0,0.0,1.9859261898057505,0.0,0.0,0.0,0.0,0.0,0.0,camera_rotation_center_and_target_diameter_scale_single_view,11.573676730559047,0.0,10000,10000,True,True,True,/content/cv3d-project/data/cache/reconstruction/predictions/02958343/1089cbe82dc0e72133d7c9e122eec9b6/f0792ff605fa264bf483b1e9.npz,40151b51afcef895500e026e4846144c587b08fc1a91c9cd58494b53debecae1,/content/cv3d-project/data/cache/reconstruction/metrics/02958343/1089cbe82dc0e72133d7c9e122eec9b6/ba87bc98766f67bfaadd83cf.json,4.373509999823
02958343/1089cbe82dc0e72133d7c9e122eec9b6,vggt,2,"[0, 5]",0.49883600578379844,0.6870691575209215,0.8753023092580444,0.0,0.0,0.0,1.9859261898057505,0.0,0.0,0.0,0.0,0.0,0.0,camera_pose_sim3,1.0497553077337618,0.012557805096024915,10000,10000,True,False,True,/content/cv3d-project/data/cache/reconstruction/predictions/02958343/1089cbe82dc0e72133d7c9e122eec9b6/7e96d886baa1e9b919cc3c97.npz,814a5f92f4e489e31b941878f5e85ead31dbbe56423872daa01c23776bd6eb98,/content/cv3d-project/data/cache/reconstruction/metrics/02958343/1089cbe82dc0e72133d7c9e122eec9b6/1ed49caa39f117ce85b34429.json,11.617482000019663
02958343/1089cbe82dc0e72133d7c9e122eec9b6,vggt,3,"[0, 5, 17]",0.06940710877349658,0.09479612333665416,0.12018513789981175,0.6166288939995819,0.0006545454545454545,0.005832394366197183,1.9859261898057505,0.9864,0.0018,0.0101,0.4485,0.0004,0.0041,camera_pose_sim3,2.532928584408872,0.08504474495825415,10000,10000,True,False,True,/content/cv3d-project/data/cache/reconstruction/predictions/02958343/1089cbe82dc0e72133d7c9e122eec9b6/bd0d01e87cd09f3ed4d795c9.npz,37799337c53b016e0d5207d964a9ce7149a925e82a986dcc324b8bd6149b1b60,/content/cv3d-project/data/cache/reconstruction/metrics/02958343/1089cbe82dc0e72133d7c9e122eec9b6/3a28f5af2682b5fd7f41ccad.json,12.269913000181987
02958343/1089cbe82dc0e72133d7c9e122eec9b6,vggt,5,"[0, 5, 17, 25, 45]",0.040698729686281784,0.10303969430961116,0.16538065893294052,0.6064978620982585,0.05427536842105264,0.11676546901374488,1.9859261898057505,0.9718,0.1572,0.3444,0.4408,0.0328,0.0703,camera_pose_sim3,2.682477789277182,0.2541252379656503,10000,10000,True,False,True,/content/cv3d-project/data/cache/reconstruction/predictions/02958343/1089cbe82dc0e72133d7c9e122eec9b6/f1b0ad8a39b03bf44575cb9b.npz,7bf00e424025939c17f17cce2c38cc0cfd8bf13dbff69d7191c3abb72a7ff926,/content/cv3d-project/data/cache/reconstruction/metrics/02958343/1089cbe82dc0e72133d7c9e122eec9b6/5c979d533f8df0f516da2df8.json,12.348916000064492
02958343/1089cbe82dc0e72133d7c9e122eec9b6,vggt,10,"[0, 5, 17, 25, 45, 38, 31, 8, 34, 42]",0.045950886416336365,0.06867345067203745,0.09139601492773854,0.7980046877817177,0.048005053695514846,0.08357273652085453,1.9859261898057505,1.0,0.1288,0.2445,0.6639,0.0295,0.0504,camera_pose_sim3,2.4248671730947393,0.14581819425159134,10000,10000,True,False,True,/content/cv3d-project/data/cache/reconstruction/predictions/02958343/1089cbe82dc0e72133d7c9e122eec9b6/77881af84eb904da32ee6fc8.npz,967e04ad54d686339b6ed85f498115bc38ba147d4f987610bdc961afb947c24b,/content/cv3d-project/data/cache/reconstruction/metrics/02958343/1089cbe82dc0e72133d7c9e122eec9b6/c7b032d9da416e19eb4d5096.json,12.815413999760494
02958343/109567d7d55b8fe515a520abec2f04dd,vggt,1,[0],2.7688731414775747,2.960597699789005,3.152322258100435,0.0,0.0,0.0,1.9655212008359861,0.0,0.0,0.0,0.0,0.0,0.0,camera_rotation_center_and_target_diameter_scale_single_view,9.102606880537817,0.0,10000,10000,True,True,True,/content/cv3d-project/data/cache/reconstruction/predictions/02958343/109567d7d55b8fe515a520abec2f04dd/b048a6cbd2e35d9ff362f18b.npz,fcff5deee95a81adf0553cdf1aca319a10a4d6efd461f8158a9890e6e8446654,/content/cv3d-project/data/cache/reconstruction/metrics/02958343/109567d7d55b8fe515a520abec2f04dd/884b2d531b69e048a92bc197.json,3.9514149998467474
02958343/109567d7d55b8fe515a520abec2f04dd,vggt,2,"[0, 5]",0.946361500861078,1.141610503997697,1.3368595071343161,0.0,0.0,0.0,1.9655212008359861,0.0,0.0,0.0,0.0,0.0,0.0,camera_pose_sim3,0.7144716786649067,0.06433674594410238,10000,10000,True,False,True,/content/cv3d-project/data/cache/reconstruction/predictions/02958343/109567d7d55b8fe515a520abec2f04dd/2663c8bbf13850b037ff1325.npz,57b2e508bbe503090d6fae7f561d5c0acbabcabd65015abf8a39cb7b45fee53b,/content/cv3d-project/data/cache/reconstruction/metrics/02958343/109567d7d55b8fe515a520abec2f04dd/6af0a28904e53322f9db7806.json,11.919092999960412
02958343/109567d7d55b8fe515a520abec2f04dd,vggt,3,"[0, 5, 23]",0.8971906708248415,1.001860089454242,1.1065295080836424,0.0,0.0,0.0,1.9655212008359861,0.0,0.0,0.0,0.0,0.0,0.0,camera_pose_sim3,1.2848192167793746,0.7117977168346289,10000,10000,True,False,True,/content/cv3d-project/data/cache/reconstruction/predictions/02958343/109567d7d55b8fe515a520abec2f04dd/078ee0589b2b5b657d496018.npz,3f9380ed9a046d4273c16caf99f87636c4ddadaf24eb76242965b2b45c8c58bc,/content/cv3d-project/data/cache/reconstruction/metrics/02958343/109567d7d55b8fe515a520abec2f04dd/f90c5b8098e9683d35ec8d66.json,11.373842000011791
02958343/109567d7d55b8fe515a520abec2f04dd,vggt,5,"[0, 5, 23, 16, 24]",0.34712733854650046,0.47882161494214487,0.6105158913377893,0.0,0.0,0.0,1.9655212008359861,0.0,0.0,0.0,0.0,0.0,0.0,camera_pose_sim3,0.7626511528626253,1.0509917733644332,10000,10000,True,False,True,/content/cv3d-project/data/cache/reconstruction/predictions/02958343/109567d7d55b8fe515a520abec2f04dd/aa22eb60ddd05886b90f5ff6.npz,66353adb1987073a590710ccda552e697f293eb49ea8fef5b6263f32dd74bf36,/content/cv3d-project/data/cache/reconstruction/metrics/02958343/109567d7d55b8fe515a520abec2f04dd/ec59c81e05845f252c33e514.json,12.164633999873331
02958343/109567d7d55b8fe515a520abec2f04dd,vggt,10,"[0, 5, 23, 16, 24, 31, 17, 25, 33, 38]",0.4462941751616093,0.5051403373813688,0.5639864996011282,0.0,0.0,0.0,1.9655212008359861,0.0,0.0,0.0,0.0,0.0,0.0,camera_pose_sim3,2.1259143972800536,0.6212648029188604,10000,10000,True,False,True,/content/cv3d-project/data/cache/reconstruction/predictions/02958343/109567d7d55b8fe515a520abec2f04dd/b9dc0784739069b845f9124b.npz,6a87887ae204600f17cefe7cd98158abe6c27a35faaadcaf486a33b598005d1c,/content/cv3d-project/data/cache/reconstruction/metrics/02958343/109567d7d55b8fe515a520abec2f04dd/fcd16da722e5e6abb194d462.json,12.111719000131416
02958343/10e99b1475098c0aaa69dfdc5532bb13,vggt,1,[0],2.7916906500365046,3.010179785410431,3.2286689207843575,0.0,0.0,0.0,1.9398972974340896,0.0,0.0,0.0,0.0,0.0,0.0,camera_rotation_center_and_target_diameter_scale_single_view,9.101069338559885,0.0,10000,10000,True,True,True,/content/cv3d-project/data/cache/reconstruction/predictions/02958343/10e99b1475098c0aaa69dfdc5532bb13/9ad256ad46cbe48c42dc5099.npz,ae25c32eb0840dbb37402208ce670fb5abf6da54728a1b67012d8dd5d0e09a3e,/content/cv3d-project/data/cache/reconstruction/metrics/02958343/10e99b1475098c0aaa69dfdc5532bb13/c2b27d888a099afc018e1ba2.json,3.9514710001640196
02958343/10e99b1475098c0aaa69dfdc5532bb13,vggt,2,"[0, 26]",0.141932701911075,0.27482797792143454,0.40772325393179404,0.0,0.0,0.0,1.9398972974340896,0.0,0.0,0.0,0.0,0.0,0.0,camera_pose_sim3,0.8445289216182944,1.0251186010945308,10000,10000,True,False,True,/content/cv3d-project/data/cache/reconstruction/predictions/02958343/10e99b1475098c0aaa69dfdc5532bb13/05aca7f2abba31308d3e4ee8.npz,0b4c82a0a33c1f020c69e193a3b4e4b772a4b7a0e2d7995a2f0614798119b110,/content/cv3d-project/data/cache/reconstruction/metrics/02958343/10e99b1475098c0aaa69dfdc5532bb13/ac5978b7843a93545ec31239.json,12.275233999844204
02958343/10e99b1475098c0aaa69dfdc5532bb13,vggt,3,"[0, 26, 18]",0.2427362980905896,0.29455182267790386,0.3463673472652181,0.013796229260935143,0.0,0.0,1.9398972974340896,0.1253,0.0,0.0,0.0073,0.0,0.0,camera_pose_sim3,1.7208356694693094,0.8041830822540261,10000,10000,True,False,True,/content/cv3d-project/data/cache/reconstruction/predictions/02958343/10e99b1475098c0aaa69dfdc5532bb13/1361b927081e84f48c290a2c.npz,829ef4d5f0eb6464d0b0399b85588c0bef024ecd41d985f0e0f73061d75c6388,/content/cv3d-project/data/cache/reconstruction/metrics/02958343/10e99b1475098c0aaa69dfdc5532bb13/3d477d035d399af3d9ea540d.json,12.410851999902661
02958343/10e99b1475098c0aaa69dfdc5532bb13,vggt,5,"[0, 26, 18, 25, 33]",0.7429934108550275,0.8292144349193253,0.9154354589836232,0.0,0.0,0.0,1.9398972974340896,0.0,0.0,0.0,0.0,0.0,0.0,camera_pose_sim3,0.37034625338301635,1.0248073020976782,10000,10000,True,False,True,/content/cv3d-project/data/cache/reconstruction/predictions/02958343/10e99b1475098c0aaa69dfdc5532bb13/e16a0234438cd0fc3173f2c4.npz,22b6428a97409cb08aaee60c5e18f851646a56119d44e4c38348cd4ad469ba4c,/content/cv3d-project/data/cache/reconstruction/metrics/02958343/10e99b1475098c0aaa69dfdc5532bb13/297f6700c68d5bd8b5e183ac.json,13.520843000151217
02958343/10e99b1475098c0aaa69dfdc5532bb13,vggt,10,"[0, 26, 18, 25, 33, 40, 32, 39, 34, 44]",0.16194910881871635,0.28882586357510903,0.4157026183315017,0.0037406249999999996,0.0,0.0,1.9398972974340896,0.0171,0.0,0.0,0.0021,0.0,0.0,camera_pose_sim3,1.0689861578608044,1.1172453539583695,10000,10000,True,False,True,/content/cv3d-project/data/cache/reconstruction/predictions/02958343/10e99b1475098c0aaa69dfdc5532bb13/5aa2e036ea808f8d131f62b6.npz,9edb0543697a38f8d40b41f5b7777ecdddf7d0a675165f45e4d49001f4d3dfb7,/content/cv3d-project/data/cache/reconstruction/metrics/02958343/10e99b1475098c0aaa69dfdc5532bb13/9d501639dc121866736a28d8.json,13.242695999906573
02958343/1104f0924e03f2b6fc5886e868449015,vggt,1,[0],4.1223834808412825,4.339661352445343,4.556939224049403,0.0,0.0,0.0,1.9822118202892587,0.0,0.0,0.0,0.0,0.0,0.0,camera_rotation_center_and_target_diameter_scale_single_view,11.947559326327566,0.0,10000,10000,True,True,True,/content/cv3d-project/data/cache/reconstruction/predictions/02958343/1104f0924e03f2b6fc5886e868449015/b12a0a078239c30bd3b022b9.npz,c23885e91bb7c45355a002a6a87a233bf8241d39c01a99a738558c50084713f6,/content/cv3d-project/data/cache/reconstruction/metrics/02958343/1104f0924e03f2b6fc5886e868449015/6c330f2a2c96a1021a6f8ac5.json,3.8989140002740896
02958343/1104f0924e03f2b6fc5886e868449015,vggt,2,"[0, 5]",0.503853592811969,0.6986097362139594,0.8933658796159498,0.0,0.0,0.0,1.9822118202892587,0.0,0.0,0.0,0.0,0.0,0.0,camera_pose_sim3,1.0579224927438367,0.022330266461290094,10000,10000,True,False,True,/content/cv3d-project/data/cache/reconstruction/predictions/02958343/1104f0924e03f2b6fc5886e868449015/1db48102408fe0d55d5d6d18.npz,39a3deaa8c936fe6ab884aad31495bc31ec3b50ffad27470a91fc0df1d28ac9c,/content/cv3d-project/data/cache/reconstruction/metrics/02958343/1104f0924e03f2b6fc5886e868449015/c9dd733ecf069e6e1d3cef90.json,12.183622000065952
02958343/1104f0924e03f2b6fc5886e868449015,vggt,3,"[0, 5, 24]",0.21365374317672517,0.27720323086815435,0.34075271855958356,0.0010230769230769232,0.0,0.0,1.9822118202892587,0.0019,0.0,0.0,0.0007,0.0,0.0,camera_pose_sim3,2.44640824017497,0.4321545769529296,10000,10000,True,False,True,/content/cv3d-project/data/cache/reconstruction/predictions/02958343/1104f0924e03f2b6fc5886e868449015/1644cadf87f936a66d1a0bf2.npz,96a999a11cfe189cd8818f839661d17b6fef05c05f86d77420f41e933aab2483,/content/cv3d-project/data/cache/reconstruction/metrics/02958343/1104f0924e03f2b6fc5886e868449015/374dca242e671aed6996e6cd.json,12.270412999896507
02958343/1104f0924e03f2b6fc5886e868449015,vggt,5,"[0, 5, 24, 16, 33]",0.03753585909746322,0.08742066240172588,0.13730546570598853,0.49514123287671236,0.026908941755537326,0.0564654351909831,1.9822118202892587,0.9831,0.1065,0.2881,0.3309,0.0154,0.0313,camera_pose_sim3,2.6343696776335377,0.14927883549299714,10000,10000,True,False,True,/content/cv3d-project/data/cache/reconstruction/predictions/02958343/1104f0924e03f2b6fc5886e868449015/c6dc96c5941d08180f84703a.npz,d1c2d444f51d79953b26a83edeba785392d7451700bada2cf7476cc8f73864b0,/content/cv3d-project/data/cache/reconstruction/metrics/02958343/1104f0924e03f2b6fc5886e868449015/3c3c9ff99bc5bb5b258944e4.json,12.704481000127998
02958343/1104f0924e03f2b6fc5886e868449015,vggt,10,"[0, 5, 24, 16, 33, 38, 31, 23, 41, 32]",0.021776080707423352,0.052967940940881336,0.08415980117433933,0.7880256938552903,0.05237057991513437,0.1357995620683847,1.9822118202892587,1.0,0.1815,0.5155,0.6502,0.0306,0.0782,camera_pose_sim3,2.36092846726505,0.15253553233246078,10000,10000,True,False,True,/content/cv3d-project/data/cache/reconstruction/predictions/02958343/1104f0924e03f2b6fc5886e868449015/2784c23d5d130c745d8daa31.npz,7812dae202cd452bcf4bfb0d6ad724e09e9f3cfddab54535dbbd0daf8f10eab8,/content/cv3d-project/data/cache/reconstruction/metrics/02958343/1104f0924e03f2b6fc5886e868449015/04b437cff18152f004fef989.json,13.256297999760136
02958343/1137cd58d6a45c6659a47b1880958de9,vggt,1,[0],2.9326854757241625,3.147517826256824,3.3623501767894854,0.0,0.0,0.0,1.9797847779606585,0.0,0.0,0.0,0.0,0.0,0.0,camera_rotation_center_and_target_diameter_scale_single_view,9.51319004342496,0.0,10000,10000,True,True,True,/content/cv3d-project/data/cache/reconstruction/predictions/02958343/1137cd58d6a45c6659a47b1880958de9/af5bb001154eb5384b077c0c.npz,66a4800fcfaa3c5705060453d1ea59ebe0b55ec3d1644880f89fbb3a301d29bc,/content/cv3d-project/data/cache/reconstruction/metrics/02958343/1137cd58d6a45c6659a47b1880958de9/57353e82b891597c6743d37b.json,3.891265999754978
02958343/1137cd58d6a45c6659a47b1880958de9,vggt,2,"[0, 26]",0.11539306948791875,0.25297578918570734,0.3905585088834959,0.004127823240589198,0.0,0.0,1.9797847779606585,0.1201,0.0,0.0,0.0021,0.0,0.0,camera_pose_sim3,0.7774414337728476,1.0226795956531223,10000,10000,True,False,True,/content/cv3d-project/data/cache/reconstruction/predictions/02958343/1137cd58d6a45c6659a47b1880958de9/38e8d0acb8b82eaa6b7fb356.npz,cb1e4348a6581005f8f9e1ec6de007d91327994c2ff9ce2aff1557c5aac01e53,/content/cv3d-project/data/cache/reconstruction/metrics/02958343/1137cd58d6a45c6659a47b1880958de9/6d00a748fdc035bb4473a900.json,12.133476000144583
02958343/1137cd58d6a45c6659a47b1880958de9,vggt,3,"[0, 26, 18]",0.21417519809956959,0.3084717100277353,0.402768221955901,0.0,0.0,0.0,1.9797847779606585,0.0,0.0,0.0,0.0,0.0,0.0,camera_pose_sim3,2.103869208191749,0.7904421472612821,10000,10000,True,False,True,/content/cv3d-project/data/cache/reconstruction/predictions/02958343/1137cd58d6a45c6659a47b1880958de9/398247b8f5ab114be96c40bb.npz,beb9bfced61a3cdce2e0c4f910994cbbf94b05c028778cc6b8a58f716deec99c,/content/cv3d-project/data/cache/reconstruction/metrics/02958343/1137cd58d6a45c6659a47b1880958de9/0a09c5cf8ed649bfafeaa219.json,11.644948999673943
02958343/1137cd58d6a45c6659a47b1880958de9,vggt,5,"[0, 26, 18, 25, 33]",0.6346762693886369,0.7019337247415688,0.7691911800945007,0.0,0.0,0.0,1.9797847779606585,0.0,0.0,0.0,0.0,0.0,0.0,camera_pose_sim3,0.20657794311123498,1.0273864501505103,10000,10000,True,False,True,/content/cv3d-project/data/cache/reconstruction/predictions/02958343/1137cd58d6a45c6659a47b1880958de9/aaea2613778f51d7cca043ae.npz,1842633b9dc514f4bdf16d90272927b8c0a06b151cab05209688c84a0ae70dfd,/content/cv3d-project/data/cache/reconstruction/metrics/02958343/1137cd58d6a45c6659a47b1880958de9/db6cc8f722be51ded0411ae3.json,11.617635999755294
02958343/1137cd58d6a45c6659a47b1880958de9,vggt,10,"[0, 26, 18, 25, 33, 40, 32, 39, 45, 9]",0.36198969688203686,0.4385669601464511,0.5151442234108653,0.0,0.0,0.0,1.9797847779606585,0.0,0.0,0.0,0.0,0.0,0.0,camera_pose_sim3,1.4889129943605415,1.0187585202370006,10000,10000,True,False,True,/content/cv3d-project/data/cache/reconstruction/predictions/02958343/1137cd58d6a45c6659a47b1880958de9/4e6dcbf16d41d6deecbe42cd.npz,b1189add50f5fb1881a0193ebde2aec82b14f4a205043bdff9f8150a0fdc1e63,/content/cv3d-project/data/cache/reconstruction/metrics/02958343/1137cd58d6a45c6659a47b1880958de9/6ba9db147974b1ef69e9d518.json,12.443544000234397
02958343/114b662c64caba81bb07f8c2248e54bc,vggt,1,[0],4.1239214677522495,4.335357127799031,4.5467927878458125,0.0,0.0,0.0,1.9869569941259921,0.0,0.0,0.0,0.0,0.0,0.0,camera_rotation_center_and_target_diameter_scale_single_view,11.93837291993469,0.0,9890,10000,True,True,True,/content/cv3d-project/data/cache/reconstruction/predictions/02958343/114b662c64caba81bb07f8c2248e54bc/df4ce7ee864a61925b17a3d6.npz,2c5cd1061f3e1d3934418f5fff722e241c1b8bc510b2e4757db16fcd673f4f05,/content/cv3d-project/data/cache/reconstruction/metrics/02958343/114b662c64caba81bb07f8c2248e54bc/6d5d0756b13a49503e6df7d9.json,3.8022230000933632
02958343/114b662c64caba81bb07f8c2248e54bc,vggt,2,"[0, 5]",0.04388036610048076,0.2201111377525111,0.39634190940454145,0.1570217471433837,0.0,0.0,1.9869569941259921,1.0,0.0,0.0,0.0852,0.0,0.0,camera_pose_sim3,1.840892135031073,0.03749747415388706,10000,10000,True,False,True,/content/cv3d-project/data/cache/reconstruction/predictions/02958343/114b662c64caba81bb07f8c2248e54bc/f7c2e7d50fc7046b7a18bf3e.npz,346a315f568de571e4107d9674d1dd2bb8f2c7554e61bf6eca761740f373100c,/content/cv3d-project/data/cache/reconstruction/metrics/02958343/114b662c64caba81bb07f8c2248e54bc/02e442f70be92f258b5b353d.json,11.511445999985881
02958343/114b662c64caba81bb07f8c2248e54bc,vggt,3,"[0, 5, 17]",0.04106877035185873,0.0816842547429083,0.12229973913395789,0.5272362447037836,0.01105610347615198,0.03241918392204629,1.9869569941259921,0.9854,0.1179,0.3113,0.3599,0.0058,0.0171,camera_pose_sim3,2.3184123178108136,0.11863985291389058,10000,10000,True,False,True,/content/cv3d-project/data/cache/reconstruction/predictions/02958343/114b662c64caba81bb07f8c2248e54bc/0a680df731e8c3bdb5ef5f44.npz,f83c8448852537db3307ae782f4bddb689a552ca6b58c6c3f33ba936be1a10dd,/content/cv3d-project/data/cache/reconstruction/metrics/02958343/114b662c64caba81bb07f8c2248e54bc/5bb964f46da72baf3e3cecbc.json,12.646205999772064
02958343/114b662c64caba81bb07f8c2248e54bc,vggt,5,"[0, 5, 17, 24, 45]",0.03403858856162682,0.074807833091205,0.11557707762078318,0.5396129974443228,0.026023992673992673,0.0690576923076923,1.9869569941259921,1.0,0.0941,0.2565,0.3695,0.0151,0.0399,camera_pose_sim3,2.4677917103129063,0.12064006568190655,10000,10000,True,False,True,/content/cv3d-project/data/cache/reconstruction/predictions/02958343/114b662c64caba81bb07f8c2248e54bc/97455f1feee3c3c123a6f6cf.npz,0e62e1e083a3f8821ea4364e3a0a51c9c6de05ab3deda7c36bdfbcac2ad8a009,/content/cv3d-project/data/cache/reconstruction/metrics/02958343/114b662c64caba81bb07f8c2248e54bc/82b8c8fe8058f4836b30a610.json,12.606531000074028
02958343/114b662c64caba81bb07f8c2248e54bc,vggt,10,"[0, 5, 17, 24, 45, 38, 31, 39, 25, 32]",0.04698654925818409,0.06812057103878016,0.08925459281937623,0.8131972466176122,0.002908474576271186,0.029521951219512198,1.9869569941259921,1.0,0.0033,0.0534,0.6852,0.0026,0.0204,camera_pose_sim3,2.3968061884264387,0.12266721300872818,10000,10000,True,False,True,/content/cv3d-project/data/cache/reconstruction/predictions/02958343/114b662c64caba81bb07f8c2248e54bc/7cb101dc815cd4107497cbd8.npz,4193a77c6612e10be8505d3b30bfed3d94160bef2376ffd3d845a4caf0eeedc6,/content/cv3d-project/data/cache/reconstruction/metrics/02958343/114b662c64caba81bb07f8c2248e54bc/9482dc418c4334a8017d8b25.json,12.927346000196849
02958343/1159faf9bf78998493680c5a9a367b4a,vggt,1,[0],4.008880179619851,4.2067611239756335,4.404642068331416,0.0,0.0,0.0,1.9929820921664265,0.0,0.0,0.0,0.0,0.0,0.0,camera_rotation_center_and_target_diameter_scale_single_view,11.659361754891632,0.0,10000,10000,True,True,True,/content/cv3d-project/data/cache/reconstruction/predictions/02958343/1159faf9bf78998493680c5a9a367b4a/dabaa14fb88d214578731cc3.npz,0d47fc7e31268df45271f871efe00a9b68fbb0075011f5ef4fe998e01dec4f2e,/content/cv3d-project/data/cache/reconstruction/metrics/02958343/1159faf9bf78998493680c5a9a367b4a/70b407fdb886e4eed5e29277.json,3.947075000269251
02958343/1159faf9bf78998493680c5a9a367b4a,vggt,2,"[0, 5]",0.04233741679521691,0.17341883665458427,0.30450025651395163,0.3189039253593343,0.0036595330739299615,0.009145213379469434,1.9929820921664265,1.0,0.0495,0.1687,0.1897,0.0019,0.0047,camera_pose_sim3,2.1859493376854533,0.006035768810884288,10000,10000,True,False,True,/content/cv3d-project/data/cache/reconstruction/predictions/02958343/1159faf9bf78998493680c5a9a367b4a/5b116871c166fc95e13e4b57.npz,7e8c760edd593c31a22950c6979b44121a11807c1b9b0d2c3269145b454a6ecb,/content/cv3d-project/data/cache/reconstruction/metrics/02958343/1159faf9bf78998493680c5a9a367b4a/c69c144c7866037f8d3d63bb.json,11.979312999756075
02958343/1159faf9bf78998493680c5a9a367b4a,vggt,3,"[0, 5, 17]",0.02236410367302356,0.0763467536039852,0.13032940353494685,0.5719385933595145,0.02566953877344146,0.06854025779936483,1.9929820921664265,1.0,0.1835,0.4985,0.4005,0.0138,0.0368,camera_pose_sim3,2.6791651490477446,0.02155709663640818,10000,10000,True,False,True,/content/cv3d-project/data/cache/reconstruction/predictions/02958343/1159faf9bf78998493680c5a9a367b4a/234fe6cd3fb7b6431a3d539e.npz,0929cda773c3ae5d9f5c0ac733384d36219370a9a51dcd204bb78ee84236f053,/content/cv3d-project/data/cache/reconstruction/metrics/02958343/1159faf9bf78998493680c5a9a367b4a/8347ae99b2f638acd1dc729f.json,11.475820999748976
02958343/1159faf9bf78998493680c5a9a367b4a,vggt,5,"[0, 5, 17, 25, 8]",0.01476348147292394,0.073895402242209,0.13302732301149406,0.5306002497979575,0.06554592906535801,0.1267187441643324,1.9929820921664265,1.0,0.4127,0.7879,0.3611,0.0356,0.0689,camera_pose_sim3,2.7266072186698187,0.1615372036875412,10000,10000,True,False,True,/content/cv3d-project/data/cache/reconstruction/predictions/02958343/1159faf9bf78998493680c5a9a367b4a/028adaf79ed62a31bfb1a461.npz,67b64b1def59e7b9caf1e1b8784299c4fd843ae902c4dd9274f120e0d2908e02,/content/cv3d-project/data/cache/reconstruction/metrics/02958343/1159faf9bf78998493680c5a9a367b4a/a5f27c049b13ca92da709610.json,12.053047999870614
02958343/1159faf9bf78998493680c5a9a367b4a,vggt,10,"[0, 5, 17, 25, 8, 34, 42, 16, 24, 33]",0.018484841597487152,0.06716694740419281,0.11584905321089847,0.6369522251754923,0.0713486319505737,0.14467569892473114,1.9929820921664265,1.0,0.2994,0.6628,0.4673,0.0405,0.0812,camera_pose_sim3,2.6063650774923053,0.20001469561511295,10000,10000,True,False,True,/content/cv3d-project/data/cache/reconstruction/predictions/02958343/1159faf9bf78998493680c5a9a367b4a/1628e3633505fed2800ba52b.npz,7df759de16c150f4cca80a52b59b2d194973c8c544e0b186167719fcfcb40125,/content/cv3d-project/data/cache/reconstruction/metrics/02958343/1159faf9bf78998493680c5a9a367b4a/08a6c7067ec60e3306f242e7.json,12.389836000238574
02958343/1166b049a7230db9f50f5d46dfed0533,vggt,1,[0],4.269409428355387,4.474739874506415,4.6800703206574426,0.0,0.0,0.0,1.3949552439843986,0.0,0.0,0.0,0.0,0.0,0.0,camera_rotation_center_and_target_diameter_scale_single_view,9.39978274337584,0.0,5553,10000,True,True,True,/content/cv3d-project/data/cache/reconstruction/predictions/02958343/1166b049a7230db9f50f5d46dfed0533/9ece092aae2f348bdaa7df6a.npz,8712f8780746bb94bf7cce244ecc17536cb86f581d79ea62bba8b7d24625e80d,/content/cv3d-project/data/cache/reconstruction/metrics/02958343/1166b049a7230db9f50f5d46dfed0533/a54605244622cc33005b5d5e.json,3.211139000086405
02958343/1166b049a7230db9f50f5d46dfed0533,vggt,2,"[0, 4]",0.01633578453379283,0.17575469731847945,0.3351736101031661,0.32985386221294366,0.015524479166666667,0.05363248472505091,1.3949552439843986,1.0,0.1454,0.7578,0.1975,0.0082,0.0278,camera_pose_sim3,2.1846555772190115,0.04864211922304083,10000,10000,True,False,True,/content/cv3d-project/data/cache/reconstruction/predictions/02958343/1166b049a7230db9f50f5d46dfed0533/59ea64a2bd4132a1929a0609.npz,a7bf232f2e0028c7f7768dc6e7237069d20ab6d424d680549746ff2b109815bf,/content/cv3d-project/data/cache/reconstruction/metrics/02958343/1166b049a7230db9f50f5d46dfed0533/09f3de6cddf20a06df5d7c42.json,12.152625999988231
02958343/1166b049a7230db9f50f5d46dfed0533,vggt,3,"[0, 4, 18]",0.04112760309035472,0.11248094756093702,0.18383429203151933,0.4407838573057501,0.033835995740149095,0.06841295962972486,1.3949552439843986,0.9399,0.169,0.351,0.2879,0.0188,0.0379,camera_pose_sim3,2.7373379224121206,0.1286888256650717,10000,10000,True,False,True,/content/cv3d-project/data/cache/reconstruction/predictions/02958343/1166b049a7230db9f50f5d46dfed0533/0d07b50f17d9f4790161c83a.npz,91088033c425bee5343e50ddebc6a65bc15a80779eb935aca27144198c07f531,/content/cv3d-project/data/cache/reconstruction/metrics/02958343/1166b049a7230db9f50f5d46dfed0533/1f704975ff31391351b51768.json,12.230130000261852
02958343/1166b049a7230db9f50f5d46dfed0533,vggt,5,"[0, 4, 18, 25, 26]",0.22063125709026946,0.2837229391264239,0.3468146211625783,0.0,0.0,0.0,1.3949552439843986,0.0,0.0,0.0,0.0,0.0,0.0,camera_pose_sim3,2.994466640262607,0.19860110795066327,10000,10000,True,False,True,/content/cv3d-project/data/cache/reconstruction/predictions/02958343/1166b049a7230db9f50f5d46dfed0533/bf9f6438be67a71a2d0fa27b.npz,1b8000061eec000e127b5eab05b74491b7a30e1d5a02d187f03b7604c408a3fc,/content/cv3d-project/data/cache/reconstruction/metrics/02958343/1166b049a7230db9f50f5d46dfed0533/af6dc78c383d2c435f832465.json,12.89486699988629
02958343/1166b049a7230db9f50f5d46dfed0533,vggt,10,"[0, 4, 18, 25, 26, 34, 39, 45, 33, 41]",0.15764395062218647,0.23781929388141615,0.3179946371406458,0.13268283981448448,0.0,0.0009599999999999999,1.3949552439843986,0.1725,0.0,0.0008,0.1078,0.0,0.0012,camera_pose_sim3,2.4423679628005597,0.6819428233114374,10000,10000,True,False,True,/content/cv3d-project/data/cache/reconstruction/predictions/02958343/1166b049a7230db9f50f5d46dfed0533/d273f1e85bad7e80d49797d0.npz,eb79f8dca43a2d139b6abeac799bf06a064ee816724dd464e2db596fc1f131cd,/content/cv3d-project/data/cache/reconstruction/metrics/02958343/1166b049a7230db9f50f5d46dfed0533/3b3f75ce7e5a52fb520d8580.json,12.98521399985475
02958343/119033fe083145e22f31600ac759c763,vggt,1,[0],5.103723265166943,5.308793499472031,5.513863733777119,0.0,0.0,0.0,1.9677514935020894,0.0,0.0,0.0,0.0,0.0,0.0,camera_rotation_center_and_target_diameter_scale_single_view,13.809947550051183,0.0,10000,10000,True,True,True,/content/cv3d-project/data/cache/reconstruction/predictions/02958343/119033fe083145e22f31600ac759c763/424112ce7a1af1be09697858.npz,0688ed297a10f3b13890314be71cb5f36ebec2cc62f8352980e0bcb864d33ff9,/content/cv3d-project/data/cache/reconstruction/metrics/02958343/119033fe083145e22f31600ac759c763/cc6e946a3ceba231d3172c38.json,3.902027999629354
02958343/119033fe083145e22f31600ac759c763,vggt,2,"[0, 26]",0.016385969672808212,0.10508575536494102,0.19378554105707382,0.3351369349870973,0.017631835334476844,0.03680484747179273,1.9677514935020894,1.0,0.2824,0.699,0.2013,0.0091,0.0189,camera_pose_sim3,1.69155992186758,0.8998191960021285,10000,10000,True,False,True,/content/cv3d-project/data/cache/reconstruction/predictions/02958343/119033fe083145e22f31600ac759c763/612439cdbab7d65bd1151259.npz,5c3c9e53c13a4d3fa3e067f5d39bd9c21cc43a4a75aef3541f3cc2bfd8a18222,/content/cv3d-project/data/cache/reconstruction/metrics/02958343/119033fe083145e22f31600ac759c763/26d07a3834e0505ed8d7f188.json,12.203510999825085
02958343/119033fe083145e22f31600ac759c763,vggt,3,"[0, 26, 18]",0.08370990818895613,0.17926605447080002,0.2748222007526439,0.11450040999867743,0.0,0.0,1.9677514935020894,0.6937,0.0,0.0,0.0624,0.0,0.0,camera_pose_sim3,1.9893456983409172,0.6811460087535675,10000,10000,True,False,True,/content/cv3d-project/data/cache/reconstruction/predictions/02958343/119033fe083145e22f31600ac759c763/8b744f34d518b741827dd785.npz,ee549c617f1d34cef0aba85da874049390023b9d320ec52037f94c9e49e2bc22,/content/cv3d-project/data/cache/reconstruction/metrics/02958343/119033fe083145e22f31600ac759c763/b90482930ab77855583b676f.json,12.09957899982328
02958343/119033fe083145e22f31600ac759c763,vggt,5,"[0, 26, 18, 39, 32]",0.1840053281799196,0.2886746701446172,0.39334401210931474,0.013376854599406528,0.0,0.0,1.9677514935020894,0.0245,0.0,0.0,0.0092,0.0,0.0,camera_pose_sim3,1.9598218372196659,0.5246603435982812,10000,10000,True,False,True,/content/cv3d-project/data/cache/reconstruction/predictions/02958343/119033fe083145e22f31600ac759c763/bccdd601070d21762ab95fbc.npz,f4879fee5d4cd61138f5e87b6d315265f2ef16cb3a801e044da43610a3acba00,/content/cv3d-project/data/cache/reconstruction/metrics/02958343/119033fe083145e22f31600ac759c763/dfc38e7300e972e67c313bf5.json,12.274321999939275
02958343/119033fe083145e22f31600ac759c763,vggt,10,"[0, 26, 18, 39, 32, 24, 45, 33, 40, 35]",0.16982546134717083,0.2562737658340879,0.342722070321005,0.003918987341772152,0.0,0.0,1.9677514935020894,0.0043,0.0,0.0,0.0036,0.0,0.0,camera_pose_sim3,2.1777078216772288,0.578831446017943,10000,10000,True,False,True,/content/cv3d-project/data/cache/reconstruction/predictions/02958343/119033fe083145e22f31600ac759c763/bf702aca7aa8a60d5b49a631.npz,092a9490ee9eb06008e7516ea43ad517afdae7185452be2176fa6867a83b2ba8,/content/cv3d-project/data/cache/reconstruction/metrics/02958343/119033fe083145e22f31600ac759c763/dd312169acb084224c461bb8.json,12.939818000177183
02958343/1198255e3d20d2f323f3ca54768fe2ee,vggt,1,[0],4.253693635028189,4.453898190299826,4.654102745571463,0.0,0.0,0.0,1.9975759336719574,0.0,0.0,0.0,0.0,0.0,0.0,camera_rotation_center_and_target_diameter_scale_single_view,12.153367824473778,0.0,10000,10000,True,True,True,/content/cv3d-project/data/cache/reconstruction/predictions/02958343/1198255e3d20d2f323f3ca54768fe2ee/8cd5327b84d68b4338deb97f.npz,7e90b62749a1f4ab197f9f8f72c2c19e31a6998a47971338f660ae2de9e8bc5d,/content/cv3d-project/data/cache/reconstruction/metrics/02958343/1198255e3d20d2f323f3ca54768fe2ee/32626bf9a1e3ec9df8c813f5.json,3.8669719997415086
02958343/1198255e3d20d2f323f3ca54768fe2ee,vggt,2,"[0, 25]",0.037402559156253914,0.16299638640263314,0.2885902136490124,0.09705042816365367,0.0046135922330097084,0.010161236203090507,1.9975759336719574,1.0,0.0594,0.2213,0.051,0.0024,0.0052,camera_pose_sim3,1.2388659451026791,1.0847113349767359,10000,10000,True,False,True,/content/cv3d-project/data/cache/reconstruction/predictions/02958343/1198255e3d20d2f323f3ca54768fe2ee/f29e04b78c3530ba21ea164d.npz,c198dc3caa436c706884eabc0e389d02d97a246676fdd12ca4e86091f59afdd1,/content/cv3d-project/data/cache/reconstruction/metrics/02958343/1198255e3d20d2f323f3ca54768fe2ee/c54375dce5413244a2f99dd3.json,12.280180999823642
02958343/1198255e3d20d2f323f3ca54768fe2ee,vggt,3,"[0, 25, 33]",0.2931419854206304,0.41317140468126523,0.5332008239419,0.0,0.0,0.0,1.9975759336719574,0.0,0.0,0.0,0.0,0.0,0.0,camera_pose_sim3,1.796206494396693,1.0354002542022072,10000,10000,True,False,True,/content/cv3d-project/data/cache/reconstruction/predictions/02958343/1198255e3d20d2f323f3ca54768fe2ee/714bca71102ddb836564f69f.npz,4fe58810dfd93ba5d4700bc896aaae1acfe60e2523f8bcaa0976a5191f195e9e,/content/cv3d-project/data/cache/reconstruction/metrics/02958343/1198255e3d20d2f323f3ca54768fe2ee/3aa60ae188ba5c552db5354f.json,11.941169000238006
02958343/1198255e3d20d2f323f3ca54768fe2ee,vggt,5,"[0, 25, 33, 40, 46]",0.24372333302489263,0.4637590245874148,0.683794716149937,0.0,0.0,0.0,1.9975759336719574,0.0,0.0,0.0,0.0,0.0,0.0,camera_pose_sim3,0.5118246199454151,1.1073611202907714,10000,10000,True,False,True,/content/cv3d-project/data/cache/reconstruction/predictions/02958343/1198255e3d20d2f323f3ca54768fe2ee/a87d13d7ce0990597ef5af9f.npz,31173972625e1d81f8f27c76b0647814fb41f25c6da622b02d53b973b6ae24e8,/content/cv3d-project/data/cache/reconstruction/metrics/02958343/1198255e3d20d2f323f3ca54768fe2ee/5bf36f97c4e2698927fce916.json,12.24050700011503
02958343/1198255e3d20d2f323f3ca54768fe2ee,vggt,10,"[0, 25, 33, 40, 46, 31, 23, 16, 18, 44]",0.1679491352305679,0.3143196655214014,0.4606901958122349,0.0,0.0,0.0,1.9975759336719574,0.0,0.0,0.0,0.0,0.0,0.0,camera_pose_sim3,0.8189218487797979,1.1669780714762907,10000,10000,True,False,True,/content/cv3d-project/data/cache/reconstruction/predictions/02958343/1198255e3d20d2f323f3ca54768fe2ee/336ad75a43b8c59d39726108.npz,ec2117b52186cc105cc81721bbb1e74b907c205a79333fe8a942ac7e23d91d13,/content/cv3d-project/data/cache/reconstruction/metrics/02958343/1198255e3d20d2f323f3ca54768fe2ee/412488901fcc3845383bd496.json,12.87051600002087
02958343/11b09de6631b3b3ad997cda1a938a10d,vggt,1,[0],5.311716467362932,5.494602311229233,5.677488155095533,0.0,0.0,0.0,1.9831495115005957,0.0,0.0,0.0,0.0,0.0,0.0,camera_rotation_center_and_target_diameter_scale_single_view,14.21826527926928,0.0,7382,10000,True,True,True,/content/cv3d-project/data/cache/reconstruction/predictions/02958343/11b09de6631b3b3ad997cda1a938a10d/9303c74acc840b626e965dfd.npz,d95dd32714b06031d15e597384945cddd36db1f21f7a09c7ddc6dd895bc91284,/content/cv3d-project/data/cache/reconstruction/metrics/02958343/11b09de6631b3b3ad997cda1a938a10d/17c7423ff040079725934cf6.json,3.577017999759846
02958343/11b09de6631b3b3ad997cda1a938a10d,vggt,2,"[0, 4]",0.04061029717436059,0.23532174049174376,0.4300331838091269,0.14540059347181009,0.006842482758620688,0.017704804928131417,1.9831495115005957,1.0,0.0689,0.2343,0.0784,0.0036,0.0092,camera_pose_sim3,1.763944378542497,0.028828687469489273,10000,10000,True,False,True,/content/cv3d-project/data/cache/reconstruction/predictions/02958343/11b09de6631b3b3ad997cda1a938a10d/cc429551b7b25ff0cceac941.npz,d4538e23841897680b2d81f29e960cfbf9d20e988610b44aabd6dbbeeec5553e,/content/cv3d-project/data/cache/reconstruction/metrics/02958343/11b09de6631b3b3ad997cda1a938a10d/36216cfa6038cb1a2ae9dfdc.json,12.49551800037807
02958343/11b09de6631b3b3ad997cda1a938a10d,vggt,3,"[0, 4, 18]",0.3249490405997239,0.3952451947415431,0.46554134888336235,0.0,0.0,0.0,1.9831495115005957,0.0,0.0,0.0,0.0,0.0,0.0,camera_pose_sim3,2.262212748135632,0.48629688761948414,10000,10000,True,False,True,/content/cv3d-project/data/cache/reconstruction/predictions/02958343/11b09de6631b3b3ad997cda1a938a10d/d8a0cf70a1e866fd154e8958.npz,2618cca3d939b8d2a98f4deec3155b4b9fc2964addaa2a710771be321dec1ca3,/content/cv3d-project/data/cache/reconstruction/metrics/02958343/11b09de6631b3b3ad997cda1a938a10d/03e95b80a0c8fe4bb9cda989.json,12.299768000048061
02958343/11b09de6631b3b3ad997cda1a938a10d,vggt,5,"[0, 4, 18, 25, 39]",0.03036790563335783,0.08206301659953755,0.13375812756571726,0.6111111111111112,0.058691265763661835,0.13462474179481293,1.9831495115005957,1.0,0.179,0.3525,0.44,0.0351,0.0832,camera_pose_sim3,2.871180309336058,0.15423994325434706,10000,10000,True,False,True,/content/cv3d-project/data/cache/reconstruction/predictions/02958343/11b09de6631b3b3ad997cda1a938a10d/11f8c20a89652499f114e7b8.npz,71cc137aadeb28c9edada091b76e8488c04da34dc36da6d46c8eaed54d87a508,/content/cv3d-project/data/cache/reconstruction/metrics/02958343/11b09de6631b3b3ad997cda1a938a10d/ab5479ec9c6e8797a337c440.json,12.723866000214912
02958343/11b09de6631b3b3ad997cda1a938a10d,vggt,10,"[0, 4, 18, 25, 39, 32, 9, 17, 24, 31]",0.016307392560189454,0.048803170860906096,0.08129894916162274,0.82999882999883,0.11805151175811872,0.2571436632536974,1.9831495115005957,1.0,0.3765,0.7226,0.7094,0.07,0.1564,camera_pose_sim3,2.843255966265055,0.18221625950018128,10000,10000,True,False,True,/content/cv3d-project/data/cache/reconstruction/predictions/02958343/11b09de6631b3b3ad997cda1a938a10d/842fdb35eb33245365ea4724.npz,521ae851d532f5c2cdc8871e9fcd0edda3f49d53ec0c86ceb2a49843ed3596f4,/content/cv3d-project/data/cache/reconstruction/metrics/02958343/11b09de6631b3b3ad997cda1a938a10d/77e41f4585085472589ef849.json,12.942742000177532
02958343/11dba0c2ec8127356c2fe9dcfa1ee2f8,vggt,1,[0],3.6582853776050883,3.8809071888405917,4.103529000076096,0.0,0.0,0.0,1.9579465833379408,0.0,0.0,0.0,0.0,0.0,0.0,camera_rotation_center_and_target_diameter_scale_single_view,10.815679502798888,0.0,10000,10000,True,True,True,/content/cv3d-project/data/cache/reconstruction/predictions/02958343/11dba0c2ec8127356c2fe9dcfa1ee2f8/30f33916567db266b16b7b5f.npz,93718debcefd97c6472b1629ac74680c5fae4208c3159fa8e40363be69737613,/content/cv3d-project/data/cache/reconstruction/metrics/02958343/11dba0c2ec8127356c2fe9dcfa1ee2f8/562dcfe0dc9255c21ef93295.json,3.881820000060543
02958343/11dba0c2ec8127356c2fe9dcfa1ee2f8,vggt,2,"[0, 18]",0.2437470742811824,0.32569829165972575,0.4076495090382691,0.0,0.0,0.0,1.9579465833379408,0.0,0.0,0.0,0.0,0.0,0.0,camera_pose_sim3,1.3978241155090874,0.898113325771652,10000,10000,True,False,True,/content/cv3d-project/data/cache/reconstruction/predictions/02958343/11dba0c2ec8127356c2fe9dcfa1ee2f8/5484a85d95e3d62b7202c00d.npz,4b0b6d4ce85967be59600e294f028f251faeebf23c5c2e242b6c9f8350c9a1a2,/content/cv3d-project/data/cache/reconstruction/metrics/02958343/11dba0c2ec8127356c2fe9dcfa1ee2f8/4d2eb6e8cb89644f0b8ed5dd.json,12.336452999988978
02958343/11dba0c2ec8127356c2fe9dcfa1ee2f8,vggt,3,"[0, 18, 25]",0.2736931521484815,0.3661598305101439,0.45862650887180634,0.0,0.0,0.0,1.9579465833379408,0.0,0.0,0.0,0.0,0.0,0.0,camera_pose_sim3,0.959634780207884,0.986418531272086,10000,10000,True,False,True,/content/cv3d-project/data/cache/reconstruction/predictions/02958343/11dba0c2ec8127356c2fe9dcfa1ee2f8/407ea46566e6eb4b8bc37952.npz,82d344eb9dd1bcb4f45382ee404e270fa1d906bf755fa128dfb49e83a668273b,/content/cv3d-project/data/cache/reconstruction/metrics/02958343/11dba0c2ec8127356c2fe9dcfa1ee2f8/3a4a230f99d063c6b5bf43a0.json,11.644576999970013
02958343/11dba0c2ec8127356c2fe9dcfa1ee2f8,vggt,5,"[0, 18, 25, 33, 10]",0.5948080549199363,0.6641502704300224,0.7334924859401086,0.0,0.0,0.0,1.9579465833379408,0.0,0.0,0.0,0.0,0.0,0.0,camera_pose_sim3,0.44075983348367404,1.0097793397638757,10000,10000,True,False,True,/content/cv3d-project/data/cache/reconstruction/predictions/02958343/11dba0c2ec8127356c2fe9dcfa1ee2f8/9522393b8615319f1d472524.npz,7f95bd3cd9bae49a4927e66ca1e4b98a2ea7d86a6d2aa01bfebc30a31d607713,/content/cv3d-project/data/cache/reconstruction/metrics/02958343/11dba0c2ec8127356c2fe9dcfa1ee2f8/bde6363fc89eb45b784af752.json,11.785174000124243
02958343/11dba0c2ec8127356c2fe9dcfa1ee2f8,vggt,10,"[0, 18, 25, 33, 10, 15, 7, 16, 23, 44]",0.01155770121220817,0.053465686267637494,0.09537367132306682,0.7237572586305916,0.12620926266510618,0.2192523795330353,1.9579465833379408,1.0,0.5264,0.8813,0.5671,0.0717,0.1252,camera_pose_sim3,2.357401420941588,0.19370139587923457,10000,10000,True,False,True,/content/cv3d-project/data/cache/reconstruction/predictions/02958343/11dba0c2ec8127356c2fe9dcfa1ee2f8/5ebfaf8f02851e786615bf3b.npz,e762f0bc408173d59d17b0acf5ecb904cfc2ef84402c5a8f6875f9ec7c590706,/content/cv3d-project/data/cache/reconstruction/metrics/02958343/11dba0c2ec8127356c2fe9dcfa1ee2f8/bc0ec8fcc721653a2ef89d30.json,12.066434000189474
02958343/11e5b7d67058e1d75f67208653687b70,vggt,1,[0],4.942344153806997,5.156412200452246,5.370480247097497,0.0,0.0,0.0,1.9814594605163354,0.0,0.0,0.0,0.0,0.0,0.0,camera_rotation_center_and_target_diameter_scale_single_view,13.552543739189788,0.0,10000,10000,True,True,True,/content/cv3d-project/data/cache/reconstruction/predictions/02958343/11e5b7d67058e1d75f67208653687b70/fa8d9763914697d3d92ec167.npz,93191d71dea6c03e506cd918ceab909ecf351525992a0aeeea3631ceaa47cee9,/content/cv3d-project/data/cache/reconstruction/metrics/02958343/11e5b7d67058e1d75f67208653687b70/fd2dab26c669b6c4975b9156.json,3.8485289996970096
02958343/11e5b7d67058e1d75f67208653687b70,vggt,2,"[0, 5]",0.16107832804195207,0.342225512896009,0.5233726977500659,0.0,0.0,0.0,1.9814594605163354,0.0,0.0,0.0,0.0,0.0,0.0,camera_pose_sim3,1.660822603306172,0.0027021048157843852,10000,10000,True,False,True,/content/cv3d-project/data/cache/reconstruction/predictions/02958343/11e5b7d67058e1d75f67208653687b70/a74992a95184f35bdc41f7a5.npz,82c6293e9a809b5aaa3986f16ade5e63345e746bf29f9f3f22639edea8d8c4be,/content/cv3d-project/data/cache/reconstruction/metrics/02958343/11e5b7d67058e1d75f67208653687b70/ea2d62c11727fcc4d9a8487d.json,11.677178999889293
02958343/11e5b7d67058e1d75f67208653687b70,vggt,3,"[0, 5, 17]",0.03147099200897269,0.10049459127198689,0.16951819053500108,0.37323213496028174,0.015878249510124103,0.03215779253960143,1.9814594605163354,0.9912,0.1447,0.3746,0.2299,0.0084,0.0168,camera_pose_sim3,2.523532730294156,0.15377209884213724,10000,10000,True,False,True,/content/cv3d-project/data/cache/reconstruction/predictions/02958343/11e5b7d67058e1d75f67208653687b70/fbb6e8d3c50899ae7303b6ba.npz,12cd311dafbd185369944edae7d9c24f06b9a5d30d7c411b82ea7b07fb6399fb,/content/cv3d-project/data/cache/reconstruction/metrics/02958343/11e5b7d67058e1d75f67208653687b70/ae7cbdbea6a6c54cffaf5e81.json,11.871492999944167
02958343/11e5b7d67058e1d75f67208653687b70,vggt,5,"[0, 5, 17, 24, 35]",0.8558485231986569,0.9113728522061568,0.9668971812136569,0.0,0.0,0.0,1.9814594605163354,0.0,0.0,0.0,0.0,0.0,0.0,camera_pose_sim3,2.9746918293957685,0.5082920523698097,10000,10000,True,False,True,/content/cv3d-project/data/cache/reconstruction/predictions/02958343/11e5b7d67058e1d75f67208653687b70/3d55809f33145bd6c049c347.npz,fc492369bd0fb891ca2d0f7081e3804da19fb55c3b301252698a7ec3496d2a1d,/content/cv3d-project/data/cache/reconstruction/metrics/02958343/11e5b7d67058e1d75f67208653687b70/1224dde01ab5dc2ae17ed1a0.json,11.73914400033027
02958343/11e5b7d67058e1d75f67208653687b70,vggt,10,"[0, 5, 17, 24, 35, 26, 25, 16, 34, 23]",0.12729139890902255,0.18598952585946,0.24468765280989743,0.08082881844380403,0.0,0.0,1.9814594605163354,0.2646,0.0,0.0,0.0477,0.0,0.0,camera_pose_sim3,2.8494013411988237,0.2894437541750039,10000,10000,True,False,True,/content/cv3d-project/data/cache/reconstruction/predictions/02958343/11e5b7d67058e1d75f67208653687b70/80ba1719d7bd4166c398fec7.npz,1b62fb7a3c67d9ae4025b885c89e9708823184032642cae2acb8c2c89b27bafb,/content/cv3d-project/data/cache/reconstruction/metrics/02958343/11e5b7d67058e1d75f67208653687b70/a4f9af169f45ee59f005c122.json,12.815562000014324
02958343/1213742aa7815fd0e23d60a1b706b44f,vggt,1,[0],3.333719549756083,3.560699812297405,3.7876800748387263,0.0,0.0,0.0,1.9859295111707997,0.0,0.0,0.0,0.0,0.0,0.0,camera_rotation_center_and_target_diameter_scale_single_view,10.305919901114772,0.0,10000,10000,True,True,True,/content/cv3d-project/data/cache/reconstruction/predictions/02958343/1213742aa7815fd0e23d60a1b706b44f/d190d058785cbd3568c9841b.npz,bef947a9ed6c5160b1f126eb2555c6ff7a95179176ffc1e61e59e5981e8cd4c3,/content/cv3d-project/data/cache/reconstruction/metrics/02958343/1213742aa7815fd0e23d60a1b706b44f/c2ac0641527643f922e6f865.json,3.845287999865832
02958343/1213742aa7815fd0e23d60a1b706b44f,vggt,2,"[0, 17]",0.3288332393241665,0.49198458094105135,0.6551359225579362,0.0,0.0,0.0,1.9859295111707997,0.0,0.0,0.0,0.0,0.0,0.0,camera_pose_sim3,0.6765451726826609,0.9694378348054452,10000,10000,True,False,True,/content/cv3d-project/data/cache/reconstruction/predictions/02958343/1213742aa7815fd0e23d60a1b706b44f/7cd6c616b66e2c5221711ce2.npz,25a8e95dbb684bbde095b98f76a52180cb43976686c7708cf07a4431994c207b,/content/cv3d-project/data/cache/reconstruction/metrics/02958343/1213742aa7815fd0e23d60a1b706b44f/11e91f8fca2159084da1eff3.json,11.208419000013237
02958343/1213742aa7815fd0e23d60a1b706b44f,vggt,3,"[0, 17, 25]",0.47285310688663956,0.5369933725889747,0.60113363829131,0.0,0.0,0.0,1.9859295111707997,0.0,0.0,0.0,0.0,0.0,0.0,camera_pose_sim3,2.0379535866020055,0.507661725643176,10000,10000,True,False,True,/content/cv3d-project/data/cache/reconstruction/predictions/02958343/1213742aa7815fd0e23d60a1b706b44f/95a0b9c0fff164bd7c51fe06.npz,39e442d349ac7a7293135ed1655281be1fe5129bda2ea546028447815d9e94ce,/content/cv3d-project/data/cache/reconstruction/metrics/02958343/1213742aa7815fd0e23d60a1b706b44f/6376e4ef7b651567c82dc70c.json,11.772963000112213
02958343/1213742aa7815fd0e23d60a1b706b44f,vggt,5,"[0, 17, 25, 8, 39]",0.3502251031781137,0.3877518807839928,0.425278658389872,0.0,0.0,0.0,1.9859295111707997,0.0,0.0,0.0,0.0,0.0,0.0,camera_pose_sim3,2.334495426786571,0.45747975288438947,10000,10000,True,False,True,/content/cv3d-project/data/cache/reconstruction/predictions/02958343/1213742aa7815fd0e23d60a1b706b44f/8ec6e5cec5af52eb2ed976a2.npz,9c16a5855987807ceae88e00df0498be7acc6e553b6559ac3de79c24be93fc0a,/content/cv3d-project/data/cache/reconstruction/metrics/02958343/1213742aa7815fd0e23d60a1b706b44f/c26136f6d69bf291a08d11ce.json,11.782460000176798
02958343/1213742aa7815fd0e23d60a1b706b44f,vggt,10,"[0, 17, 25, 8, 39, 45, 34, 16, 42, 38]",0.18001741362151702,0.2589960484935081,0.3379746833654992,0.0021827160493827157,0.0,0.0,1.9859295111707997,0.0068,0.0,0.0,0.0013,0.0,0.0,camera_pose_sim3,1.92352311859553,0.7116483100653878,10000,10000,True,False,True,/content/cv3d-project/data/cache/reconstruction/predictions/02958343/1213742aa7815fd0e23d60a1b706b44f/6f8dde0ec2c2ae1405a5f97d.npz,a37759c115488449e31335998163f67edc6fedb24f440f2e8e6ce913970d987d,/content/cv3d-project/data/cache/reconstruction/metrics/02958343/1213742aa7815fd0e23d60a1b706b44f/efc4807b5ef1dff51fd8bbce.json,12.232254000082321
02958343/12243301d1c8148e33d7c9e122eec9b6,vggt,1,[0],3.828092093773392,4.047725558039507,4.267359022305622,0.0,0.0,0.0,1.988548712092416,0.0,0.0,0.0,0.0,0.0,0.0,camera_rotation_center_and_target_diameter_scale_single_view,11.421977847739607,0.0,10000,10000,True,True,True,/content/cv3d-project/data/cache/reconstruction/predictions/02958343/12243301d1c8148e33d7c9e122eec9b6/7154f8f369a3bef5f6eb09ad.npz,b090fc4b42f3f703e49ed4c0a47b08c7b4f64418e277d092f36912222f5af295,/content/cv3d-project/data/cache/reconstruction/metrics/02958343/12243301d1c8148e33d7c9e122eec9b6/ada05fdbc943d57e8c801d51.json,3.847711000162235
02958343/12243301d1c8148e33d7c9e122eec9b6,vggt,2,"[0, 5]",0.7473840705679009,0.9517420344082105,1.15609999824852,0.0,0.0,0.0,1.988548712092416,0.0,0.0,0.0,0.0,0.0,0.0,camera_pose_sim3,0.3357083154866031,0.3059112237008288,10000,10000,True,False,True,/content/cv3d-project/data/cache/reconstruction/predictions/02958343/12243301d1c8148e33d7c9e122eec9b6/f5e537b07619daeccd355d00.npz,2188524ac9a2cb24788b835c2660396302d9e58a48c5d4bc5cb003877825d0e0,/content/cv3d-project/data/cache/reconstruction/metrics/02958343/12243301d1c8148e33d7c9e122eec9b6/15438b03b072be990f808ee7.json,11.760440000216477
02958343/12243301d1c8148e33d7c9e122eec9b6,vggt,3,"[0, 5, 17]",0.1023577165393443,0.19311055663967786,0.2838633967400114,0.08714774990043808,0.0,0.0,1.988548712092416,0.454,0.0,0.0,0.0482,0.0,0.0,camera_pose_sim3,2.2376641719630177,0.363229898323506,10000,10000,True,False,True,/content/cv3d-project/data/cache/reconstruction/predictions/02958343/12243301d1c8148e33d7c9e122eec9b6/da4725786fb016d867c0d4d7.npz,e0ae70c93a8954ac52acf0d5f6a298ed6a6d35cb1bdb9fecd1481104af0e1f52,/content/cv3d-project/data/cache/reconstruction/metrics/02958343/12243301d1c8148e33d7c9e122eec9b6/55dba88af0161cc5f3aeffb0.json,11.450318000242987
02958343/12243301d1c8148e33d7c9e122eec9b6,vggt,5,"[0, 5, 17, 25, 45]",0.3787197445048751,0.4447601330803419,0.5108005216558087,0.0,0.0,0.0,1.988548712092416,0.0,0.0,0.0,0.0,0.0,0.0,camera_pose_sim3,1.8542099811026223,0.9389933129604318,10000,10000,True,False,True,/content/cv3d-project/data/cache/reconstruction/predictions/02958343/12243301d1c8148e33d7c9e122eec9b6/4ad68225b1278a283addca3e.npz,dc8515db6ee18bfea2cb814f8be624ccbf8469136e8141e728e3b7a92ad55e14,/content/cv3d-project/data/cache/reconstruction/metrics/02958343/12243301d1c8148e33d7c9e122eec9b6/4ab54ebb6b6cc3f1a2e592af.json,12.03920099987954
02958343/12243301d1c8148e33d7c9e122eec9b6,vggt,10,"[0, 5, 17, 25, 45, 38, 31, 8, 34, 41]",0.04132901985927321,0.08099245704798547,0.12065589423669773,0.6387580056083716,0.01739241516966068,0.0692717508055854,1.988548712092416,0.9908,0.0389,0.1402,0.4713,0.0112,0.046,camera_pose_sim3,2.5403223308920753,0.24472105637379862,10000,10000,True,False,True,/content/cv3d-project/data/cache/reconstruction/predictions/02958343/12243301d1c8148e33d7c9e122eec9b6/64e8c083dabd1ed158d0c356.npz,087bfb5f61cad0d62000d41ff36356487f28212899d65786806aa6a2713e7d01,/content/cv3d-project/data/cache/reconstruction/metrics/02958343/12243301d1c8148e33d7c9e122eec9b6/8a459040f4d399de8c71be78.json,12.01176700033102
02958343/12498dd65e8d65ac3b6f5204eb590354,vggt,1,[0],2.183539687074698,2.3929715414210935,2.602403395767489,0.0,0.0,0.0,1.9940965327269675,0.0,0.0,0.0,0.0,0.0,0.0,camera_rotation_center_and_target_diameter_scale_single_view,7.933530018796592,0.0,10000,10000,True,True,True,/content/cv3d-project/data/cache/reconstruction/predictions/02958343/12498dd65e8d65ac3b6f5204eb590354/f1eb751d4ebb714a9dfb901c.npz,5c12392696a8a6671fd92239791c0de6d37615636c67f5d40b93c898ed5c4812,/content/cv3d-project/data/cache/reconstruction/metrics/02958343/12498dd65e8d65ac3b6f5204eb590354/21b4cdda56993f43e5b095bb.json,3.8721669998267316
02958343/12498dd65e8d65ac3b6f5204eb590354,vggt,2,"[0, 5]",0.2128331599637349,0.36956166540287316,0.5262901708420115,0.0,0.0,0.0,1.9940965327269675,0.0,0.0,0.0,0.0,0.0,0.0,camera_pose_sim3,1.6411402528519792,0.0077581025603666405,10000,10000,True,False,True,/content/cv3d-project/data/cache/reconstruction/predictions/02958343/12498dd65e8d65ac3b6f5204eb590354/571272afbf9e90bbc4a899e0.npz,c2305716fa610f3384fe90f8b9f8c6b04fbd6ecb976ada883563c3dc362b181d,/content/cv3d-project/data/cache/reconstruction/metrics/02958343/12498dd65e8d65ac3b6f5204eb590354/5485d224c804fddd0032acee.json,11.965313000018796
02958343/12498dd65e8d65ac3b6f5204eb590354,vggt,3,"[0, 5, 25]",0.16149688531226572,0.2505562612591918,0.33961563720611787,0.0057263157894736835,0.0,0.0,1.9940965327269675,0.0272,0.0,0.0,0.0032,0.0,0.0,camera_pose_sim3,2.3119887722099537,0.5369103569796244,10000,10000,True,False,True,/content/cv3d-project/data/cache/reconstruction/predictions/02958343/12498dd65e8d65ac3b6f5204eb590354/c745a2074d414480c305d2c6.npz,b09a628561c9e5f5448bfc85ca66530afb72b8d265ffc17a15960a6ba0d3999c,/content/cv3d-project/data/cache/reconstruction/metrics/02958343/12498dd65e8d65ac3b6f5204eb590354/604609584862f1207b595706.json,11.273435000020982
02958343/12498dd65e8d65ac3b6f5204eb590354,vggt,5,"[0, 5, 25, 33, 18]",0.062277516678506006,0.12371182837653236,0.1851461400745587,0.3610966362045499,0.026623062015503875,0.06003991525423728,1.9940965327269675,0.795,0.0875,0.2007,0.2336,0.0157,0.0353,camera_pose_sim3,2.3903795204748515,0.48963017048747426,10000,10000,True,False,True,/content/cv3d-project/data/cache/reconstruction/predictions/02958343/12498dd65e8d65ac3b6f5204eb590354/4d550fb6e40a0bf4dd988264.npz,2de50a386745f0b8d072d61d3036934df474b1ba8f71312bc2abc4442b59b66a,/content/cv3d-project/data/cache/reconstruction/metrics/02958343/12498dd65e8d65ac3b6f5204eb590354/615236137108b7800f766c37.json,12.315720000060537
02958343/12498dd65e8d65ac3b6f5204eb590354,vggt,10,"[0, 5, 25, 33, 18, 40, 46, 31, 23, 16]",0.5048321625074246,0.5920281913747728,0.679224220242121,0.0,0.0,0.0,1.9940965327269675,0.0,0.0,0.0,0.0,0.0,0.0,camera_pose_sim3,1.8370475407717761,0.8148238218357678,10000,10000,True,False,True,/content/cv3d-project/data/cache/reconstruction/predictions/02958343/12498dd65e8d65ac3b6f5204eb590354/575eb22f22d725ea2625af95.npz,8f45c80c53fc4e0cd0aa8ee7c0cea7cd621a590e415330d6df058a630b71d695,/content/cv3d-project/data/cache/reconstruction/metrics/02958343/12498dd65e8d65ac3b6f5204eb590354/645b8fc8c9d44abc09670758.json,12.472130999867659
02958343/1254c6ad2b420879d7622e6da48b19e5,vggt,1,[0],2.3502383482457136,2.538643696741155,2.7270490452365967,0.0,0.0,0.0,1.9881267202434503,0.0,0.0,0.0,0.0,0.0,0.0,camera_rotation_center_and_target_diameter_scale_single_view,8.312978007364467,0.0,10000,10000,True,True,True,/content/cv3d-project/data/cache/reconstruction/predictions/02958343/1254c6ad2b420879d7622e6da48b19e5/4af4590dfbb9bac7bab63587.npz,17ba10ebc94110197a58f9a5a5d26aa4319420bd7afe983f68bef865ca79e995,/content/cv3d-project/data/cache/reconstruction/metrics/02958343/1254c6ad2b420879d7622e6da48b19e5/52f8e918bb14da829a2d2daa.json,4.037532999973337
02958343/1254c6ad2b420879d7622e6da48b19e5,vggt,2,"[0, 18]",0.038412280335651916,0.14997420305308234,0.2615361257705128,0.1988317901234568,0.013844075067024127,0.02708746502518187,1.9881267202434503,0.9911,0.1793,0.3433,0.1105,0.0072,0.0141,camera_pose_sim3,1.9803776573630225,0.8138704986472145,10000,10000,True,False,True,/content/cv3d-project/data/cache/reconstruction/predictions/02958343/1254c6ad2b420879d7622e6da48b19e5/97e9cc028f3c1b1007486f49.npz,0764ac1953103388073cf39436d649f59901e054046b5b11cda08bf96ef54b8c,/content/cv3d-project/data/cache/reconstruction/metrics/02958343/1254c6ad2b420879d7622e6da48b19e5/606abaf91c6604edda622429.json,11.849191000237624
02958343/1254c6ad2b420879d7622e6da48b19e5,vggt,3,"[0, 18, 5]",0.021571747349629782,0.07911920259820862,0.13666665784678747,0.616491422246818,0.04859280694501861,0.11894276516435105,1.9881267202434503,1.0,0.2145,0.5231,0.4456,0.0274,0.0671,camera_pose_sim3,2.8029631877413252,0.15108779750038684,10000,10000,True,False,True,/content/cv3d-project/data/cache/reconstruction/predictions/02958343/1254c6ad2b420879d7622e6da48b19e5/ba4fc6239079b4874d361b0d.npz,334bcc02b763385572e4737672ec3eb225df1cd67d80ab754d7298b5b11cb66a,/content/cv3d-project/data/cache/reconstruction/metrics/02958343/1254c6ad2b420879d7622e6da48b19e5/7fd0d4a9eafde2d5f442d84e.json,11.45400499990501
02958343/1254c6ad2b420879d7622e6da48b19e5,vggt,5,"[0, 18, 5, 26, 8]",0.09578696096224479,0.22171146203971864,0.34763596311719247,0.05144434706397896,0.0,0.0,1.9881267202434503,0.5435,0.0,0.0,0.027,0.0,0.0,camera_pose_sim3,1.2305139034806993,0.9820452257997241,10000,10000,True,False,True,/content/cv3d-project/data/cache/reconstruction/predictions/02958343/1254c6ad2b420879d7622e6da48b19e5/6a5925178835c1514d4d47b9.npz,0fe18ba360288ca2ed6e8ab22dd5c4e6a624f014428467770412c995917f245e,/content/cv3d-project/data/cache/reconstruction/metrics/02958343/1254c6ad2b420879d7622e6da48b19e5/b14f195cbcafae19b8b456c9.json,12.065958000221144
02958343/1254c6ad2b420879d7622e6da48b19e5,vggt,10,"[0, 18, 5, 26, 8, 16, 45, 39, 17, 25]",0.1865001301146094,0.253554649142735,0.3206091681708606,0.0,0.0,0.0,1.9881267202434503,0.0,0.0,0.0,0.0,0.0,0.0,camera_pose_sim3,1.2922288595157747,1.1651334996871017,10000,10000,True,False,True,/content/cv3d-project/data/cache/reconstruction/predictions/02958343/1254c6ad2b420879d7622e6da48b19e5/6ea1ff902179530eb53ec35d.npz,1429988bf888e6216d513e11f23025619ad824a838fb47a33eb98171d5ed03e4,/content/cv3d-project/data/cache/reconstruction/metrics/02958343/1254c6ad2b420879d7622e6da48b19e5/1730cf01ddf5f4ab8f6dcc7b.json,11.978087999978015
02958343/125a4780c2d5095d19454008aa267bf,vggt,1,[0],3.52165914519924,3.731472501227354,3.941285857255468,0.0,0.0,0.0,1.9874537120093378,0.0,0.0,0.0,0.0,0.0,0.0,camera_rotation_center_and_target_diameter_scale_single_view,10.640529714204716,0.0,10000,10000,True,True,True,/content/cv3d-project/data/cache/reconstruction/predictions/02958343/125a4780c2d5095d19454008aa267bf/ab16f69caf3ba6d19f8e9e04.npz,3be6ea7e6f77f61e69cd043fc8ab4b90430b6b04ee882eb6c606b14b8ec6d780,/content/cv3d-project/data/cache/reconstruction/metrics/02958343/125a4780c2d5095d19454008aa267bf/401b46a7d99f26fbb944244a.json,3.9012960000945895
02958343/125a4780c2d5095d19454008aa267bf,vggt,2,"[0, 17]",0.44932194284102644,0.576002562245588,0.7026831816501495,0.0,0.0,0.0,1.9874537120093378,0.0,0.0,0.0,0.0,0.0,0.0,camera_pose_sim3,2.0063805325208457,0.5442612736799642,10000,10000,True,False,True,/content/cv3d-project/data/cache/reconstruction/predictions/02958343/125a4780c2d5095d19454008aa267bf/c8095055622df7def173e160.npz,00e7a824ef29702f7596b9fd289fde5ed3817cf051f94755cf5300f1bb2ddf8b,/content/cv3d-project/data/cache/reconstruction/metrics/02958343/125a4780c2d5095d19454008aa267bf/969843c9bdc676ed3b8dc783.json,11.854855999899883
02958343/125a4780c2d5095d19454008aa267bf,vggt,3,"[0, 17, 25]",0.6015160736806291,0.7308917854892926,0.860267497297956,0.0,0.0,0.0,1.9874537120093378,0.0,0.0,0.0,0.0,0.0,0.0,camera_pose_sim3,0.38680889168959914,1.0085079776525234,10000,10000,True,False,True,/content/cv3d-project/data/cache/reconstruction/predictions/02958343/125a4780c2d5095d19454008aa267bf/44baa3f5cc078791b685ef25.npz,7d63f9bc75ee6ae83c08aa8d8b04560069e773be6d15c05435a2a989ca4f3df8,/content/cv3d-project/data/cache/reconstruction/metrics/02958343/125a4780c2d5095d19454008aa267bf/b10cf91e510285a84121a40a.json,11.395455000183574
02958343/125a4780c2d5095d19454008aa267bf,vggt,5,"[0, 17, 25, 45, 39]",0.8084382896882654,0.89848085755866,0.9885234254290547,0.0,0.0,0.0,1.9874537120093378,0.0,0.0,0.0,0.0,0.0,0.0,camera_pose_sim3,2.5759848594810197,0.8638716754781876,10000,10000,True,False,True,/content/cv3d-project/data/cache/reconstruction/predictions/02958343/125a4780c2d5095d19454008aa267bf/710caebe0fc6336f4f33ac89.npz,cf1d9d3de61bcd59f51dc34c8585a13a8500db68c2937e831148bf9a4d981a07,/content/cv3d-project/data/cache/reconstruction/metrics/02958343/125a4780c2d5095d19454008aa267bf/699d5fc9731c778cd16bcda9.json,12.278181000056065
02958343/125a4780c2d5095d19454008aa267bf,vggt,10,"[0, 17, 25, 45, 39, 8, 31, 34, 16, 24]",0.7790326467547327,0.8787747581674079,0.9785168695800831,0.0,0.0,0.0,1.9874537120093378,0.0,0.0,0.0,0.0,0.0,0.0,camera_pose_sim3,1.26504736243649,0.9416744310148234,10000,10000,True,False,True,/content/cv3d-project/data/cache/reconstruction/predictions/02958343/125a4780c2d5095d19454008aa267bf/f7818591166c4cf979416a8b.npz,59a176a18e5bf59bb4f5478e63102e7fc6a7bd236bbac075294094fda8ccb479,/content/cv3d-project/data/cache/reconstruction/metrics/02958343/125a4780c2d5095d19454008aa267bf/f348031894121b1da9aee9e1.json,12.7223800000138
02958343/12796524ffbadb755400f0dc3171dfcd,vggt,1,[0],2.108618169074557,2.3268564800781077,2.5450947910816586,0.0,0.0,0.0,1.9567954294021228,0.0,0.0,0.0,0.0,0.0,0.0,camera_rotation_center_and_target_diameter_scale_single_view,7.8970856173957396,0.0,9582,10000,True,True,True,/content/cv3d-project/data/cache/reconstruction/predictions/02958343/12796524ffbadb755400f0dc3171dfcd/c782047d2a4ff71b06aabaa0.npz,b4ba6034d90a2eacfb2cfbe6d833f72c58513746b92429e4a572fa3ec5ad2898,/content/cv3d-project/data/cache/reconstruction/metrics/02958343/12796524ffbadb755400f0dc3171dfcd/4bedb4868e6fbc354ad0ba92.json,3.7497690000236616
02958343/12796524ffbadb755400f0dc3171dfcd,vggt,2,"[0, 25]",0.04388361481105348,0.14119844423322453,0.2385132736553956,0.21762766241867926,0.0009576271186440678,0.008255037313432837,1.9567954294021228,1.0,0.0113,0.1029,0.1221,0.0005,0.0043,camera_pose_sim3,1.1659186005347772,1.0688665806334743,10000,10000,True,False,True,/content/cv3d-project/data/cache/reconstruction/predictions/02958343/12796524ffbadb755400f0dc3171dfcd/e706b186feb655922ad98733.npz,9353d2f1d319c0621a4f0cf2eb219bca68299c6f9b4543b21c4dd5d75d169f5c,/content/cv3d-project/data/cache/reconstruction/metrics/02958343/12796524ffbadb755400f0dc3171dfcd/b535055f46a320b2cc218395.json,11.89076800028488
02958343/12796524ffbadb755400f0dc3171dfcd,vggt,3,"[0, 25, 33]",0.17139394018455856,0.2696790093387278,0.3679640784928971,0.0,0.0,0.0,1.9567954294021228,0.0,0.0,0.0,0.0,0.0,0.0,camera_pose_sim3,0.7114724422191767,1.1142966663548917,10000,10000,True,False,True,/content/cv3d-project/data/cache/reconstruction/predictions/02958343/12796524ffbadb755400f0dc3171dfcd/b56fbdee13d314a6a0a14045.npz,e6cf7c6e4ae0980f6501398b1fe2e1d5d854852e8dd7cc66ed7e10bb437e2658,/content/cv3d-project/data/cache/reconstruction/metrics/02958343/12796524ffbadb755400f0dc3171dfcd/5c8457a0da94229f424ac7ac.json,12.608877000275243
02958343/12796524ffbadb755400f0dc3171dfcd,vggt,5,"[0, 25, 33, 41, 34]",0.25318644358512365,0.37244612644634545,0.4917058093075672,0.0,0.0,0.0,1.9567954294021228,0.0,0.0,0.0,0.0,0.0,0.0,camera_pose_sim3,0.5790190287270605,1.053379923315366,10000,10000,True,False,True,/content/cv3d-project/data/cache/reconstruction/predictions/02958343/12796524ffbadb755400f0dc3171dfcd/ca309eb4ebe08c141fa0374a.npz,8d0b021b23109a5a0f02c6fc2775c1a234297af8607e110a285bc4097890a26c,/content/cv3d-project/data/cache/reconstruction/metrics/02958343/12796524ffbadb755400f0dc3171dfcd/2a4bb3f1bc47c6fa1b1dce37.json,11.357715000031021
02958343/12796524ffbadb755400f0dc3171dfcd,vggt,10,"[0, 25, 33, 41, 34, 44, 36, 37, 40, 32]",0.2423932350074093,0.3811360108003292,0.5198787865932492,0.0,0.0,0.0,1.9567954294021228,0.0,0.0,0.0,0.0,0.0,0.0,camera_pose_sim3,1.418551058983377,0.8174578960551049,10000,10000,True,False,True,/content/cv3d-project/data/cache/reconstruction/predictions/02958343/12796524ffbadb755400f0dc3171dfcd/b33ca0f379d0fd255d47403d.npz,3447eea2ce417f6fea68715a8e7e47800b8852d184203609ef6ff84798de6b75,/content/cv3d-project/data/cache/reconstruction/metrics/02958343/12796524ffbadb755400f0dc3171dfcd/98eb06ff45235fd6605fbe33.json,12.351390999810974
02958343/127b9ba77b54ba59bda733a39f84326d,vggt,1,[0],3.391316249330677,3.614213295515805,3.8371103417009325,0.0,0.0,0.0,1.908890651900716,0.0,0.0,0.0,0.0,0.0,0.0,camera_rotation_center_and_target_diameter_scale_single_view,10.248579042853653,0.0,8197,10000,True,True,True,/content/cv3d-project/data/cache/reconstruction/predictions/02958343/127b9ba77b54ba59bda733a39f84326d/11dba142d9fc13bfd135cb0e.npz,0f044cd214df36e4929530683334948d6a923e6706de2fe0fa7fc23d81be94ca,/content/cv3d-project/data/cache/reconstruction/metrics/02958343/127b9ba77b54ba59bda733a39f84326d/c6072ad398263ab8cd41053b.json,3.4891199998128286
02958343/127b9ba77b54ba59bda733a39f84326d,vggt,2,"[0, 5]",0.5023645448032726,0.7003709953417196,0.8983774458801668,0.0,0.0,0.0,1.908890651900716,0.0,0.0,0.0,0.0,0.0,0.0,camera_pose_sim3,1.0638637888297355,0.017518840341109652,10000,10000,True,False,True,/content/cv3d-project/data/cache/reconstruction/predictions/02958343/127b9ba77b54ba59bda733a39f84326d/42798f58f28a5e0c7054aa16.npz,5a97bb264fa56a481613f40ee2b60bfdc6a136e8f2182d9c9baa89249097ca23,/content/cv3d-project/data/cache/reconstruction/metrics/02958343/127b9ba77b54ba59bda733a39f84326d/e019c04e71d177b8b5526501.json,11.731951000001573
02958343/127b9ba77b54ba59bda733a39f84326d,vggt,3,"[0, 5, 17]",0.09561601838512677,0.17736710931991803,0.2591182002547093,0.14030285434676237,0.0004444444444444445,0.0033054794520547943,1.908890651900716,0.5323,0.0005,0.0127,0.0808,0.0004,0.0019,camera_pose_sim3,2.1323974053277626,0.4654988656608598,10000,10000,True,False,True,/content/cv3d-project/data/cache/reconstruction/predictions/02958343/127b9ba77b54ba59bda733a39f84326d/45a0553bcc6e1d530375d31a.npz,b454e762249a65eb7bcf3f9ccb6c928708948a3621010ef1a95c2b36082f1d76,/content/cv3d-project/data/cache/reconstruction/metrics/02958343/127b9ba77b54ba59bda733a39f84326d/6488461350e775309b1ad07f.json,11.7799110003034
02958343/127b9ba77b54ba59bda733a39f84326d,vggt,5,"[0, 5, 17, 25, 31]",0.01845313212323338,0.056533741877735216,0.09461435163223705,0.7416635208254688,0.09132626165220187,0.21313345915341061,1.908890651900716,1.0,0.2555,0.6128,0.5894,0.0556,0.129,camera_pose_sim3,2.541116230512411,0.19579147460978594,10000,10000,True,False,True,/content/cv3d-project/data/cache/reconstruction/predictions/02958343/127b9ba77b54ba59bda733a39f84326d/2d0924468ecc6cfb8d4f6f5f.npz,8bb0d422b400e21cb4f7078585fb32d6009e35f765cd59a61f1558149b838a10,/content/cv3d-project/data/cache/reconstruction/metrics/02958343/127b9ba77b54ba59bda733a39f84326d/8958f97f79aee21d7ae3b497.json,11.410230999899795
02958343/127b9ba77b54ba59bda733a39f84326d,vggt,10,"[0, 5, 17, 25, 31, 23, 16, 8, 38, 24]",0.016177962722410993,0.04045093318392933,0.06472390364544767,0.884177638919884,0.18409024114544087,0.34040309092833704,1.908890651900716,1.0,0.4123,0.722,0.7924,0.1185,0.2227,camera_pose_sim3,2.5146341379729495,0.24095842523188934,10000,10000,True,False,True,/content/cv3d-project/data/cache/reconstruction/predictions/02958343/127b9ba77b54ba59bda733a39f84326d/e73885db462bd9ab74ae1937.npz,40499d12c6b2cfa0cd4be8ac41a5f122ddcdb25d1a3397d05c12f31e24a1f92a,/content/cv3d-project/data/cache/reconstruction/metrics/02958343/127b9ba77b54ba59bda733a39f84326d/dadc47b50607564a106d3b60.json,13.240071999916836
02958343/128ad72f92a3e96db96212c8f6cd06e,vggt,1,[0],3.717708541062189,3.9035281452414052,4.089347749420622,0.0,0.0,0.0,1.9878213829360125,0.0,0.0,0.0,0.0,0.0,0.0,camera_rotation_center_and_target_diameter_scale_single_view,11.028889673024487,0.0,10000,10000,True,True,True,/content/cv3d-project/data/cache/reconstruction/predictions/02958343/128ad72f92a3e96db96212c8f6cd06e/d673000bccc1cf38d7af175a.npz,ff033064aba426a8112a8d66dbe19c290d7b0f61a250d3ac665776f75334efe7,/content/cv3d-project/data/cache/reconstruction/metrics/02958343/128ad72f92a3e96db96212c8f6cd06e/4a45f8c357fe6cf2950d8b2d.json,3.8052410000091186
02958343/128ad72f92a3e96db96212c8f6cd06e,vggt,2,"[0, 5]",0.8612890065506975,1.0544482869547092,1.247607567358721,0.0,0.0,0.0,1.9878213829360125,0.0,0.0,0.0,0.0,0.0,0.0,camera_pose_sim3,0.7310192384020584,0.06126388596195933,10000,10000,True,False,True,/content/cv3d-project/data/cache/reconstruction/predictions/02958343/128ad72f92a3e96db96212c8f6cd06e/fc40085a15fba5e9df5cea6c.npz,772f038c76aad6dc5c1570b0473aeecfaa96fe16c308a8b3dc68fe5f74733ccf,/content/cv3d-project/data/cache/reconstruction/metrics/02958343/128ad72f92a3e96db96212c8f6cd06e/c9438334725c3bf2fd44414e.json,12.458521000098699
02958343/128ad72f92a3e96db96212c8f6cd06e,vggt,3,"[0, 5, 23]",0.11078521608502077,0.23211948324058973,0.3534537503961587,0.10428734858681021,0.0,0.0,1.9878213829360125,0.3855,0.0,0.0,0.0603,0.0,0.0,camera_pose_sim3,2.192969931089772,0.23336384302240318,10000,10000,True,False,True,/content/cv3d-project/data/cache/reconstruction/predictions/02958343/128ad72f92a3e96db96212c8f6cd06e/ce38034d0efc570ca19f6754.npz,9caee182f1248d65cdd36c95605754c1d7881d1e017f82e60360141da68a911f,/content/cv3d-project/data/cache/reconstruction/metrics/02958343/128ad72f92a3e96db96212c8f6cd06e/60faa61fbe84dcdac21cca70.json,11.790283999744133
02958343/128ad72f92a3e96db96212c8f6cd06e,vggt,5,"[0, 5, 23, 16, 31]",0.07825752601352572,0.17461710696284335,0.270976687912161,0.18756397792649995,0.000942857142857143,0.0060496551724137934,1.9878213829360125,0.7444,0.0022,0.0102,0.1073,0.0006,0.0043,camera_pose_sim3,2.2297120180014818,0.2672618352676135,10000,10000,True,False,True,/content/cv3d-project/data/cache/reconstruction/predictions/02958343/128ad72f92a3e96db96212c8f6cd06e/eba153a61f265ab9ee65ac33.npz,a0d7dbd6c7abcf41736f196d1ec3144b6d7ebfe0b99b734f49480814f27562e5,/content/cv3d-project/data/cache/reconstruction/metrics/02958343/128ad72f92a3e96db96212c8f6cd06e/fe21f50a245892bf69f0908d.json,11.87822200017763
02958343/128ad72f92a3e96db96212c8f6cd06e,vggt,10,"[0, 5, 23, 16, 31, 24, 33, 38, 41, 34]",0.05730446837713927,0.12647190033347264,0.19563933228980598,0.26873869172520753,0.023411223021582734,0.056220472440944885,1.9878213829360125,0.9393,0.0546,0.1428,0.1568,0.0149,0.035,camera_pose_sim3,2.420272962726687,0.3757319144188378,10000,10000,True,False,True,/content/cv3d-project/data/cache/reconstruction/predictions/02958343/128ad72f92a3e96db96212c8f6cd06e/302a52d1fd5da4c258fe910d.npz,7b27274671ee4650506e6308c93ab6f19ed79e53a7f935a552c1732f2463560f,/content/cv3d-project/data/cache/reconstruction/metrics/02958343/128ad72f92a3e96db96212c8f6cd06e/10bc89f2f74ea9a3cbb6473d.json,12.309143000038603
02958343/12909f5d613953b8b3c9b3f81618206b,vggt,1,[0],4.771504448053026,4.986966372027184,5.202428296001342,0.0,0.0,0.0,1.9821938795438516,0.0,0.0,0.0,0.0,0.0,0.0,camera_rotation_center_and_target_diameter_scale_single_view,13.312101894333157,0.0,9566,10000,True,True,True,/content/cv3d-project/data/cache/reconstruction/predictions/02958343/12909f5d613953b8b3c9b3f81618206b/ac8c932c667c9c7aab20fcbc.npz,95c1567b8f8c24f00cb5f718a52099e1904ef706ff3703734c936907ad8fb644,/content/cv3d-project/data/cache/reconstruction/metrics/02958343/12909f5d613953b8b3c9b3f81618206b/4dc3c668ea81c0ad857d3fb1.json,3.70106999980635
02958343/12909f5d613953b8b3c9b3f81618206b,vggt,2,"[0, 26]",0.024240013721779714,0.10441080883952483,0.18458160395726994,0.23974652349938386,0.03470314358538658,0.056667239101717296,1.9821938795438516,1.0,0.3348,0.5758,0.1362,0.0183,0.0298,camera_pose_sim3,2.5801950853883646,0.10467690704418466,10000,10000,True,False,True,/content/cv3d-project/data/cache/reconstruction/predictions/02958343/12909f5d613953b8b3c9b3f81618206b/7290a20e48c9bbf7864941a9.npz,b41ab0a04fec805cff141ae1d2e65050543465582f017f855016c0ef38ab0248,/content/cv3d-project/data/cache/reconstruction/metrics/02958343/12909f5d613953b8b3c9b3f81618206b/c8a1071ae7e79ed2bab9fffc.json,11.868006999975478
02958343/12909f5d613953b8b3c9b3f81618206b,vggt,3,"[0, 26, 18]",0.03240277730417116,0.08302104190608389,0.13363930650799663,0.5218033998521803,0.01403143859649123,0.0366477463312369,1.9821938795438516,1.0,0.1351,0.3623,0.353,0.0074,0.0193,camera_pose_sim3,2.5804484476966065,0.09420400908322728,10000,10000,True,False,True,/content/cv3d-project/data/cache/reconstruction/predictions/02958343/12909f5d613953b8b3c9b3f81618206b/b5463f647d1b76087bbf9850.npz,e27f70b3833d6de4d606e7f7d1ff750a53b53a9007a1e4421fb4efa1d5fd2ac8,/content/cv3d-project/data/cache/reconstruction/metrics/02958343/12909f5d613953b8b3c9b3f81618206b/2e7a983eeb2d92a6416a6798.json,11.63772300014898
02958343/12909f5d613953b8b3c9b3f81618206b,vggt,5,"[0, 26, 18, 25, 33]",0.03100276145183,0.08669731451064963,0.14239186756946925,0.44163939535608543,0.015455999999999998,0.036236555232558136,1.9821938795438516,1.0,0.0966,0.2557,0.2834,0.0084,0.0195,camera_pose_sim3,2.5887874924291343,0.10531120169656522,10000,10000,True,False,True,/content/cv3d-project/data/cache/reconstruction/predictions/02958343/12909f5d613953b8b3c9b3f81618206b/3ce70f000793446c99d143d8.npz,6d614353245dc0c867dcccea0ec3ac95102cdf23b0ac1c5df71bba693dab05d0,/content/cv3d-project/data/cache/reconstruction/metrics/02958343/12909f5d613953b8b3c9b3f81618206b/1f20e1557a46f5e3096b63a9.json,11.918974999844067
02958343/12909f5d613953b8b3c9b3f81618206b,vggt,10,"[0, 26, 18, 25, 33, 40, 32, 39, 45, 34]",0.018083105835947456,0.10871978134952413,0.1993564568631008,0.5335093122158675,0.03743433595557612,0.09054077922077922,1.9821938795438516,1.0,0.1954,0.5668,0.3638,0.0207,0.0492,camera_pose_sim3,2.010435213493798,0.6173659301401249,10000,10000,True,False,True,/content/cv3d-project/data/cache/reconstruction/predictions/02958343/12909f5d613953b8b3c9b3f81618206b/0d99ec4225e4022049a32bd4.npz,5fccb0b070ac943babfffa0ea616ae79f07d5b064455876a4880581b1ef1398e,/content/cv3d-project/data/cache/reconstruction/metrics/02958343/12909f5d613953b8b3c9b3f81618206b/8727d7d7369286dcc679e289.json,12.080295000032493
02958343/12941cb870df79b9815337ac44abb964,vggt,1,[0],3.755677068273294,3.925417546694819,4.095158025116344,0.0,0.0,0.0,1.9343454121937067,0.0,0.0,0.0,0.0,0.0,0.0,camera_rotation_center_and_target_diameter_scale_single_view,10.984690451143477,0.0,8581,10000,True,True,True,/content/cv3d-project/data/cache/reconstruction/predictions/02958343/12941cb870df79b9815337ac44abb964/ca19edecba4bba4011d3d289.npz,77d2a675ace4b91379305737f27b9a26d098c1368ad8f1f0b0d6ff683a09b470,/content/cv3d-project/data/cache/reconstruction/metrics/02958343/12941cb870df79b9815337ac44abb964/758566cff0c0e256493cb7ed.json,3.5999169999740843
02958343/12941cb870df79b9815337ac44abb964,vggt,2,"[0, 17]",0.6035902310744132,0.652083108643712,0.7005759862130106,0.0,0.0,0.0,1.9343454121937067,0.0,0.0,0.0,0.0,0.0,0.0,camera_pose_sim3,2.6793007355472267,0.5974309104536567,10000,10000,True,False,True,/content/cv3d-project/data/cache/reconstruction/predictions/02958343/12941cb870df79b9815337ac44abb964/9e4d3060b98e8fd83d6e3af8.npz,888cbe1b217c1331ecdb7d1d2f164f30a93d208a98a1f4c8b99ad66d9a5f0bc5,/content/cv3d-project/data/cache/reconstruction/metrics/02958343/12941cb870df79b9815337ac44abb964/ded1f28bc7ce9b9ade88a05a.json,11.985373999777948
02958343/12941cb870df79b9815337ac44abb964,vggt,3,"[0, 17, 25]",0.9506541702226462,0.9811176438030043,1.0115811173833622,0.0,0.0,0.0,1.9343454121937067,0.0,0.0,0.0,0.0,0.0,0.0,camera_pose_sim3,2.9219875636107973,0.6365895732221886,10000,10000,True,False,True,/content/cv3d-project/data/cache/reconstruction/predictions/02958343/12941cb870df79b9815337ac44abb964/04f23ee84dedfd705053f6b4.npz,a3b8014322ce90350d4de29b3c86a94ee02ac8820c555aab1e1d075b717a4276,/content/cv3d-project/data/cache/reconstruction/metrics/02958343/12941cb870df79b9815337ac44abb964/411049fef0279161b707c48f.json,11.655655000140541
02958343/12941cb870df79b9815337ac44abb964,vggt,5,"[0, 17, 25, 45, 39]",0.03422901561281535,0.08337619656788613,0.1325233775229569,0.6275989844232485,0.05354599510318293,0.1048319008904375,1.9343454121937067,1.0,0.256,0.4574,0.4573,0.0299,0.0592,camera_pose_sim3,2.7271359593272253,0.24033066565424824,10000,10000,True,False,True,/content/cv3d-project/data/cache/reconstruction/predictions/02958343/12941cb870df79b9815337ac44abb964/4b771e615cfb155fd57fcf87.npz,4007c68aee73baf5e896c502d1f7c60823603a7304aa5d888876e633c27304bf,/content/cv3d-project/data/cache/reconstruction/metrics/02958343/12941cb870df79b9815337ac44abb964/8654b8fac85785f272ce27e8.json,11.70267000043168
02958343/12941cb870df79b9815337ac44abb964,vggt,10,"[0, 17, 25, 45, 39, 33, 41, 38, 31, 24]",0.01537776558891382,0.047501126810350076,0.07962448803178633,0.8098071887645798,0.1477738336713996,0.302500385786802,1.9343454121937067,1.0,0.4025,0.7984,0.6804,0.0905,0.1866,camera_pose_sim3,2.855465000435998,0.11778366736511578,10000,10000,True,False,True,/content/cv3d-project/data/cache/reconstruction/predictions/02958343/12941cb870df79b9815337ac44abb964/913882e13f7c0788a63582bd.npz,3fdc4c491371a00b6ab44cb2a1819b0300980356ef8c5f8d8badf6b48cb3ef2c,/content/cv3d-project/data/cache/reconstruction/metrics/02958343/12941cb870df79b9815337ac44abb964/6d40899fe1e93731f87e13f1.json,12.459136999950715
02958343/12b5e4f52c22b348d8499d8846cb4c3b,vggt,1,[0],4.908915039286754,5.132734191517013,5.356553343747271,0.0,0.0,0.0,1.977447904215327,0.0,0.0,0.0,0.0,0.0,0.0,camera_rotation_center_and_target_diameter_scale_single_view,13.50202612681435,0.0,8373,10000,True,True,True,/content/cv3d-project/data/cache/reconstruction/predictions/02958343/12b5e4f52c22b348d8499d8846cb4c3b/80be382f2ddd5e5feea915fb.npz,d55fa8910263cbf660130fc70dd814b9b37b3b603099746a76d4d43d0a6d70f5,/content/cv3d-project/data/cache/reconstruction/metrics/02958343/12b5e4f52c22b348d8499d8846cb4c3b/b72f7bb87fd67a33dac71815.json,3.5738070000661537
02958343/12b5e4f52c22b348d8499d8846cb4c3b,vggt,2,"[0, 5]",0.25426573560167925,0.44057863778996975,0.6268915399782602,0.0,0.0,0.0,1.977447904215327,0.0,0.0,0.0,0.0,0.0,0.0,camera_pose_sim3,1.4042163586925445,0.03415186317058177,10000,10000,True,False,True,/content/cv3d-project/data/cache/reconstruction/predictions/02958343/12b5e4f52c22b348d8499d8846cb4c3b/dce1949f40b85c95dc1fef1a.npz,3a084b4cca05f90f01ad61dd61e57fb7eb234c94c5ccdd73b884ef50cfcba4d4,/content/cv3d-project/data/cache/reconstruction/metrics/02958343/12b5e4f52c22b348d8499d8846cb4c3b/2dbb41474fd3c84f65b41329.json,11.631588999989617
02958343/12b5e4f52c22b348d8499d8846cb4c3b,vggt,3,"[0, 5, 17]",0.14903847586313934,0.22399130944760395,0.29894414303206857,0.03610944206008584,0.0,0.0,1.977447904215327,0.1185,0.0,0.0,0.0213,0.0,0.0,camera_pose_sim3,2.148167891482232,0.4121344356887074,10000,10000,True,False,True,/content/cv3d-project/data/cache/reconstruction/predictions/02958343/12b5e4f52c22b348d8499d8846cb4c3b/aad22ca1d5b6509fd7aec2ab.npz,7c9008c528f3f571596736f339478f78ac4409bbc8cad0e496cd3ecb928e74e8,/content/cv3d-project/data/cache/reconstruction/metrics/02958343/12b5e4f52c22b348d8499d8846cb4c3b/61776aaf0e52e75cc980adeb.json,11.89696300025389
02958343/12b5e4f52c22b348d8499d8846cb4c3b,vggt,5,"[0, 5, 17, 24, 35]",0.24888401025942675,0.3468481811054879,0.44481235195154906,0.0,0.0,0.0,1.977447904215327,0.0,0.0,0.0,0.0,0.0,0.0,camera_pose_sim3,0.8275875773449218,1.1928331837330883,10000,10000,True,False,True,/content/cv3d-project/data/cache/reconstruction/predictions/02958343/12b5e4f52c22b348d8499d8846cb4c3b/67fe56809f16a145c60327b0.npz,f752a2da4403346a377cb05789954a50f96251344b86bb6c2bdd51e682bd7b10,/content/cv3d-project/data/cache/reconstruction/metrics/02958343/12b5e4f52c22b348d8499d8846cb4c3b/1934fc71677d213e2e086d34.json,11.701919000188354
02958343/12b5e4f52c22b348d8499d8846cb4c3b,vggt,10,"[0, 5, 17, 24, 35, 26, 25, 44, 32, 37]",0.03766792907447942,0.09935661837344432,0.16104530767240924,0.4598731353644428,0.04804396430248943,0.08333125577100646,1.977447904215327,0.9977,0.1853,0.3865,0.2988,0.0276,0.0467,camera_pose_sim3,1.9457802598528116,0.7059798323076739,10000,10000,True,False,True,/content/cv3d-project/data/cache/reconstruction/predictions/02958343/12b5e4f52c22b348d8499d8846cb4c3b/91baef85c087356dfa4d8b89.npz,2837e30c378df7f8f35d2653cc9174aa7fb38d3c3c5efe6d9f7e4ae1522ed2f4,/content/cv3d-project/data/cache/reconstruction/metrics/02958343/12b5e4f52c22b348d8499d8846cb4c3b/53bf2fe81f1fdbbc991e099a.json,12.550546000056784
02958343/12d463649ed6c176ab98a7077c964a60,vggt,1,[0],2.1789956231319567,2.385740740228652,2.592485857325347,0.0,0.0,0.0,1.9777008574032484,0.0,0.0,0.0,0.0,0.0,0.0,camera_rotation_center_and_target_diameter_scale_single_view,8.018668536294577,0.0,9950,10000,True,True,True,/content/cv3d-project/data/cache/reconstruction/predictions/02958343/12d463649ed6c176ab98a7077c964a60/58ed19c22655bc1f475494cf.npz,1470cf1f6c186c1e14aecdd967d7a6f64c1c35e965b73421f606add8aaf8a48d,/content/cv3d-project/data/cache/reconstruction/metrics/02958343/12d463649ed6c176ab98a7077c964a60/a3c92cbe92c8609a957d7227.json,3.7904329997218156
02958343/12d463649ed6c176ab98a7077c964a60,vggt,2,"[0, 18]",0.04066439759935532,0.15077211684713696,0.2608798360949186,0.2328277120404661,0.010901304681504222,0.028492462311557786,1.9777008574032484,0.9749,0.1246,0.2835,0.1322,0.0057,0.015,camera_pose_sim3,2.2572228653131168,0.7428318239978792,10000,10000,True,False,True,/content/cv3d-project/data/cache/reconstruction/predictions/02958343/12d463649ed6c176ab98a7077c964a60/09e722b2dd68c985ad1ca88f.npz,243bc3b1caf5d2260fcd2669ab1a78e8cbf6d7fe901b2c339aef113333e214a5,/content/cv3d-project/data/cache/reconstruction/metrics/02958343/12d463649ed6c176ab98a7077c964a60/346a46d8d7c81a24cf9b325f.json,11.81425599997965
02958343/12d463649ed6c176ab98a7077c964a60,vggt,3,"[0, 18, 25]",0.3524469007448492,0.44648071416772583,0.5405145275906025,0.0,0.0,0.0,1.9777008574032484,0.0,0.0,0.0,0.0,0.0,0.0,camera_pose_sim3,0.862328807117833,0.9389033287731376,10000,10000,True,False,True,/content/cv3d-project/data/cache/reconstruction/predictions/02958343/12d463649ed6c176ab98a7077c964a60/2c6faf117a88563213aff233.npz,4a6e0eca2aab5250d3128565202c49235e8372499ee977bf09757fe73afcea0f,/content/cv3d-project/data/cache/reconstruction/metrics/02958343/12d463649ed6c176ab98a7077c964a60/b62f1fffc6d562053a7b94bb.json,11.908156000117742
02958343/12d463649ed6c176ab98a7077c964a60,vggt,5,"[0, 18, 25, 5, 44]",0.03233157271711012,0.08379424425522267,0.1352569157933352,0.5610475573782288,0.0534688864628821,0.11174417451660884,1.9777008574032484,1.0,0.1507,0.3364,0.3899,0.0325,0.067,camera_pose_sim3,2.458823404025668,0.23323808183977748,10000,10000,True,False,True,/content/cv3d-project/data/cache/reconstruction/predictions/02958343/12d463649ed6c176ab98a7077c964a60/1c5cad1d23840bdd77b724cc.npz,99011b2da7e3ba4d9e86e602271ea20a3aebcc032f1095f991dd1c3476e5e722,/content/cv3d-project/data/cache/reconstruction/metrics/02958343/12d463649ed6c176ab98a7077c964a60/405710144904f2bafcc42b93.json,11.684684000101697
02958343/12d463649ed6c176ab98a7077c964a60,vggt,10,"[0, 18, 25, 5, 44, 36, 39, 32, 37, 33]",0.02652300811819275,0.06533198327845997,0.1041409584387272,0.6876640419947507,0.0812391304347826,0.23221142949651935,1.9777008574032484,1.0,0.1515,0.4627,0.524,0.0555,0.155,camera_pose_sim3,2.31459897776213,0.22976189300582223,10000,10000,True,False,True,/content/cv3d-project/data/cache/reconstruction/predictions/02958343/12d463649ed6c176ab98a7077c964a60/7e88974086fef9e5e953ac84.npz,358782b4876396077e448ef522af18097b1822c863f156c73d27231bda2b8b83,/content/cv3d-project/data/cache/reconstruction/metrics/02958343/12d463649ed6c176ab98a7077c964a60/4e7477718b1d9e546b531784.json,12.634135000098468
02958343/12f2905dc029f59a2479fbc7da5ed22b,vggt,1,[0],3.369937041542709,3.586314097628965,3.8026911537152213,0.0,0.0,0.0,1.9823235267027075,0.0,0.0,0.0,0.0,0.0,0.0,camera_rotation_center_and_target_diameter_scale_single_view,10.4038602782619,0.0,9714,10000,True,True,True,/content/cv3d-project/data/cache/reconstruction/predictions/02958343/12f2905dc029f59a2479fbc7da5ed22b/6823fefda6e18b50902ef380.npz,a3ee7bdfd91559ffa0765ed50bc4cfd048d683e93fefd894f69d2edc32694b4d,/content/cv3d-project/data/cache/reconstruction/metrics/02958343/12f2905dc029f59a2479fbc7da5ed22b/a8e1316e5ec0c34bc403a229.json,4.017865000150778
02958343/12f2905dc029f59a2479fbc7da5ed22b,vggt,2,"[0, 5]",0.6777512212057597,0.8876990321218254,1.0976468430378912,0.0,0.0,0.0,1.9823235267027075,0.0,0.0,0.0,0.0,0.0,0.0,camera_pose_sim3,0.7913504701899003,0.05579669819406264,10000,10000,True,False,True,/content/cv3d-project/data/cache/reconstruction/predictions/02958343/12f2905dc029f59a2479fbc7da5ed22b/0d9d936905c91205508ab6cb.npz,8bae8aa5f195d13daa2a168045531baf8ad548957b895a0e7cb03cdd6ea08e84,/content/cv3d-project/data/cache/reconstruction/metrics/02958343/12f2905dc029f59a2479fbc7da5ed22b/d7dadfade28c5eeaa9c3c84b.json,12.53414899974814
02958343/12f2905dc029f59a2479fbc7da5ed22b,vggt,3,"[0, 5, 17]",0.7973003685585649,0.8497925756830088,0.9022847828074527,0.0,0.0,0.0,1.9823235267027075,0.0,0.0,0.0,0.0,0.0,0.0,camera_pose_sim3,2.3625905296922443,0.8200943979195087,10000,10000,True,False,True,/content/cv3d-project/data/cache/reconstruction/predictions/02958343/12f2905dc029f59a2479fbc7da5ed22b/221f357a2feab812503737a2.npz,c86692942a7e583a93d491e97df792c0a3c08144f94b3e91ede75e6fcac739a3,/content/cv3d-project/data/cache/reconstruction/metrics/02958343/12f2905dc029f59a2479fbc7da5ed22b/4ac1d8630901f361bd911725.json,12.204191999899194
02958343/12f2905dc029f59a2479fbc7da5ed22b,vggt,5,"[0, 5, 17, 25, 8]",0.11603038622837375,0.1595610453013269,0.20309170437428004,0.16978261105092093,0.0076742187500000005,0.014240347071583516,1.9823235267027075,0.2369,0.0209,0.0373,0.1323,0.0047,0.0088,camera_pose_sim3,2.5243820928093865,0.16362428728479594,10000,10000,True,False,True,/content/cv3d-project/data/cache/reconstruction/predictions/02958343/12f2905dc029f59a2479fbc7da5ed22b/1360e22db06cbe82941a679a.npz,f2eb7431afaac4b4ca16e372d7b9db7b452086e158b6a6c6a478c9c57e123eca,/content/cv3d-project/data/cache/reconstruction/metrics/02958343/12f2905dc029f59a2479fbc7da5ed22b/aefa3e9ad8fda294b37095ec.json,12.41062700000839
02958343/12f2905dc029f59a2479fbc7da5ed22b,vggt,10,"[0, 5, 17, 25, 8, 31, 39, 24, 33, 22]",0.6444346558227676,0.6993652331743461,0.7542958105259246,0.0,0.0,0.0,1.9823235267027075,0.0,0.0,0.0,0.0,0.0,0.0,camera_pose_sim3,2.09142319889766,0.5077641537724248,10000,10000,True,False,True,/content/cv3d-project/data/cache/reconstruction/predictions/02958343/12f2905dc029f59a2479fbc7da5ed22b/2e04b246977d02c0486e6cee.npz,ae5c849e354ac6d0313c3831822aa15475b73b89c31ad09e7816b197c8205a09,/content/cv3d-project/data/cache/reconstruction/metrics/02958343/12f2905dc029f59a2479fbc7da5ed22b/1e55761e81a18858cc727322.json,12.723338999876432
02958343/1328a95d69cefe32f200a72c9245aee7,vggt,1,[0],3.0959581122157096,3.2902032246763864,3.484448337137063,0.0,0.0,0.0,1.9841233112110757,0.0,0.0,0.0,0.0,0.0,0.0,camera_rotation_center_and_target_diameter_scale_single_view,9.965719120469117,0.0,10000,10000,True,True,True,/content/cv3d-project/data/cache/reconstruction/predictions/02958343/1328a95d69cefe32f200a72c9245aee7/c2e8d5c16c990894a4f7fb37.npz,4a2e0ee6007e53de210c81f7c34e4fc5b3b1804e62d3cfd3272d1c2a825e3464,/content/cv3d-project/data/cache/reconstruction/metrics/02958343/1328a95d69cefe32f200a72c9245aee7/67dd75c1b5a686bdc7b96be1.json,3.901066999787872
02958343/1328a95d69cefe32f200a72c9245aee7,vggt,2,"[0, 5]",0.8539010510278889,1.07328559381829,1.2926701366086908,0.0,0.0,0.0,1.9841233112110757,0.0,0.0,0.0,0.0,0.0,0.0,camera_pose_sim3,0.7395694482032026,0.10087254098242593,10000,10000,True,False,True,/content/cv3d-project/data/cache/reconstruction/predictions/02958343/1328a95d69cefe32f200a72c9245aee7/ccdf3179d687910d798b5377.npz,9f057eca9953118ca3467431872778f13776cc6de6f9c02f22fc2f2e4ba4cf83,/content/cv3d-project/data/cache/reconstruction/metrics/02958343/1328a95d69cefe32f200a72c9245aee7/37a4dbc20e3c1736b663d2c1.json,11.77325100024973
02958343/1328a95d69cefe32f200a72c9245aee7,vggt,3,"[0, 5, 17]",0.3996342489418753,0.5442202573968818,0.6888062658518884,0.0,0.0,0.0,1.9841233112110757,0.0,0.0,0.0,0.0,0.0,0.0,camera_pose_sim3,1.6265065481936387,0.6889758303228302,10000,10000,True,False,True,/content/cv3d-project/data/cache/reconstruction/predictions/02958343/1328a95d69cefe32f200a72c9245aee7/b0b02790cc246c6e392c720c.npz,bfa5269f46158b7da6485ebddea57a13ea2162970be62248b665a77b10f7f3a5,/content/cv3d-project/data/cache/reconstruction/metrics/02958343/1328a95d69cefe32f200a72c9245aee7/975dcdf08c4b80adb7bdd081.json,11.787765999997646
02958343/1328a95d69cefe32f200a72c9245aee7,vggt,5,"[0, 5, 17, 25, 45]",0.03352864946745989,0.09299654857555321,0.15246444768364653,0.4879413321236864,0.03187130434782609,0.08930480400825229,1.9841233112110757,1.0,0.1078,0.2864,0.3227,0.0187,0.0529,camera_pose_sim3,2.1070318634968777,0.843325744044563,10000,10000,True,False,True,/content/cv3d-project/data/cache/reconstruction/predictions/02958343/1328a95d69cefe32f200a72c9245aee7/1f37f46ebfc929902c2710ec.npz,c39dc175053e39f494def09cc2498204286a5f19c04f250c819ab3f19b842648,/content/cv3d-project/data/cache/reconstruction/metrics/02958343/1328a95d69cefe32f200a72c9245aee7/1939e452e8dec3dae6f9b904.json,11.750518000098964
02958343/1328a95d69cefe32f200a72c9245aee7,vggt,10,"[0, 5, 17, 25, 45, 39, 34, 24, 33, 41]",0.05702190422636812,0.11252748234757387,0.16803306046877964,0.38717282249693313,0.03239136408243376,0.0758935917721519,1.9841233112110757,0.8048,0.0817,0.2063,0.2549,0.0202,0.0465,camera_pose_sim3,2.5542037578705217,0.3790917424831291,10000,10000,True,False,True,/content/cv3d-project/data/cache/reconstruction/predictions/02958343/1328a95d69cefe32f200a72c9245aee7/b727d0cf65bc54c4de6d529f.npz,cf0d77bf860ae10a4d0f0e5bc1db1a749d6de76fe1ef50360ac6956691bb2edf,/content/cv3d-project/data/cache/reconstruction/metrics/02958343/1328a95d69cefe32f200a72c9245aee7/388c41e940e5e39ee812508d.json,12.852930999997625
02958343/1355f3aa779b599b16abce8cb03e7794,vggt,1,[0],4.126840773268372,4.335867437322719,4.544894101377067,0.0,0.0,0.0,1.9146573260432775,0.0,0.0,0.0,0.0,0.0,0.0,camera_rotation_center_and_target_diameter_scale_single_view,11.657813019814721,0.0,9549,10000,True,True,True,/content/cv3d-project/data/cache/reconstruction/predictions/02958343/1355f3aa779b599b16abce8cb03e7794/dd20ebe5f35e3feb482a9657.npz,83a3d220ede3f7e3335119d3ee8342a5a50083ab5f490c03e4b5fb89c9d22e80,/content/cv3d-project/data/cache/reconstruction/metrics/02958343/1355f3aa779b599b16abce8cb03e7794/8fd1e2920b6b17cb6c955820.json,3.785981999953947
02958343/1355f3aa779b599b16abce8cb03e7794,vggt,2,"[0, 4]",0.11951862291338913,0.32245445042037296,0.5253902779273568,0.01383177570093458,0.0,0.0,1.9146573260432775,0.0888,0.0,0.0,0.0075,0.0,0.0,camera_pose_sim3,1.6849729935753606,0.010938587493760098,10000,10000,True,False,True,/content/cv3d-project/data/cache/reconstruction/predictions/02958343/1355f3aa779b599b16abce8cb03e7794/b55094846823f2319a4a47d0.npz,5c4935ac013cd710d46188e4c34d83547b24c90df804458746f247b9997bfba5,/content/cv3d-project/data/cache/reconstruction/metrics/02958343/1355f3aa779b599b16abce8cb03e7794/7f01eb5d28908bed9e458aa5.json,12.749286000143911
02958343/1355f3aa779b599b16abce8cb03e7794,vggt,3,"[0, 4, 18]",0.08824127801261794,0.15396188334358402,0.21968248867455012,0.17518404653095138,0.0,0.00454765100671141,1.9146573260432775,0.6201,0.0,0.0121,0.102,0.0,0.0028,camera_pose_sim3,2.4352549068297416,0.2626376773378553,10000,10000,True,False,True,/content/cv3d-project/data/cache/reconstruction/predictions/02958343/1355f3aa779b599b16abce8cb03e7794/acb45c308c080d453d8e1f79.npz,b4830084ff546ff3d7bb9e1368e7838a7810f2606d713aecf8051a30d8c3095a,/content/cv3d-project/data/cache/reconstruction/metrics/02958343/1355f3aa779b599b16abce8cb03e7794/bb4650db704f2471fdca3c07.json,12.105367999993177
02958343/1355f3aa779b599b16abce8cb03e7794,vggt,5,"[0, 4, 18, 25, 10]",0.8005263698988945,0.8882102213919828,0.9758940728850711,0.0,0.0,0.0,1.9146573260432775,0.0,0.0,0.0,0.0,0.0,0.0,camera_pose_sim3,3.1916118170098176,0.4460417864868626,10000,10000,True,False,True,/content/cv3d-project/data/cache/reconstruction/predictions/02958343/1355f3aa779b599b16abce8cb03e7794/9458de8a905c2837b2f5f3af.npz,3fd888bc395987d8a284f75d6e05da28bebc0e090ff7e7fc1fede87a86842849,/content/cv3d-project/data/cache/reconstruction/metrics/02958343/1355f3aa779b599b16abce8cb03e7794/991452754af2103e24f5e25a.json,12.454849000278045
02958343/1355f3aa779b599b16abce8cb03e7794,vggt,10,"[0, 4, 18, 25, 10, 3, 33, 44, 7, 15]",0.01601682401241939,0.04175549633586621,0.06749416865931303,0.8815568728330164,0.0959331052831623,0.29289741968383476,1.9146573260432775,1.0,0.2,0.8013,0.7882,0.0631,0.1792,camera_pose_sim3,2.4594550952824137,0.10343020722275713,10000,10000,True,False,True,/content/cv3d-project/data/cache/reconstruction/predictions/02958343/1355f3aa779b599b16abce8cb03e7794/51d4e6c261a28d58c56f0854.npz,d76f9ea63603488936bb723d77823d7a4dbff45685522133efad155c63ebf5cb,/content/cv3d-project/data/cache/reconstruction/metrics/02958343/1355f3aa779b599b16abce8cb03e7794/570763e5978222cc8dbfda40.json,12.68982200008395
02958343/137f67657cdc9da5f985cd98f7d73e9a,vggt,1,[0],3.0848696787872183,3.298993914823825,3.513118150860431,0.0,0.0,0.0,1.9846640167062906,0.0,0.0,0.0,0.0,0.0,0.0,camera_rotation_center_and_target_diameter_scale_single_view,9.744572902429873,0.0,10000,10000,True,True,True,/content/cv3d-project/data/cache/reconstruction/predictions/02958343/137f67657cdc9da5f985cd98f7d73e9a/d7b21ba235f3c8023f70cec3.npz,8434d84cdcd9c9569c4c937b0278e320ac31563c03c50544ee099da48bef034e,/content/cv3d-project/data/cache/reconstruction/metrics/02958343/137f67657cdc9da5f985cd98f7d73e9a/2efd8c195b960a919643061a.json,3.896271000030538
02958343/137f67657cdc9da5f985cd98f7d73e9a,vggt,2,"[0, 5]",0.8169850784829985,0.99716129059369,1.1773375027043813,0.0,0.0,0.0,1.9846640167062906,0.0,0.0,0.0,0.0,0.0,0.0,camera_pose_sim3,0.7325416149123315,0.022187829265207445,10000,10000,True,False,True,/content/cv3d-project/data/cache/reconstruction/predictions/02958343/137f67657cdc9da5f985cd98f7d73e9a/44737dddf29d260b329caf6f.npz,031179848a5f83af18855bc4c684bd2004dbe02f31f6383c853145d900914797,/content/cv3d-project/data/cache/reconstruction/metrics/02958343/137f67657cdc9da5f985cd98f7d73e9a/05535122798fc322fb2041ca.json,12.022362000152498
02958343/137f67657cdc9da5f985cd98f7d73e9a,vggt,3,"[0, 5, 17]",0.36509643571086176,0.5264200058671965,0.6877435760235312,0.0,0.0,0.0,1.9846640167062906,0.0,0.0,0.0,0.0,0.0,0.0,camera_pose_sim3,1.1675505447366572,0.8876270666248076,10000,10000,True,False,True,/content/cv3d-project/data/cache/reconstruction/predictions/02958343/137f67657cdc9da5f985cd98f7d73e9a/98cd3927f7b938f062a00c8c.npz,e47bdb08038688c0c5d4867530d18900a792afedf9e94df9881fc0ed0d24bc69,/content/cv3d-project/data/cache/reconstruction/metrics/02958343/137f67657cdc9da5f985cd98f7d73e9a/f535133bd1d756b4a1eb7436.json,11.85026699977243
02958343/137f67657cdc9da5f985cd98f7d73e9a,vggt,5,"[0, 5, 17, 24, 45]",0.13497415751019626,0.25834776806616544,0.3817213786221346,0.021490296803652966,0.0,0.0,1.9846640167062906,0.1637,0.0,0.0,0.0115,0.0,0.0,camera_pose_sim3,1.1639307656839089,1.1385538142698568,10000,10000,True,False,True,/content/cv3d-project/data/cache/reconstruction/predictions/02958343/137f67657cdc9da5f985cd98f7d73e9a/35b2453842cf322797cd2a96.npz,ef9c4e824f46eb4ea8433e8fdd3944e2f844c1549fd50660689889bf0e8e833c,/content/cv3d-project/data/cache/reconstruction/metrics/02958343/137f67657cdc9da5f985cd98f7d73e9a/574356e9531b13947030e2db.json,12.129275999996025
02958343/137f67657cdc9da5f985cd98f7d73e9a,vggt,10,"[0, 5, 17, 24, 45, 39, 31, 9, 32, 42]",0.18719499876288898,0.24209047688538046,0.29698595500787195,0.06713881748071979,0.0004444444444444445,0.002464,1.9846640167062906,0.1066,0.0004,0.0028,0.049,0.0005,0.0022,camera_pose_sim3,2.4417666994785723,0.39655296500197046,10000,10000,True,False,True,/content/cv3d-project/data/cache/reconstruction/predictions/02958343/137f67657cdc9da5f985cd98f7d73e9a/02a9d78f396ea6be9aa05f32.npz,29e16ba84d7d5647d3fb490ec3455002c4ce80e804fa7da9dd03294fea3e70a3,/content/cv3d-project/data/cache/reconstruction/metrics/02958343/137f67657cdc9da5f985cd98f7d73e9a/51f29d7eda7bd38302313833.json,12.96438000008493
02958343/139718b631cbca546a36136419d55d5c,vggt,1,[0],3.8310320587953743,4.058284839080999,4.2855376193666235,0.0,0.0,0.0,1.9751853718837966,0.0,0.0,0.0,0.0,0.0,0.0,camera_rotation_center_and_target_diameter_scale_single_view,11.22237099027108,0.0,10000,10000,True,True,True,/content/cv3d-project/data/cache/reconstruction/predictions/02958343/139718b631cbca546a36136419d55d5c/304c64be83946f8bf14b3790.npz,eb5cc89451bbd61dd3e125b5c7a7729aa727489a1357ea4cc7e29c61d619e6b2,/content/cv3d-project/data/cache/reconstruction/metrics/02958343/139718b631cbca546a36136419d55d5c/0805435368bf895bd0cda1ed.json,3.9009060001262696
02958343/139718b631cbca546a36136419d55d5c,vggt,2,"[0, 26]",0.8546215403346609,0.9519154367572873,1.0492093331799137,0.0,0.0,0.0,1.9751853718837966,0.0,0.0,0.0,0.0,0.0,0.0,camera_pose_sim3,1.768139585456876,0.5473456329428346,10000,10000,True,False,True,/content/cv3d-project/data/cache/reconstruction/predictions/02958343/139718b631cbca546a36136419d55d5c/d825abddac64920e94214a35.npz,3cdc09738107523811c3fdfb84255ef94ee7ec2dd95e47d6039113de1bd01fac,/content/cv3d-project/data/cache/reconstruction/metrics/02958343/139718b631cbca546a36136419d55d5c/191846cf1600c25267b0f91a.json,11.922392000087711
02958343/139718b631cbca546a36136419d55d5c,vggt,3,"[0, 26, 18]",0.45149084443011434,0.5229314270092313,0.5943720095883485,0.0,0.0,0.0,1.9751853718837966,0.0,0.0,0.0,0.0,0.0,0.0,camera_pose_sim3,1.7786273817203964,0.4442597113825527,10000,10000,True,False,True,/content/cv3d-project/data/cache/reconstruction/predictions/02958343/139718b631cbca546a36136419d55d5c/ada707dcba42dc3bfcfaca86.npz,eb6f7497fea6b2bbbf2b9d281ab1ff08772471d792386c92b17c106446b513b0,/content/cv3d-project/data/cache/reconstruction/metrics/02958343/139718b631cbca546a36136419d55d5c/a87d36609c2f08d7a1db904e.json,11.748200000056386
02958343/139718b631cbca546a36136419d55d5c,vggt,5,"[0, 26, 18, 25, 32]",0.3443350100761188,0.3944305320789765,0.44452605408183427,0.0,0.0,0.0,1.9751853718837966,0.0,0.0,0.0,0.0,0.0,0.0,camera_pose_sim3,2.042569856657411,0.5812761136643843,10000,10000,True,False,True,/content/cv3d-project/data/cache/reconstruction/predictions/02958343/139718b631cbca546a36136419d55d5c/3442a3b84dbdf7310a8b2d79.npz,19e5e4afb761b3f122bc950b82379249e42455f2f7f053927ff3a7a649ae3257,/content/cv3d-project/data/cache/reconstruction/metrics/02958343/139718b631cbca546a36136419d55d5c/447cf2e47eee4cfab7d41514.json,11.91373699975884
02958343/139718b631cbca546a36136419d55d5c,vggt,10,"[0, 26, 18, 25, 32, 39, 24, 33, 35, 9]",0.29754854808379394,0.3327744539302161,0.3680003597766383,0.0,0.0,0.0,1.9751853718837966,0.0,0.0,0.0,0.0,0.0,0.0,camera_pose_sim3,2.389620904403827,0.32314290339818214,10000,10000,True,False,True,/content/cv3d-project/data/cache/reconstruction/predictions/02958343/139718b631cbca546a36136419d55d5c/7835ce5b6710462add4709d0.npz,64c2f693cede9829aa94af15e99eeae4fb861849b97e8944a9f166bdf058ad4a,/content/cv3d-project/data/cache/reconstruction/metrics/02958343/139718b631cbca546a36136419d55d5c/c6c06fbdff627e560c12656b.json,12.679739999839512
02958343/1399eab8ad7262eb7f3efc94c2d31dc5,vggt,1,[0],4.039299083709831,4.261634833525113,4.483970583340396,0.0,0.0,0.0,1.9453318399651676,0.0,0.0,0.0,0.0,0.0,0.0,camera_rotation_center_and_target_diameter_scale_single_view,11.637038834813357,0.0,9730,10000,True,True,True,/content/cv3d-project/data/cache/reconstruction/predictions/02958343/1399eab8ad7262eb7f3efc94c2d31dc5/3ea394f53065866eb1684a32.npz,300fd9e8f48a90f7a86e838f4fdd9f59bf37c9c3e814587a9f1cfe19dbad84ba,/content/cv3d-project/data/cache/reconstruction/metrics/02958343/1399eab8ad7262eb7f3efc94c2d31dc5/bbd31100606625b71c01acb1.json,3.870032000122592
02958343/1399eab8ad7262eb7f3efc94c2d31dc5,vggt,2,"[0, 5]",0.7184360883624532,0.9334885657817865,1.1485410432011198,0.0,0.0,0.0,1.9453318399651676,0.0,0.0,0.0,0.0,0.0,0.0,camera_pose_sim3,0.37760999623933844,0.28929510534208847,10000,10000,True,False,True,/content/cv3d-project/data/cache/reconstruction/predictions/02958343/1399eab8ad7262eb7f3efc94c2d31dc5/d9a79d688821841a3987c399.npz,27be3019f62537d7d984c8d235959c92fe43e68a70b06398509025351cdaaf9f,/content/cv3d-project/data/cache/reconstruction/metrics/02958343/1399eab8ad7262eb7f3efc94c2d31dc5/fd366b439a5a5a02e547232e.json,12.544264000098337
02958343/1399eab8ad7262eb7f3efc94c2d31dc5,vggt,3,"[0, 5, 17]",0.45607990480601346,0.636742278431986,0.8174046520579588,0.0,0.0,0.0,1.9453318399651676,0.0,0.0,0.0,0.0,0.0,0.0,camera_pose_sim3,1.4746601804955521,0.7255495136251786,10000,10000,True,False,True,/content/cv3d-project/data/cache/reconstruction/predictions/02958343/1399eab8ad7262eb7f3efc94c2d31dc5/728e18af9734fa014952fc2e.npz,67360f5d4b8ee2297aa9a9f762af0b1f6ddfb1072a74879d72492a287fce7d87,/content/cv3d-project/data/cache/reconstruction/metrics/02958343/1399eab8ad7262eb7f3efc94c2d31dc5/6161b259bbc09c10361a80b5.json,13.957194000340678
02958343/1399eab8ad7262eb7f3efc94c2d31dc5,vggt,5,"[0, 5, 17, 25, 31]",0.2489152390286233,0.34137794717791997,0.43384065532721666,0.0,0.0,0.0,1.9453318399651676,0.0,0.0,0.0,0.0,0.0,0.0,camera_pose_sim3,0.7342524846846494,1.2712444784722483,10000,10000,True,False,True,/content/cv3d-project/data/cache/reconstruction/predictions/02958343/1399eab8ad7262eb7f3efc94c2d31dc5/5020af3263782ca63f9d9e62.npz,82c3be01601348e7507974a8c1159d3b10fa222497a20365e34e155a545daeef,/content/cv3d-project/data/cache/reconstruction/metrics/02958343/1399eab8ad7262eb7f3efc94c2d31dc5/000646b4ec07797e1e459c7e.json,12.16510800031756
02958343/1399eab8ad7262eb7f3efc94c2d31dc5,vggt,10,"[0, 5, 17, 25, 31, 39, 8, 34, 42, 47]",0.46408590960785734,0.5021312230456827,0.540176536483508,0.0,0.0,0.0,1.9453318399651676,0.0,0.0,0.0,0.0,0.0,0.0,camera_pose_sim3,2.582049789425202,0.5890675572546008,10000,10000,True,False,True,/content/cv3d-project/data/cache/reconstruction/predictions/02958343/1399eab8ad7262eb7f3efc94c2d31dc5/1725d4d8533b3496b3f5b0f5.npz,905326254995d51f0f5fa67abce143cca34feaeaccb8009259cfe7cf3bcde2c0,/content/cv3d-project/data/cache/reconstruction/metrics/02958343/1399eab8ad7262eb7f3efc94c2d31dc5/046103c34dc92f5f76c78748.json,12.717939000140177
02958343/139df45393b6847838805e546aa28d99,vggt,1,[0],2.902264711321704,3.1065173281193834,3.310769944917063,0.0,0.0,0.0,1.9914343922907116,0.0,0.0,0.0,0.0,0.0,0.0,camera_rotation_center_and_target_diameter_scale_single_view,9.594383248612052,0.0,10000,10000,True,True,True,/content/cv3d-project/data/cache/reconstruction/predictions/02958343/139df45393b6847838805e546aa28d99/749c9a7ddad2682836510c9b.npz,917b3791a298860f7285845e066524ed98a52364fe9d27cbf0af8c1a2613d016,/content/cv3d-project/data/cache/reconstruction/metrics/02958343/139df45393b6847838805e546aa28d99/d3e259a38d265c5d94a234a6.json,3.9113020002332632
02958343/139df45393b6847838805e546aa28d99,vggt,2,"[0, 5]",0.30726352138666047,0.5110005402730062,0.714737559159352,0.0,0.0,0.0,1.9914343922907116,0.0,0.0,0.0,0.0,0.0,0.0,camera_pose_sim3,1.2896098691799422,0.035688910824980664,10000,10000,True,False,True,/content/cv3d-project/data/cache/reconstruction/predictions/02958343/139df45393b6847838805e546aa28d99/391ab92365c65958717e6cca.npz,efa12c4dd17d92d0b95736e3d4d1d0e2d4b5f7d4c2beaedf534b0c163cf9cdb9,/content/cv3d-project/data/cache/reconstruction/metrics/02958343/139df45393b6847838805e546aa28d99/9b4641e1fe0f6a543dc9228e.json,12.126738999995723
02958343/139df45393b6847838805e546aa28d99,vggt,3,"[0, 5, 24]",0.08876117637378653,0.1622666863178977,0.2357721962620089,0.16683171708799557,0.0011586206896551726,0.005849765258215962,1.9914343922907116,0.6277,0.0021,0.0178,0.0962,0.0008,0.0035,camera_pose_sim3,2.9183786798323177,0.17596225832041557,10000,10000,True,False,True,/content/cv3d-project/data/cache/reconstruction/predictions/02958343/139df45393b6847838805e546aa28d99/b9e9fff97997ce03a705f566.npz,d35d7261e4abecbc17318984a40d2ef38850dc8d26e3a87c512d644f0dca0729,/content/cv3d-project/data/cache/reconstruction/metrics/02958343/139df45393b6847838805e546aa28d99/bdbc23a8022564a1275632a9.json,12.89623799993933
02958343/139df45393b6847838805e546aa28d99,vggt,5,"[0, 5, 24, 33, 26]",0.048639202006735674,0.12496925781578191,0.20129931362482817,0.31445614383629683,0.030720827710301393,0.06621282051282051,1.9914343922907116,0.8117,0.2057,0.4557,0.195,0.0166,0.0357,camera_pose_sim3,2.8439862378795726,0.28815539775345195,10000,10000,True,False,True,/content/cv3d-project/data/cache/reconstruction/predictions/02958343/139df45393b6847838805e546aa28d99/530acb58bb67664910082c11.npz,dac0b48d1cb4277ace07c78eb520557df4c6688f02f908b3b26381d52c87dc3c,/content/cv3d-project/data/cache/reconstruction/metrics/02958343/139df45393b6847838805e546aa28d99/dfcdc784fceeaedb1861f00f.json,12.282768000204669
02958343/139df45393b6847838805e546aa28d99,vggt,10,"[0, 5, 24, 33, 26, 18, 32, 40, 39, 25]",0.019860288156186828,0.05354006281560836,0.08721983747502988,0.7880256938552903,0.07277515923566878,0.15602600359496707,1.9914343922907116,1.0,0.2397,0.5774,0.6502,0.0429,0.0902,camera_pose_sim3,2.4776476193410586,0.20201146751781818,10000,10000,True,False,True,/content/cv3d-project/data/cache/reconstruction/predictions/02958343/139df45393b6847838805e546aa28d99/f73714f04c6fe531d2e7b4bf.npz,82738168cc7d7115cc68cfe8c49165173c0a181c88be3b5859444b92d02649b6,/content/cv3d-project/data/cache/reconstruction/metrics/02958343/139df45393b6847838805e546aa28d99/74a0478288c29f0953b542b2.json,12.497690000145667
02958343/13d0f68f32a86bdfe3857ce739e6606f,vggt,1,[0],1.624290773363693,1.844335222440722,2.064379671517751,0.0,0.0,0.0,1.9641939180006072,0.0,0.0,0.0,0.0,0.0,0.0,camera_rotation_center_and_target_diameter_scale_single_view,6.796603095310767,0.0,10000,10000,True,True,True,/content/cv3d-project/data/cache/reconstruction/predictions/02958343/13d0f68f32a86bdfe3857ce739e6606f/102a04e78749153911c4a099.npz,d30fb8568729c7e6b76dbc86f8f06bfa76885db27e2c97902249a89ac1cc8e17,/content/cv3d-project/data/cache/reconstruction/metrics/02958343/13d0f68f32a86bdfe3857ce739e6606f/a0f3173fa0ffa45122b3da06.json,3.8988520000202698
02958343/13d0f68f32a86bdfe3857ce739e6606f,vggt,2,"[0, 17]",0.22229521264325341,0.29417353269398216,0.36605185274471086,0.0,0.0,0.0,1.9641939180006072,0.0,0.0,0.0,0.0,0.0,0.0,camera_pose_sim3,2.1394676948788454,0.7110292929263959,10000,10000,True,False,True,/content/cv3d-project/data/cache/reconstruction/predictions/02958343/13d0f68f32a86bdfe3857ce739e6606f/50c7d8a45d2ee74baaf853a5.npz,dd0a5b213dc8a430075d5fc7f851bbc99d7468b19eebd9e7c8b9aaeae07ac2ad,/content/cv3d-project/data/cache/reconstruction/metrics/02958343/13d0f68f32a86bdfe3857ce739e6606f/400dfb009a21df0116bc83f0.json,11.725851999926817
02958343/13d0f68f32a86bdfe3857ce739e6606f,vggt,3,"[0, 17, 25]",0.3973821077287523,0.4512648946916076,0.5051476816544628,0.0,0.0,0.0,1.9641939180006072,0.0,0.0,0.0,0.0,0.0,0.0,camera_pose_sim3,2.484979596776587,0.6539215241228156,10000,10000,True,False,True,/content/cv3d-project/data/cache/reconstruction/predictions/02958343/13d0f68f32a86bdfe3857ce739e6606f/d22132454773858482559db7.npz,04e9df91bdb458888da5273eb5f1c7f7cfcb625ec4386fce6d1b59748c980ebe,/content/cv3d-project/data/cache/reconstruction/metrics/02958343/13d0f68f32a86bdfe3857ce739e6606f/d350d0bcb60ebbdef1c142eb.json,11.8385370001306
02958343/13d0f68f32a86bdfe3857ce739e6606f,vggt,5,"[0, 17, 25, 8, 16]",0.2214238083670848,0.249968989616611,0.27851417086613717,0.0025185185185185185,0.0,0.0,1.9641939180006072,0.0034,0.0,0.0,0.002,0.0,0.0,camera_pose_sim3,2.40654740857556,0.48067044068526543,10000,10000,True,False,True,/content/cv3d-project/data/cache/reconstruction/predictions/02958343/13d0f68f32a86bdfe3857ce739e6606f/61562a1ebc849d83193343ef.npz,02bf1893795c1591e22cdfe62cb6d96e1929feaf5cc6cf1c71d098afb874c1a4,/content/cv3d-project/data/cache/reconstruction/metrics/02958343/13d0f68f32a86bdfe3857ce739e6606f/ff25ab540a099b4a22d0e499.json,12.166808000074525
02958343/13d0f68f32a86bdfe3857ce739e6606f,vggt,10,"[0, 17, 25, 8, 16, 34, 42, 45, 39, 24]",0.3818981738198561,0.4429829581142961,0.5040677424087361,0.0,0.0,0.0,1.9641939180006072,0.0,0.0,0.0,0.0,0.0,0.0,camera_pose_sim3,1.7794422340038634,0.8671066933064697,10000,10000,True,False,True,/content/cv3d-project/data/cache/reconstruction/predictions/02958343/13d0f68f32a86bdfe3857ce739e6606f/6121255ac9b44b6ca386bb83.npz,12b11b36f0e0f3c1eabf03cdba250d65332b43e82f8cc678c0f5912230f3d0f5,/content/cv3d-project/data/cache/reconstruction/metrics/02958343/13d0f68f32a86bdfe3857ce739e6606f/e09e46a19b0da3d508e0ddfe.json,13.60097599990695
02958343/14121abc9e2a868e52ab7aae4be20d81,vggt,1,[0],2.1175325613830935,2.318773786183311,2.5200150109835286,0.0,0.0,0.0,1.9835359629496319,0.0,0.0,0.0,0.0,0.0,0.0,camera_rotation_center_and_target_diameter_scale_single_view,7.874546273159979,0.0,10000,10000,True,True,True,/content/cv3d-project/data/cache/reconstruction/predictions/02958343/14121abc9e2a868e52ab7aae4be20d81/8508b8f7dca8a23c272d10b3.npz,23f57b8b5556c36d6c0751463e176ee22f1c27956f9512aaa11d2180283ba452,/content/cv3d-project/data/cache/reconstruction/metrics/02958343/14121abc9e2a868e52ab7aae4be20d81/6246efa3f1dd96d7c9d068c6.json,4.102011000213679
02958343/14121abc9e2a868e52ab7aae4be20d81,vggt,2,"[0, 26]",1.6656000982151296,1.7756353993204228,1.8856707004257158,0.0,0.0,0.0,1.9835359629496319,0.0,0.0,0.0,0.0,0.0,0.0,camera_pose_sim3_positive_scale_fallback,2.960994618742207,2.826537984120021e-16,10000,10000,True,True,True,/content/cv3d-project/data/cache/reconstruction/predictions/02958343/14121abc9e2a868e52ab7aae4be20d81/c7a399d94f779946a4cacfa4.npz,4c8958c01d6e5b7ea98470167edab8a8e046feb192e40e89354092f23912dc16,/content/cv3d-project/data/cache/reconstruction/metrics/02958343/14121abc9e2a868e52ab7aae4be20d81/16753a820d94040793c9ee9f.json,2.683325000361947
02958343/14121abc9e2a868e52ab7aae4be20d81,vggt,3,"[0, 26, 18]",0.012023875290738702,0.12514207102168023,0.23826026675262174,0.22867770790895403,0.01027689506032324,0.030084837147887324,1.9835359629496319,1.0,0.4341,0.8935,0.1291,0.0052,0.0153,camera_pose_sim3,1.2927703361123755,0.8959194674216293,10000,10000,True,False,True,/content/cv3d-project/data/cache/reconstruction/predictions/02958343/14121abc9e2a868e52ab7aae4be20d81/7ba78fee3889e433b9e692fc.npz,d30ee5f849584c0a65c3554fdf703802a6347936339e2369784b199f4a0a38c5,/content/cv3d-project/data/cache/reconstruction/metrics/02958343/14121abc9e2a868e52ab7aae4be20d81/f92ebb805e2a3405d7d6906f.json,12.028526999984024
02958343/14121abc9e2a868e52ab7aae4be20d81,vggt,5,"[0, 26, 18, 25, 32]",0.6323342866593313,0.7393629057312809,0.8463915248032307,0.0,0.0,0.0,1.9835359629496319,0.0,0.0,0.0,0.0,0.0,0.0,camera_pose_sim3,1.1466209133251584,0.9949385228298967,10000,10000,True,False,True,/content/cv3d-project/data/cache/reconstruction/predictions/02958343/14121abc9e2a868e52ab7aae4be20d81/fb362e129f556fc3984e12c2.npz,c27a9d9b08166fca47fdb32c72bf151c1d62c605cb2e6ae73a14be587150e5d1,/content/cv3d-project/data/cache/reconstruction/metrics/02958343/14121abc9e2a868e52ab7aae4be20d81/92e5deaff41f82ab060a8dd3.json,12.41999100011526
02958343/14121abc9e2a868e52ab7aae4be20d81,vggt,10,"[0, 26, 18, 25, 32, 39, 35, 24, 33, 45]",0.437806072904846,0.5344513664745475,0.631096660044249,0.0,0.0,0.0,1.9835359629496319,0.0,0.0,0.0,0.0,0.0,0.0,camera_pose_sim3,0.4673680626276739,1.2072128364886892,10000,10000,True,False,True,/content/cv3d-project/data/cache/reconstruction/predictions/02958343/14121abc9e2a868e52ab7aae4be20d81/015a200054eff2deb4ff86ab.npz,d80eef66044531c52d9d337e6a4529b247e82b26728addbd271d298fa1a57f1f,/content/cv3d-project/data/cache/reconstruction/metrics/02958343/14121abc9e2a868e52ab7aae4be20d81/a4eeccdde365a2990d8c4252.json,12.102869000045757
02958343/1424d894bfd59cdc65e9f24f8c34a52,vggt,1,[0],3.958523337691341,4.166271149693767,4.3740189616961915,0.0,0.0,0.0,1.9793219680981615,0.0,0.0,0.0,0.0,0.0,0.0,camera_rotation_center_and_target_diameter_scale_single_view,11.682751176712511,0.0,10000,10000,True,True,True,/content/cv3d-project/data/cache/reconstruction/predictions/02958343/1424d894bfd59cdc65e9f24f8c34a52/d8466d438ba422f870e60a9e.npz,7c4bb8d0eb585c5ce4aa180de54a03196b18a42e7dfa3f0612600b6780b5e999,/content/cv3d-project/data/cache/reconstruction/metrics/02958343/1424d894bfd59cdc65e9f24f8c34a52/553ebddb9669f83fece26839.json,3.7626879998242657
02958343/1424d894bfd59cdc65e9f24f8c34a52,vggt,2,"[0, 5]",0.3732303982369217,0.5803738740914367,0.7875173499459517,0.0,0.0,0.0,1.9793219680981615,0.0,0.0,0.0,0.0,0.0,0.0,camera_pose_sim3,1.190616282904447,0.028554608003081502,10000,10000,True,False,True,/content/cv3d-project/data/cache/reconstruction/predictions/02958343/1424d894bfd59cdc65e9f24f8c34a52/5e92c692a28291c05325ce25.npz,b6752ffa8438ed90b12e06e99c887ee4cb6d93c128d3bc9de37fe83ce4d1bfee,/content/cv3d-project/data/cache/reconstruction/metrics/02958343/1424d894bfd59cdc65e9f24f8c34a52/7cd49b5ee1c01941a65230e1.json,12.189356999897427
02958343/1424d894bfd59cdc65e9f24f8c34a52,vggt,3,"[0, 5, 31]",0.017257002622810037,0.08809026540614602,0.158923528189482,0.43431971191482693,0.029068022705771048,0.06712899721448468,1.9793219680981615,1.0,0.1957,0.6827,0.2774,0.0157,0.0353,camera_pose_sim3,2.5255668704536474,0.10224955157502635,10000,10000,True,False,True,/content/cv3d-project/data/cache/reconstruction/predictions/02958343/1424d894bfd59cdc65e9f24f8c34a52/e2748070f65b88928573b61d.npz,d440b7efac1dfd10aaaf383ea6659ecf7ddb512123472d7b9161c54ebbc151f0,/content/cv3d-project/data/cache/reconstruction/metrics/02958343/1424d894bfd59cdc65e9f24f8c34a52/0657afbb93e3105995974030.json,12.455795999812835
02958343/1424d894bfd59cdc65e9f24f8c34a52,vggt,5,"[0, 5, 31, 17, 25]",0.04709520216215764,0.11881138451893802,0.1905275668757184,0.31556707157214015,0.007550561797752808,0.02131134020618557,1.9793219680981615,0.9553,0.0672,0.1632,0.189,0.004,0.0114,camera_pose_sim3,2.408731517143914,0.41996504539775653,10000,10000,True,False,True,/content/cv3d-project/data/cache/reconstruction/predictions/02958343/1424d894bfd59cdc65e9f24f8c34a52/3e91cb66e9382b72e0525d6c.npz,d6657cc5b84be8ff5f4835c7ecc5d1668d698b2cd460b782b1ccd29575be40ec,/content/cv3d-project/data/cache/reconstruction/metrics/02958343/1424d894bfd59cdc65e9f24f8c34a52/160c0d48745e4d954eccd1eb.json,12.168709999968996
02958343/1424d894bfd59cdc65e9f24f8c34a52,vggt,10,"[0, 5, 31, 17, 25, 8, 39, 43, 35, 9]",0.02068228556304423,0.06828685665660612,0.11589142775016802,0.6112075550309006,0.08843560325684677,0.19742396102907597,1.9793219680981615,1.0,0.2145,0.5359,0.4401,0.0557,0.121,camera_pose_sim3,2.5794570300502286,0.23815421069327916,10000,10000,True,False,True,/content/cv3d-project/data/cache/reconstruction/predictions/02958343/1424d894bfd59cdc65e9f24f8c34a52/87651ec0665c7642ff6ea7d7.npz,6bbbe727b642119cfeb6145abe42572920b1aa13a160f6fea9df929d4aad876e,/content/cv3d-project/data/cache/reconstruction/metrics/02958343/1424d894bfd59cdc65e9f24f8c34a52/661a4767adf1204f2a5cd0f8.json,12.569371000154206
02958343/14330011009dacfed49701eac14326ae,vggt,1,[0],3.4290645394045276,3.629553310618234,3.83004208183194,0.0,0.0,0.0,1.9803323859907254,0.0,0.0,0.0,0.0,0.0,0.0,camera_rotation_center_and_target_diameter_scale_single_view,10.65682827364394,0.0,10000,10000,True,True,True,/content/cv3d-project/data/cache/reconstruction/predictions/02958343/14330011009dacfed49701eac14326ae/f1d131c3bb963f40f39355f5.npz,82d79e9a72c5061ca8e90cc603ea68b9bcdb10e2b0984932291662130c715928,/content/cv3d-project/data/cache/reconstruction/metrics/02958343/14330011009dacfed49701eac14326ae/ac1fdfdfcbb51a1f68b4e23b.json,3.861885999867809
02958343/14330011009dacfed49701eac14326ae,vggt,2,"[0, 18]",0.11080317890980412,0.23945641618565477,0.3681096534615054,0.010450987432675047,0.0,0.0,1.9803323859907254,0.1617,0.0,0.0,0.0054,0.0,0.0,camera_pose_sim3,0.9242228995394617,0.9202628578643955,10000,10000,True,False,True,/content/cv3d-project/data/cache/reconstruction/predictions/02958343/14330011009dacfed49701eac14326ae/794afc9ca8dc7f5bfbc8f0a2.npz,a2f755737ca3145819712e35195a95ac7b48f669e67c48d3b673996180469bda,/content/cv3d-project/data/cache/reconstruction/metrics/02958343/14330011009dacfed49701eac14326ae/9dc52cb07e83ad0f2328ac3e.json,11.655367000003025
02958343/14330011009dacfed49701eac14326ae,vggt,3,"[0, 18, 25]",0.37737944930303535,0.448013515407735,0.5186475815124346,0.0,0.0,0.0,1.9803323859907254,0.0,0.0,0.0,0.0,0.0,0.0,camera_pose_sim3,3.0062114149050108,0.20151581156132856,10000,10000,True,False,True,/content/cv3d-project/data/cache/reconstruction/predictions/02958343/14330011009dacfed49701eac14326ae/dc8ad106c3f955ab1da081e7.npz,e6034b8f632d44cea5c5ed07bd36c5961de18d4445c338bd9e217b43da1e7d1c,/content/cv3d-project/data/cache/reconstruction/metrics/02958343/14330011009dacfed49701eac14326ae/43198a40c201197a737dbf34.json,12.389065000206756
02958343/14330011009dacfed49701eac14326ae,vggt,5,"[0, 18, 25, 33, 40]",0.07709306417198833,0.1713600809985666,0.2656270978251448,0.05551238016981648,0.00249438202247191,0.006552,1.9803323859907254,0.7013,0.0074,0.0364,0.0289,0.0015,0.0036,camera_pose_sim3,2.545370893332472,0.41680853678261787,10000,10000,True,False,True,/content/cv3d-project/data/cache/reconstruction/predictions/02958343/14330011009dacfed49701eac14326ae/80aa35d5337008455da30b3f.npz,eac0fbe4a951b4e9a387fdbe7773379e734102b00788ad4f1353feacf10cfde4,/content/cv3d-project/data/cache/reconstruction/metrics/02958343/14330011009dacfed49701eac14326ae/3e60e098d7239cee71b636f5.json,12.496957999701408
02958343/14330011009dacfed49701eac14326ae,vggt,10,"[0, 18, 25, 33, 40, 46, 44, 36, 10, 5]",0.05886603584405509,0.15385063008174038,0.24883522431942567,0.25139156143515734,0.015196363636363635,0.034803895528995134,1.9803323859907254,0.8503,0.0796,0.2069,0.1475,0.0084,0.019,camera_pose_sim3,1.9814984244637641,0.7377481075065996,10000,10000,True,False,True,/content/cv3d-project/data/cache/reconstruction/predictions/02958343/14330011009dacfed49701eac14326ae/61304595e8fe20231d6c91da.npz,1e8508790908d033487892fe81606afcef1043f18ba550db823754f9579d0f9a,/content/cv3d-project/data/cache/reconstruction/metrics/02958343/14330011009dacfed49701eac14326ae/80dd6146759e3879892cbfa3.json,13.54584499995326
02958343/147889b73fa491d82e877e82c90c24d,vggt,1,[0],4.531326974841449,4.7401589769262085,4.948990979010968,0.0,0.0,0.0,1.9861516891604656,0.0,0.0,0.0,0.0,0.0,0.0,camera_rotation_center_and_target_diameter_scale_single_view,12.736458648505579,0.0,10000,10000,True,True,True,/content/cv3d-project/data/cache/reconstruction/predictions/02958343/147889b73fa491d82e877e82c90c24d/625bb86b297b48f9a94c86b0.npz,624695d56337926cbe8d2e5662eedc289e9e85b59565ed6355ad550969f2e409,/content/cv3d-project/data/cache/reconstruction/metrics/02958343/147889b73fa491d82e877e82c90c24d/212c76f83e3e37867f5c6661.json,4.382885999802966
02958343/147889b73fa491d82e877e82c90c24d,vggt,2,"[0, 5]",0.6464364686440898,0.8727177032676166,1.0989989378911433,0.0,0.0,0.0,1.9861516891604656,0.0,0.0,0.0,0.0,0.0,0.0,camera_pose_sim3,0.42272885725905873,0.2769956110734108,10000,10000,True,False,True,/content/cv3d-project/data/cache/reconstruction/predictions/02958343/147889b73fa491d82e877e82c90c24d/7374f3eb371d824e6a144e3b.npz,63f4b44c04a7ab493c46b7d02116cc7d839636bfa109f49d06c84fd008d72e56,/content/cv3d-project/data/cache/reconstruction/metrics/02958343/147889b73fa491d82e877e82c90c24d/0947e532d19f44b5c00c5415.json,12.881471000127931
02958343/147889b73fa491d82e877e82c90c24d,vggt,3,"[0, 5, 26]",0.6068752116318429,0.6881897246297506,0.7695042376276584,0.0,0.0,0.0,1.9861516891604656,0.0,0.0,0.0,0.0,0.0,0.0,camera_pose_sim3,1.6270960251940394,0.9245180682211567,10000,10000,True,False,True,/content/cv3d-project/data/cache/reconstruction/predictions/02958343/147889b73fa491d82e877e82c90c24d/9c2a95d08c30f8fe65249589.npz,b73eed6a25609a5e2935405ca5fa45dcfcec6ec816edb548b479e2d2a0161108,/content/cv3d-project/data/cache/reconstruction/metrics/02958343/147889b73fa491d82e877e82c90c24d/f25e48618fc572384484c73a.json,11.86281299987968
02958343/147889b73fa491d82e877e82c90c24d,vggt,5,"[0, 5, 26, 18, 32]",0.9126008187857897,0.9748126918431578,1.0370245649005259,0.0,0.0,0.0,1.9861516891604656,0.0,0.0,0.0,0.0,0.0,0.0,camera_pose_sim3,1.8800754268387672,0.7937207964853578,10000,10000,True,False,True,/content/cv3d-project/data/cache/reconstruction/predictions/02958343/147889b73fa491d82e877e82c90c24d/d531d8c762ad9b738ed6bbfc.npz,b06f546775dc55baaccf2015259cfb5042214e8daedbb85359078f092692a3e7,/content/cv3d-project/data/cache/reconstruction/metrics/02958343/147889b73fa491d82e877e82c90c24d/44bc3fcfb2c249770baa1ab3.json,12.525854999694275
02958343/147889b73fa491d82e877e82c90c24d,vggt,10,"[0, 5, 26, 18, 32, 24, 39, 35, 25, 33]",0.29690755438496386,0.38446594233713804,0.4720243302893123,0.0,0.0,0.0,1.9861516891604656,0.0,0.0,0.0,0.0,0.0,0.0,camera_pose_sim3,1.6101851431839862,0.927938244882578,10000,10000,True,False,True,/content/cv3d-project/data/cache/reconstruction/predictions/02958343/147889b73fa491d82e877e82c90c24d/25cb8962de68f6de037c23b3.npz,1d506070625e04d97c156226e85cade9050f95482a17716d8c25484c9aea325e,/content/cv3d-project/data/cache/reconstruction/metrics/02958343/147889b73fa491d82e877e82c90c24d/7611775b5c0807529e9b3462.json,12.874455000201124
02958343/148ba646cf954b9249352dd33f95cb9e,vggt,1,[0],3.103911997010579,3.316629057551254,3.5293461180919286,0.0,0.0,0.0,1.984868823674925,0.0,0.0,0.0,0.0,0.0,0.0,camera_rotation_center_and_target_diameter_scale_single_view,10.050987745634568,0.0,9118,10000,True,True,True,/content/cv3d-project/data/cache/reconstruction/predictions/02958343/148ba646cf954b9249352dd33f95cb9e/998c41111a9005065554ecbd.npz,391ce09185b3b2995c3e880c42622f0ce33511d28bafdca8b58047fada709fce,/content/cv3d-project/data/cache/reconstruction/metrics/02958343/148ba646cf954b9249352dd33f95cb9e/9607abf4badd88f95a2b2a04.json,3.7706419998357887
02958343/148ba646cf954b9249352dd33f95cb9e,vggt,2,"[0, 18]",0.08156545838128328,0.17149514971775476,0.26142484105422625,0.15755312063048177,0.0031396396396396395,0.011562925170068027,1.984868823674925,0.6979,0.0205,0.0523,0.0888,0.0017,0.0065,camera_pose_sim3,1.969675683079915,0.659947317214379,10000,10000,True,False,True,/content/cv3d-project/data/cache/reconstruction/predictions/02958343/148ba646cf954b9249352dd33f95cb9e/bc261b90324ad6e600a93167.npz,008ee85bae94ebc3415955efdc6679dee3ccde313f39a6b181bcbe11ab92ebe0,/content/cv3d-project/data/cache/reconstruction/metrics/02958343/148ba646cf954b9249352dd33f95cb9e/c2f9439df5cb166766487140.json,12.025072000142245
02958343/148ba646cf954b9249352dd33f95cb9e,vggt,3,"[0, 18, 25]",0.22859548101755345,0.29585035230492207,0.36310522359229064,0.0,0.0,0.0,1.984868823674925,0.0,0.0,0.0,0.0,0.0,0.0,camera_pose_sim3,2.445794122265347,0.607144114788861,10000,10000,True,False,True,/content/cv3d-project/data/cache/reconstruction/predictions/02958343/148ba646cf954b9249352dd33f95cb9e/205743d2622562109c69151f.npz,5de012f937849778d0a172c7c881ea25da3784785c474ecfcb4731c3bf78d056,/content/cv3d-project/data/cache/reconstruction/metrics/02958343/148ba646cf954b9249352dd33f95cb9e/327fcd3eb3a6f24fdbf1ae0b.json,11.458336000032432
02958343/148ba646cf954b9249352dd33f95cb9e,vggt,5,"[0, 18, 25, 33, 23]",0.036420454401584264,0.09410369609178051,0.15178693778197677,0.4173458890559468,0.02005022091310751,0.04926610275689224,1.984868823674925,1.0,0.1249,0.2923,0.2637,0.0109,0.0269,camera_pose_sim3,2.4865543347827987,0.34739249531526073,10000,10000,True,False,True,/content/cv3d-project/data/cache/reconstruction/predictions/02958343/148ba646cf954b9249352dd33f95cb9e/bb0bef3226a34a436972c389.npz,71834624fee64110b4afb2ffb47836fabda69699b23ca3f88581953bd45fa57b,/content/cv3d-project/data/cache/reconstruction/metrics/02958343/148ba646cf954b9249352dd33f95cb9e/127fcb462df033be7798a164.json,12.14555799970185
02958343/148ba646cf954b9249352dd33f95cb9e,vggt,10,"[0, 18, 25, 33, 23, 16, 31, 24, 38, 41]",0.06397014552470756,0.13667285100020748,0.2093755564757074,0.3709503986951794,0.03974402467232074,0.08689685534591195,1.984868823674925,0.8677,0.1052,0.1988,0.2359,0.0245,0.0556,camera_pose_sim3,2.099027696625834,0.47732125170129414,10000,10000,True,False,True,/content/cv3d-project/data/cache/reconstruction/predictions/02958343/148ba646cf954b9249352dd33f95cb9e/1c0d19887fd95f007bf70385.npz,c55a0a44c268a8df2c51b2e346f13da48150fa6a738857b0b6346d6791b2b102,/content/cv3d-project/data/cache/reconstruction/metrics/02958343/148ba646cf954b9249352dd33f95cb9e/0da12bffeab8141acc5cda38.json,12.431861000095523
02958343/14ace3e8d05f8d21a413908c0e169330,vggt,1,[0],3.081058344399789,3.2992538677119994,3.51744939102421,0.0,0.0,0.0,1.997058811101981,0.0,0.0,0.0,0.0,0.0,0.0,camera_rotation_center_and_target_diameter_scale_single_view,9.944369846328094,0.0,10000,10000,True,True,True,/content/cv3d-project/data/cache/reconstruction/predictions/02958343/14ace3e8d05f8d21a413908c0e169330/2f196cee78b361f655f03e06.npz,ee9889ccdcd5ee296b56b170b8fc016165d4af96537c8a7b7786325a59ff708e,/content/cv3d-project/data/cache/reconstruction/metrics/02958343/14ace3e8d05f8d21a413908c0e169330/5edd2afbee9a39c8ce7e2bb4.json,3.9671009999437956
02958343/14ace3e8d05f8d21a413908c0e169330,vggt,2,"[0, 26]",0.1417154951585498,0.2816614978238622,0.4216075004891746,0.0,0.0,0.0,1.997058811101981,0.0,0.0,0.0,0.0,0.0,0.0,camera_pose_sim3,0.7761421825545866,1.023097025413964,10000,10000,True,False,True,/content/cv3d-project/data/cache/reconstruction/predictions/02958343/14ace3e8d05f8d21a413908c0e169330/7ca7a49d2ebd7f15992b5508.npz,15eb76431bc9d9fce517f7712f3924f2c5209dacf4e6d531432e863e94c570e6,/content/cv3d-project/data/cache/reconstruction/metrics/02958343/14ace3e8d05f8d21a413908c0e169330/63f016509fbbc8408e2900dc.json,12.35160399983215
02958343/14ace3e8d05f8d21a413908c0e169330,vggt,3,"[0, 26, 18]",0.7225458621294675,0.7520214757538519,0.7814970893782365,0.0,0.0,0.0,1.997058811101981,0.0,0.0,0.0,0.0,0.0,0.0,camera_pose_sim3,2.6153361441829075,0.6434627818294484,10000,10000,True,False,True,/content/cv3d-project/data/cache/reconstruction/predictions/02958343/14ace3e8d05f8d21a413908c0e169330/d335d76e902499b8969a037e.npz,c13ffd18731f1243cbc6b9c84b6aae3cba711b6d3821ad1dfd02944a44158bef,/content/cv3d-project/data/cache/reconstruction/metrics/02958343/14ace3e8d05f8d21a413908c0e169330/d9b5ae2bf8bddef273790ba5.json,11.98676300009538
02958343/14ace3e8d05f8d21a413908c0e169330,vggt,5,"[0, 26, 18, 25, 33]",0.03674646102494868,0.14290235784164726,0.24905825465834583,0.1930427372498386,0.011224639580602885,0.028526532110091745,1.997058811101981,0.9772,0.0702,0.2574,0.1071,0.0061,0.0151,camera_pose_sim3,1.4455909927485922,0.904735763495961,10000,10000,True,False,True,/content/cv3d-project/data/cache/reconstruction/predictions/02958343/14ace3e8d05f8d21a413908c0e169330/12457abd29487b07e07ec043.npz,29d565b3579ec78213b288db6e929f87b31b48029927428dce3696f9fee1b3b3,/content/cv3d-project/data/cache/reconstruction/metrics/02958343/14ace3e8d05f8d21a413908c0e169330/43d342f478553e86a1267a4d.json,12.602073999914865
02958343/14ace3e8d05f8d21a413908c0e169330,vggt,10,"[0, 26, 18, 25, 33, 40, 32, 39, 45, 38]",0.1848544071194862,0.38264002971384514,0.5804256523082041,0.0,0.0,0.0,1.997058811101981,0.0,0.0,0.0,0.0,0.0,0.0,camera_pose_sim3,0.8555416606345625,1.077140362885941,10000,10000,True,False,True,/content/cv3d-project/data/cache/reconstruction/predictions/02958343/14ace3e8d05f8d21a413908c0e169330/fcf04488e3ce325472f7f367.npz,df11369ea3e64bc6f005ed825620cf15a336a1429e437fec7cc97c4c9e3b1134,/content/cv3d-project/data/cache/reconstruction/metrics/02958343/14ace3e8d05f8d21a413908c0e169330/77aa9be1ac2f18792ba97049.json,13.510837000012543
02958343/14d47aa57151ae4baa93570ec0c0afff,vggt,1,[0],2.1683140903370197,2.3732745235618973,2.5782349567867753,0.0,0.0,0.0,1.9819049221087288,0.0,0.0,0.0,0.0,0.0,0.0,camera_rotation_center_and_target_diameter_scale_single_view,8.192016303231913,0.0,10000,10000,True,True,True,/content/cv3d-project/data/cache/reconstruction/predictions/02958343/14d47aa57151ae4baa93570ec0c0afff/48bfad7794bb621e1b260dbb.npz,ad9f935892503f3797e4d72709269a412ed4c3b13c1dc7d4e0d767b6b7f7ad7f,/content/cv3d-project/data/cache/reconstruction/metrics/02958343/14d47aa57151ae4baa93570ec0c0afff/3060070e4d10c50b134b5b71.json,3.913468000064313
02958343/14d47aa57151ae4baa93570ec0c0afff,vggt,2,"[0, 5]",0.7300741548669387,0.9357454271276328,1.1414166993883268,0.0,0.0,0.0,1.9819049221087288,0.0,0.0,0.0,0.0,0.0,0.0,camera_pose_sim3,0.5231261312709151,0.25839188532089014,10000,10000,True,False,True,/content/cv3d-project/data/cache/reconstruction/predictions/02958343/14d47aa57151ae4baa93570ec0c0afff/e16c53fed530072f424e9a4e.npz,989a1ec4ccad3d399f6045aa2347beed71026c90a0f9c3a95b7d166ba2847139,/content/cv3d-project/data/cache/reconstruction/metrics/02958343/14d47aa57151ae4baa93570ec0c0afff/108b6ba114ec357987bf906b.json,12.030729999878531
02958343/14d47aa57151ae4baa93570ec0c0afff,vggt,3,"[0, 5, 17]",0.2363854823658145,0.3684048337526424,0.5004241851394703,0.0,0.0,0.0,1.9819049221087288,0.0,0.0,0.0,0.0,0.0,0.0,camera_pose_sim3,1.9875515344200498,0.4180443108662138,10000,10000,True,False,True,/content/cv3d-project/data/cache/reconstruction/predictions/02958343/14d47aa57151ae4baa93570ec0c0afff/747c69dab01a82c6aff6576b.npz,56c0066f4ff2e0169246ee9ca1328ff528e83dbc45866686670693e5d0b16035,/content/cv3d-project/data/cache/reconstruction/metrics/02958343/14d47aa57151ae4baa93570ec0c0afff/0b01cf4a48685bb07a4ddb49.json,12.712066999938543
02958343/14d47aa57151ae4baa93570ec0c0afff,vggt,5,"[0, 5, 17, 25, 45]",0.0711609091388711,0.14287129300290213,0.21458167686693314,0.22230475725786775,0.019131257783312577,0.04341176470588235,1.9819049221087288,0.6872,0.0692,0.1845,0.1326,0.0111,0.0246,camera_pose_sim3,2.5701505435418777,0.28808685396168693,10000,10000,True,False,True,/content/cv3d-project/data/cache/reconstruction/predictions/02958343/14d47aa57151ae4baa93570ec0c0afff/6f2208b55314a47f6f00d435.npz,67d913d6a807b3e04ebbd14ef480e617e03c95355383b87a84ac3108a100ec67,/content/cv3d-project/data/cache/reconstruction/metrics/02958343/14d47aa57151ae4baa93570ec0c0afff/905f2f00e6bcc8f469be1248.json,12.49308500018742
02958343/14d47aa57151ae4baa93570ec0c0afff,vggt,10,"[0, 5, 17, 25, 45, 39, 8, 16, 24, 38]",0.03290728957965208,0.09346345005387949,0.1540196105281069,0.5041925386578592,0.05202950609364978,0.11191455919395467,1.9819049221087288,0.9945,0.1229,0.3296,0.3377,0.033,0.0674,camera_pose_sim3,2.378587013009494,0.2849203752440045,10000,10000,True,False,True,/content/cv3d-project/data/cache/reconstruction/predictions/02958343/14d47aa57151ae4baa93570ec0c0afff/d54cfce26c479d28396a9710.npz,8a37f93508c29111c5c0d0371f1143d7096ae681232d464b00c0eed80ac5f30e,/content/cv3d-project/data/cache/reconstruction/metrics/02958343/14d47aa57151ae4baa93570ec0c0afff/629ed2c5582b461a10f1a682.json,13.492542999756552
02958343/151bebc457224c2733d7c9e122eec9b6,vggt,1,[0],3.271985517092046,3.496456507088467,3.720927497084888,0.0,0.0,0.0,1.9944576263108618,0.0,0.0,0.0,0.0,0.0,0.0,camera_rotation_center_and_target_diameter_scale_single_view,10.219365706003309,0.0,10000,10000,True,True,True,/content/cv3d-project/data/cache/reconstruction/predictions/02958343/151bebc457224c2733d7c9e122eec9b6/968c90e09acaec7047bce2f5.npz,105f7797bf41ef81cc97735a04c4f9d1786c409ad55fbd78b4ebe9ce9bd69d7f,/content/cv3d-project/data/cache/reconstruction/metrics/02958343/151bebc457224c2733d7c9e122eec9b6/18dd8655a109d309fa5d50c4.json,3.895275999639125
02958343/151bebc457224c2733d7c9e122eec9b6,vggt,2,"[0, 5]",0.760769444814176,0.9613507024165786,1.1619319600189812,0.0,0.0,0.0,1.9944576263108618,0.0,0.0,0.0,0.0,0.0,0.0,camera_pose_sim3,0.270636628756278,0.31342988073682554,10000,10000,True,False,True,/content/cv3d-project/data/cache/reconstruction/predictions/02958343/151bebc457224c2733d7c9e122eec9b6/2e622efad9772986523ad5e1.npz,5e4d5ed7766a11e753b825c5c276ff0967313b8bedd7ad333be82a17d107057a,/content/cv3d-project/data/cache/reconstruction/metrics/02958343/151bebc457224c2733d7c9e122eec9b6/7dbc4e68f10aadda61c95268.json,11.38827000022502
02958343/151bebc457224c2733d7c9e122eec9b6,vggt,3,"[0, 5, 31]",0.1413355221869808,0.2202831106582989,0.299230699129617,0.03407399545109932,0.0,0.0,1.9944576263108618,0.1118,0.0,0.0,0.0201,0.0,0.0,camera_pose_sim3,2.335765530376879,0.2971731183563437,10000,10000,True,False,True,/content/cv3d-project/data/cache/reconstruction/predictions/02958343/151bebc457224c2733d7c9e122eec9b6/7a9a1710f8ae74f52a6bcaae.npz,945b7261903f2d022a442f1849e234ff1a07b164d29583177f922faf25a28ae0,/content/cv3d-project/data/cache/reconstruction/metrics/02958343/151bebc457224c2733d7c9e122eec9b6/8fb996bbcb8305ecf378b71f.json,12.550638999982766
02958343/151bebc457224c2733d7c9e122eec9b6,vggt,5,"[0, 5, 31, 23, 16]",0.2319770313373004,0.2921180209399554,0.3522590105426105,0.0,0.0,0.0,1.9944576263108618,0.0,0.0,0.0,0.0,0.0,0.0,camera_pose_sim3,2.477516414512894,0.2365386807463876,10000,10000,True,False,True,/content/cv3d-project/data/cache/reconstruction/predictions/02958343/151bebc457224c2733d7c9e122eec9b6/3b365ca5cc36373bfddd88fb.npz,db0b2bbca183c3835b36256ce487cef5c00303ee931293870f85cd8c6d5377db,/content/cv3d-project/data/cache/reconstruction/metrics/02958343/151bebc457224c2733d7c9e122eec9b6/2a2a0556c9c8f81fdba007e2.json,11.86768600018695
02958343/151bebc457224c2733d7c9e122eec9b6,vggt,10,"[0, 5, 31, 23, 16, 24, 33, 42, 34, 25]",0.04410005495230507,0.08461064500025019,0.1251212350481953,0.6523089275993468,0.05513705844572896,0.14308749672346005,1.9944576263108618,0.981,0.1199,0.2861,0.4886,0.0358,0.0954,camera_pose_sim3,2.553484425172104,0.21650808043997596,10000,10000,True,False,True,/content/cv3d-project/data/cache/reconstruction/predictions/02958343/151bebc457224c2733d7c9e122eec9b6/145c4fb0bd416985bb302ef4.npz,db5463ff8efdcbf929782ffeb30abc77efcb3f8b55fc3764b9b76b1e6827b1a4,/content/cv3d-project/data/cache/reconstruction/metrics/02958343/151bebc457224c2733d7c9e122eec9b6/30e773955ce55dcca37f360a.json,13.53300400023727
02958343/1552f1a6521bb54a4bb135bcd06914d,vggt,1,[0],3.4877711562745164,3.699114914936791,3.9104586735990656,0.0,0.0,0.0,1.9753531594396132,0.0,0.0,0.0,0.0,0.0,0.0,camera_rotation_center_and_target_diameter_scale_single_view,10.534826185513811,0.0,10000,10000,True,True,True,/content/cv3d-project/data/cache/reconstruction/predictions/02958343/1552f1a6521bb54a4bb135bcd06914d/bc63b3ab4c949313c0031d0d.npz,7748be8f4cbee1d73b92aad75c983fe9e43a4a8fcac117549adbeb15d3c8768b,/content/cv3d-project/data/cache/reconstruction/metrics/02958343/1552f1a6521bb54a4bb135bcd06914d/f3794b3a18771875a1450612.json,3.94382400008908
02958343/1552f1a6521bb54a4bb135bcd06914d,vggt,2,"[0, 5]",0.5413350748789433,0.7515175202071904,0.9616999655354375,0.0,0.0,0.0,1.9753531594396132,0.0,0.0,0.0,0.0,0.0,0.0,camera_pose_sim3,1.090979501252206,0.08352531422837271,10000,10000,True,False,True,/content/cv3d-project/data/cache/reconstruction/predictions/02958343/1552f1a6521bb54a4bb135bcd06914d/3de8da89d4d0f99c80b116b0.npz,cef6046fc9a782a68c7c8c1e359c9ad03740e585748e0725bbefe26c5eaa62ed,/content/cv3d-project/data/cache/reconstruction/metrics/02958343/1552f1a6521bb54a4bb135bcd06914d/4b5ba906ab3cd6c5bd62dfed.json,12.002587000097265
02958343/1552f1a6521bb54a4bb135bcd06914d,vggt,3,"[0, 5, 17]",1.274473718515791,1.3440348996373856,1.4135960807589802,0.0,0.0,0.0,1.9753531594396132,0.0,0.0,0.0,0.0,0.0,0.0,camera_pose_sim3,3.480981915118367,0.7636692223219649,10000,10000,True,False,True,/content/cv3d-project/data/cache/reconstruction/predictions/02958343/1552f1a6521bb54a4bb135bcd06914d/886c5ff5d72b78de753df566.npz,a5181b73dfaaa65e5b4a2beabc037f0d1075a3dec683ef8621d83ce6075d04b9,/content/cv3d-project/data/cache/reconstruction/metrics/02958343/1552f1a6521bb54a4bb135bcd06914d/e5790b447a6f288d587fbb95.json,12.105272000098921
02958343/1552f1a6521bb54a4bb135bcd06914d,vggt,5,"[0, 5, 17, 24, 45]",0.15534657667048185,0.2757678700848408,0.3961891634991998,0.0,0.0,0.0,1.9753531594396132,0.0,0.0,0.0,0.0,0.0,0.0,camera_pose_sim3,0.9257456748548698,1.28257911357651,10000,10000,True,False,True,/content/cv3d-project/data/cache/reconstruction/predictions/02958343/1552f1a6521bb54a4bb135bcd06914d/e4ea7e4ffce3745f4c4d1461.npz,5869a875ba033f2e4a531708ef0052fcdb967470398d1ce177ceafa0ab0f3d41,/content/cv3d-project/data/cache/reconstruction/metrics/02958343/1552f1a6521bb54a4bb135bcd06914d/a26e42189fed4a99f8088e60.json,11.550542999884783
02958343/1552f1a6521bb54a4bb135bcd06914d,vggt,10,"[0, 5, 17, 24, 45, 38, 31, 35, 25, 33]",1.2115941248602766,1.2759948588435637,1.3403955928268507,0.0,0.0,0.0,1.9753531594396132,0.0,0.0,0.0,0.0,0.0,0.0,camera_pose_sim3,2.023162262437504,0.898546094938397,10000,10000,True,False,True,/content/cv3d-project/data/cache/reconstruction/predictions/02958343/1552f1a6521bb54a4bb135bcd06914d/63c7a76278343f8c0db75eb0.npz,bd94cf22d80cc7b7187188f88fa64fc15325ffcee2bc061e2e1fd75b9ae0e3e6,/content/cv3d-project/data/cache/reconstruction/metrics/02958343/1552f1a6521bb54a4bb135bcd06914d/756384a21d180941efe76a59.json,12.85290600026201
02958343/1569406dfc3b7ecba9fe1734a6086750,vggt,1,[0],2.8269870496437455,3.020715396824941,3.2144437440061364,0.0,0.0,0.0,1.987014841530551,0.0,0.0,0.0,0.0,0.0,0.0,camera_rotation_center_and_target_diameter_scale_single_view,9.356311717486204,0.0,10000,10000,True,True,True,/content/cv3d-project/data/cache/reconstruction/predictions/02958343/1569406dfc3b7ecba9fe1734a6086750/ca5f3d2ad56a1a6e5661c40a.npz,ebc2a28315235c642d965db5143de7d44b74c258e5d69892c1dfbb3007425756,/content/cv3d-project/data/cache/reconstruction/metrics/02958343/1569406dfc3b7ecba9fe1734a6086750/64c300ffeb6a8d55ab72dbd1.json,3.950020000047516
02958343/1569406dfc3b7ecba9fe1734a6086750,vggt,2,"[0, 9]",0.19997744404566659,0.3815729094473147,0.5631683748489628,0.0,0.0,0.0,1.987014841530551,0.0,0.0,0.0,0.0,0.0,0.0,camera_pose_sim3,1.0167297210582815,0.6722210266623594,10000,10000,True,False,True,/content/cv3d-project/data/cache/reconstruction/predictions/02958343/1569406dfc3b7ecba9fe1734a6086750/939db5a481f99560b437f5dc.npz,9bfa3445454be4891dc47c10266de1045354db1d3992300e27f47d3c6eb869ce,/content/cv3d-project/data/cache/reconstruction/metrics/02958343/1569406dfc3b7ecba9fe1734a6086750/bd3422d430c28fb3a46b5597.json,11.89077900016855
02958343/1569406dfc3b7ecba9fe1734a6086750,vggt,3,"[0, 9, 17]",0.5647748985089129,0.6766682095277763,0.7885615205466397,0.0,0.0,0.0,1.987014841530551,0.0,0.0,0.0,0.0,0.0,0.0,camera_pose_sim3,1.277859374784627,0.6764114181217415,10000,10000,True,False,True,/content/cv3d-project/data/cache/reconstruction/predictions/02958343/1569406dfc3b7ecba9fe1734a6086750/2136852481f6ecf43d4a3eee.npz,4692b189c8bdb9453d6ef78fb0ea5dab18755f2bebed99de83f3acc48b6eb77a,/content/cv3d-project/data/cache/reconstruction/metrics/02958343/1569406dfc3b7ecba9fe1734a6086750/a56bd06db94f729e009be600.json,12.303540999710094
02958343/1569406dfc3b7ecba9fe1734a6086750,vggt,5,"[0, 9, 17, 25, 39]",0.6185749629154611,0.6983924854136423,0.7782100079118235,0.0,0.0,0.0,1.987014841530551,0.0,0.0,0.0,0.0,0.0,0.0,camera_pose_sim3,1.4148996765427027,0.9236055357772054,10000,10000,True,False,True,/content/cv3d-project/data/cache/reconstruction/predictions/02958343/1569406dfc3b7ecba9fe1734a6086750/57f92f3c47dbee59fb6f5436.npz,2666f6fd864326c11c4b37ae3a8b4026646025f111a9518f68e5fd13e5e99363,/content/cv3d-project/data/cache/reconstruction/metrics/02958343/1569406dfc3b7ecba9fe1734a6086750/dcc34c69d4b58c06d2407e90.json,11.670364000110567
02958343/1569406dfc3b7ecba9fe1734a6086750,vggt,10,"[0, 9, 17, 25, 39, 32, 18, 24, 33, 45]",0.6668825018312299,0.7909955136807799,0.91510852553033,0.0,0.0,0.0,1.987014841530551,0.0,0.0,0.0,0.0,0.0,0.0,camera_pose_sim3,0.736850755390461,1.0709768570308862,10000,10000,True,False,True,/content/cv3d-project/data/cache/reconstruction/predictions/02958343/1569406dfc3b7ecba9fe1734a6086750/a84c2139d879b346a9d7b615.npz,3c05bdecda003ad35ac0581623a2d1f38c713d0e4499ae207e3d6b23c6ca2e1c,/content/cv3d-project/data/cache/reconstruction/metrics/02958343/1569406dfc3b7ecba9fe1734a6086750/0bc3bc47d981b0affa096b6f.json,12.873785000010685
02958343/156d4748560997c9a848f24544821b25,vggt,1,[0],3.4418887723458944,3.6519978866385356,3.8621070009311773,0.0,0.0,0.0,1.9815741445013244,0.0,0.0,0.0,0.0,0.0,0.0,camera_rotation_center_and_target_diameter_scale_single_view,10.48237082088364,0.0,10000,10000,True,True,True,/content/cv3d-project/data/cache/reconstruction/predictions/02958343/156d4748560997c9a848f24544821b25/d174442315cffb6ec5bc8e6a.npz,f75311ff7c1610fa89815039563e20fa023c55f0107265605b1ab4ab6866e9e3,/content/cv3d-project/data/cache/reconstruction/metrics/02958343/156d4748560997c9a848f24544821b25/6a0018a75abb0dc1e32c7064.json,3.9424219999091292
02958343/156d4748560997c9a848f24544821b25,vggt,2,"[0, 5]",0.7220869069273438,0.9173655628414579,1.112644218755572,0.0,0.0,0.0,1.9815741445013244,0.0,0.0,0.0,0.0,0.0,0.0,camera_pose_sim3,0.47016328506642074,0.2709684686041071,10000,10000,True,False,True,/content/cv3d-project/data/cache/reconstruction/predictions/02958343/156d4748560997c9a848f24544821b25/9669606515e2d26d12f9ad8e.npz,4e5968aac6b8bba04ce4d65caa67b1063e03b8291e4d9fcf083c79b354e67bf6,/content/cv3d-project/data/cache/reconstruction/metrics/02958343/156d4748560997c9a848f24544821b25/2c9ec2ee0f0a8df026cc7709.json,12.937519999923097
02958343/156d4748560997c9a848f24544821b25,vggt,3,"[0, 5, 23]",0.015318259511248175,0.09577479498867085,0.17623133046609352,0.5131217009887741,0.034929505100113334,0.09335383452965622,1.9815741445013244,1.0,0.2459,0.7443,0.3451,0.0188,0.0498,camera_pose_sim3,2.301698798174762,0.15735736335965103,10000,10000,True,False,True,/content/cv3d-project/data/cache/reconstruction/predictions/02958343/156d4748560997c9a848f24544821b25/9c03f3981be45f62ab85a12a.npz,5b7c718ab367d23026784218e1e4c6aeaeaede51644f9a258d6a404f12baca1e,/content/cv3d-project/data/cache/reconstruction/metrics/02958343/156d4748560997c9a848f24544821b25/8796e35dc8183e1181a998fc.json,12.359625000044616
02958343/156d4748560997c9a848f24544821b25,vggt,5,"[0, 5, 23, 16, 24]",0.10928010213486401,0.17542377264392078,0.24156744315297754,0.11345204891654154,0.0014142857142857143,0.0036468468468468466,1.9815741445013244,0.4,0.0033,0.0088,0.0661,0.0009,0.0023,camera_pose_sim3,2.4563289929158074,0.3137549255070014,10000,10000,True,False,True,/content/cv3d-project/data/cache/reconstruction/predictions/02958343/156d4748560997c9a848f24544821b25/2ef6f22e80a5b320c4027d09.npz,3eeda7dfa5f6d25846f60f10cb3dda13a36b0826db3524257d7fc75f57a300c8,/content/cv3d-project/data/cache/reconstruction/metrics/02958343/156d4748560997c9a848f24544821b25/bcde60424f5c8bcc8dfc0b32.json,12.763144000018656
02958343/156d4748560997c9a848f24544821b25,vggt,10,"[0, 5, 23, 16, 24, 31, 33, 25, 38, 34]",0.13608765293348216,0.1617148638639403,0.18734207479439843,0.18132249186890168,0.0,0.0,1.9815741445013244,0.2607,0.0,0.0,0.139,0.0,0.0,camera_pose_sim3,2.482362142876008,0.33545163755345664,10000,10000,True,False,True,/content/cv3d-project/data/cache/reconstruction/predictions/02958343/156d4748560997c9a848f24544821b25/76d7b96f36a12b230f619e6a.npz,e0484bb202ae960639ae43115e35211dbffb671f6d2304bf7ade44dfbd1138d4,/content/cv3d-project/data/cache/reconstruction/metrics/02958343/156d4748560997c9a848f24544821b25/c3385a3f71f6edb445200e5a.json,12.88782599976912
02958343/15c3b923c85d22796d8b9531f93cc8de,vggt,1,[0],4.629977548891751,4.84054363624018,5.051109723588609,0.0,0.0,0.0,1.986779151600413,0.0,0.0,0.0,0.0,0.0,0.0,camera_rotation_center_and_target_diameter_scale_single_view,12.917400993349636,0.0,9914,10000,True,True,True,/content/cv3d-project/data/cache/reconstruction/predictions/02958343/15c3b923c85d22796d8b9531f93cc8de/78369041957ae0a04af4afd4.npz,c20d39784ee8ce08e93537bcbb5d6419be9c96bae9874d4af73e16a15750176b,/content/cv3d-project/data/cache/reconstruction/metrics/02958343/15c3b923c85d22796d8b9531f93cc8de/4d982d139eea87340f35fa8e.json,3.8117760000204726
02958343/15c3b923c85d22796d8b9531f93cc8de,vggt,2,"[0, 5]",0.18024664621448452,0.37474361861594746,0.5692405910174104,0.0,0.0,0.0,1.986779151600413,0.0,0.0,0.0,0.0,0.0,0.0,camera_pose_sim3,1.480521909463455,0.0538054914242566,10000,10000,True,False,True,/content/cv3d-project/data/cache/reconstruction/predictions/02958343/15c3b923c85d22796d8b9531f93cc8de/3af0525c2de4a90c76e1f73f.npz,f10cb051acf3222b6c774bea1cc45b3ab018e0d8a25ba47c2e466999f6e3c8b6,/content/cv3d-project/data/cache/reconstruction/metrics/02958343/15c3b923c85d22796d8b9531f93cc8de/b2cd19fe52b0779637304e90.json,11.589436000122078
02958343/15c3b923c85d22796d8b9531f93cc8de,vggt,3,"[0, 5, 24]",0.09634062560342406,0.17494531948855163,0.2535500133736792,0.14616691406894278,0.0019603960396039604,0.0057456869009584665,1.986779151600413,0.5213,0.009,0.0281,0.085,0.0011,0.0032,camera_pose_sim3,2.6915504749310233,0.22016802956757167,10000,10000,True,False,True,/content/cv3d-project/data/cache/reconstruction/predictions/02958343/15c3b923c85d22796d8b9531f93cc8de/767dc5e53934dde488b95d9f.npz,2be3dd4da37a6aae3da6b81f5440c66c163fb499f64b53543e1a00bb8b80e073,/content/cv3d-project/data/cache/reconstruction/metrics/02958343/15c3b923c85d22796d8b9531f93cc8de/95c29da50e4bedbb8a30b1f3.json,11.872216000028857
02958343/15c3b923c85d22796d8b9531f93cc8de,vggt,5,"[0, 5, 24, 35, 17]",0.01758392785396049,0.06123659906825885,0.10488927028255722,0.7248963978323238,0.05250458849235251,0.13490996152201795,1.986779151600413,1.0,0.2452,0.6261,0.5685,0.0294,0.0756,camera_pose_sim3,2.4888051816085968,0.20483086843823445,10000,10000,True,False,True,/content/cv3d-project/data/cache/reconstruction/predictions/02958343/15c3b923c85d22796d8b9531f93cc8de/98f5801067944c73077e5c51.npz,fdb299c9d4581500723679c10440f5c42792998e84e7f09a4b6a010e0bb36b27,/content/cv3d-project/data/cache/reconstruction/metrics/02958343/15c3b923c85d22796d8b9531f93cc8de/c950f3e99ee0ae90c8374425.json,12.023769999814249
02958343/15c3b923c85d22796d8b9531f93cc8de,vggt,10,"[0, 5, 24, 35, 17, 26, 8, 16, 25, 33]",0.03285334388363933,0.09810557259099592,0.1633578012983525,0.4200601097240996,0.043335409035409035,0.08301814566244098,1.986779151600413,0.9912,0.1381,0.3553,0.2665,0.0257,0.047,camera_pose_sim3,2.6147535116636953,0.24433915342355553,10000,10000,True,False,True,/content/cv3d-project/data/cache/reconstruction/predictions/02958343/15c3b923c85d22796d8b9531f93cc8de/dfc97000fa16a02a4d054354.npz,c4e93969e59d3d699227bbf313f90ec0f4cf41ca0ee52352ef172d1bc6e802e8,/content/cv3d-project/data/cache/reconstruction/metrics/02958343/15c3b923c85d22796d8b9531f93cc8de/6fd229c3a326e875fe4e5e26.json,12.870688000020891
02958343/15c785a7505992c3a9be8fd09fb14f4f,vggt,1,[0],4.674691073327928,4.88113289522094,5.087574717113953,0.0,0.0,0.0,1.9922442826571285,0.0,0.0,0.0,0.0,0.0,0.0,camera_rotation_center_and_target_diameter_scale_single_view,13.04300458373835,0.0,9114,10000,True,True,True,/content/cv3d-project/data/cache/reconstruction/predictions/02958343/15c785a7505992c3a9be8fd09fb14f4f/69b40721de7a8daf1b434b64.npz,5bd8669d9a099464a451baef36039e395685dc87a5be0c6acc430058a6e8b389,/content/cv3d-project/data/cache/reconstruction/metrics/02958343/15c785a7505992c3a9be8fd09fb14f4f/71eb383d20576f6abd3ba1d5.json,3.725730000041949
02958343/15c785a7505992c3a9be8fd09fb14f4f,vggt,2,"[0, 18]",0.20336020280144138,0.31506818431029127,0.4267761658191412,0.0,0.0,0.0,1.9922442826571285,0.0,0.0,0.0,0.0,0.0,0.0,camera_pose_sim3,1.312886046128403,0.7976686699542826,10000,10000,True,False,True,/content/cv3d-project/data/cache/reconstruction/predictions/02958343/15c785a7505992c3a9be8fd09fb14f4f/f11275c1f42f3d363f554f4a.npz,00a00c9a106e3c67be8d149aaf35220062e4f31ea1e32444673e9f7f6ea91530,/content/cv3d-project/data/cache/reconstruction/metrics/02958343/15c785a7505992c3a9be8fd09fb14f4f/3cd7377fe05b1b1902efd6f3.json,12.03677500006961
02958343/15c785a7505992c3a9be8fd09fb14f4f,vggt,3,"[0, 18, 26]",0.4658405442995896,0.5400153830045007,0.6141902217094117,0.0,0.0,0.0,1.9922442826571285,0.0,0.0,0.0,0.0,0.0,0.0,camera_pose_sim3,1.9703772269900934,0.81420107953424,10000,10000,True,False,True,/content/cv3d-project/data/cache/reconstruction/predictions/02958343/15c785a7505992c3a9be8fd09fb14f4f/59642986d19a9eb6a329dd7b.npz,27ad6a830b503a5ca686a258535a66697802d8058fddc2c7957cc84ce1d0d2f1,/content/cv3d-project/data/cache/reconstruction/metrics/02958343/15c785a7505992c3a9be8fd09fb14f4f/8407d9d14fe12847200cbe88.json,12.192564000088169
02958343/15c785a7505992c3a9be8fd09fb14f4f,vggt,5,"[0, 18, 26, 25, 44]",0.7225381191632939,0.7655835518354575,0.8086289845076209,0.0,0.0,0.0,1.9922442826571285,0.0,0.0,0.0,0.0,0.0,0.0,camera_pose_sim3,2.100050279603995,1.0315545346630495,10000,10000,True,False,True,/content/cv3d-project/data/cache/reconstruction/predictions/02958343/15c785a7505992c3a9be8fd09fb14f4f/9f36c462a2d47e0dbb3795b7.npz,97336fa78a20336bc5b4a3b55ce6ea7e0c63572d857056c82d70e1f683c156aa,/content/cv3d-project/data/cache/reconstruction/metrics/02958343/15c785a7505992c3a9be8fd09fb14f4f/48d14e837e19acac27cd017b.json,11.66385899978195
02958343/15c785a7505992c3a9be8fd09fb14f4f,vggt,10,"[0, 18, 26, 25, 44, 36, 33, 28, 39, 34]",0.02085453505646692,0.08075683643427123,0.14065913781207554,0.5455603228856083,0.10443189533239038,0.22119729437229438,1.9922442826571285,1.0,0.2137,0.6038,0.3751,0.0691,0.1354,camera_pose_sim3,2.6007909645660288,0.15787504855396065,10000,10000,True,False,True,/content/cv3d-project/data/cache/reconstruction/predictions/02958343/15c785a7505992c3a9be8fd09fb14f4f/cb26473c776f929313f62e44.npz,d645d6a6b56bd7618c0da54740f6d2becd8e0572a28b08703efd632ebfb037f0,/content/cv3d-project/data/cache/reconstruction/metrics/02958343/15c785a7505992c3a9be8fd09fb14f4f/19cf796cfc635fcf6cc51b34.json,13.269218999994337
02958343/15cc37ac9b3b756acfd826dd468a5497,vggt,1,[0],2.8291917654317342,3.0378352865241522,3.24647880761657,0.0,0.0,0.0,1.9974623771497941,0.0,0.0,0.0,0.0,0.0,0.0,camera_rotation_center_and_target_diameter_scale_single_view,9.365613167023325,0.0,10000,10000,True,True,True,/content/cv3d-project/data/cache/reconstruction/predictions/02958343/15cc37ac9b3b756acfd826dd468a5497/2122ea091b70c9f98cb3fd3e.npz,f7095d294ed3b3f7eb65c4fdb5be94ca44992cbf5bf6c1bb187b30535244cce4,/content/cv3d-project/data/cache/reconstruction/metrics/02958343/15cc37ac9b3b756acfd826dd468a5497/3e199bca550dcc7fb51c327a.json,3.987962999872252
02958343/15cc37ac9b3b756acfd826dd468a5497,vggt,2,"[0, 18]",0.4452999624744343,0.5888289645192142,0.732357966563994,0.0,0.0,0.0,1.9974623771497941,0.0,0.0,0.0,0.0,0.0,0.0,camera_pose_sim3,0.4250689455645695,0.9412854142605606,10000,10000,True,False,True,/content/cv3d-project/data/cache/reconstruction/predictions/02958343/15cc37ac9b3b756acfd826dd468a5497/318dbf225591e0473ec7e712.npz,bbe0a24511c9fbbc1cbcb2f622541413480b75c30bff2e45ab1cb36451f4586f,/content/cv3d-project/data/cache/reconstruction/metrics/02958343/15cc37ac9b3b756acfd826dd468a5497/617342824acad88a0103a050.json,12.275554000098055
02958343/15cc37ac9b3b756acfd826dd468a5497,vggt,3,"[0, 18, 26]",1.0006709340571314,1.0487599123484217,1.0968488906397118,0.0,0.0,0.0,1.9974623771497941,0.0,0.0,0.0,0.0,0.0,0.0,camera_pose_sim3,3.3311046331331404,0.3872656532756662,10000,10000,True,False,True,/content/cv3d-project/data/cache/reconstruction/predictions/02958343/15cc37ac9b3b756acfd826dd468a5497/a65e0ebd1d7742ed8498a512.npz,5d71fdd31cc9978104f1c0c7ee4dca3a8881eae859f15ee3d99ced6b8e85b0ef,/content/cv3d-project/data/cache/reconstruction/metrics/02958343/15cc37ac9b3b756acfd826dd468a5497/1007d42961c6fd428c4dd568.json,12.23563599978661
02958343/15cc37ac9b3b756acfd826dd468a5497,vggt,5,"[0, 18, 26, 25, 44]",0.4243389938175862,0.5225909625457072,0.6208429312738282,0.0,0.0,0.0,1.9974623771497941,0.0,0.0,0.0,0.0,0.0,0.0,camera_pose_sim3,2.16488957030778,0.8350449092272595,10000,10000,True,False,True,/content/cv3d-project/data/cache/reconstruction/predictions/02958343/15cc37ac9b3b756acfd826dd468a5497/12e3e9e535c18547ebe01594.npz,8e12ebbad316f2e2f795cf87c3d6c8dad7d3b34d6ced8661770ceae8f3f2fa61,/content/cv3d-project/data/cache/reconstruction/metrics/02958343/15cc37ac9b3b756acfd826dd468a5497/cff407b5bc377c82e5e5d234.json,12.281682999855548
02958343/15cc37ac9b3b756acfd826dd468a5497,vggt,10,"[0, 18, 26, 25, 44, 33, 36, 39, 32, 24]",0.11419794384933404,0.18833459402517205,0.26247124420101003,0.11177179080824089,0.0,0.001902439024390244,1.9974623771497941,0.4408,0.0,0.0015,0.064,0.0,0.0026,camera_pose_sim3,2.651390762648986,0.3798880643944716,10000,10000,True,False,True,/content/cv3d-project/data/cache/reconstruction/predictions/02958343/15cc37ac9b3b756acfd826dd468a5497/cf8531fd55de4f643e6adc5c.npz,88aa28e8e7db87b756aee4226590002afe0a42cd94b8604401d280248b4493cd,/content/cv3d-project/data/cache/reconstruction/metrics/02958343/15cc37ac9b3b756acfd826dd468a5497/21d3adbd5525aef71595c87a.json,12.43812299981073
02958343/15d6cd7877c6601d9ed410a010efa019,vggt,1,[0],4.34257319056341,4.549707163941237,4.756841137319065,0.0,0.0,0.0,1.9889480943194815,0.0,0.0,0.0,0.0,0.0,0.0,camera_rotation_center_and_target_diameter_scale_single_view,12.295084558533134,0.0,10000,10000,True,True,True,/content/cv3d-project/data/cache/reconstruction/predictions/02958343/15d6cd7877c6601d9ed410a010efa019/bf6bf607b6c08be715d308fd.npz,09e1a83e39b8a4b01045a5173a5afef63e37943ba2421d5f610016fb80d513e1,/content/cv3d-project/data/cache/reconstruction/metrics/02958343/15d6cd7877c6601d9ed410a010efa019/9ff2fe0ebb8beefcfc037f09.json,3.969982000398886
02958343/15d6cd7877c6601d9ed410a010efa019,vggt,2,"[0, 18]",0.3180285369674329,0.44966605825477923,0.5813035795421256,0.0,0.0,0.0,1.9889480943194815,0.0,0.0,0.0,0.0,0.0,0.0,camera_pose_sim3,1.0483075372162844,0.8928951076608209,10000,10000,True,False,True,/content/cv3d-project/data/cache/reconstruction/predictions/02958343/15d6cd7877c6601d9ed410a010efa019/a1f157b6cd8bfef802d947b4.npz,e43f98652d5c738d3e1891cbe39f802cbbad480086d725b023b998f1e82adbe9,/content/cv3d-project/data/cache/reconstruction/metrics/02958343/15d6cd7877c6601d9ed410a010efa019/5aab921e7b1f7f2099deb3d9.json,11.930180000035762
02958343/15d6cd7877c6601d9ed410a010efa019,vggt,3,"[0, 18, 25]",0.6442285475675378,0.7625840752863163,0.8809396030050949,0.0,0.0,0.0,1.9889480943194815,0.0,0.0,0.0,0.0,0.0,0.0,camera_pose_sim3,0.14094549081200597,1.0129187449044659,10000,10000,True,False,True,/content/cv3d-project/data/cache/reconstruction/predictions/02958343/15d6cd7877c6601d9ed410a010efa019/2a1cb4eb48c4b9fbd5a1a56f.npz,36f8c43c23b37f500afbd1a9c95a91927e2fe5d3c02d0a7e0ec5aa8ac903c380,/content/cv3d-project/data/cache/reconstruction/metrics/02958343/15d6cd7877c6601d9ed410a010efa019/f3b702aa6f606c9768ddc4cc.json,12.54311200000302
02958343/15d6cd7877c6601d9ed410a010efa019,vggt,5,"[0, 18, 25, 33, 40]",0.4952847301389154,0.552273771705387,0.6092628132718587,0.0,0.0,0.0,1.9889480943194815,0.0,0.0,0.0,0.0,0.0,0.0,camera_pose_sim3,1.9356844098831698,0.7760619249960452,10000,10000,True,False,True,/content/cv3d-project/data/cache/reconstruction/predictions/02958343/15d6cd7877c6601d9ed410a010efa019/187eecab29c14206f24ff07a.npz,0351036e2c786a20ba0812b19e76e7065ad0fc3830daea79fa75ef2c90e2d70c,/content/cv3d-project/data/cache/reconstruction/metrics/02958343/15d6cd7877c6601d9ed410a010efa019/5511ada41635e94a7793ded5.json,12.838703999932477
02958343/15d6cd7877c6601d9ed410a010efa019,vggt,10,"[0, 18, 25, 33, 40, 32, 10, 43, 35, 9]",0.46963698230162254,0.599743142686831,0.7298493030720395,0.0,0.0,0.0,1.9889480943194815,0.0,0.0,0.0,0.0,0.0,0.0,camera_pose_sim3,1.0279285988978903,1.0835707714656004,10000,10000,True,False,True,/content/cv3d-project/data/cache/reconstruction/predictions/02958343/15d6cd7877c6601d9ed410a010efa019/a043e0149261d5125cae7c76.npz,78d82ca7ffc1ef113cba02d389fd13e95bf40393d08b589b42a714beb7a09ebc,/content/cv3d-project/data/cache/reconstruction/metrics/02958343/15d6cd7877c6601d9ed410a010efa019/5e98f22ff51657c7951a80d0.json,13.238553000064712
02958343/15e52e44cdcc80ed13ded1857c15b5b6,vggt,1,[0],13.041960242827928,13.233033769911705,13.424107296995482,0.0,0.0,0.0,0.5116315604689127,0.0,0.0,0.0,0.0,0.0,0.0,camera_rotation_center_and_target_diameter_scale_single_view,9.760212749267884,0.0,956,10000,True,True,True,/content/cv3d-project/data/cache/reconstruction/predictions/02958343/15e52e44cdcc80ed13ded1857c15b5b6/9c512bcdad537cf4c5855629.npz,43857f5bc914ad35541aa3280bee27bba354e836ce80575a11e679a2f3838e4e,/content/cv3d-project/data/cache/reconstruction/metrics/02958343/15e52e44cdcc80ed13ded1857c15b5b6/edbd8ac476ae1a46b1cb2d08.json,2.872357000342163
02958343/15e52e44cdcc80ed13ded1857c15b5b6,vggt,2,"[0, 4]",3.87178070202347,4.07782868107122,4.28387666011897,0.0,0.0,0.0,0.5116315604689127,0.0,0.0,0.0,0.0,0.0,0.0,camera_pose_sim3_positive_scale_fallback,0.9802386632211805,6.372420972436451e-16,2485,10000,True,False,True,/content/cv3d-project/data/cache/reconstruction/predictions/02958343/15e52e44cdcc80ed13ded1857c15b5b6/99d8b9e0dab4c00a0fc9863f.npz,88d3aa9b972d78b44287d1d018ff45314126c838663d52b3e8985273e1c51ca9,/content/cv3d-project/data/cache/reconstruction/metrics/02958343/15e52e44cdcc80ed13ded1857c15b5b6/e29ec16f8f859f2b4ff071b4.json,9.49958199998946
02958343/15e52e44cdcc80ed13ded1857c15b5b6,vggt,3,"[0, 4, 12]",4.154737346131058,4.403951174809274,4.65316500348749,0.0,0.0,0.0,0.5116315604689127,0.0,0.0,0.0,0.0,0.0,0.0,camera_pose_sim3,0.09253329782769822,2.0546746976431693,4618,10000,True,False,True,/content/cv3d-project/data/cache/reconstruction/predictions/02958343/15e52e44cdcc80ed13ded1857c15b5b6/51a0cfe1d952d653c7be725f.npz,e986fd576925ec19f343e1ea25b1b2003ad9b684123ff1bdb0e39604ac05d2ce,/content/cv3d-project/data/cache/reconstruction/metrics/02958343/15e52e44cdcc80ed13ded1857c15b5b6/395b71758898cf2fe0558b49.json,9.30582000000868
02958343/15e52e44cdcc80ed13ded1857c15b5b6,vggt,5,"[0, 4, 12, 27, 35]",0.5699863899430085,0.7275104319461396,0.8850344739492707,0.0,0.0,0.0,0.5116315604689127,0.0,0.0,0.0,0.0,0.0,0.0,camera_pose_sim3,1.1718959331436092,3.031391630797496,10000,10000,True,False,True,/content/cv3d-project/data/cache/reconstruction/predictions/02958343/15e52e44cdcc80ed13ded1857c15b5b6/ee5bd55b376f3024a5195944.npz,a8a26ac0407f8d2e1bb5d46fea42289c9caf57be74ce6508f28daabbaf32979c,/content/cv3d-project/data/cache/reconstruction/metrics/02958343/15e52e44cdcc80ed13ded1857c15b5b6/a529ba2f52a81fbde25a4060.json,12.237334000019473
02958343/15e52e44cdcc80ed13ded1857c15b5b6,vggt,10,"[0, 4, 12, 27, 35, 8, 17, 2, 9, 25]",6.43317237785152,6.474197788496059,6.515223199140598,0.0,0.0,0.0,0.5116315604689127,0.0,0.0,0.0,0.0,0.0,0.0,camera_pose_sim3,1.9940438438044268,2.9563331040605845,10000,10000,True,False,True,/content/cv3d-project/data/cache/reconstruction/predictions/02958343/15e52e44cdcc80ed13ded1857c15b5b6/4dfb2cdbc38d9d06598279a8.npz,392b217798c58e02cacab9e0312487753bb31951c71f684ec9f7d3838201e9e3,/content/cv3d-project/data/cache/reconstruction/metrics/02958343/15e52e44cdcc80ed13ded1857c15b5b6/2b23a898907ecc2576576fcf.json,12.304051000228355
02958343/15fcfe91d44c0e15e5c9256f048d92d2,vggt,1,[0],3.879147052149765,4.094096004223584,4.309044956297403,0.0,0.0,0.0,1.9819274630897554,0.0,0.0,0.0,0.0,0.0,0.0,camera_rotation_center_and_target_diameter_scale_single_view,11.387370498551839,0.0,10000,10000,True,True,True,/content/cv3d-project/data/cache/reconstruction/predictions/02958343/15fcfe91d44c0e15e5c9256f048d92d2/dffffe6c8db150e168dc0656.npz,1ef3c58165d0229b1a880a9e03aeebcb2349d78e6312f91c7fd922076cf8d4f4,/content/cv3d-project/data/cache/reconstruction/metrics/02958343/15fcfe91d44c0e15e5c9256f048d92d2/120547d543ed5a48c97899fc.json,3.824236000127712
02958343/15fcfe91d44c0e15e5c9256f048d92d2,vggt,2,"[0, 5]",0.31892659455062994,0.5088186653703883,0.6987107361901468,0.0,0.0,0.0,1.9819274630897554,0.0,0.0,0.0,0.0,0.0,0.0,camera_pose_sim3,1.2721988996895168,0.051048736230093886,10000,10000,True,False,True,/content/cv3d-project/data/cache/reconstruction/predictions/02958343/15fcfe91d44c0e15e5c9256f048d92d2/58bb53bbec883625668f4c7c.npz,5bfa871d5bd1d36b5cf5a611a6face2e3576898b3e05d1d3a7a5a272ea9db2f1,/content/cv3d-project/data/cache/reconstruction/metrics/02958343/15fcfe91d44c0e15e5c9256f048d92d2/c2befc22b9b70f7fa74708be.json,12.262834000011935
02958343/15fcfe91d44c0e15e5c9256f048d92d2,vggt,3,"[0, 5, 31]",0.03218256606626552,0.11617052779869122,0.20015848953111692,0.4110590291570668,0.008651813471502592,0.027567215626196857,1.9819274630897554,1.0,0.0726,0.2465,0.2587,0.0046,0.0146,camera_pose_sim3,2.3356030265557965,0.053643715190886156,10000,10000,True,False,True,/content/cv3d-project/data/cache/reconstruction/predictions/02958343/15fcfe91d44c0e15e5c9256f048d92d2/b49a040e9f821b78382b8162.npz,8839fbdad5c18c203350fa028339c7009a1a2dbd82446ef2213ab0eddbf7c8ee,/content/cv3d-project/data/cache/reconstruction/metrics/02958343/15fcfe91d44c0e15e5c9256f048d92d2/9e2e0968d70febad23044c18.json,12.972603999969579
02958343/15fcfe91d44c0e15e5c9256f048d92d2,vggt,5,"[0, 5, 31, 23, 16]",0.023326074727391535,0.054846081559998705,0.08636608839260587,0.78078517434772,0.0643685,0.1329141297567062,1.9819274630897554,1.0,0.2429,0.5659,0.6404,0.0371,0.0753,camera_pose_sim3,2.4988224890082513,0.12572925883872044,10000,10000,True,False,True,/content/cv3d-project/data/cache/reconstruction/predictions/02958343/15fcfe91d44c0e15e5c9256f048d92d2/1012da963ee7c598e1dd5434.npz,214cacc38d72099d455a3978f195d83601d6bbe53afbd00e9f413cf817d913b0,/content/cv3d-project/data/cache/reconstruction/metrics/02958343/15fcfe91d44c0e15e5c9256f048d92d2/393281fdfdfbac42372a15cb.json,12.875971000084974
02958343/15fcfe91d44c0e15e5c9256f048d92d2,vggt,10,"[0, 5, 31, 23, 16, 24, 33, 25, 34, 41]",0.01461377826341768,0.05856565080405488,0.10251752334469208,0.6994407595265965,0.14326424870466317,0.2689604467390159,1.9819274630897554,1.0,0.395,0.7869,0.5378,0.0875,0.1622,camera_pose_sim3,2.497678896517127,0.17485035355060544,10000,10000,True,False,True,/content/cv3d-project/data/cache/reconstruction/predictions/02958343/15fcfe91d44c0e15e5c9256f048d92d2/a8344f79910f9ba729fae330.npz,e58f13c6f4de121f8a720eaf7d46bb4e0e5e624cdb9c25ae41f62bdb3ebc71c5,/content/cv3d-project/data/cache/reconstruction/metrics/02958343/15fcfe91d44c0e15e5c9256f048d92d2/4073d7bce7b35be70cff37c4.json,13.077278999844566
02958343/164c8597d8eae2f6f21c3b61f0b564c4,vggt,1,[0],3.2890951083295943,3.502557965033255,3.7160208217369157,0.0,0.0,0.0,1.9764921629014318,0.0,0.0,0.0,0.0,0.0,0.0,camera_rotation_center_and_target_diameter_scale_single_view,10.313197631668277,0.0,8322,10000,True,True,True,/content/cv3d-project/data/cache/reconstruction/predictions/02958343/164c8597d8eae2f6f21c3b61f0b564c4/49061275e4fd7820bec5b00b.npz,9b12b09d0f527a26e8ae6711688b608a8aae82f01772314aea3461532fa95dcb,/content/cv3d-project/data/cache/reconstruction/metrics/02958343/164c8597d8eae2f6f21c3b61f0b564c4/812605cd28ac7bdb687e3ed8.json,3.710592000061297
02958343/164c8597d8eae2f6f21c3b61f0b564c4,vggt,2,"[0, 5]",0.9035593343397449,1.0910848850171313,1.2786104356945176,0.0,0.0,0.0,1.9764921629014318,0.0,0.0,0.0,0.0,0.0,0.0,camera_pose_sim3,0.6622489013992131,0.0853701088511371,10000,10000,True,False,True,/content/cv3d-project/data/cache/reconstruction/predictions/02958343/164c8597d8eae2f6f21c3b61f0b564c4/ad65908be72f053ad49f0cbe.npz,81b46a1e9ac95b6b77db5ee8b6af4dd8c9e5627fa7e318b1411d9523341d76f2,/content/cv3d-project/data/cache/reconstruction/metrics/02958343/164c8597d8eae2f6f21c3b61f0b564c4/448646d7d383788a6fddf741.json,12.174903999948583
02958343/164c8597d8eae2f6f21c3b61f0b564c4,vggt,3,"[0, 5, 17]",0.08290379283761594,0.1394093219157397,0.19591485099386347,0.20270643300315666,0.0,0.0,1.9764921629014318,0.8027,0.0,0.0,0.116,0.0,0.0,camera_pose_sim3,2.549374077952692,0.23087224813040066,10000,10000,True,False,True,/content/cv3d-project/data/cache/reconstruction/predictions/02958343/164c8597d8eae2f6f21c3b61f0b564c4/fcd6e76aa81544274c1bbd33.npz,bf19a4da78ba0c075a2e4d875d9bd9984bca11f209871b9b1989f60b6a5c4f81,/content/cv3d-project/data/cache/reconstruction/metrics/02958343/164c8597d8eae2f6f21c3b61f0b564c4/6bd5139847623b88fdfc2edc.json,11.8495729998358
02958343/164c8597d8eae2f6f21c3b61f0b564c4,vggt,5,"[0, 5, 17, 25, 45]",0.44706586045729513,0.5254159866379633,0.6037661128186315,0.0,0.0,0.0,1.9764921629014318,0.0,0.0,0.0,0.0,0.0,0.0,camera_pose_sim3,1.9493413844627157,0.8923942240945381,10000,10000,True,False,True,/content/cv3d-project/data/cache/reconstruction/predictions/02958343/164c8597d8eae2f6f21c3b61f0b564c4/6ca3261b653e930665a61635.npz,4dadbbfaf600cf8f5c8b962dabd8f17f4190fd14b0ad24c7f8c6578a09b9e29c,/content/cv3d-project/data/cache/reconstruction/metrics/02958343/164c8597d8eae2f6f21c3b61f0b564c4/80e74d443b2b527835200609.json,11.836571999992884
02958343/164c8597d8eae2f6f21c3b61f0b564c4,vggt,10,"[0, 5, 17, 25, 45, 38, 31, 39, 24, 33]",0.01774908548281701,0.06868749058110253,0.11962589567938806,0.6910138098043066,0.1628023804463337,0.3096010795007309,1.9764921629014318,1.0,0.3658,0.6897,0.5279,0.1047,0.1996,camera_pose_sim3,2.215699608905268,0.2544348997645794,10000,10000,True,False,True,/content/cv3d-project/data/cache/reconstruction/predictions/02958343/164c8597d8eae2f6f21c3b61f0b564c4/64c8c18321f46e08809029d0.npz,1260c9f4f843d1cec3d96d9985fcaedaff71902da6799125dea2d56d80b8ed1c,/content/cv3d-project/data/cache/reconstruction/metrics/02958343/164c8597d8eae2f6f21c3b61f0b564c4/f4c5aae611858985cd16e79c.json,12.819600000057108
02958343/1660d6b7221223708a49a62fbc70ff9a,vggt,1,[0],3.526572052176735,3.7316054634565528,3.9366388747363703,0.0,0.0,0.0,1.9642117443688598,0.0,0.0,0.0,0.0,0.0,0.0,camera_rotation_center_and_target_diameter_scale_single_view,10.596054726889587,0.0,10000,10000,True,True,True,/content/cv3d-project/data/cache/reconstruction/predictions/02958343/1660d6b7221223708a49a62fbc70ff9a/37afcdcfc3c62f8a24558f97.npz,d5ffd14d5b73e5e4f7526976cf9a52ae5be1c1f5a3b6bd065d9ce8be0e1f0dd6,/content/cv3d-project/data/cache/reconstruction/metrics/02958343/1660d6b7221223708a49a62fbc70ff9a/6ea252617b4ec18017b14d63.json,3.8987709999673825
02958343/1660d6b7221223708a49a62fbc70ff9a,vggt,2,"[0, 4]",0.090083451968082,0.27552246931065,0.460961486653218,0.05862939235099981,0.0,0.0,1.9642117443688598,1.0,0.0,0.0,0.0302,0.0,0.0,camera_pose_sim3,1.557839223167068,0.15981602550843527,10000,10000,True,False,True,/content/cv3d-project/data/cache/reconstruction/predictions/02958343/1660d6b7221223708a49a62fbc70ff9a/c06255fe25fd3482903dbcc9.npz,b6f37b6ea3348a89c2d371a6c0a48ce71ab368e2ba5b24aef7ceab6775fa69b3,/content/cv3d-project/data/cache/reconstruction/metrics/02958343/1660d6b7221223708a49a62fbc70ff9a/67679b29d62befc81e4f2415.json,12.610500999926444
02958343/1660d6b7221223708a49a62fbc70ff9a,vggt,3,"[0, 4, 17]",0.01640044790725487,0.08933952777830756,0.16227860764936025,0.5408915152841614,0.03644884267024488,0.0828688322368421,1.9642117443688598,1.0,0.2786,0.6855,0.3707,0.0195,0.0441,camera_pose_sim3,2.1800609633463384,0.3303494360598526,10000,10000,True,False,True,/content/cv3d-project/data/cache/reconstruction/predictions/02958343/1660d6b7221223708a49a62fbc70ff9a/1d1b52d6a90f218c649ddb89.npz,acea99b7e12ab556f96b773f4edc35f560d994c78cd0e196debc896eb09ae9e0,/content/cv3d-project/data/cache/reconstruction/metrics/02958343/1660d6b7221223708a49a62fbc70ff9a/adefb0a089a19ed2111d8332.json,12.69298399984109
02958343/1660d6b7221223708a49a62fbc70ff9a,vggt,5,"[0, 4, 17, 25, 34]",0.02222430381545058,0.1045847898336223,0.18694527585179402,0.34983498349834985,0.024592531120331954,0.058141724137931027,1.9642117443688598,1.0,0.1796,0.4911,0.212,0.0132,0.0309,camera_pose_sim3,2.1196082131897973,0.5345582857788281,10000,10000,True,False,True,/content/cv3d-project/data/cache/reconstruction/predictions/02958343/1660d6b7221223708a49a62fbc70ff9a/44d7608d1575d44cf5797e27.npz,c3cc00b8dc0d21dbdaef8f8d26f5e845e7b1918ec28e69ea515eb4d8b446fc65,/content/cv3d-project/data/cache/reconstruction/metrics/02958343/1660d6b7221223708a49a62fbc70ff9a/40714012c0e8b1b3360abe5d.json,12.370662000193988
02958343/1660d6b7221223708a49a62fbc70ff9a,vggt,10,"[0, 4, 17, 25, 34, 42, 8, 39, 45, 16]",0.018600282969758578,0.08834481369747194,0.1580893444251853,0.5719385933595145,0.0982199833008628,0.2013504089219331,1.9642117443688598,1.0,0.3006,0.6891,0.4005,0.0587,0.1179,camera_pose_sim3,2.33768707750251,0.40622952077415,10000,10000,True,False,True,/content/cv3d-project/data/cache/reconstruction/predictions/02958343/1660d6b7221223708a49a62fbc70ff9a/d09eb58cbef5387736d6ba5e.npz,0cc4a657d0ebf47f8920af1610925e28ce8488c940548fddc705270eb0a962ec,/content/cv3d-project/data/cache/reconstruction/metrics/02958343/1660d6b7221223708a49a62fbc70ff9a/5788aa5400218e4f5c518dbf.json,12.851292000050307
02958343/167df2c10c116eb5d61b6a34f3fd808c,vggt,1,[0],2.9419970784328133,3.150600733115434,3.359204387798054,0.0,0.0,0.0,1.9859885404570485,0.0,0.0,0.0,0.0,0.0,0.0,camera_rotation_center_and_target_diameter_scale_single_view,9.678295041637632,0.0,9590,10000,True,True,True,/content/cv3d-project/data/cache/reconstruction/predictions/02958343/167df2c10c116eb5d61b6a34f3fd808c/2925b61a671f20de487fba0b.npz,f8129549500273390c6555a3fe234d590a59efe024ac8ef52438c63385f07467,/content/cv3d-project/data/cache/reconstruction/metrics/02958343/167df2c10c116eb5d61b6a34f3fd808c/341ce53dcdec937b19c1ca55.json,3.858907999983785
02958343/167df2c10c116eb5d61b6a34f3fd808c,vggt,2,"[0, 4]",0.13364388366089527,0.3414332294538809,0.5492225752468665,0.014480588776448942,0.0,0.0,1.9859885404570485,0.1009,0.0,0.0,0.0078,0.0,0.0,camera_pose_sim3,1.564864498644282,0.03741185341936454,10000,10000,True,False,True,/content/cv3d-project/data/cache/reconstruction/predictions/02958343/167df2c10c116eb5d61b6a34f3fd808c/c7910e0f9054dba51366ea24.npz,879dcd97f7fdac4bb76c24d65a12c627b4480587b064dbc178d71f4fc0cac87c,/content/cv3d-project/data/cache/reconstruction/metrics/02958343/167df2c10c116eb5d61b6a34f3fd808c/f8682ad73a07de94788a5d60.json,12.069216999861965
02958343/167df2c10c116eb5d61b6a34f3fd808c,vggt,3,"[0, 4, 25]",0.03721718537685329,0.0965540154102826,0.15589084544371193,0.3086120881057269,0.04157491289198607,0.06564748354215331,1.9859885404570485,0.9508,0.2355,0.4354,0.1842,0.0228,0.0355,camera_pose_sim3,2.5651587412999537,0.16558544617629772,10000,10000,True,False,True,/content/cv3d-project/data/cache/reconstruction/predictions/02958343/167df2c10c116eb5d61b6a34f3fd808c/ec89a1602e06b935b7ba4f64.npz,a78aab2b75bd3d420656496f3ff8aba7c145ed9e4721cfb4a9dce66f67f08eee,/content/cv3d-project/data/cache/reconstruction/metrics/02958343/167df2c10c116eb5d61b6a34f3fd808c/efacda9deec3d5fc0042d158.json,12.051913000050263
02958343/167df2c10c116eb5d61b6a34f3fd808c,vggt,5,"[0, 4, 25, 33, 38]",0.023092911437478263,0.06276657041263038,0.10244022938778251,0.7626825043306111,0.051547918303220745,0.11889404934687955,1.9859885404570485,1.0,0.2255,0.5535,0.6164,0.0291,0.0666,camera_pose_sim3,2.476340697342936,0.23887238766062624,10000,10000,True,False,True,/content/cv3d-project/data/cache/reconstruction/predictions/02958343/167df2c10c116eb5d61b6a34f3fd808c/6fee98e96b0f25b2e8794761.npz,e76fb0b0420a5e5c44a46f8950714ecb556c2442762deb990a869a56dd5ee098,/content/cv3d-project/data/cache/reconstruction/metrics/02958343/167df2c10c116eb5d61b6a34f3fd808c/899eae6ef94eee9e3b418838.json,13.61942799985627
02958343/167df2c10c116eb5d61b6a34f3fd808c,vggt,10,"[0, 4, 25, 33, 38, 31, 24, 45, 39, 34]",0.016166954684780216,0.04851038085665054,0.08085380702852087,0.8131268173995609,0.11788681010289989,0.24338683573487035,1.9859885404570485,1.0,0.357,0.7211,0.6851,0.0706,0.1464,camera_pose_sim3,2.4374057217569196,0.14721469755347122,10000,10000,True,False,True,/content/cv3d-project/data/cache/reconstruction/predictions/02958343/167df2c10c116eb5d61b6a34f3fd808c/22f8d3c37e9d5c9ffebbe457.npz,9cc5cdecde91204fb2b6022a52779c63808a5719fc3102a32099645e7add98ce,/content/cv3d-project/data/cache/reconstruction/metrics/02958343/167df2c10c116eb5d61b6a34f3fd808c/5a05ce7490b9f3a9c680dd05.json,13.046206000126404
02958343/1687b77b048d1aaf635b88185c42637a,vggt,1,[0],3.0680626489176808,3.269506163719945,3.4709496785222096,0.0,0.0,0.0,1.9735397397083645,0.0,0.0,0.0,0.0,0.0,0.0,camera_rotation_center_and_target_diameter_scale_single_view,9.811973005324639,0.0,10000,10000,True,True,True,/content/cv3d-project/data/cache/reconstruction/predictions/02958343/1687b77b048d1aaf635b88185c42637a/ca76843e4ba714a15b6431a2.npz,9d7d16ee06b7ef052cb159d864300f673b7de3608855d6f27e7b004d0767650b,/content/cv3d-project/data/cache/reconstruction/metrics/02958343/1687b77b048d1aaf635b88185c42637a/18ec9f057b488d84b0557bba.json,4.0358470000683155
02958343/1687b77b048d1aaf635b88185c42637a,vggt,2,"[0, 26]",0.447382548816405,0.5153250543751242,0.5832675599338435,0.0,0.0,0.0,1.9735397397083645,0.0,0.0,0.0,0.0,0.0,0.0,camera_pose_sim3,2.015014006854522,0.7714181305211399,10000,10000,True,False,True,/content/cv3d-project/data/cache/reconstruction/predictions/02958343/1687b77b048d1aaf635b88185c42637a/e99c34293c71795f1e8da2bc.npz,e6d69c43fcdb731f6df1b21f608d9171f9a79812d89176437381a70fc2f1284e,/content/cv3d-project/data/cache/reconstruction/metrics/02958343/1687b77b048d1aaf635b88185c42637a/2aecbb69814bd5c08799f8bc.json,12.389707999773236
02958343/1687b77b048d1aaf635b88185c42637a,vggt,3,"[0, 26, 18]",0.08374154847680229,0.1896885248250697,0.29563550117333715,0.1501895339652449,0.0024734082397003744,0.012637213254035684,1.9735397397083645,0.4147,0.0254,0.111,0.0917,0.0013,0.0067,camera_pose_sim3,1.7803320271866214,0.649758419233853,10000,10000,True,False,True,/content/cv3d-project/data/cache/reconstruction/predictions/02958343/1687b77b048d1aaf635b88185c42637a/b6c820bf5928675f73790132.npz,9f1d8aaaa66e22b5beb436bf88e0d63ec1e1a548d955d6b1ab8abf3bc584b941,/content/cv3d-project/data/cache/reconstruction/metrics/02958343/1687b77b048d1aaf635b88185c42637a/656ced60dc59d0e189036cdd.json,12.48837800039837
02958343/1687b77b048d1aaf635b88185c42637a,vggt,5,"[0, 26, 18, 25, 33]",0.6292956140265653,0.6778622282032336,0.7264288423799019,0.0,0.0,0.0,1.9735397397083645,0.0,0.0,0.0,0.0,0.0,0.0,camera_pose_sim3,1.2636809608688826,0.703871451652172,10000,10000,True,False,True,/content/cv3d-project/data/cache/reconstruction/predictions/02958343/1687b77b048d1aaf635b88185c42637a/5ba7abc71d6ab71e2442694b.npz,87425908e8ff4df827f8912e6640e85c324ca3fb7b71ed0f3b103e30ed147326,/content/cv3d-project/data/cache/reconstruction/metrics/02958343/1687b77b048d1aaf635b88185c42637a/7ab22efaba8e75cf3753c241.json,12.664983999911783
02958343/1687b77b048d1aaf635b88185c42637a,vggt,10,"[0, 26, 18, 25, 33, 40, 32, 39, 34, 41]",0.1585484092356876,0.3319195246515222,0.5052906400673568,0.0,0.0,0.0,1.9735397397083645,0.0,0.0,0.0,0.0,0.0,0.0,camera_pose_sim3,0.7107383667468886,1.0498083214677683,10000,10000,True,False,True,/content/cv3d-project/data/cache/reconstruction/predictions/02958343/1687b77b048d1aaf635b88185c42637a/fce6b950b8c1d0927ecdf7b4.npz,156fa8b47d56a9c52b9cb34762e353a38395aa1570ce3f32dcc5c501675d39e9,/content/cv3d-project/data/cache/reconstruction/metrics/02958343/1687b77b048d1aaf635b88185c42637a/b7b39e321af9573c0ba9e074.json,13.264524000078382
02958343/1688bcda878d3b18afe717997470b28d,vggt,1,[0],2.7020676111321973,2.908962876892315,3.1158581426524323,0.0,0.0,0.0,1.9777233342934681,0.0,0.0,0.0,0.0,0.0,0.0,camera_rotation_center_and_target_diameter_scale_single_view,9.067217742970051,0.0,10000,10000,True,True,True,/content/cv3d-project/data/cache/reconstruction/predictions/02958343/1688bcda878d3b18afe717997470b28d/868ebb0bf3543a494947bb59.npz,6f2cb7464d5c53c08d72d480cd8baeaad00314aefa2126d08b8ba49f37a0d178,/content/cv3d-project/data/cache/reconstruction/metrics/02958343/1688bcda878d3b18afe717997470b28d/a4b05cfc2efea845a3c98498.json,3.974616000050446
02958343/1688bcda878d3b18afe717997470b28d,vggt,2,"[0, 18]",0.4250541303888017,0.5663117949688011,0.7075694595488006,0.0,0.0,0.0,1.9777233342934681,0.0,0.0,0.0,0.0,0.0,0.0,camera_pose_sim3,0.42066086789252255,0.9516134847586767,10000,10000,True,False,True,/content/cv3d-project/data/cache/reconstruction/predictions/02958343/1688bcda878d3b18afe717997470b28d/788356d8199b22e59437f4c4.npz,7525fe4d2b1070331a578c04d86ded6e0ddb0f14577ad965330e84d69ed4f5b3,/content/cv3d-project/data/cache/reconstruction/metrics/02958343/1688bcda878d3b18afe717997470b28d/e03f0aeae138daff2fbc1258.json,12.282827000035468
02958343/1688bcda878d3b18afe717997470b28d,vggt,3,"[0, 18, 25]",0.6174431885547166,0.7210371414712369,0.8246310943877571,0.0,0.0,0.0,1.9777233342934681,0.0,0.0,0.0,0.0,0.0,0.0,camera_pose_sim3,0.15077641021158766,1.019148899813763,10000,10000,True,False,True,/content/cv3d-project/data/cache/reconstruction/predictions/02958343/1688bcda878d3b18afe717997470b28d/a4a4616d5eced3a969757f7c.npz,587a24c964722fffb9a790a891c1b21a9bb440343add64c1ae1c9d62fd49b525,/content/cv3d-project/data/cache/reconstruction/metrics/02958343/1688bcda878d3b18afe717997470b28d/8c9e718d0ef248abac71562e.json,12.254836000010982
02958343/1688bcda878d3b18afe717997470b28d,vggt,5,"[0, 18, 25, 33, 44]",0.2416101992222617,0.30000730182778107,0.3584044044333004,0.0,0.0,0.0,1.9777233342934681,0.0,0.0,0.0,0.0,0.0,0.0,camera_pose_sim3,1.5116742710365327,1.0619452861671548,10000,10000,True,False,True,/content/cv3d-project/data/cache/reconstruction/predictions/02958343/1688bcda878d3b18afe717997470b28d/b8ff6249b165a13e7ee39e0a.npz,f1931c23b7e4f5d0fd5f1b0d3f947084e937442bd2702b590ff491c825d8295e,/content/cv3d-project/data/cache/reconstruction/metrics/02958343/1688bcda878d3b18afe717997470b28d/acd70687a1d945b8af8feab6.json,12.583066000388499
02958343/1688bcda878d3b18afe717997470b28d,vggt,10,"[0, 18, 25, 33, 44, 36, 10, 23, 16, 31]",0.572594334305716,0.6362076859350676,0.6998210375644193,0.0,0.0,0.0,1.9777233342934681,0.0,0.0,0.0,0.0,0.0,0.0,camera_pose_sim3,2.0442191999354242,0.9334921781255119,10000,10000,True,False,True,/content/cv3d-project/data/cache/reconstruction/predictions/02958343/1688bcda878d3b18afe717997470b28d/f6cd15b8993a2edcd7f1358d.npz,1399d7730ae02d0e874fb538fd1ce40e248aca31559a3d474c3e9acbf5de395c,/content/cv3d-project/data/cache/reconstruction/metrics/02958343/1688bcda878d3b18afe717997470b28d/5e07436351001d715fd01f53.json,12.620289000096818
02958343/16d6ecc22218e21b36dfef0450f0ee37,vggt,1,[0],3.292351834755938,3.4974249392308394,3.702498043705741,0.0,0.0,0.0,1.97908839619215,0.0,0.0,0.0,0.0,0.0,0.0,camera_rotation_center_and_target_diameter_scale_single_view,10.216840493038463,0.0,10000,10000,True,True,True,/content/cv3d-project/data/cache/reconstruction/predictions/02958343/16d6ecc22218e21b36dfef0450f0ee37/5b973ae24f8ebd1b231a0af5.npz,8dd057aec1ff98dd863f73c823d9dbdd417323844e282aeb0ba6bc12044771d4,/content/cv3d-project/data/cache/reconstruction/metrics/02958343/16d6ecc22218e21b36dfef0450f0ee37/524c70e0466b8ccabae4fef4.json,3.769906000343326
02958343/16d6ecc22218e21b36dfef0450f0ee37,vggt,2,"[0, 18]",0.28329611366605834,0.4121170950223648,0.5409380763786713,0.0,0.0,0.0,1.97908839619215,0.0,0.0,0.0,0.0,0.0,0.0,camera_pose_sim3,0.8877795577672727,0.9042382625878993,10000,10000,True,False,True,/content/cv3d-project/data/cache/reconstruction/predictions/02958343/16d6ecc22218e21b36dfef0450f0ee37/428c0690fcb286f561fa0e32.npz,24e45374c7fc98764d5d93733580f1fe799d99ef6a6e63fc4b046f2fbde84b93,/content/cv3d-project/data/cache/reconstruction/metrics/02958343/16d6ecc22218e21b36dfef0450f0ee37/c70ad03e2ff47b64234591e1.json,11.844696000025579
02958343/16d6ecc22218e21b36dfef0450f0ee37,vggt,3,"[0, 18, 25]",1.1880298436029462,1.2529842588414555,1.317938674079965,0.0,0.0,0.0,1.97908839619215,0.0,0.0,0.0,0.0,0.0,0.0,camera_pose_sim3_positive_scale_fallback,1.5747472716627609,1.2559090884392239,10000,10000,True,False,True,/content/cv3d-project/data/cache/reconstruction/predictions/02958343/16d6ecc22218e21b36dfef0450f0ee37/5cffa6ad28ad020d783a3bd1.npz,18196030f976ea0c1c555934413e283ebc5ebe204a56e7780d88de297a80cc6f,/content/cv3d-project/data/cache/reconstruction/metrics/02958343/16d6ecc22218e21b36dfef0450f0ee37/28670cd11ea6ec8f53e947dd.json,11.774156000228686
02958343/16d6ecc22218e21b36dfef0450f0ee37,vggt,5,"[0, 18, 25, 33, 39]",0.4077479444370902,0.5408825251625156,0.6740171058879408,0.0,0.0,0.0,1.97908839619215,0.0,0.0,0.0,0.0,0.0,0.0,camera_pose_sim3,0.6505606102309793,1.1582828109314312,10000,10000,True,False,True,/content/cv3d-project/data/cache/reconstruction/predictions/02958343/16d6ecc22218e21b36dfef0450f0ee37/4033a020afdde0997b1121bd.npz,247a92d13c579d53036964a0a84ca896b2d271ed10ff66545ec5066d7d6e7130,/content/cv3d-project/data/cache/reconstruction/metrics/02958343/16d6ecc22218e21b36dfef0450f0ee37/b5fc06a4077feb4d953a7c8a.json,12.903460999950767
02958343/16d6ecc22218e21b36dfef0450f0ee37,vggt,10,"[0, 18, 25, 33, 39, 32, 40, 45, 31, 23]",0.4666408772049274,0.5366024312029782,0.6065639852010292,0.0,0.0,0.0,1.97908839619215,0.0,0.0,0.0,0.0,0.0,0.0,camera_pose_sim3,1.0628836950294995,1.052042659956716,10000,10000,True,False,True,/content/cv3d-project/data/cache/reconstruction/predictions/02958343/16d6ecc22218e21b36dfef0450f0ee37/98df8e596443e647ab454460.npz,66a39924dfcc4934920e59d73ddc91de06dc1f3ba45421e37e4f27c66a1f194f,/content/cv3d-project/data/cache/reconstruction/metrics/02958343/16d6ecc22218e21b36dfef0450f0ee37/efbecc4dc9a56704cd808755.json,12.218824000228778
02958343/1714b6e57c8c4983fb1aad5dae793ff4,vggt,1,[0],3.9743119902260697,4.176050573930812,4.377789157635554,0.0,0.0,0.0,1.978884553668337,0.0,0.0,0.0,0.0,0.0,0.0,camera_rotation_center_and_target_diameter_scale_single_view,11.558720766706864,0.0,10000,10000,True,True,True,/content/cv3d-project/data/cache/reconstruction/predictions/02958343/1714b6e57c8c4983fb1aad5dae793ff4/766033bfe24f7090ddb1d98d.npz,682590b4e5f7dc09c94e7cbfab20b36a64dbec56a4a22a9c4009516ddabaa795,/content/cv3d-project/data/cache/reconstruction/metrics/02958343/1714b6e57c8c4983fb1aad5dae793ff4/7d8b1fa01da5a9e3ed8d95b9.json,3.7337419998948462
02958343/1714b6e57c8c4983fb1aad5dae793ff4,vggt,2,"[0, 17]",2.08185827101869,2.188114221452322,2.2943701718859533,0.0,0.0,0.0,1.978884553668337,0.0,0.0,0.0,0.0,0.0,0.0,camera_pose_sim3_positive_scale_fallback,4.061303666649369,2.8513623224475456e-16,10000,10000,True,False,True,/content/cv3d-project/data/cache/reconstruction/predictions/02958343/1714b6e57c8c4983fb1aad5dae793ff4/2a261e0d9af5c3c603419d8d.npz,5abbb11fa0c955041f16d9e5871116c404386b9e165d8852ebdf88a6f2fd9cbc,/content/cv3d-project/data/cache/reconstruction/metrics/02958343/1714b6e57c8c4983fb1aad5dae793ff4/6738db6b2689f214ea855d1b.json,12.246640999819647
02958343/1714b6e57c8c4983fb1aad5dae793ff4,vggt,3,"[0, 17, 25]",0.36647558377470524,0.49000799507810294,0.6135404063815006,0.0,0.0,0.0,1.978884553668337,0.0,0.0,0.0,0.0,0.0,0.0,camera_pose_sim3,0.4976676369412983,1.0163995779985189,10000,10000,True,False,True,/content/cv3d-project/data/cache/reconstruction/predictions/02958343/1714b6e57c8c4983fb1aad5dae793ff4/2369d637354207d46e027ba9.npz,987026700ce6e803c37ff2a31a72c0875985909ac05083886e619f2f1516b096,/content/cv3d-project/data/cache/reconstruction/metrics/02958343/1714b6e57c8c4983fb1aad5dae793ff4/333af6738cb3dc86f4539ab3.json,11.364849000074173
02958343/1714b6e57c8c4983fb1aad5dae793ff4,vggt,5,"[0, 17, 25, 8, 5]",0.28015073394473367,0.3614226132076951,0.4426944924706565,0.0,0.0,0.0,1.978884553668337,0.0,0.0,0.0,0.0,0.0,0.0,camera_pose_sim3,1.9608031507683823,0.6008497185188457,10000,10000,True,False,True,/content/cv3d-project/data/cache/reconstruction/predictions/02958343/1714b6e57c8c4983fb1aad5dae793ff4/9736777df24d73550924edff.npz,3b9376d9701fc345506858e13a44c15d808a30caa1e81481b7f74eb535162eda,/content/cv3d-project/data/cache/reconstruction/metrics/02958343/1714b6e57c8c4983fb1aad5dae793ff4/7ca676fee800e202c03e67b3.json,11.853798999709397
02958343/1714b6e57c8c4983fb1aad5dae793ff4,vggt,10,"[0, 17, 25, 8, 5, 16, 23, 31, 32, 39]",0.09579815872972679,0.15801867676495598,0.22023919480018517,0.1708398406374502,0.004857142857142857,0.018285714285714287,1.978884553668337,0.5255,0.0085,0.032,0.102,0.0034,0.0128,camera_pose_sim3,2.477665144192703,0.3323963110842551,10000,10000,True,False,True,/content/cv3d-project/data/cache/reconstruction/predictions/02958343/1714b6e57c8c4983fb1aad5dae793ff4/411da694c9efcfe66358bd79.npz,117fe600e3386f5399212ac0b19e64ac168b5bdf975f9dd383bb3dcb3e79cc54,/content/cv3d-project/data/cache/reconstruction/metrics/02958343/1714b6e57c8c4983fb1aad5dae793ff4/a124c9eeeaa807ed7a473774.json,12.121310000111407
02958343/171c20ce4de5ee8730f65ce13e7c1910,vggt,1,[0],2.7215651980708317,2.940225104183596,3.1588850102963604,0.0,0.0,0.0,1.952986577515725,0.0,0.0,0.0,0.0,0.0,0.0,camera_rotation_center_and_target_diameter_scale_single_view,9.039382298747238,0.0,10000,10000,True,True,True,/content/cv3d-project/data/cache/reconstruction/predictions/02958343/171c20ce4de5ee8730f65ce13e7c1910/479cc14f7cb0427218fec839.npz,4f35c7831904bfd5c6dfd6ea343c1c795cd796cf0df85bb15da503e3aeb206c3,/content/cv3d-project/data/cache/reconstruction/metrics/02958343/171c20ce4de5ee8730f65ce13e7c1910/eab339239081ff9cec7c670e.json,3.9024400002745097
02958343/171c20ce4de5ee8730f65ce13e7c1910,vggt,2,"[0, 18]",0.5724040929920643,0.6792852030596885,0.7861663131273127,0.0,0.0,0.0,1.952986577515725,0.0,0.0,0.0,0.0,0.0,0.0,camera_pose_sim3,1.59628442823452,0.7026074903138915,10000,10000,True,True,True,/content/cv3d-project/data/cache/reconstruction/predictions/02958343/171c20ce4de5ee8730f65ce13e7c1910/dcb4a563ea97d9dd20da231f.npz,40d20e1a66983824ca2f533182d612464813ba884b06f63869169539d1c8da60,/content/cv3d-project/data/cache/reconstruction/metrics/02958343/171c20ce4de5ee8730f65ce13e7c1910/dc5ef6f9288879015f975939.json,2.58806400006506
02958343/171c20ce4de5ee8730f65ce13e7c1910,vggt,3,"[0, 18, 26]",0.43304637703307763,0.4985215374286014,0.5639966978241251,0.0,0.0,0.0,1.952986577515725,0.0,0.0,0.0,0.0,0.0,0.0,camera_pose_sim3,1.7222509090474982,0.7707490153813157,10000,10000,True,False,True,/content/cv3d-project/data/cache/reconstruction/predictions/02958343/171c20ce4de5ee8730f65ce13e7c1910/68fa31e8a16f55efddd1e44f.npz,e8077d66d66dfd0b119c2f71b64331b2a92dd9616238e0f2dca0b7c6b6248968,/content/cv3d-project/data/cache/reconstruction/metrics/02958343/171c20ce4de5ee8730f65ce13e7c1910/6ccacdafdeb6c47c4facaca5.json,11.67095100026927
02958343/171c20ce4de5ee8730f65ce13e7c1910,vggt,5,"[0, 18, 26, 25, 33]",0.6191242010291355,0.6889631655705948,0.758802130112054,0.0,0.0,0.0,1.952986577515725,0.0,0.0,0.0,0.0,0.0,0.0,camera_pose_sim3,0.3037854551740055,1.035558117112994,10000,10000,True,False,True,/content/cv3d-project/data/cache/reconstruction/predictions/02958343/171c20ce4de5ee8730f65ce13e7c1910/d96712487ceb1ba6452fc489.npz,a50ba0f67c9e430fc3a024f2ba25834bee769d367911d405764ae65c245b8963,/content/cv3d-project/data/cache/reconstruction/metrics/02958343/171c20ce4de5ee8730f65ce13e7c1910/7aad98d61714e72ef87715fb.json,12.128091000249697
02958343/171c20ce4de5ee8730f65ce13e7c1910,vggt,10,"[0, 18, 26, 25, 33, 40, 32, 35, 9, 2]",0.22487103966953423,0.25803110464375334,0.2911911696179724,0.0,0.0,0.0,1.952986577515725,0.0,0.0,0.0,0.0,0.0,0.0,camera_pose_sim3,1.9746163786577944,0.48023180752486666,10000,10000,True,False,True,/content/cv3d-project/data/cache/reconstruction/predictions/02958343/171c20ce4de5ee8730f65ce13e7c1910/715901f612e50f7890c04b32.npz,401edeeb0fb15a822355d86788e430cb105b7cb490bbae2c91ec710ba2b77fa9,/content/cv3d-project/data/cache/reconstruction/metrics/02958343/171c20ce4de5ee8730f65ce13e7c1910/05a7d3fad8265d8317653125.json,12.448253000002296
02958343/1724ae84377e0b9ba6c2c95b41a5446d,vggt,1,[0],3.123573309010984,3.3429957317913495,3.5624181545717155,0.0,0.0,0.0,1.976349977896568,0.0,0.0,0.0,0.0,0.0,0.0,camera_rotation_center_and_target_diameter_scale_single_view,10.021640095703946,0.0,10000,10000,True,True,True,/content/cv3d-project/data/cache/reconstruction/predictions/02958343/1724ae84377e0b9ba6c2c95b41a5446d/406e590ddbad8041f13afd20.npz,d842d1abed6fd87aaea8445213f2f6492015338b363adbaa3227ceccc1e336ff,/content/cv3d-project/data/cache/reconstruction/metrics/02958343/1724ae84377e0b9ba6c2c95b41a5446d/3c9e0ca964a009ce1d467797.json,3.8312979995680507
02958343/1724ae84377e0b9ba6c2c95b41a5446d,vggt,2,"[0, 18]",0.6359928915528152,0.7494740624613967,0.8629552333699783,0.0,0.0,0.0,1.976349977896568,0.0,0.0,0.0,0.0,0.0,0.0,camera_pose_sim3,1.3996232885208644,0.6741860176029542,10000,10000,True,False,True,/content/cv3d-project/data/cache/reconstruction/predictions/02958343/1724ae84377e0b9ba6c2c95b41a5446d/b9424c5970e4e0049e74d1f8.npz,926a0374d1795f5e35b2753e477f1c6ed5715a5122927eeb0bea57c5f75e56a9,/content/cv3d-project/data/cache/reconstruction/metrics/02958343/1724ae84377e0b9ba6c2c95b41a5446d/63e10890bf8ca814064120e2.json,12.030726999910257
02958343/1724ae84377e0b9ba6c2c95b41a5446d,vggt,3,"[0, 18, 25]",0.39163194061198603,0.4510895159229444,0.5105470912339027,0.0,0.0,0.0,1.976349977896568,0.0,0.0,0.0,0.0,0.0,0.0,camera_pose_sim3,1.8901271690491355,0.5006521099182114,10000,10000,True,False,True,/content/cv3d-project/data/cache/reconstruction/predictions/02958343/1724ae84377e0b9ba6c2c95b41a5446d/162353ac8e59c266545d99c9.npz,7c1169e810fa5bffa8266cb1c3ab9e83ba09d75855f5fb80bf8b25ec802dbe15,/content/cv3d-project/data/cache/reconstruction/metrics/02958343/1724ae84377e0b9ba6c2c95b41a5446d/d8580ede8919ba72ae22a73a.json,11.418504000175744
02958343/1724ae84377e0b9ba6c2c95b41a5446d,vggt,5,"[0, 18, 25, 33, 10]",0.7275807440358337,0.7653200284010897,0.8030593127663457,0.0,0.0,0.0,1.976349977896568,0.0,0.0,0.0,0.0,0.0,0.0,camera_pose_sim3,1.2335716597767192,0.781973615570245,10000,10000,True,False,True,/content/cv3d-project/data/cache/reconstruction/predictions/02958343/1724ae84377e0b9ba6c2c95b41a5446d/418b0ebdcdcbd0404da81cf2.npz,df6892fa806501e80e6546add56204809c29f0906607b8c62e8f2a0ad8de6808,/content/cv3d-project/data/cache/reconstruction/metrics/02958343/1724ae84377e0b9ba6c2c95b41a5446d/ee33002887775234caba754c.json,11.50707999977385
02958343/1724ae84377e0b9ba6c2c95b41a5446d,vggt,10,"[0, 18, 25, 33, 10, 24, 15, 7, 16, 19]",0.010104526074469487,0.04804723115950617,0.08598993624454285,0.7690792712949286,0.14295758136665124,0.24120690600164432,1.976349977896568,1.0,0.5665,0.9567,0.6248,0.0818,0.138,camera_pose_sim3,2.351110377257119,0.10626840765350189,10000,10000,True,False,True,/content/cv3d-project/data/cache/reconstruction/predictions/02958343/1724ae84377e0b9ba6c2c95b41a5446d/8ad6b87d038cb48b4c878dcf.npz,bb91ff1244c9bf19ca65ce3084ff19eaa179cfb2aaf7e03a073e70a01cc03a62,/content/cv3d-project/data/cache/reconstruction/metrics/02958343/1724ae84377e0b9ba6c2c95b41a5446d/823dd65ff7cfd5eb770d9ac5.json,12.846013999933348
02958343/173669aeeba92aaec4929b8bd41b8bc6,vggt,1,[0],2.2754225040834837,2.4798906187992134,2.684358733514943,0.0,0.0,0.0,1.977459385979365,0.0,0.0,0.0,0.0,0.0,0.0,camera_rotation_center_and_target_diameter_scale_single_view,8.23455010490736,0.0,10000,10000,True,True,True,/content/cv3d-project/data/cache/reconstruction/predictions/02958343/173669aeeba92aaec4929b8bd41b8bc6/b3e9c0fdee2f63b96e376122.npz,43a8d95c99ea508bdea1325ceff75525cbe1a787394ea742e62e957f2622676b,/content/cv3d-project/data/cache/reconstruction/metrics/02958343/173669aeeba92aaec4929b8bd41b8bc6/aaf7ff1475d299fce960d87e.json,3.7793510000483366
02958343/173669aeeba92aaec4929b8bd41b8bc6,vggt,2,"[0, 25]",0.3312310647301484,0.45134557159896044,0.5714600784677725,0.0,0.0,0.0,1.977459385979365,0.0,0.0,0.0,0.0,0.0,0.0,camera_pose_sim3,0.7685578723472859,1.1007848573311563,10000,10000,True,False,True,/content/cv3d-project/data/cache/reconstruction/predictions/02958343/173669aeeba92aaec4929b8bd41b8bc6/fc4bc995b51c42d53bf88906.npz,796f7a38c06d852fd4d79f0a9c57bc891f495cb1b0dac99b45dcaf453ee55e08,/content/cv3d-project/data/cache/reconstruction/metrics/02958343/173669aeeba92aaec4929b8bd41b8bc6/74b3cdd1f6b85fd0ae32dd08.json,11.85875400005898
02958343/173669aeeba92aaec4929b8bd41b8bc6,vggt,3,"[0, 25, 33]",0.43419808588857456,0.5358528736688111,0.6375076614490475,0.0,0.0,0.0,1.977459385979365,0.0,0.0,0.0,0.0,0.0,0.0,camera_pose_sim3,1.4271017840614657,1.0320112432034654,10000,10000,True,False,True,/content/cv3d-project/data/cache/reconstruction/predictions/02958343/173669aeeba92aaec4929b8bd41b8bc6/c58ab5576555005d42e173ba.npz,2ed70382aedd61b605927dbbb5543a6a873b5c9faf304d245b0ffa3ed2124830,/content/cv3d-project/data/cache/reconstruction/metrics/02958343/173669aeeba92aaec4929b8bd41b8bc6/280f8571672df7459f57a694.json,11.974382000062178
02958343/173669aeeba92aaec4929b8bd41b8bc6,vggt,5,"[0, 25, 33, 45, 38]",0.16575011653949975,0.34086228050614137,0.515974444472783,0.0,0.0,0.0,1.977459385979365,0.0,0.0,0.0,0.0,0.0,0.0,camera_pose_sim3,0.9280769880226377,1.1542495568430848,10000,10000,True,False,True,/content/cv3d-project/data/cache/reconstruction/predictions/02958343/173669aeeba92aaec4929b8bd41b8bc6/201511742943042754e9dd23.npz,ec7e096103223995a0784d6e5db728c47381eb9cf6d7598228e888d298933129,/content/cv3d-project/data/cache/reconstruction/metrics/02958343/173669aeeba92aaec4929b8bd41b8bc6/437699804cf6b09f7676cde6.json,11.545699999714998
02958343/173669aeeba92aaec4929b8bd41b8bc6,vggt,10,"[0, 25, 33, 45, 38, 31, 24, 16, 34, 41]",0.32653816128807905,0.4129664452213822,0.49939472915468536,0.0,0.0,0.0,1.977459385979365,0.0,0.0,0.0,0.0,0.0,0.0,camera_pose_sim3,2.077873333923106,0.6958620817688301,10000,10000,True,False,True,/content/cv3d-project/data/cache/reconstruction/predictions/02958343/173669aeeba92aaec4929b8bd41b8bc6/3aeee0eb64ffd4fb948091bb.npz,fa80f135702d98125548926cecfe2b9e9571061bf26bba4d571871e46ff8817c,/content/cv3d-project/data/cache/reconstruction/metrics/02958343/173669aeeba92aaec4929b8bd41b8bc6/94fe6049db39d15159f308c1.json,12.357895000150165
02958343/17457b1f42019702618e9d35559b7aa,vggt,1,[0],3.084697849142993,3.2957909675669312,3.5068840859908694,0.0,0.0,0.0,1.9780159587369315,0.0,0.0,0.0,0.0,0.0,0.0,camera_rotation_center_and_target_diameter_scale_single_view,10.078364868001504,0.0,10000,10000,True,True,True,/content/cv3d-project/data/cache/reconstruction/predictions/02958343/17457b1f42019702618e9d35559b7aa/e88fa86e5a12bc9b6d583fb7.npz,d1f8a98d5aa49a414da991e586615edb0d4781a03e493771525d1529726b583d,/content/cv3d-project/data/cache/reconstruction/metrics/02958343/17457b1f42019702618e9d35559b7aa/5f2705ae11ea8a645f033867.json,3.7885499996264116
02958343/17457b1f42019702618e9d35559b7aa,vggt,2,"[0, 4]",0.04453746371484948,0.2108045670729307,0.3770716704310119,0.17034123136035131,0.0035895043731778427,0.011933080808080806,1.9780159587369315,1.0,0.0324,0.0727,0.0931,0.0019,0.0065,camera_pose_sim3,1.8420651503579217,0.02115976650923841,10000,10000,True,False,True,/content/cv3d-project/data/cache/reconstruction/predictions/02958343/17457b1f42019702618e9d35559b7aa/77ba91ea883fe3e8d374957c.npz,4f20e4755e3c8e6c66c12a356795126201bf1e19e9f8c501636bc95a8f21f211,/content/cv3d-project/data/cache/reconstruction/metrics/02958343/17457b1f42019702618e9d35559b7aa/7fcd1643df42cd68c9915b5c.json,11.534684000253037
02958343/17457b1f42019702618e9d35559b7aa,vggt,3,"[0, 4, 18]",0.08816930875466002,0.17198963042789356,0.2558099521011271,0.17720706907280648,0.0022551020408163266,0.006608695652173913,1.9780159587369315,0.7021,0.0085,0.019,0.1014,0.0013,0.004,camera_pose_sim3,2.254918282236015,0.20752350597724062,10000,10000,True,False,True,/content/cv3d-project/data/cache/reconstruction/predictions/02958343/17457b1f42019702618e9d35559b7aa/9ac570b5a27fd356a673205f.npz,8507e291094587f9a98142596bc98d6a9b8ec777674d2b51861d0c8385987adb,/content/cv3d-project/data/cache/reconstruction/metrics/02958343/17457b1f42019702618e9d35559b7aa/cf3265eafe4c0d08437a3368.json,12.05193399982818
02958343/17457b1f42019702618e9d35559b7aa,vggt,5,"[0, 4, 18, 25, 33]",0.028178810148673617,0.06690100325711429,0.10562319636555496,0.6805647183005674,0.043277419354838705,0.10870073790653184,1.9780159587369315,1.0,0.129,0.2995,0.5158,0.026,0.0664,camera_pose_sim3,2.697109950341818,0.09004618907695924,10000,10000,True,False,True,/content/cv3d-project/data/cache/reconstruction/predictions/02958343/17457b1f42019702618e9d35559b7aa/31005ccfde939f77e017f5e2.npz,8751d872eb364d7bfd07da509c21ac4623ba7c0a8a879e608ebb4b164df7132d,/content/cv3d-project/data/cache/reconstruction/metrics/02958343/17457b1f42019702618e9d35559b7aa/88f4d2a34ee04bec7529f06d.json,11.609125999711978
02958343/17457b1f42019702618e9d35559b7aa,vggt,10,"[0, 4, 18, 25, 33, 10, 44, 36, 19, 26]",0.010270220436586892,0.04154004832145499,0.0728098762063231,0.8231832892027067,0.20949554575209903,0.35238000173596035,1.9780159587369315,1.0,0.5746,0.935,0.6995,0.1281,0.2171,camera_pose_sim3,2.5356002947348015,0.08171859042107886,10000,10000,True,False,True,/content/cv3d-project/data/cache/reconstruction/predictions/02958343/17457b1f42019702618e9d35559b7aa/0e464ca4fecfd7e082aa70a0.npz,5c44aad16e5571a1b81f69dd132c70a6782c7362eebe0baedb35f182367670ee,/content/cv3d-project/data/cache/reconstruction/metrics/02958343/17457b1f42019702618e9d35559b7aa/a9bb60986e568084f11b2fd7.json,12.433991999841965
02958343/174f1a421f652029d577c0ac53e96823,vggt,1,[0],2.8317611966919882,3.036534631387443,3.2413080660828975,0.0,0.0,0.0,1.9924913175480705,0.0,0.0,0.0,0.0,0.0,0.0,camera_rotation_center_and_target_diameter_scale_single_view,9.628100753771982,0.0,10000,10000,True,True,True,/content/cv3d-project/data/cache/reconstruction/predictions/02958343/174f1a421f652029d577c0ac53e96823/207f6a8bfede5b8261257473.npz,9201ffd62495223f20ad57f6e60db005835cb4b612ea82288aa9b698517ed674,/content/cv3d-project/data/cache/reconstruction/metrics/02958343/174f1a421f652029d577c0ac53e96823/512768969993fed5b068bc8b.json,3.783946000112337
02958343/174f1a421f652029d577c0ac53e96823,vggt,2,"[0, 26]",0.3061607640131722,0.37355172931171277,0.4409426946102533,0.0,0.0,0.0,1.9924913175480705,0.0,0.0,0.0,0.0,0.0,0.0,camera_pose_sim3,1.9889562015828808,0.9821447903567552,10000,10000,True,False,True,/content/cv3d-project/data/cache/reconstruction/predictions/02958343/174f1a421f652029d577c0ac53e96823/74007d50e958e0a68fccb459.npz,0f4b16af12130114667db946849603a0e4040413a7db5c699b5d2180dcaf188f,/content/cv3d-project/data/cache/reconstruction/metrics/02958343/174f1a421f652029d577c0ac53e96823/4c84ba395deaf1a8d294765e.json,11.663295000289509
02958343/174f1a421f652029d577c0ac53e96823,vggt,3,"[0, 26, 18]",0.6176758283717514,0.6689753241603922,0.7202748199490331,0.0,0.0,0.0,1.9924913175480705,0.0,0.0,0.0,0.0,0.0,0.0,camera_pose_sim3,3.3009863229105774,0.19200264056564786,10000,10000,True,False,True,/content/cv3d-project/data/cache/reconstruction/predictions/02958343/174f1a421f652029d577c0ac53e96823/935aa8222dcbb0da82ea16f9.npz,64b25eb0d801012fa02a0f9c13e9afd1af9bf5605cc3a4c15ade9c547c092595,/content/cv3d-project/data/cache/reconstruction/metrics/02958343/174f1a421f652029d577c0ac53e96823/cff9fee173729711a256f85c.json,11.957671999880404
02958343/174f1a421f652029d577c0ac53e96823,vggt,5,"[0, 26, 18, 25, 39]",0.014104324632782711,0.06257236590206144,0.11104040717134019,0.6758474576271186,0.08288657623947614,0.18536863270777482,1.9924913175480705,1.0,0.3811,0.7902,0.5104,0.0465,0.105,camera_pose_sim3,2.2656279480145387,0.20651625432947052,10000,10000,True,False,True,/content/cv3d-project/data/cache/reconstruction/predictions/02958343/174f1a421f652029d577c0ac53e96823/d9bb1e973ed9cc1ecb81a3bd.npz,65bf2f19d4b1e69e08b12b0bda8560d21c8697e4fc0b7cadb4110c154335ffd4,/content/cv3d-project/data/cache/reconstruction/metrics/02958343/174f1a421f652029d577c0ac53e96823/de208d5616f82376b1aa4375.json,11.85070600013205
02958343/174f1a421f652029d577c0ac53e96823,vggt,10,"[0, 26, 18, 25, 39, 32, 24, 33, 45, 35]",0.01647998953394359,0.061347669276381286,0.10621534901881897,0.7424547283702213,0.07742266720064077,0.2163258148323099,1.9924913175480705,1.0,0.2018,0.7195,0.5904,0.0479,0.1273,camera_pose_sim3,2.4449776987038954,0.13251038026835893,10000,10000,True,False,True,/content/cv3d-project/data/cache/reconstruction/predictions/02958343/174f1a421f652029d577c0ac53e96823/fef320287651569280faa473.npz,5cde6d94742982919d745dc6df69182b635ac12387a39bbc56ca9352f0ae8bef,/content/cv3d-project/data/cache/reconstruction/metrics/02958343/174f1a421f652029d577c0ac53e96823/ff0a3083b925e9955e14e090.json,12.203664000026038
02958343/175a289947f549b0e088606e38104b2,vggt,1,[0],5.655381941401562,5.861508114284022,6.067634287166482,0.0,0.0,0.0,1.992667144653075,0.0,0.0,0.0,0.0,0.0,0.0,camera_rotation_center_and_target_diameter_scale_single_view,15.029211175274112,0.0,9578,10000,True,True,True,/content/cv3d-project/data/cache/reconstruction/predictions/02958343/175a289947f549b0e088606e38104b2/b9854e6d42ceffb4d98ab9a5.npz,f6ec63e799e56324348c43b11b964f49c1d966110ee82342f657d547c7088442,/content/cv3d-project/data/cache/reconstruction/metrics/02958343/175a289947f549b0e088606e38104b2/62789c36adbb0ab0774a9777.json,3.8763970001127745
02958343/175a289947f549b0e088606e38104b2,vggt,2,"[0, 26]",1.431474656572611,1.5522929035486608,1.6731111505247105,0.0,0.0,0.0,1.992667144653075,0.0,0.0,0.0,0.0,0.0,0.0,camera_pose_sim3_positive_scale_fallback,2.865167605367122,4.578271269458341e-16,10000,10000,True,False,True,/content/cv3d-project/data/cache/reconstruction/predictions/02958343/175a289947f549b0e088606e38104b2/47f337cc04345f1f26e9c724.npz,4db0dbeb4ea027a86ece6f29f2ed6d954f92e7475b43d84437048fb1b7ad3cba,/content/cv3d-project/data/cache/reconstruction/metrics/02958343/175a289947f549b0e088606e38104b2/7c96588ca2729e6ed4951d4d.json,12.165543000264734
02958343/175a289947f549b0e088606e38104b2,vggt,3,"[0, 26, 18]",0.7111692286088288,0.8256844803397958,0.9401997320707629,0.0,0.0,0.0,1.992667144653075,0.0,0.0,0.0,0.0,0.0,0.0,camera_pose_sim3,0.06442718201591854,0.966914046628498,10000,10000,True,False,True,/content/cv3d-project/data/cache/reconstruction/predictions/02958343/175a289947f549b0e088606e38104b2/2611b07d53ca993557c9396f.npz,7ea4f7a875876a8caefbfda06ca318771d07a287d9396598c42e0a3549297b94,/content/cv3d-project/data/cache/reconstruction/metrics/02958343/175a289947f549b0e088606e38104b2/58f841e02593b4281a1f3f3e.json,11.447648999819648
02958343/175a289947f549b0e088606e38104b2,vggt,5,"[0, 26, 18, 25, 32]",0.5886261963186534,0.6773821075177101,0.7661380187167668,0.0,0.0,0.0,1.992667144653075,0.0,0.0,0.0,0.0,0.0,0.0,camera_pose_sim3,0.8033007458705934,1.041891854132264,10000,10000,True,False,True,/content/cv3d-project/data/cache/reconstruction/predictions/02958343/175a289947f549b0e088606e38104b2/bd191ec5588b3921535c8236.npz,dafe4fe85f610168828d4fed6655ce26f85044b924912e814116e31ee9e2738a,/content/cv3d-project/data/cache/reconstruction/metrics/02958343/175a289947f549b0e088606e38104b2/e2e0583cd2d3f33401418c90.json,12.225934000070993
02958343/175a289947f549b0e088606e38104b2,vggt,10,"[0, 26, 18, 25, 32, 39, 24, 33, 35, 9]",0.3673449030293569,0.4723331701787673,0.5773214373281776,0.0,0.0,0.0,1.992667144653075,0.0,0.0,0.0,0.0,0.0,0.0,camera_pose_sim3,1.3051780902051415,0.8831635839610273,10000,10000,True,False,True,/content/cv3d-project/data/cache/reconstruction/predictions/02958343/175a289947f549b0e088606e38104b2/485332b011abfef354179262.npz,0d9107f2d2d4af8f88d02610cd1d27d763a9b0595a41e8078142638b7edcd8b6,/content/cv3d-project/data/cache/reconstruction/metrics/02958343/175a289947f549b0e088606e38104b2/af431e7f678b7b73e46921c1.json,12.137767999774951
02958343/1790131f5f74b1ed973aff268eb6b00c,vggt,1,[0],3.4248630802963507,3.6458546883782965,3.866846296460242,0.0,0.0,0.0,1.9869587944462739,0.0,0.0,0.0,0.0,0.0,0.0,camera_rotation_center_and_target_diameter_scale_single_view,10.435611289876297,0.0,10000,10000,True,True,True,/content/cv3d-project/data/cache/reconstruction/predictions/02958343/1790131f5f74b1ed973aff268eb6b00c/7dba3ce79b49b4507407705d.npz,a10f13531ea22826316398d8535dc4b0b1f7c90a0408a7dafbb55a08f0db129c,/content/cv3d-project/data/cache/reconstruction/metrics/02958343/1790131f5f74b1ed973aff268eb6b00c/b3b3b793cfff3735222b8796.json,3.9521969997622364
02958343/1790131f5f74b1ed973aff268eb6b00c,vggt,2,"[0, 4]",0.5402605045815848,0.739479317301419,0.9386981300212532,0.0,0.0,0.0,1.9869587944462739,0.0,0.0,0.0,0.0,0.0,0.0,camera_pose_sim3,0.835350894815471,0.14596935030744582,10000,10000,True,False,True,/content/cv3d-project/data/cache/reconstruction/predictions/02958343/1790131f5f74b1ed973aff268eb6b00c/85a81943fe88110beb08096a.npz,3697cbc8bfe1fa6b1970c42af706d47b231c3b4e8a454d94f55f0e44f2f7e5b6,/content/cv3d-project/data/cache/reconstruction/metrics/02958343/1790131f5f74b1ed973aff268eb6b00c/d1415947649a83bb554d8632.json,12.28394700001445
02958343/1790131f5f74b1ed973aff268eb6b00c,vggt,3,"[0, 4, 17]",0.17315725873807303,0.3022831028254298,0.4314089469127866,0.0,0.0,0.0,1.9869587944462739,0.0,0.0,0.0,0.0,0.0,0.0,camera_pose_sim3,1.487083057426053,0.9201482785270052,10000,10000,True,False,True,/content/cv3d-project/data/cache/reconstruction/predictions/02958343/1790131f5f74b1ed973aff268eb6b00c/248d9a2c9517cbcedd705ba3.npz,2e297917876a4738abf8e639f5b145c6024851a2e7ee30be33aa06037570c951,/content/cv3d-project/data/cache/reconstruction/metrics/02958343/1790131f5f74b1ed973aff268eb6b00c/c22a0f4330875d7b66706267.json,11.380987999928038
02958343/1790131f5f74b1ed973aff268eb6b00c,vggt,5,"[0, 4, 17, 25, 43]",0.9709223231256677,1.0855508515692418,1.2001793800128158,0.0,0.0,0.0,1.9869587944462739,0.0,0.0,0.0,0.0,0.0,0.0,camera_pose_sim3_positive_scale_fallback,2.80162794340266,1.7030643672571668,10000,10000,True,False,True,/content/cv3d-project/data/cache/reconstruction/predictions/02958343/1790131f5f74b1ed973aff268eb6b00c/4ee4094ef33601fd3021b2a9.npz,76a11a2348954b65d1025ff5f4cb657e28a6cd9449e172f6bf9b02c28b629b76,/content/cv3d-project/data/cache/reconstruction/metrics/02958343/1790131f5f74b1ed973aff268eb6b00c/a67d0be351da2a5f174e1139.json,12.179630999980873
02958343/1790131f5f74b1ed973aff268eb6b00c,vggt,10,"[0, 4, 17, 25, 43, 35, 9, 39, 45, 31]",0.7355281103548134,0.7956790835420666,0.8558300567293198,0.0,0.0,0.0,1.9869587944462739,0.0,0.0,0.0,0.0,0.0,0.0,camera_pose_sim3,2.3158893468173476,0.8041112895617512,10000,10000,True,False,True,/content/cv3d-project/data/cache/reconstruction/predictions/02958343/1790131f5f74b1ed973aff268eb6b00c/32520af755ff6fc4336f2ffe.npz,d5a2eddc095cc924e8de64774285b2e331ae7bcce52fc3f8ee4bfc1054079b7e,/content/cv3d-project/data/cache/reconstruction/metrics/02958343/1790131f5f74b1ed973aff268eb6b00c/37ea87c9e0fef5db1b303ae5.json,12.223672999880364
02958343/17926c1ef484b73e6758a098566bc94e,vggt,1,[0],3.793988985436935,4.0098271673268,4.225665349216666,0.0,0.0,0.0,1.96736971763819,0.0,0.0,0.0,0.0,0.0,0.0,camera_rotation_center_and_target_diameter_scale_single_view,11.50512485302612,0.0,10000,10000,True,True,True,/content/cv3d-project/data/cache/reconstruction/predictions/02958343/17926c1ef484b73e6758a098566bc94e/491ab0730a655be111f0c853.npz,dd59677af51f6f2cebe0e3b8a102834106f9c58d327a9da678e93400f9dfa517,/content/cv3d-project/data/cache/reconstruction/metrics/02958343/17926c1ef484b73e6758a098566bc94e/e815d1b12a2a312c24cf15ab.json,3.767583999888302
02958343/17926c1ef484b73e6758a098566bc94e,vggt,2,"[0, 5]",0.9371383785124181,1.141128735470582,1.3451190924287455,0.0,0.0,0.0,1.96736971763819,0.0,0.0,0.0,0.0,0.0,0.0,camera_pose_sim3,0.6541715072225415,0.02245700245518669,10000,10000,True,False,True,/content/cv3d-project/data/cache/reconstruction/predictions/02958343/17926c1ef484b73e6758a098566bc94e/3b954a3df399f3e8e4714eb2.npz,5232b3a2d636bea05222aa2338d2487031e20082d4c1780439dd79c5fefc069d,/content/cv3d-project/data/cache/reconstruction/metrics/02958343/17926c1ef484b73e6758a098566bc94e/3e1308fe33a0371e083978e6.json,12.01125299985506
02958343/17926c1ef484b73e6758a098566bc94e,vggt,3,"[0, 5, 26]",0.3366143689337856,0.5348113463959374,0.7330083238580892,0.0,0.0,0.0,1.96736971763819,0.0,0.0,0.0,0.0,0.0,0.0,camera_pose_sim3,1.1218106133820527,0.8769201868515212,10000,10000,True,False,True,/content/cv3d-project/data/cache/reconstruction/predictions/02958343/17926c1ef484b73e6758a098566bc94e/425ba9ba5261bc705d4d26ef.npz,883ebf1c6ed9f48736835e6d183d3448309cf31b17d4cfcaf4e3b5f36f9c9b0d,/content/cv3d-project/data/cache/reconstruction/metrics/02958343/17926c1ef484b73e6758a098566bc94e/b19cebb94609b24f0a65685e.json,11.556665999705729
02958343/17926c1ef484b73e6758a098566bc94e,vggt,5,"[0, 5, 26, 18, 32]",0.3057685965187048,0.3850590365523999,0.4643494765860951,0.0,0.0,0.0,1.96736971763819,0.0,0.0,0.0,0.0,0.0,0.0,camera_pose_sim3,1.0523258853810522,1.2454556188096755,10000,10000,True,False,True,/content/cv3d-project/data/cache/reconstruction/predictions/02958343/17926c1ef484b73e6758a098566bc94e/48fae6da78012ac55902bba2.npz,897b2bb939dd4946d5f3441ac814c79568ed09a17455cac73c1b49ef2d3aebbc,/content/cv3d-project/data/cache/reconstruction/metrics/02958343/17926c1ef484b73e6758a098566bc94e/8a91667aba8056cbfbf12823.json,12.02085300019462
02958343/17926c1ef484b73e6758a098566bc94e,vggt,10,"[0, 5, 26, 18, 32, 24, 35, 39, 25, 33]",0.39102406152610086,0.4663304814134984,0.541636901300896,0.0,0.0,0.0,1.96736971763819,0.0,0.0,0.0,0.0,0.0,0.0,camera_pose_sim3,1.493283138459227,1.1152648964492897,10000,10000,True,False,True,/content/cv3d-project/data/cache/reconstruction/predictions/02958343/17926c1ef484b73e6758a098566bc94e/0640fd389a2b937cec920a53.npz,5543e773f1ca4e5132e6abbe4800868fecf2a4a84c102ce2c595d175acf1105c,/content/cv3d-project/data/cache/reconstruction/metrics/02958343/17926c1ef484b73e6758a098566bc94e/7e464c9cdc9c9c797b0ff72b.json,12.194425999950909
02958343/17c32e15723ed6e0cd0bf4a0e76b8df5,vggt,1,[0],6.488326844240351,6.719795967083235,6.951265089926119,0.0,0.0,0.0,1.9943681051517153,0.0,0.0,0.0,0.0,0.0,0.0,camera_rotation_center_and_target_diameter_scale_single_view,16.86268733281867,0.0,3673,10000,True,True,True,/content/cv3d-project/data/cache/reconstruction/predictions/02958343/17c32e15723ed6e0cd0bf4a0e76b8df5/2d1f819e62fe7d4321846839.npz,6071ae51fe147835f021b6bd3f2609b788b26cc4e87c958c5c30d104592c703e,/content/cv3d-project/data/cache/reconstruction/metrics/02958343/17c32e15723ed6e0cd0bf4a0e76b8df5/43cc23cb33c7f99edaa66c26.json,2.9629189998559013
02958343/17c32e15723ed6e0cd0bf4a0e76b8df5,vggt,2,"[0, 4]",0.44390172276770423,0.669655220466814,0.8954087181659239,0.0,0.0,0.0,1.9943681051517153,0.0,0.0,0.0,0.0,0.0,0.0,camera_pose_sim3,1.024358613762748,0.07872436644488806,10000,10000,True,False,True,/content/cv3d-project/data/cache/reconstruction/predictions/02958343/17c32e15723ed6e0cd0bf4a0e76b8df5/1ff55dee98e648b27ecec0d4.npz,218fb583fd99bbbd90a82bf2652f296cde356a2002fdb943b7c8e85c541616f6,/content/cv3d-project/data/cache/reconstruction/metrics/02958343/17c32e15723ed6e0cd0bf4a0e76b8df5/d8889519513d72eb8fe9e649.json,12.085746000138897
02958343/17c32e15723ed6e0cd0bf4a0e76b8df5,vggt,3,"[0, 4, 9]",0.13107754862367726,0.2582209081137067,0.3853642676037361,0.023464098073555165,0.0,0.0,1.9943681051517153,0.0406,0.0,0.0,0.0165,0.0,0.0,camera_pose_sim3,2.007483035598778,0.2926515557220222,10000,10000,True,False,True,/content/cv3d-project/data/cache/reconstruction/predictions/02958343/17c32e15723ed6e0cd0bf4a0e76b8df5/b56e250602fde80f38f95247.npz,3207f1f3f046229e0fe2db78d4bf3b71f9981c2ba9a554ddf5f17da1b1c1a1e1,/content/cv3d-project/data/cache/reconstruction/metrics/02958343/17c32e15723ed6e0cd0bf4a0e76b8df5/c28aa6aecbf5ce4e0422919e.json,11.503759999868635
02958343/17c32e15723ed6e0cd0bf4a0e76b8df5,vggt,5,"[0, 4, 9, 17, 35]",0.3828303124131813,0.4071655141765344,0.43150071593988754,0.0,0.0,0.0,1.9943681051517153,0.0,0.0,0.0,0.0,0.0,0.0,camera_pose_sim3,2.6836642847091814,0.44702186518050346,10000,10000,True,False,True,/content/cv3d-project/data/cache/reconstruction/predictions/02958343/17c32e15723ed6e0cd0bf4a0e76b8df5/3c492e9e028bd3f35539585b.npz,c8613fa3c7cc8a30cef38151e5673c3161d7d65d0249e16e88ed6485fa093bae,/content/cv3d-project/data/cache/reconstruction/metrics/02958343/17c32e15723ed6e0cd0bf4a0e76b8df5/f389985a66cba566a734216f.json,11.82691399981195
02958343/17c32e15723ed6e0cd0bf4a0e76b8df5,vggt,10,"[0, 4, 9, 17, 35, 25, 43, 18, 39, 31]",1.104025262745451,1.131157704655026,1.1582901465646012,0.0,0.0,0.0,1.9943681051517153,0.0,0.0,0.0,0.0,0.0,0.0,camera_pose_sim3,2.0948991866095477,1.1588214460329636,10000,10000,True,False,True,/content/cv3d-project/data/cache/reconstruction/predictions/02958343/17c32e15723ed6e0cd0bf4a0e76b8df5/c95167ccf954ba80732f77a9.npz,de3658fab263661013de5c208ce7254e6bbe27c11a279ebe1a6d94e13bb5237e,/content/cv3d-project/data/cache/reconstruction/metrics/02958343/17c32e15723ed6e0cd0bf4a0e76b8df5/79f777b9ef71262054d034dd.json,12.435323000318022
02958343/17e146cb10c72fcfa2b80c598d71bf14,vggt,1,[0],1.3457920930041094,1.5177237338919216,1.689655374779734,0.0,0.0,0.0,1.9211960992533328,0.0,0.0,0.0,0.0,0.0,0.0,camera_rotation_center_and_target_diameter_scale_single_view,6.3330136032627955,0.0,10000,10000,True,True,True,/content/cv3d-project/data/cache/reconstruction/predictions/02958343/17e146cb10c72fcfa2b80c598d71bf14/1eaed05a3241ebe973d16d6d.npz,394822e38596fafd64858c6843374d1316fd737cd8cc9fa7bf58b9fcaf5a02e3,/content/cv3d-project/data/cache/reconstruction/metrics/02958343/17e146cb10c72fcfa2b80c598d71bf14/345a48461d3f3e042844cad8.json,3.8311059997795383
02958343/17e146cb10c72fcfa2b80c598d71bf14,vggt,2,"[0, 5]",0.9792449970911601,1.164046328249183,1.348847659407206,0.0,0.0,0.0,1.9211960992533328,0.0,0.0,0.0,0.0,0.0,0.0,camera_pose_sim3,0.7420685997539709,0.035455781618890556,10000,10000,True,False,True,/content/cv3d-project/data/cache/reconstruction/predictions/02958343/17e146cb10c72fcfa2b80c598d71bf14/d48fa9d9ee6a0e006c4a7977.npz,f09a6ae8fe5217162da05234728602d4e3cca0891689b80f4947a98650d13580,/content/cv3d-project/data/cache/reconstruction/metrics/02958343/17e146cb10c72fcfa2b80c598d71bf14/6c405a97426d15bf9676ac45.json,11.853464000068925
02958343/17e146cb10c72fcfa2b80c598d71bf14,vggt,3,"[0, 5, 17]",0.19200977864327473,0.3308633805945027,0.4697169825457307,0.0,0.0,0.0,1.9211960992533328,0.0,0.0,0.0,0.0,0.0,0.0,camera_pose_sim3,2.1781106447219525,0.5237425599360486,10000,10000,True,False,True,/content/cv3d-project/data/cache/reconstruction/predictions/02958343/17e146cb10c72fcfa2b80c598d71bf14/d9a980cb205dfb67350c0a55.npz,45c3019231d7f93416e043ad13b495ebe6abe300aafa9c41363b2b465b9409c9,/content/cv3d-project/data/cache/reconstruction/metrics/02958343/17e146cb10c72fcfa2b80c598d71bf14/39a5d719855d75cbbcc03132.json,11.784505000377976
02958343/17e146cb10c72fcfa2b80c598d71bf14,vggt,5,"[0, 5, 17, 25, 39]",0.7310559892995218,0.8099065296075841,0.8887570699156465,0.0,0.0,0.0,1.9211960992533328,0.0,0.0,0.0,0.0,0.0,0.0,camera_pose_sim3,1.8541863061876858,0.7947019092736859,10000,10000,True,False,True,/content/cv3d-project/data/cache/reconstruction/predictions/02958343/17e146cb10c72fcfa2b80c598d71bf14/782c07974aa9e755265c298a.npz,fbca55b088d2cee198718ba037bb33c36affda77d768967991332eb59d0fd22d,/content/cv3d-project/data/cache/reconstruction/metrics/02958343/17e146cb10c72fcfa2b80c598d71bf14/f27a6fad77fdb12958cdda6c.json,12.097359000108554
02958343/17e146cb10c72fcfa2b80c598d71bf14,vggt,10,"[0, 5, 17, 25, 39, 32, 24, 33, 45, 38]",0.30938661570661796,0.40135648700317683,0.4933263582997357,0.0,0.0,0.0,1.9211960992533328,0.0,0.0,0.0,0.0,0.0,0.0,camera_pose_sim3,1.8338048322199354,0.8626559963272522,10000,10000,True,False,True,/content/cv3d-project/data/cache/reconstruction/predictions/02958343/17e146cb10c72fcfa2b80c598d71bf14/cb8fa45b0122a3bef7a18f29.npz,b7955a8597cadf2199273540ee870752480610dfea4de5908c5be1765835ad6c,/content/cv3d-project/data/cache/reconstruction/metrics/02958343/17e146cb10c72fcfa2b80c598d71bf14/92ec0634e4e92e23e49fd5f1.json,12.279960999876494
02958343/18244d93dbd2afbebda733a39f84326d,vggt,1,[0],2.928238960756665,3.129232664868897,3.3302263689811284,0.0,0.0,0.0,1.9889489002009226,0.0,0.0,0.0,0.0,0.0,0.0,camera_rotation_center_and_target_diameter_scale_single_view,9.50099379436314,0.0,9754,10000,True,True,True,/content/cv3d-project/data/cache/reconstruction/predictions/02958343/18244d93dbd2afbebda733a39f84326d/ab312bfd45e42e7135bc9d5d.npz,4b01a268666cf70f7008450961af5ec3b8e73999eaf8f47e6bc459712b09f262,/content/cv3d-project/data/cache/reconstruction/metrics/02958343/18244d93dbd2afbebda733a39f84326d/b261444879577f63663c7545.json,3.8687850001224433
02958343/18244d93dbd2afbebda733a39f84326d,vggt,2,"[0, 4]",0.09365075008380694,0.27643798519293605,0.45922522030206514,0.07014457866823808,0.0,0.0,1.9889489002009226,0.6417,0.0,0.0,0.0371,0.0,0.0,camera_pose_sim3,1.7827471963521113,0.0094812139366097,10000,10000,True,False,True,/content/cv3d-project/data/cache/reconstruction/predictions/02958343/18244d93dbd2afbebda733a39f84326d/e22f40aae8278885309360b3.npz,98b295583761406ce2702f55658f174a52eb132fd2baa1fea587ce6672e7afa3,/content/cv3d-project/data/cache/reconstruction/metrics/02958343/18244d93dbd2afbebda733a39f84326d/951fe6db84ad3d28d979d9e0.json,12.017873000331747
02958343/18244d93dbd2afbebda733a39f84326d,vggt,3,"[0, 4, 25]",0.06834922442894582,0.14878966207829517,0.2292300997276445,0.1531867575945443,0.02113238199780461,0.035216802906448685,1.9889489002009226,0.7208,0.0789,0.2009,0.0857,0.0122,0.0193,camera_pose_sim3,2.5422332786170205,0.44048259762899433,10000,10000,True,False,True,/content/cv3d-project/data/cache/reconstruction/predictions/02958343/18244d93dbd2afbebda733a39f84326d/560b33a9dd0df554cb144d6c.npz,3f57c150646b9d49b6251638b75ce1784819f0583cbe18611efb1d7335b9dcd2,/content/cv3d-project/data/cache/reconstruction/metrics/02958343/18244d93dbd2afbebda733a39f84326d/3b85b3156e5ac8662f6a255c.json,11.57807999970828
02958343/18244d93dbd2afbebda733a39f84326d,vggt,5,"[0, 4, 25, 17, 8]",0.02761250864821559,0.07987785753726391,0.13214320642631222,0.5562694001299358,0.056185952501263264,0.1262228302693459,1.9889489002009226,1.0,0.164,0.3926,0.3853,0.0339,0.0752,camera_pose_sim3,2.6242274265775984,0.292025625379465,10000,10000,True,False,True,/content/cv3d-project/data/cache/reconstruction/predictions/02958343/18244d93dbd2afbebda733a39f84326d/9afe99e4f82391985e2749da.npz,ca90363c826b3393a2786ecbbd5ed0eec03979d3948d9f5aac2c5945e416dab2,/content/cv3d-project/data/cache/reconstruction/metrics/02958343/18244d93dbd2afbebda733a39f84326d/263171168b893212b14f1ef0.json,12.184928999886324
02958343/18244d93dbd2afbebda733a39f84326d,vggt,10,"[0, 4, 25, 17, 8, 34, 16, 23, 31, 24]",0.016611818365181597,0.051595164307954085,0.08657851025072658,0.7545148835471417,0.11969044680325844,0.23305861705861705,1.9889489002009226,1.0,0.3321,0.7155,0.6058,0.073,0.1392,camera_pose_sim3,2.6596573325103083,0.1614330159653626,10000,10000,True,False,True,/content/cv3d-project/data/cache/reconstruction/predictions/02958343/18244d93dbd2afbebda733a39f84326d/ca644ca4106006868e9977d3.npz,2bfd219075591b1a7c6655e1bd70a2644c3879d45f881d3da3c21913141a5ecc,/content/cv3d-project/data/cache/reconstruction/metrics/02958343/18244d93dbd2afbebda733a39f84326d/6ade253b3f0bc722d88d79bb.json,12.24971400006325
02958343/186646b16a670b7d69a949ac99a843c4,vggt,1,[0],2.3485494514433256,2.555745480079602,2.7629415087158775,0.0,0.0,0.0,1.9832237746841317,0.0,0.0,0.0,0.0,0.0,0.0,camera_rotation_center_and_target_diameter_scale_single_view,8.581940861021737,0.0,8830,10000,True,True,True,/content/cv3d-project/data/cache/reconstruction/predictions/02958343/186646b16a670b7d69a949ac99a843c4/482fb991756c08182d2f3385.npz,f7693f872b336262a948f0ca3fb054adbc8de2e681a1cecf5dbe9db1346c62fa,/content/cv3d-project/data/cache/reconstruction/metrics/02958343/186646b16a670b7d69a949ac99a843c4/41ee37cbb85a34b763cd9553.json,3.8176769999154203
02958343/186646b16a670b7d69a949ac99a843c4,vggt,2,"[0, 5]",0.7145673318602416,0.9002196894178518,1.085872046975462,0.0,0.0,0.0,1.9832237746841317,0.0,0.0,0.0,0.0,0.0,0.0,camera_pose_sim3,0.8808442690193709,0.11967445756516858,10000,10000,True,False,True,/content/cv3d-project/data/cache/reconstruction/predictions/02958343/186646b16a670b7d69a949ac99a843c4/1d8c78322fb7c2a7e7df7a83.npz,7a51db58da9375b6a54753877e409cb276fc1b75b13458bfe7e72f16259f74a8,/content/cv3d-project/data/cache/reconstruction/metrics/02958343/186646b16a670b7d69a949ac99a843c4/391250e54d300c201dd809ba.json,12.180215999705979
02958343/186646b16a670b7d69a949ac99a843c4,vggt,3,"[0, 5, 17]",0.662992921398778,0.8279476098101313,0.9929022982214847,0.0,0.0,0.0,1.9832237746841317,0.0,0.0,0.0,0.0,0.0,0.0,camera_pose_sim3,1.6155141534135347,0.7098138052998055,10000,10000,True,False,True,/content/cv3d-project/data/cache/reconstruction/predictions/02958343/186646b16a670b7d69a949ac99a843c4/155f5db8fbd19c41a9a463bb.npz,d3d371a375424572f699843d0950944c5a8aa0f6ec4dbd5c57ea2debcb60b65e,/content/cv3d-project/data/cache/reconstruction/metrics/02958343/186646b16a670b7d69a949ac99a843c4/9b4dce0a3f0743b29a7d2534.json,11.684785999932501
02958343/186646b16a670b7d69a949ac99a843c4,vggt,5,"[0, 5, 17, 25, 45]",0.3347989908902581,0.43510195856867157,0.535404926247085,0.0,0.0,0.0,1.9832237746841317,0.0,0.0,0.0,0.0,0.0,0.0,camera_pose_sim3,1.9632757396326719,0.9406432526430696,10000,10000,True,False,True,/content/cv3d-project/data/cache/reconstruction/predictions/02958343/186646b16a670b7d69a949ac99a843c4/a73fdf091dbe57d174e45842.npz,30fe6ca62bc18dafe0a16ebe5101e124ac76e8073110d156848ad686da5d1a3e,/content/cv3d-project/data/cache/reconstruction/metrics/02958343/186646b16a670b7d69a949ac99a843c4/74323bfd9650ad7e8688f179.json,12.21287399994253
02958343/186646b16a670b7d69a949ac99a843c4,vggt,10,"[0, 5, 17, 25, 45, 39, 42, 34, 32, 24]",0.1260357142959965,0.18401162653718034,0.24198753877836415,0.09616053897978827,0.0,0.0007875000000000001,1.9832237746841317,0.2523,0.0,0.0009,0.0594,0.0,0.0007,camera_pose_sim3,2.050111305594493,0.813065058474813,10000,10000,True,False,True,/content/cv3d-project/data/cache/reconstruction/predictions/02958343/186646b16a670b7d69a949ac99a843c4/7d01c4a1344e641ae57e4eda.npz,438a9edce0b2f3e264dd0c34b340962f26353951aed0e39e1f7b3019613db102,/content/cv3d-project/data/cache/reconstruction/metrics/02958343/186646b16a670b7d69a949ac99a843c4/ee856aeb43103763bc457095.json,12.336176999724557
02958343/187b002f0af1ab5a473f10e6caaeca56,vggt,1,[0],3.6575361161414413,3.854358311259558,4.0511805063776745,0.0,0.0,0.0,1.9726864164438027,0.0,0.0,0.0,0.0,0.0,0.0,camera_rotation_center_and_target_diameter_scale_single_view,10.884074965716074,0.0,10000,10000,True,True,True,/content/cv3d-project/data/cache/reconstruction/predictions/02958343/187b002f0af1ab5a473f10e6caaeca56/5f4d3f3d495db42dc5914924.npz,a9bcdcc708a38357f2dc35836916e7b1cdca74798d741a303ff7c76f180810cb,/content/cv3d-project/data/cache/reconstruction/metrics/02958343/187b002f0af1ab5a473f10e6caaeca56/cc7d839a4e7be8dee1948720.json,3.8036949999877834
02958343/187b002f0af1ab5a473f10e6caaeca56,vggt,2,"[0, 5]",0.19768726458279004,0.38654176671259755,0.575396268842405,0.0,0.0,0.0,1.9726864164438027,0.0,0.0,0.0,0.0,0.0,0.0,camera_pose_sim3,1.5394801592984222,0.03370104545319571,10000,10000,True,False,True,/content/cv3d-project/data/cache/reconstruction/predictions/02958343/187b002f0af1ab5a473f10e6caaeca56/22e95939e6d5cb2afe0cbe34.npz,3b2613390a89bce8de324731359bd8b0e9ed5e3c980c5979443ad49e31b95fb7,/content/cv3d-project/data/cache/reconstruction/metrics/02958343/187b002f0af1ab5a473f10e6caaeca56/00dae1a2a3eda0d5a23e6b91.json,12.513059999946563
02958343/187b002f0af1ab5a473f10e6caaeca56,vggt,3,"[0, 5, 31]",0.053421125146568514,0.09591781178503063,0.13841449842349274,0.47976931931547845,0.0016864864864864866,0.01896718146718147,1.9726864164438027,0.9861,0.0024,0.0393,0.317,0.0013,0.0125,camera_pose_sim3,2.5205900916607678,0.07740964907050989,10000,10000,True,False,True,/content/cv3d-project/data/cache/reconstruction/predictions/02958343/187b002f0af1ab5a473f10e6caaeca56/0fd79f99c9b88a81b13798f7.npz,964bb52dba64d04e2e3e95196510b70225fdadc794795d1c6185181bc37391c8,/content/cv3d-project/data/cache/reconstruction/metrics/02958343/187b002f0af1ab5a473f10e6caaeca56/92452ace52c903c15678f992.json,11.577327999930276
02958343/187b002f0af1ab5a473f10e6caaeca56,vggt,5,"[0, 5, 31, 23, 16]",0.05083152162796733,0.07722797701180746,0.10362443239564759,0.7035716600764892,0.011239583333333334,0.0325808997632202,1.9726864164438027,1.0,0.0415,0.1075,0.5427,0.0065,0.0192,camera_pose_sim3,2.443080028869151,0.09945273887879309,10000,10000,True,False,True,/content/cv3d-project/data/cache/reconstruction/predictions/02958343/187b002f0af1ab5a473f10e6caaeca56/2231800678b681dfbe5f755c.npz,c797fd25998c707a583b4a658fdebb6b6a478b67ed80b517322dca308af86300,/content/cv3d-project/data/cache/reconstruction/metrics/02958343/187b002f0af1ab5a473f10e6caaeca56/faf113e5725c1660caf8166f.json,11.600333000387764
02958343/187b002f0af1ab5a473f10e6caaeca56,vggt,10,"[0, 5, 31, 23, 16, 24, 33, 25, 34, 41]",0.03676006643167962,0.07173135046997035,0.10670263450826109,0.6719399878353721,0.07661914460285132,0.140652766502884,1.9726864164438027,0.964,0.198,0.3819,0.5157,0.0475,0.0862,camera_pose_sim3,2.5377304456206033,0.162971189039755,10000,10000,True,False,True,/content/cv3d-project/data/cache/reconstruction/predictions/02958343/187b002f0af1ab5a473f10e6caaeca56/459eb7e66bc09133d22dc0bd.npz,b06ba6bf7445e924b5e6785df4c56992ec597d22da18f411b879a914ba37bb1e,/content/cv3d-project/data/cache/reconstruction/metrics/02958343/187b002f0af1ab5a473f10e6caaeca56/1b74cec1c4f34fd034bebd89.json,12.65788499995324
02958343/189c2b53ef76d02978a20fe14185667,vggt,1,[0],2.8152598036422223,3.0097946296211755,3.2043294556001287,0.0,0.0,0.0,1.9993989771695817,0.0,0.0,0.0,0.0,0.0,0.0,camera_rotation_center_and_target_diameter_scale_single_view,9.33815520091482,0.0,10000,10000,True,True,True,/content/cv3d-project/data/cache/reconstruction/predictions/02958343/189c2b53ef76d02978a20fe14185667/d6a4ec11fb64459a24d718d0.npz,773d0bc10fb44223cc1144253ece776050fd1968564944d7c46a68e899c0333c,/content/cv3d-project/data/cache/reconstruction/metrics/02958343/189c2b53ef76d02978a20fe14185667/e8428efb6106d0c99f907667.json,3.836606000277243
02958343/189c2b53ef76d02978a20fe14185667,vggt,2,"[0, 18]",0.051502304463510146,0.15674128008205568,0.2619802557006012,0.19786287551492013,0.005777227722772277,0.015986280623608018,1.9993989771695817,0.8839,0.0778,0.2162,0.1114,0.003,0.0083,camera_pose_sim3,1.7444056324442274,0.7837145967436645,10000,10000,True,True,True,/content/cv3d-project/data/cache/reconstruction/predictions/02958343/189c2b53ef76d02978a20fe14185667/20bb502bc331c2818d591a50.npz,064ec90724e7cbacc08fbf6b46014c4089f595e99cabf03846bbbf5df552f863,/content/cv3d-project/data/cache/reconstruction/metrics/02958343/189c2b53ef76d02978a20fe14185667/f45dcdd5892fc1933df563e7.json,2.4681360000613495
02958343/189c2b53ef76d02978a20fe14185667,vggt,3,"[0, 18, 25]",0.29091326656847477,0.37998119105344963,0.46904911553842454,0.0,0.0,0.0,1.9993989771695817,0.0,0.0,0.0,0.0,0.0,0.0,camera_pose_sim3,2.2084159681850988,0.7255603188198312,10000,10000,True,False,True,/content/cv3d-project/data/cache/reconstruction/predictions/02958343/189c2b53ef76d02978a20fe14185667/778050eb214e260bd7fab730.npz,df492ff9786060deb4439e26951f94ba981aa24df152a985b844f6b2f801d676,/content/cv3d-project/data/cache/reconstruction/metrics/02958343/189c2b53ef76d02978a20fe14185667/71440e166729278f4a2cd5c1.json,12.188788000003115
02958343/189c2b53ef76d02978a20fe14185667,vggt,5,"[0, 18, 25, 33, 40]",1.5450723088067329,1.687360479899259,1.8296486509917853,0.0,0.0,0.0,1.9993989771695817,0.0,0.0,0.0,0.0,0.0,0.0,camera_pose_sim3_positive_scale_fallback,2.4781079033750553,1.2060219099901182,10000,10000,True,False,True,/content/cv3d-project/data/cache/reconstruction/predictions/02958343/189c2b53ef76d02978a20fe14185667/0bafe4b911b1ce747114fcde.npz,cddc2c02a3f122c8cb0833550aa98875c8847904bd1e714c1a14bb402f7385ad,/content/cv3d-project/data/cache/reconstruction/metrics/02958343/189c2b53ef76d02978a20fe14185667/c304517d9c08fd327af15e3f.json,11.999434999779623
02958343/189c2b53ef76d02978a20fe14185667,vggt,10,"[0, 18, 25, 33, 40, 32, 10, 23, 15, 41]",0.07468128347288516,0.09226682026819516,0.10985235706350516,0.6625464155528554,0.0016421052631578948,0.010449760765550238,1.9993989771695817,0.9813,0.0026,0.0105,0.5001,0.0012,0.0104,camera_pose_sim3,2.4677786344706356,0.13764044546695783,10000,10000,True,False,True,/content/cv3d-project/data/cache/reconstruction/predictions/02958343/189c2b53ef76d02978a20fe14185667/65b17d01b3dd39fe3511d763.npz,75ab1060fd92d57cfd5cae75a0a8b102529dc359548473024aaf41c422fa03ab,/content/cv3d-project/data/cache/reconstruction/metrics/02958343/189c2b53ef76d02978a20fe14185667/cd009ac3ccfde35d2b03ce4d.json,12.292086999877938
02958343/189cffefcdd5cb071a126804ae24042,vggt,1,[0],3.9557097169388116,4.17444370084297,4.393177684747127,0.0,0.0,0.0,1.9816394471896945,0.0,0.0,0.0,0.0,0.0,0.0,camera_rotation_center_and_target_diameter_scale_single_view,11.653387394687261,0.0,7361,10000,True,True,True,/content/cv3d-project/data/cache/reconstruction/predictions/02958343/189cffefcdd5cb071a126804ae24042/42d22e9cd7aaa31fa704d7c5.npz,0cb90059a63854a5768155724ac8723f0117842f105d6c0e60f4b147ffdc1369,/content/cv3d-project/data/cache/reconstruction/metrics/02958343/189cffefcdd5cb071a126804ae24042/ef803dd50173964f10fcfba7.json,3.5279409999020572
02958343/189cffefcdd5cb071a126804ae24042,vggt,2,"[0, 18]",0.23245926229619784,0.360804192674501,0.4891491230528041,0.0,0.0,0.0,1.9816394471896945,0.0,0.0,0.0,0.0,0.0,0.0,camera_pose_sim3,0.9270590445774188,0.9177561829664401,10000,10000,True,False,True,/content/cv3d-project/data/cache/reconstruction/predictions/02958343/189cffefcdd5cb071a126804ae24042/eed79967ca228d1afd6259bf.npz,a8286bb64614c1bf89077162437cefb35162eb014fba0928257dbfd4c24d45d7,/content/cv3d-project/data/cache/reconstruction/metrics/02958343/189cffefcdd5cb071a126804ae24042/ad8f044eae8f421717a6d51e.json,11.444502999893302
02958343/189cffefcdd5cb071a126804ae24042,vggt,3,"[0, 18, 5]",0.08086547905500426,0.15636923361293126,0.23187298817085827,0.2521154988858628,0.009686543535620052,0.02482399598393574,1.9816394471896945,0.6515,0.0706,0.1859,0.1563,0.0052,0.0133,camera_pose_sim3,2.565851967407822,0.5323049729432848,10000,10000,True,False,True,/content/cv3d-project/data/cache/reconstruction/predictions/02958343/189cffefcdd5cb071a126804ae24042/1fbb750d649d589846c4fcfc.npz,a16bcb4cd89893196fa4a2fd018b5c5c2157c82c065f83d3bb142906927f93b2,/content/cv3d-project/data/cache/reconstruction/metrics/02958343/189cffefcdd5cb071a126804ae24042/06c7ff96f24571a23e281f31.json,12.195749999591499
02958343/189cffefcdd5cb071a126804ae24042,vggt,5,"[0, 18, 5, 44, 36]",0.030897646889867732,0.048643127370919824,0.06638860785197191,0.913515862668405,0.09242172640819314,0.18872750046048997,1.9816394471896945,1.0,0.2145,0.4213,0.8408,0.0589,0.1216,camera_pose_sim3,2.577299976323019,0.12714930689986814,10000,10000,True,False,True,/content/cv3d-project/data/cache/reconstruction/predictions/02958343/189cffefcdd5cb071a126804ae24042/461bcfc91542fccda13e044b.npz,b32c7d1a8e44d0589aeb90df04504eac3791a987c8b00f031e6600d1e2cedbf1,/content/cv3d-project/data/cache/reconstruction/metrics/02958343/189cffefcdd5cb071a126804ae24042/3111cf92a997b47a1814eac9.json,11.663338999824191
02958343/189cffefcdd5cb071a126804ae24042,vggt,10,"[0, 18, 5, 44, 36, 39, 32, 26, 24, 34]",0.024555543484884444,0.04230607056602335,0.06005659764716225,0.9173388188166514,0.14115107913669064,0.2622166157265907,1.9816394471896945,1.0,0.327,0.5474,0.8473,0.09,0.1724,camera_pose_sim3,2.486606743565914,0.11890108468145073,10000,10000,True,False,True,/content/cv3d-project/data/cache/reconstruction/predictions/02958343/189cffefcdd5cb071a126804ae24042/94ff0dcf2b5196bdef1d5955.npz,efe918ea271957943ca892d31b2da87d8ae60d74bdff20efd6b97ec4c2d89cb7,/content/cv3d-project/data/cache/reconstruction/metrics/02958343/189cffefcdd5cb071a126804ae24042/1c06237720b1842ecba58b47.json,13.44229100004668
02958343/18a9275b78be4b9ec6d3267fc5334296,vggt,1,[0],3.7170697968542767,3.920317559459521,4.123565322064766,0.0,0.0,0.0,1.9730507118991891,0.0,0.0,0.0,0.0,0.0,0.0,camera_rotation_center_and_target_diameter_scale_single_view,11.090353909061072,0.0,10000,10000,True,True,True,/content/cv3d-project/data/cache/reconstruction/predictions/02958343/18a9275b78be4b9ec6d3267fc5334296/245bd909f2ca80617b33657f.npz,6af01a3bb24552aaa14ce5191881abd5d8b5c61e4d1ee497af634b8e89f4d348,/content/cv3d-project/data/cache/reconstruction/metrics/02958343/18a9275b78be4b9ec6d3267fc5334296/13ba520d5d20ba39eec54139.json,3.8496219999615278
02958343/18a9275b78be4b9ec6d3267fc5334296,vggt,2,"[0, 5]",0.8826811366475427,1.0937974466332891,1.3049137566190356,0.0,0.0,0.0,1.9730507118991891,0.0,0.0,0.0,0.0,0.0,0.0,camera_pose_sim3,0.7618928730094923,0.024235165145837574,10000,10000,True,False,True,/content/cv3d-project/data/cache/reconstruction/predictions/02958343/18a9275b78be4b9ec6d3267fc5334296/9873e810e50d50f49ab897fa.npz,bd3b08024aa99b4d23ba8df9451913dd900e1f7f595f89f7545ddb838b7cb3c9,/content/cv3d-project/data/cache/reconstruction/metrics/02958343/18a9275b78be4b9ec6d3267fc5334296/9e4e53ba898ef5e1a6200b6e.json,11.636114000339148
02958343/18a9275b78be4b9ec6d3267fc5334296,vggt,3,"[0, 5, 17]",0.4829659866299343,0.6192021477492722,0.7554383088686102,0.0,0.0,0.0,1.9730507118991891,0.0,0.0,0.0,0.0,0.0,0.0,camera_pose_sim3,1.9403865139236534,0.575168358454367,10000,10000,True,False,True,/content/cv3d-project/data/cache/reconstruction/predictions/02958343/18a9275b78be4b9ec6d3267fc5334296/bad24f5bdc7c8b4966419bd4.npz,193616f8061c76401ba8855c9867f65a6f5f536370c4fae6480ff4129890ff46,/content/cv3d-project/data/cache/reconstruction/metrics/02958343/18a9275b78be4b9ec6d3267fc5334296/4613f99d846a5f4ac59cc0dd.json,12.070827999650646
02958343/18a9275b78be4b9ec6d3267fc5334296,vggt,5,"[0, 5, 17, 25, 31]",0.045822747751855346,0.11124659315376796,0.17667043855568057,0.2906398108659373,0.022224689165186502,0.05282144124955627,1.9730507118991891,0.9055,0.1001,0.2522,0.1731,0.0125,0.0295,camera_pose_sim3,2.7066921924450726,0.14965698454776735,10000,10000,True,False,True,/content/cv3d-project/data/cache/reconstruction/predictions/02958343/18a9275b78be4b9ec6d3267fc5334296/e86f6a279cf95df403270b19.npz,59b2864080e7cb43f38ddf16f3d04ae7ca72b8c95204d542481745c9bc54eef4,/content/cv3d-project/data/cache/reconstruction/metrics/02958343/18a9275b78be4b9ec6d3267fc5334296/b461e71e27a2037f70432154.json,11.626690999946732
02958343/18a9275b78be4b9ec6d3267fc5334296,vggt,10,"[0, 5, 17, 25, 31, 24, 38, 43, 35, 9]",0.05813586194528014,0.08306536421687163,0.10799486648846314,0.6591579511933494,0.012346768060836504,0.05700371747211896,1.9730507118991891,1.0,0.0164,0.0935,0.4916,0.0099,0.041,camera_pose_sim3,2.459439509626357,0.07827457307743882,10000,10000,True,False,True,/content/cv3d-project/data/cache/reconstruction/predictions/02958343/18a9275b78be4b9ec6d3267fc5334296/30113befa9d59aee4b31c1f9.npz,e68b0c2d25d1b7dcd37c65426edcea8a54024484117ce31ccf7ada04a68dd91e,/content/cv3d-project/data/cache/reconstruction/metrics/02958343/18a9275b78be4b9ec6d3267fc5334296/86548eb0b21aaa8f4252607f.json,12.695196000095166
02958343/18aad9d102afbca57ba2273581c30cb,vggt,1,[0],4.206370676072771,4.412860169908216,4.61934966374366,0.0,0.0,0.0,1.9928073365160488,0.0,0.0,0.0,0.0,0.0,0.0,camera_rotation_center_and_target_diameter_scale_single_view,12.167510931057604,0.0,10000,10000,True,True,True,/content/cv3d-project/data/cache/reconstruction/predictions/02958343/18aad9d102afbca57ba2273581c30cb/66c8c0145b6bbcdf23924ee4.npz,0c5f57b786cba247a31dbe72660defc9ed6ff06da8df085d25250abb94931b08,/content/cv3d-project/data/cache/reconstruction/metrics/02958343/18aad9d102afbca57ba2273581c30cb/b03137b912c544c441540dfc.json,3.9102390001062304
02958343/18aad9d102afbca57ba2273581c30cb,vggt,2,"[0, 18]",0.6050157842159984,0.7228346625704258,0.8406535409248533,0.0,0.0,0.0,1.9928073365160488,0.0,0.0,0.0,0.0,0.0,0.0,camera_pose_sim3,1.6094022316673045,0.66442569935066,10000,10000,True,False,True,/content/cv3d-project/data/cache/reconstruction/predictions/02958343/18aad9d102afbca57ba2273581c30cb/169318b55295b0ac41f8a1d5.npz,d004849473747fe5944f451400ff0fca86c1a1f85b9aa147bce9565fcf09aba5,/content/cv3d-project/data/cache/reconstruction/metrics/02958343/18aad9d102afbca57ba2273581c30cb/c2bbee788a3fdc12b59bc615.json,11.65779900020425
02958343/18aad9d102afbca57ba2273581c30cb,vggt,3,"[0, 18, 32]",0.5571439312866491,0.6316456045873317,0.7061472778880142,0.0,0.0,0.0,1.9928073365160488,0.0,0.0,0.0,0.0,0.0,0.0,camera_pose_sim3,1.8980909129579508,0.6664817400453988,10000,10000,True,False,True,/content/cv3d-project/data/cache/reconstruction/predictions/02958343/18aad9d102afbca57ba2273581c30cb/98c48d2e8eb95000a42d6885.npz,00b10448e103936742174cddf4aff90ac936552fa5dcad5855b5fac969057639,/content/cv3d-project/data/cache/reconstruction/metrics/02958343/18aad9d102afbca57ba2273581c30cb/84f5df19eebafcd319fe1f87.json,12.078563000159193
02958343/18aad9d102afbca57ba2273581c30cb,vggt,5,"[0, 18, 32, 24, 26]",0.26248499205801024,0.3164809843399533,0.37047697662189644,0.0,0.0,0.0,1.9928073365160488,0.0,0.0,0.0,0.0,0.0,0.0,camera_pose_sim3,2.1552890010529406,0.273479205743572,10000,10000,True,False,True,/content/cv3d-project/data/cache/reconstruction/predictions/02958343/18aad9d102afbca57ba2273581c30cb/b8d1cfc04e3d1ed93b89b588.npz,27da1afe1dc1762d7a55ec6ce65dbd95584e508d44f0f069ec9906fbfc94ae0c,/content/cv3d-project/data/cache/reconstruction/metrics/02958343/18aad9d102afbca57ba2273581c30cb/1ff804517000f9d62fba4cb7.json,11.987895999936882
02958343/18aad9d102afbca57ba2273581c30cb,vggt,10,"[0, 18, 32, 24, 26, 33, 35, 25, 16, 23]",0.45982535017107284,0.5070693347258945,0.5543133192807163,0.0,0.0,0.0,1.9928073365160488,0.0,0.0,0.0,0.0,0.0,0.0,camera_pose_sim3,1.7666894041524004,0.6167441497181705,10000,10000,True,False,True,/content/cv3d-project/data/cache/reconstruction/predictions/02958343/18aad9d102afbca57ba2273581c30cb/47f3803cc76c5f600b3a22f7.npz,c4f6c8a0841f5a0e33c54c792caf9005657b9369f9c4f5ba62fa6e303b32db9d,/content/cv3d-project/data/cache/reconstruction/metrics/02958343/18aad9d102afbca57ba2273581c30cb/e3a1db933a14ec5d06be7e0c.json,13.0190129998482
02958343/18c06b8c38623c0b4046e8fe9dfc34b5,vggt,1,[0],5.441878695870552,5.659210032728955,5.8765413695873585,0.0,0.0,0.0,1.9844557801796183,0.0,0.0,0.0,0.0,0.0,0.0,camera_rotation_center_and_target_diameter_scale_single_view,14.497654592108416,0.0,10000,10000,True,True,True,/content/cv3d-project/data/cache/reconstruction/predictions/02958343/18c06b8c38623c0b4046e8fe9dfc34b5/e8c6a3569c8f2e338397d9e5.npz,c347b12d18f2a7f12f557cf9b8508a96c8d7d0867602ee0499eb65d41f4fc56e,/content/cv3d-project/data/cache/reconstruction/metrics/02958343/18c06b8c38623c0b4046e8fe9dfc34b5/c455603f944c42e2961f1ccc.json,4.093736999948305
02958343/18c06b8c38623c0b4046e8fe9dfc34b5,vggt,2,"[0, 5]",0.8404221122936003,1.034736232506009,1.2290503527184176,0.0,0.0,0.0,1.9844557801796183,0.0,0.0,0.0,0.0,0.0,0.0,camera_pose_sim3,0.7693177766814432,0.0952933664788661,10000,10000,True,False,True,/content/cv3d-project/data/cache/reconstruction/predictions/02958343/18c06b8c38623c0b4046e8fe9dfc34b5/e1c47e6b0840ac36113048af.npz,33a9f66f8b8dbc8b4de8d5a4952f54d4beb454b0de9f5999f333b34db03f428b,/content/cv3d-project/data/cache/reconstruction/metrics/02958343/18c06b8c38623c0b4046e8fe9dfc34b5/2e560b55d0227e1c205d685b.json,11.86516899997514
02958343/18c06b8c38623c0b4046e8fe9dfc34b5,vggt,3,"[0, 5, 18]",0.2773107144234892,0.41896607374375744,0.5606214330640257,0.0,0.0,0.0,1.9844557801796183,0.0,0.0,0.0,0.0,0.0,0.0,camera_pose_sim3,1.6414629581979976,0.6502411786059613,10000,10000,True,False,True,/content/cv3d-project/data/cache/reconstruction/predictions/02958343/18c06b8c38623c0b4046e8fe9dfc34b5/0cfd0ed214ac41509e4344b6.npz,12d8ed7c3eb30400a94e0b3f6dad5fe0f0559e0e4bdec43e642ce911608bf40e,/content/cv3d-project/data/cache/reconstruction/metrics/02958343/18c06b8c38623c0b4046e8fe9dfc34b5/7087243859abf9d05bef351a.json,11.982330000137154
02958343/18c06b8c38623c0b4046e8fe9dfc34b5,vggt,5,"[0, 5, 18, 26, 25]",0.11553572612066484,0.18788556947415957,0.26023541282765433,0.1029544931163955,0.0,0.0,1.9844557801796183,0.3388,0.0,0.0,0.0607,0.0,0.0,camera_pose_sim3,2.445846457087103,0.31410828508879857,10000,10000,True,False,True,/content/cv3d-project/data/cache/reconstruction/predictions/02958343/18c06b8c38623c0b4046e8fe9dfc34b5/49d45616b573be449d95a1c0.npz,ab04f2df7e9f85ecad4b1b8df981d5c0eafb63f2a8e95413078d10868abe4f45,/content/cv3d-project/data/cache/reconstruction/metrics/02958343/18c06b8c38623c0b4046e8fe9dfc34b5/d09c1b7a629790fa9b1b15f0.json,11.883570999998483
02958343/18c06b8c38623c0b4046e8fe9dfc34b5,vggt,10,"[0, 5, 18, 26, 25, 39, 32, 44, 36, 34]",0.7843628223847439,0.8321289676296266,0.8798951128745093,0.0,0.0,0.0,1.9844557801796183,0.0,0.0,0.0,0.0,0.0,0.0,camera_pose_sim3,2.013727266474094,1.0102830704010035,10000,10000,True,False,True,/content/cv3d-project/data/cache/reconstruction/predictions/02958343/18c06b8c38623c0b4046e8fe9dfc34b5/62006c17893dd5d31fed93ef.npz,02f2324483b4bb1668c2d340e9fa5a352c07861664ee06565b1e2d91dbacaa1d,/content/cv3d-project/data/cache/reconstruction/metrics/02958343/18c06b8c38623c0b4046e8fe9dfc34b5/badd6b77afb7395e3a57f2ed.json,12.379730999782623
02958343/18cd6293d7b17a698ce68842a487b19,vggt,1,[0],2.286584505163581,2.502494606870783,2.7184047085779848,0.0,0.0,0.0,1.9714814295415997,0.0,0.0,0.0,0.0,0.0,0.0,camera_rotation_center_and_target_diameter_scale_single_view,8.1446249702874,0.0,10000,10000,True,True,True,/content/cv3d-project/data/cache/reconstruction/predictions/02958343/18cd6293d7b17a698ce68842a487b19/c7a54ece7baf06925443f1fe.npz,b539c36ae8d4fe7df082449daa4a2980c051a0e210f2ce9dff8b989c5d6dd056,/content/cv3d-project/data/cache/reconstruction/metrics/02958343/18cd6293d7b17a698ce68842a487b19/116fd5e99999d030e095be63.json,3.806148999956349
02958343/18cd6293d7b17a698ce68842a487b19,vggt,2,"[0, 5]",0.7551016089187654,0.939411881298384,1.1237221536780027,0.0,0.0,0.0,1.9714814295415997,0.0,0.0,0.0,0.0,0.0,0.0,camera_pose_sim3,0.7868107676889992,0.13299655002208968,10000,10000,True,False,True,/content/cv3d-project/data/cache/reconstruction/predictions/02958343/18cd6293d7b17a698ce68842a487b19/6dc553c5f0fc5e2059a8ae43.npz,57988d57f9b97c358d00db70262224dbd28fca315c9d662e12fcc7c53f09580a,/content/cv3d-project/data/cache/reconstruction/metrics/02958343/18cd6293d7b17a698ce68842a487b19/60a53d09833305317df23edf.json,12.99218500025745
02958343/18cd6293d7b17a698ce68842a487b19,vggt,3,"[0, 5, 17]",0.1274131953680165,0.23096731705905005,0.33452143875008356,0.052317999179991796,0.0012338983050847456,0.004666666666666667,1.9714814295415997,0.2141,0.0052,0.014,0.0298,0.0007,0.0028,camera_pose_sim3,2.1023463945976784,0.3447631560722365,10000,10000,True,False,True,/content/cv3d-project/data/cache/reconstruction/predictions/02958343/18cd6293d7b17a698ce68842a487b19/2ac7033434ef1d676cb34720.npz,bf9a07422c0c100e4a2503e377887f9b02ba90bb66f1d3dc94a3760e057f7963,/content/cv3d-project/data/cache/reconstruction/metrics/02958343/18cd6293d7b17a698ce68842a487b19/ab37eff326cfce4f2686ce7e.json,12.445901000319282
02958343/18cd6293d7b17a698ce68842a487b19,vggt,5,"[0, 5, 17, 8, 24]",0.19807974015281934,0.2685775597260397,0.33907537929926007,0.0,0.0,0.0,1.9714814295415997,0.0,0.0,0.0,0.0,0.0,0.0,camera_pose_sim3,2.1359144583213907,0.3887043454967559,10000,10000,True,False,True,/content/cv3d-project/data/cache/reconstruction/predictions/02958343/18cd6293d7b17a698ce68842a487b19/83b2cebf0187ba0b5964a9f1.npz,c61bdf53df82c311589c566c7d62d0be95a46a669703d9a704473cee976c2c6b,/content/cv3d-project/data/cache/reconstruction/metrics/02958343/18cd6293d7b17a698ce68842a487b19/09ac1d90baec927115873dcf.json,12.073458000031678
02958343/18cd6293d7b17a698ce68842a487b19,vggt,10,"[0, 5, 17, 8, 24, 42, 35, 16, 26, 34]",0.1265089059338484,0.1936522622599879,0.26079561858612743,0.0784416135881104,0.0031428571428571426,0.005531746031746033,1.9714814295415997,0.2842,0.0055,0.0085,0.0455,0.0022,0.0041,camera_pose_sim3,2.397217021477431,0.3446503110035288,10000,10000,True,False,True,/content/cv3d-project/data/cache/reconstruction/predictions/02958343/18cd6293d7b17a698ce68842a487b19/47176087e253fb17813b1fe5.npz,daf70785d8f226145cdb301f3ba124cbf82296fcbb75e2c859545c30299b288d,/content/cv3d-project/data/cache/reconstruction/metrics/02958343/18cd6293d7b17a698ce68842a487b19/b5e6d6624177b5675631aff1.json,13.180710000142426
02958343/18d9ac72442260e0e97c6bb243ef67d,vggt,1,[0],3.6772578093637174,3.8976510286351647,4.118044247906612,0.0,0.0,0.0,1.9941201374967,0.0,0.0,0.0,0.0,0.0,0.0,camera_rotation_center_and_target_diameter_scale_single_view,11.075966006618925,0.0,10000,10000,True,True,True,/content/cv3d-project/data/cache/reconstruction/predictions/02958343/18d9ac72442260e0e97c6bb243ef67d/2694fffdf32351371da53dd7.npz,b7e9e902ca5761844ad7afc09b7ca4657e53641cb23e94041e324844f777c241,/content/cv3d-project/data/cache/reconstruction/metrics/02958343/18d9ac72442260e0e97c6bb243ef67d/80eb2b291cf35e7e026b8456.json,3.843529999812745
02958343/18d9ac72442260e0e97c6bb243ef67d,vggt,2,"[0, 18]",0.037532732445113175,0.13542668623527473,0.23332064002543632,0.21029082774049218,0.007618138424821003,0.01630562229697261,1.9941201374967,1.0,0.0798,0.1996,0.1175,0.004,0.0085,camera_pose_sim3,1.6093949463633368,0.8447000095843168,10000,10000,True,True,True,/content/cv3d-project/data/cache/reconstruction/predictions/02958343/18d9ac72442260e0e97c6bb243ef67d/9261ac6135db196f5bbaaf3c.npz,e0a235b1d65c46e69565616ba0b1ff32b9402bb22afb526f815a40033ecf87fb,/content/cv3d-project/data/cache/reconstruction/metrics/02958343/18d9ac72442260e0e97c6bb243ef67d/ba01bd7b4d4073fb315d23b6.json,2.460284999870055
02958343/18d9ac72442260e0e97c6bb243ef67d,vggt,3,"[0, 18, 25]",0.6301596108348492,0.7277130256047397,0.8252664403746302,0.0,0.0,0.0,1.9941201374967,0.0,0.0,0.0,0.0,0.0,0.0,camera_pose_sim3,0.29145981151238615,1.0006261582302767,10000,10000,True,False,True,/content/cv3d-project/data/cache/reconstruction/predictions/02958343/18d9ac72442260e0e97c6bb243ef67d/3983cc3a6e78b798d738217d.npz,2c52692429bcc6629417905fba76f564bb86b3643f1d269ba8c5ef32d858b65f,/content/cv3d-project/data/cache/reconstruction/metrics/02958343/18d9ac72442260e0e97c6bb243ef67d/44044fa97c881e54e65c7e21.json,11.879114000294066
02958343/18d9ac72442260e0e97c6bb243ef67d,vggt,5,"[0, 18, 25, 23, 32]",0.9638378145099034,1.0127239797981429,1.0616101450863826,0.0,0.0,0.0,1.9941201374967,0.0,0.0,0.0,0.0,0.0,0.0,camera_pose_sim3,3.1438680923230096,0.6396159636188096,10000,10000,True,False,True,/content/cv3d-project/data/cache/reconstruction/predictions/02958343/18d9ac72442260e0e97c6bb243ef67d/f24c443de9329799e0ec309b.npz,525340effe67aeb6990f74a13502f411359dc46c07e1cafe175437ca48c6b303,/content/cv3d-project/data/cache/reconstruction/metrics/02958343/18d9ac72442260e0e97c6bb243ef67d/b1345da72edf6185787027b2.json,12.727041999823996
02958343/18d9ac72442260e0e97c6bb243ef67d,vggt,10,"[0, 18, 25, 23, 32, 24, 16, 10, 33, 31]",0.06497318915078631,0.0909964880756755,0.11701978700056467,0.6705835496670927,0.014820543806646528,0.024950719424460432,1.9941201374967,0.9762,0.0219,0.0367,0.5107,0.0112,0.0189,camera_pose_sim3,2.36062867402247,0.19858859032672385,10000,10000,True,False,True,/content/cv3d-project/data/cache/reconstruction/predictions/02958343/18d9ac72442260e0e97c6bb243ef67d/6a3b04ef38cef6084c1c11d8.npz,e6b92f90342c5a2f2c061e090373c951d36bd21536241b8febacc3fc04d77f8c,/content/cv3d-project/data/cache/reconstruction/metrics/02958343/18d9ac72442260e0e97c6bb243ef67d/6dc45f60ef135e6091dc4576.json,13.783279999643128
02958343/18da5e80080352be294d52e32dbd135b,vggt,1,[0],2.1670858652423366,2.3171307018332525,2.467175538424168,0.0,0.0,0.0,1.9913347768494645,0.0,0.0,0.0,0.0,0.0,0.0,camera_rotation_center_and_target_diameter_scale_single_view,8.07171356142052,0.0,10000,10000,True,True,True,/content/cv3d-project/data/cache/reconstruction/predictions/02958343/18da5e80080352be294d52e32dbd135b/0f4b8125e8f35b1d92b92680.npz,d7aad580ac2f0197cea1be7ddd34833bcaba8c2bcded8c8dd104ec7e0bb72f17,/content/cv3d-project/data/cache/reconstruction/metrics/02958343/18da5e80080352be294d52e32dbd135b/d0d4339c085378ad3cba0181.json,3.9012269999147975
02958343/18da5e80080352be294d52e32dbd135b,vggt,2,"[0, 5]",0.2245906475525429,0.4017288136547641,0.5788669797569853,0.0,0.0,0.0,1.9913347768494645,0.0,0.0,0.0,0.0,0.0,0.0,camera_pose_sim3,1.5888648151211524,0.009026676624849456,10000,10000,True,False,True,/content/cv3d-project/data/cache/reconstruction/predictions/02958343/18da5e80080352be294d52e32dbd135b/ae9332399043e6ce452d84a6.npz,24ba8cb037f6bffdff30b59d8a072d3c1cdd246474898b6a48b89aad76c1f6cd,/content/cv3d-project/data/cache/reconstruction/metrics/02958343/18da5e80080352be294d52e32dbd135b/9f3cbe88e69c08a6d69c90dc.json,11.717067000063253
02958343/18da5e80080352be294d52e32dbd135b,vggt,3,"[0, 5, 14]",0.0263638341405658,0.14533615413288922,0.26430847412521263,0.338594450905466,0.027587924528301888,0.05113192182410424,1.9913347768494645,1.0,0.2238,0.4025,0.2038,0.0147,0.0273,camera_pose_sim3,2.0991498681445875,0.03548491762565031,10000,10000,True,False,True,/content/cv3d-project/data/cache/reconstruction/predictions/02958343/18da5e80080352be294d52e32dbd135b/af9146a1388cf03fb8f0e457.npz,cdaf22c85fe1270e77f95aa2f7753908938facae3373179408831f120807e306,/content/cv3d-project/data/cache/reconstruction/metrics/02958343/18da5e80080352be294d52e32dbd135b/c4415b10250c198196a2ffff.json,12.328193000030296
02958343/18da5e80080352be294d52e32dbd135b,vggt,5,"[0, 5, 14, 8, 17]",0.023178037903384133,0.06786005308615177,0.11254206826891941,0.6614015126162908,0.05953909090909091,0.12221737238493723,1.9913347768494645,1.0,0.2298,0.5284,0.4941,0.0342,0.0691,camera_pose_sim3,2.3852226932902054,0.07140437528752143,10000,10000,True,False,True,/content/cv3d-project/data/cache/reconstruction/predictions/02958343/18da5e80080352be294d52e32dbd135b/ceb9e9d35fb085f61ac3a631.npz,6ba5cc011696781210decc34ac924ad83752a4dbf84f79b44fe29c37fb205325,/content/cv3d-project/data/cache/reconstruction/metrics/02958343/18da5e80080352be294d52e32dbd135b/971cf0056416781b8e5af303.json,12.915409000015643
02958343/18da5e80080352be294d52e32dbd135b,vggt,10,"[0, 5, 14, 8, 17, 24, 16, 33, 25, 40]",0.04556921948775441,0.08836363724393984,0.13115805500012526,0.6021482004234298,0.03844162679425837,0.08661962435233161,1.9913347768494645,0.983,0.1017,0.2567,0.434,0.0237,0.0521,camera_pose_sim3,2.233795146943387,0.6394675758463435,10000,10000,True,False,True,/content/cv3d-project/data/cache/reconstruction/predictions/02958343/18da5e80080352be294d52e32dbd135b/550e402ea1218efbbbcc7b07.npz,b48d9d00c36109abc8b08b5964e89105cac3f7a7e0f609b82b8bd5f3bf040739,/content/cv3d-project/data/cache/reconstruction/metrics/02958343/18da5e80080352be294d52e32dbd135b/12ce26844bb051031b8da8e6.json,12.256961000275624
02958343/18e16129375e723e6f8f8c736fcc7940,vggt,1,[0],3.757174990331566,3.961840141446327,4.166505292561088,0.0,0.0,0.0,1.9837764772332172,0.0,0.0,0.0,0.0,0.0,0.0,camera_rotation_center_and_target_diameter_scale_single_view,11.312842888586909,0.0,10000,10000,True,True,True,/content/cv3d-project/data/cache/reconstruction/predictions/02958343/18e16129375e723e6f8f8c736fcc7940/6bc0a24852beb665fe9af65b.npz,f5b50d44e2f58b531564554505f8ba2e59b1e7e9113d01b6a359c5607db6caeb,/content/cv3d-project/data/cache/reconstruction/metrics/02958343/18e16129375e723e6f8f8c736fcc7940/17baf412bee7caef0f10bf5b.json,4.021151000415557
02958343/18e16129375e723e6f8f8c736fcc7940,vggt,2,"[0, 18]",0.5605630625216277,0.6958629439821088,0.8311628254425899,0.0,0.0,0.0,1.9837764772332172,0.0,0.0,0.0,0.0,0.0,0.0,camera_pose_sim3,1.5140690642304162,0.6881966769909674,10000,10000,True,False,True,/content/cv3d-project/data/cache/reconstruction/predictions/02958343/18e16129375e723e6f8f8c736fcc7940/8040d3969a7cd4fd66821c3f.npz,4c8ff6e8c66ce51c44e8d591dc8b1c00703b499982a04f531a24de31838fe708,/content/cv3d-project/data/cache/reconstruction/metrics/02958343/18e16129375e723e6f8f8c736fcc7940/287e1c22030f0d264589806d.json,13.084719999824301
02958343/18e16129375e723e6f8f8c736fcc7940,vggt,3,"[0, 18, 25]",0.6334663145101778,0.6563583990648387,0.6792504836194996,0.0,0.0,0.0,1.9837764772332172,0.0,0.0,0.0,0.0,0.0,0.0,camera_pose_sim3,1.6220464263096266,0.7222299051065088,10000,10000,True,False,True,/content/cv3d-project/data/cache/reconstruction/predictions/02958343/18e16129375e723e6f8f8c736fcc7940/21df08f0679187a366996cae.npz,ec01e321467cc6cc038c2f72f34f176eaf547dc3890decbb8ac2ad5369666405,/content/cv3d-project/data/cache/reconstruction/metrics/02958343/18e16129375e723e6f8f8c736fcc7940/d49fea6145dca6dd9c1a4dcb.json,12.219519000154833
02958343/18e16129375e723e6f8f8c736fcc7940,vggt,5,"[0, 18, 25, 33, 39]",0.4771428221296344,0.6102780810758568,0.7434133400220793,0.0,0.0,0.0,1.9837764772332172,0.0,0.0,0.0,0.0,0.0,0.0,camera_pose_sim3,0.5660510194953454,1.1529512992833042,10000,10000,True,False,True,/content/cv3d-project/data/cache/reconstruction/predictions/02958343/18e16129375e723e6f8f8c736fcc7940/8b93958832105151aa97af72.npz,9fdf1c9b4545fac97bc1d7dcd1d896b35efcd1615b8c688ea8d2150cac654e83,/content/cv3d-project/data/cache/reconstruction/metrics/02958343/18e16129375e723e6f8f8c736fcc7940/efd7eb263c9c3215a342c8cf.json,12.356126999748085
02958343/18e16129375e723e6f8f8c736fcc7940,vggt,10,"[0, 18, 25, 33, 39, 32, 40, 31, 9, 23]",2.542207002651657,2.672044993183296,2.8018829837149357,0.0,0.0,0.0,1.9837764772332172,0.0,0.0,0.0,0.0,0.0,0.0,camera_pose_sim3_positive_scale_fallback,2.840995625421387,1.2559564797619587,10000,10000,True,False,True,/content/cv3d-project/data/cache/reconstruction/predictions/02958343/18e16129375e723e6f8f8c736fcc7940/1703129b9cb3c3eddbed4334.npz,b4d2be4ea1cef403589aa06415cbdcb6b4d367f714f755092864ba8fb8aaf6d8,/content/cv3d-project/data/cache/reconstruction/metrics/02958343/18e16129375e723e6f8f8c736fcc7940/3173c3d6f33e6036498b9d07.json,13.222589999713819
02958343/18f6df600df7341ab0bbc6f39febba97,vggt,1,[0],1.7715416478833015,1.97134605283934,2.171150457795379,0.0,0.0,0.0,1.9953560356038242,0.0,0.0,0.0,0.0,0.0,0.0,camera_rotation_center_and_target_diameter_scale_single_view,7.086664935852103,0.0,10000,10000,True,True,True,/content/cv3d-project/data/cache/reconstruction/predictions/02958343/18f6df600df7341ab0bbc6f39febba97/3eeabc52e4eeade54d04a1d5.npz,65af46f8d617324edd04376f04273a7157e49371d64b31df6b13e6e496b6ff0f,/content/cv3d-project/data/cache/reconstruction/metrics/02958343/18f6df600df7341ab0bbc6f39febba97/a0740d602a15315af0bb151d.json,3.874774999985675
02958343/18f6df600df7341ab0bbc6f39febba97,vggt,2,"[0, 17]",0.27401821388566366,0.4808422853294977,0.6876663567733318,0.0,0.0,0.0,1.9953560356038242,0.0,0.0,0.0,0.0,0.0,0.0,camera_pose_sim3,0.3206613095036002,0.9977992613415906,10000,10000,True,False,True,/content/cv3d-project/data/cache/reconstruction/predictions/02958343/18f6df600df7341ab0bbc6f39febba97/dadf3901c8efa458be0f58b5.npz,6d7b73bb76de2a69a9a50ed0089d42621f26e8221a9814a0ff48401b87b8e495,/content/cv3d-project/data/cache/reconstruction/metrics/02958343/18f6df600df7341ab0bbc6f39febba97/5da480dedecb86122e2dcc24.json,11.936643000353797
02958343/18f6df600df7341ab0bbc6f39febba97,vggt,3,"[0, 17, 24]",2.5427871839244522,2.689580581700575,2.836373979476698,0.0,0.0,0.0,1.9953560356038242,0.0,0.0,0.0,0.0,0.0,0.0,camera_pose_sim3_positive_scale_fallback,2.7125311673797046,1.29316481661173,10000,10000,True,False,True,/content/cv3d-project/data/cache/reconstruction/predictions/02958343/18f6df600df7341ab0bbc6f39febba97/73bff36b1db4a3c9a179da46.npz,46285c88dbfc8adf61bd18784c8d322c1a0bdddd3856c87a756185f89b2bb6e0,/content/cv3d-project/data/cache/reconstruction/metrics/02958343/18f6df600df7341ab0bbc6f39febba97/ad3685bee8fed958f872cd02.json,12.19658200034246
02958343/18f6df600df7341ab0bbc6f39febba97,vggt,5,"[0, 17, 24, 42, 47]",0.10734957173598007,0.2997837958652712,0.49221801999456233,0.0,0.0,0.0,1.9953560356038242,0.0,0.0,0.0,0.0,0.0,0.0,camera_pose_sim3,0.11841469144668668,1.2626860196010143,10000,10000,True,False,True,/content/cv3d-project/data/cache/reconstruction/predictions/02958343/18f6df600df7341ab0bbc6f39febba97/ff82a1ba6656e8de640bd20a.npz,e560f4cec2456db39f3e3585ba10bcfce706000fec1d3336a5605e5863a813a2,/content/cv3d-project/data/cache/reconstruction/metrics/02958343/18f6df600df7341ab0bbc6f39febba97/dcd8754ed2332554f696c249.json,12.83657600015431
02958343/18f6df600df7341ab0bbc6f39febba97,vggt,10,"[0, 17, 24, 42, 47, 25, 33, 39, 31, 32]",0.547806893752194,0.6786461836143549,0.8094854734765159,0.0,0.0,0.0,1.9953560356038242,0.0,0.0,0.0,0.0,0.0,0.0,camera_pose_sim3,0.8318998851973132,1.1230525282313357,10000,10000,True,False,True,/content/cv3d-project/data/cache/reconstruction/predictions/02958343/18f6df600df7341ab0bbc6f39febba97/8c545137a72e51bd418825eb.npz,7a2a3df5a73ba6c7823e4d57d0249831eca909aae2a049c529c612a235118211,/content/cv3d-project/data/cache/reconstruction/metrics/02958343/18f6df600df7341ab0bbc6f39febba97/3e2a38fa2203447e4b350ff5.json,12.437823000254866
02958343/18ff13d7f181e7625fa21635eac9e4ed,vggt,1,[0],4.628199622035449,4.836202735286365,5.044205848537281,0.0,0.0,0.0,1.9561516054860955,0.0,0.0,0.0,0.0,0.0,0.0,camera_rotation_center_and_target_diameter_scale_single_view,12.863529990239517,0.0,10000,10000,True,True,True,/content/cv3d-project/data/cache/reconstruction/predictions/02958343/18ff13d7f181e7625fa21635eac9e4ed/59b12c8fde223bad95ce48df.npz,a9671dc6521a1223f0fc8b2fba9add7f28d2c40e59e417217266dce8f3bc2ccb,/content/cv3d-project/data/cache/reconstruction/metrics/02958343/18ff13d7f181e7625fa21635eac9e4ed/6d08bbb9b02d38ed9693729d.json,3.7872130001233018
02958343/18ff13d7f181e7625fa21635eac9e4ed,vggt,2,"[0, 4]",0.0344072759052377,0.18999687838293405,0.34558648086063043,0.23819591261451725,0.0011869565217391303,0.004134653465346534,1.9561516054860955,1.0,0.0039,0.0072,0.1352,0.0007,0.0029,camera_pose_sim3,2.009794285747045,0.02318137853424586,10000,10000,True,False,True,/content/cv3d-project/data/cache/reconstruction/predictions/02958343/18ff13d7f181e7625fa21635eac9e4ed/cd380598b0a91b07c8d716dd.npz,2206137d69820962cd9fe2eb7421d5aa4cd1f77be67c2e75485b087d3cb1022f,/content/cv3d-project/data/cache/reconstruction/metrics/02958343/18ff13d7f181e7625fa21635eac9e4ed/8f394ed1d6eaf9bf3cb9d4dd.json,12.20316900025864
02958343/18ff13d7f181e7625fa21635eac9e4ed,vggt,3,"[0, 4, 17]",0.018355575647675256,0.07650543936096334,0.13465530307425141,0.5586624387431537,0.037225999350016255,0.0848711002891493,1.9561516054860955,1.0,0.2878,0.6115,0.3876,0.0199,0.0456,camera_pose_sim3,2.52865866112694,0.17736806427190024,10000,10000,True,False,True,/content/cv3d-project/data/cache/reconstruction/predictions/02958343/18ff13d7f181e7625fa21635eac9e4ed/516e3665c92a64b5af29ab2c.npz,c42517061ee0641f45f2ceed01019440ac852918433e5e5e5ed7450ea0579ca3,/content/cv3d-project/data/cache/reconstruction/metrics/02958343/18ff13d7f181e7625fa21635eac9e4ed/8cced1837951c04009788594.json,11.629826999978832
02958343/18ff13d7f181e7625fa21635eac9e4ed,vggt,5,"[0, 4, 17, 25, 8]",0.024174239505866876,0.07265890579422912,0.12114357208259137,0.6378805421235443,0.039917396358000776,0.08626676002100472,1.9561516054860955,1.0,0.2363,0.5243,0.4683,0.0218,0.047,camera_pose_sim3,2.3090211536913903,0.2939251194681565,10000,10000,True,False,True,/content/cv3d-project/data/cache/reconstruction/predictions/02958343/18ff13d7f181e7625fa21635eac9e4ed/7aab855d6970c0e087517269.npz,455c81bb4205031f0432150c0bb415684036eef241a0b99219411bce24de3716,/content/cv3d-project/data/cache/reconstruction/metrics/02958343/18ff13d7f181e7625fa21635eac9e4ed/d1e7dc8c53f810fd4aef8c07.json,11.843759999919712
02958343/18ff13d7f181e7625fa21635eac9e4ed,vggt,10,"[0, 4, 17, 25, 8, 34, 42, 39, 45, 24]",0.27425725589672967,0.3301803009052246,0.38610334591371953,0.0,0.0,0.0,1.9561516054860955,0.0,0.0,0.0,0.0,0.0,0.0,camera_pose_sim3,2.2262304406506117,0.5341436334849611,10000,10000,True,False,True,/content/cv3d-project/data/cache/reconstruction/predictions/02958343/18ff13d7f181e7625fa21635eac9e4ed/fd0eb48281b3057b6e3f59c2.npz,731e7d676d2f296f425783a6c35215edd8f76c286e0b7bb441b86b58698f59d9,/content/cv3d-project/data/cache/reconstruction/metrics/02958343/18ff13d7f181e7625fa21635eac9e4ed/b96b0dfc8ed65e279848de29.json,13.498643999810156
02958343/19042f5a90290859441c11ab4641b257,vggt,1,[0],2.978538598142666,3.1857820990951646,3.393025600047663,0.0,0.0,0.0,1.9697443489558444,0.0,0.0,0.0,0.0,0.0,0.0,camera_rotation_center_and_target_diameter_scale_single_view,9.49144052027365,0.0,9514,10000,True,True,True,/content/cv3d-project/data/cache/reconstruction/predictions/02958343/19042f5a90290859441c11ab4641b257/d8909a60d7ac95e36adb68c3.npz,3acb811b4824d419331ca19aaf9daf5a82f96bf87a4fdbffd1f604fe51936cc7,/content/cv3d-project/data/cache/reconstruction/metrics/02958343/19042f5a90290859441c11ab4641b257/d8dd4f36c59bada81c0bb9b5.json,3.7607280000884202
02958343/19042f5a90290859441c11ab4641b257,vggt,2,"[0, 5]",0.670771460074686,0.8809611440827154,1.0911508280907447,0.0,0.0,0.0,1.9697443489558444,0.0,0.0,0.0,0.0,0.0,0.0,camera_pose_sim3,0.3904457071377632,0.29616368696093986,10000,10000,True,False,True,/content/cv3d-project/data/cache/reconstruction/predictions/02958343/19042f5a90290859441c11ab4641b257/77eaf87ba047babbc6f2689f.npz,697adf53e40b456920e0cb3712185f17b7fb443f92c141280379bff348e9fa64,/content/cv3d-project/data/cache/reconstruction/metrics/02958343/19042f5a90290859441c11ab4641b257/97530a84b80767de8d947e73.json,12.083609999990585
02958343/19042f5a90290859441c11ab4641b257,vggt,3,"[0, 5, 31]",0.023071061820133545,0.09887122434204401,0.17467138686395448,0.43051086871223415,0.010092502258355918,0.035411995451961345,1.9697443489558444,1.0,0.1054,0.3331,0.2743,0.0053,0.0187,camera_pose_sim3,2.1157863639090406,0.10601417443909351,10000,10000,True,False,True,/content/cv3d-project/data/cache/reconstruction/predictions/02958343/19042f5a90290859441c11ab4641b257/530bf3aa80ad037e7c2fce66.npz,6e3c8ecf63af9ebe3435414a8e9804661c4474689e6c23afcd8be941ef9dabf7,/content/cv3d-project/data/cache/reconstruction/metrics/02958343/19042f5a90290859441c11ab4641b257/c6573703d5b5a396ddad2277.json,11.921219000214478
02958343/19042f5a90290859441c11ab4641b257,vggt,5,"[0, 5, 31, 17, 24]",0.01827295925663298,0.0586276616210022,0.09898236398537141,0.6954536559911291,0.07724110366168127,0.18656700480512547,1.9697443489558444,1.0,0.3443,0.64,0.5331,0.0435,0.1092,camera_pose_sim3,2.4209705463838413,0.09020822861553983,10000,10000,True,False,True,/content/cv3d-project/data/cache/reconstruction/predictions/02958343/19042f5a90290859441c11ab4641b257/a5dc15ba282bf8eb757262de.npz,0196e171971fe7a032b027f39cc22dee4fc335eb7d73805fc43f9aa324b379ca,/content/cv3d-project/data/cache/reconstruction/metrics/02958343/19042f5a90290859441c11ab4641b257/76848c1c8643c0b97959e327.json,12.491260999922815
02958343/19042f5a90290859441c11ab4641b257,vggt,10,"[0, 5, 31, 17, 24, 22, 9, 14, 32, 39]",0.022688977097551997,0.05422137050833355,0.0857537639191151,0.8083179407734016,0.07537113172541744,0.16951600065778655,1.9697443489558444,1.0,0.2242,0.5063,0.6783,0.0453,0.1018,camera_pose_sim3,2.3478315413646764,0.12229435199468995,10000,10000,True,False,True,/content/cv3d-project/data/cache/reconstruction/predictions/02958343/19042f5a90290859441c11ab4641b257/b3d78d31d4389540291bf371.npz,84fc3f8525dfaa82ae9f4c733748941a2a2386f12a9c4ad596d52621be278004,/content/cv3d-project/data/cache/reconstruction/metrics/02958343/19042f5a90290859441c11ab4641b257/703f64d2081ecfe28a60b7a7.json,13.54626600004849
02958343/191f9cd970e5b0cc174ee7ebab9d8065,vggt,1,[0],3.448072247227571,3.6660545404382416,3.8840368336489126,0.0,0.0,0.0,1.9794822958771268,0.0,0.0,0.0,0.0,0.0,0.0,camera_rotation_center_and_target_diameter_scale_single_view,10.677584196350876,0.0,8526,10000,True,True,True,/content/cv3d-project/data/cache/reconstruction/predictions/02958343/191f9cd970e5b0cc174ee7ebab9d8065/03291fc5646eccdfdc48c185.npz,cd78c0375276d197e8870de2eddeabe703dabefd2f151a85111c920b489cb004,/content/cv3d-project/data/cache/reconstruction/metrics/02958343/191f9cd970e5b0cc174ee7ebab9d8065/dfc4831958d74b37376e7000.json,3.70082299968999
02958343/191f9cd970e5b0cc174ee7ebab9d8065,vggt,2,"[0, 5]",0.3506047022488709,0.537238360526378,0.7238720188038851,0.0,0.0,0.0,1.9794822958771268,0.0,0.0,0.0,0.0,0.0,0.0,camera_pose_sim3,1.3006049278973437,0.0045130179586578886,10000,10000,True,False,True,/content/cv3d-project/data/cache/reconstruction/predictions/02958343/191f9cd970e5b0cc174ee7ebab9d8065/6980f5164eaff0c3a07f68c6.npz,af9f1133bb6666d29533eaae9bfec2720a3e0c12f0086c7bf7d17827866041cd,/content/cv3d-project/data/cache/reconstruction/metrics/02958343/191f9cd970e5b0cc174ee7ebab9d8065/dea616cc94af2d08619cc2af.json,12.561824000385968
02958343/191f9cd970e5b0cc174ee7ebab9d8065,vggt,3,"[0, 5, 17]",0.02633204395402119,0.08253540572245192,0.13873876749088265,0.5168906955599334,0.042651986475063394,0.08434885941644561,1.9794822958771268,0.9671,0.2129,0.5196,0.3527,0.0237,0.0459,camera_pose_sim3,2.7271552415631612,0.1435100674442188,10000,10000,True,False,True,/content/cv3d-project/data/cache/reconstruction/predictions/02958343/191f9cd970e5b0cc174ee7ebab9d8065/b728dcfb4a04059dbc4dabe6.npz,a7f97c0b15ec00508945b6f9e46b2147cdbd186509deb0b8e72ed65a11ab9a25,/content/cv3d-project/data/cache/reconstruction/metrics/02958343/191f9cd970e5b0cc174ee7ebab9d8065/eeb1b8757614248385cb568f.json,12.921487999847159
02958343/191f9cd970e5b0cc174ee7ebab9d8065,vggt,5,"[0, 5, 17, 31, 25]",0.02535402935311912,0.07541254462327553,0.12547105989343194,0.5988197754385965,0.07344256559766764,0.1431696718700223,1.9794822958771268,0.9971,0.2661,0.5454,0.4279,0.0426,0.0824,camera_pose_sim3,2.7282491047477726,0.15732304535306685,10000,10000,True,False,True,/content/cv3d-project/data/cache/reconstruction/predictions/02958343/191f9cd970e5b0cc174ee7ebab9d8065/5637db45773950323fa848b9.npz,6dceb31a09e979b64ea28b740f8050c1a2a640d4db984598535e2a58d0b2475b,/content/cv3d-project/data/cache/reconstruction/metrics/02958343/191f9cd970e5b0cc174ee7ebab9d8065/7b457dc3dd792c3d87386678.json,12.372064999908616
02958343/191f9cd970e5b0cc174ee7ebab9d8065,vggt,10,"[0, 5, 17, 31, 25, 39, 8, 34, 32, 24]",0.016981389460294406,0.05159303713723956,0.08620468481418471,0.8129859338833165,0.10382614942528735,0.23290159798149707,1.9794822958771268,1.0,0.2845,0.6923,0.6849,0.0635,0.14,camera_pose_sim3,2.5902374488638205,0.23296719019748166,10000,10000,True,False,True,/content/cv3d-project/data/cache/reconstruction/predictions/02958343/191f9cd970e5b0cc174ee7ebab9d8065/28b8337e84445ed8f3260809.npz,5d006de7890781ac2129413e4a82673fe12e6f76292bd7575d617a2b82c2a0f1,/content/cv3d-project/data/cache/reconstruction/metrics/02958343/191f9cd970e5b0cc174ee7ebab9d8065/4f6cd57818f33516945b32ed.json,13.347268999950757
02958343/19245fb8ee79038fcd059a326bfe20ef,vggt,1,[0],2.52767140612271,2.7351406914274476,2.9426099767321854,0.0,0.0,0.0,1.9904325335773867,0.0,0.0,0.0,0.0,0.0,0.0,camera_rotation_center_and_target_diameter_scale_single_view,8.79508791871156,0.0,10000,10000,True,True,True,/content/cv3d-project/data/cache/reconstruction/predictions/02958343/19245fb8ee79038fcd059a326bfe20ef/50ddc4a8560f8aabb6f3f7ee.npz,e7fba1c68d9912cf36622a082069b15c1fd14dc55777247229c2fb11db0cf9b4,/content/cv3d-project/data/cache/reconstruction/metrics/02958343/19245fb8ee79038fcd059a326bfe20ef/499b816f9c8e32c403703bde.json,3.781577999689034
02958343/19245fb8ee79038fcd059a326bfe20ef,vggt,2,"[0, 19]",0.4886737072583368,0.6925487001768261,0.8964236930953154,0.0,0.0,0.0,1.9904325335773867,0.0,0.0,0.0,0.0,0.0,0.0,camera_pose_sim3,0.2904562070673402,0.8024088310449559,10000,10000,True,False,True,/content/cv3d-project/data/cache/reconstruction/predictions/02958343/19245fb8ee79038fcd059a326bfe20ef/32db8b8dd901785ada855b49.npz,a7f28f391438e2bebc815be4fd3256a77393f16deb1f3620e46148157047afb9,/content/cv3d-project/data/cache/reconstruction/metrics/02958343/19245fb8ee79038fcd059a326bfe20ef/e74ba525ab67d2352d172eef.json,13.099275000058697
02958343/19245fb8ee79038fcd059a326bfe20ef,vggt,3,"[0, 19, 26]",0.4803718957714723,0.5449364249670781,0.6095009541626838,0.0,0.0,0.0,1.9904325335773867,0.0,0.0,0.0,0.0,0.0,0.0,camera_pose_sim3,2.0294207815162584,0.6865036187729187,10000,10000,True,False,True,/content/cv3d-project/data/cache/reconstruction/predictions/02958343/19245fb8ee79038fcd059a326bfe20ef/80bead8231afbb4993331f7a.npz,6a09c01da532ddc0cd82bbc02d0c5a3237bbd3263d6f759e8020d6ad5761e123,/content/cv3d-project/data/cache/reconstruction/metrics/02958343/19245fb8ee79038fcd059a326bfe20ef/5da8cb5846764ec3480c4189.json,12.54314500010878
02958343/19245fb8ee79038fcd059a326bfe20ef,vggt,5,"[0, 19, 26, 18, 25]",1.3944239194380674,1.4958184951538511,1.5972130708696346,0.0,0.0,0.0,1.9904325335773867,0.0,0.0,0.0,0.0,0.0,0.0,camera_pose_sim3_positive_scale_fallback,1.5843878070380575,0.8782446349548225,10000,10000,True,False,True,/content/cv3d-project/data/cache/reconstruction/predictions/02958343/19245fb8ee79038fcd059a326bfe20ef/2e66f8959c6dacb61abb6bba.npz,8da2a57435986be7d7a4564e04d04171a5bbe728ea0e62c380bc69e32efa191b,/content/cv3d-project/data/cache/reconstruction/metrics/02958343/19245fb8ee79038fcd059a326bfe20ef/5690ac7d10cc3cd71caf9326.json,12.521258000106172
02958343/19245fb8ee79038fcd059a326bfe20ef,vggt,10,"[0, 19, 26, 18, 25, 33, 40, 32, 44, 24]",0.9474849694054772,0.9911973323398142,1.0349096952741512,0.0,0.0,0.0,1.9904325335773867,0.0,0.0,0.0,0.0,0.0,0.0,camera_pose_sim3,2.553471129322661,0.7865415639284098,10000,10000,True,False,True,/content/cv3d-project/data/cache/reconstruction/predictions/02958343/19245fb8ee79038fcd059a326bfe20ef/823be0287edc26af4e1adc9e.npz,1bcaef3cdb834fb37a2c5630ac15945d1169abeb78954605f0241ea016bc0b0c,/content/cv3d-project/data/cache/reconstruction/metrics/02958343/19245fb8ee79038fcd059a326bfe20ef/ec2faf0f17a269dddbea486e.json,13.391157000114617
02958343/198d8e274c59511b36a1a31af8f59,vggt,1,[0],3.5966054389957764,3.808982353870694,4.021359268745612,0.0,0.0,0.0,1.987830027454979,0.0,0.0,0.0,0.0,0.0,0.0,camera_rotation_center_and_target_diameter_scale_single_view,10.906572036413305,0.0,9342,10000,True,True,True,/content/cv3d-project/data/cache/reconstruction/predictions/02958343/198d8e274c59511b36a1a31af8f59/7c81c2d7fa3d6bd95bc5e04a.npz,a137febf7f7ac31b44e0ae0fd573334a52350fd534e04f5102259f5807c58644,/content/cv3d-project/data/cache/reconstruction/metrics/02958343/198d8e274c59511b36a1a31af8f59/b876651808f0daeba7287336.json,3.6395619999893825
02958343/198d8e274c59511b36a1a31af8f59,vggt,2,"[0, 4]",0.01001754091094917,0.20451663781664545,0.3990157347223417,0.197548666186013,0.027009121936084395,0.04600094725511302,1.987830027454979,1.0,0.6308,0.9054,0.1096,0.0138,0.0236,camera_pose_sim3,1.9224839043699098,0.020778961856950575,10000,10000,True,False,True,/content/cv3d-project/data/cache/reconstruction/predictions/02958343/198d8e274c59511b36a1a31af8f59/953b8c93eaa79ab3d0cbb7a0.npz,9aa1f74bcb29f22312e4f9f643e0e10703318f16fb1659510975773cc4e25654,/content/cv3d-project/data/cache/reconstruction/metrics/02958343/198d8e274c59511b36a1a31af8f59/a3c11ca76fe568cab9d4f57b.json,12.05044199969052
02958343/198d8e274c59511b36a1a31af8f59,vggt,3,"[0, 4, 9]",0.540258258286179,0.6045649054438789,0.6688715526015787,0.0,0.0,0.0,1.987830027454979,0.0,0.0,0.0,0.0,0.0,0.0,camera_pose_sim3,2.512630556622654,0.5360792246845635,10000,10000,True,False,True,/content/cv3d-project/data/cache/reconstruction/predictions/02958343/198d8e274c59511b36a1a31af8f59/d30e8c4251c1c66ed2e09cf1.npz,c2d74e164b9c380dc1a9377a911a289b43a602cb44c7609820d36978268f233b,/content/cv3d-project/data/cache/reconstruction/metrics/02958343/198d8e274c59511b36a1a31af8f59/c51631b8c571eb89e9874e59.json,12.548969999897963
02958343/198d8e274c59511b36a1a31af8f59,vggt,5,"[0, 4, 9, 18, 25]",0.2980748235660716,0.41974008978569427,0.5414053560053169,0.0,0.0,0.0,1.987830027454979,0.0,0.0,0.0,0.0,0.0,0.0,camera_pose_sim3,1.0455758612890877,0.9126290230396203,10000,10000,True,False,True,/content/cv3d-project/data/cache/reconstruction/predictions/02958343/198d8e274c59511b36a1a31af8f59/9cd16e1f0c693bfc1848121d.npz,f799952faac1710a01bd119467be1587d1e5a4e906f9a2c283f646fa323c8c2c,/content/cv3d-project/data/cache/reconstruction/metrics/02958343/198d8e274c59511b36a1a31af8f59/1c6a46142943d637a895e407.json,12.900140000056126
02958343/198d8e274c59511b36a1a31af8f59,vggt,10,"[0, 4, 9, 18, 25, 17, 47, 42, 34, 39]",0.6391638925739338,0.6678457133301665,0.6965275340863992,0.0,0.0,0.0,1.987830027454979,0.0,0.0,0.0,0.0,0.0,0.0,camera_pose_sim3,2.51367432564014,0.6752453206045246,10000,10000,True,False,True,/content/cv3d-project/data/cache/reconstruction/predictions/02958343/198d8e274c59511b36a1a31af8f59/c1c74feac7f6c1b7fcc7c40f.npz,e6e9bc404bd9a1ff5e881ead9f0ff719ed67d9cdf02b33bb42e18a392f90b4d1,/content/cv3d-project/data/cache/reconstruction/metrics/02958343/198d8e274c59511b36a1a31af8f59/aa274e0c80613582b377f31b.json,12.91502699996272
02958343/19c25429d34ce9748c844a5e3a5e1a93,vggt,1,[0],3.347329182784127,3.5703670495726234,3.793404916361119,0.0,0.0,0.0,1.996770421798211,0.0,0.0,0.0,0.0,0.0,0.0,camera_rotation_center_and_target_diameter_scale_single_view,10.476856529268527,0.0,8937,10000,True,True,True,/content/cv3d-project/data/cache/reconstruction/predictions/02958343/19c25429d34ce9748c844a5e3a5e1a93/dfeea53a77126322bba78423.npz,c658516fd4a2ccccc9c70d40f081ebfa2fb7d950a2d1b0f1d289e09adf54d9f7,/content/cv3d-project/data/cache/reconstruction/metrics/02958343/19c25429d34ce9748c844a5e3a5e1a93/b17d54543154045509e81896.json,3.723639000327239
02958343/19c25429d34ce9748c844a5e3a5e1a93,vggt,2,"[0, 18]",0.4632760835115461,0.551523279203044,0.639770474894542,0.0,0.0,0.0,1.996770421798211,0.0,0.0,0.0,0.0,0.0,0.0,camera_pose_sim3,2.582049760336954,0.6229225322586558,10000,10000,True,False,True,/content/cv3d-project/data/cache/reconstruction/predictions/02958343/19c25429d34ce9748c844a5e3a5e1a93/62df0c99e4ebda8c37f360c9.npz,e60f77a493e2464a28a4c374576bbee0a939cb2aed5a0b990bca4bd8d275f7e8,/content/cv3d-project/data/cache/reconstruction/metrics/02958343/19c25429d34ce9748c844a5e3a5e1a93/9e19b59594cf10303a4e0c1f.json,12.878933999672881
02958343/19c25429d34ce9748c844a5e3a5e1a93,vggt,3,"[0, 18, 25]",0.08090229498846879,0.19251598887334398,0.30412968275821917,0.09869023073146785,0.0,0.0,1.996770421798211,0.9665,0.0,0.0,0.052,0.0,0.0,camera_pose_sim3,1.1374460930204298,0.9142867645484409,10000,10000,True,False,True,/content/cv3d-project/data/cache/reconstruction/predictions/02958343/19c25429d34ce9748c844a5e3a5e1a93/419d8d8c235fb9dbf9dcdfee.npz,00617f613bf3cd5c0a17d3aff1319d28f0650a41834b428e1793a63ff1c96269,/content/cv3d-project/data/cache/reconstruction/metrics/02958343/19c25429d34ce9748c844a5e3a5e1a93/6f2e7735c52b62591f34260f.json,11.796775999755482
02958343/19c25429d34ce9748c844a5e3a5e1a93,vggt,5,"[0, 18, 25, 33, 44]",1.1838053022213244,1.2469715796096839,1.3101378569980433,0.0,0.0,0.0,1.996770421798211,0.0,0.0,0.0,0.0,0.0,0.0,camera_pose_sim3,2.006803321289294,1.1538758111477687,10000,10000,True,False,True,/content/cv3d-project/data/cache/reconstruction/predictions/02958343/19c25429d34ce9748c844a5e3a5e1a93/2dad7bd46cec67b1b14c40c7.npz,41af8c0e74276b6631a82293d4d2b400fb94f0ca5ce017efec5f485978c3b384,/content/cv3d-project/data/cache/reconstruction/metrics/02958343/19c25429d34ce9748c844a5e3a5e1a93/9b370bef276a2c3b47a9a65e.json,11.889034999967407
02958343/19c25429d34ce9748c844a5e3a5e1a93,vggt,10,"[0, 18, 25, 33, 44, 36, 23, 31, 16, 24]",0.3726987260122517,0.42163154189074536,0.470564357769239,0.0,0.0,0.0,1.996770421798211,0.0,0.0,0.0,0.0,0.0,0.0,camera_pose_sim3,2.6216682054253844,0.38431419766712954,10000,10000,True,False,True,/content/cv3d-project/data/cache/reconstruction/predictions/02958343/19c25429d34ce9748c844a5e3a5e1a93/d8335f357615914024b8352e.npz,575a6569aa31495aff4a8db022aac4658f98c9e94b0f3710c4d8c32cef9476a6,/content/cv3d-project/data/cache/reconstruction/metrics/02958343/19c25429d34ce9748c844a5e3a5e1a93/f217c0adddd1cc067cd0df32.json,13.552230000186682
02958343/19d35f3e0c0b402125ddb89f02fe6cc0,vggt,1,[0],6.230329106523077,6.441500974053367,6.652672841583657,0.0,0.0,0.0,1.9490899293137516,0.0,0.0,0.0,0.0,0.0,0.0,camera_rotation_center_and_target_diameter_scale_single_view,15.88700445692816,0.0,9521,10000,True,True,True,/content/cv3d-project/data/cache/reconstruction/predictions/02958343/19d35f3e0c0b402125ddb89f02fe6cc0/c3bf095c6952cdf75298964b.npz,e1d965ef89e74ee7c6f700cdb81b7899702ee887d6b97fe4d9a93c2a1cb5d354,/content/cv3d-project/data/cache/reconstruction/metrics/02958343/19d35f3e0c0b402125ddb89f02fe6cc0/3dc4988b81dccecf11f5c41a.json,3.901514000062889
02958343/19d35f3e0c0b402125ddb89f02fe6cc0,vggt,2,"[0, 9]",0.382018236847878,0.5695352775108962,0.7570523181739143,0.0,0.0,0.0,1.9490899293137516,0.0,0.0,0.0,0.0,0.0,0.0,camera_pose_sim3,1.1413547356486695,0.5795750662486829,10000,10000,True,False,True,/content/cv3d-project/data/cache/reconstruction/predictions/02958343/19d35f3e0c0b402125ddb89f02fe6cc0/27a867f381478715f12c2eac.npz,2e596b1f3d415bb5241f33dda2c28e4afd3826ad58d65eece6438725f7a5532e,/content/cv3d-project/data/cache/reconstruction/metrics/02958343/19d35f3e0c0b402125ddb89f02fe6cc0/b63039d00695d70c53c188b7.json,12.260121000053914
02958343/19d35f3e0c0b402125ddb89f02fe6cc0,vggt,3,"[0, 9, 18]",0.2708441896817385,0.41992199907203487,0.5689998084623312,0.0,0.0,0.0,1.9490899293137516,0.0,0.0,0.0,0.0,0.0,0.0,camera_pose_sim3,1.1608429329748366,0.700111609404256,10000,10000,True,False,True,/content/cv3d-project/data/cache/reconstruction/predictions/02958343/19d35f3e0c0b402125ddb89f02fe6cc0/3f28dddd6c8edc647381b61c.npz,5772ef6039396814bd1284897850d4eb90030d93aca9fce08f5a95a82aeedc91,/content/cv3d-project/data/cache/reconstruction/metrics/02958343/19d35f3e0c0b402125ddb89f02fe6cc0/84acb80659aef03f6a4fb119.json,12.554428999919764
02958343/19d35f3e0c0b402125ddb89f02fe6cc0,vggt,5,"[0, 9, 18, 17, 25]",0.36755574077707803,0.4638033512136066,0.5600509616501352,0.0,0.0,0.0,1.9490899293137516,0.0,0.0,0.0,0.0,0.0,0.0,camera_pose_sim3,1.1062704402030241,0.7842329806104202,10000,10000,True,False,True,/content/cv3d-project/data/cache/reconstruction/predictions/02958343/19d35f3e0c0b402125ddb89f02fe6cc0/b9ba75e74b3bfa36103b1e06.npz,03ef3c3999046a73791f2ab1694f8cd47b92e2759de1b71caab02862ed77fd09,/content/cv3d-project/data/cache/reconstruction/metrics/02958343/19d35f3e0c0b402125ddb89f02fe6cc0/844a666e2bcc782978b4f2be.json,11.787763000029372
02958343/19d35f3e0c0b402125ddb89f02fe6cc0,vggt,10,"[0, 9, 18, 17, 25, 47, 42, 39, 32, 24]",0.2996675008075487,0.38479331818888723,0.46991913557022574,0.0,0.0,0.0,1.9490899293137516,0.0,0.0,0.0,0.0,0.0,0.0,camera_pose_sim3,2.3341214236659,0.5275303501649188,10000,10000,True,False,True,/content/cv3d-project/data/cache/reconstruction/predictions/02958343/19d35f3e0c0b402125ddb89f02fe6cc0/e7feb9876ca0fc82b0c6e85b.npz,3ae49982260d4894e1a1429b22d4d87d4c1eade1969150a271afb6969c4d8bb2,/content/cv3d-project/data/cache/reconstruction/metrics/02958343/19d35f3e0c0b402125ddb89f02fe6cc0/2966902dae052b3d7ce78efe.json,12.807433000034507
02958343/19d49c8015948b742d60c8689a64d7a0,vggt,1,[0],4.950854116810004,5.154386386517984,5.357918656225965,0.0,0.0,0.0,1.990372900397478,0.0,0.0,0.0,0.0,0.0,0.0,camera_rotation_center_and_target_diameter_scale_single_view,13.61524209759674,0.0,10000,10000,True,True,True,/content/cv3d-project/data/cache/reconstruction/predictions/02958343/19d49c8015948b742d60c8689a64d7a0/a6c72b65c0db9832989ee6bb.npz,9be543866150602e2ece9d52385747c203b19ee974a655865147c3161481884f,/content/cv3d-project/data/cache/reconstruction/metrics/02958343/19d49c8015948b742d60c8689a64d7a0/659528f90d1d76515d21052c.json,3.870688999995764
02958343/19d49c8015948b742d60c8689a64d7a0,vggt,2,"[0, 5]",0.8878955026685921,1.0772632112762124,1.2666309198838326,0.0,0.0,0.0,1.990372900397478,0.0,0.0,0.0,0.0,0.0,0.0,camera_pose_sim3,0.7511279128913272,0.03762333355237051,10000,10000,True,False,True,/content/cv3d-project/data/cache/reconstruction/predictions/02958343/19d49c8015948b742d60c8689a64d7a0/4fc504322d1b3beca47f7f6e.npz,6efae4fb53aba90f16bb66a4611462bf6050a34563ad320a4e2b077a84be467b,/content/cv3d-project/data/cache/reconstruction/metrics/02958343/19d49c8015948b742d60c8689a64d7a0/76a41c48c4b44d07c4e5035a.json,12.373867999940558
02958343/19d49c8015948b742d60c8689a64d7a0,vggt,3,"[0, 5, 17]",0.3923567792741722,0.49596535579663115,0.5995739323190901,0.0,0.0,0.0,1.990372900397478,0.0,0.0,0.0,0.0,0.0,0.0,camera_pose_sim3,1.993319134337281,0.4350426938991872,10000,10000,True,False,True,/content/cv3d-project/data/cache/reconstruction/predictions/02958343/19d49c8015948b742d60c8689a64d7a0/71b46f71f6ed9f116ae60aa1.npz,d0fe97a9a5e1225ec8b9be39c9f5f464f3026378425654ab2916a44e800ed859,/content/cv3d-project/data/cache/reconstruction/metrics/02958343/19d49c8015948b742d60c8689a64d7a0/32258190ee88fb801eda2cee.json,12.106582999876991
02958343/19d49c8015948b742d60c8689a64d7a0,vggt,5,"[0, 5, 17, 24, 31]",0.045746521411133584,0.102540501936679,0.15933448246222442,0.4342721643019519,0.007948051948051949,0.04017270386266095,1.990372900397478,0.9982,0.018,0.0907,0.2775,0.0051,0.0258,camera_pose_sim3,2.261402903051835,0.1603909977196988,10000,10000,True,False,True,/content/cv3d-project/data/cache/reconstruction/predictions/02958343/19d49c8015948b742d60c8689a64d7a0/6c1021f2495c418ce5894508.npz,1b50415d9118d18da28a5a3fb6160871d7fb841a6f3f4fb467b9fccf323e89e5,/content/cv3d-project/data/cache/reconstruction/metrics/02958343/19d49c8015948b742d60c8689a64d7a0/7270fdbe7e9432e24ee27cd8.json,13.455043999783811
02958343/19d49c8015948b742d60c8689a64d7a0,vggt,10,"[0, 5, 17, 24, 31, 25, 33, 38, 8, 16]",0.027948785171357668,0.09585887803241006,0.16376897089346243,0.36918558143362684,0.038575135135135136,0.08816287878787879,1.990372900397478,0.9881,0.1252,0.3724,0.227,0.0228,0.05,camera_pose_sim3,2.414996176855802,0.21425139841299667,10000,10000,True,False,True,/content/cv3d-project/data/cache/reconstruction/predictions/02958343/19d49c8015948b742d60c8689a64d7a0/1e9c91b65a438ce38f56fb56.npz,010aab3124bf5d20ab27033766e8d0fc3fb3b88ef2d11f48f301436bf961422a,/content/cv3d-project/data/cache/reconstruction/metrics/02958343/19d49c8015948b742d60c8689a64d7a0/40fe83eb3d4fe2f9366b3d07.json,12.774935999914305
02958343/1a0bc9ab92c915167ae33d942430658c,vggt,1,[0],4.117391486302278,4.322532716973376,4.527673947644473,0.0,0.0,0.0,1.983308976371416,0.0,0.0,0.0,0.0,0.0,0.0,camera_rotation_center_and_target_diameter_scale_single_view,11.861664732074983,0.0,10000,10000,True,True,True,/content/cv3d-project/data/cache/reconstruction/predictions/02958343/1a0bc9ab92c915167ae33d942430658c/973408fb33d275bc45da1e5b.npz,76b3882c34717a20d1f4869a964f11ee1f4a7da5cbe4e407cab192314e84b4fe,/content/cv3d-project/data/cache/reconstruction/metrics/02958343/1a0bc9ab92c915167ae33d942430658c/b8b89cd2ba16056274030c28.json,3.9086870001483476
02958343/1a0bc9ab92c915167ae33d942430658c,vggt,2,"[0, 4]",0.02724461908488525,0.2068393894207804,0.38643415975667555,0.1537893473645343,0.004417586206896551,0.020343271063667557,1.983308976371416,1.0,0.0557,0.2517,0.0833,0.0023,0.0106,camera_pose_sim3,1.9440866940931183,0.01378092897055023,10000,10000,True,False,True,/content/cv3d-project/data/cache/reconstruction/predictions/02958343/1a0bc9ab92c915167ae33d942430658c/f688f66f7fcd335cf151eb48.npz,44a287b558e5aacc0d666a3c092012d3f42913828fe6059ab77e5c5ed1ffb3a0,/content/cv3d-project/data/cache/reconstruction/metrics/02958343/1a0bc9ab92c915167ae33d942430658c/ab75c08a18ebf7f0766d6659.json,12.621979999948962
02958343/1a0bc9ab92c915167ae33d942430658c,vggt,3,"[0, 4, 25]",0.10295997618942929,0.17103404858626026,0.23910812098309123,0.1388030003947888,0.001088,0.005024193548387097,1.983308976371416,0.4236,0.0017,0.0089,0.083,0.0008,0.0035,camera_pose_sim3,2.666705993200401,0.2846207383594152,10000,10000,True,False,True,/content/cv3d-project/data/cache/reconstruction/predictions/02958343/1a0bc9ab92c915167ae33d942430658c/37840d45847d018c862777d5.npz,d7690bb7306aaf6db024c3bf5305c747e4bfff9f857bb8ca6873c4d73d12b371,/content/cv3d-project/data/cache/reconstruction/metrics/02958343/1a0bc9ab92c915167ae33d942430658c/64b66c08a9e8525c625efe08.json,11.553874000128417
02958343/1a0bc9ab92c915167ae33d942430658c,vggt,5,"[0, 4, 25, 18, 33]",0.06643846454383259,0.11436392606521117,0.16228938758658976,0.3675342000662471,0.009071583514099783,0.025762121212121212,1.983308976371416,0.9815,0.041,0.1041,0.2261,0.0051,0.0147,camera_pose_sim3,2.5009384851442404,0.13645038724587732,10000,10000,True,False,True,/content/cv3d-project/data/cache/reconstruction/predictions/02958343/1a0bc9ab92c915167ae33d942430658c/08352e98aa9a85f4b69102e8.npz,cecbde2b9f1d2565bd874a64d1f77a129b1fd6857a3af6460911b977577a1b2c,/content/cv3d-project/data/cache/reconstruction/metrics/02958343/1a0bc9ab92c915167ae33d942430658c/c2600fa1e27cb7356be3640a.json,12.777098000242404
02958343/1a0bc9ab92c915167ae33d942430658c,vggt,10,"[0, 4, 25, 18, 33, 39, 31, 24, 32, 44]",0.020476231328029136,0.06722073439938978,0.11396523747075042,0.6030593001327094,0.06426016260162601,0.16117557251908396,1.983308976371416,1.0,0.208,0.5474,0.4317,0.038,0.0945,camera_pose_sim3,2.4922981985406327,0.1327083860937184,10000,10000,True,False,True,/content/cv3d-project/data/cache/reconstruction/predictions/02958343/1a0bc9ab92c915167ae33d942430658c/ce921f89d46a817a231cd5b4.npz,fd62e3b12ecb23762d707d185473d764da18b4f877138833828b7d515a376940,/content/cv3d-project/data/cache/reconstruction/metrics/02958343/1a0bc9ab92c915167ae33d942430658c/35b9bcec27e6f072fb608358.json,13.458120999985113
02958343/1a3782ae4bd711b66b418c7d9fedcaa9,vggt,1,[0],1.2843836968953946,1.488814046432215,1.6932443959690353,0.0,0.0,0.0,1.9969478257245012,0.0,0.0,0.0,0.0,0.0,0.0,camera_rotation_center_and_target_diameter_scale_single_view,6.229172302449686,0.0,10000,10000,True,True,True,/content/cv3d-project/data/cache/reconstruction/predictions/02958343/1a3782ae4bd711b66b418c7d9fedcaa9/6a41e97de6f139f1e4aec179.npz,3abf96b87a6af5b5bb3e2e5f7ed1e7403446864bde7e3745c7baa78697380e45,/content/cv3d-project/data/cache/reconstruction/metrics/02958343/1a3782ae4bd711b66b418c7d9fedcaa9/1b2a757c21fe288ea61d0fcc.json,3.9457230000152776
02958343/1a3782ae4bd711b66b418c7d9fedcaa9,vggt,2,"[0, 25]",1.663383390062455,1.7545974149458028,1.8458114398291505,0.0,0.0,0.0,1.9969478257245012,0.0,0.0,0.0,0.0,0.0,0.0,camera_pose_sim3_positive_scale_fallback,3.224016583435894,6.031703618426091e-16,10000,10000,True,False,True,/content/cv3d-project/data/cache/reconstruction/predictions/02958343/1a3782ae4bd711b66b418c7d9fedcaa9/a072c0e340cfb46da20ce5e6.npz,ee7f89332d53c7550b8e57fd6b46dbcb6020f1be97cc905a237a0cb825dbb672,/content/cv3d-project/data/cache/reconstruction/metrics/02958343/1a3782ae4bd711b66b418c7d9fedcaa9/4cbef9ae09b892783ba4993c.json,12.264847999631456
02958343/1a3782ae4bd711b66b418c7d9fedcaa9,vggt,3,"[0, 25, 33]",0.30794686171329205,0.39128801764452076,0.47462917357574946,0.0,0.0,0.0,1.9969478257245012,0.0,0.0,0.0,0.0,0.0,0.0,camera_pose_sim3,1.4332935023586466,1.0913465098865514,10000,10000,True,False,True,/content/cv3d-project/data/cache/reconstruction/predictions/02958343/1a3782ae4bd711b66b418c7d9fedcaa9/53c97724a2f4954524feac25.npz,523d32c32532f852c1bd7addd5a6e863a255495376bef53e8e2f7852ec3d0c33,/content/cv3d-project/data/cache/reconstruction/metrics/02958343/1a3782ae4bd711b66b418c7d9fedcaa9/daf8c4632adfd927206e35a9.json,11.4430970002104
02958343/1a3782ae4bd711b66b418c7d9fedcaa9,vggt,5,"[0, 25, 33, 43, 35]",1.6640560417248345,1.714554523567942,1.7650530054110496,0.0,0.0,0.0,1.9969478257245012,0.0,0.0,0.0,0.0,0.0,0.0,camera_pose_sim3,2.93810217803766,0.9867299137066543,10000,10000,True,False,True,/content/cv3d-project/data/cache/reconstruction/predictions/02958343/1a3782ae4bd711b66b418c7d9fedcaa9/04c388b01bef0b3d4bd3d9be.npz,8b244270b756ab664e2c0ed9801daf826a6db5b1e521bb0a0ae4a42d99097a15,/content/cv3d-project/data/cache/reconstruction/metrics/02958343/1a3782ae4bd711b66b418c7d9fedcaa9/47936ed26650172106812e57.json,11.755248000099527
02958343/1a3782ae4bd711b66b418c7d9fedcaa9,vggt,10,"[0, 25, 33, 43, 35, 18, 28, 10, 31, 23]",0.03322211890261585,0.050262446730160934,0.06730277455770602,0.8917265842434995,0.08077747252747253,0.2157109967051071,1.9969478257245012,0.9974,0.1215,0.3239,0.8063,0.0605,0.1617,camera_pose_sim3,2.605372293645274,0.20353251106548176,10000,10000,True,False,True,/content/cv3d-project/data/cache/reconstruction/predictions/02958343/1a3782ae4bd711b66b418c7d9fedcaa9/641d01db768b7618d01a9483.npz,d08cc74f6e9cbde98bb8e081fcbe884b9479b664fed2e0f12953efca188eabe2,/content/cv3d-project/data/cache/reconstruction/metrics/02958343/1a3782ae4bd711b66b418c7d9fedcaa9/7572a9215d11824545f607dd.json,12.455510000108916
02958343/1a7125aefa9af6b6597505fd7d99b613,vggt,1,[0],0.27528776419925016,0.45620231815371326,0.6371168721081764,0.0,0.0,0.0,1.981092911836724,0.0,0.0,0.0,0.0,0.0,0.0,camera_rotation_center_and_target_diameter_scale_single_view,4.076108354894398,0.0,10000,10000,True,True,True,/content/cv3d-project/data/cache/reconstruction/predictions/02958343/1a7125aefa9af6b6597505fd7d99b613/f8f1b1198df6da8c500f3bd2.npz,164349418460984ba146baec314b34bb63926c6d055fe7528080f5632e23cb83,/content/cv3d-project/data/cache/reconstruction/metrics/02958343/1a7125aefa9af6b6597505fd7d99b613/48348abb37fc500b07fef88e.json,3.852111000014702
02958343/1a7125aefa9af6b6597505fd7d99b613,vggt,2,"[0, 26]",0.4664592067283444,0.6593927248306642,0.8523262429329841,0.0,0.0,0.0,1.981092911836724,0.0,0.0,0.0,0.0,0.0,0.0,camera_pose_sim3,0.11498413584499614,1.0451996860569002,10000,10000,True,False,True,/content/cv3d-project/data/cache/reconstruction/predictions/02958343/1a7125aefa9af6b6597505fd7d99b613/cd95d7556ef88c6a6e1acea3.npz,a2e632cef36851075e4f054b9ff972bcf521a557877697f232f30798bb3067bd,/content/cv3d-project/data/cache/reconstruction/metrics/02958343/1a7125aefa9af6b6597505fd7d99b613/b68a44e3f67c7d5a9e9e8ed5.json,11.548771999969176
02958343/1a7125aefa9af6b6597505fd7d99b613,vggt,3,"[0, 26, 18]",0.7358881783349993,0.8429530773872955,0.9500179764395918,0.0,0.0,0.0,1.981092911836724,0.0,0.0,0.0,0.0,0.0,0.0,camera_pose_sim3,1.1706159024756844,0.7433554907910317,10000,10000,True,False,True,/content/cv3d-project/data/cache/reconstruction/predictions/02958343/1a7125aefa9af6b6597505fd7d99b613/5a6b4f9fa12b3b39c0aa703b.npz,d8308a525334910bed0b5cba76d0e35339b67b323bb6d6c9c5bb1e45fa38aa9b,/content/cv3d-project/data/cache/reconstruction/metrics/02958343/1a7125aefa9af6b6597505fd7d99b613/f72d628f19c50077e71ecdc2.json,12.021919000289927
02958343/1a7125aefa9af6b6597505fd7d99b613,vggt,5,"[0, 26, 18, 39, 32]",0.520651187874799,0.5878700091669502,0.6550888304591014,0.0,0.0,0.0,1.981092911836724,0.0,0.0,0.0,0.0,0.0,0.0,camera_pose_sim3,1.317103317321183,1.0151118288606409,10000,10000,True,False,True,/content/cv3d-project/data/cache/reconstruction/predictions/02958343/1a7125aefa9af6b6597505fd7d99b613/1d0190abadab43a25b18211a.npz,82eec274018930b412f9f5df8fb419385a8c40e12ac3943d02d584558581a185,/content/cv3d-project/data/cache/reconstruction/metrics/02958343/1a7125aefa9af6b6597505fd7d99b613/a9326ed99fe5f77653f589c9.json,12.591623000389518
02958343/1a7125aefa9af6b6597505fd7d99b613,vggt,10,"[0, 26, 18, 39, 32, 5, 40, 14, 35, 44]",0.13571154561497595,0.1672981639661542,0.19888478231733245,0.2323121527121527,0.026716723549488054,0.05719673348181144,1.981092911836724,0.3569,0.038,0.0935,0.1722,0.0206,0.0412,camera_pose_sim3,2.2370762878383523,0.3594590911213252,10000,10000,True,False,True,/content/cv3d-project/data/cache/reconstruction/predictions/02958343/1a7125aefa9af6b6597505fd7d99b613/aeeeec6bb52504c08ca2a874.npz,b6696d72380dfd16497154e74866b19e90174f206630b30f02e29517047ba0c8,/content/cv3d-project/data/cache/reconstruction/metrics/02958343/1a7125aefa9af6b6597505fd7d99b613/992e8fa1dc7b0be96a97a378.json,12.76815599976544
02958343/1a87a329781b15763820d8f180caa23a,vggt,1,[0],1.1939256310151032,1.3674392837191895,1.540952936423276,0.0,0.0,0.0,1.9844167379148858,0.0,0.0,0.0,0.0,0.0,0.0,camera_rotation_center_and_target_diameter_scale_single_view,6.103910081742183,0.0,10000,10000,True,True,True,/content/cv3d-project/data/cache/reconstruction/predictions/02958343/1a87a329781b15763820d8f180caa23a/36924f7d21e5b6bf57ee87ac.npz,5c6ad08a921d98be03e4bbb91acd4065993ef5e17ce58f444b7bec4b680abb8a,/content/cv3d-project/data/cache/reconstruction/metrics/02958343/1a87a329781b15763820d8f180caa23a/7b9511aed235cace1cffca07.json,3.973947999838856
02958343/1a87a329781b15763820d8f180caa23a,vggt,2,"[0, 18]",0.05662045071084064,0.1362314931445992,0.21584253557835775,0.2745950908002395,0.011831678486997637,0.03554805407619828,1.9844167379148858,0.838,0.0782,0.2248,0.1642,0.0064,0.0193,camera_pose_sim3,1.581900561699253,0.8648652739947308,10000,10000,True,False,True,/content/cv3d-project/data/cache/reconstruction/predictions/02958343/1a87a329781b15763820d8f180caa23a/03b2522d6c5a3893791a345b.npz,dc885e69c2fe30d68a6aba1c54501c3114b642b434f0bb82f4ee6edb8ff99612,/content/cv3d-project/data/cache/reconstruction/metrics/02958343/1a87a329781b15763820d8f180caa23a/c0ad713ea34cf67350aa9577.json,12.114966999888566
02958343/1a87a329781b15763820d8f180caa23a,vggt,3,"[0, 18, 5]",0.14459705342239582,0.17771931303608623,0.21084157264977663,0.24467133053755244,0.012649411764705881,0.03321200923787528,1.9844167379148858,0.3303,0.0256,0.0642,0.1943,0.0084,0.0224,camera_pose_sim3,2.5782417994297258,0.4863724188823499,10000,10000,True,False,True,/content/cv3d-project/data/cache/reconstruction/predictions/02958343/1a87a329781b15763820d8f180caa23a/0bf2a1ae1f3f0e41cd220c5a.npz,0d06a58faf931e00d98f37a2fb498b98f739186547a12798d5e44f95d3d4d196,/content/cv3d-project/data/cache/reconstruction/metrics/02958343/1a87a329781b15763820d8f180caa23a/060c27961a2a31bf135cc5bd.json,12.154962999829877
02958343/1a87a329781b15763820d8f180caa23a,vggt,5,"[0, 18, 5, 26, 39]",0.04733849251842746,0.06535937601697739,0.08338025951552731,0.7853305891749093,0.05006435935198821,0.11972462757527734,1.9844167379148858,0.9662,0.1027,0.2352,0.6615,0.0331,0.0803,camera_pose_sim3,2.3115512319219924,0.14055166501967953,10000,10000,True,False,True,/content/cv3d-project/data/cache/reconstruction/predictions/02958343/1a87a329781b15763820d8f180caa23a/f4d0436ef86808cfc9ddf411.npz,07d34c2c55c5a5def3863bf8bc1b5bacca495207fa8c31ebc0f749416a772d92,/content/cv3d-project/data/cache/reconstruction/metrics/02958343/1a87a329781b15763820d8f180caa23a/612c20027608aa571b2c4fb8.json,13.083312999697227
02958343/1a87a329781b15763820d8f180caa23a,vggt,10,"[0, 18, 5, 26, 39, 45, 34, 25, 7, 16]",0.019468425534845533,0.028406175551491483,0.03734392556813743,0.9686468646864687,0.17019832205683352,0.43395934766173455,1.9844167379148858,1.0,0.2366,0.5788,0.9392,0.1329,0.3471,camera_pose_sim3,2.334743915193107,0.1855382497947269,10000,10000,True,False,True,/content/cv3d-project/data/cache/reconstruction/predictions/02958343/1a87a329781b15763820d8f180caa23a/9a99ab41b9e1c3b150f71a7d.npz,cf931ffc0f42c2101afb4fe080e8c13c92a448e11a1418dbb2a7ccd14edc9e58,/content/cv3d-project/data/cache/reconstruction/metrics/02958343/1a87a329781b15763820d8f180caa23a/3b54c78c0955f7609e209123.json,12.743279000005714
02958343/1ab80bc91a45b7d0a31091d2234b9f68,vggt,1,[0],3.4192125608290764,3.5677133700886308,3.716214179348185,0.0,0.0,0.0,1.997800337192748,0.0,0.0,0.0,0.0,0.0,0.0,camera_rotation_center_and_target_diameter_scale_single_view,10.495932411265022,0.0,10000,10000,True,True,True,/content/cv3d-project/data/cache/reconstruction/predictions/02958343/1ab80bc91a45b7d0a31091d2234b9f68/a4f8dd897fc728e58a0459b4.npz,34a4d3d04d260e6ea7570ad81f21a65f95d77919c22a43361b3e68856e7a017b,/content/cv3d-project/data/cache/reconstruction/metrics/02958343/1ab80bc91a45b7d0a31091d2234b9f68/25dfeb0b5e4e79ec8296eff9.json,3.91782399992735
02958343/1ab80bc91a45b7d0a31091d2234b9f68,vggt,2,"[0, 5]",0.18929726981283393,0.36306082385202726,0.5368243778912206,0.0,0.0,0.0,1.997800337192748,0.0,0.0,0.0,0.0,0.0,0.0,camera_pose_sim3,1.7819778791315029,0.042427717151080686,10000,10000,True,False,True,/content/cv3d-project/data/cache/reconstruction/predictions/02958343/1ab80bc91a45b7d0a31091d2234b9f68/221cc7ee63d77f51f207da87.npz,1121ef133d6d86ee48b89ee08ccd2b06b662dc86f439184c541eed445cb7f509,/content/cv3d-project/data/cache/reconstruction/metrics/02958343/1ab80bc91a45b7d0a31091d2234b9f68/b398701c2ff6257a4efbf918.json,12.444478000361414
02958343/1ab80bc91a45b7d0a31091d2234b9f68,vggt,3,"[0, 5, 17]",0.16010609538120602,0.31281888742536196,0.4655316794695179,0.025680647336480112,0.0,0.0,1.997800337192748,0.1341,0.0,0.0,0.0142,0.0,0.0,camera_pose_sim3,3.342758346953325,0.5571262483249901,10000,10000,True,False,True,/content/cv3d-project/data/cache/reconstruction/predictions/02958343/1ab80bc91a45b7d0a31091d2234b9f68/f650c0f276a3a486c5b6d29e.npz,ba184862bb8351e698ef02d3331122b51e1943b550edacec102e1cb9a41e9287,/content/cv3d-project/data/cache/reconstruction/metrics/02958343/1ab80bc91a45b7d0a31091d2234b9f68/62545b148c162a5e9e1a81a4.json,13.566063000325812
02958343/1ab80bc91a45b7d0a31091d2234b9f68,vggt,5,"[0, 5, 17, 25, 24]",0.04942112335301102,0.15353978285565972,0.2576584423583084,0.2748903103859929,0.02508876548483554,0.05431198347107438,1.997800337192748,0.8409,0.2208,0.4065,0.1643,0.0133,0.0291,camera_pose_sim3,2.9367545684833867,0.6014615218210384,10000,10000,True,False,True,/content/cv3d-project/data/cache/reconstruction/predictions/02958343/1ab80bc91a45b7d0a31091d2234b9f68/e81c27098c738124b816965e.npz,e838d7ab24ec8771bf8b5332756d3e0ca7fbaa3c4be9bed0d6b780b44aea3bbf,/content/cv3d-project/data/cache/reconstruction/metrics/02958343/1ab80bc91a45b7d0a31091d2234b9f68/8325ae2eb0f9541e3644054d.json,12.964826999905199
02958343/1ab80bc91a45b7d0a31091d2234b9f68,vggt,10,"[0, 5, 17, 25, 24, 31, 39, 34, 42, 32]",0.03231050503023748,0.10460958361277531,0.17690866219531312,0.42358319539686295,0.04052982035928143,0.08840617283950619,1.997800337192748,1.0,0.1434,0.3545,0.2687,0.0236,0.0505,camera_pose_sim3,2.785568281883976,0.3646286177985277,10000,10000,True,False,True,/content/cv3d-project/data/cache/reconstruction/predictions/02958343/1ab80bc91a45b7d0a31091d2234b9f68/fce081ebdc752792868bc699.npz,ae61f69f30822f471425a58ed0a2ad9d0e166d5b9b84a4c433dfd3c8f6202289,/content/cv3d-project/data/cache/reconstruction/metrics/02958343/1ab80bc91a45b7d0a31091d2234b9f68/e09f47366cb9417cc4240f8e.json,13.25183900007687
02958343/1ae184691a39e3d3e0e8bce75d28b114,vggt,1,[0],2.2433298448150003,2.3968208071876838,2.5503117695603668,0.0,0.0,0.0,1.9512859408639243,0.0,0.0,0.0,0.0,0.0,0.0,camera_rotation_center_and_target_diameter_scale_single_view,7.9697073040182085,0.0,10000,10000,True,True,True,/content/cv3d-project/data/cache/reconstruction/predictions/02958343/1ae184691a39e3d3e0e8bce75d28b114/e9e8464ba91a8baf69d0fd7d.npz,1c2c8f7c1ac34442ac529f18712e915c740d90010836807eae1207099f4dedae,/content/cv3d-project/data/cache/reconstruction/metrics/02958343/1ae184691a39e3d3e0e8bce75d28b114/7be917fe4b6f2bb94bfc7e78.json,3.956131999984791
02958343/1ae184691a39e3d3e0e8bce75d28b114,vggt,2,"[0, 4]",0.03811144337818468,0.20760468851487146,0.37709793365155825,0.21683309557774608,0.005305816135084428,0.014335499113998817,1.9512859408639243,1.0,0.0505,0.1618,0.1216,0.0028,0.0075,camera_pose_sim3,2.0372963088870524,0.02261028648623818,10000,10000,True,False,True,/content/cv3d-project/data/cache/reconstruction/predictions/02958343/1ae184691a39e3d3e0e8bce75d28b114/d38bc56cc0adf93ef552ef46.npz,ead8742603769122c019f35a8c570cb7709db5d0150e31f03c76e33ec6ca9e13,/content/cv3d-project/data/cache/reconstruction/metrics/02958343/1ae184691a39e3d3e0e8bce75d28b114/2bb7ebd649594f7925926ca9.json,13.247482000224409
02958343/1ae184691a39e3d3e0e8bce75d28b114,vggt,3,"[0, 4, 25]",0.07114771919338786,0.15214695011844026,0.23314618104349263,0.23354585262104338,0.015047936786654961,0.03333790201382627,1.9512859408639243,0.6573,0.1058,0.3151,0.142,0.0081,0.0176,camera_pose_sim3,2.550041619415036,0.5173108846628668,10000,10000,True,False,True,/content/cv3d-project/data/cache/reconstruction/predictions/02958343/1ae184691a39e3d3e0e8bce75d28b114/b95691aacf47e75af665360f.npz,81056845177d0c8c9dbc3aa0805cad54141518d4b1ce4997694df460ee253453,/content/cv3d-project/data/cache/reconstruction/metrics/02958343/1ae184691a39e3d3e0e8bce75d28b114/b0806003f62ca0621b8ed510.json,12.275059999865334
02958343/1ae184691a39e3d3e0e8bce75d28b114,vggt,5,"[0, 4, 25, 17, 8]",0.018106421610290725,0.06834330262726732,0.1185801836442439,0.6122675548154315,0.04616424891002775,0.10395138868479059,1.9512859408639243,1.0,0.2266,0.6238,0.4412,0.0257,0.0567,camera_pose_sim3,2.4244903067178285,0.21873555742695808,10000,10000,True,False,True,/content/cv3d-project/data/cache/reconstruction/predictions/02958343/1ae184691a39e3d3e0e8bce75d28b114/9a534d8e9183d5142f6f1969.npz,550e0fc1e95683fb726b513cb9a3796055b5bb5571c11b53d6bcd00318277766,/content/cv3d-project/data/cache/reconstruction/metrics/02958343/1ae184691a39e3d3e0e8bce75d28b114/b7c9fe335297dd6cee5afed0.json,13.908407000144507
02958343/1ae184691a39e3d3e0e8bce75d28b114,vggt,10,"[0, 4, 25, 17, 8, 34, 42, 16, 24, 26]",0.05835850098422904,0.1396054245478644,0.22085234811149979,0.1740221995001136,0.017957424441524306,0.03391507876969243,1.9512859408639243,0.7823,0.0657,0.2484,0.0979,0.0104,0.0182,camera_pose_sim3,2.494302412784926,0.2246525451456277,10000,10000,True,False,True,/content/cv3d-project/data/cache/reconstruction/predictions/02958343/1ae184691a39e3d3e0e8bce75d28b114/d59aaee100c55cb9b42c1e7a.npz,4e38be729d7890e04259b3f0ae379f2337a0a7ff6f673e26048bbe5a6ab478ad,/content/cv3d-project/data/cache/reconstruction/metrics/02958343/1ae184691a39e3d3e0e8bce75d28b114/3e80bc6acb11630f4cef5142.json,13.729523999700177
02958343/1ae530f49a914595b491214a0cc2380,vggt,1,[0],4.116588689030274,4.329895656439291,4.543202623848309,0.0,0.0,0.0,1.98393992786098,0.0,0.0,0.0,0.0,0.0,0.0,camera_rotation_center_and_target_diameter_scale_single_view,11.940732238667541,0.0,10000,10000,True,True,True,/content/cv3d-project/data/cache/reconstruction/predictions/02958343/1ae530f49a914595b491214a0cc2380/587d80d12b07136f8cdcb1ee.npz,a938786866d5ab0b374d73655a5355f128aaaf764520e98dd5aa5fe6baa7343a,/content/cv3d-project/data/cache/reconstruction/metrics/02958343/1ae530f49a914595b491214a0cc2380/fce9f4380483954482ca4694.json,4.6684070002811495
02958343/1ae530f49a914595b491214a0cc2380,vggt,2,"[0, 4]",0.12952182555204256,0.31831566311338044,0.5071095006747184,0.016071052631578944,0.0,0.0,1.98393992786098,0.0591,0.0,0.0,0.0093,0.0,0.0,camera_pose_sim3,1.681746531636013,0.007336787062835164,10000,10000,True,False,True,/content/cv3d-project/data/cache/reconstruction/predictions/02958343/1ae530f49a914595b491214a0cc2380/1c83dac609ff47c93c8cbefc.npz,5ecdbfa4f86dfa44651256cb150416603fa31553f326b28db0dda62a73026019,/content/cv3d-project/data/cache/reconstruction/metrics/02958343/1ae530f49a914595b491214a0cc2380/f2fb91716ceefbf578a10ca2.json,13.451321000047756
02958343/1ae530f49a914595b491214a0cc2380,vggt,3,"[0, 4, 26]",0.026811547707689107,0.08849328619972763,0.15017502469176616,0.5001874765654294,0.017013610315186247,0.051952199703410785,1.98393992786098,1.0,0.1305,0.3767,0.3335,0.0091,0.0279,camera_pose_sim3,2.555130281264887,0.20509294346981963,10000,10000,True,False,True,/content/cv3d-project/data/cache/reconstruction/predictions/02958343/1ae530f49a914595b491214a0cc2380/53f84cbd2a551cf29c2c35dc.npz,0fc9c9bdea8843433840eb940a57bc5307a29eeb096c89185712f1143c34eb3a,/content/cv3d-project/data/cache/reconstruction/metrics/02958343/1ae530f49a914595b491214a0cc2380/76d5fb4c05b17c06c6aecd19.json,14.859697000247252
02958343/1ae530f49a914595b491214a0cc2380,vggt,5,"[0, 4, 26, 18, 35]",0.01647176464228987,0.058181805840795596,0.09989184703930132,0.7380907312764212,0.0481524064171123,0.0921752312979117,1.98393992786098,1.0,0.3105,0.7073,0.5849,0.0261,0.0493,camera_pose_sim3,2.6220094961721894,0.10583907444143548,10000,10000,True,False,True,/content/cv3d-project/data/cache/reconstruction/predictions/02958343/1ae530f49a914595b491214a0cc2380/a1830f88402ac6db9eb9f569.npz,6e1e637ec7c34558ba68c72a00ff03c6b4d8d0f3a22d2f8b21b7e12fd002ea90,/content/cv3d-project/data/cache/reconstruction/metrics/02958343/1ae530f49a914595b491214a0cc2380/e2e4edfe7bebfcf538d79140.json,12.848848999965412
02958343/1ae530f49a914595b491214a0cc2380,vggt,10,"[0, 4, 26, 18, 35, 25, 44, 36, 39, 32]",0.015708320827468057,0.04547072343128013,0.0752331260350922,0.8445984979780474,0.11684038411627304,0.25336447131191003,1.98393992786098,1.0,0.3135,0.7921,0.731,0.0718,0.1508,camera_pose_sim3,2.5423875724267737,0.09337168232087587,10000,10000,True,False,True,/content/cv3d-project/data/cache/reconstruction/predictions/02958343/1ae530f49a914595b491214a0cc2380/05d153c144acaabc9cdac16d.npz,ac3903b22dbb4e9cc5c575c75d3fc50fccdb5ce1ec9820283026e476d9a74d8c,/content/cv3d-project/data/cache/reconstruction/metrics/02958343/1ae530f49a914595b491214a0cc2380/371eaf3aec2bec653f661d80.json,13.784897999812529
02958343/1aef0af3cdafb118c6a40bdf315062da,vggt,1,[0],3.0957972981868447,3.305920177246009,3.516043056305173,0.0,0.0,0.0,1.8547774068772946,0.0,0.0,0.0,0.0,0.0,0.0,camera_rotation_center_and_target_diameter_scale_single_view,9.387613250392121,0.0,10000,10000,True,True,True,/content/cv3d-project/data/cache/reconstruction/predictions/02958343/1aef0af3cdafb118c6a40bdf315062da/83176eb27c81913d0f284acc.npz,ec71974267497859025e719295699d504e4e14d1e3e6613b06d20b5643cd19f9,/content/cv3d-project/data/cache/reconstruction/metrics/02958343/1aef0af3cdafb118c6a40bdf315062da/5587bd30217f2f714eb75030.json,3.9003770002636884
02958343/1aef0af3cdafb118c6a40bdf315062da,vggt,2,"[0, 5]",0.8573657363012055,1.0751768983757706,1.2929880604503354,0.0,0.0,0.0,1.8547774068772946,0.0,0.0,0.0,0.0,0.0,0.0,camera_pose_sim3,0.7836442370631772,0.0830382235707713,10000,10000,True,False,True,/content/cv3d-project/data/cache/reconstruction/predictions/02958343/1aef0af3cdafb118c6a40bdf315062da/4b48c9ae8ef682d2ea4b354d.npz,c153915aab8e8f3b646108759dc7a686ab3f1effa41151f5d82215c22a31ce1b,/content/cv3d-project/data/cache/reconstruction/metrics/02958343/1aef0af3cdafb118c6a40bdf315062da/b92f2cc0a767edfcf39c072f.json,12.691893000010168
02958343/1aef0af3cdafb118c6a40bdf315062da,vggt,3,"[0, 5, 19]",2.587188023933043,2.6801892415433723,2.7731904591537018,0.0,0.0,0.0,1.8547774068772946,0.0,0.0,0.0,0.0,0.0,0.0,camera_pose_sim3_positive_scale_fallback,2.3916735374595035,1.1877483108164015,10000,10000,True,False,True,/content/cv3d-project/data/cache/reconstruction/predictions/02958343/1aef0af3cdafb118c6a40bdf315062da/0e6c09d2bcc2e16c2dcb1ae5.npz,db4332838d753b832b2b40e0346f6f6596f757d92fc768b2dd910e279907ffd8,/content/cv3d-project/data/cache/reconstruction/metrics/02958343/1aef0af3cdafb118c6a40bdf315062da/5a7946d694dad3b2ecdbc046.json,12.866232999840577
02958343/1aef0af3cdafb118c6a40bdf315062da,vggt,5,"[0, 5, 19, 26, 18]",0.14082273387844002,0.3248481140938595,0.508873494309279,0.030977848101265824,0.0,0.0,1.8547774068772946,0.0753,0.0,0.0,0.0195,0.0,0.0,camera_pose_sim3,1.5989974970800553,0.7744814289478188,10000,10000,True,False,True,/content/cv3d-project/data/cache/reconstruction/predictions/02958343/1aef0af3cdafb118c6a40bdf315062da/3d335897a3e480b91927eda7.npz,ea01c3c1dfb83f22a005008071c053aff8b550aeb55aa48b52659c8b27e80ed6,/content/cv3d-project/data/cache/reconstruction/metrics/02958343/1aef0af3cdafb118c6a40bdf315062da/c5c2e4211eaa9f5ed9371331.json,13.634616000217648
02958343/1aef0af3cdafb118c6a40bdf315062da,vggt,10,"[0, 5, 19, 26, 18, 8, 17, 25, 16, 34]",0.31592491885614266,0.3659159350093547,0.4159069511625667,0.0,0.0,0.0,1.8547774068772946,0.0,0.0,0.0,0.0,0.0,0.0,camera_pose_sim3,2.487348759137411,0.32963215135831553,10000,10000,True,False,True,/content/cv3d-project/data/cache/reconstruction/predictions/02958343/1aef0af3cdafb118c6a40bdf315062da/897493ac5d81f7c340c381dc.npz,a9cb48178738e612198e92faaf21e9841fe4e26cded861882e3ad609657e2a80,/content/cv3d-project/data/cache/reconstruction/metrics/02958343/1aef0af3cdafb118c6a40bdf315062da/5863632950954b32dc2b6693.json,12.97650500009695
02958343/1b25c745164e53b822d2fb8fec68f2a1,vggt,1,[0],1.9163980053794194,2.1233516692910936,2.3303053332027677,0.0,0.0,0.0,1.9841385494058488,0.0,0.0,0.0,0.0,0.0,0.0,camera_rotation_center_and_target_diameter_scale_single_view,7.646256534431182,0.0,10000,10000,True,True,True,/content/cv3d-project/data/cache/reconstruction/predictions/02958343/1b25c745164e53b822d2fb8fec68f2a1/560cf5ef675ae5cc93ef018e.npz,d156d666384369ee3cff52b5ca02c937cec18b57d6b9419cdd740cb967828b5f,/content/cv3d-project/data/cache/reconstruction/metrics/02958343/1b25c745164e53b822d2fb8fec68f2a1/ff1ec4598b865ecd2a3833fd.json,3.9762389997122227
02958343/1b25c745164e53b822d2fb8fec68f2a1,vggt,2,"[0, 5]",0.09884521506173675,0.2837108882748806,0.4685765614880245,0.057293326916907285,0.0,0.0,1.9841385494058488,0.5933,0.0,0.0,0.0301,0.0,0.0,camera_pose_sim3,1.6669427642337733,0.057573155693674466,10000,10000,True,False,True,/content/cv3d-project/data/cache/reconstruction/predictions/02958343/1b25c745164e53b822d2fb8fec68f2a1/952ab7a23c83b548dfb774de.npz,f5ef507c9b5260025d2a3f9bb76d6e9fce444c38c63fcfa4907083d06f4a12ef,/content/cv3d-project/data/cache/reconstruction/metrics/02958343/1b25c745164e53b822d2fb8fec68f2a1/7f414e3126c0eb54929e7b47.json,13.355015000342974
02958343/1b25c745164e53b822d2fb8fec68f2a1,vggt,3,"[0, 5, 17]",0.026993466778717407,0.07569532321680689,0.12439717965489637,0.6130374479889044,0.051107486631016046,0.11523281881661154,1.9841385494058488,1.0,0.2331,0.4787,0.442,0.0287,0.0655,camera_pose_sim3,2.4018665245528634,0.19487393208021664,10000,10000,True,False,True,/content/cv3d-project/data/cache/reconstruction/predictions/02958343/1b25c745164e53b822d2fb8fec68f2a1/32025c5a5892e79a7414b900.npz,b14cb922a4e825129cfd564e1230fc3ee905c099aee51dc412c62078412b9695,/content/cv3d-project/data/cache/reconstruction/metrics/02958343/1b25c745164e53b822d2fb8fec68f2a1/7e0abec573c68d65fa0e83a0.json,12.83671900000627
02958343/1b25c745164e53b822d2fb8fec68f2a1,vggt,5,"[0, 5, 17, 25, 8]",0.024617584710082078,0.07654784631297758,0.12847810791587308,0.621958448060075,0.09425564656242244,0.18592892062620162,1.9841385494058488,0.9834,0.3484,0.6188,0.4548,0.0545,0.1094,camera_pose_sim3,2.569070235049566,0.24541472344484216,10000,10000,True,False,True,/content/cv3d-project/data/cache/reconstruction/predictions/02958343/1b25c745164e53b822d2fb8fec68f2a1/302b2a80462dc7c7232657d8.npz,d81abb1e18ad2d60e6b548c141fa561af9b5b112b6d809c3ee885b2694985795,/content/cv3d-project/data/cache/reconstruction/metrics/02958343/1b25c745164e53b822d2fb8fec68f2a1/5d413245ee39bcefeb2606ed.json,12.863421000020026
02958343/1b25c745164e53b822d2fb8fec68f2a1,vggt,10,"[0, 5, 17, 25, 8, 16, 34, 42, 24, 26]",0.10317377521726634,0.1277195723626119,0.15226536950795747,0.2979087356321839,0.006589285714285714,0.021807509881422923,1.9841385494058488,0.3493,0.0123,0.0347,0.2597,0.0045,0.0159,camera_pose_sim3,2.3689213360078214,0.33722081467615744,10000,10000,True,False,True,/content/cv3d-project/data/cache/reconstruction/predictions/02958343/1b25c745164e53b822d2fb8fec68f2a1/8fee509427d8346a955dc526.npz,5b9175a7b8f2e91403873f665991831fe49fe1720d976b8520629337a7167b2d,/content/cv3d-project/data/cache/reconstruction/metrics/02958343/1b25c745164e53b822d2fb8fec68f2a1/13b2db0d2cec4b3897858f7d.json,13.716491999730351
02958343/1b2ef0809ca1abc7ca92a4cdad802b45,vggt,1,[0],3.453886659725618,3.6666611375504363,3.8794356153752547,0.0,0.0,0.0,1.9863568695150902,0.0,0.0,0.0,0.0,0.0,0.0,camera_rotation_center_and_target_diameter_scale_single_view,10.61523706808454,0.0,9774,10000,True,True,True,/content/cv3d-project/data/cache/reconstruction/predictions/02958343/1b2ef0809ca1abc7ca92a4cdad802b45/fefd028f2398a560262290b9.npz,a6a0bca39aea78aa0f24bd8aa14173e049da7bfc2f3fa91bad9b12d8a85d4e2c,/content/cv3d-project/data/cache/reconstruction/metrics/02958343/1b2ef0809ca1abc7ca92a4cdad802b45/a0f0ee5a99b2ba6c6c84433e.json,4.032978999930492
02958343/1b2ef0809ca1abc7ca92a4cdad802b45,vggt,2,"[0, 18]",0.043561618239489196,0.12254188984149154,0.20152216144349389,0.31180889676711404,0.0007703703703703705,0.004848300970873787,1.9863568695150902,1.0,0.0104,0.0799,0.1847,0.0004,0.0025,camera_pose_sim3,1.5994277020296017,0.9244186150229049,10000,10000,True,False,True,/content/cv3d-project/data/cache/reconstruction/predictions/02958343/1b2ef0809ca1abc7ca92a4cdad802b45/92ca3f85342ee71090089886.npz,43d35a20ada2e1853308a0bb1845cba0124379fb333eaae27b85aadb8e8c3d1b,/content/cv3d-project/data/cache/reconstruction/metrics/02958343/1b2ef0809ca1abc7ca92a4cdad802b45/3d270642b039f489e7ab61c1.json,12.284125999940443
02958343/1b2ef0809ca1abc7ca92a4cdad802b45,vggt,3,"[0, 18, 25]",0.6007889159370019,0.6657638904915111,0.7307388650460203,0.0,0.0,0.0,1.9863568695150902,0.0,0.0,0.0,0.0,0.0,0.0,camera_pose_sim3,2.4142095254313265,0.7977055075920352,10000,10000,True,False,True,/content/cv3d-project/data/cache/reconstruction/predictions/02958343/1b2ef0809ca1abc7ca92a4cdad802b45/a8e538721d3e81979025e26a.npz,4530dda291c62f8e3b397caacee23949f0dd3b136ae449ec506b860bec4d19ae,/content/cv3d-project/data/cache/reconstruction/metrics/02958343/1b2ef0809ca1abc7ca92a4cdad802b45/6bb6a9138de988503c33a735.json,12.48622200000682
02958343/1b2ef0809ca1abc7ca92a4cdad802b45,vggt,5,"[0, 18, 25, 33, 23]",0.059108130078778603,0.12939473302039695,0.19968133596201526,0.21634731744373753,0.007581267217630855,0.019020646319569123,1.9863568695150902,0.9307,0.032,0.1009,0.1224,0.0043,0.0105,camera_pose_sim3,2.7185984153565026,0.1782160803148003,10000,10000,True,False,True,/content/cv3d-project/data/cache/reconstruction/predictions/02958343/1b2ef0809ca1abc7ca92a4cdad802b45/62c8317d36543903ed313ff2.npz,2f8b75a99f2c13adb2644a09a412d27aa9552fc5f8e9fd26197ce3698070394e,/content/cv3d-project/data/cache/reconstruction/metrics/02958343/1b2ef0809ca1abc7ca92a4cdad802b45/3aa5b1ea7f3e746821a58409.json,13.598463000107586
02958343/1b2ef0809ca1abc7ca92a4cdad802b45,vggt,10,"[0, 18, 25, 33, 23, 31, 16, 24, 38, 34]",0.014029116992844839,0.055327169016915194,0.09662522104098555,0.7276544309434443,0.10119832246039143,0.23119982843662876,1.9863568695150902,1.0,0.3706,0.7974,0.5719,0.0586,0.1352,camera_pose_sim3,2.35472703928855,0.15584278686906541,10000,10000,True,False,True,/content/cv3d-project/data/cache/reconstruction/predictions/02958343/1b2ef0809ca1abc7ca92a4cdad802b45/85410201844ba32326469526.npz,0a9a3aed17e9d9698f90af680e993eb832bde001d6ef9c3fc766af6a8b235229,/content/cv3d-project/data/cache/reconstruction/metrics/02958343/1b2ef0809ca1abc7ca92a4cdad802b45/e84c0b94ba35f85a44175938.json,14.185782999902585
03001627/1006be65e7bc937e9141f9b58470d646,vggt,1,[0],4.0434662544254705,4.17549067882161,4.30751510321775,0.0,0.0,0.0,1.9785622926653164,0.0,0.0,0.0,0.0,0.0,0.0,camera_rotation_center_and_target_diameter_scale_single_view,11.417179150510156,0.0,10000,10000,True,True,True,/content/cv3d-project/data/cache/reconstruction/predictions/03001627/1006be65e7bc937e9141f9b58470d646/24ebdd5c565b8fe19f894d19.npz,edc2e1fd413bf2aa960c9e83a6bfd55e7d242c33aa3143a9fe951cb823cd0eb6,/content/cv3d-project/data/cache/reconstruction/metrics/03001627/1006be65e7bc937e9141f9b58470d646/5c9c3a014d9477d3ca46bb7d.json,4.061379000177112
03001627/1006be65e7bc937e9141f9b58470d646,vggt,2,"[0, 4]",0.3982846759707561,0.4886968636569675,0.5791090513431789,0.0,0.0,0.0,1.9785622926653164,0.0,0.0,0.0,0.0,0.0,0.0,camera_pose_sim3,1.543093107699286,0.053918547680728623,10000,10000,True,False,True,/content/cv3d-project/data/cache/reconstruction/predictions/03001627/1006be65e7bc937e9141f9b58470d646/a6162b735de5f4718ff67869.npz,7f875b2a35e71e1e483b4aa13f82f6cd0f7101819ae57a1424ddc18cb35c3f0b,/content/cv3d-project/data/cache/reconstruction/metrics/03001627/1006be65e7bc937e9141f9b58470d646/0b694ee845045d334e3a6603.json,12.432153000190738
03001627/1006be65e7bc937e9141f9b58470d646,vggt,3,"[0, 4, 17]",0.021819303280983138,0.08559092605560005,0.14936254883021696,0.5279003927962647,0.042727746077032815,0.08592387334561903,1.9785622926653164,0.9893,0.2571,0.5503,0.36,0.0233,0.0466,camera_pose_sim3,2.7472750070850767,0.24829653649183495,10000,10000,True,False,True,/content/cv3d-project/data/cache/reconstruction/predictions/03001627/1006be65e7bc937e9141f9b58470d646/d83471dc6b06c635bc3631e5.npz,195e638c81fd26b1315e5a2b860d418a8feda66068637c147afbe43c52478c9c,/content/cv3d-project/data/cache/reconstruction/metrics/03001627/1006be65e7bc937e9141f9b58470d646/baad572b02afa0fd87ac855c.json,12.451601000066148
03001627/1006be65e7bc937e9141f9b58470d646,vggt,5,"[0, 4, 17, 25, 33]",0.2553076517112318,0.4289659577952871,0.6026242638793424,0.0,0.0,0.0,1.9785622926653164,0.0,0.0,0.0,0.0,0.0,0.0,camera_pose_sim3,2.4010807720308107,0.8975958912370705,10000,10000,True,False,True,/content/cv3d-project/data/cache/reconstruction/predictions/03001627/1006be65e7bc937e9141f9b58470d646/197fbea8c66e0fce774b9834.npz,7b69a837c650bb29d69c9b25c3a9af69f530c66661c355cdbef57576b4084425,/content/cv3d-project/data/cache/reconstruction/metrics/03001627/1006be65e7bc937e9141f9b58470d646/f05c1b4f61f53047106de3a5.json,12.490589999742951
03001627/1006be65e7bc937e9141f9b58470d646,vggt,10,"[0, 4, 17, 25, 33, 24, 41, 46, 34, 45]",0.20919750723743374,0.36214323380667846,0.5150889603759232,0.0,0.0,0.0,1.9785622926653164,0.0,0.0,0.0,0.0,0.0,0.0,camera_pose_sim3,0.89505573032441,1.1376666063061942,10000,10000,True,False,True,/content/cv3d-project/data/cache/reconstruction/predictions/03001627/1006be65e7bc937e9141f9b58470d646/63525e8f82d260d62e5f12d8.npz,f2f5c2d3357b33cd2a31c7734abf4e7bdd7c90a58de8c644d93d3d1fde377390,/content/cv3d-project/data/cache/reconstruction/metrics/03001627/1006be65e7bc937e9141f9b58470d646/e8c955faf245835f767be317.json,12.30130400017515
03001627/1007e20d5e811b308351982a6e40cf41,vggt,1,[0],1.7058072550921919,1.8216495070739407,1.9374917590556895,0.0,0.0,0.0,1.9928516120870232,0.0,0.0,0.0,0.0,0.0,0.0,camera_rotation_center_and_target_diameter_scale_single_view,6.605702070278832,0.0,10000,10000,True,True,True,/content/cv3d-project/data/cache/reconstruction/predictions/03001627/1007e20d5e811b308351982a6e40cf41/9e804dde944b6d142e7b8fa4.npz,e230aa430820570a314bf5a21faa12da84fcd8ed14658c42b37c2ef4f43e397e,/content/cv3d-project/data/cache/reconstruction/metrics/03001627/1007e20d5e811b308351982a6e40cf41/86c14c23acfaed905233edd2.json,3.8242159998844727
03001627/1007e20d5e811b308351982a6e40cf41,vggt,2,"[0, 4]",0.3100695208471883,0.4158330822450468,0.5215966436429053,0.0,0.0,0.0,1.9928516120870232,0.0,0.0,0.0,0.0,0.0,0.0,camera_pose_sim3,1.6044438734119972,0.04431570901330309,10000,10000,True,False,True,/content/cv3d-project/data/cache/reconstruction/predictions/03001627/1007e20d5e811b308351982a6e40cf41/91288a7dfe1bbf2a6e4149c1.npz,d998ad44719c5271bc68909788a57db566b6ea1d6bfd0083501523831a385a7a,/content/cv3d-project/data/cache/reconstruction/metrics/03001627/1007e20d5e811b308351982a6e40cf41/0587be7a73270e65bad421e5.json,11.29138599981161
03001627/1007e20d5e811b308351982a6e40cf41,vggt,3,"[0, 4, 35]",0.5992691629983169,0.7461894014712014,0.8931096399440858,0.0,0.0,0.0,1.9928516120870232,0.0,0.0,0.0,0.0,0.0,0.0,camera_pose_sim3,0.1295512564873677,0.9935591758404949,10000,10000,True,False,True,/content/cv3d-project/data/cache/reconstruction/predictions/03001627/1007e20d5e811b308351982a6e40cf41/291732bcbf018fdca3c6460e.npz,e6e26eb8af3c321463449d150a58d67b9f91c193f2422ce1a2e4dc25f0804aa1,/content/cv3d-project/data/cache/reconstruction/metrics/03001627/1007e20d5e811b308351982a6e40cf41/f6416ca87d0e6b9aac0fe194.json,11.076114999923448
03001627/1007e20d5e811b308351982a6e40cf41,vggt,5,"[0, 4, 35, 26, 18]",0.04751232730440588,0.11085479919301763,0.17419727108162938,0.4122739726027398,0.04223827563683867,0.09325289814293754,1.9928516120870232,0.9405,0.1278,0.3002,0.264,0.0253,0.0552,camera_pose_sim3,2.3701970009015176,0.40903788764296156,10000,10000,True,False,True,/content/cv3d-project/data/cache/reconstruction/predictions/03001627/1007e20d5e811b308351982a6e40cf41/85d06d9e342d1699a2501213.npz,d983a417dbc35e94a2215fd469b0eaa0ea34c5eb8189f133a264c242aa551096,/content/cv3d-project/data/cache/reconstruction/metrics/03001627/1007e20d5e811b308351982a6e40cf41/27aec9caa80837b886c3a32d.json,12.207397000111087
03001627/1007e20d5e811b308351982a6e40cf41,vggt,10,"[0, 4, 35, 26, 18, 25, 34, 33, 41, 40]",0.21384884124427048,0.3164871654201053,0.41912548959594015,0.0,0.0,0.0,1.9928516120870232,0.0,0.0,0.0,0.0,0.0,0.0,camera_pose_sim3,1.379120833860867,0.9466960753083801,10000,10000,True,False,True,/content/cv3d-project/data/cache/reconstruction/predictions/03001627/1007e20d5e811b308351982a6e40cf41/176264a94dc3c6d339500caa.npz,0f0aa803c1ddca82fe900336a36822b7ad24f01d4a97914d660f3da7ebb34446,/content/cv3d-project/data/cache/reconstruction/metrics/03001627/1007e20d5e811b308351982a6e40cf41/c97b8e66dde8d99eac4a45ad.json,12.826790999952209
03001627/100b18376b885f206ae9ad7e32c4139d,vggt,1,[0],1.950792343025924,2.0396357485515413,2.128479154077158,0.0,0.0,0.0,1.998428756360668,0.0,0.0,0.0,0.0,0.0,0.0,camera_rotation_center_and_target_diameter_scale_single_view,7.006834011288098,0.0,10000,10000,True,True,True,/content/cv3d-project/data/cache/reconstruction/predictions/03001627/100b18376b885f206ae9ad7e32c4139d/8accc66815bd0ed07c778e41.npz,51a02f3cbfce11b980198f6a95441edb6b38fad07d7eb48dfd32b46ae61f2d0b,/content/cv3d-project/data/cache/reconstruction/metrics/03001627/100b18376b885f206ae9ad7e32c4139d/c11c5eadf4f0ca555f329c39.json,3.748798999822611
03001627/100b18376b885f206ae9ad7e32c4139d,vggt,2,"[0, 18]",2.0904288885675824,2.190461008202368,2.290493127837154,0.0,0.0,0.0,1.998428756360668,0.0,0.0,0.0,0.0,0.0,0.0,camera_pose_sim3_positive_scale_fallback,2.482492901492371,6.117678473317435e-16,10000,10000,True,False,True,/content/cv3d-project/data/cache/reconstruction/predictions/03001627/100b18376b885f206ae9ad7e32c4139d/15e39784f1dea70d34a43790.npz,8f613555fe4653188c08a7f0717c6cb73510827657d9e8b8d21e494509e1d188,/content/cv3d-project/data/cache/reconstruction/metrics/03001627/100b18376b885f206ae9ad7e32c4139d/2ffdd4cdc2d5d277b9c0f5ee.json,11.254765999638039
03001627/100b18376b885f206ae9ad7e32c4139d,vggt,3,"[0, 18, 25]",0.7112393094969183,0.7706502432658253,0.8300611770347324,0.0,0.0,0.0,1.998428756360668,0.0,0.0,0.0,0.0,0.0,0.0,camera_pose_sim3_positive_scale_fallback,1.4924867565870807,1.1206468711604813,10000,10000,True,False,True,/content/cv3d-project/data/cache/reconstruction/predictions/03001627/100b18376b885f206ae9ad7e32c4139d/83a7fdff06dc0d542877df6f.npz,1b88787b433e826f9a25068860a003017242e85aa2e160304da8d5b0ba0b6d22,/content/cv3d-project/data/cache/reconstruction/metrics/03001627/100b18376b885f206ae9ad7e32c4139d/a0a4ceedb343fd41f8e4d767.json,11.1759449996498
03001627/100b18376b885f206ae9ad7e32c4139d,vggt,5,"[0, 18, 25, 33, 40]",0.8466085650891846,0.9719675221187861,1.0973264791483877,0.0,0.0,0.0,1.998428756360668,0.0,0.0,0.0,0.0,0.0,0.0,camera_pose_sim3_positive_scale_fallback,2.154260198300499,1.0710547627703761,10000,10000,True,False,True,/content/cv3d-project/data/cache/reconstruction/predictions/03001627/100b18376b885f206ae9ad7e32c4139d/4e142dd5109991f4b874f2e5.npz,34a8e226c3420c889670c467d0625e441db232b4a79912b85c7ec388a710b00c,/content/cv3d-project/data/cache/reconstruction/metrics/03001627/100b18376b885f206ae9ad7e32c4139d/23c1c2eee4e33cc855255e01.json,11.58594099979382
03001627/100b18376b885f206ae9ad7e32c4139d,vggt,10,"[0, 18, 25, 33, 40, 46, 32, 39, 45, 9]",0.8745480192446066,1.065393714421204,1.2562394095978013,0.0,0.0,0.0,1.998428756360668,0.0,0.0,0.0,0.0,0.0,0.0,camera_pose_sim3,1.179176201352153,0.9282507377515119,10000,10000,True,False,True,/content/cv3d-project/data/cache/reconstruction/predictions/03001627/100b18376b885f206ae9ad7e32c4139d/a88d48de3d03ddfe94915a24.npz,929dd6e1b2db1b1307f9a7d31cca93b0071983b936a0f57030fbce13f69a0115,/content/cv3d-project/data/cache/reconstruction/metrics/03001627/100b18376b885f206ae9ad7e32c4139d/51af730fdae43ebb44932396.json,11.915982999653352
03001627/1013f70851210a618f2e765c4a8ed3d,vggt,1,[0],1.334133068996802,1.4261545791906873,1.5181760893845724,0.0,0.0,0.0,1.9995002759558806,0.0,0.0,0.0,0.0,0.0,0.0,camera_rotation_center_and_target_diameter_scale_single_view,6.231415655904789,0.0,10000,10000,True,True,True,/content/cv3d-project/data/cache/reconstruction/predictions/03001627/1013f70851210a618f2e765c4a8ed3d/a6828c2c26189fb20c63714b.npz,04b18bb0ca3175bb1614c319401916fc74fec4b231bcfea44d14226ebd22e882,/content/cv3d-project/data/cache/reconstruction/metrics/03001627/1013f70851210a618f2e765c4a8ed3d/9f82f478e661e56e26b1c26d.json,3.8353540003299713
03001627/1013f70851210a618f2e765c4a8ed3d,vggt,2,"[0, 24]",0.10500027447984321,0.2294408307054455,0.35388138693104776,0.11281122864117168,0.006263369397217928,0.010671163575042159,1.9995002759558806,0.4266,0.0614,0.113,0.065,0.0033,0.0056,camera_pose_sim3,2.3184518294258574,0.46029869184562733,10000,10000,True,False,True,/content/cv3d-project/data/cache/reconstruction/predictions/03001627/1013f70851210a618f2e765c4a8ed3d/2c822c002af417dfcfa29036.npz,25e0adc99b9a98273809174ff9577e4d194bcee7077de0e0d2576df40ef95af3,/content/cv3d-project/data/cache/reconstruction/metrics/03001627/1013f70851210a618f2e765c4a8ed3d/2c2dbc0bf23949d22cc16ef9.json,11.63480700006403
03001627/1013f70851210a618f2e765c4a8ed3d,vggt,3,"[0, 24, 33]",0.3814765897817446,0.4699159194480752,0.5583552491144058,0.0,0.0,0.0,1.9995002759558806,0.0,0.0,0.0,0.0,0.0,0.0,camera_pose_sim3,1.962133105795853,0.763868110262603,10000,10000,True,False,True,/content/cv3d-project/data/cache/reconstruction/predictions/03001627/1013f70851210a618f2e765c4a8ed3d/d5e9cce2bee9831f39d13df2.npz,545d269710f42f9a88a3d583c225763821166ad62f0bd3bc93076f4e5fb822d3,/content/cv3d-project/data/cache/reconstruction/metrics/03001627/1013f70851210a618f2e765c4a8ed3d/e99220d471481cbbd9426155.json,11.559696999938751
03001627/1013f70851210a618f2e765c4a8ed3d,vggt,5,"[0, 24, 33, 40, 32]",0.5744801291494234,0.7484187700353218,0.92235741092122,0.0,0.0,0.0,1.9995002759558806,0.0,0.0,0.0,0.0,0.0,0.0,camera_pose_sim3,0.6144270165253605,0.9613354514408251,10000,10000,True,False,True,/content/cv3d-project/data/cache/reconstruction/predictions/03001627/1013f70851210a618f2e765c4a8ed3d/b2a32f18c81693b21b777e1f.npz,059434ef4eead5517a1e5f3598464b6662680e470166eec95bdb4114ed5d1667,/content/cv3d-project/data/cache/reconstruction/metrics/03001627/1013f70851210a618f2e765c4a8ed3d/c9ce17882f38c98c30541704.json,11.49096200015265
03001627/1013f70851210a618f2e765c4a8ed3d,vggt,10,"[0, 24, 33, 40, 32, 39, 45, 38, 31, 41]",0.5519129999451522,0.7148863253410926,0.8778596507370332,0.0,0.0,0.0,1.9995002759558806,0.0,0.0,0.0,0.0,0.0,0.0,camera_pose_sim3,0.8506225660129223,0.8889407182516348,10000,10000,True,False,True,/content/cv3d-project/data/cache/reconstruction/predictions/03001627/1013f70851210a618f2e765c4a8ed3d/d3148598f482d02aa3618d9a.npz,d4d4c0f8087cbb7911b52b90ff44369e5fe57aa9e272d79e4a778558269c52f4,/content/cv3d-project/data/cache/reconstruction/metrics/03001627/1013f70851210a618f2e765c4a8ed3d/9fab1ef4e0755354eada5121.json,11.720992999926239
03001627/1015e71a0d21b127de03ab2a27ba7531,vggt,1,[0],2.022588170194783,2.142831728453539,2.263075286712295,0.0,0.0,0.0,1.9881526390733515,0.0,0.0,0.0,0.0,0.0,0.0,camera_rotation_center_and_target_diameter_scale_single_view,7.339679993994517,0.0,10000,10000,True,True,True,/content/cv3d-project/data/cache/reconstruction/predictions/03001627/1015e71a0d21b127de03ab2a27ba7531/9f1ec0ca8d4a703dc74c0d55.npz,eaec331f07ddfab66b342555dffbd08a5978dfb843f1f10ad540bb9ad63cc23f,/content/cv3d-project/data/cache/reconstruction/metrics/03001627/1015e71a0d21b127de03ab2a27ba7531/c843f1d20bca9814efe955d2.json,3.769895000004908
03001627/1015e71a0d21b127de03ab2a27ba7531,vggt,2,"[0, 4]",1.2510712772557055,1.3698246539182506,1.4885780305807954,0.0,0.0,0.0,1.9881526390733515,0.0,0.0,0.0,0.0,0.0,0.0,camera_pose_sim3,5.477398207850454,0.1706481137384141,10000,10000,True,False,True,/content/cv3d-project/data/cache/reconstruction/predictions/03001627/1015e71a0d21b127de03ab2a27ba7531/235d0540fc369c5a1b4a2846.npz,1f50fffd08bf24a85c2921f28cb50d90d03dfcab0cd552b6eaf53f38761ce947,/content/cv3d-project/data/cache/reconstruction/metrics/03001627/1015e71a0d21b127de03ab2a27ba7531/351bbad248aecae0286b6181.json,11.20440900012909
03001627/1015e71a0d21b127de03ab2a27ba7531,vggt,3,"[0, 4, 17]",0.09219826326988602,0.1098910967837261,0.1275839302975662,0.3840512839325018,0.0024825396825396825,0.008280722891566264,1.9881526390733515,0.5097,0.0046,0.0087,0.3081,0.0017,0.0079,camera_pose_sim3,2.5555788456429136,0.12874865856495343,10000,10000,True,False,True,/content/cv3d-project/data/cache/reconstruction/predictions/03001627/1015e71a0d21b127de03ab2a27ba7531/4e52b26593f07942cc94206e.npz,25b79b1af3a9b014345d7560a47df5cd9dfaeb951ff5a34f2ac658fb5ec2050f,/content/cv3d-project/data/cache/reconstruction/metrics/03001627/1015e71a0d21b127de03ab2a27ba7531/9261a0ac1fe9c3490d2d3b03.json,11.243092999848159
03001627/1015e71a0d21b127de03ab2a27ba7531,vggt,5,"[0, 4, 17, 25, 24]",0.04252194705568887,0.06959972089711834,0.09667749473854782,0.7098337598233422,0.058472156116135175,0.12421372356123955,1.9881526390733515,0.9848,0.175,0.3301,0.5549,0.0351,0.0765,camera_pose_sim3,2.6041001635857843,0.13807676030329907,10000,10000,True,False,True,/content/cv3d-project/data/cache/reconstruction/predictions/03001627/1015e71a0d21b127de03ab2a27ba7531/94ed74ae42070482c8d22bb8.npz,2651858303b11f6cd863e534cf26242e6df7bc83fa7d815da9f4d1704ea311bc,/content/cv3d-project/data/cache/reconstruction/metrics/03001627/1015e71a0d21b127de03ab2a27ba7531/388b848fb75527f982c315b9.json,11.316506000184745
03001627/1015e71a0d21b127de03ab2a27ba7531,vggt,10,"[0, 4, 17, 25, 24, 33, 40, 32, 46, 39]",0.06330889879744224,0.08300774830463675,0.10270659781183127,0.6220829367777022,0.036756140350877195,0.08668859897901304,1.9881526390733515,0.8244,0.0511,0.0995,0.4995,0.0287,0.0768,camera_pose_sim3,2.748454231075323,0.18307108014890147,10000,10000,True,False,True,/content/cv3d-project/data/cache/reconstruction/predictions/03001627/1015e71a0d21b127de03ab2a27ba7531/3586daf08d548b4b99c6aff3.npz,01666f317a2d8b5255e57266dec097d2ce44bd818a33276b0ff7b4f596f5281f,/content/cv3d-project/data/cache/reconstruction/metrics/03001627/1015e71a0d21b127de03ab2a27ba7531/6b59bea4ee632e03f64cd267.json,11.948315000154253
03001627/1016f4debe988507589aae130c1f06fb,vggt,1,[0],0.5545868468943789,0.6711808914913492,0.7877749360883195,0.0,0.0,0.0,1.9994412719593213,0.0,0.0,0.0,0.0,0.0,0.0,camera_rotation_center_and_target_diameter_scale_single_view,4.397000526109325,0.0,10000,10000,True,True,True,/content/cv3d-project/data/cache/reconstruction/predictions/03001627/1016f4debe988507589aae130c1f06fb/d1eb5b2ffced508b117451ba.npz,0a0d525c2ea4e20381d0b7642d9ee3252ec7b566f12c9f16594bc5f5277cd2f4,/content/cv3d-project/data/cache/reconstruction/metrics/03001627/1016f4debe988507589aae130c1f06fb/559a8b8fc60e3c187a354955.json,3.763116000300215
03001627/1016f4debe988507589aae130c1f06fb,vggt,2,"[0, 5]",0.2983955183641633,0.3389581698279127,0.37952082129166215,0.0,0.0,0.0,1.9994412719593213,0.0,0.0,0.0,0.0,0.0,0.0,camera_pose_sim3,1.7461836182933945,0.027054217040640472,10000,10000,True,False,True,/content/cv3d-project/data/cache/reconstruction/predictions/03001627/1016f4debe988507589aae130c1f06fb/eeb6990c3f02671bf8f8b4f2.npz,a0bed319f542698fe79b7b0635d4bdb1e2703136fddfd5cd41b65254f3a9b483,/content/cv3d-project/data/cache/reconstruction/metrics/03001627/1016f4debe988507589aae130c1f06fb/8fc92658726a924d35b46d64.json,11.532062999776826
03001627/1016f4debe988507589aae130c1f06fb,vggt,3,"[0, 5, 23]",0.04397439097131919,0.07650916097469285,0.1090439309780665,0.7568287081934602,0.018616822429906543,0.048078586572438166,1.9994412719593213,0.9997,0.0415,0.1108,0.6089,0.012,0.0307,camera_pose_sim3,2.5222506414158796,0.12259024540633799,10000,10000,True,False,True,/content/cv3d-project/data/cache/reconstruction/predictions/03001627/1016f4debe988507589aae130c1f06fb/03a0a726a813c1b1cf7744f9.npz,530c8f28145e21ed4c262ad30b3ad43c7d3df6f7b05d9b5e6e3ddf3d0837835d,/content/cv3d-project/data/cache/reconstruction/metrics/03001627/1016f4debe988507589aae130c1f06fb/da01b2ca1582f2a7e5f642fd.json,11.671098000078928
03001627/1016f4debe988507589aae130c1f06fb,vggt,5,"[0, 5, 23, 16, 31]",0.03942374674379708,0.07212769405141793,0.10483164135903877,0.7062567690115299,0.08295969052224372,0.17400690556177678,1.9994412719593213,0.997,0.2066,0.4265,0.5468,0.0519,0.1093,camera_pose_sim3,2.516371631365415,0.08715953999199355,10000,10000,True,False,True,/content/cv3d-project/data/cache/reconstruction/predictions/03001627/1016f4debe988507589aae130c1f06fb/6002b3d187bd6689b2b98551.npz,615638bc9a39a2f09605bc9a4ee473f70f937a12f98e83a79c24f87528fa8a9c,/content/cv3d-project/data/cache/reconstruction/metrics/03001627/1016f4debe988507589aae130c1f06fb/52374d8e4ab3b8f5e3aa043c.json,11.714613000094687
03001627/1016f4debe988507589aae130c1f06fb,vggt,10,"[0, 5, 23, 16, 31, 24, 32, 17, 25, 33]",0.033131735730513395,0.05561802485168262,0.07810431397285185,0.7937101308773631,0.06629705521472393,0.1624273116654069,1.9994412719593213,0.9864,0.1167,0.283,0.664,0.0463,0.1139,camera_pose_sim3,2.549875178903495,0.09146281358920463,10000,10000,True,False,True,/content/cv3d-project/data/cache/reconstruction/predictions/03001627/1016f4debe988507589aae130c1f06fb/0bb50dd1a41079cda0dcc8f5.npz,f777000c4b063d6d4026d3d797a56aca32d3d53752049aa3ca2e615c3b6092e9,/content/cv3d-project/data/cache/reconstruction/metrics/03001627/1016f4debe988507589aae130c1f06fb/6c36705589e739ac2c4d5989.json,12.399783000091702
03001627/1022fe7dd03f6a4d4d5ad9f13ac9f4e7,vggt,1,[0],2.6468833819818705,2.767436494753354,2.8879896075248377,0.0,0.0,0.0,1.9901375648804176,0.0,0.0,0.0,0.0,0.0,0.0,camera_rotation_center_and_target_diameter_scale_single_view,8.428871772092199,0.0,10000,10000,True,True,True,/content/cv3d-project/data/cache/reconstruction/predictions/03001627/1022fe7dd03f6a4d4d5ad9f13ac9f4e7/fb84fe0543b0e38bba26f561.npz,eaf92f173b454a16054068c59030cce95cb98b5635453afabf22d6f6d6e829cd,/content/cv3d-project/data/cache/reconstruction/metrics/03001627/1022fe7dd03f6a4d4d5ad9f13ac9f4e7/dc2e9b8d51762af9fdcc0e27.json,3.9174160001493874
03001627/1022fe7dd03f6a4d4d5ad9f13ac9f4e7,vggt,2,"[0, 5]",0.4422093875539288,0.5431852104852656,0.6441610334166024,0.0,0.0,0.0,1.9901375648804176,0.0,0.0,0.0,0.0,0.0,0.0,camera_pose_sim3,1.399589989362477,0.01781421101250793,10000,10000,True,False,True,/content/cv3d-project/data/cache/reconstruction/predictions/03001627/1022fe7dd03f6a4d4d5ad9f13ac9f4e7/c5f7dc1c800e07efa30183c8.npz,5a5228e6419708ca0dd3ee4bb51e2fad8d6e1a2713fcdc35a294265771405252,/content/cv3d-project/data/cache/reconstruction/metrics/03001627/1022fe7dd03f6a4d4d5ad9f13ac9f4e7/8352d8203bedcac0c3d4f2d9.json,12.648109000110708
03001627/1022fe7dd03f6a4d4d5ad9f13ac9f4e7,vggt,3,"[0, 5, 23]",0.22121703627353242,0.3184110935997578,0.4156051509259831,0.0,0.0,0.0,1.9901375648804176,0.0,0.0,0.0,0.0,0.0,0.0,camera_pose_sim3,3.159043922869754,0.1473922585480705,10000,10000,True,False,True,/content/cv3d-project/data/cache/reconstruction/predictions/03001627/1022fe7dd03f6a4d4d5ad9f13ac9f4e7/be9e78162639aeda61e86cab.npz,48efe324c884509a7c77bbfb5936f4546cb9a8479bd991f8308c41357b7224dd,/content/cv3d-project/data/cache/reconstruction/metrics/03001627/1022fe7dd03f6a4d4d5ad9f13ac9f4e7/e77c228e5a4a4e7e1d9233c1.json,11.542778000148246
03001627/1022fe7dd03f6a4d4d5ad9f13ac9f4e7,vggt,5,"[0, 5, 23, 16, 32]",0.16478026615445265,0.2499527404100106,0.33512521466556855,0.04257684210526316,0.0,0.0,1.9901375648804176,0.1264,0.0,0.0,0.0256,0.0,0.0,camera_pose_sim3,3.1815029580164484,0.19666777339877897,10000,10000,True,False,True,/content/cv3d-project/data/cache/reconstruction/predictions/03001627/1022fe7dd03f6a4d4d5ad9f13ac9f4e7/1b481b833262c3073c87fbb9.npz,45529ae20722ded35327db03b7b5b31213c51f9a330a68f8594965215a8bd585,/content/cv3d-project/data/cache/reconstruction/metrics/03001627/1022fe7dd03f6a4d4d5ad9f13ac9f4e7/892968ae4b17fd7238b630c9.json,11.626379000063025
03001627/1022fe7dd03f6a4d4d5ad9f13ac9f4e7,vggt,10,"[0, 5, 23, 16, 32, 24, 40, 33, 31, 39]",0.08306849337091915,0.14419528942785098,0.2053220854847828,0.2406034126163392,0.0169437125748503,0.034151396648044695,1.9901375648804176,0.6246,0.0393,0.0861,0.149,0.0108,0.0213,camera_pose_sim3,2.882357403961012,0.40958435631599405,10000,10000,True,False,True,/content/cv3d-project/data/cache/reconstruction/predictions/03001627/1022fe7dd03f6a4d4d5ad9f13ac9f4e7/9f3b9df6384903ed8714a83f.npz,0d8a8ef8af76c7ccad5c12b0c4ffed2af9215f4d294164fd23f0f8179fa47407,/content/cv3d-project/data/cache/reconstruction/metrics/03001627/1022fe7dd03f6a4d4d5ad9f13ac9f4e7/2abc9a2f0b118c6040c42227.json,12.271807999695739
03001627/1028b32dc1873c2afe26a3ac360dbd4,vggt,1,[0],1.4725361711326956,1.4695297187264167,1.4665232663201377,0.0,0.0,0.0,1.9896549594052118,0.0,0.0,0.0,0.0,0.0,0.0,camera_rotation_center_and_target_diameter_scale_single_view,5.987413145101402,0.0,10000,10000,True,True,True,/content/cv3d-project/data/cache/reconstruction/predictions/03001627/1028b32dc1873c2afe26a3ac360dbd4/5f080430759e86a97cfdac54.npz,a2d1d8d3d8ffbbb9df5f30264c78740360dc2afb23dcbcdababd69c932f9b525,/content/cv3d-project/data/cache/reconstruction/metrics/03001627/1028b32dc1873c2afe26a3ac360dbd4/4e14fd6a3225a244d21e01b9.json,3.815180999936274
03001627/1028b32dc1873c2afe26a3ac360dbd4,vggt,2,"[0, 5]",0.6736559985784275,0.7772835521550953,0.880911105731763,0.0,0.0,0.0,1.9896549594052118,0.0,0.0,0.0,0.0,0.0,0.0,camera_pose_sim3,1.079732359701555,0.02159861026571512,10000,10000,True,False,True,/content/cv3d-project/data/cache/reconstruction/predictions/03001627/1028b32dc1873c2afe26a3ac360dbd4/ae4447eb5a127b6b8cf733fb.npz,d0719c535363f51941fd6f22e89a7b4be5907b7ca82a7728cc64386554fda1e2,/content/cv3d-project/data/cache/reconstruction/metrics/03001627/1028b32dc1873c2afe26a3ac360dbd4/e89673ad8535c8d02f563e5f.json,11.343169000156195
03001627/1028b32dc1873c2afe26a3ac360dbd4,vggt,3,"[0, 5, 17]",0.07568334566616909,0.1140161306092542,0.1523489155523393,0.4342431276725718,0.01696502835538752,0.0416325952170062,1.9896549594052118,0.6582,0.0965,0.2026,0.324,0.0093,0.0232,camera_pose_sim3,2.610187994068791,0.32940799684417077,10000,10000,True,False,True,/content/cv3d-project/data/cache/reconstruction/predictions/03001627/1028b32dc1873c2afe26a3ac360dbd4/89535b88b22dd3fda8596014.npz,dc060f92c1d888ebd07bd2c240472bc0a7d2d6704b3149df2cc10707bf2e069a,/content/cv3d-project/data/cache/reconstruction/metrics/03001627/1028b32dc1873c2afe26a3ac360dbd4/dba40528fb72735c861a7019.json,12.055500000315078
03001627/1028b32dc1873c2afe26a3ac360dbd4,vggt,5,"[0, 5, 17, 25, 24]",0.07442222668651399,0.09801571304407464,0.1216091994016353,0.4990368569483613,0.03258476821192053,0.08698036476523088,1.9896549594052118,0.6023,0.0693,0.2023,0.426,0.0213,0.0554,camera_pose_sim3,2.6690720354582496,0.19653168557902762,10000,10000,True,False,True,/content/cv3d-project/data/cache/reconstruction/predictions/03001627/1028b32dc1873c2afe26a3ac360dbd4/d93ed1b391e912295530dec3.npz,b432ceb756e65fca0fc936bdc85a61a3c47c67bd019fa82ddbcbde04e844417f,/content/cv3d-project/data/cache/reconstruction/metrics/03001627/1028b32dc1873c2afe26a3ac360dbd4/fd95a7ab4879843e1c9066c7.json,11.552412000128243
03001627/1028b32dc1873c2afe26a3ac360dbd4,vggt,10,"[0, 5, 17, 25, 24, 33, 40, 32, 39, 46]",0.07505170396970952,0.10198589105180036,0.1289200781338912,0.4895412029339854,0.06605566097406704,0.12194819819819819,1.9896549594052118,0.6166,0.1111,0.2275,0.4059,0.047,0.0833,camera_pose_sim3,2.41332035785955,0.40404237777353613,10000,10000,True,False,True,/content/cv3d-project/data/cache/reconstruction/predictions/03001627/1028b32dc1873c2afe26a3ac360dbd4/4a471e550f3857a4d40c6523.npz,e1e72bc3ed645553954e0a9e583c14b128357be3718221c6160b059f23379cf4,/content/cv3d-project/data/cache/reconstruction/metrics/03001627/1028b32dc1873c2afe26a3ac360dbd4/dc73fcd2d26b475c9dfee266.json,12.287680000099499
03001627/1031fc859dc3177a2f84cb7932f866fd,vggt,1,[0],2.113484913672919,2.210818605848708,2.3081522980244973,0.0,0.0,0.0,1.9930527641370261,0.0,0.0,0.0,0.0,0.0,0.0,camera_rotation_center_and_target_diameter_scale_single_view,7.50730564724865,0.0,10000,10000,True,True,True,/content/cv3d-project/data/cache/reconstruction/predictions/03001627/1031fc859dc3177a2f84cb7932f866fd/40f63a7b31d9ff0c771591a9.npz,98e637e8f0ca7cedf28d026eeaafc39343f9232d9c329fa2ce87ea4a8b11a40c,/content/cv3d-project/data/cache/reconstruction/metrics/03001627/1031fc859dc3177a2f84cb7932f866fd/8f28dc33374524934717e8ad.json,3.806442000040988
03001627/1031fc859dc3177a2f84cb7932f866fd,vggt,2,"[0, 4]",0.02443090418866743,0.09118701096003382,0.1579431177314002,0.46319348394037185,0.013913273195876288,0.03599772956609486,1.9930527641370261,1.0,0.1479,0.3775,0.3014,0.0073,0.0189,camera_pose_sim3,2.6243109931155537,0.05102300936013057,10000,10000,True,False,True,/content/cv3d-project/data/cache/reconstruction/predictions/03001627/1031fc859dc3177a2f84cb7932f866fd/972b3578349af602ce551ffd.npz,c8442192d44718abaa2ce951a9115e79163491b3ee96f084293d85062d7d8d82,/content/cv3d-project/data/cache/reconstruction/metrics/03001627/1031fc859dc3177a2f84cb7932f866fd/a39af01a552cbc689b19e0d4.json,11.621157000263338
03001627/1031fc859dc3177a2f84cb7932f866fd,vggt,3,"[0, 4, 25]",0.02227918824404187,0.10647923773570481,0.19067928722736774,0.31586786349394524,0.0308387139542592,0.06930309818181818,1.9930527641370261,0.9931,0.2854,0.6509,0.1878,0.0163,0.0366,camera_pose_sim3,2.3188904686044545,0.5052000395012667,10000,10000,True,False,True,/content/cv3d-project/data/cache/reconstruction/predictions/03001627/1031fc859dc3177a2f84cb7932f866fd/9c40a704b3e59fd5b8837639.npz,1b2c5fac815708e18db29b9d92a19422ef02d3f0be73193191aaef17ab054523,/content/cv3d-project/data/cache/reconstruction/metrics/03001627/1031fc859dc3177a2f84cb7932f866fd/5a9e338f769196ebc7b3c8e7.json,11.853236999741057
03001627/1031fc859dc3177a2f84cb7932f866fd,vggt,5,"[0, 4, 25, 33, 34]",0.09410682012010224,0.23438194625358164,0.37465707238706103,0.05596626219994724,0.0,0.0,1.9930527641370261,0.7291,0.0,0.0,0.0291,0.0,0.0,camera_pose_sim3,0.8329192436165727,1.1455521320622144,10000,10000,True,False,True,/content/cv3d-project/data/cache/reconstruction/predictions/03001627/1031fc859dc3177a2f84cb7932f866fd/74f0d838ad2489b790ba0414.npz,9ed5fff190f50a8928be43d078d875bc49e021b4e52a4ea3c4c74d249f05d7a7,/content/cv3d-project/data/cache/reconstruction/metrics/03001627/1031fc859dc3177a2f84cb7932f866fd/62e08fb563f3d7c7d2418f84.json,12.66781100002845
03001627/1031fc859dc3177a2f84cb7932f866fd,vggt,10,"[0, 4, 25, 33, 34, 41, 24, 17, 42, 32]",0.05241380200368714,0.10603416611458662,0.1596545302254861,0.4279999298737728,0.04250157728706625,0.09179669367909238,1.9930527641370261,0.8554,0.0998,0.2524,0.2854,0.027,0.0561,camera_pose_sim3,2.6366595636260044,0.37693211192580367,10000,10000,True,False,True,/content/cv3d-project/data/cache/reconstruction/predictions/03001627/1031fc859dc3177a2f84cb7932f866fd/b2bc9e8666047e73153341f3.npz,afe8fbfc7526599d446708fde3830ee704bfe4bc9096125a103f47e74b334edb,/content/cv3d-project/data/cache/reconstruction/metrics/03001627/1031fc859dc3177a2f84cb7932f866fd/3e69211b6370a2e8eb854613.json,12.183733000256325
03001627/1033ee86cc8bac4390962e4fb7072b86,vggt,1,[0],2.3951645745929584,2.54619153080082,2.6972184870086817,0.0,0.0,0.0,1.997194846097808,0.0,0.0,0.0,0.0,0.0,0.0,camera_rotation_center_and_target_diameter_scale_single_view,8.177978725153451,0.0,10000,10000,True,True,True,/content/cv3d-project/data/cache/reconstruction/predictions/03001627/1033ee86cc8bac4390962e4fb7072b86/3ed4729770a5a465536a2d21.npz,73497413af37521dd57fd431058020c9602d05e25c1ca26fe383f433e486f9b6,/content/cv3d-project/data/cache/reconstruction/metrics/03001627/1033ee86cc8bac4390962e4fb7072b86/f1249be20b6087d53daba3b2.json,3.778591000354936
03001627/1033ee86cc8bac4390962e4fb7072b86,vggt,2,"[0, 25]",0.05464609089800278,0.19962368008389875,0.34460126926979473,0.05859648012655726,0.002478688524590164,0.007461624026696329,1.997194846097808,0.9812,0.0108,0.086,0.0302,0.0014,0.0039,camera_pose_sim3,0.8286567176277784,1.0689790311457137,10000,10000,True,False,True,/content/cv3d-project/data/cache/reconstruction/predictions/03001627/1033ee86cc8bac4390962e4fb7072b86/3fd8f8ecfa18afec58279baa.npz,749c33d132f392ff14b029aa0de6463c7dd76e01bb5b0e02f6c0d46697ce30e0,/content/cv3d-project/data/cache/reconstruction/metrics/03001627/1033ee86cc8bac4390962e4fb7072b86/72150484f6e0a3adb71e3f78.json,11.242622999816376
03001627/1033ee86cc8bac4390962e4fb7072b86,vggt,3,"[0, 25, 33]",1.3012360228702273,1.4237593985469723,1.5462827742237173,0.0,0.0,0.0,1.997194846097808,0.0,0.0,0.0,0.0,0.0,0.0,camera_pose_sim3_positive_scale_fallback,1.8325302326388433,1.3390201338270054,10000,10000,True,False,True,/content/cv3d-project/data/cache/reconstruction/predictions/03001627/1033ee86cc8bac4390962e4fb7072b86/48bda3a8d1d7db18676e00ff.npz,5b13e131dd6771ed2acad556590848d45a117c317eebd2e44697b0f9a3a1b8b8,/content/cv3d-project/data/cache/reconstruction/metrics/03001627/1033ee86cc8bac4390962e4fb7072b86/aa4488a8bdd38445d1a11559.json,11.311030999877403
03001627/1033ee86cc8bac4390962e4fb7072b86,vggt,5,"[0, 25, 33, 40, 46]",0.15554084384027006,0.3772322478264041,0.598923651812538,0.0,0.0,0.0,1.997194846097808,0.0,0.0,0.0,0.0,0.0,0.0,camera_pose_sim3,0.7378915217775952,1.0784297578514073,10000,10000,True,False,True,/content/cv3d-project/data/cache/reconstruction/predictions/03001627/1033ee86cc8bac4390962e4fb7072b86/342917e11a731a92dd824082.npz,f88c51ea3bc4bd6e7c6748a37c446b603b7c60b4291f81f99b3b652fe9da0fac,/content/cv3d-project/data/cache/reconstruction/metrics/03001627/1033ee86cc8bac4390962e4fb7072b86/a3928d7b366cff8d88a1351b.json,11.468065999906685
03001627/1033ee86cc8bac4390962e4fb7072b86,vggt,10,"[0, 25, 33, 40, 46, 18, 32, 39, 24, 26]",0.10128143653636049,0.3304860832823974,0.5596907300284344,0.010278307830783078,0.0,0.0,1.997194846097808,0.4392,0.0,0.0,0.0052,0.0,0.0,camera_pose_sim3,0.32653593321617386,1.1170246004143227,10000,10000,True,False,True,/content/cv3d-project/data/cache/reconstruction/predictions/03001627/1033ee86cc8bac4390962e4fb7072b86/4ac4e860809eb91cb4271449.npz,65ff824005b7318c241ad36543d08492bf2c7fcae6cb19b03fdc73345e32948f,/content/cv3d-project/data/cache/reconstruction/metrics/03001627/1033ee86cc8bac4390962e4fb7072b86/8469afb49dd4d0503289d8ab.json,11.727614999927027
03001627/103a0a413d4c3353a723872ad91e4ed1,vggt,1,[0],1.2539236225011678,1.3293590265310637,1.4047944305609597,0.0,0.0,0.0,1.9968409076035605,0.0,0.0,0.0,0.0,0.0,0.0,camera_rotation_center_and_target_diameter_scale_single_view,5.499258087376072,0.0,10000,10000,True,True,True,/content/cv3d-project/data/cache/reconstruction/predictions/03001627/103a0a413d4c3353a723872ad91e4ed1/55162404d0c484465ac9bc49.npz,191da62774dfade1a9a69edfcac11147220ce2bd87eb0b9f43738f9898748b96,/content/cv3d-project/data/cache/reconstruction/metrics/03001627/103a0a413d4c3353a723872ad91e4ed1/b12ce20f20a68333f979fece.json,3.7254640001265216
03001627/103a0a413d4c3353a723872ad91e4ed1,vggt,2,"[0, 4]",1.7275436267831297,1.7653946066861201,1.8032455865891104,0.0,0.0,0.0,1.9968409076035605,0.0,0.0,0.0,0.0,0.0,0.0,camera_pose_sim3_positive_scale_fallback,1.0894554087302046,1.6918218282530306e-16,10000,10000,True,False,True,/content/cv3d-project/data/cache/reconstruction/predictions/03001627/103a0a413d4c3353a723872ad91e4ed1/6b194a97817580714196ba53.npz,50f986e89e8362ee39c428089e0e42ec57846f6c49f9c5df0c8b92493fa08a5b,/content/cv3d-project/data/cache/reconstruction/metrics/03001627/103a0a413d4c3353a723872ad91e4ed1/3de64a6e2df4fade18fa9d64.json,11.180725000031089
03001627/103a0a413d4c3353a723872ad91e4ed1,vggt,3,"[0, 4, 26]",0.024146302349864743,0.09759911664188026,0.17105193093389576,0.4152139461172742,0.02800796812749004,0.0659242105263158,1.9968409076035605,1.0,0.2109,0.4298,0.262,0.015,0.0357,camera_pose_sim3,1.2783054373039247,0.8301462734197456,10000,10000,True,False,True,/content/cv3d-project/data/cache/reconstruction/predictions/03001627/103a0a413d4c3353a723872ad91e4ed1/fec9a5068a57f04f866ab5e5.npz,5a3d93859b520acc0adea79939abb72be8d30f68ef853ea8de2e1cc0d75e6e89,/content/cv3d-project/data/cache/reconstruction/metrics/03001627/103a0a413d4c3353a723872ad91e4ed1/90bffd4de2f15d1282ae9184.json,13.651136999669689
03001627/103a0a413d4c3353a723872ad91e4ed1,vggt,5,"[0, 4, 26, 18, 25]",0.1178128472646706,0.13363642496341402,0.14946000266215742,0.30854867427285876,0.025647398843930636,0.06336569579288026,1.9968409076035605,0.3396,0.0522,0.11,0.2827,0.017,0.0445,camera_pose_sim3,2.7408238808731427,0.2366397252392268,10000,10000,True,False,True,/content/cv3d-project/data/cache/reconstruction/predictions/03001627/103a0a413d4c3353a723872ad91e4ed1/76690e5052485f4ff7391c81.npz,4234a05690c269e40208e771a0d13371ac667de9f07a3cb6ec8a14f9721de5ef,/content/cv3d-project/data/cache/reconstruction/metrics/03001627/103a0a413d4c3353a723872ad91e4ed1/9e6b7007ea6f58a42f82c7ed.json,11.684327999773814
03001627/103a0a413d4c3353a723872ad91e4ed1,vggt,10,"[0, 4, 26, 18, 25, 34, 33, 40, 42, 35]",0.088043977292613,0.09952651284227831,0.11100904839194363,0.44928394466568855,0.028755405405405405,0.06742899408284023,1.9968409076035605,0.5923,0.0346,0.071,0.3619,0.0246,0.0642,camera_pose_sim3,2.747576495582667,0.27183403484338975,10000,10000,True,False,True,/content/cv3d-project/data/cache/reconstruction/predictions/03001627/103a0a413d4c3353a723872ad91e4ed1/697a4024e613a9134166d4a1.npz,757def57fb72f78db688996f198e64ecb70b6a0670764df9519f7939d68e97ee,/content/cv3d-project/data/cache/reconstruction/metrics/03001627/103a0a413d4c3353a723872ad91e4ed1/a0b3d018a85545d3647d5a41.json,12.025160999655782
03001627/103a60f3b09107df2da1314e036b435e,vggt,1,[0],0.8330138845090093,0.9612239779552156,1.089434071401422,0.0,0.0,0.0,1.9960409907598953,0.0,0.0,0.0,0.0,0.0,0.0,camera_rotation_center_and_target_diameter_scale_single_view,4.910036167772487,0.0,10000,10000,True,True,True,/content/cv3d-project/data/cache/reconstruction/predictions/03001627/103a60f3b09107df2da1314e036b435e/ab5bcba1dc14f8a552bb42fd.npz,58f70e2d2de8cf3fdeb403936321d1eb508148ff0b78f94942286e3e451991b6,/content/cv3d-project/data/cache/reconstruction/metrics/03001627/103a60f3b09107df2da1314e036b435e/afdfd82ed17d53bd4c7c4676.json,3.7703779998992104
03001627/103a60f3b09107df2da1314e036b435e,vggt,2,"[0, 25]",0.09203235492535944,0.17416826507483144,0.25630417522430343,0.14904612068965517,0.0022523076923076923,0.005107228915662651,1.9960409907598953,0.5161,0.0183,0.0471,0.0871,0.0012,0.0027,camera_pose_sim3,1.5646239162181848,1.0199751458675637,10000,10000,True,False,True,/content/cv3d-project/data/cache/reconstruction/predictions/03001627/103a60f3b09107df2da1314e036b435e/7c7d1ff85f599c1f9d730c59.npz,c520fdb650dd43795a34d56af0af97bd98e2f1c8954cd04a87cba6c09078ebe7,/content/cv3d-project/data/cache/reconstruction/metrics/03001627/103a60f3b09107df2da1314e036b435e/c7a41eb977e49e1a48e65323.json,11.27001399981964
03001627/103a60f3b09107df2da1314e036b435e,vggt,3,"[0, 25, 33]",0.3734506375192125,0.5228484182020618,0.6722461988849111,0.0,0.0,0.0,1.9960409907598953,0.0,0.0,0.0,0.0,0.0,0.0,camera_pose_sim3,2.0193210134791264,0.9727887713768122,10000,10000,True,False,True,/content/cv3d-project/data/cache/reconstruction/predictions/03001627/103a60f3b09107df2da1314e036b435e/8a244fa7a821372b78ff94f6.npz,3ce63fff702ed706a793c6e31d0b92de9ead08286262b6af35d57060fdf871dd,/content/cv3d-project/data/cache/reconstruction/metrics/03001627/103a60f3b09107df2da1314e036b435e/030ab15548de5f7703dae77b.json,11.281911999958538
03001627/103a60f3b09107df2da1314e036b435e,vggt,5,"[0, 25, 33, 41, 34]",0.20696133704983838,0.3141321321864935,0.42130292732314867,0.002879279279279279,0.0,0.0,1.9960409907598953,0.0094,0.0,0.0,0.0017,0.0,0.0,camera_pose_sim3,2.460470869130597,0.6203507374898859,10000,10000,True,False,True,/content/cv3d-project/data/cache/reconstruction/predictions/03001627/103a60f3b09107df2da1314e036b435e/5f4d9cf160fc5affce357ca8.npz,04d9b9594beedde82edcfbaf74ba3acb8a2e81c8f39423bf1ba3a1c901c9bd12,/content/cv3d-project/data/cache/reconstruction/metrics/03001627/103a60f3b09107df2da1314e036b435e/760ce4e9892675005cd8ffa2.json,11.474669999643083
03001627/103a60f3b09107df2da1314e036b435e,vggt,10,"[0, 25, 33, 41, 34, 46, 24, 16, 38, 31]",0.32134757269459563,0.3818515545305795,0.44235553636656333,0.0,0.0,0.0,1.9960409907598953,0.0,0.0,0.0,0.0,0.0,0.0,camera_pose_sim3,1.6710919275094218,0.7880200211309677,10000,10000,True,False,True,/content/cv3d-project/data/cache/reconstruction/predictions/03001627/103a60f3b09107df2da1314e036b435e/a8fc17cdde7ad11701a62f7a.npz,2b23a2e243d50e3255e02da2e797cc8db314981c2a9e2e40a51cedc010a49f18,/content/cv3d-project/data/cache/reconstruction/metrics/03001627/103a60f3b09107df2da1314e036b435e/11fc0aab95c64a49c9353e7e.json,12.027981000301224
03001627/103b75dfd146976563ed57e35c972b4b,vggt,1,[0],2.2601585481979463,2.399761039791665,2.539363531385384,0.0,0.0,0.0,1.9989316138329147,0.0,0.0,0.0,0.0,0.0,0.0,camera_rotation_center_and_target_diameter_scale_single_view,8.060281285173867,0.0,10000,10000,True,True,True,/content/cv3d-project/data/cache/reconstruction/predictions/03001627/103b75dfd146976563ed57e35c972b4b/3b0c538bbe3662ca14d788e9.npz,a9223ffe7a36121475f6601f57c998c0965f99098ad53a037589cb4deec82b64,/content/cv3d-project/data/cache/reconstruction/metrics/03001627/103b75dfd146976563ed57e35c972b4b/1158b60047f1c8f33c4a58c6.json,3.8113380001050245
03001627/103b75dfd146976563ed57e35c972b4b,vggt,2,"[0, 17]",0.2506253822465742,0.3883300017948409,0.5260346213431076,0.0,0.0,0.0,1.9989316138329147,0.0,0.0,0.0,0.0,0.0,0.0,camera_pose_sim3,1.7867457546242445,0.6299810160320699,10000,10000,True,True,True,/content/cv3d-project/data/cache/reconstruction/predictions/03001627/103b75dfd146976563ed57e35c972b4b/184204e63bcf09c97f5266c5.npz,4509e660e2468cc51964f3da3000f3dd2f53207282cfc7a398954aa57bb0d7c4,/content/cv3d-project/data/cache/reconstruction/metrics/03001627/103b75dfd146976563ed57e35c972b4b/ba482a2f5cc833381b428364.json,2.414859000055003
03001627/103b75dfd146976563ed57e35c972b4b,vggt,3,"[0, 17, 24]",0.19484160683293067,0.32671531210769145,0.4585890173824523,0.019960202360876894,0.0,0.0,1.9989316138329147,0.0466,0.0,0.0,0.0127,0.0,0.0,camera_pose_sim3,2.020246531863241,0.5958672100025073,10000,10000,True,False,True,/content/cv3d-project/data/cache/reconstruction/predictions/03001627/103b75dfd146976563ed57e35c972b4b/e18a6ae15c95c72cec1a29c2.npz,5d7104b664ec96c109d1d3f5bec999644d439a04957fd3ce5a287b132ae64793,/content/cv3d-project/data/cache/reconstruction/metrics/03001627/103b75dfd146976563ed57e35c972b4b/b3b144e707104803eccd6789.json,11.419996999848081
03001627/103b75dfd146976563ed57e35c972b4b,vggt,5,"[0, 17, 24, 44, 37]",0.04046926701718162,0.13797572522354712,0.2354821834299126,0.2710926694329184,0.017329773030707613,0.048415997023809526,1.9989316138329147,1.0,0.0649,0.2419,0.1568,0.01,0.0269,camera_pose_sim3,2.481049212745677,0.6370652565318862,10000,10000,True,False,True,/content/cv3d-project/data/cache/reconstruction/predictions/03001627/103b75dfd146976563ed57e35c972b4b/e283ed5c3844a32934768287.npz,73cc56f539028bfe65fdbbc8b1d10edc5ec5d99a33f919bc06238c764c5feab8,/content/cv3d-project/data/cache/reconstruction/metrics/03001627/103b75dfd146976563ed57e35c972b4b/708e66ba7af084efdeb82817.json,11.535175000062736
03001627/103b75dfd146976563ed57e35c972b4b,vggt,10,"[0, 17, 24, 44, 37, 32, 39, 35, 42, 26]",0.07398809352363858,0.2569058103825612,0.4398235272414838,0.08301807162534436,0.012505546218487394,0.025007520713830465,1.9989316138329147,0.6818,0.0524,0.1432,0.0442,0.0071,0.0137,camera_pose_sim3,1.869758108187198,0.8043606837108207,10000,10000,True,False,True,/content/cv3d-project/data/cache/reconstruction/predictions/03001627/103b75dfd146976563ed57e35c972b4b/2bafa2f76be24bb1152a7174.npz,e7ecab27ea5219403b73937b7f0d0787d0e2b891ba018c38b81ab8d3087b3d66,/content/cv3d-project/data/cache/reconstruction/metrics/03001627/103b75dfd146976563ed57e35c972b4b/cef6d7452e8a57bc9d0d26f4.json,11.976895999850967
03001627/103c31671f8c0b1467bb14b25f99796e,vggt,1,[0],1.6709297570894155,1.7871199971939298,1.903310237298444,0.0,0.0,0.0,1.9959527454340613,0.0,0.0,0.0,0.0,0.0,0.0,camera_rotation_center_and_target_diameter_scale_single_view,6.502301946125564,0.0,10000,10000,True,True,True,/content/cv3d-project/data/cache/reconstruction/predictions/03001627/103c31671f8c0b1467bb14b25f99796e/dba55e06b884513ac07f2599.npz,a80e093e6525503e9883c7a4538b691beba95e73a4f3963aac7b0eb195ed7b51,/content/cv3d-project/data/cache/reconstruction/metrics/03001627/103c31671f8c0b1467bb14b25f99796e/f12fb2fb1c739e2d673f9870.json,3.8946290001149464
03001627/103c31671f8c0b1467bb14b25f99796e,vggt,2,"[0, 4]",0.17642065154953948,0.2516792921049387,0.32693793266033794,0.0,0.0,0.0,1.9959527454340613,0.0,0.0,0.0,0.0,0.0,0.0,camera_pose_sim3,2.043808620414915,0.02895288459971781,10000,10000,True,False,True,/content/cv3d-project/data/cache/reconstruction/predictions/03001627/103c31671f8c0b1467bb14b25f99796e/ccd313a269df2d565678a9e8.npz,b473a6c9da534c54c22f2154ac1d438b4649ca3ce3a1555c17fdae392810799e,/content/cv3d-project/data/cache/reconstruction/metrics/03001627/103c31671f8c0b1467bb14b25f99796e/facaecfb05cd618ec5f0cf30.json,11.38342600006581
03001627/103c31671f8c0b1467bb14b25f99796e,vggt,3,"[0, 4, 12]",0.20255714557324692,0.2668684963878947,0.3311798472025425,0.0,0.0,0.0,1.9959527454340613,0.0,0.0,0.0,0.0,0.0,0.0,camera_pose_sim3,2.0128082912373952,0.06346194257734943,10000,10000,True,False,True,/content/cv3d-project/data/cache/reconstruction/predictions/03001627/103c31671f8c0b1467bb14b25f99796e/befe3294fb581815adafecf6.npz,deb05e39c0c765238ae8035aaf2995730d8177a6531d0e4088d8fc17e728c4b5,/content/cv3d-project/data/cache/reconstruction/metrics/03001627/103c31671f8c0b1467bb14b25f99796e/b7c01e86114ebdfef461cf95.json,11.459399000159465
03001627/103c31671f8c0b1467bb14b25f99796e,vggt,5,"[0, 4, 12, 27, 25]",0.08218990508688424,0.1013416802503947,0.12049345541390515,0.4595178899578424,0.023781280788177338,0.05693287671232876,1.9959527454340613,0.5,0.0447,0.0897,0.4251,0.0162,0.0417,camera_pose_sim3,2.625623402025309,0.14998043554911492,10000,10000,True,False,True,/content/cv3d-project/data/cache/reconstruction/predictions/03001627/103c31671f8c0b1467bb14b25f99796e/bd60a24a917a65ac118d4f34.npz,c174644486af2bf19cfab278286550497b62da42f8ebaef40bf478a5673378b2,/content/cv3d-project/data/cache/reconstruction/metrics/03001627/103c31671f8c0b1467bb14b25f99796e/563cb5ce41f52c685aedd17b.json,11.581109999951877
03001627/103c31671f8c0b1467bb14b25f99796e,vggt,10,"[0, 4, 12, 27, 25, 33, 40, 34, 41, 46]",0.14381563129074704,0.24313128796332173,0.3424469446358964,0.08601534959349592,0.0,0.0,1.9959527454340613,0.2558,0.0,0.0,0.0517,0.0,0.0,camera_pose_sim3,1.9834224470567043,0.7760528530929359,10000,10000,True,False,True,/content/cv3d-project/data/cache/reconstruction/predictions/03001627/103c31671f8c0b1467bb14b25f99796e/b21337fe9ccbeb999ee79564.npz,55817efd2fadc8779fb156369920bbd548c59f9963d16f55ac685832e8e8760b,/content/cv3d-project/data/cache/reconstruction/metrics/03001627/103c31671f8c0b1467bb14b25f99796e/90c469066781dff05a3a7617.json,12.058717999934743
03001627/103d77d63f0d68a044e6721e9db29c1b,vggt,1,[0],1.4237822160315816,1.4274501478871269,1.431118079742672,0.0,0.0,0.0,1.9996202322606424,0.0,0.0,0.0,0.0,0.0,0.0,camera_rotation_center_and_target_diameter_scale_single_view,5.948815971005466,0.0,10000,10000,True,True,True,/content/cv3d-project/data/cache/reconstruction/predictions/03001627/103d77d63f0d68a044e6721e9db29c1b/b56d7a0e7d0c51cc32df456e.npz,d5dbc6787719fbeebcc84f336f1570711669eb8e21a3e4f9925f636569d6bbb4,/content/cv3d-project/data/cache/reconstruction/metrics/03001627/103d77d63f0d68a044e6721e9db29c1b/aa5efe8c678a87f878b8be59.json,3.727055000126711
03001627/103d77d63f0d68a044e6721e9db29c1b,vggt,2,"[0, 17]",0.9834014084450405,1.1104941503059256,1.2375868921668105,0.0,0.0,0.0,1.9996202322606424,0.0,0.0,0.0,0.0,0.0,0.0,camera_pose_sim3,1.7967050650484828,0.4941350131694857,10000,10000,True,False,True,/content/cv3d-project/data/cache/reconstruction/predictions/03001627/103d77d63f0d68a044e6721e9db29c1b/034d66cb6a7305d6bff73320.npz,aff8593ae7ae66ff10a59fd2ddd05f371d081b047a5a46d09f116e7d44ceee25,/content/cv3d-project/data/cache/reconstruction/metrics/03001627/103d77d63f0d68a044e6721e9db29c1b/f551a7bb0babb84ea1622f49.json,11.53923499987286
03001627/103d77d63f0d68a044e6721e9db29c1b,vggt,3,"[0, 17, 25]",0.019461829214754412,0.09077309573658235,0.16208436225841028,0.48530748258103606,0.05008014505893019,0.12292545824847251,1.9996202322606424,1.0,0.1918,0.5694,0.3204,0.0288,0.0689,camera_pose_sim3,3.0097500534321684,0.06096567006392074,10000,10000,True,False,True,/content/cv3d-project/data/cache/reconstruction/predictions/03001627/103d77d63f0d68a044e6721e9db29c1b/d3321f6cd3038ddc213d6445.npz,4b4ba80065039cb333b0a73fd383994bee01814739ea69e520cdb4037e353375,/content/cv3d-project/data/cache/reconstruction/metrics/03001627/103d77d63f0d68a044e6721e9db29c1b/87f1b567efbdcd056cf7172d.json,11.750776000098995
03001627/103d77d63f0d68a044e6721e9db29c1b,vggt,5,"[0, 17, 25, 34, 42]",0.018651929564794802,0.0551006712665586,0.09154941296832239,0.7188520914739607,0.08960096813231141,0.22482947609359102,1.9996202322606424,1.0,0.1892,0.6505,0.5611,0.0587,0.1359,camera_pose_sim3,2.8474519522355037,0.06737942721831024,10000,10000,True,False,True,/content/cv3d-project/data/cache/reconstruction/predictions/03001627/103d77d63f0d68a044e6721e9db29c1b/99b3a8b267cc21f539e42162.npz,4bab5c26a9c9c5f91585cfedb91662b1ec263cb97551fe57a7a07dd10a2be44e,/content/cv3d-project/data/cache/reconstruction/metrics/03001627/103d77d63f0d68a044e6721e9db29c1b/481dda6423a7e3ceb067f42f.json,11.855807999836543
03001627/103d77d63f0d68a044e6721e9db29c1b,vggt,10,"[0, 17, 25, 34, 42, 47, 8, 41, 33, 31]",0.016801451877747856,0.04933138190823767,0.08186131193872749,0.7860394537177542,0.17244478352088496,0.2637547473447055,1.9996202322606424,1.0,0.4155,0.7731,0.6475,0.1088,0.159,camera_pose_sim3,2.782900093397155,0.20886164838290838,10000,10000,True,False,True,/content/cv3d-project/data/cache/reconstruction/predictions/03001627/103d77d63f0d68a044e6721e9db29c1b/6c1aeeeccdcc95a1aba675fb.npz,8861dcf001b9fb7bc2dfc442e9db5fcf618ecdbeaf044fc80f2c872df33a471e,/content/cv3d-project/data/cache/reconstruction/metrics/03001627/103d77d63f0d68a044e6721e9db29c1b/5f3874954af6cd80b0c43de4.json,12.124219999805064
03001627/104256e5bb73b0b719fb4103277a6b93,vggt,1,[0],2.6475183573140018,2.7695418363360043,2.8915653153580063,0.0,0.0,0.0,1.9893335399110168,0.0,0.0,0.0,0.0,0.0,0.0,camera_rotation_center_and_target_diameter_scale_single_view,8.658553025337016,0.0,10000,10000,True,True,True,/content/cv3d-project/data/cache/reconstruction/predictions/03001627/104256e5bb73b0b719fb4103277a6b93/4f51827d4520a17d5fd667b7.npz,e43114707b93fdd00a38083946591e9061238956b9ac4460aadf90e8c3032aca,/content/cv3d-project/data/cache/reconstruction/metrics/03001627/104256e5bb73b0b719fb4103277a6b93/c7c7ca843d15015900ac4574.json,3.9664060000177415
03001627/104256e5bb73b0b719fb4103277a6b93,vggt,2,"[0, 4]",0.03238877534467938,0.1327612033531239,0.23313363136156842,0.27563258232235704,0.002439810426540284,0.013245743329097842,1.9893335399110168,0.994,0.0198,0.0714,0.16,0.0013,0.0073,camera_pose_sim3,2.234791284332529,0.029765991901874424,10000,10000,True,False,True,/content/cv3d-project/data/cache/reconstruction/predictions/03001627/104256e5bb73b0b719fb4103277a6b93/0989e4235fc9426549ea4244.npz,41c49c8c4932615c3914312f11531d77925fd1301a6a764a602f567caf4d0cd6,/content/cv3d-project/data/cache/reconstruction/metrics/03001627/104256e5bb73b0b719fb4103277a6b93/2a247d9045aededc89e32575.json,11.83856099987679
03001627/104256e5bb73b0b719fb4103277a6b93,vggt,3,"[0, 4, 26]",0.023535286171689665,0.07929310194417194,0.1350509177166542,0.521475567383751,0.038462724485326324,0.08587419532830605,1.9893335399110168,1.0,0.2071,0.4967,0.3527,0.0212,0.047,camera_pose_sim3,2.599110136064123,0.08301876412991775,10000,10000,True,False,True,/content/cv3d-project/data/cache/reconstruction/predictions/03001627/104256e5bb73b0b719fb4103277a6b93/045ff700f4cd4a9356e23d18.npz,a7f705121c0c0c77e1db386ff100826f71fd0e0a2c08ced346afd4f658c1c6ba,/content/cv3d-project/data/cache/reconstruction/metrics/03001627/104256e5bb73b0b719fb4103277a6b93/875ac02d0693816a11f3ed39.json,11.78340600017691
03001627/104256e5bb73b0b719fb4103277a6b93,vggt,5,"[0, 4, 26, 18, 34]",0.030388798400236876,0.07051478210546955,0.11064076581070222,0.610435628430487,0.04772086457873841,0.0890802120890774,1.9893335399110168,1.0,0.1996,0.4217,0.4393,0.0271,0.0498,camera_pose_sim3,2.6753232387951043,0.07840968144742932,10000,10000,True,False,True,/content/cv3d-project/data/cache/reconstruction/predictions/03001627/104256e5bb73b0b719fb4103277a6b93/665292d98a10f5cfe5f38054.npz,9c7e928b7ed2d25ef5bc3a1b88c67d5720bb507084e897539b0ed6569c6ce4c3,/content/cv3d-project/data/cache/reconstruction/metrics/03001627/104256e5bb73b0b719fb4103277a6b93/441ca3e0933881d75b49866d.json,11.82587399989643
03001627/104256e5bb73b0b719fb4103277a6b93,vggt,10,"[0, 4, 26, 18, 34, 25, 33, 41, 46, 39]",0.03394401896485912,0.06505296808903262,0.0961619172132061,0.6693762959895079,0.052337297297297296,0.14625271612766855,1.9893335399110168,0.9239,0.0931,0.3827,0.5248,0.0364,0.0904,camera_pose_sim3,2.754100410545005,0.14181493624401653,10000,10000,True,False,True,/content/cv3d-project/data/cache/reconstruction/predictions/03001627/104256e5bb73b0b719fb4103277a6b93/2c4c89ece861bb2ba305ae31.npz,d2e468adb1585e9300863b67d8570d7cae8976bdfc1ee3d7dba104cee89d5383,/content/cv3d-project/data/cache/reconstruction/metrics/03001627/104256e5bb73b0b719fb4103277a6b93/f812d46d5cc20a2c4c389e9a.json,13.092820999645483
03001627/1049953406c81b237eaeab1f0c9120b7,vggt,1,[0],3.4069233545757087,3.533224774893597,3.6595261952114857,0.0,0.0,0.0,1.9912994150339838,0.0,0.0,0.0,0.0,0.0,0.0,camera_rotation_center_and_target_diameter_scale_single_view,10.270936735828958,0.0,10000,10000,True,True,True,/content/cv3d-project/data/cache/reconstruction/predictions/03001627/1049953406c81b237eaeab1f0c9120b7/5ae7e63f36b415f93dfb0671.npz,d110c4b4abae2c2c3cdd0680cdce63d7362053c3f15774831f7e29c172c63e28,/content/cv3d-project/data/cache/reconstruction/metrics/03001627/1049953406c81b237eaeab1f0c9120b7/e5e6eaf1fe4480a1c452608b.json,3.9229459998750826
03001627/1049953406c81b237eaeab1f0c9120b7,vggt,2,"[0, 5]",0.01056371075481335,0.1519099831141092,0.29325625547340506,0.2563208369659982,0.04139077458659704,0.07418997979797981,1.9912994150339838,1.0,0.553,0.9514,0.147,0.0215,0.0386,camera_pose_sim3,2.2328658495868665,0.040871822267369094,10000,10000,True,False,True,/content/cv3d-project/data/cache/reconstruction/predictions/03001627/1049953406c81b237eaeab1f0c9120b7/25364399608a0e11bcdc68e9.npz,e8e08fdffe3d51e9f2de843c7e877d6438447c38bea2899f0cdab3be2dcd6a81,/content/cv3d-project/data/cache/reconstruction/metrics/03001627/1049953406c81b237eaeab1f0c9120b7/6100c0b9632b123d0830c491.json,11.9795810001051
03001627/1049953406c81b237eaeab1f0c9120b7,vggt,3,"[0, 5, 24]",0.09902377899870717,0.19059785822166245,0.2821719374446177,0.1979652991980259,0.011437220843672454,0.02388281430219147,1.9912994150339838,0.5265,0.0334,0.0724,0.1219,0.0069,0.0143,camera_pose_sim3,3.078219723551025,0.25212914734651176,10000,10000,True,False,True,/content/cv3d-project/data/cache/reconstruction/predictions/03001627/1049953406c81b237eaeab1f0c9120b7/832acb0219e1ec6e9f0b2045.npz,0d95fb6a5d34f46baf90fbe98a612a8f8e78ad168b9730c7e7cb8b33d7b4b2c3,/content/cv3d-project/data/cache/reconstruction/metrics/03001627/1049953406c81b237eaeab1f0c9120b7/8ad796bcdb6fd154b2f537cb.json,11.654062000161503
03001627/1049953406c81b237eaeab1f0c9120b7,vggt,5,"[0, 5, 24, 33, 40]",0.21509961586134907,0.3235165694086528,0.4319335229559566,0.005744292237442922,0.0,0.0,1.9912994150339838,0.0185,0.0,0.0,0.0034,0.0,0.0,camera_pose_sim3,2.651872594530391,0.8658087708017543,10000,10000,True,False,True,/content/cv3d-project/data/cache/reconstruction/predictions/03001627/1049953406c81b237eaeab1f0c9120b7/5e81d611bbd44f093da038ba.npz,79761137ebf8bf49792ee8a9db94a9ba02bb0439032807a1c2a7a64859ff4407,/content/cv3d-project/data/cache/reconstruction/metrics/03001627/1049953406c81b237eaeab1f0c9120b7/e36763c63f38fb4895f767a3.json,11.612514000262308
03001627/1049953406c81b237eaeab1f0c9120b7,vggt,10,"[0, 5, 24, 33, 40, 32, 46, 39, 25, 45]",0.3279090645495117,0.4380587229055768,0.548208381261642,0.0,0.0,0.0,1.9912994150339838,0.0,0.0,0.0,0.0,0.0,0.0,camera_pose_sim3,1.2499917321039518,0.9974779005301887,10000,10000,True,False,True,/content/cv3d-project/data/cache/reconstruction/predictions/03001627/1049953406c81b237eaeab1f0c9120b7/d64dcbff71ac64a779a825d0.npz,068b0b6e4060b74f10e59756023293401dea505690029241503e305f4039f514,/content/cv3d-project/data/cache/reconstruction/metrics/03001627/1049953406c81b237eaeab1f0c9120b7/0284d96fcbd03b16c2f3f7a5.json,12.244566999925155
03001627/1055f78d441d170c4f3443b22038d340,vggt,1,[0],1.2362765001677876,1.3352534277121748,1.4342303552565623,0.0,0.0,0.0,1.9933356199707586,0.0,0.0,0.0,0.0,0.0,0.0,camera_rotation_center_and_target_diameter_scale_single_view,5.747652761170692,0.0,10000,10000,True,True,True,/content/cv3d-project/data/cache/reconstruction/predictions/03001627/1055f78d441d170c4f3443b22038d340/9258822634868a3bb3e47c5a.npz,c163ef42a51d57915997afd8a8435ef61f86b1bac926ea1049df8fbeeef27179,/content/cv3d-project/data/cache/reconstruction/metrics/03001627/1055f78d441d170c4f3443b22038d340/6b09256c894c571786867746.json,3.849953999633726
03001627/1055f78d441d170c4f3443b22038d340,vggt,2,"[0, 25]",0.19207656477071752,0.3437957380175734,0.4955149112644293,0.0,0.0,0.0,1.9933356199707586,0.0,0.0,0.0,0.0,0.0,0.0,camera_pose_sim3,1.7497141083366943,0.9681955680634118,10000,10000,True,False,True,/content/cv3d-project/data/cache/reconstruction/predictions/03001627/1055f78d441d170c4f3443b22038d340/325bdf26d9d5795701cab1d0.npz,e6c98359379aff9ce27277687e43003be0f9e5be1244209a741b52b6fc426404,/content/cv3d-project/data/cache/reconstruction/metrics/03001627/1055f78d441d170c4f3443b22038d340/96b66624326c4b5f3f497c26.json,11.45420299963007
03001627/1055f78d441d170c4f3443b22038d340,vggt,3,"[0, 25, 33]",0.27415478755262035,0.3486445055201667,0.42313422348771307,0.0,0.0,0.0,1.9933356199707586,0.0,0.0,0.0,0.0,0.0,0.0,camera_pose_sim3,2.9770617789756693,0.6830281494315464,10000,10000,True,False,True,/content/cv3d-project/data/cache/reconstruction/predictions/03001627/1055f78d441d170c4f3443b22038d340/dc1422f76be1a1aca509ec6d.npz,091abb7a665df9077df9691029a43fbef1154c19874906e824d9180558c94b28,/content/cv3d-project/data/cache/reconstruction/metrics/03001627/1055f78d441d170c4f3443b22038d340/3dfee16f171043893b8982b4.json,11.700779999955557
03001627/1055f78d441d170c4f3443b22038d340,vggt,5,"[0, 25, 33, 40, 32]",0.11991620959661335,0.1672014370485707,0.21448666450052808,0.1575201077199282,0.009730555555555555,0.024031091180866965,1.9933356199707586,0.3434,0.0226,0.0512,0.1022,0.0062,0.0157,camera_pose_sim3,2.453955191743858,0.8393890981136124,10000,10000,True,False,True,/content/cv3d-project/data/cache/reconstruction/predictions/03001627/1055f78d441d170c4f3443b22038d340/c59f8a35fbba66bcdbc879bd.npz,84b49bcf4515c99606fa4af217951242f21f462227114d21c27ee8d9ad85afd9,/content/cv3d-project/data/cache/reconstruction/metrics/03001627/1055f78d441d170c4f3443b22038d340/33b9bf38fadc4e323500a885.json,11.587694000354531
03001627/1055f78d441d170c4f3443b22038d340,vggt,10,"[0, 25, 33, 40, 32, 39, 23, 31, 16, 41]",0.08112136749243615,0.16570751636805572,0.2502936652436753,0.31020275106240214,0.03311448467966574,0.06922777417261518,1.9933356199707586,0.6945,0.0459,0.1016,0.1997,0.0259,0.0525,camera_pose_sim3,2.8532324235810695,0.5377879112737975,10000,10000,True,False,True,/content/cv3d-project/data/cache/reconstruction/predictions/03001627/1055f78d441d170c4f3443b22038d340/8b601bc3a73f2dd98f23e597.npz,365b612a548f9224647278cfd45ad951bdb816dd3f42dd88a2c49b6801ca00c5,/content/cv3d-project/data/cache/reconstruction/metrics/03001627/1055f78d441d170c4f3443b22038d340/e2a032f97cf661c19678b172.json,11.883892999776435
03001627/1063d4fcd366de4060e37b3f76995f8b,vggt,1,[0],2.8187992710673977,2.9260462140751256,3.0332931570828534,0.0,0.0,0.0,1.9729594188341553,0.0,0.0,0.0,0.0,0.0,0.0,camera_rotation_center_and_target_diameter_scale_single_view,8.889171305383016,0.0,10000,10000,True,True,True,/content/cv3d-project/data/cache/reconstruction/predictions/03001627/1063d4fcd366de4060e37b3f76995f8b/c987fed7b6fe6adcef4a78c4.npz,d84bbadda69e254c12a7b823f30b632e0209554778bb795c0dfb9ffeaa8c21e1,/content/cv3d-project/data/cache/reconstruction/metrics/03001627/1063d4fcd366de4060e37b3f76995f8b/9262f04de8ceb194ed5330d5.json,3.7649989999408717
03001627/1063d4fcd366de4060e37b3f76995f8b,vggt,2,"[0, 26]",0.6610975039819001,0.7149000045735229,0.7687025051651456,0.0,0.0,0.0,1.9729594188341553,0.0,0.0,0.0,0.0,0.0,0.0,camera_pose_sim3,2.8396375328295003,0.5882632215475457,10000,10000,True,False,True,/content/cv3d-project/data/cache/reconstruction/predictions/03001627/1063d4fcd366de4060e37b3f76995f8b/870bb1e0ee870da668ec5a59.npz,a417d0c6dbca8de5d95c7c16b448234020a5acbe51fa944a3b9f935dd5f26adb,/content/cv3d-project/data/cache/reconstruction/metrics/03001627/1063d4fcd366de4060e37b3f76995f8b/b7e8f15aafd3ed9aaae136f2.json,11.21204100036266
03001627/1063d4fcd366de4060e37b3f76995f8b,vggt,3,"[0, 26, 18]",0.3395866092123331,0.5193140040667897,0.6990413989212464,0.0,0.0,0.0,1.9729594188341553,0.0,0.0,0.0,0.0,0.0,0.0,camera_pose_sim3,0.33285212757065363,0.9633571546266718,10000,10000,True,False,True,/content/cv3d-project/data/cache/reconstruction/predictions/03001627/1063d4fcd366de4060e37b3f76995f8b/2caec25ba8ccd2d1f811b186.npz,3ab1479ecac2d1552aef2e114ca1c4898f0c9f9d7e8d4b0a723bf4f0b9360777,/content/cv3d-project/data/cache/reconstruction/metrics/03001627/1063d4fcd366de4060e37b3f76995f8b/1f528fe4431a99d776888836.json,11.20446200002334
03001627/1063d4fcd366de4060e37b3f76995f8b,vggt,5,"[0, 26, 18, 25, 34]",0.6713990177477944,0.8108665440918397,0.950334070435885,0.0,0.0,0.0,1.9729594188341553,0.0,0.0,0.0,0.0,0.0,0.0,camera_pose_sim3,0.18909973852093961,0.9572610536504627,10000,10000,True,False,True,/content/cv3d-project/data/cache/reconstruction/predictions/03001627/1063d4fcd366de4060e37b3f76995f8b/7c8a8018ec85f5097c59ef41.npz,d334b925c655d28c8ce42ec53b0ec3a9c023d7901efabf5c27273da12b0d9c99,/content/cv3d-project/data/cache/reconstruction/metrics/03001627/1063d4fcd366de4060e37b3f76995f8b/ab6b83e1d138f14e0d24844e.json,11.372388999916438
03001627/1063d4fcd366de4060e37b3f76995f8b,vggt,10,"[0, 26, 18, 25, 34, 33, 41, 44, 37, 46]",0.08849208265708321,0.09950124242631092,0.11051040219553862,0.5254662398794954,0.04334336099585063,0.10069066293183941,1.9729594188341553,0.5858,0.0635,0.1333,0.4764,0.0329,0.0809,camera_pose_sim3,2.8318010143195558,0.25953190970660855,10000,10000,True,False,True,/content/cv3d-project/data/cache/reconstruction/predictions/03001627/1063d4fcd366de4060e37b3f76995f8b/0dd736103351caaa46795f2e.npz,cf114d7ab05bf2525c761879c821d53c1d5b772e7d98db84839f9dcc6e08a7b8,/content/cv3d-project/data/cache/reconstruction/metrics/03001627/1063d4fcd366de4060e37b3f76995f8b/310c360b350055967c099852.json,11.795525000252383
03001627/106a0dbaead5066519fb4103277a6b93,vggt,1,[0],1.8358718312844307,1.9607113860825547,2.0855509408806787,0.0,0.0,0.0,1.997180966985651,0.0,0.0,0.0,0.0,0.0,0.0,camera_rotation_center_and_target_diameter_scale_single_view,6.916034953746065,0.0,10000,10000,True,True,True,/content/cv3d-project/data/cache/reconstruction/predictions/03001627/106a0dbaead5066519fb4103277a6b93/b7c38c7c9778caa3a68b9848.npz,cce990982d8d2fdfc98a739796ffc0e432f905a7b36aeee2de6e4ff9abbda392,/content/cv3d-project/data/cache/reconstruction/metrics/03001627/106a0dbaead5066519fb4103277a6b93/b58d7d9bd974f6f4655252a2.json,3.771829000015714
03001627/106a0dbaead5066519fb4103277a6b93,vggt,2,"[0, 25]",0.5435026061990851,0.6273636368831907,0.7112246675672963,0.0,0.0,0.0,1.997180966985651,0.0,0.0,0.0,0.0,0.0,0.0,camera_pose_sim3,1.99973245099587,0.508842976784313,10000,10000,True,True,True,/content/cv3d-project/data/cache/reconstruction/predictions/03001627/106a0dbaead5066519fb4103277a6b93/ffd5fe08a56103de6023872a.npz,70c73a6415c5ad8850dd9b0b1d3ece767d34a50f372243021eb7fad2143b4050,/content/cv3d-project/data/cache/reconstruction/metrics/03001627/106a0dbaead5066519fb4103277a6b93/6ac8b75c1f5c91d99989c3db.json,2.3558190000585455
03001627/106a0dbaead5066519fb4103277a6b93,vggt,3,"[0, 25, 33]",0.3020448496931572,0.4064257776991145,0.5108067057050717,0.0,0.0,0.0,1.997180966985651,0.0,0.0,0.0,0.0,0.0,0.0,camera_pose_sim3,1.9627436162038632,0.681723300989148,10000,10000,True,False,True,/content/cv3d-project/data/cache/reconstruction/predictions/03001627/106a0dbaead5066519fb4103277a6b93/a91f5e33c8089d5323226784.npz,122daa3a390195da3dcf8b2835e9b374906a2031b8eddb577e0aa88f04fcebf3,/content/cv3d-project/data/cache/reconstruction/metrics/03001627/106a0dbaead5066519fb4103277a6b93/2035f025510880bf86f50db1.json,11.88781500013647
03001627/106a0dbaead5066519fb4103277a6b93,vggt,5,"[0, 25, 33, 40, 46]",0.11530239246119939,0.255255667895816,0.3952089433304326,0.03617484076433121,0.0,0.0,1.997180966985651,0.4207,0.0,0.0,0.0189,0.0,0.0,camera_pose_sim3,1.254510250531154,0.9867972775138074,10000,10000,True,False,True,/content/cv3d-project/data/cache/reconstruction/predictions/03001627/106a0dbaead5066519fb4103277a6b93/646ebfd00df28d51bbc9d5f1.npz,f79324b9a8a8a22691f6a2ea974941a154fa45acf8889869f1ddcb71bb4585ba,/content/cv3d-project/data/cache/reconstruction/metrics/03001627/106a0dbaead5066519fb4103277a6b93/eff1a56f32abc315111abc73.json,11.533616000178881
03001627/106a0dbaead5066519fb4103277a6b93,vggt,10,"[0, 25, 33, 40, 46, 44, 37, 34, 41, 30]",0.45554232937063244,0.560879665574129,0.6662170017776257,0.0,0.0,0.0,1.997180966985651,0.0,0.0,0.0,0.0,0.0,0.0,camera_pose_sim3,1.339391131460727,0.8880643186833677,10000,10000,True,False,True,/content/cv3d-project/data/cache/reconstruction/predictions/03001627/106a0dbaead5066519fb4103277a6b93/0ddf3f593bfca70813aa9a47.npz,46ae577227d7ddcd92eb6c3343e606c1829737441f74530850aee47ce7128514,/content/cv3d-project/data/cache/reconstruction/metrics/03001627/106a0dbaead5066519fb4103277a6b93/5ce5e6bb2b8a7c60911317c0.json,11.987795000095502
03001627/106c7f10c5bf5bd5f51f77a6d7299806,vggt,1,[0],1.647286729379378,1.7895620610141372,1.9318373926488963,0.0,0.0,0.0,1.9897184309064269,0.0,0.0,0.0,0.0,0.0,0.0,camera_rotation_center_and_target_diameter_scale_single_view,6.526136875447105,0.0,10000,10000,True,True,True,/content/cv3d-project/data/cache/reconstruction/predictions/03001627/106c7f10c5bf5bd5f51f77a6d7299806/7852a931cd0c88a61c2fff79.npz,dc00ab9536692c9ef895a8d6aa71225b98e9128d7f1f065bc826087db12acc3b,/content/cv3d-project/data/cache/reconstruction/metrics/03001627/106c7f10c5bf5bd5f51f77a6d7299806/5ac467407e386f3ed62122bc.json,3.7804620001224976
03001627/106c7f10c5bf5bd5f51f77a6d7299806,vggt,2,"[0, 35]",0.30174583139320404,0.46360226228073986,0.6254586931682757,0.0,0.0,0.0,1.9897184309064269,0.0,0.0,0.0,0.0,0.0,0.0,camera_pose_sim3,0.20826039107922367,1.1041746870893359,10000,10000,True,False,True,/content/cv3d-project/data/cache/reconstruction/predictions/03001627/106c7f10c5bf5bd5f51f77a6d7299806/b2362bdedac4de96329f6959.npz,32b45b0f31cf4d54fbc51332c123a568c7930c31b298b870febffab7ac302280,/content/cv3d-project/data/cache/reconstruction/metrics/03001627/106c7f10c5bf5bd5f51f77a6d7299806/5ea8f7c2b7f92a37008418d3.json,11.717847999989317
03001627/106c7f10c5bf5bd5f51f77a6d7299806,vggt,3,"[0, 35, 25]",1.7450859705713206,1.8885039561288646,2.0319219416864085,0.0,0.0,0.0,1.9897184309064269,0.0,0.0,0.0,0.0,0.0,0.0,camera_pose_sim3_positive_scale_fallback,2.5027849095010426,1.7008440335211803,10000,10000,True,False,True,/content/cv3d-project/data/cache/reconstruction/predictions/03001627/106c7f10c5bf5bd5f51f77a6d7299806/b3bd534e0734f12fe2968b05.npz,1915d5c592fd24bdb656c2530e0fc88a9125d15842a0d7372fe0a8c17fda7446,/content/cv3d-project/data/cache/reconstruction/metrics/03001627/106c7f10c5bf5bd5f51f77a6d7299806/efa8977bd7961f895d0c6dfe.json,12.619498999811185
03001627/106c7f10c5bf5bd5f51f77a6d7299806,vggt,5,"[0, 35, 25, 33, 40]",0.3663728502341205,0.47598966549506794,0.5856064807560154,0.0,0.0,0.0,1.9897184309064269,0.0,0.0,0.0,0.0,0.0,0.0,camera_pose_sim3,2.043948482852194,0.7461221022355176,10000,10000,True,False,True,/content/cv3d-project/data/cache/reconstruction/predictions/03001627/106c7f10c5bf5bd5f51f77a6d7299806/29800f2e2546362b95df7736.npz,ef02e622864b1f12c601ed4c79a048ab007e57e6a8c59fdfd51f02bc205c3230,/content/cv3d-project/data/cache/reconstruction/metrics/03001627/106c7f10c5bf5bd5f51f77a6d7299806/1b192ece580635bf94161f89.json,11.794164999628265
03001627/106c7f10c5bf5bd5f51f77a6d7299806,vggt,10,"[0, 35, 25, 33, 40, 18, 46, 32, 44, 37]",0.1915468150262026,0.2835398845625361,0.3755329540988696,0.05198775205377147,0.0,0.0,1.9897184309064269,0.0986,0.0,0.0,0.0353,0.0,0.0,camera_pose_sim3,1.7707928723821165,0.777776720294028,10000,10000,True,False,True,/content/cv3d-project/data/cache/reconstruction/predictions/03001627/106c7f10c5bf5bd5f51f77a6d7299806/60b01e4fd12b45da8b4075b0.npz,fb85a42d0cd1cc92fd8907a1ce66e6551b66329ff83527aec710737a3d95bece,/content/cv3d-project/data/cache/reconstruction/metrics/03001627/106c7f10c5bf5bd5f51f77a6d7299806/5f35c7d8c43db4536e026793.json,12.426273000073706
03001627/106e9487a1d47ff1a09cb462b3e723e2,vggt,1,[0],2.740236610788462,2.8416064568789077,2.942976302969354,0.0,0.0,0.0,1.9950563951972036,0.0,0.0,0.0,0.0,0.0,0.0,camera_rotation_center_and_target_diameter_scale_single_view,8.683256729719762,0.0,10000,10000,True,True,True,/content/cv3d-project/data/cache/reconstruction/predictions/03001627/106e9487a1d47ff1a09cb462b3e723e2/2b08d755288f5d2731f4283a.npz,6c671b70d940a9bfeb5dd29fc364529c6cd48acbe08ded7eda90efd695e119d1,/content/cv3d-project/data/cache/reconstruction/metrics/03001627/106e9487a1d47ff1a09cb462b3e723e2/9305eec07d42ad4e6e1f1dcc.json,3.7379149998741923
03001627/106e9487a1d47ff1a09cb462b3e723e2,vggt,2,"[0, 5]",0.803106175853918,0.9495502300688855,1.095994284283853,0.0,0.0,0.0,1.9950563951972036,0.0,0.0,0.0,0.0,0.0,0.0,camera_pose_sim3,0.568401491715476,0.2609129787430616,10000,10000,True,False,True,/content/cv3d-project/data/cache/reconstruction/predictions/03001627/106e9487a1d47ff1a09cb462b3e723e2/1e02413617ff76fb4fd46d11.npz,79c1cd920b60af2325e1b8e07d2a3e788ef97b07be8bf0247a31e04664c77d1b,/content/cv3d-project/data/cache/reconstruction/metrics/03001627/106e9487a1d47ff1a09cb462b3e723e2/f14f3c795870973d881e746f.json,11.79361999993489
03001627/106e9487a1d47ff1a09cb462b3e723e2,vggt,3,"[0, 5, 16]",0.7382136997380733,0.8830413933832839,1.0278690870284946,0.0,0.0,0.0,1.9950563951972036,0.0,0.0,0.0,0.0,0.0,0.0,camera_pose_sim3,1.4136493497269764,0.7192429453452989,10000,10000,True,False,True,/content/cv3d-project/data/cache/reconstruction/predictions/03001627/106e9487a1d47ff1a09cb462b3e723e2/4d8e5aee4416152daae5c8ce.npz,acba0b7b0ee2627c8b44d53c1040de92710cc02f864a4e425fe972ba590a67a4,/content/cv3d-project/data/cache/reconstruction/metrics/03001627/106e9487a1d47ff1a09cb462b3e723e2/2d52fac7579910b8392b36e7.json,12.214110000059009
03001627/106e9487a1d47ff1a09cb462b3e723e2,vggt,5,"[0, 5, 16, 23, 31]",0.5645115538320671,0.6950063937480933,0.8255012336641195,0.0,0.0,0.0,1.9950563951972036,0.0,0.0,0.0,0.0,0.0,0.0,camera_pose_sim3,1.5332781886755429,0.7537044021151236,10000,10000,True,False,True,/content/cv3d-project/data/cache/reconstruction/predictions/03001627/106e9487a1d47ff1a09cb462b3e723e2/84cb839bfba987097b7eb4c3.npz,4873df70c7bfba4a399808a20c3aff3d53342ca0ecb59274f7e564b75d19a21e,/content/cv3d-project/data/cache/reconstruction/metrics/03001627/106e9487a1d47ff1a09cb462b3e723e2/81691fade223a22e30e08545.json,12.48657699989053
03001627/106e9487a1d47ff1a09cb462b3e723e2,vggt,10,"[0, 5, 16, 23, 31, 9, 18, 17, 25, 24]",0.021515600451845262,0.12030842144857093,0.2191012424452966,0.3218660849135761,0.04421432432432432,0.08952017608217168,1.9950563951972036,1.0,0.1971,0.496,0.1918,0.0249,0.0492,camera_pose_sim3,1.708940910125161,0.7381320563861626,10000,10000,True,False,True,/content/cv3d-project/data/cache/reconstruction/predictions/03001627/106e9487a1d47ff1a09cb462b3e723e2/eeb7fbd14d7a94635074f504.npz,98b72363252c1ff1ab9b41491f23d123d9b835a69ec97d620aab1132c4fe28b6,/content/cv3d-project/data/cache/reconstruction/metrics/03001627/106e9487a1d47ff1a09cb462b3e723e2/486d3dce864b37fe40f8b1c4.json,12.890943999991578
03001627/10709332176024ce9e47e7a22e24daa3,vggt,1,[0],3.1641227784335557,3.300619463818231,3.4371161492029065,0.0,0.0,0.0,1.9902181608189,0.0,0.0,0.0,0.0,0.0,0.0,camera_rotation_center_and_target_diameter_scale_single_view,9.540357673491904,0.0,10000,10000,True,True,True,/content/cv3d-project/data/cache/reconstruction/predictions/03001627/10709332176024ce9e47e7a22e24daa3/11230a517865324115f82aa4.npz,b2f86afee25e1fee4597333cf87376b1396da227dfff787683a129ed37dcdddf,/content/cv3d-project/data/cache/reconstruction/metrics/03001627/10709332176024ce9e47e7a22e24daa3/841f47a70208eb94e10b5823.json,3.8940200001889025
03001627/10709332176024ce9e47e7a22e24daa3,vggt,2,"[0, 5]",0.3422567082275148,0.4464955266336881,0.5507343450398613,0.0,0.0,0.0,1.9902181608189,0.0,0.0,0.0,0.0,0.0,0.0,camera_pose_sim3,1.654907789656302,0.0059871159616512095,10000,10000,True,False,True,/content/cv3d-project/data/cache/reconstruction/predictions/03001627/10709332176024ce9e47e7a22e24daa3/f9d32f3622dbce0241b2ddb6.npz,84b73fcd4f376ddb1f20d5f4ed3d7632a71065112c66ae2bfc6f5ea74d3417ad,/content/cv3d-project/data/cache/reconstruction/metrics/03001627/10709332176024ce9e47e7a22e24daa3/511f058bc55024a88fc5b96b.json,12.070703000063077
03001627/10709332176024ce9e47e7a22e24daa3,vggt,3,"[0, 5, 31]",0.2758208069868382,0.406239218782786,0.5366576305787338,0.0,0.0,0.0,1.9902181608189,0.0,0.0,0.0,0.0,0.0,0.0,camera_pose_sim3,3.4904768032295337,0.343533720123836,10000,10000,True,False,True,/content/cv3d-project/data/cache/reconstruction/predictions/03001627/10709332176024ce9e47e7a22e24daa3/2e2273aecae3aea38eb98dba.npz,ba8556bd3e7d66b35248794315ca4a16a9b58b927c14f8df9d091c9b3af5e1ee,/content/cv3d-project/data/cache/reconstruction/metrics/03001627/10709332176024ce9e47e7a22e24daa3/f916dfc131e517482886d3d9.json,11.693221000314225
03001627/10709332176024ce9e47e7a22e24daa3,vggt,5,"[0, 5, 31, 23, 16]",0.057899759621009586,0.10682741294718393,0.15575506627335825,0.41433345881509365,0.02713312757201646,0.059599625468164795,1.9902181608189,0.8408,0.0809,0.1778,0.2749,0.0163,0.0358,camera_pose_sim3,2.926147186305081,0.1342892031817366,10000,10000,True,False,True,/content/cv3d-project/data/cache/reconstruction/predictions/03001627/10709332176024ce9e47e7a22e24daa3/57dc4de4e48a1a253d694a29.npz,ca330f47868ce0dbdaa142d3373629f670794fca1f3e8f664b7d12f7027540e7,/content/cv3d-project/data/cache/reconstruction/metrics/03001627/10709332176024ce9e47e7a22e24daa3/c937b5a8d68313014951cec8.json,11.825637000129063
03001627/10709332176024ce9e47e7a22e24daa3,vggt,10,"[0, 5, 31, 23, 16, 24, 32, 39, 17, 25]",0.03355160270901595,0.056346614875923004,0.07914162704283005,0.826206644243819,0.06482487980769232,0.1696184701867095,1.9902181608189,0.9812,0.1223,0.3897,0.7135,0.0441,0.1084,camera_pose_sim3,2.755709431331674,0.11421168569635327,10000,10000,True,False,True,/content/cv3d-project/data/cache/reconstruction/predictions/03001627/10709332176024ce9e47e7a22e24daa3/4c8d17e4c0059c2da48ed965.npz,a3d4d913d40ef8ac284e7eb53b932a592eab51128e48e9217165871398566813,/content/cv3d-project/data/cache/reconstruction/metrics/03001627/10709332176024ce9e47e7a22e24daa3/8f097ac0ca9058e0567067b1.json,12.756150999848614
03001627/1079635b3da12a812cee4bf5d0f11ffe,vggt,1,[0],1.3736877718336287,1.5401557004058537,1.706623628978079,0.0,0.0,0.0,1.9981034589859001,0.0,0.0,0.0,0.0,0.0,0.0,camera_rotation_center_and_target_diameter_scale_single_view,6.107926164172102,0.0,10000,10000,True,True,True,/content/cv3d-project/data/cache/reconstruction/predictions/03001627/1079635b3da12a812cee4bf5d0f11ffe/d3d3f65a130c0bb98ebed9c0.npz,6af48856db979d325fa042b841798f79bed22e2cb199463e704fc91e253c01a0,/content/cv3d-project/data/cache/reconstruction/metrics/03001627/1079635b3da12a812cee4bf5d0f11ffe/b2be0c857673d5c1dc95772a.json,3.9328500001829525
03001627/1079635b3da12a812cee4bf5d0f11ffe,vggt,2,"[0, 24]",0.30892946503307595,0.42359273615417503,0.5382560072752741,0.0,0.0,0.0,1.9981034589859001,0.0,0.0,0.0,0.0,0.0,0.0,camera_pose_sim3,2.753916340721046,0.5715917731568163,10000,10000,True,False,True,/content/cv3d-project/data/cache/reconstruction/predictions/03001627/1079635b3da12a812cee4bf5d0f11ffe/44010a4364feaaf0dabb1cdc.npz,c1bd01d4d82968469d688b372b06697a0e0acca025e945291d0a735afd017b8f,/content/cv3d-project/data/cache/reconstruction/metrics/03001627/1079635b3da12a812cee4bf5d0f11ffe/44a807e08eb28fd1de47680a.json,12.057227000241255
03001627/1079635b3da12a812cee4bf5d0f11ffe,vggt,3,"[0, 24, 33]",0.05785772073865694,0.19225170299649152,0.3266456852543261,0.13737232012571557,0.005226428571428572,0.009944874938695438,1.9981034589859001,0.8159,0.0813,0.1988,0.075,0.0027,0.0051,camera_pose_sim3,1.2231514569721234,1.0166565495247057,10000,10000,True,False,True,/content/cv3d-project/data/cache/reconstruction/predictions/03001627/1079635b3da12a812cee4bf5d0f11ffe/6d860e95013b4929b7eb5a50.npz,1900d58b7bc10f6d613adab6e578f150c435d68b048b97d9d0c85b79d5fb7711,/content/cv3d-project/data/cache/reconstruction/metrics/03001627/1079635b3da12a812cee4bf5d0f11ffe/9686c712e9dbc1489d58cf7a.json,11.448117999862006
03001627/1079635b3da12a812cee4bf5d0f11ffe,vggt,5,"[0, 24, 33, 41, 44]",0.3113603017705901,0.4168964205105993,0.5224325392506084,0.0,0.0,0.0,1.9981034589859001,0.0,0.0,0.0,0.0,0.0,0.0,camera_pose_sim3,1.5004339965449325,0.970012556857527,10000,10000,True,False,True,/content/cv3d-project/data/cache/reconstruction/predictions/03001627/1079635b3da12a812cee4bf5d0f11ffe/accbdf8376bdd2f07489fd5a.npz,8183ea7a47d92a3784ace2076c2a3b6fbb55acb4750f08dc49e9b84669c46fd9,/content/cv3d-project/data/cache/reconstruction/metrics/03001627/1079635b3da12a812cee4bf5d0f11ffe/e573c32c0f73ca265cd85506.json,11.60137399983796
03001627/1079635b3da12a812cee4bf5d0f11ffe,vggt,10,"[0, 24, 33, 41, 44, 37, 30, 22, 32, 15]",0.12238890687372521,0.20375446074091155,0.2851200146080979,0.07337771714415643,0.00304,0.007680099502487562,1.9981034589859001,0.3994,0.0076,0.0359,0.0404,0.0019,0.0043,camera_pose_sim3,1.620393042267108,0.9522276538531809,10000,10000,True,False,True,/content/cv3d-project/data/cache/reconstruction/predictions/03001627/1079635b3da12a812cee4bf5d0f11ffe/7e2145df3620dadce49aaee3.npz,cc4ab452ff9427f3eaecd11afead76056fb5e4213afee461dfea59011d25b506,/content/cv3d-project/data/cache/reconstruction/metrics/03001627/1079635b3da12a812cee4bf5d0f11ffe/e47231e19809b37cc5f84378.json,12.075758999799291
03001627/107caefdad02cf1c8ab8e68cb52baa6a,vggt,1,[0],1.16044219443338,1.2810732715729107,1.4017043487124414,0.0,0.0,0.0,1.9994983456578415,0.0,0.0,0.0,0.0,0.0,0.0,camera_rotation_center_and_target_diameter_scale_single_view,5.482530048549649,0.0,10000,10000,True,True,True,/content/cv3d-project/data/cache/reconstruction/predictions/03001627/107caefdad02cf1c8ab8e68cb52baa6a/6bb8f02ddc8a9388695f4004.npz,1fb02e08e16781607a287126975802abe6d3cb01116ac6ceba76ea29071c6a7c,/content/cv3d-project/data/cache/reconstruction/metrics/03001627/107caefdad02cf1c8ab8e68cb52baa6a/7e65656ab71a40f9cb48c3a5.json,3.8432989999819256
03001627/107caefdad02cf1c8ab8e68cb52baa6a,vggt,2,"[0, 26]",0.5998798253095028,0.7628439179516109,0.925808010593719,0.0,0.0,0.0,1.9994983456578415,0.0,0.0,0.0,0.0,0.0,0.0,camera_pose_sim3,1.5987470822527463,0.5363241709401605,10000,10000,True,False,True,/content/cv3d-project/data/cache/reconstruction/predictions/03001627/107caefdad02cf1c8ab8e68cb52baa6a/33a61d50c3767354c00d3c64.npz,77b7c33e4fd80630ef332723571031e513731427f71a2cb4a5a38c77c03ca7ea,/content/cv3d-project/data/cache/reconstruction/metrics/03001627/107caefdad02cf1c8ab8e68cb52baa6a/eba2aa381bca620205394d95.json,11.98826400013786
03001627/107caefdad02cf1c8ab8e68cb52baa6a,vggt,3,"[0, 26, 18]",0.3251705692300413,0.45243583215216704,0.5797010950742928,0.0,0.0,0.0,1.9994983456578415,0.0,0.0,0.0,0.0,0.0,0.0,camera_pose_sim3,1.4744145463165397,0.6223605033240901,10000,10000,True,False,True,/content/cv3d-project/data/cache/reconstruction/predictions/03001627/107caefdad02cf1c8ab8e68cb52baa6a/9530992c31899fee22fb26f9.npz,f1f6a14dccad294179652b0e75344d1a28889aefaa9b0f52a1050c1e08cbba99,/content/cv3d-project/data/cache/reconstruction/metrics/03001627/107caefdad02cf1c8ab8e68cb52baa6a/f18b995e4370e395b4fe32d5.json,12.417353999808256
03001627/107caefdad02cf1c8ab8e68cb52baa6a,vggt,5,"[0, 26, 18, 34, 25]",0.3705403984366109,0.5514057526324825,0.7322711068283542,0.0,0.0,0.0,1.9994983456578415,0.0,0.0,0.0,0.0,0.0,0.0,camera_pose_sim3,1.0846615530503771,0.7630286135818676,10000,10000,True,False,True,/content/cv3d-project/data/cache/reconstruction/predictions/03001627/107caefdad02cf1c8ab8e68cb52baa6a/3cafb063308e4c40307303ce.npz,84fc8172ea2f29ccc9ff44dca5574e7dd5abd793bddff775dcf273ad35ae726b,/content/cv3d-project/data/cache/reconstruction/metrics/03001627/107caefdad02cf1c8ab8e68cb52baa6a/22b3e30345ed80146f4af609.json,12.011881000034919
03001627/107caefdad02cf1c8ab8e68cb52baa6a,vggt,10,"[0, 26, 18, 34, 25, 33, 41, 46, 39, 32]",0.502597989059911,0.7544179992654467,1.0062380094709824,0.0,0.0,0.0,1.9994983456578415,0.0,0.0,0.0,0.0,0.0,0.0,camera_pose_sim3,0.44519024800778717,1.069008401988932,10000,10000,True,False,True,/content/cv3d-project/data/cache/reconstruction/predictions/03001627/107caefdad02cf1c8ab8e68cb52baa6a/487db8a12f325fddf42c63bc.npz,48c1beb9e96042e8e7885f6828255110319db83be170a54d3613202ea95f23d5,/content/cv3d-project/data/cache/reconstruction/metrics/03001627/107caefdad02cf1c8ab8e68cb52baa6a/216676ac5dd5dc262ff258a2.json,12.184546999833401
03001627/107ed94869ed6f1be13496cd332ce78f,vggt,1,[0],2.361163658196312,2.4645699102157854,2.5679761622352584,0.0,0.0,0.0,1.9993832089072348,0.0,0.0,0.0,0.0,0.0,0.0,camera_rotation_center_and_target_diameter_scale_single_view,7.8214924591887405,0.0,10000,10000,True,True,True,/content/cv3d-project/data/cache/reconstruction/predictions/03001627/107ed94869ed6f1be13496cd332ce78f/4c423ad79080b23eb4e8b524.npz,cd7cb1cd6513074d1aa28357abe0c233642e7ca3dcb6e8ef0c093ffa1ea2aa63,/content/cv3d-project/data/cache/reconstruction/metrics/03001627/107ed94869ed6f1be13496cd332ce78f/9f29c322442821c35389b5ac.json,3.717692000009265
03001627/107ed94869ed6f1be13496cd332ce78f,vggt,2,"[0, 5]",0.6884054435870008,0.7534799587364724,0.818554473885944,0.0,0.0,0.0,1.9993832089072348,0.0,0.0,0.0,0.0,0.0,0.0,camera_pose_sim3,1.0776328300791154,0.030296615620427368,10000,10000,True,False,True,/content/cv3d-project/data/cache/reconstruction/predictions/03001627/107ed94869ed6f1be13496cd332ce78f/30a089bb1ad85f4213578fd2.npz,1f898c9c3ffffff60b6958cfd102449d0c3b4d2dee1620f4a5fb6c42672f3cee,/content/cv3d-project/data/cache/reconstruction/metrics/03001627/107ed94869ed6f1be13496cd332ce78f/52603bb42d9a8ee40c48eaa5.json,11.499206999815215
03001627/107ed94869ed6f1be13496cd332ce78f,vggt,3,"[0, 5, 23]",0.04522914164808097,0.10228275472731264,0.1593363678065443,0.5936291400042191,0.0,0.00047999999999999996,1.9993832089072348,1.0,0.0,0.0006,0.4221,0.0,0.0004,camera_pose_sim3,2.4812088358479687,0.1574657366462535,10000,10000,True,False,True,/content/cv3d-project/data/cache/reconstruction/predictions/03001627/107ed94869ed6f1be13496cd332ce78f/d61162826443ee03fc8221ba.npz,75c761252fc51139e94049e0d31e7638c7cac9b93dba2fa5b31034f786b9ae8c,/content/cv3d-project/data/cache/reconstruction/metrics/03001627/107ed94869ed6f1be13496cd332ce78f/0e1ec254e3b1c355acf273c4.json,11.372939000011684
03001627/107ed94869ed6f1be13496cd332ce78f,vggt,5,"[0, 5, 23, 16, 31]",0.04069013336364803,0.080479303086921,0.12026847281019395,0.6591791703442188,0.014261946902654867,0.04249150849150849,1.9993832089072348,0.975,0.0237,0.0695,0.4979,0.0102,0.0306,camera_pose_sim3,2.5459111521872626,0.0673213127056278,10000,10000,True,False,True,/content/cv3d-project/data/cache/reconstruction/predictions/03001627/107ed94869ed6f1be13496cd332ce78f/67aae11f5f48de763d7ac428.npz,52f444f562dc876407d77b5f9bdb17a9fbdfc914aeeff191ad20860ede80f423,/content/cv3d-project/data/cache/reconstruction/metrics/03001627/107ed94869ed6f1be13496cd332ce78f/4ba956e6182ffc8ba96c2f20.json,12.01320299969666
03001627/107ed94869ed6f1be13496cd332ce78f,vggt,10,"[0, 5, 23, 16, 31, 24, 32, 39, 33, 40]",0.07231498712869523,0.09268446571578734,0.11305394430287945,0.5857857933871223,0.041259353348729794,0.09131455399061034,1.9993832089072348,0.8032,0.0527,0.1167,0.461,0.0339,0.075,camera_pose_sim3,2.6484860397423415,0.3178194528782725,10000,10000,True,False,True,/content/cv3d-project/data/cache/reconstruction/predictions/03001627/107ed94869ed6f1be13496cd332ce78f/a8e187f24165ce72877db5c1.npz,395364e52e192dfa2f8643fcd08675e705af0983ada7de828e971df03823ff42,/content/cv3d-project/data/cache/reconstruction/metrics/03001627/107ed94869ed6f1be13496cd332ce78f/791c5c428af91fce7fb39b52.json,12.650808000216784
03001627/108238b535eb293cd79b19c7c4f0e293,vggt,1,[0],1.6189896198084164,1.786967873853213,1.9549461278980098,0.0,0.0,0.0,1.9989451085925671,0.0,0.0,0.0,0.0,0.0,0.0,camera_rotation_center_and_target_diameter_scale_single_view,6.569041079943667,0.0,10000,10000,True,True,True,/content/cv3d-project/data/cache/reconstruction/predictions/03001627/108238b535eb293cd79b19c7c4f0e293/4c674eae10ba18ca205a57a7.npz,8efb4e0475176f9cdd778396755bef1c232fc30e8cf49f2870b5d3a0a4ce4f2a,/content/cv3d-project/data/cache/reconstruction/metrics/03001627/108238b535eb293cd79b19c7c4f0e293/e2f13ee088c9f1486a7795b5.json,3.8149580000208516
03001627/108238b535eb293cd79b19c7c4f0e293,vggt,2,"[0, 23]",0.27727780645234884,0.4460337152356675,0.6147896240189862,0.0,0.0,0.0,1.9989451085925671,0.0,0.0,0.0,0.0,0.0,0.0,camera_pose_sim3,2.12233117696553,0.2765927897987205,10000,10000,True,True,True,/content/cv3d-project/data/cache/reconstruction/predictions/03001627/108238b535eb293cd79b19c7c4f0e293/b074f7affc87d5b2cdd3269b.npz,6ba97c1c0a4db03c0411712a9b107516033cc86944d81327920dc3205e8ac6f7,/content/cv3d-project/data/cache/reconstruction/metrics/03001627/108238b535eb293cd79b19c7c4f0e293/3628287d089149fd3f9a45c5.json,2.378564000082406
03001627/108238b535eb293cd79b19c7c4f0e293,vggt,3,"[0, 23, 16]",0.11265279337826803,0.27757016870328305,0.4424875440282981,0.09458957345971564,0.0015896103896103897,0.006237469586374695,1.9989451085925671,0.4536,0.0068,0.0377,0.0528,0.0009,0.0034,camera_pose_sim3,1.95626477330656,0.43707214763116453,10000,10000,True,False,True,/content/cv3d-project/data/cache/reconstruction/predictions/03001627/108238b535eb293cd79b19c7c4f0e293/48fccefcaa194d45e5e96dae.npz,261ff5bc59947ae4874245f22e7b259f370db9ab1e8cc2aaa07b566d30917cb7,/content/cv3d-project/data/cache/reconstruction/metrics/03001627/108238b535eb293cd79b19c7c4f0e293/68423d60079fe831e9ee5b59.json,11.772737000228517
03001627/108238b535eb293cd79b19c7c4f0e293,vggt,5,"[0, 23, 16, 31, 24]",0.08759658923111104,0.18768371352032145,0.2877708378095319,0.1505058873002523,0.006401659751037344,0.02189338374291115,1.9989451085925671,0.6279,0.0203,0.0934,0.0855,0.0038,0.0124,camera_pose_sim3,2.480318142797133,0.2653828686143523,10000,10000,True,False,True,/content/cv3d-project/data/cache/reconstruction/predictions/03001627/108238b535eb293cd79b19c7c4f0e293/ac87af051d6dc7d59decce4b.npz,b81c7bb04d1426dd4c27d7b8401d4aa38ba8d896a5dc749746fc596ceb4d6ae1,/content/cv3d-project/data/cache/reconstruction/metrics/03001627/108238b535eb293cd79b19c7c4f0e293/66c3b78d47620db792967dfc.json,11.927818999993178
03001627/108238b535eb293cd79b19c7c4f0e293,vggt,10,"[0, 23, 16, 31, 24, 33, 32, 40, 38, 25]",0.05698307587240187,0.09775738415027825,0.13853169242815463,0.49946586671270715,0.04725608856088561,0.11857000311817899,1.9989451085925671,0.7941,0.0736,0.2422,0.3643,0.0348,0.0785,camera_pose_sim3,2.686187599648487,0.15899603758176728,10000,10000,True,False,True,/content/cv3d-project/data/cache/reconstruction/predictions/03001627/108238b535eb293cd79b19c7c4f0e293/ad342f5657f459373aad5472.npz,e6261040ca4756b12687841279122f5cae2cddbeb6928aebdc6605030b367016,/content/cv3d-project/data/cache/reconstruction/metrics/03001627/108238b535eb293cd79b19c7c4f0e293/22eddfc7475051aeb1c0fb79.json,12.072384000020975
03001627/108b9cb292fd811cf51f77a6d7299806,vggt,1,[0],1.3216127352774585,1.4306096587451447,1.5396065822128306,0.0,0.0,0.0,1.9829942291649416,0.0,0.0,0.0,0.0,0.0,0.0,camera_rotation_center_and_target_diameter_scale_single_view,5.698626476037029,0.0,10000,10000,True,True,True,/content/cv3d-project/data/cache/reconstruction/predictions/03001627/108b9cb292fd811cf51f77a6d7299806/3ebc20736e2c4406b5c24ef6.npz,e94baa735dda4142ff5ecb568098a96c3f3dc3dbe2685ce5e525664f97870b5b,/content/cv3d-project/data/cache/reconstruction/metrics/03001627/108b9cb292fd811cf51f77a6d7299806/7845e86656fba8c156190db9.json,3.808453000146983
03001627/108b9cb292fd811cf51f77a6d7299806,vggt,2,"[0, 5]",0.8628200515911755,0.9241143643407991,0.9854086770904227,0.0,0.0,0.0,1.9829942291649416,0.0,0.0,0.0,0.0,0.0,0.0,camera_pose_sim3,0.786187950404784,0.03392885461413058,10000,10000,True,False,True,/content/cv3d-project/data/cache/reconstruction/predictions/03001627/108b9cb292fd811cf51f77a6d7299806/69d6f60b40ae9dade7e88db8.npz,774c431afb0e45c4ca709a9190ed6c32413d4cd7b08cdb788d57c7c58e2ea1ec,/content/cv3d-project/data/cache/reconstruction/metrics/03001627/108b9cb292fd811cf51f77a6d7299806/88a9e5d9c35a382fcc79dbc4.json,12.064887000178715
03001627/108b9cb292fd811cf51f77a6d7299806,vggt,3,"[0, 5, 14]",0.5787583364883934,0.6374162106011074,0.6960740847138216,0.0,0.0,0.0,1.9829942291649416,0.0,0.0,0.0,0.0,0.0,0.0,camera_pose_sim3,1.1820473807177059,0.22897557512332198,10000,10000,True,False,True,/content/cv3d-project/data/cache/reconstruction/predictions/03001627/108b9cb292fd811cf51f77a6d7299806/c120850d41581d9bf06d5e02.npz,a67498daa446958d6fbf0f6b3f02fa935ebabd78a4ffecdc3408a84b97bce464,/content/cv3d-project/data/cache/reconstruction/metrics/03001627/108b9cb292fd811cf51f77a6d7299806/e1902af06e4cd2507a43fbba.json,12.322750999828713
03001627/108b9cb292fd811cf51f77a6d7299806,vggt,5,"[0, 5, 14, 22, 31]",0.08861155713266229,0.1221149918770944,0.1556184266215265,0.5283976116210677,0.0056389380530973456,0.015132748538011694,1.9829942291649416,0.6964,0.0054,0.0113,0.4257,0.0059,0.0229,camera_pose_sim3,2.0022575797329476,0.38500843524421485,10000,10000,True,False,True,/content/cv3d-project/data/cache/reconstruction/predictions/03001627/108b9cb292fd811cf51f77a6d7299806/3b12165b185f60c573e78f57.npz,dea1ada705ee543462292f11252ba20952c1254472d8f481f8fe9c0bd7188541,/content/cv3d-project/data/cache/reconstruction/metrics/03001627/108b9cb292fd811cf51f77a6d7299806/f85063276371695ce9920b60.json,11.944091999794182
03001627/108b9cb292fd811cf51f77a6d7299806,vggt,10,"[0, 5, 14, 22, 31, 39, 32, 40, 23, 15]",0.3098612834489595,0.3103621232290068,0.310862963009054,0.0,0.0,0.0,1.9829942291649416,0.0,0.0,0.0,0.0,0.0,0.0,camera_pose_sim3,1.4507276304907373,0.8335511187623196,10000,10000,True,False,True,/content/cv3d-project/data/cache/reconstruction/predictions/03001627/108b9cb292fd811cf51f77a6d7299806/8470b777a7db98a38fefb7f9.npz,667019228e970db7147eafaf82055e9a49eaf3d27e6830a0ee865c07b11c7e5d,/content/cv3d-project/data/cache/reconstruction/metrics/03001627/108b9cb292fd811cf51f77a6d7299806/b86e003fd075b9748ba99b68.json,12.21898699986923
03001627/1093d35c2ac73bb74ca84d60642ec7e8,vggt,1,[0],2.645482013783495,2.8119007249775283,2.9783194361715615,0.0,0.0,0.0,1.9943262585162966,0.0,0.0,0.0,0.0,0.0,0.0,camera_rotation_center_and_target_diameter_scale_single_view,8.68958529492394,0.0,10000,10000,True,True,True,/content/cv3d-project/data/cache/reconstruction/predictions/03001627/1093d35c2ac73bb74ca84d60642ec7e8/d8c4b43b71721ba4d0bbe9a8.npz,91f3e6ce7c9b8278dcfc85901d722e4a4a6f460485011ec1ae891374f6f0950c,/content/cv3d-project/data/cache/reconstruction/metrics/03001627/1093d35c2ac73bb74ca84d60642ec7e8/7dd61b6d1dc790ed037cf9c2.json,3.76602999995157
03001627/1093d35c2ac73bb74ca84d60642ec7e8,vggt,2,"[0, 5]",0.15838554963354448,0.2581089745920183,0.3578323995504922,0.0,0.0,0.0,1.9943262585162966,0.0,0.0,0.0,0.0,0.0,0.0,camera_pose_sim3,1.9647370475637413,0.010577723417226549,10000,10000,True,False,True,/content/cv3d-project/data/cache/reconstruction/predictions/03001627/1093d35c2ac73bb74ca84d60642ec7e8/f115fbf5692bb0b063345dd1.npz,50c00e3e9eda15233e26fa53818f0f8405570a7294ec2526cec627c04f1cb569,/content/cv3d-project/data/cache/reconstruction/metrics/03001627/1093d35c2ac73bb74ca84d60642ec7e8/e5b898cf5767c55483fe2ce4.json,11.331952000091405
03001627/1093d35c2ac73bb74ca84d60642ec7e8,vggt,3,"[0, 5, 17]",0.12568126761563395,0.20198806107017575,0.2782948545247175,0.06638584263544786,0.0,0.0,1.9943262585162966,0.3304,0.0,0.0,0.0369,0.0,0.0,camera_pose_sim3,3.0237532053079663,0.3140248876093798,10000,10000,True,False,True,/content/cv3d-project/data/cache/reconstruction/predictions/03001627/1093d35c2ac73bb74ca84d60642ec7e8/cf5147af7e8a61c7942d45aa.npz,1fb335e874ba916b43e028d40b545d5a6233d908d9efa3fe2c0b1a95f875fb45,/content/cv3d-project/data/cache/reconstruction/metrics/03001627/1093d35c2ac73bb74ca84d60642ec7e8/04eebfc1325c721d0abcb63f.json,11.579989999972895
03001627/1093d35c2ac73bb74ca84d60642ec7e8,vggt,5,"[0, 5, 17, 25, 24]",0.22352194671808104,0.28914611635282234,0.3547702859875636,0.0,0.0,0.0,1.9943262585162966,0.0,0.0,0.0,0.0,0.0,0.0,camera_pose_sim3,3.072411472110746,0.2820097555342075,10000,10000,True,False,True,/content/cv3d-project/data/cache/reconstruction/predictions/03001627/1093d35c2ac73bb74ca84d60642ec7e8/80ea5feee840b4b9c06efded.npz,a9bfb04510edf1fc0b59c5de39a87b9dce673d298c32daba7ae17859938e42a7,/content/cv3d-project/data/cache/reconstruction/metrics/03001627/1093d35c2ac73bb74ca84d60642ec7e8/d4b68255b9fdb803784356af.json,12.242245999914303
03001627/1093d35c2ac73bb74ca84d60642ec7e8,vggt,10,"[0, 5, 17, 25, 24, 33, 40, 32, 39, 46]",0.32278076910702147,0.4833596887844188,0.6439386084618162,0.0,0.0,0.0,1.9943262585162966,0.0,0.0,0.0,0.0,0.0,0.0,camera_pose_sim3,1.2244662176656125,0.9781833261655688,10000,10000,True,False,True,/content/cv3d-project/data/cache/reconstruction/predictions/03001627/1093d35c2ac73bb74ca84d60642ec7e8/c87c1448b530d596cf76a88f.npz,eacefad2203228945e8beff362e6f7a9993ff9b58ee2fd41c1a94cac5bdbeadd,/content/cv3d-project/data/cache/reconstruction/metrics/03001627/1093d35c2ac73bb74ca84d60642ec7e8/9d5b949553b2182665d6ad78.json,12.67090700002882
03001627/10991b3b01cc6cc99982a4d6320875e,vggt,1,[0],3.121097790880662,3.2526062208155686,3.3841146507504756,0.0,0.0,0.0,1.9950276733635652,0.0,0.0,0.0,0.0,0.0,0.0,camera_rotation_center_and_target_diameter_scale_single_view,9.464399412167975,0.0,10000,10000,True,True,True,/content/cv3d-project/data/cache/reconstruction/predictions/03001627/10991b3b01cc6cc99982a4d6320875e/68ff14e915ff20c812ea0ed3.npz,0d4887a2d4929132f76caf4f8538213e79e22cff622d69fbccaa15b445778598,/content/cv3d-project/data/cache/reconstruction/metrics/03001627/10991b3b01cc6cc99982a4d6320875e/8094ee5d92879d07a2069861.json,3.8147949999256525
03001627/10991b3b01cc6cc99982a4d6320875e,vggt,2,"[0, 26]",2.0050294148574577,2.1318283365029913,2.258627258148525,0.0,0.0,0.0,1.9950276733635652,0.0,0.0,0.0,0.0,0.0,0.0,camera_pose_sim3_positive_scale_fallback,2.500010432203779,1.1425967525038873e-16,10000,10000,True,False,True,/content/cv3d-project/data/cache/reconstruction/predictions/03001627/10991b3b01cc6cc99982a4d6320875e/970672b44baacc8b1f9172fb.npz,ad2d694810bcb0ee0e214e08158aaaf0011b3fbd19ef8cac5a1128316d7a09d7,/content/cv3d-project/data/cache/reconstruction/metrics/03001627/10991b3b01cc6cc99982a4d6320875e/fa1a640538e2fcd4b96e8b75.json,11.711445999935677
03001627/10991b3b01cc6cc99982a4d6320875e,vggt,3,"[0, 26, 18]",0.21208925147936675,0.40631602296808444,0.6005427944568021,0.0,0.0,0.0,1.9950276733635652,0.0,0.0,0.0,0.0,0.0,0.0,camera_pose_sim3,0.5655626824241113,0.9270122108231806,10000,10000,True,False,True,/content/cv3d-project/data/cache/reconstruction/predictions/03001627/10991b3b01cc6cc99982a4d6320875e/c005cb74d4d2dda2c21067e9.npz,0e76f6b0a16bc293217a37e653405b97574e2677e9821bc00675f4b268782ea9,/content/cv3d-project/data/cache/reconstruction/metrics/03001627/10991b3b01cc6cc99982a4d6320875e/84ba8f6ee8960d121f22f2b8.json,11.350391999712883
03001627/10991b3b01cc6cc99982a4d6320875e,vggt,5,"[0, 26, 18, 35, 9]",0.3839739201905782,0.5121292843135274,0.6402846484364766,0.0,0.0,0.0,1.9950276733635652,0.0,0.0,0.0,0.0,0.0,0.0,camera_pose_sim3,1.809834924062604,0.8094192199949739,10000,10000,True,False,True,/content/cv3d-project/data/cache/reconstruction/predictions/03001627/10991b3b01cc6cc99982a4d6320875e/508ac64238f281963dfbc0ae.npz,dcb709fd4374816cefbedb5b281e3b23970a9570656970dba8c419011d47fe09,/content/cv3d-project/data/cache/reconstruction/metrics/03001627/10991b3b01cc6cc99982a4d6320875e/2dc5f021757e7341f3d77e9c.json,11.554627000350592
03001627/10991b3b01cc6cc99982a4d6320875e,vggt,10,"[0, 26, 18, 35, 9, 17, 25, 34, 24, 33]",2.132885729147743,2.257939857324315,2.3829939855008866,0.0,0.0,0.0,1.9950276733635652,0.0,0.0,0.0,0.0,0.0,0.0,camera_pose_sim3_positive_scale_fallback,2.5517336987662684,1.0359676551056067,10000,10000,True,False,True,/content/cv3d-project/data/cache/reconstruction/predictions/03001627/10991b3b01cc6cc99982a4d6320875e/38613c90cd458e48f7c9dc74.npz,c3d10259d9dcb483ada6e6d1106998da42e65153b0604dc1d7e5ba66269e9a11,/content/cv3d-project/data/cache/reconstruction/metrics/03001627/10991b3b01cc6cc99982a4d6320875e/ce2df87329798cf95a213331.json,12.118383000142785
03001627/10a1783f635b3fc181dff5c2e57ad46e,vggt,1,[0],1.1530100411300468,1.3052775191266468,1.457544997123247,0.0,0.0,0.0,1.9999918828581313,0.0,0.0,0.0,0.0,0.0,0.0,camera_rotation_center_and_target_diameter_scale_single_view,5.664220267092219,0.0,10000,10000,True,True,True,/content/cv3d-project/data/cache/reconstruction/predictions/03001627/10a1783f635b3fc181dff5c2e57ad46e/461b06aea8a149e5b28e7bf6.npz,00dc112e868efbd5e0bbd383b46856635eb97573f8a839993f501c7afa1b65a8,/content/cv3d-project/data/cache/reconstruction/metrics/03001627/10a1783f635b3fc181dff5c2e57ad46e/2bf32eb5905b1b8c56a90292.json,3.8418129997808137
03001627/10a1783f635b3fc181dff5c2e57ad46e,vggt,2,"[0, 38]",0.21191495237418864,0.4377411339556998,0.6635673155372109,0.0,0.0,0.0,1.9999918828581313,0.0,0.0,0.0,0.0,0.0,0.0,camera_pose_sim3,0.35196244891524003,1.1691370818357099,10000,10000,True,True,True,/content/cv3d-project/data/cache/reconstruction/predictions/03001627/10a1783f635b3fc181dff5c2e57ad46e/5c968a48e899044c890fae37.npz,769d51c88913f9f44ddc51759f5c86d002497ce8dafe602a75685db2e5654362,/content/cv3d-project/data/cache/reconstruction/metrics/03001627/10a1783f635b3fc181dff5c2e57ad46e/0eac7393949cf316aec12447.json,2.487391000158823
03001627/10a1783f635b3fc181dff5c2e57ad46e,vggt,3,"[0, 38, 30]",0.5902672524568524,0.7729477364532469,0.9556282204496412,0.0,0.0,0.0,1.9999918828581313,0.0,0.0,0.0,0.0,0.0,0.0,camera_pose_sim3,0.1638140794880903,1.0440759705387177,10000,10000,True,False,True,/content/cv3d-project/data/cache/reconstruction/predictions/03001627/10a1783f635b3fc181dff5c2e57ad46e/81072f31ad9aaf5b4ea8037a.npz,dccb7b03355393c1c0aef1934a444ae7bf4ee1f62c365720a644e3b8a8ba9608,/content/cv3d-project/data/cache/reconstruction/metrics/03001627/10a1783f635b3fc181dff5c2e57ad46e/e08918069e47d0b7dc972932.json,12.106957000014518
03001627/10a1783f635b3fc181dff5c2e57ad46e,vggt,5,"[0, 38, 30, 35, 42]",0.2405679005762521,0.38610589000805623,0.5316438794398604,0.0,0.0,0.0,1.9999918828581313,0.0,0.0,0.0,0.0,0.0,0.0,camera_pose_sim3,1.3339016696195065,1.0678059717732973,10000,10000,True,False,True,/content/cv3d-project/data/cache/reconstruction/predictions/03001627/10a1783f635b3fc181dff5c2e57ad46e/fa4a858ada43b1aad8b2b3db.npz,e7edb95c8149e0185ec617f7c5aa7d3b6fdec6a5dfdb7467fd972ed5e92a2ffa,/content/cv3d-project/data/cache/reconstruction/metrics/03001627/10a1783f635b3fc181dff5c2e57ad46e/aebaaf7086409e2a9bbacc36.json,11.906781000107003
03001627/10a1783f635b3fc181dff5c2e57ad46e,vggt,10,"[0, 38, 30, 35, 42, 24, 33, 16, 26, 34]",0.40342771828216545,0.5512986355282508,0.6991695527743361,0.0,0.0,0.0,1.9999918828581313,0.0,0.0,0.0,0.0,0.0,0.0,camera_pose_sim3,1.031716342608023,1.1315431781947791,10000,10000,True,False,True,/content/cv3d-project/data/cache/reconstruction/predictions/03001627/10a1783f635b3fc181dff5c2e57ad46e/1174d213d6268013d12dc495.npz,28a7177323b4a29f07e9c1deeac25c1fda7ba59d0606ec1facaea88c3b38a283,/content/cv3d-project/data/cache/reconstruction/metrics/03001627/10a1783f635b3fc181dff5c2e57ad46e/da2acd029507bc7e2d9d358b.json,11.972012000114773
03001627/10c08a28cae054e53a762233fffc49ea,vggt,1,[0],1.379804673192558,1.536363616705876,1.6929225602191942,0.0,0.0,0.0,1.9987442340057244,0.0,0.0,0.0,0.0,0.0,0.0,camera_rotation_center_and_target_diameter_scale_single_view,6.0832884729243055,0.0,10000,10000,True,True,True,/content/cv3d-project/data/cache/reconstruction/predictions/03001627/10c08a28cae054e53a762233fffc49ea/a5d26c4eec671b123f7bac43.npz,21e5a6fab71113c68cd1c83d9ea69cbdca4ef6af23c3ead8f7d51506ce908c3e,/content/cv3d-project/data/cache/reconstruction/metrics/03001627/10c08a28cae054e53a762233fffc49ea/047f7fa237ee0a2715ef9e31.json,3.6996779999753926
03001627/10c08a28cae054e53a762233fffc49ea,vggt,2,"[0, 25]",1.5619334941145349,1.7066043967185316,1.8512752993225283,0.0,0.0,0.0,1.9987442340057244,0.0,0.0,0.0,0.0,0.0,0.0,camera_pose_sim3,5.308085286757872,0.7844708803634484,10000,10000,True,False,True,/content/cv3d-project/data/cache/reconstruction/predictions/03001627/10c08a28cae054e53a762233fffc49ea/e84f53babdf7fd8eecae3f4f.npz,187f79348977e0731184a0e2174eded16ce9df414ffc6883526d5474d58ac585,/content/cv3d-project/data/cache/reconstruction/metrics/03001627/10c08a28cae054e53a762233fffc49ea/0d4cd18498a1de050999acc9.json,11.401568999644951
03001627/10c08a28cae054e53a762233fffc49ea,vggt,3,"[0, 25, 45]",2.322171094959861,2.510967424746017,2.6997637545321735,0.0,0.0,0.0,1.9987442340057244,0.0,0.0,0.0,0.0,0.0,0.0,camera_pose_sim3_positive_scale_fallback,3.542799259534839,1.3636859913300379,10000,10000,True,False,True,/content/cv3d-project/data/cache/reconstruction/predictions/03001627/10c08a28cae054e53a762233fffc49ea/c83bb5c0ce1143119139a324.npz,1d01a9353171b0dd7567d27c17225b46ddfd40ff802c7f4351f86e4b63d43892,/content/cv3d-project/data/cache/reconstruction/metrics/03001627/10c08a28cae054e53a762233fffc49ea/264e3d97a6e97e3fea354c5b.json,11.522364000029484
03001627/10c08a28cae054e53a762233fffc49ea,vggt,5,"[0, 25, 45, 38, 31]",0.3909912557718436,0.5761412767373787,0.7612912977029137,0.0,0.0,0.0,1.9987442340057244,0.0,0.0,0.0,0.0,0.0,0.0,camera_pose_sim3,1.7020356757215667,1.0654135696576947,10000,10000,True,False,True,/content/cv3d-project/data/cache/reconstruction/predictions/03001627/10c08a28cae054e53a762233fffc49ea/d4c32bfa8702f02568a88b42.npz,b4d89a4303ed9da2f6107411e61513a0b03bf47397eacfca33efd0b0ed2bea50,/content/cv3d-project/data/cache/reconstruction/metrics/03001627/10c08a28cae054e53a762233fffc49ea/a5dd489af320b633a1a3aeb3.json,11.664862999623438
03001627/10c08a28cae054e53a762233fffc49ea,vggt,10,"[0, 25, 45, 38, 31, 33, 41, 34, 4, 16]",0.11688556000758905,0.2886160354884161,0.46034651096924306,0.030314190059232554,0.0,0.0,1.9987442340057244,0.3725,0.0,0.0,0.0158,0.0,0.0,camera_pose_sim3,0.9833441941175923,1.1618330620015507,10000,10000,True,False,True,/content/cv3d-project/data/cache/reconstruction/predictions/03001627/10c08a28cae054e53a762233fffc49ea/30365764f401617fc816fdd0.npz,f9747a9f0a63ca9fb1816b901f4840353ef70727e142e552087a30457cee5cf4,/content/cv3d-project/data/cache/reconstruction/metrics/03001627/10c08a28cae054e53a762233fffc49ea/ba3351509a6de375cd23b5e8.json,12.725891000172851
03001627/10d174a00639990492d9da2668ec34c,vggt,1,[0],1.8237092672143407,1.905314502038522,1.9869197368627034,0.0,0.0,0.0,1.9881942877683374,0.0,0.0,0.0,0.0,0.0,0.0,camera_rotation_center_and_target_diameter_scale_single_view,6.669148620055134,0.0,10000,10000,True,True,True,/content/cv3d-project/data/cache/reconstruction/predictions/03001627/10d174a00639990492d9da2668ec34c/e9e63f7ce154fb21362e4102.npz,7fba8e8dc180dfc931fed39604e38edb04de7d4021407f9311c6fb158b82232a,/content/cv3d-project/data/cache/reconstruction/metrics/03001627/10d174a00639990492d9da2668ec34c/9e6be248b6d7799f6cd2c89d.json,3.863826999804587
03001627/10d174a00639990492d9da2668ec34c,vggt,2,"[0, 5]",0.3620035634656304,0.41670555210056315,0.47140754073549596,0.0,0.0,0.0,1.9881942877683374,0.0,0.0,0.0,0.0,0.0,0.0,camera_pose_sim3,1.6072206608482906,0.055733575857088144,10000,10000,True,False,True,/content/cv3d-project/data/cache/reconstruction/predictions/03001627/10d174a00639990492d9da2668ec34c/55ad976d9b8935a7fe928d96.npz,c9fd4bce9f97472cebe8c8f73fee07e62f879aa45e534b9caca6f34f387fc0bf,/content/cv3d-project/data/cache/reconstruction/metrics/03001627/10d174a00639990492d9da2668ec34c/b4d3795ca118df8961f805d7.json,11.618570000337058
03001627/10d174a00639990492d9da2668ec34c,vggt,3,"[0, 5, 23]",0.08881996730134444,0.11267912055805271,0.136538273814761,0.382710449843078,0.010727950310559006,0.036587736900780383,1.9881942877683374,0.573,0.0254,0.0641,0.2873,0.0068,0.0256,camera_pose_sim3,2.663866076894831,0.16266040905812448,10000,10000,True,False,True,/content/cv3d-project/data/cache/reconstruction/predictions/03001627/10d174a00639990492d9da2668ec34c/4918546bf190e1fa01dbb3ed.npz,ec8649d10c69d42491cf42e204a3f8526d30133d0c32bac3903b8c8722e82dc9,/content/cv3d-project/data/cache/reconstruction/metrics/03001627/10d174a00639990492d9da2668ec34c/2c10c54810241d2863124966.json,11.321971000143094
03001627/10d174a00639990492d9da2668ec34c,vggt,5,"[0, 5, 23, 16, 31]",0.030737647432885373,0.05526183961812964,0.0797860318033739,0.8182826164027416,0.03297230181470869,0.11506098461538462,1.9881942877683374,0.9999,0.0842,0.2503,0.6925,0.0205,0.0747,camera_pose_sim3,2.5902068235142757,0.09727611811497582,10000,10000,True,False,True,/content/cv3d-project/data/cache/reconstruction/predictions/03001627/10d174a00639990492d9da2668ec34c/2b88485aca4dd1562d477321.npz,84fe8ab7951d5aee8123817f8fe2747514f91ef36305ca7fe0f93cfb93574ea2,/content/cv3d-project/data/cache/reconstruction/metrics/03001627/10d174a00639990492d9da2668ec34c/b406e45e3c93f21d4aab4c13.json,11.464155999874492
03001627/10d174a00639990492d9da2668ec34c,vggt,10,"[0, 5, 23, 16, 31, 32, 24, 39, 40, 33]",0.06860065534455863,0.12188049411461702,0.17516033288467542,0.3391460351025587,0.04371604743083004,0.07744679966749793,1.9881942877683374,0.7244,0.0984,0.1921,0.2214,0.0281,0.0485,camera_pose_sim3,2.844739396900529,0.3809272501477252,10000,10000,True,False,True,/content/cv3d-project/data/cache/reconstruction/predictions/03001627/10d174a00639990492d9da2668ec34c/7f7089caf2d306536f50af52.npz,14f2a4ab1a0031042fe3f40a8208e290587c8a1e9902f364ac256afc6f4f85d9,/content/cv3d-project/data/cache/reconstruction/metrics/03001627/10d174a00639990492d9da2668ec34c/669a153aacf8cf68b6e1ce85.json,11.67715399969893
03001627/10d5c2f88b60bbf5febad4f49b26ec52,vggt,1,[0],1.2461214283240474,1.4157910118013262,1.5854605952786052,0.0,0.0,0.0,1.997173277382665,0.0,0.0,0.0,0.0,0.0,0.0,camera_rotation_center_and_target_diameter_scale_single_view,5.860365357129392,0.0,10000,10000,True,True,True,/content/cv3d-project/data/cache/reconstruction/predictions/03001627/10d5c2f88b60bbf5febad4f49b26ec52/a3eac02d8096d9d8119d8452.npz,25ee0c72c99380f131588d6585324ea12d6f0ff49924ff2668ab498b702ecbe2,/content/cv3d-project/data/cache/reconstruction/metrics/03001627/10d5c2f88b60bbf5febad4f49b26ec52/485d50e8f42dc6396f89b8a9.json,3.9578939999955765
03001627/10d5c2f88b60bbf5febad4f49b26ec52,vggt,2,"[0, 17]",0.07054216950093482,0.1620378067429896,0.25353344398504435,0.16548710737014988,0.001772727272727273,0.008569548872180451,1.997173277382665,0.8829,0.0078,0.0485,0.0913,0.001,0.0047,camera_pose_sim3,1.658996403931316,0.852279417196325,10000,10000,True,False,True,/content/cv3d-project/data/cache/reconstruction/predictions/03001627/10d5c2f88b60bbf5febad4f49b26ec52/2b716d20e95f49d97656fe14.npz,17aa6bb6ee44a605908dc2d23c474354239acfa72e4ab0f3bc76391efa6d3ba1,/content/cv3d-project/data/cache/reconstruction/metrics/03001627/10d5c2f88b60bbf5febad4f49b26ec52/334b821758e08564b1076c08.json,12.297021999984281
03001627/10d5c2f88b60bbf5febad4f49b26ec52,vggt,3,"[0, 17, 25]",0.1758511710219757,0.32853782188105285,0.48122447274013,0.0,0.0,0.0,1.997173277382665,0.0,0.0,0.0,0.0,0.0,0.0,camera_pose_sim3,0.530467137945908,1.0155399837582277,10000,10000,True,False,True,/content/cv3d-project/data/cache/reconstruction/predictions/03001627/10d5c2f88b60bbf5febad4f49b26ec52/72d9fc2796dd6f8e0d30256c.npz,72301e89492f4ec24335d97e478c185583cc5404a7c172228ba7d767c48f0d6d,/content/cv3d-project/data/cache/reconstruction/metrics/03001627/10d5c2f88b60bbf5febad4f49b26ec52/ceb686578ce303f97520e425.json,11.995681999906083
03001627/10d5c2f88b60bbf5febad4f49b26ec52,vggt,5,"[0, 17, 25, 47, 42]",0.4363613795017493,0.5354994778103299,0.6346375761189106,0.0,0.0,0.0,1.997173277382665,0.0,0.0,0.0,0.0,0.0,0.0,camera_pose_sim3,1.4831186436765436,0.8864351690605985,10000,10000,True,False,True,/content/cv3d-project/data/cache/reconstruction/predictions/03001627/10d5c2f88b60bbf5febad4f49b26ec52/2f5de4cb0a31a59f55e832a6.npz,604eab889c6993e63b1da9c28d44242e35f36ecbd351b8cd58e737bd5e7f3bc7,/content/cv3d-project/data/cache/reconstruction/metrics/03001627/10d5c2f88b60bbf5febad4f49b26ec52/6881af4a68bbadd1cb680175.json,11.552807999578363
03001627/10d5c2f88b60bbf5febad4f49b26ec52,vggt,10,"[0, 17, 25, 47, 42, 34, 39, 45, 8, 32]",0.09506086908581385,0.20409813178129502,0.3131353944767762,0.1442805730659026,0.0290185546875,0.04349235352532275,1.997173277382665,0.4371,0.0849,0.1766,0.0864,0.0175,0.0248,camera_pose_sim3,1.9598972334049103,0.7507671599734771,10000,10000,True,False,True,/content/cv3d-project/data/cache/reconstruction/predictions/03001627/10d5c2f88b60bbf5febad4f49b26ec52/f1811b2f4fa467751dfa14a7.npz,978ed9613f5e9dc56d4aee30b88a45fa882936ce6aff7e0c932ee23073e5237d,/content/cv3d-project/data/cache/reconstruction/metrics/03001627/10d5c2f88b60bbf5febad4f49b26ec52/abbe5baa4465b05e78c3b26a.json,11.797867000041151
03001627/10dc303144fe5d668d1b9a1d97e2846,vggt,1,[0],1.1373704853806548,1.2461117195550373,1.3548529537294196,0.0,0.0,0.0,1.9976220090239247,0.0,0.0,0.0,0.0,0.0,0.0,camera_rotation_center_and_target_diameter_scale_single_view,5.484264237496039,0.0,10000,10000,True,True,True,/content/cv3d-project/data/cache/reconstruction/predictions/03001627/10dc303144fe5d668d1b9a1d97e2846/14ffc80e47166f9a737a2b11.npz,f96bc5d6da9262f12f9cf789b90d43868611f4d606a2b5fe4aaf9fa1a67c2ef4,/content/cv3d-project/data/cache/reconstruction/metrics/03001627/10dc303144fe5d668d1b9a1d97e2846/bcfe9d424c73b658a96a4d30.json,3.7307480001800286
03001627/10dc303144fe5d668d1b9a1d97e2846,vggt,2,"[0, 4]",1.5649799271221445,1.6665890321067693,1.7681981370913942,0.0,0.0,0.0,1.9976220090239247,0.0,0.0,0.0,0.0,0.0,0.0,camera_pose_sim3_positive_scale_fallback,1.0268163698718675,1.9599121075836422e-16,10000,10000,True,False,True,/content/cv3d-project/data/cache/reconstruction/predictions/03001627/10dc303144fe5d668d1b9a1d97e2846/9c86f104dc516b1cdde3e53b.npz,3800449f137c10673631caa2d331ad7a2518189349fffcaad4b20734c2f5f294,/content/cv3d-project/data/cache/reconstruction/metrics/03001627/10dc303144fe5d668d1b9a1d97e2846/316660b2646c02db086e1ddc.json,11.668634999750793
03001627/10dc303144fe5d668d1b9a1d97e2846,vggt,3,"[0, 4, 42]",0.2529018756894314,0.2924857894485736,0.3320697032077159,0.0,0.0,0.0,1.9976220090239247,0.0,0.0,0.0,0.0,0.0,0.0,camera_pose_sim3,2.7084924421805257,0.4740446559037037,10000,10000,True,False,True,/content/cv3d-project/data/cache/reconstruction/predictions/03001627/10dc303144fe5d668d1b9a1d97e2846/d7b3e22f2e5ad59b71ad2893.npz,0bda911619de6a254dc4b8a9bafe09f4e68eb18d759da231247202cf478fff4b,/content/cv3d-project/data/cache/reconstruction/metrics/03001627/10dc303144fe5d668d1b9a1d97e2846/2de412c30fb28876cf023f87.json,12.045434000356181
03001627/10dc303144fe5d668d1b9a1d97e2846,vggt,5,"[0, 4, 42, 34, 25]",0.28653841484055526,0.36035617573804124,0.43417393663552717,0.0,0.0,0.0,1.9976220090239247,0.0,0.0,0.0,0.0,0.0,0.0,camera_pose_sim3,1.9716818648710344,0.8337898730399602,10000,10000,True,False,True,/content/cv3d-project/data/cache/reconstruction/predictions/03001627/10dc303144fe5d668d1b9a1d97e2846/06a620a7d228b9b0c8dd845e.npz,ab8aaa079c74c755e0683925bb042e5e1d87a3b5cd6dbb7912497c0ac02395d2,/content/cv3d-project/data/cache/reconstruction/metrics/03001627/10dc303144fe5d668d1b9a1d97e2846/8b508e44ede03a5b643598fa.json,12.725817000045936
03001627/10dc303144fe5d668d1b9a1d97e2846,vggt,10,"[0, 4, 42, 34, 25, 17, 24, 33, 41, 38]",0.3189712971640223,0.3842814958329679,0.4495916945019135,0.0,0.0,0.0,1.9976220090239247,0.0,0.0,0.0,0.0,0.0,0.0,camera_pose_sim3,2.1819005553218016,0.5667919905988288,10000,10000,True,False,True,/content/cv3d-project/data/cache/reconstruction/predictions/03001627/10dc303144fe5d668d1b9a1d97e2846/15ce6d8c3cd2cabbfd1f6c66.npz,ae7a65005d4addc946b32289b69804b620bdf53e35beaa09826c73610930a673,/content/cv3d-project/data/cache/reconstruction/metrics/03001627/10dc303144fe5d668d1b9a1d97e2846/57694e69ecdd0aac3fc76cd3.json,12.297682000280474
03001627/10de9af4e91682851e5f7bff98fb8d02,vggt,1,[0],1.3323570704019314,1.4781794979065426,1.6240019254111535,0.0,0.0,0.0,1.9994021127536656,0.0,0.0,0.0,0.0,0.0,0.0,camera_rotation_center_and_target_diameter_scale_single_view,6.032569256729033,0.0,10000,10000,True,True,True,/content/cv3d-project/data/cache/reconstruction/predictions/03001627/10de9af4e91682851e5f7bff98fb8d02/b9b8307fd7d7c70f75573cdb.npz,19e72b4e71fc2640fb9fe83e588277216d204960928379631a27b28783fffe64,/content/cv3d-project/data/cache/reconstruction/metrics/03001627/10de9af4e91682851e5f7bff98fb8d02/35eecfabc5facd109f480c8d.json,3.899248999914562
03001627/10de9af4e91682851e5f7bff98fb8d02,vggt,2,"[0, 25]",0.020440760296126573,0.19593280286683337,0.3714248454375402,0.09668823753330795,0.003943780744905131,0.00910095951322256,1.9994021127536656,1.0,0.1403,0.4227,0.0508,0.002,0.0046,camera_pose_sim3,0.6254563465914661,1.1028015039570904,10000,10000,True,False,True,/content/cv3d-project/data/cache/reconstruction/predictions/03001627/10de9af4e91682851e5f7bff98fb8d02/0352c64f908ca175f97e9315.npz,03f03b70c1903dc60597fec3f51a25ed828840ff39d371976483b490f914a4b3,/content/cv3d-project/data/cache/reconstruction/metrics/03001627/10de9af4e91682851e5f7bff98fb8d02/ef28bcccb8149e1b08f8ce26.json,12.006222000309208
03001627/10de9af4e91682851e5f7bff98fb8d02,vggt,3,"[0, 25, 33]",0.5149723776553067,0.6757956095639681,0.8366188414726297,0.0,0.0,0.0,1.9994021127536656,0.0,0.0,0.0,0.0,0.0,0.0,camera_pose_sim3,0.8463330938023972,1.0212764749674264,10000,10000,True,False,True,/content/cv3d-project/data/cache/reconstruction/predictions/03001627/10de9af4e91682851e5f7bff98fb8d02/b1a6babaf88e930ff6db266e.npz,0eaa160cf07325a8104a922e470d42a2ef15a489e5ea84926be2a73bb4e7184f,/content/cv3d-project/data/cache/reconstruction/metrics/03001627/10de9af4e91682851e5f7bff98fb8d02/593b3aee8dbb7a26ec163ca3.json,11.326930999985052
03001627/10de9af4e91682851e5f7bff98fb8d02,vggt,5,"[0, 25, 33, 40, 44]",0.12894050440713664,0.2440101247169928,0.3590797450268489,0.12881643430502746,0.0018318181818181819,0.0045061538461538455,1.9994021127536656,0.3965,0.0031,0.0101,0.0769,0.0013,0.0029,camera_pose_sim3,2.127040264138709,0.6475405919739706,10000,10000,True,False,True,/content/cv3d-project/data/cache/reconstruction/predictions/03001627/10de9af4e91682851e5f7bff98fb8d02/2efee4cde68223e120ed0d0d.npz,1607b5b2811b2123d2837090afed0a07491c41201b02fc413b71d8e0633b4e7a,/content/cv3d-project/data/cache/reconstruction/metrics/03001627/10de9af4e91682851e5f7bff98fb8d02/bf653f37006eadac2f48ff4a.json,11.985536999873148
03001627/10de9af4e91682851e5f7bff98fb8d02,vggt,10,"[0, 25, 33, 40, 44, 37, 32, 23, 34, 42]",0.4259376386052559,0.5394419604375031,0.6529462822697503,0.0,0.0,0.0,1.9994021127536656,0.0,0.0,0.0,0.0,0.0,0.0,camera_pose_sim3,1.9807746747238286,0.7091303911264354,10000,10000,True,False,True,/content/cv3d-project/data/cache/reconstruction/predictions/03001627/10de9af4e91682851e5f7bff98fb8d02/e9f6fb6c35bdb0f6e7c3c07a.npz,31270bc074495b1eda3f1686c5f21a33bbd9aa56477ec64e31ef99b1c01eabad,/content/cv3d-project/data/cache/reconstruction/metrics/03001627/10de9af4e91682851e5f7bff98fb8d02/7bd5038eacaced207fe0e856.json,12.883221000265621
03001627/10e523060bb5b51f9ee9f382b1dfb770,vggt,1,[0],1.4856648717767362,1.5984926556808592,1.7113204395849824,0.0,0.0,0.0,1.9974451315508652,0.0,0.0,0.0,0.0,0.0,0.0,camera_rotation_center_and_target_diameter_scale_single_view,6.139313470339032,0.0,10000,10000,True,True,True,/content/cv3d-project/data/cache/reconstruction/predictions/03001627/10e523060bb5b51f9ee9f382b1dfb770/57c0c1bb27e2ff127ba7d9f7.npz,cb6e76209e3224cd8537415906bd8820f456a7cde04735b595d478dc1ede01f5,/content/cv3d-project/data/cache/reconstruction/metrics/03001627/10e523060bb5b51f9ee9f382b1dfb770/00d69061073809ca43273863.json,3.7838709999959974
03001627/10e523060bb5b51f9ee9f382b1dfb770,vggt,2,"[0, 5]",1.1594209949483008,1.2241209807208118,1.2888209664933228,0.0,0.0,0.0,1.9974451315508652,0.0,0.0,0.0,0.0,0.0,0.0,camera_pose_sim3,0.6770663115004053,0.021123983343471948,10000,10000,True,False,True,/content/cv3d-project/data/cache/reconstruction/predictions/03001627/10e523060bb5b51f9ee9f382b1dfb770/11eea45684c5ff7a61bcc264.npz,3498e761c59cea7ca6a98e645b42d3fff3a08ecd709e85a17a400d9670ecfdf3,/content/cv3d-project/data/cache/reconstruction/metrics/03001627/10e523060bb5b51f9ee9f382b1dfb770/02f117db7dc4c57656e35d93.json,11.722485000063898
03001627/10e523060bb5b51f9ee9f382b1dfb770,vggt,3,"[0, 5, 31]",0.5021291689191246,0.6248662771448172,0.7476033853705097,0.0,0.0,0.0,1.9974451315508652,0.0,0.0,0.0,0.0,0.0,0.0,camera_pose_sim3,1.0042145771398348,0.8681141454836858,10000,10000,True,False,True,/content/cv3d-project/data/cache/reconstruction/predictions/03001627/10e523060bb5b51f9ee9f382b1dfb770/18f9a1ce052b3055ede457c2.npz,1607d54e5ab1aa1d99c7792dbe64632827f10cd632acb2087f82f8414d0ff58b,/content/cv3d-project/data/cache/reconstruction/metrics/03001627/10e523060bb5b51f9ee9f382b1dfb770/0d3ed14bc180950926242f10.json,11.828637000235176
03001627/10e523060bb5b51f9ee9f382b1dfb770,vggt,5,"[0, 5, 31, 39, 32]",0.039330489056024535,0.06775904320648886,0.09618759735695319,0.6700458336293245,0.12221383573741536,0.20685709554562015,1.9974451315508652,0.8581,0.2598,0.4714,0.5496,0.0799,0.1325,camera_pose_sim3,2.529048983647438,0.13007856447533583,10000,10000,True,False,True,/content/cv3d-project/data/cache/reconstruction/predictions/03001627/10e523060bb5b51f9ee9f382b1dfb770/c89aace400e0fd5fda5c379c.npz,189c497889bfdeaeea92c945c5566bd7f020a1d34f83281b1fb1abc2f02aeda0,/content/cv3d-project/data/cache/reconstruction/metrics/03001627/10e523060bb5b51f9ee9f382b1dfb770/719f61bea33eaf706000801f.json,11.055723000026774
03001627/10e523060bb5b51f9ee9f382b1dfb770,vggt,10,"[0, 5, 31, 39, 32, 40, 33, 23, 41, 46]",0.32493235958015465,0.3961543916281364,0.4673764236761182,0.0,0.0,0.0,1.9974451315508652,0.0,0.0,0.0,0.0,0.0,0.0,camera_pose_sim3,1.801926052566597,0.7413138228093477,10000,10000,True,False,True,/content/cv3d-project/data/cache/reconstruction/predictions/03001627/10e523060bb5b51f9ee9f382b1dfb770/3c4513d86c70ec9c43606874.npz,f8f42e039ecf81f0bcd53caddb7914861e1d5b7dc411edbb8d5ae7c52c8650ca,/content/cv3d-project/data/cache/reconstruction/metrics/03001627/10e523060bb5b51f9ee9f382b1dfb770/310d6f772580ed0155652e93.json,11.940097000206151
03001627/11040f463a3895019fb4103277a6b93,vggt,1,[0],1.8689231250091016,2.0145191597520187,2.1601151944949355,0.0,0.0,0.0,1.9970146727706672,0.0,0.0,0.0,0.0,0.0,0.0,camera_rotation_center_and_target_diameter_scale_single_view,7.029597104301622,0.0,10000,10000,True,True,True,/content/cv3d-project/data/cache/reconstruction/predictions/03001627/11040f463a3895019fb4103277a6b93/26a27a64c52d04255c681b8f.npz,39becdc484d3ee61a372c344fd149e9b7ef805812ab069851f33eb41c9fcb2af,/content/cv3d-project/data/cache/reconstruction/metrics/03001627/11040f463a3895019fb4103277a6b93/695d25032fd1da5718e335eb.json,3.9395680000779976
03001627/11040f463a3895019fb4103277a6b93,vggt,2,"[0, 25]",0.020350837154458214,0.12954969879438033,0.23874856043430245,0.15719155993734452,0.004741964735516372,0.011475821336286452,1.9970146727706672,1.0,0.1961,0.536,0.0853,0.0024,0.0058,camera_pose_sim3,1.0031535465644983,1.060291244696637,10000,10000,True,False,True,/content/cv3d-project/data/cache/reconstruction/predictions/03001627/11040f463a3895019fb4103277a6b93/95332829b9ffd305c6f357eb.npz,2990d8ef72ec798634156e503e5c30f9c8908e3924c0f2bca9adf9cd386ff8bb,/content/cv3d-project/data/cache/reconstruction/metrics/03001627/11040f463a3895019fb4103277a6b93/90f0898fa0be254be1420eaa.json,12.271601000065857
03001627/11040f463a3895019fb4103277a6b93,vggt,3,"[0, 25, 33]",0.36272281844558507,0.41657566702777926,0.4704285156099734,0.0,0.0,0.0,1.9970146727706672,0.0,0.0,0.0,0.0,0.0,0.0,camera_pose_sim3,2.950715742988412,0.1334588473295631,10000,10000,True,False,True,/content/cv3d-project/data/cache/reconstruction/predictions/03001627/11040f463a3895019fb4103277a6b93/c040bee1edad2ea8f652748a.npz,7ca5daf8830e17d1679b2c5a6d8e2f2b7fe6c507e4bdc895a2bd004c9595a782,/content/cv3d-project/data/cache/reconstruction/metrics/03001627/11040f463a3895019fb4103277a6b93/59c50abd298c752a5952aa6f.json,12.273371999981464
03001627/11040f463a3895019fb4103277a6b93,vggt,5,"[0, 25, 33, 41, 44]",0.060070470969610025,0.19095810251468337,0.3218457340597567,0.1675843210802701,0.02098491620111732,0.045101886792452826,1.9970146727706672,0.7047,0.1318,0.3735,0.0951,0.0114,0.024,camera_pose_sim3,1.5335191319216335,0.880665943268805,10000,10000,True,False,True,/content/cv3d-project/data/cache/reconstruction/predictions/03001627/11040f463a3895019fb4103277a6b93/2977eaf4d050a018faa8d967.npz,d20ae402fee3f72ab09e47b403d356f568c36db0037f42b972602598779ad592,/content/cv3d-project/data/cache/reconstruction/metrics/03001627/11040f463a3895019fb4103277a6b93/d7e8eb3cc3fbae686a1c9625.json,11.844001999634202
03001627/11040f463a3895019fb4103277a6b93,vggt,10,"[0, 25, 33, 41, 44, 37, 34, 23, 16, 31]",0.20879746142111305,0.250610939238195,0.292424417055277,0.004152808988764045,0.0,0.0,1.9970146727706672,0.0033,0.0,0.0,0.0056,0.0,0.0,camera_pose_sim3,2.486422925884657,0.3419490820359552,10000,10000,True,False,True,/content/cv3d-project/data/cache/reconstruction/predictions/03001627/11040f463a3895019fb4103277a6b93/33d99422f6f401c3ac28cd6f.npz,51a5fab644618f872b1cee03db37ea4bc4319c3f7ab9eb8f6354555f42a788da,/content/cv3d-project/data/cache/reconstruction/metrics/03001627/11040f463a3895019fb4103277a6b93/4a3271acb25dec874060870a.json,11.899209000148403
03001627/110ad013a9ae7a1ab0f4eaf0533e82bb,vggt,1,[0],2.0671948239665525,2.1887670712101626,2.3103393184537726,0.0,0.0,0.0,1.9865625054093394,0.0,0.0,0.0,0.0,0.0,0.0,camera_rotation_center_and_target_diameter_scale_single_view,7.320445132718173,0.0,10000,10000,True,True,True,/content/cv3d-project/data/cache/reconstruction/predictions/03001627/110ad013a9ae7a1ab0f4eaf0533e82bb/781858bdd38bec5d6e4c5636.npz,b9bf09563edbba3eaef0c8e365b779d141ba6bb8543a35cfc1ca0bb025ff1bed,/content/cv3d-project/data/cache/reconstruction/metrics/03001627/110ad013a9ae7a1ab0f4eaf0533e82bb/f9724007e2352b7434635104.json,3.7270230000103766
03001627/110ad013a9ae7a1ab0f4eaf0533e82bb,vggt,2,"[0, 26]",0.07178011171538945,0.20329495750135126,0.3348098032873131,0.06819279435912297,0.0,0.0,1.9865625054093394,1.0,0.0,0.0,0.0353,0.0,0.0,camera_pose_sim3,0.8172648883653011,1.0121315086224616,10000,10000,True,False,True,/content/cv3d-project/data/cache/reconstruction/predictions/03001627/110ad013a9ae7a1ab0f4eaf0533e82bb/f9a5549ca0aaa7e77165fe20.npz,0bd2ee8552e65effd2fcfe2c984e5f9b93c0fe15a00e274576e2baa93dd8a381,/content/cv3d-project/data/cache/reconstruction/metrics/03001627/110ad013a9ae7a1ab0f4eaf0533e82bb/323ac1e2f457615813f53e92.json,11.398724000173388
03001627/110ad013a9ae7a1ab0f4eaf0533e82bb,vggt,3,"[0, 26, 18]",0.1359178522287596,0.2317906319831149,0.32766341173747016,0.047646912556983015,0.0,0.0,1.9865625054093394,0.2145,0.0,0.0,0.0268,0.0,0.0,camera_pose_sim3,1.5032481058706058,0.822488087371344,10000,10000,True,False,True,/content/cv3d-project/data/cache/reconstruction/predictions/03001627/110ad013a9ae7a1ab0f4eaf0533e82bb/af76d3548a6f871ee2a9a7e8.npz,fcbf85d287d572caebd52610876b10a40a369d0ea2c6d64be443c394b736f469,/content/cv3d-project/data/cache/reconstruction/metrics/03001627/110ad013a9ae7a1ab0f4eaf0533e82bb/2f9c10c205ce076afb40493a.json,11.919601000045077
03001627/110ad013a9ae7a1ab0f4eaf0533e82bb,vggt,5,"[0, 26, 18, 34, 25]",0.3197471798370303,0.3518162151152263,0.38388525039342236,0.0,0.0,0.0,1.9865625054093394,0.0,0.0,0.0,0.0,0.0,0.0,camera_pose_sim3,2.9092620187085574,0.45869049549069235,10000,10000,True,False,True,/content/cv3d-project/data/cache/reconstruction/predictions/03001627/110ad013a9ae7a1ab0f4eaf0533e82bb/2ee5bbf4f1aec43653a53ddc.npz,3ae915e5e197b729006fab9a17862fa9dd6d0b71540408f51d8bfa38cd463546,/content/cv3d-project/data/cache/reconstruction/metrics/03001627/110ad013a9ae7a1ab0f4eaf0533e82bb/a333b039fb9d06257726c125.json,12.506922999818926
03001627/110ad013a9ae7a1ab0f4eaf0533e82bb,vggt,10,"[0, 26, 18, 34, 25, 45, 39, 41, 38, 33]",0.12183869697599282,0.14902952386764046,0.17622035075928807,0.15371247254088358,0.0,0.0,1.9865625054093394,0.3072,0.0,0.0,0.1025,0.0,0.0,camera_pose_sim3,2.541251473391107,0.29545947686355434,10000,10000,True,False,True,/content/cv3d-project/data/cache/reconstruction/predictions/03001627/110ad013a9ae7a1ab0f4eaf0533e82bb/e77a6b8127d2b2b3bd1dab27.npz,e352217c275d0b23c08cfa2635a6adb8788ca94b28da12ca3d989fd81c4c574b,/content/cv3d-project/data/cache/reconstruction/metrics/03001627/110ad013a9ae7a1ab0f4eaf0533e82bb/cb8776db1437de236b46ef2e.json,12.77923199995712
03001627/111720e8cd4c613492d9da2668ec34c,vggt,1,[0],2.319181959962969,2.454782120910949,2.590382281858929,0.0,0.0,0.0,1.9896094723169218,0.0,0.0,0.0,0.0,0.0,0.0,camera_rotation_center_and_target_diameter_scale_single_view,7.905562097517449,0.0,10000,10000,True,True,True,/content/cv3d-project/data/cache/reconstruction/predictions/03001627/111720e8cd4c613492d9da2668ec34c/36ae95a1585351cd5b531d4a.npz,21f2f5c9f39d05baa0e7f26a44cc10ed99abb1b5abdc7cb09a661ff6a34583ff,/content/cv3d-project/data/cache/reconstruction/metrics/03001627/111720e8cd4c613492d9da2668ec34c/511d4cfc6a1fc467ea2b8570.json,4.0086020003400336
03001627/111720e8cd4c613492d9da2668ec34c,vggt,2,"[0, 5]",0.9263061736622384,1.0480025449109802,1.169698916159722,0.0,0.0,0.0,1.9896094723169218,0.0,0.0,0.0,0.0,0.0,0.0,camera_pose_sim3,0.17089937451718304,0.3176779847592194,10000,10000,True,False,True,/content/cv3d-project/data/cache/reconstruction/predictions/03001627/111720e8cd4c613492d9da2668ec34c/6145bcb1609c79aad7e2a677.npz,8a2c83d8124a4070a9dab74e4de9ff183e62457c55ce7dc6fc5e139d8912d2cc,/content/cv3d-project/data/cache/reconstruction/metrics/03001627/111720e8cd4c613492d9da2668ec34c/69791e848da5275728313b20.json,12.096524999833491
03001627/111720e8cd4c613492d9da2668ec34c,vggt,3,"[0, 5, 26]",0.4503619657949554,0.5194993247513944,0.5886366837078334,0.0,0.0,0.0,1.9896094723169218,0.0,0.0,0.0,0.0,0.0,0.0,camera_pose_sim3,1.7155515484742128,0.5901807564410636,10000,10000,True,False,True,/content/cv3d-project/data/cache/reconstruction/predictions/03001627/111720e8cd4c613492d9da2668ec34c/21c7eb7dcfe28d3a8070328b.npz,94fa9c642fb0d5bb9aa7959ce0e7b7ededbb3b4a3f0ecaf5bb842b2c7f031793,/content/cv3d-project/data/cache/reconstruction/metrics/03001627/111720e8cd4c613492d9da2668ec34c/bc1dc8dc9d229c9f3f015b0b.json,11.906452000403078
03001627/111720e8cd4c613492d9da2668ec34c,vggt,5,"[0, 5, 26, 18, 35]",0.5410289286322617,0.6114119246656856,0.6817949206991095,0.0,0.0,0.0,1.9896094723169218,0.0,0.0,0.0,0.0,0.0,0.0,camera_pose_sim3,2.2213716833644894,0.5971129631286758,10000,10000,True,False,True,/content/cv3d-project/data/cache/reconstruction/predictions/03001627/111720e8cd4c613492d9da2668ec34c/0ff358eb770cb88d0bad43ec.npz,fe65bab9f4352c8959c7ae1106e4433a319677615e6b8c03362b589848572893,/content/cv3d-project/data/cache/reconstruction/metrics/03001627/111720e8cd4c613492d9da2668ec34c/fdfa0c8e48404a92af5b388c.json,11.948117000429193
03001627/111720e8cd4c613492d9da2668ec34c,vggt,10,"[0, 5, 26, 18, 35, 25, 34, 42, 33, 41]",0.3082513405660111,0.43355259830759696,0.5588538560491828,0.0,0.0,0.0,1.9896094723169218,0.0,0.0,0.0,0.0,0.0,0.0,camera_pose_sim3,1.2325845675176073,0.9721134659789695,10000,10000,True,False,True,/content/cv3d-project/data/cache/reconstruction/predictions/03001627/111720e8cd4c613492d9da2668ec34c/e4fa39c8b31a43c375b4fa84.npz,4ef3b87222a0397f5b1ba6a803cf1d8fca712236ad26df4e0eb78928a27237ef,/content/cv3d-project/data/cache/reconstruction/metrics/03001627/111720e8cd4c613492d9da2668ec34c/34b15e67b23a84edbe1142f0.json,12.487464000059845
03001627/111cb08c8121b8411749672386e0b711,vggt,1,[0],1.722864383756323,1.826971381745944,1.931078379735565,0.0,0.0,0.0,1.9792244056624857,0.0,0.0,0.0,0.0,0.0,0.0,camera_rotation_center_and_target_diameter_scale_single_view,6.781072738342953,0.0,10000,10000,True,True,True,/content/cv3d-project/data/cache/reconstruction/predictions/03001627/111cb08c8121b8411749672386e0b711/9c873f2bfe65ffc344559336.npz,9f3eca8d5fcbe4094c08776b1f52e97dd13fcf427123ab42c768d34d84abf716,/content/cv3d-project/data/cache/reconstruction/metrics/03001627/111cb08c8121b8411749672386e0b711/a03eff01e1723578f7ff1e45.json,3.7688590000470867
03001627/111cb08c8121b8411749672386e0b711,vggt,2,"[0, 4]",0.12153589403938035,0.21658919681139638,0.3116424995834124,0.0005833333333333333,0.0,0.0,1.9792244056624857,0.0005,0.0,0.0,0.0007,0.0,0.0,camera_pose_sim3,2.131378135982443,0.045378351421822734,10000,10000,True,False,True,/content/cv3d-project/data/cache/reconstruction/predictions/03001627/111cb08c8121b8411749672386e0b711/93333e3c7f284044c1a57575.npz,c8772c89dcd3549840a14455b640b00df8ec532e579ef400e5c665441e5b6952,/content/cv3d-project/data/cache/reconstruction/metrics/03001627/111cb08c8121b8411749672386e0b711/9fc900ddbb27bc9cdb8768d0.json,13.005232000068645
03001627/111cb08c8121b8411749672386e0b711,vggt,3,"[0, 4, 26]",0.21454715231619612,0.24133024386822194,0.2681133354202478,0.045518867924528306,0.0,0.0,1.9792244056624857,0.0579,0.0,0.0,0.0375,0.0,0.0,camera_pose_sim3,2.492864545778827,0.6544944631799405,10000,10000,True,False,True,/content/cv3d-project/data/cache/reconstruction/predictions/03001627/111cb08c8121b8411749672386e0b711/6232693d5c0f8ff3e62c2d83.npz,e64fe7dba7545a7c3374737e6f9993e42a3439313a5c36ccdc21229a1cdcef83,/content/cv3d-project/data/cache/reconstruction/metrics/03001627/111cb08c8121b8411749672386e0b711/874addfd4eb30be42407ded8.json,12.300940999921295
03001627/111cb08c8121b8411749672386e0b711,vggt,5,"[0, 4, 26, 18, 34]",0.1739990870973632,0.19216999038916088,0.21034089368095857,0.09410242360379348,0.0,0.0,1.9792244056624857,0.0862,0.0,0.0,0.1036,0.0,0.0,camera_pose_sim3,2.426522368425988,0.6239623880593471,10000,10000,True,False,True,/content/cv3d-project/data/cache/reconstruction/predictions/03001627/111cb08c8121b8411749672386e0b711/4151066f55e696e40629c99f.npz,d3177d398340df4e0db2fe16552ed76458571bda115968c80b68e6b85ed5907d,/content/cv3d-project/data/cache/reconstruction/metrics/03001627/111cb08c8121b8411749672386e0b711/98ce984d75922da0ecd86b4f.json,12.22853200033569
03001627/111cb08c8121b8411749672386e0b711,vggt,10,"[0, 4, 26, 18, 34, 25, 39, 32, 40, 46]",0.05329240248843106,0.13193185360052007,0.21057130471260904,0.3327237023593466,0.04916319327731093,0.09246595570139458,1.9792244056624857,0.8978,0.0843,0.1818,0.2042,0.0347,0.062,camera_pose_sim3,2.302149577690517,0.5289053671158616,10000,10000,True,False,True,/content/cv3d-project/data/cache/reconstruction/predictions/03001627/111cb08c8121b8411749672386e0b711/52614d3e10bf4d4d4152c792.npz,c9e10bac1c570eec2e799aa923ea7109f8a81a88c7ba3d3d6ffeec97b37eb1d9,/content/cv3d-project/data/cache/reconstruction/metrics/03001627/111cb08c8121b8411749672386e0b711/fd2ee7678f2981b3ee050463.json,13.406996999947296
03001627/112cee32461c31d1d84b8ba651dfb8ac,vggt,1,[0],2.141808457821403,2.275211845200202,2.4086152325790002,0.0,0.0,0.0,1.9968228535799486,0.0,0.0,0.0,0.0,0.0,0.0,camera_rotation_center_and_target_diameter_scale_single_view,7.515815467723462,0.0,10000,10000,True,True,True,/content/cv3d-project/data/cache/reconstruction/predictions/03001627/112cee32461c31d1d84b8ba651dfb8ac/bb7beb76772cc9f45d72f28e.npz,6156c09d51275edee40f61e185b5d1c05726bb85b65429551099ec14e8229e09,/content/cv3d-project/data/cache/reconstruction/metrics/03001627/112cee32461c31d1d84b8ba651dfb8ac/9e311d2b15c5983f67f9c2fd.json,3.84846600036326
03001627/112cee32461c31d1d84b8ba651dfb8ac,vggt,2,"[0, 35]",0.781013157038612,0.9005573992730806,1.0201016415075492,0.0,0.0,0.0,1.9968228535799486,0.0,0.0,0.0,0.0,0.0,0.0,camera_pose_sim3,2.7939633252170806,0.7133878671987021,10000,10000,True,False,True,/content/cv3d-project/data/cache/reconstruction/predictions/03001627/112cee32461c31d1d84b8ba651dfb8ac/779b0977fbc30f985536eaaa.npz,babb3c834e6d36d1aeeea2438d09cffd8c52a8e5e4b8846311935afdecb617c0,/content/cv3d-project/data/cache/reconstruction/metrics/03001627/112cee32461c31d1d84b8ba651dfb8ac/d0f310824d4c7182b47dd49f.json,11.922940000204107
03001627/112cee32461c31d1d84b8ba651dfb8ac,vggt,3,"[0, 35, 26]",0.0919204338381495,0.11810229453268725,0.144284155227225,0.2641214195640425,0.017054249126891734,0.03900618672665917,1.9968228535799486,0.3386,0.0763,0.1555,0.2165,0.0096,0.0223,camera_pose_sim3,2.7292879147481774,0.1483002485905805,10000,10000,True,False,True,/content/cv3d-project/data/cache/reconstruction/predictions/03001627/112cee32461c31d1d84b8ba651dfb8ac/4e21333c5e39e1bdd600d87e.npz,cbe874504f86ec0f22b77cadfd903009f56ac54b95eb4f9321f16f17549f79ee,/content/cv3d-project/data/cache/reconstruction/metrics/03001627/112cee32461c31d1d84b8ba651dfb8ac/30d7c318df40564f28170811.json,12.113220000173897
03001627/112cee32461c31d1d84b8ba651dfb8ac,vggt,5,"[0, 35, 26, 18, 25]",0.009556245296074494,0.05675097287385827,0.10394570045164205,0.6877501476281084,0.14255545109931764,0.24045097863973547,1.9968228535799486,1.0,0.5782,0.9819,0.5241,0.0813,0.137,camera_pose_sim3,2.4745115670247233,0.20424161040983907,10000,10000,True,False,True,/content/cv3d-project/data/cache/reconstruction/predictions/03001627/112cee32461c31d1d84b8ba651dfb8ac/dc56504eca32e3b20bdebcfd.npz,7e19080443129f3e9d29a6197c5ce70df9dbae5bb349002e6132c2a52d0465c8,/content/cv3d-project/data/cache/reconstruction/metrics/03001627/112cee32461c31d1d84b8ba651dfb8ac/70addb2982379a3c87909211.json,12.107061000278918
03001627/112cee32461c31d1d84b8ba651dfb8ac,vggt,10,"[0, 35, 26, 18, 25, 33, 40, 32, 39, 45]",0.3439736682028025,0.49968994584236653,0.6554062234819306,0.0,0.0,0.0,1.9968228535799486,0.0,0.0,0.0,0.0,0.0,0.0,camera_pose_sim3,0.32339752619416906,1.1960976382901642,10000,10000,True,False,True,/content/cv3d-project/data/cache/reconstruction/predictions/03001627/112cee32461c31d1d84b8ba651dfb8ac/778602b705c70a1a2b558347.npz,231011c1177de8e7c8991718c8f2c93bb35ddb74a0b065fc40b182c09ad29174,/content/cv3d-project/data/cache/reconstruction/metrics/03001627/112cee32461c31d1d84b8ba651dfb8ac/033580e7013d33635dcccd1d.json,12.734117000036349
03001627/113016635d554d5171fb733891076ecf,vggt,1,[0],1.0214225739958664,1.1454653150055014,1.2695080560151364,0.0,0.0,0.0,1.9945222416534474,0.0,0.0,0.0,0.0,0.0,0.0,camera_rotation_center_and_target_diameter_scale_single_view,5.279184492519349,0.0,10000,10000,True,True,True,/content/cv3d-project/data/cache/reconstruction/predictions/03001627/113016635d554d5171fb733891076ecf/5a8125e713fa2a7df866344c.npz,d644e08b8fb6c64b20b19aab8972e22f51f489b2824ff9b43d8d5213933a367c,/content/cv3d-project/data/cache/reconstruction/metrics/03001627/113016635d554d5171fb733891076ecf/3f559a4e21073db3a9f8663a.json,4.1823819997262035
03001627/113016635d554d5171fb733891076ecf,vggt,2,"[0, 5]",0.982944192889996,1.0478631326656536,1.1127820724413109,0.0,0.0,0.0,1.9945222416534474,0.0,0.0,0.0,0.0,0.0,0.0,camera_pose_sim3,0.7958554587244212,0.09375546933578474,10000,10000,True,False,True,/content/cv3d-project/data/cache/reconstruction/predictions/03001627/113016635d554d5171fb733891076ecf/96dd93e63720c85361548f12.npz,3be04915a61dd6aafb73ff2cebb9130310e713d176b96b7fd3c0883a22ef555c,/content/cv3d-project/data/cache/reconstruction/metrics/03001627/113016635d554d5171fb733891076ecf/05721e0f95bf517a3dda6033.json,12.301081999794405
03001627/113016635d554d5171fb733891076ecf,vggt,3,"[0, 5, 38]",0.0954123225479655,0.12055893768155578,0.14570555281514605,0.3941433370660694,0.01685106382978723,0.04069990300678952,1.9945222416534474,0.4575,0.036,0.0752,0.3462,0.011,0.0279,camera_pose_sim3,2.252131994758962,0.3920276320384986,10000,10000,True,False,True,/content/cv3d-project/data/cache/reconstruction/predictions/03001627/113016635d554d5171fb733891076ecf/5e9f87283aa5e63fa48c50e0.npz,3da319144aac633db333022ce465b5a1ad95268e9e022d426a89553a35f0f838,/content/cv3d-project/data/cache/reconstruction/metrics/03001627/113016635d554d5171fb733891076ecf/aced621844b2f0bf465d4360.json,13.356965000184573
03001627/113016635d554d5171fb733891076ecf,vggt,5,"[0, 5, 38, 31, 23]",0.07133422717373332,0.07617419661864072,0.08101416606354814,0.8654108975088158,0.0043076923076923075,0.011592241379310347,1.9945222416534474,0.9888,0.0056,0.0113,0.7694,0.0035,0.0119,camera_pose_sim3,2.5856288399680554,0.06451910969406623,10000,10000,True,False,True,/content/cv3d-project/data/cache/reconstruction/predictions/03001627/113016635d554d5171fb733891076ecf/c21ce61542c2a2f5b36f3d44.npz,104f4caf44f0f87f2db13d9a28b8ad49646e8f416a49b1f5541e287d0738a2fa,/content/cv3d-project/data/cache/reconstruction/metrics/03001627/113016635d554d5171fb733891076ecf/cf0d4c21b0d433a8dae25efb.json,12.258155999916198
03001627/113016635d554d5171fb733891076ecf,vggt,10,"[0, 5, 38, 31, 23, 16, 24, 32, 39, 45]",0.04582104158568142,0.05283389848080718,0.059846755375932946,0.9395198684280334,0.02549019607843137,0.09296892473118282,1.9945222416534474,0.995,0.025,0.0913,0.8899,0.026,0.0947,camera_pose_sim3,2.6219022330295494,0.056573377096671415,10000,10000,True,False,True,/content/cv3d-project/data/cache/reconstruction/predictions/03001627/113016635d554d5171fb733891076ecf/8f51d4ab00a0f4e6fa88b5a4.npz,8104df25c517ad0e2f66da8ec77299458b83c7926c178b49a091ba64b740434e,/content/cv3d-project/data/cache/reconstruction/metrics/03001627/113016635d554d5171fb733891076ecf/b85a5c7a226fc38aca11d8e5.json,12.764060999870708
03001627/11347c7e8bc5881775907ca70d2973a4,vggt,1,[0],1.9347857630935033,2.080633120517792,2.2264804779420806,0.0,0.0,0.0,1.9999888688003085,0.0,0.0,0.0,0.0,0.0,0.0,camera_rotation_center_and_target_diameter_scale_single_view,7.19719397842161,0.0,10000,10000,True,True,True,/content/cv3d-project/data/cache/reconstruction/predictions/03001627/11347c7e8bc5881775907ca70d2973a4/24b732bb689710ac6671c621.npz,cae4c8525b54ae4859c594cea2af93c7fcb636950ee84f59f01f7fe8444859cc,/content/cv3d-project/data/cache/reconstruction/metrics/03001627/11347c7e8bc5881775907ca70d2973a4/8b01927357bee929c2adfe11.json,3.942200999972556
03001627/11347c7e8bc5881775907ca70d2973a4,vggt,2,"[0, 25]",0.630581073801429,0.8032104372973488,0.9758398007932686,0.0,0.0,0.0,1.9999888688003085,0.0,0.0,0.0,0.0,0.0,0.0,camera_pose_sim3,2.0814474945384567,0.4051071135774947,10000,10000,True,True,True,/content/cv3d-project/data/cache/reconstruction/predictions/03001627/11347c7e8bc5881775907ca70d2973a4/ac744de5dc0302e007e14422.npz,99c5bef069e211189b3b283e7113989ba1583d2884b558ec7feb4414a865b7e5,/content/cv3d-project/data/cache/reconstruction/metrics/03001627/11347c7e8bc5881775907ca70d2973a4/fb3f1625386d6ef88d10eba1.json,2.4801599997772428
03001627/11347c7e8bc5881775907ca70d2973a4,vggt,3,"[0, 25, 33]",0.3368579419971436,0.496491155624157,0.6561243692511705,0.0,0.0,0.0,1.9999888688003085,0.0,0.0,0.0,0.0,0.0,0.0,camera_pose_sim3,2.3865674840083857,0.5926250411186134,10000,10000,True,False,True,/content/cv3d-project/data/cache/reconstruction/predictions/03001627/11347c7e8bc5881775907ca70d2973a4/aa1341ddd9fc4d29e4808d62.npz,8bbdf47d04c76c21500559a18a87b381f0ab74d891191c063665951902e6bc06,/content/cv3d-project/data/cache/reconstruction/metrics/03001627/11347c7e8bc5881775907ca70d2973a4/931f54f3b3ca4edc7da50d58.json,12.100981999992655
03001627/11347c7e8bc5881775907ca70d2973a4,vggt,5,"[0, 25, 33, 40, 38]",0.022048327849422886,0.18386710695272088,0.34568588605601885,0.10623993939967805,0.007430715123094959,0.018471279761904765,1.9999888688003085,1.0,0.1668,0.5282,0.0561,0.0038,0.0094,camera_pose_sim3,1.123642679373644,0.9951395162470984,10000,10000,True,False,True,/content/cv3d-project/data/cache/reconstruction/predictions/03001627/11347c7e8bc5881775907ca70d2973a4/71cdbeabb988f48057c2134b.npz,05a41f7ee1a9e5fd04ebc95c3d477e4fec6a479d7d3bb98f907aaf95a36c38f2,/content/cv3d-project/data/cache/reconstruction/metrics/03001627/11347c7e8bc5881775907ca70d2973a4/5412bea82ddbc6e23b639252.json,12.06022699989262
03001627/11347c7e8bc5881775907ca70d2973a4,vggt,10,"[0, 25, 33, 40, 38, 30, 31, 22, 32, 23]",0.24238162532150132,0.43483035131703607,0.6272790773125708,0.0,0.0,0.0,1.9999888688003085,0.0,0.0,0.0,0.0,0.0,0.0,camera_pose_sim3,1.3344808525759988,0.8315603799070225,10000,10000,True,False,True,/content/cv3d-project/data/cache/reconstruction/predictions/03001627/11347c7e8bc5881775907ca70d2973a4/626bc2cd0c6c7218ae29fba3.npz,065abfe9dd11b31173d4ca6cda51531a4ea5351680a34f2c6c7f496001f6758b,/content/cv3d-project/data/cache/reconstruction/metrics/03001627/11347c7e8bc5881775907ca70d2973a4/64e13d96f0ab5f772c81558a.json,12.784439999904862
03001627/11355c7f7ffa3c09737d107bffc3cd98,vggt,1,[0],2.898660348340362,3.0421677377595344,3.185675127178707,0.0,0.0,0.0,1.9960139879358962,0.0,0.0,0.0,0.0,0.0,0.0,camera_rotation_center_and_target_diameter_scale_single_view,9.107970109995755,0.0,10000,10000,True,True,True,/content/cv3d-project/data/cache/reconstruction/predictions/03001627/11355c7f7ffa3c09737d107bffc3cd98/cb27e0687ddebc02b3451fec.npz,b7a28ddd13b12832da4f8f2ebdb1843377386f185e87f8f34a59f90a6ddebc4a,/content/cv3d-project/data/cache/reconstruction/metrics/03001627/11355c7f7ffa3c09737d107bffc3cd98/74a4437a1bfb19f057c18406.json,3.887767999913194
03001627/11355c7f7ffa3c09737d107bffc3cd98,vggt,2,"[0, 25]",0.023250902374255165,0.1586120283286465,0.29397315428303783,0.12400337679392177,0.0037615343633457645,0.010887441860465115,1.9960139879358962,1.0,0.1858,0.532,0.0661,0.0019,0.0055,camera_pose_sim3,1.0189538705731085,1.0372953499676387,10000,10000,True,False,True,/content/cv3d-project/data/cache/reconstruction/predictions/03001627/11355c7f7ffa3c09737d107bffc3cd98/d6c34e792c9647d8b17a77b1.npz,933c584a35596c4de7e9c734a6e34a9d72d4d0fd2c590e6fb1c750ecffebe469,/content/cv3d-project/data/cache/reconstruction/metrics/03001627/11355c7f7ffa3c09737d107bffc3cd98/7a17340f06f41ac699d27f5e.json,12.171767999916483
03001627/11355c7f7ffa3c09737d107bffc3cd98,vggt,3,"[0, 25, 33]",0.6049235394273766,0.7224138629015496,0.8399041863757226,0.0,0.0,0.0,1.9960139879358962,0.0,0.0,0.0,0.0,0.0,0.0,camera_pose_sim3,1.0116347713836848,0.9899189719307547,10000,10000,True,False,True,/content/cv3d-project/data/cache/reconstruction/predictions/03001627/11355c7f7ffa3c09737d107bffc3cd98/7e31fda34a44b9dbdb1420f4.npz,4ae168b845053082da3e3968ec425f15bac8add65ee66c12f60177b7b3d57d93,/content/cv3d-project/data/cache/reconstruction/metrics/03001627/11355c7f7ffa3c09737d107bffc3cd98/6e6258623bc815cda1e90084.json,12.2513890000846
03001627/11355c7f7ffa3c09737d107bffc3cd98,vggt,5,"[0, 25, 33, 40, 46]",0.3957371293947736,0.6043114314882587,0.8128857335817438,0.0,0.0,0.0,1.9960139879358962,0.0,0.0,0.0,0.0,0.0,0.0,camera_pose_sim3,0.745766307636647,1.016770831998304,10000,10000,True,False,True,/content/cv3d-project/data/cache/reconstruction/predictions/03001627/11355c7f7ffa3c09737d107bffc3cd98/71168f3f32847352262ed1f3.npz,a06ffb6ab3e7bdf778cb3a5fbf71b5b87a3e49931c86c7016e8420a2f46b5e62,/content/cv3d-project/data/cache/reconstruction/metrics/03001627/11355c7f7ffa3c09737d107bffc3cd98/407c52b86b2360e60611a69e.json,12.339374000021053
03001627/11355c7f7ffa3c09737d107bffc3cd98,vggt,10,"[0, 25, 33, 40, 46, 18, 32, 39, 24, 45]",0.42102171433486413,0.6345730141814439,0.8481243140280236,0.0,0.0,0.0,1.9960139879358962,0.0,0.0,0.0,0.0,0.0,0.0,camera_pose_sim3,0.42383018718655874,1.0716137220037616,10000,10000,True,False,True,/content/cv3d-project/data/cache/reconstruction/predictions/03001627/11355c7f7ffa3c09737d107bffc3cd98/8dd149f58de88ecc84585e47.npz,942c5e5310531b40754a62331464fb3b63db5c3b912c77c68e2d9cb2de78b2be,/content/cv3d-project/data/cache/reconstruction/metrics/03001627/11355c7f7ffa3c09737d107bffc3cd98/228634742683f579a9d8f33b.json,12.953094999829773
03001627/11358c94662a68117e66b3e5c11f24d4,vggt,1,[0],1.5788362840250199,1.6976774756615207,1.8165186672980216,0.0,0.0,0.0,1.9799988982327934,0.0,0.0,0.0,0.0,0.0,0.0,camera_rotation_center_and_target_diameter_scale_single_view,6.364983847700666,0.0,10000,10000,True,True,True,/content/cv3d-project/data/cache/reconstruction/predictions/03001627/11358c94662a68117e66b3e5c11f24d4/ab5cf1d4ba1a41e51605193e.npz,8f8c7ec3a793c547bdfac3f9b8602151b7f862b4b6a365d98322876d2c39b9d0,/content/cv3d-project/data/cache/reconstruction/metrics/03001627/11358c94662a68117e66b3e5c11f24d4/7c91022eccba9a06d6018b12.json,3.881805999753851
03001627/11358c94662a68117e66b3e5c11f24d4,vggt,2,"[0, 4]",0.33245704226213646,0.40429875625791256,0.47614047025368866,0.0,0.0,0.0,1.9799988982327934,0.0,0.0,0.0,0.0,0.0,0.0,camera_pose_sim3,1.7403631845909726,0.035114012118732295,10000,10000,True,False,True,/content/cv3d-project/data/cache/reconstruction/predictions/03001627/11358c94662a68117e66b3e5c11f24d4/3176a2908572031a49748173.npz,b123d5c22b579e8bf1f586ff0d664823433d8759249478b0f0fc881022f7c5a0,/content/cv3d-project/data/cache/reconstruction/metrics/03001627/11358c94662a68117e66b3e5c11f24d4/456667b605aab74f007b71ea.json,12.127754000175628
03001627/11358c94662a68117e66b3e5c11f24d4,vggt,3,"[0, 4, 17]",0.06785702838768576,0.0859506944141917,0.10404436044069766,0.6842208467768486,0.0034758620689655175,0.013159272727272728,1.9799988982327934,0.9982,0.0063,0.0166,0.5205,0.0024,0.0109,camera_pose_sim3,2.555405190689875,0.08447406995596549,10000,10000,True,False,True,/content/cv3d-project/data/cache/reconstruction/predictions/03001627/11358c94662a68117e66b3e5c11f24d4/0433e50e2da19e676e2c4ec9.npz,1ab3d582e276c2e04fd0a3a005e2acc49cb1735c2dad862ef066fd56b6f5fc70,/content/cv3d-project/data/cache/reconstruction/metrics/03001627/11358c94662a68117e66b3e5c11f24d4/e9ce6093b094789a9c4e4bea.json,12.08862700013924
03001627/11358c94662a68117e66b3e5c11f24d4,vggt,5,"[0, 4, 17, 24, 25]",0.03482332565853006,0.055399759822471195,0.07597619398641232,0.8335879056735931,0.051160961398397674,0.15008938489488713,1.9799988982327934,0.997,0.1033,0.2832,0.7162,0.034,0.1021,camera_pose_sim3,2.547387178341897,0.08334306866006731,10000,10000,True,False,True,/content/cv3d-project/data/cache/reconstruction/predictions/03001627/11358c94662a68117e66b3e5c11f24d4/7bd7d691a76e8698a6f84c25.npz,7b40ac09f9588a584617bad3e3ce3159e11ffccd321995b428316af71bd36bf5,/content/cv3d-project/data/cache/reconstruction/metrics/03001627/11358c94662a68117e66b3e5c11f24d4/4ee852a457d886e8aa888b16.json,12.230670000008104
03001627/11358c94662a68117e66b3e5c11f24d4,vggt,10,"[0, 4, 17, 24, 25, 33, 32, 40, 39, 34]",0.03737838328257822,0.04905810054560799,0.06073781780863776,0.8801311346682371,0.08256670441676105,0.19783915912979713,1.9799988982327934,0.9919,0.1108,0.2416,0.791,0.0658,0.1675,camera_pose_sim3,2.599011244858452,0.11427182680262936,10000,10000,True,False,True,/content/cv3d-project/data/cache/reconstruction/predictions/03001627/11358c94662a68117e66b3e5c11f24d4/a1f12d318d364c18858dcdf6.npz,1ce04cda0ffac53518d25715df6a9364595ef16b895015d210a9057acac109d7,/content/cv3d-project/data/cache/reconstruction/metrics/03001627/11358c94662a68117e66b3e5c11f24d4/cce20707fbc60c98adafe126.json,12.288075000014942
03001627/1145248e1eba424d492d9da2668ec34c,vggt,1,[0],1.4417092536102682,1.5329766940487355,1.6242441344872025,0.0,0.0,0.0,1.9930191814702778,0.0,0.0,0.0,0.0,0.0,0.0,camera_rotation_center_and_target_diameter_scale_single_view,6.04271765806178,0.0,10000,10000,True,True,True,/content/cv3d-project/data/cache/reconstruction/predictions/03001627/1145248e1eba424d492d9da2668ec34c/55d8b052137b90d4d241489d.npz,2431ea67b9cfc30a01a768dcd765db6bf1c38c270c3e77b57c937f2d2c755a19,/content/cv3d-project/data/cache/reconstruction/metrics/03001627/1145248e1eba424d492d9da2668ec34c/d1ce186ca3bcc3ec1585f32e.json,3.8528350000888167
03001627/1145248e1eba424d492d9da2668ec34c,vggt,2,"[0, 5]",0.8160092216580465,0.8761406377793244,0.9362720539006023,0.0,0.0,0.0,1.9930191814702778,0.0,0.0,0.0,0.0,0.0,0.0,camera_pose_sim3,0.9795825589999565,0.0618544049098517,10000,10000,True,False,True,/content/cv3d-project/data/cache/reconstruction/predictions/03001627/1145248e1eba424d492d9da2668ec34c/8c9a9a3c93d8cef166e229ca.npz,5fb27c5edbb9b67863dd79b562a0620b34335813a6987627fe2e4ac8baab60b4,/content/cv3d-project/data/cache/reconstruction/metrics/03001627/1145248e1eba424d492d9da2668ec34c/0e4c2e81ac3f5ea7d09701c1.json,11.927289000141172
03001627/1145248e1eba424d492d9da2668ec34c,vggt,3,"[0, 5, 31]",0.39133936637574057,0.4495917888279721,0.5078442112802036,0.0,0.0,0.0,1.9930191814702778,0.0,0.0,0.0,0.0,0.0,0.0,camera_pose_sim3,1.9783186771083732,0.383472463346008,10000,10000,True,False,True,/content/cv3d-project/data/cache/reconstruction/predictions/03001627/1145248e1eba424d492d9da2668ec34c/acd4b0d61a9f93f4599b508a.npz,811887fcbeee54e763b0722d3ea57dabe26bbd2f9189f6c84b39a322237fa21d,/content/cv3d-project/data/cache/reconstruction/metrics/03001627/1145248e1eba424d492d9da2668ec34c/fbde968d08639cc0ead786d8.json,11.641261000022496
03001627/1145248e1eba424d492d9da2668ec34c,vggt,5,"[0, 5, 31, 23, 16]",0.30306989407848145,0.40390860291198305,0.5047473117454847,0.0,0.0,0.0,1.9930191814702778,0.0,0.0,0.0,0.0,0.0,0.0,camera_pose_sim3,1.0615328156518347,0.8864229039339194,10000,10000,True,False,True,/content/cv3d-project/data/cache/reconstruction/predictions/03001627/1145248e1eba424d492d9da2668ec34c/b0cee8d6710fcf56d452131f.npz,1aa5cc5477d6232e73e0827f0332482da52bb6ed0be1b7b8685657d705d98e89,/content/cv3d-project/data/cache/reconstruction/metrics/03001627/1145248e1eba424d492d9da2668ec34c/b397258eb674f046494b0509.json,12.077390000285959
03001627/1145248e1eba424d492d9da2668ec34c,vggt,10,"[0, 5, 31, 23, 16, 24, 32, 39, 33, 40]",0.1460774062863537,0.2650103320378746,0.3839432577893955,0.03275102711585867,0.0,0.0,1.9930191814702778,0.1022,0.0,0.0,0.0195,0.0,0.0,camera_pose_sim3,1.965748836437752,0.7635997509932136,10000,10000,True,False,True,/content/cv3d-project/data/cache/reconstruction/predictions/03001627/1145248e1eba424d492d9da2668ec34c/eeb3e1f233fd9ffd6c7d6c29.npz,12a3226ebc624b15c711d4492c4d75b19b83aee2110a7fbadae1e59ac7453cd7,/content/cv3d-project/data/cache/reconstruction/metrics/03001627/1145248e1eba424d492d9da2668ec34c/bf6839c6dee7dfc9f87acd19.json,12.258363000000827
03001627/114b563de051057fcda85f6a3e19b0a1,vggt,1,[0],2.6044087606001636,2.718952018831404,2.8334952770626445,0.0,0.0,0.0,1.9923911952201632,0.0,0.0,0.0,0.0,0.0,0.0,camera_rotation_center_and_target_diameter_scale_single_view,8.43053147598776,0.0,10000,10000,True,True,True,/content/cv3d-project/data/cache/reconstruction/predictions/03001627/114b563de051057fcda85f6a3e19b0a1/d63e762938a0470bd759125a.npz,9e93417f3df74ba4774ac892a136ee5facf1c3c7a77a084165f91f95aac24b0e,/content/cv3d-project/data/cache/reconstruction/metrics/03001627/114b563de051057fcda85f6a3e19b0a1/9cd7129cb53fde6eadd9ef73.json,5.016832999899634
03001627/114b563de051057fcda85f6a3e19b0a1,vggt,2,"[0, 23]",1.1471796846200404,1.2235791522230053,1.2999786198259702,0.0,0.0,0.0,1.9923911952201632,0.0,0.0,0.0,0.0,0.0,0.0,camera_pose_sim3,2.146604310260147,0.7147731337022865,10000,10000,True,True,True,/content/cv3d-project/data/cache/reconstruction/predictions/03001627/114b563de051057fcda85f6a3e19b0a1/d03e529197c52ec2aa8c3c9c.npz,1ddb49bba33a183ee7067212dd49bbfbb1bd401067c10e85577acae03c6953aa,/content/cv3d-project/data/cache/reconstruction/metrics/03001627/114b563de051057fcda85f6a3e19b0a1/5971604e97703a010eb1e26d.json,2.462342999933753
03001627/114b563de051057fcda85f6a3e19b0a1,vggt,3,"[0, 23, 16]",0.19266933558908905,0.33594789448642803,0.479226453383767,0.0037916666666666663,0.0,0.0,1.9923911952201632,0.0195,0.0,0.0,0.0021,0.0,0.0,camera_pose_sim3,2.5207483111184885,0.6632568528148032,10000,10000,True,False,True,/content/cv3d-project/data/cache/reconstruction/predictions/03001627/114b563de051057fcda85f6a3e19b0a1/e6fa0dd07dcf5b657999683c.npz,494eee7a2418e4d44757560e6e077cf1e364fba40f66a11244c0a8e59904cd99,/content/cv3d-project/data/cache/reconstruction/metrics/03001627/114b563de051057fcda85f6a3e19b0a1/090dad57ef82457c99bdec19.json,11.857527999836748
03001627/114b563de051057fcda85f6a3e19b0a1,vggt,5,"[0, 23, 16, 31, 24]",0.679625729451677,0.8063416238500173,0.9330575182483576,0.0,0.0,0.0,1.9923911952201632,0.0,0.0,0.0,0.0,0.0,0.0,camera_pose_sim3,2.946453983018269,0.5378377290400068,10000,10000,True,False,True,/content/cv3d-project/data/cache/reconstruction/predictions/03001627/114b563de051057fcda85f6a3e19b0a1/e3afc29d3ae3199c87d67cf9.npz,810fe367e3bb3f8df3b24caaceaa81743a0a9093230b4ce3591f60ad94e9f021,/content/cv3d-project/data/cache/reconstruction/metrics/03001627/114b563de051057fcda85f6a3e19b0a1/89e7e7cf4097358c07ee693e.json,12.642142999993666
03001627/114b563de051057fcda85f6a3e19b0a1,vggt,10,"[0, 23, 16, 31, 24, 32, 39, 33, 40, 46]",0.5836195856980795,0.7414817969051237,0.8993440081121679,0.0,0.0,0.0,1.9923911952201632,0.0,0.0,0.0,0.0,0.0,0.0,camera_pose_sim3,0.4488762876048793,0.9789529672817612,10000,10000,True,False,True,/content/cv3d-project/data/cache/reconstruction/predictions/03001627/114b563de051057fcda85f6a3e19b0a1/dc6d05ab6009ab8aeda689e5.npz,c6b55712e18591ac190c53b5f07dc76eb4fd0da573dc44cacee407d77f4b5670,/content/cv3d-project/data/cache/reconstruction/metrics/03001627/114b563de051057fcda85f6a3e19b0a1/de3b851e805abc367fec7183.json,11.875673000304232
03001627/114f72b38dcabdf0823f29d871e57676,vggt,1,[0],0.9223629522275333,1.0090604194906043,1.0957578867536755,0.0,0.0,0.0,1.9973804334989995,0.0,0.0,0.0,0.0,0.0,0.0,camera_rotation_center_and_target_diameter_scale_single_view,5.039484448037756,0.0,10000,10000,True,True,True,/content/cv3d-project/data/cache/reconstruction/predictions/03001627/114f72b38dcabdf0823f29d871e57676/375c0f0f1ddc85c682a7548f.npz,887a409010a3dd46d6fd82ae76721c4e02b7d82c9fc82d9d7fb61496b6503918,/content/cv3d-project/data/cache/reconstruction/metrics/03001627/114f72b38dcabdf0823f29d871e57676/0505436cff89d7f1d4772a5b.json,5.027920999964408
03001627/114f72b38dcabdf0823f29d871e57676,vggt,2,"[0, 4]",0.17464540889385816,0.2495741857328453,0.3245029625718324,0.0,0.0,0.0,1.9973804334989995,0.0,0.0,0.0,0.0,0.0,0.0,camera_pose_sim3,2.083035092181054,0.02206770471901911,10000,10000,True,False,True,/content/cv3d-project/data/cache/reconstruction/predictions/03001627/114f72b38dcabdf0823f29d871e57676/b8bc2a5ac549193c88d453cf.npz,fa9f6a7027a52a0fde864451eccc88061a3f2656d8b59da471d41351eac36b70,/content/cv3d-project/data/cache/reconstruction/metrics/03001627/114f72b38dcabdf0823f29d871e57676/3b4bf2dcd089b6a55997e6f9.json,11.241051000070001
03001627/114f72b38dcabdf0823f29d871e57676,vggt,3,"[0, 4, 12]",0.0878444441669213,0.13819692272302925,0.18854940127913716,0.3296280855732309,0.00032,0.00816,1.9973804334989995,0.6955,0.0008,0.0204,0.216,0.0002,0.0051,camera_pose_sim3,2.3043221859205656,0.05428287580548966,10000,10000,True,False,True,/content/cv3d-project/data/cache/reconstruction/predictions/03001627/114f72b38dcabdf0823f29d871e57676/368d05cac815f041bda9343a.npz,2e50fba0b9860be0e3da8d72404fdc7436ee5c81ae9c379e696fb34961de58f2,/content/cv3d-project/data/cache/reconstruction/metrics/03001627/114f72b38dcabdf0823f29d871e57676/52c4dd2df18398ca66bcd681.json,11.328494000281353
03001627/114f72b38dcabdf0823f29d871e57676,vggt,5,"[0, 4, 12, 27, 35]",0.03307037908381607,0.04784349315643968,0.0626166072290633,0.8732000793291025,0.09400602230483271,0.22937954150746787,1.9973804334989995,0.9725,0.2083,0.4177,0.7923,0.0607,0.1581,camera_pose_sim3,2.6583069424429957,0.040035904709265935,10000,10000,True,False,True,/content/cv3d-project/data/cache/reconstruction/predictions/03001627/114f72b38dcabdf0823f29d871e57676/ddd0701e5d76745b2f5f4d5c.npz,69a44dcd3d3a864906739db257b0a3ef57dd011a4024d7f797b10e5f5c17b370,/content/cv3d-project/data/cache/reconstruction/metrics/03001627/114f72b38dcabdf0823f29d871e57676/7ee88386c236bef59c2d80bb.json,11.447338999914791
03001627/114f72b38dcabdf0823f29d871e57676,vggt,10,"[0, 4, 12, 27, 35, 25, 33, 24, 17, 41]",0.03625684464759791,0.04677661991754242,0.05729639518748694,0.8770463101725705,0.13759086643728496,0.27661893211529376,1.9973804334989995,0.9383,0.2195,0.4313,0.8233,0.1002,0.2036,camera_pose_sim3,2.6834278136817993,0.144743975389745,10000,10000,True,False,True,/content/cv3d-project/data/cache/reconstruction/predictions/03001627/114f72b38dcabdf0823f29d871e57676/02787f569ad9dae2505aa9dd.npz,ffafc363a1efdbfc3d762c131fdb37ee8d053dc57c30c54e02248cf4f5e79605,/content/cv3d-project/data/cache/reconstruction/metrics/03001627/114f72b38dcabdf0823f29d871e57676/51d438fae804d23018a05a28.json,11.682131999805279
03001627/11506b96d41f7d3dd7c4a943f33e0384,vggt,1,[0],0.7603661694695203,0.8783011364079037,0.9962361033462872,0.0,0.0,0.0,1.9997221151908326,0.0,0.0,0.0,0.0,0.0,0.0,camera_rotation_center_and_target_diameter_scale_single_view,4.666802193636301,0.0,10000,10000,True,True,True,/content/cv3d-project/data/cache/reconstruction/predictions/03001627/11506b96d41f7d3dd7c4a943f33e0384/ebf64c91b6685aa3a1c8a6a2.npz,621a0b9c57d6c5c35d02f059b8dda1842791369054c26a782ad66c4bde21582e,/content/cv3d-project/data/cache/reconstruction/metrics/03001627/11506b96d41f7d3dd7c4a943f33e0384/17f45a02def5907b3bd37987.json,3.6391799999364594
03001627/11506b96d41f7d3dd7c4a943f33e0384,vggt,2,"[0, 17]",0.08184812476878334,0.12740842610857717,0.172968727448371,0.3589507640067912,0.012826622296173045,0.027487314662273478,1.9997221151908326,0.633,0.0528,0.1056,0.2505,0.0073,0.0158,camera_pose_sim3,2.3414167073160095,0.5859133328912419,10000,10000,True,False,True,/content/cv3d-project/data/cache/reconstruction/predictions/03001627/11506b96d41f7d3dd7c4a943f33e0384/8b3ba77d1794e44e997a1cfd.npz,2697ea59e111a50a1857c0cee3d1523dbc140e0ab4183f02331aeb6b6c1c5836,/content/cv3d-project/data/cache/reconstruction/metrics/03001627/11506b96d41f7d3dd7c4a943f33e0384/6e2691332cab36e473d5bcec.json,11.187809000148263
03001627/11506b96d41f7d3dd7c4a943f33e0384,vggt,3,"[0, 17, 24]",0.11854029895946115,0.17390966162245278,0.2292790242854444,0.21423294797687858,0.018598787878787878,0.03210130718954248,1.9997221151908326,0.4084,0.0548,0.1034,0.1452,0.0112,0.019,camera_pose_sim3,2.3722197866038917,0.6541625406370365,10000,10000,True,False,True,/content/cv3d-project/data/cache/reconstruction/predictions/03001627/11506b96d41f7d3dd7c4a943f33e0384/059f45f55dc49be0c1e9ec5b.npz,1d6e1ac3db97d3e24115cacc279d37bb580575ac3d9c7f77840834b665b0dcbb,/content/cv3d-project/data/cache/reconstruction/metrics/03001627/11506b96d41f7d3dd7c4a943f33e0384/14244e82994d23b83884cc0a.json,11.090784999851167
03001627/11506b96d41f7d3dd7c4a943f33e0384,vggt,5,"[0, 17, 24, 25, 33]",0.16837449325203593,0.1878667879116288,0.20735908257122165,0.051510221674876844,0.0,0.0,1.9997221151908326,0.1303,0.0,0.0,0.0321,0.0,0.0,camera_pose_sim3,2.809433428625683,0.24848431861418507,10000,10000,True,False,True,/content/cv3d-project/data/cache/reconstruction/predictions/03001627/11506b96d41f7d3dd7c4a943f33e0384/0495e3ed1fddaf8b9f80f47e.npz,1eac64928f0975957e39619b02e9233d5a14d7a6f192087df40108921b1e5d77,/content/cv3d-project/data/cache/reconstruction/metrics/03001627/11506b96d41f7d3dd7c4a943f33e0384/512dedf623c52a67fe7c1a53.json,11.237018999963766
03001627/11506b96d41f7d3dd7c4a943f33e0384,vggt,10,"[0, 17, 24, 25, 33, 40, 32, 41, 39, 34]",0.09041520290802,0.09922735724398499,0.10803951157994995,0.5607098699447711,0.02835820895522388,0.06696908424908424,1.9997221151908326,0.5795,0.0375,0.0776,0.5431,0.0228,0.0589,camera_pose_sim3,2.727365558446425,0.2669024292238336,10000,10000,True,False,True,/content/cv3d-project/data/cache/reconstruction/predictions/03001627/11506b96d41f7d3dd7c4a943f33e0384/3b86eb2447b09007cbb8ef9a.npz,92a24ce614deef69251191cc6f3dad605ea0bb23b35028d148d766e9c2aaddf5,/content/cv3d-project/data/cache/reconstruction/metrics/03001627/11506b96d41f7d3dd7c4a943f33e0384/a369e59c979208b64fbe41fe.json,11.813107999842032
03001627/11525a18678f7ce6ae1e1181f20bb9c8,vggt,1,[0],1.749785425309719,1.8623914966179318,1.9749975679261444,0.0,0.0,0.0,1.9927891994618592,0.0,0.0,0.0,0.0,0.0,0.0,camera_rotation_center_and_target_diameter_scale_single_view,6.813925994277461,0.0,10000,10000,True,True,True,/content/cv3d-project/data/cache/reconstruction/predictions/03001627/11525a18678f7ce6ae1e1181f20bb9c8/b80cbe2b701e506427ef81c5.npz,36a8a96486f0bc291fe2a9274cb95e4682ed59faaf65eb22f94c351b42eaab86,/content/cv3d-project/data/cache/reconstruction/metrics/03001627/11525a18678f7ce6ae1e1181f20bb9c8/a6b8214328bb48afb7926e7b.json,3.6901869998473558
03001627/11525a18678f7ce6ae1e1181f20bb9c8,vggt,2,"[0, 5]",0.01832776863470269,0.08873202235706637,0.15913627607943004,0.4891977640126908,0.03693036231884058,0.09346883677877199,1.9927891994618592,1.0,0.2561,0.5975,0.3238,0.0199,0.0507,camera_pose_sim3,2.3699358691524446,0.04473438387827897,10000,10000,True,False,True,/content/cv3d-project/data/cache/reconstruction/predictions/03001627/11525a18678f7ce6ae1e1181f20bb9c8/3dee167dbc5f772e69ea67cb.npz,aebfa688683d5d1d9f7f08ca33fa3ccadc2cb062f1a23a562cdc19af84ee7c79,/content/cv3d-project/data/cache/reconstruction/metrics/03001627/11525a18678f7ce6ae1e1181f20bb9c8/9002227aad035761210e936d.json,11.093664000327408
03001627/11525a18678f7ce6ae1e1181f20bb9c8,vggt,3,"[0, 5, 17]",0.06795246739373634,0.0931098809478823,0.11826729450202828,0.5422862947385128,0.022897777777777777,0.06880063124671225,1.9927891994618592,0.8652,0.0672,0.145,0.3949,0.0138,0.0451,camera_pose_sim3,2.595467506374833,0.14955469666168242,10000,10000,True,False,True,/content/cv3d-project/data/cache/reconstruction/predictions/03001627/11525a18678f7ce6ae1e1181f20bb9c8/b1da9a3ce543dada35659284.npz,6a264f4a2cd877746654c7cecc4a91b3b8d1cef985719bc8f420cb143008c27c,/content/cv3d-project/data/cache/reconstruction/metrics/03001627/11525a18678f7ce6ae1e1181f20bb9c8/dff84d77a1fbe7bec7b8df94.json,10.999835000347957
03001627/11525a18678f7ce6ae1e1181f20bb9c8,vggt,5,"[0, 5, 17, 25, 24]",0.04923941102670273,0.08659564427894395,0.12395187753118518,0.5482146314281166,0.06461095492001938,0.1327571072319202,1.9927891994618592,0.8521,0.1662,0.3597,0.4041,0.0401,0.0814,camera_pose_sim3,2.6467596798517725,0.23799637111667632,10000,10000,True,False,True,/content/cv3d-project/data/cache/reconstruction/predictions/03001627/11525a18678f7ce6ae1e1181f20bb9c8/5dbae4b9cc2553f007761f93.npz,8b75d9beb45d3bb828180e7d98a5ee3d51142869e5b4207dc19acf670828c6d8,/content/cv3d-project/data/cache/reconstruction/metrics/03001627/11525a18678f7ce6ae1e1181f20bb9c8/ccb2e60c40ace2661e7a741f.json,11.11991100015075
03001627/11525a18678f7ce6ae1e1181f20bb9c8,vggt,10,"[0, 5, 17, 25, 24, 33, 40, 32, 46, 39]",0.05195891385493631,0.07664218780625061,0.1013254617575649,0.6208749425639454,0.0988186552662262,0.1810608713355049,1.9927891994618592,0.7975,0.1906,0.3715,0.5083,0.0667,0.1197,camera_pose_sim3,2.619648222136573,0.2741945233736425,10000,10000,True,False,True,/content/cv3d-project/data/cache/reconstruction/predictions/03001627/11525a18678f7ce6ae1e1181f20bb9c8/2ce587dc4c107ff16892a2c1.npz,2df151b306ac576664200bb609b15027f9b41dedc0d6bfc6057753b2c7af11f5,/content/cv3d-project/data/cache/reconstruction/metrics/03001627/11525a18678f7ce6ae1e1181f20bb9c8/46425333861990e4888b6d86.json,12.504751000051328
03001627/1157d8d6995da5c0290d57214c8512a4,vggt,1,[0],2.0439112712512544,2.1380705228553776,2.2322297744595003,0.0,0.0,0.0,1.9972981428191343,0.0,0.0,0.0,0.0,0.0,0.0,camera_rotation_center_and_target_diameter_scale_single_view,7.156406277350846,0.0,10000,10000,True,True,True,/content/cv3d-project/data/cache/reconstruction/predictions/03001627/1157d8d6995da5c0290d57214c8512a4/d3510723b0dd6a815770baf7.npz,4114ac2c42e8a54450d7570301dc21e5fc177f59fc5bff5249340eb03d8e14d2,/content/cv3d-project/data/cache/reconstruction/metrics/03001627/1157d8d6995da5c0290d57214c8512a4/3a6e7e40599dc9813b0b438b.json,3.713739999966492
03001627/1157d8d6995da5c0290d57214c8512a4,vggt,2,"[0, 25]",0.11224516579891822,0.30749428214372454,0.5027433984885309,0.00039766763848396507,0.0,0.0,1.9972981428191343,0.0341,0.0,0.0,0.0002,0.0,0.0,camera_pose_sim3,0.5062585186083781,1.1059439749028463,10000,10000,True,False,True,/content/cv3d-project/data/cache/reconstruction/predictions/03001627/1157d8d6995da5c0290d57214c8512a4/747a12a2c6d9f79dd7d26fb4.npz,1a040dd689c8c416a5a9d0a714b96c35fd12324360379eaa707dddf8667ff1ed,/content/cv3d-project/data/cache/reconstruction/metrics/03001627/1157d8d6995da5c0290d57214c8512a4/8a21510e5a28cf72b7386330.json,11.150240000006306
03001627/1157d8d6995da5c0290d57214c8512a4,vggt,3,"[0, 25, 33]",0.46547155555346925,0.5690137800775001,0.6725560046015311,0.0,0.0,0.0,1.9972981428191343,0.0,0.0,0.0,0.0,0.0,0.0,camera_pose_sim3,1.7912269874315465,0.866880331122513,10000,10000,True,False,True,/content/cv3d-project/data/cache/reconstruction/predictions/03001627/1157d8d6995da5c0290d57214c8512a4/80734356724294ecc3b4f8b5.npz,db96ca04c7e851ef3c5cbda91e1848e04bf307ad2082d25d595f48c0a549848a,/content/cv3d-project/data/cache/reconstruction/metrics/03001627/1157d8d6995da5c0290d57214c8512a4/b37697e5e4f8d6ffa8cd2deb.json,11.106812999969407
03001627/1157d8d6995da5c0290d57214c8512a4,vggt,5,"[0, 25, 33, 40, 46]",0.32556261529460834,0.4550257520146148,0.5844888887346212,0.0,0.0,0.0,1.9972981428191343,0.0,0.0,0.0,0.0,0.0,0.0,camera_pose_sim3,0.5629688011537544,1.1003866384965502,10000,10000,True,False,True,/content/cv3d-project/data/cache/reconstruction/predictions/03001627/1157d8d6995da5c0290d57214c8512a4/fa2ad760ab910a6955d232ed.npz,be0d22a358749f2fc35d78f80fd808297e7d4e8d56b5bfe2391cb4c60235028c,/content/cv3d-project/data/cache/reconstruction/metrics/03001627/1157d8d6995da5c0290d57214c8512a4/9db00cdf58d3ae00241ac8f1.json,11.42150900022898
03001627/1157d8d6995da5c0290d57214c8512a4,vggt,10,"[0, 25, 33, 40, 46, 32, 39, 34, 41, 31]",0.6926990687988112,0.8439781435340924,0.9952572182693736,0.0,0.0,0.0,1.9972981428191343,0.0,0.0,0.0,0.0,0.0,0.0,camera_pose_sim3,0.5990173576447421,1.025829069410315,10000,10000,True,False,True,/content/cv3d-project/data/cache/reconstruction/predictions/03001627/1157d8d6995da5c0290d57214c8512a4/044eaedb49e94db0e321e23b.npz,f43198cd9ebf7849d58222a61b1d21a497978bf136bff8d96a881a990bfa31ce,/content/cv3d-project/data/cache/reconstruction/metrics/03001627/1157d8d6995da5c0290d57214c8512a4/89a3787e186b1be0f5db2711.json,11.89846600027522
03001627/115b11a77b8d8c3c110a27d1d78196,vggt,1,[0],1.1002605230720683,1.2095565354500726,1.3188525478280768,0.0,0.0,0.0,1.9983936070095207,0.0,0.0,0.0,0.0,0.0,0.0,camera_rotation_center_and_target_diameter_scale_single_view,5.432095631926011,0.0,10000,10000,True,True,True,/content/cv3d-project/data/cache/reconstruction/predictions/03001627/115b11a77b8d8c3c110a27d1d78196/7325763fae826c60e93991b8.npz,b7c80cc4e84c2bc89e7030fccae42886d143081df6d48d80f819490a5af8a782,/content/cv3d-project/data/cache/reconstruction/metrics/03001627/115b11a77b8d8c3c110a27d1d78196/f286144afa123c4d80ddd314.json,3.7081079999552458
03001627/115b11a77b8d8c3c110a27d1d78196,vggt,2,"[0, 17]",0.12114146678767952,0.21746234326348787,0.31378321973929624,0.06627593552101324,0.0,0.0,1.9983936070095207,0.3103,0.0,0.0,0.0371,0.0,0.0,camera_pose_sim3,1.6771346017987694,0.7680863094601601,10000,10000,True,False,True,/content/cv3d-project/data/cache/reconstruction/predictions/03001627/115b11a77b8d8c3c110a27d1d78196/410c2691d045448c5f0cd9be.npz,dfdfe313187fd6112a3a29cbe401fb0c57ab82f513dfb73f2486701eb1ae293f,/content/cv3d-project/data/cache/reconstruction/metrics/03001627/115b11a77b8d8c3c110a27d1d78196/614ea21fe11d36fd5b4ea8cc.json,11.037693000162108
03001627/115b11a77b8d8c3c110a27d1d78196,vggt,3,"[0, 17, 25]",0.14221657367778462,0.24612016635884573,0.35002375903990685,0.012269352517985612,0.0,0.0,1.9983936070095207,0.0627,0.0,0.0,0.0068,0.0,0.0,camera_pose_sim3,1.5373573328779686,0.87439886045848,10000,10000,True,False,True,/content/cv3d-project/data/cache/reconstruction/predictions/03001627/115b11a77b8d8c3c110a27d1d78196/b351b2ec2955d96573d4ec12.npz,7901584d3f248907eec1ec8766b909d00f2b74be71527ed9d43b6ba1a8520072,/content/cv3d-project/data/cache/reconstruction/metrics/03001627/115b11a77b8d8c3c110a27d1d78196/bf1a9c64b6a779d59959fc1e.json,11.44948600040152
03001627/115b11a77b8d8c3c110a27d1d78196,vggt,5,"[0, 17, 25, 34, 42]",0.8525547097125926,0.9992620621372699,1.145969414561947,0.0,0.0,0.0,1.9983936070095207,0.0,0.0,0.0,0.0,0.0,0.0,camera_pose_sim3,0.9512571196268647,0.9242036176601867,10000,10000,True,False,True,/content/cv3d-project/data/cache/reconstruction/predictions/03001627/115b11a77b8d8c3c110a27d1d78196/1bba53192d8a0a84b8d2f553.npz,685ea0c71ef9cecb5fbb5964c5eeaf988b29697d37bb88983db101ad4ee92826,/content/cv3d-project/data/cache/reconstruction/metrics/03001627/115b11a77b8d8c3c110a27d1d78196/3ac313a1ef54a6f70d4719b8.json,11.369995000222843
03001627/115b11a77b8d8c3c110a27d1d78196,vggt,10,"[0, 17, 25, 34, 42, 41, 33, 46, 24, 32]",0.3846068520303658,0.5441957119399569,0.7037845718495479,0.0,0.0,0.0,1.9983936070095207,0.0,0.0,0.0,0.0,0.0,0.0,camera_pose_sim3,0.35162830475622026,1.0330581904152698,10000,10000,True,False,True,/content/cv3d-project/data/cache/reconstruction/predictions/03001627/115b11a77b8d8c3c110a27d1d78196/ab6ba69a6d08d834b50a6be7.npz,6ed4e2be7abeaa82b4c0bf7b95b407c65f6e0a0c9b537fc496ec1d99a05c8e59,/content/cv3d-project/data/cache/reconstruction/metrics/03001627/115b11a77b8d8c3c110a27d1d78196/8ef82eae3b3c59c8f75541fe.json,11.839019000035478
03001627/1166b15756ed9b8897317616969032,vggt,1,[0],2.4765994522681294,2.5838704879306063,2.6911415235930836,0.0,0.0,0.0,1.9588207549798387,0.0,0.0,0.0,0.0,0.0,0.0,camera_rotation_center_and_target_diameter_scale_single_view,7.985322764360495,0.0,10000,10000,True,True,True,/content/cv3d-project/data/cache/reconstruction/predictions/03001627/1166b15756ed9b8897317616969032/dad33a6ad820d4ae1cc959e8.npz,a0f0750000d0d156427c5d23a4bee0d5f7b2f31513cf79c04afe3eca5dcc7eb9,/content/cv3d-project/data/cache/reconstruction/metrics/03001627/1166b15756ed9b8897317616969032/4a2fa480265853fe3d42a88b.json,3.805073999956221
03001627/1166b15756ed9b8897317616969032,vggt,2,"[0, 26]",1.6154570520751872,1.7522286662540827,1.8890002804329784,0.0,0.0,0.0,1.9588207549798387,0.0,0.0,0.0,0.0,0.0,0.0,camera_pose_sim3_positive_scale_fallback,3.5189239812895456,2.2658922759974125e-16,10000,10000,True,False,True,/content/cv3d-project/data/cache/reconstruction/predictions/03001627/1166b15756ed9b8897317616969032/1e78039b6beea8ee1c6bca17.npz,c5480e092d1f2af8bc0c3fc711440796beed9ed14e89258442bd65c564bbcb31,/content/cv3d-project/data/cache/reconstruction/metrics/03001627/1166b15756ed9b8897317616969032/d170c000edba8baed5f77229.json,11.521708999680413
03001627/1166b15756ed9b8897317616969032,vggt,3,"[0, 26, 18]",0.3942188682259551,0.49376099355698,0.5933031188880049,0.0,0.0,0.0,1.9588207549798387,0.0,0.0,0.0,0.0,0.0,0.0,camera_pose_sim3,0.6810808789269455,0.9151557991633872,10000,10000,True,False,True,/content/cv3d-project/data/cache/reconstruction/predictions/03001627/1166b15756ed9b8897317616969032/ec3d85cce30f033521a40097.npz,da9c2a78df1feebc5b3dee1f143784534aa174145871ec710d132a0e36134286,/content/cv3d-project/data/cache/reconstruction/metrics/03001627/1166b15756ed9b8897317616969032/fec628afa77e23b37f40a92d.json,11.259877999691525
03001627/1166b15756ed9b8897317616969032,vggt,5,"[0, 26, 18, 25, 33]",0.8931166000301283,1.0567176577994841,1.22031871556884,0.0,0.0,0.0,1.9588207549798387,0.0,0.0,0.0,0.0,0.0,0.0,camera_pose_sim3_positive_scale_fallback,1.8846711313048692,0.9720756162492651,10000,10000,True,False,True,/content/cv3d-project/data/cache/reconstruction/predictions/03001627/1166b15756ed9b8897317616969032/51c96c211884613f658bc1a1.npz,4ae8f2741de7beb03aae9090bcf49b549094657b0aea51d357002a39ddf26893,/content/cv3d-project/data/cache/reconstruction/metrics/03001627/1166b15756ed9b8897317616969032/0492bc1727c174abb3e90cc7.json,11.390930999823468
03001627/1166b15756ed9b8897317616969032,vggt,10,"[0, 26, 18, 25, 33, 40, 46, 34, 41, 45]",0.34715287625102675,0.4805668047849534,0.61398073331888,0.0,0.0,0.0,1.9588207549798387,0.0,0.0,0.0,0.0,0.0,0.0,camera_pose_sim3,0.5722699584384608,1.0782500494623735,10000,10000,True,False,True,/content/cv3d-project/data/cache/reconstruction/predictions/03001627/1166b15756ed9b8897317616969032/abe589beaf7f4e5b052d9d82.npz,886b89f3394da65421f5a49bdf91c172ba9a6ddd308d34500e1e24c875cbb631,/content/cv3d-project/data/cache/reconstruction/metrics/03001627/1166b15756ed9b8897317616969032/0b52d8e88d5c95208617e148.json,11.7286980002973
03001627/116a9cd5ac9a008ee8cb931b01d0a372,vggt,1,[0],1.4886614175435158,1.606986012248073,1.7253106069526303,0.0,0.0,0.0,1.5125542066622581,0.0,0.0,0.0,0.0,0.0,0.0,camera_rotation_center_and_target_diameter_scale_single_view,5.304041178242901,0.0,10000,10000,True,True,True,/content/cv3d-project/data/cache/reconstruction/predictions/03001627/116a9cd5ac9a008ee8cb931b01d0a372/35a67836c96b92814a0994c6.npz,c3d28f8a56fd3476f90a86ecbda39e4dea2f819c8f61d2a04a0633095e716c38,/content/cv3d-project/data/cache/reconstruction/metrics/03001627/116a9cd5ac9a008ee8cb931b01d0a372/eaebe35d97ef0fd0da75371c.json,3.659300999970583
03001627/116a9cd5ac9a008ee8cb931b01d0a372,vggt,2,"[0, 5]",1.5066752856990315,1.5684958352348706,1.6303163847707098,0.0,0.0,0.0,1.5125542066622581,0.0,0.0,0.0,0.0,0.0,0.0,camera_pose_sim3,0.6475121655294578,0.04842398390304168,10000,10000,True,False,True,/content/cv3d-project/data/cache/reconstruction/predictions/03001627/116a9cd5ac9a008ee8cb931b01d0a372/180a16701e558aaff4127ef0.npz,4631110437570d53676a1b107e1dfbe700a02988f152db3c0bf1ea876c8bbb96,/content/cv3d-project/data/cache/reconstruction/metrics/03001627/116a9cd5ac9a008ee8cb931b01d0a372/f8268e2e531138aa2c9c3a45.json,11.084336999829247
03001627/116a9cd5ac9a008ee8cb931b01d0a372,vggt,3,"[0, 5, 31]",0.0310253544050188,0.11038269957833807,0.18974004475165734,0.49601443826139263,0.01749348230912477,0.07896255956432947,1.5125542066622581,1.0,0.0427,0.2468,0.3298,0.011,0.047,camera_pose_sim3,2.3504189294076414,0.11702303004721992,10000,10000,True,False,True,/content/cv3d-project/data/cache/reconstruction/predictions/03001627/116a9cd5ac9a008ee8cb931b01d0a372/0f87bc8760f97b68dcbc5deb.npz,5c094c29944d4c405147c36395f8a0c3b13c69f498e9c789c47c464a7a029060,/content/cv3d-project/data/cache/reconstruction/metrics/03001627/116a9cd5ac9a008ee8cb931b01d0a372/1db4407583e8f98e9d1460e9.json,11.163427999690612
03001627/116a9cd5ac9a008ee8cb931b01d0a372,vggt,5,"[0, 5, 31, 23, 16]",0.08831853432566973,0.14347711443390748,0.19863569454214522,0.3211944843218738,0.0,0.0027473684210526316,1.5125542066622581,0.8614,0.0,0.0058,0.1974,0.0,0.0018,camera_pose_sim3,2.2998475120162105,0.10298254740531274,10000,10000,True,False,True,/content/cv3d-project/data/cache/reconstruction/predictions/03001627/116a9cd5ac9a008ee8cb931b01d0a372/93689530578f8af578654905.npz,420f0ebb237ce0f5cd95534236562700e91047e70394ddc343b4f13f698ae6d1,/content/cv3d-project/data/cache/reconstruction/metrics/03001627/116a9cd5ac9a008ee8cb931b01d0a372/509767650516f26d0f6b9f1b.json,11.27242299980935
03001627/116a9cd5ac9a008ee8cb931b01d0a372,vggt,10,"[0, 5, 31, 23, 16, 38, 24, 32, 39, 45]",0.021546053205622816,0.061559782403105556,0.10157351160058829,0.666305026737968,0.09833055224473579,0.24599890510948907,1.5125542066622581,0.9952,0.1847,0.4938,0.5008,0.067,0.1638,camera_pose_sim3,2.3677071311634603,0.2221177220611734,10000,10000,True,False,True,/content/cv3d-project/data/cache/reconstruction/predictions/03001627/116a9cd5ac9a008ee8cb931b01d0a372/ef71dade093dd511873adafa.npz,697174c4fd96793694fabbf764668160362c47f9a3bbdf4d4b61560077c3a1f4,/content/cv3d-project/data/cache/reconstruction/metrics/03001627/116a9cd5ac9a008ee8cb931b01d0a372/a7df374243821f21a7e8769e.json,11.708133999945858
03001627/116bcb3b43de74b9df9054bbcf5c6adc,vggt,1,[0],1.9578236498449038,2.0875204028841194,2.2172171559233353,0.0,0.0,0.0,1.997767926885949,0.0,0.0,0.0,0.0,0.0,0.0,camera_rotation_center_and_target_diameter_scale_single_view,7.201165473154735,0.0,10000,10000,True,True,True,/content/cv3d-project/data/cache/reconstruction/predictions/03001627/116bcb3b43de74b9df9054bbcf5c6adc/62c610e57b4fab3a03de2cee.npz,0757abd0af0de375f4b2a3383b03c0624d0b5c5dcf56fb6236dba2459a1b8f36,/content/cv3d-project/data/cache/reconstruction/metrics/03001627/116bcb3b43de74b9df9054bbcf5c6adc/d6fc9965f1bae04d9ef37ed8.json,3.80888799963941
03001627/116bcb3b43de74b9df9054bbcf5c6adc,vggt,2,"[0, 25]",0.07365644080606305,0.24961948748732646,0.4255825341685899,0.028779814705302584,0.0,0.0,1.997767926885949,1.0,0.0,0.0,0.0146,0.0,0.0,camera_pose_sim3,0.4701304753048054,1.1125970263973766,10000,10000,True,False,True,/content/cv3d-project/data/cache/reconstruction/predictions/03001627/116bcb3b43de74b9df9054bbcf5c6adc/0b8008080f6fb29c0a75f73f.npz,29a6bc9ee22dece17ad5897f07ceb5c4fa843d1d887c66871ad6a78a5955e73f,/content/cv3d-project/data/cache/reconstruction/metrics/03001627/116bcb3b43de74b9df9054bbcf5c6adc/33b461b0302cecbbb55c1dbc.json,11.331908999636653
03001627/116bcb3b43de74b9df9054bbcf5c6adc,vggt,3,"[0, 25, 33]",0.21558406013285594,0.3452330985567383,0.4748821369806206,0.0,0.0,0.0,1.997767926885949,0.0,0.0,0.0,0.0,0.0,0.0,camera_pose_sim3,1.4336872048241942,1.0025587135744503,10000,10000,True,False,True,/content/cv3d-project/data/cache/reconstruction/predictions/03001627/116bcb3b43de74b9df9054bbcf5c6adc/93109f090095c3bf90f48ea2.npz,3777a4aff670b67eb1d7a4d98121a24f0bb41c370287b979d431a1f6f759c43e,/content/cv3d-project/data/cache/reconstruction/metrics/03001627/116bcb3b43de74b9df9054bbcf5c6adc/88a26619195273f6acd8c764.json,11.265894000189292
03001627/116bcb3b43de74b9df9054bbcf5c6adc,vggt,5,"[0, 25, 33, 40, 46]",0.3915851435002055,0.5711233291290133,0.7506615147578211,0.0,0.0,0.0,1.997767926885949,0.0,0.0,0.0,0.0,0.0,0.0,camera_pose_sim3,0.7094495505790375,1.072692194351986,10000,10000,True,False,True,/content/cv3d-project/data/cache/reconstruction/predictions/03001627/116bcb3b43de74b9df9054bbcf5c6adc/0aded66bec7f0a722c1c0ea2.npz,119fc845fb8fe3dea6b9b154b849df8843e83fa11432fd7df0ed20fee47462f8,/content/cv3d-project/data/cache/reconstruction/metrics/03001627/116bcb3b43de74b9df9054bbcf5c6adc/b05bcc1b5d871aabc1a1f65c.json,11.328410999794869
03001627/116bcb3b43de74b9df9054bbcf5c6adc,vggt,10,"[0, 25, 33, 40, 46, 32, 24, 39, 17, 45]",0.4657666390064677,0.6546356164435674,0.843504593880667,0.0,0.0,0.0,1.997767926885949,0.0,0.0,0.0,0.0,0.0,0.0,camera_pose_sim3,0.3500672181261732,1.039908400703068,10000,10000,True,False,True,/content/cv3d-project/data/cache/reconstruction/predictions/03001627/116bcb3b43de74b9df9054bbcf5c6adc/12c7014319640bb1d5877247.npz,ac39a0dde63f0c911f03eec28db1879af41b0c5ea22b1a718d667ada2ef2af7c,/content/cv3d-project/data/cache/reconstruction/metrics/03001627/116bcb3b43de74b9df9054bbcf5c6adc/e696b0c207fbd7f64f795e79.json,11.682950999784225
03001627/11740d372308f12185047f9f654ddc2e,vggt,1,[0],1.9483261103209664,2.051977403046014,2.1556286957710613,0.0,0.0,0.0,2.0000033045491494,0.0,0.0,0.0,0.0,0.0,0.0,camera_rotation_center_and_target_diameter_scale_single_view,6.971379459648535,0.0,10000,10000,True,True,True,/content/cv3d-project/data/cache/reconstruction/predictions/03001627/11740d372308f12185047f9f654ddc2e/64b72af2aeb840f2809882ce.npz,1ec8eb99209977b03152bbdc13931418e6867587b324ba800d4cddab017a64dd,/content/cv3d-project/data/cache/reconstruction/metrics/03001627/11740d372308f12185047f9f654ddc2e/594876e0b22fdde2266b0bfc.json,3.811926000253152
03001627/11740d372308f12185047f9f654ddc2e,vggt,2,"[0, 35]",0.4677525480767459,0.5702255632295503,0.6726985783823548,0.0,0.0,0.0,2.0000033045491494,0.0,0.0,0.0,0.0,0.0,0.0,camera_pose_sim3,2.7711902878973174,0.44516147078420854,10000,10000,True,False,True,/content/cv3d-project/data/cache/reconstruction/predictions/03001627/11740d372308f12185047f9f654ddc2e/da0abb6a41f92abf2e40a2f4.npz,0175859a1d56985ea48c5321a33a382e3fed3a4fd2860a1df877f809cc18bbd9,/content/cv3d-project/data/cache/reconstruction/metrics/03001627/11740d372308f12185047f9f654ddc2e/c9e542e205c1dc98dc64025e.json,11.017778999757866
03001627/11740d372308f12185047f9f654ddc2e,vggt,3,"[0, 35, 42]",0.278230982260662,0.36887619045631226,0.45952139865196245,0.0,0.0,0.0,2.0000033045491494,0.0,0.0,0.0,0.0,0.0,0.0,camera_pose_sim3,2.7717545638444165,0.2599122161515104,10000,10000,True,False,True,/content/cv3d-project/data/cache/reconstruction/predictions/03001627/11740d372308f12185047f9f654ddc2e/a956259b58dde8d5b6b2d97c.npz,f693629a54209dec3d49d4686854c167777885e958b9cacc726d2b7b922e4263,/content/cv3d-project/data/cache/reconstruction/metrics/03001627/11740d372308f12185047f9f654ddc2e/ea04115df43a806ef20decc9.json,11.14545900009034
03001627/11740d372308f12185047f9f654ddc2e,vggt,5,"[0, 35, 42, 34, 25]",0.4138701276353132,0.5703896396443565,0.7269091516533998,0.0,0.0,0.0,2.0000033045491494,0.0,0.0,0.0,0.0,0.0,0.0,camera_pose_sim3,1.9920750647422245,0.777714221637887,10000,10000,True,False,True,/content/cv3d-project/data/cache/reconstruction/predictions/03001627/11740d372308f12185047f9f654ddc2e/86d3938f06a7a410b8f9332a.npz,778f0f5142777a817ebc7778651345655dad26d5e533a3a73597e34d790817f6,/content/cv3d-project/data/cache/reconstruction/metrics/03001627/11740d372308f12185047f9f654ddc2e/9f214acaaa9cd4884d77cdbe.json,11.213264999696548
03001627/11740d372308f12185047f9f654ddc2e,vggt,10,"[0, 35, 42, 34, 25, 33, 41, 24, 32, 40]",0.30761232810090283,0.34123476092689037,0.3748571937528779,0.0,0.0,0.0,2.0000033045491494,0.0,0.0,0.0,0.0,0.0,0.0,camera_pose_sim3,0.9326510067903584,1.0452415540312396,10000,10000,True,False,True,/content/cv3d-project/data/cache/reconstruction/predictions/03001627/11740d372308f12185047f9f654ddc2e/be7b8cea79bf1e7603c3ecd9.npz,f2aa4b78fad64bd0e5ebd3dd27e8479f904b57373e8750693e7317273c2b293e,/content/cv3d-project/data/cache/reconstruction/metrics/03001627/11740d372308f12185047f9f654ddc2e/05390e91f0f7a6101d8bff07.json,11.604965000060474
03001627/117930a8f2e37f9b707cdefe012d0353,vggt,1,[0],1.6626849717379815,1.7768545422199362,1.8910241127018912,0.0,0.0,0.0,1.9951744493176,0.0,0.0,0.0,0.0,0.0,0.0,camera_rotation_center_and_target_diameter_scale_single_view,6.458543729226281,0.0,10000,10000,True,True,True,/content/cv3d-project/data/cache/reconstruction/predictions/03001627/117930a8f2e37f9b707cdefe012d0353/670fe63304f7d5b4e12fd713.npz,3166a5e12993cae977267cb7674333d7fd20299a88d00eece5b233894c108527,/content/cv3d-project/data/cache/reconstruction/metrics/03001627/117930a8f2e37f9b707cdefe012d0353/ff0d5749040604b487f898fa.json,3.745258999970247
03001627/117930a8f2e37f9b707cdefe012d0353,vggt,2,"[0, 5]",0.8250994527092376,0.8949773832541459,0.9648553137990541,0.0,0.0,0.0,1.9951744493176,0.0,0.0,0.0,0.0,0.0,0.0,camera_pose_sim3,0.8573745156811395,0.0353136235800554,10000,10000,True,False,True,/content/cv3d-project/data/cache/reconstruction/predictions/03001627/117930a8f2e37f9b707cdefe012d0353/b9ac9727765f4cb4aed80b33.npz,692e20bb33d824eeb27b772eb2e25a77488183c178b9f89a494cee167ccd8f98,/content/cv3d-project/data/cache/reconstruction/metrics/03001627/117930a8f2e37f9b707cdefe012d0353/77fbee2b9b2d4e6962434c92.json,11.472383000182163
03001627/117930a8f2e37f9b707cdefe012d0353,vggt,3,"[0, 5, 26]",0.15344729980581684,0.18640583864907304,0.21936437749232923,0.232273377703827,0.011841409691629955,0.03739463601532567,1.9951744493176,0.2846,0.0384,0.08,0.1962,0.007,0.0244,camera_pose_sim3,2.891027901616952,0.20810806510803365,10000,10000,True,False,True,/content/cv3d-project/data/cache/reconstruction/predictions/03001627/117930a8f2e37f9b707cdefe012d0353/071ba81f6517c8723ab3fd84.npz,180c0815798bff9834b27b49162e431a1dc23fcb7c30d6beb8a13beb8fd0a534,/content/cv3d-project/data/cache/reconstruction/metrics/03001627/117930a8f2e37f9b707cdefe012d0353/197cbb81f170b46e8deecdb2.json,11.554080999758298
03001627/117930a8f2e37f9b707cdefe012d0353,vggt,5,"[0, 5, 26, 18, 25]",0.04214717689741938,0.08462263426936534,0.12709809164131128,0.5108912629610742,0.07176862425231105,0.15291710350955132,1.9951744493176,0.8017,0.3275,0.5874,0.3749,0.0403,0.0879,camera_pose_sim3,2.776685824674045,0.12859621139303373,10000,10000,True,False,True,/content/cv3d-project/data/cache/reconstruction/predictions/03001627/117930a8f2e37f9b707cdefe012d0353/fc2e5bcc813d37552ac0ecbc.npz,e95e0afcfe395be8abec70f79530857147788dbc3861c17a117ce58eb2d010ee,/content/cv3d-project/data/cache/reconstruction/metrics/03001627/117930a8f2e37f9b707cdefe012d0353/806148baebd7a36bcd4c25d1.json,11.593246000302315
03001627/117930a8f2e37f9b707cdefe012d0353,vggt,10,"[0, 5, 26, 18, 25, 34, 33, 41, 40, 46]",0.16794979867826634,0.30857085234206083,0.4491919060058553,0.009757575757575758,0.0,0.0,1.9951744493176,0.0161,0.0,0.0,0.007,0.0,0.0,camera_pose_sim3,1.403963426634617,0.9577716775384298,10000,10000,True,False,True,/content/cv3d-project/data/cache/reconstruction/predictions/03001627/117930a8f2e37f9b707cdefe012d0353/368fe2ed5c775cfc0a55a27e.npz,d2b1a359843dda5b24b8f3ba5b814c48d7210b6e51efbeeada172aa15e7705d3,/content/cv3d-project/data/cache/reconstruction/metrics/03001627/117930a8f2e37f9b707cdefe012d0353/bcfd10449a5d925e9e5b2aa6.json,11.86544199981654
03001627/117bd6da01905949a81116f5456ee312,vggt,1,[0],0.7857040237080014,0.9005598666131513,1.0154157095183012,0.0,0.0,0.0,1.999964934135392,0.0,0.0,0.0,0.0,0.0,0.0,camera_rotation_center_and_target_diameter_scale_single_view,4.827803692594869,0.0,10000,10000,True,True,True,/content/cv3d-project/data/cache/reconstruction/predictions/03001627/117bd6da01905949a81116f5456ee312/d8019fe4dcfe3b665dcb9336.npz,f8c5511e7b8542a5956f2983eafb65b21c680afc33cf678f111fd1f92b9d3bdb,/content/cv3d-project/data/cache/reconstruction/metrics/03001627/117bd6da01905949a81116f5456ee312/cc64fa33a0ef302cf8fe8f96.json,3.844626000045537
03001627/117bd6da01905949a81116f5456ee312,vggt,2,"[0, 35]",1.8293138801822248,1.883519354126515,1.937724828070805,0.0,0.0,0.0,1.999964934135392,0.0,0.0,0.0,0.0,0.0,0.0,camera_pose_sim3_positive_scale_fallback,2.242619897698791,7.33330272189434e-16,10000,10000,True,False,True,/content/cv3d-project/data/cache/reconstruction/predictions/03001627/117bd6da01905949a81116f5456ee312/d7ba99250fd67d5c3c2dbe53.npz,bf6c736ff0753c3f3cfcc84eb0d8812421d0972f6b2841d2bb7c4c44ece670f9,/content/cv3d-project/data/cache/reconstruction/metrics/03001627/117bd6da01905949a81116f5456ee312/c15fbb96cf4979a933eb52af.json,11.497304999920743
03001627/117bd6da01905949a81116f5456ee312,vggt,3,"[0, 35, 42]",0.3058257675057243,0.4166823368483544,0.5275389061909844,0.0,0.0,0.0,1.999964934135392,0.0,0.0,0.0,0.0,0.0,0.0,camera_pose_sim3,1.9534325826733532,0.821814870025501,10000,10000,True,False,True,/content/cv3d-project/data/cache/reconstruction/predictions/03001627/117bd6da01905949a81116f5456ee312/fbb6a1b2db11f6756126b84d.npz,6fa89122e997f3ed6a279be715b0300002b2aec0727bfbb40c599ee2e0b9b8f1,/content/cv3d-project/data/cache/reconstruction/metrics/03001627/117bd6da01905949a81116f5456ee312/f0a089ed49cc73ef42537219.json,11.370601000180613
03001627/117bd6da01905949a81116f5456ee312,vggt,5,"[0, 35, 42, 47, 38]",0.2143081450196263,0.35383317359506383,0.4933582021705013,0.038103092783505155,0.0,0.0,1.999964934135392,0.0924,0.0,0.0,0.024,0.0,0.0,camera_pose_sim3,1.7737526463045687,0.939203652335976,10000,10000,True,False,True,/content/cv3d-project/data/cache/reconstruction/predictions/03001627/117bd6da01905949a81116f5456ee312/d79df54945835664c27956c0.npz,fa6e787e1b7da36eb724217ae04254cfad0dec89c814670dff0f225616d3edc4,/content/cv3d-project/data/cache/reconstruction/metrics/03001627/117bd6da01905949a81116f5456ee312/308d040a6d931d22fe70eb1e.json,11.550549000276078
03001627/117bd6da01905949a81116f5456ee312,vggt,10,"[0, 35, 42, 47, 38, 30, 31, 22, 24, 33]",0.20476765830416957,0.30091168071699465,0.3970557031298197,0.0,0.0,0.0,1.999964934135392,0.0,0.0,0.0,0.0,0.0,0.0,camera_pose_sim3,1.6888581442759902,0.8936479663866334,10000,10000,True,False,True,/content/cv3d-project/data/cache/reconstruction/predictions/03001627/117bd6da01905949a81116f5456ee312/78e71b74d68dedcb4aca5103.npz,a605d4ea50d8448d80af66d536c99b51ca62a7ef4ea9d617c3fc879c373b9e2c,/content/cv3d-project/data/cache/reconstruction/metrics/03001627/117bd6da01905949a81116f5456ee312/1b68f9cccef813c34be4cfdf.json,12.097866999738471
03001627/117c0e0aafc0c3f81015cdff13e6d9f3,vggt,1,[0],1.5823266098583637,1.7387541322278746,1.8951816545973856,0.0,0.0,0.0,1.9997093975959603,0.0,0.0,0.0,0.0,0.0,0.0,camera_rotation_center_and_target_diameter_scale_single_view,6.452011427111626,0.0,10000,10000,True,True,True,/content/cv3d-project/data/cache/reconstruction/predictions/03001627/117c0e0aafc0c3f81015cdff13e6d9f3/4edebab325e525348586d657.npz,4d720974f9ceddad63d216c0f1949ef33175b72e2e53ee93ffef713e23ca4c15,/content/cv3d-project/data/cache/reconstruction/metrics/03001627/117c0e0aafc0c3f81015cdff13e6d9f3/434855dc77a91d90b716181a.json,3.8665680003759917
03001627/117c0e0aafc0c3f81015cdff13e6d9f3,vggt,2,"[0, 35]",0.4012058698814763,0.49654598264670813,0.59188609541194,0.0,0.0,0.0,1.9997093975959603,0.0,0.0,0.0,0.0,0.0,0.0,camera_pose_sim3_positive_scale_fallback,2.700170692089503,4.413493690470505e-16,10000,10000,True,True,True,/content/cv3d-project/data/cache/reconstruction/predictions/03001627/117c0e0aafc0c3f81015cdff13e6d9f3/11cd8d06021db7baf5bde88e.npz,e7fa2b1136795cf2ada5c007b104a63c710564aaa85836d4c8c69864958c3207,/content/cv3d-project/data/cache/reconstruction/metrics/03001627/117c0e0aafc0c3f81015cdff13e6d9f3/d896acf5724228f498c978e3.json,2.6065669999297825
03001627/117c0e0aafc0c3f81015cdff13e6d9f3,vggt,3,"[0, 35, 25]",0.36280995248765835,0.5507885774769015,0.7387672024661445,0.0,0.0,0.0,1.9997093975959603,0.0,0.0,0.0,0.0,0.0,0.0,camera_pose_sim3,1.6714768625620566,0.7714506271149327,10000,10000,True,False,True,/content/cv3d-project/data/cache/reconstruction/predictions/03001627/117c0e0aafc0c3f81015cdff13e6d9f3/3b7dfac43a6dcf6f1af0bb72.npz,cae8922b8b27f1666029b56b2870667729190c5257cc6e9dc6c82dcbf23369b0,/content/cv3d-project/data/cache/reconstruction/metrics/03001627/117c0e0aafc0c3f81015cdff13e6d9f3/b3e23a9eb81aaa2870034c89.json,11.594468000112101
03001627/117c0e0aafc0c3f81015cdff13e6d9f3,vggt,5,"[0, 35, 25, 33, 40]",0.5437806010824858,0.7118303039118754,0.8798800067412651,0.0,0.0,0.0,1.9997093975959603,0.0,0.0,0.0,0.0,0.0,0.0,camera_pose_sim3,1.1292699620257345,1.023361250180582,10000,10000,True,False,True,/content/cv3d-project/data/cache/reconstruction/predictions/03001627/117c0e0aafc0c3f81015cdff13e6d9f3/fc034cfa3dda7f2f8c14e5f2.npz,e537e760466b18cdfc59bedf7727d148beab4bd5ce1549c2334df0a116ed2d92,/content/cv3d-project/data/cache/reconstruction/metrics/03001627/117c0e0aafc0c3f81015cdff13e6d9f3/6a2c60ad458ab101a0cc32b2.json,11.538520999692992
03001627/117c0e0aafc0c3f81015cdff13e6d9f3,vggt,10,"[0, 35, 25, 33, 40, 46, 32, 34, 42, 17]",0.3890897335626086,0.6106111715537645,0.8321326095449204,0.0,0.0,0.0,1.9997093975959603,0.0,0.0,0.0,0.0,0.0,0.0,camera_pose_sim3,0.7452276912628707,1.0367436923072608,10000,10000,True,False,True,/content/cv3d-project/data/cache/reconstruction/predictions/03001627/117c0e0aafc0c3f81015cdff13e6d9f3/53c4510687b376fd788f01e9.npz,7a1d31bb0c3942cfbf160219ece07fd038949634007435bdc3578b60150c9f3f,/content/cv3d-project/data/cache/reconstruction/metrics/03001627/117c0e0aafc0c3f81015cdff13e6d9f3/3129e24a29aff4a187d8b508.json,12.045379000028333
03001627/1190af00b6c86c99c3bd24f986301745,vggt,1,[0],3.688793462130298,3.9062357920384434,4.123678121946589,0.0,0.0,0.0,1.9917726864461494,0.0,0.0,0.0,0.0,0.0,0.0,camera_rotation_center_and_target_diameter_scale_single_view,10.920007681642137,0.0,10000,10000,True,True,True,/content/cv3d-project/data/cache/reconstruction/predictions/03001627/1190af00b6c86c99c3bd24f986301745/13fab7c05fe3f2f228725604.npz,dacdeac75fcd121d4fb6e9f2f392ad4150a9478481d9f018d63bd43fe78dc3e9,/content/cv3d-project/data/cache/reconstruction/metrics/03001627/1190af00b6c86c99c3bd24f986301745/40f9cb9ac7e6c30ea17d2ba6.json,3.7886630002503807
03001627/1190af00b6c86c99c3bd24f986301745,vggt,2,"[0, 26]",0.4646049164166724,0.5864998221780835,0.7083947279394947,0.0,0.0,0.0,1.9917726864461494,0.0,0.0,0.0,0.0,0.0,0.0,camera_pose_sim3,1.1309924827952003,0.883836163786307,10000,10000,True,False,True,/content/cv3d-project/data/cache/reconstruction/predictions/03001627/1190af00b6c86c99c3bd24f986301745/a97cbaf30246c7e54d637c7f.npz,9e42e083c9af40b87b94f06658e9f77d3e0512649b4b01defe6182e5da41f751,/content/cv3d-project/data/cache/reconstruction/metrics/03001627/1190af00b6c86c99c3bd24f986301745/a9284b6fe6880e7842ce7ced.json,11.369383999863203
03001627/1190af00b6c86c99c3bd24f986301745,vggt,3,"[0, 26, 18]",0.45686865531474014,0.5196239480269444,0.5823792407391487,0.0,0.0,0.0,1.9917726864461494,0.0,0.0,0.0,0.0,0.0,0.0,camera_pose_sim3,1.8560604176251432,0.39931369191055993,10000,10000,True,False,True,/content/cv3d-project/data/cache/reconstruction/predictions/03001627/1190af00b6c86c99c3bd24f986301745/e6ee449dfefe5a146776a940.npz,4694b4d0bd6af040587e1918882c5a98c08745fe8b6f97c851711ba45bd30e4a,/content/cv3d-project/data/cache/reconstruction/metrics/03001627/1190af00b6c86c99c3bd24f986301745/99e2b76a481a15a9a0b06a5f.json,11.338381999848934
03001627/1190af00b6c86c99c3bd24f986301745,vggt,5,"[0, 26, 18, 25, 34]",0.8264022910268867,0.9208542650544906,1.0153062390820946,0.0,0.0,0.0,1.9917726864461494,0.0,0.0,0.0,0.0,0.0,0.0,camera_pose_sim3,0.4865184742124829,0.9000322401725828,10000,10000,True,False,True,/content/cv3d-project/data/cache/reconstruction/predictions/03001627/1190af00b6c86c99c3bd24f986301745/06fb3c94c7d4fcb4f6ba3383.npz,552cfa8c903f41fd79fb5dbcd3bad3cffc9ed3602f079fed026e3062e1a8a0b4,/content/cv3d-project/data/cache/reconstruction/metrics/03001627/1190af00b6c86c99c3bd24f986301745/8f7fa88215df517d4f1b9c47.json,11.460803000318265
03001627/1190af00b6c86c99c3bd24f986301745,vggt,10,"[0, 26, 18, 25, 34, 44, 33, 41, 36, 40]",0.8283195531760545,0.8274067080022046,0.8264938628283547,0.0,0.0,0.0,1.9917726864461494,0.0,0.0,0.0,0.0,0.0,0.0,camera_pose_sim3,2.730221392251962,0.5370596866003087,10000,10000,True,False,True,/content/cv3d-project/data/cache/reconstruction/predictions/03001627/1190af00b6c86c99c3bd24f986301745/07d208374cbfb0fc352800ea.npz,ac1d96283db599b59d583fed96faba57f6cd31c32f183453e94b34f3f72f8754,/content/cv3d-project/data/cache/reconstruction/metrics/03001627/1190af00b6c86c99c3bd24f986301745/89b469a74d48a77c0dea4b06.json,11.708534000263171
03001627/1196ffab55e431e11b17743c18fb63dc,vggt,1,[0],2.3047956184506337,2.4238159401077244,2.5428362617648146,0.0,0.0,0.0,1.9917212318518176,0.0,0.0,0.0,0.0,0.0,0.0,camera_rotation_center_and_target_diameter_scale_single_view,7.851880633084224,0.0,10000,10000,True,True,True,/content/cv3d-project/data/cache/reconstruction/predictions/03001627/1196ffab55e431e11b17743c18fb63dc/78e2af8d7a51c540bfefdf26.npz,d7b8492569d1b3e458431cf75b553a42edc1989a2c374c79a36029e0ff11e138,/content/cv3d-project/data/cache/reconstruction/metrics/03001627/1196ffab55e431e11b17743c18fb63dc/57a006befe531462e386cfec.json,3.723753000031138
03001627/1196ffab55e431e11b17743c18fb63dc,vggt,2,"[0, 4]",0.24199209855313783,0.36674066866468785,0.49148923877623785,0.0,0.0,0.0,1.9917212318518176,0.0,0.0,0.0,0.0,0.0,0.0,camera_pose_sim3,1.7633767568370078,0.01478782882562339,10000,10000,True,False,True,/content/cv3d-project/data/cache/reconstruction/predictions/03001627/1196ffab55e431e11b17743c18fb63dc/11001dadf8bdd0799b8651ab.npz,f768a628034707eae21e572f591ee7e97d774a71cd4c563fab9d750e3ff98dd8,/content/cv3d-project/data/cache/reconstruction/metrics/03001627/1196ffab55e431e11b17743c18fb63dc/4ba554d54ae38d8737ccad53.json,11.239101000228402
03001627/1196ffab55e431e11b17743c18fb63dc,vggt,3,"[0, 4, 35]",0.07554642099373199,0.2400449242677238,0.40454342754171563,0.08610283937263385,0.002607843137254902,0.006909742441209407,1.9917212318518176,0.6937,0.019,0.0857,0.0459,0.0014,0.0036,camera_pose_sim3,1.2741449585955364,0.8987490904972506,10000,10000,True,False,True,/content/cv3d-project/data/cache/reconstruction/predictions/03001627/1196ffab55e431e11b17743c18fb63dc/14e23b816f2c66e2360b3acb.npz,f2d90beadaf779fc79da13e520c012cb810fa1f2a82479c476910ab655729584,/content/cv3d-project/data/cache/reconstruction/metrics/03001627/1196ffab55e431e11b17743c18fb63dc/a4a59709b01096656195a033.json,11.280669999905513
03001627/1196ffab55e431e11b17743c18fb63dc,vggt,5,"[0, 4, 35, 25, 33]",0.06360804495635564,0.2091255464001708,0.354643047843986,0.04247713865752083,0.0,0.0,1.9917212318518176,0.9988,0.0,0.0,0.0217,0.0,0.0,camera_pose_sim3,0.48817721338063846,1.229654800952153,10000,10000,True,False,True,/content/cv3d-project/data/cache/reconstruction/predictions/03001627/1196ffab55e431e11b17743c18fb63dc/02aad8d615c2388c6a61d8c6.npz,88c63cbe1f332c993dbe1dad943b355ebf90d966fe57de14976b16584ac1fc5c,/content/cv3d-project/data/cache/reconstruction/metrics/03001627/1196ffab55e431e11b17743c18fb63dc/ffae96ea3ecfd367baa56043.json,11.406644000089727
03001627/1196ffab55e431e11b17743c18fb63dc,vggt,10,"[0, 4, 35, 25, 33, 40, 18, 46, 43, 9]",0.034847434560122764,0.13979361099200005,0.24473978742387736,0.336613091779183,0.044267278617710584,0.07703244607618173,1.9917212318518176,0.9664,0.1595,0.3931,0.2038,0.0257,0.0427,camera_pose_sim3,2.3447613144859902,0.5204835691649236,10000,10000,True,False,True,/content/cv3d-project/data/cache/reconstruction/predictions/03001627/1196ffab55e431e11b17743c18fb63dc/0d45858e5fcedd7671c4d1ef.npz,546d55953fd43b439a3f460ef70e28c96ece9603c3543dce5f3c1095a3a7e796,/content/cv3d-project/data/cache/reconstruction/metrics/03001627/1196ffab55e431e11b17743c18fb63dc/0bf05ad14b97bfa7a1091a5a.json,11.998474999927566
03001627/11a06e6f68b1d99c8687ff9b0b4e4ac,vggt,1,[0],1.5250398070316216,1.6710009805126869,1.816962153993752,0.0,0.0,0.0,1.975539967010292,0.0,0.0,0.0,0.0,0.0,0.0,camera_rotation_center_and_target_diameter_scale_single_view,6.190288681400957,0.0,10000,10000,True,True,True,/content/cv3d-project/data/cache/reconstruction/predictions/03001627/11a06e6f68b1d99c8687ff9b0b4e4ac/ca9bd65d54e33b2c8dab366c.npz,7c877d36936ab4781dec26bf483d65825bc660716b0938aebce3002cdbc5bf76,/content/cv3d-project/data/cache/reconstruction/metrics/03001627/11a06e6f68b1d99c8687ff9b0b4e4ac/a64bb09419ff0d2b6419d4e9.json,3.8759959998060367
03001627/11a06e6f68b1d99c8687ff9b0b4e4ac,vggt,2,"[0, 5]",0.2881699401293118,0.3943341192040102,0.5004982982787085,0.0,0.0,0.0,1.975539967010292,0.0,0.0,0.0,0.0,0.0,0.0,camera_pose_sim3,1.6904330560815406,0.014979462252352667,10000,10000,True,False,True,/content/cv3d-project/data/cache/reconstruction/predictions/03001627/11a06e6f68b1d99c8687ff9b0b4e4ac/49a69427f2117f5c1d23b998.npz,4c4809ec3e000a9c631d8b96103759f7be6418288da71c13d51fc06269bddeba,/content/cv3d-project/data/cache/reconstruction/metrics/03001627/11a06e6f68b1d99c8687ff9b0b4e4ac/25699bde141724ab386fb987.json,11.484654000014416
03001627/11a06e6f68b1d99c8687ff9b0b4e4ac,vggt,3,"[0, 5, 31]",0.018836380063319648,0.08205013964865032,0.145263899233981,0.687147170802153,0.04142282900626678,0.12143626559852104,1.975539967010292,1.0,0.2003,0.5813,0.5234,0.0231,0.0678,camera_pose_sim3,2.4533608491006995,0.10231754443081696,10000,10000,True,False,True,/content/cv3d-project/data/cache/reconstruction/predictions/03001627/11a06e6f68b1d99c8687ff9b0b4e4ac/6fffdad9800d9941bb59395f.npz,cd3496e1a675a0f0848d07040fdc6aa6b7576c776aa80258570dd0e7ba63ee55,/content/cv3d-project/data/cache/reconstruction/metrics/03001627/11a06e6f68b1d99c8687ff9b0b4e4ac/f78005fcc354bcc115bc8a66.json,11.517453999658755
03001627/11a06e6f68b1d99c8687ff9b0b4e4ac,vggt,5,"[0, 5, 31, 23, 16]",0.016551726770931006,0.07226673241129562,0.12798173805166024,0.6555525678945953,0.09112214056040423,0.1681091460333502,1.975539967010292,1.0,0.3837,0.696,0.4876,0.0517,0.0956,camera_pose_sim3,2.470516877645209,0.05621213066866403,10000,10000,True,False,True,/content/cv3d-project/data/cache/reconstruction/predictions/03001627/11a06e6f68b1d99c8687ff9b0b4e4ac/e47a47593591f6ee05d84b46.npz,d5992f038699b42ff345f15266db1d2a95412976e10dd1ed9256a66b6851f4c1,/content/cv3d-project/data/cache/reconstruction/metrics/03001627/11a06e6f68b1d99c8687ff9b0b4e4ac/80384a50162c87e7ef54debd.json,11.526896000304987
03001627/11a06e6f68b1d99c8687ff9b0b4e4ac,vggt,10,"[0, 5, 31, 23, 16, 24, 32, 39, 17, 25]",0.020737917958400832,0.04303911845033026,0.0653403189422597,0.8776025590661654,0.12860990966329044,0.2720827784306045,1.975539967010292,1.0,0.282,0.589,0.7819,0.0833,0.1769,camera_pose_sim3,2.5514494963822982,0.0829259830379574,10000,10000,True,False,True,/content/cv3d-project/data/cache/reconstruction/predictions/03001627/11a06e6f68b1d99c8687ff9b0b4e4ac/2bbcb107662e0cc7b170e34b.npz,5ea0ac1ba666373013efea33bcb07b2662714977455c8b5acf8a10c682e14a88,/content/cv3d-project/data/cache/reconstruction/metrics/03001627/11a06e6f68b1d99c8687ff9b0b4e4ac/8065fb7042c84b80e00a7c41.json,11.95003100019676
03001627/11b7c86fc42306ec7e7e25239e7b8f85,vggt,1,[0],1.9386403870764128,2.0928511967918397,2.2470620065072664,0.0,0.0,0.0,1.9999976313409265,0.0,0.0,0.0,0.0,0.0,0.0,camera_rotation_center_and_target_diameter_scale_single_view,7.222623829957177,0.0,10000,10000,True,True,True,/content/cv3d-project/data/cache/reconstruction/predictions/03001627/11b7c86fc42306ec7e7e25239e7b8f85/6195660f7ff3e58be2d5349d.npz,d1baa512b193f70d69458a73002a627cec088445e3cdc61676caf72ebc79abc2,/content/cv3d-project/data/cache/reconstruction/metrics/03001627/11b7c86fc42306ec7e7e25239e7b8f85/3de0f6a867e49462e4cf041f.json,3.7742710001111845
03001627/11b7c86fc42306ec7e7e25239e7b8f85,vggt,2,"[0, 17]",0.08301706758311882,0.1752618876046134,0.26750670762610795,0.1600860479409957,0.0013387755102040816,0.004293785310734464,1.9999976313409265,0.7235,0.0041,0.0152,0.09,0.0008,0.0025,camera_pose_sim3,2.3893908769323664,0.8120422253524366,10000,10000,True,False,True,/content/cv3d-project/data/cache/reconstruction/predictions/03001627/11b7c86fc42306ec7e7e25239e7b8f85/091b6202ba3cff62e4f09d43.npz,4b50e7f11b35066c6c6965b26e1e8392d353b9b4d0441467622ec077012933d9,/content/cv3d-project/data/cache/reconstruction/metrics/03001627/11b7c86fc42306ec7e7e25239e7b8f85/6ee42209791012d83adeab31.json,12.101162999897497
03001627/11b7c86fc42306ec7e7e25239e7b8f85,vggt,3,"[0, 17, 24]",0.12884077787604106,0.23665301217059903,0.344465246465157,0.050740393578456756,0.0,0.0,1.9999976313409265,0.3589,0.0,0.0,0.0273,0.0,0.0,camera_pose_sim3,2.5662103663830615,0.7532880425531091,10000,10000,True,False,True,/content/cv3d-project/data/cache/reconstruction/predictions/03001627/11b7c86fc42306ec7e7e25239e7b8f85/6d87827a915fad3a369f2649.npz,2126ed3a14e26da6ee6de181a339c2e31bfdce4a47ffbd40654086ef8e40d291,/content/cv3d-project/data/cache/reconstruction/metrics/03001627/11b7c86fc42306ec7e7e25239e7b8f85/e78f918f8eefd08ea94029ec.json,11.56971499995052
03001627/11b7c86fc42306ec7e7e25239e7b8f85,vggt,5,"[0, 17, 24, 45, 38]",0.35647780198607926,0.5411175937576673,0.7257573855292554,0.0,0.0,0.0,1.9999976313409265,0.0,0.0,0.0,0.0,0.0,0.0,camera_pose_sim3,1.1506904668303943,1.070505144363004,10000,10000,True,False,True,/content/cv3d-project/data/cache/reconstruction/predictions/03001627/11b7c86fc42306ec7e7e25239e7b8f85/d62e24da9e58c5bc4d020630.npz,8b54105f8564d8169c2c023a262e8d24d2772a9eed7aa5d05eef14ecd831d1e0,/content/cv3d-project/data/cache/reconstruction/metrics/03001627/11b7c86fc42306ec7e7e25239e7b8f85/47f4bd9aa45d3cc29c33f5a8.json,11.52398100020946
03001627/11b7c86fc42306ec7e7e25239e7b8f85,vggt,10,"[0, 17, 24, 45, 38, 5, 31, 39, 34, 41]",0.18875555697239585,0.27314337654657816,0.3575311961207605,0.0,0.0,0.0,1.9999976313409265,0.0,0.0,0.0,0.0,0.0,0.0,camera_pose_sim3,1.7510954723247174,0.8562999958847198,10000,10000,True,False,True,/content/cv3d-project/data/cache/reconstruction/predictions/03001627/11b7c86fc42306ec7e7e25239e7b8f85/b62f22c925c05c655349599f.npz,1396389b4eb93ce389c13dcfba78957bb2c51751d5ef4c53281d784f555ab1bb,/content/cv3d-project/data/cache/reconstruction/metrics/03001627/11b7c86fc42306ec7e7e25239e7b8f85/8b1df532aa7aec74f2b8619f.json,11.99336299987408
03001627/11c7675a3dbc0d32f7287e3d21227e43,vggt,1,[0],0.8239434459381846,0.9060940011477805,0.9882445563573765,0.0,0.0,0.0,1.9999476015643616,0.0,0.0,0.0,0.0,0.0,0.0,camera_rotation_center_and_target_diameter_scale_single_view,4.647111922848353,0.0,10000,10000,True,True,True,/content/cv3d-project/data/cache/reconstruction/predictions/03001627/11c7675a3dbc0d32f7287e3d21227e43/8e06398c3a77df0db2612265.npz,626ff5b072792f1f3bc292aac6be68a02d8b1e1735794c684cc0584a7afd9d9d,/content/cv3d-project/data/cache/reconstruction/metrics/03001627/11c7675a3dbc0d32f7287e3d21227e43/0ab43120adbef2f101038bf3.json,3.7594400000671158
03001627/11c7675a3dbc0d32f7287e3d21227e43,vggt,2,"[0, 26]",0.7813817534625546,0.8950198236648175,1.0086578938670803,0.0,0.0,0.0,1.9999476015643616,0.0,0.0,0.0,0.0,0.0,0.0,camera_pose_sim3,1.588592865423086,0.48947602509134563,10000,10000,True,False,True,/content/cv3d-project/data/cache/reconstruction/predictions/03001627/11c7675a3dbc0d32f7287e3d21227e43/4569eb46aa88fc4a22dcabde.npz,e66f7a858ffb865110f0b1fe89016f062cff6061946e142337958f58d1bbcba9,/content/cv3d-project/data/cache/reconstruction/metrics/03001627/11c7675a3dbc0d32f7287e3d21227e43/446c6e7a574df7f72e00b799.json,11.412325000037526
03001627/11c7675a3dbc0d32f7287e3d21227e43,vggt,3,"[0, 26, 18]",0.38739751461463595,0.5164764980800077,0.6455554815453795,0.0,0.0,0.0,1.9999476015643616,0.0,0.0,0.0,0.0,0.0,0.0,camera_pose_sim3,1.2205306342064939,0.7485105259985695,10000,10000,True,False,True,/content/cv3d-project/data/cache/reconstruction/predictions/03001627/11c7675a3dbc0d32f7287e3d21227e43/f23422f00b254f40f2908c4a.npz,fc40c8bef18cb19a7f4d5e1fb55acf798e497ee9f1ad08493002b34fbe6eb23c,/content/cv3d-project/data/cache/reconstruction/metrics/03001627/11c7675a3dbc0d32f7287e3d21227e43/c23f63548a6f46d5e04e25c5.json,11.283569999704923
03001627/11c7675a3dbc0d32f7287e3d21227e43,vggt,5,"[0, 26, 18, 34, 25]",0.20172698313490176,0.26266474749285285,0.32360251185080396,0.0,0.0,0.0,1.9999476015643616,0.0,0.0,0.0,0.0,0.0,0.0,camera_pose_sim3,1.3378845016734549,0.8652674991023347,10000,10000,True,False,True,/content/cv3d-project/data/cache/reconstruction/predictions/03001627/11c7675a3dbc0d32f7287e3d21227e43/b2034ec2d3a131997970a654.npz,6a8428cba1b31c729bdd7247dc87d5f03374bce8981a32b75dfe1709eecaa6a0,/content/cv3d-project/data/cache/reconstruction/metrics/03001627/11c7675a3dbc0d32f7287e3d21227e43/e80c451cc6d5f67794d3e94b.json,11.503086000175244
03001627/11c7675a3dbc0d32f7287e3d21227e43,vggt,10,"[0, 26, 18, 34, 25, 33, 41, 40, 32, 39]",0.26585259172259446,0.3644371442987676,0.4630216968749407,0.0,0.0,0.0,1.9999476015643616,0.0,0.0,0.0,0.0,0.0,0.0,camera_pose_sim3,1.4428395969448897,0.8474852325543523,10000,10000,True,False,True,/content/cv3d-project/data/cache/reconstruction/predictions/03001627/11c7675a3dbc0d32f7287e3d21227e43/4c97240592e6b4354596c3f6.npz,ceb488a012e46fb1aad95dca58ccb2b98385afe0cbcf4a952a46ed23fe14114c,/content/cv3d-project/data/cache/reconstruction/metrics/03001627/11c7675a3dbc0d32f7287e3d21227e43/55394efb848f815b2e8c7684.json,12.514600999566028
03001627/11c8f43ef796e23941e621b1a4bf507f,vggt,1,[0],1.2668928870178435,1.3834268995215515,1.4999609120252597,0.0,0.0,0.0,1.9895706468960497,0.0,0.0,0.0,0.0,0.0,0.0,camera_rotation_center_and_target_diameter_scale_single_view,5.89183435497172,0.0,10000,10000,True,True,True,/content/cv3d-project/data/cache/reconstruction/predictions/03001627/11c8f43ef796e23941e621b1a4bf507f/2bf3ee585e6ee12a68c5c3ce.npz,a8578f25414feb571974c78d589f3cd924b0398e01f22d9124a3a0665f561c47,/content/cv3d-project/data/cache/reconstruction/metrics/03001627/11c8f43ef796e23941e621b1a4bf507f/af27a96b3a80dcce34b9817a.json,3.7971699998706754
03001627/11c8f43ef796e23941e621b1a4bf507f,vggt,2,"[0, 4]",0.3086790823875256,0.4128134022802685,0.5169477221730114,0.0,0.0,0.0,1.9895706468960497,0.0,0.0,0.0,0.0,0.0,0.0,camera_pose_sim3,1.6002992974754275,0.02761647658339908,10000,10000,True,True,True,/content/cv3d-project/data/cache/reconstruction/predictions/03001627/11c8f43ef796e23941e621b1a4bf507f/4af26137eb36b9f8617fbbe6.npz,cccfe9d24b147bba49fd92ec43749a6d629b28c1de8c22af330890fda4554dc1,/content/cv3d-project/data/cache/reconstruction/metrics/03001627/11c8f43ef796e23941e621b1a4bf507f/7292fd321285df95e24ededa.json,2.4478620002810203
03001627/11c8f43ef796e23941e621b1a4bf507f,vggt,3,"[0, 4, 35]",0.02432660752692469,0.06430534884167324,0.1042840901564218,0.7035716600764892,0.04388483775811209,0.12974294523032281,1.9895706468960497,1.0,0.1436,0.4763,0.5427,0.0259,0.0751,camera_pose_sim3,2.5205985030460827,0.08978454602111617,10000,10000,True,False,True,/content/cv3d-project/data/cache/reconstruction/predictions/03001627/11c8f43ef796e23941e621b1a4bf507f/2c296d68c885cbcf168b3669.npz,ba3ae18f6bfdb25551d6c39635ad6117fb84226a559b39232dcbfb1a2c0ed805,/content/cv3d-project/data/cache/reconstruction/metrics/03001627/11c8f43ef796e23941e621b1a4bf507f/77da2a80eb9dd60b5fcd501f.json,11.595063000186201
03001627/11c8f43ef796e23941e621b1a4bf507f,vggt,5,"[0, 4, 35, 42, 34]",0.09277925932994183,0.17954581216004245,0.2663123649901431,0.20404642615862723,0.013107264296754252,0.02836251993620414,1.9895706468960497,0.6179,0.0573,0.1091,0.1222,0.0074,0.0163,camera_pose_sim3,1.9737308292752227,0.6795658034208854,10000,10000,True,False,True,/content/cv3d-project/data/cache/reconstruction/predictions/03001627/11c8f43ef796e23941e621b1a4bf507f/ce652cf8c4362867d0c0ee7e.npz,b527693b6cb08168ca4221ded21affe91cf86233915b2ef87c47c776ed3a0797,/content/cv3d-project/data/cache/reconstruction/metrics/03001627/11c8f43ef796e23941e621b1a4bf507f/3651c6d7050ac41aa3af7309.json,11.53609899984076
03001627/11c8f43ef796e23941e621b1a4bf507f,vggt,10,"[0, 4, 35, 42, 34, 25, 47, 43, 26, 18]",0.14753372336786558,0.20116105701015194,0.2547883906524383,0.14683656990323657,0.0057798816568047345,0.015564032697547685,1.9895706468960497,0.1711,0.0132,0.0255,0.1286,0.0037,0.0112,camera_pose_sim3,2.1579754355822094,0.722249020046474,10000,10000,True,False,True,/content/cv3d-project/data/cache/reconstruction/predictions/03001627/11c8f43ef796e23941e621b1a4bf507f/2870e75c3074d1cdaa826343.npz,accff1e16ba1a0be162fa8c1831e2e2b896fdf3d4f74ea34d0504c722c9d4748,/content/cv3d-project/data/cache/reconstruction/metrics/03001627/11c8f43ef796e23941e621b1a4bf507f/b4edbfbcbc6a419a0e1bce2b.json,11.959880999711459
03001627/11c9c57efad0b5ec297936c81e7f6629,vggt,1,[0],3.247777412840963,3.375701463198504,3.503625513556045,0.0,0.0,0.0,1.9985468105529862,0.0,0.0,0.0,0.0,0.0,0.0,camera_rotation_center_and_target_diameter_scale_single_view,9.766195356493691,0.0,10000,10000,True,True,True,/content/cv3d-project/data/cache/reconstruction/predictions/03001627/11c9c57efad0b5ec297936c81e7f6629/a7dfd7e5f4aa70486fc32873.npz,aaacd3b96c4ae06a8c74093d53434e8e6f69722d1fadf997ee595bd35b9a96e9,/content/cv3d-project/data/cache/reconstruction/metrics/03001627/11c9c57efad0b5ec297936c81e7f6629/1e39121757f62a94cbabef4d.json,3.7727829999312235
03001627/11c9c57efad0b5ec297936c81e7f6629,vggt,2,"[0, 5]",0.23632777580661385,0.32097168837963963,0.40561560095266547,0.0,0.0,0.0,1.9985468105529862,0.0,0.0,0.0,0.0,0.0,0.0,camera_pose_sim3,1.9061273903278728,0.014617635742343463,10000,10000,True,False,True,/content/cv3d-project/data/cache/reconstruction/predictions/03001627/11c9c57efad0b5ec297936c81e7f6629/dc0df5f5197d93707db6756a.npz,452fb8691f65cb958967a6e21f2a4746bebf7406b1a72f164c593de8c8c5c7ab,/content/cv3d-project/data/cache/reconstruction/metrics/03001627/11c9c57efad0b5ec297936c81e7f6629/b97d055d85a0c28ea0ed9df2.json,11.461399999916466
03001627/11c9c57efad0b5ec297936c81e7f6629,vggt,3,"[0, 5, 31]",0.0423002891560756,0.1179691502813027,0.1936380114065298,0.5265949609547664,0.004414864864864866,0.013345054945054944,1.9985468105529862,1.0,0.0121,0.0276,0.3574,0.0027,0.0088,camera_pose_sim3,2.310121688943454,0.06758612688718156,10000,10000,True,False,True,/content/cv3d-project/data/cache/reconstruction/predictions/03001627/11c9c57efad0b5ec297936c81e7f6629/0f04c3112f0c196dd8d056e3.npz,3198d5a17727ef84663bb3e73c3abedd786233f91e9b481363896bb260084d21,/content/cv3d-project/data/cache/reconstruction/metrics/03001627/11c9c57efad0b5ec297936c81e7f6629/300b0ab41588fc566bdabc56.json,11.893203999989055
03001627/11c9c57efad0b5ec297936c81e7f6629,vggt,5,"[0, 5, 31, 23, 16]",0.02330297082533401,0.08640011047815002,0.14949725013096604,0.601496398853227,0.09379995711835334,0.1504058512046598,1.9985468105529862,1.0,0.4135,0.6707,0.4301,0.0529,0.0847,camera_pose_sim3,2.42942609976276,0.0879898327277055,10000,10000,True,False,True,/content/cv3d-project/data/cache/reconstruction/predictions/03001627/11c9c57efad0b5ec297936c81e7f6629/ab4e279c195ae31a1c735913.npz,ce99ab5af16817823903d15d4502196ab8690842b469e90a5ec206d2a921e683,/content/cv3d-project/data/cache/reconstruction/metrics/03001627/11c9c57efad0b5ec297936c81e7f6629/f058bf5e2a2873ec4ee08484.json,12.127269000302476
03001627/11c9c57efad0b5ec297936c81e7f6629,vggt,10,"[0, 5, 31, 23, 16, 24, 32, 33, 40, 39]",0.01941621307919705,0.04301714050003546,0.06661806792087387,0.8621989631402039,0.1194615228426396,0.2794351100244499,1.9985468105529862,0.9941,0.2124,0.6392,0.7612,0.0831,0.1788,camera_pose_sim3,2.5610255235382082,0.09871776406221848,10000,10000,True,False,True,/content/cv3d-project/data/cache/reconstruction/predictions/03001627/11c9c57efad0b5ec297936c81e7f6629/187c8326f93ba4147d9369ae.npz,931ef29a7f5a0ea66eb6a1e6b8d8b7578f162a5773c25c92031e82e9b2f25c42,/content/cv3d-project/data/cache/reconstruction/metrics/03001627/11c9c57efad0b5ec297936c81e7f6629/e4735f79886f13b8751ab887.json,12.019993000194518
03001627/11d3fc4092e616a7a6fee8e2140acec9,vggt,1,[0],1.5855010142788006,1.700064599102015,1.8146281839252292,0.0,0.0,0.0,1.9923821151268886,0.0,0.0,0.0,0.0,0.0,0.0,camera_rotation_center_and_target_diameter_scale_single_view,6.36288094525361,0.0,10000,10000,True,True,True,/content/cv3d-project/data/cache/reconstruction/predictions/03001627/11d3fc4092e616a7a6fee8e2140acec9/5c0976ae75d0c0653a395101.npz,b17719b61fcccfe6e7cd038a3b95d190077b6f5452047145b584c110ac2cce55,/content/cv3d-project/data/cache/reconstruction/metrics/03001627/11d3fc4092e616a7a6fee8e2140acec9/cf1ad872218639fa242655fd.json,3.8461069998447783
03001627/11d3fc4092e616a7a6fee8e2140acec9,vggt,2,"[0, 4]",0.2410202787715777,0.33348036831852057,0.4259404578654635,0.0,0.0,0.0,1.9923821151268886,0.0,0.0,0.0,0.0,0.0,0.0,camera_pose_sim3,1.809385631835299,0.024742281711272147,10000,10000,True,False,True,/content/cv3d-project/data/cache/reconstruction/predictions/03001627/11d3fc4092e616a7a6fee8e2140acec9/d7002253e1d33e52e0a7df2a.npz,888dbd9591bea4b93ed14e17a05b69a59087223400f7e33621eb4527c02b8409,/content/cv3d-project/data/cache/reconstruction/metrics/03001627/11d3fc4092e616a7a6fee8e2140acec9/99475ae1eb8c4c2143cd0d11.json,12.29214300019521
03001627/11d3fc4092e616a7a6fee8e2140acec9,vggt,3,"[0, 4, 25]",0.23601851746603997,0.33344867202860706,0.4308788265911742,0.0,0.0,0.0,1.9923821151268886,0.0,0.0,0.0,0.0,0.0,0.0,camera_pose_sim3,2.3064348078533747,0.6234654034607997,10000,10000,True,False,True,/content/cv3d-project/data/cache/reconstruction/predictions/03001627/11d3fc4092e616a7a6fee8e2140acec9/b66ffd1d31f3bdafedd3de0d.npz,927e48caf8ef89e6eed8f41dd1218dd998d4b28bc11cbf66a2bb1d79cedfddce,/content/cv3d-project/data/cache/reconstruction/metrics/03001627/11d3fc4092e616a7a6fee8e2140acec9/7290bd26e229c9d72a38e2b8.json,11.636465999799839
03001627/11d3fc4092e616a7a6fee8e2140acec9,vggt,5,"[0, 4, 25, 33, 40]",0.04860343723420032,0.19309370653443583,0.33758397583467137,0.04639455203234731,0.017844241316270566,0.025426845058264994,1.9923821151268886,0.916,0.0996,0.2182,0.0238,0.0098,0.0135,camera_pose_sim3,1.8934272413325428,0.9359113286898596,10000,10000,True,False,True,/content/cv3d-project/data/cache/reconstruction/predictions/03001627/11d3fc4092e616a7a6fee8e2140acec9/b9c8ca52d445671339646c31.npz,27db370fa9d9b3f4da3a56d8d68fe77e338d27a67d53cc55eabba47535c418d5,/content/cv3d-project/data/cache/reconstruction/metrics/03001627/11d3fc4092e616a7a6fee8e2140acec9/3c7fa48631ce9d65ca40e7bd.json,12.180743000044458
03001627/11d3fc4092e616a7a6fee8e2140acec9,vggt,10,"[0, 4, 25, 33, 40, 46, 32, 24, 17, 39]",0.12218168115325151,0.22447146855383132,0.32676125595441113,0.08822710653498633,0.0,0.0006666666666666666,1.9923821151268886,0.4267,0.0,0.002,0.0492,0.0,0.0004,camera_pose_sim3,1.6880136171910993,0.868391462203199,10000,10000,True,False,True,/content/cv3d-project/data/cache/reconstruction/predictions/03001627/11d3fc4092e616a7a6fee8e2140acec9/142bc2f940cf967bd5698a8b.npz,c5c617a3b03f94965f2966d6e91622d2cbe8e99cf5541ef44e11b934a2e8d812,/content/cv3d-project/data/cache/reconstruction/metrics/03001627/11d3fc4092e616a7a6fee8e2140acec9/9f1d4530e6d0a406dc08eeeb.json,12.949314000252343
03001627/11d4f2a09184ec972b9f810ad7f5cbd2,vggt,1,[0],0.2906182328864872,0.40013506325338055,0.5096518936202739,0.0,0.0,0.0,1.9999986190167116,0.0,0.0,0.0,0.0,0.0,0.0,camera_rotation_center_and_target_diameter_scale_single_view,3.764217253049343,0.0,10000,10000,True,True,True,/content/cv3d-project/data/cache/reconstruction/predictions/03001627/11d4f2a09184ec972b9f810ad7f5cbd2/057f7acdc2b54fbb1b12cb86.npz,9a595dd3612c54e8ac2d146c266ee5e6b04122542db4433339d42b9c3d6afa56,/content/cv3d-project/data/cache/reconstruction/metrics/03001627/11d4f2a09184ec972b9f810ad7f5cbd2/efb311132184b99236a240f1.json,3.8457840000774013
03001627/11d4f2a09184ec972b9f810ad7f5cbd2,vggt,2,"[0, 17]",0.14788785357540254,0.2166837683426776,0.2854796831099527,0.10621510312707919,0.0015096774193548385,0.0032878787878787875,1.9999986190167116,0.2317,0.0018,0.0035,0.0689,0.0013,0.0031,camera_pose_sim3,1.6237936094906604,0.6905928556740346,10000,10000,True,False,True,/content/cv3d-project/data/cache/reconstruction/predictions/03001627/11d4f2a09184ec972b9f810ad7f5cbd2/a1ce63d9a4c9da585990f1de.npz,6ceaf4a5e4231bc70e121eec017905f3049a35ac338928c29e53207a882406cb,/content/cv3d-project/data/cache/reconstruction/metrics/03001627/11d4f2a09184ec972b9f810ad7f5cbd2/1ddcaeae5ee55e0101f0365c.json,11.472856999716896
03001627/11d4f2a09184ec972b9f810ad7f5cbd2,vggt,3,"[0, 17, 25]",0.545751650469004,0.6158908685925413,0.6860300867160785,0.0,0.0,0.0,1.9999986190167116,0.0,0.0,0.0,0.0,0.0,0.0,camera_pose_sim3_positive_scale_fallback,1.6758446122845658,1.3536171926754674,10000,10000,True,False,True,/content/cv3d-project/data/cache/reconstruction/predictions/03001627/11d4f2a09184ec972b9f810ad7f5cbd2/6f03ce2f7a09665d04eeb026.npz,cf19ee5f383cc19ef742010c167dfd3ac3ddec716c27003563ae73ccfda0ac96,/content/cv3d-project/data/cache/reconstruction/metrics/03001627/11d4f2a09184ec972b9f810ad7f5cbd2/3c06d1f21b5869f6a328ddb4.json,11.929696000152035
03001627/11d4f2a09184ec972b9f810ad7f5cbd2,vggt,5,"[0, 17, 25, 24, 33]",0.17815190933976685,0.28675799500679183,0.3953640806738168,0.006042857142857143,0.0,0.0,1.9999986190167116,0.0188,0.0,0.0,0.0036,0.0,0.0,camera_pose_sim3,1.0558643576202935,0.8975464245916028,10000,10000,True,False,True,/content/cv3d-project/data/cache/reconstruction/predictions/03001627/11d4f2a09184ec972b9f810ad7f5cbd2/e1f71a08b364166bd9bec097.npz,e2156d4c5a29603740a3045b7f0e39b73c462e7f04a6c59ffdce04926e7862fe,/content/cv3d-project/data/cache/reconstruction/metrics/03001627/11d4f2a09184ec972b9f810ad7f5cbd2/11df884d7f3349a4cacbd1a7.json,11.557274000097095
03001627/11d4f2a09184ec972b9f810ad7f5cbd2,vggt,10,"[0, 17, 25, 24, 33, 41, 46, 34, 32, 39]",0.35980890203810373,0.5478504655712105,0.7358920291043174,0.0,0.0,0.0,1.9999986190167116,0.0,0.0,0.0,0.0,0.0,0.0,camera_pose_sim3,0.270022409730936,1.04681522593165,10000,10000,True,False,True,/content/cv3d-project/data/cache/reconstruction/predictions/03001627/11d4f2a09184ec972b9f810ad7f5cbd2/2b576967fcd7488864cfa81e.npz,a5c212885553f39d5cc8948a7066bb422d12584069c16aab6665118685d2f837,/content/cv3d-project/data/cache/reconstruction/metrics/03001627/11d4f2a09184ec972b9f810ad7f5cbd2/8a297b43a97a039c3aaf8ae0.json,12.61161100001118
03001627/11d8814ed60b54002449009b96f8a6ed,vggt,1,[0],1.9635207092140698,2.085195711079815,2.2068707129455603,0.0,0.0,0.0,1.9941649043972143,0.0,0.0,0.0,0.0,0.0,0.0,camera_rotation_center_and_target_diameter_scale_single_view,7.150912957721432,0.0,10000,10000,True,True,True,/content/cv3d-project/data/cache/reconstruction/predictions/03001627/11d8814ed60b54002449009b96f8a6ed/fa1502c3bba63350f621e51c.npz,ba0e4e1ed768dbe3a3e400a06a94bc09c256d2de15fa91c969931afe46509792,/content/cv3d-project/data/cache/reconstruction/metrics/03001627/11d8814ed60b54002449009b96f8a6ed/dfbeafaa96a0c491549869cf.json,4.302971000015532
03001627/11d8814ed60b54002449009b96f8a6ed,vggt,2,"[0, 4]",0.08226258254101462,0.14501863987389593,0.20777469720677724,0.3235543590627154,9.999999999999999e-05,0.001411764705882353,1.9941649043972143,0.9665,0.0001,0.0024,0.1943,0.0001,0.001,camera_pose_sim3,2.353171539511616,0.0047566058209918575,10000,10000,True,False,True,/content/cv3d-project/data/cache/reconstruction/predictions/03001627/11d8814ed60b54002449009b96f8a6ed/9a3af37c5e655c450760c2a3.npz,527903348c48ff0ced8ba306ad0e860ff151d521a8f4f77592651620bca6e240,/content/cv3d-project/data/cache/reconstruction/metrics/03001627/11d8814ed60b54002449009b96f8a6ed/8889c02419734e8549b61118.json,12.150035000104253
03001627/11d8814ed60b54002449009b96f8a6ed,vggt,3,"[0, 4, 25]",0.20090832572925613,0.2698249432606502,0.3387415607920443,0.06320604810996562,0.0,0.0,1.9941649043972143,0.0991,0.0,0.0,0.0464,0.0,0.0,camera_pose_sim3,2.7926413627277054,0.5784594045153428,10000,10000,True,False,True,/content/cv3d-project/data/cache/reconstruction/predictions/03001627/11d8814ed60b54002449009b96f8a6ed/f38ab4802950c895d413fd0a.npz,7010718efe2d59c699fd9aadb90fcc2924cb9c1d5f28bb13c628043b5340b240,/content/cv3d-project/data/cache/reconstruction/metrics/03001627/11d8814ed60b54002449009b96f8a6ed/bd02f97de5a724e8e32f88d8.json,11.669916000300873
03001627/11d8814ed60b54002449009b96f8a6ed,vggt,5,"[0, 4, 25, 33, 40]",0.31873013422972163,0.39418258243734383,0.469635030644966,0.0,0.0,0.0,1.9941649043972143,0.0,0.0,0.0,0.0,0.0,0.0,camera_pose_sim3,2.6692725453384774,0.5813456838435123,10000,10000,True,False,True,/content/cv3d-project/data/cache/reconstruction/predictions/03001627/11d8814ed60b54002449009b96f8a6ed/dea2ca9cdf47dd035695f425.npz,dc6e6e8a7ee80c69dc35b0f8f07be67a50ad6a3d5cd81409320d799646b1f2eb,/content/cv3d-project/data/cache/reconstruction/metrics/03001627/11d8814ed60b54002449009b96f8a6ed/d22f36990a56c6b49a91d69f.json,11.597156999869185
03001627/11d8814ed60b54002449009b96f8a6ed,vggt,10,"[0, 4, 25, 33, 40, 46, 18, 32, 24, 39]",0.07170494420808196,0.13589583331631494,0.2000867224245479,0.2894157447278348,0.06091890331890331,0.10160537761961248,1.9941649043972143,0.7249,0.0934,0.1825,0.1808,0.0452,0.0704,camera_pose_sim3,2.6286679662201324,0.4307287069463589,10000,10000,True,False,True,/content/cv3d-project/data/cache/reconstruction/predictions/03001627/11d8814ed60b54002449009b96f8a6ed/9fb80479f40e5899e0c3e017.npz,1b1968b29367405cbad01d343b60644494be9199a902f09a54d018ad57ee3167,/content/cv3d-project/data/cache/reconstruction/metrics/03001627/11d8814ed60b54002449009b96f8a6ed/96685aba245be88935635ed9.json,11.918489999970916
03001627/11d9817e65d7ead6b87028a4b477349f,vggt,1,[0],0.8129267687124114,0.9263962541106303,1.039865739508849,0.0,0.0,0.0,1.9976271854980054,0.0,0.0,0.0,0.0,0.0,0.0,camera_rotation_center_and_target_diameter_scale_single_view,4.948500264247369,0.0,10000,10000,True,True,True,/content/cv3d-project/data/cache/reconstruction/predictions/03001627/11d9817e65d7ead6b87028a4b477349f/a439750782ecea4252539424.npz,68b4e01df3dc930e02c383a71badfd4ccaaea3390a6459eea235f4bab99281c9,/content/cv3d-project/data/cache/reconstruction/metrics/03001627/11d9817e65d7ead6b87028a4b477349f/88a3fd2edf3c30e050089967.json,3.902406000179326
03001627/11d9817e65d7ead6b87028a4b477349f,vggt,2,"[0, 16]",0.8784139446982695,1.0170781340792487,1.1557423234602278,0.0,0.0,0.0,1.9976271854980054,0.0,0.0,0.0,0.0,0.0,0.0,camera_pose_sim3_positive_scale_fallback,2.830238635493975,3.846055323345367e-16,10000,10000,True,False,True,/content/cv3d-project/data/cache/reconstruction/predictions/03001627/11d9817e65d7ead6b87028a4b477349f/b59d033d0fd7de8b03979154.npz,87bd73a24519d02c48069094a30b6d1068e89f6e31b4f169a8a5cb2049878d42,/content/cv3d-project/data/cache/reconstruction/metrics/03001627/11d9817e65d7ead6b87028a4b477349f/2dd7eade71140f8e25cd8e69.json,12.394002999826625
03001627/11d9817e65d7ead6b87028a4b477349f,vggt,3,"[0, 16, 23]",0.5161916968094566,0.6737047034417489,0.8312177100740411,0.0,0.0,0.0,1.9976271854980054,0.0,0.0,0.0,0.0,0.0,0.0,camera_pose_sim3,1.8783592991137243,0.7141823725975838,10000,10000,True,False,True,/content/cv3d-project/data/cache/reconstruction/predictions/03001627/11d9817e65d7ead6b87028a4b477349f/965be1acae886c421eb6e506.npz,b893d8a1614d4c3cdb1f6d382463eb38cd561e6f2a612508f7d6cc2b35264d39,/content/cv3d-project/data/cache/reconstruction/metrics/03001627/11d9817e65d7ead6b87028a4b477349f/df9509aabd33ba2093d8948c.json,12.265287999980501
03001627/11d9817e65d7ead6b87028a4b477349f,vggt,5,"[0, 16, 23, 24, 32]",0.5272092756865814,0.6570284005726221,0.786847525458663,0.0,0.0,0.0,1.9976271854980054,0.0,0.0,0.0,0.0,0.0,0.0,camera_pose_sim3,2.2863475510464517,0.6412899180933695,10000,10000,True,False,True,/content/cv3d-project/data/cache/reconstruction/predictions/03001627/11d9817e65d7ead6b87028a4b477349f/04625f8f622971234e0c26af.npz,986a04c6128e42078040e102f1fea820f14ee90b72e5c0451b16ef08eea576d1,/content/cv3d-project/data/cache/reconstruction/metrics/03001627/11d9817e65d7ead6b87028a4b477349f/735872235958a992f57d66ad.json,11.563559000023815
03001627/11d9817e65d7ead6b87028a4b477349f,vggt,10,"[0, 16, 23, 24, 32, 33, 40, 31, 39, 25]",0.14125813174978846,0.31118099012792566,0.4811038485060629,0.004171698113207547,0.0,0.0,1.9976271854980054,0.0402,0.0,0.0,0.0022,0.0,0.0,camera_pose_sim3,0.7970049832185122,0.9539701400703322,10000,10000,True,False,True,/content/cv3d-project/data/cache/reconstruction/predictions/03001627/11d9817e65d7ead6b87028a4b477349f/3fda0340ee5f878c0d9e1ba5.npz,fccaf640423e450b088c35a8390cc6263866b84357dfed133eb6be034bf956f3,/content/cv3d-project/data/cache/reconstruction/metrics/03001627/11d9817e65d7ead6b87028a4b477349f/089542744e53352016cddd0e.json,11.837472000024718
03001627/11dac7c4d7e4b32af9aec59741c69cf7,vggt,1,[0],1.356685946517795,1.5253322451907243,1.6939785438636537,0.0,0.0,0.0,1.9985704605621124,0.0,0.0,0.0,0.0,0.0,0.0,camera_rotation_center_and_target_diameter_scale_single_view,6.0478952655929765,0.0,10000,10000,True,True,True,/content/cv3d-project/data/cache/reconstruction/predictions/03001627/11dac7c4d7e4b32af9aec59741c69cf7/f62d313971d6664c75737eaf.npz,f531af3f74cd6699050b774b04a797c462bf692f848932487ff280be4586f91d,/content/cv3d-project/data/cache/reconstruction/metrics/03001627/11dac7c4d7e4b32af9aec59741c69cf7/8d2822b7957ce5f50366b5ad.json,3.89405700025236
03001627/11dac7c4d7e4b32af9aec59741c69cf7,vggt,2,"[0, 25]",0.054542634897006094,0.23007418299692975,0.4056057310968534,0.045532999213836474,0.0011558282208588956,0.0035157347204161247,1.9985704605621124,0.9943,0.0157,0.0751,0.0233,0.0006,0.0018,camera_pose_sim3,0.6180663894750382,1.1061631488883372,10000,10000,True,False,True,/content/cv3d-project/data/cache/reconstruction/predictions/03001627/11dac7c4d7e4b32af9aec59741c69cf7/b24c4c64e315804522082bb8.npz,8643be70eb556f970d6aaa21c5ab2f49096fdc31250fdd99ccebec3c1d246d2d,/content/cv3d-project/data/cache/reconstruction/metrics/03001627/11dac7c4d7e4b32af9aec59741c69cf7/966fa50b0457ae7cd50dfe28.json,11.654882000129874
03001627/11dac7c4d7e4b32af9aec59741c69cf7,vggt,3,"[0, 25, 44]",0.3407323067986024,0.4423051658522138,0.5438780249058252,0.0,0.0,0.0,1.9985704605621124,0.0,0.0,0.0,0.0,0.0,0.0,camera_pose_sim3,2.016687888278403,0.777424628861602,10000,10000,True,False,True,/content/cv3d-project/data/cache/reconstruction/predictions/03001627/11dac7c4d7e4b32af9aec59741c69cf7/a28dfdd49ca53cbc6cd5978d.npz,ead805ac9421ff17bec91d7d844472d354420e057dd6fe16a90686088f689937,/content/cv3d-project/data/cache/reconstruction/metrics/03001627/11dac7c4d7e4b32af9aec59741c69cf7/77b7ebf5acd70dd6f40e7d64.json,12.055537000378536
03001627/11dac7c4d7e4b32af9aec59741c69cf7,vggt,5,"[0, 25, 44, 36, 34]",0.04618867933916814,0.15375207677313443,0.2613154742071007,0.25352393488745983,0.024300904662491303,0.049981662468513856,1.9985704605621124,0.8461,0.1303,0.3702,0.1491,0.0134,0.0268,camera_pose_sim3,1.5338042047685154,0.9765107089108983,10000,10000,True,False,True,/content/cv3d-project/data/cache/reconstruction/predictions/03001627/11dac7c4d7e4b32af9aec59741c69cf7/e236f7a4dd61816c992e54ad.npz,b1fa60028c2dfe70b1d94ab809704ba3d1130b6fd566dd48e746bd75ae3bb3b6,/content/cv3d-project/data/cache/reconstruction/metrics/03001627/11dac7c4d7e4b32af9aec59741c69cf7/fd8b231f6b4973791fae4275.json,12.303359999805252
03001627/11dac7c4d7e4b32af9aec59741c69cf7,vggt,10,"[0, 25, 44, 36, 34, 23, 32, 31, 39, 41]",0.22480734318681314,0.2566511166487689,0.28849489011072466,0.0,0.0,0.0,1.9985704605621124,0.0,0.0,0.0,0.0,0.0,0.0,camera_pose_sim3,1.9931603214749543,0.6545296730547036,10000,10000,True,False,True,/content/cv3d-project/data/cache/reconstruction/predictions/03001627/11dac7c4d7e4b32af9aec59741c69cf7/2a7d1a8c15568b58d9e9aa39.npz,f90d100e78918c4ac5510854e7a283001a3984882c192ab002e301e778b8f080,/content/cv3d-project/data/cache/reconstruction/metrics/03001627/11dac7c4d7e4b32af9aec59741c69cf7/e80bc27b4d3ea39b3fce39fc.json,12.02645900002608
03001627/11dba3a8d7b7210f5ff61a3a2a0e2484,vggt,1,[0],2.6042769556402976,2.741261241015156,2.8782455263900144,0.0,0.0,0.0,1.9920504003664743,0.0,0.0,0.0,0.0,0.0,0.0,camera_rotation_center_and_target_diameter_scale_single_view,8.470601434368808,0.0,10000,10000,True,True,True,/content/cv3d-project/data/cache/reconstruction/predictions/03001627/11dba3a8d7b7210f5ff61a3a2a0e2484/881872bbf49f5dd0119054f5.npz,5b7a5cb9588730a801c50709da74387d9f4330f143e34d72023b11f4df45014d,/content/cv3d-project/data/cache/reconstruction/metrics/03001627/11dba3a8d7b7210f5ff61a3a2a0e2484/bd21014e8b6e0f252f4bac21.json,3.8484909996441274
03001627/11dba3a8d7b7210f5ff61a3a2a0e2484,vggt,2,"[0, 26]",0.2136880916430691,0.38709395537209274,0.5604998191011163,0.0,0.0,0.0,1.9920504003664743,0.0,0.0,0.0,0.0,0.0,0.0,camera_pose_sim3,0.8156561029359708,1.0038067676324447,10000,10000,True,False,True,/content/cv3d-project/data/cache/reconstruction/predictions/03001627/11dba3a8d7b7210f5ff61a3a2a0e2484/ba9b8424cbd182c364b4fe55.npz,58d50a4ab75c13821bbcb54ce25b4fb06947f8b36e84d6a9c50f27d6be81d3b4,/content/cv3d-project/data/cache/reconstruction/metrics/03001627/11dba3a8d7b7210f5ff61a3a2a0e2484/04b45cd40522fe42772f923b.json,11.25072500008173
03001627/11dba3a8d7b7210f5ff61a3a2a0e2484,vggt,3,"[0, 26, 18]",0.20645106800926608,0.3421058249311178,0.4777605818529695,0.0,0.0,0.0,1.9920504003664743,0.0,0.0,0.0,0.0,0.0,0.0,camera_pose_sim3,1.2729588316654152,0.8427538291030386,10000,10000,True,False,True,/content/cv3d-project/data/cache/reconstruction/predictions/03001627/11dba3a8d7b7210f5ff61a3a2a0e2484/1adf6b80dca2938b3295fbef.npz,f3413cb946e8e8165776031952978403bd0f5628947a37a5b93b7496b1ac6d56,/content/cv3d-project/data/cache/reconstruction/metrics/03001627/11dba3a8d7b7210f5ff61a3a2a0e2484/bdf9802567eeeaa6158fc0f1.json,11.620027999924787
03001627/11dba3a8d7b7210f5ff61a3a2a0e2484,vggt,5,"[0, 26, 18, 35, 25]",0.037143881150918545,0.12757169301801996,0.2179995048851214,0.34244985910823805,0.01261777150916784,0.039663659328762174,1.9920504003664743,1.0,0.0639,0.2556,0.2066,0.007,0.0215,camera_pose_sim3,2.0904530241178128,0.6871863224456249,10000,10000,True,False,True,/content/cv3d-project/data/cache/reconstruction/predictions/03001627/11dba3a8d7b7210f5ff61a3a2a0e2484/4a718acccbf2b9959dcfde03.npz,dfa6ac075256f5a42df43341ead2e891f14e95f1fdc030732117bc72304589c6,/content/cv3d-project/data/cache/reconstruction/metrics/03001627/11dba3a8d7b7210f5ff61a3a2a0e2484/4148f64d60057086f86f4fb6.json,11.995954999747482
03001627/11dba3a8d7b7210f5ff61a3a2a0e2484,vggt,10,"[0, 26, 18, 35, 25, 33, 40, 46, 44, 36]",0.2907764757809747,0.4124967927989913,0.5342171098170079,0.0,0.0,0.0,1.9920504003664743,0.0,0.0,0.0,0.0,0.0,0.0,camera_pose_sim3,1.7974037303096122,0.8007879647308648,10000,10000,True,False,True,/content/cv3d-project/data/cache/reconstruction/predictions/03001627/11dba3a8d7b7210f5ff61a3a2a0e2484/6c607af43496893dcebec8a4.npz,671843ac778071bbbceeb5cbd152f9b77ff72fdc24d996ef4367b177c6a53ea5,/content/cv3d-project/data/cache/reconstruction/metrics/03001627/11dba3a8d7b7210f5ff61a3a2a0e2484/abe290f97a98da5fdfaba6cf.json,12.885990000086167
03001627/11e0f0dfd3d0b22130ddb6ead95f49cc,vggt,1,[0],1.0059095436970908,1.116791709354939,1.2276738750127874,0.0,0.0,0.0,1.9999806011425298,0.0,0.0,0.0,0.0,0.0,0.0,camera_rotation_center_and_target_diameter_scale_single_view,5.204324593614092,0.0,10000,10000,True,True,True,/content/cv3d-project/data/cache/reconstruction/predictions/03001627/11e0f0dfd3d0b22130ddb6ead95f49cc/93402e305145f834f52365e0.npz,8b60e6f5686dbd7bdf31466d8320c395f092cc71a851d6f3f5141dc71d1b0adf,/content/cv3d-project/data/cache/reconstruction/metrics/03001627/11e0f0dfd3d0b22130ddb6ead95f49cc/d124dc8c5680a16b2307df1b.json,3.8781600001129846
03001627/11e0f0dfd3d0b22130ddb6ead95f49cc,vggt,2,"[0, 5]",1.0770765109077802,1.1346936612147758,1.1923108115217713,0.0,0.0,0.0,1.9999806011425298,0.0,0.0,0.0,0.0,0.0,0.0,camera_pose_sim3,0.6497550581269917,0.010908410498391953,10000,10000,True,False,True,/content/cv3d-project/data/cache/reconstruction/predictions/03001627/11e0f0dfd3d0b22130ddb6ead95f49cc/7fab2b2462c3b34515d799a0.npz,48ccd9b65dea0b0d079bb74028cdf4d14efc3f0a0c40ead1435981967ecf5a9a,/content/cv3d-project/data/cache/reconstruction/metrics/03001627/11e0f0dfd3d0b22130ddb6ead95f49cc/7d1529435903fdf6c40e6a07.json,11.837537999781489
03001627/11e0f0dfd3d0b22130ddb6ead95f49cc,vggt,3,"[0, 5, 16]",0.2337383202373488,0.2844238674121147,0.3351094145868805,0.004188311688311688,0.0,0.0,1.9999806011425298,0.0025,0.0,0.0,0.0129,0.0,0.0,camera_pose_sim3,1.957995206700546,0.44695692322095193,10000,10000,True,False,True,/content/cv3d-project/data/cache/reconstruction/predictions/03001627/11e0f0dfd3d0b22130ddb6ead95f49cc/0e98e854223f3fcee6bb3e38.npz,1b3cb43f2181d131cd90f34f0f57ace86a90f6b5f9cca8bf59e8c2284c805b5e,/content/cv3d-project/data/cache/reconstruction/metrics/03001627/11e0f0dfd3d0b22130ddb6ead95f49cc/bbacd91858017d451ee51ae9.json,11.564865999844187
03001627/11e0f0dfd3d0b22130ddb6ead95f49cc,vggt,5,"[0, 5, 16, 23, 31]",0.04955930648784355,0.09605726264964162,0.1425552188114397,0.570840913486573,0.010991821561338289,0.030587603305785128,1.9999806011425298,0.9331,0.0192,0.0507,0.4112,0.0077,0.0219,camera_pose_sim3,2.3914986116192565,0.1372681649654291,10000,10000,True,False,True,/content/cv3d-project/data/cache/reconstruction/predictions/03001627/11e0f0dfd3d0b22130ddb6ead95f49cc/61a875d7eb7f2288b088ece6.npz,d461bae82271853383b45c47ec1a4c731a1e3c701f908900119044bdf8ea60f8,/content/cv3d-project/data/cache/reconstruction/metrics/03001627/11e0f0dfd3d0b22130ddb6ead95f49cc/5d5f2293c6c1afeb30588330.json,12.22679500006052
03001627/11e0f0dfd3d0b22130ddb6ead95f49cc,vggt,10,"[0, 5, 16, 23, 31, 24, 32, 33, 40, 39]",0.06524416012428677,0.08748716409413099,0.10973016806397522,0.6423989229313734,0.10578558875219683,0.15647295962823118,1.9999806011425298,0.8622,0.144,0.2241,0.5119,0.0836,0.1202,camera_pose_sim3,2.3299068448698255,0.31193770863227016,10000,10000,True,False,True,/content/cv3d-project/data/cache/reconstruction/predictions/03001627/11e0f0dfd3d0b22130ddb6ead95f49cc/e1ed684ee664b4330ba21b79.npz,b9d63ce80cf3966e9f09cd27098f02b83c2d8b7d6986371fb0678683dc46567f,/content/cv3d-project/data/cache/reconstruction/metrics/03001627/11e0f0dfd3d0b22130ddb6ead95f49cc/df8f55a7f3e075ba30b9f322.json,12.566023000090354
03001627/11e28120789c20abc8687ff9b0b4e4ac,vggt,1,[0],2.8028600262325156,2.9216339952735875,3.0404079643146593,0.0,0.0,0.0,1.9950614318879338,0.0,0.0,0.0,0.0,0.0,0.0,camera_rotation_center_and_target_diameter_scale_single_view,8.745229236994474,0.0,10000,10000,True,True,True,/content/cv3d-project/data/cache/reconstruction/predictions/03001627/11e28120789c20abc8687ff9b0b4e4ac/95750d0027a58ea195ed7ab4.npz,2cd580d551e32463f0bb02a2daf3ff320760bcfc4ea4889bfd3feea81f2c58df,/content/cv3d-project/data/cache/reconstruction/metrics/03001627/11e28120789c20abc8687ff9b0b4e4ac/bd2b7db218384ff9ef0982e0.json,3.929582000182563
03001627/11e28120789c20abc8687ff9b0b4e4ac,vggt,2,"[0, 5]",0.16524418822736534,0.24400575310346057,0.3227673179795558,0.0,0.0,0.0,1.9950614318879338,0.0,0.0,0.0,0.0,0.0,0.0,camera_pose_sim3,1.9875372547376529,0.03522247688558688,10000,10000,True,False,True,/content/cv3d-project/data/cache/reconstruction/predictions/03001627/11e28120789c20abc8687ff9b0b4e4ac/3ca9feec345673ab8a4d195e.npz,76aeec4e45e4b838612e517170e7637ad7c080f873deda8ac021596d0fc7a220,/content/cv3d-project/data/cache/reconstruction/metrics/03001627/11e28120789c20abc8687ff9b0b4e4ac/b44a637a510ec11af1452b47.json,13.839769000242086
03001627/11e28120789c20abc8687ff9b0b4e4ac,vggt,3,"[0, 5, 17]",0.04531823804455117,0.08874333065103132,0.13216842325751146,0.46342962507682844,0.009592502037489813,0.02682984148862853,1.9950614318879338,1.0,0.1177,0.2761,0.3016,0.005,0.0141,camera_pose_sim3,2.7420799449406585,0.15557949718538255,10000,10000,True,False,True,/content/cv3d-project/data/cache/reconstruction/predictions/03001627/11e28120789c20abc8687ff9b0b4e4ac/257d4db91cc33ac04dd8c035.npz,61c8c7233f86f0eca88eb9b3e34451b777add4a38fb40787f348ed56220be79c,/content/cv3d-project/data/cache/reconstruction/metrics/03001627/11e28120789c20abc8687ff9b0b4e4ac/92e99aeb0a7c94344c8041bc.json,11.987710000084917
03001627/11e28120789c20abc8687ff9b0b4e4ac,vggt,5,"[0, 5, 17, 24, 25]",0.04693334720671346,0.0956361901635128,0.14433903312031213,0.3641583416674243,0.044376154295733494,0.09444423128164134,1.9950614318879338,0.8696,0.1449,0.3199,0.2303,0.0262,0.0554,camera_pose_sim3,2.915712046740194,0.2515276278689494,10000,10000,True,False,True,/content/cv3d-project/data/cache/reconstruction/predictions/03001627/11e28120789c20abc8687ff9b0b4e4ac/55324daae482c5623cc692c9.npz,4bf79f064c47f41a9abaec8b8179b451b318069737e7ec150e5542b932533174,/content/cv3d-project/data/cache/reconstruction/metrics/03001627/11e28120789c20abc8687ff9b0b4e4ac/48f6ec1946896e15b9d46a02.json,13.301414000125078
03001627/11e28120789c20abc8687ff9b0b4e4ac,vggt,10,"[0, 5, 17, 24, 25, 33, 45, 39, 32, 38]",0.04434161464213317,0.07800984871648053,0.1116780827908279,0.613130899119642,0.03996318638824439,0.09013887468030692,1.9950614318879338,0.928,0.1046,0.2582,0.4578,0.0247,0.0546,camera_pose_sim3,2.7724642714162093,0.17898759154579205,10000,10000,True,False,True,/content/cv3d-project/data/cache/reconstruction/predictions/03001627/11e28120789c20abc8687ff9b0b4e4ac/8cc5ef252baba137df484025.npz,588c488c3981fd72418fbb558aaef4311316936d039c0c34b1596042e8215886,/content/cv3d-project/data/cache/reconstruction/metrics/03001627/11e28120789c20abc8687ff9b0b4e4ac/4ea7ee76844537f78b95daca.json,12.425728999915009
03001627/11e521e41ff6a64922e4620665c23c97,vggt,1,[0],1.1755847391764975,1.2628190792429912,1.350053419309485,0.0,0.0,0.0,1.9921528223826779,0.0,0.0,0.0,0.0,0.0,0.0,camera_rotation_center_and_target_diameter_scale_single_view,5.385819988614806,0.0,10000,10000,True,True,True,/content/cv3d-project/data/cache/reconstruction/predictions/03001627/11e521e41ff6a64922e4620665c23c97/280124eb515b042b8d864b48.npz,50e75360d9c19215b3ab0930b8bc8606fa123f4bd317962212aa1b1daf54d1a0,/content/cv3d-project/data/cache/reconstruction/metrics/03001627/11e521e41ff6a64922e4620665c23c97/f99c1885f57c146fef3ee9dc.json,3.8368479999917326
03001627/11e521e41ff6a64922e4620665c23c97,vggt,2,"[0, 5]",1.1695826049803868,1.2591530763977357,1.3487235478150843,0.0,0.0,0.0,1.9921528223826779,0.0,0.0,0.0,0.0,0.0,0.0,camera_pose_sim3,0.6480448436408464,0.01361501354645058,10000,10000,True,False,True,/content/cv3d-project/data/cache/reconstruction/predictions/03001627/11e521e41ff6a64922e4620665c23c97/441539612aab070fe6e9cb13.npz,536ab4579fe58ec8a877fc6b3ea20874a3ae56d9afd4de95bc869f082364573c,/content/cv3d-project/data/cache/reconstruction/metrics/03001627/11e521e41ff6a64922e4620665c23c97/3036604d997bfc1ba858ddad.json,11.902479000127641
03001627/11e521e41ff6a64922e4620665c23c97,vggt,3,"[0, 5, 17]",0.5743266427948508,0.5978275916135245,0.6213285404321983,0.0,0.0,0.0,1.9921528223826779,0.0,0.0,0.0,0.0,0.0,0.0,camera_pose_sim3,1.3376298274505536,0.7927658360740275,10000,10000,True,False,True,/content/cv3d-project/data/cache/reconstruction/predictions/03001627/11e521e41ff6a64922e4620665c23c97/965883e56dd4756d0462d474.npz,7fe9b30de07f499ce6e92087531e3782a612964ac94e71b01219b973961e278f,/content/cv3d-project/data/cache/reconstruction/metrics/03001627/11e521e41ff6a64922e4620665c23c97/52b5513dc5dc6737c959fd06.json,12.23339499983922
03001627/11e521e41ff6a64922e4620665c23c97,vggt,5,"[0, 5, 17, 25, 24]",0.13555523338182235,0.19679953621553922,0.2580438390492561,0.15922823301909597,0.0022149253731343285,0.006127407407407407,1.9921528223826779,0.3061,0.0053,0.0088,0.1076,0.0014,0.0047,camera_pose_sim3,1.9609190709088307,0.7852848960606833,10000,10000,True,False,True,/content/cv3d-project/data/cache/reconstruction/predictions/03001627/11e521e41ff6a64922e4620665c23c97/e96f66257a9323e07011981b.npz,57eadcd8f3257865ed169f6414c00592451acd5d417314f34be7d31fd5ef3c26,/content/cv3d-project/data/cache/reconstruction/metrics/03001627/11e521e41ff6a64922e4620665c23c97/67bc5e2a04d1cada640010db.json,12.188014000003022
03001627/11e521e41ff6a64922e4620665c23c97,vggt,10,"[0, 5, 17, 25, 24, 33, 31, 39, 32, 40]",0.050769324576647484,0.05905360186779345,0.06733787915893942,0.883038018936635,0.04186399082568807,0.09882263769580596,1.9921528223826779,0.9841,0.0523,0.1025,0.8008,0.0349,0.0954,camera_pose_sim3,2.5740632421816003,0.1877389904795574,10000,10000,True,False,True,/content/cv3d-project/data/cache/reconstruction/predictions/03001627/11e521e41ff6a64922e4620665c23c97/bc5afa7a2d7052e856de63a5.npz,0d431e96e64f95cf995925431aa72714f6e929b716295550b08a01a424b6e48f,/content/cv3d-project/data/cache/reconstruction/metrics/03001627/11e521e41ff6a64922e4620665c23c97/892cc486cf94f6b86f36681d.json,12.370110999654571
03001627/11e55ca087c74082feec1f13d2353f3,vggt,1,[0],2.939497496837654,3.058737864279756,3.1779782317218586,0.0,0.0,0.0,1.9771625532325126,0.0,0.0,0.0,0.0,0.0,0.0,camera_rotation_center_and_target_diameter_scale_single_view,9.150290595563895,0.0,10000,10000,True,True,True,/content/cv3d-project/data/cache/reconstruction/predictions/03001627/11e55ca087c74082feec1f13d2353f3/5c5b61ac3c0dee38bbab1363.npz,b8058b4cee7d254430c13ea195d5ae2a1de86a6b1b3e58f5d8f47835d074ba43,/content/cv3d-project/data/cache/reconstruction/metrics/03001627/11e55ca087c74082feec1f13d2353f3/0c24dc1070a6b18422f9997e.json,3.901282000242645
03001627/11e55ca087c74082feec1f13d2353f3,vggt,2,"[0, 4]",0.05056611357900333,0.16377863349535154,0.2769911534116998,0.24021117465904093,0.0,0.0,1.9771625532325126,1.0,0.0,0.0,0.1365,0.0,0.0,camera_pose_sim3,2.1751322002416282,0.028309661410536976,10000,10000,True,False,True,/content/cv3d-project/data/cache/reconstruction/predictions/03001627/11e55ca087c74082feec1f13d2353f3/3bdb87a2dd6935260ddc5a39.npz,a38e711776c29a35384fe20d037e041c8446ab7d94488f5d7cbd4fa979f4f91e,/content/cv3d-project/data/cache/reconstruction/metrics/03001627/11e55ca087c74082feec1f13d2353f3/7198e53c53742239f5d04167.json,11.58896700007972
03001627/11e55ca087c74082feec1f13d2353f3,vggt,3,"[0, 4, 18]",0.4565451055459759,0.5996390120473897,0.7427329185488035,0.0,0.0,0.0,1.9771625532325126,0.0,0.0,0.0,0.0,0.0,0.0,camera_pose_sim3,1.2666708263628406,0.7851083292438218,10000,10000,True,False,True,/content/cv3d-project/data/cache/reconstruction/predictions/03001627/11e55ca087c74082feec1f13d2353f3/c358bef807962388355811ef.npz,929da9a67019d42449f7406de66bb780191b05157384b242320aa635c47efefd,/content/cv3d-project/data/cache/reconstruction/metrics/03001627/11e55ca087c74082feec1f13d2353f3/e08b33d640e5cdf2517ca2db.json,11.267589999988559
03001627/11e55ca087c74082feec1f13d2353f3,vggt,5,"[0, 4, 18, 25, 33]",0.0833782486324758,0.19595769649191808,0.30853714435136037,0.16369842146803473,0.01164990253411306,0.027532177844762622,1.9771625532325126,0.6669,0.0446,0.1171,0.0933,0.0067,0.0156,camera_pose_sim3,2.693842886783572,0.4491275275841318,10000,10000,True,False,True,/content/cv3d-project/data/cache/reconstruction/predictions/03001627/11e55ca087c74082feec1f13d2353f3/62162ebcd77e496a8d9e31d5.npz,a562fe5b927b01df45308fafddd1371f1e53652d61031cc112fb761a62f90c9f,/content/cv3d-project/data/cache/reconstruction/metrics/03001627/11e55ca087c74082feec1f13d2353f3/16435697feea372ab1627370.json,11.52456899990284
03001627/11e55ca087c74082feec1f13d2353f3,vggt,10,"[0, 4, 18, 25, 33, 40, 46, 44, 37, 32]",0.0718612386502198,0.08864538357648878,0.10542952850275776,0.5346465075770771,0.027098978102189777,0.0659757151196731,1.9771625532325126,0.7246,0.0499,0.1267,0.4236,0.0186,0.0446,camera_pose_sim3,2.679262359653923,0.15842826650817984,10000,10000,True,False,True,/content/cv3d-project/data/cache/reconstruction/predictions/03001627/11e55ca087c74082feec1f13d2353f3/0b1e1dc98e63286982d2eae7.npz,5ced0a0214ea35bbd287886c85ab30765520f325348643dea8ea8ea98de1376e,/content/cv3d-project/data/cache/reconstruction/metrics/03001627/11e55ca087c74082feec1f13d2353f3/8d1ad3781d748ea430bbca46.json,12.448271000266686
03001627/11e6e58798ae5be83e5b5dbd84cdd0f8,vggt,1,[0],1.6605151859383525,1.812679260471586,1.9648433350048196,0.0,0.0,0.0,1.9957745560180198,0.0,0.0,0.0,0.0,0.0,0.0,camera_rotation_center_and_target_diameter_scale_single_view,6.6125135261704795,0.0,10000,10000,True,True,True,/content/cv3d-project/data/cache/reconstruction/predictions/03001627/11e6e58798ae5be83e5b5dbd84cdd0f8/afe94a6439801d4b5d1b4db7.npz,aded704805af9004d86c322248b9d308242b69896d635a4c29b1a6ce3e8fd84e,/content/cv3d-project/data/cache/reconstruction/metrics/03001627/11e6e58798ae5be83e5b5dbd84cdd0f8/c1a6e15e3d3ea0d55f841cb4.json,4.092380000201956
03001627/11e6e58798ae5be83e5b5dbd84cdd0f8,vggt,2,"[0, 5]",1.043018604107596,1.160898311692006,1.2787780192764162,0.0,0.0,0.0,1.9957745560180198,0.0,0.0,0.0,0.0,0.0,0.0,camera_pose_sim3,0.6030027672759608,0.023036645936700555,10000,10000,True,False,True,/content/cv3d-project/data/cache/reconstruction/predictions/03001627/11e6e58798ae5be83e5b5dbd84cdd0f8/65a76af47ea93b0961ae63a4.npz,bfa67c1f9f4da8e71a5dfea272adefdb1d5fd49ec2585c2609efbdc0607df929,/content/cv3d-project/data/cache/reconstruction/metrics/03001627/11e6e58798ae5be83e5b5dbd84cdd0f8/69b2383580a0ab713da21a28.json,11.959318000208441
03001627/11e6e58798ae5be83e5b5dbd84cdd0f8,vggt,3,"[0, 5, 31]",0.041865431221953055,0.153102712942921,0.2643399946638889,0.28458701432369843,0.011282962962962962,0.03278145875937287,1.9957745560180198,1.0,0.0476,0.1279,0.1659,0.0064,0.0188,camera_pose_sim3,2.1058982490043174,0.1463361804035326,10000,10000,True,False,True,/content/cv3d-project/data/cache/reconstruction/predictions/03001627/11e6e58798ae5be83e5b5dbd84cdd0f8/ffb9d607e7179f984ef33c7a.npz,035aed6e132583c21d1ebf1f1adbe31b5b6b2e76317e5139c61f6d90d53fe0ed,/content/cv3d-project/data/cache/reconstruction/metrics/03001627/11e6e58798ae5be83e5b5dbd84cdd0f8/4aeff49602c161b599221bb3.json,12.229091000335757
03001627/11e6e58798ae5be83e5b5dbd84cdd0f8,vggt,5,"[0, 5, 31, 23, 16]",0.013854732466386006,0.07707220285825919,0.1402896732501324,0.5753593595883068,0.10580721466587817,0.1921521161316704,1.9957745560180198,0.9943,0.4473,0.8702,0.4048,0.06,0.108,camera_pose_sim3,2.3435021541604266,0.07849267246919067,10000,10000,True,False,True,/content/cv3d-project/data/cache/reconstruction/predictions/03001627/11e6e58798ae5be83e5b5dbd84cdd0f8/b0f9316258215d643ed24de6.npz,9bf3f3ef12af46b7701d5c360716a8e4c8c1519ce675a78a78a4777fde419c3f,/content/cv3d-project/data/cache/reconstruction/metrics/03001627/11e6e58798ae5be83e5b5dbd84cdd0f8/eba998b729a9133a6779c041.json,11.921527999675163
03001627/11e6e58798ae5be83e5b5dbd84cdd0f8,vggt,10,"[0, 5, 31, 23, 16, 24, 33, 25, 32, 40]",0.029800757349836813,0.056018894415644095,0.08223703148145138,0.7952419548234724,0.08999344739716053,0.18354475244351864,1.9957745560180198,0.9841,0.218,0.5123,0.6672,0.0567,0.1118,camera_pose_sim3,2.571179199210659,0.12193111426466165,10000,10000,True,False,True,/content/cv3d-project/data/cache/reconstruction/predictions/03001627/11e6e58798ae5be83e5b5dbd84cdd0f8/2bea1d0c0281df69e270963a.npz,ccf238cca05f7c2d08df94dbc556375f7ffc759dadc1ac04ba1537a20e9be41c,/content/cv3d-project/data/cache/reconstruction/metrics/03001627/11e6e58798ae5be83e5b5dbd84cdd0f8/6810045f09e77be9bcc48f41.json,12.259692000043287
03001627/11f1511799d033ff7962150cab9888d6,vggt,1,[0],1.7075461061269017,1.8410216482140995,1.9744971903012973,0.0,0.0,0.0,1.9940509466924525,0.0,0.0,0.0,0.0,0.0,0.0,camera_rotation_center_and_target_diameter_scale_single_view,6.660926474731359,0.0,10000,10000,True,True,True,/content/cv3d-project/data/cache/reconstruction/predictions/03001627/11f1511799d033ff7962150cab9888d6/79b48e566db4d64fe5a6d53b.npz,72c75d10565293ff0999794f3da5a63b75c9b9ed864e6e6e34181d28ed3fe0c2,/content/cv3d-project/data/cache/reconstruction/metrics/03001627/11f1511799d033ff7962150cab9888d6/27c14cdd6c694bad6a5e033c.json,3.916459000265604
03001627/11f1511799d033ff7962150cab9888d6,vggt,2,"[0, 47]",0.12826602298223327,0.28512596367800763,0.441985904373782,0.0,0.0,0.0,1.9940509466924525,0.0,0.0,0.0,0.0,0.0,0.0,camera_pose_sim3,0.004850672346700504,1.313265828436668,10000,10000,True,False,True,/content/cv3d-project/data/cache/reconstruction/predictions/03001627/11f1511799d033ff7962150cab9888d6/3101e9fbfff02ef5165d8bfe.npz,a5b34c0acf8029a60dd66b0cacd7d9a2d81b2d786f4f026300186f2099aa527b,/content/cv3d-project/data/cache/reconstruction/metrics/03001627/11f1511799d033ff7962150cab9888d6/6eb3e7c99d87400909a11b16.json,12.420858000041335
03001627/11f1511799d033ff7962150cab9888d6,vggt,3,"[0, 47, 42]",0.42050388108560216,0.47934165288355257,0.5381794246815029,0.0,0.0,0.0,1.9940509466924525,0.0,0.0,0.0,0.0,0.0,0.0,camera_pose_sim3,3.0832534013024295,0.24343886211211072,10000,10000,True,False,True,/content/cv3d-project/data/cache/reconstruction/predictions/03001627/11f1511799d033ff7962150cab9888d6/218933787a3b7babaf4c10be.npz,b28d881f6cc02ea83ff997eddd5c84d8a3e5220547697dc26a58d8cb5bb0c931,/content/cv3d-project/data/cache/reconstruction/metrics/03001627/11f1511799d033ff7962150cab9888d6/7cf4fcf2255de808fae99264.json,12.212916999942536
03001627/11f1511799d033ff7962150cab9888d6,vggt,5,"[0, 47, 42, 34, 25]",0.49768687506069403,0.5494555492085104,0.6012242233563266,0.0,0.0,0.0,1.9940509466924525,0.0,0.0,0.0,0.0,0.0,0.0,camera_pose_sim3,3.087618790958585,0.35819855181036553,10000,10000,True,False,True,/content/cv3d-project/data/cache/reconstruction/predictions/03001627/11f1511799d033ff7962150cab9888d6/35f08e510998d61b930378d1.npz,960a62f33dc7aab2592c055396363dc891966da80a21b03b8ccd6b41cf1eb954,/content/cv3d-project/data/cache/reconstruction/metrics/03001627/11f1511799d033ff7962150cab9888d6/995d8b4cdb61eaa8981e11b0.json,11.523334000230534
03001627/11f1511799d033ff7962150cab9888d6,vggt,10,"[0, 47, 42, 34, 25, 33, 41, 40, 32, 23]",0.09721543436553366,0.17139727738888733,0.245579120412241,0.2162270975572751,0.02879355531686359,0.04879583333333332,1.9940509466924525,0.5228,0.0753,0.1434,0.1363,0.0178,0.0294,camera_pose_sim3,2.217205982925492,0.48293246565069786,10000,10000,True,False,True,/content/cv3d-project/data/cache/reconstruction/predictions/03001627/11f1511799d033ff7962150cab9888d6/2b783d38627a289756ec8564.npz,50a573e255601b762b35a50cbc510b2766693b42f59315a2318562aeaa1512a7,/content/cv3d-project/data/cache/reconstruction/metrics/03001627/11f1511799d033ff7962150cab9888d6/839ed736465278b46b4bb6ea.json,11.891474000094604
03001627/11fa9b044482814ef91663a74ccd2338,vggt,1,[0],4.026703486870059,4.1432704358741965,4.259837384878335,0.0,0.0,0.0,1.9810020171867577,0.0,0.0,0.0,0.0,0.0,0.0,camera_rotation_center_and_target_diameter_scale_single_view,11.128983529558932,0.0,10000,10000,True,True,True,/content/cv3d-project/data/cache/reconstruction/predictions/03001627/11fa9b044482814ef91663a74ccd2338/863a8249d4b4509d1ab010de.npz,7d2a7aacaf5ba48b56a53dbe2861107e4b268fe4a14e60dcd4021a4b991b50a3,/content/cv3d-project/data/cache/reconstruction/metrics/03001627/11fa9b044482814ef91663a74ccd2338/62bac30e416b5e581e530dd2.json,3.83577200000218
03001627/11fa9b044482814ef91663a74ccd2338,vggt,2,"[0, 4]",0.37209423810220515,0.4490894600204458,0.5260846819386865,0.0,0.0,0.0,1.9810020171867577,0.0,0.0,0.0,0.0,0.0,0.0,camera_pose_sim3,1.6753374663714526,0.006579320722119363,10000,10000,True,False,True,/content/cv3d-project/data/cache/reconstruction/predictions/03001627/11fa9b044482814ef91663a74ccd2338/c1cf7b692df4f4f2e8309756.npz,658ed472f7f357bc09094c5d82e3ab84ef0525e54fbf09d72d89f974eff29748,/content/cv3d-project/data/cache/reconstruction/metrics/03001627/11fa9b044482814ef91663a74ccd2338/1f6fdfdb249f4f646855df37.json,11.271297000348568
03001627/11fa9b044482814ef91663a74ccd2338,vggt,3,"[0, 4, 26]",0.01209795254825999,0.05016000163643011,0.08822205072460024,0.7576118957257512,0.10884591665394598,0.2239308981102669,1.9810020171867577,0.996,0.5952,0.8987,0.6113,0.0599,0.1279,camera_pose_sim3,2.5163461102625413,0.06502113939315529,10000,10000,True,False,True,/content/cv3d-project/data/cache/reconstruction/predictions/03001627/11fa9b044482814ef91663a74ccd2338/c26d708c707dd30f2d698f8b.npz,b453464258b4c4548c76c87b4aff50d079026ca6458b6dc3ec6be19bb8252293,/content/cv3d-project/data/cache/reconstruction/metrics/03001627/11fa9b044482814ef91663a74ccd2338/eb1ff6d39694f164bd59197d.json,11.144784000407526
03001627/11fa9b044482814ef91663a74ccd2338,vggt,5,"[0, 4, 26, 18, 25]",0.01440344699121562,0.034012510806070845,0.053621574620926066,0.9412387506617258,0.1704005923731951,0.33251451365449525,1.9810020171867577,1.0,0.4342,0.7653,0.889,0.106,0.2124,camera_pose_sim3,2.64671931070108,0.11415321933207213,10000,10000,True,False,True,/content/cv3d-project/data/cache/reconstruction/predictions/03001627/11fa9b044482814ef91663a74ccd2338/77c15abcd4eb4a8ae9f85769.npz,163b54fe0591fd2e7738f4394bb4cb3b4a3dc54bbd59d8d6a730b356d70ff4c5,/content/cv3d-project/data/cache/reconstruction/metrics/03001627/11fa9b044482814ef91663a74ccd2338/4d65f8ae184a9d12b6b45167.json,11.436223999680806
03001627/11fa9b044482814ef91663a74ccd2338,vggt,10,"[0, 4, 26, 18, 25, 34, 33, 41, 24, 17]",0.01522549229300802,0.033249472086791236,0.05127345188057445,0.9452033120616,0.21251135154960574,0.40188020560370896,1.9810020171867577,1.0,0.4007,0.7123,0.8961,0.1446,0.2799,camera_pose_sim3,2.648297898198409,0.1501755678281137,10000,10000,True,False,True,/content/cv3d-project/data/cache/reconstruction/predictions/03001627/11fa9b044482814ef91663a74ccd2338/b2c335edb1e33754e0986764.npz,bee0e33844dbdd29cb8f0c4513879f361394ac951165598f89a50479f3d5a1b4,/content/cv3d-project/data/cache/reconstruction/metrics/03001627/11fa9b044482814ef91663a74ccd2338/16c0e9abae8bf9790deae8af.json,12.247755000316829
03001627/11ff2e9f9b0993b7f51f77a6d7299806,vggt,1,[0],1.6210051778694752,1.7387153741957153,1.8564255705219557,0.0,0.0,0.0,1.9868148029524169,0.0,0.0,0.0,0.0,0.0,0.0,camera_rotation_center_and_target_diameter_scale_single_view,6.419747606974624,0.0,10000,10000,True,True,True,/content/cv3d-project/data/cache/reconstruction/predictions/03001627/11ff2e9f9b0993b7f51f77a6d7299806/af90b62543aaf4280d616127.npz,2f8fe30b27ae40929848615b89c97c5170637d77e362d5e45a266337a76c78e9,/content/cv3d-project/data/cache/reconstruction/metrics/03001627/11ff2e9f9b0993b7f51f77a6d7299806/ac2d2200c8b1151b09e69e16.json,3.982040000209963
03001627/11ff2e9f9b0993b7f51f77a6d7299806,vggt,2,"[0, 35]",0.5553576098702435,0.6775858814086897,0.799814152947136,0.0,0.0,0.0,1.9868148029524169,0.0,0.0,0.0,0.0,0.0,0.0,camera_pose_sim3,3.0100675596963207,0.7197311311508232,10000,10000,True,False,True,/content/cv3d-project/data/cache/reconstruction/predictions/03001627/11ff2e9f9b0993b7f51f77a6d7299806/f59d1619ab4d1449a9844229.npz,69894750359fc5204275ad2ab6650f01e751688dc3b1bbb1c62e669b1720bb9e,/content/cv3d-project/data/cache/reconstruction/metrics/03001627/11ff2e9f9b0993b7f51f77a6d7299806/7c41e07802929a48fde5ae97.json,12.010711000129959
03001627/11ff2e9f9b0993b7f51f77a6d7299806,vggt,3,"[0, 35, 25]",0.05896636103773842,0.0961279624095903,0.1332895637814422,0.5662373956845349,0.02991310507674144,0.06668044856167724,1.9868148029524169,0.9214,0.0653,0.1632,0.4087,0.0194,0.0419,camera_pose_sim3,2.875184635606468,0.06277347173905688,10000,10000,True,False,True,/content/cv3d-project/data/cache/reconstruction/predictions/03001627/11ff2e9f9b0993b7f51f77a6d7299806/9398a305d7d677eb2697eaca.npz,2f898a88395a900e7157016797af28a174eee66aec03e2733315adfed4333c4f,/content/cv3d-project/data/cache/reconstruction/metrics/03001627/11ff2e9f9b0993b7f51f77a6d7299806/fc4b7f0775793ed2c42efc6c.json,11.424186000112968
03001627/11ff2e9f9b0993b7f51f77a6d7299806,vggt,5,"[0, 35, 25, 33, 41]",0.04103696942008472,0.05146053826588762,0.061884107111690526,0.9301380121964267,0.0805017819706499,0.1576135741652983,1.9868148029524169,1.0,0.1331,0.2504,0.8694,0.0577,0.115,camera_pose_sim3,2.6994536699623057,0.08022852033790588,10000,10000,True,False,True,/content/cv3d-project/data/cache/reconstruction/predictions/03001627/11ff2e9f9b0993b7f51f77a6d7299806/2b50278f24ec167a0ca52f63.npz,7a52309a4ba780feed9953759ed29422a8984145c1d9ee44a0624e2f305390b7,/content/cv3d-project/data/cache/reconstruction/metrics/03001627/11ff2e9f9b0993b7f51f77a6d7299806/995000a40c2d7b40bd4f332b.json,11.51244399989082
03001627/11ff2e9f9b0993b7f51f77a6d7299806,vggt,10,"[0, 35, 25, 33, 41, 34, 24, 17, 46, 26]",0.10362541140324687,0.20360768179016148,0.3035899521770761,0.22917032623268288,0.003397142857142857,0.023311068702290078,1.9868148029524169,0.5247,0.0041,0.0349,0.1466,0.0029,0.0175,camera_pose_sim3,1.9215571112884315,0.7374994497106964,10000,10000,True,False,True,/content/cv3d-project/data/cache/reconstruction/predictions/03001627/11ff2e9f9b0993b7f51f77a6d7299806/01059cc0b0fe48349b702227.npz,f5cffbd8faeb7a7e8d6a647066a863f9476ec9d949cd082c2bd3c639aab3fcc7,/content/cv3d-project/data/cache/reconstruction/metrics/03001627/11ff2e9f9b0993b7f51f77a6d7299806/7e8d7a52b2ceccfec43b6f1e.json,12.021500999708223
03001627/120735afde493c277ff6ace05b36a5,vggt,1,[0],2.839374679617674,3.012307502940722,3.185240326263769,0.0,0.0,0.0,1.9868547723723067,0.0,0.0,0.0,0.0,0.0,0.0,camera_rotation_center_and_target_diameter_scale_single_view,9.018373140689366,0.0,10000,10000,True,True,True,/content/cv3d-project/data/cache/reconstruction/predictions/03001627/120735afde493c277ff6ace05b36a5/ff19c6b9ab232c37b96af891.npz,1a8579672258fa182c8caa7bc573217f4673c31855271e8ccc30d994958e7fd1,/content/cv3d-project/data/cache/reconstruction/metrics/03001627/120735afde493c277ff6ace05b36a5/c0158108e0dba37b82ff37d4.json,3.8124870002320677
03001627/120735afde493c277ff6ace05b36a5,vggt,2,"[0, 26]",0.12166545956685422,0.2656846584518323,0.40970385733681036,0.0003994955863808323,0.0,0.0,1.9868547723723067,0.1584,0.0,0.0,0.0002,0.0,0.0,camera_pose_sim3,0.647750662445714,1.0230020164753812,10000,10000,True,False,True,/content/cv3d-project/data/cache/reconstruction/predictions/03001627/120735afde493c277ff6ace05b36a5/7de720d6c993d5e52f6704df.npz,d768bbd3ebee5f4be41b2526b81896e158e39fec4e7488eb5d244dea6a042136,/content/cv3d-project/data/cache/reconstruction/metrics/03001627/120735afde493c277ff6ace05b36a5/fbef3b16985f498d2d92c4ce.json,11.128768000162381
03001627/120735afde493c277ff6ace05b36a5,vggt,3,"[0, 26, 18]",1.1813395322065072,1.3167647037940347,1.4521898753815623,0.0,0.0,0.0,1.9868547723723067,0.0,0.0,0.0,0.0,0.0,0.0,camera_pose_sim3_positive_scale_fallback,1.5208589164567754,1.0551180936884785,10000,10000,True,False,True,/content/cv3d-project/data/cache/reconstruction/predictions/03001627/120735afde493c277ff6ace05b36a5/07ebcd7a701a3fddd6e141a9.npz,6fd2557941438e1ce5baa46e0ad9d541bbc53fa3f26be2bb60265e9c248a2f77,/content/cv3d-project/data/cache/reconstruction/metrics/03001627/120735afde493c277ff6ace05b36a5/d8411a58aa16fef1b1217ad2.json,12.043765999806055
03001627/120735afde493c277ff6ace05b36a5,vggt,5,"[0, 26, 18, 25, 44]",0.04782692013466168,0.06901273964079466,0.09019855914692763,0.7573133613552414,0.001142857142857143,0.003372972972972973,1.9868547723723067,0.9328,0.002,0.0048,0.6374,0.0008,0.0026,camera_pose_sim3,2.559991992832188,0.10437806824430705,10000,10000,True,False,True,/content/cv3d-project/data/cache/reconstruction/predictions/03001627/120735afde493c277ff6ace05b36a5/3862597048fc72fe1714e31f.npz,1e1561995ee054b217a9b4743fed3e4e455e150c925f38f0ffc3786c0f6e99ed,/content/cv3d-project/data/cache/reconstruction/metrics/03001627/120735afde493c277ff6ace05b36a5/dc3fef8f41e7f53a44ec8bb1.json,12.57291600040844
03001627/120735afde493c277ff6ace05b36a5,vggt,10,"[0, 26, 18, 25, 44, 36, 33, 40, 32, 39]",0.024347965289237314,0.04371182437625687,0.06307568346327642,0.8626023657870792,0.14422861205915813,0.32722051162247395,1.9868547723723067,1.0,0.2503,0.6358,0.7584,0.1013,0.2203,camera_pose_sim3,2.5121820788875806,0.08572152204298072,10000,10000,True,False,True,/content/cv3d-project/data/cache/reconstruction/predictions/03001627/120735afde493c277ff6ace05b36a5/bd80828c7e1ac944c5a6d867.npz,35693e0d3c7602183c4379169b9947755f2cd5d97b26a45c91b6c83778c4ab90,/content/cv3d-project/data/cache/reconstruction/metrics/03001627/120735afde493c277ff6ace05b36a5/408c46d986c61259b0f7ee3e.json,12.096064000161277
03001627/122a480cfcdd742650c626aa72455dae,vggt,1,[0],1.3457397791489625,1.4324286278928766,1.5191174766367908,0.0,0.0,0.0,1.9916727854651373,0.0,0.0,0.0,0.0,0.0,0.0,camera_rotation_center_and_target_diameter_scale_single_view,5.813984561394863,0.0,10000,10000,True,True,True,/content/cv3d-project/data/cache/reconstruction/predictions/03001627/122a480cfcdd742650c626aa72455dae/355819e7a9bfe90925f991cf.npz,68684977de500b6c2815df47351c10e81564671c7aaa28457b1d430ba91160cc,/content/cv3d-project/data/cache/reconstruction/metrics/03001627/122a480cfcdd742650c626aa72455dae/b409b10884361a73c7c7785f.json,3.816287000063312
03001627/122a480cfcdd742650c626aa72455dae,vggt,2,"[0, 34]",0.1632487347376995,0.21086851232710918,0.25848828991651884,0.04319182746878547,0.0,0.0,1.9916727854651373,0.151,0.0,0.0,0.0252,0.0,0.0,camera_pose_sim3,1.9445265542346217,0.7373863693233504,10000,10000,True,False,True,/content/cv3d-project/data/cache/reconstruction/predictions/03001627/122a480cfcdd742650c626aa72455dae/b100489b4dea3d6dd6412ca5.npz,081f2a2aa7c6ed015badc7a64c2d6f83e3a895c14cde04f77b3740623f8099c9,/content/cv3d-project/data/cache/reconstruction/metrics/03001627/122a480cfcdd742650c626aa72455dae/4ecd231e592491516f78d12f.json,11.516016000314266
03001627/122a480cfcdd742650c626aa72455dae,vggt,3,"[0, 34, 41]",0.08791597991393749,0.20887863732592238,0.3298412947379073,0.25589567925262746,0.015173706004140787,0.03291584158415841,1.9916727854651373,0.6087,0.0883,0.1635,0.162,0.0083,0.0183,camera_pose_sim3,2.2924666299395606,0.5663822604151801,10000,10000,True,False,True,/content/cv3d-project/data/cache/reconstruction/predictions/03001627/122a480cfcdd742650c626aa72455dae/e41253b2922ec4325738c03a.npz,90e455cc9c1777bd9e8a220daecc8bc3276713a4f4c0868912e10ecf378e8379,/content/cv3d-project/data/cache/reconstruction/metrics/03001627/122a480cfcdd742650c626aa72455dae/e3607d8f2972fa8e84a976fb.json,11.541585000031773
03001627/122a480cfcdd742650c626aa72455dae,vggt,5,"[0, 34, 41, 46, 38]",0.09036497511494539,0.20730290235424406,0.3242408295935427,0.25726642512077297,0.027577777777777777,0.050216304985337246,1.9916727854651373,0.5799,0.073,0.1399,0.1653,0.017,0.0306,camera_pose_sim3,2.502703943684158,0.6953283506183232,10000,10000,True,False,True,/content/cv3d-project/data/cache/reconstruction/predictions/03001627/122a480cfcdd742650c626aa72455dae/88fc7342307a90332b5feb46.npz,c9307642e5ce134614cade1a0e70ce08fa825e6f4d3713bd94656cd1faf2aaf4,/content/cv3d-project/data/cache/reconstruction/metrics/03001627/122a480cfcdd742650c626aa72455dae/f7c29cb4335fb8d83f8b6c41.json,11.710872000094241
03001627/122a480cfcdd742650c626aa72455dae,vggt,10,"[0, 34, 41, 46, 38, 45, 25, 33, 39, 31]",0.4465482571821896,0.547073117043921,0.6475979769056525,0.0,0.0,0.0,1.9916727854651373,0.0,0.0,0.0,0.0,0.0,0.0,camera_pose_sim3,0.9367697422292158,1.027847242928793,10000,10000,True,False,True,/content/cv3d-project/data/cache/reconstruction/predictions/03001627/122a480cfcdd742650c626aa72455dae/28e2ee145ce1707759405542.npz,cc144d5229c3646314eb96df1f557cb197999674bcda12a624c1b827e735eacb,/content/cv3d-project/data/cache/reconstruction/metrics/03001627/122a480cfcdd742650c626aa72455dae/f9b560afdcef0963667d2406.json,13.447056000131852
03001627/1230d31e3a6cbf309cd431573238602d,vggt,1,[0],2.0019717534531667,2.1415706396974277,2.2811695259416886,0.0,0.0,0.0,1.9957835202287324,0.0,0.0,0.0,0.0,0.0,0.0,camera_rotation_center_and_target_diameter_scale_single_view,7.338272138746838,0.0,10000,10000,True,True,True,/content/cv3d-project/data/cache/reconstruction/predictions/03001627/1230d31e3a6cbf309cd431573238602d/b790d8901d599c6b64b8e016.npz,41301e3c95561e879d59eb7d939018a1b39b7c51685d174c6ae82958dcc5531b,/content/cv3d-project/data/cache/reconstruction/metrics/03001627/1230d31e3a6cbf309cd431573238602d/4d92c9aa33ea0365974edc10.json,3.9196539996737556
03001627/1230d31e3a6cbf309cd431573238602d,vggt,2,"[0, 24]",0.10781801885464627,0.24943558561354576,0.39105315237244526,0.04823297872340425,0.0,0.0,1.9957835202287324,0.4445,0.0,0.0,0.0255,0.0,0.0,camera_pose_sim3,2.1888299134190143,0.5469008607550933,10000,10000,True,False,True,/content/cv3d-project/data/cache/reconstruction/predictions/03001627/1230d31e3a6cbf309cd431573238602d/7fc8b6f1d0aebe2dddede52a.npz,37b537f85ad4cb4e471a88b444bf3ff00fc057d54a4c89827f2ac9a2c61adeca,/content/cv3d-project/data/cache/reconstruction/metrics/03001627/1230d31e3a6cbf309cd431573238602d/b81c5cdb6f464c01a3ee7aca.json,12.347004999810451
03001627/1230d31e3a6cbf309cd431573238602d,vggt,3,"[0, 24, 33]",0.28148446780906167,0.41725571452566723,0.5530269612422728,0.0,0.0,0.0,1.9957835202287324,0.0,0.0,0.0,0.0,0.0,0.0,camera_pose_sim3,0.9222861487069542,1.018364250798397,10000,10000,True,False,True,/content/cv3d-project/data/cache/reconstruction/predictions/03001627/1230d31e3a6cbf309cd431573238602d/604cea67d77ca77e3dc582bf.npz,68445438e6c0d9a7ee1743e62988cbc567d9db2f1b1dfd7233973f492551f76c,/content/cv3d-project/data/cache/reconstruction/metrics/03001627/1230d31e3a6cbf309cd431573238602d/480d8309e4a5c47683656096.json,11.922194999897329
03001627/1230d31e3a6cbf309cd431573238602d,vggt,5,"[0, 24, 33, 16, 41]",0.23959443270863212,0.3901956901583319,0.5407969476080317,0.0,0.0,0.0,1.9957835202287324,0.0,0.0,0.0,0.0,0.0,0.0,camera_pose_sim3,0.7382023039880344,1.0376210546864766,10000,10000,True,False,True,/content/cv3d-project/data/cache/reconstruction/predictions/03001627/1230d31e3a6cbf309cd431573238602d/2a430605c66e764f90ea4931.npz,753099b0f611132bc6c504f1c17533ba39bc7bcd7b971347e3da23a6ae3c6313,/content/cv3d-project/data/cache/reconstruction/metrics/03001627/1230d31e3a6cbf309cd431573238602d/9bc5000acd6140ebf1010815.json,11.67977900013284
03001627/1230d31e3a6cbf309cd431573238602d,vggt,10,"[0, 24, 33, 16, 41, 8, 2, 9, 18, 26]",0.22126432996741463,0.3435420897446094,0.4658198495218043,0.007864984227129336,0.0,0.0,1.9957835202287324,0.0271,0.0,0.0,0.0046,0.0,0.0,camera_pose_sim3,1.3567811151802205,0.8193241927762629,10000,10000,True,False,True,/content/cv3d-project/data/cache/reconstruction/predictions/03001627/1230d31e3a6cbf309cd431573238602d/17d63fdc9215111150664adb.npz,50a9764e71dc192f519cff1ed9e39aff8e1c5a4bd62187907b37616ac3bb1419,/content/cv3d-project/data/cache/reconstruction/metrics/03001627/1230d31e3a6cbf309cd431573238602d/f6b3cde1cc6549b39b29093a.json,11.969071000294207
03001627/123305d8ccc0dc6346918a1d9c256af3,vggt,1,[0],2.081376512445006,2.1816561559522434,2.28193579945948,0.0,0.0,0.0,1.9892805889634293,0.0,0.0,0.0,0.0,0.0,0.0,camera_rotation_center_and_target_diameter_scale_single_view,7.245731585965904,0.0,10000,10000,True,True,True,/content/cv3d-project/data/cache/reconstruction/predictions/03001627/123305d8ccc0dc6346918a1d9c256af3/ea7cf4e63fa91da75a421773.npz,83a6f35e8a3fb816a97ca5421581ed48262c612c4a98de4ba5c3617a8ca69587,/content/cv3d-project/data/cache/reconstruction/metrics/03001627/123305d8ccc0dc6346918a1d9c256af3/d02566fcea741b825c29f5bc.json,4.133258999900136
03001627/123305d8ccc0dc6346918a1d9c256af3,vggt,2,"[0, 4]",0.13427707975224662,0.22094934266573615,0.3076216055792257,0.0,0.0,0.0,1.9892805889634293,0.0,0.0,0.0,0.0,0.0,0.0,camera_pose_sim3,2.102064218625124,0.0937966180980498,10000,10000,True,False,True,/content/cv3d-project/data/cache/reconstruction/predictions/03001627/123305d8ccc0dc6346918a1d9c256af3/f4a94bf1abbaf3d05ec78290.npz,cc4373345dce323ab08ee2ee450d6f2e3731664b5a219c6a4c39b4d73a60c7e4,/content/cv3d-project/data/cache/reconstruction/metrics/03001627/123305d8ccc0dc6346918a1d9c256af3/2e998282800ce393b6d2d83b.json,11.574640000162617
03001627/123305d8ccc0dc6346918a1d9c256af3,vggt,3,"[0, 4, 13]",0.18258910377800258,0.2611587053859322,0.3397283069938618,0.0,0.0,0.0,1.9892805889634293,0.0,0.0,0.0,0.0,0.0,0.0,camera_pose_sim3,1.957152231249688,0.13653462794803067,10000,10000,True,False,True,/content/cv3d-project/data/cache/reconstruction/predictions/03001627/123305d8ccc0dc6346918a1d9c256af3/43272cd6abc1d7987c8dea52.npz,2fe9fb4c73b9c4d78d1fe18b105477d0e41d769917a93b688ccc04f705bb3833,/content/cv3d-project/data/cache/reconstruction/metrics/03001627/123305d8ccc0dc6346918a1d9c256af3/4f5c8eabfbfa9bd949c1d7db.json,12.75321899993287
03001627/123305d8ccc0dc6346918a1d9c256af3,vggt,5,"[0, 4, 13, 5, 12]",0.1729255394080491,0.21880036496353852,0.26467519051902794,0.012031827956989247,0.0,0.0,1.9892805889634293,0.0071,0.0,0.0,0.0394,0.0,0.0,camera_pose_sim3,2.2063601004061177,0.10429315347267562,10000,10000,True,False,True,/content/cv3d-project/data/cache/reconstruction/predictions/03001627/123305d8ccc0dc6346918a1d9c256af3/f51643e2e163b277827cd1fe.npz,0ce6a46d9f145452d83e6e25a35911a078ee06897dbe829085cf5be8203cd498,/content/cv3d-project/data/cache/reconstruction/metrics/03001627/123305d8ccc0dc6346918a1d9c256af3/8aa34b88fbb837827ac1eb40.json,12.566753000101016
03001627/123305d8ccc0dc6346918a1d9c256af3,vggt,10,"[0, 4, 13, 5, 12, 20, 11, 19, 26, 18]",0.04613413585615282,0.0678717829633903,0.08960943007062779,0.6687956496851746,0.06821287057122198,0.2132292860391087,1.9892805889634293,0.8436,0.0772,0.2582,0.554,0.0611,0.1816,camera_pose_sim3,2.693291651652136,0.08193804341256794,10000,10000,True,False,True,/content/cv3d-project/data/cache/reconstruction/predictions/03001627/123305d8ccc0dc6346918a1d9c256af3/9b280e1dee355ea272e87773.npz,1839daaa9d011e37c388267e980e004f52c1605f971b89c78060d55bbc05d24a,/content/cv3d-project/data/cache/reconstruction/metrics/03001627/123305d8ccc0dc6346918a1d9c256af3/62b5d53ec1b95252c09bbced.json,12.809714000013628
03001627/123b44b99e48eccb6960dc525de2f934,vggt,1,[0],1.8037519595576113,1.898081877599179,1.9924117956407468,0.0,0.0,0.0,2.000005800294998,0.0,0.0,0.0,0.0,0.0,0.0,camera_rotation_center_and_target_diameter_scale_single_view,6.675596330654128,0.0,10000,10000,True,True,True,/content/cv3d-project/data/cache/reconstruction/predictions/03001627/123b44b99e48eccb6960dc525de2f934/3960a0ec1825366c00cb2f4d.npz,12f384675a28043609e035fc72577cc9161a4d71dd683beca71c2517f9ddb4ad,/content/cv3d-project/data/cache/reconstruction/metrics/03001627/123b44b99e48eccb6960dc525de2f934/f79461fca5d338bc5e310ba1.json,3.8291170003503794
03001627/123b44b99e48eccb6960dc525de2f934,vggt,2,"[0, 37]",0.022792139113935177,0.07340336537101376,0.12401459162809235,0.6288381726727761,0.06419809413803061,0.13709870540851551,2.000005800294998,0.9907,0.3105,0.6181,0.4606,0.0358,0.0771,camera_pose_sim3,2.5538710107018217,0.045272736753204666,10000,10000,True,False,True,/content/cv3d-project/data/cache/reconstruction/predictions/03001627/123b44b99e48eccb6960dc525de2f934/4a1e4e8a304c63d4167d5b7b.npz,802a6c2a792e4d98adc8c04540d87805599dd148cab7dabe22c59432bf6855cb,/content/cv3d-project/data/cache/reconstruction/metrics/03001627/123b44b99e48eccb6960dc525de2f934/57ba67f374cf151059485354.json,11.571976999675826
03001627/123b44b99e48eccb6960dc525de2f934,vggt,3,"[0, 37, 29]",0.018897925644812068,0.07030860060671172,0.12171927556861137,0.6961340374209531,0.1463505009392611,0.23754588035432592,2.000005800294998,1.0,0.5545,0.6802,0.5339,0.0843,0.1439,camera_pose_sim3,2.4417805435110362,0.07071461923576217,10000,10000,True,False,True,/content/cv3d-project/data/cache/reconstruction/predictions/03001627/123b44b99e48eccb6960dc525de2f934/044763530c64b417406ceca9.npz,9ba22b037ddd9296e45857c12da677b906119c503709f5b75d602c4fab3a280d,/content/cv3d-project/data/cache/reconstruction/metrics/03001627/123b44b99e48eccb6960dc525de2f934/f7af140f1fc1d6b9434bcb3d.json,11.300086000119336
03001627/123b44b99e48eccb6960dc525de2f934,vggt,5,"[0, 37, 29, 39, 32]",0.01838974723047519,0.049727862837682,0.0810659784448888,0.8036674848829551,0.22433795608908544,0.3432522110948576,2.000005800294998,0.9973,0.4874,0.6563,0.673,0.1457,0.2324,camera_pose_sim3,2.4436584125043423,0.0903544906231127,10000,10000,True,False,True,/content/cv3d-project/data/cache/reconstruction/predictions/03001627/123b44b99e48eccb6960dc525de2f934/52ccfbdfec5d270749912339.npz,8296fa5d24513ba0343e52ab229259a6ef7eac67cdefa7c98ec3826228a5ebae,/content/cv3d-project/data/cache/reconstruction/metrics/03001627/123b44b99e48eccb6960dc525de2f934/b9dd673fa7daf45445996b33.json,11.40176499984591
03001627/123b44b99e48eccb6960dc525de2f934,vggt,10,"[0, 37, 29, 39, 32, 40, 33, 41, 46, 44]",0.1456743426329354,0.17244651075443135,0.19921867887592729,0.21096858288770057,0.010476444444444446,0.031734169278996874,2.000005800294998,0.2793,0.0142,0.0342,0.1695,0.0083,0.0296,camera_pose_sim3,2.3159546918568874,0.31301910592769044,10000,10000,True,False,True,/content/cv3d-project/data/cache/reconstruction/predictions/03001627/123b44b99e48eccb6960dc525de2f934/50cf33267257a4cc90a90b2b.npz,723dce73ba8daf653e1009b9796f217eceb4ebdd4408741efc85b4220795f865,/content/cv3d-project/data/cache/reconstruction/metrics/03001627/123b44b99e48eccb6960dc525de2f934/b31508dfeeb7a63c6458966c.json,12.065038999935496
03001627/124117cdec71699850c2ec40da48fd9d,vggt,1,[0],1.7036636696695866,1.7616158673991864,1.8195680651287862,0.0,0.0,0.0,1.9984808046793405,0.0,0.0,0.0,0.0,0.0,0.0,camera_rotation_center_and_target_diameter_scale_single_view,6.489970911035569,0.0,10000,10000,True,True,True,/content/cv3d-project/data/cache/reconstruction/predictions/03001627/124117cdec71699850c2ec40da48fd9d/9549d1ea165c7d00977002c6.npz,1284639f75f1b238fd7997073a73eb085c993943c86cde615bbaaf5f688a734e,/content/cv3d-project/data/cache/reconstruction/metrics/03001627/124117cdec71699850c2ec40da48fd9d/9f0246c923cb7a468771e9a6.json,3.741835999790055
03001627/124117cdec71699850c2ec40da48fd9d,vggt,2,"[0, 17]",0.034071405455059,0.12651483620555468,0.21895826695605036,0.23305945754925347,0.010455929203539823,0.02384430473372781,1.9984808046793405,1.0,0.1641,0.2579,0.1319,0.0054,0.0125,camera_pose_sim3,1.1874421352275786,0.9283011022648079,10000,10000,True,False,True,/content/cv3d-project/data/cache/reconstruction/predictions/03001627/124117cdec71699850c2ec40da48fd9d/def2660f348cb923ed2528ea.npz,18f4481c6411673c9aa4adc8456adf13f2484ddbe871be8765eab45706e4b5ac,/content/cv3d-project/data/cache/reconstruction/metrics/03001627/124117cdec71699850c2ec40da48fd9d/80f24c446d5310458e57e198.json,12.153782000041247
03001627/124117cdec71699850c2ec40da48fd9d,vggt,3,"[0, 17, 25]",0.48596445315643,0.6320075698358065,0.778050686515183,0.0,0.0,0.0,1.9984808046793405,0.0,0.0,0.0,0.0,0.0,0.0,camera_pose_sim3,2.0577048577503403,0.7598604979722148,10000,10000,True,False,True,/content/cv3d-project/data/cache/reconstruction/predictions/03001627/124117cdec71699850c2ec40da48fd9d/12884c59ae13a63849160ed7.npz,78a7222d3f8934113f8b456938be0f40ea5c960d8922de4c2f252ba0278cc64a,/content/cv3d-project/data/cache/reconstruction/metrics/03001627/124117cdec71699850c2ec40da48fd9d/ed354a196ae92684e31a40a0.json,12.656652000259783
03001627/124117cdec71699850c2ec40da48fd9d,vggt,5,"[0, 17, 25, 33, 24]",0.19064176237829272,0.22809950322026823,0.26555724406224374,0.08074044389642415,0.0,0.0,1.9984808046793405,0.0757,0.0,0.0,0.0865,0.0,0.0,camera_pose_sim3,2.4388553490733518,0.4071159875517016,10000,10000,True,False,True,/content/cv3d-project/data/cache/reconstruction/predictions/03001627/124117cdec71699850c2ec40da48fd9d/859adc7bf894af782547a92b.npz,aff3c4691beebaacba3b257d33574845eb3dc9fcb73caa629b5e767126d3eb8b,/content/cv3d-project/data/cache/reconstruction/metrics/03001627/124117cdec71699850c2ec40da48fd9d/1c367b47711737410f09ec63.json,12.535925000065617
03001627/124117cdec71699850c2ec40da48fd9d,vggt,10,"[0, 17, 25, 33, 24, 40, 32, 41, 46, 39]",0.2228392570489047,0.29743261406476323,0.37202597108062174,0.0,0.0,0.0,1.9984808046793405,0.0,0.0,0.0,0.0,0.0,0.0,camera_pose_sim3,1.5606227342417043,0.7612568379900065,10000,10000,True,False,True,/content/cv3d-project/data/cache/reconstruction/predictions/03001627/124117cdec71699850c2ec40da48fd9d/640cdef7bb8d44cf4f4aba32.npz,329d1748a50cd18fd1d335da62a6320b73beab05d1b21ab9d63d216900ccae34,/content/cv3d-project/data/cache/reconstruction/metrics/03001627/124117cdec71699850c2ec40da48fd9d/7026de90e0b3505d3b9a2637.json,12.814182000056462
03001627/124ef426dfa0aa38ff6069724068a578,vggt,1,[0],1.4477851215310167,1.5803027194649668,1.7128203173989172,0.0,0.0,0.0,1.9973495293825851,0.0,0.0,0.0,0.0,0.0,0.0,camera_rotation_center_and_target_diameter_scale_single_view,6.201234297869041,0.0,10000,10000,True,True,True,/content/cv3d-project/data/cache/reconstruction/predictions/03001627/124ef426dfa0aa38ff6069724068a578/9b5e176e85f8bedf9815fe5c.npz,2238c6dde4390175107e603361adabaf715be0348b518448099de1d0261237d4,/content/cv3d-project/data/cache/reconstruction/metrics/03001627/124ef426dfa0aa38ff6069724068a578/cb7a7f5c156f050250934298.json,3.811082000083843
03001627/124ef426dfa0aa38ff6069724068a578,vggt,2,"[0, 5]",0.9866295745496444,1.0968039975034094,1.2069784204571743,0.0,0.0,0.0,1.9973495293825851,0.0,0.0,0.0,0.0,0.0,0.0,camera_pose_sim3,0.7305009431157224,0.06073649829889755,10000,10000,True,False,True,/content/cv3d-project/data/cache/reconstruction/predictions/03001627/124ef426dfa0aa38ff6069724068a578/1957f6db3ade06924b34027c.npz,1cd09a517f520def6103f301248d691f4fe8bd0d4ac2be09b08be9533b1d784c,/content/cv3d-project/data/cache/reconstruction/metrics/03001627/124ef426dfa0aa38ff6069724068a578/ef28757616250f7960422139.json,11.607278999690607
03001627/124ef426dfa0aa38ff6069724068a578,vggt,3,"[0, 5, 31]",0.3493814804341659,0.502124957758859,0.6548684350835522,0.0,0.0,0.0,1.9973495293825851,0.0,0.0,0.0,0.0,0.0,0.0,camera_pose_sim3,1.634136119693858,0.5453775900188687,10000,10000,True,False,True,/content/cv3d-project/data/cache/reconstruction/predictions/03001627/124ef426dfa0aa38ff6069724068a578/d1beea3afa13a213aec53bc8.npz,6a3b5183129be96ce3630fa9ac255fd8b4e2d30eb0ed962a89e2c40ec9dfe8e9,/content/cv3d-project/data/cache/reconstruction/metrics/03001627/124ef426dfa0aa38ff6069724068a578/ed8b0f26645c567dc4475e1f.json,11.442237000210298
03001627/124ef426dfa0aa38ff6069724068a578,vggt,5,"[0, 5, 31, 23, 16]",0.06203781941099293,0.1298558243725952,0.1976738293341975,0.3683852987936033,0.0002666666666666666,0.018183988764044944,1.9973495293825851,0.8328,0.0002,0.0605,0.2365,0.0004,0.0107,camera_pose_sim3,2.3025170760633085,0.27151994414663216,10000,10000,True,False,True,/content/cv3d-project/data/cache/reconstruction/predictions/03001627/124ef426dfa0aa38ff6069724068a578/9e6bba90f53bb1ebcdc3df6f.npz,35bf1fe8ed447fd3b659297a920e636b617ce6e23f5e8d8c6584e2e67e2a4ef4,/content/cv3d-project/data/cache/reconstruction/metrics/03001627/124ef426dfa0aa38ff6069724068a578/0cdcd3cd04a406b3ae0fbd1b.json,11.801412000295386
03001627/124ef426dfa0aa38ff6069724068a578,vggt,10,"[0, 5, 31, 23, 16, 24, 33, 32, 40, 25]",0.059290886478563766,0.077359982025536,0.09542907757250824,0.7654497354497354,0.031986842105263154,0.07265322580645163,1.9973495293825851,0.9775,0.0429,0.0858,0.629,0.0255,0.063,camera_pose_sim3,2.626426838006676,0.21106021902422742,10000,10000,True,False,True,/content/cv3d-project/data/cache/reconstruction/predictions/03001627/124ef426dfa0aa38ff6069724068a578/be6bab22c8f6395b98032941.npz,82e7b0b7fa453ebdcdf68e5dc4271eed6933c028fc565d0f7248ea7af7060c44,/content/cv3d-project/data/cache/reconstruction/metrics/03001627/124ef426dfa0aa38ff6069724068a578/28f1fa27d9736b677e0c95d6.json,13.027875999796379
03001627/126e65c55961e5c166f17d3ad78f5a62,vggt,1,[0],1.1280788415504448,1.2595335274041985,1.3909882132579523,0.0,0.0,0.0,1.996358411819242,0.0,0.0,0.0,0.0,0.0,0.0,camera_rotation_center_and_target_diameter_scale_single_view,5.595346652547654,0.0,10000,10000,True,True,True,/content/cv3d-project/data/cache/reconstruction/predictions/03001627/126e65c55961e5c166f17d3ad78f5a62/eab2d30fdd27d9ae8da4bb07.npz,db12d967abf228aa431d6305d58a7364faeee259f457007a717d92a1ca7d67d8,/content/cv3d-project/data/cache/reconstruction/metrics/03001627/126e65c55961e5c166f17d3ad78f5a62/412877772cbd39f9b69ca06a.json,4.044367000005877
03001627/126e65c55961e5c166f17d3ad78f5a62,vggt,2,"[0, 25]",0.11525721017301262,0.3436049234052739,0.5719526366375352,0.0,0.0,0.0,1.996358411819242,0.0,0.0,0.0,0.0,0.0,0.0,camera_pose_sim3,0.23214577102160402,1.128909907523754,10000,10000,True,False,True,/content/cv3d-project/data/cache/reconstruction/predictions/03001627/126e65c55961e5c166f17d3ad78f5a62/3dd245be5435f729dc996d88.npz,e70f5eb8da33817ca4deeb7859865ad9cf1a8bf3de86b3830298a87e53c32ac6,/content/cv3d-project/data/cache/reconstruction/metrics/03001627/126e65c55961e5c166f17d3ad78f5a62/d4b16158f681aae9eb9dbd2b.json,12.323329000082595
03001627/126e65c55961e5c166f17d3ad78f5a62,vggt,3,"[0, 25, 33]",0.2652071720620935,0.4356444330989584,0.6060816941358232,0.0,0.0,0.0,1.996358411819242,0.0,0.0,0.0,0.0,0.0,0.0,camera_pose_sim3,1.3814927693772312,0.9770185950211058,10000,10000,True,False,True,/content/cv3d-project/data/cache/reconstruction/predictions/03001627/126e65c55961e5c166f17d3ad78f5a62/8155bc5073c8c683335bc79c.npz,e06a17383972ac79d614746075a4b0973fbc13b171103e861c735cdbfa3ab80c,/content/cv3d-project/data/cache/reconstruction/metrics/03001627/126e65c55961e5c166f17d3ad78f5a62/56085dac77c20b4b2c7158eb.json,12.286553000194544
03001627/126e65c55961e5c166f17d3ad78f5a62,vggt,5,"[0, 25, 33, 40, 32]",0.3824687958719475,0.442566063658633,0.5026633314453185,0.0,0.0,0.0,1.996358411819242,0.0,0.0,0.0,0.0,0.0,0.0,camera_pose_sim3,1.23090493914906,0.8527791712434187,10000,10000,True,False,True,/content/cv3d-project/data/cache/reconstruction/predictions/03001627/126e65c55961e5c166f17d3ad78f5a62/71c5b695037a0633a0e8d9ef.npz,5e81b96514b074383b773cc9c997363f9ecbd2c987e452c58894bebb3db1d447,/content/cv3d-project/data/cache/reconstruction/metrics/03001627/126e65c55961e5c166f17d3ad78f5a62/8a39a149eb39be062ba06f18.json,12.139853999997285
03001627/126e65c55961e5c166f17d3ad78f5a62,vggt,10,"[0, 25, 33, 40, 32, 39, 45, 34, 41, 38]",0.2464710570750861,0.3614106070452347,0.4763501570153833,0.0,0.0,0.0,1.996358411819242,0.0,0.0,0.0,0.0,0.0,0.0,camera_pose_sim3,0.984740963561042,1.0080431958102445,10000,10000,True,False,True,/content/cv3d-project/data/cache/reconstruction/predictions/03001627/126e65c55961e5c166f17d3ad78f5a62/d58f4c70b3c95e4cab902412.npz,a85d8c184f709cd00fd7df761d80d3c298e84568de0c483bfb053e3f067de86d,/content/cv3d-project/data/cache/reconstruction/metrics/03001627/126e65c55961e5c166f17d3ad78f5a62/f21e1fc497ed67c3c942cf13.json,12.530872000297677
03001627/128517f2992b6fb92057e1ae1c4cc928,vggt,1,[0],0.7483799840565057,0.8688212474824133,0.9892625109083207,0.0,0.0,0.0,1.9968262078908938,0.0,0.0,0.0,0.0,0.0,0.0,camera_rotation_center_and_target_diameter_scale_single_view,4.835466949514598,0.0,10000,10000,True,True,True,/content/cv3d-project/data/cache/reconstruction/predictions/03001627/128517f2992b6fb92057e1ae1c4cc928/d90b8fb4a0cf16593fb0a784.npz,1c653139990ef73ece5ddfb29fbf5577cc8c8d4ebab123a67d93740ebf710352,/content/cv3d-project/data/cache/reconstruction/metrics/03001627/128517f2992b6fb92057e1ae1c4cc928/34fec3e339c689938d0b5cb7.json,3.910546000042814
03001627/128517f2992b6fb92057e1ae1c4cc928,vggt,2,"[0, 26]",0.3278729731427978,0.533901016077289,0.7399290590117802,0.0,0.0,0.0,1.9968262078908938,0.0,0.0,0.0,0.0,0.0,0.0,camera_pose_sim3,0.7735147478184186,0.976198128523914,10000,10000,True,False,True,/content/cv3d-project/data/cache/reconstruction/predictions/03001627/128517f2992b6fb92057e1ae1c4cc928/9ef9c905f58a61e5bce87e53.npz,8ae8f84558ad215c3d1fffc5386f8020b73a57e02649228ca99a0b9aac7fcb73,/content/cv3d-project/data/cache/reconstruction/metrics/03001627/128517f2992b6fb92057e1ae1c4cc928/4f8f5fe3c1924f44ad4a1cf7.json,11.766863000048033
03001627/128517f2992b6fb92057e1ae1c4cc928,vggt,3,"[0, 26, 18]",0.1343733230086853,0.32849968978723965,0.522626056565794,0.012293069306930695,0.0,0.0,1.9968262078908938,0.1552,0.0,0.0,0.0064,0.0,0.0,camera_pose_sim3,1.291474449410478,0.8092990452308826,10000,10000,True,False,True,/content/cv3d-project/data/cache/reconstruction/predictions/03001627/128517f2992b6fb92057e1ae1c4cc928/0c29fc59002d9bc7ba3a06e4.npz,f5cafa23991ff49d9dc3367dbe155d6ef8c9b3485b10f598811a874b7ea57b3b,/content/cv3d-project/data/cache/reconstruction/metrics/03001627/128517f2992b6fb92057e1ae1c4cc928/ef7ae7c3811dd60b2f070929.json,11.81347800002186
03001627/128517f2992b6fb92057e1ae1c4cc928,vggt,5,"[0, 26, 18, 25, 34]",0.5064714039350509,0.6607930513953822,0.8151146988557136,0.0,0.0,0.0,1.9968262078908938,0.0,0.0,0.0,0.0,0.0,0.0,camera_pose_sim3,1.3212953454286622,0.714206471920484,10000,10000,True,False,True,/content/cv3d-project/data/cache/reconstruction/predictions/03001627/128517f2992b6fb92057e1ae1c4cc928/667c8aacbe4349fafabeebfe.npz,8e39c0944938891ad12a733a2d37ac5f30d3ba072e3e1982fad1f760f322c327,/content/cv3d-project/data/cache/reconstruction/metrics/03001627/128517f2992b6fb92057e1ae1c4cc928/c1d7732f00779b5977d7532d.json,12.295895000079327
03001627/128517f2992b6fb92057e1ae1c4cc928,vggt,10,"[0, 26, 18, 25, 34, 33, 41, 40, 32, 39]",0.47247021820218527,0.7124175243932946,0.9523648305844041,0.0,0.0,0.0,1.9968262078908938,0.0,0.0,0.0,0.0,0.0,0.0,camera_pose_sim3,0.5663448775522143,1.0342468584243136,10000,10000,True,False,True,/content/cv3d-project/data/cache/reconstruction/predictions/03001627/128517f2992b6fb92057e1ae1c4cc928/7f0cc0662132b72255674c4e.npz,b6ec355be2478d4034d0cbda986a41958b477916aa5e8840a92e91774adb285f,/content/cv3d-project/data/cache/reconstruction/metrics/03001627/128517f2992b6fb92057e1ae1c4cc928/9a207ab04e227cf09d7bbb5c.json,13.026375999743323
03001627/12a56b6d02a93c5c711beb49b60c734f,vggt,1,[0],1.8088079701031126,1.9703598485347857,2.1319117269664587,0.0,0.0,0.0,1.9849204329072256,0.0,0.0,0.0,0.0,0.0,0.0,camera_rotation_center_and_target_diameter_scale_single_view,6.969912431300704,0.0,10000,10000,True,True,True,/content/cv3d-project/data/cache/reconstruction/predictions/03001627/12a56b6d02a93c5c711beb49b60c734f/dfdc3cbdeffc64bf4f0cafab.npz,9ff3969592ee3b585ff8fbc8b604cbf8c8337275b4c184996aa3239bbb5fd319,/content/cv3d-project/data/cache/reconstruction/metrics/03001627/12a56b6d02a93c5c711beb49b60c734f/3713b408616ef18e5604e6f9.json,4.070922999744653
03001627/12a56b6d02a93c5c711beb49b60c734f,vggt,2,"[0, 35]",0.0372903106605684,0.16035116454704856,0.2834120184335287,0.17944039638589332,0.01949833852544133,0.0399463611287927,1.9849204329072256,0.93,0.1823,0.4504,0.0993,0.0103,0.0209,camera_pose_sim3,2.063939053329811,0.7119887141293946,10000,10000,True,False,True,/content/cv3d-project/data/cache/reconstruction/predictions/03001627/12a56b6d02a93c5c711beb49b60c734f/8d06c2105c6f5ef2c4e43194.npz,8a7795264bdcd3e688eff9345077a5d161001dd6c52fd8aa7b0a3e859652968d,/content/cv3d-project/data/cache/reconstruction/metrics/03001627/12a56b6d02a93c5c711beb49b60c734f/593835063e681173b314504a.json,12.235314999998081
03001627/12a56b6d02a93c5c711beb49b60c734f,vggt,3,"[0, 35, 26]",0.1201100204268414,0.2311558754463375,0.34220173046583363,0.025823297357647934,0.0,0.0,1.9849204329072256,0.2551,0.0,0.0,0.0136,0.0,0.0,camera_pose_sim3,0.8556335030565055,0.9957466735500923,10000,10000,True,False,True,/content/cv3d-project/data/cache/reconstruction/predictions/03001627/12a56b6d02a93c5c711beb49b60c734f/bffc706c6cded9161ee27b1e.npz,69157e914cf4557268c2fd14d4955b7b790a914ddbf0fb6d2c165ba325d1e2bf,/content/cv3d-project/data/cache/reconstruction/metrics/03001627/12a56b6d02a93c5c711beb49b60c734f/a52a27f8e654b6390389e3b3.json,12.305223000112164
03001627/12a56b6d02a93c5c711beb49b60c734f,vggt,5,"[0, 35, 26, 18, 40]",0.8137862788922973,0.9037178885706845,0.9936494982490718,0.0,0.0,0.0,1.9849204329072256,0.0,0.0,0.0,0.0,0.0,0.0,camera_pose_sim3,2.0842386916718847,0.9838801295073679,10000,10000,True,False,True,/content/cv3d-project/data/cache/reconstruction/predictions/03001627/12a56b6d02a93c5c711beb49b60c734f/8d61380e4f552ef8016b1aae.npz,f0b21cd42bb7518077ec552c658fd8644930efd938bb6997941ef77c7a4e9cac,/content/cv3d-project/data/cache/reconstruction/metrics/03001627/12a56b6d02a93c5c711beb49b60c734f/1454667a102bb97628192f8a.json,12.352018999990833
03001627/12a56b6d02a93c5c711beb49b60c734f,vggt,10,"[0, 35, 26, 18, 40, 33, 46, 25, 32, 39]",0.6296643246304895,0.7372426793255991,0.8448210340207085,0.0,0.0,0.0,1.9849204329072256,0.0,0.0,0.0,0.0,0.0,0.0,camera_pose_sim3,1.2857710745427484,0.9184021729084226,10000,10000,True,False,True,/content/cv3d-project/data/cache/reconstruction/predictions/03001627/12a56b6d02a93c5c711beb49b60c734f/afe97243e50f0231931ffc08.npz,f29e1755b10b132f18459570854c85bb7ba1706a103b136c486af693cd0ba2d1,/content/cv3d-project/data/cache/reconstruction/metrics/03001627/12a56b6d02a93c5c711beb49b60c734f/fc61dfa64425187160f7afe1.json,12.901639000119758
03001627/12c2b7080b07146a9d4d5dcd2cc33826,vggt,1,[0],0.9786468697074743,1.0587637350863142,1.1388806004651542,0.0,0.0,0.0,2.0000037857665856,0.0,0.0,0.0,0.0,0.0,0.0,camera_rotation_center_and_target_diameter_scale_single_view,5.407754498424845,0.0,10000,10000,True,True,True,/content/cv3d-project/data/cache/reconstruction/predictions/03001627/12c2b7080b07146a9d4d5dcd2cc33826/f51d6803b9edb0248f803bea.npz,d853e5887fc45ab3f542b2f4c49cefaccba99bb8d4b4f52b24c6175610646b82,/content/cv3d-project/data/cache/reconstruction/metrics/03001627/12c2b7080b07146a9d4d5dcd2cc33826/cef2d3f198f8f377126ed9f9.json,3.8613430001532834
03001627/12c2b7080b07146a9d4d5dcd2cc33826,vggt,2,"[0, 26]",0.14297270533866932,0.30346821920067796,0.4639637330626866,0.014365506807866869,0.0,0.0,2.0000037857665856,0.0579,0.0,0.0,0.0082,0.0,0.0,camera_pose_sim3,1.5889261627374047,0.7266922314421608,10000,10000,True,False,True,/content/cv3d-project/data/cache/reconstruction/predictions/03001627/12c2b7080b07146a9d4d5dcd2cc33826/a371cffaf3397bfa640d418d.npz,7fd78d0bad9fbc1316ed396fffa73b33ee8480174ce6def3eff2b52d5b1cb7f4,/content/cv3d-project/data/cache/reconstruction/metrics/03001627/12c2b7080b07146a9d4d5dcd2cc33826/b91220240c6217b1d3a0b855.json,12.130349000017304
03001627/12c2b7080b07146a9d4d5dcd2cc33826,vggt,3,"[0, 26, 18]",0.10689686866061714,0.3080069925502467,0.5091171164398763,0.03543268635724332,0.0,9.999999999999999e-05,2.0000037857665856,0.3368,0.0,0.0001,0.0187,0.0,0.0001,camera_pose_sim3,1.1868112411564053,0.7549670891080545,10000,10000,True,False,True,/content/cv3d-project/data/cache/reconstruction/predictions/03001627/12c2b7080b07146a9d4d5dcd2cc33826/fcbac6a550c74458f4732e71.npz,eabbc394305316ec566e8f630cbd20f1df9814550fb7c567ca0c745e2a87bb4f,/content/cv3d-project/data/cache/reconstruction/metrics/03001627/12c2b7080b07146a9d4d5dcd2cc33826/bd99f71d7021067675b7f471.json,11.84725500024797
03001627/12c2b7080b07146a9d4d5dcd2cc33826,vggt,5,"[0, 26, 18, 24, 33]",1.009510871210601,1.173925085025726,1.338339298840851,0.0,0.0,0.0,2.0000037857665856,0.0,0.0,0.0,0.0,0.0,0.0,camera_pose_sim3_positive_scale_fallback,1.7571785639523305,1.1791091437509416,10000,10000,True,False,True,/content/cv3d-project/data/cache/reconstruction/predictions/03001627/12c2b7080b07146a9d4d5dcd2cc33826/c7ea7ff2dc603d36998c3684.npz,90032dd1e38902b2d1bf0e9c6ab1729940092917ea220c90bb80c8fcd0e35897,/content/cv3d-project/data/cache/reconstruction/metrics/03001627/12c2b7080b07146a9d4d5dcd2cc33826/2f89674b276fc6cdf1c524b9.json,11.977026999829832
03001627/12c2b7080b07146a9d4d5dcd2cc33826,vggt,10,"[0, 26, 18, 24, 33, 40, 46, 32, 39, 45]",0.321774231273853,0.5038172602723922,0.6858602892709313,0.0,0.0,0.0,2.0000037857665856,0.0,0.0,0.0,0.0,0.0,0.0,camera_pose_sim3,0.9833225153100431,0.9890042457319064,10000,10000,True,False,True,/content/cv3d-project/data/cache/reconstruction/predictions/03001627/12c2b7080b07146a9d4d5dcd2cc33826/1190ffff3c723206f25e3693.npz,af5696d8ec1050c2856ad92dab165a4277a660d39a6ed34f2dd240a22447532f,/content/cv3d-project/data/cache/reconstruction/metrics/03001627/12c2b7080b07146a9d4d5dcd2cc33826/0c5761485eddd24f48dae1c1.json,12.065249999977823
03001627/12d7ca3c06faaadf17b431cae0dd70ed,vggt,1,[0],2.51182169868387,2.610657755734523,2.709493812785176,0.0,0.0,0.0,1.9922326601085345,0.0,0.0,0.0,0.0,0.0,0.0,camera_rotation_center_and_target_diameter_scale_single_view,8.236552213024824,0.0,10000,10000,True,True,True,/content/cv3d-project/data/cache/reconstruction/predictions/03001627/12d7ca3c06faaadf17b431cae0dd70ed/a6a4b3a6e87ae2ec54c60e74.npz,7c025056b203fd9c8485ee17ba414592562da81f14ff35e981347629e8ecb61e,/content/cv3d-project/data/cache/reconstruction/metrics/03001627/12d7ca3c06faaadf17b431cae0dd70ed/9afea6ac16b19049c38e41b3.json,3.7718990001849306
03001627/12d7ca3c06faaadf17b431cae0dd70ed,vggt,2,"[0, 4]",0.10075272694303276,0.19126509381216464,0.2817774606812965,0.12060168122630625,0.0,0.0,1.9922326601085345,0.5388,0.0,0.0,0.0679,0.0,0.0,camera_pose_sim3,2.2076052412234115,0.042623718478286346,10000,10000,True,False,True,/content/cv3d-project/data/cache/reconstruction/predictions/03001627/12d7ca3c06faaadf17b431cae0dd70ed/1454a596ca6e129587236407.npz,148c4ef7da25e39653b24ffe54ac40141ec2f9fc362e86b4f3bed7ae45b79a75,/content/cv3d-project/data/cache/reconstruction/metrics/03001627/12d7ca3c06faaadf17b431cae0dd70ed/de098d06aab211ee0da80d1b.json,11.306605000299896
03001627/12d7ca3c06faaadf17b431cae0dd70ed,vggt,3,"[0, 4, 43]",0.2974112914768167,0.44737435260690117,0.5973374137369856,0.0,0.0,0.0,1.9922326601085345,0.0,0.0,0.0,0.0,0.0,0.0,camera_pose_sim3,3.5521235851216457,0.32111255573482406,10000,10000,True,False,True,/content/cv3d-project/data/cache/reconstruction/predictions/03001627/12d7ca3c06faaadf17b431cae0dd70ed/82e36456859fbf673fd48a7a.npz,d469ea84889cd42ce2e43b30fa1f49a58492ff2d45f296b2ce7080445aaf7b09,/content/cv3d-project/data/cache/reconstruction/metrics/03001627/12d7ca3c06faaadf17b431cae0dd70ed/cd34aba80986a13894cadbcf.json,11.047525999856589
03001627/12d7ca3c06faaadf17b431cae0dd70ed,vggt,5,"[0, 4, 43, 35, 25]",0.14179810363535636,0.28566540923743855,0.4295327148395207,0.03907791023842917,0.0,0.00034285714285714285,1.9922326601085345,0.2641,0.0,0.0004,0.0211,0.0,0.0003,camera_pose_sim3,2.0089793914651977,0.7839974404592907,10000,10000,True,False,True,/content/cv3d-project/data/cache/reconstruction/predictions/03001627/12d7ca3c06faaadf17b431cae0dd70ed/1a77ec655920fbea3f04dc84.npz,fe3df71f216c0811b4ea957a06cc44e3e3569484bd038b0e0f7ca350dc21ee65,/content/cv3d-project/data/cache/reconstruction/metrics/03001627/12d7ca3c06faaadf17b431cae0dd70ed/9657cedfd3ea647d3b2d0a37.json,11.29275100038285
03001627/12d7ca3c06faaadf17b431cae0dd70ed,vggt,10,"[0, 4, 43, 35, 25, 33, 40, 18, 32, 26]",0.21812287085530438,0.33558147633984536,0.4530400818243864,0.0,0.0,0.0,1.9922326601085345,0.0,0.0,0.0,0.0,0.0,0.0,camera_pose_sim3,2.100550920176376,0.7433502066408806,10000,10000,True,False,True,/content/cv3d-project/data/cache/reconstruction/predictions/03001627/12d7ca3c06faaadf17b431cae0dd70ed/97d969b58c16616271903858.npz,133db1001834943c163666dc17ab7813774f61875291fea9c9c02915f101e6db,/content/cv3d-project/data/cache/reconstruction/metrics/03001627/12d7ca3c06faaadf17b431cae0dd70ed/7dd2c38afc56a010f2cd5a17.json,11.678349999783677
03001627/12f395270a3316d01666e1246e760f82,vggt,1,[0],1.4935742992156438,1.5956105153308524,1.6976467314460613,0.0,0.0,0.0,1.9962887225302133,0.0,0.0,0.0,0.0,0.0,0.0,camera_rotation_center_and_target_diameter_scale_single_view,6.204282683670682,0.0,10000,10000,True,True,True,/content/cv3d-project/data/cache/reconstruction/predictions/03001627/12f395270a3316d01666e1246e760f82/6375a93b071a5f1c8d696871.npz,b1a1a03dfee92226a41ec269ffde06657fa2fd0ab4dba8e72a18e47dd16e6ae7,/content/cv3d-project/data/cache/reconstruction/metrics/03001627/12f395270a3316d01666e1246e760f82/f54844ecd46b51e53a3e859f.json,3.6588049997590133
03001627/12f395270a3316d01666e1246e760f82,vggt,2,"[0, 17]",0.2124496447050138,0.28128323177552284,0.35011681884603185,0.007609756097560976,0.0,0.0,1.9962887225302133,0.0104,0.0,0.0,0.006,0.0,0.0,camera_pose_sim3,2.19900424707252,0.5571973408565614,10000,10000,True,False,True,/content/cv3d-project/data/cache/reconstruction/predictions/03001627/12f395270a3316d01666e1246e760f82/5137417753c82127b3eccaf9.npz,2a2c541c1087747df894bc103b018169bcf2a5a0ffc9a230a4c8f6b97627e4f7,/content/cv3d-project/data/cache/reconstruction/metrics/03001627/12f395270a3316d01666e1246e760f82/3ae4e23d31678c5babc5c17a.json,11.10685799994826
03001627/12f395270a3316d01666e1246e760f82,vggt,3,"[0, 17, 24]",0.031066351559448403,0.10629966727797248,0.18153298299649656,0.5715036527032904,0.04074579831932773,0.10200901344442341,1.9962887225302133,0.9757,0.2155,0.4709,0.4041,0.0225,0.0572,camera_pose_sim3,2.322393350948849,0.43207092659166446,10000,10000,True,False,True,/content/cv3d-project/data/cache/reconstruction/predictions/03001627/12f395270a3316d01666e1246e760f82/7aadb279add1366ebe342448.npz,cf43c6240aaec974fd08876781660f3f2c7671604a18c35a266905fab8f1d6df,/content/cv3d-project/data/cache/reconstruction/metrics/03001627/12f395270a3316d01666e1246e760f82/f47c8250a7b63e68374bec1b.json,11.090206000062608
03001627/12f395270a3316d01666e1246e760f82,vggt,5,"[0, 17, 24, 33, 25]",0.2266896757734528,0.3126683239070375,0.39864697204062227,0.01200331950207469,0.0,0.0,1.9962887225302133,0.0113,0.0,0.0,0.0128,0.0,0.0,camera_pose_sim3,1.7155928327977945,0.5654665183478653,10000,10000,True,False,True,/content/cv3d-project/data/cache/reconstruction/predictions/03001627/12f395270a3316d01666e1246e760f82/63b9e34df7d88a4626c48641.npz,210187f1cc484a46c5b7ec3e71013ddb8dc70ab587c1b1a319ce2f9b11cc2c39,/content/cv3d-project/data/cache/reconstruction/metrics/03001627/12f395270a3316d01666e1246e760f82/b7813bf2c18c26971c468140.json,11.119721999875765
03001627/12f395270a3316d01666e1246e760f82,vggt,10,"[0, 17, 24, 33, 25, 40, 32, 34, 41, 46]",0.35294834657988844,0.4675260473590438,0.5821037481381991,0.0,0.0,0.0,1.9962887225302133,0.0,0.0,0.0,0.0,0.0,0.0,camera_pose_sim3,1.0963391843121781,0.8489505955023395,10000,10000,True,False,True,/content/cv3d-project/data/cache/reconstruction/predictions/03001627/12f395270a3316d01666e1246e760f82/c7cfa56db73a6c1056a82042.npz,572d74da47d45825f92e7180125569348a13688bdacdcbb076f631be8d39825d,/content/cv3d-project/data/cache/reconstruction/metrics/03001627/12f395270a3316d01666e1246e760f82/43ae008b0c4309ee1855da6c.json,11.841377000109787
03001627/12f4d8c20ef311d988dcbe86402c7c15,vggt,1,[0],1.9033720851529263,2.041727272816391,2.180082460479856,0.0,0.0,0.0,1.9803181786710795,0.0,0.0,0.0,0.0,0.0,0.0,camera_rotation_center_and_target_diameter_scale_single_view,7.044601552491231,0.0,10000,10000,True,True,True,/content/cv3d-project/data/cache/reconstruction/predictions/03001627/12f4d8c20ef311d988dcbe86402c7c15/05441f439988f3345ff115a4.npz,8b1a00229037479910df4ec5597ac0b019f12aa497f316dff49b1db0e2923785,/content/cv3d-project/data/cache/reconstruction/metrics/03001627/12f4d8c20ef311d988dcbe86402c7c15/a7d783efb3209cf28a100e7f.json,3.783855000165204
03001627/12f4d8c20ef311d988dcbe86402c7c15,vggt,2,"[0, 26]",0.34720303366070804,0.507986343615461,0.6687696535702139,0.0,0.0,0.0,1.9803181786710795,0.0,0.0,0.0,0.0,0.0,0.0,camera_pose_sim3,1.105297159625956,0.9041873207876191,10000,10000,True,False,True,/content/cv3d-project/data/cache/reconstruction/predictions/03001627/12f4d8c20ef311d988dcbe86402c7c15/dac23af1778cd4afa0fa82e7.npz,189f37a4d94fc65a1b9a399623f3c475295850359ffc23f32735d88063bfabad,/content/cv3d-project/data/cache/reconstruction/metrics/03001627/12f4d8c20ef311d988dcbe86402c7c15/7a92bf979e46305f5d25ddab.json,11.170181000125012
03001627/12f4d8c20ef311d988dcbe86402c7c15,vggt,3,"[0, 26, 18]",0.5088033077228269,0.6307614842790978,0.7527196608353688,0.0,0.0,0.0,1.9803181786710795,0.0,0.0,0.0,0.0,0.0,0.0,camera_pose_sim3,1.5232382712495753,0.6790048712004643,10000,10000,True,False,True,/content/cv3d-project/data/cache/reconstruction/predictions/03001627/12f4d8c20ef311d988dcbe86402c7c15/ff53bfd8f8aa5804d257dab3.npz,4252d1ff39bc46ec091ca7c6d3216d952e2ee674f4fc50287ec74f52d45f83d5,/content/cv3d-project/data/cache/reconstruction/metrics/03001627/12f4d8c20ef311d988dcbe86402c7c15/656a725cee7f33fabba4a13f.json,11.037806999866007
03001627/12f4d8c20ef311d988dcbe86402c7c15,vggt,5,"[0, 26, 18, 34, 25]",0.3948731286087345,0.46169942611849,0.5285257236282455,0.0,0.0,0.0,1.9803181786710795,0.0,0.0,0.0,0.0,0.0,0.0,camera_pose_sim3,1.8099887986973278,0.6302111035550556,10000,10000,True,False,True,/content/cv3d-project/data/cache/reconstruction/predictions/03001627/12f4d8c20ef311d988dcbe86402c7c15/759bdad3061d69cb165e2180.npz,3bdaf1a5e1340e509db6d8c7b4bb785f197bc28c50abb55e29e431a1ed4d380a,/content/cv3d-project/data/cache/reconstruction/metrics/03001627/12f4d8c20ef311d988dcbe86402c7c15/869611f3deba97ca7db57053.json,11.199522000424622
03001627/12f4d8c20ef311d988dcbe86402c7c15,vggt,10,"[0, 26, 18, 34, 25, 44, 41, 33, 46, 37]",0.3772415063413873,0.5450080188896678,0.7127745314379481,0.0,0.0,0.0,1.9803181786710795,0.0,0.0,0.0,0.0,0.0,0.0,camera_pose_sim3,0.41179911430974103,1.1744025072434425,10000,10000,True,False,True,/content/cv3d-project/data/cache/reconstruction/predictions/03001627/12f4d8c20ef311d988dcbe86402c7c15/28673f449ad31698b3b2af9a.npz,93e1e5705aab17725565e9194e4924df340a17ad7984b214070c9e324eb1d489,/content/cv3d-project/data/cache/reconstruction/metrics/03001627/12f4d8c20ef311d988dcbe86402c7c15/2d0396388eb3cdd326ab14d0.json,11.759146000258625
03001627/13076ebf8b5cc457b8d6f69a14683de3,vggt,1,[0],1.4232472868361365,1.5263653078564252,1.6294833288767139,0.0,0.0,0.0,1.9841606377707288,0.0,0.0,0.0,0.0,0.0,0.0,camera_rotation_center_and_target_diameter_scale_single_view,5.964525448388889,0.0,10000,10000,True,True,True,/content/cv3d-project/data/cache/reconstruction/predictions/03001627/13076ebf8b5cc457b8d6f69a14683de3/3b3e77f4ffce0ce4fb6980fd.npz,38cf9dd7d3be9043122a7b4c66538e95f225dcfd019b288d7fc8c335318d56ef,/content/cv3d-project/data/cache/reconstruction/metrics/03001627/13076ebf8b5cc457b8d6f69a14683de3/3a647c26a6515737c16fbd6f.json,3.7318859999686538
03001627/13076ebf8b5cc457b8d6f69a14683de3,vggt,2,"[0, 5]",0.7576098905935332,0.8532042755688805,0.9487986605442276,0.0,0.0,0.0,1.9841606377707288,0.0,0.0,0.0,0.0,0.0,0.0,camera_pose_sim3,1.0103712597917365,0.08335675875832298,10000,10000,True,False,True,/content/cv3d-project/data/cache/reconstruction/predictions/03001627/13076ebf8b5cc457b8d6f69a14683de3/5d3749055cffee1c5e92da13.npz,18e580fa85112255d81f82bfda6a5e976a303dde36b4e770130be19fb1b27f93,/content/cv3d-project/data/cache/reconstruction/metrics/03001627/13076ebf8b5cc457b8d6f69a14683de3/3c403c8e6d422724a46ee8d8.json,11.106908999863663
03001627/13076ebf8b5cc457b8d6f69a14683de3,vggt,3,"[0, 5, 23]",0.030861951932166298,0.0762943360954609,0.12172672025875549,0.661929884357882,0.059854488680718194,0.15270249269382843,1.9841606377707288,0.9786,0.2216,0.4913,0.5001,0.0346,0.0904,camera_pose_sim3,2.5138449895759782,0.4166425421120883,10000,10000,True,False,True,/content/cv3d-project/data/cache/reconstruction/predictions/03001627/13076ebf8b5cc457b8d6f69a14683de3/e2a2a35ae3773dd3e4b34539.npz,572f1e230f983d025aa0ca4bd6df8d8f5c52903e11486f8056acc3bffe0b8744,/content/cv3d-project/data/cache/reconstruction/metrics/03001627/13076ebf8b5cc457b8d6f69a14683de3/9771f899258937993ecaa076.json,11.284575999980007
03001627/13076ebf8b5cc457b8d6f69a14683de3,vggt,5,"[0, 5, 23, 16, 24]",0.06335016934369778,0.09024436620177624,0.1171385630598547,0.6386017959553275,0.020685534591194966,0.06470116156282998,1.9841606377707288,0.7887,0.0506,0.148,0.5365,0.013,0.0414,camera_pose_sim3,2.536853858735926,0.49555829036122334,10000,10000,True,False,True,/content/cv3d-project/data/cache/reconstruction/predictions/03001627/13076ebf8b5cc457b8d6f69a14683de3/9f8308567506b5672b341d71.npz,11e810a3d30d3b68e379df96e6af1bcdcd5fe26470a223e87b9506fbd1116798,/content/cv3d-project/data/cache/reconstruction/metrics/03001627/13076ebf8b5cc457b8d6f69a14683de3/675daa100f4a3db01454be15.json,11.432041000261961
03001627/13076ebf8b5cc457b8d6f69a14683de3,vggt,10,"[0, 5, 23, 16, 24, 32, 33, 40, 25, 31]",0.097274061986215,0.10319917470552745,0.1091242874248399,0.48940055068325516,0.026251811594202895,0.06715128393250183,1.9841606377707288,0.4693,0.0337,0.0764,0.5113,0.0215,0.0599,camera_pose_sim3,2.649918851172091,0.38272405869910203,10000,10000,True,False,True,/content/cv3d-project/data/cache/reconstruction/predictions/03001627/13076ebf8b5cc457b8d6f69a14683de3/ef81539a19f3f85578e10c8e.npz,ff1cd211fd8e69a427d250522e24f7c889d183a22e6fcef740bd45dbc356aac5,/content/cv3d-project/data/cache/reconstruction/metrics/03001627/13076ebf8b5cc457b8d6f69a14683de3/9f1d860bfb1eb1238bff0cd2.json,12.537252000129229
03001627/131abb0b13d6c5b97f0b1e4f6d35b0ba,vggt,1,[0],2.30846524169641,2.4265064804200156,2.544547719143621,0.0,0.0,0.0,1.99888168340204,0.0,0.0,0.0,0.0,0.0,0.0,camera_rotation_center_and_target_diameter_scale_single_view,7.802181779469606,0.0,10000,10000,True,True,True,/content/cv3d-project/data/cache/reconstruction/predictions/03001627/131abb0b13d6c5b97f0b1e4f6d35b0ba/fee0e9095c7230b90ddbe132.npz,d260128151aad62d9aa2c46566411f460dab97c861dbc08fa794e74f92d7948f,/content/cv3d-project/data/cache/reconstruction/metrics/03001627/131abb0b13d6c5b97f0b1e4f6d35b0ba/343c0f9b27925150975ef171.json,3.7091249996592524
03001627/131abb0b13d6c5b97f0b1e4f6d35b0ba,vggt,2,"[0, 43]",1.4327821195344352,1.5474653218507477,1.6621485241670602,0.0,0.0,0.0,1.99888168340204,0.0,0.0,0.0,0.0,0.0,0.0,camera_pose_sim3,5.188762462492826,0.2806872425159189,10000,10000,True,False,True,/content/cv3d-project/data/cache/reconstruction/predictions/03001627/131abb0b13d6c5b97f0b1e4f6d35b0ba/fe246c1fc62ca761d3dd62b1.npz,8beb7e633e081ef74ca4e9d585921c5e46b120dbe8bdec8515fe0d4db4f1d528,/content/cv3d-project/data/cache/reconstruction/metrics/03001627/131abb0b13d6c5b97f0b1e4f6d35b0ba/abad5e912fb0ee0cb2ebdea1.json,11.2195290003001
03001627/131abb0b13d6c5b97f0b1e4f6d35b0ba,vggt,3,"[0, 43, 35]",0.027060200197898083,0.07546214931130156,0.12386409842470503,0.5459832788077064,0.020123411978221414,0.06636551020408163,1.99888168340204,1.0,0.099,0.3554,0.3755,0.0112,0.0366,camera_pose_sim3,2.6365833690593643,0.07708372208249943,10000,10000,True,False,True,/content/cv3d-project/data/cache/reconstruction/predictions/03001627/131abb0b13d6c5b97f0b1e4f6d35b0ba/958d1b011d899e6d10612164.npz,6aa608cfaa927db43b90046c1a0aa7f8c631a238e663930579f6a837fbd4ecf1,/content/cv3d-project/data/cache/reconstruction/metrics/03001627/131abb0b13d6c5b97f0b1e4f6d35b0ba/07d0a78aa3fd647cbcd0163e.json,11.340062999806833
03001627/131abb0b13d6c5b97f0b1e4f6d35b0ba,vggt,5,"[0, 43, 35, 26, 18]",0.14716455747537002,0.23115754226095603,0.315150527046542,0.0468,0.0,0.0,1.99888168340204,0.0936,0.0,0.0,0.0312,0.0,0.0,camera_pose_sim3,1.9779000944216631,0.4478039165852901,10000,10000,True,False,True,/content/cv3d-project/data/cache/reconstruction/predictions/03001627/131abb0b13d6c5b97f0b1e4f6d35b0ba/a6fef7bf1bb8804d1665a9b1.npz,25de0ab90d308cad4e6fcdd7fd2277818a29ecd5ce4d6cd621c01beecdaddbdc,/content/cv3d-project/data/cache/reconstruction/metrics/03001627/131abb0b13d6c5b97f0b1e4f6d35b0ba/7ccf0ad444f0b270b12f7e07.json,11.360275999777514
03001627/131abb0b13d6c5b97f0b1e4f6d35b0ba,vggt,10,"[0, 43, 35, 26, 18, 25, 33, 40, 32, 39]",0.36551776324739416,0.4878285007172878,0.6101392381871814,0.0,0.0,0.0,1.99888168340204,0.0,0.0,0.0,0.0,0.0,0.0,camera_pose_sim3,1.684726234486205,0.8331951822891189,10000,10000,True,False,True,/content/cv3d-project/data/cache/reconstruction/predictions/03001627/131abb0b13d6c5b97f0b1e4f6d35b0ba/2c86182c3bb2d72c6c093689.npz,c9018923ce432d46e9004a03788cc741b30d093c6191e2a0e73d3a490dc1dd02,/content/cv3d-project/data/cache/reconstruction/metrics/03001627/131abb0b13d6c5b97f0b1e4f6d35b0ba/b9b1fbddc2da3067a82602d4.json,11.789768999733496
03001627/131edf0948b60ee6372c8cd7d07d8ddc,vggt,1,[0],0.8608222253872948,0.9682835385817629,1.075744851776231,0.0,0.0,0.0,1.9986192667823102,0.0,0.0,0.0,0.0,0.0,0.0,camera_rotation_center_and_target_diameter_scale_single_view,4.917410544345115,0.0,10000,10000,True,True,True,/content/cv3d-project/data/cache/reconstruction/predictions/03001627/131edf0948b60ee6372c8cd7d07d8ddc/0a5a469b1fe4312262743a66.npz,a9c2c93c68ca2dbd0888828f47b9992b05198af69942729325e1ae7f12b2ca51,/content/cv3d-project/data/cache/reconstruction/metrics/03001627/131edf0948b60ee6372c8cd7d07d8ddc/144bbe5f6b90202b38bbb475.json,3.673056000025099
03001627/131edf0948b60ee6372c8cd7d07d8ddc,vggt,2,"[0, 5]",0.651029795816715,0.7485449892119553,0.8460601826071957,0.0,0.0,0.0,1.9986192667823102,0.0,0.0,0.0,0.0,0.0,0.0,camera_pose_sim3,1.1028735011553465,0.025097887347643757,10000,10000,True,False,True,/content/cv3d-project/data/cache/reconstruction/predictions/03001627/131edf0948b60ee6372c8cd7d07d8ddc/9867b85f54332be2c2d0b0f5.npz,bf18f48860fd0766ae77f164861f6c62b5fe93a060e534981a5f5fa894e7a44c,/content/cv3d-project/data/cache/reconstruction/metrics/03001627/131edf0948b60ee6372c8cd7d07d8ddc/f804cbd1ce77146faf39e861.json,10.9656259996882
03001627/131edf0948b60ee6372c8cd7d07d8ddc,vggt,3,"[0, 5, 38]",0.19155142491555463,0.2938632160452543,0.39617500717495396,0.009826976744186047,0.0,0.0,1.9986192667823102,0.0139,0.0,0.0,0.0076,0.0,0.0,camera_pose_sim3,2.131716643461674,0.267257443948436,10000,10000,True,False,True,/content/cv3d-project/data/cache/reconstruction/predictions/03001627/131edf0948b60ee6372c8cd7d07d8ddc/5a9955a3a1a219e741133ef3.npz,36f29dd1d96900cbd51062545d0fa658cb2609226cbf7acbd20451b18d503f42,/content/cv3d-project/data/cache/reconstruction/metrics/03001627/131edf0948b60ee6372c8cd7d07d8ddc/2e1016180b32331c01753dfe.json,11.102636000032362
03001627/131edf0948b60ee6372c8cd7d07d8ddc,vggt,5,"[0, 5, 38, 31, 24]",0.12930687891464207,0.18795478928903844,0.24660269966343482,0.13127959754052543,0.0,0.0,1.9986192667823102,0.2712,0.0,0.0,0.0866,0.0,0.0,camera_pose_sim3,2.4532539139163685,0.3143750563124978,10000,10000,True,False,True,/content/cv3d-project/data/cache/reconstruction/predictions/03001627/131edf0948b60ee6372c8cd7d07d8ddc/d5d04b7e9ce32cda518d4e3d.npz,8bf695ce0a44c8bb4824eb507c34f02ebbc4928680fca52d04fbd82435c9751e,/content/cv3d-project/data/cache/reconstruction/metrics/03001627/131edf0948b60ee6372c8cd7d07d8ddc/322e41055773a93c896e9ab5.json,11.240112999985286
03001627/131edf0948b60ee6372c8cd7d07d8ddc,vggt,10,"[0, 5, 38, 31, 24, 33, 41, 46, 16, 23]",0.36217128177978325,0.4460580907156986,0.5299448996516138,0.0,0.0,0.0,1.9986192667823102,0.0,0.0,0.0,0.0,0.0,0.0,camera_pose_sim3,1.3510216045414016,0.9388055406026953,10000,10000,True,False,True,/content/cv3d-project/data/cache/reconstruction/predictions/03001627/131edf0948b60ee6372c8cd7d07d8ddc/2ce53f8260de1f4aca2410ed.npz,6156b51cfdb0f62f5f2ebacfa6150758b635a53d4c7fc67e5e899585a97e9a9d,/content/cv3d-project/data/cache/reconstruction/metrics/03001627/131edf0948b60ee6372c8cd7d07d8ddc/f064745502014dcded486bb8.json,11.639677999937703
03001627/13990109140043c919fb4103277a6b93,vggt,1,[0],2.329068853879325,2.4579667629334345,2.586864671987544,0.0,0.0,0.0,1.9977229989083294,0.0,0.0,0.0,0.0,0.0,0.0,camera_rotation_center_and_target_diameter_scale_single_view,7.869028420678771,0.0,10000,10000,True,True,True,/content/cv3d-project/data/cache/reconstruction/predictions/03001627/13990109140043c919fb4103277a6b93/6ef255b34e9cfc3c057d9540.npz,44e6fb3322674a5cac2f15f6ec870c6bce0b2c2011267a19c6b817fa3fb89e18,/content/cv3d-project/data/cache/reconstruction/metrics/03001627/13990109140043c919fb4103277a6b93/0d08c68b01147504ff98d10a.json,3.9784850000614824
03001627/13990109140043c919fb4103277a6b93,vggt,2,"[0, 25]",0.03769203353622789,0.17266019753597298,0.30762836153571804,0.11035525321239607,0.005824046920821115,0.011368479008947007,1.9977229989083294,1.0,0.0993,0.2848,0.0584,0.003,0.0058,camera_pose_sim3,1.6959535249089546,0.8183110033752315,10000,10000,True,False,True,/content/cv3d-project/data/cache/reconstruction/predictions/03001627/13990109140043c919fb4103277a6b93/0f0546b8fd10e7a6bf5249d7.npz,6f95ff411dc3f4f3116ad74ffa9a1ab9a6cfacc0f4db47e060477762f8f183d0,/content/cv3d-project/data/cache/reconstruction/metrics/03001627/13990109140043c919fb4103277a6b93/419dac40f0bc5c0ee1b75578.json,11.090597000020352
03001627/13990109140043c919fb4103277a6b93,vggt,3,"[0, 25, 33]",0.03314775010057266,0.16246484971969066,0.2917819493388087,0.274672187715666,0.019147707049965778,0.03889744981009224,1.9977229989083294,1.0,0.1358,0.348,0.1592,0.0103,0.0206,camera_pose_sim3,2.0185136887674657,0.7408121137273586,10000,10000,True,False,True,/content/cv3d-project/data/cache/reconstruction/predictions/03001627/13990109140043c919fb4103277a6b93/01485c06886614d68a5a82ac.npz,39050f56d2b73b6c4a8275bd63f803a326d2f9c093930880386531017beeabe9,/content/cv3d-project/data/cache/reconstruction/metrics/03001627/13990109140043c919fb4103277a6b93/087e275b5220ccab782f3be3.json,11.901660000148695
03001627/13990109140043c919fb4103277a6b93,vggt,5,"[0, 25, 33, 40, 44]",0.4279638517925324,0.5372593922363696,0.6465549326802069,0.0,0.0,0.0,1.9977229989083294,0.0,0.0,0.0,0.0,0.0,0.0,camera_pose_sim3,1.363247262309721,0.9669652474652709,10000,10000,True,False,True,/content/cv3d-project/data/cache/reconstruction/predictions/03001627/13990109140043c919fb4103277a6b93/f209b5e3b30bb9dbbccd27ec.npz,f03c088649303a63699d841f86cd0aae8558ebc85582ed163a573ba218e9a901,/content/cv3d-project/data/cache/reconstruction/metrics/03001627/13990109140043c919fb4103277a6b93/8b53c7a29e53aec253b7e393.json,11.468210000202816
03001627/13990109140043c919fb4103277a6b93,vggt,10,"[0, 25, 33, 40, 44, 37, 32, 24, 34, 41]",0.14388367851836376,0.20831179985521292,0.2727399211920621,0.07406317689530685,0.0,0.0,1.9977229989083294,0.1746,0.0,0.0,0.047,0.0,0.0,camera_pose_sim3,2.4791792061793303,0.37476197948731554,10000,10000,True,False,True,/content/cv3d-project/data/cache/reconstruction/predictions/03001627/13990109140043c919fb4103277a6b93/4940621a651f52d3f3820c0e.npz,d2fab2c49cfcba05b6c20651b9f96595f401f837ed587d6ee2815a3667aacf11,/content/cv3d-project/data/cache/reconstruction/metrics/03001627/13990109140043c919fb4103277a6b93/c287ee9a5ca9cfd9ff899c46.json,11.662428999898111
03001627/13b6648bdc843b767b5f4d129cc2873d,vggt,1,[0],1.204081464514872,1.3276730925065219,1.451264720498172,0.0,0.0,0.0,1.998668509280527,0.0,0.0,0.0,0.0,0.0,0.0,camera_rotation_center_and_target_diameter_scale_single_view,5.735261580213716,0.0,10000,10000,True,True,True,/content/cv3d-project/data/cache/reconstruction/predictions/03001627/13b6648bdc843b767b5f4d129cc2873d/63fc0c52520a75e825f47e93.npz,8f9989efcc5b82e01a5fa3cc8bd07e81e80041bc8e81a9b4ae3b4dab5c54ac30,/content/cv3d-project/data/cache/reconstruction/metrics/03001627/13b6648bdc843b767b5f4d129cc2873d/6e9b8479a26791bc5feb7499.json,3.7096649998602516
03001627/13b6648bdc843b767b5f4d129cc2873d,vggt,2,"[0, 5]",1.031685665971744,1.099208381605481,1.1667310972392182,0.0,0.0,0.0,1.998668509280527,0.0,0.0,0.0,0.0,0.0,0.0,camera_pose_sim3,0.2852129195228778,0.31180001005354896,10000,10000,True,False,True,/content/cv3d-project/data/cache/reconstruction/predictions/03001627/13b6648bdc843b767b5f4d129cc2873d/f479852fbe607c7cd04331c9.npz,37c5444e35c121c664c98c43bb317f91912523a35885f69d420610f9ba8c2e86,/content/cv3d-project/data/cache/reconstruction/metrics/03001627/13b6648bdc843b767b5f4d129cc2873d/436a08767ba372b97b236df7.json,11.119735999727709
03001627/13b6648bdc843b767b5f4d129cc2873d,vggt,3,"[0, 5, 31]",0.3119492692783732,0.4223313431829902,0.5327134170876072,0.0,0.0,0.0,1.998668509280527,0.0,0.0,0.0,0.0,0.0,0.0,camera_pose_sim3,0.888198617956347,0.9236539736255669,10000,10000,True,False,True,/content/cv3d-project/data/cache/reconstruction/predictions/03001627/13b6648bdc843b767b5f4d129cc2873d/abbee04b9c150cc9ac7e11fe.npz,2db9bf1cab413e9a7d427c20c456cad7c273e3dd2cfde8b138c9ae42c7d9036c,/content/cv3d-project/data/cache/reconstruction/metrics/03001627/13b6648bdc843b767b5f4d129cc2873d/234b6798383c929cfaaa74ad.json,11.391003999960958
03001627/13b6648bdc843b767b5f4d129cc2873d,vggt,5,"[0, 5, 31, 39, 32]",0.04437111149062863,0.06365227802438424,0.08293344455813985,0.7162176276771005,0.06340443187175861,0.1528950624399616,1.998668509280527,0.8226,0.1733,0.4274,0.6342,0.0388,0.0931,camera_pose_sim3,2.610110685800505,0.12185973748584396,10000,10000,True,False,True,/content/cv3d-project/data/cache/reconstruction/predictions/03001627/13b6648bdc843b767b5f4d129cc2873d/12b7ece5a3b9be77e068a7cb.npz,f53824b1de7088e40b971c34d2e8ddd84f0174679e68dc1a2c915f1637d07c0f,/content/cv3d-project/data/cache/reconstruction/metrics/03001627/13b6648bdc843b767b5f4d129cc2873d/cef40bd499e53eab566f8581.json,11.8484909999097
03001627/13b6648bdc843b767b5f4d129cc2873d,vggt,10,"[0, 5, 31, 39, 32, 24, 23, 17, 45, 25]",0.042281180826637815,0.07486706773997347,0.10745295465330912,0.5711756624446345,0.20506650175221605,0.290632626568585,1.998668509280527,0.8591,0.3379,0.486,0.4278,0.1472,0.2073,camera_pose_sim3,2.7179399173368326,0.18686505605998543,10000,10000,True,False,True,/content/cv3d-project/data/cache/reconstruction/predictions/03001627/13b6648bdc843b767b5f4d129cc2873d/92a6c0881d53f73b7356cc03.npz,e3408a47ec24a866e80e546e356a2aff1c3e151e2505f349f34728268a2e77fb,/content/cv3d-project/data/cache/reconstruction/metrics/03001627/13b6648bdc843b767b5f4d129cc2873d/dd8a74f1a00be90055dc0bd4.json,11.778155000229162
03211117/26c4051b7dfbccf4afaac116abdd44e,vggt,1,[0],2.124899503946854,2.1266562926174695,2.1284130812880844,0.0,0.0,0.0,1.9997270143092567,0.0,0.0,0.0,0.0,0.0,0.0,camera_rotation_center_and_target_diameter_scale_single_view,7.051538488455982,0.0,10000,10000,True,True,True,/content/cv3d-project/data/cache/reconstruction/predictions/03211117/26c4051b7dfbccf4afaac116abdd44e/848acd8b3bae415eee717ba9.npz,a645872465cf250cca99327b876ac225da0338dcd7ed12c4d10e1d4d1d8f4050,/content/cv3d-project/data/cache/reconstruction/metrics/03211117/26c4051b7dfbccf4afaac116abdd44e/742e36a168e19143a6d02bb3.json,3.8004520001777564
03211117/26c4051b7dfbccf4afaac116abdd44e,vggt,2,"[0, 25]",1.0261305456229144,1.1099831955529447,1.1938358454829752,0.0,0.0,0.0,1.9997270143092567,0.0,0.0,0.0,0.0,0.0,0.0,camera_pose_sim3,3.546752218029605,0.6280554152336197,10000,10000,True,False,True,/content/cv3d-project/data/cache/reconstruction/predictions/03211117/26c4051b7dfbccf4afaac116abdd44e/4e51b4ac2c6a4ffec1dd6a39.npz,d7a1b599a14185b7d274bcbfb5044ddd26456fa7c2bbc97babe73319fec1532e,/content/cv3d-project/data/cache/reconstruction/metrics/03211117/26c4051b7dfbccf4afaac116abdd44e/7ee3bc604204fa4f5b66cb5e.json,11.097649000021192
03211117/26c4051b7dfbccf4afaac116abdd44e,vggt,3,"[0, 25, 33]",0.02078873175805861,0.04270563726878221,0.06462254277950581,0.8490533463773954,0.1639413129318855,0.31342941966684584,1.9997270143092567,1.0,0.2911,0.5201,0.7377,0.1141,0.2243,camera_pose_sim3,2.70101927257463,0.0863482983673284,10000,10000,True,False,True,/content/cv3d-project/data/cache/reconstruction/predictions/03211117/26c4051b7dfbccf4afaac116abdd44e/fb9a7c1e15244b8fbc6d846f.npz,aec02fe35ab9a8204cd079d75161511ce00a3f8dd9049440c4e0cec541bd6551,/content/cv3d-project/data/cache/reconstruction/metrics/03211117/26c4051b7dfbccf4afaac116abdd44e/4af35c67bbb24f9612a50d4d.json,11.10272799996892
03211117/26c4051b7dfbccf4afaac116abdd44e,vggt,5,"[0, 25, 33, 18, 41]",0.6780568200195868,0.7376160096225812,0.7971751992255758,0.0,0.0,0.0,1.9997270143092567,0.0,0.0,0.0,0.0,0.0,0.0,camera_pose_sim3,3.234999626291146,0.4190068994369673,10000,10000,True,False,True,/content/cv3d-project/data/cache/reconstruction/predictions/03211117/26c4051b7dfbccf4afaac116abdd44e/83de60d2db80b501ccd4d775.npz,2257720db4d92ef3da8d11c220e7457f16dbab317ae056542ec575222609edfd,/content/cv3d-project/data/cache/reconstruction/metrics/03211117/26c4051b7dfbccf4afaac116abdd44e/12db7408adc68387a64f275a.json,11.189121000370505
03211117/26c4051b7dfbccf4afaac116abdd44e,vggt,10,"[0, 25, 33, 18, 41, 34, 44, 37, 39, 45]",0.41750517930473485,0.42246174363479816,0.42741830796486147,0.0,0.0,0.0,1.9997270143092567,0.0,0.0,0.0,0.0,0.0,0.0,camera_pose_sim3,1.800513682951954,0.7753636265384142,10000,10000,True,False,True,/content/cv3d-project/data/cache/reconstruction/predictions/03211117/26c4051b7dfbccf4afaac116abdd44e/4568ff82f25403ee799f035a.npz,f68775d7b8a70e9080f7d876b5c8213faab21c6b5008db97e084d6e89172dd37,/content/cv3d-project/data/cache/reconstruction/metrics/03211117/26c4051b7dfbccf4afaac116abdd44e/4bceb5114ae2b0ddd4d8eccb.json,11.754729000131192
03211117/27107e057772be0d6b07917e9ad0834a,vggt,1,[0],2.1529983217213218,2.1863118997297155,2.2196254777381097,0.0,0.0,0.0,1.997312285708823,0.0,0.0,0.0,0.0,0.0,0.0,camera_rotation_center_and_target_diameter_scale_single_view,7.185983457396303,0.0,10000,10000,True,True,True,/content/cv3d-project/data/cache/reconstruction/predictions/03211117/27107e057772be0d6b07917e9ad0834a/fd0318d54d24a43f04b17095.npz,a76584b214faff9f5342ab2bfae5ae6b2ec38c1c7e520b72be6679a1710ca7e9,/content/cv3d-project/data/cache/reconstruction/metrics/03211117/27107e057772be0d6b07917e9ad0834a/92e5ac501a4a59eef94a66ea.json,3.626976999839826
03211117/27107e057772be0d6b07917e9ad0834a,vggt,2,"[0, 24]",0.2716185427303074,0.3641220666313495,0.45662559053239155,0.0,0.0,0.0,1.997312285708823,0.0,0.0,0.0,0.0,0.0,0.0,camera_pose_sim3,3.022093779929422,0.5808886368985564,10000,10000,True,False,True,/content/cv3d-project/data/cache/reconstruction/predictions/03211117/27107e057772be0d6b07917e9ad0834a/e256c05ee6d557473f4ec925.npz,6cef7090c5cc47bf3e5b00a8bce710cdfcb101c35465a90ad68748aa548b2f1e,/content/cv3d-project/data/cache/reconstruction/metrics/03211117/27107e057772be0d6b07917e9ad0834a/82845450ce2c0ec2febeb294.json,11.058246999709809
03211117/27107e057772be0d6b07917e9ad0834a,vggt,3,"[0, 24, 33]",0.37334376432367666,0.48981644156243953,0.6062891188012024,0.0,0.0,0.0,1.997312285708823,0.0,0.0,0.0,0.0,0.0,0.0,camera_pose_sim3,3.5026338068710774,0.5424608732714732,10000,10000,True,False,True,/content/cv3d-project/data/cache/reconstruction/predictions/03211117/27107e057772be0d6b07917e9ad0834a/f517dd737963c7eaa98e1d51.npz,2310f3efdd1e42907f5c24b5a907e87acc5de1d7aaa8a0e35692dd3740d2f22d,/content/cv3d-project/data/cache/reconstruction/metrics/03211117/27107e057772be0d6b07917e9ad0834a/8d106bd5fecd8261493ceb6c.json,11.049460000322142
03211117/27107e057772be0d6b07917e9ad0834a,vggt,5,"[0, 24, 33, 41, 16]",0.08650290579935818,0.17478736341821138,0.26307182103706456,0.2506951295855766,0.019648434237995824,0.04537238805970149,1.997312285708823,0.643,0.0341,0.0746,0.1557,0.0138,0.0326,camera_pose_sim3,3.1069597975881726,0.5169901224746878,10000,10000,True,False,True,/content/cv3d-project/data/cache/reconstruction/predictions/03211117/27107e057772be0d6b07917e9ad0834a/bc4c96fd2ef6bd45b646158d.npz,8cf5d1956cbbaebb6c754e285797e242c8ab7ee25638d90089191e0f7e18987a,/content/cv3d-project/data/cache/reconstruction/metrics/03211117/27107e057772be0d6b07917e9ad0834a/2ed7b99528f61a0f07600b20.json,11.419379000017216
03211117/27107e057772be0d6b07917e9ad0834a,vggt,10,"[0, 24, 33, 41, 16, 23, 31, 32, 39, 8]",0.3230499054094993,0.4156177845029556,0.5081856635964119,0.0,0.0,0.0,1.997312285708823,0.0,0.0,0.0,0.0,0.0,0.0,camera_pose_sim3,1.289936374360617,0.8452597146088642,10000,10000,True,False,True,/content/cv3d-project/data/cache/reconstruction/predictions/03211117/27107e057772be0d6b07917e9ad0834a/df41290e95687d3f8c9504f7.npz,14558f8f29133300b3180c654de2eb60b8fa24c57f27e482c702ce82ba152006,/content/cv3d-project/data/cache/reconstruction/metrics/03211117/27107e057772be0d6b07917e9ad0834a/10b85fea253a8b00fb53c1db.json,11.575147999792534
03211117/2711433532f6d1fdd7426bda0fe4ebcb,vggt,1,[0],1.6531324426564757,1.6987027241499377,1.7442730056433997,0.0,0.0,0.0,1.998887031600695,0.0,0.0,0.0,0.0,0.0,0.0,camera_rotation_center_and_target_diameter_scale_single_view,6.308999617804461,0.0,10000,10000,True,True,True,/content/cv3d-project/data/cache/reconstruction/predictions/03211117/2711433532f6d1fdd7426bda0fe4ebcb/c2f0465e996eb9e13cf299e3.npz,58a3d05dd6027fd0d4f702309b010dcc24b4e46e0b2289a06d345a5503891441,/content/cv3d-project/data/cache/reconstruction/metrics/03211117/2711433532f6d1fdd7426bda0fe4ebcb/1ee7ac12c721f8ea3ee3a8f8.json,3.6500319997685438
03211117/2711433532f6d1fdd7426bda0fe4ebcb,vggt,2,"[0, 25]",0.22648710259700186,0.36782472465348504,0.5091623467099682,0.0,0.0,0.0,1.998887031600695,0.0,0.0,0.0,0.0,0.0,0.0,camera_pose_sim3,0.45284037144369566,1.1022604380671264,10000,10000,True,False,True,/content/cv3d-project/data/cache/reconstruction/predictions/03211117/2711433532f6d1fdd7426bda0fe4ebcb/ca564bf044a992574f663a7c.npz,eda343afe30108d943d8b91d322640b067f6767582a1b11531415e9d5975dbb1,/content/cv3d-project/data/cache/reconstruction/metrics/03211117/2711433532f6d1fdd7426bda0fe4ebcb/c2d69d2a74bd0923e51f711e.json,11.112113999843132
03211117/2711433532f6d1fdd7426bda0fe4ebcb,vggt,3,"[0, 25, 33]",0.36883822488482426,0.4896376360732705,0.6104370472617167,0.0,0.0,0.0,1.998887031600695,0.0,0.0,0.0,0.0,0.0,0.0,camera_pose_sim3,1.5085738439212983,0.8687406594047844,10000,10000,True,False,True,/content/cv3d-project/data/cache/reconstruction/predictions/03211117/2711433532f6d1fdd7426bda0fe4ebcb/10c640deecbba66b6e2d5b7e.npz,6e60421678824fefabde066f8f5b7766a52ab256771d38ffb3bdec990f2a6e83,/content/cv3d-project/data/cache/reconstruction/metrics/03211117/2711433532f6d1fdd7426bda0fe4ebcb/6f1773e5caaad94cf7396b82.json,11.177093999776844
03211117/2711433532f6d1fdd7426bda0fe4ebcb,vggt,5,"[0, 25, 33, 41, 34]",0.5541657109697122,0.6847021313977854,0.8152385518258585,0.0,0.0,0.0,1.998887031600695,0.0,0.0,0.0,0.0,0.0,0.0,camera_pose_sim3,0.7616893816421711,0.9774999527572652,10000,10000,True,False,True,/content/cv3d-project/data/cache/reconstruction/predictions/03211117/2711433532f6d1fdd7426bda0fe4ebcb/380af896e599c801b32c068d.npz,33f9b7058e7323d2a1a743723ce3da9d96c62c22dac54b14c5ab92ebc297c937,/content/cv3d-project/data/cache/reconstruction/metrics/03211117/2711433532f6d1fdd7426bda0fe4ebcb/6933c50cadfb15a2a34b16af.json,11.579823999909422
03211117/2711433532f6d1fdd7426bda0fe4ebcb,vggt,10,"[0, 25, 33, 41, 34, 46, 45, 38, 31, 39]",0.5125878841586873,0.5704794014404262,0.628370918722165,0.0,0.0,0.0,1.998887031600695,0.0,0.0,0.0,0.0,0.0,0.0,camera_pose_sim3,0.3378102070578007,1.1431847420367391,10000,10000,True,False,True,/content/cv3d-project/data/cache/reconstruction/predictions/03211117/2711433532f6d1fdd7426bda0fe4ebcb/5839a7a1b0bf16223a07f01c.npz,bcdaf0815e8c9c81a4e8b90438d712d766148940568832900faab33ca897aeb7,/content/cv3d-project/data/cache/reconstruction/metrics/03211117/2711433532f6d1fdd7426bda0fe4ebcb/f578a7bf27ed9e7c7ccd3e71.json,12.243149999903835
03211117/274acc511daf0161bbf0c65ae96423ae,vggt,1,[0],1.721795456557348,1.7738323001014336,1.8258691436455194,0.0,0.0,0.0,1.9964529096801862,0.0,0.0,0.0,0.0,0.0,0.0,camera_rotation_center_and_target_diameter_scale_single_view,6.4174586033908545,0.0,10000,10000,True,True,True,/content/cv3d-project/data/cache/reconstruction/predictions/03211117/274acc511daf0161bbf0c65ae96423ae/494a1b73398b3f5c93e6e482.npz,b640109e9217ee99a4d33a3d87bcb0ec3b61cb62f7ecac135eacd849f7e3009b,/content/cv3d-project/data/cache/reconstruction/metrics/03211117/274acc511daf0161bbf0c65ae96423ae/ee465c456c43c73a526c1931.json,3.7575629999082594
03211117/274acc511daf0161bbf0c65ae96423ae,vggt,2,"[0, 34]",0.016207352412099214,0.12020537131323221,0.2242033902143652,0.22269616991024616,0.014102325581395347,0.0278324795947087,1.9964529096801862,1.0,0.3411,0.6964,0.1253,0.0072,0.0142,camera_pose_sim3,1.1868027314917717,1.1175837493027598,10000,10000,True,False,True,/content/cv3d-project/data/cache/reconstruction/predictions/03211117/274acc511daf0161bbf0c65ae96423ae/bb66e669a316adadd8ce566d.npz,da0a5f1ad5e1420ee68656e65c2d5a617d98a4c2a1eab1b2e1b38484f72bd285,/content/cv3d-project/data/cache/reconstruction/metrics/03211117/274acc511daf0161bbf0c65ae96423ae/9f1d932ac184956cb9017e5b.json,11.485735999940516
03211117/274acc511daf0161bbf0c65ae96423ae,vggt,3,"[0, 34, 41]",1.121195276611846,1.2321341835104347,1.3430730904090231,0.0,0.0,0.0,1.9964529096801862,0.0,0.0,0.0,0.0,0.0,0.0,camera_pose_sim3,3.020389834015664,0.5033470099281747,10000,10000,True,False,True,/content/cv3d-project/data/cache/reconstruction/predictions/03211117/274acc511daf0161bbf0c65ae96423ae/e1e16618c32512bebb278c7a.npz,30bf0215a02e4cb1891a63a5de752d09c09cf09c22140adfb2bcfc2b1c50b6ee,/content/cv3d-project/data/cache/reconstruction/metrics/03211117/274acc511daf0161bbf0c65ae96423ae/db2b55244c58c08c8a9d84b9.json,11.427303000346
03211117/274acc511daf0161bbf0c65ae96423ae,vggt,5,"[0, 34, 41, 46, 38]",0.3699004915175769,0.48560283692876316,0.6013051823399493,0.0,0.0,0.0,1.9964529096801862,0.0,0.0,0.0,0.0,0.0,0.0,camera_pose_sim3,0.6556114499879628,1.1954082275783353,10000,10000,True,False,True,/content/cv3d-project/data/cache/reconstruction/predictions/03211117/274acc511daf0161bbf0c65ae96423ae/3bbb6c95a869eb64030191d3.npz,9fe017c914c8cd87cdba8024adbcbb47549f250592cd8c40317dcc92e962bd9f,/content/cv3d-project/data/cache/reconstruction/metrics/03211117/274acc511daf0161bbf0c65ae96423ae/e4cf738c3216d3fe3ede08b8.json,11.715695000020787
03211117/274acc511daf0161bbf0c65ae96423ae,vggt,10,"[0, 34, 41, 46, 38, 31, 30, 22, 39, 45]",0.47237077136444267,0.5322940044445184,0.5922172375245941,0.0,0.0,0.0,1.9964529096801862,0.0,0.0,0.0,0.0,0.0,0.0,camera_pose_sim3,1.0647410767225707,1.050687820017764,10000,10000,True,False,True,/content/cv3d-project/data/cache/reconstruction/predictions/03211117/274acc511daf0161bbf0c65ae96423ae/a384763e1ac0686fc0b15e4d.npz,51d52d018c87446339b6646c62b94501eed00cca6b9aacc2d0684faad3d9a5b2,/content/cv3d-project/data/cache/reconstruction/metrics/03211117/274acc511daf0161bbf0c65ae96423ae/babf52ab9144220194d894c2.json,11.984605000179727
03211117/2772ad703e5d4b73cf6f327fca156fb,vggt,1,[0],1.6784767850922497,1.7220464515173963,1.765616117942543,0.0,0.0,0.0,2.000006280184343,0.0,0.0,0.0,0.0,0.0,0.0,camera_rotation_center_and_target_diameter_scale_single_view,6.422420186435817,0.0,10000,10000,True,True,True,/content/cv3d-project/data/cache/reconstruction/predictions/03211117/2772ad703e5d4b73cf6f327fca156fb/17452a009bebb26ef11fdc8a.npz,27803051cfdc9add8b2384f270f03e618f997143434f28906f8105b497664403,/content/cv3d-project/data/cache/reconstruction/metrics/03211117/2772ad703e5d4b73cf6f327fca156fb/54954176b87aacf8184c727e.json,3.8072130000728066
03211117/2772ad703e5d4b73cf6f327fca156fb,vggt,2,"[0, 26]",0.49085808638405953,0.6177383039181125,0.7446185214521654,0.0,0.0,0.0,2.000006280184343,0.0,0.0,0.0,0.0,0.0,0.0,camera_pose_sim3,0.36742442021109323,1.0233121160073029,10000,10000,True,False,True,/content/cv3d-project/data/cache/reconstruction/predictions/03211117/2772ad703e5d4b73cf6f327fca156fb/b1d1dd2c7847bec01446fa48.npz,bcd41f6c9d07d84493dd72331bd947ee4b4d7d75c7ccfa1987eb8062dac5cb61,/content/cv3d-project/data/cache/reconstruction/metrics/03211117/2772ad703e5d4b73cf6f327fca156fb/912d321fe653e8861ab9ffd1.json,11.199098999895796
03211117/2772ad703e5d4b73cf6f327fca156fb,vggt,3,"[0, 26, 18]",1.0433233401557789,1.2066289444189295,1.3699345486820804,0.0,0.0,0.0,2.000006280184343,0.0,0.0,0.0,0.0,0.0,0.0,camera_pose_sim3_positive_scale_fallback,1.4454469630214326,1.1263884894808998,10000,10000,True,False,True,/content/cv3d-project/data/cache/reconstruction/predictions/03211117/2772ad703e5d4b73cf6f327fca156fb/e7273a7b9da17110f092deb6.npz,7d373f70859d577104847201eca2c78ab3f8a80947acfaac750eb7dc29484e5e,/content/cv3d-project/data/cache/reconstruction/metrics/03211117/2772ad703e5d4b73cf6f327fca156fb/681c82bb2532760b8fbb6e14.json,11.775598999975045
03211117/2772ad703e5d4b73cf6f327fca156fb,vggt,5,"[0, 26, 18, 34, 25]",0.8367073488580932,0.9775737225685496,1.118440096279006,0.0,0.0,0.0,2.000006280184343,0.0,0.0,0.0,0.0,0.0,0.0,camera_pose_sim3,0.5125972764672181,0.8833832097646855,10000,10000,True,False,True,/content/cv3d-project/data/cache/reconstruction/predictions/03211117/2772ad703e5d4b73cf6f327fca156fb/a59e337c854c666206dc53be.npz,649e62eb33a3abe513190fadebbd74a0bf1c72ea121501333f60f38b8731f33a,/content/cv3d-project/data/cache/reconstruction/metrics/03211117/2772ad703e5d4b73cf6f327fca156fb/14b7c2b02db40f2350d49341.json,11.809290999735822
03211117/2772ad703e5d4b73cf6f327fca156fb,vggt,10,"[0, 26, 18, 34, 25, 41, 46, 44, 36, 5]",0.19910900357595407,0.27480235087044724,0.3504956981649405,0.0,0.0,0.0,2.000006280184343,0.0,0.0,0.0,0.0,0.0,0.0,camera_pose_sim3,1.4274784739597115,1.025493777111086,10000,10000,True,False,True,/content/cv3d-project/data/cache/reconstruction/predictions/03211117/2772ad703e5d4b73cf6f327fca156fb/3fa359d2d94e2a67f6cb875d.npz,f9344d76a71d9927b0a5ec8b6a19c05ff6fed9d6269d3e0a0b0061aecf6e9ad7,/content/cv3d-project/data/cache/reconstruction/metrics/03211117/2772ad703e5d4b73cf6f327fca156fb/00a946e9210a2a1f8b719ff7.json,12.13338500019745
03211117/27e65dc223cc8bc0ec059109909662d2,vggt,1,[0],2.0080826516961845,2.0015868424336216,1.9950910331710585,0.0,0.0,0.0,1.998300720543876,0.0,0.0,0.0,0.0,0.0,0.0,camera_rotation_center_and_target_diameter_scale_single_view,6.9669752771198254,0.0,10000,10000,True,True,True,/content/cv3d-project/data/cache/reconstruction/predictions/03211117/27e65dc223cc8bc0ec059109909662d2/3f0a2d31415947d5991a31d8.npz,22e18a54b71a29f178dfaaa2f985af73fa06779c9025378f80f45e59401e882e,/content/cv3d-project/data/cache/reconstruction/metrics/03211117/27e65dc223cc8bc0ec059109909662d2/59ee8fbb3e5bb8e56b57ad80.json,3.8065050002842327
03211117/27e65dc223cc8bc0ec059109909662d2,vggt,2,"[0, 34]",0.5242459124411663,0.5921732894778451,0.6601006665145238,0.0,0.0,0.0,1.998300720543876,0.0,0.0,0.0,0.0,0.0,0.0,camera_pose_sim3,2.2607396368409836,0.6385078457764839,10000,10000,True,True,True,/content/cv3d-project/data/cache/reconstruction/predictions/03211117/27e65dc223cc8bc0ec059109909662d2/651bab571cc62959e0b415ad.npz,f7a497bc7e4fbf1010907d19b9716f6637bcc30f02f4fbd9ff57cf3a036d1780,/content/cv3d-project/data/cache/reconstruction/metrics/03211117/27e65dc223cc8bc0ec059109909662d2/d5b6c6b4e304e78c3661bff1.json,2.4511910000910575
03211117/27e65dc223cc8bc0ec059109909662d2,vggt,3,"[0, 34, 41]",0.02308504874333255,0.06465397068380264,0.10622289262427273,0.6652688904016337,0.10025681293302541,0.19713840101166222,1.998300720543876,0.96,0.2856,0.5935,0.509,0.0608,0.1182,camera_pose_sim3,2.88971848460777,0.11852732260189489,10000,10000,True,False,True,/content/cv3d-project/data/cache/reconstruction/predictions/03211117/27e65dc223cc8bc0ec059109909662d2/3ef3b13ff8ef4e7f137c7634.npz,bb256f57c74fe910473cd1663aabc830a3ba8c7482197a03dd116531e2491c9f,/content/cv3d-project/data/cache/reconstruction/metrics/03211117/27e65dc223cc8bc0ec059109909662d2/8c322fe4f49b0ed762553e67.json,11.420946999805892
03211117/27e65dc223cc8bc0ec059109909662d2,vggt,5,"[0, 34, 41, 46, 25]",0.5703364558163995,0.7048588080871935,0.8393811603579875,0.0,0.0,0.0,1.998300720543876,0.0,0.0,0.0,0.0,0.0,0.0,camera_pose_sim3,0.29601038511341515,1.1078918528165753,10000,10000,True,False,True,/content/cv3d-project/data/cache/reconstruction/predictions/03211117/27e65dc223cc8bc0ec059109909662d2/f8b9a4bc1280133ca2a2ead8.npz,54544f89c4be3ae646fd9012d3eab6c083ca67a12b86317572783d7507abc2ba,/content/cv3d-project/data/cache/reconstruction/metrics/03211117/27e65dc223cc8bc0ec059109909662d2/9fdd7becc726ef68fb49e8b4.json,11.850557000343542
03211117/27e65dc223cc8bc0ec059109909662d2,vggt,10,"[0, 34, 41, 46, 25, 33, 44, 37, 36, 29]",0.5081006745343203,0.5563971527139051,0.60469363089349,0.0,0.0,0.0,1.998300720543876,0.0,0.0,0.0,0.0,0.0,0.0,camera_pose_sim3,1.2495259727010606,1.0413785937416637,10000,10000,True,False,True,/content/cv3d-project/data/cache/reconstruction/predictions/03211117/27e65dc223cc8bc0ec059109909662d2/a86bd35e7473f036c31bdb28.npz,4c10263da1fc271d036516fc581a4b5c002600bab9a4c7a53d1565687cfe65d0,/content/cv3d-project/data/cache/reconstruction/metrics/03211117/27e65dc223cc8bc0ec059109909662d2/df69628dadd862d9b33d79d2.json,12.008099000013317
03211117/2809c09ef575f34214618fe9321a9ffc,vggt,1,[0],1.9318644842482813,2.030296509810936,2.1287285353735905,0.0,0.0,0.0,1.9977784460129526,0.0,0.0,0.0,0.0,0.0,0.0,camera_rotation_center_and_target_diameter_scale_single_view,7.017841483062223,0.0,10000,10000,True,True,True,/content/cv3d-project/data/cache/reconstruction/predictions/03211117/2809c09ef575f34214618fe9321a9ffc/b19a77f5a90689adbbf42a64.npz,a294f6b4e1004b972b50f3bd0388b78b70011d68e0f836bda4caa4c405d103ec,/content/cv3d-project/data/cache/reconstruction/metrics/03211117/2809c09ef575f34214618fe9321a9ffc/1d0cd57f92a3b0cc9482de36.json,3.668824000214954
03211117/2809c09ef575f34214618fe9321a9ffc,vggt,2,"[0, 5]",0.4316843008272266,0.4775321583625266,0.5233800158978267,0.0,0.0,0.0,1.9977784460129526,0.0,0.0,0.0,0.0,0.0,0.0,camera_pose_sim3,1.7283433089561098,0.05337145150183138,10000,10000,True,False,True,/content/cv3d-project/data/cache/reconstruction/predictions/03211117/2809c09ef575f34214618fe9321a9ffc/b654d6f25f7ce6145ed29a73.npz,e73ebbf553288ec19e7406ba93bb62b91e2046397ca9b0116f594e8720ec546e,/content/cv3d-project/data/cache/reconstruction/metrics/03211117/2809c09ef575f34214618fe9321a9ffc/7b692ed442eb9d6586f4dc7a.json,11.700049999944895
03211117/2809c09ef575f34214618fe9321a9ffc,vggt,3,"[0, 5, 17]",0.03973876306276542,0.1224338350174351,0.20512890697210479,0.441938201799793,0.002821875,0.017564520743919884,1.9977784460129526,0.9695,0.0043,0.0596,0.2862,0.0021,0.0103,camera_pose_sim3,2.3695469568322007,0.21325491331477592,10000,10000,True,False,True,/content/cv3d-project/data/cache/reconstruction/predictions/03211117/2809c09ef575f34214618fe9321a9ffc/f60e5d52ccb84268074bce75.npz,c2e9c2fc3b15ffbcf966147ff04f0644852c9ecb89437aff0d66d31921ffeb50,/content/cv3d-project/data/cache/reconstruction/metrics/03211117/2809c09ef575f34214618fe9321a9ffc/00b2f101c33f09477d23d8d6.json,11.416367999572685
03211117/2809c09ef575f34214618fe9321a9ffc,vggt,5,"[0, 5, 17, 25, 31]",0.047216596691703645,0.10624526573645848,0.16527393478121333,0.5751148835838491,0.01191152647975078,0.04085612903225807,1.9977784460129526,0.9436,0.0242,0.0627,0.4136,0.0079,0.0303,camera_pose_sim3,2.454612566385805,0.19956292000600126,10000,10000,True,False,True,/content/cv3d-project/data/cache/reconstruction/predictions/03211117/2809c09ef575f34214618fe9321a9ffc/e286df9ca120a735f00d93d8.npz,4c691bf59e6332636a61dc60a3b4aaa050329aaff328257ab513517984c774d4,/content/cv3d-project/data/cache/reconstruction/metrics/03211117/2809c09ef575f34214618fe9321a9ffc/5e9cbcc842308b439ebcd477.json,11.655561999759811
03211117/2809c09ef575f34214618fe9321a9ffc,vggt,10,"[0, 5, 17, 25, 31, 39, 8, 34, 42, 47]",0.12090265668309001,0.1418763419334637,0.1628500271838374,0.11794261531950909,9.999999999999999e-05,0.0010636363636363636,1.9977784460129526,0.1231,0.0001,0.0013,0.1132,0.0001,0.0009,camera_pose_sim3,2.3975810559158446,0.31598274355212336,10000,10000,True,False,True,/content/cv3d-project/data/cache/reconstruction/predictions/03211117/2809c09ef575f34214618fe9321a9ffc/942f56bbb73f04e13c218b31.npz,3ed848b338f1b329fea3c3b8a07bd13e73331e343aa55ba4ef84e402e813bd05,/content/cv3d-project/data/cache/reconstruction/metrics/03211117/2809c09ef575f34214618fe9321a9ffc/59c68264a83e05a7230900eb.json,12.581556999975874
03211117/286a7629b62426b5427c20e7fc0367ac,vggt,1,[0],2.6655341623369866,2.6878189952280103,2.7101038281190344,0.0,0.0,0.0,1.995916015119229,0.0,0.0,0.0,0.0,0.0,0.0,camera_rotation_center_and_target_diameter_scale_single_view,8.244248029353788,0.0,10000,10000,True,True,True,/content/cv3d-project/data/cache/reconstruction/predictions/03211117/286a7629b62426b5427c20e7fc0367ac/1d8b0ee5277299cf4ae4efcf.npz,21cc3bb81a2f7b24389d20bfeb8fc5273266557f8fdd886014af34b874f40680,/content/cv3d-project/data/cache/reconstruction/metrics/03211117/286a7629b62426b5427c20e7fc0367ac/b3eb7e10ff3c344177b85eef.json,3.802907999670424
03211117/286a7629b62426b5427c20e7fc0367ac,vggt,2,"[0, 25]",0.42758698346231544,0.5755286966461299,0.7234704098299444,0.0,0.0,0.0,1.995916015119229,0.0,0.0,0.0,0.0,0.0,0.0,camera_pose_sim3,0.11510823680041374,1.130896313606478,10000,10000,True,False,True,/content/cv3d-project/data/cache/reconstruction/predictions/03211117/286a7629b62426b5427c20e7fc0367ac/0fd842b4e49f7c3c67205b38.npz,3707be973a9797db672e93cbbfb86c38ce9f836cb022d891dcf897689d1e37fe,/content/cv3d-project/data/cache/reconstruction/metrics/03211117/286a7629b62426b5427c20e7fc0367ac/bfaef00208c69ec386199bc5.json,11.282824999852892
03211117/286a7629b62426b5427c20e7fc0367ac,vggt,3,"[0, 25, 33]",0.49026312822910023,0.6415697488080565,0.7928763693870128,0.0,0.0,0.0,1.995916015119229,0.0,0.0,0.0,0.0,0.0,0.0,camera_pose_sim3,1.8003594206743634,1.0008096564592865,10000,10000,True,False,True,/content/cv3d-project/data/cache/reconstruction/predictions/03211117/286a7629b62426b5427c20e7fc0367ac/a050663f97c4717b12de6caa.npz,a597ffde3ca8a6c663d930af0458441383fdf7b5f734ba7cc85a0acf2c0b8483,/content/cv3d-project/data/cache/reconstruction/metrics/03211117/286a7629b62426b5427c20e7fc0367ac/cb064e8e45d3a82a52942831.json,11.344124000061129
03211117/286a7629b62426b5427c20e7fc0367ac,vggt,5,"[0, 25, 33, 41, 34]",0.015094289861328589,0.12126201883940257,0.22742974781747655,0.30551554689485727,0.026299178885630502,0.06483179064695906,1.995916015119229,1.0,0.3273,0.7916,0.1803,0.0137,0.0338,camera_pose_sim3,1.0901336136657347,0.9980832789909864,10000,10000,True,False,True,/content/cv3d-project/data/cache/reconstruction/predictions/03211117/286a7629b62426b5427c20e7fc0367ac/73ba311c1e39fd6bc36c946f.npz,f0fd8469db97dc7eed97297b0c98ca26481bb23202fa03f27a4e8756aeec947a,/content/cv3d-project/data/cache/reconstruction/metrics/03211117/286a7629b62426b5427c20e7fc0367ac/1049975c8eb5a69be221c594.json,11.482260999855498
03211117/286a7629b62426b5427c20e7fc0367ac,vggt,10,"[0, 25, 33, 41, 34, 46, 37, 44, 30, 38]",0.544144799024243,0.5869184558989606,0.6296921127736782,0.0,0.0,0.0,1.995916015119229,0.0,0.0,0.0,0.0,0.0,0.0,camera_pose_sim3,0.01040538347416337,1.2473753663897589,10000,10000,True,False,True,/content/cv3d-project/data/cache/reconstruction/predictions/03211117/286a7629b62426b5427c20e7fc0367ac/5e8d698336a474c2239d282d.npz,636cfae5818feb9589471a1efe337496966175fd23e9e5272c7c3e3e921834f6,/content/cv3d-project/data/cache/reconstruction/metrics/03211117/286a7629b62426b5427c20e7fc0367ac/c668b7dc7ea5474a0f5ef181.json,11.982712999724754
03211117/288a8917e51c57deb0957d845ac33749,vggt,1,[0],2.2778886199005064,2.3434943246815667,2.4091000294626266,0.0,0.0,0.0,1.9975886204128364,0.0,0.0,0.0,0.0,0.0,0.0,camera_rotation_center_and_target_diameter_scale_single_view,7.523652056946488,0.0,10000,10000,True,True,True,/content/cv3d-project/data/cache/reconstruction/predictions/03211117/288a8917e51c57deb0957d845ac33749/12700843daef7b25f1a84ae3.npz,7b14aea89cd486ef7bf0e064cb56f1bc00c3ad1e2f2366df9068bb1e39d76654,/content/cv3d-project/data/cache/reconstruction/metrics/03211117/288a8917e51c57deb0957d845ac33749/c910a5a5f33291ef56f9c001.json,3.7492040000870475
03211117/288a8917e51c57deb0957d845ac33749,vggt,2,"[0, 34]",0.625620193431134,0.7310516118012504,0.8364830301713668,0.0,0.0,0.0,1.9975886204128364,0.0,0.0,0.0,0.0,0.0,0.0,camera_pose_sim3,2.1995107544135384,0.9819245776713525,10000,10000,True,False,True,/content/cv3d-project/data/cache/reconstruction/predictions/03211117/288a8917e51c57deb0957d845ac33749/2f75778e1eea93d99ccca5c7.npz,6268068f863f161b836e1273161af93cbcd94ddebd9d4077ed35f1ce1b5ca83a,/content/cv3d-project/data/cache/reconstruction/metrics/03211117/288a8917e51c57deb0957d845ac33749/bd2d25af566840efa8583824.json,11.484894000204804
03211117/288a8917e51c57deb0957d845ac33749,vggt,3,"[0, 34, 41]",0.30433240961564306,0.36202814567594405,0.41972388173624503,0.0,0.0,0.0,1.9975886204128364,0.0,0.0,0.0,0.0,0.0,0.0,camera_pose_sim3,3.1312645795923126,0.4626965787118484,10000,10000,True,False,True,/content/cv3d-project/data/cache/reconstruction/predictions/03211117/288a8917e51c57deb0957d845ac33749/82d1f0ad9084a8cf1423062c.npz,181631723ae5f4a01c09a268db63afdd92dac6052af89f5d958fc75dea638d8d,/content/cv3d-project/data/cache/reconstruction/metrics/03211117/288a8917e51c57deb0957d845ac33749/4c3cb12022e7a897fc04ef8a.json,11.547953999979654
03211117/288a8917e51c57deb0957d845ac33749,vggt,5,"[0, 34, 41, 33, 46]",0.22363007757777228,0.2630013091290261,0.3023725406802799,0.0,0.0,0.0,1.9975886204128364,0.0,0.0,0.0,0.0,0.0,0.0,camera_pose_sim3,2.406571744171613,0.5291108420710218,10000,10000,True,False,True,/content/cv3d-project/data/cache/reconstruction/predictions/03211117/288a8917e51c57deb0957d845ac33749/c31549347dfd25534ad65a52.npz,fee94f6c92f768c33a8767df37a4e54457a99c4fdd6bea05eb2808f19128db73,/content/cv3d-project/data/cache/reconstruction/metrics/03211117/288a8917e51c57deb0957d845ac33749/435a6ea12bdba436ede5687c.json,11.808948000179953
03211117/288a8917e51c57deb0957d845ac33749,vggt,10,"[0, 34, 41, 33, 46, 24, 32, 40, 23, 31]",0.10308283100600546,0.1284495393903347,0.15381624777466396,0.2522079821793206,0.0,0.0,1.9975886204128364,0.3373,0.0,0.0,0.2014,0.0,0.0,camera_pose_sim3,2.6928220167967356,0.20882348430887748,10000,10000,True,False,True,/content/cv3d-project/data/cache/reconstruction/predictions/03211117/288a8917e51c57deb0957d845ac33749/6686741dd4268c066ffa664a.npz,ea8bb65bc4a74ac3338b0dce72dd20cd3ec492eb5f5308ff0b1247de0bbc76fe,/content/cv3d-project/data/cache/reconstruction/metrics/03211117/288a8917e51c57deb0957d845ac33749/caa712e5916e36d452d89099.json,12.753975000123319
03211117/28b6e44e37586fd797e8123bbbc761d8,vggt,1,[0],1.7950055822964468,1.798837642596367,1.802669702896287,0.0,0.0,0.0,1.9995239363340749,0.0,0.0,0.0,0.0,0.0,0.0,camera_rotation_center_and_target_diameter_scale_single_view,6.406491669593111,0.0,10000,10000,True,True,True,/content/cv3d-project/data/cache/reconstruction/predictions/03211117/28b6e44e37586fd797e8123bbbc761d8/356bee9e5eedc0939397e0d5.npz,c86da4d870c855c45bf35090131cc4adb853e7a84948da86826462457b6321a5,/content/cv3d-project/data/cache/reconstruction/metrics/03211117/28b6e44e37586fd797e8123bbbc761d8/adac4d83b0e66900f622a98c.json,4.192277000129252
03211117/28b6e44e37586fd797e8123bbbc761d8,vggt,2,"[0, 25]",0.519551744213888,0.5890583044945789,0.6585648647752698,0.0,0.0,0.0,1.9995239363340749,0.0,0.0,0.0,0.0,0.0,0.0,camera_pose_sim3,2.7952196538787395,0.6241172912415055,10000,10000,True,False,True,/content/cv3d-project/data/cache/reconstruction/predictions/03211117/28b6e44e37586fd797e8123bbbc761d8/c8106d7dc41bd65794b7db76.npz,cf2bef213adf21814ebe00b8b43c3cfca26c80d98885bf8da1852103f93b86f9,/content/cv3d-project/data/cache/reconstruction/metrics/03211117/28b6e44e37586fd797e8123bbbc761d8/568b5b5e75fac9cd64af62b6.json,11.490420999962225
03211117/28b6e44e37586fd797e8123bbbc761d8,vggt,3,"[0, 25, 33]",0.9844450588608106,1.029753824097782,1.0750625893347532,0.0,0.0,0.0,1.9995239363340749,0.0,0.0,0.0,0.0,0.0,0.0,camera_pose_sim3,3.3563220305361,0.284217998723713,10000,10000,True,False,True,/content/cv3d-project/data/cache/reconstruction/predictions/03211117/28b6e44e37586fd797e8123bbbc761d8/2ac62b2483c395c95a8ef932.npz,2c3af5b8e77ce1d83ab65f58f050d1e722f7cbc4ce6539883843ecb6d4973229,/content/cv3d-project/data/cache/reconstruction/metrics/03211117/28b6e44e37586fd797e8123bbbc761d8/e285b8163ff6f2cce16a57d9.json,11.341064000134793
03211117/28b6e44e37586fd797e8123bbbc761d8,vggt,5,"[0, 25, 33, 18, 41]",0.8331908796632315,0.889026155242554,0.9448614308218765,0.0,0.0,0.0,1.9995239363340749,0.0,0.0,0.0,0.0,0.0,0.0,camera_pose_sim3,2.7512967199627454,0.6320310188262188,10000,10000,True,False,True,/content/cv3d-project/data/cache/reconstruction/predictions/03211117/28b6e44e37586fd797e8123bbbc761d8/7225a70fb4e93c058030d2c0.npz,b99b185bb3c95e9e43afbf1869e1fdc9268ecc6d25fd9e29f9e7b80b01a24385,/content/cv3d-project/data/cache/reconstruction/metrics/03211117/28b6e44e37586fd797e8123bbbc761d8/2f1de2973df744fc1cd2df9d.json,11.787944999923639
03211117/28b6e44e37586fd797e8123bbbc761d8,vggt,10,"[0, 25, 33, 18, 41, 46, 34, 44, 37, 39]",0.4970358263419105,0.5323820605199673,0.567728294698024,0.0,0.0,0.0,1.9995239363340749,0.0,0.0,0.0,0.0,0.0,0.0,camera_pose_sim3,1.5015038113581722,0.9210624664018285,10000,10000,True,False,True,/content/cv3d-project/data/cache/reconstruction/predictions/03211117/28b6e44e37586fd797e8123bbbc761d8/143a7e1bc0f9813956ab353c.npz,f2173ac151062a72a8bae339f6738ee662213258028ccfb2b4154519dd243cb9,/content/cv3d-project/data/cache/reconstruction/metrics/03211117/28b6e44e37586fd797e8123bbbc761d8/b215adf87dbf7644a9ee7684.json,12.01944700005697
03691459/21e46ca2f8bbd4df71187cb9cc8e1a,vggt,1,[0],2.022411722700944,2.0819000665896166,2.141388410478289,0.0,0.0,0.0,1.99707269842917,0.0,0.0,0.0,0.0,0.0,0.0,camera_rotation_center_and_target_diameter_scale_single_view,7.0622944320322105,0.0,10000,10000,True,True,True,/content/cv3d-project/data/cache/reconstruction/predictions/03691459/21e46ca2f8bbd4df71187cb9cc8e1a/cb0ae1d84b0aec36f8528e35.npz,c4fe943991f93b5cafbfe1b23b9d45966a30e9ca82e47e9936a97d9eda19303f,/content/cv3d-project/data/cache/reconstruction/metrics/03691459/21e46ca2f8bbd4df71187cb9cc8e1a/fe4a489fbff96679fb94bbfd.json,3.741378000086115
03691459/21e46ca2f8bbd4df71187cb9cc8e1a,vggt,2,"[0, 24]",0.19036894721291694,0.28258556377717453,0.37480218034143215,0.0,0.0,0.0,1.99707269842917,0.0,0.0,0.0,0.0,0.0,0.0,camera_pose_sim3,1.95561466253548,0.5369193829931719,10000,10000,True,False,True,/content/cv3d-project/data/cache/reconstruction/predictions/03691459/21e46ca2f8bbd4df71187cb9cc8e1a/36b2dc5fdbbc32447d0d83d3.npz,283e6f6f5fb96a4bbbeee81cb51f534d6e020b10ea6a737ec88fef40ebd6d5d1,/content/cv3d-project/data/cache/reconstruction/metrics/03691459/21e46ca2f8bbd4df71187cb9cc8e1a/2e40bce048c86ca86ff988cd.json,11.573904999750084
03691459/21e46ca2f8bbd4df71187cb9cc8e1a,vggt,3,"[0, 24, 33]",0.06766302330558016,0.23043391671113805,0.39320481011669595,0.18409983941270933,0.013238969764837625,0.029101164294954723,1.99707269842917,0.7672,0.0821,0.2163,0.1046,0.0072,0.0156,camera_pose_sim3,2.205216473127624,0.7085505956073362,10000,10000,True,False,True,/content/cv3d-project/data/cache/reconstruction/predictions/03691459/21e46ca2f8bbd4df71187cb9cc8e1a/e65e4b28c66d1d01cae1a0b4.npz,63de8535e6d2f561631d4f7c71570e7e9091ed899999068d30437cdd786e5948,/content/cv3d-project/data/cache/reconstruction/metrics/03691459/21e46ca2f8bbd4df71187cb9cc8e1a/853cdf4bdddcdf106b7968da.json,11.404689000301005
03691459/21e46ca2f8bbd4df71187cb9cc8e1a,vggt,5,"[0, 24, 33, 41, 26]",0.04634069301963327,0.16705704855568432,0.28777340409173535,0.08355307434052758,0.003492,0.011001838235294117,1.99707269842917,0.9989,0.0582,0.1575,0.0436,0.0018,0.0057,camera_pose_sim3,0.8802398280495595,1.1135002697681855,10000,10000,True,False,True,/content/cv3d-project/data/cache/reconstruction/predictions/03691459/21e46ca2f8bbd4df71187cb9cc8e1a/2326b15651215a1f507d6be6.npz,09a94ea4e82327511189407cbc2e9d91a203c215f79787ae2d68d7b6011b7a30,/content/cv3d-project/data/cache/reconstruction/metrics/03691459/21e46ca2f8bbd4df71187cb9cc8e1a/9be408d54477ee886cb8d5bb.json,11.353268999755528
03691459/21e46ca2f8bbd4df71187cb9cc8e1a,vggt,10,"[0, 24, 33, 41, 26, 34, 35, 42, 46, 32]",0.467421829916215,0.640377826007021,0.8133338220978269,0.0,0.0,0.0,1.99707269842917,0.0,0.0,0.0,0.0,0.0,0.0,camera_pose_sim3,0.058482999991237,1.1109460090768073,10000,10000,True,False,True,/content/cv3d-project/data/cache/reconstruction/predictions/03691459/21e46ca2f8bbd4df71187cb9cc8e1a/f5978ee8301aa540e7f7d95f.npz,d421b87f603dfa8732c679b4f8a701e1b6c0aae1a081d87ae86d4aff73af5c2c,/content/cv3d-project/data/cache/reconstruction/metrics/03691459/21e46ca2f8bbd4df71187cb9cc8e1a/07279c5a4b6bf7d50d452f34.json,12.336164999851462
03691459/221a981adf503875e17b9e33c097dbff,vggt,1,[0],1.7955816807476679,1.881453111015531,1.967324541283394,0.0,0.0,0.0,1.9837750157360627,0.0,0.0,0.0,0.0,0.0,0.0,camera_rotation_center_and_target_diameter_scale_single_view,6.924156758615947,0.0,10000,10000,True,True,True,/content/cv3d-project/data/cache/reconstruction/predictions/03691459/221a981adf503875e17b9e33c097dbff/9fbe843c64cf7a381d2366c2.npz,b524bc84c12dea0a91a5228a2d50721515ce981cec878093ca3f69aace74de14,/content/cv3d-project/data/cache/reconstruction/metrics/03691459/221a981adf503875e17b9e33c097dbff/b63e529d470d4351fa3a77e7.json,3.9880190001895244
03691459/221a981adf503875e17b9e33c097dbff,vggt,2,"[0, 4]",0.30279748208702223,0.3903341256963871,0.47787076930575195,0.0,0.0,0.0,1.9837750157360627,0.0,0.0,0.0,0.0,0.0,0.0,camera_pose_sim3,1.6819953503553258,0.05808986946926679,10000,10000,True,False,True,/content/cv3d-project/data/cache/reconstruction/predictions/03691459/221a981adf503875e17b9e33c097dbff/15a429475f930c6666adca19.npz,91bf301c7683a3b4026e779bb75ef6858346ec9fddb6e4d4525aef00f8159e2d,/content/cv3d-project/data/cache/reconstruction/metrics/03691459/221a981adf503875e17b9e33c097dbff/fc92f0c61975c3abcad22c46.json,12.077721999958158
03691459/221a981adf503875e17b9e33c097dbff,vggt,3,"[0, 4, 18]",0.016826383725332027,0.0686119408809436,0.1203974980365552,0.5591816151574094,0.04492336004749184,0.09426866416978778,1.9837750157360627,1.0,0.3127,0.6702,0.3881,0.0242,0.0507,camera_pose_sim3,2.6853112119981017,0.15403760317975873,10000,10000,True,False,True,/content/cv3d-project/data/cache/reconstruction/predictions/03691459/221a981adf503875e17b9e33c097dbff/5bf711841c6f3ca7d683f1f2.npz,823448e406e19ea84a1770e36b62d20f968ff5b34b8a8107eb33ecaeefc8956f,/content/cv3d-project/data/cache/reconstruction/metrics/03691459/221a981adf503875e17b9e33c097dbff/39df0d922413943598ebf13b.json,12.23974200001976
03691459/221a981adf503875e17b9e33c097dbff,vggt,5,"[0, 4, 18, 25, 43]",0.0957125625890616,0.15976303762048355,0.2238135126519055,0.14662645011600928,0.00145531914893617,0.0038471999999999994,1.9837750157360627,0.518,0.0038,0.0229,0.0854,0.0009,0.0021,camera_pose_sim3,2.493586353615605,0.5355318523037527,10000,10000,True,False,True,/content/cv3d-project/data/cache/reconstruction/predictions/03691459/221a981adf503875e17b9e33c097dbff/29e503538531fc1ab24247b9.npz,17893849f4424e59900513bfd88d816a0df5540fdb6707686193e66c2376589b,/content/cv3d-project/data/cache/reconstruction/metrics/03691459/221a981adf503875e17b9e33c097dbff/ff52d5db950e384d10d8800b.json,11.987318999672425
03691459/221a981adf503875e17b9e33c097dbff,vggt,10,"[0, 4, 18, 25, 43, 35, 26, 34, 42, 47]",0.4520747151332862,0.5702211690494202,0.6883676229655542,0.0,0.0,0.0,1.9837750157360627,0.0,0.0,0.0,0.0,0.0,0.0,camera_pose_sim3,1.0780610238438255,0.9634437207321676,10000,10000,True,False,True,/content/cv3d-project/data/cache/reconstruction/predictions/03691459/221a981adf503875e17b9e33c097dbff/22ec0ef098c7fe03146a9b34.npz,d6c4e6c350923348044d8ef179f76d8a7e1a178d820b605cb5856c8d87985026,/content/cv3d-project/data/cache/reconstruction/metrics/03691459/221a981adf503875e17b9e33c097dbff/95855918e1c39e5c1fd1b307.json,11.878563000209397
03691459/22654d0b3683df91650c44f51c50faee,vggt,1,[0],1.880309077913848,1.9724798148957432,2.0646505518776386,0.0,0.0,0.0,1.9993722540683203,0.0,0.0,0.0,0.0,0.0,0.0,camera_rotation_center_and_target_diameter_scale_single_view,6.864294617879159,0.0,10000,10000,True,True,True,/content/cv3d-project/data/cache/reconstruction/predictions/03691459/22654d0b3683df91650c44f51c50faee/77cf3a44d93c4c63f4d78a5f.npz,5a9a904f0bea54835cfdc8d11e031b013127b52dd4e34081e9eb838a8e86ae06,/content/cv3d-project/data/cache/reconstruction/metrics/03691459/22654d0b3683df91650c44f51c50faee/519dc92fef51c757edaa0827.json,3.808900999956677
03691459/22654d0b3683df91650c44f51c50faee,vggt,2,"[0, 44]",0.5276469912508468,0.6606987525922525,0.7937505139336581,0.0,0.0,0.0,1.9993722540683203,0.0,0.0,0.0,0.0,0.0,0.0,camera_pose_sim3,2.616041427288665,0.2954405801458154,10000,10000,True,False,True,/content/cv3d-project/data/cache/reconstruction/predictions/03691459/22654d0b3683df91650c44f51c50faee/0b826f6547ad91bfd86fced0.npz,3217197ff00753e22c77ff2cb92cfab0d416615e79dae2125217c5d4bc50a961,/content/cv3d-project/data/cache/reconstruction/metrics/03691459/22654d0b3683df91650c44f51c50faee/6763201dceaaacc3c99e71fc.json,11.820675999842933
03691459/22654d0b3683df91650c44f51c50faee,vggt,3,"[0, 44, 36]",0.35305241607742177,0.48183551756501086,0.6106186190526,0.0,0.0,0.0,1.9993722540683203,0.0,0.0,0.0,0.0,0.0,0.0,camera_pose_sim3,2.409440290156348,0.2805858322505613,10000,10000,True,False,True,/content/cv3d-project/data/cache/reconstruction/predictions/03691459/22654d0b3683df91650c44f51c50faee/54feb7a46eec65be42ac5e1d.npz,6b0764ace691395925b2cc0a9c79642bba6ce6b6b5bfb31dc1264cf701ccfb9e,/content/cv3d-project/data/cache/reconstruction/metrics/03691459/22654d0b3683df91650c44f51c50faee/54fe97517dca01b7a77901f7.json,12.227119000272069
03691459/22654d0b3683df91650c44f51c50faee,vggt,5,"[0, 44, 36, 28, 27]",0.1617838108374206,0.28676966455861974,0.4117555182798189,0.03008383233532934,0.0,0.0,1.9993722540683203,0.2512,0.0,0.0,0.016,0.0,0.0,camera_pose_sim3,2.234347518869788,0.5436478333544708,10000,10000,True,False,True,/content/cv3d-project/data/cache/reconstruction/predictions/03691459/22654d0b3683df91650c44f51c50faee/af772f5fffa471acb7652dcd.npz,9f084fdceb7bcafff9a156f8aa9841424d9b33618a65a10c11cd7c8ac437dad0,/content/cv3d-project/data/cache/reconstruction/metrics/03691459/22654d0b3683df91650c44f51c50faee/92da36b0bc11da7cb9ba7b54.json,11.851866000142763
03691459/22654d0b3683df91650c44f51c50faee,vggt,10,"[0, 44, 36, 28, 27, 19, 26, 18, 25, 33]",0.2460263403465718,0.34889797967348657,0.45176961900040136,0.0014871794871794872,0.0,0.0,1.9993722540683203,0.0029,0.0,0.0,0.001,0.0,0.0,camera_pose_sim3,2.128883267853986,0.5785132639058329,10000,10000,True,False,True,/content/cv3d-project/data/cache/reconstruction/predictions/03691459/22654d0b3683df91650c44f51c50faee/072e08b0a2977a9f30136617.npz,a9c77b2b66ec7a5eb42cd65f008e3f3e397cab83debdb2738522b7f6ff667abf,/content/cv3d-project/data/cache/reconstruction/metrics/03691459/22654d0b3683df91650c44f51c50faee/7bd9b45cdc97050084d6a6e3.json,11.936350000269158
03691459/22e37482f8499fa53a081cb8ab2c8e61,vggt,1,[0],1.5151051933124142,1.6079608151995513,1.700816437086688,0.0,0.0,0.0,1.9962720303434127,0.0,0.0,0.0,0.0,0.0,0.0,camera_rotation_center_and_target_diameter_scale_single_view,6.188012241368076,0.0,10000,10000,True,True,True,/content/cv3d-project/data/cache/reconstruction/predictions/03691459/22e37482f8499fa53a081cb8ab2c8e61/a3848cc1405200dac0194ebd.npz,802157fcbfb2a50377f860622d9196fb9daa405b5a1a13972c72897ef2b82f49,/content/cv3d-project/data/cache/reconstruction/metrics/03691459/22e37482f8499fa53a081cb8ab2c8e61/4b39f59e92dfd9f11c45f5b6.json,3.7246159999995143
03691459/22e37482f8499fa53a081cb8ab2c8e61,vggt,2,"[0, 26]",0.9121428110745811,1.025617097983901,1.1390913848932211,0.0,0.0,0.0,1.9962720303434127,0.0,0.0,0.0,0.0,0.0,0.0,camera_pose_sim3,4.418114118169179,0.243393311312199,10000,10000,True,False,True,/content/cv3d-project/data/cache/reconstruction/predictions/03691459/22e37482f8499fa53a081cb8ab2c8e61/cb8d3a5fdc2890b6bd7f8cf1.npz,334f3c58bb55c923ed1a4b0a3fa9cd0a22d92e0a7186f21f302297386a3c9f15,/content/cv3d-project/data/cache/reconstruction/metrics/03691459/22e37482f8499fa53a081cb8ab2c8e61/83a2a47899f10c8e0736960c.json,11.41851600004884
03691459/22e37482f8499fa53a081cb8ab2c8e61,vggt,3,"[0, 26, 18]",0.08439434141060549,0.16616871623423762,0.24794309105786977,0.15706636725528222,0.0,0.0,1.9962720303434127,0.8936,0.0,0.0,0.0861,0.0,0.0,camera_pose_sim3,1.7163159591512522,0.7689934998382477,10000,10000,True,False,True,/content/cv3d-project/data/cache/reconstruction/predictions/03691459/22e37482f8499fa53a081cb8ab2c8e61/3ebf7ab2e38d2c48d4fcfbb8.npz,f49979ab276c95ccc15e5ec6b3449bc1adffb968227fa92f81d2053eab1c3ace,/content/cv3d-project/data/cache/reconstruction/metrics/03691459/22e37482f8499fa53a081cb8ab2c8e61/4c57dbfe40e52a57953a24c1.json,11.32485900006941
03691459/22e37482f8499fa53a081cb8ab2c8e61,vggt,5,"[0, 26, 18, 25, 34]",0.046164706180692135,0.1558126914451694,0.2654606767096467,0.18330456898900901,0.006935144312393888,0.016885862665897287,1.9962720303434127,1.0,0.0552,0.1644,0.1009,0.0037,0.0089,camera_pose_sim3,1.6129047523377877,0.819575040640696,10000,10000,True,False,True,/content/cv3d-project/data/cache/reconstruction/predictions/03691459/22e37482f8499fa53a081cb8ab2c8e61/1a178b7a277334df1c6096a3.npz,f26d508fef0605e4870b5071c5abc55817b3748ef9d9a76a70db9564413d46bd,/content/cv3d-project/data/cache/reconstruction/metrics/03691459/22e37482f8499fa53a081cb8ab2c8e61/7b900b73d5c110fd202e04d0.json,12.113231000057567
03691459/22e37482f8499fa53a081cb8ab2c8e61,vggt,10,"[0, 26, 18, 25, 34, 44, 37, 39, 32, 45]",0.20729833735808684,0.2987514180885276,0.3902044988189684,0.02035867446393762,0.0,0.0,1.9962720303434127,0.0373,0.0,0.0,0.014,0.0,0.0,camera_pose_sim3,2.0824350496960484,0.7658884895178045,10000,10000,True,False,True,/content/cv3d-project/data/cache/reconstruction/predictions/03691459/22e37482f8499fa53a081cb8ab2c8e61/3959581ab9e62224cc5e2cec.npz,6cd7ec86cc5a902a6939fafb512c040f6dfc60569e5cd210735642a89a159cbc,/content/cv3d-project/data/cache/reconstruction/metrics/03691459/22e37482f8499fa53a081cb8ab2c8e61/3dc4bf6955b7d8afa63c3de5.json,12.910030000057304
03691459/2325005b09d12b2585d624cfcd9a37a7,vggt,1,[0],0.762323041009513,0.8559915287124364,0.94966001641536,0.0,0.0,0.0,2.000002608233328,0.0,0.0,0.0,0.0,0.0,0.0,camera_rotation_center_and_target_diameter_scale_single_view,4.668026865303592,0.0,10000,10000,True,True,True,/content/cv3d-project/data/cache/reconstruction/predictions/03691459/2325005b09d12b2585d624cfcd9a37a7/8e1bcea0a5c69cc9368fd77f.npz,2250b052b78b4e5359af84d288b655590b8de32730c2761029a312897ac2b048,/content/cv3d-project/data/cache/reconstruction/metrics/03691459/2325005b09d12b2585d624cfcd9a37a7/c2015d32c0871ab9c36ea5f3.json,4.2109280002478044
03691459/2325005b09d12b2585d624cfcd9a37a7,vggt,2,"[0, 17]",0.4090396493934802,0.630850908001126,0.8526621666087717,0.0,0.0,0.0,2.000002608233328,0.0,0.0,0.0,0.0,0.0,0.0,camera_pose_sim3,0.15900557642994795,0.9971946743615442,10000,10000,True,False,True,/content/cv3d-project/data/cache/reconstruction/predictions/03691459/2325005b09d12b2585d624cfcd9a37a7/6ec054768ba88ad9b7233e4a.npz,52457b6aaf9a88d68da345b3d30057517327f1f03eda1b1f270634ac3e367c48,/content/cv3d-project/data/cache/reconstruction/metrics/03691459/2325005b09d12b2585d624cfcd9a37a7/665d290f2d0ed42e4df3ef05.json,11.727416000212543
03691459/2325005b09d12b2585d624cfcd9a37a7,vggt,3,"[0, 17, 24]",0.4532252898026294,0.6452576596807992,0.837290029558969,0.0,0.0,0.0,2.000002608233328,0.0,0.0,0.0,0.0,0.0,0.0,camera_pose_sim3,1.9673035841149868,0.7133187371610368,10000,10000,True,False,True,/content/cv3d-project/data/cache/reconstruction/predictions/03691459/2325005b09d12b2585d624cfcd9a37a7/daaecbdfdabd7bf40b870326.npz,b19efec357d41ec556466b6fedda0182729ff3d6aabb0416bc5af6bccc7c1f0d,/content/cv3d-project/data/cache/reconstruction/metrics/03691459/2325005b09d12b2585d624cfcd9a37a7/7a6e15c7b758b0b1be6abde4.json,12.25500100008503
03691459/2325005b09d12b2585d624cfcd9a37a7,vggt,5,"[0, 17, 24, 32, 39]",0.8775065422440858,1.0119991217862898,1.1464917013284939,0.0,0.0,0.0,2.000002608233328,0.0,0.0,0.0,0.0,0.0,0.0,camera_pose_sim3,0.8187191736863114,0.9373874402971101,10000,10000,True,False,True,/content/cv3d-project/data/cache/reconstruction/predictions/03691459/2325005b09d12b2585d624cfcd9a37a7/49c2b478f044e6222ae7d86d.npz,b356863afaed5559b4fed928cea0a85ff1cc86a874483a948573ff667c3ccf0c,/content/cv3d-project/data/cache/reconstruction/metrics/03691459/2325005b09d12b2585d624cfcd9a37a7/e74ab5bb1926c1137d684a43.json,11.753606000183936
03691459/2325005b09d12b2585d624cfcd9a37a7,vggt,10,"[0, 17, 24, 32, 39, 45, 9, 35, 26, 33]",0.26144819138396763,0.4789242906213632,0.6964003898587589,0.0,0.0,0.0,2.000002608233328,0.0,0.0,0.0,0.0,0.0,0.0,camera_pose_sim3,1.112999270683501,1.1349301089578232,10000,10000,True,False,True,/content/cv3d-project/data/cache/reconstruction/predictions/03691459/2325005b09d12b2585d624cfcd9a37a7/da8e81936b5f4a7e74f732d8.npz,143f624ed96c65aa62bceb85a00cb4e3897198eecb9314358557bdfd1cf435c6,/content/cv3d-project/data/cache/reconstruction/metrics/03691459/2325005b09d12b2585d624cfcd9a37a7/cf3d515ea9a255def3f1b671.json,12.536189000002196
03691459/2336a8ba5ba8a9f0ce029fab54b6cfbd,vggt,1,[0],1.7897667104566313,1.9258550137238344,2.0619433169910377,0.0,0.0,0.0,2.000002751433258,0.0,0.0,0.0,0.0,0.0,0.0,camera_rotation_center_and_target_diameter_scale_single_view,6.93896104913248,0.0,10000,10000,True,True,True,/content/cv3d-project/data/cache/reconstruction/predictions/03691459/2336a8ba5ba8a9f0ce029fab54b6cfbd/093a5707d80d59845b51486f.npz,d5747102cf5955dd438bfcfd071dda02d0b2dc66d168d2dfc90f71f310beffa6,/content/cv3d-project/data/cache/reconstruction/metrics/03691459/2336a8ba5ba8a9f0ce029fab54b6cfbd/d350cc269b0736b7cbdc20f8.json,3.992099000242888
03691459/2336a8ba5ba8a9f0ce029fab54b6cfbd,vggt,2,"[0, 18]",0.36758974288542534,0.5019633718929584,0.6363370009004914,0.0,0.0,0.0,2.000002751433258,0.0,0.0,0.0,0.0,0.0,0.0,camera_pose_sim3,0.908485404029722,0.9065564557431878,10000,10000,True,False,True,/content/cv3d-project/data/cache/reconstruction/predictions/03691459/2336a8ba5ba8a9f0ce029fab54b6cfbd/682752d909df2d7879e3b1f5.npz,ed2fe33cb238d3e05b5c388f6981167ad75f28c4e4645e417f855487aa85fb59,/content/cv3d-project/data/cache/reconstruction/metrics/03691459/2336a8ba5ba8a9f0ce029fab54b6cfbd/e325d947566e46e6839e110e.json,11.922794999918551
03691459/2336a8ba5ba8a9f0ce029fab54b6cfbd,vggt,3,"[0, 18, 5]",0.040654580990315325,0.16902632482379334,0.29739806865727136,0.19349644765207613,0.014437336244541486,0.033032867397053266,2.000002751433258,0.9593,0.0837,0.247,0.1076,0.0079,0.0177,camera_pose_sim3,2.072485397499809,0.5718566882153209,10000,10000,True,False,True,/content/cv3d-project/data/cache/reconstruction/predictions/03691459/2336a8ba5ba8a9f0ce029fab54b6cfbd/afc191b7f7dd3c52b7230ec4.npz,64ac0d1f3b6d0987ff7594217d3968f2f1e2effa238ecbc211718324e5e75bd6,/content/cv3d-project/data/cache/reconstruction/metrics/03691459/2336a8ba5ba8a9f0ce029fab54b6cfbd/22a4b3bcbc1d0497b0fc2e1b.json,11.404476999814506
03691459/2336a8ba5ba8a9f0ce029fab54b6cfbd,vggt,5,"[0, 18, 5, 25, 45]",0.07115735755197587,0.17585940307633566,0.28056144860069543,0.13353724209976495,0.010253996983408746,0.027007109004739335,2.000002751433258,0.6919,0.0607,0.1965,0.0739,0.0056,0.0145,camera_pose_sim3,1.4121026438073527,1.1305904428623441,10000,10000,True,False,True,/content/cv3d-project/data/cache/reconstruction/predictions/03691459/2336a8ba5ba8a9f0ce029fab54b6cfbd/6425407b04bde7ae4db47bec.npz,710233dec8dc8843e5c07653d049dc85b60b30920b4808a6294c134139792393,/content/cv3d-project/data/cache/reconstruction/metrics/03691459/2336a8ba5ba8a9f0ce029fab54b6cfbd/401ad7a21911d5aefd836186.json,11.619246999998722
03691459/2336a8ba5ba8a9f0ce029fab54b6cfbd,vggt,10,"[0, 18, 5, 25, 45, 39, 33, 7, 16, 10]",0.20671354108499274,0.3006938284502891,0.3946741158155854,0.0,0.0,0.0,2.000002751433258,0.0,0.0,0.0,0.0,0.0,0.0,camera_pose_sim3,1.2387320142849423,1.130768253546762,10000,10000,True,False,True,/content/cv3d-project/data/cache/reconstruction/predictions/03691459/2336a8ba5ba8a9f0ce029fab54b6cfbd/9e0bf6abd55f218e1640f90c.npz,fb25eb33fdef2fc9dd60383efbdb3b39425bad05d9aa49bdb250edfb452f6ef3,/content/cv3d-project/data/cache/reconstruction/metrics/03691459/2336a8ba5ba8a9f0ce029fab54b6cfbd/3b78444dfadd90288c9b1772.json,11.844718000247667
03691459/23a1ad8f7fdbb6a54821f0e819875cf6,vggt,1,[0],1.4176336941016616,1.3955095565679012,1.3733854190341408,0.0,0.0,0.0,1.993160033877875,0.0,0.0,0.0,0.0,0.0,0.0,camera_rotation_center_and_target_diameter_scale_single_view,5.942200608524016,0.0,10000,10000,True,True,True,/content/cv3d-project/data/cache/reconstruction/predictions/03691459/23a1ad8f7fdbb6a54821f0e819875cf6/40fa1bc1a58463a2f04d3230.npz,6e5a3072ff943a75a49941781827182821a8d5f21c6860541eb4570389d16d06,/content/cv3d-project/data/cache/reconstruction/metrics/03691459/23a1ad8f7fdbb6a54821f0e819875cf6/aa189ace26c5a988b846897b.json,3.7784389996886603
03691459/23a1ad8f7fdbb6a54821f0e819875cf6,vggt,2,"[0, 25]",0.05348313192453877,0.16732377262688092,0.2811644133292231,0.2667582615282643,0.01537528888888889,0.03702218543046358,1.993160033877875,0.8995,0.1042,0.2214,0.1566,0.0083,0.0202,camera_pose_sim3,2.8669158553039544,0.21033896088062995,10000,10000,True,False,True,/content/cv3d-project/data/cache/reconstruction/predictions/03691459/23a1ad8f7fdbb6a54821f0e819875cf6/db74ac9af738f37519f86068.npz,249e4d7c10a4a9f615e81362e98a5786acf2258f707e5fe251cb463ab2ff27a7,/content/cv3d-project/data/cache/reconstruction/metrics/03691459/23a1ad8f7fdbb6a54821f0e819875cf6/c1cbc824bf8e92220966d7ca.json,11.992456999905698
03691459/23a1ad8f7fdbb6a54821f0e819875cf6,vggt,3,"[0, 25, 33]",0.07473813350605964,0.2058132206611048,0.33688830781615,0.2021746987951807,0.013953550295857988,0.03548651522474625,1.993160033877875,0.678,0.0597,0.1873,0.1188,0.0079,0.0196,camera_pose_sim3,2.612853792420638,0.6287365602443284,10000,10000,True,False,True,/content/cv3d-project/data/cache/reconstruction/predictions/03691459/23a1ad8f7fdbb6a54821f0e819875cf6/20ce9080e401f9a2f9040c6f.npz,05caf1ec22f252e45bc7607a4342337e1ca67084c7d33b0cccc3ab1efc0ea6e7,/content/cv3d-project/data/cache/reconstruction/metrics/03691459/23a1ad8f7fdbb6a54821f0e819875cf6/82042d04297f2bbc2d16b0ec.json,12.621276000118087
03691459/23a1ad8f7fdbb6a54821f0e819875cf6,vggt,5,"[0, 25, 33, 40, 18]",0.09495040295789411,0.1506599619293062,0.20636952090071825,0.2498564393374123,0.0,0.0013090909090909088,1.993160033877875,0.504,0.0,0.0024,0.1661,0.0,0.0009,camera_pose_sim3,1.805394211498711,0.9055788103046164,10000,10000,True,False,True,/content/cv3d-project/data/cache/reconstruction/predictions/03691459/23a1ad8f7fdbb6a54821f0e819875cf6/9bad4f968cbb1e3cfaccfe93.npz,3454a0eccd13a145fb68993db4741a7baa8a43e19ebd4433585936caa7297b56,/content/cv3d-project/data/cache/reconstruction/metrics/03691459/23a1ad8f7fdbb6a54821f0e819875cf6/b57b3a6b38dc251860e0397c.json,12.015658000109397
03691459/23a1ad8f7fdbb6a54821f0e819875cf6,vggt,10,"[0, 25, 33, 40, 18, 46, 41, 26, 34, 44]",0.31493890283446924,0.40405208573074336,0.49316526862701743,0.0,0.0,0.0,1.993160033877875,0.0,0.0,0.0,0.0,0.0,0.0,camera_pose_sim3,1.064333981118735,0.9666191231338693,10000,10000,True,False,True,/content/cv3d-project/data/cache/reconstruction/predictions/03691459/23a1ad8f7fdbb6a54821f0e819875cf6/38265a1691b2b81fc5f98231.npz,f8771079eead3bc83b5e39ab6efe717142dd7413815524a9646c50dc1148ea20,/content/cv3d-project/data/cache/reconstruction/metrics/03691459/23a1ad8f7fdbb6a54821f0e819875cf6/41b3acb71736c563e48ed294.json,12.19499699982407
03691459/240521f502e491cd4eddc7a5aaee958e,vggt,1,[0],0.6513853627782672,0.7554128613993905,0.8594403600205137,0.0,0.0,0.0,1.999991045272518,0.0,0.0,0.0,0.0,0.0,0.0,camera_rotation_center_and_target_diameter_scale_single_view,4.509475525626524,0.0,10000,10000,True,True,True,/content/cv3d-project/data/cache/reconstruction/predictions/03691459/240521f502e491cd4eddc7a5aaee958e/1d16b62f0afbc9c62494267b.npz,861a1201766ac851169cf149c459847a05194609d250ded6eb0953dce1f68df9,/content/cv3d-project/data/cache/reconstruction/metrics/03691459/240521f502e491cd4eddc7a5aaee958e/cd0288276ae2b24f61200486.json,3.75414699965404
03691459/240521f502e491cd4eddc7a5aaee958e,vggt,2,"[0, 25]",0.08868645351661948,0.17649323166998507,0.26430000982335067,0.08418043799940811,0.00038518518518518524,0.0015488000000000001,1.999991045272518,0.6307,0.0052,0.0242,0.0451,0.0002,0.0008,camera_pose_sim3,1.2786174718311443,0.9722942874678412,10000,10000,True,False,True,/content/cv3d-project/data/cache/reconstruction/predictions/03691459/240521f502e491cd4eddc7a5aaee958e/1ea64fa931e9fd6297513b57.npz,05dcefe9356bf7c49665b345922e5f740a97dade9b13b22f075be206caacd582,/content/cv3d-project/data/cache/reconstruction/metrics/03691459/240521f502e491cd4eddc7a5aaee958e/2a86fc40d76bddbbaad38a5f.json,11.44941899974583
03691459/240521f502e491cd4eddc7a5aaee958e,vggt,3,"[0, 25, 33]",0.12564889719819952,0.2325667795468121,0.3394846618954247,0.02114234693877551,0.0,0.0,1.999991045272518,0.1454,0.0,0.0,0.0114,0.0,0.0,camera_pose_sim3,0.7122673677615938,1.10158434454254,10000,10000,True,False,True,/content/cv3d-project/data/cache/reconstruction/predictions/03691459/240521f502e491cd4eddc7a5aaee958e/1857a36f94c23dacdba00595.npz,d7583b2efec8d42e98a95dfbb6b7d24c00a1b6b3bb5e77af3d72ce7dbad5b5dd,/content/cv3d-project/data/cache/reconstruction/metrics/03691459/240521f502e491cd4eddc7a5aaee958e/d547abf9700ac3f3fe498449.json,11.505255999963993
03691459/240521f502e491cd4eddc7a5aaee958e,vggt,5,"[0, 25, 33, 40, 23]",0.0984715981459516,0.3399739548898383,0.5814763116337249,0.008922488038277512,0.0,0.0,1.999991045272518,0.518,0.0,0.0,0.0045,0.0,0.0,camera_pose_sim3,0.3853638982327532,1.1337953706603106,10000,10000,True,False,True,/content/cv3d-project/data/cache/reconstruction/predictions/03691459/240521f502e491cd4eddc7a5aaee958e/2d8eeee7c884f592954aea8d.npz,6042a4d4459db9cb1b18218bbfed53b0d6931c83ebc19e2da5d327e26fd811e3,/content/cv3d-project/data/cache/reconstruction/metrics/03691459/240521f502e491cd4eddc7a5aaee958e/a22e924fec364aad633d0c9e.json,12.31355599975359
03691459/240521f502e491cd4eddc7a5aaee958e,vggt,10,"[0, 25, 33, 40, 23, 32, 37, 30, 24, 2]",0.03338060572590111,0.1656113864687808,0.29784216721166046,0.20450668821258638,0.015677815699658704,0.034974124176205344,1.999991045272518,1.0,0.0792,0.2696,0.1139,0.0087,0.0187,camera_pose_sim3,1.0214483203889628,1.1535985490469205,10000,10000,True,False,True,/content/cv3d-project/data/cache/reconstruction/predictions/03691459/240521f502e491cd4eddc7a5aaee958e/a24cb3e41963495ba899dc8b.npz,4e26468c4e42a42307d3ce7e07ee26c4b4cf983856571241dbcb50b044ab91f0,/content/cv3d-project/data/cache/reconstruction/metrics/03691459/240521f502e491cd4eddc7a5aaee958e/4ad40022bd6ac37c830cced0.json,12.922613999762689
03691459/244f40cd50620b32dfdc04b8b8434e84,vggt,1,[0],1.0818870200331303,1.1972158767315122,1.3125447334298943,0.0,0.0,0.0,1.997820928236058,0.0,0.0,0.0,0.0,0.0,0.0,camera_rotation_center_and_target_diameter_scale_single_view,5.398874789639922,0.0,10000,10000,True,True,True,/content/cv3d-project/data/cache/reconstruction/predictions/03691459/244f40cd50620b32dfdc04b8b8434e84/fdaaf5e0992e0a6a70ea392f.npz,d12e587ff2b3f9f75cec292fc4bd7671bb4103cd63fcf5972fe55c3a1ce056e6,/content/cv3d-project/data/cache/reconstruction/metrics/03691459/244f40cd50620b32dfdc04b8b8434e84/4cb2a2bd1a1f1f9ef4dc9218.json,3.8588829997934226
03691459/244f40cd50620b32dfdc04b8b8434e84,vggt,2,"[0, 17]",0.8516848844676204,1.0007707457294912,1.1498566069913618,0.0,0.0,0.0,1.997820928236058,0.0,0.0,0.0,0.0,0.0,0.0,camera_pose_sim3,1.7323086513644255,0.39560365272976733,10000,10000,True,False,True,/content/cv3d-project/data/cache/reconstruction/predictions/03691459/244f40cd50620b32dfdc04b8b8434e84/d41e9597d04389605954531a.npz,ec635567fa47c7f9e38663fe491daa772de75ba8cd7fd0d788b39cdd24d21a87,/content/cv3d-project/data/cache/reconstruction/metrics/03691459/244f40cd50620b32dfdc04b8b8434e84/7dda63a9cf34ffe56abe2d27.json,11.638000999937503
03691459/244f40cd50620b32dfdc04b8b8434e84,vggt,3,"[0, 17, 24]",0.36712934949753623,0.5139442582007626,0.6607591669039891,0.0,0.0,0.0,1.997820928236058,0.0,0.0,0.0,0.0,0.0,0.0,camera_pose_sim3,2.3570243316537822,0.7067489727504611,10000,10000,True,False,True,/content/cv3d-project/data/cache/reconstruction/predictions/03691459/244f40cd50620b32dfdc04b8b8434e84/51326967b879a24335f0be07.npz,0ea7bffb91ebee00a394a8197916a198b0c16af76f3304261f06a45ae1c0416c,/content/cv3d-project/data/cache/reconstruction/metrics/03691459/244f40cd50620b32dfdc04b8b8434e84/44dac949f0dc5f888f0dc7ca.json,11.563227999886294
03691459/244f40cd50620b32dfdc04b8b8434e84,vggt,5,"[0, 17, 24, 45, 38]",0.2873037895446321,0.4606305981400501,0.6339574067354681,0.0,0.0,0.0,1.997820928236058,0.0,0.0,0.0,0.0,0.0,0.0,camera_pose_sim3,1.8797636209105715,0.6842345679817394,10000,10000,True,False,True,/content/cv3d-project/data/cache/reconstruction/predictions/03691459/244f40cd50620b32dfdc04b8b8434e84/b089c33652487411efee200a.npz,44955bac0ff3587ccba94811561679a0b73cb6ce208891ee2bbd0150bb79e1e1,/content/cv3d-project/data/cache/reconstruction/metrics/03691459/244f40cd50620b32dfdc04b8b8434e84/3cf558e5ac5851700012c045.json,11.739498000224557
03691459/244f40cd50620b32dfdc04b8b8434e84,vggt,10,"[0, 17, 24, 45, 38, 35, 42, 34, 26, 39]",0.4827505278455993,0.658032547009605,0.8333145661736107,0.0,0.0,0.0,1.997820928236058,0.0,0.0,0.0,0.0,0.0,0.0,camera_pose_sim3,1.832715972962563,0.8473352489532521,10000,10000,True,False,True,/content/cv3d-project/data/cache/reconstruction/predictions/03691459/244f40cd50620b32dfdc04b8b8434e84/7453be3661d0fa4c41a7eae0.npz,654a5536eb92d1c9856232883fc1d3f2cff026a8ea6a0f4cbca7c28d5442ad3a,/content/cv3d-project/data/cache/reconstruction/metrics/03691459/244f40cd50620b32dfdc04b8b8434e84/d9a035e4b1d137ff4eb45eea.json,12.335285000062868
03691459/245ed4407d4cead6b9c1ae865c9193ec,vggt,1,[0],1.3653011313609988,1.4610935320060718,1.5568859326511448,0.0,0.0,0.0,1.9969525836857291,0.0,0.0,0.0,0.0,0.0,0.0,camera_rotation_center_and_target_diameter_scale_single_view,5.8300776556878136,0.0,10000,10000,True,True,True,/content/cv3d-project/data/cache/reconstruction/predictions/03691459/245ed4407d4cead6b9c1ae865c9193ec/21374ede363b1845ed3df73a.npz,36e9aaf3dd01b319c9d63a72582cbd91e7b65d7ea8a5c0a230dbf5f0a23c1565,/content/cv3d-project/data/cache/reconstruction/metrics/03691459/245ed4407d4cead6b9c1ae865c9193ec/5b0f0030d187142afeba8b7d.json,3.9293129998441145
03691459/245ed4407d4cead6b9c1ae865c9193ec,vggt,2,"[0, 25]",0.2469710388257722,0.3363019276574547,0.42563281648913726,0.0,0.0,0.0,1.9969525836857291,0.0,0.0,0.0,0.0,0.0,0.0,camera_pose_sim3,1.4744395786722833,0.8920435377269168,10000,10000,True,False,True,/content/cv3d-project/data/cache/reconstruction/predictions/03691459/245ed4407d4cead6b9c1ae865c9193ec/439f0fa38797d66d2357daae.npz,2d185f342d4a459aee29e5867ed1a2407ecb6dc92d599744db45183c4bfd3ba6,/content/cv3d-project/data/cache/reconstruction/metrics/03691459/245ed4407d4cead6b9c1ae865c9193ec/cb1aee6feb6864cf4f7a1a38.json,12.27730899972812
03691459/245ed4407d4cead6b9c1ae865c9193ec,vggt,3,"[0, 25, 33]",1.5037527862766575,1.5753017278384762,1.6468506694002947,0.0,0.0,0.0,1.9969525836857291,0.0,0.0,0.0,0.0,0.0,0.0,camera_pose_sim3,3.7136971985349745,0.430617062663602,10000,10000,True,False,True,/content/cv3d-project/data/cache/reconstruction/predictions/03691459/245ed4407d4cead6b9c1ae865c9193ec/2c7133e3ee2c76ec08c52e9a.npz,1c98236b3b8e10a39f4455c81ce4670d8ad945748ec7d17ab5744ffd28362ca4,/content/cv3d-project/data/cache/reconstruction/metrics/03691459/245ed4407d4cead6b9c1ae865c9193ec/0b1587cc1783c1b3c9eb8c57.json,11.702999999670283
03691459/245ed4407d4cead6b9c1ae865c9193ec,vggt,5,"[0, 25, 33, 31, 23]",0.24097728683714098,0.29710807032488806,0.3532388538126352,0.0,0.0,0.0,1.9969525836857291,0.0,0.0,0.0,0.0,0.0,0.0,camera_pose_sim3,2.689254070331249,0.47300848305551213,10000,10000,True,False,True,/content/cv3d-project/data/cache/reconstruction/predictions/03691459/245ed4407d4cead6b9c1ae865c9193ec/e6f46ae72a50f11b335bd009.npz,47a4f85693cbb20094b4b8bb8726d0c1f496dfd469c02415905e6cef78a4feec,/content/cv3d-project/data/cache/reconstruction/metrics/03691459/245ed4407d4cead6b9c1ae865c9193ec/e8055865faf8a99851270b97.json,11.855478000143194
03691459/245ed4407d4cead6b9c1ae865c9193ec,vggt,10,"[0, 25, 33, 31, 23, 16, 38, 24, 45, 39]",0.1436046092535508,0.17822171659860808,0.21283882394366535,0.13573119698397737,0.0,0.0,1.9969525836857291,0.2202,0.0,0.0,0.0981,0.0,0.0,camera_pose_sim3,2.5288608424995878,0.41648042730216267,10000,10000,True,False,True,/content/cv3d-project/data/cache/reconstruction/predictions/03691459/245ed4407d4cead6b9c1ae865c9193ec/619ff63dd72d302c489090cf.npz,8bf075ffc5ddd1c53a8e91fb4482ae1985fa2d7f9e8dd26092c8ec09ca7e93a6,/content/cv3d-project/data/cache/reconstruction/metrics/03691459/245ed4407d4cead6b9c1ae865c9193ec/6030c88783882d3fce66f8d3.json,12.757566000345832
04090263/18e5827d2cfafd05d735fa1ab17311ec,vggt,1,[0],4.876997183292379,5.146582365502811,5.416167547713243,0.0,0.0,0.0,1.998342284109673,0.0,0.0,0.0,0.0,0.0,0.0,camera_rotation_center_and_target_diameter_scale_single_view,13.620695655035147,0.0,2541,10000,True,True,True,/content/cv3d-project/data/cache/reconstruction/predictions/04090263/18e5827d2cfafd05d735fa1ab17311ec/2ecf9cc950a046f22419df1d.npz,69f581f88c72201eb381bf36690c8527f52d0fa28cfb4a2d41e36bba4e20af54,/content/cv3d-project/data/cache/reconstruction/metrics/04090263/18e5827d2cfafd05d735fa1ab17311ec/e55859dd3a56109edac1c863.json,2.8495020001173543
04090263/18e5827d2cfafd05d735fa1ab17311ec,vggt,2,"[0, 5]",0.7421108329528217,0.9107564040237467,1.0794019750946717,0.0,0.0,0.0,1.998342284109673,0.0,0.0,0.0,0.0,0.0,0.0,camera_pose_sim3,0.80578659286853,0.008073945358208575,7358,10000,True,False,True,/content/cv3d-project/data/cache/reconstruction/predictions/04090263/18e5827d2cfafd05d735fa1ab17311ec/ff2bcf6b4efe51d1e9458774.npz,26d7b9b8c7fff9d3bfa3040559bf4765bef8c29a1fb903aa4d85787428a3c493,/content/cv3d-project/data/cache/reconstruction/metrics/04090263/18e5827d2cfafd05d735fa1ab17311ec/06d6ef2f2b821c1c262635f3.json,10.331832000247232
04090263/18e5827d2cfafd05d735fa1ab17311ec,vggt,3,"[0, 5, 16]",0.75293781158824,0.8459558070423118,0.9389738024963835,0.0,0.0,0.0,1.998342284109673,0.0,0.0,0.0,0.0,0.0,0.0,camera_pose_sim3,1.201582119487835,0.7727969790283086,10000,10000,True,False,True,/content/cv3d-project/data/cache/reconstruction/predictions/04090263/18e5827d2cfafd05d735fa1ab17311ec/6fe75e00b8d571cb874f2717.npz,eb7ae5fe5bec8ce061ad548a0042f8e0d41bec613f802a07ebf30c8c541e9997,/content/cv3d-project/data/cache/reconstruction/metrics/04090263/18e5827d2cfafd05d735fa1ab17311ec/ae724348df579a14a699f2da.json,12.145033000251715
04090263/18e5827d2cfafd05d735fa1ab17311ec,vggt,5,"[0, 5, 16, 23, 24]",0.9551916018954854,0.9691425160649666,0.9830934302344478,0.0,0.0,0.0,1.998342284109673,0.0,0.0,0.0,0.0,0.0,0.0,camera_pose_sim3,1.925673575203501,0.7535953609783046,10000,10000,True,False,True,/content/cv3d-project/data/cache/reconstruction/predictions/04090263/18e5827d2cfafd05d735fa1ab17311ec/b8cf346fd56cd9ab72ccddac.npz,c10a4f64920675886638fe7618fb1860bd910f70b4d738c0199366d76f6f551e,/content/cv3d-project/data/cache/reconstruction/metrics/04090263/18e5827d2cfafd05d735fa1ab17311ec/4422b644eaadf39b1143ad91.json,12.502493999818398
04090263/18e5827d2cfafd05d735fa1ab17311ec,vggt,10,"[0, 5, 16, 23, 24, 31, 17, 25, 32, 33]",0.451960052508192,0.49572919755667777,0.5394983426051635,0.0,0.0,0.0,1.998342284109673,0.0,0.0,0.0,0.0,0.0,0.0,camera_pose_sim3,0.4383441268470962,1.1138051935831632,10000,10000,True,False,True,/content/cv3d-project/data/cache/reconstruction/predictions/04090263/18e5827d2cfafd05d735fa1ab17311ec/7fa1753eb56482e74c2f8e0c.npz,035bedfbef3525e02f283e6f051f7c3c4ab742c1c3413dad176ecc7ac3a73bbb,/content/cv3d-project/data/cache/reconstruction/metrics/04090263/18e5827d2cfafd05d735fa1ab17311ec/7d8c839f64e19335500cb0aa.json,12.373111000215431
04090263/18fdbd5f5448e1eb9556d0a8c8dea494,vggt,1,[0],12.196988395745215,12.415483041724954,12.633977687704695,0.0,0.0,0.0,1.993878510026289,0.0,0.0,0.0,0.0,0.0,0.0,camera_rotation_center_and_target_diameter_scale_single_view,28.29873043814752,0.0,881,10000,True,True,True,/content/cv3d-project/data/cache/reconstruction/predictions/04090263/18fdbd5f5448e1eb9556d0a8c8dea494/866fb38c984cce42c3f93a6f.npz,47f6deb5ca05ffd8bb229ac748e9340a8ed16781b742c95a8429382fd71189c9,/content/cv3d-project/data/cache/reconstruction/metrics/04090263/18fdbd5f5448e1eb9556d0a8c8dea494/99d0de22663c3089ebdbbbef.json,2.6330330001655966
04090263/18fdbd5f5448e1eb9556d0a8c8dea494,vggt,2,"[0, 4]",1.200949292339105,1.4259867986467878,1.6510243049544708,0.0,0.0,0.0,1.993878510026289,0.0,0.0,0.0,0.0,0.0,0.0,camera_pose_sim3_positive_scale_fallback,1.2666746232150234,1.9070288377847792e-16,8379,10000,True,False,True,/content/cv3d-project/data/cache/reconstruction/predictions/04090263/18fdbd5f5448e1eb9556d0a8c8dea494/7d58fc526d4175fe4b97aa9f.npz,b733520e9b625d794d3d34fd4602a5a6c5c2227a3b6d396a3bfdff28ffdab146,/content/cv3d-project/data/cache/reconstruction/metrics/04090263/18fdbd5f5448e1eb9556d0a8c8dea494/765a91fddee95fbb6fc3b00c.json,11.135604000173771
04090263/18fdbd5f5448e1eb9556d0a8c8dea494,vggt,3,"[0, 4, 8]",0.8625574707218426,0.8654462898868773,0.8683351090519119,0.0,0.0,0.0,1.993878510026289,0.0,0.0,0.0,0.0,0.0,0.0,camera_pose_sim3,2.3359936486745885,0.3967249439456916,10000,10000,True,False,True,/content/cv3d-project/data/cache/reconstruction/predictions/04090263/18fdbd5f5448e1eb9556d0a8c8dea494/0623193dcb0c6abe4b13be2b.npz,1c49cddd1ba6a16449b66e377da51b5ffa25f149b49a13ee22c15f60d0e7658e,/content/cv3d-project/data/cache/reconstruction/metrics/04090263/18fdbd5f5448e1eb9556d0a8c8dea494/4584ed4701ccd3abde36a3cf.json,11.844924000342871
04090263/18fdbd5f5448e1eb9556d0a8c8dea494,vggt,5,"[0, 4, 8, 16, 2]",0.416683765427487,0.5367965502399321,0.6569093350523773,0.0,0.0,0.0,1.993878510026289,0.0,0.0,0.0,0.0,0.0,0.0,camera_pose_sim3,0.9878468438760312,0.88371138653766,10000,10000,True,False,True,/content/cv3d-project/data/cache/reconstruction/predictions/04090263/18fdbd5f5448e1eb9556d0a8c8dea494/4e3177d3d4006347f719436d.npz,958411d36b5fc787fad104efeba1cd75ce0c50908e7e48cdf2ba350b9dc65d2c,/content/cv3d-project/data/cache/reconstruction/metrics/04090263/18fdbd5f5448e1eb9556d0a8c8dea494/679a6d85e198191f94a724f8.json,11.613571999987471
04090263/18fdbd5f5448e1eb9556d0a8c8dea494,vggt,10,"[0, 4, 8, 16, 2, 12, 42, 9, 17, 24]",0.543024105504098,0.5725294251692936,0.6020347448344892,0.0,0.0,0.0,1.993878510026289,0.0,0.0,0.0,0.0,0.0,0.0,camera_pose_sim3,1.417102287206891,0.9834619409577348,10000,10000,True,False,True,/content/cv3d-project/data/cache/reconstruction/predictions/04090263/18fdbd5f5448e1eb9556d0a8c8dea494/319fcd6c935bdc10b05a6f3d.npz,d5d28a42055bec55588d871151ec56a9b500a034e5bb0664d146f87cd5202881,/content/cv3d-project/data/cache/reconstruction/metrics/04090263/18fdbd5f5448e1eb9556d0a8c8dea494/0904e18b0f4368b25bf3c83c.json,12.550058000215358
04090263/19035d7059eaa5b1a27aa199c0989017,vggt,1,[0],7.853792623601519,8.130840467714773,8.407888311828028,0.0,0.0,0.0,1.997769612325093,0.0,0.0,0.0,0.0,0.0,0.0,camera_rotation_center_and_target_diameter_scale_single_view,19.548403250886512,0.0,2417,10000,True,True,True,/content/cv3d-project/data/cache/reconstruction/predictions/04090263/19035d7059eaa5b1a27aa199c0989017/d3a689a264c19d733519c292.npz,ec8e2e5fccf8da23dc224bc0aa912973d13af7f26dd790cbdd6def454c407d76,/content/cv3d-project/data/cache/reconstruction/metrics/04090263/19035d7059eaa5b1a27aa199c0989017/09f4affb5611fb6ef70a5bff.json,2.975621000132378
04090263/19035d7059eaa5b1a27aa199c0989017,vggt,2,"[0, 4]",0.4372899012289681,0.6136761329831822,0.7900623647373964,0.0,0.0,0.0,1.997769612325093,0.0,0.0,0.0,0.0,0.0,0.0,camera_pose_sim3,0.665975144794922,0.26284054138464186,9986,10000,True,False,True,/content/cv3d-project/data/cache/reconstruction/predictions/04090263/19035d7059eaa5b1a27aa199c0989017/46be32838ec2b4ceea005e80.npz,caa55a67be533277a8fe6686323f8a294fa1e40c6ef075abec3ef4298d43ed66,/content/cv3d-project/data/cache/reconstruction/metrics/04090263/19035d7059eaa5b1a27aa199c0989017/4e5d4ae8c21520abc52b57b3.json,12.78755400016962
04090263/19035d7059eaa5b1a27aa199c0989017,vggt,3,"[0, 4, 13]",0.5952808030413642,0.7441491733696055,0.8930175436978467,0.0,0.0,0.0,1.997769612325093,0.0,0.0,0.0,0.0,0.0,0.0,camera_pose_sim3,1.1786018675688112,0.19422496185033744,10000,10000,True,False,True,/content/cv3d-project/data/cache/reconstruction/predictions/04090263/19035d7059eaa5b1a27aa199c0989017/4f85b5c9f62c4faba48f30ed.npz,9ca709d0f6fcc8f0ab544b381a808698572e718da04b5c476728b39d29377a75,/content/cv3d-project/data/cache/reconstruction/metrics/04090263/19035d7059eaa5b1a27aa199c0989017/9fd6d683c4682a39b4194bf3.json,11.946145999900182
04090263/19035d7059eaa5b1a27aa199c0989017,vggt,5,"[0, 4, 13, 5, 23]",0.14528469768732102,0.18434197517131082,0.2233992526553006,0.020586008230452677,0.0,0.0,1.997769612325093,0.0338,0.0,0.0,0.0148,0.0,0.0,camera_pose_sim3,2.2908225098047863,0.32078579290541775,10000,10000,True,False,True,/content/cv3d-project/data/cache/reconstruction/predictions/04090263/19035d7059eaa5b1a27aa199c0989017/8c390515293b66a1ca550e04.npz,03ff02d13fece1b803cf494aa27028f3c883409fb9968873ebac68f9434bc58d,/content/cv3d-project/data/cache/reconstruction/metrics/04090263/19035d7059eaa5b1a27aa199c0989017/0de8d8def3a9980f25f9e293.json,11.959576999743149
04090263/19035d7059eaa5b1a27aa199c0989017,vggt,10,"[0, 4, 13, 5, 23, 16, 31, 38, 8, 17]",0.22592978846888012,0.2502007092364127,0.27447163000394526,0.0,0.0,0.0,1.997769612325093,0.0,0.0,0.0,0.0,0.0,0.0,camera_pose_sim3,2.6404864137604425,0.41959482893747374,10000,10000,True,False,True,/content/cv3d-project/data/cache/reconstruction/predictions/04090263/19035d7059eaa5b1a27aa199c0989017/ee3b082b11e5f0228c23782a.npz,4ac144258f6568a0a04241e6b64845cb491a2db011d4c4db555710b0fccc96ea,/content/cv3d-project/data/cache/reconstruction/metrics/04090263/19035d7059eaa5b1a27aa199c0989017/13e2b177157a8705431c13e2.json,12.33749999983047
04090263/190ce4466c6f4c04fa9286f039319ff7,vggt,1,[0],4.850433125302289,5.091448837654292,5.3324645500062955,0.0,0.0,0.0,1.9903151657491536,0.0,0.0,0.0,0.0,0.0,0.0,camera_rotation_center_and_target_diameter_scale_single_view,13.44024608250192,0.0,6081,10000,True,True,True,/content/cv3d-project/data/cache/reconstruction/predictions/04090263/190ce4466c6f4c04fa9286f039319ff7/5ec1bb5f48cde522479e3134.npz,b7671d1f4b27de4c41bbab3b3f20930dc00341b2129f3b73548520cecd7b7260,/content/cv3d-project/data/cache/reconstruction/metrics/04090263/190ce4466c6f4c04fa9286f039319ff7/b4765bfaa8432bc26025f7eb.json,3.2962300001599942
04090263/190ce4466c6f4c04fa9286f039319ff7,vggt,2,"[0, 4]",0.03924124602805576,0.09925570582767813,0.1592701656273005,0.49961932747652227,0.008905263157894737,0.034459168522642906,1.9903151657491536,0.9858,0.0846,0.2509,0.3346,0.0047,0.0185,camera_pose_sim3,2.7455353055550105,0.06485021532513684,10000,10000,True,False,True,/content/cv3d-project/data/cache/reconstruction/predictions/04090263/190ce4466c6f4c04fa9286f039319ff7/a07864e55c1f86bcf46ec95c.npz,c4ab341f59f58cc1f496ee3ff1f2c1fe867ee079024949e9106caed66ef65659,/content/cv3d-project/data/cache/reconstruction/metrics/04090263/190ce4466c6f4c04fa9286f039319ff7/806da677677a8f79f16205ab.json,12.282746999972005
04090263/190ce4466c6f4c04fa9286f039319ff7,vggt,3,"[0, 4, 25]",0.3604601684355209,0.4056834966807309,0.4509068249259409,0.0,0.0,0.0,1.9903151657491536,0.0,0.0,0.0,0.0,0.0,0.0,camera_pose_sim3,3.1508889572648604,0.4981199117223336,10000,10000,True,False,True,/content/cv3d-project/data/cache/reconstruction/predictions/04090263/190ce4466c6f4c04fa9286f039319ff7/7faf2d2b785b72ac0f256548.npz,ae22d2eb97c291cfc0f38406326c78ab4676e4afb3c24cbd9da89b559f59f60c,/content/cv3d-project/data/cache/reconstruction/metrics/04090263/190ce4466c6f4c04fa9286f039319ff7/7133cf0f08521953378f745b.json,12.569556000016746
04090263/190ce4466c6f4c04fa9286f039319ff7,vggt,5,"[0, 4, 25, 18, 33]",0.20287865843679134,0.2309878680472326,0.25909707765767387,0.0031500000000000005,0.0,0.0,1.9903151657491536,0.0028,0.0,0.0,0.0036,0.0,0.0,camera_pose_sim3,2.729776561539936,0.40493887957807945,10000,10000,True,False,True,/content/cv3d-project/data/cache/reconstruction/predictions/04090263/190ce4466c6f4c04fa9286f039319ff7/3587e5d7bd2c3a252174fa49.npz,90747b19e2957a288922bb89f6d79708e29eefc4c0e2bfda3ccb76905d316aa3,/content/cv3d-project/data/cache/reconstruction/metrics/04090263/190ce4466c6f4c04fa9286f039319ff7/ac5f52ccf7dd2e6c4f3cc188.json,12.472502000036911
04090263/190ce4466c6f4c04fa9286f039319ff7,vggt,10,"[0, 4, 25, 18, 33, 41, 34, 40, 46, 26]",0.03907340616159022,0.1555844585355846,0.272095510909579,0.30733571122352743,0.042133201058201064,0.09007859550561799,1.9903151657491536,0.9842,0.1259,0.3031,0.1821,0.0253,0.0529,camera_pose_sim3,2.1191303340991645,0.6739936724759255,10000,10000,True,False,True,/content/cv3d-project/data/cache/reconstruction/predictions/04090263/190ce4466c6f4c04fa9286f039319ff7/85cc3046f7e4adbce2d5106d.npz,8c828e484862b5a7d6336803f7168187b3fd98f90628ae797104fcf7b56c6f8a,/content/cv3d-project/data/cache/reconstruction/metrics/04090263/190ce4466c6f4c04fa9286f039319ff7/525705c526c4888568a5bd90.json,12.571411000408261
04090263/191f8debadb867fbc24d00518a3dd6ec,vggt,1,[0],11.198524288649795,11.482256294413105,11.765988300176415,0.0,0.0,0.0,1.9967223677648918,0.0,0.0,0.0,0.0,0.0,0.0,camera_rotation_center_and_target_diameter_scale_single_view,26.263452240123687,0.0,2481,10000,True,True,True,/content/cv3d-project/data/cache/reconstruction/predictions/04090263/191f8debadb867fbc24d00518a3dd6ec/c78875db67a6862c7ef5c56e.npz,f70f309d75a1d17b25b7841d12d26000bc4f087a60c16284bafc950de345ec5c,/content/cv3d-project/data/cache/reconstruction/metrics/04090263/191f8debadb867fbc24d00518a3dd6ec/0f8ddf6dfd36660e97ec425b.json,2.8940050001438067
04090263/191f8debadb867fbc24d00518a3dd6ec,vggt,2,"[0, 4]",0.8207744960560218,0.9817646381182326,1.1427547801804432,0.0,0.0,0.0,1.9967223677648918,0.0,0.0,0.0,0.0,0.0,0.0,camera_pose_sim3_positive_scale_fallback,0.9278066847006701,2.2297318329559065e-16,10000,10000,True,False,True,/content/cv3d-project/data/cache/reconstruction/predictions/04090263/191f8debadb867fbc24d00518a3dd6ec/6734b922a47ecaee946b4f95.npz,601d865730a7162d103bc98c764e58eab58d38df8f46972bbd6f476c56816b34,/content/cv3d-project/data/cache/reconstruction/metrics/04090263/191f8debadb867fbc24d00518a3dd6ec/cfaabe5db233664a39a49da9.json,12.079278000328486
04090263/191f8debadb867fbc24d00518a3dd6ec,vggt,3,"[0, 4, 12]",0.6342269734157929,0.7831990945653118,0.9321712157148307,0.0,0.0,0.0,1.9967223677648918,0.0,0.0,0.0,0.0,0.0,0.0,camera_pose_sim3,0.3854664675012914,0.5159535765590626,10000,10000,True,False,True,/content/cv3d-project/data/cache/reconstruction/predictions/04090263/191f8debadb867fbc24d00518a3dd6ec/b00f9aa7769c786e36ebb19b.npz,5d1d1a1267f1beeac654cad6221b1f6d92f578bb29efb3da16f5af27d21d0b18,/content/cv3d-project/data/cache/reconstruction/metrics/04090263/191f8debadb867fbc24d00518a3dd6ec/5814fdf2e9a615b98b3a6869.json,12.311548000070616
04090263/191f8debadb867fbc24d00518a3dd6ec,vggt,5,"[0, 4, 12, 25, 17]",1.0712328734160153,1.1172374002681602,1.1632419271203054,0.0,0.0,0.0,1.9967223677648918,0.0,0.0,0.0,0.0,0.0,0.0,camera_pose_sim3,3.1109734474953186,0.3326093777063898,10000,10000,True,False,True,/content/cv3d-project/data/cache/reconstruction/predictions/04090263/191f8debadb867fbc24d00518a3dd6ec/dadf26bb462d420fd294aba7.npz,caea82646af9544c75e0597b1c701278b14a5a5a3ee26001390ddfcf00d4e739,/content/cv3d-project/data/cache/reconstruction/metrics/04090263/191f8debadb867fbc24d00518a3dd6ec/cc2fccddbfd4e00414111ba5.json,12.604165000084322
04090263/191f8debadb867fbc24d00518a3dd6ec,vggt,10,"[0, 4, 12, 25, 17, 24, 33, 31, 23, 16]",0.22009946910845782,0.2614474035350787,0.3027953379616996,0.0,0.0,0.0,1.9967223677648918,0.0,0.0,0.0,0.0,0.0,0.0,camera_pose_sim3,2.7772925336606353,0.25493037230835036,10000,10000,True,False,True,/content/cv3d-project/data/cache/reconstruction/predictions/04090263/191f8debadb867fbc24d00518a3dd6ec/f90cb32fcc2cd933dcb2d596.npz,562eb6ea7201b21930d9aae95db348bb9f07b3e37c038ef83f86d988bbca702d,/content/cv3d-project/data/cache/reconstruction/metrics/04090263/191f8debadb867fbc24d00518a3dd6ec/e0ca20ae95b12ed083d3838c.json,12.797990000308346
04090263/192309e06577f893bb4594cb67b6eaa3,vggt,1,[0],10.463978660215227,10.69965005030871,10.935321440402193,0.0,0.0,0.0,1.9983460337891974,0.0,0.0,0.0,0.0,0.0,0.0,camera_rotation_center_and_target_diameter_scale_single_view,24.77124404463217,0.0,3137,10000,True,True,True,/content/cv3d-project/data/cache/reconstruction/predictions/04090263/192309e06577f893bb4594cb67b6eaa3/9d3414cb58af5882db2e4862.npz,705bb2acaac8ea294990bde3be275a768e07a2df8f61c6403c5e927551075bb3,/content/cv3d-project/data/cache/reconstruction/metrics/04090263/192309e06577f893bb4594cb67b6eaa3/4bbd64073224a1aa5f37203c.json,2.9942539999865403
04090263/192309e06577f893bb4594cb67b6eaa3,vggt,2,"[0, 4]",0.24537618252699014,0.4403853410510445,0.6353944995750989,0.0,0.0,0.0,1.9983460337891974,0.0,0.0,0.0,0.0,0.0,0.0,camera_pose_sim3,1.1736926721525407,0.1303137625558834,10000,10000,True,False,True,/content/cv3d-project/data/cache/reconstruction/predictions/04090263/192309e06577f893bb4594cb67b6eaa3/274187c8857cce0c7d6bf763.npz,14efac9d614c83871f3df5c0401c38765159ba0f4c4b3198589a76b044c06550,/content/cv3d-project/data/cache/reconstruction/metrics/04090263/192309e06577f893bb4594cb67b6eaa3/7337a3e944e2b76d09b48837.json,12.019705000057002
04090263/192309e06577f893bb4594cb67b6eaa3,vggt,3,"[0, 4, 17]",0.6992940507684337,0.765989047006412,0.8326840432443904,0.0,0.0,0.0,1.9983460337891974,0.0,0.0,0.0,0.0,0.0,0.0,camera_pose_sim3,2.2457737168232486,0.30708458049934395,10000,10000,True,False,True,/content/cv3d-project/data/cache/reconstruction/predictions/04090263/192309e06577f893bb4594cb67b6eaa3/47ab571c2408b7f0d687b511.npz,dc8c9cb5819a83345f88981d0959d75fb7bc3effbccaebf27c9eec7ec6c396c2,/content/cv3d-project/data/cache/reconstruction/metrics/04090263/192309e06577f893bb4594cb67b6eaa3/c158483753d6f13006acb7f5.json,11.98440500002107
04090263/192309e06577f893bb4594cb67b6eaa3,vggt,5,"[0, 4, 17, 25, 8]",0.6928289912912928,0.7313998513435322,0.7699707113957716,0.0,0.0,0.0,1.9983460337891974,0.0,0.0,0.0,0.0,0.0,0.0,camera_pose_sim3,1.6817605431775982,0.9912341531363864,10000,10000,True,False,True,/content/cv3d-project/data/cache/reconstruction/predictions/04090263/192309e06577f893bb4594cb67b6eaa3/1f2dbbae73a0729fa3eb4934.npz,37a0eb8328b9eec7f1d17677ab0b1e2b9ef314f647c10ca34a1f221ce687f94c,/content/cv3d-project/data/cache/reconstruction/metrics/04090263/192309e06577f893bb4594cb67b6eaa3/39ba1334c88a64a15b55c68f.json,12.353057999916928
04090263/192309e06577f893bb4594cb67b6eaa3,vggt,10,"[0, 4, 17, 25, 8, 15, 23, 16, 31, 9]",0.7846653353536918,0.8130072085576965,0.8413490817617012,0.0,0.0,0.0,1.9983460337891974,0.0,0.0,0.0,0.0,0.0,0.0,camera_pose_sim3,2.4011961781958995,0.7653739980411388,10000,10000,True,False,True,/content/cv3d-project/data/cache/reconstruction/predictions/04090263/192309e06577f893bb4594cb67b6eaa3/37d7a3d901ed9478eb125d18.npz,a08cad59a340f39ff8748e35f279271fb9067967459232ad1a952796407c0bd2,/content/cv3d-project/data/cache/reconstruction/metrics/04090263/192309e06577f893bb4594cb67b6eaa3/300ea2edd5556147007af86e.json,13.316803999714466
04090263/193520be26b57b77a5f9d279e263a051,vggt,1,[0],10.503452938313165,10.78403682109865,11.064620703884136,0.0,0.0,0.0,1.9950578378441444,0.0,0.0,0.0,0.0,0.0,0.0,camera_rotation_center_and_target_diameter_scale_single_view,24.867483633442433,0.0,1273,10000,True,True,True,/content/cv3d-project/data/cache/reconstruction/predictions/04090263/193520be26b57b77a5f9d279e263a051/456f794969b72ea426f17498.npz,6103f8ecef891adbb7dc5c9366a40fd30d887200fb8ff76277212389ed417e14,/content/cv3d-project/data/cache/reconstruction/metrics/04090263/193520be26b57b77a5f9d279e263a051/5a12e1648b86ee069af9b983.json,2.82899300009376
04090263/193520be26b57b77a5f9d279e263a051,vggt,2,"[0, 5]",0.8681760264053601,1.034297332468031,1.2004186385307016,0.0,0.0,0.0,1.9950578378441444,0.0,0.0,0.0,0.0,0.0,0.0,camera_pose_sim3,0.8509379080548335,0.08812778827994738,6743,10000,True,True,True,/content/cv3d-project/data/cache/reconstruction/predictions/04090263/193520be26b57b77a5f9d279e263a051/6151ac72448721421ce82edb.npz,0495987da42dd80abdb78f0a31ebd28b04fd4272b439ced129de0a540ad49680,/content/cv3d-project/data/cache/reconstruction/metrics/04090263/193520be26b57b77a5f9d279e263a051/6ca713d4a460ab095ae17058.json,2.4502129999746103
04090263/193520be26b57b77a5f9d279e263a051,vggt,3,"[0, 5, 14]",0.874917639128423,1.0252350600128288,1.1755524808972349,0.0,0.0,0.0,1.9950578378441444,0.0,0.0,0.0,0.0,0.0,0.0,camera_pose_sim3,0.3847279561766299,0.4829411165257364,10000,10000,True,False,True,/content/cv3d-project/data/cache/reconstruction/predictions/04090263/193520be26b57b77a5f9d279e263a051/60433ddfef2938e7e8af1aef.npz,d741b531a0b3f8d1896d39ffd7295e5883878aa1db29b618f7b91163ccff1cc5,/content/cv3d-project/data/cache/reconstruction/metrics/04090263/193520be26b57b77a5f9d279e263a051/a6a5bf232f15a268626be0a2.json,12.237190000178089
04090263/193520be26b57b77a5f9d279e263a051,vggt,5,"[0, 5, 14, 9, 18]",0.31792814259188756,0.3479383605831203,0.377948578574353,0.0,0.0,0.0,1.9950578378441444,0.0,0.0,0.0,0.0,0.0,0.0,camera_pose_sim3,2.25628917199028,0.3498265588456073,10000,10000,True,False,True,/content/cv3d-project/data/cache/reconstruction/predictions/04090263/193520be26b57b77a5f9d279e263a051/77ce9859a5ad84561161ff41.npz,ece1b0ecc204151f132fec7cc89ecaad3568360efcb2f6e6e078a8728cad6ca4,/content/cv3d-project/data/cache/reconstruction/metrics/04090263/193520be26b57b77a5f9d279e263a051/6b4e3e96281cdbd1acdb11d9.json,12.239508000220667
04090263/193520be26b57b77a5f9d279e263a051,vggt,10,"[0, 5, 14, 9, 18, 2, 17, 8, 39, 31]",0.34227971343887764,0.37138813481745325,0.4004965561960289,0.0,0.0,0.0,1.9950578378441444,0.0,0.0,0.0,0.0,0.0,0.0,camera_pose_sim3,1.7950337833331627,0.7580992554201741,10000,10000,True,False,True,/content/cv3d-project/data/cache/reconstruction/predictions/04090263/193520be26b57b77a5f9d279e263a051/970ee9fc52e837fb49d01ebb.npz,38ddb93b42d4145dd806b68df05b1423a79567c3f50f376bf6ef1107b85c672e,/content/cv3d-project/data/cache/reconstruction/metrics/04090263/193520be26b57b77a5f9d279e263a051/d4d2f27b01a6453fbec696a6.json,12.675992000367842
04090263/1939215162425a252bf06c32262648ff,vggt,1,[0],6.765737076163017,7.03354111587489,7.3013451555867634,0.0,0.0,0.0,1.997953165567281,0.0,0.0,0.0,0.0,0.0,0.0,camera_rotation_center_and_target_diameter_scale_single_view,17.310070557446842,0.0,3125,10000,True,True,True,/content/cv3d-project/data/cache/reconstruction/predictions/04090263/1939215162425a252bf06c32262648ff/48dd7268efbfce4b90f54c40.npz,c2a9cb4e40efec166fd5893d0d0797fbd7ed455812fcb49eda0ffd5ca81c88e4,/content/cv3d-project/data/cache/reconstruction/metrics/04090263/1939215162425a252bf06c32262648ff/b16909b26574e604dd405f1b.json,2.959364000162168
04090263/1939215162425a252bf06c32262648ff,vggt,2,"[0, 4]",0.6080822842466727,0.7862363010277833,0.964390317808894,0.0,0.0,0.0,1.997953165567281,0.0,0.0,0.0,0.0,0.0,0.0,camera_pose_sim3,0.7428544391939981,0.1692118006248422,10000,10000,True,False,True,/content/cv3d-project/data/cache/reconstruction/predictions/04090263/1939215162425a252bf06c32262648ff/93c3ddb517ebf59ab8991952.npz,1c98b9e19ebf2efc3d9aecf9376e7e47fb0635f46a1deed479068e90867849ec,/content/cv3d-project/data/cache/reconstruction/metrics/04090263/1939215162425a252bf06c32262648ff/21b54b6c83cba3161ef321ca.json,12.513900000158173
04090263/1939215162425a252bf06c32262648ff,vggt,3,"[0, 4, 12]",0.5458404499636768,0.6852778961846473,0.824715342405618,0.0,0.0,0.0,1.997953165567281,0.0,0.0,0.0,0.0,0.0,0.0,camera_pose_sim3,1.072886281824721,0.3753051892883236,10000,10000,True,False,True,/content/cv3d-project/data/cache/reconstruction/predictions/04090263/1939215162425a252bf06c32262648ff/5db8021b23ec99b90ddbe68f.npz,030d4c6bc65f7a9f761bb80fb4a723021bd30801b3cf5127039c1b7e1ed22d07,/content/cv3d-project/data/cache/reconstruction/metrics/04090263/1939215162425a252bf06c32262648ff/764c847bb167a8a035424df6.json,12.45316599988655
04090263/1939215162425a252bf06c32262648ff,vggt,5,"[0, 4, 12, 25, 27]",0.13899814253169174,0.1869726009191635,0.23494705930663531,0.005571428571428571,0.0,0.0,1.997953165567281,0.039,0.0,0.0,0.003,0.0,0.0,camera_pose_sim3,2.634907838648083,0.5185940293620716,10000,10000,True,False,True,/content/cv3d-project/data/cache/reconstruction/predictions/04090263/1939215162425a252bf06c32262648ff/ad46aa693857814883d1997d.npz,6c9c9c98a2cc58c402c0eb2329d3891afe496be65c6b5a1f036c7e520621d488,/content/cv3d-project/data/cache/reconstruction/metrics/04090263/1939215162425a252bf06c32262648ff/ac2caa5dc074a8c1e480a0bc.json,12.589401999775873
04090263/1939215162425a252bf06c32262648ff,vggt,10,"[0, 4, 12, 25, 27, 17, 33, 24, 35, 26]",0.0515812988955907,0.08924999978722944,0.12691870067886818,0.731737897745316,0.008636363636363636,0.05674784140969163,1.997953165567281,0.9963,0.0076,0.0571,0.5782,0.01,0.0564,camera_pose_sim3,2.5947365167526004,0.4248538276647452,10000,10000,True,False,True,/content/cv3d-project/data/cache/reconstruction/predictions/04090263/1939215162425a252bf06c32262648ff/abee45ead34d9f7291318cf1.npz,6e90d471f2256024cad3d85546195b61abe4f967dd2e24adc2f24a82a76062d2,/content/cv3d-project/data/cache/reconstruction/metrics/04090263/1939215162425a252bf06c32262648ff/3ebfd7bbc02131e7b2081a77.json,12.516252000295935
04090263/193e079f24ac1ded1153b2cafc57da88,vggt,1,[0],13.487417468790536,13.716541922548018,13.945666376305502,0.0,0.0,0.0,1.9980861684937106,0.0,0.0,0.0,0.0,0.0,0.0,camera_rotation_center_and_target_diameter_scale_single_view,31.168912320648012,0.0,1333,10000,True,True,True,/content/cv3d-project/data/cache/reconstruction/predictions/04090263/193e079f24ac1ded1153b2cafc57da88/03abc075665ddcf03a570c95.npz,b5b0841e82e4dbb3b5463d1cacbe71bc7071012e9a7f5cd172a935659d53aa5b,/content/cv3d-project/data/cache/reconstruction/metrics/04090263/193e079f24ac1ded1153b2cafc57da88/504e64c2e96f93b27ae2be9a.json,2.722006000112742
04090263/193e079f24ac1ded1153b2cafc57da88,vggt,2,"[0, 4]",0.7303427578110979,0.9464237540215262,1.1625047502319545,0.0,0.0,0.0,1.9980861684937106,0.0,0.0,0.0,0.0,0.0,0.0,camera_pose_sim3,0.8129367829521782,0.13276360876586768,7094,10000,True,False,True,/content/cv3d-project/data/cache/reconstruction/predictions/04090263/193e079f24ac1ded1153b2cafc57da88/5085ea4bddffbb4939d7391f.npz,bed099439b8a91544d59f4d81758eeb1f9e9a2e1f5697ca5db2c7c75f0e2b937,/content/cv3d-project/data/cache/reconstruction/metrics/04090263/193e079f24ac1ded1153b2cafc57da88/9fd5487452b89e2c5b3b6357.json,10.49323799998092
04090263/193e079f24ac1ded1153b2cafc57da88,vggt,3,"[0, 4, 9]",2.7949284821933773,2.8989224677986276,3.002916453403878,0.0,0.0,0.0,1.9980861684937106,0.0,0.0,0.0,0.0,0.0,0.0,camera_pose_sim3_positive_scale_fallback,3.4644464362141263,0.9484382012274215,10000,10000,True,False,True,/content/cv3d-project/data/cache/reconstruction/predictions/04090263/193e079f24ac1ded1153b2cafc57da88/6312a3eb2728d4d64422f4b6.npz,9249b021b4b5d6261bb7c171e63c4cdf44fa2345c4cc5850dbb8880424a91dc8,/content/cv3d-project/data/cache/reconstruction/metrics/04090263/193e079f24ac1ded1153b2cafc57da88/2a0098562a3d175254a9c799.json,12.029762000111077
04090263/193e079f24ac1ded1153b2cafc57da88,vggt,5,"[0, 4, 9, 17, 25]",0.6315439371941718,0.6546014978104671,0.6776590584267622,0.0,0.0,0.0,1.9980861684937106,0.0,0.0,0.0,0.0,0.0,0.0,camera_pose_sim3,1.9477767740048821,0.951876004557736,10000,10000,True,False,True,/content/cv3d-project/data/cache/reconstruction/predictions/04090263/193e079f24ac1ded1153b2cafc57da88/5bb7d82933cc8fd8b10d438f.npz,7eeda1f688a8f62964fcb2a287aa8932813b3f80286b013517a86e1c20a1be1d,/content/cv3d-project/data/cache/reconstruction/metrics/04090263/193e079f24ac1ded1153b2cafc57da88/123090d376b244894c0cb284.json,12.07856900009574
04090263/193e079f24ac1ded1153b2cafc57da88,vggt,10,"[0, 4, 9, 17, 25, 18, 24, 33, 23, 16]",1.481022053612482,1.463044063370952,1.445066073129422,0.0,0.0,0.0,1.9980861684937106,0.0,0.0,0.0,0.0,0.0,0.0,camera_pose_sim3,3.489951441919352,0.5272933886882976,10000,10000,True,False,True,/content/cv3d-project/data/cache/reconstruction/predictions/04090263/193e079f24ac1ded1153b2cafc57da88/9c22865d30929ee808cbbd56.npz,128ce42959bbe897ba45ad11fe6a5f3d28bd5023f5fce9f2c5ed358a17501241,/content/cv3d-project/data/cache/reconstruction/metrics/04090263/193e079f24ac1ded1153b2cafc57da88/2364b95e874f2db1b38ba963.json,12.783906000095158
04090263/194a4d0bcc1443fffcfd5149a4a15414,vggt,1,[0],6.538932734850916,6.8108223756783595,7.082712016505803,0.0,0.0,0.0,1.9942303696026955,0.0,0.0,0.0,0.0,0.0,0.0,camera_rotation_center_and_target_diameter_scale_single_view,17.051729701229323,0.0,2637,10000,True,True,True,/content/cv3d-project/data/cache/reconstruction/predictions/04090263/194a4d0bcc1443fffcfd5149a4a15414/0f1ed49fe36da3ee2e87e358.npz,262e5ac0392326b120dbb28c839359a732c199ec41862ecf82ed93a93164af1e,/content/cv3d-project/data/cache/reconstruction/metrics/04090263/194a4d0bcc1443fffcfd5149a4a15414/dcd36c6ab88366b7f4abeb84.json,3.0759820001549087
04090263/194a4d0bcc1443fffcfd5149a4a15414,vggt,2,"[0, 4]",0.4006470431944867,0.5427886258203389,0.6849302084461912,0.0,0.0,0.0,1.9942303696026955,0.0,0.0,0.0,0.0,0.0,0.0,camera_pose_sim3,0.7812281642790022,0.23185578042203955,10000,10000,True,False,True,/content/cv3d-project/data/cache/reconstruction/predictions/04090263/194a4d0bcc1443fffcfd5149a4a15414/26f95d6db69a836cdbea86c7.npz,6c01e020f3d8734ab9e20dc6db71dc08cede203a78fd7485b9e8026e31b8e348,/content/cv3d-project/data/cache/reconstruction/metrics/04090263/194a4d0bcc1443fffcfd5149a4a15414/89704be734a0705318688740.json,12.332570000125997
04090263/194a4d0bcc1443fffcfd5149a4a15414,vggt,3,"[0, 4, 17]",3.5992281225635314,3.6645164218467,3.729804721129869,0.0,0.0,0.0,1.9942303696026955,0.0,0.0,0.0,0.0,0.0,0.0,camera_pose_sim3_positive_scale_fallback,4.452050081901405,1.016883996200119,10000,10000,True,False,True,/content/cv3d-project/data/cache/reconstruction/predictions/04090263/194a4d0bcc1443fffcfd5149a4a15414/85692c0abfc1345f1a9ab032.npz,8f5587c77045738130db37b78307d6f09e5b037167c44181907c61071c4f7d1c,/content/cv3d-project/data/cache/reconstruction/metrics/04090263/194a4d0bcc1443fffcfd5149a4a15414/04a5b73db9bf5a55d7ae298c.json,13.903898000080517
04090263/194a4d0bcc1443fffcfd5149a4a15414,vggt,5,"[0, 4, 17, 24, 25]",1.2614668575523256,1.25587823757177,1.2502896175912146,0.0,0.0,0.0,1.9942303696026955,0.0,0.0,0.0,0.0,0.0,0.0,camera_pose_sim3,3.253836330940384,0.4045915879978343,10000,10000,True,False,True,/content/cv3d-project/data/cache/reconstruction/predictions/04090263/194a4d0bcc1443fffcfd5149a4a15414/ff9d175d10616f043ef5d59d.npz,36fdd5f70ea4644197e5db67d3218d3664a46abeac3af07f45bfd44136bfae74,/content/cv3d-project/data/cache/reconstruction/metrics/04090263/194a4d0bcc1443fffcfd5149a4a15414/ce22bdddf5f7a9d1e1033cf9.json,13.009980000333599
04090263/194a4d0bcc1443fffcfd5149a4a15414,vggt,10,"[0, 4, 17, 24, 25, 33, 32, 39, 31, 23]",0.5791079008827076,0.6294326792839455,0.6797574576851834,0.0,0.0,0.0,1.9942303696026955,0.0,0.0,0.0,0.0,0.0,0.0,camera_pose_sim3,1.3034995982588777,1.0516574028710406,10000,10000,True,False,True,/content/cv3d-project/data/cache/reconstruction/predictions/04090263/194a4d0bcc1443fffcfd5149a4a15414/0f7bdf35a45d72ac1a6761de.npz,df91d3a96dc0ab65c10a3c6d0ee4e76c577c3cb53103cd8a7c11bda91abe7bd2,/content/cv3d-project/data/cache/reconstruction/metrics/04090263/194a4d0bcc1443fffcfd5149a4a15414/5131e2224b12dc037e79fdb7.json,12.764045000039914
04256520/165a78e3a2b705ef22c3a2386a9dfbe9,vggt,1,[0],1.652435828645673,1.7756450183583419,1.898854208071011,0.0,0.0,0.0,1.9987110595894428,0.0,0.0,0.0,0.0,0.0,0.0,camera_rotation_center_and_target_diameter_scale_single_view,6.483510838663643,0.0,10000,10000,True,True,True,/content/cv3d-project/data/cache/reconstruction/predictions/04256520/165a78e3a2b705ef22c3a2386a9dfbe9/b0a62c65f2078200a7406d94.npz,9b69b9699b6c8ad3f3676bb3407fa3d3be617684d826d300a4bb2e7310394cd5,/content/cv3d-project/data/cache/reconstruction/metrics/04256520/165a78e3a2b705ef22c3a2386a9dfbe9/df405682cfd3d3fd9272421c.json,3.74603600039336
04256520/165a78e3a2b705ef22c3a2386a9dfbe9,vggt,2,"[0, 5]",0.2692819290277193,0.3564507122831046,0.4436194955384899,0.0,0.0,0.0,1.9987110595894428,0.0,0.0,0.0,0.0,0.0,0.0,camera_pose_sim3,1.8312155161930448,0.02105168198485158,10000,10000,True,False,True,/content/cv3d-project/data/cache/reconstruction/predictions/04256520/165a78e3a2b705ef22c3a2386a9dfbe9/134a272a0e3f2f6096795de3.npz,1bbf9a858ed6724ba1af81224a25166e81681ca79411bbe25776c087a2ee280f,/content/cv3d-project/data/cache/reconstruction/metrics/04256520/165a78e3a2b705ef22c3a2386a9dfbe9/0bb7f8373f2e7720b44e53fc.json,13.310666000052152
04256520/165a78e3a2b705ef22c3a2386a9dfbe9,vggt,3,"[0, 5, 38]",0.018664523726223382,0.07392772621321007,0.12919092870019677,0.5945186226282502,0.04988786610878661,0.12397074575295135,1.9987110595894428,1.0,0.2592,0.6258,0.423,0.0276,0.0688,camera_pose_sim3,2.7311571258662326,0.18605959097653388,10000,10000,True,False,True,/content/cv3d-project/data/cache/reconstruction/predictions/04256520/165a78e3a2b705ef22c3a2386a9dfbe9/a9a70ac6499a10c7f63f486f.npz,5158eb2334048d9589e724d6950188e08b3669d8d642f35672073817a3a654fe,/content/cv3d-project/data/cache/reconstruction/metrics/04256520/165a78e3a2b705ef22c3a2386a9dfbe9/9bfb130f25d27ea7927c71af.json,12.053402000219648
04256520/165a78e3a2b705ef22c3a2386a9dfbe9,vggt,5,"[0, 5, 38, 31, 25]",0.16291481272587838,0.22799810530693543,0.2930813978879925,0.0,0.0,0.0,1.9987110595894428,0.0,0.0,0.0,0.0,0.0,0.0,camera_pose_sim3,1.6783085192600489,1.020844981887779,10000,10000,True,False,True,/content/cv3d-project/data/cache/reconstruction/predictions/04256520/165a78e3a2b705ef22c3a2386a9dfbe9/1f66289a379d187987150fec.npz,879ba980138f90700b12594469bedcc94dd9645e27c52142e6ae705b6ad09ab8,/content/cv3d-project/data/cache/reconstruction/metrics/04256520/165a78e3a2b705ef22c3a2386a9dfbe9/05846008c47c76526effe2f6.json,12.488403999668662
04256520/165a78e3a2b705ef22c3a2386a9dfbe9,vggt,10,"[0, 5, 38, 31, 25, 33, 40, 46, 34, 41]",0.39807955632807207,0.5470021763441418,0.6959247963602115,0.0,0.0,0.0,1.9987110595894428,0.0,0.0,0.0,0.0,0.0,0.0,camera_pose_sim3,0.5606499193506158,1.2281939178709624,10000,10000,True,False,True,/content/cv3d-project/data/cache/reconstruction/predictions/04256520/165a78e3a2b705ef22c3a2386a9dfbe9/0f124218262cf97254a4731f.npz,d1154a58f753844e9f7307edb2f64000b6e4587146c7e6bc5833d796865d9f11,/content/cv3d-project/data/cache/reconstruction/metrics/04256520/165a78e3a2b705ef22c3a2386a9dfbe9/860ab01363eaf43581db528a.json,13.13796199974604
04256520/1662f76e3762fc92413102507b68bcb5,vggt,1,[0],2.001733209066133,2.0969629980977027,2.192192787129272,0.0,0.0,0.0,1.9959457232422435,0.0,0.0,0.0,0.0,0.0,0.0,camera_rotation_center_and_target_diameter_scale_single_view,7.11352438958616,0.0,10000,10000,True,True,True,/content/cv3d-project/data/cache/reconstruction/predictions/04256520/1662f76e3762fc92413102507b68bcb5/e8e4d3a776438a1610b1761a.npz,d8d1b14544f87676ee4b3e1269165a58d48360e5266f8183b40427d5baa1c16c,/content/cv3d-project/data/cache/reconstruction/metrics/04256520/1662f76e3762fc92413102507b68bcb5/3efefaf54a63cf1874e683e7.json,3.952560000016092
04256520/1662f76e3762fc92413102507b68bcb5,vggt,2,"[0, 18]",0.5963143405170195,0.6682139504957922,0.7401135604745651,0.0,0.0,0.0,1.9959457232422435,0.0,0.0,0.0,0.0,0.0,0.0,camera_pose_sim3,1.1558241793857165,0.7530497365517829,10000,10000,True,False,True,/content/cv3d-project/data/cache/reconstruction/predictions/04256520/1662f76e3762fc92413102507b68bcb5/c38650d230f2c208fd6e4a81.npz,6770cf87c245399ed50f6eba0d98abc8999d6b80f0cb973f3bd4ec69507e5111,/content/cv3d-project/data/cache/reconstruction/metrics/04256520/1662f76e3762fc92413102507b68bcb5/1d0b73e17bf7ccef903090bc.json,12.675741000293783
04256520/1662f76e3762fc92413102507b68bcb5,vggt,3,"[0, 18, 25]",0.4414383592090603,0.5150993851041931,0.5887604109993257,0.0,0.0,0.0,1.9959457232422435,0.0,0.0,0.0,0.0,0.0,0.0,camera_pose_sim3,1.5757342482439962,0.680076785373205,10000,10000,True,False,True,/content/cv3d-project/data/cache/reconstruction/predictions/04256520/1662f76e3762fc92413102507b68bcb5/c4c522ebce2c37afe408ab1f.npz,bb7ec47f37d4967d21ed731ad966c46efb9f59e612a4f3d158cf32d920f4a327,/content/cv3d-project/data/cache/reconstruction/metrics/04256520/1662f76e3762fc92413102507b68bcb5/2b2a5c3436efcefd3b7db93b.json,12.272004999886121
04256520/1662f76e3762fc92413102507b68bcb5,vggt,5,"[0, 18, 25, 33, 40]",0.4860144689661084,0.539927156649628,0.5938398443331475,0.0,0.0,0.0,1.9959457232422435,0.0,0.0,0.0,0.0,0.0,0.0,camera_pose_sim3,1.303123737083675,0.8126704114428691,10000,10000,True,False,True,/content/cv3d-project/data/cache/reconstruction/predictions/04256520/1662f76e3762fc92413102507b68bcb5/70c6d8ef2a6da14cf358cef1.npz,5b7505fdf1a0b1caceff0fc2996706c60aba6a7c4bd30c10a9bfe010fb6cc72b,/content/cv3d-project/data/cache/reconstruction/metrics/04256520/1662f76e3762fc92413102507b68bcb5/a5eb3d2f6fe563bce41a19d5.json,11.96515499987072
04256520/1662f76e3762fc92413102507b68bcb5,vggt,10,"[0, 18, 25, 33, 40, 46, 9, 45, 39, 34]",0.49386980431498917,0.5984599271769943,0.7030500500389993,0.0,0.0,0.0,1.9959457232422435,0.0,0.0,0.0,0.0,0.0,0.0,camera_pose_sim3,0.5693114024734472,1.0973353504559762,10000,10000,True,False,True,/content/cv3d-project/data/cache/reconstruction/predictions/04256520/1662f76e3762fc92413102507b68bcb5/69c29a9226ec17629e265e0e.npz,ea482cb03c25e7cdce1639b002a73321cac108b57b3482f7d35a8889f63dd441,/content/cv3d-project/data/cache/reconstruction/metrics/04256520/1662f76e3762fc92413102507b68bcb5/3f1b0f8c92508bc573f4e53a.json,12.574957000197173
04256520/16632d002fc0eec9917b96045c9b6dea,vggt,1,[0],1.4837614894185807,1.6814393695650187,1.8791172497114568,0.0,0.0,0.0,1.997489212660642,0.0,0.0,0.0,0.0,0.0,0.0,camera_rotation_center_and_target_diameter_scale_single_view,6.3856688219793485,0.0,10000,10000,True,True,True,/content/cv3d-project/data/cache/reconstruction/predictions/04256520/16632d002fc0eec9917b96045c9b6dea/373b29943d2701a9e8207739.npz,0a32d8cfa4952518e4e810e0056e6693c118e44d32bf6a1796157ef190d4a386,/content/cv3d-project/data/cache/reconstruction/metrics/04256520/16632d002fc0eec9917b96045c9b6dea/e382372b95d82fcc12f9f9ef.json,3.8556160002372053
04256520/16632d002fc0eec9917b96045c9b6dea,vggt,2,"[0, 18]",0.46345032428010025,0.5919696134548731,0.7204889026296459,0.0,0.0,0.0,1.997489212660642,0.0,0.0,0.0,0.0,0.0,0.0,camera_pose_sim3,0.36479016051090946,0.9418767655126422,10000,10000,True,True,True,/content/cv3d-project/data/cache/reconstruction/predictions/04256520/16632d002fc0eec9917b96045c9b6dea/c23bcf49c339606bd7c9f187.npz,090785a277bf3a33848c78290a1017c108fcd350f18aa576412cb8b8d609cd60,/content/cv3d-project/data/cache/reconstruction/metrics/04256520/16632d002fc0eec9917b96045c9b6dea/df698a8ba8fc218ab78da8f5.json,2.464183000029152
04256520/16632d002fc0eec9917b96045c9b6dea,vggt,3,"[0, 18, 26]",0.08624564150747897,0.19005974623086408,0.29387385095424917,0.029105133020344287,0.0,0.0,1.997489212660642,0.6241,0.0,0.0,0.0149,0.0,0.0,camera_pose_sim3,0.8778338146810525,0.9294395157186154,10000,10000,True,False,True,/content/cv3d-project/data/cache/reconstruction/predictions/04256520/16632d002fc0eec9917b96045c9b6dea/1c2eba74221715cb39143b48.npz,7ca632ce89a6743588504baea842dd0539b5b98cf27da007c922392f41c1193d,/content/cv3d-project/data/cache/reconstruction/metrics/04256520/16632d002fc0eec9917b96045c9b6dea/e4a2b68b4fd0f60ba5ecbd41.json,12.030364000111149
04256520/16632d002fc0eec9917b96045c9b6dea,vggt,5,"[0, 18, 26, 34, 25]",0.8482354011026673,0.9171192273518933,0.9860030536011195,0.0,0.0,0.0,1.997489212660642,0.0,0.0,0.0,0.0,0.0,0.0,camera_pose_sim3,0.11281161505333241,0.9509894764542102,10000,10000,True,False,True,/content/cv3d-project/data/cache/reconstruction/predictions/04256520/16632d002fc0eec9917b96045c9b6dea/a5886640792c609f8bd25b4f.npz,9e28e64eb0b7c37d8a151b5faa3a4e3f1f863c8ced7306170c69a2a23b961f96,/content/cv3d-project/data/cache/reconstruction/metrics/04256520/16632d002fc0eec9917b96045c9b6dea/55336e3b95da81895d14e405.json,12.583676999838644
04256520/16632d002fc0eec9917b96045c9b6dea,vggt,10,"[0, 18, 26, 34, 25, 39, 45, 41, 33, 38]",0.4886425312907961,0.6516938944947052,0.8147452576986143,0.0,0.0,0.0,1.997489212660642,0.0,0.0,0.0,0.0,0.0,0.0,camera_pose_sim3,1.7580574910356668,0.8674738224868052,10000,10000,True,False,True,/content/cv3d-project/data/cache/reconstruction/predictions/04256520/16632d002fc0eec9917b96045c9b6dea/e839864810a0200d87a33b46.npz,738aca506ebbda788f6cf081672f48962aba7a75885a7e7c8882e8d700a86950,/content/cv3d-project/data/cache/reconstruction/metrics/04256520/16632d002fc0eec9917b96045c9b6dea/35b7016e2ca95939cbaf77b7.json,12.972044999969512
04256520/1667fb24efa940b9527e7f2c027f7469,vggt,1,[0],1.9904047615344436,2.10624827560162,2.2220917896687964,0.0,0.0,0.0,1.998214942682119,0.0,0.0,0.0,0.0,0.0,0.0,camera_rotation_center_and_target_diameter_scale_single_view,7.303314122792744,0.0,10000,10000,True,True,True,/content/cv3d-project/data/cache/reconstruction/predictions/04256520/1667fb24efa940b9527e7f2c027f7469/b9d4af9e02258a7aba2be87b.npz,a1df676556216c47c1ca092de1f1925037e45a1b9031ab802e706e922c38441f,/content/cv3d-project/data/cache/reconstruction/metrics/04256520/1667fb24efa940b9527e7f2c027f7469/586bd23cb16976bf832ff50b.json,3.96162800007005
04256520/1667fb24efa940b9527e7f2c027f7469,vggt,2,"[0, 16]",0.19833116769079193,0.3405522244431108,0.48277328119542967,0.0,0.0,0.0,1.998214942682119,0.0,0.0,0.0,0.0,0.0,0.0,camera_pose_sim3,1.9416329065056535,0.48708058022520734,10000,10000,True,True,True,/content/cv3d-project/data/cache/reconstruction/predictions/04256520/1667fb24efa940b9527e7f2c027f7469/e4f2af5621fec758822bd412.npz,b114827a31f32d7a49b90c9b181356fed0ace57eb056273105c6cd001c50d306,/content/cv3d-project/data/cache/reconstruction/metrics/04256520/1667fb24efa940b9527e7f2c027f7469/2c819f0dec8c662b0665b5bb.json,2.5474369999756163
04256520/1667fb24efa940b9527e7f2c027f7469,vggt,3,"[0, 16, 24]",0.13589287577721246,0.2814072643810311,0.4269216529848497,0.003523131672597865,0.0,0.0,1.998214942682119,0.0825,0.0,0.0,0.0018,0.0,0.0,camera_pose_sim3,2.0659416689487164,0.6972028152942628,10000,10000,True,False,True,/content/cv3d-project/data/cache/reconstruction/predictions/04256520/1667fb24efa940b9527e7f2c027f7469/171db6e9bd2800635ccb96ee.npz,a82ea7e6e2ca2563938197b792aa89adaf329fcee697ccf4032b53691ee1f688,/content/cv3d-project/data/cache/reconstruction/metrics/04256520/1667fb24efa940b9527e7f2c027f7469/10b9543b52db7b4e7467fb3e.json,12.445780000234663
04256520/1667fb24efa940b9527e7f2c027f7469,vggt,5,"[0, 16, 24, 33, 40]",0.5128521635069034,0.6260341302471266,0.7392160969873498,0.0,0.0,0.0,1.998214942682119,0.0,0.0,0.0,0.0,0.0,0.0,camera_pose_sim3,2.599874885868248,0.6933676023965876,10000,10000,True,False,True,/content/cv3d-project/data/cache/reconstruction/predictions/04256520/1667fb24efa940b9527e7f2c027f7469/fabf148a229595ca758c203c.npz,b61e88e4e70e0775ddb12c2e10616ecca00c739ef75e12677d571b2062e719f7,/content/cv3d-project/data/cache/reconstruction/metrics/04256520/1667fb24efa940b9527e7f2c027f7469/dcb8b5add5a97d7473a6ed56.json,11.865797000154998
04256520/1667fb24efa940b9527e7f2c027f7469,vggt,10,"[0, 16, 24, 33, 40, 23, 32, 44, 37, 15]",0.30519387231063605,0.339104610799811,0.373015349288986,0.0,0.0,0.0,1.998214942682119,0.0,0.0,0.0,0.0,0.0,0.0,camera_pose_sim3,1.8680626900347828,0.7162330005412407,10000,10000,True,False,True,/content/cv3d-project/data/cache/reconstruction/predictions/04256520/1667fb24efa940b9527e7f2c027f7469/2404916bc1b8cf99eca5b915.npz,02748f30bfdb02a1c61a0dbf332d2a2249847e3e3c0db3402ddf9cd508be96e7,/content/cv3d-project/data/cache/reconstruction/metrics/04256520/1667fb24efa940b9527e7f2c027f7469/48027c2721f65044740c5281.json,12.413258999913523
04256520/167088246175f31c593ebeeedbff73b,vggt,1,[0],2.1150851185791257,2.1938229051889913,2.2725606917988572,0.0,0.0,0.0,1.9944423149971349,0.0,0.0,0.0,0.0,0.0,0.0,camera_rotation_center_and_target_diameter_scale_single_view,7.345379785588323,0.0,10000,10000,True,True,True,/content/cv3d-project/data/cache/reconstruction/predictions/04256520/167088246175f31c593ebeeedbff73b/22c246f88c9ff24656917ed4.npz,2f1a3031d9d39932ec562bd4fe6bf24808d98bece6ebceb800434a2d1f20381e,/content/cv3d-project/data/cache/reconstruction/metrics/04256520/167088246175f31c593ebeeedbff73b/2dca7967b05c4f9b8c8ede0c.json,3.8439410000137286
04256520/167088246175f31c593ebeeedbff73b,vggt,2,"[0, 18]",0.7104781492312437,0.7783385281565582,0.8461989070818726,0.0,0.0,0.0,1.9944423149971349,0.0,0.0,0.0,0.0,0.0,0.0,camera_pose_sim3,1.1749117477555089,0.7320544207431057,10000,10000,True,False,True,/content/cv3d-project/data/cache/reconstruction/predictions/04256520/167088246175f31c593ebeeedbff73b/37234110cfe147e286a2db09.npz,c75cada81416136b22f766ec5befd3045c06bbce77d497857c51fe809555d428,/content/cv3d-project/data/cache/reconstruction/metrics/04256520/167088246175f31c593ebeeedbff73b/1157438046effb53288661a9.json,11.911920000329701
04256520/167088246175f31c593ebeeedbff73b,vggt,3,"[0, 18, 25]",0.515419512823809,0.5878139206400351,0.6602083284562612,0.0,0.0,0.0,1.9944423149971349,0.0,0.0,0.0,0.0,0.0,0.0,camera_pose_sim3,1.6494102115297955,0.6182200657293815,10000,10000,True,False,True,/content/cv3d-project/data/cache/reconstruction/predictions/04256520/167088246175f31c593ebeeedbff73b/fac08cc9f472c7a0257a670b.npz,724bc1e4f302d127e8a96258ec9e261845ac11ec19fbe12a5afa52380e253542,/content/cv3d-project/data/cache/reconstruction/metrics/04256520/167088246175f31c593ebeeedbff73b/970959de5fb9eea5acaa3b2e.json,11.951485999816214
04256520/167088246175f31c593ebeeedbff73b,vggt,5,"[0, 18, 25, 34, 41]",0.40608610140981866,0.49156716293753955,0.5770482244652605,0.0,0.0,0.0,1.9944423149971349,0.0,0.0,0.0,0.0,0.0,0.0,camera_pose_sim3,0.9998638259306672,0.9320370975545106,10000,10000,True,False,True,/content/cv3d-project/data/cache/reconstruction/predictions/04256520/167088246175f31c593ebeeedbff73b/b1ee5fa5c842c456a6e43b27.npz,08d53e758ff38f7172dbda272e1c38a538e7b30be02cf1056cd63e6aac9a69cb,/content/cv3d-project/data/cache/reconstruction/metrics/04256520/167088246175f31c593ebeeedbff73b/e4c9c872452ea899eb656b50.json,12.272369999664079
04256520/167088246175f31c593ebeeedbff73b,vggt,10,"[0, 18, 25, 34, 41, 46, 33, 45, 38, 26]",0.4181857011499659,0.5230470808712875,0.627908460592609,0.0,0.0,0.0,1.9944423149971349,0.0,0.0,0.0,0.0,0.0,0.0,camera_pose_sim3,0.752366473445535,1.1019267063688878,10000,10000,True,False,True,/content/cv3d-project/data/cache/reconstruction/predictions/04256520/167088246175f31c593ebeeedbff73b/c0b22848f79b171c7fdd57fa.npz,78bb8371181f222added6a85831be0e62d6e78fc4d59a24ef75a17fc51b86495,/content/cv3d-project/data/cache/reconstruction/metrics/04256520/167088246175f31c593ebeeedbff73b/b64ed5ca9f6d7fcae4b480ef.json,13.01551999995354
04256520/1670f9ce4de8a548d08f8c5dee475682,vggt,1,[0],2.413874771655032,2.620385244978544,2.8268957183020555,0.0,0.0,0.0,1.9999937557064644,0.0,0.0,0.0,0.0,0.0,0.0,camera_rotation_center_and_target_diameter_scale_single_view,8.278264195821082,0.0,10000,10000,True,True,True,/content/cv3d-project/data/cache/reconstruction/predictions/04256520/1670f9ce4de8a548d08f8c5dee475682/905317a56dff3e41142d3253.npz,151ad9278b80614aaeda6c4329d293036f653b792c6f241810911e1d6a4b41fa,/content/cv3d-project/data/cache/reconstruction/metrics/04256520/1670f9ce4de8a548d08f8c5dee475682/4b3b3624f7f90a771a7be3df.json,3.9650170001550578
04256520/1670f9ce4de8a548d08f8c5dee475682,vggt,2,"[0, 31]",0.4930579261084236,0.5995716545654113,0.706085383022399,0.0,0.0,0.0,1.9999937557064644,0.0,0.0,0.0,0.0,0.0,0.0,camera_pose_sim3,2.449434198806058,0.1612896785536354,10000,10000,True,False,True,/content/cv3d-project/data/cache/reconstruction/predictions/04256520/1670f9ce4de8a548d08f8c5dee475682/0c45b2ac4bd22e5a25eb6dd1.npz,d160c48c79aec92aab4edb36208e6ea9993b6b38212b0fb6b1941de52218b68b,/content/cv3d-project/data/cache/reconstruction/metrics/04256520/1670f9ce4de8a548d08f8c5dee475682/2f266eddcb8d5dfcc477ee27.json,12.302687999635964
04256520/1670f9ce4de8a548d08f8c5dee475682,vggt,3,"[0, 31, 23]",0.41260508374204047,0.47074137078947575,0.528877657836911,0.0,0.0,0.0,1.9999937557064644,0.0,0.0,0.0,0.0,0.0,0.0,camera_pose_sim3,2.3115535580526503,0.4632144709436306,10000,10000,True,False,True,/content/cv3d-project/data/cache/reconstruction/predictions/04256520/1670f9ce4de8a548d08f8c5dee475682/8b87a1d5bbd3ffea3421462a.npz,c1b6c524a6660dfc4040bf45c45262dec3a883d9cc696dd00e22336a38711010,/content/cv3d-project/data/cache/reconstruction/metrics/04256520/1670f9ce4de8a548d08f8c5dee475682/f5a875faea2f6a67c5b5a873.json,12.678471000072022
04256520/1670f9ce4de8a548d08f8c5dee475682,vggt,5,"[0, 31, 23, 16, 38]",0.2726625372360628,0.31034870483601107,0.3480348724359594,0.0,0.0,0.0,1.9999937557064644,0.0,0.0,0.0,0.0,0.0,0.0,camera_pose_sim3,2.466603176417682,0.566883940462198,10000,10000,True,False,True,/content/cv3d-project/data/cache/reconstruction/predictions/04256520/1670f9ce4de8a548d08f8c5dee475682/aed8947e15d2eddb5b2b2b21.npz,ae2bc69a08213a20287e86a994f85e3e60d06c33ecc7c0347bea2f677cafe928,/content/cv3d-project/data/cache/reconstruction/metrics/04256520/1670f9ce4de8a548d08f8c5dee475682/a5716a689bd39e2d512cf60d.json,12.377791999824694
04256520/1670f9ce4de8a548d08f8c5dee475682,vggt,10,"[0, 31, 23, 16, 38, 45, 25, 34, 41, 33]",0.15548210706099724,0.35121597480890987,0.5469498425568224,0.035701903898458745,0.0,0.0,1.9999937557064644,0.0879,0.0,0.0,0.0224,0.0,0.0,camera_pose_sim3,1.5937954844432773,0.9148385850371543,10000,10000,True,False,True,/content/cv3d-project/data/cache/reconstruction/predictions/04256520/1670f9ce4de8a548d08f8c5dee475682/f7f213e3a6304c7df548db0f.npz,8f5b6ff211ae15fb7d3617a4829f91e4500cdc4d13c3318653d41fae5d0cbd44,/content/cv3d-project/data/cache/reconstruction/metrics/04256520/1670f9ce4de8a548d08f8c5dee475682/eea4e12fc95220ec016ffe9d.json,12.996329999623413
04256520/1685b0cf2d1a2849d0a2ef258a9c71d6,vggt,1,[0],1.227944310140317,1.3703738535059466,1.5128033968715764,0.0,0.0,0.0,1.992867997591173,0.0,0.0,0.0,0.0,0.0,0.0,camera_rotation_center_and_target_diameter_scale_single_view,5.605668779908465,0.0,10000,10000,True,True,True,/content/cv3d-project/data/cache/reconstruction/predictions/04256520/1685b0cf2d1a2849d0a2ef258a9c71d6/ee9c3eb660fa2c5b61602528.npz,cb1747c599627bbb5d56991245def611fc4b1d3126ec26c6f3012529098c3a29,/content/cv3d-project/data/cache/reconstruction/metrics/04256520/1685b0cf2d1a2849d0a2ef258a9c71d6/3106b6d7abbae1646696c16a.json,3.9950699997461925
04256520/1685b0cf2d1a2849d0a2ef258a9c71d6,vggt,2,"[0, 26]",0.8583000306653603,0.9005601601743614,0.9428202896833623,0.0,0.0,0.0,1.992867997591173,0.0,0.0,0.0,0.0,0.0,0.0,camera_pose_sim3,1.7622203616755276,0.47370642387735346,10000,10000,True,False,True,/content/cv3d-project/data/cache/reconstruction/predictions/04256520/1685b0cf2d1a2849d0a2ef258a9c71d6/c5a0ffdb450d0b2fd4c9e2e2.npz,071066d434804a9aaceda85d845770e69a859e99d8ebf19eba75a5c614c3d204,/content/cv3d-project/data/cache/reconstruction/metrics/04256520/1685b0cf2d1a2849d0a2ef258a9c71d6/8cffb7700b66642ccdbdf0de.json,12.145252999744116
04256520/1685b0cf2d1a2849d0a2ef258a9c71d6,vggt,3,"[0, 26, 18]",0.5707296352750678,0.634732843948351,0.6987360526216344,0.0,0.0,0.0,1.992867997591173,0.0,0.0,0.0,0.0,0.0,0.0,camera_pose_sim3,1.58861636652638,0.5740742711603519,10000,10000,True,False,True,/content/cv3d-project/data/cache/reconstruction/predictions/04256520/1685b0cf2d1a2849d0a2ef258a9c71d6/1859d49543cff4a150df3773.npz,654f0cac4a5718f0b9946d55a12107a62fa7b1e6b819d13e9abd2e91cecb3577,/content/cv3d-project/data/cache/reconstruction/metrics/04256520/1685b0cf2d1a2849d0a2ef258a9c71d6/d7aa33d16229689d6b38b60d.json,12.08797399976902
04256520/1685b0cf2d1a2849d0a2ef258a9c71d6,vggt,5,"[0, 26, 18, 5, 45]",0.14156671421845027,0.3129301504045183,0.4842935865905864,0.026683524027459955,0.0,0.0,1.992867997591173,0.2481,0.0,0.0,0.0141,0.0,0.0,camera_pose_sim3,1.863827903111027,0.8967897729653753,10000,10000,True,False,True,/content/cv3d-project/data/cache/reconstruction/predictions/04256520/1685b0cf2d1a2849d0a2ef258a9c71d6/700623d6eae1e2f142dd150a.npz,5b6d4ee8063a3d2c16e630f2921288b4fedd2885451061d1d824b87977f83236,/content/cv3d-project/data/cache/reconstruction/metrics/04256520/1685b0cf2d1a2849d0a2ef258a9c71d6/9db0dd8fb2a4e5792f63e920.json,11.891190999904211
04256520/1685b0cf2d1a2849d0a2ef258a9c71d6,vggt,10,"[0, 26, 18, 5, 45, 39, 25, 34, 41, 33]",0.1855481801745125,0.29453374379274083,0.4035193074109692,0.0028636363636363633,0.0,0.0,1.992867997591173,0.007,0.0,0.0,0.0018,0.0,0.0,camera_pose_sim3,1.0930033540680741,1.0427501683106821,10000,10000,True,False,True,/content/cv3d-project/data/cache/reconstruction/predictions/04256520/1685b0cf2d1a2849d0a2ef258a9c71d6/6907a0ed7e20713059813da5.npz,8625560fd3d9caec2cc167b4dd2ca48619ade7b3151b9b12e7ff8002ee18fbaa,/content/cv3d-project/data/cache/reconstruction/metrics/04256520/1685b0cf2d1a2849d0a2ef258a9c71d6/0826c95cf82feb4d74bddcbe.json,12.228798999785795
04256520/16a5920c004800ca76e9713f57a5fcb6,vggt,1,[0],1.9597979807870334,2.0742748450524466,2.18875170931786,0.0,0.0,0.0,1.9974340572388543,0.0,0.0,0.0,0.0,0.0,0.0,camera_rotation_center_and_target_diameter_scale_single_view,7.100791536708715,0.0,10000,10000,True,True,True,/content/cv3d-project/data/cache/reconstruction/predictions/04256520/16a5920c004800ca76e9713f57a5fcb6/b38075adbe310501f4103abc.npz,e6a29d0ea9528a19ccab4048679fb55684544dc6a7d7dba841566145c6ee57f9,/content/cv3d-project/data/cache/reconstruction/metrics/04256520/16a5920c004800ca76e9713f57a5fcb6/45dfdd511ec3c73ccfa1a819.json,4.048563999731414
04256520/16a5920c004800ca76e9713f57a5fcb6,vggt,2,"[0, 26]",0.38406550229181585,0.5410436866602598,0.6980218710287037,0.0,0.0,0.0,1.9974340572388543,0.0,0.0,0.0,0.0,0.0,0.0,camera_pose_sim3,0.2996029711087881,1.0355016227151126,10000,10000,True,False,True,/content/cv3d-project/data/cache/reconstruction/predictions/04256520/16a5920c004800ca76e9713f57a5fcb6/089432f63a099fa5a49c0801.npz,92b7a9affd4133c228a8d4dd15dfcf480434c6e147ada9523ab989ec04357660,/content/cv3d-project/data/cache/reconstruction/metrics/04256520/16a5920c004800ca76e9713f57a5fcb6/83ac568d1044d1d6ffb33dd8.json,12.11209900020549
04256520/16a5920c004800ca76e9713f57a5fcb6,vggt,3,"[0, 26, 18]",0.8203770136379805,0.9305289593637458,1.0406809050895112,0.0,0.0,0.0,1.9974340572388543,0.0,0.0,0.0,0.0,0.0,0.0,camera_pose_sim3,0.623879544485391,0.8799792277241938,10000,10000,True,False,True,/content/cv3d-project/data/cache/reconstruction/predictions/04256520/16a5920c004800ca76e9713f57a5fcb6/fa312235729d687f07252a0b.npz,246aa046b55262dd6c26d4f873e91e562f817d5776670e8fc764d23df477561a,/content/cv3d-project/data/cache/reconstruction/metrics/04256520/16a5920c004800ca76e9713f57a5fcb6/845425b3c7d3f3954c25bdbd.json,12.057030000050872
04256520/16a5920c004800ca76e9713f57a5fcb6,vggt,5,"[0, 26, 18, 25, 33]",0.5675707926878683,0.6754931079373795,0.7834154231868907,0.0,0.0,0.0,1.9974340572388543,0.0,0.0,0.0,0.0,0.0,0.0,camera_pose_sim3,0.21385998640447473,1.018428811479271,10000,10000,True,False,True,/content/cv3d-project/data/cache/reconstruction/predictions/04256520/16a5920c004800ca76e9713f57a5fcb6/ebc997977084d7a848cd4c44.npz,1b730756b04c07b7a6b5a002c9ad872bdbdf78dc3180973c6263fd6e5cc876b6,/content/cv3d-project/data/cache/reconstruction/metrics/04256520/16a5920c004800ca76e9713f57a5fcb6/4002a143e47ef481080da3be.json,11.758943000131694
04256520/16a5920c004800ca76e9713f57a5fcb6,vggt,10,"[0, 26, 18, 25, 33, 40, 46, 44, 37, 34]",0.2663254184443639,0.38387805851874124,0.5014306985931185,0.0,0.0,0.0,1.9974340572388543,0.0,0.0,0.0,0.0,0.0,0.0,camera_pose_sim3,1.1183022801779967,1.0440068570324093,10000,10000,True,False,True,/content/cv3d-project/data/cache/reconstruction/predictions/04256520/16a5920c004800ca76e9713f57a5fcb6/45e53ff98ad7269171b70536.npz,2f4da057837a51977427d7492e0ff1a4df2128061d1912f6c7a98c6606fe7369,/content/cv3d-project/data/cache/reconstruction/metrics/04256520/16a5920c004800ca76e9713f57a5fcb6/da0debe58533867cd369ecdf.json,11.839443000098981
04256520/16bb3ec52397cdf9cf01bc59d215f0,vggt,1,[0],1.3510424378021966,1.4387738838298803,1.526505329857564,0.0,0.0,0.0,1.9996515770881886,0.0,0.0,0.0,0.0,0.0,0.0,camera_rotation_center_and_target_diameter_scale_single_view,5.82783278017957,0.0,10000,10000,True,True,True,/content/cv3d-project/data/cache/reconstruction/predictions/04256520/16bb3ec52397cdf9cf01bc59d215f0/a9bd0f59b12bf9a8cdacb46c.npz,b8659d5655df22f52ec2a88416d33d8ee943253c49037f3640e77e58814ad489,/content/cv3d-project/data/cache/reconstruction/metrics/04256520/16bb3ec52397cdf9cf01bc59d215f0/4f8c9a233de54415bf67ae20.json,3.7251759999890055
04256520/16bb3ec52397cdf9cf01bc59d215f0,vggt,2,"[0, 18]",0.38956926026934674,0.47729441691132357,0.5650195735533003,0.0,0.0,0.0,1.9996515770881886,0.0,0.0,0.0,0.0,0.0,0.0,camera_pose_sim3,1.0726107419249902,0.8589884289357708,10000,10000,True,False,True,/content/cv3d-project/data/cache/reconstruction/predictions/04256520/16bb3ec52397cdf9cf01bc59d215f0/b439c612a3673f76852c16d4.npz,f3e117905c75884fcf04baba55a30bbbb24bcdbb7b71e951b5f4f9a4bc30d28b,/content/cv3d-project/data/cache/reconstruction/metrics/04256520/16bb3ec52397cdf9cf01bc59d215f0/2c3d53c4fccf30e6980df087.json,11.252768000304059
04256520/16bb3ec52397cdf9cf01bc59d215f0,vggt,3,"[0, 18, 26]",0.6188234500169275,0.6891094516244933,0.7593954532320591,0.0,0.0,0.0,1.9996515770881886,0.0,0.0,0.0,0.0,0.0,0.0,camera_pose_sim3,0.5569304188856641,0.9343901398651416,10000,10000,True,False,True,/content/cv3d-project/data/cache/reconstruction/predictions/04256520/16bb3ec52397cdf9cf01bc59d215f0/d606ca46a8e785b5097fe2a5.npz,fa0c7fd9dcc539abe0a1f47f260b57a9f3744e7f8dc00ec0c1e078f1c2df7a3a,/content/cv3d-project/data/cache/reconstruction/metrics/04256520/16bb3ec52397cdf9cf01bc59d215f0/e080561e654975f0eab34019.json,11.3312099997529
04256520/16bb3ec52397cdf9cf01bc59d215f0,vggt,5,"[0, 18, 26, 5, 39]",0.06866933885763363,0.11901863236201872,0.1693679258664038,0.42898816624065134,0.013220220588235295,0.03663629574309186,1.9996515770881886,0.757,0.0467,0.112,0.2993,0.0077,0.0219,camera_pose_sim3,2.6054547232318592,0.20845062772228232,10000,10000,True,False,True,/content/cv3d-project/data/cache/reconstruction/predictions/04256520/16bb3ec52397cdf9cf01bc59d215f0/de253813b134f8d4b5ad6aa0.npz,75084c9786b237a7b022dcbf1c87d2b0d5bb384046f8d540694b4db4d24ba070,/content/cv3d-project/data/cache/reconstruction/metrics/04256520/16bb3ec52397cdf9cf01bc59d215f0/178eb0944f0bf195f53ab999.json,11.492897999687557
04256520/16bb3ec52397cdf9cf01bc59d215f0,vggt,10,"[0, 18, 26, 5, 39, 45, 25, 34, 38, 31]",0.061006747007178605,0.10444220412804184,0.14787766124890508,0.46269364801327556,0.05199170437405731,0.11055674402959972,1.9996515770881886,0.7502,0.0971,0.2239,0.3345,0.0355,0.0734,camera_pose_sim3,2.405637222362441,0.23693786080854032,10000,10000,True,False,True,/content/cv3d-project/data/cache/reconstruction/predictions/04256520/16bb3ec52397cdf9cf01bc59d215f0/c3b07be89533caac273d31a4.npz,4cb209ba281042741031cf9d5b04adb23d9ad106d44b483f61d9426456c1dcef,/content/cv3d-project/data/cache/reconstruction/metrics/04256520/16bb3ec52397cdf9cf01bc59d215f0/499d8ccd09640578d6597bc5.json,12.025506000099995
04256520/16ca439cd60eae5f23500a5b036df62e,vggt,1,[0],1.781368722290731,1.8965493763322705,2.01173003037381,0.0,0.0,0.0,1.9777524397437096,0.0,0.0,0.0,0.0,0.0,0.0,camera_rotation_center_and_target_diameter_scale_single_view,6.659970862138362,0.0,10000,10000,True,True,True,/content/cv3d-project/data/cache/reconstruction/predictions/04256520/16ca439cd60eae5f23500a5b036df62e/8de1beb52d9dee8e01577fb8.npz,09b6d44fc284275aab10950698f845b492121b9c2515e01c76ea83ae354fe77b,/content/cv3d-project/data/cache/reconstruction/metrics/04256520/16ca439cd60eae5f23500a5b036df62e/91940d0e8f84fee5bdb7e8af.json,3.879824999785342
04256520/16ca439cd60eae5f23500a5b036df62e,vggt,2,"[0, 5]",0.9043004532098109,0.9952461643408653,1.0861918754719198,0.0,0.0,0.0,1.9777524397437096,0.0,0.0,0.0,0.0,0.0,0.0,camera_pose_sim3,0.801305522918119,0.013976249839501083,10000,10000,True,False,True,/content/cv3d-project/data/cache/reconstruction/predictions/04256520/16ca439cd60eae5f23500a5b036df62e/5ac35ee54d148cec036c8ac4.npz,d4ca223ca860360c788d3377dc0bff207be6d7e09d42a135ed3cc5dc8690612f,/content/cv3d-project/data/cache/reconstruction/metrics/04256520/16ca439cd60eae5f23500a5b036df62e/23593baa7146ff050e17d519.json,11.477088999981788
04256520/16ca439cd60eae5f23500a5b036df62e,vggt,3,"[0, 5, 38]",0.41546756479044566,0.4898434010088873,0.5642192372273289,0.0,0.0,0.0,1.9777524397437096,0.0,0.0,0.0,0.0,0.0,0.0,camera_pose_sim3,1.9120499933733954,0.5904102169353518,10000,10000,True,False,True,/content/cv3d-project/data/cache/reconstruction/predictions/04256520/16ca439cd60eae5f23500a5b036df62e/cc0b464f03acd2b1234ff96a.npz,dd04354f76ae7175cb34dc834af4e84e1f289a84b3fb290a1c83fc52d9389466,/content/cv3d-project/data/cache/reconstruction/metrics/04256520/16ca439cd60eae5f23500a5b036df62e/36cd94a68f34d6571b18a582.json,11.262177999924461
04256520/16ca439cd60eae5f23500a5b036df62e,vggt,5,"[0, 5, 38, 31, 25]",0.16524935281003283,0.2511385755754998,0.3370277983409667,0.0026843657817109145,0.0,0.0,1.9777524397437096,0.0325,0.0,0.0,0.0014,0.0,0.0,camera_pose_sim3,2.44808305027091,0.6763164070917069,10000,10000,True,False,True,/content/cv3d-project/data/cache/reconstruction/predictions/04256520/16ca439cd60eae5f23500a5b036df62e/cd7b8588da20493b4c39021e.npz,f2e0acd56ee2649602d927f3e8504571833a53888c93c684bf2d6fc464705745,/content/cv3d-project/data/cache/reconstruction/metrics/04256520/16ca439cd60eae5f23500a5b036df62e/546fe6b2848196f0e356dec6.json,11.444184000083624
04256520/16ca439cd60eae5f23500a5b036df62e,vggt,10,"[0, 5, 38, 31, 25, 33, 45, 34, 41, 46]",0.42404203384375583,0.45828150345399943,0.4925209730642431,0.0,0.0,0.0,1.9777524397437096,0.0,0.0,0.0,0.0,0.0,0.0,camera_pose_sim3,1.9591186804970095,0.7921344897090703,10000,10000,True,False,True,/content/cv3d-project/data/cache/reconstruction/predictions/04256520/16ca439cd60eae5f23500a5b036df62e/4d6dc228ea851cbeef31053d.npz,e64eeae9d9bc568403f1218402849816c34297194f9bcd6b4c3464abf2ee0861,/content/cv3d-project/data/cache/reconstruction/metrics/04256520/16ca439cd60eae5f23500a5b036df62e/d64a2e42eb0cc557990ba747.json,11.794564000410901
04379243/1270e7980d2d69d293a790c6eb6d2ee5,vggt,1,[0],0.3316949606590369,0.3944549759254311,0.45721499119182535,0.0,0.0,0.0,1.9999827486808772,0.0,0.0,0.0,0.0,0.0,0.0,camera_rotation_center_and_target_diameter_scale_single_view,4.080987051304182,0.0,10000,10000,True,True,True,/content/cv3d-project/data/cache/reconstruction/predictions/04379243/1270e7980d2d69d293a790c6eb6d2ee5/7dacabd789dac13f2b577325.npz,e575ca18431b108c37df3d612645e1d9c14cd34827f36afbb51b56e0134c9105,/content/cv3d-project/data/cache/reconstruction/metrics/04379243/1270e7980d2d69d293a790c6eb6d2ee5/b54d46909b9c2a438315a112.json,3.6987520002185192
04379243/1270e7980d2d69d293a790c6eb6d2ee5,vggt,2,"[0, 5]",1.0263014150113545,1.137817124050688,1.2493328330900217,0.0,0.0,0.0,1.9999827486808772,0.0,0.0,0.0,0.0,0.0,0.0,camera_pose_sim3,0.7259133044520834,0.06914140554779571,10000,10000,True,False,True,/content/cv3d-project/data/cache/reconstruction/predictions/04379243/1270e7980d2d69d293a790c6eb6d2ee5/666948dd68108dd55f9b9e07.npz,16e07e56c71fc34eddda13b8eb47e7c46a2e2e1ed7a437ec0816f1c45f1c7a0a,/content/cv3d-project/data/cache/reconstruction/metrics/04379243/1270e7980d2d69d293a790c6eb6d2ee5/0730752c3e092138ea63a6b6.json,11.397257999760768
04379243/1270e7980d2d69d293a790c6eb6d2ee5,vggt,3,"[0, 5, 26]",2.732675758478196,2.728881055641401,2.7250863528046056,0.0,0.0,0.0,1.9999827486808772,0.0,0.0,0.0,0.0,0.0,0.0,camera_pose_sim3_positive_scale_fallback,3.840233300645202,1.5296331998277564,10000,10000,True,False,True,/content/cv3d-project/data/cache/reconstruction/predictions/04379243/1270e7980d2d69d293a790c6eb6d2ee5/2d644b4193f91c444e76aa87.npz,6be3f7eeb92d3a7341577c664246e914ca8f7d2fdb58d0b7c290bf54190208f0,/content/cv3d-project/data/cache/reconstruction/metrics/04379243/1270e7980d2d69d293a790c6eb6d2ee5/c8208ce12e219ec697739258.json,11.756530000184284
04379243/1270e7980d2d69d293a790c6eb6d2ee5,vggt,5,"[0, 5, 26, 18, 39]",0.8190401510614064,0.9992997713816363,1.1795593917018663,0.0,0.0,0.0,1.9999827486808772,0.0,0.0,0.0,0.0,0.0,0.0,camera_pose_sim3,1.7865173066597713,1.1275047251892296,10000,10000,True,False,True,/content/cv3d-project/data/cache/reconstruction/predictions/04379243/1270e7980d2d69d293a790c6eb6d2ee5/55cf3f5e4164dbf57e25bf53.npz,cd05f95986c5d47e180c778c50ab3773f63cc9cd2a3c0888e30cdaa37a0ca1c0,/content/cv3d-project/data/cache/reconstruction/metrics/04379243/1270e7980d2d69d293a790c6eb6d2ee5/2e785c3f956d7aa69da471ab.json,11.703715000294324
04379243/1270e7980d2d69d293a790c6eb6d2ee5,vggt,10,"[0, 5, 26, 18, 39, 34, 41, 45, 46, 25]",0.23715426443061305,0.3492349558699573,0.4613156473093015,0.0,0.0,0.0,1.9999827486808772,0.0,0.0,0.0,0.0,0.0,0.0,camera_pose_sim3,0.8520886651451046,1.169854423380558,10000,10000,True,False,True,/content/cv3d-project/data/cache/reconstruction/predictions/04379243/1270e7980d2d69d293a790c6eb6d2ee5/4bbe3ccddf48ed258d8605dd.npz,a53a44496c852e59e5b731f8cb04235f0c80543606241da491ce5b3580d74868,/content/cv3d-project/data/cache/reconstruction/metrics/04379243/1270e7980d2d69d293a790c6eb6d2ee5/4e1691c2ed0d69c6346e8b2c.json,11.94611300024917
04379243/127d935d17cb36c8b0a3f25f5d8cb0f8,vggt,1,[0],0.12339220829705762,0.23408919122270763,0.34478617414835766,0.04947147933420609,0.0,0.0,1.99999494602164,0.5087,0.0,0.0,0.026,0.0,0.0,camera_rotation_center_and_target_diameter_scale_single_view,3.8804989379487353,0.0,10000,10000,True,True,True,/content/cv3d-project/data/cache/reconstruction/predictions/04379243/127d935d17cb36c8b0a3f25f5d8cb0f8/a7896c970afe401b61c8c210.npz,633fc5ebdb09e9f6e6a6eca0c4bfe9539661d39bdb170ee95003735dfe90e541,/content/cv3d-project/data/cache/reconstruction/metrics/04379243/127d935d17cb36c8b0a3f25f5d8cb0f8/d30441e99b4aff008b7bffb3.json,3.7758019998364034
04379243/127d935d17cb36c8b0a3f25f5d8cb0f8,vggt,2,"[0, 5]",0.9298853530450891,1.0400208886005058,1.1501564241559226,0.0,0.0,0.0,1.99999494602164,0.0,0.0,0.0,0.0,0.0,0.0,camera_pose_sim3,0.7467046169268379,0.010350284642590298,10000,10000,True,False,True,/content/cv3d-project/data/cache/reconstruction/predictions/04379243/127d935d17cb36c8b0a3f25f5d8cb0f8/d03ac629ce01381599762d4f.npz,ff389561b4957b8168ea5f3cf61b2e31b595b444f54245eccbe601dfe7aac661,/content/cv3d-project/data/cache/reconstruction/metrics/04379243/127d935d17cb36c8b0a3f25f5d8cb0f8/670b050fe695c2926eadab04.json,11.620824000146968
04379243/127d935d17cb36c8b0a3f25f5d8cb0f8,vggt,3,"[0, 5, 23]",0.4211546692375757,0.5190077724321003,0.616860875626625,0.0,0.0,0.0,1.99999494602164,0.0,0.0,0.0,0.0,0.0,0.0,camera_pose_sim3,1.6728244962086178,0.6174324462768188,10000,10000,True,False,True,/content/cv3d-project/data/cache/reconstruction/predictions/04379243/127d935d17cb36c8b0a3f25f5d8cb0f8/e9e5e8032e3c4979bf15066a.npz,fe5d978bddbd521b65ee196e46c7126b4c8fac6be6ce5509498189eab401121d,/content/cv3d-project/data/cache/reconstruction/metrics/04379243/127d935d17cb36c8b0a3f25f5d8cb0f8/6a3910838140faa64781d14b.json,11.488946000099531
04379243/127d935d17cb36c8b0a3f25f5d8cb0f8,vggt,5,"[0, 5, 23, 16, 31]",0.14652967227989586,0.22547977771790767,0.3044298831559195,0.1512,0.007543428571428571,0.017664145234493195,1.99999494602164,0.2079,0.0307,0.0556,0.1188,0.0043,0.0105,camera_pose_sim3,2.207050014319739,0.6149748807901229,10000,10000,True,False,True,/content/cv3d-project/data/cache/reconstruction/predictions/04379243/127d935d17cb36c8b0a3f25f5d8cb0f8/a1cbd8caf3caad587390b438.npz,7845df16f7ed3c9129235c71aa1e918b6c39342d7065a27f72297b43797d2b5d,/content/cv3d-project/data/cache/reconstruction/metrics/04379243/127d935d17cb36c8b0a3f25f5d8cb0f8/d680d7c48d794e6f1db882e7.json,11.350320000019565
04379243/127d935d17cb36c8b0a3f25f5d8cb0f8,vggt,10,"[0, 5, 23, 16, 31, 24, 33, 41, 46, 32]",0.23849137789267816,0.33509760092171315,0.4317038239507481,0.0,0.0,0.0,1.99999494602164,0.0,0.0,0.0,0.0,0.0,0.0,camera_pose_sim3,1.1867045513998389,1.020426176511144,10000,10000,True,False,True,/content/cv3d-project/data/cache/reconstruction/predictions/04379243/127d935d17cb36c8b0a3f25f5d8cb0f8/387fe56da4f61de9a9905123.npz,fc3391c4719eb3f99f1595ac1739c26ce8cbb1cbedc90bda59c130f86593f407,/content/cv3d-project/data/cache/reconstruction/metrics/04379243/127d935d17cb36c8b0a3f25f5d8cb0f8/cdd78b4ea1facb9bec5fd8cc.json,12.15393899974515
04379243/127e202f77eee5725d02cdadf545c773,vggt,1,[0],0.7361525612455334,0.8266853298773371,0.9172180985091408,0.0,0.0,0.0,1.9974733954732051,0.0,0.0,0.0,0.0,0.0,0.0,camera_rotation_center_and_target_diameter_scale_single_view,4.825208822305342,0.0,10000,10000,True,True,True,/content/cv3d-project/data/cache/reconstruction/predictions/04379243/127e202f77eee5725d02cdadf545c773/0b069cdd11acef6ff7e37b80.npz,946e75fd83b8d321a8b4df9f5f660088d50d73ac3ef454cc48979709d8ed9ad1,/content/cv3d-project/data/cache/reconstruction/metrics/04379243/127e202f77eee5725d02cdadf545c773/5ba22ec1e6a2aada14d33c7f.json,3.732638000201405
04379243/127e202f77eee5725d02cdadf545c773,vggt,2,"[0, 5]",0.7495128927899007,0.8820570665867056,1.0146012403835103,0.0,0.0,0.0,1.9974733954732051,0.0,0.0,0.0,0.0,0.0,0.0,camera_pose_sim3,0.7154032906027706,0.23497266551159757,10000,10000,True,False,True,/content/cv3d-project/data/cache/reconstruction/predictions/04379243/127e202f77eee5725d02cdadf545c773/aabecfecbc0ac8392980d50d.npz,4a32c2b64328cb3884a675566d3998d1881160c0ccc5e91a2c3299e164326ced,/content/cv3d-project/data/cache/reconstruction/metrics/04379243/127e202f77eee5725d02cdadf545c773/9515a2b38b4e910d237a2ccc.json,11.364526000306796
04379243/127e202f77eee5725d02cdadf545c773,vggt,3,"[0, 5, 26]",0.5233362885111169,0.6781939932585677,0.8330516980060185,0.0,0.0,0.0,1.9974733954732051,0.0,0.0,0.0,0.0,0.0,0.0,camera_pose_sim3,1.737463748190572,0.6455802315039445,10000,10000,True,False,True,/content/cv3d-project/data/cache/reconstruction/predictions/04379243/127e202f77eee5725d02cdadf545c773/863bb4c643600e1b06958f7f.npz,2138b7f89ee09ebbdfc139335787a9b56a6944263629e94215b09a64cfb81bfa,/content/cv3d-project/data/cache/reconstruction/metrics/04379243/127e202f77eee5725d02cdadf545c773/debfbf64cb99e3b55e6d2c8d.json,11.672500000258879
04379243/127e202f77eee5725d02cdadf545c773,vggt,5,"[0, 5, 26, 18, 34]",0.3877603090681425,0.5331664562461222,0.6785726034241019,0.0,0.0,0.0,1.9974733954732051,0.0,0.0,0.0,0.0,0.0,0.0,camera_pose_sim3,1.4416492861378094,1.0132803013534308,10000,10000,True,False,True,/content/cv3d-project/data/cache/reconstruction/predictions/04379243/127e202f77eee5725d02cdadf545c773/f8632e0941896f056e64a828.npz,9ca21d0e2adec3814ef1bea7bb9b2aadd57320f787ecf981b2aaa895bd02505a,/content/cv3d-project/data/cache/reconstruction/metrics/04379243/127e202f77eee5725d02cdadf545c773/856c8d9ea649470dba14713d.json,12.221522999880108
04379243/127e202f77eee5725d02cdadf545c773,vggt,10,"[0, 5, 26, 18, 34, 41, 46, 39, 33, 45]",0.2879052498306991,0.4184242262741342,0.5489432027175694,0.0,0.0,0.0,1.9974733954732051,0.0,0.0,0.0,0.0,0.0,0.0,camera_pose_sim3,0.7168947883741,1.1925641463433576,10000,10000,True,False,True,/content/cv3d-project/data/cache/reconstruction/predictions/04379243/127e202f77eee5725d02cdadf545c773/c19b37ded9a2b3162df103c8.npz,d71365087eba24fea84dbda405da99aa81f9489eff9254f0590ae6d3d748ae99,/content/cv3d-project/data/cache/reconstruction/metrics/04379243/127e202f77eee5725d02cdadf545c773/c7807b02b225208ef7e9f20f.json,12.344969999958266
04379243/128011ffc7787d50f0920fefbe028677,vggt,1,[0],1.2465709460597145,1.3422586202060274,1.4379462943523402,0.0,0.0,0.0,2.0000040144067945,0.0,0.0,0.0,0.0,0.0,0.0,camera_rotation_center_and_target_diameter_scale_single_view,5.860947607420794,0.0,10000,10000,True,True,True,/content/cv3d-project/data/cache/reconstruction/predictions/04379243/128011ffc7787d50f0920fefbe028677/ce02295294ded2d34ddce2c2.npz,679b22df479517ac5905d8c6c7a3493c6d226fe505b2455ab64fa30affe62f64,/content/cv3d-project/data/cache/reconstruction/metrics/04379243/128011ffc7787d50f0920fefbe028677/496378e666bef0240b654f5f.json,3.750711000066076
04379243/128011ffc7787d50f0920fefbe028677,vggt,2,"[0, 35]",0.3388407283688735,0.5185975006867283,0.6983542730045831,0.0,0.0,0.0,2.0000040144067945,0.0,0.0,0.0,0.0,0.0,0.0,camera_pose_sim3,0.5859391791536827,1.0568477017701499,10000,10000,True,False,True,/content/cv3d-project/data/cache/reconstruction/predictions/04379243/128011ffc7787d50f0920fefbe028677/cf29a396ad5f71a0f2ec8ccb.npz,ee3f4160439edd27d27aa29c9af306a0660e9acbc6683df7d8ce7bf2dea259ce,/content/cv3d-project/data/cache/reconstruction/metrics/04379243/128011ffc7787d50f0920fefbe028677/0c49895900811f40a98d19ed.json,11.309331999655114
04379243/128011ffc7787d50f0920fefbe028677,vggt,3,"[0, 35, 42]",0.2699352151068874,0.43666526944474116,0.603395323782595,0.003473684210526316,0.0,0.0,2.0000040144067945,0.0132,0.0,0.0,0.002,0.0,0.0,camera_pose_sim3,1.899992801747316,0.814044970038575,10000,10000,True,False,True,/content/cv3d-project/data/cache/reconstruction/predictions/04379243/128011ffc7787d50f0920fefbe028677/a04b23aef26ac2c45a3bd224.npz,50d192a1a5710cbf93a5e472f13fb4ae8458a486ccdd6a1ba6811b9444ad464e,/content/cv3d-project/data/cache/reconstruction/metrics/04379243/128011ffc7787d50f0920fefbe028677/6283cad5f29465042074ee80.json,11.145642999963457
04379243/128011ffc7787d50f0920fefbe028677,vggt,5,"[0, 35, 42, 34, 25]",1.3332164945336964,1.5080440769306414,1.6828716593275865,0.0,0.0,0.0,2.0000040144067945,0.0,0.0,0.0,0.0,0.0,0.0,camera_pose_sim3_positive_scale_fallback,1.6453908624694835,1.1432651879731872,10000,10000,True,False,True,/content/cv3d-project/data/cache/reconstruction/predictions/04379243/128011ffc7787d50f0920fefbe028677/4f1ee68394fa8240dd00da45.npz,82bd5e25ea9764cb4ad18a240d89755e56297b012639969ec788cc748d1f8eb9,/content/cv3d-project/data/cache/reconstruction/metrics/04379243/128011ffc7787d50f0920fefbe028677/2efb62b7054256c0e2de81ee.json,11.658410000109143
04379243/128011ffc7787d50f0920fefbe028677,vggt,10,"[0, 35, 42, 34, 25, 33, 41, 32, 24, 39]",0.2463465752726126,0.392938510637503,0.5395304460023934,0.0,0.0,0.0,2.0000040144067945,0.0,0.0,0.0,0.0,0.0,0.0,camera_pose_sim3,1.2179231387866236,1.071577214804562,10000,10000,True,False,True,/content/cv3d-project/data/cache/reconstruction/predictions/04379243/128011ffc7787d50f0920fefbe028677/877d703b32bed0d433194c41.npz,81bc7503e43b2ebdb7d75f98c7aadead0a45db57c6eb13e7e2001086a8d466e4,/content/cv3d-project/data/cache/reconstruction/metrics/04379243/128011ffc7787d50f0920fefbe028677/97e1dbfe67e56667061a8344.json,12.028042000110872
04379243/12936ff9bc1103944b3c42e318f3affc,vggt,1,[0],1.134046490080069,1.2791918826058677,1.4243372751316663,0.0,0.0,0.0,1.9963955996480474,0.0,0.0,0.0,0.0,0.0,0.0,camera_rotation_center_and_target_diameter_scale_single_view,5.888419760094059,0.0,10000,10000,True,True,True,/content/cv3d-project/data/cache/reconstruction/predictions/04379243/12936ff9bc1103944b3c42e318f3affc/1d4f0c4a41e580cd278bfc9c.npz,9f9e968c803703f85817ce7fb1e9b27ec1baa1948a384379e0a68cbba9623188,/content/cv3d-project/data/cache/reconstruction/metrics/04379243/12936ff9bc1103944b3c42e318f3affc/1fc2b6dc07c635ba50bb0ad5.json,3.713521000008768
04379243/12936ff9bc1103944b3c42e318f3affc,vggt,2,"[0, 5]",0.4506365897415411,0.5909291968981196,0.7312218040546983,0.0,0.0,0.0,1.9963955996480474,0.0,0.0,0.0,0.0,0.0,0.0,camera_pose_sim3,1.283838321956091,0.02153494289966842,10000,10000,True,False,True,/content/cv3d-project/data/cache/reconstruction/predictions/04379243/12936ff9bc1103944b3c42e318f3affc/e5319ae9581fbd807f988112.npz,5203f119ecec5bea0bf74ebd650cb409abf9083a17b99fa560887b54551ecb54,/content/cv3d-project/data/cache/reconstruction/metrics/04379243/12936ff9bc1103944b3c42e318f3affc/f6a8d87e3af5bef668da185c.json,11.372766000022239
04379243/12936ff9bc1103944b3c42e318f3affc,vggt,3,"[0, 5, 25]",0.17001550328925966,0.20996231734590365,0.24990913140254764,0.13032630368098158,0.0014399999999999997,0.006804054054054053,1.9963955996480474,0.1273,0.0018,0.0095,0.1335,0.0012,0.0053,camera_pose_sim3,2.2788874678420523,0.6930510620588318,10000,10000,True,False,True,/content/cv3d-project/data/cache/reconstruction/predictions/04379243/12936ff9bc1103944b3c42e318f3affc/06c960e2c9f97ef05d3c09fd.npz,f18b1b749ece44c0bd27607a26fb39fdc374147899e711372eed47c4fee03502,/content/cv3d-project/data/cache/reconstruction/metrics/04379243/12936ff9bc1103944b3c42e318f3affc/4ceb099aa63470db6ecfa267.json,11.372420000043348
04379243/12936ff9bc1103944b3c42e318f3affc,vggt,5,"[0, 5, 25, 33, 40]",0.10586271313311595,0.15391231642118608,0.20196191970925623,0.15691069927397785,0.0063710638297872334,0.011243243243243242,1.9963955996480474,0.4273,0.0197,0.0416,0.0961,0.0038,0.0065,camera_pose_sim3,2.3486132033497467,0.703621868578995,10000,10000,True,False,True,/content/cv3d-project/data/cache/reconstruction/predictions/04379243/12936ff9bc1103944b3c42e318f3affc/5a82b4beb61ad206af51b9c9.npz,ca3162c91c1c5866c825464930e3887ae3df4cb4679733b4d08ee21281bdcd54,/content/cv3d-project/data/cache/reconstruction/metrics/04379243/12936ff9bc1103944b3c42e318f3affc/f8d8cbdb83b903e3e407fc66.json,11.396526999760681
04379243/12936ff9bc1103944b3c42e318f3affc,vggt,10,"[0, 5, 25, 33, 40, 46, 31, 23, 32, 34]",0.03176629812509914,0.08002916187738557,0.128292025629672,0.6043769236234459,0.08774602040816326,0.20831393346379648,1.9963955996480474,0.9682,0.1297,0.3653,0.4393,0.0663,0.1457,camera_pose_sim3,2.538222031910135,0.5631261867884136,10000,10000,True,False,True,/content/cv3d-project/data/cache/reconstruction/predictions/04379243/12936ff9bc1103944b3c42e318f3affc/5bada6c5d7bbb04a0d125b30.npz,b38727ee9d3c7ddf1bf3a127718070fd7353ccd9e3866605223bc89ff5ab7023,/content/cv3d-project/data/cache/reconstruction/metrics/04379243/12936ff9bc1103944b3c42e318f3affc/16f803bc81b72bed6c0e748d.json,12.251046000073984
04379243/1299579419252fa954b02959579aa6bb,vggt,1,[0],0.2707761377206836,0.31856295006717655,0.3663497624136695,0.0,0.0,0.0,1.9995343251099758,0.0,0.0,0.0,0.0,0.0,0.0,camera_rotation_center_and_target_diameter_scale_single_view,3.920218896799735,0.0,10000,10000,True,True,True,/content/cv3d-project/data/cache/reconstruction/predictions/04379243/1299579419252fa954b02959579aa6bb/bc18e8156a8fc061c421dc5f.npz,fed025e6cff2c11ace9daa495899924dea3db777e454798ec8cd9d23782de6a6,/content/cv3d-project/data/cache/reconstruction/metrics/04379243/1299579419252fa954b02959579aa6bb/6c561ebb053571a060dbc1cd.json,3.7557010000455193
04379243/1299579419252fa954b02959579aa6bb,vggt,2,"[0, 5]",0.7864091992777673,0.918893935339924,1.0513786714020807,0.0,0.0,0.0,1.9995343251099758,0.0,0.0,0.0,0.0,0.0,0.0,camera_pose_sim3,0.5948904840369145,0.25061545646360406,10000,10000,True,False,True,/content/cv3d-project/data/cache/reconstruction/predictions/04379243/1299579419252fa954b02959579aa6bb/82443ba3dcb152e0f630bced.npz,e35acedc260c83076f91db0ef6b108efe0e8f338147b7b477a713f443745317a,/content/cv3d-project/data/cache/reconstruction/metrics/04379243/1299579419252fa954b02959579aa6bb/4afdf9abea520627d717faa8.json,11.377718000403547
04379243/1299579419252fa954b02959579aa6bb,vggt,3,"[0, 5, 14]",0.8616864717665633,0.9608591476492335,1.0600318235319037,0.0,0.0,0.0,1.9995343251099758,0.0,0.0,0.0,0.0,0.0,0.0,camera_pose_sim3,1.000456303926291,0.29791051650110817,10000,10000,True,False,True,/content/cv3d-project/data/cache/reconstruction/predictions/04379243/1299579419252fa954b02959579aa6bb/5935f2169d865ecb74a1641d.npz,0bd2b258c893752f46c2f1bdb8a490a6e851dbdc0a7f6e7a1057212e9c37ae82,/content/cv3d-project/data/cache/reconstruction/metrics/04379243/1299579419252fa954b02959579aa6bb/dd43b950d38d950fce1bf077.json,11.413012000048184
04379243/1299579419252fa954b02959579aa6bb,vggt,5,"[0, 5, 14, 38, 31]",0.06402353788915087,0.08261018726053583,0.10119683663192079,0.7641352036087251,0.002348936170212766,0.005824817518248174,1.9995343251099758,1.0,0.0024,0.0042,0.6183,0.0023,0.0095,camera_pose_sim3,2.616137625691912,0.10018267300319995,10000,10000,True,False,True,/content/cv3d-project/data/cache/reconstruction/predictions/04379243/1299579419252fa954b02959579aa6bb/4ce98dda0f6f8cdf24151dc3.npz,c3719e8f2e13d539884a1c50a1d3209cec1ceb336d3fa2552adad46cf599a5af,/content/cv3d-project/data/cache/reconstruction/metrics/04379243/1299579419252fa954b02959579aa6bb/c9775578d127e8a5c880d552.json,11.513144999753422
04379243/1299579419252fa954b02959579aa6bb,vggt,10,"[0, 5, 14, 38, 31, 22, 45, 39, 41, 33]",0.08830999410100705,0.10346101038918179,0.11861202667735651,0.6175386738325224,0.005271028037383177,0.01812423529411765,1.9995343251099758,0.9094,0.0047,0.0131,0.4675,0.006,0.0294,camera_pose_sim3,2.584397288025135,0.257719092331169,10000,10000,True,False,True,/content/cv3d-project/data/cache/reconstruction/predictions/04379243/1299579419252fa954b02959579aa6bb/aa66473729ef05bfdee0b61d.npz,8fa9f6a23de7e49446c00c87186b2786f6c1347cfc089cba42cc8de674142032,/content/cv3d-project/data/cache/reconstruction/metrics/04379243/1299579419252fa954b02959579aa6bb/ad64cb0e4359e0ae40edd9ab.json,12.293664000026183
04379243/12a2733fc5f6b31ef8574543281e850f,vggt,1,[0],0.677643418313206,0.7424391283320559,0.8072348383509059,0.0,0.0,0.0,1.9990090571056125,0.0,0.0,0.0,0.0,0.0,0.0,camera_rotation_center_and_target_diameter_scale_single_view,4.612495926695396,0.0,10000,10000,True,True,True,/content/cv3d-project/data/cache/reconstruction/predictions/04379243/12a2733fc5f6b31ef8574543281e850f/866f1d730c84f5038aeb0f92.npz,5cfa325f80583a75fe3a36133b4de85a42d73f297711b38bcdf96c5e2f4bd215,/content/cv3d-project/data/cache/reconstruction/metrics/04379243/12a2733fc5f6b31ef8574543281e850f/0ee6a1de1ca40385c9371951.json,3.9674680001553497
04379243/12a2733fc5f6b31ef8574543281e850f,vggt,2,"[0, 5]",0.9955519829252119,1.0762040965595385,1.1568562101938653,0.0,0.0,0.0,1.9990090571056125,0.0,0.0,0.0,0.0,0.0,0.0,camera_pose_sim3,0.19617803829696218,0.31638274564127183,10000,10000,True,False,True,/content/cv3d-project/data/cache/reconstruction/predictions/04379243/12a2733fc5f6b31ef8574543281e850f/af0c81f67f8c34434af09771.npz,ae92ee7eb27b3ba505a27f59b0db29b2b4f2987683028d0ca323bf8d9211a3d9,/content/cv3d-project/data/cache/reconstruction/metrics/04379243/12a2733fc5f6b31ef8574543281e850f/2dc97c28c1282d5d161f0035.json,11.54300999996849
04379243/12a2733fc5f6b31ef8574543281e850f,vggt,3,"[0, 5, 14]",0.971998385452539,1.0541364042443129,1.1362744230360868,0.0,0.0,0.0,1.9990090571056125,0.0,0.0,0.0,0.0,0.0,0.0,camera_pose_sim3,0.22663891519538612,0.5113078247350137,10000,10000,True,False,True,/content/cv3d-project/data/cache/reconstruction/predictions/04379243/12a2733fc5f6b31ef8574543281e850f/76db306d06bec9e0fea349b7.npz,bb5d44b35b43e19dac719acc61b073bc07312d45bef989da48e7e71ea91faa4f,/content/cv3d-project/data/cache/reconstruction/metrics/04379243/12a2733fc5f6b31ef8574543281e850f/5c81465c1f9f256b312990aa.json,11.45434000000023
04379243/12a2733fc5f6b31ef8574543281e850f,vggt,5,"[0, 5, 14, 22, 31]",0.01316216157816825,0.0682140280837121,0.12326589458925596,0.5827332042455536,0.1261599274705349,0.1883449247721975,1.9990090571056125,0.9797,0.7028,0.8377,0.4147,0.0693,0.1061,camera_pose_sim3,2.419274214788562,0.08632074107957521,10000,10000,True,False,True,/content/cv3d-project/data/cache/reconstruction/predictions/04379243/12a2733fc5f6b31ef8574543281e850f/87f0dbc8e4e4287c614b17a1.npz,06cde7eaa675000c3ead5b286637f4170345901418fc8d1e7be5a17ba803ba12,/content/cv3d-project/data/cache/reconstruction/metrics/04379243/12a2733fc5f6b31ef8574543281e850f/51717151f177595d26c549bd.json,11.601346000134072
04379243/12a2733fc5f6b31ef8574543281e850f,vggt,10,"[0, 5, 14, 22, 31, 39, 45, 38, 32, 24]",0.017694167276747157,0.0396197429268202,0.06154531857689325,0.8916038028326084,0.1880546511627907,0.26745440864773207,1.9990090571056125,0.9643,0.5217,0.7823,0.8291,0.1147,0.1613,camera_pose_sim3,2.5179215392503926,0.1749054001994056,10000,10000,True,False,True,/content/cv3d-project/data/cache/reconstruction/predictions/04379243/12a2733fc5f6b31ef8574543281e850f/46db6cc1db1065c0cc3ba28d.npz,ea6602aa974ae1dcb093127318466133643b19253c0f13844f550ffb2f2d4b4b,/content/cv3d-project/data/cache/reconstruction/metrics/04379243/12a2733fc5f6b31ef8574543281e850f/2c323f670d07d0f43eefb2f8.json,11.49117600016325
04379243/12a5cc49c75b93af5b4aea6c98f52b6e,vggt,1,[0],0.8575518295056199,0.9653541925325038,1.0731565555593876,0.0,0.0,0.0,1.9976495608097462,0.0,0.0,0.0,0.0,0.0,0.0,camera_rotation_center_and_target_diameter_scale_single_view,5.181039263294808,0.0,10000,10000,True,True,True,/content/cv3d-project/data/cache/reconstruction/predictions/04379243/12a5cc49c75b93af5b4aea6c98f52b6e/5b44269e178e4a3e9df0f119.npz,bfb2cf60011c8084c3554e62a9fc1e9373cd652719537c07ca2cd790e38d5a4a,/content/cv3d-project/data/cache/reconstruction/metrics/04379243/12a5cc49c75b93af5b4aea6c98f52b6e/00b2c1b69b936c09ce0d86df.json,3.94135600026857
04379243/12a5cc49c75b93af5b4aea6c98f52b6e,vggt,2,"[0, 5]",0.7196273105783111,0.8117689238335593,0.9039105370888073,0.0,0.0,0.0,1.9976495608097462,0.0,0.0,0.0,0.0,0.0,0.0,camera_pose_sim3,0.7491629457965232,0.27404425148728717,10000,10000,True,False,True,/content/cv3d-project/data/cache/reconstruction/predictions/04379243/12a5cc49c75b93af5b4aea6c98f52b6e/b1af1bd922f2d4b4f98b5241.npz,fab985498d87bd5217301f04d355a311e016bd06512dbe67531ca534815d2614,/content/cv3d-project/data/cache/reconstruction/metrics/04379243/12a5cc49c75b93af5b4aea6c98f52b6e/37bc6f8e3cb4bc865bf5666c.json,11.571966000246903
04379243/12a5cc49c75b93af5b4aea6c98f52b6e,vggt,3,"[0, 5, 14]",0.8962364802780436,0.9866855378689448,1.077134595459846,0.0,0.0,0.0,1.9976495608097462,0.0,0.0,0.0,0.0,0.0,0.0,camera_pose_sim3,1.0019321565746013,0.3290090355774737,10000,10000,True,False,True,/content/cv3d-project/data/cache/reconstruction/predictions/04379243/12a5cc49c75b93af5b4aea6c98f52b6e/38ea854c446cbc9c8249fe11.npz,67b16fe311b9bd3486003dd4ccb9ef73942e7dd11b50bddf0e5983db70fb6628,/content/cv3d-project/data/cache/reconstruction/metrics/04379243/12a5cc49c75b93af5b4aea6c98f52b6e/7c9cb55c76950e0b8107cd51.json,11.63713700043445
04379243/12a5cc49c75b93af5b4aea6c98f52b6e,vggt,5,"[0, 5, 14, 19, 10]",0.4773316088796845,0.5842766542408827,0.6912216996020809,0.0,0.0,0.0,1.9976495608097462,0.0,0.0,0.0,0.0,0.0,0.0,camera_pose_sim3,1.7008049891033732,0.6304405801391457,10000,10000,True,False,True,/content/cv3d-project/data/cache/reconstruction/predictions/04379243/12a5cc49c75b93af5b4aea6c98f52b6e/c0e43f46a90f2d89c7d13eab.npz,faf986d0e8e2c828e78d60c6c94aa4f31a96e493d2e1828b1c889a3c070eda4b,/content/cv3d-project/data/cache/reconstruction/metrics/04379243/12a5cc49c75b93af5b4aea6c98f52b6e/d2577a70ea867fbf42a56205.json,11.859503000323457
04379243/12a5cc49c75b93af5b4aea6c98f52b6e,vggt,10,"[0, 5, 14, 19, 10, 18, 26, 32, 24, 39]",0.3693995128903394,0.45631698741548987,0.5432344619406403,0.0,0.0,0.0,1.9976495608097462,0.0,0.0,0.0,0.0,0.0,0.0,camera_pose_sim3,1.7435406566637603,0.8726069980911455,10000,10000,True,False,True,/content/cv3d-project/data/cache/reconstruction/predictions/04379243/12a5cc49c75b93af5b4aea6c98f52b6e/f6bd48a7681d8ccd6136ed81.npz,ee81ee6d17071b4172e9a5cf2e21028766ce70c80825f5b544e2c9674589cb09,/content/cv3d-project/data/cache/reconstruction/metrics/04379243/12a5cc49c75b93af5b4aea6c98f52b6e/e8dab86ead18631253fc9eec.json,12.43561299997964
04379243/12a73c63681d65587a0f32fa630f6a0e,vggt,1,[0],1.9673581652087986,2.0422038422802666,2.1170495193517342,0.0,0.0,0.0,1.9871337462080498,0.0,0.0,0.0,0.0,0.0,0.0,camera_rotation_center_and_target_diameter_scale_single_view,7.27287762510734,0.0,10000,10000,True,True,True,/content/cv3d-project/data/cache/reconstruction/predictions/04379243/12a73c63681d65587a0f32fa630f6a0e/9393c76cda8cae252e4c40fe.npz,bc0f70374089e50a7b9d9031370255a1d540af72fdb863f5f7fda7deb45deb48,/content/cv3d-project/data/cache/reconstruction/metrics/04379243/12a73c63681d65587a0f32fa630f6a0e/7d5e61c147b0d2e7b2b567a2.json,3.890387999945233
04379243/12a73c63681d65587a0f32fa630f6a0e,vggt,2,"[0, 5]",0.1956457968310238,0.32358553701048054,0.45152527718993735,0.0,0.0,0.0,1.9871337462080498,0.0,0.0,0.0,0.0,0.0,0.0,camera_pose_sim3,1.6554121077864183,0.0758875302960794,10000,10000,True,False,True,/content/cv3d-project/data/cache/reconstruction/predictions/04379243/12a73c63681d65587a0f32fa630f6a0e/5deb5a595fd0bdd45260a8ee.npz,454160b18ac2940595b9c8e8ad31f6deefe0f0750c586a84c0636aef16b261fb,/content/cv3d-project/data/cache/reconstruction/metrics/04379243/12a73c63681d65587a0f32fa630f6a0e/5d1b826bdcc6db07d992b43a.json,11.68396399998528
04379243/12a73c63681d65587a0f32fa630f6a0e,vggt,3,"[0, 5, 14]",0.02325370101682661,0.11933982457559647,0.21542594813436633,0.33570772682401506,0.1155363321799308,0.16347736383442266,1.9871337462080498,0.9084,0.63,0.8273,0.2059,0.0636,0.0907,camera_pose_sim3,2.1168372606540125,0.05484422828240282,10000,10000,True,False,True,/content/cv3d-project/data/cache/reconstruction/predictions/04379243/12a73c63681d65587a0f32fa630f6a0e/883db26975827a825a974e0d.npz,848c93738dbda8a3b1969a6f7b89b0115610500931ef86114aacba6876c899a1,/content/cv3d-project/data/cache/reconstruction/metrics/04379243/12a73c63681d65587a0f32fa630f6a0e/96e3684768d72c039b86285f.json,11.766329999773006
04379243/12a73c63681d65587a0f32fa630f6a0e,vggt,5,"[0, 5, 14, 10, 18]",0.06827076290096022,0.13635528882137699,0.20443981474179376,0.3151769469835466,0.016066285714285717,0.030269376181474482,1.9871337462080498,0.9031,0.0426,0.0875,0.1909,0.0099,0.0183,camera_pose_sim3,1.8591213295604423,0.6125876559996007,10000,10000,True,False,True,/content/cv3d-project/data/cache/reconstruction/predictions/04379243/12a73c63681d65587a0f32fa630f6a0e/1fb811d5c043c729f5931b68.npz,b6bcac0cd465cafbf190a7b58d166a1e6f9dc4500d066708017ff6b144d6cf84,/content/cv3d-project/data/cache/reconstruction/metrics/04379243/12a73c63681d65587a0f32fa630f6a0e/fe647260b4cc2828e5257220.json,11.803847000010137
04379243/12a73c63681d65587a0f32fa630f6a0e,vggt,10,"[0, 5, 14, 10, 18, 39, 32, 24, 33, 40]",0.01241165560403689,0.03705187746187798,0.06169209931971907,0.8532648102428662,0.40547592456010956,0.519821695620847,1.9871337462080498,0.9946,0.6556,0.8803,0.7471,0.2935,0.3688,camera_pose_sim3,2.7578037131248863,0.20308946110991746,10000,10000,True,False,True,/content/cv3d-project/data/cache/reconstruction/predictions/04379243/12a73c63681d65587a0f32fa630f6a0e/98b11946855b5587caefcf32.npz,b6d405d5fa8dafc78631510f856ba566d7491f31d28e7ce49ef9a0a54242ecbc,/content/cv3d-project/data/cache/reconstruction/metrics/04379243/12a73c63681d65587a0f32fa630f6a0e/9c2c3d75237a8d896c338235.json,12.187014000119234
04379243/12b1fb7c765dfe8eb76e29c9c43bc7aa,vggt,1,[0],1.125222975819244,1.190087371579047,1.25495176733885,0.0,0.0,0.0,1.9924686403910443,0.0,0.0,0.0,0.0,0.0,0.0,camera_rotation_center_and_target_diameter_scale_single_view,5.365031730685168,0.0,10000,10000,True,True,True,/content/cv3d-project/data/cache/reconstruction/predictions/04379243/12b1fb7c765dfe8eb76e29c9c43bc7aa/1ca2dd0dda5e99e4a0f62f1e.npz,fe5e4ff611c06c1e19fcadec8714306366fa3e2124da7f348bfef40fa0a90153,/content/cv3d-project/data/cache/reconstruction/metrics/04379243/12b1fb7c765dfe8eb76e29c9c43bc7aa/758b662df8242226698156c1.json,3.897843999766337
04379243/12b1fb7c765dfe8eb76e29c9c43bc7aa,vggt,2,"[0, 5]",0.3429885028892097,0.420869935292022,0.4987513676948343,0.0,0.0,0.0,1.9924686403910443,0.0,0.0,0.0,0.0,0.0,0.0,camera_pose_sim3,1.7425585050746852,0.06310381953003459,10000,10000,True,False,True,/content/cv3d-project/data/cache/reconstruction/predictions/04379243/12b1fb7c765dfe8eb76e29c9c43bc7aa/121b3da2258cc35b88e02e26.npz,c0b29fdf38fdae6662af8f23d94637ca978bcabfd99aa830896dd9f0742c1396,/content/cv3d-project/data/cache/reconstruction/metrics/04379243/12b1fb7c765dfe8eb76e29c9c43bc7aa/b2d41515cdb37653f4b618dd.json,11.62311200005206
04379243/12b1fb7c765dfe8eb76e29c9c43bc7aa,vggt,3,"[0, 5, 26]",0.20283986273239352,0.286029475181302,0.3692190876302105,0.0017222222222222222,0.0,0.0,1.9924686403910443,0.001,0.0,0.0,0.0062,0.0,0.0,camera_pose_sim3,1.8591518658657558,0.586205161247545,10000,10000,True,False,True,/content/cv3d-project/data/cache/reconstruction/predictions/04379243/12b1fb7c765dfe8eb76e29c9c43bc7aa/9ffa2aef31fc0980ef17378c.npz,388b07b88d48e6b487291dacfe52616b61e5aca9461ecb3b9298f242df43e83e,/content/cv3d-project/data/cache/reconstruction/metrics/04379243/12b1fb7c765dfe8eb76e29c9c43bc7aa/45f16af71f11dbba171b0bd6.json,11.830250000002707
04379243/12b1fb7c765dfe8eb76e29c9c43bc7aa,vggt,5,"[0, 5, 26, 18, 34]",0.20265338775071728,0.3387820987625618,0.4749108097744064,0.0006857142857142857,0.0,0.0,1.9924686403910443,0.0004,0.0,0.0,0.0024,0.0,0.0,camera_pose_sim3,1.1871093673912136,0.9987262332425054,10000,10000,True,False,True,/content/cv3d-project/data/cache/reconstruction/predictions/04379243/12b1fb7c765dfe8eb76e29c9c43bc7aa/032d030a62ce8c639426fa4b.npz,685a72ff2a84d142e4191f039ca39e473599deb2c158383fe4aa0a215b0e053b,/content/cv3d-project/data/cache/reconstruction/metrics/04379243/12b1fb7c765dfe8eb76e29c9c43bc7aa/13dea8f1ad172a8d823fd84e.json,11.90694299975803
04379243/12b1fb7c765dfe8eb76e29c9c43bc7aa,vggt,10,"[0, 5, 26, 18, 34, 25, 41, 33, 46, 39]",0.16565668856470936,0.3052405116026864,0.4448243346406634,0.0,0.0,0.0,1.9924686403910443,0.0,0.0,0.0,0.0,0.0,0.0,camera_pose_sim3,0.9762889284148859,1.0838666026968735,10000,10000,True,False,True,/content/cv3d-project/data/cache/reconstruction/predictions/04379243/12b1fb7c765dfe8eb76e29c9c43bc7aa/69c2b8f9495853fd34dac9ea.npz,6f512543a02ae6273142bfd25c0a6ff64cff7d9344474678e5ab26ffac1f7fba,/content/cv3d-project/data/cache/reconstruction/metrics/04379243/12b1fb7c765dfe8eb76e29c9c43bc7aa/ced8823ed32cd2634e05ce7e.json,12.372452999898087
04401088/257ef557fee9c083324b3288c1587efe,vggt,1,[0],1.6991053188159624,1.7059312233639485,1.7127571279119347,0.0,0.0,0.0,1.9999707474380004,0.0,0.0,0.0,0.0,0.0,0.0,camera_rotation_center_and_target_diameter_scale_single_view,6.190310898625155,0.0,10000,10000,True,True,True,/content/cv3d-project/data/cache/reconstruction/predictions/04401088/257ef557fee9c083324b3288c1587efe/491a5fc6c6b5f3f4b3ba2314.npz,cdfc30617a275cc81f8c56facf598c4d75e2bd21d2581d1bf2363f7f91d68587,/content/cv3d-project/data/cache/reconstruction/metrics/04401088/257ef557fee9c083324b3288c1587efe/bb443c779c8c972ae01fe58d.json,3.8523370003531454
04401088/257ef557fee9c083324b3288c1587efe,vggt,2,"[0, 37]",0.060109283781856024,0.10193212966320081,0.1437549755445456,0.5725501391763614,0.0,0.0,1.9999707474380004,1.0,0.0,0.0,0.4011,0.0,0.0,camera_pose_sim3,2.9674503558409633,0.03039247810090634,10000,10000,True,False,True,/content/cv3d-project/data/cache/reconstruction/predictions/04401088/257ef557fee9c083324b3288c1587efe/f3b6221a259e2bd24ae43efa.npz,f80090a4a9e57b734e3f8a43e8382ebd44aa8b4166379d0a12be4d98bd8a6fe4,/content/cv3d-project/data/cache/reconstruction/metrics/04401088/257ef557fee9c083324b3288c1587efe/69ab7bd1b8540e5894c253dd.json,11.758910000025935
04401088/257ef557fee9c083324b3288c1587efe,vggt,3,"[0, 37, 29]",0.270203995996275,0.4657914966209024,0.6613789972455298,0.0,0.0,0.0,1.9999707474380004,0.0,0.0,0.0,0.0,0.0,0.0,camera_pose_sim3,1.4258140123598206,0.7574244601202704,10000,10000,True,False,True,/content/cv3d-project/data/cache/reconstruction/predictions/04401088/257ef557fee9c083324b3288c1587efe/c90b6e720911f053af625533.npz,7bd831d64e297a1439b6e3c479064b2ff4cc6ba5f306924f4b321519ce55a059,/content/cv3d-project/data/cache/reconstruction/metrics/04401088/257ef557fee9c083324b3288c1587efe/73c21a34bc86868ef023b0bd.json,11.443903999861504
04401088/257ef557fee9c083324b3288c1587efe,vggt,5,"[0, 37, 29, 39, 45]",0.0636369729499255,0.12046051008086489,0.1772840472118043,0.5576227107821796,0.0,0.0,1.9999707474380004,0.9901,0.0,0.0,0.3881,0.0,0.0,camera_pose_sim3,2.509410127070428,0.20846495604474835,10000,10000,True,False,True,/content/cv3d-project/data/cache/reconstruction/predictions/04401088/257ef557fee9c083324b3288c1587efe/7a152a3fc6ef056d7a72d910.npz,878782e315f98ff09639cb41fdda4c50d94cf53a27cb753a928c464a5bb10f85,/content/cv3d-project/data/cache/reconstruction/metrics/04401088/257ef557fee9c083324b3288c1587efe/d2b160ae5c996880990d42e5.json,11.681907999900432
04401088/257ef557fee9c083324b3288c1587efe,vggt,10,"[0, 37, 29, 39, 45, 20, 32, 24, 40, 33]",0.05194515715435388,0.07811492940710942,0.10428470165986495,0.7881725642268541,0.0,0.0,1.9999707474380004,1.0,0.0,0.0,0.6504,0.0,0.0,camera_pose_sim3,2.6878849834810796,0.17074486218078494,10000,10000,True,False,True,/content/cv3d-project/data/cache/reconstruction/predictions/04401088/257ef557fee9c083324b3288c1587efe/16fca7c171b25037ceb390f7.npz,7d450cadd2b4c4902de21cfdca8e076667f100eb93181900cbf58b0b649fee07,/content/cv3d-project/data/cache/reconstruction/metrics/04401088/257ef557fee9c083324b3288c1587efe/420b8d0a9bf7e7cb06c223c6.json,11.99700799998027
04401088/25e03c305f41c5dd226bc3b9ce9ff2a1,vggt,1,[0],1.5414000175159344,1.556706818649576,1.5720136197832177,0.0,0.0,0.0,1.9978854901569183,0.0,0.0,0.0,0.0,0.0,0.0,camera_rotation_center_and_target_diameter_scale_single_view,5.914656275417735,0.0,10000,10000,True,True,True,/content/cv3d-project/data/cache/reconstruction/predictions/04401088/25e03c305f41c5dd226bc3b9ce9ff2a1/1e858ff2a2a3bccbdaf38671.npz,bcd6429e1e5dd4fc1ce95be13d3b4339ea330ded12101adbda3b1f0ed0538859,/content/cv3d-project/data/cache/reconstruction/metrics/04401088/25e03c305f41c5dd226bc3b9ce9ff2a1/a5e893654501a7c56e7c6b36.json,3.696704000049067
04401088/25e03c305f41c5dd226bc3b9ce9ff2a1,vggt,2,"[0, 24]",0.7610009001100854,0.9280124839808144,1.0950240678515433,0.0,0.0,0.0,1.9978854901569183,0.0,0.0,0.0,0.0,0.0,0.0,camera_pose_sim3,2.6909030970013825,0.8055892845966417,10000,10000,True,False,True,/content/cv3d-project/data/cache/reconstruction/predictions/04401088/25e03c305f41c5dd226bc3b9ce9ff2a1/350fe798c6bc055f64eaba6c.npz,bf1cc022798a55e467b49f22cc9a70e109fbe566a669f07192e237db494cf26b,/content/cv3d-project/data/cache/reconstruction/metrics/04401088/25e03c305f41c5dd226bc3b9ce9ff2a1/44c7c3561ed34ef365bcda49.json,11.206754999875557
04401088/25e03c305f41c5dd226bc3b9ce9ff2a1,vggt,3,"[0, 24, 33]",1.3614638665829175,1.5438053429983243,1.7261468194137308,0.0,0.0,0.0,1.9978854901569183,0.0,0.0,0.0,0.0,0.0,0.0,camera_pose_sim3,3.4280754714227224,0.628629620138627,10000,10000,True,False,True,/content/cv3d-project/data/cache/reconstruction/predictions/04401088/25e03c305f41c5dd226bc3b9ce9ff2a1/58b40fd934b6fe1c00fccc51.npz,2a49cebb8d5685f1af28b25c8a2287852f9a7616f5ac72598c33bc298d3f84bf,/content/cv3d-project/data/cache/reconstruction/metrics/04401088/25e03c305f41c5dd226bc3b9ce9ff2a1/ea36f4003164670959f0f68f.json,11.263017000146647
04401088/25e03c305f41c5dd226bc3b9ce9ff2a1,vggt,5,"[0, 24, 33, 41, 16]",0.7342409977734833,0.9254017821759801,1.1165625665784769,0.0,0.0,0.0,1.9978854901569183,0.0,0.0,0.0,0.0,0.0,0.0,camera_pose_sim3,2.6331485897109217,0.8213229444593372,10000,10000,True,False,True,/content/cv3d-project/data/cache/reconstruction/predictions/04401088/25e03c305f41c5dd226bc3b9ce9ff2a1/725dd8905632781678f812cc.npz,e053d45427ec08ba6944fef788c70922a7e837e321e40511ebb100e07f1ad24c,/content/cv3d-project/data/cache/reconstruction/metrics/04401088/25e03c305f41c5dd226bc3b9ce9ff2a1/7c3ccc8c17b49109db9cd56e.json,11.458336000032432
04401088/25e03c305f41c5dd226bc3b9ce9ff2a1,vggt,10,"[0, 24, 33, 41, 16, 46, 44, 37, 32, 40]",0.16509050675814735,0.18494003583743515,0.20478956491672295,0.0,0.0,0.0,1.9978854901569183,0.0,0.0,0.0,0.0,0.0,0.0,camera_pose_sim3,2.360504588129676,0.48879971097186703,10000,10000,True,False,True,/content/cv3d-project/data/cache/reconstruction/predictions/04401088/25e03c305f41c5dd226bc3b9ce9ff2a1/bba7b88a9068fb8a19866c3e.npz,2d2472d733345f41599d00886783ea48c11b6a3beabe01e97525030ee7c58d40,/content/cv3d-project/data/cache/reconstruction/metrics/04401088/25e03c305f41c5dd226bc3b9ce9ff2a1/055fb2bfdcfaef08ab75a6e5.json,12.058435000199097
04401088/25eff75e43287223f1cb19f636b1c2bd,vggt,1,[0],2.1597864042799695,2.1715968565531387,2.183407308826308,0.0,0.0,0.0,1.9951499640598904,0.0,0.0,0.0,0.0,0.0,0.0,camera_rotation_center_and_target_diameter_scale_single_view,7.115903756082008,0.0,10000,10000,True,True,True,/content/cv3d-project/data/cache/reconstruction/predictions/04401088/25eff75e43287223f1cb19f636b1c2bd/466bcc7ce9e7b2796d3058fe.npz,19f1f4005bfa9650e2d66d0c09d09fe36b4cf11ffdd2bc072b70cb9142087899,/content/cv3d-project/data/cache/reconstruction/metrics/04401088/25eff75e43287223f1cb19f636b1c2bd/7865ffb1e8717f91efd2709a.json,3.7208530002317275
04401088/25eff75e43287223f1cb19f636b1c2bd,vggt,2,"[0, 38]",0.0255246144666161,0.06234061829389574,0.09915662212117539,0.781750624352805,0.0099,0.11216091954022989,1.9951499640598904,1.0,0.0198,0.287,0.6417,0.0066,0.0697,camera_pose_sim3,2.690025147406631,0.027243711550138407,10000,10000,True,False,True,/content/cv3d-project/data/cache/reconstruction/predictions/04401088/25eff75e43287223f1cb19f636b1c2bd/3545461d8284af33ad349d27.npz,5abddf19a92ea99badf34ae74fd5c0db564fa1d2e81f20771726aff27f03fee8,/content/cv3d-project/data/cache/reconstruction/metrics/04401088/25eff75e43287223f1cb19f636b1c2bd/313190ffca251fe9ad46ec18.json,11.41231700012213
04401088/25eff75e43287223f1cb19f636b1c2bd,vggt,3,"[0, 38, 31]",0.03614240993653411,0.06837490530077006,0.10060740066500601,0.7629886194952994,0.026871355060034303,0.045877621621621616,1.9951499640598904,1.0,0.0373,0.0504,0.6168,0.021,0.0421,camera_pose_sim3,2.6349875020380216,0.08302680980699689,10000,10000,True,False,True,/content/cv3d-project/data/cache/reconstruction/predictions/04401088/25eff75e43287223f1cb19f636b1c2bd/722ce01126faea0acba6aa86.npz,e7294e165a4ae4e00cdb7b24665df8cb0a138d10863dd82730b890b5f324c3e5,/content/cv3d-project/data/cache/reconstruction/metrics/04401088/25eff75e43287223f1cb19f636b1c2bd/979c6a8778f1a02d48357b2a.json,11.344452999765053
04401088/25eff75e43287223f1cb19f636b1c2bd,vggt,5,"[0, 38, 31, 45, 24]",0.010935881473881179,0.042034729239220546,0.07313357700455991,0.8181066067840681,0.2840290933333333,0.4533759852113268,1.9951499640598904,1.0,0.5597,0.8854,0.6922,0.1903,0.3047,camera_pose_sim3,2.6884072842185756,0.08947303714524625,10000,10000,True,False,True,/content/cv3d-project/data/cache/reconstruction/predictions/04401088/25eff75e43287223f1cb19f636b1c2bd/6be20825d345a9abcda7225d.npz,7706f77d1b0155ae8eb605088f39e5ccf03f65e45ff42fb9c1fb3526615b9f92,/content/cv3d-project/data/cache/reconstruction/metrics/04401088/25eff75e43287223f1cb19f636b1c2bd/505ea860da861892910b21c0.json,11.442687999988266
04401088/25eff75e43287223f1cb19f636b1c2bd,vggt,10,"[0, 38, 31, 45, 24, 16, 33, 7, 41, 15]",0.15613189243646017,0.23576381430871013,0.31539573618096006,0.09705421785421785,0.0,0.0,1.9951499640598904,0.1774,0.0,0.0,0.0668,0.0,0.0,camera_pose_sim3,1.9517344821678804,0.7118423566783793,10000,10000,True,False,True,/content/cv3d-project/data/cache/reconstruction/predictions/04401088/25eff75e43287223f1cb19f636b1c2bd/8ad6512d4b9228808d03baa4.npz,288bbf133ce60a172b3bc5f0d26395107ab721770c386552e5254d6c4c700bf3,/content/cv3d-project/data/cache/reconstruction/metrics/04401088/25eff75e43287223f1cb19f636b1c2bd/3618aeb8a732fe68a9f9ad1a.json,11.83450200005609
04401088/2601fb1cdef9d37223d5a55215ee8f43,vggt,1,[0],2.97229681991293,2.991701362954581,3.011105905996232,0.0,0.0,0.0,1.996017806121498,0.0,0.0,0.0,0.0,0.0,0.0,camera_rotation_center_and_target_diameter_scale_single_view,8.789191695100378,0.0,10000,10000,True,True,True,/content/cv3d-project/data/cache/reconstruction/predictions/04401088/2601fb1cdef9d37223d5a55215ee8f43/dec0f1251f4db5b001e8ea5d.npz,5dd3f1bfa740e752d006f6889166c053ce65c2a15443d4c197ec9be4219bac0d,/content/cv3d-project/data/cache/reconstruction/metrics/04401088/2601fb1cdef9d37223d5a55215ee8f43/13f74af316112180ca99ce41.json,3.7156170001253486
04401088/2601fb1cdef9d37223d5a55215ee8f43,vggt,2,"[0, 24]",0.26211499978261243,0.2982535319418771,0.3343920641011418,0.0,0.0,0.0,1.996017806121498,0.0,0.0,0.0,0.0,0.0,0.0,camera_pose_sim3,3.401943594110449,0.40393305575305927,10000,10000,True,False,True,/content/cv3d-project/data/cache/reconstruction/predictions/04401088/2601fb1cdef9d37223d5a55215ee8f43/10873dfcca94ed69b514ae47.npz,d541800b09ebb96d6bbec9b0dcbe3ebfc775d5532c80716b0ca6e5476be4b2c0,/content/cv3d-project/data/cache/reconstruction/metrics/04401088/2601fb1cdef9d37223d5a55215ee8f43/977862b6457c8b9cfaa439ec.json,11.177452000083576
04401088/2601fb1cdef9d37223d5a55215ee8f43,vggt,3,"[0, 24, 33]",0.8611177022135462,0.9769344065078003,1.0927511108020542,0.0,0.0,0.0,1.996017806121498,0.0,0.0,0.0,0.0,0.0,0.0,camera_pose_sim3,3.341048484622355,0.3936927940040969,10000,10000,True,False,True,/content/cv3d-project/data/cache/reconstruction/predictions/04401088/2601fb1cdef9d37223d5a55215ee8f43/1e9989913d85de7a1d2288d9.npz,e22a96d964d402982b43f9c8534a4eb2b42382acda3d8dec721cf23e434badff,/content/cv3d-project/data/cache/reconstruction/metrics/04401088/2601fb1cdef9d37223d5a55215ee8f43/b9f103595c88ccc9039adb32.json,11.264522000146826
04401088/2601fb1cdef9d37223d5a55215ee8f43,vggt,5,"[0, 24, 33, 16, 41]",0.2838233492961664,0.4089780561868591,0.5341327630775519,0.0,0.0,0.0,1.996017806121498,0.0,0.0,0.0,0.0,0.0,0.0,camera_pose_sim3,1.7839001102394745,0.7796685514291407,10000,10000,True,False,True,/content/cv3d-project/data/cache/reconstruction/predictions/04401088/2601fb1cdef9d37223d5a55215ee8f43/94963c3340423084a53a4fdb.npz,1000c38cc25f2cd2018fa4c82f804f103e558aa1fbe776023232b0f52769e06d,/content/cv3d-project/data/cache/reconstruction/metrics/04401088/2601fb1cdef9d37223d5a55215ee8f43/7d5ff095db99b9bebf0fae03.json,11.269635999724414
04401088/2601fb1cdef9d37223d5a55215ee8f43,vggt,10,"[0, 24, 33, 16, 41, 34, 23, 31, 15, 44]",0.05259858796997635,0.08219847464615926,0.11179836132234215,0.6011854867008211,0.035202879581151834,0.11477834874957177,1.996017806121498,0.994,0.0489,0.2134,0.4309,0.0275,0.0785,camera_pose_sim3,2.94217140443967,0.17713273797881265,10000,10000,True,False,True,/content/cv3d-project/data/cache/reconstruction/predictions/04401088/2601fb1cdef9d37223d5a55215ee8f43/8fee68893ea8c5acfe877f78.npz,189c47e86bed8aa4e643e7fe8c31db4c096037b3aec7be06ce5a42991b2bd40d,/content/cv3d-project/data/cache/reconstruction/metrics/04401088/2601fb1cdef9d37223d5a55215ee8f43/5edc08a47ec32997b3f8f3b8.json,11.727226999937557
04401088/26175bc1827c3569c4b311ecb3af9fe6,vggt,1,[0],1.9952281447327327,2.0033385499967435,2.0114489552607546,0.0,0.0,0.0,1.99930887110154,0.0,0.0,0.0,0.0,0.0,0.0,camera_rotation_center_and_target_diameter_scale_single_view,6.790434691225462,0.0,10000,10000,True,True,True,/content/cv3d-project/data/cache/reconstruction/predictions/04401088/26175bc1827c3569c4b311ecb3af9fe6/a6b154f4ab8983e78a3f0ce5.npz,c187c861ef30586e147043a68b518f5eaf7972a7856d9bc6fc994d6e2163f5ce,/content/cv3d-project/data/cache/reconstruction/metrics/04401088/26175bc1827c3569c4b311ecb3af9fe6/d2e6c3597be9b35d67eca282.json,3.689183000005869
04401088/26175bc1827c3569c4b311ecb3af9fe6,vggt,2,"[0, 44]",1.2709832587538152,1.3773136810513242,1.4836441033488332,0.0,0.0,0.0,1.99930887110154,0.0,0.0,0.0,0.0,0.0,0.0,camera_pose_sim3,1.9035948196635468,1.1462986363427505,10000,10000,True,False,True,/content/cv3d-project/data/cache/reconstruction/predictions/04401088/26175bc1827c3569c4b311ecb3af9fe6/0d47597b56d432e287fff886.npz,04fda8f618f42e514eabe6e183d58f0447612482cd7746f62085d9961cc15ef5,/content/cv3d-project/data/cache/reconstruction/metrics/04401088/26175bc1827c3569c4b311ecb3af9fe6/83db2a4daa389fe775d32c72.json,11.110868000287155
04401088/26175bc1827c3569c4b311ecb3af9fe6,vggt,3,"[0, 44, 36]",1.7699895923322548,1.9091247534530815,2.048259914573908,0.0,0.0,0.0,1.99930887110154,0.0,0.0,0.0,0.0,0.0,0.0,camera_pose_sim3,3.7729985233635928,0.3539706625862093,10000,10000,True,False,True,/content/cv3d-project/data/cache/reconstruction/predictions/04401088/26175bc1827c3569c4b311ecb3af9fe6/ac93233d6fe928eef8337a16.npz,e6f0df412c80b835558544666a6173cdf4b0081bb43e64ae40d5bd5439216add,/content/cv3d-project/data/cache/reconstruction/metrics/04401088/26175bc1827c3569c4b311ecb3af9fe6/37ff3a21cc781bb0781df551.json,11.263160999988031
04401088/26175bc1827c3569c4b311ecb3af9fe6,vggt,5,"[0, 44, 36, 29, 37]",0.25798915149757484,0.4358319511067543,0.6136747507159338,0.0,0.0,0.0,1.99930887110154,0.0,0.0,0.0,0.0,0.0,0.0,camera_pose_sim3,1.5470510380248945,0.7872160758397815,10000,10000,True,False,True,/content/cv3d-project/data/cache/reconstruction/predictions/04401088/26175bc1827c3569c4b311ecb3af9fe6/de3e297381a809163b9bcfe3.npz,b9259e786f7b8b9ec766e0568650e69f3a1e4ded3a51ff936f0459413f391275,/content/cv3d-project/data/cache/reconstruction/metrics/04401088/26175bc1827c3569c4b311ecb3af9fe6/0a5e049f23ab007629ce7a96.json,11.591057000259752
04401088/26175bc1827c3569c4b311ecb3af9fe6,vggt,10,"[0, 44, 36, 29, 37, 39, 32, 40, 23, 31]",1.0256063977062024,1.1876251331951493,1.349643868684096,0.0,0.0,0.0,1.99930887110154,0.0,0.0,0.0,0.0,0.0,0.0,camera_pose_sim3,1.7808397069128943,0.7318689355565374,10000,10000,True,False,True,/content/cv3d-project/data/cache/reconstruction/predictions/04401088/26175bc1827c3569c4b311ecb3af9fe6/dc42e32f9a1e29bd69997cc5.npz,4e2d13883e9e9554fa7cda559a0bca98af867388a9673ecfe94aeb7216b1a5af,/content/cv3d-project/data/cache/reconstruction/metrics/04401088/26175bc1827c3569c4b311ecb3af9fe6/316faa6dec86b941be1e42ce.json,12.23314799972286
04401088/267a2d6fbf29c04cbc17518d87dd1f7a,vggt,1,[0],1.6487603111178561,1.655780336564761,1.6628003620116656,0.0,0.0,0.0,1.9980219608362453,0.0,0.0,0.0,0.0,0.0,0.0,camera_rotation_center_and_target_diameter_scale_single_view,6.140946107731615,0.0,10000,10000,True,True,True,/content/cv3d-project/data/cache/reconstruction/predictions/04401088/267a2d6fbf29c04cbc17518d87dd1f7a/85acfdd6d074c431b147f6c8.npz,a83aa3aae863fcaa8d99d0aaf1b81d658c9177669e7a4bb3f98952339078c78d,/content/cv3d-project/data/cache/reconstruction/metrics/04401088/267a2d6fbf29c04cbc17518d87dd1f7a/784dd00e9bb9e527ab536a3c.json,3.744009999991249
04401088/267a2d6fbf29c04cbc17518d87dd1f7a,vggt,2,"[0, 17]",0.02594349042838455,0.15677688594810366,0.28761028146782275,0.3030714406923468,0.01743037974683544,0.035230367231638415,1.9980219608362453,1.0,0.2754,0.5482,0.1786,0.009,0.0182,camera_pose_sim3,1.5917250597515475,0.8033694928385768,10000,10000,True,False,True,/content/cv3d-project/data/cache/reconstruction/predictions/04401088/267a2d6fbf29c04cbc17518d87dd1f7a/7800e77677f68d9afc03f927.npz,e3dce349919d80ae160d6102ff1a9d878b4b3315154ee9aa22a1d08175bd1736,/content/cv3d-project/data/cache/reconstruction/metrics/04401088/267a2d6fbf29c04cbc17518d87dd1f7a/80d04c61b2a6a014f62e7281.json,11.742227000013372
04401088/267a2d6fbf29c04cbc17518d87dd1f7a,vggt,3,"[0, 17, 25]",0.01897407653987802,0.1194660721320439,0.21995806772420978,0.30995436876795673,0.02698030674846626,0.060157001371324105,1.9980219608362453,1.0,0.3119,0.6247,0.1834,0.0141,0.0316,camera_pose_sim3,1.5013971776432293,0.7642583610464257,10000,10000,True,False,True,/content/cv3d-project/data/cache/reconstruction/predictions/04401088/267a2d6fbf29c04cbc17518d87dd1f7a/484bb2f91a773f888292a9c8.npz,0aa54ea990390fbd56a9aea3076bfecc53b8dd812cbf152fa922e1f67358cdaf,/content/cv3d-project/data/cache/reconstruction/metrics/04401088/267a2d6fbf29c04cbc17518d87dd1f7a/f032b1ed06d05ae69846872e.json,12.327582000125403
04401088/267a2d6fbf29c04cbc17518d87dd1f7a,vggt,5,"[0, 17, 25, 8, 34]",0.360132525995876,0.5482179121470008,0.7363032982981255,0.0,0.0,0.0,1.9980219608362453,0.0,0.0,0.0,0.0,0.0,0.0,camera_pose_sim3,1.052089119811342,0.9037591225622177,10000,10000,True,False,True,/content/cv3d-project/data/cache/reconstruction/predictions/04401088/267a2d6fbf29c04cbc17518d87dd1f7a/eb384e56d2c2ada7890e54f9.npz,e821c7b60091b2d01cafe03d1d0d30c1ef012124c318833307b54ba7fc8d40fd,/content/cv3d-project/data/cache/reconstruction/metrics/04401088/267a2d6fbf29c04cbc17518d87dd1f7a/04028161b04893cd7fc13e9b.json,11.757908000163297
04401088/267a2d6fbf29c04cbc17518d87dd1f7a,vggt,10,"[0, 17, 25, 8, 34, 42, 41, 16, 33, 24]",0.4687829621684104,0.6298405343851123,0.7908981066018144,0.0,0.0,0.0,1.9980219608362453,0.0,0.0,0.0,0.0,0.0,0.0,camera_pose_sim3,1.087407819020395,0.9314203586851567,10000,10000,True,False,True,/content/cv3d-project/data/cache/reconstruction/predictions/04401088/267a2d6fbf29c04cbc17518d87dd1f7a/98327062efc7418d74e11e98.npz,b35e98e9499f6dc7e169ff82a163d6c06bfddc176b8a87f9bc11c5aec6bd2eea,/content/cv3d-project/data/cache/reconstruction/metrics/04401088/267a2d6fbf29c04cbc17518d87dd1f7a/323090658f5b19417c2d10c8.json,11.821932999737328
04401088/2682cb34e7db8735bdc7fd7cf135ade2,vggt,1,[0],2.2890447950458275,2.3250290946987335,2.3610133943516396,0.0,0.0,0.0,1.9996873767532317,0.0,0.0,0.0,0.0,0.0,0.0,camera_rotation_center_and_target_diameter_scale_single_view,7.496353509131401,0.0,10000,10000,True,True,True,/content/cv3d-project/data/cache/reconstruction/predictions/04401088/2682cb34e7db8735bdc7fd7cf135ade2/4502e0eeb869d2e9d772eb81.npz,bc768816c60039df2ca74c14394b956ed638fae35cc7c61f0a13f5899241052d,/content/cv3d-project/data/cache/reconstruction/metrics/04401088/2682cb34e7db8735bdc7fd7cf135ade2/fe25ff8c6dd605f61bcfc4cb.json,3.7453669997375982
04401088/2682cb34e7db8735bdc7fd7cf135ade2,vggt,2,"[0, 25]",0.08260639805318667,0.18129533930360459,0.27998428055402247,0.11642221930745016,0.0,0.0,1.9996873767532317,0.6989,0.0,0.0,0.0635,0.0,0.0,camera_pose_sim3,1.6654800690883151,0.8165514371050425,10000,10000,True,False,True,/content/cv3d-project/data/cache/reconstruction/predictions/04401088/2682cb34e7db8735bdc7fd7cf135ade2/dfe608e9190777f754d2150f.npz,a86613104ff7ae237068670d37629d6d05bbb9a2a6e2e311579b92ef10d057d5,/content/cv3d-project/data/cache/reconstruction/metrics/04401088/2682cb34e7db8735bdc7fd7cf135ade2/c9a2d3d6007afa377362e090.json,11.304962999929558
04401088/2682cb34e7db8735bdc7fd7cf135ade2,vggt,3,"[0, 25, 33]",0.17434659417792264,0.3664286777157842,0.5585107612536457,0.018972972972972974,0.0,0.0,1.9996873767532317,0.0351,0.0,0.0,0.013,0.0,0.0,camera_pose_sim3,2.631845002363866,0.6841981715146433,10000,10000,True,False,True,/content/cv3d-project/data/cache/reconstruction/predictions/04401088/2682cb34e7db8735bdc7fd7cf135ade2/add0a54c66092ed3e41c8018.npz,55622600b8e4a5961b5cfc362db3cad236c7e10c10c5bbfe7653f3cfc996f381,/content/cv3d-project/data/cache/reconstruction/metrics/04401088/2682cb34e7db8735bdc7fd7cf135ade2/1208409a36b7f9ed2f2893d7.json,11.581113999909576
04401088/2682cb34e7db8735bdc7fd7cf135ade2,vggt,5,"[0, 25, 33, 41, 34]",0.19600351238783809,0.2642685569754255,0.3325336015630129,0.04084994375703037,0.0,0.0,1.9996873767532317,0.0571,0.0,0.0,0.0318,0.0,0.0,camera_pose_sim3,2.584295425075426,0.42914418186765574,10000,10000,True,False,True,/content/cv3d-project/data/cache/reconstruction/predictions/04401088/2682cb34e7db8735bdc7fd7cf135ade2/912591a83aad13546a04d3b0.npz,110b42ad95faa2f37b0edabb58828ca9be98374b3679f0c11a566589531fa679,/content/cv3d-project/data/cache/reconstruction/metrics/04401088/2682cb34e7db8735bdc7fd7cf135ade2/9176da0e9deb737516922a64.json,23.819594000087818
04401088/2682cb34e7db8735bdc7fd7cf135ade2,vggt,10,"[0, 25, 33, 41, 34, 44, 37, 36, 30, 22]",0.20104622772208616,0.286053719723526,0.3710612117249658,0.0,0.0,0.0,1.9996873767532317,0.0,0.0,0.0,0.0,0.0,0.0,camera_pose_sim3,2.304137665901599,0.6327352697034556,10000,10000,True,False,True,/content/cv3d-project/data/cache/reconstruction/predictions/04401088/2682cb34e7db8735bdc7fd7cf135ade2/1d32690d33b2c2a0a0b11e16.npz,b07e4a060eaff8c940942e4cd596432dd504c39f8f1ffdb8f5a9a53a0f1e2d04,/content/cv3d-project/data/cache/reconstruction/metrics/04401088/2682cb34e7db8735bdc7fd7cf135ade2/9a27649ab0d627732493b65f.json,12.475559999984398
04401088/2703b7edaf11d79a6b203c09a4932f5,vggt,1,[0],2.4720483406640477,2.4867396040270444,2.5014308673900416,0.0,0.0,0.0,1.9987463510637324,0.0,0.0,0.0,0.0,0.0,0.0,camera_rotation_center_and_target_diameter_scale_single_view,7.793763889499233,0.0,10000,10000,True,True,True,/content/cv3d-project/data/cache/reconstruction/predictions/04401088/2703b7edaf11d79a6b203c09a4932f5/fd86d7e36fa5fd6186cf205e.npz,a2b2240f00a0ddb40130d6972d1dd817cc363e49397461540a3ba59135d9a1f3,/content/cv3d-project/data/cache/reconstruction/metrics/04401088/2703b7edaf11d79a6b203c09a4932f5/aaf2ad56175e5f18c23caa0e.json,3.7324250001802284
04401088/2703b7edaf11d79a6b203c09a4932f5,vggt,2,"[0, 25]",0.4637650623771714,0.6475078870172157,0.8312507116572602,0.0,0.0,0.0,1.9987463510637324,0.0,0.0,0.0,0.0,0.0,0.0,camera_pose_sim3,2.4030476223323016,0.9090049374131937,10000,10000,True,False,True,/content/cv3d-project/data/cache/reconstruction/predictions/04401088/2703b7edaf11d79a6b203c09a4932f5/3b28c326aab558c54918c27b.npz,fda1efb6f527d7ffd60b5f6d7677a377a941980abd6108621477966efda106e1,/content/cv3d-project/data/cache/reconstruction/metrics/04401088/2703b7edaf11d79a6b203c09a4932f5/a80687212c09283b4efe0265.json,11.331849999805854
04401088/2703b7edaf11d79a6b203c09a4932f5,vggt,3,"[0, 25, 34]",0.0185344839383073,0.1785241358444982,0.3385137877506891,0.216992065614692,0.008636899747262007,0.02975123277737491,1.9987463510637324,1.0,0.233,0.5363,0.1217,0.0044,0.0153,camera_pose_sim3,0.7778128124549132,1.0592265268539565,10000,10000,True,False,True,/content/cv3d-project/data/cache/reconstruction/predictions/04401088/2703b7edaf11d79a6b203c09a4932f5/9c93663e8afc0ecdaeed55f3.npz,6e412d9c9398f9bcc44eda9e95dba26ec30d87f8370c4d69c6a2caf387a711b9,/content/cv3d-project/data/cache/reconstruction/metrics/04401088/2703b7edaf11d79a6b203c09a4932f5/8c690a1e19a3a26fbff1bf22.json,11.464935000276455
04401088/2703b7edaf11d79a6b203c09a4932f5,vggt,5,"[0, 25, 34, 33, 41]",0.3701668865534167,0.5664335682808733,0.76270025000833,0.0,0.0,0.0,1.9987463510637324,0.0,0.0,0.0,0.0,0.0,0.0,camera_pose_sim3,0.16461690170407883,1.0566321721437377,10000,10000,True,False,True,/content/cv3d-project/data/cache/reconstruction/predictions/04401088/2703b7edaf11d79a6b203c09a4932f5/cfe9fa4ca6783edb2657ecca.npz,808a5d87a8535670e3a3ba19fe53193c9154c098b23a7fca9122649578866bdc,/content/cv3d-project/data/cache/reconstruction/metrics/04401088/2703b7edaf11d79a6b203c09a4932f5/bb2ec261c6397f72c724bee3.json,12.56237500001589
04401088/2703b7edaf11d79a6b203c09a4932f5,vggt,10,"[0, 25, 34, 33, 41, 36, 44, 37, 29, 39]",0.053509017562869625,0.07547890851444543,0.09744879946602124,0.7370276476160404,0.0011304347826086958,0.020429756097560977,1.9987463510637324,0.9999,0.001,0.0217,0.5836,0.0013,0.0193,camera_pose_sim3,2.6264391987584497,0.16548830304486392,10000,10000,True,False,True,/content/cv3d-project/data/cache/reconstruction/predictions/04401088/2703b7edaf11d79a6b203c09a4932f5/c0afcb63f4208e51b49e89a1.npz,0cea8d292a62c66f24e10e24f03fb8773eb602aaa8d25299c45c13b8cf8c39fe,/content/cv3d-project/data/cache/reconstruction/metrics/04401088/2703b7edaf11d79a6b203c09a4932f5/aba397f4bbba7dc59a887208.json,12.594742000146653
04401088/27085a2456319497f1cb19f636b1c2bd,vggt,1,[0],2.4760170634893814,2.489129266530237,2.502241469571093,0.0,0.0,0.0,1.9948518362422538,0.0,0.0,0.0,0.0,0.0,0.0,camera_rotation_center_and_target_diameter_scale_single_view,7.763456383103989,0.0,10000,10000,True,True,True,/content/cv3d-project/data/cache/reconstruction/predictions/04401088/27085a2456319497f1cb19f636b1c2bd/cb6eaf4e66dd4d5abbe7659b.npz,72783bdb74a565d46bc31534f96def6b6cfc75f5b05b3c38a4a0947cd8411a7b,/content/cv3d-project/data/cache/reconstruction/metrics/04401088/27085a2456319497f1cb19f636b1c2bd/ec9cbf24c627dd0aff6716a4.json,3.874501999689528
04401088/27085a2456319497f1cb19f636b1c2bd,vggt,2,"[0, 25]",0.3964438316012691,0.5739254655630318,0.7514070995247946,0.0,0.0,0.0,1.9948518362422538,0.0,0.0,0.0,0.0,0.0,0.0,camera_pose_sim3,2.3548907534586774,0.7788816534814492,10000,10000,True,False,True,/content/cv3d-project/data/cache/reconstruction/predictions/04401088/27085a2456319497f1cb19f636b1c2bd/7c0038015d721bdda6941203.npz,304718d8efe4c1bf71f16c7a07756c29894b7beb1a4509095812701293d0b0a5,/content/cv3d-project/data/cache/reconstruction/metrics/04401088/27085a2456319497f1cb19f636b1c2bd/9a9df3af2febde7d40d78920.json,11.34037099973284
04401088/27085a2456319497f1cb19f636b1c2bd,vggt,3,"[0, 25, 34]",0.13670315758452156,0.2393380798105368,0.34197300203655207,0.03557268244575937,0.0,0.0,1.9948518362422538,0.1831,0.0,0.0,0.0197,0.0,0.0,camera_pose_sim3,2.8067742597569167,0.35052221289060054,10000,10000,True,False,True,/content/cv3d-project/data/cache/reconstruction/predictions/04401088/27085a2456319497f1cb19f636b1c2bd/10d4b8299948908df5137153.npz,e34d12ac6c16c3c5ff50ee695a6a81cc9707aeb5c0c2dd83f807163237f0d47b,/content/cv3d-project/data/cache/reconstruction/metrics/04401088/27085a2456319497f1cb19f636b1c2bd/24f99f7d8b7269c34e317f96.json,11.774351999974897
04401088/27085a2456319497f1cb19f636b1c2bd,vggt,5,"[0, 25, 34, 41, 33]",0.051641437912175014,0.09269817586059043,0.13375491380900584,0.6213552078307024,0.061418489767113615,0.10901779359430605,1.9948518362422538,1.0,0.0967,0.1734,0.4507,0.045,0.0795,camera_pose_sim3,3.03154833273656,0.18057048560990258,10000,10000,True,False,True,/content/cv3d-project/data/cache/reconstruction/predictions/04401088/27085a2456319497f1cb19f636b1c2bd/8c33a23dd6e3560d4cd01fb5.npz,2693f99113715a1090bc115874737dbd95c91755c59703e12b8339ba208a29d8,/content/cv3d-project/data/cache/reconstruction/metrics/04401088/27085a2456319497f1cb19f636b1c2bd/d7b2ed9b5172e61248adf320.json,11.546903999715141
04401088/27085a2456319497f1cb19f636b1c2bd,vggt,10,"[0, 25, 34, 41, 33, 36, 28, 44, 27, 37]",0.06784755346401942,0.08143169153581942,0.09501582960761941,0.6757189109639441,0.0,0.004468468468468469,1.9948518362422538,0.979,0.0,0.0031,0.5159,0.0,0.008,camera_pose_sim3,3.0473257782566243,0.1278116550593053,10000,10000,True,False,True,/content/cv3d-project/data/cache/reconstruction/predictions/04401088/27085a2456319497f1cb19f636b1c2bd/5f2b072b1186b7b357a4d1d1.npz,388e0556ad21b9c44c3a0a113ce5ca52426402684aa4d3234b4c57c3188cf138,/content/cv3d-project/data/cache/reconstruction/metrics/04401088/27085a2456319497f1cb19f636b1c2bd/f14085f6c308173c9dfcbfa5.json,12.262047000149323
04401088/271421566061988a93d9d97ff82834ba,vggt,1,[0],1.918326263894293,1.9499166930502472,1.9815071222062013,0.0,0.0,0.0,2.0000058359224746,0.0,0.0,0.0,0.0,0.0,0.0,camera_rotation_center_and_target_diameter_scale_single_view,6.717140536925795,0.0,10000,10000,True,True,True,/content/cv3d-project/data/cache/reconstruction/predictions/04401088/271421566061988a93d9d97ff82834ba/13fe9ad72586a086be7d2a42.npz,105968a4c02e74d5af140deb19c0de08dab9547609ada4e6abd0d254b02f9df7,/content/cv3d-project/data/cache/reconstruction/metrics/04401088/271421566061988a93d9d97ff82834ba/63f9f75aaf3f843eaac4e000.json,3.9918610000313492
04401088/271421566061988a93d9d97ff82834ba,vggt,2,"[0, 44]",0.035994052165842255,0.0765241125966141,0.11705417302738595,0.6812607147566926,0.000175,0.003477124183006536,2.0000058359224746,1.0,0.0007,0.0133,0.5166,0.0001,0.002,camera_pose_sim3,2.699563267565629,0.05459032841900961,10000,10000,True,False,True,/content/cv3d-project/data/cache/reconstruction/predictions/04401088/271421566061988a93d9d97ff82834ba/99d32d4f0f91f73702429140.npz,04cd2dca7e6f7955fcbb81bcd9178418fe1fb4ff8b0a12fd560fa330531b1eb0,/content/cv3d-project/data/cache/reconstruction/metrics/04401088/271421566061988a93d9d97ff82834ba/d09718526e877f6fddf4f75a.json,11.908123000011983
04401088/271421566061988a93d9d97ff82834ba,vggt,3,"[0, 44, 37]",0.01965695471695387,0.06412817265619351,0.10859939059543315,0.6341596667349587,0.09504702300405955,0.2440534213685474,2.0000058359224746,1.0,0.2361,0.6845,0.4643,0.0595,0.1485,camera_pose_sim3,2.6015450194434973,0.07125461973086895,10000,10000,True,False,True,/content/cv3d-project/data/cache/reconstruction/predictions/04401088/271421566061988a93d9d97ff82834ba/2c04dda121cff29e9cc4f592.npz,f5949973eedfa62417c3fe2ad1b1f12cce723f0855760111aa15d5df12bbcd32,/content/cv3d-project/data/cache/reconstruction/metrics/04401088/271421566061988a93d9d97ff82834ba/25b493fd072cfa34b40944ee.json,11.54640599997947
04401088/271421566061988a93d9d97ff82834ba,vggt,5,"[0, 44, 37, 29, 39]",0.027811140626562477,0.06785930636105593,0.10790747209554939,0.7074258385574873,0.1306104973893927,0.2077770361804064,2.0000058359224746,1.0,0.2786,0.4721,0.5473,0.0853,0.1332,camera_pose_sim3,2.5542360610588752,0.13093967998190725,10000,10000,True,False,True,/content/cv3d-project/data/cache/reconstruction/predictions/04401088/271421566061988a93d9d97ff82834ba/86b6d378fe908098c6cf49cb.npz,6be3a9399720a185d32fab40035f49d9924e7a051ae61fa4956a4b0777db0de4,/content/cv3d-project/data/cache/reconstruction/metrics/04401088/271421566061988a93d9d97ff82834ba/59ea59dffcfbf0fe10835029.json,11.417500999868935
04401088/271421566061988a93d9d97ff82834ba,vggt,10,"[0, 44, 37, 29, 39, 32, 40, 33, 23, 15]",0.030312924669546534,0.07043467677990589,0.11055642889026525,0.7266823709174254,0.04150753768844221,0.13802077348066297,2.0000058359224746,1.0,0.07,0.2692,0.5707,0.0295,0.0928,camera_pose_sim3,2.540076180470603,0.16367651643329215,10000,10000,True,False,True,/content/cv3d-project/data/cache/reconstruction/predictions/04401088/271421566061988a93d9d97ff82834ba/ffce4c13b35062578b931872.npz,71cfc5dabba69042935f2a54b4adbf2d61a9ccd5367de5dc135b3030ee957b2f,/content/cv3d-project/data/cache/reconstruction/metrics/04401088/271421566061988a93d9d97ff82834ba/77cc874c40278f538d9027f4.json,11.716019999767013
04530566/1fb578de4aebcd62b249fd16295bbfb,vggt,1,[0],6.890401578338926,7.151822961272641,7.4132443442063565,0.0,0.0,0.0,1.9835313987830252,0.0,0.0,0.0,0.0,0.0,0.0,camera_rotation_center_and_target_diameter_scale_single_view,17.516602845948206,0.0,4285,10000,True,True,True,/content/cv3d-project/data/cache/reconstruction/predictions/04530566/1fb578de4aebcd62b249fd16295bbfb/b2c92b43411dfbbe4c8bc00b.npz,bffb00a8b8b114b67c3e9669e2998e6da39a19ea51e74f0f10f25c286deb4c56,/content/cv3d-project/data/cache/reconstruction/metrics/04530566/1fb578de4aebcd62b249fd16295bbfb/23d14fc0e9d52911560116c0.json,2.9996480002409953
04530566/1fb578de4aebcd62b249fd16295bbfb,vggt,2,"[0, 4]",0.5123366481736357,0.6868950496239441,0.8614534510742524,0.0,0.0,0.0,1.9835313987830252,0.0,0.0,0.0,0.0,0.0,0.0,camera_pose_sim3,0.8048286807761307,0.23600817113804967,10000,10000,True,False,True,/content/cv3d-project/data/cache/reconstruction/predictions/04530566/1fb578de4aebcd62b249fd16295bbfb/fb941c92d70ccde1b83a6f49.npz,8a6232e11439dba08c63f1c0cfc0feb5d2707f1bc914966abcf003e4aaecfa89,/content/cv3d-project/data/cache/reconstruction/metrics/04530566/1fb578de4aebcd62b249fd16295bbfb/b2ff14c6e7738bc03990aa1c.json,11.63932899999054
04530566/1fb578de4aebcd62b249fd16295bbfb,vggt,3,"[0, 4, 18]",0.3654630015254568,0.4297729611429708,0.4940829207604849,0.0,0.0,0.0,1.9835313987830252,0.0,0.0,0.0,0.0,0.0,0.0,camera_pose_sim3,1.4591320032215573,0.8615897482223729,10000,10000,True,False,True,/content/cv3d-project/data/cache/reconstruction/predictions/04530566/1fb578de4aebcd62b249fd16295bbfb/7db096f339c0b6eaa3ae462e.npz,e023a737ccf44f39583d4bfdb8578049d660ffc85e92d3e91e09d4e2280058bb,/content/cv3d-project/data/cache/reconstruction/metrics/04530566/1fb578de4aebcd62b249fd16295bbfb/d33114bd274ed48b28de3bb7.json,12.259456000265345
04530566/1fb578de4aebcd62b249fd16295bbfb,vggt,5,"[0, 4, 18, 26, 25]",0.15255383280012264,0.19234236094733476,0.23213088909454688,0.036646235138705414,0.0,0.0,1.9835313987830252,0.0446,0.0,0.0,0.0311,0.0,0.0,camera_pose_sim3,2.740353736090803,0.33662900047853095,10000,10000,True,False,True,/content/cv3d-project/data/cache/reconstruction/predictions/04530566/1fb578de4aebcd62b249fd16295bbfb/a34a91bda47614be74490651.npz,99d785ae8f6c2fdf53c62c2efb009b914d722b3b0da32f4d9de0702b56d356d0,/content/cv3d-project/data/cache/reconstruction/metrics/04530566/1fb578de4aebcd62b249fd16295bbfb/5db2a20b68ebb626a592bcf1.json,11.61184000011417
04530566/1fb578de4aebcd62b249fd16295bbfb,vggt,10,"[0, 4, 18, 26, 25, 16, 23, 44, 32, 24]",0.4652896903688973,0.48665514567397383,0.5080206009790503,0.0,0.0,0.0,1.9835313987830252,0.0,0.0,0.0,0.0,0.0,0.0,camera_pose_sim3,2.7502984532256765,0.546333307272693,10000,10000,True,False,True,/content/cv3d-project/data/cache/reconstruction/predictions/04530566/1fb578de4aebcd62b249fd16295bbfb/e96207093262a89f3109e6ba.npz,17ae6a0e89fc5996023dc2b58f4af7e057433e90ee107fe06bb9eb91276e38b8,/content/cv3d-project/data/cache/reconstruction/metrics/04530566/1fb578de4aebcd62b249fd16295bbfb/d363c74ef1946430a401c2f2.json,11.997880999842891
04530566/20286f6d7aa7a853b48c6de5e38e3312,vggt,1,[0],3.6893741075080926,3.947983742315702,4.206593377123311,0.0,0.0,0.0,1.9926671488618335,0.0,0.0,0.0,0.0,0.0,0.0,camera_rotation_center_and_target_diameter_scale_single_view,11.139842420826941,0.0,7398,10000,True,True,True,/content/cv3d-project/data/cache/reconstruction/predictions/04530566/20286f6d7aa7a853b48c6de5e38e3312/21412bb4744465e07afebea7.npz,2699025fd23daa3e157cbf818332674d1f04961c2125e36e45341a582e8afc7e,/content/cv3d-project/data/cache/reconstruction/metrics/04530566/20286f6d7aa7a853b48c6de5e38e3312/bbffb4cd5845b47443eec8d3.json,3.3838509998531663
04530566/20286f6d7aa7a853b48c6de5e38e3312,vggt,2,"[0, 5]",0.5958692045829039,0.769149197557742,0.9424291905325801,0.0,0.0,0.0,1.9926671488618335,0.0,0.0,0.0,0.0,0.0,0.0,camera_pose_sim3,0.8900677915586435,0.01057498980144903,10000,10000,True,False,True,/content/cv3d-project/data/cache/reconstruction/predictions/04530566/20286f6d7aa7a853b48c6de5e38e3312/c14e7eed80bd291b2a6bce52.npz,08903cca0c9aef977391d2b59bf38fae780285f5accfc02decd3e8f2744fb964,/content/cv3d-project/data/cache/reconstruction/metrics/04530566/20286f6d7aa7a853b48c6de5e38e3312/238d0952eda872db551bc97f.json,11.457482999958302
04530566/20286f6d7aa7a853b48c6de5e38e3312,vggt,3,"[0, 5, 26]",0.04193057123693588,0.11273559262840609,0.18354061401987629,0.41217735429569635,0.009276021314387213,0.03173149882903982,1.9926671488618335,0.9998,0.0512,0.1531,0.2596,0.0051,0.0177,camera_pose_sim3,2.389537702780173,0.44886697630198563,10000,10000,True,False,True,/content/cv3d-project/data/cache/reconstruction/predictions/04530566/20286f6d7aa7a853b48c6de5e38e3312/c41d5cc6aad9afc31ddccf20.npz,1b8e594af9eec820caf0925afe9f1d748d1480644ca3be9689696005e91ac908,/content/cv3d-project/data/cache/reconstruction/metrics/04530566/20286f6d7aa7a853b48c6de5e38e3312/e6f155f9b641fc8523372c50.json,11.407098999825394
04530566/20286f6d7aa7a853b48c6de5e38e3312,vggt,5,"[0, 5, 26, 18, 32]",0.11599899848616342,0.19511921353864636,0.2742394285911293,0.10861842105263157,0.0,0.0,1.9926671488618335,0.3302,0.0,0.0,0.065,0.0,0.0,camera_pose_sim3,2.706026584659718,0.4588501703553591,10000,10000,True,False,True,/content/cv3d-project/data/cache/reconstruction/predictions/04530566/20286f6d7aa7a853b48c6de5e38e3312/9326e59b15f61b63a5340383.npz,d3ca11aa468c26bf3ad5bb84a41a4ce863e6a7c3b32e79583b0a8560bfbf36b8,/content/cv3d-project/data/cache/reconstruction/metrics/04530566/20286f6d7aa7a853b48c6de5e38e3312/a24c8819de0aacab4803adc5.json,12.864987999819277
04530566/20286f6d7aa7a853b48c6de5e38e3312,vggt,10,"[0, 5, 26, 18, 32, 24, 39, 35, 17, 25]",0.14398212361072835,0.18556294887557134,0.22714377414041434,0.031565625,0.0,0.0,1.9926671488618335,0.0222,0.0,0.0,0.0546,0.0,0.0,camera_pose_sim3,2.541794110396715,0.291929856501535,10000,10000,True,False,True,/content/cv3d-project/data/cache/reconstruction/predictions/04530566/20286f6d7aa7a853b48c6de5e38e3312/22847eafcbaf3d098274cedf.npz,baf37fe86849ffe635065930343b57d2b53f202c990bf494fd30585203a7c6da,/content/cv3d-project/data/cache/reconstruction/metrics/04530566/20286f6d7aa7a853b48c6de5e38e3312/27e0f2f24fc205104cb90fe9.json,12.874764000116556
04530566/203c2cac2c46e06c320fa6e2cd857828,vggt,1,[0],1.3713299245114423,1.4661016180298674,1.5608733115482927,0.0,0.0,0.0,1.9822765698061058,0.0,0.0,0.0,0.0,0.0,0.0,camera_rotation_center_and_target_diameter_scale_single_view,6.311950266082226,0.0,7778,10000,True,True,True,/content/cv3d-project/data/cache/reconstruction/predictions/04530566/203c2cac2c46e06c320fa6e2cd857828/8efc81e2278903ffe6f769e9.npz,c3c17d5d63d444e5cbf252d8944f83f7a66092333fc787ac9f33d11c07cc71aa,/content/cv3d-project/data/cache/reconstruction/metrics/04530566/203c2cac2c46e06c320fa6e2cd857828/51d82f969b3010813511a07f.json,3.5323460001563944
04530566/203c2cac2c46e06c320fa6e2cd857828,vggt,2,"[0, 5]",0.905439383827001,1.0478299872446117,1.1902205906622225,0.0,0.0,0.0,1.9822765698061058,0.0,0.0,0.0,0.0,0.0,0.0,camera_pose_sim3,0.972799539525319,0.10707090048166452,10000,10000,True,False,True,/content/cv3d-project/data/cache/reconstruction/predictions/04530566/203c2cac2c46e06c320fa6e2cd857828/110885ac8da9acecb015ef86.npz,59410fe9d3362150b906ffc88b2d08d198a04cb843593540c2a1c29d1d1fb88c,/content/cv3d-project/data/cache/reconstruction/metrics/04530566/203c2cac2c46e06c320fa6e2cd857828/b5fb092c522f263d4059c49a.json,11.42720100006045
04530566/203c2cac2c46e06c320fa6e2cd857828,vggt,3,"[0, 5, 14]",0.139236763900913,0.2600346206656333,0.38083247743035364,0.004678864353312303,0.0,0.0,1.9822765698061058,0.0927,0.0,0.0,0.0024,0.0,0.0,camera_pose_sim3,1.9293502766791544,0.2335816448129587,10000,10000,True,False,True,/content/cv3d-project/data/cache/reconstruction/predictions/04530566/203c2cac2c46e06c320fa6e2cd857828/0c21f7a0c06d8f4a076b42b8.npz,406826cf2bb8723501bc29769eddebf82a701094618495dca36c8c8944cd39b8,/content/cv3d-project/data/cache/reconstruction/metrics/04530566/203c2cac2c46e06c320fa6e2cd857828/a6d04e12612c971004b46cef.json,11.504174000037892
04530566/203c2cac2c46e06c320fa6e2cd857828,vggt,5,"[0, 5, 14, 22, 31]",0.02168687885855844,0.06889521361544176,0.1161035483723251,0.6356504536462242,0.06436864269517331,0.14282152690863578,1.9822765698061058,1.0,0.2722,0.6387,0.4659,0.0365,0.0804,camera_pose_sim3,2.874087325611001,0.15086154041509858,10000,10000,True,False,True,/content/cv3d-project/data/cache/reconstruction/predictions/04530566/203c2cac2c46e06c320fa6e2cd857828/166239fa32d82359139d61be.npz,7f052ccbfb206f0f1adfd5278d26996bdd9f5651f274205d964e2adfe175f436,/content/cv3d-project/data/cache/reconstruction/metrics/04530566/203c2cac2c46e06c320fa6e2cd857828/2a7895addd5d71cd7de3ed10.json,11.931768000067677
04530566/203c2cac2c46e06c320fa6e2cd857828,vggt,10,"[0, 5, 14, 22, 31, 8, 17, 15, 7, 16]",0.029500255978271266,0.0521444224778337,0.07478858897739613,0.8080338518386078,0.07099727668845315,0.21023610404850382,1.9822765698061058,1.0,0.1355,0.3634,0.6779,0.0481,0.1479,camera_pose_sim3,2.630094109038726,0.10163933101579266,10000,10000,True,False,True,/content/cv3d-project/data/cache/reconstruction/predictions/04530566/203c2cac2c46e06c320fa6e2cd857828/95f9cc37fcbee685e2a78d04.npz,1e8cd7f971b6cfe6843e6d6b03fc6ee0e58c25ddab0f6c52d68c5321b9583204,/content/cv3d-project/data/cache/reconstruction/metrics/04530566/203c2cac2c46e06c320fa6e2cd857828/ac4a422e48d98d80d73ce040.json,11.942663999889191
04530566/203d75b8112369d66a4afad911312b2b,vggt,1,[0],3.1719634249236206,3.2767333544957973,3.3815032840679735,0.0,0.0,0.0,1.949965813901391,0.0,0.0,0.0,0.0,0.0,0.0,camera_rotation_center_and_target_diameter_scale_single_view,9.4016573537935,0.0,8482,10000,True,True,True,/content/cv3d-project/data/cache/reconstruction/predictions/04530566/203d75b8112369d66a4afad911312b2b/bfab3c504764663ddd282971.npz,5802d5bd494f94da07d9c0ff0b2568a8242dca424099ee23b17133d03ec98df1,/content/cv3d-project/data/cache/reconstruction/metrics/04530566/203d75b8112369d66a4afad911312b2b/15853d2a66d779b6aef29150.json,3.5705049999705807
04530566/203d75b8112369d66a4afad911312b2b,vggt,2,"[0, 5]",0.6208996318997245,0.711314524525567,0.8017294171514094,0.0,0.0,0.0,1.949965813901391,0.0,0.0,0.0,0.0,0.0,0.0,camera_pose_sim3,1.240373955594378,0.06333583939132593,10000,10000,True,False,True,/content/cv3d-project/data/cache/reconstruction/predictions/04530566/203d75b8112369d66a4afad911312b2b/e3a9a4b697761d15409872f9.npz,b8e6a5d8a94c4d5021f5a09b519d4155bd0a71416781ae19cc52221f0d79dc41,/content/cv3d-project/data/cache/reconstruction/metrics/04530566/203d75b8112369d66a4afad911312b2b/2e7a77880c1147678a9ad6ff.json,12.292710000110674
04530566/203d75b8112369d66a4afad911312b2b,vggt,3,"[0, 5, 26]",0.11340716082011855,0.17356029825594715,0.23371343569177577,0.08093672383205205,0.0,0.0,1.949965813901391,0.2912,0.0,0.0,0.047,0.0,0.0,camera_pose_sim3,2.2116823283472202,0.43640698515885756,10000,10000,True,False,True,/content/cv3d-project/data/cache/reconstruction/predictions/04530566/203d75b8112369d66a4afad911312b2b/ac5e19ec2e59723165e1b25b.npz,113f2d09a36f11c76a64567e967de032ca527e4d8ca8d5606fd4f635d41948ca,/content/cv3d-project/data/cache/reconstruction/metrics/04530566/203d75b8112369d66a4afad911312b2b/bce657f281a12d0aa1390625.json,12.076943000010942
04530566/203d75b8112369d66a4afad911312b2b,vggt,5,"[0, 5, 26, 18, 19]",0.2853365939124235,0.3769794707315341,0.4686223475506447,0.0,0.0,0.0,1.949965813901391,0.0,0.0,0.0,0.0,0.0,0.0,camera_pose_sim3,1.1441375671221155,0.9254117997835256,10000,10000,True,False,True,/content/cv3d-project/data/cache/reconstruction/predictions/04530566/203d75b8112369d66a4afad911312b2b/dc0d6efe830fdbac6cefe78b.npz,9d1f44b8924f68f50ad34bec3bef9a938f16066f6d8c4b4b09229fc5d3b8ad91,/content/cv3d-project/data/cache/reconstruction/metrics/04530566/203d75b8112369d66a4afad911312b2b/1b9964fc5a4cc72d5caf10df.json,11.57399500016254
04530566/203d75b8112369d66a4afad911312b2b,vggt,10,"[0, 5, 26, 18, 19, 25, 34, 44, 33, 40]",0.15783559133512484,0.193542899414754,0.22925020749438318,0.0939584869059166,0.0,0.0,1.949965813901391,0.1338,0.0,0.0,0.0724,0.0,0.0,camera_pose_sim3,2.7077061986706448,0.4075912212118242,10000,10000,True,False,True,/content/cv3d-project/data/cache/reconstruction/predictions/04530566/203d75b8112369d66a4afad911312b2b/087c41d5cfea6f936e1d04bc.npz,525fad1eabec68e1c7d346a486a04eba089cd8d11f263e10e704a916053556fd,/content/cv3d-project/data/cache/reconstruction/metrics/04530566/203d75b8112369d66a4afad911312b2b/688157656263edd3ce8ba8a9.json,12.015632999919035
04530566/206c86e4cf614dd5d03c0ce6ad42cc93,vggt,1,[0],4.025421880321193,4.24439095807749,4.463360035833788,0.0,0.0,0.0,1.9774507387618692,0.0,0.0,0.0,0.0,0.0,0.0,camera_rotation_center_and_target_diameter_scale_single_view,11.613174833390806,0.0,7989,10000,True,True,True,/content/cv3d-project/data/cache/reconstruction/predictions/04530566/206c86e4cf614dd5d03c0ce6ad42cc93/2d2231cb6cfd3343b4fed534.npz,ad74bc2e32b36a62bf14b1e6fd077af7ddbd42dc71e5efdb8cd05a41b60b5c53,/content/cv3d-project/data/cache/reconstruction/metrics/04530566/206c86e4cf614dd5d03c0ce6ad42cc93/5526457893b02e22c419aba9.json,3.4447210000507766
04530566/206c86e4cf614dd5d03c0ce6ad42cc93,vggt,2,"[0, 4]",0.2392701116649783,0.41529987558874304,0.5913296395125078,0.0,0.0,0.0,1.9774507387618692,0.0,0.0,0.0,0.0,0.0,0.0,camera_pose_sim3,1.544849952771403,0.021927594449311093,10000,10000,True,False,True,/content/cv3d-project/data/cache/reconstruction/predictions/04530566/206c86e4cf614dd5d03c0ce6ad42cc93/63fd79468156b11d0d8af7cf.npz,c29570dba3b70c9c95745840b30103f71300aab6c1f89b5c55c6d47cb3d501aa,/content/cv3d-project/data/cache/reconstruction/metrics/04530566/206c86e4cf614dd5d03c0ce6ad42cc93/08e2635e4dc218fc42e25c60.json,11.773382999763271
04530566/206c86e4cf614dd5d03c0ce6ad42cc93,vggt,3,"[0, 4, 25]",0.4558824791036022,0.49916317555180867,0.5424438720000152,0.0,0.0,0.0,1.9774507387618692,0.0,0.0,0.0,0.0,0.0,0.0,camera_pose_sim3,2.113735493780866,0.7510043190299523,10000,10000,True,False,True,/content/cv3d-project/data/cache/reconstruction/predictions/04530566/206c86e4cf614dd5d03c0ce6ad42cc93/ad9158f16d1c5bd98bc7704d.npz,b6608865963c627cfe669052e945c31e2cfdecec09b5bb30bf7ff8953dff2e24,/content/cv3d-project/data/cache/reconstruction/metrics/04530566/206c86e4cf614dd5d03c0ce6ad42cc93/f6410cb5ae747ca5d33f251f.json,12.229598999965674
04530566/206c86e4cf614dd5d03c0ce6ad42cc93,vggt,5,"[0, 4, 25, 44, 36]",0.06502914200850918,0.13470568577732564,0.2043822295461421,0.3570069758812616,0.017711627906976748,0.03707806587245971,1.9774507387618692,0.8522,0.0672,0.1208,0.2258,0.0102,0.0219,camera_pose_sim3,2.6011698825735596,0.415681069848125,10000,10000,True,False,True,/content/cv3d-project/data/cache/reconstruction/predictions/04530566/206c86e4cf614dd5d03c0ce6ad42cc93/fdb1ba6d97f59701a133a0d6.npz,cd0db8eda5f7bca98ba21c991dd956dab9c356243606e6dc78fe08fd8318101b,/content/cv3d-project/data/cache/reconstruction/metrics/04530566/206c86e4cf614dd5d03c0ce6ad42cc93/cc02e3cfe75c71d557e99c4d.json,11.985751999873173
04530566/206c86e4cf614dd5d03c0ce6ad42cc93,vggt,10,"[0, 4, 25, 44, 36, 23, 31, 16, 18, 15]",0.05068869468700625,0.10764876993190334,0.16460884517680044,0.5715904318556184,0.05066799336650083,0.10890868974881196,1.9774507387618692,0.9954,0.0844,0.2225,0.4009,0.0362,0.0721,camera_pose_sim3,2.6324608421507176,0.22286574534737263,10000,10000,True,False,True,/content/cv3d-project/data/cache/reconstruction/predictions/04530566/206c86e4cf614dd5d03c0ce6ad42cc93/f0e25eb6d4b7c2e719883ede.npz,49fcc36e3ff8a7b2c6e4d8055f647859cfeb26937fcb8ebaf9045e5fcf555246,/content/cv3d-project/data/cache/reconstruction/metrics/04530566/206c86e4cf614dd5d03c0ce6ad42cc93/c70ae50c11cd50017948430b.json,11.987546999989718
04530566/209213f07114a06a2b249fd16295bbfb,vggt,1,[0],5.755024079415459,5.990041656708716,6.225059234001972,0.0,0.0,0.0,1.9908105854909601,0.0,0.0,0.0,0.0,0.0,0.0,camera_rotation_center_and_target_diameter_scale_single_view,15.245116394890815,0.0,4413,10000,True,True,True,/content/cv3d-project/data/cache/reconstruction/predictions/04530566/209213f07114a06a2b249fd16295bbfb/6d604d8522f71ae70929d99f.npz,d4e1eec6eaeec958b7329404126e99c3ee55ab78d291256a152a7a844d2deb94,/content/cv3d-project/data/cache/reconstruction/metrics/04530566/209213f07114a06a2b249fd16295bbfb/77e403397df9fc8712730d94.json,3.0639420001534745
04530566/209213f07114a06a2b249fd16295bbfb,vggt,2,"[0, 4]",0.0945833228520511,0.2639486177377681,0.4333139126234851,0.055540420854271355,0.0,0.0,1.9908105854909601,0.6077,0.0,0.0,0.0291,0.0,0.0,camera_pose_sim3,1.5968189269652222,0.06722390165307415,10000,10000,True,False,True,/content/cv3d-project/data/cache/reconstruction/predictions/04530566/209213f07114a06a2b249fd16295bbfb/bc0047ce035d9c80390c6193.npz,22d319aee8f4851ee0a0717e83a9e83cfeacf01653f9800646a14301204ca759,/content/cv3d-project/data/cache/reconstruction/metrics/04530566/209213f07114a06a2b249fd16295bbfb/6629e084f5230de7e000a8a1.json,11.263571999734268
04530566/209213f07114a06a2b249fd16295bbfb,vggt,3,"[0, 4, 18]",0.048565974141238644,0.10099485430656005,0.15342373447188146,0.4123934011766577,0.012111,0.0316160518444666,1.9908105854909601,0.9979,0.0734,0.1833,0.2599,0.0066,0.0173,camera_pose_sim3,2.5622658583885634,0.1804776005519813,10000,10000,True,False,True,/content/cv3d-project/data/cache/reconstruction/predictions/04530566/209213f07114a06a2b249fd16295bbfb/d6f473f68dfcf417fd5dc4cd.npz,3f2a42f7cb9f751fa0c9591e9263616f72d25d915337f3c97fcf8e48951b9aa0,/content/cv3d-project/data/cache/reconstruction/metrics/04530566/209213f07114a06a2b249fd16295bbfb/bf664a23d3476f8ab46d7cfa.json,11.209611000140285
04530566/209213f07114a06a2b249fd16295bbfb,vggt,5,"[0, 4, 18, 26, 25]",0.028549797145746746,0.08840782624238977,0.1482658553390328,0.5890200213143871,0.05206591814559942,0.10780399328232879,1.9908105854909601,0.9879,0.247,0.4751,0.4196,0.0291,0.0608,camera_pose_sim3,2.237749592539721,0.6598010077360174,10000,10000,True,False,True,/content/cv3d-project/data/cache/reconstruction/predictions/04530566/209213f07114a06a2b249fd16295bbfb/f999cd548ea0613da9da34de.npz,d835c707dc75eda7df6412bfc4811ab0c3f5ada6ce8ac54dbd51235d671f72db,/content/cv3d-project/data/cache/reconstruction/metrics/04530566/209213f07114a06a2b249fd16295bbfb/6880c0b0b91650067b79bec6.json,11.580245999994077
04530566/209213f07114a06a2b249fd16295bbfb,vggt,10,"[0, 4, 18, 26, 25, 7, 16, 8, 17, 35]",0.1469345932154884,0.18180352170948166,0.21667245020347492,0.03134076246334311,0.0,0.0,1.9908105854909601,0.0438,0.0,0.0,0.0244,0.0,0.0,camera_pose_sim3,2.5325241057068766,0.164027752412672,10000,10000,True,False,True,/content/cv3d-project/data/cache/reconstruction/predictions/04530566/209213f07114a06a2b249fd16295bbfb/2c78b91e099f8bfbbe75779c.npz,c75b740dad78bf0d98041b6d77576afcc5d5a2bddad1975fe93ea08e93274b72,/content/cv3d-project/data/cache/reconstruction/metrics/04530566/209213f07114a06a2b249fd16295bbfb/922c8644fab8d9a5e964b4dc.json,12.412034000135463
04530566/209f569f50d42f7e45e2a4e5729b970d,vggt,1,[0],5.123874277998285,5.361927791004172,5.599981304010059,0.0,0.0,0.0,1.9855342464351073,0.0,0.0,0.0,0.0,0.0,0.0,camera_rotation_center_and_target_diameter_scale_single_view,13.93105860944488,0.0,6437,10000,True,True,True,/content/cv3d-project/data/cache/reconstruction/predictions/04530566/209f569f50d42f7e45e2a4e5729b970d/f3aa216cc80f4ccd18e99962.npz,4ba3bdd35d573e3c0498ca219b05bcaa27c9399e1a2aae0ab53275cabfce78a3,/content/cv3d-project/data/cache/reconstruction/metrics/04530566/209f569f50d42f7e45e2a4e5729b970d/4b6383ec4f092746113eb7ed.json,3.477696000118158
04530566/209f569f50d42f7e45e2a4e5729b970d,vggt,2,"[0, 4]",0.3836318420646527,0.5721074989660201,0.7605831558673876,0.0,0.0,0.0,1.9855342464351073,0.0,0.0,0.0,0.0,0.0,0.0,camera_pose_sim3,1.1821541624183352,0.005564942658477693,10000,10000,True,False,True,/content/cv3d-project/data/cache/reconstruction/predictions/04530566/209f569f50d42f7e45e2a4e5729b970d/a2118724cbaa7e595a63d9d3.npz,00fab53033051e8857f848330e962d1d22250c5e0f83647ba8e207a3a7345006,/content/cv3d-project/data/cache/reconstruction/metrics/04530566/209f569f50d42f7e45e2a4e5729b970d/eb1b927a8c0219ea92140bd4.json,12.42153600014717
04530566/209f569f50d42f7e45e2a4e5729b970d,vggt,3,"[0, 4, 18]",0.08021858048977305,0.16846112339192396,0.2567036662940749,0.1961120497999111,0.00016,0.0022222222222222222,1.9855342464351073,0.7876,0.0004,0.002,0.112,0.0001,0.0025,camera_pose_sim3,2.174957395811114,0.37087691235920367,10000,10000,True,False,True,/content/cv3d-project/data/cache/reconstruction/predictions/04530566/209f569f50d42f7e45e2a4e5729b970d/eb435def64db70cfaecc124b.npz,954ff8ef4092557d52da7a80f439b9eb6c3099a1c52732a0db9618bbfcf12653,/content/cv3d-project/data/cache/reconstruction/metrics/04530566/209f569f50d42f7e45e2a4e5729b970d/f042e7121fc72403f61b75d9.json,11.609247000251344
04530566/209f569f50d42f7e45e2a4e5729b970d,vggt,5,"[0, 4, 18, 26, 25]",0.016707493404070434,0.07974567097040078,0.14278384853673112,0.5568944368280541,0.050005285714285724,0.09715233026093728,1.9855342464351073,1.0,0.3933,0.7182,0.3859,0.0267,0.0521,camera_pose_sim3,2.7389939214394987,0.2608067028891081,10000,10000,True,False,True,/content/cv3d-project/data/cache/reconstruction/predictions/04530566/209f569f50d42f7e45e2a4e5729b970d/4b251aa2aa13f90d91493bcc.npz,963a44009aebc66993ddcf2448ab6b02cdf5e2c5cc34de70ef3d96a5b288a53d,/content/cv3d-project/data/cache/reconstruction/metrics/04530566/209f569f50d42f7e45e2a4e5729b970d/ab49c65c442166cc5e70d4b0.json,11.673391000385891
04530566/209f569f50d42f7e45e2a4e5729b970d,vggt,10,"[0, 4, 18, 26, 25, 23, 16, 24, 33, 31]",0.02160059610697335,0.10193611923796737,0.1822716423689614,0.5733647193095085,0.061156507413509066,0.1210215347285411,1.9855342464351073,1.0,0.269,0.592,0.4019,0.0345,0.0674,camera_pose_sim3,2.359350652704457,0.4472990585611866,10000,10000,True,False,True,/content/cv3d-project/data/cache/reconstruction/predictions/04530566/209f569f50d42f7e45e2a4e5729b970d/b294b03a4278572f7a0b9baf.npz,919072e4c33b2edbc71e5929cfac080db502a622a6eb1714366747f3d7f5570f,/content/cv3d-project/data/cache/reconstruction/metrics/04530566/209f569f50d42f7e45e2a4e5729b970d/df031c167d2ecfc5df80106f.json,11.867385000186914
04530566/20c2bcd71abffc2a93add66353cae8ec,vggt,1,[0],3.9558876095045257,4.1357211622237156,4.315554714942906,0.0,0.0,0.0,1.3155214066130416,0.0,0.0,0.0,0.0,0.0,0.0,camera_rotation_center_and_target_diameter_scale_single_view,8.476724015674902,0.0,6705,10000,True,True,True,/content/cv3d-project/data/cache/reconstruction/predictions/04530566/20c2bcd71abffc2a93add66353cae8ec/aa1121613c583381ce0d09df.npz,0d4aa757567561679cdcd84d733f6c7687dac91751a3e6b2655f8ec6aa105a75,/content/cv3d-project/data/cache/reconstruction/metrics/04530566/20c2bcd71abffc2a93add66353cae8ec/cd23d0cd271b4ee6cb376d60.json,3.2878500001061184
04530566/20c2bcd71abffc2a93add66353cae8ec,vggt,2,"[0, 4]",0.4077815206623634,0.577482267418903,0.7471830141754425,0.0,0.0,0.0,1.3155214066130416,0.0,0.0,0.0,0.0,0.0,0.0,camera_pose_sim3,1.6902372225529136,0.21179624188796736,10000,10000,True,False,True,/content/cv3d-project/data/cache/reconstruction/predictions/04530566/20c2bcd71abffc2a93add66353cae8ec/612ea2a778330dad0940645a.npz,2627db695deb38dc5d74f955ba7a23ae1631c9939b094108a3fd3a0c309428bb,/content/cv3d-project/data/cache/reconstruction/metrics/04530566/20c2bcd71abffc2a93add66353cae8ec/2b1bfd8de515564527cf7e44.json,11.351537000336975
04530566/20c2bcd71abffc2a93add66353cae8ec,vggt,3,"[0, 4, 25]",1.3843540010066986,1.4789515801385988,1.573549159270499,0.0,0.0,0.0,1.3155214066130416,0.0,0.0,0.0,0.0,0.0,0.0,camera_pose_sim3,2.64108760517118,1.0571571745566195,10000,10000,True,False,True,/content/cv3d-project/data/cache/reconstruction/predictions/04530566/20c2bcd71abffc2a93add66353cae8ec/c974f31723ade7941ee088db.npz,7888a4d86103ebe35d1c73b9c7ac3c32125a8922586d400a10080f4cde046b21,/content/cv3d-project/data/cache/reconstruction/metrics/04530566/20c2bcd71abffc2a93add66353cae8ec/68a667b1e6666394aa91a00b.json,12.088452000170946
04530566/20c2bcd71abffc2a93add66353cae8ec,vggt,5,"[0, 4, 25, 18, 33]",1.2274111591976204,1.3238874660972235,1.4203637729968268,0.0,0.0,0.0,1.3155214066130416,0.0,0.0,0.0,0.0,0.0,0.0,camera_pose_sim3,1.9603059444986373,1.2680789919030822,10000,10000,True,False,True,/content/cv3d-project/data/cache/reconstruction/predictions/04530566/20c2bcd71abffc2a93add66353cae8ec/67d1ec35f9e0296800304ae9.npz,ce598c5a595b4f203a66da35fd60e0f74c0d6fb4e68925fc16d941f8af427ff0,/content/cv3d-project/data/cache/reconstruction/metrics/04530566/20c2bcd71abffc2a93add66353cae8ec/2531cdbaefeb623a83092271.json,12.418179000178498
04530566/20c2bcd71abffc2a93add66353cae8ec,vggt,10,"[0, 4, 25, 18, 33, 41, 34, 26, 24, 17]",1.159501301059441,1.2083572847718833,1.2572132684843256,0.0,0.0,0.0,1.3155214066130416,0.0,0.0,0.0,0.0,0.0,0.0,camera_pose_sim3,0.5749722563710011,1.6032852806631006,10000,10000,True,False,True,/content/cv3d-project/data/cache/reconstruction/predictions/04530566/20c2bcd71abffc2a93add66353cae8ec/ad869361c0f3e1f112bf807c.npz,f4f891f02b8df1fa3c10c99add9ab9db047c34e8c80efd1a39d517aa67ca38e5,/content/cv3d-project/data/cache/reconstruction/metrics/04530566/20c2bcd71abffc2a93add66353cae8ec/027b461659b434a36ca45512.json,12.213597000027221
04530566/20c2e1a09d00f51294daa4565dd30535,vggt,1,[0],3.4193678333358264,3.657530874786419,3.895693916237011,0.0,0.0,0.0,1.9951444009395753,0.0,0.0,0.0,0.0,0.0,0.0,camera_rotation_center_and_target_diameter_scale_single_view,10.598675559598572,2.2258499667539216e-16,8198,10000,True,True,True,/content/cv3d-project/data/cache/reconstruction/predictions/04530566/20c2e1a09d00f51294daa4565dd30535/c0e3c1cae0af1bf2445b4f4e.npz,8a238e81b5edcb5a017824a768dc83b8cea10721e0581ce825fcfae949ba6ab3,/content/cv3d-project/data/cache/reconstruction/metrics/04530566/20c2e1a09d00f51294daa4565dd30535/365e29769e5be34dc9e93baa.json,3.560620000371273
04530566/20c2e1a09d00f51294daa4565dd30535,vggt,2,"[0, 5]",0.5263224851238475,0.7150469475984153,0.903771410072983,0.0,0.0,0.0,1.9951444009395753,0.0,0.0,0.0,0.0,0.0,0.0,camera_pose_sim3,0.9784763241747412,0.2154604198692351,10000,10000,True,False,True,/content/cv3d-project/data/cache/reconstruction/predictions/04530566/20c2e1a09d00f51294daa4565dd30535/4049c9b803567a10a521f70d.npz,af881ae9d230c9945de3e57c066f27b77cbdec60665929d065578d5cdb6803bd,/content/cv3d-project/data/cache/reconstruction/metrics/04530566/20c2e1a09d00f51294daa4565dd30535/53268ba119bf01dc8db2417b.json,11.34311100031482
04530566/20c2e1a09d00f51294daa4565dd30535,vggt,3,"[0, 5, 17]",0.15486231792729124,0.3050740698405701,0.45528582175384896,0.0,0.0,0.0,1.9951444009395753,0.0,0.0,0.0,0.0,0.0,0.0,camera_pose_sim3,0.8650066455831892,1.022150570816435,10000,10000,True,False,True,/content/cv3d-project/data/cache/reconstruction/predictions/04530566/20c2e1a09d00f51294daa4565dd30535/112ab5bfeaf991d080e6a7f1.npz,fb32f5237696d66fc1357f39ebdea72e702c3002c94ed732a00a9c30453c98f2,/content/cv3d-project/data/cache/reconstruction/metrics/04530566/20c2e1a09d00f51294daa4565dd30535/4ff64f37583ffac9e6983b7e.json,11.337790999732533
04530566/20c2e1a09d00f51294daa4565dd30535,vggt,5,"[0, 5, 17, 25, 31]",1.220456438446751,1.27763935594748,1.334822273448209,0.0,0.0,0.0,1.9951444009395753,0.0,0.0,0.0,0.0,0.0,0.0,camera_pose_sim3,2.315431336155732,1.0052653218992764,10000,10000,True,False,True,/content/cv3d-project/data/cache/reconstruction/predictions/04530566/20c2e1a09d00f51294daa4565dd30535/1daa3ba094e7ef1ef71467a0.npz,4ddc4e976d0d616f3e355313c37285f2b8260b2ed83032a2a0c842f1866338e4,/content/cv3d-project/data/cache/reconstruction/metrics/04530566/20c2e1a09d00f51294daa4565dd30535/940fbe4670025dbbb9fe0ccf.json,11.754793000363861
04530566/20c2e1a09d00f51294daa4565dd30535,vggt,10,"[0, 5, 17, 25, 31, 23, 24, 16, 38, 34]",0.30192601472281133,0.38273735640845663,0.46354869809410193,0.0,0.0,0.0,1.9951444009395753,0.0,0.0,0.0,0.0,0.0,0.0,camera_pose_sim3,1.284227494635392,1.1470644983015053,10000,10000,True,False,True,/content/cv3d-project/data/cache/reconstruction/predictions/04530566/20c2e1a09d00f51294daa4565dd30535/edba6b266d18434f338cc706.npz,657f4867f0bab1d59df2c945cc78b274914896e455f06ab0b593c02299d56324,/content/cv3d-project/data/cache/reconstruction/metrics/04530566/20c2e1a09d00f51294daa4565dd30535/10282ee3442d4406e0cf24c9.json,12.846215000081429
04530566/20d1090d07a49fe927ac692756be9e24,vggt,1,[0],2.594275346606852,2.7031231966500036,2.8119710466931553,0.0,0.0,0.0,1.968368785028542,0.0,0.0,0.0,0.0,0.0,0.0,camera_rotation_center_and_target_diameter_scale_single_view,8.520241533702142,0.0,8030,10000,True,True,True,/content/cv3d-project/data/cache/reconstruction/predictions/04530566/20d1090d07a49fe927ac692756be9e24/eab9a78a53e92996a0aba7ca.npz,a2e30f17e4e71ac1b986bebcaf440ed785a0df9408e5595a1fe801d04d0bb312,/content/cv3d-project/data/cache/reconstruction/metrics/04530566/20d1090d07a49fe927ac692756be9e24/8a95f0aad7ee3b789eaaf9d9.json,3.6449690001063573
04530566/20d1090d07a49fe927ac692756be9e24,vggt,2,"[0, 17]",0.0780527237128626,0.12095134437343347,0.1638499650340043,0.3506911657842832,0.012203389830508475,0.029353900087642416,1.968368785028542,0.7328,0.04,0.0968,0.2305,0.0072,0.0173,camera_pose_sim3,2.599853106279989,0.5937076963053619,10000,10000,True,False,True,/content/cv3d-project/data/cache/reconstruction/predictions/04530566/20d1090d07a49fe927ac692756be9e24/4678a1493bdbc062de32dc6c.npz,747e623713897231a48b2948e8dd49ee76a9ee5043401e7ca2155e7a71a5c5e1,/content/cv3d-project/data/cache/reconstruction/metrics/04530566/20d1090d07a49fe927ac692756be9e24/69fa9d39ff55bab4787c52f3.json,11.716143999819906
04530566/20d1090d07a49fe927ac692756be9e24,vggt,3,"[0, 17, 25]",0.4640604353209593,0.5357028025157478,0.6073451697105361,0.0,0.0,0.0,1.968368785028542,0.0,0.0,0.0,0.0,0.0,0.0,camera_pose_sim3,2.179816071803277,0.590885672913191,10000,10000,True,False,True,/content/cv3d-project/data/cache/reconstruction/predictions/04530566/20d1090d07a49fe927ac692756be9e24/92d40b4af998cbafbb45e387.npz,7134c6605d33a29547fdd9c2b9bb3d5d06220b2c8905a9b0f18e9bdf2f59ae6a,/content/cv3d-project/data/cache/reconstruction/metrics/04530566/20d1090d07a49fe927ac692756be9e24/92c85dda727c78e1c2dc861f.json,11.229615000047488
04530566/20d1090d07a49fe927ac692756be9e24,vggt,5,"[0, 17, 25, 8, 45]",0.1797548979217175,0.26651200151339616,0.3532691051050748,0.034758815232722146,0.0,0.0,1.968368785028542,0.0404,0.0,0.0,0.0305,0.0,0.0,camera_pose_sim3,2.733083005901334,0.4258989537486299,10000,10000,True,False,True,/content/cv3d-project/data/cache/reconstruction/predictions/04530566/20d1090d07a49fe927ac692756be9e24/4bb82672bfc5c4fe62d76f10.npz,3a3f6870a1f4009a9c28202fe0a04350d195e652b61f75522321cebb32244544,/content/cv3d-project/data/cache/reconstruction/metrics/04530566/20d1090d07a49fe927ac692756be9e24/4c37354941dbf7ebb5c9a9bf.json,11.337373000060325
04530566/20d1090d07a49fe927ac692756be9e24,vggt,10,"[0, 17, 25, 8, 45, 38, 31, 34, 39, 41]",0.06429214916425345,0.09425828116680023,0.124224413169347,0.54316994591434,0.018771495327102802,0.042464233576642335,1.968368785028542,0.9946,0.0289,0.0808,0.3736,0.0139,0.0288,camera_pose_sim3,2.760167670949176,0.3623271418293701,10000,10000,True,False,True,/content/cv3d-project/data/cache/reconstruction/predictions/04530566/20d1090d07a49fe927ac692756be9e24/3e4d0cb742a7e6b2fc6f583f.npz,5205b23ed11dadc79f861228b23c8086b6a44e85f8da305219a80f7d721158bc,/content/cv3d-project/data/cache/reconstruction/metrics/04530566/20d1090d07a49fe927ac692756be9e24/966793222f2939983f39124f.json,11.682476000260067
