object_id,policy,acquired_view_count,history_anchor_ids,accuracy_normalized,chamfer_l1_normalized,completeness_normalized,fscore_10pct,fscore_1pct,fscore_2pct,ground_truth_diameter,precision_10pct,precision_1pct,precision_2pct,recall_10pct,recall_1pct,recall_2pct,alignment_mode,alignment_scale,camera_center_rmse_normalized,predicted_point_count,ground_truth_point_count,prediction_cache_hit,metric_cache_hit,ground_truth_cache_hit,prediction_cache_path,prediction_cache_sha256,metric_cache_path,evaluation_ms
02691156/1628b65a9f3cd7c05e9e2656aff7dd5b,farthest,1,[0],2.4314712359847195,2.6256407501207213,2.819810264256723,0.0,0.0,0.0,1.9695251010464678,0.0,0.0,0.0,0.0,0.0,0.0,camera_rotation_center_and_target_diameter_scale_single_view,8.335381420448138,0.0,3865,10000,True,True,True,/content/cv3d-project/data/cache/reconstruction/predictions/02691156/1628b65a9f3cd7c05e9e2656aff7dd5b/0e8fc986e7ef93bd5017ac89.npz,6f577302e5cfd85874856fe4991ac9b47f96755fe8e467fdfb8fd5cf59a49288,/content/cv3d-project/data/cache/reconstruction/metrics/02691156/1628b65a9f3cd7c05e9e2656aff7dd5b/c6a8a196f916ae05a61507cd.json,3.381335000085528
02691156/1628b65a9f3cd7c05e9e2656aff7dd5b,farthest,2,"[0, 46]",0.4608601451240517,0.5422107475828379,0.6235613500416243,0.0,0.0,0.0,1.9695251010464678,0.0,0.0,0.0,0.0,0.0,0.0,camera_pose_sim3,2.6458050562087294,0.3817874706946296,6861,10000,True,False,True,/content/cv3d-project/data/cache/reconstruction/predictions/02691156/1628b65a9f3cd7c05e9e2656aff7dd5b/e9c40270ee24bc29387be0ec.npz,c6e73c8fddd447388aba49e38957eae3dfc986122a7ec690e46ee2d95f4637b8,/content/cv3d-project/data/cache/reconstruction/metrics/02691156/1628b65a9f3cd7c05e9e2656aff7dd5b/88930e210e85037c635ac644.json,483.53698099981557
02691156/1628b65a9f3cd7c05e9e2656aff7dd5b,farthest,3,"[0, 46, 18]",0.30809848953832536,0.3648849675657934,0.4216714455932615,0.0,0.0,0.0,1.9695251010464678,0.0,0.0,0.0,0.0,0.0,0.0,camera_pose_sim3,2.102215145639215,0.7761668492913636,10000,10000,True,False,True,/content/cv3d-project/data/cache/reconstruction/predictions/02691156/1628b65a9f3cd7c05e9e2656aff7dd5b/2144210600282f9ad059de80.npz,981579577cbfcbb2f3e95dffa75075b96a2fa7391371478121912a847b2591e7,/content/cv3d-project/data/cache/reconstruction/metrics/02691156/1628b65a9f3cd7c05e9e2656aff7dd5b/7eefafa9a5b56bd1dd170b5d.json,12.018490000173188
02691156/1628b65a9f3cd7c05e9e2656aff7dd5b,farthest,5,"[0, 46, 18, 28, 16]",0.1827377189702002,0.29807794762075623,0.4134181762713122,0.0,0.0,0.0,1.9695251010464678,0.0,0.0,0.0,0.0,0.0,0.0,camera_pose_sim3,1.7429581918270727,1.049585248588783,10000,10000,True,False,True,/content/cv3d-project/data/cache/reconstruction/predictions/02691156/1628b65a9f3cd7c05e9e2656aff7dd5b/c9d29f777ee2b4f9ec2b3662.npz,4dd645235dca5e2eb86f69f90039871be3f02d5b85200f51f16c6e8c7ab05f0f,/content/cv3d-project/data/cache/reconstruction/metrics/02691156/1628b65a9f3cd7c05e9e2656aff7dd5b/f76f065a876ae8cbefc8fa87.json,11.530973999924754
02691156/1628b65a9f3cd7c05e9e2656aff7dd5b,farthest,10,"[0, 46, 18, 28, 16, 30, 2, 44, 13, 33]",0.01661604319219022,0.09697076785318079,0.17732549251417135,0.4986874539577538,0.17514898538961038,0.28341714223480724,1.9695251010464678,0.9979,0.3789,0.7431,0.3324,0.1139,0.1751,camera_pose_sim3,2.041795635574683,0.8903970922396036,10000,10000,True,False,True,/content/cv3d-project/data/cache/reconstruction/predictions/02691156/1628b65a9f3cd7c05e9e2656aff7dd5b/8869775b650af9fabd838980.npz,45e3e0415137fd0e66859cd637631790f0dd240c7cdb2e0e5b29281df145dd4b,/content/cv3d-project/data/cache/reconstruction/metrics/02691156/1628b65a9f3cd7c05e9e2656aff7dd5b/c3a51392383fcad51bf0bbf9.json,11.760136999782844
02691156/162ed8d0d989f3acc1ccec171a275967,farthest,1,[0],3.434740151264781,3.6306611959814723,3.8265822406981638,0.0,0.0,0.0,1.975076625827974,0.0,0.0,0.0,0.0,0.0,0.0,camera_rotation_center_and_target_diameter_scale_single_view,10.38245973395171,0.0,5955,10000,True,True,True,/content/cv3d-project/data/cache/reconstruction/predictions/02691156/162ed8d0d989f3acc1ccec171a275967/ed5b282c02994a43338b538f.npz,ba28c7bc62f792cee408987f8088322a3e2f3cc621dbc3ac246ff826fa5ad718,/content/cv3d-project/data/cache/reconstruction/metrics/02691156/162ed8d0d989f3acc1ccec171a275967/1d624515c6fb37d4438cc7d2.json,3.3746359999895503
02691156/162ed8d0d989f3acc1ccec171a275967,farthest,2,"[0, 46]",0.635821747111838,0.7011163888749938,0.7664110306381497,0.0,0.0,0.0,1.975076625827974,0.0,0.0,0.0,0.0,0.0,0.0,camera_pose_sim3,2.8593646904515415,0.38760774131576564,10000,10000,True,False,True,/content/cv3d-project/data/cache/reconstruction/predictions/02691156/162ed8d0d989f3acc1ccec171a275967/363b177f82171bf8105054db.npz,65b9566a33e899845ecdb3c57578c6cd81cb2366e8b46847970f06afc4d23c1d,/content/cv3d-project/data/cache/reconstruction/metrics/02691156/162ed8d0d989f3acc1ccec171a275967/2c566c09b1fda9ceb0a63099.json,11.52373200011425
02691156/162ed8d0d989f3acc1ccec171a275967,farthest,3,"[0, 46, 18]",0.9236142795591681,0.9843502331617031,1.0450861867642383,0.0,0.0,0.0,1.975076625827974,0.0,0.0,0.0,0.0,0.0,0.0,camera_pose_sim3,2.115506747744153,0.9882860899074309,10000,10000,True,False,True,/content/cv3d-project/data/cache/reconstruction/predictions/02691156/162ed8d0d989f3acc1ccec171a275967/9fccce618c719fe4b38f71fe.npz,0b9b5a2abc160b8db1f65f209688246c6cddfdf79f01918b03cc5565e4766a36,/content/cv3d-project/data/cache/reconstruction/metrics/02691156/162ed8d0d989f3acc1ccec171a275967/cf4ae60bfc683be3bd1c6725.json,11.824918999991496
02691156/162ed8d0d989f3acc1ccec171a275967,farthest,5,"[0, 46, 18, 28, 16]",0.36010226310143495,0.4390627388701698,0.5180232146389046,0.0,0.0,0.0,1.975076625827974,0.0,0.0,0.0,0.0,0.0,0.0,camera_pose_sim3,2.663372782601833,0.7273678088718218,10000,10000,True,False,True,/content/cv3d-project/data/cache/reconstruction/predictions/02691156/162ed8d0d989f3acc1ccec171a275967/35db483ca00374affe0493ae.npz,4be71952bb1aac1f79fe416188e8ddbc80c929a485ee616b8b6dfdb09e959ffa,/content/cv3d-project/data/cache/reconstruction/metrics/02691156/162ed8d0d989f3acc1ccec171a275967/142713881e7cb561fa076777.json,13.63961000015479
02691156/162ed8d0d989f3acc1ccec171a275967,farthest,10,"[0, 46, 18, 28, 16, 30, 2, 44, 13, 33]",0.3007590123012969,0.38514141416237735,0.4695238160234578,0.0,0.0,0.0,1.975076625827974,0.0,0.0,0.0,0.0,0.0,0.0,camera_pose_sim3,2.332029924778719,0.8013783819003253,10000,10000,True,False,True,/content/cv3d-project/data/cache/reconstruction/predictions/02691156/162ed8d0d989f3acc1ccec171a275967/28d3344984065c97df2912dc.npz,dc1e54574125f0acabad324ad987ca20cecaf90c75c6f109ec5eaeb1a225313b,/content/cv3d-project/data/cache/reconstruction/metrics/02691156/162ed8d0d989f3acc1ccec171a275967/d99b56c775cc264e69c60476.json,12.393065000196657
02691156/1659db64bbf46bcdc1955ee4b5680e91,farthest,1,[0],1.7061548052816635,1.8294742162500237,1.952793627218384,0.0,0.0,0.0,1.9633879235889395,0.0,0.0,0.0,0.0,0.0,0.0,camera_rotation_center_and_target_diameter_scale_single_view,6.701581284226973,0.0,4577,10000,True,True,True,/content/cv3d-project/data/cache/reconstruction/predictions/02691156/1659db64bbf46bcdc1955ee4b5680e91/cae8a06979e57a1c0c95b5c5.npz,2a12f077ed9144c3936745ae48d72ab6806db8b965898d076e430b0d0d7d76a9,/content/cv3d-project/data/cache/reconstruction/metrics/02691156/1659db64bbf46bcdc1955ee4b5680e91/4c665bbe5eecf3833af625e4.json,3.3106930000030843
02691156/1659db64bbf46bcdc1955ee4b5680e91,farthest,2,"[0, 46]",0.7891581468877863,0.8829167326612701,0.9766753184347539,0.0,0.0,0.0,1.9633879235889395,0.0,0.0,0.0,0.0,0.0,0.0,camera_pose_sim3,3.0316917958956435,0.5707592195377628,9305,10000,True,False,True,/content/cv3d-project/data/cache/reconstruction/predictions/02691156/1659db64bbf46bcdc1955ee4b5680e91/55af6133417a66200f10d56b.npz,e73705b71a3d1de7798ecd2191728881c07717adee64e6145afbe6edc69c4031,/content/cv3d-project/data/cache/reconstruction/metrics/02691156/1659db64bbf46bcdc1955ee4b5680e91/46965aedf16f7bd5c97a012d.json,11.282860000392247
02691156/1659db64bbf46bcdc1955ee4b5680e91,farthest,3,"[0, 46, 18]",3.764338252886748,3.8999714994060577,4.035604745925367,0.0,0.0,0.0,1.9633879235889395,0.0,0.0,0.0,0.0,0.0,0.0,camera_pose_sim3_positive_scale_fallback,4.981157293993663,0.5630912221365463,10000,10000,True,False,True,/content/cv3d-project/data/cache/reconstruction/predictions/02691156/1659db64bbf46bcdc1955ee4b5680e91/58e76745f1655bf7672925f2.npz,0aaf124c1b80f86d8a44de347f23932ef24ddb5ce83b033c5ff7e5ae2efc8407,/content/cv3d-project/data/cache/reconstruction/metrics/02691156/1659db64bbf46bcdc1955ee4b5680e91/990fc2c65d1af3526b48c988.json,11.856402999910642
02691156/1659db64bbf46bcdc1955ee4b5680e91,farthest,5,"[0, 46, 18, 28, 16]",0.266744295978956,0.3896695682782221,0.5125948405774882,0.0,0.0,0.0,1.9633879235889395,0.0,0.0,0.0,0.0,0.0,0.0,camera_pose_sim3,1.9112149488793564,0.9824647529349451,10000,10000,True,False,True,/content/cv3d-project/data/cache/reconstruction/predictions/02691156/1659db64bbf46bcdc1955ee4b5680e91/6ef4d7ae64f668a8d489677f.npz,5e427308437675a7bb9f0ec0779c12b85d7b9d1a114a00c745f560756729098d,/content/cv3d-project/data/cache/reconstruction/metrics/02691156/1659db64bbf46bcdc1955ee4b5680e91/55588ebc91de8211f99d2afc.json,12.097991000246111
02691156/1659db64bbf46bcdc1955ee4b5680e91,farthest,10,"[0, 46, 18, 28, 16, 30, 2, 44, 13, 33]",0.48308899382593984,0.5339582614757088,0.5848275291254778,0.0,0.0,0.0,1.9633879235889395,0.0,0.0,0.0,0.0,0.0,0.0,camera_pose_sim3,1.5568092259032886,1.1032869973140846,10000,10000,True,False,True,/content/cv3d-project/data/cache/reconstruction/predictions/02691156/1659db64bbf46bcdc1955ee4b5680e91/ab717ed8e1f0bdcb36784fe5.npz,fe5a21cd32f1b93402911f4044b821ea900325f6a19626f47e2eb018aef44a7e,/content/cv3d-project/data/cache/reconstruction/metrics/02691156/1659db64bbf46bcdc1955ee4b5680e91/3b9cf1173192b7fb5c2edb22.json,13.198108000324282
02691156/165c4491d10067b3bd46d022fd7d80aa,farthest,1,[0],3.472516998375446,3.661369570995097,3.8502221436147477,0.0,0.0,0.0,1.9813481803313522,0.0,0.0,0.0,0.0,0.0,0.0,camera_rotation_center_and_target_diameter_scale_single_view,10.492257716543822,0.0,3409,10000,True,True,True,/content/cv3d-project/data/cache/reconstruction/predictions/02691156/165c4491d10067b3bd46d022fd7d80aa/f41784f57dc33d10d7990bea.npz,ac3a02e37661f473aec68af67d8626aaa31aafa61f8104532d1ef65869ecf652,/content/cv3d-project/data/cache/reconstruction/metrics/02691156/165c4491d10067b3bd46d022fd7d80aa/8942290c984c9b8fcf0d39e9.json,3.1639540002288413
02691156/165c4491d10067b3bd46d022fd7d80aa,farthest,2,"[0, 46]",0.2539915279493146,0.2850760247767272,0.3161605216041398,0.0,0.0,0.0,1.9813481803313522,0.0,0.0,0.0,0.0,0.0,0.0,camera_pose_sim3,2.7701091860309983,0.0764897369916628,6794,10000,True,False,True,/content/cv3d-project/data/cache/reconstruction/predictions/02691156/165c4491d10067b3bd46d022fd7d80aa/3603880b531f2becc94109f0.npz,2edfc4f5b71039a13335b8b9f016d91dd7e9e78ed508e835ba32b5cbafa4986c,/content/cv3d-project/data/cache/reconstruction/metrics/02691156/165c4491d10067b3bd46d022fd7d80aa/789bf6515cd303d9ac79b179.json,11.754597000162903
02691156/165c4491d10067b3bd46d022fd7d80aa,farthest,3,"[0, 46, 18]",0.2137530386281232,0.2820778904917507,0.35040274235537816,0.0,0.0,0.0,1.9813481803313522,0.0,0.0,0.0,0.0,0.0,0.0,camera_pose_sim3,2.1154866748256858,0.7113486926308441,10000,10000,True,False,True,/content/cv3d-project/data/cache/reconstruction/predictions/02691156/165c4491d10067b3bd46d022fd7d80aa/cb40f7fd4591b37bff08e725.npz,f6e140c3f8dfe794e2672136a236df078a4c8b17c3eaba65eddf72f90ad9efd6,/content/cv3d-project/data/cache/reconstruction/metrics/02691156/165c4491d10067b3bd46d022fd7d80aa/83f04a929e9307e2e816eba6.json,11.962802999732958
02691156/165c4491d10067b3bd46d022fd7d80aa,farthest,5,"[0, 46, 18, 28, 16]",0.25367959864389966,0.30323573128551257,0.35279186392712547,0.0,0.0,0.0,1.9813481803313522,0.0,0.0,0.0,0.0,0.0,0.0,camera_pose_sim3,2.009904353106194,0.9562365026215518,10000,10000,True,False,True,/content/cv3d-project/data/cache/reconstruction/predictions/02691156/165c4491d10067b3bd46d022fd7d80aa/eebb2b0e29b22211eef2ae4f.npz,b54059d139d79a323abd1785bd8094a7bc12e2313f4bf5cb17f93779616a8e53,/content/cv3d-project/data/cache/reconstruction/metrics/02691156/165c4491d10067b3bd46d022fd7d80aa/d043e54158e43b97a5d16aa0.json,12.512323000009928
02691156/165c4491d10067b3bd46d022fd7d80aa,farthest,10,"[0, 46, 18, 28, 16, 30, 2, 44, 13, 33]",0.07168912479034441,0.10953915436298448,0.14738918393562456,0.6608826764057333,0.0032597014925373133,0.004707792207792208,1.9813481803313522,0.9423,0.0028,0.0029,0.5089,0.0039,0.0125,camera_pose_sim3,2.1779538284085906,0.8069539593697205,10000,10000,True,False,True,/content/cv3d-project/data/cache/reconstruction/predictions/02691156/165c4491d10067b3bd46d022fd7d80aa/8d8fb9fd7b5452e67a9d4dad.npz,f31f97c83b93020b6e62c1192f0ceebfaa5e42bf9db6f2e2e0643006533aa8b7,/content/cv3d-project/data/cache/reconstruction/metrics/02691156/165c4491d10067b3bd46d022fd7d80aa/116ce3afb868c865e608e462.json,11.613713999850006
02691156/1667ab313638fb366cf1b4a8fc3914e,farthest,1,[0],1.8668532610171695,2.013085119036904,2.1593169770566387,0.0,0.0,0.0,1.9734344555933698,0.0,0.0,0.0,0.0,0.0,0.0,camera_rotation_center_and_target_diameter_scale_single_view,7.080669578033787,0.0,4017,10000,True,True,True,/content/cv3d-project/data/cache/reconstruction/predictions/02691156/1667ab313638fb366cf1b4a8fc3914e/1a0688cede48969ac0e23ab5.npz,41fc7a7e36a97176b653f3e1285e27bf8684de8c4959454ebbf03f15791d6968,/content/cv3d-project/data/cache/reconstruction/metrics/02691156/1667ab313638fb366cf1b4a8fc3914e/45bd45bc9b79eb19c3583dcb.json,3.045218999886856
02691156/1667ab313638fb366cf1b4a8fc3914e,farthest,2,"[0, 46]",1.1647695598027725,1.2993681739993288,1.433966788195885,0.0,0.0,0.0,1.9734344555933698,0.0,0.0,0.0,0.0,0.0,0.0,camera_pose_sim3,2.24123469025226,0.9944203090035921,7781,10000,True,False,True,/content/cv3d-project/data/cache/reconstruction/predictions/02691156/1667ab313638fb366cf1b4a8fc3914e/c8a91491f9956b83057e9ef6.npz,35303358c798f2faf51e5874c2edd5454c9dbb585e20d77ffe3d477fc7033066,/content/cv3d-project/data/cache/reconstruction/metrics/02691156/1667ab313638fb366cf1b4a8fc3914e/5ff0d868b6e5b003d3e1d107.json,10.281473999839363
02691156/1667ab313638fb366cf1b4a8fc3914e,farthest,3,"[0, 46, 18]",2.6244411044964524,2.749291657069703,2.874142209642954,0.0,0.0,0.0,1.9734344555933698,0.0,0.0,0.0,0.0,0.0,0.0,camera_pose_sim3_positive_scale_fallback,4.282503064202776,1.0302858148766276,10000,10000,True,False,True,/content/cv3d-project/data/cache/reconstruction/predictions/02691156/1667ab313638fb366cf1b4a8fc3914e/d9c73194efedd680eb45df1b.npz,88847bb2513b257dcdaa3abca3ca9c45ead52e78e97490fb5cb00026be19fd6c,/content/cv3d-project/data/cache/reconstruction/metrics/02691156/1667ab313638fb366cf1b4a8fc3914e/ae84b28fecaa514691c83a62.json,11.904325000159588
02691156/1667ab313638fb366cf1b4a8fc3914e,farthest,5,"[0, 46, 18, 28, 16]",0.7008839574412722,0.7333196866699454,0.7657554158986186,0.0,0.0,0.0,1.9734344555933698,0.0,0.0,0.0,0.0,0.0,0.0,camera_pose_sim3,1.3948358620219639,1.27714475009455,10000,10000,True,False,True,/content/cv3d-project/data/cache/reconstruction/predictions/02691156/1667ab313638fb366cf1b4a8fc3914e/5c5d5d594b76cef98ba94011.npz,5a9081337279e3e7f3750b5792a690a1d2f6cf718c716e17b6877e2d4aa828ef,/content/cv3d-project/data/cache/reconstruction/metrics/02691156/1667ab313638fb366cf1b4a8fc3914e/78f4831bd4d19f49f494e754.json,13.483208000252489
02691156/1667ab313638fb366cf1b4a8fc3914e,farthest,10,"[0, 46, 18, 28, 16, 30, 2, 44, 13, 33]",0.16396116661712123,0.1896009100624098,0.21524065350769836,0.03307511045655376,0.0,0.0,1.9734344555933698,0.0285,0.0,0.0,0.0394,0.0,0.0,camera_pose_sim3,1.9138328434481524,0.9724154904217328,10000,10000,True,False,True,/content/cv3d-project/data/cache/reconstruction/predictions/02691156/1667ab313638fb366cf1b4a8fc3914e/11aac1420f899622e9688ca3.npz,178f68658bdca5d9e51b7c281d55bb95af3fef847be0dac4d7062ad6d40e4a1e,/content/cv3d-project/data/cache/reconstruction/metrics/02691156/1667ab313638fb366cf1b4a8fc3914e/fa798eae7af1519acccf92c7.json,12.677115000315098
02691156/16689e54c884aa01639c7058eaf33ae,farthest,1,[0],3.1214683341339473,3.316285322695265,3.511102311256583,0.0,0.0,0.0,1.9853224444323758,0.0,0.0,0.0,0.0,0.0,0.0,camera_rotation_center_and_target_diameter_scale_single_view,9.759694740613213,0.0,5626,10000,True,True,True,/content/cv3d-project/data/cache/reconstruction/predictions/02691156/16689e54c884aa01639c7058eaf33ae/997ec6ab414066c05360f9a8.npz,f5249ad4fcd9a833e78d4e7dcd91b1112d8b5a405d9eaa22b90b5db58ab7a412,/content/cv3d-project/data/cache/reconstruction/metrics/02691156/16689e54c884aa01639c7058eaf33ae/9e140bd2228ce9569963143b.json,3.5473479997563118
02691156/16689e54c884aa01639c7058eaf33ae,farthest,2,"[0, 46]",0.10924888780551478,0.14544782224239158,0.18164675667926838,0.2049708309990663,0.0,0.0,1.9853224444323758,0.3974,0.0,0.0,0.1381,0.0,0.0,camera_pose_sim3,2.5625146753765278,0.03505085550765508,10000,10000,True,False,True,/content/cv3d-project/data/cache/reconstruction/predictions/02691156/16689e54c884aa01639c7058eaf33ae/631c8eaf287dadb3c1fd5126.npz,86ffe735049f0a5427a3430036dd3eba8feefd6a7688f9defc6b02a60ccc8916,/content/cv3d-project/data/cache/reconstruction/metrics/02691156/16689e54c884aa01639c7058eaf33ae/fc9aa1c1dbe88e160b26cc1b.json,12.054627999987133
02691156/16689e54c884aa01639c7058eaf33ae,farthest,3,"[0, 46, 18]",0.2772587104780326,0.37871769583640086,0.48017668119476914,0.0,0.0,0.0,1.9853224444323758,0.0,0.0,0.0,0.0,0.0,0.0,camera_pose_sim3,1.4500447034802608,0.8600290110511185,10000,10000,True,False,True,/content/cv3d-project/data/cache/reconstruction/predictions/02691156/16689e54c884aa01639c7058eaf33ae/6ce0ce6adf3daec1472cb93b.npz,c6d4f6c33d90f201f5b994512a001287c0b0e00e30109beda7f275d51004c4b3,/content/cv3d-project/data/cache/reconstruction/metrics/02691156/16689e54c884aa01639c7058eaf33ae/66ea8c9c08f9f1cfb06c7b2f.json,11.589056000048004
02691156/16689e54c884aa01639c7058eaf33ae,farthest,5,"[0, 46, 18, 28, 16]",0.09520271502991239,0.19378968096225113,0.29237664689458986,0.07201238467552776,0.0,0.0,1.9853224444323758,0.6012,0.0,0.0,0.0383,0.0,0.0,camera_pose_sim3,0.6529226131942042,1.2917153886422972,10000,10000,True,False,True,/content/cv3d-project/data/cache/reconstruction/predictions/02691156/16689e54c884aa01639c7058eaf33ae/15e8be4b952f5b09d6f182fd.npz,82fa9cd8e353acaf6124a9242721636d6624e964477b2f003dc74e2ffc91d619,/content/cv3d-project/data/cache/reconstruction/metrics/02691156/16689e54c884aa01639c7058eaf33ae/5b267136935c2d25a74e206e.json,12.214721999953326
02691156/16689e54c884aa01639c7058eaf33ae,farthest,10,"[0, 46, 18, 28, 16, 30, 2, 44, 13, 33]",0.06142618828899158,0.13942074859182146,0.21741530889465135,0.2246760347959086,0.00272,0.008296874999999999,1.9853224444323758,0.9181,0.0068,0.0531,0.128,0.0017,0.0045,camera_pose_sim3,1.1768145574850488,1.2131666255634517,10000,10000,True,False,True,/content/cv3d-project/data/cache/reconstruction/predictions/02691156/16689e54c884aa01639c7058eaf33ae/46925541fca67d2e3cb02bcb.npz,05b385d3aa485a64635c75a11a199f7f6ee1caf3ff2d9cba2e8305342fdbf91b,/content/cv3d-project/data/cache/reconstruction/metrics/02691156/16689e54c884aa01639c7058eaf33ae/bdc52bdc390f4cb70c22e7c2.json,12.77123899990329
02691156/166d333d38897d1513d521050081b441,farthest,1,[0],2.7753223027742013,2.926968860592317,3.078615418410433,0.0,0.0,0.0,1.9026407415460824,0.0,0.0,0.0,0.0,0.0,0.0,camera_rotation_center_and_target_diameter_scale_single_view,8.533177944671701,0.0,5974,10000,True,True,True,/content/cv3d-project/data/cache/reconstruction/predictions/02691156/166d333d38897d1513d521050081b441/2ad5ae3b6dfcdb8963ca1d01.npz,d9080c0f94f1ab2a59dc7c38888c68510d8efc50179861786615adc4f853dc9b,/content/cv3d-project/data/cache/reconstruction/metrics/02691156/166d333d38897d1513d521050081b441/eeb0f51387b054ccecd8644f.json,3.2853759998943133
02691156/166d333d38897d1513d521050081b441,farthest,2,"[0, 46]",0.2139690597572861,0.234389729535596,0.2548103993139059,0.0,0.0,0.0,1.9026407415460824,0.0,0.0,0.0,0.0,0.0,0.0,camera_pose_sim3,2.892053388874185,0.17488127603941123,10000,10000,True,False,True,/content/cv3d-project/data/cache/reconstruction/predictions/02691156/166d333d38897d1513d521050081b441/68d3a32dff9916f2223bcda8.npz,b0558ec615540c9c7ac54b35fef82e6ea3b3d8312ee02ead1b6e13798140fdff,/content/cv3d-project/data/cache/reconstruction/metrics/02691156/166d333d38897d1513d521050081b441/2c290f33cbae818b7b5c8aa2.json,11.424850999901537
02691156/166d333d38897d1513d521050081b441,farthest,3,"[0, 46, 18]",0.25847505412300925,0.32632333591929574,0.3941716177155823,0.0,0.0,0.0,1.9026407415460824,0.0,0.0,0.0,0.0,0.0,0.0,camera_pose_sim3,1.9487146138556313,0.8572380197813056,10000,10000,True,False,True,/content/cv3d-project/data/cache/reconstruction/predictions/02691156/166d333d38897d1513d521050081b441/f70e0d5be740cf8a4e854c8f.npz,b9a7454582a5ce653104db8cf15e8d23cdb4156aaba3ab9383f3c9344b41bf96,/content/cv3d-project/data/cache/reconstruction/metrics/02691156/166d333d38897d1513d521050081b441/a617f3cb410dcc33e7458dd8.json,12.82326299997294
02691156/166d333d38897d1513d521050081b441,farthest,5,"[0, 46, 18, 28, 16]",0.21786885746747153,0.3149759209482263,0.41208298442898106,0.0,0.0,0.0,1.9026407415460824,0.0,0.0,0.0,0.0,0.0,0.0,camera_pose_sim3,1.2372095445436952,1.2317264292801327,10000,10000,True,False,True,/content/cv3d-project/data/cache/reconstruction/predictions/02691156/166d333d38897d1513d521050081b441/be3e79607f736e50fe90c4db.npz,7a4a093d51d9ade4e267896ab09b119e5745b8934074b00c93c5353ffb4925d0,/content/cv3d-project/data/cache/reconstruction/metrics/02691156/166d333d38897d1513d521050081b441/5df08ebe4cf9188a5fde45b2.json,12.513298000158102
02691156/166d333d38897d1513d521050081b441,farthest,10,"[0, 46, 18, 28, 16, 30, 2, 44, 13, 33]",0.03907975708363867,0.09207977185008981,0.14507978661654095,0.4445466445340289,0.0066721991701244815,0.0299404054054054,1.9026407415460824,0.9774,0.0201,0.1311,0.2877,0.004,0.0169,camera_pose_sim3,1.4222187025342479,1.2098812661250182,10000,10000,True,False,True,/content/cv3d-project/data/cache/reconstruction/predictions/02691156/166d333d38897d1513d521050081b441/37732925d7e1e0ac51cc7021.npz,812b1d86baea359c6cea167e8d6abb7295ac60515f76402d384d853922a16224,/content/cv3d-project/data/cache/reconstruction/metrics/02691156/166d333d38897d1513d521050081b441/3b21abaec9b6f8bd5fd8306e.json,12.035488999572408
02691156/16715d886ecf0a97ce2cec85ea6ae00d,farthest,1,[0],1.8872785394058056,2.0353984097982742,2.183518280190743,0.0,0.0,0.0,1.9571209480482843,0.0,0.0,0.0,0.0,0.0,0.0,camera_rotation_center_and_target_diameter_scale_single_view,7.105231986670696,0.0,5310,10000,True,True,True,/content/cv3d-project/data/cache/reconstruction/predictions/02691156/16715d886ecf0a97ce2cec85ea6ae00d/671706e915dcfe67ef98bf1b.npz,0dcdabf8bbfde836fd428119cac3851aaff2e3032870570bc1f4cfef6b0c602b,/content/cv3d-project/data/cache/reconstruction/metrics/02691156/16715d886ecf0a97ce2cec85ea6ae00d/cf336dfdc38067f64e5db499.json,3.3238379996873846
02691156/16715d886ecf0a97ce2cec85ea6ae00d,farthest,2,"[0, 46]",0.027766314216995165,0.06443175794281214,0.10109720166862912,0.7227792323903186,0.05016653749621533,0.14134150490102843,1.9571209480482843,1.0,0.22067634812633288,0.3822484005280796,0.5659,0.0283,0.0867,camera_pose_sim3,2.719886319655955,0.05206039146154071,9847,10000,True,False,True,/content/cv3d-project/data/cache/reconstruction/predictions/02691156/16715d886ecf0a97ce2cec85ea6ae00d/ee79cae587eeb33435f80664.npz,96e150f8d20da23051ce37e868130507e4ea0292ffc7cfddfa2ab8f878c5512c,/content/cv3d-project/data/cache/reconstruction/metrics/02691156/16715d886ecf0a97ce2cec85ea6ae00d/934735706ee1aa8dff2f2a6a.json,11.353471000347781
02691156/16715d886ecf0a97ce2cec85ea6ae00d,farthest,3,"[0, 46, 18]",0.43183847555713006,0.47296100696464394,0.5140835383721578,0.0,0.0,0.0,1.9571209480482843,0.0,0.0,0.0,0.0,0.0,0.0,camera_pose_sim3,2.220093668579147,0.8628623215710252,10000,10000,True,False,True,/content/cv3d-project/data/cache/reconstruction/predictions/02691156/16715d886ecf0a97ce2cec85ea6ae00d/8aa997183cce717d1f4cfe2d.npz,bae854aae02507db2a7cd31b9105652d017c91430c3d576062bef3c5ffe63654,/content/cv3d-project/data/cache/reconstruction/metrics/02691156/16715d886ecf0a97ce2cec85ea6ae00d/38b276fd836eb974a73964d5.json,11.149621000186016
02691156/16715d886ecf0a97ce2cec85ea6ae00d,farthest,5,"[0, 46, 18, 28, 16]",0.15706024299749385,0.19600749920881255,0.23495475542013125,0.07044286653517423,0.0,0.0,1.9571209480482843,0.0554,0.0,0.0,0.0967,0.0,0.0,camera_pose_sim3,2.3867351237434686,0.8131364681646789,10000,10000,True,False,True,/content/cv3d-project/data/cache/reconstruction/predictions/02691156/16715d886ecf0a97ce2cec85ea6ae00d/b0d780cf5b42e0c3c5a3cff0.npz,0f6b9bfe2cdc6d03e3f68dd095a4836d46a89ff07aec6b6b94ce32c00a8418c8,/content/cv3d-project/data/cache/reconstruction/metrics/02691156/16715d886ecf0a97ce2cec85ea6ae00d/3f6a05816a9104fd5425b03d.json,11.267998000221269
02691156/16715d886ecf0a97ce2cec85ea6ae00d,farthest,10,"[0, 46, 18, 28, 16, 30, 2, 44, 13, 33]",0.05712142270974731,0.10579750417616796,0.1544735856425886,0.5371526503374536,0.009856532066508314,0.026978654708520178,1.9571209480482843,0.9432,0.0364,0.0958,0.3755,0.0057,0.0157,camera_pose_sim3,2.620521279543206,0.6553279490193881,10000,10000,True,False,True,/content/cv3d-project/data/cache/reconstruction/predictions/02691156/16715d886ecf0a97ce2cec85ea6ae00d/b92a48f8524510ea505b5622.npz,c9bfa646c71d28ee7c5d288e1127831e05693928f6a86b6922016d7b0a9ba004,/content/cv3d-project/data/cache/reconstruction/metrics/02691156/16715d886ecf0a97ce2cec85ea6ae00d/7602a9cd6ce0473d03dad977.json,11.903752000307577
02691156/167250e2014c72dbb87697d3904b168b,farthest,1,[0],1.966907929033635,2.1359264217812037,2.3049449145287726,0.0,0.0,0.0,1.9850216439124209,0.0,0.0,0.0,0.0,0.0,0.0,camera_rotation_center_and_target_diameter_scale_single_view,7.340494186239266,0.0,4953,10000,True,True,True,/content/cv3d-project/data/cache/reconstruction/predictions/02691156/167250e2014c72dbb87697d3904b168b/78e4cc57b424103326acfd91.npz,d905eef83f76e22d2090a5bcb03f1690ccaecfbe1ce9507b7d2245a70e2a7131,/content/cv3d-project/data/cache/reconstruction/metrics/02691156/167250e2014c72dbb87697d3904b168b/5a778bfdd5a2bce4d6b7ae67.json,3.289150000000518
02691156/167250e2014c72dbb87697d3904b168b,farthest,2,"[0, 46]",0.11781666434596769,0.1601054960221066,0.20239432769824556,0.14617146212984872,0.0,0.0,1.9850216439124209,0.2453136851229819,0.0,0.0,0.1041,0.0,0.0,camera_pose_sim3,2.7408167156422483,0.054700770263407,9229,10000,True,False,True,/content/cv3d-project/data/cache/reconstruction/predictions/02691156/167250e2014c72dbb87697d3904b168b/42f87b319bf61ecfe12cc49a.npz,eee64b6fb4a79501b95537bb23d71cbae6df0af8d517fb8cd5355d6fa0a48201,/content/cv3d-project/data/cache/reconstruction/metrics/02691156/167250e2014c72dbb87697d3904b168b/cb68f59705c72348a635a299.json,11.305300999993051
02691156/167250e2014c72dbb87697d3904b168b,farthest,3,"[0, 46, 18]",0.40095820541689736,0.459518664954335,0.5180791244917726,0.0,0.0,0.0,1.9850216439124209,0.0,0.0,0.0,0.0,0.0,0.0,camera_pose_sim3,2.104139483017644,0.783290306203878,10000,10000,True,False,True,/content/cv3d-project/data/cache/reconstruction/predictions/02691156/167250e2014c72dbb87697d3904b168b/093c1c6cc05fbb5421b6b645.npz,c63ccea1f9b8f761cc1d017822aa15824397db78757dc6958c07a738de974011,/content/cv3d-project/data/cache/reconstruction/metrics/02691156/167250e2014c72dbb87697d3904b168b/40fbcdf16e6cbde93f810d44.json,11.735876999864558
02691156/167250e2014c72dbb87697d3904b168b,farthest,5,"[0, 46, 18, 28, 16]",0.27328846022941294,0.34234910181311806,0.4114097433968232,0.0,0.0,0.0,1.9850216439124209,0.0,0.0,0.0,0.0,0.0,0.0,camera_pose_sim3,2.5055453213124887,0.7003861998800167,10000,10000,True,False,True,/content/cv3d-project/data/cache/reconstruction/predictions/02691156/167250e2014c72dbb87697d3904b168b/ca9382fb1802ca800fe99850.npz,9f3ad30680010ac1fa9cb5c5ab78785a1671efc438210586dbc309d1ec578f5f,/content/cv3d-project/data/cache/reconstruction/metrics/02691156/167250e2014c72dbb87697d3904b168b/ee51c62bfe9f7608e1a61456.json,12.074377999852004
02691156/167250e2014c72dbb87697d3904b168b,farthest,10,"[0, 46, 18, 28, 16, 30, 2, 44, 13, 33]",0.03790854610407669,0.09413981063898938,0.15037107517390205,0.6162257657657658,0.06986363636363636,0.13390396547073105,1.9850216439124209,0.9971,0.1305,0.283,0.4459,0.0477,0.0877,camera_pose_sim3,2.329897059019784,0.7402551535467914,10000,10000,True,False,True,/content/cv3d-project/data/cache/reconstruction/predictions/02691156/167250e2014c72dbb87697d3904b168b/a62e504c5698db72267f2f67.npz,45ea92133c3a9f8db0c554f6b20cecfc50ae7206c62276bd251ec89769a00b10,/content/cv3d-project/data/cache/reconstruction/metrics/02691156/167250e2014c72dbb87697d3904b168b/7bf9d875262f34be30ca5b47.json,12.255768999693828
02691156/167740d2a5f5cb6c7f4561609781d8c9,farthest,1,[0],4.89971107076398,5.080663812504962,5.261616554245945,0.0,0.0,0.0,1.9153200409410096,0.0,0.0,0.0,0.0,0.0,0.0,camera_rotation_center_and_target_diameter_scale_single_view,12.939381465782091,0.0,3969,10000,True,True,True,/content/cv3d-project/data/cache/reconstruction/predictions/02691156/167740d2a5f5cb6c7f4561609781d8c9/102d34f051f08744d24f0840.npz,6d3969dd238657114f4d7eb6769fd250710876f1f4a185137f91faa3dbe7d8ab,/content/cv3d-project/data/cache/reconstruction/metrics/02691156/167740d2a5f5cb6c7f4561609781d8c9/b5be0c7d26a35450435543be.json,3.092703999755031
02691156/167740d2a5f5cb6c7f4561609781d8c9,farthest,2,"[0, 46]",0.30942786640202846,0.3560193024286397,0.40261073845525097,0.0,0.0,0.0,1.9153200409410096,0.0,0.0,0.0,0.0,0.0,0.0,camera_pose_sim3,2.979896977596941,0.13065451083364793,7125,10000,True,False,True,/content/cv3d-project/data/cache/reconstruction/predictions/02691156/167740d2a5f5cb6c7f4561609781d8c9/fa3c13a2817fc2fe15e59863.npz,ff70d4dc85982da50b98d2f9fd56d7412f310570a7219b342f6bea24c4fd17cd,/content/cv3d-project/data/cache/reconstruction/metrics/02691156/167740d2a5f5cb6c7f4561609781d8c9/8fe9cc7d56cfb7966f5814f7.json,10.63280099970143
02691156/167740d2a5f5cb6c7f4561609781d8c9,farthest,3,"[0, 46, 18]",0.4732168409092652,0.5006605201666281,0.5281041994239909,0.0,0.0,0.0,1.9153200409410096,0.0,0.0,0.0,0.0,0.0,0.0,camera_pose_sim3,2.97687972344109,0.4561706591614849,10000,10000,True,False,True,/content/cv3d-project/data/cache/reconstruction/predictions/02691156/167740d2a5f5cb6c7f4561609781d8c9/6dcf688c53d5b4e32da548ee.npz,489c5e7591483d6192b6910a2adfd3c2eb9ee5cbc2320a5c8cc267b4594c72fc,/content/cv3d-project/data/cache/reconstruction/metrics/02691156/167740d2a5f5cb6c7f4561609781d8c9/a9de67b4c862e92dede5c308.json,11.718625999947108
02691156/167740d2a5f5cb6c7f4561609781d8c9,farthest,5,"[0, 46, 18, 28, 16]",0.4670891068815768,0.4901637021611363,0.5132382974406958,0.0,0.0,0.0,1.9153200409410096,0.0,0.0,0.0,0.0,0.0,0.0,camera_pose_sim3,2.5687526589950647,0.7920377244199032,10000,10000,True,False,True,/content/cv3d-project/data/cache/reconstruction/predictions/02691156/167740d2a5f5cb6c7f4561609781d8c9/8940d4268dca0985d308f9bb.npz,c7d46f26b44dec58e549251c250d2f6d481526e5ab44b8d22595e1c888f97f7a,/content/cv3d-project/data/cache/reconstruction/metrics/02691156/167740d2a5f5cb6c7f4561609781d8c9/f5918d5a1201d881da1af019.json,11.798670000189304
02691156/167740d2a5f5cb6c7f4561609781d8c9,farthest,10,"[0, 46, 18, 28, 16, 30, 2, 44, 13, 33]",0.026300762505540858,0.06718178192750913,0.10806280134947742,0.7226976625367225,0.1332572027239392,0.24783532821330242,1.9153200409410096,1.0,0.2958,0.5282,0.5658,0.086,0.1619,camera_pose_sim3,2.6445663514135656,0.43531493398212523,10000,10000,True,False,True,/content/cv3d-project/data/cache/reconstruction/predictions/02691156/167740d2a5f5cb6c7f4561609781d8c9/792d2595df2aa44741b50f24.npz,c35c7a13610e4a612547ee5b0d30ea5972445679faee0b45004b0f7da5664e65,/content/cv3d-project/data/cache/reconstruction/metrics/02691156/167740d2a5f5cb6c7f4561609781d8c9/df7cb3f6e6e56414d0bdb670.json,12.37765500036403
02828884/1b9ddee986099bb78880edc6251fa529,farthest,1,[0],0.86207980019053,0.9159679203271784,0.9698560404638269,0.0,0.0,0.0,1.9999222837012909,0.0,0.0,0.0,0.0,0.0,0.0,camera_rotation_center_and_target_diameter_scale_single_view,4.720022176791655,0.0,10000,10000,True,True,True,/content/cv3d-project/data/cache/reconstruction/predictions/02828884/1b9ddee986099bb78880edc6251fa529/5749087548243d0594fddeb2.npz,fa3dc1fa8c10444e5f96b85edafa77537c63c666cbcab3c65271df97646ec000,/content/cv3d-project/data/cache/reconstruction/metrics/02828884/1b9ddee986099bb78880edc6251fa529/a44d3539825c7a3a44b8e09d.json,3.9896970001791487
02828884/1b9ddee986099bb78880edc6251fa529,farthest,2,"[0, 46]",1521.9775982640776,1514.6507144338377,1507.3238306035978,0.0,0.0,0.0,1.9999222837012909,0.0,0.0,0.0,0.0,0.0,0.0,camera_pose_sim3,3052.8162997138784,1.3136859094871807,10000,10000,True,False,True,/content/cv3d-project/data/cache/reconstruction/predictions/02828884/1b9ddee986099bb78880edc6251fa529/bb8669b09c53a4499e54a976.npz,a95b82e9de786b24c5a549871e9e74a3c4e67b145aee1330ab5bcd601ae8474e,/content/cv3d-project/data/cache/reconstruction/metrics/02828884/1b9ddee986099bb78880edc6251fa529/d1bf156018916e75b514d55b.json,12.070350000158214
02828884/1b9ddee986099bb78880edc6251fa529,farthest,3,"[0, 46, 18]",0.44600473431137044,0.5432693764242431,0.6405340185371157,0.0,0.0,0.0,1.9999222837012909,0.0,0.0,0.0,0.0,0.0,0.0,camera_pose_sim3,1.0523118852214528,1.1971002422889456,10000,10000,True,False,True,/content/cv3d-project/data/cache/reconstruction/predictions/02828884/1b9ddee986099bb78880edc6251fa529/1b6e2d8a98441303141a5175.npz,c33fed02e5d9f6a0bd6cf3b27236c8f1e24f38971aa3729cd9dd7332434ddd86,/content/cv3d-project/data/cache/reconstruction/metrics/02828884/1b9ddee986099bb78880edc6251fa529/bff3fe6edddcdad26e6052c0.json,11.203495999779989
02828884/1b9ddee986099bb78880edc6251fa529,farthest,5,"[0, 46, 18, 28, 16]",0.4239127553764624,0.49391825502520925,0.5639237546739562,0.0,0.0,0.0,1.9999222837012909,0.0,0.0,0.0,0.0,0.0,0.0,camera_pose_sim3,1.343007069595723,1.2028039729547255,10000,10000,True,False,True,/content/cv3d-project/data/cache/reconstruction/predictions/02828884/1b9ddee986099bb78880edc6251fa529/57eb68f07b05057cc7504264.npz,7149534bf44750fffc2bcb92f7dcf7b21969c32775e44f93fc33b551f75fd941,/content/cv3d-project/data/cache/reconstruction/metrics/02828884/1b9ddee986099bb78880edc6251fa529/3846c5cb1d02c044f5860959.json,11.29911699990771
02828884/1b9ddee986099bb78880edc6251fa529,farthest,10,"[0, 46, 18, 28, 16, 30, 2, 44, 13, 33]",0.770707276368195,0.8603216034656418,0.9499359305630887,0.0,0.0,0.0,1.9999222837012909,0.0,0.0,0.0,0.0,0.0,0.0,camera_pose_sim3,1.3441656408010458,1.1965793108231626,10000,10000,True,False,True,/content/cv3d-project/data/cache/reconstruction/predictions/02828884/1b9ddee986099bb78880edc6251fa529/b7e5838f5dad5a55cd11571a.npz,2bfa5bbaeac307bd0ee3a51e4ce3f8f34e9a45389e0cb45f6d81560605ed173a,/content/cv3d-project/data/cache/reconstruction/metrics/02828884/1b9ddee986099bb78880edc6251fa529/716dd15e019bbacf485f56c9.json,11.575985000035871
02828884/1bace34d2c1dc49b3b5ee89f1f802f5a,farthest,1,[0],1.2894427501931696,1.3647095093124435,1.4399762684317174,0.0,0.0,0.0,1.996486009003384,0.0,0.0,0.0,0.0,0.0,0.0,camera_rotation_center_and_target_diameter_scale_single_view,5.644574639718875,0.0,10000,10000,True,True,True,/content/cv3d-project/data/cache/reconstruction/predictions/02828884/1bace34d2c1dc49b3b5ee89f1f802f5a/bb956e233ff8670b635eac9d.npz,520f01c64fc769fc141d6cb70fe3a3cb91858f652982d0b5060ec4c7670cfd96,/content/cv3d-project/data/cache/reconstruction/metrics/02828884/1bace34d2c1dc49b3b5ee89f1f802f5a/10c7dd1a0da94a6c4f104c0f.json,3.8185779999366787
02828884/1bace34d2c1dc49b3b5ee89f1f802f5a,farthest,2,"[0, 46]",0.7484306012271814,0.8628079841316119,0.9771853670360424,0.0,0.0,0.0,1.996486009003384,0.0,0.0,0.0,0.0,0.0,0.0,camera_pose_sim3,3.5155705146080956,0.0809467056675414,10000,10000,True,False,True,/content/cv3d-project/data/cache/reconstruction/predictions/02828884/1bace34d2c1dc49b3b5ee89f1f802f5a/023e912bc1fb3f2d807c3c76.npz,677065ec97d24782773414dd2a0e867938ab7a6f5ba7e6a9e8c9cbfdf1310f6a,/content/cv3d-project/data/cache/reconstruction/metrics/02828884/1bace34d2c1dc49b3b5ee89f1f802f5a/6facd020fcef32cd730da964.json,10.71753299993361
02828884/1bace34d2c1dc49b3b5ee89f1f802f5a,farthest,3,"[0, 46, 18]",0.29861067498191396,0.4008877525277953,0.5031648300736766,0.0,0.0,0.0,1.996486009003384,0.0,0.0,0.0,0.0,0.0,0.0,camera_pose_sim3,1.4548886558955272,0.9324527362461461,10000,10000,True,False,True,/content/cv3d-project/data/cache/reconstruction/predictions/02828884/1bace34d2c1dc49b3b5ee89f1f802f5a/5f342641ec0aac50f2b4c7e1.npz,fb6e4e2d4fd9a0ac86942bb6c7ef21cf72a2388340598f8d54e28d55e2dc2f91,/content/cv3d-project/data/cache/reconstruction/metrics/02828884/1bace34d2c1dc49b3b5ee89f1f802f5a/4cbd25aabda0844a3fa51c9c.json,10.812803000135318
02828884/1bace34d2c1dc49b3b5ee89f1f802f5a,farthest,5,"[0, 46, 18, 28, 16]",0.26478831742821946,0.364994757199008,0.4652011969697965,0.0,0.0,0.0,1.996486009003384,0.0,0.0,0.0,0.0,0.0,0.0,camera_pose_sim3,1.287695378312109,1.1372764470873193,10000,10000,True,False,True,/content/cv3d-project/data/cache/reconstruction/predictions/02828884/1bace34d2c1dc49b3b5ee89f1f802f5a/ce41d91399d1de29d8d4ec72.npz,8af2c4d5c60aab5acad592a16c6a279cc50ecfed9abe8e195de118a591a38b95,/content/cv3d-project/data/cache/reconstruction/metrics/02828884/1bace34d2c1dc49b3b5ee89f1f802f5a/3ff284aea54bcd062bded4b1.json,10.818014000051335
02828884/1bace34d2c1dc49b3b5ee89f1f802f5a,farthest,10,"[0, 46, 18, 28, 16, 30, 2, 44, 13, 33]",0.038154024481119826,0.060067415942677616,0.0819808074042354,0.8196593709353199,0.06101201520912548,0.17443165311653117,1.996486009003384,0.9941,0.0834,0.2276,0.6973,0.0481,0.1414,camera_pose_sim3,2.5553174406949264,0.5133294868191736,10000,10000,True,False,True,/content/cv3d-project/data/cache/reconstruction/predictions/02828884/1bace34d2c1dc49b3b5ee89f1f802f5a/ad6fff71a0a602309708f0d0.npz,b04a03c61e5deee2ca5fd9687d3236fb56d35a2327cb8a505429be79d499b10e,/content/cv3d-project/data/cache/reconstruction/metrics/02828884/1bace34d2c1dc49b3b5ee89f1f802f5a/b318ea857663c923c700cb28.json,11.328004999995755
02828884/1bb14f4633ad52e3ae944a46a2846086,farthest,1,[0],1.7574220209733225,1.8243447560429544,1.8912674911125866,0.0,0.0,0.0,1.9973045736966766,0.0,0.0,0.0,0.0,0.0,0.0,camera_rotation_center_and_target_diameter_scale_single_view,6.517435337767745,0.0,10000,10000,True,True,True,/content/cv3d-project/data/cache/reconstruction/predictions/02828884/1bb14f4633ad52e3ae944a46a2846086/de80530c6844bdec24a3062f.npz,c236b41b789119dce2b3c2759acb9a3897aeb83fe83e843e484e34b79401d743,/content/cv3d-project/data/cache/reconstruction/metrics/02828884/1bb14f4633ad52e3ae944a46a2846086/00d55bd2a5b5f7eb504b9c25.json,3.832628000054683
02828884/1bb14f4633ad52e3ae944a46a2846086,farthest,2,"[0, 46]",0.023846197628109654,0.08367772931746942,0.14350926100682918,0.5985565132086048,0.03245362462760675,0.06396670882873766,1.9973045736966766,1.0,0.1836,0.3602,0.4271,0.0178,0.0351,camera_pose_sim3,2.6847511225635348,0.03853267313890267,10000,10000,True,False,True,/content/cv3d-project/data/cache/reconstruction/predictions/02828884/1bb14f4633ad52e3ae944a46a2846086/67f9a4ce517ab8cc678d61c2.npz,9ff729591602284865f7b9234a5ff537a5212bec387dc642f2a0bf97158c1a9c,/content/cv3d-project/data/cache/reconstruction/metrics/02828884/1bb14f4633ad52e3ae944a46a2846086/03cafae6430359af060a7f3a.json,10.682289999749628
02828884/1bb14f4633ad52e3ae944a46a2846086,farthest,3,"[0, 46, 18]",0.27777422775299143,0.36883131257153107,0.4598883973900707,0.0,0.0,0.0,1.9973045736966766,0.0,0.0,0.0,0.0,0.0,0.0,camera_pose_sim3,1.3803429900552742,0.9421977201201326,10000,10000,True,False,True,/content/cv3d-project/data/cache/reconstruction/predictions/02828884/1bb14f4633ad52e3ae944a46a2846086/57b7e645688ecf48bfeca245.npz,6ee330bd28a6da7d7964306bc8c8b7666c92da2f4c5396e31c6be2c41cb378c3,/content/cv3d-project/data/cache/reconstruction/metrics/02828884/1bb14f4633ad52e3ae944a46a2846086/aca81ce36a30edb2c872b857.json,10.771031000331277
02828884/1bb14f4633ad52e3ae944a46a2846086,farthest,5,"[0, 46, 18, 28, 16]",0.06614622467725548,0.14866087077944112,0.2311755168816268,0.16827468496849685,0.00264,0.015784290738569753,1.9973045736966766,0.7947,0.011,0.0765,0.0941,0.0015,0.0088,camera_pose_sim3,2.0018252475757183,0.8380200488419605,10000,10000,True,False,True,/content/cv3d-project/data/cache/reconstruction/predictions/02828884/1bb14f4633ad52e3ae944a46a2846086/422289fd81fe897a0d874ee8.npz,de570ecc23081fc12aedefc9e832c0f55b48636e453fb80111eec7cc40557015,/content/cv3d-project/data/cache/reconstruction/metrics/02828884/1bb14f4633ad52e3ae944a46a2846086/40645c14febb23bb6f319441.json,10.772310999982437
02828884/1bb14f4633ad52e3ae944a46a2846086,farthest,10,"[0, 46, 18, 28, 16, 30, 2, 44, 13, 33]",0.23067286403263434,0.30566285129882864,0.3806528385650229,0.0,0.0,0.0,1.9973045736966766,0.0,0.0,0.0,0.0,0.0,0.0,camera_pose_sim3,1.5165967178305442,1.064175551879887,10000,10000,True,False,True,/content/cv3d-project/data/cache/reconstruction/predictions/02828884/1bb14f4633ad52e3ae944a46a2846086/0f4d7a74e8ca47aba94c364a.npz,b6a1c5d934d9ca95694b2fc2f6ed658afde4bd5fc1d76456c483d1a6c718f3bf,/content/cv3d-project/data/cache/reconstruction/metrics/02828884/1bb14f4633ad52e3ae944a46a2846086/aa9b1dc2a88fb18233ec1940.json,11.124086000108946
02828884/1bdfb8796887adf92056b4bd5d870b47,farthest,1,[0],1.3218953926908148,1.3843223402232963,1.4467492877557777,0.0,0.0,0.0,1.9938103178729814,0.0,0.0,0.0,0.0,0.0,0.0,camera_rotation_center_and_target_diameter_scale_single_view,5.779886056137207,0.0,10000,10000,True,True,True,/content/cv3d-project/data/cache/reconstruction/predictions/02828884/1bdfb8796887adf92056b4bd5d870b47/35614f4a4229671cbe0d6760.npz,b4f83f73abad1787f07eff1af9c1f4a95f10a9ac47f8626b3e8e8edccab54a18,/content/cv3d-project/data/cache/reconstruction/metrics/02828884/1bdfb8796887adf92056b4bd5d870b47/20b5f1fdc3d2e1373f3d6b37.json,3.762729000300169
02828884/1bdfb8796887adf92056b4bd5d870b47,farthest,2,"[0, 46]",0.09882598809573329,0.21997665584968037,0.34112732360362746,0.29517486910994767,0.051974967177242884,0.1048162069807176,1.9938103178729814,0.5421,0.1986,0.348,0.2028,0.0299,0.0617,camera_pose_sim3,2.8095129022242453,0.2590140295295036,10000,10000,True,False,True,/content/cv3d-project/data/cache/reconstruction/predictions/02828884/1bdfb8796887adf92056b4bd5d870b47/1938319fa15812e536f7f72f.npz,9c0812b0bbda38c31c8556650235848067d002260cf7373ca8db96fd082a5cc6,/content/cv3d-project/data/cache/reconstruction/metrics/02828884/1bdfb8796887adf92056b4bd5d870b47/72841e43b7331e3be499bf66.json,10.66403699996954
02828884/1bdfb8796887adf92056b4bd5d870b47,farthest,3,"[0, 46, 18]",0.4653449966374679,0.6483683802342883,0.8313917638311087,0.0,0.0,0.0,1.9938103178729814,0.0,0.0,0.0,0.0,0.0,0.0,camera_pose_sim3,1.2890032955928024,1.1585863398858636,10000,10000,True,False,True,/content/cv3d-project/data/cache/reconstruction/predictions/02828884/1bdfb8796887adf92056b4bd5d870b47/db52b7fd96cebdbade71bca8.npz,f13a6a2fc725f344744bc183df23f5e88cef567f5d5ed769969b676d18f0b004,/content/cv3d-project/data/cache/reconstruction/metrics/02828884/1bdfb8796887adf92056b4bd5d870b47/b2a8c41b4a8fb07de8f8f019.json,10.551389999818639
02828884/1bdfb8796887adf92056b4bd5d870b47,farthest,5,"[0, 46, 18, 28, 16]",0.34860240930957714,0.47043580425850173,0.5922691992074263,0.0,0.0,0.0,1.9938103178729814,0.0,0.0,0.0,0.0,0.0,0.0,camera_pose_sim3,1.0441337175093997,1.2683053371007837,10000,10000,True,False,True,/content/cv3d-project/data/cache/reconstruction/predictions/02828884/1bdfb8796887adf92056b4bd5d870b47/04ba188ca04a30a6f8cfe264.npz,3401fbcf3546e588831bf8bec2ee355d5e31c7b8f3d82c3ded4dd2f12b116be8,/content/cv3d-project/data/cache/reconstruction/metrics/02828884/1bdfb8796887adf92056b4bd5d870b47/9421103c1565570cfad12549.json,10.848945999896387
02828884/1bdfb8796887adf92056b4bd5d870b47,farthest,10,"[0, 46, 18, 28, 16, 30, 2, 44, 13, 33]",0.05942264294719032,0.1341074959320248,0.20879234891685933,0.35820809927056263,0.017732022471910112,0.0540636197440585,1.9938103178729814,0.9732,0.0189,0.0606,0.2195,0.0167,0.0488,camera_pose_sim3,2.3004184731706063,0.6696588923885054,10000,10000,True,False,True,/content/cv3d-project/data/cache/reconstruction/predictions/02828884/1bdfb8796887adf92056b4bd5d870b47/415ee77abad73305891a02bf.npz,618153eb284b53d05f37a334ba12a663b2279c1f4a547e78c19df11c6d97d0d0,/content/cv3d-project/data/cache/reconstruction/metrics/02828884/1bdfb8796887adf92056b4bd5d870b47/fe03a1a4bcffaaaf893fb30a.json,11.221775000194611
02828884/1be0e167a93a1069acb4ead41419080a,farthest,1,[0],2.6262990130353203,2.705756745041234,2.7852144770471474,0.0,0.0,0.0,1.999964694179535,0.0,0.0,0.0,0.0,0.0,0.0,camera_rotation_center_and_target_diameter_scale_single_view,8.533754845050128,0.0,10000,10000,True,True,True,/content/cv3d-project/data/cache/reconstruction/predictions/02828884/1be0e167a93a1069acb4ead41419080a/44ae8484882efbfb5f09c006.npz,5ae0ff81866882706eff91f28ea53064a045a93a7e4382b20f392db072d47534,/content/cv3d-project/data/cache/reconstruction/metrics/02828884/1be0e167a93a1069acb4ead41419080a/a11784942771587d86cc2636.json,3.765450999708264
02828884/1be0e167a93a1069acb4ead41419080a,farthest,2,"[0, 46]",0.07488474567932543,0.12481680685760341,0.17474886803588138,0.397837653368002,0.003006593406593406,0.007924761904761905,1.999964694179535,0.9812,0.0072,0.0157,0.2495,0.0019,0.0053,camera_pose_sim3,2.5568000902228407,0.02043185383593962,10000,10000,True,False,True,/content/cv3d-project/data/cache/reconstruction/predictions/02828884/1be0e167a93a1069acb4ead41419080a/abefa5f89cff3ca4d065f666.npz,bba1f5aca5ee13c8ac7e859f196f1c3a7d293a8d115eace4fe9cb62b2a06a97e,/content/cv3d-project/data/cache/reconstruction/metrics/02828884/1be0e167a93a1069acb4ead41419080a/a8f984e00ee04db85af00f2f.json,10.730368999702478
02828884/1be0e167a93a1069acb4ead41419080a,farthest,3,"[0, 46, 18]",0.37436818333774513,0.4022653780940012,0.4301625728502573,0.0,0.0,0.0,1.999964694179535,0.0,0.0,0.0,0.0,0.0,0.0,camera_pose_sim3,1.957441132774776,0.8055983013358053,10000,10000,True,False,True,/content/cv3d-project/data/cache/reconstruction/predictions/02828884/1be0e167a93a1069acb4ead41419080a/0f1e058c91d11f0e9977a4ae.npz,b015f8f20a46b961b61926110b82b643ebe9fcab5e93663335df73158ea66ea0,/content/cv3d-project/data/cache/reconstruction/metrics/02828884/1be0e167a93a1069acb4ead41419080a/9b2d44aac02b9b1ec70bc565.json,10.656996000307117
02828884/1be0e167a93a1069acb4ead41419080a,farthest,5,"[0, 46, 18, 28, 16]",0.11192463477542322,0.16918295883277557,0.22644128289012788,0.14374212233549583,0.0015483870967741935,0.0035904761904761904,1.999964694179535,0.3405,0.0016,0.0058,0.0911,0.0015,0.0026,camera_pose_sim3,2.0197713819197687,0.865187027268281,10000,10000,True,False,True,/content/cv3d-project/data/cache/reconstruction/predictions/02828884/1be0e167a93a1069acb4ead41419080a/bb4c0a280cae9d92f39d13b5.npz,ceb0c3eaeb73ae0f24ec995261ea14d6e9d734198f6ce2427b62792c0d27314d,/content/cv3d-project/data/cache/reconstruction/metrics/02828884/1be0e167a93a1069acb4ead41419080a/fe707872863e903552d60162.json,10.67891899992901
02828884/1be0e167a93a1069acb4ead41419080a,farthest,10,"[0, 46, 18, 28, 16, 30, 2, 44, 13, 33]",0.06838503500040322,0.10000229581288952,0.13161955662537583,0.5905073556866552,0.015466480446927373,0.0429942726231386,1.999964694179535,0.8996,0.0245,0.049,0.4395,0.0113,0.0383,camera_pose_sim3,2.007533162611495,0.7367577266614501,10000,10000,True,False,True,/content/cv3d-project/data/cache/reconstruction/predictions/02828884/1be0e167a93a1069acb4ead41419080a/169b3a53d04ef2ef0dfceede.npz,768858f9c9c4fffcc39fe57d465f3f9a542ad9e738abb3a069454a284a85e411,/content/cv3d-project/data/cache/reconstruction/metrics/02828884/1be0e167a93a1069acb4ead41419080a/a91498c8486dba9665df14f1.json,11.159529999986262
02828884/1be83cdaf803fa3b827358da75ee7655,farthest,1,[0],1.243470682593662,1.3082345852674355,1.372998487941209,0.0,0.0,0.0,1.9956891685579317,0.0,0.0,0.0,0.0,0.0,0.0,camera_rotation_center_and_target_diameter_scale_single_view,5.53128167425749,0.0,10000,10000,True,True,True,/content/cv3d-project/data/cache/reconstruction/predictions/02828884/1be83cdaf803fa3b827358da75ee7655/2c531d17ee36c876cf289132.npz,a71e69ec7e70d8ae6853e626cbe21c59cfa760f64c09610f69ba7612e07a65ec,/content/cv3d-project/data/cache/reconstruction/metrics/02828884/1be83cdaf803fa3b827358da75ee7655/38284d2909aa3a011d8cd89d.json,3.7818249998053943
02828884/1be83cdaf803fa3b827358da75ee7655,farthest,2,"[0, 46]",0.0498865987631508,0.10753268501323088,0.16517877126331096,0.5822575962427952,0.03067071729957806,0.07908788368336025,1.9956891685579317,0.9935,0.1004,0.1982,0.4118,0.0181,0.0494,camera_pose_sim3,2.583469533497577,0.10557251670673919,10000,10000,True,False,True,/content/cv3d-project/data/cache/reconstruction/predictions/02828884/1be83cdaf803fa3b827358da75ee7655/c386a6586ccc65e9e5ffcd04.npz,f3699453e1ad1b646a6e274e516584f6ac883bc14fb47a0a382e339bf29e153f,/content/cv3d-project/data/cache/reconstruction/metrics/02828884/1be83cdaf803fa3b827358da75ee7655/c55f855355ac9ba3514f8a65.json,10.631240999828151
02828884/1be83cdaf803fa3b827358da75ee7655,farthest,3,"[0, 46, 18]",0.32775818410657287,0.4467855903341644,0.5658129965617559,0.0,0.0,0.0,1.9956891685579317,0.0,0.0,0.0,0.0,0.0,0.0,camera_pose_sim3,2.0735691838520784,0.9047402963650114,10000,10000,True,False,True,/content/cv3d-project/data/cache/reconstruction/predictions/02828884/1be83cdaf803fa3b827358da75ee7655/212725087ef8b70d413dedbc.npz,7c29777e9ed3a0f3dc4e998a08945827e55419ea71ca37c5ec497738214bb265,/content/cv3d-project/data/cache/reconstruction/metrics/02828884/1be83cdaf803fa3b827358da75ee7655/6c2e574d061fd95c4925b08f.json,10.820423000041046
02828884/1be83cdaf803fa3b827358da75ee7655,farthest,5,"[0, 46, 18, 28, 16]",0.38674428454170134,0.4837511688087215,0.5807580530757416,0.0,0.0,0.0,1.9956891685579317,0.0,0.0,0.0,0.0,0.0,0.0,camera_pose_sim3,0.9651817311290753,1.297033894362582,10000,10000,True,False,True,/content/cv3d-project/data/cache/reconstruction/predictions/02828884/1be83cdaf803fa3b827358da75ee7655/d5f910c710ab90d320767e08.npz,91dc52437e647b494e06df970160e7b5b09779f5c6e4cbb014c80ffc7b960f78,/content/cv3d-project/data/cache/reconstruction/metrics/02828884/1be83cdaf803fa3b827358da75ee7655/5598138dcebe78a21640ae2b.json,10.906331000114733
02828884/1be83cdaf803fa3b827358da75ee7655,farthest,10,"[0, 46, 18, 28, 16, 30, 2, 44, 13, 33]",0.14013342484292568,0.18459089266115397,0.22904836047938223,0.09756331914893616,0.0,0.0,1.9956891685579317,0.1659,0.0,0.0,0.0691,0.0,0.0,camera_pose_sim3,2.1467698028213547,0.8367797074276648,10000,10000,True,False,True,/content/cv3d-project/data/cache/reconstruction/predictions/02828884/1be83cdaf803fa3b827358da75ee7655/2505025199eb6e77366ce1cd.npz,8a7c033e94126dcf4ecb27175159212b9717b5ad286fc53a068366baf95f713c,/content/cv3d-project/data/cache/reconstruction/metrics/02828884/1be83cdaf803fa3b827358da75ee7655/aa67909bbb3f0880dd3dfd36.json,11.19438599971545
02828884/1bf5b1fa54aeec162701a18243b45d3,farthest,1,[0],0.9170850899450447,0.9473211806277073,0.9775572713103698,0.0,0.0,0.0,1.9832441808983565,0.0,0.0,0.0,0.0,0.0,0.0,camera_rotation_center_and_target_diameter_scale_single_view,4.8639407297171084,0.0,10000,10000,True,True,True,/content/cv3d-project/data/cache/reconstruction/predictions/02828884/1bf5b1fa54aeec162701a18243b45d3/db1b466b5d83dba4ae0ddbd0.npz,2881c5fbf70c97bee8dc633862560120a77f0a1eb0501e3182ab9ac0d5b0d054,/content/cv3d-project/data/cache/reconstruction/metrics/02828884/1bf5b1fa54aeec162701a18243b45d3/f163061e4eff903c7f88b499.json,3.7117960000614403
02828884/1bf5b1fa54aeec162701a18243b45d3,farthest,2,"[0, 46]",1633.2683353230577,1609.7942053651739,1586.32007540729,0.0,0.0,0.0,1.9832441808983565,0.0,0.0,0.0,0.0,0.0,0.0,camera_pose_sim3_positive_scale_fallback,3263.4935620918077,8.437161969301631e-16,10000,10000,True,False,True,/content/cv3d-project/data/cache/reconstruction/predictions/02828884/1bf5b1fa54aeec162701a18243b45d3/dd94cb297dd5b9027509d71f.npz,33172e7d2ca8eec64e97c43c0b65695315decfadceaa5469e0cea9155e4b3bd3,/content/cv3d-project/data/cache/reconstruction/metrics/02828884/1bf5b1fa54aeec162701a18243b45d3/fffeb1ccf23c764500e98528.json,10.841196000001219
02828884/1bf5b1fa54aeec162701a18243b45d3,farthest,3,"[0, 46, 18]",0.26494137221028385,0.40769486270925936,0.5504483532082348,0.0,0.0,0.0,1.9832441808983565,0.0,0.0,0.0,0.0,0.0,0.0,camera_pose_sim3,1.2187174320029954,1.252194513458765,10000,10000,True,False,True,/content/cv3d-project/data/cache/reconstruction/predictions/02828884/1bf5b1fa54aeec162701a18243b45d3/90c6ff4b1a546a5dc75231f7.npz,79ddefad75ea2d45d6edda9a2c5fbeb2cd28555081a00f0e94fb4b65d65a8eb6,/content/cv3d-project/data/cache/reconstruction/metrics/02828884/1bf5b1fa54aeec162701a18243b45d3/30b08e945d05c24fa0e52221.json,10.720999000113807
02828884/1bf5b1fa54aeec162701a18243b45d3,farthest,5,"[0, 46, 18, 28, 16]",0.9570924640177996,1.0258264609463719,1.0945604578749442,0.0,0.0,0.0,1.9832441808983565,0.0,0.0,0.0,0.0,0.0,0.0,camera_pose_sim3,1.6381685821451346,1.146089466464912,10000,10000,True,False,True,/content/cv3d-project/data/cache/reconstruction/predictions/02828884/1bf5b1fa54aeec162701a18243b45d3/cea69e385ca16fdca1b98d08.npz,67bdecdd74026c1f0ba2641e1095cd25a8bf857850a648c681344474dd844a1f,/content/cv3d-project/data/cache/reconstruction/metrics/02828884/1bf5b1fa54aeec162701a18243b45d3/24ab739fa4db3eb9865ea2b4.json,10.825562999798422
02828884/1bf5b1fa54aeec162701a18243b45d3,farthest,10,"[0, 46, 18, 28, 16, 30, 2, 44, 13, 33]",0.18046086838284595,0.2240209917513712,0.26758111511989646,0.0,0.0,0.0,1.9832441808983565,0.0,0.0,0.0,0.0,0.0,0.0,camera_pose_sim3,2.316748896833591,0.807497296175271,10000,10000,True,False,True,/content/cv3d-project/data/cache/reconstruction/predictions/02828884/1bf5b1fa54aeec162701a18243b45d3/e8d26632ba225657c90e0535.npz,add960d6da5a0ec39361d3685ff2e22bdb742587749ded5afb9eacad2b5f4cab,/content/cv3d-project/data/cache/reconstruction/metrics/02828884/1bf5b1fa54aeec162701a18243b45d3/bbb3f7405b4da4ad14f8543f.json,11.319662000005337
02828884/1c310698c57a3d378fd6b27be619556b,farthest,1,[0],2.525281188971215,2.599678197060241,2.674075205149267,0.0,0.0,0.0,1.9950540985544871,0.0,0.0,0.0,0.0,0.0,0.0,camera_rotation_center_and_target_diameter_scale_single_view,8.038850366443375,0.0,10000,10000,True,True,True,/content/cv3d-project/data/cache/reconstruction/predictions/02828884/1c310698c57a3d378fd6b27be619556b/daf8b923ffd6f48688f56999.npz,2c0fc4268554e92a3f1ddc99cf36a54979a80f63f06d66c635d797095acbc2b7,/content/cv3d-project/data/cache/reconstruction/metrics/02828884/1c310698c57a3d378fd6b27be619556b/56de3b322f2703fe837867bc.json,3.8678470000377274
02828884/1c310698c57a3d378fd6b27be619556b,farthest,2,"[0, 46]",0.0282618832576528,0.08139729882776127,0.13453271439786973,0.5519272036926742,0.05067507418397626,0.13027935296255908,1.9950540985544871,0.9551,0.1725,0.4747,0.3881,0.0297,0.0755,camera_pose_sim3,2.733276847896124,0.033807711036531435,10000,10000,True,False,True,/content/cv3d-project/data/cache/reconstruction/predictions/02828884/1c310698c57a3d378fd6b27be619556b/fd70cb4ebf005ea22bce9406.npz,22a698e024c37bd697ba2f185cbd04d560ef39ae52f4458b89899052a48acb1e,/content/cv3d-project/data/cache/reconstruction/metrics/02828884/1c310698c57a3d378fd6b27be619556b/2c0f57dc22657c078543449e.json,11.497873000280379
02828884/1c310698c57a3d378fd6b27be619556b,farthest,3,"[0, 46, 18]",0.37427702337025687,0.4403582587474315,0.5064394941246062,0.0,0.0,0.0,1.9950540985544871,0.0,0.0,0.0,0.0,0.0,0.0,camera_pose_sim3,1.6983621192997844,0.9035289887714196,10000,10000,True,False,True,/content/cv3d-project/data/cache/reconstruction/predictions/02828884/1c310698c57a3d378fd6b27be619556b/92cbccb4259d3ecb03113839.npz,8f72f091908e3b45fef2be45e5858db99fe356506fa871f46cf0977c1b761fe9,/content/cv3d-project/data/cache/reconstruction/metrics/02828884/1c310698c57a3d378fd6b27be619556b/b12a1af241378eb23c540036.json,12.600857000052201
02828884/1c310698c57a3d378fd6b27be619556b,farthest,5,"[0, 46, 18, 28, 16]",0.12051836185726356,0.1966359891278196,0.27275361639837564,0.10462781831019063,0.0,0.0,1.9950540985544871,0.3638,0.0,0.0,0.0611,0.0,0.0,camera_pose_sim3,1.925410360448962,0.8182366149249574,10000,10000,True,False,True,/content/cv3d-project/data/cache/reconstruction/predictions/02828884/1c310698c57a3d378fd6b27be619556b/9a0c8c6a19377c032a5bf059.npz,1200c9997351d7d7a4cedcdffa971eb6f33e84a4bb2043e9b28582ff6cb066dd,/content/cv3d-project/data/cache/reconstruction/metrics/02828884/1c310698c57a3d378fd6b27be619556b/12db49088306bd5c5f812a43.json,11.896285999682732
02828884/1c310698c57a3d378fd6b27be619556b,farthest,10,"[0, 46, 18, 28, 16, 30, 2, 44, 13, 33]",0.04216164748212691,0.06295055829543511,0.08373946910874332,0.700597053481332,0.09588854489164088,0.2219488362161008,1.9950540985544871,0.9213,0.1068,0.2876,0.5652,0.087,0.1807,camera_pose_sim3,2.75938309022484,0.15546424129992184,10000,10000,True,False,True,/content/cv3d-project/data/cache/reconstruction/predictions/02828884/1c310698c57a3d378fd6b27be619556b/0ed9da4d7274302786e714d4.npz,666ac463e8b018ec5267cf269bfd260c2bbea814fbfa4a5e17487bc334993bcc,/content/cv3d-project/data/cache/reconstruction/metrics/02828884/1c310698c57a3d378fd6b27be619556b/ed63dab889d4041ff056d05d.json,12.932248000197433
02828884/1c47c37d6c785d4fe7fd9a18c19837e5,farthest,1,[0],0.702726821275071,0.7741628858965848,0.8455989505180984,0.0,0.0,0.0,1.9968522502425168,0.0,0.0,0.0,0.0,0.0,0.0,camera_rotation_center_and_target_diameter_scale_single_view,4.524124970949531,0.0,10000,10000,True,True,True,/content/cv3d-project/data/cache/reconstruction/predictions/02828884/1c47c37d6c785d4fe7fd9a18c19837e5/7a74e2a8506b9e6ec8cf0e25.npz,7f20be6f86e1c37263e87c8e0e196800bbf74b67348d8a0679cf7a2c79f442f8,/content/cv3d-project/data/cache/reconstruction/metrics/02828884/1c47c37d6c785d4fe7fd9a18c19837e5/b2666f01a0602a3693632f4b.json,4.022116000214737
02828884/1c47c37d6c785d4fe7fd9a18c19837e5,farthest,2,"[0, 46]",0.021180629630880795,0.06384187530503974,0.10650312097919867,0.6916757125073707,0.09813288168400677,0.2281285990338164,1.9968522502425168,0.9967,0.3564,0.6914,0.5296,0.0569,0.1366,camera_pose_sim3,2.689517466692822,0.025669428844948824,10000,10000,True,False,True,/content/cv3d-project/data/cache/reconstruction/predictions/02828884/1c47c37d6c785d4fe7fd9a18c19837e5/ac80ba5246571935e217454f.npz,d5fb0dc12dedd176381d7390a61efc46ce78f145309e192e516f80abe5a17904,/content/cv3d-project/data/cache/reconstruction/metrics/02828884/1c47c37d6c785d4fe7fd9a18c19837e5/be744af3ffd6e6a7adefca29.json,11.716914999851724
02828884/1c47c37d6c785d4fe7fd9a18c19837e5,farthest,3,"[0, 46, 18]",0.3024282568897201,0.40416561601189266,0.5059029751340652,0.0,0.0,0.0,1.9968522502425168,0.0,0.0,0.0,0.0,0.0,0.0,camera_pose_sim3,1.141845617485507,0.9980447393502969,10000,10000,True,False,True,/content/cv3d-project/data/cache/reconstruction/predictions/02828884/1c47c37d6c785d4fe7fd9a18c19837e5/5905519435da30f7260c953e.npz,03e90d671e6582bef5679ee6b8e28e829087b91734bcaf97c5169cbc6dd1b295,/content/cv3d-project/data/cache/reconstruction/metrics/02828884/1c47c37d6c785d4fe7fd9a18c19837e5/b53113faf18535553452e188.json,12.965910000275471
02828884/1c47c37d6c785d4fe7fd9a18c19837e5,farthest,5,"[0, 46, 18, 28, 16]",0.3142915931086611,0.45184803935166107,0.5894044855946611,0.0,0.0,0.0,1.9968522502425168,0.0,0.0,0.0,0.0,0.0,0.0,camera_pose_sim3,0.5613942531904333,1.2823251237417632,10000,10000,True,False,True,/content/cv3d-project/data/cache/reconstruction/predictions/02828884/1c47c37d6c785d4fe7fd9a18c19837e5/d45332724f09f3e67b581274.npz,666c13f0368edda9a7e80232496ee2f89f950948399c657508b9634f29ddd24c,/content/cv3d-project/data/cache/reconstruction/metrics/02828884/1c47c37d6c785d4fe7fd9a18c19837e5/45416666a0989a6ad09ccf16.json,11.9575700000496
02828884/1c47c37d6c785d4fe7fd9a18c19837e5,farthest,10,"[0, 46, 18, 28, 16, 30, 2, 44, 13, 33]",0.06783409717885427,0.15192512014966664,0.23601614312047897,0.10444514366874248,0.001411764705882353,0.00576551724137931,1.9968522502425168,0.8597,0.0024,0.0228,0.0556,0.001,0.0033,camera_pose_sim3,1.1742146343941169,1.2123283278132337,10000,10000,True,False,True,/content/cv3d-project/data/cache/reconstruction/predictions/02828884/1c47c37d6c785d4fe7fd9a18c19837e5/46596efb3bd813b26c9424e7.npz,1b965435f0b62f867d18b7b70acc4daba65f3f9bd240e5c8de3d1fecb43b7cb4,/content/cv3d-project/data/cache/reconstruction/metrics/02828884/1c47c37d6c785d4fe7fd9a18c19837e5/dced0383e40a0156ea8370d4.json,12.235228999998071
02828884/1c79aa69e4ec26b65dc236dd32108e81,farthest,1,[0],1.0634217299928894,1.1061624292066656,1.1489031284204418,0.0,0.0,0.0,1.9998244447387743,0.0,0.0,0.0,0.0,0.0,0.0,camera_rotation_center_and_target_diameter_scale_single_view,5.080219142752097,0.0,10000,10000,True,True,True,/content/cv3d-project/data/cache/reconstruction/predictions/02828884/1c79aa69e4ec26b65dc236dd32108e81/892bdcd014934db8ba5b75e0.npz,d7a26229e3e037dadb07a003b34cfae127f355d446ceef45f6b59244aba0248e,/content/cv3d-project/data/cache/reconstruction/metrics/02828884/1c79aa69e4ec26b65dc236dd32108e81/463c230b0ca0bc2e444ba9a4.json,3.784429999996064
02828884/1c79aa69e4ec26b65dc236dd32108e81,farthest,2,"[0, 46]",0.015690437361387213,0.0482395427316977,0.08078864810200818,0.8183161004431315,0.1621980492995212,0.3824131309368598,1.9998244447387743,1.0,0.4657,0.8249,0.6925,0.0982,0.2489,camera_pose_sim3,2.7432898262280134,0.041998371080433035,10000,10000,True,False,True,/content/cv3d-project/data/cache/reconstruction/predictions/02828884/1c79aa69e4ec26b65dc236dd32108e81/2015e4f1ccf0964c8bf653bd.npz,14104941e08f8874eb49185d602a9c6c455d8157b55bd4d398240e89e3381df6,/content/cv3d-project/data/cache/reconstruction/metrics/02828884/1c79aa69e4ec26b65dc236dd32108e81/f8c8579d287df5e58b9cb923.json,11.00208100024247
02828884/1c79aa69e4ec26b65dc236dd32108e81,farthest,3,"[0, 46, 18]",0.36663731537305977,0.4281267217949444,0.4896161282168289,0.0,0.0,0.0,1.9998244447387743,0.0,0.0,0.0,0.0,0.0,0.0,camera_pose_sim3,1.1840083381301194,0.984055940399511,10000,10000,True,False,True,/content/cv3d-project/data/cache/reconstruction/predictions/02828884/1c79aa69e4ec26b65dc236dd32108e81/a70c2f55e513d3ad103dfab9.npz,c91b368120c11b022b151122efe43be14967650ddf26b3fe8ec386d660fb17e8,/content/cv3d-project/data/cache/reconstruction/metrics/02828884/1c79aa69e4ec26b65dc236dd32108e81/a00c04eaf73d1a0286a5a7ae.json,11.241365000387304
02828884/1c79aa69e4ec26b65dc236dd32108e81,farthest,5,"[0, 46, 18, 28, 16]",0.14580569999483609,0.24318214509820263,0.34055859020156914,0.0,0.0,0.0,1.9998244447387743,0.0,0.0,0.0,0.0,0.0,0.0,camera_pose_sim3,0.23045528308583949,1.3304988371548667,10000,10000,True,False,True,/content/cv3d-project/data/cache/reconstruction/predictions/02828884/1c79aa69e4ec26b65dc236dd32108e81/bb077289636bd239849c5c97.npz,5e168fb54df1c9d675daf73002a2ac68e06bddce719d3fa3f33977139a4fe59b,/content/cv3d-project/data/cache/reconstruction/metrics/02828884/1c79aa69e4ec26b65dc236dd32108e81/5c4c42dfa35a9ea77f903cdc.json,11.06187499999578
02828884/1c79aa69e4ec26b65dc236dd32108e81,farthest,10,"[0, 46, 18, 28, 16, 30, 2, 44, 13, 33]",0.1104410748258054,0.15800505136808357,0.20556902791036172,0.14210094408133622,0.0,0.0,1.9998244447387743,0.467,0.0,0.0,0.0838,0.0,0.0,camera_pose_sim3,2.048996165257678,0.8928249336938873,10000,10000,True,False,True,/content/cv3d-project/data/cache/reconstruction/predictions/02828884/1c79aa69e4ec26b65dc236dd32108e81/5e11205296a072f1448a6d6e.npz,8890f4966302aa7c87cbf1b3a5c880ded95fd44257a6f7771c9c918e65f2716e,/content/cv3d-project/data/cache/reconstruction/metrics/02828884/1c79aa69e4ec26b65dc236dd32108e81/ab42967831df8b5dd616cddc.json,11.369321000074706
02933112/18d94e539b0ed30d105e720ebc569399,farthest,1,[0],1.945986839075785,2.0299777160731765,2.113968593070568,0.0,0.0,0.0,1.9962585713983276,0.0,0.0,0.0,0.0,0.0,0.0,camera_rotation_center_and_target_diameter_scale_single_view,7.029984925091792,0.0,10000,10000,True,True,True,/content/cv3d-project/data/cache/reconstruction/predictions/02933112/18d94e539b0ed30d105e720ebc569399/a4d7fe16341358ca617dc88f.npz,770d80774e7b6df31a56f05cc6b6fc6de666df910e2944bde999362053875c1c,/content/cv3d-project/data/cache/reconstruction/metrics/02933112/18d94e539b0ed30d105e720ebc569399/49d059b4aa222a5fa50a8c05.json,3.795065999838698
02933112/18d94e539b0ed30d105e720ebc569399,farthest,2,"[0, 46]",0.019873047507168385,0.08927467543932863,0.15867630337148886,0.3796483836992628,0.012052844036697246,0.09325720490150458,1.9962585713983276,1.0,0.0476,0.5941,0.2343,0.0069,0.0506,camera_pose_sim3,2.7541898100795175,0.015565485174543751,10000,10000,True,False,True,/content/cv3d-project/data/cache/reconstruction/predictions/02933112/18d94e539b0ed30d105e720ebc569399/efdbab41293b3da0751bfa41.npz,0c6a56000da9dc29568189abddb9966b40b1e799f075c0a9d631e973aa1802e2,/content/cv3d-project/data/cache/reconstruction/metrics/02933112/18d94e539b0ed30d105e720ebc569399/4217e800f0fc6cb89146e219.json,10.577246000138985
02933112/18d94e539b0ed30d105e720ebc569399,farthest,3,"[0, 46, 18]",0.2461198009826165,0.36705820324539773,0.4879966055081789,0.0,0.0,0.0,1.9962585713983276,0.0,0.0,0.0,0.0,0.0,0.0,camera_pose_sim3,1.3408922187883678,0.9561618323599771,10000,10000,True,False,True,/content/cv3d-project/data/cache/reconstruction/predictions/02933112/18d94e539b0ed30d105e720ebc569399/e690f04e1339faeb915c4f31.npz,e11b7cc183db12afccea9dae714ee620c268204f3c2aa8b60a253db78ad6f753,/content/cv3d-project/data/cache/reconstruction/metrics/02933112/18d94e539b0ed30d105e720ebc569399/f80b67138c286313a824f973.json,10.621246000027895
02933112/18d94e539b0ed30d105e720ebc569399,farthest,5,"[0, 46, 18, 28, 16]",0.053108984712066806,0.23649684035519158,0.41988469599831635,0.02994483845547675,0.0,0.0,1.9962585713983276,1.0,0.0,0.0,0.0152,0.0,0.0,camera_pose_sim3,0.14156399526962854,1.3371662992398519,10000,10000,True,False,True,/content/cv3d-project/data/cache/reconstruction/predictions/02933112/18d94e539b0ed30d105e720ebc569399/846118d2add6600154acd7f7.npz,f4a8bc1904d4a7412fac9eaf58583639ffaa5e2e6858638a213f095fff1175c2,/content/cv3d-project/data/cache/reconstruction/metrics/02933112/18d94e539b0ed30d105e720ebc569399/54383fea04615228bdd2f06e.json,10.914038000009896
02933112/18d94e539b0ed30d105e720ebc569399,farthest,10,"[0, 46, 18, 28, 16, 30, 2, 44, 13, 33]",0.06531822903764649,0.07493157719772756,0.08454492535780864,0.6380721678321679,0.06036838066001535,0.12982537999293037,1.9962585713983276,0.7026,0.0828,0.182,0.5844,0.0475,0.1009,camera_pose_sim3,2.6954158806878765,0.13016461127617632,10000,10000,True,False,True,/content/cv3d-project/data/cache/reconstruction/predictions/02933112/18d94e539b0ed30d105e720ebc569399/c91781895f23163207a977a0.npz,6d5ef722b0bad33dbb24c91fd938bfcb6138e8424d3444a66420b799201a999f,/content/cv3d-project/data/cache/reconstruction/metrics/02933112/18d94e539b0ed30d105e720ebc569399/898be5258894566d402efab3.json,11.175150999861216
02933112/18efc77e6837f7d311e76965808086c8,farthest,1,[0],0.7964792607124611,0.8516871802723494,0.9068950998322375,0.0,0.0,0.0,1.993318778220243,0.0,0.0,0.0,0.0,0.0,0.0,camera_rotation_center_and_target_diameter_scale_single_view,4.576718341702747,0.0,10000,10000,True,True,True,/content/cv3d-project/data/cache/reconstruction/predictions/02933112/18efc77e6837f7d311e76965808086c8/8cf1d9206e2c5b6a85c81b8f.npz,b1f219ca57a419108cdb4a13a0bd01de8264c406fce3ff1ca11bb52b6e80759b,/content/cv3d-project/data/cache/reconstruction/metrics/02933112/18efc77e6837f7d311e76965808086c8/ffdaf0b3d3a9d2884ea7d15b.json,4.885233000095468
02933112/18efc77e6837f7d311e76965808086c8,farthest,2,"[0, 46]",0.39867434874408336,0.4818855871036548,0.5650968254632263,0.0,0.0,0.0,1.993318778220243,0.0,0.0,0.0,0.0,0.0,0.0,camera_pose_sim3,2.9721048993761903,0.2649604711909015,10000,10000,True,False,True,/content/cv3d-project/data/cache/reconstruction/predictions/02933112/18efc77e6837f7d311e76965808086c8/c75c879703c695549c86150b.npz,c44f93c7aa4ec579221be2a547007d645899fd23eef03a97d31a2195e3a956c9,/content/cv3d-project/data/cache/reconstruction/metrics/02933112/18efc77e6837f7d311e76965808086c8/c349e5db486062a8cc120c86.json,10.835563000000548
02933112/18efc77e6837f7d311e76965808086c8,farthest,3,"[0, 46, 18]",2.5763273974048286,2.5733303582950673,2.570333319185306,0.0,0.0,0.0,1.993318778220243,0.0,0.0,0.0,0.0,0.0,0.0,camera_pose_sim3_positive_scale_fallback,3.953077540772405,1.1234324224512982,10000,10000,True,False,True,/content/cv3d-project/data/cache/reconstruction/predictions/02933112/18efc77e6837f7d311e76965808086c8/337bf016044e94fe9357fcfe.npz,d8c1d5637b774767954c80e99a6953e52bb88ae7bad64de1103eb1415a963358,/content/cv3d-project/data/cache/reconstruction/metrics/02933112/18efc77e6837f7d311e76965808086c8/f508611a176e87f7448ed67c.json,10.79259300013291
02933112/18efc77e6837f7d311e76965808086c8,farthest,5,"[0, 46, 18, 28, 16]",0.24663259431673515,0.4575555609355712,0.6684785275544073,0.0,0.0,0.0,1.993318778220243,0.0,0.0,0.0,0.0,0.0,0.0,camera_pose_sim3,1.10973675625151,1.2879845284095026,10000,10000,True,False,True,/content/cv3d-project/data/cache/reconstruction/predictions/02933112/18efc77e6837f7d311e76965808086c8/64e8ed3ea216aa7f7e812b82.npz,5a442f337cc624b9b035b499aa850874122b63c3c16a040f31aa8b66f293fcec,/content/cv3d-project/data/cache/reconstruction/metrics/02933112/18efc77e6837f7d311e76965808086c8/b265d249226d54a56bbd2914.json,10.937795999780064
02933112/18efc77e6837f7d311e76965808086c8,farthest,10,"[0, 46, 18, 28, 16, 30, 2, 44, 13, 33]",0.031168995183354017,0.10074629475147018,0.17032359431958632,0.4023006870107046,0.039665622669649514,0.09227442958300551,1.993318778220243,1.0,0.1099,0.3276,0.2518,0.0242,0.0537,camera_pose_sim3,1.643779187391191,0.984520127289295,10000,10000,True,False,True,/content/cv3d-project/data/cache/reconstruction/predictions/02933112/18efc77e6837f7d311e76965808086c8/623c2a90689ca6d4d77df741.npz,1c19e23785f60e68d904fe81a53128179e1c8226eddab7b3a3e81d7ca3713dff,/content/cv3d-project/data/cache/reconstruction/metrics/02933112/18efc77e6837f7d311e76965808086c8/5688cfd55c16075d2701a795.json,11.289582999779668
02933112/18f41e91af76c77de25f00a04866d020,farthest,1,[0],1.2218473485927233,1.2547164537538107,1.2875855589148981,0.0,0.0,0.0,1.9953066564866837,0.0,0.0,0.0,0.0,0.0,0.0,camera_rotation_center_and_target_diameter_scale_single_view,5.3104803354985695,0.0,10000,10000,True,True,True,/content/cv3d-project/data/cache/reconstruction/predictions/02933112/18f41e91af76c77de25f00a04866d020/49b549e7307a392ae8726722.npz,8020836b266d6c3319fbdf38d6243e58fc3def5886056156410fcfc2e04b949c,/content/cv3d-project/data/cache/reconstruction/metrics/02933112/18f41e91af76c77de25f00a04866d020/53cc9da5bfa710e8d03604df.json,3.764403000332095
02933112/18f41e91af76c77de25f00a04866d020,farthest,2,"[0, 46]",0.5684079870140931,0.6591149427443821,0.7498218984746712,0.0,0.0,0.0,1.9953066564866837,0.0,0.0,0.0,0.0,0.0,0.0,camera_pose_sim3,2.757890630302972,0.44320724956670543,10000,10000,True,False,True,/content/cv3d-project/data/cache/reconstruction/predictions/02933112/18f41e91af76c77de25f00a04866d020/a5836dbb34c0bc35792c959d.npz,8ce36e24362923549687ac087e3cf266ae7db91be68f370d355e8b44eefc358a,/content/cv3d-project/data/cache/reconstruction/metrics/02933112/18f41e91af76c77de25f00a04866d020/095b69e278578331ecc3e845.json,10.725909000029787
02933112/18f41e91af76c77de25f00a04866d020,farthest,3,"[0, 46, 18]",0.37168448855673225,0.4782791672254201,0.584873845894108,0.0,0.0,0.0,1.9953066564866837,0.0,0.0,0.0,0.0,0.0,0.0,camera_pose_sim3,1.3176177548597574,1.0067778769327456,10000,10000,True,False,True,/content/cv3d-project/data/cache/reconstruction/predictions/02933112/18f41e91af76c77de25f00a04866d020/888281703f443285498f7fa6.npz,d8c8224710a32adc79e53263cb5236b0edf51658d9d2cf2a859fc99d26e370f6,/content/cv3d-project/data/cache/reconstruction/metrics/02933112/18f41e91af76c77de25f00a04866d020/77f4a3d4e1020ecdfeb201b4.json,11.558838999917498
02933112/18f41e91af76c77de25f00a04866d020,farthest,5,"[0, 46, 18, 28, 16]",0.24688144775650545,0.32445052671749025,0.40201960567847506,0.0,0.0,0.0,1.9953066564866837,0.0,0.0,0.0,0.0,0.0,0.0,camera_pose_sim3,0.7161394982108629,1.272189040885642,10000,10000,True,False,True,/content/cv3d-project/data/cache/reconstruction/predictions/02933112/18f41e91af76c77de25f00a04866d020/0d50248ea06b5fb2f6f67169.npz,705ce309876b2d10c630cbc773b9d93a78e19edbd0f4b282a9f4b70e5371ca54,/content/cv3d-project/data/cache/reconstruction/metrics/02933112/18f41e91af76c77de25f00a04866d020/49ccd53abd718523f38ada03.json,11.368695999863121
02933112/18f41e91af76c77de25f00a04866d020,farthest,10,"[0, 46, 18, 28, 16, 30, 2, 44, 13, 33]",0.08259774293079634,0.1982837724595067,0.31396980198821706,0.12487133473788573,0.0,0.0,1.9953066564866837,0.7387,0.0,0.0,0.0682,0.0,0.0,camera_pose_sim3,1.658703164641462,1.0916515838064145,10000,10000,True,False,True,/content/cv3d-project/data/cache/reconstruction/predictions/02933112/18f41e91af76c77de25f00a04866d020/4b1910e219e2498e232d25fa.npz,2d8594866218a755dcdfae318b4e9f1681ce61e04cd3e773bde7c2d9ce2ded06,/content/cv3d-project/data/cache/reconstruction/metrics/02933112/18f41e91af76c77de25f00a04866d020/2ca639d4ac0ca473af2b0b1c.json,11.94064299988895
02933112/190cb7264781df604da5feafe6f1c8fc,farthest,1,[0],1.012083322696435,1.120632794629726,1.229182266563017,0.0,0.0,0.0,1.9957148831182396,0.0,0.0,0.0,0.0,0.0,0.0,camera_rotation_center_and_target_diameter_scale_single_view,5.225988913826778,0.0,10000,10000,True,True,True,/content/cv3d-project/data/cache/reconstruction/predictions/02933112/190cb7264781df604da5feafe6f1c8fc/1c1b0a6dfd0db9b35c248c46.npz,08e8871066466f400c5e10aa69069cedcbaa96ef6dbfde58971d00344a3bae75,/content/cv3d-project/data/cache/reconstruction/metrics/02933112/190cb7264781df604da5feafe6f1c8fc/613e2fd4785e501bb241a7a1.json,3.860991999772523
02933112/190cb7264781df604da5feafe6f1c8fc,farthest,2,"[0, 46]",0.04723352874836893,0.12839695084557332,0.2095603729427777,0.2629376921685657,0.011562537764350454,0.03139522307345652,1.9957148831182396,0.9533,0.0598,0.2049,0.1525,0.0064,0.017,camera_pose_sim3,2.7402849692977465,0.09677381203240815,10000,10000,True,False,True,/content/cv3d-project/data/cache/reconstruction/predictions/02933112/190cb7264781df604da5feafe6f1c8fc/5fb79df16863c250cfb6b423.npz,7e313a729bea06039b7a525d4d4e30170889e1d4c13a32486b9bae312c439b43,/content/cv3d-project/data/cache/reconstruction/metrics/02933112/190cb7264781df604da5feafe6f1c8fc/7155e043e05fee9f37543bdf.json,11.141799000142782
02933112/190cb7264781df604da5feafe6f1c8fc,farthest,3,"[0, 46, 18]",0.12294074884271486,0.28004894021896715,0.4371571315952194,0.031064219653179192,0.0,0.0,1.9957148831182396,0.3297,0.0,0.0,0.0163,0.0,0.0,camera_pose_sim3,1.4406197979734192,0.9561001404871264,10000,10000,True,False,True,/content/cv3d-project/data/cache/reconstruction/predictions/02933112/190cb7264781df604da5feafe6f1c8fc/61a3b6731c73b057d116d724.npz,449e2511c3c80b64276136e75d4b98b2fa68d6202b33659ea14700287ade7317,/content/cv3d-project/data/cache/reconstruction/metrics/02933112/190cb7264781df604da5feafe6f1c8fc/f666ca8969be203c89be521d.json,11.084409999966738
02933112/190cb7264781df604da5feafe6f1c8fc,farthest,5,"[0, 46, 18, 28, 16]",0.6974328778881874,0.8901976461496022,1.082962414411017,0.0,0.0,0.0,1.9957148831182396,0.0,0.0,0.0,0.0,0.0,0.0,camera_pose_sim3,1.304972725474096,1.0175072858390064,10000,10000,True,False,True,/content/cv3d-project/data/cache/reconstruction/predictions/02933112/190cb7264781df604da5feafe6f1c8fc/090d4a37ae82c46bbd33fdd6.npz,383462ebcac526c00c6842755bb8c8bef337a9f2e585e4ebefe0ca3c336d92fd,/content/cv3d-project/data/cache/reconstruction/metrics/02933112/190cb7264781df604da5feafe6f1c8fc/8515e99ab30a6d096928499b.json,11.40342899998359
02933112/190cb7264781df604da5feafe6f1c8fc,farthest,10,"[0, 46, 18, 28, 16, 30, 2, 44, 13, 33]",0.04484307387868279,0.08533114657036694,0.1258192192620511,0.525452168563519,0.04335966735966736,0.13015769466584917,1.9957148831182396,0.935,0.0632,0.2364,0.3654,0.033,0.0898,camera_pose_sim3,2.3963546586214868,0.37436045295623815,10000,10000,True,False,True,/content/cv3d-project/data/cache/reconstruction/predictions/02933112/190cb7264781df604da5feafe6f1c8fc/f95bfe8781b3540280b2e3a3.npz,1c1a0980cbcadef276eda36e2dcbe07242e1259f1ecbe0dda148477cbd5472b1,/content/cv3d-project/data/cache/reconstruction/metrics/02933112/190cb7264781df604da5feafe6f1c8fc/4e1aabeae268df245f07b7d6.json,11.621441999977833
02933112/19127cb1f535bf2c62c9e7b595148d6a,farthest,1,[0],1.784439883331994,1.8690065276979524,1.9535731720639107,0.0,0.0,0.0,1.9829941927787484,0.0,0.0,0.0,0.0,0.0,0.0,camera_rotation_center_and_target_diameter_scale_single_view,6.6528139386216445,0.0,10000,10000,True,True,True,/content/cv3d-project/data/cache/reconstruction/predictions/02933112/19127cb1f535bf2c62c9e7b595148d6a/ff6bb8f105a6b2bfefcc3c71.npz,2afc18a63ccee9b6f5df43820b77ceb602807b7a9facc4296783133a8dcad6ad,/content/cv3d-project/data/cache/reconstruction/metrics/02933112/19127cb1f535bf2c62c9e7b595148d6a/31d9d585651d523bea5ddfba.json,3.8343720002558257
02933112/19127cb1f535bf2c62c9e7b595148d6a,farthest,2,"[0, 46]",0.030095498629023176,0.09255516017520875,0.15501482172139433,0.4132021580450651,0.003078,0.01899974025974026,1.9829941927787484,1.0,0.0081,0.0659,0.2604,0.0019,0.0111,camera_pose_sim3,2.8184670179197,0.0140231145848648,10000,10000,True,False,True,/content/cv3d-project/data/cache/reconstruction/predictions/02933112/19127cb1f535bf2c62c9e7b595148d6a/ce58a0b7c4436743a05f5d63.npz,4dd66db115f23cb7813cf27cb8f17fb8c5c93e36fd5a9f66cd3718ddef4e43b4,/content/cv3d-project/data/cache/reconstruction/metrics/02933112/19127cb1f535bf2c62c9e7b595148d6a/689be6f8698848b70296dbcd.json,11.11194000031901
02933112/19127cb1f535bf2c62c9e7b595148d6a,farthest,3,"[0, 46, 18]",0.19420324707143027,0.25851410434309907,0.3228249616147679,0.0011586206896551726,0.0,0.0,1.9829941927787484,0.0021,0.0,0.0,0.0008,0.0,0.0,camera_pose_sim3,2.4036370845129236,0.5790760906915795,10000,10000,True,False,True,/content/cv3d-project/data/cache/reconstruction/predictions/02933112/19127cb1f535bf2c62c9e7b595148d6a/87048ac4057ec02b8b0c5ad4.npz,6d1cb257fa915921a32d2e8fa78e0aaf041be7229b78fd4ac8860a25a74b82c8,/content/cv3d-project/data/cache/reconstruction/metrics/02933112/19127cb1f535bf2c62c9e7b595148d6a/faecdab58fe6597563c8a515.json,12.565636000090308
02933112/19127cb1f535bf2c62c9e7b595148d6a,farthest,5,"[0, 46, 18, 28, 16]",0.03609967160077919,0.10700352111209674,0.1779073706234143,0.38185271457905545,0.04065093867334168,0.08918979432439468,1.9829941927787484,0.9804,0.1359,0.3326,0.2371,0.0239,0.0515,camera_pose_sim3,2.558553785333328,0.530956005200056,10000,10000,True,False,True,/content/cv3d-project/data/cache/reconstruction/predictions/02933112/19127cb1f535bf2c62c9e7b595148d6a/e3d11ef6b047953a27e04309.npz,18009b1747c6402173aa38b30112424111e74580e7d0381868742ca4c33bdae3,/content/cv3d-project/data/cache/reconstruction/metrics/02933112/19127cb1f535bf2c62c9e7b595148d6a/fe6df9993e321328c36121ad.json,11.119736999717134
02933112/19127cb1f535bf2c62c9e7b595148d6a,farthest,10,"[0, 46, 18, 28, 16, 30, 2, 44, 13, 33]",0.051717888894807044,0.06591362349922024,0.08010935810363344,0.7437101714285714,0.036158792650918634,0.10669083700440529,1.9829941927787484,0.9732,0.0467,0.1413,0.6018,0.0295,0.0857,camera_pose_sim3,2.5854045390082327,0.15047844295970395,10000,10000,True,False,True,/content/cv3d-project/data/cache/reconstruction/predictions/02933112/19127cb1f535bf2c62c9e7b595148d6a/d7c93e2e218dc2553b7a796c.npz,5f7b5abb09e40a7d46935956f5abb2374dec053b7d777d833c789cc12769cbca,/content/cv3d-project/data/cache/reconstruction/metrics/02933112/19127cb1f535bf2c62c9e7b595148d6a/c83476618bd5d9aa7e35392c.json,11.500386000079743
02933112/1919dec93dff59e0ed3ffec8035a48e8,farthest,1,[0],1.6728821451563127,1.748734801180055,1.8245874572037972,0.0,0.0,0.0,1.9985425162475865,0.0,0.0,0.0,0.0,0.0,0.0,camera_rotation_center_and_target_diameter_scale_single_view,6.409193731325192,0.0,10000,10000,True,True,True,/content/cv3d-project/data/cache/reconstruction/predictions/02933112/1919dec93dff59e0ed3ffec8035a48e8/b9bb4f6a5ac26e9377ebcb28.npz,f7d2998afa735b8ee54c3180505787b83e3b436632625b9d1ff413475cb303c8,/content/cv3d-project/data/cache/reconstruction/metrics/02933112/1919dec93dff59e0ed3ffec8035a48e8/aeaac5914eeb8e321f798c97.json,3.9114260002861556
02933112/1919dec93dff59e0ed3ffec8035a48e8,farthest,2,"[0, 46]",0.6303478358057817,0.7442282514573016,0.8581086671088216,0.0,0.0,0.0,1.9985425162475865,0.0,0.0,0.0,0.0,0.0,0.0,camera_pose_sim3,3.0279603294771285,0.39523056845244614,10000,10000,True,False,True,/content/cv3d-project/data/cache/reconstruction/predictions/02933112/1919dec93dff59e0ed3ffec8035a48e8/4b454535b47686c4a0e58b09.npz,9197aef23b45683388a3abbfeac89ecf21c93e70c9fab61d857ebd92271c3daf,/content/cv3d-project/data/cache/reconstruction/metrics/02933112/1919dec93dff59e0ed3ffec8035a48e8/e9446b9972da0b1c328d0a02.json,10.777504000088811
02933112/1919dec93dff59e0ed3ffec8035a48e8,farthest,3,"[0, 46, 18]",0.6452014088684515,0.7920213018808187,0.9388411948931857,0.0,0.0,0.0,1.9985425162475865,0.0,0.0,0.0,0.0,0.0,0.0,camera_pose_sim3,1.9256818731457925,1.024279492061433,10000,10000,True,False,True,/content/cv3d-project/data/cache/reconstruction/predictions/02933112/1919dec93dff59e0ed3ffec8035a48e8/c7a04555be8c221e6e4299d2.npz,6585a13603538ba37e2bd38a17aea18f33e99b424a0a2e1c681c1794bf6bf9c6,/content/cv3d-project/data/cache/reconstruction/metrics/02933112/1919dec93dff59e0ed3ffec8035a48e8/76a9d825a04d271da4dab390.json,10.829757999999856
02933112/1919dec93dff59e0ed3ffec8035a48e8,farthest,5,"[0, 46, 18, 28, 16]",0.6321257671055929,0.7909253274552565,0.94972488780492,0.0,0.0,0.0,1.9985425162475865,0.0,0.0,0.0,0.0,0.0,0.0,camera_pose_sim3,1.7741839460487543,1.2006962457654748,10000,10000,True,False,True,/content/cv3d-project/data/cache/reconstruction/predictions/02933112/1919dec93dff59e0ed3ffec8035a48e8/3c571daa3de80d4b121c8f31.npz,e0b7733bd59c7091a3e45449353a3ed5b0a196726487ef74febf9698bb659b61,/content/cv3d-project/data/cache/reconstruction/metrics/02933112/1919dec93dff59e0ed3ffec8035a48e8/35ee66f922b27b5ca30de131.json,11.101963999863074
02933112/1919dec93dff59e0ed3ffec8035a48e8,farthest,10,"[0, 46, 18, 28, 16, 30, 2, 44, 13, 33]",0.10252730700366038,0.15899863592631064,0.21546996484896092,0.2113425925925926,0.004086486486486487,0.01565139442231076,1.9985425162475865,0.4565,0.0084,0.0405,0.1375,0.0027,0.0097,camera_pose_sim3,2.256614765688927,0.6022488433097024,10000,10000,True,False,True,/content/cv3d-project/data/cache/reconstruction/predictions/02933112/1919dec93dff59e0ed3ffec8035a48e8/f1f370bf536986f166f91498.npz,836f19b82a1dc4f19729e386299524856d849cda58e0a9a8e08affcc75e34b10,/content/cv3d-project/data/cache/reconstruction/metrics/02933112/1919dec93dff59e0ed3ffec8035a48e8/16290cbf5467e9588fff6818.json,11.662273999718309
02933112/192caea21a57389265dbe89d2f371f01,farthest,1,[0],0.8965910109538581,0.9734781364345348,1.0503652619152115,0.0,0.0,0.0,1.998669079365581,0.0,0.0,0.0,0.0,0.0,0.0,camera_rotation_center_and_target_diameter_scale_single_view,4.866120417748174,0.0,10000,10000,True,True,True,/content/cv3d-project/data/cache/reconstruction/predictions/02933112/192caea21a57389265dbe89d2f371f01/2d0ce01700e19ee739281ef3.npz,d368456346569925243233560d63b08d5c9f8d5b8dcaf4f80efe5d4beb85ed3a,/content/cv3d-project/data/cache/reconstruction/metrics/02933112/192caea21a57389265dbe89d2f371f01/c25b4a4909f82eff020c4000.json,3.7574329999188194
02933112/192caea21a57389265dbe89d2f371f01,farthest,2,"[0, 46]",0.41175690826387473,0.4856496047811163,0.5595423012983578,0.0,0.0,0.0,1.998669079365581,0.0,0.0,0.0,0.0,0.0,0.0,camera_pose_sim3,3.082444754456854,0.1836885732264554,10000,10000,True,False,True,/content/cv3d-project/data/cache/reconstruction/predictions/02933112/192caea21a57389265dbe89d2f371f01/c72b6dc0a330b272e47422ad.npz,ec2031c3350632a007cace6be5b6f6a913f050373c833facb320d88c9a9d7653,/content/cv3d-project/data/cache/reconstruction/metrics/02933112/192caea21a57389265dbe89d2f371f01/3e72ba4c1a7635ad8cf4426d.json,10.91944500012687
02933112/192caea21a57389265dbe89d2f371f01,farthest,3,"[0, 46, 18]",0.2435660100060174,0.4072488477153167,0.570931685424616,0.0,0.0,0.0,1.998669079365581,0.0,0.0,0.0,0.0,0.0,0.0,camera_pose_sim3,1.3780761296758055,1.0111700128706131,10000,10000,True,False,True,/content/cv3d-project/data/cache/reconstruction/predictions/02933112/192caea21a57389265dbe89d2f371f01/b87f5576bebedde33f7c492f.npz,113b67816154f8c906aca5434598ca7c48985cb8ede39c27c42b4b3bf64758ca,/content/cv3d-project/data/cache/reconstruction/metrics/02933112/192caea21a57389265dbe89d2f371f01/24b094a2a76e80c5ff36b138.json,12.001519000023109
02933112/192caea21a57389265dbe89d2f371f01,farthest,5,"[0, 46, 18, 28, 16]",0.4305321101259276,0.5739290966048369,0.7173260830837461,0.0,0.0,0.0,1.998669079365581,0.0,0.0,0.0,0.0,0.0,0.0,camera_pose_sim3,0.9398863811289562,1.292251186196263,10000,10000,True,False,True,/content/cv3d-project/data/cache/reconstruction/predictions/02933112/192caea21a57389265dbe89d2f371f01/688df5860b2ffe5de6f43045.npz,538a16e50d2cbb7707e23ffa3775d70748cc89633626af1197c96f836cb79d3b,/content/cv3d-project/data/cache/reconstruction/metrics/02933112/192caea21a57389265dbe89d2f371f01/3308db8370baaee3a9f09e55.json,11.569898999823636
02933112/192caea21a57389265dbe89d2f371f01,farthest,10,"[0, 46, 18, 28, 16, 30, 2, 44, 13, 33]",0.06939289670917992,0.17046610227131476,0.2715393078334496,0.23371386663657906,0.017349212598425198,0.04154973821989529,1.998669079365581,0.7478,0.0397,0.128,0.1385,0.0111,0.0248,camera_pose_sim3,1.687708171460777,1.0285848188534352,10000,10000,True,False,True,/content/cv3d-project/data/cache/reconstruction/predictions/02933112/192caea21a57389265dbe89d2f371f01/0fb07038b8d7d0fd0e90e605.npz,b0031a58ab18046a56c7dffd0ce24029aa92af324f20eb86273dae8b7886d88e,/content/cv3d-project/data/cache/reconstruction/metrics/02933112/192caea21a57389265dbe89d2f371f01/f07b93ba609f6b9af9c7550e.json,11.947597000016685
02933112/19492e2263ea82e4da5feafe6f1c8fc,farthest,1,[0],1.3698657574004072,1.4932962641754812,1.6167267709505553,0.0,0.0,0.0,1.990519434948425,0.0,0.0,0.0,0.0,0.0,0.0,camera_rotation_center_and_target_diameter_scale_single_view,6.000532925043731,0.0,10000,10000,True,True,True,/content/cv3d-project/data/cache/reconstruction/predictions/02933112/19492e2263ea82e4da5feafe6f1c8fc/ab237b12325af9d23e18243b.npz,4abb09bbd35e2078f65083678e28efa4a79ae693548ff83e208411da739e6a3a,/content/cv3d-project/data/cache/reconstruction/metrics/02933112/19492e2263ea82e4da5feafe6f1c8fc/185731b9d8aba229b0d04f6f.json,3.874270999858709
02933112/19492e2263ea82e4da5feafe6f1c8fc,farthest,2,"[0, 46]",0.9502269839281459,1.0055836621207375,1.060940340313329,0.0,0.0,0.0,1.990519434948425,0.0,0.0,0.0,0.0,0.0,0.0,camera_pose_sim3,3.335539685399537,0.2831694860339558,10000,10000,True,False,True,/content/cv3d-project/data/cache/reconstruction/predictions/02933112/19492e2263ea82e4da5feafe6f1c8fc/756655553f1324e4867a2d9b.npz,cdce034e48fc4e1de44de6b0eb7565997190df25e819f023512c6113cafabe07,/content/cv3d-project/data/cache/reconstruction/metrics/02933112/19492e2263ea82e4da5feafe6f1c8fc/f4716e779da93707139d5b37.json,11.893883000084315
02933112/19492e2263ea82e4da5feafe6f1c8fc,farthest,3,"[0, 46, 18]",0.38880737795609716,0.5128375785598064,0.6368677791635157,0.0,0.0,0.0,1.990519434948425,0.0,0.0,0.0,0.0,0.0,0.0,camera_pose_sim3,1.3859248619743552,1.1501310648119323,10000,10000,True,False,True,/content/cv3d-project/data/cache/reconstruction/predictions/02933112/19492e2263ea82e4da5feafe6f1c8fc/a39ecbea6953c372c6e37687.npz,92bbebecd1c53ef581c93d1b5cd3fee9a937128ccfccaaac6ed83ca3b825523d,/content/cv3d-project/data/cache/reconstruction/metrics/02933112/19492e2263ea82e4da5feafe6f1c8fc/2f6c33ff914ed7aa9cce85ce.json,11.094593000052555
02933112/19492e2263ea82e4da5feafe6f1c8fc,farthest,5,"[0, 46, 18, 28, 16]",0.05729720142212086,0.1967415651402452,0.33618592885836956,0.024301096512891435,0.0,0.0,1.990519434948425,1.0,0.0,0.0,0.0123,0.0,0.0,camera_pose_sim3,0.22702802886779785,1.33547081209823,10000,10000,True,False,True,/content/cv3d-project/data/cache/reconstruction/predictions/02933112/19492e2263ea82e4da5feafe6f1c8fc/6136f55003ceb2db9d1a5594.npz,ca252c06bc5ae49e8cda524c2390b1fb8c83d71755f2fb3bb59e9d10c4ae450f,/content/cv3d-project/data/cache/reconstruction/metrics/02933112/19492e2263ea82e4da5feafe6f1c8fc/747a85af3519e4d82fb4b950.json,11.21900199996162
02933112/19492e2263ea82e4da5feafe6f1c8fc,farthest,10,"[0, 46, 18, 28, 16, 30, 2, 44, 13, 33]",0.03973165129530741,0.11542914980866667,0.19112664832202594,0.38081451012145745,0.03438841628959276,0.09226082754454847,1.990519434948425,0.9998,0.0892,0.2757,0.2352,0.0213,0.0554,camera_pose_sim3,1.6171456881862318,1.033708054780862,10000,10000,True,False,True,/content/cv3d-project/data/cache/reconstruction/predictions/02933112/19492e2263ea82e4da5feafe6f1c8fc/a0dbff82573504c6b44165ab.npz,0025c9516b8ce2cfc8fe340bb9eaa6982aa2976f6b85d0387286baed63c783b7,/content/cv3d-project/data/cache/reconstruction/metrics/02933112/19492e2263ea82e4da5feafe6f1c8fc/aeb6e1721cd7db9ca6e9b34f.json,11.702117999902839
02933112/195b0fd745df898d86d53ab0fe94e911,farthest,1,[0],1.196786969556809,1.3226430573680337,1.4484991451792584,0.0,0.0,0.0,1.9938359227072775,0.0,0.0,0.0,0.0,0.0,0.0,camera_rotation_center_and_target_diameter_scale_single_view,5.6785364154762945,0.0,10000,10000,True,True,True,/content/cv3d-project/data/cache/reconstruction/predictions/02933112/195b0fd745df898d86d53ab0fe94e911/ea621c63ef5b48820749a170.npz,87e52fe9705f8318e11f6e8bb1c3af69821d784f88c7d250cd39e19afb34f1ee,/content/cv3d-project/data/cache/reconstruction/metrics/02933112/195b0fd745df898d86d53ab0fe94e911/1715aace0da14835a5d93799.json,3.7033520002296427
02933112/195b0fd745df898d86d53ab0fe94e911,farthest,2,"[0, 46]",1.1180782091286678,1.2178668674344784,1.3176555257402887,0.0,0.0,0.0,1.9938359227072775,0.0,0.0,0.0,0.0,0.0,0.0,camera_pose_sim3,1.7847764809113182,1.1680969100600584,10000,10000,True,False,True,/content/cv3d-project/data/cache/reconstruction/predictions/02933112/195b0fd745df898d86d53ab0fe94e911/912f4d5af6b5280d4aa41c05.npz,c451b3bdcfb62f8ee36a6a7ace03096ada2d421355c13745e2f3d1d680be1c13,/content/cv3d-project/data/cache/reconstruction/metrics/02933112/195b0fd745df898d86d53ab0fe94e911/096a5d90cb0f550693c92c3f.json,10.991951000050904
02933112/195b0fd745df898d86d53ab0fe94e911,farthest,3,"[0, 46, 18]",0.3329738928918245,0.5059854842204679,0.6789970755491113,0.0,0.0,0.0,1.9938359227072775,0.0,0.0,0.0,0.0,0.0,0.0,camera_pose_sim3,1.0164849710451425,1.191347224017286,10000,10000,True,False,True,/content/cv3d-project/data/cache/reconstruction/predictions/02933112/195b0fd745df898d86d53ab0fe94e911/5ab0c7f3154bf43ad4b7cb48.npz,1e2f5d1e565d8f2c6ba8ca1fca1b2502fe8f779d47c177ee64ea5047b7014d53,/content/cv3d-project/data/cache/reconstruction/metrics/02933112/195b0fd745df898d86d53ab0fe94e911/5a1f8b5ae47e78f677aa2f09.json,10.968315999889455
02933112/195b0fd745df898d86d53ab0fe94e911,farthest,5,"[0, 46, 18, 28, 16]",0.13735097037759553,0.30987256911445854,0.48239416785132155,0.02994403829416884,0.0,0.0,1.9938359227072775,0.2137,0.0,0.0,0.0161,0.0,0.0,camera_pose_sim3,1.4161626290275036,1.077017256047241,10000,10000,True,False,True,/content/cv3d-project/data/cache/reconstruction/predictions/02933112/195b0fd745df898d86d53ab0fe94e911/8042b4da63fa3a8240603f20.npz,eee82a16c0bbf9e1bd8a6f0e3c8df2e29020483404b852988a2c40820d35b883,/content/cv3d-project/data/cache/reconstruction/metrics/02933112/195b0fd745df898d86d53ab0fe94e911/2a49e9b7207798b859c02cc3.json,11.41362999987905
02933112/195b0fd745df898d86d53ab0fe94e911,farthest,10,"[0, 46, 18, 28, 16, 30, 2, 44, 13, 33]",0.05533932072822547,0.08983101978268074,0.124322718837136,0.6080491435321913,0.023773089700996678,0.06825469667318981,1.9938359227072775,0.8936,0.0439,0.1611,0.4608,0.0163,0.0433,camera_pose_sim3,2.166083124715466,0.6204802696900531,10000,10000,True,False,True,/content/cv3d-project/data/cache/reconstruction/predictions/02933112/195b0fd745df898d86d53ab0fe94e911/4944c2dcaf4bf6157fe32cd9.npz,423f66d1c367738a0fe4934e685dd90b7af06ef610ddb49cbfee36c5cab1d477,/content/cv3d-project/data/cache/reconstruction/metrics/02933112/195b0fd745df898d86d53ab0fe94e911/c1a3a70fe5d81fa315e76b92.json,11.971485999765719
02933112/1971024c0cac65a824662341ce2b233,farthest,1,[0],2.4262765843253367,2.4895365201026456,2.5527964558799545,0.0,0.0,0.0,1.9999932034391417,0.0,0.0,0.0,0.0,0.0,0.0,camera_rotation_center_and_target_diameter_scale_single_view,7.827990645632404,0.0,10000,10000,True,True,True,/content/cv3d-project/data/cache/reconstruction/predictions/02933112/1971024c0cac65a824662341ce2b233/4821abb125ba95bdd64465cb.npz,1489d50c56afb605c9607dc3d6b67948d66e19b122491f51c769f8d5e3000de8,/content/cv3d-project/data/cache/reconstruction/metrics/02933112/1971024c0cac65a824662341ce2b233/e42a44ec0c26995480d857f0.json,3.9648599999964063
02933112/1971024c0cac65a824662341ce2b233,farthest,2,"[0, 46]",0.5523358875932808,0.6924116299711713,0.8324873723490618,0.0,0.0,0.0,1.9999932034391417,0.0,0.0,0.0,0.0,0.0,0.0,camera_pose_sim3,2.9822865753630885,0.4193314043818894,10000,10000,True,False,True,/content/cv3d-project/data/cache/reconstruction/predictions/02933112/1971024c0cac65a824662341ce2b233/5c7963a5a29bf9f0d31e841c.npz,e8082edb20cdc5ba748633ef50228dac43b096dc576a63c18609f3384674ad8f,/content/cv3d-project/data/cache/reconstruction/metrics/02933112/1971024c0cac65a824662341ce2b233/1741a64fdbdb20e5eafce08e.json,13.098935000016354
02933112/1971024c0cac65a824662341ce2b233,farthest,3,"[0, 46, 18]",0.3511334967264236,0.5443547240298181,0.7375759513332126,0.0,0.0,0.0,1.9999932034391417,0.0,0.0,0.0,0.0,0.0,0.0,camera_pose_sim3,1.5684802386681527,1.1227786340897739,10000,10000,True,False,True,/content/cv3d-project/data/cache/reconstruction/predictions/02933112/1971024c0cac65a824662341ce2b233/f93cbe52353bb45cf0f7d0b7.npz,339898fb6d92d418af72c4a13d53ddad4ced33f0778ea92e3cac157da68c9930,/content/cv3d-project/data/cache/reconstruction/metrics/02933112/1971024c0cac65a824662341ce2b233/1d7c5ac4c36e29db13ca34d5.json,12.401330000102462
02933112/1971024c0cac65a824662341ce2b233,farthest,5,"[0, 46, 18, 28, 16]",0.01950510700392857,0.1728960721532797,0.32628703730263087,0.08996275427370835,0.0031740365111561867,0.009128149405772496,1.9999932034391417,1.0,0.1956,0.5844,0.0471,0.0016,0.0046,camera_pose_sim3,0.4445405954399722,1.3123204703820759,10000,10000,True,False,True,/content/cv3d-project/data/cache/reconstruction/predictions/02933112/1971024c0cac65a824662341ce2b233/c44737a1324c267702cbce82.npz,6cfa8f6287e659d267104002e7650a9f5b30b475f1fc01cffe06dec9e9b00cfc,/content/cv3d-project/data/cache/reconstruction/metrics/02933112/1971024c0cac65a824662341ce2b233/dbc679ea7bc32b404af1a032.json,11.39475800027867
02933112/1971024c0cac65a824662341ce2b233,farthest,10,"[0, 46, 18, 28, 16, 30, 2, 44, 13, 33]",0.10281162629542674,0.18574017821144898,0.2686687301274712,0.13640270136715532,0.00047999999999999996,0.003083544303797468,1.9999932034391417,0.5288,0.0004,0.0058,0.0783,0.0006,0.0021,camera_pose_sim3,1.6965559087869313,1.025235775740344,10000,10000,True,False,True,/content/cv3d-project/data/cache/reconstruction/predictions/02933112/1971024c0cac65a824662341ce2b233/c84c8990ccea9132d1d4589d.npz,79fe3dae471594c31e7eda8f0b71e598eeaa8fd2aa7ea46acbb53f5a1f94ed4b,/content/cv3d-project/data/cache/reconstruction/metrics/02933112/1971024c0cac65a824662341ce2b233/a1f6ccdbf432879de4b547a5.json,13.39992999965034
02958343/100c3076c74ee1874eb766e5a46fceab,farthest,1,[0],2.519336041045875,2.697252370137778,2.8751686992296803,0.0,0.0,0.0,1.918978166777995,0.0,0.0,0.0,0.0,0.0,0.0,camera_rotation_center_and_target_diameter_scale_single_view,8.449121155969024,0.0,10000,10000,True,True,True,/content/cv3d-project/data/cache/reconstruction/predictions/02958343/100c3076c74ee1874eb766e5a46fceab/614507460a22d6dd42c085c4.npz,c662775c93cf10421547a7df14f370c9d521267096a7cef9f036f56acf04f6b9,/content/cv3d-project/data/cache/reconstruction/metrics/02958343/100c3076c74ee1874eb766e5a46fceab/3294b1ab35109787ca6efd67.json,3.8971459998720093
02958343/100c3076c74ee1874eb766e5a46fceab,farthest,2,"[0, 46]",0.45803892109184646,0.529728563206271,0.6014182053206956,0.0,0.0,0.0,1.918978166777995,0.0,0.0,0.0,0.0,0.0,0.0,camera_pose_sim3,3.0066918026428953,0.13229389536762762,10000,10000,True,False,True,/content/cv3d-project/data/cache/reconstruction/predictions/02958343/100c3076c74ee1874eb766e5a46fceab/393128b0041075f7a69f9b16.npz,fe1d462af5ccab07b755d77ff38970747b889816f5c76ba2156066822ef6eba8,/content/cv3d-project/data/cache/reconstruction/metrics/02958343/100c3076c74ee1874eb766e5a46fceab/069ecc0ce7b564f2acdda7a4.json,12.165177000042604
02958343/100c3076c74ee1874eb766e5a46fceab,farthest,3,"[0, 46, 18]",0.42196086586586307,0.5977513597783876,0.773541853690912,0.0,0.0,0.0,1.918978166777995,0.0,0.0,0.0,0.0,0.0,0.0,camera_pose_sim3,1.6624938593818264,0.9825901891962346,10000,10000,True,False,True,/content/cv3d-project/data/cache/reconstruction/predictions/02958343/100c3076c74ee1874eb766e5a46fceab/4b2bc82835a355240e65a9dd.npz,807fe0ffc608a9fb24c4d3fc356bd275922a3974a002ca91fb0356503161cd5b,/content/cv3d-project/data/cache/reconstruction/metrics/02958343/100c3076c74ee1874eb766e5a46fceab/55443e9266934f90b019ab79.json,11.479551999855175
02958343/100c3076c74ee1874eb766e5a46fceab,farthest,5,"[0, 46, 18, 28, 16]",0.8871032567533481,0.9876567842611618,1.0882103117689754,0.0,0.0,0.0,1.918978166777995,0.0,0.0,0.0,0.0,0.0,0.0,camera_pose_sim3,1.868854236472546,1.1937519978412379,10000,10000,True,False,True,/content/cv3d-project/data/cache/reconstruction/predictions/02958343/100c3076c74ee1874eb766e5a46fceab/faaf52d2f435b564ac218fbe.npz,147d3a67dc56a2a219cb6f8a1ce3c05c09da7281a06ad14d4ff9f523766361a4,/content/cv3d-project/data/cache/reconstruction/metrics/02958343/100c3076c74ee1874eb766e5a46fceab/089064ef82b9e670e981ece0.json,11.513092000313918
02958343/100c3076c74ee1874eb766e5a46fceab,farthest,10,"[0, 46, 18, 28, 16, 30, 2, 44, 13, 33]",0.035029421637275064,0.10184291775833468,0.16865641387939428,0.5901593119977443,0.06776878243512975,0.13196341886938065,1.918978166777995,1.0,0.2101,0.4407,0.4186,0.0404,0.0776,camera_pose_sim3,1.9726380388009037,0.8660627425073113,10000,10000,True,False,True,/content/cv3d-project/data/cache/reconstruction/predictions/02958343/100c3076c74ee1874eb766e5a46fceab/8183fccfd6b4e3f6665df49b.npz,624efe13332bb1d1dff42382657fe775825292423750d440c0586d0bbab2ca3c,/content/cv3d-project/data/cache/reconstruction/metrics/02958343/100c3076c74ee1874eb766e5a46fceab/d470d16582f39abdfd79bbb0.json,11.93152599989844
02958343/10716a366de708b8fac96522b26f7fd,farthest,1,[0],3.203219838095393,3.4103249888405545,3.6174301395857165,0.0,0.0,0.0,1.9925035000201392,0.0,0.0,0.0,0.0,0.0,0.0,camera_rotation_center_and_target_diameter_scale_single_view,10.129988517436937,0.0,10000,10000,True,True,True,/content/cv3d-project/data/cache/reconstruction/predictions/02958343/10716a366de708b8fac96522b26f7fd/86634f35d75672ba88634122.npz,6db5b8a564e558175dac3ff29168db6dc4f5275d27f97c15c67d7116612843dd,/content/cv3d-project/data/cache/reconstruction/metrics/02958343/10716a366de708b8fac96522b26f7fd/41779e8bfbf8d4cffbc37e68.json,3.786419999869395
02958343/10716a366de708b8fac96522b26f7fd,farthest,2,"[0, 46]",0.0642386098389847,0.15503110584923718,0.24582360185948965,0.16206320315299175,0.008732375690607735,0.023144495993251794,1.9925035000201392,0.7464,0.0859,0.2249,0.0909,0.0046,0.0122,camera_pose_sim3,2.6511505743671844,0.1188790523482876,10000,10000,True,False,True,/content/cv3d-project/data/cache/reconstruction/predictions/02958343/10716a366de708b8fac96522b26f7fd/847cc4c864a837e3dca17968.npz,78ca44abbe5a5c4cac7f052dd6ce85ac09bf9adf6ec917c81307e1066b4981cb,/content/cv3d-project/data/cache/reconstruction/metrics/02958343/10716a366de708b8fac96522b26f7fd/e0c6f5a2b69b35b0994044e7.json,11.31694100013192
02958343/10716a366de708b8fac96522b26f7fd,farthest,3,"[0, 46, 18]",0.27800511761544466,0.35027963847023946,0.4225541593250342,0.0,0.0,0.0,1.9925035000201392,0.0,0.0,0.0,0.0,0.0,0.0,camera_pose_sim3,2.2146728347494964,0.6677697002297719,10000,10000,True,False,True,/content/cv3d-project/data/cache/reconstruction/predictions/02958343/10716a366de708b8fac96522b26f7fd/8452724fe4103d487200afcb.npz,732b266612cc615c87f2402a5e711427f0a6117491b6ba7aba4c0d6e41075faf,/content/cv3d-project/data/cache/reconstruction/metrics/02958343/10716a366de708b8fac96522b26f7fd/35ce5b7d4461f2adeba6fede.json,11.68421100010164
02958343/10716a366de708b8fac96522b26f7fd,farthest,5,"[0, 46, 18, 28, 16]",0.24940597681158383,0.3019525017364344,0.3544990266612849,0.0,0.0,0.0,1.9925035000201392,0.0,0.0,0.0,0.0,0.0,0.0,camera_pose_sim3,2.026557438685244,0.7154902748386398,10000,10000,True,False,True,/content/cv3d-project/data/cache/reconstruction/predictions/02958343/10716a366de708b8fac96522b26f7fd/793a9b8ce04061ae39c32215.npz,d3515d9010fbbfa55fd413ea3a74fb980544203893940cab8dd7412778f65643,/content/cv3d-project/data/cache/reconstruction/metrics/02958343/10716a366de708b8fac96522b26f7fd/746751dbd901864fafe2f4c0.json,12.519011000222235
02958343/10716a366de708b8fac96522b26f7fd,farthest,10,"[0, 46, 18, 28, 16, 30, 2, 44, 13, 33]",0.03291499187572776,0.12246560635341949,0.2120162208311112,0.2970027247956403,0.039797019527235356,0.07740201387334973,1.9925035000201392,1.0,0.1721,0.4041,0.1744,0.0225,0.0428,camera_pose_sim3,1.6478763606732383,0.8846066987242223,10000,10000,True,False,True,/content/cv3d-project/data/cache/reconstruction/predictions/02958343/10716a366de708b8fac96522b26f7fd/9a463c33b180f59635330eed.npz,8f66e06eaf55165e132b5fdee22f3d75bb2dbbaaaf23945d80d725941c97c316,/content/cv3d-project/data/cache/reconstruction/metrics/02958343/10716a366de708b8fac96522b26f7fd/923320a1f844d4f2576425dc.json,15.199555999970471
02958343/1089cbe82dc0e72133d7c9e122eec9b6,farthest,1,[0],3.9427182701007246,4.160488241737564,4.378258213374404,0.0,0.0,0.0,1.9859261898057505,0.0,0.0,0.0,0.0,0.0,0.0,camera_rotation_center_and_target_diameter_scale_single_view,11.573676730559047,0.0,10000,10000,True,True,True,/content/cv3d-project/data/cache/reconstruction/predictions/02958343/1089cbe82dc0e72133d7c9e122eec9b6/f0792ff605fa264bf483b1e9.npz,40151b51afcef895500e026e4846144c587b08fc1a91c9cd58494b53debecae1,/content/cv3d-project/data/cache/reconstruction/metrics/02958343/1089cbe82dc0e72133d7c9e122eec9b6/ba87bc98766f67bfaadd83cf.json,4.503801000282692
02958343/1089cbe82dc0e72133d7c9e122eec9b6,farthest,2,"[0, 46]",0.14124397744687447,0.2252207841264876,0.30919759080610076,0.05305150877192982,0.0,0.0,1.9859261898057505,0.2554,0.0,0.0,0.0296,0.0,0.0,camera_pose_sim3,2.8336543725379193,0.15034328505188596,10000,10000,True,False,True,/content/cv3d-project/data/cache/reconstruction/predictions/02958343/1089cbe82dc0e72133d7c9e122eec9b6/52faa0311b3e8673ec152642.npz,ea0245d53e2d860a17d313750f1d1f92cf4addc355dc1b8ccd70a2ad456fa82a,/content/cv3d-project/data/cache/reconstruction/metrics/02958343/1089cbe82dc0e72133d7c9e122eec9b6/e30c93029fc67391bf99c107.json,11.718218999703822
02958343/1089cbe82dc0e72133d7c9e122eec9b6,farthest,3,"[0, 46, 18]",0.30468535750078907,0.42374249710132234,0.5427996367018556,0.0,0.0,0.0,1.9859261898057505,0.0,0.0,0.0,0.0,0.0,0.0,camera_pose_sim3,2.2979475666565676,0.7541386909987943,10000,10000,True,False,True,/content/cv3d-project/data/cache/reconstruction/predictions/02958343/1089cbe82dc0e72133d7c9e122eec9b6/9af66805fb3fb903ada8b0ef.npz,5f70d3374109806438cee6b7acaa9a90793db3e3d5c7f7c1f9b66b92d3e7a5b0,/content/cv3d-project/data/cache/reconstruction/metrics/02958343/1089cbe82dc0e72133d7c9e122eec9b6/d5503de6f0513fbd774e616d.json,11.408439000206272
02958343/1089cbe82dc0e72133d7c9e122eec9b6,farthest,5,"[0, 46, 18, 28, 16]",0.041310146453276554,0.19211281061636273,0.3429154747794489,0.20402298850574715,0.0062347188264058676,0.01888628461043142,1.9859261898057505,1.0,0.0375,0.1452,0.1136,0.0034,0.0101,camera_pose_sim3,1.3743808630649348,1.171311672856658,10000,10000,True,False,True,/content/cv3d-project/data/cache/reconstruction/predictions/02958343/1089cbe82dc0e72133d7c9e122eec9b6/c39138ec8808aaa09e284e83.npz,e8cc67a8cd4a7c67f2f3f7da904fa8334d713c5d1587fe923c5adedcfde3a77f,/content/cv3d-project/data/cache/reconstruction/metrics/02958343/1089cbe82dc0e72133d7c9e122eec9b6/68d928b6db22d3b18b5a7794.json,11.698469000293699
02958343/1089cbe82dc0e72133d7c9e122eec9b6,farthest,10,"[0, 46, 18, 28, 16, 30, 2, 44, 13, 33]",0.03896029756294286,0.12425175852786825,0.20954321949279364,0.3903344333547972,0.06882945914844649,0.1053153173873045,1.9859261898057505,0.9999,0.2199,0.3735,0.2425,0.0408,0.0613,camera_pose_sim3,1.880517761868211,0.863395101704345,10000,10000,True,False,True,/content/cv3d-project/data/cache/reconstruction/predictions/02958343/1089cbe82dc0e72133d7c9e122eec9b6/1c1bc918e8f6ffb375c30e25.npz,2f460610a302e71aca0c326d3d24ac43c066b5e2c623693eaee8dfb9639024a2,/content/cv3d-project/data/cache/reconstruction/metrics/02958343/1089cbe82dc0e72133d7c9e122eec9b6/0354c36f62972c4d37baf3c9.json,12.047039000208315
02958343/109567d7d55b8fe515a520abec2f04dd,farthest,1,[0],2.7688731414775747,2.960597699789005,3.152322258100435,0.0,0.0,0.0,1.9655212008359861,0.0,0.0,0.0,0.0,0.0,0.0,camera_rotation_center_and_target_diameter_scale_single_view,9.102606880537817,0.0,10000,10000,True,True,True,/content/cv3d-project/data/cache/reconstruction/predictions/02958343/109567d7d55b8fe515a520abec2f04dd/b048a6cbd2e35d9ff362f18b.npz,fcff5deee95a81adf0553cdf1aca319a10a4d6efd461f8158a9890e6e8446654,/content/cv3d-project/data/cache/reconstruction/metrics/02958343/109567d7d55b8fe515a520abec2f04dd/884b2d531b69e048a92bc197.json,3.943053999591939
02958343/109567d7d55b8fe515a520abec2f04dd,farthest,2,"[0, 46]",0.2570838413172472,0.32641509194520835,0.39574634257316943,0.0,0.0,0.0,1.9655212008359861,0.0,0.0,0.0,0.0,0.0,0.0,camera_pose_sim3,2.7284105269658983,0.21295893629458426,10000,10000,True,False,True,/content/cv3d-project/data/cache/reconstruction/predictions/02958343/109567d7d55b8fe515a520abec2f04dd/d3c38b739871d2d58811bee8.npz,7a94e16bce9c9f8f4a2783c79e8861dd11202cfed4066d262c341aa22123185b,/content/cv3d-project/data/cache/reconstruction/metrics/02958343/109567d7d55b8fe515a520abec2f04dd/593d28c2a6ad153829d3570c.json,13.762433000010788
02958343/109567d7d55b8fe515a520abec2f04dd,farthest,3,"[0, 46, 18]",0.2522968560640025,0.3796387136005115,0.5069805711370204,0.0,0.0,0.0,1.9655212008359861,0.0,0.0,0.0,0.0,0.0,0.0,camera_pose_sim3,1.5305702260051262,0.9713888861977107,10000,10000,True,False,True,/content/cv3d-project/data/cache/reconstruction/predictions/02958343/109567d7d55b8fe515a520abec2f04dd/91feaff15cd2b541a99b7bf6.npz,d2f55e4aa45189a4643440c946182a86a95a37625efe3d7b7023d3310164ede2,/content/cv3d-project/data/cache/reconstruction/metrics/02958343/109567d7d55b8fe515a520abec2f04dd/9941bf5ab847f33cfc74ad26.json,12.480622999646585
02958343/109567d7d55b8fe515a520abec2f04dd,farthest,5,"[0, 46, 18, 28, 16]",0.03829655675963417,0.18882126648575898,0.3393459762118838,0.2471516213847502,0.0016682926829268293,0.01046171693735499,1.9655212008359861,1.0,0.0114,0.167,0.141,0.0009,0.0054,camera_pose_sim3,0.8994481022701284,1.2807258155814696,10000,10000,True,False,True,/content/cv3d-project/data/cache/reconstruction/predictions/02958343/109567d7d55b8fe515a520abec2f04dd/b7c151f300b37652a5ede4d5.npz,0b4cab09be361d68ba052fbf4dc9c709f17509b8c2fd51a3668a2d0e05d03096,/content/cv3d-project/data/cache/reconstruction/metrics/02958343/109567d7d55b8fe515a520abec2f04dd/b8c53c4a32d7909eeba0f8d4.json,11.610509000092861
02958343/109567d7d55b8fe515a520abec2f04dd,farthest,10,"[0, 46, 18, 28, 16, 30, 2, 44, 13, 33]",0.36855060281737145,0.4373943469920816,0.5062380911667916,0.0,0.0,0.0,1.9655212008359861,0.0,0.0,0.0,0.0,0.0,0.0,camera_pose_sim3,1.75078943543786,1.0070218937708033,10000,10000,True,False,True,/content/cv3d-project/data/cache/reconstruction/predictions/02958343/109567d7d55b8fe515a520abec2f04dd/5418a93b2383e998582f13ce.npz,4eb26f88249cbd83ebe280769d16871f92dd21e85e29a22c420d245dd56bd1cc,/content/cv3d-project/data/cache/reconstruction/metrics/02958343/109567d7d55b8fe515a520abec2f04dd/f4f7cd30fe2cdf7bff3515b2.json,11.772758999995858
02958343/10e99b1475098c0aaa69dfdc5532bb13,farthest,1,[0],2.7916906500365046,3.010179785410431,3.2286689207843575,0.0,0.0,0.0,1.9398972974340896,0.0,0.0,0.0,0.0,0.0,0.0,camera_rotation_center_and_target_diameter_scale_single_view,9.101069338559885,0.0,10000,10000,True,True,True,/content/cv3d-project/data/cache/reconstruction/predictions/02958343/10e99b1475098c0aaa69dfdc5532bb13/9ad256ad46cbe48c42dc5099.npz,ae25c32eb0840dbb37402208ce670fb5abf6da54728a1b67012d8dd5d0e09a3e,/content/cv3d-project/data/cache/reconstruction/metrics/02958343/10e99b1475098c0aaa69dfdc5532bb13/c2b27d888a099afc018e1ba2.json,3.7475230001291493
02958343/10e99b1475098c0aaa69dfdc5532bb13,farthest,2,"[0, 46]",0.03313887980740196,0.09185052760660577,0.15056217540580957,0.4572662758407899,0.016130565583634175,0.037214163866632205,1.9398972974340896,1.0,0.1577,0.3673,0.2964,0.0085,0.0196,camera_pose_sim3,2.6411398283714673,0.03095360859605349,10000,10000,True,False,True,/content/cv3d-project/data/cache/reconstruction/predictions/02958343/10e99b1475098c0aaa69dfdc5532bb13/bff43d01c0afc378c5f0ed43.npz,603e8ed3516c931c0d1bd97822b2b0a0262d2ee471a659cdc3b587a3792012bf,/content/cv3d-project/data/cache/reconstruction/metrics/02958343/10e99b1475098c0aaa69dfdc5532bb13/d11c4731ac324e344dac447c.json,11.459402000127739
02958343/10e99b1475098c0aaa69dfdc5532bb13,farthest,3,"[0, 46, 18]",0.313694683416102,0.38882609101614396,0.4639574986161859,0.0,0.0,0.0,1.9398972974340896,0.0,0.0,0.0,0.0,0.0,0.0,camera_pose_sim3,2.1822237792284347,0.840106861602138,10000,10000,True,False,True,/content/cv3d-project/data/cache/reconstruction/predictions/02958343/10e99b1475098c0aaa69dfdc5532bb13/940134d6f8cc32e45a4ffe6c.npz,a2cf5d329e6d137fba256325a9adaaa06f14e6ebd4e6b9e5a8a668e5c913fd32,/content/cv3d-project/data/cache/reconstruction/metrics/02958343/10e99b1475098c0aaa69dfdc5532bb13/c2282a18e1e8d2d5ae9c7595.json,12.599483000030887
02958343/10e99b1475098c0aaa69dfdc5532bb13,farthest,5,"[0, 46, 18, 28, 16]",0.23539435308407533,0.3603472430389324,0.48530013299378943,0.0,0.0,0.0,1.9398972974340896,0.0,0.0,0.0,0.0,0.0,0.0,camera_pose_sim3,1.0851379790262181,1.2190566915908896,10000,10000,True,False,True,/content/cv3d-project/data/cache/reconstruction/predictions/02958343/10e99b1475098c0aaa69dfdc5532bb13/17784409c7fb017fd64712bc.npz,de22b231f88cdec020f8744fd498efceb5d156a852b88b33cb27edd3f0537ded,/content/cv3d-project/data/cache/reconstruction/metrics/02958343/10e99b1475098c0aaa69dfdc5532bb13/05469bf6260761b1f7966e92.json,12.454183000045305
02958343/10e99b1475098c0aaa69dfdc5532bb13,farthest,10,"[0, 46, 18, 28, 16, 30, 2, 44, 13, 33]",0.02894695548457522,0.05369787996845276,0.0784488044523303,0.8411171630548152,0.07318982571832314,0.16067679525222553,1.9398972974340896,1.0,0.1653,0.4053,0.7258,0.047,0.1002,camera_pose_sim3,2.4031461490014925,0.2578049700121366,10000,10000,True,False,True,/content/cv3d-project/data/cache/reconstruction/predictions/02958343/10e99b1475098c0aaa69dfdc5532bb13/588b733adabee0802d4a571d.npz,a19c9787a1ded8487c5d4e80d2e11f1c444321c9ae308729260645ae4296f33f,/content/cv3d-project/data/cache/reconstruction/metrics/02958343/10e99b1475098c0aaa69dfdc5532bb13/d01045375db64b062a45f17a.json,12.49689499991291
02958343/1104f0924e03f2b6fc5886e868449015,farthest,1,[0],4.1223834808412825,4.339661352445343,4.556939224049403,0.0,0.0,0.0,1.9822118202892587,0.0,0.0,0.0,0.0,0.0,0.0,camera_rotation_center_and_target_diameter_scale_single_view,11.947559326327566,0.0,10000,10000,True,True,True,/content/cv3d-project/data/cache/reconstruction/predictions/02958343/1104f0924e03f2b6fc5886e868449015/b12a0a078239c30bd3b022b9.npz,c23885e91bb7c45355a002a6a87a233bf8241d39c01a99a738558c50084713f6,/content/cv3d-project/data/cache/reconstruction/metrics/02958343/1104f0924e03f2b6fc5886e868449015/6c330f2a2c96a1021a6f8ac5.json,3.996059999735735
02958343/1104f0924e03f2b6fc5886e868449015,farthest,2,"[0, 46]",0.014805064272404678,0.10032688816458697,0.18584871205676926,0.36694700743039116,0.029405663265306123,0.06304940730203888,1.9822118202892587,1.0,0.3767,0.8108,0.2247,0.0153,0.0328,camera_pose_sim3,2.7771203579651367,0.039781493361748015,10000,10000,True,False,True,/content/cv3d-project/data/cache/reconstruction/predictions/02958343/1104f0924e03f2b6fc5886e868449015/821bf58255725e39c6d65f17.npz,d3e3b087a12e9d9ee545cdf15b3f70308eecc7252039c3817961bad81a6cd62c,/content/cv3d-project/data/cache/reconstruction/metrics/02958343/1104f0924e03f2b6fc5886e868449015/00048909041b79789be31797.json,11.819657000160078
02958343/1104f0924e03f2b6fc5886e868449015,farthest,3,"[0, 46, 18]",0.19689868937431684,0.2772656105968599,0.35763253181940297,0.0,0.0,0.0,1.9822118202892587,0.0,0.0,0.0,0.0,0.0,0.0,camera_pose_sim3,2.1857705454421543,0.7425651070409082,10000,10000,True,False,True,/content/cv3d-project/data/cache/reconstruction/predictions/02958343/1104f0924e03f2b6fc5886e868449015/42a7d7664c76d6b685d43b87.npz,6ccd147472ea1fbd6873be8f748c8799ac73bc41154c594a85590c0716e85fb8,/content/cv3d-project/data/cache/reconstruction/metrics/02958343/1104f0924e03f2b6fc5886e868449015/b8e6f21f12704ed435b925ee.json,11.944230999688443
02958343/1104f0924e03f2b6fc5886e868449015,farthest,5,"[0, 46, 18, 28, 16]",0.3247933708940785,0.39977842050714835,0.4747634701202182,0.0,0.0,0.0,1.9822118202892587,0.0,0.0,0.0,0.0,0.0,0.0,camera_pose_sim3,2.215280384463159,0.901551975302022,10000,10000,True,False,True,/content/cv3d-project/data/cache/reconstruction/predictions/02958343/1104f0924e03f2b6fc5886e868449015/2ffa939c31a44523abf7a5a4.npz,948bcd075a9eea40548a72d811ca6f67e2f0afabc93c5f27532a32e80c927876,/content/cv3d-project/data/cache/reconstruction/metrics/02958343/1104f0924e03f2b6fc5886e868449015/29c225215bb7cc66253ec7d4.json,11.640776000149344
02958343/1104f0924e03f2b6fc5886e868449015,farthest,10,"[0, 46, 18, 28, 16, 30, 2, 44, 13, 33]",0.020453952581229846,0.04434397821550763,0.06823400384978542,0.8834924356612516,0.1073287559055118,0.26152165803108807,1.9822118202892587,1.0,0.2491,0.6052,0.7913,0.0684,0.1668,camera_pose_sim3,2.4388205855991516,0.10111537321434604,10000,10000,True,False,True,/content/cv3d-project/data/cache/reconstruction/predictions/02958343/1104f0924e03f2b6fc5886e868449015/955386598c25fe6054fe1d2b.npz,d47fdedbb9ca0ea37262ea43d5eadb325f24a6e29f200bd3175a9201bf69fcca,/content/cv3d-project/data/cache/reconstruction/metrics/02958343/1104f0924e03f2b6fc5886e868449015/92f15a1a46bd8771847fc052.json,16.94996900005208
02958343/1137cd58d6a45c6659a47b1880958de9,farthest,1,[0],2.9326854757241625,3.147517826256824,3.3623501767894854,0.0,0.0,0.0,1.9797847779606585,0.0,0.0,0.0,0.0,0.0,0.0,camera_rotation_center_and_target_diameter_scale_single_view,9.51319004342496,0.0,10000,10000,True,True,True,/content/cv3d-project/data/cache/reconstruction/predictions/02958343/1137cd58d6a45c6659a47b1880958de9/af5bb001154eb5384b077c0c.npz,66a4800fcfaa3c5705060453d1ea59ebe0b55ec3d1644880f89fbb3a301d29bc,/content/cv3d-project/data/cache/reconstruction/metrics/02958343/1137cd58d6a45c6659a47b1880958de9/57353e82b891597c6743d37b.json,4.742401000385144
02958343/1137cd58d6a45c6659a47b1880958de9,farthest,2,"[0, 46]",0.3498780712052113,0.4108072336786952,0.47173639615217916,0.0,0.0,0.0,1.9797847779606585,0.0,0.0,0.0,0.0,0.0,0.0,camera_pose_sim3,2.8436698701664747,0.15685396058972637,10000,10000,True,False,True,/content/cv3d-project/data/cache/reconstruction/predictions/02958343/1137cd58d6a45c6659a47b1880958de9/19e726db4254b4ef49cac23a.npz,9bec0f7c9c6bdf6e72ba03b7cb2f2ef37c8432aba628854964514423009412fb,/content/cv3d-project/data/cache/reconstruction/metrics/02958343/1137cd58d6a45c6659a47b1880958de9/70205cb52706d7483fab5aef.json,11.939317999804189
02958343/1137cd58d6a45c6659a47b1880958de9,farthest,3,"[0, 46, 18]",0.281688815700902,0.36334058130182045,0.44499234690273887,0.0,0.0,0.0,1.9797847779606585,0.0,0.0,0.0,0.0,0.0,0.0,camera_pose_sim3,1.9094024553602862,0.8634404658798558,10000,10000,True,False,True,/content/cv3d-project/data/cache/reconstruction/predictions/02958343/1137cd58d6a45c6659a47b1880958de9/43dc7ea5136f939c79702f98.npz,de442d24310852951468c35c9704abc166be3adfae008f5b3c722520ca9f4da9,/content/cv3d-project/data/cache/reconstruction/metrics/02958343/1137cd58d6a45c6659a47b1880958de9/5552fe12faf3202ad04c6631.json,12.154416000157653
02958343/1137cd58d6a45c6659a47b1880958de9,farthest,5,"[0, 46, 18, 28, 16]",0.1688666340119018,0.26263571544242803,0.35640479687295423,0.0,0.0,0.0,1.9797847779606585,0.0,0.0,0.0,0.0,0.0,0.0,camera_pose_sim3,0.11542530988061533,1.3494361427857688,10000,10000,True,False,True,/content/cv3d-project/data/cache/reconstruction/predictions/02958343/1137cd58d6a45c6659a47b1880958de9/8d5a5e5dea8abb5f2d3fc461.npz,69a705302ce2a86c02b2adbb2769dc856f00190c16f07a594f3d9a5dcb36639b,/content/cv3d-project/data/cache/reconstruction/metrics/02958343/1137cd58d6a45c6659a47b1880958de9/a04bcfb8aaba451068427e33.json,11.80736700007401
02958343/1137cd58d6a45c6659a47b1880958de9,farthest,10,"[0, 46, 18, 28, 16, 30, 2, 44, 13, 33]",0.015589751322444554,0.05622694600349807,0.09686414068455158,0.6926395607268925,0.11337219394588803,0.2545989268506351,1.9797847779606585,1.0,0.3036,0.7603,0.5298,0.0697,0.1529,camera_pose_sim3,2.363366257281987,0.4246832157179152,10000,10000,True,False,True,/content/cv3d-project/data/cache/reconstruction/predictions/02958343/1137cd58d6a45c6659a47b1880958de9/5866478dfb9b420ee693d52c.npz,b31810c72f0b07c36fa50d18d6bd908534998036f39aa16c2a782c71d893c30d,/content/cv3d-project/data/cache/reconstruction/metrics/02958343/1137cd58d6a45c6659a47b1880958de9/f22ebe3f6a69af3f089dd264.json,12.866117000157828
02958343/114b662c64caba81bb07f8c2248e54bc,farthest,1,[0],4.1239214677522495,4.335357127799031,4.5467927878458125,0.0,0.0,0.0,1.9869569941259921,0.0,0.0,0.0,0.0,0.0,0.0,camera_rotation_center_and_target_diameter_scale_single_view,11.93837291993469,0.0,9890,10000,True,True,True,/content/cv3d-project/data/cache/reconstruction/predictions/02958343/114b662c64caba81bb07f8c2248e54bc/df4ce7ee864a61925b17a3d6.npz,2c5cd1061f3e1d3934418f5fff722e241c1b8bc510b2e4757db16fcd673f4f05,/content/cv3d-project/data/cache/reconstruction/metrics/02958343/114b662c64caba81bb07f8c2248e54bc/6d5d0756b13a49503e6df7d9.json,3.8132720001158305
02958343/114b662c64caba81bb07f8c2248e54bc,farthest,2,"[0, 46]",0.9072637644344625,0.9500169086616947,0.9927700528889268,0.0,0.0,0.0,1.9869569941259921,0.0,0.0,0.0,0.0,0.0,0.0,camera_pose_sim3,3.3526225293144507,0.11916171922812659,10000,10000,True,False,True,/content/cv3d-project/data/cache/reconstruction/predictions/02958343/114b662c64caba81bb07f8c2248e54bc/9ac9b43667686f6ddc397bc9.npz,7608c0f00278bbff2f6da73ec5e3bf96422fa9c5f831c8dd602de84df0f01917,/content/cv3d-project/data/cache/reconstruction/metrics/02958343/114b662c64caba81bb07f8c2248e54bc/04ed33e72ecd84e49940dcad.json,11.694053999690368
02958343/114b662c64caba81bb07f8c2248e54bc,farthest,3,"[0, 46, 18]",0.8101027908317965,0.8816424518129762,0.953182112794156,0.0,0.0,0.0,1.9869569941259921,0.0,0.0,0.0,0.0,0.0,0.0,camera_pose_sim3,2.307587118806462,1.0569762917141767,10000,10000,True,False,True,/content/cv3d-project/data/cache/reconstruction/predictions/02958343/114b662c64caba81bb07f8c2248e54bc/e28e54ee6f4386475980fb3c.npz,64984bfb4ca0bf9142e2f393d57bb21f9258b2694c13db4a59b5f0a240f1420a,/content/cv3d-project/data/cache/reconstruction/metrics/02958343/114b662c64caba81bb07f8c2248e54bc/74d23b3b0236b450a1ed68a6.json,12.78824800010625
02958343/114b662c64caba81bb07f8c2248e54bc,farthest,5,"[0, 46, 18, 28, 16]",0.13991812255677508,0.24879244980643977,0.35766677705610445,0.042049094567404424,0.0,0.0,1.9869569941259921,0.0692,0.0,0.0,0.0302,0.0,0.0,camera_pose_sim3,1.909263375207681,1.067742558968202,10000,10000,True,False,True,/content/cv3d-project/data/cache/reconstruction/predictions/02958343/114b662c64caba81bb07f8c2248e54bc/0c16e999c088f68404b5e6f2.npz,1978bf62c4a90f18177f456426093892bb4f28d423cb849a551287b3181ebff5,/content/cv3d-project/data/cache/reconstruction/metrics/02958343/114b662c64caba81bb07f8c2248e54bc/aafac93565df8ffde425081e.json,12.235817999680876
02958343/114b662c64caba81bb07f8c2248e54bc,farthest,10,"[0, 46, 18, 28, 16, 30, 2, 44, 13, 33]",0.08496669275499621,0.17275175704650442,0.26053682133801265,0.1765988778593008,0.0076850649350649345,0.016365116279069766,1.9869569941259921,0.5913,0.0263,0.0681,0.1038,0.0045,0.0093,camera_pose_sim3,1.5921776653483775,0.9194800608377276,10000,10000,True,False,True,/content/cv3d-project/data/cache/reconstruction/predictions/02958343/114b662c64caba81bb07f8c2248e54bc/36b7e8be7b91317c0f8008fc.npz,a741f033476bc75d2c6b7275862c42640e467ae4571e854899072736dbf97a5a,/content/cv3d-project/data/cache/reconstruction/metrics/02958343/114b662c64caba81bb07f8c2248e54bc/90384df033fe211f3a842c59.json,12.506914999903529
02958343/1159faf9bf78998493680c5a9a367b4a,farthest,1,[0],4.008880179619851,4.2067611239756335,4.404642068331416,0.0,0.0,0.0,1.9929820921664265,0.0,0.0,0.0,0.0,0.0,0.0,camera_rotation_center_and_target_diameter_scale_single_view,11.659361754891632,0.0,10000,10000,True,True,True,/content/cv3d-project/data/cache/reconstruction/predictions/02958343/1159faf9bf78998493680c5a9a367b4a/dabaa14fb88d214578731cc3.npz,0d47fc7e31268df45271f871efe00a9b68fbb0075011f5ef4fe998e01dec4f2e,/content/cv3d-project/data/cache/reconstruction/metrics/02958343/1159faf9bf78998493680c5a9a367b4a/70b407fdb886e4eed5e29277.json,4.012189999684779
02958343/1159faf9bf78998493680c5a9a367b4a,farthest,2,"[0, 46]",0.013767392888507328,0.08261637724801082,0.1514653616075143,0.5071284615958797,0.0289174885734905,0.06599250296559905,1.9929820921664265,1.0,0.4007,0.8086,0.3397,0.015,0.0344,camera_pose_sim3,2.8733048647650197,0.031537659934664085,10000,10000,True,False,True,/content/cv3d-project/data/cache/reconstruction/predictions/02958343/1159faf9bf78998493680c5a9a367b4a/db4c6c24290fcf9cc6abe0ad.npz,bcaabb4a9d487eb54917a243ce4635c96ba3d30e4cfadddfea2b1b16152c119b,/content/cv3d-project/data/cache/reconstruction/metrics/02958343/1159faf9bf78998493680c5a9a367b4a/16d7e9094150bf5016691437.json,11.514453000017966
02958343/1159faf9bf78998493680c5a9a367b4a,farthest,3,"[0, 46, 18]",0.04709151311978682,0.19399616065133388,0.34090080818288093,0.15210823575715832,0.007237185929648242,0.01734359805510535,1.9929820921664265,0.9335,0.0758,0.2378,0.0828,0.0038,0.009,camera_pose_sim3,1.9842308908517925,0.7747619113850701,10000,10000,True,False,True,/content/cv3d-project/data/cache/reconstruction/predictions/02958343/1159faf9bf78998493680c5a9a367b4a/966b15a3b8a69155c57b42e0.npz,9304de638fd837cc3548ed210cb6b3f70f29901379ab05ea8a9ce38acc72d72f,/content/cv3d-project/data/cache/reconstruction/metrics/02958343/1159faf9bf78998493680c5a9a367b4a/1c845d4ae295434ff347dce7.json,11.445223000009719
02958343/1159faf9bf78998493680c5a9a367b4a,farthest,5,"[0, 46, 18, 28, 16]",0.1040453657743689,0.25414981595259245,0.40425426613081594,0.021321313456889604,0.0,0.0,1.9929820921664265,0.4855,0.0,0.0,0.0109,0.0,0.0,camera_pose_sim3,1.1060463012891473,1.19744910579442,10000,10000,True,False,True,/content/cv3d-project/data/cache/reconstruction/predictions/02958343/1159faf9bf78998493680c5a9a367b4a/3d9d692b9becadd1d2e53fc1.npz,aa4ec66dee6a77a6c2fc29f06907cdcb72f7f6a796c2a7f975a32b8fdb07386a,/content/cv3d-project/data/cache/reconstruction/metrics/02958343/1159faf9bf78998493680c5a9a367b4a/7caa3d920664f6426516656a.json,11.57925500001511
02958343/1159faf9bf78998493680c5a9a367b4a,farthest,10,"[0, 46, 18, 28, 16, 30, 2, 44, 13, 33]",0.028163174811446756,0.10889730932597616,0.18963144384050556,0.44103203679164393,0.050100542495479204,0.10293339416058393,1.9929820921664265,1.0,0.1924,0.4905,0.2829,0.0288,0.0575,camera_pose_sim3,1.8851807199408657,0.8557501977571116,10000,10000,True,False,True,/content/cv3d-project/data/cache/reconstruction/predictions/02958343/1159faf9bf78998493680c5a9a367b4a/79ebf6f6a1bd0c0d915b6f00.npz,c684825aa119e66cfb56d83fe95f829c4365e7ef4414f085327cdc68d87f3c8f,/content/cv3d-project/data/cache/reconstruction/metrics/02958343/1159faf9bf78998493680c5a9a367b4a/55e2dff698e8ab9e29a871ea.json,14.65362599992659
02958343/1166b049a7230db9f50f5d46dfed0533,farthest,1,[0],4.269409428355387,4.474739874506415,4.6800703206574426,0.0,0.0,0.0,1.3949552439843986,0.0,0.0,0.0,0.0,0.0,0.0,camera_rotation_center_and_target_diameter_scale_single_view,9.39978274337584,0.0,5553,10000,True,True,True,/content/cv3d-project/data/cache/reconstruction/predictions/02958343/1166b049a7230db9f50f5d46dfed0533/9ece092aae2f348bdaa7df6a.npz,8712f8780746bb94bf7cce244ecc17536cb86f581d79ea62bba8b7d24625e80d,/content/cv3d-project/data/cache/reconstruction/metrics/02958343/1166b049a7230db9f50f5d46dfed0533/a54605244622cc33005b5d5e.json,3.3998950002569472
02958343/1166b049a7230db9f50f5d46dfed0533,farthest,2,"[0, 46]",0.12217845504523908,0.2452718226728101,0.3683651903003812,0.08524613615455383,9.999999999999999e-05,0.0019505154639175258,1.3949552439843986,0.3869,0.0001,0.0086,0.0479,0.0001,0.0011,camera_pose_sim3,2.945318604423488,0.17815689164681398,10000,10000,True,False,True,/content/cv3d-project/data/cache/reconstruction/predictions/02958343/1166b049a7230db9f50f5d46dfed0533/6bc1da2a175675e34dbb1a65.npz,896de01ef016b63659d9606e6364266c0b4ed0c7a008f97e86c99caf2800db7d,/content/cv3d-project/data/cache/reconstruction/metrics/02958343/1166b049a7230db9f50f5d46dfed0533/51424a700d60f66d5a7217f4.json,11.629395999989356
02958343/1166b049a7230db9f50f5d46dfed0533,farthest,3,"[0, 46, 18]",0.39096192929128437,0.5929453497547996,0.7949287702183149,0.0,0.0,0.0,1.3949552439843986,0.0,0.0,0.0,0.0,0.0,0.0,camera_pose_sim3,1.487243883796832,1.3335820080801482,10000,10000,True,False,True,/content/cv3d-project/data/cache/reconstruction/predictions/02958343/1166b049a7230db9f50f5d46dfed0533/3e6674d9673d5656d92a3060.npz,5e635cf24567416a58851504c5e7f5ecc917fba1d75ee973611b37242a279120,/content/cv3d-project/data/cache/reconstruction/metrics/02958343/1166b049a7230db9f50f5d46dfed0533/84eb4a674a9e8c76eca4c5f3.json,13.119280999944749
02958343/1166b049a7230db9f50f5d46dfed0533,farthest,5,"[0, 46, 18, 28, 16]",0.21898885075088578,0.30570019721019387,0.392411543669502,0.0,0.0,0.0,1.3949552439843986,0.0,0.0,0.0,0.0,0.0,0.0,camera_pose_sim3,2.651653175357836,0.4291231570630187,10000,10000,True,False,True,/content/cv3d-project/data/cache/reconstruction/predictions/02958343/1166b049a7230db9f50f5d46dfed0533/e2404634bfa816954b227367.npz,df49705a6d6d43f94e3d1dd042141192f36047c8585310a175cad8a4f63550f8,/content/cv3d-project/data/cache/reconstruction/metrics/02958343/1166b049a7230db9f50f5d46dfed0533/7157650e2a4ef244426707fe.json,12.649508999857062
02958343/1166b049a7230db9f50f5d46dfed0533,farthest,10,"[0, 46, 18, 28, 16, 30, 2, 44, 13, 33]",0.08301581469172917,0.15130540749536564,0.21959500029900214,0.33659520465003634,0.05985,0.1163883528404225,1.3949552439843986,0.5904,0.1197,0.2766,0.2354,0.0399,0.0737,camera_pose_sim3,2.613880825495077,0.13985995077747573,10000,10000,True,False,True,/content/cv3d-project/data/cache/reconstruction/predictions/02958343/1166b049a7230db9f50f5d46dfed0533/caf6e249d084d0f424c66a8d.npz,391894ac6ffcf22f47e716236ba0d74b692c4d9cb1b196ff7923a36c9e0e6e19,/content/cv3d-project/data/cache/reconstruction/metrics/02958343/1166b049a7230db9f50f5d46dfed0533/75b3f3c05f07d0e52e9d29e1.json,13.089073000173812
02958343/119033fe083145e22f31600ac759c763,farthest,1,[0],5.103723265166943,5.308793499472031,5.513863733777119,0.0,0.0,0.0,1.9677514935020894,0.0,0.0,0.0,0.0,0.0,0.0,camera_rotation_center_and_target_diameter_scale_single_view,13.809947550051183,0.0,10000,10000,True,True,True,/content/cv3d-project/data/cache/reconstruction/predictions/02958343/119033fe083145e22f31600ac759c763/424112ce7a1af1be09697858.npz,0688ed297a10f3b13890314be71cb5f36ebec2cc62f8352980e0bcb864d33ff9,/content/cv3d-project/data/cache/reconstruction/metrics/02958343/119033fe083145e22f31600ac759c763/cc6e946a3ceba231d3172c38.json,4.039749000185111
02958343/119033fe083145e22f31600ac759c763,farthest,2,"[0, 46]",0.04720574857969207,0.13006241401080526,0.21291907944191846,0.25186308712800287,0.008949183673469387,0.026240574506283663,1.9677514935020894,0.9709,0.0933,0.2088,0.1447,0.0047,0.014,camera_pose_sim3,2.766296319882341,0.07002277384732417,10000,10000,True,False,True,/content/cv3d-project/data/cache/reconstruction/predictions/02958343/119033fe083145e22f31600ac759c763/48ffb216183c8319f02b4c17.npz,5d986b632c88f6396c7b217300278ac024644ce7abd7d205dffc44a9ce1b9ea9,/content/cv3d-project/data/cache/reconstruction/metrics/02958343/119033fe083145e22f31600ac759c763/93b66dca9bd8ba68fda7b49f.json,12.066561999745318
02958343/119033fe083145e22f31600ac759c763,farthest,3,"[0, 46, 18]",0.19016335947159405,0.30346976458251296,0.41677616969343184,0.0,0.0,0.0,1.9677514935020894,0.0,0.0,0.0,0.0,0.0,0.0,camera_pose_sim3,2.0954624429757778,0.7655865406539564,10000,10000,True,False,True,/content/cv3d-project/data/cache/reconstruction/predictions/02958343/119033fe083145e22f31600ac759c763/83e3306c44f9772983f200e6.npz,151fb9059a10154f9de683a1925a47427361e3e1091c619e8360bfd194906edc,/content/cv3d-project/data/cache/reconstruction/metrics/02958343/119033fe083145e22f31600ac759c763/8b6cb60970a1aad39fb72180.json,11.915280000266648
02958343/119033fe083145e22f31600ac759c763,farthest,5,"[0, 46, 18, 28, 16]",0.018002073306063227,0.10416566757461425,0.19032926184316526,0.5095759743647068,0.030044165170556553,0.07899532625189681,1.9677514935020894,1.0,0.2066,0.6168,0.3419,0.0162,0.0422,camera_pose_sim3,2.447630702586546,0.5309522083611328,10000,10000,True,False,True,/content/cv3d-project/data/cache/reconstruction/predictions/02958343/119033fe083145e22f31600ac759c763/a07d1d7d9f8f129d0562cf0f.npz,1ca66015b8be1f18eceeb13f3364065dc8ac893cf8b961d227cf6c49656d02a4,/content/cv3d-project/data/cache/reconstruction/metrics/02958343/119033fe083145e22f31600ac759c763/79055f5753eb86671bf3347b.json,11.5755970000464
02958343/119033fe083145e22f31600ac759c763,farthest,10,"[0, 46, 18, 28, 16, 30, 2, 44, 13, 33]",0.02212723448782535,0.08665273005101976,0.15117822561421415,0.5409979573971404,0.07499135209334248,0.14993172026225415,1.9677514935020894,1.0,0.2472,0.5539,0.3708,0.0442,0.0867,camera_pose_sim3,2.3464431835697206,0.5554877690167787,10000,10000,True,False,True,/content/cv3d-project/data/cache/reconstruction/predictions/02958343/119033fe083145e22f31600ac759c763/ad061d3107851f81939ed7e5.npz,300f93a9f394fd72ec4423f50afddb94c0cd4234d30195a1aaa9a927a8ed3ba6,/content/cv3d-project/data/cache/reconstruction/metrics/02958343/119033fe083145e22f31600ac759c763/a07d28c478369667039bd0e1.json,15.313417000015761
02958343/1198255e3d20d2f323f3ca54768fe2ee,farthest,1,[0],4.253693635028189,4.453898190299826,4.654102745571463,0.0,0.0,0.0,1.9975759336719574,0.0,0.0,0.0,0.0,0.0,0.0,camera_rotation_center_and_target_diameter_scale_single_view,12.153367824473778,0.0,10000,10000,True,True,True,/content/cv3d-project/data/cache/reconstruction/predictions/02958343/1198255e3d20d2f323f3ca54768fe2ee/8cd5327b84d68b4338deb97f.npz,7e90b62749a1f4ab197f9f8f72c2c19e31a6998a47971338f660ae2de9e8bc5d,/content/cv3d-project/data/cache/reconstruction/metrics/02958343/1198255e3d20d2f323f3ca54768fe2ee/32626bf9a1e3ec9df8c813f5.json,3.942941999866889
02958343/1198255e3d20d2f323f3ca54768fe2ee,farthest,2,"[0, 46]",0.0410091408852092,0.15846632399566726,0.27592350710612534,0.2072410214762678,0.018276537313432838,0.035735257214554575,1.9975759336719574,0.9925,0.1578,0.2998,0.1157,0.0097,0.019,camera_pose_sim3,2.870139504802664,0.06771185613403854,10000,10000,True,False,True,/content/cv3d-project/data/cache/reconstruction/predictions/02958343/1198255e3d20d2f323f3ca54768fe2ee/65328ecd4b8fc982f5743e10.npz,c4d4c38d50bf0e6775e17cd7f4417cf4cf67753dfe20002fc1da1460d0afdf02,/content/cv3d-project/data/cache/reconstruction/metrics/02958343/1198255e3d20d2f323f3ca54768fe2ee/49cc5ee451eeccccd43b40b9.json,13.382309999997233
02958343/1198255e3d20d2f323f3ca54768fe2ee,farthest,3,"[0, 46, 18]",0.402712940172743,0.5510293501358832,0.6993457600990233,0.0,0.0,0.0,1.9975759336719574,0.0,0.0,0.0,0.0,0.0,0.0,camera_pose_sim3,1.8644511468198068,0.9517362920000831,10000,10000,True,False,True,/content/cv3d-project/data/cache/reconstruction/predictions/02958343/1198255e3d20d2f323f3ca54768fe2ee/b42790202d671aecb41b05e5.npz,fa7396bcbd94ceed395ead99ffae38487da28a0969c003c0783e2e8717d2f58d,/content/cv3d-project/data/cache/reconstruction/metrics/02958343/1198255e3d20d2f323f3ca54768fe2ee/17c68cabd5ede5a32ae24a24.json,12.433585999588104
02958343/1198255e3d20d2f323f3ca54768fe2ee,farthest,5,"[0, 46, 18, 28, 16]",0.07055382757088803,0.16055287908278393,0.25055193059467984,0.37204693673917383,0.0014666666666666667,0.006990604026845637,1.9975759336719574,0.7554,0.0022,0.0093,0.2468,0.0011,0.0056,camera_pose_sim3,2.2386922605201054,0.688204002959432,10000,10000,True,False,True,/content/cv3d-project/data/cache/reconstruction/predictions/02958343/1198255e3d20d2f323f3ca54768fe2ee/394fe286c882eb879b21905d.npz,10a15d62d7f589ae488d54bf4b07aa5838d8587ddff30da5ae4c5cc21b37de30,/content/cv3d-project/data/cache/reconstruction/metrics/02958343/1198255e3d20d2f323f3ca54768fe2ee/b63052eb78350c0ddfbdd6e3.json,12.318035999669519
02958343/1198255e3d20d2f323f3ca54768fe2ee,farthest,10,"[0, 46, 18, 28, 16, 30, 2, 44, 13, 33]",0.04619547285388854,0.11831599073144858,0.19043650860900863,0.3644077474131069,0.04730025445292621,0.09303800660462323,1.9975759336719574,0.9024,0.1282,0.2772,0.2283,0.029,0.0559,camera_pose_sim3,2.0822046210275147,0.6570819711465434,10000,10000,True,False,True,/content/cv3d-project/data/cache/reconstruction/predictions/02958343/1198255e3d20d2f323f3ca54768fe2ee/4774dbdc173c6284a747873b.npz,7c691c339b9bd6fe01c10f57a21ba673826f735dd2d764e88deb06f799a52322,/content/cv3d-project/data/cache/reconstruction/metrics/02958343/1198255e3d20d2f323f3ca54768fe2ee/f4acae226a0ead0200e9751b.json,12.504131999776291
02958343/11b09de6631b3b3ad997cda1a938a10d,farthest,1,[0],5.311716467362932,5.494602311229233,5.677488155095533,0.0,0.0,0.0,1.9831495115005957,0.0,0.0,0.0,0.0,0.0,0.0,camera_rotation_center_and_target_diameter_scale_single_view,14.21826527926928,0.0,7382,10000,True,True,True,/content/cv3d-project/data/cache/reconstruction/predictions/02958343/11b09de6631b3b3ad997cda1a938a10d/9303c74acc840b626e965dfd.npz,d95dd32714b06031d15e597384945cddd36db1f21f7a09c7ddc6dd895bc91284,/content/cv3d-project/data/cache/reconstruction/metrics/02958343/11b09de6631b3b3ad997cda1a938a10d/17c7423ff040079725934cf6.json,3.5337170002094354
02958343/11b09de6631b3b3ad997cda1a938a10d,farthest,2,"[0, 46]",0.11080309780146358,0.18953694872918275,0.2682707996569019,0.08483654101995565,0.0,0.0,1.9831495115005957,0.4036,0.0,0.0,0.0474,0.0,0.0,camera_pose_sim3,2.919054926590328,0.04634315119603335,10000,10000,True,False,True,/content/cv3d-project/data/cache/reconstruction/predictions/02958343/11b09de6631b3b3ad997cda1a938a10d/50713678b5499185f93d5c11.npz,0e03d3f1bf6f8dd1598274372d2d085ba1d3173ec4f2354e0df8de6690d08a7f,/content/cv3d-project/data/cache/reconstruction/metrics/02958343/11b09de6631b3b3ad997cda1a938a10d/5661cc72b400cc1442ee770c.json,11.781753999912326
02958343/11b09de6631b3b3ad997cda1a938a10d,farthest,3,"[0, 46, 18]",0.4147518613494353,0.48811650658000466,0.561481151810574,0.0,0.0,0.0,1.9831495115005957,0.0,0.0,0.0,0.0,0.0,0.0,camera_pose_sim3,2.464666122414126,0.8038951599407196,10000,10000,True,False,True,/content/cv3d-project/data/cache/reconstruction/predictions/02958343/11b09de6631b3b3ad997cda1a938a10d/833b03588cf1a55be901929e.npz,de50753ba0f34adec55bd13e56aa7557b1c771736ab73bcba3c7a96dca9c2a6a,/content/cv3d-project/data/cache/reconstruction/metrics/02958343/11b09de6631b3b3ad997cda1a938a10d/d981fafe2ac9adfe945c5f99.json,11.482074000014109
02958343/11b09de6631b3b3ad997cda1a938a10d,farthest,5,"[0, 46, 18, 28, 16]",0.022855752533196726,0.16685856337543026,0.3108613742176638,0.11853245531514582,0.0003843137254901961,0.0035771186440677963,1.9831495115005957,1.0,0.0049,0.2814,0.063,0.0002,0.0018,camera_pose_sim3,0.492145420714541,1.3255161195382907,10000,10000,True,False,True,/content/cv3d-project/data/cache/reconstruction/predictions/02958343/11b09de6631b3b3ad997cda1a938a10d/cc74313fc3ac54a139fff2b8.npz,135508220b656f0689e206d46e5b0c06747cee488380fb1ef58ccd36b11d636c,/content/cv3d-project/data/cache/reconstruction/metrics/02958343/11b09de6631b3b3ad997cda1a938a10d/5076d944dbf044ac526ae47c.json,12.661750000006577
02958343/11b09de6631b3b3ad997cda1a938a10d,farthest,10,"[0, 46, 18, 28, 16, 30, 2, 44, 13, 33]",0.025929238478283278,0.073521870496863,0.12111450251544272,0.6280696940595417,0.05849296508598228,0.13765813803483123,1.9831495115005957,1.0,0.1559,0.3811,0.4578,0.036,0.084,camera_pose_sim3,2.382624843228566,0.3999447351199115,10000,10000,True,False,True,/content/cv3d-project/data/cache/reconstruction/predictions/02958343/11b09de6631b3b3ad997cda1a938a10d/e01f04d271f9ed4a85aa0506.npz,d7840ed3ab9a22e59d1a127f4a707e9a942daab5ef03197143c6b072754a3425,/content/cv3d-project/data/cache/reconstruction/metrics/02958343/11b09de6631b3b3ad997cda1a938a10d/ec14a9d46cf23d866f596d05.json,13.206664000335877
02958343/11dba0c2ec8127356c2fe9dcfa1ee2f8,farthest,1,[0],3.6582853776050883,3.8809071888405917,4.103529000076096,0.0,0.0,0.0,1.9579465833379408,0.0,0.0,0.0,0.0,0.0,0.0,camera_rotation_center_and_target_diameter_scale_single_view,10.815679502798888,0.0,10000,10000,True,True,True,/content/cv3d-project/data/cache/reconstruction/predictions/02958343/11dba0c2ec8127356c2fe9dcfa1ee2f8/30f33916567db266b16b7b5f.npz,93718debcefd97c6472b1629ac74680c5fae4208c3159fa8e40363be69737613,/content/cv3d-project/data/cache/reconstruction/metrics/02958343/11dba0c2ec8127356c2fe9dcfa1ee2f8/562dcfe0dc9255c21ef93295.json,3.941251000014745
02958343/11dba0c2ec8127356c2fe9dcfa1ee2f8,farthest,2,"[0, 46]",0.019471461107162264,0.10373908171550086,0.18800670232383945,0.3727931006427467,0.02016350531107739,0.05732831075476914,1.9579465833379408,1.0,0.2531,0.6935,0.2291,0.0105,0.0299,camera_pose_sim3,2.796292488953987,0.0561409481377613,10000,10000,True,False,True,/content/cv3d-project/data/cache/reconstruction/predictions/02958343/11dba0c2ec8127356c2fe9dcfa1ee2f8/023643cced6ddd94b6cd7312.npz,cbaf3e9ce9c1c8f3a35ed41e7fa2c7081b0f64ba66982125cfc7585edc82d95d,/content/cv3d-project/data/cache/reconstruction/metrics/02958343/11dba0c2ec8127356c2fe9dcfa1ee2f8/1eda90e138f9e6fe1b0c79fc.json,12.26233899978979
02958343/11dba0c2ec8127356c2fe9dcfa1ee2f8,farthest,3,"[0, 46, 18]",0.3441515087804155,0.40293499700884927,0.4617184852372831,0.0,0.0,0.0,1.9579465833379408,0.0,0.0,0.0,0.0,0.0,0.0,camera_pose_sim3,2.38295784932081,0.7940621823476535,10000,10000,True,False,True,/content/cv3d-project/data/cache/reconstruction/predictions/02958343/11dba0c2ec8127356c2fe9dcfa1ee2f8/8bdc1edb7ac4d9e3c7ef2d58.npz,ae0ba294f1fa7872de3079da92bc86d724008220794f46806f5e10646c984ffe,/content/cv3d-project/data/cache/reconstruction/metrics/02958343/11dba0c2ec8127356c2fe9dcfa1ee2f8/a3ba4eb0f73aa95ec1d58373.json,11.567210000066552
02958343/11dba0c2ec8127356c2fe9dcfa1ee2f8,farthest,5,"[0, 46, 18, 28, 16]",0.013867166422759722,0.11956866588244988,0.22527016534214003,0.5140054981796568,0.057520706337687466,0.11707964064869911,1.9579465833379408,1.0,0.3823,0.7939,0.3459,0.0311,0.0632,camera_pose_sim3,2.312412158492412,0.8504594624644349,10000,10000,True,False,True,/content/cv3d-project/data/cache/reconstruction/predictions/02958343/11dba0c2ec8127356c2fe9dcfa1ee2f8/cb7e953d8355622c509349c1.npz,5ec7f0f3014c9e72c3d6e856d78a6ed63933585f5c10847676b988ad994415c6,/content/cv3d-project/data/cache/reconstruction/metrics/02958343/11dba0c2ec8127356c2fe9dcfa1ee2f8/87c8a31d69dc233dd254d3d2.json,11.419474999911472
02958343/11dba0c2ec8127356c2fe9dcfa1ee2f8,farthest,10,"[0, 46, 18, 28, 16, 30, 2, 44, 13, 33]",0.03767991921687463,0.11609368669104475,0.19450745416521487,0.42246411105852655,0.0358955,0.07709902815848492,1.9579465833379408,1.0,0.1394,0.3581,0.2678,0.0206,0.0432,camera_pose_sim3,2.04032621832308,0.7493790817012833,10000,10000,True,False,True,/content/cv3d-project/data/cache/reconstruction/predictions/02958343/11dba0c2ec8127356c2fe9dcfa1ee2f8/41b6ab352ade7f6cca8d0ef0.npz,f8313e6c79996951416768aa49984080fed7d2c484c4dc2ce6e4766ee940519b,/content/cv3d-project/data/cache/reconstruction/metrics/02958343/11dba0c2ec8127356c2fe9dcfa1ee2f8/2a7abf4b988c2267797e9b41.json,13.082298999961495
02958343/11e5b7d67058e1d75f67208653687b70,farthest,1,[0],4.942344153806997,5.156412200452246,5.370480247097497,0.0,0.0,0.0,1.9814594605163354,0.0,0.0,0.0,0.0,0.0,0.0,camera_rotation_center_and_target_diameter_scale_single_view,13.552543739189788,0.0,10000,10000,True,True,True,/content/cv3d-project/data/cache/reconstruction/predictions/02958343/11e5b7d67058e1d75f67208653687b70/fa8d9763914697d3d92ec167.npz,93191d71dea6c03e506cd918ceab909ecf351525992a0aeeea3631ceaa47cee9,/content/cv3d-project/data/cache/reconstruction/metrics/02958343/11e5b7d67058e1d75f67208653687b70/fd2dab26c669b6c4975b9156.json,3.9561559997309814
02958343/11e5b7d67058e1d75f67208653687b70,farthest,2,"[0, 46]",0.3139228647354686,0.3859469783463149,0.45797109195716124,0.0,0.0,0.0,1.9814594605163354,0.0,0.0,0.0,0.0,0.0,0.0,camera_pose_sim3,2.966335783495975,0.06962561526264546,10000,10000,True,False,True,/content/cv3d-project/data/cache/reconstruction/predictions/02958343/11e5b7d67058e1d75f67208653687b70/3a133c952014c308863a93c5.npz,2d02d421e9a0a38ea845b1cb69efc89d149aa2914ca70a3b95e7a38b1c5b0492,/content/cv3d-project/data/cache/reconstruction/metrics/02958343/11e5b7d67058e1d75f67208653687b70/3957ba72505661bb7694f04f.json,12.166758000148548
02958343/11e5b7d67058e1d75f67208653687b70,farthest,3,"[0, 46, 18]",0.6816122946269892,0.7184735657913346,0.75533483695568,0.0,0.0,0.0,1.9814594605163354,0.0,0.0,0.0,0.0,0.0,0.0,camera_pose_sim3,1.597420105179523,1.0961252994400075,10000,10000,True,False,True,/content/cv3d-project/data/cache/reconstruction/predictions/02958343/11e5b7d67058e1d75f67208653687b70/cdf8ef61f5123016adacb610.npz,cb4f4ca441d97bff353eca29aa1ce4b45aca34cea6b22efc0c94ea336dcb166b,/content/cv3d-project/data/cache/reconstruction/metrics/02958343/11e5b7d67058e1d75f67208653687b70/f365be78cb88463366df91cf.json,11.822858999948949
02958343/11e5b7d67058e1d75f67208653687b70,farthest,5,"[0, 46, 18, 28, 16]",0.27488789720138157,0.34468988373774534,0.41449187027410916,0.0,0.0,0.0,1.9814594605163354,0.0,0.0,0.0,0.0,0.0,0.0,camera_pose_sim3,2.1961564580445496,0.9179901804548013,10000,10000,True,False,True,/content/cv3d-project/data/cache/reconstruction/predictions/02958343/11e5b7d67058e1d75f67208653687b70/4d8fa1a8fdcf0e2de59ae5b8.npz,486ee7ecef75e938cde87c18ec04411f09c92af15737951145965019a5bf37c7,/content/cv3d-project/data/cache/reconstruction/metrics/02958343/11e5b7d67058e1d75f67208653687b70/10b97c2948d4d3dd826cfeb5.json,11.445507000189536
02958343/11e5b7d67058e1d75f67208653687b70,farthest,10,"[0, 46, 18, 28, 16, 30, 2, 44, 13, 33]",0.03953160034625876,0.12215604837978902,0.20478049641331927,0.26403957989757837,0.016959166666666668,0.0497380882782812,1.9814594605163354,1.0,0.0866,0.3151,0.1521,0.0094,0.027,camera_pose_sim3,1.588676385409302,0.9931844885911822,10000,10000,True,False,True,/content/cv3d-project/data/cache/reconstruction/predictions/02958343/11e5b7d67058e1d75f67208653687b70/f9210e56c771b6809d02d034.npz,faa793fb11440daaeedd9797c171fc8035e57b104b3ea98cb4abcde30f3f7736,/content/cv3d-project/data/cache/reconstruction/metrics/02958343/11e5b7d67058e1d75f67208653687b70/7bfcfdecd09163c296b1a653.json,11.807892999968317
02958343/1213742aa7815fd0e23d60a1b706b44f,farthest,1,[0],3.333719549756083,3.560699812297405,3.7876800748387263,0.0,0.0,0.0,1.9859295111707997,0.0,0.0,0.0,0.0,0.0,0.0,camera_rotation_center_and_target_diameter_scale_single_view,10.305919901114772,0.0,10000,10000,True,True,True,/content/cv3d-project/data/cache/reconstruction/predictions/02958343/1213742aa7815fd0e23d60a1b706b44f/d190d058785cbd3568c9841b.npz,bef947a9ed6c5160b1f126eb2555c6ff7a95179176ffc1e61e59e5981e8cd4c3,/content/cv3d-project/data/cache/reconstruction/metrics/02958343/1213742aa7815fd0e23d60a1b706b44f/c2ac0641527643f922e6f865.json,3.7567300000773685
02958343/1213742aa7815fd0e23d60a1b706b44f,farthest,2,"[0, 46]",0.10898196483425578,0.20576141511290996,0.30254086539156416,0.08287776141384387,0.0024906148867313914,0.005388963660834455,1.9859295111707997,0.498,0.0296,0.0715,0.0452,0.0013,0.0028,camera_pose_sim3,2.8892875204134385,0.10895243586493263,10000,10000,True,False,True,/content/cv3d-project/data/cache/reconstruction/predictions/02958343/1213742aa7815fd0e23d60a1b706b44f/0e65620fa1ae0af5924c60a1.npz,8a7c85f0c45b6692aabc17344e203fa936ab38f3cf8d05771d8157b636dd6623,/content/cv3d-project/data/cache/reconstruction/metrics/02958343/1213742aa7815fd0e23d60a1b706b44f/0d73ffce1c33728f8eb2e8bd.json,11.430012999881
02958343/1213742aa7815fd0e23d60a1b706b44f,farthest,3,"[0, 46, 18]",0.29333288147722814,0.41431646192372396,0.5353000423702198,0.0,0.0,0.0,1.9859295111707997,0.0,0.0,0.0,0.0,0.0,0.0,camera_pose_sim3,2.42717296604746,0.7762339879729274,10000,10000,True,False,True,/content/cv3d-project/data/cache/reconstruction/predictions/02958343/1213742aa7815fd0e23d60a1b706b44f/43bc36c710f7d00daf38bbdd.npz,e3c0415f766f4d6fce8b7a5c7be7cf36ad5c1918d7986d5cb5ade6041e9c8180,/content/cv3d-project/data/cache/reconstruction/metrics/02958343/1213742aa7815fd0e23d60a1b706b44f/bffbe925362e6d0389107b96.json,11.851620000015828
02958343/1213742aa7815fd0e23d60a1b706b44f,farthest,5,"[0, 46, 18, 28, 16]",0.03343609860000081,0.1486915736698349,0.263947048739669,0.24606347925256603,0.019168744804655028,0.04403052866716307,1.9859295111707997,0.9996,0.2306,0.5142,0.1403,0.01,0.023,camera_pose_sim3,2.071872528816138,0.8597944220654515,10000,10000,True,False,True,/content/cv3d-project/data/cache/reconstruction/predictions/02958343/1213742aa7815fd0e23d60a1b706b44f/d6b56ac59282e3a883b98622.npz,ad3e6aa6427b33558208993bc6461d1be54a8e98c83ef5c694fead047b26178b,/content/cv3d-project/data/cache/reconstruction/metrics/02958343/1213742aa7815fd0e23d60a1b706b44f/93d45d8de585b7c983fd83ee.json,12.788731000000553
02958343/1213742aa7815fd0e23d60a1b706b44f,farthest,10,"[0, 46, 18, 28, 16, 30, 2, 44, 13, 33]",0.0575033110487818,0.11912485347304824,0.1807463958973147,0.3533846453245111,0.04077836508912108,0.06616399622997172,1.9859295111707997,0.801,0.1388,0.2808,0.2267,0.0239,0.0375,camera_pose_sim3,2.2065283010402954,0.6128463789059032,10000,10000,True,False,True,/content/cv3d-project/data/cache/reconstruction/predictions/02958343/1213742aa7815fd0e23d60a1b706b44f/f2f77735cea102a652fbedd9.npz,33e804b7df1ba01e115e733ca2c35b2cc1d91020aa87c1ca60868b13284790da,/content/cv3d-project/data/cache/reconstruction/metrics/02958343/1213742aa7815fd0e23d60a1b706b44f/8cfa1b0aff968d7cc2602c70.json,12.334552000083931
02958343/12243301d1c8148e33d7c9e122eec9b6,farthest,1,[0],3.828092093773392,4.047725558039507,4.267359022305622,0.0,0.0,0.0,1.988548712092416,0.0,0.0,0.0,0.0,0.0,0.0,camera_rotation_center_and_target_diameter_scale_single_view,11.421977847739607,0.0,10000,10000,True,True,True,/content/cv3d-project/data/cache/reconstruction/predictions/02958343/12243301d1c8148e33d7c9e122eec9b6/7154f8f369a3bef5f6eb09ad.npz,b090fc4b42f3f703e49ed4c0a47b08c7b4f64418e277d092f36912222f5af295,/content/cv3d-project/data/cache/reconstruction/metrics/02958343/12243301d1c8148e33d7c9e122eec9b6/ada05fdbc943d57e8c801d51.json,3.82730299998002
02958343/12243301d1c8148e33d7c9e122eec9b6,farthest,2,"[0, 46]",0.054884439366919904,0.1473946629568667,0.2399048865468135,0.22357359151302914,0.0070494238156209995,0.022954951456310685,1.988548712092416,0.842,0.0744,0.1938,0.1289,0.0037,0.0122,camera_pose_sim3,2.8764450003315414,0.07025739104279283,10000,10000,True,False,True,/content/cv3d-project/data/cache/reconstruction/predictions/02958343/12243301d1c8148e33d7c9e122eec9b6/5cba33a3774a291858ea3a14.npz,dc17bfdabea3fe468f12c893a9a6f89cc322589bf143bb013a1adb343ec92800,/content/cv3d-project/data/cache/reconstruction/metrics/02958343/12243301d1c8148e33d7c9e122eec9b6/fe08b6492ea7418df96f65fe.json,11.330547999932605
02958343/12243301d1c8148e33d7c9e122eec9b6,farthest,3,"[0, 46, 18]",0.10205541434215565,0.2779035054004988,0.453751596458842,0.08614477124183006,0.0,0.0,1.988548712092416,0.5037,0.0,0.0,0.0471,0.0,0.0,camera_pose_sim3,1.8039412645434527,0.7933404765904887,10000,10000,True,False,True,/content/cv3d-project/data/cache/reconstruction/predictions/02958343/12243301d1c8148e33d7c9e122eec9b6/70d00424b858e4f2616ac8bc.npz,21b00d799d013e55b8f9b71209761787d633e815085195c67b2d4c943382b3f9,/content/cv3d-project/data/cache/reconstruction/metrics/02958343/12243301d1c8148e33d7c9e122eec9b6/b03e71e95e487644ca762849.json,11.204598000404076
02958343/12243301d1c8148e33d7c9e122eec9b6,farthest,5,"[0, 46, 18, 28, 16]",0.2725105861705418,0.37012862808951513,0.46774667000848846,0.0,0.0,0.0,1.988548712092416,0.0,0.0,0.0,0.0,0.0,0.0,camera_pose_sim3,2.002957140402545,0.8422040902758767,10000,10000,True,False,True,/content/cv3d-project/data/cache/reconstruction/predictions/02958343/12243301d1c8148e33d7c9e122eec9b6/3198dc534d8593e707efee8f.npz,1f3a460e948a378a65dc3e6e89550a42d8378b97857367a2213c331f89dfdb0a,/content/cv3d-project/data/cache/reconstruction/metrics/02958343/12243301d1c8148e33d7c9e122eec9b6/ae9b4bd4d3ca9785744abe3e.json,11.323833999995259
02958343/12243301d1c8148e33d7c9e122eec9b6,farthest,10,"[0, 46, 18, 28, 16, 30, 2, 44, 13, 33]",0.6397213858394106,0.695331441900108,0.7509414979608053,0.0,0.0,0.0,1.988548712092416,0.0,0.0,0.0,0.0,0.0,0.0,camera_pose_sim3,2.129752149527651,0.8856625192549865,10000,10000,True,False,True,/content/cv3d-project/data/cache/reconstruction/predictions/02958343/12243301d1c8148e33d7c9e122eec9b6/0ad8b02b6778ba2c0cb2c0e1.npz,1819691a292ce70e0fc58ddc070412c13f7e5b9c2b8b065a74757cf1c9091a8e,/content/cv3d-project/data/cache/reconstruction/metrics/02958343/12243301d1c8148e33d7c9e122eec9b6/2ee38bc845ad21f3daeddf4c.json,12.255729000116844
02958343/12498dd65e8d65ac3b6f5204eb590354,farthest,1,[0],2.183539687074698,2.3929715414210935,2.602403395767489,0.0,0.0,0.0,1.9940965327269675,0.0,0.0,0.0,0.0,0.0,0.0,camera_rotation_center_and_target_diameter_scale_single_view,7.933530018796592,0.0,10000,10000,True,True,True,/content/cv3d-project/data/cache/reconstruction/predictions/02958343/12498dd65e8d65ac3b6f5204eb590354/f1eb751d4ebb714a9dfb901c.npz,5c12392696a8a6671fd92239791c0de6d37615636c67f5d40b93c898ed5c4812,/content/cv3d-project/data/cache/reconstruction/metrics/02958343/12498dd65e8d65ac3b6f5204eb590354/21b4cdda56993f43e5b095bb.json,3.973695999775373
02958343/12498dd65e8d65ac3b6f5204eb590354,farthest,2,"[0, 46]",0.027344982310267173,0.10309573225607994,0.17884648220189273,0.40484925825490514,0.00984928716904277,0.03286419437340154,1.9940965327269675,1.0,0.093,0.2954,0.2538,0.0052,0.0174,camera_pose_sim3,2.5922530395224803,0.025383079473989437,10000,10000,True,False,True,/content/cv3d-project/data/cache/reconstruction/predictions/02958343/12498dd65e8d65ac3b6f5204eb590354/576835b26b640e2a497225ed.npz,eec22f8774244d275b19e17b82bca34fd92af7bfbe5619baf7fb3147d7e1dd66,/content/cv3d-project/data/cache/reconstruction/metrics/02958343/12498dd65e8d65ac3b6f5204eb590354/b8d78fc42f9100df592893f6.json,12.019806000353128
02958343/12498dd65e8d65ac3b6f5204eb590354,farthest,3,"[0, 46, 18]",0.19196045346008456,0.2535908172843072,0.31522118110852987,0.0,0.0,0.0,1.9940965327269675,0.0,0.0,0.0,0.0,0.0,0.0,camera_pose_sim3,2.084029584178725,0.765571836749147,10000,10000,True,False,True,/content/cv3d-project/data/cache/reconstruction/predictions/02958343/12498dd65e8d65ac3b6f5204eb590354/7ef6f230c0ff90ce46fd057b.npz,8f05b3a2c5dce9cc4650ace74518111b87c3a91c5d3c8b4dea4299a503b39601,/content/cv3d-project/data/cache/reconstruction/metrics/02958343/12498dd65e8d65ac3b6f5204eb590354/b7f83afdceafc3cea27e3037.json,11.659048000183247
02958343/12498dd65e8d65ac3b6f5204eb590354,farthest,5,"[0, 46, 18, 28, 16]",0.027536326674628447,0.1493008155223359,0.27106530437004334,0.13258636788048553,0.0021255384615384617,0.0068867837338262485,1.9940965327269675,1.0,0.0314,0.2129,0.071,0.0011,0.0035,camera_pose_sim3,0.6201797170081333,1.2877742372664263,10000,10000,True,False,True,/content/cv3d-project/data/cache/reconstruction/predictions/02958343/12498dd65e8d65ac3b6f5204eb590354/828b0f8b1baf0b44a3f51c72.npz,7bb17650e573bd89c831fb3084a94bfa17d8d989980ea9aef24e7b655c1287d5,/content/cv3d-project/data/cache/reconstruction/metrics/02958343/12498dd65e8d65ac3b6f5204eb590354/940b31f4ebafcf834f519e4f.json,11.610880000262114
02958343/12498dd65e8d65ac3b6f5204eb590354,farthest,10,"[0, 46, 18, 28, 16, 30, 2, 44, 13, 33]",0.01394404307767934,0.04514397056207685,0.07634389804647436,0.8098780124962809,0.1667709119809259,0.32859894222133523,1.9940965327269675,1.0,0.3978,0.795,0.6805,0.1055,0.2071,camera_pose_sim3,2.4917964376269945,0.1171356412599729,10000,10000,True,False,True,/content/cv3d-project/data/cache/reconstruction/predictions/02958343/12498dd65e8d65ac3b6f5204eb590354/e227596543e6cbbd2c72dfba.npz,dc8b8680e4740665722d039b05a473addd5c0a29c0afbc10c4d5550d032968f4,/content/cv3d-project/data/cache/reconstruction/metrics/02958343/12498dd65e8d65ac3b6f5204eb590354/cc42028d0116e78b1cfff90f.json,11.982882000211248
02958343/1254c6ad2b420879d7622e6da48b19e5,farthest,1,[0],2.3502383482457136,2.538643696741155,2.7270490452365967,0.0,0.0,0.0,1.9881267202434503,0.0,0.0,0.0,0.0,0.0,0.0,camera_rotation_center_and_target_diameter_scale_single_view,8.312978007364467,0.0,10000,10000,True,True,True,/content/cv3d-project/data/cache/reconstruction/predictions/02958343/1254c6ad2b420879d7622e6da48b19e5/4af4590dfbb9bac7bab63587.npz,17ba10ebc94110197a58f9a5a5d26aa4319420bd7afe983f68bef865ca79e995,/content/cv3d-project/data/cache/reconstruction/metrics/02958343/1254c6ad2b420879d7622e6da48b19e5/52f8e918bb14da829a2d2daa.json,3.7794810000377765
02958343/1254c6ad2b420879d7622e6da48b19e5,farthest,2,"[0, 46]",1.5240643771445472,1.571479068412713,1.6188937596808786,0.0,0.0,0.0,1.9881267202434503,0.0,0.0,0.0,0.0,0.0,0.0,camera_pose_sim3,3.2062543462304705,0.698079462239804,10000,10000,True,False,True,/content/cv3d-project/data/cache/reconstruction/predictions/02958343/1254c6ad2b420879d7622e6da48b19e5/6f8c23745653494b96c03ca5.npz,4fb35b4851cb45d231773e0f91afc5ce9bc2e4d5c6c8bc0413f46e6c09b8a69c,/content/cv3d-project/data/cache/reconstruction/metrics/02958343/1254c6ad2b420879d7622e6da48b19e5/64659446c2c3804618ea85c0.json,11.233532000005653
02958343/1254c6ad2b420879d7622e6da48b19e5,farthest,3,"[0, 46, 18]",0.40020933542788284,0.5568580612024754,0.7135067869770679,0.0,0.0,0.0,1.9881267202434503,0.0,0.0,0.0,0.0,0.0,0.0,camera_pose_sim3,1.482570561910052,1.2197672604438605,10000,10000,True,False,True,/content/cv3d-project/data/cache/reconstruction/predictions/02958343/1254c6ad2b420879d7622e6da48b19e5/52fb273e1127991b646fcc64.npz,f61bce538fe08ed91893ee91e6e9f1e9f0f67ca924cf5ae7effdd0986a723813,/content/cv3d-project/data/cache/reconstruction/metrics/02958343/1254c6ad2b420879d7622e6da48b19e5/060a09a51eaf9b6ec3b8a706.json,11.165719000018726
02958343/1254c6ad2b420879d7622e6da48b19e5,farthest,5,"[0, 46, 18, 28, 16]",0.10597753633888746,0.23187034823433578,0.3577631601297841,0.04770038505096263,0.0,0.0,1.9881267202434503,0.4162,0.0,0.0,0.0253,0.0,0.0,camera_pose_sim3,1.3665357315108035,1.1797737577639538,10000,10000,True,False,True,/content/cv3d-project/data/cache/reconstruction/predictions/02958343/1254c6ad2b420879d7622e6da48b19e5/69eee42734edea63c1edd411.npz,71a1acff7a9d47f8e03aeb0518b1ff35b7fbe8b851e9bf2d09a2fc4de21301a2,/content/cv3d-project/data/cache/reconstruction/metrics/02958343/1254c6ad2b420879d7622e6da48b19e5/08d4f3f07f3dd43512fe60ea.json,12.76231599968014
02958343/1254c6ad2b420879d7622e6da48b19e5,farthest,10,"[0, 46, 18, 28, 16, 30, 2, 44, 13, 33]",0.01550051829879082,0.09601016245666871,0.1765198066145466,0.6026689023964229,0.11527125914711078,0.26232721095657713,1.9881267202434503,1.0,0.3263,0.7844,0.4313,0.07,0.1575,camera_pose_sim3,2.0154757408026187,0.809337838352639,10000,10000,True,False,True,/content/cv3d-project/data/cache/reconstruction/predictions/02958343/1254c6ad2b420879d7622e6da48b19e5/4005457532f3a6b6b0cacaf6.npz,58c77dd38b3d3c52adcfd4316526d42e6420d2d945b71a28079fbf6502eebd75,/content/cv3d-project/data/cache/reconstruction/metrics/02958343/1254c6ad2b420879d7622e6da48b19e5/fa883dfcb3cf933423546ce5.json,12.92195999985779
02958343/125a4780c2d5095d19454008aa267bf,farthest,1,[0],3.52165914519924,3.731472501227354,3.941285857255468,0.0,0.0,0.0,1.9874537120093378,0.0,0.0,0.0,0.0,0.0,0.0,camera_rotation_center_and_target_diameter_scale_single_view,10.640529714204716,0.0,10000,10000,True,True,True,/content/cv3d-project/data/cache/reconstruction/predictions/02958343/125a4780c2d5095d19454008aa267bf/ab16f69caf3ba6d19f8e9e04.npz,3be6ea7e6f77f61e69cd043fc8ab4b90430b6b04ee882eb6c606b14b8ec6d780,/content/cv3d-project/data/cache/reconstruction/metrics/02958343/125a4780c2d5095d19454008aa267bf/401b46a7d99f26fbb944244a.json,3.958681000312936
02958343/125a4780c2d5095d19454008aa267bf,farthest,2,"[0, 46]",0.05386703665925857,0.1658403022892636,0.27781356791926864,0.13469723388225163,0.008515550239234448,0.01835138121546961,1.9874537120093378,0.856,0.0791,0.2076,0.0731,0.0045,0.0096,camera_pose_sim3,2.7242392543108345,0.06792356278450877,10000,10000,True,False,True,/content/cv3d-project/data/cache/reconstruction/predictions/02958343/125a4780c2d5095d19454008aa267bf/be62932306cd8224b30ceedf.npz,e98d8363833263151589c65d5db5d0149283ca0a4fdbc24c004299f4d7554ff2,/content/cv3d-project/data/cache/reconstruction/metrics/02958343/125a4780c2d5095d19454008aa267bf/5e1d51fd0c130c9223214155.json,12.481686000228365
02958343/125a4780c2d5095d19454008aa267bf,farthest,3,"[0, 46, 18]",0.2397320457068418,0.34631369073552176,0.4528953357642017,0.0,0.0,0.0,1.9874537120093378,0.0,0.0,0.0,0.0,0.0,0.0,camera_pose_sim3,2.364345863315786,0.8209771715433943,10000,10000,True,False,True,/content/cv3d-project/data/cache/reconstruction/predictions/02958343/125a4780c2d5095d19454008aa267bf/bf17ac987d38b85009f4b698.npz,d719ddeb8ee008d62534164ddefd987f13eb0afd5ed83e41ab03c6026de998ae,/content/cv3d-project/data/cache/reconstruction/metrics/02958343/125a4780c2d5095d19454008aa267bf/4d0845cc15bacd90a9ed0690.json,11.817286000223248
02958343/125a4780c2d5095d19454008aa267bf,farthest,5,"[0, 46, 18, 28, 16]",0.40422091428108636,0.5404305214998683,0.6766401287186502,0.0,0.0,0.0,1.9874537120093378,0.0,0.0,0.0,0.0,0.0,0.0,camera_pose_sim3,1.4055882279237,1.094934495069737,10000,10000,True,False,True,/content/cv3d-project/data/cache/reconstruction/predictions/02958343/125a4780c2d5095d19454008aa267bf/e46b99d59076087e7d0cc25c.npz,d26df75768942c912d513303f017a47294670c495ec635eed6b37cfcac276202,/content/cv3d-project/data/cache/reconstruction/metrics/02958343/125a4780c2d5095d19454008aa267bf/389860f9535430550454b2eb.json,11.497069000142801
02958343/125a4780c2d5095d19454008aa267bf,farthest,10,"[0, 46, 18, 28, 16, 30, 2, 44, 13, 33]",1.0345097722749692,1.1349440934220134,1.2353784145690576,0.0,0.0,0.0,1.9874537120093378,0.0,0.0,0.0,0.0,0.0,0.0,camera_pose_sim3,1.8363069810912773,1.116798805072763,10000,10000,True,False,True,/content/cv3d-project/data/cache/reconstruction/predictions/02958343/125a4780c2d5095d19454008aa267bf/694d4b3c4be9d010b4ff94d8.npz,a8c5b4f349cdf5a455b6579688b1c0a7b9a278896b36b9c9cbf96b4ff3c06ef9,/content/cv3d-project/data/cache/reconstruction/metrics/02958343/125a4780c2d5095d19454008aa267bf/46158667508c14ec846178be.json,12.071031999767001
02958343/12796524ffbadb755400f0dc3171dfcd,farthest,1,[0],2.108618169074557,2.3268564800781077,2.5450947910816586,0.0,0.0,0.0,1.9567954294021228,0.0,0.0,0.0,0.0,0.0,0.0,camera_rotation_center_and_target_diameter_scale_single_view,7.8970856173957396,0.0,9582,10000,True,True,True,/content/cv3d-project/data/cache/reconstruction/predictions/02958343/12796524ffbadb755400f0dc3171dfcd/c782047d2a4ff71b06aabaa0.npz,b4ba6034d90a2eacfb2cfbe6d833f72c58513746b92429e4a572fa3ec5ad2898,/content/cv3d-project/data/cache/reconstruction/metrics/02958343/12796524ffbadb755400f0dc3171dfcd/4bedb4868e6fbc354ad0ba92.json,3.9221950000865036
02958343/12796524ffbadb755400f0dc3171dfcd,farthest,2,"[0, 46]",0.8692388498143863,0.905246986832138,0.9412551238498899,0.0,0.0,0.0,1.9567954294021228,0.0,0.0,0.0,0.0,0.0,0.0,camera_pose_sim3,2.736989011772297,0.5077494045040443,10000,10000,True,False,True,/content/cv3d-project/data/cache/reconstruction/predictions/02958343/12796524ffbadb755400f0dc3171dfcd/d0d18087cdd5a4131838d390.npz,4e6eefffb32dc0fb87c975cf7fd178c0c17692d0e8fd7c17122c3f3b76dd1552,/content/cv3d-project/data/cache/reconstruction/metrics/02958343/12796524ffbadb755400f0dc3171dfcd/e11489243d4a6c4653d641bd.json,13.940667000042595
02958343/12796524ffbadb755400f0dc3171dfcd,farthest,3,"[0, 46, 18]",0.19045673379553343,0.3052708221095051,0.42008491042347684,0.0,0.0,0.0,1.9567954294021228,0.0,0.0,0.0,0.0,0.0,0.0,camera_pose_sim3,0.428835611248277,1.3058056332375354,10000,10000,True,False,True,/content/cv3d-project/data/cache/reconstruction/predictions/02958343/12796524ffbadb755400f0dc3171dfcd/a3d7a3205c9504dcfaa1fcc8.npz,b52aa8a0960c5932098ca2b590c3e4f00ee4e3950c2279813132b66c2c6b1be4,/content/cv3d-project/data/cache/reconstruction/metrics/02958343/12796524ffbadb755400f0dc3171dfcd/8e1ac407219f6adbdee3e11e.json,12.517145999936474
02958343/12796524ffbadb755400f0dc3171dfcd,farthest,5,"[0, 46, 18, 28, 16]",0.021333642063440794,0.18259431967850773,0.34385499729357466,0.2882574460801095,0.02602115997450605,0.055731747770301994,1.9567954294021228,1.0,0.3002,0.6099,0.1684,0.0136,0.0292,camera_pose_sim3,1.517826299908821,1.0741609969516983,10000,10000,True,False,True,/content/cv3d-project/data/cache/reconstruction/predictions/02958343/12796524ffbadb755400f0dc3171dfcd/e2fc16e79b7fa35fad1880a5.npz,851c9db486bcd9702744f8f3fb5678cbea4f69d1e17f697be8377f103833a3a6,/content/cv3d-project/data/cache/reconstruction/metrics/02958343/12796524ffbadb755400f0dc3171dfcd/9daf90179177db687cfbde5e.json,12.225347999901715
02958343/12796524ffbadb755400f0dc3171dfcd,farthest,10,"[0, 46, 18, 28, 16, 30, 2, 44, 13, 33]",0.016663038923544923,0.09311509832646585,0.16956715772938677,0.6673773987206824,0.13065751131221717,0.2594799054373522,1.9567954294021228,1.0,0.3623,0.686,0.5008,0.0797,0.16,camera_pose_sim3,1.8349407338500032,0.853066523032922,10000,10000,True,False,True,/content/cv3d-project/data/cache/reconstruction/predictions/02958343/12796524ffbadb755400f0dc3171dfcd/65ba17294929c8886c983e1b.npz,afde077ac5f04363bf9b639f1eaddec1778eb6b4665f282a5741d84771b8aede,/content/cv3d-project/data/cache/reconstruction/metrics/02958343/12796524ffbadb755400f0dc3171dfcd/dc9bbaaf6455a0911e411946.json,12.905964000310632
02958343/127b9ba77b54ba59bda733a39f84326d,farthest,1,[0],3.391316249330677,3.614213295515805,3.8371103417009325,0.0,0.0,0.0,1.908890651900716,0.0,0.0,0.0,0.0,0.0,0.0,camera_rotation_center_and_target_diameter_scale_single_view,10.248579042853653,0.0,8197,10000,True,True,True,/content/cv3d-project/data/cache/reconstruction/predictions/02958343/127b9ba77b54ba59bda733a39f84326d/11dba142d9fc13bfd135cb0e.npz,0f044cd214df36e4929530683334948d6a923e6706de2fe0fa7fc23d81be94ca,/content/cv3d-project/data/cache/reconstruction/metrics/02958343/127b9ba77b54ba59bda733a39f84326d/c6072ad398263ab8cd41053b.json,3.6252759996386885
02958343/127b9ba77b54ba59bda733a39f84326d,farthest,2,"[0, 46]",0.736165775368557,0.7857543723671069,0.8353429693656568,0.0,0.0,0.0,1.908890651900716,0.0,0.0,0.0,0.0,0.0,0.0,camera_pose_sim3,3.2910105248100705,0.059916484424924546,10000,10000,True,False,True,/content/cv3d-project/data/cache/reconstruction/predictions/02958343/127b9ba77b54ba59bda733a39f84326d/c8b4f1f6513332b75f1e441e.npz,d30bbc86eb784e155accca34bdb69640e89cf08a806bbe3b820ca52cb2fc8af3,/content/cv3d-project/data/cache/reconstruction/metrics/02958343/127b9ba77b54ba59bda733a39f84326d/0946d0ff54c43ec14015c1d4.json,12.086795999948663
02958343/127b9ba77b54ba59bda733a39f84326d,farthest,3,"[0, 46, 18]",0.33417923500264934,0.4227501600162842,0.511321085029919,0.0,0.0,0.0,1.908890651900716,0.0,0.0,0.0,0.0,0.0,0.0,camera_pose_sim3,2.1185117794838813,0.8743440433450077,10000,10000,True,False,True,/content/cv3d-project/data/cache/reconstruction/predictions/02958343/127b9ba77b54ba59bda733a39f84326d/6fe85aab9c2f820139220279.npz,72c6117c43a3eb75123b39f0990c6a614be8dbfd2aa60c2f8819bc34e4a95f1d,/content/cv3d-project/data/cache/reconstruction/metrics/02958343/127b9ba77b54ba59bda733a39f84326d/21e2c61299a264ab180ba4ae.json,11.502587999984826
02958343/127b9ba77b54ba59bda733a39f84326d,farthest,5,"[0, 46, 18, 28, 16]",0.17263661733716804,0.256046699072017,0.339456780806866,0.0,0.0,0.0,1.908890651900716,0.0,0.0,0.0,0.0,0.0,0.0,camera_pose_sim3,0.19334876989068914,1.3965236278993307,10000,10000,True,False,True,/content/cv3d-project/data/cache/reconstruction/predictions/02958343/127b9ba77b54ba59bda733a39f84326d/2ce3ed39dd0fdb824d8a16af.npz,8267c0e1981ba302d5bbe28da65be69e25e99e38842d9babbcee1254b21fa635,/content/cv3d-project/data/cache/reconstruction/metrics/02958343/127b9ba77b54ba59bda733a39f84326d/67ece0710b3667421620136e.json,11.451953000232606
02958343/127b9ba77b54ba59bda733a39f84326d,farthest,10,"[0, 46, 18, 28, 16, 30, 2, 44, 13, 33]",0.44419323035652664,0.5278895494293352,0.6115858685021437,0.0,0.0,0.0,1.908890651900716,0.0,0.0,0.0,0.0,0.0,0.0,camera_pose_sim3,1.0409779729570965,1.287548800500868,10000,10000,True,False,True,/content/cv3d-project/data/cache/reconstruction/predictions/02958343/127b9ba77b54ba59bda733a39f84326d/dd3505b9b6bd4e4ae6b3a92c.npz,a1b57b63fd7e50d0a193b35109b71574ad6755a0fececef39f58dd312e355459,/content/cv3d-project/data/cache/reconstruction/metrics/02958343/127b9ba77b54ba59bda733a39f84326d/4e01ba39ed8cf0066894060f.json,12.435752000328648
02958343/128ad72f92a3e96db96212c8f6cd06e,farthest,1,[0],3.717708541062189,3.9035281452414052,4.089347749420622,0.0,0.0,0.0,1.9878213829360125,0.0,0.0,0.0,0.0,0.0,0.0,camera_rotation_center_and_target_diameter_scale_single_view,11.028889673024487,0.0,10000,10000,True,True,True,/content/cv3d-project/data/cache/reconstruction/predictions/02958343/128ad72f92a3e96db96212c8f6cd06e/d673000bccc1cf38d7af175a.npz,ff033064aba426a8112a8d66dbe19c290d7b0f61a250d3ac665776f75334efe7,/content/cv3d-project/data/cache/reconstruction/metrics/02958343/128ad72f92a3e96db96212c8f6cd06e/4a45f8c357fe6cf2950d8b2d.json,3.8683440002387215
02958343/128ad72f92a3e96db96212c8f6cd06e,farthest,2,"[0, 46]",1.2450971107744357,1.3036401283376668,1.3621831459008977,0.0,0.0,0.0,1.9878213829360125,0.0,0.0,0.0,0.0,0.0,0.0,camera_pose_sim3,3.0126915268358796,0.60771258700865,10000,10000,True,False,True,/content/cv3d-project/data/cache/reconstruction/predictions/02958343/128ad72f92a3e96db96212c8f6cd06e/aedf2967579a2dbfb133208c.npz,29598590c6330e1b0ff4fdb696207a3090b561dc813dfb6d892e6d1d5388cb1e,/content/cv3d-project/data/cache/reconstruction/metrics/02958343/128ad72f92a3e96db96212c8f6cd06e/1f8f6a4e3441c5856bbea74f.json,12.62315599979047
02958343/128ad72f92a3e96db96212c8f6cd06e,farthest,3,"[0, 46, 18]",0.9978550381482643,1.1286689745528973,1.25948291095753,0.0,0.0,0.0,1.9878213829360125,0.0,0.0,0.0,0.0,0.0,0.0,camera_pose_sim3,2.275466170252507,0.9945092598413772,10000,10000,True,False,True,/content/cv3d-project/data/cache/reconstruction/predictions/02958343/128ad72f92a3e96db96212c8f6cd06e/ffb80eea8a9310521f966008.npz,6898fef02ddc0959f400de8a96d54fdb8dda7575a333f83630185e3550dcf5d8,/content/cv3d-project/data/cache/reconstruction/metrics/02958343/128ad72f92a3e96db96212c8f6cd06e/471585d441fb8b634841431c.json,12.495350999870425
02958343/128ad72f92a3e96db96212c8f6cd06e,farthest,5,"[0, 46, 18, 28, 16]",1.6258669640323902,1.6989926626961633,1.7721183613599367,0.0,0.0,0.0,1.9878213829360125,0.0,0.0,0.0,0.0,0.0,0.0,camera_pose_sim3,2.6904549761454,1.060471677066181,10000,10000,True,False,True,/content/cv3d-project/data/cache/reconstruction/predictions/02958343/128ad72f92a3e96db96212c8f6cd06e/5a913c4519a49863a122ea3e.npz,eafcd61b96a42bdb006243ba0719b67415a4df81000abd67c4368b46169a44cd,/content/cv3d-project/data/cache/reconstruction/metrics/02958343/128ad72f92a3e96db96212c8f6cd06e/a409c5c720e10fa366f0c669.json,12.360450999949535
02958343/128ad72f92a3e96db96212c8f6cd06e,farthest,10,"[0, 46, 18, 28, 16, 30, 2, 44, 13, 33]",0.047806665753901335,0.10145435444684098,0.15510204313978063,0.49723130171865054,0.05368580715059588,0.113609631147541,1.9878213829360125,0.9155,0.152,0.3214,0.3413,0.0326,0.069,camera_pose_sim3,2.051878773010463,0.6618035253531961,10000,10000,True,False,True,/content/cv3d-project/data/cache/reconstruction/predictions/02958343/128ad72f92a3e96db96212c8f6cd06e/739930dbfaabe4a7e6e4119c.npz,205adeab53fc5f1ab6be1c119880c142bcd1aa7d774974e34f99823c2f482cd9,/content/cv3d-project/data/cache/reconstruction/metrics/02958343/128ad72f92a3e96db96212c8f6cd06e/000dabdca250ca212bb22a52.json,12.562305000301421
02958343/12909f5d613953b8b3c9b3f81618206b,farthest,1,[0],4.771504448053026,4.986966372027184,5.202428296001342,0.0,0.0,0.0,1.9821938795438516,0.0,0.0,0.0,0.0,0.0,0.0,camera_rotation_center_and_target_diameter_scale_single_view,13.312101894333157,0.0,9566,10000,True,True,True,/content/cv3d-project/data/cache/reconstruction/predictions/02958343/12909f5d613953b8b3c9b3f81618206b/ac8c932c667c9c7aab20fcbc.npz,95c1567b8f8c24f00cb5f718a52099e1904ef706ff3703734c936907ad8fb644,/content/cv3d-project/data/cache/reconstruction/metrics/02958343/12909f5d613953b8b3c9b3f81618206b/4dc3c668ea81c0ad857d3fb1.json,3.8425430002462235
02958343/12909f5d613953b8b3c9b3f81618206b,farthest,2,"[0, 46]",0.11815693568406842,0.1924492038079132,0.26674147193175796,0.07828013468013469,0.0,0.0001333333333333333,1.9821938795438516,0.3419,0.0,0.0001,0.0442,0.0,0.0002,camera_pose_sim3,2.8170811585653035,0.06972104696582014,10000,10000,True,False,True,/content/cv3d-project/data/cache/reconstruction/predictions/02958343/12909f5d613953b8b3c9b3f81618206b/75d0cf6c6b353d57fd716a81.npz,7e91d2a7a9c8eb36221dd6631962caf604db560a6f17f541c8e3ff24253f5878,/content/cv3d-project/data/cache/reconstruction/metrics/02958343/12909f5d613953b8b3c9b3f81618206b/2060fe082ba0f6193d2f5082.json,11.808135000137554
02958343/12909f5d613953b8b3c9b3f81618206b,farthest,3,"[0, 46, 18]",0.5238934284064735,0.5648210651700495,0.6057487019336255,0.0,0.0,0.0,1.9821938795438516,0.0,0.0,0.0,0.0,0.0,0.0,camera_pose_sim3,2.4425860644742774,0.6838350303216129,10000,10000,True,False,True,/content/cv3d-project/data/cache/reconstruction/predictions/02958343/12909f5d613953b8b3c9b3f81618206b/45dbaf560842bbe802262474.npz,77d6993264a7406bbc6e13964d7e867c733ec3b1d942f49c174bf5e1a6fbd498,/content/cv3d-project/data/cache/reconstruction/metrics/02958343/12909f5d613953b8b3c9b3f81618206b/41f4b2b1f62e22dd5171840a.json,11.689141999795538
02958343/12909f5d613953b8b3c9b3f81618206b,farthest,5,"[0, 46, 18, 28, 16]",0.23249942694013376,0.3137832494699837,0.39506707199983365,0.0,0.0,0.0,1.9821938795438516,0.0,0.0,0.0,0.0,0.0,0.0,camera_pose_sim3,1.9830524810749255,0.8475358481784,10000,10000,True,False,True,/content/cv3d-project/data/cache/reconstruction/predictions/02958343/12909f5d613953b8b3c9b3f81618206b/09c6b9443aa185c714e3c6da.npz,b46c0a8fcf921b9b273ac7a4f74686a56763e8cbd29f3e3d28b83b8dd1926e77,/content/cv3d-project/data/cache/reconstruction/metrics/02958343/12909f5d613953b8b3c9b3f81618206b/fb37334a6b026e7d2aa12d41.json,11.854516999846965
02958343/12909f5d613953b8b3c9b3f81618206b,farthest,10,"[0, 46, 18, 28, 16, 30, 2, 44, 13, 33]",0.014845088996493276,0.04999218950166981,0.08513929000684635,0.7576868128455183,0.15780631141345425,0.2950085702513391,1.9821938795438516,1.0,0.4327,0.7894,0.6099,0.0965,0.1814,camera_pose_sim3,2.355066721111894,0.22367077993556134,10000,10000,True,False,True,/content/cv3d-project/data/cache/reconstruction/predictions/02958343/12909f5d613953b8b3c9b3f81618206b/538f299bf6ae1a4a4716caf3.npz,74c5227c3ae369f5d64f671adc54af77f79d4934b30e6f6bc20c6960046d83fd,/content/cv3d-project/data/cache/reconstruction/metrics/02958343/12909f5d613953b8b3c9b3f81618206b/67ef351c24dd6e4689ceb2bc.json,12.200613000004523
02958343/12941cb870df79b9815337ac44abb964,farthest,1,[0],3.755677068273294,3.925417546694819,4.095158025116344,0.0,0.0,0.0,1.9343454121937067,0.0,0.0,0.0,0.0,0.0,0.0,camera_rotation_center_and_target_diameter_scale_single_view,10.984690451143477,0.0,8581,10000,True,True,True,/content/cv3d-project/data/cache/reconstruction/predictions/02958343/12941cb870df79b9815337ac44abb964/ca19edecba4bba4011d3d289.npz,77d2a675ace4b91379305737f27b9a26d098c1368ad8f1f0b0d6ff683a09b470,/content/cv3d-project/data/cache/reconstruction/metrics/02958343/12941cb870df79b9815337ac44abb964/758566cff0c0e256493cb7ed.json,3.721884999777103
02958343/12941cb870df79b9815337ac44abb964,farthest,2,"[0, 46]",0.017247868257789022,0.0811518828241714,0.1450558973905538,0.5197246687883947,0.033633422579205714,0.08271660939289806,1.9343454121937067,1.0,0.4307,0.7419,0.3511,0.0175,0.0438,camera_pose_sim3,2.9119651201307573,0.017683131894268404,10000,10000,True,False,True,/content/cv3d-project/data/cache/reconstruction/predictions/02958343/12941cb870df79b9815337ac44abb964/d3cb0c3091d681e89e58f450.npz,2e75522bbbbbd7a1da802397d4bde6d0a7d590e298a36567b61b4bc52ee77098,/content/cv3d-project/data/cache/reconstruction/metrics/02958343/12941cb870df79b9815337ac44abb964/d29cbd64dcedc75aa792bc6d.json,12.048863000018173
02958343/12941cb870df79b9815337ac44abb964,farthest,3,"[0, 46, 18]",0.17273530809043902,0.2725996013980122,0.37246389470558544,0.008469894736842105,0.0,0.0,1.9343454121937067,0.0428,0.0,0.0,0.0047,0.0,0.0,camera_pose_sim3,2.1716010501666383,0.7634874456603801,10000,10000,True,False,True,/content/cv3d-project/data/cache/reconstruction/predictions/02958343/12941cb870df79b9815337ac44abb964/43ce061cb357ae1c01672011.npz,4ae2c46b778f07c07a33433fe6ef6786d18710c21b896f44c02e778ed2f788dc,/content/cv3d-project/data/cache/reconstruction/metrics/02958343/12941cb870df79b9815337ac44abb964/ef57e553480f22d1442c3ac8.json,12.051779000103124
02958343/12941cb870df79b9815337ac44abb964,farthest,5,"[0, 46, 18, 28, 16]",0.08058447066611212,0.1759176901575538,0.27125090964899545,0.048209231970332785,0.0,0.0,1.9343454121937067,1.0,0.0,0.0,0.0247,0.0,0.0,camera_pose_sim3,0.3854554179878097,1.3661980758981223,10000,10000,True,False,True,/content/cv3d-project/data/cache/reconstruction/predictions/02958343/12941cb870df79b9815337ac44abb964/b5e3f27931ca4ef2e44c53b9.npz,aff9d1cd71becfb93907520ba619e711765af87b0e647cf83fb5a7a91a0cd421,/content/cv3d-project/data/cache/reconstruction/metrics/02958343/12941cb870df79b9815337ac44abb964/1fe54e3463e9d9a52da287ac.json,12.186998999823118
02958343/12941cb870df79b9815337ac44abb964,farthest,10,"[0, 46, 18, 28, 16, 30, 2, 44, 13, 33]",0.01814643309560373,0.04017872574673187,0.062211018397860016,0.8984964476510436,0.1406097107986203,0.30475997686524003,1.9343454121937067,1.0,0.2834,0.667,0.8157,0.0935,0.1975,camera_pose_sim3,2.709924662721601,0.1130031927236534,10000,10000,True,False,True,/content/cv3d-project/data/cache/reconstruction/predictions/02958343/12941cb870df79b9815337ac44abb964/22000a4d796e6552b09911aa.npz,379111077f237ee74039faf94efd4833481ab52a5350d69684fed31c3bc03d55,/content/cv3d-project/data/cache/reconstruction/metrics/02958343/12941cb870df79b9815337ac44abb964/e7bc1c9d2113e987eed82726.json,12.828173999878345
02958343/12b5e4f52c22b348d8499d8846cb4c3b,farthest,1,[0],4.908915039286754,5.132734191517013,5.356553343747271,0.0,0.0,0.0,1.977447904215327,0.0,0.0,0.0,0.0,0.0,0.0,camera_rotation_center_and_target_diameter_scale_single_view,13.50202612681435,0.0,8373,10000,True,True,True,/content/cv3d-project/data/cache/reconstruction/predictions/02958343/12b5e4f52c22b348d8499d8846cb4c3b/80be382f2ddd5e5feea915fb.npz,d55fa8910263cbf660130fc70dd814b9b37b3b603099746a76d4d43d0a6d70f5,/content/cv3d-project/data/cache/reconstruction/metrics/02958343/12b5e4f52c22b348d8499d8846cb4c3b/b72f7bb87fd67a33dac71815.json,3.691176999836898
02958343/12b5e4f52c22b348d8499d8846cb4c3b,farthest,2,"[0, 46]",0.2703669793612074,0.3358560791714905,0.40134517898177363,0.0,0.0,0.0,1.977447904215327,0.0,0.0,0.0,0.0,0.0,0.0,camera_pose_sim3,2.8908395399819184,0.06912464126710405,10000,10000,True,False,True,/content/cv3d-project/data/cache/reconstruction/predictions/02958343/12b5e4f52c22b348d8499d8846cb4c3b/9d8ac88276df9b69050560b5.npz,fee19b07c002e90b6ecdb52ae0ea6f975c943e46d692c74d0b4cba72238469ca,/content/cv3d-project/data/cache/reconstruction/metrics/02958343/12b5e4f52c22b348d8499d8846cb4c3b/a3931ef8462f4880c63feb56.json,12.036060000355064
02958343/12b5e4f52c22b348d8499d8846cb4c3b,farthest,3,"[0, 46, 18]",0.44854353523199775,0.5116895305530359,0.574835525874074,0.0,0.0,0.0,1.977447904215327,0.0,0.0,0.0,0.0,0.0,0.0,camera_pose_sim3,2.441227104353814,0.8106755328324448,10000,10000,True,False,True,/content/cv3d-project/data/cache/reconstruction/predictions/02958343/12b5e4f52c22b348d8499d8846cb4c3b/c645f3f55c22f2868f0fcca8.npz,2d0f9b7a8483333515842e6f2e93b65722a6f72f87373e21ff8ea50791df25d5,/content/cv3d-project/data/cache/reconstruction/metrics/02958343/12b5e4f52c22b348d8499d8846cb4c3b/4bde7e1b0fe3cb84396bb96d.json,12.144534000071872
02958343/12b5e4f52c22b348d8499d8846cb4c3b,farthest,5,"[0, 46, 18, 28, 16]",0.012296236561587324,0.16933346239145358,0.3263706882213198,0.1343283582089552,0.004375944333996024,0.009349892253600998,1.977447904215327,1.0,0.4002,0.877,0.072,0.0022,0.0047,camera_pose_sim3,0.7227008114820783,1.2838951188051035,10000,10000,True,False,True,/content/cv3d-project/data/cache/reconstruction/predictions/02958343/12b5e4f52c22b348d8499d8846cb4c3b/50a8158af06bece2504a1f9d.npz,cacd7742a53a4918eda3a4827f366274532f70a6c51bd5100b9e4503ee02647a,/content/cv3d-project/data/cache/reconstruction/metrics/02958343/12b5e4f52c22b348d8499d8846cb4c3b/40e811b9e89f47c3fb5bd1e3.json,13.464313999975275
02958343/12b5e4f52c22b348d8499d8846cb4c3b,farthest,10,"[0, 46, 18, 28, 16, 30, 2, 44, 13, 33]",0.03935990536807753,0.090647805602071,0.1419357058360645,0.5232223288783874,0.04259382797110965,0.09753674103360632,1.977447904215327,1.0,0.1267,0.2957,0.3543,0.0256,0.0584,camera_pose_sim3,2.191851217804478,0.41814975798270304,10000,10000,True,False,True,/content/cv3d-project/data/cache/reconstruction/predictions/02958343/12b5e4f52c22b348d8499d8846cb4c3b/2c700debc612c5806b9e821e.npz,a5cdab617788170037dd95eb19a0453280cb4a2a593dab291b105ca2129c43a6,/content/cv3d-project/data/cache/reconstruction/metrics/02958343/12b5e4f52c22b348d8499d8846cb4c3b/54b4f69f21eec77002540ab0.json,12.667053999848576
02958343/12d463649ed6c176ab98a7077c964a60,farthest,1,[0],2.1789956231319567,2.385740740228652,2.592485857325347,0.0,0.0,0.0,1.9777008574032484,0.0,0.0,0.0,0.0,0.0,0.0,camera_rotation_center_and_target_diameter_scale_single_view,8.018668536294577,0.0,9950,10000,True,True,True,/content/cv3d-project/data/cache/reconstruction/predictions/02958343/12d463649ed6c176ab98a7077c964a60/58ed19c22655bc1f475494cf.npz,1470cf1f6c186c1e14aecdd967d7a6f64c1c35e965b73421f606add8aaf8a48d,/content/cv3d-project/data/cache/reconstruction/metrics/02958343/12d463649ed6c176ab98a7077c964a60/a3c92cbe92c8609a957d7227.json,3.854563999993843
02958343/12d463649ed6c176ab98a7077c964a60,farthest,2,"[0, 46]",0.06173272564890875,0.1391208521982627,0.21650897874761663,0.24322503562424638,0.005189913544668589,0.020813725490196076,1.9777008574032484,0.7678,0.0667,0.193,0.1445,0.0027,0.011,camera_pose_sim3,2.7485302132521774,0.10090195159366512,10000,10000,True,False,True,/content/cv3d-project/data/cache/reconstruction/predictions/02958343/12d463649ed6c176ab98a7077c964a60/f862890a5337f9459d643cfd.npz,b1583b596c5903cc66c9a0ae2a9e0375a0aeea92e49ed61c076ecc72fe622f68,/content/cv3d-project/data/cache/reconstruction/metrics/02958343/12d463649ed6c176ab98a7077c964a60/39381aef2620e62cbe921284.json,11.482463999982429
02958343/12d463649ed6c176ab98a7077c964a60,farthest,3,"[0, 46, 18]",0.527437376063966,0.6162044973893845,0.704971618714803,0.0,0.0,0.0,1.9777008574032484,0.0,0.0,0.0,0.0,0.0,0.0,camera_pose_sim3,1.192427158456719,1.090380940207684,10000,10000,True,False,True,/content/cv3d-project/data/cache/reconstruction/predictions/02958343/12d463649ed6c176ab98a7077c964a60/8988fb4137be3fe42570f6c9.npz,5f955c939a2137d3beac80639ad4ea7ef215b48b8d4ca59c8a8e52f75aa078dc,/content/cv3d-project/data/cache/reconstruction/metrics/02958343/12d463649ed6c176ab98a7077c964a60/9ea29a5cd84854f526896eed.json,11.383412999748543
02958343/12d463649ed6c176ab98a7077c964a60,farthest,5,"[0, 46, 18, 28, 16]",0.03418713831337066,0.16070343471687595,0.28721973112038124,0.2242741720678327,0.0024573839662447258,0.0054066584463625155,1.9777008574032484,1.0,0.0224,0.0783,0.1263,0.0013,0.0028,camera_pose_sim3,0.7162443274098728,1.2939233450849357,10000,10000,True,False,True,/content/cv3d-project/data/cache/reconstruction/predictions/02958343/12d463649ed6c176ab98a7077c964a60/debdcb05e67c4a0a129441c4.npz,2f2c740a992b9051ae9a0c6e77a5d0742cb858c415ab1e70ceace04ad38de1ad,/content/cv3d-project/data/cache/reconstruction/metrics/02958343/12d463649ed6c176ab98a7077c964a60/f0f803c93e914484d8c6a525.json,11.589842999910616
02958343/12d463649ed6c176ab98a7077c964a60,farthest,10,"[0, 46, 18, 28, 16, 30, 2, 44, 13, 33]",0.03432917283219777,0.07388779806054856,0.11344642328889934,0.632852553147857,0.08387910447761195,0.17571185022026434,1.9777008574032484,1.0,0.1572,0.3349,0.4629,0.0572,0.1191,camera_pose_sim3,2.4170368309758685,0.23212399375648438,10000,10000,True,False,True,/content/cv3d-project/data/cache/reconstruction/predictions/02958343/12d463649ed6c176ab98a7077c964a60/be2d4c59f404ebb9a23bf056.npz,0d663ab20f8623d8883928143162f9786657acccd448a06978c3c023ba3297e5,/content/cv3d-project/data/cache/reconstruction/metrics/02958343/12d463649ed6c176ab98a7077c964a60/0124ea54941acbc6596817ee.json,11.751124000056734
02958343/12f2905dc029f59a2479fbc7da5ed22b,farthest,1,[0],3.369937041542709,3.586314097628965,3.8026911537152213,0.0,0.0,0.0,1.9823235267027075,0.0,0.0,0.0,0.0,0.0,0.0,camera_rotation_center_and_target_diameter_scale_single_view,10.4038602782619,0.0,9714,10000,True,True,True,/content/cv3d-project/data/cache/reconstruction/predictions/02958343/12f2905dc029f59a2479fbc7da5ed22b/6823fefda6e18b50902ef380.npz,a3ee7bdfd91559ffa0765ed50bc4cfd048d683e93fefd894f69d2edc32694b4d,/content/cv3d-project/data/cache/reconstruction/metrics/02958343/12f2905dc029f59a2479fbc7da5ed22b/a8e1316e5ec0c34bc403a229.json,3.6511899998004083
02958343/12f2905dc029f59a2479fbc7da5ed22b,farthest,2,"[0, 46]",0.029351289643982415,0.09422081716301363,0.15909034468204483,0.44030258129922795,0.018430919050517348,0.04635526246372989,1.9823235267027075,1.0,0.1545,0.3543,0.2823,0.0098,0.0248,camera_pose_sim3,2.906193888761146,0.019755289569935407,10000,10000,True,False,True,/content/cv3d-project/data/cache/reconstruction/predictions/02958343/12f2905dc029f59a2479fbc7da5ed22b/f1d70a308285f0b37a63b30a.npz,c0929a44dbc24cb6f2eab39faab9406ba5414ae5554b02be07b1fc7676f1a4de,/content/cv3d-project/data/cache/reconstruction/metrics/02958343/12f2905dc029f59a2479fbc7da5ed22b/d3a1fe805070a9d7d2d92ac8.json,11.250611999912508
02958343/12f2905dc029f59a2479fbc7da5ed22b,farthest,3,"[0, 46, 18]",0.17695336477893706,0.33362643198573505,0.490299499192533,0.0,0.0,0.0,1.9823235267027075,0.0,0.0,0.0,0.0,0.0,0.0,camera_pose_sim3,1.646520294765104,0.9220267599322871,10000,10000,True,False,True,/content/cv3d-project/data/cache/reconstruction/predictions/02958343/12f2905dc029f59a2479fbc7da5ed22b/d8608c860056288cdb40e139.npz,b36ced8e3032280545e06bb582f167a77100ab49e77a4a9a46bf271d46f43998,/content/cv3d-project/data/cache/reconstruction/metrics/02958343/12f2905dc029f59a2479fbc7da5ed22b/3f8e9d089c88282f7a04d484.json,11.874551999881078
02958343/12f2905dc029f59a2479fbc7da5ed22b,farthest,5,"[0, 46, 18, 28, 16]",0.02556692033409528,0.19700054929385158,0.36843417825360786,0.16244027930907756,0.007324197120708749,0.016534237288135592,1.9823235267027075,1.0,0.3575,0.5226,0.0884,0.0037,0.0084,camera_pose_sim3,0.8032175839786291,1.26092450257091,10000,10000,True,False,True,/content/cv3d-project/data/cache/reconstruction/predictions/02958343/12f2905dc029f59a2479fbc7da5ed22b/d1eadddec7eac17d8d5ccb57.npz,febdc362ba9ee5d5e9f8f4ca156d62664651906f6c333ae9ff337fdd3115e6de,/content/cv3d-project/data/cache/reconstruction/metrics/02958343/12f2905dc029f59a2479fbc7da5ed22b/f42137614877f46e4686f2f9.json,11.287848000392842
02958343/12f2905dc029f59a2479fbc7da5ed22b,farthest,10,"[0, 46, 18, 28, 16, 30, 2, 44, 13, 33]",0.10786509331915341,0.2416414108169856,0.3754177283148178,0.008239271070615034,0.0,0.0,1.9823235267027075,0.2153,0.0,0.0,0.0042,0.0,0.0,camera_pose_sim3,0.4234866192393537,1.3589160658008448,10000,10000,True,False,True,/content/cv3d-project/data/cache/reconstruction/predictions/02958343/12f2905dc029f59a2479fbc7da5ed22b/0739d992c3342f374da725c3.npz,7b69c98ec4e0a9d3be01304f68ad80c4b4021db9f7eac1a48e03b0c12fdadbd3,/content/cv3d-project/data/cache/reconstruction/metrics/02958343/12f2905dc029f59a2479fbc7da5ed22b/8dbc2ff9bd23f24a223e98f9.json,11.608854999849427
02958343/1328a95d69cefe32f200a72c9245aee7,farthest,1,[0],3.0959581122157096,3.2902032246763864,3.484448337137063,0.0,0.0,0.0,1.9841233112110757,0.0,0.0,0.0,0.0,0.0,0.0,camera_rotation_center_and_target_diameter_scale_single_view,9.965719120469117,0.0,10000,10000,True,True,True,/content/cv3d-project/data/cache/reconstruction/predictions/02958343/1328a95d69cefe32f200a72c9245aee7/c2e8d5c16c990894a4f7fb37.npz,4a2e0ee6007e53de210c81f7c34e4fc5b3b1804e62d3cfd3272d1c2a825e3464,/content/cv3d-project/data/cache/reconstruction/metrics/02958343/1328a95d69cefe32f200a72c9245aee7/67dd75c1b5a686bdc7b96be1.json,3.828693999821553
02958343/1328a95d69cefe32f200a72c9245aee7,farthest,2,"[0, 46]",0.42388900785320904,0.483412758434788,0.5429365090163669,0.0,0.0,0.0,1.9841233112110757,0.0,0.0,0.0,0.0,0.0,0.0,camera_pose_sim3,2.943243883660293,0.1945919820783719,10000,10000,True,False,True,/content/cv3d-project/data/cache/reconstruction/predictions/02958343/1328a95d69cefe32f200a72c9245aee7/d3f851e2215079af682fd019.npz,c8cc23eb17b08065d0c79c00ad9afa94ce0a542c125e5cce8c6b17c039eec36e,/content/cv3d-project/data/cache/reconstruction/metrics/02958343/1328a95d69cefe32f200a72c9245aee7/bdc801ba4197f349237e11c4.json,11.346334999871033
02958343/1328a95d69cefe32f200a72c9245aee7,farthest,3,"[0, 46, 18]",0.4858273625616402,0.5562027200498623,0.6265780775380843,0.0,0.0,0.0,1.9841233112110757,0.0,0.0,0.0,0.0,0.0,0.0,camera_pose_sim3,2.1531902561173495,0.984716920678543,10000,10000,True,False,True,/content/cv3d-project/data/cache/reconstruction/predictions/02958343/1328a95d69cefe32f200a72c9245aee7/ced4bd382e6ed401e198a60c.npz,75c1318c9a36fa9b213e6885918fb68c3798f72cebf36aeb8e81b8f271942aca,/content/cv3d-project/data/cache/reconstruction/metrics/02958343/1328a95d69cefe32f200a72c9245aee7/d35395a45e5422c4aecf9daf.json,10.98477699997602
02958343/1328a95d69cefe32f200a72c9245aee7,farthest,5,"[0, 46, 18, 28, 16]",0.15380069235617944,0.2778273579193541,0.4018540234825287,0.0015437500000000002,0.0,0.0,1.9841233112110757,0.0013,0.0,0.0,0.0019,0.0,0.0,camera_pose_sim3,1.8773322907425394,0.9980460105271207,10000,10000,True,False,True,/content/cv3d-project/data/cache/reconstruction/predictions/02958343/1328a95d69cefe32f200a72c9245aee7/4bb3fb9ad203eec93c6942eb.npz,2461722b1772cd8e2f2a5007c73dc84dd15d4e0d26353a16b37c19716a22419c,/content/cv3d-project/data/cache/reconstruction/metrics/02958343/1328a95d69cefe32f200a72c9245aee7/9b14b6c9fb4a6ea946204754.json,11.07159999992291
02958343/1328a95d69cefe32f200a72c9245aee7,farthest,10,"[0, 46, 18, 28, 16, 30, 2, 44, 13, 33]",0.05805483073096459,0.11633945853534346,0.17462408633972232,0.3877731163578215,0.026810945273631842,0.07395462794918331,1.9841233112110757,0.808,0.0634,0.1734,0.2551,0.017,0.047,camera_pose_sim3,2.1902595102793554,0.7471766304020434,10000,10000,True,False,True,/content/cv3d-project/data/cache/reconstruction/predictions/02958343/1328a95d69cefe32f200a72c9245aee7/f92a82a3b1f71dc22d6173f2.npz,2b0f859f5e1f83c015d01c7e76ee947d3ed004c62601f21ce8c7eca632e5d70b,/content/cv3d-project/data/cache/reconstruction/metrics/02958343/1328a95d69cefe32f200a72c9245aee7/5d768fcbcfea0be57eb1ccde.json,11.734524999610585
02958343/1355f3aa779b599b16abce8cb03e7794,farthest,1,[0],4.126840773268372,4.335867437322719,4.544894101377067,0.0,0.0,0.0,1.9146573260432775,0.0,0.0,0.0,0.0,0.0,0.0,camera_rotation_center_and_target_diameter_scale_single_view,11.657813019814721,0.0,9549,10000,True,True,True,/content/cv3d-project/data/cache/reconstruction/predictions/02958343/1355f3aa779b599b16abce8cb03e7794/dd20ebe5f35e3feb482a9657.npz,83a3d220ede3f7e3335119d3ee8342a5a50083ab5f490c03e4b5fb89c9d22e80,/content/cv3d-project/data/cache/reconstruction/metrics/02958343/1355f3aa779b599b16abce8cb03e7794/8fd1e2920b6b17cb6c955820.json,3.834099999949103
02958343/1355f3aa779b599b16abce8cb03e7794,farthest,2,"[0, 46]",1.523709856909125,1.5612545533826174,1.5987992498561097,0.0,0.0,0.0,1.9146573260432775,0.0,0.0,0.0,0.0,0.0,0.0,camera_pose_sim3,3.5805823656851743,0.5004156769482071,10000,10000,True,False,True,/content/cv3d-project/data/cache/reconstruction/predictions/02958343/1355f3aa779b599b16abce8cb03e7794/fd82dc64421aedf28d152e0f.npz,d1f09a86804885190ed1a95ff80c8c90010e8152b2c2b1e7effc08ce8440f70b,/content/cv3d-project/data/cache/reconstruction/metrics/02958343/1355f3aa779b599b16abce8cb03e7794/5d13ee19816cf342083ec63c.json,11.569390000204294
02958343/1355f3aa779b599b16abce8cb03e7794,farthest,3,"[0, 46, 18]",0.8363697729907108,0.9659659286454119,1.095562084300113,0.0,0.0,0.0,1.9146573260432775,0.0,0.0,0.0,0.0,0.0,0.0,camera_pose_sim3,2.1876666307003916,1.0283497489462001,10000,10000,True,False,True,/content/cv3d-project/data/cache/reconstruction/predictions/02958343/1355f3aa779b599b16abce8cb03e7794/d6d0c5f58311516f0e37a88e.npz,6f27a1afac43e247f17bb952402532032db3eb71ef63b17cd9505e0045b78980,/content/cv3d-project/data/cache/reconstruction/metrics/02958343/1355f3aa779b599b16abce8cb03e7794/2a7be1e9cdf2a7eefe28c958.json,11.121741000351903
02958343/1355f3aa779b599b16abce8cb03e7794,farthest,5,"[0, 46, 18, 28, 16]",1.0741861190098172,1.1449530126695975,1.2157199063293778,0.0,0.0,0.0,1.9146573260432775,0.0,0.0,0.0,0.0,0.0,0.0,camera_pose_sim3,2.0766535865369753,1.2473203195078646,10000,10000,True,False,True,/content/cv3d-project/data/cache/reconstruction/predictions/02958343/1355f3aa779b599b16abce8cb03e7794/e3d71d285f49f105cc27b616.npz,970e90dba08bc5038ee9c68009612fe546ce88081cc8420542b38c466204cd66,/content/cv3d-project/data/cache/reconstruction/metrics/02958343/1355f3aa779b599b16abce8cb03e7794/f8a15f0025bc8f1a318fa708.json,11.114642999928037
02958343/1355f3aa779b599b16abce8cb03e7794,farthest,10,"[0, 46, 18, 28, 16, 30, 2, 44, 13, 33]",0.01485411625999216,0.07573051632996315,0.13660691639993414,0.708761056233456,0.1415244506038408,0.24419997726239198,1.9146573260432775,1.0,0.42,0.7331,0.5489,0.0851,0.1465,camera_pose_sim3,2.06919648161381,0.7843146937634323,10000,10000,True,False,True,/content/cv3d-project/data/cache/reconstruction/predictions/02958343/1355f3aa779b599b16abce8cb03e7794/51e458c56b50464677576d8d.npz,48d89a21a5371abbd6ff96f0cb477b45321db02eca4e6d177a049adb842dbd75,/content/cv3d-project/data/cache/reconstruction/metrics/02958343/1355f3aa779b599b16abce8cb03e7794/71e779d843325976a8337353.json,11.686990999805857
02958343/137f67657cdc9da5f985cd98f7d73e9a,farthest,1,[0],3.0848696787872183,3.298993914823825,3.513118150860431,0.0,0.0,0.0,1.9846640167062906,0.0,0.0,0.0,0.0,0.0,0.0,camera_rotation_center_and_target_diameter_scale_single_view,9.744572902429873,0.0,10000,10000,True,True,True,/content/cv3d-project/data/cache/reconstruction/predictions/02958343/137f67657cdc9da5f985cd98f7d73e9a/d7b21ba235f3c8023f70cec3.npz,8434d84cdcd9c9569c4c937b0278e320ac31563c03c50544ee099da48bef034e,/content/cv3d-project/data/cache/reconstruction/metrics/02958343/137f67657cdc9da5f985cd98f7d73e9a/2efd8c195b960a919643061a.json,3.857067999888386
02958343/137f67657cdc9da5f985cd98f7d73e9a,farthest,2,"[0, 46]",0.037767763004333856,0.10770042177296443,0.17763308054159502,0.349017665510979,0.01628747686613202,0.03768105726872247,1.9846640167062906,1.0,0.1535,0.3888,0.2114,0.0086,0.0198,camera_pose_sim3,2.582212390243929,0.03492142801166498,10000,10000,True,False,True,/content/cv3d-project/data/cache/reconstruction/predictions/02958343/137f67657cdc9da5f985cd98f7d73e9a/b7c798fe48a56308f262a980.npz,43ba4fde1e2a285e068a2ee9dc6e69a21e35f98227b1f7d4a092f852dfa40d81,/content/cv3d-project/data/cache/reconstruction/metrics/02958343/137f67657cdc9da5f985cd98f7d73e9a/2a981fbed01f05edd55f7773.json,10.96340499998405
02958343/137f67657cdc9da5f985cd98f7d73e9a,farthest,3,"[0, 46, 18]",0.3057463778908854,0.40534087186755385,0.5049353658442223,0.0,0.0,0.0,1.9846640167062906,0.0,0.0,0.0,0.0,0.0,0.0,camera_pose_sim3,2.2598394821167758,0.8711575335804964,10000,10000,True,False,True,/content/cv3d-project/data/cache/reconstruction/predictions/02958343/137f67657cdc9da5f985cd98f7d73e9a/09f468803e9b3d559074932b.npz,df24e358f1bb2c2d6d234ab7559be5f23e5ab53ec506a5639744f39e48a8c438,/content/cv3d-project/data/cache/reconstruction/metrics/02958343/137f67657cdc9da5f985cd98f7d73e9a/92dda198678cb5642e01745e.json,10.906394000357977
02958343/137f67657cdc9da5f985cd98f7d73e9a,farthest,5,"[0, 46, 18, 28, 16]",0.20945682272456193,0.35835418184371526,0.5072515409628686,0.0,0.0,0.0,1.9846640167062906,0.0,0.0,0.0,0.0,0.0,0.0,camera_pose_sim3,1.0739400425471688,1.1985972187956013,10000,10000,True,False,True,/content/cv3d-project/data/cache/reconstruction/predictions/02958343/137f67657cdc9da5f985cd98f7d73e9a/344a5548801647faa22d441b.npz,02a7e56eb278c62f553c24d133ad1ba16b7051427b2a1c604d7375753d5e08a3,/content/cv3d-project/data/cache/reconstruction/metrics/02958343/137f67657cdc9da5f985cd98f7d73e9a/344e3391a127df165f37dd05.json,11.263313999734237
02958343/137f67657cdc9da5f985cd98f7d73e9a,farthest,10,"[0, 46, 18, 28, 16, 30, 2, 44, 13, 33]",0.6026441871819291,0.7190138622124371,0.8353835372429451,0.0,0.0,0.0,1.9846640167062906,0.0,0.0,0.0,0.0,0.0,0.0,camera_pose_sim3,1.2052971766964913,1.2391365059912296,10000,10000,True,False,True,/content/cv3d-project/data/cache/reconstruction/predictions/02958343/137f67657cdc9da5f985cd98f7d73e9a/7ec382bc324a2dea90767179.npz,7ea5e10fe2145d7f0be62a78b401fa19592dabe14899302cea8e7bcd78823cbb,/content/cv3d-project/data/cache/reconstruction/metrics/02958343/137f67657cdc9da5f985cd98f7d73e9a/ed1aae06ea68d1af4c97076f.json,11.679384000217397
02958343/139718b631cbca546a36136419d55d5c,farthest,1,[0],3.8310320587953743,4.058284839080999,4.2855376193666235,0.0,0.0,0.0,1.9751853718837966,0.0,0.0,0.0,0.0,0.0,0.0,camera_rotation_center_and_target_diameter_scale_single_view,11.22237099027108,0.0,10000,10000,True,True,True,/content/cv3d-project/data/cache/reconstruction/predictions/02958343/139718b631cbca546a36136419d55d5c/304c64be83946f8bf14b3790.npz,eb5cc89451bbd61dd3e125b5c7a7729aa727489a1357ea4cc7e29c61d619e6b2,/content/cv3d-project/data/cache/reconstruction/metrics/02958343/139718b631cbca546a36136419d55d5c/0805435368bf895bd0cda1ed.json,3.804130999924382
02958343/139718b631cbca546a36136419d55d5c,farthest,2,"[0, 46]",0.3509383434972251,0.42841502741696047,0.5058917113366959,0.0,0.0,0.0,1.9751853718837966,0.0,0.0,0.0,0.0,0.0,0.0,camera_pose_sim3,2.822061032442188,0.27467045223922804,10000,10000,True,False,True,/content/cv3d-project/data/cache/reconstruction/predictions/02958343/139718b631cbca546a36136419d55d5c/9d50f4d8a046ff596d743b76.npz,ee0392d70122073c8d877aae15a78d734b6ff2778942253d62ae06995e9a7f63,/content/cv3d-project/data/cache/reconstruction/metrics/02958343/139718b631cbca546a36136419d55d5c/5272bec1c408ac621ce0c4e0.json,11.29114400009712
02958343/139718b631cbca546a36136419d55d5c,farthest,3,"[0, 46, 18]",0.3910112062801741,0.4516427088470455,0.5122742114139169,0.0,0.0,0.0,1.9751853718837966,0.0,0.0,0.0,0.0,0.0,0.0,camera_pose_sim3,2.432220404843733,0.8530820584533477,10000,10000,True,False,True,/content/cv3d-project/data/cache/reconstruction/predictions/02958343/139718b631cbca546a36136419d55d5c/c7fe197b572e568d1753f9ec.npz,b215633314ec6c3981c0e7d97792dc7c8ff5e8dff8643132ce139748bab33f47,/content/cv3d-project/data/cache/reconstruction/metrics/02958343/139718b631cbca546a36136419d55d5c/83a1ba93eafbd4c4d7ab8289.json,11.09719500027495
02958343/139718b631cbca546a36136419d55d5c,farthest,5,"[0, 46, 18, 28, 16]",0.08953179902499844,0.2207251414311987,0.351918483837399,0.02719661088752383,0.0,0.0,1.9751853718837966,0.9304,0.0,0.0,0.0138,0.0,0.0,camera_pose_sim3,0.4875955059960119,1.3265099508386058,10000,10000,True,False,True,/content/cv3d-project/data/cache/reconstruction/predictions/02958343/139718b631cbca546a36136419d55d5c/149df1849138d45d60e8cee9.npz,590298b9bcf88e568e030d183738e9d0ce2765d2c4ced3d3ec99da155c5ffb11,/content/cv3d-project/data/cache/reconstruction/metrics/02958343/139718b631cbca546a36136419d55d5c/fd2004b22b0a138fa6b6af73.json,11.226393000015378
02958343/139718b631cbca546a36136419d55d5c,farthest,10,"[0, 46, 18, 28, 16, 30, 2, 44, 13, 33]",0.3444640457933166,0.403967843787765,0.46347164178221345,0.0,0.0,0.0,1.9751853718837966,0.0,0.0,0.0,0.0,0.0,0.0,camera_pose_sim3,2.4891401365607617,0.6326417487847392,10000,10000,True,False,True,/content/cv3d-project/data/cache/reconstruction/predictions/02958343/139718b631cbca546a36136419d55d5c/510c386a03a73633bd4da371.npz,e49b38c55098ccf063d4be40131ca030854f6d27a405d289f5092a02007c5629,/content/cv3d-project/data/cache/reconstruction/metrics/02958343/139718b631cbca546a36136419d55d5c/8ba8511f511bbf85803a9a3e.json,11.848829999962618
02958343/1399eab8ad7262eb7f3efc94c2d31dc5,farthest,1,[0],4.039299083709831,4.261634833525113,4.483970583340396,0.0,0.0,0.0,1.9453318399651676,0.0,0.0,0.0,0.0,0.0,0.0,camera_rotation_center_and_target_diameter_scale_single_view,11.637038834813357,0.0,9730,10000,True,True,True,/content/cv3d-project/data/cache/reconstruction/predictions/02958343/1399eab8ad7262eb7f3efc94c2d31dc5/3ea394f53065866eb1684a32.npz,300fd9e8f48a90f7a86e838f4fdd9f59bf37c9c3e814587a9f1cfe19dbad84ba,/content/cv3d-project/data/cache/reconstruction/metrics/02958343/1399eab8ad7262eb7f3efc94c2d31dc5/bbd31100606625b71c01acb1.json,3.664491000108683
02958343/1399eab8ad7262eb7f3efc94c2d31dc5,farthest,2,"[0, 46]",0.3575522789625188,0.41298052009954456,0.4684087612365704,0.0,0.0,0.0,1.9453318399651676,0.0,0.0,0.0,0.0,0.0,0.0,camera_pose_sim3,2.865478801063328,0.25464906673847837,10000,10000,True,False,True,/content/cv3d-project/data/cache/reconstruction/predictions/02958343/1399eab8ad7262eb7f3efc94c2d31dc5/3def9bb544e6bc07b7e32857.npz,bc2b4bb1e5ec9a9b45f99f7685d31d020da1723255ec6b83d50bf71c40260c98,/content/cv3d-project/data/cache/reconstruction/metrics/02958343/1399eab8ad7262eb7f3efc94c2d31dc5/f4c8abeed88bb8e660ab802f.json,10.990775000209396
02958343/1399eab8ad7262eb7f3efc94c2d31dc5,farthest,3,"[0, 46, 18]",0.38092860332325407,0.49283411691606205,0.60473963050887,0.0,0.0,0.0,1.9453318399651676,0.0,0.0,0.0,0.0,0.0,0.0,camera_pose_sim3,2.084335931661247,0.8758260144047703,10000,10000,True,False,True,/content/cv3d-project/data/cache/reconstruction/predictions/02958343/1399eab8ad7262eb7f3efc94c2d31dc5/e1ecabb3b3e0ad170ba6f72e.npz,09d33378a2e78e5ae37bfc37946203206c907bc4cbc1edd64d426985a90735cd,/content/cv3d-project/data/cache/reconstruction/metrics/02958343/1399eab8ad7262eb7f3efc94c2d31dc5/9c77c54e8efa6d20ea00b37b.json,10.995990999617788
02958343/1399eab8ad7262eb7f3efc94c2d31dc5,farthest,5,"[0, 46, 18, 28, 16]",0.044325230847648445,0.16721923452004142,0.2901132381924344,0.15719155993734452,0.0,0.0,1.9453318399651676,1.0,0.0,0.0,0.0853,0.0,0.0,camera_pose_sim3,0.5518702073568652,1.3436575393656338,10000,10000,True,False,True,/content/cv3d-project/data/cache/reconstruction/predictions/02958343/1399eab8ad7262eb7f3efc94c2d31dc5/35af9532ba60ddb3b075d5fe.npz,21a29b1c5e063470e07c62d0e77a8ef46949efec0902e6647c21c33001df2772,/content/cv3d-project/data/cache/reconstruction/metrics/02958343/1399eab8ad7262eb7f3efc94c2d31dc5/d2fcb289690d44b288e4ab66.json,11.099780000222381
02958343/1399eab8ad7262eb7f3efc94c2d31dc5,farthest,10,"[0, 46, 18, 28, 16, 30, 2, 44, 13, 33]",0.4791750474095461,0.5276955073170737,0.5762159672246012,0.0,0.0,0.0,1.9453318399651676,0.0,0.0,0.0,0.0,0.0,0.0,camera_pose_sim3,1.730678611912867,1.0508475936406076,10000,10000,True,False,True,/content/cv3d-project/data/cache/reconstruction/predictions/02958343/1399eab8ad7262eb7f3efc94c2d31dc5/4649924e0277162a0cc37348.npz,a7d2d7b70457413f6d965433f3d9a433cd28204f6c57da182620a3cfe2898e6e,/content/cv3d-project/data/cache/reconstruction/metrics/02958343/1399eab8ad7262eb7f3efc94c2d31dc5/f4fac969a54dd36ddbc18c20.json,11.67383800020616
02958343/139df45393b6847838805e546aa28d99,farthest,1,[0],2.902264711321704,3.1065173281193834,3.310769944917063,0.0,0.0,0.0,1.9914343922907116,0.0,0.0,0.0,0.0,0.0,0.0,camera_rotation_center_and_target_diameter_scale_single_view,9.594383248612052,0.0,10000,10000,True,True,True,/content/cv3d-project/data/cache/reconstruction/predictions/02958343/139df45393b6847838805e546aa28d99/749c9a7ddad2682836510c9b.npz,917b3791a298860f7285845e066524ed98a52364fe9d27cbf0af8c1a2613d016,/content/cv3d-project/data/cache/reconstruction/metrics/02958343/139df45393b6847838805e546aa28d99/d3e259a38d265c5d94a234a6.json,3.8846540001031826
02958343/139df45393b6847838805e546aa28d99,farthest,2,"[0, 46]",0.7440815497937375,0.8349054096353207,0.9257292694769038,0.0,0.0,0.0,1.9914343922907116,0.0,0.0,0.0,0.0,0.0,0.0,camera_pose_sim3,1.13296989011453,1.302206407817681,10000,10000,True,False,True,/content/cv3d-project/data/cache/reconstruction/predictions/02958343/139df45393b6847838805e546aa28d99/2af77b6e4c25b3885ceba70b.npz,10ef31832f09363c08e3ae44d4745d15bc4ea1bb9c6162b9af9e2dbe973b6f09,/content/cv3d-project/data/cache/reconstruction/metrics/02958343/139df45393b6847838805e546aa28d99/8469b37e392cfc1f368f792c.json,11.0685919999014
02958343/139df45393b6847838805e546aa28d99,farthest,3,"[0, 46, 18]",1.9343188780874796,2.051542135168683,2.1687653922498864,0.0,0.0,0.0,1.9914343922907116,0.0,0.0,0.0,0.0,0.0,0.0,camera_pose_sim3_positive_scale_fallback,2.8719511740794244,1.088878717296163,10000,10000,True,False,True,/content/cv3d-project/data/cache/reconstruction/predictions/02958343/139df45393b6847838805e546aa28d99/a29d14381c9cddf2a8d69f99.npz,838ebb5143d2bacf433ae6cc24f0eda643bdfd34e8e7be24fec2c8282bb934fc,/content/cv3d-project/data/cache/reconstruction/metrics/02958343/139df45393b6847838805e546aa28d99/fff843e074b269b1bb83475e.json,11.431665000145586
02958343/139df45393b6847838805e546aa28d99,farthest,5,"[0, 46, 18, 28, 16]",2.4685127343144537,2.5246096912899363,2.5807066482654184,0.0,0.0,0.0,1.9914343922907116,0.0,0.0,0.0,0.0,0.0,0.0,camera_pose_sim3_positive_scale_fallback,4.258346281462162,1.988032554224442,10000,10000,True,False,True,/content/cv3d-project/data/cache/reconstruction/predictions/02958343/139df45393b6847838805e546aa28d99/a7cb326e092b1d2d8775608b.npz,aadcd539619d3ec8c3113e3b6e19565d1c602bfa1da8e4549edbd2a76e0a8f68,/content/cv3d-project/data/cache/reconstruction/metrics/02958343/139df45393b6847838805e546aa28d99/f716686864d7b10b4a3c19cd.json,11.302092999812885
02958343/139df45393b6847838805e546aa28d99,farthest,10,"[0, 46, 18, 28, 16, 30, 2, 44, 13, 33]",0.021433944521913703,0.05196271751466121,0.08249149050740871,0.7964133116687729,0.08688346984363365,0.19276213213213214,1.9914343922907116,1.0,0.2141,0.5491,0.6617,0.0545,0.1169,camera_pose_sim3,2.552071196624959,0.20223745505881038,10000,10000,True,False,True,/content/cv3d-project/data/cache/reconstruction/predictions/02958343/139df45393b6847838805e546aa28d99/b6e0ce8692e1c869c2be97af.npz,e04319a5a138b80a2d154a8399b03e0c74ccc3caad27c6bac5846b8718fce8ea,/content/cv3d-project/data/cache/reconstruction/metrics/02958343/139df45393b6847838805e546aa28d99/5c232156b1fea9da74d05e55.json,12.098787000013544
02958343/13d0f68f32a86bdfe3857ce739e6606f,farthest,1,[0],1.624290773363693,1.844335222440722,2.064379671517751,0.0,0.0,0.0,1.9641939180006072,0.0,0.0,0.0,0.0,0.0,0.0,camera_rotation_center_and_target_diameter_scale_single_view,6.796603095310767,0.0,10000,10000,True,True,True,/content/cv3d-project/data/cache/reconstruction/predictions/02958343/13d0f68f32a86bdfe3857ce739e6606f/102a04e78749153911c4a099.npz,d30fb8568729c7e6b76dbc86f8f06bfa76885db27e2c97902249a89ac1cc8e17,/content/cv3d-project/data/cache/reconstruction/metrics/02958343/13d0f68f32a86bdfe3857ce739e6606f/a0f3173fa0ffa45122b3da06.json,3.8378899998861016
02958343/13d0f68f32a86bdfe3857ce739e6606f,farthest,2,"[0, 46]",0.3534253516557361,0.4047705636052221,0.4561157755547081,0.0,0.0,0.0,1.9641939180006072,0.0,0.0,0.0,0.0,0.0,0.0,camera_pose_sim3,2.598066316652017,0.2812396877762264,10000,10000,True,False,True,/content/cv3d-project/data/cache/reconstruction/predictions/02958343/13d0f68f32a86bdfe3857ce739e6606f/6b73dd6ce2786edf00fd0b03.npz,63dfb90ce33032b584dda4cae0bcd0cd1684ee3bca5b369b734dad453e0167c7,/content/cv3d-project/data/cache/reconstruction/metrics/02958343/13d0f68f32a86bdfe3857ce739e6606f/d9a272c7f3b76f762c4080cd.json,11.07440099985979
02958343/13d0f68f32a86bdfe3857ce739e6606f,farthest,3,"[0, 46, 18]",0.16366147288114435,0.322680493659143,0.48169951443714165,0.006564705882352941,0.0,0.0,1.9641939180006072,0.0372,0.0,0.0,0.0036,0.0,0.0,camera_pose_sim3,1.4729595809326872,0.9256353293986366,10000,10000,True,False,True,/content/cv3d-project/data/cache/reconstruction/predictions/02958343/13d0f68f32a86bdfe3857ce739e6606f/91ed25cc2ac8157cc4a1e81d.npz,e94df881eb0cbd81c6515b598cc237c829aa48f8d9dcecbb9b02c6f7d41310bf,/content/cv3d-project/data/cache/reconstruction/metrics/02958343/13d0f68f32a86bdfe3857ce739e6606f/0014f95947be782dcdb51481.json,11.315958000068349
02958343/13d0f68f32a86bdfe3857ce739e6606f,farthest,5,"[0, 46, 18, 28, 16]",0.13641371779917594,0.2274356891623836,0.31845766052559127,0.0,0.0,0.0,1.9641939180006072,0.0,0.0,0.0,0.0,0.0,0.0,camera_pose_sim3,0.20298610610467785,1.3561982512050599,10000,10000,True,False,True,/content/cv3d-project/data/cache/reconstruction/predictions/02958343/13d0f68f32a86bdfe3857ce739e6606f/526a869bfdc220a6bb887f3d.npz,4aa58c0d4a822ea5b70cf3b3aad46899661eb30a31ad0d9257fd38c03cd0f85b,/content/cv3d-project/data/cache/reconstruction/metrics/02958343/13d0f68f32a86bdfe3857ce739e6606f/5605eea495a3fa2e5fd0b5ff.json,11.306236000109493
02958343/13d0f68f32a86bdfe3857ce739e6606f,farthest,10,"[0, 46, 18, 28, 16, 30, 2, 44, 13, 33]",0.3058937624113252,0.3762668647921607,0.4466399671729962,0.0,0.0,0.0,1.9641939180006072,0.0,0.0,0.0,0.0,0.0,0.0,camera_pose_sim3,1.8276374045253343,1.0376885128601345,10000,10000,True,False,True,/content/cv3d-project/data/cache/reconstruction/predictions/02958343/13d0f68f32a86bdfe3857ce739e6606f/1dbb769705197cf8905d02fc.npz,6f319fc1680f2af22f7a3112d59c55154776248a5fcc6295185ebf2573b17a06,/content/cv3d-project/data/cache/reconstruction/metrics/02958343/13d0f68f32a86bdfe3857ce739e6606f/fb3d4c6334980cd618a4b95f.json,12.024667999867233
02958343/14121abc9e2a868e52ab7aae4be20d81,farthest,1,[0],2.1175325613830935,2.318773786183311,2.5200150109835286,0.0,0.0,0.0,1.9835359629496319,0.0,0.0,0.0,0.0,0.0,0.0,camera_rotation_center_and_target_diameter_scale_single_view,7.874546273159979,0.0,10000,10000,True,True,True,/content/cv3d-project/data/cache/reconstruction/predictions/02958343/14121abc9e2a868e52ab7aae4be20d81/8508b8f7dca8a23c272d10b3.npz,23f57b8b5556c36d6c0751463e176ee22f1c27956f9512aaa11d2180283ba452,/content/cv3d-project/data/cache/reconstruction/metrics/02958343/14121abc9e2a868e52ab7aae4be20d81/6246efa3f1dd96d7c9d068c6.json,4.11563700026818
02958343/14121abc9e2a868e52ab7aae4be20d81,farthest,2,"[0, 46]",0.0966409063146682,0.17963959051629033,0.26263827471791246,0.16394914989861176,0.0069626198083067095,0.016926681367144432,1.9835359629496319,0.5446,0.0589,0.1725,0.0965,0.0037,0.0089,camera_pose_sim3,2.8598260236349238,0.1269078666644923,10000,10000,True,False,True,/content/cv3d-project/data/cache/reconstruction/predictions/02958343/14121abc9e2a868e52ab7aae4be20d81/f2e2a69f7fee4f888b83737b.npz,4e13ffcaf01246f4502ce95ef19d8972229af1b3686c2b1301ab855f32ecc566,/content/cv3d-project/data/cache/reconstruction/metrics/02958343/14121abc9e2a868e52ab7aae4be20d81/e2caed914cdbbd797e0fc17c.json,11.193783000180701
02958343/14121abc9e2a868e52ab7aae4be20d81,farthest,3,"[0, 46, 18]",0.25164306236213124,0.37482940082731453,0.4980157392924978,0.0,0.0,0.0,1.9835359629496319,0.0,0.0,0.0,0.0,0.0,0.0,camera_pose_sim3,2.0815522971339093,0.8464819619322097,10000,10000,True,False,True,/content/cv3d-project/data/cache/reconstruction/predictions/02958343/14121abc9e2a868e52ab7aae4be20d81/2783b0c111e49c6cd172b31f.npz,9a5a54df885a290d90a99b61a6b697ce68bebd9f439f8dbe14e79e7f58269758,/content/cv3d-project/data/cache/reconstruction/metrics/02958343/14121abc9e2a868e52ab7aae4be20d81/2d82e2cf67ee8fb9c19c9ee7.json,11.037953000140988
02958343/14121abc9e2a868e52ab7aae4be20d81,farthest,5,"[0, 46, 18, 28, 16]",0.2563463199566102,0.3791772757392492,0.5020082315218881,0.0,0.0,0.0,1.9835359629496319,0.0,0.0,0.0,0.0,0.0,0.0,camera_pose_sim3,1.1942501391834406,1.2298731463526675,10000,10000,True,False,True,/content/cv3d-project/data/cache/reconstruction/predictions/02958343/14121abc9e2a868e52ab7aae4be20d81/782e91026c25387d06107934.npz,5b78d0bd6a13ba342df56c39a43cc5e172337acac6d18b00235ec9f92a6f2c8c,/content/cv3d-project/data/cache/reconstruction/metrics/02958343/14121abc9e2a868e52ab7aae4be20d81/9c1921bfc57d5d06ea846ada.json,11.122870000235707
02958343/14121abc9e2a868e52ab7aae4be20d81,farthest,10,"[0, 46, 18, 28, 16, 30, 2, 44, 13, 33]",0.29788818612782547,0.40363455479205956,0.5093809234562937,0.0,0.0,0.0,1.9835359629496319,0.0,0.0,0.0,0.0,0.0,0.0,camera_pose_sim3,0.9410807407422063,1.2987076160987436,10000,10000,True,False,True,/content/cv3d-project/data/cache/reconstruction/predictions/02958343/14121abc9e2a868e52ab7aae4be20d81/249afc100aed9bd19be3e9c3.npz,9cf12428f476b717123cac2dd907b562b862b971c141bfa10e4bccd0791aa220,/content/cv3d-project/data/cache/reconstruction/metrics/02958343/14121abc9e2a868e52ab7aae4be20d81/930ae286c12c30002a426634.json,11.711002999618358
02958343/1424d894bfd59cdc65e9f24f8c34a52,farthest,1,[0],3.958523337691341,4.166271149693767,4.3740189616961915,0.0,0.0,0.0,1.9793219680981615,0.0,0.0,0.0,0.0,0.0,0.0,camera_rotation_center_and_target_diameter_scale_single_view,11.682751176712511,0.0,10000,10000,True,True,True,/content/cv3d-project/data/cache/reconstruction/predictions/02958343/1424d894bfd59cdc65e9f24f8c34a52/d8466d438ba422f870e60a9e.npz,7c4bb8d0eb585c5ce4aa180de54a03196b18a42e7dfa3f0612600b6780b5e999,/content/cv3d-project/data/cache/reconstruction/metrics/02958343/1424d894bfd59cdc65e9f24f8c34a52/553ebddb9669f83fece26839.json,3.9286879996325297
02958343/1424d894bfd59cdc65e9f24f8c34a52,farthest,2,"[0, 46]",0.1599777474817085,0.2335342664360049,0.30709078539030127,0.030532693461307738,0.0,0.0,1.9793219680981615,0.1497,0.0,0.0,0.017,0.0,0.0,camera_pose_sim3,2.8496011815498123,0.133646935509691,10000,10000,True,False,True,/content/cv3d-project/data/cache/reconstruction/predictions/02958343/1424d894bfd59cdc65e9f24f8c34a52/f9366d38785457b65ebccaf3.npz,710312e076b39a6acd7d827b3b6dc85ed119d0d163af5ac0fe2c4b35fc4a80b1,/content/cv3d-project/data/cache/reconstruction/metrics/02958343/1424d894bfd59cdc65e9f24f8c34a52/d78ee70c7f450629e9f8bbdb.json,12.170803000117303
02958343/1424d894bfd59cdc65e9f24f8c34a52,farthest,3,"[0, 46, 18]",0.5781602032938699,0.6400640275880285,0.7019678518821871,0.0,0.0,0.0,1.9793219680981615,0.0,0.0,0.0,0.0,0.0,0.0,camera_pose_sim3,2.3730716413562893,0.9475606878876499,10000,10000,True,False,True,/content/cv3d-project/data/cache/reconstruction/predictions/02958343/1424d894bfd59cdc65e9f24f8c34a52/5813c7d85a6326cb303ff13d.npz,d04651cd1244bdbc4ea63c1c0ee39acddc05f8820b1a109eadfd22918ab311f2,/content/cv3d-project/data/cache/reconstruction/metrics/02958343/1424d894bfd59cdc65e9f24f8c34a52/86695872b32989ade7ea8190.json,11.40849800003707
02958343/1424d894bfd59cdc65e9f24f8c34a52,farthest,5,"[0, 46, 18, 28, 16]",0.2813745560306898,0.39833250450649593,0.5152904529823021,0.0,0.0,0.0,1.9793219680981615,0.0,0.0,0.0,0.0,0.0,0.0,camera_pose_sim3,1.0621433679081205,1.3058439364020504,10000,10000,True,False,True,/content/cv3d-project/data/cache/reconstruction/predictions/02958343/1424d894bfd59cdc65e9f24f8c34a52/cb1c5d844873f33a7e734a2d.npz,ab7650bb90c52890742331055c8cf42a1e4ff2f9e9952f91fc97b62009e8dcac,/content/cv3d-project/data/cache/reconstruction/metrics/02958343/1424d894bfd59cdc65e9f24f8c34a52/5f65dc5aff85dac984e9603a.json,11.771242000122584
02958343/1424d894bfd59cdc65e9f24f8c34a52,farthest,10,"[0, 46, 18, 28, 16, 30, 2, 44, 13, 33]",0.024060015257167902,0.049499515063936704,0.0749390148707055,0.8511029411764706,0.11107484787018256,0.2455709805029669,1.9793219680981615,1.0,0.2217,0.5497,0.7408,0.0741,0.1581,camera_pose_sim3,2.429482117770299,0.12087337772582603,10000,10000,True,False,True,/content/cv3d-project/data/cache/reconstruction/predictions/02958343/1424d894bfd59cdc65e9f24f8c34a52/83f0a9bfdee73a926c725af7.npz,b1ab9737fbd3bc1024d9655c4e2bbadfdd2bbd130ce081774e71ccceee442f25,/content/cv3d-project/data/cache/reconstruction/metrics/02958343/1424d894bfd59cdc65e9f24f8c34a52/1a64665ddbac8f233b73857c.json,11.889389999851119
02958343/14330011009dacfed49701eac14326ae,farthest,1,[0],3.4290645394045276,3.629553310618234,3.83004208183194,0.0,0.0,0.0,1.9803323859907254,0.0,0.0,0.0,0.0,0.0,0.0,camera_rotation_center_and_target_diameter_scale_single_view,10.65682827364394,0.0,10000,10000,True,True,True,/content/cv3d-project/data/cache/reconstruction/predictions/02958343/14330011009dacfed49701eac14326ae/f1d131c3bb963f40f39355f5.npz,82d79e9a72c5061ca8e90cc603ea68b9bcdb10e2b0984932291662130c715928,/content/cv3d-project/data/cache/reconstruction/metrics/02958343/14330011009dacfed49701eac14326ae/ac1fdfdfcbb51a1f68b4e23b.json,3.8312010001391172
02958343/14330011009dacfed49701eac14326ae,farthest,2,"[0, 46]",1.247156064311303,1.322058280511137,1.3969604967109708,0.0,0.0,0.0,1.9803323859907254,0.0,0.0,0.0,0.0,0.0,0.0,camera_pose_sim3,2.3848118802815574,0.8682392396286981,10000,10000,True,True,True,/content/cv3d-project/data/cache/reconstruction/predictions/02958343/14330011009dacfed49701eac14326ae/5565f2dd480967538514103e.npz,8e8674d5d9e3d98626d7494fed316ac0042c4a00e791c6569099e7eb432ef887,/content/cv3d-project/data/cache/reconstruction/metrics/02958343/14330011009dacfed49701eac14326ae/cb0e20264411e6b398bbfe34.json,2.432580999993661
02958343/14330011009dacfed49701eac14326ae,farthest,3,"[0, 46, 18]",0.6932069654218663,0.8492904155597039,1.0053738656975415,0.0,0.0,0.0,1.9803323859907254,0.0,0.0,0.0,0.0,0.0,0.0,camera_pose_sim3,1.5886915211102173,1.1680540414629943,10000,10000,True,False,True,/content/cv3d-project/data/cache/reconstruction/predictions/02958343/14330011009dacfed49701eac14326ae/dfd1b66b6b7b15fae1b997a4.npz,c68dd5c77d53014b2dec40b66e27e8d55ee0a372f2b6e4890cab1af59b559e56,/content/cv3d-project/data/cache/reconstruction/metrics/02958343/14330011009dacfed49701eac14326ae/688284167b1e02de4fdca10b.json,11.633526999958121
02958343/14330011009dacfed49701eac14326ae,farthest,5,"[0, 46, 18, 28, 16]",0.10711966578241765,0.23654616985504406,0.36597267392767047,0.11451044010262482,0.0008837209302325581,0.002533333333333333,1.9803323859907254,0.4409,0.0038,0.0133,0.0658,0.0005,0.0014,camera_pose_sim3,1.925740750899892,0.9457219209388323,10000,10000,True,False,True,/content/cv3d-project/data/cache/reconstruction/predictions/02958343/14330011009dacfed49701eac14326ae/aafe2294061c306784a37300.npz,b288016fc85f2d4a105be32757d6101b7320bfb3190572b6ab87f86ba86be270,/content/cv3d-project/data/cache/reconstruction/metrics/02958343/14330011009dacfed49701eac14326ae/54f827404eeba2bdd6e115a9.json,11.712334000094415
02958343/14330011009dacfed49701eac14326ae,farthest,10,"[0, 46, 18, 28, 16, 30, 2, 44, 13, 33]",0.022320937464157784,0.11019772426246902,0.19807451106078025,0.44865032578343156,0.06269663087745281,0.12500118023942,1.9803323859907254,1.0,0.2339,0.5221,0.2892,0.0362,0.071,camera_pose_sim3,1.75487695695048,0.8976572629376968,10000,10000,True,False,True,/content/cv3d-project/data/cache/reconstruction/predictions/02958343/14330011009dacfed49701eac14326ae/3a76b35ca2cba446a92d631c.npz,e34c1155dc9de9d69167ed2f06cb4dbdf3e3b32b6212548f4bbedd0c4d6202a8,/content/cv3d-project/data/cache/reconstruction/metrics/02958343/14330011009dacfed49701eac14326ae/cbb805144deff562dff28b70.json,12.671608999880846
02958343/147889b73fa491d82e877e82c90c24d,farthest,1,[0],4.531326974841449,4.7401589769262085,4.948990979010968,0.0,0.0,0.0,1.9861516891604656,0.0,0.0,0.0,0.0,0.0,0.0,camera_rotation_center_and_target_diameter_scale_single_view,12.736458648505579,0.0,10000,10000,True,True,True,/content/cv3d-project/data/cache/reconstruction/predictions/02958343/147889b73fa491d82e877e82c90c24d/625bb86b297b48f9a94c86b0.npz,624695d56337926cbe8d2e5662eedc289e9e85b59565ed6355ad550969f2e409,/content/cv3d-project/data/cache/reconstruction/metrics/02958343/147889b73fa491d82e877e82c90c24d/212c76f83e3e37867f5c6661.json,3.8796889998593542
02958343/147889b73fa491d82e877e82c90c24d,farthest,2,"[0, 46]",0.026309526423204915,0.10647556630683554,0.18664160619046616,0.3089341699169069,0.0213192994996426,0.04377759352101813,1.9861516891604656,0.9966,0.2687,0.4957,0.1828,0.0111,0.0229,camera_pose_sim3,2.6404564262649206,0.03814126284753955,10000,10000,True,False,True,/content/cv3d-project/data/cache/reconstruction/predictions/02958343/147889b73fa491d82e877e82c90c24d/1d550d3c0f899fb280ec5e4f.npz,8c409842a1a5dbaf1b7ecf99ac9b424c62398aa1f17029f301827000f2879a9f,/content/cv3d-project/data/cache/reconstruction/metrics/02958343/147889b73fa491d82e877e82c90c24d/3395432a1285a54861541a5d.json,11.635626000042976
02958343/147889b73fa491d82e877e82c90c24d,farthest,3,"[0, 46, 18]",0.19343577666204442,0.3280793406131004,0.46272290456415643,0.0,0.0,0.0,1.9861516891604656,0.0,0.0,0.0,0.0,0.0,0.0,camera_pose_sim3,1.605916447834042,0.9000831789297074,10000,10000,True,False,True,/content/cv3d-project/data/cache/reconstruction/predictions/02958343/147889b73fa491d82e877e82c90c24d/c2d9418299aed906cf988f2f.npz,4366ac116e392c53f54645298cd20582c030e51bed059cc15804512ce37fcf3b,/content/cv3d-project/data/cache/reconstruction/metrics/02958343/147889b73fa491d82e877e82c90c24d/7427685118d0f53fd5d26f60.json,11.348783999892476
02958343/147889b73fa491d82e877e82c90c24d,farthest,5,"[0, 46, 18, 28, 16]",0.06095028899828242,0.2102587186888346,0.3595671483793868,0.10803140667864913,0.0,0.0003,1.9861516891604656,1.0,0.0,0.0006,0.0571,0.0,0.0002,camera_pose_sim3,0.990245497620494,1.2409485784937404,10000,10000,True,False,True,/content/cv3d-project/data/cache/reconstruction/predictions/02958343/147889b73fa491d82e877e82c90c24d/796a00a4fb3a20ad68ab674d.npz,9f340b8fe32b4e4ed75370c761956a77b7088ac0e297c1a51c59b1fb0830768c,/content/cv3d-project/data/cache/reconstruction/metrics/02958343/147889b73fa491d82e877e82c90c24d/644057b8a7792f5eee01da81.json,11.78028100002848
02958343/147889b73fa491d82e877e82c90c24d,farthest,10,"[0, 46, 18, 28, 16, 30, 2, 44, 13, 33]",0.030529731026518667,0.09569852905649853,0.1608673270864784,0.4313725490196079,0.05659898876404494,0.12468804834377797,1.9861516891604656,1.0,0.1427,0.3719,0.275,0.0353,0.0749,camera_pose_sim3,1.9008212017974377,0.7566385829690431,10000,10000,True,False,True,/content/cv3d-project/data/cache/reconstruction/predictions/02958343/147889b73fa491d82e877e82c90c24d/06a047f90ef77a38f9a8a287.npz,0833ca31674f855862a9bfa36b171ef466b78b75aac52cf4648f0142fea7a5ff,/content/cv3d-project/data/cache/reconstruction/metrics/02958343/147889b73fa491d82e877e82c90c24d/92c657d9a1f1d9e53b4ae604.json,12.098876999971253
02958343/148ba646cf954b9249352dd33f95cb9e,farthest,1,[0],3.103911997010579,3.316629057551254,3.5293461180919286,0.0,0.0,0.0,1.984868823674925,0.0,0.0,0.0,0.0,0.0,0.0,camera_rotation_center_and_target_diameter_scale_single_view,10.050987745634568,0.0,9118,10000,True,True,True,/content/cv3d-project/data/cache/reconstruction/predictions/02958343/148ba646cf954b9249352dd33f95cb9e/998c41111a9005065554ecbd.npz,391ce09185b3b2995c3e880c42622f0ce33511d28bafdca8b58047fada709fce,/content/cv3d-project/data/cache/reconstruction/metrics/02958343/148ba646cf954b9249352dd33f95cb9e/9607abf4badd88f95a2b2a04.json,3.772102000311861
02958343/148ba646cf954b9249352dd33f95cb9e,farthest,2,"[0, 46]",0.025489323046937424,0.07175533157407105,0.11802134010120467,0.5886948620566105,0.019334040747028863,0.06403456749672345,1.984868823674925,0.9736,0.2255,0.5765,0.4219,0.0101,0.0339,camera_pose_sim3,2.8271970172997323,0.02487951554015361,10000,10000,True,False,True,/content/cv3d-project/data/cache/reconstruction/predictions/02958343/148ba646cf954b9249352dd33f95cb9e/8ab9815f08d5860bb89242ab.npz,b1f1d2d3240dd373392c28ffaf0246f739a5b0dd3522e6bc8dccba64c02f0c59,/content/cv3d-project/data/cache/reconstruction/metrics/02958343/148ba646cf954b9249352dd33f95cb9e/636767e792c48fcbcffd8878.json,11.169660000177828
02958343/148ba646cf954b9249352dd33f95cb9e,farthest,3,"[0, 46, 18]",0.35368928951429474,0.4097131153132849,0.4657369411122751,0.0,0.0,0.0,1.984868823674925,0.0,0.0,0.0,0.0,0.0,0.0,camera_pose_sim3,2.518942266042629,0.6959294160910217,10000,10000,True,False,True,/content/cv3d-project/data/cache/reconstruction/predictions/02958343/148ba646cf954b9249352dd33f95cb9e/110d5bab73b456eafe3eecff.npz,dab9a0773c68bb7e3e738390554c53a2a17fd7a47c501119be439cef33d3334c,/content/cv3d-project/data/cache/reconstruction/metrics/02958343/148ba646cf954b9249352dd33f95cb9e/634abce2a88eaefd6ff9c607.json,11.304857000141055
02958343/148ba646cf954b9249352dd33f95cb9e,farthest,5,"[0, 46, 18, 28, 16]",0.15992038641993642,0.27308188521853644,0.3862433840171364,0.011647058823529411,0.0,0.0,1.984868823674925,0.077,0.0,0.0,0.0063,0.0,0.0,camera_pose_sim3,2.2146370484012876,0.8570649070016103,10000,10000,True,False,True,/content/cv3d-project/data/cache/reconstruction/predictions/02958343/148ba646cf954b9249352dd33f95cb9e/aa38f53c847293a68a90d49c.npz,3c3d89252d31e3eada61d52f77f1f6948a909312c38f05307f0c6c4f83939f28,/content/cv3d-project/data/cache/reconstruction/metrics/02958343/148ba646cf954b9249352dd33f95cb9e/a5bb01f77a7911a5f10a767d.json,11.282570000275882
02958343/148ba646cf954b9249352dd33f95cb9e,farthest,10,"[0, 46, 18, 28, 16, 30, 2, 44, 13, 33]",0.03081570099160878,0.10979802063726203,0.1887803402829153,0.440667394355216,0.042668802049967966,0.08658168137000519,1.984868823674925,1.0,0.1306,0.3357,0.2826,0.0255,0.0497,camera_pose_sim3,1.9858319499684844,0.8210596855782474,10000,10000,True,False,True,/content/cv3d-project/data/cache/reconstruction/predictions/02958343/148ba646cf954b9249352dd33f95cb9e/b134057b3b3405c519278bf4.npz,1eea4affa1a4adf5373c31e773b257bf5eeba9d35a1665eeb3f60328a6614ab7,/content/cv3d-project/data/cache/reconstruction/metrics/02958343/148ba646cf954b9249352dd33f95cb9e/65e3331dd611a328445fb4ef.json,11.67862000011155
02958343/14ace3e8d05f8d21a413908c0e169330,farthest,1,[0],3.081058344399789,3.2992538677119994,3.51744939102421,0.0,0.0,0.0,1.997058811101981,0.0,0.0,0.0,0.0,0.0,0.0,camera_rotation_center_and_target_diameter_scale_single_view,9.944369846328094,0.0,10000,10000,True,True,True,/content/cv3d-project/data/cache/reconstruction/predictions/02958343/14ace3e8d05f8d21a413908c0e169330/2f196cee78b361f655f03e06.npz,ee9889ccdcd5ee296b56b170b8fc016165d4af96537c8a7b7786325a59ff708e,/content/cv3d-project/data/cache/reconstruction/metrics/02958343/14ace3e8d05f8d21a413908c0e169330/5edd2afbee9a39c8ce7e2bb4.json,3.894618999765953
02958343/14ace3e8d05f8d21a413908c0e169330,farthest,2,"[0, 46]",0.10772674596684183,0.20002123833574748,0.2923157307046531,0.12626172794117646,0.00610945945945946,0.013288426763110308,1.997058811101981,0.4711,0.0411,0.1035,0.0729,0.0033,0.0071,camera_pose_sim3,2.824504550506135,0.12765123503934464,10000,10000,True,False,True,/content/cv3d-project/data/cache/reconstruction/predictions/02958343/14ace3e8d05f8d21a413908c0e169330/047b85cc2addd13722cb3bb2.npz,1522f438718f49df311d01d91dea6670380ed8f4d32102a936e3759bbaf1358d,/content/cv3d-project/data/cache/reconstruction/metrics/02958343/14ace3e8d05f8d21a413908c0e169330/2021fc8df77ac5914d89aeb5.json,11.297825000383455
02958343/14ace3e8d05f8d21a413908c0e169330,farthest,3,"[0, 46, 18]",0.583968338225223,0.6357267771155364,0.6874852160058499,0.0,0.0,0.0,1.997058811101981,0.0,0.0,0.0,0.0,0.0,0.0,camera_pose_sim3,1.549387865514853,1.0829527373469692,10000,10000,True,False,True,/content/cv3d-project/data/cache/reconstruction/predictions/02958343/14ace3e8d05f8d21a413908c0e169330/ce2f03d1f1b36bca9ee97118.npz,3e150aa869d278f66a8cd69b469a26027216ed013aadc0b3e0af5c3efb2af882,/content/cv3d-project/data/cache/reconstruction/metrics/02958343/14ace3e8d05f8d21a413908c0e169330/04d4a3d4c6708474f23ddef2.json,11.644846000308462
02958343/14ace3e8d05f8d21a413908c0e169330,farthest,5,"[0, 46, 18, 28, 16]",0.08976301856905002,0.18286528752927897,0.27596755648950794,0.2637277697841726,0.053869202898550725,0.09754628478789516,1.997058811101981,0.5951,0.1894,0.3123,0.1694,0.0314,0.0578,camera_pose_sim3,2.557996151799648,0.39783667663772276,10000,10000,True,False,True,/content/cv3d-project/data/cache/reconstruction/predictions/02958343/14ace3e8d05f8d21a413908c0e169330/6680d03de36f2b5f200835e9.npz,da062afd2563ec551504acb11e9210e6f16948f245426af1ec76146df3e48c8d,/content/cv3d-project/data/cache/reconstruction/metrics/02958343/14ace3e8d05f8d21a413908c0e169330/b0565ba19eedd5bacd6f98a0.json,11.433033000230353
02958343/14ace3e8d05f8d21a413908c0e169330,farthest,10,"[0, 46, 18, 28, 16, 30, 2, 44, 13, 33]",0.10712121851434932,0.21239611664968264,0.31767101478501597,0.14716745462220346,0.0,0.00016666666666666666,1.997058811101981,0.3827,0.0,0.0001,0.0911,0.0,0.0005,camera_pose_sim3,1.5954709837459184,0.9737167373230912,10000,10000,True,False,True,/content/cv3d-project/data/cache/reconstruction/predictions/02958343/14ace3e8d05f8d21a413908c0e169330/eeb069dcacc7aae2a6f8af4a.npz,cc57bcda96bbc4ff1da05bac24c081389719e72693fc85e6a4b154f9602fc8f3,/content/cv3d-project/data/cache/reconstruction/metrics/02958343/14ace3e8d05f8d21a413908c0e169330/ee5f55f26d6b8e805790a641.json,12.415893999786931
02958343/14d47aa57151ae4baa93570ec0c0afff,farthest,1,[0],2.1683140903370197,2.3732745235618973,2.5782349567867753,0.0,0.0,0.0,1.9819049221087288,0.0,0.0,0.0,0.0,0.0,0.0,camera_rotation_center_and_target_diameter_scale_single_view,8.192016303231913,0.0,10000,10000,True,True,True,/content/cv3d-project/data/cache/reconstruction/predictions/02958343/14d47aa57151ae4baa93570ec0c0afff/48bfad7794bb621e1b260dbb.npz,ad9f935892503f3797e4d72709269a412ed4c3b13c1dc7d4e0d767b6b7f7ad7f,/content/cv3d-project/data/cache/reconstruction/metrics/02958343/14d47aa57151ae4baa93570ec0c0afff/3060070e4d10c50b134b5b71.json,3.931557000214525
02958343/14d47aa57151ae4baa93570ec0c0afff,farthest,2,"[0, 46]",0.22202959241103376,0.30083265274778864,0.3796357130845435,0.013824374999999998,0.0,0.0,1.9819049221087288,0.0219,0.0,0.0,0.0101,0.0,0.0,camera_pose_sim3,2.9075464294579767,0.16979183537918718,10000,10000,True,False,True,/content/cv3d-project/data/cache/reconstruction/predictions/02958343/14d47aa57151ae4baa93570ec0c0afff/a9e92b56fd757406e70e0c0a.npz,e537116331eb19c1b65542d1b98ad6f280f3e55316ea21522ec396c4ca70de15,/content/cv3d-project/data/cache/reconstruction/metrics/02958343/14d47aa57151ae4baa93570ec0c0afff/d4776e4440cc9bb3308dfed5.json,11.647577000076126
02958343/14d47aa57151ae4baa93570ec0c0afff,farthest,3,"[0, 46, 18]",0.2866620813807004,0.3503038587444329,0.4139456361081655,0.0,0.0,0.0,1.9819049221087288,0.0,0.0,0.0,0.0,0.0,0.0,camera_pose_sim3,2.0722466807132225,0.8882784792182417,10000,10000,True,False,True,/content/cv3d-project/data/cache/reconstruction/predictions/02958343/14d47aa57151ae4baa93570ec0c0afff/7b71da5f2169fa5ac8c57944.npz,b8239bd6b9064fcec33cf2c3498b7879a4fd0b0e3f543ab722a3d84ff0125c2e,/content/cv3d-project/data/cache/reconstruction/metrics/02958343/14d47aa57151ae4baa93570ec0c0afff/8517ff5a91b0a9caf3866a73.json,11.504254000101355
02958343/14d47aa57151ae4baa93570ec0c0afff,farthest,5,"[0, 46, 18, 28, 16]",0.03943120986348114,0.19610284118313076,0.3527744725027804,0.2933690712513293,0.017447568287808128,0.04001118402282453,1.9819049221087288,0.9551,0.1408,0.3292,0.1733,0.0093,0.0213,camera_pose_sim3,1.951319096551651,1.0624479309113206,10000,10000,True,False,True,/content/cv3d-project/data/cache/reconstruction/predictions/02958343/14d47aa57151ae4baa93570ec0c0afff/4c935ecfe20bc48dde709aaf.npz,4008f23cbddd668a9295e0af3e43cff879795517bd36af351194260d9b1b452b,/content/cv3d-project/data/cache/reconstruction/metrics/02958343/14d47aa57151ae4baa93570ec0c0afff/7d0b0a265ac7e6d15a85193b.json,11.609024999870599
02958343/14d47aa57151ae4baa93570ec0c0afff,farthest,10,"[0, 46, 18, 28, 16, 30, 2, 44, 13, 33]",0.03691740923529819,0.09768409254241411,0.15845077584953005,0.6021647264586539,0.056902832244008716,0.12659848206071758,1.9819049221087288,0.9983,0.1484,0.3579,0.4311,0.0352,0.0769,camera_pose_sim3,2.1441610452742212,0.7881056405628718,10000,10000,True,False,True,/content/cv3d-project/data/cache/reconstruction/predictions/02958343/14d47aa57151ae4baa93570ec0c0afff/63f97b95af838926eb93ddd1.npz,526f33500ae5b8a44da2e982390acd3dee3a9bcc51ba81c85873cf62e9716570,/content/cv3d-project/data/cache/reconstruction/metrics/02958343/14d47aa57151ae4baa93570ec0c0afff/ed2fbbbdb3d4dffcda93df71.json,11.888528999861592
02958343/151bebc457224c2733d7c9e122eec9b6,farthest,1,[0],3.271985517092046,3.496456507088467,3.720927497084888,0.0,0.0,0.0,1.9944576263108618,0.0,0.0,0.0,0.0,0.0,0.0,camera_rotation_center_and_target_diameter_scale_single_view,10.219365706003309,0.0,10000,10000,True,True,True,/content/cv3d-project/data/cache/reconstruction/predictions/02958343/151bebc457224c2733d7c9e122eec9b6/968c90e09acaec7047bce2f5.npz,105f7797bf41ef81cc97735a04c4f9d1786c409ad55fbd78b4ebe9ce9bd69d7f,/content/cv3d-project/data/cache/reconstruction/metrics/02958343/151bebc457224c2733d7c9e122eec9b6/18dd8655a109d309fa5d50c4.json,3.8438339997810544
02958343/151bebc457224c2733d7c9e122eec9b6,farthest,2,"[0, 46]",0.6300652921069584,0.6809983563760292,0.7319314206451001,0.0,0.0,0.0,1.9944576263108618,0.0,0.0,0.0,0.0,0.0,0.0,camera_pose_sim3,2.6665291430357265,0.42241163336005483,10000,10000,True,False,True,/content/cv3d-project/data/cache/reconstruction/predictions/02958343/151bebc457224c2733d7c9e122eec9b6/1b29e86e705951ea92dc7fb1.npz,bb64b8a15e7f625b39a6475c061ab2fb49105f993119906a2f91fc8af03c9987,/content/cv3d-project/data/cache/reconstruction/metrics/02958343/151bebc457224c2733d7c9e122eec9b6/497584bf563c5f1fccdf80f7.json,11.253670000314742
02958343/151bebc457224c2733d7c9e122eec9b6,farthest,3,"[0, 46, 18]",0.20728536110474227,0.3354168963891405,0.46354843167353876,0.0,0.0,0.0,1.9944576263108618,0.0,0.0,0.0,0.0,0.0,0.0,camera_pose_sim3,1.6137845337487295,0.9035611822895134,10000,10000,True,False,True,/content/cv3d-project/data/cache/reconstruction/predictions/02958343/151bebc457224c2733d7c9e122eec9b6/46c72e2b997d34b7a109fcc9.npz,f8232e38b8291e23fed895e2670ca0836891bac7059af133e152c14fcb56c57a,/content/cv3d-project/data/cache/reconstruction/metrics/02958343/151bebc457224c2733d7c9e122eec9b6/80e6ed211c73a20ea2169276.json,11.034838999876229
02958343/151bebc457224c2733d7c9e122eec9b6,farthest,5,"[0, 46, 18, 28, 16]",0.24575666580066233,0.3594605895515757,0.47316451330248915,0.0,0.0,0.0,1.9944576263108618,0.0,0.0,0.0,0.0,0.0,0.0,camera_pose_sim3,1.4365247737544036,1.151464047819069,10000,10000,True,False,True,/content/cv3d-project/data/cache/reconstruction/predictions/02958343/151bebc457224c2733d7c9e122eec9b6/52815212181a9f1aaab172d3.npz,783b0ec9ff7c5b9b255b50b2739e2cb2d304a32ec12d8e9003c6a638f44e61ae,/content/cv3d-project/data/cache/reconstruction/metrics/02958343/151bebc457224c2733d7c9e122eec9b6/ac9cd5b28b13a0d686e5b535.json,11.434522999934416
02958343/151bebc457224c2733d7c9e122eec9b6,farthest,10,"[0, 46, 18, 28, 16, 30, 2, 44, 13, 33]",0.06331424603432259,0.13047944260621852,0.19764463917811445,0.2945134573866557,0.025880870561282934,0.05006571428571429,1.9944576263108618,0.7918,0.0715,0.1593,0.1809,0.0158,0.0297,camera_pose_sim3,2.153168138684925,0.644043196168369,10000,10000,True,False,True,/content/cv3d-project/data/cache/reconstruction/predictions/02958343/151bebc457224c2733d7c9e122eec9b6/b6cc1662e2e85d819f2a90bb.npz,c2695d7d1798702cc5fc22d69a005d7687021cb8bd87d99343eaac188420f79a,/content/cv3d-project/data/cache/reconstruction/metrics/02958343/151bebc457224c2733d7c9e122eec9b6/0d328fa8dc41775914098d55.json,11.804155000390892
02958343/1552f1a6521bb54a4bb135bcd06914d,farthest,1,[0],3.4877711562745164,3.699114914936791,3.9104586735990656,0.0,0.0,0.0,1.9753531594396132,0.0,0.0,0.0,0.0,0.0,0.0,camera_rotation_center_and_target_diameter_scale_single_view,10.534826185513811,0.0,10000,10000,True,True,True,/content/cv3d-project/data/cache/reconstruction/predictions/02958343/1552f1a6521bb54a4bb135bcd06914d/bc63b3ab4c949313c0031d0d.npz,7748be8f4cbee1d73b92aad75c983fe9e43a4a8fcac117549adbeb15d3c8768b,/content/cv3d-project/data/cache/reconstruction/metrics/02958343/1552f1a6521bb54a4bb135bcd06914d/f3794b3a18771875a1450612.json,3.801367000050959
02958343/1552f1a6521bb54a4bb135bcd06914d,farthest,2,"[0, 46]",0.017767268747032536,0.12057395586270114,0.22338064297836976,0.3449189010261503,0.022181621287128712,0.04855690030474532,1.9753531594396132,1.0,0.3117,0.6639,0.2084,0.0115,0.0252,camera_pose_sim3,2.6416531128611433,0.014332567911411458,10000,10000,True,False,True,/content/cv3d-project/data/cache/reconstruction/predictions/02958343/1552f1a6521bb54a4bb135bcd06914d/7c66ed1bccf1eb3d14406117.npz,63c8149cea559c36d77a752f791a25b1530bf6ff7579a6c8f80b8bf66ac013ef,/content/cv3d-project/data/cache/reconstruction/metrics/02958343/1552f1a6521bb54a4bb135bcd06914d/605646b94494a02156b9a09d.json,11.371047000011458
02958343/1552f1a6521bb54a4bb135bcd06914d,farthest,3,"[0, 46, 18]",0.19681076127975644,0.3121306659527478,0.42745057062573916,0.0009606299212598426,0.0,0.0,1.9753531594396132,0.0122,0.0,0.0,0.0005,0.0,0.0,camera_pose_sim3,1.7934742637313952,0.8670233668957302,10000,10000,True,False,True,/content/cv3d-project/data/cache/reconstruction/predictions/02958343/1552f1a6521bb54a4bb135bcd06914d/e2a0b9bbb685f4630ff6d8d7.npz,62726cf9ebcdd243460c259d0faf9dff2f47d9fef3d3ab7ead8136a04ead9d1b,/content/cv3d-project/data/cache/reconstruction/metrics/02958343/1552f1a6521bb54a4bb135bcd06914d/859c3e19c84a586b8ae5072a.json,11.218881000331749
02958343/1552f1a6521bb54a4bb135bcd06914d,farthest,5,"[0, 46, 18, 28, 16]",2.148876064642212,2.2595135263128636,2.3701509879835156,0.0,0.0,0.0,1.9753531594396132,0.0,0.0,0.0,0.0,0.0,0.0,camera_pose_sim3_positive_scale_fallback,3.505313918529666,1.5227470239952394,10000,10000,True,False,True,/content/cv3d-project/data/cache/reconstruction/predictions/02958343/1552f1a6521bb54a4bb135bcd06914d/d1b502a23c3cf256e8ccf69e.npz,0c258d8de63bd059d61c502223afa0604c8c97315acdd3c70a4862d62a99353a,/content/cv3d-project/data/cache/reconstruction/metrics/02958343/1552f1a6521bb54a4bb135bcd06914d/dca7246764ab39d5a78eac0d.json,11.501588000101037
02958343/1552f1a6521bb54a4bb135bcd06914d,farthest,10,"[0, 46, 18, 28, 16, 30, 2, 44, 13, 33]",1.144140006126375,1.2509859624660349,1.3578319188056946,0.0,0.0,0.0,1.9753531594396132,0.0,0.0,0.0,0.0,0.0,0.0,camera_pose_sim3,1.6882019322957325,1.3043120905957648,10000,10000,True,False,True,/content/cv3d-project/data/cache/reconstruction/predictions/02958343/1552f1a6521bb54a4bb135bcd06914d/097a279aece60a828345ee93.npz,7f85fa6648fea7db0f9e7854571aa9fa9992a332456716fa5a339185b17202ca,/content/cv3d-project/data/cache/reconstruction/metrics/02958343/1552f1a6521bb54a4bb135bcd06914d/c3e85643ad60a65e4e29c671.json,11.86106299974199
02958343/1569406dfc3b7ecba9fe1734a6086750,farthest,1,[0],2.8269870496437455,3.020715396824941,3.2144437440061364,0.0,0.0,0.0,1.987014841530551,0.0,0.0,0.0,0.0,0.0,0.0,camera_rotation_center_and_target_diameter_scale_single_view,9.356311717486204,0.0,10000,10000,True,True,True,/content/cv3d-project/data/cache/reconstruction/predictions/02958343/1569406dfc3b7ecba9fe1734a6086750/ca5f3d2ad56a1a6e5661c40a.npz,ebc2a28315235c642d965db5143de7d44b74c258e5d69892c1dfbb3007425756,/content/cv3d-project/data/cache/reconstruction/metrics/02958343/1569406dfc3b7ecba9fe1734a6086750/64c300ffeb6a8d55ab72dbd1.json,3.801924999606854
02958343/1569406dfc3b7ecba9fe1734a6086750,farthest,2,"[0, 46]",1.0332750060710159,1.0841419559157983,1.135008905760581,0.0,0.0,0.0,1.987014841530551,0.0,0.0,0.0,0.0,0.0,0.0,camera_pose_sim3,3.5544602377266434,0.05979085804325436,10000,10000,True,False,True,/content/cv3d-project/data/cache/reconstruction/predictions/02958343/1569406dfc3b7ecba9fe1734a6086750/8c2aa6c6eb716d3b7ae3ed33.npz,735d33a4b06a5fd21d429356b786905b7decce68819335df22371895aa7d4b24,/content/cv3d-project/data/cache/reconstruction/metrics/02958343/1569406dfc3b7ecba9fe1734a6086750/ed5fcaf2c2dd1be83818a802.json,11.218128000109573
02958343/1569406dfc3b7ecba9fe1734a6086750,farthest,3,"[0, 46, 18]",0.39161021015989883,0.4672413700570834,0.5428725299542679,0.0,0.0,0.0,1.987014841530551,0.0,0.0,0.0,0.0,0.0,0.0,camera_pose_sim3,2.4116290033430405,0.8691266034438615,10000,10000,True,False,True,/content/cv3d-project/data/cache/reconstruction/predictions/02958343/1569406dfc3b7ecba9fe1734a6086750/970fba675d717d0999e442ab.npz,44e7f9e3e96fb8e24da7b0222a670bafb128a13f3afe1d3203770f734d2061d3,/content/cv3d-project/data/cache/reconstruction/metrics/02958343/1569406dfc3b7ecba9fe1734a6086750/e61ccd99c74431cf83be1850.json,11.091643000327167
02958343/1569406dfc3b7ecba9fe1734a6086750,farthest,5,"[0, 46, 18, 28, 16]",0.8777428417997512,0.9706143739372342,1.063485906074717,0.0,0.0,0.0,1.987014841530551,0.0,0.0,0.0,0.0,0.0,0.0,camera_pose_sim3,1.2381056861336541,1.2604517964698538,10000,10000,True,False,True,/content/cv3d-project/data/cache/reconstruction/predictions/02958343/1569406dfc3b7ecba9fe1734a6086750/a1e728b16acfae0ee22a0350.npz,38bddcdf6bfddec6dd26bc29a693014ed8f6eff911fedc46e8f80b6935d5661a,/content/cv3d-project/data/cache/reconstruction/metrics/02958343/1569406dfc3b7ecba9fe1734a6086750/f112cbf76221b831e8c1ebe8.json,11.275780000232771
02958343/1569406dfc3b7ecba9fe1734a6086750,farthest,10,"[0, 46, 18, 28, 16, 30, 2, 44, 13, 33]",1.7537069766956932,1.8363181573269465,1.9189293379582,0.0,0.0,0.0,1.987014841530551,0.0,0.0,0.0,0.0,0.0,0.0,camera_pose_sim3,2.5733924169967524,1.163343875183202,10000,10000,True,False,True,/content/cv3d-project/data/cache/reconstruction/predictions/02958343/1569406dfc3b7ecba9fe1734a6086750/22d23330b6506d9a093a2cb0.npz,e911754ec2141582f4f6f9ac558fa9d22622e33ed2398554ef44ec8cedda6f6c,/content/cv3d-project/data/cache/reconstruction/metrics/02958343/1569406dfc3b7ecba9fe1734a6086750/946ebaa642d60876102ed900.json,11.680335000164632
02958343/156d4748560997c9a848f24544821b25,farthest,1,[0],3.4418887723458944,3.6519978866385356,3.8621070009311773,0.0,0.0,0.0,1.9815741445013244,0.0,0.0,0.0,0.0,0.0,0.0,camera_rotation_center_and_target_diameter_scale_single_view,10.48237082088364,0.0,10000,10000,True,True,True,/content/cv3d-project/data/cache/reconstruction/predictions/02958343/156d4748560997c9a848f24544821b25/d174442315cffb6ec5bc8e6a.npz,f75311ff7c1610fa89815039563e20fa023c55f0107265605b1ab4ab6866e9e3,/content/cv3d-project/data/cache/reconstruction/metrics/02958343/156d4748560997c9a848f24544821b25/6a0018a75abb0dc1e32c7064.json,3.7884180001128698
02958343/156d4748560997c9a848f24544821b25,farthest,2,"[0, 46]",0.030921717252906288,0.076120870121289,0.1213200229896717,0.569384835479256,0.01989418254764293,0.048281754735792624,1.9815741445013244,1.0,0.1889,0.3754,0.398,0.0105,0.0258,camera_pose_sim3,2.7813455543579857,0.020103877650751313,10000,10000,True,False,True,/content/cv3d-project/data/cache/reconstruction/predictions/02958343/156d4748560997c9a848f24544821b25/fc50245923ba0b19a2b44f06.npz,b09fa8a78f7f248b33999c36efd20700e36ed2072d1b0f429309cb2b321b8a1f,/content/cv3d-project/data/cache/reconstruction/metrics/02958343/156d4748560997c9a848f24544821b25/8d1fb37d4b7eb80ee1439719.json,11.38910500003476
02958343/156d4748560997c9a848f24544821b25,farthest,3,"[0, 46, 18]",0.34304403562004104,0.40994515160070755,0.47684626758137405,0.0,0.0,0.0,1.9815741445013244,0.0,0.0,0.0,0.0,0.0,0.0,camera_pose_sim3,2.33935903804798,0.8449011218787883,10000,10000,True,False,True,/content/cv3d-project/data/cache/reconstruction/predictions/02958343/156d4748560997c9a848f24544821b25/4915f7b963d1eb59d4ff4b7e.npz,a67d7e88ce6d980308e8a7bd438152083ec4f50b69df79f841446d61670befcd,/content/cv3d-project/data/cache/reconstruction/metrics/02958343/156d4748560997c9a848f24544821b25/2f09d206b95638a0ce847127.json,11.339468999722158
02958343/156d4748560997c9a848f24544821b25,farthest,5,"[0, 46, 18, 28, 16]",0.01175228524960389,0.14923353048603927,0.28671477572247467,0.1378026070763501,0.004575976385104451,0.012315059109490663,1.9815741445013244,1.0,0.4381,0.8989,0.074,0.0023,0.0062,camera_pose_sim3,0.5174072919538203,1.3165220871728365,10000,10000,True,False,True,/content/cv3d-project/data/cache/reconstruction/predictions/02958343/156d4748560997c9a848f24544821b25/4a52d5dea150bc295c99799c.npz,fec7cd93df558812b6c353f71a91f620f002f84de9165f053fcbd0122cea6d17,/content/cv3d-project/data/cache/reconstruction/metrics/02958343/156d4748560997c9a848f24544821b25/4da0f2c3cf587102471709af.json,11.553277000075468
02958343/156d4748560997c9a848f24544821b25,farthest,10,"[0, 46, 18, 28, 16, 30, 2, 44, 13, 33]",0.041940224851931815,0.09406536008367081,0.14619049531540979,0.4849754601226993,0.06534862798020692,0.12563935599284437,1.9815741445013244,0.982,0.1825,0.3716,0.322,0.0398,0.0756,camera_pose_sim3,2.1495567928325587,0.6156184912242749,10000,10000,True,False,True,/content/cv3d-project/data/cache/reconstruction/predictions/02958343/156d4748560997c9a848f24544821b25/009d5780780f2a89dec8116e.npz,eb9ce95c6b5e0fc1c6efc78c22ff98eea899a51ca4ae637dd5e33738259be01b,/content/cv3d-project/data/cache/reconstruction/metrics/02958343/156d4748560997c9a848f24544821b25/521d6d666a6bbd0af70136dd.json,12.658219000059034
02958343/15c3b923c85d22796d8b9531f93cc8de,farthest,1,[0],4.629977548891751,4.84054363624018,5.051109723588609,0.0,0.0,0.0,1.986779151600413,0.0,0.0,0.0,0.0,0.0,0.0,camera_rotation_center_and_target_diameter_scale_single_view,12.917400993349636,0.0,9914,10000,True,True,True,/content/cv3d-project/data/cache/reconstruction/predictions/02958343/15c3b923c85d22796d8b9531f93cc8de/78369041957ae0a04af4afd4.npz,c20d39784ee8ce08e93537bcbb5d6419be9c96bae9874d4af73e16a15750176b,/content/cv3d-project/data/cache/reconstruction/metrics/02958343/15c3b923c85d22796d8b9531f93cc8de/4d982d139eea87340f35fa8e.json,3.7770510002701485
02958343/15c3b923c85d22796d8b9531f93cc8de,farthest,2,"[0, 46]",0.028705747994724813,0.1150755579863029,0.20144536797788098,0.29723961138571675,0.014635110024449878,0.04049478592623994,1.986779151600413,0.9988,0.1969,0.4506,0.1746,0.0076,0.0212,camera_pose_sim3,2.7655434768359504,0.03570447230905698,10000,10000,True,False,True,/content/cv3d-project/data/cache/reconstruction/predictions/02958343/15c3b923c85d22796d8b9531f93cc8de/e7e3ca5b50706126598dd1b2.npz,238026243fbe12c7e13010f0b4fbda41dfa46f5ecf5f4f646cb2e122b220f86b,/content/cv3d-project/data/cache/reconstruction/metrics/02958343/15c3b923c85d22796d8b9531f93cc8de/cda915a11e10edfb62088bba.json,11.582538999846292
02958343/15c3b923c85d22796d8b9531f93cc8de,farthest,3,"[0, 46, 18]",0.3656054013725047,0.43633966378181865,0.5070739261911327,0.0,0.0,0.0,1.986779151600413,0.0,0.0,0.0,0.0,0.0,0.0,camera_pose_sim3,2.1593808816400344,0.8641519138518619,10000,10000,True,False,True,/content/cv3d-project/data/cache/reconstruction/predictions/02958343/15c3b923c85d22796d8b9531f93cc8de/d313bccbd2734594398f8e61.npz,eb4eefb81ecfa79eb1023bbfbae33c0fef13e2c19e3aa02000b4804ff70cd5e7,/content/cv3d-project/data/cache/reconstruction/metrics/02958343/15c3b923c85d22796d8b9531f93cc8de/e99ac4edc47eec9fdf711417.json,11.525318000167317
02958343/15c3b923c85d22796d8b9531f93cc8de,farthest,5,"[0, 46, 18, 28, 16]",0.01557208779238018,0.15601165771432476,0.29645122763626935,0.19527161162245082,0.0031513307984790875,0.010928848641655886,1.986779151600413,1.0,0.1036,0.8448,0.1082,0.0016,0.0055,camera_pose_sim3,0.5910572892103334,1.305238337268248,10000,10000,True,False,True,/content/cv3d-project/data/cache/reconstruction/predictions/02958343/15c3b923c85d22796d8b9531f93cc8de/1387992145a7b90c9ba92d2e.npz,d2e4dbac2958e08eca46d034c18ed04224b016349dd5390d32683e5b90d89ce6,/content/cv3d-project/data/cache/reconstruction/metrics/02958343/15c3b923c85d22796d8b9531f93cc8de/2a9bb5e8e14c0f7d9f57f06c.json,11.370912000074895
02958343/15c3b923c85d22796d8b9531f93cc8de,farthest,10,"[0, 46, 18, 28, 16, 30, 2, 44, 13, 33]",0.02964247108211727,0.11219285561588122,0.19474324014964517,0.3861857500201727,0.035413151658767766,0.07587284035936422,1.986779151600413,1.0,0.1487,0.3921,0.2393,0.0201,0.042,camera_pose_sim3,1.6632006221814652,0.8894550123735477,10000,10000,True,False,True,/content/cv3d-project/data/cache/reconstruction/predictions/02958343/15c3b923c85d22796d8b9531f93cc8de/a98876ca7a3d73f7ce4fcfc7.npz,1ef64e13a605324c890e10a95942f8da6088159ebfe92826de5c6fa6c072b0ce,/content/cv3d-project/data/cache/reconstruction/metrics/02958343/15c3b923c85d22796d8b9531f93cc8de/c7b41f3f82f95b4524d7d1ad.json,11.775724000017362
02958343/15c785a7505992c3a9be8fd09fb14f4f,farthest,1,[0],4.674691073327928,4.88113289522094,5.087574717113953,0.0,0.0,0.0,1.9922442826571285,0.0,0.0,0.0,0.0,0.0,0.0,camera_rotation_center_and_target_diameter_scale_single_view,13.04300458373835,0.0,9114,10000,True,True,True,/content/cv3d-project/data/cache/reconstruction/predictions/02958343/15c785a7505992c3a9be8fd09fb14f4f/69b40721de7a8daf1b434b64.npz,5bd8669d9a099464a451baef36039e395685dc87a5be0c6acc430058a6e8b389,/content/cv3d-project/data/cache/reconstruction/metrics/02958343/15c785a7505992c3a9be8fd09fb14f4f/71eb383d20576f6abd3ba1d5.json,3.6096129997531534
02958343/15c785a7505992c3a9be8fd09fb14f4f,farthest,2,"[0, 46]",1.005227073684361,1.0590777547315278,1.1129284357786946,0.0,0.0,0.0,1.9922442826571285,0.0,0.0,0.0,0.0,0.0,0.0,camera_pose_sim3,3.4497618214093366,0.12339799562793737,10000,10000,True,False,True,/content/cv3d-project/data/cache/reconstruction/predictions/02958343/15c785a7505992c3a9be8fd09fb14f4f/a2dbbe63d6d88f7200ab499e.npz,979340ace4c55f5b1f059606ab36fac2e763b1d78d92e446501e09f785422c74,/content/cv3d-project/data/cache/reconstruction/metrics/02958343/15c785a7505992c3a9be8fd09fb14f4f/c1694768f229494d78401740.json,11.541997999756859
02958343/15c785a7505992c3a9be8fd09fb14f4f,farthest,3,"[0, 46, 18]",0.3168221022024936,0.46024699621588444,0.6036718902292753,0.0,0.0,0.0,1.9922442826571285,0.0,0.0,0.0,0.0,0.0,0.0,camera_pose_sim3,1.251069688598122,1.0717269873941317,10000,10000,True,False,True,/content/cv3d-project/data/cache/reconstruction/predictions/02958343/15c785a7505992c3a9be8fd09fb14f4f/23baab01ea3d7ea0d4b31f61.npz,20ce597263cedeba2c350e63f2df8cdb0801a15fd8f655fc5c9058ec0253dd7f,/content/cv3d-project/data/cache/reconstruction/metrics/02958343/15c785a7505992c3a9be8fd09fb14f4f/76541d2f1d398817e7b4ebc4.json,11.916971000118792
02958343/15c785a7505992c3a9be8fd09fb14f4f,farthest,5,"[0, 46, 18, 28, 16]",0.11822226655183808,0.2612570403514004,0.40429181415096277,0.008243394406943105,0.0,0.0,1.9922442826571285,0.0994,0.0,0.0,0.0043,0.0,0.0,camera_pose_sim3,0.910624092996386,1.2616866645575673,10000,10000,True,False,True,/content/cv3d-project/data/cache/reconstruction/predictions/02958343/15c785a7505992c3a9be8fd09fb14f4f/9c382c6d2105a3bd20d5ccb3.npz,5191ff538ad9d3af2031caf0c4d072e73c6fd6f21b8b973b0e4cb9bb55a70360,/content/cv3d-project/data/cache/reconstruction/metrics/02958343/15c785a7505992c3a9be8fd09fb14f4f/1656d4fc92ef67e4f557e197.json,12.270869999611023
02958343/15c785a7505992c3a9be8fd09fb14f4f,farthest,10,"[0, 46, 18, 28, 16, 30, 2, 44, 13, 33]",0.6953904554441156,0.754372102138076,0.8133537488320365,0.0,0.0,0.0,1.9922442826571285,0.0,0.0,0.0,0.0,0.0,0.0,camera_pose_sim3,1.5660733385540853,1.0783172054618575,10000,10000,True,False,True,/content/cv3d-project/data/cache/reconstruction/predictions/02958343/15c785a7505992c3a9be8fd09fb14f4f/f25bd90e99b6f18596193b0e.npz,1c6593560e1479ce5c93c34e78a29729906d81ed8fe8e3d0ccad2df32f0b0189,/content/cv3d-project/data/cache/reconstruction/metrics/02958343/15c785a7505992c3a9be8fd09fb14f4f/18bd24048b2408a94deb6f83.json,12.11658800002624
02958343/15cc37ac9b3b756acfd826dd468a5497,farthest,1,[0],2.8291917654317342,3.0378352865241522,3.24647880761657,0.0,0.0,0.0,1.9974623771497941,0.0,0.0,0.0,0.0,0.0,0.0,camera_rotation_center_and_target_diameter_scale_single_view,9.365613167023325,0.0,10000,10000,True,True,True,/content/cv3d-project/data/cache/reconstruction/predictions/02958343/15cc37ac9b3b756acfd826dd468a5497/2122ea091b70c9f98cb3fd3e.npz,f7095d294ed3b3f7eb65c4fdb5be94ca44992cbf5bf6c1bb187b30535244cce4,/content/cv3d-project/data/cache/reconstruction/metrics/02958343/15cc37ac9b3b756acfd826dd468a5497/3e199bca550dcc7fb51c327a.json,4.0206760004366515
02958343/15cc37ac9b3b756acfd826dd468a5497,farthest,2,"[0, 46]",0.44488008124601724,0.5089250236600992,0.5729699660741812,0.0,0.0,0.0,1.9974623771497941,0.0,0.0,0.0,0.0,0.0,0.0,camera_pose_sim3,2.9303115810982403,0.05917655918251344,10000,10000,True,False,True,/content/cv3d-project/data/cache/reconstruction/predictions/02958343/15cc37ac9b3b756acfd826dd468a5497/f1e58278d3762e403f53d4bc.npz,482e97b527167004b53a02428d311059023d3d62473d5a9a3d2356ec0b4b6365,/content/cv3d-project/data/cache/reconstruction/metrics/02958343/15cc37ac9b3b756acfd826dd468a5497/c49a9b44a95bc8cad7bd0ec1.json,11.698336999870662
02958343/15cc37ac9b3b756acfd826dd468a5497,farthest,3,"[0, 46, 18]",0.26556331390250987,0.38825970484171984,0.5109560957809298,0.0,0.0,0.0,1.9974623771497941,0.0,0.0,0.0,0.0,0.0,0.0,camera_pose_sim3,1.8564255442110382,0.8773202774352125,10000,10000,True,False,True,/content/cv3d-project/data/cache/reconstruction/predictions/02958343/15cc37ac9b3b756acfd826dd468a5497/f7fa0395e99d4dbf1ec74493.npz,c1362c7a7309bcf15b2ea6c8baea40e7436da20ef6c23ce1bbd6665a40b37652,/content/cv3d-project/data/cache/reconstruction/metrics/02958343/15cc37ac9b3b756acfd826dd468a5497/6edf182700fcb056f1266167.json,11.763099000290822
02958343/15cc37ac9b3b756acfd826dd468a5497,farthest,5,"[0, 46, 18, 28, 16]",0.011569893494240537,0.16417900054960857,0.3167881076049766,0.09396740684265702,0.00833227106930313,0.015466535044422506,1.9974623771497941,1.0,0.5167,0.9039,0.0493,0.0042,0.0078,camera_pose_sim3,0.7567094358961048,1.2692987509440194,10000,10000,True,False,True,/content/cv3d-project/data/cache/reconstruction/predictions/02958343/15cc37ac9b3b756acfd826dd468a5497/e04c36168417e51224524396.npz,fc24ba315c534192c1028e4e271060ec68aff03c61b04279343ec38801f02fad,/content/cv3d-project/data/cache/reconstruction/metrics/02958343/15cc37ac9b3b756acfd826dd468a5497/af3ebd170f96ba4a2dd2b5c5.json,12.35825300000215
02958343/15cc37ac9b3b756acfd826dd468a5497,farthest,10,"[0, 46, 18, 28, 16, 30, 2, 44, 13, 33]",0.04211373882608371,0.07146716410441455,0.10082058938274538,0.6199301123756352,0.049743846720707446,0.13980705650135702,1.9974623771497941,0.9329,0.1029,0.3155,0.4642,0.0328,0.0898,camera_pose_sim3,2.4947487209355295,0.09319497003558429,10000,10000,True,False,True,/content/cv3d-project/data/cache/reconstruction/predictions/02958343/15cc37ac9b3b756acfd826dd468a5497/7fb51426ad7818c9e1c906ad.npz,a3ac8d9829600162631e879dd724c0c08909e6c52f63ec418d8f585136cd7b54,/content/cv3d-project/data/cache/reconstruction/metrics/02958343/15cc37ac9b3b756acfd826dd468a5497/7fe22967ca16ac06bb8a628b.json,12.812111999664921
02958343/15d6cd7877c6601d9ed410a010efa019,farthest,1,[0],4.34257319056341,4.549707163941237,4.756841137319065,0.0,0.0,0.0,1.9889480943194815,0.0,0.0,0.0,0.0,0.0,0.0,camera_rotation_center_and_target_diameter_scale_single_view,12.295084558533134,0.0,10000,10000,True,True,True,/content/cv3d-project/data/cache/reconstruction/predictions/02958343/15d6cd7877c6601d9ed410a010efa019/bf6bf607b6c08be715d308fd.npz,09e1a83e39b8a4b01045a5173a5afef63e37943ba2421d5f610016fb80d513e1,/content/cv3d-project/data/cache/reconstruction/metrics/02958343/15d6cd7877c6601d9ed410a010efa019/9ff2fe0ebb8beefcfc037f09.json,3.926276999663969
02958343/15d6cd7877c6601d9ed410a010efa019,farthest,2,"[0, 46]",0.07655656739210795,0.18574089154288537,0.29492521569366276,0.13737351228159028,0.0024182795698924732,0.01163470839260313,1.9889480943194815,0.7138,0.0173,0.0639,0.076,0.0013,0.0064,camera_pose_sim3,2.96301943963579,0.0943167628674403,10000,10000,True,False,True,/content/cv3d-project/data/cache/reconstruction/predictions/02958343/15d6cd7877c6601d9ed410a010efa019/84a445a567e040dfbf3446da.npz,a760769a86016f80ecedd5253b25bce799782f33d33ac8561ddaca5985a3b7cb,/content/cv3d-project/data/cache/reconstruction/metrics/02958343/15d6cd7877c6601d9ed410a010efa019/12f1497e1983ffffe3773bfd.json,11.745428000267566
02958343/15d6cd7877c6601d9ed410a010efa019,farthest,3,"[0, 46, 18]",0.3595689340482396,0.43942104404401094,0.5192731540397822,0.0,0.0,0.0,1.9889480943194815,0.0,0.0,0.0,0.0,0.0,0.0,camera_pose_sim3,2.577085004057186,0.7585482874539101,10000,10000,True,False,True,/content/cv3d-project/data/cache/reconstruction/predictions/02958343/15d6cd7877c6601d9ed410a010efa019/fbbf0c498880bbf0236af999.npz,1571bb4e5799be47ca6e59dd2eb53769884857c951374ed7aa6d8cb6dce8eccb,/content/cv3d-project/data/cache/reconstruction/metrics/02958343/15d6cd7877c6601d9ed410a010efa019/0f8b77a2b41db5b8a37c2c80.json,11.550650000117457
02958343/15d6cd7877c6601d9ed410a010efa019,farthest,5,"[0, 46, 18, 28, 16]",0.10179332763151154,0.24491943082230092,0.3880455340130903,0.05097890838206628,0.0,0.0,1.9889480943194815,0.4861,0.0,0.0,0.0269,0.0,0.0,camera_pose_sim3,1.3806631121258666,1.1406152214523115,10000,10000,True,False,True,/content/cv3d-project/data/cache/reconstruction/predictions/02958343/15d6cd7877c6601d9ed410a010efa019/7410ef9022ad5cb4f160f2d8.npz,8064991697a3b59b8e799c2e4e584d3622bec724a55803ad4c389d9d2bd514f0,/content/cv3d-project/data/cache/reconstruction/metrics/02958343/15d6cd7877c6601d9ed410a010efa019/b629e8fda85f3c973fd34c15.json,12.143157000082283
02958343/15d6cd7877c6601d9ed410a010efa019,farthest,10,"[0, 46, 18, 28, 16, 30, 2, 44, 13, 33]",0.04728146460773298,0.11472208553719065,0.18216270646664834,0.32564196594017475,0.03279692307692308,0.06589958285930982,1.9889480943194815,0.9362,0.0836,0.2251,0.1971,0.0204,0.0386,camera_pose_sim3,2.726039489022517,0.3851445837849961,10000,10000,True,False,True,/content/cv3d-project/data/cache/reconstruction/predictions/02958343/15d6cd7877c6601d9ed410a010efa019/2055393cf0bb103aed42b2b2.npz,a6e639140282f9f76298c08792e2f4011ba27caf83f203b14c541fd454acad60,/content/cv3d-project/data/cache/reconstruction/metrics/02958343/15d6cd7877c6601d9ed410a010efa019/f7ea7688b39bb4b86b97e2a0.json,12.575458999890543
02958343/15e52e44cdcc80ed13ded1857c15b5b6,farthest,1,[0],13.041960242827928,13.233033769911705,13.424107296995482,0.0,0.0,0.0,0.5116315604689127,0.0,0.0,0.0,0.0,0.0,0.0,camera_rotation_center_and_target_diameter_scale_single_view,9.760212749267884,0.0,956,10000,True,True,True,/content/cv3d-project/data/cache/reconstruction/predictions/02958343/15e52e44cdcc80ed13ded1857c15b5b6/9c512bcdad537cf4c5855629.npz,43857f5bc914ad35541aa3280bee27bba354e836ce80575a11e679a2f3838e4e,/content/cv3d-project/data/cache/reconstruction/metrics/02958343/15e52e44cdcc80ed13ded1857c15b5b6/edbd8ac476ae1a46b1cb2d08.json,2.7186439997421985
02958343/15e52e44cdcc80ed13ded1857c15b5b6,farthest,2,"[0, 46]",0.7020263581567469,0.7769511008462129,0.8518758435356788,0.0,0.0,0.0,0.5116315604689127,0.0,0.0,0.0,0.0,0.0,0.0,camera_pose_sim3,2.9120664515198786,0.5907812130958184,1880,10000,True,False,True,/content/cv3d-project/data/cache/reconstruction/predictions/02958343/15e52e44cdcc80ed13ded1857c15b5b6/8a56685f49c3166333ca2fb0.npz,1766926e6105d77d1b6f6045db03c33c93da85c49753ec3e5d2b0110bbe9ee87,/content/cv3d-project/data/cache/reconstruction/metrics/02958343/15e52e44cdcc80ed13ded1857c15b5b6/c80470a9f7ea3ff09a965080.json,8.740643999772146
02958343/15e52e44cdcc80ed13ded1857c15b5b6,farthest,3,"[0, 46, 18]",1.6181823582847041,1.7916110397597347,1.9650397212347654,0.0,0.0,0.0,0.5116315604689127,0.0,0.0,0.0,0.0,0.0,0.0,camera_pose_sim3,1.40364235031211,3.7267763513037386,4208,10000,True,False,True,/content/cv3d-project/data/cache/reconstruction/predictions/02958343/15e52e44cdcc80ed13ded1857c15b5b6/c66ddf624e92b4fb6effcd03.npz,7a9c9642c473a8750b83c032af0804c42ec582c20de1f49fcf8093ac7c69a9b0,/content/cv3d-project/data/cache/reconstruction/metrics/02958343/15e52e44cdcc80ed13ded1857c15b5b6/0d595f8ee7e4b7c9cea974da.json,9.740627000155655
02958343/15e52e44cdcc80ed13ded1857c15b5b6,farthest,5,"[0, 46, 18, 28, 16]",1.8435677991729824,2.0171075625928823,2.1906473260127823,0.0,0.0,0.0,0.5116315604689127,0.0,0.0,0.0,0.0,0.0,0.0,camera_pose_sim3,1.1739315598348787,4.4682214919604615,7632,10000,True,False,True,/content/cv3d-project/data/cache/reconstruction/predictions/02958343/15e52e44cdcc80ed13ded1857c15b5b6/ed85d6e829f0a4b430554e4c.npz,2c31f541f2b518dc3f130f66f963e33119212a8171f7d7e8e382c1442ec9a503,/content/cv3d-project/data/cache/reconstruction/metrics/02958343/15e52e44cdcc80ed13ded1857c15b5b6/c4ec947ba64a906dbe666dc3.json,10.595944999749918
02958343/15e52e44cdcc80ed13ded1857c15b5b6,farthest,10,"[0, 46, 18, 28, 16, 30, 2, 44, 13, 33]",2.5589596394556446,2.652074269053354,2.7451888986510635,0.0,0.0,0.0,0.5116315604689127,0.0,0.0,0.0,0.0,0.0,0.0,camera_pose_sim3,1.7179177679277808,3.857072339074859,10000,10000,True,False,True,/content/cv3d-project/data/cache/reconstruction/predictions/02958343/15e52e44cdcc80ed13ded1857c15b5b6/dccf5b4644adb139871bbbce.npz,62d2027bfd6505f028d31393f4dd95cf0e03bbf6aadcf9410f6e5e58214b0610,/content/cv3d-project/data/cache/reconstruction/metrics/02958343/15e52e44cdcc80ed13ded1857c15b5b6/90f8789a9ed1f44153b073b3.json,11.991881000085414
02958343/15fcfe91d44c0e15e5c9256f048d92d2,farthest,1,[0],3.879147052149765,4.094096004223584,4.309044956297403,0.0,0.0,0.0,1.9819274630897554,0.0,0.0,0.0,0.0,0.0,0.0,camera_rotation_center_and_target_diameter_scale_single_view,11.387370498551839,0.0,10000,10000,True,True,True,/content/cv3d-project/data/cache/reconstruction/predictions/02958343/15fcfe91d44c0e15e5c9256f048d92d2/dffffe6c8db150e168dc0656.npz,1ef3c58165d0229b1a880a9e03aeebcb2349d78e6312f91c7fd922076cf8d4f4,/content/cv3d-project/data/cache/reconstruction/metrics/02958343/15fcfe91d44c0e15e5c9256f048d92d2/120547d543ed5a48c97899fc.json,3.8485840000248572
02958343/15fcfe91d44c0e15e5c9256f048d92d2,farthest,2,"[0, 46]",1.11814731151494,1.1850926342908814,1.2520379570668227,0.0,0.0,0.0,1.9819274630897554,0.0,0.0,0.0,0.0,0.0,0.0,camera_pose_sim3,2.155215591124911,0.859540612472929,10000,10000,True,False,True,/content/cv3d-project/data/cache/reconstruction/predictions/02958343/15fcfe91d44c0e15e5c9256f048d92d2/80959f6c58b6dad5bdef0c63.npz,b9173931915596a966fecb6d2fad7c8a79229e0ce5deb398d902d247d651dab1,/content/cv3d-project/data/cache/reconstruction/metrics/02958343/15fcfe91d44c0e15e5c9256f048d92d2/8236c436eec93ec304804889.json,11.694134000208578
02958343/15fcfe91d44c0e15e5c9256f048d92d2,farthest,3,"[0, 46, 18]",0.2227885128378658,0.30045426767157185,0.3781200225052779,0.0,0.0,0.0,1.9819274630897554,0.0,0.0,0.0,0.0,0.0,0.0,camera_pose_sim3,1.936146981463821,0.8642818118664535,10000,10000,True,False,True,/content/cv3d-project/data/cache/reconstruction/predictions/02958343/15fcfe91d44c0e15e5c9256f048d92d2/e0b1ca9d5318d17ba6c79a77.npz,7926ef2a6d1f15b87f9aba84b5e1c3007e85e8379c143a5e973eac857a795ff8,/content/cv3d-project/data/cache/reconstruction/metrics/02958343/15fcfe91d44c0e15e5c9256f048d92d2/1ea8da39cab3e3878e007fb9.json,11.420962999636686
02958343/15fcfe91d44c0e15e5c9256f048d92d2,farthest,5,"[0, 46, 18, 28, 16]",0.10632960844678425,0.2213823954753719,0.33643518250395954,0.007652758954501452,0.0,0.0,1.9819274630897554,0.2027,0.0,0.0,0.0039,0.0,0.0,camera_pose_sim3,0.28488838901375396,1.341234049014522,10000,10000,True,False,True,/content/cv3d-project/data/cache/reconstruction/predictions/02958343/15fcfe91d44c0e15e5c9256f048d92d2/195f64b9e646226a6a1bc404.npz,a38de2846b39f9d288a4961ba1fb2fd4b6671529e5cc468f8ecfd3a94d52614c,/content/cv3d-project/data/cache/reconstruction/metrics/02958343/15fcfe91d44c0e15e5c9256f048d92d2/c6bed66aa68d0d09e812b17c.json,12.40457099993364
02958343/15fcfe91d44c0e15e5c9256f048d92d2,farthest,10,"[0, 46, 18, 28, 16, 30, 2, 44, 13, 33]",0.049195149739202984,0.13066568167359846,0.21213621360799392,0.23167261146496815,0.015853889515219842,0.0329175118858954,1.9819274630897554,0.8712,0.0799,0.2347,0.1336,0.0088,0.0177,camera_pose_sim3,1.668776590915814,0.9299505909414444,10000,10000,True,False,True,/content/cv3d-project/data/cache/reconstruction/predictions/02958343/15fcfe91d44c0e15e5c9256f048d92d2/d6c5002bf927292954cbec9e.npz,44595f8651b2964ee995aa8bd74d7282c26fc7825dfbe5f3bb2b4a8cdead6756,/content/cv3d-project/data/cache/reconstruction/metrics/02958343/15fcfe91d44c0e15e5c9256f048d92d2/63f41c5a29f9e603850966af.json,12.853045000156271
02958343/164c8597d8eae2f6f21c3b61f0b564c4,farthest,1,[0],3.2890951083295943,3.502557965033255,3.7160208217369157,0.0,0.0,0.0,1.9764921629014318,0.0,0.0,0.0,0.0,0.0,0.0,camera_rotation_center_and_target_diameter_scale_single_view,10.313197631668277,0.0,8322,10000,True,True,True,/content/cv3d-project/data/cache/reconstruction/predictions/02958343/164c8597d8eae2f6f21c3b61f0b564c4/49061275e4fd7820bec5b00b.npz,9b12b09d0f527a26e8ae6711688b608a8aae82f01772314aea3461532fa95dcb,/content/cv3d-project/data/cache/reconstruction/metrics/02958343/164c8597d8eae2f6f21c3b61f0b564c4/812605cd28ac7bdb687e3ed8.json,3.5743019998335512
02958343/164c8597d8eae2f6f21c3b61f0b564c4,farthest,2,"[0, 46]",0.43323686458891436,0.4776018044428021,0.5219667442966898,0.0,0.0,0.0,1.9764921629014318,0.0,0.0,0.0,0.0,0.0,0.0,camera_pose_sim3,2.8078184485417332,0.23707321566967698,10000,10000,True,False,True,/content/cv3d-project/data/cache/reconstruction/predictions/02958343/164c8597d8eae2f6f21c3b61f0b564c4/1196e56b03255faa34a20228.npz,d6cff2a891ad75412ba420bf74c688f2b0f9f694d98fbdf1c2259417bd4b6515,/content/cv3d-project/data/cache/reconstruction/metrics/02958343/164c8597d8eae2f6f21c3b61f0b564c4/ff01af0f2d7871899d56d2eb.json,11.439062000135891
02958343/164c8597d8eae2f6f21c3b61f0b564c4,farthest,3,"[0, 46, 18]",0.15596974953424841,0.2650662311129073,0.37416271269156615,0.03345511049723757,0.0,0.0,1.9764921629014318,0.1255,0.0,0.0,0.0193,0.0,0.0,camera_pose_sim3,2.1656541942494085,0.5886708737708507,10000,10000,True,False,True,/content/cv3d-project/data/cache/reconstruction/predictions/02958343/164c8597d8eae2f6f21c3b61f0b564c4/62115ef5a0b042f57330c646.npz,a7afd0c2d79e3e3967d496aa7dba8998009da811a35e8b63b5ddacbb439eb1b5,/content/cv3d-project/data/cache/reconstruction/metrics/02958343/164c8597d8eae2f6f21c3b61f0b564c4/3358f4137354e794e7cf8518.json,11.434314999860362
02958343/164c8597d8eae2f6f21c3b61f0b564c4,farthest,5,"[0, 46, 18, 28, 16]",0.36270135599413517,0.42155468484975317,0.4804080137053712,0.0,0.0,0.0,1.9764921629014318,0.0,0.0,0.0,0.0,0.0,0.0,camera_pose_sim3,2.040052047127226,0.6192994075641182,10000,10000,True,False,True,/content/cv3d-project/data/cache/reconstruction/predictions/02958343/164c8597d8eae2f6f21c3b61f0b564c4/e3da1814917fbaaaca77193c.npz,f94183bc738837a6d9ccd99fc34a3997ffd424fe360c67c6527ee3395892af2a,/content/cv3d-project/data/cache/reconstruction/metrics/02958343/164c8597d8eae2f6f21c3b61f0b564c4/dc8df5b8b1ccc4e422d5ee06.json,11.559683000086807
02958343/164c8597d8eae2f6f21c3b61f0b564c4,farthest,10,"[0, 46, 18, 28, 16, 30, 2, 44, 13, 33]",0.04988694080512797,0.09824387346753666,0.14660080612994533,0.5272163265306123,0.030213584117032392,0.06548449974079833,1.9764921629014318,0.9936,0.0769,0.1511,0.3588,0.0188,0.0418,camera_pose_sim3,2.2733923998350654,0.38740956830094825,10000,10000,True,False,True,/content/cv3d-project/data/cache/reconstruction/predictions/02958343/164c8597d8eae2f6f21c3b61f0b564c4/d0e6f3b5e87ef34186a8c39c.npz,cf6e9d9f094fb1acfc9c7dec70a29ec2afae15f256de587d82de254e1748b689,/content/cv3d-project/data/cache/reconstruction/metrics/02958343/164c8597d8eae2f6f21c3b61f0b564c4/0b5b43fe330f0a8adbb0f0a2.json,12.078263999683259
02958343/1660d6b7221223708a49a62fbc70ff9a,farthest,1,[0],3.526572052176735,3.7316054634565528,3.9366388747363703,0.0,0.0,0.0,1.9642117443688598,0.0,0.0,0.0,0.0,0.0,0.0,camera_rotation_center_and_target_diameter_scale_single_view,10.596054726889587,0.0,10000,10000,True,True,True,/content/cv3d-project/data/cache/reconstruction/predictions/02958343/1660d6b7221223708a49a62fbc70ff9a/37afcdcfc3c62f8a24558f97.npz,d5ffd14d5b73e5e4f7526976cf9a52ae5be1c1f5a3b6bd065d9ce8be0e1f0dd6,/content/cv3d-project/data/cache/reconstruction/metrics/02958343/1660d6b7221223708a49a62fbc70ff9a/6ea252617b4ec18017b14d63.json,3.828652999800397
02958343/1660d6b7221223708a49a62fbc70ff9a,farthest,2,"[0, 46]",0.033652757378871585,0.0862348169194651,0.1388168764600586,0.4412750370197179,0.015296703296703297,0.03897996337954486,1.9642117443688598,1.0,0.174,0.3617,0.2831,0.008,0.0206,camera_pose_sim3,2.746212385135978,0.03929912507458986,10000,10000,True,False,True,/content/cv3d-project/data/cache/reconstruction/predictions/02958343/1660d6b7221223708a49a62fbc70ff9a/44b592fdfa4a882427c74dfa.npz,cc935ce2c2ce84a826bfe1765ac6754f22ebc17f7aa5bffa41cfb5e6eb7b3bed,/content/cv3d-project/data/cache/reconstruction/metrics/02958343/1660d6b7221223708a49a62fbc70ff9a/2406514869b4193c30a01904.json,11.972120000336872
02958343/1660d6b7221223708a49a62fbc70ff9a,farthest,3,"[0, 46, 18]",0.26474135930049236,0.344787988643806,0.4248346179871196,0.0,0.0,0.0,1.9642117443688598,0.0,0.0,0.0,0.0,0.0,0.0,camera_pose_sim3,2.3086149507923386,0.822095181314165,10000,10000,True,False,True,/content/cv3d-project/data/cache/reconstruction/predictions/02958343/1660d6b7221223708a49a62fbc70ff9a/66537c65b0df361db7e56cc6.npz,6826b911d648e623d857b695572ed62215a14e7796bff11d7249427e18417431,/content/cv3d-project/data/cache/reconstruction/metrics/02958343/1660d6b7221223708a49a62fbc70ff9a/38934dd2fa118d68fc626459.json,12.208241000280395
02958343/1660d6b7221223708a49a62fbc70ff9a,farthest,5,"[0, 46, 18, 28, 16]",0.27517781468971186,0.401235103847289,0.5272923930048662,0.0,0.0,0.0,1.9642117443688598,0.0,0.0,0.0,0.0,0.0,0.0,camera_pose_sim3,1.314112337193919,1.13994976866498,10000,10000,True,False,True,/content/cv3d-project/data/cache/reconstruction/predictions/02958343/1660d6b7221223708a49a62fbc70ff9a/e980f9da794d7e246f56fb7c.npz,6b063b0f4978d2b54cec355075782d9c4dee0cd9de9fa2b6dfcf05d07a18f710,/content/cv3d-project/data/cache/reconstruction/metrics/02958343/1660d6b7221223708a49a62fbc70ff9a/938c51a3dcc961b0cd8947f9.json,11.711570999977994
02958343/1660d6b7221223708a49a62fbc70ff9a,farthest,10,"[0, 46, 18, 28, 16, 30, 2, 44, 13, 33]",0.2805084262973893,0.3461665009189192,0.4118245755404491,0.0,0.0,0.0,1.9642117443688598,0.0,0.0,0.0,0.0,0.0,0.0,camera_pose_sim3,1.8255437435228838,0.9160304936361775,10000,10000,True,False,True,/content/cv3d-project/data/cache/reconstruction/predictions/02958343/1660d6b7221223708a49a62fbc70ff9a/9e6dd2cc0fbeb2dee3c9b60a.npz,091e69a247f2fab0851824982592c3160bc3d4eee5014aedc1427f34199c0a65,/content/cv3d-project/data/cache/reconstruction/metrics/02958343/1660d6b7221223708a49a62fbc70ff9a/3a28888a32867fbf998e103e.json,12.236158000177966
02958343/167df2c10c116eb5d61b6a34f3fd808c,farthest,1,[0],2.9419970784328133,3.150600733115434,3.359204387798054,0.0,0.0,0.0,1.9859885404570485,0.0,0.0,0.0,0.0,0.0,0.0,camera_rotation_center_and_target_diameter_scale_single_view,9.678295041637632,0.0,9590,10000,True,True,True,/content/cv3d-project/data/cache/reconstruction/predictions/02958343/167df2c10c116eb5d61b6a34f3fd808c/2925b61a671f20de487fba0b.npz,f8129549500273390c6555a3fe234d590a59efe024ac8ef52438c63385f07467,/content/cv3d-project/data/cache/reconstruction/metrics/02958343/167df2c10c116eb5d61b6a34f3fd808c/341ce53dcdec937b19c1ca55.json,3.699657000197476
02958343/167df2c10c116eb5d61b6a34f3fd808c,farthest,2,"[0, 46]",0.025400843386399294,0.1057956407929162,0.18619043819943312,0.35329862381541,0.020982312456985546,0.0538280724450194,1.9859885404570485,0.9989,0.2797,0.5902,0.2146,0.0109,0.0282,camera_pose_sim3,2.758990993342446,0.078153146491744,10000,10000,True,False,True,/content/cv3d-project/data/cache/reconstruction/predictions/02958343/167df2c10c116eb5d61b6a34f3fd808c/0480f17ccbc4c86a23665e62.npz,104c49b42d973a48f26b02edf52e068c85bae5fb95f98a77df01bf0a359f2bd6,/content/cv3d-project/data/cache/reconstruction/metrics/02958343/167df2c10c116eb5d61b6a34f3fd808c/479dc6181a5f1090eb756a5b.json,11.69022500016581
02958343/167df2c10c116eb5d61b6a34f3fd808c,farthest,3,"[0, 46, 18]",0.31029327688697567,0.3960730490697232,0.4818528212524707,0.0,0.0,0.0,1.9859885404570485,0.0,0.0,0.0,0.0,0.0,0.0,camera_pose_sim3,2.2442359193052037,0.6979228423909006,10000,10000,True,False,True,/content/cv3d-project/data/cache/reconstruction/predictions/02958343/167df2c10c116eb5d61b6a34f3fd808c/d42e08bcb84ecfcde71ab476.npz,ebe09f175b93a02d393b3564baff29c7f7a6e0e0af594301de34676756636d45,/content/cv3d-project/data/cache/reconstruction/metrics/02958343/167df2c10c116eb5d61b6a34f3fd808c/7768d16aa8c1bc348cf7d431.json,12.186007000309473
02958343/167df2c10c116eb5d61b6a34f3fd808c,farthest,5,"[0, 46, 18, 28, 16]",0.21232784100489607,0.29082362696020675,0.3693194129155174,0.0,0.0,0.0,1.9859885404570485,0.0,0.0,0.0,0.0,0.0,0.0,camera_pose_sim3,1.9462504042815678,0.8843085118184288,10000,10000,True,False,True,/content/cv3d-project/data/cache/reconstruction/predictions/02958343/167df2c10c116eb5d61b6a34f3fd808c/ad33c911806cb69fb8be56ee.npz,bed4639e494f4f161057500dc4ae80aae99d35394644cf3217618ec9209c8793,/content/cv3d-project/data/cache/reconstruction/metrics/02958343/167df2c10c116eb5d61b6a34f3fd808c/6784f46e91f805decc1a6e20.json,11.933870000120805
02958343/167df2c10c116eb5d61b6a34f3fd808c,farthest,10,"[0, 46, 18, 28, 16, 30, 2, 44, 13, 33]",0.031799043883358,0.09957599734144486,0.16735295079953172,0.561461555060059,0.0414132808657157,0.07291796008869181,1.9859885404570485,1.0,0.1799,0.3654,0.3903,0.0234,0.0405,camera_pose_sim3,1.8511530659849174,0.8807964178044556,10000,10000,True,False,True,/content/cv3d-project/data/cache/reconstruction/predictions/02958343/167df2c10c116eb5d61b6a34f3fd808c/d3e9db8d1aa96b1ad6d8d21a.npz,bc421d5c1a2d853528fbef7c92c7f813e1e33c894d2e14fb1e41c80b577209f4,/content/cv3d-project/data/cache/reconstruction/metrics/02958343/167df2c10c116eb5d61b6a34f3fd808c/f611313fa70382fe851cd938.json,12.26347599958899
02958343/1687b77b048d1aaf635b88185c42637a,farthest,1,[0],3.0680626489176808,3.269506163719945,3.4709496785222096,0.0,0.0,0.0,1.9735397397083645,0.0,0.0,0.0,0.0,0.0,0.0,camera_rotation_center_and_target_diameter_scale_single_view,9.811973005324639,0.0,10000,10000,True,True,True,/content/cv3d-project/data/cache/reconstruction/predictions/02958343/1687b77b048d1aaf635b88185c42637a/ca76843e4ba714a15b6431a2.npz,9d7d16ee06b7ef052cb159d864300f673b7de3608855d6f27e7b004d0767650b,/content/cv3d-project/data/cache/reconstruction/metrics/02958343/1687b77b048d1aaf635b88185c42637a/18ec9f057b488d84b0557bba.json,3.854442000374547
02958343/1687b77b048d1aaf635b88185c42637a,farthest,2,"[0, 46]",0.06576861073471098,0.16230484195695932,0.2588410731792077,0.1314685963054477,0.009035294117647058,0.01914780814853017,1.9735397397083645,0.7781,0.0768,0.1838,0.0718,0.0048,0.0101,camera_pose_sim3,2.7113624678824344,0.05919552751518983,10000,10000,True,False,True,/content/cv3d-project/data/cache/reconstruction/predictions/02958343/1687b77b048d1aaf635b88185c42637a/5fd877b8e46bc353111767e4.npz,e830646c115152373be366c254fcc5cfe964af8edd13ab33247452bec8e42fb0,/content/cv3d-project/data/cache/reconstruction/metrics/02958343/1687b77b048d1aaf635b88185c42637a/9d7e286b85661f7d7e19b0a6.json,11.784090000219294
02958343/1687b77b048d1aaf635b88185c42637a,farthest,3,"[0, 46, 18]",0.30859715888391365,0.41637759804369445,0.5241580372034752,0.0,0.0,0.0,1.9735397397083645,0.0,0.0,0.0,0.0,0.0,0.0,camera_pose_sim3,2.1652386997462427,0.7696975529386018,10000,10000,True,False,True,/content/cv3d-project/data/cache/reconstruction/predictions/02958343/1687b77b048d1aaf635b88185c42637a/ed1d711b90bf84e802d1ba3e.npz,9ad925fd05e5c62bdd6fd32da0ebf899248cf6d010a7b900d75fb8a3f1313bb4,/content/cv3d-project/data/cache/reconstruction/metrics/02958343/1687b77b048d1aaf635b88185c42637a/5b5764eb47d49bf16308f905.json,11.606363000282727
02958343/1687b77b048d1aaf635b88185c42637a,farthest,5,"[0, 46, 18, 28, 16]",0.31396264676838465,0.3953300165384298,0.4766973863084749,0.0,0.0,0.0,1.9735397397083645,0.0,0.0,0.0,0.0,0.0,0.0,camera_pose_sim3,1.803057711226773,0.9514687092190409,10000,10000,True,False,True,/content/cv3d-project/data/cache/reconstruction/predictions/02958343/1687b77b048d1aaf635b88185c42637a/1b3b7a086eeb915d692344a4.npz,0920d6ea2cea59d85650e62c2ab4e11bed6ba70acef686701c6d940c7b710c2f,/content/cv3d-project/data/cache/reconstruction/metrics/02958343/1687b77b048d1aaf635b88185c42637a/bcafe9a30b6b38038a4e44b5.json,11.912028000097052
02958343/1687b77b048d1aaf635b88185c42637a,farthest,10,"[0, 46, 18, 28, 16, 30, 2, 44, 13, 33]",0.038431578472404845,0.07306244635429987,0.1076933142361949,0.5997757286995515,0.05529414758269719,0.11434324942791761,1.9735397397083645,0.9986,0.1214,0.2776,0.4286,0.0358,0.072,camera_pose_sim3,2.412795883518323,0.24473117592114757,10000,10000,True,False,True,/content/cv3d-project/data/cache/reconstruction/predictions/02958343/1687b77b048d1aaf635b88185c42637a/05947ddf050865152fcf4da8.npz,36c43af65aec1e33ad1dd816a5cb05e94f822f3a37cec3bfccc81224a8e4ba4c,/content/cv3d-project/data/cache/reconstruction/metrics/02958343/1687b77b048d1aaf635b88185c42637a/45e69086b8d1fa4a538fc8ae.json,13.21536900013598
02958343/1688bcda878d3b18afe717997470b28d,farthest,1,[0],2.7020676111321973,2.908962876892315,3.1158581426524323,0.0,0.0,0.0,1.9777233342934681,0.0,0.0,0.0,0.0,0.0,0.0,camera_rotation_center_and_target_diameter_scale_single_view,9.067217742970051,0.0,10000,10000,True,True,True,/content/cv3d-project/data/cache/reconstruction/predictions/02958343/1688bcda878d3b18afe717997470b28d/868ebb0bf3543a494947bb59.npz,6f2cb7464d5c53c08d72d480cd8baeaad00314aefa2126d08b8ba49f37a0d178,/content/cv3d-project/data/cache/reconstruction/metrics/02958343/1688bcda878d3b18afe717997470b28d/a4b05cfc2efea845a3c98498.json,3.8946939998822927
02958343/1688bcda878d3b18afe717997470b28d,farthest,2,"[0, 46]",0.3476299454600519,0.4094816098780093,0.4713332742959667,0.0,0.0,0.0,1.9777233342934681,0.0,0.0,0.0,0.0,0.0,0.0,camera_pose_sim3,2.9139153356028977,0.24570634353749257,10000,10000,True,False,True,/content/cv3d-project/data/cache/reconstruction/predictions/02958343/1688bcda878d3b18afe717997470b28d/1ce1c9ae8ae2d286b73fea25.npz,e9ecb4b80929bd2fd767126b5429bceb6f8e029bab539888cfc8822bd0fb8ca6,/content/cv3d-project/data/cache/reconstruction/metrics/02958343/1688bcda878d3b18afe717997470b28d/611cb5b8ba5236f020af515e.json,11.49910499998441
02958343/1688bcda878d3b18afe717997470b28d,farthest,3,"[0, 46, 18]",0.21245526138660076,0.39252524991630194,0.5725952384460031,0.0,0.0,0.0,1.9777233342934681,0.0,0.0,0.0,0.0,0.0,0.0,camera_pose_sim3,1.4518294300686427,0.9941560837399748,10000,10000,True,False,True,/content/cv3d-project/data/cache/reconstruction/predictions/02958343/1688bcda878d3b18afe717997470b28d/5e0a8bd1419fff943546af66.npz,881881dcbce78f696365cc9d382ce15d382a01cc3348b947bdc84fb28443c047,/content/cv3d-project/data/cache/reconstruction/metrics/02958343/1688bcda878d3b18afe717997470b28d/cdadcbece433c4ba686daa73.json,11.115081000298233
02958343/1688bcda878d3b18afe717997470b28d,farthest,5,"[0, 46, 18, 28, 16]",0.045240776459948895,0.16587264655932363,0.28650451665869836,0.046875,0.0,0.0,1.9777233342934681,1.0,0.0,0.0,0.024,0.0,0.0,camera_pose_sim3,0.21798787709279002,1.3512641662455003,10000,10000,True,False,True,/content/cv3d-project/data/cache/reconstruction/predictions/02958343/1688bcda878d3b18afe717997470b28d/695455b0772e39ae934af57a.npz,4e599088982a5ec4c4554330ebcc61b15c0e786092188862642ba03f9c1f5aaf,/content/cv3d-project/data/cache/reconstruction/metrics/02958343/1688bcda878d3b18afe717997470b28d/aa6d0be65bbd5fb887e3da5e.json,11.29831300022488
02958343/1688bcda878d3b18afe717997470b28d,farthest,10,"[0, 46, 18, 28, 16, 30, 2, 44, 13, 33]",0.019550555062325472,0.09749071872572819,0.1754308823891309,0.546405988807326,0.06795398230088495,0.1536977144469526,1.9777233342934681,1.0,0.243,0.6211,0.3759,0.0395,0.0877,camera_pose_sim3,1.757545433683486,0.9198236539258433,10000,10000,True,False,True,/content/cv3d-project/data/cache/reconstruction/predictions/02958343/1688bcda878d3b18afe717997470b28d/fbc5962d10feb51a8c5bbdd5.npz,aa128e9c2da26ac4c6cb85c92327fad6ef8e93e5bdcc39a5fd789dbd2fe655e1,/content/cv3d-project/data/cache/reconstruction/metrics/02958343/1688bcda878d3b18afe717997470b28d/b659585c28e624440b0dd57b.json,12.105048999728751
02958343/16d6ecc22218e21b36dfef0450f0ee37,farthest,1,[0],3.292351834755938,3.4974249392308394,3.702498043705741,0.0,0.0,0.0,1.97908839619215,0.0,0.0,0.0,0.0,0.0,0.0,camera_rotation_center_and_target_diameter_scale_single_view,10.216840493038463,0.0,10000,10000,True,True,True,/content/cv3d-project/data/cache/reconstruction/predictions/02958343/16d6ecc22218e21b36dfef0450f0ee37/5b973ae24f8ebd1b231a0af5.npz,8dd057aec1ff98dd863f73c823d9dbdd417323844e282aeb0ba6bc12044771d4,/content/cv3d-project/data/cache/reconstruction/metrics/02958343/16d6ecc22218e21b36dfef0450f0ee37/524c70e0466b8ccabae4fef4.json,3.857464000248001
02958343/16d6ecc22218e21b36dfef0450f0ee37,farthest,2,"[0, 46]",0.042127401805074044,0.12398974411474202,0.20585208642441,0.2968218154650728,0.02196355799373041,0.0430093073128887,1.97908839619215,0.8928,0.2437,0.4437,0.178,0.0115,0.0226,camera_pose_sim3,2.730805253680819,0.09812237881375643,10000,10000,True,False,True,/content/cv3d-project/data/cache/reconstruction/predictions/02958343/16d6ecc22218e21b36dfef0450f0ee37/1b3f2c6be92cbeb4c804eb6e.npz,455dbab1c9575b0d7d7a74960621902d7db50888ad0663efa33987daf80ff561,/content/cv3d-project/data/cache/reconstruction/metrics/02958343/16d6ecc22218e21b36dfef0450f0ee37/916d970c8c165d8c895c1242.json,11.826123999981064
02958343/16d6ecc22218e21b36dfef0450f0ee37,farthest,3,"[0, 46, 18]",0.23256169542620356,0.3201131828720994,0.40766467031799525,0.0,0.0,0.0,1.97908839619215,0.0,0.0,0.0,0.0,0.0,0.0,camera_pose_sim3,1.8794506805630786,0.8852463462205401,10000,10000,True,False,True,/content/cv3d-project/data/cache/reconstruction/predictions/02958343/16d6ecc22218e21b36dfef0450f0ee37/c37f73e8467293d8b969e35f.npz,edf4dbd901486d37236e493b353764c6c4f2fa00d2cadda28a004a42fe9aa255,/content/cv3d-project/data/cache/reconstruction/metrics/02958343/16d6ecc22218e21b36dfef0450f0ee37/d3ec10c320d90868b9db50ae.json,12.377369000205363
02958343/16d6ecc22218e21b36dfef0450f0ee37,farthest,5,"[0, 46, 18, 28, 16]",0.4923476429453742,0.6086808193318675,0.7250139957183608,0.0,0.0,0.0,1.97908839619215,0.0,0.0,0.0,0.0,0.0,0.0,camera_pose_sim3,1.5639456562619498,1.1455876066016986,10000,10000,True,False,True,/content/cv3d-project/data/cache/reconstruction/predictions/02958343/16d6ecc22218e21b36dfef0450f0ee37/14322c5ce51546b0ebcc72d8.npz,128c5d405be7f496d666b0ae349aac61abc3f52603ea3a2f6d09c4dab90839d4,/content/cv3d-project/data/cache/reconstruction/metrics/02958343/16d6ecc22218e21b36dfef0450f0ee37/37c76923ec76b78e113926d9.json,12.07017500018992
02958343/16d6ecc22218e21b36dfef0450f0ee37,farthest,10,"[0, 46, 18, 28, 16, 30, 2, 44, 13, 33]",0.01636139548876479,0.05631415880216678,0.09626692211556877,0.6847297119558069,0.14920495830516114,0.28263432852024756,1.97908839619215,1.0,0.3488,0.7468,0.5206,0.0949,0.1743,camera_pose_sim3,2.592177555560451,0.2649926880958593,10000,10000,True,False,True,/content/cv3d-project/data/cache/reconstruction/predictions/02958343/16d6ecc22218e21b36dfef0450f0ee37/6601907490ee0c83209c98a3.npz,afc1b3d8f3795ff078adf5af732b86ac0892c8a0c12fbeda1c097678e0d32b49,/content/cv3d-project/data/cache/reconstruction/metrics/02958343/16d6ecc22218e21b36dfef0450f0ee37/ff70d0646e59b868abdf23b4.json,11.96859299989228
02958343/1714b6e57c8c4983fb1aad5dae793ff4,farthest,1,[0],3.9743119902260697,4.176050573930812,4.377789157635554,0.0,0.0,0.0,1.978884553668337,0.0,0.0,0.0,0.0,0.0,0.0,camera_rotation_center_and_target_diameter_scale_single_view,11.558720766706864,0.0,10000,10000,True,True,True,/content/cv3d-project/data/cache/reconstruction/predictions/02958343/1714b6e57c8c4983fb1aad5dae793ff4/766033bfe24f7090ddb1d98d.npz,682590b4e5f7dc09c94e7cbfab20b36a64dbec56a4a22a9c4009516ddabaa795,/content/cv3d-project/data/cache/reconstruction/metrics/02958343/1714b6e57c8c4983fb1aad5dae793ff4/7d8b1fa01da5a9e3ed8d95b9.json,3.785197000070184
02958343/1714b6e57c8c4983fb1aad5dae793ff4,farthest,2,"[0, 46]",0.06331235720574527,0.1526941978284505,0.24207603845115572,0.204007417336908,0.008218369453044376,0.017779022306597055,1.978884553668337,0.7778,0.0926,0.2014,0.1174,0.0043,0.0093,camera_pose_sim3,2.733391227389891,0.07849746143831238,10000,10000,True,False,True,/content/cv3d-project/data/cache/reconstruction/predictions/02958343/1714b6e57c8c4983fb1aad5dae793ff4/b7982f8f01f3a0cc3cec6675.npz,4236b72243cf58cee1d9ab4bbcbc6eab63e3c01c0b1c29c2e78704f94ce9120c,/content/cv3d-project/data/cache/reconstruction/metrics/02958343/1714b6e57c8c4983fb1aad5dae793ff4/34f6d94f9df7b17ff8b201e6.json,11.390399999982037
02958343/1714b6e57c8c4983fb1aad5dae793ff4,farthest,3,"[0, 46, 18]",0.19872998497825353,0.37194290458480195,0.5451558241913503,0.0,0.0,0.0,1.978884553668337,0.0,0.0,0.0,0.0,0.0,0.0,camera_pose_sim3,1.701182850713629,0.888162164858642,10000,10000,True,False,True,/content/cv3d-project/data/cache/reconstruction/predictions/02958343/1714b6e57c8c4983fb1aad5dae793ff4/b9b71f62a241f977d73ebfa2.npz,edb31b906d9d7abd5144f19397814ed305ea1a0cb0ba37637ebfb674532cf4c9,/content/cv3d-project/data/cache/reconstruction/metrics/02958343/1714b6e57c8c4983fb1aad5dae793ff4/ef588e0ff55179be338d3f3e.json,11.2401870001122
02958343/1714b6e57c8c4983fb1aad5dae793ff4,farthest,5,"[0, 46, 18, 28, 16]",0.1736566974066077,0.33560885511022664,0.4975610128138456,0.0,0.0,0.0,1.978884553668337,0.0,0.0,0.0,0.0,0.0,0.0,camera_pose_sim3,1.1320351594075095,1.2443549532635756,10000,10000,True,False,True,/content/cv3d-project/data/cache/reconstruction/predictions/02958343/1714b6e57c8c4983fb1aad5dae793ff4/6e81c4c4a897555524e41687.npz,addc6690c5a398d626a82d009424303a7beda39f7fb337d1f52e7c38c51b1bb1,/content/cv3d-project/data/cache/reconstruction/metrics/02958343/1714b6e57c8c4983fb1aad5dae793ff4/ffdc13610f04c857ddbfbe97.json,11.924214000373468
02958343/1714b6e57c8c4983fb1aad5dae793ff4,farthest,10,"[0, 46, 18, 28, 16, 30, 2, 44, 13, 33]",0.019827202427042605,0.09166720988532978,0.16350721734361695,0.5073512948727517,0.09544799783549783,0.1812661438256015,1.978884553668337,1.0,0.3133,0.6469,0.3399,0.0563,0.1054,camera_pose_sim3,2.0026960798227598,0.7514648626421632,10000,10000,True,False,True,/content/cv3d-project/data/cache/reconstruction/predictions/02958343/1714b6e57c8c4983fb1aad5dae793ff4/68e9236c91b7a9f877c02ae3.npz,264b13687c3abb67719615345d68cfbe0a8df5208fa9df820f8da103f623c0e0,/content/cv3d-project/data/cache/reconstruction/metrics/02958343/1714b6e57c8c4983fb1aad5dae793ff4/c9c25496225c1b41d542e43f.json,13.024683000367077
02958343/171c20ce4de5ee8730f65ce13e7c1910,farthest,1,[0],2.7215651980708317,2.940225104183596,3.1588850102963604,0.0,0.0,0.0,1.952986577515725,0.0,0.0,0.0,0.0,0.0,0.0,camera_rotation_center_and_target_diameter_scale_single_view,9.039382298747238,0.0,10000,10000,True,True,True,/content/cv3d-project/data/cache/reconstruction/predictions/02958343/171c20ce4de5ee8730f65ce13e7c1910/479cc14f7cb0427218fec839.npz,4f35c7831904bfd5c6dfd6ea343c1c795cd796cf0df85bb15da503e3aeb206c3,/content/cv3d-project/data/cache/reconstruction/metrics/02958343/171c20ce4de5ee8730f65ce13e7c1910/eab339239081ff9cec7c670e.json,3.8835110003674345
02958343/171c20ce4de5ee8730f65ce13e7c1910,farthest,2,"[0, 46]",0.06191455572179909,0.13728926148624912,0.21266396725069914,0.28229597252575706,0.005347909967845659,0.02085491266375546,1.952986577515725,0.789,0.0594,0.1721,0.1719,0.0028,0.0111,camera_pose_sim3,2.7911658096474294,0.05372218738884359,10000,10000,True,False,True,/content/cv3d-project/data/cache/reconstruction/predictions/02958343/171c20ce4de5ee8730f65ce13e7c1910/069d8e838911143a18860581.npz,a6468a2a5e447c076910eca85a844b76574d7646ae47dd6b9a3e9d8a16bafc03,/content/cv3d-project/data/cache/reconstruction/metrics/02958343/171c20ce4de5ee8730f65ce13e7c1910/ac774453c54100cdf7a567dc.json,11.738883000361966
02958343/171c20ce4de5ee8730f65ce13e7c1910,farthest,3,"[0, 46, 18]",0.3636208329049601,0.42088720534794555,0.47815357779093093,0.0,0.0,0.0,1.952986577515725,0.0,0.0,0.0,0.0,0.0,0.0,camera_pose_sim3,2.4133051686698894,0.8743764395113823,10000,10000,True,False,True,/content/cv3d-project/data/cache/reconstruction/predictions/02958343/171c20ce4de5ee8730f65ce13e7c1910/dde928e5a88ad8f2ced6466d.npz,0e08c21d3e55082190a0b0d0030c697fbdbefc416ac40bcf18b0a385d30a9623,/content/cv3d-project/data/cache/reconstruction/metrics/02958343/171c20ce4de5ee8730f65ce13e7c1910/598b0daa2b49433e9b072118.json,11.487532000046485
02958343/171c20ce4de5ee8730f65ce13e7c1910,farthest,5,"[0, 46, 18, 28, 16]",0.1556135524959469,0.25775934923879995,0.359905145981653,0.05190035486160397,0.0,0.0,1.952986577515725,0.1066,0.0,0.0,0.0343,0.0,0.0,camera_pose_sim3,2.213787301551418,0.7210728602002225,10000,10000,True,False,True,/content/cv3d-project/data/cache/reconstruction/predictions/02958343/171c20ce4de5ee8730f65ce13e7c1910/902205411c24d1cbeeb55f63.npz,8a0cfaae48133fd60bdeecf96363fccf06b389d6fd4874402225f06a356ac270,/content/cv3d-project/data/cache/reconstruction/metrics/02958343/171c20ce4de5ee8730f65ce13e7c1910/eb5e579736ba15376e09383c.json,11.450702999809437
02958343/171c20ce4de5ee8730f65ce13e7c1910,farthest,10,"[0, 46, 18, 28, 16, 30, 2, 44, 13, 33]",0.03637474745707774,0.13266020073273693,0.22894565400839614,0.28296703296703296,0.02810119131044149,0.05587372013651876,1.952986577515725,1.0,0.1269,0.321,0.1648,0.0158,0.0306,camera_pose_sim3,1.5484612722039288,0.9328084976039697,10000,10000,True,False,True,/content/cv3d-project/data/cache/reconstruction/predictions/02958343/171c20ce4de5ee8730f65ce13e7c1910/f5678533b2fba0656cb74002.npz,506b3fc690c5988c1eb3c13bd76d6fb8cfc3efd7944301e393686ee1373283ec,/content/cv3d-project/data/cache/reconstruction/metrics/02958343/171c20ce4de5ee8730f65ce13e7c1910/0fcae33e919350006b07bee0.json,12.010249000013573
02958343/1724ae84377e0b9ba6c2c95b41a5446d,farthest,1,[0],3.123573309010984,3.3429957317913495,3.5624181545717155,0.0,0.0,0.0,1.976349977896568,0.0,0.0,0.0,0.0,0.0,0.0,camera_rotation_center_and_target_diameter_scale_single_view,10.021640095703946,0.0,10000,10000,True,True,True,/content/cv3d-project/data/cache/reconstruction/predictions/02958343/1724ae84377e0b9ba6c2c95b41a5446d/406e590ddbad8041f13afd20.npz,d842d1abed6fd87aaea8445213f2f6492015338b363adbaa3227ceccc1e336ff,/content/cv3d-project/data/cache/reconstruction/metrics/02958343/1724ae84377e0b9ba6c2c95b41a5446d/3c9e0ca964a009ce1d467797.json,3.75772200004576
02958343/1724ae84377e0b9ba6c2c95b41a5446d,farthest,2,"[0, 46]",0.03413075063921613,0.09868527183145774,0.16323979302369934,0.45498125643666326,0.016761451001624256,0.0481511500547645,1.976349977896568,0.9646,0.1759,0.431,0.2977,0.0088,0.0255,camera_pose_sim3,2.7336936454692924,0.07404012021827734,10000,10000,True,True,True,/content/cv3d-project/data/cache/reconstruction/predictions/02958343/1724ae84377e0b9ba6c2c95b41a5446d/7da001c81afd36202568f2a7.npz,6c3711be52b58b2ac584a4653f1475d94242b11228f1a1b0303f8391ab34de93,/content/cv3d-project/data/cache/reconstruction/metrics/02958343/1724ae84377e0b9ba6c2c95b41a5446d/31e807f0ddcdaecce90513c9.json,2.4319320000358857
02958343/1724ae84377e0b9ba6c2c95b41a5446d,farthest,3,"[0, 46, 18]",0.41075464656363464,0.4909442698405996,0.5711338931175645,0.0,0.0,0.0,1.976349977896568,0.0,0.0,0.0,0.0,0.0,0.0,camera_pose_sim3,2.218642785472297,0.8793524118253346,10000,10000,True,False,True,/content/cv3d-project/data/cache/reconstruction/predictions/02958343/1724ae84377e0b9ba6c2c95b41a5446d/17dd192fe63098dc263139ab.npz,ca3477e628238c691c8543ce8dd2edaad7d56c4286d9c698714739fe22889e57,/content/cv3d-project/data/cache/reconstruction/metrics/02958343/1724ae84377e0b9ba6c2c95b41a5446d/45506891da639aeaf83ee217.json,11.99610899993786
02958343/1724ae84377e0b9ba6c2c95b41a5446d,farthest,5,"[0, 46, 18, 28, 16]",0.01572706144272091,0.06815154786426578,0.12057603428581064,0.6746189529489729,0.06884874629280129,0.1517007874015748,1.976349977896568,1.0,0.3325,0.741,0.509,0.0384,0.0845,camera_pose_sim3,2.66743519421487,0.2804796894856772,10000,10000,True,False,True,/content/cv3d-project/data/cache/reconstruction/predictions/02958343/1724ae84377e0b9ba6c2c95b41a5446d/428099c13ebf6c0c4dbfdef9.npz,45777a5422075bb65979f459a5c400e8a2633f9b402c9a9aeafc4e9acc1b28a3,/content/cv3d-project/data/cache/reconstruction/metrics/02958343/1724ae84377e0b9ba6c2c95b41a5446d/dfc494f11f1c960c63dd458c.json,11.927462000130618
02958343/1724ae84377e0b9ba6c2c95b41a5446d,farthest,10,"[0, 46, 18, 28, 16, 30, 2, 44, 13, 33]",0.035881138533894345,0.09523552875931666,0.15458991898473898,0.4528506227276244,0.052898940809968854,0.10891391144878176,1.976349977896568,1.0,0.1271,0.3159,0.2927,0.0334,0.0658,camera_pose_sim3,2.155654318752389,0.5977244844473382,10000,10000,True,False,True,/content/cv3d-project/data/cache/reconstruction/predictions/02958343/1724ae84377e0b9ba6c2c95b41a5446d/d2e387e5e58bc774f8f89a1c.npz,d80c3020cbba13e206cad338db223dbf7823a7d750b9d40fede0cad64d3ad16a,/content/cv3d-project/data/cache/reconstruction/metrics/02958343/1724ae84377e0b9ba6c2c95b41a5446d/6cac2bbd97dae183df22828f.json,11.834522999834007
02958343/173669aeeba92aaec4929b8bd41b8bc6,farthest,1,[0],2.2754225040834837,2.4798906187992134,2.684358733514943,0.0,0.0,0.0,1.977459385979365,0.0,0.0,0.0,0.0,0.0,0.0,camera_rotation_center_and_target_diameter_scale_single_view,8.23455010490736,0.0,10000,10000,True,True,True,/content/cv3d-project/data/cache/reconstruction/predictions/02958343/173669aeeba92aaec4929b8bd41b8bc6/b3e9c0fdee2f63b96e376122.npz,43a8d95c99ea508bdea1325ceff75525cbe1a787394ea742e62e957f2622676b,/content/cv3d-project/data/cache/reconstruction/metrics/02958343/173669aeeba92aaec4929b8bd41b8bc6/aaf7ff1475d299fce960d87e.json,3.8058920004004904
02958343/173669aeeba92aaec4929b8bd41b8bc6,farthest,2,"[0, 46]",1.2294916908775733,1.3032987975297825,1.377105904181992,0.0,0.0,0.0,1.977459385979365,0.0,0.0,0.0,0.0,0.0,0.0,camera_pose_sim3,2.441161043591387,0.915896054267201,10000,10000,True,False,True,/content/cv3d-project/data/cache/reconstruction/predictions/02958343/173669aeeba92aaec4929b8bd41b8bc6/e8e548b65e14b1060c323097.npz,f8502bc8d128a0fde953122e82afc570924b7c56e4a97fad8705e66c1c670497,/content/cv3d-project/data/cache/reconstruction/metrics/02958343/173669aeeba92aaec4929b8bd41b8bc6/ad081ed156edddbb048059e3.json,11.539709999851766
02958343/173669aeeba92aaec4929b8bd41b8bc6,farthest,3,"[0, 46, 18]",0.47097079265226466,0.6283027519720342,0.7856347112918038,0.0,0.0,0.0,1.977459385979365,0.0,0.0,0.0,0.0,0.0,0.0,camera_pose_sim3,1.2509361829630288,1.2375264071261374,10000,10000,True,False,True,/content/cv3d-project/data/cache/reconstruction/predictions/02958343/173669aeeba92aaec4929b8bd41b8bc6/db341a1f6ea95f7cd9c7fad4.npz,a0c596a3da8b5b6bfde1ebbc95c4c583142275d077210339a30ffe2f4d2b8135,/content/cv3d-project/data/cache/reconstruction/metrics/02958343/173669aeeba92aaec4929b8bd41b8bc6/80d425604d16064701136383.json,11.214977000236104
02958343/173669aeeba92aaec4929b8bd41b8bc6,farthest,5,"[0, 46, 18, 28, 16]",0.037465446022085507,0.17231555606353333,0.30716566610498114,0.10480432104614802,0.0015721739130434783,0.006518640268957788,1.977459385979365,1.0,0.0452,0.2644,0.0553,0.0008,0.0033,camera_pose_sim3,0.7017794597755859,1.3336463182719165,10000,10000,True,False,True,/content/cv3d-project/data/cache/reconstruction/predictions/02958343/173669aeeba92aaec4929b8bd41b8bc6/54ce65f7658164adf4997a47.npz,a74fca85d9b4a35eab5fb83b5cf1767a21be08f4a903c96d0acfbc19d0560ff6,/content/cv3d-project/data/cache/reconstruction/metrics/02958343/173669aeeba92aaec4929b8bd41b8bc6/254a23658432a9baeea773ba.json,11.59169299990026
02958343/173669aeeba92aaec4929b8bd41b8bc6,farthest,10,"[0, 46, 18, 28, 16, 30, 2, 44, 13, 33]",0.06116077961287692,0.1698495252485504,0.2785382708842239,0.2503947736715504,0.02245134788189987,0.04873271119842829,1.977459385979365,0.7649,0.0643,0.1753,0.1497,0.0136,0.0283,camera_pose_sim3,2.071749012590017,0.9116493805263916,10000,10000,True,False,True,/content/cv3d-project/data/cache/reconstruction/predictions/02958343/173669aeeba92aaec4929b8bd41b8bc6/68c6baff3090ffb55cdc89d6.npz,96506567bb0d3be00629e1bc2067de0f21a9b1956a488cb4dbdb6bd967244b74,/content/cv3d-project/data/cache/reconstruction/metrics/02958343/173669aeeba92aaec4929b8bd41b8bc6/60311559dc8502da8e970d95.json,12.895718999970995
02958343/17457b1f42019702618e9d35559b7aa,farthest,1,[0],3.084697849142993,3.2957909675669312,3.5068840859908694,0.0,0.0,0.0,1.9780159587369315,0.0,0.0,0.0,0.0,0.0,0.0,camera_rotation_center_and_target_diameter_scale_single_view,10.078364868001504,0.0,10000,10000,True,True,True,/content/cv3d-project/data/cache/reconstruction/predictions/02958343/17457b1f42019702618e9d35559b7aa/e88fa86e5a12bc9b6d583fb7.npz,d1f8a98d5aa49a414da991e586615edb0d4781a03e493771525d1529726b583d,/content/cv3d-project/data/cache/reconstruction/metrics/02958343/17457b1f42019702618e9d35559b7aa/5f2705ae11ea8a645f033867.json,3.9428259997293935
02958343/17457b1f42019702618e9d35559b7aa,farthest,2,"[0, 46]",0.012561527629432884,0.0637112100949189,0.1148608925604049,0.6637268657713636,0.03910691619202604,0.09368456451070507,1.9780159587369315,1.0,0.4712,0.8425,0.4967,0.0204,0.0496,camera_pose_sim3,2.7098896286059477,0.02194027890958517,10000,10000,True,False,True,/content/cv3d-project/data/cache/reconstruction/predictions/02958343/17457b1f42019702618e9d35559b7aa/ceaecbde2fc990b086396a5c.npz,7c8c469154d8ed27b5b2edcbd4f8b6e400a5bd22a8aeeb7dc7bc44d83ca05684,/content/cv3d-project/data/cache/reconstruction/metrics/02958343/17457b1f42019702618e9d35559b7aa/6bd7865591c2ba2a10abc704.json,11.762281999835977
02958343/17457b1f42019702618e9d35559b7aa,farthest,3,"[0, 46, 18]",0.204249141120035,0.33150595202193306,0.4587627629238311,0.0,0.0,0.0,1.9780159587369315,0.0,0.0,0.0,0.0,0.0,0.0,camera_pose_sim3,1.6279276363040052,0.9158122780886765,10000,10000,True,False,True,/content/cv3d-project/data/cache/reconstruction/predictions/02958343/17457b1f42019702618e9d35559b7aa/82eb2f22d89fb607321a9823.npz,202180418104eda22132d03a2b4f666b17bfbdbc597986ceabb4e093408d63da,/content/cv3d-project/data/cache/reconstruction/metrics/02958343/17457b1f42019702618e9d35559b7aa/8fb8ce401b3a4f6fc4af4342.json,11.419032000048901
02958343/17457b1f42019702618e9d35559b7aa,farthest,5,"[0, 46, 18, 28, 16]",0.08738843544738166,0.2406746491384493,0.3939608628295169,0.04754587945879459,0.0,0.0,1.9780159587369315,0.7071,0.0,0.0,0.0246,0.0,0.0,camera_pose_sim3,1.029512466221968,1.2115223307492118,10000,10000,True,False,True,/content/cv3d-project/data/cache/reconstruction/predictions/02958343/17457b1f42019702618e9d35559b7aa/1d52ae271db25812d0b7ccb6.npz,55d35e4044813b52aaad24512d9ed007ddbabfa45ab4f6db8cb973b2129b6364,/content/cv3d-project/data/cache/reconstruction/metrics/02958343/17457b1f42019702618e9d35559b7aa/074c04b544da94b06d31c394.json,11.462288000075205
02958343/17457b1f42019702618e9d35559b7aa,farthest,10,"[0, 46, 18, 28, 16, 30, 2, 44, 13, 33]",0.013789695834397339,0.039545944104611215,0.0653021923748251,0.8496491429886116,0.19108220211161386,0.3749198471147572,1.9780159587369315,1.0,0.4054,0.8306,0.7386,0.125,0.2421,camera_pose_sim3,2.4227742661724734,0.14313131373385077,10000,10000,True,False,True,/content/cv3d-project/data/cache/reconstruction/predictions/02958343/17457b1f42019702618e9d35559b7aa/89025872be8da452cbb50d90.npz,0a1e8ae1b3aef3dfefd01196223b2a459227709da6a8394997b841163a42c23d,/content/cv3d-project/data/cache/reconstruction/metrics/02958343/17457b1f42019702618e9d35559b7aa/a2948d4cd1abbd886d94de6e.json,11.984709999978804
02958343/174f1a421f652029d577c0ac53e96823,farthest,1,[0],2.8317611966919882,3.036534631387443,3.2413080660828975,0.0,0.0,0.0,1.9924913175480705,0.0,0.0,0.0,0.0,0.0,0.0,camera_rotation_center_and_target_diameter_scale_single_view,9.628100753771982,0.0,10000,10000,True,True,True,/content/cv3d-project/data/cache/reconstruction/predictions/02958343/174f1a421f652029d577c0ac53e96823/207f6a8bfede5b8261257473.npz,9201ffd62495223f20ad57f6e60db005835cb4b612ea82288aa9b698517ed674,/content/cv3d-project/data/cache/reconstruction/metrics/02958343/174f1a421f652029d577c0ac53e96823/512768969993fed5b068bc8b.json,3.7734119996457594
02958343/174f1a421f652029d577c0ac53e96823,farthest,2,"[0, 46]",0.056480915735672266,0.12341416659640085,0.19034741745712944,0.38683483135208274,0.018333219954648525,0.046399890320811626,1.9924913175480705,0.7772,0.1667,0.3398,0.2575,0.0097,0.0249,camera_pose_sim3,2.6562736996563756,0.12079906620942076,10000,10000,True,False,True,/content/cv3d-project/data/cache/reconstruction/predictions/02958343/174f1a421f652029d577c0ac53e96823/95527decff4cc54c413ba34d.npz,75f5cbbab580f601529bae29c66c9e08ac8281f8f9e3d10c2de406447fab08a4,/content/cv3d-project/data/cache/reconstruction/metrics/02958343/174f1a421f652029d577c0ac53e96823/f7bffd26f22dff1886e7f97f.json,11.92673699961233
02958343/174f1a421f652029d577c0ac53e96823,farthest,3,"[0, 46, 18]",2.4352595000778603,2.5855743042591834,2.7358891084405066,0.0,0.0,0.0,1.9924913175480705,0.0,0.0,0.0,0.0,0.0,0.0,camera_pose_sim3_positive_scale_fallback,3.5871275920306225,0.8855459819673527,10000,10000,True,False,True,/content/cv3d-project/data/cache/reconstruction/predictions/02958343/174f1a421f652029d577c0ac53e96823/a418722a8da3c1c388630837.npz,3d566c86dfbe3b458d912f9525f893cc84dde453fa6ea6cd03af861e74476fc5,/content/cv3d-project/data/cache/reconstruction/metrics/02958343/174f1a421f652029d577c0ac53e96823/08341f967629262844d1ce09.json,12.32833899985053
02958343/174f1a421f652029d577c0ac53e96823,farthest,5,"[0, 46, 18, 28, 16]",0.18433758282066573,0.3133303141505162,0.4423230454803667,0.03735511498810468,0.0,0.0,1.9924913175480705,0.1033,0.0,0.0,0.0228,0.0,0.0,camera_pose_sim3,1.7167731556938444,0.9518292832148675,10000,10000,True,False,True,/content/cv3d-project/data/cache/reconstruction/predictions/02958343/174f1a421f652029d577c0ac53e96823/fbdff32f35ca70e80704dd47.npz,33092b2bab8608ac47c79a2746537486d2237c3609782bd8c49e3582ac1e9679,/content/cv3d-project/data/cache/reconstruction/metrics/02958343/174f1a421f652029d577c0ac53e96823/56bddb83bd37c11ec69123b7.json,12.173007000001235
02958343/174f1a421f652029d577c0ac53e96823,farthest,10,"[0, 46, 18, 28, 16, 30, 2, 44, 13, 33]",0.012596240153162902,0.047775625041309486,0.08295500992945606,0.8209632730059542,0.20878441676792223,0.32458179318471964,1.9924913175480705,1.0,0.5283,0.8157,0.6963,0.1301,0.2026,camera_pose_sim3,2.3081789806672046,0.2753696348576151,10000,10000,True,False,True,/content/cv3d-project/data/cache/reconstruction/predictions/02958343/174f1a421f652029d577c0ac53e96823/2591c74f26df3dd8c08e414f.npz,e0276b5f8d8029f171f858b26cf6fc3c00af5d36483b649ea37cad84b5f3d1f5,/content/cv3d-project/data/cache/reconstruction/metrics/02958343/174f1a421f652029d577c0ac53e96823/4b2dbef4827b5f8eb91df73e.json,12.15791899994656
02958343/175a289947f549b0e088606e38104b2,farthest,1,[0],5.655381941401562,5.861508114284022,6.067634287166482,0.0,0.0,0.0,1.992667144653075,0.0,0.0,0.0,0.0,0.0,0.0,camera_rotation_center_and_target_diameter_scale_single_view,15.029211175274112,0.0,9578,10000,True,True,True,/content/cv3d-project/data/cache/reconstruction/predictions/02958343/175a289947f549b0e088606e38104b2/b9854e6d42ceffb4d98ab9a5.npz,f6ec63e799e56324348c43b11b964f49c1d966110ee82342f657d547c7088442,/content/cv3d-project/data/cache/reconstruction/metrics/02958343/175a289947f549b0e088606e38104b2/62789c36adbb0ab0774a9777.json,3.7112610002623114
02958343/175a289947f549b0e088606e38104b2,farthest,2,"[0, 46]",0.01871521397804237,0.09866330061105372,0.17861138724406506,0.3343049887565587,0.023593747921516466,0.04929887068554159,1.992667144653075,1.0,0.2884,0.603,0.2007,0.0123,0.0257,camera_pose_sim3,2.8740077976215233,0.015578700407364662,10000,10000,True,False,True,/content/cv3d-project/data/cache/reconstruction/predictions/02958343/175a289947f549b0e088606e38104b2/bd34e95d51766e2e28f2cf58.npz,425cfc88c8a427ec2d9b129a2551762a67d07a78ece22d3d65f1665de9c2d792,/content/cv3d-project/data/cache/reconstruction/metrics/02958343/175a289947f549b0e088606e38104b2/91e426e89f133d2562ce8280.json,11.316213000100106
02958343/175a289947f549b0e088606e38104b2,farthest,3,"[0, 46, 18]",0.2572085576230199,0.3576932901308618,0.4581780226387038,0.0,0.0,0.0,1.992667144653075,0.0,0.0,0.0,0.0,0.0,0.0,camera_pose_sim3,2.1172565540831525,0.8115194101272918,10000,10000,True,False,True,/content/cv3d-project/data/cache/reconstruction/predictions/02958343/175a289947f549b0e088606e38104b2/8214b6b46e3b9f42a47987b5.npz,315ab947a3b3a0cca343c2d61aa9437678c300aed61121eb01a4c32cd50ba9d2,/content/cv3d-project/data/cache/reconstruction/metrics/02958343/175a289947f549b0e088606e38104b2/741f8e680d95d99448d2ffdf.json,11.358164999819564
02958343/175a289947f549b0e088606e38104b2,farthest,5,"[0, 46, 18, 28, 16]",0.02120940865090559,0.1512459278809533,0.28128244711100103,0.1816528775343213,0.002573153296266878,0.008733505066117123,1.992667144653075,1.0,0.1246,0.5779,0.0999,0.0013,0.0044,camera_pose_sim3,0.5686951876022291,1.3034572916842717,10000,10000,True,False,True,/content/cv3d-project/data/cache/reconstruction/predictions/02958343/175a289947f549b0e088606e38104b2/573181d7573f6f5f03d35ded.npz,8311030cf03b2c91f1724e59559598eb029d5f6cf4f71c7e277ac7e47e7c7e89,/content/cv3d-project/data/cache/reconstruction/metrics/02958343/175a289947f549b0e088606e38104b2/8caa212764d7fdc2441bea65.json,12.010465000003023
02958343/175a289947f549b0e088606e38104b2,farthest,10,"[0, 46, 18, 28, 16, 30, 2, 44, 13, 33]",0.05040822451358353,0.0728834769074985,0.09535872930141347,0.7653558861658127,0.007174736842105263,0.03477494600431966,1.992667144653075,1.0,0.0142,0.0694,0.6199,0.0048,0.0232,camera_pose_sim3,2.391432928352758,0.15340575784454727,10000,10000,True,False,True,/content/cv3d-project/data/cache/reconstruction/predictions/02958343/175a289947f549b0e088606e38104b2/42b67d1db1cd95eb42507739.npz,2b367ff41d7056a16105cf9b0d39249489cc9c081be8a9c2a514b7f590a231a3,/content/cv3d-project/data/cache/reconstruction/metrics/02958343/175a289947f549b0e088606e38104b2/bf6a34ca599d0ebc696523dc.json,13.014583999847673
02958343/1790131f5f74b1ed973aff268eb6b00c,farthest,1,[0],3.4248630802963507,3.6458546883782965,3.866846296460242,0.0,0.0,0.0,1.9869587944462739,0.0,0.0,0.0,0.0,0.0,0.0,camera_rotation_center_and_target_diameter_scale_single_view,10.435611289876297,0.0,10000,10000,True,True,True,/content/cv3d-project/data/cache/reconstruction/predictions/02958343/1790131f5f74b1ed973aff268eb6b00c/7dba3ce79b49b4507407705d.npz,a10f13531ea22826316398d8535dc4b0b1f7c90a0408a7dafbb55a08f0db129c,/content/cv3d-project/data/cache/reconstruction/metrics/02958343/1790131f5f74b1ed973aff268eb6b00c/b3b3b793cfff3735222b8796.json,3.9175629999590456
02958343/1790131f5f74b1ed973aff268eb6b00c,farthest,2,"[0, 46]",0.8191595708918592,0.8654550115840544,0.9117504522762495,0.0,0.0,0.0,1.9869587944462739,0.0,0.0,0.0,0.0,0.0,0.0,camera_pose_sim3,2.76419020344479,0.4841748254982495,10000,10000,True,False,True,/content/cv3d-project/data/cache/reconstruction/predictions/02958343/1790131f5f74b1ed973aff268eb6b00c/ae90a8a64e871421ac8b2d3e.npz,fbbe37d256aee8aaa1505efb6b91b089ff7b393309d420866a758d636ded879e,/content/cv3d-project/data/cache/reconstruction/metrics/02958343/1790131f5f74b1ed973aff268eb6b00c/9de127bbec461ec3fec045b4.json,12.39240399991104
02958343/1790131f5f74b1ed973aff268eb6b00c,farthest,3,"[0, 46, 18]",2.9488406164597976,3.121607437179607,3.2943742578994173,0.0,0.0,0.0,1.9869587944462739,0.0,0.0,0.0,0.0,0.0,0.0,camera_pose_sim3_positive_scale_fallback,3.983766935642967,0.2754760214826325,10000,10000,True,False,True,/content/cv3d-project/data/cache/reconstruction/predictions/02958343/1790131f5f74b1ed973aff268eb6b00c/91981cccd20d7e5df2bc1f75.npz,c053dace4c734f6e043a4a06a570e3f09042332dc4ffb4648ee56c67fabc31dd,/content/cv3d-project/data/cache/reconstruction/metrics/02958343/1790131f5f74b1ed973aff268eb6b00c/eef9e002b38bbb26f9ff733e.json,11.994043000413512
02958343/1790131f5f74b1ed973aff268eb6b00c,farthest,5,"[0, 46, 18, 28, 16]",0.9990501793128757,1.0842164237866427,1.16938266826041,0.0,0.0,0.0,1.9869587944462739,0.0,0.0,0.0,0.0,0.0,0.0,camera_pose_sim3,2.024354139009192,1.0421087419943011,10000,10000,True,False,True,/content/cv3d-project/data/cache/reconstruction/predictions/02958343/1790131f5f74b1ed973aff268eb6b00c/aaeed1ed91891221b0bbc3a7.npz,7d7f98f9cf235a2393de225925652e810db578b9c86f3e31d9b2802dfa2a45d3,/content/cv3d-project/data/cache/reconstruction/metrics/02958343/1790131f5f74b1ed973aff268eb6b00c/b812c7b81630efa651541628.json,11.351064999871596
02958343/1790131f5f74b1ed973aff268eb6b00c,farthest,10,"[0, 46, 18, 28, 16, 30, 2, 44, 13, 33]",0.20777228662068062,0.2750532045836476,0.34233412254661466,0.006698611111111112,0.0,0.0,1.9869587944462739,0.0091,0.0,0.0,0.0053,0.0,0.0,camera_pose_sim3,2.203906404718891,0.6753417070123092,10000,10000,True,False,True,/content/cv3d-project/data/cache/reconstruction/predictions/02958343/1790131f5f74b1ed973aff268eb6b00c/c5fd392f1fb741bac7d528ea.npz,79ea65f933081378a3ff20c903a8e07f2b070950967156909f29f5a08399d4eb,/content/cv3d-project/data/cache/reconstruction/metrics/02958343/1790131f5f74b1ed973aff268eb6b00c/50de2f38bc15a9c2ba03ceab.json,11.773026000355458
02958343/17926c1ef484b73e6758a098566bc94e,farthest,1,[0],3.793988985436935,4.0098271673268,4.225665349216666,0.0,0.0,0.0,1.96736971763819,0.0,0.0,0.0,0.0,0.0,0.0,camera_rotation_center_and_target_diameter_scale_single_view,11.50512485302612,0.0,10000,10000,True,True,True,/content/cv3d-project/data/cache/reconstruction/predictions/02958343/17926c1ef484b73e6758a098566bc94e/491ab0730a655be111f0c853.npz,dd59677af51f6f2cebe0e3b8a102834106f9c58d327a9da678e93400f9dfa517,/content/cv3d-project/data/cache/reconstruction/metrics/02958343/17926c1ef484b73e6758a098566bc94e/e815d1b12a2a312c24cf15ab.json,3.7225350001790503
02958343/17926c1ef484b73e6758a098566bc94e,farthest,2,"[0, 46]",0.01922316873930613,0.08717203461328014,0.15512090048725416,0.3994878361075544,0.02005739787161002,0.048547761411696075,1.96736971763819,1.0,0.2809,0.6605,0.2496,0.0104,0.0252,camera_pose_sim3,2.9769274154062524,0.060071069164458105,10000,10000,True,False,True,/content/cv3d-project/data/cache/reconstruction/predictions/02958343/17926c1ef484b73e6758a098566bc94e/da0ddd26c6f0a75bea229eda.npz,9cffe330c0eee4a4a5bd39aeb4b69d7fad97e9c6ce1e60a48aa9055234119c64,/content/cv3d-project/data/cache/reconstruction/metrics/02958343/17926c1ef484b73e6758a098566bc94e/583d6e37bac4e9fa1a80ab9b.json,11.326595999889832
02958343/17926c1ef484b73e6758a098566bc94e,farthest,3,"[0, 46, 18]",0.2283204482562663,0.3227822822884653,0.4172441163206642,0.0,0.0,0.0,1.96736971763819,0.0,0.0,0.0,0.0,0.0,0.0,camera_pose_sim3,1.8406948983668783,0.9068294767873133,10000,10000,True,False,True,/content/cv3d-project/data/cache/reconstruction/predictions/02958343/17926c1ef484b73e6758a098566bc94e/6f4b0abca7da455d5e8165f0.npz,1a728b651f383d319915d6a59ca29c110231b2b9898d1ec5337a2719eb3b91ab,/content/cv3d-project/data/cache/reconstruction/metrics/02958343/17926c1ef484b73e6758a098566bc94e/1f75aa6bef5a1e8aace1b1f0.json,12.170613999842317
02958343/17926c1ef484b73e6758a098566bc94e,farthest,5,"[0, 46, 18, 28, 16]",0.07698797296270875,0.24121617254059527,0.4054443721184818,0.047047141722905916,0.0,0.0,1.96736971763819,0.9835,0.0,0.0,0.0241,0.0,0.0,camera_pose_sim3,0.9195993256842855,1.2753796208655892,10000,10000,True,False,True,/content/cv3d-project/data/cache/reconstruction/predictions/02958343/17926c1ef484b73e6758a098566bc94e/c503e8c410d116fd42027679.npz,02aa4de87759afbcefac9823ebdc19cc439c6dc278d7479f6dc1aa3581c32711,/content/cv3d-project/data/cache/reconstruction/metrics/02958343/17926c1ef484b73e6758a098566bc94e/02e88e75b388476f2d221db7.json,12.476454000079684
02958343/17926c1ef484b73e6758a098566bc94e,farthest,10,"[0, 46, 18, 28, 16, 30, 2, 44, 13, 33]",1.3491178821753207,1.3934976376830397,1.4378773931907585,0.0,0.0,0.0,1.96736971763819,0.0,0.0,0.0,0.0,0.0,0.0,camera_pose_sim3,1.8307932266489082,1.240636488318391,10000,10000,True,False,True,/content/cv3d-project/data/cache/reconstruction/predictions/02958343/17926c1ef484b73e6758a098566bc94e/086e04312785187cac3f7771.npz,f702828576f48ae291f7f440e083842b62375f94e8bd49999fea84d51a875481,/content/cv3d-project/data/cache/reconstruction/metrics/02958343/17926c1ef484b73e6758a098566bc94e/a45f82d4e9cdd4572793d6e9.json,13.114956000208622
02958343/17c32e15723ed6e0cd0bf4a0e76b8df5,farthest,1,[0],6.488326844240351,6.719795967083235,6.951265089926119,0.0,0.0,0.0,1.9943681051517153,0.0,0.0,0.0,0.0,0.0,0.0,camera_rotation_center_and_target_diameter_scale_single_view,16.86268733281867,0.0,3673,10000,True,True,True,/content/cv3d-project/data/cache/reconstruction/predictions/02958343/17c32e15723ed6e0cd0bf4a0e76b8df5/2d1f819e62fe7d4321846839.npz,6071ae51fe147835f021b6bd3f2609b788b26cc4e87c958c5c30d104592c703e,/content/cv3d-project/data/cache/reconstruction/metrics/02958343/17c32e15723ed6e0cd0bf4a0e76b8df5/43cc23cb33c7f99edaa66c26.json,3.115716000138491
02958343/17c32e15723ed6e0cd0bf4a0e76b8df5,farthest,2,"[0, 46]",0.9124845384883199,0.9534810799102778,0.9944776213322356,0.0,0.0,0.0,1.9943681051517153,0.0,0.0,0.0,0.0,0.0,0.0,camera_pose_sim3,3.2900653182991166,0.23013271977593164,7413,10000,True,False,True,/content/cv3d-project/data/cache/reconstruction/predictions/02958343/17c32e15723ed6e0cd0bf4a0e76b8df5/62ba22d0b061715e5692b126.npz,d2dbc81e8cec1b6ac353fe2bb58a969417bebc7c207ef6fd464236bb1e0490e1,/content/cv3d-project/data/cache/reconstruction/metrics/02958343/17c32e15723ed6e0cd0bf4a0e76b8df5/44ab5d9a5b77d619ca652c49.json,10.85302599994975
02958343/17c32e15723ed6e0cd0bf4a0e76b8df5,farthest,3,"[0, 46, 18]",3.544693030138992,3.7432174479917366,3.9417418658444814,0.0,0.0,0.0,1.9943681051517153,0.0,0.0,0.0,0.0,0.0,0.0,camera_pose_sim3_positive_scale_fallback,5.200642802997011,0.9410856127289712,10000,10000,True,False,True,/content/cv3d-project/data/cache/reconstruction/predictions/02958343/17c32e15723ed6e0cd0bf4a0e76b8df5/759d51c2c3f876526af094c8.npz,b8b724bfcfcde7ec55dda9928399e5a5cf79ab06e1e87c646df20b5db65c19fb,/content/cv3d-project/data/cache/reconstruction/metrics/02958343/17c32e15723ed6e0cd0bf4a0e76b8df5/177cb65b56e2e5cec2f18a95.json,11.603453000134323
02958343/17c32e15723ed6e0cd0bf4a0e76b8df5,farthest,5,"[0, 46, 18, 28, 16]",0.24011979469745115,0.34217413318176937,0.44422847166608764,0.0,0.0,0.0,1.9943681051517153,0.0,0.0,0.0,0.0,0.0,0.0,camera_pose_sim3,0.7489900702845544,1.3229571153949051,10000,10000,True,False,True,/content/cv3d-project/data/cache/reconstruction/predictions/02958343/17c32e15723ed6e0cd0bf4a0e76b8df5/522be4b6e52f9aa6f50b8a58.npz,aea8d044a08e7ca4eb8ed8b3728542663a34293d38aeeb678e61f13a22e8b116,/content/cv3d-project/data/cache/reconstruction/metrics/02958343/17c32e15723ed6e0cd0bf4a0e76b8df5/5308f33ad3a1b6da52428213.json,11.603566999838222
02958343/17c32e15723ed6e0cd0bf4a0e76b8df5,farthest,10,"[0, 46, 18, 28, 16, 30, 2, 44, 13, 33]",0.897078177002812,0.9215126168268148,0.9459470566508176,0.0,0.0,0.0,1.9943681051517153,0.0,0.0,0.0,0.0,0.0,0.0,camera_pose_sim3,2.3916845834078497,0.9159453259495256,10000,10000,True,False,True,/content/cv3d-project/data/cache/reconstruction/predictions/02958343/17c32e15723ed6e0cd0bf4a0e76b8df5/1f79629c698e2e05dc25259c.npz,2468076bfef5df7efed2ea9de537916ad5bffde03156f08cc3d6369c988a15d5,/content/cv3d-project/data/cache/reconstruction/metrics/02958343/17c32e15723ed6e0cd0bf4a0e76b8df5/8f39c65ecaa0aba57000534e.json,12.259701999937533
02958343/17e146cb10c72fcfa2b80c598d71bf14,farthest,1,[0],1.3457920930041094,1.5177237338919216,1.689655374779734,0.0,0.0,0.0,1.9211960992533328,0.0,0.0,0.0,0.0,0.0,0.0,camera_rotation_center_and_target_diameter_scale_single_view,6.3330136032627955,0.0,10000,10000,True,True,True,/content/cv3d-project/data/cache/reconstruction/predictions/02958343/17e146cb10c72fcfa2b80c598d71bf14/1eaed05a3241ebe973d16d6d.npz,394822e38596fafd64858c6843374d1316fd737cd8cc9fa7bf58b9fcaf5a02e3,/content/cv3d-project/data/cache/reconstruction/metrics/02958343/17e146cb10c72fcfa2b80c598d71bf14/345a48461d3f3e042844cad8.json,3.795006000018475
02958343/17e146cb10c72fcfa2b80c598d71bf14,farthest,2,"[0, 46]",0.04077077126582649,0.10328366411698901,0.16579655696815154,0.3543550091681947,0.010800763844684914,0.03315844858689116,1.9211960992533328,0.9837,0.1515,0.3151,0.2161,0.0056,0.0175,camera_pose_sim3,2.6905954930379568,0.03347856486401023,10000,10000,True,False,True,/content/cv3d-project/data/cache/reconstruction/predictions/02958343/17e146cb10c72fcfa2b80c598d71bf14/6dcfa4425bba8d8fda32fecf.npz,f649b03f4c55717513cacd7bd1d8c1b291553c8b839cba29269da4befea13cea,/content/cv3d-project/data/cache/reconstruction/metrics/02958343/17e146cb10c72fcfa2b80c598d71bf14/d1ead416aa87bcb6abe06665.json,12.123818999953073
02958343/17e146cb10c72fcfa2b80c598d71bf14,farthest,3,"[0, 46, 18]",0.13220015636859375,0.32415623115511677,0.5161123059416398,0.0143260926006058,0.0,0.0,1.9211960992533328,0.2237,0.0,0.0,0.0074,0.0,0.0,camera_pose_sim3,1.2772602221870928,1.028006020426205,10000,10000,True,False,True,/content/cv3d-project/data/cache/reconstruction/predictions/02958343/17e146cb10c72fcfa2b80c598d71bf14/f481639f75c62fbc3a41eb4f.npz,f6697f4f7b813281ab80a73e20b00bb4ba4356391a0ccec97299daca71ed1eb4,/content/cv3d-project/data/cache/reconstruction/metrics/02958343/17e146cb10c72fcfa2b80c598d71bf14/26a937125fb9efc0616de6c1.json,12.355161999948905
02958343/17e146cb10c72fcfa2b80c598d71bf14,farthest,5,"[0, 46, 18, 28, 16]",0.05106727583238578,0.15135916820569223,0.25165106057899866,0.12203928929933747,0.008704251968503938,0.020791885714285713,1.9211960992533328,0.9309,0.0588,0.1639,0.0653,0.0047,0.0111,camera_pose_sim3,1.9826392929945846,0.9227979399237919,10000,10000,True,False,True,/content/cv3d-project/data/cache/reconstruction/predictions/02958343/17e146cb10c72fcfa2b80c598d71bf14/8fcc786832c3b83b60ff0795.npz,ea58022294066e0b0acd5efc6c3af6ccc015e29c20775d6639aca1d61e99a18b,/content/cv3d-project/data/cache/reconstruction/metrics/02958343/17e146cb10c72fcfa2b80c598d71bf14/d273c1567677263ac383c1cb.json,12.42846200011627
02958343/17e146cb10c72fcfa2b80c598d71bf14,farthest,10,"[0, 46, 18, 28, 16, 30, 2, 44, 13, 33]",0.21479333737878384,0.31365646012785686,0.41251958287692986,0.0,0.0,0.0,1.9211960992533328,0.0,0.0,0.0,0.0,0.0,0.0,camera_pose_sim3,2.056809066032239,0.9053892777971484,10000,10000,True,False,True,/content/cv3d-project/data/cache/reconstruction/predictions/02958343/17e146cb10c72fcfa2b80c598d71bf14/ad803d03bdab4e30b1d24673.npz,b64d0af9f2d68a6a37ec55e5eccf91b8a10c91dacfeaf31a124e5dfb11aced89,/content/cv3d-project/data/cache/reconstruction/metrics/02958343/17e146cb10c72fcfa2b80c598d71bf14/23924d3594070a627a26a06e.json,12.85095299999739
02958343/18244d93dbd2afbebda733a39f84326d,farthest,1,[0],2.928238960756665,3.129232664868897,3.3302263689811284,0.0,0.0,0.0,1.9889489002009226,0.0,0.0,0.0,0.0,0.0,0.0,camera_rotation_center_and_target_diameter_scale_single_view,9.50099379436314,0.0,9754,10000,True,True,True,/content/cv3d-project/data/cache/reconstruction/predictions/02958343/18244d93dbd2afbebda733a39f84326d/ab312bfd45e42e7135bc9d5d.npz,4b01a268666cf70f7008450961af5ec3b8e73999eaf8f47e6bc459712b09f262,/content/cv3d-project/data/cache/reconstruction/metrics/02958343/18244d93dbd2afbebda733a39f84326d/b261444879577f63663c7545.json,3.810644000168395
02958343/18244d93dbd2afbebda733a39f84326d,farthest,2,"[0, 46]",0.029011626155064783,0.10999090652103764,0.1909701868870105,0.40675535728511114,0.014046249139710944,0.0385757349011224,1.9889489002009226,1.0,0.1379,0.3538,0.2553,0.0074,0.0204,camera_pose_sim3,2.7104408590466336,0.02718180979788565,10000,10000,True,False,True,/content/cv3d-project/data/cache/reconstruction/predictions/02958343/18244d93dbd2afbebda733a39f84326d/a85114eb4f4d2994cb0ce3d0.npz,1fbca39d63bed90da5e7537f60b036bc03506ef5b8c9f91e49691463d16ad35f,/content/cv3d-project/data/cache/reconstruction/metrics/02958343/18244d93dbd2afbebda733a39f84326d/5861e853fec3f36b1521b492.json,11.79550200004087
02958343/18244d93dbd2afbebda733a39f84326d,farthest,3,"[0, 46, 18]",0.38025905406282046,0.4450318779560756,0.5098047018493308,0.0,0.0,0.0,1.9889489002009226,0.0,0.0,0.0,0.0,0.0,0.0,camera_pose_sim3,2.2404329944326618,0.842839527883058,10000,10000,True,False,True,/content/cv3d-project/data/cache/reconstruction/predictions/02958343/18244d93dbd2afbebda733a39f84326d/9f2e6985c8ba486267289554.npz,814335bcbf42c9f376b2a89e41537b0dabfc682f3547f2ed037ac972c3799c3a,/content/cv3d-project/data/cache/reconstruction/metrics/02958343/18244d93dbd2afbebda733a39f84326d/29faf76f5c522c7de24c6c56.json,11.68048199997429
02958343/18244d93dbd2afbebda733a39f84326d,farthest,5,"[0, 46, 18, 28, 16]",0.1642885415082465,0.30584918662403837,0.44740983173983023,0.0,0.0,0.0,1.9889489002009226,0.0,0.0,0.0,0.0,0.0,0.0,camera_pose_sim3,1.1930242834493776,1.1824323703487443,10000,10000,True,False,True,/content/cv3d-project/data/cache/reconstruction/predictions/02958343/18244d93dbd2afbebda733a39f84326d/6762b09f4e96ce1b5d437cff.npz,089cf6fcaee51330d914f807e904e92b1dcfab7dabdee800bd9127db1d2f98ed,/content/cv3d-project/data/cache/reconstruction/metrics/02958343/18244d93dbd2afbebda733a39f84326d/bb6fc41b032c33e1300e4c31.json,12.146695000410546
02958343/18244d93dbd2afbebda733a39f84326d,farthest,10,"[0, 46, 18, 28, 16, 30, 2, 44, 13, 33]",0.016266812783134032,0.051560551370080906,0.08685428995702778,0.731125491688872,0.1209331231941161,0.25218846108281007,1.9889489002009226,1.0,0.3053,0.6898,0.5762,0.0754,0.1543,camera_pose_sim3,2.344169595988022,0.15771277181467053,10000,10000,True,False,True,/content/cv3d-project/data/cache/reconstruction/predictions/02958343/18244d93dbd2afbebda733a39f84326d/ad8ab2eed32ce5dfaaef4f24.npz,173f1e74b85658e5a1d463849806715213641f5f1788680ca9f0b93aca60fbee,/content/cv3d-project/data/cache/reconstruction/metrics/02958343/18244d93dbd2afbebda733a39f84326d/3f7ccf91b95d1c9b580b73ea.json,12.369618999855447
02958343/186646b16a670b7d69a949ac99a843c4,farthest,1,[0],2.3485494514433256,2.555745480079602,2.7629415087158775,0.0,0.0,0.0,1.9832237746841317,0.0,0.0,0.0,0.0,0.0,0.0,camera_rotation_center_and_target_diameter_scale_single_view,8.581940861021737,0.0,8830,10000,True,True,True,/content/cv3d-project/data/cache/reconstruction/predictions/02958343/186646b16a670b7d69a949ac99a843c4/482fb991756c08182d2f3385.npz,f7693f872b336262a948f0ca3fb054adbc8de2e681a1cecf5dbe9db1346c62fa,/content/cv3d-project/data/cache/reconstruction/metrics/02958343/186646b16a670b7d69a949ac99a843c4/41ee37cbb85a34b763cd9553.json,3.7449540000125126
02958343/186646b16a670b7d69a949ac99a843c4,farthest,2,"[0, 46]",0.02872228629815517,0.06606003902757339,0.10339779175699161,0.6811737553577316,0.02714512571680635,0.08249195990616336,1.9832237746841317,1.0,0.2122,0.4232,0.5165,0.0145,0.0457,camera_pose_sim3,2.7530801972611765,0.01004532064124467,10000,10000,True,False,True,/content/cv3d-project/data/cache/reconstruction/predictions/02958343/186646b16a670b7d69a949ac99a843c4/ea201f6ce14434a48254436e.npz,ff93f361a80f550866331b65f5fae8c7880e0f9fefe709cf19e7267e4c84ec52,/content/cv3d-project/data/cache/reconstruction/metrics/02958343/186646b16a670b7d69a949ac99a843c4/9ab5cf226ffbeb6ec38c2809.json,12.140835000082006
02958343/186646b16a670b7d69a949ac99a843c4,farthest,3,"[0, 46, 18]",0.4344965122320919,0.46999485730427937,0.5054932023764668,0.0,0.0,0.0,1.9832237746841317,0.0,0.0,0.0,0.0,0.0,0.0,camera_pose_sim3,2.096660691807512,0.8811310020024627,10000,10000,True,False,True,/content/cv3d-project/data/cache/reconstruction/predictions/02958343/186646b16a670b7d69a949ac99a843c4/7016eb288bb5d27e335b36ce.npz,69e9bfec9e79f1dd6909cc03d17ffe6b3100ee3a3d290fbfe9c3e011dd8c565a,/content/cv3d-project/data/cache/reconstruction/metrics/02958343/186646b16a670b7d69a949ac99a843c4/3ff45e0e9c4237dd8ed223ff.json,12.10657599995102
02958343/186646b16a670b7d69a949ac99a843c4,farthest,5,"[0, 46, 18, 28, 16]",0.2712136611682152,0.3316942638795428,0.3921748665908704,0.0,0.0,0.0,1.9832237746841317,0.0,0.0,0.0,0.0,0.0,0.0,camera_pose_sim3,0.5747855135652318,1.318206380467131,10000,10000,True,False,True,/content/cv3d-project/data/cache/reconstruction/predictions/02958343/186646b16a670b7d69a949ac99a843c4/de1ac88fd61223ac9867edf4.npz,1c48a4b093e19e7b0ab72d2ea083f8b704cd17281c39442a644217e28aeaf50c,/content/cv3d-project/data/cache/reconstruction/metrics/02958343/186646b16a670b7d69a949ac99a843c4/fd6fa89a34ca5d47f6f852ad.json,12.279860000035114
02958343/186646b16a670b7d69a949ac99a843c4,farthest,10,"[0, 46, 18, 28, 16, 30, 2, 44, 13, 33]",0.018646507421735792,0.09975021050087157,0.18085391358000735,0.47316589052599434,0.09609762087490406,0.17907112538397094,1.9832237746841317,1.0,0.3348,0.6113,0.3099,0.0561,0.1049,camera_pose_sim3,2.083075173072575,0.8905977837081079,10000,10000,True,False,True,/content/cv3d-project/data/cache/reconstruction/predictions/02958343/186646b16a670b7d69a949ac99a843c4/0a12ae7d0616716b51c9a5b8.npz,6796b678a1e7fbe3c702b8a928f43a76dd866d647152035a729b97a673f372c4,/content/cv3d-project/data/cache/reconstruction/metrics/02958343/186646b16a670b7d69a949ac99a843c4/395c83e594965022b59fa74d.json,13.021363999996538
02958343/187b002f0af1ab5a473f10e6caaeca56,farthest,1,[0],3.6575361161414413,3.854358311259558,4.0511805063776745,0.0,0.0,0.0,1.9726864164438027,0.0,0.0,0.0,0.0,0.0,0.0,camera_rotation_center_and_target_diameter_scale_single_view,10.884074965716074,0.0,10000,10000,True,True,True,/content/cv3d-project/data/cache/reconstruction/predictions/02958343/187b002f0af1ab5a473f10e6caaeca56/5f4d3f3d495db42dc5914924.npz,a9bcdcc708a38357f2dc35836916e7b1cdca74798d741a303ff7c76f180810cb,/content/cv3d-project/data/cache/reconstruction/metrics/02958343/187b002f0af1ab5a473f10e6caaeca56/cc7d839a4e7be8dee1948720.json,3.8928069998291903
02958343/187b002f0af1ab5a473f10e6caaeca56,farthest,2,"[0, 46]",1.0127291371177818,1.0716458350593936,1.1305625330010054,0.0,0.0,0.0,1.9726864164438027,0.0,0.0,0.0,0.0,0.0,0.0,camera_pose_sim3,2.927616099905547,0.5323926208361345,10000,10000,True,False,True,/content/cv3d-project/data/cache/reconstruction/predictions/02958343/187b002f0af1ab5a473f10e6caaeca56/7aa078031ec1b55755957fe9.npz,d9a4bff371ebd1769400a9af745faea79e2a94524b2335b437aa8c7ae5b76d25,/content/cv3d-project/data/cache/reconstruction/metrics/02958343/187b002f0af1ab5a473f10e6caaeca56/5e1b0fbe9686d7574737d832.json,12.219775000176014
02958343/187b002f0af1ab5a473f10e6caaeca56,farthest,3,"[0, 46, 18]",0.32844588087031884,0.4288741292811472,0.5293023776919756,0.0,0.0,0.0,1.9726864164438027,0.0,0.0,0.0,0.0,0.0,0.0,camera_pose_sim3,1.4430757273003665,0.9858444162844483,10000,10000,True,False,True,/content/cv3d-project/data/cache/reconstruction/predictions/02958343/187b002f0af1ab5a473f10e6caaeca56/1925f098f1f9e7999338c08f.npz,03c19f5579fc7a1e6dee7cb73eefdb659195a1ded0b9bbb5df5b60a93dc378fc,/content/cv3d-project/data/cache/reconstruction/metrics/02958343/187b002f0af1ab5a473f10e6caaeca56/fa4eeb4bb6d28e2753e0d78f.json,12.06937699998889
02958343/187b002f0af1ab5a473f10e6caaeca56,farthest,5,"[0, 46, 18, 28, 16]",0.08767218647032844,0.21576542011498642,0.3438586537596444,0.10606205607476636,0.0,0.0,1.9726864164438027,0.7992,0.0,0.0,0.0568,0.0,0.0,camera_pose_sim3,0.7269189126422193,1.3004955343969657,10000,10000,True,False,True,/content/cv3d-project/data/cache/reconstruction/predictions/02958343/187b002f0af1ab5a473f10e6caaeca56/96abf094343cc8dea8885856.npz,edc637c4a26b0ed1801a93135dae9f14e616c20cf90faf0a69fa2f0e13e9356b,/content/cv3d-project/data/cache/reconstruction/metrics/02958343/187b002f0af1ab5a473f10e6caaeca56/14e651744267462ef7d02557.json,12.183562999780406
02958343/187b002f0af1ab5a473f10e6caaeca56,farthest,10,"[0, 46, 18, 28, 16, 30, 2, 44, 13, 33]",0.04419883895941418,0.06523898230728545,0.08627912565515673,0.7737979712489887,0.057201549295774645,0.15504961281708945,1.9726864164438027,0.9578,0.1023,0.2649,0.6491,0.0397,0.1096,camera_pose_sim3,2.539459535625967,0.1351206223078917,10000,10000,True,False,True,/content/cv3d-project/data/cache/reconstruction/predictions/02958343/187b002f0af1ab5a473f10e6caaeca56/1efa9c46e677ecb37d73e311.npz,3ef39a46e765fec72f06d19019897c9208335257994a619f68cf9a1ae6896a0e,/content/cv3d-project/data/cache/reconstruction/metrics/02958343/187b002f0af1ab5a473f10e6caaeca56/af333888f62ac35dfe7f9720.json,12.22647099984897
02958343/189c2b53ef76d02978a20fe14185667,farthest,1,[0],2.8152598036422223,3.0097946296211755,3.2043294556001287,0.0,0.0,0.0,1.9993989771695817,0.0,0.0,0.0,0.0,0.0,0.0,camera_rotation_center_and_target_diameter_scale_single_view,9.33815520091482,0.0,10000,10000,True,True,True,/content/cv3d-project/data/cache/reconstruction/predictions/02958343/189c2b53ef76d02978a20fe14185667/d6a4ec11fb64459a24d718d0.npz,773d0bc10fb44223cc1144253ece776050fd1968564944d7c46a68e899c0333c,/content/cv3d-project/data/cache/reconstruction/metrics/02958343/189c2b53ef76d02978a20fe14185667/e8428efb6106d0c99f907667.json,3.9099119999264076
02958343/189c2b53ef76d02978a20fe14185667,farthest,2,"[0, 46]",0.047258959270595854,0.11934374724220045,0.19142853521380507,0.3256636028119507,0.00760248447204969,0.024002944997834563,1.9993989771695817,0.9411,0.0765,0.2182,0.1969,0.004,0.0127,camera_pose_sim3,2.6792088235926723,0.05293269659831788,10000,10000,True,False,True,/content/cv3d-project/data/cache/reconstruction/predictions/02958343/189c2b53ef76d02978a20fe14185667/0734fc0016ec3d335b743747.npz,36b2de513e3e3e753f345f2e1e64084ffa7e68221b6fb1e33521b0fd27cb63c9,/content/cv3d-project/data/cache/reconstruction/metrics/02958343/189c2b53ef76d02978a20fe14185667/e4f55ebc29913e861ae508ea.json,11.410172000068997
02958343/189c2b53ef76d02978a20fe14185667,farthest,3,"[0, 46, 18]",0.20922688356507177,0.29516166477352157,0.3810964459819714,0.0,0.0,0.0,1.9993989771695817,0.0,0.0,0.0,0.0,0.0,0.0,camera_pose_sim3,1.9279998572608885,0.8312332656407392,10000,10000,True,False,True,/content/cv3d-project/data/cache/reconstruction/predictions/02958343/189c2b53ef76d02978a20fe14185667/4c51b12a77e442973dbe4d41.npz,bdc884928411c61732321adb56ed390fef09b4243c39a82778f03540c7f5ed55,/content/cv3d-project/data/cache/reconstruction/metrics/02958343/189c2b53ef76d02978a20fe14185667/d0341e31731f44cf647a7cb4.json,12.283168000067235
02958343/189c2b53ef76d02978a20fe14185667,farthest,5,"[0, 46, 18, 28, 16]",0.09287765714266294,0.14627943209315286,0.19968120704364278,0.19536873702698387,0.004024347826086956,0.015281632653061223,1.9993989771695817,0.5052,0.0089,0.0288,0.1211,0.0026,0.0104,camera_pose_sim3,2.472078332604129,0.29266872585415465,10000,10000,True,False,True,/content/cv3d-project/data/cache/reconstruction/predictions/02958343/189c2b53ef76d02978a20fe14185667/9df8fe7af1d52314a5135d68.npz,6ae226ae2f00278e926933bc08342f8d359418fcc0d73ea490e00dbffcd39e1e,/content/cv3d-project/data/cache/reconstruction/metrics/02958343/189c2b53ef76d02978a20fe14185667/d61d3dfa79ab5eb11a4ee359.json,11.609600000156206
02958343/189c2b53ef76d02978a20fe14185667,farthest,10,"[0, 46, 18, 28, 16, 30, 2, 44, 13, 33]",0.03807269873234958,0.1117562750209718,0.185439851309594,0.4108007915567282,0.05504883088635128,0.1061049925852694,1.9993989771695817,0.9508,0.1502,0.3418,0.262,0.0337,0.0628,camera_pose_sim3,1.875303858294063,0.8351831658774732,10000,10000,True,False,True,/content/cv3d-project/data/cache/reconstruction/predictions/02958343/189c2b53ef76d02978a20fe14185667/a7154cda0f3fa0b854f616c3.npz,96397225fc1cde1d40994e8680e990a0112478775b62a77e176ddf9d6437d05b,/content/cv3d-project/data/cache/reconstruction/metrics/02958343/189c2b53ef76d02978a20fe14185667/202d5ba4f94c6edb51b20097.json,11.942721999730566
02958343/189cffefcdd5cb071a126804ae24042,farthest,1,[0],3.9557097169388116,4.17444370084297,4.393177684747127,0.0,0.0,0.0,1.9816394471896945,0.0,0.0,0.0,0.0,0.0,0.0,camera_rotation_center_and_target_diameter_scale_single_view,11.653387394687261,0.0,7361,10000,True,True,True,/content/cv3d-project/data/cache/reconstruction/predictions/02958343/189cffefcdd5cb071a126804ae24042/42d22e9cd7aaa31fa704d7c5.npz,0cb90059a63854a5768155724ac8723f0117842f105d6c0e60f4b147ffdc1369,/content/cv3d-project/data/cache/reconstruction/metrics/02958343/189cffefcdd5cb071a126804ae24042/ef803dd50173964f10fcfba7.json,3.4195729999737523
02958343/189cffefcdd5cb071a126804ae24042,farthest,2,"[0, 46]",0.7584403508058454,0.8096776684291398,0.8609149860524341,0.0,0.0,0.0,1.9816394471896945,0.0,0.0,0.0,0.0,0.0,0.0,camera_pose_sim3,3.3661505745834623,0.13908904196052668,10000,10000,True,False,True,/content/cv3d-project/data/cache/reconstruction/predictions/02958343/189cffefcdd5cb071a126804ae24042/c28783bec4a59ef56902b50b.npz,716ba388dbb7ef80c60068211a4b7fddb266c681c2b1374e0ff0cda59c9161ae,/content/cv3d-project/data/cache/reconstruction/metrics/02958343/189cffefcdd5cb071a126804ae24042/842a7823d0b55793117011c8.json,11.461265999969328
02958343/189cffefcdd5cb071a126804ae24042,farthest,3,"[0, 46, 18]",0.2578164190558889,0.4053692075389478,0.5529219960220066,0.0,0.0,0.0,1.9816394471896945,0.0,0.0,0.0,0.0,0.0,0.0,camera_pose_sim3,1.9752615614462439,0.8144901214024237,10000,10000,True,False,True,/content/cv3d-project/data/cache/reconstruction/predictions/02958343/189cffefcdd5cb071a126804ae24042/6633084c237f98c4fab196e3.npz,c8ec5a624c24f521810b9e2caf5838e4527e1ce9591c16bcb97f7304ff2ccdfe,/content/cv3d-project/data/cache/reconstruction/metrics/02958343/189cffefcdd5cb071a126804ae24042/4b381e3c84dac920a6328c88.json,11.23901199980537
02958343/189cffefcdd5cb071a126804ae24042,farthest,5,"[0, 46, 18, 28, 16]",0.024821012132550422,0.17531034285595543,0.3257996735793604,0.15225424981522542,0.005213316261203586,0.01375682382133995,1.9816394471896945,1.0,0.0754,0.396,0.0824,0.0027,0.007,camera_pose_sim3,0.637390661828237,1.3124579024159382,10000,10000,True,False,True,/content/cv3d-project/data/cache/reconstruction/predictions/02958343/189cffefcdd5cb071a126804ae24042/d51a2212062f9df45cd0469a.npz,f7b88699b3769276b4ae3a5006a19e4dcc9fad36b9f68af912266d67f87c255e,/content/cv3d-project/data/cache/reconstruction/metrics/02958343/189cffefcdd5cb071a126804ae24042/8faebfa3a6615c9bb5fff739.json,12.093529999674502
02958343/189cffefcdd5cb071a126804ae24042,farthest,10,"[0, 46, 18, 28, 16, 30, 2, 44, 13, 33]",0.04789784633485464,0.0989430886105349,0.14998833088621516,0.423132736,0.057197998749218264,0.10858795034816833,1.9816394471896945,0.9802,0.1226,0.2618,0.2698,0.0373,0.0685,camera_pose_sim3,2.2053335782728625,0.6499201317042141,10000,10000,True,False,True,/content/cv3d-project/data/cache/reconstruction/predictions/02958343/189cffefcdd5cb071a126804ae24042/e1cecbd7ff35db6a42ec3149.npz,a47a04faa1161762541bd8b003d9fde8e90080f6643fe1fb1dd194403fe896fd,/content/cv3d-project/data/cache/reconstruction/metrics/02958343/189cffefcdd5cb071a126804ae24042/afcc6f69064c503f0f3d02b4.json,11.703915999987657
02958343/18a9275b78be4b9ec6d3267fc5334296,farthest,1,[0],3.7170697968542767,3.920317559459521,4.123565322064766,0.0,0.0,0.0,1.9730507118991891,0.0,0.0,0.0,0.0,0.0,0.0,camera_rotation_center_and_target_diameter_scale_single_view,11.090353909061072,0.0,10000,10000,True,True,True,/content/cv3d-project/data/cache/reconstruction/predictions/02958343/18a9275b78be4b9ec6d3267fc5334296/245bd909f2ca80617b33657f.npz,6af01a3bb24552aaa14ce5191881abd5d8b5c61e4d1ee497af634b8e89f4d348,/content/cv3d-project/data/cache/reconstruction/metrics/02958343/18a9275b78be4b9ec6d3267fc5334296/13ba520d5d20ba39eec54139.json,3.7052729999231815
02958343/18a9275b78be4b9ec6d3267fc5334296,farthest,2,"[0, 46]",0.04108032397419251,0.12367070606102991,0.2062610881478673,0.28909755301794454,0.011704253393665157,0.03511186202041535,1.9730507118991891,0.9956,0.1043,0.2653,0.1691,0.0062,0.0188,camera_pose_sim3,2.761005097092772,0.03962479584216014,10000,10000,True,False,True,/content/cv3d-project/data/cache/reconstruction/predictions/02958343/18a9275b78be4b9ec6d3267fc5334296/64958364a831179843bfa77b.npz,6317518a7d18d84040020f4d642a04c58e14ec02e865012f77db647da91d5798,/content/cv3d-project/data/cache/reconstruction/metrics/02958343/18a9275b78be4b9ec6d3267fc5334296/db407dc6edc8a33466c0dc2c.json,11.094765000052575
02958343/18a9275b78be4b9ec6d3267fc5334296,farthest,3,"[0, 46, 18]",0.1941980585560276,0.2673566955187198,0.340515332481412,0.018271062271062267,0.0,0.0,1.9730507118991891,0.043,0.0,0.0,0.0116,0.0,0.0,camera_pose_sim3,2.3309605686774866,0.7197604628880726,10000,10000,True,False,True,/content/cv3d-project/data/cache/reconstruction/predictions/02958343/18a9275b78be4b9ec6d3267fc5334296/547853b823cd4ea24cc6f220.npz,efcdc4beb0cc0b3dd8b816672c9f3b759c11e45756d3d4dcb228628deddda515,/content/cv3d-project/data/cache/reconstruction/metrics/02958343/18a9275b78be4b9ec6d3267fc5334296/17cf9a3a6d10435ffe774522.json,11.032010999770137
02958343/18a9275b78be4b9ec6d3267fc5334296,farthest,5,"[0, 46, 18, 28, 16]",0.18740150623851182,0.2631715253497138,0.3389415444609157,0.016956521739130433,0.0,0.0,1.9730507118991891,0.0195,0.0,0.0,0.015,0.0,0.0,camera_pose_sim3,2.406229124472172,0.6840009493974327,10000,10000,True,False,True,/content/cv3d-project/data/cache/reconstruction/predictions/02958343/18a9275b78be4b9ec6d3267fc5334296/8d0fcb87d23851f3993ef5c6.npz,8650920ad80c691cf599dcb4c316596bf0eb412c61fe98d13aa6365532ed5289,/content/cv3d-project/data/cache/reconstruction/metrics/02958343/18a9275b78be4b9ec6d3267fc5334296/8ad143ce3897e99f16bd4da0.json,11.139404000005015
02958343/18a9275b78be4b9ec6d3267fc5334296,farthest,10,"[0, 46, 18, 28, 16, 30, 2, 44, 13, 33]",0.04698113032190747,0.133731234948686,0.22048133957546454,0.289033186774534,0.02071232876712329,0.05858733133433283,1.9730507118991891,0.9673,0.0756,0.2333,0.1699,0.012,0.0335,camera_pose_sim3,1.711796228195701,0.936594654935586,10000,10000,True,False,True,/content/cv3d-project/data/cache/reconstruction/predictions/02958343/18a9275b78be4b9ec6d3267fc5334296/486f9d976250e60793ae8491.npz,0086ce004b54fdc7ab103e50856f1d02d967161d628daba836d25ae7eeb5819e,/content/cv3d-project/data/cache/reconstruction/metrics/02958343/18a9275b78be4b9ec6d3267fc5334296/26c2553d6296dd5a2bb5134c.json,11.539328999788268
02958343/18aad9d102afbca57ba2273581c30cb,farthest,1,[0],4.206370676072771,4.412860169908216,4.61934966374366,0.0,0.0,0.0,1.9928073365160488,0.0,0.0,0.0,0.0,0.0,0.0,camera_rotation_center_and_target_diameter_scale_single_view,12.167510931057604,0.0,10000,10000,True,True,True,/content/cv3d-project/data/cache/reconstruction/predictions/02958343/18aad9d102afbca57ba2273581c30cb/66c8c0145b6bbcdf23924ee4.npz,0c5f57b786cba247a31dbe72660defc9ed6ff06da8df085d25250abb94931b08,/content/cv3d-project/data/cache/reconstruction/metrics/02958343/18aad9d102afbca57ba2273581c30cb/b03137b912c544c441540dfc.json,3.798791999997775
02958343/18aad9d102afbca57ba2273581c30cb,farthest,2,"[0, 46]",0.022483620060552354,0.10444802078807101,0.18641242151558968,0.289282353947481,0.014732496964791583,0.03542474118266363,1.9928073365160488,1.0,0.2395,0.5516,0.1691,0.0076,0.0183,camera_pose_sim3,2.7595885204339914,0.017859911192185392,10000,10000,True,False,True,/content/cv3d-project/data/cache/reconstruction/predictions/02958343/18aad9d102afbca57ba2273581c30cb/40f21608a9ed755b0da2fa7b.npz,fef9ddaec8ebde23bb4260dab457733626342e80d7a68645975ee5b43e121a00,/content/cv3d-project/data/cache/reconstruction/metrics/02958343/18aad9d102afbca57ba2273581c30cb/176ffe69c1237016fec905a6.json,11.16070199987007
02958343/18aad9d102afbca57ba2273581c30cb,farthest,3,"[0, 46, 18]",0.3508278549833838,0.4285055097698329,0.5061831645562821,0.0,0.0,0.0,1.9928073365160488,0.0,0.0,0.0,0.0,0.0,0.0,camera_pose_sim3,2.4628445015104563,0.8043564578897173,10000,10000,True,False,True,/content/cv3d-project/data/cache/reconstruction/predictions/02958343/18aad9d102afbca57ba2273581c30cb/01f03b357051da6a7f4edc1b.npz,d1fcfbbcbcd7da70d32db721f1b5ecc00bfce119d7237141cd1e17b23ec9ff90,/content/cv3d-project/data/cache/reconstruction/metrics/02958343/18aad9d102afbca57ba2273581c30cb/b822e1641b0a35fb96425129.json,11.033878000034747
02958343/18aad9d102afbca57ba2273581c30cb,farthest,5,"[0, 46, 18, 28, 16]",0.12703001727518975,0.23279254867744711,0.3385550800797045,0.022219194139194143,0.0,0.0,1.9928073365160488,0.1243,0.0,0.0,0.0122,0.0,0.0,camera_pose_sim3,1.1087642377958813,1.2040260281207986,10000,10000,True,False,True,/content/cv3d-project/data/cache/reconstruction/predictions/02958343/18aad9d102afbca57ba2273581c30cb/3ca215cbdbbf6783a86b364a.npz,7ef06c648c9a9337f00b59d52ea9ac928f3a9694b194cfc68bf6475dd8dc31ad,/content/cv3d-project/data/cache/reconstruction/metrics/02958343/18aad9d102afbca57ba2273581c30cb/1c77fcb2a179eb2185ffeace.json,11.384177000309137
02958343/18aad9d102afbca57ba2273581c30cb,farthest,10,"[0, 46, 18, 28, 16, 30, 2, 44, 13, 33]",0.02460746888417798,0.08539515651092244,0.1461828441376669,0.5168705969595847,0.05854745380802163,0.12010218805440566,1.9928073365160488,1.0,0.1872,0.4377,0.3485,0.0347,0.0696,camera_pose_sim3,2.2619473751865082,0.34749595628829744,10000,10000,True,False,True,/content/cv3d-project/data/cache/reconstruction/predictions/02958343/18aad9d102afbca57ba2273581c30cb/398d8750da98127770a9a348.npz,a7fa3328035ce0f56ca41d801242493387708495f12afc1775d7c32fef2a08cd,/content/cv3d-project/data/cache/reconstruction/metrics/02958343/18aad9d102afbca57ba2273581c30cb/f310784add58adfca09cd3df.json,11.729758000001311
02958343/18c06b8c38623c0b4046e8fe9dfc34b5,farthest,1,[0],5.441878695870552,5.659210032728955,5.8765413695873585,0.0,0.0,0.0,1.9844557801796183,0.0,0.0,0.0,0.0,0.0,0.0,camera_rotation_center_and_target_diameter_scale_single_view,14.497654592108416,0.0,10000,10000,True,True,True,/content/cv3d-project/data/cache/reconstruction/predictions/02958343/18c06b8c38623c0b4046e8fe9dfc34b5/e8c6a3569c8f2e338397d9e5.npz,c347b12d18f2a7f12f557cf9b8508a96c8d7d0867602ee0499eb65d41f4fc56e,/content/cv3d-project/data/cache/reconstruction/metrics/02958343/18c06b8c38623c0b4046e8fe9dfc34b5/c455603f944c42e2961f1ccc.json,3.794110000399087
02958343/18c06b8c38623c0b4046e8fe9dfc34b5,farthest,2,"[0, 46]",0.1688064131344648,0.24391260472733284,0.31901879632020086,0.04009378925331472,0.0,0.0,1.9844557801796183,0.1192,0.0,0.0,0.0241,0.0,0.0,camera_pose_sim3,2.78022367383416,0.04217680979940526,10000,10000,True,False,True,/content/cv3d-project/data/cache/reconstruction/predictions/02958343/18c06b8c38623c0b4046e8fe9dfc34b5/8b1e0ea2dda2a1d986e7f5d3.npz,d47506f9aa92eaf52e76ad564ae37915a277095d0c46fbe9ef71b448ed3c6933,/content/cv3d-project/data/cache/reconstruction/metrics/02958343/18c06b8c38623c0b4046e8fe9dfc34b5/f854e167c80a210b89e6ea05.json,11.102510999990045
02958343/18c06b8c38623c0b4046e8fe9dfc34b5,farthest,3,"[0, 46, 18]",0.44809091274793583,0.5409666751043283,0.6338424374607207,0.0,0.0,0.0,1.9844557801796183,0.0,0.0,0.0,0.0,0.0,0.0,camera_pose_sim3,2.25267980886165,0.8406129354980589,10000,10000,True,False,True,/content/cv3d-project/data/cache/reconstruction/predictions/02958343/18c06b8c38623c0b4046e8fe9dfc34b5/7d65466c733b75c07a399a6b.npz,56e6f38183c8e25784f6f5b6e6d7d9141ddebf7b93b2c7dc7114859b94dd7b73,/content/cv3d-project/data/cache/reconstruction/metrics/02958343/18c06b8c38623c0b4046e8fe9dfc34b5/f8ecd9db1643c6d3387d5993.json,10.942082999918057
02958343/18c06b8c38623c0b4046e8fe9dfc34b5,farthest,5,"[0, 46, 18, 28, 16]",0.1424697940693564,0.2861009284489479,0.42973206282853943,0.009206490179333903,0.0,0.0,1.9844557801796183,0.1123,0.0,0.0,0.0048,0.0,0.0,camera_pose_sim3,1.973885190190872,0.9741029180784768,10000,10000,True,False,True,/content/cv3d-project/data/cache/reconstruction/predictions/02958343/18c06b8c38623c0b4046e8fe9dfc34b5/61f9e03abdaea0032fecad5f.npz,5fe33e809ed62c73cb96e8ce01e8a201e603724dbb37178af8dd6ea375365b75,/content/cv3d-project/data/cache/reconstruction/metrics/02958343/18c06b8c38623c0b4046e8fe9dfc34b5/6c050a4bb16d72affe2e460b.json,11.413238999921305
02958343/18c06b8c38623c0b4046e8fe9dfc34b5,farthest,10,"[0, 46, 18, 28, 16, 30, 2, 44, 13, 33]",0.021311620789589914,0.10481841749980886,0.1883252142100278,0.5037779606493603,0.0425581727337616,0.08159919562419561,1.9844557801796183,1.0,0.257,0.5777,0.3367,0.0232,0.0439,camera_pose_sim3,1.7795824772144295,0.8882740477705504,10000,10000,True,False,True,/content/cv3d-project/data/cache/reconstruction/predictions/02958343/18c06b8c38623c0b4046e8fe9dfc34b5/620d33b336fcbb4384910205.npz,cc0239074cfad20ec560fafce7cd24f451031f9b32ded602357fdc4b97bf1f92,/content/cv3d-project/data/cache/reconstruction/metrics/02958343/18c06b8c38623c0b4046e8fe9dfc34b5/b36b0fa97d55f9e18b28ee16.json,11.759113000152865
02958343/18cd6293d7b17a698ce68842a487b19,farthest,1,[0],2.286584505163581,2.502494606870783,2.7184047085779848,0.0,0.0,0.0,1.9714814295415997,0.0,0.0,0.0,0.0,0.0,0.0,camera_rotation_center_and_target_diameter_scale_single_view,8.1446249702874,0.0,10000,10000,True,True,True,/content/cv3d-project/data/cache/reconstruction/predictions/02958343/18cd6293d7b17a698ce68842a487b19/c7a54ece7baf06925443f1fe.npz,b539c36ae8d4fe7df082449daa4a2980c051a0e210f2ce9dff8b989c5d6dd056,/content/cv3d-project/data/cache/reconstruction/metrics/02958343/18cd6293d7b17a698ce68842a487b19/116fd5e99999d030e095be63.json,3.7943580000501242
02958343/18cd6293d7b17a698ce68842a487b19,farthest,2,"[0, 46]",0.14352708419698015,0.20494707470075274,0.2663670652045253,0.11577662337662338,0.0,0.0,1.9714814295415997,0.3059,0.0,0.0,0.0714,0.0,0.0,camera_pose_sim3,2.6794117354719784,0.15708298859457123,10000,10000,True,False,True,/content/cv3d-project/data/cache/reconstruction/predictions/02958343/18cd6293d7b17a698ce68842a487b19/fac8aa75ab7c49f60ceb2b05.npz,59aa781917adaea0437af24a18eae398999bc2e53b36cbfbdeca3111f8fb814d,/content/cv3d-project/data/cache/reconstruction/metrics/02958343/18cd6293d7b17a698ce68842a487b19/26201344dcffc9987c7da945.json,11.228717999983928
02958343/18cd6293d7b17a698ce68842a487b19,farthest,3,"[0, 46, 18]",0.3665299333439769,0.5055214286834762,0.6445129240229754,0.0,0.0,0.0,1.9714814295415997,0.0,0.0,0.0,0.0,0.0,0.0,camera_pose_sim3,1.6063132762185348,0.9033860554679977,10000,10000,True,False,True,/content/cv3d-project/data/cache/reconstruction/predictions/02958343/18cd6293d7b17a698ce68842a487b19/115b2ae6e5c1330efde7ef01.npz,c25ec55255ca435321b1eaa1962781080a5750481723e1a21c6265e3c172d248,/content/cv3d-project/data/cache/reconstruction/metrics/02958343/18cd6293d7b17a698ce68842a487b19/6d410e916d05007fec427e2a.json,11.243644999922253
02958343/18cd6293d7b17a698ce68842a487b19,farthest,5,"[0, 46, 18, 28, 16]",0.5984429823106576,0.6833704997317522,0.768298017152847,0.0,0.0,0.0,1.9714814295415997,0.0,0.0,0.0,0.0,0.0,0.0,camera_pose_sim3,1.570917512548597,1.1553560021272375,10000,10000,True,False,True,/content/cv3d-project/data/cache/reconstruction/predictions/02958343/18cd6293d7b17a698ce68842a487b19/54d0db962d03973765ebaff9.npz,188884863bc0da1fd4e98d3536a6f16c2de27598e346269070bee59be63294f2,/content/cv3d-project/data/cache/reconstruction/metrics/02958343/18cd6293d7b17a698ce68842a487b19/c299326e2f4aea84e88d9c45.json,11.201978999906714
02958343/18cd6293d7b17a698ce68842a487b19,farthest,10,"[0, 46, 18, 28, 16, 30, 2, 44, 13, 33]",0.030964910302154276,0.07327962292932802,0.11559433555650175,0.6437919576863091,0.05927566894835095,0.13161693975296193,1.9714814295415997,1.0,0.1215,0.3134,0.4747,0.0392,0.0833,camera_pose_sim3,2.2733745370624834,0.3009419497287457,10000,10000,True,False,True,/content/cv3d-project/data/cache/reconstruction/predictions/02958343/18cd6293d7b17a698ce68842a487b19/e0672742d914605824a6cf8c.npz,3bccb0ca6176d4fad22b307916c0600cbfcbed0604427aed5f1ba0e145af84b8,/content/cv3d-project/data/cache/reconstruction/metrics/02958343/18cd6293d7b17a698ce68842a487b19/f335787fd8d11697aee79771.json,11.61044300033609
02958343/18d9ac72442260e0e97c6bb243ef67d,farthest,1,[0],3.6772578093637174,3.8976510286351647,4.118044247906612,0.0,0.0,0.0,1.9941201374967,0.0,0.0,0.0,0.0,0.0,0.0,camera_rotation_center_and_target_diameter_scale_single_view,11.075966006618925,0.0,10000,10000,True,True,True,/content/cv3d-project/data/cache/reconstruction/predictions/02958343/18d9ac72442260e0e97c6bb243ef67d/2694fffdf32351371da53dd7.npz,b7e9e902ca5761844ad7afc09b7ca4657e53641cb23e94041e324844f777c241,/content/cv3d-project/data/cache/reconstruction/metrics/02958343/18d9ac72442260e0e97c6bb243ef67d/80eb2b291cf35e7e026b8456.json,3.7505309996959113
02958343/18d9ac72442260e0e97c6bb243ef67d,farthest,2,"[0, 46]",0.03180111520326707,0.12815406117924757,0.22450700715522806,0.29989799387963273,0.01363957754307949,0.04079752832131823,1.9941201374967,1.0,0.1728,0.3668,0.1764,0.0071,0.0216,camera_pose_sim3,2.5513728429165843,0.08214422982265783,10000,10000,True,False,True,/content/cv3d-project/data/cache/reconstruction/predictions/02958343/18d9ac72442260e0e97c6bb243ef67d/86091c6d75f79739326d8d6f.npz,06b68fe5655ce8cc595ee2b15a6edd1f82fdc1b73730cd99871462474e92983d,/content/cv3d-project/data/cache/reconstruction/metrics/02958343/18d9ac72442260e0e97c6bb243ef67d/aecb10ec762c43aed2375a2e.json,11.172143000294454
02958343/18d9ac72442260e0e97c6bb243ef67d,farthest,3,"[0, 46, 18]",0.5565068164595052,0.6479075134124301,0.7393082103653552,0.0,0.0,0.0,1.9941201374967,0.0,0.0,0.0,0.0,0.0,0.0,camera_pose_sim3,2.13442001549165,0.8922174920202657,10000,10000,True,False,True,/content/cv3d-project/data/cache/reconstruction/predictions/02958343/18d9ac72442260e0e97c6bb243ef67d/f2881fb1f5f2b0d8df338855.npz,649fa2c1c6c14da1a2790f8bacc4459059a8e9991b07f0138b8e17a43a043d75,/content/cv3d-project/data/cache/reconstruction/metrics/02958343/18d9ac72442260e0e97c6bb243ef67d/4404a2aa7cf07a3d33d34765.json,11.000575999787543
02958343/18d9ac72442260e0e97c6bb243ef67d,farthest,5,"[0, 46, 18, 28, 16]",0.013390235901944353,0.15906431539182703,0.3047383948817097,0.09196718183552757,0.004965210130809908,0.010925455889600788,1.9941201374967,1.0,0.3568,0.8061,0.0482,0.0025,0.0055,camera_pose_sim3,0.4859720056171523,1.314325278014202,10000,10000,True,False,True,/content/cv3d-project/data/cache/reconstruction/predictions/02958343/18d9ac72442260e0e97c6bb243ef67d/688f7d35c96ff456326083b8.npz,5673fad1e1ffc92b9921dc9a7ff46b1b5345cc85e9e8ba91a8abbdeae8086f71,/content/cv3d-project/data/cache/reconstruction/metrics/02958343/18d9ac72442260e0e97c6bb243ef67d/82e41810df50f8d56da7e44d.json,11.404416999994282
02958343/18d9ac72442260e0e97c6bb243ef67d,farthest,10,"[0, 46, 18, 28, 16, 30, 2, 44, 13, 33]",0.05486327072226394,0.0775845771101905,0.10030588349811706,0.7634021449383175,0.028269541778975737,0.04710530246452576,1.9941201374967,0.9931,0.0552,0.1034,0.62,0.019,0.0305,camera_pose_sim3,2.2851267398477426,0.1558961926070534,10000,10000,True,False,True,/content/cv3d-project/data/cache/reconstruction/predictions/02958343/18d9ac72442260e0e97c6bb243ef67d/d9204515c0a1a7ffed2eb3e8.npz,321a89645254f755ac6bebd0eb46243f3daef98c19abfce137aecc52926ac28b,/content/cv3d-project/data/cache/reconstruction/metrics/02958343/18d9ac72442260e0e97c6bb243ef67d/285d42f050f24bc1a48d5d13.json,11.78096400008144
02958343/18da5e80080352be294d52e32dbd135b,farthest,1,[0],2.1670858652423366,2.3171307018332525,2.467175538424168,0.0,0.0,0.0,1.9913347768494645,0.0,0.0,0.0,0.0,0.0,0.0,camera_rotation_center_and_target_diameter_scale_single_view,8.07171356142052,0.0,10000,10000,True,True,True,/content/cv3d-project/data/cache/reconstruction/predictions/02958343/18da5e80080352be294d52e32dbd135b/0f4b8125e8f35b1d92b92680.npz,d7aad580ac2f0197cea1be7ddd34833bcaba8c2bcded8c8dd104ec7e0bb72f17,/content/cv3d-project/data/cache/reconstruction/metrics/02958343/18da5e80080352be294d52e32dbd135b/d0d4339c085378ad3cba0181.json,3.758530000141036
02958343/18da5e80080352be294d52e32dbd135b,farthest,2,"[0, 46]",0.02351375154279431,0.07171876197795868,0.11992377241312305,0.5610674262637918,0.025460999254287846,0.07551844132306297,1.9913347768494645,0.9962,0.2548,0.6219,0.3905,0.0134,0.0402,camera_pose_sim3,2.696027288246885,0.01898435968654586,10000,10000,True,False,True,/content/cv3d-project/data/cache/reconstruction/predictions/02958343/18da5e80080352be294d52e32dbd135b/eb09cb2d9ce41dd0f527edd0.npz,4bc1e2f94f673cb2bbae8da3864b5f45213d306af3cf59c55aaeb30838a34a50,/content/cv3d-project/data/cache/reconstruction/metrics/02958343/18da5e80080352be294d52e32dbd135b/9c480af172462a435ba6bf6d.json,11.185650999777863
02958343/18da5e80080352be294d52e32dbd135b,farthest,3,"[0, 46, 18]",0.13557720142122023,0.2523310771046752,0.36908495278813025,0.04777193078824499,0.0007135135135135135,0.0024784172661870504,1.9913347768494645,0.3384,0.0033,0.0265,0.0257,0.0004,0.0013,camera_pose_sim3,2.096040354665221,0.7660786172209313,10000,10000,True,False,True,/content/cv3d-project/data/cache/reconstruction/predictions/02958343/18da5e80080352be294d52e32dbd135b/d5f5ea8d21521f3d6feec478.npz,515f46fd69a9e52042db4698cc150f240011be88888df0329a8a9d1aecd226c1,/content/cv3d-project/data/cache/reconstruction/metrics/02958343/18da5e80080352be294d52e32dbd135b/6b0d779e124accabd605d4b2.json,11.359433000052377
02958343/18da5e80080352be294d52e32dbd135b,farthest,5,"[0, 46, 18, 28, 16]",0.13752999543406,0.22114821242393234,0.30476642941380466,0.08776373140329714,0.0,0.002697986577181208,1.9913347768494645,0.1918,0.0,0.0134,0.0569,0.0,0.0015,camera_pose_sim3,2.4700191310078536,0.5001529159956913,10000,10000,True,False,True,/content/cv3d-project/data/cache/reconstruction/predictions/02958343/18da5e80080352be294d52e32dbd135b/db3af2d5ed5a0ad3aab351a8.npz,9221c6a10eeefd7591efcea4b9e6619386cfcb88f5d75f76c2fa7bbce1ed722d,/content/cv3d-project/data/cache/reconstruction/metrics/02958343/18da5e80080352be294d52e32dbd135b/6693b674151e5bcfb84fa445.json,11.287937999895803
02958343/18da5e80080352be294d52e32dbd135b,farthest,10,"[0, 46, 18, 28, 16, 30, 2, 44, 13, 33]",0.033901656145814946,0.059613776975106975,0.085325897804399,0.7527870146085655,0.07115736868944417,0.1695030303030303,1.9913347768494645,0.9972,0.1494,0.3648,0.6046,0.0467,0.1104,camera_pose_sim3,2.560253134640459,0.09450470529584405,10000,10000,True,False,True,/content/cv3d-project/data/cache/reconstruction/predictions/02958343/18da5e80080352be294d52e32dbd135b/be6281a0c4dfcecc0b63f516.npz,f7693c4e63a9836b6377468eddcb15cee025e019c3b13c018c9e78abf8c185a2,/content/cv3d-project/data/cache/reconstruction/metrics/02958343/18da5e80080352be294d52e32dbd135b/695714a42c3916e9b6eca661.json,11.704120000104012
02958343/18e16129375e723e6f8f8c736fcc7940,farthest,1,[0],3.757174990331566,3.961840141446327,4.166505292561088,0.0,0.0,0.0,1.9837764772332172,0.0,0.0,0.0,0.0,0.0,0.0,camera_rotation_center_and_target_diameter_scale_single_view,11.312842888586909,0.0,10000,10000,True,True,True,/content/cv3d-project/data/cache/reconstruction/predictions/02958343/18e16129375e723e6f8f8c736fcc7940/6bc0a24852beb665fe9af65b.npz,f5b50d44e2f58b531564554505f8ba2e59b1e7e9113d01b6a359c5607db6caeb,/content/cv3d-project/data/cache/reconstruction/metrics/02958343/18e16129375e723e6f8f8c736fcc7940/17baf412bee7caef0f10bf5b.json,3.77890900017519
02958343/18e16129375e723e6f8f8c736fcc7940,farthest,2,"[0, 46]",0.08378737306186258,0.13991813192056457,0.19604889077926654,0.2089627556512379,0.0015,0.005946218487394957,1.9837764772332172,0.7137,0.0015,0.0061,0.1224,0.0015,0.0058,camera_pose_sim3,2.8432919803687726,0.023389319451241043,10000,10000,True,False,True,/content/cv3d-project/data/cache/reconstruction/predictions/02958343/18e16129375e723e6f8f8c736fcc7940/1ed0b862b1f9908fbe59fc46.npz,f981ed6a6e58f3312b2f01f54b8885bcfe35dad78b47299cd232df7b91a6807e,/content/cv3d-project/data/cache/reconstruction/metrics/02958343/18e16129375e723e6f8f8c736fcc7940/46e33a73183b437bc42307a8.json,11.125004999939847
02958343/18e16129375e723e6f8f8c736fcc7940,farthest,3,"[0, 46, 18]",0.31167385333366016,0.37138855746973176,0.43110326160580337,0.0,0.0,0.0,1.9837764772332172,0.0,0.0,0.0,0.0,0.0,0.0,camera_pose_sim3,2.191677340762053,0.8305317579493338,10000,10000,True,False,True,/content/cv3d-project/data/cache/reconstruction/predictions/02958343/18e16129375e723e6f8f8c736fcc7940/019a88146cee28046abb2e43.npz,3cdaa4f3395f315550c3f6b59a10fcb94aa288b0e3c01157a22960eeb166753b,/content/cv3d-project/data/cache/reconstruction/metrics/02958343/18e16129375e723e6f8f8c736fcc7940/def02c2ed28388b108f0e0c7.json,11.139642000216554
02958343/18e16129375e723e6f8f8c736fcc7940,farthest,5,"[0, 46, 18, 28, 16]",0.025914779030475666,0.16194452314561214,0.2979742672607486,0.10999810999811,0.0,0.0017926961226330026,1.9837764772332172,1.0,0.0,0.2209,0.0582,0.0,0.0009,camera_pose_sim3,0.4591004513207374,1.3240377199461846,10000,10000,True,False,True,/content/cv3d-project/data/cache/reconstruction/predictions/02958343/18e16129375e723e6f8f8c736fcc7940/4a93ac9c3a70c43412f655f3.npz,9fb26e9fa40b3dda6458e0a0939c9add2dec45fb72125a37a4ecad30f6254916,/content/cv3d-project/data/cache/reconstruction/metrics/02958343/18e16129375e723e6f8f8c736fcc7940/e66eb6793f494f91fcded444.json,11.510444000123243
02958343/18e16129375e723e6f8f8c736fcc7940,farthest,10,"[0, 46, 18, 28, 16, 30, 2, 44, 13, 33]",0.19665114880375256,0.25189053904523184,0.30712992928671107,0.0046914893617021275,0.0,0.0,1.9837764772332172,0.0045,0.0,0.0,0.0049,0.0,0.0,camera_pose_sim3,1.9048513667887312,0.8430781399806445,10000,10000,True,False,True,/content/cv3d-project/data/cache/reconstruction/predictions/02958343/18e16129375e723e6f8f8c736fcc7940/9e2b25be88e56a76592c4232.npz,741dda3dc76022fa16367ff084fe2c5b1e09bbc97db1a2de20189986fc9257f8,/content/cv3d-project/data/cache/reconstruction/metrics/02958343/18e16129375e723e6f8f8c736fcc7940/8968f8d1ccada88dd29b300e.json,11.797422000199731
02958343/18f6df600df7341ab0bbc6f39febba97,farthest,1,[0],1.7715416478833015,1.97134605283934,2.171150457795379,0.0,0.0,0.0,1.9953560356038242,0.0,0.0,0.0,0.0,0.0,0.0,camera_rotation_center_and_target_diameter_scale_single_view,7.086664935852103,0.0,10000,10000,True,True,True,/content/cv3d-project/data/cache/reconstruction/predictions/02958343/18f6df600df7341ab0bbc6f39febba97/3eeabc52e4eeade54d04a1d5.npz,65af46f8d617324edd04376f04273a7157e49371d64b31df6b13e6e496b6ff0f,/content/cv3d-project/data/cache/reconstruction/metrics/02958343/18f6df600df7341ab0bbc6f39febba97/a0740d602a15315af0bb151d.json,3.756531999897561
02958343/18f6df600df7341ab0bbc6f39febba97,farthest,2,"[0, 46]",0.02812198549378535,0.10250085508028317,0.17687972466678098,0.38683658654621716,0.017699626400996264,0.05114007490636704,1.9953560356038242,1.0,0.1512,0.4267,0.2398,0.0094,0.0272,camera_pose_sim3,2.623627373335616,0.019054430741293416,10000,10000,True,False,True,/content/cv3d-project/data/cache/reconstruction/predictions/02958343/18f6df600df7341ab0bbc6f39febba97/1e49ff9726466fc4ceb5736e.npz,babbcebddb2421d566c0eb5a64d07bdfbc7a36260a02284c107b1b96791b5f8d,/content/cv3d-project/data/cache/reconstruction/metrics/02958343/18f6df600df7341ab0bbc6f39febba97/5f9a18da27132e33b13d0fb5.json,11.30006500034142
02958343/18f6df600df7341ab0bbc6f39febba97,farthest,3,"[0, 46, 18]",0.2010074272819832,0.32219293569783813,0.4433784441136931,0.0,0.0,0.0,1.9953560356038242,0.0,0.0,0.0,0.0,0.0,0.0,camera_pose_sim3,1.9208314112719935,0.841705230241451,10000,10000,True,False,True,/content/cv3d-project/data/cache/reconstruction/predictions/02958343/18f6df600df7341ab0bbc6f39febba97/5924d3053c9c526e4260fc60.npz,f110b3fda634210a170d315dbd194d1e5553f8721646a9a0fcf331a7ae78f301,/content/cv3d-project/data/cache/reconstruction/metrics/02958343/18f6df600df7341ab0bbc6f39febba97/f642b1c1a90bc5eaeb1856c9.json,11.246840999774577
02958343/18f6df600df7341ab0bbc6f39febba97,farthest,5,"[0, 46, 18, 28, 16]",2.575526071538433,2.686422188817831,2.797318306097229,0.0,0.0,0.0,1.9953560356038242,0.0,0.0,0.0,0.0,0.0,0.0,camera_pose_sim3_positive_scale_fallback,3.7395730593726335,1.4124937534610262,10000,10000,True,False,True,/content/cv3d-project/data/cache/reconstruction/predictions/02958343/18f6df600df7341ab0bbc6f39febba97/30ce6d65ef5aa7fa2a05b7a7.npz,6a8f0f41a6a2f7203bcee4743eae244e64b1574fc61f46811ce3a56786480e0b,/content/cv3d-project/data/cache/reconstruction/metrics/02958343/18f6df600df7341ab0bbc6f39febba97/fb7841cf003f4a17fbcd29bc.json,11.3057349999508
02958343/18f6df600df7341ab0bbc6f39febba97,farthest,10,"[0, 46, 18, 28, 16, 30, 2, 44, 13, 33]",0.23628854455477996,0.35336587496225913,0.47044320536973827,0.0,0.0,0.0,1.9953560356038242,0.0,0.0,0.0,0.0,0.0,0.0,camera_pose_sim3,2.1673090869513425,0.699337040245564,10000,10000,True,False,True,/content/cv3d-project/data/cache/reconstruction/predictions/02958343/18f6df600df7341ab0bbc6f39febba97/a399aca5a11eee2a76b5b74e.npz,b63e32b522fa54c5effef388dc46e104a37cbd17dbeba0fdfa551bd99148be04,/content/cv3d-project/data/cache/reconstruction/metrics/02958343/18f6df600df7341ab0bbc6f39febba97/a63c69c90f70fc6d13bce7dd.json,11.602471000060177
02958343/18ff13d7f181e7625fa21635eac9e4ed,farthest,1,[0],4.628199622035449,4.836202735286365,5.044205848537281,0.0,0.0,0.0,1.9561516054860955,0.0,0.0,0.0,0.0,0.0,0.0,camera_rotation_center_and_target_diameter_scale_single_view,12.863529990239517,0.0,10000,10000,True,True,True,/content/cv3d-project/data/cache/reconstruction/predictions/02958343/18ff13d7f181e7625fa21635eac9e4ed/59b12c8fde223bad95ce48df.npz,a9671dc6521a1223f0fc8b2fba9add7f28d2c40e59e417217266dce8f3bc2ccb,/content/cv3d-project/data/cache/reconstruction/metrics/02958343/18ff13d7f181e7625fa21635eac9e4ed/6d08bbb9b02d38ed9693729d.json,3.6905829997522233
02958343/18ff13d7f181e7625fa21635eac9e4ed,farthest,2,"[0, 46]",0.017566250478744234,0.08222607911695869,0.14688590775517313,0.49147684416955795,0.018000623700623698,0.05855817880295493,1.9561516054860955,1.0,0.2793,0.6326,0.3258,0.0093,0.0307,camera_pose_sim3,2.7713158017277366,0.032606459292771534,10000,10000,True,False,True,/content/cv3d-project/data/cache/reconstruction/predictions/02958343/18ff13d7f181e7625fa21635eac9e4ed/adce94ab0ffe8ba27a8e1c40.npz,c049db7392f98355b4cf27507d180d94a1fa5b7788debe0b30a5dc88e5fbe7e4,/content/cv3d-project/data/cache/reconstruction/metrics/02958343/18ff13d7f181e7625fa21635eac9e4ed/87950a18a9e8ae427c054667.json,11.113178999949014
02958343/18ff13d7f181e7625fa21635eac9e4ed,farthest,3,"[0, 46, 18]",0.34507272011083,0.39263835461844937,0.44020398912606873,0.0,0.0,0.0,1.9561516054860955,0.0,0.0,0.0,0.0,0.0,0.0,camera_pose_sim3,2.5689719942610307,0.781423483786397,10000,10000,True,False,True,/content/cv3d-project/data/cache/reconstruction/predictions/02958343/18ff13d7f181e7625fa21635eac9e4ed/6f89f469bac0a8277b53638b.npz,d3611a20e6464d898f0b6662406c9363bda957bba7daf8a023cfd49bca052659,/content/cv3d-project/data/cache/reconstruction/metrics/02958343/18ff13d7f181e7625fa21635eac9e4ed/4647d9aa0ce1aab179ccefcd.json,11.196425999969506
02958343/18ff13d7f181e7625fa21635eac9e4ed,farthest,5,"[0, 46, 18, 28, 16]",0.0559805197261458,0.20272397473679546,0.3494674297474451,0.07303208401580114,0.0,0.0,1.9561516054860955,1.0,0.0,0.0,0.0379,0.0,0.0,camera_pose_sim3,0.872331019523608,1.2877290931624266,10000,10000,True,False,True,/content/cv3d-project/data/cache/reconstruction/predictions/02958343/18ff13d7f181e7625fa21635eac9e4ed/89d9d68107125c4697d168b7.npz,3fdbd8ce5d0da1ead01898b1c330fc06ff25caf6a87226794b472c63b1439703,/content/cv3d-project/data/cache/reconstruction/metrics/02958343/18ff13d7f181e7625fa21635eac9e4ed/00424a2b1cf092c1aec0be5b.json,11.290973000086524
02958343/18ff13d7f181e7625fa21635eac9e4ed,farthest,10,"[0, 46, 18, 28, 16, 30, 2, 44, 13, 33]",0.016271180169243806,0.047534615680545234,0.07879805119184666,0.7664220070313945,0.1745167272727273,0.31896413169243715,1.9561516054860955,1.0,0.3819,0.748,0.6213,0.1131,0.2027,camera_pose_sim3,2.3711102845494767,0.1914014270869734,10000,10000,True,False,True,/content/cv3d-project/data/cache/reconstruction/predictions/02958343/18ff13d7f181e7625fa21635eac9e4ed/0784091d4c3cdef2fc0badaf.npz,dc654e8d48b9d3811f308a12256472b8e2b164886241532dd89fe413b3bc28d3,/content/cv3d-project/data/cache/reconstruction/metrics/02958343/18ff13d7f181e7625fa21635eac9e4ed/c76d950bd25aff1df7f7cafe.json,11.947733999932098
02958343/19042f5a90290859441c11ab4641b257,farthest,1,[0],2.978538598142666,3.1857820990951646,3.393025600047663,0.0,0.0,0.0,1.9697443489558444,0.0,0.0,0.0,0.0,0.0,0.0,camera_rotation_center_and_target_diameter_scale_single_view,9.49144052027365,0.0,9514,10000,True,True,True,/content/cv3d-project/data/cache/reconstruction/predictions/02958343/19042f5a90290859441c11ab4641b257/d8909a60d7ac95e36adb68c3.npz,3acb811b4824d419331ca19aaf9daf5a82f96bf87a4fdbffd1f604fe51936cc7,/content/cv3d-project/data/cache/reconstruction/metrics/02958343/19042f5a90290859441c11ab4641b257/d8dd4f36c59bada81c0bb9b5.json,3.6929120001332194
02958343/19042f5a90290859441c11ab4641b257,farthest,2,"[0, 46]",0.047156483524237215,0.11842471692367927,0.18969295032312133,0.3475458651965143,0.015002338269680438,0.046321822099107415,1.9697443489558444,0.9098,0.1203,0.2998,0.2148,0.008,0.0251,camera_pose_sim3,2.902069949000199,0.020074924122012432,10000,10000,True,False,True,/content/cv3d-project/data/cache/reconstruction/predictions/02958343/19042f5a90290859441c11ab4641b257/fb4125bd72cc170c869865e7.npz,a52a2ef96b34a0bddafa7c2e4f83f90491d021a5b6e5776fb5e0eb77f649cab4,/content/cv3d-project/data/cache/reconstruction/metrics/02958343/19042f5a90290859441c11ab4641b257/6678c179ff9a1b46c5176771.json,11.293923999801336
02958343/19042f5a90290859441c11ab4641b257,farthest,3,"[0, 46, 18]",0.40042755806385955,0.4662401711481038,0.532052784232348,0.0,0.0,0.0,1.9697443489558444,0.0,0.0,0.0,0.0,0.0,0.0,camera_pose_sim3,2.45972858073013,0.8043770755298282,10000,10000,True,False,True,/content/cv3d-project/data/cache/reconstruction/predictions/02958343/19042f5a90290859441c11ab4641b257/8fa556389941febeb35df115.npz,eab28ee20ecff67d4136e9f7553aa0c8dd0addda12682a1c851fa83d53988e39,/content/cv3d-project/data/cache/reconstruction/metrics/02958343/19042f5a90290859441c11ab4641b257/c39bb53e8e6b20a4140a4ffd.json,11.408546999973623
02958343/19042f5a90290859441c11ab4641b257,farthest,5,"[0, 46, 18, 28, 16]",0.37543940973686024,0.43384913344874965,0.4922588571606391,0.0,0.0,0.0,1.9697443489558444,0.0,0.0,0.0,0.0,0.0,0.0,camera_pose_sim3,1.8193564413208387,0.9838529345928968,10000,10000,True,False,True,/content/cv3d-project/data/cache/reconstruction/predictions/02958343/19042f5a90290859441c11ab4641b257/e5f3b312e87b4ee4464d0f87.npz,ff334763fa7faae8a97a370c599772a7a298e7753e95165a1cc5dd2ef13fd15d,/content/cv3d-project/data/cache/reconstruction/metrics/02958343/19042f5a90290859441c11ab4641b257/14ebcfbe182131e49cff58ad.json,11.487521000162815
02958343/19042f5a90290859441c11ab4641b257,farthest,10,"[0, 46, 18, 28, 16, 30, 2, 44, 13, 33]",0.21466389578794576,0.2857774339244598,0.35689097206097387,0.0,0.0,0.0,1.9697443489558444,0.0,0.0,0.0,0.0,0.0,0.0,camera_pose_sim3,1.528300258622067,1.067394797384129,10000,10000,True,False,True,/content/cv3d-project/data/cache/reconstruction/predictions/02958343/19042f5a90290859441c11ab4641b257/24cd7a2b270b6667f39ff327.npz,f989328519e9e996f962f9d8312f365b352bef9695307ea7381f8ea8ff84c407,/content/cv3d-project/data/cache/reconstruction/metrics/02958343/19042f5a90290859441c11ab4641b257/dfd7c66bfdca07d7e44ee60e.json,11.928136999813432
02958343/191f9cd970e5b0cc174ee7ebab9d8065,farthest,1,[0],3.448072247227571,3.6660545404382416,3.8840368336489126,0.0,0.0,0.0,1.9794822958771268,0.0,0.0,0.0,0.0,0.0,0.0,camera_rotation_center_and_target_diameter_scale_single_view,10.677584196350876,0.0,8526,10000,True,True,True,/content/cv3d-project/data/cache/reconstruction/predictions/02958343/191f9cd970e5b0cc174ee7ebab9d8065/03291fc5646eccdfdc48c185.npz,cd78c0375276d197e8870de2eddeabe703dabefd2f151a85111c920b489cb004,/content/cv3d-project/data/cache/reconstruction/metrics/02958343/191f9cd970e5b0cc174ee7ebab9d8065/dfc4831958d74b37376e7000.json,3.6167060002298967
02958343/191f9cd970e5b0cc174ee7ebab9d8065,farthest,2,"[0, 46]",1.2510365321571706,1.2958323451406213,1.340628158124072,0.0,0.0,0.0,1.9794822958771268,0.0,0.0,0.0,0.0,0.0,0.0,camera_pose_sim3,3.578202242827579,0.36329206646242723,10000,10000,True,False,True,/content/cv3d-project/data/cache/reconstruction/predictions/02958343/191f9cd970e5b0cc174ee7ebab9d8065/84ec76f55928d6423d8deff5.npz,076cf0ccaf2c22056503ef743f0b7bb5e46cc30fbb84cd11ca58897d8637edfe,/content/cv3d-project/data/cache/reconstruction/metrics/02958343/191f9cd970e5b0cc174ee7ebab9d8065/dd360076d4d48173d60f1f05.json,11.149528999794711
02958343/191f9cd970e5b0cc174ee7ebab9d8065,farthest,3,"[0, 46, 18]",0.8723118865636765,1.0055076736250985,1.1387034606865207,0.0,0.0,0.0,1.9794822958771268,0.0,0.0,0.0,0.0,0.0,0.0,camera_pose_sim3,2.1579076345976262,1.0517651279236233,10000,10000,True,False,True,/content/cv3d-project/data/cache/reconstruction/predictions/02958343/191f9cd970e5b0cc174ee7ebab9d8065/72cd2539067b6ac97bbdf3c3.npz,01f747b7ff08dbbacaebdc0e048e65e7093503fbb7bd945f33e1f28c5d2c8f62,/content/cv3d-project/data/cache/reconstruction/metrics/02958343/191f9cd970e5b0cc174ee7ebab9d8065/b447d00380867b1ed46a5eac.json,11.489011999856302
02958343/191f9cd970e5b0cc174ee7ebab9d8065,farthest,5,"[0, 46, 18, 28, 16]",0.009196070971685196,0.1425053867763159,0.27581470258094665,0.16732337579034182,0.005376388663967611,0.013113296178343949,1.9794822958771268,1.0,0.6148,0.9982,0.0913,0.0027,0.0066,camera_pose_sim3,0.4754615051279605,1.344279080867735,10000,10000,True,False,True,/content/cv3d-project/data/cache/reconstruction/predictions/02958343/191f9cd970e5b0cc174ee7ebab9d8065/e8deda8744dd18e84d04e832.npz,b6c81cbfc372b8f3b2ae45fc0c5d4ddae2d107b5896581885b4a6bcc6bca3fa5,/content/cv3d-project/data/cache/reconstruction/metrics/02958343/191f9cd970e5b0cc174ee7ebab9d8065/01f7ee34e55a20117238624e.json,11.572915999749966
02958343/191f9cd970e5b0cc174ee7ebab9d8065,farthest,10,"[0, 46, 18, 28, 16, 30, 2, 44, 13, 33]",0.035564383901075095,0.07797225409544256,0.12038012428981004,0.5989492119089317,0.044245268735806205,0.11723891273247497,1.9794822958771268,1.0,0.104,0.275,0.4275,0.0281,0.0745,camera_pose_sim3,2.2233004090943624,0.49340462851562483,10000,10000,True,False,True,/content/cv3d-project/data/cache/reconstruction/predictions/02958343/191f9cd970e5b0cc174ee7ebab9d8065/ed23cb1dfccdf0f3c0a881db.npz,02a8aecdf5f0a3181a97318d7e6fb2df07ba9354dc41fa0f975fbce27ad1d61a,/content/cv3d-project/data/cache/reconstruction/metrics/02958343/191f9cd970e5b0cc174ee7ebab9d8065/8b6bff4dd6ee3fbaef0e5d5a.json,11.75547100001495
02958343/19245fb8ee79038fcd059a326bfe20ef,farthest,1,[0],2.52767140612271,2.7351406914274476,2.9426099767321854,0.0,0.0,0.0,1.9904325335773867,0.0,0.0,0.0,0.0,0.0,0.0,camera_rotation_center_and_target_diameter_scale_single_view,8.79508791871156,0.0,10000,10000,True,True,True,/content/cv3d-project/data/cache/reconstruction/predictions/02958343/19245fb8ee79038fcd059a326bfe20ef/50ddc4a8560f8aabb6f3f7ee.npz,e7fba1c68d9912cf36622a082069b15c1fd14dc55777247229c2fb11db0cf9b4,/content/cv3d-project/data/cache/reconstruction/metrics/02958343/19245fb8ee79038fcd059a326bfe20ef/499b816f9c8e32c403703bde.json,3.769702000226971
02958343/19245fb8ee79038fcd059a326bfe20ef,farthest,2,"[0, 46]",0.180652080480047,0.25315021787070313,0.32564835526135927,0.03311554006968641,0.0,0.0,1.9904325335773867,0.1244,0.0,0.0,0.0191,0.0,0.0,camera_pose_sim3,2.9058917757729352,0.08447174091669106,10000,10000,True,False,True,/content/cv3d-project/data/cache/reconstruction/predictions/02958343/19245fb8ee79038fcd059a326bfe20ef/9186a6a618e10a5d2823ee06.npz,dacac46e4bd99b816c6d8808eb98d420cc2838fb479539fb297207b04f1b5d61,/content/cv3d-project/data/cache/reconstruction/metrics/02958343/19245fb8ee79038fcd059a326bfe20ef/f4c287261a1761186f732256.json,11.445249000189506
02958343/19245fb8ee79038fcd059a326bfe20ef,farthest,3,"[0, 46, 18]",0.31629898770396314,0.4472410409833513,0.5781830942627395,0.0,0.0,0.0,1.9904325335773867,0.0,0.0,0.0,0.0,0.0,0.0,camera_pose_sim3,2.138285710341763,0.8456532914838217,10000,10000,True,False,True,/content/cv3d-project/data/cache/reconstruction/predictions/02958343/19245fb8ee79038fcd059a326bfe20ef/9b98602c54859769b1240475.npz,ffd9da9cd4ef7c983aa5e0d239fb011eb64a054b160094dc327cdd0f1d2a377c,/content/cv3d-project/data/cache/reconstruction/metrics/02958343/19245fb8ee79038fcd059a326bfe20ef/e57424111849450d9a33c3a4.json,11.705008000262751
02958343/19245fb8ee79038fcd059a326bfe20ef,farthest,5,"[0, 46, 18, 28, 16]",0.011938262562343654,0.1679501164112513,0.32396197026015894,0.1726815897670169,0.006561627906976745,0.016037458193979934,1.9904325335773867,1.0,0.5643,0.7992,0.0945,0.0033,0.0081,camera_pose_sim3,0.8150444254777756,1.274145694705809,10000,10000,True,False,True,/content/cv3d-project/data/cache/reconstruction/predictions/02958343/19245fb8ee79038fcd059a326bfe20ef/09425380773f4516fe55ce5e.npz,00981c92362b22fd0cf4e3e2b161f608952db5e68d9ef972b10637ba209c3ff8,/content/cv3d-project/data/cache/reconstruction/metrics/02958343/19245fb8ee79038fcd059a326bfe20ef/93e6fe1387745cb1004d19f6.json,11.66754599989872
02958343/19245fb8ee79038fcd059a326bfe20ef,farthest,10,"[0, 46, 18, 28, 16, 30, 2, 44, 13, 33]",0.020464243808959403,0.05356689735274264,0.08666955089652588,0.7633710505162925,0.12174399158559032,0.264727004063539,1.9904325335773867,1.0,0.3042,0.6456,0.6173,0.0761,0.1665,camera_pose_sim3,2.544939833909378,0.2698159135824906,10000,10000,True,False,True,/content/cv3d-project/data/cache/reconstruction/predictions/02958343/19245fb8ee79038fcd059a326bfe20ef/98166ac21abb7ea1e894e40d.npz,01d2d40d7d87543e4559ce55c1087b84a97fac17b52cda305c547d2f246132b9,/content/cv3d-project/data/cache/reconstruction/metrics/02958343/19245fb8ee79038fcd059a326bfe20ef/29c6e276c2f4a9bd50077de0.json,12.225039999975706
02958343/198d8e274c59511b36a1a31af8f59,farthest,1,[0],3.5966054389957764,3.808982353870694,4.021359268745612,0.0,0.0,0.0,1.987830027454979,0.0,0.0,0.0,0.0,0.0,0.0,camera_rotation_center_and_target_diameter_scale_single_view,10.906572036413305,0.0,9342,10000,True,True,True,/content/cv3d-project/data/cache/reconstruction/predictions/02958343/198d8e274c59511b36a1a31af8f59/7c81c2d7fa3d6bd95bc5e04a.npz,a137febf7f7ac31b44e0ae0fd573334a52350fd534e04f5102259f5807c58644,/content/cv3d-project/data/cache/reconstruction/metrics/02958343/198d8e274c59511b36a1a31af8f59/b876651808f0daeba7287336.json,3.7067759999445116
02958343/198d8e274c59511b36a1a31af8f59,farthest,2,"[0, 46]",0.15071360592634367,0.22809126307915933,0.30546892023197497,0.06298656093489148,0.0,0.0,1.987830027454979,0.2023,0.0,0.0,0.0373,0.0,0.0,camera_pose_sim3,2.9163340693844524,0.09031673012211498,10000,10000,True,False,True,/content/cv3d-project/data/cache/reconstruction/predictions/02958343/198d8e274c59511b36a1a31af8f59/3a3be75774c738e08acdc24f.npz,13deab432fa8d6d30b03f818e70d87f455df4ca1d00b9ae55728a7c3dd5c5d74,/content/cv3d-project/data/cache/reconstruction/metrics/02958343/198d8e274c59511b36a1a31af8f59/026810190682c32bb3403a91.json,11.544982000032178
02958343/198d8e274c59511b36a1a31af8f59,farthest,3,"[0, 46, 18]",0.3333742551419406,0.5009914206142727,0.6686085860866049,0.0,0.0,0.0,1.987830027454979,0.0,0.0,0.0,0.0,0.0,0.0,camera_pose_sim3,1.9389380176581383,0.8603330107249024,10000,10000,True,False,True,/content/cv3d-project/data/cache/reconstruction/predictions/02958343/198d8e274c59511b36a1a31af8f59/3aaf9e054c87046661b2b648.npz,5cf87ad74388a87065fec75ec412a299ad41d33a4e9878396e4ad04da190ffc5,/content/cv3d-project/data/cache/reconstruction/metrics/02958343/198d8e274c59511b36a1a31af8f59/01c9959ccbaac124daa5f4c5.json,11.348877999807883
02958343/198d8e274c59511b36a1a31af8f59,farthest,5,"[0, 46, 18, 28, 16]",0.13586251951983253,0.2626824016932172,0.3895022838666019,0.0,0.0,0.0,1.987830027454979,0.0,0.0,0.0,0.0,0.0,0.0,camera_pose_sim3,0.38772592540133277,1.3408063290495826,10000,10000,True,False,True,/content/cv3d-project/data/cache/reconstruction/predictions/02958343/198d8e274c59511b36a1a31af8f59/768ef755cdcc8b0d93d22c92.npz,76f6bbd5df86e89a85c9fa569a9bbb16088df06519329aacafb4a5ebe5d0863d,/content/cv3d-project/data/cache/reconstruction/metrics/02958343/198d8e274c59511b36a1a31af8f59/49bda9bd789f642a80b95267.json,11.314702999698056
02958343/198d8e274c59511b36a1a31af8f59,farthest,10,"[0, 46, 18, 28, 16, 30, 2, 44, 13, 33]",1.1554549569015309,1.2015398836278641,1.2476248103541976,0.0,0.0,0.0,1.987830027454979,0.0,0.0,0.0,0.0,0.0,0.0,camera_pose_sim3,1.7287453581176604,1.1813044746998236,10000,10000,True,False,True,/content/cv3d-project/data/cache/reconstruction/predictions/02958343/198d8e274c59511b36a1a31af8f59/330f6ca5b2d02faca780da9c.npz,996b29e093eb4c3c3eb29a78d909635d11e6d90aadc2a6efe9d4f800d5bedcfb,/content/cv3d-project/data/cache/reconstruction/metrics/02958343/198d8e274c59511b36a1a31af8f59/0916b0eba2b05306492c0296.json,12.65130699994188
02958343/19c25429d34ce9748c844a5e3a5e1a93,farthest,1,[0],3.347329182784127,3.5703670495726234,3.793404916361119,0.0,0.0,0.0,1.996770421798211,0.0,0.0,0.0,0.0,0.0,0.0,camera_rotation_center_and_target_diameter_scale_single_view,10.476856529268527,0.0,8937,10000,True,True,True,/content/cv3d-project/data/cache/reconstruction/predictions/02958343/19c25429d34ce9748c844a5e3a5e1a93/dfeea53a77126322bba78423.npz,c658516fd4a2ccccc9c70d40f081ebfa2fb7d950a2d1b0f1d289e09adf54d9f7,/content/cv3d-project/data/cache/reconstruction/metrics/02958343/19c25429d34ce9748c844a5e3a5e1a93/b17d54543154045509e81896.json,3.6322450000625395
02958343/19c25429d34ce9748c844a5e3a5e1a93,farthest,2,"[0, 46]",1.0603521290561664,1.1066986506997645,1.1530451723433623,0.0,0.0,0.0,1.996770421798211,0.0,0.0,0.0,0.0,0.0,0.0,camera_pose_sim3,2.5513554683360615,0.6693966378394888,10000,10000,True,False,True,/content/cv3d-project/data/cache/reconstruction/predictions/02958343/19c25429d34ce9748c844a5e3a5e1a93/68a3f88e83777cdfbd8a9e98.npz,7cf3152f63b036a65c87f252576717cd287ad47d727699b933ddbfe84b5b2608,/content/cv3d-project/data/cache/reconstruction/metrics/02958343/19c25429d34ce9748c844a5e3a5e1a93/db2ba91a947b1b18888096de.json,11.429015999965486
02958343/19c25429d34ce9748c844a5e3a5e1a93,farthest,3,"[0, 46, 18]",0.3324332040057997,0.4690845926340628,0.605735981262326,0.0,0.0,0.0,1.996770421798211,0.0,0.0,0.0,0.0,0.0,0.0,camera_pose_sim3,1.7440555571693914,0.8959575541357252,10000,10000,True,False,True,/content/cv3d-project/data/cache/reconstruction/predictions/02958343/19c25429d34ce9748c844a5e3a5e1a93/a8aaece2387a094def50247f.npz,0826c32e7ba2fb52836ef82fcca8c260d155904231412577607551f79baea93f,/content/cv3d-project/data/cache/reconstruction/metrics/02958343/19c25429d34ce9748c844a5e3a5e1a93/7eb3dfa4876c7c4595aabb70.json,11.268615999597387
02958343/19c25429d34ce9748c844a5e3a5e1a93,farthest,5,"[0, 46, 18, 28, 16]",0.46029571757496035,0.5553736237564464,0.6504515299379324,0.0,0.0,0.0,1.996770421798211,0.0,0.0,0.0,0.0,0.0,0.0,camera_pose_sim3,1.9194165639367526,0.9739836946533895,10000,10000,True,False,True,/content/cv3d-project/data/cache/reconstruction/predictions/02958343/19c25429d34ce9748c844a5e3a5e1a93/3ac3ed7d04b1686a16e92eca.npz,fb87f7092cf0b86564107f9ac8cbfc39a3642d8d7eb37577028519d7c94e4d7c,/content/cv3d-project/data/cache/reconstruction/metrics/02958343/19c25429d34ce9748c844a5e3a5e1a93/571bbd3236f2f679f47c4290.json,11.490813999898819
02958343/19c25429d34ce9748c844a5e3a5e1a93,farthest,10,"[0, 46, 18, 28, 16, 30, 2, 44, 13, 33]",0.036465382304261974,0.10719850837500686,0.17793163444575175,0.5463003343509232,0.06328304347826087,0.13698058598726115,1.996770421798211,1.0,0.1434,0.3041,0.3758,0.0406,0.0884,camera_pose_sim3,2.084057394550216,0.7848621389403261,10000,10000,True,False,True,/content/cv3d-project/data/cache/reconstruction/predictions/02958343/19c25429d34ce9748c844a5e3a5e1a93/b5c56ea7dd870a2e2f8bf68d.npz,69e43174b8b233d5793cfc96643b0222f8818ddeea3bd970303bfffd7ca2c22a,/content/cv3d-project/data/cache/reconstruction/metrics/02958343/19c25429d34ce9748c844a5e3a5e1a93/73548e8ac00c1f87501d33d0.json,12.106256000151916
02958343/19d35f3e0c0b402125ddb89f02fe6cc0,farthest,1,[0],6.230329106523077,6.441500974053367,6.652672841583657,0.0,0.0,0.0,1.9490899293137516,0.0,0.0,0.0,0.0,0.0,0.0,camera_rotation_center_and_target_diameter_scale_single_view,15.88700445692816,0.0,9521,10000,True,True,True,/content/cv3d-project/data/cache/reconstruction/predictions/02958343/19d35f3e0c0b402125ddb89f02fe6cc0/c3bf095c6952cdf75298964b.npz,e1d965ef89e74ee7c6f700cdb81b7899702ee887d6b97fe4d9a93c2a1cb5d354,/content/cv3d-project/data/cache/reconstruction/metrics/02958343/19d35f3e0c0b402125ddb89f02fe6cc0/3dc4988b81dccecf11f5c41a.json,3.8846040001772053
02958343/19d35f3e0c0b402125ddb89f02fe6cc0,farthest,2,"[0, 46]",0.9515927188887718,1.0083443952976594,1.065096071706547,0.0,0.0,0.0,1.9490899293137516,0.0,0.0,0.0,0.0,0.0,0.0,camera_pose_sim3,3.1789123393217427,0.3716564276575278,10000,10000,True,False,True,/content/cv3d-project/data/cache/reconstruction/predictions/02958343/19d35f3e0c0b402125ddb89f02fe6cc0/d74cc96cc0dadf1f18d74991.npz,3836076b67311a7698e1942538cb206c7ee697b1251962d043303fd7d8328b42,/content/cv3d-project/data/cache/reconstruction/metrics/02958343/19d35f3e0c0b402125ddb89f02fe6cc0/ab2b9c2b3a5ecd6fe47b7a2f.json,11.393220000172732
02958343/19d35f3e0c0b402125ddb89f02fe6cc0,farthest,3,"[0, 46, 18]",0.80137771819211,0.8823071524066168,0.9632365866211237,0.0,0.0,0.0,1.9490899293137516,0.0,0.0,0.0,0.0,0.0,0.0,camera_pose_sim3,2.2143256498101045,1.034329534382483,10000,10000,True,False,True,/content/cv3d-project/data/cache/reconstruction/predictions/02958343/19d35f3e0c0b402125ddb89f02fe6cc0/aa2565bddfe05a0cb6df3ea1.npz,e4e138980e321457c53ec787a652336f42bd3c2b05faf6373e697f7863c8255c,/content/cv3d-project/data/cache/reconstruction/metrics/02958343/19d35f3e0c0b402125ddb89f02fe6cc0/5b3895730562b0de60c7e9a8.json,11.385509999854548
02958343/19d35f3e0c0b402125ddb89f02fe6cc0,farthest,5,"[0, 46, 18, 28, 16]",0.10195900251268167,0.24192112795040077,0.38188325338811985,0.03238772854044004,0.0,0.0,1.9490899293137516,0.3056,0.0,0.0,0.0171,0.0,0.0,camera_pose_sim3,0.8990303172777222,1.2735667724290003,10000,10000,True,False,True,/content/cv3d-project/data/cache/reconstruction/predictions/02958343/19d35f3e0c0b402125ddb89f02fe6cc0/42536d573b57000920329846.npz,f210e05efb281982cb94b570a4f4b1e101ef52b40dbff6f58a30bde051481579,/content/cv3d-project/data/cache/reconstruction/metrics/02958343/19d35f3e0c0b402125ddb89f02fe6cc0/3c4e6bbd2337d617035c0b51.json,11.62143500005186
02958343/19d35f3e0c0b402125ddb89f02fe6cc0,farthest,10,"[0, 46, 18, 28, 16, 30, 2, 44, 13, 33]",0.07187970913138261,0.14238132322346422,0.21288293731554583,0.2959744051007629,0.026391989319092125,0.060632663575476566,1.9490899293137516,0.6899,0.0578,0.1565,0.1884,0.0171,0.0376,camera_pose_sim3,2.4536130005820502,0.3182750491279133,10000,10000,True,False,True,/content/cv3d-project/data/cache/reconstruction/predictions/02958343/19d35f3e0c0b402125ddb89f02fe6cc0/afaa91bac3d69a1992c7b211.npz,ee7a3af89b2347708229788adedd7f14d27425bdaca80a04216f07a07b2be4ef,/content/cv3d-project/data/cache/reconstruction/metrics/02958343/19d35f3e0c0b402125ddb89f02fe6cc0/d4a4916cf1f2a43618bee109.json,11.81928699998025
02958343/19d49c8015948b742d60c8689a64d7a0,farthest,1,[0],4.950854116810004,5.154386386517984,5.357918656225965,0.0,0.0,0.0,1.990372900397478,0.0,0.0,0.0,0.0,0.0,0.0,camera_rotation_center_and_target_diameter_scale_single_view,13.61524209759674,0.0,10000,10000,True,True,True,/content/cv3d-project/data/cache/reconstruction/predictions/02958343/19d49c8015948b742d60c8689a64d7a0/a6c72b65c0db9832989ee6bb.npz,9be543866150602e2ece9d52385747c203b19ee974a655865147c3161481884f,/content/cv3d-project/data/cache/reconstruction/metrics/02958343/19d49c8015948b742d60c8689a64d7a0/659528f90d1d76515d21052c.json,3.7276469997777895
02958343/19d49c8015948b742d60c8689a64d7a0,farthest,2,"[0, 46]",0.0323501546770827,0.11194127946497587,0.19153240425286902,0.3016167841671622,0.011507523939808481,0.026736946354883075,1.990372900397478,0.9997,0.1402,0.3496,0.1776,0.006,0.0139,camera_pose_sim3,2.63825384121662,0.05662711701197169,10000,10000,True,False,True,/content/cv3d-project/data/cache/reconstruction/predictions/02958343/19d49c8015948b742d60c8689a64d7a0/013fe0525c06885b333c2264.npz,e5035097124dc9a46139af4dc8cd21230648da3c600dce4eed026ae839664df2,/content/cv3d-project/data/cache/reconstruction/metrics/02958343/19d49c8015948b742d60c8689a64d7a0/c4f0c129d39a8fac9a05e47e.json,11.423532999742747
02958343/19d49c8015948b742d60c8689a64d7a0,farthest,3,"[0, 46, 18]",0.3684720727598992,0.4654375337325942,0.5624029947052892,0.0,0.0,0.0,1.990372900397478,0.0,0.0,0.0,0.0,0.0,0.0,camera_pose_sim3,2.1134732219524954,0.926404560959246,10000,10000,True,False,True,/content/cv3d-project/data/cache/reconstruction/predictions/02958343/19d49c8015948b742d60c8689a64d7a0/c85bed7767358eef22972cfa.npz,3d00cd40baff8811a9030c24a809d653699ee7fd936c7047cda0ada4064ad0c4,/content/cv3d-project/data/cache/reconstruction/metrics/02958343/19d49c8015948b742d60c8689a64d7a0/ba858049840f1e27952efa96.json,11.138818999825162
02958343/19d49c8015948b742d60c8689a64d7a0,farthest,5,"[0, 46, 18, 28, 16]",0.05805139541891183,0.17832673477588168,0.2986020741328515,0.07984490112446684,0.0,0.0009456521739130434,1.990372900397478,0.99,0.0,0.0087,0.0416,0.0,0.0005,camera_pose_sim3,0.8560562577887841,1.2226438645003066,10000,10000,True,False,True,/content/cv3d-project/data/cache/reconstruction/predictions/02958343/19d49c8015948b742d60c8689a64d7a0/d10df0335c403f7941e66ed4.npz,ce934b2340d9f68448c5b06dc4776bfda5bf823a9891e3c892564c5a4b342df5,/content/cv3d-project/data/cache/reconstruction/metrics/02958343/19d49c8015948b742d60c8689a64d7a0/75cd9509467e7a97b7a1a2de.json,11.431813999934093
02958343/19d49c8015948b742d60c8689a64d7a0,farthest,10,"[0, 46, 18, 28, 16, 30, 2, 44, 13, 33]",0.6535054307302208,0.7480869279954069,0.8426684252605929,0.0,0.0,0.0,1.990372900397478,0.0,0.0,0.0,0.0,0.0,0.0,camera_pose_sim3,1.346999024958408,1.2377533292980436,10000,10000,True,False,True,/content/cv3d-project/data/cache/reconstruction/predictions/02958343/19d49c8015948b742d60c8689a64d7a0/9754b84b2c825b3a3df21961.npz,428dfc055d87d5c3f6b8fcaf7341977eeea788cc0bedbc009c4a50db8dfad521,/content/cv3d-project/data/cache/reconstruction/metrics/02958343/19d49c8015948b742d60c8689a64d7a0/9947999e851e5bc213357b2c.json,12.490720000187139
02958343/1a0bc9ab92c915167ae33d942430658c,farthest,1,[0],4.117391486302278,4.322532716973376,4.527673947644473,0.0,0.0,0.0,1.983308976371416,0.0,0.0,0.0,0.0,0.0,0.0,camera_rotation_center_and_target_diameter_scale_single_view,11.861664732074983,0.0,10000,10000,True,True,True,/content/cv3d-project/data/cache/reconstruction/predictions/02958343/1a0bc9ab92c915167ae33d942430658c/973408fb33d275bc45da1e5b.npz,76b3882c34717a20d1f4869a964f11ee1f4a7da5cbe4e407cab192314e84b4fe,/content/cv3d-project/data/cache/reconstruction/metrics/02958343/1a0bc9ab92c915167ae33d942430658c/b8b89cd2ba16056274030c28.json,3.728181000042241
02958343/1a0bc9ab92c915167ae33d942430658c,farthest,2,"[0, 46]",0.051171545296452195,0.13701046867731662,0.22284939205818105,0.23699839694656485,0.014359243085880642,0.029354266211604096,1.983308976371416,0.9118,0.1298,0.2481,0.1362,0.0076,0.0156,camera_pose_sim3,2.896769389268009,0.03437313278431548,10000,10000,True,False,True,/content/cv3d-project/data/cache/reconstruction/predictions/02958343/1a0bc9ab92c915167ae33d942430658c/fe53c947a446be088d5b4e7f.npz,6849b535649e2199b8a403cf1732dc3a65114daece04d039f8c5c5a76edbea34,/content/cv3d-project/data/cache/reconstruction/metrics/02958343/1a0bc9ab92c915167ae33d942430658c/e787f9a691d4a9874b26a5e3.json,11.23940700017556
02958343/1a0bc9ab92c915167ae33d942430658c,farthest,3,"[0, 46, 18]",0.32641892839341774,0.41055681637645225,0.49469470435948676,0.0,0.0,0.0,1.983308976371416,0.0,0.0,0.0,0.0,0.0,0.0,camera_pose_sim3,2.3157211462688645,0.829034500548274,10000,10000,True,False,True,/content/cv3d-project/data/cache/reconstruction/predictions/02958343/1a0bc9ab92c915167ae33d942430658c/e8d59fad80fe18e36310e040.npz,8a8691ca9a5dcd5c8c7b31314eb394a9297767776183f65f59303bb6143fe616,/content/cv3d-project/data/cache/reconstruction/metrics/02958343/1a0bc9ab92c915167ae33d942430658c/9602dfc44a9fa92687605e5c.json,11.136178000015207
02958343/1a0bc9ab92c915167ae33d942430658c,farthest,5,"[0, 46, 18, 28, 16]",0.037442008999551864,0.1360150545023697,0.23458810000518754,0.28865480304077407,0.023832578209277238,0.04902346247629369,1.983308976371416,0.9886,0.1726,0.3427,0.169,0.0128,0.0264,camera_pose_sim3,2.418247735063839,0.6921678470463418,10000,10000,True,False,True,/content/cv3d-project/data/cache/reconstruction/predictions/02958343/1a0bc9ab92c915167ae33d942430658c/04459722cfd8738449e4111a.npz,880d300adb9fb22ef53d3b55e766fda200b79d004c8daccb49feb51c700efcb2,/content/cv3d-project/data/cache/reconstruction/metrics/02958343/1a0bc9ab92c915167ae33d942430658c/50d5b01961a58df9af93dac7.json,11.256581999987247
02958343/1a0bc9ab92c915167ae33d942430658c,farthest,10,"[0, 46, 18, 28, 16, 30, 2, 44, 13, 33]",0.036808015658120544,0.113288016456803,0.18976801725548548,0.4182353276804818,0.051162493765586035,0.10931985214176994,1.983308976371416,0.9973,0.1704,0.3965,0.2646,0.0301,0.0634,camera_pose_sim3,2.1374391408960376,0.6911541377568148,10000,10000,True,False,True,/content/cv3d-project/data/cache/reconstruction/predictions/02958343/1a0bc9ab92c915167ae33d942430658c/e4e0014fe0955569d01232c5.npz,2a39722b9f41435332ce11941c76c92b75e3036419228c6f50081828ade3cba2,/content/cv3d-project/data/cache/reconstruction/metrics/02958343/1a0bc9ab92c915167ae33d942430658c/633b71328e0ada2d91a174df.json,11.674645999846689
02958343/1a3782ae4bd711b66b418c7d9fedcaa9,farthest,1,[0],1.2843836968953946,1.488814046432215,1.6932443959690353,0.0,0.0,0.0,1.9969478257245012,0.0,0.0,0.0,0.0,0.0,0.0,camera_rotation_center_and_target_diameter_scale_single_view,6.229172302449686,0.0,10000,10000,True,True,True,/content/cv3d-project/data/cache/reconstruction/predictions/02958343/1a3782ae4bd711b66b418c7d9fedcaa9/6a41e97de6f139f1e4aec179.npz,3abf96b87a6af5b5bb3e2e5f7ed1e7403446864bde7e3745c7baa78697380e45,/content/cv3d-project/data/cache/reconstruction/metrics/02958343/1a3782ae4bd711b66b418c7d9fedcaa9/1b2a757c21fe288ea61d0fcc.json,3.7658000001101755
02958343/1a3782ae4bd711b66b418c7d9fedcaa9,farthest,2,"[0, 46]",0.18653625128899556,0.24965862231999542,0.3127809933509953,0.0680065703022339,0.003804484304932735,0.00837984496124031,1.9969478257245012,0.2654,0.0202,0.047,0.039,0.0021,0.0046,camera_pose_sim3,2.8928325326637854,0.09291443872844678,10000,10000,True,False,True,/content/cv3d-project/data/cache/reconstruction/predictions/02958343/1a3782ae4bd711b66b418c7d9fedcaa9/9e09f5e22d582383e9f45e1b.npz,857b7db9b687370fbd0fb3e69c147c72296f66f78d9c69b461641c1020608a3a,/content/cv3d-project/data/cache/reconstruction/metrics/02958343/1a3782ae4bd711b66b418c7d9fedcaa9/d2d5f1e767e79d71816f5b03.json,11.338577000060468
02958343/1a3782ae4bd711b66b418c7d9fedcaa9,farthest,3,"[0, 46, 18]",0.24641469580372363,0.33837648452145885,0.43033827323919405,0.0,0.0,0.0,1.9969478257245012,0.0,0.0,0.0,0.0,0.0,0.0,camera_pose_sim3,1.6964751674688665,0.9137387659378042,10000,10000,True,False,True,/content/cv3d-project/data/cache/reconstruction/predictions/02958343/1a3782ae4bd711b66b418c7d9fedcaa9/f28b7889fca1bfb9023e3ce6.npz,6d266328c77786e32dafc884bea74d3ba44195c7cf010ece803ccc44d2dc57c5,/content/cv3d-project/data/cache/reconstruction/metrics/02958343/1a3782ae4bd711b66b418c7d9fedcaa9/d9f0247428260df68bb500b2.json,11.207603999991989
02958343/1a3782ae4bd711b66b418c7d9fedcaa9,farthest,5,"[0, 46, 18, 28, 16]",0.8445542776582415,0.943357004820311,1.0421597319823805,0.0,0.0,0.0,1.9969478257245012,0.0,0.0,0.0,0.0,0.0,0.0,camera_pose_sim3,1.170365246902128,1.2479417672597144,10000,10000,True,False,True,/content/cv3d-project/data/cache/reconstruction/predictions/02958343/1a3782ae4bd711b66b418c7d9fedcaa9/a3bbb68e937dcdf42a677298.npz,a4d4a20ca096d58e54a67ecc50f73570a7249cbe1b36eb0f451b948e52d8ba24,/content/cv3d-project/data/cache/reconstruction/metrics/02958343/1a3782ae4bd711b66b418c7d9fedcaa9/a221a6fd6ddfa8cc1b107581.json,11.940673000026436
02958343/1a3782ae4bd711b66b418c7d9fedcaa9,farthest,10,"[0, 46, 18, 28, 16, 30, 2, 44, 13, 33]",0.022767073161048524,0.02934305763463583,0.03591904210822313,0.9728841413311422,0.18881462799495588,0.4341480344522968,1.9969478257245012,1.0,0.2415,0.5447,0.9472,0.155,0.3609,camera_pose_sim3,2.5502848475214632,0.17568896848274312,10000,10000,True,False,True,/content/cv3d-project/data/cache/reconstruction/predictions/02958343/1a3782ae4bd711b66b418c7d9fedcaa9/e46d481bd6793ce7b00b2f00.npz,a71f54e5bbe235902dce6ddba7e36e9cfeb14bd8396c777dc2905fb77e6e72e6,/content/cv3d-project/data/cache/reconstruction/metrics/02958343/1a3782ae4bd711b66b418c7d9fedcaa9/52e7782e94796cdec3943e77.json,12.520135000158916
02958343/1a7125aefa9af6b6597505fd7d99b613,farthest,1,[0],0.27528776419925016,0.45620231815371326,0.6371168721081764,0.0,0.0,0.0,1.981092911836724,0.0,0.0,0.0,0.0,0.0,0.0,camera_rotation_center_and_target_diameter_scale_single_view,4.076108354894398,0.0,10000,10000,True,True,True,/content/cv3d-project/data/cache/reconstruction/predictions/02958343/1a7125aefa9af6b6597505fd7d99b613/f8f1b1198df6da8c500f3bd2.npz,164349418460984ba146baec314b34bb63926c6d055fe7528080f5632e23cb83,/content/cv3d-project/data/cache/reconstruction/metrics/02958343/1a7125aefa9af6b6597505fd7d99b613/48348abb37fc500b07fef88e.json,4.024285000014061
02958343/1a7125aefa9af6b6597505fd7d99b613,farthest,2,"[0, 46]",1.0937501979817337,1.1010557419768223,1.1083612859719107,0.0,0.0,0.0,1.981092911836724,0.0,0.0,0.0,0.0,0.0,0.0,camera_pose_sim3,2.971632570933245,0.5326392539962576,10000,10000,True,False,True,/content/cv3d-project/data/cache/reconstruction/predictions/02958343/1a7125aefa9af6b6597505fd7d99b613/4bccd8dc9e50a9deb80feab7.npz,c78323c7568ac0e142b40441fd858aa4cc8e2d672bf763890a32ab4a1ddcbae9,/content/cv3d-project/data/cache/reconstruction/metrics/02958343/1a7125aefa9af6b6597505fd7d99b613/183fd757b1bfb90fad055dcf.json,12.171553999905882
02958343/1a7125aefa9af6b6597505fd7d99b613,farthest,3,"[0, 46, 18]",1.977225913849298,2.0788496243822556,2.180473334915213,0.0,0.0,0.0,1.981092911836724,0.0,0.0,0.0,0.0,0.0,0.0,camera_pose_sim3_positive_scale_fallback,2.877526921457033,1.3069876715681348,10000,10000,True,False,True,/content/cv3d-project/data/cache/reconstruction/predictions/02958343/1a7125aefa9af6b6597505fd7d99b613/4d2fab454dd43761d8d2468f.npz,cfb888306eca8c1eea1e54d062ea2e59201a56fd87c864c232085b0a1cf28439,/content/cv3d-project/data/cache/reconstruction/metrics/02958343/1a7125aefa9af6b6597505fd7d99b613/5c12948334996fc249317960.json,11.733942999853753
02958343/1a7125aefa9af6b6597505fd7d99b613,farthest,5,"[0, 46, 18, 28, 16]",0.016579030261601724,0.14818283300398613,0.2797866357463705,0.11106913486966377,0.0031816487455197133,0.006963345302214243,1.981092911836724,1.0,0.2774,0.6649,0.0588,0.0016,0.0035,camera_pose_sim3,0.3819816007514924,1.330220916740064,10000,10000,True,False,True,/content/cv3d-project/data/cache/reconstruction/predictions/02958343/1a7125aefa9af6b6597505fd7d99b613/07da2d400a82a8abd3eb89dd.npz,dc8a78f9d5ae92842d803bbd857454ecfa79138e202b1f53c163542f987282f6,/content/cv3d-project/data/cache/reconstruction/metrics/02958343/1a7125aefa9af6b6597505fd7d99b613/4b1ca57a9fbe2feb7ddac5ad.json,11.588819999815314
02958343/1a7125aefa9af6b6597505fd7d99b613,farthest,10,"[0, 46, 18, 28, 16, 30, 2, 44, 13, 33]",0.09895626451503219,0.11380892653296099,0.1286615885508898,0.43416789737869493,0.01652804532577904,0.047202042900919304,1.981092911836724,0.5277,0.0221,0.0582,0.3688,0.0132,0.0397,camera_pose_sim3,2.1087257941035698,0.5551983673453251,10000,10000,True,False,True,/content/cv3d-project/data/cache/reconstruction/predictions/02958343/1a7125aefa9af6b6597505fd7d99b613/5a34666edee032ab29372916.npz,01974f70ed2e2e5d13020d32defb3f3c245ae9ae98a4d20c125d6344ec14ebd8,/content/cv3d-project/data/cache/reconstruction/metrics/02958343/1a7125aefa9af6b6597505fd7d99b613/ae66f9160345f5821a2eaf9a.json,12.696495999989565
02958343/1a87a329781b15763820d8f180caa23a,farthest,1,[0],1.1939256310151032,1.3674392837191895,1.540952936423276,0.0,0.0,0.0,1.9844167379148858,0.0,0.0,0.0,0.0,0.0,0.0,camera_rotation_center_and_target_diameter_scale_single_view,6.103910081742183,0.0,10000,10000,True,True,True,/content/cv3d-project/data/cache/reconstruction/predictions/02958343/1a87a329781b15763820d8f180caa23a/36924f7d21e5b6bf57ee87ac.npz,5c6ad08a921d98be03e4bbb91acd4065993ef5e17ce58f444b7bec4b680abb8a,/content/cv3d-project/data/cache/reconstruction/metrics/02958343/1a87a329781b15763820d8f180caa23a/7b9511aed235cace1cffca07.json,3.741557000012108
02958343/1a87a329781b15763820d8f180caa23a,farthest,2,"[0, 46]",0.11205048559877161,0.14394993518113733,0.17584938476350304,0.338778441349759,0.01910891938250429,0.050253321523472096,1.9844167379148858,0.4871,0.1061,0.197,0.2597,0.0105,0.0288,camera_pose_sim3,2.717984061163261,0.14671361183499176,10000,10000,True,False,True,/content/cv3d-project/data/cache/reconstruction/predictions/02958343/1a87a329781b15763820d8f180caa23a/378f6724779cff533650b739.npz,b21cdf4272acf65f99fb0d865c6beee8ec81731de28b19c4679715788201b158,/content/cv3d-project/data/cache/reconstruction/metrics/02958343/1a87a329781b15763820d8f180caa23a/3d34b9a380a37a25653173fb.json,11.435858999902848
02958343/1a87a329781b15763820d8f180caa23a,farthest,3,"[0, 46, 18]",0.5128656482808982,0.5795016913902351,0.6461377344995721,0.0,0.0,0.0,1.9844167379148858,0.0,0.0,0.0,0.0,0.0,0.0,camera_pose_sim3,0.9757393930529288,1.1441981172818791,10000,10000,True,False,True,/content/cv3d-project/data/cache/reconstruction/predictions/02958343/1a87a329781b15763820d8f180caa23a/430cc3d1b98714da30791972.npz,6a790052b572a6bc10ca4d85e94ef8863f233c3afdf5509ea555daa64d1b4ac0,/content/cv3d-project/data/cache/reconstruction/metrics/02958343/1a87a329781b15763820d8f180caa23a/7da412c26eab0a0ca455f1b9.json,11.676639000143041
02958343/1a87a329781b15763820d8f180caa23a,farthest,5,"[0, 46, 18, 28, 16]",0.021787917312795106,0.15689666841862654,0.29200541952445797,0.3870967741935484,0.01808913917940467,0.057071994161649334,1.9844167379148858,1.0,0.2392,0.5179,0.24,0.0094,0.0302,camera_pose_sim3,1.1812636531979033,1.2141958992012678,10000,10000,True,False,True,/content/cv3d-project/data/cache/reconstruction/predictions/02958343/1a87a329781b15763820d8f180caa23a/9c85a01247b7c6e4756dd06a.npz,4bea62900ba8ae738c3a60ccc36d158b5b77a6e58319244f17ca28a9e22d534b,/content/cv3d-project/data/cache/reconstruction/metrics/02958343/1a87a329781b15763820d8f180caa23a/9c3c4ea63ffa051ad3d48d0d.json,12.534043999949063
02958343/1a87a329781b15763820d8f180caa23a,farthest,10,"[0, 46, 18, 28, 16, 30, 2, 44, 13, 33]",0.027031718536342675,0.03416542690144982,0.04129913526655697,0.9879566845460985,0.14831526788479404,0.3319600725952813,1.9844167379148858,1.0,0.2075,0.455,0.9762,0.1154,0.2613,camera_pose_sim3,2.232451456444246,0.19123419768324207,10000,10000,True,False,True,/content/cv3d-project/data/cache/reconstruction/predictions/02958343/1a87a329781b15763820d8f180caa23a/b7a55024e1cc8dec9131456c.npz,6e6008846650d3bb6a1261334a30fc619ec2ce307942c728a1bc58ac8ab10b98,/content/cv3d-project/data/cache/reconstruction/metrics/02958343/1a87a329781b15763820d8f180caa23a/94eb62fbafb42e23a36f7684.json,12.025889000142342
02958343/1ab80bc91a45b7d0a31091d2234b9f68,farthest,1,[0],3.4192125608290764,3.5677133700886308,3.716214179348185,0.0,0.0,0.0,1.997800337192748,0.0,0.0,0.0,0.0,0.0,0.0,camera_rotation_center_and_target_diameter_scale_single_view,10.495932411265022,0.0,10000,10000,True,True,True,/content/cv3d-project/data/cache/reconstruction/predictions/02958343/1ab80bc91a45b7d0a31091d2234b9f68/a4f8dd897fc728e58a0459b4.npz,34a4d3d04d260e6ea7570ad81f21a65f95d77919c22a43361b3e68856e7a017b,/content/cv3d-project/data/cache/reconstruction/metrics/02958343/1ab80bc91a45b7d0a31091d2234b9f68/25dfeb0b5e4e79ec8296eff9.json,3.8099439998404705
02958343/1ab80bc91a45b7d0a31091d2234b9f68,farthest,2,"[0, 46]",0.021975764957716845,0.09803098180823805,0.17408619865875927,0.44756656058371497,0.02643888693201831,0.06946711217183771,1.997800337192748,1.0,0.27,0.5916,0.2883,0.0139,0.0369,camera_pose_sim3,2.974963064472784,0.055791739208479185,10000,10000,True,False,True,/content/cv3d-project/data/cache/reconstruction/predictions/02958343/1ab80bc91a45b7d0a31091d2234b9f68/46e9b81c90fc7d3dc692c12b.npz,aba74cce1c80a13af1fd585bacd828d660a791614d54383352736638dd2d568c,/content/cv3d-project/data/cache/reconstruction/metrics/02958343/1ab80bc91a45b7d0a31091d2234b9f68/4b1856b258d92c1bdcc4df32.json,11.25778999994509
02958343/1ab80bc91a45b7d0a31091d2234b9f68,farthest,3,"[0, 46, 18]",0.39606298192275186,0.45704811821614044,0.5180332545095291,0.0,0.0,0.0,1.997800337192748,0.0,0.0,0.0,0.0,0.0,0.0,camera_pose_sim3,2.3655134888133205,0.8181215428332655,10000,10000,True,False,True,/content/cv3d-project/data/cache/reconstruction/predictions/02958343/1ab80bc91a45b7d0a31091d2234b9f68/3169be689b1eba697bdcbbee.npz,18643b1caaf051c27dd4ec0e436bf41c726819f906fb864015ab42010453a285,/content/cv3d-project/data/cache/reconstruction/metrics/02958343/1ab80bc91a45b7d0a31091d2234b9f68/ac05cba6f00d43d4e18e7352.json,11.357387000316521
02958343/1ab80bc91a45b7d0a31091d2234b9f68,farthest,5,"[0, 46, 18, 28, 16]",0.06269730016100225,0.1419847335089563,0.22127216685691034,0.25579443169344374,0.01854373522458629,0.04034565963707701,1.997800337192748,0.8516,0.074,0.1812,0.1505,0.0106,0.0227,camera_pose_sim3,2.5525346707051426,0.5307776825984729,10000,10000,True,False,True,/content/cv3d-project/data/cache/reconstruction/predictions/02958343/1ab80bc91a45b7d0a31091d2234b9f68/7847d6a235b8e4ae81106e63.npz,73f23bd6f0662946bfbf4b814f16cfddbfa0ee9c1636aeb431c584d1a7296db9,/content/cv3d-project/data/cache/reconstruction/metrics/02958343/1ab80bc91a45b7d0a31091d2234b9f68/f058db96846d68431f91f8ed.json,11.523428000145941
02958343/1ab80bc91a45b7d0a31091d2234b9f68,farthest,10,"[0, 46, 18, 28, 16, 30, 2, 44, 13, 33]",0.023812764628472625,0.0658285648140147,0.10784436499955675,0.6395800707868228,0.07917623762376239,0.17883333333333334,1.997800337192748,0.9988,0.2352,0.5365,0.4704,0.0476,0.1073,camera_pose_sim3,2.744109772180345,0.13305524145054015,10000,10000,True,False,True,/content/cv3d-project/data/cache/reconstruction/predictions/02958343/1ab80bc91a45b7d0a31091d2234b9f68/14f33bd582b9e2f8d166d851.npz,aab4d16777c32283904e686a26c0f3473a5f7958756fce956dace25a09dfa0f5,/content/cv3d-project/data/cache/reconstruction/metrics/02958343/1ab80bc91a45b7d0a31091d2234b9f68/ea6e70ad9f05acccf8c075a8.json,12.252323000211618
02958343/1ae184691a39e3d3e0e8bce75d28b114,farthest,1,[0],2.2433298448150003,2.3968208071876838,2.5503117695603668,0.0,0.0,0.0,1.9512859408639243,0.0,0.0,0.0,0.0,0.0,0.0,camera_rotation_center_and_target_diameter_scale_single_view,7.9697073040182085,0.0,10000,10000,True,True,True,/content/cv3d-project/data/cache/reconstruction/predictions/02958343/1ae184691a39e3d3e0e8bce75d28b114/e9e8464ba91a8baf69d0fd7d.npz,1c2c8f7c1ac34442ac529f18712e915c740d90010836807eae1207099f4dedae,/content/cv3d-project/data/cache/reconstruction/metrics/02958343/1ae184691a39e3d3e0e8bce75d28b114/7be917fe4b6f2bb94bfc7e78.json,4.015567000351439
02958343/1ae184691a39e3d3e0e8bce75d28b114,farthest,2,"[0, 46]",0.06426133691640741,0.14609187122517694,0.22792240553394646,0.255993031358885,0.006446483180428134,0.027296881328473067,1.9512859408639243,0.7347,0.062,0.2324,0.155,0.0034,0.0145,camera_pose_sim3,2.715385998459171,0.09057947655411042,10000,10000,True,False,True,/content/cv3d-project/data/cache/reconstruction/predictions/02958343/1ae184691a39e3d3e0e8bce75d28b114/013aa7482765a6f1fad1bbd1.npz,bf8b18cf8e7057b41096477159ef4ccc504f6ac162c02a8eb77cc7e1c60f9449,/content/cv3d-project/data/cache/reconstruction/metrics/02958343/1ae184691a39e3d3e0e8bce75d28b114/cde4364bb6246216336c57f0.json,12.324754000019311
02958343/1ae184691a39e3d3e0e8bce75d28b114,farthest,3,"[0, 46, 18]",0.633919468280296,0.7189444434219328,0.8039694185635694,0.0,0.0,0.0,1.9512859408639243,0.0,0.0,0.0,0.0,0.0,0.0,camera_pose_sim3,1.391665400362799,1.098912169986302,10000,10000,True,False,True,/content/cv3d-project/data/cache/reconstruction/predictions/02958343/1ae184691a39e3d3e0e8bce75d28b114/db5abe42d0d7d6035552bb02.npz,024c948f1d8986adc69fdb66589e4c1a179a85d0d94d6683d84caca1e903239f,/content/cv3d-project/data/cache/reconstruction/metrics/02958343/1ae184691a39e3d3e0e8bce75d28b114/7287b198c7dd6cbaee7f2e36.json,11.553981000361091
02958343/1ae184691a39e3d3e0e8bce75d28b114,farthest,5,"[0, 46, 18, 28, 16]",0.2908315857780734,0.41437900912770387,0.5379264324773343,0.0,0.0,0.0,1.9512859408639243,0.0,0.0,0.0,0.0,0.0,0.0,camera_pose_sim3,0.9130699618141238,1.3469005997246806,10000,10000,True,False,True,/content/cv3d-project/data/cache/reconstruction/predictions/02958343/1ae184691a39e3d3e0e8bce75d28b114/f860141e47e18528e204067b.npz,f3769d2b75290a995c7a8f3e59ead0aa8d481ff64c1f94a477ea1fe7bb145119,/content/cv3d-project/data/cache/reconstruction/metrics/02958343/1ae184691a39e3d3e0e8bce75d28b114/4a5b89a15459b69dbbd70446.json,11.517503000050056
02958343/1ae184691a39e3d3e0e8bce75d28b114,farthest,10,"[0, 46, 18, 28, 16, 30, 2, 44, 13, 33]",0.03668907594224976,0.11481592182983498,0.1929427677174202,0.4553639333862014,0.04098496894409938,0.10332748562912497,1.9512859408639243,0.9628,0.1369,0.4106,0.2982,0.0241,0.0591,camera_pose_sim3,1.7879544292697362,0.8684096096743245,10000,10000,True,False,True,/content/cv3d-project/data/cache/reconstruction/predictions/02958343/1ae184691a39e3d3e0e8bce75d28b114/d7e645271c3db2040f8545b6.npz,5265a6fabb01eba22bf73fe77c901b947dd0e43c2ed2a909012018bd6fdfeb06,/content/cv3d-project/data/cache/reconstruction/metrics/02958343/1ae184691a39e3d3e0e8bce75d28b114/436422dd292131c80ba40985.json,11.925393000183249
02958343/1ae530f49a914595b491214a0cc2380,farthest,1,[0],4.116588689030274,4.329895656439291,4.543202623848309,0.0,0.0,0.0,1.98393992786098,0.0,0.0,0.0,0.0,0.0,0.0,camera_rotation_center_and_target_diameter_scale_single_view,11.940732238667541,0.0,10000,10000,True,True,True,/content/cv3d-project/data/cache/reconstruction/predictions/02958343/1ae530f49a914595b491214a0cc2380/587d80d12b07136f8cdcb1ee.npz,a938786866d5ab0b374d73655a5355f128aaaf764520e98dd5aa5fe6baa7343a,/content/cv3d-project/data/cache/reconstruction/metrics/02958343/1ae530f49a914595b491214a0cc2380/fce9f4380483954482ca4694.json,3.7555349999820464
02958343/1ae530f49a914595b491214a0cc2380,farthest,2,"[0, 46]",0.09576151666016226,0.18168748844622812,0.267613460232294,0.1367877847794474,0.004082622950819672,0.00970683624801272,1.98393992786098,0.5406,0.0283,0.0576,0.0783,0.0022,0.0053,camera_pose_sim3,2.826421381470715,0.043512262770028634,10000,10000,True,False,True,/content/cv3d-project/data/cache/reconstruction/predictions/02958343/1ae530f49a914595b491214a0cc2380/0fad763c289777ac83de558a.npz,b67f25b40644382aa73f81282bf8ec01be741fe4a6f3768c47c20b67cbb8a98e,/content/cv3d-project/data/cache/reconstruction/metrics/02958343/1ae530f49a914595b491214a0cc2380/2d767f3df0e9b5b3847c54f1.json,11.559051999938674
02958343/1ae530f49a914595b491214a0cc2380,farthest,3,"[0, 46, 18]",0.3560740280417649,0.3997548600550059,0.44343569206824685,0.0,0.0,0.0,1.98393992786098,0.0,0.0,0.0,0.0,0.0,0.0,camera_pose_sim3,2.4502065399985455,0.82346113826901,10000,10000,True,False,True,/content/cv3d-project/data/cache/reconstruction/predictions/02958343/1ae530f49a914595b491214a0cc2380/60f446ba45c60faa259930b4.npz,e1efbc1ee9fb2803439fd1497b6974f6cbd2df21b2c4b84c250586de088e8874,/content/cv3d-project/data/cache/reconstruction/metrics/02958343/1ae530f49a914595b491214a0cc2380/da3a4cbe18b7da90cac82a02.json,11.934570999983407
02958343/1ae530f49a914595b491214a0cc2380,farthest,5,"[0, 46, 18, 28, 16]",0.15104920254598145,0.30079574579440915,0.4505422890428369,0.00016666666666666666,0.0,0.0,1.98393992786098,0.0005,0.0,0.0,0.0001,0.0,0.0,camera_pose_sim3,1.1655462477388836,1.2143580935912022,10000,10000,True,False,True,/content/cv3d-project/data/cache/reconstruction/predictions/02958343/1ae530f49a914595b491214a0cc2380/e4da9cb7fb18695bdb773b77.npz,bf4405db52f998451d799a2d9bef80513fe3288c02d7f4930559497f97a53d0b,/content/cv3d-project/data/cache/reconstruction/metrics/02958343/1ae530f49a914595b491214a0cc2380/c6a6793949cd054bc39ee13c.json,12.323117000050843
02958343/1ae530f49a914595b491214a0cc2380,farthest,10,"[0, 46, 18, 28, 16, 30, 2, 44, 13, 33]",0.018134528087925532,0.047142806487259936,0.07615108488659433,0.8386272574182684,0.12524399306415654,0.2590064850843061,1.98393992786098,1.0,0.3262,0.6886,0.7221,0.0775,0.1595,camera_pose_sim3,2.508385486611208,0.13562021611274533,10000,10000,True,False,True,/content/cv3d-project/data/cache/reconstruction/predictions/02958343/1ae530f49a914595b491214a0cc2380/3ddfa5f98363f39610402146.npz,b966d3b27e682e96f9568d5508199dc3b21b5556e65c1d38065d77b2970b4d31,/content/cv3d-project/data/cache/reconstruction/metrics/02958343/1ae530f49a914595b491214a0cc2380/652657e7f7a87a6abb542865.json,12.036627999805205
02958343/1aef0af3cdafb118c6a40bdf315062da,farthest,1,[0],3.0957972981868447,3.305920177246009,3.516043056305173,0.0,0.0,0.0,1.8547774068772946,0.0,0.0,0.0,0.0,0.0,0.0,camera_rotation_center_and_target_diameter_scale_single_view,9.387613250392121,0.0,10000,10000,True,True,True,/content/cv3d-project/data/cache/reconstruction/predictions/02958343/1aef0af3cdafb118c6a40bdf315062da/83176eb27c81913d0f284acc.npz,ec71974267497859025e719295699d504e4e14d1e3e6613b06d20b5643cd19f9,/content/cv3d-project/data/cache/reconstruction/metrics/02958343/1aef0af3cdafb118c6a40bdf315062da/5587bd30217f2f714eb75030.json,3.7470530000973667
02958343/1aef0af3cdafb118c6a40bdf315062da,farthest,2,"[0, 46]",0.038141520332996705,0.12082074825096917,0.20349997616894164,0.32647146716191117,0.015006484424666247,0.03286699478865084,1.8547774068772946,0.9891,0.1494,0.3281,0.1955,0.0079,0.0173,camera_pose_sim3,2.8212832695533425,0.06909562040780327,10000,10000,True,False,True,/content/cv3d-project/data/cache/reconstruction/predictions/02958343/1aef0af3cdafb118c6a40bdf315062da/696b20e67cda5f893adeccf9.npz,a980264670dc361fb76918c8e97c2daaa44443740abed4c95887da2a4ed24131,/content/cv3d-project/data/cache/reconstruction/metrics/02958343/1aef0af3cdafb118c6a40bdf315062da/7bbf75c352b4e8618549ab62.json,11.59725699972114
02958343/1aef0af3cdafb118c6a40bdf315062da,farthest,3,"[0, 46, 18]",0.2215447245004242,0.34566296322589524,0.46978120195136625,0.0,0.0,0.0,1.8547774068772946,0.0,0.0,0.0,0.0,0.0,0.0,camera_pose_sim3,1.5914596477415073,1.0069800302087826,10000,10000,True,False,True,/content/cv3d-project/data/cache/reconstruction/predictions/02958343/1aef0af3cdafb118c6a40bdf315062da/ba1e84d5950414c3b0776f20.npz,c0014ef8fdcc6dcb49ebb008e611b2ef9f8275fb1b462b330d7a79deaeac7cd6,/content/cv3d-project/data/cache/reconstruction/metrics/02958343/1aef0af3cdafb118c6a40bdf315062da/4152e45f4eda5459b8422ea0.json,11.355081000147038
02958343/1aef0af3cdafb118c6a40bdf315062da,farthest,5,"[0, 46, 18, 28, 16]",0.3755398339930769,0.42460627276655905,0.4736727115400412,0.0,0.0,0.0,1.8547774068772946,0.0,0.0,0.0,0.0,0.0,0.0,camera_pose_sim3,2.331226326235879,0.7193782302593837,10000,10000,True,False,True,/content/cv3d-project/data/cache/reconstruction/predictions/02958343/1aef0af3cdafb118c6a40bdf315062da/fb1ede1b09e5aa0394debd9a.npz,2d78c3b81aa3175dd37d7ba2dbb1b1c1f97b5327c11aeb2022a2752e5513990e,/content/cv3d-project/data/cache/reconstruction/metrics/02958343/1aef0af3cdafb118c6a40bdf315062da/718c747e38d9cebb133fd294.json,11.987791000137804
02958343/1aef0af3cdafb118c6a40bdf315062da,farthest,10,"[0, 46, 18, 28, 16, 30, 2, 44, 13, 33]",0.06320231216570855,0.11874859153973638,0.1742948709137642,0.4267550691680879,0.03916683518705764,0.0878305391934753,1.8547774068772946,0.7585,0.072,0.1602,0.2969,0.0269,0.0605,camera_pose_sim3,2.1875420130504653,0.5495252809689108,10000,10000,True,False,True,/content/cv3d-project/data/cache/reconstruction/predictions/02958343/1aef0af3cdafb118c6a40bdf315062da/3868737e42803a81d06adf59.npz,a8bb5a9872c272484cb071434d911b1ae35e267aadffc82c2b40629c6603bc7b,/content/cv3d-project/data/cache/reconstruction/metrics/02958343/1aef0af3cdafb118c6a40bdf315062da/f14752bcbc499f47953b0c2a.json,13.752930000009655
02958343/1b25c745164e53b822d2fb8fec68f2a1,farthest,1,[0],1.9163980053794194,2.1233516692910936,2.3303053332027677,0.0,0.0,0.0,1.9841385494058488,0.0,0.0,0.0,0.0,0.0,0.0,camera_rotation_center_and_target_diameter_scale_single_view,7.646256534431182,0.0,10000,10000,True,True,True,/content/cv3d-project/data/cache/reconstruction/predictions/02958343/1b25c745164e53b822d2fb8fec68f2a1/560cf5ef675ae5cc93ef018e.npz,d156d666384369ee3cff52b5ca02c937cec18b57d6b9419cdd740cb967828b5f,/content/cv3d-project/data/cache/reconstruction/metrics/02958343/1b25c745164e53b822d2fb8fec68f2a1/ff1ec4598b865ecd2a3833fd.json,3.9343250000456464
02958343/1b25c745164e53b822d2fb8fec68f2a1,farthest,2,"[0, 46]",1.3616432014228614,1.415812289706479,1.469981377990097,0.0,0.0,0.0,1.9841385494058488,0.0,0.0,0.0,0.0,0.0,0.0,camera_pose_sim3,3.0426804003371335,0.6328448168300974,10000,10000,True,False,True,/content/cv3d-project/data/cache/reconstruction/predictions/02958343/1b25c745164e53b822d2fb8fec68f2a1/1b1faf40e7581fea62b68f5e.npz,d94138316c9260b566ebde5506d3bc8bce7dc60b0e19c0b9c1dad0553cb35390,/content/cv3d-project/data/cache/reconstruction/metrics/02958343/1b25c745164e53b822d2fb8fec68f2a1/1a9fde12073bdba26031bb85.json,11.896225999862509
02958343/1b25c745164e53b822d2fb8fec68f2a1,farthest,3,"[0, 46, 18]",3.10806952222684,3.2453181385696235,3.3825667549124065,0.0,0.0,0.0,1.9841385494058488,0.0,0.0,0.0,0.0,0.0,0.0,camera_pose_sim3_positive_scale_fallback,3.6824235878530933,0.5446843839306186,10000,10000,True,False,True,/content/cv3d-project/data/cache/reconstruction/predictions/02958343/1b25c745164e53b822d2fb8fec68f2a1/67f9c136c88aa65da4355951.npz,3572f91d7dbb307750aecaebc90a2582a585a0412718853dbf1f09e36dcadbd1,/content/cv3d-project/data/cache/reconstruction/metrics/02958343/1b25c745164e53b822d2fb8fec68f2a1/b76a324a27530e5ebb654a03.json,11.608739999701356
02958343/1b25c745164e53b822d2fb8fec68f2a1,farthest,5,"[0, 46, 18, 28, 16]",0.44153356344880457,0.5317588859707283,0.621984208492652,0.0,0.0,0.0,1.9841385494058488,0.0,0.0,0.0,0.0,0.0,0.0,camera_pose_sim3,1.8935518457030172,0.850779605272388,10000,10000,True,False,True,/content/cv3d-project/data/cache/reconstruction/predictions/02958343/1b25c745164e53b822d2fb8fec68f2a1/d185f6d3516cd3dd9e044774.npz,769f77bb435f1a20c7fec3e89ce6a8d3e7be038ee5b57e6116d0da407a1c2a83,/content/cv3d-project/data/cache/reconstruction/metrics/02958343/1b25c745164e53b822d2fb8fec68f2a1/a67f5f0bc348faaeaa16fe9c.json,11.68697000002794
02958343/1b25c745164e53b822d2fb8fec68f2a1,farthest,10,"[0, 46, 18, 28, 16, 30, 2, 44, 13, 33]",0.020111736400039344,0.03975299153904252,0.0593942466780457,0.8956987466180774,0.11296451946262487,0.34509894832070565,1.9841385494058488,1.0,0.2135,0.6493,0.8111,0.0768,0.235,camera_pose_sim3,2.4422883914778626,0.14715338196248595,10000,10000,True,False,True,/content/cv3d-project/data/cache/reconstruction/predictions/02958343/1b25c745164e53b822d2fb8fec68f2a1/56763bd1fe3794deb54c1c73.npz,79ccef5cfc3fb279c35210de5fb9c3a9979ca5ff7017919b4e7181e312ba5e69,/content/cv3d-project/data/cache/reconstruction/metrics/02958343/1b25c745164e53b822d2fb8fec68f2a1/9a23aecb748c04b9a50f27e7.json,11.952047000249877
02958343/1b2ef0809ca1abc7ca92a4cdad802b45,farthest,1,[0],3.453886659725618,3.6666611375504363,3.8794356153752547,0.0,0.0,0.0,1.9863568695150902,0.0,0.0,0.0,0.0,0.0,0.0,camera_rotation_center_and_target_diameter_scale_single_view,10.61523706808454,0.0,9774,10000,True,True,True,/content/cv3d-project/data/cache/reconstruction/predictions/02958343/1b2ef0809ca1abc7ca92a4cdad802b45/fefd028f2398a560262290b9.npz,a6a0bca39aea78aa0f24bd8aa14173e049da7bfc2f3fa91bad9b12d8a85d4e2c,/content/cv3d-project/data/cache/reconstruction/metrics/02958343/1b2ef0809ca1abc7ca92a4cdad802b45/a0f0ee5a99b2ba6c6c84433e.json,3.7329669999053294
02958343/1b2ef0809ca1abc7ca92a4cdad802b45,farthest,2,"[0, 46]",0.17597312173893864,0.24750806535803518,0.3190430089771317,0.034215834348355664,0.0,0.0,1.9863568695150902,0.1448,0.0,0.0,0.0194,0.0,0.0,camera_pose_sim3,2.863015841348659,0.17438366950507986,10000,10000,True,False,True,/content/cv3d-project/data/cache/reconstruction/predictions/02958343/1b2ef0809ca1abc7ca92a4cdad802b45/d849dd94717b604cff36051a.npz,17bc3d109749ae4249cb3cd9b8390d07d29f0c6aa705646cf1d01b02c2ded7d7,/content/cv3d-project/data/cache/reconstruction/metrics/02958343/1b2ef0809ca1abc7ca92a4cdad802b45/a990ee793921d33ffad37440.json,12.120466999931523
02958343/1b2ef0809ca1abc7ca92a4cdad802b45,farthest,3,"[0, 46, 18]",0.3758386707796266,0.5272852569290634,0.6787318430785002,0.0,0.0,0.0,1.9863568695150902,0.0,0.0,0.0,0.0,0.0,0.0,camera_pose_sim3,1.676421812769389,0.952260264110895,10000,10000,True,False,True,/content/cv3d-project/data/cache/reconstruction/predictions/02958343/1b2ef0809ca1abc7ca92a4cdad802b45/4452dbb10556a6625e0650f8.npz,1564e4aeca534c7437e691f3689da071b0b458e342ddafa902d43ca51497f2d7,/content/cv3d-project/data/cache/reconstruction/metrics/02958343/1b2ef0809ca1abc7ca92a4cdad802b45/6bd3529c0a91d0998f8de045.json,12.218247999953746
02958343/1b2ef0809ca1abc7ca92a4cdad802b45,farthest,5,"[0, 46, 18, 28, 16]",0.09793822308968139,0.25523007116771806,0.41252191924575476,0.08989702625751345,0.0,0.000957983193277311,1.9863568695150902,0.5835,0.0,0.0114,0.0487,0.0,0.0005,camera_pose_sim3,1.999957894237305,0.9737617243578249,10000,10000,True,False,True,/content/cv3d-project/data/cache/reconstruction/predictions/02958343/1b2ef0809ca1abc7ca92a4cdad802b45/0d47dd0a02481723b561aec0.npz,0c753619e4cbd0f961abcaf4ae7e54a36c851990cbb761fe8b84383da7db97fb,/content/cv3d-project/data/cache/reconstruction/metrics/02958343/1b2ef0809ca1abc7ca92a4cdad802b45/eff35b581b6da17aabb1a881.json,12.721325000256911
02958343/1b2ef0809ca1abc7ca92a4cdad802b45,farthest,10,"[0, 46, 18, 28, 16, 30, 2, 44, 13, 33]",0.013423325952148898,0.08762918573393194,0.16183504551571498,0.6228740618329546,0.08900998870056497,0.1559700608070757,1.9863568695150902,1.0,0.3923,0.8183,0.4523,0.0502,0.0862,camera_pose_sim3,1.998502512485319,0.8341503785182816,10000,10000,True,False,True,/content/cv3d-project/data/cache/reconstruction/predictions/02958343/1b2ef0809ca1abc7ca92a4cdad802b45/ece05813b788899c95ce9ac6.npz,3adbd6de19f315449c20c2e8282afca6ff8268ca4ce77eb78d74ac3f712a1f95,/content/cv3d-project/data/cache/reconstruction/metrics/02958343/1b2ef0809ca1abc7ca92a4cdad802b45/30795c23c8ecb69bde225385.json,12.543940999876213
03001627/1006be65e7bc937e9141f9b58470d646,farthest,1,[0],4.0434662544254705,4.17549067882161,4.30751510321775,0.0,0.0,0.0,1.9785622926653164,0.0,0.0,0.0,0.0,0.0,0.0,camera_rotation_center_and_target_diameter_scale_single_view,11.417179150510156,0.0,10000,10000,True,True,True,/content/cv3d-project/data/cache/reconstruction/predictions/03001627/1006be65e7bc937e9141f9b58470d646/24ebdd5c565b8fe19f894d19.npz,edc2e1fd413bf2aa960c9e83a6bfd55e7d242c33aa3143a9fe951cb823cd0eb6,/content/cv3d-project/data/cache/reconstruction/metrics/03001627/1006be65e7bc937e9141f9b58470d646/5c9c3a014d9477d3ca46bb7d.json,3.8862209999024344
03001627/1006be65e7bc937e9141f9b58470d646,farthest,2,"[0, 46]",0.05489360725298916,0.10531559853687318,0.1557375898207572,0.43299461875698453,0.01596511848341232,0.04113788254755997,1.9785622926653164,0.8757,0.0968,0.2191,0.2876,0.0087,0.0227,camera_pose_sim3,2.7522778873713243,0.06999633881553784,10000,10000,True,False,True,/content/cv3d-project/data/cache/reconstruction/predictions/03001627/1006be65e7bc937e9141f9b58470d646/44edf87e5dcae7e77bf6d2dd.npz,cadfffb0ddabff91845040d06bdf9ce62f7b09ba51023d2a06b75b5488178100,/content/cv3d-project/data/cache/reconstruction/metrics/03001627/1006be65e7bc937e9141f9b58470d646/bb2cfa228b331d7a07f4812f.json,11.288166999747773
03001627/1006be65e7bc937e9141f9b58470d646,farthest,3,"[0, 46, 18]",0.13732938708036865,0.32217284474328867,0.5070163024062087,0.009985484536082475,0.0,0.0006666666666666666,1.9785622926653164,0.2374,0.0,0.001,0.0051,0.0,0.0005,camera_pose_sim3,2.199882853636797,0.8914056152184702,10000,10000,True,False,True,/content/cv3d-project/data/cache/reconstruction/predictions/03001627/1006be65e7bc937e9141f9b58470d646/954e315d2e447af79e02205e.npz,e1b38cedcda3d68a1e889c201d761a7acb7c98ec799c29fdeb2b694106819b50,/content/cv3d-project/data/cache/reconstruction/metrics/03001627/1006be65e7bc937e9141f9b58470d646/e58ff36314251654e792780e.json,11.132899000131147
03001627/1006be65e7bc937e9141f9b58470d646,farthest,5,"[0, 46, 18, 28, 16]",0.28665096559734604,0.5038197443418415,0.7209885230863371,0.0,0.0,0.0,1.9785622926653164,0.0,0.0,0.0,0.0,0.0,0.0,camera_pose_sim3,1.6569618248317826,1.051299786590152,10000,10000,True,False,True,/content/cv3d-project/data/cache/reconstruction/predictions/03001627/1006be65e7bc937e9141f9b58470d646/9bde1e76b096a271762c0ad3.npz,917ae7e9f100b3b577b250c213d86c1500d7d92f35efe4ec9e6e3707e0a18c99,/content/cv3d-project/data/cache/reconstruction/metrics/03001627/1006be65e7bc937e9141f9b58470d646/49293634937613ba638462ff.json,11.346785000114323
03001627/1006be65e7bc937e9141f9b58470d646,farthest,10,"[0, 46, 18, 28, 16, 30, 2, 44, 13, 33]",0.1983990732402283,0.3255887144844088,0.4527783557285893,0.0,0.0,0.0,1.9785622926653164,0.0,0.0,0.0,0.0,0.0,0.0,camera_pose_sim3,1.824965050892327,1.11859202221516,10000,10000,True,False,True,/content/cv3d-project/data/cache/reconstruction/predictions/03001627/1006be65e7bc937e9141f9b58470d646/c7505082a3f018c36bdb2380.npz,b4f30db3587b54239c16722e764fbec5e178cf6012369a572350389830c9b552,/content/cv3d-project/data/cache/reconstruction/metrics/03001627/1006be65e7bc937e9141f9b58470d646/c6e205898896768ad16f22a4.json,12.012308000066696
03001627/1007e20d5e811b308351982a6e40cf41,farthest,1,[0],1.7058072550921919,1.8216495070739407,1.9374917590556895,0.0,0.0,0.0,1.9928516120870232,0.0,0.0,0.0,0.0,0.0,0.0,camera_rotation_center_and_target_diameter_scale_single_view,6.605702070278832,0.0,10000,10000,True,True,True,/content/cv3d-project/data/cache/reconstruction/predictions/03001627/1007e20d5e811b308351982a6e40cf41/9e804dde944b6d142e7b8fa4.npz,e230aa430820570a314bf5a21faa12da84fcd8ed14658c42b37c2ef4f43e397e,/content/cv3d-project/data/cache/reconstruction/metrics/03001627/1007e20d5e811b308351982a6e40cf41/86c14c23acfaed905233edd2.json,4.082865999862406
03001627/1007e20d5e811b308351982a6e40cf41,farthest,2,"[0, 46]",0.0625952048877179,0.12350958617349331,0.1844239674592687,0.3160171212121212,0.01864674493062967,0.05371942130644454,1.9928516120870232,0.7217,0.0832,0.197,0.2023,0.0105,0.0311,camera_pose_sim3,2.6434082690002403,0.023397632493708465,10000,10000,True,False,True,/content/cv3d-project/data/cache/reconstruction/predictions/03001627/1007e20d5e811b308351982a6e40cf41/911dbed62436cb66d52fb9cc.npz,70009b7703011b19090d228a6a0a5f4f7e82ad94cb010442ce72e9421d24ca2b,/content/cv3d-project/data/cache/reconstruction/metrics/03001627/1007e20d5e811b308351982a6e40cf41/61c6d1ebe2a9f86f993c0ccb.json,12.110207999739941
03001627/1007e20d5e811b308351982a6e40cf41,farthest,3,"[0, 46, 18]",0.26484043377497585,0.398393671876731,0.5319469099784863,0.0,0.0,0.0,1.9928516120870232,0.0,0.0,0.0,0.0,0.0,0.0,camera_pose_sim3,1.656706528212567,1.0395230782009104,10000,10000,True,False,True,/content/cv3d-project/data/cache/reconstruction/predictions/03001627/1007e20d5e811b308351982a6e40cf41/c251a91c6a561f1d74ec9989.npz,7d70ab5ef2ed339ad216b0cd241f4088c032480112834b1c10f5b81dd232071f,/content/cv3d-project/data/cache/reconstruction/metrics/03001627/1007e20d5e811b308351982a6e40cf41/fcc011559c1f1837680ed0de.json,14.466627999809134
03001627/1007e20d5e811b308351982a6e40cf41,farthest,5,"[0, 46, 18, 28, 16]",0.0542258339187022,0.23015820262742953,0.4060905713361569,0.10372617806011188,0.0,0.0,1.9928516120870232,1.0,0.0,0.0,0.0547,0.0,0.0,camera_pose_sim3,0.7149789735247565,1.279786638573894,10000,10000,True,False,True,/content/cv3d-project/data/cache/reconstruction/predictions/03001627/1007e20d5e811b308351982a6e40cf41/c79009295166c19ae074c377.npz,c743d2b9d5451fbf96be4c64e0e307e13c4fee216f75c4da07d9eba8e0b128f4,/content/cv3d-project/data/cache/reconstruction/metrics/03001627/1007e20d5e811b308351982a6e40cf41/8e6f5b803e56cf95448796df.json,11.74048099983338
03001627/1007e20d5e811b308351982a6e40cf41,farthest,10,"[0, 46, 18, 28, 16, 30, 2, 44, 13, 33]",0.06701778459931593,0.12350153685365038,0.17998528910798484,0.4512358125360349,0.024501492537313433,0.04785725614591593,1.9928516120870232,0.9146,0.0432,0.094,0.2995,0.0171,0.0321,camera_pose_sim3,2.434526477272521,0.5609285362918116,10000,10000,True,False,True,/content/cv3d-project/data/cache/reconstruction/predictions/03001627/1007e20d5e811b308351982a6e40cf41/73aba6c7aba7f63df3bbb70d.npz,3d84a9eef9df30f39913f2ef54c668834fc07fe7f6624f8ee476e15f1bde31c4,/content/cv3d-project/data/cache/reconstruction/metrics/03001627/1007e20d5e811b308351982a6e40cf41/d83274d62076c869feda6446.json,11.900684000011097
03001627/100b18376b885f206ae9ad7e32c4139d,farthest,1,[0],1.950792343025924,2.0396357485515413,2.128479154077158,0.0,0.0,0.0,1.998428756360668,0.0,0.0,0.0,0.0,0.0,0.0,camera_rotation_center_and_target_diameter_scale_single_view,7.006834011288098,0.0,10000,10000,True,True,True,/content/cv3d-project/data/cache/reconstruction/predictions/03001627/100b18376b885f206ae9ad7e32c4139d/8accc66815bd0ed07c778e41.npz,51a02f3cbfce11b980198f6a95441edb6b38fad07d7eb48dfd32b46ae61f2d0b,/content/cv3d-project/data/cache/reconstruction/metrics/03001627/100b18376b885f206ae9ad7e32c4139d/c11c5eadf4f0ca555f329c39.json,3.8110209998194478
03001627/100b18376b885f206ae9ad7e32c4139d,farthest,2,"[0, 46]",1.030178804404234,1.1560887624160199,1.2819987204278058,0.0,0.0,0.0,1.998428756360668,0.0,0.0,0.0,0.0,0.0,0.0,camera_pose_sim3,3.0057358306228106,0.6492283507585074,10000,10000,True,False,True,/content/cv3d-project/data/cache/reconstruction/predictions/03001627/100b18376b885f206ae9ad7e32c4139d/923907294359319c43b4d74f.npz,8ef070358fadbf04a6a16cad4bdad457dc7a63b296e292abb95970068654cfb4,/content/cv3d-project/data/cache/reconstruction/metrics/03001627/100b18376b885f206ae9ad7e32c4139d/26fafe702a73917471c72a4d.json,11.62729300040155
03001627/100b18376b885f206ae9ad7e32c4139d,farthest,3,"[0, 46, 18]",0.1595531104365097,0.32331754279474734,0.48708197515298496,0.006883734939759035,0.0,0.0,1.998428756360668,0.0293,0.0,0.0,0.0039,0.0,0.0,camera_pose_sim3,1.2429807607660495,1.0508790700044914,10000,10000,True,False,True,/content/cv3d-project/data/cache/reconstruction/predictions/03001627/100b18376b885f206ae9ad7e32c4139d/7a6e2919b60662f09fe2353f.npz,a45727ec40efba6bf8c43d9adf04a166935212543d7d7ff52f5312e43dfdf35b,/content/cv3d-project/data/cache/reconstruction/metrics/03001627/100b18376b885f206ae9ad7e32c4139d/e4738179ec8e361875722f5c.json,12.579680000271765
03001627/100b18376b885f206ae9ad7e32c4139d,farthest,5,"[0, 46, 18, 28, 16]",0.15330439124873071,0.2520838068398611,0.35086322243099144,0.0,0.0,0.0,1.998428756360668,0.0,0.0,0.0,0.0,0.0,0.0,camera_pose_sim3,0.462391222592415,1.3249674712057578,10000,10000,True,False,True,/content/cv3d-project/data/cache/reconstruction/predictions/03001627/100b18376b885f206ae9ad7e32c4139d/a4d14b86895a04c12b0f44fb.npz,c14551f376f3d1712c8ace27295b1d289671821c7c2fa1a7d053d092b71dc58a,/content/cv3d-project/data/cache/reconstruction/metrics/03001627/100b18376b885f206ae9ad7e32c4139d/03aef1c8d2ed656dab1d6f7b.json,12.04805999987002
03001627/100b18376b885f206ae9ad7e32c4139d,farthest,10,"[0, 46, 18, 28, 16, 30, 2, 44, 13, 33]",0.04833250411393081,0.08165649300759484,0.11498048190125887,0.5698791210485736,0.06988381795195954,0.1509796510067114,1.998428756360668,0.8743,0.1061,0.2673,0.4227,0.0521,0.1052,camera_pose_sim3,2.7223154313008133,0.3261267579525474,10000,10000,True,False,True,/content/cv3d-project/data/cache/reconstruction/predictions/03001627/100b18376b885f206ae9ad7e32c4139d/8e142e4992847b57b9ea283c.npz,295fc6d65ce1b7e7e104ba3a41269294a57e71e37046a75a6343dc2b3a0d4b3f,/content/cv3d-project/data/cache/reconstruction/metrics/03001627/100b18376b885f206ae9ad7e32c4139d/a731dbf3e60400a5e21d3fdc.json,12.00682999979108
03001627/1013f70851210a618f2e765c4a8ed3d,farthest,1,[0],1.334133068996802,1.4261545791906873,1.5181760893845724,0.0,0.0,0.0,1.9995002759558806,0.0,0.0,0.0,0.0,0.0,0.0,camera_rotation_center_and_target_diameter_scale_single_view,6.231415655904789,0.0,10000,10000,True,True,True,/content/cv3d-project/data/cache/reconstruction/predictions/03001627/1013f70851210a618f2e765c4a8ed3d/a6828c2c26189fb20c63714b.npz,04b18bb0ca3175bb1614c319401916fc74fec4b231bcfea44d14226ebd22e882,/content/cv3d-project/data/cache/reconstruction/metrics/03001627/1013f70851210a618f2e765c4a8ed3d/9f82f478e661e56e26b1c26d.json,3.834348000054888
03001627/1013f70851210a618f2e765c4a8ed3d,farthest,2,"[0, 46]",0.036841083313239084,0.08079977478243859,0.1247584662516381,0.6134368391764051,0.03385727944372012,0.07381064220183486,1.9995002759558806,0.994,0.2117,0.4503,0.4436,0.0184,0.0402,camera_pose_sim3,2.793415130493139,0.02403306118564919,10000,10000,True,False,True,/content/cv3d-project/data/cache/reconstruction/predictions/03001627/1013f70851210a618f2e765c4a8ed3d/81fb8aae4d66c40ab3a33a4b.npz,f2d3471f88edc9fce0c307fb372e905cd8f61215473c0df47cd1e3d0110bccea,/content/cv3d-project/data/cache/reconstruction/metrics/03001627/1013f70851210a618f2e765c4a8ed3d/fcdcbab0fc9cefad547f71ee.json,11.218958999961615
03001627/1013f70851210a618f2e765c4a8ed3d,farthest,3,"[0, 46, 18]",0.19853281959405947,0.3082292955429329,0.41792577149180626,0.019299609375,0.0,0.0,1.9995002759558806,0.0383,0.0,0.0,0.0129,0.0,0.0,camera_pose_sim3,2.066687970559193,0.8704707572049283,10000,10000,True,False,True,/content/cv3d-project/data/cache/reconstruction/predictions/03001627/1013f70851210a618f2e765c4a8ed3d/59fc63b6f553335d15043e8c.npz,c4c782d363d067d1b5e86ca28411700318e65acb7800621f53fc22af7b4fbf48,/content/cv3d-project/data/cache/reconstruction/metrics/03001627/1013f70851210a618f2e765c4a8ed3d/a6e0489193b84705b95fddff.json,11.102290000053472
03001627/1013f70851210a618f2e765c4a8ed3d,farthest,5,"[0, 46, 18, 28, 16]",0.02870377791968455,0.2026820015233188,0.3766602251269531,0.05693189546293597,0.0016627118644067795,0.004944345503116652,1.9995002759558806,1.0,0.0109,0.2221,0.0293,0.0009,0.0025,camera_pose_sim3,0.4953136701614007,1.3249550216512782,10000,10000,True,False,True,/content/cv3d-project/data/cache/reconstruction/predictions/03001627/1013f70851210a618f2e765c4a8ed3d/49581742b1192da5334e15a8.npz,49322a06074c2cbd15d89e6e27b78d98ed2da208a80d08d387d2de0f8723c7d9,/content/cv3d-project/data/cache/reconstruction/metrics/03001627/1013f70851210a618f2e765c4a8ed3d/af682006681f143e9d86ccc0.json,11.381713999981002
03001627/1013f70851210a618f2e765c4a8ed3d,farthest,10,"[0, 46, 18, 28, 16, 30, 2, 44, 13, 33]",0.04561635692546756,0.08717042460865067,0.12872449229183378,0.5323706599937442,0.07727873660462492,0.14865271783665665,1.9995002759558806,0.901,0.1204,0.2624,0.3778,0.0569,0.1037,camera_pose_sim3,2.3874193872956146,0.4004512317231581,10000,10000,True,False,True,/content/cv3d-project/data/cache/reconstruction/predictions/03001627/1013f70851210a618f2e765c4a8ed3d/12a9ede50dd81518a8e67258.npz,7c8e4525c523b139cc6c84aca5497ea0903a9c93a24dadca08208f02c08bda44,/content/cv3d-project/data/cache/reconstruction/metrics/03001627/1013f70851210a618f2e765c4a8ed3d/c9072f013f907d5641774189.json,12.06615299997793
03001627/1015e71a0d21b127de03ab2a27ba7531,farthest,1,[0],2.022588170194783,2.142831728453539,2.263075286712295,0.0,0.0,0.0,1.9881526390733515,0.0,0.0,0.0,0.0,0.0,0.0,camera_rotation_center_and_target_diameter_scale_single_view,7.339679993994517,0.0,10000,10000,True,True,True,/content/cv3d-project/data/cache/reconstruction/predictions/03001627/1015e71a0d21b127de03ab2a27ba7531/9f1ec0ca8d4a703dc74c0d55.npz,eaec331f07ddfab66b342555dffbd08a5978dfb843f1f10ad540bb9ad63cc23f,/content/cv3d-project/data/cache/reconstruction/metrics/03001627/1015e71a0d21b127de03ab2a27ba7531/c843f1d20bca9814efe955d2.json,4.010930000276858
03001627/1015e71a0d21b127de03ab2a27ba7531,farthest,2,"[0, 46]",0.05895397154644612,0.12343965691100853,0.18792534227557092,0.33460899761773877,0.009984335664335665,0.02320258855585831,1.9881526390733515,0.8851,0.0661,0.1341,0.2063,0.0054,0.0127,camera_pose_sim3,2.725787917119052,0.07735739964920436,10000,10000,True,True,True,/content/cv3d-project/data/cache/reconstruction/predictions/03001627/1015e71a0d21b127de03ab2a27ba7531/7db312a93626ca020120589e.npz,d543dd1de61e3431988a6137e26dded00b57483ddfd8ae95e0a567e962699508,/content/cv3d-project/data/cache/reconstruction/metrics/03001627/1015e71a0d21b127de03ab2a27ba7531/2f232c4b55fe4b061f44e936.json,2.625955999974394
03001627/1015e71a0d21b127de03ab2a27ba7531,farthest,3,"[0, 46, 18]",0.15660028968494077,0.27590468217349373,0.39520907466204674,0.016051552795031055,0.0,0.0,1.9881526390733515,0.1202,0.0,0.0,0.0086,0.0,0.0,camera_pose_sim3,1.8143238304397244,0.7471801915826379,10000,10000,True,False,True,/content/cv3d-project/data/cache/reconstruction/predictions/03001627/1015e71a0d21b127de03ab2a27ba7531/78f94cee761f97fd92252d02.npz,5e16776f17ed755a6688e6fb84a781b02183f363093b56b5ab54f7d00d0df1b5,/content/cv3d-project/data/cache/reconstruction/metrics/03001627/1015e71a0d21b127de03ab2a27ba7531/ac8587aee97ff176a12ce39e.json,11.80518099999972
03001627/1015e71a0d21b127de03ab2a27ba7531,farthest,5,"[0, 46, 18, 28, 16]",0.042974827381304766,0.08382809992889181,0.12468137247647887,0.5979493102947582,0.039647999999999996,0.09207266414141414,1.9881526390733515,0.9387,0.1239,0.2609,0.4387,0.0236,0.0559,camera_pose_sim3,2.5555218806150863,0.21492879013817787,10000,10000,True,False,True,/content/cv3d-project/data/cache/reconstruction/predictions/03001627/1015e71a0d21b127de03ab2a27ba7531/703821a00f1f1883730b7e60.npz,42e6bd99466a626b6891e90473fae754696c5e1f7b4796738c0d18b3e26d433b,/content/cv3d-project/data/cache/reconstruction/metrics/03001627/1015e71a0d21b127de03ab2a27ba7531/4902f7c87d9e6811987badc3.json,11.599470999954065
03001627/1015e71a0d21b127de03ab2a27ba7531,farthest,10,"[0, 46, 18, 28, 16, 30, 2, 44, 13, 33]",0.0429965178489517,0.06066242190520525,0.0783283259614588,0.782805070145213,0.11920185042405552,0.21896793893129773,1.9881526390733515,0.9682,0.1666,0.2988,0.657,0.0928,0.1728,camera_pose_sim3,2.607623490636497,0.2722774172148046,10000,10000,True,False,True,/content/cv3d-project/data/cache/reconstruction/predictions/03001627/1015e71a0d21b127de03ab2a27ba7531/d6f1b5733c826710dfd98d51.npz,c8491a7eda9a6735cd0215218801abeb8057dcefcc8410e720a5625497869016,/content/cv3d-project/data/cache/reconstruction/metrics/03001627/1015e71a0d21b127de03ab2a27ba7531/c5efa061f60653c1f6b5be9e.json,11.969943999702082
03001627/1016f4debe988507589aae130c1f06fb,farthest,1,[0],0.5545868468943789,0.6711808914913492,0.7877749360883195,0.0,0.0,0.0,1.9994412719593213,0.0,0.0,0.0,0.0,0.0,0.0,camera_rotation_center_and_target_diameter_scale_single_view,4.397000526109325,0.0,10000,10000,True,True,True,/content/cv3d-project/data/cache/reconstruction/predictions/03001627/1016f4debe988507589aae130c1f06fb/d1eb5b2ffced508b117451ba.npz,0a0d525c2ea4e20381d0b7642d9ee3252ec7b566f12c9f16594bc5f5277cd2f4,/content/cv3d-project/data/cache/reconstruction/metrics/03001627/1016f4debe988507589aae130c1f06fb/559a8b8fc60e3c187a354955.json,3.8571850000153063
03001627/1016f4debe988507589aae130c1f06fb,farthest,2,"[0, 46]",0.052587116403111395,0.08260402856731269,0.11262094073151398,0.5966835107913668,0.002892982456140351,0.01728542857142857,1.9994412719593213,0.9564,0.0097,0.0599,0.4336,0.0017,0.0101,camera_pose_sim3,2.548170311711144,0.021872034342987717,10000,10000,True,False,True,/content/cv3d-project/data/cache/reconstruction/predictions/03001627/1016f4debe988507589aae130c1f06fb/64353eeac61bd2e331bdea6c.npz,772ead6c993ab7f4838be3b1f7e5cfca3a3f9ab18d1f81ab855ff3f21b0b15ff,/content/cv3d-project/data/cache/reconstruction/metrics/03001627/1016f4debe988507589aae130c1f06fb/b6708f275b1cf5d4c74c0622.json,11.311062000004313
03001627/1016f4debe988507589aae130c1f06fb,farthest,3,"[0, 46, 18]",0.1968451054851956,0.3222094657910237,0.44757382609685187,0.0,0.0,0.0,1.9994412719593213,0.0,0.0,0.0,0.0,0.0,0.0,camera_pose_sim3,1.1854770193531885,0.9888657583416628,10000,10000,True,False,True,/content/cv3d-project/data/cache/reconstruction/predictions/03001627/1016f4debe988507589aae130c1f06fb/b79d0a57da6a4dc3bcf14141.npz,419d53311868e56411412fd21d3592caf9adba7c3443a69eba26f602c7cefffe,/content/cv3d-project/data/cache/reconstruction/metrics/03001627/1016f4debe988507589aae130c1f06fb/785101a06bb018fdb5bd6e00.json,12.063410000337171
03001627/1016f4debe988507589aae130c1f06fb,farthest,5,"[0, 46, 18, 28, 16]",0.14264314242299753,0.24478348571560798,0.34692382900821844,0.0,0.0,0.0,1.9994412719593213,0.0,0.0,0.0,0.0,0.0,0.0,camera_pose_sim3,0.2964567522248115,1.3231503753669964,10000,10000,True,False,True,/content/cv3d-project/data/cache/reconstruction/predictions/03001627/1016f4debe988507589aae130c1f06fb/8ef02fa13a58def2ad058721.npz,5b1f711643077a4224a045badc7aa775819fc0493a17adad51920435c96d241a,/content/cv3d-project/data/cache/reconstruction/metrics/03001627/1016f4debe988507589aae130c1f06fb/9b808cb4ba946af9c36880aa.json,12.446293999801128
03001627/1016f4debe988507589aae130c1f06fb,farthest,10,"[0, 46, 18, 28, 16, 30, 2, 44, 13, 33]",0.1371636616763057,0.15264050921874128,0.16811735676117687,0.15600899795501025,0.005747368421052631,0.018872164948453604,1.9994412719593213,0.1076,0.0091,0.0226,0.2836,0.0042,0.0162,camera_pose_sim3,2.312782860667508,0.3354080903416586,10000,10000,True,False,True,/content/cv3d-project/data/cache/reconstruction/predictions/03001627/1016f4debe988507589aae130c1f06fb/752989a7b5a8c5c594af4115.npz,ab76a2b45f2c93ddbc9a910aa7ef7ed0a9230bec946b1e42f2bf10af8628461d,/content/cv3d-project/data/cache/reconstruction/metrics/03001627/1016f4debe988507589aae130c1f06fb/aa169248c3a36d33046dfc0a.json,12.770130999797402
03001627/1022fe7dd03f6a4d4d5ad9f13ac9f4e7,farthest,1,[0],2.6468833819818705,2.767436494753354,2.8879896075248377,0.0,0.0,0.0,1.9901375648804176,0.0,0.0,0.0,0.0,0.0,0.0,camera_rotation_center_and_target_diameter_scale_single_view,8.428871772092199,0.0,10000,10000,True,True,True,/content/cv3d-project/data/cache/reconstruction/predictions/03001627/1022fe7dd03f6a4d4d5ad9f13ac9f4e7/fb84fe0543b0e38bba26f561.npz,eaf92f173b454a16054068c59030cce95cb98b5635453afabf22d6f6d6e829cd,/content/cv3d-project/data/cache/reconstruction/metrics/03001627/1022fe7dd03f6a4d4d5ad9f13ac9f4e7/dc2e9b8d51762af9fdcc0e27.json,4.147467999700893
03001627/1022fe7dd03f6a4d4d5ad9f13ac9f4e7,farthest,2,"[0, 46]",0.07536619626567526,0.15371916500692268,0.2320721337481701,0.1605618623080733,0.008103626943005182,0.017066666666666664,1.9901375648804176,0.7172,0.034,0.0768,0.0904,0.0046,0.0096,camera_pose_sim3,2.8568831843754947,0.0881591247336857,10000,10000,True,False,True,/content/cv3d-project/data/cache/reconstruction/predictions/03001627/1022fe7dd03f6a4d4d5ad9f13ac9f4e7/8e1d40989300396f869382e9.npz,571267af87f2f072fe9aa05958693692881ca61798f670abf366ce4f706adcc1,/content/cv3d-project/data/cache/reconstruction/metrics/03001627/1022fe7dd03f6a4d4d5ad9f13ac9f4e7/bbc679594cabf6e51b769f0e.json,11.66956300039601
03001627/1022fe7dd03f6a4d4d5ad9f13ac9f4e7,farthest,3,"[0, 46, 18]",0.24404074273437876,0.3759366065701415,0.5078324704059042,0.0,0.0,0.0,1.9901375648804176,0.0,0.0,0.0,0.0,0.0,0.0,camera_pose_sim3,1.3461245117911613,0.9208011650928916,10000,10000,True,False,True,/content/cv3d-project/data/cache/reconstruction/predictions/03001627/1022fe7dd03f6a4d4d5ad9f13ac9f4e7/70286154b99207c4fa6b8679.npz,1ed408d21d17b9233fe738b3f2508d6a9bff55077e8b1d9914d99899c4caee0f,/content/cv3d-project/data/cache/reconstruction/metrics/03001627/1022fe7dd03f6a4d4d5ad9f13ac9f4e7/e15a0bfba9fb4f5cf0e2c926.json,11.26352900018901
03001627/1022fe7dd03f6a4d4d5ad9f13ac9f4e7,farthest,5,"[0, 46, 18, 28, 16]",0.0487838718155626,0.14232678115644493,0.23586969049732723,0.2408305075395366,0.022321946564885495,0.052111326860841425,1.9901375648804176,0.9497,0.0921,0.2176,0.1379,0.0127,0.0296,camera_pose_sim3,2.5422499460775456,0.41162142780184857,10000,10000,True,False,True,/content/cv3d-project/data/cache/reconstruction/predictions/03001627/1022fe7dd03f6a4d4d5ad9f13ac9f4e7/1c95e2e4abcd1f6ea90ae583.npz,cff4022c32b2b4c26505c28b1d5d56aad6ab741324436b9fc0a52a131a22549d,/content/cv3d-project/data/cache/reconstruction/metrics/03001627/1022fe7dd03f6a4d4d5ad9f13ac9f4e7/1cfcff5d4fd3be9b1bed9403.json,11.341778999849339
03001627/1022fe7dd03f6a4d4d5ad9f13ac9f4e7,farthest,10,"[0, 46, 18, 28, 16, 30, 2, 44, 13, 33]",0.07333825846255772,0.09616999901423434,0.11900173956591095,0.502155520269008,0.05118240985048374,0.11495839679358719,1.9901375648804176,0.6685,0.0748,0.1597,0.4021,0.0389,0.0898,camera_pose_sim3,2.591896289821137,0.33963820835906,10000,10000,True,False,True,/content/cv3d-project/data/cache/reconstruction/predictions/03001627/1022fe7dd03f6a4d4d5ad9f13ac9f4e7/4f6c8e1f2a999ec10a03c8e9.npz,e2cf3bdb1c355f9f9924a9437f93956864db5408e218fc86d92b6212a8ace463,/content/cv3d-project/data/cache/reconstruction/metrics/03001627/1022fe7dd03f6a4d4d5ad9f13ac9f4e7/7b33e887d0bccfbed6f9de57.json,11.913978999928077
03001627/1028b32dc1873c2afe26a3ac360dbd4,farthest,1,[0],1.4725361711326956,1.4695297187264167,1.4665232663201377,0.0,0.0,0.0,1.9896549594052118,0.0,0.0,0.0,0.0,0.0,0.0,camera_rotation_center_and_target_diameter_scale_single_view,5.987413145101402,0.0,10000,10000,True,True,True,/content/cv3d-project/data/cache/reconstruction/predictions/03001627/1028b32dc1873c2afe26a3ac360dbd4/5f080430759e86a97cfdac54.npz,a2d1d8d3d8ffbbb9df5f30264c78740360dc2afb23dcbcdababd69c932f9b525,/content/cv3d-project/data/cache/reconstruction/metrics/03001627/1028b32dc1873c2afe26a3ac360dbd4/4e14fd6a3225a244d21e01b9.json,3.9664619998802664
03001627/1028b32dc1873c2afe26a3ac360dbd4,farthest,2,"[0, 46]",0.04038064193160544,0.08352986051138328,0.1266790790911611,0.5133064365885317,0.023412075471698116,0.0635012677106637,1.9896549594052118,0.9593,0.0926,0.2314,0.3504,0.0134,0.0368,camera_pose_sim3,2.702259704651709,0.011756106829022308,10000,10000,True,False,True,/content/cv3d-project/data/cache/reconstruction/predictions/03001627/1028b32dc1873c2afe26a3ac360dbd4/57da3af4ca7933750d7afc52.npz,cc9d1a393828cf4c83c80529ca11f13edd209de3f232e9f711b00c6df4a47c52,/content/cv3d-project/data/cache/reconstruction/metrics/03001627/1028b32dc1873c2afe26a3ac360dbd4/8814a973754e0a7ffc10a55a.json,12.317769999754091
03001627/1028b32dc1873c2afe26a3ac360dbd4,farthest,3,"[0, 46, 18]",0.13155649825452917,0.2168322014662455,0.3021079046779618,0.12497751017087064,0.008725696594427245,0.0201981981981982,1.9896549594052118,0.5439,0.0271,0.0885,0.0706,0.0052,0.0114,camera_pose_sim3,2.012620288042604,0.7335945737617608,10000,10000,True,False,True,/content/cv3d-project/data/cache/reconstruction/predictions/03001627/1028b32dc1873c2afe26a3ac360dbd4/e96c005ebf7a1f8d7ccc504c.npz,4ad10809d93ca29e863983edfdd981c9bff9c002ce33eec15544f4dbc0ea3804,/content/cv3d-project/data/cache/reconstruction/metrics/03001627/1028b32dc1873c2afe26a3ac360dbd4/def82ef5b30c909e965d9af8.json,11.645431000033568
03001627/1028b32dc1873c2afe26a3ac360dbd4,farthest,5,"[0, 46, 18, 28, 16]",0.36216238914106025,0.5065482560406123,0.6509341229401642,0.0,0.0,0.0,1.9896549594052118,0.0,0.0,0.0,0.0,0.0,0.0,camera_pose_sim3,1.3513590774660695,1.1228393457624677,10000,10000,True,False,True,/content/cv3d-project/data/cache/reconstruction/predictions/03001627/1028b32dc1873c2afe26a3ac360dbd4/63a211d65367360302a7f047.npz,0c2b88df1dba1fd64818a971fd16cb5d9fedb0b79a7fb1d0539e5024f2db1d59,/content/cv3d-project/data/cache/reconstruction/metrics/03001627/1028b32dc1873c2afe26a3ac360dbd4/9b72c445b9cc11697344c370.json,11.57583899976089
03001627/1028b32dc1873c2afe26a3ac360dbd4,farthest,10,"[0, 46, 18, 28, 16, 30, 2, 44, 13, 33]",0.06408095968364727,0.08681165773999042,0.10954235579633355,0.6391090656934306,0.03803418013856813,0.10164569961489088,1.9896549594052118,0.8623,0.0584,0.159,0.5077,0.0282,0.0747,camera_pose_sim3,2.525033263144218,0.3425136775043989,10000,10000,True,False,True,/content/cv3d-project/data/cache/reconstruction/predictions/03001627/1028b32dc1873c2afe26a3ac360dbd4/6e5bcce98b3c645205dbe915.npz,12b6c48e125ecfdf0962506c88153529cbf11ea52b2a1d4e77a895c35f3c2303,/content/cv3d-project/data/cache/reconstruction/metrics/03001627/1028b32dc1873c2afe26a3ac360dbd4/a080957592a0eea6eb0a078d.json,11.80707599996822
03001627/1031fc859dc3177a2f84cb7932f866fd,farthest,1,[0],2.113484913672919,2.210818605848708,2.3081522980244973,0.0,0.0,0.0,1.9930527641370261,0.0,0.0,0.0,0.0,0.0,0.0,camera_rotation_center_and_target_diameter_scale_single_view,7.50730564724865,0.0,10000,10000,True,True,True,/content/cv3d-project/data/cache/reconstruction/predictions/03001627/1031fc859dc3177a2f84cb7932f866fd/40f63a7b31d9ff0c771591a9.npz,98e637e8f0ca7cedf28d026eeaafc39343f9232d9c329fa2ce87ea4a8b11a40c,/content/cv3d-project/data/cache/reconstruction/metrics/03001627/1031fc859dc3177a2f84cb7932f866fd/8f28dc33374524934717e8ad.json,3.843209000024217
03001627/1031fc859dc3177a2f84cb7932f866fd,farthest,2,"[0, 46]",0.040133431949162315,0.08711716802783964,0.13410090410651698,0.5189607709414381,0.023265194211728867,0.058917055867573155,1.9930527641370261,0.9984,0.1184,0.3057,0.3506,0.0129,0.0326,camera_pose_sim3,2.637222684767177,0.013031930439320376,10000,10000,True,False,True,/content/cv3d-project/data/cache/reconstruction/predictions/03001627/1031fc859dc3177a2f84cb7932f866fd/9c5953dfc514dba750f4de10.npz,3028dcf5c65a627af4f8007a60fcaefba3db536383f087e09e144608034dd62b,/content/cv3d-project/data/cache/reconstruction/metrics/03001627/1031fc859dc3177a2f84cb7932f866fd/1ef7dcbc1bbe19c52c0a305a.json,11.66616399996201
03001627/1031fc859dc3177a2f84cb7932f866fd,farthest,3,"[0, 46, 18]",0.3871023003972991,0.4719648807423205,0.5568274610873419,0.0,0.0,0.0,1.9930527641370261,0.0,0.0,0.0,0.0,0.0,0.0,camera_pose_sim3,2.1722420644426226,0.7646642876545513,10000,10000,True,False,True,/content/cv3d-project/data/cache/reconstruction/predictions/03001627/1031fc859dc3177a2f84cb7932f866fd/6de9112b3d885c1a76f4a9e8.npz,5ffe3c76abe8b53c6d694d4c5b4304a054c380af420af2f79c21d502632dd5a0,/content/cv3d-project/data/cache/reconstruction/metrics/03001627/1031fc859dc3177a2f84cb7932f866fd/74893e56a805f420ee30da2b.json,12.17679399996996
03001627/1031fc859dc3177a2f84cb7932f866fd,farthest,5,"[0, 46, 18, 28, 16]",0.25469622579413004,0.3784109441127871,0.5021256624314441,0.0,0.0,0.0,1.9930527641370261,0.0,0.0,0.0,0.0,0.0,0.0,camera_pose_sim3,0.756865621120397,1.282237864181789,10000,10000,True,False,True,/content/cv3d-project/data/cache/reconstruction/predictions/03001627/1031fc859dc3177a2f84cb7932f866fd/561b55be2add1f27c6ea96cf.npz,61e2443677521c6c85ec0ab5a0970f0fd8a9084f0c0b104a1da0312b5b43393b,/content/cv3d-project/data/cache/reconstruction/metrics/03001627/1031fc859dc3177a2f84cb7932f866fd/41144baca7c8e58a1df0afe8.json,12.015238000003592
03001627/1031fc859dc3177a2f84cb7932f866fd,farthest,10,"[0, 46, 18, 28, 16, 30, 2, 44, 13, 33]",0.02249640822664123,0.043976683976297164,0.0654569597259531,0.8674971687429218,0.1357403548941042,0.2795187482458602,1.9930527641370261,1.0,0.2572,0.5217,0.766,0.0922,0.1909,camera_pose_sim3,2.7487234010078145,0.1511542818234897,10000,10000,True,False,True,/content/cv3d-project/data/cache/reconstruction/predictions/03001627/1031fc859dc3177a2f84cb7932f866fd/57dd265b1c1d4cfe93bd9302.npz,720fc416e8e23af8e3a68669712e6a8edf43d2dbd047140bc61edb682013f587,/content/cv3d-project/data/cache/reconstruction/metrics/03001627/1031fc859dc3177a2f84cb7932f866fd/a61a18dae8f13c01b1b1b67a.json,12.049558000398974
03001627/1033ee86cc8bac4390962e4fb7072b86,farthest,1,[0],2.3951645745929584,2.54619153080082,2.6972184870086817,0.0,0.0,0.0,1.997194846097808,0.0,0.0,0.0,0.0,0.0,0.0,camera_rotation_center_and_target_diameter_scale_single_view,8.177978725153451,0.0,10000,10000,True,True,True,/content/cv3d-project/data/cache/reconstruction/predictions/03001627/1033ee86cc8bac4390962e4fb7072b86/3ed4729770a5a465536a2d21.npz,73497413af37521dd57fd431058020c9602d05e25c1ca26fe383f433e486f9b6,/content/cv3d-project/data/cache/reconstruction/metrics/03001627/1033ee86cc8bac4390962e4fb7072b86/f1249be20b6087d53daba3b2.json,3.840432000288274
03001627/1033ee86cc8bac4390962e4fb7072b86,farthest,2,"[0, 46]",0.015235174687007991,0.06856597469870429,0.12189677471040058,0.6186891359900546,0.06331977142857143,0.18371555651516788,1.997194846097808,1.0,0.3148,0.8229,0.4479,0.0352,0.1034,camera_pose_sim3,2.641828672615184,0.01790013854758146,10000,10000,True,True,True,/content/cv3d-project/data/cache/reconstruction/predictions/03001627/1033ee86cc8bac4390962e4fb7072b86/d0d6e36da7e1282796e48469.npz,a9b4748b1d1798746d359dbfe321696e57a7db53ede1e37b6443fd4f2ca1ca29,/content/cv3d-project/data/cache/reconstruction/metrics/03001627/1033ee86cc8bac4390962e4fb7072b86/86a76bcc8532262c2da11081.json,2.3816030002308253
03001627/1033ee86cc8bac4390962e4fb7072b86,farthest,3,"[0, 46, 18]",0.321304871621252,0.3846235994894521,0.44794232735765216,0.0,0.0,0.0,1.997194846097808,0.0,0.0,0.0,0.0,0.0,0.0,camera_pose_sim3,2.050533081355185,0.8593266057247037,10000,10000,True,False,True,/content/cv3d-project/data/cache/reconstruction/predictions/03001627/1033ee86cc8bac4390962e4fb7072b86/f37cf6592654ddeb8dfb6c29.npz,957187c81751def1a1f569b127eadd9eda1d8313d6fd3681ab8ab2e42864f4e6,/content/cv3d-project/data/cache/reconstruction/metrics/03001627/1033ee86cc8bac4390962e4fb7072b86/18b73e0c1699f73ea5bca224.json,12.184359000002587
03001627/1033ee86cc8bac4390962e4fb7072b86,farthest,5,"[0, 46, 18, 28, 16]",1.270906575336458,1.4040655815373841,1.5372245877383104,0.0,0.0,0.0,1.997194846097808,0.0,0.0,0.0,0.0,0.0,0.0,camera_pose_sim3,1.8260962342063043,1.1210196129916306,10000,10000,True,False,True,/content/cv3d-project/data/cache/reconstruction/predictions/03001627/1033ee86cc8bac4390962e4fb7072b86/25181166d830f452e2a55777.npz,096a4dd8a689dcc9596730a7fc6438c323f0c56f9b4d25a5787b83ec3c60372d,/content/cv3d-project/data/cache/reconstruction/metrics/03001627/1033ee86cc8bac4390962e4fb7072b86/d5985b4ba7a1590e869c5d6f.json,13.158902999748534
03001627/1033ee86cc8bac4390962e4fb7072b86,farthest,10,"[0, 46, 18, 28, 16, 30, 2, 44, 13, 33]",0.12813178373067663,0.16315177406611664,0.19817176440155668,0.24533286762137618,0.004829268292682927,0.010958199356913183,1.997194846097808,0.3946,0.009,0.024,0.178,0.0033,0.0071,camera_pose_sim3,2.353384498275425,0.5970666904905744,10000,10000,True,False,True,/content/cv3d-project/data/cache/reconstruction/predictions/03001627/1033ee86cc8bac4390962e4fb7072b86/dfa80cc065292c4ea8022c31.npz,454af1d2aaea1ba7b40a0642536e862941e65a94a6c2deafcfad4cad7f1b3e7d,/content/cv3d-project/data/cache/reconstruction/metrics/03001627/1033ee86cc8bac4390962e4fb7072b86/34970350e01e445b8e8c31b8.json,13.27399100000548
03001627/103a0a413d4c3353a723872ad91e4ed1,farthest,1,[0],1.2539236225011678,1.3293590265310637,1.4047944305609597,0.0,0.0,0.0,1.9968409076035605,0.0,0.0,0.0,0.0,0.0,0.0,camera_rotation_center_and_target_diameter_scale_single_view,5.499258087376072,0.0,10000,10000,True,True,True,/content/cv3d-project/data/cache/reconstruction/predictions/03001627/103a0a413d4c3353a723872ad91e4ed1/55162404d0c484465ac9bc49.npz,191da62774dfade1a9a69edfcac11147220ce2bd87eb0b9f43738f9898748b96,/content/cv3d-project/data/cache/reconstruction/metrics/03001627/103a0a413d4c3353a723872ad91e4ed1/b12ce20f20a68333f979fece.json,4.147375999764336
03001627/103a0a413d4c3353a723872ad91e4ed1,farthest,2,"[0, 46]",0.05529820465237736,0.07422780263731976,0.09315740062226216,0.7523024799694773,0.018769942196531792,0.05153906111603189,1.9968409076035605,0.9498,0.0396,0.0731,0.6228,0.0123,0.0398,camera_pose_sim3,2.711250768249754,0.0294634854341766,10000,10000,True,False,True,/content/cv3d-project/data/cache/reconstruction/predictions/03001627/103a0a413d4c3353a723872ad91e4ed1/3a25687163b37445339e1558.npz,c3b34936d51768a696a3576ed5512b44bdb73939625de3f9b2903743a3c35677,/content/cv3d-project/data/cache/reconstruction/metrics/03001627/103a0a413d4c3353a723872ad91e4ed1/a82911275b60faeb8d0ea433.json,12.612616000296839
03001627/103a0a413d4c3353a723872ad91e4ed1,farthest,3,"[0, 46, 18]",0.1388720221778913,0.2917188577559219,0.44456569333395246,0.0490293150012276,0.0,0.0,1.9968409076035605,0.3811,0.0,0.0,0.0262,0.0,0.0,camera_pose_sim3,1.5432483408534974,0.9753748997814441,10000,10000,True,False,True,/content/cv3d-project/data/cache/reconstruction/predictions/03001627/103a0a413d4c3353a723872ad91e4ed1/fb5e771f520dd19799af063e.npz,7d74d10b0d131a76c1dcf74264d6b25b2be46e6f30c5c4b0bcf4632a5d2b9e26,/content/cv3d-project/data/cache/reconstruction/metrics/03001627/103a0a413d4c3353a723872ad91e4ed1/87fa6b79b0b39402a05ba674.json,11.447972000041773
03001627/103a0a413d4c3353a723872ad91e4ed1,farthest,5,"[0, 46, 18, 28, 16]",0.0595943718529816,0.20775926939830844,0.35592416694363527,0.03013887520929774,0.0,0.0,1.9968409076035605,1.0,0.0,0.0,0.0153,0.0,0.0,camera_pose_sim3,0.1384121160183782,1.3366567366176856,10000,10000,True,False,True,/content/cv3d-project/data/cache/reconstruction/predictions/03001627/103a0a413d4c3353a723872ad91e4ed1/3ea545fa27d4d0f0778f699b.npz,29a2b84e3fc85bc82fb2f84f620427ebdc9ade4d84eaeb5ac05afc6027f2980b,/content/cv3d-project/data/cache/reconstruction/metrics/03001627/103a0a413d4c3353a723872ad91e4ed1/8b616c650118cb5caf46311f.json,11.490060999676643
03001627/103a0a413d4c3353a723872ad91e4ed1,farthest,10,"[0, 46, 18, 28, 16, 30, 2, 44, 13, 33]",0.04316191718228715,0.050227865302941696,0.057293813423596233,0.9191268633288227,0.1453983708048224,0.21299035762788593,1.9968409076035605,0.9891,0.1886,0.2627,0.8584,0.1183,0.1791,camera_pose_sim3,2.5923381324704184,0.12175677434339657,10000,10000,True,False,True,/content/cv3d-project/data/cache/reconstruction/predictions/03001627/103a0a413d4c3353a723872ad91e4ed1/92d061184294b8c08cf5d67f.npz,8e9a19817672e8cb5112104a18360902f3a3cd9f73245d64837f2076ef87c229,/content/cv3d-project/data/cache/reconstruction/metrics/03001627/103a0a413d4c3353a723872ad91e4ed1/3aab8ea15963dd84d300afd3.json,12.073908000274969
03001627/103a60f3b09107df2da1314e036b435e,farthest,1,[0],0.8330138845090093,0.9612239779552156,1.089434071401422,0.0,0.0,0.0,1.9960409907598953,0.0,0.0,0.0,0.0,0.0,0.0,camera_rotation_center_and_target_diameter_scale_single_view,4.910036167772487,0.0,10000,10000,True,True,True,/content/cv3d-project/data/cache/reconstruction/predictions/03001627/103a60f3b09107df2da1314e036b435e/ab5bcba1dc14f8a552bb42fd.npz,58f70e2d2de8cf3fdeb403936321d1eb508148ff0b78f94942286e3e451991b6,/content/cv3d-project/data/cache/reconstruction/metrics/03001627/103a60f3b09107df2da1314e036b435e/afdfd82ed17d53bd4c7c4676.json,3.842305999569362
03001627/103a60f3b09107df2da1314e036b435e,farthest,2,"[0, 46]",0.014800541297211051,0.05955973252256156,0.10431892374791207,0.6438839164632492,0.08263578535891969,0.1378805872756933,1.9960409907598953,1.0,0.5179,0.7826,0.4748,0.0449,0.0756,camera_pose_sim3,2.646550663459945,0.0068940232755849915,10000,10000,True,False,True,/content/cv3d-project/data/cache/reconstruction/predictions/03001627/103a60f3b09107df2da1314e036b435e/0a00d7e803251f6d9463c16c.npz,89aed128be7a12270d0ec62b89cb6327a7708f140cf1011c498421c9f4090451,/content/cv3d-project/data/cache/reconstruction/metrics/03001627/103a60f3b09107df2da1314e036b435e/63f6e6ffcc1b9c2d05218f0a.json,12.010876999738684
03001627/103a60f3b09107df2da1314e036b435e,farthest,3,"[0, 46, 18]",0.18707735519598703,0.3152007534361604,0.44332415167633377,0.007375980392156863,0.0,0.0,1.9960409907598953,0.0367,0.0,0.0,0.0041,0.0,0.0,camera_pose_sim3,1.8344195966201173,0.8627594078977036,10000,10000,True,False,True,/content/cv3d-project/data/cache/reconstruction/predictions/03001627/103a60f3b09107df2da1314e036b435e/e5059126ab958990e1a77124.npz,35fa32d980f3fa71441c8556abbc1d7a33ab4460d6a58c0e42d40c7732dcf268,/content/cv3d-project/data/cache/reconstruction/metrics/03001627/103a60f3b09107df2da1314e036b435e/fda6fbb769c7e36684bc55e1.json,12.373660999855929
03001627/103a60f3b09107df2da1314e036b435e,farthest,5,"[0, 46, 18, 28, 16]",0.03473097074411635,0.1684612618021042,0.302191552860092,0.15515173876948618,0.00530824417872876,0.009274238542556221,1.9960409907598953,1.0,0.1562,0.3466,0.0841,0.0027,0.0047,camera_pose_sim3,0.6889506806535984,1.2501443384489903,10000,10000,True,False,True,/content/cv3d-project/data/cache/reconstruction/predictions/03001627/103a60f3b09107df2da1314e036b435e/91a80b255ea403522f16bd42.npz,e471abf6086db35343763c442cdab4108f4a488d35c7c4ee92ae97b47de783f6,/content/cv3d-project/data/cache/reconstruction/metrics/03001627/103a60f3b09107df2da1314e036b435e/8cee22d0c618f52aa8c8d4a1.json,12.311167999996542
03001627/103a60f3b09107df2da1314e036b435e,farthest,10,"[0, 46, 18, 28, 16, 30, 2, 44, 13, 33]",0.05707624017270568,0.13025830781503578,0.2034403754573659,0.2989814992025518,0.04178349600709849,0.09163784887678693,1.9960409907598953,0.8204,0.085,0.237,0.1828,0.0277,0.0568,camera_pose_sim3,2.3751216320979656,0.6805459209404774,10000,10000,True,False,True,/content/cv3d-project/data/cache/reconstruction/predictions/03001627/103a60f3b09107df2da1314e036b435e/4d6cfd4e15eb49a6c9a95461.npz,6730f2510407ab667631469bbac574c3cbbaeeb4f74398b18d4fad9dacfcd4f3,/content/cv3d-project/data/cache/reconstruction/metrics/03001627/103a60f3b09107df2da1314e036b435e/c32aa9ea578f6065803e725a.json,12.496799000018655
03001627/103b75dfd146976563ed57e35c972b4b,farthest,1,[0],2.2601585481979463,2.399761039791665,2.539363531385384,0.0,0.0,0.0,1.9989316138329147,0.0,0.0,0.0,0.0,0.0,0.0,camera_rotation_center_and_target_diameter_scale_single_view,8.060281285173867,0.0,10000,10000,True,True,True,/content/cv3d-project/data/cache/reconstruction/predictions/03001627/103b75dfd146976563ed57e35c972b4b/3b0c538bbe3662ca14d788e9.npz,a9223ffe7a36121475f6601f57c998c0965f99098ad53a037589cb4deec82b64,/content/cv3d-project/data/cache/reconstruction/metrics/03001627/103b75dfd146976563ed57e35c972b4b/1158b60047f1c8f33c4a58c6.json,4.001071999937267
03001627/103b75dfd146976563ed57e35c972b4b,farthest,2,"[0, 46]",0.49167809207233887,0.6021073013459686,0.7125365106195983,0.0,0.0,0.0,1.9989316138329147,0.0,0.0,0.0,0.0,0.0,0.0,camera_pose_sim3,3.1387865765815177,0.04666929064376916,10000,10000,True,False,True,/content/cv3d-project/data/cache/reconstruction/predictions/03001627/103b75dfd146976563ed57e35c972b4b/556973d36d0f28f0c4b4c2a0.npz,9dded36175c30a413a3b4ba9452b7e684859edeb4e3d18c5f44747529169b3f1,/content/cv3d-project/data/cache/reconstruction/metrics/03001627/103b75dfd146976563ed57e35c972b4b/d8ce92518e78cd953cfd548d.json,11.523707999913313
03001627/103b75dfd146976563ed57e35c972b4b,farthest,3,"[0, 46, 18]",0.48609012199959845,0.6251499661508342,0.76420981030207,0.0,0.0,0.0,1.9989316138329147,0.0,0.0,0.0,0.0,0.0,0.0,camera_pose_sim3,2.2479914809784005,0.9142418185517212,10000,10000,True,False,True,/content/cv3d-project/data/cache/reconstruction/predictions/03001627/103b75dfd146976563ed57e35c972b4b/68a272b0f235f1e384d86b6f.npz,03f5864356783067ee09050bd603d7462af4845754bb0134ed73a945b34294ab,/content/cv3d-project/data/cache/reconstruction/metrics/03001627/103b75dfd146976563ed57e35c972b4b/5485fd6bbc7967d54af753a1.json,11.45187200017972
03001627/103b75dfd146976563ed57e35c972b4b,farthest,5,"[0, 46, 18, 28, 16]",0.16258109188611508,0.2634802837471212,0.3643794756081273,0.00015,0.0,0.0,1.9989316138329147,0.0003,0.0,0.0,0.0001,0.0,0.0,camera_pose_sim3,1.3404868908017318,1.004976841644625,10000,10000,True,False,True,/content/cv3d-project/data/cache/reconstruction/predictions/03001627/103b75dfd146976563ed57e35c972b4b/ac7261ce0dbd49692dfa8436.npz,5ba39586640146e80b2518ac73c2787abe5a3ef759477dbc8e3885cc02fc606e,/content/cv3d-project/data/cache/reconstruction/metrics/03001627/103b75dfd146976563ed57e35c972b4b/a206330fd2dcf68b6a26bd49.json,11.55681199998071
03001627/103b75dfd146976563ed57e35c972b4b,farthest,10,"[0, 46, 18, 28, 16, 30, 2, 44, 13, 33]",0.1647454496415692,0.2100733509462076,0.25540125225084603,0.028036541598694942,0.0,0.0,1.9989316138329147,0.0396,0.0,0.0,0.0217,0.0,0.0,camera_pose_sim3,2.224991108972028,0.7760254407051581,10000,10000,True,False,True,/content/cv3d-project/data/cache/reconstruction/predictions/03001627/103b75dfd146976563ed57e35c972b4b/0150553c5e814d8fc4803c40.npz,cb4c64cf734675d95f8a46f91c1fba5cc1800cab0f3a51cabe57e0d876781d06,/content/cv3d-project/data/cache/reconstruction/metrics/03001627/103b75dfd146976563ed57e35c972b4b/d9ff274caa26c04b385a0700.json,12.045863999901485
03001627/103c31671f8c0b1467bb14b25f99796e,farthest,1,[0],1.6709297570894155,1.7871199971939298,1.903310237298444,0.0,0.0,0.0,1.9959527454340613,0.0,0.0,0.0,0.0,0.0,0.0,camera_rotation_center_and_target_diameter_scale_single_view,6.502301946125564,0.0,10000,10000,True,True,True,/content/cv3d-project/data/cache/reconstruction/predictions/03001627/103c31671f8c0b1467bb14b25f99796e/dba55e06b884513ac07f2599.npz,a80e093e6525503e9883c7a4538b691beba95e73a4f3963aac7b0eb195ed7b51,/content/cv3d-project/data/cache/reconstruction/metrics/03001627/103c31671f8c0b1467bb14b25f99796e/f12fb2fb1c739e2d673f9870.json,4.031432999909157
03001627/103c31671f8c0b1467bb14b25f99796e,farthest,2,"[0, 46]",0.07268238827919941,0.09979489414026707,0.1269074000013347,0.5444607346421787,0.012233009708737865,0.03909906323185012,1.9959527454340613,0.8662,0.0225,0.0551,0.397,0.0084,0.0303,camera_pose_sim3,2.7330801867640346,0.02377338511587785,10000,10000,True,False,True,/content/cv3d-project/data/cache/reconstruction/predictions/03001627/103c31671f8c0b1467bb14b25f99796e/e27b37cc4bdf29a77cff0238.npz,6e88a1fbc70f0551d489376eb57e31da86b07e5da9d5b56424f2d61512bed878,/content/cv3d-project/data/cache/reconstruction/metrics/03001627/103c31671f8c0b1467bb14b25f99796e/fc062ba1fdbe85dfc72fb472.json,12.52186299961977
03001627/103c31671f8c0b1467bb14b25f99796e,farthest,3,"[0, 46, 18]",0.17005007514583725,0.2782561348256317,0.3864621945054262,0.05724859675036927,0.0,0.0,1.9959527454340613,0.0943,0.0,0.0,0.0411,0.0,0.0,camera_pose_sim3,1.7197125098100141,0.8000366926203906,10000,10000,True,False,True,/content/cv3d-project/data/cache/reconstruction/predictions/03001627/103c31671f8c0b1467bb14b25f99796e/272d2851f206422b79f1e397.npz,77119b451c9ada460d644379d53dc399e8d1aa2fbdd5811c8ecc7fd010cda4c8,/content/cv3d-project/data/cache/reconstruction/metrics/03001627/103c31671f8c0b1467bb14b25f99796e/9929ac2ffd70543d4457276d.json,12.302065000312723
03001627/103c31671f8c0b1467bb14b25f99796e,farthest,5,"[0, 46, 18, 28, 16]",0.16674719488650822,0.2878353297073338,0.40892346452815936,0.0,0.0,0.0,1.9959527454340613,0.0,0.0,0.0,0.0,0.0,0.0,camera_pose_sim3,1.257060566886299,1.1513499783390246,10000,10000,True,False,True,/content/cv3d-project/data/cache/reconstruction/predictions/03001627/103c31671f8c0b1467bb14b25f99796e/c2fb2814ca0aefdff75beeb9.npz,fc067502b25430fa9c3cc5224c17bd41ab5efbdd3b25aa2d757b9d7f2cba5500,/content/cv3d-project/data/cache/reconstruction/metrics/03001627/103c31671f8c0b1467bb14b25f99796e/62a704754cff0c60cd12f9a0.json,12.439743999948405
03001627/103c31671f8c0b1467bb14b25f99796e,farthest,10,"[0, 46, 18, 28, 16, 30, 2, 44, 13, 33]",0.07024252666378712,0.12406610085670872,0.1778896750496303,0.48930545487495464,0.033955439056356486,0.06746909564085882,1.9959527454340613,0.7375,0.0508,0.1037,0.3661,0.0255,0.05,camera_pose_sim3,2.3269933309166038,0.6814187068845806,10000,10000,True,False,True,/content/cv3d-project/data/cache/reconstruction/predictions/03001627/103c31671f8c0b1467bb14b25f99796e/b67dd146b6a3e1f272ef048d.npz,106e3d95cacf1aa7a69038733cdc8c3050d29eb23bb53302a6ecec7a351ca95e,/content/cv3d-project/data/cache/reconstruction/metrics/03001627/103c31671f8c0b1467bb14b25f99796e/fa9b43074db74992c000b4e0.json,12.269364999610843
03001627/103d77d63f0d68a044e6721e9db29c1b,farthest,1,[0],1.4237822160315816,1.4274501478871269,1.431118079742672,0.0,0.0,0.0,1.9996202322606424,0.0,0.0,0.0,0.0,0.0,0.0,camera_rotation_center_and_target_diameter_scale_single_view,5.948815971005466,0.0,10000,10000,True,True,True,/content/cv3d-project/data/cache/reconstruction/predictions/03001627/103d77d63f0d68a044e6721e9db29c1b/b56d7a0e7d0c51cc32df456e.npz,d5dbc6787719fbeebcc84f336f1570711669eb8e21a3e4f9925f636569d6bbb4,/content/cv3d-project/data/cache/reconstruction/metrics/03001627/103d77d63f0d68a044e6721e9db29c1b/aa5efe8c678a87f878b8be59.json,3.8192639999579114
03001627/103d77d63f0d68a044e6721e9db29c1b,farthest,2,"[0, 46]",0.02523187215613147,0.08158318669554651,0.13793450123496157,0.5837700042486901,0.07899166867324825,0.12364791936645067,1.9996202322606424,1.0,0.3711,0.6259,0.4122,0.0442,0.0686,camera_pose_sim3,2.8995997431389253,0.018903806313787363,10000,10000,True,False,True,/content/cv3d-project/data/cache/reconstruction/predictions/03001627/103d77d63f0d68a044e6721e9db29c1b/0242e635062f3466b693e6a2.npz,12e1d4d3f40a4d6f87534daae765bc7e6dea5b9b778f67c424b1ea5a0bfc9600,/content/cv3d-project/data/cache/reconstruction/metrics/03001627/103d77d63f0d68a044e6721e9db29c1b/13169dbc193f791c631c27f4.json,11.752021999654971
03001627/103d77d63f0d68a044e6721e9db29c1b,farthest,3,"[0, 46, 18]",0.34291108963734773,0.38340682851288277,0.4239025673884178,0.0,0.0,0.0,1.9996202322606424,0.0,0.0,0.0,0.0,0.0,0.0,camera_pose_sim3,1.605447281572219,0.8904275871101446,10000,10000,True,False,True,/content/cv3d-project/data/cache/reconstruction/predictions/03001627/103d77d63f0d68a044e6721e9db29c1b/45be53667e6bb0f1c228efb5.npz,a931066709f89241baa767225400261656e537465c87d23fefa084830433851e,/content/cv3d-project/data/cache/reconstruction/metrics/03001627/103d77d63f0d68a044e6721e9db29c1b/15fb8f648e21d738d4a5dda9.json,11.222234000342723
03001627/103d77d63f0d68a044e6721e9db29c1b,farthest,5,"[0, 46, 18, 28, 16]",0.21718948516084682,0.3987572091753286,0.5803249331898104,0.0,0.0,0.0,1.9996202322606424,0.0,0.0,0.0,0.0,0.0,0.0,camera_pose_sim3,0.8742884658918291,1.220902314815316,10000,10000,True,False,True,/content/cv3d-project/data/cache/reconstruction/predictions/03001627/103d77d63f0d68a044e6721e9db29c1b/7af71536a54405a9be68a5d5.npz,2d0c8d69c54c6ecd22d6f4c8e162cbdff225bb5daa9baa94c229498f546beaae,/content/cv3d-project/data/cache/reconstruction/metrics/03001627/103d77d63f0d68a044e6721e9db29c1b/8b582c712a085f555604801c.json,11.385484999664186
03001627/103d77d63f0d68a044e6721e9db29c1b,farthest,10,"[0, 46, 18, 28, 16, 30, 2, 44, 13, 33]",0.017384721437195248,0.03738884448203224,0.057392967526869225,0.9063268988899218,0.08193834841628958,0.317810495179667,1.9996202322606424,1.0,0.1123,0.7079,0.8287,0.0645,0.2049,camera_pose_sim3,2.769247804443989,0.12569887754449655,10000,10000,True,False,True,/content/cv3d-project/data/cache/reconstruction/predictions/03001627/103d77d63f0d68a044e6721e9db29c1b/8ff561ea0e554efa0139d70c.npz,f5f0a5a0d68b8c1b5dc4ea63cb2377caa94477a6f4b217aad9f96eef111ed579,/content/cv3d-project/data/cache/reconstruction/metrics/03001627/103d77d63f0d68a044e6721e9db29c1b/275e49185afa809ef0c150bf.json,12.579618000017945
03001627/104256e5bb73b0b719fb4103277a6b93,farthest,1,[0],2.6475183573140018,2.7695418363360043,2.8915653153580063,0.0,0.0,0.0,1.9893335399110168,0.0,0.0,0.0,0.0,0.0,0.0,camera_rotation_center_and_target_diameter_scale_single_view,8.658553025337016,0.0,10000,10000,True,True,True,/content/cv3d-project/data/cache/reconstruction/predictions/03001627/104256e5bb73b0b719fb4103277a6b93/4f51827d4520a17d5fd667b7.npz,e43114707b93fdd00a38083946591e9061238956b9ac4460aadf90e8c3032aca,/content/cv3d-project/data/cache/reconstruction/metrics/03001627/104256e5bb73b0b719fb4103277a6b93/c7c7ca843d15015900ac4574.json,4.125257999930909
03001627/104256e5bb73b0b719fb4103277a6b93,farthest,2,"[0, 46]",0.021708806739824987,0.07398456943801346,0.12626033213620194,0.4791570141963059,0.028832395833333333,0.08320418779649927,1.9893335399110168,0.9946,0.1763,0.5664,0.3156,0.0157,0.0449,camera_pose_sim3,2.7504523343377554,0.012865937314901973,10000,10000,True,False,True,/content/cv3d-project/data/cache/reconstruction/predictions/03001627/104256e5bb73b0b719fb4103277a6b93/2a0eee4b14d67aaf65287971.npz,308a0203b361feae4973c428c25ba792490d90ae65d67dd6441e4ee1e0e838f4,/content/cv3d-project/data/cache/reconstruction/metrics/03001627/104256e5bb73b0b719fb4103277a6b93/7932263130c4bfa2c09924f6.json,12.4501909999708
03001627/104256e5bb73b0b719fb4103277a6b93,farthest,3,"[0, 46, 18]",0.11903355185093406,0.25060629096958154,0.38217903008822907,0.031567105263157896,0.0,0.00019130434782608697,1.9893335399110168,0.3635,0.0,0.0022,0.0165,0.0,0.0001,camera_pose_sim3,1.9589598143198836,0.8599019856720655,10000,10000,True,False,True,/content/cv3d-project/data/cache/reconstruction/predictions/03001627/104256e5bb73b0b719fb4103277a6b93/aeac820a2d3b0031b5f40748.npz,73a6cc294fd1806df0b166af81a6cf976be9b0dd388e76adf766ee8a36c1c91b,/content/cv3d-project/data/cache/reconstruction/metrics/03001627/104256e5bb73b0b719fb4103277a6b93/2cb5101b4aaa94daadd121c4.json,12.088066999695002
03001627/104256e5bb73b0b719fb4103277a6b93,farthest,5,"[0, 46, 18, 28, 16]",0.298774982400762,0.3756498203262841,0.45252465825180616,0.0,0.0,0.0,1.9893335399110168,0.0,0.0,0.0,0.0,0.0,0.0,camera_pose_sim3,2.239994521130818,0.684203666016897,10000,10000,True,False,True,/content/cv3d-project/data/cache/reconstruction/predictions/03001627/104256e5bb73b0b719fb4103277a6b93/14d1528f8b237778abe791c1.npz,28fb6f026ce6bb9b919db501afa87bad3df87b5bed0a59fa79b9dff9ff877e4f,/content/cv3d-project/data/cache/reconstruction/metrics/03001627/104256e5bb73b0b719fb4103277a6b93/6fd9f1f3e12056e638cf6eba.json,12.013109999770677
03001627/104256e5bb73b0b719fb4103277a6b93,farthest,10,"[0, 46, 18, 28, 16, 30, 2, 44, 13, 33]",0.0380487279061851,0.05997993407920721,0.08191114025222931,0.7746274665837738,0.07217923728813558,0.15862357999547408,1.9893335399110168,0.9586,0.1402,0.3383,0.6499,0.0486,0.1036,camera_pose_sim3,2.5873030386798757,0.1716273004216216,10000,10000,True,False,True,/content/cv3d-project/data/cache/reconstruction/predictions/03001627/104256e5bb73b0b719fb4103277a6b93/5cf7be92978c74847b56c2bf.npz,0cedaa0d7d807f1759a007bbc763750c8717e936c7c8c9086f7c846563cabb2c,/content/cv3d-project/data/cache/reconstruction/metrics/03001627/104256e5bb73b0b719fb4103277a6b93/7b194a54636ca2d1f915f5a7.json,12.939879999976256
03001627/1049953406c81b237eaeab1f0c9120b7,farthest,1,[0],3.4069233545757087,3.533224774893597,3.6595261952114857,0.0,0.0,0.0,1.9912994150339838,0.0,0.0,0.0,0.0,0.0,0.0,camera_rotation_center_and_target_diameter_scale_single_view,10.270936735828958,0.0,10000,10000,True,True,True,/content/cv3d-project/data/cache/reconstruction/predictions/03001627/1049953406c81b237eaeab1f0c9120b7/5ae7e63f36b415f93dfb0671.npz,d110c4b4abae2c2c3cdd0680cdce63d7362053c3f15774831f7e29c172c63e28,/content/cv3d-project/data/cache/reconstruction/metrics/03001627/1049953406c81b237eaeab1f0c9120b7/e5e6eaf1fe4480a1c452608b.json,3.830453000318812
03001627/1049953406c81b237eaeab1f0c9120b7,farthest,2,"[0, 46]",0.015683932299524243,0.06426428708443287,0.11284464186934148,0.5787379192723138,0.026270528602461984,0.11610035992104958,1.9912994150339838,1.0,0.1234,0.7987,0.4072,0.0147,0.0626,camera_pose_sim3,2.698377474480125,0.00971934816008222,10000,10000,True,False,True,/content/cv3d-project/data/cache/reconstruction/predictions/03001627/1049953406c81b237eaeab1f0c9120b7/3f3eb42c34a64e0a4aabdab1.npz,737ccd078c2128787daa9dd93d25cea2dd71bc9041d1c8838df2cae9e23e72e3,/content/cv3d-project/data/cache/reconstruction/metrics/03001627/1049953406c81b237eaeab1f0c9120b7/05d2da4088360c9c6002add2.json,11.703737000061665
03001627/1049953406c81b237eaeab1f0c9120b7,farthest,3,"[0, 46, 18]",0.10363497622613495,0.17585678682822425,0.24807859743031357,0.26326096512183467,0.010019448946515398,0.019349550898203595,1.9912994150339838,0.4401,0.0562,0.1231,0.1878,0.0055,0.0105,camera_pose_sim3,2.385366851888562,0.7151721307215464,10000,10000,True,False,True,/content/cv3d-project/data/cache/reconstruction/predictions/03001627/1049953406c81b237eaeab1f0c9120b7/f5aae7487a1665508450f164.npz,dc42816c48758c64b7e3248f80674bfa7094fbf9f2b2e350f5c2ecf86f238200,/content/cv3d-project/data/cache/reconstruction/metrics/03001627/1049953406c81b237eaeab1f0c9120b7/2f12868ab659812e72971b93.json,11.62168400014707
03001627/1049953406c81b237eaeab1f0c9120b7,farthest,5,"[0, 46, 18, 28, 16]",0.03547878997028953,0.06655192196627482,0.09762505396226011,0.7148181467677677,0.03858803122289679,0.08516944753429737,1.9912994150339838,1.0,0.0908,0.2167,0.5562,0.0245,0.053,camera_pose_sim3,2.3919727189699906,0.22538616631751177,10000,10000,True,False,True,/content/cv3d-project/data/cache/reconstruction/predictions/03001627/1049953406c81b237eaeab1f0c9120b7/d93737d816a58b453adc0cf6.npz,0d5ebff658f3b4eeb8a3d58ba14f8db2d9466384b5d1d7b0fb90fcce0efb03a2,/content/cv3d-project/data/cache/reconstruction/metrics/03001627/1049953406c81b237eaeab1f0c9120b7/3ddf8ff281f385240bed131d.json,12.14166199997635
03001627/1049953406c81b237eaeab1f0c9120b7,farthest,10,"[0, 46, 18, 28, 16, 30, 2, 44, 13, 33]",0.024771109321579617,0.07819631706153628,0.13162152480149295,0.6582584194284181,0.10194534330387492,0.19990340620233857,1.9912994150339838,1.0,0.2286,0.4626,0.4906,0.0656,0.1275,camera_pose_sim3,2.2280731339720248,0.5530855037278414,10000,10000,True,False,True,/content/cv3d-project/data/cache/reconstruction/predictions/03001627/1049953406c81b237eaeab1f0c9120b7/5c7cb74814b92a51e9b1660d.npz,4e48ae81d07b2a88943f8cf19c66813de7bf80623ef525c33657218ead0c9f08,/content/cv3d-project/data/cache/reconstruction/metrics/03001627/1049953406c81b237eaeab1f0c9120b7/9c171fb327f5d3be022cb29c.json,12.612976000127674
03001627/1055f78d441d170c4f3443b22038d340,farthest,1,[0],1.2362765001677876,1.3352534277121748,1.4342303552565623,0.0,0.0,0.0,1.9933356199707586,0.0,0.0,0.0,0.0,0.0,0.0,camera_rotation_center_and_target_diameter_scale_single_view,5.747652761170692,0.0,10000,10000,True,True,True,/content/cv3d-project/data/cache/reconstruction/predictions/03001627/1055f78d441d170c4f3443b22038d340/9258822634868a3bb3e47c5a.npz,c163ef42a51d57915997afd8a8435ef61f86b1bac926ea1049df8fbeeef27179,/content/cv3d-project/data/cache/reconstruction/metrics/03001627/1055f78d441d170c4f3443b22038d340/6b09256c894c571786867746.json,3.912773000138259
03001627/1055f78d441d170c4f3443b22038d340,farthest,2,"[0, 46]",0.04408757150323949,0.06921707894880301,0.09434658639436654,0.7121687868080093,0.03966846199880311,0.09826849315068492,1.9933356199707586,0.9633,0.1441,0.2989,0.5649,0.023,0.0588,camera_pose_sim3,2.7571427821119308,0.01936898645529718,10000,10000,True,False,True,/content/cv3d-project/data/cache/reconstruction/predictions/03001627/1055f78d441d170c4f3443b22038d340/12b70f4a6ad087a2f2e38c76.npz,20dfc5835f003346c053fc46110f4188d0d6bb1af96cc0bcb4bcdfd906ca41fa,/content/cv3d-project/data/cache/reconstruction/metrics/03001627/1055f78d441d170c4f3443b22038d340/5e3311694154c8c2023fd663.json,12.13898700007121
03001627/1055f78d441d170c4f3443b22038d340,farthest,3,"[0, 46, 18]",0.19144515495369152,0.34917324695270896,0.5069013389517264,0.014198581560283688,0.0,0.0,1.9933356199707586,0.091,0.0,0.0,0.0077,0.0,0.0,camera_pose_sim3,1.9123074838670886,0.9449168660843958,10000,10000,True,False,True,/content/cv3d-project/data/cache/reconstruction/predictions/03001627/1055f78d441d170c4f3443b22038d340/ebc7291d02b3f731dd297b21.npz,03e03a22908e67209f184855ff56c0a53cad8e15c662021ce6a5b18ab9d2f739,/content/cv3d-project/data/cache/reconstruction/metrics/03001627/1055f78d441d170c4f3443b22038d340/0010e01e32aec9b54feacf92.json,13.197290999869438
03001627/1055f78d441d170c4f3443b22038d340,farthest,5,"[0, 46, 18, 28, 16]",0.07951161782667407,0.13876769932609706,0.19802378082552005,0.37819146591768393,0.03691245283018868,0.0904259338772005,1.9933356199707586,0.6608,0.0822,0.1715,0.2649,0.0238,0.0614,camera_pose_sim3,2.4623294551965054,0.6349422733030228,10000,10000,True,False,True,/content/cv3d-project/data/cache/reconstruction/predictions/03001627/1055f78d441d170c4f3443b22038d340/e230fdd798eeacc32efb573f.npz,ead7280b8c567a3329aeeaa03f1911d61fec84d4691682aa8189ba54c7e982fc,/content/cv3d-project/data/cache/reconstruction/metrics/03001627/1055f78d441d170c4f3443b22038d340/278de704b8e42c454c2a8446.json,12.535334999938641
03001627/1055f78d441d170c4f3443b22038d340,farthest,10,"[0, 46, 18, 28, 16, 30, 2, 44, 13, 33]",0.10512776100537657,0.13504533123413626,0.1649629014628959,0.3907699209788427,0.05595857605177994,0.11266666666666668,1.9933356199707586,0.4168,0.0808,0.169,0.3678,0.0428,0.0845,camera_pose_sim3,2.5807464905389175,0.5352118661267811,10000,10000,True,False,True,/content/cv3d-project/data/cache/reconstruction/predictions/03001627/1055f78d441d170c4f3443b22038d340/e94cabc2001f31308a226ae8.npz,e0d4fddf4e026260c7dd8b65b02790852fb4a6dd66958f5d442f656311350a99,/content/cv3d-project/data/cache/reconstruction/metrics/03001627/1055f78d441d170c4f3443b22038d340/22ae967d6b6c8a508bdd67de.json,12.92759499983731
03001627/1063d4fcd366de4060e37b3f76995f8b,farthest,1,[0],2.8187992710673977,2.9260462140751256,3.0332931570828534,0.0,0.0,0.0,1.9729594188341553,0.0,0.0,0.0,0.0,0.0,0.0,camera_rotation_center_and_target_diameter_scale_single_view,8.889171305383016,0.0,10000,10000,True,True,True,/content/cv3d-project/data/cache/reconstruction/predictions/03001627/1063d4fcd366de4060e37b3f76995f8b/c987fed7b6fe6adcef4a78c4.npz,d84bbadda69e254c12a7b823f30b632e0209554778bb795c0dfb9ffeaa8c21e1,/content/cv3d-project/data/cache/reconstruction/metrics/03001627/1063d4fcd366de4060e37b3f76995f8b/9262f04de8ceb194ed5330d5.json,3.949061999719561
03001627/1063d4fcd366de4060e37b3f76995f8b,farthest,2,"[0, 46]",0.052709670907849164,0.10537655579721397,0.15804344068657877,0.3854998426298304,0.017438581314878895,0.043793406593406595,1.9729594188341553,0.8984,0.1061,0.2214,0.2454,0.0095,0.0243,camera_pose_sim3,2.822072284865982,0.023677751642128292,10000,10000,True,False,True,/content/cv3d-project/data/cache/reconstruction/predictions/03001627/1063d4fcd366de4060e37b3f76995f8b/ceeeb42bed3c4a830c86e008.npz,abfbadc9a6676c9a1fef93738176fc299a172ffcd412e3e0aa81327ddaa02130,/content/cv3d-project/data/cache/reconstruction/metrics/03001627/1063d4fcd366de4060e37b3f76995f8b/d7d2931353d3599385f17754.json,12.183371999981318
03001627/1063d4fcd366de4060e37b3f76995f8b,farthest,3,"[0, 46, 18]",0.16587232287692383,0.3218910672367214,0.47790981159651896,0.00914232558139535,0.0,0.0,1.9729594188341553,0.0378,0.0,0.0,0.0052,0.0,0.0,camera_pose_sim3,2.232343697929727,0.8177394765599924,10000,10000,True,False,True,/content/cv3d-project/data/cache/reconstruction/predictions/03001627/1063d4fcd366de4060e37b3f76995f8b/9718a3cff01f6952e53d090a.npz,f3a7efc28735f6ab3eea8d5224c41e7099b3f1a0ba54b4aeddd1fb4d3f59695c,/content/cv3d-project/data/cache/reconstruction/metrics/03001627/1063d4fcd366de4060e37b3f76995f8b/470c279aa1abda4405537162.json,11.77362099997481
03001627/1063d4fcd366de4060e37b3f76995f8b,farthest,5,"[0, 46, 18, 28, 16]",0.11035479401569158,0.14019033815940282,0.17002588230311405,0.3260811044003451,0.009542142857142857,0.020071600688468156,1.9729594188341553,0.4344,0.0219,0.0452,0.261,0.0061,0.0129,camera_pose_sim3,2.6683281118206104,0.3043815094474466,10000,10000,True,False,True,/content/cv3d-project/data/cache/reconstruction/predictions/03001627/1063d4fcd366de4060e37b3f76995f8b/ab285e5df868ff4889d352f5.npz,8b411524a0fda3a3ee7487da10ca2e03b90dfec33dbf20c3dfe10de04d64e836,/content/cv3d-project/data/cache/reconstruction/metrics/03001627/1063d4fcd366de4060e37b3f76995f8b/98cbd943f1d9bc032d54cdcc.json,11.659545999918919
03001627/1063d4fcd366de4060e37b3f76995f8b,farthest,10,"[0, 46, 18, 28, 16, 30, 2, 44, 13, 33]",0.0454454282129836,0.05477067681695405,0.0640959254209245,0.9302607607125662,0.06477776252573782,0.14512461491996376,1.9729594188341553,0.9987,0.0971,0.2237,0.8706,0.0486,0.1074,camera_pose_sim3,2.7729271897251526,0.11113550409038363,10000,10000,True,False,True,/content/cv3d-project/data/cache/reconstruction/predictions/03001627/1063d4fcd366de4060e37b3f76995f8b/da135e81cee58297a694e552.npz,94febd53b255cf806bcfa9591716dddba859203a6dfb81497bbaa8d9061fe0db,/content/cv3d-project/data/cache/reconstruction/metrics/03001627/1063d4fcd366de4060e37b3f76995f8b/f921f145ff9763ebf46d424f.json,12.233374000061303
03001627/106a0dbaead5066519fb4103277a6b93,farthest,1,[0],1.8358718312844307,1.9607113860825547,2.0855509408806787,0.0,0.0,0.0,1.997180966985651,0.0,0.0,0.0,0.0,0.0,0.0,camera_rotation_center_and_target_diameter_scale_single_view,6.916034953746065,0.0,10000,10000,True,True,True,/content/cv3d-project/data/cache/reconstruction/predictions/03001627/106a0dbaead5066519fb4103277a6b93/b7c38c7c9778caa3a68b9848.npz,cce990982d8d2fdfc98a739796ffc0e432f905a7b36aeee2de6e4ff9abbda392,/content/cv3d-project/data/cache/reconstruction/metrics/03001627/106a0dbaead5066519fb4103277a6b93/b58d7d9bd974f6f4655252a2.json,3.793411000060587
03001627/106a0dbaead5066519fb4103277a6b93,farthest,2,"[0, 46]",0.013991590279905989,0.08092676211192601,0.14786193394394603,0.43529964011891725,0.03446187845303868,0.07092946058091285,1.997180966985651,1.0,0.2712,0.8547,0.2782,0.0184,0.037,camera_pose_sim3,2.62487213783597,0.011702934452664734,10000,10000,True,False,True,/content/cv3d-project/data/cache/reconstruction/predictions/03001627/106a0dbaead5066519fb4103277a6b93/4d81bad64481b3e34dfe85fa.npz,036e0ef5fea1f6ff80d3e0d1ab90fd0680e30b502f5e02507a0a0128dcf3d47d,/content/cv3d-project/data/cache/reconstruction/metrics/03001627/106a0dbaead5066519fb4103277a6b93/8db66f30d1fdcc13a826e9ca.json,11.413124999762658
03001627/106a0dbaead5066519fb4103277a6b93,farthest,3,"[0, 46, 18]",0.3621529404442233,0.43990070626734395,0.5176484720904646,0.0,0.0,0.0,1.997180966985651,0.0,0.0,0.0,0.0,0.0,0.0,camera_pose_sim3,2.0184145066918284,0.8825211143224206,10000,10000,True,False,True,/content/cv3d-project/data/cache/reconstruction/predictions/03001627/106a0dbaead5066519fb4103277a6b93/701a042a6ed909c66f7d8e2e.npz,a7ab8ab276121278ceaab53b63366ab50bf05f49297605ba51947170d3d1795e,/content/cv3d-project/data/cache/reconstruction/metrics/03001627/106a0dbaead5066519fb4103277a6b93/ae2cb47087f40004ac489436.json,11.098329000105878
03001627/106a0dbaead5066519fb4103277a6b93,farthest,5,"[0, 46, 18, 28, 16]",0.020620004727406323,0.1808149932750516,0.3410099818226969,0.0715456561565905,0.005727780163160154,0.011875216637781629,1.997180966985651,1.0,0.23,0.571,0.0371,0.0029,0.006,camera_pose_sim3,0.6789192871664378,1.2551921073523438,10000,10000,True,False,True,/content/cv3d-project/data/cache/reconstruction/predictions/03001627/106a0dbaead5066519fb4103277a6b93/ba3ab1518bf971ba5252eb0d.npz,5417d6c70777f49054beb48b4616542fe7b1d32e6e5baf17a15cf40a0ba70853,/content/cv3d-project/data/cache/reconstruction/metrics/03001627/106a0dbaead5066519fb4103277a6b93/3baef895f29b00d422e7c02f.json,11.293129000023328
03001627/106a0dbaead5066519fb4103277a6b93,farthest,10,"[0, 46, 18, 28, 16, 30, 2, 44, 13, 33]",0.021956833749918605,0.052005665683827536,0.08205449761773646,0.7891263546648907,0.1004514262756127,0.2454191672547636,1.997180966985651,1.0,0.1791,0.5506,0.6517,0.0698,0.1579,camera_pose_sim3,2.4814573009147747,0.21149593238394856,10000,10000,True,False,True,/content/cv3d-project/data/cache/reconstruction/predictions/03001627/106a0dbaead5066519fb4103277a6b93/620b70da66c5834f0b76ecda.npz,959678e8cb0ac23abdc564a037314e42b4ec00b0ca466a544152f32aba4a92bb,/content/cv3d-project/data/cache/reconstruction/metrics/03001627/106a0dbaead5066519fb4103277a6b93/f7d139d195646bcbbdd0f447.json,11.740900999939186
03001627/106c7f10c5bf5bd5f51f77a6d7299806,farthest,1,[0],1.647286729379378,1.7895620610141372,1.9318373926488963,0.0,0.0,0.0,1.9897184309064269,0.0,0.0,0.0,0.0,0.0,0.0,camera_rotation_center_and_target_diameter_scale_single_view,6.526136875447105,0.0,10000,10000,True,True,True,/content/cv3d-project/data/cache/reconstruction/predictions/03001627/106c7f10c5bf5bd5f51f77a6d7299806/7852a931cd0c88a61c2fff79.npz,dc00ab9536692c9ef895a8d6aa71225b98e9128d7f1f065bc826087db12acc3b,/content/cv3d-project/data/cache/reconstruction/metrics/03001627/106c7f10c5bf5bd5f51f77a6d7299806/5ac467407e386f3ed62122bc.json,3.739552000297408
03001627/106c7f10c5bf5bd5f51f77a6d7299806,farthest,2,"[0, 46]",0.014112306922189108,0.11534157499639158,0.21657084307059404,0.42680720522300003,0.0591947442515251,0.14114200483091788,1.9897184309064269,1.0,0.3942,0.7501,0.2713,0.032,0.0779,camera_pose_sim3,2.541037397941566,0.04883027504118209,10000,10000,True,False,True,/content/cv3d-project/data/cache/reconstruction/predictions/03001627/106c7f10c5bf5bd5f51f77a6d7299806/c85a510318e2f0f858bd2379.npz,c4b1c0fd1a6cc03253d0e556eb6f03f74b0ca88c51b26aec0686da4ac2079fa8,/content/cv3d-project/data/cache/reconstruction/metrics/03001627/106c7f10c5bf5bd5f51f77a6d7299806/bce2bd23bf27244581071c3d.json,11.130424999919342
03001627/106c7f10c5bf5bd5f51f77a6d7299806,farthest,3,"[0, 46, 18]",0.2750550186489723,0.3932283778114697,0.5114017369739671,0.0,0.0,0.0,1.9897184309064269,0.0,0.0,0.0,0.0,0.0,0.0,camera_pose_sim3,1.4384997148211636,0.9288623424968887,10000,10000,True,False,True,/content/cv3d-project/data/cache/reconstruction/predictions/03001627/106c7f10c5bf5bd5f51f77a6d7299806/dd666b1449f37ca599f79c62.npz,d7d9cd426da472a31493077d249693c90f3e855f1a30c634c6574289a8718b38,/content/cv3d-project/data/cache/reconstruction/metrics/03001627/106c7f10c5bf5bd5f51f77a6d7299806/0ebfa6d8df593a3f65564861.json,10.993770999903063
03001627/106c7f10c5bf5bd5f51f77a6d7299806,farthest,5,"[0, 46, 18, 28, 16]",0.14403566992627456,0.21927397419771577,0.29451227846915695,0.01622206572769953,0.0,0.0,1.9897184309064269,0.0317,0.0,0.0,0.0109,0.0,0.0,camera_pose_sim3,1.0802807159161592,1.1923016699218911,10000,10000,True,False,True,/content/cv3d-project/data/cache/reconstruction/predictions/03001627/106c7f10c5bf5bd5f51f77a6d7299806/fa80495ee357bad69557c302.npz,11ffdd172281984e402eacdd0196d3d2e02945e6a8206b777fae1946d8b086a2,/content/cv3d-project/data/cache/reconstruction/metrics/03001627/106c7f10c5bf5bd5f51f77a6d7299806/745d581a4f0843dbc61d705c.json,11.155756999869482
03001627/106c7f10c5bf5bd5f51f77a6d7299806,farthest,10,"[0, 46, 18, 28, 16, 30, 2, 44, 13, 33]",0.34003480313048,0.3803787485582215,0.420722693985963,0.0,0.0,0.0,1.9897184309064269,0.0,0.0,0.0,0.0,0.0,0.0,camera_pose_sim3,2.0203811339296975,0.7524538368920888,10000,10000,True,False,True,/content/cv3d-project/data/cache/reconstruction/predictions/03001627/106c7f10c5bf5bd5f51f77a6d7299806/582613262bc76e52b9c6b2dc.npz,9b021c33269cc5373757533542b3631737b6abdf70c4d7bac897b6de991cea0d,/content/cv3d-project/data/cache/reconstruction/metrics/03001627/106c7f10c5bf5bd5f51f77a6d7299806/a377da17b01f87c13c8ca53d.json,11.583724000047368
03001627/106e9487a1d47ff1a09cb462b3e723e2,farthest,1,[0],2.740236610788462,2.8416064568789077,2.942976302969354,0.0,0.0,0.0,1.9950563951972036,0.0,0.0,0.0,0.0,0.0,0.0,camera_rotation_center_and_target_diameter_scale_single_view,8.683256729719762,0.0,10000,10000,True,True,True,/content/cv3d-project/data/cache/reconstruction/predictions/03001627/106e9487a1d47ff1a09cb462b3e723e2/2b08d755288f5d2731f4283a.npz,6c671b70d940a9bfeb5dd29fc364529c6cd48acbe08ded7eda90efd695e119d1,/content/cv3d-project/data/cache/reconstruction/metrics/03001627/106e9487a1d47ff1a09cb462b3e723e2/9305eec07d42ad4e6e1f1dcc.json,3.7631660002261924
03001627/106e9487a1d47ff1a09cb462b3e723e2,farthest,2,"[0, 46]",0.25378076905318353,0.43789361010314665,0.6220064511531098,0.0,0.0,0.0,1.9950563951972036,0.0,0.0,0.0,0.0,0.0,0.0,camera_pose_sim3,1.1141412664452766,1.3673668448810865,10000,10000,True,False,True,/content/cv3d-project/data/cache/reconstruction/predictions/03001627/106e9487a1d47ff1a09cb462b3e723e2/165ad7556f00d54455193397.npz,20e9637c12c6a0a8eb6698436eb1d705a6b6f8d4ad1944670cba16c90b3a7723,/content/cv3d-project/data/cache/reconstruction/metrics/03001627/106e9487a1d47ff1a09cb462b3e723e2/df4d087db1bd9d6a6e519b71.json,10.982981999859476
03001627/106e9487a1d47ff1a09cb462b3e723e2,farthest,3,"[0, 46, 18]",0.2167354829558787,0.3721561313224334,0.5275767796889882,0.0,0.0,0.0,1.9950563951972036,0.0,0.0,0.0,0.0,0.0,0.0,camera_pose_sim3,0.8043592172381893,1.2489140319661034,10000,10000,True,False,True,/content/cv3d-project/data/cache/reconstruction/predictions/03001627/106e9487a1d47ff1a09cb462b3e723e2/8feaa96a8029977bb4a4e582.npz,e5da058c6ef799e4cca271d5574a90416994537ec0b855a39cb729d9f2c16eea,/content/cv3d-project/data/cache/reconstruction/metrics/03001627/106e9487a1d47ff1a09cb462b3e723e2/993f945775b6c8c6ab728bc8.json,10.901961999934429
03001627/106e9487a1d47ff1a09cb462b3e723e2,farthest,5,"[0, 46, 18, 28, 16]",0.12066845544326743,0.2075692386092572,0.29447002177524695,0.0,0.0,0.0,1.9950563951972036,0.0,0.0,0.0,0.0,0.0,0.0,camera_pose_sim3,0.3340699884249571,1.332829088150276,10000,10000,True,False,True,/content/cv3d-project/data/cache/reconstruction/predictions/03001627/106e9487a1d47ff1a09cb462b3e723e2/48c1a114f333fc60ad065b1a.npz,8ac0b7c09a3db6b14b5afd6285f635903234563bb2617c3261f80c25752ea7b3,/content/cv3d-project/data/cache/reconstruction/metrics/03001627/106e9487a1d47ff1a09cb462b3e723e2/ae249a12ecc97fc69b2ad31c.json,11.03080700022474
03001627/106e9487a1d47ff1a09cb462b3e723e2,farthest,10,"[0, 46, 18, 28, 16, 30, 2, 44, 13, 33]",0.014106207498919672,0.15057237051299313,0.2870385335270666,0.13171415226529656,0.00869086809470124,0.01603425539977264,1.9950563951972036,1.0,0.3504,0.7836,0.0705,0.0044,0.0081,camera_pose_sim3,0.5516752828312254,1.3361671072540373,10000,10000,True,False,True,/content/cv3d-project/data/cache/reconstruction/predictions/03001627/106e9487a1d47ff1a09cb462b3e723e2/c438294b15b7313141b9596b.npz,96c6dcbf695eb93ea157d87d1cb0cf13dca60e5088139741b4fb0a65baacf144,/content/cv3d-project/data/cache/reconstruction/metrics/03001627/106e9487a1d47ff1a09cb462b3e723e2/dc9f03b3bb9a5436381e1056.json,11.6497439998966
03001627/10709332176024ce9e47e7a22e24daa3,farthest,1,[0],3.1641227784335557,3.300619463818231,3.4371161492029065,0.0,0.0,0.0,1.9902181608189,0.0,0.0,0.0,0.0,0.0,0.0,camera_rotation_center_and_target_diameter_scale_single_view,9.540357673491904,0.0,10000,10000,True,True,True,/content/cv3d-project/data/cache/reconstruction/predictions/03001627/10709332176024ce9e47e7a22e24daa3/11230a517865324115f82aa4.npz,b2f86afee25e1fee4597333cf87376b1396da227dfff787683a129ed37dcdddf,/content/cv3d-project/data/cache/reconstruction/metrics/03001627/10709332176024ce9e47e7a22e24daa3/841f47a70208eb94e10b5823.json,3.734470999916084
03001627/10709332176024ce9e47e7a22e24daa3,farthest,2,"[0, 46]",1.2884228733696028,1.3872064730130564,1.48599007265651,0.0,0.0,0.0,1.9902181608189,0.0,0.0,0.0,0.0,0.0,0.0,camera_pose_sim3,2.0237819735325164,1.0895051345776867,10000,10000,True,False,True,/content/cv3d-project/data/cache/reconstruction/predictions/03001627/10709332176024ce9e47e7a22e24daa3/980ad7cec3b9dd823ec29577.npz,b026ddf9ff22e562cc4b041a74270a62d06a37dfa5359669126f31830d3768fe,/content/cv3d-project/data/cache/reconstruction/metrics/03001627/10709332176024ce9e47e7a22e24daa3/8396f0fea24d4af43ced40d8.json,11.182613000073616
03001627/10709332176024ce9e47e7a22e24daa3,farthest,3,"[0, 46, 18]",0.05013607990114651,0.20864637957985702,0.36715667925856754,0.04663271686931644,0.0027945205479452057,0.01292217997465146,1.9902181608189,0.9548,0.0204,0.0718,0.0239,0.0015,0.0071,camera_pose_sim3,1.8713194381059097,0.7746462840683309,10000,10000,True,False,True,/content/cv3d-project/data/cache/reconstruction/predictions/03001627/10709332176024ce9e47e7a22e24daa3/84602323fab2ac6e3481b283.npz,9046ffcfeb2adec7ab58587091faa1527094c3910cd3126c95f901c331a3bd77,/content/cv3d-project/data/cache/reconstruction/metrics/03001627/10709332176024ce9e47e7a22e24daa3/a0f99207cd7097f8f798c644.json,11.034505000225181
03001627/10709332176024ce9e47e7a22e24daa3,farthest,5,"[0, 46, 18, 28, 16]",0.045853570026326035,0.09086431157648625,0.13587505312664647,0.5010262704356929,0.024064553990610332,0.06968925,1.9902181608189,0.8936,0.0707,0.1977,0.3481,0.0145,0.0423,camera_pose_sim3,2.7805746437726193,0.16457364254647266,10000,10000,True,False,True,/content/cv3d-project/data/cache/reconstruction/predictions/03001627/10709332176024ce9e47e7a22e24daa3/f2f46e3008b82f6cea752e1d.npz,3615516c3651965728a3ddf71f5fb45f8db9ee196be7faa42fa51b097706b44a,/content/cv3d-project/data/cache/reconstruction/metrics/03001627/10709332176024ce9e47e7a22e24daa3/fd61028b4b6df531833bea0f.json,11.174576000030356
03001627/10709332176024ce9e47e7a22e24daa3,farthest,10,"[0, 46, 18, 28, 16, 30, 2, 44, 13, 33]",0.03092594465675207,0.05128307680872496,0.07164020896069785,0.8717810120862984,0.09791686274509805,0.21516248088360232,1.9902181608189,0.9947,0.1587,0.4468,0.7759,0.0708,0.1417,camera_pose_sim3,2.780226112116907,0.13028084028524992,10000,10000,True,False,True,/content/cv3d-project/data/cache/reconstruction/predictions/03001627/10709332176024ce9e47e7a22e24daa3/625ff8b3fa06f624722ad2ad.npz,343bda56028acadc8a13be66ad41973bc78c2abddf7a5d6a39cfe70fe3ad9beb,/content/cv3d-project/data/cache/reconstruction/metrics/03001627/10709332176024ce9e47e7a22e24daa3/afdf430e8d61567d9b92e37e.json,12.354794000202673
03001627/1079635b3da12a812cee4bf5d0f11ffe,farthest,1,[0],1.3736877718336287,1.5401557004058537,1.706623628978079,0.0,0.0,0.0,1.9981034589859001,0.0,0.0,0.0,0.0,0.0,0.0,camera_rotation_center_and_target_diameter_scale_single_view,6.107926164172102,0.0,10000,10000,True,True,True,/content/cv3d-project/data/cache/reconstruction/predictions/03001627/1079635b3da12a812cee4bf5d0f11ffe/d3d3f65a130c0bb98ebed9c0.npz,6af48856db979d325fa042b841798f79bed22e2cb199463e704fc91e253c01a0,/content/cv3d-project/data/cache/reconstruction/metrics/03001627/1079635b3da12a812cee4bf5d0f11ffe/b2be0c857673d5c1dc95772a.json,3.7139510000088194
03001627/1079635b3da12a812cee4bf5d0f11ffe,farthest,2,"[0, 46]",1.1131936416121844,1.2345257096392492,1.3558577776663143,0.0,0.0,0.0,1.9981034589859001,0.0,0.0,0.0,0.0,0.0,0.0,camera_pose_sim3,1.9585142145750454,1.0442616061365724,10000,10000,True,False,True,/content/cv3d-project/data/cache/reconstruction/predictions/03001627/1079635b3da12a812cee4bf5d0f11ffe/18d56c09fe7a0f966b78b751.npz,6597dc81256ebf11c1c94a126911ca3382ac7f7e3903fd9ae775415b0899b6cd,/content/cv3d-project/data/cache/reconstruction/metrics/03001627/1079635b3da12a812cee4bf5d0f11ffe/8f9c3d663d8c2ddd6bca5328.json,10.969938000016555
03001627/1079635b3da12a812cee4bf5d0f11ffe,farthest,3,"[0, 46, 18]",0.26155657722276104,0.40252195944531877,0.5434873416678765,0.0,0.0,0.0,1.9981034589859001,0.0,0.0,0.0,0.0,0.0,0.0,camera_pose_sim3,1.2600075748075117,1.056729833472695,10000,10000,True,False,True,/content/cv3d-project/data/cache/reconstruction/predictions/03001627/1079635b3da12a812cee4bf5d0f11ffe/c50fa1611f866a966d92598c.npz,be279da4e5120224368537c42a89feef7261579868ffd2e8db5e926799ed08a2,/content/cv3d-project/data/cache/reconstruction/metrics/03001627/1079635b3da12a812cee4bf5d0f11ffe/4043df7450bd262635b527dc.json,11.04194199979247
03001627/1079635b3da12a812cee4bf5d0f11ffe,farthest,5,"[0, 46, 18, 28, 16]",0.07300132679130834,0.20264348306615396,0.3322856393409996,0.12046427612140746,0.005115789473684211,0.012712206047032474,1.9981034589859001,0.6785,0.0486,0.172,0.0661,0.0027,0.0066,camera_pose_sim3,1.5688963817476926,1.0305773659948887,10000,10000,True,False,True,/content/cv3d-project/data/cache/reconstruction/predictions/03001627/1079635b3da12a812cee4bf5d0f11ffe/0700c4c6d99e5e22185f5c81.npz,b4876af36ef0ca247569592caef31c5973e94142766e7403a8d40091c9d62642,/content/cv3d-project/data/cache/reconstruction/metrics/03001627/1079635b3da12a812cee4bf5d0f11ffe/0679d0512698e683ff5cd6be.json,11.543172000074264
03001627/1079635b3da12a812cee4bf5d0f11ffe,farthest,10,"[0, 46, 18, 28, 16, 30, 2, 44, 13, 33]",0.06379991856458646,0.13729920026888984,0.2107984819731932,0.29649294105416363,0.025860898876404494,0.05382011605415861,1.9981034589859001,0.7788,0.0733,0.175,0.1831,0.0157,0.0318,camera_pose_sim3,1.7574030748720284,0.9407399662972004,10000,10000,True,False,True,/content/cv3d-project/data/cache/reconstruction/predictions/03001627/1079635b3da12a812cee4bf5d0f11ffe/2a2f482e3670a67a8bc80107.npz,210981124427797685064d48ec68bd51b44e75cb673c5c3565ee3af3a4c59ae1,/content/cv3d-project/data/cache/reconstruction/metrics/03001627/1079635b3da12a812cee4bf5d0f11ffe/a0874b880457fd20415ce39a.json,11.673965999762004
03001627/107caefdad02cf1c8ab8e68cb52baa6a,farthest,1,[0],1.16044219443338,1.2810732715729107,1.4017043487124414,0.0,0.0,0.0,1.9994983456578415,0.0,0.0,0.0,0.0,0.0,0.0,camera_rotation_center_and_target_diameter_scale_single_view,5.482530048549649,0.0,10000,10000,True,True,True,/content/cv3d-project/data/cache/reconstruction/predictions/03001627/107caefdad02cf1c8ab8e68cb52baa6a/6bb8f02ddc8a9388695f4004.npz,1fb02e08e16781607a287126975802abe6d3cb01116ac6ceba76ea29071c6a7c,/content/cv3d-project/data/cache/reconstruction/metrics/03001627/107caefdad02cf1c8ab8e68cb52baa6a/7e65656ab71a40f9cb48c3a5.json,3.7043150000499736
03001627/107caefdad02cf1c8ab8e68cb52baa6a,farthest,2,"[0, 46]",0.025507902615496632,0.07172823893769364,0.11794857525989065,0.6642033619118343,0.029529969604863225,0.10407496408045977,1.9994983456578415,0.9786,0.1481,0.4987,0.5027,0.0164,0.0581,camera_pose_sim3,2.5812599444447186,0.019249103623597066,10000,10000,True,False,True,/content/cv3d-project/data/cache/reconstruction/predictions/03001627/107caefdad02cf1c8ab8e68cb52baa6a/ad6ac7a583b767e27606a0bf.npz,15d34319415e699197b60a4d5d3bb7e1d62df7d2ef78020816d6128305c09fd8,/content/cv3d-project/data/cache/reconstruction/metrics/03001627/107caefdad02cf1c8ab8e68cb52baa6a/be031a68aa63976dd5a1ae37.json,11.175415000252542
03001627/107caefdad02cf1c8ab8e68cb52baa6a,farthest,3,"[0, 46, 18]",0.22180561115132597,0.36251468376112195,0.5032237563709179,0.0,0.0,0.0,1.9994983456578415,0.0,0.0,0.0,0.0,0.0,0.0,camera_pose_sim3,1.8701416832733144,0.9144136981935783,10000,10000,True,False,True,/content/cv3d-project/data/cache/reconstruction/predictions/03001627/107caefdad02cf1c8ab8e68cb52baa6a/a7b6b78cff237bb06ea31650.npz,d1c5ce115333503864c7a45cc7d27698dbd5a69df92c749fd4980073ba0e6e77,/content/cv3d-project/data/cache/reconstruction/metrics/03001627/107caefdad02cf1c8ab8e68cb52baa6a/39639e05587b2203e50c6ba7.json,11.221148999993602
03001627/107caefdad02cf1c8ab8e68cb52baa6a,farthest,5,"[0, 46, 18, 28, 16]",0.14448382044784622,0.1930619144202056,0.24164000839256494,0.033039483870967744,0.0,0.0,1.9994983456578415,0.1362,0.0,0.0,0.0188,0.0,0.0,camera_pose_sim3,1.493234933389263,1.0872981044167402,10000,10000,True,False,True,/content/cv3d-project/data/cache/reconstruction/predictions/03001627/107caefdad02cf1c8ab8e68cb52baa6a/c28a694a9953c48ab96bedfd.npz,3573bdd61ae2cb685b18cfa7ad952e9e667f07c6cd546bf57c915969d3e0c79a,/content/cv3d-project/data/cache/reconstruction/metrics/03001627/107caefdad02cf1c8ab8e68cb52baa6a/6e712c7df19d7a621b25a155.json,11.276430000179971
03001627/107caefdad02cf1c8ab8e68cb52baa6a,farthest,10,"[0, 46, 18, 28, 16, 30, 2, 44, 13, 33]",0.06400570110174746,0.12126284739891094,0.1785199936960744,0.35429920913004304,0.06611763208147677,0.1336849567401619,1.9994983456578415,0.7687,0.1098,0.2694,0.2302,0.0473,0.0889,camera_pose_sim3,2.4827738831927766,0.4334420117852754,10000,10000,True,False,True,/content/cv3d-project/data/cache/reconstruction/predictions/03001627/107caefdad02cf1c8ab8e68cb52baa6a/234aaf23842db28e6d1033c8.npz,7da6ac73247d7fdb32c227662b1796ca82a6308aefa283816649c8db74a05983,/content/cv3d-project/data/cache/reconstruction/metrics/03001627/107caefdad02cf1c8ab8e68cb52baa6a/3e2a6f4464e7506e220532ed.json,11.631199000021297
03001627/107ed94869ed6f1be13496cd332ce78f,farthest,1,[0],2.361163658196312,2.4645699102157854,2.5679761622352584,0.0,0.0,0.0,1.9993832089072348,0.0,0.0,0.0,0.0,0.0,0.0,camera_rotation_center_and_target_diameter_scale_single_view,7.8214924591887405,0.0,10000,10000,True,True,True,/content/cv3d-project/data/cache/reconstruction/predictions/03001627/107ed94869ed6f1be13496cd332ce78f/4c423ad79080b23eb4e8b524.npz,cd7cb1cd6513074d1aa28357abe0c233642e7ca3dcb6e8ef0c093ffa1ea2aa63,/content/cv3d-project/data/cache/reconstruction/metrics/03001627/107ed94869ed6f1be13496cd332ce78f/9f29c322442821c35389b5ac.json,3.694259999974747
03001627/107ed94869ed6f1be13496cd332ce78f,farthest,2,"[0, 46]",0.622270622243458,0.6767041850152207,0.7311377477869834,0.0,0.0,0.0,1.9993832089072348,0.0,0.0,0.0,0.0,0.0,0.0,camera_pose_sim3,2.8964800610052603,0.3858825042066967,10000,10000,True,False,True,/content/cv3d-project/data/cache/reconstruction/predictions/03001627/107ed94869ed6f1be13496cd332ce78f/408733c4ae2d0a73c532e679.npz,3c9b93a5bd3f6fb5a4534df5ee7b712389595dd9e9720358e91c44f178ecae31,/content/cv3d-project/data/cache/reconstruction/metrics/03001627/107ed94869ed6f1be13496cd332ce78f/f6ee31fc90013c65ad31bc64.json,11.10367600040263
03001627/107ed94869ed6f1be13496cd332ce78f,farthest,3,"[0, 46, 18]",0.6411112619432767,0.7601439356168418,0.8791766092904069,0.0,0.0,0.0,1.9993832089072348,0.0,0.0,0.0,0.0,0.0,0.0,camera_pose_sim3,1.495246911704715,1.117206917213717,10000,10000,True,False,True,/content/cv3d-project/data/cache/reconstruction/predictions/03001627/107ed94869ed6f1be13496cd332ce78f/00fe0a404ec0ac641d6eca5e.npz,90ad9e6839636e0ad8fa3e9eb2b9f5b8a5be843060e880c764bab3791159062e,/content/cv3d-project/data/cache/reconstruction/metrics/03001627/107ed94869ed6f1be13496cd332ce78f/2e1cbdc6897b0b5505ed3bdf.json,11.083243000030052
03001627/107ed94869ed6f1be13496cd332ce78f,farthest,5,"[0, 46, 18, 28, 16]",0.5387289162566842,0.6101916517623551,0.681654387268026,0.0,0.0,0.0,1.9993832089072348,0.0,0.0,0.0,0.0,0.0,0.0,camera_pose_sim3,2.3935090820481486,0.8771222462349226,10000,10000,True,False,True,/content/cv3d-project/data/cache/reconstruction/predictions/03001627/107ed94869ed6f1be13496cd332ce78f/e5c785714fa64fec28dea8a6.npz,c96d9d1b011e753b85ba7b327aa6cac04019b9a2453866771cd1c22e4bb3223f,/content/cv3d-project/data/cache/reconstruction/metrics/03001627/107ed94869ed6f1be13496cd332ce78f/c76471ff19b7ae14c74af9ae.json,12.884022999969602
03001627/107ed94869ed6f1be13496cd332ce78f,farthest,10,"[0, 46, 18, 28, 16, 30, 2, 44, 13, 33]",0.1307054920589605,0.17749357849916308,0.22428166493936563,0.23778946959393824,0.013803108808290153,0.029862812089356115,1.9993832089072348,0.3283,0.0296,0.0557,0.1864,0.009,0.0204,camera_pose_sim3,2.2912275732319762,0.7471362717907672,10000,10000,True,False,True,/content/cv3d-project/data/cache/reconstruction/predictions/03001627/107ed94869ed6f1be13496cd332ce78f/6da337314542ec355a39df02.npz,54fb7e78c5d2ab1343ab3c6428719846f5506c742d9bfb94cdf6e6cbea8a303b,/content/cv3d-project/data/cache/reconstruction/metrics/03001627/107ed94869ed6f1be13496cd332ce78f/3911cd4f95a32e030fa1d58b.json,11.968285999955697
03001627/108238b535eb293cd79b19c7c4f0e293,farthest,1,[0],1.6189896198084164,1.786967873853213,1.9549461278980098,0.0,0.0,0.0,1.9989451085925671,0.0,0.0,0.0,0.0,0.0,0.0,camera_rotation_center_and_target_diameter_scale_single_view,6.569041079943667,0.0,10000,10000,True,True,True,/content/cv3d-project/data/cache/reconstruction/predictions/03001627/108238b535eb293cd79b19c7c4f0e293/4c674eae10ba18ca205a57a7.npz,8efb4e0475176f9cdd778396755bef1c232fc30e8cf49f2870b5d3a0a4ce4f2a,/content/cv3d-project/data/cache/reconstruction/metrics/03001627/108238b535eb293cd79b19c7c4f0e293/e2f13ee088c9f1486a7795b5.json,3.772824999941804
03001627/108238b535eb293cd79b19c7c4f0e293,farthest,2,"[0, 46]",0.028745358494153547,0.13775829328442618,0.24677122807469884,0.246961340703694,0.02031044776119403,0.04870291484092208,1.9989451085925671,0.9988,0.1701,0.4993,0.1409,0.0108,0.0256,camera_pose_sim3,2.606707296299001,0.1129126655648279,10000,10000,True,False,True,/content/cv3d-project/data/cache/reconstruction/predictions/03001627/108238b535eb293cd79b19c7c4f0e293/227e16f06a3481ab82cd1ec5.npz,5fe9ef9a37f9c151ea08fdcc3c99180f39fbe7ec68e20f734eceb5fffe613b31,/content/cv3d-project/data/cache/reconstruction/metrics/03001627/108238b535eb293cd79b19c7c4f0e293/da43d488500f3dbd2b1c30ce.json,11.357436000253074
03001627/108238b535eb293cd79b19c7c4f0e293,farthest,3,"[0, 46, 18]",0.3271312897113118,0.4686356031591261,0.6101399166069404,0.0,0.0,0.0,1.9989451085925671,0.0,0.0,0.0,0.0,0.0,0.0,camera_pose_sim3,1.7953157561964346,0.9529708708106779,10000,10000,True,False,True,/content/cv3d-project/data/cache/reconstruction/predictions/03001627/108238b535eb293cd79b19c7c4f0e293/e7d03df7be2a41710ed7efd9.npz,97ad6411af730c4556a687a3794e4c48d52407c3d604fb9a5fea3e1a61f95460,/content/cv3d-project/data/cache/reconstruction/metrics/03001627/108238b535eb293cd79b19c7c4f0e293/cf451235388d6e336754cc92.json,11.186009000084596
03001627/108238b535eb293cd79b19c7c4f0e293,farthest,5,"[0, 46, 18, 28, 16]",0.053342992717219005,0.20620366324504108,0.3590643337728632,0.031108485922425676,0.0,0.0,1.9989451085925671,1.0,0.0,0.0,0.0158,0.0,0.0,camera_pose_sim3,0.1322910744848113,1.3356559736982716,10000,10000,True,False,True,/content/cv3d-project/data/cache/reconstruction/predictions/03001627/108238b535eb293cd79b19c7c4f0e293/94526ecc8c296b1dc389354c.npz,9e782c7dfb3e4d23955356c7cd1dd045bc974f28c92b66cf2e31c8f6908a5c3c,/content/cv3d-project/data/cache/reconstruction/metrics/03001627/108238b535eb293cd79b19c7c4f0e293/77e9277f8d96b40074e15178.json,11.338402000092174
03001627/108238b535eb293cd79b19c7c4f0e293,farthest,10,"[0, 46, 18, 28, 16, 30, 2, 44, 13, 33]",0.08582213945164845,0.13258442648870572,0.17934671352576298,0.34605853202431036,0.031418835978835984,0.05716764705882353,1.9989451085925671,0.6148,0.0746,0.1767,0.2408,0.0199,0.0341,camera_pose_sim3,2.019460337990668,0.8031504835901006,10000,10000,True,False,True,/content/cv3d-project/data/cache/reconstruction/predictions/03001627/108238b535eb293cd79b19c7c4f0e293/b8ffd02d4c8ce3a6b94c4efd.npz,ca5d796359132f23cca9f05f28e073ccec07dc603281fd392ca32244438af0f4,/content/cv3d-project/data/cache/reconstruction/metrics/03001627/108238b535eb293cd79b19c7c4f0e293/e1650e9ef5152d9378c5b5d9.json,11.742103999949904
03001627/108b9cb292fd811cf51f77a6d7299806,farthest,1,[0],1.3216127352774585,1.4306096587451447,1.5396065822128306,0.0,0.0,0.0,1.9829942291649416,0.0,0.0,0.0,0.0,0.0,0.0,camera_rotation_center_and_target_diameter_scale_single_view,5.698626476037029,0.0,10000,10000,True,True,True,/content/cv3d-project/data/cache/reconstruction/predictions/03001627/108b9cb292fd811cf51f77a6d7299806/3ebc20736e2c4406b5c24ef6.npz,e94baa735dda4142ff5ecb568098a96c3f3dc3dbe2685ce5e525664f97870b5b,/content/cv3d-project/data/cache/reconstruction/metrics/03001627/108b9cb292fd811cf51f77a6d7299806/7845e86656fba8c156190db9.json,3.7129980000827345
03001627/108b9cb292fd811cf51f77a6d7299806,farthest,2,"[0, 46]",1.729788814948367,1.7940687790319498,1.8583487431155326,0.0,0.0,0.0,1.9829942291649416,0.0,0.0,0.0,0.0,0.0,0.0,camera_pose_sim3,3.0609648908519413,0.9113736995570828,10000,10000,True,False,True,/content/cv3d-project/data/cache/reconstruction/predictions/03001627/108b9cb292fd811cf51f77a6d7299806/fe8ac8ec5b89a7787a251448.npz,e0b9da35b2f7a3bc2f57a7b2c93c41b48a3a85d3b25bd3c2da6ae469f75a0f31,/content/cv3d-project/data/cache/reconstruction/metrics/03001627/108b9cb292fd811cf51f77a6d7299806/be6ee693efff61b2ce98495e.json,11.200077000012243
03001627/108b9cb292fd811cf51f77a6d7299806,farthest,3,"[0, 46, 18]",0.5286274681576739,0.6641099714524087,0.7995924747471435,0.0,0.0,0.0,1.9829942291649416,0.0,0.0,0.0,0.0,0.0,0.0,camera_pose_sim3,1.4217486132143966,1.096195542412857,10000,10000,True,False,True,/content/cv3d-project/data/cache/reconstruction/predictions/03001627/108b9cb292fd811cf51f77a6d7299806/a96827024f78220dfc927037.npz,9066aa525bfba390f4dad3073bdb4acf12c16bee3a746aa8ffcec73f34ca40b7,/content/cv3d-project/data/cache/reconstruction/metrics/03001627/108b9cb292fd811cf51f77a6d7299806/24c05ad545ae39609aeb83f4.json,11.029114999928424
03001627/108b9cb292fd811cf51f77a6d7299806,farthest,5,"[0, 46, 18, 28, 16]",0.1870272652436774,0.2899364567628443,0.3928456482820112,0.0,0.0,0.0,1.9829942291649416,0.0,0.0,0.0,0.0,0.0,0.0,camera_pose_sim3,1.4300764476669754,1.1716081711498672,10000,10000,True,False,True,/content/cv3d-project/data/cache/reconstruction/predictions/03001627/108b9cb292fd811cf51f77a6d7299806/e1aa5b7ee8a9ab583a9f4163.npz,f19b3d4b4a1c55633e3b367edf5035123f157306da5d7e4e9cbf03c1a867891c,/content/cv3d-project/data/cache/reconstruction/metrics/03001627/108b9cb292fd811cf51f77a6d7299806/edeb662dd418fb63a2e3e0af.json,11.175001000083284
03001627/108b9cb292fd811cf51f77a6d7299806,farthest,10,"[0, 46, 18, 28, 16, 30, 2, 44, 13, 33]",0.18311891148523213,0.2909417958724194,0.39876468025960676,0.0,0.0,0.0,1.9829942291649416,0.0,0.0,0.0,0.0,0.0,0.0,camera_pose_sim3,1.4281463431254577,1.1639014322839716,10000,10000,True,False,True,/content/cv3d-project/data/cache/reconstruction/predictions/03001627/108b9cb292fd811cf51f77a6d7299806/df8bff5e68fdca750b7a86ad.npz,00780392299353e53d004b72222e547a60b939bbd39b66a4792dedf2d62e31b3,/content/cv3d-project/data/cache/reconstruction/metrics/03001627/108b9cb292fd811cf51f77a6d7299806/5bce9f4ab2f8bed2455201a3.json,11.717973000031634
03001627/1093d35c2ac73bb74ca84d60642ec7e8,farthest,1,[0],2.645482013783495,2.8119007249775283,2.9783194361715615,0.0,0.0,0.0,1.9943262585162966,0.0,0.0,0.0,0.0,0.0,0.0,camera_rotation_center_and_target_diameter_scale_single_view,8.68958529492394,0.0,10000,10000,True,True,True,/content/cv3d-project/data/cache/reconstruction/predictions/03001627/1093d35c2ac73bb74ca84d60642ec7e8/d8c4b43b71721ba4d0bbe9a8.npz,91f3e6ce7c9b8278dcfc85901d722e4a4a6f460485011ec1ae891374f6f0950c,/content/cv3d-project/data/cache/reconstruction/metrics/03001627/1093d35c2ac73bb74ca84d60642ec7e8/7dd61b6d1dc790ed037cf9c2.json,3.7528120001297793
03001627/1093d35c2ac73bb74ca84d60642ec7e8,farthest,2,"[0, 46]",0.10185389758301319,0.16454758768722733,0.22724127779144143,0.17062360770577933,0.0,0.0017142857142857144,1.9943262585162966,0.4666,0.0,0.003,0.1044,0.0,0.0012,camera_pose_sim3,2.909106815040551,0.05503330265856631,10000,10000,True,False,True,/content/cv3d-project/data/cache/reconstruction/predictions/03001627/1093d35c2ac73bb74ca84d60642ec7e8/0cbdc2287d43d11ffa6e67ad.npz,10e45638bdcab862c61c84d3b0cfa3e0de2faf0ff4b64cf56c2da5013650269a,/content/cv3d-project/data/cache/reconstruction/metrics/03001627/1093d35c2ac73bb74ca84d60642ec7e8/06e84631ab5357e312f6c5ef.json,11.666611999771703
03001627/1093d35c2ac73bb74ca84d60642ec7e8,farthest,3,"[0, 46, 18]",0.14771098038941755,0.2565835664740134,0.3654561525586093,0.04538745387453874,0.0,0.0014030769230769231,1.9943262585162966,0.246,0.0,0.0057,0.025,0.0,0.0008,camera_pose_sim3,1.9906721344157476,0.8514063259758198,10000,10000,True,False,True,/content/cv3d-project/data/cache/reconstruction/predictions/03001627/1093d35c2ac73bb74ca84d60642ec7e8/82a2e6c5c194d1468d95f4e8.npz,14e977654461ecd99a848991d3fc0197c128d0a0df0ce3f2526278cd45f48eee,/content/cv3d-project/data/cache/reconstruction/metrics/03001627/1093d35c2ac73bb74ca84d60642ec7e8/13c72a6a5461d6eb735b5ccc.json,11.263191000125516
03001627/1093d35c2ac73bb74ca84d60642ec7e8,farthest,5,"[0, 46, 18, 28, 16]",0.3250406529102861,0.41492750578109594,0.5048143586519057,0.0,0.0,0.0,1.9943262585162966,0.0,0.0,0.0,0.0,0.0,0.0,camera_pose_sim3,1.9788733935278284,0.7633158300853841,10000,10000,True,False,True,/content/cv3d-project/data/cache/reconstruction/predictions/03001627/1093d35c2ac73bb74ca84d60642ec7e8/f2a9b905c4d6608127e00a2d.npz,934d3e308d76cd1c912459db93be9f8a1400e124fc12bbab7a9857d5673d5b0f,/content/cv3d-project/data/cache/reconstruction/metrics/03001627/1093d35c2ac73bb74ca84d60642ec7e8/70df00fc1b676c14b220d9e9.json,11.151283000344847
03001627/1093d35c2ac73bb74ca84d60642ec7e8,farthest,10,"[0, 46, 18, 28, 16, 30, 2, 44, 13, 33]",0.03815878387853307,0.0673969608195139,0.09663513776049473,0.7589135825780463,0.0914675227837614,0.1892141143542583,1.9943262585162966,0.9623,0.1801,0.3735,0.6265,0.0613,0.1267,camera_pose_sim3,2.4916832653698964,0.46663576921308136,10000,10000,True,False,True,/content/cv3d-project/data/cache/reconstruction/predictions/03001627/1093d35c2ac73bb74ca84d60642ec7e8/861c0e48c40af3088e941084.npz,01ae842f82f1a172a4517620387dc440b2745ca86ff9b9159aceae0730380388,/content/cv3d-project/data/cache/reconstruction/metrics/03001627/1093d35c2ac73bb74ca84d60642ec7e8/a7dac96adce1ef6809e06ea3.json,11.673025999698439
03001627/10991b3b01cc6cc99982a4d6320875e,farthest,1,[0],3.121097790880662,3.2526062208155686,3.3841146507504756,0.0,0.0,0.0,1.9950276733635652,0.0,0.0,0.0,0.0,0.0,0.0,camera_rotation_center_and_target_diameter_scale_single_view,9.464399412167975,0.0,10000,10000,True,True,True,/content/cv3d-project/data/cache/reconstruction/predictions/03001627/10991b3b01cc6cc99982a4d6320875e/68ff14e915ff20c812ea0ed3.npz,0d4887a2d4929132f76caf4f8538213e79e22cff622d69fbccaa15b445778598,/content/cv3d-project/data/cache/reconstruction/metrics/03001627/10991b3b01cc6cc99982a4d6320875e/8094ee5d92879d07a2069861.json,3.6977929999011394
03001627/10991b3b01cc6cc99982a4d6320875e,farthest,2,"[0, 46]",0.9836849799661743,1.0810360602095037,1.178387140452833,0.0,0.0,0.0,1.9950276733635652,0.0,0.0,0.0,0.0,0.0,0.0,camera_pose_sim3,3.0410628349890243,0.6322064441451699,10000,10000,True,False,True,/content/cv3d-project/data/cache/reconstruction/predictions/03001627/10991b3b01cc6cc99982a4d6320875e/5c9f3a1ac14509560b03043b.npz,c25ff4d8e29093fdf4d43de35cdd5dee9a2c06cb0eec3bb71c5c9eccb0b95874,/content/cv3d-project/data/cache/reconstruction/metrics/03001627/10991b3b01cc6cc99982a4d6320875e/14878df3651d985f93906757.json,11.08092000004035
03001627/10991b3b01cc6cc99982a4d6320875e,farthest,3,"[0, 46, 18]",0.17591524619261492,0.3111993016385932,0.4464833570845715,0.0,0.0,0.0,1.9950276733635652,0.0,0.0,0.0,0.0,0.0,0.0,camera_pose_sim3,0.6957971617154023,1.2649325857163651,10000,10000,True,False,True,/content/cv3d-project/data/cache/reconstruction/predictions/03001627/10991b3b01cc6cc99982a4d6320875e/bd46c1020154ab4fcf1872ef.npz,590a414be7c1b7c2e0d4ff9a672d1d2496599b5a8fe21f6de0df23ea108e55b0,/content/cv3d-project/data/cache/reconstruction/metrics/03001627/10991b3b01cc6cc99982a4d6320875e/f23bef936a4b6fb5c80ce56c.json,11.396540000077948
03001627/10991b3b01cc6cc99982a4d6320875e,farthest,5,"[0, 46, 18, 28, 16]",0.4131966115314452,0.5331398392909813,0.6530830670505174,0.0,0.0,0.0,1.9950276733635652,0.0,0.0,0.0,0.0,0.0,0.0,camera_pose_sim3,0.9172890166908525,1.2729935695513397,10000,10000,True,False,True,/content/cv3d-project/data/cache/reconstruction/predictions/03001627/10991b3b01cc6cc99982a4d6320875e/21525f41eed908498dfb917d.npz,73c16e27dbf124f2e312d04a56df3ed5f179294d830a5780c296e28f6d240011,/content/cv3d-project/data/cache/reconstruction/metrics/03001627/10991b3b01cc6cc99982a4d6320875e/1b6099cb2453fde3914997e5.json,11.518969000007928
03001627/10991b3b01cc6cc99982a4d6320875e,farthest,10,"[0, 46, 18, 28, 16, 30, 2, 44, 13, 33]",0.25809603438513273,0.3522173495467512,0.44633866470836975,9.999999999999999e-05,0.0,0.0,1.9950276733635652,0.0001,0.0,0.0,0.0001,0.0,0.0,camera_pose_sim3,2.295463950198566,0.7952797822227113,10000,10000,True,False,True,/content/cv3d-project/data/cache/reconstruction/predictions/03001627/10991b3b01cc6cc99982a4d6320875e/b70446de7cdb962728c36b78.npz,cf01eb05c0e579d07d107f5f2bb0981f3fc7e96d2a6eb2f8de3839754c1218b1,/content/cv3d-project/data/cache/reconstruction/metrics/03001627/10991b3b01cc6cc99982a4d6320875e/3c66140a471566d7dcd52df4.json,11.924826999802463
03001627/10a1783f635b3fc181dff5c2e57ad46e,farthest,1,[0],1.1530100411300468,1.3052775191266468,1.457544997123247,0.0,0.0,0.0,1.9999918828581313,0.0,0.0,0.0,0.0,0.0,0.0,camera_rotation_center_and_target_diameter_scale_single_view,5.664220267092219,0.0,10000,10000,True,True,True,/content/cv3d-project/data/cache/reconstruction/predictions/03001627/10a1783f635b3fc181dff5c2e57ad46e/461b06aea8a149e5b28e7bf6.npz,00dc112e868efbd5e0bbd383b46856635eb97573f8a839993f501c7afa1b65a8,/content/cv3d-project/data/cache/reconstruction/metrics/03001627/10a1783f635b3fc181dff5c2e57ad46e/2bf32eb5905b1b8c56a90292.json,3.79495000015595
03001627/10a1783f635b3fc181dff5c2e57ad46e,farthest,2,"[0, 46]",1.2517073887980117,1.3272451981392246,1.4027830074804375,0.0,0.0,0.0,1.9999918828581313,0.0,0.0,0.0,0.0,0.0,0.0,camera_pose_sim3,3.5061616351634575,0.4485759860922735,10000,10000,True,False,True,/content/cv3d-project/data/cache/reconstruction/predictions/03001627/10a1783f635b3fc181dff5c2e57ad46e/d9ce38e089c6e3380aaa725e.npz,ac289fbf270be75fcde3e8bff21fb7cd5ba78525383f64067b4af346037dab4e,/content/cv3d-project/data/cache/reconstruction/metrics/03001627/10a1783f635b3fc181dff5c2e57ad46e/272eba1acaa93cef9ddba372.json,11.383390999981202
03001627/10a1783f635b3fc181dff5c2e57ad46e,farthest,3,"[0, 46, 18]",0.5720597477208643,0.7267433396017269,0.8814269314825895,0.0,0.0,0.0,1.9999918828581313,0.0,0.0,0.0,0.0,0.0,0.0,camera_pose_sim3,1.738997937338533,1.0223258840308298,10000,10000,True,False,True,/content/cv3d-project/data/cache/reconstruction/predictions/03001627/10a1783f635b3fc181dff5c2e57ad46e/4603498873ad38b1015074b4.npz,be0f48e10d354335fd1071071010fffa986bb1be5d67fb33e412dbb3d42411eb,/content/cv3d-project/data/cache/reconstruction/metrics/03001627/10a1783f635b3fc181dff5c2e57ad46e/2cf3c8fd803fe07df73ca046.json,11.406441999952222
03001627/10a1783f635b3fc181dff5c2e57ad46e,farthest,5,"[0, 46, 18, 28, 16]",2.244147110425865,2.4003843930855293,2.556621675745194,0.0,0.0,0.0,1.9999918828581313,0.0,0.0,0.0,0.0,0.0,0.0,camera_pose_sim3_positive_scale_fallback,3.484627094189948,1.4819206175175301,10000,10000,True,False,True,/content/cv3d-project/data/cache/reconstruction/predictions/03001627/10a1783f635b3fc181dff5c2e57ad46e/7f5e69e24b435f0ed2f2f299.npz,56ec3b6331e39e76a23f2dc6588c2c62e6a77ecadc5cc0e2c3824eb79703a214,/content/cv3d-project/data/cache/reconstruction/metrics/03001627/10a1783f635b3fc181dff5c2e57ad46e/2ddea73ee739489a4654ef2e.json,11.880181999913475
03001627/10a1783f635b3fc181dff5c2e57ad46e,farthest,10,"[0, 46, 18, 28, 16, 30, 2, 44, 13, 33]",0.24038568843765284,0.34460492966615436,0.44882417089465587,0.0,0.0,0.0,1.9999918828581313,0.0,0.0,0.0,0.0,0.0,0.0,camera_pose_sim3,1.696010049463532,0.9223584975719497,10000,10000,True,False,True,/content/cv3d-project/data/cache/reconstruction/predictions/03001627/10a1783f635b3fc181dff5c2e57ad46e/ca609edfeda1c7b9c197c41f.npz,e034ceef8908e8dd9c503ba5e0bfe1029d2c5615c74b4ac2b95f1198447ff9ec,/content/cv3d-project/data/cache/reconstruction/metrics/03001627/10a1783f635b3fc181dff5c2e57ad46e/5ef6ec597e9b092c3cd173b7.json,12.137758000335452
03001627/10c08a28cae054e53a762233fffc49ea,farthest,1,[0],1.379804673192558,1.536363616705876,1.6929225602191942,0.0,0.0,0.0,1.9987442340057244,0.0,0.0,0.0,0.0,0.0,0.0,camera_rotation_center_and_target_diameter_scale_single_view,6.0832884729243055,0.0,10000,10000,True,True,True,/content/cv3d-project/data/cache/reconstruction/predictions/03001627/10c08a28cae054e53a762233fffc49ea/a5d26c4eec671b123f7bac43.npz,21e5a6fab71113c68cd1c83d9ea69cbdca4ef6af23c3ead8f7d51506ce908c3e,/content/cv3d-project/data/cache/reconstruction/metrics/03001627/10c08a28cae054e53a762233fffc49ea/047f7fa237ee0a2715ef9e31.json,3.8422679999712273
03001627/10c08a28cae054e53a762233fffc49ea,farthest,2,"[0, 46]",0.2142821565752106,0.39345801546331916,0.5726338743514277,0.0,0.0,0.0,1.9987442340057244,0.0,0.0,0.0,0.0,0.0,0.0,camera_pose_sim3,0.6686316616257073,1.3500051472313017,10000,10000,True,False,True,/content/cv3d-project/data/cache/reconstruction/predictions/03001627/10c08a28cae054e53a762233fffc49ea/3a2399174c4264030385fe47.npz,eff2158ff8905b4ec620c171c26c0fafda102b645295c948db644809410740a8,/content/cv3d-project/data/cache/reconstruction/metrics/03001627/10c08a28cae054e53a762233fffc49ea/59f72ead52496a32c325de16.json,11.707207999734237
03001627/10c08a28cae054e53a762233fffc49ea,farthest,3,"[0, 46, 18]",4.85853316864521,4.960311923266753,5.062090677888295,0.0,0.0,0.0,1.9987442340057244,0.0,0.0,0.0,0.0,0.0,0.0,camera_pose_sim3_positive_scale_fallback,8.53201432743502,0.8276087771097252,10000,10000,True,False,True,/content/cv3d-project/data/cache/reconstruction/predictions/03001627/10c08a28cae054e53a762233fffc49ea/b85fa41ddc93c5e7ca83a476.npz,1ab1c7d68b8c8fa07cfef91c99d238ccca59913e39fcc8b4b0ac2d35734bc5ab,/content/cv3d-project/data/cache/reconstruction/metrics/03001627/10c08a28cae054e53a762233fffc49ea/fb0bb3fc7ada5b52a19f73a5.json,11.647043999801099
03001627/10c08a28cae054e53a762233fffc49ea,farthest,5,"[0, 46, 18, 28, 16]",0.06091447507846836,0.16942898030151105,0.2779434855245537,0.12560040502227623,0.0,0.0034495145631067963,1.9987442340057244,0.9202,0.0,0.0187,0.0674,0.0,0.0019,camera_pose_sim3,1.7397365597267676,1.082736142728133,10000,10000,True,False,True,/content/cv3d-project/data/cache/reconstruction/predictions/03001627/10c08a28cae054e53a762233fffc49ea/0a40f760b2e493a28b0cbe8a.npz,d63d32a800f762d1d5daab775fbe39ee408eb92df4a61724cde960ee0f7e7b0a,/content/cv3d-project/data/cache/reconstruction/metrics/03001627/10c08a28cae054e53a762233fffc49ea/7ce2f328a4d7745fc2be97d8.json,11.844475000089005
03001627/10c08a28cae054e53a762233fffc49ea,farthest,10,"[0, 46, 18, 28, 16, 30, 2, 44, 13, 33]",0.2163295056132268,0.3142308532141741,0.4121322008151214,0.0,0.0,0.0,1.9987442340057244,0.0,0.0,0.0,0.0,0.0,0.0,camera_pose_sim3,0.847629846704015,1.2604017064388255,10000,10000,True,False,True,/content/cv3d-project/data/cache/reconstruction/predictions/03001627/10c08a28cae054e53a762233fffc49ea/f474c43a20e107f0438c39c0.npz,7dce1393cfb617a6d5f6be1414f806f8d0382de0f48e8042ac7bd3bebe00a20f,/content/cv3d-project/data/cache/reconstruction/metrics/03001627/10c08a28cae054e53a762233fffc49ea/0ff87d43252154f149a98eb6.json,12.374373000056949
03001627/10d174a00639990492d9da2668ec34c,farthest,1,[0],1.8237092672143407,1.905314502038522,1.9869197368627034,0.0,0.0,0.0,1.9881942877683374,0.0,0.0,0.0,0.0,0.0,0.0,camera_rotation_center_and_target_diameter_scale_single_view,6.669148620055134,0.0,10000,10000,True,True,True,/content/cv3d-project/data/cache/reconstruction/predictions/03001627/10d174a00639990492d9da2668ec34c/e9e63f7ce154fb21362e4102.npz,7fba8e8dc180dfc931fed39604e38edb04de7d4021407f9311c6fb158b82232a,/content/cv3d-project/data/cache/reconstruction/metrics/03001627/10d174a00639990492d9da2668ec34c/9e6be248b6d7799f6cd2c89d.json,3.919036999832315
03001627/10d174a00639990492d9da2668ec34c,farthest,2,"[0, 46]",0.043386517065396146,0.06814364361702915,0.09290077016866216,0.7288951331620926,0.06384659123875834,0.1216438230994152,1.9881942877683374,0.8291,0.3091,0.4775,0.6503,0.0356,0.0697,camera_pose_sim3,2.7109106913652106,0.023591081684041018,10000,10000,True,False,True,/content/cv3d-project/data/cache/reconstruction/predictions/03001627/10d174a00639990492d9da2668ec34c/83d625e2f84948a8f43aace1.npz,4595ef0a1b9b246aba57576ae762275ff8938808d68f2597135e34ea79b95f0e,/content/cv3d-project/data/cache/reconstruction/metrics/03001627/10d174a00639990492d9da2668ec34c/639bf49cc001966e76cdda60.json,11.481749000267882
03001627/10d174a00639990492d9da2668ec34c,farthest,3,"[0, 46, 18]",0.2008692642862946,0.31498387923881266,0.42909849419133067,0.002012403100775194,0.0,0.0,1.9881942877683374,0.0118,0.0,0.0,0.0011,0.0,0.0,camera_pose_sim3,2.075941973425573,0.8315983988408621,10000,10000,True,False,True,/content/cv3d-project/data/cache/reconstruction/predictions/03001627/10d174a00639990492d9da2668ec34c/c54bcd33d575f33dc4f8dee0.npz,f840bde470aaa2a3677596ee93ba91479a5e2c48819dfb18424838f2c629e8b5,/content/cv3d-project/data/cache/reconstruction/metrics/03001627/10d174a00639990492d9da2668ec34c/f587ad7af9bf4f6aeb11dafa.json,11.804888999904506
03001627/10d174a00639990492d9da2668ec34c,farthest,5,"[0, 46, 18, 28, 16]",0.16893507423010393,0.23556836892344035,0.30220166361677675,0.02951805483704087,0.0,0.0,1.9881942877683374,0.1772,0.0,0.0,0.0161,0.0,0.0,camera_pose_sim3,2.2648634471521403,0.5217132845756636,10000,10000,True,False,True,/content/cv3d-project/data/cache/reconstruction/predictions/03001627/10d174a00639990492d9da2668ec34c/6f5b5f84090a0fb28742e6d2.npz,75691379e477418ea23112f4ece4c0887ba83285a8f51ff34b6a611ee9b8381a,/content/cv3d-project/data/cache/reconstruction/metrics/03001627/10d174a00639990492d9da2668ec34c/49cfc60c501702d2f303f212.json,11.962183999912668
03001627/10d174a00639990492d9da2668ec34c,farthest,10,"[0, 46, 18, 28, 16, 30, 2, 44, 13, 33]",0.04909046591922241,0.05872059572645137,0.06835072553368034,0.8741348559740925,0.05854655436447167,0.1295013071895425,1.9881942877683374,0.9522,0.0863,0.1713,0.8079,0.0443,0.1041,camera_pose_sim3,2.630535481513899,0.21449472904023206,10000,10000,True,False,True,/content/cv3d-project/data/cache/reconstruction/predictions/03001627/10d174a00639990492d9da2668ec34c/d896ae18904d478e736bc224.npz,7938a01458255fa01cda2cd62a5a2abfe6d3c437837f6337ee957f0610418e14,/content/cv3d-project/data/cache/reconstruction/metrics/03001627/10d174a00639990492d9da2668ec34c/867b5a990a2bb1cd8fa08c1e.json,12.19280900022568
03001627/10d5c2f88b60bbf5febad4f49b26ec52,farthest,1,[0],1.2461214283240474,1.4157910118013262,1.5854605952786052,0.0,0.0,0.0,1.997173277382665,0.0,0.0,0.0,0.0,0.0,0.0,camera_rotation_center_and_target_diameter_scale_single_view,5.860365357129392,0.0,10000,10000,True,True,True,/content/cv3d-project/data/cache/reconstruction/predictions/03001627/10d5c2f88b60bbf5febad4f49b26ec52/a3eac02d8096d9d8119d8452.npz,25ee0c72c99380f131588d6585324ea12d6f0ff49924ff2668ab498b702ecbe2,/content/cv3d-project/data/cache/reconstruction/metrics/03001627/10d5c2f88b60bbf5febad4f49b26ec52/485d50e8f42dc6396f89b8a9.json,3.868427000270458
03001627/10d5c2f88b60bbf5febad4f49b26ec52,farthest,2,"[0, 46]",0.7036405153541975,0.7807844083972049,0.8579283014402124,0.0,0.0,0.0,1.997173277382665,0.0,0.0,0.0,0.0,0.0,0.0,camera_pose_sim3,2.9937544105075484,0.38557305780935675,10000,10000,True,False,True,/content/cv3d-project/data/cache/reconstruction/predictions/03001627/10d5c2f88b60bbf5febad4f49b26ec52/85904a3dcf78c5ce8167ae57.npz,fa9e97a69b728be140928d00d99d0216c69156db868957b8bedd555bd7edbb78,/content/cv3d-project/data/cache/reconstruction/metrics/03001627/10d5c2f88b60bbf5febad4f49b26ec52/b1f06fa319ab783d46b09460.json,11.289508999652753
03001627/10d5c2f88b60bbf5febad4f49b26ec52,farthest,3,"[0, 46, 18]",0.12196515174867133,0.3009305780532733,0.47989600435787527,0.011621251972645975,0.0,0.0,1.997173277382665,0.1841,0.0,0.0,0.006,0.0,0.0,camera_pose_sim3,1.1634085535070884,1.0582481233184002,10000,10000,True,False,True,/content/cv3d-project/data/cache/reconstruction/predictions/03001627/10d5c2f88b60bbf5febad4f49b26ec52/2705aae4f04adba8fa729ead.npz,0977b6813292ea64e4a1ed3676e230a09cbfd1c7a7f1a8e2fc7b42725093395f,/content/cv3d-project/data/cache/reconstruction/metrics/03001627/10d5c2f88b60bbf5febad4f49b26ec52/da7cef8e82cbba5a0f259de4.json,11.708929999713291
03001627/10d5c2f88b60bbf5febad4f49b26ec52,farthest,5,"[0, 46, 18, 28, 16]",0.49307309874547056,0.6436306501892542,0.7941882016330379,0.0,0.0,0.0,1.997173277382665,0.0,0.0,0.0,0.0,0.0,0.0,camera_pose_sim3,1.9639966784642333,0.9452708089214579,10000,10000,True,False,True,/content/cv3d-project/data/cache/reconstruction/predictions/03001627/10d5c2f88b60bbf5febad4f49b26ec52/ab9ade7d1f69bbb062f95c5f.npz,1fb50ac867dd77434eb6572fb5da78a86a66cc7b3e97b731944b2af1d698ac30,/content/cv3d-project/data/cache/reconstruction/metrics/03001627/10d5c2f88b60bbf5febad4f49b26ec52/d58d6246e658fa4253ac1320.json,11.592294999900332
03001627/10d5c2f88b60bbf5febad4f49b26ec52,farthest,10,"[0, 46, 18, 28, 16, 30, 2, 44, 13, 33]",0.1640951525108534,0.2258647018273346,0.28763425114381574,0.06355950457727517,0.0,0.0,1.997173277382665,0.145,0.0,0.0,0.0407,0.0,0.0,camera_pose_sim3,2.16304661367317,0.8248888418656195,10000,10000,True,False,True,/content/cv3d-project/data/cache/reconstruction/predictions/03001627/10d5c2f88b60bbf5febad4f49b26ec52/a6dd86f1dc37acf1422a5dc6.npz,fad7651d700ecf97ec6f539e4680108e01ebe4f423b91ac94ff55bc7115f3787,/content/cv3d-project/data/cache/reconstruction/metrics/03001627/10d5c2f88b60bbf5febad4f49b26ec52/a8cd7e8581d238981a30682a.json,13.87501900035204
03001627/10dc303144fe5d668d1b9a1d97e2846,farthest,1,[0],1.1373704853806548,1.2461117195550373,1.3548529537294196,0.0,0.0,0.0,1.9976220090239247,0.0,0.0,0.0,0.0,0.0,0.0,camera_rotation_center_and_target_diameter_scale_single_view,5.484264237496039,0.0,10000,10000,True,True,True,/content/cv3d-project/data/cache/reconstruction/predictions/03001627/10dc303144fe5d668d1b9a1d97e2846/14ffc80e47166f9a737a2b11.npz,f96bc5d6da9262f12f9cf789b90d43868611f4d606a2b5fe4aaf9fa1a67c2ef4,/content/cv3d-project/data/cache/reconstruction/metrics/03001627/10dc303144fe5d668d1b9a1d97e2846/bcfe9d424c73b658a96a4d30.json,3.8991829997030436
03001627/10dc303144fe5d668d1b9a1d97e2846,farthest,2,"[0, 46]",0.07687290539384772,0.10649060999287478,0.13610831459190184,0.4321378942353501,0.0058277511961722485,0.01472064777327935,1.9976220090239247,0.7452,0.0174,0.0404,0.3043,0.0035,0.009,camera_pose_sim3,2.6355645106611814,0.013618859520106876,10000,10000,True,False,True,/content/cv3d-project/data/cache/reconstruction/predictions/03001627/10dc303144fe5d668d1b9a1d97e2846/29f7d5b506348834c8cdbb23.npz,e47d3339b4a5b5c6421c070a2f1b1e799f60dc8ea11376a09ac71e92f6bfc8a2,/content/cv3d-project/data/cache/reconstruction/metrics/03001627/10dc303144fe5d668d1b9a1d97e2846/dd877a8b9f8f200548bb5f36.json,12.04435600038778
03001627/10dc303144fe5d668d1b9a1d97e2846,farthest,3,"[0, 46, 18]",0.16421826670099715,0.27734173371605186,0.39046520073110663,0.09151358695652173,0.0,0.0,1.9976220090239247,0.1981,0.0,0.0,0.0595,0.0,0.0,camera_pose_sim3,1.8253770344845917,0.8494755904497685,10000,10000,True,False,True,/content/cv3d-project/data/cache/reconstruction/predictions/03001627/10dc303144fe5d668d1b9a1d97e2846/fe2e05463c616829f3909967.npz,266224307ad9b7403ff20b8eb9359b24a15d6b0f9c1ba79e4df5400902e2a298,/content/cv3d-project/data/cache/reconstruction/metrics/03001627/10dc303144fe5d668d1b9a1d97e2846/92a4eb7a4544a6672901d466.json,11.280695000095875
03001627/10dc303144fe5d668d1b9a1d97e2846,farthest,5,"[0, 46, 18, 28, 16]",0.0433773834123969,0.13115138895108977,0.21892539448978265,0.3546112825878455,0.020828898678414094,0.04936946039035591,1.9976220090239247,0.9277,0.1019,0.2337,0.2192,0.0116,0.0276,camera_pose_sim3,1.6141482046654752,0.8298535056755602,10000,10000,True,False,True,/content/cv3d-project/data/cache/reconstruction/predictions/03001627/10dc303144fe5d668d1b9a1d97e2846/ac1f12412b09c950d19a3a0a.npz,94f5833d88f62726051c8f43746462dfe98351622b165d31eaf93725df75411e,/content/cv3d-project/data/cache/reconstruction/metrics/03001627/10dc303144fe5d668d1b9a1d97e2846/4b09f29548c9d8d83be91e7a.json,11.33163299982698
03001627/10dc303144fe5d668d1b9a1d97e2846,farthest,10,"[0, 46, 18, 28, 16, 30, 2, 44, 13, 33]",0.08278304988766907,0.13964745803227507,0.19651186617688104,0.4152714399183025,0.021378674351585015,0.04152402636309167,1.9976220090239247,0.5464,0.0562,0.1426,0.3349,0.0132,0.0243,camera_pose_sim3,2.0773807073170043,0.8029102391381384,10000,10000,True,False,True,/content/cv3d-project/data/cache/reconstruction/predictions/03001627/10dc303144fe5d668d1b9a1d97e2846/625c5994695f5352610e2187.npz,2df6cd46ef17f0db270251bea20dcf690b1e688970b62cee872e7b495978a42f,/content/cv3d-project/data/cache/reconstruction/metrics/03001627/10dc303144fe5d668d1b9a1d97e2846/8c26ab25e8969edf1aec5c52.json,11.773772999731591
03001627/10de9af4e91682851e5f7bff98fb8d02,farthest,1,[0],1.3323570704019314,1.4781794979065426,1.6240019254111535,0.0,0.0,0.0,1.9994021127536656,0.0,0.0,0.0,0.0,0.0,0.0,camera_rotation_center_and_target_diameter_scale_single_view,6.032569256729033,0.0,10000,10000,True,True,True,/content/cv3d-project/data/cache/reconstruction/predictions/03001627/10de9af4e91682851e5f7bff98fb8d02/b9b8307fd7d7c70f75573cdb.npz,19e72b4e71fc2640fb9fe83e588277216d204960928379631a27b28783fffe64,/content/cv3d-project/data/cache/reconstruction/metrics/03001627/10de9af4e91682851e5f7bff98fb8d02/35eecfabc5facd109f480c8d.json,3.8387720001082926
03001627/10de9af4e91682851e5f7bff98fb8d02,farthest,2,"[0, 46]",0.10243239216178301,0.22719164365244096,0.3519508951430989,0.17170251302482376,0.008514629258517033,0.01777996918335901,1.9994021127536656,0.5509,0.0452,0.1202,0.1017,0.0047,0.0096,camera_pose_sim3,2.7887822263779287,0.1498558447115572,10000,10000,True,False,True,/content/cv3d-project/data/cache/reconstruction/predictions/03001627/10de9af4e91682851e5f7bff98fb8d02/39042f530304f4cc08765471.npz,e4f61e3079cf04be17157942f0a91811fbd39ae5077e7bace054cd554218c563,/content/cv3d-project/data/cache/reconstruction/metrics/03001627/10de9af4e91682851e5f7bff98fb8d02/eaec79f8effd9ad23cf94d91.json,11.257458999807568
03001627/10de9af4e91682851e5f7bff98fb8d02,farthest,3,"[0, 46, 18]",0.2749007492477597,0.416236034487492,0.5575713197272243,0.0,0.0,0.0,1.9994021127536656,0.0,0.0,0.0,0.0,0.0,0.0,camera_pose_sim3,1.9764111942678677,0.9700541671703024,10000,10000,True,False,True,/content/cv3d-project/data/cache/reconstruction/predictions/03001627/10de9af4e91682851e5f7bff98fb8d02/2ff0e71a8438e74c0257dad5.npz,7a6f19327ea4cb0447964fbcdcfd7562570cf1fbe7019e46e358567a5f5136c1,/content/cv3d-project/data/cache/reconstruction/metrics/03001627/10de9af4e91682851e5f7bff98fb8d02/19dbbc62cc4d7329cc5839b3.json,11.975008000263188
03001627/10de9af4e91682851e5f7bff98fb8d02,farthest,5,"[0, 46, 18, 28, 16]",1.029664052728764,1.135980811451374,1.2422975701739842,0.0,0.0,0.0,1.9994021127536656,0.0,0.0,0.0,0.0,0.0,0.0,camera_pose_sim3,2.140004945374445,1.1490290871330606,10000,10000,True,False,True,/content/cv3d-project/data/cache/reconstruction/predictions/03001627/10de9af4e91682851e5f7bff98fb8d02/da58231b7518c1333adfa4ae.npz,ee8f75f090276895ed89c382ce9207e2988c25c4812e6349311a55f39986ea11,/content/cv3d-project/data/cache/reconstruction/metrics/03001627/10de9af4e91682851e5f7bff98fb8d02/a6e39a687a0b4b98b1299a54.json,11.30125199961185
03001627/10de9af4e91682851e5f7bff98fb8d02,farthest,10,"[0, 46, 18, 28, 16, 30, 2, 44, 13, 33]",0.5977195994750647,0.7107886921926443,0.8238577849102239,0.0,0.0,0.0,1.9994021127536656,0.0,0.0,0.0,0.0,0.0,0.0,camera_pose_sim3,1.8186106544707843,0.9645724557486977,10000,10000,True,False,True,/content/cv3d-project/data/cache/reconstruction/predictions/03001627/10de9af4e91682851e5f7bff98fb8d02/60430e92b0a57d501d20df97.npz,e11807d4adafa4339ce01e4ec1c455b3e711fcecb56a0d89c326a39f4af0ce8b,/content/cv3d-project/data/cache/reconstruction/metrics/03001627/10de9af4e91682851e5f7bff98fb8d02/44e5016d81ad446daacf310c.json,12.32665099996666
03001627/10e523060bb5b51f9ee9f382b1dfb770,farthest,1,[0],1.4856648717767362,1.5984926556808592,1.7113204395849824,0.0,0.0,0.0,1.9974451315508652,0.0,0.0,0.0,0.0,0.0,0.0,camera_rotation_center_and_target_diameter_scale_single_view,6.139313470339032,0.0,10000,10000,True,True,True,/content/cv3d-project/data/cache/reconstruction/predictions/03001627/10e523060bb5b51f9ee9f382b1dfb770/57c0c1bb27e2ff127ba7d9f7.npz,cb6e76209e3224cd8537415906bd8820f456a7cde04735b595d478dc1ede01f5,/content/cv3d-project/data/cache/reconstruction/metrics/03001627/10e523060bb5b51f9ee9f382b1dfb770/00d69061073809ca43273863.json,3.791256000113208
03001627/10e523060bb5b51f9ee9f382b1dfb770,farthest,2,"[0, 46]",1.1790328493312274,1.2561751653095952,1.3333174812879627,0.0,0.0,0.0,1.9974451315508652,0.0,0.0,0.0,0.0,0.0,0.0,camera_pose_sim3,2.326262022643348,0.8502577338829573,10000,10000,True,False,True,/content/cv3d-project/data/cache/reconstruction/predictions/03001627/10e523060bb5b51f9ee9f382b1dfb770/945ae2242c4d50ee3d2784db.npz,45fda2b053e5a152b84930478f22dea0f9a052fd9a991c681fe30a9b3ef11967,/content/cv3d-project/data/cache/reconstruction/metrics/03001627/10e523060bb5b51f9ee9f382b1dfb770/036e255886bd914587fe0b6c.json,11.856981000164524
03001627/10e523060bb5b51f9ee9f382b1dfb770,farthest,3,"[0, 46, 18]",0.21679686575414445,0.3357728548815106,0.4547488440088768,0.0,0.0,0.0,1.9974451315508652,0.0,0.0,0.0,0.0,0.0,0.0,camera_pose_sim3,1.0656727594551814,1.0252982715294774,10000,10000,True,False,True,/content/cv3d-project/data/cache/reconstruction/predictions/03001627/10e523060bb5b51f9ee9f382b1dfb770/c965cf28c86ea729f172ddfe.npz,899100afa742b0adade5a59be998a423a77373e1396226a8610e2fc5ac73d75f,/content/cv3d-project/data/cache/reconstruction/metrics/03001627/10e523060bb5b51f9ee9f382b1dfb770/6b0f9e9fc76a9ec03c61df4b.json,11.803422999946633
03001627/10e523060bb5b51f9ee9f382b1dfb770,farthest,5,"[0, 46, 18, 28, 16]",0.16354418066270282,0.302336117873244,0.4411280550837852,0.001683453237410072,0.0,0.0,1.9974451315508652,0.013,0.0,0.0,0.0009,0.0,0.0,camera_pose_sim3,1.0868297695041396,1.1829129281109239,10000,10000,True,False,True,/content/cv3d-project/data/cache/reconstruction/predictions/03001627/10e523060bb5b51f9ee9f382b1dfb770/94f9531485495dbfc6eeb1e9.npz,b6dcfecbe9244896050a560069c9e972136fc26c9e1d987896cc033a693d385d,/content/cv3d-project/data/cache/reconstruction/metrics/03001627/10e523060bb5b51f9ee9f382b1dfb770/a4e70d8d9718e64bdb16dc92.json,11.828241999864986
03001627/10e523060bb5b51f9ee9f382b1dfb770,farthest,10,"[0, 46, 18, 28, 16, 30, 2, 44, 13, 33]",0.08102453504877274,0.10478163334443612,0.1285387316400995,0.4500196721311476,0.02897943037974683,0.0692120701754386,1.9974451315508652,0.7224,0.0407,0.0833,0.3268,0.0225,0.0592,camera_pose_sim3,2.4678085389803224,0.4059864034890817,10000,10000,True,False,True,/content/cv3d-project/data/cache/reconstruction/predictions/03001627/10e523060bb5b51f9ee9f382b1dfb770/cb7c15b992fd5e276afa5134.npz,f980b261c0db7cc178094150ab3470292fbddd07d47ab710c668df7bc057bf85,/content/cv3d-project/data/cache/reconstruction/metrics/03001627/10e523060bb5b51f9ee9f382b1dfb770/5be34dc609b213e60c47c953.json,12.488308000229154
03001627/11040f463a3895019fb4103277a6b93,farthest,1,[0],1.8689231250091016,2.0145191597520187,2.1601151944949355,0.0,0.0,0.0,1.9970146727706672,0.0,0.0,0.0,0.0,0.0,0.0,camera_rotation_center_and_target_diameter_scale_single_view,7.029597104301622,0.0,10000,10000,True,True,True,/content/cv3d-project/data/cache/reconstruction/predictions/03001627/11040f463a3895019fb4103277a6b93/26a27a64c52d04255c681b8f.npz,39becdc484d3ee61a372c344fd149e9b7ef805812ab069851f33eb41c9fcb2af,/content/cv3d-project/data/cache/reconstruction/metrics/03001627/11040f463a3895019fb4103277a6b93/695d25032fd1da5718e335eb.json,4.011984000044322
03001627/11040f463a3895019fb4103277a6b93,farthest,2,"[0, 46]",0.02569970472278174,0.07781490842314469,0.12993011212350764,0.540465591476319,0.012090191082802548,0.02929278996865204,1.9970146727706672,1.0,0.0719,0.2396,0.3703,0.0066,0.0156,camera_pose_sim3,2.6777924717946933,0.008914119407820083,10000,10000,True,False,True,/content/cv3d-project/data/cache/reconstruction/predictions/03001627/11040f463a3895019fb4103277a6b93/f5979cf6c262f9b68bc8b9d7.npz,97dd3d7974c15c40f34a162658b671379da0be3ff864b177590508d43001fca4,/content/cv3d-project/data/cache/reconstruction/metrics/03001627/11040f463a3895019fb4103277a6b93/5b15fd80938bb039d4edfe7b.json,12.20292000016343
03001627/11040f463a3895019fb4103277a6b93,farthest,3,"[0, 46, 18]",0.28239598686945033,0.3654244828384515,0.4484529788074528,0.00018333333333333334,0.0,0.0,1.9970146727706672,0.0011,0.0,0.0,0.0001,0.0,0.0,camera_pose_sim3,2.0608370317979854,0.8609648938596638,10000,10000,True,False,True,/content/cv3d-project/data/cache/reconstruction/predictions/03001627/11040f463a3895019fb4103277a6b93/dafc20576bf0224d83a0b3ea.npz,cf1ff0296340b239214f693690e924ae4d5b15bc2b748e5c7ae3839136ac5836,/content/cv3d-project/data/cache/reconstruction/metrics/03001627/11040f463a3895019fb4103277a6b93/7fbba66f711359a7bf970346.json,11.758569999983592
03001627/11040f463a3895019fb4103277a6b93,farthest,5,"[0, 46, 18, 28, 16]",0.267713026266032,0.3988731429793949,0.5300332596927578,0.0,0.0,0.0,1.9970146727706672,0.0,0.0,0.0,0.0,0.0,0.0,camera_pose_sim3,1.6353218916481713,0.9475796600722739,10000,10000,True,False,True,/content/cv3d-project/data/cache/reconstruction/predictions/03001627/11040f463a3895019fb4103277a6b93/4c9b9619ef8f6f845895c7a4.npz,78e43d96ab35f1ad80ee4fefbdc3893c2c6adfacf926c31c02a6e9377009289e,/content/cv3d-project/data/cache/reconstruction/metrics/03001627/11040f463a3895019fb4103277a6b93/df5f726e3473fc3b723331f3.json,12.10983800001486
03001627/11040f463a3895019fb4103277a6b93,farthest,10,"[0, 46, 18, 28, 16, 30, 2, 44, 13, 33]",0.02954082575232473,0.053626572903442485,0.07771232005456023,0.8000239995200095,0.0654239608801956,0.1536767135521322,1.9970146727706672,1.0,0.1184,0.3494,0.6667,0.0452,0.0985,camera_pose_sim3,2.498987670871192,0.3121417702241421,10000,10000,True,False,True,/content/cv3d-project/data/cache/reconstruction/predictions/03001627/11040f463a3895019fb4103277a6b93/bf69fcc71693399063eac117.npz,464bf1c9ed16ff56178c0eb886c6dddcbc584baecbf1f5ea8e68a24396cf6c03,/content/cv3d-project/data/cache/reconstruction/metrics/03001627/11040f463a3895019fb4103277a6b93/ccaad4a3c0832097bc6dfba1.json,13.074686999971163
03001627/110ad013a9ae7a1ab0f4eaf0533e82bb,farthest,1,[0],2.0671948239665525,2.1887670712101626,2.3103393184537726,0.0,0.0,0.0,1.9865625054093394,0.0,0.0,0.0,0.0,0.0,0.0,camera_rotation_center_and_target_diameter_scale_single_view,7.320445132718173,0.0,10000,10000,True,True,True,/content/cv3d-project/data/cache/reconstruction/predictions/03001627/110ad013a9ae7a1ab0f4eaf0533e82bb/781858bdd38bec5d6e4c5636.npz,b9bf09563edbba3eaef0c8e365b779d141ba6bb8543a35cfc1ca0bb025ff1bed,/content/cv3d-project/data/cache/reconstruction/metrics/03001627/110ad013a9ae7a1ab0f4eaf0533e82bb/f9724007e2352b7434635104.json,3.8634969996564905
03001627/110ad013a9ae7a1ab0f4eaf0533e82bb,farthest,2,"[0, 46]",0.07922849263029426,0.15176861091442279,0.2243087291985513,0.2109328022613388,0.009909909909909911,0.023528191126279862,1.9865625054093394,0.6525,0.05,0.1336,0.1258,0.0055,0.0129,camera_pose_sim3,2.8041051231003147,0.10794321358604071,10000,10000,True,False,True,/content/cv3d-project/data/cache/reconstruction/predictions/03001627/110ad013a9ae7a1ab0f4eaf0533e82bb/ee4576d49eac45b5e3d942c3.npz,51d69e1d5eff0d3273f788725909a50cadeab48212ee5f3d2e1542f7cb33e275,/content/cv3d-project/data/cache/reconstruction/metrics/03001627/110ad013a9ae7a1ab0f4eaf0533e82bb/78615ee4a49a0552d86e2e66.json,11.752414000056888
03001627/110ad013a9ae7a1ab0f4eaf0533e82bb,farthest,3,"[0, 46, 18]",0.22058900932385045,0.33969009694568186,0.4587911845675132,0.0,0.0,0.0,1.9865625054093394,0.0,0.0,0.0,0.0,0.0,0.0,camera_pose_sim3,2.5878574991365033,0.45219946118146515,10000,10000,True,False,True,/content/cv3d-project/data/cache/reconstruction/predictions/03001627/110ad013a9ae7a1ab0f4eaf0533e82bb/b47ee1b2f3bedcd7e4234a61.npz,0fab15e273b47b5f7c34c07ea6102b09a359cabb319cf1a0bebd6c5b524574b3,/content/cv3d-project/data/cache/reconstruction/metrics/03001627/110ad013a9ae7a1ab0f4eaf0533e82bb/a29fea2001151a5c4183bd91.json,11.381640000308835
03001627/110ad013a9ae7a1ab0f4eaf0533e82bb,farthest,5,"[0, 46, 18, 28, 16]",0.031838462722492175,0.13165863577934367,0.23147880883619515,0.37451235370611186,0.036246795827123694,0.08300507614213198,1.9865625054093394,1.0,0.1126,0.3066,0.2304,0.0216,0.048,camera_pose_sim3,2.592753388829876,0.44434648333999927,10000,10000,True,False,True,/content/cv3d-project/data/cache/reconstruction/predictions/03001627/110ad013a9ae7a1ab0f4eaf0533e82bb/250fc3a936d133fe4a3d9bf9.npz,2e9d0eaadeced8726d3921faa59b0fff6f4ed8dc2970872d14b76d4fa9ed88af,/content/cv3d-project/data/cache/reconstruction/metrics/03001627/110ad013a9ae7a1ab0f4eaf0533e82bb/15e4f315ebdfa1cd3b70da8a.json,11.509810000006837
03001627/110ad013a9ae7a1ab0f4eaf0533e82bb,farthest,10,"[0, 46, 18, 28, 16, 30, 2, 44, 13, 33]",0.16421338562163643,0.1975131588295706,0.2308129320375048,0.05352092609082814,0.0,0.0,1.9865625054093394,0.0683,0.0,0.0,0.044,0.0,0.0,camera_pose_sim3,2.016480910254452,0.8044026820116403,10000,10000,True,False,True,/content/cv3d-project/data/cache/reconstruction/predictions/03001627/110ad013a9ae7a1ab0f4eaf0533e82bb/180597ef9b9b3d36c6028cea.npz,82eb6737446c3e8e873db657700c575aca9c4a7e99bc0f55157ea9f4d2311347,/content/cv3d-project/data/cache/reconstruction/metrics/03001627/110ad013a9ae7a1ab0f4eaf0533e82bb/44b5b1a4e7df121a978e5893.json,12.675297999976465
03001627/111720e8cd4c613492d9da2668ec34c,farthest,1,[0],2.319181959962969,2.454782120910949,2.590382281858929,0.0,0.0,0.0,1.9896094723169218,0.0,0.0,0.0,0.0,0.0,0.0,camera_rotation_center_and_target_diameter_scale_single_view,7.905562097517449,0.0,10000,10000,True,True,True,/content/cv3d-project/data/cache/reconstruction/predictions/03001627/111720e8cd4c613492d9da2668ec34c/36ae95a1585351cd5b531d4a.npz,21f2f5c9f39d05baa0e7f26a44cc10ed99abb1b5abdc7cb09a661ff6a34583ff,/content/cv3d-project/data/cache/reconstruction/metrics/03001627/111720e8cd4c613492d9da2668ec34c/511d4cfc6a1fc467ea2b8570.json,3.8580230002480675
03001627/111720e8cd4c613492d9da2668ec34c,farthest,2,"[0, 46]",0.1096535326955241,0.18549476827972464,0.2613360038639252,0.05903231441048035,0.0,0.0,1.9896094723169218,0.1704,0.0,0.0,0.0357,0.0,0.0,camera_pose_sim3,2.489143072607502,0.013860446697827194,10000,10000,True,False,True,/content/cv3d-project/data/cache/reconstruction/predictions/03001627/111720e8cd4c613492d9da2668ec34c/78222a350990020cd121fe15.npz,39a84f86f75a4b7bf6814ad05bcdc4db81f44446cb497f7e4f82be17e93a70b8,/content/cv3d-project/data/cache/reconstruction/metrics/03001627/111720e8cd4c613492d9da2668ec34c/883dc745e47ae6071feaff03.json,12.205410999740707
03001627/111720e8cd4c613492d9da2668ec34c,farthest,3,"[0, 46, 18]",0.3716086852476085,0.4696217297972658,0.5676347743469231,0.0,0.0,0.0,1.9896094723169218,0.0,0.0,0.0,0.0,0.0,0.0,camera_pose_sim3,1.7570797893642078,0.9286440422623657,10000,10000,True,False,True,/content/cv3d-project/data/cache/reconstruction/predictions/03001627/111720e8cd4c613492d9da2668ec34c/4861f1f12a292a2bdf822439.npz,c5f6f128b970f0f1b248376f5df9337c974b9d6b030518d4e0c38387b250d372,/content/cv3d-project/data/cache/reconstruction/metrics/03001627/111720e8cd4c613492d9da2668ec34c/5cd0b1d1a820da1764062b70.json,11.839953000162495
03001627/111720e8cd4c613492d9da2668ec34c,farthest,5,"[0, 46, 18, 28, 16]",0.6019310086300977,0.7832700870741576,0.9646091655182175,0.0,0.0,0.0,1.9896094723169218,0.0,0.0,0.0,0.0,0.0,0.0,camera_pose_sim3,1.4498294633074045,1.1226975007745215,10000,10000,True,False,True,/content/cv3d-project/data/cache/reconstruction/predictions/03001627/111720e8cd4c613492d9da2668ec34c/f66b63e033f0058275f41e8c.npz,23ef92af78a9fccccf0c90808b96e914eb84e3b219ea01149f6c49acf4fcf25e,/content/cv3d-project/data/cache/reconstruction/metrics/03001627/111720e8cd4c613492d9da2668ec34c/89f0cd75ece0bc7ff037fc7d.json,11.568695999812917
03001627/111720e8cd4c613492d9da2668ec34c,farthest,10,"[0, 46, 18, 28, 16, 30, 2, 44, 13, 33]",0.10759118915060441,0.14988670854748362,0.19218222794436282,0.31504898926530045,0.007008139534883721,0.018563902439024393,1.9896094723169218,0.4837,0.0123,0.0268,0.2336,0.0049,0.0142,camera_pose_sim3,2.063618821014371,0.7453532200795167,10000,10000,True,False,True,/content/cv3d-project/data/cache/reconstruction/predictions/03001627/111720e8cd4c613492d9da2668ec34c/cb9f22c8eded04b74ca628e0.npz,5adb72b56afb5bd041c9a5761992fcf1e744ff65df6b3e8f8b5be5ac7e128236,/content/cv3d-project/data/cache/reconstruction/metrics/03001627/111720e8cd4c613492d9da2668ec34c/0e01414e7976336b30be72e5.json,12.02291800018429
03001627/111cb08c8121b8411749672386e0b711,farthest,1,[0],1.722864383756323,1.826971381745944,1.931078379735565,0.0,0.0,0.0,1.9792244056624857,0.0,0.0,0.0,0.0,0.0,0.0,camera_rotation_center_and_target_diameter_scale_single_view,6.781072738342953,0.0,10000,10000,True,True,True,/content/cv3d-project/data/cache/reconstruction/predictions/03001627/111cb08c8121b8411749672386e0b711/9c873f2bfe65ffc344559336.npz,9f3eca8d5fcbe4094c08776b1f52e97dd13fcf427123ab42c768d34d84abf716,/content/cv3d-project/data/cache/reconstruction/metrics/03001627/111cb08c8121b8411749672386e0b711/a03eff01e1723578f7ff1e45.json,3.7620029997924576
03001627/111cb08c8121b8411749672386e0b711,farthest,2,"[0, 46]",0.021975130287972953,0.07168750838497508,0.12139988648197719,0.6015302696597488,0.09212013969732247,0.2018519287833828,1.9792244056624857,0.9833,0.2888,0.6906,0.4333,0.0548,0.1182,camera_pose_sim3,2.581523699440541,0.016691884238890505,10000,10000,True,False,True,/content/cv3d-project/data/cache/reconstruction/predictions/03001627/111cb08c8121b8411749672386e0b711/f055e78df8c134fa95021f63.npz,2666c6e6209cf7910f24dcf7df84034dd76d3368e55b28f11f09f18fd26f1200,/content/cv3d-project/data/cache/reconstruction/metrics/03001627/111cb08c8121b8411749672386e0b711/3571f5a8bc9286fcd32b70e6.json,11.718289999862463
03001627/111cb08c8121b8411749672386e0b711,farthest,3,"[0, 46, 18]",0.10180147978973766,0.24991487299953374,0.39802826620932985,0.024690009637006103,0.0,0.0,1.9792244056624857,0.61,0.0,0.0,0.0126,0.0,0.0,camera_pose_sim3,1.7560779291231734,0.8191796752530742,10000,10000,True,False,True,/content/cv3d-project/data/cache/reconstruction/predictions/03001627/111cb08c8121b8411749672386e0b711/cd77778a0e78e3b18576cb25.npz,e38859cb7b90e1a3c8ffe475cb1f4ccd8863b0b8a5dd161ec6786d6aafcaef0c,/content/cv3d-project/data/cache/reconstruction/metrics/03001627/111cb08c8121b8411749672386e0b711/4900b96b0d1443aad237f5aa.json,12.020165000194538
03001627/111cb08c8121b8411749672386e0b711,farthest,5,"[0, 46, 18, 28, 16]",0.05654423665358849,0.16070810899087154,0.2648719813281546,0.2554848236259229,0.0037382198952879576,0.011280098887515452,1.9792244056624857,0.9495,0.017,0.0748,0.1476,0.0021,0.0061,camera_pose_sim3,2.201783705687742,0.5756756813391503,10000,10000,True,False,True,/content/cv3d-project/data/cache/reconstruction/predictions/03001627/111cb08c8121b8411749672386e0b711/23556e7a3cb9388c4a8af938.npz,827e186925dd17a275ba062985d7e071c8df3cc52e5fa488db85b0d91003e0d7,/content/cv3d-project/data/cache/reconstruction/metrics/03001627/111cb08c8121b8411749672386e0b711/9bf3d5cea1e56578e9fadfcd.json,12.120787000185373
03001627/111cb08c8121b8411749672386e0b711,farthest,10,"[0, 46, 18, 28, 16, 30, 2, 44, 13, 33]",0.04178356570022279,0.07118768625810959,0.10059180681599637,0.6932846411892389,0.09187807594936707,0.17428374613003095,1.9792244056624857,0.9856,0.1248,0.2553,0.5347,0.0727,0.1323,camera_pose_sim3,2.622214068036224,0.23151782636775614,10000,10000,True,False,True,/content/cv3d-project/data/cache/reconstruction/predictions/03001627/111cb08c8121b8411749672386e0b711/09711c28298046666e3ff434.npz,78a5291fa85f15ebbc58c60f0ff272b43ff15c47c3f9de98bcbda13dd6647d83,/content/cv3d-project/data/cache/reconstruction/metrics/03001627/111cb08c8121b8411749672386e0b711/bde42fd10521178889f6fd4e.json,12.054984999849694
03001627/112cee32461c31d1d84b8ba651dfb8ac,farthest,1,[0],2.141808457821403,2.275211845200202,2.4086152325790002,0.0,0.0,0.0,1.9968228535799486,0.0,0.0,0.0,0.0,0.0,0.0,camera_rotation_center_and_target_diameter_scale_single_view,7.515815467723462,0.0,10000,10000,True,True,True,/content/cv3d-project/data/cache/reconstruction/predictions/03001627/112cee32461c31d1d84b8ba651dfb8ac/bb7beb76772cc9f45d72f28e.npz,6156c09d51275edee40f61e185b5d1c05726bb85b65429551099ec14e8229e09,/content/cv3d-project/data/cache/reconstruction/metrics/03001627/112cee32461c31d1d84b8ba651dfb8ac/9e311d2b15c5983f67f9c2fd.json,4.174278999926173
03001627/112cee32461c31d1d84b8ba651dfb8ac,farthest,2,"[0, 46]",0.043552204740810875,0.11183270346273808,0.18011320218466528,0.3827929166329749,0.01891239092495637,0.04948575224178013,1.9968228535799486,1.0,0.1042,0.2739,0.2367,0.0104,0.0272,camera_pose_sim3,2.754815613444317,0.0819908918130744,10000,10000,True,False,True,/content/cv3d-project/data/cache/reconstruction/predictions/03001627/112cee32461c31d1d84b8ba651dfb8ac/7fdd64c9a8e42dda6a3dceaa.npz,f962fe70df6b1cce65f01d000494bf0c42799d8c642b3200af5e9204fc7abd9d,/content/cv3d-project/data/cache/reconstruction/metrics/03001627/112cee32461c31d1d84b8ba651dfb8ac/0729debe8bc312d7ec6ded8a.json,11.501080000016373
03001627/112cee32461c31d1d84b8ba651dfb8ac,farthest,3,"[0, 46, 18]",2.6517172535080404,2.739584741765682,2.8274522300233236,0.0,0.0,0.0,1.9968228535799486,0.0,0.0,0.0,0.0,0.0,0.0,camera_pose_sim3_positive_scale_fallback,3.560711427731181,1.1629357187950649,10000,10000,True,False,True,/content/cv3d-project/data/cache/reconstruction/predictions/03001627/112cee32461c31d1d84b8ba651dfb8ac/68a897ef12e6478469e849c3.npz,6329dcb107026b79ef84df353dda0bfed8c8729519731cd312673b85319ed610,/content/cv3d-project/data/cache/reconstruction/metrics/03001627/112cee32461c31d1d84b8ba651dfb8ac/c774dd25ed14c3a8b3e6533f.json,11.750312999993184
03001627/112cee32461c31d1d84b8ba651dfb8ac,farthest,5,"[0, 46, 18, 28, 16]",0.06811381030638236,0.16356436405097943,0.2590149177955765,0.15243966113828897,0.020031425364758697,0.036240656851642135,1.9968228535799486,0.7533,0.0776,0.1561,0.0848,0.0115,0.0205,camera_pose_sim3,1.777765942982932,0.9829638012132195,10000,10000,True,False,True,/content/cv3d-project/data/cache/reconstruction/predictions/03001627/112cee32461c31d1d84b8ba651dfb8ac/2b0e2fa89bbd21a21f695278.npz,4a5bd1076a3241a2fc83f632d385827cc8b8c9b0f755cbb2c05077ecd9151fb4,/content/cv3d-project/data/cache/reconstruction/metrics/03001627/112cee32461c31d1d84b8ba651dfb8ac/9ccd27d2ac5c8bfd7a1e3274.json,12.052231999859941
03001627/112cee32461c31d1d84b8ba651dfb8ac,farthest,10,"[0, 46, 18, 28, 16, 30, 2, 44, 13, 33]",0.0760052385415648,0.16328841439013753,0.2505715902387103,0.16141199688392627,0.022772623574144488,0.03645631678189818,1.9968228535799486,0.6786,0.0651,0.1381,0.0916,0.0138,0.021,camera_pose_sim3,1.6815639345183293,0.9572254853900479,10000,10000,True,False,True,/content/cv3d-project/data/cache/reconstruction/predictions/03001627/112cee32461c31d1d84b8ba651dfb8ac/7336422eeb3675550f0dae64.npz,96527dcdd7e77ddd72c8759ea0509565431bbfcd5d54fe642c68e43068813199,/content/cv3d-project/data/cache/reconstruction/metrics/03001627/112cee32461c31d1d84b8ba651dfb8ac/a92dc2eb16ab807b52c2e748.json,12.966596999831381
03001627/113016635d554d5171fb733891076ecf,farthest,1,[0],1.0214225739958664,1.1454653150055014,1.2695080560151364,0.0,0.0,0.0,1.9945222416534474,0.0,0.0,0.0,0.0,0.0,0.0,camera_rotation_center_and_target_diameter_scale_single_view,5.279184492519349,0.0,10000,10000,True,True,True,/content/cv3d-project/data/cache/reconstruction/predictions/03001627/113016635d554d5171fb733891076ecf/5a8125e713fa2a7df866344c.npz,d644e08b8fb6c64b20b19aab8972e22f51f489b2824ff9b43d8d5213933a367c,/content/cv3d-project/data/cache/reconstruction/metrics/03001627/113016635d554d5171fb733891076ecf/3f559a4e21073db3a9f8663a.json,3.9081780000742583
03001627/113016635d554d5171fb733891076ecf,farthest,2,"[0, 46]",0.049045610932365535,0.06882048646640934,0.08859536200045313,0.7184408072354211,0.015520064724919095,0.06253640649554741,1.9945222416534474,0.8695,0.0527,0.1515,0.6121,0.0091,0.0394,camera_pose_sim3,2.686774813401485,0.007906595215392984,10000,10000,True,False,True,/content/cv3d-project/data/cache/reconstruction/predictions/03001627/113016635d554d5171fb733891076ecf/4cd8737f45b79fb68131e84c.npz,565b2dd32c52ae493971ccd8ffd387bba0bdf1884c332e66bac98e26734bd9cf,/content/cv3d-project/data/cache/reconstruction/metrics/03001627/113016635d554d5171fb733891076ecf/67d4a751cd978d576c1b22b6.json,11.87909899999795
03001627/113016635d554d5171fb733891076ecf,farthest,3,"[0, 46, 18]",0.16843646973713539,0.3085982621904075,0.4487600546436796,0.0,0.0,0.0,1.9945222416534474,0.0,0.0,0.0,0.0,0.0,0.0,camera_pose_sim3,1.662093018845637,0.8874608990834977,10000,10000,True,False,True,/content/cv3d-project/data/cache/reconstruction/predictions/03001627/113016635d554d5171fb733891076ecf/7348b406049eeaec2602bb3a.npz,79321426292ce2adba40eca1d80798c5a26e9f286cbb5afd07325776fc1721e1,/content/cv3d-project/data/cache/reconstruction/metrics/03001627/113016635d554d5171fb733891076ecf/71208b6b45a5c31f24560e7f.json,11.831453000013425
03001627/113016635d554d5171fb733891076ecf,farthest,5,"[0, 46, 18, 28, 16]",0.0862184945342245,0.15892124492971074,0.23162399532519698,0.20652499289974438,0.003983739837398374,0.017556756756756758,1.9945222416534474,0.5785,0.0098,0.0406,0.1257,0.0025,0.0112,camera_pose_sim3,1.5257825677842887,1.125286527475562,10000,10000,True,False,True,/content/cv3d-project/data/cache/reconstruction/predictions/03001627/113016635d554d5171fb733891076ecf/52b8549438c70c674abab1d8.npz,5ea9b3bd1735dcdcaed89a1b25657da456013f22b4046b25f54708fcdfd2c2f0,/content/cv3d-project/data/cache/reconstruction/metrics/03001627/113016635d554d5171fb733891076ecf/b1972f1e9cf84171459d808f.json,11.962708000282873
03001627/113016635d554d5171fb733891076ecf,farthest,10,"[0, 46, 18, 28, 16, 30, 2, 44, 13, 33]",0.05894723434205711,0.08342803200188258,0.10790882966170805,0.49407035304906,0.08801703896103895,0.21637452551665964,1.9945222416534474,0.7123,0.1244,0.3072,0.3782,0.0681,0.167,camera_pose_sim3,2.568206639326837,0.18884448044637053,10000,10000,True,False,True,/content/cv3d-project/data/cache/reconstruction/predictions/03001627/113016635d554d5171fb733891076ecf/db58b19213dd9dc3a0071e39.npz,3a35c05da6a4a815749021ab13a1a16e5abcce3a1d0b5abde80de43c61980df0,/content/cv3d-project/data/cache/reconstruction/metrics/03001627/113016635d554d5171fb733891076ecf/014c97f0f3ee8035256386ea.json,12.582553999891388
03001627/11347c7e8bc5881775907ca70d2973a4,farthest,1,[0],1.9347857630935033,2.080633120517792,2.2264804779420806,0.0,0.0,0.0,1.9999888688003085,0.0,0.0,0.0,0.0,0.0,0.0,camera_rotation_center_and_target_diameter_scale_single_view,7.19719397842161,0.0,10000,10000,True,True,True,/content/cv3d-project/data/cache/reconstruction/predictions/03001627/11347c7e8bc5881775907ca70d2973a4/24b732bb689710ac6671c621.npz,cae4c8525b54ae4859c594cea2af93c7fcb636950ee84f59f01f7fe8444859cc,/content/cv3d-project/data/cache/reconstruction/metrics/03001627/11347c7e8bc5881775907ca70d2973a4/8b01927357bee929c2adfe11.json,4.066332000093098
03001627/11347c7e8bc5881775907ca70d2973a4,farthest,2,"[0, 46]",0.02817809804603667,0.12871004470946057,0.22924199137288445,0.2758582636434176,0.020154866775421425,0.0403395319682407,1.9999888688003085,0.9999,0.1732,0.4575,0.16,0.0107,0.0211,camera_pose_sim3,2.7064873606285964,0.04245081020329496,10000,10000,True,False,True,/content/cv3d-project/data/cache/reconstruction/predictions/03001627/11347c7e8bc5881775907ca70d2973a4/6f55b520b7e9e53af1f2f7cf.npz,48f4bb9b71e0cd7143475e10e7c42de926a55a3ec3098db53c041d4ae5696898,/content/cv3d-project/data/cache/reconstruction/metrics/03001627/11347c7e8bc5881775907ca70d2973a4/0dbc4f561f29dd98e4c3533d.json,12.273784000171872
03001627/11347c7e8bc5881775907ca70d2973a4,farthest,3,"[0, 46, 18]",0.10973682979978307,0.2675999171861844,0.4254630045725858,0.07701215515453226,0.001104,0.0027337278106508876,1.9999888688003085,0.4399,0.0069,0.0154,0.0422,0.0006,0.0015,camera_pose_sim3,2.0313163113290247,0.8184441891952137,10000,10000,True,False,True,/content/cv3d-project/data/cache/reconstruction/predictions/03001627/11347c7e8bc5881775907ca70d2973a4/e413dde9aa969487aefda858.npz,f6bee7113d2e565ef9c15ec7704dbb40aa707c3e9b51db699e6e7bf28df8a1c8,/content/cv3d-project/data/cache/reconstruction/metrics/03001627/11347c7e8bc5881775907ca70d2973a4/ebfb554b0d734941567fdadb.json,11.730534999969677
03001627/11347c7e8bc5881775907ca70d2973a4,farthest,5,"[0, 46, 18, 28, 16]",0.192640527359331,0.29776882703571644,0.4028971267121019,0.0,0.0,0.0,1.9999888688003085,0.0,0.0,0.0,0.0,0.0,0.0,camera_pose_sim3,1.014281183449409,1.2413281170924049,10000,10000,True,False,True,/content/cv3d-project/data/cache/reconstruction/predictions/03001627/11347c7e8bc5881775907ca70d2973a4/e0f11199da26459caf8e859e.npz,6a7aae47d7e824dbc1c40274332b5575f7a0df08057e591fa57d4dd79d959e8b,/content/cv3d-project/data/cache/reconstruction/metrics/03001627/11347c7e8bc5881775907ca70d2973a4/242be47206ac8ae66c1233df.json,11.793253000178083
03001627/11347c7e8bc5881775907ca70d2973a4,farthest,10,"[0, 46, 18, 28, 16, 30, 2, 44, 13, 33]",0.11194455342608624,0.2585845676305308,0.4052245818349753,0.061426396917148365,0.0,0.0008235294117647058,1.9999888688003085,0.3818,0.0,0.001,0.0334,0.0,0.0007,camera_pose_sim3,1.2341816950798434,1.145960886647525,10000,10000,True,False,True,/content/cv3d-project/data/cache/reconstruction/predictions/03001627/11347c7e8bc5881775907ca70d2973a4/cd59d80fc28439a863e7b635.npz,2a4038eac3d9d952a8131dd5ebc1c4ed4843ebb599497fbae101b516c9a8f5dc,/content/cv3d-project/data/cache/reconstruction/metrics/03001627/11347c7e8bc5881775907ca70d2973a4/940543381bb4876d76926b7a.json,12.413680000008753
03001627/11355c7f7ffa3c09737d107bffc3cd98,farthest,1,[0],2.898660348340362,3.0421677377595344,3.185675127178707,0.0,0.0,0.0,1.9960139879358962,0.0,0.0,0.0,0.0,0.0,0.0,camera_rotation_center_and_target_diameter_scale_single_view,9.107970109995755,0.0,10000,10000,True,True,True,/content/cv3d-project/data/cache/reconstruction/predictions/03001627/11355c7f7ffa3c09737d107bffc3cd98/cb27e0687ddebc02b3451fec.npz,b7a28ddd13b12832da4f8f2ebdb1843377386f185e87f8f34a59f90a6ddebc4a,/content/cv3d-project/data/cache/reconstruction/metrics/03001627/11355c7f7ffa3c09737d107bffc3cd98/74a4437a1bfb19f057c18406.json,3.8621500002591347
03001627/11355c7f7ffa3c09737d107bffc3cd98,farthest,2,"[0, 46]",0.07203223099615673,0.17570435510919413,0.2793764792222315,0.1919157612013185,0.003422950819672131,0.010157289204097714,1.9960139879358962,0.7081,0.0348,0.1216,0.111,0.0018,0.0053,camera_pose_sim3,2.8339328809784234,0.15674727458576446,10000,10000,True,False,True,/content/cv3d-project/data/cache/reconstruction/predictions/03001627/11355c7f7ffa3c09737d107bffc3cd98/ea9c081311168497d30ad72b.npz,f6a0ae5c0719129cb693cbcfb0bbcec73359f9f9a81c84338cc040faf03dd3d5,/content/cv3d-project/data/cache/reconstruction/metrics/03001627/11355c7f7ffa3c09737d107bffc3cd98/e0c334dda6df177e79df4576.json,12.543453000034788
03001627/11355c7f7ffa3c09737d107bffc3cd98,farthest,3,"[0, 46, 18]",0.28121593853249227,0.3853277259402227,0.4894395133479531,0.0,0.0,0.0,1.9960139879358962,0.0,0.0,0.0,0.0,0.0,0.0,camera_pose_sim3,2.042421046227751,0.8642706618943424,10000,10000,True,False,True,/content/cv3d-project/data/cache/reconstruction/predictions/03001627/11355c7f7ffa3c09737d107bffc3cd98/ab8f2281fb0924b2903e5458.npz,e47985c3547028f8ae6ddc56a32d8e93c338d395930acf6a98a027e0e4f6e35a,/content/cv3d-project/data/cache/reconstruction/metrics/03001627/11355c7f7ffa3c09737d107bffc3cd98/75ebf71fcdc087d19df20ca8.json,12.33201300010478
03001627/11355c7f7ffa3c09737d107bffc3cd98,farthest,5,"[0, 46, 18, 28, 16]",0.03633079953859083,0.16509634430809322,0.29386188907759564,0.14212726428239666,0.0,0.0044669182389937105,1.9960139879358962,1.0,0.0,0.0772,0.0765,0.0,0.0023,camera_pose_sim3,0.582135207663847,1.3041005214262815,10000,10000,True,False,True,/content/cv3d-project/data/cache/reconstruction/predictions/03001627/11355c7f7ffa3c09737d107bffc3cd98/3f4ac8d8d335846b1af746a0.npz,416e55e3e76388bd92542a6714364d67814e38da5d6a08504dab7a9cf5f9013e,/content/cv3d-project/data/cache/reconstruction/metrics/03001627/11355c7f7ffa3c09737d107bffc3cd98/86a3689c469d44f9d68d5540.json,11.980164999840781
03001627/11355c7f7ffa3c09737d107bffc3cd98,farthest,10,"[0, 46, 18, 28, 16, 30, 2, 44, 13, 33]",0.13102920267551135,0.21275812465754274,0.2944870466395741,0.07261378363536518,0.0,0.00023999999999999998,1.9960139879358962,0.3233,0.0,0.0002,0.0409,0.0,0.0003,camera_pose_sim3,1.8223510166883006,0.9428819444987532,10000,10000,True,False,True,/content/cv3d-project/data/cache/reconstruction/predictions/03001627/11355c7f7ffa3c09737d107bffc3cd98/3689dc83080a741f40bf367c.npz,5bf48c865f2ca224d98023f23dd1c779f9e29bf47d6a0d01e0f64d1e9b5aade4,/content/cv3d-project/data/cache/reconstruction/metrics/03001627/11355c7f7ffa3c09737d107bffc3cd98/7ebab23d1d9b53b0e545f537.json,12.125821000154247
03001627/11358c94662a68117e66b3e5c11f24d4,farthest,1,[0],1.5788362840250199,1.6976774756615207,1.8165186672980216,0.0,0.0,0.0,1.9799988982327934,0.0,0.0,0.0,0.0,0.0,0.0,camera_rotation_center_and_target_diameter_scale_single_view,6.364983847700666,0.0,10000,10000,True,True,True,/content/cv3d-project/data/cache/reconstruction/predictions/03001627/11358c94662a68117e66b3e5c11f24d4/ab5cf1d4ba1a41e51605193e.npz,8f8c7ec3a793c547bdfac3f9b8602151b7f862b4b6a365d98322876d2c39b9d0,/content/cv3d-project/data/cache/reconstruction/metrics/03001627/11358c94662a68117e66b3e5c11f24d4/7c91022eccba9a06d6018b12.json,3.841037999791297
03001627/11358c94662a68117e66b3e5c11f24d4,farthest,2,"[0, 46]",0.04594637135362599,0.09187024043616013,0.13779410951869428,0.5490268570583013,0.03925747527632344,0.08324532851115131,1.9799988982327934,0.9685,0.1493,0.283,0.3831,0.0226,0.0488,camera_pose_sim3,2.77243459887669,0.05151326611013304,10000,10000,True,False,True,/content/cv3d-project/data/cache/reconstruction/predictions/03001627/11358c94662a68117e66b3e5c11f24d4/c2fce2d1a8a453028f6dcc2a.npz,e8a6a15bdbc409a292bac12d8fabf7d8d874c369fe8923b70a455310761580a1,/content/cv3d-project/data/cache/reconstruction/metrics/03001627/11358c94662a68117e66b3e5c11f24d4/ed507d06043a80297e4e74e5.json,11.57991599984598
03001627/11358c94662a68117e66b3e5c11f24d4,farthest,3,"[0, 46, 18]",0.057619285254425986,0.09610510012305828,0.1345909149916906,0.49479693983402484,0.043789999999999996,0.09521683029453015,1.9799988982327934,0.7983,0.1359,0.2248,0.3585,0.0261,0.0604,camera_pose_sim3,2.683375761926371,0.1577911679954712,10000,10000,True,False,True,/content/cv3d-project/data/cache/reconstruction/predictions/03001627/11358c94662a68117e66b3e5c11f24d4/f049b08aa203e4313a8df416.npz,e9a337e5161ea8b8efeb66db6523a7eecfeaff0aa4429a0237eaed92442d745b,/content/cv3d-project/data/cache/reconstruction/metrics/03001627/11358c94662a68117e66b3e5c11f24d4/104923ad18ea87a399b7acb0.json,12.020188999940729
03001627/11358c94662a68117e66b3e5c11f24d4,farthest,5,"[0, 46, 18, 28, 16]",0.038799160875047145,0.07446610721299121,0.11013305355093529,0.6504360827624772,0.054932642487046636,0.1351891110575765,1.9799988982327934,0.9307,0.1395,0.3301,0.4999,0.0342,0.085,camera_pose_sim3,2.559302618399539,0.19880215194991577,10000,10000,True,False,True,/content/cv3d-project/data/cache/reconstruction/predictions/03001627/11358c94662a68117e66b3e5c11f24d4/fcacb0d36129538cedefed29.npz,3dd080eab94615a85b99f2e452217428ca39af98a5b757be44599943daa3c826,/content/cv3d-project/data/cache/reconstruction/metrics/03001627/11358c94662a68117e66b3e5c11f24d4/9dbac513b055527ffe9d8067.json,13.007508000100643
03001627/11358c94662a68117e66b3e5c11f24d4,farthest,10,"[0, 46, 18, 28, 16, 30, 2, 44, 13, 33]",0.04540623030022501,0.051611681222933144,0.05781713214564128,0.916390689580161,0.07466310160427807,0.17098443602448266,1.9799988982327934,0.972,0.078,0.1814,0.8668,0.0716,0.1617,camera_pose_sim3,2.4914542502997596,0.1179406623777584,10000,10000,True,False,True,/content/cv3d-project/data/cache/reconstruction/predictions/03001627/11358c94662a68117e66b3e5c11f24d4/3ee5a93228240fc8f1fd4603.npz,5f67de48edfd96c7e5e6e6d3ed04e78ad967cc13eda9d3577f60d47945a09942,/content/cv3d-project/data/cache/reconstruction/metrics/03001627/11358c94662a68117e66b3e5c11f24d4/dbd1a7bc9f64ab609597ff30.json,12.84476499995435
03001627/1145248e1eba424d492d9da2668ec34c,farthest,1,[0],1.4417092536102682,1.5329766940487355,1.6242441344872025,0.0,0.0,0.0,1.9930191814702778,0.0,0.0,0.0,0.0,0.0,0.0,camera_rotation_center_and_target_diameter_scale_single_view,6.04271765806178,0.0,10000,10000,True,True,True,/content/cv3d-project/data/cache/reconstruction/predictions/03001627/1145248e1eba424d492d9da2668ec34c/55d8b052137b90d4d241489d.npz,2431ea67b9cfc30a01a768dcd765db6bf1c38c270c3e77b57c937f2d2c755a19,/content/cv3d-project/data/cache/reconstruction/metrics/03001627/1145248e1eba424d492d9da2668ec34c/d1ce186ca3bcc3ec1585f32e.json,3.89210200000889
03001627/1145248e1eba424d492d9da2668ec34c,farthest,2,"[0, 46]",0.029009778800307254,0.06461058972914903,0.1002114006579908,0.6439761505976666,0.12122192703461178,0.240146649051165,1.9930191814702778,0.8938,0.4648,0.6871,0.5033,0.0697,0.1455,camera_pose_sim3,2.760463156241188,0.04715740721544056,10000,10000,True,False,True,/content/cv3d-project/data/cache/reconstruction/predictions/03001627/1145248e1eba424d492d9da2668ec34c/8fdad4e25af68cd6b284b90e.npz,4be21486f61a2a1deb49fffdaddf3fa8cfd2ae4ee8aa51ec11670f330b31b305,/content/cv3d-project/data/cache/reconstruction/metrics/03001627/1145248e1eba424d492d9da2668ec34c/d20a2767ad429bb0fb1b76df.json,11.933781000152521
03001627/1145248e1eba424d492d9da2668ec34c,farthest,3,"[0, 46, 18]",0.20207659746594162,0.330692665134346,0.4593087328027503,0.0,0.0,0.0,1.9930191814702778,0.0,0.0,0.0,0.0,0.0,0.0,camera_pose_sim3,1.322162024577569,0.9520082099509702,10000,10000,True,False,True,/content/cv3d-project/data/cache/reconstruction/predictions/03001627/1145248e1eba424d492d9da2668ec34c/4d372e4bd135d63e7172c440.npz,9ce13bc88296b264ba787012a9b200a6ded023f5e6d51aea4816e1bfc8e23e29,/content/cv3d-project/data/cache/reconstruction/metrics/03001627/1145248e1eba424d492d9da2668ec34c/d80733dc94fe3360bc7cfcde.json,11.749869000141189
03001627/1145248e1eba424d492d9da2668ec34c,farthest,5,"[0, 46, 18, 28, 16]",0.7738779060414326,0.9793253036368543,1.1847727012322762,0.0,0.0,0.0,1.9930191814702778,0.0,0.0,0.0,0.0,0.0,0.0,camera_pose_sim3,1.1476752707238949,1.2292379142119414,10000,10000,True,False,True,/content/cv3d-project/data/cache/reconstruction/predictions/03001627/1145248e1eba424d492d9da2668ec34c/e74f5ce8fd762a1b9497361a.npz,b4f186f6d136d99cc2f231d37b21acc8a9ed0f15861fbf3d68ece3853745cbd6,/content/cv3d-project/data/cache/reconstruction/metrics/03001627/1145248e1eba424d492d9da2668ec34c/e383c730e435effb4a559465.json,11.7341119998855
03001627/1145248e1eba424d492d9da2668ec34c,farthest,10,"[0, 46, 18, 28, 16, 30, 2, 44, 13, 33]",0.06948354310580708,0.1516257811912786,0.2337680192767501,0.29018511904761907,0.08942036124794746,0.1351445628997868,1.9930191814702778,0.6535,0.1846,0.2868,0.1865,0.059,0.0884,camera_pose_sim3,1.924765555629886,0.8998188648800383,10000,10000,True,False,True,/content/cv3d-project/data/cache/reconstruction/predictions/03001627/1145248e1eba424d492d9da2668ec34c/ccf2675d2e7f80e234b5a57f.npz,abcbf7e0f93cf172474db3795b55c8f9da0dc9bda066c63dc8925db03bbc7a4a,/content/cv3d-project/data/cache/reconstruction/metrics/03001627/1145248e1eba424d492d9da2668ec34c/a254d3b206bb0a00d417db8e.json,12.733087000015075
03001627/114b563de051057fcda85f6a3e19b0a1,farthest,1,[0],2.6044087606001636,2.718952018831404,2.8334952770626445,0.0,0.0,0.0,1.9923911952201632,0.0,0.0,0.0,0.0,0.0,0.0,camera_rotation_center_and_target_diameter_scale_single_view,8.43053147598776,0.0,10000,10000,True,True,True,/content/cv3d-project/data/cache/reconstruction/predictions/03001627/114b563de051057fcda85f6a3e19b0a1/d63e762938a0470bd759125a.npz,9e93417f3df74ba4774ac892a136ee5facf1c3c7a77a084165f91f95aac24b0e,/content/cv3d-project/data/cache/reconstruction/metrics/03001627/114b563de051057fcda85f6a3e19b0a1/9cd7129cb53fde6eadd9ef73.json,3.9559169999847654
03001627/114b563de051057fcda85f6a3e19b0a1,farthest,2,"[0, 46]",0.2331308488917104,0.3168845851031514,0.40063832131459237,0.0,0.0,0.0,1.9923911952201632,0.0,0.0,0.0,0.0,0.0,0.0,camera_pose_sim3,2.9803563021974915,0.17317542751893963,10000,10000,True,False,True,/content/cv3d-project/data/cache/reconstruction/predictions/03001627/114b563de051057fcda85f6a3e19b0a1/90d6a39014daac4e96981356.npz,6bc56ea13b0daf6d4ca037b84035de4e673a1737f3f88b1e90d9114d40b10501,/content/cv3d-project/data/cache/reconstruction/metrics/03001627/114b563de051057fcda85f6a3e19b0a1/983159f53b90271eea195483.json,11.884258999998565
03001627/114b563de051057fcda85f6a3e19b0a1,farthest,3,"[0, 46, 18]",0.19839284574051816,0.33053230363768593,0.4626717615348537,0.00039999999999999996,0.0,0.0,1.9923911952201632,0.0004,0.0,0.0,0.0004,0.0,0.0,camera_pose_sim3,2.0444003613280666,0.9054611991863327,10000,10000,True,False,True,/content/cv3d-project/data/cache/reconstruction/predictions/03001627/114b563de051057fcda85f6a3e19b0a1/d51eaf887b72d79e17543f49.npz,a298f2c13219c27b795db48122f3391ce8d78d5c6cba0e83cf1969cddddd66e0,/content/cv3d-project/data/cache/reconstruction/metrics/03001627/114b563de051057fcda85f6a3e19b0a1/996b3c6a6a001bfb6e75132f.json,11.320060000343801
03001627/114b563de051057fcda85f6a3e19b0a1,farthest,5,"[0, 46, 18, 28, 16]",0.046305544345045316,0.1630404119120744,0.2797752794791035,0.1565239402006963,0.016657914338919926,0.03379552293577982,1.9923911952201632,0.8908,0.0983,0.2544,0.0858,0.0091,0.0181,camera_pose_sim3,1.8873591900826152,0.9915435924698169,10000,10000,True,False,True,/content/cv3d-project/data/cache/reconstruction/predictions/03001627/114b563de051057fcda85f6a3e19b0a1/1990c77874eb7caf34650991.npz,e8aaf493abcb45e104dc05342f59ef642d6229d52c444d1619166a3d4b8de73a,/content/cv3d-project/data/cache/reconstruction/metrics/03001627/114b563de051057fcda85f6a3e19b0a1/cc4977da0c5cdb43a3f55ab7.json,11.476258000129747
03001627/114b563de051057fcda85f6a3e19b0a1,farthest,10,"[0, 46, 18, 28, 16, 30, 2, 44, 13, 33]",0.2182877488977077,0.34668374841844507,0.4750797479391825,0.0,0.0,0.0,1.9923911952201632,0.0,0.0,0.0,0.0,0.0,0.0,camera_pose_sim3,0.8874942183496708,1.297135107216186,10000,10000,True,False,True,/content/cv3d-project/data/cache/reconstruction/predictions/03001627/114b563de051057fcda85f6a3e19b0a1/5fc7e994205c46f36a1f2525.npz,c2c4e943e83c5487ad1e0f54b6a84700a5e4a8284a22504d7e3f348fa8c6b17e,/content/cv3d-project/data/cache/reconstruction/metrics/03001627/114b563de051057fcda85f6a3e19b0a1/d4e7e486380246d642fe2593.json,12.012156000309915
03001627/114f72b38dcabdf0823f29d871e57676,farthest,1,[0],0.9223629522275333,1.0090604194906043,1.0957578867536755,0.0,0.0,0.0,1.9973804334989995,0.0,0.0,0.0,0.0,0.0,0.0,camera_rotation_center_and_target_diameter_scale_single_view,5.039484448037756,0.0,10000,10000,True,True,True,/content/cv3d-project/data/cache/reconstruction/predictions/03001627/114f72b38dcabdf0823f29d871e57676/375c0f0f1ddc85c682a7548f.npz,887a409010a3dd46d6fd82ae76721c4e02b7d82c9fc82d9d7fb61496b6503918,/content/cv3d-project/data/cache/reconstruction/metrics/03001627/114f72b38dcabdf0823f29d871e57676/0505436cff89d7f1d4772a5b.json,3.8774109998485073
03001627/114f72b38dcabdf0823f29d871e57676,farthest,2,"[0, 46]",1.4592220603974657,1.5343916126382262,1.609561164878987,0.0,0.0,0.0,1.9973804334989995,0.0,0.0,0.0,0.0,0.0,0.0,camera_pose_sim3,2.265283680469224,1.0886260005844386,10000,10000,True,False,True,/content/cv3d-project/data/cache/reconstruction/predictions/03001627/114f72b38dcabdf0823f29d871e57676/783d560e4a3b65010dc712cf.npz,6aec017abdd15dc519aa0e0c7e86a90f3b3b62d94da8b5376837301ef36dc656,/content/cv3d-project/data/cache/reconstruction/metrics/03001627/114f72b38dcabdf0823f29d871e57676/d9856236042d50491d88332c.json,12.403199999880599
03001627/114f72b38dcabdf0823f29d871e57676,farthest,3,"[0, 46, 18]",0.6103406513164723,0.7210120493877465,0.8316834474590207,0.0,0.0,0.0,1.9973804334989995,0.0,0.0,0.0,0.0,0.0,0.0,camera_pose_sim3,1.2071907049602073,1.1645605421457343,10000,10000,True,False,True,/content/cv3d-project/data/cache/reconstruction/predictions/03001627/114f72b38dcabdf0823f29d871e57676/5e1867948b47f231dd07461e.npz,ffdd41e76995b6de9d343fdd6c890fcec5c075206430e69e6c0aeb06b775df44,/content/cv3d-project/data/cache/reconstruction/metrics/03001627/114f72b38dcabdf0823f29d871e57676/0e4a113e2ba8378cf7ddf59a.json,12.048114000208443
03001627/114f72b38dcabdf0823f29d871e57676,farthest,5,"[0, 46, 18, 28, 16]",0.26485685117531405,0.36234858244097673,0.4598403137066394,0.0,0.0,0.0,1.9973804334989995,0.0,0.0,0.0,0.0,0.0,0.0,camera_pose_sim3,2.0755813210231264,0.6455642827555501,10000,10000,True,False,True,/content/cv3d-project/data/cache/reconstruction/predictions/03001627/114f72b38dcabdf0823f29d871e57676/051c27f646b6790c4f98ad9b.npz,bb06cdb290935eb0c8e30ccd7e7a8e02a9001ab6a81b13dac02f733bfd6830f3,/content/cv3d-project/data/cache/reconstruction/metrics/03001627/114f72b38dcabdf0823f29d871e57676/b7581e19e1c516d337ed81f1.json,11.391824999918754
03001627/114f72b38dcabdf0823f29d871e57676,farthest,10,"[0, 46, 18, 28, 16, 30, 2, 44, 13, 33]",0.07714685886642993,0.1190155929393539,0.1608843270122779,0.36754028947936923,0.03217608409986859,0.06722627173213136,1.9973804334989995,0.673,0.053,0.1061,0.2528,0.0231,0.0492,camera_pose_sim3,2.4259543082411072,0.5788119072901746,10000,10000,True,False,True,/content/cv3d-project/data/cache/reconstruction/predictions/03001627/114f72b38dcabdf0823f29d871e57676/e97def1bbbde9ac975f43a77.npz,ebb92ae1d3cf7e161b21add096dc90fe9edb0e9e4f01a050d1137a645fdc0092,/content/cv3d-project/data/cache/reconstruction/metrics/03001627/114f72b38dcabdf0823f29d871e57676/39cc74f87521b8a3bd139c95.json,12.32156300011411
03001627/11506b96d41f7d3dd7c4a943f33e0384,farthest,1,[0],0.7603661694695203,0.8783011364079037,0.9962361033462872,0.0,0.0,0.0,1.9997221151908326,0.0,0.0,0.0,0.0,0.0,0.0,camera_rotation_center_and_target_diameter_scale_single_view,4.666802193636301,0.0,10000,10000,True,True,True,/content/cv3d-project/data/cache/reconstruction/predictions/03001627/11506b96d41f7d3dd7c4a943f33e0384/ebf64c91b6685aa3a1c8a6a2.npz,621a0b9c57d6c5c35d02f059b8dda1842791369054c26a782ad66c4bde21582e,/content/cv3d-project/data/cache/reconstruction/metrics/03001627/11506b96d41f7d3dd7c4a943f33e0384/17f45a02def5907b3bd37987.json,3.767112999867095
03001627/11506b96d41f7d3dd7c4a943f33e0384,farthest,2,"[0, 46]",0.881721219480201,0.938998184647013,0.9962751498138251,0.0,0.0,0.0,1.9997221151908326,0.0,0.0,0.0,0.0,0.0,0.0,camera_pose_sim3,2.7342772930456865,0.5401647871406803,10000,10000,True,False,True,/content/cv3d-project/data/cache/reconstruction/predictions/03001627/11506b96d41f7d3dd7c4a943f33e0384/7c412704ea055e2226735870.npz,6e0e73ffff3246b122ee1d5e46b3f369993b0cc1d57e440be9974693cb13b814,/content/cv3d-project/data/cache/reconstruction/metrics/03001627/11506b96d41f7d3dd7c4a943f33e0384/5c198946736f00b521d6e55d.json,11.289996999948926
03001627/11506b96d41f7d3dd7c4a943f33e0384,farthest,3,"[0, 46, 18]",0.3011112159692381,0.4523474247475686,0.6035836335258992,0.0,0.0,0.0,1.9997221151908326,0.0,0.0,0.0,0.0,0.0,0.0,camera_pose_sim3,1.583665993179255,0.9490012634988574,10000,10000,True,False,True,/content/cv3d-project/data/cache/reconstruction/predictions/03001627/11506b96d41f7d3dd7c4a943f33e0384/dfb26e890cd4992a9efb18aa.npz,5857e73d0a176df6ac293e559bbac8d5ca9ef2385582e57e1b16ce03564f684d,/content/cv3d-project/data/cache/reconstruction/metrics/03001627/11506b96d41f7d3dd7c4a943f33e0384/b01adee98afc95c544c20523.json,11.215417000130401
03001627/11506b96d41f7d3dd7c4a943f33e0384,farthest,5,"[0, 46, 18, 28, 16]",0.6258556193837028,0.7031130792801874,0.7803705391766721,0.0,0.0,0.0,1.9997221151908326,0.0,0.0,0.0,0.0,0.0,0.0,camera_pose_sim3,2.1539651301815086,0.8353268406512565,10000,10000,True,False,True,/content/cv3d-project/data/cache/reconstruction/predictions/03001627/11506b96d41f7d3dd7c4a943f33e0384/3e4ceadb2c8bb96de1c1af1a.npz,75c15755c4eba6c56f7d761b783eafe28e48c145dccc3ada7cdcaa3a1c4be323,/content/cv3d-project/data/cache/reconstruction/metrics/03001627/11506b96d41f7d3dd7c4a943f33e0384/797bd3cb54b63886a4dd3b5b.json,14.964566999879025
03001627/11506b96d41f7d3dd7c4a943f33e0384,farthest,10,"[0, 46, 18, 28, 16, 30, 2, 44, 13, 33]",0.0721175438646905,0.130016942511168,0.1879163411576455,0.39796586838006226,0.029327001356852102,0.0636747356051704,1.9997221151908326,0.7573,0.0535,0.1278,0.2699,0.0202,0.0424,camera_pose_sim3,2.113448747498185,0.7257249126351004,10000,10000,True,False,True,/content/cv3d-project/data/cache/reconstruction/predictions/03001627/11506b96d41f7d3dd7c4a943f33e0384/0ddddd5c56ecfe8d456d9f7c.npz,413132be9d7dffa0a15044aa252b162a728f2516b5860c0d46ce76d59c7c981f,/content/cv3d-project/data/cache/reconstruction/metrics/03001627/11506b96d41f7d3dd7c4a943f33e0384/c17ac5c1615733bee48a3181.json,12.590770000315388
03001627/11525a18678f7ce6ae1e1181f20bb9c8,farthest,1,[0],1.749785425309719,1.8623914966179318,1.9749975679261444,0.0,0.0,0.0,1.9927891994618592,0.0,0.0,0.0,0.0,0.0,0.0,camera_rotation_center_and_target_diameter_scale_single_view,6.813925994277461,0.0,10000,10000,True,True,True,/content/cv3d-project/data/cache/reconstruction/predictions/03001627/11525a18678f7ce6ae1e1181f20bb9c8/b80cbe2b701e506427ef81c5.npz,36a8a96486f0bc291fe2a9274cb95e4682ed59faaf65eb22f94c351b42eaab86,/content/cv3d-project/data/cache/reconstruction/metrics/03001627/11525a18678f7ce6ae1e1181f20bb9c8/a6b8214328bb48afb7926e7b.json,3.839205999611295
03001627/11525a18678f7ce6ae1e1181f20bb9c8,farthest,2,"[0, 46]",0.060874175571383186,0.1210072371861856,0.181140298800988,0.36184089590134205,0.012974969623329283,0.02772420147420147,1.9927891994618592,0.8747,0.0752,0.1475,0.2281,0.0071,0.0153,camera_pose_sim3,2.7631523227216412,0.09994096220398808,10000,10000,True,False,True,/content/cv3d-project/data/cache/reconstruction/predictions/03001627/11525a18678f7ce6ae1e1181f20bb9c8/eb66f989b51fb631fb58b638.npz,79db4562a2a4b11ed96fd8157f6410093465ec6312cab2e34977a19e41b178bc,/content/cv3d-project/data/cache/reconstruction/metrics/03001627/11525a18678f7ce6ae1e1181f20bb9c8/29681f146fb014d7ab8a0afe.json,11.457200000222656
03001627/11525a18678f7ce6ae1e1181f20bb9c8,farthest,3,"[0, 46, 18]",0.05110840722513938,0.07790889992739827,0.10470939262965716,0.6589923034406522,0.04661317135549873,0.11795146180446402,1.9927891994618592,0.9401,0.1279,0.2399,0.5073,0.0285,0.0782,camera_pose_sim3,2.8211367151465057,0.0823173242969868,10000,10000,True,False,True,/content/cv3d-project/data/cache/reconstruction/predictions/03001627/11525a18678f7ce6ae1e1181f20bb9c8/0b6d5e9b4e70a4bcb374dffd.npz,ddeb81f6fc46e6712a36e452f8d138167f8ed3b42af1c4297d7590a6a966dc36,/content/cv3d-project/data/cache/reconstruction/metrics/03001627/11525a18678f7ce6ae1e1181f20bb9c8/675797c2e8ce8127ad8660dc.json,11.277210999651288
03001627/11525a18678f7ce6ae1e1181f20bb9c8,farthest,5,"[0, 46, 18, 28, 16]",0.045189545386417215,0.09031190694422245,0.1354342685020277,0.5944007686054247,0.06731186279180562,0.1463042441583214,1.9927891994618592,0.9123,0.1678,0.325,0.4408,0.0421,0.0944,camera_pose_sim3,2.761582244977564,0.16851755267321022,10000,10000,True,False,True,/content/cv3d-project/data/cache/reconstruction/predictions/03001627/11525a18678f7ce6ae1e1181f20bb9c8/2c337b12f4b513c222be5b3c.npz,d6d21ee7e621e98c0d9903ce68242563d3a1ed1aeabdba656ff75ca568014a9f,/content/cv3d-project/data/cache/reconstruction/metrics/03001627/11525a18678f7ce6ae1e1181f20bb9c8/db0430f32ed72630bfcd5f25.json,11.376567999832332
03001627/11525a18678f7ce6ae1e1181f20bb9c8,farthest,10,"[0, 46, 18, 28, 16, 30, 2, 44, 13, 33]",0.02898861535802618,0.04153449479927067,0.05408037424051515,0.9266931415691746,0.12693408323959504,0.290779953534683,1.9927891994618592,1.0,0.1626,0.3576,0.8634,0.1041,0.245,camera_pose_sim3,2.6541250216962298,0.14389732091941204,10000,10000,True,False,True,/content/cv3d-project/data/cache/reconstruction/predictions/03001627/11525a18678f7ce6ae1e1181f20bb9c8/cb1fd5e41565c915b503a80e.npz,e14429551f725f76a335f2095df452d011196536de1a5c5ffadf3c96763b8766,/content/cv3d-project/data/cache/reconstruction/metrics/03001627/11525a18678f7ce6ae1e1181f20bb9c8/92887a438498b1c7835bd7cb.json,12.391765999836934
03001627/1157d8d6995da5c0290d57214c8512a4,farthest,1,[0],2.0439112712512544,2.1380705228553776,2.2322297744595003,0.0,0.0,0.0,1.9972981428191343,0.0,0.0,0.0,0.0,0.0,0.0,camera_rotation_center_and_target_diameter_scale_single_view,7.156406277350846,0.0,10000,10000,True,True,True,/content/cv3d-project/data/cache/reconstruction/predictions/03001627/1157d8d6995da5c0290d57214c8512a4/d3510723b0dd6a815770baf7.npz,4114ac2c42e8a54450d7570301dc21e5fc177f59fc5bff5249340eb03d8e14d2,/content/cv3d-project/data/cache/reconstruction/metrics/03001627/1157d8d6995da5c0290d57214c8512a4/3a6e7e40599dc9813b0b438b.json,4.060492999997223
03001627/1157d8d6995da5c0290d57214c8512a4,farthest,2,"[0, 46]",1.19756487567773,1.2522934082531827,1.3070219408286352,0.0,0.0,0.0,1.9972981428191343,0.0,0.0,0.0,0.0,0.0,0.0,camera_pose_sim3,3.349697178326591,0.3875791001446002,10000,10000,True,False,True,/content/cv3d-project/data/cache/reconstruction/predictions/03001627/1157d8d6995da5c0290d57214c8512a4/a9b50f39c151262bf1acf93a.npz,bc2900a49db0a37a7b742d8202ba26ff59e37324160a4ff91852ed73711bb8d8,/content/cv3d-project/data/cache/reconstruction/metrics/03001627/1157d8d6995da5c0290d57214c8512a4/1ee618478143f04323da77c5.json,12.041575999774068
03001627/1157d8d6995da5c0290d57214c8512a4,farthest,3,"[0, 46, 18]",0.47761759860905284,0.6189311870586194,0.7602447755081858,0.0,0.0,0.0,1.9972981428191343,0.0,0.0,0.0,0.0,0.0,0.0,camera_pose_sim3,1.9406401537791245,1.0252899065921217,10000,10000,True,False,True,/content/cv3d-project/data/cache/reconstruction/predictions/03001627/1157d8d6995da5c0290d57214c8512a4/9711a64ade7f3168215d280b.npz,77ee06532a869b6abf1a7354150194c2528d72be0afd447c4ec0af5db4a7fcc4,/content/cv3d-project/data/cache/reconstruction/metrics/03001627/1157d8d6995da5c0290d57214c8512a4/3519d1030844e5f29d1a338d.json,11.44646400007332
03001627/1157d8d6995da5c0290d57214c8512a4,farthest,5,"[0, 46, 18, 28, 16]",0.36313282492099586,0.4835798741084879,0.60402692329598,0.0,0.0,0.0,1.9972981428191343,0.0,0.0,0.0,0.0,0.0,0.0,camera_pose_sim3,1.476033481325607,1.1629075957154897,10000,10000,True,False,True,/content/cv3d-project/data/cache/reconstruction/predictions/03001627/1157d8d6995da5c0290d57214c8512a4/c25d14e02df75bafce14a9d3.npz,a1df84c5d1bdc33eddade9009826d1082e91cd6feb6ee6201964aba09587df22,/content/cv3d-project/data/cache/reconstruction/metrics/03001627/1157d8d6995da5c0290d57214c8512a4/853862a8419d17f363db1319.json,11.432703000082256
03001627/1157d8d6995da5c0290d57214c8512a4,farthest,10,"[0, 46, 18, 28, 16, 30, 2, 44, 13, 33]",0.07365657616237895,0.1401513930382009,0.20664620991402288,0.31461555955865794,0.027479766081871346,0.06273648068669528,1.9972981428191343,0.6839,0.0683,0.1713,0.2043,0.0172,0.0384,camera_pose_sim3,2.320349997385888,0.8237957118921823,10000,10000,True,False,True,/content/cv3d-project/data/cache/reconstruction/predictions/03001627/1157d8d6995da5c0290d57214c8512a4/0e009da8c60b443494fce7d3.npz,00eb83ab97725e05c48b5f04d6a27f6a5521160dac5d3cca15793ff96624d2f2,/content/cv3d-project/data/cache/reconstruction/metrics/03001627/1157d8d6995da5c0290d57214c8512a4/7af37ce85c2cff6370935ab8.json,11.881718000040564
03001627/115b11a77b8d8c3c110a27d1d78196,farthest,1,[0],1.1002605230720683,1.2095565354500726,1.3188525478280768,0.0,0.0,0.0,1.9983936070095207,0.0,0.0,0.0,0.0,0.0,0.0,camera_rotation_center_and_target_diameter_scale_single_view,5.432095631926011,0.0,10000,10000,True,True,True,/content/cv3d-project/data/cache/reconstruction/predictions/03001627/115b11a77b8d8c3c110a27d1d78196/7325763fae826c60e93991b8.npz,b7c80cc4e84c2bc89e7030fccae42886d143081df6d48d80f819490a5af8a782,/content/cv3d-project/data/cache/reconstruction/metrics/03001627/115b11a77b8d8c3c110a27d1d78196/f286144afa123c4d80ddd314.json,3.8210740003705723
03001627/115b11a77b8d8c3c110a27d1d78196,farthest,2,"[0, 46]",0.08272565223839483,0.14759576169181707,0.21246587114523932,0.264772602739726,0.007228323699421966,0.017330662557781203,1.9983936070095207,0.6903,0.0305,0.0546,0.1638,0.0041,0.0103,camera_pose_sim3,2.6997262360936016,0.08407524150190616,10000,10000,True,False,True,/content/cv3d-project/data/cache/reconstruction/predictions/03001627/115b11a77b8d8c3c110a27d1d78196/6a1069802e5b9b118f09548e.npz,d9b1dd63944f27919f1f9b7c749f461ee237216ae1248062ca28227bc01ae2a1,/content/cv3d-project/data/cache/reconstruction/metrics/03001627/115b11a77b8d8c3c110a27d1d78196/57a77698f02ca7bf013c2d54.json,11.701604000336374
03001627/115b11a77b8d8c3c110a27d1d78196,farthest,3,"[0, 46, 18]",0.24164533721451487,0.3572500922252273,0.4728548472359398,0.0004444444444444445,0.0,0.0,1.9983936070095207,0.0004,0.0,0.0,0.0005,0.0,0.0,camera_pose_sim3,2.016628918401143,0.9064812828800254,10000,10000,True,False,True,/content/cv3d-project/data/cache/reconstruction/predictions/03001627/115b11a77b8d8c3c110a27d1d78196/79126dda2a54c24cde215e90.npz,8317c213463fd51758a141618261ee89c9582f8d9d1bbe5a6f942e9aff2c1820,/content/cv3d-project/data/cache/reconstruction/metrics/03001627/115b11a77b8d8c3c110a27d1d78196/ed9ca4560820a8c8b42dcc11.json,12.170612000318215
03001627/115b11a77b8d8c3c110a27d1d78196,farthest,5,"[0, 46, 18, 28, 16]",0.6155302832991577,0.6949032008260849,0.7742761183530122,0.0,0.0,0.0,1.9983936070095207,0.0,0.0,0.0,0.0,0.0,0.0,camera_pose_sim3,2.120974116935925,0.9675978474080396,10000,10000,True,False,True,/content/cv3d-project/data/cache/reconstruction/predictions/03001627/115b11a77b8d8c3c110a27d1d78196/f29e9e81042ec3e9c2b7d55d.npz,a79a92e0b69102347fcb041491f70dd24736b36b6ef9f95aa6d607d629698b32,/content/cv3d-project/data/cache/reconstruction/metrics/03001627/115b11a77b8d8c3c110a27d1d78196/cbe40a8d8e8366fb814e79c3.json,12.269753000055061
03001627/115b11a77b8d8c3c110a27d1d78196,farthest,10,"[0, 46, 18, 28, 16, 30, 2, 44, 13, 33]",0.146011952735615,0.1809929804805902,0.2159740082255654,0.263364774593904,0.014897727272727273,0.031674523007856344,1.9983936070095207,0.3278,0.0345,0.0685,0.2201,0.0095,0.0206,camera_pose_sim3,2.411863412188442,0.67712364526007,10000,10000,True,False,True,/content/cv3d-project/data/cache/reconstruction/predictions/03001627/115b11a77b8d8c3c110a27d1d78196/0624be26947181603ee374a9.npz,c28b8ef7fa15bd73edc1915ed485b62e4697b8a2b07e1a79a838c391316f3dd1,/content/cv3d-project/data/cache/reconstruction/metrics/03001627/115b11a77b8d8c3c110a27d1d78196/21db7cccf18b2a866c749598.json,12.277904000256967
03001627/1166b15756ed9b8897317616969032,farthest,1,[0],2.4765994522681294,2.5838704879306063,2.6911415235930836,0.0,0.0,0.0,1.9588207549798387,0.0,0.0,0.0,0.0,0.0,0.0,camera_rotation_center_and_target_diameter_scale_single_view,7.985322764360495,0.0,10000,10000,True,True,True,/content/cv3d-project/data/cache/reconstruction/predictions/03001627/1166b15756ed9b8897317616969032/dad33a6ad820d4ae1cc959e8.npz,a0f0750000d0d156427c5d23a4bee0d5f7b2f31513cf79c04afe3eca5dcc7eb9,/content/cv3d-project/data/cache/reconstruction/metrics/03001627/1166b15756ed9b8897317616969032/4a2fa480265853fe3d42a88b.json,3.805122999892774
03001627/1166b15756ed9b8897317616969032,farthest,2,"[0, 46]",0.05227138529402262,0.15002080688414987,0.24777022847427713,0.22174802169467414,0.005649805447470817,0.011610301109350239,1.9588207549798387,1.0,0.0484,0.1201,0.1247,0.003,0.0061,camera_pose_sim3,2.724627666592655,0.11299385732580702,10000,10000,True,False,True,/content/cv3d-project/data/cache/reconstruction/predictions/03001627/1166b15756ed9b8897317616969032/310cbeba49e7aa0ad12bbbd5.npz,f622ed4ab29bc1eabaecd384c170ce8ee5851325cc80d8960cbdc2d7dcc1bf3f,/content/cv3d-project/data/cache/reconstruction/metrics/03001627/1166b15756ed9b8897317616969032/5d127c06ad4b436bd78ba3d5.json,11.543096999957925
03001627/1166b15756ed9b8897317616969032,farthest,3,"[0, 46, 18]",0.17663467354884077,0.2699845602197888,0.36333444689073674,0.00725036496350365,0.0,0.0,1.9588207549798387,0.0231,0.0,0.0,0.0043,0.0,0.0,camera_pose_sim3,1.9024084078182038,0.8506992647549648,10000,10000,True,False,True,/content/cv3d-project/data/cache/reconstruction/predictions/03001627/1166b15756ed9b8897317616969032/a6406c85b3a8c87b0e620fa8.npz,dfa184e235d765589177246382fad2967506e02e468f3663ba67c300ef312639,/content/cv3d-project/data/cache/reconstruction/metrics/03001627/1166b15756ed9b8897317616969032/93646735de3240779f6f26fb.json,11.755539999739995
03001627/1166b15756ed9b8897317616969032,farthest,5,"[0, 46, 18, 28, 16]",0.22509071582607834,0.3227097688516954,0.4203288218773124,0.0,0.0,0.0,1.9588207549798387,0.0,0.0,0.0,0.0,0.0,0.0,camera_pose_sim3,1.069840346795471,1.2154738619886514,10000,10000,True,False,True,/content/cv3d-project/data/cache/reconstruction/predictions/03001627/1166b15756ed9b8897317616969032/63c7de01e063f971a3053566.npz,d4b14e69019f1741790c4c36136b7e02757a8eaa6987d44521478e90137b6f44,/content/cv3d-project/data/cache/reconstruction/metrics/03001627/1166b15756ed9b8897317616969032/6fa0e3a1e2b5faf66bdd7ac6.json,12.320369000008213
03001627/1166b15756ed9b8897317616969032,farthest,10,"[0, 46, 18, 28, 16, 30, 2, 44, 13, 33]",0.17956687271385713,0.2686893490068303,0.35781182529980343,0.0032842105263157896,0.0,0.0,1.9588207549798387,0.0052,0.0,0.0,0.0024,0.0,0.0,camera_pose_sim3,2.4313206487239216,0.6546816557902213,10000,10000,True,False,True,/content/cv3d-project/data/cache/reconstruction/predictions/03001627/1166b15756ed9b8897317616969032/4ec8d74eca9942ee02653add.npz,979117c5ebd04a7ae53ecc7983548255823669d5a7cc4479b732675b60545000,/content/cv3d-project/data/cache/reconstruction/metrics/03001627/1166b15756ed9b8897317616969032/742d26b60c96ce3a94a4a91d.json,12.729556000067532
03001627/116a9cd5ac9a008ee8cb931b01d0a372,farthest,1,[0],1.4886614175435158,1.606986012248073,1.7253106069526303,0.0,0.0,0.0,1.5125542066622581,0.0,0.0,0.0,0.0,0.0,0.0,camera_rotation_center_and_target_diameter_scale_single_view,5.304041178242901,0.0,10000,10000,True,True,True,/content/cv3d-project/data/cache/reconstruction/predictions/03001627/116a9cd5ac9a008ee8cb931b01d0a372/35a67836c96b92814a0994c6.npz,c3d28f8a56fd3476f90a86ecbda39e4dea2f819c8f61d2a04a0633095e716c38,/content/cv3d-project/data/cache/reconstruction/metrics/03001627/116a9cd5ac9a008ee8cb931b01d0a372/eaebe35d97ef0fd0da75371c.json,3.864343999794073
03001627/116a9cd5ac9a008ee8cb931b01d0a372,farthest,2,"[0, 46]",1.6891501491545147,1.7536153555909437,1.818080562027373,0.0,0.0,0.0,1.5125542066622581,0.0,0.0,0.0,0.0,0.0,0.0,camera_pose_sim3,2.157439245913292,1.2199593502305752,10000,10000,True,False,True,/content/cv3d-project/data/cache/reconstruction/predictions/03001627/116a9cd5ac9a008ee8cb931b01d0a372/51d2aaa9aadf0d947372cced.npz,51b3493b427a51513d8f7cef5359a287edac5376839174c6f1dec59542a112db,/content/cv3d-project/data/cache/reconstruction/metrics/03001627/116a9cd5ac9a008ee8cb931b01d0a372/2e44095982e9362bc3daeacd.json,11.742703999971127
03001627/116a9cd5ac9a008ee8cb931b01d0a372,farthest,3,"[0, 46, 18]",0.3313453005311208,0.510953706940511,0.6905621133499011,0.0,0.0,0.0,1.5125542066622581,0.0,0.0,0.0,0.0,0.0,0.0,camera_pose_sim3,1.3582202967948682,1.3266333775466046,10000,10000,True,False,True,/content/cv3d-project/data/cache/reconstruction/predictions/03001627/116a9cd5ac9a008ee8cb931b01d0a372/7cb2ebf12eaff1d63b587ac9.npz,f43e7bdd2d011218c8674578662ba2547478874ac85689fbfc006a6cc0f78ddc,/content/cv3d-project/data/cache/reconstruction/metrics/03001627/116a9cd5ac9a008ee8cb931b01d0a372/bfc699b578fe36b6bd71dd3e.json,11.424977000388026
03001627/116a9cd5ac9a008ee8cb931b01d0a372,farthest,5,"[0, 46, 18, 28, 16]",0.5428756086845824,0.7660239530817565,0.9891722974789308,0.0,0.0,0.0,1.5125542066622581,0.0,0.0,0.0,0.0,0.0,0.0,camera_pose_sim3,0.8440374424436988,1.649938710386283,10000,10000,True,False,True,/content/cv3d-project/data/cache/reconstruction/predictions/03001627/116a9cd5ac9a008ee8cb931b01d0a372/f978711856a98e3ceed17613.npz,e99da6162ab68708d9dd2a797a04098f226c08e5a612608a1c009dcca03a2bc3,/content/cv3d-project/data/cache/reconstruction/metrics/03001627/116a9cd5ac9a008ee8cb931b01d0a372/44fe2b837e00b545b78faaa9.json,11.34291900007156
03001627/116a9cd5ac9a008ee8cb931b01d0a372,farthest,10,"[0, 46, 18, 28, 16, 30, 2, 44, 13, 33]",0.046330197413489926,0.06883606774516246,0.09134193807683501,0.7573698648986741,0.039538366336633664,0.09765474974463739,1.5125542066622581,0.9827,0.0463,0.1028,0.6161,0.0345,0.093,camera_pose_sim3,2.3582637701765754,0.17698011636664177,10000,10000,True,False,True,/content/cv3d-project/data/cache/reconstruction/predictions/03001627/116a9cd5ac9a008ee8cb931b01d0a372/71bb4093cc3648cfb4f814d7.npz,e164fadc7e8d830b8e47fa86f99ee225d618435f0fccb466561242bb55ed9eb6,/content/cv3d-project/data/cache/reconstruction/metrics/03001627/116a9cd5ac9a008ee8cb931b01d0a372/a9d17e7053d601debdb68204.json,12.190595999982179
03001627/116bcb3b43de74b9df9054bbcf5c6adc,farthest,1,[0],1.9578236498449038,2.0875204028841194,2.2172171559233353,0.0,0.0,0.0,1.997767926885949,0.0,0.0,0.0,0.0,0.0,0.0,camera_rotation_center_and_target_diameter_scale_single_view,7.201165473154735,0.0,10000,10000,True,True,True,/content/cv3d-project/data/cache/reconstruction/predictions/03001627/116bcb3b43de74b9df9054bbcf5c6adc/62c610e57b4fab3a03de2cee.npz,0757abd0af0de375f4b2a3383b03c0624d0b5c5dcf56fb6236dba2459a1b8f36,/content/cv3d-project/data/cache/reconstruction/metrics/03001627/116bcb3b43de74b9df9054bbcf5c6adc/d6fc9965f1bae04d9ef37ed8.json,4.076303000147163
03001627/116bcb3b43de74b9df9054bbcf5c6adc,farthest,2,"[0, 46]",0.04125621800804847,0.1383751666388291,0.23549411526960973,0.25916551595446913,0.011815384615384615,0.04693551554828151,1.997767926885949,0.921,0.0768,0.3414,0.1508,0.0064,0.0252,camera_pose_sim3,2.8498996563756323,0.10972482945797198,10000,10000,True,False,True,/content/cv3d-project/data/cache/reconstruction/predictions/03001627/116bcb3b43de74b9df9054bbcf5c6adc/747449a2dcadfd2804a6615d.npz,e4f2863841934064eb6df84657a6c804556c35542956fcdb3fd9e4a6a55c9736,/content/cv3d-project/data/cache/reconstruction/metrics/03001627/116bcb3b43de74b9df9054bbcf5c6adc/b59ab38c3ea7f3e941fb7359.json,12.508289999914268
03001627/116bcb3b43de74b9df9054bbcf5c6adc,farthest,3,"[0, 46, 18]",0.4036275157993358,0.5340880159578986,0.6645485161164614,0.0,0.0,0.0,1.997767926885949,0.0,0.0,0.0,0.0,0.0,0.0,camera_pose_sim3,1.2096466545627014,1.0396266235382023,10000,10000,True,False,True,/content/cv3d-project/data/cache/reconstruction/predictions/03001627/116bcb3b43de74b9df9054bbcf5c6adc/4a9f78355d5f12af5e176ccd.npz,2eaa3bef835531c3a34832755556b8b01a92f367c0dd49a00184a75b9c29f896,/content/cv3d-project/data/cache/reconstruction/metrics/03001627/116bcb3b43de74b9df9054bbcf5c6adc/0afbada54186b4291e6a3fc9.json,12.407097000050271
03001627/116bcb3b43de74b9df9054bbcf5c6adc,farthest,5,"[0, 46, 18, 28, 16]",0.8298490096064957,0.9640429453241264,1.098236881041757,0.0,0.0,0.0,1.997767926885949,0.0,0.0,0.0,0.0,0.0,0.0,camera_pose_sim3,1.9716986994342418,0.9267231344948738,10000,10000,True,False,True,/content/cv3d-project/data/cache/reconstruction/predictions/03001627/116bcb3b43de74b9df9054bbcf5c6adc/0c7631afaf788279ed592fb9.npz,7ca003ccdc5bad19dbf25af35a4dd2042e68955fdac9f1985352bb4fa14af298,/content/cv3d-project/data/cache/reconstruction/metrics/03001627/116bcb3b43de74b9df9054bbcf5c6adc/d17ea99fd5b15d73b92d3915.json,12.29954699965674
03001627/116bcb3b43de74b9df9054bbcf5c6adc,farthest,10,"[0, 46, 18, 28, 16, 30, 2, 44, 13, 33]",0.09849287147427327,0.13136064827378346,0.1642284250732937,0.2988602858380251,0.0037244897959183673,0.03740020470829068,1.997767926885949,0.4746,0.0073,0.0725,0.2181,0.0025,0.0252,camera_pose_sim3,2.330355497737615,0.6853986455536492,10000,10000,True,False,True,/content/cv3d-project/data/cache/reconstruction/predictions/03001627/116bcb3b43de74b9df9054bbcf5c6adc/35e031afdc943e7f13b38c2a.npz,93abc40f6f4a7495f3e36da707c86fc18e91dd67e9373f7f466a7c64885803ae,/content/cv3d-project/data/cache/reconstruction/metrics/03001627/116bcb3b43de74b9df9054bbcf5c6adc/f9154c07253dd7a127845e1c.json,12.775695000073028
03001627/11740d372308f12185047f9f654ddc2e,farthest,1,[0],1.9483261103209664,2.051977403046014,2.1556286957710613,0.0,0.0,0.0,2.0000033045491494,0.0,0.0,0.0,0.0,0.0,0.0,camera_rotation_center_and_target_diameter_scale_single_view,6.971379459648535,0.0,10000,10000,True,True,True,/content/cv3d-project/data/cache/reconstruction/predictions/03001627/11740d372308f12185047f9f654ddc2e/64b72af2aeb840f2809882ce.npz,1ec8eb99209977b03152bbdc13931418e6867587b324ba800d4cddab017a64dd,/content/cv3d-project/data/cache/reconstruction/metrics/03001627/11740d372308f12185047f9f654ddc2e/594876e0b22fdde2266b0bfc.json,3.8474220000352943
03001627/11740d372308f12185047f9f654ddc2e,farthest,2,"[0, 46]",0.06429342733321859,0.10560252950417756,0.14691163167513654,0.4193471903896309,0.004101818181818181,0.010183197831978321,2.0000033045491494,1.0,0.0141,0.0308,0.2653,0.0024,0.0061,camera_pose_sim3,2.724247466825972,0.05086160424548819,10000,10000,True,False,True,/content/cv3d-project/data/cache/reconstruction/predictions/03001627/11740d372308f12185047f9f654ddc2e/7359d4d3fb5d407b9a69c096.npz,abca0b7582bfc2430d75130aca080e8538adce39f106edcd6fcbc9e471b1b113,/content/cv3d-project/data/cache/reconstruction/metrics/03001627/11740d372308f12185047f9f654ddc2e/58346838541365cd0830c932.json,11.444835000020248
03001627/11740d372308f12185047f9f654ddc2e,farthest,3,"[0, 46, 18]",0.2994825958116358,0.4285190624718924,0.5575555291321491,0.0,0.0,0.0,2.0000033045491494,0.0,0.0,0.0,0.0,0.0,0.0,camera_pose_sim3,1.283601077584366,0.9823398130956359,10000,10000,True,False,True,/content/cv3d-project/data/cache/reconstruction/predictions/03001627/11740d372308f12185047f9f654ddc2e/1381cc2a8dbf7e1d07d24ba2.npz,dcbaf1bb3462305c4e8f5bdc725ef63ca3b5e687cf4e6266322171593ed15c77,/content/cv3d-project/data/cache/reconstruction/metrics/03001627/11740d372308f12185047f9f654ddc2e/868ff96ef47181ff27af3a3d.json,11.404341999877943
03001627/11740d372308f12185047f9f654ddc2e,farthest,5,"[0, 46, 18, 28, 16]",0.35481969500760546,0.4450938052980397,0.535367915588474,0.0,0.0,0.0,2.0000033045491494,0.0,0.0,0.0,0.0,0.0,0.0,camera_pose_sim3,0.8493212421125753,1.3172035455879965,10000,10000,True,False,True,/content/cv3d-project/data/cache/reconstruction/predictions/03001627/11740d372308f12185047f9f654ddc2e/9bf851526633f0ecfb523c57.npz,0aec299853721681bda2398ba1647f492b1e0bb9144fe40c69eaddd9254c5e37,/content/cv3d-project/data/cache/reconstruction/metrics/03001627/11740d372308f12185047f9f654ddc2e/14170e6fe3db5327b1d8bac4.json,12.443900000107533
03001627/11740d372308f12185047f9f654ddc2e,farthest,10,"[0, 46, 18, 28, 16, 30, 2, 44, 13, 33]",0.12866563697549904,0.1864570651235791,0.24424849327165915,0.19615327287066248,0.016506537530266343,0.033759000000000004,2.0000033045491494,0.3743,0.0299,0.0558,0.1329,0.0114,0.0242,camera_pose_sim3,2.046450196630994,0.808381746073686,10000,10000,True,False,True,/content/cv3d-project/data/cache/reconstruction/predictions/03001627/11740d372308f12185047f9f654ddc2e/cfe4d127a5ea497e5ae03b73.npz,b8122eff92addc9eedaae0e70a98ae781207842601617ba076a1dfa83f2c0a40,/content/cv3d-project/data/cache/reconstruction/metrics/03001627/11740d372308f12185047f9f654ddc2e/a8d8e83e9e3df2e7ee1453ff.json,12.941825999860157
03001627/117930a8f2e37f9b707cdefe012d0353,farthest,1,[0],1.6626849717379815,1.7768545422199362,1.8910241127018912,0.0,0.0,0.0,1.9951744493176,0.0,0.0,0.0,0.0,0.0,0.0,camera_rotation_center_and_target_diameter_scale_single_view,6.458543729226281,0.0,10000,10000,True,True,True,/content/cv3d-project/data/cache/reconstruction/predictions/03001627/117930a8f2e37f9b707cdefe012d0353/670fe63304f7d5b4e12fd713.npz,3166a5e12993cae977267cb7674333d7fd20299a88d00eece5b233894c108527,/content/cv3d-project/data/cache/reconstruction/metrics/03001627/117930a8f2e37f9b707cdefe012d0353/ff0d5749040604b487f898fa.json,3.9376320000883425
03001627/117930a8f2e37f9b707cdefe012d0353,farthest,2,"[0, 46]",0.061167383758608224,0.11553868074485191,0.1699099777310956,0.3277935943736932,0.01597853014037985,0.03257157403478999,1.9951744493176,0.8491,0.1125,0.2181,0.2031,0.0086,0.0176,camera_pose_sim3,2.7149246157995455,0.04001368621206468,10000,10000,True,False,True,/content/cv3d-project/data/cache/reconstruction/predictions/03001627/117930a8f2e37f9b707cdefe012d0353/0ce9436c2d72aeca963728ee.npz,6105b27aabe40236c7c5ebbf7614270bbce6424155941e02a84852165bd24a1f,/content/cv3d-project/data/cache/reconstruction/metrics/03001627/117930a8f2e37f9b707cdefe012d0353/1d19abada1ebdcddaa7745f7.json,12.52598399969429
03001627/117930a8f2e37f9b707cdefe012d0353,farthest,3,"[0, 46, 18]",0.16429684635036682,0.2954167196941963,0.4265365930380258,0.013300243902439024,0.0,0.0,1.9951744493176,0.0747,0.0,0.0,0.0073,0.0,0.0,camera_pose_sim3,1.9795787054906935,0.8380558767091312,10000,10000,True,False,True,/content/cv3d-project/data/cache/reconstruction/predictions/03001627/117930a8f2e37f9b707cdefe012d0353/4732e9da37fc77df710cc2b5.npz,aaf76d61c9d80a07c4cbceb5b59d9a76f6077e8faa1b6c7a01cdb73b091ebca7,/content/cv3d-project/data/cache/reconstruction/metrics/03001627/117930a8f2e37f9b707cdefe012d0353/b002c6e8deded811023e77af.json,11.974635000115086
03001627/117930a8f2e37f9b707cdefe012d0353,farthest,5,"[0, 46, 18, 28, 16]",0.07663218941931899,0.18534402769431974,0.2940558659693205,0.18222366651725683,0.0,0.0,1.9951744493176,0.7894,0.0,0.0,0.103,0.0,0.0,camera_pose_sim3,1.136569524081685,1.153126498852577,10000,10000,True,False,True,/content/cv3d-project/data/cache/reconstruction/predictions/03001627/117930a8f2e37f9b707cdefe012d0353/f3ed990cddb295d0d2a13361.npz,9aa21c16c02d77f019b274826778c86ddc2176e43ebb8aad947fbd7bb4c05201,/content/cv3d-project/data/cache/reconstruction/metrics/03001627/117930a8f2e37f9b707cdefe012d0353/455c99f83decec557e1c8bd0.json,11.79288399998768
03001627/117930a8f2e37f9b707cdefe012d0353,farthest,10,"[0, 46, 18, 28, 16, 30, 2, 44, 13, 33]",0.04913860865414806,0.07364143870111531,0.09814426874808256,0.6583480927763029,0.10108841088674277,0.19207251842219333,1.9951744493176,0.9183,0.1521,0.3251,0.5131,0.0757,0.1363,camera_pose_sim3,2.780070242461928,0.24259848983549745,10000,10000,True,False,True,/content/cv3d-project/data/cache/reconstruction/predictions/03001627/117930a8f2e37f9b707cdefe012d0353/fb72caa16437d3161bed0bcc.npz,81f4c2b25bcd1922c822645af9186aa81a5b1b3cbfe11cbd822c565d4780e22c,/content/cv3d-project/data/cache/reconstruction/metrics/03001627/117930a8f2e37f9b707cdefe012d0353/aaf52d10d5d8ab75d05ea79d.json,12.363478999759536
03001627/117bd6da01905949a81116f5456ee312,farthest,1,[0],0.7857040237080014,0.9005598666131513,1.0154157095183012,0.0,0.0,0.0,1.999964934135392,0.0,0.0,0.0,0.0,0.0,0.0,camera_rotation_center_and_target_diameter_scale_single_view,4.827803692594869,0.0,10000,10000,True,True,True,/content/cv3d-project/data/cache/reconstruction/predictions/03001627/117bd6da01905949a81116f5456ee312/d8019fe4dcfe3b665dcb9336.npz,f8c5511e7b8542a5956f2983eafb65b21c680afc33cf678f111fd1f92b9d3bdb,/content/cv3d-project/data/cache/reconstruction/metrics/03001627/117bd6da01905949a81116f5456ee312/cc64fa33a0ef302cf8fe8f96.json,3.8434079997387016
03001627/117bd6da01905949a81116f5456ee312,farthest,2,"[0, 46]",0.04085564347162647,0.06454797570597197,0.08824030794031747,0.7265664748953975,0.04667145053818555,0.12004304299889747,1.999964934135392,0.9358,0.168,0.3823,0.5938,0.0271,0.0712,camera_pose_sim3,2.6445426358707684,0.015561647881278598,10000,10000,True,False,True,/content/cv3d-project/data/cache/reconstruction/predictions/03001627/117bd6da01905949a81116f5456ee312/83882be60465c4a1fe73c13b.npz,f1ede2a1324435197f69efd4b6a1d64e3bce5355078005637d511039fb4a3149,/content/cv3d-project/data/cache/reconstruction/metrics/03001627/117bd6da01905949a81116f5456ee312/b97c7284bdbc96e48ccf6ef4.json,12.46646099980353
03001627/117bd6da01905949a81116f5456ee312,farthest,3,"[0, 46, 18]",0.14696915337644983,0.26634452320644736,0.3857198930364449,0.08121969290762855,0.002985774058577406,0.0071154362416107385,1.999964934135392,0.3646,0.0223,0.0558,0.0457,0.0016,0.0038,camera_pose_sim3,1.5473792057958478,0.8951571050457501,10000,10000,True,False,True,/content/cv3d-project/data/cache/reconstruction/predictions/03001627/117bd6da01905949a81116f5456ee312/12c957e59f78bf125cf3282a.npz,c145c1e438a4ba21c0f425232e01fa5891ce90e4c2398072197ee5057f584916,/content/cv3d-project/data/cache/reconstruction/metrics/03001627/117bd6da01905949a81116f5456ee312/aaa8ec31f2bd08d2b5dc89ec.json,12.662514000112424
03001627/117bd6da01905949a81116f5456ee312,farthest,5,"[0, 46, 18, 28, 16]",0.47406309529884505,0.5999040135169409,0.7257449317350368,0.0,0.0,0.0,1.999964934135392,0.0,0.0,0.0,0.0,0.0,0.0,camera_pose_sim3,1.2911198523354455,1.2048910561499695,10000,10000,True,False,True,/content/cv3d-project/data/cache/reconstruction/predictions/03001627/117bd6da01905949a81116f5456ee312/d2deef0c0a5be37f47f950b2.npz,4bb45ccbe6994065b6014cab606578df4fc820405756f412baceb6846abf9d2f,/content/cv3d-project/data/cache/reconstruction/metrics/03001627/117bd6da01905949a81116f5456ee312/266f24146843106e99ce74df.json,12.339977000010549
03001627/117bd6da01905949a81116f5456ee312,farthest,10,"[0, 46, 18, 28, 16, 30, 2, 44, 13, 33]",0.04392665154881117,0.06172957095428694,0.0795324903597627,0.7596884112991442,0.1557170540464856,0.2504833254306938,1.999964934135392,0.8932,0.2424,0.4607,0.6609,0.1147,0.172,camera_pose_sim3,2.5073451213065914,0.1946828720765666,10000,10000,True,False,True,/content/cv3d-project/data/cache/reconstruction/predictions/03001627/117bd6da01905949a81116f5456ee312/da6967b28532737c9954f2c2.npz,c686f02afd84afdc93b297d9a5fdb92afd775779676119bb02c9df81f55091c4,/content/cv3d-project/data/cache/reconstruction/metrics/03001627/117bd6da01905949a81116f5456ee312/252b7f8ec555f4c60de85de3.json,12.522258999979385
03001627/117c0e0aafc0c3f81015cdff13e6d9f3,farthest,1,[0],1.5823266098583637,1.7387541322278746,1.8951816545973856,0.0,0.0,0.0,1.9997093975959603,0.0,0.0,0.0,0.0,0.0,0.0,camera_rotation_center_and_target_diameter_scale_single_view,6.452011427111626,0.0,10000,10000,True,True,True,/content/cv3d-project/data/cache/reconstruction/predictions/03001627/117c0e0aafc0c3f81015cdff13e6d9f3/4edebab325e525348586d657.npz,4d720974f9ceddad63d216c0f1949ef33175b72e2e53ee93ffef713e23ca4c15,/content/cv3d-project/data/cache/reconstruction/metrics/03001627/117c0e0aafc0c3f81015cdff13e6d9f3/434855dc77a91d90b716181a.json,4.219002000354521
03001627/117c0e0aafc0c3f81015cdff13e6d9f3,farthest,2,"[0, 46]",0.7303683433040525,0.7767002225337435,0.8230321017634344,0.0,0.0,0.0,1.9997093975959603,0.0,0.0,0.0,0.0,0.0,0.0,camera_pose_sim3,3.077901549560573,0.28173824164037614,10000,10000,True,False,True,/content/cv3d-project/data/cache/reconstruction/predictions/03001627/117c0e0aafc0c3f81015cdff13e6d9f3/f0243de67b8593e5dafbba70.npz,c4663d371c2b1bbd6e845104b6063c0e460823d8f65a746b73bcdb9d58aa5e4f,/content/cv3d-project/data/cache/reconstruction/metrics/03001627/117c0e0aafc0c3f81015cdff13e6d9f3/3fa5f652cba7f43a9947699b.json,12.130435000017314
03001627/117c0e0aafc0c3f81015cdff13e6d9f3,farthest,3,"[0, 46, 18]",0.3007593855909922,0.5121163971166921,0.723473408642392,0.0,0.0,0.0,1.9997093975959603,0.0,0.0,0.0,0.0,0.0,0.0,camera_pose_sim3,1.6448002451015649,1.0857977259109093,10000,10000,True,False,True,/content/cv3d-project/data/cache/reconstruction/predictions/03001627/117c0e0aafc0c3f81015cdff13e6d9f3/96770037c4c9cf28cee20fd0.npz,8dfc6b4a81fe5e7efc0476d65e019bef51d245f053f993a8cf639eafecf342a4,/content/cv3d-project/data/cache/reconstruction/metrics/03001627/117c0e0aafc0c3f81015cdff13e6d9f3/a5f12fc300b3724d5a235bf3.json,12.353455999800644
03001627/117c0e0aafc0c3f81015cdff13e6d9f3,farthest,5,"[0, 46, 18, 28, 16]",0.7018387262290815,0.7901671367682315,0.8784955473073816,0.0,0.0,0.0,1.9997093975959603,0.0,0.0,0.0,0.0,0.0,0.0,camera_pose_sim3,1.449633851797357,1.2551373190708985,10000,10000,True,False,True,/content/cv3d-project/data/cache/reconstruction/predictions/03001627/117c0e0aafc0c3f81015cdff13e6d9f3/538ddd5ee03b85986e5f010c.npz,7e8dde40390d232e4db9787624c515e27537358450b45cfde5f4ca917e971a1b,/content/cv3d-project/data/cache/reconstruction/metrics/03001627/117c0e0aafc0c3f81015cdff13e6d9f3/b522033abf725d1de54fc1eb.json,12.872007999703783
03001627/117c0e0aafc0c3f81015cdff13e6d9f3,farthest,10,"[0, 46, 18, 28, 16, 30, 2, 44, 13, 33]",0.0866782173391639,0.1829421016302386,0.27920598592131335,0.2708612835898774,0.02732444444444444,0.06933563322741716,1.9997093975959603,0.5909,0.0636,0.1772,0.1757,0.0174,0.0431,camera_pose_sim3,2.061128185383467,0.8623922239483409,10000,10000,True,False,True,/content/cv3d-project/data/cache/reconstruction/predictions/03001627/117c0e0aafc0c3f81015cdff13e6d9f3/3b930881acf34e4525e8cba4.npz,b2b074f706935a3ae041667501bcad940eefd64e45441305e03c16011ae9972e,/content/cv3d-project/data/cache/reconstruction/metrics/03001627/117c0e0aafc0c3f81015cdff13e6d9f3/5c1c8d0cd3e2918e2b1d82ed.json,12.936511000134487
03001627/1190af00b6c86c99c3bd24f986301745,farthest,1,[0],3.688793462130298,3.9062357920384434,4.123678121946589,0.0,0.0,0.0,1.9917726864461494,0.0,0.0,0.0,0.0,0.0,0.0,camera_rotation_center_and_target_diameter_scale_single_view,10.920007681642137,0.0,10000,10000,True,True,True,/content/cv3d-project/data/cache/reconstruction/predictions/03001627/1190af00b6c86c99c3bd24f986301745/13fab7c05fe3f2f228725604.npz,dacdeac75fcd121d4fb6e9f2f392ad4150a9478481d9f018d63bd43fe78dc3e9,/content/cv3d-project/data/cache/reconstruction/metrics/03001627/1190af00b6c86c99c3bd24f986301745/40f9cb9ac7e6c30ea17d2ba6.json,3.900347000126203
03001627/1190af00b6c86c99c3bd24f986301745,farthest,2,"[0, 46]",0.023003365834729894,0.12951461013724486,0.2360258544397598,0.4507218045112782,0.014207188160676534,0.0440615282612299,1.9917726864461494,0.9991,0.1344,0.5804,0.291,0.0075,0.0229,camera_pose_sim3,2.403293217428473,0.021395613656761066,10000,10000,True,False,True,/content/cv3d-project/data/cache/reconstruction/predictions/03001627/1190af00b6c86c99c3bd24f986301745/d612718b7d43603935115057.npz,d7751e586de54b543702de73e075c5fa493b6b5e94c9957f6315c4bd47088c29,/content/cv3d-project/data/cache/reconstruction/metrics/03001627/1190af00b6c86c99c3bd24f986301745/88fdff851074868d60abc8f8.json,12.167513000349572
03001627/1190af00b6c86c99c3bd24f986301745,farthest,3,"[0, 46, 18]",0.43662611009172536,0.521301522482041,0.6059769348723567,0.0,0.0,0.0,1.9917726864461494,0.0,0.0,0.0,0.0,0.0,0.0,camera_pose_sim3,1.8071945352869434,0.895022009062323,10000,10000,True,False,True,/content/cv3d-project/data/cache/reconstruction/predictions/03001627/1190af00b6c86c99c3bd24f986301745/30fcd133d7507698c159cb9f.npz,634badf8f2821795b29475555f19f3450ea4ee3192974304469dc2e71481d527,/content/cv3d-project/data/cache/reconstruction/metrics/03001627/1190af00b6c86c99c3bd24f986301745/548e17cf291f7c641b5ed2ef.json,11.75822999994125
03001627/1190af00b6c86c99c3bd24f986301745,farthest,5,"[0, 46, 18, 28, 16]",0.02254828615126599,0.1595200167637703,0.29649174737627465,0.24561403508771928,0.010737463126843658,0.027039630066902794,1.9917726864461494,1.0,0.13,0.4943,0.14,0.0056,0.0139,camera_pose_sim3,0.4943385943556684,1.302488856057442,10000,10000,True,False,True,/content/cv3d-project/data/cache/reconstruction/predictions/03001627/1190af00b6c86c99c3bd24f986301745/ab09ea7520d58beccaa5c1e7.npz,0d58cfa30c97f35ad7eef304838c7ef41ada7d63dfdd1773bdd9a0db5f10a14b,/content/cv3d-project/data/cache/reconstruction/metrics/03001627/1190af00b6c86c99c3bd24f986301745/b94d2123eec75131246c9a7d.json,11.883464999755233
03001627/1190af00b6c86c99c3bd24f986301745,farthest,10,"[0, 46, 18, 28, 16, 30, 2, 44, 13, 33]",0.08229441088773291,0.12006337995577457,0.1578323490238162,0.5017850449008624,0.014850000000000002,0.04603040173724213,1.9917726864461494,0.7469,0.0165,0.0451,0.3778,0.0135,0.047,camera_pose_sim3,2.4717347908321825,0.4482245045354881,10000,10000,True,False,True,/content/cv3d-project/data/cache/reconstruction/predictions/03001627/1190af00b6c86c99c3bd24f986301745/cd6f2416a4c7a15737315924.npz,cc7437e7d0c78339ffb93e2e2112c61ae331e7c245ef969c2b0b42dfcad303cd,/content/cv3d-project/data/cache/reconstruction/metrics/03001627/1190af00b6c86c99c3bd24f986301745/0fed94b7f0ff85ad2487adeb.json,12.204744999962713
03001627/1196ffab55e431e11b17743c18fb63dc,farthest,1,[0],2.3047956184506337,2.4238159401077244,2.5428362617648146,0.0,0.0,0.0,1.9917212318518176,0.0,0.0,0.0,0.0,0.0,0.0,camera_rotation_center_and_target_diameter_scale_single_view,7.851880633084224,0.0,10000,10000,True,True,True,/content/cv3d-project/data/cache/reconstruction/predictions/03001627/1196ffab55e431e11b17743c18fb63dc/78e2af8d7a51c540bfefdf26.npz,d7b8492569d1b3e458431cf75b553a42edc1989a2c374c79a36029e0ff11e138,/content/cv3d-project/data/cache/reconstruction/metrics/03001627/1196ffab55e431e11b17743c18fb63dc/57a006befe531462e386cfec.json,3.8412049998441944
03001627/1196ffab55e431e11b17743c18fb63dc,farthest,2,"[0, 46]",0.29267489870847524,0.40167962502111887,0.5106843513337624,0.0,0.0,0.0,1.9917212318518176,0.0,0.0,0.0,0.0,0.0,0.0,camera_pose_sim3,2.8899897509645096,0.21349977134981357,10000,10000,True,False,True,/content/cv3d-project/data/cache/reconstruction/predictions/03001627/1196ffab55e431e11b17743c18fb63dc/5a81c080f8f22c61719f84b2.npz,8d52ece7a519b82920017bab183cfc5c15a2afa826530728e0d4940c31cd4458,/content/cv3d-project/data/cache/reconstruction/metrics/03001627/1196ffab55e431e11b17743c18fb63dc/2296fe6a7d9d824333a15161.json,11.777307000102155
03001627/1196ffab55e431e11b17743c18fb63dc,farthest,3,"[0, 46, 18]",0.23642298265875972,0.34659807770218753,0.4567731727456153,0.0,0.0,0.0,1.9917212318518176,0.0,0.0,0.0,0.0,0.0,0.0,camera_pose_sim3,2.1815184824148677,0.9184590980151582,10000,10000,True,False,True,/content/cv3d-project/data/cache/reconstruction/predictions/03001627/1196ffab55e431e11b17743c18fb63dc/71a262dea9755480889ddba7.npz,3dd0eafa0acf2086c689b96bf8d3fbeaf8ff6a01c89655d4123f4598c34a42b5,/content/cv3d-project/data/cache/reconstruction/metrics/03001627/1196ffab55e431e11b17743c18fb63dc/e3183ff6f841a124d7fd4b75.json,11.953317999996216
03001627/1196ffab55e431e11b17743c18fb63dc,farthest,5,"[0, 46, 18, 28, 16]",0.3969281676829843,0.5466058745628128,0.6962835814426415,0.0,0.0,0.0,1.9917212318518176,0.0,0.0,0.0,0.0,0.0,0.0,camera_pose_sim3,1.2268392435990847,1.2012657843655095,10000,10000,True,False,True,/content/cv3d-project/data/cache/reconstruction/predictions/03001627/1196ffab55e431e11b17743c18fb63dc/994447fe067918733bb4f5ce.npz,4dc8dedf26446bffe4794149670bad0816a83c54a7cb4a260fc016b5760b406e,/content/cv3d-project/data/cache/reconstruction/metrics/03001627/1196ffab55e431e11b17743c18fb63dc/97ccb6d3cf8e9ebfc20fc1ee.json,11.68341699985831
03001627/1196ffab55e431e11b17743c18fb63dc,farthest,10,"[0, 46, 18, 28, 16, 30, 2, 44, 13, 33]",0.04488953703481732,0.11201594528664165,0.17914235353846597,0.3775450157021085,0.04824736147757256,0.09934033477321814,1.9917212318518176,0.8737,0.1215,0.3113,0.2408,0.0301,0.0591,camera_pose_sim3,2.357627127620296,0.7013676395843359,10000,10000,True,False,True,/content/cv3d-project/data/cache/reconstruction/predictions/03001627/1196ffab55e431e11b17743c18fb63dc/bcf953a34d516f5fa6c3a0e2.npz,d9173497739234601c85b4024c6c58bc30dc954d72f9b891d1207b60364f08a3,/content/cv3d-project/data/cache/reconstruction/metrics/03001627/1196ffab55e431e11b17743c18fb63dc/1dcb4eb9bb4a65810c3a2b1f.json,12.250862000200868
03001627/11a06e6f68b1d99c8687ff9b0b4e4ac,farthest,1,[0],1.5250398070316216,1.6710009805126869,1.816962153993752,0.0,0.0,0.0,1.975539967010292,0.0,0.0,0.0,0.0,0.0,0.0,camera_rotation_center_and_target_diameter_scale_single_view,6.190288681400957,0.0,10000,10000,True,True,True,/content/cv3d-project/data/cache/reconstruction/predictions/03001627/11a06e6f68b1d99c8687ff9b0b4e4ac/ca9bd65d54e33b2c8dab366c.npz,7c877d36936ab4781dec26bf483d65825bc660716b0938aebce3002cdbc5bf76,/content/cv3d-project/data/cache/reconstruction/metrics/03001627/11a06e6f68b1d99c8687ff9b0b4e4ac/a64bb09419ff0d2b6419d4e9.json,3.7768780002807034
03001627/11a06e6f68b1d99c8687ff9b0b4e4ac,farthest,2,"[0, 46]",0.11912223220307291,0.18151751369936633,0.24391279519565975,0.11301704202461109,0.0,0.0,1.975539967010292,0.3638,0.0,0.0,0.0669,0.0,0.0,camera_pose_sim3,2.7809094510647987,0.09733338900857694,10000,10000,True,False,True,/content/cv3d-project/data/cache/reconstruction/predictions/03001627/11a06e6f68b1d99c8687ff9b0b4e4ac/7361a5ca29ed519439860269.npz,fd4b3412a7b1f41fc54d8059f7f672ef9cf663d58b063b07dd0a755606e98e31,/content/cv3d-project/data/cache/reconstruction/metrics/03001627/11a06e6f68b1d99c8687ff9b0b4e4ac/2c42e1fa464402865070acd4.json,11.76129299983586
03001627/11a06e6f68b1d99c8687ff9b0b4e4ac,farthest,3,"[0, 46, 18]",0.15140131859174488,0.3329371236527129,0.5144729287136809,0.0,0.0,0.0,1.975539967010292,0.0,0.0,0.0,0.0,0.0,0.0,camera_pose_sim3,1.1837750334125359,0.990053287822568,10000,10000,True,False,True,/content/cv3d-project/data/cache/reconstruction/predictions/03001627/11a06e6f68b1d99c8687ff9b0b4e4ac/657d019d6b483f871774b686.npz,7838718808313eb24c7558c4b6001c5e637e89dd4d09fe1d0d96a26f5c0a420f,/content/cv3d-project/data/cache/reconstruction/metrics/03001627/11a06e6f68b1d99c8687ff9b0b4e4ac/73cfe46531a5efbe549cce36.json,11.868426999626536
03001627/11a06e6f68b1d99c8687ff9b0b4e4ac,farthest,5,"[0, 46, 18, 28, 16]",0.04641004950840955,0.18265273217158567,0.3188954148347618,0.07266069191481159,0.0,0.0,1.975539967010292,1.0,0.0,0.0,0.0377,0.0,0.0,camera_pose_sim3,0.19903277068945682,1.3487938299868147,10000,10000,True,False,True,/content/cv3d-project/data/cache/reconstruction/predictions/03001627/11a06e6f68b1d99c8687ff9b0b4e4ac/913908e376f1f9dda3552dcb.npz,d16565330553164cfe9f52eb0a457da1f278de6ac466c5dcabf867cd5b076e74,/content/cv3d-project/data/cache/reconstruction/metrics/03001627/11a06e6f68b1d99c8687ff9b0b4e4ac/a6ac243ec9cf40699d732deb.json,11.653081000076781
03001627/11a06e6f68b1d99c8687ff9b0b4e4ac,farthest,10,"[0, 46, 18, 28, 16, 30, 2, 44, 13, 33]",0.038805832663858356,0.060569032354130505,0.08233223204440265,0.7658082828532575,0.07927606699081578,0.17039884420900553,1.975539967010292,0.9956,0.1276,0.2956,0.6222,0.0575,0.1197,camera_pose_sim3,2.494287802952508,0.2514808927725779,10000,10000,True,False,True,/content/cv3d-project/data/cache/reconstruction/predictions/03001627/11a06e6f68b1d99c8687ff9b0b4e4ac/5ab1707ef0fcfb68babc59c8.npz,9205b17c10ab08bbec18b7963a32095b16e5e2ac458d2a104b7369f5c38d0fae,/content/cv3d-project/data/cache/reconstruction/metrics/03001627/11a06e6f68b1d99c8687ff9b0b4e4ac/0213566dc330cd890df5a543.json,12.162177000391239
03001627/11b7c86fc42306ec7e7e25239e7b8f85,farthest,1,[0],1.9386403870764128,2.0928511967918397,2.2470620065072664,0.0,0.0,0.0,1.9999976313409265,0.0,0.0,0.0,0.0,0.0,0.0,camera_rotation_center_and_target_diameter_scale_single_view,7.222623829957177,0.0,10000,10000,True,True,True,/content/cv3d-project/data/cache/reconstruction/predictions/03001627/11b7c86fc42306ec7e7e25239e7b8f85/6195660f7ff3e58be2d5349d.npz,d1baa512b193f70d69458a73002a627cec088445e3cdc61676caf72ebc79abc2,/content/cv3d-project/data/cache/reconstruction/metrics/03001627/11b7c86fc42306ec7e7e25239e7b8f85/3de0f6a867e49462e4cf041f.json,3.7535829997068504
03001627/11b7c86fc42306ec7e7e25239e7b8f85,farthest,2,"[0, 46]",1.2222335508750735,1.3846738048270781,1.5471140587790826,0.0,0.0,0.0,1.9999976313409265,0.0,0.0,0.0,0.0,0.0,0.0,camera_pose_sim3,2.8049582735360463,1.3451373490345202,10000,10000,True,False,True,/content/cv3d-project/data/cache/reconstruction/predictions/03001627/11b7c86fc42306ec7e7e25239e7b8f85/0df4cf4866895d9276a848f7.npz,2e032e62d71955ad8adee013a09553032c6d56d166c7fb727e2152c51da9d266,/content/cv3d-project/data/cache/reconstruction/metrics/03001627/11b7c86fc42306ec7e7e25239e7b8f85/ce848c0d0d9d991abf57b4f9.json,11.498034999931406
03001627/11b7c86fc42306ec7e7e25239e7b8f85,farthest,3,"[0, 46, 18]",0.25941241708162494,0.46425159123922555,0.6690907653968261,0.0,0.0,0.0,1.9999976313409265,0.0,0.0,0.0,0.0,0.0,0.0,camera_pose_sim3,1.2591868033344242,1.2005777600264587,10000,10000,True,False,True,/content/cv3d-project/data/cache/reconstruction/predictions/03001627/11b7c86fc42306ec7e7e25239e7b8f85/0f846662c32561b9a0b8fb00.npz,6fbf51425ae7bd4857889f5feb15e09c72083ce37853a806b357d7901cc58988,/content/cv3d-project/data/cache/reconstruction/metrics/03001627/11b7c86fc42306ec7e7e25239e7b8f85/d027907861b405d5eb548b40.json,11.51337000010244
03001627/11b7c86fc42306ec7e7e25239e7b8f85,farthest,5,"[0, 46, 18, 28, 16]",0.2324993532719967,0.3274968196320972,0.42249428599219774,0.0,0.0,0.0,1.9999976313409265,0.0,0.0,0.0,0.0,0.0,0.0,camera_pose_sim3,2.0072106043209694,1.0352911442554775,10000,10000,True,False,True,/content/cv3d-project/data/cache/reconstruction/predictions/03001627/11b7c86fc42306ec7e7e25239e7b8f85/62e9235e87278035e0dde9de.npz,346530fb238c80fd2100bee59941b0a0e933c0bc5a14f1de4a70a669dfbc6bbd,/content/cv3d-project/data/cache/reconstruction/metrics/03001627/11b7c86fc42306ec7e7e25239e7b8f85/22d6778208ca4ba35ba61a3c.json,12.635077000140882
03001627/11b7c86fc42306ec7e7e25239e7b8f85,farthest,10,"[0, 46, 18, 28, 16, 30, 2, 44, 13, 33]",0.14234471788134023,0.2074188885904533,0.27249305929956635,0.156505703599813,0.01072248062015504,0.027431059506531207,1.9999976313409265,0.3247,0.0182,0.05,0.1031,0.0076,0.0189,camera_pose_sim3,2.2322578874631556,0.778380010641067,10000,10000,True,False,True,/content/cv3d-project/data/cache/reconstruction/predictions/03001627/11b7c86fc42306ec7e7e25239e7b8f85/ba6d7bd45ecb1634c834b5b5.npz,b3fb79163d57361b43cbba8f565bc536f590c9076e1fadbb8830c5929fbdb475,/content/cv3d-project/data/cache/reconstruction/metrics/03001627/11b7c86fc42306ec7e7e25239e7b8f85/8d80647ec9703dcb07af299a.json,12.289522000173747
03001627/11c7675a3dbc0d32f7287e3d21227e43,farthest,1,[0],0.8239434459381846,0.9060940011477805,0.9882445563573765,0.0,0.0,0.0,1.9999476015643616,0.0,0.0,0.0,0.0,0.0,0.0,camera_rotation_center_and_target_diameter_scale_single_view,4.647111922848353,0.0,10000,10000,True,True,True,/content/cv3d-project/data/cache/reconstruction/predictions/03001627/11c7675a3dbc0d32f7287e3d21227e43/8e06398c3a77df0db2612265.npz,626ff5b072792f1f3bc292aac6be68a02d8b1e1735794c684cc0584a7afd9d9d,/content/cv3d-project/data/cache/reconstruction/metrics/03001627/11c7675a3dbc0d32f7287e3d21227e43/0ab43120adbef2f101038bf3.json,3.813970999999583
03001627/11c7675a3dbc0d32f7287e3d21227e43,farthest,2,"[0, 46]",0.03783265154597642,0.06269003222284766,0.08754741289971892,0.7029825544307308,0.0779458684128469,0.18030175649301905,1.9999476015643616,0.8354,0.2753,0.5586,0.6068,0.0454,0.1075,camera_pose_sim3,2.6863140395114504,0.035834817322937015,10000,10000,True,False,True,/content/cv3d-project/data/cache/reconstruction/predictions/03001627/11c7675a3dbc0d32f7287e3d21227e43/ffa920775e403ad80d5b7103.npz,7f007d048631fc394d6c55388ccd8eaad743b85d97ad20f219fceec2260ec980,/content/cv3d-project/data/cache/reconstruction/metrics/03001627/11c7675a3dbc0d32f7287e3d21227e43/e4e18e7b406b3d442f67e0c8.json,11.713024999608024
03001627/11c7675a3dbc0d32f7287e3d21227e43,farthest,3,"[0, 46, 18]",0.16389800854678335,0.29502900272484894,0.4261599969029145,0.030900494437577253,0.0,0.0,1.9999476015643616,0.1445,0.0,0.0,0.0173,0.0,0.0,camera_pose_sim3,1.5004616419466292,0.9225846040213613,10000,10000,True,False,True,/content/cv3d-project/data/cache/reconstruction/predictions/03001627/11c7675a3dbc0d32f7287e3d21227e43/866f7cc01f3dfcab4444c2e3.npz,8497ff619266df295adfc366a7fe5e992f091392cb9aed6c8b6ac75be52ef09a,/content/cv3d-project/data/cache/reconstruction/metrics/03001627/11c7675a3dbc0d32f7287e3d21227e43/f05ec7d279691b9089e41139.json,11.365368000042508
03001627/11c7675a3dbc0d32f7287e3d21227e43,farthest,5,"[0, 46, 18, 28, 16]",0.10910067440238554,0.24023505495805286,0.3713694355137202,0.0045696,0.0,0.0,1.9999476015643616,0.0476,0.0,0.0,0.0024,0.0,0.0,camera_pose_sim3,0.2263088294447421,1.3285063412596352,10000,10000,True,False,True,/content/cv3d-project/data/cache/reconstruction/predictions/03001627/11c7675a3dbc0d32f7287e3d21227e43/905563aeb6b85b337973433c.npz,6e368c3eafb29b9449139eaa925af65337b7202fd51dd09b4dff5afdc1cb8aef,/content/cv3d-project/data/cache/reconstruction/metrics/03001627/11c7675a3dbc0d32f7287e3d21227e43/8d66bf909f4a82bcab18d596.json,12.05347300037829
03001627/11c7675a3dbc0d32f7287e3d21227e43,farthest,10,"[0, 46, 18, 28, 16, 30, 2, 44, 13, 33]",0.03542000838294217,0.04257405331268461,0.04972809824242705,0.9430746855512103,0.055923171806167404,0.16827514688601644,1.9999476015643616,0.9996,0.0636,0.1883,0.8926,0.0499,0.1521,camera_pose_sim3,2.563365792257613,0.11881436636164337,10000,10000,True,False,True,/content/cv3d-project/data/cache/reconstruction/predictions/03001627/11c7675a3dbc0d32f7287e3d21227e43/565bda7209b3e7337fe22561.npz,8b2e2bbe70e2f980fc6595fc4d5ffbe4034fc79fdcf5eba2e7ca6c0748c669b4,/content/cv3d-project/data/cache/reconstruction/metrics/03001627/11c7675a3dbc0d32f7287e3d21227e43/b11dd370edf93b42912adcf6.json,12.435933999768167
03001627/11c8f43ef796e23941e621b1a4bf507f,farthest,1,[0],1.2668928870178435,1.3834268995215515,1.4999609120252597,0.0,0.0,0.0,1.9895706468960497,0.0,0.0,0.0,0.0,0.0,0.0,camera_rotation_center_and_target_diameter_scale_single_view,5.89183435497172,0.0,10000,10000,True,True,True,/content/cv3d-project/data/cache/reconstruction/predictions/03001627/11c8f43ef796e23941e621b1a4bf507f/2bf3ee585e6ee12a68c5c3ce.npz,a8578f25414feb571974c78d589f3cd924b0398e01f22d9124a3a0665f561c47,/content/cv3d-project/data/cache/reconstruction/metrics/03001627/11c8f43ef796e23941e621b1a4bf507f/af27a96b3a80dcce34b9817a.json,3.776548000132607
03001627/11c8f43ef796e23941e621b1a4bf507f,farthest,2,"[0, 46]",0.04266914517966087,0.08359433408738454,0.1245195229951082,0.5104512706832396,0.03385577573707105,0.0798346765860715,1.9895706468960497,0.9081,0.1883,0.44,0.355,0.0186,0.0439,camera_pose_sim3,2.6107385501101916,0.022967679338521226,10000,10000,True,False,True,/content/cv3d-project/data/cache/reconstruction/predictions/03001627/11c8f43ef796e23941e621b1a4bf507f/bc76c362fe131d7c6fd04c28.npz,857e69014d3d0af89835cd757224b5bcff8ff6eb0a4ff8b0a107f6feb1785b79,/content/cv3d-project/data/cache/reconstruction/metrics/03001627/11c8f43ef796e23941e621b1a4bf507f/5bd073d8d253074e16f50fd0.json,11.699221000071702
03001627/11c8f43ef796e23941e621b1a4bf507f,farthest,3,"[0, 46, 18]",0.10126707728116836,0.25420073878321936,0.4071344002852703,0.12913762886597938,0.0021432432432432432,0.00636734693877551,1.9895706468960497,0.5476,0.0061,0.0156,0.0732,0.0013,0.004,camera_pose_sim3,1.6200285632420124,0.8454804055305171,10000,10000,True,False,True,/content/cv3d-project/data/cache/reconstruction/predictions/03001627/11c8f43ef796e23941e621b1a4bf507f/1ad7b8638952981734f163f3.npz,aae3e260c64bf67d958f6bfad0fe462a40d508d115524d8a344ade634b809f77,/content/cv3d-project/data/cache/reconstruction/metrics/03001627/11c8f43ef796e23941e621b1a4bf507f/2c2880594ed5817f29f68a16.json,12.103620999823761
03001627/11c8f43ef796e23941e621b1a4bf507f,farthest,5,"[0, 46, 18, 28, 16]",0.3195308468584651,0.3890520956744514,0.45857334449043774,0.0,0.0,0.0,1.9895706468960497,0.0,0.0,0.0,0.0,0.0,0.0,camera_pose_sim3,2.188038895693537,0.7087013972738953,10000,10000,True,False,True,/content/cv3d-project/data/cache/reconstruction/predictions/03001627/11c8f43ef796e23941e621b1a4bf507f/c99f71b2106a66a1472e5f6a.npz,70b742125ba53372d4f58954b98a892e340a7c68564c857d2fc5900d3ea7392a,/content/cv3d-project/data/cache/reconstruction/metrics/03001627/11c8f43ef796e23941e621b1a4bf507f/550ba3ac2763beaaba2e52f3.json,11.813334000180475
03001627/11c8f43ef796e23941e621b1a4bf507f,farthest,10,"[0, 46, 18, 28, 16, 30, 2, 44, 13, 33]",0.06622713436471694,0.1160162726476067,0.16580541093049644,0.4317289430738216,0.053528687415426254,0.10561371237458193,1.9895706468960497,0.7363,0.1127,0.2305,0.3054,0.0351,0.0685,camera_pose_sim3,2.3828684986808852,0.5800110767471663,10000,10000,True,False,True,/content/cv3d-project/data/cache/reconstruction/predictions/03001627/11c8f43ef796e23941e621b1a4bf507f/5fa3b545b1c1aed254d46a60.npz,5e76f840011f4bc21f03b23b179ebb40761f4d27a1e180db48a37f2118f6e587,/content/cv3d-project/data/cache/reconstruction/metrics/03001627/11c8f43ef796e23941e621b1a4bf507f/83950fb6f194612b7a4a36ef.json,12.271143999896594
03001627/11c9c57efad0b5ec297936c81e7f6629,farthest,1,[0],3.247777412840963,3.375701463198504,3.503625513556045,0.0,0.0,0.0,1.9985468105529862,0.0,0.0,0.0,0.0,0.0,0.0,camera_rotation_center_and_target_diameter_scale_single_view,9.766195356493691,0.0,10000,10000,True,True,True,/content/cv3d-project/data/cache/reconstruction/predictions/03001627/11c9c57efad0b5ec297936c81e7f6629/a7dfd7e5f4aa70486fc32873.npz,aaacd3b96c4ae06a8c74093d53434e8e6f69722d1fadf997ee595bd35b9a96e9,/content/cv3d-project/data/cache/reconstruction/metrics/03001627/11c9c57efad0b5ec297936c81e7f6629/1e39121757f62a94cbabef4d.json,3.776740999910544
03001627/11c9c57efad0b5ec297936c81e7f6629,farthest,2,"[0, 46]",0.011929437565307222,0.0573640656826913,0.10279869380007538,0.6818226089249225,0.09846898988276859,0.19369954751131221,1.9985468105529862,0.9998,0.5688,0.9306,0.5173,0.0539,0.1081,camera_pose_sim3,2.6597908357689026,0.034965052717036406,10000,10000,True,False,True,/content/cv3d-project/data/cache/reconstruction/predictions/03001627/11c9c57efad0b5ec297936c81e7f6629/ef4dc0515666c2a4e6c5e9f4.npz,4b283859392ed240deff53342078248212ae39c3748dc1adfe38de9c77e0c994,/content/cv3d-project/data/cache/reconstruction/metrics/03001627/11c9c57efad0b5ec297936c81e7f6629/e63091bd4fbbd772e6532f33.json,11.423494999689865
03001627/11c9c57efad0b5ec297936c81e7f6629,farthest,3,"[0, 46, 18]",0.24453671040310085,0.364780598092401,0.48502448578170115,0.016763714902807775,0.0,0.0,1.9985468105529862,0.1764,0.0,0.0,0.0088,0.0,0.0,camera_pose_sim3,2.0953549972074614,0.8247541505642835,10000,10000,True,False,True,/content/cv3d-project/data/cache/reconstruction/predictions/03001627/11c9c57efad0b5ec297936c81e7f6629/e52a56d1cee5e981e8b1a5d5.npz,c8bc1b8aabcdac763aacded0d929fe58cea85f8ddfd6bff875a286da4dc9e199,/content/cv3d-project/data/cache/reconstruction/metrics/03001627/11c9c57efad0b5ec297936c81e7f6629/eff88112ee6de17ba340079b.json,11.174700000083249
03001627/11c9c57efad0b5ec297936c81e7f6629,farthest,5,"[0, 46, 18, 28, 16]",0.009385474318429201,0.17859118748956176,0.34779690066069435,0.15719155993734452,0.021628549501151187,0.0382195197044335,1.9985468105529862,1.0,0.6405,0.9549,0.0853,0.011,0.0195,camera_pose_sim3,0.7005999176582457,1.2529156754552189,10000,10000,True,False,True,/content/cv3d-project/data/cache/reconstruction/predictions/03001627/11c9c57efad0b5ec297936c81e7f6629/d1a529c9ef6b866f3a45bdfd.npz,70af00fb1ee054c19de3b181149bf767dcde7ff916bfcf74239a646aa468c20e,/content/cv3d-project/data/cache/reconstruction/metrics/03001627/11c9c57efad0b5ec297936c81e7f6629/cef5dd7a5df343a3abc6da7f.json,11.391180999908102
03001627/11c9c57efad0b5ec297936c81e7f6629,farthest,10,"[0, 46, 18, 28, 16, 30, 2, 44, 13, 33]",0.017292679584380397,0.03769740422979287,0.05810212887520535,0.8972177691882937,0.2514066817301485,0.3881997722803023,1.9985468105529862,0.9921,0.4443,0.6971,0.8189,0.1753,0.269,camera_pose_sim3,2.5546846508007444,0.143773119495768,10000,10000,True,False,True,/content/cv3d-project/data/cache/reconstruction/predictions/03001627/11c9c57efad0b5ec297936c81e7f6629/9d615f066f42a6377eb106fc.npz,d9525082e645557c36734225d52366c2427dbccb0e521344918b63283e727fe8,/content/cv3d-project/data/cache/reconstruction/metrics/03001627/11c9c57efad0b5ec297936c81e7f6629/2a5d6726ceb10615a20fd8cf.json,11.674399000185076
03001627/11d3fc4092e616a7a6fee8e2140acec9,farthest,1,[0],1.5855010142788006,1.700064599102015,1.8146281839252292,0.0,0.0,0.0,1.9923821151268886,0.0,0.0,0.0,0.0,0.0,0.0,camera_rotation_center_and_target_diameter_scale_single_view,6.36288094525361,0.0,10000,10000,True,True,True,/content/cv3d-project/data/cache/reconstruction/predictions/03001627/11d3fc4092e616a7a6fee8e2140acec9/5c0976ae75d0c0653a395101.npz,b17719b61fcccfe6e7cd038a3b95d190077b6f5452047145b584c110ac2cce55,/content/cv3d-project/data/cache/reconstruction/metrics/03001627/11d3fc4092e616a7a6fee8e2140acec9/cf1ad872218639fa242655fd.json,3.757645999939996
03001627/11d3fc4092e616a7a6fee8e2140acec9,farthest,2,"[0, 46]",0.03748506605888923,0.06465500909927827,0.09182495213966729,0.7595939154929577,0.0032142857142857142,0.02648822800495663,1.9923821151268886,0.9756,0.0045,0.064,0.6219,0.0025,0.0167,camera_pose_sim3,2.6236680684888447,0.01932059720063186,10000,10000,True,False,True,/content/cv3d-project/data/cache/reconstruction/predictions/03001627/11d3fc4092e616a7a6fee8e2140acec9/80c77456532dbbbbb0929ecc.npz,300f529416ea1b31b9d07b74e2a9439c8379734efcf428561342c85ec93c2703,/content/cv3d-project/data/cache/reconstruction/metrics/03001627/11d3fc4092e616a7a6fee8e2140acec9/3a85258abc34c66fc36c75aa.json,11.360827999851608
03001627/11d3fc4092e616a7a6fee8e2140acec9,farthest,3,"[0, 46, 18]",0.17255403387990947,0.3259897751386591,0.4794255163974088,0.009061706783369804,0.0,0.0,1.9923821151268886,0.0406,0.0,0.0,0.0051,0.0,0.0,camera_pose_sim3,1.8491873470637872,0.8593748637176907,10000,10000,True,False,True,/content/cv3d-project/data/cache/reconstruction/predictions/03001627/11d3fc4092e616a7a6fee8e2140acec9/ffadb901876d5e13fcb7eed8.npz,58af162a7e2ff552f6b16c2611b93ff731c7abb66a0cf3df134b782f0e8c7f2c,/content/cv3d-project/data/cache/reconstruction/metrics/03001627/11d3fc4092e616a7a6fee8e2140acec9/665f04688a8d194e9f4ccb26.json,11.129499999697146
03001627/11d3fc4092e616a7a6fee8e2140acec9,farthest,5,"[0, 46, 18, 28, 16]",0.16896289957781307,0.1993768210239052,0.22979074246999734,0.08372536960378475,0.0,0.0,1.9923821151268886,0.0762,0.0,0.0,0.0929,0.0,0.0,camera_pose_sim3,2.1971653216485287,0.6757312255311418,10000,10000,True,False,True,/content/cv3d-project/data/cache/reconstruction/predictions/03001627/11d3fc4092e616a7a6fee8e2140acec9/643ba969e62df30794f67d52.npz,93a7afb738bf9a11d8e77cb7943fa6d976cf96c5f52c8453a6185b800cf711fb,/content/cv3d-project/data/cache/reconstruction/metrics/03001627/11d3fc4092e616a7a6fee8e2140acec9/3b32277877a796a9350986f7.json,11.17184399981852
03001627/11d3fc4092e616a7a6fee8e2140acec9,farthest,10,"[0, 46, 18, 28, 16, 30, 2, 44, 13, 33]",0.04225045142230426,0.05230553098819774,0.06236061055409122,0.8680408237777398,0.20966159355416294,0.3172107358796638,1.9923821151268886,0.9623,0.2788,0.4251,0.7906,0.168,0.253,camera_pose_sim3,2.574039016642927,0.13175366195908472,10000,10000,True,False,True,/content/cv3d-project/data/cache/reconstruction/predictions/03001627/11d3fc4092e616a7a6fee8e2140acec9/c29bb4026eacaf250da0bd75.npz,43e57ca0f63dc06def645a407e23fc44cd07f0721a8d542d5871c2bd6b857857,/content/cv3d-project/data/cache/reconstruction/metrics/03001627/11d3fc4092e616a7a6fee8e2140acec9/b0b115219dc0f1133014bdb7.json,11.600287999954162
03001627/11d4f2a09184ec972b9f810ad7f5cbd2,farthest,1,[0],0.2906182328864872,0.40013506325338055,0.5096518936202739,0.0,0.0,0.0,1.9999986190167116,0.0,0.0,0.0,0.0,0.0,0.0,camera_rotation_center_and_target_diameter_scale_single_view,3.764217253049343,0.0,10000,10000,True,True,True,/content/cv3d-project/data/cache/reconstruction/predictions/03001627/11d4f2a09184ec972b9f810ad7f5cbd2/057f7acdc2b54fbb1b12cb86.npz,9a595dd3612c54e8ac2d146c266ee5e6b04122542db4433339d42b9c3d6afa56,/content/cv3d-project/data/cache/reconstruction/metrics/03001627/11d4f2a09184ec972b9f810ad7f5cbd2/efb311132184b99236a240f1.json,3.7394759997368965
03001627/11d4f2a09184ec972b9f810ad7f5cbd2,farthest,2,"[0, 46]",0.03158200105205527,0.08855115589936359,0.1455203107466719,0.5709304148783977,0.02987561168113654,0.0697647653835347,1.9999986190167116,0.9982,0.1094,0.3167,0.3998,0.0173,0.0392,camera_pose_sim3,2.7259463896777727,0.04157874812949974,10000,10000,True,False,True,/content/cv3d-project/data/cache/reconstruction/predictions/03001627/11d4f2a09184ec972b9f810ad7f5cbd2/f47f3e3d08aa56d85560aa07.npz,a9009311eb73470f52feb65d2252422fe7ab53b5e0689eca62f30cff1f624aa2,/content/cv3d-project/data/cache/reconstruction/metrics/03001627/11d4f2a09184ec972b9f810ad7f5cbd2/f5fa49458d3acbfaf169d218.json,11.060454000016762
03001627/11d4f2a09184ec972b9f810ad7f5cbd2,farthest,3,"[0, 46, 18]",0.20260707122726324,0.3003306301944514,0.39805418916163954,0.022908620689655174,0.0,0.0,1.9999986190167116,0.0258,0.0,0.0,0.0206,0.0,0.0,camera_pose_sim3,1.6636686555226738,0.9017192298403292,10000,10000,True,False,True,/content/cv3d-project/data/cache/reconstruction/predictions/03001627/11d4f2a09184ec972b9f810ad7f5cbd2/f3228b196f55d590d22bc6ca.npz,e0475283e643b35065c09a6cc3304fe73e77e69cf8cc2412606fe7b851e8c7b4,/content/cv3d-project/data/cache/reconstruction/metrics/03001627/11d4f2a09184ec972b9f810ad7f5cbd2/ca734cf303406c3b2d6b4a97.json,10.928739000064525
03001627/11d4f2a09184ec972b9f810ad7f5cbd2,farthest,5,"[0, 46, 18, 28, 16]",0.7327138476457411,0.9091720302300662,1.0856302128143913,0.0,0.0,0.0,1.9999986190167116,0.0,0.0,0.0,0.0,0.0,0.0,camera_pose_sim3,1.7061908728776312,1.1545219607850006,10000,10000,True,False,True,/content/cv3d-project/data/cache/reconstruction/predictions/03001627/11d4f2a09184ec972b9f810ad7f5cbd2/90a9d3d99d1eb99b46c18ffb.npz,a0cbdade21935dc1c1c7266df77d04e8a8237c9f85e74f7fad412ac783c76cb8,/content/cv3d-project/data/cache/reconstruction/metrics/03001627/11d4f2a09184ec972b9f810ad7f5cbd2/dfef70bfccf419f6372ba478.json,10.939381999833131
03001627/11d4f2a09184ec972b9f810ad7f5cbd2,farthest,10,"[0, 46, 18, 28, 16, 30, 2, 44, 13, 33]",0.054077345964938364,0.07670501514323677,0.09933268432153519,0.6573588696573649,0.06359351988217968,0.1495914815941588,1.9999986190167116,0.8966,0.085,0.2136,0.5189,0.0508,0.1151,camera_pose_sim3,2.4275169591256316,0.4579073373867562,10000,10000,True,False,True,/content/cv3d-project/data/cache/reconstruction/predictions/03001627/11d4f2a09184ec972b9f810ad7f5cbd2/7c4c193bc55a81060d7600e1.npz,7c6af7a750ba66c1f3e4d9bb84d61521ffa3b8c5525d7020bd3ee656ef11f083,/content/cv3d-project/data/cache/reconstruction/metrics/03001627/11d4f2a09184ec972b9f810ad7f5cbd2/b34784bf2f97c6a73746b7e9.json,11.58042499992007
03001627/11d8814ed60b54002449009b96f8a6ed,farthest,1,[0],1.9635207092140698,2.085195711079815,2.2068707129455603,0.0,0.0,0.0,1.9941649043972143,0.0,0.0,0.0,0.0,0.0,0.0,camera_rotation_center_and_target_diameter_scale_single_view,7.150912957721432,0.0,10000,10000,True,True,True,/content/cv3d-project/data/cache/reconstruction/predictions/03001627/11d8814ed60b54002449009b96f8a6ed/fa1502c3bba63350f621e51c.npz,ba0e4e1ed768dbe3a3e400a06a94bc09c256d2de15fa91c969931afe46509792,/content/cv3d-project/data/cache/reconstruction/metrics/03001627/11d8814ed60b54002449009b96f8a6ed/dfbeafaa96a0c491549869cf.json,3.7588129998766817
03001627/11d8814ed60b54002449009b96f8a6ed,farthest,2,"[0, 46]",0.0358787151083168,0.07138765567560534,0.10689659624289388,0.6775770167530107,0.03960211055276382,0.09188703541117939,1.9941649043972143,0.9639,0.1767,0.287,0.5224,0.0223,0.0547,camera_pose_sim3,2.8291908966610344,0.024950398586506013,10000,10000,True,False,True,/content/cv3d-project/data/cache/reconstruction/predictions/03001627/11d8814ed60b54002449009b96f8a6ed/89bea1c615c0a426d807881b.npz,d1eb5380532915c2cd0740f2018ce10a80eb73caf289d8cf15a3e10c0794acf0,/content/cv3d-project/data/cache/reconstruction/metrics/03001627/11d8814ed60b54002449009b96f8a6ed/e905d3c85808f2ab6d2c1d45.json,10.984513000039442
03001627/11d8814ed60b54002449009b96f8a6ed,farthest,3,"[0, 46, 18]",0.1837994561415611,0.29705404037794825,0.4103086246143354,0.005253112033195021,0.0,0.0,1.9941649043972143,0.0211,0.0,0.0,0.003,0.0,0.0,camera_pose_sim3,1.4160683068294369,0.847827707755817,10000,10000,True,False,True,/content/cv3d-project/data/cache/reconstruction/predictions/03001627/11d8814ed60b54002449009b96f8a6ed/e84a3884e654b938d74491b9.npz,817dcedfb3d90f5ca4ac624ba1cd8872d3701d9427948d0d2e1cd8a72a70c9f4,/content/cv3d-project/data/cache/reconstruction/metrics/03001627/11d8814ed60b54002449009b96f8a6ed/08203b10359d334830a763d3.json,10.920434000126988
03001627/11d8814ed60b54002449009b96f8a6ed,farthest,5,"[0, 46, 18, 28, 16]",0.2562065949959436,0.3609918922271288,0.4657771894583139,0.0,0.0,0.0,1.9941649043972143,0.0,0.0,0.0,0.0,0.0,0.0,camera_pose_sim3,1.1926837809621822,1.172891788392132,10000,10000,True,False,True,/content/cv3d-project/data/cache/reconstruction/predictions/03001627/11d8814ed60b54002449009b96f8a6ed/0429eca75749cc905da2f881.npz,93a1b5ae9c795f6e17a9a3f5ee0e8d0d6906941d5c22b42a5ecda73251f9f115,/content/cv3d-project/data/cache/reconstruction/metrics/03001627/11d8814ed60b54002449009b96f8a6ed/bc1cdc62be006fb885da971e.json,11.414735000016663
03001627/11d8814ed60b54002449009b96f8a6ed,farthest,10,"[0, 46, 18, 28, 16, 30, 2, 44, 13, 33]",0.051950335929915235,0.07693890293144752,0.1019274699329798,0.606309872659176,0.05020739404869251,0.15074219163578614,1.9941649043972143,0.8696,0.0725,0.2738,0.4654,0.0384,0.104,camera_pose_sim3,2.620473140953455,0.2913743882523176,10000,10000,True,False,True,/content/cv3d-project/data/cache/reconstruction/predictions/03001627/11d8814ed60b54002449009b96f8a6ed/6cfd0f55c67dfaa2b1d86bb2.npz,e514c26dc0e2d4142c4171678dba61f3ba2d3845f191ede451f9dc78268c5f1c,/content/cv3d-project/data/cache/reconstruction/metrics/03001627/11d8814ed60b54002449009b96f8a6ed/7363f10c6c064cfb7b2a4772.json,12.270666000404162
03001627/11d9817e65d7ead6b87028a4b477349f,farthest,1,[0],0.8129267687124114,0.9263962541106303,1.039865739508849,0.0,0.0,0.0,1.9976271854980054,0.0,0.0,0.0,0.0,0.0,0.0,camera_rotation_center_and_target_diameter_scale_single_view,4.948500264247369,0.0,10000,10000,True,True,True,/content/cv3d-project/data/cache/reconstruction/predictions/03001627/11d9817e65d7ead6b87028a4b477349f/a439750782ecea4252539424.npz,68b4e01df3dc930e02c383a71badfd4ccaaea3390a6459eea235f4bab99281c9,/content/cv3d-project/data/cache/reconstruction/metrics/03001627/11d9817e65d7ead6b87028a4b477349f/88a3fd2edf3c30e050089967.json,3.8415989997702127
03001627/11d9817e65d7ead6b87028a4b477349f,farthest,2,"[0, 46]",0.043677203520127654,0.07396075338150078,0.10424430324287391,0.6488339398895931,0.020904089979550105,0.06414262914741706,1.9976271854980054,0.9831,0.0859,0.1999,0.4842,0.0119,0.0382,camera_pose_sim3,2.6537706867452835,0.01607531928694667,10000,10000,True,False,True,/content/cv3d-project/data/cache/reconstruction/predictions/03001627/11d9817e65d7ead6b87028a4b477349f/51a2d8d7045f34a16c32881b.npz,bbc0ec45002ae8b88387fd352212fb86a3eb4aa12230a3f5111eb7cf5d3a83db,/content/cv3d-project/data/cache/reconstruction/metrics/03001627/11d9817e65d7ead6b87028a4b477349f/4c88c0e9bf74c95aa6efb2a4.json,11.861379000038141
03001627/11d9817e65d7ead6b87028a4b477349f,farthest,3,"[0, 46, 18]",0.20390345865295617,0.31069283753530696,0.4174822164176577,0.0408791604197901,0.0,0.0,1.9976271854980054,0.1082,0.0,0.0,0.0252,0.0,0.0,camera_pose_sim3,1.8219439251484104,0.8572039270594387,10000,10000,True,False,True,/content/cv3d-project/data/cache/reconstruction/predictions/03001627/11d9817e65d7ead6b87028a4b477349f/91c583af997af34c8688edb2.npz,c88f77432281b8e1ea803faeb8f0d5a5599b7f79a577cb4c4b43ac816dd8f70e,/content/cv3d-project/data/cache/reconstruction/metrics/03001627/11d9817e65d7ead6b87028a4b477349f/c3f1eaf86bc0974017a71a02.json,11.822639999991225
03001627/11d9817e65d7ead6b87028a4b477349f,farthest,5,"[0, 46, 18, 28, 16]",2.7297400482303082,2.833422671273934,2.9371052943175595,0.0,0.0,0.0,1.9976271854980054,0.0,0.0,0.0,0.0,0.0,0.0,camera_pose_sim3_positive_scale_fallback,3.8034707744875607,1.3890560136468015,10000,10000,True,False,True,/content/cv3d-project/data/cache/reconstruction/predictions/03001627/11d9817e65d7ead6b87028a4b477349f/d2ffc8feac04a5a1d7c9e6e6.npz,4992776a57dfccdb0ab3dbf459f0c60cd1247b37d578c5d0010bf86f9f9ef78d,/content/cv3d-project/data/cache/reconstruction/metrics/03001627/11d9817e65d7ead6b87028a4b477349f/5497409a9d26fce3cf682e10.json,11.933347000194772
03001627/11d9817e65d7ead6b87028a4b477349f,farthest,10,"[0, 46, 18, 28, 16, 30, 2, 44, 13, 33]",0.06655048050924317,0.10610604656047716,0.14566161261171115,0.5446380912794081,0.04747015075376885,0.11029947643979057,1.9976271854980054,0.7863,0.0604,0.1368,0.4166,0.0391,0.0924,camera_pose_sim3,2.5631833480250483,0.4877991654956997,10000,10000,True,False,True,/content/cv3d-project/data/cache/reconstruction/predictions/03001627/11d9817e65d7ead6b87028a4b477349f/036ca9578fba0e2031d5ca3b.npz,4dc1a734eb8004a727c066f55649753dc307521e865d3d2c63c50fa88dcf19df,/content/cv3d-project/data/cache/reconstruction/metrics/03001627/11d9817e65d7ead6b87028a4b477349f/7f2db5e9b84529c2fd03b897.json,12.702960999831703
03001627/11dac7c4d7e4b32af9aec59741c69cf7,farthest,1,[0],1.356685946517795,1.5253322451907243,1.6939785438636537,0.0,0.0,0.0,1.9985704605621124,0.0,0.0,0.0,0.0,0.0,0.0,camera_rotation_center_and_target_diameter_scale_single_view,6.0478952655929765,0.0,10000,10000,True,True,True,/content/cv3d-project/data/cache/reconstruction/predictions/03001627/11dac7c4d7e4b32af9aec59741c69cf7/f62d313971d6664c75737eaf.npz,f531af3f74cd6699050b774b04a797c462bf692f848932487ff280be4586f91d,/content/cv3d-project/data/cache/reconstruction/metrics/03001627/11dac7c4d7e4b32af9aec59741c69cf7/8d2822b7957ce5f50366b5ad.json,3.888704000019061
03001627/11dac7c4d7e4b32af9aec59741c69cf7,farthest,2,"[0, 46]",0.498937379133507,0.6482137608273162,0.7974901425211253,0.0,0.0,0.0,1.9985704605621124,0.0,0.0,0.0,0.0,0.0,0.0,camera_pose_sim3,0.9491000718676903,1.315281446856437,10000,10000,True,False,True,/content/cv3d-project/data/cache/reconstruction/predictions/03001627/11dac7c4d7e4b32af9aec59741c69cf7/5aa24341c1d64237e987036f.npz,4459543118ad7d6ae3a00aab5b2f569181161eca3934756968ef1a1fc09f3a06,/content/cv3d-project/data/cache/reconstruction/metrics/03001627/11dac7c4d7e4b32af9aec59741c69cf7/2ba60fa699b34f205fc9b83b.json,11.423130999901332
03001627/11dac7c4d7e4b32af9aec59741c69cf7,farthest,3,"[0, 46, 18]",0.2768894383605808,0.37539745619716414,0.4739054740337475,0.0,0.0,0.0,1.9985704605621124,0.0,0.0,0.0,0.0,0.0,0.0,camera_pose_sim3,0.01451807315201194,1.2878393611631929,10000,10000,True,False,True,/content/cv3d-project/data/cache/reconstruction/predictions/03001627/11dac7c4d7e4b32af9aec59741c69cf7/71bd97e7d32854dfe622e6d5.npz,8280b08cf989f690b56a35775eb3cb2c8ac451368e29cafdc392ffa000935b19,/content/cv3d-project/data/cache/reconstruction/metrics/03001627/11dac7c4d7e4b32af9aec59741c69cf7/d8ae4c29c57db275b6b0fb27.json,12.210383999899932
03001627/11dac7c4d7e4b32af9aec59741c69cf7,farthest,5,"[0, 46, 18, 28, 16]",0.966551109076579,1.0581932479399727,1.1498353868033664,0.0,0.0,0.0,1.9985704605621124,0.0,0.0,0.0,0.0,0.0,0.0,camera_pose_sim3,1.519138789130979,1.1985858978934474,10000,10000,True,False,True,/content/cv3d-project/data/cache/reconstruction/predictions/03001627/11dac7c4d7e4b32af9aec59741c69cf7/22d17c531e309ddc0725ef35.npz,897972d7ebadf7445e45fcf5c59ae5c76334247d1e7a6aaf53ac22f64e109f2e,/content/cv3d-project/data/cache/reconstruction/metrics/03001627/11dac7c4d7e4b32af9aec59741c69cf7/353012f0ba4ec05c548d39fb.json,12.95277300005182
03001627/11dac7c4d7e4b32af9aec59741c69cf7,farthest,10,"[0, 46, 18, 28, 16, 30, 2, 44, 13, 33]",0.2982914188353627,0.3943475607159597,0.49040370259655675,0.0,0.0,0.0,1.9985704605621124,0.0,0.0,0.0,0.0,0.0,0.0,camera_pose_sim3,1.0412282261180834,1.1916373533959537,10000,10000,True,False,True,/content/cv3d-project/data/cache/reconstruction/predictions/03001627/11dac7c4d7e4b32af9aec59741c69cf7/3716e9984e32d66dbb88138f.npz,7bff93e153740f06c2e3a71c65a8aebc0a51e0224271831e2022071652a2a306,/content/cv3d-project/data/cache/reconstruction/metrics/03001627/11dac7c4d7e4b32af9aec59741c69cf7/1f0ff0bb513b707d2bdef44c.json,12.853038999764976
03001627/11dba3a8d7b7210f5ff61a3a2a0e2484,farthest,1,[0],2.6042769556402976,2.741261241015156,2.8782455263900144,0.0,0.0,0.0,1.9920504003664743,0.0,0.0,0.0,0.0,0.0,0.0,camera_rotation_center_and_target_diameter_scale_single_view,8.470601434368808,0.0,10000,10000,True,True,True,/content/cv3d-project/data/cache/reconstruction/predictions/03001627/11dba3a8d7b7210f5ff61a3a2a0e2484/881872bbf49f5dd0119054f5.npz,5b7a5cb9588730a801c50709da74387d9f4330f143e34d72023b11f4df45014d,/content/cv3d-project/data/cache/reconstruction/metrics/03001627/11dba3a8d7b7210f5ff61a3a2a0e2484/bd21014e8b6e0f252f4bac21.json,3.836038999907032
03001627/11dba3a8d7b7210f5ff61a3a2a0e2484,farthest,2,"[0, 46]",0.025738327610345113,0.10966676730834181,0.1935952070063385,0.2864976010966415,0.020334976744186047,0.03623563018722255,1.9920504003664743,1.0,0.2043,0.4993,0.1672,0.0107,0.0188,camera_pose_sim3,2.8095245743838895,0.03482119736952894,10000,10000,True,False,True,/content/cv3d-project/data/cache/reconstruction/predictions/03001627/11dba3a8d7b7210f5ff61a3a2a0e2484/c4024b309dededd380ff942b.npz,6655809ce2c3c1f8f4306cf9fe8673946aeab03569f12d1baa5d8b20ec6d0d44,/content/cv3d-project/data/cache/reconstruction/metrics/03001627/11dba3a8d7b7210f5ff61a3a2a0e2484/883140c0dfc956dde03bbe94.json,12.39528899986908
03001627/11dba3a8d7b7210f5ff61a3a2a0e2484,farthest,3,"[0, 46, 18]",0.2108492229648674,0.32783298313186654,0.44481674329886567,0.0,0.0,0.0,1.9920504003664743,0.0,0.0,0.0,0.0,0.0,0.0,camera_pose_sim3,1.9591562177441153,0.866689849513233,10000,10000,True,False,True,/content/cv3d-project/data/cache/reconstruction/predictions/03001627/11dba3a8d7b7210f5ff61a3a2a0e2484/25be8a868ecff56ae1bc052a.npz,59d2ab51399ee80e50bacfc81bde12f81fc397f46ddb9b775bddf77319e051b2,/content/cv3d-project/data/cache/reconstruction/metrics/03001627/11dba3a8d7b7210f5ff61a3a2a0e2484/66165c5198e2cfd620202d06.json,12.315669999679812
03001627/11dba3a8d7b7210f5ff61a3a2a0e2484,farthest,5,"[0, 46, 18, 28, 16]",0.4118548622289736,0.5173394882653746,0.6228241143017754,0.0,0.0,0.0,1.9920504003664743,0.0,0.0,0.0,0.0,0.0,0.0,camera_pose_sim3,1.6854308766582518,1.1574895289313116,10000,10000,True,False,True,/content/cv3d-project/data/cache/reconstruction/predictions/03001627/11dba3a8d7b7210f5ff61a3a2a0e2484/44e9de9fafa6a5b66b09a18d.npz,5b629365297da061e5beb115045c5b61d31ca72ca0f7d20d8ca12e8a45e555db,/content/cv3d-project/data/cache/reconstruction/metrics/03001627/11dba3a8d7b7210f5ff61a3a2a0e2484/701f9c8f7d02d0eaf6bf1d78.json,11.901543000021775
03001627/11dba3a8d7b7210f5ff61a3a2a0e2484,farthest,10,"[0, 46, 18, 28, 16, 30, 2, 44, 13, 33]",0.21604726278708025,0.26053760081588306,0.3050279388446858,0.0,0.0,0.0,1.9920504003664743,0.0,0.0,0.0,0.0,0.0,0.0,camera_pose_sim3,2.4865878454919463,0.692042859089991,10000,10000,True,False,True,/content/cv3d-project/data/cache/reconstruction/predictions/03001627/11dba3a8d7b7210f5ff61a3a2a0e2484/90cd8f6ceb7a2d748d96684e.npz,7ea8f69159ffcd349744f2304b0fc83327d71714a2f42f2c7feeb307e5bddd96,/content/cv3d-project/data/cache/reconstruction/metrics/03001627/11dba3a8d7b7210f5ff61a3a2a0e2484/f3c3699b93e1df6f9a13b74c.json,13.21026300001904
03001627/11e0f0dfd3d0b22130ddb6ead95f49cc,farthest,1,[0],1.0059095436970908,1.116791709354939,1.2276738750127874,0.0,0.0,0.0,1.9999806011425298,0.0,0.0,0.0,0.0,0.0,0.0,camera_rotation_center_and_target_diameter_scale_single_view,5.204324593614092,0.0,10000,10000,True,True,True,/content/cv3d-project/data/cache/reconstruction/predictions/03001627/11e0f0dfd3d0b22130ddb6ead95f49cc/93402e305145f834f52365e0.npz,8b60e6f5686dbd7bdf31466d8320c395f092cc71a851d6f3f5141dc71d1b0adf,/content/cv3d-project/data/cache/reconstruction/metrics/03001627/11e0f0dfd3d0b22130ddb6ead95f49cc/d124dc8c5680a16b2307df1b.json,3.9144200000009732
03001627/11e0f0dfd3d0b22130ddb6ead95f49cc,farthest,2,"[0, 46]",0.07122680340384023,0.11489596274211045,0.15856512208038065,0.5042769953787107,0.001468041237113402,0.008679272727272728,1.9999806011425298,0.9309,0.0089,0.0221,0.3458,0.0008,0.0054,camera_pose_sim3,2.681937632027273,0.07551032014757132,10000,10000,True,False,True,/content/cv3d-project/data/cache/reconstruction/predictions/03001627/11e0f0dfd3d0b22130ddb6ead95f49cc/0a30c13854e9105df5247a10.npz,e2428c84b4b786c813a8ccbd56b46ef8a783734c6ffbbe745caf729f44bc7e45,/content/cv3d-project/data/cache/reconstruction/metrics/03001627/11e0f0dfd3d0b22130ddb6ead95f49cc/795fb407b0af71243315ee6e.json,15.19198799996957
03001627/11e0f0dfd3d0b22130ddb6ead95f49cc,farthest,3,"[0, 46, 18]",0.2726969644913914,0.3966937842217588,0.5206906039521263,0.0,0.0,0.0,1.9999806011425298,0.0,0.0,0.0,0.0,0.0,0.0,camera_pose_sim3,1.9226300538389556,0.8914598040469089,10000,10000,True,False,True,/content/cv3d-project/data/cache/reconstruction/predictions/03001627/11e0f0dfd3d0b22130ddb6ead95f49cc/be573b8d3848e59b4b5a6b78.npz,35603e0d7aecf8838b05a9f30afc8d35878d86592181e1c33430b49e9e4d8ab5,/content/cv3d-project/data/cache/reconstruction/metrics/03001627/11e0f0dfd3d0b22130ddb6ead95f49cc/9a227904845f8a11ad099061.json,11.500909000005777
03001627/11e0f0dfd3d0b22130ddb6ead95f49cc,farthest,5,"[0, 46, 18, 28, 16]",0.31477062239873244,0.513823679937409,0.7128767374760855,0.0,0.0,0.0,1.9999806011425298,0.0,0.0,0.0,0.0,0.0,0.0,camera_pose_sim3,1.2434191299953494,1.1975491541127106,10000,10000,True,False,True,/content/cv3d-project/data/cache/reconstruction/predictions/03001627/11e0f0dfd3d0b22130ddb6ead95f49cc/ca38414efbdcebf73f8a4aaa.npz,6a1e58042da397e7b6660bab89de1ba9751ba87186b32a207d3a4a2a5a86c951,/content/cv3d-project/data/cache/reconstruction/metrics/03001627/11e0f0dfd3d0b22130ddb6ead95f49cc/79642d9426f6d0a89b83ec01.json,11.479576000056113
03001627/11e0f0dfd3d0b22130ddb6ead95f49cc,farthest,10,"[0, 46, 18, 28, 16, 30, 2, 44, 13, 33]",0.11904171833924684,0.1721713925808251,0.2253010668224033,0.2304691812967148,0.009614358974358974,0.020314081145584726,1.9999806011425298,0.4159,0.0109,0.0246,0.1594,0.0086,0.0173,camera_pose_sim3,2.17117121255149,0.7601390823676911,10000,10000,True,False,True,/content/cv3d-project/data/cache/reconstruction/predictions/03001627/11e0f0dfd3d0b22130ddb6ead95f49cc/af64877ea9fcb67fab1b7dff.npz,034cfd087425527fc70787a9096b6fe874f791b5f6a35707287354807e217075,/content/cv3d-project/data/cache/reconstruction/metrics/03001627/11e0f0dfd3d0b22130ddb6ead95f49cc/94cfe2b138f0d3e23b9e0fa4.json,11.99185999985275
03001627/11e28120789c20abc8687ff9b0b4e4ac,farthest,1,[0],2.8028600262325156,2.9216339952735875,3.0404079643146593,0.0,0.0,0.0,1.9950614318879338,0.0,0.0,0.0,0.0,0.0,0.0,camera_rotation_center_and_target_diameter_scale_single_view,8.745229236994474,0.0,10000,10000,True,True,True,/content/cv3d-project/data/cache/reconstruction/predictions/03001627/11e28120789c20abc8687ff9b0b4e4ac/95750d0027a58ea195ed7ab4.npz,2cd580d551e32463f0bb02a2daf3ff320760bcfc4ea4889bfd3feea81f2c58df,/content/cv3d-project/data/cache/reconstruction/metrics/03001627/11e28120789c20abc8687ff9b0b4e4ac/bd2b7db218384ff9ef0982e0.json,3.8147109999044915
03001627/11e28120789c20abc8687ff9b0b4e4ac,farthest,2,"[0, 46]",1.2079099981482688,1.2861075695728723,1.3643051409974756,0.0,0.0,0.0,1.9950614318879338,0.0,0.0,0.0,0.0,0.0,0.0,camera_pose_sim3,1.8617508135507266,1.0687785498165032,10000,10000,True,False,True,/content/cv3d-project/data/cache/reconstruction/predictions/03001627/11e28120789c20abc8687ff9b0b4e4ac/691cdaa92e39307772661f54.npz,114d32312453075ce1904f5978aecae1b1b615cd77c79ae21bd29037a99abedc,/content/cv3d-project/data/cache/reconstruction/metrics/03001627/11e28120789c20abc8687ff9b0b4e4ac/a2715ecf376f707ba194f8df.json,11.49255100017399
03001627/11e28120789c20abc8687ff9b0b4e4ac,farthest,3,"[0, 46, 18]",0.6156647552342434,0.690656561918241,0.7656483686022386,0.0,0.0,0.0,1.9950614318879338,0.0,0.0,0.0,0.0,0.0,0.0,camera_pose_sim3,1.2866863993154412,1.176209620655162,10000,10000,True,False,True,/content/cv3d-project/data/cache/reconstruction/predictions/03001627/11e28120789c20abc8687ff9b0b4e4ac/47ffb389cab0d578999c95d2.npz,2fa00b12da9ba86536dca6cf6b86a0b7a85007eb0e31cf0cea76054fc2a979fc,/content/cv3d-project/data/cache/reconstruction/metrics/03001627/11e28120789c20abc8687ff9b0b4e4ac/a14902586d235d0e5a48be81.json,11.346610999680706
03001627/11e28120789c20abc8687ff9b0b4e4ac,farthest,5,"[0, 46, 18, 28, 16]",1.136910773041549,1.2127697035054514,1.288628633969354,0.0,0.0,0.0,1.9950614318879338,0.0,0.0,0.0,0.0,0.0,0.0,camera_pose_sim3,1.7597184698267518,1.2294049047506534,10000,10000,True,False,True,/content/cv3d-project/data/cache/reconstruction/predictions/03001627/11e28120789c20abc8687ff9b0b4e4ac/3c7eba096214f624ffdc8917.npz,697cab99aacce897d5a98221a754c92c6c159aaac2da96dec68314bdba766f43,/content/cv3d-project/data/cache/reconstruction/metrics/03001627/11e28120789c20abc8687ff9b0b4e4ac/71ec0f3965c760b651e61ce5.json,11.717184000190173
03001627/11e28120789c20abc8687ff9b0b4e4ac,farthest,10,"[0, 46, 18, 28, 16, 30, 2, 44, 13, 33]",0.07977768821055248,0.14988118317645013,0.2199846781423478,0.2344675049947115,0.00039999999999999996,0.014983783783783785,1.9950614318879338,0.7105,0.0006,0.0308,0.1404,0.0003,0.0099,camera_pose_sim3,2.233272579522073,0.8324393267885549,10000,10000,True,False,True,/content/cv3d-project/data/cache/reconstruction/predictions/03001627/11e28120789c20abc8687ff9b0b4e4ac/8394670029c2fb63ed2b1f17.npz,f0ddf46bee78d750f2dd8fe5d0d68efdc6026f087b127de8dbd47000de2d98ca,/content/cv3d-project/data/cache/reconstruction/metrics/03001627/11e28120789c20abc8687ff9b0b4e4ac/fcc05e164af3ef9d6f4c813b.json,11.820661000001564
03001627/11e521e41ff6a64922e4620665c23c97,farthest,1,[0],1.1755847391764975,1.2628190792429912,1.350053419309485,0.0,0.0,0.0,1.9921528223826779,0.0,0.0,0.0,0.0,0.0,0.0,camera_rotation_center_and_target_diameter_scale_single_view,5.385819988614806,0.0,10000,10000,True,True,True,/content/cv3d-project/data/cache/reconstruction/predictions/03001627/11e521e41ff6a64922e4620665c23c97/280124eb515b042b8d864b48.npz,50e75360d9c19215b3ab0930b8bc8606fa123f4bd317962212aa1b1daf54d1a0,/content/cv3d-project/data/cache/reconstruction/metrics/03001627/11e521e41ff6a64922e4620665c23c97/f99c1885f57c146fef3ee9dc.json,3.757003999908193
03001627/11e521e41ff6a64922e4620665c23c97,farthest,2,"[0, 46]",1.0648578577312582,1.1651534698831472,1.2654490820350361,0.0,0.0,0.0,1.9921528223826779,0.0,0.0,0.0,0.0,0.0,0.0,camera_pose_sim3,1.6044042448136366,1.218572309290729,10000,10000,True,False,True,/content/cv3d-project/data/cache/reconstruction/predictions/03001627/11e521e41ff6a64922e4620665c23c97/d421acd89f02ed036292cf05.npz,85791af91e5ab34df342e6e5338d8ae2aff0e862bcdfcdd306a07384b59681d2,/content/cv3d-project/data/cache/reconstruction/metrics/03001627/11e521e41ff6a64922e4620665c23c97/65b834a2d768b379786ad836.json,11.264470999776677
03001627/11e521e41ff6a64922e4620665c23c97,farthest,3,"[0, 46, 18]",0.49971770440495034,0.6122877300562184,0.7248577557074863,0.0,0.0,0.0,1.9921528223826779,0.0,0.0,0.0,0.0,0.0,0.0,camera_pose_sim3,1.033928558591539,1.1533347080652634,10000,10000,True,False,True,/content/cv3d-project/data/cache/reconstruction/predictions/03001627/11e521e41ff6a64922e4620665c23c97/335881f40f54ee3ca891322a.npz,efc15837e8ef8edd35fc1aa5c1cb47c42da6fc4da56ded5c530f781e25834f8a,/content/cv3d-project/data/cache/reconstruction/metrics/03001627/11e521e41ff6a64922e4620665c23c97/1f18b1902a8e0bd7041d29db.json,11.128003999601788
03001627/11e521e41ff6a64922e4620665c23c97,farthest,5,"[0, 46, 18, 28, 16]",0.5878406001689043,0.7068265496753804,0.8258124991818565,0.0,0.0,0.0,1.9921528223826779,0.0,0.0,0.0,0.0,0.0,0.0,camera_pose_sim3,1.1762067788172885,1.2888882281453167,10000,10000,True,False,True,/content/cv3d-project/data/cache/reconstruction/predictions/03001627/11e521e41ff6a64922e4620665c23c97/99fcca8168312012b93f30c6.npz,a84d179632eb23166866d1142a4c6a2de025dd2de5c3ee20983e37d91b7b9180,/content/cv3d-project/data/cache/reconstruction/metrics/03001627/11e521e41ff6a64922e4620665c23c97/5445d75f84cfa719392eb6e9.json,11.249266000049829
03001627/11e521e41ff6a64922e4620665c23c97,farthest,10,"[0, 46, 18, 28, 16, 30, 2, 44, 13, 33]",0.15354736426607718,0.16748660794973477,0.18142585163339237,0.20545702539298671,0.009534615384615386,0.020095285359801485,1.9921528223826779,0.2231,0.0134,0.0212,0.1904,0.0074,0.0191,camera_pose_sim3,2.15884956463853,0.7644337168756546,10000,10000,True,False,True,/content/cv3d-project/data/cache/reconstruction/predictions/03001627/11e521e41ff6a64922e4620665c23c97/34cd4caf8208211416ac9938.npz,9c844630e6bda9759050640717ca778d6e907ef9d7e9c6c00fa2a640a8f8c291,/content/cv3d-project/data/cache/reconstruction/metrics/03001627/11e521e41ff6a64922e4620665c23c97/73746c0f5357c7a3b6f94194.json,11.647384999832866
03001627/11e55ca087c74082feec1f13d2353f3,farthest,1,[0],2.939497496837654,3.058737864279756,3.1779782317218586,0.0,0.0,0.0,1.9771625532325126,0.0,0.0,0.0,0.0,0.0,0.0,camera_rotation_center_and_target_diameter_scale_single_view,9.150290595563895,0.0,10000,10000,True,True,True,/content/cv3d-project/data/cache/reconstruction/predictions/03001627/11e55ca087c74082feec1f13d2353f3/5c5b61ac3c0dee38bbab1363.npz,b8058b4cee7d254430c13ea195d5ae2a1de86a6b1b3e58f5d8f47835d074ba43,/content/cv3d-project/data/cache/reconstruction/metrics/03001627/11e55ca087c74082feec1f13d2353f3/0c24dc1070a6b18422f9997e.json,3.7822320000486798
03001627/11e55ca087c74082feec1f13d2353f3,farthest,2,"[0, 46]",0.05168091066875539,0.08690533369320563,0.12212975671765587,0.5367650719925685,0.018080614203454897,0.04444920394238059,1.9771625532325126,0.9114,0.0942,0.2393,0.3804,0.01,0.0245,camera_pose_sim3,2.8479870973846717,0.00867153132730837,10000,10000,True,False,True,/content/cv3d-project/data/cache/reconstruction/predictions/03001627/11e55ca087c74082feec1f13d2353f3/06c326eb778568e7d55418c3.npz,92227931337b44d8bd9b008557d7ae03c400f32911acbbdabd6c062f3fb14139,/content/cv3d-project/data/cache/reconstruction/metrics/03001627/11e55ca087c74082feec1f13d2353f3/0a5acafd33d424bdb6f85d7f.json,11.217664000014338
03001627/11e55ca087c74082feec1f13d2353f3,farthest,3,"[0, 46, 18]",0.2029518410488968,0.33737461782436673,0.4717973945998366,0.0,0.0,0.0,1.9771625532325126,0.0,0.0,0.0,0.0,0.0,0.0,camera_pose_sim3,1.7984692557516442,0.9629050186407074,10000,10000,True,False,True,/content/cv3d-project/data/cache/reconstruction/predictions/03001627/11e55ca087c74082feec1f13d2353f3/aa9f0441a165c22219ed30c3.npz,afcd343697f7410e5cc77dd3495f66a619d10e896660e14f365a412bb3e8f4c4,/content/cv3d-project/data/cache/reconstruction/metrics/03001627/11e55ca087c74082feec1f13d2353f3/c9483f174b2a0786ee35daa2.json,11.157416000060039
03001627/11e55ca087c74082feec1f13d2353f3,farthest,5,"[0, 46, 18, 28, 16]",0.11463921140676436,0.12758701846374826,0.14053482552073213,0.20440786082474227,0.004760526315789474,0.012476892430278884,1.9771625532325126,0.3141,0.0201,0.0429,0.1515,0.0027,0.0073,camera_pose_sim3,2.647055067854543,0.30141479862664905,10000,10000,True,False,True,/content/cv3d-project/data/cache/reconstruction/predictions/03001627/11e55ca087c74082feec1f13d2353f3/391122063b79ddcb28a0bdda.npz,35676c35e5b5556e2d59c766148f0ed948a883b4cae62ec536f9cf32a7218469,/content/cv3d-project/data/cache/reconstruction/metrics/03001627/11e55ca087c74082feec1f13d2353f3/2e916cba26edf92addf8133b.json,11.303403999590955
03001627/11e55ca087c74082feec1f13d2353f3,farthest,10,"[0, 46, 18, 28, 16, 30, 2, 44, 13, 33]",0.053236529565183786,0.06930379312028737,0.08537105667539095,0.837166943988751,0.02070873440285205,0.050445222072678327,1.9771625532325126,0.9711,0.0424,0.1164,0.7357,0.0137,0.0322,camera_pose_sim3,2.606278738965572,0.17620032529940965,10000,10000,True,False,True,/content/cv3d-project/data/cache/reconstruction/predictions/03001627/11e55ca087c74082feec1f13d2353f3/371def611f132b5742fc0159.npz,8f18c362b457e8800da1501edbf58ef68f232979b1c42c71c60b96710701264a,/content/cv3d-project/data/cache/reconstruction/metrics/03001627/11e55ca087c74082feec1f13d2353f3/8db794f31c7b4b80f3b89368.json,11.913476000245282
03001627/11e6e58798ae5be83e5b5dbd84cdd0f8,farthest,1,[0],1.6605151859383525,1.812679260471586,1.9648433350048196,0.0,0.0,0.0,1.9957745560180198,0.0,0.0,0.0,0.0,0.0,0.0,camera_rotation_center_and_target_diameter_scale_single_view,6.6125135261704795,0.0,10000,10000,True,True,True,/content/cv3d-project/data/cache/reconstruction/predictions/03001627/11e6e58798ae5be83e5b5dbd84cdd0f8/afe94a6439801d4b5d1b4db7.npz,aded704805af9004d86c322248b9d308242b69896d635a4c29b1a6ce3e8fd84e,/content/cv3d-project/data/cache/reconstruction/metrics/03001627/11e6e58798ae5be83e5b5dbd84cdd0f8/c1a6e15e3d3ea0d55f841cb4.json,3.7638979997609567
03001627/11e6e58798ae5be83e5b5dbd84cdd0f8,farthest,2,"[0, 46]",0.012986209662544063,0.08897863900383116,0.16497106834511824,0.4901102219537974,0.05141955334987593,0.11623875484704868,1.9957745560180198,1.0,0.3754,0.8661,0.3246,0.0276,0.0623,camera_pose_sim3,2.6094818888473648,0.05628896824820867,10000,10000,True,False,True,/content/cv3d-project/data/cache/reconstruction/predictions/03001627/11e6e58798ae5be83e5b5dbd84cdd0f8/36f6e9e7edc4f8daf9e141fe.npz,6ca17eb343ccda5e43009c67831485253b2d5f021820fd1d5f7d091a4ca2e2c6,/content/cv3d-project/data/cache/reconstruction/metrics/03001627/11e6e58798ae5be83e5b5dbd84cdd0f8/e58a97847e4050779c7b5b26.json,11.327751999942848
03001627/11e6e58798ae5be83e5b5dbd84cdd0f8,farthest,3,"[0, 46, 18]",0.13367633443890556,0.2739623043769931,0.4142482743150806,0.04224347236351306,0.0,0.0,1.9957745560180198,0.272,0.0,0.0,0.0229,0.0,0.0,camera_pose_sim3,1.3678641630459356,0.9199852920232191,10000,10000,True,False,True,/content/cv3d-project/data/cache/reconstruction/predictions/03001627/11e6e58798ae5be83e5b5dbd84cdd0f8/1329df38e09b92295fcc757b.npz,80283d9e1169bb701c45625341cc7e5773bd9ab015ad994837011338ee7f8082,/content/cv3d-project/data/cache/reconstruction/metrics/03001627/11e6e58798ae5be83e5b5dbd84cdd0f8/1316bf19c22385f0101dcff5.json,11.401891999867075
03001627/11e6e58798ae5be83e5b5dbd84cdd0f8,farthest,5,"[0, 46, 18, 28, 16]",0.059054899122131244,0.08874040395069258,0.11842590877925391,0.49918301825820005,0.03002450518378888,0.07607753731343284,1.9957745560180198,0.8911,0.088,0.2221,0.3467,0.0181,0.0459,camera_pose_sim3,2.613521016799509,0.19182850836550114,10000,10000,True,False,True,/content/cv3d-project/data/cache/reconstruction/predictions/03001627/11e6e58798ae5be83e5b5dbd84cdd0f8/1cbf600c3088c25f408e7658.npz,073ec9ad240b584fc9c7cfcfd7f6c166e53fb806d44cd87f484c161c497575a7,/content/cv3d-project/data/cache/reconstruction/metrics/03001627/11e6e58798ae5be83e5b5dbd84cdd0f8/b7a0ce8b0839e4e9a5079a42.json,11.592131999805133
03001627/11e6e58798ae5be83e5b5dbd84cdd0f8,farthest,10,"[0, 46, 18, 28, 16, 30, 2, 44, 13, 33]",0.037896216145811956,0.05580175974818256,0.07370730335055316,0.8665277204130262,0.06282352941176471,0.13325955779457038,1.9957745560180198,0.9954,0.1246,0.2687,0.7672,0.042,0.0886,camera_pose_sim3,2.5174947907347076,0.13236902614061152,10000,10000,True,False,True,/content/cv3d-project/data/cache/reconstruction/predictions/03001627/11e6e58798ae5be83e5b5dbd84cdd0f8/2836793241a2df2178076cdf.npz,1b84ee62e294c285d78461d90b207a30989a9df16aca0a4e5cee010484abde57,/content/cv3d-project/data/cache/reconstruction/metrics/03001627/11e6e58798ae5be83e5b5dbd84cdd0f8/4753154d708359d39641f0b6.json,11.819860000287008
03001627/11f1511799d033ff7962150cab9888d6,farthest,1,[0],1.7075461061269017,1.8410216482140995,1.9744971903012973,0.0,0.0,0.0,1.9940509466924525,0.0,0.0,0.0,0.0,0.0,0.0,camera_rotation_center_and_target_diameter_scale_single_view,6.660926474731359,0.0,10000,10000,True,True,True,/content/cv3d-project/data/cache/reconstruction/predictions/03001627/11f1511799d033ff7962150cab9888d6/79b48e566db4d64fe5a6d53b.npz,72c75d10565293ff0999794f3da5a63b75c9b9ed864e6e6e34181d28ed3fe0c2,/content/cv3d-project/data/cache/reconstruction/metrics/03001627/11f1511799d033ff7962150cab9888d6/27c14cdd6c694bad6a5e033c.json,3.8635800001429743
03001627/11f1511799d033ff7962150cab9888d6,farthest,2,"[0, 46]",0.03160301973369938,0.11477443673837377,0.19794585374304816,0.36892668932924305,0.039894424951267056,0.08916953433307025,1.9940509466924525,0.9788,0.2347,0.4574,0.2273,0.0218,0.0494,camera_pose_sim3,2.6132442001061498,0.07661141117643977,10000,10000,True,False,True,/content/cv3d-project/data/cache/reconstruction/predictions/03001627/11f1511799d033ff7962150cab9888d6/21293bbf5d6e7f467bf6c741.npz,aa2f99c6236e000f724c05a82337df2eba89da7fa68db8cce1e84b3ed8d566dc,/content/cv3d-project/data/cache/reconstruction/metrics/03001627/11f1511799d033ff7962150cab9888d6/e7dfb6af9edfb48eda795556.json,12.85254200001873
03001627/11f1511799d033ff7962150cab9888d6,farthest,3,"[0, 46, 18]",0.4562385532115706,0.552026703540424,0.6478148538692774,0.0,0.0,0.0,1.9940509466924525,0.0,0.0,0.0,0.0,0.0,0.0,camera_pose_sim3,1.959672930297645,0.9220116954674026,10000,10000,True,False,True,/content/cv3d-project/data/cache/reconstruction/predictions/03001627/11f1511799d033ff7962150cab9888d6/c9fff538f69ad2d11126abc9.npz,949a77997d7074992b718a858e58b4c7699e4ec6c7d7e05b12dae5aef5acd343,/content/cv3d-project/data/cache/reconstruction/metrics/03001627/11f1511799d033ff7962150cab9888d6/dae174c5266d55c65ba2f14f.json,11.382722000234935
03001627/11f1511799d033ff7962150cab9888d6,farthest,5,"[0, 46, 18, 28, 16]",0.8681524706274406,0.9700051489375279,1.0718578272476151,0.0,0.0,0.0,1.9940509466924525,0.0,0.0,0.0,0.0,0.0,0.0,camera_pose_sim3,1.950601701480336,1.1398537710182042,10000,10000,True,False,True,/content/cv3d-project/data/cache/reconstruction/predictions/03001627/11f1511799d033ff7962150cab9888d6/978e5abdc1241a3d46acb934.npz,ef42c253d2b9aefbfdcb89e3f7cce0bfd739afbcb78e6a5bbf860317d641b1d4,/content/cv3d-project/data/cache/reconstruction/metrics/03001627/11f1511799d033ff7962150cab9888d6/cc71247cbc84810743c027d5.json,11.445620999893436
03001627/11f1511799d033ff7962150cab9888d6,farthest,10,"[0, 46, 18, 28, 16, 30, 2, 44, 13, 33]",0.14458745911659007,0.1629131324262627,0.18123880573593534,0.21734961206896553,0.0004444444444444445,0.00288135593220339,1.9940509466924525,0.2903,0.0005,0.0034,0.1737,0.0004,0.0025,camera_pose_sim3,2.28656822281665,0.6113177108774382,10000,10000,True,False,True,/content/cv3d-project/data/cache/reconstruction/predictions/03001627/11f1511799d033ff7962150cab9888d6/bfcc6cf0e6fb187360d9f979.npz,d86a6dad4f594a45cbc9bc77dcf3afa6f549583543eb6f7c97ecbf01785ca277,/content/cv3d-project/data/cache/reconstruction/metrics/03001627/11f1511799d033ff7962150cab9888d6/09c9acb81e770c92774fa043.json,12.036212999646523
03001627/11fa9b044482814ef91663a74ccd2338,farthest,1,[0],4.026703486870059,4.1432704358741965,4.259837384878335,0.0,0.0,0.0,1.9810020171867577,0.0,0.0,0.0,0.0,0.0,0.0,camera_rotation_center_and_target_diameter_scale_single_view,11.128983529558932,0.0,10000,10000,True,True,True,/content/cv3d-project/data/cache/reconstruction/predictions/03001627/11fa9b044482814ef91663a74ccd2338/863a8249d4b4509d1ab010de.npz,7d2a7aacaf5ba48b56a53dbe2861107e4b268fe4a14e60dcd4021a4b991b50a3,/content/cv3d-project/data/cache/reconstruction/metrics/03001627/11fa9b044482814ef91663a74ccd2338/62bac30e416b5e581e530dd2.json,4.0387359999840555
03001627/11fa9b044482814ef91663a74ccd2338,farthest,2,"[0, 46]",1.083985153529066,1.159575861573027,1.2351665696169876,0.0,0.0,0.0,1.9810020171867577,0.0,0.0,0.0,0.0,0.0,0.0,camera_pose_sim3,2.757576774679122,0.6800343951404105,10000,10000,True,False,True,/content/cv3d-project/data/cache/reconstruction/predictions/03001627/11fa9b044482814ef91663a74ccd2338/7cecbf41011e14f63378238e.npz,83fc8a03ba6cfe64598f4196cef7aef21ba006c941373adeb6b451517bc180d8,/content/cv3d-project/data/cache/reconstruction/metrics/03001627/11fa9b044482814ef91663a74ccd2338/eae75a68edab09c17085f857.json,11.951114000112284
03001627/11fa9b044482814ef91663a74ccd2338,farthest,3,"[0, 46, 18]",0.3538707006715529,0.42934021373081793,0.504809726790083,0.0,0.0,0.0,1.9810020171867577,0.0,0.0,0.0,0.0,0.0,0.0,camera_pose_sim3,2.6578412839091405,0.5255650162495795,10000,10000,True,False,True,/content/cv3d-project/data/cache/reconstruction/predictions/03001627/11fa9b044482814ef91663a74ccd2338/7b9a5068a5e9aebe1398df80.npz,b56a57c51f36a5367305b815285c7bb7ae7829cc999f8abb2e4da2d198fd8cde,/content/cv3d-project/data/cache/reconstruction/metrics/03001627/11fa9b044482814ef91663a74ccd2338/71254be6638f0d866f7615e0.json,11.684693000006519
03001627/11fa9b044482814ef91663a74ccd2338,farthest,5,"[0, 46, 18, 28, 16]",0.09633159137600615,0.167257213958138,0.23818283654026984,0.17592152755398002,0.00821949152542373,0.01751001642036125,1.9810020171867577,0.5145,0.0183,0.0503,0.1061,0.0053,0.0106,camera_pose_sim3,2.561820650528745,0.4788301860956704,10000,10000,True,False,True,/content/cv3d-project/data/cache/reconstruction/predictions/03001627/11fa9b044482814ef91663a74ccd2338/508a7ae65c03004f9888dab5.npz,1360dd29c4f656c6198a63b1f6464df35142ee5a768692d32fa1a7742d4f5469,/content/cv3d-project/data/cache/reconstruction/metrics/03001627/11fa9b044482814ef91663a74ccd2338/972cd2350c19b297046cf97b.json,12.739821999730339
03001627/11fa9b044482814ef91663a74ccd2338,farthest,10,"[0, 46, 18, 28, 16, 30, 2, 44, 13, 33]",0.03768567526876235,0.045036081135661314,0.05238648700256028,0.9449535376985173,0.11390192071924807,0.25639974293059126,1.9810020171867577,0.9982,0.1545,0.3381,0.8971,0.0902,0.2065,camera_pose_sim3,2.6776173364995057,0.11988960779241707,10000,10000,True,False,True,/content/cv3d-project/data/cache/reconstruction/predictions/03001627/11fa9b044482814ef91663a74ccd2338/abe3b22c81b9771a680fa928.npz,7186bc08b383bec30659f9e39dd5c20f1beb48a0d20f7d279984e067d8708bf7,/content/cv3d-project/data/cache/reconstruction/metrics/03001627/11fa9b044482814ef91663a74ccd2338/6155149340bd540936687ddd.json,12.396002999594202
03001627/11ff2e9f9b0993b7f51f77a6d7299806,farthest,1,[0],1.6210051778694752,1.7387153741957153,1.8564255705219557,0.0,0.0,0.0,1.9868148029524169,0.0,0.0,0.0,0.0,0.0,0.0,camera_rotation_center_and_target_diameter_scale_single_view,6.419747606974624,0.0,10000,10000,True,True,True,/content/cv3d-project/data/cache/reconstruction/predictions/03001627/11ff2e9f9b0993b7f51f77a6d7299806/af90b62543aaf4280d616127.npz,2f8fe30b27ae40929848615b89c97c5170637d77e362d5e45a266337a76c78e9,/content/cv3d-project/data/cache/reconstruction/metrics/03001627/11ff2e9f9b0993b7f51f77a6d7299806/ac2d2200c8b1151b09e69e16.json,3.8063869997131405
03001627/11ff2e9f9b0993b7f51f77a6d7299806,farthest,2,"[0, 46]",1.0954319682822977,1.1806498352079664,1.265867702133635,0.0,0.0,0.0,1.9868148029524169,0.0,0.0,0.0,0.0,0.0,0.0,camera_pose_sim3,1.6275002053687007,1.189563911183179,10000,10000,True,False,True,/content/cv3d-project/data/cache/reconstruction/predictions/03001627/11ff2e9f9b0993b7f51f77a6d7299806/c8d7dfd88bb0dd57b568a600.npz,8958102fc869ed9bc74ab5666643de1970dfa0c9fd95eec12e112d9639fead44,/content/cv3d-project/data/cache/reconstruction/metrics/03001627/11ff2e9f9b0993b7f51f77a6d7299806/c8f9381d54736e9b15a357ab.json,11.84670200018445
03001627/11ff2e9f9b0993b7f51f77a6d7299806,farthest,3,"[0, 46, 18]",0.7001526773903267,0.8130317474503286,0.9259108175103304,0.0,0.0,0.0,1.9868148029524169,0.0,0.0,0.0,0.0,0.0,0.0,camera_pose_sim3,1.7780373619814593,1.0082130005475565,10000,10000,True,False,True,/content/cv3d-project/data/cache/reconstruction/predictions/03001627/11ff2e9f9b0993b7f51f77a6d7299806/46e1e7e3f2bac728947ea922.npz,4f24b8ef82c7225267d14e0f88addd2a9fc1a28c51eb9cc45573d099ee049b60,/content/cv3d-project/data/cache/reconstruction/metrics/03001627/11ff2e9f9b0993b7f51f77a6d7299806/fc05d49a330f2c32a950cbbb.json,11.557043000266276
03001627/11ff2e9f9b0993b7f51f77a6d7299806,farthest,5,"[0, 46, 18, 28, 16]",0.38190101584777236,0.5112495263598218,0.6405980368718712,0.0,0.0,0.0,1.9868148029524169,0.0,0.0,0.0,0.0,0.0,0.0,camera_pose_sim3,1.449023939228311,1.116214909789146,10000,10000,True,False,True,/content/cv3d-project/data/cache/reconstruction/predictions/03001627/11ff2e9f9b0993b7f51f77a6d7299806/057a1699902fbcce1ed49d52.npz,f77093425d62e8aeda30cefee705eb7b763875f03895b52be727781e1b3bf68e,/content/cv3d-project/data/cache/reconstruction/metrics/03001627/11ff2e9f9b0993b7f51f77a6d7299806/c27592d13b867fe27f4883d8.json,11.42562099994393
03001627/11ff2e9f9b0993b7f51f77a6d7299806,farthest,10,"[0, 46, 18, 28, 16, 30, 2, 44, 13, 33]",0.06670154958185599,0.16229908395551307,0.25789661832917016,0.2179827027027027,0.02938588850174216,0.05934724019794442,1.9868148029524169,0.7798,0.0975,0.2286,0.1267,0.0173,0.0341,camera_pose_sim3,1.529296647608676,1.0606538984843428,10000,10000,True,False,True,/content/cv3d-project/data/cache/reconstruction/predictions/03001627/11ff2e9f9b0993b7f51f77a6d7299806/21030bc493d641fe4eeb2db6.npz,c137720dd694ab4ba979e824a784cfe17f82a634033f05613a47d01189d1cb58,/content/cv3d-project/data/cache/reconstruction/metrics/03001627/11ff2e9f9b0993b7f51f77a6d7299806/666bf1a106bfd9fbbd920dc0.json,12.39537899982679
03001627/120735afde493c277ff6ace05b36a5,farthest,1,[0],2.839374679617674,3.012307502940722,3.185240326263769,0.0,0.0,0.0,1.9868547723723067,0.0,0.0,0.0,0.0,0.0,0.0,camera_rotation_center_and_target_diameter_scale_single_view,9.018373140689366,0.0,10000,10000,True,True,True,/content/cv3d-project/data/cache/reconstruction/predictions/03001627/120735afde493c277ff6ace05b36a5/ff19c6b9ab232c37b96af891.npz,1a8579672258fa182c8caa7bc573217f4673c31855271e8ccc30d994958e7fd1,/content/cv3d-project/data/cache/reconstruction/metrics/03001627/120735afde493c277ff6ace05b36a5/c0158108e0dba37b82ff37d4.json,3.9288350003516825
03001627/120735afde493c277ff6ace05b36a5,farthest,2,"[0, 46]",0.014195399410278111,0.10529491987208198,0.19639444033388584,0.4909077190070173,0.03449069649211998,0.11444051989284651,1.9868547723723067,1.0,0.1776,0.947,0.3253,0.0191,0.0609,camera_pose_sim3,2.402915073061894,0.01793192190392494,10000,10000,True,False,True,/content/cv3d-project/data/cache/reconstruction/predictions/03001627/120735afde493c277ff6ace05b36a5/b46aabc6223d4cb9b141f8eb.npz,60f6f3d8132ca83188d66801002d40f2bcfc50dbb0ae490780b89e06f71885fe,/content/cv3d-project/data/cache/reconstruction/metrics/03001627/120735afde493c277ff6ace05b36a5/99b2d116310cb9b424c9a70f.json,12.27362899999207
03001627/120735afde493c277ff6ace05b36a5,farthest,3,"[0, 46, 18]",0.17595660767374757,0.34464677456257004,0.5133369414513925,0.0001995305164319249,0.0,0.0,1.9868547723723067,0.0425,0.0,0.0,0.0001,0.0,0.0,camera_pose_sim3,1.8769629088308406,0.881560720208854,10000,10000,True,False,True,/content/cv3d-project/data/cache/reconstruction/predictions/03001627/120735afde493c277ff6ace05b36a5/3f65c6403ccf158b0fab891e.npz,7b60dbd9699f1986280bac05008f64457e6763a9d6c3418b80dd99b211e4399d,/content/cv3d-project/data/cache/reconstruction/metrics/03001627/120735afde493c277ff6ace05b36a5/77eb077701a3953dc77b2914.json,11.640040000202134
03001627/120735afde493c277ff6ace05b36a5,farthest,5,"[0, 46, 18, 28, 16]",0.02880511438064562,0.13992328218031835,0.25104144997999106,0.3296739599383667,0.04264552352048558,0.08795586324786325,1.9868547723723067,0.9696,0.2402,0.5371,0.1986,0.0234,0.0479,camera_pose_sim3,1.508736703986939,0.8851641289881066,10000,10000,True,False,True,/content/cv3d-project/data/cache/reconstruction/predictions/03001627/120735afde493c277ff6ace05b36a5/0dd9ccaa492324a7e5d7322d.npz,ca77076521a4d399a95c769b078e798f3f181c23a4ab1b224a468947832b72b5,/content/cv3d-project/data/cache/reconstruction/metrics/03001627/120735afde493c277ff6ace05b36a5/49fb04fc43dc0bbb371f8f70.json,11.549624000053882
03001627/120735afde493c277ff6ace05b36a5,farthest,10,"[0, 46, 18, 28, 16, 30, 2, 44, 13, 33]",0.07667947309569677,0.09440370495946687,0.11212793682323699,0.5786982029172376,0.010404761904761906,0.023980082987551866,1.9868547723723067,0.7814,0.0115,0.0224,0.4595,0.0095,0.0258,camera_pose_sim3,2.3809068079624476,0.39923155310638925,10000,10000,True,False,True,/content/cv3d-project/data/cache/reconstruction/predictions/03001627/120735afde493c277ff6ace05b36a5/6cab3db4a6382dc21f1431d2.npz,263ef62553e80a1d8edd69d3fb689820c8a948912eefe85d33a3be94b5d309d4,/content/cv3d-project/data/cache/reconstruction/metrics/03001627/120735afde493c277ff6ace05b36a5/60fe1f162383751af6fcd6d4.json,11.905897999895387
03001627/122a480cfcdd742650c626aa72455dae,farthest,1,[0],1.3457397791489625,1.4324286278928766,1.5191174766367908,0.0,0.0,0.0,1.9916727854651373,0.0,0.0,0.0,0.0,0.0,0.0,camera_rotation_center_and_target_diameter_scale_single_view,5.813984561394863,0.0,10000,10000,True,True,True,/content/cv3d-project/data/cache/reconstruction/predictions/03001627/122a480cfcdd742650c626aa72455dae/355819e7a9bfe90925f991cf.npz,68684977de500b6c2815df47351c10e81564671c7aaa28457b1d430ba91160cc,/content/cv3d-project/data/cache/reconstruction/metrics/03001627/122a480cfcdd742650c626aa72455dae/b409b10884361a73c7c7785f.json,3.8375389999600884
03001627/122a480cfcdd742650c626aa72455dae,farthest,2,"[0, 46]",0.021691176505123623,0.06499875054335585,0.10830632458158809,0.658888218332998,0.0692455395847593,0.14123783926218708,1.9916727854651373,1.0,0.4004,0.6802,0.4913,0.0379,0.0788,camera_pose_sim3,2.7459046993642455,0.01805900177274435,10000,10000,True,False,True,/content/cv3d-project/data/cache/reconstruction/predictions/03001627/122a480cfcdd742650c626aa72455dae/167e2b287ce42f6cb2ed260f.npz,d33c0a6524430870104c5e0ea9017f725e182af424be39637a82a17b155f6e87,/content/cv3d-project/data/cache/reconstruction/metrics/03001627/122a480cfcdd742650c626aa72455dae/e747eec10166d3f5ad58c5b9.json,11.904075000074954
03001627/122a480cfcdd742650c626aa72455dae,farthest,3,"[0, 46, 18]",0.34183852068311066,0.407255205429107,0.47267189017510325,0.0,0.0,0.0,1.9916727854651373,0.0,0.0,0.0,0.0,0.0,0.0,camera_pose_sim3,2.032698600481499,0.9089552724746872,10000,10000,True,False,True,/content/cv3d-project/data/cache/reconstruction/predictions/03001627/122a480cfcdd742650c626aa72455dae/0ac6a35d625ee0c73c752883.npz,cf31e61d455d700a4fe41cd668ce1fe7a7ad211a41dade9bcfddd09ab56e5aca,/content/cv3d-project/data/cache/reconstruction/metrics/03001627/122a480cfcdd742650c626aa72455dae/0f8a8b67443bd2b575d6b424.json,12.422049000178959
03001627/122a480cfcdd742650c626aa72455dae,farthest,5,"[0, 46, 18, 28, 16]",0.06161224293734904,0.15323595018611647,0.2448596574348839,0.14457884057971013,0.008053766617429839,0.019517723770005928,1.9916727854651373,0.8177,0.0634,0.1583,0.0793,0.0043,0.0104,camera_pose_sim3,1.538990083093787,0.9084850030843336,10000,10000,True,False,True,/content/cv3d-project/data/cache/reconstruction/predictions/03001627/122a480cfcdd742650c626aa72455dae/dc8065f58401f221e4270c37.npz,fa8a146fb44c6d121a1c6dbc46b93970dcd1d599ef1d39257c4276555c56d554,/content/cv3d-project/data/cache/reconstruction/metrics/03001627/122a480cfcdd742650c626aa72455dae/d400a9c36b5b8d1209930569.json,12.125344999731169
03001627/122a480cfcdd742650c626aa72455dae,farthest,10,"[0, 46, 18, 28, 16, 30, 2, 44, 13, 33]",0.06030617575819667,0.0971097224745831,0.13391326919096955,0.40968739558892536,0.046325512104283054,0.09614694937256599,1.9916727854651373,0.7888,0.0736,0.1629,0.2767,0.0338,0.0682,camera_pose_sim3,2.6367779131369633,0.37158170248552036,10000,10000,True,False,True,/content/cv3d-project/data/cache/reconstruction/predictions/03001627/122a480cfcdd742650c626aa72455dae/41142fa00916d2bc5377b361.npz,2acebdf75305b28aa4d741eafb77cba4619c0100abf338dd95efd0f9f6a45599,/content/cv3d-project/data/cache/reconstruction/metrics/03001627/122a480cfcdd742650c626aa72455dae/5e9af2402f14cc662c7e8a7c.json,12.061252999956196
03001627/1230d31e3a6cbf309cd431573238602d,farthest,1,[0],2.0019717534531667,2.1415706396974277,2.2811695259416886,0.0,0.0,0.0,1.9957835202287324,0.0,0.0,0.0,0.0,0.0,0.0,camera_rotation_center_and_target_diameter_scale_single_view,7.338272138746838,0.0,10000,10000,True,True,True,/content/cv3d-project/data/cache/reconstruction/predictions/03001627/1230d31e3a6cbf309cd431573238602d/b790d8901d599c6b64b8e016.npz,41301e3c95561e879d59eb7d939018a1b39b7c51685d174c6ae82958dcc5531b,/content/cv3d-project/data/cache/reconstruction/metrics/03001627/1230d31e3a6cbf309cd431573238602d/4d92c9aa33ea0365974edc10.json,3.791181999986293
03001627/1230d31e3a6cbf309cd431573238602d,farthest,2,"[0, 46]",0.08051928872603985,0.18040500560271283,0.2802907224793858,0.20994630522611754,0.011055944055944057,0.026070273165506155,1.9957835202287324,0.6418,0.051,0.1726,0.1255,0.0062,0.0141,camera_pose_sim3,2.9055628964094984,0.14830924842476925,10000,10000,True,False,True,/content/cv3d-project/data/cache/reconstruction/predictions/03001627/1230d31e3a6cbf309cd431573238602d/9f341bbcbc4a9c5c4a8d55ae.npz,92d156ea81033e987b33496b600729dc8aeff38960ba956379eb33f8fc765495,/content/cv3d-project/data/cache/reconstruction/metrics/03001627/1230d31e3a6cbf309cd431573238602d/a3822b2f79347de880006cb3.json,11.415269999815791
03001627/1230d31e3a6cbf309cd431573238602d,farthest,3,"[0, 46, 18]",0.1919227172433727,0.2795392969617027,0.36715587668003274,0.020596153846153844,0.0,0.0,1.9957835202287324,0.0315,0.0,0.0,0.0153,0.0,0.0,camera_pose_sim3,1.9092555236922628,0.8675771421786217,10000,10000,True,False,True,/content/cv3d-project/data/cache/reconstruction/predictions/03001627/1230d31e3a6cbf309cd431573238602d/e4111bedc1fb07ad9da9a60b.npz,5da831d3f614970c7733efc96f96952e1411cc0c7f5fae5f2365031d922b773a,/content/cv3d-project/data/cache/reconstruction/metrics/03001627/1230d31e3a6cbf309cd431573238602d/fb627b1c870dd1734c1cc6d9.json,11.293703999854188
03001627/1230d31e3a6cbf309cd431573238602d,farthest,5,"[0, 46, 18, 28, 16]",0.18428837375324922,0.3412572684707395,0.49822616318822976,0.0,0.0,0.0,1.9957835202287324,0.0,0.0,0.0,0.0,0.0,0.0,camera_pose_sim3,0.7180903648036492,1.2703955192831098,10000,10000,True,False,True,/content/cv3d-project/data/cache/reconstruction/predictions/03001627/1230d31e3a6cbf309cd431573238602d/80d0a8382a35dfb3e7946205.npz,c5718e34e3fdeb652ba4ad2d232ae0bd6e4881c23696522ebb88ef05b40fa599,/content/cv3d-project/data/cache/reconstruction/metrics/03001627/1230d31e3a6cbf309cd431573238602d/11d5adc3bce3c08b720d0595.json,11.89239399991493
03001627/1230d31e3a6cbf309cd431573238602d,farthest,10,"[0, 46, 18, 28, 16, 30, 2, 44, 13, 33]",0.11986931115369154,0.2764585284956803,0.43304774583766914,0.04328807639836289,0.0,0.0007058823529411765,1.9957835202287324,0.3434,0.0,0.0012,0.0231,0.0,0.0005,camera_pose_sim3,1.3897244586388695,1.09714553459673,10000,10000,True,False,True,/content/cv3d-project/data/cache/reconstruction/predictions/03001627/1230d31e3a6cbf309cd431573238602d/9db0e42263814ed93c220dcb.npz,5c1e79b42f6c1b65a8a40c2623f69a8b2550e562a1287774588636f87095ec64,/content/cv3d-project/data/cache/reconstruction/metrics/03001627/1230d31e3a6cbf309cd431573238602d/03d1a0953421e5773ffe5c77.json,13.604669999949692
03001627/123305d8ccc0dc6346918a1d9c256af3,farthest,1,[0],2.081376512445006,2.1816561559522434,2.28193579945948,0.0,0.0,0.0,1.9892805889634293,0.0,0.0,0.0,0.0,0.0,0.0,camera_rotation_center_and_target_diameter_scale_single_view,7.245731585965904,0.0,10000,10000,True,True,True,/content/cv3d-project/data/cache/reconstruction/predictions/03001627/123305d8ccc0dc6346918a1d9c256af3/ea7cf4e63fa91da75a421773.npz,83a6f35e8a3fb816a97ca5421581ed48262c612c4a98de4ba5c3617a8ca69587,/content/cv3d-project/data/cache/reconstruction/metrics/03001627/123305d8ccc0dc6346918a1d9c256af3/d02566fcea741b825c29f5bc.json,3.924173000086739
03001627/123305d8ccc0dc6346918a1d9c256af3,farthest,2,"[0, 46]",1.194530684868674,1.2895474023193292,1.3845641197699845,0.0,0.0,0.0,1.9892805889634293,0.0,0.0,0.0,0.0,0.0,0.0,camera_pose_sim3,2.1479335376305753,1.3072296944559643,10000,10000,True,False,True,/content/cv3d-project/data/cache/reconstruction/predictions/03001627/123305d8ccc0dc6346918a1d9c256af3/56ae3eeeecf614846f4eb20e.npz,4fcae43c34564a391c0b4210cf857835bf84ee26df935ae6e260cb6dfea01c3d,/content/cv3d-project/data/cache/reconstruction/metrics/03001627/123305d8ccc0dc6346918a1d9c256af3/75b53df639a2be15b5c423cd.json,12.608143000306882
03001627/123305d8ccc0dc6346918a1d9c256af3,farthest,3,"[0, 46, 18]",1.4241394971761936,1.5032205582488158,1.582301619321438,0.0,0.0,0.0,1.9892805889634293,0.0,0.0,0.0,0.0,0.0,0.0,camera_pose_sim3,2.7689593757539455,1.0595550756323944,10000,10000,True,False,True,/content/cv3d-project/data/cache/reconstruction/predictions/03001627/123305d8ccc0dc6346918a1d9c256af3/ba37eac4ca3de922ce858557.npz,aea5304b697ffa1d1c8341e0a964f016ba548132a5aa4efa2c4e0fa4c55bc0bf,/content/cv3d-project/data/cache/reconstruction/metrics/03001627/123305d8ccc0dc6346918a1d9c256af3/1f5e3242247370c691100d07.json,12.361033000161115
03001627/123305d8ccc0dc6346918a1d9c256af3,farthest,5,"[0, 46, 18, 28, 16]",1.4732488343644428,1.5393667399834334,1.6054846456024239,0.0,0.0,0.0,1.9892805889634293,0.0,0.0,0.0,0.0,0.0,0.0,camera_pose_sim3,2.9764670725811273,0.7859322518267715,10000,10000,True,False,True,/content/cv3d-project/data/cache/reconstruction/predictions/03001627/123305d8ccc0dc6346918a1d9c256af3/5aa1c0cf1a2da793e105a840.npz,d93843ddf2c2a7b0632184e6c417a2f1cdfb1e4fb5c7056be3b36ab3764964f6,/content/cv3d-project/data/cache/reconstruction/metrics/03001627/123305d8ccc0dc6346918a1d9c256af3/3d3f76fd644244e0d55b91e2.json,12.863328000094043
03001627/123305d8ccc0dc6346918a1d9c256af3,farthest,10,"[0, 46, 18, 28, 16, 30, 2, 44, 13, 33]",0.20207767270278418,0.24892390344641058,0.295770134190037,0.05854740425531916,0.0,0.0,1.9892805889634293,0.0553,0.0,0.0,0.0622,0.0,0.0,camera_pose_sim3,2.3212501388260987,0.7901768924534702,10000,10000,True,False,True,/content/cv3d-project/data/cache/reconstruction/predictions/03001627/123305d8ccc0dc6346918a1d9c256af3/5a69f507c719ccd5e01f8bd8.npz,3b560e23bdac96386075137cb6ecf6310302fcdac3630197b846cbbf216bb469,/content/cv3d-project/data/cache/reconstruction/metrics/03001627/123305d8ccc0dc6346918a1d9c256af3/ea66b12c7f53df4353ecdff3.json,13.871285999812244
03001627/123b44b99e48eccb6960dc525de2f934,farthest,1,[0],1.8037519595576113,1.898081877599179,1.9924117956407468,0.0,0.0,0.0,2.000005800294998,0.0,0.0,0.0,0.0,0.0,0.0,camera_rotation_center_and_target_diameter_scale_single_view,6.675596330654128,0.0,10000,10000,True,True,True,/content/cv3d-project/data/cache/reconstruction/predictions/03001627/123b44b99e48eccb6960dc525de2f934/3960a0ec1825366c00cb2f4d.npz,12f384675a28043609e035fc72577cc9161a4d71dd683beca71c2517f9ddb4ad,/content/cv3d-project/data/cache/reconstruction/metrics/03001627/123b44b99e48eccb6960dc525de2f934/f79461fca5d338bc5e310ba1.json,4.645971999707399
03001627/123b44b99e48eccb6960dc525de2f934,farthest,2,"[0, 46]",0.8442171766418518,0.8891005956867257,0.9339840147315996,0.0,0.0,0.0,2.000005800294998,0.0,0.0,0.0,0.0,0.0,0.0,camera_pose_sim3,2.499136437636306,0.5676144127263917,10000,10000,True,False,True,/content/cv3d-project/data/cache/reconstruction/predictions/03001627/123b44b99e48eccb6960dc525de2f934/6fedee94ffc097aba7c7be66.npz,a8c4cea4f9073d9cc20e5da15637deacf8900d4fa30358fa2ed5728276c565ca,/content/cv3d-project/data/cache/reconstruction/metrics/03001627/123b44b99e48eccb6960dc525de2f934/5f8988e3c8e96e6a81c381bc.json,12.366208000003098
03001627/123b44b99e48eccb6960dc525de2f934,farthest,3,"[0, 46, 18]",0.6528089187543069,0.7932439687015622,0.9336790186488176,0.0,0.0,0.0,2.000005800294998,0.0,0.0,0.0,0.0,0.0,0.0,camera_pose_sim3,1.5260079007116685,1.0233557850640276,10000,10000,True,False,True,/content/cv3d-project/data/cache/reconstruction/predictions/03001627/123b44b99e48eccb6960dc525de2f934/40d1cf8aee96ce1e5f659a14.npz,04ac182f2277f0361f91357622738eb97e3ce848b12243dfff1cd8cc6046ecee,/content/cv3d-project/data/cache/reconstruction/metrics/03001627/123b44b99e48eccb6960dc525de2f934/86d75a77c8ed3ec39cc68c70.json,11.648741000044538
03001627/123b44b99e48eccb6960dc525de2f934,farthest,5,"[0, 46, 18, 28, 16]",0.08861834932268008,0.280195690195926,0.4717730310691719,0.025012888515540618,0.0,0.0,2.000005800294998,0.8206,0.0,0.0,0.0127,0.0,0.0,camera_pose_sim3,0.5449493766810136,1.3208796708679869,10000,10000,True,False,True,/content/cv3d-project/data/cache/reconstruction/predictions/03001627/123b44b99e48eccb6960dc525de2f934/bdc5de594f847f50ce19ce82.npz,379e4add8f6b3adaeea3117e20c366236fae73df3ee0ec00d395838a2b69da7f,/content/cv3d-project/data/cache/reconstruction/metrics/03001627/123b44b99e48eccb6960dc525de2f934/9839aad5ed1effaef1f97fe5.json,12.431443999957992
03001627/123b44b99e48eccb6960dc525de2f934,farthest,10,"[0, 46, 18, 28, 16, 30, 2, 44, 13, 33]",0.024306286415075113,0.036370641311138326,0.04843499620720154,0.939622904405917,0.15911108628874615,0.305869801553063,2.000005800294998,0.9999,0.2388,0.4683,0.8862,0.1193,0.2271,camera_pose_sim3,2.557023158895914,0.1565367393372477,10000,10000,True,False,True,/content/cv3d-project/data/cache/reconstruction/predictions/03001627/123b44b99e48eccb6960dc525de2f934/4d96111fd6c62306e118824b.npz,7393d0b6e6aeb1e0f60273c8fae87c1235459cf4745f70ac3a54996eb8bf4d1f,/content/cv3d-project/data/cache/reconstruction/metrics/03001627/123b44b99e48eccb6960dc525de2f934/d557552ef1749dfadd532ba0.json,12.749429999985296
03001627/124117cdec71699850c2ec40da48fd9d,farthest,1,[0],1.7036636696695866,1.7616158673991864,1.8195680651287862,0.0,0.0,0.0,1.9984808046793405,0.0,0.0,0.0,0.0,0.0,0.0,camera_rotation_center_and_target_diameter_scale_single_view,6.489970911035569,0.0,10000,10000,True,True,True,/content/cv3d-project/data/cache/reconstruction/predictions/03001627/124117cdec71699850c2ec40da48fd9d/9549d1ea165c7d00977002c6.npz,1284639f75f1b238fd7997073a73eb085c993943c86cde615bbaaf5f688a734e,/content/cv3d-project/data/cache/reconstruction/metrics/03001627/124117cdec71699850c2ec40da48fd9d/9f0246c923cb7a468771e9a6.json,3.9526509999632253
03001627/124117cdec71699850c2ec40da48fd9d,farthest,2,"[0, 46]",0.04528723359208501,0.07049045231481621,0.0956936710375474,0.7555911733450023,0.010561748633879783,0.05393598103141672,1.9984808046793405,0.988,0.0302,0.135,0.6117,0.0064,0.0337,camera_pose_sim3,2.597417021839669,0.033702568992861955,10000,10000,True,False,True,/content/cv3d-project/data/cache/reconstruction/predictions/03001627/124117cdec71699850c2ec40da48fd9d/ed6ed091fa4384b7d3b3ecdc.npz,416359da2eff99ada5aeac30dcb04d40f8d55fde297c6d02899d7708b39b6e29,/content/cv3d-project/data/cache/reconstruction/metrics/03001627/124117cdec71699850c2ec40da48fd9d/d689aad6ce7f272ac3f7bb74.json,12.334062000263657
03001627/124117cdec71699850c2ec40da48fd9d,farthest,3,"[0, 46, 18]",0.24004831372927937,0.38869748473759946,0.5373466557459196,0.0,0.0,0.0,1.9984808046793405,0.0,0.0,0.0,0.0,0.0,0.0,camera_pose_sim3,1.8930993553212843,0.924524220756235,10000,10000,True,False,True,/content/cv3d-project/data/cache/reconstruction/predictions/03001627/124117cdec71699850c2ec40da48fd9d/9be4c6142ef79885a45c4d2d.npz,79b928d3febffd7cd58ad1659d94d80bb08a8c563feb253d38f240d1bc82d152,/content/cv3d-project/data/cache/reconstruction/metrics/03001627/124117cdec71699850c2ec40da48fd9d/f8974e1599bfd799d81acee1.json,12.455120000140596
03001627/124117cdec71699850c2ec40da48fd9d,farthest,5,"[0, 46, 18, 28, 16]",0.14515817977580972,0.20312938347223902,0.26110058716866835,0.14361904761904762,0.0,0.0,1.9984808046793405,0.232,0.0,0.0,0.104,0.0,0.0,camera_pose_sim3,2.2129365225503426,0.42432744373237496,10000,10000,True,False,True,/content/cv3d-project/data/cache/reconstruction/predictions/03001627/124117cdec71699850c2ec40da48fd9d/c1ede849ffc8275b3053b7b4.npz,9dd51309f2bf66b42a5054b9f3f3baa194962579b62b0c1dc98f2d19d4f86d7a,/content/cv3d-project/data/cache/reconstruction/metrics/03001627/124117cdec71699850c2ec40da48fd9d/7b253411ca944cb014154464.json,12.5780959997428
03001627/124117cdec71699850c2ec40da48fd9d,farthest,10,"[0, 46, 18, 28, 16, 30, 2, 44, 13, 33]",0.03458172945848297,0.042841108248047585,0.0511004870376122,0.9465776091081594,0.14914502369668245,0.3031304427761606,1.9984808046793405,0.9924,0.2264,0.4134,0.9048,0.1112,0.2393,camera_pose_sim3,2.6393301119557093,0.16006288079322017,10000,10000,True,False,True,/content/cv3d-project/data/cache/reconstruction/predictions/03001627/124117cdec71699850c2ec40da48fd9d/c36cc35e673d94aa606fd1ec.npz,9fc6cf245c1bee30096870eaaa6bab1a1f582454228f7015acd1db3789b3ee3c,/content/cv3d-project/data/cache/reconstruction/metrics/03001627/124117cdec71699850c2ec40da48fd9d/6d40e4f6dc152f156ce76d22.json,12.645265000173822
03001627/124ef426dfa0aa38ff6069724068a578,farthest,1,[0],1.4477851215310167,1.5803027194649668,1.7128203173989172,0.0,0.0,0.0,1.9973495293825851,0.0,0.0,0.0,0.0,0.0,0.0,camera_rotation_center_and_target_diameter_scale_single_view,6.201234297869041,0.0,10000,10000,True,True,True,/content/cv3d-project/data/cache/reconstruction/predictions/03001627/124ef426dfa0aa38ff6069724068a578/9b5e176e85f8bedf9815fe5c.npz,2238c6dde4390175107e603361adabaf715be0348b518448099de1d0261237d4,/content/cv3d-project/data/cache/reconstruction/metrics/03001627/124ef426dfa0aa38ff6069724068a578/cb7a7f5c156f050250934298.json,3.8486290000037116
03001627/124ef426dfa0aa38ff6069724068a578,farthest,2,"[0, 46]",0.01470961347230042,0.06517833117001573,0.11564704886773103,0.6167310498158828,0.0903514626969015,0.14929118318867063,1.9973495293825851,0.9918,0.5283,0.7932,0.4475,0.0494,0.0824,camera_pose_sim3,2.7030505446554574,0.04460022994431784,10000,10000,True,False,True,/content/cv3d-project/data/cache/reconstruction/predictions/03001627/124ef426dfa0aa38ff6069724068a578/4602adf7d7eeb4cccae58118.npz,df772a1306cf92b70569ebb52f628eae717d28762f47f07840e4ef9956ef5d80,/content/cv3d-project/data/cache/reconstruction/metrics/03001627/124ef426dfa0aa38ff6069724068a578/8471fd3bc87974caa9e30a4a.json,11.828562000118836
03001627/124ef426dfa0aa38ff6069724068a578,farthest,3,"[0, 46, 18]",0.29412648304384176,0.4253280246738901,0.5565295663039384,0.0,0.0,0.0,1.9973495293825851,0.0,0.0,0.0,0.0,0.0,0.0,camera_pose_sim3,1.917495902138609,0.905940904030161,10000,10000,True,False,True,/content/cv3d-project/data/cache/reconstruction/predictions/03001627/124ef426dfa0aa38ff6069724068a578/1997b0cfd3512b17146eefcf.npz,ec00e0a0aa8694cf071d420dba0fa0b4406a7f468b4764db02d727e44e3bfb20,/content/cv3d-project/data/cache/reconstruction/metrics/03001627/124ef426dfa0aa38ff6069724068a578/2515aa33d60201791586baac.json,11.675566000121762
03001627/124ef426dfa0aa38ff6069724068a578,farthest,5,"[0, 46, 18, 28, 16]",0.05091178553528336,0.12650949137184253,0.20210719720840167,0.3245647058823529,0.01683364670954973,0.034722835443037975,1.9973495293825851,0.726,0.1933,0.3768,0.209,0.0088,0.0182,camera_pose_sim3,1.456795585732667,1.0955774690405418,10000,10000,True,False,True,/content/cv3d-project/data/cache/reconstruction/predictions/03001627/124ef426dfa0aa38ff6069724068a578/198478597aaf2c126464d9e2.npz,eb1eee7b0d753abb504e6c5255595a2d4d9a83313e327f33575d2b10513b7b13,/content/cv3d-project/data/cache/reconstruction/metrics/03001627/124ef426dfa0aa38ff6069724068a578/44b21f670727e40f2dbd240e.json,12.383285000396427
03001627/124ef426dfa0aa38ff6069724068a578,farthest,10,"[0, 46, 18, 28, 16, 30, 2, 44, 13, 33]",0.045143710188497665,0.057861608255192376,0.07057950632188709,0.8886892759142074,0.060485562310030404,0.1536808573106283,1.9973495293825851,0.9538,0.0845,0.2235,0.8319,0.0471,0.1171,camera_pose_sim3,2.674308872660369,0.10225843439259096,10000,10000,True,False,True,/content/cv3d-project/data/cache/reconstruction/predictions/03001627/124ef426dfa0aa38ff6069724068a578/7a0d1a6b4c9830569f981dff.npz,4665134b3ebd6d7ac6b44a75544003920e6c8e538c13d14cee1b8aebc56f5414,/content/cv3d-project/data/cache/reconstruction/metrics/03001627/124ef426dfa0aa38ff6069724068a578/e109c99bd71d19b1cc598a2f.json,12.775496999893221
03001627/126e65c55961e5c166f17d3ad78f5a62,farthest,1,[0],1.1280788415504448,1.2595335274041985,1.3909882132579523,0.0,0.0,0.0,1.996358411819242,0.0,0.0,0.0,0.0,0.0,0.0,camera_rotation_center_and_target_diameter_scale_single_view,5.595346652547654,0.0,10000,10000,True,True,True,/content/cv3d-project/data/cache/reconstruction/predictions/03001627/126e65c55961e5c166f17d3ad78f5a62/eab2d30fdd27d9ae8da4bb07.npz,db12d967abf228aa431d6305d58a7364faeee259f457007a717d92a1ca7d67d8,/content/cv3d-project/data/cache/reconstruction/metrics/03001627/126e65c55961e5c166f17d3ad78f5a62/412877772cbd39f9b69ca06a.json,3.9038579998305067
03001627/126e65c55961e5c166f17d3ad78f5a62,farthest,2,"[0, 46]",0.16551068404320135,0.2536730866944156,0.3418354893456298,0.052109936575052855,0.0,0.0,1.996358411819242,0.158,0.0,0.0,0.0312,0.0,0.0,camera_pose_sim3,2.5821655993354207,0.1800851314887385,10000,10000,True,False,True,/content/cv3d-project/data/cache/reconstruction/predictions/03001627/126e65c55961e5c166f17d3ad78f5a62/94eca5c4cc5743ba57e460b9.npz,0063edd082b6f8496cbb5effaf63897c52d01f5f98dfa7b148a930e128d358d2,/content/cv3d-project/data/cache/reconstruction/metrics/03001627/126e65c55961e5c166f17d3ad78f5a62/18a466e91c23a894a5fa7bf5.json,11.397664000014629
03001627/126e65c55961e5c166f17d3ad78f5a62,farthest,3,"[0, 46, 18]",0.48367579331170485,0.594162965091892,0.7046501368720791,0.0,0.0,0.0,1.996358411819242,0.0,0.0,0.0,0.0,0.0,0.0,camera_pose_sim3,1.047287914739774,1.1173918963986422,10000,10000,True,False,True,/content/cv3d-project/data/cache/reconstruction/predictions/03001627/126e65c55961e5c166f17d3ad78f5a62/252fd48d5e6199562f1ac757.npz,128b270086dbe9ec829eb9dbfaa9c6c2c3831a85a19b0c346fa6ff37701e34f0,/content/cv3d-project/data/cache/reconstruction/metrics/03001627/126e65c55961e5c166f17d3ad78f5a62/6a51a7179b6b598d2a410eb1.json,11.6787869997097
03001627/126e65c55961e5c166f17d3ad78f5a62,farthest,5,"[0, 46, 18, 28, 16]",0.686580154389992,0.7760781958564815,0.865576237322971,0.0,0.0,0.0,1.996358411819242,0.0,0.0,0.0,0.0,0.0,0.0,camera_pose_sim3,1.4269437980396742,1.145527786114634,10000,10000,True,False,True,/content/cv3d-project/data/cache/reconstruction/predictions/03001627/126e65c55961e5c166f17d3ad78f5a62/312ad9b0f01cff90d5b98e0b.npz,0b392e2c9ce8875407ad7337c5a5018784d2f4d5e43477a42cc7b9b629c4759d,/content/cv3d-project/data/cache/reconstruction/metrics/03001627/126e65c55961e5c166f17d3ad78f5a62/1c648242d87717c58b983c95.json,11.464334999800485
03001627/126e65c55961e5c166f17d3ad78f5a62,farthest,10,"[0, 46, 18, 28, 16, 30, 2, 44, 13, 33]",0.4255863278956381,0.4620010042209245,0.4984156805462108,0.0,0.0,0.0,1.996358411819242,0.0,0.0,0.0,0.0,0.0,0.0,camera_pose_sim3,1.5975078609372533,1.016068975663813,10000,10000,True,False,True,/content/cv3d-project/data/cache/reconstruction/predictions/03001627/126e65c55961e5c166f17d3ad78f5a62/0e44888a8f99b62965bb0319.npz,79c19946dc40136a6a55e560702bf1d8bd2eb0bb7085b2aed6912eb59549043b,/content/cv3d-project/data/cache/reconstruction/metrics/03001627/126e65c55961e5c166f17d3ad78f5a62/1f780685b4ab750cc9f80544.json,12.08050400009597
03001627/128517f2992b6fb92057e1ae1c4cc928,farthest,1,[0],0.7483799840565057,0.8688212474824133,0.9892625109083207,0.0,0.0,0.0,1.9968262078908938,0.0,0.0,0.0,0.0,0.0,0.0,camera_rotation_center_and_target_diameter_scale_single_view,4.835466949514598,0.0,10000,10000,True,True,True,/content/cv3d-project/data/cache/reconstruction/predictions/03001627/128517f2992b6fb92057e1ae1c4cc928/d90b8fb4a0cf16593fb0a784.npz,1c653139990ef73ece5ddfb29fbf5577cc8c8d4ebab123a67d93740ebf710352,/content/cv3d-project/data/cache/reconstruction/metrics/03001627/128517f2992b6fb92057e1ae1c4cc928/34fec3e339c689938d0b5cb7.json,4.179439999916212
03001627/128517f2992b6fb92057e1ae1c4cc928,farthest,2,"[0, 46]",0.0590904030226166,0.08906210437770024,0.11903380573278388,0.5404653495934959,0.02046073871409029,0.052102239789196314,1.9968262078908938,0.8291,0.0608,0.1184,0.4009,0.0123,0.0334,camera_pose_sim3,2.8017581415505317,0.035892843318806274,10000,10000,True,False,True,/content/cv3d-project/data/cache/reconstruction/predictions/03001627/128517f2992b6fb92057e1ae1c4cc928/ee7837744a972c76659b8477.npz,0733f91bb619bdd63b6fb0be7402c50711414f2b488db8e898ae09c3ce1f826f,/content/cv3d-project/data/cache/reconstruction/metrics/03001627/128517f2992b6fb92057e1ae1c4cc928/48a928d9f76608ac569cef8a.json,12.073666000105732
03001627/128517f2992b6fb92057e1ae1c4cc928,farthest,3,"[0, 46, 18]",0.20380361413054518,0.34349987577876134,0.4831961374269775,0.014871794871794871,0.0,0.0,1.9968262078908938,0.029,0.0,0.0,0.01,0.0,0.0,camera_pose_sim3,1.828114519803245,0.9452245226627893,10000,10000,True,False,True,/content/cv3d-project/data/cache/reconstruction/predictions/03001627/128517f2992b6fb92057e1ae1c4cc928/7cfb9e0ae2eff86d9ab3ae0a.npz,5a8becfdf55251b923eed383102298c33375eb9f79507d2888f55ae39b9c5cf2,/content/cv3d-project/data/cache/reconstruction/metrics/03001627/128517f2992b6fb92057e1ae1c4cc928/5e0777d0dd18984f3e3d0dca.json,11.43284699992364
03001627/128517f2992b6fb92057e1ae1c4cc928,farthest,5,"[0, 46, 18, 28, 16]",0.08289408368108858,0.2064853252718465,0.3300765668626044,0.1713869810353665,0.004918260869565217,0.013042544731610338,1.9968262078908938,0.6824,0.0202,0.0426,0.098,0.0028,0.0077,camera_pose_sim3,1.71987594907769,0.8409596361366551,10000,10000,True,False,True,/content/cv3d-project/data/cache/reconstruction/predictions/03001627/128517f2992b6fb92057e1ae1c4cc928/3971f70798f4479993b6904e.npz,c5620e489e463dc3caad7f12847ec5ad45c9025eb9ee996735ae2bd749f5ac0e,/content/cv3d-project/data/cache/reconstruction/metrics/03001627/128517f2992b6fb92057e1ae1c4cc928/9710ad4b3337563054321744.json,11.55251699992732
03001627/128517f2992b6fb92057e1ae1c4cc928,farthest,10,"[0, 46, 18, 28, 16, 30, 2, 44, 13, 33]",0.09108998789294133,0.13204263676811268,0.172995285643284,0.42754213631739574,0.009525773195876287,0.027588732394366197,1.9968262078908938,0.6688,0.011,0.0236,0.3142,0.0084,0.0332,camera_pose_sim3,2.5109186691784937,0.5316857632182576,10000,10000,True,False,True,/content/cv3d-project/data/cache/reconstruction/predictions/03001627/128517f2992b6fb92057e1ae1c4cc928/04675601d1c813a1429c9bc0.npz,766040355db4703d8247d415bd924782befbe8ee96c577e4fbf304735fbfced9,/content/cv3d-project/data/cache/reconstruction/metrics/03001627/128517f2992b6fb92057e1ae1c4cc928/44b557d1c6972405856e8d02.json,11.878561000230548
03001627/12a56b6d02a93c5c711beb49b60c734f,farthest,1,[0],1.8088079701031126,1.9703598485347857,2.1319117269664587,0.0,0.0,0.0,1.9849204329072256,0.0,0.0,0.0,0.0,0.0,0.0,camera_rotation_center_and_target_diameter_scale_single_view,6.969912431300704,0.0,10000,10000,True,True,True,/content/cv3d-project/data/cache/reconstruction/predictions/03001627/12a56b6d02a93c5c711beb49b60c734f/dfdc3cbdeffc64bf4f0cafab.npz,9ff3969592ee3b585ff8fbc8b604cbf8c8337275b4c184996aa3239bbb5fd319,/content/cv3d-project/data/cache/reconstruction/metrics/03001627/12a56b6d02a93c5c711beb49b60c734f/3713b408616ef18e5604e6f9.json,3.779580000355054
03001627/12a56b6d02a93c5c711beb49b60c734f,farthest,2,"[0, 46]",0.01739825913182267,0.1571161250867666,0.2968339910417105,0.07636818312974895,0.0007930283224400873,0.002395750332005312,1.9849204329072256,1.0,0.0455,0.6765,0.0397,0.0004,0.0012,camera_pose_sim3,0.15214295083173904,1.3733524580483407,10000,10000,True,False,True,/content/cv3d-project/data/cache/reconstruction/predictions/03001627/12a56b6d02a93c5c711beb49b60c734f/556648f814d0354189f050fe.npz,8822b11525cdc004400a8dee516f9f06f0ea17acfca4eb64a53f9cf7b923d5fd,/content/cv3d-project/data/cache/reconstruction/metrics/03001627/12a56b6d02a93c5c711beb49b60c734f/d8cb68f11433b4c6097f088a.json,11.948358000154258
03001627/12a56b6d02a93c5c711beb49b60c734f,farthest,3,"[0, 46, 18]",0.3063130409248893,0.4668894209659215,0.6274658010069537,0.0,0.0,0.0,1.9849204329072256,0.0,0.0,0.0,0.0,0.0,0.0,camera_pose_sim3,1.3668065544159236,1.0021573508610138,10000,10000,True,False,True,/content/cv3d-project/data/cache/reconstruction/predictions/03001627/12a56b6d02a93c5c711beb49b60c734f/5d9fc5f83dfe6c86cce74b91.npz,680975b71c85707d9366cb2c21e5c2fc7736c43608f2e725e3955a362ca99f76,/content/cv3d-project/data/cache/reconstruction/metrics/03001627/12a56b6d02a93c5c711beb49b60c734f/24df617f598f5eb664a6441a.json,12.233422000008431
03001627/12a56b6d02a93c5c711beb49b60c734f,farthest,5,"[0, 46, 18, 28, 16]",0.45481230015851365,0.6038247204023629,0.7528371406462121,0.0,0.0,0.0,1.9849204329072256,0.0,0.0,0.0,0.0,0.0,0.0,camera_pose_sim3,1.496054340964254,1.1359711119353053,10000,10000,True,False,True,/content/cv3d-project/data/cache/reconstruction/predictions/03001627/12a56b6d02a93c5c711beb49b60c734f/f1554841de48e092b2f9eeb8.npz,00690a1a4fb061542a9845bcea033a326c52d77abdc65171ece3a0761c5467d0,/content/cv3d-project/data/cache/reconstruction/metrics/03001627/12a56b6d02a93c5c711beb49b60c734f/6a9b6a3128c30c748d663be4.json,11.70793599976605
03001627/12a56b6d02a93c5c711beb49b60c734f,farthest,10,"[0, 46, 18, 28, 16, 30, 2, 44, 13, 33]",0.031328180888339385,0.057184349716048535,0.08304051854375769,0.7678564232673267,0.08965384615384615,0.2154575611436445,1.9849204329072256,0.9881,0.1554,0.4377,0.6279,0.063,0.1429,camera_pose_sim3,2.4906539827792136,0.27086695247028075,10000,10000,True,False,True,/content/cv3d-project/data/cache/reconstruction/predictions/03001627/12a56b6d02a93c5c711beb49b60c734f/cac6de9fd6d2eeff1aa63072.npz,aea92f53e0eabc5c29cc7ce4a265c1b82969fac9b9d46424874865cd2373ae44,/content/cv3d-project/data/cache/reconstruction/metrics/03001627/12a56b6d02a93c5c711beb49b60c734f/e5c9bd25703a0e6cc7a5a5bb.json,11.792024999977002
03001627/12c2b7080b07146a9d4d5dcd2cc33826,farthest,1,[0],0.9786468697074743,1.0587637350863142,1.1388806004651542,0.0,0.0,0.0,2.0000037857665856,0.0,0.0,0.0,0.0,0.0,0.0,camera_rotation_center_and_target_diameter_scale_single_view,5.407754498424845,0.0,10000,10000,True,True,True,/content/cv3d-project/data/cache/reconstruction/predictions/03001627/12c2b7080b07146a9d4d5dcd2cc33826/f51d6803b9edb0248f803bea.npz,d853e5887fc45ab3f542b2f4c49cefaccba99bb8d4b4f52b24c6175610646b82,/content/cv3d-project/data/cache/reconstruction/metrics/03001627/12c2b7080b07146a9d4d5dcd2cc33826/cef2d3f198f8f377126ed9f9.json,3.8089230001787655
03001627/12c2b7080b07146a9d4d5dcd2cc33826,farthest,2,"[0, 46]",0.05006141797804456,0.09591378183878171,0.14176614569951887,0.4750285932138772,0.0033281045751633984,0.018412362030905075,2.0000037857665856,1.0,0.0134,0.0802,0.3115,0.0019,0.0104,camera_pose_sim3,2.5919101611561906,0.014708869172231947,10000,10000,True,False,True,/content/cv3d-project/data/cache/reconstruction/predictions/03001627/12c2b7080b07146a9d4d5dcd2cc33826/0435dc3670e2b936c3e16d4e.npz,e9152a551d1ebe65b8440171241b752b2ea9fafafb22729111ad0a35904b50d5,/content/cv3d-project/data/cache/reconstruction/metrics/03001627/12c2b7080b07146a9d4d5dcd2cc33826/5e483ac4eaf295d20d136397.json,11.691780000091967
03001627/12c2b7080b07146a9d4d5dcd2cc33826,farthest,3,"[0, 46, 18]",0.1189191847113588,0.26006992479433366,0.4012206648773085,0.07940988245537657,0.002476744186046512,0.008594444444444444,2.0000037857665856,0.4155,0.0071,0.0273,0.0439,0.0015,0.0051,camera_pose_sim3,2.077783736951619,0.8011138955958311,10000,10000,True,False,True,/content/cv3d-project/data/cache/reconstruction/predictions/03001627/12c2b7080b07146a9d4d5dcd2cc33826/d7a02b9ba7a6df20d1906b5f.npz,95910ff24bf3a4e1930e12c5df5e58301607a68d07c2a463256f6aaa42103b3f,/content/cv3d-project/data/cache/reconstruction/metrics/03001627/12c2b7080b07146a9d4d5dcd2cc33826/6696ca0a1661a2c78954dd4a.json,12.136948999796005
03001627/12c2b7080b07146a9d4d5dcd2cc33826,farthest,5,"[0, 46, 18, 28, 16]",0.058074096186328895,0.16729040070215304,0.27650670521797716,0.27470330125219916,0.02069007314524556,0.04553192794174012,2.0000037857665856,0.8005,0.0839,0.2357,0.1658,0.0118,0.0252,camera_pose_sim3,1.8539497610137579,0.9429355201231532,10000,10000,True,False,True,/content/cv3d-project/data/cache/reconstruction/predictions/03001627/12c2b7080b07146a9d4d5dcd2cc33826/d59b336526bb0eea29040d78.npz,0c1deae1eff731766b41184f6ce2be61739e160a66df3281a5cd4f866b4414ed,/content/cv3d-project/data/cache/reconstruction/metrics/03001627/12c2b7080b07146a9d4d5dcd2cc33826/69ad0f623bc76cd23d80793c.json,12.345295999693917
03001627/12c2b7080b07146a9d4d5dcd2cc33826,farthest,10,"[0, 46, 18, 28, 16, 30, 2, 44, 13, 33]",0.09045892222331738,0.12889153699584383,0.16732415176837026,0.33748436591886555,0.011706923076923075,0.03136746987951807,2.0000037857665856,0.6298,0.0171,0.041,0.2305,0.0089,0.0254,camera_pose_sim3,2.143597386362081,0.7893858105099323,10000,10000,True,False,True,/content/cv3d-project/data/cache/reconstruction/predictions/03001627/12c2b7080b07146a9d4d5dcd2cc33826/0d77fb17492857a9c01a3d2d.npz,d104203043e209fe58404aadae51becdd75b72c2d0f500998ab3900e41554581,/content/cv3d-project/data/cache/reconstruction/metrics/03001627/12c2b7080b07146a9d4d5dcd2cc33826/7624bff58bf3b5eff4d02faf.json,11.936991999846214
03001627/12d7ca3c06faaadf17b431cae0dd70ed,farthest,1,[0],2.51182169868387,2.610657755734523,2.709493812785176,0.0,0.0,0.0,1.9922326601085345,0.0,0.0,0.0,0.0,0.0,0.0,camera_rotation_center_and_target_diameter_scale_single_view,8.236552213024824,0.0,10000,10000,True,True,True,/content/cv3d-project/data/cache/reconstruction/predictions/03001627/12d7ca3c06faaadf17b431cae0dd70ed/a6a4b3a6e87ae2ec54c60e74.npz,7c025056b203fd9c8485ee17ba414592562da81f14ff35e981347629e8ecb61e,/content/cv3d-project/data/cache/reconstruction/metrics/03001627/12d7ca3c06faaadf17b431cae0dd70ed/9afea6ac16b19049c38e41b3.json,3.8050630000725505
03001627/12d7ca3c06faaadf17b431cae0dd70ed,farthest,2,"[0, 46]",0.2330082899723537,0.30461916312339904,0.3762300362744444,0.0,0.0,0.0,1.9922326601085345,0.0,0.0,0.0,0.0,0.0,0.0,camera_pose_sim3,2.930516682201728,0.026460493775328,10000,10000,True,False,True,/content/cv3d-project/data/cache/reconstruction/predictions/03001627/12d7ca3c06faaadf17b431cae0dd70ed/2e3288bb246908e95ac85122.npz,cd4dc446efe72007e49da1f743c853fea1da6881287c0c23766021455bc92a44,/content/cv3d-project/data/cache/reconstruction/metrics/03001627/12d7ca3c06faaadf17b431cae0dd70ed/b21b85f99abfde954f46481a.json,11.26675100022112
03001627/12d7ca3c06faaadf17b431cae0dd70ed,farthest,3,"[0, 46, 18]",0.46862272203898064,0.5547308589597413,0.6408389958805019,0.0,0.0,0.0,1.9922326601085345,0.0,0.0,0.0,0.0,0.0,0.0,camera_pose_sim3,2.243262072775566,0.8647342622733902,10000,10000,True,False,True,/content/cv3d-project/data/cache/reconstruction/predictions/03001627/12d7ca3c06faaadf17b431cae0dd70ed/9958fc242f5be95d6641570a.npz,0bbb9e7c710b328a693eab48622644207e2e17fb8401d4c693aeebf235fdf4fe,/content/cv3d-project/data/cache/reconstruction/metrics/03001627/12d7ca3c06faaadf17b431cae0dd70ed/6425f3d53f037e44c0039ec3.json,11.51510399995459
03001627/12d7ca3c06faaadf17b431cae0dd70ed,farthest,5,"[0, 46, 18, 28, 16]",0.18949305002627,0.30297715268779646,0.4164612553493229,0.002192771084337349,0.0,0.0,1.9922326601085345,0.007,0.0,0.0,0.0013,0.0,0.0,camera_pose_sim3,2.721219542988645,0.3927282951123616,10000,10000,True,False,True,/content/cv3d-project/data/cache/reconstruction/predictions/03001627/12d7ca3c06faaadf17b431cae0dd70ed/9a5ee97eeda9653f8d2b468f.npz,1cfc05b469943bff94e164c50c8c21ec7cda3bde253bbb61eee2f24d969f9982,/content/cv3d-project/data/cache/reconstruction/metrics/03001627/12d7ca3c06faaadf17b431cae0dd70ed/3fd27b64c8f6b93f8d09db3f.json,12.080863999926805
03001627/12d7ca3c06faaadf17b431cae0dd70ed,farthest,10,"[0, 46, 18, 28, 16, 30, 2, 44, 13, 33]",0.10034024036253793,0.1593837810184778,0.2184273216744177,0.19423438279301747,0.008053048780487805,0.01773572343149808,1.9922326601085345,0.5223,0.0281,0.0679,0.1193,0.0047,0.0102,camera_pose_sim3,2.3941066054395153,0.69023101904,10000,10000,True,False,True,/content/cv3d-project/data/cache/reconstruction/predictions/03001627/12d7ca3c06faaadf17b431cae0dd70ed/fc1aec5ecd0d7da8d92e2080.npz,96e79b77b3f0a388bf87bdb6df5c75f1d362f6fae0d64ab2c395e6a1beaabfc8,/content/cv3d-project/data/cache/reconstruction/metrics/03001627/12d7ca3c06faaadf17b431cae0dd70ed/eacf0eada10506643fd92ee5.json,13.144130999990011
03001627/12f395270a3316d01666e1246e760f82,farthest,1,[0],1.4935742992156438,1.5956105153308524,1.6976467314460613,0.0,0.0,0.0,1.9962887225302133,0.0,0.0,0.0,0.0,0.0,0.0,camera_rotation_center_and_target_diameter_scale_single_view,6.204282683670682,0.0,10000,10000,True,True,True,/content/cv3d-project/data/cache/reconstruction/predictions/03001627/12f395270a3316d01666e1246e760f82/6375a93b071a5f1c8d696871.npz,b1a1a03dfee92226a41ec269ffde06657fa2fd0ab4dba8e72a18e47dd16e6ae7,/content/cv3d-project/data/cache/reconstruction/metrics/03001627/12f395270a3316d01666e1246e760f82/f54844ecd46b51e53a3e859f.json,3.9103460003389046
03001627/12f395270a3316d01666e1246e760f82,farthest,2,"[0, 46]",0.07259589213837357,0.11385991727679459,0.1551239424152156,0.4390203022084463,0.0009509803921568627,0.0065420560747663555,1.9962887225302133,0.7158,0.0097,0.05,0.3166,0.0005,0.0035,camera_pose_sim3,2.6518077175930594,0.041083403761796984,10000,10000,True,False,True,/content/cv3d-project/data/cache/reconstruction/predictions/03001627/12f395270a3316d01666e1246e760f82/9aeda66e9a794510b04aaafb.npz,b7f58a79601ddc197fd453811189205bc0c5d26214a5d8c4eee35998fa506d9e,/content/cv3d-project/data/cache/reconstruction/metrics/03001627/12f395270a3316d01666e1246e760f82/86d0e5f5a8eac03fca874428.json,11.856345000069268
03001627/12f395270a3316d01666e1246e760f82,farthest,3,"[0, 46, 18]",0.3180530232452949,0.4523831633962818,0.5867133035472688,0.0,0.0,0.0,1.9962887225302133,0.0,0.0,0.0,0.0,0.0,0.0,camera_pose_sim3,2.049434513130405,0.8293784967007408,10000,10000,True,False,True,/content/cv3d-project/data/cache/reconstruction/predictions/03001627/12f395270a3316d01666e1246e760f82/1e58d4dcf8cc8254a14b2273.npz,9f6ec46175bc7b264b562f672bfe6674fec315c9dcb929e044cd5d9ea03c8c5e,/content/cv3d-project/data/cache/reconstruction/metrics/03001627/12f395270a3316d01666e1246e760f82/582ad87e085743ec1e3528ae.json,11.747493999791914
03001627/12f395270a3316d01666e1246e760f82,farthest,5,"[0, 46, 18, 28, 16]",0.041113538459386034,0.07931659415664277,0.1175196498538995,0.5519522111913358,0.04309341853035144,0.10280724312184165,1.9962887225302133,0.9387,0.1307,0.2939,0.3909,0.0258,0.0623,camera_pose_sim3,2.6307995603988976,0.11817948590199634,10000,10000,True,False,True,/content/cv3d-project/data/cache/reconstruction/predictions/03001627/12f395270a3316d01666e1246e760f82/d1d599ac41f8cc24cbf74c41.npz,3a32facddc562a5dfb26afea4ca1dbf756b2a395ca520b42b010dbe4cf6e16d1,/content/cv3d-project/data/cache/reconstruction/metrics/03001627/12f395270a3316d01666e1246e760f82/6fec30b43a6cf498158f971f.json,11.74333300014041
03001627/12f395270a3316d01666e1246e760f82,farthest,10,"[0, 46, 18, 28, 16, 30, 2, 44, 13, 33]",0.018748374379460253,0.048643160028072466,0.07853794567668468,0.7970648382052208,0.1322807704452163,0.3239190723517333,1.9962887225302133,1.0,0.2226,0.607,0.6626,0.0941,0.2209,camera_pose_sim3,2.5570760113261386,0.19183886989652288,10000,10000,True,False,True,/content/cv3d-project/data/cache/reconstruction/predictions/03001627/12f395270a3316d01666e1246e760f82/8435d35577b1b8f1275836e8.npz,b9af7fbb53ea710162e38960bf15edfe0820d761792ef447d712e31983bcaac4,/content/cv3d-project/data/cache/reconstruction/metrics/03001627/12f395270a3316d01666e1246e760f82/e37653a8eace2a1b237ebab5.json,12.21076699994228
03001627/12f4d8c20ef311d988dcbe86402c7c15,farthest,1,[0],1.9033720851529263,2.041727272816391,2.180082460479856,0.0,0.0,0.0,1.9803181786710795,0.0,0.0,0.0,0.0,0.0,0.0,camera_rotation_center_and_target_diameter_scale_single_view,7.044601552491231,0.0,10000,10000,True,True,True,/content/cv3d-project/data/cache/reconstruction/predictions/03001627/12f4d8c20ef311d988dcbe86402c7c15/05441f439988f3345ff115a4.npz,8b1a00229037479910df4ec5597ac0b019f12aa497f316dff49b1db0e2923785,/content/cv3d-project/data/cache/reconstruction/metrics/03001627/12f4d8c20ef311d988dcbe86402c7c15/a7d783efb3209cf28a100e7f.json,4.095667000001413
03001627/12f4d8c20ef311d988dcbe86402c7c15,farthest,2,"[0, 46]",0.023960793443869352,0.10015262426418803,0.17634445508450672,0.5450312818274407,0.031754083094555866,0.08271547226386806,1.9803181786710795,1.0,0.2623,0.6227,0.3746,0.0169,0.0443,camera_pose_sim3,2.7089075522376826,0.040270288960076006,10000,10000,True,False,True,/content/cv3d-project/data/cache/reconstruction/predictions/03001627/12f4d8c20ef311d988dcbe86402c7c15/07f4d129b02284f781d1d95d.npz,4ee97984df85f06bd20be8cd5bcbb7bc76a5ad3bf1e2fd0b714c51dfdf9ef8ce,/content/cv3d-project/data/cache/reconstruction/metrics/03001627/12f4d8c20ef311d988dcbe86402c7c15/4d987d279cf7b825138ca23d.json,12.022947999867029
03001627/12f4d8c20ef311d988dcbe86402c7c15,farthest,3,"[0, 46, 18]",0.283800563107048,0.3738365361075873,0.46387250910812666,0.0,0.0,0.0,1.9803181786710795,0.0,0.0,0.0,0.0,0.0,0.0,camera_pose_sim3,2.0773359678756185,0.9390114772835882,10000,10000,True,False,True,/content/cv3d-project/data/cache/reconstruction/predictions/03001627/12f4d8c20ef311d988dcbe86402c7c15/6bd158cab209000018847091.npz,dea06895f1f66542d118d7788ac7f063b0a533ad60ecbce8c82afb979a8460cd,/content/cv3d-project/data/cache/reconstruction/metrics/03001627/12f4d8c20ef311d988dcbe86402c7c15/b85e88b965e8deb32fa7eb93.json,11.615330000040558
03001627/12f4d8c20ef311d988dcbe86402c7c15,farthest,5,"[0, 46, 18, 28, 16]",0.3241179509902624,0.4500832337067198,0.5760485164231772,0.0,0.0,0.0,1.9803181786710795,0.0,0.0,0.0,0.0,0.0,0.0,camera_pose_sim3,1.9099876705157683,1.006825186724014,10000,10000,True,False,True,/content/cv3d-project/data/cache/reconstruction/predictions/03001627/12f4d8c20ef311d988dcbe86402c7c15/f7ca2900427c2d3461134325.npz,85fe9da47b090951e87a779a3937cf2ff429d2303c6ce850f1c1e26b48ad90ba,/content/cv3d-project/data/cache/reconstruction/metrics/03001627/12f4d8c20ef311d988dcbe86402c7c15/0b59e9617376532e03030691.json,12.239795999903436
03001627/12f4d8c20ef311d988dcbe86402c7c15,farthest,10,"[0, 46, 18, 28, 16, 30, 2, 44, 13, 33]",0.46363090829429526,0.5552790633294251,0.646927218364555,0.0,0.0,0.0,1.9803181786710795,0.0,0.0,0.0,0.0,0.0,0.0,camera_pose_sim3,1.836548879945169,0.9775049923324233,10000,10000,True,False,True,/content/cv3d-project/data/cache/reconstruction/predictions/03001627/12f4d8c20ef311d988dcbe86402c7c15/6da0c40d945157472aeb9b31.npz,36a5b6f5041057c828a8b97b5d30778ab38c46f3313133c6aae2a459aec86c3e,/content/cv3d-project/data/cache/reconstruction/metrics/03001627/12f4d8c20ef311d988dcbe86402c7c15/c1add5bdfaad966edddbaef5.json,12.095859000055498
03001627/13076ebf8b5cc457b8d6f69a14683de3,farthest,1,[0],1.4232472868361365,1.5263653078564252,1.6294833288767139,0.0,0.0,0.0,1.9841606377707288,0.0,0.0,0.0,0.0,0.0,0.0,camera_rotation_center_and_target_diameter_scale_single_view,5.964525448388889,0.0,10000,10000,True,True,True,/content/cv3d-project/data/cache/reconstruction/predictions/03001627/13076ebf8b5cc457b8d6f69a14683de3/3b3e77f4ffce0ce4fb6980fd.npz,38cf9dd7d3be9043122a7b4c66538e95f225dcfd019b288d7fc8c335318d56ef,/content/cv3d-project/data/cache/reconstruction/metrics/03001627/13076ebf8b5cc457b8d6f69a14683de3/3a647c26a6515737c16fbd6f.json,4.155812000135484
03001627/13076ebf8b5cc457b8d6f69a14683de3,farthest,2,"[0, 46]",0.14224878697853,0.20691610782006176,0.2715834286615935,0.12803943118823813,0.0,0.00039999999999999996,1.9841606377707288,0.3358,0.0,0.0004,0.0791,0.0,0.0004,camera_pose_sim3,2.874143943231669,0.13890271695241102,10000,10000,True,False,True,/content/cv3d-project/data/cache/reconstruction/predictions/03001627/13076ebf8b5cc457b8d6f69a14683de3/d54d94ea360f53347a2701f7.npz,5fc0f4bcb18ec93b2690d8a52433954b0cf17af735d69dfe62469683bcb61635,/content/cv3d-project/data/cache/reconstruction/metrics/03001627/13076ebf8b5cc457b8d6f69a14683de3/27941febfcd6a630dc76e40e.json,11.389742999654118
03001627/13076ebf8b5cc457b8d6f69a14683de3,farthest,3,"[0, 46, 18]",0.1001599969805512,0.27805704221176414,0.4559540874429771,0.024180624370594157,0.0,0.0,1.9841606377707288,0.4841,0.0,0.0,0.0124,0.0,0.0,camera_pose_sim3,1.7866419358172478,0.9865377867339946,10000,10000,True,False,True,/content/cv3d-project/data/cache/reconstruction/predictions/03001627/13076ebf8b5cc457b8d6f69a14683de3/0ce8b0a33a26d5a40d447ecf.npz,fc021b527c32849472712036f49eceecf412360a568347a597b3661e566c415e,/content/cv3d-project/data/cache/reconstruction/metrics/03001627/13076ebf8b5cc457b8d6f69a14683de3/84fe39ae2b41aca206fa87d6.json,11.730028999863862
03001627/13076ebf8b5cc457b8d6f69a14683de3,farthest,5,"[0, 46, 18, 28, 16]",0.06387647419854972,0.19223666709909076,0.32059685999963183,0.08273902388797363,0.0016457142857142855,0.008162745098039215,1.9841606377707288,0.9279,0.0096,0.0362,0.0433,0.0009,0.0046,camera_pose_sim3,1.1728958651934935,1.1937011555187385,10000,10000,True,False,True,/content/cv3d-project/data/cache/reconstruction/predictions/03001627/13076ebf8b5cc457b8d6f69a14683de3/d3906e1c587d217adc9d0042.npz,9d9e7dd02671d7e871dba97ba9d2ff057f8d18e311669fc60583aff276e419fb,/content/cv3d-project/data/cache/reconstruction/metrics/03001627/13076ebf8b5cc457b8d6f69a14683de3/ad21ce0d6c180cbb1c88750a.json,12.5141110002005
03001627/13076ebf8b5cc457b8d6f69a14683de3,farthest,10,"[0, 46, 18, 28, 16, 30, 2, 44, 13, 33]",0.06697917199290863,0.12181395709086107,0.17664874218881352,0.3695440291884429,0.03576710059171598,0.07693636363636364,1.9841606377707288,0.7711,0.0588,0.1302,0.243,0.0257,0.0546,camera_pose_sim3,2.186379217269835,0.707408492372158,10000,10000,True,False,True,/content/cv3d-project/data/cache/reconstruction/predictions/03001627/13076ebf8b5cc457b8d6f69a14683de3/36d28cf7be014052a6af9676.npz,46e4ed516b21ebb07e39d59869967c0d0d9d8300cf105625ed8003fabc229ec8,/content/cv3d-project/data/cache/reconstruction/metrics/03001627/13076ebf8b5cc457b8d6f69a14683de3/76d15fed90c2a3ae90c40d42.json,12.631161000172142
03001627/131abb0b13d6c5b97f0b1e4f6d35b0ba,farthest,1,[0],2.30846524169641,2.4265064804200156,2.544547719143621,0.0,0.0,0.0,1.99888168340204,0.0,0.0,0.0,0.0,0.0,0.0,camera_rotation_center_and_target_diameter_scale_single_view,7.802181779469606,0.0,10000,10000,True,True,True,/content/cv3d-project/data/cache/reconstruction/predictions/03001627/131abb0b13d6c5b97f0b1e4f6d35b0ba/fee0e9095c7230b90ddbe132.npz,d260128151aad62d9aa2c46566411f460dab97c861dbc08fa794e74f92d7948f,/content/cv3d-project/data/cache/reconstruction/metrics/03001627/131abb0b13d6c5b97f0b1e4f6d35b0ba/343c0f9b27925150975ef171.json,3.903926000020874
03001627/131abb0b13d6c5b97f0b1e4f6d35b0ba,farthest,2,"[0, 46]",0.030972923976358806,0.1589886205648319,0.287004317153305,0.06107610276296655,0.0,0.0006857142857142857,1.99888168340204,1.0,0.0,0.0024,0.0315,0.0,0.0004,camera_pose_sim3,0.12818026697251722,1.3645886156786216,10000,10000,True,False,True,/content/cv3d-project/data/cache/reconstruction/predictions/03001627/131abb0b13d6c5b97f0b1e4f6d35b0ba/bc84ad5464831ea55f0e5e39.npz,ac43fd077cd0cdd2c0ed4febefd401fea2cd2d2a44bc553787129edb191bdf69,/content/cv3d-project/data/cache/reconstruction/metrics/03001627/131abb0b13d6c5b97f0b1e4f6d35b0ba/2d8bd430f94857d0c41ebac0.json,11.483699000109482
03001627/131abb0b13d6c5b97f0b1e4f6d35b0ba,farthest,3,"[0, 46, 18]",0.3659858320264561,0.5115038740037396,0.6570219159810231,0.0,0.0,0.0,1.99888168340204,0.0,0.0,0.0,0.0,0.0,0.0,camera_pose_sim3,1.234306315804749,1.0814392193426825,10000,10000,True,False,True,/content/cv3d-project/data/cache/reconstruction/predictions/03001627/131abb0b13d6c5b97f0b1e4f6d35b0ba/8e0c6cbcc153da78c8819e58.npz,b273ca5cc985bc3c96b5cbdb82573de5341b0bb1240257f8a34e3c8f945d48eb,/content/cv3d-project/data/cache/reconstruction/metrics/03001627/131abb0b13d6c5b97f0b1e4f6d35b0ba/0248331a6be9b11d6e54f9b8.json,11.326191000080144
03001627/131abb0b13d6c5b97f0b1e4f6d35b0ba,farthest,5,"[0, 46, 18, 28, 16]",0.053581600958395995,0.23333147938580942,0.41308135781322286,0.05106217111674138,0.002300346020761245,0.00612981530343008,1.99888168340204,1.0,0.0277,0.0726,0.0262,0.0012,0.0032,camera_pose_sim3,0.8330545072075071,1.2826021031538215,10000,10000,True,False,True,/content/cv3d-project/data/cache/reconstruction/predictions/03001627/131abb0b13d6c5b97f0b1e4f6d35b0ba/abf9bbbbba446eb491dea0ab.npz,ea5b794c6b675d7829f78ffce36b7633f2973909bc6d66e640105eb29f60bb87,/content/cv3d-project/data/cache/reconstruction/metrics/03001627/131abb0b13d6c5b97f0b1e4f6d35b0ba/9306579292d2301147921435.json,11.461950000011711
03001627/131abb0b13d6c5b97f0b1e4f6d35b0ba,farthest,10,"[0, 46, 18, 28, 16, 30, 2, 44, 13, 33]",0.09468006074248494,0.19969169164505585,0.3047033225476267,0.16962857986418658,0.00099,0.021052754982415003,1.99888168340204,0.578,0.0009,0.073,0.0994,0.0011,0.0123,camera_pose_sim3,1.86813643550267,0.9788852552496823,10000,10000,True,False,True,/content/cv3d-project/data/cache/reconstruction/predictions/03001627/131abb0b13d6c5b97f0b1e4f6d35b0ba/fee44e0149488a0c037be1ab.npz,1ef0220626516a6f82cd499045ffc7f7e8e7b74a2649511e9e9cfd37a98fba73,/content/cv3d-project/data/cache/reconstruction/metrics/03001627/131abb0b13d6c5b97f0b1e4f6d35b0ba/b5cecf1ce32a5e207df20320.json,12.5989660000414
03001627/131edf0948b60ee6372c8cd7d07d8ddc,farthest,1,[0],0.8608222253872948,0.9682835385817629,1.075744851776231,0.0,0.0,0.0,1.9986192667823102,0.0,0.0,0.0,0.0,0.0,0.0,camera_rotation_center_and_target_diameter_scale_single_view,4.917410544345115,0.0,10000,10000,True,True,True,/content/cv3d-project/data/cache/reconstruction/predictions/03001627/131edf0948b60ee6372c8cd7d07d8ddc/0a5a469b1fe4312262743a66.npz,a9c2c93c68ca2dbd0888828f47b9992b05198af69942729325e1ae7f12b2ca51,/content/cv3d-project/data/cache/reconstruction/metrics/03001627/131edf0948b60ee6372c8cd7d07d8ddc/144bbe5f6b90202b38bbb475.json,4.101759000150196
03001627/131edf0948b60ee6372c8cd7d07d8ddc,farthest,2,"[0, 46]",0.030330668558884614,0.07433442984874163,0.11833819113859863,0.6050080212038781,0.02510480446927374,0.07765541296479105,1.9986192667823102,1.0,0.0744,0.2582,0.4337,0.0151,0.0457,camera_pose_sim3,2.5911208902837575,0.015662080408294594,10000,10000,True,False,True,/content/cv3d-project/data/cache/reconstruction/predictions/03001627/131edf0948b60ee6372c8cd7d07d8ddc/d6accb2838c718450e0d0834.npz,9d8215642e626b5a050f54a36564612ce107cff9b805c2fe750137cda1abed59,/content/cv3d-project/data/cache/reconstruction/metrics/03001627/131edf0948b60ee6372c8cd7d07d8ddc/9ff3d31a26e3ce95f98d8235.json,12.248663999798737
03001627/131edf0948b60ee6372c8cd7d07d8ddc,farthest,3,"[0, 46, 18]",0.4101631454112368,0.4665364996324085,0.5229098538535802,0.0,0.0,0.0,1.9986192667823102,0.0,0.0,0.0,0.0,0.0,0.0,camera_pose_sim3,1.9359827857097718,0.880749867146682,10000,10000,True,False,True,/content/cv3d-project/data/cache/reconstruction/predictions/03001627/131edf0948b60ee6372c8cd7d07d8ddc/3ab3727b1e558327be1630c7.npz,ce559ee16d686c6a81986a26d19ed940dde7877c54c45d549854aee98d725d2d,/content/cv3d-project/data/cache/reconstruction/metrics/03001627/131edf0948b60ee6372c8cd7d07d8ddc/7efcdd124264607842360c14.json,12.244752000242443
03001627/131edf0948b60ee6372c8cd7d07d8ddc,farthest,5,"[0, 46, 18, 28, 16]",0.14894041967050267,0.2624190867321583,0.37589775379381396,0.0,0.0,0.0,1.9986192667823102,0.0,0.0,0.0,0.0,0.0,0.0,camera_pose_sim3,0.30661779063354805,1.332058160651674,10000,10000,True,False,True,/content/cv3d-project/data/cache/reconstruction/predictions/03001627/131edf0948b60ee6372c8cd7d07d8ddc/08a95ccc686f33fb69911330.npz,7d2a0a19e169a66b045a1112c3e648d7a4f9bd146fa4392f95fe9f6fbbe205ea,/content/cv3d-project/data/cache/reconstruction/metrics/03001627/131edf0948b60ee6372c8cd7d07d8ddc/7a07e67e9e299758005771d7.json,12.036737000016728
03001627/131edf0948b60ee6372c8cd7d07d8ddc,farthest,10,"[0, 46, 18, 28, 16, 30, 2, 44, 13, 33]",0.26885595949020763,0.3568535734076988,0.44485118732518997,0.0,0.0,0.0,1.9986192667823102,0.0,0.0,0.0,0.0,0.0,0.0,camera_pose_sim3,2.1231947252294736,0.7784445473625047,10000,10000,True,False,True,/content/cv3d-project/data/cache/reconstruction/predictions/03001627/131edf0948b60ee6372c8cd7d07d8ddc/1f2e3ade8e6c32b963477830.npz,0fe0a8c07f002a372de54476f4c53eb4fc8c176b3a5d555a9bf6d25dd73f1518,/content/cv3d-project/data/cache/reconstruction/metrics/03001627/131edf0948b60ee6372c8cd7d07d8ddc/3d15d876d5057bdc0dda97e2.json,12.040189999879658
03001627/13990109140043c919fb4103277a6b93,farthest,1,[0],2.329068853879325,2.4579667629334345,2.586864671987544,0.0,0.0,0.0,1.9977229989083294,0.0,0.0,0.0,0.0,0.0,0.0,camera_rotation_center_and_target_diameter_scale_single_view,7.869028420678771,0.0,10000,10000,True,True,True,/content/cv3d-project/data/cache/reconstruction/predictions/03001627/13990109140043c919fb4103277a6b93/6ef255b34e9cfc3c057d9540.npz,44e6fb3322674a5cac2f15f6ec870c6bce0b2c2011267a19c6b817fa3fb89e18,/content/cv3d-project/data/cache/reconstruction/metrics/03001627/13990109140043c919fb4103277a6b93/0d08c68b01147504ff98d10a.json,3.8211200003388512
03001627/13990109140043c919fb4103277a6b93,farthest,2,"[0, 46]",0.016758160766547632,0.13120014999527313,0.2456421392239986,0.2970027247956403,0.01607093942054434,0.06815619750572666,1.9977229989083294,1.0,0.1052,0.7501,0.1744,0.0087,0.0357,camera_pose_sim3,2.5709238257783036,0.03789548235223188,10000,10000,True,False,True,/content/cv3d-project/data/cache/reconstruction/predictions/03001627/13990109140043c919fb4103277a6b93/0a939dc6a23856b1975ebba6.npz,1b3c4a66bfe9cfda8cc65e34566734db03b6a3ee136c7507aefdd6bdc87bbac2,/content/cv3d-project/data/cache/reconstruction/metrics/03001627/13990109140043c919fb4103277a6b93/196a51ac1a5e748009ce0e4b.json,12.29321999971944
03001627/13990109140043c919fb4103277a6b93,farthest,3,"[0, 46, 18]",0.19199331040269166,0.33931842607261725,0.4866435417425428,0.0,0.0,0.0,1.9977229989083294,0.0,0.0,0.0,0.0,0.0,0.0,camera_pose_sim3,2.0498336538741793,0.8660869090029586,10000,10000,True,False,True,/content/cv3d-project/data/cache/reconstruction/predictions/03001627/13990109140043c919fb4103277a6b93/f42061c53306c1882a63ef36.npz,18f9325c2edf64de5bde54cecf5e2971425f267ba5301caa6125c28cf2e7eab4,/content/cv3d-project/data/cache/reconstruction/metrics/03001627/13990109140043c919fb4103277a6b93/c9fb8caa7df6d10be6cd8a64.json,11.685582000154682
03001627/13990109140043c919fb4103277a6b93,farthest,5,"[0, 46, 18, 28, 16]",0.07619120587623698,0.18475698047798406,0.2933227550797311,0.1388599851705388,0.004110179640718563,0.019703984819734344,1.9977229989083294,0.7325,0.0143,0.0944,0.0767,0.0024,0.011,camera_pose_sim3,2.1385452546480366,0.7378382980211347,10000,10000,True,False,True,/content/cv3d-project/data/cache/reconstruction/predictions/03001627/13990109140043c919fb4103277a6b93/2e58575b7a3c3d6150173570.npz,fc601dbdeb4f325056f3cb377ecb48deab8d1ccc9932e08e6444dee23b257e7a,/content/cv3d-project/data/cache/reconstruction/metrics/03001627/13990109140043c919fb4103277a6b93/7bcf18dfab1519f0b82f04d8.json,12.553870999909122
03001627/13990109140043c919fb4103277a6b93,farthest,10,"[0, 46, 18, 28, 16, 30, 2, 44, 13, 33]",0.11709087565804735,0.17841805532600624,0.2397452349939651,0.15714886731391586,0.0,0.0,1.9977229989083294,0.3964,0.0,0.0,0.098,0.0,0.0,camera_pose_sim3,2.0368815224361767,0.7697186598928712,10000,10000,True,False,True,/content/cv3d-project/data/cache/reconstruction/predictions/03001627/13990109140043c919fb4103277a6b93/eed74402a89e213185208d27.npz,43764f682b892f2cf2c38b49dbae414d933bc8b0949460820f075c6c81764f75,/content/cv3d-project/data/cache/reconstruction/metrics/03001627/13990109140043c919fb4103277a6b93/222638d10eb52453eb576d48.json,12.945814999966387
03001627/13b6648bdc843b767b5f4d129cc2873d,farthest,1,[0],1.204081464514872,1.3276730925065219,1.451264720498172,0.0,0.0,0.0,1.998668509280527,0.0,0.0,0.0,0.0,0.0,0.0,camera_rotation_center_and_target_diameter_scale_single_view,5.735261580213716,0.0,10000,10000,True,True,True,/content/cv3d-project/data/cache/reconstruction/predictions/03001627/13b6648bdc843b767b5f4d129cc2873d/63fc0c52520a75e825f47e93.npz,8f9989efcc5b82e01a5fa3cc8bd07e81e80041bc8e81a9b4ae3b4dab5c54ac30,/content/cv3d-project/data/cache/reconstruction/metrics/03001627/13b6648bdc843b767b5f4d129cc2873d/6e9b8479a26791bc5feb7499.json,3.995863999989524
03001627/13b6648bdc843b767b5f4d129cc2873d,farthest,2,"[0, 46]",0.0451029961596188,0.0814618487627502,0.11782070136588159,0.4821519619287061,0.0615027875283915,0.1345395714910363,1.998668509280527,0.7608,0.4513,0.6105,0.3529,0.033,0.0756,camera_pose_sim3,2.705140656421951,0.006068897514335291,10000,10000,True,False,True,/content/cv3d-project/data/cache/reconstruction/predictions/03001627/13b6648bdc843b767b5f4d129cc2873d/46347de374c792365afe9fca.npz,7ada9574cfbda76a38476bd3e19066110a9df4a6b4beda5a39aa330bce69f369,/content/cv3d-project/data/cache/reconstruction/metrics/03001627/13b6648bdc843b767b5f4d129cc2873d/e11a5fbb72a9ee2735d35dc4.json,12.155291999988549
03001627/13b6648bdc843b767b5f4d129cc2873d,farthest,3,"[0, 46, 18]",0.16066175627601853,0.35203160139739764,0.5434014465187768,0.0021721518987341767,0.0,0.0,1.998668509280527,0.0066,0.0,0.0,0.0013,0.0,0.0,camera_pose_sim3,2.0102121869683467,0.8742143632135481,10000,10000,True,False,True,/content/cv3d-project/data/cache/reconstruction/predictions/03001627/13b6648bdc843b767b5f4d129cc2873d/8f8b9597d32c73d212b5bae1.npz,91466b9ce2f1878717adb29d99b3a2d7214db07900e60c8642e75aeb6e515aaa,/content/cv3d-project/data/cache/reconstruction/metrics/03001627/13b6648bdc843b767b5f4d129cc2873d/d2c9abe90e57b59e0dee5739.json,11.920953999833728
03001627/13b6648bdc843b767b5f4d129cc2873d,farthest,5,"[0, 46, 18, 28, 16]",0.2502933511118681,0.32489340599577343,0.39949346087967874,0.0,0.0,0.0,1.998668509280527,0.0,0.0,0.0,0.0,0.0,0.0,camera_pose_sim3,1.545437250892283,0.9511804729007839,10000,10000,True,False,True,/content/cv3d-project/data/cache/reconstruction/predictions/03001627/13b6648bdc843b767b5f4d129cc2873d/34ae5a13d39d73145cc0fd2b.npz,76690b5179707f447e054d7703745ae1ebd1936823469d628914b38b2333d5d6,/content/cv3d-project/data/cache/reconstruction/metrics/03001627/13b6648bdc843b767b5f4d129cc2873d/d84b892f2ddd4546bd18ba82.json,12.483697999869037
03001627/13b6648bdc843b767b5f4d129cc2873d,farthest,10,"[0, 46, 18, 28, 16, 30, 2, 44, 13, 33]",0.04992439960107024,0.06388936246258586,0.0778543253241015,0.8141496447067326,0.14314957755998647,0.2222995561473591,1.998668509280527,0.9461,0.1746,0.2513,0.7145,0.1213,0.1993,camera_pose_sim3,2.620639680309882,0.15793962206443657,10000,10000,True,False,True,/content/cv3d-project/data/cache/reconstruction/predictions/03001627/13b6648bdc843b767b5f4d129cc2873d/f2cf4ef351e268de3b67893d.npz,fc3ea08a65282cdcc861fb9962424fe57250490a1dd635ec013622a79b099e5a,/content/cv3d-project/data/cache/reconstruction/metrics/03001627/13b6648bdc843b767b5f4d129cc2873d/4b50e450f35654518b7a43ad.json,12.389258999974118
03211117/26c4051b7dfbccf4afaac116abdd44e,farthest,1,[0],2.124899503946854,2.1266562926174695,2.1284130812880844,0.0,0.0,0.0,1.9997270143092567,0.0,0.0,0.0,0.0,0.0,0.0,camera_rotation_center_and_target_diameter_scale_single_view,7.051538488455982,0.0,10000,10000,True,True,True,/content/cv3d-project/data/cache/reconstruction/predictions/03211117/26c4051b7dfbccf4afaac116abdd44e/848acd8b3bae415eee717ba9.npz,a645872465cf250cca99327b876ac225da0338dcd7ed12c4d10e1d4d1d8f4050,/content/cv3d-project/data/cache/reconstruction/metrics/03211117/26c4051b7dfbccf4afaac116abdd44e/742e36a168e19143a6d02bb3.json,3.8294219998533663
03211117/26c4051b7dfbccf4afaac116abdd44e,farthest,2,"[0, 46]",0.07083315883905603,0.14020263760250307,0.2095721163659501,0.40842108491470197,0.00017142857142857143,0.03086405797101449,1.9997270143092567,0.7648,0.0001,0.0457,0.2786,0.0006,0.0233,camera_pose_sim3,2.855459026274907,0.03436131675512215,10000,10000,True,False,True,/content/cv3d-project/data/cache/reconstruction/predictions/03211117/26c4051b7dfbccf4afaac116abdd44e/32c691c358a9edfa34dab885.npz,421c4d89d908faa207be976f59184b4022ccf9bf85ef330807f7963870794399,/content/cv3d-project/data/cache/reconstruction/metrics/03211117/26c4051b7dfbccf4afaac116abdd44e/58fd8f97e9951437963fac5e.json,11.738481000065804
03211117/26c4051b7dfbccf4afaac116abdd44e,farthest,3,"[0, 46, 18]",0.24157233198766848,0.34510751282177116,0.44864269365587384,0.0,0.0,0.0,1.9997270143092567,0.0,0.0,0.0,0.0,0.0,0.0,camera_pose_sim3,1.382872785486557,0.9823380062889564,10000,10000,True,False,True,/content/cv3d-project/data/cache/reconstruction/predictions/03211117/26c4051b7dfbccf4afaac116abdd44e/e532c17f40b5fbab24c633f4.npz,ba4b96e3c41e5feb1cb618e8fe1814e585fe525b394a85759833ff2f6c1ce239,/content/cv3d-project/data/cache/reconstruction/metrics/03211117/26c4051b7dfbccf4afaac116abdd44e/48df42ff6961e015f76ec6e5.json,12.286204999782058
03211117/26c4051b7dfbccf4afaac116abdd44e,farthest,5,"[0, 46, 18, 28, 16]",0.034314283202729494,0.16047549338981237,0.28663670357689525,0.25172605615324056,0.025752199258081608,0.0634346485497779,1.9997270143092567,0.9993,0.1748,0.3478,0.144,0.0139,0.0349,camera_pose_sim3,1.3551557824886604,1.1270390443871743,10000,10000,True,False,True,/content/cv3d-project/data/cache/reconstruction/predictions/03211117/26c4051b7dfbccf4afaac116abdd44e/e0282b09e06e5c26074bfcca.npz,ead5bc1e806d1d21331049aecec9e337acbfc499f5c30a86c6d4641fe1aa93d6,/content/cv3d-project/data/cache/reconstruction/metrics/03211117/26c4051b7dfbccf4afaac116abdd44e/92fc55a6d37dd37bd753e95e.json,13.474742000198603
03211117/26c4051b7dfbccf4afaac116abdd44e,farthest,10,"[0, 46, 18, 28, 16, 30, 2, 44, 13, 33]",0.24531331718710128,0.2504655381176241,0.255617759048147,0.0,0.0,0.0,1.9997270143092567,0.0,0.0,0.0,0.0,0.0,0.0,camera_pose_sim3,2.2481082605711196,0.7815053816233924,10000,10000,True,False,True,/content/cv3d-project/data/cache/reconstruction/predictions/03211117/26c4051b7dfbccf4afaac116abdd44e/74105659f8a3cca5da9b3af1.npz,602cdc22f6a06c5a992b6e1d7ac88588527893873cac772de0ac57b5a2e5f212,/content/cv3d-project/data/cache/reconstruction/metrics/03211117/26c4051b7dfbccf4afaac116abdd44e/1a4039b8d179414820e38ac3.json,12.73896299971966
03211117/27107e057772be0d6b07917e9ad0834a,farthest,1,[0],2.1529983217213218,2.1863118997297155,2.2196254777381097,0.0,0.0,0.0,1.997312285708823,0.0,0.0,0.0,0.0,0.0,0.0,camera_rotation_center_and_target_diameter_scale_single_view,7.185983457396303,0.0,10000,10000,True,True,True,/content/cv3d-project/data/cache/reconstruction/predictions/03211117/27107e057772be0d6b07917e9ad0834a/fd0318d54d24a43f04b17095.npz,a76584b214faff9f5342ab2bfae5ae6b2ec38c1c7e520b72be6679a1710ca7e9,/content/cv3d-project/data/cache/reconstruction/metrics/03211117/27107e057772be0d6b07917e9ad0834a/92e5ac501a4a59eef94a66ea.json,3.854391000004398
03211117/27107e057772be0d6b07917e9ad0834a,farthest,2,"[0, 46]",0.027911373295853397,0.0723027108266239,0.11669404835739441,0.6619388506054726,0.012229362880886425,0.06760297688993341,1.997312285708823,1.0,0.0283,0.2152,0.4947,0.0078,0.0401,camera_pose_sim3,2.7486946027564176,0.04285053072520568,10000,10000,True,False,True,/content/cv3d-project/data/cache/reconstruction/predictions/03211117/27107e057772be0d6b07917e9ad0834a/387a6b1fad6ccfbc84b5ee65.npz,c9a763fc356d15b5613edf803544ed6a32a010f01723ab0e25019d4bfdab4941,/content/cv3d-project/data/cache/reconstruction/metrics/03211117/27107e057772be0d6b07917e9ad0834a/1065af300bf7316f896ae8db.json,11.720238000179961
03211117/27107e057772be0d6b07917e9ad0834a,farthest,3,"[0, 46, 18]",0.34962073639724106,0.39523627273928746,0.44085180908133387,0.0,0.0,0.0,1.997312285708823,0.0,0.0,0.0,0.0,0.0,0.0,camera_pose_sim3,1.6629037727813394,0.82260873004052,10000,10000,True,False,True,/content/cv3d-project/data/cache/reconstruction/predictions/03211117/27107e057772be0d6b07917e9ad0834a/f7f0d94b4f173a2b104c0a39.npz,5b5efc12b9851137b807bef6d36432818718da68fd9ec64619b8caedf2db223a,/content/cv3d-project/data/cache/reconstruction/metrics/03211117/27107e057772be0d6b07917e9ad0834a/30de027993b094e17c20f194.json,11.561227000129293
03211117/27107e057772be0d6b07917e9ad0834a,farthest,5,"[0, 46, 18, 28, 16]",0.18314732747708024,0.26817954628188206,0.3532117650866839,0.0,0.0,0.0,1.997312285708823,0.0,0.0,0.0,0.0,0.0,0.0,camera_pose_sim3,0.6476282929017144,1.2793029056883745,10000,10000,True,False,True,/content/cv3d-project/data/cache/reconstruction/predictions/03211117/27107e057772be0d6b07917e9ad0834a/b9bd55f6cfe044befaa7cf51.npz,135e5901da4e905402c3628e26cd3c4724ffc591ad9b8305ef7368c419b09718,/content/cv3d-project/data/cache/reconstruction/metrics/03211117/27107e057772be0d6b07917e9ad0834a/17e216d043b1600a953cf447.json,12.272647999907349
03211117/27107e057772be0d6b07917e9ad0834a,farthest,10,"[0, 46, 18, 28, 16, 30, 2, 44, 13, 33]",0.0238787195949838,0.04789986776515683,0.07192101593532986,0.8491438107843702,0.1501349689791314,0.2640105602816075,1.997312285708823,0.9997,0.2467,0.5028,0.738,0.1079,0.179,camera_pose_sim3,2.593684151981149,0.19184972385568116,10000,10000,True,False,True,/content/cv3d-project/data/cache/reconstruction/predictions/03211117/27107e057772be0d6b07917e9ad0834a/f281f8633f67993a83263820.npz,b378d18ff4b6d0f4b9990e8c44df46947f1b5e804d413079d5a8b41b2279f749,/content/cv3d-project/data/cache/reconstruction/metrics/03211117/27107e057772be0d6b07917e9ad0834a/0e55ed6d3f1ab29ad98d52bd.json,12.717498000256455
03211117/2711433532f6d1fdd7426bda0fe4ebcb,farthest,1,[0],1.6531324426564757,1.6987027241499377,1.7442730056433997,0.0,0.0,0.0,1.998887031600695,0.0,0.0,0.0,0.0,0.0,0.0,camera_rotation_center_and_target_diameter_scale_single_view,6.308999617804461,0.0,10000,10000,True,True,True,/content/cv3d-project/data/cache/reconstruction/predictions/03211117/2711433532f6d1fdd7426bda0fe4ebcb/c2f0465e996eb9e13cf299e3.npz,58a3d05dd6027fd0d4f702309b010dcc24b4e46e0b2289a06d345a5503891441,/content/cv3d-project/data/cache/reconstruction/metrics/03211117/2711433532f6d1fdd7426bda0fe4ebcb/1ee7ac12c721f8ea3ee3a8f8.json,3.8135700001475925
03211117/2711433532f6d1fdd7426bda0fe4ebcb,farthest,2,"[0, 46]",0.43570350642858413,0.5459226592477847,0.6561418120669853,0.0,0.0,0.0,1.998887031600695,0.0,0.0,0.0,0.0,0.0,0.0,camera_pose_sim3,3.2210868714325267,0.0628578587060861,10000,10000,True,False,True,/content/cv3d-project/data/cache/reconstruction/predictions/03211117/2711433532f6d1fdd7426bda0fe4ebcb/209802c65ce14e4aa3914cad.npz,f3a0d9370bcee0d69dcaeacdd5702ec739c9f5309d45b01dd580a20b35ea17af,/content/cv3d-project/data/cache/reconstruction/metrics/03211117/2711433532f6d1fdd7426bda0fe4ebcb/d2ecc5885e81bcfe994e2206.json,12.007101999643055
03211117/2711433532f6d1fdd7426bda0fe4ebcb,farthest,3,"[0, 46, 18]",0.45971181911551656,0.6088300909612918,0.757948362807067,0.0,0.0,0.0,1.998887031600695,0.0,0.0,0.0,0.0,0.0,0.0,camera_pose_sim3,1.9724476597239036,0.9911532332801672,10000,10000,True,False,True,/content/cv3d-project/data/cache/reconstruction/predictions/03211117/2711433532f6d1fdd7426bda0fe4ebcb/d5020fb318eafdd0aaac79e3.npz,a3facb452e11263abc2ad34492f386fdb946d513d0dad554a11855b6c452dba6,/content/cv3d-project/data/cache/reconstruction/metrics/03211117/2711433532f6d1fdd7426bda0fe4ebcb/1da1b8398be47f34a9ab3bf6.json,12.20613100031187
03211117/2711433532f6d1fdd7426bda0fe4ebcb,farthest,5,"[0, 46, 18, 28, 16]",0.18856613347667847,0.2428000699589994,0.2970340064413203,0.0,0.0,0.0,1.998887031600695,0.0,0.0,0.0,0.0,0.0,0.0,camera_pose_sim3,1.3351508976552349,1.0901455457785234,10000,10000,True,False,True,/content/cv3d-project/data/cache/reconstruction/predictions/03211117/2711433532f6d1fdd7426bda0fe4ebcb/9555294ebcc76be02cf71542.npz,a7a7b7de9c1500b7d150bab3531c020654a457d7fb8f5ecbb567ebe05c908e4b,/content/cv3d-project/data/cache/reconstruction/metrics/03211117/2711433532f6d1fdd7426bda0fe4ebcb/4c4b2d47a00196159bf8c97d.json,12.517339999703836
03211117/2711433532f6d1fdd7426bda0fe4ebcb,farthest,10,"[0, 46, 18, 28, 16, 30, 2, 44, 13, 33]",0.28381802425524516,0.2942436417253712,0.30466925919549726,0.0,0.0,0.0,1.998887031600695,0.0,0.0,0.0,0.0,0.0,0.0,camera_pose_sim3,1.9050286568106667,0.9160037976390342,10000,10000,True,False,True,/content/cv3d-project/data/cache/reconstruction/predictions/03211117/2711433532f6d1fdd7426bda0fe4ebcb/2f4784d08fe8f875cbef7059.npz,d599798478a543c6955c1cc33fcadcded11efa5a34a0dec9d201cc86567ed0c2,/content/cv3d-project/data/cache/reconstruction/metrics/03211117/2711433532f6d1fdd7426bda0fe4ebcb/e2c1c6f03fea53f29cf53c0b.json,12.84197699987999
03211117/274acc511daf0161bbf0c65ae96423ae,farthest,1,[0],1.721795456557348,1.7738323001014336,1.8258691436455194,0.0,0.0,0.0,1.9964529096801862,0.0,0.0,0.0,0.0,0.0,0.0,camera_rotation_center_and_target_diameter_scale_single_view,6.4174586033908545,0.0,10000,10000,True,True,True,/content/cv3d-project/data/cache/reconstruction/predictions/03211117/274acc511daf0161bbf0c65ae96423ae/494a1b73398b3f5c93e6e482.npz,b640109e9217ee99a4d33a3d87bcb0ec3b61cb62f7ecac135eacd849f7e3009b,/content/cv3d-project/data/cache/reconstruction/metrics/03211117/274acc511daf0161bbf0c65ae96423ae/ee465c456c43c73a526c1931.json,3.9589440002600895
03211117/274acc511daf0161bbf0c65ae96423ae,farthest,2,"[0, 46]",0.017244940671351197,0.06710941479171578,0.11697388891208035,0.663280310118968,0.039491421856639244,0.15221633329086506,1.9964529096801862,1.0,0.1474,0.6995,0.4962,0.0228,0.0854,camera_pose_sim3,2.7644360062152784,0.06571695145050525,10000,10000,True,False,True,/content/cv3d-project/data/cache/reconstruction/predictions/03211117/274acc511daf0161bbf0c65ae96423ae/2cb6b898e82f6e892f04c06a.npz,7303a2e977aa77403c25b866f68f629455fff92cc6728a5cf3e99b47b0b7617d,/content/cv3d-project/data/cache/reconstruction/metrics/03211117/274acc511daf0161bbf0c65ae96423ae/e7356aa5409fbb2fe825d03c.json,14.49285399985456
03211117/274acc511daf0161bbf0c65ae96423ae,farthest,3,"[0, 46, 18]",0.18083763724948357,0.36732972121477003,0.5538218051800565,0.0,0.0,0.0,1.9964529096801862,0.0,0.0,0.0,0.0,0.0,0.0,camera_pose_sim3,0.7622341045884354,1.2414419327601587,10000,10000,True,False,True,/content/cv3d-project/data/cache/reconstruction/predictions/03211117/274acc511daf0161bbf0c65ae96423ae/355b5a0cff089d6b1f1cedf3.npz,ac6d97bab7b9e01f1fccda0ad874e5621e82d40674e71bd4c2f496e8bc03c942,/content/cv3d-project/data/cache/reconstruction/metrics/03211117/274acc511daf0161bbf0c65ae96423ae/d052399feb76c9e3659cbef8.json,12.460006000310386
03211117/274acc511daf0161bbf0c65ae96423ae,farthest,5,"[0, 46, 18, 28, 16]",0.21645618595672342,0.2945056145671641,0.3725550431776048,0.0,0.0,0.0,1.9964529096801862,0.0,0.0,0.0,0.0,0.0,0.0,camera_pose_sim3,1.0213284435557135,1.17970933063336,10000,10000,True,False,True,/content/cv3d-project/data/cache/reconstruction/predictions/03211117/274acc511daf0161bbf0c65ae96423ae/cff6ad3f833c6a9c9e64e79b.npz,797a9f617310051572b70d7472c3e504c8b0e84f3e520a22b2804528193fbcab,/content/cv3d-project/data/cache/reconstruction/metrics/03211117/274acc511daf0161bbf0c65ae96423ae/f2631fb66600a5c059eaafb6.json,12.519447999693512
03211117/274acc511daf0161bbf0c65ae96423ae,farthest,10,"[0, 46, 18, 28, 16, 30, 2, 44, 13, 33]",0.018438813816024278,0.037075543828404146,0.05571227384078402,0.8858559411731937,0.09398739583333335,0.39279171276711145,1.9964529096801862,1.0,0.1099,0.6382,0.7951,0.0821,0.2837,camera_pose_sim3,2.5133652723518463,0.12455429841922337,10000,10000,True,False,True,/content/cv3d-project/data/cache/reconstruction/predictions/03211117/274acc511daf0161bbf0c65ae96423ae/a75bde9c05719db77bf81e65.npz,72c88b9c0a5f03e0bfc61d58b3e134bf078562ab91309d368f84a34d6aa6fd5a,/content/cv3d-project/data/cache/reconstruction/metrics/03211117/274acc511daf0161bbf0c65ae96423ae/bdb62670c45d44c91cbd85e6.json,12.89212999972733
03211117/2772ad703e5d4b73cf6f327fca156fb,farthest,1,[0],1.6784767850922497,1.7220464515173963,1.765616117942543,0.0,0.0,0.0,2.000006280184343,0.0,0.0,0.0,0.0,0.0,0.0,camera_rotation_center_and_target_diameter_scale_single_view,6.422420186435817,0.0,10000,10000,True,True,True,/content/cv3d-project/data/cache/reconstruction/predictions/03211117/2772ad703e5d4b73cf6f327fca156fb/17452a009bebb26ef11fdc8a.npz,27803051cfdc9add8b2384f270f03e618f997143434f28906f8105b497664403,/content/cv3d-project/data/cache/reconstruction/metrics/03211117/2772ad703e5d4b73cf6f327fca156fb/54954176b87aacf8184c727e.json,3.8509830001203227
03211117/2772ad703e5d4b73cf6f327fca156fb,farthest,2,"[0, 46]",1.2435661844277697,1.3863069395167475,1.5290476946057254,0.0,0.0,0.0,2.000006280184343,0.0,0.0,0.0,0.0,0.0,0.0,camera_pose_sim3,2.702740915581029,0.9832878903278581,10000,10000,True,False,True,/content/cv3d-project/data/cache/reconstruction/predictions/03211117/2772ad703e5d4b73cf6f327fca156fb/6b9360fa5d84262795aaf11e.npz,1e30633789ecb2edc90944581f607644b8c63fb88b146c46dd57e5b359b6484a,/content/cv3d-project/data/cache/reconstruction/metrics/03211117/2772ad703e5d4b73cf6f327fca156fb/feb2f3d32315529453a3fe5e.json,11.74261000005572
03211117/2772ad703e5d4b73cf6f327fca156fb,farthest,3,"[0, 46, 18]",0.14923409450344705,0.3699709629528535,0.5907078314022599,0.00033846153846153846,0.0,0.0,2.000006280184343,0.0011,0.0,0.0,0.0002,0.0,0.0,camera_pose_sim3,0.7224720174748417,1.2393894415774342,10000,10000,True,False,True,/content/cv3d-project/data/cache/reconstruction/predictions/03211117/2772ad703e5d4b73cf6f327fca156fb/5265bbe2d6dea11d0caf85d1.npz,26442e1bf47ce3676c61bae0312d1874eb60b230d402cc059a2c8357969c6626,/content/cv3d-project/data/cache/reconstruction/metrics/03211117/2772ad703e5d4b73cf6f327fca156fb/d1ce728373582d499563da6f.json,11.819315000138886
03211117/2772ad703e5d4b73cf6f327fca156fb,farthest,5,"[0, 46, 18, 28, 16]",0.21781635433422414,0.3651299187078437,0.5124434830814634,0.0,0.0,0.0,2.000006280184343,0.0,0.0,0.0,0.0,0.0,0.0,camera_pose_sim3,1.3691900557399759,1.09021239712185,10000,10000,True,False,True,/content/cv3d-project/data/cache/reconstruction/predictions/03211117/2772ad703e5d4b73cf6f327fca156fb/2765feea474f349ebed353df.npz,fe45785cf0daf806c43bac7876e753f0f4b4d58f433e77eabcc0162306dc7d0e,/content/cv3d-project/data/cache/reconstruction/metrics/03211117/2772ad703e5d4b73cf6f327fca156fb/42ad6cd1f523c6ca4e96fc59.json,12.269189000107872
03211117/2772ad703e5d4b73cf6f327fca156fb,farthest,10,"[0, 46, 18, 28, 16, 30, 2, 44, 13, 33]",0.06918414564374206,0.11935938667704103,0.16953462771034,0.3886289947937525,0.009182887700534758,0.061959183673469385,2.000006280184343,0.7346,0.0106,0.0828,0.2642,0.0081,0.0495,camera_pose_sim3,2.533363970249324,0.4809231151982205,10000,10000,True,False,True,/content/cv3d-project/data/cache/reconstruction/predictions/03211117/2772ad703e5d4b73cf6f327fca156fb/3823c18774eb96d6f30050b6.npz,8ebaf0ca53e934952e01b53bb8fa1d489514ad0eb99182ea4f81ed21dcb22c79,/content/cv3d-project/data/cache/reconstruction/metrics/03211117/2772ad703e5d4b73cf6f327fca156fb/306aff7eb7e6246437611062.json,12.313200999869878
03211117/27e65dc223cc8bc0ec059109909662d2,farthest,1,[0],2.0080826516961845,2.0015868424336216,1.9950910331710585,0.0,0.0,0.0,1.998300720543876,0.0,0.0,0.0,0.0,0.0,0.0,camera_rotation_center_and_target_diameter_scale_single_view,6.9669752771198254,0.0,10000,10000,True,True,True,/content/cv3d-project/data/cache/reconstruction/predictions/03211117/27e65dc223cc8bc0ec059109909662d2/3f0a2d31415947d5991a31d8.npz,22e18a54b71a29f178dfaaa2f985af73fa06779c9025378f80f45e59401e882e,/content/cv3d-project/data/cache/reconstruction/metrics/03211117/27e65dc223cc8bc0ec059109909662d2/59ee8fbb3e5bb8e56b57ad80.json,3.763037000226177
03211117/27e65dc223cc8bc0ec059109909662d2,farthest,2,"[0, 46]",0.020318273672179,0.10689170158202668,0.19346512949187436,0.4571472652935277,0.0679626481642093,0.14249490352628078,1.998300720543876,1.0,0.3077,0.6718,0.2963,0.0382,0.0797,camera_pose_sim3,2.9265661329839503,0.12456202741047118,10000,10000,True,False,True,/content/cv3d-project/data/cache/reconstruction/predictions/03211117/27e65dc223cc8bc0ec059109909662d2/8a74251bdb6ccad7a78898ac.npz,da7fa738e620f55f49d4f5c3bbe7e77b42f58f1d42187e3d272d00329ec68ac6,/content/cv3d-project/data/cache/reconstruction/metrics/03211117/27e65dc223cc8bc0ec059109909662d2/688f95f87cc4278d7b8f5a93.json,11.486345999855985
03211117/27e65dc223cc8bc0ec059109909662d2,farthest,3,"[0, 46, 18]",0.610610962417998,0.7619255743082238,0.9132401861984496,0.0,0.0,0.0,1.998300720543876,0.0,0.0,0.0,0.0,0.0,0.0,camera_pose_sim3,1.4922078626398734,1.0769812297451353,10000,10000,True,False,True,/content/cv3d-project/data/cache/reconstruction/predictions/03211117/27e65dc223cc8bc0ec059109909662d2/88f1475ca0a77a6e83178383.npz,60e62de45c267c74139febfecbce7b578baec4036e458b639d771a166f21c0ee,/content/cv3d-project/data/cache/reconstruction/metrics/03211117/27e65dc223cc8bc0ec059109909662d2/fd839342a9a62ce83e8a6966.json,12.209688999973878
03211117/27e65dc223cc8bc0ec059109909662d2,farthest,5,"[0, 46, 18, 28, 16]",0.7351646107166684,0.920287031747123,1.1054094527775777,0.0,0.0,0.0,1.998300720543876,0.0,0.0,0.0,0.0,0.0,0.0,camera_pose_sim3,1.3478508700910183,1.2076423353350842,10000,10000,True,False,True,/content/cv3d-project/data/cache/reconstruction/predictions/03211117/27e65dc223cc8bc0ec059109909662d2/e8c6da294805a2972a038e00.npz,746657c1877586c87e799cb0f3ee9806c3f79bce29f2d2d65e20cdb3067a391c,/content/cv3d-project/data/cache/reconstruction/metrics/03211117/27e65dc223cc8bc0ec059109909662d2/894561ff5a796fbba2746672.json,11.445182999977987
03211117/27e65dc223cc8bc0ec059109909662d2,farthest,10,"[0, 46, 18, 28, 16, 30, 2, 44, 13, 33]",0.20229611683191426,0.214686931611615,0.22707774639131575,0.0,0.0,0.0,1.998300720543876,0.0,0.0,0.0,0.0,0.0,0.0,camera_pose_sim3,2.3035210472858094,0.7823558498937523,10000,10000,True,False,True,/content/cv3d-project/data/cache/reconstruction/predictions/03211117/27e65dc223cc8bc0ec059109909662d2/4943b9894dc97f12c447acf9.npz,e5e0e8033ae67b1c278503208782d674cb6e193886f022936e7623af27d0ed44,/content/cv3d-project/data/cache/reconstruction/metrics/03211117/27e65dc223cc8bc0ec059109909662d2/6c33591f1fb338862345435c.json,12.211069000386487
03211117/2809c09ef575f34214618fe9321a9ffc,farthest,1,[0],1.9318644842482813,2.030296509810936,2.1287285353735905,0.0,0.0,0.0,1.9977784460129526,0.0,0.0,0.0,0.0,0.0,0.0,camera_rotation_center_and_target_diameter_scale_single_view,7.017841483062223,0.0,10000,10000,True,True,True,/content/cv3d-project/data/cache/reconstruction/predictions/03211117/2809c09ef575f34214618fe9321a9ffc/b19a77f5a90689adbbf42a64.npz,a294f6b4e1004b972b50f3bd0388b78b70011d68e0f836bda4caa4c405d103ec,/content/cv3d-project/data/cache/reconstruction/metrics/03211117/2809c09ef575f34214618fe9321a9ffc/1d0cd57f92a3b0cc9482de36.json,3.7577260000034585
03211117/2809c09ef575f34214618fe9321a9ffc,farthest,2,"[0, 46]",0.014547810885426032,0.07959820031715652,0.144648589748887,0.48530748258103606,0.10990352437417654,0.20605375518672198,1.9977784460129526,1.0,0.5461,0.8467,0.3204,0.0611,0.1173,camera_pose_sim3,2.8120584314844836,0.040725721263101575,10000,10000,True,False,True,/content/cv3d-project/data/cache/reconstruction/predictions/03211117/2809c09ef575f34214618fe9321a9ffc/0b7aab15f05a689165565be0.npz,f9fded4920bf0a4498c35f51bde8a1f50afa67ebf3e953962511db0b329f8b9c,/content/cv3d-project/data/cache/reconstruction/metrics/03211117/2809c09ef575f34214618fe9321a9ffc/9cdcc968a5534984ede0ba05.json,11.412843000016437
03211117/2809c09ef575f34214618fe9321a9ffc,farthest,3,"[0, 46, 18]",0.17564627822324352,0.32398649184841716,0.4723267054735908,0.0,0.0,0.0,1.9977784460129526,0.0,0.0,0.0,0.0,0.0,0.0,camera_pose_sim3,1.1219759069635404,1.0038588703791906,10000,10000,True,False,True,/content/cv3d-project/data/cache/reconstruction/predictions/03211117/2809c09ef575f34214618fe9321a9ffc/266ca9ca7e4a1dce08bccaa1.npz,5bb8c9f01c4a88c8964b0f16a0e168514373f1abf34d1448b95b46ec4d3309c8,/content/cv3d-project/data/cache/reconstruction/metrics/03211117/2809c09ef575f34214618fe9321a9ffc/7f3bdda1e9097ccd32a685ae.json,11.186183000063465
03211117/2809c09ef575f34214618fe9321a9ffc,farthest,5,"[0, 46, 18, 28, 16]",0.385268584925913,0.4927726946204923,0.6002768043150716,0.0,0.0,0.0,1.9977784460129526,0.0,0.0,0.0,0.0,0.0,0.0,camera_pose_sim3,1.4558544742758954,0.9888659725099206,10000,10000,True,False,True,/content/cv3d-project/data/cache/reconstruction/predictions/03211117/2809c09ef575f34214618fe9321a9ffc/e9ced8c0fa7db05ce159ea8b.npz,a53886a2e42b09e5686c6bf06d58e79bc40ec839ef92507cc031824bebfa19b3,/content/cv3d-project/data/cache/reconstruction/metrics/03211117/2809c09ef575f34214618fe9321a9ffc/792b72e9a6a8bc4708f2d08c.json,11.19574599988482
03211117/2809c09ef575f34214618fe9321a9ffc,farthest,10,"[0, 46, 18, 28, 16, 30, 2, 44, 13, 33]",0.08688760341814707,0.1084936363876651,0.13009966935718312,0.5225684430876582,0.006263513513513512,0.013387859424920129,1.9977784460129526,0.7437,0.0103,0.0216,0.4028,0.0045,0.0097,camera_pose_sim3,2.5193059256464223,0.27315489989384817,10000,10000,True,False,True,/content/cv3d-project/data/cache/reconstruction/predictions/03211117/2809c09ef575f34214618fe9321a9ffc/74bf18d730e1e7f243ea2baf.npz,e034355d9cd2609400e42a1fd827aef46ba67fd23c1772a7388765b2834dd3c2,/content/cv3d-project/data/cache/reconstruction/metrics/03211117/2809c09ef575f34214618fe9321a9ffc/2a0471ca0a5b1212f9b2b0c5.json,11.89391500020065
03211117/286a7629b62426b5427c20e7fc0367ac,farthest,1,[0],2.6655341623369866,2.6878189952280103,2.7101038281190344,0.0,0.0,0.0,1.995916015119229,0.0,0.0,0.0,0.0,0.0,0.0,camera_rotation_center_and_target_diameter_scale_single_view,8.244248029353788,0.0,10000,10000,True,True,True,/content/cv3d-project/data/cache/reconstruction/predictions/03211117/286a7629b62426b5427c20e7fc0367ac/1d8b0ee5277299cf4ae4efcf.npz,21cc3bb81a2f7b24389d20bfeb8fc5273266557f8fdd886014af34b874f40680,/content/cv3d-project/data/cache/reconstruction/metrics/03211117/286a7629b62426b5427c20e7fc0367ac/b3eb7e10ff3c344177b85eef.json,3.813131999777397
03211117/286a7629b62426b5427c20e7fc0367ac,farthest,2,"[0, 46]",0.8019494978391971,0.9258651235907573,1.0497807493423175,0.0,0.0,0.0,1.995916015119229,0.0,0.0,0.0,0.0,0.0,0.0,camera_pose_sim3,3.774845769806067,0.007830600387700162,10000,10000,True,False,True,/content/cv3d-project/data/cache/reconstruction/predictions/03211117/286a7629b62426b5427c20e7fc0367ac/6d829842431b549ebb974a3d.npz,355f3509a08bd0e81a8d240be13ebddcf974e933f62e29767d6268104cede724,/content/cv3d-project/data/cache/reconstruction/metrics/03211117/286a7629b62426b5427c20e7fc0367ac/3d3ef06d8335aecbc03e75e0.json,11.244720000377129
03211117/286a7629b62426b5427c20e7fc0367ac,farthest,3,"[0, 46, 18]",0.4616374500697158,0.6251325538042555,0.7886276575387952,0.0,0.0,0.0,1.995916015119229,0.0,0.0,0.0,0.0,0.0,0.0,camera_pose_sim3,2.196567402451417,1.055906138563203,10000,10000,True,False,True,/content/cv3d-project/data/cache/reconstruction/predictions/03211117/286a7629b62426b5427c20e7fc0367ac/53c150d7fe0c8782b3d14ba7.npz,af0253641cd84e14eef1a4418f09c8a6f9f73193020a83464163734c58ca008f,/content/cv3d-project/data/cache/reconstruction/metrics/03211117/286a7629b62426b5427c20e7fc0367ac/565e2be8356c67f77798af4a.json,11.145615999794245
03211117/286a7629b62426b5427c20e7fc0367ac,farthest,5,"[0, 46, 18, 28, 16]",0.43351478938651344,0.5582626307351707,0.6830104720838279,0.0,0.0,0.0,1.995916015119229,0.0,0.0,0.0,0.0,0.0,0.0,camera_pose_sim3,1.6102306207246668,1.0057122305014476,10000,10000,True,False,True,/content/cv3d-project/data/cache/reconstruction/predictions/03211117/286a7629b62426b5427c20e7fc0367ac/bcd83c0a0864e936a41c3de8.npz,b73195aaa49e9b63e0752773d268483763a9663f89e6a1045c59ffbc1a1cd0eb,/content/cv3d-project/data/cache/reconstruction/metrics/03211117/286a7629b62426b5427c20e7fc0367ac/8e6b50531bf1848b5a1abe01.json,11.275599999862607
03211117/286a7629b62426b5427c20e7fc0367ac,farthest,10,"[0, 46, 18, 28, 16, 30, 2, 44, 13, 33]",0.04591934149525317,0.07332637478283112,0.10073340807040908,0.7157313921278103,0.005527927927927928,0.014365972222222223,1.995916015119229,0.9927,0.0059,0.0151,0.5596,0.0052,0.0137,camera_pose_sim3,2.4489155767007857,0.5791634371261013,10000,10000,True,False,True,/content/cv3d-project/data/cache/reconstruction/predictions/03211117/286a7629b62426b5427c20e7fc0367ac/374a80d6199729ebf8d4dd08.npz,5e4b459b225cd916df72640332497b8a3635b0b3a753e49dc8f4b9b0db2cbf6f,/content/cv3d-project/data/cache/reconstruction/metrics/03211117/286a7629b62426b5427c20e7fc0367ac/5b449563a363b25ade02a412.json,11.849175999941508
03211117/288a8917e51c57deb0957d845ac33749,farthest,1,[0],2.2778886199005064,2.3434943246815667,2.4091000294626266,0.0,0.0,0.0,1.9975886204128364,0.0,0.0,0.0,0.0,0.0,0.0,camera_rotation_center_and_target_diameter_scale_single_view,7.523652056946488,0.0,10000,10000,True,True,True,/content/cv3d-project/data/cache/reconstruction/predictions/03211117/288a8917e51c57deb0957d845ac33749/12700843daef7b25f1a84ae3.npz,7b14aea89cd486ef7bf0e064cb56f1bc00c3ad1e2f2366df9068bb1e39d76654,/content/cv3d-project/data/cache/reconstruction/metrics/03211117/288a8917e51c57deb0957d845ac33749/c910a5a5f33291ef56f9c001.json,3.8190250002116954
03211117/288a8917e51c57deb0957d845ac33749,farthest,2,"[0, 46]",0.026577527873069884,0.07873082803113479,0.1308841281891997,0.6221150533930417,0.04318429661941113,0.09809749640287771,1.9975886204128364,1.0,0.1584,0.2884,0.4515,0.025,0.0591,camera_pose_sim3,2.715997652243295,0.07351634812559796,10000,10000,True,False,True,/content/cv3d-project/data/cache/reconstruction/predictions/03211117/288a8917e51c57deb0957d845ac33749/ca78fb3df149a72cff48cee5.npz,cc1f1c52a09694a627ea63c9653315e3a11c63f6f6c8ad90073b71a8a51dd7dc,/content/cv3d-project/data/cache/reconstruction/metrics/03211117/288a8917e51c57deb0957d845ac33749/151854aee8c0d9b02e3ef0bc.json,11.408530000153405
03211117/288a8917e51c57deb0957d845ac33749,farthest,3,"[0, 46, 18]",0.2871952008270568,0.3674353525462103,0.4476755042653638,0.0,0.0,0.0,1.9975886204128364,0.0,0.0,0.0,0.0,0.0,0.0,camera_pose_sim3,1.6112218293171123,0.848391178233058,10000,10000,True,False,True,/content/cv3d-project/data/cache/reconstruction/predictions/03211117/288a8917e51c57deb0957d845ac33749/1716610d9083e07ac76ff27a.npz,0f169e5bb3fd4450701d63fba4276b4fd4307f0758bff94cb0bd7a354d234679,/content/cv3d-project/data/cache/reconstruction/metrics/03211117/288a8917e51c57deb0957d845ac33749/69e0e6b2f08832c58f5f4cee.json,11.299593000330788
03211117/288a8917e51c57deb0957d845ac33749,farthest,5,"[0, 46, 18, 28, 16]",0.07883493944795357,0.1247799471621035,0.17072495487625344,0.27479562841530053,0.0,0.0,1.9975886204128364,0.7273,0.0,0.0,0.1694,0.0,0.0,camera_pose_sim3,2.5362360132666337,0.21840981282142152,10000,10000,True,False,True,/content/cv3d-project/data/cache/reconstruction/predictions/03211117/288a8917e51c57deb0957d845ac33749/50a57054fa94b6c0ce9839cd.npz,f396939ab5f757190ed7089d41ea626e204983cbd32a609020ef29ab87bcf239,/content/cv3d-project/data/cache/reconstruction/metrics/03211117/288a8917e51c57deb0957d845ac33749/59545d3958ebe8fc2516c6ac.json,11.631325000053039
03211117/288a8917e51c57deb0957d845ac33749,farthest,10,"[0, 46, 18, 28, 16, 30, 2, 44, 13, 33]",0.0206205354408084,0.04137514181464087,0.06212974818847335,0.8653126063769431,0.20931382397903472,0.37224923112498554,1.9975886204128364,1.0,0.296,0.5938,0.7626,0.1619,0.2711,camera_pose_sim3,2.6164595068518794,0.13526243664196255,10000,10000,True,False,True,/content/cv3d-project/data/cache/reconstruction/predictions/03211117/288a8917e51c57deb0957d845ac33749/0ec10e5fd3b73ed54501298f.npz,50c40551fabe8621f2db36f9075310de556d3c72df72e5c3d4f6df432a29ebb1,/content/cv3d-project/data/cache/reconstruction/metrics/03211117/288a8917e51c57deb0957d845ac33749/71e03c6fc40232dfdceb160e.json,12.474440000005416
03211117/28b6e44e37586fd797e8123bbbc761d8,farthest,1,[0],1.7950055822964468,1.798837642596367,1.802669702896287,0.0,0.0,0.0,1.9995239363340749,0.0,0.0,0.0,0.0,0.0,0.0,camera_rotation_center_and_target_diameter_scale_single_view,6.406491669593111,0.0,10000,10000,True,True,True,/content/cv3d-project/data/cache/reconstruction/predictions/03211117/28b6e44e37586fd797e8123bbbc761d8/356bee9e5eedc0939397e0d5.npz,c86da4d870c855c45bf35090131cc4adb853e7a84948da86826462457b6321a5,/content/cv3d-project/data/cache/reconstruction/metrics/03211117/28b6e44e37586fd797e8123bbbc761d8/adac4d83b0e66900f622a98c.json,3.7586690000352974
03211117/28b6e44e37586fd797e8123bbbc761d8,farthest,2,"[0, 46]",0.5993467270155389,0.7126468696267926,0.8259470122380462,0.0,0.0,0.0,1.9995239363340749,0.0,0.0,0.0,0.0,0.0,0.0,camera_pose_sim3,3.215286461535429,0.2607337788058273,10000,10000,True,False,True,/content/cv3d-project/data/cache/reconstruction/predictions/03211117/28b6e44e37586fd797e8123bbbc761d8/ede4d966163e387bcd71c204.npz,b7f31aff06b0d9e8e848b9880a9fd23f66f8c8c955ce114db3f8e120a029840d,/content/cv3d-project/data/cache/reconstruction/metrics/03211117/28b6e44e37586fd797e8123bbbc761d8/a4938886481c49b26d13c468.json,11.538365999967937
03211117/28b6e44e37586fd797e8123bbbc761d8,farthest,3,"[0, 46, 18]",2.426575574720276,2.538288634108958,2.65000169349764,0.0,0.0,0.0,1.9995239363340749,0.0,0.0,0.0,0.0,0.0,0.0,camera_pose_sim3_positive_scale_fallback,3.508818263947457,1.4058899554225133,10000,10000,True,False,True,/content/cv3d-project/data/cache/reconstruction/predictions/03211117/28b6e44e37586fd797e8123bbbc761d8/51c55add144f7cdda025000f.npz,e2aabe3f7ee76e2a493735c75f9188d15316a4892c012f083fe8c1cb1a056581,/content/cv3d-project/data/cache/reconstruction/metrics/03211117/28b6e44e37586fd797e8123bbbc761d8/a3a83f44adafed1c1eefa91a.json,11.799250999956712
03211117/28b6e44e37586fd797e8123bbbc761d8,farthest,5,"[0, 46, 18, 28, 16]",3.0561192421476266,3.1976884606817944,3.3392576792159616,0.0,0.0,0.0,1.9995239363340749,0.0,0.0,0.0,0.0,0.0,0.0,camera_pose_sim3_positive_scale_fallback,3.6694556080018854,1.4570579377798585,10000,10000,True,False,True,/content/cv3d-project/data/cache/reconstruction/predictions/03211117/28b6e44e37586fd797e8123bbbc761d8/e3d20a494a24ba1d9b2ec5a0.npz,fea4cb2e28dcf4912e97a553fca0f3dca2bc4608660f796d23ba5d2c3542acb6,/content/cv3d-project/data/cache/reconstruction/metrics/03211117/28b6e44e37586fd797e8123bbbc761d8/791c3b1f5878dc9e50119cf0.json,11.60431999960565
03211117/28b6e44e37586fd797e8123bbbc761d8,farthest,10,"[0, 46, 18, 28, 16, 30, 2, 44, 13, 33]",0.22114847057791118,0.24364224005233087,0.26613600952675054,0.0,0.0,0.0,1.9995239363340749,0.0,0.0,0.0,0.0,0.0,0.0,camera_pose_sim3,1.8895400692445286,0.8879730371301039,10000,10000,True,False,True,/content/cv3d-project/data/cache/reconstruction/predictions/03211117/28b6e44e37586fd797e8123bbbc761d8/c6b82861764ce4e36b88834d.npz,cec540c84a85204af9139e76c55411ef57bc3e5863a5d44d927f252163fef4a1,/content/cv3d-project/data/cache/reconstruction/metrics/03211117/28b6e44e37586fd797e8123bbbc761d8/c067c5e42aa3840265bfe561.json,11.76851699983672
03691459/21e46ca2f8bbd4df71187cb9cc8e1a,farthest,1,[0],2.022411722700944,2.0819000665896166,2.141388410478289,0.0,0.0,0.0,1.99707269842917,0.0,0.0,0.0,0.0,0.0,0.0,camera_rotation_center_and_target_diameter_scale_single_view,7.0622944320322105,0.0,10000,10000,True,True,True,/content/cv3d-project/data/cache/reconstruction/predictions/03691459/21e46ca2f8bbd4df71187cb9cc8e1a/cb0ae1d84b0aec36f8528e35.npz,c4fe943991f93b5cafbfe1b23b9d45966a30e9ca82e47e9936a97d9eda19303f,/content/cv3d-project/data/cache/reconstruction/metrics/03691459/21e46ca2f8bbd4df71187cb9cc8e1a/fe4a489fbff96679fb94bbfd.json,3.732979999767849
03691459/21e46ca2f8bbd4df71187cb9cc8e1a,farthest,2,"[0, 46]",0.8184623210899271,0.9072629353626058,0.9960635496352845,0.0,0.0,0.0,1.99707269842917,0.0,0.0,0.0,0.0,0.0,0.0,camera_pose_sim3,3.3972287566169292,0.18849697770014465,10000,10000,True,False,True,/content/cv3d-project/data/cache/reconstruction/predictions/03691459/21e46ca2f8bbd4df71187cb9cc8e1a/6735953c6fd9b525ae5105e9.npz,bb740bdd38b854002645bf96c6a265c04e6f1421c11aed2605b5f027d3f4d14d,/content/cv3d-project/data/cache/reconstruction/metrics/03691459/21e46ca2f8bbd4df71187cb9cc8e1a/a7ee8a3bddfa8a3888a44a44.json,11.263067000072624
03691459/21e46ca2f8bbd4df71187cb9cc8e1a,farthest,3,"[0, 46, 18]",0.5414898286051868,0.675081777468608,0.8086737263320292,0.0,0.0,0.0,1.99707269842917,0.0,0.0,0.0,0.0,0.0,0.0,camera_pose_sim3,1.4491144617478167,1.1908120393419863,10000,10000,True,False,True,/content/cv3d-project/data/cache/reconstruction/predictions/03691459/21e46ca2f8bbd4df71187cb9cc8e1a/c0d221f45ceb128a027ed00c.npz,99dc48b11ae42a41eca422df41dfb2fe52bd2be6d6edbcecafe7ea825eb0a53c,/content/cv3d-project/data/cache/reconstruction/metrics/03691459/21e46ca2f8bbd4df71187cb9cc8e1a/42275579dec58813527afd8d.json,11.07891199990263
03691459/21e46ca2f8bbd4df71187cb9cc8e1a,farthest,5,"[0, 46, 18, 28, 16]",1.2467814652578406,1.3821597274574051,1.5175379896569698,0.0,0.0,0.0,1.99707269842917,0.0,0.0,0.0,0.0,0.0,0.0,camera_pose_sim3,2.015413654068348,1.080678332872448,10000,10000,True,False,True,/content/cv3d-project/data/cache/reconstruction/predictions/03691459/21e46ca2f8bbd4df71187cb9cc8e1a/3b48bb9f95ebfc5d4e3f852c.npz,23d4ac817f324317860ab4a0a416f1bffeadc990b79121545fb3065b8b73d56d,/content/cv3d-project/data/cache/reconstruction/metrics/03691459/21e46ca2f8bbd4df71187cb9cc8e1a/d702d40298c0a67ecc5f287c.json,11.47078700023485
03691459/21e46ca2f8bbd4df71187cb9cc8e1a,farthest,10,"[0, 46, 18, 28, 16, 30, 2, 44, 13, 33]",0.038475300306776185,0.13321534076091732,0.22795538121505846,0.30408585092943513,0.059994919168591225,0.1335112368318377,1.99707269842917,0.9263,0.1346,0.4337,0.1819,0.0386,0.0789,camera_pose_sim3,2.0943029649695264,0.9042379404857394,10000,10000,True,False,True,/content/cv3d-project/data/cache/reconstruction/predictions/03691459/21e46ca2f8bbd4df71187cb9cc8e1a/b453c59de9ea34c67953b6d2.npz,e91a5a1c35f736464aba542adbe5b3488c045a7827ebb04e736942fef90559b3,/content/cv3d-project/data/cache/reconstruction/metrics/03691459/21e46ca2f8bbd4df71187cb9cc8e1a/1054c1efb9608542ee6a357e.json,12.090999999600172
03691459/221a981adf503875e17b9e33c097dbff,farthest,1,[0],1.7955816807476679,1.881453111015531,1.967324541283394,0.0,0.0,0.0,1.9837750157360627,0.0,0.0,0.0,0.0,0.0,0.0,camera_rotation_center_and_target_diameter_scale_single_view,6.924156758615947,0.0,10000,10000,True,True,True,/content/cv3d-project/data/cache/reconstruction/predictions/03691459/221a981adf503875e17b9e33c097dbff/9fbe843c64cf7a381d2366c2.npz,b524bc84c12dea0a91a5228a2d50721515ce981cec878093ca3f69aace74de14,/content/cv3d-project/data/cache/reconstruction/metrics/03691459/221a981adf503875e17b9e33c097dbff/b63e529d470d4351fa3a77e7.json,3.8015400000404043
03691459/221a981adf503875e17b9e33c097dbff,farthest,2,"[0, 46]",5.595012988225122,5.542868392728454,5.4907237972317855,0.0,0.0,0.0,1.9837750157360627,0.0,0.0,0.0,0.0,0.0,0.0,camera_pose_sim3,11.308435067515546,0.6104975109447442,10000,10000,True,False,True,/content/cv3d-project/data/cache/reconstruction/predictions/03691459/221a981adf503875e17b9e33c097dbff/86a88e45c57e8a0ea614a951.npz,24bfbab343b7d709fe9a420b469b42ba1d35d425fd41dae5794db97be786e5b7,/content/cv3d-project/data/cache/reconstruction/metrics/03691459/221a981adf503875e17b9e33c097dbff/d3fbaf33414add6a18b65194.json,11.306667000098969
03691459/221a981adf503875e17b9e33c097dbff,farthest,3,"[0, 46, 18]",0.4532665826738061,0.5255072072552555,0.5977478318367049,0.0,0.0,0.0,1.9837750157360627,0.0,0.0,0.0,0.0,0.0,0.0,camera_pose_sim3,0.7039209756643523,1.2670826486515852,10000,10000,True,False,True,/content/cv3d-project/data/cache/reconstruction/predictions/03691459/221a981adf503875e17b9e33c097dbff/0969daf414dd302b559a6b0f.npz,282836dfb1aa481113220b8ff89dc8303772be0c7be4c2f2dd5282ce070085cc,/content/cv3d-project/data/cache/reconstruction/metrics/03691459/221a981adf503875e17b9e33c097dbff/c05eb5b6306935087fd56006.json,11.186435000126949
03691459/221a981adf503875e17b9e33c097dbff,farthest,5,"[0, 46, 18, 28, 16]",0.27706019802923976,0.34484788974184166,0.4126355814544435,0.0,0.0,0.0,1.9837750157360627,0.0,0.0,0.0,0.0,0.0,0.0,camera_pose_sim3,0.6676531889562374,1.3095993059406386,10000,10000,True,False,True,/content/cv3d-project/data/cache/reconstruction/predictions/03691459/221a981adf503875e17b9e33c097dbff/3f334cfc23f5a48b7b5f6e20.npz,e33c4dac3bdc6cb5c137f9b8f8d416f6277a494a8522da42dcb4ddec528cdf29,/content/cv3d-project/data/cache/reconstruction/metrics/03691459/221a981adf503875e17b9e33c097dbff/c33fe2c1cd79d7f9e80c9ff3.json,11.485928000183776
03691459/221a981adf503875e17b9e33c097dbff,farthest,10,"[0, 46, 18, 28, 16, 30, 2, 44, 13, 33]",0.1688894452743543,0.2406928544550808,0.3124962636358073,0.0,0.0,0.0,1.9837750157360627,0.0,0.0,0.0,0.0,0.0,0.0,camera_pose_sim3,0.9844789392441754,1.287492124525203,10000,10000,True,False,True,/content/cv3d-project/data/cache/reconstruction/predictions/03691459/221a981adf503875e17b9e33c097dbff/1277c3d8e84ed65e095a3750.npz,32cdbf590bcfedc0fa5b7fa8126d70736a912d97ae3316cb96817b5be2732214,/content/cv3d-project/data/cache/reconstruction/metrics/03691459/221a981adf503875e17b9e33c097dbff/8600b3edd04fc2a018d3d41b.json,11.697392999849399
03691459/22654d0b3683df91650c44f51c50faee,farthest,1,[0],1.880309077913848,1.9724798148957432,2.0646505518776386,0.0,0.0,0.0,1.9993722540683203,0.0,0.0,0.0,0.0,0.0,0.0,camera_rotation_center_and_target_diameter_scale_single_view,6.864294617879159,0.0,10000,10000,True,True,True,/content/cv3d-project/data/cache/reconstruction/predictions/03691459/22654d0b3683df91650c44f51c50faee/77cf3a44d93c4c63f4d78a5f.npz,5a9a904f0bea54835cfdc8d11e031b013127b52dd4e34081e9eb838a8e86ae06,/content/cv3d-project/data/cache/reconstruction/metrics/03691459/22654d0b3683df91650c44f51c50faee/519dc92fef51c757edaa0827.json,3.69372699969972
03691459/22654d0b3683df91650c44f51c50faee,farthest,2,"[0, 46]",0.28627243555677384,0.4059945006576766,0.5257165657585794,0.0,0.0,0.0,1.9993722540683203,0.0,0.0,0.0,0.0,0.0,0.0,camera_pose_sim3,3.0774812567343317,0.09578641498522103,10000,10000,True,False,True,/content/cv3d-project/data/cache/reconstruction/predictions/03691459/22654d0b3683df91650c44f51c50faee/5013ade1af511276dfd13c2f.npz,6c574d20ff55110f124c8a186b3060f8543882f5f34759bd1be6fd3c4fd3263a,/content/cv3d-project/data/cache/reconstruction/metrics/03691459/22654d0b3683df91650c44f51c50faee/b34f3ddad5f8b2c714c7d2fe.json,11.132073999760905
03691459/22654d0b3683df91650c44f51c50faee,farthest,3,"[0, 46, 18]",0.2011650245087383,0.4112084963203417,0.621251968131945,0.0,0.0,0.0,1.9993722540683203,0.0,0.0,0.0,0.0,0.0,0.0,camera_pose_sim3,1.2938319384793104,1.1047079864567693,10000,10000,True,False,True,/content/cv3d-project/data/cache/reconstruction/predictions/03691459/22654d0b3683df91650c44f51c50faee/94477d3dc769678508803d37.npz,1ea740ee05a53e69edad58fba5c30d54a749ffabe70b04dcc85a27dca0d7cb0b,/content/cv3d-project/data/cache/reconstruction/metrics/03691459/22654d0b3683df91650c44f51c50faee/52f688550221577115e6ebd6.json,11.538706999999704
03691459/22654d0b3683df91650c44f51c50faee,farthest,5,"[0, 46, 18, 28, 16]",0.33674489079822456,0.5023897463960965,0.6680346019939685,0.0,0.0,0.0,1.9993722540683203,0.0,0.0,0.0,0.0,0.0,0.0,camera_pose_sim3,1.3563627368183713,1.1575353486454116,10000,10000,True,False,True,/content/cv3d-project/data/cache/reconstruction/predictions/03691459/22654d0b3683df91650c44f51c50faee/21f2302724d9a6437295765e.npz,43de2bcc8a1812d107bf7d4f2d97277855b5a4b91cd2364dcb24acb84105b6bd,/content/cv3d-project/data/cache/reconstruction/metrics/03691459/22654d0b3683df91650c44f51c50faee/1050a222e34293ffd5adb248.json,11.375588000191783
03691459/22654d0b3683df91650c44f51c50faee,farthest,10,"[0, 46, 18, 28, 16, 30, 2, 44, 13, 33]",0.10926179517962871,0.21696322842360544,0.3246646616675822,0.10224361929150662,0.012535632183908046,0.023231143552311435,1.9993722540683203,0.4102,0.0266,0.0682,0.0584,0.0082,0.014,camera_pose_sim3,1.9845895998573742,0.8283255596026013,10000,10000,True,False,True,/content/cv3d-project/data/cache/reconstruction/predictions/03691459/22654d0b3683df91650c44f51c50faee/12da6b566e49fd9e962d0ece.npz,204b20fc9ad8dfac5e04a069833b9d52f75d6661bace34c33999dfff40c9eaaf,/content/cv3d-project/data/cache/reconstruction/metrics/03691459/22654d0b3683df91650c44f51c50faee/5bb0501d0a49cbd619a6a869.json,11.996530999567767
03691459/22e37482f8499fa53a081cb8ab2c8e61,farthest,1,[0],1.5151051933124142,1.6079608151995513,1.700816437086688,0.0,0.0,0.0,1.9962720303434127,0.0,0.0,0.0,0.0,0.0,0.0,camera_rotation_center_and_target_diameter_scale_single_view,6.188012241368076,0.0,10000,10000,True,True,True,/content/cv3d-project/data/cache/reconstruction/predictions/03691459/22e37482f8499fa53a081cb8ab2c8e61/a3848cc1405200dac0194ebd.npz,802157fcbfb2a50377f860622d9196fb9daa405b5a1a13972c72897ef2b82f49,/content/cv3d-project/data/cache/reconstruction/metrics/03691459/22e37482f8499fa53a081cb8ab2c8e61/4b39f59e92dfd9f11c45f5b6.json,3.9696310000181256
03691459/22e37482f8499fa53a081cb8ab2c8e61,farthest,2,"[0, 46]",0.20412562870036774,0.31802475730283214,0.43192388590529657,0.1278855382619974,0.004971428571428571,0.012585255198487712,1.9962720303434127,0.2179,0.0145,0.0456,0.0905,0.003,0.0073,camera_pose_sim3,2.922511292761743,0.29464986431314266,10000,10000,True,False,True,/content/cv3d-project/data/cache/reconstruction/predictions/03691459/22e37482f8499fa53a081cb8ab2c8e61/3ef58108839221362719fd78.npz,c5c8975d3b2c3b0e0bfac5bb9638e8984bf4168e1b680785100d36e35666f7c6,/content/cv3d-project/data/cache/reconstruction/metrics/03691459/22e37482f8499fa53a081cb8ab2c8e61/708c98dd5039d24c1f6c1476.json,11.634985000000597
03691459/22e37482f8499fa53a081cb8ab2c8e61,farthest,3,"[0, 46, 18]",0.3705042950335639,0.5486265068838672,0.7267487187341704,0.0,0.0,0.0,1.9962720303434127,0.0,0.0,0.0,0.0,0.0,0.0,camera_pose_sim3,0.9996412959670368,1.128066896436764,10000,10000,True,False,True,/content/cv3d-project/data/cache/reconstruction/predictions/03691459/22e37482f8499fa53a081cb8ab2c8e61/227bab4c1ad70d39d8c031ed.npz,99a99c8f870dd1ae2518fdde84ba882e91678a614ffe34e85057779156ced649,/content/cv3d-project/data/cache/reconstruction/metrics/03691459/22e37482f8499fa53a081cb8ab2c8e61/7ec59cec7364f632e4fde4bb.json,11.280657000042993
03691459/22e37482f8499fa53a081cb8ab2c8e61,farthest,5,"[0, 46, 18, 28, 16]",0.30092571331100954,0.4264972881223634,0.5520688629337174,0.0,0.0,0.0,1.9962720303434127,0.0,0.0,0.0,0.0,0.0,0.0,camera_pose_sim3,1.4499737603356941,1.083878958848553,10000,10000,True,False,True,/content/cv3d-project/data/cache/reconstruction/predictions/03691459/22e37482f8499fa53a081cb8ab2c8e61/de123d8b64bd13f04e510ee6.npz,15c4f63e5fcd307426fbdb5db91ecb74ea91eba7329a58e0a5fa6cc2cf100751,/content/cv3d-project/data/cache/reconstruction/metrics/03691459/22e37482f8499fa53a081cb8ab2c8e61/72f3b1afe304149d15b0128d.json,11.27085400003125
03691459/22e37482f8499fa53a081cb8ab2c8e61,farthest,10,"[0, 46, 18, 28, 16, 30, 2, 44, 13, 33]",0.058048203501449624,0.1056685737786549,0.1532889440558602,0.3904915510494486,0.026357142857142857,0.06574604135148764,1.9962720303434127,0.8729,0.0492,0.1567,0.2515,0.018,0.0416,camera_pose_sim3,2.516032979494278,0.5441530170792176,10000,10000,True,False,True,/content/cv3d-project/data/cache/reconstruction/predictions/03691459/22e37482f8499fa53a081cb8ab2c8e61/72985b04d87d2dadf4f73db3.npz,89518c98c56c658414c933fc926b5427f32e84d93f9fd73e5e03924a0cb1f74a,/content/cv3d-project/data/cache/reconstruction/metrics/03691459/22e37482f8499fa53a081cb8ab2c8e61/dd965f26b2f0406b355747df.json,12.04098200014414
03691459/2325005b09d12b2585d624cfcd9a37a7,farthest,1,[0],0.762323041009513,0.8559915287124364,0.94966001641536,0.0,0.0,0.0,2.000002608233328,0.0,0.0,0.0,0.0,0.0,0.0,camera_rotation_center_and_target_diameter_scale_single_view,4.668026865303592,0.0,10000,10000,True,True,True,/content/cv3d-project/data/cache/reconstruction/predictions/03691459/2325005b09d12b2585d624cfcd9a37a7/8e1bcea0a5c69cc9368fd77f.npz,2250b052b78b4e5359af84d288b655590b8de32730c2761029a312897ac2b048,/content/cv3d-project/data/cache/reconstruction/metrics/03691459/2325005b09d12b2585d624cfcd9a37a7/c2015d32c0871ab9c36ea5f3.json,3.6940710001545085
03691459/2325005b09d12b2585d624cfcd9a37a7,farthest,2,"[0, 46]",1.2718961341152188,1.3450638992038821,1.4182316642925454,0.0,0.0,0.0,2.000002608233328,0.0,0.0,0.0,0.0,0.0,0.0,camera_pose_sim3,3.4287163668065572,0.49676788865302207,10000,10000,True,False,True,/content/cv3d-project/data/cache/reconstruction/predictions/03691459/2325005b09d12b2585d624cfcd9a37a7/6a55a3a327cb5b80e3175124.npz,45f6c22c23fdafb87ceeeda9ef86169badd7674ccdcf542aa37ee6c81c735332,/content/cv3d-project/data/cache/reconstruction/metrics/03691459/2325005b09d12b2585d624cfcd9a37a7/9067822ea187eddd5bbf14bd.json,11.093967000306293
03691459/2325005b09d12b2585d624cfcd9a37a7,farthest,3,"[0, 46, 18]",0.4050616405889582,0.5699805783712963,0.7348995161536345,0.0,0.0,0.0,2.000002608233328,0.0,0.0,0.0,0.0,0.0,0.0,camera_pose_sim3,1.2184376977849076,1.1104449743740792,10000,10000,True,False,True,/content/cv3d-project/data/cache/reconstruction/predictions/03691459/2325005b09d12b2585d624cfcd9a37a7/ca4bdc82b83bb212973ba048.npz,e58550ba9d7d92ab00825eb62e919a2cd4634ab77f7702e0ddd54f6e153fda62,/content/cv3d-project/data/cache/reconstruction/metrics/03691459/2325005b09d12b2585d624cfcd9a37a7/ab33717a85e0aab558c38917.json,11.01308599982076
03691459/2325005b09d12b2585d624cfcd9a37a7,farthest,5,"[0, 46, 18, 28, 16]",0.6073198146926359,0.8075596589470668,1.007799503201498,0.0,0.0,0.0,2.000002608233328,0.0,0.0,0.0,0.0,0.0,0.0,camera_pose_sim3,1.6065299366164072,1.2645443117387825,10000,10000,True,False,True,/content/cv3d-project/data/cache/reconstruction/predictions/03691459/2325005b09d12b2585d624cfcd9a37a7/2e792d808e57886972590182.npz,ea634e39f8946df1d480c2e2c6d3756c7f2fb7a8f8eb73251e6f4bf60a84ffee,/content/cv3d-project/data/cache/reconstruction/metrics/03691459/2325005b09d12b2585d624cfcd9a37a7/5bf6ff969a7cb87bef36e61e.json,11.331680999774107
03691459/2325005b09d12b2585d624cfcd9a37a7,farthest,10,"[0, 46, 18, 28, 16, 30, 2, 44, 13, 33]",0.07260749705959077,0.23484741071871124,0.3970873243778317,0.12659657351154313,0.0,0.0002666666666666666,2.000002608233328,0.7539,0.0,0.0002,0.0691,0.0,0.0004,camera_pose_sim3,1.154072474315824,1.2134390468849985,10000,10000,True,False,True,/content/cv3d-project/data/cache/reconstruction/predictions/03691459/2325005b09d12b2585d624cfcd9a37a7/1b865da339fe41568c6d5202.npz,6255cc1f3fcfcdc7d7e71620b84d854a4b428cdfa7273c4c26d45ba2cac4a3b3,/content/cv3d-project/data/cache/reconstruction/metrics/03691459/2325005b09d12b2585d624cfcd9a37a7/c2f2875d7a8c06ec61be70a5.json,12.536285999885877
03691459/2336a8ba5ba8a9f0ce029fab54b6cfbd,farthest,1,[0],1.7897667104566313,1.9258550137238344,2.0619433169910377,0.0,0.0,0.0,2.000002751433258,0.0,0.0,0.0,0.0,0.0,0.0,camera_rotation_center_and_target_diameter_scale_single_view,6.93896104913248,0.0,10000,10000,True,True,True,/content/cv3d-project/data/cache/reconstruction/predictions/03691459/2336a8ba5ba8a9f0ce029fab54b6cfbd/093a5707d80d59845b51486f.npz,d5747102cf5955dd438bfcfd071dda02d0b2dc66d168d2dfc90f71f310beffa6,/content/cv3d-project/data/cache/reconstruction/metrics/03691459/2336a8ba5ba8a9f0ce029fab54b6cfbd/d350cc269b0736b7cbdc20f8.json,3.8882500002728193
03691459/2336a8ba5ba8a9f0ce029fab54b6cfbd,farthest,2,"[0, 46]",0.5703163049640232,0.6609926071066387,0.7516689092492541,0.0,0.0,0.0,2.000002751433258,0.0,0.0,0.0,0.0,0.0,0.0,camera_pose_sim3,3.2134626909993362,0.26037098111468593,10000,10000,True,False,True,/content/cv3d-project/data/cache/reconstruction/predictions/03691459/2336a8ba5ba8a9f0ce029fab54b6cfbd/3eabaaa473fcecf1d940493a.npz,2ce6c72363ec1f65719f706e1d85427b6419b9eb4e00cffc67fd391296cf0b65,/content/cv3d-project/data/cache/reconstruction/metrics/03691459/2336a8ba5ba8a9f0ce029fab54b6cfbd/de2dac7dde375d25af116fb4.json,11.398134000046412
03691459/2336a8ba5ba8a9f0ce029fab54b6cfbd,farthest,3,"[0, 46, 18]",0.5426577016760752,0.6751873145227133,0.8077169273693514,0.0,0.0,0.0,2.000002751433258,0.0,0.0,0.0,0.0,0.0,0.0,camera_pose_sim3,2.6294527920756763,0.8904908991338499,10000,10000,True,False,True,/content/cv3d-project/data/cache/reconstruction/predictions/03691459/2336a8ba5ba8a9f0ce029fab54b6cfbd/561b4588b693cb3793d61ea0.npz,ef10c8656c250e916b215d42d4632f190317b7f9e7460c304d432351fd5c2503,/content/cv3d-project/data/cache/reconstruction/metrics/03691459/2336a8ba5ba8a9f0ce029fab54b6cfbd/fba6144445d92b5bdfc497f3.json,11.372287000085635
03691459/2336a8ba5ba8a9f0ce029fab54b6cfbd,farthest,5,"[0, 46, 18, 28, 16]",0.20768066981946195,0.3236190918473263,0.4395575138751906,0.0,0.0,0.0,2.000002751433258,0.0,0.0,0.0,0.0,0.0,0.0,camera_pose_sim3,1.7156154951557907,1.1286178648567753,10000,10000,True,False,True,/content/cv3d-project/data/cache/reconstruction/predictions/03691459/2336a8ba5ba8a9f0ce029fab54b6cfbd/340358fdc263e3df8505dd6e.npz,b7b314bdb90ad5cbd7f97fb9650aab9eb5496bd261c404bcf64d85b13e5fc98d,/content/cv3d-project/data/cache/reconstruction/metrics/03691459/2336a8ba5ba8a9f0ce029fab54b6cfbd/d20e60c753ad5b45a56c68c7.json,11.821101000350609
03691459/2336a8ba5ba8a9f0ce029fab54b6cfbd,farthest,10,"[0, 46, 18, 28, 16, 30, 2, 44, 13, 33]",0.1795713070255175,0.2858836964729777,0.39219608592043786,0.0,0.0,0.0,2.000002751433258,0.0,0.0,0.0,0.0,0.0,0.0,camera_pose_sim3,1.0528256148045398,1.2190697439929818,10000,10000,True,False,True,/content/cv3d-project/data/cache/reconstruction/predictions/03691459/2336a8ba5ba8a9f0ce029fab54b6cfbd/278af39eb8ff63354b9b3ea3.npz,b99b15e2fb94f5c6d7d678c70597f0a24091c242448dd08cc945c7a9045c165a,/content/cv3d-project/data/cache/reconstruction/metrics/03691459/2336a8ba5ba8a9f0ce029fab54b6cfbd/0b91fa67a11c0b65afc7d2c1.json,12.400000000070577
03691459/23a1ad8f7fdbb6a54821f0e819875cf6,farthest,1,[0],1.4176336941016616,1.3955095565679012,1.3733854190341408,0.0,0.0,0.0,1.993160033877875,0.0,0.0,0.0,0.0,0.0,0.0,camera_rotation_center_and_target_diameter_scale_single_view,5.942200608524016,0.0,10000,10000,True,True,True,/content/cv3d-project/data/cache/reconstruction/predictions/03691459/23a1ad8f7fdbb6a54821f0e819875cf6/40fa1bc1a58463a2f04d3230.npz,6e5a3072ff943a75a49941781827182821a8d5f21c6860541eb4570389d16d06,/content/cv3d-project/data/cache/reconstruction/metrics/03691459/23a1ad8f7fdbb6a54821f0e819875cf6/aa189ace26c5a988b846897b.json,4.046593000111898
03691459/23a1ad8f7fdbb6a54821f0e819875cf6,farthest,2,"[0, 46]",0.11333010383917991,0.19965695594519767,0.2859838080512154,0.05085275568960789,0.0,0.0,1.993160033877875,0.3372,0.0,0.0,0.0275,0.0,0.0,camera_pose_sim3,3.1283921981222993,0.06946095055540329,10000,10000,True,False,True,/content/cv3d-project/data/cache/reconstruction/predictions/03691459/23a1ad8f7fdbb6a54821f0e819875cf6/d1e9adf8ecd7bd6790b4df9c.npz,a94deeae1aa8370e9a7577ff5aad6ff1ee6d18f4fa68dff39c7e080770833a35,/content/cv3d-project/data/cache/reconstruction/metrics/03691459/23a1ad8f7fdbb6a54821f0e819875cf6/9bacbd1ff9a56ec8a5fe6cb7.json,11.619904999861319
03691459/23a1ad8f7fdbb6a54821f0e819875cf6,farthest,3,"[0, 46, 18]",0.5414919025376099,0.634434757659962,0.7273776127823142,0.0,0.0,0.0,1.993160033877875,0.0,0.0,0.0,0.0,0.0,0.0,camera_pose_sim3,2.8212577855540237,0.7634213272253407,10000,10000,True,False,True,/content/cv3d-project/data/cache/reconstruction/predictions/03691459/23a1ad8f7fdbb6a54821f0e819875cf6/fadd5066edb87dd1bdcada5b.npz,531a21ea239843c4a91324a555090782dfdf0974201748c98b473871b5fe00d0,/content/cv3d-project/data/cache/reconstruction/metrics/03691459/23a1ad8f7fdbb6a54821f0e819875cf6/8f91895042a5c256c70b392a.json,11.437231999934738
03691459/23a1ad8f7fdbb6a54821f0e819875cf6,farthest,5,"[0, 46, 18, 28, 16]",0.08334970009125005,0.18897428678267042,0.2945988734740908,0.12649687315634217,0.011788150807899462,0.024555331991951708,1.993160033877875,0.6074,0.049,0.1356,0.0706,0.0067,0.0135,camera_pose_sim3,2.364466283691935,0.775024647166425,10000,10000,True,False,True,/content/cv3d-project/data/cache/reconstruction/predictions/03691459/23a1ad8f7fdbb6a54821f0e819875cf6/a3afd71b8e5b423257220cab.npz,43bad2773e14206a8b285dfca3ab569af9e661c4fd75d1b4494e2dcdc2c1d78e,/content/cv3d-project/data/cache/reconstruction/metrics/03691459/23a1ad8f7fdbb6a54821f0e819875cf6/c604cc79ca34b9bd5c072c6b.json,11.444503999882727
03691459/23a1ad8f7fdbb6a54821f0e819875cf6,farthest,10,"[0, 46, 18, 28, 16, 30, 2, 44, 13, 33]",0.03396056337520637,0.07214978235288602,0.11033900133056568,0.6452981195152528,0.10426361031518624,0.1789428243774574,1.993160033877875,0.9462,0.2481,0.5015,0.4896,0.066,0.1089,camera_pose_sim3,2.544839661444469,0.2595298879416478,10000,10000,True,False,True,/content/cv3d-project/data/cache/reconstruction/predictions/03691459/23a1ad8f7fdbb6a54821f0e819875cf6/69cb78859e7c2e2d535ab11b.npz,b1ec4a8432614813dcda681da57503b42faf5c0ca4badee54825bef70a02895e,/content/cv3d-project/data/cache/reconstruction/metrics/03691459/23a1ad8f7fdbb6a54821f0e819875cf6/8d760d820557589e808fb1c5.json,12.118227999962983
03691459/240521f502e491cd4eddc7a5aaee958e,farthest,1,[0],0.6513853627782672,0.7554128613993905,0.8594403600205137,0.0,0.0,0.0,1.999991045272518,0.0,0.0,0.0,0.0,0.0,0.0,camera_rotation_center_and_target_diameter_scale_single_view,4.509475525626524,0.0,10000,10000,True,True,True,/content/cv3d-project/data/cache/reconstruction/predictions/03691459/240521f502e491cd4eddc7a5aaee958e/1d16b62f0afbc9c62494267b.npz,861a1201766ac851169cf149c459847a05194609d250ded6eb0953dce1f68df9,/content/cv3d-project/data/cache/reconstruction/metrics/03691459/240521f502e491cd4eddc7a5aaee958e/cd0288276ae2b24f61200486.json,3.87437300014426
03691459/240521f502e491cd4eddc7a5aaee958e,farthest,2,"[0, 46]",30.71633358837893,30.749592175400075,30.782850762421216,0.0,0.0,0.0,1.999991045272518,0.0,0.0,0.0,0.0,0.0,0.0,camera_pose_sim3,62.907192510701705,1.3577166298421177,10000,10000,True,False,True,/content/cv3d-project/data/cache/reconstruction/predictions/03691459/240521f502e491cd4eddc7a5aaee958e/44e96c8524e9ce258bb79f7b.npz,a5d987698978f1c90a2da477ddcfb466b0bb23d181adbcec929fe810e79df18d,/content/cv3d-project/data/cache/reconstruction/metrics/03691459/240521f502e491cd4eddc7a5aaee958e/2d73e061440f2ef8d894aaa0.json,11.68069299956187
03691459/240521f502e491cd4eddc7a5aaee958e,farthest,3,"[0, 46, 18]",0.12686413703811217,0.32194572292696105,0.5170273088158099,0.0,0.0,0.0,1.999991045272518,0.0,0.0,0.0,0.0,0.0,0.0,camera_pose_sim3,1.1496413882974026,1.209885146913641,10000,10000,True,False,True,/content/cv3d-project/data/cache/reconstruction/predictions/03691459/240521f502e491cd4eddc7a5aaee958e/64c704eb7fc5d5cb238ec0c7.npz,5c781bb9f79d9ff5a73d1f0b34c3d862748c79570fc48786146bf851affff897,/content/cv3d-project/data/cache/reconstruction/metrics/03691459/240521f502e491cd4eddc7a5aaee958e/980b32c1f85a24e625597ba8.json,11.47704300001351
03691459/240521f502e491cd4eddc7a5aaee958e,farthest,5,"[0, 46, 18, 28, 16]",0.33669774484394277,0.5250545853908115,0.7134114259376804,0.0,0.0,0.0,1.999991045272518,0.0,0.0,0.0,0.0,0.0,0.0,camera_pose_sim3,1.6900072336970848,0.9988772389535147,10000,10000,True,False,True,/content/cv3d-project/data/cache/reconstruction/predictions/03691459/240521f502e491cd4eddc7a5aaee958e/24c404c4a1e8ded33eb1c69c.npz,b56d54fcdf12264826065cba72f18c35e69880d8a50c17d96c5252054114c53b,/content/cv3d-project/data/cache/reconstruction/metrics/03691459/240521f502e491cd4eddc7a5aaee958e/72a733802868aa154a3cfb7b.json,11.799552999946172
03691459/240521f502e491cd4eddc7a5aaee958e,farthest,10,"[0, 46, 18, 28, 16, 30, 2, 44, 13, 33]",0.25291645517957506,0.3753317263159448,0.4977469974523145,0.0,0.0,0.0,1.999991045272518,0.0,0.0,0.0,0.0,0.0,0.0,camera_pose_sim3,1.4498112409233017,1.0236900441258612,10000,10000,True,False,True,/content/cv3d-project/data/cache/reconstruction/predictions/03691459/240521f502e491cd4eddc7a5aaee958e/9d3b0ef8857d5f8139860aa1.npz,913285b5dda556d7ea0b73104e39a20bbb6f55fec177f512bc6a99bb489c73ef,/content/cv3d-project/data/cache/reconstruction/metrics/03691459/240521f502e491cd4eddc7a5aaee958e/768cdb8c89513750715416df.json,11.818839000170556
03691459/244f40cd50620b32dfdc04b8b8434e84,farthest,1,[0],1.0818870200331303,1.1972158767315122,1.3125447334298943,0.0,0.0,0.0,1.997820928236058,0.0,0.0,0.0,0.0,0.0,0.0,camera_rotation_center_and_target_diameter_scale_single_view,5.398874789639922,0.0,10000,10000,True,True,True,/content/cv3d-project/data/cache/reconstruction/predictions/03691459/244f40cd50620b32dfdc04b8b8434e84/fdaaf5e0992e0a6a70ea392f.npz,d12e587ff2b3f9f75cec292fc4bd7671bb4103cd63fcf5972fe55c3a1ce056e6,/content/cv3d-project/data/cache/reconstruction/metrics/03691459/244f40cd50620b32dfdc04b8b8434e84/4cb2a2bd1a1f1f9ef4dc9218.json,3.9363500000035856
03691459/244f40cd50620b32dfdc04b8b8434e84,farthest,2,"[0, 46]",1.51530545010376,1.5933847477095031,1.6714640453152465,0.0,0.0,0.0,1.997820928236058,0.0,0.0,0.0,0.0,0.0,0.0,camera_pose_sim3,3.572613138853207,0.6424835404697439,10000,10000,True,False,True,/content/cv3d-project/data/cache/reconstruction/predictions/03691459/244f40cd50620b32dfdc04b8b8434e84/4776b867d1cca649d44812ac.npz,82d03e111fc7cfc4c04a7cf94185f81874489b0061056659b86700e3febaa511,/content/cv3d-project/data/cache/reconstruction/metrics/03691459/244f40cd50620b32dfdc04b8b8434e84/17166a24e597b45c16660a93.json,11.625762999756262
03691459/244f40cd50620b32dfdc04b8b8434e84,farthest,3,"[0, 46, 18]",2.808722120265303,2.9237631902079366,3.0388042601505703,0.0,0.0,0.0,1.997820928236058,0.0,0.0,0.0,0.0,0.0,0.0,camera_pose_sim3_positive_scale_fallback,3.9968986991432986,1.093944471667102,10000,10000,True,False,True,/content/cv3d-project/data/cache/reconstruction/predictions/03691459/244f40cd50620b32dfdc04b8b8434e84/87f6a3050dff2be39190f02f.npz,6c64ac19a672a702f51f5f10ddb147a52bfae77ad253668d68f624718f03d700,/content/cv3d-project/data/cache/reconstruction/metrics/03691459/244f40cd50620b32dfdc04b8b8434e84/2d1122874ffe5ec57e6d3ce6.json,11.560140999790747
03691459/244f40cd50620b32dfdc04b8b8434e84,farthest,5,"[0, 46, 18, 28, 16]",0.04374934126631254,0.18082158416437308,0.31789382706243363,0.04630262772296571,0.0,0.0,1.997820928236058,1.0,0.0,0.0,0.0237,0.0,0.0,camera_pose_sim3,0.3203127900436719,1.333291786705655,10000,10000,True,False,True,/content/cv3d-project/data/cache/reconstruction/predictions/03691459/244f40cd50620b32dfdc04b8b8434e84/9adadb0ebd8caaa4e100d853.npz,2ef62e536a7aec598aae18023939f30ab949738b409145b4ce07d89d1628659c,/content/cv3d-project/data/cache/reconstruction/metrics/03691459/244f40cd50620b32dfdc04b8b8434e84/be4c5f23b19f75ff093770b4.json,11.597234999953798
03691459/244f40cd50620b32dfdc04b8b8434e84,farthest,10,"[0, 46, 18, 28, 16, 30, 2, 44, 13, 33]",0.7287290522105058,0.838703511906953,0.9486779716034002,0.0,0.0,0.0,1.997820928236058,0.0,0.0,0.0,0.0,0.0,0.0,camera_pose_sim3,1.8193962900767666,1.0544623540357914,10000,10000,True,False,True,/content/cv3d-project/data/cache/reconstruction/predictions/03691459/244f40cd50620b32dfdc04b8b8434e84/40ba9b2266d0d3f74a707efe.npz,3814360c60d36f1e188a48037a479fbb1be8d04d7f7bba0ba3ddb2a1c8ca6881,/content/cv3d-project/data/cache/reconstruction/metrics/03691459/244f40cd50620b32dfdc04b8b8434e84/0570ff9659e025c512aa7282.json,12.220221000006859
03691459/245ed4407d4cead6b9c1ae865c9193ec,farthest,1,[0],1.3653011313609988,1.4610935320060718,1.5568859326511448,0.0,0.0,0.0,1.9969525836857291,0.0,0.0,0.0,0.0,0.0,0.0,camera_rotation_center_and_target_diameter_scale_single_view,5.8300776556878136,0.0,10000,10000,True,True,True,/content/cv3d-project/data/cache/reconstruction/predictions/03691459/245ed4407d4cead6b9c1ae865c9193ec/21374ede363b1845ed3df73a.npz,36e9aaf3dd01b319c9d63a72582cbd91e7b65d7ea8a5c0a230dbf5f0a23c1565,/content/cv3d-project/data/cache/reconstruction/metrics/03691459/245ed4407d4cead6b9c1ae865c9193ec/5b0f0030d187142afeba8b7d.json,3.845628999897599
03691459/245ed4407d4cead6b9c1ae865c9193ec,farthest,2,"[0, 46]",0.6571702733892957,0.7942187532979824,0.9312672332066692,0.0,0.0,0.0,1.9969525836857291,0.0,0.0,0.0,0.0,0.0,0.0,camera_pose_sim3,2.407921584843361,0.6459019099842899,10000,10000,True,False,True,/content/cv3d-project/data/cache/reconstruction/predictions/03691459/245ed4407d4cead6b9c1ae865c9193ec/85f47c8a427cc5e0aacbe290.npz,3c197c88a9820ca9f2b10e6c86df0ff87b6a6a596da3916f7c5050171ec436b3,/content/cv3d-project/data/cache/reconstruction/metrics/03691459/245ed4407d4cead6b9c1ae865c9193ec/3b5d2804d0fb4fe05b2417eb.json,11.797086000115087
03691459/245ed4407d4cead6b9c1ae865c9193ec,farthest,3,"[0, 46, 18]",1.586194921861034,1.5853333352163923,1.5844717485717505,0.0,0.0,0.0,1.9969525836857291,0.0,0.0,0.0,0.0,0.0,0.0,camera_pose_sim3_positive_scale_fallback,2.5987961805078243,1.2674913357731294,10000,10000,True,False,True,/content/cv3d-project/data/cache/reconstruction/predictions/03691459/245ed4407d4cead6b9c1ae865c9193ec/e6afb5646be18dbaf32902a2.npz,9313ece34d5c28a9dd335a1100f63feecb717e67a00d702353ba0b6d754b198c,/content/cv3d-project/data/cache/reconstruction/metrics/03691459/245ed4407d4cead6b9c1ae865c9193ec/c2055bae87ae09e65943814a.json,11.797182999998768
03691459/245ed4407d4cead6b9c1ae865c9193ec,farthest,5,"[0, 46, 18, 28, 16]",0.03236629207880037,0.13872690015025632,0.24508750822171227,0.20547330641543293,0.018017792421746292,0.04355176866928692,1.9969525836857291,1.0,0.1116,0.3329,0.1145,0.0098,0.0233,camera_pose_sim3,1.9341846650758292,0.899892451657221,10000,10000,True,False,True,/content/cv3d-project/data/cache/reconstruction/predictions/03691459/245ed4407d4cead6b9c1ae865c9193ec/8bc4fb39367beba162c9d4af.npz,16eb77ddcc41691f3bec2d06b85a9551fb95c00b2c1f95694ff31dace3b7dba1,/content/cv3d-project/data/cache/reconstruction/metrics/03691459/245ed4407d4cead6b9c1ae865c9193ec/72bf7bcfb4fcc827a06ab0ae.json,11.572653999792237
03691459/245ed4407d4cead6b9c1ae865c9193ec,farthest,10,"[0, 46, 18, 28, 16, 30, 2, 44, 13, 33]",0.03059851311532402,0.04886627719724806,0.0671340412791721,0.8528821336392315,0.04403898635477583,0.14471856287425147,1.9969525836857291,1.0,0.0706,0.228,0.7435,0.032,0.106,camera_pose_sim3,2.6628458054675654,0.1189527224957757,10000,10000,True,False,True,/content/cv3d-project/data/cache/reconstruction/predictions/03691459/245ed4407d4cead6b9c1ae865c9193ec/9d8930955ab7916a7ce1a6bf.npz,bdf65dbe96a35de21faec75a03961398c240826e57d1a0cc927dc9d6e15eb22b,/content/cv3d-project/data/cache/reconstruction/metrics/03691459/245ed4407d4cead6b9c1ae865c9193ec/fc913195d4052c2088022680.json,12.156250999851181
04090263/18e5827d2cfafd05d735fa1ab17311ec,farthest,1,[0],4.876997183292379,5.146582365502811,5.416167547713243,0.0,0.0,0.0,1.998342284109673,0.0,0.0,0.0,0.0,0.0,0.0,camera_rotation_center_and_target_diameter_scale_single_view,13.620695655035147,0.0,2541,10000,True,True,True,/content/cv3d-project/data/cache/reconstruction/predictions/04090263/18e5827d2cfafd05d735fa1ab17311ec/2ecf9cc950a046f22419df1d.npz,69f581f88c72201eb381bf36690c8527f52d0fa28cfb4a2d41e36bba4e20af54,/content/cv3d-project/data/cache/reconstruction/metrics/04090263/18e5827d2cfafd05d735fa1ab17311ec/e55859dd3a56109edac1c863.json,2.8372749998197833
04090263/18e5827d2cfafd05d735fa1ab17311ec,farthest,2,"[0, 46]",0.8343670755104936,0.8602133432320362,0.8860596109535788,0.0,0.0,0.0,1.998342284109673,0.0,0.0,0.0,0.0,0.0,0.0,camera_pose_sim3,3.4166595008549936,0.22136342245342344,4629,10000,True,False,True,/content/cv3d-project/data/cache/reconstruction/predictions/04090263/18e5827d2cfafd05d735fa1ab17311ec/59d311a7b4ea2e68f757fa46.npz,9a9aadccf443e1c681be1d0d0c4f5997c00943dee3b2a1e0f38e10d1764f25c1,/content/cv3d-project/data/cache/reconstruction/metrics/04090263/18e5827d2cfafd05d735fa1ab17311ec/54240cdb8c5af809843047f0.json,8.840780000355153
04090263/18e5827d2cfafd05d735fa1ab17311ec,farthest,3,"[0, 46, 18]",0.532711317875762,0.5874790514617545,0.6422467850477471,0.0,0.0,0.0,1.998342284109673,0.0,0.0,0.0,0.0,0.0,0.0,camera_pose_sim3,0.6945858614135099,1.2493326156993565,10000,10000,True,False,True,/content/cv3d-project/data/cache/reconstruction/predictions/04090263/18e5827d2cfafd05d735fa1ab17311ec/d362a556294a1d52d67fb932.npz,7c33c27b0f783fc5bdb4add2668128e3a9f6c9ced88c91f392f5dfd1f3394252,/content/cv3d-project/data/cache/reconstruction/metrics/04090263/18e5827d2cfafd05d735fa1ab17311ec/52cc46ecdaa88df8a082d7db.json,11.1803750000945
04090263/18e5827d2cfafd05d735fa1ab17311ec,farthest,5,"[0, 46, 18, 28, 16]",0.8646964077151671,0.9163093944298486,0.9679223811445302,0.0,0.0,0.0,1.998342284109673,0.0,0.0,0.0,0.0,0.0,0.0,camera_pose_sim3,2.6506015431166743,0.7368596679454691,10000,10000,True,False,True,/content/cv3d-project/data/cache/reconstruction/predictions/04090263/18e5827d2cfafd05d735fa1ab17311ec/8cf6a71f369da335712bb814.npz,e341072320abd0d013e1280ddd721d139f5703b489a6988fdd077378e0ad4c8f,/content/cv3d-project/data/cache/reconstruction/metrics/04090263/18e5827d2cfafd05d735fa1ab17311ec/f72d3aef931a49f68251b249.json,11.37475599989557
04090263/18e5827d2cfafd05d735fa1ab17311ec,farthest,10,"[0, 46, 18, 28, 16, 30, 2, 44, 13, 33]",0.6915578099281577,0.7164204711942957,0.7412831324604338,0.0,0.0,0.0,1.998342284109673,0.0,0.0,0.0,0.0,0.0,0.0,camera_pose_sim3,2.4617564427984235,0.7069223212473851,10000,10000,True,False,True,/content/cv3d-project/data/cache/reconstruction/predictions/04090263/18e5827d2cfafd05d735fa1ab17311ec/9f691149d1ddecf36f9deebb.npz,6d99d9f0776e7ff43f24f8dd9de96adac0b0132fa3f6c676bffc440403fa9792,/content/cv3d-project/data/cache/reconstruction/metrics/04090263/18e5827d2cfafd05d735fa1ab17311ec/4d58f0e8c249eadbcd784f0b.json,17.16192799995042
04090263/18fdbd5f5448e1eb9556d0a8c8dea494,farthest,1,[0],12.196988395745215,12.415483041724954,12.633977687704695,0.0,0.0,0.0,1.993878510026289,0.0,0.0,0.0,0.0,0.0,0.0,camera_rotation_center_and_target_diameter_scale_single_view,28.29873043814752,0.0,881,10000,True,True,True,/content/cv3d-project/data/cache/reconstruction/predictions/04090263/18fdbd5f5448e1eb9556d0a8c8dea494/866fb38c984cce42c3f93a6f.npz,47f6deb5ca05ffd8bb229ac748e9340a8ed16781b742c95a8429382fd71189c9,/content/cv3d-project/data/cache/reconstruction/metrics/04090263/18fdbd5f5448e1eb9556d0a8c8dea494/99d0de22663c3089ebdbbbef.json,2.6822629997695913
04090263/18fdbd5f5448e1eb9556d0a8c8dea494,farthest,2,"[0, 46]",0.6001818660989541,0.6174576838934458,0.6347335016879375,0.0,0.0,0.0,1.993878510026289,0.0,0.0,0.0,0.0,0.0,0.0,camera_pose_sim3,3.23355487467614,0.11126985478186291,1693,10000,True,False,True,/content/cv3d-project/data/cache/reconstruction/predictions/04090263/18fdbd5f5448e1eb9556d0a8c8dea494/3f84ed683493f3de7a160777.npz,2877c3159e437af296f9636141054e122dea3cf5ded36104ccb5f3dfb34a6750,/content/cv3d-project/data/cache/reconstruction/metrics/04090263/18fdbd5f5448e1eb9556d0a8c8dea494/3c355cb363ef11ee8fe06694.json,8.32100299976446
04090263/18fdbd5f5448e1eb9556d0a8c8dea494,farthest,3,"[0, 46, 18]",0.6927985397121037,0.70305510926717,0.7133116788222362,0.0,0.0,0.0,1.993878510026289,0.0,0.0,0.0,0.0,0.0,0.0,camera_pose_sim3,1.9902493922687927,1.006355068826175,10000,10000,True,False,True,/content/cv3d-project/data/cache/reconstruction/predictions/04090263/18fdbd5f5448e1eb9556d0a8c8dea494/f180dc15a3101f342161028b.npz,2e3f055eba780f2dc81ab3577a3ccb5cd4e3c16ea77a3657a747890fb9c72a59,/content/cv3d-project/data/cache/reconstruction/metrics/04090263/18fdbd5f5448e1eb9556d0a8c8dea494/4a434baa790435d05928b537.json,11.423060999732115
04090263/18fdbd5f5448e1eb9556d0a8c8dea494,farthest,5,"[0, 46, 18, 28, 16]",0.40546102761820985,0.45403652666127836,0.5026120257043469,0.0,0.0,0.0,1.993878510026289,0.0,0.0,0.0,0.0,0.0,0.0,camera_pose_sim3,0.9789751283717426,1.2695803559109975,10000,10000,True,False,True,/content/cv3d-project/data/cache/reconstruction/predictions/04090263/18fdbd5f5448e1eb9556d0a8c8dea494/98f54fd23f1255f20d8681a9.npz,e06bb977fb5da305f917e7ffe03e3ed6f5690e54365d914f608261b9d099451b,/content/cv3d-project/data/cache/reconstruction/metrics/04090263/18fdbd5f5448e1eb9556d0a8c8dea494/a1eb7784f945ad29c383e5cf.json,11.431662000177312
04090263/18fdbd5f5448e1eb9556d0a8c8dea494,farthest,10,"[0, 46, 18, 28, 16, 30, 2, 44, 13, 33]",1.2295496662929308,1.2376325366389411,1.2457154069849514,0.0,0.0,0.0,1.993878510026289,0.0,0.0,0.0,0.0,0.0,0.0,camera_pose_sim3,1.8799230860245906,1.2119743984297977,10000,10000,True,False,True,/content/cv3d-project/data/cache/reconstruction/predictions/04090263/18fdbd5f5448e1eb9556d0a8c8dea494/0f005179171c25f535ec4abf.npz,c14419e3449704cd2fa83c34fe580f515408a9e4197237357e58078af76116ea,/content/cv3d-project/data/cache/reconstruction/metrics/04090263/18fdbd5f5448e1eb9556d0a8c8dea494/9da36eddc92d03f847e6fb29.json,11.858969000059005
04090263/19035d7059eaa5b1a27aa199c0989017,farthest,1,[0],7.853792623601519,8.130840467714773,8.407888311828028,0.0,0.0,0.0,1.997769612325093,0.0,0.0,0.0,0.0,0.0,0.0,camera_rotation_center_and_target_diameter_scale_single_view,19.548403250886512,0.0,2417,10000,True,True,True,/content/cv3d-project/data/cache/reconstruction/predictions/04090263/19035d7059eaa5b1a27aa199c0989017/d3a689a264c19d733519c292.npz,ec8e2e5fccf8da23dc224bc0aa912973d13af7f26dd790cbdd6def454c407d76,/content/cv3d-project/data/cache/reconstruction/metrics/04090263/19035d7059eaa5b1a27aa199c0989017/09f4affb5611fb6ef70a5bff.json,2.824695000072097
04090263/19035d7059eaa5b1a27aa199c0989017,farthest,2,"[0, 46]",1.526710063998333,1.5450888501028017,1.5634676362072704,0.0,0.0,0.0,1.997769612325093,0.0,0.0,0.0,0.0,0.0,0.0,camera_pose_sim3,2.81865153086778,0.7845414872274887,4049,10000,True,False,True,/content/cv3d-project/data/cache/reconstruction/predictions/04090263/19035d7059eaa5b1a27aa199c0989017/fd01fbcdd4579780e1f75397.npz,988a62fe0f79d3584c042f92707e6915d89dc130fcb7ecc354e187040d7149c4,/content/cv3d-project/data/cache/reconstruction/metrics/04090263/19035d7059eaa5b1a27aa199c0989017/71b85f3402898278ebb3c47c.json,8.973421000064263
04090263/19035d7059eaa5b1a27aa199c0989017,farthest,3,"[0, 46, 18]",3.604965946944126,3.777089164480273,3.94921238201642,0.0,0.0,0.0,1.997769612325093,0.0,0.0,0.0,0.0,0.0,0.0,camera_pose_sim3_positive_scale_fallback,4.8210467326849376,0.7443087119998331,10000,10000,True,False,True,/content/cv3d-project/data/cache/reconstruction/predictions/04090263/19035d7059eaa5b1a27aa199c0989017/ff26568392ed842a758a402d.npz,7d834058e1a29b216dda81b2c90717a47215fbe43863ffbea6d7adff2bc6c9f4,/content/cv3d-project/data/cache/reconstruction/metrics/04090263/19035d7059eaa5b1a27aa199c0989017/a7f5519d4aeb108809a82f44.json,11.32721300018602
04090263/19035d7059eaa5b1a27aa199c0989017,farthest,5,"[0, 46, 18, 28, 16]",1.1778795687894892,1.224590951826549,1.2713023348636088,0.0,0.0,0.0,1.997769612325093,0.0,0.0,0.0,0.0,0.0,0.0,camera_pose_sim3,2.3533308389882976,1.1040195124073267,10000,10000,True,False,True,/content/cv3d-project/data/cache/reconstruction/predictions/04090263/19035d7059eaa5b1a27aa199c0989017/2c0edc8c84cb166400eba3d2.npz,ce8c8e2563c04ddc618ae6aea242980d5e6b3bd23fc45fcd980ca5c873e4f51f,/content/cv3d-project/data/cache/reconstruction/metrics/04090263/19035d7059eaa5b1a27aa199c0989017/d4763a97dc86e50dbc687a42.json,11.380425999959698
04090263/19035d7059eaa5b1a27aa199c0989017,farthest,10,"[0, 46, 18, 28, 16, 30, 2, 44, 13, 33]",0.18615034787022164,0.2499165550309735,0.3136827621917253,0.0,0.0,0.0,1.997769612325093,0.0,0.0,0.0,0.0,0.0,0.0,camera_pose_sim3,2.1667501892583587,0.8942314739379279,10000,10000,True,False,True,/content/cv3d-project/data/cache/reconstruction/predictions/04090263/19035d7059eaa5b1a27aa199c0989017/7b1c335ea721436b7ddca427.npz,0bab1344a3bc2a076386f2f4bff444c8ea92464c72c31e2ef7d565e6106d2d55,/content/cv3d-project/data/cache/reconstruction/metrics/04090263/19035d7059eaa5b1a27aa199c0989017/c7594479d14acd22e68a7094.json,11.806152999724873
04090263/190ce4466c6f4c04fa9286f039319ff7,farthest,1,[0],4.850433125302289,5.091448837654292,5.3324645500062955,0.0,0.0,0.0,1.9903151657491536,0.0,0.0,0.0,0.0,0.0,0.0,camera_rotation_center_and_target_diameter_scale_single_view,13.44024608250192,0.0,6081,10000,True,True,True,/content/cv3d-project/data/cache/reconstruction/predictions/04090263/190ce4466c6f4c04fa9286f039319ff7/5ec1bb5f48cde522479e3134.npz,b7671d1f4b27de4c41bbab3b3f20930dc00341b2129f3b73548520cecd7b7260,/content/cv3d-project/data/cache/reconstruction/metrics/04090263/190ce4466c6f4c04fa9286f039319ff7/b4765bfaa8432bc26025f7eb.json,3.303526999843598
04090263/190ce4466c6f4c04fa9286f039319ff7,farthest,2,"[0, 46]",0.13287880281499698,0.17480102080943888,0.2167232388038808,0.03528399592252803,0.0,0.0,1.9903151657491536,0.1766,0.0,0.0,0.0196,0.0,0.0,camera_pose_sim3,2.6232166098230563,0.0298291349807509,10000,10000,True,False,True,/content/cv3d-project/data/cache/reconstruction/predictions/04090263/190ce4466c6f4c04fa9286f039319ff7/8478f08821ddc6029e53d60c.npz,8fda012b58368fcfcd419a89d8ae8f9f6eec740b78338fa74fee96e575a443c0,/content/cv3d-project/data/cache/reconstruction/metrics/04090263/190ce4466c6f4c04fa9286f039319ff7/bf03ad0d3d1ae4558d235289.json,12.146627000220178
04090263/190ce4466c6f4c04fa9286f039319ff7,farthest,3,"[0, 46, 18]",0.49852204720890675,0.5510072759589544,0.603492504709002,0.0,0.0,0.0,1.9903151657491536,0.0,0.0,0.0,0.0,0.0,0.0,camera_pose_sim3,1.767820089210314,0.9320350602731753,10000,10000,True,False,True,/content/cv3d-project/data/cache/reconstruction/predictions/04090263/190ce4466c6f4c04fa9286f039319ff7/ec0a848647d404edaff4e6f8.npz,29f6168de7085ae8d6ff81487c8013d770df1ba96eed93477c3dca37700189b7,/content/cv3d-project/data/cache/reconstruction/metrics/04090263/190ce4466c6f4c04fa9286f039319ff7/56e9574ae4b39b26d71f20d5.json,11.856394000005821
04090263/190ce4466c6f4c04fa9286f039319ff7,farthest,5,"[0, 46, 18, 28, 16]",0.12965702306762208,0.26392718678117477,0.3981973504947275,0.01345774647887324,0.0,0.0,1.9903151657491536,0.049,0.0,0.0,0.0078,0.0,0.0,camera_pose_sim3,0.8367823242698986,1.2776774638176003,10000,10000,True,False,True,/content/cv3d-project/data/cache/reconstruction/predictions/04090263/190ce4466c6f4c04fa9286f039319ff7/a21adc9704ffb5ae9b6f06b6.npz,527e81e1d3e3428fc7bf09956d42ab39f7c466d9b7ea8d2b6e1ae8395724d551,/content/cv3d-project/data/cache/reconstruction/metrics/04090263/190ce4466c6f4c04fa9286f039319ff7/317b53e10f8369b908369c5e.json,11.69271300022956
04090263/190ce4466c6f4c04fa9286f039319ff7,farthest,10,"[0, 46, 18, 28, 16, 30, 2, 44, 13, 33]",0.057483155279509125,0.11000235179983747,0.16252154832016583,0.5272572525282351,0.010319678714859438,0.028636363636363633,1.9903151657491536,0.9962,0.0176,0.045,0.3585,0.0073,0.021,camera_pose_sim3,2.6104939088420696,0.5238069868197103,10000,10000,True,False,True,/content/cv3d-project/data/cache/reconstruction/predictions/04090263/190ce4466c6f4c04fa9286f039319ff7/3a9f50c7b3f162bc057f378b.npz,5d3360ecf7456e006dc3d10a18c9c0d74a17780db0849ac7161c81192e82cef6,/content/cv3d-project/data/cache/reconstruction/metrics/04090263/190ce4466c6f4c04fa9286f039319ff7/950260170dc16ffb3ed43d4e.json,11.830748000193125
04090263/191f8debadb867fbc24d00518a3dd6ec,farthest,1,[0],11.198524288649795,11.482256294413105,11.765988300176415,0.0,0.0,0.0,1.9967223677648918,0.0,0.0,0.0,0.0,0.0,0.0,camera_rotation_center_and_target_diameter_scale_single_view,26.263452240123687,0.0,2481,10000,True,True,True,/content/cv3d-project/data/cache/reconstruction/predictions/04090263/191f8debadb867fbc24d00518a3dd6ec/c78875db67a6862c7ef5c56e.npz,f70f309d75a1d17b25b7841d12d26000bc4f087a60c16284bafc950de345ec5c,/content/cv3d-project/data/cache/reconstruction/metrics/04090263/191f8debadb867fbc24d00518a3dd6ec/0f8ddf6dfd36660e97ec425b.json,2.867585999865696
04090263/191f8debadb867fbc24d00518a3dd6ec,farthest,2,"[0, 46]",0.7682208452807544,0.7997439967895084,0.8312671482982624,0.0,0.0,0.0,1.9967223677648918,0.0,0.0,0.0,0.0,0.0,0.0,camera_pose_sim3,3.2117899311465545,0.18498709891202195,4850,10000,True,False,True,/content/cv3d-project/data/cache/reconstruction/predictions/04090263/191f8debadb867fbc24d00518a3dd6ec/ef373a749ef2d6ea40726f49.npz,40a8aa54e718be2a89b793ec874511befdfb245b1ec8a2971c20ad6a54648b87,/content/cv3d-project/data/cache/reconstruction/metrics/04090263/191f8debadb867fbc24d00518a3dd6ec/a0c116564b7815defe6904bb.json,9.021021000080509
04090263/191f8debadb867fbc24d00518a3dd6ec,farthest,3,"[0, 46, 18]",0.9605000454034387,1.0599252225350408,1.1593503996666428,0.0,0.0,0.0,1.9967223677648918,0.0,0.0,0.0,0.0,0.0,0.0,camera_pose_sim3,2.125783901189479,1.003461874994338,10000,10000,True,False,True,/content/cv3d-project/data/cache/reconstruction/predictions/04090263/191f8debadb867fbc24d00518a3dd6ec/ce4f68424accec8327ae5503.npz,e289abf46bd9cac2d4fa57b7548174bd7de5d35de35ef8f550c9e4fe1f527a4f,/content/cv3d-project/data/cache/reconstruction/metrics/04090263/191f8debadb867fbc24d00518a3dd6ec/53a8899e9c0573a339ab2a09.json,11.194522000096185
04090263/191f8debadb867fbc24d00518a3dd6ec,farthest,5,"[0, 46, 18, 28, 16]",0.717580599484813,0.8047423187830702,0.8919040380813275,0.0,0.0,0.0,1.9967223677648918,0.0,0.0,0.0,0.0,0.0,0.0,camera_pose_sim3,2.114590648260501,0.9594856883802276,10000,10000,True,False,True,/content/cv3d-project/data/cache/reconstruction/predictions/04090263/191f8debadb867fbc24d00518a3dd6ec/b45ff9cc57da457d08dc3b7a.npz,ad57ebddcf3618f867e30912dc6acdd0a4126229509891b6de02c4bf7883f533,/content/cv3d-project/data/cache/reconstruction/metrics/04090263/191f8debadb867fbc24d00518a3dd6ec/b4ea3d40c1c85f609b0eaf8d.json,11.566995000066527
04090263/191f8debadb867fbc24d00518a3dd6ec,farthest,10,"[0, 46, 18, 28, 16, 30, 2, 44, 13, 33]",0.29197238171471246,0.3611093383384065,0.43024629496210065,0.0,0.0,0.0,1.9967223677648918,0.0,0.0,0.0,0.0,0.0,0.0,camera_pose_sim3,1.8317552363531915,0.9372837957484925,10000,10000,True,False,True,/content/cv3d-project/data/cache/reconstruction/predictions/04090263/191f8debadb867fbc24d00518a3dd6ec/ca8c0ed60080844a866c5763.npz,3820e9fd66cfbb38ae458ad17c989dbf15cbfb01acfc30a6db94f9e727b2391f,/content/cv3d-project/data/cache/reconstruction/metrics/04090263/191f8debadb867fbc24d00518a3dd6ec/6f61eda770e3bd917e6c2a2a.json,12.0475109997642
04090263/192309e06577f893bb4594cb67b6eaa3,farthest,1,[0],10.463978660215227,10.69965005030871,10.935321440402193,0.0,0.0,0.0,1.9983460337891974,0.0,0.0,0.0,0.0,0.0,0.0,camera_rotation_center_and_target_diameter_scale_single_view,24.77124404463217,0.0,3137,10000,True,True,True,/content/cv3d-project/data/cache/reconstruction/predictions/04090263/192309e06577f893bb4594cb67b6eaa3/9d3414cb58af5882db2e4862.npz,705bb2acaac8ea294990bde3be275a768e07a2df8f61c6403c5e927551075bb3,/content/cv3d-project/data/cache/reconstruction/metrics/04090263/192309e06577f893bb4594cb67b6eaa3/4bbd64073224a1aa5f37203c.json,3.1493839996983297
04090263/192309e06577f893bb4594cb67b6eaa3,farthest,2,"[0, 46]",1.279087941206934,1.2950820077590683,1.3110760743112029,0.0,0.0,0.0,1.9983460337891974,0.0,0.0,0.0,0.0,0.0,0.0,camera_pose_sim3,2.58446015265167,0.7095539961727326,5593,10000,True,False,True,/content/cv3d-project/data/cache/reconstruction/predictions/04090263/192309e06577f893bb4594cb67b6eaa3/cc57ea7d7623a92289a8f37d.npz,880754a3a0a3c9096961b352fa5bd481a3fca66f1ad92b1b20ddd02bb274d826,/content/cv3d-project/data/cache/reconstruction/metrics/04090263/192309e06577f893bb4594cb67b6eaa3/11ed64cfdda544639b031827.json,10.491341000033572
04090263/192309e06577f893bb4594cb67b6eaa3,farthest,3,"[0, 46, 18]",0.5843593286527226,0.6881821253976371,0.7920049221425517,0.0,0.0,0.0,1.9983460337891974,0.0,0.0,0.0,0.0,0.0,0.0,camera_pose_sim3,1.2793495779196917,1.0659147248265464,10000,10000,True,False,True,/content/cv3d-project/data/cache/reconstruction/predictions/04090263/192309e06577f893bb4594cb67b6eaa3/2d6874b99d6f9cf4dfb85e40.npz,95ca52744695687c8adb787ca2e130b9dcb1017c20d93bbae1611e29c55c54c1,/content/cv3d-project/data/cache/reconstruction/metrics/04090263/192309e06577f893bb4594cb67b6eaa3/4585af4636704fa04d691542.json,11.61839799988229
04090263/192309e06577f893bb4594cb67b6eaa3,farthest,5,"[0, 46, 18, 28, 16]",0.5307848072115697,0.5671631747978287,0.6035415423840876,0.0,0.0,0.0,1.9983460337891974,0.0,0.0,0.0,0.0,0.0,0.0,camera_pose_sim3,1.7673212588211693,1.0987995493169136,10000,10000,True,False,True,/content/cv3d-project/data/cache/reconstruction/predictions/04090263/192309e06577f893bb4594cb67b6eaa3/fcece7d3aa1b8c09e41df499.npz,a302f67d4c2892aaa97f954df078bab168b46f5692bee0534e42f50e259046ad,/content/cv3d-project/data/cache/reconstruction/metrics/04090263/192309e06577f893bb4594cb67b6eaa3/b740eb1e26d4e79c7f07a523.json,11.556610000297951
04090263/192309e06577f893bb4594cb67b6eaa3,farthest,10,"[0, 46, 18, 28, 16, 30, 2, 44, 13, 33]",0.45855055140192313,0.5069400535039327,0.5553295556059422,0.0,0.0,0.0,1.9983460337891974,0.0,0.0,0.0,0.0,0.0,0.0,camera_pose_sim3,1.8450677025956643,1.038648305480147,10000,10000,True,False,True,/content/cv3d-project/data/cache/reconstruction/predictions/04090263/192309e06577f893bb4594cb67b6eaa3/d016782fa4268c56a3d56d6d.npz,df9bd369209d180285bf00cd8799bf647d909d325f1d567a5704fb2f2772b10e,/content/cv3d-project/data/cache/reconstruction/metrics/04090263/192309e06577f893bb4594cb67b6eaa3/f0c75ebda56f84eabb694a8b.json,11.917375999928481
04090263/193520be26b57b77a5f9d279e263a051,farthest,1,[0],10.503452938313165,10.78403682109865,11.064620703884136,0.0,0.0,0.0,1.9950578378441444,0.0,0.0,0.0,0.0,0.0,0.0,camera_rotation_center_and_target_diameter_scale_single_view,24.867483633442433,0.0,1273,10000,True,True,True,/content/cv3d-project/data/cache/reconstruction/predictions/04090263/193520be26b57b77a5f9d279e263a051/456f794969b72ea426f17498.npz,6103f8ecef891adbb7dc5c9366a40fd30d887200fb8ff76277212389ed417e14,/content/cv3d-project/data/cache/reconstruction/metrics/04090263/193520be26b57b77a5f9d279e263a051/5a12e1648b86ee069af9b983.json,2.7140039996993437
04090263/193520be26b57b77a5f9d279e263a051,farthest,2,"[0, 46]",0.4370265415676061,0.46108805982422757,0.485149578080849,0.0,0.0,0.0,1.9950578378441444,0.0,0.0,0.0,0.0,0.0,0.0,camera_pose_sim3,2.854551678976722,0.13599022069596317,2353,10000,True,False,True,/content/cv3d-project/data/cache/reconstruction/predictions/04090263/193520be26b57b77a5f9d279e263a051/563a0f22d34ad30322de8d81.npz,1971292e2369255cd00463ef3873b95abac0d1abe61c9ff84b2d0acd4e570948,/content/cv3d-project/data/cache/reconstruction/metrics/04090263/193520be26b57b77a5f9d279e263a051/8319f67ea3eadcf1946486b6.json,8.069129999967117
04090263/193520be26b57b77a5f9d279e263a051,farthest,3,"[0, 46, 18]",0.3643065315213467,0.4797995963676609,0.5952926612139752,0.0,0.0,0.0,1.9950578378441444,0.0,0.0,0.0,0.0,0.0,0.0,camera_pose_sim3,1.7415825948040369,0.8876838102563235,10000,10000,True,False,True,/content/cv3d-project/data/cache/reconstruction/predictions/04090263/193520be26b57b77a5f9d279e263a051/c55aa68f95882b87d69b8d05.npz,edab090415a46b9d9d9c4c5c1b0eb250e9e2f875839688a9710f52b614cc669b,/content/cv3d-project/data/cache/reconstruction/metrics/04090263/193520be26b57b77a5f9d279e263a051/67d28c8d734c627d07f343a9.json,11.671749000015552
04090263/193520be26b57b77a5f9d279e263a051,farthest,5,"[0, 46, 18, 28, 16]",0.23185268738780707,0.36599553477803964,0.5001383821682722,0.0,0.0,0.0,1.9950578378441444,0.0,0.0,0.0,0.0,0.0,0.0,camera_pose_sim3,1.1439861851496091,1.2041785506380143,10000,10000,True,False,True,/content/cv3d-project/data/cache/reconstruction/predictions/04090263/193520be26b57b77a5f9d279e263a051/257e2504036145e3595b0b9f.npz,2aa062f6b00919c6a62a54e2d6b14a2c97a14e0cb1121ddd1332003cdcae39c9,/content/cv3d-project/data/cache/reconstruction/metrics/04090263/193520be26b57b77a5f9d279e263a051/7dae03b75ccadcf2fdefb889.json,12.323160000050848
04090263/193520be26b57b77a5f9d279e263a051,farthest,10,"[0, 46, 18, 28, 16, 30, 2, 44, 13, 33]",0.28812286004316745,0.3610564845531582,0.4339901090631489,0.0,0.0,0.0,1.9950578378441444,0.0,0.0,0.0,0.0,0.0,0.0,camera_pose_sim3,2.16642057327143,0.8303677395785825,10000,10000,True,False,True,/content/cv3d-project/data/cache/reconstruction/predictions/04090263/193520be26b57b77a5f9d279e263a051/59a439cbfa00e5139d36ffed.npz,d3ee6fcd16eec63cd6b6cee584f65d4f5d80ae3dc42700e76f78a9fd88c07923,/content/cv3d-project/data/cache/reconstruction/metrics/04090263/193520be26b57b77a5f9d279e263a051/8a446c861ed42d9e19e66382.json,12.242480000168143
04090263/1939215162425a252bf06c32262648ff,farthest,1,[0],6.765737076163017,7.03354111587489,7.3013451555867634,0.0,0.0,0.0,1.997953165567281,0.0,0.0,0.0,0.0,0.0,0.0,camera_rotation_center_and_target_diameter_scale_single_view,17.310070557446842,0.0,3125,10000,True,True,True,/content/cv3d-project/data/cache/reconstruction/predictions/04090263/1939215162425a252bf06c32262648ff/48dd7268efbfce4b90f54c40.npz,c2a9cb4e40efec166fd5893d0d0797fbd7ed455812fcb49eda0ffd5ca81c88e4,/content/cv3d-project/data/cache/reconstruction/metrics/04090263/1939215162425a252bf06c32262648ff/b16909b26574e604dd405f1b.json,2.917162999892753
04090263/1939215162425a252bf06c32262648ff,farthest,2,"[0, 46]",0.5591868334535445,0.5780927184214981,0.5969986033894519,0.0,0.0,0.0,1.997953165567281,0.0,0.0,0.0,0.0,0.0,0.0,camera_pose_sim3,2.8888395521586374,0.2511949156662156,4958,10000,True,True,True,/content/cv3d-project/data/cache/reconstruction/predictions/04090263/1939215162425a252bf06c32262648ff/2f88deda4a80af908a5de9c4.npz,e524dec9e5f98a22329354350f96a4d6899cac552207bcfe8d6848f0604f6968,/content/cv3d-project/data/cache/reconstruction/metrics/04090263/1939215162425a252bf06c32262648ff/a16dea115db448c6c3c5e37b.json,2.1595069997601968
04090263/1939215162425a252bf06c32262648ff,farthest,3,"[0, 46, 18]",0.444760446408273,0.5545417835279096,0.6643231206475463,0.0,0.0,0.0,1.997953165567281,0.0,0.0,0.0,0.0,0.0,0.0,camera_pose_sim3,1.9524475883677468,0.9024647731585311,10000,10000,True,False,True,/content/cv3d-project/data/cache/reconstruction/predictions/04090263/1939215162425a252bf06c32262648ff/4e6ca394599a4fa8465dc96e.npz,1e7747fc1cd6386e5bd4f40558593c79721d404c344dddc4e8bbc515acfaf6cb,/content/cv3d-project/data/cache/reconstruction/metrics/04090263/1939215162425a252bf06c32262648ff/18fd6529b58fd53d25edba3c.json,11.552830000255199
04090263/1939215162425a252bf06c32262648ff,farthest,5,"[0, 46, 18, 28, 16]",0.2614953756080584,0.3637636813977737,0.466031987187489,0.0,0.0,0.0,1.997953165567281,0.0,0.0,0.0,0.0,0.0,0.0,camera_pose_sim3,2.155466542140517,0.960986541684063,10000,10000,True,False,True,/content/cv3d-project/data/cache/reconstruction/predictions/04090263/1939215162425a252bf06c32262648ff/0038c084cde11cbe5b371c1e.npz,b68c9c4fbc18dacab104bd50cbf918bac2fdd46ad8d4de01546435505b3c9731,/content/cv3d-project/data/cache/reconstruction/metrics/04090263/1939215162425a252bf06c32262648ff/8e6b8b1a5987c8f6158c91d0.json,11.592118999942613
04090263/1939215162425a252bf06c32262648ff,farthest,10,"[0, 46, 18, 28, 16, 30, 2, 44, 13, 33]",0.5401139143369186,0.5961279912157245,0.6521420680945302,0.0,0.0,0.0,1.997953165567281,0.0,0.0,0.0,0.0,0.0,0.0,camera_pose_sim3,2.138019137902137,0.9119919747644921,10000,10000,True,False,True,/content/cv3d-project/data/cache/reconstruction/predictions/04090263/1939215162425a252bf06c32262648ff/4cdb43a308526c4a7be2cb75.npz,6989d6a60edd679f5559c5b04cb56978fc04ca47a8905b860d0f8117cbfc32c7,/content/cv3d-project/data/cache/reconstruction/metrics/04090263/1939215162425a252bf06c32262648ff/9e6ad279f28ce7af17d8384d.json,12.674413999775425
04090263/193e079f24ac1ded1153b2cafc57da88,farthest,1,[0],13.487417468790536,13.716541922548018,13.945666376305502,0.0,0.0,0.0,1.9980861684937106,0.0,0.0,0.0,0.0,0.0,0.0,camera_rotation_center_and_target_diameter_scale_single_view,31.168912320648012,0.0,1333,10000,True,True,True,/content/cv3d-project/data/cache/reconstruction/predictions/04090263/193e079f24ac1ded1153b2cafc57da88/03abc075665ddcf03a570c95.npz,b5b0841e82e4dbb3b5463d1cacbe71bc7071012e9a7f5cd172a935659d53aa5b,/content/cv3d-project/data/cache/reconstruction/metrics/04090263/193e079f24ac1ded1153b2cafc57da88/504e64c2e96f93b27ae2be9a.json,2.734942999722989
04090263/193e079f24ac1ded1153b2cafc57da88,farthest,2,"[0, 46]",0.3978634149647227,0.4433656162676382,0.4888678175705537,0.0,0.0,0.0,1.9980861684937106,0.0,0.0,0.0,0.0,0.0,0.0,camera_pose_sim3,2.9754196598685696,0.023568423421230247,2705,10000,True,False,True,/content/cv3d-project/data/cache/reconstruction/predictions/04090263/193e079f24ac1ded1153b2cafc57da88/173d9a47e83cf0342a307b3b.npz,ed35e0866e118d46d01100cfd84539182ee0ebecba7c167a7627dd1931e9945c,/content/cv3d-project/data/cache/reconstruction/metrics/04090263/193e079f24ac1ded1153b2cafc57da88/7ce3a2c57e724d5925b04e09.json,8.809992999886163
04090263/193e079f24ac1ded1153b2cafc57da88,farthest,3,"[0, 46, 18]",0.5864313121121012,0.7016816774542181,0.816932042796335,0.0,0.0,0.0,1.9980861684937106,0.0,0.0,0.0,0.0,0.0,0.0,camera_pose_sim3,2.214222798912256,0.8169456844487962,8640,10000,True,False,True,/content/cv3d-project/data/cache/reconstruction/predictions/04090263/193e079f24ac1ded1153b2cafc57da88/83b245b6f5647a7a37f598c1.npz,e120def372293f8b45cdcec2d10704719e8033e694b85d73bdf97568b7274827,/content/cv3d-project/data/cache/reconstruction/metrics/04090263/193e079f24ac1ded1153b2cafc57da88/91889a2d0a977107578a9c18.json,15.29004200028794
04090263/193e079f24ac1ded1153b2cafc57da88,farthest,5,"[0, 46, 18, 28, 16]",0.10147867664507425,0.2663556292710242,0.4312325818969741,0.16730934709821427,0.0,0.0,1.9980861684937106,0.6201,0.0,0.0,0.0967,0.0,0.0,camera_pose_sim3,1.8713140874181768,1.0974265953724334,10000,10000,True,False,True,/content/cv3d-project/data/cache/reconstruction/predictions/04090263/193e079f24ac1ded1153b2cafc57da88/62ac81a2fc56284ce9d127ae.npz,42defadf826709eca06176514f7d5ce443d1c6046140896c6e3a187cca2cccdd,/content/cv3d-project/data/cache/reconstruction/metrics/04090263/193e079f24ac1ded1153b2cafc57da88/7de6a2199470c1903443fcbf.json,12.121666999973968
04090263/193e079f24ac1ded1153b2cafc57da88,farthest,10,"[0, 46, 18, 28, 16, 30, 2, 44, 13, 33]",0.06337536587423999,0.13349971953226444,0.20362407319028888,0.5670272981299707,0.0,0.0,1.9980861684937106,1.0,0.0,0.0,0.3957,0.0,0.0,camera_pose_sim3,2.40480662937206,0.7951417450055377,10000,10000,True,False,True,/content/cv3d-project/data/cache/reconstruction/predictions/04090263/193e079f24ac1ded1153b2cafc57da88/372e163fa7c8217d0d832617.npz,3b099b0075ecf9a88c6440d46c88d6b2818a3c9f2814e292fb8e163869dace38,/content/cv3d-project/data/cache/reconstruction/metrics/04090263/193e079f24ac1ded1153b2cafc57da88/19627a48594b023d2c46b5ec.json,12.029642000015883
04090263/194a4d0bcc1443fffcfd5149a4a15414,farthest,1,[0],6.538932734850916,6.8108223756783595,7.082712016505803,0.0,0.0,0.0,1.9942303696026955,0.0,0.0,0.0,0.0,0.0,0.0,camera_rotation_center_and_target_diameter_scale_single_view,17.051729701229323,0.0,2637,10000,True,True,True,/content/cv3d-project/data/cache/reconstruction/predictions/04090263/194a4d0bcc1443fffcfd5149a4a15414/0f1ed49fe36da3ee2e87e358.npz,262e5ac0392326b120dbb28c839359a732c199ec41862ecf82ed93a93164af1e,/content/cv3d-project/data/cache/reconstruction/metrics/04090263/194a4d0bcc1443fffcfd5149a4a15414/dcd36c6ab88366b7f4abeb84.json,2.821931000198674
04090263/194a4d0bcc1443fffcfd5149a4a15414,farthest,2,"[0, 46]",1.7093353514877347,1.751157795179596,1.7929802388714575,0.0,0.0,0.0,1.9942303696026955,0.0,0.0,0.0,0.0,0.0,0.0,camera_pose_sim3,2.5955321357014896,1.0908554237563504,4649,10000,True,False,True,/content/cv3d-project/data/cache/reconstruction/predictions/04090263/194a4d0bcc1443fffcfd5149a4a15414/c73ea144f6463c8e4db507a2.npz,169af98e044eada2894e6e2f1f34661103a5923e42f3a880505a4bce1442865c,/content/cv3d-project/data/cache/reconstruction/metrics/04090263/194a4d0bcc1443fffcfd5149a4a15414/b120366b46c03b9ac07d6b17.json,9.084951999739133
04090263/194a4d0bcc1443fffcfd5149a4a15414,farthest,3,"[0, 46, 18]",0.24262923317834323,0.36098328474390856,0.4793373363094739,0.0,0.0,0.0,1.9942303696026955,0.0,0.0,0.0,0.0,0.0,0.0,camera_pose_sim3,0.5178048649682402,1.2790518048054453,10000,10000,True,False,True,/content/cv3d-project/data/cache/reconstruction/predictions/04090263/194a4d0bcc1443fffcfd5149a4a15414/127efa6e8b88f7de1cf5f964.npz,ea9aed7bd48f4854a2602a4622e7798b6754e8a30bf0379f2ad61db99b47f891,/content/cv3d-project/data/cache/reconstruction/metrics/04090263/194a4d0bcc1443fffcfd5149a4a15414/723be8693cf1b7f24a6cb852.json,11.692006999965088
04090263/194a4d0bcc1443fffcfd5149a4a15414,farthest,5,"[0, 46, 18, 28, 16]",0.3419965713866986,0.4201684177946086,0.49834026420251865,0.0,0.0,0.0,1.9942303696026955,0.0,0.0,0.0,0.0,0.0,0.0,camera_pose_sim3,0.5757974085736254,1.330208756897449,10000,10000,True,False,True,/content/cv3d-project/data/cache/reconstruction/predictions/04090263/194a4d0bcc1443fffcfd5149a4a15414/13ccc75c0cc3eaf64d203bd5.npz,8e298e7b1df8c9db8e7786fda96192011591a553bb9e0890d7d2aa3ed437f45c,/content/cv3d-project/data/cache/reconstruction/metrics/04090263/194a4d0bcc1443fffcfd5149a4a15414/e47281745e67fed09e2e61f7.json,12.313338000240037
04090263/194a4d0bcc1443fffcfd5149a4a15414,farthest,10,"[0, 46, 18, 28, 16, 30, 2, 44, 13, 33]",1.5396440918811194,1.580467540834289,1.6212909897874583,0.0,0.0,0.0,1.9942303696026955,0.0,0.0,0.0,0.0,0.0,0.0,camera_pose_sim3,1.9970572801674202,1.234943340270459,10000,10000,True,False,True,/content/cv3d-project/data/cache/reconstruction/predictions/04090263/194a4d0bcc1443fffcfd5149a4a15414/e1eb88f0046310583f5dda1b.npz,ddf74813b2f662c717fe9b32f4698416301dfe4c3474e0b931552d23005de49e,/content/cv3d-project/data/cache/reconstruction/metrics/04090263/194a4d0bcc1443fffcfd5149a4a15414/216bfc256dd331d71a0a7361.json,12.59982100009438
04256520/165a78e3a2b705ef22c3a2386a9dfbe9,farthest,1,[0],1.652435828645673,1.7756450183583419,1.898854208071011,0.0,0.0,0.0,1.9987110595894428,0.0,0.0,0.0,0.0,0.0,0.0,camera_rotation_center_and_target_diameter_scale_single_view,6.483510838663643,0.0,10000,10000,True,True,True,/content/cv3d-project/data/cache/reconstruction/predictions/04256520/165a78e3a2b705ef22c3a2386a9dfbe9/b0a62c65f2078200a7406d94.npz,9b69b9699b6c8ad3f3676bb3407fa3d3be617684d826d300a4bb2e7310394cd5,/content/cv3d-project/data/cache/reconstruction/metrics/04256520/165a78e3a2b705ef22c3a2386a9dfbe9/df405682cfd3d3fd9272421c.json,3.834377999737626
04256520/165a78e3a2b705ef22c3a2386a9dfbe9,farthest,2,"[0, 46]",0.015835350358071088,0.08674109389051911,0.15764683742296712,0.5323255301974023,0.03843110526315789,0.06939152221018417,1.9987110595894428,1.0,0.3597,0.7019,0.3627,0.0203,0.0365,camera_pose_sim3,2.588452304047263,0.01200416483868013,10000,10000,True,False,True,/content/cv3d-project/data/cache/reconstruction/predictions/04256520/165a78e3a2b705ef22c3a2386a9dfbe9/66d62b45508e34413b56c488.npz,8920ff9532761ae267161bd0734cacbf07118a7880c88dede2cdf3cad51375d2,/content/cv3d-project/data/cache/reconstruction/metrics/04256520/165a78e3a2b705ef22c3a2386a9dfbe9/67439075cc86f93819762b13.json,11.445547000221268
04256520/165a78e3a2b705ef22c3a2386a9dfbe9,farthest,3,"[0, 46, 18]",0.1946152604296495,0.3242252563415313,0.45383525225341315,0.0,0.0,0.0,1.9987110595894428,0.0,0.0,0.0,0.0,0.0,0.0,camera_pose_sim3,1.2283570445701255,0.9368782748867506,10000,10000,True,False,True,/content/cv3d-project/data/cache/reconstruction/predictions/04256520/165a78e3a2b705ef22c3a2386a9dfbe9/323a105b1f4ccea9c5253135.npz,44d697587b9e04e02c886a70b7483289746ac0b174adab81e3c2b0fae4e02556,/content/cv3d-project/data/cache/reconstruction/metrics/04256520/165a78e3a2b705ef22c3a2386a9dfbe9/8af8efe3b5eeaf567fe41ac1.json,11.175357999945845
04256520/165a78e3a2b705ef22c3a2386a9dfbe9,farthest,5,"[0, 46, 18, 28, 16]",0.42353593985466315,0.49877564428309296,0.5740153487115227,0.0,0.0,0.0,1.9987110595894428,0.0,0.0,0.0,0.0,0.0,0.0,camera_pose_sim3,1.4402266714406255,0.9996940726343319,10000,10000,True,False,True,/content/cv3d-project/data/cache/reconstruction/predictions/04256520/165a78e3a2b705ef22c3a2386a9dfbe9/478e7af325ff46558b36ebf1.npz,30820ffc831c04a03e4478e39a49806fe8caae3e3b062d64a03ff6005b550d72,/content/cv3d-project/data/cache/reconstruction/metrics/04256520/165a78e3a2b705ef22c3a2386a9dfbe9/61e75d8f017f0093cd69c17c.json,11.318810999910056
04256520/165a78e3a2b705ef22c3a2386a9dfbe9,farthest,10,"[0, 46, 18, 28, 16, 30, 2, 44, 13, 33]",0.1036477644878912,0.2103813055253149,0.3171148465627386,0.10592298558100086,0.0,0.00039999999999999996,1.9987110595894428,0.4108,0.0,0.0004,0.0608,0.0,0.0004,camera_pose_sim3,1.4386211872899028,1.0807276257509628,10000,10000,True,False,True,/content/cv3d-project/data/cache/reconstruction/predictions/04256520/165a78e3a2b705ef22c3a2386a9dfbe9/5b2a0e1d36693db9d45b29b5.npz,1c9a679791a07a0c4009069b458d3d1c703df23c864bd25b2c3bd83903133f43,/content/cv3d-project/data/cache/reconstruction/metrics/04256520/165a78e3a2b705ef22c3a2386a9dfbe9/a8efbc485b970bfdea4665e7.json,11.860323999826505
04256520/1662f76e3762fc92413102507b68bcb5,farthest,1,[0],2.001733209066133,2.0969629980977027,2.192192787129272,0.0,0.0,0.0,1.9959457232422435,0.0,0.0,0.0,0.0,0.0,0.0,camera_rotation_center_and_target_diameter_scale_single_view,7.11352438958616,0.0,10000,10000,True,True,True,/content/cv3d-project/data/cache/reconstruction/predictions/04256520/1662f76e3762fc92413102507b68bcb5/e8e4d3a776438a1610b1761a.npz,d8d1b14544f87676ee4b3e1269165a58d48360e5266f8183b40427d5baa1c16c,/content/cv3d-project/data/cache/reconstruction/metrics/04256520/1662f76e3762fc92413102507b68bcb5/3efefaf54a63cf1874e683e7.json,3.919147000033263
04256520/1662f76e3762fc92413102507b68bcb5,farthest,2,"[0, 46]",0.04339784454357473,0.14343355112122144,0.24346925769886815,0.37938578721335386,0.0056763250883392225,0.017673577981651378,1.9959457232422435,1.0,0.0251,0.0993,0.2341,0.0032,0.0097,camera_pose_sim3,2.7056932936620544,0.1339560054365075,10000,10000,True,False,True,/content/cv3d-project/data/cache/reconstruction/predictions/04256520/1662f76e3762fc92413102507b68bcb5/16c5a0ad6242bde8da8ac368.npz,3a94e48e79f8f30aa6cb71c6bf3d19e58e3f40dd94f16c14c7f7d00804875a28,/content/cv3d-project/data/cache/reconstruction/metrics/04256520/1662f76e3762fc92413102507b68bcb5/d47e4e0ba34bb542fd171ba7.json,12.234004999754688
04256520/1662f76e3762fc92413102507b68bcb5,farthest,3,"[0, 46, 18]",0.5185941607813197,0.6322003584405765,0.7458065560998334,0.0,0.0,0.0,1.9959457232422435,0.0,0.0,0.0,0.0,0.0,0.0,camera_pose_sim3,0.9320097064845064,1.0785813084748654,10000,10000,True,False,True,/content/cv3d-project/data/cache/reconstruction/predictions/04256520/1662f76e3762fc92413102507b68bcb5/c62d107a47fdd9a34e6e1e4f.npz,929b297c4b97a51d9198bb41b74b46d7ff59decc52989c7083119a0393555610,/content/cv3d-project/data/cache/reconstruction/metrics/04256520/1662f76e3762fc92413102507b68bcb5/f2902e5f3d1d17375a38ef1d.json,12.308143000154814
04256520/1662f76e3762fc92413102507b68bcb5,farthest,5,"[0, 46, 18, 28, 16]",0.1919194239025899,0.26201816912887904,0.33211691435516816,0.0,0.0,0.0,1.9959457232422435,0.0,0.0,0.0,0.0,0.0,0.0,camera_pose_sim3,1.5444848215985938,1.0857648852313297,10000,10000,True,False,True,/content/cv3d-project/data/cache/reconstruction/predictions/04256520/1662f76e3762fc92413102507b68bcb5/2310864cb71eadb579fdb55a.npz,f055c40b693823e25b4ac7ea2fe0e1827663255be99156c7e13cc5c7c31e3e01,/content/cv3d-project/data/cache/reconstruction/metrics/04256520/1662f76e3762fc92413102507b68bcb5/1e3057fc05f1df3a4c833b3f.json,11.85364799994204
04256520/1662f76e3762fc92413102507b68bcb5,farthest,10,"[0, 46, 18, 28, 16, 30, 2, 44, 13, 33]",0.40831002695685625,0.49254126546451377,0.5767725039721713,0.0,0.0,0.0,1.9959457232422435,0.0,0.0,0.0,0.0,0.0,0.0,camera_pose_sim3,1.8454558429089887,0.9254476231817826,10000,10000,True,False,True,/content/cv3d-project/data/cache/reconstruction/predictions/04256520/1662f76e3762fc92413102507b68bcb5/702ca5a1a14d3209a708f9e4.npz,74db3750bb601e143965d3fc217bf229252618385fc8c5517a644904eec23fcb,/content/cv3d-project/data/cache/reconstruction/metrics/04256520/1662f76e3762fc92413102507b68bcb5/214ba4c1921b5daba7f26563.json,12.107095999908779
04256520/16632d002fc0eec9917b96045c9b6dea,farthest,1,[0],1.4837614894185807,1.6814393695650187,1.8791172497114568,0.0,0.0,0.0,1.997489212660642,0.0,0.0,0.0,0.0,0.0,0.0,camera_rotation_center_and_target_diameter_scale_single_view,6.3856688219793485,0.0,10000,10000,True,True,True,/content/cv3d-project/data/cache/reconstruction/predictions/04256520/16632d002fc0eec9917b96045c9b6dea/373b29943d2701a9e8207739.npz,0a32d8cfa4952518e4e810e0056e6693c118e44d32bf6a1796157ef190d4a386,/content/cv3d-project/data/cache/reconstruction/metrics/04256520/16632d002fc0eec9917b96045c9b6dea/e382372b95d82fcc12f9f9ef.json,3.8024639998184284
04256520/16632d002fc0eec9917b96045c9b6dea,farthest,2,"[0, 46]",0.02575776041907859,0.14138927712895952,0.25702079383884047,0.27927385356620493,0.01792384729796728,0.04237268613739202,1.997489212660642,1.0,0.1923,0.464,0.1623,0.0094,0.0222,camera_pose_sim3,2.6213679255038356,0.09004987234261466,10000,10000,True,False,True,/content/cv3d-project/data/cache/reconstruction/predictions/04256520/16632d002fc0eec9917b96045c9b6dea/4d78dbd7b90063559c4d47c7.npz,56e4f20793f91a3e7ba1c01fcfea464d183d76fce0703aac4013336745d97bea,/content/cv3d-project/data/cache/reconstruction/metrics/04256520/16632d002fc0eec9917b96045c9b6dea/142cad67f5fafd90cce27bcc.json,11.591295000016544
04256520/16632d002fc0eec9917b96045c9b6dea,farthest,3,"[0, 46, 18]",0.20260253350382515,0.34676430693652094,0.4909260803692167,0.0,0.0,0.0,1.997489212660642,0.0,0.0,0.0,0.0,0.0,0.0,camera_pose_sim3,1.7538963913304557,0.83748448493633,10000,10000,True,False,True,/content/cv3d-project/data/cache/reconstruction/predictions/04256520/16632d002fc0eec9917b96045c9b6dea/1d2d4977f879d7973389ca05.npz,1e46dfcbede431796889cf0e9297a5c622db0c8c42687f3a884cf45d013ee378,/content/cv3d-project/data/cache/reconstruction/metrics/04256520/16632d002fc0eec9917b96045c9b6dea/b90b177d23ff60ac4481e3b8.json,11.586374000216892
04256520/16632d002fc0eec9917b96045c9b6dea,farthest,5,"[0, 46, 18, 28, 16]",0.07746042145671196,0.15758134305138102,0.23770226464605007,0.2571106398537477,0.018395375722543354,0.036068755364806866,1.997489212660642,0.6609,0.0936,0.2133,0.1596,0.0102,0.0197,camera_pose_sim3,2.1264532740754514,0.9262511942177684,10000,10000,True,False,True,/content/cv3d-project/data/cache/reconstruction/predictions/04256520/16632d002fc0eec9917b96045c9b6dea/53d549cb5aac19e59a0659e7.npz,f292f1a2aceb48121f78374ffad76639db9843599f4fd7db3186b57d03c6e5ec,/content/cv3d-project/data/cache/reconstruction/metrics/04256520/16632d002fc0eec9917b96045c9b6dea/0a7e5b1549c1b4f573b98d54.json,11.92159799984438
04256520/16632d002fc0eec9917b96045c9b6dea,farthest,10,"[0, 46, 18, 28, 16, 30, 2, 44, 13, 33]",0.03123107786763508,0.05139195429649555,0.07155283072535601,0.8260871301080319,0.07835485747527633,0.2448913900230783,1.997489212660642,0.999,0.1115,0.3834,0.7042,0.0604,0.1799,camera_pose_sim3,2.5390422863642645,0.1407569383498835,10000,10000,True,False,True,/content/cv3d-project/data/cache/reconstruction/predictions/04256520/16632d002fc0eec9917b96045c9b6dea/682be85c162229c172eae65e.npz,65cd94ac347daf782ce9ed95e2c3b8c1e022d006086a02c1ec54969274fdba64,/content/cv3d-project/data/cache/reconstruction/metrics/04256520/16632d002fc0eec9917b96045c9b6dea/d1bf92df92089f3fc5be8d0f.json,12.838353999995888
04256520/1667fb24efa940b9527e7f2c027f7469,farthest,1,[0],1.9904047615344436,2.10624827560162,2.2220917896687964,0.0,0.0,0.0,1.998214942682119,0.0,0.0,0.0,0.0,0.0,0.0,camera_rotation_center_and_target_diameter_scale_single_view,7.303314122792744,0.0,10000,10000,True,True,True,/content/cv3d-project/data/cache/reconstruction/predictions/04256520/1667fb24efa940b9527e7f2c027f7469/b9d4af9e02258a7aba2be87b.npz,a1df676556216c47c1ca092de1f1925037e45a1b9031ab802e706e922c38441f,/content/cv3d-project/data/cache/reconstruction/metrics/04256520/1667fb24efa940b9527e7f2c027f7469/586bd23cb16976bf832ff50b.json,3.9465570002903405
04256520/1667fb24efa940b9527e7f2c027f7469,farthest,2,"[0, 46]",0.376334475721173,0.4914546527725925,0.6065748298240119,0.0,0.0,0.0,1.998214942682119,0.0,0.0,0.0,0.0,0.0,0.0,camera_pose_sim3,2.9894613322739887,0.054643067079863404,10000,10000,True,False,True,/content/cv3d-project/data/cache/reconstruction/predictions/04256520/1667fb24efa940b9527e7f2c027f7469/11a515225107c4fa4ab2831b.npz,249a1b7f9faacf70db070958662496844c3e40d01153dffad7beb8f85e6f75ab,/content/cv3d-project/data/cache/reconstruction/metrics/04256520/1667fb24efa940b9527e7f2c027f7469/f89ecf42be05d337c6c70731.json,11.521916999754467
04256520/1667fb24efa940b9527e7f2c027f7469,farthest,3,"[0, 46, 18]",0.27013337711421537,0.4055296158620521,0.5409258546098888,0.0,0.0,0.0,1.998214942682119,0.0,0.0,0.0,0.0,0.0,0.0,camera_pose_sim3,2.128918911597513,0.9487769167997712,10000,10000,True,False,True,/content/cv3d-project/data/cache/reconstruction/predictions/04256520/1667fb24efa940b9527e7f2c027f7469/b9f1fc1ce73b3197395b8736.npz,14908e5270c0aac5a11a37cf77c903c715aad136f4c53b49e34199968c8c270e,/content/cv3d-project/data/cache/reconstruction/metrics/04256520/1667fb24efa940b9527e7f2c027f7469/a9e43e59f8a3401bf2fed134.json,11.257841999849916
04256520/1667fb24efa940b9527e7f2c027f7469,farthest,5,"[0, 46, 18, 28, 16]",0.17966228958203584,0.3160093781707779,0.45235646675951996,0.02025,0.0,0.0,1.998214942682119,0.0405,0.0,0.0,0.0135,0.0,0.0,camera_pose_sim3,1.684162038068148,1.0438329407436981,10000,10000,True,False,True,/content/cv3d-project/data/cache/reconstruction/predictions/04256520/1667fb24efa940b9527e7f2c027f7469/41c9aa1622e79ad3119f445d.npz,58f7e155c67e3da5a80490b535bc1b74dcb5ba00f1b26719957b80503c4f24c3,/content/cv3d-project/data/cache/reconstruction/metrics/04256520/1667fb24efa940b9527e7f2c027f7469/13bc9308b181e4b37a8598c8.json,11.405163000290486
04256520/1667fb24efa940b9527e7f2c027f7469,farthest,10,"[0, 46, 18, 28, 16, 30, 2, 44, 13, 33]",0.3252393115143287,0.4112928664368854,0.49734642135944207,0.0,0.0,0.0,1.998214942682119,0.0,0.0,0.0,0.0,0.0,0.0,camera_pose_sim3,1.6661023299353637,1.0205883392426582,10000,10000,True,False,True,/content/cv3d-project/data/cache/reconstruction/predictions/04256520/1667fb24efa940b9527e7f2c027f7469/f05b23c87646a37adcacec1f.npz,039664d564aaed18e5977afca06f6653f2e1da7c8ab38fe4e70c3681ccaf4062,/content/cv3d-project/data/cache/reconstruction/metrics/04256520/1667fb24efa940b9527e7f2c027f7469/4cfbd2d5103a17e485dd4dc5.json,11.797811000178626
04256520/167088246175f31c593ebeeedbff73b,farthest,1,[0],2.1150851185791257,2.1938229051889913,2.2725606917988572,0.0,0.0,0.0,1.9944423149971349,0.0,0.0,0.0,0.0,0.0,0.0,camera_rotation_center_and_target_diameter_scale_single_view,7.345379785588323,0.0,10000,10000,True,True,True,/content/cv3d-project/data/cache/reconstruction/predictions/04256520/167088246175f31c593ebeeedbff73b/22c246f88c9ff24656917ed4.npz,2f1a3031d9d39932ec562bd4fe6bf24808d98bece6ebceb800434a2d1f20381e,/content/cv3d-project/data/cache/reconstruction/metrics/04256520/167088246175f31c593ebeeedbff73b/2dca7967b05c4f9b8c8ede0c.json,3.7655629998880613
04256520/167088246175f31c593ebeeedbff73b,farthest,2,"[0, 46]",0.014049932937788457,0.07632250290989641,0.13859507288200437,0.6204042215630821,0.063930462393332,0.12054199787710813,1.9944423149971349,1.0,0.4696,0.7826,0.4497,0.0343,0.0653,camera_pose_sim3,2.817425330300094,0.0354575851908246,10000,10000,True,False,True,/content/cv3d-project/data/cache/reconstruction/predictions/04256520/167088246175f31c593ebeeedbff73b/16b7bf6f2db35cfa137357d8.npz,00f6b657d15962a291849bb06fcbdb79f3cf579dc99ae7d831ecb980fe79d273,/content/cv3d-project/data/cache/reconstruction/metrics/04256520/167088246175f31c593ebeeedbff73b/694494b1b5ac1d3ba50fd039.json,11.931812000057107
04256520/167088246175f31c593ebeeedbff73b,farthest,3,"[0, 46, 18]",0.4120630258072893,0.48444322313049804,0.5568234204537068,0.0,0.0,0.0,1.9944423149971349,0.0,0.0,0.0,0.0,0.0,0.0,camera_pose_sim3,2.0044904459498234,0.9080487474694842,10000,10000,True,False,True,/content/cv3d-project/data/cache/reconstruction/predictions/04256520/167088246175f31c593ebeeedbff73b/1bbd18b7ec78aa5c9d8453db.npz,1e3e4704880b36cca88f6aa93a1c2974d86e08957b15355db6031e24dc816fe5,/content/cv3d-project/data/cache/reconstruction/metrics/04256520/167088246175f31c593ebeeedbff73b/b1d80d72b2b4a2985541a2ef.json,12.231450999934168
04256520/167088246175f31c593ebeeedbff73b,farthest,5,"[0, 46, 18, 28, 16]",0.05325089381620257,0.1294819367565324,0.20571297969686228,0.2971477224350787,0.006254833597464342,0.020968036529680364,1.9944423149971349,1.0,0.0598,0.164,0.1745,0.0033,0.0112,camera_pose_sim3,1.6971494462854915,1.0704522171827855,10000,10000,True,False,True,/content/cv3d-project/data/cache/reconstruction/predictions/04256520/167088246175f31c593ebeeedbff73b/5bc0d587a4bc102f34076cde.npz,525c4b055a52fa8c63a44d79d917375fef45a6f7f09cd8ead26c6f99df14607f,/content/cv3d-project/data/cache/reconstruction/metrics/04256520/167088246175f31c593ebeeedbff73b/80fdfb45645b40006a88ed96.json,12.285585999961768
04256520/167088246175f31c593ebeeedbff73b,farthest,10,"[0, 46, 18, 28, 16, 30, 2, 44, 13, 33]",0.09248011037720336,0.1737571746165646,0.25503423885592585,0.19702726728524395,0.0046530612244897965,0.020040875912408756,1.9944423149971349,0.5481,0.006,0.0416,0.1201,0.0038,0.0132,camera_pose_sim3,2.422455729347417,0.6405287511467788,10000,10000,True,False,True,/content/cv3d-project/data/cache/reconstruction/predictions/04256520/167088246175f31c593ebeeedbff73b/7d7b48b2c1e2a52f252517c7.npz,6d233c326405c06ac737de1d041339654a4504fdbd4f369fe4e21aa84e1fafd7,/content/cv3d-project/data/cache/reconstruction/metrics/04256520/167088246175f31c593ebeeedbff73b/33c1d96be621b4f83866b1cf.json,12.12085199995272
04256520/1670f9ce4de8a548d08f8c5dee475682,farthest,1,[0],2.413874771655032,2.620385244978544,2.8268957183020555,0.0,0.0,0.0,1.9999937557064644,0.0,0.0,0.0,0.0,0.0,0.0,camera_rotation_center_and_target_diameter_scale_single_view,8.278264195821082,0.0,10000,10000,True,True,True,/content/cv3d-project/data/cache/reconstruction/predictions/04256520/1670f9ce4de8a548d08f8c5dee475682/905317a56dff3e41142d3253.npz,151ad9278b80614aaeda6c4329d293036f653b792c6f241810911e1d6a4b41fa,/content/cv3d-project/data/cache/reconstruction/metrics/04256520/1670f9ce4de8a548d08f8c5dee475682/4b3b3624f7f90a771a7be3df.json,3.816695000296022
04256520/1670f9ce4de8a548d08f8c5dee475682,farthest,2,"[0, 46]",0.5173157511639902,0.6834731579399185,0.8496305647158466,0.0,0.0,0.0,1.9999937557064644,0.0,0.0,0.0,0.0,0.0,0.0,camera_pose_sim3,2.9507032245539295,0.18176468452472225,10000,10000,True,False,True,/content/cv3d-project/data/cache/reconstruction/predictions/04256520/1670f9ce4de8a548d08f8c5dee475682/75dabf9ce9cb638876147b8a.npz,e4ca89c89899b3b2338417db22b6ed66c6325e6ea6f13d06ac83d7e8949b65da,/content/cv3d-project/data/cache/reconstruction/metrics/04256520/1670f9ce4de8a548d08f8c5dee475682/9a377f262dc2dd3952629940.json,11.55159600011757
04256520/1670f9ce4de8a548d08f8c5dee475682,farthest,3,"[0, 46, 18]",0.6725228564365591,0.7692812857431008,0.8660397150496425,0.0,0.0,0.0,1.9999937557064644,0.0,0.0,0.0,0.0,0.0,0.0,camera_pose_sim3,1.6879899237445573,0.9637842196385629,10000,10000,True,False,True,/content/cv3d-project/data/cache/reconstruction/predictions/04256520/1670f9ce4de8a548d08f8c5dee475682/98fa06a44f2077af230093da.npz,fb2b9dce540cb172809284b9eae2c05acc48b377d7ef0b66058f5f7d70232d14,/content/cv3d-project/data/cache/reconstruction/metrics/04256520/1670f9ce4de8a548d08f8c5dee475682/a375fff272224da6de0e7956.json,11.458473999937269
04256520/1670f9ce4de8a548d08f8c5dee475682,farthest,5,"[0, 46, 18, 28, 16]",0.24447149369981117,0.3225933475935332,0.40071520148725526,0.0,0.0,0.0,1.9999937557064644,0.0,0.0,0.0,0.0,0.0,0.0,camera_pose_sim3,0.8100617624598668,1.2738253987598662,10000,10000,True,False,True,/content/cv3d-project/data/cache/reconstruction/predictions/04256520/1670f9ce4de8a548d08f8c5dee475682/27b52c44832ba05f49f2e8bf.npz,1fdc5b54ebf19043d3889f6c1ab1252997555536459e05847ce92e96674ba9db,/content/cv3d-project/data/cache/reconstruction/metrics/04256520/1670f9ce4de8a548d08f8c5dee475682/7ad42bc4015145acf86baea9.json,11.401940999803628
04256520/1670f9ce4de8a548d08f8c5dee475682,farthest,10,"[0, 46, 18, 28, 16, 30, 2, 44, 13, 33]",0.2522055632330258,0.37809537678883864,0.5039851903446515,0.0,0.0,0.0,1.9999937557064644,0.0,0.0,0.0,0.0,0.0,0.0,camera_pose_sim3,2.0398870579269297,0.8917702878263016,10000,10000,True,False,True,/content/cv3d-project/data/cache/reconstruction/predictions/04256520/1670f9ce4de8a548d08f8c5dee475682/f5456bb64d8ae592a6448092.npz,21265cdd503adb6420746a8cb14df675d461458f0e97392e5ff6cb669cd2db35,/content/cv3d-project/data/cache/reconstruction/metrics/04256520/1670f9ce4de8a548d08f8c5dee475682/1c93b329553c2334bf778474.json,12.598494000030769
04256520/1685b0cf2d1a2849d0a2ef258a9c71d6,farthest,1,[0],1.227944310140317,1.3703738535059466,1.5128033968715764,0.0,0.0,0.0,1.992867997591173,0.0,0.0,0.0,0.0,0.0,0.0,camera_rotation_center_and_target_diameter_scale_single_view,5.605668779908465,0.0,10000,10000,True,True,True,/content/cv3d-project/data/cache/reconstruction/predictions/04256520/1685b0cf2d1a2849d0a2ef258a9c71d6/ee9c3eb660fa2c5b61602528.npz,cb1747c599627bbb5d56991245def611fc4b1d3126ec26c6f3012529098c3a29,/content/cv3d-project/data/cache/reconstruction/metrics/04256520/1685b0cf2d1a2849d0a2ef258a9c71d6/3106b6d7abbae1646696c16a.json,4.085478999968473
04256520/1685b0cf2d1a2849d0a2ef258a9c71d6,farthest,2,"[0, 46]",0.022774157527671087,0.10515820705907793,0.18754225659048476,0.5472506718965642,0.031297667493796526,0.0936545066045066,1.992867997591173,1.0,0.1844,0.4627,0.3767,0.0171,0.0521,camera_pose_sim3,2.5367997218174354,0.047585915054895,10000,10000,True,False,True,/content/cv3d-project/data/cache/reconstruction/predictions/04256520/1685b0cf2d1a2849d0a2ef258a9c71d6/c1c05a39650e3f4074f5ba53.npz,58bdc63ed08ab8bdc77d5d0c77eb4c818ec455caad4eade5135fef70c8b378b4,/content/cv3d-project/data/cache/reconstruction/metrics/04256520/1685b0cf2d1a2849d0a2ef258a9c71d6/85400294983068a47ac09164.json,12.579339000239997
04256520/1685b0cf2d1a2849d0a2ef258a9c71d6,farthest,3,"[0, 46, 18]",0.2968954464098174,0.4250046758677044,0.5531139053255913,0.0,0.0,0.0,1.992867997591173,0.0,0.0,0.0,0.0,0.0,0.0,camera_pose_sim3,1.9363070561343367,0.8210761712091696,10000,10000,True,False,True,/content/cv3d-project/data/cache/reconstruction/predictions/04256520/1685b0cf2d1a2849d0a2ef258a9c71d6/6d9c91a964ee0f1886bd142e.npz,76761743d9495133b508565cc15984b2b77c57806d28d63217b557866db38957,/content/cv3d-project/data/cache/reconstruction/metrics/04256520/1685b0cf2d1a2849d0a2ef258a9c71d6/88fc5cc1873d4ef42522a32d.json,11.754602000110026
04256520/1685b0cf2d1a2849d0a2ef258a9c71d6,farthest,5,"[0, 46, 18, 28, 16]",0.5844761603974642,0.6483251284720333,0.7121740965466025,0.0,0.0,0.0,1.992867997591173,0.0,0.0,0.0,0.0,0.0,0.0,camera_pose_sim3,0.9057823962635941,1.2423572925373065,10000,10000,True,False,True,/content/cv3d-project/data/cache/reconstruction/predictions/04256520/1685b0cf2d1a2849d0a2ef258a9c71d6/a5cc6ebd32494870e7485efd.npz,dd71c1e458847ed65a6b78bc48bc616e48c97ec2744ad70daa092102bdf1e44c,/content/cv3d-project/data/cache/reconstruction/metrics/04256520/1685b0cf2d1a2849d0a2ef258a9c71d6/d4391ff1fecf384281980b59.json,12.284289000035642
04256520/1685b0cf2d1a2849d0a2ef258a9c71d6,farthest,10,"[0, 46, 18, 28, 16, 30, 2, 44, 13, 33]",0.13675652808509822,0.17163921939347418,0.20652191070185014,0.049144584139264993,0.0,0.0,1.992867997591173,0.1783,0.0,0.0,0.0285,0.0,0.0,camera_pose_sim3,2.008711481432139,0.7451666065360962,10000,10000,True,False,True,/content/cv3d-project/data/cache/reconstruction/predictions/04256520/1685b0cf2d1a2849d0a2ef258a9c71d6/c3ff278831d9ec3cef1e4f07.npz,587635d02b452f9cc5c68ded9317fbf11e26d53fbf97399b248f19e131e239a9,/content/cv3d-project/data/cache/reconstruction/metrics/04256520/1685b0cf2d1a2849d0a2ef258a9c71d6/2dc96c0d920a14aa968308e8.json,12.036610999984987
04256520/16a5920c004800ca76e9713f57a5fcb6,farthest,1,[0],1.9597979807870334,2.0742748450524466,2.18875170931786,0.0,0.0,0.0,1.9974340572388543,0.0,0.0,0.0,0.0,0.0,0.0,camera_rotation_center_and_target_diameter_scale_single_view,7.100791536708715,0.0,10000,10000,True,True,True,/content/cv3d-project/data/cache/reconstruction/predictions/04256520/16a5920c004800ca76e9713f57a5fcb6/b38075adbe310501f4103abc.npz,e6a29d0ea9528a19ccab4048679fb55684544dc6a7d7dba841566145c6ee57f9,/content/cv3d-project/data/cache/reconstruction/metrics/04256520/16a5920c004800ca76e9713f57a5fcb6/45dfdd511ec3c73ccfa1a819.json,3.9963899998838315
04256520/16a5920c004800ca76e9713f57a5fcb6,farthest,2,"[0, 46]",0.9909575015912615,1.1719010952360023,1.3528446888807428,0.0,0.0,0.0,1.9974340572388543,0.0,0.0,0.0,0.0,0.0,0.0,camera_pose_sim3,1.9125772015261926,1.1219606543404483,10000,10000,True,False,True,/content/cv3d-project/data/cache/reconstruction/predictions/04256520/16a5920c004800ca76e9713f57a5fcb6/0a4a10376ed9ad1cfffa7cc8.npz,a7f4faecd0560b18e0dad176ff20a412629048246ed543aa9b46d2cc238f3711,/content/cv3d-project/data/cache/reconstruction/metrics/04256520/16a5920c004800ca76e9713f57a5fcb6/ed48b8a12b5d6ee46421c349.json,12.182882000161044
04256520/16a5920c004800ca76e9713f57a5fcb6,farthest,3,"[0, 46, 18]",0.25584847083707535,0.3819402840995685,0.5080320973620616,0.0,0.0,0.0,1.9974340572388543,0.0,0.0,0.0,0.0,0.0,0.0,camera_pose_sim3,0.05978285654600173,1.2884305350219878,10000,10000,True,False,True,/content/cv3d-project/data/cache/reconstruction/predictions/04256520/16a5920c004800ca76e9713f57a5fcb6/e79e9e262de1ef2f496188a8.npz,4890d067752d9b8d8106f008bb1b643c1fa594de3af8009577c6e4e22f8578d1,/content/cv3d-project/data/cache/reconstruction/metrics/04256520/16a5920c004800ca76e9713f57a5fcb6/f4d602bdc8b4617816f4879b.json,13.098410000111471
04256520/16a5920c004800ca76e9713f57a5fcb6,farthest,5,"[0, 46, 18, 28, 16]",0.34183343398603944,0.4034688348040739,0.4651042356221084,0.0,0.0,0.0,1.9974340572388543,0.0,0.0,0.0,0.0,0.0,0.0,camera_pose_sim3,2.173187518909992,1.054773972021097,10000,10000,True,False,True,/content/cv3d-project/data/cache/reconstruction/predictions/04256520/16a5920c004800ca76e9713f57a5fcb6/20895f4b41ad6b0968ea8adf.npz,d32d7843095215d5371dfb16e1d328f57b6bdeff659faab59e352ec3078bda9a,/content/cv3d-project/data/cache/reconstruction/metrics/04256520/16a5920c004800ca76e9713f57a5fcb6/bc949fe4ee9f4e7a4c652a0a.json,12.213598000016646
04256520/16a5920c004800ca76e9713f57a5fcb6,farthest,10,"[0, 46, 18, 28, 16, 30, 2, 44, 13, 33]",0.12438563179449956,0.17795434813601904,0.23152306447753854,0.14637549596686286,0.000375,0.0014736842105263156,1.9974340572388543,0.3673,0.0005,0.0028,0.0914,0.0003,0.001,camera_pose_sim3,2.157389431558787,0.8146940288307667,10000,10000,True,False,True,/content/cv3d-project/data/cache/reconstruction/predictions/04256520/16a5920c004800ca76e9713f57a5fcb6/8d38a4023fdfa5ff8977e466.npz,a90664966eabcb2ba5099de40567f070999327807091c4143e6ae701c001fffb,/content/cv3d-project/data/cache/reconstruction/metrics/04256520/16a5920c004800ca76e9713f57a5fcb6/9fb3044fd9291d47f4d27119.json,11.971004999850265
04256520/16bb3ec52397cdf9cf01bc59d215f0,farthest,1,[0],1.3510424378021966,1.4387738838298803,1.526505329857564,0.0,0.0,0.0,1.9996515770881886,0.0,0.0,0.0,0.0,0.0,0.0,camera_rotation_center_and_target_diameter_scale_single_view,5.82783278017957,0.0,10000,10000,True,True,True,/content/cv3d-project/data/cache/reconstruction/predictions/04256520/16bb3ec52397cdf9cf01bc59d215f0/a9bd0f59b12bf9a8cdacb46c.npz,b8659d5655df22f52ec2a88416d33d8ee943253c49037f3640e77e58814ad489,/content/cv3d-project/data/cache/reconstruction/metrics/04256520/16bb3ec52397cdf9cf01bc59d215f0/4f8c9a233de54415bf67ae20.json,3.7272370000209776
04256520/16bb3ec52397cdf9cf01bc59d215f0,farthest,2,"[0, 46]",5913.309951492121,5898.559579073892,5883.809206655663,0.0,0.0,0.0,1.9996515770881886,0.0,0.0,0.0,0.0,0.0,0.0,camera_pose_sim3_positive_scale_fallback,11841.108609208404,5.531222865467171e-16,10000,10000,True,False,True,/content/cv3d-project/data/cache/reconstruction/predictions/04256520/16bb3ec52397cdf9cf01bc59d215f0/637ae6a01b5b43f65ebda2d1.npz,ee8a448fdbd68232ffc91bc70b150f385b511cecde7f9bfdc86bdb75db90ef33,/content/cv3d-project/data/cache/reconstruction/metrics/04256520/16bb3ec52397cdf9cf01bc59d215f0/00ad17af7be1d4fd5ece4b48.json,12.18365700015056
04256520/16bb3ec52397cdf9cf01bc59d215f0,farthest,3,"[0, 46, 18]",0.22528138450691895,0.45551433382355155,0.6857472831401842,0.0,0.0,0.0,1.9996515770881886,0.0,0.0,0.0,0.0,0.0,0.0,camera_pose_sim3,1.3135245025391005,1.2076514698511762,10000,10000,True,False,True,/content/cv3d-project/data/cache/reconstruction/predictions/04256520/16bb3ec52397cdf9cf01bc59d215f0/0202e3061e23beeafd16e453.npz,07d80ebf36c794ff07ae02710545c5e8ecb225d735eb7d89cd821557f6584fbd,/content/cv3d-project/data/cache/reconstruction/metrics/04256520/16bb3ec52397cdf9cf01bc59d215f0/5a04fb8a0c6424b8835d17eb.json,12.098765000246203
04256520/16bb3ec52397cdf9cf01bc59d215f0,farthest,5,"[0, 46, 18, 28, 16]",0.4615975111402541,0.563570749469571,0.6655439877988879,0.0,0.0,0.0,1.9996515770881886,0.0,0.0,0.0,0.0,0.0,0.0,camera_pose_sim3,0.7498393498629249,1.2918135858022588,10000,10000,True,False,True,/content/cv3d-project/data/cache/reconstruction/predictions/04256520/16bb3ec52397cdf9cf01bc59d215f0/2c86744826962e0ba35950e3.npz,0ae028c69494b2c9322ed1e66b8970281d1de30e674b24443aab2fedf2c002a4,/content/cv3d-project/data/cache/reconstruction/metrics/04256520/16bb3ec52397cdf9cf01bc59d215f0/9e94fa9dc1750cf3b190382c.json,12.261129999842524
04256520/16bb3ec52397cdf9cf01bc59d215f0,farthest,10,"[0, 46, 18, 28, 16, 30, 2, 44, 13, 33]",0.20688965580555785,0.26315450779086713,0.3194193597761764,0.02403448275862069,0.0,0.0,1.9996515770881886,0.041,0.0,0.0,0.017,0.0,0.0,camera_pose_sim3,2.1506047048872663,0.7799651679577642,10000,10000,True,False,True,/content/cv3d-project/data/cache/reconstruction/predictions/04256520/16bb3ec52397cdf9cf01bc59d215f0/f8b8e708552a2d0fc98f863e.npz,27edf637b7e1ff76905d4b8998153d4116521a8701e25ea4391db4ad9d1a2f11,/content/cv3d-project/data/cache/reconstruction/metrics/04256520/16bb3ec52397cdf9cf01bc59d215f0/752f7200d747f64bd1971a6b.json,12.96808899996904
04256520/16ca439cd60eae5f23500a5b036df62e,farthest,1,[0],1.781368722290731,1.8965493763322705,2.01173003037381,0.0,0.0,0.0,1.9777524397437096,0.0,0.0,0.0,0.0,0.0,0.0,camera_rotation_center_and_target_diameter_scale_single_view,6.659970862138362,0.0,10000,10000,True,True,True,/content/cv3d-project/data/cache/reconstruction/predictions/04256520/16ca439cd60eae5f23500a5b036df62e/8de1beb52d9dee8e01577fb8.npz,09b6d44fc284275aab10950698f845b492121b9c2515e01c76ea83ae354fe77b,/content/cv3d-project/data/cache/reconstruction/metrics/04256520/16ca439cd60eae5f23500a5b036df62e/91940d0e8f84fee5bdb7e8af.json,3.8326499998220243
04256520/16ca439cd60eae5f23500a5b036df62e,farthest,2,"[0, 46]",0.04897868327974189,0.10232537729753365,0.1556720713153254,0.4751056667175806,0.0,0.0007199999999999998,1.9777524397437096,0.9976,0.0,0.0009,0.3118,0.0,0.0006,camera_pose_sim3,2.5494021768123374,0.02014650855520726,10000,10000,True,False,True,/content/cv3d-project/data/cache/reconstruction/predictions/04256520/16ca439cd60eae5f23500a5b036df62e/8acf37dac5c3f323de2c81ba.npz,7b531093b837ee21c9c282f06921bc6c1146be8920d0238312fa1e9f75543d3c,/content/cv3d-project/data/cache/reconstruction/metrics/04256520/16ca439cd60eae5f23500a5b036df62e/74166021db4c0db10812a27c.json,12.168573000053584
04256520/16ca439cd60eae5f23500a5b036df62e,farthest,3,"[0, 46, 18]",0.36359566010150585,0.44563049159826174,0.5276653230950176,0.0,0.0,0.0,1.9777524397437096,0.0,0.0,0.0,0.0,0.0,0.0,camera_pose_sim3,2.000167452181052,0.8642310455942578,10000,10000,True,False,True,/content/cv3d-project/data/cache/reconstruction/predictions/04256520/16ca439cd60eae5f23500a5b036df62e/b6971b5b85629cac13e9594f.npz,98ff2187fa2d1a4f84009c1508eae8bf4eacfe282ae0e3be5d372c7f87fc4e0f,/content/cv3d-project/data/cache/reconstruction/metrics/04256520/16ca439cd60eae5f23500a5b036df62e/1b22beafbe7818c6d52ba1d3.json,11.407078000047477
04256520/16ca439cd60eae5f23500a5b036df62e,farthest,5,"[0, 46, 18, 28, 16]",0.02278329546516086,0.14377483954195322,0.2647663836187456,0.29165540147235064,0.03994997742663658,0.08629827248441675,1.9777524397437096,0.9974,0.1993,0.5144,0.1708,0.0222,0.0471,camera_pose_sim3,1.8416436217885237,0.8316436841933781,10000,10000,True,False,True,/content/cv3d-project/data/cache/reconstruction/predictions/04256520/16ca439cd60eae5f23500a5b036df62e/656b02479b3f319dac3db66a.npz,ce51fc94bedfa5a379132d21babd0a92ee83c7491aadc6a8dd9af160f813e23a,/content/cv3d-project/data/cache/reconstruction/metrics/04256520/16ca439cd60eae5f23500a5b036df62e/3530c5f252e76e7c282a5d9b.json,11.671662000026117
04256520/16ca439cd60eae5f23500a5b036df62e,farthest,10,"[0, 46, 18, 28, 16, 30, 2, 44, 13, 33]",0.04738270703062327,0.0799759365823772,0.11256916613413112,0.6620479604449939,0.04756412405699917,0.12843937147939521,1.9777524397437096,0.9474,0.0865,0.251,0.5088,0.0328,0.0863,camera_pose_sim3,2.691031738341324,0.28404227118053027,10000,10000,True,False,True,/content/cv3d-project/data/cache/reconstruction/predictions/04256520/16ca439cd60eae5f23500a5b036df62e/a6e292cc77c76432357ee09e.npz,c6a984277219b36d929beb4b387b5250d371c597edd499b7a7bb60ded2579984,/content/cv3d-project/data/cache/reconstruction/metrics/04256520/16ca439cd60eae5f23500a5b036df62e/c05079329dd59dabe5b218db.json,13.065373000245017
04379243/1270e7980d2d69d293a790c6eb6d2ee5,farthest,1,[0],0.3316949606590369,0.3944549759254311,0.45721499119182535,0.0,0.0,0.0,1.9999827486808772,0.0,0.0,0.0,0.0,0.0,0.0,camera_rotation_center_and_target_diameter_scale_single_view,4.080987051304182,0.0,10000,10000,True,True,True,/content/cv3d-project/data/cache/reconstruction/predictions/04379243/1270e7980d2d69d293a790c6eb6d2ee5/7dacabd789dac13f2b577325.npz,e575ca18431b108c37df3d612645e1d9c14cd34827f36afbb51b56e0134c9105,/content/cv3d-project/data/cache/reconstruction/metrics/04379243/1270e7980d2d69d293a790c6eb6d2ee5/b54d46909b9c2a438315a112.json,4.025025999908394
04379243/1270e7980d2d69d293a790c6eb6d2ee5,farthest,2,"[0, 46]",0.09778607047006707,0.11970365109207824,0.1416212317140894,0.33808043680916233,0.0,0.000375,1.9999827486808772,0.4939,0.0,0.0005,0.257,0.0,0.0003,camera_pose_sim3,2.8942069980886203,0.007537110824563341,10000,10000,True,False,True,/content/cv3d-project/data/cache/reconstruction/predictions/04379243/1270e7980d2d69d293a790c6eb6d2ee5/9a1c197fd489c0202413a15d.npz,7696a8414e76bc98296e31f7ca9e3064466e05ec9b3e21ba0d16a327b49e649c,/content/cv3d-project/data/cache/reconstruction/metrics/04379243/1270e7980d2d69d293a790c6eb6d2ee5/b7a21e73b9bca4388fe0dd84.json,12.580273999901692
04379243/1270e7980d2d69d293a790c6eb6d2ee5,farthest,3,"[0, 46, 18]",0.3004851332051704,0.4265823055903869,0.5526794779756035,0.0,0.0,0.0,1.9999827486808772,0.0,0.0,0.0,0.0,0.0,0.0,camera_pose_sim3,2.2652826296314483,0.8738578855668402,10000,10000,True,False,True,/content/cv3d-project/data/cache/reconstruction/predictions/04379243/1270e7980d2d69d293a790c6eb6d2ee5/1388d27e9b3d599d5c9e216b.npz,a6827537a874fd1021adaa075a0c36e2423bf69034799422d2f6027fe415a812,/content/cv3d-project/data/cache/reconstruction/metrics/04379243/1270e7980d2d69d293a790c6eb6d2ee5/9d46b985a774d0bb1b3a03c8.json,12.42807799962975
04379243/1270e7980d2d69d293a790c6eb6d2ee5,farthest,5,"[0, 46, 18, 28, 16]",3.5974536302027826,3.710419711573854,3.823385792944925,0.0,0.0,0.0,1.9999827486808772,0.0,0.0,0.0,0.0,0.0,0.0,camera_pose_sim3_positive_scale_fallback,5.318234730575488,1.830751993427445,10000,10000,True,False,True,/content/cv3d-project/data/cache/reconstruction/predictions/04379243/1270e7980d2d69d293a790c6eb6d2ee5/70c32a7a8ed8292fef6c1136.npz,74f00a7e9243ce21fcfcb9584697430f8287540779b4f9b7396f11de0701deba,/content/cv3d-project/data/cache/reconstruction/metrics/04379243/1270e7980d2d69d293a790c6eb6d2ee5/f327c250ca9259019424b367.json,11.671244000353909
04379243/1270e7980d2d69d293a790c6eb6d2ee5,farthest,10,"[0, 46, 18, 28, 16, 30, 2, 44, 13, 33]",0.4178695363881244,0.49901969524696094,0.5801698541057975,0.0,0.0,0.0,1.9999827486808772,0.0,0.0,0.0,0.0,0.0,0.0,camera_pose_sim3,1.3111499018513681,1.1471484418734181,10000,10000,True,False,True,/content/cv3d-project/data/cache/reconstruction/predictions/04379243/1270e7980d2d69d293a790c6eb6d2ee5/065d570b92a5cb0fd082c63d.npz,87ce8ac919653ea78190ba7a714b9d33d5dfaf6d9a244026904f4003115e5ddd,/content/cv3d-project/data/cache/reconstruction/metrics/04379243/1270e7980d2d69d293a790c6eb6d2ee5/bbce426c28a68890a772be0e.json,12.055685000177618
04379243/127d935d17cb36c8b0a3f25f5d8cb0f8,farthest,1,[0],0.12339220829705762,0.23408919122270763,0.34478617414835766,0.04947147933420609,0.0,0.0,1.99999494602164,0.5087,0.0,0.0,0.026,0.0,0.0,camera_rotation_center_and_target_diameter_scale_single_view,3.8804989379487353,0.0,10000,10000,True,True,True,/content/cv3d-project/data/cache/reconstruction/predictions/04379243/127d935d17cb36c8b0a3f25f5d8cb0f8/a7896c970afe401b61c8c210.npz,633fc5ebdb09e9f6e6a6eca0c4bfe9539661d39bdb170ee95003735dfe90e541,/content/cv3d-project/data/cache/reconstruction/metrics/04379243/127d935d17cb36c8b0a3f25f5d8cb0f8/d30441e99b4aff008b7bffb3.json,4.2871529999501945
04379243/127d935d17cb36c8b0a3f25f5d8cb0f8,farthest,2,"[0, 46]",0.10731905996096429,0.13937555455828735,0.1714320491556104,0.17921054637865313,0.0,0.0,1.99999494602164,0.5214,0.0,0.0,0.1082,0.0,0.0,camera_pose_sim3,2.7850911448349676,0.02183017529701396,10000,10000,True,False,True,/content/cv3d-project/data/cache/reconstruction/predictions/04379243/127d935d17cb36c8b0a3f25f5d8cb0f8/a7254a38ccb3cad617245646.npz,1019e3a4bc26bb5a0c9d53fe5672cb07fdde73f807e913b63e7a0da888e61221,/content/cv3d-project/data/cache/reconstruction/metrics/04379243/127d935d17cb36c8b0a3f25f5d8cb0f8/0be68dce541967aff173e4c4.json,12.736174000110623
04379243/127d935d17cb36c8b0a3f25f5d8cb0f8,farthest,3,"[0, 46, 18]",0.1580204039459398,0.34395357711326835,0.5298867502805968,0.039331378865979386,0.000962686567164179,0.0051391771019678,1.99999494602164,0.2893,0.0129,0.0532,0.0211,0.0005,0.0027,camera_pose_sim3,1.6750110530725284,0.890416824121398,10000,10000,True,False,True,/content/cv3d-project/data/cache/reconstruction/predictions/04379243/127d935d17cb36c8b0a3f25f5d8cb0f8/5a58c87b24223289ff020870.npz,1d4085e49774d1ae8c93d569bfb4292fa63c432e3ff9586451cf68c5c5182f00,/content/cv3d-project/data/cache/reconstruction/metrics/04379243/127d935d17cb36c8b0a3f25f5d8cb0f8/58f6deefac8a39eef76b232d.json,12.791165000180627
04379243/127d935d17cb36c8b0a3f25f5d8cb0f8,farthest,5,"[0, 46, 18, 28, 16]",2.2966919762011253,2.390734395813991,2.484776815426857,0.0,0.0,0.0,1.99999494602164,0.0,0.0,0.0,0.0,0.0,0.0,camera_pose_sim3_positive_scale_fallback,3.88240250074549,1.7880416208859902,10000,10000,True,False,True,/content/cv3d-project/data/cache/reconstruction/predictions/04379243/127d935d17cb36c8b0a3f25f5d8cb0f8/0ef99422885edfa04f294b82.npz,b7814dff2dadceb27fa58c3296716561fbf9a1e0f81e881e91e456c60a611150,/content/cv3d-project/data/cache/reconstruction/metrics/04379243/127d935d17cb36c8b0a3f25f5d8cb0f8/7c4ca5e3ee56695225126ac9.json,12.600217999988672
04379243/127d935d17cb36c8b0a3f25f5d8cb0f8,farthest,10,"[0, 46, 18, 28, 16, 30, 2, 44, 13, 33]",0.2554657954387565,0.3646513944687474,0.47383699349873826,0.017908396946564886,0.0,0.0,1.99999494602164,0.0255,0.0,0.0,0.0138,0.0,0.0,camera_pose_sim3,2.145902460562429,0.8004752539469402,10000,10000,True,False,True,/content/cv3d-project/data/cache/reconstruction/predictions/04379243/127d935d17cb36c8b0a3f25f5d8cb0f8/511caeef8667b64d39357033.npz,5b848ea2c200cc2746eaf165a14c66f692f9ded52b04d6dcb64e3af6a350884b,/content/cv3d-project/data/cache/reconstruction/metrics/04379243/127d935d17cb36c8b0a3f25f5d8cb0f8/206bd4007a6b8f9fa32d647d.json,12.144968000029621
04379243/127e202f77eee5725d02cdadf545c773,farthest,1,[0],0.7361525612455334,0.8266853298773371,0.9172180985091408,0.0,0.0,0.0,1.9974733954732051,0.0,0.0,0.0,0.0,0.0,0.0,camera_rotation_center_and_target_diameter_scale_single_view,4.825208822305342,0.0,10000,10000,True,True,True,/content/cv3d-project/data/cache/reconstruction/predictions/04379243/127e202f77eee5725d02cdadf545c773/0b069cdd11acef6ff7e37b80.npz,946e75fd83b8d321a8b4df9f5f660088d50d73ac3ef454cc48979709d8ed9ad1,/content/cv3d-project/data/cache/reconstruction/metrics/04379243/127e202f77eee5725d02cdadf545c773/5ba22ec1e6a2aada14d33c7f.json,3.7920949998806464
04379243/127e202f77eee5725d02cdadf545c773,farthest,2,"[0, 46]",0.03486707416179953,0.07327657078591102,0.1116860674100225,0.6040343407552173,0.016291905354919055,0.04131039682539683,1.9974733954732051,1.0,0.0711,0.2293,0.4327,0.0092,0.0227,camera_pose_sim3,2.7510148604664537,0.01479780946081016,10000,10000,True,False,True,/content/cv3d-project/data/cache/reconstruction/predictions/04379243/127e202f77eee5725d02cdadf545c773/97485c95f96ee0c774a85e1d.npz,f7e6de825c50d1f98edf0059559595fd625abb7de46e40653d739a662c303bb3,/content/cv3d-project/data/cache/reconstruction/metrics/04379243/127e202f77eee5725d02cdadf545c773/0f0adab5000cf86c801e0d65.json,12.271866999981285
04379243/127e202f77eee5725d02cdadf545c773,farthest,3,"[0, 46, 18]",0.1838388089821141,0.29461433058163455,0.405389852181155,0.00583710407239819,0.0,0.0,1.9974733954732051,0.1075,0.0,0.0,0.003,0.0,0.0,camera_pose_sim3,2.1044396735092237,0.824526181158832,10000,10000,True,False,True,/content/cv3d-project/data/cache/reconstruction/predictions/04379243/127e202f77eee5725d02cdadf545c773/f0ca529256375b5609226dba.npz,4371748cbfe6a1a8c2a675a6d8f0e0196e58b23dfe210d79e5b654f61cc71cbc,/content/cv3d-project/data/cache/reconstruction/metrics/04379243/127e202f77eee5725d02cdadf545c773/67ca003046ab4e73dcc1525e.json,12.481816999752482
04379243/127e202f77eee5725d02cdadf545c773,farthest,5,"[0, 46, 18, 28, 16]",0.2507076067474921,0.3287436736750049,0.40677974060251765,0.0,0.0,0.0,1.9974733954732051,0.0,0.0,0.0,0.0,0.0,0.0,camera_pose_sim3,1.6544750865343079,1.0855767544617068,10000,10000,True,False,True,/content/cv3d-project/data/cache/reconstruction/predictions/04379243/127e202f77eee5725d02cdadf545c773/767da56512ea3fdbbff67bfa.npz,2bac066dc2ba0a665392a6387cd2d576babee52baaa0d66826351d682951d086,/content/cv3d-project/data/cache/reconstruction/metrics/04379243/127e202f77eee5725d02cdadf545c773/04d0ccba62da0baa85172a63.json,13.004883000121481
04379243/127e202f77eee5725d02cdadf545c773,farthest,10,"[0, 46, 18, 28, 16, 30, 2, 44, 13, 33]",0.17268781755053564,0.27258182547323784,0.37247583339594,0.012210591900311527,0.0,0.0,1.9974733954732051,0.0239,0.0,0.0,0.0082,0.0,0.0,camera_pose_sim3,1.5892936663822177,0.9878592216330517,10000,10000,True,False,True,/content/cv3d-project/data/cache/reconstruction/predictions/04379243/127e202f77eee5725d02cdadf545c773/1218a9cb863e8f324e2ed253.npz,1826590333bba8d288069b753554b420823dc830b6a96d3c1e3b0538096b1cb5,/content/cv3d-project/data/cache/reconstruction/metrics/04379243/127e202f77eee5725d02cdadf545c773/4f995afdf4b8de0400fc950c.json,13.498680999873613
04379243/128011ffc7787d50f0920fefbe028677,farthest,1,[0],1.2465709460597145,1.3422586202060274,1.4379462943523402,0.0,0.0,0.0,2.0000040144067945,0.0,0.0,0.0,0.0,0.0,0.0,camera_rotation_center_and_target_diameter_scale_single_view,5.860947607420794,0.0,10000,10000,True,True,True,/content/cv3d-project/data/cache/reconstruction/predictions/04379243/128011ffc7787d50f0920fefbe028677/ce02295294ded2d34ddce2c2.npz,679b22df479517ac5905d8c6c7a3493c6d226fe505b2455ab64fa30affe62f64,/content/cv3d-project/data/cache/reconstruction/metrics/04379243/128011ffc7787d50f0920fefbe028677/496378e666bef0240b654f5f.json,3.860827000153222
04379243/128011ffc7787d50f0920fefbe028677,farthest,2,"[0, 46]",0.06112035016744088,0.11020643867652262,0.15929252718560435,0.3587116848311596,0.0,0.0003,2.0000040144067945,0.8951,0.0,0.0003,0.2243,0.0,0.0003,camera_pose_sim3,2.760781558883492,0.014502949536287418,10000,10000,True,False,True,/content/cv3d-project/data/cache/reconstruction/predictions/04379243/128011ffc7787d50f0920fefbe028677/a34aa654fd1f94209519464c.npz,7398512d0c78da7a6149abf0a17e27d3f956e3f1583f10430a766f7292f6cb4c,/content/cv3d-project/data/cache/reconstruction/metrics/04379243/128011ffc7787d50f0920fefbe028677/99f81dc40f32830053be79e5.json,12.316278999605856
04379243/128011ffc7787d50f0920fefbe028677,farthest,3,"[0, 46, 18]",0.1246030437324641,0.26427665578772486,0.40395026784298566,0.14336757108747558,0.006146892655367232,0.01654875373878365,2.0000040144067945,0.3719,0.032,0.0912,0.0888,0.0034,0.0091,camera_pose_sim3,1.9908418772713234,0.8340903222837361,10000,10000,True,False,True,/content/cv3d-project/data/cache/reconstruction/predictions/04379243/128011ffc7787d50f0920fefbe028677/bd58b1ab1fb34d96668a8e81.npz,7e72af7500789685c0964890e6dfc59607fe6b45a92190c4dab94007f706649f,/content/cv3d-project/data/cache/reconstruction/metrics/04379243/128011ffc7787d50f0920fefbe028677/eb882e22d116400b85cb4734.json,11.968490000072052
04379243/128011ffc7787d50f0920fefbe028677,farthest,5,"[0, 46, 18, 28, 16]",0.05389926939766075,0.21107465875153067,0.3682500481054006,0.063891577928364,0.0,0.0,2.0000040144067945,1.0,0.0,0.0,0.033,0.0,0.0,camera_pose_sim3,0.5463466874295769,1.2943447505865584,10000,10000,True,False,True,/content/cv3d-project/data/cache/reconstruction/predictions/04379243/128011ffc7787d50f0920fefbe028677/e3fcb60539c1d4542746e433.npz,2283434cbf85f7cb47285de49189d14837da6c843f3d6ce271bac1eafc107e92,/content/cv3d-project/data/cache/reconstruction/metrics/04379243/128011ffc7787d50f0920fefbe028677/260fd54874646d2ba3fe8323.json,11.381769999843527
04379243/128011ffc7787d50f0920fefbe028677,farthest,10,"[0, 46, 18, 28, 16, 30, 2, 44, 13, 33]",0.5049896236855105,0.6362018332315671,0.7674140427776237,0.0,0.0,0.0,2.0000040144067945,0.0,0.0,0.0,0.0,0.0,0.0,camera_pose_sim3,1.866866885223703,0.8902472034401196,10000,10000,True,False,True,/content/cv3d-project/data/cache/reconstruction/predictions/04379243/128011ffc7787d50f0920fefbe028677/bfcd28d72caf89b55bd8e9a3.npz,b2341202e3cd85eef6f8cb98ff41cf14705cf96da165ae03a612ff09cfbd5e3b,/content/cv3d-project/data/cache/reconstruction/metrics/04379243/128011ffc7787d50f0920fefbe028677/957b86a874191a95f49b7137.json,11.547612999947887
04379243/12936ff9bc1103944b3c42e318f3affc,farthest,1,[0],1.134046490080069,1.2791918826058677,1.4243372751316663,0.0,0.0,0.0,1.9963955996480474,0.0,0.0,0.0,0.0,0.0,0.0,camera_rotation_center_and_target_diameter_scale_single_view,5.888419760094059,0.0,10000,10000,True,True,True,/content/cv3d-project/data/cache/reconstruction/predictions/04379243/12936ff9bc1103944b3c42e318f3affc/1d4f0c4a41e580cd278bfc9c.npz,9f9e968c803703f85817ce7fb1e9b27ec1baa1948a384379e0a68cbba9623188,/content/cv3d-project/data/cache/reconstruction/metrics/04379243/12936ff9bc1103944b3c42e318f3affc/1fc2b6dc07c635ba50bb0ad5.json,3.735315000085393
04379243/12936ff9bc1103944b3c42e318f3affc,farthest,2,"[0, 46]",0.07657376837299944,0.11431674106342679,0.15205971375385413,0.31219134818288397,0.0,0.00985699481865285,1.9963955996480474,0.6473,0.0,0.0328,0.2057,0.0,0.0058,camera_pose_sim3,2.765362069265816,0.019393779338329517,10000,10000,True,False,True,/content/cv3d-project/data/cache/reconstruction/predictions/04379243/12936ff9bc1103944b3c42e318f3affc/724271b8174b1e6ef3480c74.npz,c56ce9130c18808e9548f0c4396d443e19a15b37bddecbfed2292ccf9144c480,/content/cv3d-project/data/cache/reconstruction/metrics/04379243/12936ff9bc1103944b3c42e318f3affc/d285dfec02460bb72440ce5f.json,12.959470000168949
04379243/12936ff9bc1103944b3c42e318f3affc,farthest,3,"[0, 46, 18]",0.13984991540221742,0.3292208411674077,0.518591766932598,0.00943274336283186,0.0,0.0,1.9963955996480474,0.0627,0.0,0.0,0.0051,0.0,0.0,camera_pose_sim3,1.9547635575978974,0.8485948600526917,10000,10000,True,False,True,/content/cv3d-project/data/cache/reconstruction/predictions/04379243/12936ff9bc1103944b3c42e318f3affc/562fe7c90204b0cb73269dc7.npz,d4061c728af2ca2374469be42fcedc6ac1621c844dd68c74108ddc1cc6475afd,/content/cv3d-project/data/cache/reconstruction/metrics/04379243/12936ff9bc1103944b3c42e318f3affc/9ea645ff7e5f327d9a707f7d.json,12.312466999901517
04379243/12936ff9bc1103944b3c42e318f3affc,farthest,5,"[0, 46, 18, 28, 16]",0.19067424283321027,0.34706459557833236,0.5034549483234544,0.0,0.0,0.0,1.9963955996480474,0.0,0.0,0.0,0.0,0.0,0.0,camera_pose_sim3,1.4761830510928677,1.066371036800406,10000,10000,True,False,True,/content/cv3d-project/data/cache/reconstruction/predictions/04379243/12936ff9bc1103944b3c42e318f3affc/33711faebd07539eb119a3e5.npz,1d68012a6eed18e89a1b87ab2497f23c309e663cab286a0bb2efdb54bcf501f7,/content/cv3d-project/data/cache/reconstruction/metrics/04379243/12936ff9bc1103944b3c42e318f3affc/035bc5625253a514bac0d803.json,12.659340000027441
04379243/12936ff9bc1103944b3c42e318f3affc,farthest,10,"[0, 46, 18, 28, 16, 30, 2, 44, 13, 33]",0.024878558181990803,0.0653724270252999,0.105866295868609,0.6729158878504673,0.2550227692307692,0.3552698625389858,1.9963955996480474,0.973,0.3972,0.6161,0.5143,0.1878,0.2496,camera_pose_sim3,2.5851917599621284,0.42182587023809687,10000,10000,True,False,True,/content/cv3d-project/data/cache/reconstruction/predictions/04379243/12936ff9bc1103944b3c42e318f3affc/2aca2671c113f960768abb53.npz,9efee5c6db84f9e659b0a4ee70b6209c6042bbdc2018a8b01d7636215a12722f,/content/cv3d-project/data/cache/reconstruction/metrics/04379243/12936ff9bc1103944b3c42e318f3affc/7478c47b408d78b7c2ad750a.json,13.483657000051608
04379243/1299579419252fa954b02959579aa6bb,farthest,1,[0],0.2707761377206836,0.31856295006717655,0.3663497624136695,0.0,0.0,0.0,1.9995343251099758,0.0,0.0,0.0,0.0,0.0,0.0,camera_rotation_center_and_target_diameter_scale_single_view,3.920218896799735,0.0,10000,10000,True,True,True,/content/cv3d-project/data/cache/reconstruction/predictions/04379243/1299579419252fa954b02959579aa6bb/bc18e8156a8fc061c421dc5f.npz,fed025e6cff2c11ace9daa495899924dea3db777e454798ec8cd9d23782de6a6,/content/cv3d-project/data/cache/reconstruction/metrics/04379243/1299579419252fa954b02959579aa6bb/6c561ebb053571a060dbc1cd.json,3.959253000175522
04379243/1299579419252fa954b02959579aa6bb,farthest,2,"[0, 46]",0.039996031019689564,0.0691962852856658,0.09839653955164204,0.7987178709055878,0.006678733031674209,0.055603081664098615,1.9995343251099758,0.9926,0.018,0.1611,0.6682,0.0041,0.0336,camera_pose_sim3,2.7856476580232794,0.06352773632715818,10000,10000,True,False,True,/content/cv3d-project/data/cache/reconstruction/predictions/04379243/1299579419252fa954b02959579aa6bb/8b8853fdc03831a47cfab042.npz,e813c42306ceb019e53bc671b60bb6c99c421d8a834d78224ede4e9a7269d791,/content/cv3d-project/data/cache/reconstruction/metrics/04379243/1299579419252fa954b02959579aa6bb/bdafdb5b948099c6f016415d.json,12.508518000231561
04379243/1299579419252fa954b02959579aa6bb,farthest,3,"[0, 46, 18]",0.3495229401509928,0.5016189668373986,0.6537149935238045,0.0,0.0,0.0,1.9995343251099758,0.0,0.0,0.0,0.0,0.0,0.0,camera_pose_sim3,1.8191697950677848,0.9806161995500605,10000,10000,True,False,True,/content/cv3d-project/data/cache/reconstruction/predictions/04379243/1299579419252fa954b02959579aa6bb/208945c6d1f92b7b82f4ffc6.npz,4a59e3f2b84e0311fe0924a4db14d8419c7bf1d41a4abc3791828c7ff497ace0,/content/cv3d-project/data/cache/reconstruction/metrics/04379243/1299579419252fa954b02959579aa6bb/45ffbc6fde6952c422381177.json,11.368149999725574
04379243/1299579419252fa954b02959579aa6bb,farthest,5,"[0, 46, 18, 28, 16]",0.038495469976796655,0.21498081160046542,0.3914661532241342,0.02469135802469136,0.0011846808510638295,0.004537691401648999,1.9995343251099758,1.0,0.0464,0.1675,0.0125,0.0006,0.0023,camera_pose_sim3,0.6215748621379188,1.2925045534264143,10000,10000,True,False,True,/content/cv3d-project/data/cache/reconstruction/predictions/04379243/1299579419252fa954b02959579aa6bb/cb41336d1ee0c522bc24716e.npz,b5221ef76ab9229e467560f1b742f93fcc459a6fa5b2e880caa0b6cdc0d51d76,/content/cv3d-project/data/cache/reconstruction/metrics/04379243/1299579419252fa954b02959579aa6bb/7b19485a03158d9bc82a24fb.json,12.032879999878787
04379243/1299579419252fa954b02959579aa6bb,farthest,10,"[0, 46, 18, 28, 16, 30, 2, 44, 13, 33]",0.044838460108710544,0.09284895743935066,0.1408594547699908,0.5553998676567898,0.006317880794701986,0.02733609958506224,1.9995343251099758,0.9712,0.0106,0.054,0.3889,0.0045,0.0183,camera_pose_sim3,2.097429501673025,0.7723626369251492,10000,10000,True,False,True,/content/cv3d-project/data/cache/reconstruction/predictions/04379243/1299579419252fa954b02959579aa6bb/c62ea80688338160ca712a01.npz,171ea679692bdaefe6d12dd44ac202159208c4cfd00baa4bc17405d96a74902c,/content/cv3d-project/data/cache/reconstruction/metrics/04379243/1299579419252fa954b02959579aa6bb/13991603438b67eff7440f0c.json,12.943759999870963
04379243/12a2733fc5f6b31ef8574543281e850f,farthest,1,[0],0.677643418313206,0.7424391283320559,0.8072348383509059,0.0,0.0,0.0,1.9990090571056125,0.0,0.0,0.0,0.0,0.0,0.0,camera_rotation_center_and_target_diameter_scale_single_view,4.612495926695396,0.0,10000,10000,True,True,True,/content/cv3d-project/data/cache/reconstruction/predictions/04379243/12a2733fc5f6b31ef8574543281e850f/866f1d730c84f5038aeb0f92.npz,5cfa325f80583a75fe3a36133b4de85a42d73f297711b38bcdf96c5e2f4bd215,/content/cv3d-project/data/cache/reconstruction/metrics/04379243/12a2733fc5f6b31ef8574543281e850f/0ee6a1de1ca40385c9371951.json,4.168708000179322
04379243/12a2733fc5f6b31ef8574543281e850f,farthest,2,"[0, 46]",0.13466660284063894,0.14880231403122005,0.16293802522180115,0.118015263617827,0.0,0.0,1.9990090571056125,0.2676,0.0,0.0,0.0757,0.0,0.0,camera_pose_sim3,2.7273649902108943,0.02540767286628445,10000,10000,True,False,True,/content/cv3d-project/data/cache/reconstruction/predictions/04379243/12a2733fc5f6b31ef8574543281e850f/48d74a566beb004f6f94996a.npz,bc3773190f9fde555d40b4e3e428ef192bc4a7898d87169a75a0c2b694f74727,/content/cv3d-project/data/cache/reconstruction/metrics/04379243/12a2733fc5f6b31ef8574543281e850f/d7f13836c43db43eb27ce42d.json,13.310955000179092
04379243/12a2733fc5f6b31ef8574543281e850f,farthest,3,"[0, 46, 18]",0.21327436692826968,0.36024190087137853,0.5072094348144874,0.011403530751708428,0.0,0.0,1.9990090571056125,0.1697,0.0,0.0,0.0059,0.0,0.0,camera_pose_sim3,1.9978959973566939,0.79518809087977,10000,10000,True,False,True,/content/cv3d-project/data/cache/reconstruction/predictions/04379243/12a2733fc5f6b31ef8574543281e850f/1e678a79fc60e3178fe8a6fd.npz,a5f12e5127ecad5659563d2dfe4166b18f641fa52eb178dec952188aa7be3bc9,/content/cv3d-project/data/cache/reconstruction/metrics/04379243/12a2733fc5f6b31ef8574543281e850f/a0ff6a74e4fb3397cedce0d2.json,12.401332000081311
04379243/12a2733fc5f6b31ef8574543281e850f,farthest,5,"[0, 46, 18, 28, 16]",0.23580256938123656,0.4890793732762391,0.7423561771712417,0.0,0.0,0.0,1.9990090571056125,0.0,0.0,0.0,0.0,0.0,0.0,camera_pose_sim3,1.0629687685679996,1.2406298092344556,10000,10000,True,False,True,/content/cv3d-project/data/cache/reconstruction/predictions/04379243/12a2733fc5f6b31ef8574543281e850f/23b77fe182a4d2002e760adf.npz,3d3908b4dddc17086e4087944efbb8a7fe963f07be6f9608019b70e14baddda6,/content/cv3d-project/data/cache/reconstruction/metrics/04379243/12a2733fc5f6b31ef8574543281e850f/fdf96a8d50ff2f2844459735.json,11.947174999932031
04379243/12a2733fc5f6b31ef8574543281e850f,farthest,10,"[0, 46, 18, 28, 16, 30, 2, 44, 13, 33]",0.08347858051522067,0.09621177005705953,0.10894495959889837,0.488057479211436,0.0,0.0,1.9990090571056125,0.6939,0.0,0.0,0.3764,0.0,0.0,camera_pose_sim3,2.524054722793205,0.1828526853196962,10000,10000,True,False,True,/content/cv3d-project/data/cache/reconstruction/predictions/04379243/12a2733fc5f6b31ef8574543281e850f/9acb93c7b9ec5f3b30474bbb.npz,2ad52ac59081fe79b7b428548738d39f1eff0768227bc64bf197a3c9d89c1ed7,/content/cv3d-project/data/cache/reconstruction/metrics/04379243/12a2733fc5f6b31ef8574543281e850f/e67a0bbdadfad1b14abb0c2f.json,13.001226000142196
04379243/12a5cc49c75b93af5b4aea6c98f52b6e,farthest,1,[0],0.8575518295056199,0.9653541925325038,1.0731565555593876,0.0,0.0,0.0,1.9976495608097462,0.0,0.0,0.0,0.0,0.0,0.0,camera_rotation_center_and_target_diameter_scale_single_view,5.181039263294808,0.0,10000,10000,True,True,True,/content/cv3d-project/data/cache/reconstruction/predictions/04379243/12a5cc49c75b93af5b4aea6c98f52b6e/5b44269e178e4a3e9df0f119.npz,bfb2cf60011c8084c3554e62a9fc1e9373cd652719537c07ca2cd790e38d5a4a,/content/cv3d-project/data/cache/reconstruction/metrics/04379243/12a5cc49c75b93af5b4aea6c98f52b6e/00b2c1b69b936c09ce0d86df.json,3.8522480003848614
04379243/12a5cc49c75b93af5b4aea6c98f52b6e,farthest,2,"[0, 46]",1.1134089820400832,1.1896114030200873,1.2658138240000916,0.0,0.0,0.0,1.9976495608097462,0.0,0.0,0.0,0.0,0.0,0.0,camera_pose_sim3,3.7035851643206805,0.33058389496632895,10000,10000,True,False,True,/content/cv3d-project/data/cache/reconstruction/predictions/04379243/12a5cc49c75b93af5b4aea6c98f52b6e/6eebba31126f4ea8cb3bde2a.npz,e923d9e4ace947c97d8ebc5ccd6b29c716a0b21b454ca69de81691228842ef3e,/content/cv3d-project/data/cache/reconstruction/metrics/04379243/12a5cc49c75b93af5b4aea6c98f52b6e/cf16cd766b2bbbb790241a8d.json,12.648280000121304
04379243/12a5cc49c75b93af5b4aea6c98f52b6e,farthest,3,"[0, 46, 18]",0.6183237096539687,0.7665187945593157,0.9147138794646628,0.0,0.0,0.0,1.9976495608097462,0.0,0.0,0.0,0.0,0.0,0.0,camera_pose_sim3,2.245096542982956,0.9649125551957364,10000,10000,True,False,True,/content/cv3d-project/data/cache/reconstruction/predictions/04379243/12a5cc49c75b93af5b4aea6c98f52b6e/779e6885f9d067f6ce1064dd.npz,6a4fae8f690dc4d34ce80f1331e3956a8ee5a85d7b68f2e0a67bb56d8c598488,/content/cv3d-project/data/cache/reconstruction/metrics/04379243/12a5cc49c75b93af5b4aea6c98f52b6e/d86d1ba9ec93823570979dc7.json,11.762403000375343
04379243/12a5cc49c75b93af5b4aea6c98f52b6e,farthest,5,"[0, 46, 18, 28, 16]",0.4648594017254514,0.6443458205749326,0.8238322394244137,0.0,0.0,0.0,1.9976495608097462,0.0,0.0,0.0,0.0,0.0,0.0,camera_pose_sim3,1.130709467906086,1.2367564241299727,10000,10000,True,False,True,/content/cv3d-project/data/cache/reconstruction/predictions/04379243/12a5cc49c75b93af5b4aea6c98f52b6e/5b82af9cdbf6ead311e8c08d.npz,1558d969c54b6d0a2afd668a41e47c0629493c4fddb20e8cdb243053482bf9fe,/content/cv3d-project/data/cache/reconstruction/metrics/04379243/12a5cc49c75b93af5b4aea6c98f52b6e/bb8fd8dbdc5bdc53e94a3911.json,12.076066999725299
04379243/12a5cc49c75b93af5b4aea6c98f52b6e,farthest,10,"[0, 46, 18, 28, 16, 30, 2, 44, 13, 33]",0.23039899808164135,0.29973007749676417,0.36906115691188696,0.0,0.0,0.0,1.9976495608097462,0.0,0.0,0.0,0.0,0.0,0.0,camera_pose_sim3,2.1310587290105567,0.7922103129986272,10000,10000,True,False,True,/content/cv3d-project/data/cache/reconstruction/predictions/04379243/12a5cc49c75b93af5b4aea6c98f52b6e/325ec5b9315485f1343e3e6b.npz,b3c2f7645ffd8c2f4b2e386d43afb730d07b7e5ded7bfd397571d7a3d06d2f09,/content/cv3d-project/data/cache/reconstruction/metrics/04379243/12a5cc49c75b93af5b4aea6c98f52b6e/8f9286993cee963ea94f59a9.json,13.440493999951286
04379243/12a73c63681d65587a0f32fa630f6a0e,farthest,1,[0],1.9673581652087986,2.0422038422802666,2.1170495193517342,0.0,0.0,0.0,1.9871337462080498,0.0,0.0,0.0,0.0,0.0,0.0,camera_rotation_center_and_target_diameter_scale_single_view,7.27287762510734,0.0,10000,10000,True,True,True,/content/cv3d-project/data/cache/reconstruction/predictions/04379243/12a73c63681d65587a0f32fa630f6a0e/9393c76cda8cae252e4c40fe.npz,bc0f70374089e50a7b9d9031370255a1d540af72fdb863f5f7fda7deb45deb48,/content/cv3d-project/data/cache/reconstruction/metrics/04379243/12a73c63681d65587a0f32fa630f6a0e/7d5e61c147b0d2e7b2b567a2.json,3.898522999861598
04379243/12a73c63681d65587a0f32fa630f6a0e,farthest,2,"[0, 46]",1.59437770372471,1.6439720293599467,1.6935663549951836,0.0,0.0,0.0,1.9871337462080498,0.0,0.0,0.0,0.0,0.0,0.0,camera_pose_sim3,4.351983328176639,0.2664943998354752,10000,10000,True,False,True,/content/cv3d-project/data/cache/reconstruction/predictions/04379243/12a73c63681d65587a0f32fa630f6a0e/f5fcb4e118f77204d8460332.npz,0c9265cbc0ce0171efe582635f9fc283f4c772d9882618915b83fc4fde761a3a,/content/cv3d-project/data/cache/reconstruction/metrics/04379243/12a73c63681d65587a0f32fa630f6a0e/bbf4bd19dc1c988827e9ca26.json,12.625556999864784
04379243/12a73c63681d65587a0f32fa630f6a0e,farthest,3,"[0, 46, 18]",0.5393922678001193,0.6340866953937098,0.7287811229873002,0.0,0.0,0.0,1.9871337462080498,0.0,0.0,0.0,0.0,0.0,0.0,camera_pose_sim3,1.6215904317254777,1.0557808122798449,10000,10000,True,False,True,/content/cv3d-project/data/cache/reconstruction/predictions/04379243/12a73c63681d65587a0f32fa630f6a0e/ce36e8008d8f6be57695c54b.npz,a9c92da52ebbef7079082e7bb0226ce936ee9ef23b9211639e94147376bef03c,/content/cv3d-project/data/cache/reconstruction/metrics/04379243/12a73c63681d65587a0f32fa630f6a0e/90bd5b16c5c9f0aa55051571.json,12.133191999964765
04379243/12a73c63681d65587a0f32fa630f6a0e,farthest,5,"[0, 46, 18, 28, 16]",0.15062513738729139,0.30759682733495614,0.4645685172826209,0.0,0.0,0.0,1.9871337462080498,0.0,0.0,0.0,0.0,0.0,0.0,camera_pose_sim3,0.5142476793561892,1.3241586201527187,10000,10000,True,False,True,/content/cv3d-project/data/cache/reconstruction/predictions/04379243/12a73c63681d65587a0f32fa630f6a0e/07af864c998afd6119862854.npz,6e48e2e91a8387e41fc2783710acb4f64fb142345656b15a7d806f673e5a602e,/content/cv3d-project/data/cache/reconstruction/metrics/04379243/12a73c63681d65587a0f32fa630f6a0e/f2adf404d6451cf8dd47e52f.json,12.11885499969867
04379243/12a73c63681d65587a0f32fa630f6a0e,farthest,10,"[0, 46, 18, 28, 16, 30, 2, 44, 13, 33]",0.07648564682983447,0.14815558425826375,0.21982552168669303,0.27514614720276365,0.0,0.0,1.9871337462080498,0.879,0.0,0.0,0.1631,0.0,0.0,camera_pose_sim3,1.623705337219018,1.0523936502188218,10000,10000,True,False,True,/content/cv3d-project/data/cache/reconstruction/predictions/04379243/12a73c63681d65587a0f32fa630f6a0e/87f74fd148aebda630237f58.npz,dc6f35b545de6070ebe7650d212fb9eba4b4704211f7d77b5b0834ad04a89e71,/content/cv3d-project/data/cache/reconstruction/metrics/04379243/12a73c63681d65587a0f32fa630f6a0e/8516c8f249b46ee486b9ceb8.json,13.438729999961652
04379243/12b1fb7c765dfe8eb76e29c9c43bc7aa,farthest,1,[0],1.125222975819244,1.190087371579047,1.25495176733885,0.0,0.0,0.0,1.9924686403910443,0.0,0.0,0.0,0.0,0.0,0.0,camera_rotation_center_and_target_diameter_scale_single_view,5.365031730685168,0.0,10000,10000,True,True,True,/content/cv3d-project/data/cache/reconstruction/predictions/04379243/12b1fb7c765dfe8eb76e29c9c43bc7aa/1ca2dd0dda5e99e4a0f62f1e.npz,fe5e4ff611c06c1e19fcadec8714306366fa3e2124da7f348bfef40fa0a90153,/content/cv3d-project/data/cache/reconstruction/metrics/04379243/12b1fb7c765dfe8eb76e29c9c43bc7aa/758b662df8242226698156c1.json,3.950874000111071
04379243/12b1fb7c765dfe8eb76e29c9c43bc7aa,farthest,2,"[0, 46]",0.8800497323646057,0.9640047567810948,1.0479597811975838,0.0,0.0,0.0,1.9924686403910443,0.0,0.0,0.0,0.0,0.0,0.0,camera_pose_sim3,3.7040495791872545,0.028374139556513855,10000,10000,True,False,True,/content/cv3d-project/data/cache/reconstruction/predictions/04379243/12b1fb7c765dfe8eb76e29c9c43bc7aa/49f1e73965338db657abeef0.npz,ac53401cfc5dc778a435fa370fe8caa2245580dd2e2db60cbdcdf36d3bab1af3,/content/cv3d-project/data/cache/reconstruction/metrics/04379243/12b1fb7c765dfe8eb76e29c9c43bc7aa/c1ae0c438c066eb45ea7b2b2.json,12.671905999923183
04379243/12b1fb7c765dfe8eb76e29c9c43bc7aa,farthest,3,"[0, 46, 18]",0.18741761742021887,0.33365544277017734,0.4798932681201358,0.003298611111111111,0.0,0.0,1.9924686403910443,0.0125,0.0,0.0,0.0019,0.0,0.0,camera_pose_sim3,1.2802665421772972,1.0650675225672268,10000,10000,True,False,True,/content/cv3d-project/data/cache/reconstruction/predictions/04379243/12b1fb7c765dfe8eb76e29c9c43bc7aa/e944586c7f2ab280e5dec7c9.npz,5d14af00b05768ef67da528109aa4aaec149dcf0e8cb3fe2e599fcb39650a09b,/content/cv3d-project/data/cache/reconstruction/metrics/04379243/12b1fb7c765dfe8eb76e29c9c43bc7aa/b5f0336222be6f2637931457.json,11.974904999988212
04379243/12b1fb7c765dfe8eb76e29c9c43bc7aa,farthest,5,"[0, 46, 18, 28, 16]",0.16206105843355104,0.3306007501309835,0.49914044182841594,0.036813793103448275,0.0,0.0,1.9924686403910443,0.1884,0.0,0.0,0.0204,0.0,0.0,camera_pose_sim3,1.6761643691507215,0.886564556134467,10000,10000,True,False,True,/content/cv3d-project/data/cache/reconstruction/predictions/04379243/12b1fb7c765dfe8eb76e29c9c43bc7aa/ade4692f2d35fc32ac177b04.npz,3d798fd0676436dd0789b19834691691d9fe25b248179ebee1210444e7049d9f,/content/cv3d-project/data/cache/reconstruction/metrics/04379243/12b1fb7c765dfe8eb76e29c9c43bc7aa/c3a317dc36ec62add238f3f6.json,11.638511000001017
04379243/12b1fb7c765dfe8eb76e29c9c43bc7aa,farthest,10,"[0, 46, 18, 28, 16, 30, 2, 44, 13, 33]",0.756248413175032,0.875768480976523,0.9952885487780141,0.0,0.0,0.0,1.9924686403910443,0.0,0.0,0.0,0.0,0.0,0.0,camera_pose_sim3,1.612644805746486,1.0758419334159237,10000,10000,True,False,True,/content/cv3d-project/data/cache/reconstruction/predictions/04379243/12b1fb7c765dfe8eb76e29c9c43bc7aa/ab57983cda641f886a5acbf1.npz,ee41ba8b6370cf213ccdbad05bb0e8bc747cf9473ca3d271302b2365583cdeb9,/content/cv3d-project/data/cache/reconstruction/metrics/04379243/12b1fb7c765dfe8eb76e29c9c43bc7aa/a2199943704aa94483bf165e.json,12.465996000173618
04401088/257ef557fee9c083324b3288c1587efe,farthest,1,[0],1.6991053188159624,1.7059312233639485,1.7127571279119347,0.0,0.0,0.0,1.9999707474380004,0.0,0.0,0.0,0.0,0.0,0.0,camera_rotation_center_and_target_diameter_scale_single_view,6.190310898625155,0.0,10000,10000,True,True,True,/content/cv3d-project/data/cache/reconstruction/predictions/04401088/257ef557fee9c083324b3288c1587efe/491a5fc6c6b5f3f4b3ba2314.npz,cdfc30617a275cc81f8c56facf598c4d75e2bd21d2581d1bf2363f7f91d68587,/content/cv3d-project/data/cache/reconstruction/metrics/04401088/257ef557fee9c083324b3288c1587efe/bb443c779c8c972ae01fe58d.json,3.82637499978955
04401088/257ef557fee9c083324b3288c1587efe,farthest,2,"[0, 46]",0.07894928742823021,0.2334327232333079,0.3879161590383856,0.030332873744337206,0.0,0.0,1.9999707474380004,1.0,0.0,0.0,0.0154,0.0,0.0,camera_pose_sim3,0.34269267676306453,1.3582188550463068,10000,10000,True,False,True,/content/cv3d-project/data/cache/reconstruction/predictions/04401088/257ef557fee9c083324b3288c1587efe/36ae3bc840f88c321bdcc016.npz,c651321b9b47565ab43a6a2c8b1c61604bc9392530f714e347c86a828a278f9f,/content/cv3d-project/data/cache/reconstruction/metrics/04401088/257ef557fee9c083324b3288c1587efe/a4acfc84976984f7887c3a31.json,12.289813999814214
04401088/257ef557fee9c083324b3288c1587efe,farthest,3,"[0, 46, 18]",2.471189880432097,2.479377413400892,2.4875649463696874,0.0,0.0,0.0,1.9999707474380004,0.0,0.0,0.0,0.0,0.0,0.0,camera_pose_sim3_positive_scale_fallback,2.9803699015111773,0.4190536838020923,10000,10000,True,False,True,/content/cv3d-project/data/cache/reconstruction/predictions/04401088/257ef557fee9c083324b3288c1587efe/81298a8d0e65f0f955e39106.npz,6656c299a7189f77d6ec55743f1cd2d56b7a008d43b6bfa61e5a1ac17098b7d2,/content/cv3d-project/data/cache/reconstruction/metrics/04401088/257ef557fee9c083324b3288c1587efe/b09e5cef0367559bdb72a270.json,11.535576000369474
04401088/257ef557fee9c083324b3288c1587efe,farthest,5,"[0, 46, 18, 28, 16]",0.31495394027258755,0.3737799806132853,0.4326060209539831,0.0,0.0,0.0,1.9999707474380004,0.0,0.0,0.0,0.0,0.0,0.0,camera_pose_sim3,1.2279939433949811,1.233820009017681,10000,10000,True,False,True,/content/cv3d-project/data/cache/reconstruction/predictions/04401088/257ef557fee9c083324b3288c1587efe/b0c2dacf342937ac293082f3.npz,1bbed28c0bcbee262a8f8fa2dad22deee4e4d22a9b12ca3c7a53313719560540,/content/cv3d-project/data/cache/reconstruction/metrics/04401088/257ef557fee9c083324b3288c1587efe/73c614c4ff7ad43c75653568.json,12.478680000185705
04401088/257ef557fee9c083324b3288c1587efe,farthest,10,"[0, 46, 18, 28, 16, 30, 2, 44, 13, 33]",0.21856255130097726,0.264445313321318,0.3103280753416587,0.0,0.0,0.0,1.9999707474380004,0.0,0.0,0.0,0.0,0.0,0.0,camera_pose_sim3,1.0222572744989376,1.2683607020422802,10000,10000,True,False,True,/content/cv3d-project/data/cache/reconstruction/predictions/04401088/257ef557fee9c083324b3288c1587efe/9e8ab8f60cb871b7993b199c.npz,1044fde03eb1f1f83b3de180623d6e908f7d0d0e6a0bcb9103e4c734b3f14b28,/content/cv3d-project/data/cache/reconstruction/metrics/04401088/257ef557fee9c083324b3288c1587efe/4dbf7fe80da0a5fadabac937.json,12.38539199994193
04401088/25e03c305f41c5dd226bc3b9ce9ff2a1,farthest,1,[0],1.5414000175159344,1.556706818649576,1.5720136197832177,0.0,0.0,0.0,1.9978854901569183,0.0,0.0,0.0,0.0,0.0,0.0,camera_rotation_center_and_target_diameter_scale_single_view,5.914656275417735,0.0,10000,10000,True,True,True,/content/cv3d-project/data/cache/reconstruction/predictions/04401088/25e03c305f41c5dd226bc3b9ce9ff2a1/1e858ff2a2a3bccbdaf38671.npz,bcd6429e1e5dd4fc1ce95be13d3b4339ea330ded12101adbda3b1f0ed0538859,/content/cv3d-project/data/cache/reconstruction/metrics/04401088/25e03c305f41c5dd226bc3b9ce9ff2a1/a5e893654501a7c56e7c6b36.json,3.9891300002636854
04401088/25e03c305f41c5dd226bc3b9ce9ff2a1,farthest,2,"[0, 46]",0.7867256866878937,0.8478213835482395,0.9089170804085853,0.0,0.0,0.0,1.9978854901569183,0.0,0.0,0.0,0.0,0.0,0.0,camera_pose_sim3,2.762798072198143,0.5304994278020035,10000,10000,True,False,True,/content/cv3d-project/data/cache/reconstruction/predictions/04401088/25e03c305f41c5dd226bc3b9ce9ff2a1/d3eea8c9573643293ba76cf8.npz,166b42ddcf6cdcdf7e78900e3b03558de42636d23489cdbf5d57ff9ccca5e73c,/content/cv3d-project/data/cache/reconstruction/metrics/04401088/25e03c305f41c5dd226bc3b9ce9ff2a1/f441706eef452c2f196ea5fb.json,11.710153999956674
04401088/25e03c305f41c5dd226bc3b9ce9ff2a1,farthest,3,"[0, 46, 18]",0.43999180102407837,0.5150188982020665,0.5900459953800546,0.0,0.0,0.0,1.9978854901569183,0.0,0.0,0.0,0.0,0.0,0.0,camera_pose_sim3,2.1491681206663653,0.8253297293781041,10000,10000,True,False,True,/content/cv3d-project/data/cache/reconstruction/predictions/04401088/25e03c305f41c5dd226bc3b9ce9ff2a1/4d5450c90b0fd9bbf7a1687b.npz,9a2c2e911ce1cf0b1d2fce3ad8642fe5205a2b5a7187295193fe6dfef9038c43,/content/cv3d-project/data/cache/reconstruction/metrics/04401088/25e03c305f41c5dd226bc3b9ce9ff2a1/1eb8953b35e6bdb91d18a895.json,11.337209999965125
04401088/25e03c305f41c5dd226bc3b9ce9ff2a1,farthest,5,"[0, 46, 18, 28, 16]",0.053586061956776045,0.08847933766431698,0.12337261337185791,0.6455617266382057,0.0,0.0,1.9978854901569183,0.9988,0.0,0.0,0.4769,0.0,0.0,camera_pose_sim3,2.898623946240677,0.1861018130298385,10000,10000,True,False,True,/content/cv3d-project/data/cache/reconstruction/predictions/04401088/25e03c305f41c5dd226bc3b9ce9ff2a1/ea32c7086092da968f99e82e.npz,adce563d0c3d4b9c9d272be3e6ebd2fa02d6ff9506370325e4a0df3c2f8d06cc,/content/cv3d-project/data/cache/reconstruction/metrics/04401088/25e03c305f41c5dd226bc3b9ce9ff2a1/1fcc1705d28c23e14d23d4bc.json,11.468694000086543
04401088/25e03c305f41c5dd226bc3b9ce9ff2a1,farthest,10,"[0, 46, 18, 28, 16, 30, 2, 44, 13, 33]",0.013019712849669757,0.03150814738324036,0.049996581916810966,0.910497357956093,0.2222850612244898,0.5291615196272016,1.9978854901569183,1.0,0.3196,0.8895,0.8357,0.1704,0.3766,camera_pose_sim3,2.666835840804795,0.14758219626634894,10000,10000,True,False,True,/content/cv3d-project/data/cache/reconstruction/predictions/04401088/25e03c305f41c5dd226bc3b9ce9ff2a1/0b2cef2cec48b185fd79d3d3.npz,f96f19f2085d755ef7850a68ef82cf3a789835a330584ca07131a0c8638dc957,/content/cv3d-project/data/cache/reconstruction/metrics/04401088/25e03c305f41c5dd226bc3b9ce9ff2a1/328947adc48057b49da06ffd.json,12.72577600002478
04401088/25eff75e43287223f1cb19f636b1c2bd,farthest,1,[0],2.1597864042799695,2.1715968565531387,2.183407308826308,0.0,0.0,0.0,1.9951499640598904,0.0,0.0,0.0,0.0,0.0,0.0,camera_rotation_center_and_target_diameter_scale_single_view,7.115903756082008,0.0,10000,10000,True,True,True,/content/cv3d-project/data/cache/reconstruction/predictions/04401088/25eff75e43287223f1cb19f636b1c2bd/466bcc7ce9e7b2796d3058fe.npz,19f1f4005bfa9650e2d66d0c09d09fe36b4cf11ffdd2bc072b70cb9142087899,/content/cv3d-project/data/cache/reconstruction/metrics/04401088/25eff75e43287223f1cb19f636b1c2bd/7865ffb1e8717f91efd2709a.json,3.77066399960313
04401088/25eff75e43287223f1cb19f636b1c2bd,farthest,2,"[0, 46]",0.04362726449668128,0.10207437320093776,0.16052148190519425,0.4825493171471927,0.0,0.0,1.9951499640598904,1.0,0.0,0.0,0.318,0.0,0.0,camera_pose_sim3,2.6162925585035315,0.03986446579744989,10000,10000,True,False,True,/content/cv3d-project/data/cache/reconstruction/predictions/04401088/25eff75e43287223f1cb19f636b1c2bd/a29fe23038dd2e5c45cae4a7.npz,8f44b3d2d4e2a5506e602e568ae9131434bc357e53ab92c33b4a4c49763feab6,/content/cv3d-project/data/cache/reconstruction/metrics/04401088/25eff75e43287223f1cb19f636b1c2bd/2af9feb915a258b053ed7c29.json,11.775680000027933
04401088/25eff75e43287223f1cb19f636b1c2bd,farthest,3,"[0, 46, 18]",0.338095870464554,0.4059384092446412,0.47378094802472837,0.0,0.0,0.0,1.9951499640598904,0.0,0.0,0.0,0.0,0.0,0.0,camera_pose_sim3,1.1402339657380445,1.0084384103561652,10000,10000,True,False,True,/content/cv3d-project/data/cache/reconstruction/predictions/04401088/25eff75e43287223f1cb19f636b1c2bd/a3ff005a0361468091bd284d.npz,dfbb1e1ea6bf81b3422cccc526040e1f8cf86ec206e93bd2a1652662cf95d93d,/content/cv3d-project/data/cache/reconstruction/metrics/04401088/25eff75e43287223f1cb19f636b1c2bd/5b4b8129c3eb305225327e7e.json,11.19576600012806
04401088/25eff75e43287223f1cb19f636b1c2bd,farthest,5,"[0, 46, 18, 28, 16]",0.30912173589287745,0.3651972453768856,0.42127275486089377,0.0,0.0,0.0,1.9951499640598904,0.0,0.0,0.0,0.0,0.0,0.0,camera_pose_sim3,0.7990010806941295,1.2448346478047037,10000,10000,True,False,True,/content/cv3d-project/data/cache/reconstruction/predictions/04401088/25eff75e43287223f1cb19f636b1c2bd/0df3ea8443c43c08c461cfa9.npz,1f1deff52ae166cc1176bbe1162f6f0998d278562cf9b7fcb1792b55fc7c43eb,/content/cv3d-project/data/cache/reconstruction/metrics/04401088/25eff75e43287223f1cb19f636b1c2bd/2f9dc08e2456c2fb67c74357.json,11.17312700034745
04401088/25eff75e43287223f1cb19f636b1c2bd,farthest,10,"[0, 46, 18, 28, 16, 30, 2, 44, 13, 33]",0.010021249542628846,0.05117815956819972,0.0923350695937706,0.7059204141054675,0.3356580377268953,0.46482247209189453,1.9951499640598904,1.0,0.6116,0.9259,0.5455,0.2313,0.3103,camera_pose_sim3,2.5716392761934226,0.3329036465629134,10000,10000,True,False,True,/content/cv3d-project/data/cache/reconstruction/predictions/04401088/25eff75e43287223f1cb19f636b1c2bd/f2f4a33b4d4dae466b117839.npz,2e6d063bdb15db1a5d8fee8ffe0724e5ceacb379117ada7ca43436948ce10dbf,/content/cv3d-project/data/cache/reconstruction/metrics/04401088/25eff75e43287223f1cb19f636b1c2bd/3150dd6822a7bf48ebde4b31.json,11.698907000209147
04401088/2601fb1cdef9d37223d5a55215ee8f43,farthest,1,[0],2.97229681991293,2.991701362954581,3.011105905996232,0.0,0.0,0.0,1.996017806121498,0.0,0.0,0.0,0.0,0.0,0.0,camera_rotation_center_and_target_diameter_scale_single_view,8.789191695100378,0.0,10000,10000,True,True,True,/content/cv3d-project/data/cache/reconstruction/predictions/04401088/2601fb1cdef9d37223d5a55215ee8f43/dec0f1251f4db5b001e8ea5d.npz,5dd3f1bfa740e752d006f6889166c053ce65c2a15443d4c197ec9be4219bac0d,/content/cv3d-project/data/cache/reconstruction/metrics/04401088/2601fb1cdef9d37223d5a55215ee8f43/13f74af316112180ca99ce41.json,3.6985780002396496
04401088/2601fb1cdef9d37223d5a55215ee8f43,farthest,2,"[0, 46]",0.04265792985871938,0.1057925918394612,0.16892725382020302,0.39241218551563384,0.0,0.0,1.996017806121498,1.0,0.0,0.0,0.2441,0.0,0.0,camera_pose_sim3,2.926885044806903,0.025901318389052876,10000,10000,True,False,True,/content/cv3d-project/data/cache/reconstruction/predictions/04401088/2601fb1cdef9d37223d5a55215ee8f43/9d02affd76433ef23352cf8b.npz,7b2bdfc9d886d36fe63292b7fe98f027ab6c42a46fa1ba643c517415869da529,/content/cv3d-project/data/cache/reconstruction/metrics/04401088/2601fb1cdef9d37223d5a55215ee8f43/464a265c49fd3dc31e42373d.json,11.070464000113134
04401088/2601fb1cdef9d37223d5a55215ee8f43,farthest,3,"[0, 46, 18]",0.24874614959385058,0.43124661269483827,0.613747075795826,0.0,0.0,0.0,1.996017806121498,0.0,0.0,0.0,0.0,0.0,0.0,camera_pose_sim3,1.753622269666049,1.0565003315252766,10000,10000,True,False,True,/content/cv3d-project/data/cache/reconstruction/predictions/04401088/2601fb1cdef9d37223d5a55215ee8f43/eba1ff7937a0925a95f8ec41.npz,04808eb23b439af2cb91d22c7403f7acc61c1bd6912c4f51298d1d77accdcd04,/content/cv3d-project/data/cache/reconstruction/metrics/04401088/2601fb1cdef9d37223d5a55215ee8f43/c8674c847ac12d637b162252.json,11.143812000227626
04401088/2601fb1cdef9d37223d5a55215ee8f43,farthest,5,"[0, 46, 18, 28, 16]",0.30644785822277815,0.396378161766218,0.4863084653096578,0.0,0.0,0.0,1.996017806121498,0.0,0.0,0.0,0.0,0.0,0.0,camera_pose_sim3,1.8329814973393543,1.1544306501177182,10000,10000,True,False,True,/content/cv3d-project/data/cache/reconstruction/predictions/04401088/2601fb1cdef9d37223d5a55215ee8f43/afa91776a2ebdd6eac64479f.npz,c5bbf2a8f38dbc1b39861b9a3f13f78d78ed739a08e4ea920a795bdafddb77f1,/content/cv3d-project/data/cache/reconstruction/metrics/04401088/2601fb1cdef9d37223d5a55215ee8f43/2927cbd6fc0c277ddbca7ce3.json,11.339676999796211
04401088/2601fb1cdef9d37223d5a55215ee8f43,farthest,10,"[0, 46, 18, 28, 16, 30, 2, 44, 13, 33]",0.02947772400020977,0.09577542411489978,0.1620731242295898,0.4948617319713371,0.12000826327167907,0.1721536,1.996017806121498,0.9809,0.3436,0.5089,0.3309,0.0727,0.1036,camera_pose_sim3,2.456747902152983,0.8206131838225668,10000,10000,True,False,True,/content/cv3d-project/data/cache/reconstruction/predictions/04401088/2601fb1cdef9d37223d5a55215ee8f43/320ad412d39681ed8d592e4b.npz,e0c805d4466352a7a84001daf0b30049cb4075a3714275c51e717a5de2289723,/content/cv3d-project/data/cache/reconstruction/metrics/04401088/2601fb1cdef9d37223d5a55215ee8f43/a6abbd1a24058cc3237a9acf.json,11.665573999835033
04401088/26175bc1827c3569c4b311ecb3af9fe6,farthest,1,[0],1.9952281447327327,2.0033385499967435,2.0114489552607546,0.0,0.0,0.0,1.99930887110154,0.0,0.0,0.0,0.0,0.0,0.0,camera_rotation_center_and_target_diameter_scale_single_view,6.790434691225462,0.0,10000,10000,True,True,True,/content/cv3d-project/data/cache/reconstruction/predictions/04401088/26175bc1827c3569c4b311ecb3af9fe6/a6b154f4ab8983e78a3f0ce5.npz,c187c861ef30586e147043a68b518f5eaf7972a7856d9bc6fc994d6e2163f5ce,/content/cv3d-project/data/cache/reconstruction/metrics/04401088/26175bc1827c3569c4b311ecb3af9fe6/d2e6c3597be9b35d67eca282.json,3.7332269998842094
04401088/26175bc1827c3569c4b311ecb3af9fe6,farthest,2,"[0, 46]",0.03012639312804864,0.10025017012383511,0.1703739471196216,0.4790770380538397,0.024112786259541982,0.17052284442045607,1.99930887110154,0.9959,0.0909,0.6428,0.3154,0.0139,0.0983,camera_pose_sim3,2.769457154891935,0.07685547428691976,10000,10000,True,False,True,/content/cv3d-project/data/cache/reconstruction/predictions/04401088/26175bc1827c3569c4b311ecb3af9fe6/61e863b7796eb7b9dd55ecee.npz,8b8543426556f9f1d1825fc13e18cbcc962e854b287a319bab7feebdfee607e8,/content/cv3d-project/data/cache/reconstruction/metrics/04401088/26175bc1827c3569c4b311ecb3af9fe6/4539968566aa9318d44bdd45.json,11.82075899987467
04401088/26175bc1827c3569c4b311ecb3af9fe6,farthest,3,"[0, 46, 18]",0.19721089910052536,0.354519702002953,0.5118285049053807,0.0024377358490566036,0.0,0.0,1.99930887110154,0.0034,0.0,0.0,0.0019,0.0,0.0,camera_pose_sim3,1.9009237913193244,0.9798961056713629,10000,10000,True,False,True,/content/cv3d-project/data/cache/reconstruction/predictions/04401088/26175bc1827c3569c4b311ecb3af9fe6/8434cc12601ec08b2ac16949.npz,aa7775c14c994474ccf9be4c3df153a60f180731ae0ed5b295e4a8a86dfb6f07,/content/cv3d-project/data/cache/reconstruction/metrics/04401088/26175bc1827c3569c4b311ecb3af9fe6/16dfd6360b8904da72e7b594.json,11.889504000009765
04401088/26175bc1827c3569c4b311ecb3af9fe6,farthest,5,"[0, 46, 18, 28, 16]",0.4105147125696637,0.5053971466572019,0.6002795807447402,0.0,0.0,0.0,1.99930887110154,0.0,0.0,0.0,0.0,0.0,0.0,camera_pose_sim3,1.8348654770456743,0.9151012339136558,10000,10000,True,False,True,/content/cv3d-project/data/cache/reconstruction/predictions/04401088/26175bc1827c3569c4b311ecb3af9fe6/c2488d9ca651d42bb0c373a4.npz,c7dd2d46bc09595e2a6806827f952075f895a0079c5079023b3b97680b1121a2,/content/cv3d-project/data/cache/reconstruction/metrics/04401088/26175bc1827c3569c4b311ecb3af9fe6/43631065131505f733f6f4ed.json,11.233909000111453
04401088/26175bc1827c3569c4b311ecb3af9fe6,farthest,10,"[0, 46, 18, 28, 16, 30, 2, 44, 13, 33]",0.17922282600056574,0.20670189719578952,0.2341809683910133,0.0,0.0,0.0,1.99930887110154,0.0,0.0,0.0,0.0,0.0,0.0,camera_pose_sim3,2.237663145715208,0.7432643612313239,10000,10000,True,False,True,/content/cv3d-project/data/cache/reconstruction/predictions/04401088/26175bc1827c3569c4b311ecb3af9fe6/99d2e7eff19674c448ac4fe0.npz,b915f65882b724cd66cbe812d33c9735dc462a2ffc2dfe62d4757237c696d98b,/content/cv3d-project/data/cache/reconstruction/metrics/04401088/26175bc1827c3569c4b311ecb3af9fe6/853cfcc19c307cae4855b9d6.json,11.710253999808629
04401088/267a2d6fbf29c04cbc17518d87dd1f7a,farthest,1,[0],1.6487603111178561,1.655780336564761,1.6628003620116656,0.0,0.0,0.0,1.9980219608362453,0.0,0.0,0.0,0.0,0.0,0.0,camera_rotation_center_and_target_diameter_scale_single_view,6.140946107731615,0.0,10000,10000,True,True,True,/content/cv3d-project/data/cache/reconstruction/predictions/04401088/267a2d6fbf29c04cbc17518d87dd1f7a/85acfdd6d074c431b147f6c8.npz,a83aa3aae863fcaa8d99d0aaf1b81d658c9177669e7a4bb3f98952339078c78d,/content/cv3d-project/data/cache/reconstruction/metrics/04401088/267a2d6fbf29c04cbc17518d87dd1f7a/784dd00e9bb9e527ab536a3c.json,3.792713000166259
04401088/267a2d6fbf29c04cbc17518d87dd1f7a,farthest,2,"[0, 46]",0.09105763846359881,0.15558613180702974,0.22011462515046065,0.2525157631578947,0.005216438356164383,0.02050905660377358,1.9980219608362453,0.6001,0.0112,0.0391,0.1599,0.0034,0.0139,camera_pose_sim3,2.6924178343682654,0.037004893448666774,10000,10000,True,False,True,/content/cv3d-project/data/cache/reconstruction/predictions/04401088/267a2d6fbf29c04cbc17518d87dd1f7a/457228647263d9389351598c.npz,9d7b93d270797090cb01da34aee5f690141ea953ce9d2bde92d337a463032a85,/content/cv3d-project/data/cache/reconstruction/metrics/04401088/267a2d6fbf29c04cbc17518d87dd1f7a/0587dfc4256ec44e85afdf42.json,12.386709999645973
04401088/267a2d6fbf29c04cbc17518d87dd1f7a,farthest,3,"[0, 46, 18]",0.33690650988135373,0.41548212426150977,0.4940577386416658,0.0,0.0,0.0,1.9980219608362453,0.0,0.0,0.0,0.0,0.0,0.0,camera_pose_sim3,1.497974335308342,0.9305503091788166,10000,10000,True,False,True,/content/cv3d-project/data/cache/reconstruction/predictions/04401088/267a2d6fbf29c04cbc17518d87dd1f7a/c667a75b05b98e81698d9321.npz,df6fefd82f3d2b9a118fadc2a0ccb97e940695b01bb1f7dc9226405ae89ce1b6,/content/cv3d-project/data/cache/reconstruction/metrics/04401088/267a2d6fbf29c04cbc17518d87dd1f7a/8d202313821eb50a4b8a7a85.json,12.016085999675852
04401088/267a2d6fbf29c04cbc17518d87dd1f7a,farthest,5,"[0, 46, 18, 28, 16]",0.3168860428675101,0.38636743980981053,0.45584883675211096,0.0,0.0,0.0,1.9980219608362453,0.0,0.0,0.0,0.0,0.0,0.0,camera_pose_sim3,1.2364048824487583,1.1435356338320162,10000,10000,True,False,True,/content/cv3d-project/data/cache/reconstruction/predictions/04401088/267a2d6fbf29c04cbc17518d87dd1f7a/7f8f28c6c8f826c10ead4f8a.npz,95da4788cedc744607732cf7e3f2cc4cc14fbdaab9e7c8c59e5efe22f759ce6c,/content/cv3d-project/data/cache/reconstruction/metrics/04401088/267a2d6fbf29c04cbc17518d87dd1f7a/dc97201d7d0e4d8363752ef3.json,11.228140000184794
04401088/267a2d6fbf29c04cbc17518d87dd1f7a,farthest,10,"[0, 46, 18, 28, 16, 30, 2, 44, 13, 33]",0.014133403069593585,0.05661820088895821,0.09910299870832284,0.7488270253362528,0.159084733420026,0.4046620696004419,1.9980219608362453,1.0,0.2721,0.8173,0.5985,0.1124,0.2689,camera_pose_sim3,2.3927612017965436,0.6388427041679751,10000,10000,True,False,True,/content/cv3d-project/data/cache/reconstruction/predictions/04401088/267a2d6fbf29c04cbc17518d87dd1f7a/56174acb1e071922e27fafda.npz,843a7bc1876bff0bf20b0682fc6d524bd7b83568285522733699fd6a84d2ce5e,/content/cv3d-project/data/cache/reconstruction/metrics/04401088/267a2d6fbf29c04cbc17518d87dd1f7a/2881d3d39c64a7d42fbb8908.json,11.51396199975352
04401088/2682cb34e7db8735bdc7fd7cf135ade2,farthest,1,[0],2.2890447950458275,2.3250290946987335,2.3610133943516396,0.0,0.0,0.0,1.9996873767532317,0.0,0.0,0.0,0.0,0.0,0.0,camera_rotation_center_and_target_diameter_scale_single_view,7.496353509131401,0.0,10000,10000,True,True,True,/content/cv3d-project/data/cache/reconstruction/predictions/04401088/2682cb34e7db8735bdc7fd7cf135ade2/4502e0eeb869d2e9d772eb81.npz,bc768816c60039df2ca74c14394b956ed638fae35cc7c61f0a13f5899241052d,/content/cv3d-project/data/cache/reconstruction/metrics/04401088/2682cb34e7db8735bdc7fd7cf135ade2/fe25ff8c6dd605f61bcfc4cb.json,3.790191000007326
04401088/2682cb34e7db8735bdc7fd7cf135ade2,farthest,2,"[0, 46]",0.03321567817020635,0.11948410981629688,0.20575254146238742,0.27495501113585746,0.05220312928904748,0.08972087265975554,1.9996873767532317,0.8694,0.336,0.5978,0.1633,0.0283,0.0485,camera_pose_sim3,3.014835897896778,0.06357087837202911,10000,10000,True,False,True,/content/cv3d-project/data/cache/reconstruction/predictions/04401088/2682cb34e7db8735bdc7fd7cf135ade2/2e97b5e69bb581d27be3481a.npz,0eb8237b3dc75c71441fd542c00decb46f4154547a3a54a5700c8f723ede3940,/content/cv3d-project/data/cache/reconstruction/metrics/04401088/2682cb34e7db8735bdc7fd7cf135ade2/996273a2cd8156b68c40a433.json,12.376429000141798
04401088/2682cb34e7db8735bdc7fd7cf135ade2,farthest,3,"[0, 46, 18]",0.1297509234193637,0.31348118759529814,0.49721145177123255,0.0883499436936937,0.0015015384615384617,0.005581395348837209,1.9996873767532317,0.3035,0.0122,0.04,0.0517,0.0008,0.003,camera_pose_sim3,1.7903948564710035,0.9773376943336628,10000,10000,True,False,True,/content/cv3d-project/data/cache/reconstruction/predictions/04401088/2682cb34e7db8735bdc7fd7cf135ade2/6710cff918414cc8cc405cf9.npz,7d7b33b6245d498c2750943f6b71491acd929c2ac2ebded91c42397158cf55f6,/content/cv3d-project/data/cache/reconstruction/metrics/04401088/2682cb34e7db8735bdc7fd7cf135ade2/251f9299ccdb7afff37249eb.json,12.161599000137358
04401088/2682cb34e7db8735bdc7fd7cf135ade2,farthest,5,"[0, 46, 18, 28, 16]",0.16772938465644693,0.37266042335165656,0.5775914620468662,0.0055736204576043065,0.0,0.0,1.9996873767532317,0.0714,0.0,0.0,0.0029,0.0,0.0,camera_pose_sim3,1.2890657622457926,1.1112404045981343,10000,10000,True,False,True,/content/cv3d-project/data/cache/reconstruction/predictions/04401088/2682cb34e7db8735bdc7fd7cf135ade2/a202780826af22301824d08f.npz,6e3e5ede8edcca4dd3fe1bab2519efa6c461f4fb58013379a0e842c48a1f541d,/content/cv3d-project/data/cache/reconstruction/metrics/04401088/2682cb34e7db8735bdc7fd7cf135ade2/2af29462a4a19fbf210995de.json,11.516841999764438
04401088/2682cb34e7db8735bdc7fd7cf135ade2,farthest,10,"[0, 46, 18, 28, 16, 30, 2, 44, 13, 33]",0.06390031885602532,0.14565930069743577,0.22741828253884622,0.24449760015672448,0.0,0.0,1.9996873767532317,0.8789,0.0,0.0,0.142,0.0,0.0,camera_pose_sim3,2.181433642724509,0.8927433586395748,10000,10000,True,False,True,/content/cv3d-project/data/cache/reconstruction/predictions/04401088/2682cb34e7db8735bdc7fd7cf135ade2/a9fdbf02a26db439791ef88f.npz,3f511854bd263eae182375ced4294e4888b9ec1c2eb5272549c072100e81d4e6,/content/cv3d-project/data/cache/reconstruction/metrics/04401088/2682cb34e7db8735bdc7fd7cf135ade2/9bf92f691bb2a61b418c380c.json,11.675783000100637
04401088/2703b7edaf11d79a6b203c09a4932f5,farthest,1,[0],2.4720483406640477,2.4867396040270444,2.5014308673900416,0.0,0.0,0.0,1.9987463510637324,0.0,0.0,0.0,0.0,0.0,0.0,camera_rotation_center_and_target_diameter_scale_single_view,7.793763889499233,0.0,10000,10000,True,True,True,/content/cv3d-project/data/cache/reconstruction/predictions/04401088/2703b7edaf11d79a6b203c09a4932f5/fd86d7e36fa5fd6186cf205e.npz,a2b2240f00a0ddb40130d6972d1dd817cc363e49397461540a3ba59135d9a1f3,/content/cv3d-project/data/cache/reconstruction/metrics/04401088/2703b7edaf11d79a6b203c09a4932f5/aaf2ad56175e5f18c23caa0e.json,3.681493999920349
04401088/2703b7edaf11d79a6b203c09a4932f5,farthest,2,"[0, 46]",0.7347072036519617,0.7965869726502932,0.8584667416486248,0.0,0.0,0.0,1.9987463510637324,0.0,0.0,0.0,0.0,0.0,0.0,camera_pose_sim3,3.2184988827900596,0.11145857569809867,10000,10000,True,False,True,/content/cv3d-project/data/cache/reconstruction/predictions/04401088/2703b7edaf11d79a6b203c09a4932f5/338563c3ba4447f08cf4db4c.npz,b9d9ba6dcf290a4441395e396a55d8f81698080bccd7ca0448f38627ba9809ef,/content/cv3d-project/data/cache/reconstruction/metrics/04401088/2703b7edaf11d79a6b203c09a4932f5/85f35135c227e0d7b800e85c.json,12.797518000297714
04401088/2703b7edaf11d79a6b203c09a4932f5,farthest,3,"[0, 46, 18]",0.7230436082927288,0.7876625567963962,0.8522815053000636,0.0,0.0,0.0,1.9987463510637324,0.0,0.0,0.0,0.0,0.0,0.0,camera_pose_sim3,2.1283191565578408,0.9541350726827824,10000,10000,True,False,True,/content/cv3d-project/data/cache/reconstruction/predictions/04401088/2703b7edaf11d79a6b203c09a4932f5/a5b1c1dbf9139d16ff06d0be.npz,67220f7221c903f28b726adf14adf7512154cc11fd5572e45b35b86dc678ccc3,/content/cv3d-project/data/cache/reconstruction/metrics/04401088/2703b7edaf11d79a6b203c09a4932f5/09ea7cd605dcad16d9f1cc4b.json,12.296796999635262
04401088/2703b7edaf11d79a6b203c09a4932f5,farthest,5,"[0, 46, 18, 28, 16]",0.5060735378453799,0.6310647434006618,0.7560559489559437,0.0,0.0,0.0,1.9987463510637324,0.0,0.0,0.0,0.0,0.0,0.0,camera_pose_sim3,1.6479772112356217,1.0381808991227706,10000,10000,True,False,True,/content/cv3d-project/data/cache/reconstruction/predictions/04401088/2703b7edaf11d79a6b203c09a4932f5/ee8b2fbc14b87d91f53a7149.npz,0b0ba9b37d82ad707f62809029e3f26c6e25724c0fd02d7f1ee9e4a237b519a5,/content/cv3d-project/data/cache/reconstruction/metrics/04401088/2703b7edaf11d79a6b203c09a4932f5/5ae9ef8f14e5a63002107b49.json,11.25022899987016
04401088/2703b7edaf11d79a6b203c09a4932f5,farthest,10,"[0, 46, 18, 28, 16, 30, 2, 44, 13, 33]",0.020154545986808582,0.04118498643696651,0.062215426887124434,0.8852970683312897,0.08365205784204671,0.2713659011406844,1.9987463510637324,1.0,0.1136,0.4661,0.7942,0.0662,0.1914,camera_pose_sim3,2.7427625683313224,0.2011296407486324,10000,10000,True,False,True,/content/cv3d-project/data/cache/reconstruction/predictions/04401088/2703b7edaf11d79a6b203c09a4932f5/c10f8fa66c4362026a6e7a66.npz,da83d6f45bbbe2d26104a207c0a9c98f8883a35d2dbb27b1ba09e8c00780df49,/content/cv3d-project/data/cache/reconstruction/metrics/04401088/2703b7edaf11d79a6b203c09a4932f5/687a56d859ee6b989dfb73b2.json,11.540270999830682
04401088/27085a2456319497f1cb19f636b1c2bd,farthest,1,[0],2.4760170634893814,2.489129266530237,2.502241469571093,0.0,0.0,0.0,1.9948518362422538,0.0,0.0,0.0,0.0,0.0,0.0,camera_rotation_center_and_target_diameter_scale_single_view,7.763456383103989,0.0,10000,10000,True,True,True,/content/cv3d-project/data/cache/reconstruction/predictions/04401088/27085a2456319497f1cb19f636b1c2bd/cb6eaf4e66dd4d5abbe7659b.npz,72783bdb74a565d46bc31534f96def6b6cfc75f5b05b3c38a4a0947cd8411a7b,/content/cv3d-project/data/cache/reconstruction/metrics/04401088/27085a2456319497f1cb19f636b1c2bd/ec9cbf24c627dd0aff6716a4.json,4.730349000055867
04401088/27085a2456319497f1cb19f636b1c2bd,farthest,2,"[0, 46]",0.022971412794096147,0.10382407278711767,0.18467673278013919,0.41847224418788553,0.0,0.06010650723025583,1.9948518362422538,1.0,0.0,0.3265,0.2646,0.0,0.0331,camera_pose_sim3,2.870969548418205,0.06215691527258344,10000,10000,True,False,True,/content/cv3d-project/data/cache/reconstruction/predictions/04401088/27085a2456319497f1cb19f636b1c2bd/bfd1fbcd8fb3850e64696f99.npz,c5ddb7e52a88c6c2391160b77890c503cf64cfa8e6fbda0493bd5f480a0c3000,/content/cv3d-project/data/cache/reconstruction/metrics/04401088/27085a2456319497f1cb19f636b1c2bd/e3f4b5db7cb9b22381b6ebba.json,14.018304000273929
04401088/27085a2456319497f1cb19f636b1c2bd,farthest,3,"[0, 46, 18]",0.37487732918431477,0.4331760919918417,0.4914748547993686,0.0,0.0,0.0,1.9948518362422538,0.0,0.0,0.0,0.0,0.0,0.0,camera_pose_sim3,1.582952522026306,0.8665990349723908,10000,10000,True,False,True,/content/cv3d-project/data/cache/reconstruction/predictions/04401088/27085a2456319497f1cb19f636b1c2bd/d170b2277bb38dd0503ba9f0.npz,9fe50b86fe04232a89be5cb5d609b880018f5aa468cf03896bced9d7302ec172,/content/cv3d-project/data/cache/reconstruction/metrics/04401088/27085a2456319497f1cb19f636b1c2bd/15d3f45165eb0751e0627429.json,11.326110000027256
04401088/27085a2456319497f1cb19f636b1c2bd,farthest,5,"[0, 46, 18, 28, 16]",0.16918904099997714,0.24717684455717154,0.32516464811436596,0.0,0.0,0.0,1.9948518362422538,0.0,0.0,0.0,0.0,0.0,0.0,camera_pose_sim3,0.8181587005311527,1.2671746116283131,10000,10000,True,False,True,/content/cv3d-project/data/cache/reconstruction/predictions/04401088/27085a2456319497f1cb19f636b1c2bd/099f0a978e33d7227abbaa73.npz,74c0d6e68ac1946ebc4646ea9c32c516b550c93cbe656c4c01df56577c2e584d,/content/cv3d-project/data/cache/reconstruction/metrics/04401088/27085a2456319497f1cb19f636b1c2bd/f947d8e3b7149ee270d68244.json,11.363820000042324
04401088/27085a2456319497f1cb19f636b1c2bd,farthest,10,"[0, 46, 18, 28, 16, 30, 2, 44, 13, 33]",0.02281727329578921,0.042556104053984196,0.06229493481217918,0.899405679066696,0.09037380092831356,0.28182431825473214,1.9948518362422538,1.0,0.1222,0.4082,0.8172,0.0717,0.2152,camera_pose_sim3,3.0693479879684227,0.17215389504411735,10000,10000,True,False,True,/content/cv3d-project/data/cache/reconstruction/predictions/04401088/27085a2456319497f1cb19f636b1c2bd/36b91cdf3dfbca5c5d7daa40.npz,c2fdf6248c1ebb9bdfa827f6f231a45f2c0a66a88a338cf409c1f3f47b57b241,/content/cv3d-project/data/cache/reconstruction/metrics/04401088/27085a2456319497f1cb19f636b1c2bd/dfdf89eb1ca05088f66ae458.json,12.172497999927145
04401088/271421566061988a93d9d97ff82834ba,farthest,1,[0],1.918326263894293,1.9499166930502472,1.9815071222062013,0.0,0.0,0.0,2.0000058359224746,0.0,0.0,0.0,0.0,0.0,0.0,camera_rotation_center_and_target_diameter_scale_single_view,6.717140536925795,0.0,10000,10000,True,True,True,/content/cv3d-project/data/cache/reconstruction/predictions/04401088/271421566061988a93d9d97ff82834ba/13fe9ad72586a086be7d2a42.npz,105968a4c02e74d5af140deb19c0de08dab9547609ada4e6abd0d254b02f9df7,/content/cv3d-project/data/cache/reconstruction/metrics/04401088/271421566061988a93d9d97ff82834ba/63f9f75aaf3f843eaac4e000.json,3.6939900001016213
04401088/271421566061988a93d9d97ff82834ba,farthest,2,"[0, 46]",0.0189116902156577,0.10353497565792386,0.18815826110019002,0.3690777134469543,0.027882762623331395,0.10329364366408057,2.0000058359224746,1.0,0.157,0.6788,0.2263,0.0153,0.0559,camera_pose_sim3,2.6496696897404193,0.0923253006781487,10000,10000,True,False,True,/content/cv3d-project/data/cache/reconstruction/predictions/04401088/271421566061988a93d9d97ff82834ba/81e5effe6f465e5ed5f15707.npz,79bf4ae804d7c52c771b472e5cde7edced63bb5c7b2aca427cc8919edc206c8f,/content/cv3d-project/data/cache/reconstruction/metrics/04401088/271421566061988a93d9d97ff82834ba/2a66193f6e2949de6dea0099.json,11.690061999615864
04401088/271421566061988a93d9d97ff82834ba,farthest,3,"[0, 46, 18]",0.28353971953616264,0.37016116849550895,0.4567826174548553,0.0,0.0,0.0,2.0000058359224746,0.0,0.0,0.0,0.0,0.0,0.0,camera_pose_sim3,1.7957608731037125,0.8206284815473955,10000,10000,True,False,True,/content/cv3d-project/data/cache/reconstruction/predictions/04401088/271421566061988a93d9d97ff82834ba/058c3b997194fa93ecc937b2.npz,64f62fdc71758ea4d2ed5a09e88e45b3bf8e6b5ff6597be3faf8128f2a2432a1,/content/cv3d-project/data/cache/reconstruction/metrics/04401088/271421566061988a93d9d97ff82834ba/846671b6bfb8a90dae54b983.json,10.88668400007009
04401088/271421566061988a93d9d97ff82834ba,farthest,5,"[0, 46, 18, 28, 16]",0.17975094617871187,0.29550605466499935,0.4112611631512868,0.0,0.0,0.0,2.0000058359224746,0.0,0.0,0.0,0.0,0.0,0.0,camera_pose_sim3,0.9735262421533605,1.22914708892996,10000,10000,True,False,True,/content/cv3d-project/data/cache/reconstruction/predictions/04401088/271421566061988a93d9d97ff82834ba/376a915d4a98f35f3acb4c64.npz,cfb2a1cd02c8749f3856615b0638c3f956af833d223f8eeb40923f7d87bd6d12,/content/cv3d-project/data/cache/reconstruction/metrics/04401088/271421566061988a93d9d97ff82834ba/7281ed00394e41cc083624b1.json,11.051862999920559
04401088/271421566061988a93d9d97ff82834ba,farthest,10,"[0, 46, 18, 28, 16, 30, 2, 44, 13, 33]",0.03005519866286254,0.12033654746516433,0.2106178962674661,0.4640196605483449,0.023848306997742666,0.08065609065155807,2.0000058359224746,1.0,0.0744,0.2703,0.3021,0.0142,0.0474,camera_pose_sim3,1.7383606324910672,1.0637069968201152,10000,10000,True,False,True,/content/cv3d-project/data/cache/reconstruction/predictions/04401088/271421566061988a93d9d97ff82834ba/82fddbb44dfbd3ff5174870e.npz,b1932c05f386e941e1351bca87dc8b89d03e618c34a1ab38e51b511c3e569057,/content/cv3d-project/data/cache/reconstruction/metrics/04401088/271421566061988a93d9d97ff82834ba/df169a113a6df9230291ca6e.json,13.54157200012196
04530566/1fb578de4aebcd62b249fd16295bbfb,farthest,1,[0],6.890401578338926,7.151822961272641,7.4132443442063565,0.0,0.0,0.0,1.9835313987830252,0.0,0.0,0.0,0.0,0.0,0.0,camera_rotation_center_and_target_diameter_scale_single_view,17.516602845948206,0.0,4285,10000,True,True,True,/content/cv3d-project/data/cache/reconstruction/predictions/04530566/1fb578de4aebcd62b249fd16295bbfb/b2c92b43411dfbbe4c8bc00b.npz,bffb00a8b8b114b67c3e9669e2998e6da39a19ea51e74f0f10f25c286deb4c56,/content/cv3d-project/data/cache/reconstruction/metrics/04530566/1fb578de4aebcd62b249fd16295bbfb/23d14fc0e9d52911560116c0.json,3.016306000063196
04530566/1fb578de4aebcd62b249fd16295bbfb,farthest,2,"[0, 46]",1.3568119841957353,1.3815466637960685,1.4062813433964014,0.0,0.0,0.0,1.9835313987830252,0.0,0.0,0.0,0.0,0.0,0.0,camera_pose_sim3,2.294252131424051,0.9093538379670388,7597,10000,True,False,True,/content/cv3d-project/data/cache/reconstruction/predictions/04530566/1fb578de4aebcd62b249fd16295bbfb/f039625f02418da02a176320.npz,f72f7a9e422a9e89aa349bd635e079213d53b3c3e8be388836d5ff42d1bf2c6a,/content/cv3d-project/data/cache/reconstruction/metrics/04530566/1fb578de4aebcd62b249fd16295bbfb/d315ef197bd0e0a902d68126.json,11.079486000198813
04530566/1fb578de4aebcd62b249fd16295bbfb,farthest,3,"[0, 46, 18]",2.799533110356319,2.940071756507242,3.0806104026581647,0.0,0.0,0.0,1.9835313987830252,0.0,0.0,0.0,0.0,0.0,0.0,camera_pose_sim3_positive_scale_fallback,3.646599667840661,0.24907902717900549,10000,10000,True,False,True,/content/cv3d-project/data/cache/reconstruction/predictions/04530566/1fb578de4aebcd62b249fd16295bbfb/a1c1db06cee8a9781fb3fa7e.npz,dbb87a8950140ca71af82cbd454635c21064ab9c2903e92461c086b3442dceb5,/content/cv3d-project/data/cache/reconstruction/metrics/04530566/1fb578de4aebcd62b249fd16295bbfb/03c8ca9187553f488e19807a.json,11.516227000356594
04530566/1fb578de4aebcd62b249fd16295bbfb,farthest,5,"[0, 46, 18, 28, 16]",0.005307034321787991,0.12299052774380417,0.24067402116582035,0.2946793997271487,0.0061808355768272006,0.015085351329892813,1.9835313987830252,1.0,0.9998,1.0,0.1728,0.0031,0.0076,camera_pose_sim3,0.37381493301354735,1.346090468409709,10000,10000,True,False,True,/content/cv3d-project/data/cache/reconstruction/predictions/04530566/1fb578de4aebcd62b249fd16295bbfb/60af509b91072c0133ef5a5f.npz,edc7651cbb8b76c51d8b702d36e7039963cb0bfe945b7de7ce77d98e244db8f9,/content/cv3d-project/data/cache/reconstruction/metrics/04530566/1fb578de4aebcd62b249fd16295bbfb/ebd7fe5900ed72e575705c2e.json,11.958623999817064
04530566/1fb578de4aebcd62b249fd16295bbfb,farthest,10,"[0, 46, 18, 28, 16, 30, 2, 44, 13, 33]",0.12759235262747784,0.18905413578326952,0.25051591893906117,0.11960021707670043,0.0,0.0,1.9835313987830252,0.1889,0.0,0.0,0.0875,0.0,0.0,camera_pose_sim3,2.131911637611566,0.8292018488372198,10000,10000,True,False,True,/content/cv3d-project/data/cache/reconstruction/predictions/04530566/1fb578de4aebcd62b249fd16295bbfb/6b72b49e8edca0ac64a671a7.npz,6dddf897b82928dde76bf34bf4692de506be17d6e589cfd87260bb974a2676d9,/content/cv3d-project/data/cache/reconstruction/metrics/04530566/1fb578de4aebcd62b249fd16295bbfb/f06afa5865e1f3addec65851.json,12.374291000014637
04530566/20286f6d7aa7a853b48c6de5e38e3312,farthest,1,[0],3.6893741075080926,3.947983742315702,4.206593377123311,0.0,0.0,0.0,1.9926671488618335,0.0,0.0,0.0,0.0,0.0,0.0,camera_rotation_center_and_target_diameter_scale_single_view,11.139842420826941,0.0,7398,10000,True,True,True,/content/cv3d-project/data/cache/reconstruction/predictions/04530566/20286f6d7aa7a853b48c6de5e38e3312/21412bb4744465e07afebea7.npz,2699025fd23daa3e157cbf818332674d1f04961c2125e36e45341a582e8afc7e,/content/cv3d-project/data/cache/reconstruction/metrics/04530566/20286f6d7aa7a853b48c6de5e38e3312/bbffb4cd5845b47443eec8d3.json,3.428673999678722
04530566/20286f6d7aa7a853b48c6de5e38e3312,farthest,2,"[0, 46]",1.2485792112951228,1.2894535302535433,1.3303278492119635,0.0,0.0,0.0,1.9926671488618335,0.0,0.0,0.0,0.0,0.0,0.0,camera_pose_sim3,2.699671121180404,0.7116450875674273,10000,10000,True,False,True,/content/cv3d-project/data/cache/reconstruction/predictions/04530566/20286f6d7aa7a853b48c6de5e38e3312/6f6f41e3dfb080377b4c5e41.npz,de22c5c92e1535260be1bc5e5097198e6ebdb8961ea9fe36a500f7a6665467c2,/content/cv3d-project/data/cache/reconstruction/metrics/04530566/20286f6d7aa7a853b48c6de5e38e3312/5d4ba618c20c5ecef76204d0.json,11.82963099972767
04530566/20286f6d7aa7a853b48c6de5e38e3312,farthest,3,"[0, 46, 18]",0.38222088391446685,0.4464992132383923,0.5107775425623178,0.0,0.0,0.0,1.9926671488618335,0.0,0.0,0.0,0.0,0.0,0.0,camera_pose_sim3,2.2362561137888743,0.646772116214161,10000,10000,True,False,True,/content/cv3d-project/data/cache/reconstruction/predictions/04530566/20286f6d7aa7a853b48c6de5e38e3312/beb3a9efec4bc4020ca42591.npz,9c4be6be09bc6fe7954bc10ddc729783fa5a813078eb8001ca96b0016e3a12be,/content/cv3d-project/data/cache/reconstruction/metrics/04530566/20286f6d7aa7a853b48c6de5e38e3312/66314c9086e0b4355ee4a964.json,11.64750499992806
04530566/20286f6d7aa7a853b48c6de5e38e3312,farthest,5,"[0, 46, 18, 28, 16]",0.36090526904005266,0.431587112846483,0.5022689566529134,0.0,0.0,0.0,1.9926671488618335,0.0,0.0,0.0,0.0,0.0,0.0,camera_pose_sim3,1.9444868223374077,0.8349688184829005,10000,10000,True,False,True,/content/cv3d-project/data/cache/reconstruction/predictions/04530566/20286f6d7aa7a853b48c6de5e38e3312/3417393cb8ac152eb2ac7c83.npz,dd542bd12dc248e127969d1a357be4ef0366f24c8b49ad3e0297564e84a7bc28,/content/cv3d-project/data/cache/reconstruction/metrics/04530566/20286f6d7aa7a853b48c6de5e38e3312/51bc585d010b15c9a9ee07a1.json,11.495275000015681
04530566/20286f6d7aa7a853b48c6de5e38e3312,farthest,10,"[0, 46, 18, 28, 16, 30, 2, 44, 13, 33]",0.06557282314456016,0.15140229811070025,0.23723177307684032,0.2656311996294581,0.0,0.0,1.9926671488618335,0.9244,0.0,0.0,0.1551,0.0,0.0,camera_pose_sim3,1.9222283077192361,0.8572842351537341,10000,10000,True,False,True,/content/cv3d-project/data/cache/reconstruction/predictions/04530566/20286f6d7aa7a853b48c6de5e38e3312/66df5071e9ff38536b2f312f.npz,83c96bf8c46ae658f49ed26b84230bae24c9984ffb55b739f5613daa267650d6,/content/cv3d-project/data/cache/reconstruction/metrics/04530566/20286f6d7aa7a853b48c6de5e38e3312/482df326f538cb57ff5e26a7.json,12.512228999639774
04530566/203c2cac2c46e06c320fa6e2cd857828,farthest,1,[0],1.3713299245114423,1.4661016180298674,1.5608733115482927,0.0,0.0,0.0,1.9822765698061058,0.0,0.0,0.0,0.0,0.0,0.0,camera_rotation_center_and_target_diameter_scale_single_view,6.311950266082226,0.0,7778,10000,True,True,True,/content/cv3d-project/data/cache/reconstruction/predictions/04530566/203c2cac2c46e06c320fa6e2cd857828/8efc81e2278903ffe6f769e9.npz,c3c17d5d63d444e5cbf252d8944f83f7a66092333fc787ac9f33d11c07cc71aa,/content/cv3d-project/data/cache/reconstruction/metrics/04530566/203c2cac2c46e06c320fa6e2cd857828/51d82f969b3010813511a07f.json,3.458184999999503
04530566/203c2cac2c46e06c320fa6e2cd857828,farthest,2,"[0, 46]",0.6328397026519739,0.7523316646373348,0.8718236266226956,0.0,0.0,0.0,1.9822765698061058,0.0,0.0,0.0,0.0,0.0,0.0,camera_pose_sim3,3.493862838418888,0.062395699476804393,10000,10000,True,False,True,/content/cv3d-project/data/cache/reconstruction/predictions/04530566/203c2cac2c46e06c320fa6e2cd857828/2db407e2f0e0ff17db5486fa.npz,7d16f89317524561b2a7ed7c7b9d2d06deaea5d08cc8d4bc66f292492362ff02,/content/cv3d-project/data/cache/reconstruction/metrics/04530566/203c2cac2c46e06c320fa6e2cd857828/87fe63f00962bf28c76b8ff4.json,12.160144000063156
04530566/203c2cac2c46e06c320fa6e2cd857828,farthest,3,"[0, 46, 18]",0.5257794386045237,0.6487037522126333,0.7716280658207428,0.0,0.0,0.0,1.9822765698061058,0.0,0.0,0.0,0.0,0.0,0.0,camera_pose_sim3,2.589248403960231,0.8094986327183178,10000,10000,True,False,True,/content/cv3d-project/data/cache/reconstruction/predictions/04530566/203c2cac2c46e06c320fa6e2cd857828/ca2ae6bb5d1a2e6e44c8093b.npz,bd73295fd3cee96a70f15109970c82c1dd0181bb9b51892f883649868b96808b,/content/cv3d-project/data/cache/reconstruction/metrics/04530566/203c2cac2c46e06c320fa6e2cd857828/89275f8f016507cdb80e5d12.json,11.229357000047457
04530566/203c2cac2c46e06c320fa6e2cd857828,farthest,5,"[0, 46, 18, 28, 16]",0.3015184839339997,0.3707126780401284,0.43990687214625707,0.0,0.0,0.0,1.9822765698061058,0.0,0.0,0.0,0.0,0.0,0.0,camera_pose_sim3,2.2356944128415273,0.768836050487483,10000,10000,True,False,True,/content/cv3d-project/data/cache/reconstruction/predictions/04530566/203c2cac2c46e06c320fa6e2cd857828/51d92c5d2dc558f8ae1c1737.npz,dd2bcb5f873a36ea1866296a7168f3cbe0b6290886df5a249d30b58eb4c9d7b5,/content/cv3d-project/data/cache/reconstruction/metrics/04530566/203c2cac2c46e06c320fa6e2cd857828/c771d4428cccce9ab3a9a5b0.json,12.07604999990508
04530566/203c2cac2c46e06c320fa6e2cd857828,farthest,10,"[0, 46, 18, 28, 16, 30, 2, 44, 13, 33]",0.019913313015506712,0.0621070936819124,0.10430087434831808,0.6628334559069332,0.139008736894658,0.22725405833443313,1.9822765698061058,1.0,0.3111,0.6185,0.4957,0.0895,0.1392,camera_pose_sim3,2.665072976172576,0.2623694713825807,10000,10000,True,False,True,/content/cv3d-project/data/cache/reconstruction/predictions/04530566/203c2cac2c46e06c320fa6e2cd857828/760b173276a6d180c0500191.npz,05bc853623e925b58b4b88797ffb9ecfab972fcd44a254d92f1f0f834b5b5c2b,/content/cv3d-project/data/cache/reconstruction/metrics/04530566/203c2cac2c46e06c320fa6e2cd857828/b60fe420cbc116f4577e4d9c.json,12.563773000238143
04530566/203d75b8112369d66a4afad911312b2b,farthest,1,[0],3.1719634249236206,3.2767333544957973,3.3815032840679735,0.0,0.0,0.0,1.949965813901391,0.0,0.0,0.0,0.0,0.0,0.0,camera_rotation_center_and_target_diameter_scale_single_view,9.4016573537935,0.0,8482,10000,True,True,True,/content/cv3d-project/data/cache/reconstruction/predictions/04530566/203d75b8112369d66a4afad911312b2b/bfab3c504764663ddd282971.npz,5802d5bd494f94da07d9c0ff0b2568a8242dca424099ee23b17133d03ec98df1,/content/cv3d-project/data/cache/reconstruction/metrics/04530566/203d75b8112369d66a4afad911312b2b/15853d2a66d779b6aef29150.json,3.561662000265642
04530566/203d75b8112369d66a4afad911312b2b,farthest,2,"[0, 46]",0.11627416392971547,0.15070080555645018,0.1851274471831849,0.12731312292358804,0.0,0.0,1.949965813901391,0.2787,0.0,0.0,0.0825,0.0,0.0,camera_pose_sim3,2.9504648294695426,0.059734165699588775,10000,10000,True,False,True,/content/cv3d-project/data/cache/reconstruction/predictions/04530566/203d75b8112369d66a4afad911312b2b/834b1ee56c1311b8608575f6.npz,7574d9b6466b031d7438e3eab0b8f6f4c195f27bda861cbd08a2f94f5fc17077,/content/cv3d-project/data/cache/reconstruction/metrics/04530566/203d75b8112369d66a4afad911312b2b/42e35f562b5a15fd29163c46.json,12.120434000280511
04530566/203d75b8112369d66a4afad911312b2b,farthest,3,"[0, 46, 18]",0.37629765805843013,0.41789069176291327,0.4594837254673964,0.0,0.0,0.0,1.949965813901391,0.0,0.0,0.0,0.0,0.0,0.0,camera_pose_sim3,1.915967985838263,0.9732547742372845,10000,10000,True,False,True,/content/cv3d-project/data/cache/reconstruction/predictions/04530566/203d75b8112369d66a4afad911312b2b/270cec9f21f602ba71c2d07a.npz,089188146107cd7f78b503e8b0f7a85d6ccc3fc1d383d8ec4e5a6b6dd568d882,/content/cv3d-project/data/cache/reconstruction/metrics/04530566/203d75b8112369d66a4afad911312b2b/1e3fe4e8df41d3cfe8b3c287.json,11.278739999852405
04530566/203d75b8112369d66a4afad911312b2b,farthest,5,"[0, 46, 18, 28, 16]",0.029845550819631302,0.10886585872135707,0.18788616662308283,0.42159261305342904,0.0,0.0,1.949965813901391,1.0,0.0,0.0,0.2671,0.0,0.0,camera_pose_sim3,0.10824258242352475,1.3701034168608817,10000,10000,True,False,True,/content/cv3d-project/data/cache/reconstruction/predictions/04530566/203d75b8112369d66a4afad911312b2b/62ec176511f30696c055f7de.npz,f8b91fa6e9e38fefa06c366c355d210039627262913f96991f672c5d9361b8ca,/content/cv3d-project/data/cache/reconstruction/metrics/04530566/203d75b8112369d66a4afad911312b2b/30fa8cec1892b2683544b088.json,11.513144000218745
04530566/203d75b8112369d66a4afad911312b2b,farthest,10,"[0, 46, 18, 28, 16, 30, 2, 44, 13, 33]",0.10709218252805698,0.1996438856388847,0.2921955887497124,0.11450801766209621,0.0,0.0,1.949965813901391,0.3623,0.0,0.0,0.068,0.0,0.0,camera_pose_sim3,1.9953086701984841,1.0106466222798507,10000,10000,True,False,True,/content/cv3d-project/data/cache/reconstruction/predictions/04530566/203d75b8112369d66a4afad911312b2b/d909f540a05b9f01fac9b8f5.npz,7d1e9dfbb2dad0f1a6ffbe18305bc54fe1eedc730952db5db4225b2c1c422e76,/content/cv3d-project/data/cache/reconstruction/metrics/04530566/203d75b8112369d66a4afad911312b2b/d529db0100e5a55937f0c84e.json,12.417789999744855
04530566/206c86e4cf614dd5d03c0ce6ad42cc93,farthest,1,[0],4.025421880321193,4.24439095807749,4.463360035833788,0.0,0.0,0.0,1.9774507387618692,0.0,0.0,0.0,0.0,0.0,0.0,camera_rotation_center_and_target_diameter_scale_single_view,11.613174833390806,0.0,7989,10000,True,True,True,/content/cv3d-project/data/cache/reconstruction/predictions/04530566/206c86e4cf614dd5d03c0ce6ad42cc93/2d2231cb6cfd3343b4fed534.npz,ad74bc2e32b36a62bf14b1e6fd077af7ddbd42dc71e5efdb8cd05a41b60b5c53,/content/cv3d-project/data/cache/reconstruction/metrics/04530566/206c86e4cf614dd5d03c0ce6ad42cc93/5526457893b02e22c419aba9.json,3.5131549998368428
04530566/206c86e4cf614dd5d03c0ce6ad42cc93,farthest,2,"[0, 46]",0.12118874875491996,0.1942256201068719,0.2672624914588238,0.09531984318455972,0.0,0.0,1.9774507387618692,0.2739,0.0,0.0,0.0577,0.0,0.0,camera_pose_sim3,2.7654721173878056,0.11028905211100687,10000,10000,True,False,True,/content/cv3d-project/data/cache/reconstruction/predictions/04530566/206c86e4cf614dd5d03c0ce6ad42cc93/d33d6a47ca845610aab14217.npz,023213b01375303010992bdf37cc1fc4a181d5a847e34abaae6580573c9b8941,/content/cv3d-project/data/cache/reconstruction/metrics/04530566/206c86e4cf614dd5d03c0ce6ad42cc93/f6b00af227c39e4821f18cc8.json,12.04041299979508
04530566/206c86e4cf614dd5d03c0ce6ad42cc93,farthest,3,"[0, 46, 18]",0.2985616324423315,0.32406699734286326,0.34957236224339494,0.0,0.0,0.0,1.9774507387618692,0.0,0.0,0.0,0.0,0.0,0.0,camera_pose_sim3,2.339350844548622,0.7829416132504604,10000,10000,True,False,True,/content/cv3d-project/data/cache/reconstruction/predictions/04530566/206c86e4cf614dd5d03c0ce6ad42cc93/6b1262f9343d60562e1e3365.npz,b1a21da5535fc04d866a5452b0866ff313e6aae1a5e1f5870d143cd018a0f257,/content/cv3d-project/data/cache/reconstruction/metrics/04530566/206c86e4cf614dd5d03c0ce6ad42cc93/9ffe852de94a41f89f1373c2.json,11.800683000274148
04530566/206c86e4cf614dd5d03c0ce6ad42cc93,farthest,5,"[0, 46, 18, 28, 16]",0.5401506561511333,0.6046445788218314,0.6691385014925295,0.0,0.0,0.0,1.9774507387618692,0.0,0.0,0.0,0.0,0.0,0.0,camera_pose_sim3,1.384803304492844,1.1760941011939334,10000,10000,True,False,True,/content/cv3d-project/data/cache/reconstruction/predictions/04530566/206c86e4cf614dd5d03c0ce6ad42cc93/9764da3c5a1f6eea7598e6c2.npz,bea1580d5f9e777bf14654165c3dc18d5a4e1df9b179391eb9ff6fe82e49ce26,/content/cv3d-project/data/cache/reconstruction/metrics/04530566/206c86e4cf614dd5d03c0ce6ad42cc93/ef4d18a5c2bb3be8de7e2448.json,11.387974999706785
04530566/206c86e4cf614dd5d03c0ce6ad42cc93,farthest,10,"[0, 46, 18, 28, 16, 30, 2, 44, 13, 33]",0.06604078085740682,0.13132976715978123,0.19661875346215563,0.3352290739046457,0.037847187237615446,0.06773182624113476,1.9774507387618692,0.7694,0.0955,0.1841,0.2143,0.0236,0.0415,camera_pose_sim3,2.3887064263755526,0.5181927498864026,10000,10000,True,False,True,/content/cv3d-project/data/cache/reconstruction/predictions/04530566/206c86e4cf614dd5d03c0ce6ad42cc93/5ec00c8fdef7ad0472e190c4.npz,09a44bb245ac9674e464e085b22578e4cdbcb6f3855037618bda793cf6b48b97,/content/cv3d-project/data/cache/reconstruction/metrics/04530566/206c86e4cf614dd5d03c0ce6ad42cc93/126d5750f7caaa975eb79e67.json,11.975149000136298
04530566/209213f07114a06a2b249fd16295bbfb,farthest,1,[0],5.755024079415459,5.990041656708716,6.225059234001972,0.0,0.0,0.0,1.9908105854909601,0.0,0.0,0.0,0.0,0.0,0.0,camera_rotation_center_and_target_diameter_scale_single_view,15.245116394890815,0.0,4413,10000,True,True,True,/content/cv3d-project/data/cache/reconstruction/predictions/04530566/209213f07114a06a2b249fd16295bbfb/6d604d8522f71ae70929d99f.npz,d4e1eec6eaeec958b7329404126e99c3ee55ab78d291256a152a7a844d2deb94,/content/cv3d-project/data/cache/reconstruction/metrics/04530566/209213f07114a06a2b249fd16295bbfb/77e403397df9fc8712730d94.json,3.0598170001212566
04530566/209213f07114a06a2b249fd16295bbfb,farthest,2,"[0, 46]",0.1460751537775682,0.22005016351096396,0.2940251732443597,0.0015476025977615032,0.0,0.0,1.9908105854909601,0.003420891875381796,0.0,0.0,0.001,0.0,0.0,camera_pose_sim3,2.867107771803016,0.09555543538669455,8185,10000,True,False,True,/content/cv3d-project/data/cache/reconstruction/predictions/04530566/209213f07114a06a2b249fd16295bbfb/fd51f469ec472727017e28a1.npz,c3cb87ac6f427092682e3c5a185e489de11abb50c02f144516aa143a20ece20f,/content/cv3d-project/data/cache/reconstruction/metrics/04530566/209213f07114a06a2b249fd16295bbfb/e9850e274ae571ea1096d908.json,11.12253499968574
04530566/209213f07114a06a2b249fd16295bbfb,farthest,3,"[0, 46, 18]",0.46197605545423526,0.5177184671646631,0.5734608788750908,0.0,0.0,0.0,1.9908105854909601,0.0,0.0,0.0,0.0,0.0,0.0,camera_pose_sim3,2.2214355126684664,0.8369659130777789,10000,10000,True,False,True,/content/cv3d-project/data/cache/reconstruction/predictions/04530566/209213f07114a06a2b249fd16295bbfb/0c3f81b8fb33fa374eab1aac.npz,8c1479b0f6ef6b0e0e93e427ccffd5e5055fdc2132bf63896592610d68ccae11,/content/cv3d-project/data/cache/reconstruction/metrics/04530566/209213f07114a06a2b249fd16295bbfb/832d94110507d81aa0308220.json,11.573432999739452
04530566/209213f07114a06a2b249fd16295bbfb,farthest,5,"[0, 46, 18, 28, 16]",0.043687501522630505,0.1865954961221322,0.3295034907216339,0.20402298850574715,0.0,0.001965034965034965,1.9908105854909601,1.0,0.0,0.0562,0.1136,0.0,0.001,camera_pose_sim3,0.694615354103787,1.282328017951846,10000,10000,True,False,True,/content/cv3d-project/data/cache/reconstruction/predictions/04530566/209213f07114a06a2b249fd16295bbfb/864a9e5359fbbf2a667b1be7.npz,ca5720b2c97f84315cff13c73604c8da85cc27ae16d8e20c91b3cacb97aa5d79,/content/cv3d-project/data/cache/reconstruction/metrics/04530566/209213f07114a06a2b249fd16295bbfb/3db148ef99a16951189e7a2b.json,11.578623999866977
04530566/209213f07114a06a2b249fd16295bbfb,farthest,10,"[0, 46, 18, 28, 16, 30, 2, 44, 13, 33]",0.7780205488308994,0.7975053077948864,0.8169900667588733,0.0,0.0,0.0,1.9908105854909601,0.0,0.0,0.0,0.0,0.0,0.0,camera_pose_sim3,1.6089377295067133,1.1818811412140073,10000,10000,True,False,True,/content/cv3d-project/data/cache/reconstruction/predictions/04530566/209213f07114a06a2b249fd16295bbfb/b3ecf5ab19ddede5a749a7be.npz,4c7e48543bad87c426e2860133348b7b718084f996bbf0f1d1e337d9251b9117,/content/cv3d-project/data/cache/reconstruction/metrics/04530566/209213f07114a06a2b249fd16295bbfb/51e1dc1612f5721f9634cc67.json,12.365827999929024
04530566/209f569f50d42f7e45e2a4e5729b970d,farthest,1,[0],5.123874277998285,5.361927791004172,5.599981304010059,0.0,0.0,0.0,1.9855342464351073,0.0,0.0,0.0,0.0,0.0,0.0,camera_rotation_center_and_target_diameter_scale_single_view,13.93105860944488,0.0,6437,10000,True,True,True,/content/cv3d-project/data/cache/reconstruction/predictions/04530566/209f569f50d42f7e45e2a4e5729b970d/f3aa216cc80f4ccd18e99962.npz,4ba3bdd35d573e3c0498ca219b05bcaa27c9399e1a2aae0ab53275cabfce78a3,/content/cv3d-project/data/cache/reconstruction/metrics/04530566/209f569f50d42f7e45e2a4e5729b970d/4b6383ec4f092746113eb7ed.json,3.307434999896941
04530566/209f569f50d42f7e45e2a4e5729b970d,farthest,2,"[0, 46]",0.36538028702514663,0.41952891949986326,0.47367755197457984,0.0,0.0,0.0,1.9855342464351073,0.0,0.0,0.0,0.0,0.0,0.0,camera_pose_sim3,2.8455226405053704,0.11727398162166391,10000,10000,True,False,True,/content/cv3d-project/data/cache/reconstruction/predictions/04530566/209f569f50d42f7e45e2a4e5729b970d/bb195c18c8092fee08112586.npz,219260bbad083469dba88b76902142fe3e4e04db57d7fb4cdca0b721fbf9e671,/content/cv3d-project/data/cache/reconstruction/metrics/04530566/209f569f50d42f7e45e2a4e5729b970d/01342588966a91eeeed524a5.json,12.485883999943326
04530566/209f569f50d42f7e45e2a4e5729b970d,farthest,3,"[0, 46, 18]",0.5247038315012855,0.6061308674398754,0.6875579033784653,0.0,0.0,0.0,1.9855342464351073,0.0,0.0,0.0,0.0,0.0,0.0,camera_pose_sim3,2.31488426599621,0.82753935252518,10000,10000,True,False,True,/content/cv3d-project/data/cache/reconstruction/predictions/04530566/209f569f50d42f7e45e2a4e5729b970d/a8bece9795e1051810272be2.npz,6bd49297826f8a3b33ae180ad086cb2e97cdb191a205bf7159ad7c411d6c183a,/content/cv3d-project/data/cache/reconstruction/metrics/04530566/209f569f50d42f7e45e2a4e5729b970d/41667c1a2edb85378531f3dc.json,11.207416999695852
04530566/209f569f50d42f7e45e2a4e5729b970d,farthest,5,"[0, 46, 18, 28, 16]",0.04311698390604379,0.16768409058345554,0.2922511972608673,0.3267541296060991,0.027342778085224128,0.08422133687472333,1.9855342464351073,0.9023,0.1658,0.4048,0.1995,0.0149,0.047,camera_pose_sim3,2.3124463355304563,0.7265588225489809,10000,10000,True,False,True,/content/cv3d-project/data/cache/reconstruction/predictions/04530566/209f569f50d42f7e45e2a4e5729b970d/c9b2aeb16a43e7ebc3096f19.npz,77fbfebca05decb2e7633cdab23966a429a340da650a42ec80aecd08b2149495,/content/cv3d-project/data/cache/reconstruction/metrics/04530566/209f569f50d42f7e45e2a4e5729b970d/391ddf8ff6a9b9f9ce8cf049.json,11.390023999865662
04530566/209f569f50d42f7e45e2a4e5729b970d,farthest,10,"[0, 46, 18, 28, 16, 30, 2, 44, 13, 33]",0.0938050455540359,0.1865597856233776,0.2793145256927193,0.1881087267525036,0.0,0.0011076923076923078,1.9855342464351073,0.587,0.0,0.0018,0.112,0.0,0.0008,camera_pose_sim3,1.9059908163381447,0.8703984954075306,10000,10000,True,False,True,/content/cv3d-project/data/cache/reconstruction/predictions/04530566/209f569f50d42f7e45e2a4e5729b970d/105b2709708a2f3fa183b85c.npz,30e22941446aba427a22e02d70d15c448f221676d48a78317b5941d8823d5d6b,/content/cv3d-project/data/cache/reconstruction/metrics/04530566/209f569f50d42f7e45e2a4e5729b970d/2bfa70d20b7ee8d787ad94d0.json,12.27214999971693
04530566/20c2bcd71abffc2a93add66353cae8ec,farthest,1,[0],3.9558876095045257,4.1357211622237156,4.315554714942906,0.0,0.0,0.0,1.3155214066130416,0.0,0.0,0.0,0.0,0.0,0.0,camera_rotation_center_and_target_diameter_scale_single_view,8.476724015674902,0.0,6705,10000,True,True,True,/content/cv3d-project/data/cache/reconstruction/predictions/04530566/20c2bcd71abffc2a93add66353cae8ec/aa1121613c583381ce0d09df.npz,0d4aa757567561679cdcd84d733f6c7687dac91751a3e6b2655f8ec6aa105a75,/content/cv3d-project/data/cache/reconstruction/metrics/04530566/20c2bcd71abffc2a93add66353cae8ec/cd23d0cd271b4ee6cb376d60.json,3.3027620002030744
04530566/20c2bcd71abffc2a93add66353cae8ec,farthest,2,"[0, 46]",0.47249194596348576,0.6090476350963427,0.7456033242291996,0.0,0.0,0.0,1.3155214066130416,0.0,0.0,0.0,0.0,0.0,0.0,camera_pose_sim3,0.5432178831464762,2.0507083721841766,10000,10000,True,False,True,/content/cv3d-project/data/cache/reconstruction/predictions/04530566/20c2bcd71abffc2a93add66353cae8ec/11a9df11e48d1120bd07148a.npz,7c87b069ae24f57023f86bff3d7cbb22ebeac0cab06059ac9757534fdc443a32,/content/cv3d-project/data/cache/reconstruction/metrics/04530566/20c2bcd71abffc2a93add66353cae8ec/f38fea01cef7944e1f08e634.json,12.366684999960853
04530566/20c2bcd71abffc2a93add66353cae8ec,farthest,3,"[0, 46, 18]",0.7312128540116096,0.802836784546703,0.8744607150817963,0.0,0.0,0.0,1.3155214066130416,0.0,0.0,0.0,0.0,0.0,0.0,camera_pose_sim3,1.1205521291723703,1.8902347657190817,10000,10000,True,False,True,/content/cv3d-project/data/cache/reconstruction/predictions/04530566/20c2bcd71abffc2a93add66353cae8ec/c373158182ba517d2eecbca2.npz,5a5928ebdcc081fd907c15982c85c0cf8d290e7b7909a0ff67ee1061771a89dc,/content/cv3d-project/data/cache/reconstruction/metrics/04530566/20c2bcd71abffc2a93add66353cae8ec/58d61c78501d09c501caaf1e.json,11.0786990003362
04530566/20c2bcd71abffc2a93add66353cae8ec,farthest,5,"[0, 46, 18, 28, 16]",1.3425139882908381,1.4023940466001648,1.4622741049094912,0.0,0.0,0.0,1.3155214066130416,0.0,0.0,0.0,0.0,0.0,0.0,camera_pose_sim3,2.182711861614289,1.5473312242432962,10000,10000,True,False,True,/content/cv3d-project/data/cache/reconstruction/predictions/04530566/20c2bcd71abffc2a93add66353cae8ec/61a4ef5823bda12f4a65a65c.npz,f2a0e7b9964fa02c530b6b12eaea88da4439a73e3640a681d744b0e50dd6a539,/content/cv3d-project/data/cache/reconstruction/metrics/04530566/20c2bcd71abffc2a93add66353cae8ec/3bce3063ee4d2133472c8236.json,11.41998599996441
04530566/20c2bcd71abffc2a93add66353cae8ec,farthest,10,"[0, 46, 18, 28, 16, 30, 2, 44, 13, 33]",1.1676065852838322,1.186004751322877,1.204402917361922,0.0,0.0,0.0,1.3155214066130416,0.0,0.0,0.0,0.0,0.0,0.0,camera_pose_sim3,2.09011627747742,1.4794059757632279,10000,10000,True,False,True,/content/cv3d-project/data/cache/reconstruction/predictions/04530566/20c2bcd71abffc2a93add66353cae8ec/1028a72b1731c22701b67551.npz,54c1282a4ebbcf1faf8d8b11971a65f450c10464d8b6ee51d67f016def782cfd,/content/cv3d-project/data/cache/reconstruction/metrics/04530566/20c2bcd71abffc2a93add66353cae8ec/ef531baa8f6b530675515345.json,11.87383000024056
04530566/20c2e1a09d00f51294daa4565dd30535,farthest,1,[0],3.4193678333358264,3.657530874786419,3.895693916237011,0.0,0.0,0.0,1.9951444009395753,0.0,0.0,0.0,0.0,0.0,0.0,camera_rotation_center_and_target_diameter_scale_single_view,10.598675559598572,2.2258499667539216e-16,8198,10000,True,True,True,/content/cv3d-project/data/cache/reconstruction/predictions/04530566/20c2e1a09d00f51294daa4565dd30535/c0e3c1cae0af1bf2445b4f4e.npz,8a238e81b5edcb5a017824a768dc83b8cea10721e0581ce825fcfae949ba6ab3,/content/cv3d-project/data/cache/reconstruction/metrics/04530566/20c2e1a09d00f51294daa4565dd30535/365e29769e5be34dc9e93baa.json,3.493330999845057
04530566/20c2e1a09d00f51294daa4565dd30535,farthest,2,"[0, 46]",1.2903830717957487,1.3345480820515907,1.3787130923074329,0.0,0.0,0.0,1.9951444009395753,0.0,0.0,0.0,0.0,0.0,0.0,camera_pose_sim3,2.8879105828524794,0.6337682846391682,10000,10000,True,False,True,/content/cv3d-project/data/cache/reconstruction/predictions/04530566/20c2e1a09d00f51294daa4565dd30535/7c256b2d3fc6fed49f8673ec.npz,ecaa82628900f4b3c37f3ac481d69d6786f9c26145feead926756855e61dba4d,/content/cv3d-project/data/cache/reconstruction/metrics/04530566/20c2e1a09d00f51294daa4565dd30535/9e58b6f47e6beb167563a199.json,12.949884999670758
04530566/20c2e1a09d00f51294daa4565dd30535,farthest,3,"[0, 46, 18]",2.160605739462033,2.235893713847977,2.311181688233922,0.0,0.0,0.0,1.9951444009395753,0.0,0.0,0.0,0.0,0.0,0.0,camera_pose_sim3_positive_scale_fallback,2.8831380050818693,1.297691382755307,10000,10000,True,False,True,/content/cv3d-project/data/cache/reconstruction/predictions/04530566/20c2e1a09d00f51294daa4565dd30535/4e7eb322ed4a081bd2ae6b1d.npz,85f53c83f12582823440ee598853cf505f0af8f4fad23f1b0b4f6f54d47e01df,/content/cv3d-project/data/cache/reconstruction/metrics/04530566/20c2e1a09d00f51294daa4565dd30535/846e9f0ab681434d4acb930f.json,11.678928000037558
04530566/20c2e1a09d00f51294daa4565dd30535,farthest,5,"[0, 46, 18, 28, 16]",0.7621669990184641,0.8302326979278518,0.8982983968372394,0.0,0.0,0.0,1.9951444009395753,0.0,0.0,0.0,0.0,0.0,0.0,camera_pose_sim3,1.2202341473548284,1.2511161739044112,10000,10000,True,False,True,/content/cv3d-project/data/cache/reconstruction/predictions/04530566/20c2e1a09d00f51294daa4565dd30535/95da6542643cc40ee9359400.npz,4541936b5a84bdaac5451c9a5610e4ff6dd2768c05cf98757898b708880fa6ee,/content/cv3d-project/data/cache/reconstruction/metrics/04530566/20c2e1a09d00f51294daa4565dd30535/d7b6c8b7e1a43dd9c29de7a0.json,11.602244000187056
04530566/20c2e1a09d00f51294daa4565dd30535,farthest,10,"[0, 46, 18, 28, 16, 30, 2, 44, 13, 33]",0.6815405079829141,0.7533493466665311,0.825158185350148,0.0,0.0,0.0,1.9951444009395753,0.0,0.0,0.0,0.0,0.0,0.0,camera_pose_sim3,1.7842945727574993,1.0407113769443468,10000,10000,True,False,True,/content/cv3d-project/data/cache/reconstruction/predictions/04530566/20c2e1a09d00f51294daa4565dd30535/5a31a5f5ca87c81b85c9827d.npz,ad0d9fa3dda623441d6b9152ccfd0ed5aa46c5d2ec998a870516bbab6cd13c50,/content/cv3d-project/data/cache/reconstruction/metrics/04530566/20c2e1a09d00f51294daa4565dd30535/ab5b1458171331fe19a16cf7.json,12.613239000074827
04530566/20d1090d07a49fe927ac692756be9e24,farthest,1,[0],2.594275346606852,2.7031231966500036,2.8119710466931553,0.0,0.0,0.0,1.968368785028542,0.0,0.0,0.0,0.0,0.0,0.0,camera_rotation_center_and_target_diameter_scale_single_view,8.520241533702142,0.0,8030,10000,True,True,True,/content/cv3d-project/data/cache/reconstruction/predictions/04530566/20d1090d07a49fe927ac692756be9e24/eab9a78a53e92996a0aba7ca.npz,a2e30f17e4e71ac1b986bebcaf440ed785a0df9408e5595a1fe801d04d0bb312,/content/cv3d-project/data/cache/reconstruction/metrics/04530566/20d1090d07a49fe927ac692756be9e24/8a95f0aad7ee3b789eaaf9d9.json,3.7622360000568733
04530566/20d1090d07a49fe927ac692756be9e24,farthest,2,"[0, 46]",0.20583490231285917,0.2507938054536414,0.2957527085944236,0.002181818181818182,0.0,0.0,1.968368785028542,0.002,0.0,0.0,0.0024,0.0,0.0,camera_pose_sim3,2.9745977668664088,0.04527932247198019,10000,10000,True,False,True,/content/cv3d-project/data/cache/reconstruction/predictions/04530566/20d1090d07a49fe927ac692756be9e24/6be5b1d6867dcda8c473b40c.npz,b8770e8d346475ac472dfe012a14a366bad8ba30b7f78741bad30d57e635f0ba,/content/cv3d-project/data/cache/reconstruction/metrics/04530566/20d1090d07a49fe927ac692756be9e24/0926723bb0d289d0b60ad0e8.json,13.295194000420452
04530566/20d1090d07a49fe927ac692756be9e24,farthest,3,"[0, 46, 18]",0.41674781692790197,0.4494063749767611,0.48206493302562026,0.0,0.0,0.0,1.968368785028542,0.0,0.0,0.0,0.0,0.0,0.0,camera_pose_sim3,2.170296625900047,0.800097882535051,10000,10000,True,False,True,/content/cv3d-project/data/cache/reconstruction/predictions/04530566/20d1090d07a49fe927ac692756be9e24/ce53a06bf4ed3d036dd31a92.npz,6ef7d0d016afcb3cbdc8600caaefde6aa0226021bbb2d821a0ff24084fef333c,/content/cv3d-project/data/cache/reconstruction/metrics/04530566/20d1090d07a49fe927ac692756be9e24/d2d4c409ce8ce06758f7a550.json,11.381366000023263
04530566/20d1090d07a49fe927ac692756be9e24,farthest,5,"[0, 46, 18, 28, 16]",0.03199275688608633,0.10493974203769865,0.17788672718931098,0.3157894736842105,0.0011424,0.011436638830897704,1.968368785028542,1.0,0.0119,0.1857,0.1875,0.0006,0.0059,camera_pose_sim3,1.1645482379203724,1.222087088609502,10000,10000,True,False,True,/content/cv3d-project/data/cache/reconstruction/predictions/04530566/20d1090d07a49fe927ac692756be9e24/bb57cd092608c4e801952312.npz,bf09981bf07c3256a7541fe3e8782cf1cf9a72bd7209f7b1623321fbf6648884,/content/cv3d-project/data/cache/reconstruction/metrics/04530566/20d1090d07a49fe927ac692756be9e24/0bcad6d3f6adbbf356a8de38.json,11.927944000035495
04530566/20d1090d07a49fe927ac692756be9e24,farthest,10,"[0, 46, 18, 28, 16, 30, 2, 44, 13, 33]",0.04167508450517591,0.06455464208080719,0.08743419965643848,0.7664980880720365,0.05905745118191161,0.1067315980968374,1.968368785028542,1.0,0.1583,0.292,0.6214,0.0363,0.0653,camera_pose_sim3,2.8574343576108663,0.24482748656115133,10000,10000,True,False,True,/content/cv3d-project/data/cache/reconstruction/predictions/04530566/20d1090d07a49fe927ac692756be9e24/f5e529390007b7d74e293004.npz,bc7260177fd84ca4a8cdb722adc6bcf86530b90191cc642f340cd3351ad04b3a,/content/cv3d-project/data/cache/reconstruction/metrics/04530566/20d1090d07a49fe927ac692756be9e24/4fe27855dea9cec7d4edb8bf.json,12.708593000297697
