object_id,policy,acquired_view_count,history_anchor_ids,accuracy_normalized,chamfer_l1_normalized,completeness_normalized,fscore_10pct,fscore_1pct,fscore_2pct,ground_truth_diameter,precision_10pct,precision_1pct,precision_2pct,recall_10pct,recall_1pct,recall_2pct,alignment_mode,alignment_scale,camera_center_rmse_normalized,predicted_point_count,ground_truth_point_count,prediction_cache_hit,metric_cache_hit,ground_truth_cache_hit,prediction_cache_path,prediction_cache_sha256,metric_cache_path,evaluation_ms
02691156/1628b65a9f3cd7c05e9e2656aff7dd5b,oracle,1,[0],2.4314712359847195,2.6256407501207213,2.819810264256723,0.0,0.0,0.0,1.9695251010464678,0.0,0.0,0.0,0.0,0.0,0.0,camera_rotation_center_and_target_diameter_scale_single_view,8.335381420448138,0.0,3865,10000,True,True,True,/content/cv3d-project/data/cache/reconstruction/predictions/02691156/1628b65a9f3cd7c05e9e2656aff7dd5b/0e8fc986e7ef93bd5017ac89.npz,6f577302e5cfd85874856fe4991ac9b47f96755fe8e467fdfb8fd5cf59a49288,/content/cv3d-project/data/cache/reconstruction/metrics/02691156/1628b65a9f3cd7c05e9e2656aff7dd5b/c6a8a196f916ae05a61507cd.json,3.207435999684094
02691156/1628b65a9f3cd7c05e9e2656aff7dd5b,oracle,2,"[0, 18]",0.028927890327218306,0.08849560967725065,0.148063329027283,0.5536592421174428,0.0325059902200489,0.08664175599795815,1.9695251010464678,1.0,0.1453,0.3422,0.3828,0.0183,0.0496,camera_pose_sim3,2.044287760477207,0.8482934998702252,10000,10000,True,True,True,/content/cv3d-project/data/cache/reconstruction/predictions/02691156/1628b65a9f3cd7c05e9e2656aff7dd5b/07f9f957f25a51fbd605b875.npz,953213819662ffe52c42f7a4df92313f1e65151954735cc8752a98453bb0ea9c,/content/cv3d-project/data/cache/reconstruction/metrics/02691156/1628b65a9f3cd7c05e9e2656aff7dd5b/d12cba01d18b4d7fbefc133f.json,2.4706469998818648
02691156/1628b65a9f3cd7c05e9e2656aff7dd5b,oracle,3,"[0, 18, 22]",0.7832716171742343,0.9221450076504525,1.0610183981266708,0.0,0.0,0.0,1.9695251010464678,0.0,0.0,0.0,0.0,0.0,0.0,camera_pose_sim3,1.5707162528454994,1.0482805425920216,10000,10000,True,False,True,/content/cv3d-project/data/cache/reconstruction/predictions/02691156/1628b65a9f3cd7c05e9e2656aff7dd5b/a6a82b22462df73c346e665a.npz,326166fb1c5bceec6f3cd6dbe66d7d432db5deefdc2f75843506db7f812fafac,/content/cv3d-project/data/cache/reconstruction/metrics/02691156/1628b65a9f3cd7c05e9e2656aff7dd5b/5880a149717273840e05cf6e.json,484.62136200032546
02691156/1628b65a9f3cd7c05e9e2656aff7dd5b,oracle,5,"[0, 18, 22, 28, 32]",0.44340018642574197,0.475979709380772,0.508559232335802,0.0,0.0,0.0,1.9695251010464678,0.0,0.0,0.0,0.0,0.0,0.0,camera_pose_sim3,2.5407750498007036,0.5275970672993497,10000,10000,True,False,True,/content/cv3d-project/data/cache/reconstruction/predictions/02691156/1628b65a9f3cd7c05e9e2656aff7dd5b/c3d70e84b6c39ba4ea86d2ab.npz,0b7f325cd29317fcacc090642f4c259345df4b7f42788789f7abe77e92e4b81a,/content/cv3d-project/data/cache/reconstruction/metrics/02691156/1628b65a9f3cd7c05e9e2656aff7dd5b/dd13007dee36a24c51d22c9c.json,12.39144999999553
02691156/1628b65a9f3cd7c05e9e2656aff7dd5b,oracle,10,"[0, 18, 22, 28, 32, 37, 19, 17, 38, 26]",0.22945782863528597,0.23964088533485706,0.24982394203442812,0.0,0.0,0.0,1.9695251010464678,0.0,0.0,0.0,0.0,0.0,0.0,camera_pose_sim3,2.790714923721973,0.32497889668613505,10000,10000,True,False,True,/content/cv3d-project/data/cache/reconstruction/predictions/02691156/1628b65a9f3cd7c05e9e2656aff7dd5b/2a0b29ad61c30e162b1a0b13.npz,144ccb65e6e28885412a53daa63bc760a17f26a920e589db6cd1cd8d6edf20e1,/content/cv3d-project/data/cache/reconstruction/metrics/02691156/1628b65a9f3cd7c05e9e2656aff7dd5b/8294cb80b08a440e0e3b2c06.json,12.809006000225054
02691156/162ed8d0d989f3acc1ccec171a275967,oracle,1,[0],3.434740151264781,3.6306611959814723,3.8265822406981638,0.0,0.0,0.0,1.975076625827974,0.0,0.0,0.0,0.0,0.0,0.0,camera_rotation_center_and_target_diameter_scale_single_view,10.38245973395171,0.0,5955,10000,True,True,True,/content/cv3d-project/data/cache/reconstruction/predictions/02691156/162ed8d0d989f3acc1ccec171a275967/ed5b282c02994a43338b538f.npz,ba28c7bc62f792cee408987f8088322a3e2f3cc621dbc3ac246ff826fa5ad718,/content/cv3d-project/data/cache/reconstruction/metrics/02691156/162ed8d0d989f3acc1ccec171a275967/1d624515c6fb37d4438cc7d2.json,3.359024000019417
02691156/162ed8d0d989f3acc1ccec171a275967,oracle,2,"[0, 37]",1.7232516036083978,1.7788502888399595,1.8344489740715213,0.0,0.0,0.0,1.975076625827974,0.0,0.0,0.0,0.0,0.0,0.0,camera_pose_sim3,4.070347028039853,0.5313311923046838,10000,10000,True,False,True,/content/cv3d-project/data/cache/reconstruction/predictions/02691156/162ed8d0d989f3acc1ccec171a275967/77d77909e03916f0ea1e0444.npz,220dd98ad0a1bcb7c4181e8cafcdc2f4fd6dd68fbe6da012efc4cf429397243f,/content/cv3d-project/data/cache/reconstruction/metrics/02691156/162ed8d0d989f3acc1ccec171a275967/f4df7135c61589a06196b6ca.json,11.729938999906153
02691156/162ed8d0d989f3acc1ccec171a275967,oracle,3,"[0, 37, 25]",1.607867765322359,1.6672236608704698,1.7265795564185809,0.0,0.0,0.0,1.975076625827974,0.0,0.0,0.0,0.0,0.0,0.0,camera_pose_sim3,2.6444812830483206,1.0607769858058034,10000,10000,True,False,True,/content/cv3d-project/data/cache/reconstruction/predictions/02691156/162ed8d0d989f3acc1ccec171a275967/47134d9e5affd8f355f19187.npz,3c71a466f27c2c47162d3cda261b4fdd65155b8c2ef3e2ab6a235272281e6b7b,/content/cv3d-project/data/cache/reconstruction/metrics/02691156/162ed8d0d989f3acc1ccec171a275967/8e2cb1a123c395e3fab22207.json,11.577751000004355
02691156/162ed8d0d989f3acc1ccec171a275967,oracle,5,"[0, 37, 25, 31, 35]",1.75971531464131,1.8558179945779094,1.951920674514509,0.0,0.0,0.0,1.975076625827974,0.0,0.0,0.0,0.0,0.0,0.0,camera_pose_sim3,2.5558319784335177,1.2597323640259872,10000,10000,True,False,True,/content/cv3d-project/data/cache/reconstruction/predictions/02691156/162ed8d0d989f3acc1ccec171a275967/8e724ffb60075f59503d1f28.npz,54d86157fc0f98b2c4e2d8de98c3d45f825d984921e2797e131196001c36daec,/content/cv3d-project/data/cache/reconstruction/metrics/02691156/162ed8d0d989f3acc1ccec171a275967/eeed4ede2efa0f6cc72c3183.json,11.73925600005532
02691156/162ed8d0d989f3acc1ccec171a275967,oracle,10,"[0, 37, 25, 31, 35, 24, 47, 10, 38, 27]",2.069453576744822,2.216451578521378,2.3634495802979343,0.0,0.0,0.0,1.975076625827974,0.0,0.0,0.0,0.0,0.0,0.0,camera_pose_sim3_positive_scale_fallback,3.812901094995355,1.9508305105458843,10000,10000,True,False,True,/content/cv3d-project/data/cache/reconstruction/predictions/02691156/162ed8d0d989f3acc1ccec171a275967/0f659916c2aff8bdb63730d8.npz,6b5922534628602819055198ba733335ade697ec6a06ceef7522e059aef12dfa,/content/cv3d-project/data/cache/reconstruction/metrics/02691156/162ed8d0d989f3acc1ccec171a275967/8483d3e5d893061b7bc50f9c.json,12.377323000237084
02691156/1659db64bbf46bcdc1955ee4b5680e91,oracle,1,[0],1.7061548052816635,1.8294742162500237,1.952793627218384,0.0,0.0,0.0,1.9633879235889395,0.0,0.0,0.0,0.0,0.0,0.0,camera_rotation_center_and_target_diameter_scale_single_view,6.701581284226973,0.0,4577,10000,True,True,True,/content/cv3d-project/data/cache/reconstruction/predictions/02691156/1659db64bbf46bcdc1955ee4b5680e91/cae8a06979e57a1c0c95b5c5.npz,2a12f077ed9144c3936745ae48d72ab6806db8b965898d076e430b0d0d7d76a9,/content/cv3d-project/data/cache/reconstruction/metrics/02691156/1659db64bbf46bcdc1955ee4b5680e91/4c665bbe5eecf3833af625e4.json,3.081434000250738
02691156/1659db64bbf46bcdc1955ee4b5680e91,oracle,2,"[0, 19]",0.6637674663272705,0.6209751725574357,0.578182878787601,0.0,0.0,0.0,1.9633879235889395,0.0,0.0,0.0,0.0,0.0,0.0,camera_pose_sim3_positive_scale_fallback,3.163989331070878,5.135402148812443e-16,10000,10000,True,False,True,/content/cv3d-project/data/cache/reconstruction/predictions/02691156/1659db64bbf46bcdc1955ee4b5680e91/24876ef6a512e01d9e46b89b.npz,a371b151315301ee0ca870df3387744292f414d2cde8b245a9a5953c0e28c0b2,/content/cv3d-project/data/cache/reconstruction/metrics/02691156/1659db64bbf46bcdc1955ee4b5680e91/b6ecf9f354995d4ad5c573a7.json,12.516058000073826
02691156/1659db64bbf46bcdc1955ee4b5680e91,oracle,3,"[0, 19, 31]",1.2581580266376835,1.3221183264853615,1.3860786263330396,0.0,0.0,0.0,1.9633879235889395,0.0,0.0,0.0,0.0,0.0,0.0,camera_pose_sim3,2.16749279820733,1.1204690292998745,10000,10000,True,False,True,/content/cv3d-project/data/cache/reconstruction/predictions/02691156/1659db64bbf46bcdc1955ee4b5680e91/6d08c79433c23aa7bc65423b.npz,b8e292245114553f6be8a3c1909a54092e8fd22f0e6c64538c60371f9e5974ae,/content/cv3d-project/data/cache/reconstruction/metrics/02691156/1659db64bbf46bcdc1955ee4b5680e91/fbdcceb1f859990620823330.json,12.448712000150408
02691156/1659db64bbf46bcdc1955ee4b5680e91,oracle,5,"[0, 19, 31, 36, 17]",0.8388077795509684,0.857989002512516,0.8771702254740635,0.0,0.0,0.0,1.9633879235889395,0.0,0.0,0.0,0.0,0.0,0.0,camera_pose_sim3,2.6726087958207,0.564805268053776,10000,10000,True,False,True,/content/cv3d-project/data/cache/reconstruction/predictions/02691156/1659db64bbf46bcdc1955ee4b5680e91/455c2aa4c830baa339541dab.npz,b015430714447d5f629a2f724120e7d6326398b9b5ffb65357d24a60c2568093,/content/cv3d-project/data/cache/reconstruction/metrics/02691156/1659db64bbf46bcdc1955ee4b5680e91/4b43bc7fcc63d805e04c9925.json,12.438059000032808
02691156/1659db64bbf46bcdc1955ee4b5680e91,oracle,10,"[0, 19, 31, 36, 17, 33, 20, 1, 42, 30]",0.07593417827383463,0.10268854898733207,0.12944291970082952,0.5924158752219906,0.01064018691588785,0.020154744525547448,1.9633879235889395,0.8365,0.0115,0.0177,0.4586,0.0099,0.0234,camera_pose_sim3,2.520184821709794,0.7235904763263011,10000,10000,True,False,True,/content/cv3d-project/data/cache/reconstruction/predictions/02691156/1659db64bbf46bcdc1955ee4b5680e91/d34724c3eb03d86265775549.npz,61a67d27352fb3c9c5a6fa096dc3f08b5f29aeb3ad8a7b16c3a32ae5f80a3414,/content/cv3d-project/data/cache/reconstruction/metrics/02691156/1659db64bbf46bcdc1955ee4b5680e91/abaf76d698a5467a5a485d93.json,12.932074000218563
02691156/165c4491d10067b3bd46d022fd7d80aa,oracle,1,[0],3.472516998375446,3.661369570995097,3.8502221436147477,0.0,0.0,0.0,1.9813481803313522,0.0,0.0,0.0,0.0,0.0,0.0,camera_rotation_center_and_target_diameter_scale_single_view,10.492257716543822,0.0,3409,10000,True,True,True,/content/cv3d-project/data/cache/reconstruction/predictions/02691156/165c4491d10067b3bd46d022fd7d80aa/f41784f57dc33d10d7990bea.npz,ac3a02e37661f473aec68af67d8626aaa31aafa61f8104532d1ef65869ecf652,/content/cv3d-project/data/cache/reconstruction/metrics/02691156/165c4491d10067b3bd46d022fd7d80aa/8942290c984c9b8fcf0d39e9.json,3.0097509998086025
02691156/165c4491d10067b3bd46d022fd7d80aa,oracle,2,"[0, 26]",0.1785400285384343,0.22128409775171137,0.26402816696498843,0.0,0.0,0.0,1.9813481803313522,0.0,0.0,0.0,0.0,0.0,0.0,camera_pose_sim3,1.4267469996363333,0.9692987392440278,10000,10000,True,False,True,/content/cv3d-project/data/cache/reconstruction/predictions/02691156/165c4491d10067b3bd46d022fd7d80aa/a6afa619dd235ea72fd300f6.npz,0d906ba3546f229ced53a5bb5a6d87ecd7a57174d5449ca0118241d3bf3717f9,/content/cv3d-project/data/cache/reconstruction/metrics/02691156/165c4491d10067b3bd46d022fd7d80aa/1de332c14f8f9019a0763682.json,11.746082000172464
02691156/165c4491d10067b3bd46d022fd7d80aa,oracle,3,"[0, 26, 31]",0.7785448617858352,0.8938540765586735,1.009163291331512,0.0,0.0,0.0,1.9813481803313522,0.0,0.0,0.0,0.0,0.0,0.0,camera_pose_sim3,2.740880241547692,0.6527234702632482,10000,10000,True,False,True,/content/cv3d-project/data/cache/reconstruction/predictions/02691156/165c4491d10067b3bd46d022fd7d80aa/9f0bb74fd2810d811b02e033.npz,e27ffaf915e95a883498c0a28476e4dedb05b59293f7c76e9c76545d4e247913,/content/cv3d-project/data/cache/reconstruction/metrics/02691156/165c4491d10067b3bd46d022fd7d80aa/9bd76840d863fcc9c4b720e8.json,11.356648999935715
02691156/165c4491d10067b3bd46d022fd7d80aa,oracle,5,"[0, 26, 31, 29, 17]",0.018399557251583445,0.049119915948279885,0.07984027464497633,0.8547869903802107,0.11704297472075251,0.23442789937106917,1.9813481803313522,1.0,0.2651,0.6521,0.7464,0.0751,0.1429,camera_pose_sim3,2.7704577609485757,0.17896743458021125,10000,10000,True,False,True,/content/cv3d-project/data/cache/reconstruction/predictions/02691156/165c4491d10067b3bd46d022fd7d80aa/b68464371e525c1a285f0028.npz,ad4d4f2c47aee822be978c66cca56889f5a81fdaa6af30167167345fe91edc69,/content/cv3d-project/data/cache/reconstruction/metrics/02691156/165c4491d10067b3bd46d022fd7d80aa/d8beb8928b2c768860894bf6.json,11.769766999805142
02691156/165c4491d10067b3bd46d022fd7d80aa,oracle,10,"[0, 26, 31, 29, 17, 42, 7, 20, 10, 33]",0.014058320476826086,0.034266029464677814,0.05447373845252954,0.9020038429865496,0.2574661137031277,0.4924815091653319,1.9813481803313522,1.0,0.3854,0.7594,0.8215,0.1933,0.3644,camera_pose_sim3,2.783324638138965,0.15167179914419604,10000,10000,True,False,True,/content/cv3d-project/data/cache/reconstruction/predictions/02691156/165c4491d10067b3bd46d022fd7d80aa/6ef98512cb32f49998c9ec9e.npz,959da67e055423936b0f1a231bc3cac36482ba8a2f7c6470e06dd5d929d44474,/content/cv3d-project/data/cache/reconstruction/metrics/02691156/165c4491d10067b3bd46d022fd7d80aa/c92b38923058765129b9e7d1.json,12.056585000209452
02691156/1667ab313638fb366cf1b4a8fc3914e,oracle,1,[0],1.8668532610171695,2.013085119036904,2.1593169770566387,0.0,0.0,0.0,1.9734344555933698,0.0,0.0,0.0,0.0,0.0,0.0,camera_rotation_center_and_target_diameter_scale_single_view,7.080669578033787,0.0,4017,10000,True,True,True,/content/cv3d-project/data/cache/reconstruction/predictions/02691156/1667ab313638fb366cf1b4a8fc3914e/1a0688cede48969ac0e23ab5.npz,41fc7a7e36a97176b653f3e1285e27bf8684de8c4959454ebbf03f15791d6968,/content/cv3d-project/data/cache/reconstruction/metrics/02691156/1667ab313638fb366cf1b4a8fc3914e/45bd45bc9b79eb19c3583dcb.json,3.00036699991324
02691156/1667ab313638fb366cf1b4a8fc3914e,oracle,2,"[0, 30]",0.4658055487999027,0.5883742111880808,0.7109428735762587,0.0,0.0,0.0,1.9734344555933698,0.0,0.0,0.0,0.0,0.0,0.0,camera_pose_sim3,2.093552990799004,0.032125221876662335,10000,10000,True,False,True,/content/cv3d-project/data/cache/reconstruction/predictions/02691156/1667ab313638fb366cf1b4a8fc3914e/18d0a3d0e420739bc184b2bc.npz,a0812d4b9964609f2420f1c1d5f418cc76f96030e86830d0ce35347c7649e80a,/content/cv3d-project/data/cache/reconstruction/metrics/02691156/1667ab313638fb366cf1b4a8fc3914e/d988011720e8c491e998645a.json,11.157384999933129
02691156/1667ab313638fb366cf1b4a8fc3914e,oracle,3,"[0, 30, 25]",0.5334944207535699,0.5419873151652608,0.5504802095769518,0.0,0.0,0.0,1.9734344555933698,0.0,0.0,0.0,0.0,0.0,0.0,camera_pose_sim3,2.560178611282704,0.43398486500157163,10000,10000,True,False,True,/content/cv3d-project/data/cache/reconstruction/predictions/02691156/1667ab313638fb366cf1b4a8fc3914e/8b4255f44a327f2241d07fa2.npz,144c862e69b4fbbd98ceb277eed3bcc46e96a3b126a7855f4643e004d34a5f31,/content/cv3d-project/data/cache/reconstruction/metrics/02691156/1667ab313638fb366cf1b4a8fc3914e/99c5137749e336c305cb5cbe.json,12.072686000010435
02691156/1667ab313638fb366cf1b4a8fc3914e,oracle,5,"[0, 30, 25, 27, 23]",0.2671871546847084,0.28712116840065005,0.30705518211659166,0.0,0.0,0.0,1.9734344555933698,0.0,0.0,0.0,0.0,0.0,0.0,camera_pose_sim3,2.5417004869465716,0.3700963435825854,10000,10000,True,False,True,/content/cv3d-project/data/cache/reconstruction/predictions/02691156/1667ab313638fb366cf1b4a8fc3914e/c354babfd71ea218e3df874b.npz,2f187f5016c0ec81c6a39350bace23416ea63babb45008bceef98f8aeb424c26,/content/cv3d-project/data/cache/reconstruction/metrics/02691156/1667ab313638fb366cf1b4a8fc3914e/6821b7703b693fbb164d3843.json,12.739474999762024
02691156/1667ab313638fb366cf1b4a8fc3914e,oracle,10,"[0, 30, 25, 27, 23, 44, 2, 29, 34, 41]",0.10702183667781044,0.12497908738002056,0.1429363380822307,0.21257170031055903,0.0,0.0,1.9734344555933698,0.3653,0.0,0.0,0.1499,0.0,0.0,camera_pose_sim3,2.5570561992829695,0.3884715094237669,10000,10000,True,False,True,/content/cv3d-project/data/cache/reconstruction/predictions/02691156/1667ab313638fb366cf1b4a8fc3914e/bf7c027638deed278ee5a02d.npz,b54f6bcad60c7871e6b2d5b56f6e082cd6917b8e0adb164af964a818d3ba8449,/content/cv3d-project/data/cache/reconstruction/metrics/02691156/1667ab313638fb366cf1b4a8fc3914e/45e21696e249d3c1f3e57f6c.json,13.039469999966968
02691156/16689e54c884aa01639c7058eaf33ae,oracle,1,[0],3.1214683341339473,3.316285322695265,3.511102311256583,0.0,0.0,0.0,1.9853224444323758,0.0,0.0,0.0,0.0,0.0,0.0,camera_rotation_center_and_target_diameter_scale_single_view,9.759694740613213,0.0,5626,10000,True,True,True,/content/cv3d-project/data/cache/reconstruction/predictions/02691156/16689e54c884aa01639c7058eaf33ae/997ec6ab414066c05360f9a8.npz,f5249ad4fcd9a833e78d4e7dcd91b1112d8b5a405d9eaa22b90b5db58ab7a412,/content/cv3d-project/data/cache/reconstruction/metrics/02691156/16689e54c884aa01639c7058eaf33ae/9e140bd2228ce9569963143b.json,3.3035840001502947
02691156/16689e54c884aa01639c7058eaf33ae,oracle,2,"[0, 18]",0.020372825582328686,0.0901265272560555,0.1598802289297823,0.5396129974443228,0.010015597305919888,0.041760125370015666,1.9853224444323758,1.0,0.277,0.5526,0.3695,0.0051,0.0217,camera_pose_sim3,1.3801272748153572,0.7341078292857097,10000,10000,True,True,True,/content/cv3d-project/data/cache/reconstruction/predictions/02691156/16689e54c884aa01639c7058eaf33ae/4423d28e4fe60b4b45202ec8.npz,fdddbbeb6794eccb09ee5e32b2b9c98e845af22794a2a184f2ba012b45d7dc53,/content/cv3d-project/data/cache/reconstruction/metrics/02691156/16689e54c884aa01639c7058eaf33ae/9019762275f5469f5f8fbf0a.json,2.576636000412691
02691156/16689e54c884aa01639c7058eaf33ae,oracle,3,"[0, 18, 30]",0.8615216142701155,0.9621412713589947,1.062760928447874,0.0,0.0,0.0,1.9853224444323758,0.0,0.0,0.0,0.0,0.0,0.0,camera_pose_sim3,2.0438236437562685,0.6950372244223315,10000,10000,True,False,True,/content/cv3d-project/data/cache/reconstruction/predictions/02691156/16689e54c884aa01639c7058eaf33ae/e6a4f249d776ee7c521793d6.npz,cb80428054cf684d895c8b51303e8c748df8c0549992b98bd9001155beda3d30,/content/cv3d-project/data/cache/reconstruction/metrics/02691156/16689e54c884aa01639c7058eaf33ae/5a81e4b3a432c1b8d661205a.json,11.884076000114874
02691156/16689e54c884aa01639c7058eaf33ae,oracle,5,"[0, 18, 30, 32, 43]",0.17910019030613636,0.24734570124408406,0.3155912121820318,0.0,0.0,0.0,1.9853224444323758,0.0,0.0,0.0,0.0,0.0,0.0,camera_pose_sim3,1.4700237967217507,1.147973701825603,10000,10000,True,False,True,/content/cv3d-project/data/cache/reconstruction/predictions/02691156/16689e54c884aa01639c7058eaf33ae/99981934863a536ba9d22f2a.npz,6665f2abe2d45895a53dc275f3b7b86180101d03cd3d814d7693212decfaf326,/content/cv3d-project/data/cache/reconstruction/metrics/02691156/16689e54c884aa01639c7058eaf33ae/8d4b39c896ea329e82b62aac.json,11.578069999814034
02691156/16689e54c884aa01639c7058eaf33ae,oracle,10,"[0, 18, 30, 32, 43, 16, 34, 6, 11, 44]",0.2085403878057101,0.262330945044646,0.3161215022835819,0.0,0.0,0.0,1.9853224444323758,0.0,0.0,0.0,0.0,0.0,0.0,camera_pose_sim3,1.7113447027531985,1.0407629785210268,10000,10000,True,False,True,/content/cv3d-project/data/cache/reconstruction/predictions/02691156/16689e54c884aa01639c7058eaf33ae/4cfb72327ebdea84745fd68f.npz,496a14eb802ae27cc7dda20f31ee0413a411e8706a987238cf3b5b46d49d96e5,/content/cv3d-project/data/cache/reconstruction/metrics/02691156/16689e54c884aa01639c7058eaf33ae/a4aee511e418523542dcfbf6.json,12.213408000206982
02691156/166d333d38897d1513d521050081b441,oracle,1,[0],2.7753223027742013,2.926968860592317,3.078615418410433,0.0,0.0,0.0,1.9026407415460824,0.0,0.0,0.0,0.0,0.0,0.0,camera_rotation_center_and_target_diameter_scale_single_view,8.533177944671701,0.0,5974,10000,True,True,True,/content/cv3d-project/data/cache/reconstruction/predictions/02691156/166d333d38897d1513d521050081b441/2ad5ae3b6dfcdb8963ca1d01.npz,d9080c0f94f1ab2a59dc7c38888c68510d8efc50179861786615adc4f853dc9b,/content/cv3d-project/data/cache/reconstruction/metrics/02691156/166d333d38897d1513d521050081b441/eeb0f51387b054ccecd8644f.json,3.2372070004385023
02691156/166d333d38897d1513d521050081b441,oracle,2,"[0, 38]",1.0169619704735906,1.1277824764696627,1.2386029824657347,0.0,0.0,0.0,1.9026407415460824,0.0,0.0,0.0,0.0,0.0,0.0,camera_pose_sim3,2.232595539118654,0.7762074691865192,10000,10000,True,False,True,/content/cv3d-project/data/cache/reconstruction/predictions/02691156/166d333d38897d1513d521050081b441/bc59f63a54f8c8111a475ff8.npz,6ca4dfc0a643c89773b923174e5220864e20158572b3144f8074125c778d4f08,/content/cv3d-project/data/cache/reconstruction/metrics/02691156/166d333d38897d1513d521050081b441/7c4a476b6812d03094f4a636.json,11.526448000040546
02691156/166d333d38897d1513d521050081b441,oracle,3,"[0, 38, 25]",0.17673156867203982,0.1862889402954102,0.1958463119187806,0.07240133779264213,0.0,0.0,1.9026407415460824,0.0615,0.0,0.0,0.088,0.0,0.0,camera_pose_sim3,1.9880756173486247,0.9277203086978674,10000,10000,True,False,True,/content/cv3d-project/data/cache/reconstruction/predictions/02691156/166d333d38897d1513d521050081b441/608ca2491c72188bd0dce467.npz,ab3258186d61ef89dbcc7ae60813ec4c4cb7ba01f060b71135f218501e1dd1b1,/content/cv3d-project/data/cache/reconstruction/metrics/02691156/166d333d38897d1513d521050081b441/fd657b3f4a9f8e35218bc7d4.json,12.407911000082095
02691156/166d333d38897d1513d521050081b441,oracle,5,"[0, 38, 25, 28, 6]",0.38610329650178193,0.377681947663109,0.369260598824436,0.0,0.0,0.0,1.9026407415460824,0.0,0.0,0.0,0.0,0.0,0.0,camera_pose_sim3,1.6190561643986128,1.157089159380668,10000,10000,True,False,True,/content/cv3d-project/data/cache/reconstruction/predictions/02691156/166d333d38897d1513d521050081b441/130042fd9fe2d51737bafb0c.npz,870b416712ce71766f4adcdd0b3841343cd22a9fc761438c3487a4265090c4c2,/content/cv3d-project/data/cache/reconstruction/metrics/02691156/166d333d38897d1513d521050081b441/af6e6ea399389448f946bcc7.json,12.64604900006816
02691156/166d333d38897d1513d521050081b441,oracle,10,"[0, 38, 25, 28, 6, 11, 2, 13, 40, 35]",0.3170844065540521,0.35127071017104766,0.3854570137880432,0.0,0.0,0.0,1.9026407415460824,0.0,0.0,0.0,0.0,0.0,0.0,camera_pose_sim3,1.076710105650296,1.2924494206758441,10000,10000,True,False,True,/content/cv3d-project/data/cache/reconstruction/predictions/02691156/166d333d38897d1513d521050081b441/878f6ba7f99ee187712f448f.npz,4cd8ccbba4ef436722efcf74a44451f00e5de5e87d496de487ad56a84be45ff1,/content/cv3d-project/data/cache/reconstruction/metrics/02691156/166d333d38897d1513d521050081b441/3682e06fcd40be2cf4d76f6a.json,12.875158000042575
02691156/16715d886ecf0a97ce2cec85ea6ae00d,oracle,1,[0],1.8872785394058056,2.0353984097982742,2.183518280190743,0.0,0.0,0.0,1.9571209480482843,0.0,0.0,0.0,0.0,0.0,0.0,camera_rotation_center_and_target_diameter_scale_single_view,7.105231986670696,0.0,5310,10000,True,True,True,/content/cv3d-project/data/cache/reconstruction/predictions/02691156/16715d886ecf0a97ce2cec85ea6ae00d/671706e915dcfe67ef98bf1b.npz,0dcdabf8bbfde836fd428119cac3851aaff2e3032870570bc1f4cfef6b0c602b,/content/cv3d-project/data/cache/reconstruction/metrics/02691156/16715d886ecf0a97ce2cec85ea6ae00d/cf336dfdc38067f64e5db499.json,3.1984739998733858
02691156/16715d886ecf0a97ce2cec85ea6ae00d,oracle,2,"[0, 18]",0.43813790429040583,0.5247425779403267,0.6113472515902477,0.0,0.0,0.0,1.9571209480482843,0.0,0.0,0.0,0.0,0.0,0.0,camera_pose_sim3,0.9552751869015746,0.9310509095954314,10000,10000,True,True,True,/content/cv3d-project/data/cache/reconstruction/predictions/02691156/16715d886ecf0a97ce2cec85ea6ae00d/175d2cf64ce89c7f9ae3475d.npz,2a5e8094ae03425d9519a888f82dc5188264b0d2a677667d01f685f94dfae104,/content/cv3d-project/data/cache/reconstruction/metrics/02691156/16715d886ecf0a97ce2cec85ea6ae00d/20c72474583a56b27f933462.json,2.8126759998485795
02691156/16715d886ecf0a97ce2cec85ea6ae00d,oracle,3,"[0, 18, 38]",0.27957074981454627,0.3955718692744109,0.5115729887342755,0.0,0.0,0.0,1.9571209480482843,0.0,0.0,0.0,0.0,0.0,0.0,camera_pose_sim3,3.0164811609760687,0.5907130135848677,10000,10000,True,False,True,/content/cv3d-project/data/cache/reconstruction/predictions/02691156/16715d886ecf0a97ce2cec85ea6ae00d/083bacbf101855125ac904e7.npz,0f6368bb523af2063f8a42fade5d49e1d18ce96e763781b3d4fbb9453ad18b9d,/content/cv3d-project/data/cache/reconstruction/metrics/02691156/16715d886ecf0a97ce2cec85ea6ae00d/d17e77b9c4ac9e895d88560c.json,12.144712999997864
02691156/16715d886ecf0a97ce2cec85ea6ae00d,oracle,5,"[0, 18, 38, 36, 32]",0.09194926879211918,0.11980170099233935,0.14765413319255952,0.48041025332932813,0.008837438423645321,0.02755153707052441,1.9571209480482843,0.5966,0.0138,0.0293,0.4021,0.0065,0.026,camera_pose_sim3,2.744338859510922,0.30147878479749535,10000,10000,True,False,True,/content/cv3d-project/data/cache/reconstruction/predictions/02691156/16715d886ecf0a97ce2cec85ea6ae00d/6d86627485450a9de16452a4.npz,b015f979711b83138c2be216efead12160f6bafe5639b72340d924c475efd733,/content/cv3d-project/data/cache/reconstruction/metrics/02691156/16715d886ecf0a97ce2cec85ea6ae00d/a1c8ae0d69288135c1487506.json,12.303214999974443
02691156/16715d886ecf0a97ce2cec85ea6ae00d,oracle,10,"[0, 18, 38, 36, 32, 35, 15, 8, 14, 11]",0.03131981595965702,0.040610457467675026,0.04990109897569304,0.9358305842290092,0.14316955085865257,0.28254530386740334,1.9571209480482843,1.0,0.1867,0.3348,0.8794,0.1161,0.2444,camera_pose_sim3,2.6574278376191676,0.21715561781080384,10000,10000,True,False,True,/content/cv3d-project/data/cache/reconstruction/predictions/02691156/16715d886ecf0a97ce2cec85ea6ae00d/a289502bdf9f240bc3bddef4.npz,b3daf5c08639aac66d28bb82273ee9208b8c260a2015a9d292886df4f825ed07,/content/cv3d-project/data/cache/reconstruction/metrics/02691156/16715d886ecf0a97ce2cec85ea6ae00d/19c6ac57316b02573fc4aaf4.json,12.367467999865767
02691156/167250e2014c72dbb87697d3904b168b,oracle,1,[0],1.966907929033635,2.1359264217812037,2.3049449145287726,0.0,0.0,0.0,1.9850216439124209,0.0,0.0,0.0,0.0,0.0,0.0,camera_rotation_center_and_target_diameter_scale_single_view,7.340494186239266,0.0,4953,10000,True,True,True,/content/cv3d-project/data/cache/reconstruction/predictions/02691156/167250e2014c72dbb87697d3904b168b/78e4cc57b424103326acfd91.npz,d905eef83f76e22d2090a5bcb03f1690ccaecfbe1ce9507b7d2245a70e2a7131,/content/cv3d-project/data/cache/reconstruction/metrics/02691156/167250e2014c72dbb87697d3904b168b/5a778bfdd5a2bce4d6b7ae67.json,3.219129000171961
02691156/167250e2014c72dbb87697d3904b168b,oracle,2,"[0, 30]",0.23370339037343021,0.3246981068922181,0.41569282341100605,0.0,0.0,0.0,1.9850216439124209,0.0,0.0,0.0,0.0,0.0,0.0,camera_pose_sim3,2.1982486805041987,0.02073492017868033,10000,10000,True,False,True,/content/cv3d-project/data/cache/reconstruction/predictions/02691156/167250e2014c72dbb87697d3904b168b/557c6e5d037975889a5a4204.npz,ecc729e662e66a53c5018b141feaa80aa9006254c4737624691bd280c8e4b5dd,/content/cv3d-project/data/cache/reconstruction/metrics/02691156/167250e2014c72dbb87697d3904b168b/2229a6b1218a653f71a6496a.json,11.721301000306994
02691156/167250e2014c72dbb87697d3904b168b,oracle,3,"[0, 30, 25]",0.15457182060172142,0.19275905666921395,0.2309462927367065,0.0,0.0,0.0,1.9850216439124209,0.0,0.0,0.0,0.0,0.0,0.0,camera_pose_sim3,2.625642024039264,0.24439765072499514,10000,10000,True,False,True,/content/cv3d-project/data/cache/reconstruction/predictions/02691156/167250e2014c72dbb87697d3904b168b/dc8cfbc2d5a22cad0b7ded04.npz,35889b347c46eb9bca921fb0bfc56e2065660527f5e25290a47bb3bcd0c44868,/content/cv3d-project/data/cache/reconstruction/metrics/02691156/167250e2014c72dbb87697d3904b168b/a9f21f22475fea2de99357b6.json,11.650992999875598
02691156/167250e2014c72dbb87697d3904b168b,oracle,5,"[0, 30, 25, 28, 23]",0.025509393167494787,0.04685060634548787,0.06819181952348095,0.8756578399955023,0.04996457938013915,0.15039753751442864,1.9850216439124209,0.9997,0.127,0.4286,0.779,0.0311,0.0912,camera_pose_sim3,2.671083185002735,0.11683452809335954,10000,10000,True,False,True,/content/cv3d-project/data/cache/reconstruction/predictions/02691156/167250e2014c72dbb87697d3904b168b/ea205e49e087a5c9564ee563.npz,1a5964b0397ac04eea6babcd737553ec1e4fe2a9c1f71ce97a469124627c2c04,/content/cv3d-project/data/cache/reconstruction/metrics/02691156/167250e2014c72dbb87697d3904b168b/1a8f0ee4da8b136a949f1148.json,12.15185199998814
02691156/167250e2014c72dbb87697d3904b168b,oracle,10,"[0, 30, 25, 28, 23, 35, 9, 36, 1, 13]",0.01858266203704939,0.02972101688738783,0.04085937173772627,0.9691253028194423,0.19886662195394592,0.4012524870978368,1.9850216439124209,1.0,0.2981,0.6123,0.9401,0.1492,0.2984,camera_pose_sim3,2.62106282416565,0.08373636187734167,10000,10000,True,False,True,/content/cv3d-project/data/cache/reconstruction/predictions/02691156/167250e2014c72dbb87697d3904b168b/b827261a5ca195a84ecce43b.npz,104e16aafc3c14d704bbf91cda1e132ba9a1c2c94ec458ef5a95199837fe5244,/content/cv3d-project/data/cache/reconstruction/metrics/02691156/167250e2014c72dbb87697d3904b168b/a15bbc7238dabc1ad2c18e45.json,12.879614000212314
02691156/167740d2a5f5cb6c7f4561609781d8c9,oracle,1,[0],4.89971107076398,5.080663812504962,5.261616554245945,0.0,0.0,0.0,1.9153200409410096,0.0,0.0,0.0,0.0,0.0,0.0,camera_rotation_center_and_target_diameter_scale_single_view,12.939381465782091,0.0,3969,10000,True,True,True,/content/cv3d-project/data/cache/reconstruction/predictions/02691156/167740d2a5f5cb6c7f4561609781d8c9/102d34f051f08744d24f0840.npz,6d3969dd238657114f4d7eb6769fd250710876f1f4a185137f91faa3dbe7d8ab,/content/cv3d-project/data/cache/reconstruction/metrics/02691156/167740d2a5f5cb6c7f4561609781d8c9/b5be0c7d26a35450435543be.json,3.092527000262635
02691156/167740d2a5f5cb6c7f4561609781d8c9,oracle,2,"[0, 38]",0.3890196336945545,0.4125683568201472,0.4361170799457399,0.0,0.0,0.0,1.9153200409410096,0.0,0.0,0.0,0.0,0.0,0.0,camera_pose_sim3,3.0807648453511107,0.090982864253151,10000,10000,True,False,True,/content/cv3d-project/data/cache/reconstruction/predictions/02691156/167740d2a5f5cb6c7f4561609781d8c9/ce97e3b1c633c2d41a6cbebb.npz,59c2a5b019057f1bf9a11d39b6b37d81e0a13b906352d26a180d01001710b836,/content/cv3d-project/data/cache/reconstruction/metrics/02691156/167740d2a5f5cb6c7f4561609781d8c9/ebd55004bc56ad1b5f324aa2.json,12.203132000195183
02691156/167740d2a5f5cb6c7f4561609781d8c9,oracle,3,"[0, 38, 34]",0.35208138521968474,0.48322870132960016,0.6143760174395155,0.0,0.0,0.0,1.9153200409410096,0.0,0.0,0.0,0.0,0.0,0.0,camera_pose_sim3,2.585894990210412,0.6221240637323247,10000,10000,True,False,True,/content/cv3d-project/data/cache/reconstruction/predictions/02691156/167740d2a5f5cb6c7f4561609781d8c9/fe3687722996ff65cf6215a9.npz,523f541deb27750966cd1cd25883b06b8570e5ec3288402a3bd7f82aa02c371a,/content/cv3d-project/data/cache/reconstruction/metrics/02691156/167740d2a5f5cb6c7f4561609781d8c9/c6b1a54f2bac621e0519fd0f.json,12.555546999919898
02691156/167740d2a5f5cb6c7f4561609781d8c9,oracle,5,"[0, 38, 34, 29, 15]",0.06247369969068605,0.09515336331474553,0.127833026938805,0.5209267850508953,0.0,0.0,1.9153200409410096,0.9928,0.0,0.0,0.3531,0.0,0.0,camera_pose_sim3,2.6072058008600436,0.16829330554024427,10000,10000,True,False,True,/content/cv3d-project/data/cache/reconstruction/predictions/02691156/167740d2a5f5cb6c7f4561609781d8c9/60800c4db626f3e021b4b44b.npz,b1b3d17c7504a5b42869ff0fb2c5681a0914dabe819294679ddef39171ad573a,/content/cv3d-project/data/cache/reconstruction/metrics/02691156/167740d2a5f5cb6c7f4561609781d8c9/99233451310ccdeca8d15e34.json,12.439913999969576
02691156/167740d2a5f5cb6c7f4561609781d8c9,oracle,10,"[0, 38, 34, 29, 15, 10, 28, 39, 44, 21]",0.03688916843948038,0.05210865712617338,0.06732814581286638,0.9179245793431803,0.07269394518801785,0.12515387552500953,1.9153200409410096,1.0,0.0997,0.1585,0.8483,0.0572,0.1034,camera_pose_sim3,2.6817179499545203,0.14438151942202102,10000,10000,True,False,True,/content/cv3d-project/data/cache/reconstruction/predictions/02691156/167740d2a5f5cb6c7f4561609781d8c9/7199bf0aea02ca37d16aa928.npz,ce7fdd3b341870e52b9170935dc6a45c04f6b96585c8d11ff4e3c15a44a3f08a,/content/cv3d-project/data/cache/reconstruction/metrics/02691156/167740d2a5f5cb6c7f4561609781d8c9/e24355fefb5223cf9ba57b7e.json,12.870295999618975
02828884/1b9ddee986099bb78880edc6251fa529,oracle,1,[0],0.86207980019053,0.9159679203271784,0.9698560404638269,0.0,0.0,0.0,1.9999222837012909,0.0,0.0,0.0,0.0,0.0,0.0,camera_rotation_center_and_target_diameter_scale_single_view,4.720022176791655,0.0,10000,10000,True,True,True,/content/cv3d-project/data/cache/reconstruction/predictions/02828884/1b9ddee986099bb78880edc6251fa529/5749087548243d0594fddeb2.npz,fa3dc1fa8c10444e5f96b85edafa77537c63c666cbcab3c65271df97646ec000,/content/cv3d-project/data/cache/reconstruction/metrics/02828884/1b9ddee986099bb78880edc6251fa529/a44d3539825c7a3a44b8e09d.json,4.022703999908117
02828884/1b9ddee986099bb78880edc6251fa529,oracle,2,"[0, 39]",1.0336767367418274,1.1234075656445321,1.213138394547237,0.0,0.0,0.0,1.9999222837012909,0.0,0.0,0.0,0.0,0.0,0.0,camera_pose_sim3,3.291777860886017,0.4876975422525737,10000,10000,True,False,True,/content/cv3d-project/data/cache/reconstruction/predictions/02828884/1b9ddee986099bb78880edc6251fa529/479c8981a524dbc4b861f671.npz,f7d01fb600d1b52bcb94796a2a4e58a6418f57a669e69a49f6c8874acd4e1955,/content/cv3d-project/data/cache/reconstruction/metrics/02828884/1b9ddee986099bb78880edc6251fa529/442b917048b1add17571facd.json,12.05117200015593
02828884/1b9ddee986099bb78880edc6251fa529,oracle,3,"[0, 39, 41]",0.20903487661089096,0.3106106517844408,0.4121864269579907,0.0,0.0,0.0,1.9999222837012909,0.0,0.0,0.0,0.0,0.0,0.0,camera_pose_sim3,0.4577550236595156,1.2971853405539737,10000,10000,True,False,True,/content/cv3d-project/data/cache/reconstruction/predictions/02828884/1b9ddee986099bb78880edc6251fa529/09197f12135b717b998ca7d3.npz,30edefa140334d14454100fc2565fef828436ce5b5e969e402aeea8048742057,/content/cv3d-project/data/cache/reconstruction/metrics/02828884/1b9ddee986099bb78880edc6251fa529/46a48012a94a9a3623c12c90.json,11.369340999863198
02828884/1b9ddee986099bb78880edc6251fa529,oracle,5,"[0, 39, 41, 12, 6]",0.025600388777346748,0.11251210459723715,0.19942382041712756,0.6043265875785067,0.08782579564489112,0.16924444444444445,1.9999222837012909,1.0,0.1808,0.3808,0.433,0.058,0.1088,camera_pose_sim3,1.903198671376215,0.9845963146209403,10000,10000,True,False,True,/content/cv3d-project/data/cache/reconstruction/predictions/02828884/1b9ddee986099bb78880edc6251fa529/e795193c132872a0828c61e4.npz,e13545857bd96ea6037895e585392a64e4181b5f49194aa7f975e95197376393,/content/cv3d-project/data/cache/reconstruction/metrics/02828884/1b9ddee986099bb78880edc6251fa529/006dfcaddccd80f20f301a9d.json,11.83977499977118
02828884/1b9ddee986099bb78880edc6251fa529,oracle,10,"[0, 39, 41, 12, 6, 44, 8, 37, 47, 13]",0.023579170748930553,0.07502730322135764,0.12647543569378472,0.7115892546543838,0.17106148867313914,0.2522423399162178,1.9999222837012909,1.0,0.2782,0.4997,0.5523,0.1235,0.1687,camera_pose_sim3,2.0446800860388286,0.7560438952632275,10000,10000,True,False,True,/content/cv3d-project/data/cache/reconstruction/predictions/02828884/1b9ddee986099bb78880edc6251fa529/60195c973bcab44662dc13a6.npz,1d879fa8d95b910d06e68cb435cb2508849a2168c2bcc764aefd8d5048f0fcb3,/content/cv3d-project/data/cache/reconstruction/metrics/02828884/1b9ddee986099bb78880edc6251fa529/c0c05256eddc0a140186affe.json,11.997440999948594
02828884/1bace34d2c1dc49b3b5ee89f1f802f5a,oracle,1,[0],1.2894427501931696,1.3647095093124435,1.4399762684317174,0.0,0.0,0.0,1.996486009003384,0.0,0.0,0.0,0.0,0.0,0.0,camera_rotation_center_and_target_diameter_scale_single_view,5.644574639718875,0.0,10000,10000,True,True,True,/content/cv3d-project/data/cache/reconstruction/predictions/02828884/1bace34d2c1dc49b3b5ee89f1f802f5a/bb956e233ff8670b635eac9d.npz,520f01c64fc769fc141d6cb70fe3a3cb91858f652982d0b5060ec4c7670cfd96,/content/cv3d-project/data/cache/reconstruction/metrics/02828884/1bace34d2c1dc49b3b5ee89f1f802f5a/10c7dd1a0da94a6c4f104c0f.json,3.7727600001744577
02828884/1bace34d2c1dc49b3b5ee89f1f802f5a,oracle,2,"[0, 38]",0.16059074178126434,0.22181056704726143,0.28303039231325855,0.04190223266745005,0.0,0.0,1.996486009003384,0.0478,0.0,0.0,0.0373,0.0,0.0,camera_pose_sim3,2.428779671342904,0.056142563300630756,10000,10000,True,False,True,/content/cv3d-project/data/cache/reconstruction/predictions/02828884/1bace34d2c1dc49b3b5ee89f1f802f5a/4e0f5dff9e10d76fc87e053a.npz,54c761fd67a53b21a64503d4351813af8b27098a087814933d58364c445ca4e1,/content/cv3d-project/data/cache/reconstruction/metrics/02828884/1bace34d2c1dc49b3b5ee89f1f802f5a/73f8f600d3f9d0637c728b29.json,11.469658999885723
02828884/1bace34d2c1dc49b3b5ee89f1f802f5a,oracle,3,"[0, 38, 26]",0.17462026283579948,0.34046663957715934,0.5063130163185192,0.009089964912280701,0.0007916666666666666,0.0019218390804597706,1.996486009003384,0.1378,0.0019,0.0076,0.0047,0.0005,0.0011,camera_pose_sim3,1.9627566913035468,1.043858888284018,10000,10000,True,False,True,/content/cv3d-project/data/cache/reconstruction/predictions/02828884/1bace34d2c1dc49b3b5ee89f1f802f5a/8b7a3c9fe3dacd44f3173871.npz,0c8bc9809288d4ab3a1e484da89583d8eee3ba6f3cd7abbdb444292f91886dd7,/content/cv3d-project/data/cache/reconstruction/metrics/02828884/1bace34d2c1dc49b3b5ee89f1f802f5a/0af6bc19265b5c40dde3b62f.json,11.091914000189718
02828884/1bace34d2c1dc49b3b5ee89f1f802f5a,oracle,5,"[0, 38, 26, 15, 9]",0.07371668416502691,0.16971857864926765,0.2657204731335084,0.2807309712539395,0.0,0.0012,1.996486009003384,0.8801,0.0,0.0018,0.167,0.0,0.0009,camera_pose_sim3,1.1603775372458687,1.1772689965796304,10000,10000,True,False,True,/content/cv3d-project/data/cache/reconstruction/predictions/02828884/1bace34d2c1dc49b3b5ee89f1f802f5a/cae097cb8fc0117f27ae57d8.npz,237094ef9b9a1cc27f75a70f9963347f1b61238707d1c75c67db17f8e684c844,/content/cv3d-project/data/cache/reconstruction/metrics/02828884/1bace34d2c1dc49b3b5ee89f1f802f5a/4dd959bf3b37dc32aade54ad.json,11.267878000126075
02828884/1bace34d2c1dc49b3b5ee89f1f802f5a,oracle,10,"[0, 38, 26, 15, 9, 44, 21, 11, 40, 2]",0.05837092942970148,0.07267853093957988,0.08698613244945827,0.7691567595000951,0.02936906584992343,0.08106631299734747,1.996486009003384,0.9105,0.043,0.1295,0.6658,0.0223,0.059,camera_pose_sim3,2.640643667649442,0.20773194133266093,10000,10000,True,False,True,/content/cv3d-project/data/cache/reconstruction/predictions/02828884/1bace34d2c1dc49b3b5ee89f1f802f5a/27cf335ca9f89f37e25615ea.npz,6385b3152e91b339e3935ad57771b91e274f0ddf7088503834b4a1e8cf11c10f,/content/cv3d-project/data/cache/reconstruction/metrics/02828884/1bace34d2c1dc49b3b5ee89f1f802f5a/632dc36b378286fb4b000219.json,11.62016299986135
02828884/1bb14f4633ad52e3ae944a46a2846086,oracle,1,[0],1.7574220209733225,1.8243447560429544,1.8912674911125866,0.0,0.0,0.0,1.9973045736966766,0.0,0.0,0.0,0.0,0.0,0.0,camera_rotation_center_and_target_diameter_scale_single_view,6.517435337767745,0.0,10000,10000,True,True,True,/content/cv3d-project/data/cache/reconstruction/predictions/02828884/1bb14f4633ad52e3ae944a46a2846086/de80530c6844bdec24a3062f.npz,c236b41b789119dce2b3c2759acb9a3897aeb83fe83e843e484e34b79401d743,/content/cv3d-project/data/cache/reconstruction/metrics/02828884/1bb14f4633ad52e3ae944a46a2846086/00d55bd2a5b5f7eb504b9c25.json,3.8462269999399723
02828884/1bb14f4633ad52e3ae944a46a2846086,oracle,2,"[0, 39]",1.0808240399890237,1.2350455797190594,1.3892671194490953,0.0,0.0,0.0,1.9973045736966766,0.0,0.0,0.0,0.0,0.0,0.0,camera_pose_sim3,3.190999138366332,0.5518805389135194,10000,10000,True,False,True,/content/cv3d-project/data/cache/reconstruction/predictions/02828884/1bb14f4633ad52e3ae944a46a2846086/c5053aadacc231b098bb5733.npz,55c92ca09bc33208071def02dae58413f4b2f3c32fba2f0513912543c963dbe4,/content/cv3d-project/data/cache/reconstruction/metrics/02828884/1bb14f4633ad52e3ae944a46a2846086/3f99e86214d881311a5ae451.json,11.188531000243529
02828884/1bb14f4633ad52e3ae944a46a2846086,oracle,3,"[0, 39, 41]",0.15015424005390676,0.2646597438032881,0.37916524755266945,0.0,0.0,0.0,1.9973045736966766,0.0,0.0,0.0,0.0,0.0,0.0,camera_pose_sim3,0.6893056990805325,1.2583744429933814,10000,10000,True,False,True,/content/cv3d-project/data/cache/reconstruction/predictions/02828884/1bb14f4633ad52e3ae944a46a2846086/efedb3bd67802663ce6a0cbc.npz,a90e7f1b5ff2ec179296403062a416efcf01a130b5b9fd0ce206caf38be000e2,/content/cv3d-project/data/cache/reconstruction/metrics/02828884/1bb14f4633ad52e3ae944a46a2846086/1a43358a80639655c726913d.json,11.193757000000915
02828884/1bb14f4633ad52e3ae944a46a2846086,oracle,5,"[0, 39, 41, 12, 29]",0.07138666450517851,0.2628691726572925,0.4543516808094064,0.032657772530499805,0.0,0.0,1.9973045736966766,0.9998,0.0,0.0,0.0166,0.0,0.0,camera_pose_sim3,0.6265298863713681,1.2805706814272113,10000,10000,True,False,True,/content/cv3d-project/data/cache/reconstruction/predictions/02828884/1bb14f4633ad52e3ae944a46a2846086/1a4018c10dc1fa117f3d25c3.npz,37567e75beaf79cdd60c83e9656b6ce52abe7fb2c64be24f2b4265dc13a54e89,/content/cv3d-project/data/cache/reconstruction/metrics/02828884/1bb14f4633ad52e3ae944a46a2846086/e29a560b0512e284c1fc15e8.json,11.475465999865264
02828884/1bb14f4633ad52e3ae944a46a2846086,oracle,10,"[0, 39, 41, 12, 29, 4, 40, 22, 11, 32]",0.07758249838030487,0.17403482748086213,0.2704871565814194,0.07752997555012225,0.0,0.0,1.9973045736966766,0.7772,0.0,0.0,0.0408,0.0,0.0,camera_pose_sim3,0.5693045057349497,1.3157605826850463,10000,10000,True,False,True,/content/cv3d-project/data/cache/reconstruction/predictions/02828884/1bb14f4633ad52e3ae944a46a2846086/83ef832082b1091243192176.npz,708b96cc08bf67b27555c6d051c93bf6daa3a2e3a6597827cb2d0fc4fc27dc27,/content/cv3d-project/data/cache/reconstruction/metrics/02828884/1bb14f4633ad52e3ae944a46a2846086/ffe0d057354762702cc9b01e.json,11.70298399983949
02828884/1bdfb8796887adf92056b4bd5d870b47,oracle,1,[0],1.3218953926908148,1.3843223402232963,1.4467492877557777,0.0,0.0,0.0,1.9938103178729814,0.0,0.0,0.0,0.0,0.0,0.0,camera_rotation_center_and_target_diameter_scale_single_view,5.779886056137207,0.0,10000,10000,True,True,True,/content/cv3d-project/data/cache/reconstruction/predictions/02828884/1bdfb8796887adf92056b4bd5d870b47/35614f4a4229671cbe0d6760.npz,b4f83f73abad1787f07eff1af9c1f4a95f10a9ac47f8626b3e8e8edccab54a18,/content/cv3d-project/data/cache/reconstruction/metrics/02828884/1bdfb8796887adf92056b4bd5d870b47/20b5f1fdc3d2e1373f3d6b37.json,3.660582000065915
02828884/1bdfb8796887adf92056b4bd5d870b47,oracle,2,"[0, 31]",0.39076603492046486,0.4961527226583178,0.6015394103961706,0.0,0.0,0.0,1.9938103178729814,0.0,0.0,0.0,0.0,0.0,0.0,camera_pose_sim3,0.4550045597080656,1.093497678756898,10000,10000,True,False,True,/content/cv3d-project/data/cache/reconstruction/predictions/02828884/1bdfb8796887adf92056b4bd5d870b47/cc2536ecf6efcca0115c4ea8.npz,4d05ba55b176191c32ea4a22cdea8b510238f9f96207bda1ab722a6cd2eec32f,/content/cv3d-project/data/cache/reconstruction/metrics/02828884/1bdfb8796887adf92056b4bd5d870b47/46181855291dab4bad5138d6.json,10.991200999797002
02828884/1bdfb8796887adf92056b4bd5d870b47,oracle,3,"[0, 31, 35]",1.033828215195864,1.0742322901861427,1.1146363651764215,0.0,0.0,0.0,1.9938103178729814,0.0,0.0,0.0,0.0,0.0,0.0,camera_pose_sim3,2.164393405572736,0.6770105713565517,10000,10000,True,False,True,/content/cv3d-project/data/cache/reconstruction/predictions/02828884/1bdfb8796887adf92056b4bd5d870b47/dba514c13032549271c900c6.npz,4b3c8be217c8ca9cfc24e118ca32f6e9b69d35853dcb410818df2bd7ca0cf113,/content/cv3d-project/data/cache/reconstruction/metrics/02828884/1bdfb8796887adf92056b4bd5d870b47/9c699b1ef1554ee07d0c3f4d.json,11.050049999994371
02828884/1bdfb8796887adf92056b4bd5d870b47,oracle,5,"[0, 31, 35, 44, 17]",0.22531747029895038,0.23858812705644802,0.25185878381394566,0.0,0.0,0.0,1.9938103178729814,0.0,0.0,0.0,0.0,0.0,0.0,camera_pose_sim3,2.524792965066365,0.2515834168905966,10000,10000,True,False,True,/content/cv3d-project/data/cache/reconstruction/predictions/02828884/1bdfb8796887adf92056b4bd5d870b47/1a5d74c85b64654ea942cfd0.npz,d1e20c44549f6c8c0c4637a0f1b9e9ecfbe6662b4d746d936f58a787d169a9f7,/content/cv3d-project/data/cache/reconstruction/metrics/02828884/1bdfb8796887adf92056b4bd5d870b47/716cd10aa08074724be70844.json,11.14537300009033
02828884/1bdfb8796887adf92056b4bd5d870b47,oracle,10,"[0, 31, 35, 44, 17, 39, 21, 2, 19, 32]",0.13200687879392123,0.14208330156009322,0.1521597243262652,0.08026991465149359,0.0,0.0,1.9938103178729814,0.0485,0.0,0.0,0.2327,0.0,0.0,camera_pose_sim3,2.5143530377045002,0.2508046878770914,10000,10000,True,False,True,/content/cv3d-project/data/cache/reconstruction/predictions/02828884/1bdfb8796887adf92056b4bd5d870b47/80949ae5b552c9ce05feef27.npz,be69e271bd0764de3a2d0278282ab2732c60501f0d24bd07f140c4e078c4fe4c,/content/cv3d-project/data/cache/reconstruction/metrics/02828884/1bdfb8796887adf92056b4bd5d870b47/f49416ed54858388392d61be.json,11.789336000219919
02828884/1be0e167a93a1069acb4ead41419080a,oracle,1,[0],2.6262990130353203,2.705756745041234,2.7852144770471474,0.0,0.0,0.0,1.999964694179535,0.0,0.0,0.0,0.0,0.0,0.0,camera_rotation_center_and_target_diameter_scale_single_view,8.533754845050128,0.0,10000,10000,True,True,True,/content/cv3d-project/data/cache/reconstruction/predictions/02828884/1be0e167a93a1069acb4ead41419080a/44ae8484882efbfb5f09c006.npz,5ae0ff81866882706eff91f28ea53064a045a93a7e4382b20f392db072d47534,/content/cv3d-project/data/cache/reconstruction/metrics/02828884/1be0e167a93a1069acb4ead41419080a/a11784942771587d86cc2636.json,3.7150590001147066
02828884/1be0e167a93a1069acb4ead41419080a,oracle,2,"[0, 33]",1.5790053396690955,1.6993572290541086,1.8197091184391219,0.0,0.0,0.0,1.999964694179535,0.0,0.0,0.0,0.0,0.0,0.0,camera_pose_sim3_positive_scale_fallback,4.101842472578874,1.9887846437274957e-16,10000,10000,True,False,True,/content/cv3d-project/data/cache/reconstruction/predictions/02828884/1be0e167a93a1069acb4ead41419080a/78acd9a8c3ab1e28869ea915.npz,7e9868df498604acbef69e9b12c2cef9a3d159af3dd641ecfed7d912d08b8b41,/content/cv3d-project/data/cache/reconstruction/metrics/02828884/1be0e167a93a1069acb4ead41419080a/e3c33c4fcc80e168f2af55e0.json,11.361279000084323
02828884/1be0e167a93a1069acb4ead41419080a,oracle,3,"[0, 33, 36]",0.5750143110802212,0.6160982231956866,0.6571821353111522,0.0,0.0,0.0,1.999964694179535,0.0,0.0,0.0,0.0,0.0,0.0,camera_pose_sim3,1.6229991159190236,0.9580191975742343,10000,10000,True,False,True,/content/cv3d-project/data/cache/reconstruction/predictions/02828884/1be0e167a93a1069acb4ead41419080a/ecc0e05791a3d7d4a306ec65.npz,28d3f444d2f1ee07f68291eb9982c02034a0e1fd0a7dd5c4edcb48dc35d25caa,/content/cv3d-project/data/cache/reconstruction/metrics/02828884/1be0e167a93a1069acb4ead41419080a/3fafe53602153155bc44a711.json,11.315188000025955
02828884/1be0e167a93a1069acb4ead41419080a,oracle,5,"[0, 33, 36, 26, 31]",0.32371073200317424,0.3684576526214268,0.41320457323967946,0.0,0.0,0.0,1.999964694179535,0.0,0.0,0.0,0.0,0.0,0.0,camera_pose_sim3,1.9486560853514836,0.7642608079480382,10000,10000,True,False,True,/content/cv3d-project/data/cache/reconstruction/predictions/02828884/1be0e167a93a1069acb4ead41419080a/84f5312cc04afbe23cd9bc3d.npz,916ccf08c8c1a78d276ec19c825cffcd8ab481fc5240e2a69142bd8c5ef34635,/content/cv3d-project/data/cache/reconstruction/metrics/02828884/1be0e167a93a1069acb4ead41419080a/1242b87581ea0a2602899bf2.json,11.142801999994845
02828884/1be0e167a93a1069acb4ead41419080a,oracle,10,"[0, 33, 36, 26, 31, 42, 24, 10, 6, 18]",0.07481437370331731,0.10906948463606991,0.14332459556882252,0.417693193823649,0.02499099099099099,0.04568322147651007,1.999964694179535,0.6837,0.0365,0.0884,0.3007,0.019,0.0308,camera_pose_sim3,2.498653473851138,0.3446041645155193,10000,10000,True,False,True,/content/cv3d-project/data/cache/reconstruction/predictions/02828884/1be0e167a93a1069acb4ead41419080a/146e990efa755351b0e20c65.npz,fd1b76926afcd1788c0704d6ca4807c1d084515f79524a9544f338779f996925,/content/cv3d-project/data/cache/reconstruction/metrics/02828884/1be0e167a93a1069acb4ead41419080a/ac67285b75bffb87ef37e6f9.json,11.922678000246378
02828884/1be83cdaf803fa3b827358da75ee7655,oracle,1,[0],1.243470682593662,1.3082345852674355,1.372998487941209,0.0,0.0,0.0,1.9956891685579317,0.0,0.0,0.0,0.0,0.0,0.0,camera_rotation_center_and_target_diameter_scale_single_view,5.53128167425749,0.0,10000,10000,True,True,True,/content/cv3d-project/data/cache/reconstruction/predictions/02828884/1be83cdaf803fa3b827358da75ee7655/2c531d17ee36c876cf289132.npz,a71e69ec7e70d8ae6853e626cbe21c59cfa760f64c09610f69ba7612e07a65ec,/content/cv3d-project/data/cache/reconstruction/metrics/02828884/1be83cdaf803fa3b827358da75ee7655/38284d2909aa3a011d8cd89d.json,3.649647000202094
02828884/1be83cdaf803fa3b827358da75ee7655,oracle,2,"[0, 45]",0.08516516429399901,0.15956749453012126,0.23396982476624348,0.21559288190432171,0.0,0.001125,1.9956891685579317,0.7392,0.0,0.0015,0.1262,0.0,0.0009,camera_pose_sim3,2.4781536239243596,0.03995957637789725,10000,10000,True,False,True,/content/cv3d-project/data/cache/reconstruction/predictions/02828884/1be83cdaf803fa3b827358da75ee7655/b98fad98e47954cc601f7379.npz,cce3d727a06c975790ae6575737fe5259273e80f1a4ae15f56db6dd41529c9c7,/content/cv3d-project/data/cache/reconstruction/metrics/02828884/1be83cdaf803fa3b827358da75ee7655/1db8a60b0ebfcafb8e531480.json,10.984991999976046
02828884/1be83cdaf803fa3b827358da75ee7655,oracle,3,"[0, 45, 10]",0.2880191392986742,0.36089316448846254,0.4337671896782509,0.0,0.0,0.0,1.9956891685579317,0.0,0.0,0.0,0.0,0.0,0.0,camera_pose_sim3,1.631221581190825,1.0203613457303018,10000,10000,True,False,True,/content/cv3d-project/data/cache/reconstruction/predictions/02828884/1be83cdaf803fa3b827358da75ee7655/03caafdc3784c044b4e1a6e3.npz,afde5312a935591304822e97b5d33485d2779ef63a133282718cdd4ba878c70d,/content/cv3d-project/data/cache/reconstruction/metrics/02828884/1be83cdaf803fa3b827358da75ee7655/3bd83855b9652ae2a160ad5e.json,11.283607000223128
02828884/1be83cdaf803fa3b827358da75ee7655,oracle,5,"[0, 45, 10, 25, 29]",0.2716564301193925,0.35037338188180556,0.42909033364421856,0.0,0.0,0.0,1.9956891685579317,0.0,0.0,0.0,0.0,0.0,0.0,camera_pose_sim3,1.7632157305387735,1.0429532753551085,10000,10000,True,False,True,/content/cv3d-project/data/cache/reconstruction/predictions/02828884/1be83cdaf803fa3b827358da75ee7655/95aa676bac2770c7b19e9ca3.npz,efa296d0c7af7aec20e6e8bbd4c1323b9d82e717e54cbbe6fb7b7ee61ec08565,/content/cv3d-project/data/cache/reconstruction/metrics/02828884/1be83cdaf803fa3b827358da75ee7655/86f426933624970bf6810626.json,11.382517999663833
02828884/1be83cdaf803fa3b827358da75ee7655,oracle,10,"[0, 45, 10, 25, 29, 8, 27, 32, 35, 6]",0.018844278944250243,0.034984319760046984,0.05112436057584373,0.9124524197933659,0.19619047393364927,0.4105201779400023,1.9956891685579317,1.0,0.2669,0.5488,0.839,0.1551,0.3279,camera_pose_sim3,2.705950443669386,0.11759116691807635,10000,10000,True,False,True,/content/cv3d-project/data/cache/reconstruction/predictions/02828884/1be83cdaf803fa3b827358da75ee7655/80e7cdd0a83087f8b0edb07a.npz,ff01bbcbaaee3868725faa91c65152e11cbba3b6ab98e187432267fe34135864,/content/cv3d-project/data/cache/reconstruction/metrics/02828884/1be83cdaf803fa3b827358da75ee7655/58feebda0ca881d002a6806e.json,11.835883999992802
02828884/1bf5b1fa54aeec162701a18243b45d3,oracle,1,[0],0.9170850899450447,0.9473211806277073,0.9775572713103698,0.0,0.0,0.0,1.9832441808983565,0.0,0.0,0.0,0.0,0.0,0.0,camera_rotation_center_and_target_diameter_scale_single_view,4.8639407297171084,0.0,10000,10000,True,True,True,/content/cv3d-project/data/cache/reconstruction/predictions/02828884/1bf5b1fa54aeec162701a18243b45d3/db1b466b5d83dba4ae0ddbd0.npz,2881c5fbf70c97bee8dc633862560120a77f0a1eb0501e3182ab9ac0d5b0d054,/content/cv3d-project/data/cache/reconstruction/metrics/02828884/1bf5b1fa54aeec162701a18243b45d3/f163061e4eff903c7f88b499.json,3.7056350001876126
02828884/1bf5b1fa54aeec162701a18243b45d3,oracle,2,"[0, 45]",0.8730382627566112,1.0476287063228136,1.2222191498890158,0.0,0.0,0.0,1.9832441808983565,0.0,0.0,0.0,0.0,0.0,0.0,camera_pose_sim3,2.1860331065787486,0.8830278082119027,10000,10000,True,False,True,/content/cv3d-project/data/cache/reconstruction/predictions/02828884/1bf5b1fa54aeec162701a18243b45d3/a07432e7249dc54622a2a483.npz,a2d745e650ae5792ae73f53fd6c5fcf5ed0ffaee8d120b3527fb8bd99e2e2858,/content/cv3d-project/data/cache/reconstruction/metrics/02828884/1bf5b1fa54aeec162701a18243b45d3/0cfae1c01513fa1cdf6469bc.json,11.268577999999252
02828884/1bf5b1fa54aeec162701a18243b45d3,oracle,3,"[0, 45, 33]",0.31695665676469537,0.38235117589707424,0.44774569502945316,0.0,0.0,0.0,1.9832441808983565,0.0,0.0,0.0,0.0,0.0,0.0,camera_pose_sim3,1.6601897113957236,1.049091426399299,10000,10000,True,False,True,/content/cv3d-project/data/cache/reconstruction/predictions/02828884/1bf5b1fa54aeec162701a18243b45d3/731008de99840d1879d213df.npz,ea9ad07a66e63ecb61ba5fadc5c3d2cd752b1f5082e7b07e1f5b7da88d89c7bd,/content/cv3d-project/data/cache/reconstruction/metrics/02828884/1bf5b1fa54aeec162701a18243b45d3/23afd489c0d9a71d3373b38f.json,11.157706999711081
02828884/1bf5b1fa54aeec162701a18243b45d3,oracle,5,"[0, 45, 33, 19, 6]",0.0477822679237744,0.0870720850209227,0.126361902118071,0.5321411635081533,0.04482006420545746,0.09439992857142857,1.9832441808983565,0.9987,0.0953,0.2199,0.3627,0.0293,0.0601,camera_pose_sim3,2.7009213427156618,0.48121843116365726,10000,10000,True,False,True,/content/cv3d-project/data/cache/reconstruction/predictions/02828884/1bf5b1fa54aeec162701a18243b45d3/60298babda7236a934591c53.npz,f7a52a3b87d7f95044d28d0e08e52e5a8137de540ef09cab3133c98724d7d904,/content/cv3d-project/data/cache/reconstruction/metrics/02828884/1bf5b1fa54aeec162701a18243b45d3/3150a72cc478554384327457.json,11.241422999773931
02828884/1bf5b1fa54aeec162701a18243b45d3,oracle,10,"[0, 45, 33, 19, 6, 42, 2, 25, 24, 13]",0.05145364831719562,0.06955151388411099,0.08764937945102634,0.7764708733704633,0.03224285714285714,0.09631806991629739,1.9832441808983565,0.9988,0.0427,0.1246,0.6351,0.0259,0.0785,camera_pose_sim3,2.7321507873412094,0.29263947539620216,10000,10000,True,False,True,/content/cv3d-project/data/cache/reconstruction/predictions/02828884/1bf5b1fa54aeec162701a18243b45d3/f8073267b32727e6ee9e76cb.npz,7472b69b699956d71c94f82832edd8d50401c884d93f2cc3eda70df0e3e92874,/content/cv3d-project/data/cache/reconstruction/metrics/02828884/1bf5b1fa54aeec162701a18243b45d3/335743f5eae517cb7b03e9bf.json,11.516565999954764
02828884/1c310698c57a3d378fd6b27be619556b,oracle,1,[0],2.525281188971215,2.599678197060241,2.674075205149267,0.0,0.0,0.0,1.9950540985544871,0.0,0.0,0.0,0.0,0.0,0.0,camera_rotation_center_and_target_diameter_scale_single_view,8.038850366443375,0.0,10000,10000,True,True,True,/content/cv3d-project/data/cache/reconstruction/predictions/02828884/1c310698c57a3d378fd6b27be619556b/daf8b923ffd6f48688f56999.npz,2c0fc4268554e92a3f1ddc99cf36a54979a80f63f06d66c635d797095acbc2b7,/content/cv3d-project/data/cache/reconstruction/metrics/02828884/1c310698c57a3d378fd6b27be619556b/56de3b322f2703fe837867bc.json,3.9170310001281905
02828884/1c310698c57a3d378fd6b27be619556b,oracle,2,"[0, 44]",0.014133214087651709,0.06359919450858977,0.11306517492952782,0.6625651999465025,0.19439117826617824,0.32443454404945904,1.9950540985544871,1.0,0.5365,0.8338,0.4954,0.1187,0.2014,camera_pose_sim3,2.56236935511952,0.020461424564485325,10000,10000,True,True,True,/content/cv3d-project/data/cache/reconstruction/predictions/02828884/1c310698c57a3d378fd6b27be619556b/08cf37f11a6f6c1dcb9ed11b.npz,cbef78923d41599f7d8c8e33785cebdb58e3155b12f0ac9f936c4c686248bbea,/content/cv3d-project/data/cache/reconstruction/metrics/02828884/1c310698c57a3d378fd6b27be619556b/1e93b489edefaf2289ebeb81.json,2.409252000234119
02828884/1c310698c57a3d378fd6b27be619556b,oracle,3,"[0, 44, 17]",0.07877510448125956,0.10163739216212947,0.12449967984299938,0.6378260869565218,0.007265432098765432,0.02182795698924731,1.9950540985544871,0.8965,0.0107,0.029,0.495,0.0055,0.0175,camera_pose_sim3,2.618501877141362,0.17588763254976095,10000,10000,True,False,True,/content/cv3d-project/data/cache/reconstruction/predictions/02828884/1c310698c57a3d378fd6b27be619556b/d1d8c0415ef9cfb8c43df284.npz,ab2a291c58e9eea66f984a2ddd961053561e009876e20ee75b5a1a07d8736211,/content/cv3d-project/data/cache/reconstruction/metrics/02828884/1c310698c57a3d378fd6b27be619556b/3edfbc634a0fa076d75b7714.json,11.7389209999601
02828884/1c310698c57a3d378fd6b27be619556b,oracle,5,"[0, 44, 17, 11, 31]",0.043311548992989,0.05769305394853774,0.07207455890408648,0.8489160148975792,0.04987862068965517,0.12499384246301479,1.9950540985544871,0.9532,0.0574,0.1277,0.7652,0.0441,0.1224,camera_pose_sim3,2.6423706692777653,0.08311097219919895,10000,10000,True,False,True,/content/cv3d-project/data/cache/reconstruction/predictions/02828884/1c310698c57a3d378fd6b27be619556b/35fd94a19ec759794b6afd9a.npz,a4abd4421f2678b2c9718d18e369f68e0896ca0909d9e666958c2b6f7906d6d5,/content/cv3d-project/data/cache/reconstruction/metrics/02828884/1c310698c57a3d378fd6b27be619556b/5197a16be0765cd81941a302.json,11.81992200008608
02828884/1c310698c57a3d378fd6b27be619556b,oracle,10,"[0, 44, 17, 11, 31, 41, 29, 14, 35, 2]",0.031123390672518188,0.04843288133307089,0.06574237199362358,0.8057667433971408,0.11268865619546248,0.2502594339622642,1.9950540985544871,0.9527,0.1294,0.3275,0.6981,0.0998,0.2025,camera_pose_sim3,2.713203954589529,0.10412936742747961,10000,10000,True,False,True,/content/cv3d-project/data/cache/reconstruction/predictions/02828884/1c310698c57a3d378fd6b27be619556b/158a359559e795cab666b241.npz,72feaaae4312e86e61a9be4e4a750b39548caab394f08af20dcee84879800b2d,/content/cv3d-project/data/cache/reconstruction/metrics/02828884/1c310698c57a3d378fd6b27be619556b/feb4ae63ee75a1d88e2ea3b8.json,11.895548999746097
02828884/1c47c37d6c785d4fe7fd9a18c19837e5,oracle,1,[0],0.702726821275071,0.7741628858965848,0.8455989505180984,0.0,0.0,0.0,1.9968522502425168,0.0,0.0,0.0,0.0,0.0,0.0,camera_rotation_center_and_target_diameter_scale_single_view,4.524124970949531,0.0,10000,10000,True,True,True,/content/cv3d-project/data/cache/reconstruction/predictions/02828884/1c47c37d6c785d4fe7fd9a18c19837e5/7a74e2a8506b9e6ec8cf0e25.npz,7f20be6f86e1c37263e87c8e0e196800bbf74b67348d8a0679cf7a2c79f442f8,/content/cv3d-project/data/cache/reconstruction/metrics/02828884/1c47c37d6c785d4fe7fd9a18c19837e5/b2666f01a0602a3693632f4b.json,3.7028400001872797
02828884/1c47c37d6c785d4fe7fd9a18c19837e5,oracle,2,"[0, 26]",0.47771102629456313,0.6224491846179498,0.7671873429413366,0.0,0.0,0.0,1.9968522502425168,0.0,0.0,0.0,0.0,0.0,0.0,camera_pose_sim3,0.41764136312425776,1.0284982882042848,10000,10000,True,True,True,/content/cv3d-project/data/cache/reconstruction/predictions/02828884/1c47c37d6c785d4fe7fd9a18c19837e5/0d0cc53761b240850b170686.npz,2697911ebe5ab0a384974f44de4da96a724f9cdeb9e936f6ab44769522b4ac91,/content/cv3d-project/data/cache/reconstruction/metrics/02828884/1c47c37d6c785d4fe7fd9a18c19837e5/7ebd7715a1b037b449558728.json,2.3670969999329827
02828884/1c47c37d6c785d4fe7fd9a18c19837e5,oracle,3,"[0, 26, 39]",0.4413947841333787,0.5655135673755316,0.6896323506176845,0.0,0.0,0.0,1.9968522502425168,0.0,0.0,0.0,0.0,0.0,0.0,camera_pose_sim3,1.5232846511938367,1.055799189617776,10000,10000,True,False,True,/content/cv3d-project/data/cache/reconstruction/predictions/02828884/1c47c37d6c785d4fe7fd9a18c19837e5/ee0754049413db93572a7fcd.npz,c1731759f4af3b2e99adc55d9c12d5b1e64f6558728596033113269dccf8c733,/content/cv3d-project/data/cache/reconstruction/metrics/02828884/1c47c37d6c785d4fe7fd9a18c19837e5/2b3fe641643f389876e0f443.json,11.402813000131573
02828884/1c47c37d6c785d4fe7fd9a18c19837e5,oracle,5,"[0, 26, 39, 43, 15]",0.10571627100591094,0.22461155335324984,0.34350683570058876,0.05671806674338321,0.0014444444444444446,0.004819900497512438,1.9968522502425168,0.404,0.0026,0.0173,0.0305,0.001,0.0028,camera_pose_sim3,1.918628314977337,1.0242046575595478,10000,10000,True,False,True,/content/cv3d-project/data/cache/reconstruction/predictions/02828884/1c47c37d6c785d4fe7fd9a18c19837e5/5b987c1a9147a1941755fd01.npz,51844543a89e89049cae64d9d8672227c83bf0ccd9bce11e2f66d5921bcd6561,/content/cv3d-project/data/cache/reconstruction/metrics/02828884/1c47c37d6c785d4fe7fd9a18c19837e5/29496737244718cc94984ae0.json,11.55674999972689
02828884/1c47c37d6c785d4fe7fd9a18c19837e5,oracle,10,"[0, 26, 39, 43, 15, 2, 21, 33, 11, 25]",0.4100756433778095,0.4299446816437585,0.4498137199097075,0.0,0.0,0.0,1.9968522502425168,0.0,0.0,0.0,0.0,0.0,0.0,camera_pose_sim3,1.5767060081790776,0.9149566777226316,10000,10000,True,False,True,/content/cv3d-project/data/cache/reconstruction/predictions/02828884/1c47c37d6c785d4fe7fd9a18c19837e5/c2eba21d4b6d8067324f5530.npz,203ce98f1cc0a7711e447b5601967826d63407e349d614a765b82c6c00446a13,/content/cv3d-project/data/cache/reconstruction/metrics/02828884/1c47c37d6c785d4fe7fd9a18c19837e5/f0c4e9e9459091799a33c986.json,11.731017000329302
02828884/1c79aa69e4ec26b65dc236dd32108e81,oracle,1,[0],1.0634217299928894,1.1061624292066656,1.1489031284204418,0.0,0.0,0.0,1.9998244447387743,0.0,0.0,0.0,0.0,0.0,0.0,camera_rotation_center_and_target_diameter_scale_single_view,5.080219142752097,0.0,10000,10000,True,True,True,/content/cv3d-project/data/cache/reconstruction/predictions/02828884/1c79aa69e4ec26b65dc236dd32108e81/892bdcd014934db8ba5b75e0.npz,d7a26229e3e037dadb07a003b34cfae127f355d446ceef45f6b59244aba0248e,/content/cv3d-project/data/cache/reconstruction/metrics/02828884/1c79aa69e4ec26b65dc236dd32108e81/463c230b0ca0bc2e444ba9a4.json,3.784258999985468
02828884/1c79aa69e4ec26b65dc236dd32108e81,oracle,2,"[0, 38]",0.5145481083758928,0.5416070583678821,0.5686660083598715,0.0,0.0,0.0,1.9998244447387743,0.0,0.0,0.0,0.0,0.0,0.0,camera_pose_sim3,2.355224337762948,0.046093932226762765,10000,10000,True,True,True,/content/cv3d-project/data/cache/reconstruction/predictions/02828884/1c79aa69e4ec26b65dc236dd32108e81/60b055ffac38a1b26564c6dc.npz,da1a7f71dccf1999c7c38cfe360dab802d3b87c6dce553738ef331ad4771941b,/content/cv3d-project/data/cache/reconstruction/metrics/02828884/1c79aa69e4ec26b65dc236dd32108e81/00beda20206018df7cf44e0c.json,2.3631820004084148
02828884/1c79aa69e4ec26b65dc236dd32108e81,oracle,3,"[0, 38, 26]",0.10969938638011377,0.2716269278687897,0.4335544693574657,0.13549176710235955,0.0017678571428571428,0.006374522292993631,1.9998244447387743,0.511,0.0045,0.0278,0.0781,0.0011,0.0036,camera_pose_sim3,1.5003516722325347,1.1133338487421174,10000,10000,True,False,True,/content/cv3d-project/data/cache/reconstruction/predictions/02828884/1c79aa69e4ec26b65dc236dd32108e81/231a133952f8f66cfef8406f.npz,ab78a8444d8fd07c5fcac2b98e492e8f1b1b0157488870fa96b7b432a4f00607,/content/cv3d-project/data/cache/reconstruction/metrics/02828884/1c79aa69e4ec26b65dc236dd32108e81/86de0f56aad9a6553b07f8cf.json,11.339448999933666
02828884/1c79aa69e4ec26b65dc236dd32108e81,oracle,5,"[0, 38, 26, 17, 47]",0.12234053263253146,0.22543042426293514,0.3285203158933388,0.015788549618320612,0.0,0.0,1.9998244447387743,0.0962,0.0,0.0,0.0086,0.0,0.0,camera_pose_sim3,1.2366398290413547,1.1111528287535157,10000,10000,True,False,True,/content/cv3d-project/data/cache/reconstruction/predictions/02828884/1c79aa69e4ec26b65dc236dd32108e81/778952465a80ba53e1469960.npz,31fecfbb41b3681a3b4b2cce64e0c1c2e72cc580e5ab04b916a154eac3ed031e,/content/cv3d-project/data/cache/reconstruction/metrics/02828884/1c79aa69e4ec26b65dc236dd32108e81/6857bcc7f6480cafd2fef0e7.json,11.532055999850854
02828884/1c79aa69e4ec26b65dc236dd32108e81,oracle,10,"[0, 38, 26, 17, 47, 12, 32, 30, 1, 18]",0.06555349608012256,0.0953515311058063,0.12514956613149003,0.5821611171282686,0.03484270462633452,0.06156871794871795,1.9998244447387743,0.8499,0.0597,0.1138,0.4427,0.0246,0.0422,camera_pose_sim3,2.3332214013120494,0.7631177421676225,10000,10000,True,False,True,/content/cv3d-project/data/cache/reconstruction/predictions/02828884/1c79aa69e4ec26b65dc236dd32108e81/7852ae417926bf12df3e3bca.npz,c92db89fb3e03d79d7f6c4f690aae5656cbc4b309160f46423898e7a06914004,/content/cv3d-project/data/cache/reconstruction/metrics/02828884/1c79aa69e4ec26b65dc236dd32108e81/be1a37b5279be8a9355508f3.json,12.643657000353414
02933112/18d94e539b0ed30d105e720ebc569399,oracle,1,[0],1.945986839075785,2.0299777160731765,2.113968593070568,0.0,0.0,0.0,1.9962585713983276,0.0,0.0,0.0,0.0,0.0,0.0,camera_rotation_center_and_target_diameter_scale_single_view,7.029984925091792,0.0,10000,10000,True,True,True,/content/cv3d-project/data/cache/reconstruction/predictions/02933112/18d94e539b0ed30d105e720ebc569399/a4d7fe16341358ca617dc88f.npz,770d80774e7b6df31a56f05cc6b6fc6de666df910e2944bde999362053875c1c,/content/cv3d-project/data/cache/reconstruction/metrics/02933112/18d94e539b0ed30d105e720ebc569399/49d059b4aa222a5fa50a8c05.json,3.801470000325935
02933112/18d94e539b0ed30d105e720ebc569399,oracle,2,"[0, 44]",0.1122675648300671,0.18042480278717896,0.24858204074429083,0.07539033457249071,0.0,0.0,1.9962585713983276,0.1014,0.0,0.0,0.06,0.0,0.0,camera_pose_sim3,2.3907491879796083,0.0351693787064454,10000,10000,True,True,True,/content/cv3d-project/data/cache/reconstruction/predictions/02933112/18d94e539b0ed30d105e720ebc569399/c3e40b0da1d74d7d10a2a4d2.npz,0202d358261e8c23efd4a592ea983d51312a8c8937bbbd5f1669419dbbf99312,/content/cv3d-project/data/cache/reconstruction/metrics/02933112/18d94e539b0ed30d105e720ebc569399/ee9c082ac22700b90b38f4b7.json,2.4454150002384267
02933112/18d94e539b0ed30d105e720ebc569399,oracle,3,"[0, 44, 33]",0.06647765943188301,0.09760435892280475,0.1287310584137265,0.48099228568952057,0.0,0.003158974358974359,1.9962585713983276,0.812,0.0,0.0056,0.3417,0.0,0.0022,camera_pose_sim3,2.545982075353596,0.12442656122119808,10000,10000,True,False,True,/content/cv3d-project/data/cache/reconstruction/predictions/02933112/18d94e539b0ed30d105e720ebc569399/e54c984be5af7c0d775db112.npz,37ca791365025e2b4850ace3e0901ae93ae402086a9944270b9b0707bcac3609,/content/cv3d-project/data/cache/reconstruction/metrics/02933112/18d94e539b0ed30d105e720ebc569399/f6a545d543ebdebbaac14d8f.json,12.167145000148594
02933112/18d94e539b0ed30d105e720ebc569399,oracle,5,"[0, 44, 33, 20, 15]",0.072232061955985,0.09100571266908199,0.10977936338217897,0.6836164665988471,0.0,0.0,1.9962585713983276,0.9361,0.0,0.0,0.5384,0.0,0.0,camera_pose_sim3,2.562316675266214,0.11960344806366785,10000,10000,True,False,True,/content/cv3d-project/data/cache/reconstruction/predictions/02933112/18d94e539b0ed30d105e720ebc569399/16e9e82bf8e473c15061b231.npz,577dd51b001c1ddd298a98d69ac2a526f7f73db6bf7acba966f307d212e4661f,/content/cv3d-project/data/cache/reconstruction/metrics/02933112/18d94e539b0ed30d105e720ebc569399/a6a95a45a94e476f85e6c8fb.json,11.49533199986763
02933112/18d94e539b0ed30d105e720ebc569399,oracle,10,"[0, 44, 33, 20, 15, 42, 29, 32, 26, 36]",0.08330324314632383,0.16598070365836196,0.2486581641704001,0.25859198416625434,0.022415034965034965,0.05176535117056857,1.9962585713983276,0.6468,0.0419,0.1162,0.1616,0.0153,0.0333,camera_pose_sim3,2.5677366624065576,0.2678430348459086,10000,10000,True,False,True,/content/cv3d-project/data/cache/reconstruction/predictions/02933112/18d94e539b0ed30d105e720ebc569399/18cb0017c7df99a18618bf67.npz,12ffa26136008bdc015e6efadc40aeeda696b5507385e2e8d278c64caba92df8,/content/cv3d-project/data/cache/reconstruction/metrics/02933112/18d94e539b0ed30d105e720ebc569399/a6e21e4403b6a59b735d4e5d.json,11.608789000092656
02933112/18efc77e6837f7d311e76965808086c8,oracle,1,[0],0.7964792607124611,0.8516871802723494,0.9068950998322375,0.0,0.0,0.0,1.993318778220243,0.0,0.0,0.0,0.0,0.0,0.0,camera_rotation_center_and_target_diameter_scale_single_view,4.576718341702747,0.0,10000,10000,True,True,True,/content/cv3d-project/data/cache/reconstruction/predictions/02933112/18efc77e6837f7d311e76965808086c8/8cf1d9206e2c5b6a85c81b8f.npz,b1f219ca57a419108cdb4a13a0bd01de8264c406fce3ff1ca11bb52b6e80759b,/content/cv3d-project/data/cache/reconstruction/metrics/02933112/18efc77e6837f7d311e76965808086c8/ffdaf0b3d3a9d2884ea7d15b.json,3.827565999927174
02933112/18efc77e6837f7d311e76965808086c8,oracle,2,"[0, 44]",0.3128008714143567,0.3939485878845806,0.4750963043548045,0.04669350862777322,0.003474468085106383,0.005787128712871287,1.993318778220243,0.0902,0.0071,0.0167,0.0315,0.0023,0.0035,camera_pose_sim3,2.7056456398673663,0.31352494103237544,10000,10000,True,False,True,/content/cv3d-project/data/cache/reconstruction/predictions/02933112/18efc77e6837f7d311e76965808086c8/c9a5f33f88bbe0a334ed9ae9.npz,4ed13c7c6dba32588825ecc24260b00d3d251d3ee1d51fde0a0a0b4a48553640,/content/cv3d-project/data/cache/reconstruction/metrics/02933112/18efc77e6837f7d311e76965808086c8/3fac4ec4a77760f141f02f48.json,11.154974999953993
02933112/18efc77e6837f7d311e76965808086c8,oracle,3,"[0, 44, 9]",0.0580051146976027,0.13115364877187893,0.20430218284615517,0.35915137128806507,0.022054404945904174,0.05538952483801296,1.993318778220243,0.8281,0.0506,0.1513,0.2293,0.0141,0.0339,camera_pose_sim3,2.3891277184451902,0.21405170065325485,10000,10000,True,False,True,/content/cv3d-project/data/cache/reconstruction/predictions/02933112/18efc77e6837f7d311e76965808086c8/20c835e8b824ee0eafac5964.npz,52b278359741e0e6f09ff61d0d0eaef752e08ecb8a9e2838fa0d7e28f61a5d12,/content/cv3d-project/data/cache/reconstruction/metrics/02933112/18efc77e6837f7d311e76965808086c8/76313250346fd5a38cbf41a4.json,11.013024000021687
02933112/18efc77e6837f7d311e76965808086c8,oracle,5,"[0, 44, 9, 31, 19]",0.024397337920797568,0.05763519534203952,0.09087305276328148,0.7339368234474901,0.15392799833714402,0.23574209263258938,1.993318778220243,1.0,0.3849,0.6913,0.5797,0.0962,0.1421,camera_pose_sim3,2.3228173468223767,0.11417263835878615,10000,10000,True,False,True,/content/cv3d-project/data/cache/reconstruction/predictions/02933112/18efc77e6837f7d311e76965808086c8/409e50e183e7a12ce251f42f.npz,d78bee68c03199a38e93ee424f64f7e3fc9a52feb1cb5b12b46d3aef3b91ce89,/content/cv3d-project/data/cache/reconstruction/metrics/02933112/18efc77e6837f7d311e76965808086c8/755fb5d5fab0fe45ad676619.json,11.368849000064074
02933112/18efc77e6837f7d311e76965808086c8,oracle,10,"[0, 44, 9, 31, 19, 34, 20, 15, 42, 13]",0.0354860974345482,0.055579669491617696,0.0756732415486872,0.7603416098226466,0.06198464788732394,0.19381843376023514,1.993318778220243,0.9988,0.0963,0.3409,0.6138,0.0457,0.1354,camera_pose_sim3,2.288109336363236,0.13490857180592292,10000,10000,True,False,True,/content/cv3d-project/data/cache/reconstruction/predictions/02933112/18efc77e6837f7d311e76965808086c8/4f43b80421461228aa80c7e1.npz,cabeb93b5a1632fdd5bf42fb6e8b1868bd0dce02a4ebaaa212897d5caf19a456,/content/cv3d-project/data/cache/reconstruction/metrics/02933112/18efc77e6837f7d311e76965808086c8/2706827558a3cd453e361a67.json,11.860036000143737
02933112/18f41e91af76c77de25f00a04866d020,oracle,1,[0],1.2218473485927233,1.2547164537538107,1.2875855589148981,0.0,0.0,0.0,1.9953066564866837,0.0,0.0,0.0,0.0,0.0,0.0,camera_rotation_center_and_target_diameter_scale_single_view,5.3104803354985695,0.0,10000,10000,True,True,True,/content/cv3d-project/data/cache/reconstruction/predictions/02933112/18f41e91af76c77de25f00a04866d020/49b549e7307a392ae8726722.npz,8020836b266d6c3319fbdf38d6243e58fc3def5886056156410fcfc2e04b949c,/content/cv3d-project/data/cache/reconstruction/metrics/02933112/18f41e91af76c77de25f00a04866d020/53cc9da5bfa710e8d03604df.json,3.8265890002548986
02933112/18f41e91af76c77de25f00a04866d020,oracle,2,"[0, 42]",1.0238675056345463,1.1535935217714466,1.2833195379083469,0.0,0.0,0.0,1.9953066564866837,0.0,0.0,0.0,0.0,0.0,0.0,camera_pose_sim3,3.011947732488083,0.7920914553194089,10000,10000,True,False,True,/content/cv3d-project/data/cache/reconstruction/predictions/02933112/18f41e91af76c77de25f00a04866d020/171170bf830cc7ab86d87bed.npz,a825ea41492ed92d2122bab3d8b4cb2e02d82755819af9026a1c42784aedbe9e,/content/cv3d-project/data/cache/reconstruction/metrics/02933112/18f41e91af76c77de25f00a04866d020/aba37dac0294213f16ac7539.json,11.349216000326123
02933112/18f41e91af76c77de25f00a04866d020,oracle,3,"[0, 42, 39]",0.2709073896172848,0.3988735914334401,0.5268397932495954,0.0,0.0,0.0,1.9953066564866837,0.0,0.0,0.0,0.0,0.0,0.0,camera_pose_sim3,2.193285901088993,0.6552149708546401,10000,10000,True,False,True,/content/cv3d-project/data/cache/reconstruction/predictions/02933112/18f41e91af76c77de25f00a04866d020/d628e977739a7ce746750e39.npz,3dda16d2595c498ebccb9bf7e72026ae0b1e2ba34b84fae576b277ff903cd45e,/content/cv3d-project/data/cache/reconstruction/metrics/02933112/18f41e91af76c77de25f00a04866d020/ef42fe5b2ba0fa4d2e20103e.json,11.31183699999383
02933112/18f41e91af76c77de25f00a04866d020,oracle,5,"[0, 42, 39, 44, 40]",0.26853644526354425,0.36664916303655615,0.46476188080956804,0.0,0.0,0.0,1.9953066564866837,0.0,0.0,0.0,0.0,0.0,0.0,camera_pose_sim3,2.2234325868803366,0.5182683462996663,10000,10000,True,False,True,/content/cv3d-project/data/cache/reconstruction/predictions/02933112/18f41e91af76c77de25f00a04866d020/c50971b5312a2e1e641b3d99.npz,51c1ea8a81a39e2dfd9fabdde71c450c9351e262741f6dd7d159856247ae5fa1,/content/cv3d-project/data/cache/reconstruction/metrics/02933112/18f41e91af76c77de25f00a04866d020/34d1e1ec2a214ce3a4366533.json,11.636963000000833
02933112/18f41e91af76c77de25f00a04866d020,oracle,10,"[0, 42, 39, 44, 40, 24, 43, 21, 25, 32]",0.08801745185597636,0.15421341972254063,0.2204093875891049,0.1906801397205589,0.0,0.00016,1.9953066564866837,0.691,0.0,0.0004,0.1106,0.0,0.0001,camera_pose_sim3,2.5379713139728812,0.3372565956727834,10000,10000,True,False,True,/content/cv3d-project/data/cache/reconstruction/predictions/02933112/18f41e91af76c77de25f00a04866d020/a2392035f366ca636d33ae6b.npz,4a6b67e947ba696dbf452ddc70c522b8dda6c778e89076a13f721284d2a76cb7,/content/cv3d-project/data/cache/reconstruction/metrics/02933112/18f41e91af76c77de25f00a04866d020/05f18675f8e61c67d2e2e843.json,12.06066099985037
02933112/190cb7264781df604da5feafe6f1c8fc,oracle,1,[0],1.012083322696435,1.120632794629726,1.229182266563017,0.0,0.0,0.0,1.9957148831182396,0.0,0.0,0.0,0.0,0.0,0.0,camera_rotation_center_and_target_diameter_scale_single_view,5.225988913826778,0.0,10000,10000,True,True,True,/content/cv3d-project/data/cache/reconstruction/predictions/02933112/190cb7264781df604da5feafe6f1c8fc/1c1b0a6dfd0db9b35c248c46.npz,08e8871066466f400c5e10aa69069cedcbaa96ef6dbfde58971d00344a3bae75,/content/cv3d-project/data/cache/reconstruction/metrics/02933112/190cb7264781df604da5feafe6f1c8fc/613e2fd4785e501bb241a7a1.json,3.7740459997621656
02933112/190cb7264781df604da5feafe6f1c8fc,oracle,2,"[0, 44]",1.0093742092033098,1.1238871475276497,1.2384000858519897,0.0,0.0,0.0,1.9957148831182396,0.0,0.0,0.0,0.0,0.0,0.0,camera_pose_sim3,1.9471079329324419,0.9228118036976104,10000,10000,True,False,True,/content/cv3d-project/data/cache/reconstruction/predictions/02933112/190cb7264781df604da5feafe6f1c8fc/a9170ae3d895434c2fcd4d6b.npz,da5a89dead2d440c20c73cdf0aba994640aa97c10bfaf7d024f98e0b632fdc68,/content/cv3d-project/data/cache/reconstruction/metrics/02933112/190cb7264781df604da5feafe6f1c8fc/0d2239cf12d8e0c0cf75fcba.json,11.423693999859097
02933112/190cb7264781df604da5feafe6f1c8fc,oracle,3,"[0, 44, 17]",0.29985088047094777,0.5166289854732632,0.7334070904755786,0.0,0.0,0.0,1.9957148831182396,0.0,0.0,0.0,0.0,0.0,0.0,camera_pose_sim3,0.9403921921820794,1.2570579730240354,10000,10000,True,False,True,/content/cv3d-project/data/cache/reconstruction/predictions/02933112/190cb7264781df604da5feafe6f1c8fc/d2ae2b4dba44829a27a6a070.npz,0f6cfe1efd6103f7a0d95e356818a514251ef1caefb1a0888c4a67983f46c6b7,/content/cv3d-project/data/cache/reconstruction/metrics/02933112/190cb7264781df604da5feafe6f1c8fc/23d1152d9abb2872521b0265.json,11.287279000043782
02933112/190cb7264781df604da5feafe6f1c8fc,oracle,5,"[0, 44, 17, 21, 22]",0.0731590412272484,0.21298176066109975,0.3528044800949511,0.12271153099521158,0.004866995073891625,0.016563184079601986,1.9957148831182396,0.7055,0.038,0.1722,0.0672,0.0026,0.0087,camera_pose_sim3,1.385356687016283,0.9458172594997973,10000,10000,True,False,True,/content/cv3d-project/data/cache/reconstruction/predictions/02933112/190cb7264781df604da5feafe6f1c8fc/25c7e9938040927cc27d7fc4.npz,28dd343b8f106c8dd88bfceb4cb9f3bba22e13fdce3a7ef10b919574ed3fcdcf,/content/cv3d-project/data/cache/reconstruction/metrics/02933112/190cb7264781df604da5feafe6f1c8fc/455900e3b931e8318182f3dc.json,11.465636999673734
02933112/190cb7264781df604da5feafe6f1c8fc,oracle,10,"[0, 44, 17, 21, 22, 34, 31, 30, 43, 25]",0.024693314282192867,0.17855174657274464,0.33241017886329643,0.0734033330122339,0.004158630393996247,0.007741477491342823,1.9957148831182396,1.0,0.2111,0.5159,0.0381,0.0021,0.0039,camera_pose_sim3,0.472596754399726,1.3211213139212397,10000,10000,True,False,True,/content/cv3d-project/data/cache/reconstruction/predictions/02933112/190cb7264781df604da5feafe6f1c8fc/16b57179cf50539d76028b46.npz,1089fade20705659d884e2d2c755119cd70ba833586c458de553dc5e485882c7,/content/cv3d-project/data/cache/reconstruction/metrics/02933112/190cb7264781df604da5feafe6f1c8fc/279898de87ab69d43d38c6d5.json,12.356513000213454
02933112/19127cb1f535bf2c62c9e7b595148d6a,oracle,1,[0],1.784439883331994,1.8690065276979524,1.9535731720639107,0.0,0.0,0.0,1.9829941927787484,0.0,0.0,0.0,0.0,0.0,0.0,camera_rotation_center_and_target_diameter_scale_single_view,6.6528139386216445,0.0,10000,10000,True,True,True,/content/cv3d-project/data/cache/reconstruction/predictions/02933112/19127cb1f535bf2c62c9e7b595148d6a/ff6bb8f105a6b2bfefcc3c71.npz,2afc18a63ccee9b6f5df43820b77ceb602807b7a9facc4296783133a8dcad6ad,/content/cv3d-project/data/cache/reconstruction/metrics/02933112/19127cb1f535bf2c62c9e7b595148d6a/31d9d585651d523bea5ddfba.json,3.907036999862612
02933112/19127cb1f535bf2c62c9e7b595148d6a,oracle,2,"[0, 44]",0.08565549185973884,0.15218236042932615,0.21870922899891349,0.23040169881436914,0.0,0.0,1.9829941927787484,1.0,0.0,0.0,0.1302,0.0,0.0,camera_pose_sim3,2.4076446926075126,0.03291659869830271,10000,10000,True,False,True,/content/cv3d-project/data/cache/reconstruction/predictions/02933112/19127cb1f535bf2c62c9e7b595148d6a/718816ceb9d72fb6ef543973.npz,290f9df0ce605cd4c9fa9b45e18416c4c85009c3cb3140229d61db8a59df2420,/content/cv3d-project/data/cache/reconstruction/metrics/02933112/19127cb1f535bf2c62c9e7b595148d6a/5b498de3d1ea5a2b0b047246.json,11.607539000124234
02933112/19127cb1f535bf2c62c9e7b595148d6a,oracle,3,"[0, 44, 17]",0.035272478142426095,0.09039362976366601,0.14551478138490592,0.42222827938671215,0.03760220689655173,0.12506133703019098,1.9829941927787484,0.898,0.1228,0.5791,0.276,0.0222,0.0701,camera_pose_sim3,2.4402755571724177,0.1219214942434916,10000,10000,True,False,True,/content/cv3d-project/data/cache/reconstruction/predictions/02933112/19127cb1f535bf2c62c9e7b595148d6a/866b75a546d8dd7518f6c0ff.npz,f5b37080b41b4faad1b4c6da7e348207183f37fd61f7bc6ad6cdf79e71433c8f,/content/cv3d-project/data/cache/reconstruction/metrics/02933112/19127cb1f535bf2c62c9e7b595148d6a/9309f953f2f18e3e8ee9e72e.json,11.486458000035782
02933112/19127cb1f535bf2c62c9e7b595148d6a,oracle,5,"[0, 44, 17, 15, 19]",0.03292982914686138,0.06660855091780951,0.10028727268875763,0.6331548749220428,0.08774982765224053,0.13094773580737795,1.9829941927787484,0.9741,0.2053,0.3733,0.469,0.0558,0.0794,camera_pose_sim3,2.4222478728319823,0.11890986737219993,10000,10000,True,False,True,/content/cv3d-project/data/cache/reconstruction/predictions/02933112/19127cb1f535bf2c62c9e7b595148d6a/3c40f03688fda1240d479f66.npz,9e20327c65a5d6a99f78be01e490f37b427b0c39bb7c519a569a71da42ad5ae2,/content/cv3d-project/data/cache/reconstruction/metrics/02933112/19127cb1f535bf2c62c9e7b595148d6a/efe35f0906ad46eac44c0ef6.json,11.574975000257837
02933112/19127cb1f535bf2c62c9e7b595148d6a,oracle,10,"[0, 44, 17, 15, 19, 13, 34, 39, 36, 6]",0.047353943689376565,0.07396200055927396,0.10057005742917137,0.6193434252726105,0.0395990990990991,0.09503298611111112,1.9829941927787484,0.9417,0.059,0.1634,0.4614,0.0298,0.067,camera_pose_sim3,2.4599311959703996,0.10404626522690132,10000,10000,True,False,True,/content/cv3d-project/data/cache/reconstruction/predictions/02933112/19127cb1f535bf2c62c9e7b595148d6a/77d1a11d0ffaa748856c67d0.npz,cf7f59f7cce121d43633562deefe679feb1edb9db4d445961c1e8e097c1cc719,/content/cv3d-project/data/cache/reconstruction/metrics/02933112/19127cb1f535bf2c62c9e7b595148d6a/a90e247ad11be175f34e8230.json,12.100797999664792
02933112/1919dec93dff59e0ed3ffec8035a48e8,oracle,1,[0],1.6728821451563127,1.748734801180055,1.8245874572037972,0.0,0.0,0.0,1.9985425162475865,0.0,0.0,0.0,0.0,0.0,0.0,camera_rotation_center_and_target_diameter_scale_single_view,6.409193731325192,0.0,10000,10000,True,True,True,/content/cv3d-project/data/cache/reconstruction/predictions/02933112/1919dec93dff59e0ed3ffec8035a48e8/b9bb4f6a5ac26e9377ebcb28.npz,f7d2998afa735b8ee54c3180505787b83e3b436632625b9d1ff413475cb303c8,/content/cv3d-project/data/cache/reconstruction/metrics/02933112/1919dec93dff59e0ed3ffec8035a48e8/aeaac5914eeb8e321f798c97.json,3.7477220002983813
02933112/1919dec93dff59e0ed3ffec8035a48e8,oracle,2,"[0, 44]",0.07203830087105685,0.13285150912845795,0.19366471738585903,0.27407663099758367,0.003950920245398773,0.008309135802469135,1.9985425162475865,1.0,0.014,0.0358,0.1588,0.0023,0.0047,camera_pose_sim3,2.4470084182455203,0.029530474174235457,10000,10000,True,False,True,/content/cv3d-project/data/cache/reconstruction/predictions/02933112/1919dec93dff59e0ed3ffec8035a48e8/7fbd829b00520a36c8948153.npz,a2eede91358333c1da2bfc7b87f28859a21c99fabb883d871ae674f8efa7a4de,/content/cv3d-project/data/cache/reconstruction/metrics/02933112/1919dec93dff59e0ed3ffec8035a48e8/7edcf2422a6ee81b624b8099.json,11.437682999712706
02933112/1919dec93dff59e0ed3ffec8035a48e8,oracle,3,"[0, 44, 33]",0.14223356452712332,0.20938416482274624,0.27653476511836916,0.07198336221837089,0.0,0.0,1.9985425162475865,0.3054,0.0,0.0,0.0408,0.0,0.0,camera_pose_sim3,2.2632470602420938,0.5052286385264019,10000,10000,True,False,True,/content/cv3d-project/data/cache/reconstruction/predictions/02933112/1919dec93dff59e0ed3ffec8035a48e8/6d9a4f2dc8a92c2e1b8667e4.npz,56d8cb15a7d55bc062573e2e05f59f4b99938e467ea9a830d22980ddf6f1c1a1,/content/cv3d-project/data/cache/reconstruction/metrics/02933112/1919dec93dff59e0ed3ffec8035a48e8/adc5eba3b61c3d7ec8b5629a.json,11.249171999679675
02933112/1919dec93dff59e0ed3ffec8035a48e8,oracle,5,"[0, 44, 33, 15, 19]",0.6303827299518007,0.6731174414610394,0.715852152970278,0.0,0.0,0.0,1.9985425162475865,0.0,0.0,0.0,0.0,0.0,0.0,camera_pose_sim3,2.1137819196773093,0.851015180831777,10000,10000,True,False,True,/content/cv3d-project/data/cache/reconstruction/predictions/02933112/1919dec93dff59e0ed3ffec8035a48e8/4ca78c6ac72123490ecd29a8.npz,5f0fe6f0fef7e764749decb4b40c2ec8afeec880242b00561d1424227e3382db,/content/cv3d-project/data/cache/reconstruction/metrics/02933112/1919dec93dff59e0ed3ffec8035a48e8/d16c6d1fbcd53a583c31b68a.json,11.338512999827799
02933112/1919dec93dff59e0ed3ffec8035a48e8,oracle,10,"[0, 44, 33, 15, 19, 38, 14, 41, 2, 39]",0.39237166869552603,0.500014532065719,0.607657395435912,0.0,0.0,0.0,1.9985425162475865,0.0,0.0,0.0,0.0,0.0,0.0,camera_pose_sim3,1.2247043367184114,1.1225568943470716,10000,10000,True,False,True,/content/cv3d-project/data/cache/reconstruction/predictions/02933112/1919dec93dff59e0ed3ffec8035a48e8/0413e3e63fef33202a11cae1.npz,58a119546b7e52a929853fbbe38215bf00f90e50d6293f11749dafd314cc325f,/content/cv3d-project/data/cache/reconstruction/metrics/02933112/1919dec93dff59e0ed3ffec8035a48e8/36eae91f32a487e08ca5a1ca.json,11.782499000219104
02933112/192caea21a57389265dbe89d2f371f01,oracle,1,[0],0.8965910109538581,0.9734781364345348,1.0503652619152115,0.0,0.0,0.0,1.998669079365581,0.0,0.0,0.0,0.0,0.0,0.0,camera_rotation_center_and_target_diameter_scale_single_view,4.866120417748174,0.0,10000,10000,True,True,True,/content/cv3d-project/data/cache/reconstruction/predictions/02933112/192caea21a57389265dbe89d2f371f01/2d0ce01700e19ee739281ef3.npz,d368456346569925243233560d63b08d5c9f8d5b8dcaf4f80efe5d4beb85ed3a,/content/cv3d-project/data/cache/reconstruction/metrics/02933112/192caea21a57389265dbe89d2f371f01/c25b4a4909f82eff020c4000.json,3.7983570000506006
02933112/192caea21a57389265dbe89d2f371f01,oracle,2,"[0, 42]",0.5374598806653018,0.6760960115342715,0.8147321424032411,0.0,0.0,0.0,1.998669079365581,0.0,0.0,0.0,0.0,0.0,0.0,camera_pose_sim3,2.430160138493532,0.9915091381650184,10000,10000,True,False,True,/content/cv3d-project/data/cache/reconstruction/predictions/02933112/192caea21a57389265dbe89d2f371f01/51457c59b4644e7c77a823ec.npz,5e6d08c7b8634829b653cfb4568827a163967ce4281dfb6ca8061f98af318e2a,/content/cv3d-project/data/cache/reconstruction/metrics/02933112/192caea21a57389265dbe89d2f371f01/e266d8a48d2458194f86a745.json,11.370596999768168
02933112/192caea21a57389265dbe89d2f371f01,oracle,3,"[0, 42, 31]",0.1238770878077578,0.22287791364780146,0.3218787394878451,0.21161412580797734,0.014863058823529412,0.032043087971274684,1.998669079365581,0.5001,0.0329,0.092,0.1342,0.0096,0.0194,camera_pose_sim3,2.431903178219286,0.3195878748277537,10000,10000,True,False,True,/content/cv3d-project/data/cache/reconstruction/predictions/02933112/192caea21a57389265dbe89d2f371f01/698c643a6f6a0ea8458f0341.npz,cce0df7184cec2d50d1a35ba254bfbcbbe2cf4be2a87ef092c50efbc72908699,/content/cv3d-project/data/cache/reconstruction/metrics/02933112/192caea21a57389265dbe89d2f371f01/10f53c0a88c64f1e9a9a2b7e.json,11.390670999844588
02933112/192caea21a57389265dbe89d2f371f01,oracle,5,"[0, 42, 31, 9, 36]",0.054543693778994505,0.08644320674901115,0.11834271971902781,0.6042509995421944,0.028977272727272727,0.12918365591397848,1.998669079365581,0.8382,0.05,0.2888,0.4724,0.0204,0.0832,camera_pose_sim3,2.511005980964719,0.11862175361291531,10000,10000,True,False,True,/content/cv3d-project/data/cache/reconstruction/predictions/02933112/192caea21a57389265dbe89d2f371f01/5a4bb58e1563973ef074f037.npz,abaa9c790c28b5fcfb8b53e9a3650d057da46a265ea3218446aad87c213fd7c9,/content/cv3d-project/data/cache/reconstruction/metrics/02933112/192caea21a57389265dbe89d2f371f01/f6ba68586393736bf320621c.json,11.916812999970716
02933112/192caea21a57389265dbe89d2f371f01,oracle,10,"[0, 42, 31, 9, 36, 32, 12, 45, 6, 2]",0.04804713953875602,0.06373378062841871,0.07942042171808139,0.8468266597390601,0.003391304347826087,0.022023305084745762,1.998669079365581,0.9953,0.003,0.0175,0.7369,0.0039,0.0297,camera_pose_sim3,2.512793270738934,0.10872746521084278,10000,10000,True,False,True,/content/cv3d-project/data/cache/reconstruction/predictions/02933112/192caea21a57389265dbe89d2f371f01/86a814d7064d89244ff72b70.npz,4bc600cbf1df9644fea946d02eadc9b0a05e25571490cf5c83777c3ab09e68bd,/content/cv3d-project/data/cache/reconstruction/metrics/02933112/192caea21a57389265dbe89d2f371f01/78be3827e955e2ba4bfcc817.json,11.739171000044735
02933112/19492e2263ea82e4da5feafe6f1c8fc,oracle,1,[0],1.3698657574004072,1.4932962641754812,1.6167267709505553,0.0,0.0,0.0,1.990519434948425,0.0,0.0,0.0,0.0,0.0,0.0,camera_rotation_center_and_target_diameter_scale_single_view,6.000532925043731,0.0,10000,10000,True,True,True,/content/cv3d-project/data/cache/reconstruction/predictions/02933112/19492e2263ea82e4da5feafe6f1c8fc/ab237b12325af9d23e18243b.npz,4abb09bbd35e2078f65083678e28efa4a79ae693548ff83e208411da739e6a3a,/content/cv3d-project/data/cache/reconstruction/metrics/02933112/19492e2263ea82e4da5feafe6f1c8fc/185731b9d8aba229b0d04f6f.json,3.694190000260278
02933112/19492e2263ea82e4da5feafe6f1c8fc,oracle,2,"[0, 37]",0.4653683399856196,0.6091518749846802,0.7529354099837406,0.0,0.0,0.0,1.990519434948425,0.0,0.0,0.0,0.0,0.0,0.0,camera_pose_sim3,1.8873581881197314,0.056269462390372026,10000,10000,True,False,True,/content/cv3d-project/data/cache/reconstruction/predictions/02933112/19492e2263ea82e4da5feafe6f1c8fc/61ec9154cd235d5f59c5850c.npz,56a37645096d22bbe2daecd2d2faf48e53615ec6d2822afdd3242bcfbb943d79,/content/cv3d-project/data/cache/reconstruction/metrics/02933112/19492e2263ea82e4da5feafe6f1c8fc/c445138602bfa4dc2a42f998.json,11.171755999839661
02933112/19492e2263ea82e4da5feafe6f1c8fc,oracle,3,"[0, 37, 25]",0.1384505359654891,0.2928540521798847,0.44725756839428027,0.058611944225203896,0.0012790123456790125,0.005188363636363636,1.990519434948425,0.3481,0.0074,0.0246,0.032,0.0007,0.0029,camera_pose_sim3,1.8865590431725867,0.8466715080045211,10000,10000,True,False,True,/content/cv3d-project/data/cache/reconstruction/predictions/02933112/19492e2263ea82e4da5feafe6f1c8fc/11429bc87aadb9e3280cf802.npz,8c147a9f431722520a1af5feb150523a44258fbca9263ed1f8bbf62ca7c58ff5,/content/cv3d-project/data/cache/reconstruction/metrics/02933112/19492e2263ea82e4da5feafe6f1c8fc/5982cd3c766f5766fe619504.json,11.260871999638766
02933112/19492e2263ea82e4da5feafe6f1c8fc,oracle,5,"[0, 37, 25, 22, 42]",0.045222561419172316,0.1777007227545648,0.3101788840899573,0.12804193186072632,0.007304347826086958,0.019462213976499693,1.990519434948425,1.0,0.042,0.1513,0.0684,0.004,0.0104,camera_pose_sim3,1.0825861693520908,1.161955684291958,10000,10000,True,False,True,/content/cv3d-project/data/cache/reconstruction/predictions/02933112/19492e2263ea82e4da5feafe6f1c8fc/6263baf873b0f8a266c1541b.npz,ef88b28080d0aeeddaef52e6645daa777786da75c025788f3dd3e54964fc4a41,/content/cv3d-project/data/cache/reconstruction/metrics/02933112/19492e2263ea82e4da5feafe6f1c8fc/545471287d5e6e7d94617be7.json,11.655603999770392
02933112/19492e2263ea82e4da5feafe6f1c8fc,oracle,10,"[0, 37, 25, 22, 42, 21, 2, 11, 6, 39]",0.042269865830638034,0.08969527348448408,0.13712068113833012,0.5528349475208107,0.036065026737967916,0.08569573215599706,1.990519434948425,0.9994,0.0691,0.2185,0.3821,0.0244,0.0533,camera_pose_sim3,2.0640952272149136,0.7424826390025834,10000,10000,True,False,True,/content/cv3d-project/data/cache/reconstruction/predictions/02933112/19492e2263ea82e4da5feafe6f1c8fc/004dd6fea78f887078651f9c.npz,9ffe3e1248c9fbb78833ac0496bd1f91c8a4931e7e52e03c416e9bc356ec920b,/content/cv3d-project/data/cache/reconstruction/metrics/02933112/19492e2263ea82e4da5feafe6f1c8fc/5d5e52a9cb8b241d35aac3b4.json,12.046521000229404
02933112/195b0fd745df898d86d53ab0fe94e911,oracle,1,[0],1.196786969556809,1.3226430573680337,1.4484991451792584,0.0,0.0,0.0,1.9938359227072775,0.0,0.0,0.0,0.0,0.0,0.0,camera_rotation_center_and_target_diameter_scale_single_view,5.6785364154762945,0.0,10000,10000,True,True,True,/content/cv3d-project/data/cache/reconstruction/predictions/02933112/195b0fd745df898d86d53ab0fe94e911/ea621c63ef5b48820749a170.npz,87e52fe9705f8318e11f6e8bb1c3af69821d784f88c7d250cd39e19afb34f1ee,/content/cv3d-project/data/cache/reconstruction/metrics/02933112/195b0fd745df898d86d53ab0fe94e911/1715aace0da14835a5d93799.json,3.7589180001305067
02933112/195b0fd745df898d86d53ab0fe94e911,oracle,2,"[0, 33]",0.824384348933213,0.9588755406971884,1.0933667324611638,0.0,0.0,0.0,1.9938359227072775,0.0,0.0,0.0,0.0,0.0,0.0,camera_pose_sim3,2.368533523846323,0.24364755814862674,10000,10000,True,False,True,/content/cv3d-project/data/cache/reconstruction/predictions/02933112/195b0fd745df898d86d53ab0fe94e911/7d8929308f3bba7cc491f8f0.npz,5f4ba2547ba9cc7ee87e7510c6a1abcdd8a8e468aa9b1ce11cb00aefca673593,/content/cv3d-project/data/cache/reconstruction/metrics/02933112/195b0fd745df898d86d53ab0fe94e911/e001358cea5d87833baf6d38.json,11.338623000028747
02933112/195b0fd745df898d86d53ab0fe94e911,oracle,3,"[0, 33, 21]",0.20240735023926887,0.3336741332085712,0.46494091617787353,0.009652613827993255,0.0,0.0,1.9938359227072775,0.054,0.0,0.0,0.0053,0.0,0.0,camera_pose_sim3,1.9953906480758734,0.8958539418458275,10000,10000,True,False,True,/content/cv3d-project/data/cache/reconstruction/predictions/02933112/195b0fd745df898d86d53ab0fe94e911/63393f9513f1f26e05586045.npz,497b08907664bcbbe85ad5f2d215b207d670406b2e0794990752c14aae11e5d8,/content/cv3d-project/data/cache/reconstruction/metrics/02933112/195b0fd745df898d86d53ab0fe94e911/e2fc3235f3d9715ae817b269.json,11.334111999985907
02933112/195b0fd745df898d86d53ab0fe94e911,oracle,5,"[0, 33, 21, 26, 22]",0.035049447435889614,0.1853636470388182,0.33567784664174677,0.09577020139352868,0.005806034482758621,0.014666271136161375,1.9938359227072775,0.9974,0.0898,0.3296,0.0503,0.003,0.0075,camera_pose_sim3,0.7455065536016984,1.2973647870973122,10000,10000,True,False,True,/content/cv3d-project/data/cache/reconstruction/predictions/02933112/195b0fd745df898d86d53ab0fe94e911/1e1095f15a18761c713bc25c.npz,d9d45911d78a4400d363c165e052699253eccdb4e093558f0c0b2e2c38fd0863,/content/cv3d-project/data/cache/reconstruction/metrics/02933112/195b0fd745df898d86d53ab0fe94e911/dda5b086c6eee6db9dda2e75.json,11.35740400013674
02933112/195b0fd745df898d86d53ab0fe94e911,oracle,10,"[0, 33, 21, 26, 22, 44, 25, 2, 13, 9]",0.026721804249570467,0.11711299760161216,0.20750419095365386,0.3749085886081092,0.060852863436123346,0.10996970479704797,1.9938359227072775,1.0,0.1671,0.4799,0.2307,0.0372,0.0621,camera_pose_sim3,1.6233409913768446,0.9689725820632067,10000,10000,True,False,True,/content/cv3d-project/data/cache/reconstruction/predictions/02933112/195b0fd745df898d86d53ab0fe94e911/eeb2c8aa93bbfb84f6e1f3fc.npz,08f7fda5abb1813c19aeae06cf8e0bf70d291547442ea39d92e37ebe2d4cc63a,/content/cv3d-project/data/cache/reconstruction/metrics/02933112/195b0fd745df898d86d53ab0fe94e911/ad8049005213345d754d1fac.json,11.896120000074006
02933112/1971024c0cac65a824662341ce2b233,oracle,1,[0],2.4262765843253367,2.4895365201026456,2.5527964558799545,0.0,0.0,0.0,1.9999932034391417,0.0,0.0,0.0,0.0,0.0,0.0,camera_rotation_center_and_target_diameter_scale_single_view,7.827990645632404,0.0,10000,10000,True,True,True,/content/cv3d-project/data/cache/reconstruction/predictions/02933112/1971024c0cac65a824662341ce2b233/4821abb125ba95bdd64465cb.npz,1489d50c56afb605c9607dc3d6b67948d66e19b122491f51c769f8d5e3000de8,/content/cv3d-project/data/cache/reconstruction/metrics/02933112/1971024c0cac65a824662341ce2b233/e42a44ec0c26995480d857f0.json,3.729270999883738
02933112/1971024c0cac65a824662341ce2b233,oracle,2,"[0, 39]",0.5928234934241646,0.6941508994162425,0.7954783054083204,0.0,0.0,0.0,1.9999932034391417,0.0,0.0,0.0,0.0,0.0,0.0,camera_pose_sim3,3.076921481994312,0.2490267907846528,10000,10000,True,False,True,/content/cv3d-project/data/cache/reconstruction/predictions/02933112/1971024c0cac65a824662341ce2b233/4a02d0b94195ec7e2ebfe3fc.npz,de00092eaf9a85389ff35896f4e187a589d10806c720403517d4ca2208ba249b,/content/cv3d-project/data/cache/reconstruction/metrics/02933112/1971024c0cac65a824662341ce2b233/97f76c07ad63b3d32e201a41.json,11.210933000256773
02933112/1971024c0cac65a824662341ce2b233,oracle,3,"[0, 39, 42]",1.070275009889725,1.227601289157447,1.3849275684251692,0.0,0.0,0.0,1.9999932034391417,0.0,0.0,0.0,0.0,0.0,0.0,camera_pose_sim3,1.727316219202788,1.2246272013315294,10000,10000,True,False,True,/content/cv3d-project/data/cache/reconstruction/predictions/02933112/1971024c0cac65a824662341ce2b233/f4d558b0752f955e42c43e0b.npz,c09ad0c770701f5dce164d8d65847ec34b296cf7c7e6c9c0345c7b3605d88959,/content/cv3d-project/data/cache/reconstruction/metrics/02933112/1971024c0cac65a824662341ce2b233/c2318581494332199a8f20b2.json,11.265957999967213
02933112/1971024c0cac65a824662341ce2b233,oracle,5,"[0, 39, 42, 33, 44]",0.6050374207146638,0.7135972192768409,0.8221570178390182,0.0,0.0,0.0,1.9999932034391417,0.0,0.0,0.0,0.0,0.0,0.0,camera_pose_sim3,1.5011676285538749,0.9979725206742245,10000,10000,True,False,True,/content/cv3d-project/data/cache/reconstruction/predictions/02933112/1971024c0cac65a824662341ce2b233/e6c9e33d8026ca2d0f60a8b4.npz,5aa7cf837a278d5a4f8b07ffe83eafce2ac51f5c165048242c2e663e9f14834d,/content/cv3d-project/data/cache/reconstruction/metrics/02933112/1971024c0cac65a824662341ce2b233/d3747924531e97c8f24c5718.json,11.587913999846933
02933112/1971024c0cac65a824662341ce2b233,oracle,10,"[0, 39, 42, 33, 44, 46, 6, 19, 8, 32]",0.06837546964511118,0.10494683956539813,0.14151820948568508,0.35447984479865774,0.040768942731277534,0.08501472506989749,1.9999932034391417,0.7183,0.0599,0.1562,0.2353,0.0309,0.0584,camera_pose_sim3,2.6387507547221984,0.4334947219589767,10000,10000,True,False,True,/content/cv3d-project/data/cache/reconstruction/predictions/02933112/1971024c0cac65a824662341ce2b233/158075279143d1e7cdf4b414.npz,f6f185ed18e9d65995aa19cbf67cd23ba6e238813ca7af611d2f766d1396676c,/content/cv3d-project/data/cache/reconstruction/metrics/02933112/1971024c0cac65a824662341ce2b233/db57c1cb66945238db444f57.json,11.827913000161061
02958343/100c3076c74ee1874eb766e5a46fceab,oracle,1,[0],2.519336041045875,2.697252370137778,2.8751686992296803,0.0,0.0,0.0,1.918978166777995,0.0,0.0,0.0,0.0,0.0,0.0,camera_rotation_center_and_target_diameter_scale_single_view,8.449121155969024,0.0,10000,10000,True,True,True,/content/cv3d-project/data/cache/reconstruction/predictions/02958343/100c3076c74ee1874eb766e5a46fceab/614507460a22d6dd42c085c4.npz,c662775c93cf10421547a7df14f370c9d521267096a7cef9f036f56acf04f6b9,/content/cv3d-project/data/cache/reconstruction/metrics/02958343/100c3076c74ee1874eb766e5a46fceab/3294b1ab35109787ca6efd67.json,3.923919000044407
02958343/100c3076c74ee1874eb766e5a46fceab,oracle,2,"[0, 31]",0.762906884989058,0.8091692814937324,0.8554316779984067,0.0,0.0,0.0,1.918978166777995,0.0,0.0,0.0,0.0,0.0,0.0,camera_pose_sim3,3.1366641256861962,0.17432685030110062,10000,10000,True,False,True,/content/cv3d-project/data/cache/reconstruction/predictions/02958343/100c3076c74ee1874eb766e5a46fceab/3118686f9d70918275e9f4b3.npz,6a035d8f99786319f59a058b597b8efb05ed301bdf79f20a9e47f63fcb5ba8a9,/content/cv3d-project/data/cache/reconstruction/metrics/02958343/100c3076c74ee1874eb766e5a46fceab/2c094bbf68d028f32e50b37a.json,12.238801999956195
02958343/100c3076c74ee1874eb766e5a46fceab,oracle,3,"[0, 31, 26]",1.2290533103026353,1.2885621589567293,1.348071007610823,0.0,0.0,0.0,1.918978166777995,0.0,0.0,0.0,0.0,0.0,0.0,camera_pose_sim3,2.739575263745743,0.7790669872296123,10000,10000,True,False,True,/content/cv3d-project/data/cache/reconstruction/predictions/02958343/100c3076c74ee1874eb766e5a46fceab/d23008b585011ac37978c8be.npz,1e1b1d338f76955219d72a12466cb89e53a990b9df6d9d7fd585bb4bd9586b71,/content/cv3d-project/data/cache/reconstruction/metrics/02958343/100c3076c74ee1874eb766e5a46fceab/f8343720b98c18f4bf3e2561.json,12.022862999856443
02958343/100c3076c74ee1874eb766e5a46fceab,oracle,5,"[0, 31, 26, 29, 17]",0.189806286470293,0.24801079889349753,0.30621531131670204,0.01567707006369427,0.0,0.0,1.918978166777995,0.0151,0.0,0.0,0.0163,0.0,0.0,camera_pose_sim3,2.57816629032002,0.3868826844827031,10000,10000,True,False,True,/content/cv3d-project/data/cache/reconstruction/predictions/02958343/100c3076c74ee1874eb766e5a46fceab/c5cc083af484cd580855834f.npz,ffefe2a92bc7bed2ad6e5018b76cb47ac87687e49248c12d95753fc482b90fc1,/content/cv3d-project/data/cache/reconstruction/metrics/02958343/100c3076c74ee1874eb766e5a46fceab/4bc8b64660044a81cea58a7e.json,12.010243000077025
02958343/100c3076c74ee1874eb766e5a46fceab,oracle,10,"[0, 31, 26, 29, 17, 15, 44, 12, 41, 10]",0.03298460031070004,0.08081319539694043,0.12864179048318083,0.6652429257875067,0.06903456669912367,0.15493989287839716,1.918978166777995,1.0,0.1615,0.4085,0.4984,0.0439,0.0956,camera_pose_sim3,2.218890946225906,0.6953073885236014,10000,10000,True,False,True,/content/cv3d-project/data/cache/reconstruction/predictions/02958343/100c3076c74ee1874eb766e5a46fceab/f876f67f02c7670d250963b3.npz,f6cec36bf4308539187f9235127c8a99a231227d82c8610d183653043bfb121c,/content/cv3d-project/data/cache/reconstruction/metrics/02958343/100c3076c74ee1874eb766e5a46fceab/89be98b0fe939dbf3fcec875.json,12.07385499992597
02958343/10716a366de708b8fac96522b26f7fd,oracle,1,[0],3.203219838095393,3.4103249888405545,3.6174301395857165,0.0,0.0,0.0,1.9925035000201392,0.0,0.0,0.0,0.0,0.0,0.0,camera_rotation_center_and_target_diameter_scale_single_view,10.129988517436937,0.0,10000,10000,True,True,True,/content/cv3d-project/data/cache/reconstruction/predictions/02958343/10716a366de708b8fac96522b26f7fd/86634f35d75672ba88634122.npz,6db5b8a564e558175dac3ff29168db6dc4f5275d27f97c15c67d7116612843dd,/content/cv3d-project/data/cache/reconstruction/metrics/02958343/10716a366de708b8fac96522b26f7fd/41779e8bfbf8d4cffbc37e68.json,3.9135019997047493
02958343/10716a366de708b8fac96522b26f7fd,oracle,2,"[0, 35]",0.08536070884600734,0.178077623810528,0.27079453877504867,0.13218627423234755,0.001503030303030303,0.005070880361173815,1.9925035000201392,0.6329,0.0124,0.0416,0.0738,0.0008,0.0027,camera_pose_sim3,1.9553469772882823,0.5077083493871875,10000,10000,True,False,True,/content/cv3d-project/data/cache/reconstruction/predictions/02958343/10716a366de708b8fac96522b26f7fd/3d46c3a5ec1033a17487ab81.npz,8f4a2409ba0a65457cc5b8385feb37e7e9c6b251a12e0f00254df31ba638fd72,/content/cv3d-project/data/cache/reconstruction/metrics/02958343/10716a366de708b8fac96522b26f7fd/d9bb44d35d500b251e580b75.json,11.566687000140519
02958343/10716a366de708b8fac96522b26f7fd,oracle,3,"[0, 35, 31]",0.589162325291842,0.6380574925446931,0.6869526597975443,0.0,0.0,0.0,1.9925035000201392,0.0,0.0,0.0,0.0,0.0,0.0,camera_pose_sim3,2.2755730284348648,0.39150023242980037,10000,10000,True,False,True,/content/cv3d-project/data/cache/reconstruction/predictions/02958343/10716a366de708b8fac96522b26f7fd/d86e4b007d8f1383237a1845.npz,284560ea7091a4c57c2938c0070b180d558dd465b879a4bd7a820f47d907de50,/content/cv3d-project/data/cache/reconstruction/metrics/02958343/10716a366de708b8fac96522b26f7fd/bd388cdfbacac38abc008b14.json,12.007028999960312
02958343/10716a366de708b8fac96522b26f7fd,oracle,5,"[0, 35, 31, 20, 25]",0.03894010970444818,0.10735261907513058,0.175765128445813,0.39473472991411834,0.031312803889789305,0.08390948817719245,1.9925035000201392,1.0,0.105,0.2849,0.2459,0.0184,0.0492,camera_pose_sim3,2.162126572913689,0.32641428726958416,10000,10000,True,False,True,/content/cv3d-project/data/cache/reconstruction/predictions/02958343/10716a366de708b8fac96522b26f7fd/78357b94928321abc64fc1b9.npz,3467c59ab7f5ac66bc3524a567dc9f5c4e19eccf20a4e5ff4af19529abde5f16,/content/cv3d-project/data/cache/reconstruction/metrics/02958343/10716a366de708b8fac96522b26f7fd/b48b4c514acbe6f696d1fc3e.json,12.49448399994435
02958343/10716a366de708b8fac96522b26f7fd,oracle,10,"[0, 35, 31, 20, 25, 26, 41, 15, 10, 34]",0.05000717707376899,0.08124740103120817,0.11248762498864734,0.6418579383403504,0.0003,0.01042152466367713,1.9925035000201392,1.0,0.0003,0.014,0.4726,0.0003,0.0083,camera_pose_sim3,2.215872711392279,0.19611908765563418,10000,10000,True,False,True,/content/cv3d-project/data/cache/reconstruction/predictions/02958343/10716a366de708b8fac96522b26f7fd/0641d54a827aa877df77ef94.npz,413d226258bab07bed7bfe2b606616d60aa6f087d69519dcf0177a680a8652cb,/content/cv3d-project/data/cache/reconstruction/metrics/02958343/10716a366de708b8fac96522b26f7fd/12b31f69e4a3148a78bc6eb0.json,12.132545999975264
02958343/1089cbe82dc0e72133d7c9e122eec9b6,oracle,1,[0],3.9427182701007246,4.160488241737564,4.378258213374404,0.0,0.0,0.0,1.9859261898057505,0.0,0.0,0.0,0.0,0.0,0.0,camera_rotation_center_and_target_diameter_scale_single_view,11.573676730559047,0.0,10000,10000,True,True,True,/content/cv3d-project/data/cache/reconstruction/predictions/02958343/1089cbe82dc0e72133d7c9e122eec9b6/f0792ff605fa264bf483b1e9.npz,40151b51afcef895500e026e4846144c587b08fc1a91c9cd58494b53debecae1,/content/cv3d-project/data/cache/reconstruction/metrics/02958343/1089cbe82dc0e72133d7c9e122eec9b6/ba87bc98766f67bfaadd83cf.json,3.8132670001687075
02958343/1089cbe82dc0e72133d7c9e122eec9b6,oracle,2,"[0, 35]",0.5660775862256033,0.6376376326571747,0.7091976790887459,0.0,0.0,0.0,1.9859261898057505,0.0,0.0,0.0,0.0,0.0,0.0,camera_pose_sim3,2.0748360126328427,0.9583488064227424,10000,10000,True,False,True,/content/cv3d-project/data/cache/reconstruction/predictions/02958343/1089cbe82dc0e72133d7c9e122eec9b6/2ea0627c5d82ae7b6fa954b3.npz,0234529348c8035e4ee1f9427c8156a64de0c3268bbbaba8720dddd6c69a3fb3,/content/cv3d-project/data/cache/reconstruction/metrics/02958343/1089cbe82dc0e72133d7c9e122eec9b6/777472230f9ed74059605807.json,11.443663999671116
02958343/1089cbe82dc0e72133d7c9e122eec9b6,oracle,3,"[0, 35, 23]",0.43663516680397163,0.48478852069753986,0.5329418745911081,0.0,0.0,0.0,1.9859261898057505,0.0,0.0,0.0,0.0,0.0,0.0,camera_pose_sim3,2.9080384743206884,0.34359938691282715,10000,10000,True,False,True,/content/cv3d-project/data/cache/reconstruction/predictions/02958343/1089cbe82dc0e72133d7c9e122eec9b6/42fd11b0a38878ac44e05a26.npz,4c6127ff0a46065525ea24f56ec957ab11f7ceed5d1005001b85e0a92b3211f9,/content/cv3d-project/data/cache/reconstruction/metrics/02958343/1089cbe82dc0e72133d7c9e122eec9b6/6dfde00530f5138b065d8120.json,11.379924000266328
02958343/1089cbe82dc0e72133d7c9e122eec9b6,oracle,5,"[0, 35, 23, 9, 44]",0.05653300993926329,0.07888866635873243,0.10124432277820158,0.7531949379714482,0.0027717391304347824,0.012871748878923764,1.9859261898057505,1.0,0.0075,0.0368,0.6041,0.0017,0.0078,camera_pose_sim3,2.4963801919496804,0.15859063815682234,10000,10000,True,False,True,/content/cv3d-project/data/cache/reconstruction/predictions/02958343/1089cbe82dc0e72133d7c9e122eec9b6/336d4526ada9cf12aacde595.npz,4152d3e4a34c328705cd86c7b2abaf42e1dc80ee1bf2f9c6cee42f5664311cc2,/content/cv3d-project/data/cache/reconstruction/metrics/02958343/1089cbe82dc0e72133d7c9e122eec9b6/48d4f529da53f68ad4c9626c.json,11.774190999858547
02958343/1089cbe82dc0e72133d7c9e122eec9b6,oracle,10,"[0, 35, 23, 9, 44, 34, 25, 10, 18, 8]",0.023897629389265023,0.05916335303856773,0.09442907668787043,0.7477302610982405,0.03282840512223515,0.13533081640475278,1.9859261898057505,1.0,0.0638,0.4419,0.5971,0.0221,0.0799,camera_pose_sim3,2.427250386830173,0.10790344107589131,10000,10000,True,False,True,/content/cv3d-project/data/cache/reconstruction/predictions/02958343/1089cbe82dc0e72133d7c9e122eec9b6/49b749ec7a521acf47fbdff4.npz,da403f7082db5328f2d415bc87f507749fe0004aabce57fe54f69c841ea9442f,/content/cv3d-project/data/cache/reconstruction/metrics/02958343/1089cbe82dc0e72133d7c9e122eec9b6/571c286562c8a48c292c34dc.json,12.923847999900318
02958343/109567d7d55b8fe515a520abec2f04dd,oracle,1,[0],2.7688731414775747,2.960597699789005,3.152322258100435,0.0,0.0,0.0,1.9655212008359861,0.0,0.0,0.0,0.0,0.0,0.0,camera_rotation_center_and_target_diameter_scale_single_view,9.102606880537817,0.0,10000,10000,True,True,True,/content/cv3d-project/data/cache/reconstruction/predictions/02958343/109567d7d55b8fe515a520abec2f04dd/b048a6cbd2e35d9ff362f18b.npz,fcff5deee95a81adf0553cdf1aca319a10a4d6efd461f8158a9890e6e8446654,/content/cv3d-project/data/cache/reconstruction/metrics/02958343/109567d7d55b8fe515a520abec2f04dd/884b2d531b69e048a92bc197.json,3.894997000315925
02958343/109567d7d55b8fe515a520abec2f04dd,oracle,2,"[0, 17]",0.3562575314070036,0.5410682529412554,0.7258789744755071,0.0,0.0,0.0,1.9655212008359861,0.0,0.0,0.0,0.0,0.0,0.0,camera_pose_sim3,0.2806975290891454,1.010933768700578,10000,10000,True,False,True,/content/cv3d-project/data/cache/reconstruction/predictions/02958343/109567d7d55b8fe515a520abec2f04dd/bfd6672698c9c84d23244718.npz,529d278cd72d41e2d4259328bd5c6c343b1045424fc45841bb148e40546b2683,/content/cv3d-project/data/cache/reconstruction/metrics/02958343/109567d7d55b8fe515a520abec2f04dd/1d3d1c7021b46f10d178da50.json,11.351590999765904
02958343/109567d7d55b8fe515a520abec2f04dd,oracle,3,"[0, 17, 44]",0.5981380309224893,0.6779577208832032,0.757777410843917,0.0,0.0,0.0,1.9655212008359861,0.0,0.0,0.0,0.0,0.0,0.0,camera_pose_sim3,2.217597560614247,1.10521751207791,10000,10000,True,False,True,/content/cv3d-project/data/cache/reconstruction/predictions/02958343/109567d7d55b8fe515a520abec2f04dd/a5e9c047fd277905ebb5e8f7.npz,7d873826659d6019e836aa0c872438b0c90f085cef0b4f9627b0da1a5b730529,/content/cv3d-project/data/cache/reconstruction/metrics/02958343/109567d7d55b8fe515a520abec2f04dd/d64d486fd9d7d64bccc501ea.json,11.194986999726098
02958343/109567d7d55b8fe515a520abec2f04dd,oracle,5,"[0, 17, 44, 26, 32]",0.3229608042598301,0.41771683859958536,0.5124728729393406,0.0,0.0,0.0,1.9655212008359861,0.0,0.0,0.0,0.0,0.0,0.0,camera_pose_sim3,1.0302872439748276,1.2662986983758158,10000,10000,True,False,True,/content/cv3d-project/data/cache/reconstruction/predictions/02958343/109567d7d55b8fe515a520abec2f04dd/e6ae7910e398054cf24bf2a0.npz,aa168b1f3858820976608e64c4decfa7561ccf09187cd24d13c4737060253f6c,/content/cv3d-project/data/cache/reconstruction/metrics/02958343/109567d7d55b8fe515a520abec2f04dd/1cfcd74368d117156908bea5.json,11.431109000113793
02958343/109567d7d55b8fe515a520abec2f04dd,oracle,10,"[0, 17, 44, 26, 32, 9, 10, 25, 11, 34]",0.31000922310622103,0.3915905896275663,0.47317195614891155,0.0,0.0,0.0,1.9655212008359861,0.0,0.0,0.0,0.0,0.0,0.0,camera_pose_sim3,1.66400227837024,0.9545547172434875,10000,10000,True,False,True,/content/cv3d-project/data/cache/reconstruction/predictions/02958343/109567d7d55b8fe515a520abec2f04dd/27a4749539eb1c7d73d7d359.npz,8739e94587526e2ad8b0d038c990839cd606034b6bee4731a9a29bbda7fe8d98,/content/cv3d-project/data/cache/reconstruction/metrics/02958343/109567d7d55b8fe515a520abec2f04dd/842b87b27fa84e89486c0611.json,12.221665999732068
02958343/10e99b1475098c0aaa69dfdc5532bb13,oracle,1,[0],2.7916906500365046,3.010179785410431,3.2286689207843575,0.0,0.0,0.0,1.9398972974340896,0.0,0.0,0.0,0.0,0.0,0.0,camera_rotation_center_and_target_diameter_scale_single_view,9.101069338559885,0.0,10000,10000,True,True,True,/content/cv3d-project/data/cache/reconstruction/predictions/02958343/10e99b1475098c0aaa69dfdc5532bb13/9ad256ad46cbe48c42dc5099.npz,ae25c32eb0840dbb37402208ce670fb5abf6da54728a1b67012d8dd5d0e09a3e,/content/cv3d-project/data/cache/reconstruction/metrics/02958343/10e99b1475098c0aaa69dfdc5532bb13/c2b27d888a099afc018e1ba2.json,3.8535290000254463
02958343/10e99b1475098c0aaa69dfdc5532bb13,oracle,2,"[0, 35]",0.9577192046793596,1.045676444195258,1.1336336837111562,0.0,0.0,0.0,1.9398972974340896,0.0,0.0,0.0,0.0,0.0,0.0,camera_pose_sim3,1.9959608891023852,0.749999258868444,10000,10000,True,False,True,/content/cv3d-project/data/cache/reconstruction/predictions/02958343/10e99b1475098c0aaa69dfdc5532bb13/5b7b465e3eac68563d61f9ae.npz,a19f1aeef45d046deb9070936bd20f66900fd886b197feb92296ed0303fd5209,/content/cv3d-project/data/cache/reconstruction/metrics/02958343/10e99b1475098c0aaa69dfdc5532bb13/9be700fd88b3319bb1dbca40.json,12.130875999901036
02958343/10e99b1475098c0aaa69dfdc5532bb13,oracle,3,"[0, 35, 31]",0.4328193976444962,0.5200149324308406,0.6072104672171851,0.0,0.0,0.0,1.9398972974340896,0.0,0.0,0.0,0.0,0.0,0.0,camera_pose_sim3,0.8454299280796567,1.3493110489708393,10000,10000,True,False,True,/content/cv3d-project/data/cache/reconstruction/predictions/02958343/10e99b1475098c0aaa69dfdc5532bb13/d4def5f31683a3bc2d203704.npz,e288216fba9995480edae819f4034627b3fdd15efeb48fef9bdfbaf46e82eb37,/content/cv3d-project/data/cache/reconstruction/metrics/02958343/10e99b1475098c0aaa69dfdc5532bb13/e981886220531e7a5e2f22c7.json,11.724568999852636
02958343/10e99b1475098c0aaa69dfdc5532bb13,oracle,5,"[0, 35, 31, 25, 10]",0.5427654016587212,0.6016098534863761,0.6604543053140308,0.0,0.0,0.0,1.9398972974340896,0.0,0.0,0.0,0.0,0.0,0.0,camera_pose_sim3,1.1045625285725327,1.2304775521914848,10000,10000,True,False,True,/content/cv3d-project/data/cache/reconstruction/predictions/02958343/10e99b1475098c0aaa69dfdc5532bb13/6572f2ceb191c4c3271c0c30.npz,269432985e10d4bbad6123b32e18c8ccc90d12c53cb6d1e68e711b7c495b80b4,/content/cv3d-project/data/cache/reconstruction/metrics/02958343/10e99b1475098c0aaa69dfdc5532bb13/4e0b4f20625cf7422586b082.json,11.670385999877908
02958343/10e99b1475098c0aaa69dfdc5532bb13,oracle,10,"[0, 35, 31, 25, 10, 20, 9, 34, 6, 19]",0.023843899816111715,0.051025373648126454,0.07820684748014119,0.8256018790369936,0.09224401451027811,0.1936427388346643,1.9398972974340896,1.0,0.2754,0.5591,0.703,0.0554,0.1171,camera_pose_sim3,2.506592513885754,0.11231850897638486,10000,10000,True,False,True,/content/cv3d-project/data/cache/reconstruction/predictions/02958343/10e99b1475098c0aaa69dfdc5532bb13/3eefe1af1a056e3eda9defb0.npz,dc21ec7b270d581fcc70960d9ab258179783fd6e2a339164db666fb7b955aa15,/content/cv3d-project/data/cache/reconstruction/metrics/02958343/10e99b1475098c0aaa69dfdc5532bb13/f82da7cbd29801f893add561.json,12.847204000081547
02958343/1104f0924e03f2b6fc5886e868449015,oracle,1,[0],4.1223834808412825,4.339661352445343,4.556939224049403,0.0,0.0,0.0,1.9822118202892587,0.0,0.0,0.0,0.0,0.0,0.0,camera_rotation_center_and_target_diameter_scale_single_view,11.947559326327566,0.0,10000,10000,True,True,True,/content/cv3d-project/data/cache/reconstruction/predictions/02958343/1104f0924e03f2b6fc5886e868449015/b12a0a078239c30bd3b022b9.npz,c23885e91bb7c45355a002a6a87a233bf8241d39c01a99a738558c50084713f6,/content/cv3d-project/data/cache/reconstruction/metrics/02958343/1104f0924e03f2b6fc5886e868449015/6c330f2a2c96a1021a6f8ac5.json,3.7623619996338675
02958343/1104f0924e03f2b6fc5886e868449015,oracle,2,"[0, 35]",0.41013374113504014,0.4803961987490821,0.550658656363124,0.0,0.0,0.0,1.9822118202892587,0.0,0.0,0.0,0.0,0.0,0.0,camera_pose_sim3,1.5071131301175835,0.9594887120008907,10000,10000,True,False,True,/content/cv3d-project/data/cache/reconstruction/predictions/02958343/1104f0924e03f2b6fc5886e868449015/b287ae8d5f492527eeb1d2e3.npz,15041dfef6c920f3f584f036a1076f3d1b19c25adbf0155107d040e52478d452,/content/cv3d-project/data/cache/reconstruction/metrics/02958343/1104f0924e03f2b6fc5886e868449015/8199b8531cac9dac04d8caec.json,11.700458999712282
02958343/1104f0924e03f2b6fc5886e868449015,oracle,3,"[0, 35, 31]",0.018385537977871572,0.058616785084738304,0.09884803219160504,0.774885145482389,0.055405811296114924,0.14423946874161522,1.9822118202892587,1.0,0.2755,0.6645,0.6325,0.0308,0.0809,camera_pose_sim3,2.418009392157833,0.20122557184364168,10000,10000,True,False,True,/content/cv3d-project/data/cache/reconstruction/predictions/02958343/1104f0924e03f2b6fc5886e868449015/8544d222ed91fd94b6def55e.npz,3828a8b681174f8e0bf605a1fc2f9ec4109179755635a1fa62d3393caa864ab7,/content/cv3d-project/data/cache/reconstruction/metrics/02958343/1104f0924e03f2b6fc5886e868449015/aad24e81842614d3e2c11143.json,12.44429799999125
02958343/1104f0924e03f2b6fc5886e868449015,oracle,5,"[0, 35, 31, 9, 25]",0.8308717655221309,0.8935947105320496,0.9563176555419685,0.0,0.0,0.0,1.9822118202892587,0.0,0.0,0.0,0.0,0.0,0.0,camera_pose_sim3,1.9557014774094508,0.8493051127071536,10000,10000,True,False,True,/content/cv3d-project/data/cache/reconstruction/predictions/02958343/1104f0924e03f2b6fc5886e868449015/65f66fa3c94933ec7222f607.npz,dd751674574de64797a1cd8a4a6640e185bdf832d80b30239c43ed9b949c5b3e,/content/cv3d-project/data/cache/reconstruction/metrics/02958343/1104f0924e03f2b6fc5886e868449015/750096c8a10f41f0cad3219c.json,12.188496000362647
02958343/1104f0924e03f2b6fc5886e868449015,oracle,10,"[0, 35, 31, 9, 25, 19, 29, 34, 24, 18]",0.5534099797745962,0.6203830455917927,0.6873561114089892,0.0,0.0,0.0,1.9822118202892587,0.0,0.0,0.0,0.0,0.0,0.0,camera_pose_sim3,1.6468060570545016,1.0332886180690273,10000,10000,True,False,True,/content/cv3d-project/data/cache/reconstruction/predictions/02958343/1104f0924e03f2b6fc5886e868449015/975132a3949c0f183cb6e891.npz,856046f1fd49191a0df5d11a48f6b300f2dd9782f1fbd7eeb9c53ddfcae77277,/content/cv3d-project/data/cache/reconstruction/metrics/02958343/1104f0924e03f2b6fc5886e868449015/f754e3655f46f2b774bb54e0.json,12.725578999834397
02958343/1137cd58d6a45c6659a47b1880958de9,oracle,1,[0],2.9326854757241625,3.147517826256824,3.3623501767894854,0.0,0.0,0.0,1.9797847779606585,0.0,0.0,0.0,0.0,0.0,0.0,camera_rotation_center_and_target_diameter_scale_single_view,9.51319004342496,0.0,10000,10000,True,True,True,/content/cv3d-project/data/cache/reconstruction/predictions/02958343/1137cd58d6a45c6659a47b1880958de9/af5bb001154eb5384b077c0c.npz,66a4800fcfaa3c5705060453d1ea59ebe0b55ec3d1644880f89fbb3a301d29bc,/content/cv3d-project/data/cache/reconstruction/metrics/02958343/1137cd58d6a45c6659a47b1880958de9/57353e82b891597c6743d37b.json,4.600330999892321
02958343/1137cd58d6a45c6659a47b1880958de9,oracle,2,"[0, 35]",0.6114398531032199,0.6558055829601733,0.7001713128171267,0.0,0.0,0.0,1.9797847779606585,0.0,0.0,0.0,0.0,0.0,0.0,camera_pose_sim3,2.027232738605481,0.8570551965791807,10000,10000,True,False,True,/content/cv3d-project/data/cache/reconstruction/predictions/02958343/1137cd58d6a45c6659a47b1880958de9/636ef88ee82a590ebd2910b5.npz,664831e2e81c73826b08acac0e7fe768e66f1b9b7e261ec2441bfab9fc34a6bc,/content/cv3d-project/data/cache/reconstruction/metrics/02958343/1137cd58d6a45c6659a47b1880958de9/9195bb444061c395660b4f3e.json,15.27682999994795
02958343/1137cd58d6a45c6659a47b1880958de9,oracle,3,"[0, 35, 31]",0.016503548650824536,0.05971729446986286,0.10293104028890118,0.6875779250606996,0.06687490283176013,0.16580097305389221,1.9797847779606585,1.0,0.3229,0.7077,0.5239,0.0373,0.0939,camera_pose_sim3,2.456412008835591,0.15162182830710597,10000,10000,True,False,True,/content/cv3d-project/data/cache/reconstruction/predictions/02958343/1137cd58d6a45c6659a47b1880958de9/eb0933452189d160018066ff.npz,c92d8b417311b1d15a9a85e753f705d194fe7b0a49cbb2125cd71bb6e2699c4a,/content/cv3d-project/data/cache/reconstruction/metrics/02958343/1137cd58d6a45c6659a47b1880958de9/51f1fcdfbe4f1364f1c1a43f.json,13.005435999730253
02958343/1137cd58d6a45c6659a47b1880958de9,oracle,5,"[0, 35, 31, 10, 44]",0.02045977978748342,0.05431387063141741,0.0881679614753514,0.8469299509945228,0.10130656724978492,0.2241463441005541,1.9797847779606585,1.0,0.2872,0.6022,0.7345,0.0615,0.1377,camera_pose_sim3,2.391291126962758,0.07515227835801395,10000,10000,True,False,True,/content/cv3d-project/data/cache/reconstruction/predictions/02958343/1137cd58d6a45c6659a47b1880958de9/00fa2ea0ca34336166fa32cf.npz,c55fbf6e950b420fd06cb0cbe916dace3d64eff01e36f46d4de49791390b48e1,/content/cv3d-project/data/cache/reconstruction/metrics/02958343/1137cd58d6a45c6659a47b1880958de9/378e1c5d6d4dd2e576d2fe49.json,13.107977000345272
02958343/1137cd58d6a45c6659a47b1880958de9,oracle,10,"[0, 35, 31, 10, 44, 25, 6, 40, 12, 18]",0.014879460690090099,0.04045777893280279,0.06603609717551549,0.8764676141789787,0.15315861081274615,0.2543793247553063,1.9797847779606585,1.0,0.467,0.7564,0.7801,0.0916,0.1529,camera_pose_sim3,2.4184366974552183,0.12211904043007292,10000,10000,True,False,True,/content/cv3d-project/data/cache/reconstruction/predictions/02958343/1137cd58d6a45c6659a47b1880958de9/9a83b17bb8f81526e5ee6dc0.npz,8945f140d4525dab3ad730bd1ee4d227afc49f91aa61b5051cdf859d17b81470,/content/cv3d-project/data/cache/reconstruction/metrics/02958343/1137cd58d6a45c6659a47b1880958de9/74529a3ad52c358ceb4b890f.json,12.671171999954822
02958343/114b662c64caba81bb07f8c2248e54bc,oracle,1,[0],4.1239214677522495,4.335357127799031,4.5467927878458125,0.0,0.0,0.0,1.9869569941259921,0.0,0.0,0.0,0.0,0.0,0.0,camera_rotation_center_and_target_diameter_scale_single_view,11.93837291993469,0.0,9890,10000,True,True,True,/content/cv3d-project/data/cache/reconstruction/predictions/02958343/114b662c64caba81bb07f8c2248e54bc/df4ce7ee864a61925b17a3d6.npz,2c5cd1061f3e1d3934418f5fff722e241c1b8bc510b2e4757db16fcd673f4f05,/content/cv3d-project/data/cache/reconstruction/metrics/02958343/114b662c64caba81bb07f8c2248e54bc/6d5d0756b13a49503e6df7d9.json,3.841732999717351
02958343/114b662c64caba81bb07f8c2248e54bc,oracle,2,"[0, 35]",0.823778138170443,0.8694124059044905,0.9150466736385381,0.0,0.0,0.0,1.9869569941259921,0.0,0.0,0.0,0.0,0.0,0.0,camera_pose_sim3,2.8089518925583903,0.5390624109590152,10000,10000,True,False,True,/content/cv3d-project/data/cache/reconstruction/predictions/02958343/114b662c64caba81bb07f8c2248e54bc/d403bc7fd50cefc737b18cfd.npz,2d39b34b975e0af63258c86c1685ec731ce77cfe7b4102f9dacd60c0980a77ac,/content/cv3d-project/data/cache/reconstruction/metrics/02958343/114b662c64caba81bb07f8c2248e54bc/f56d861858645d78ad896e9a.json,11.535660999925312
02958343/114b662c64caba81bb07f8c2248e54bc,oracle,3,"[0, 35, 31]",0.043497055992304835,0.10382519535144409,0.16415333471058335,0.36648637515324883,0.024425152838427947,0.05790963949843261,1.9869569941259921,0.9991,0.1006,0.2219,0.2244,0.0139,0.0333,camera_pose_sim3,2.3402755271635036,0.24657286610336546,10000,10000,True,False,True,/content/cv3d-project/data/cache/reconstruction/predictions/02958343/114b662c64caba81bb07f8c2248e54bc/a6d59c6730445ddcb0bc84fa.npz,f02cc6a3dfb89a50ed958f96d116bfd6127f96c648d972a79d921dc252e3c626,/content/cv3d-project/data/cache/reconstruction/metrics/02958343/114b662c64caba81bb07f8c2248e54bc/ea344efb6f1ebfae19883874.json,12.856235000072047
02958343/114b662c64caba81bb07f8c2248e54bc,oracle,5,"[0, 35, 31, 25, 43]",0.04997944889184583,0.08663985489501222,0.1233002608981786,0.5987979406164045,0.003383908045977012,0.03799633363886342,1.9869569941259921,0.9884,0.0064,0.0846,0.4295,0.0023,0.0245,camera_pose_sim3,2.497159624571242,0.13762562418340618,10000,10000,True,False,True,/content/cv3d-project/data/cache/reconstruction/predictions/02958343/114b662c64caba81bb07f8c2248e54bc/ac6e62ed13713e75b6e83f89.npz,a0b3d0285f4b9b5d04b3a8c26780dc82f5785102e8303d72b0828b41b2583aa9,/content/cv3d-project/data/cache/reconstruction/metrics/02958343/114b662c64caba81bb07f8c2248e54bc/22242a008b802db70275654c.json,12.019396999676246
02958343/114b662c64caba81bb07f8c2248e54bc,oracle,10,"[0, 35, 31, 25, 43, 9, 32, 47, 27, 26]",0.03911689721998669,0.0700125813783063,0.1009082655366259,0.7348700348652931,0.04197800407331976,0.11368165740272863,1.9869569941259921,0.9949,0.0678,0.327,0.5826,0.0304,0.0688,camera_pose_sim3,2.5480244609133003,0.11090043354536079,10000,10000,True,False,True,/content/cv3d-project/data/cache/reconstruction/predictions/02958343/114b662c64caba81bb07f8c2248e54bc/dd76399f631f5beea8ab5bce.npz,58639fd69259bd9bdfe3c1e085ba9e401714c0ddff6b5c1abe5d1c15bd42dc98,/content/cv3d-project/data/cache/reconstruction/metrics/02958343/114b662c64caba81bb07f8c2248e54bc/d1f14a0d4d26ff7cf4d351e3.json,12.82007200006774
02958343/1159faf9bf78998493680c5a9a367b4a,oracle,1,[0],4.008880179619851,4.2067611239756335,4.404642068331416,0.0,0.0,0.0,1.9929820921664265,0.0,0.0,0.0,0.0,0.0,0.0,camera_rotation_center_and_target_diameter_scale_single_view,11.659361754891632,0.0,10000,10000,True,True,True,/content/cv3d-project/data/cache/reconstruction/predictions/02958343/1159faf9bf78998493680c5a9a367b4a/dabaa14fb88d214578731cc3.npz,0d47fc7e31268df45271f871efe00a9b68fbb0075011f5ef4fe998e01dec4f2e,/content/cv3d-project/data/cache/reconstruction/metrics/02958343/1159faf9bf78998493680c5a9a367b4a/70b407fdb886e4eed5e29277.json,3.968004999933328
02958343/1159faf9bf78998493680c5a9a367b4a,oracle,2,"[0, 17]",0.1902319069656795,0.2803515227493695,0.3704711385330594,0.0,0.0,0.0,1.9929820921664265,0.0,0.0,0.0,0.0,0.0,0.0,camera_pose_sim3,2.3890232423299715,0.6684568250821544,10000,10000,True,False,True,/content/cv3d-project/data/cache/reconstruction/predictions/02958343/1159faf9bf78998493680c5a9a367b4a/9cd39632080a4083570b4c56.npz,2f57172cd76a9a63c8e830bbe03f13c8eac32b152d55c74503e0d9addda6651f,/content/cv3d-project/data/cache/reconstruction/metrics/02958343/1159faf9bf78998493680c5a9a367b4a/38693a2bca798d17a9bebec6.json,12.271337000129279
02958343/1159faf9bf78998493680c5a9a367b4a,oracle,3,"[0, 17, 37]",0.8834889780440888,0.9679220338225596,1.0523550896010303,0.0,0.0,0.0,1.9929820921664265,0.0,0.0,0.0,0.0,0.0,0.0,camera_pose_sim3,2.6578642034817594,0.6757149590000853,10000,10000,True,False,True,/content/cv3d-project/data/cache/reconstruction/predictions/02958343/1159faf9bf78998493680c5a9a367b4a/9cab4e4749aa852e1583b0f6.npz,aa357f18ea3820045861f4a923bb465b18bc18d0668b4075560e9bae316e9180,/content/cv3d-project/data/cache/reconstruction/metrics/02958343/1159faf9bf78998493680c5a9a367b4a/84de4898a1e20c7e44179e09.json,11.978475999967486
02958343/1159faf9bf78998493680c5a9a367b4a,oracle,5,"[0, 17, 37, 26, 15]",0.06330689233538883,0.1333141486422738,0.20332140494915882,0.23372364199579598,0.01259968253968254,0.024648292390653085,1.9929820921664265,0.766,0.0559,0.1535,0.1379,0.0071,0.0134,camera_pose_sim3,2.5214442520745903,0.2800633881536389,10000,10000,True,False,True,/content/cv3d-project/data/cache/reconstruction/predictions/02958343/1159faf9bf78998493680c5a9a367b4a/1a5cccd02172e1e0dd832715.npz,bd934a0f63bb9ac847c2bb3e06bc2d720f6a39e55a8e80b97b19253304cba608,/content/cv3d-project/data/cache/reconstruction/metrics/02958343/1159faf9bf78998493680c5a9a367b4a/857c6652f745db01e80cc3ef.json,12.802543999896443
02958343/1159faf9bf78998493680c5a9a367b4a,oracle,10,"[0, 17, 37, 26, 15, 10, 25, 13, 39, 34]",0.020121797088307282,0.053858541320917414,0.08759528555352755,0.7809338047055954,0.08285421649800674,0.16956476972311119,1.9929820921664265,1.0,0.2774,0.6205,0.6406,0.0487,0.0982,camera_pose_sim3,2.590955909821745,0.10911104723996291,10000,10000,True,False,True,/content/cv3d-project/data/cache/reconstruction/predictions/02958343/1159faf9bf78998493680c5a9a367b4a/c83b7578129873891ae2da3f.npz,37bba07e7755d52f699e3d5e5ab3a83edac4ae00c1cfe2f6e828e59baa5c0d24,/content/cv3d-project/data/cache/reconstruction/metrics/02958343/1159faf9bf78998493680c5a9a367b4a/7af87b3005b0d96a700c4c2f.json,12.534468000012566
02958343/1166b049a7230db9f50f5d46dfed0533,oracle,1,[0],4.269409428355387,4.474739874506415,4.6800703206574426,0.0,0.0,0.0,1.3949552439843986,0.0,0.0,0.0,0.0,0.0,0.0,camera_rotation_center_and_target_diameter_scale_single_view,9.39978274337584,0.0,5553,10000,True,True,True,/content/cv3d-project/data/cache/reconstruction/predictions/02958343/1166b049a7230db9f50f5d46dfed0533/9ece092aae2f348bdaa7df6a.npz,8712f8780746bb94bf7cce244ecc17536cb86f581d79ea62bba8b7d24625e80d,/content/cv3d-project/data/cache/reconstruction/metrics/02958343/1166b049a7230db9f50f5d46dfed0533/a54605244622cc33005b5d5e.json,3.2460769998579053
02958343/1166b049a7230db9f50f5d46dfed0533,oracle,2,"[0, 26]",0.027033378952286177,0.14330305628413703,0.25957273361598787,0.22789296473506998,0.01769817578772803,0.0426842819843342,1.3949552439843986,1.0,0.232,0.5523,0.1286,0.0092,0.0222,camera_pose_sim3,2.001390125033836,1.1178677816778502,10000,10000,True,False,True,/content/cv3d-project/data/cache/reconstruction/predictions/02958343/1166b049a7230db9f50f5d46dfed0533/4333bd2586b507e68549fd65.npz,78bb0a9820180f1c22d03c6bdbd56b594a9483d06e449ff6569047868b9341a1,/content/cv3d-project/data/cache/reconstruction/metrics/02958343/1166b049a7230db9f50f5d46dfed0533/e09e56b6e14bd14ea4e15280.json,12.136530000134371
02958343/1166b049a7230db9f50f5d46dfed0533,oracle,3,"[0, 26, 17]",1.1229125049399469,1.1429963254848983,1.1630801460298497,0.0,0.0,0.0,1.3949552439843986,0.0,0.0,0.0,0.0,0.0,0.0,camera_pose_sim3,3.1198312836108646,0.7304418906331501,10000,10000,True,False,True,/content/cv3d-project/data/cache/reconstruction/predictions/02958343/1166b049a7230db9f50f5d46dfed0533/99264b042146c6b055c95991.npz,9955cc752431c6f0f95045d124dd2966cbca6d17f3697e96c0d595d086473491,/content/cv3d-project/data/cache/reconstruction/metrics/02958343/1166b049a7230db9f50f5d46dfed0533/18d58a87f3fe06648d8df5c8.json,12.244459000157804
02958343/1166b049a7230db9f50f5d46dfed0533,oracle,5,"[0, 26, 17, 37, 11]",0.08127605097567955,0.15011887381415578,0.21896169665263202,0.2945591189640566,0.0326695246971109,0.06737840707964603,1.3949552439843986,0.6345,0.0872,0.1848,0.1918,0.0201,0.0412,camera_pose_sim3,2.551482258835668,0.19371625529635073,10000,10000,True,False,True,/content/cv3d-project/data/cache/reconstruction/predictions/02958343/1166b049a7230db9f50f5d46dfed0533/224259feeef906d4bb7a3802.npz,68ad84e0240b00af8b4a1ce0a313ce46e5b4253f7c9d02d1ba517251ea95ff5b,/content/cv3d-project/data/cache/reconstruction/metrics/02958343/1166b049a7230db9f50f5d46dfed0533/5cfb350eabdcd83a4e9203a2.json,11.922545999823342
02958343/1166b049a7230db9f50f5d46dfed0533,oracle,10,"[0, 26, 17, 37, 11, 41, 2, 33, 9, 42]",0.06654933236627736,0.12745857051890208,0.18836780867152678,0.38694253246753246,0.06242788104089219,0.10492666445842992,1.3949552439843986,0.7212,0.1191,0.2343,0.2644,0.0423,0.0676,camera_pose_sim3,2.6974197335004213,0.14391602386920613,10000,10000,True,False,True,/content/cv3d-project/data/cache/reconstruction/predictions/02958343/1166b049a7230db9f50f5d46dfed0533/01b4ae411eee0c8aae46e938.npz,e2de28c94a6d426c295a86169eb464df7b914f8ba49832db28f49e7649220f06,/content/cv3d-project/data/cache/reconstruction/metrics/02958343/1166b049a7230db9f50f5d46dfed0533/b321b7709b62a8271ee2a400.json,11.943775999952777
02958343/119033fe083145e22f31600ac759c763,oracle,1,[0],5.103723265166943,5.308793499472031,5.513863733777119,0.0,0.0,0.0,1.9677514935020894,0.0,0.0,0.0,0.0,0.0,0.0,camera_rotation_center_and_target_diameter_scale_single_view,13.809947550051183,0.0,10000,10000,True,True,True,/content/cv3d-project/data/cache/reconstruction/predictions/02958343/119033fe083145e22f31600ac759c763/424112ce7a1af1be09697858.npz,0688ed297a10f3b13890314be71cb5f36ebec2cc62f8352980e0bcb864d33ff9,/content/cv3d-project/data/cache/reconstruction/metrics/02958343/119033fe083145e22f31600ac759c763/cc6e946a3ceba231d3172c38.json,3.7741179999102314
02958343/119033fe083145e22f31600ac759c763,oracle,2,"[0, 35]",0.18223297166829103,0.28003129137954014,0.3778296110907892,0.0077563342318059305,0.0,0.0,1.9677514935020894,0.0327,0.0,0.0,0.0044,0.0,0.0,camera_pose_sim3,2.9474372235871695,0.42451579187326294,10000,10000,True,False,True,/content/cv3d-project/data/cache/reconstruction/predictions/02958343/119033fe083145e22f31600ac759c763/9305c9e9c188487c70b3fa5a.npz,10d016322f8ee4a68d48e6617f3188e1f445486037b088b30a4c8948bff9de54,/content/cv3d-project/data/cache/reconstruction/metrics/02958343/119033fe083145e22f31600ac759c763/1a578fd646d16793ba3f226b.json,11.466071999620908
02958343/119033fe083145e22f31600ac759c763,oracle,3,"[0, 35, 31]",0.4566452024285978,0.5101370250354815,0.5636288476423653,0.0,0.0,0.0,1.9677514935020894,0.0,0.0,0.0,0.0,0.0,0.0,camera_pose_sim3,2.0683920736428036,0.7804422360607337,10000,10000,True,False,True,/content/cv3d-project/data/cache/reconstruction/predictions/02958343/119033fe083145e22f31600ac759c763/f99970dcf4ca55f40374de9b.npz,6a88cb29ec5097ddb04cfda980efa101f24aac2ee3db746e5ceecb4255dd0002,/content/cv3d-project/data/cache/reconstruction/metrics/02958343/119033fe083145e22f31600ac759c763/ac60ff402b322340026019c0.json,11.776554999869404
02958343/119033fe083145e22f31600ac759c763,oracle,5,"[0, 35, 31, 25, 21]",0.019667709868496964,0.06674504749088898,0.113822385113281,0.658708336127691,0.05205663109756097,0.12322120897074113,1.9677514935020894,1.0,0.2331,0.6047,0.4911,0.0293,0.0686,camera_pose_sim3,2.4391516526002586,0.1287937198050489,10000,10000,True,False,True,/content/cv3d-project/data/cache/reconstruction/predictions/02958343/119033fe083145e22f31600ac759c763/d987225fd80e34dc7730042a.npz,2e2fb73da0910e570ecaf79ba05808a9c05a56e2ffb77f4bccd228341b0731e9,/content/cv3d-project/data/cache/reconstruction/metrics/02958343/119033fe083145e22f31600ac759c763/4c8921bdcc4816dd9bd98ad5.json,12.298969999847031
02958343/119033fe083145e22f31600ac759c763,oracle,10,"[0, 35, 31, 25, 21, 3, 42, 15, 10, 34]",0.015877011442129507,0.04519704858546637,0.07451708572880324,0.8530137064862076,0.14333239958805355,0.26002903478358125,1.9677514935020894,1.0,0.3981,0.7362,0.7437,0.0874,0.1579,camera_pose_sim3,2.5360329714109997,0.11248904639135886,10000,10000,True,False,True,/content/cv3d-project/data/cache/reconstruction/predictions/02958343/119033fe083145e22f31600ac759c763/39849343229c3b86bde92e6b.npz,82aa5af94e72aa1d73c18d0f119b9f755c30f5f637b0e2e6d592aa1a2b6ccbb5,/content/cv3d-project/data/cache/reconstruction/metrics/02958343/119033fe083145e22f31600ac759c763/a737b436eb365a4da5836a60.json,12.315994000346109
02958343/1198255e3d20d2f323f3ca54768fe2ee,oracle,1,[0],4.253693635028189,4.453898190299826,4.654102745571463,0.0,0.0,0.0,1.9975759336719574,0.0,0.0,0.0,0.0,0.0,0.0,camera_rotation_center_and_target_diameter_scale_single_view,12.153367824473778,0.0,10000,10000,True,True,True,/content/cv3d-project/data/cache/reconstruction/predictions/02958343/1198255e3d20d2f323f3ca54768fe2ee/8cd5327b84d68b4338deb97f.npz,7e90b62749a1f4ab197f9f8f72c2c19e31a6998a47971338f660ae2de9e8bc5d,/content/cv3d-project/data/cache/reconstruction/metrics/02958343/1198255e3d20d2f323f3ca54768fe2ee/32626bf9a1e3ec9df8c813f5.json,3.7752550001641794
02958343/1198255e3d20d2f323f3ca54768fe2ee,oracle,2,"[0, 18]",0.047524150869309216,0.16656161758245766,0.2855990842956061,0.1624891879086516,0.003251413881748072,0.00877165991902834,1.9975759336719574,0.9666,0.0372,0.0942,0.0887,0.0017,0.0046,camera_pose_sim3,1.47888487917056,0.8409497050315332,10000,10000,True,False,True,/content/cv3d-project/data/cache/reconstruction/predictions/02958343/1198255e3d20d2f323f3ca54768fe2ee/3dc2037e78fa5f960983fd44.npz,93d645b201eee48711cb4f1bcb771ff902bdc85c699082893a1bc8d85b0ad125,/content/cv3d-project/data/cache/reconstruction/metrics/02958343/1198255e3d20d2f323f3ca54768fe2ee/398b668fc1585fb10a488dd6.json,11.372389000371186
02958343/1198255e3d20d2f323f3ca54768fe2ee,oracle,3,"[0, 18, 35]",0.4904134471972902,0.6456258001967854,0.8008381531962807,0.0,0.0,0.0,1.9975759336719574,0.0,0.0,0.0,0.0,0.0,0.0,camera_pose_sim3,0.28451168450853925,1.0587635209834927,10000,10000,True,False,True,/content/cv3d-project/data/cache/reconstruction/predictions/02958343/1198255e3d20d2f323f3ca54768fe2ee/771eefe877c54473c0127fd4.npz,05d0b421c85be58f215a82e2b053f531a2286b244aebf28ee94e8014cc6cbf66,/content/cv3d-project/data/cache/reconstruction/metrics/02958343/1198255e3d20d2f323f3ca54768fe2ee/3c5b03a4ffbd4a7c04c7a819.json,11.203106999801093
02958343/1198255e3d20d2f323f3ca54768fe2ee,oracle,5,"[0, 18, 35, 8, 33]",0.8845050337868052,0.9510899769821932,1.0176749201775812,0.0,0.0,0.0,1.9975759336719574,0.0,0.0,0.0,0.0,0.0,0.0,camera_pose_sim3,2.465966820729784,0.7513741602353081,10000,10000,True,False,True,/content/cv3d-project/data/cache/reconstruction/predictions/02958343/1198255e3d20d2f323f3ca54768fe2ee/dbe349fb95e0c73e24c643ee.npz,b36f251545d435d79751d69247630e9603739c4d3389dfb62034c10e06fa4bf7,/content/cv3d-project/data/cache/reconstruction/metrics/02958343/1198255e3d20d2f323f3ca54768fe2ee/d01e306e69e49d482abd23fd.json,11.673284000153217
02958343/1198255e3d20d2f323f3ca54768fe2ee,oracle,10,"[0, 18, 35, 8, 33, 11, 42, 27, 2, 34]",0.12056026833433611,0.14092630800342865,0.1612923476725212,0.11495726700629309,0.0,0.0,1.9975759336719574,0.2599,0.0,0.0,0.0738,0.0,0.0,camera_pose_sim3,2.3176943485060253,0.35731062804645014,10000,10000,True,False,True,/content/cv3d-project/data/cache/reconstruction/predictions/02958343/1198255e3d20d2f323f3ca54768fe2ee/6aaf8a62abae6364a7266142.npz,a4b59fed5af22209a7d019af7664393501c34e1c663b8969c831f9d67870e7a1,/content/cv3d-project/data/cache/reconstruction/metrics/02958343/1198255e3d20d2f323f3ca54768fe2ee/069d2611ae9f6b80812f48cf.json,12.576833999901282
02958343/11b09de6631b3b3ad997cda1a938a10d,oracle,1,[0],5.311716467362932,5.494602311229233,5.677488155095533,0.0,0.0,0.0,1.9831495115005957,0.0,0.0,0.0,0.0,0.0,0.0,camera_rotation_center_and_target_diameter_scale_single_view,14.21826527926928,0.0,7382,10000,True,True,True,/content/cv3d-project/data/cache/reconstruction/predictions/02958343/11b09de6631b3b3ad997cda1a938a10d/9303c74acc840b626e965dfd.npz,d95dd32714b06031d15e597384945cddd36db1f21f7a09c7ddc6dd895bc91284,/content/cv3d-project/data/cache/reconstruction/metrics/02958343/11b09de6631b3b3ad997cda1a938a10d/17c7423ff040079725934cf6.json,3.641157999936695
02958343/11b09de6631b3b3ad997cda1a938a10d,oracle,2,"[0, 17]",0.6120867595035606,0.6556843451906235,0.6992819308776863,0.0,0.0,0.0,1.9831495115005957,0.0,0.0,0.0,0.0,0.0,0.0,camera_pose_sim3_positive_scale_fallback,3.326961058420175,3.51860848502925e-16,10000,10000,True,False,True,/content/cv3d-project/data/cache/reconstruction/predictions/02958343/11b09de6631b3b3ad997cda1a938a10d/396586eaddb66f1d5c64c242.npz,0ba5379dbdbec6100286090a3653161ba45deff6cb510e64d28a0d5521102539,/content/cv3d-project/data/cache/reconstruction/metrics/02958343/11b09de6631b3b3ad997cda1a938a10d/0583e05a170efeeec7ff0efb.json,11.909312000170758
02958343/11b09de6631b3b3ad997cda1a938a10d,oracle,3,"[0, 17, 44]",0.6322606442430247,0.7395415173796092,0.8468223905161936,0.0,0.0,0.0,1.9831495115005957,0.0,0.0,0.0,0.0,0.0,0.0,camera_pose_sim3,2.6504187947354745,0.650835063875022,10000,10000,True,False,True,/content/cv3d-project/data/cache/reconstruction/predictions/02958343/11b09de6631b3b3ad997cda1a938a10d/6a08e14bdcfc6dc8432ed1e5.npz,35ad4f91f1cfb27eb823ee09422890a57a3010c2389789a8dd96527c126836a3,/content/cv3d-project/data/cache/reconstruction/metrics/02958343/11b09de6631b3b3ad997cda1a938a10d/46da25351fb123c677dcc7bd.json,11.405120999825158
02958343/11b09de6631b3b3ad997cda1a938a10d,oracle,5,"[0, 17, 44, 26, 22]",0.017771574865889737,0.052953798795950774,0.08813602272601181,0.787364336385133,0.08109088388214905,0.2128080506685433,1.9831495115005957,1.0,0.2397,0.5802,0.6493,0.0488,0.1303,camera_pose_sim3,2.549616402247229,0.16334315076730369,10000,10000,True,False,True,/content/cv3d-project/data/cache/reconstruction/predictions/02958343/11b09de6631b3b3ad997cda1a938a10d/385c50f4f9c0fb7b4c71555f.npz,0705673e838764909b07e0aeacd65f9d31937df3c0fb6f2aa4c404a5152f2ec0,/content/cv3d-project/data/cache/reconstruction/metrics/02958343/11b09de6631b3b3ad997cda1a938a10d/547eb78a0b0d797d4f5715a3.json,11.340179999933753
02958343/11b09de6631b3b3ad997cda1a938a10d,oracle,10,"[0, 17, 44, 26, 22, 41, 10, 33, 6, 42]",0.014523763926329562,0.04064232089083649,0.06676087785534342,0.8808684460858374,0.18659945019404917,0.31651671481634336,1.9831495115005957,1.0,0.5039,0.77,0.7871,0.1145,0.1992,camera_pose_sim3,2.4905618361281388,0.12251301827602161,10000,10000,True,False,True,/content/cv3d-project/data/cache/reconstruction/predictions/02958343/11b09de6631b3b3ad997cda1a938a10d/c8af700fbada310fc191302d.npz,fba179ab0151561cc897093e717a645020a47ffb82d6c7d17c2b44eb14ae0a27,/content/cv3d-project/data/cache/reconstruction/metrics/02958343/11b09de6631b3b3ad997cda1a938a10d/0fe36714317d2887d9dccaca.json,12.023387000226649
02958343/11dba0c2ec8127356c2fe9dcfa1ee2f8,oracle,1,[0],3.6582853776050883,3.8809071888405917,4.103529000076096,0.0,0.0,0.0,1.9579465833379408,0.0,0.0,0.0,0.0,0.0,0.0,camera_rotation_center_and_target_diameter_scale_single_view,10.815679502798888,0.0,10000,10000,True,True,True,/content/cv3d-project/data/cache/reconstruction/predictions/02958343/11dba0c2ec8127356c2fe9dcfa1ee2f8/30f33916567db266b16b7b5f.npz,93718debcefd97c6472b1629ac74680c5fae4208c3159fa8e40363be69737613,/content/cv3d-project/data/cache/reconstruction/metrics/02958343/11dba0c2ec8127356c2fe9dcfa1ee2f8/562dcfe0dc9255c21ef93295.json,3.7454329999491165
02958343/11dba0c2ec8127356c2fe9dcfa1ee2f8,oracle,2,"[0, 35]",1.8325697753979275,1.839054499301799,1.8455392232056702,0.0,0.0,0.0,1.9579465833379408,0.0,0.0,0.0,0.0,0.0,0.0,camera_pose_sim3,3.5660322258926906,0.6299612547447475,10000,10000,True,False,True,/content/cv3d-project/data/cache/reconstruction/predictions/02958343/11dba0c2ec8127356c2fe9dcfa1ee2f8/85f563eea8033fc821285ac0.npz,a5b4eeb9e06c588a44f9a89b26b1d6a205cdaf6bb5d64375d2a2d7599ed8ad8f,/content/cv3d-project/data/cache/reconstruction/metrics/02958343/11dba0c2ec8127356c2fe9dcfa1ee2f8/058f6262632ca52fcd95f06c.json,11.646616000234644
02958343/11dba0c2ec8127356c2fe9dcfa1ee2f8,oracle,3,"[0, 35, 31]",0.8884295804561996,0.9528317512208173,1.017233921985435,0.0,0.0,0.0,1.9579465833379408,0.0,0.0,0.0,0.0,0.0,0.0,camera_pose_sim3,3.0215035973848208,0.5341447664379047,10000,10000,True,False,True,/content/cv3d-project/data/cache/reconstruction/predictions/02958343/11dba0c2ec8127356c2fe9dcfa1ee2f8/69c0743032c83e86cfa6689b.npz,af2d97e5e4489409d37a9db4e2d79506c81cc0a72e6dc21b99f008daab3f9bbb,/content/cv3d-project/data/cache/reconstruction/metrics/02958343/11dba0c2ec8127356c2fe9dcfa1ee2f8/55d1f54e030939a302221ec9.json,12.5216830001591
02958343/11dba0c2ec8127356c2fe9dcfa1ee2f8,oracle,5,"[0, 35, 31, 9, 37]",0.04493643854157524,0.10479903848543398,0.1646616384292927,0.3800421189049085,0.017470501474926254,0.05264361968306922,1.9579465833379408,1.0,0.0575,0.2097,0.2346,0.0103,0.0301,camera_pose_sim3,2.673292079005963,0.22701943176386358,10000,10000,True,False,True,/content/cv3d-project/data/cache/reconstruction/predictions/02958343/11dba0c2ec8127356c2fe9dcfa1ee2f8/7b86491b4f6626967a24943a.npz,ca32a1467ce7495053c35525105f96d7ed0f04f25ad73cf61679708c141cedde,/content/cv3d-project/data/cache/reconstruction/metrics/02958343/11dba0c2ec8127356c2fe9dcfa1ee2f8/478ef1c2a1f870074d9b26c4.json,12.08627100004378
02958343/11dba0c2ec8127356c2fe9dcfa1ee2f8,oracle,10,"[0, 35, 31, 9, 37, 34, 2, 19, 33, 45]",0.12685148270693847,0.20166959435744197,0.2764877060079455,0.038795202593192864,0.0,0.0,1.9579465833379408,0.2877,0.0,0.0,0.0208,0.0,0.0,camera_pose_sim3,2.1337774579788653,0.5803857939466318,10000,10000,True,False,True,/content/cv3d-project/data/cache/reconstruction/predictions/02958343/11dba0c2ec8127356c2fe9dcfa1ee2f8/f9af8a0773da9fd01c54b530.npz,b5411444d5b38770f4dc8e26e42e5fd7a41dc547e35551ddb27fe9cad48bbd9a,/content/cv3d-project/data/cache/reconstruction/metrics/02958343/11dba0c2ec8127356c2fe9dcfa1ee2f8/aec1f05437bc189f93f5ad71.json,12.77322300029482
02958343/11e5b7d67058e1d75f67208653687b70,oracle,1,[0],4.942344153806997,5.156412200452246,5.370480247097497,0.0,0.0,0.0,1.9814594605163354,0.0,0.0,0.0,0.0,0.0,0.0,camera_rotation_center_and_target_diameter_scale_single_view,13.552543739189788,0.0,10000,10000,True,True,True,/content/cv3d-project/data/cache/reconstruction/predictions/02958343/11e5b7d67058e1d75f67208653687b70/fa8d9763914697d3d92ec167.npz,93191d71dea6c03e506cd918ceab909ecf351525992a0aeeea3631ceaa47cee9,/content/cv3d-project/data/cache/reconstruction/metrics/02958343/11e5b7d67058e1d75f67208653687b70/fd2dab26c669b6c4975b9156.json,3.8233069999478175
02958343/11e5b7d67058e1d75f67208653687b70,oracle,2,"[0, 17]",0.3776278015597383,0.44523655399795725,0.5128453064361762,0.0,0.0,0.0,1.9814594605163354,0.0,0.0,0.0,0.0,0.0,0.0,camera_pose_sim3,2.915336705212123,0.27262581811132697,10000,10000,True,False,True,/content/cv3d-project/data/cache/reconstruction/predictions/02958343/11e5b7d67058e1d75f67208653687b70/fd28dfaecfc33ff658c141b5.npz,9791282e1260d408fc83eab67383d1bf64f08147a5c99101ec27e63c2b9f3a93,/content/cv3d-project/data/cache/reconstruction/metrics/02958343/11e5b7d67058e1d75f67208653687b70/6932090ef1e7236259a70301.json,11.42007199996442
02958343/11e5b7d67058e1d75f67208653687b70,oracle,3,"[0, 17, 44]",0.2550883722618841,0.33174062629379564,0.40839288032570714,0.0,0.0,0.0,1.9814594605163354,0.0,0.0,0.0,0.0,0.0,0.0,camera_pose_sim3,2.1507589408996024,0.5707872262497198,10000,10000,True,False,True,/content/cv3d-project/data/cache/reconstruction/predictions/02958343/11e5b7d67058e1d75f67208653687b70/9332eea0f799c924c34b8095.npz,fb07c24edee1ac61094ba997acab7a4cf4948860ecebaf0634ed42b007a369ff,/content/cv3d-project/data/cache/reconstruction/metrics/02958343/11e5b7d67058e1d75f67208653687b70/1640e6e55afc51caa0d8bcf7.json,11.377620000075694
02958343/11e5b7d67058e1d75f67208653687b70,oracle,5,"[0, 17, 44, 10, 23]",0.01490635331496679,0.10614562023244115,0.1973848871499155,0.40523084283549954,0.04893313131313132,0.08830578244036467,1.9814594605163354,1.0,0.3698,0.7538,0.2541,0.0262,0.0469,camera_pose_sim3,1.9059762807841194,0.8352549031078846,10000,10000,True,False,True,/content/cv3d-project/data/cache/reconstruction/predictions/02958343/11e5b7d67058e1d75f67208653687b70/f9a4405d4fa41ee3f492f6f3.npz,8adb6ca64d66487a65738119887a96dab5abaac6fcf1fd752a8cb0be4929643b,/content/cv3d-project/data/cache/reconstruction/metrics/02958343/11e5b7d67058e1d75f67208653687b70/e19baa484619ce42eb6797fb.json,11.933122999835177
02958343/11e5b7d67058e1d75f67208653687b70,oracle,10,"[0, 17, 44, 10, 23, 34, 25, 27, 18, 2]",0.016500346745454926,0.06070480789159567,0.10490926903773641,0.6803035301880568,0.07659700305810396,0.186197077294686,1.9814594605163354,1.0,0.2827,0.7211,0.5155,0.0443,0.1069,camera_pose_sim3,2.514667580873933,0.14019219276400605,10000,10000,True,False,True,/content/cv3d-project/data/cache/reconstruction/predictions/02958343/11e5b7d67058e1d75f67208653687b70/c2112a47d8048d60566ecacb.npz,bf31dac0fcd73ed6f9cf1f77b077769009066d1295e722ac3feae1a0ed402b26,/content/cv3d-project/data/cache/reconstruction/metrics/02958343/11e5b7d67058e1d75f67208653687b70/458c1a27a3278660d79de313.json,12.934107000091899
02958343/1213742aa7815fd0e23d60a1b706b44f,oracle,1,[0],3.333719549756083,3.560699812297405,3.7876800748387263,0.0,0.0,0.0,1.9859295111707997,0.0,0.0,0.0,0.0,0.0,0.0,camera_rotation_center_and_target_diameter_scale_single_view,10.305919901114772,0.0,10000,10000,True,True,True,/content/cv3d-project/data/cache/reconstruction/predictions/02958343/1213742aa7815fd0e23d60a1b706b44f/d190d058785cbd3568c9841b.npz,bef947a9ed6c5160b1f126eb2555c6ff7a95179176ffc1e61e59e5981e8cd4c3,/content/cv3d-project/data/cache/reconstruction/metrics/02958343/1213742aa7815fd0e23d60a1b706b44f/c2ac0641527643f922e6f865.json,3.814654000052542
02958343/1213742aa7815fd0e23d60a1b706b44f,oracle,2,"[0, 33]",0.9212636603155615,0.9580705347216842,0.9948774091278071,0.0,0.0,0.0,1.9859295111707997,0.0,0.0,0.0,0.0,0.0,0.0,camera_pose_sim3,2.4431111230497966,0.598086630505429,10000,10000,True,False,True,/content/cv3d-project/data/cache/reconstruction/predictions/02958343/1213742aa7815fd0e23d60a1b706b44f/994db5c389085a8ff7009e76.npz,57d7bd93093a34cd5d9b899bad6f62aa129b6c2c4dc8d914bad98874798318a4,/content/cv3d-project/data/cache/reconstruction/metrics/02958343/1213742aa7815fd0e23d60a1b706b44f/e4f42d9ba9aa6d2ad1678d99.json,11.561408000034135
02958343/1213742aa7815fd0e23d60a1b706b44f,oracle,3,"[0, 33, 37]",0.0804219978682341,0.16854622989609405,0.256670461923954,0.1801924982307148,0.004767225325884544,0.013572619788425638,1.9859295111707997,0.6005,0.0512,0.1536,0.106,0.0025,0.0071,camera_pose_sim3,2.236095646070602,0.4262819056874888,10000,10000,True,False,True,/content/cv3d-project/data/cache/reconstruction/predictions/02958343/1213742aa7815fd0e23d60a1b706b44f/9d2648005212f820327e8703.npz,01ab49179a19186a4967bf3f6b2d2b88ff6972957fbcfb1f4f8f1cf534a399a8,/content/cv3d-project/data/cache/reconstruction/metrics/02958343/1213742aa7815fd0e23d60a1b706b44f/cfc815df76ee7da327dee923.json,11.09350299975631
02958343/1213742aa7815fd0e23d60a1b706b44f,oracle,5,"[0, 33, 37, 19, 15]",0.0221014236600482,0.08133913273993451,0.14057684181982083,0.5414235705950992,0.06015134775374377,0.11961217948717948,1.9859295111707997,1.0,0.2666,0.557,0.3712,0.0339,0.067,camera_pose_sim3,2.3310963690040527,0.14361899860895522,10000,10000,True,False,True,/content/cv3d-project/data/cache/reconstruction/predictions/02958343/1213742aa7815fd0e23d60a1b706b44f/d4d508ebd1fd33eb37bd3bb1.npz,f76d90f456fdddee9e9b58875fa71c58055aa5c2988f5a339fbfde96d78157d1,/content/cv3d-project/data/cache/reconstruction/metrics/02958343/1213742aa7815fd0e23d60a1b706b44f/8b15b94c931cb4fad8bedb84.json,11.398304000067583
02958343/1213742aa7815fd0e23d60a1b706b44f,oracle,10,"[0, 33, 37, 19, 15, 42, 20, 17, 41, 26]",0.02095537039068281,0.05864891786771375,0.0963424653447447,0.747024182433279,0.08269217970049916,0.1715383520705849,1.9859295111707997,1.0,0.251,0.6027,0.5962,0.0495,0.1,camera_pose_sim3,2.4677000630460624,0.1502824087430265,10000,10000,True,False,True,/content/cv3d-project/data/cache/reconstruction/predictions/02958343/1213742aa7815fd0e23d60a1b706b44f/0a143b5ecb8c5d4a2bdc2c04.npz,bea9ac08a8b4745cdfe1709df1cc8aac451e73f5a9b6fb4a7264b2cda050cbef,/content/cv3d-project/data/cache/reconstruction/metrics/02958343/1213742aa7815fd0e23d60a1b706b44f/379b79c194671b594072786d.json,11.926055999992968
02958343/12243301d1c8148e33d7c9e122eec9b6,oracle,1,[0],3.828092093773392,4.047725558039507,4.267359022305622,0.0,0.0,0.0,1.988548712092416,0.0,0.0,0.0,0.0,0.0,0.0,camera_rotation_center_and_target_diameter_scale_single_view,11.421977847739607,0.0,10000,10000,True,True,True,/content/cv3d-project/data/cache/reconstruction/predictions/02958343/12243301d1c8148e33d7c9e122eec9b6/7154f8f369a3bef5f6eb09ad.npz,b090fc4b42f3f703e49ed4c0a47b08c7b4f64418e277d092f36912222f5af295,/content/cv3d-project/data/cache/reconstruction/metrics/02958343/12243301d1c8148e33d7c9e122eec9b6/ada05fdbc943d57e8c801d51.json,3.9305420000346203
02958343/12243301d1c8148e33d7c9e122eec9b6,oracle,2,"[0, 17]",0.42690960122741,0.5038872266464108,0.5808648520654117,0.0,0.0,0.0,1.988548712092416,0.0,0.0,0.0,0.0,0.0,0.0,camera_pose_sim3,2.0239891648255006,0.8143210533970912,10000,10000,True,False,True,/content/cv3d-project/data/cache/reconstruction/predictions/02958343/12243301d1c8148e33d7c9e122eec9b6/db13e5abf91ab5bdac5223d5.npz,7c10758cca4a00b07a79af5297d808f3ba14b3791d70f54e1769da5afc5cf988,/content/cv3d-project/data/cache/reconstruction/metrics/02958343/12243301d1c8148e33d7c9e122eec9b6/17d0243f54a8e8c34d392d80.json,11.777875000007043
02958343/12243301d1c8148e33d7c9e122eec9b6,oracle,3,"[0, 17, 36]",0.0416652712930977,0.09797656399208304,0.1542878566910684,0.5028957219251338,0.02596146179401993,0.06014940577249576,1.988548712092416,0.9695,0.1056,0.2605,0.3395,0.0148,0.034,camera_pose_sim3,2.8052925749134294,0.12911173977778978,10000,10000,True,False,True,/content/cv3d-project/data/cache/reconstruction/predictions/02958343/12243301d1c8148e33d7c9e122eec9b6/285d6964a48f4d838db9c581.npz,852a4b8bb42288ded801ab1db1915908710a3f6b8b58383b7d2276e8b95839a0,/content/cv3d-project/data/cache/reconstruction/metrics/02958343/12243301d1c8148e33d7c9e122eec9b6/dc4aa73bfcd2dcb36d6472fb.json,12.195919000077993
02958343/12243301d1c8148e33d7c9e122eec9b6,oracle,5,"[0, 17, 36, 18, 39]",0.05176260454680503,0.08404296512515402,0.11632332570350302,0.5996064904697797,0.009357333333333334,0.01975600624024961,1.988548712092416,0.9792,0.0242,0.0519,0.4321,0.0058,0.0122,camera_pose_sim3,2.480247983359946,0.13536896060031564,10000,10000,True,False,True,/content/cv3d-project/data/cache/reconstruction/predictions/02958343/12243301d1c8148e33d7c9e122eec9b6/03d4f6b7bd92309c9e30f9e6.npz,499d35c7aff519dec0380b269ca3d396e014983cce9e355bfa10f544fb327637,/content/cv3d-project/data/cache/reconstruction/metrics/02958343/12243301d1c8148e33d7c9e122eec9b6/ce64a946d5f40c0dc1fa8be2.json,11.981527999978425
02958343/12243301d1c8148e33d7c9e122eec9b6,oracle,10,"[0, 17, 36, 18, 39, 26, 3, 25, 34, 9]",0.044958991686538476,0.07647498301018692,0.10799097433383535,0.7191802753762407,0.012007333333333335,0.028963826606875933,1.988548712092416,1.0,0.0217,0.0457,0.5615,0.0083,0.0212,camera_pose_sim3,2.462806606187203,0.16275621754192307,10000,10000,True,False,True,/content/cv3d-project/data/cache/reconstruction/predictions/02958343/12243301d1c8148e33d7c9e122eec9b6/bf155210a4e33ae7e836be87.npz,0ef2b43164bc999bb9b6da7b44add67e6e00840aeec356d59a16560faa7479a6,/content/cv3d-project/data/cache/reconstruction/metrics/02958343/12243301d1c8148e33d7c9e122eec9b6/352e8bd62a2170454db975f0.json,12.147637999987637
02958343/12498dd65e8d65ac3b6f5204eb590354,oracle,1,[0],2.183539687074698,2.3929715414210935,2.602403395767489,0.0,0.0,0.0,1.9940965327269675,0.0,0.0,0.0,0.0,0.0,0.0,camera_rotation_center_and_target_diameter_scale_single_view,7.933530018796592,0.0,10000,10000,True,True,True,/content/cv3d-project/data/cache/reconstruction/predictions/02958343/12498dd65e8d65ac3b6f5204eb590354/f1eb751d4ebb714a9dfb901c.npz,5c12392696a8a6671fd92239791c0de6d37615636c67f5d40b93c898ed5c4812,/content/cv3d-project/data/cache/reconstruction/metrics/02958343/12498dd65e8d65ac3b6f5204eb590354/21b4cdda56993f43e5b095bb.json,3.7357079995672393
02958343/12498dd65e8d65ac3b6f5204eb590354,oracle,2,"[0, 22]",0.8035213878127792,0.908862147071052,1.0142029063293247,0.0,0.0,0.0,1.9940965327269675,0.0,0.0,0.0,0.0,0.0,0.0,camera_pose_sim3,2.2232868205399514,0.3282772458960175,10000,10000,True,False,True,/content/cv3d-project/data/cache/reconstruction/predictions/02958343/12498dd65e8d65ac3b6f5204eb590354/fe4e9f6483317dc1a3465083.npz,101c2acd1f342b8dea3d3196d6e505786b4868631ee40b6e6fdc6a7a889bcff7,/content/cv3d-project/data/cache/reconstruction/metrics/02958343/12498dd65e8d65ac3b6f5204eb590354/5c16705158bd8ef54dfa9900.json,11.245242999848415
02958343/12498dd65e8d65ac3b6f5204eb590354,oracle,3,"[0, 22, 26]",0.09146634995624375,0.1598409226141585,0.22821549527207324,0.18476098829648893,0.00019999999999999998,0.002558823529411765,1.9940965327269675,0.5823,0.0002,0.0087,0.1098,0.0002,0.0015,camera_pose_sim3,2.5955074033502163,0.534026722420392,10000,10000,True,False,True,/content/cv3d-project/data/cache/reconstruction/predictions/02958343/12498dd65e8d65ac3b6f5204eb590354/3ea71890d74f4f4341ab0916.npz,36b9a40294c8ac088cb0ec74a5e27102d9bebbe27031f3cb5832431a418f410e,/content/cv3d-project/data/cache/reconstruction/metrics/02958343/12498dd65e8d65ac3b6f5204eb590354/0ec9b0d1b27a5e30bba2c7a8.json,11.104545000307553
02958343/12498dd65e8d65ac3b6f5204eb590354,oracle,5,"[0, 22, 26, 37, 17]",0.02364019979339841,0.06341761049418518,0.10319502119497194,0.7142397942783671,0.07224255952380952,0.15740273635664873,1.9940965327269675,1.0,0.2258,0.5589,0.5555,0.043,0.0916,camera_pose_sim3,2.6098869825014415,0.16060356224202973,10000,10000,True,False,True,/content/cv3d-project/data/cache/reconstruction/predictions/02958343/12498dd65e8d65ac3b6f5204eb590354/a04c285f194452cc91cac227.npz,48e75a633f5af371afc68edb67dbe5694d5372dd6065315cd267d87f3548e9a7,/content/cv3d-project/data/cache/reconstruction/metrics/02958343/12498dd65e8d65ac3b6f5204eb590354/1f9cb981adea9888dfd0d1d2.json,12.172986999757995
02958343/12498dd65e8d65ac3b6f5204eb590354,oracle,10,"[0, 22, 26, 37, 17, 21, 33, 23, 3, 8]",0.018160531283623247,0.04473648388470426,0.07131243648578528,0.8224211022138483,0.13990025484199797,0.31101622831561276,1.9940965327269675,1.0,0.3013,0.693,0.6984,0.0911,0.2005,camera_pose_sim3,2.5485937546944344,0.09901277487213465,10000,10000,True,False,True,/content/cv3d-project/data/cache/reconstruction/predictions/02958343/12498dd65e8d65ac3b6f5204eb590354/1b4d5540b4669a8ce6ebd2a6.npz,8de8078bdc7d4cea5d34e4d8de21e2c80d8ff50c58ddf3f5699ca923262f62a4,/content/cv3d-project/data/cache/reconstruction/metrics/02958343/12498dd65e8d65ac3b6f5204eb590354/80fc4764436a3ac6926ac219.json,12.80935499971747
02958343/1254c6ad2b420879d7622e6da48b19e5,oracle,1,[0],2.3502383482457136,2.538643696741155,2.7270490452365967,0.0,0.0,0.0,1.9881267202434503,0.0,0.0,0.0,0.0,0.0,0.0,camera_rotation_center_and_target_diameter_scale_single_view,8.312978007364467,0.0,10000,10000,True,True,True,/content/cv3d-project/data/cache/reconstruction/predictions/02958343/1254c6ad2b420879d7622e6da48b19e5/4af4590dfbb9bac7bab63587.npz,17ba10ebc94110197a58f9a5a5d26aa4319420bd7afe983f68bef865ca79e995,/content/cv3d-project/data/cache/reconstruction/metrics/02958343/1254c6ad2b420879d7622e6da48b19e5/52f8e918bb14da829a2d2daa.json,4.090078999979596
02958343/1254c6ad2b420879d7622e6da48b19e5,oracle,2,"[0, 37]",0.03972336777642451,0.1177117844860852,0.19570020119574588,0.37522154648132056,0.02595898319689789,0.05648368822035554,1.9881267202434503,0.915,0.2183,0.4819,0.236,0.0138,0.03,camera_pose_sim3,2.706857923410075,0.09031621462866081,10000,10000,True,True,True,/content/cv3d-project/data/cache/reconstruction/predictions/02958343/1254c6ad2b420879d7622e6da48b19e5/390192933f7fdc90d3cea20e.npz,f87c2708eff84f3df91088a775bc9368d467b852005ef55d9d01a114e647dc2f,/content/cv3d-project/data/cache/reconstruction/metrics/02958343/1254c6ad2b420879d7622e6da48b19e5/c1f1ff1ff6b4f2b47757dae2.json,2.6020139998763625
02958343/1254c6ad2b420879d7622e6da48b19e5,oracle,3,"[0, 37, 9]",0.0180444783130164,0.07734993178262588,0.13665538525223536,0.5763097949886105,0.05816336842105263,0.14367820096191342,1.9881267202434503,1.0,0.3003,0.6891,0.4048,0.0322,0.0802,camera_pose_sim3,2.5605130257165927,0.1316563381455293,10000,10000,True,False,True,/content/cv3d-project/data/cache/reconstruction/predictions/02958343/1254c6ad2b420879d7622e6da48b19e5/069e7d4fa8a571be3bc1d4bf.npz,585aca3d5cf7032fe710acae58d8b10f6035ce7374d497e8ab91ab4f0e10dcc2,/content/cv3d-project/data/cache/reconstruction/metrics/02958343/1254c6ad2b420879d7622e6da48b19e5/e5d8637dc4cb68a42150a8df.json,12.135789999774715
02958343/1254c6ad2b420879d7622e6da48b19e5,oracle,5,"[0, 37, 9, 31, 35]",0.020769328242945584,0.06619324483585595,0.1116171614287663,0.730803401446884,0.0635952657807309,0.16420114397777413,1.9881267202434503,1.0,0.2031,0.5142,0.5758,0.0377,0.0977,camera_pose_sim3,2.5255116065182395,0.22460223556172687,10000,10000,True,False,True,/content/cv3d-project/data/cache/reconstruction/predictions/02958343/1254c6ad2b420879d7622e6da48b19e5/e40d798b3782b5827b073acf.npz,225c99bed68aa3930ef4b453647009fe5d3e4a02620eefdea9f7a45091358f6e,/content/cv3d-project/data/cache/reconstruction/metrics/02958343/1254c6ad2b420879d7622e6da48b19e5/d0ed6cb9a9feb7a3416cd46c.json,11.551595999662823
02958343/1254c6ad2b420879d7622e6da48b19e5,oracle,10,"[0, 37, 9, 31, 35, 21, 22, 41, 29, 44]",0.030269447834425502,0.06581117114884755,0.1013528944632696,0.7374534435957326,0.08306638042078145,0.1666815759849906,1.9881267202434503,1.0,0.1788,0.4296,0.5841,0.0541,0.1034,camera_pose_sim3,2.4395702738602876,0.16948787258661555,10000,10000,True,False,True,/content/cv3d-project/data/cache/reconstruction/predictions/02958343/1254c6ad2b420879d7622e6da48b19e5/a5897b0b83f1955f29aa0779.npz,c0e049a47a1065d464ad58e54e21da19f159e721cba20a14b11a94bec8643f20,/content/cv3d-project/data/cache/reconstruction/metrics/02958343/1254c6ad2b420879d7622e6da48b19e5/c31ae07560c2cbd4f4821883.json,11.88250799987145
02958343/125a4780c2d5095d19454008aa267bf,oracle,1,[0],3.52165914519924,3.731472501227354,3.941285857255468,0.0,0.0,0.0,1.9874537120093378,0.0,0.0,0.0,0.0,0.0,0.0,camera_rotation_center_and_target_diameter_scale_single_view,10.640529714204716,0.0,10000,10000,True,True,True,/content/cv3d-project/data/cache/reconstruction/predictions/02958343/125a4780c2d5095d19454008aa267bf/ab16f69caf3ba6d19f8e9e04.npz,3be6ea7e6f77f61e69cd043fc8ab4b90430b6b04ee882eb6c606b14b8ec6d780,/content/cv3d-project/data/cache/reconstruction/metrics/02958343/125a4780c2d5095d19454008aa267bf/401b46a7d99f26fbb944244a.json,3.844545999982074
02958343/125a4780c2d5095d19454008aa267bf,oracle,2,"[0, 35]",0.9838348373682115,1.0853421270896901,1.186849416811169,0.0,0.0,0.0,1.9874537120093378,0.0,0.0,0.0,0.0,0.0,0.0,camera_pose_sim3,3.576843583021193,0.7343078302978158,10000,10000,True,False,True,/content/cv3d-project/data/cache/reconstruction/predictions/02958343/125a4780c2d5095d19454008aa267bf/6be6aa4cd0e11b4808205477.npz,7b490dfeb0146f79c7051ac0426a085854eb059b9639dd7014a0bb7659a3d0ec,/content/cv3d-project/data/cache/reconstruction/metrics/02958343/125a4780c2d5095d19454008aa267bf/dc1e097dbb733594433d32f0.json,11.326975999963906
02958343/125a4780c2d5095d19454008aa267bf,oracle,3,"[0, 35, 39]",2.833737326387612,2.972726419156049,3.1117155119244866,0.0,0.0,0.0,1.9874537120093378,0.0,0.0,0.0,0.0,0.0,0.0,camera_pose_sim3_positive_scale_fallback,4.0546788454299385,0.8038935846218296,10000,10000,True,False,True,/content/cv3d-project/data/cache/reconstruction/predictions/02958343/125a4780c2d5095d19454008aa267bf/ebbeebaeed778ff43d445572.npz,5be7f75e22e0a91d459aecedc20b6debdcdac80253c491428fa66f61d06b12a1,/content/cv3d-project/data/cache/reconstruction/metrics/02958343/125a4780c2d5095d19454008aa267bf/bd2d4fecd0edbdf176f3b515.json,11.797714999829623
02958343/125a4780c2d5095d19454008aa267bf,oracle,5,"[0, 35, 39, 9, 21]",0.6069749366350009,0.722347264411366,0.8377195921877312,0.0,0.0,0.0,1.9874537120093378,0.0,0.0,0.0,0.0,0.0,0.0,camera_pose_sim3,1.0065818626078813,1.342026924099761,10000,10000,True,False,True,/content/cv3d-project/data/cache/reconstruction/predictions/02958343/125a4780c2d5095d19454008aa267bf/94c41bb888009be456b4c3ff.npz,6b18629b12df8e9ba1500a619c111ff2ce43260ca93c7d604e619fef7cb2a6ac,/content/cv3d-project/data/cache/reconstruction/metrics/02958343/125a4780c2d5095d19454008aa267bf/3ccf232ccb0f5e72abe50b10.json,12.657219999709923
02958343/125a4780c2d5095d19454008aa267bf,oracle,10,"[0, 35, 39, 9, 21, 10, 26, 11, 36, 6]",1.0726570335687935,1.1483461088137168,1.2240351840586403,0.0,0.0,0.0,1.9874537120093378,0.0,0.0,0.0,0.0,0.0,0.0,camera_pose_sim3,1.6572239342731692,1.1018069621398119,10000,10000,True,False,True,/content/cv3d-project/data/cache/reconstruction/predictions/02958343/125a4780c2d5095d19454008aa267bf/80406ebb4b10c43fc6eebf72.npz,267835be46405eddafe91a7edaa2f23f32ad33b1b303a0622b32f54ffadf4b25,/content/cv3d-project/data/cache/reconstruction/metrics/02958343/125a4780c2d5095d19454008aa267bf/47f792c6d9168a93e8c4cfef.json,13.004347999867605
02958343/12796524ffbadb755400f0dc3171dfcd,oracle,1,[0],2.108618169074557,2.3268564800781077,2.5450947910816586,0.0,0.0,0.0,1.9567954294021228,0.0,0.0,0.0,0.0,0.0,0.0,camera_rotation_center_and_target_diameter_scale_single_view,7.8970856173957396,0.0,9582,10000,True,True,True,/content/cv3d-project/data/cache/reconstruction/predictions/02958343/12796524ffbadb755400f0dc3171dfcd/c782047d2a4ff71b06aabaa0.npz,b4ba6034d90a2eacfb2cfbe6d833f72c58513746b92429e4a572fa3ec5ad2898,/content/cv3d-project/data/cache/reconstruction/metrics/02958343/12796524ffbadb755400f0dc3171dfcd/4bedb4868e6fbc354ad0ba92.json,4.024045999813097
02958343/12796524ffbadb755400f0dc3171dfcd,oracle,2,"[0, 33]",1.1598381849276853,1.2024313590589284,1.2450245331901715,0.0,0.0,0.0,1.9567954294021228,0.0,0.0,0.0,0.0,0.0,0.0,camera_pose_sim3,2.439118142359477,0.9563680253906864,10000,10000,True,False,True,/content/cv3d-project/data/cache/reconstruction/predictions/02958343/12796524ffbadb755400f0dc3171dfcd/d2fb3db7c3eb9f7c3f1e00b4.npz,628937148aea00c493db6c31adb354e0cf7b814841f6ca3017726b721ec03ed5,/content/cv3d-project/data/cache/reconstruction/metrics/02958343/12796524ffbadb755400f0dc3171dfcd/67def40e650c53d975a8f4c4.json,11.7564469996978
02958343/12796524ffbadb755400f0dc3171dfcd,oracle,3,"[0, 33, 37]",0.3693813978916072,0.4049582622528656,0.440535126614124,0.0,0.0,0.0,1.9567954294021228,0.0,0.0,0.0,0.0,0.0,0.0,camera_pose_sim3,1.9443141565916202,0.6329272908017756,10000,10000,True,False,True,/content/cv3d-project/data/cache/reconstruction/predictions/02958343/12796524ffbadb755400f0dc3171dfcd/178471cc2926f4a72c57a190.npz,74c52e0ae650022ec749196ac6dc96eb5a20fc1e840afd37a77ad8d3ddcf8327,/content/cv3d-project/data/cache/reconstruction/metrics/02958343/12796524ffbadb755400f0dc3171dfcd/21233749789055fbf966f2cb.json,11.436376999881759
02958343/12796524ffbadb755400f0dc3171dfcd,oracle,5,"[0, 33, 37, 11, 15]",0.08537574301192365,0.11857115363591836,0.15176656425991306,0.3347039317858835,0.003806185567010309,0.011342142857142858,1.9567954294021228,0.6144,0.0071,0.0201,0.23,0.0026,0.0079,camera_pose_sim3,2.272853465986825,0.22694610910629917,10000,10000,True,False,True,/content/cv3d-project/data/cache/reconstruction/predictions/02958343/12796524ffbadb755400f0dc3171dfcd/bfd02af68357b6ab64efc0a3.npz,357daa40dacbd9c39df526a69d1b6a49357a1bdf354a4eafa67a262aa02c5bff,/content/cv3d-project/data/cache/reconstruction/metrics/02958343/12796524ffbadb755400f0dc3171dfcd/0e50487f680a01ab3a1b961c.json,11.641847000191774
02958343/12796524ffbadb755400f0dc3171dfcd,oracle,10,"[0, 33, 37, 11, 15, 45, 43, 5, 41, 31]",0.07668732075403137,0.10647061412250308,0.1362539074909748,0.4918075034230945,0.008621004566210046,0.021693650793650793,1.9567954294021228,0.7228,0.016,0.0346,0.3727,0.0059,0.0158,camera_pose_sim3,2.360167211554209,0.29171450379569236,10000,10000,True,False,True,/content/cv3d-project/data/cache/reconstruction/predictions/02958343/12796524ffbadb755400f0dc3171dfcd/e95202034e11a6897afdfdf4.npz,b44c3e41b45a8fb339cef3abe4b8dc4c137dea715f33981485184f9a3e1c6182,/content/cv3d-project/data/cache/reconstruction/metrics/02958343/12796524ffbadb755400f0dc3171dfcd/be5315c70bc71f139ad78dc8.json,11.938730999645486
02958343/127b9ba77b54ba59bda733a39f84326d,oracle,1,[0],3.391316249330677,3.614213295515805,3.8371103417009325,0.0,0.0,0.0,1.908890651900716,0.0,0.0,0.0,0.0,0.0,0.0,camera_rotation_center_and_target_diameter_scale_single_view,10.248579042853653,0.0,8197,10000,True,True,True,/content/cv3d-project/data/cache/reconstruction/predictions/02958343/127b9ba77b54ba59bda733a39f84326d/11dba142d9fc13bfd135cb0e.npz,0f044cd214df36e4929530683334948d6a923e6706de2fe0fa7fc23d81be94ca,/content/cv3d-project/data/cache/reconstruction/metrics/02958343/127b9ba77b54ba59bda733a39f84326d/c6072ad398263ab8cd41053b.json,3.9348850000351376
02958343/127b9ba77b54ba59bda733a39f84326d,oracle,2,"[0, 26]",1.2754974336614893,1.3165574881634476,1.357617542665406,0.0,0.0,0.0,1.908890651900716,0.0,0.0,0.0,0.0,0.0,0.0,camera_pose_sim3_positive_scale_fallback,3.3306266437855956,2.686551017113498e-16,10000,10000,True,False,True,/content/cv3d-project/data/cache/reconstruction/predictions/02958343/127b9ba77b54ba59bda733a39f84326d/6b03b40a9ce77c392afa03b0.npz,bb789ffc477f877e0460d529087caeecfab9a4f50aafedf6bc76fb4421796fa1,/content/cv3d-project/data/cache/reconstruction/metrics/02958343/127b9ba77b54ba59bda733a39f84326d/d501aff611cf0fd99ebee242.json,12.689531999967585
02958343/127b9ba77b54ba59bda733a39f84326d,oracle,3,"[0, 26, 31]",0.03502148333290919,0.09932895411729377,0.16363642490167835,0.5085133480882241,0.04118168207837957,0.08814238631622863,1.908890651900716,0.9651,0.2042,0.4303,0.3452,0.0229,0.0491,camera_pose_sim3,2.5032014167045142,0.22340211264541815,10000,10000,True,False,True,/content/cv3d-project/data/cache/reconstruction/predictions/02958343/127b9ba77b54ba59bda733a39f84326d/254cf11a4f227f8164059662.npz,d4d1681927565edb05e44f4574dc20c94f872d1eb10f54b6d4c7daf740ccddea,/content/cv3d-project/data/cache/reconstruction/metrics/02958343/127b9ba77b54ba59bda733a39f84326d/faa283b88e65edec780c0f42.json,12.588557000071887
02958343/127b9ba77b54ba59bda733a39f84326d,oracle,5,"[0, 26, 31, 29, 17]",0.5846929229294967,0.6167094450346817,0.6487259671398666,0.0,0.0,0.0,1.908890651900716,0.0,0.0,0.0,0.0,0.0,0.0,camera_pose_sim3,2.187715708151917,0.6865744718639873,10000,10000,True,False,True,/content/cv3d-project/data/cache/reconstruction/predictions/02958343/127b9ba77b54ba59bda733a39f84326d/bc810c99e14cb29f63516989.npz,38d1a872d1299b6f4dca2bfd75a982e2a40f17cdbe3f0ce2ed879aabfaf6ef58,/content/cv3d-project/data/cache/reconstruction/metrics/02958343/127b9ba77b54ba59bda733a39f84326d/fae8ff4b461697f6be81707d.json,13.918795999870781
02958343/127b9ba77b54ba59bda733a39f84326d,oracle,10,"[0, 26, 31, 29, 17, 10, 42, 3, 18, 27]",0.01185661164443192,0.0392564667358805,0.06665632182732907,0.8753303717033122,0.1742884714802688,0.3300898876404494,1.908890651900716,1.0,0.4735,0.8734,0.7783,0.1068,0.2035,camera_pose_sim3,2.591199518643021,0.11065881798915896,10000,10000,True,False,True,/content/cv3d-project/data/cache/reconstruction/predictions/02958343/127b9ba77b54ba59bda733a39f84326d/d4155518bddbedd450af2c57.npz,73b848a1fb862f873c7eed07b86bd5153ef22b5a68753e5f56b7ecfa6f8ef005,/content/cv3d-project/data/cache/reconstruction/metrics/02958343/127b9ba77b54ba59bda733a39f84326d/a3fc6b48b9ab2cf547e588c7.json,12.81469500008825
02958343/128ad72f92a3e96db96212c8f6cd06e,oracle,1,[0],3.717708541062189,3.9035281452414052,4.089347749420622,0.0,0.0,0.0,1.9878213829360125,0.0,0.0,0.0,0.0,0.0,0.0,camera_rotation_center_and_target_diameter_scale_single_view,11.028889673024487,0.0,10000,10000,True,True,True,/content/cv3d-project/data/cache/reconstruction/predictions/02958343/128ad72f92a3e96db96212c8f6cd06e/d673000bccc1cf38d7af175a.npz,ff033064aba426a8112a8d66dbe19c290d7b0f61a250d3ac665776f75334efe7,/content/cv3d-project/data/cache/reconstruction/metrics/02958343/128ad72f92a3e96db96212c8f6cd06e/4a45f8c357fe6cf2950d8b2d.json,3.818622999915533
02958343/128ad72f92a3e96db96212c8f6cd06e,oracle,2,"[0, 35]",0.270488023837892,0.3738096060811923,0.47713118832449264,0.0,0.0,0.0,1.9878213829360125,0.0,0.0,0.0,0.0,0.0,0.0,camera_pose_sim3,1.4687411454942398,1.0180592883975021,10000,10000,True,False,True,/content/cv3d-project/data/cache/reconstruction/predictions/02958343/128ad72f92a3e96db96212c8f6cd06e/e5eebbebf2ee8a0ee1987f38.npz,a7be4e698827803733c6dca1b19a0a5f9af7d6a7d98f7fac53995ce3606b8958,/content/cv3d-project/data/cache/reconstruction/metrics/02958343/128ad72f92a3e96db96212c8f6cd06e/e8a7e1d7f1dad8d4dc744edb.json,12.020548000236886
02958343/128ad72f92a3e96db96212c8f6cd06e,oracle,3,"[0, 35, 31]",0.9085566185894874,0.9984237619315779,1.0882909052736682,0.0,0.0,0.0,1.9878213829360125,0.0,0.0,0.0,0.0,0.0,0.0,camera_pose_sim3,1.2761443930110588,1.282861506872675,10000,10000,True,False,True,/content/cv3d-project/data/cache/reconstruction/predictions/02958343/128ad72f92a3e96db96212c8f6cd06e/82d79cb99559f3093583b72d.npz,25016102d563860a7296714a7b6f2278a66a7a53f4c62176f6654b20ce4738c6,/content/cv3d-project/data/cache/reconstruction/metrics/02958343/128ad72f92a3e96db96212c8f6cd06e/3700e4e7cb4f79e9ea0bea20.json,12.039807000292058
02958343/128ad72f92a3e96db96212c8f6cd06e,oracle,5,"[0, 35, 31, 25, 47]",0.9002855211129882,0.980736953018521,1.0611883849240538,0.0,0.0,0.0,1.9878213829360125,0.0,0.0,0.0,0.0,0.0,0.0,camera_pose_sim3,1.9621354590430027,0.9428541541417642,10000,10000,True,False,True,/content/cv3d-project/data/cache/reconstruction/predictions/02958343/128ad72f92a3e96db96212c8f6cd06e/69477affb50162bb1d81b10b.npz,0933eebae6da0a6493e227290cc2824002c21cdf37f9e1ed20dc8d26c40e5a67,/content/cv3d-project/data/cache/reconstruction/metrics/02958343/128ad72f92a3e96db96212c8f6cd06e/77f5aede00d462f85fb83a82.json,12.27751599981275
02958343/128ad72f92a3e96db96212c8f6cd06e,oracle,10,"[0, 35, 31, 25, 47, 10, 16, 42, 2, 27]",0.05628381953023347,0.09361277581011998,0.1309417320900065,0.4985698960564945,0.0027584415584415586,0.013638874680306905,1.9878213829360125,0.9181,0.0059,0.0303,0.3422,0.0018,0.0088,camera_pose_sim3,2.283204516149865,0.2952840642705678,10000,10000,True,False,True,/content/cv3d-project/data/cache/reconstruction/predictions/02958343/128ad72f92a3e96db96212c8f6cd06e/a8a9494939d9aba4ec038889.npz,096cec3afea0e54a7ff6ef5039eb3023bb95b4aa7225ed410319c9d1dcd89006,/content/cv3d-project/data/cache/reconstruction/metrics/02958343/128ad72f92a3e96db96212c8f6cd06e/93565dbe36f6b1a7bc2e34c7.json,13.089073000173812
02958343/12909f5d613953b8b3c9b3f81618206b,oracle,1,[0],4.771504448053026,4.986966372027184,5.202428296001342,0.0,0.0,0.0,1.9821938795438516,0.0,0.0,0.0,0.0,0.0,0.0,camera_rotation_center_and_target_diameter_scale_single_view,13.312101894333157,0.0,9566,10000,True,True,True,/content/cv3d-project/data/cache/reconstruction/predictions/02958343/12909f5d613953b8b3c9b3f81618206b/ac8c932c667c9c7aab20fcbc.npz,95c1567b8f8c24f00cb5f718a52099e1904ef706ff3703734c936907ad8fb644,/content/cv3d-project/data/cache/reconstruction/metrics/02958343/12909f5d613953b8b3c9b3f81618206b/4dc3c668ea81c0ad857d3fb1.json,3.7975669997649675
02958343/12909f5d613953b8b3c9b3f81618206b,oracle,2,"[0, 35]",0.5634101489290259,0.6110664678286419,0.6587227867282581,0.0,0.0,0.0,1.9821938795438516,0.0,0.0,0.0,0.0,0.0,0.0,camera_pose_sim3,2.783094882034613,0.3930394360411612,10000,10000,True,False,True,/content/cv3d-project/data/cache/reconstruction/predictions/02958343/12909f5d613953b8b3c9b3f81618206b/226169a3617ea2624e1a0288.npz,bd7d60d2f74d3949f7880c96ba79f7d5d603be2983d5db2db0d743cfd881da7f,/content/cv3d-project/data/cache/reconstruction/metrics/02958343/12909f5d613953b8b3c9b3f81618206b/0a51a2e158234c8efd55532a.json,11.999759999980597
02958343/12909f5d613953b8b3c9b3f81618206b,oracle,3,"[0, 35, 31]",0.20074170832690927,0.25944836015222905,0.31815501197754886,0.00039999999999999996,0.0,0.0,1.9821938795438516,0.0004,0.0,0.0,0.0004,0.0,0.0,camera_pose_sim3,2.2879105492478113,0.2977150462412783,10000,10000,True,False,True,/content/cv3d-project/data/cache/reconstruction/predictions/02958343/12909f5d613953b8b3c9b3f81618206b/a96cca0dd771eb54fd100fd4.npz,256db95e3179ef5616fec3a0474f0f1d14a328870064cb4f9c2278cbec440c57,/content/cv3d-project/data/cache/reconstruction/metrics/02958343/12909f5d613953b8b3c9b3f81618206b/4e2b860a519a82f84a121e67.json,12.063243999818951
02958343/12909f5d613953b8b3c9b3f81618206b,oracle,5,"[0, 35, 31, 34, 37]",0.01609778797516796,0.05029883059094975,0.08449987320673154,0.7908101571946796,0.1015608028335301,0.2610795770728993,1.9821938795438516,1.0,0.3645,0.74,0.654,0.059,0.1585,camera_pose_sim3,2.418785821178611,0.11806457847735591,10000,10000,True,False,True,/content/cv3d-project/data/cache/reconstruction/predictions/02958343/12909f5d613953b8b3c9b3f81618206b/fb1d12db4a5bb55506ee53ff.npz,adf3729d8de2f115bb721154733575524a8106c8289fed2ea1b6f02edb55da25,/content/cv3d-project/data/cache/reconstruction/metrics/02958343/12909f5d613953b8b3c9b3f81618206b/f964bb6ae23963026588dedb.json,12.437943999884737
02958343/12909f5d613953b8b3c9b3f81618206b,oracle,10,"[0, 35, 31, 34, 37, 10, 6, 13, 38, 36]",0.017534342682123772,0.04960802973446115,0.08168171678679853,0.7760097919216646,0.083828422230511,0.23451063829787233,1.9821938795438516,1.0,0.2161,0.6513,0.634,0.052,0.143,camera_pose_sim3,2.41629083566705,0.12796828804826677,10000,10000,True,False,True,/content/cv3d-project/data/cache/reconstruction/predictions/02958343/12909f5d613953b8b3c9b3f81618206b/ff84fe15d5bf838ef24cc97c.npz,e7caa02f38c0b6564668fe447cc041fc901677295f20b5c902987ed94de589c6,/content/cv3d-project/data/cache/reconstruction/metrics/02958343/12909f5d613953b8b3c9b3f81618206b/3a276cc170f08641c1a6ffb3.json,12.836365000111982
02958343/12941cb870df79b9815337ac44abb964,oracle,1,[0],3.755677068273294,3.925417546694819,4.095158025116344,0.0,0.0,0.0,1.9343454121937067,0.0,0.0,0.0,0.0,0.0,0.0,camera_rotation_center_and_target_diameter_scale_single_view,10.984690451143477,0.0,8581,10000,True,True,True,/content/cv3d-project/data/cache/reconstruction/predictions/02958343/12941cb870df79b9815337ac44abb964/ca19edecba4bba4011d3d289.npz,77d2a675ace4b91379305737f27b9a26d098c1368ad8f1f0b0d6ff683a09b470,/content/cv3d-project/data/cache/reconstruction/metrics/02958343/12941cb870df79b9815337ac44abb964/758566cff0c0e256493cb7ed.json,3.7105860001247493
02958343/12941cb870df79b9815337ac44abb964,oracle,2,"[0, 26]",0.6210610106324114,0.681377843405535,0.7416946761786586,0.0,0.0,0.0,1.9343454121937067,0.0,0.0,0.0,0.0,0.0,0.0,camera_pose_sim3,2.863082243164984,0.7781860919761159,10000,10000,True,False,True,/content/cv3d-project/data/cache/reconstruction/predictions/02958343/12941cb870df79b9815337ac44abb964/67a126ae824053135d6acd2f.npz,5a1ac3ed9736c40fcb30a0b33d0a8df2c99a72e53523b673572d66c52230a77c,/content/cv3d-project/data/cache/reconstruction/metrics/02958343/12941cb870df79b9815337ac44abb964/85069a2f0e56d09113ab789e.json,12.174766000043746
02958343/12941cb870df79b9815337ac44abb964,oracle,3,"[0, 26, 39]",0.02433900553982497,0.101492151869169,0.17864529819851305,0.4895821698398307,0.05075585284280936,0.11204122310305775,1.9343454121937067,0.9994,0.271,0.5558,0.3242,0.028,0.0623,camera_pose_sim3,2.8757332038698724,0.19712327492375573,10000,10000,True,False,True,/content/cv3d-project/data/cache/reconstruction/predictions/02958343/12941cb870df79b9815337ac44abb964/d9aa8418009fb6a3a1829c97.npz,8e654e16405c564075fee72da174c70af817200de4a56ed870f26883049c4278,/content/cv3d-project/data/cache/reconstruction/metrics/02958343/12941cb870df79b9815337ac44abb964/e1f030f457a3d6cc9c4baee3.json,12.326991000009002
02958343/12941cb870df79b9815337ac44abb964,oracle,5,"[0, 26, 39, 44, 25]",0.009605805194635011,0.055068678594693,0.10053155199475099,0.7780289607136311,0.14853282650013577,0.2698073419566406,1.9343454121937067,1.0,0.6528,0.9403,0.6367,0.0838,0.1575,camera_pose_sim3,2.6261191536613375,0.19474534012650932,10000,10000,True,False,True,/content/cv3d-project/data/cache/reconstruction/predictions/02958343/12941cb870df79b9815337ac44abb964/8b674c7df10ba534a0892064.npz,033c864e76b35010bcc598f916bc9d9bcc998314615349f5c3d900918c338fae,/content/cv3d-project/data/cache/reconstruction/metrics/02958343/12941cb870df79b9815337ac44abb964/ea15d5691c9745d67e0a98d1.json,12.488074999964738
02958343/12941cb870df79b9815337ac44abb964,oracle,10,"[0, 26, 39, 44, 25, 10, 17, 38, 34, 36]",0.011108287945793136,0.04171608208163533,0.07232387621747753,0.8707582858110778,0.19330930370370372,0.34729109625197957,1.9343454121937067,1.0,0.5581,0.9227,0.7711,0.1169,0.2139,camera_pose_sim3,2.657382143676642,0.09996182980678098,10000,10000,True,False,True,/content/cv3d-project/data/cache/reconstruction/predictions/02958343/12941cb870df79b9815337ac44abb964/cc9bc87f1d193a020e670301.npz,9f46474019f21f32874407c451257bf25a72c10aafea6004b3bfa3cc5fcdc3e5,/content/cv3d-project/data/cache/reconstruction/metrics/02958343/12941cb870df79b9815337ac44abb964/7f051a96645dd47e698ad2b2.json,12.442816000202583
02958343/12b5e4f52c22b348d8499d8846cb4c3b,oracle,1,[0],4.908915039286754,5.132734191517013,5.356553343747271,0.0,0.0,0.0,1.977447904215327,0.0,0.0,0.0,0.0,0.0,0.0,camera_rotation_center_and_target_diameter_scale_single_view,13.50202612681435,0.0,8373,10000,True,True,True,/content/cv3d-project/data/cache/reconstruction/predictions/02958343/12b5e4f52c22b348d8499d8846cb4c3b/80be382f2ddd5e5feea915fb.npz,d55fa8910263cbf660130fc70dd814b9b37b3b603099746a76d4d43d0a6d70f5,/content/cv3d-project/data/cache/reconstruction/metrics/02958343/12b5e4f52c22b348d8499d8846cb4c3b/b72f7bb87fd67a33dac71815.json,3.581276000204525
02958343/12b5e4f52c22b348d8499d8846cb4c3b,oracle,2,"[0, 35]",0.020400739520898013,0.1194540481649915,0.21850735680908498,0.21332856887618368,0.0033739404869251575,0.009123263825929283,1.977447904215327,1.0,0.2201,0.5469,0.1194,0.0017,0.0046,camera_pose_sim3,1.298339788286486,1.034093479062429,10000,10000,True,False,True,/content/cv3d-project/data/cache/reconstruction/predictions/02958343/12b5e4f52c22b348d8499d8846cb4c3b/e04edb179641e52f49dabf16.npz,2592a43f67182028cdb04e4d616700a4f478e7dda82f275429ff0c53abe5ea6b,/content/cv3d-project/data/cache/reconstruction/metrics/02958343/12b5e4f52c22b348d8499d8846cb4c3b/5619502fd8cd6c2eff697201.json,11.472021000372479
02958343/12b5e4f52c22b348d8499d8846cb4c3b,oracle,3,"[0, 35, 31]",1.3442950647722207,1.3673518037336554,1.3904085426950903,0.0,0.0,0.0,1.977447904215327,0.0,0.0,0.0,0.0,0.0,0.0,camera_pose_sim3,2.53094098202733,0.9977350079412274,10000,10000,True,False,True,/content/cv3d-project/data/cache/reconstruction/predictions/02958343/12b5e4f52c22b348d8499d8846cb4c3b/d5ea0418c2c15c322ed23bd1.npz,e1ae17c65fe577e442113a948334909cf8b90d0865c61c78419fb7c8bb53fa56,/content/cv3d-project/data/cache/reconstruction/metrics/02958343/12b5e4f52c22b348d8499d8846cb4c3b/c1af5c89c75933871bb65b5d.json,11.427293999986432
02958343/12b5e4f52c22b348d8499d8846cb4c3b,oracle,5,"[0, 35, 31, 18, 34]",0.8931441683190398,0.9366963121713672,0.9802484560236947,0.0,0.0,0.0,1.977447904215327,0.0,0.0,0.0,0.0,0.0,0.0,camera_pose_sim3,1.7470497088671781,1.2470727001452417,10000,10000,True,False,True,/content/cv3d-project/data/cache/reconstruction/predictions/02958343/12b5e4f52c22b348d8499d8846cb4c3b/6ca454e726b3f937019cf8da.npz,9c64207346538807b90720cb49f0db68d740c3283498830b7eff775c377d0811,/content/cv3d-project/data/cache/reconstruction/metrics/02958343/12b5e4f52c22b348d8499d8846cb4c3b/4798c022ff6b1cd1c20a2d54.json,11.316116999751102
02958343/12b5e4f52c22b348d8499d8846cb4c3b,oracle,10,"[0, 35, 31, 18, 34, 10, 20, 42, 9, 11]",0.03367305046070472,0.09124922553000286,0.148825400599301,0.3990541694024951,0.0731683057038494,0.10305901247223645,1.977447904215327,0.967,0.3145,0.5282,0.2514,0.0414,0.0571,camera_pose_sim3,2.5897767695146565,0.16428641692822943,10000,10000,True,False,True,/content/cv3d-project/data/cache/reconstruction/predictions/02958343/12b5e4f52c22b348d8499d8846cb4c3b/83622685b656809200aa2dd0.npz,a8e4503cddf9bcc33296ab1a9cde016f55be6b65fd41df4cbaeeee28191de547,/content/cv3d-project/data/cache/reconstruction/metrics/02958343/12b5e4f52c22b348d8499d8846cb4c3b/7ce255d3544e3ccede719c0b.json,11.611197000092943
02958343/12d463649ed6c176ab98a7077c964a60,oracle,1,[0],2.1789956231319567,2.385740740228652,2.592485857325347,0.0,0.0,0.0,1.9777008574032484,0.0,0.0,0.0,0.0,0.0,0.0,camera_rotation_center_and_target_diameter_scale_single_view,8.018668536294577,0.0,9950,10000,True,True,True,/content/cv3d-project/data/cache/reconstruction/predictions/02958343/12d463649ed6c176ab98a7077c964a60/58ed19c22655bc1f475494cf.npz,1470cf1f6c186c1e14aecdd967d7a6f64c1c35e965b73421f606add8aaf8a48d,/content/cv3d-project/data/cache/reconstruction/metrics/02958343/12d463649ed6c176ab98a7077c964a60/a3c92cbe92c8609a957d7227.json,3.6634309999499237
02958343/12d463649ed6c176ab98a7077c964a60,oracle,2,"[0, 35]",0.15860148055766568,0.22029382834935762,0.28198617614104954,0.04912397868561279,0.0,0.0,1.9777008574032484,0.0764,0.0,0.0,0.0362,0.0,0.0,camera_pose_sim3,2.7259617231491426,0.0628356784663552,10000,10000,True,False,True,/content/cv3d-project/data/cache/reconstruction/predictions/02958343/12d463649ed6c176ab98a7077c964a60/f731869fc015f477c90087d7.npz,28b703160478b89a34a0fcc5a337ac8075f70a3eceeb397149c85369f227945e,/content/cv3d-project/data/cache/reconstruction/metrics/02958343/12d463649ed6c176ab98a7077c964a60/10592d4be04cfd9cf658a363.json,11.23300500012192
02958343/12d463649ed6c176ab98a7077c964a60,oracle,3,"[0, 35, 31]",0.038216937371748916,0.07973142109753831,0.1212459048233277,0.572040554048265,0.035960294117647056,0.09362789301310044,1.9777008574032484,1.0,0.1287,0.3113,0.4006,0.0209,0.0551,camera_pose_sim3,2.5331342445967464,0.15139120604322187,10000,10000,True,False,True,/content/cv3d-project/data/cache/reconstruction/predictions/02958343/12d463649ed6c176ab98a7077c964a60/58a210b1a15bb1ee824dd8d5.npz,eb610966470a1653df9ecbb97f53e6520b43e26c7ac5fd562be683de359eeaf6,/content/cv3d-project/data/cache/reconstruction/metrics/02958343/12d463649ed6c176ab98a7077c964a60/c530486df590af0bd7f1322c.json,11.110372000075586
02958343/12d463649ed6c176ab98a7077c964a60,oracle,5,"[0, 35, 31, 25, 34]",0.12677518484798564,0.18189793697746745,0.23702068910694926,0.13420395738203958,0.0026666666666666666,0.00920701754385965,1.9777008574032484,0.2345,0.004,0.0164,0.094,0.002,0.0064,camera_pose_sim3,2.5817857703394913,0.24170371545363692,10000,10000,True,False,True,/content/cv3d-project/data/cache/reconstruction/predictions/02958343/12d463649ed6c176ab98a7077c964a60/e2eb9799ff9a8b3d80de1eae.npz,61209c200ce0f3c094aeb647366eea2416a80ec6a9ee490c878c40e7afcf989a,/content/cv3d-project/data/cache/reconstruction/metrics/02958343/12d463649ed6c176ab98a7077c964a60/b5c0a90022862a4187fb89b6.json,11.220573000173317
02958343/12d463649ed6c176ab98a7077c964a60,oracle,10,"[0, 35, 31, 25, 34, 10, 36, 9, 33, 26]",0.10330253208725917,0.15419864404625416,0.20509475600524918,0.21350001666388935,0.002191304347826087,0.009518324607329843,1.9777008574032484,0.4612,0.0028,0.0101,0.1389,0.0018,0.009,camera_pose_sim3,2.6542868852321573,0.3034798198976722,10000,10000,True,False,True,/content/cv3d-project/data/cache/reconstruction/predictions/02958343/12d463649ed6c176ab98a7077c964a60/0efe1c3d53e19d18e0baef9e.npz,95cb4599f40de2054a80b1803bea55b26014528ab4b0dd17ff94503d7a17f23f,/content/cv3d-project/data/cache/reconstruction/metrics/02958343/12d463649ed6c176ab98a7077c964a60/a82c043e76c1342bdad08891.json,11.69067000000723
02958343/12f2905dc029f59a2479fbc7da5ed22b,oracle,1,[0],3.369937041542709,3.586314097628965,3.8026911537152213,0.0,0.0,0.0,1.9823235267027075,0.0,0.0,0.0,0.0,0.0,0.0,camera_rotation_center_and_target_diameter_scale_single_view,10.4038602782619,0.0,9714,10000,True,True,True,/content/cv3d-project/data/cache/reconstruction/predictions/02958343/12f2905dc029f59a2479fbc7da5ed22b/6823fefda6e18b50902ef380.npz,a3ee7bdfd91559ffa0765ed50bc4cfd048d683e93fefd894f69d2edc32694b4d,/content/cv3d-project/data/cache/reconstruction/metrics/02958343/12f2905dc029f59a2479fbc7da5ed22b/a8e1316e5ec0c34bc403a229.json,3.5863059997609525
02958343/12f2905dc029f59a2479fbc7da5ed22b,oracle,2,"[0, 17]",0.05121494929002539,0.11870331184051922,0.18619167439101306,0.46706233122543156,0.014182202643171805,0.038978509406657015,1.9823235267027075,0.8479,0.1059,0.2553,0.3223,0.0076,0.0211,camera_pose_sim3_positive_scale_fallback,2.5265530802005256,6.714417319536274e-16,10000,10000,True,False,True,/content/cv3d-project/data/cache/reconstruction/predictions/02958343/12f2905dc029f59a2479fbc7da5ed22b/6e12c7029ba1b9d64c624ff3.npz,1b4595f4d42a98bca0a9c5747aae125307d3e5c0013340acb2865c65d3b6a86e,/content/cv3d-project/data/cache/reconstruction/metrics/02958343/12f2905dc029f59a2479fbc7da5ed22b/619d734ac452d7fd96f7b0cc.json,11.258961999828898
02958343/12f2905dc029f59a2479fbc7da5ed22b,oracle,3,"[0, 17, 21]",1.0966447343637444,1.1680790144532127,1.239513294542681,0.0,0.0,0.0,1.9823235267027075,0.0,0.0,0.0,0.0,0.0,0.0,camera_pose_sim3,2.1798552180992816,0.8397550557835641,10000,10000,True,False,True,/content/cv3d-project/data/cache/reconstruction/predictions/02958343/12f2905dc029f59a2479fbc7da5ed22b/389336e6b8a20d4b465d45fa.npz,2541a876cb831536d1ad711b97953ca2a292773408172ace89c8102967cfb7d8,/content/cv3d-project/data/cache/reconstruction/metrics/02958343/12f2905dc029f59a2479fbc7da5ed22b/3fa9d4ef66cc0f6d99242023.json,11.322377999931632
02958343/12f2905dc029f59a2479fbc7da5ed22b,oracle,5,"[0, 17, 21, 42, 22]",1.609205400619489,1.664613218395817,1.7200210361721453,0.0,0.0,0.0,1.9823235267027075,0.0,0.0,0.0,0.0,0.0,0.0,camera_pose_sim3,2.613778696514014,0.8923927554778429,10000,10000,True,False,True,/content/cv3d-project/data/cache/reconstruction/predictions/02958343/12f2905dc029f59a2479fbc7da5ed22b/130f28aebb1c5afa9d91246b.npz,bf9cbd5da498c1e76a87df603b0b7133422fd50dbbb23f87f39c216dd334e08e,/content/cv3d-project/data/cache/reconstruction/metrics/02958343/12f2905dc029f59a2479fbc7da5ed22b/5a12bb8e6070b337a1b40d24.json,11.478514000373252
02958343/12f2905dc029f59a2479fbc7da5ed22b,oracle,10,"[0, 17, 21, 42, 22, 19, 5, 9, 33, 26]",0.04429563966275428,0.062202583573783325,0.08010952748481237,0.8335088170033865,0.04204928315412186,0.10299552182163187,1.9823235267027075,0.996,0.0835,0.1933,0.7166,0.0281,0.0702,camera_pose_sim3,2.403330667993732,0.13171187073573373,10000,10000,True,False,True,/content/cv3d-project/data/cache/reconstruction/predictions/02958343/12f2905dc029f59a2479fbc7da5ed22b/72812977b61cdded30d57290.npz,72ebc7df112fa3b7f6daf4ca5fe3a03a806438724c59cd4b221628aa1fc2575a,/content/cv3d-project/data/cache/reconstruction/metrics/02958343/12f2905dc029f59a2479fbc7da5ed22b/65b9cfeda59792773b9b45bc.json,11.98783400013781
02958343/1328a95d69cefe32f200a72c9245aee7,oracle,1,[0],3.0959581122157096,3.2902032246763864,3.484448337137063,0.0,0.0,0.0,1.9841233112110757,0.0,0.0,0.0,0.0,0.0,0.0,camera_rotation_center_and_target_diameter_scale_single_view,9.965719120469117,0.0,10000,10000,True,True,True,/content/cv3d-project/data/cache/reconstruction/predictions/02958343/1328a95d69cefe32f200a72c9245aee7/c2e8d5c16c990894a4f7fb37.npz,4a2e0ee6007e53de210c81f7c34e4fc5b3b1804e62d3cfd3272d1c2a825e3464,/content/cv3d-project/data/cache/reconstruction/metrics/02958343/1328a95d69cefe32f200a72c9245aee7/67dd75c1b5a686bdc7b96be1.json,3.7770199996884912
02958343/1328a95d69cefe32f200a72c9245aee7,oracle,2,"[0, 17]",0.10456685337704955,0.18964285115981144,0.27471884894257337,0.13529438848920863,0.0,0.0,1.9841233112110757,0.4053,0.0,0.0,0.0812,0.0,0.0,camera_pose_sim3,2.139595804905087,0.5554056742111908,10000,10000,True,False,True,/content/cv3d-project/data/cache/reconstruction/predictions/02958343/1328a95d69cefe32f200a72c9245aee7/5596b83bf0e277b9ee86cfd6.npz,a0a1f3b4c000abb816bcde0365b27b381cba5d81b23eb185fb5b2ac64a2edb72,/content/cv3d-project/data/cache/reconstruction/metrics/02958343/1328a95d69cefe32f200a72c9245aee7/a6e1e115bb5bf2466ca2b508.json,11.06989399977465
02958343/1328a95d69cefe32f200a72c9245aee7,oracle,3,"[0, 17, 44]",0.4971099948175673,0.5290258177535112,0.5609416406894551,0.0,0.0,0.0,1.9841233112110757,0.0,0.0,0.0,0.0,0.0,0.0,camera_pose_sim3,2.673152214521979,0.4281951103440403,10000,10000,True,False,True,/content/cv3d-project/data/cache/reconstruction/predictions/02958343/1328a95d69cefe32f200a72c9245aee7/b34ebcb3d322a9d219e5476e.npz,6fab30fb58d1b3a0dc678610f9824a34846965a3c9c7f3571d98f0bc36df5977,/content/cv3d-project/data/cache/reconstruction/metrics/02958343/1328a95d69cefe32f200a72c9245aee7/1f28a19c19ca77756be7e5b0.json,11.193972999990365
02958343/1328a95d69cefe32f200a72c9245aee7,oracle,5,"[0, 17, 44, 23, 27]",0.23139573946530692,0.27534242828771555,0.31928911711012414,0.0,0.0,0.0,1.9841233112110757,0.0,0.0,0.0,0.0,0.0,0.0,camera_pose_sim3,2.4791031722377257,0.23717409943436965,10000,10000,True,False,True,/content/cv3d-project/data/cache/reconstruction/predictions/02958343/1328a95d69cefe32f200a72c9245aee7/8fc0d805e9fe8514dcd478dd.npz,4eaa25a63c204f72832b1a5810726ed6d1d8b7a651267e361a73f94d9ac5dcd0,/content/cv3d-project/data/cache/reconstruction/metrics/02958343/1328a95d69cefe32f200a72c9245aee7/d2449a54a3e0e0bdac388112.json,11.591613999826222
02958343/1328a95d69cefe32f200a72c9245aee7,oracle,10,"[0, 17, 44, 23, 27, 41, 9, 20, 18, 32]",0.029757455538593117,0.06259565672528063,0.09543385791196814,0.7122529135277831,0.07777417668583377,0.17599689785065367,1.9841233112110757,1.0,0.137,0.3315,0.5531,0.0543,0.1198,camera_pose_sim3,2.6329333758114646,0.28261018575100194,10000,10000,True,False,True,/content/cv3d-project/data/cache/reconstruction/predictions/02958343/1328a95d69cefe32f200a72c9245aee7/84f0138d0766ecdc0abc3952.npz,e3114fb79d00a4654661f0370a81aeaa4907d35a9ca91f0cc2b35df2c66251a0,/content/cv3d-project/data/cache/reconstruction/metrics/02958343/1328a95d69cefe32f200a72c9245aee7/06ff8fec3ca5fda41d51c292.json,11.840884999855916
02958343/1355f3aa779b599b16abce8cb03e7794,oracle,1,[0],4.126840773268372,4.335867437322719,4.544894101377067,0.0,0.0,0.0,1.9146573260432775,0.0,0.0,0.0,0.0,0.0,0.0,camera_rotation_center_and_target_diameter_scale_single_view,11.657813019814721,0.0,9549,10000,True,True,True,/content/cv3d-project/data/cache/reconstruction/predictions/02958343/1355f3aa779b599b16abce8cb03e7794/dd20ebe5f35e3feb482a9657.npz,83a3d220ede3f7e3335119d3ee8342a5a50083ab5f490c03e4b5fb89c9d22e80,/content/cv3d-project/data/cache/reconstruction/metrics/02958343/1355f3aa779b599b16abce8cb03e7794/8fd1e2920b6b17cb6c955820.json,3.6037129998476303
02958343/1355f3aa779b599b16abce8cb03e7794,oracle,2,"[0, 39]",3.341224395365214,3.5067297021743498,3.6722350089834856,0.0,0.0,0.0,1.9146573260432775,0.0,0.0,0.0,0.0,0.0,0.0,camera_pose_sim3_positive_scale_fallback,4.741453493855405,5.837352345270261e-16,10000,10000,True,False,True,/content/cv3d-project/data/cache/reconstruction/predictions/02958343/1355f3aa779b599b16abce8cb03e7794/f890d63477988686cbe87c41.npz,9f29aa0bb4238241a4e25022246ed640fca0af8402e242e8e6fd9b85b7a7aef9,/content/cv3d-project/data/cache/reconstruction/metrics/02958343/1355f3aa779b599b16abce8cb03e7794/d66647dd577dfaa3687bcf34.json,11.328734000016993
02958343/1355f3aa779b599b16abce8cb03e7794,oracle,3,"[0, 39, 27]",0.02341208114781711,0.1551845323081064,0.28695698346839565,0.12012407181126045,0.0,0.0003921568627450981,1.9146573260432775,1.0,0.0,0.01,0.0639,0.0,0.0002,camera_pose_sim3,0.1370424255973721,1.3962880048227915,10000,10000,True,False,True,/content/cv3d-project/data/cache/reconstruction/predictions/02958343/1355f3aa779b599b16abce8cb03e7794/aaa89127259afa3e9d1c90b2.npz,8cc4d0b7844ca591f92f9a5ba019b6707fb94abac618551e54150c1ebc570211,/content/cv3d-project/data/cache/reconstruction/metrics/02958343/1355f3aa779b599b16abce8cb03e7794/39c008c6799463412c5a520f.json,11.314987000332621
02958343/1355f3aa779b599b16abce8cb03e7794,oracle,5,"[0, 39, 27, 24, 43]",0.4378383272587545,0.49580414784042426,0.553769968422094,0.0,0.0,0.0,1.9146573260432775,0.0,0.0,0.0,0.0,0.0,0.0,camera_pose_sim3,1.7330479142539974,1.1609834874103722,10000,10000,True,False,True,/content/cv3d-project/data/cache/reconstruction/predictions/02958343/1355f3aa779b599b16abce8cb03e7794/34d66c000a7ffef25396b31b.npz,98a1ab2f16607e7ad5c720a0028a8a462f22fc4312a93680f36facccba59c258,/content/cv3d-project/data/cache/reconstruction/metrics/02958343/1355f3aa779b599b16abce8cb03e7794/8fcf8599826e5349f7830970.json,11.154196000006777
02958343/1355f3aa779b599b16abce8cb03e7794,oracle,10,"[0, 39, 27, 24, 43, 8, 29, 12, 40, 15]",0.013274582873541683,0.04373158099407963,0.07418857911461757,0.8369388229820889,0.13816045869611382,0.28284417006870455,1.9146573260432775,1.0,0.3868,0.834,0.7196,0.0841,0.1703,camera_pose_sim3,2.4069211002506883,0.286001336602641,10000,10000,True,False,True,/content/cv3d-project/data/cache/reconstruction/predictions/02958343/1355f3aa779b599b16abce8cb03e7794/62bb55a50221b1daa4013d9e.npz,5831b963a99982f25a312f1e7e4f452f629c637ef1f04ce9d29c2fe95b5f3013,/content/cv3d-project/data/cache/reconstruction/metrics/02958343/1355f3aa779b599b16abce8cb03e7794/68c503b339bc6f33dc93f77c.json,11.776599999848258
02958343/137f67657cdc9da5f985cd98f7d73e9a,oracle,1,[0],3.0848696787872183,3.298993914823825,3.513118150860431,0.0,0.0,0.0,1.9846640167062906,0.0,0.0,0.0,0.0,0.0,0.0,camera_rotation_center_and_target_diameter_scale_single_view,9.744572902429873,0.0,10000,10000,True,True,True,/content/cv3d-project/data/cache/reconstruction/predictions/02958343/137f67657cdc9da5f985cd98f7d73e9a/d7b21ba235f3c8023f70cec3.npz,8434d84cdcd9c9569c4c937b0278e320ac31563c03c50544ee099da48bef034e,/content/cv3d-project/data/cache/reconstruction/metrics/02958343/137f67657cdc9da5f985cd98f7d73e9a/2efd8c195b960a919643061a.json,3.8650569999845175
02958343/137f67657cdc9da5f985cd98f7d73e9a,oracle,2,"[0, 35]",2.124060582791857,2.241543116267704,2.3590256497435513,0.0,0.0,0.0,1.9846640167062906,0.0,0.0,0.0,0.0,0.0,0.0,camera_pose_sim3_positive_scale_fallback,3.584038105429687,3.593902671062656e-16,10000,10000,True,False,True,/content/cv3d-project/data/cache/reconstruction/predictions/02958343/137f67657cdc9da5f985cd98f7d73e9a/90a9a4f16ff21030f1679145.npz,e97fcd70c06b789f5be70c1a8afdb528c56a0e820b1844c63a11e6e1f4c5ece2,/content/cv3d-project/data/cache/reconstruction/metrics/02958343/137f67657cdc9da5f985cd98f7d73e9a/6bb7473b01f8c1918e791ceb.json,11.135671000374714
02958343/137f67657cdc9da5f985cd98f7d73e9a,oracle,3,"[0, 35, 31]",0.05560752507938931,0.11700916507335143,0.17841080506731355,0.3281236956723196,0.012171641791044777,0.03022764227642276,1.9846640167062906,0.8773,0.0466,0.143,0.2018,0.007,0.0169,camera_pose_sim3,2.508544932594756,0.12356473960172071,10000,10000,True,False,True,/content/cv3d-project/data/cache/reconstruction/predictions/02958343/137f67657cdc9da5f985cd98f7d73e9a/d6108867d2f6b4ea71e83a3a.npz,fd475840c88c280cb639db42ad2d2aa87c80342a59ea7c8fa13bcb42cef4741e,/content/cv3d-project/data/cache/reconstruction/metrics/02958343/137f67657cdc9da5f985cd98f7d73e9a/56d13498c5abfa838cbb5229.json,11.25263999983872
02958343/137f67657cdc9da5f985cd98f7d73e9a,oracle,5,"[0, 35, 31, 9, 44]",0.9697701667605313,1.0094012919270334,1.0490324170935355,0.0,0.0,0.0,1.9846640167062906,0.0,0.0,0.0,0.0,0.0,0.0,camera_pose_sim3,2.1388758693936074,0.8088937172014524,10000,10000,True,False,True,/content/cv3d-project/data/cache/reconstruction/predictions/02958343/137f67657cdc9da5f985cd98f7d73e9a/fa9c34b12e80180d3d5e815f.npz,e297bc380dfb0ec978bef10597d0a8bdbf6aef886ef57c11647e7d67a297337f,/content/cv3d-project/data/cache/reconstruction/metrics/02958343/137f67657cdc9da5f985cd98f7d73e9a/8bef8415ceacda1fdd295a0e.json,11.235502999625169
02958343/137f67657cdc9da5f985cd98f7d73e9a,oracle,10,"[0, 35, 31, 9, 44, 21, 26, 18, 3, 1]",0.020037862101770724,0.046995285920563776,0.07395270973935683,0.8589034061733326,0.10412849162011174,0.2438067628045748,1.9846640167062906,1.0,0.218,0.6546,0.7527,0.0684,0.1498,camera_pose_sim3,2.430181241354622,0.09033211973420044,10000,10000,True,False,True,/content/cv3d-project/data/cache/reconstruction/predictions/02958343/137f67657cdc9da5f985cd98f7d73e9a/c91eb5ad20ca4a53cecbda00.npz,88e8cc0c8b99925a6218b9fa1e11ba61553b99d860dc58fceb62b24f8adff0ff,/content/cv3d-project/data/cache/reconstruction/metrics/02958343/137f67657cdc9da5f985cd98f7d73e9a/35ded40445d4dcba70cd0858.json,11.262385999998514
02958343/139718b631cbca546a36136419d55d5c,oracle,1,[0],3.8310320587953743,4.058284839080999,4.2855376193666235,0.0,0.0,0.0,1.9751853718837966,0.0,0.0,0.0,0.0,0.0,0.0,camera_rotation_center_and_target_diameter_scale_single_view,11.22237099027108,0.0,10000,10000,True,True,True,/content/cv3d-project/data/cache/reconstruction/predictions/02958343/139718b631cbca546a36136419d55d5c/304c64be83946f8bf14b3790.npz,eb5cc89451bbd61dd3e125b5c7a7729aa727489a1357ea4cc7e29c61d619e6b2,/content/cv3d-project/data/cache/reconstruction/metrics/02958343/139718b631cbca546a36136419d55d5c/0805435368bf895bd0cda1ed.json,4.263736000211793
02958343/139718b631cbca546a36136419d55d5c,oracle,2,"[0, 25]",0.13849100854188534,0.2286566095239242,0.31882221050596304,0.02231465256797583,0.0,0.0,1.9751853718837966,0.1201,0.0,0.0,0.0123,0.0,0.0,camera_pose_sim3,1.8378704262427399,0.8436722419926672,10000,10000,True,False,True,/content/cv3d-project/data/cache/reconstruction/predictions/02958343/139718b631cbca546a36136419d55d5c/44da92eb0993c379cf77a42c.npz,6d75841970e261889b335ac6a02ca95a154b55dfce374ac9840eaf1b9b94768c,/content/cv3d-project/data/cache/reconstruction/metrics/02958343/139718b631cbca546a36136419d55d5c/3b97f46287974454636d7473.json,11.877410000124655
02958343/139718b631cbca546a36136419d55d5c,oracle,3,"[0, 25, 29]",0.38396339973497845,0.4661845604005008,0.5484057210660231,0.0,0.0,0.0,1.9751853718837966,0.0,0.0,0.0,0.0,0.0,0.0,camera_pose_sim3,2.34467211342444,0.9825035868234157,10000,10000,True,False,True,/content/cv3d-project/data/cache/reconstruction/predictions/02958343/139718b631cbca546a36136419d55d5c/b6800e0b14d236806a067e27.npz,3f5b96c563ebe9b3b9cc97b5e35c18124d79ca4d0a2b39473eaef25627581b96,/content/cv3d-project/data/cache/reconstruction/metrics/02958343/139718b631cbca546a36136419d55d5c/deeb94ff1964c87bb7373021.json,11.814582000170049
02958343/139718b631cbca546a36136419d55d5c,oracle,5,"[0, 25, 29, 23, 26]",0.08549465739431589,0.19316344342741734,0.3008322294605188,0.10625271843229704,0.0032776119402985076,0.006809913793103449,1.9751853718837966,0.6206,0.0183,0.0427,0.0581,0.0018,0.0037,camera_pose_sim3,1.851806596510324,0.938042865968415,10000,10000,True,False,True,/content/cv3d-project/data/cache/reconstruction/predictions/02958343/139718b631cbca546a36136419d55d5c/132cf5235b2653efbb1bd73e.npz,a46edf588424ca8c71a20cb37e12be844f04ba037423c78fa41e492ac77eeaea,/content/cv3d-project/data/cache/reconstruction/metrics/02958343/139718b631cbca546a36136419d55d5c/3654dbe9026a24a0ab64c7fd.json,11.349498000072344
02958343/139718b631cbca546a36136419d55d5c,oracle,10,"[0, 25, 29, 23, 26, 2, 41, 19, 18, 8]",0.07156219481960047,0.11431655469592283,0.1570709145722452,0.3109534667680095,0.01127710843373494,0.02890311332503113,1.9751853718837966,1.0,0.026,0.0614,0.1841,0.0072,0.0189,camera_pose_sim3,2.504228091445992,0.2596051407295612,10000,10000,True,False,True,/content/cv3d-project/data/cache/reconstruction/predictions/02958343/139718b631cbca546a36136419d55d5c/f336128b0f87d3c6f37aa128.npz,3301dc5f9a0b848408dcb851a8ae56b94582e2a473917f757d916e51e15deb9d,/content/cv3d-project/data/cache/reconstruction/metrics/02958343/139718b631cbca546a36136419d55d5c/26f5b374e6099672fb8fa71c.json,11.864447999869299
02958343/1399eab8ad7262eb7f3efc94c2d31dc5,oracle,1,[0],4.039299083709831,4.261634833525113,4.483970583340396,0.0,0.0,0.0,1.9453318399651676,0.0,0.0,0.0,0.0,0.0,0.0,camera_rotation_center_and_target_diameter_scale_single_view,11.637038834813357,0.0,9730,10000,True,True,True,/content/cv3d-project/data/cache/reconstruction/predictions/02958343/1399eab8ad7262eb7f3efc94c2d31dc5/3ea394f53065866eb1684a32.npz,300fd9e8f48a90f7a86e838f4fdd9f59bf37c9c3e814587a9f1cfe19dbad84ba,/content/cv3d-project/data/cache/reconstruction/metrics/02958343/1399eab8ad7262eb7f3efc94c2d31dc5/bbd31100606625b71c01acb1.json,3.6459090001699224
02958343/1399eab8ad7262eb7f3efc94c2d31dc5,oracle,2,"[0, 35]",2.5042350630829344,2.6283811750642787,2.752527287045623,0.0,0.0,0.0,1.9453318399651676,0.0,0.0,0.0,0.0,0.0,0.0,camera_pose_sim3_positive_scale_fallback,4.364543905041869,8.439495694781267e-16,10000,10000,True,False,True,/content/cv3d-project/data/cache/reconstruction/predictions/02958343/1399eab8ad7262eb7f3efc94c2d31dc5/7cb4992ab3ab6b790482ebe8.npz,c844384815307b28211182af18aced8a0a297d2a43b4e0bd3a6a0b856164c398,/content/cv3d-project/data/cache/reconstruction/metrics/02958343/1399eab8ad7262eb7f3efc94c2d31dc5/7ff8db9d0f72406ff39b0aee.json,11.257118999765225
02958343/1399eab8ad7262eb7f3efc94c2d31dc5,oracle,3,"[0, 35, 31]",4.324105165604256,4.405742429720958,4.487379693837661,0.0,0.0,0.0,1.9453318399651676,0.0,0.0,0.0,0.0,0.0,0.0,camera_pose_sim3_positive_scale_fallback,6.055100067370942,1.529996237406946,10000,10000,True,False,True,/content/cv3d-project/data/cache/reconstruction/predictions/02958343/1399eab8ad7262eb7f3efc94c2d31dc5/dc5112add936b062767955cf.npz,22f9f7407ec9b1924b2419d9d9dad2a4fc8adfab1ed7b63310b892b7aa4a2910,/content/cv3d-project/data/cache/reconstruction/metrics/02958343/1399eab8ad7262eb7f3efc94c2d31dc5/31d0d496d4affd9a2150114c.json,11.245911000060005
02958343/1399eab8ad7262eb7f3efc94c2d31dc5,oracle,5,"[0, 35, 31, 25, 24]",3.4735213113150514,3.5221073864272263,3.5706934615394013,0.0,0.0,0.0,1.9453318399651676,0.0,0.0,0.0,0.0,0.0,0.0,camera_pose_sim3_positive_scale_fallback,4.026256724641344,1.6051475285175114,10000,10000,True,False,True,/content/cv3d-project/data/cache/reconstruction/predictions/02958343/1399eab8ad7262eb7f3efc94c2d31dc5/754d96621e5a133a2e05bb7f.npz,eb5f0035ec73d0119cd2677b98468c6c663a5f2f89223217364af651f38aa06d,/content/cv3d-project/data/cache/reconstruction/metrics/02958343/1399eab8ad7262eb7f3efc94c2d31dc5/a7db52426c6955e33b12f0b0.json,11.471161999907054
02958343/1399eab8ad7262eb7f3efc94c2d31dc5,oracle,10,"[0, 35, 31, 25, 24, 27, 9, 40, 26, 33]",0.3482448165689846,0.46668159379039886,0.5851183710118132,0.0,0.0,0.0,1.9453318399651676,0.0,0.0,0.0,0.0,0.0,0.0,camera_pose_sim3,0.07565515987597418,1.2733516188847411,10000,10000,True,False,True,/content/cv3d-project/data/cache/reconstruction/predictions/02958343/1399eab8ad7262eb7f3efc94c2d31dc5/8970490d7fe99f1b687128e7.npz,29b318243de25831054fc6fb89612adc3f04b9f2b090d374447ad39679eb1173,/content/cv3d-project/data/cache/reconstruction/metrics/02958343/1399eab8ad7262eb7f3efc94c2d31dc5/bec0574def00948fff428654.json,11.616781999691739
02958343/139df45393b6847838805e546aa28d99,oracle,1,[0],2.902264711321704,3.1065173281193834,3.310769944917063,0.0,0.0,0.0,1.9914343922907116,0.0,0.0,0.0,0.0,0.0,0.0,camera_rotation_center_and_target_diameter_scale_single_view,9.594383248612052,0.0,10000,10000,True,True,True,/content/cv3d-project/data/cache/reconstruction/predictions/02958343/139df45393b6847838805e546aa28d99/749c9a7ddad2682836510c9b.npz,917b3791a298860f7285845e066524ed98a52364fe9d27cbf0af8c1a2613d016,/content/cv3d-project/data/cache/reconstruction/metrics/02958343/139df45393b6847838805e546aa28d99/d3e259a38d265c5d94a234a6.json,3.8359720001608366
02958343/139df45393b6847838805e546aa28d99,oracle,2,"[0, 25]",0.23730360571444245,0.3547922940310788,0.4722809823477152,0.0,0.0,0.0,1.9914343922907116,0.0,0.0,0.0,0.0,0.0,0.0,camera_pose_sim3,1.7859781276218876,0.8832497299270121,10000,10000,True,False,True,/content/cv3d-project/data/cache/reconstruction/predictions/02958343/139df45393b6847838805e546aa28d99/44b9d1e14594d795ac245e83.npz,3434174560c703a69c21f618795524ba51f64bb1b6ca03aefbb1179b52c1ccb4,/content/cv3d-project/data/cache/reconstruction/metrics/02958343/139df45393b6847838805e546aa28d99/29d57ed3a3585fc7330c30e4.json,11.131211999781954
02958343/139df45393b6847838805e546aa28d99,oracle,3,"[0, 25, 44]",0.013738338346344508,0.07291112137112626,0.13208390439590803,0.5958014463245103,0.06611577752553915,0.15090997881355933,1.9914343922907116,1.0,0.4045,0.8613,0.4243,0.036,0.0827,camera_pose_sim3,2.3454047049375535,0.3426513566122702,10000,10000,True,False,True,/content/cv3d-project/data/cache/reconstruction/predictions/02958343/139df45393b6847838805e546aa28d99/0cad1a43f483deb2e4bee309.npz,a14a0d91c8b111e580b15ac3ba2e5ccae08bccd35a82d38b65a0e00d90c4948c,/content/cv3d-project/data/cache/reconstruction/metrics/02958343/139df45393b6847838805e546aa28d99/9fad3593f4203187818ec68a.json,11.079637999955594
02958343/139df45393b6847838805e546aa28d99,oracle,5,"[0, 25, 44, 8, 19]",0.01913968870686205,0.049089414850749996,0.07903914099463794,0.8286283237671314,0.07545480383070745,0.17621789038262667,1.9914343922907116,1.0,0.2801,0.6722,0.7074,0.0436,0.1014,camera_pose_sim3,2.4405080861698365,0.12412298522965015,10000,10000,True,False,True,/content/cv3d-project/data/cache/reconstruction/predictions/02958343/139df45393b6847838805e546aa28d99/7fc417cdb42d39205db75f3a.npz,493e273c4f76a53b9aa825c89122e54c69c645cf0a9a121ae3d5520b94c033bd,/content/cv3d-project/data/cache/reconstruction/metrics/02958343/139df45393b6847838805e546aa28d99/6e1b0321271182983aca0733.json,11.23858199980532
02958343/139df45393b6847838805e546aa28d99,oracle,10,"[0, 25, 44, 8, 19, 34, 30, 11, 18, 35]",0.014522125776570756,0.04372335910750848,0.0729245924384462,0.8253949609443824,0.14494069400630916,0.2823958540960734,1.9914343922907116,1.0,0.4196,0.8334,0.7027,0.0876,0.17,camera_pose_sim3,2.609584620097248,0.12204655646583283,10000,10000,True,False,True,/content/cv3d-project/data/cache/reconstruction/predictions/02958343/139df45393b6847838805e546aa28d99/53ad120207eb1f4fd27411fc.npz,f4748a8518386c69fecee7991e35e4840c2e51eb35d09afaa34444cae656da24,/content/cv3d-project/data/cache/reconstruction/metrics/02958343/139df45393b6847838805e546aa28d99/ae5705a83c5fec306b8224e4.json,11.615655000241532
02958343/13d0f68f32a86bdfe3857ce739e6606f,oracle,1,[0],1.624290773363693,1.844335222440722,2.064379671517751,0.0,0.0,0.0,1.9641939180006072,0.0,0.0,0.0,0.0,0.0,0.0,camera_rotation_center_and_target_diameter_scale_single_view,6.796603095310767,0.0,10000,10000,True,True,True,/content/cv3d-project/data/cache/reconstruction/predictions/02958343/13d0f68f32a86bdfe3857ce739e6606f/102a04e78749153911c4a099.npz,d30fb8568729c7e6b76dbc86f8f06bfa76885db27e2c97902249a89ac1cc8e17,/content/cv3d-project/data/cache/reconstruction/metrics/02958343/13d0f68f32a86bdfe3857ce739e6606f/a0f3173fa0ffa45122b3da06.json,3.79562399984934
02958343/13d0f68f32a86bdfe3857ce739e6606f,oracle,2,"[0, 9]",0.922500016932896,1.0464947823806252,1.1704895478283543,0.0,0.0,0.0,1.9641939180006072,0.0,0.0,0.0,0.0,0.0,0.0,camera_pose_sim3,1.1248432335178242,0.5728739563776201,10000,10000,True,False,True,/content/cv3d-project/data/cache/reconstruction/predictions/02958343/13d0f68f32a86bdfe3857ce739e6606f/5a3937554bf7dd1142521038.npz,3ec890d9c95afa91493e43c63a27100ea7f22b6a5344e86602c4e33da639f960,/content/cv3d-project/data/cache/reconstruction/metrics/02958343/13d0f68f32a86bdfe3857ce739e6606f/bacbff8815ee45076b267c72.json,11.223728000004485
02958343/13d0f68f32a86bdfe3857ce739e6606f,oracle,3,"[0, 9, 37]",1.082836036791049,1.156812299961743,1.2307885631324367,0.0,0.0,0.0,1.9641939180006072,0.0,0.0,0.0,0.0,0.0,0.0,camera_pose_sim3,2.284706859229304,0.8067732384161289,10000,10000,True,False,True,/content/cv3d-project/data/cache/reconstruction/predictions/02958343/13d0f68f32a86bdfe3857ce739e6606f/297e0fd283a8be9dba1fc9e7.npz,8991ecfc8a9a9aced78df13720ce5c2a58fd2ce5cb54ecd787e6e723eea6ac76,/content/cv3d-project/data/cache/reconstruction/metrics/02958343/13d0f68f32a86bdfe3857ce739e6606f/ab52e86b822bb5d4f291764f.json,11.473501000182296
02958343/13d0f68f32a86bdfe3857ce739e6606f,oracle,5,"[0, 9, 37, 26, 23]",1.0384122619197937,1.1018904644504077,1.1653686669810217,0.0,0.0,0.0,1.9641939180006072,0.0,0.0,0.0,0.0,0.0,0.0,camera_pose_sim3,2.0465775056020723,0.8971106829800924,10000,10000,True,False,True,/content/cv3d-project/data/cache/reconstruction/predictions/02958343/13d0f68f32a86bdfe3857ce739e6606f/d2156ce660f8ff6b05eddc37.npz,9286982022d3b14d247b3f896dfe425194ab4a66e44827ab67b5fc0688df4826,/content/cv3d-project/data/cache/reconstruction/metrics/02958343/13d0f68f32a86bdfe3857ce739e6606f/6c7ad09ec44facc15f6ba604.json,12.230251999881148
02958343/13d0f68f32a86bdfe3857ce739e6606f,oracle,10,"[0, 9, 37, 26, 23, 10, 34, 21, 11, 31]",0.010262559810899557,0.034198435836490675,0.058134311862081796,0.8851727982162765,0.20738386418269233,0.39555298863823485,1.9641939180006072,1.0,0.5371,0.9659,0.794,0.1285,0.2487,camera_pose_sim3,2.3884480131569625,0.11848129385030373,10000,10000,True,False,True,/content/cv3d-project/data/cache/reconstruction/predictions/02958343/13d0f68f32a86bdfe3857ce739e6606f/a9969b2bf4f538949f517329.npz,e5826e830396cb96771b02c51e81c869c2a626181793fe4829a29763de84d15a,/content/cv3d-project/data/cache/reconstruction/metrics/02958343/13d0f68f32a86bdfe3857ce739e6606f/f6df09ea1274609b70593d49.json,11.84209200027908
02958343/14121abc9e2a868e52ab7aae4be20d81,oracle,1,[0],2.1175325613830935,2.318773786183311,2.5200150109835286,0.0,0.0,0.0,1.9835359629496319,0.0,0.0,0.0,0.0,0.0,0.0,camera_rotation_center_and_target_diameter_scale_single_view,7.874546273159979,0.0,10000,10000,True,True,True,/content/cv3d-project/data/cache/reconstruction/predictions/02958343/14121abc9e2a868e52ab7aae4be20d81/8508b8f7dca8a23c272d10b3.npz,23f57b8b5556c36d6c0751463e176ee22f1c27956f9512aaa11d2180283ba452,/content/cv3d-project/data/cache/reconstruction/metrics/02958343/14121abc9e2a868e52ab7aae4be20d81/6246efa3f1dd96d7c9d068c6.json,3.7979500002620625
02958343/14121abc9e2a868e52ab7aae4be20d81,oracle,2,"[0, 35]",0.04570501060152469,0.17719412404332976,0.3086832374851348,0.09933982692307693,0.0011707317073170731,0.002567686424474187,1.9835359629496319,0.9877,0.024,0.1033,0.0523,0.0006,0.0013,camera_pose_sim3,0.8905404597999474,1.0888391839801863,10000,10000,True,False,True,/content/cv3d-project/data/cache/reconstruction/predictions/02958343/14121abc9e2a868e52ab7aae4be20d81/9395200953950cbfdc052ad5.npz,af8dc2958b7767b6c27ddabe5c75fefe790dd679dfc7b205afb6509dd03cc0c6,/content/cv3d-project/data/cache/reconstruction/metrics/02958343/14121abc9e2a868e52ab7aae4be20d81/87f4e265bb9361123669dbd6.json,11.283850999916467
02958343/14121abc9e2a868e52ab7aae4be20d81,oracle,3,"[0, 35, 31]",1.3490566425924353,1.3911024721483334,1.4331483017042315,0.0,0.0,0.0,1.9835359629496319,0.0,0.0,0.0,0.0,0.0,0.0,camera_pose_sim3,2.3235949970046494,1.0048183836031415,10000,10000,True,False,True,/content/cv3d-project/data/cache/reconstruction/predictions/02958343/14121abc9e2a868e52ab7aae4be20d81/76d3dc6e1bad365740145983.npz,38e887843fb8f66acb672ee736f933be9a55201152edbb0d68e7bd7a5ed8d6ad,/content/cv3d-project/data/cache/reconstruction/metrics/02958343/14121abc9e2a868e52ab7aae4be20d81/73cc704b257b646cb00da251.json,11.251682999954937
02958343/14121abc9e2a868e52ab7aae4be20d81,oracle,5,"[0, 35, 31, 25, 21]",0.09447867321373837,0.15051293865295257,0.20654720409216676,0.2362328446616319,0.01064,0.026589390340459224,1.9835359629496319,0.5227,0.0342,0.1112,0.1526,0.0063,0.0151,camera_pose_sim3,2.3094750346494095,0.5648333080315221,10000,10000,True,False,True,/content/cv3d-project/data/cache/reconstruction/predictions/02958343/14121abc9e2a868e52ab7aae4be20d81/7a2efad2d61459084d986bda.npz,36bff540e9cc1f6e1ac686cb4b5b78fe0edca08572710dee5f65aa61e90f7f0b,/content/cv3d-project/data/cache/reconstruction/metrics/02958343/14121abc9e2a868e52ab7aae4be20d81/399246dd7847f2e68f0307a0.json,11.82293000010759
02958343/14121abc9e2a868e52ab7aae4be20d81,oracle,10,"[0, 35, 31, 25, 21, 36, 9, 13, 34, 22]",0.024166112562089313,0.0605978633338699,0.09702961410565049,0.745609633718013,0.07201661341853036,0.1550611581001952,1.9835359629496319,1.0,0.2068,0.5238,0.5944,0.0436,0.091,camera_pose_sim3,2.4133639241573324,0.1161257586619885,10000,10000,True,False,True,/content/cv3d-project/data/cache/reconstruction/predictions/02958343/14121abc9e2a868e52ab7aae4be20d81/bb5dcb7c4a867644c4131840.npz,6049a5f3723735bfe70cf60498bdfd65869c2f8e344677aeeb64bbdc93fb3638,/content/cv3d-project/data/cache/reconstruction/metrics/02958343/14121abc9e2a868e52ab7aae4be20d81/dab970682b8e7f127134e0fa.json,11.709923000125855
02958343/1424d894bfd59cdc65e9f24f8c34a52,oracle,1,[0],3.958523337691341,4.166271149693767,4.3740189616961915,0.0,0.0,0.0,1.9793219680981615,0.0,0.0,0.0,0.0,0.0,0.0,camera_rotation_center_and_target_diameter_scale_single_view,11.682751176712511,0.0,10000,10000,True,True,True,/content/cv3d-project/data/cache/reconstruction/predictions/02958343/1424d894bfd59cdc65e9f24f8c34a52/d8466d438ba422f870e60a9e.npz,7c4bb8d0eb585c5ce4aa180de54a03196b18a42e7dfa3f0612600b6780b5e999,/content/cv3d-project/data/cache/reconstruction/metrics/02958343/1424d894bfd59cdc65e9f24f8c34a52/553ebddb9669f83fece26839.json,4.041872000016156
02958343/1424d894bfd59cdc65e9f24f8c34a52,oracle,2,"[0, 35]",0.13094332314977217,0.25478117574717596,0.3786190283445798,0.0016591304347826088,0.0,0.0,1.9793219680981615,0.0106,0.0,0.0,0.0009,0.0,0.0,camera_pose_sim3,0.9467405607097098,1.0531154673146812,10000,10000,True,False,True,/content/cv3d-project/data/cache/reconstruction/predictions/02958343/1424d894bfd59cdc65e9f24f8c34a52/8909081f39ab838dee3b9d58.npz,b768a9d154da630ba6a201951c046ae023965e41e35a8e419badd4ee58e94cc8,/content/cv3d-project/data/cache/reconstruction/metrics/02958343/1424d894bfd59cdc65e9f24f8c34a52/deeab65c35f8b1991623c9b2.json,11.595091000344837
02958343/1424d894bfd59cdc65e9f24f8c34a52,oracle,3,"[0, 35, 39]",1.0267886315156591,1.072385844315895,1.1179830571161307,0.0,0.0,0.0,1.9793219680981615,0.0,0.0,0.0,0.0,0.0,0.0,camera_pose_sim3,2.3310537979765957,1.0276348750368973,10000,10000,True,False,True,/content/cv3d-project/data/cache/reconstruction/predictions/02958343/1424d894bfd59cdc65e9f24f8c34a52/998c785cbe1acea5b40b0216.npz,eb5cd47ae254a7029ceb85cdf9ffa4cbfda5afc191b1c04aca63fa84c371a1c1,/content/cv3d-project/data/cache/reconstruction/metrics/02958343/1424d894bfd59cdc65e9f24f8c34a52/ef1490f5de0e804a643bda0c.json,11.655706000055943
02958343/1424d894bfd59cdc65e9f24f8c34a52,oracle,5,"[0, 35, 39, 17, 10]",0.0911962474773904,0.14640419227560256,0.20161213707381473,0.1798711075697211,0.0,0.002309433962264151,1.9793219680981615,0.5187,0.0,0.0036,0.1088,0.0,0.0017,camera_pose_sim3,1.95374541498512,0.8210743754453801,10000,10000,True,False,True,/content/cv3d-project/data/cache/reconstruction/predictions/02958343/1424d894bfd59cdc65e9f24f8c34a52/1fdf5db5c57135b7234e52eb.npz,eb67fac7874ab705f6585cb512558cf2a486493c3cab5d1b97218417ae7e3aec,/content/cv3d-project/data/cache/reconstruction/metrics/02958343/1424d894bfd59cdc65e9f24f8c34a52/279c36b73b7074daaef5c38d.json,12.06742900012614
02958343/1424d894bfd59cdc65e9f24f8c34a52,oracle,10,"[0, 35, 39, 17, 10, 36, 23, 15, 18, 31]",0.026401400003176163,0.055763795117353646,0.08512619023153113,0.8107979545724818,0.07912917870408584,0.16206751287711552,1.9793219680981615,1.0,0.1925,0.4445,0.6818,0.0498,0.0991,camera_pose_sim3,2.496256962340417,0.12710214722778057,10000,10000,True,False,True,/content/cv3d-project/data/cache/reconstruction/predictions/02958343/1424d894bfd59cdc65e9f24f8c34a52/3c0bd3a4eda1306bb9cf7116.npz,e9cf108db2920492f9053121ec4f4451b7e5b920989ef0a6b4067e2a0fe3b9f6,/content/cv3d-project/data/cache/reconstruction/metrics/02958343/1424d894bfd59cdc65e9f24f8c34a52/8272485491f582b583006c24.json,12.477477999709663
02958343/14330011009dacfed49701eac14326ae,oracle,1,[0],3.4290645394045276,3.629553310618234,3.83004208183194,0.0,0.0,0.0,1.9803323859907254,0.0,0.0,0.0,0.0,0.0,0.0,camera_rotation_center_and_target_diameter_scale_single_view,10.65682827364394,0.0,10000,10000,True,True,True,/content/cv3d-project/data/cache/reconstruction/predictions/02958343/14330011009dacfed49701eac14326ae/f1d131c3bb963f40f39355f5.npz,82d79e9a72c5061ca8e90cc603ea68b9bcdb10e2b0984932291662130c715928,/content/cv3d-project/data/cache/reconstruction/metrics/02958343/14330011009dacfed49701eac14326ae/ac1fdfdfcbb51a1f68b4e23b.json,3.822413999841956
02958343/14330011009dacfed49701eac14326ae,oracle,2,"[0, 36]",0.14694732086123377,0.22208493589112577,0.29722255092101774,0.04129799022270505,0.0,0.0,1.9803323859907254,0.1604,0.0,0.0,0.0237,0.0,0.0,camera_pose_sim3,2.499462338518444,0.02803649998492966,10000,10000,True,False,True,/content/cv3d-project/data/cache/reconstruction/predictions/02958343/14330011009dacfed49701eac14326ae/f93451240e6812b122ef6a71.npz,a9e293217753d741a8a533cfeb6ef7939dafda0926c9418b7ce92bff7a6c4cfe,/content/cv3d-project/data/cache/reconstruction/metrics/02958343/14330011009dacfed49701eac14326ae/45e5f26dc5bea909d97dade0.json,11.626907999925606
02958343/14330011009dacfed49701eac14326ae,oracle,3,"[0, 36, 17]",0.03498534222548017,0.08537037974928048,0.1357554172730808,0.4901102219537974,0.01961576354679803,0.05352793162393162,1.9803323859907254,1.0,0.0905,0.2627,0.3246,0.011,0.0298,camera_pose_sim3,2.5251514565145774,0.1938746264585901,10000,10000,True,False,True,/content/cv3d-project/data/cache/reconstruction/predictions/02958343/14330011009dacfed49701eac14326ae/0b1c72395b6fe68d3aa08c63.npz,aeb54bca1b6136a985653d273c2a66b5601c7090e8bcb9a2a011bef7bd5076e0,/content/cv3d-project/data/cache/reconstruction/metrics/02958343/14330011009dacfed49701eac14326ae/209f7626b4966e1eb350dc6b.json,11.414509000132966
02958343/14330011009dacfed49701eac14326ae,oracle,5,"[0, 36, 17, 15, 26]",0.019300489958326006,0.060716839769603945,0.10213318958088188,0.6973229987624568,0.07324821080026027,0.16066561436930196,1.9803323859907254,1.0,0.2649,0.6431,0.5353,0.0425,0.0918,camera_pose_sim3,2.433088674702032,0.19537749182195177,10000,10000,True,False,True,/content/cv3d-project/data/cache/reconstruction/predictions/02958343/14330011009dacfed49701eac14326ae/b1940f1aed9915b31106167f.npz,da2e6d2176b51fb1dcd37805cbbf814e4ac124be4090d0f1600295f99314292d,/content/cv3d-project/data/cache/reconstruction/metrics/02958343/14330011009dacfed49701eac14326ae/e25d4b06fd822014a85196fe.json,11.509872000260657
02958343/14330011009dacfed49701eac14326ae,oracle,10,"[0, 36, 17, 15, 26, 45, 20, 18, 44, 8]",0.020196409222166534,0.047544286294350216,0.0748921633665339,0.8387621204203681,0.09667550229115261,0.20446130246827499,1.9803323859907254,1.0,0.2219,0.5936,0.7223,0.0618,0.1235,camera_pose_sim3,2.488452027592244,0.10632504918213052,10000,10000,True,False,True,/content/cv3d-project/data/cache/reconstruction/predictions/02958343/14330011009dacfed49701eac14326ae/b36d8e29ec9cdc7d61277400.npz,305d563982ac2ddc3186428c3a5088f4bd7e7747af9be83a1431cf5ed2ea0f54,/content/cv3d-project/data/cache/reconstruction/metrics/02958343/14330011009dacfed49701eac14326ae/cc84c22535e936b5fc8e2927.json,11.980090999713866
02958343/147889b73fa491d82e877e82c90c24d,oracle,1,[0],4.531326974841449,4.7401589769262085,4.948990979010968,0.0,0.0,0.0,1.9861516891604656,0.0,0.0,0.0,0.0,0.0,0.0,camera_rotation_center_and_target_diameter_scale_single_view,12.736458648505579,0.0,10000,10000,True,True,True,/content/cv3d-project/data/cache/reconstruction/predictions/02958343/147889b73fa491d82e877e82c90c24d/625bb86b297b48f9a94c86b0.npz,624695d56337926cbe8d2e5662eedc289e9e85b59565ed6355ad550969f2e409,/content/cv3d-project/data/cache/reconstruction/metrics/02958343/147889b73fa491d82e877e82c90c24d/212c76f83e3e37867f5c6661.json,3.855723000015132
02958343/147889b73fa491d82e877e82c90c24d,oracle,2,"[0, 17]",2.0989351994691514,2.2804537935740776,2.461972387679004,0.0,0.0,0.0,1.9861516891604656,0.0,0.0,0.0,0.0,0.0,0.0,camera_pose_sim3_positive_scale_fallback,2.689355482304035,2.4193292633357457e-16,10000,10000,True,False,True,/content/cv3d-project/data/cache/reconstruction/predictions/02958343/147889b73fa491d82e877e82c90c24d/ffc42bea3ad0e729f58a41e0.npz,aa84418a1ab47dfa460b1c9c09f0ebad3c4ee3967cc243c09d5fb51ebea07c04,/content/cv3d-project/data/cache/reconstruction/metrics/02958343/147889b73fa491d82e877e82c90c24d/2fdfb944f5fe32c24658c244.json,11.804229999597737
02958343/147889b73fa491d82e877e82c90c24d,oracle,3,"[0, 17, 37]",0.4183916294687899,0.4749104332611941,0.5314292370535982,0.0,0.0,0.0,1.9861516891604656,0.0,0.0,0.0,0.0,0.0,0.0,camera_pose_sim3,1.9448400975660314,0.583989506900764,10000,10000,True,False,True,/content/cv3d-project/data/cache/reconstruction/predictions/02958343/147889b73fa491d82e877e82c90c24d/d5e7efdb1f6a490953d15f11.npz,ab51227b67af9af12e00f9715a0ffe79d9ee75f05cc48aedcf8540736e31e345,/content/cv3d-project/data/cache/reconstruction/metrics/02958343/147889b73fa491d82e877e82c90c24d/a1fe1a23171888694b185660.json,11.564636000002793
02958343/147889b73fa491d82e877e82c90c24d,oracle,5,"[0, 17, 37, 26, 25]",0.17422631570967773,0.24405571681145316,0.3138851179132286,0.02520313971742543,0.0,0.0,1.9861516891604656,0.0464,0.0,0.0,0.0173,0.0,0.0,camera_pose_sim3,1.8645992695213298,0.49879001645608534,10000,10000,True,False,True,/content/cv3d-project/data/cache/reconstruction/predictions/02958343/147889b73fa491d82e877e82c90c24d/39e64724e105c954e80ea9fb.npz,264c3673362c5ef66914896bc5c49f020bfcf62036888f45e90fc5fda005bb1c,/content/cv3d-project/data/cache/reconstruction/metrics/02958343/147889b73fa491d82e877e82c90c24d/7ae2320ffe7fdf3b39e19d6e.json,11.78875000005064
02958343/147889b73fa491d82e877e82c90c24d,oracle,10,"[0, 17, 37, 26, 25, 39, 10, 35, 41, 9]",0.03383482399959417,0.07503396943180651,0.11623311486401885,0.6001699124956248,0.07607020872865276,0.12920875912408758,1.9861516891604656,0.9997,0.161,0.3161,0.4288,0.0498,0.0812,camera_pose_sim3,2.3102414118617243,0.3207115629976175,10000,10000,True,False,True,/content/cv3d-project/data/cache/reconstruction/predictions/02958343/147889b73fa491d82e877e82c90c24d/66c34792e0b9d0087de66cff.npz,310a0b1e0a47964af48696899bf3a663945b570ad159e62732409d0e90f4cf8f,/content/cv3d-project/data/cache/reconstruction/metrics/02958343/147889b73fa491d82e877e82c90c24d/655ae668335f19c603b80d69.json,12.228076000155852
02958343/148ba646cf954b9249352dd33f95cb9e,oracle,1,[0],3.103911997010579,3.316629057551254,3.5293461180919286,0.0,0.0,0.0,1.984868823674925,0.0,0.0,0.0,0.0,0.0,0.0,camera_rotation_center_and_target_diameter_scale_single_view,10.050987745634568,0.0,9118,10000,True,True,True,/content/cv3d-project/data/cache/reconstruction/predictions/02958343/148ba646cf954b9249352dd33f95cb9e/998c41111a9005065554ecbd.npz,391ce09185b3b2995c3e880c42622f0ce33511d28bafdca8b58047fada709fce,/content/cv3d-project/data/cache/reconstruction/metrics/02958343/148ba646cf954b9249352dd33f95cb9e/9607abf4badd88f95a2b2a04.json,3.69421000004877
02958343/148ba646cf954b9249352dd33f95cb9e,oracle,2,"[0, 26]",0.1673344480368457,0.23802962799537686,0.308724807953908,0.011477031802120142,0.0,0.0,1.984868823674925,0.0203,0.0,0.0,0.008,0.0,0.0,camera_pose_sim3,3.0302725401874113,0.0839491516702774,10000,10000,True,False,True,/content/cv3d-project/data/cache/reconstruction/predictions/02958343/148ba646cf954b9249352dd33f95cb9e/d32c4d3cba082e9669099bd9.npz,45c7f58ede797f2d91fb585c7157cc7338fa52fe372b6e2d5271d6b120a70184,/content/cv3d-project/data/cache/reconstruction/metrics/02958343/148ba646cf954b9249352dd33f95cb9e/26cf6f44a7d9ce96b70e86ae.json,11.546330000328453
02958343/148ba646cf954b9249352dd33f95cb9e,oracle,3,"[0, 26, 31]",0.01475298751465188,0.06962528751960867,0.12449758752456545,0.5855728429985856,0.06643397349202057,0.17271564315825455,1.984868823674925,1.0,0.3328,0.7806,0.414,0.0369,0.0971,camera_pose_sim3,2.484275074407915,0.15820382489573784,10000,10000,True,False,True,/content/cv3d-project/data/cache/reconstruction/predictions/02958343/148ba646cf954b9249352dd33f95cb9e/50e64a9b40ee7a813e1d4fd6.npz,ff49c6aa6d7ab7d1c8142341afd75b4b611e245a2d7d84cfcf8d07d3947ced6b,/content/cv3d-project/data/cache/reconstruction/metrics/02958343/148ba646cf954b9249352dd33f95cb9e/e06cc87528408c2ef300c4ab.json,12.134182999943732
02958343/148ba646cf954b9249352dd33f95cb9e,oracle,5,"[0, 26, 31, 44, 9]",0.014728337037906818,0.05257547015668064,0.09042260327545446,0.810868660443546,0.09371705526770294,0.1999480836630865,1.984868823674925,1.0,0.4103,0.7696,0.6819,0.0529,0.1149,camera_pose_sim3,2.5422500762209794,0.1257898574765629,10000,10000,True,False,True,/content/cv3d-project/data/cache/reconstruction/predictions/02958343/148ba646cf954b9249352dd33f95cb9e/d3b0820c61e0e375c607a749.npz,3978b577b3fdfb9ce47dc747d031bd37037b983130f487876c3f446b1e8885e3,/content/cv3d-project/data/cache/reconstruction/metrics/02958343/148ba646cf954b9249352dd33f95cb9e/0ee03b7ac95790a1f3e8f49b.json,12.137100000018108
02958343/148ba646cf954b9249352dd33f95cb9e,oracle,10,"[0, 26, 31, 44, 9, 21, 10, 33, 15, 11]",0.01578428546000446,0.041239662018980265,0.06669503857795607,0.8736201847262898,0.14403833785759032,0.27358127316328756,1.984868823674925,1.0,0.3906,0.7501,0.7756,0.0883,0.1673,camera_pose_sim3,2.524681421613703,0.11160351864588515,10000,10000,True,False,True,/content/cv3d-project/data/cache/reconstruction/predictions/02958343/148ba646cf954b9249352dd33f95cb9e/390d21675b19c64aa0f42e2a.npz,479933d3c8d653b1aea634b11833e978f2bc429b7c20c118b260aa8689722f5a,/content/cv3d-project/data/cache/reconstruction/metrics/02958343/148ba646cf954b9249352dd33f95cb9e/66e4a686cb2792cc0df9b2b6.json,12.077350999788905
02958343/14ace3e8d05f8d21a413908c0e169330,oracle,1,[0],3.081058344399789,3.2992538677119994,3.51744939102421,0.0,0.0,0.0,1.997058811101981,0.0,0.0,0.0,0.0,0.0,0.0,camera_rotation_center_and_target_diameter_scale_single_view,9.944369846328094,0.0,10000,10000,True,True,True,/content/cv3d-project/data/cache/reconstruction/predictions/02958343/14ace3e8d05f8d21a413908c0e169330/2f196cee78b361f655f03e06.npz,ee9889ccdcd5ee296b56b170b8fc016165d4af96537c8a7b7786325a59ff708e,/content/cv3d-project/data/cache/reconstruction/metrics/02958343/14ace3e8d05f8d21a413908c0e169330/5edd2afbee9a39c8ce7e2bb4.json,3.832900999896083
02958343/14ace3e8d05f8d21a413908c0e169330,oracle,2,"[0, 18]",0.3612815267743843,0.4607376629773692,0.5601937991803541,0.0,0.0,0.0,1.997058811101981,0.0,0.0,0.0,0.0,0.0,0.0,camera_pose_sim3,1.644975425842955,0.6782963061734357,10000,10000,True,False,True,/content/cv3d-project/data/cache/reconstruction/predictions/02958343/14ace3e8d05f8d21a413908c0e169330/6fc43e79b41e3bdd78c688cf.npz,80f87c8804f3cb01211df177b7e62550ef7e17e62aa97fcde18e330d265ec8e9,/content/cv3d-project/data/cache/reconstruction/metrics/02958343/14ace3e8d05f8d21a413908c0e169330/83202543d67680cf9a4c7ba8.json,11.642390000361047
02958343/14ace3e8d05f8d21a413908c0e169330,oracle,3,"[0, 18, 24]",0.5495535044815313,0.6472462218958408,0.7449389393101504,0.0,0.0,0.0,1.997058811101981,0.0,0.0,0.0,0.0,0.0,0.0,camera_pose_sim3,0.7805923746092058,1.0521000167041772,10000,10000,True,False,True,/content/cv3d-project/data/cache/reconstruction/predictions/02958343/14ace3e8d05f8d21a413908c0e169330/b07e89d527e692a4a42d8692.npz,ff9540897749462edc2776137be9fb216d7e1d9e06ebc531f2c3cb9220fb5486,/content/cv3d-project/data/cache/reconstruction/metrics/02958343/14ace3e8d05f8d21a413908c0e169330/355435854132fcc68b26a275.json,11.90589199995884
02958343/14ace3e8d05f8d21a413908c0e169330,oracle,5,"[0, 18, 24, 27, 41]",0.27396198044302095,0.40886856924841186,0.5437751580538028,0.0,0.0,0.0,1.997058811101981,0.0,0.0,0.0,0.0,0.0,0.0,camera_pose_sim3,1.2386842160164055,1.0777987911137592,10000,10000,True,False,True,/content/cv3d-project/data/cache/reconstruction/predictions/02958343/14ace3e8d05f8d21a413908c0e169330/434d49a9c8e663a5d0757560.npz,2a4e0d4a627ea71ce397eb77bdc72c09292d9684e4d4a28b00b18090dbde4465,/content/cv3d-project/data/cache/reconstruction/metrics/02958343/14ace3e8d05f8d21a413908c0e169330/195cd0f9e2c62fd113fe2b0e.json,11.864662999869324
02958343/14ace3e8d05f8d21a413908c0e169330,oracle,10,"[0, 18, 24, 27, 41, 3, 31, 8, 42, 11]",0.14303348904852767,0.21936547251887512,0.29569745598922254,0.03539876965140123,0.0,0.0,1.997058811101981,0.1257,0.0,0.0,0.0206,0.0,0.0,camera_pose_sim3,1.811057786948451,0.8508739505902453,10000,10000,True,False,True,/content/cv3d-project/data/cache/reconstruction/predictions/02958343/14ace3e8d05f8d21a413908c0e169330/b607bdda026cd3d40a3c93ae.npz,ef9877a61290763badeab0dc495dbf3e379a8ef882776304778110f67141223c,/content/cv3d-project/data/cache/reconstruction/metrics/02958343/14ace3e8d05f8d21a413908c0e169330/93bae64e2af20b9c3b0b4025.json,12.249307999809389
02958343/14d47aa57151ae4baa93570ec0c0afff,oracle,1,[0],2.1683140903370197,2.3732745235618973,2.5782349567867753,0.0,0.0,0.0,1.9819049221087288,0.0,0.0,0.0,0.0,0.0,0.0,camera_rotation_center_and_target_diameter_scale_single_view,8.192016303231913,0.0,10000,10000,True,True,True,/content/cv3d-project/data/cache/reconstruction/predictions/02958343/14d47aa57151ae4baa93570ec0c0afff/48bfad7794bb621e1b260dbb.npz,ad9f935892503f3797e4d72709269a412ed4c3b13c1dc7d4e0d767b6b7f7ad7f,/content/cv3d-project/data/cache/reconstruction/metrics/02958343/14d47aa57151ae4baa93570ec0c0afff/3060070e4d10c50b134b5b71.json,3.8010219996067462
02958343/14d47aa57151ae4baa93570ec0c0afff,oracle,2,"[0, 35]",0.3224955144684777,0.38697933053352607,0.4514631465985744,0.0,0.0,0.0,1.9819049221087288,0.0,0.0,0.0,0.0,0.0,0.0,camera_pose_sim3,1.9743753083710145,0.8778393869372978,10000,10000,True,False,True,/content/cv3d-project/data/cache/reconstruction/predictions/02958343/14d47aa57151ae4baa93570ec0c0afff/e5ff85cebf6cb5ee31e9dbdc.npz,84bd692d1f1bdb61da98202d590d639b5dc92c37a40dbf123efe22d5ac4bd530,/content/cv3d-project/data/cache/reconstruction/metrics/02958343/14d47aa57151ae4baa93570ec0c0afff/e9fa2724f3245f212fee4376.json,11.912959000255796
02958343/14d47aa57151ae4baa93570ec0c0afff,oracle,3,"[0, 35, 31]",0.2051903822546566,0.27448708324097987,0.34378378422730316,0.0,0.0,0.0,1.9819049221087288,0.0,0.0,0.0,0.0,0.0,0.0,camera_pose_sim3,2.586399085450904,0.1282690888607406,10000,10000,True,False,True,/content/cv3d-project/data/cache/reconstruction/predictions/02958343/14d47aa57151ae4baa93570ec0c0afff/9cbc3b727450b59d7f43a560.npz,a1032adc19a9733539998ff570ea703683109929a69b6a0112aab981e2b8ef86,/content/cv3d-project/data/cache/reconstruction/metrics/02958343/14d47aa57151ae4baa93570ec0c0afff/c71e87bec491fcfe68a1af0f.json,12.101591999908123
02958343/14d47aa57151ae4baa93570ec0c0afff,oracle,5,"[0, 35, 31, 25, 19]",0.042128201314007775,0.09219921346049796,0.14227022560698815,0.38109114456856075,0.023019836639439906,0.05591648780487805,1.9819049221087288,1.0,0.072,0.1716,0.2354,0.0137,0.0334,camera_pose_sim3,2.497980209463548,0.14694430512559084,10000,10000,True,False,True,/content/cv3d-project/data/cache/reconstruction/predictions/02958343/14d47aa57151ae4baa93570ec0c0afff/753716fac3bc32fe5353add9.npz,821d2e6b748faf7748df87bed2058ffb281e47245ad4875d32c5223aee6e3bcd,/content/cv3d-project/data/cache/reconstruction/metrics/02958343/14d47aa57151ae4baa93570ec0c0afff/7c6841244e55fd2cdbd2b9ea.json,11.86566100022901
02958343/14d47aa57151ae4baa93570ec0c0afff,oracle,10,"[0, 35, 31, 25, 19, 20, 9, 18, 42, 27]",0.05134803788778087,0.07225415948624259,0.09316028108470431,0.7607658467067352,0.015105343511450384,0.04225862068965518,1.9819049221087288,1.0,0.0291,0.0817,0.6139,0.0102,0.0285,camera_pose_sim3,2.4951022023071916,0.13895655263666795,10000,10000,True,False,True,/content/cv3d-project/data/cache/reconstruction/predictions/02958343/14d47aa57151ae4baa93570ec0c0afff/4f0e84f62c896e9057342d3f.npz,fde1c5cbe9541eb74449f4734a8a95a14c4ccfeffc82143cf102fa6edc8edad4,/content/cv3d-project/data/cache/reconstruction/metrics/02958343/14d47aa57151ae4baa93570ec0c0afff/c7b9c978e36af0955b369fc9.json,12.010432999886689
02958343/151bebc457224c2733d7c9e122eec9b6,oracle,1,[0],3.271985517092046,3.496456507088467,3.720927497084888,0.0,0.0,0.0,1.9944576263108618,0.0,0.0,0.0,0.0,0.0,0.0,camera_rotation_center_and_target_diameter_scale_single_view,10.219365706003309,0.0,10000,10000,True,True,True,/content/cv3d-project/data/cache/reconstruction/predictions/02958343/151bebc457224c2733d7c9e122eec9b6/968c90e09acaec7047bce2f5.npz,105f7797bf41ef81cc97735a04c4f9d1786c409ad55fbd78b4ebe9ce9bd69d7f,/content/cv3d-project/data/cache/reconstruction/metrics/02958343/151bebc457224c2733d7c9e122eec9b6/18dd8655a109d309fa5d50c4.json,3.8153870000314782
02958343/151bebc457224c2733d7c9e122eec9b6,oracle,2,"[0, 35]",0.7694175467684486,0.8228771306323615,0.8763367144962741,0.0,0.0,0.0,1.9944576263108618,0.0,0.0,0.0,0.0,0.0,0.0,camera_pose_sim3,3.659327314906862,0.32439081502007416,10000,10000,True,False,True,/content/cv3d-project/data/cache/reconstruction/predictions/02958343/151bebc457224c2733d7c9e122eec9b6/29e61501b21eecea9f2351d0.npz,568c4cc994a8129a6cecc36a2cf598c5f569ee8a387c5a5c8972d275886bd9f3,/content/cv3d-project/data/cache/reconstruction/metrics/02958343/151bebc457224c2733d7c9e122eec9b6/6f8bbdee04b70b3485604781.json,11.384403000192833
02958343/151bebc457224c2733d7c9e122eec9b6,oracle,3,"[0, 35, 31]",0.13270712948233612,0.20175770854029845,0.27080828759826076,0.09433647925033468,0.0,0.0008555555555555556,1.9944576263108618,0.2401,0.0,0.0011,0.0587,0.0,0.0007,camera_pose_sim3,2.56861152035683,0.21976354387705863,10000,10000,True,False,True,/content/cv3d-project/data/cache/reconstruction/predictions/02958343/151bebc457224c2733d7c9e122eec9b6/7fdaf324ae00d83e1dc7ba99.npz,dfa64d206f087dba565f4ceecd185d2e350a38b04fadd15f8eba9496d9a7bd49,/content/cv3d-project/data/cache/reconstruction/metrics/02958343/151bebc457224c2733d7c9e122eec9b6/d93854933f6e524c94b33eab.json,11.595600999953604
02958343/151bebc457224c2733d7c9e122eec9b6,oracle,5,"[0, 35, 31, 9, 10]",0.07419775643768121,0.1425318579497003,0.21086595946171938,0.21777327935222673,0.001142857142857143,0.017143682310469314,1.9944576263108618,0.66,0.002,0.0448,0.1304,0.0008,0.0106,camera_pose_sim3,2.5560487703104955,0.2055463780734601,10000,10000,True,False,True,/content/cv3d-project/data/cache/reconstruction/predictions/02958343/151bebc457224c2733d7c9e122eec9b6/2fbce8703729fa57bb42560e.npz,f8ffd22e5f6b7bfe6b9818bc455fdc497ee504c2e75335ebf55c921086dafa0c,/content/cv3d-project/data/cache/reconstruction/metrics/02958343/151bebc457224c2733d7c9e122eec9b6/00a4cd5136be836ecdeba6ac.json,11.584992999814858
02958343/151bebc457224c2733d7c9e122eec9b6,oracle,10,"[0, 35, 31, 9, 10, 47, 24, 11, 25, 18]",0.03977666891952692,0.09331227497535666,0.1468478810311864,0.39496266215454034,0.042131694468832304,0.08466089941640921,1.9944576263108618,0.9947,0.086,0.2399,0.2464,0.0279,0.0514,camera_pose_sim3,2.549658353531587,0.2661393645834016,10000,10000,True,False,True,/content/cv3d-project/data/cache/reconstruction/predictions/02958343/151bebc457224c2733d7c9e122eec9b6/eb8f6753f117eaceea01b0c4.npz,4739b9bb51db4e67fcadc1bc6697b5e5bf69e73bf4593c427f894334cbf33c24,/content/cv3d-project/data/cache/reconstruction/metrics/02958343/151bebc457224c2733d7c9e122eec9b6/644bb842291477f140dbab88.json,14.942828000130248
02958343/1552f1a6521bb54a4bb135bcd06914d,oracle,1,[0],3.4877711562745164,3.699114914936791,3.9104586735990656,0.0,0.0,0.0,1.9753531594396132,0.0,0.0,0.0,0.0,0.0,0.0,camera_rotation_center_and_target_diameter_scale_single_view,10.534826185513811,0.0,10000,10000,True,True,True,/content/cv3d-project/data/cache/reconstruction/predictions/02958343/1552f1a6521bb54a4bb135bcd06914d/bc63b3ab4c949313c0031d0d.npz,7748be8f4cbee1d73b92aad75c983fe9e43a4a8fcac117549adbeb15d3c8768b,/content/cv3d-project/data/cache/reconstruction/metrics/02958343/1552f1a6521bb54a4bb135bcd06914d/f3794b3a18771875a1450612.json,3.935234999971726
02958343/1552f1a6521bb54a4bb135bcd06914d,oracle,2,"[0, 31]",0.556284928439121,0.665804195666652,0.775323462894183,0.0,0.0,0.0,1.9753531594396132,0.0,0.0,0.0,0.0,0.0,0.0,camera_pose_sim3,2.4390702279548906,0.2210047171447074,10000,10000,True,False,True,/content/cv3d-project/data/cache/reconstruction/predictions/02958343/1552f1a6521bb54a4bb135bcd06914d/2be26952596c2faeaa02d805.npz,db324cf4ab52a49c3e1e11cb9b64cbc51f26c82c98d78ce635733567e6579798,/content/cv3d-project/data/cache/reconstruction/metrics/02958343/1552f1a6521bb54a4bb135bcd06914d/1e9ce95032fdc9c5c8e00efb.json,11.589999000079843
02958343/1552f1a6521bb54a4bb135bcd06914d,oracle,3,"[0, 31, 26]",0.9322498535686924,0.9950665642510439,1.0578832749333955,0.0,0.0,0.0,1.9753531594396132,0.0,0.0,0.0,0.0,0.0,0.0,camera_pose_sim3,2.0964602494100477,0.9256714758426706,10000,10000,True,False,True,/content/cv3d-project/data/cache/reconstruction/predictions/02958343/1552f1a6521bb54a4bb135bcd06914d/ecde50c31dd4e2562f4ba277.npz,227673f84acbb9d6b3ffdb4e3731a3efdd6d508ecce99b444cecf7d645f202f5,/content/cv3d-project/data/cache/reconstruction/metrics/02958343/1552f1a6521bb54a4bb135bcd06914d/04ccba1b22a688006a2de2fd.json,11.643610000191984
02958343/1552f1a6521bb54a4bb135bcd06914d,oracle,5,"[0, 31, 26, 17, 44]",1.414545239494012,1.5159412576951132,1.6173372758962146,0.0,0.0,0.0,1.9753531594396132,0.0,0.0,0.0,0.0,0.0,0.0,camera_pose_sim3,2.0756196314776107,1.2250069415181344,10000,10000,True,False,True,/content/cv3d-project/data/cache/reconstruction/predictions/02958343/1552f1a6521bb54a4bb135bcd06914d/ed544f483bac0cc97e0ed8c5.npz,e7da81c15672229f7a611c4c39d6ff841a224e4db0eeba7e06d1cfb8005153e8,/content/cv3d-project/data/cache/reconstruction/metrics/02958343/1552f1a6521bb54a4bb135bcd06914d/3b941040039db7a87046dae4.json,11.73672599998099
02958343/1552f1a6521bb54a4bb135bcd06914d,oracle,10,"[0, 31, 26, 17, 44, 25, 2, 19, 13, 3]",0.5205974531573999,0.5865424710579108,0.6524874889584216,0.0,0.0,0.0,1.9753531594396132,0.0,0.0,0.0,0.0,0.0,0.0,camera_pose_sim3,2.131790427812683,0.7672538347816431,10000,10000,True,False,True,/content/cv3d-project/data/cache/reconstruction/predictions/02958343/1552f1a6521bb54a4bb135bcd06914d/25eed913dc18897e36c5d1c8.npz,ead64e1173a81106baeeb346e6386b15333aef3b9ac0f03988ef5b841ae3d64a,/content/cv3d-project/data/cache/reconstruction/metrics/02958343/1552f1a6521bb54a4bb135bcd06914d/3c2dfed23b11372556ba2d36.json,12.369431000024633
02958343/1569406dfc3b7ecba9fe1734a6086750,oracle,1,[0],2.8269870496437455,3.020715396824941,3.2144437440061364,0.0,0.0,0.0,1.987014841530551,0.0,0.0,0.0,0.0,0.0,0.0,camera_rotation_center_and_target_diameter_scale_single_view,9.356311717486204,0.0,10000,10000,True,True,True,/content/cv3d-project/data/cache/reconstruction/predictions/02958343/1569406dfc3b7ecba9fe1734a6086750/ca5f3d2ad56a1a6e5661c40a.npz,ebc2a28315235c642d965db5143de7d44b74c258e5d69892c1dfbb3007425756,/content/cv3d-project/data/cache/reconstruction/metrics/02958343/1569406dfc3b7ecba9fe1734a6086750/64c300ffeb6a8d55ab72dbd1.json,3.823362000275665
02958343/1569406dfc3b7ecba9fe1734a6086750,oracle,2,"[0, 35]",1.1982620702316358,1.3109057282299226,1.4235493862282091,0.0,0.0,0.0,1.987014841530551,0.0,0.0,0.0,0.0,0.0,0.0,camera_pose_sim3,2.8066641748201926,0.12296817634648761,10000,10000,True,False,True,/content/cv3d-project/data/cache/reconstruction/predictions/02958343/1569406dfc3b7ecba9fe1734a6086750/9f5b8973342ae2bdd2186a7c.npz,68c4550774f2dfa7785891e07c4bb13f0465e5a63caa1260d63d94d3e1bf1766,/content/cv3d-project/data/cache/reconstruction/metrics/02958343/1569406dfc3b7ecba9fe1734a6086750/34a7e372f14d0d54b2ebbc5e.json,12.10446499999307
02958343/1569406dfc3b7ecba9fe1734a6086750,oracle,3,"[0, 35, 31]",0.3259742275745686,0.4495324284159663,0.573090629257364,0.0,0.0,0.0,1.987014841530551,0.0,0.0,0.0,0.0,0.0,0.0,camera_pose_sim3,1.848916935274268,1.044495919799737,10000,10000,True,False,True,/content/cv3d-project/data/cache/reconstruction/predictions/02958343/1569406dfc3b7ecba9fe1734a6086750/2ef1b20100b35b7e8dfb035c.npz,84751685be18766d073129fb00dcab2db05e65e23271e0a002034a8da6c5b38a,/content/cv3d-project/data/cache/reconstruction/metrics/02958343/1569406dfc3b7ecba9fe1734a6086750/f3016d82a5664ea88c6ff937.json,12.27320400039389
02958343/1569406dfc3b7ecba9fe1734a6086750,oracle,5,"[0, 35, 31, 37, 33]",0.45879641188449566,0.5664254578834945,0.6740545038824934,0.0,0.0,0.0,1.987014841530551,0.0,0.0,0.0,0.0,0.0,0.0,camera_pose_sim3,0.5362439657445939,1.3485045938027793,10000,10000,True,False,True,/content/cv3d-project/data/cache/reconstruction/predictions/02958343/1569406dfc3b7ecba9fe1734a6086750/95edb7fbbbef3d658112e5e2.npz,92093e97c730775dd11e4914878ca2d42469556dca6abe48673e50e7afd962c3,/content/cv3d-project/data/cache/reconstruction/metrics/02958343/1569406dfc3b7ecba9fe1734a6086750/fb6859548f6c8c58b6c27695.json,12.012936999781232
02958343/1569406dfc3b7ecba9fe1734a6086750,oracle,10,"[0, 35, 31, 37, 33, 5, 11, 6, 13, 45]",0.02708620721051422,0.06163576593190167,0.09618532465328912,0.7282207808724406,0.06860085836909872,0.14818891955835964,1.987014841530551,1.0,0.1665,0.4171,0.5726,0.0432,0.0901,camera_pose_sim3,2.5838840573004687,0.18817749079925583,10000,10000,True,False,True,/content/cv3d-project/data/cache/reconstruction/predictions/02958343/1569406dfc3b7ecba9fe1734a6086750/cc03ff4b4431d3ebe056f019.npz,2a2956340fd8fb40bf773ae2e2122290e2f55aae563165ea13dfb38602a5869b,/content/cv3d-project/data/cache/reconstruction/metrics/02958343/1569406dfc3b7ecba9fe1734a6086750/1a511c2d39609b9c3f757123.json,12.796336000064912
02958343/156d4748560997c9a848f24544821b25,oracle,1,[0],3.4418887723458944,3.6519978866385356,3.8621070009311773,0.0,0.0,0.0,1.9815741445013244,0.0,0.0,0.0,0.0,0.0,0.0,camera_rotation_center_and_target_diameter_scale_single_view,10.48237082088364,0.0,10000,10000,True,True,True,/content/cv3d-project/data/cache/reconstruction/predictions/02958343/156d4748560997c9a848f24544821b25/d174442315cffb6ec5bc8e6a.npz,f75311ff7c1610fa89815039563e20fa023c55f0107265605b1ab4ab6866e9e3,/content/cv3d-project/data/cache/reconstruction/metrics/02958343/156d4748560997c9a848f24544821b25/6a0018a75abb0dc1e32c7064.json,3.834340000139491
02958343/156d4748560997c9a848f24544821b25,oracle,2,"[0, 17]",0.15620043734036637,0.3000267486644499,0.44385305998853336,0.0,0.0,0.0,1.9815741445013244,0.0,0.0,0.0,0.0,0.0,0.0,camera_pose_sim3,0.818960760885425,0.9775373585118475,10000,10000,True,False,True,/content/cv3d-project/data/cache/reconstruction/predictions/02958343/156d4748560997c9a848f24544821b25/d8b38e881715b757262f68ea.npz,5bb3c93d40384239e0d7602873c0e9979fef36cb2a86813c3b019a34623304ba,/content/cv3d-project/data/cache/reconstruction/metrics/02958343/156d4748560997c9a848f24544821b25/62c3e8c03c647493509155e0.json,11.41588700011198
02958343/156d4748560997c9a848f24544821b25,oracle,3,"[0, 17, 36]",0.41484360378879737,0.4520336906618461,0.4892237775348949,0.0,0.0,0.0,1.9815741445013244,0.0,0.0,0.0,0.0,0.0,0.0,camera_pose_sim3,2.7564750423899667,0.41240387562797665,10000,10000,True,False,True,/content/cv3d-project/data/cache/reconstruction/predictions/02958343/156d4748560997c9a848f24544821b25/3de82059bf5ff7cdd9187083.npz,43bb8671a48ca36b6371452500a8604c31aaf3e4e9ce23dd17c5e8e749043951,/content/cv3d-project/data/cache/reconstruction/metrics/02958343/156d4748560997c9a848f24544821b25/0fbf3ab4c5fda3db4db73c2b.json,11.808198999915476
02958343/156d4748560997c9a848f24544821b25,oracle,5,"[0, 17, 36, 42, 31]",0.13745704961519314,0.25680159020426496,0.37614613079333675,0.0,0.0,0.0,1.9815741445013244,0.0,0.0,0.0,0.0,0.0,0.0,camera_pose_sim3,0.27770785864976977,1.3707526126254177,10000,10000,True,False,True,/content/cv3d-project/data/cache/reconstruction/predictions/02958343/156d4748560997c9a848f24544821b25/4c8d7e3e76b083a9564f786f.npz,beef69799a86dd84ebd0d739c7910511828b3acac0847b21324e6a13f6b890fa,/content/cv3d-project/data/cache/reconstruction/metrics/02958343/156d4748560997c9a848f24544821b25/af0bdc0d03107ae3a6a6970a.json,12.34909200002221
02958343/156d4748560997c9a848f24544821b25,oracle,10,"[0, 17, 36, 42, 31, 19, 10, 34, 2, 24]",0.02368847620829668,0.05278867550501454,0.0818888748017324,0.8056849396870895,0.10425797306874558,0.2281194282201045,1.9815741445013244,1.0,0.2132,0.5031,0.6746,0.069,0.1475,camera_pose_sim3,2.4948465271657914,0.2112258027227102,10000,10000,True,False,True,/content/cv3d-project/data/cache/reconstruction/predictions/02958343/156d4748560997c9a848f24544821b25/071ae5c412ef5c0599795fd2.npz,3e2511ef743ecb92c551b3103c6e37a6f49ba1dc781851a049eae93a265188f9,/content/cv3d-project/data/cache/reconstruction/metrics/02958343/156d4748560997c9a848f24544821b25/f7720a5d7f9b63c0517d9a88.json,12.793400000191468
02958343/15c3b923c85d22796d8b9531f93cc8de,oracle,1,[0],4.629977548891751,4.84054363624018,5.051109723588609,0.0,0.0,0.0,1.986779151600413,0.0,0.0,0.0,0.0,0.0,0.0,camera_rotation_center_and_target_diameter_scale_single_view,12.917400993349636,0.0,9914,10000,True,True,True,/content/cv3d-project/data/cache/reconstruction/predictions/02958343/15c3b923c85d22796d8b9531f93cc8de/78369041957ae0a04af4afd4.npz,c20d39784ee8ce08e93537bcbb5d6419be9c96bae9874d4af73e16a15750176b,/content/cv3d-project/data/cache/reconstruction/metrics/02958343/15c3b923c85d22796d8b9531f93cc8de/4d982d139eea87340f35fa8e.json,3.7683069999729923
02958343/15c3b923c85d22796d8b9531f93cc8de,oracle,2,"[0, 35]",1.5529545348263298,1.6489475805225204,1.7449406262187113,0.0,0.0,0.0,1.986779151600413,0.0,0.0,0.0,0.0,0.0,0.0,camera_pose_sim3_positive_scale_fallback,3.4073091536781255,3.764423215975687e-16,10000,10000,True,False,True,/content/cv3d-project/data/cache/reconstruction/predictions/02958343/15c3b923c85d22796d8b9531f93cc8de/234fa133c84c8b8222ac815f.npz,079c00324c2a0fac72d30cf5499671246aeafa73573bc6d8a4929729f53519be,/content/cv3d-project/data/cache/reconstruction/metrics/02958343/15c3b923c85d22796d8b9531f93cc8de/96fec330722e7514ed553454.json,11.870536000060383
02958343/15c3b923c85d22796d8b9531f93cc8de,oracle,3,"[0, 35, 31]",0.04006895515465871,0.1019010772265363,0.16373319929841387,0.3551278888066453,0.017514403292181072,0.042603352636391346,1.986779151600413,1.0,0.112,0.3052,0.2159,0.0095,0.0229,camera_pose_sim3,2.2994137530787553,0.219103726682855,10000,10000,True,False,True,/content/cv3d-project/data/cache/reconstruction/predictions/02958343/15c3b923c85d22796d8b9531f93cc8de/c6457dba2b16bce5b5be73c2.npz,628dcdebf5625f682944671d0fa55ca67484234a8ec4e5946b1779b9c56b6bdb,/content/cv3d-project/data/cache/reconstruction/metrics/02958343/15c3b923c85d22796d8b9531f93cc8de/c11e312aec7e54d54b9ae11a.json,11.48228600004586
02958343/15c3b923c85d22796d8b9531f93cc8de,oracle,5,"[0, 35, 31, 25, 20]",0.02139648222784579,0.06044084992264503,0.09948521761744426,0.7007925165648954,0.06675313971742543,0.1825220817406645,1.986779151600413,1.0,0.2153,0.5716,0.5394,0.0395,0.1086,camera_pose_sim3,2.3918712525317596,0.15782728659175177,10000,10000,True,False,True,/content/cv3d-project/data/cache/reconstruction/predictions/02958343/15c3b923c85d22796d8b9531f93cc8de/3796eeb345b612c06fffbe8e.npz,91ee2d1abf91c99504a65e8e2a8141ec3db20b82930bdcce8b1f2329926f4007,/content/cv3d-project/data/cache/reconstruction/metrics/02958343/15c3b923c85d22796d8b9531f93cc8de/d133891cc8a30d0e17d495ba.json,11.997763999715971
02958343/15c3b923c85d22796d8b9531f93cc8de,oracle,10,"[0, 35, 31, 25, 20, 34, 2, 37, 9, 32]",0.024157969827574146,0.050324129951448894,0.07649029007532364,0.8683942514427974,0.07938183383555747,0.19368983672109297,1.986779151600413,1.0,0.1815,0.4788,0.7674,0.0508,0.1214,camera_pose_sim3,2.3343263066687205,0.10946181355186635,10000,10000,True,False,True,/content/cv3d-project/data/cache/reconstruction/predictions/02958343/15c3b923c85d22796d8b9531f93cc8de/4835242f2ece81b19c8671d8.npz,98f353faaf8f9b8c27e63e4d97717c7e88e4d0ad994257f681bf71ceb2f1c4e8,/content/cv3d-project/data/cache/reconstruction/metrics/02958343/15c3b923c85d22796d8b9531f93cc8de/0d9ecc68d4c23d85dc5339b1.json,12.438218000170309
02958343/15c785a7505992c3a9be8fd09fb14f4f,oracle,1,[0],4.674691073327928,4.88113289522094,5.087574717113953,0.0,0.0,0.0,1.9922442826571285,0.0,0.0,0.0,0.0,0.0,0.0,camera_rotation_center_and_target_diameter_scale_single_view,13.04300458373835,0.0,9114,10000,True,True,True,/content/cv3d-project/data/cache/reconstruction/predictions/02958343/15c785a7505992c3a9be8fd09fb14f4f/69b40721de7a8daf1b434b64.npz,5bd8669d9a099464a451baef36039e395685dc87a5be0c6acc430058a6e8b389,/content/cv3d-project/data/cache/reconstruction/metrics/02958343/15c785a7505992c3a9be8fd09fb14f4f/71eb383d20576f6abd3ba1d5.json,3.7134819999664614
02958343/15c785a7505992c3a9be8fd09fb14f4f,oracle,2,"[0, 35]",1.360875015430622,1.4386524712257707,1.5164299270209192,0.0,0.0,0.0,1.9922442826571285,0.0,0.0,0.0,0.0,0.0,0.0,camera_pose_sim3,1.915669996571873,0.8728721625525239,10000,10000,True,False,True,/content/cv3d-project/data/cache/reconstruction/predictions/02958343/15c785a7505992c3a9be8fd09fb14f4f/65f2ac86eab8f279d895bea2.npz,34f4604307a7a928074cd3499846e76c47a5e5a2ed929e258b6aef17f7bad700,/content/cv3d-project/data/cache/reconstruction/metrics/02958343/15c785a7505992c3a9be8fd09fb14f4f/cd2e96ff9ad65c61ee0b6cfb.json,12.152261000210274
02958343/15c785a7505992c3a9be8fd09fb14f4f,oracle,3,"[0, 35, 31]",0.711920877646199,0.7983660659087646,0.88481125417133,0.0,0.0,0.0,1.9922442826571285,0.0,0.0,0.0,0.0,0.0,0.0,camera_pose_sim3,1.1667574889566095,1.2773852280727451,10000,10000,True,False,True,/content/cv3d-project/data/cache/reconstruction/predictions/02958343/15c785a7505992c3a9be8fd09fb14f4f/8e9f3db811926e4e7eec9c8a.npz,98e4c16604a4a396649847b24a0a07273077af1810008e5f614b2fe292d281da,/content/cv3d-project/data/cache/reconstruction/metrics/02958343/15c785a7505992c3a9be8fd09fb14f4f/6829c01943fdde2c077384f5.json,11.749433999739267
02958343/15c785a7505992c3a9be8fd09fb14f4f,oracle,5,"[0, 35, 31, 17, 28]",1.3561481568223022,1.3840836901462166,1.4120192234701312,0.0,0.0,0.0,1.9922442826571285,0.0,0.0,0.0,0.0,0.0,0.0,camera_pose_sim3,2.5843573664744706,0.762035245641839,10000,10000,True,False,True,/content/cv3d-project/data/cache/reconstruction/predictions/02958343/15c785a7505992c3a9be8fd09fb14f4f/e815fd5a0af1d67873212b98.npz,bc9781945acbd2097a345f10f756e7b2a4e05c7c48884d994823c8ce58c333ce,/content/cv3d-project/data/cache/reconstruction/metrics/02958343/15c785a7505992c3a9be8fd09fb14f4f/6a387007dee362f38009aa82.json,11.664980000205105
02958343/15c785a7505992c3a9be8fd09fb14f4f,oracle,10,"[0, 35, 31, 17, 28, 40, 26, 12, 25, 1]",0.02992988248789711,0.10247822925679453,0.17502657602569197,0.5141155677928263,0.08207439573945105,0.1704850338818974,1.9922442826571285,0.9975,0.1919,0.4088,0.3463,0.0522,0.1077,camera_pose_sim3,2.4903905306001897,0.5925116309615666,10000,10000,True,False,True,/content/cv3d-project/data/cache/reconstruction/predictions/02958343/15c785a7505992c3a9be8fd09fb14f4f/7b8566a46534bc81a182b78c.npz,71b6c9faa337b937ba56412c5ff4403c93e3224fd9b11b1776dc901e4439143d,/content/cv3d-project/data/cache/reconstruction/metrics/02958343/15c785a7505992c3a9be8fd09fb14f4f/a17f9aa2bfc175398129cef4.json,12.22930499989161
02958343/15cc37ac9b3b756acfd826dd468a5497,oracle,1,[0],2.8291917654317342,3.0378352865241522,3.24647880761657,0.0,0.0,0.0,1.9974623771497941,0.0,0.0,0.0,0.0,0.0,0.0,camera_rotation_center_and_target_diameter_scale_single_view,9.365613167023325,0.0,10000,10000,True,True,True,/content/cv3d-project/data/cache/reconstruction/predictions/02958343/15cc37ac9b3b756acfd826dd468a5497/2122ea091b70c9f98cb3fd3e.npz,f7095d294ed3b3f7eb65c4fdb5be94ca44992cbf5bf6c1bb187b30535244cce4,/content/cv3d-project/data/cache/reconstruction/metrics/02958343/15cc37ac9b3b756acfd826dd468a5497/3e199bca550dcc7fb51c327a.json,5.200016000344476
02958343/15cc37ac9b3b756acfd826dd468a5497,oracle,2,"[0, 35]",0.8692110778943037,0.9421864712014101,1.0151618645085163,0.0,0.0,0.0,1.9974623771497941,0.0,0.0,0.0,0.0,0.0,0.0,camera_pose_sim3,2.6990561499132055,0.8138074420023923,10000,10000,True,False,True,/content/cv3d-project/data/cache/reconstruction/predictions/02958343/15cc37ac9b3b756acfd826dd468a5497/9ac334be4145507984985dce.npz,8c90c17b27fae600e09a259f45ff8201b91d18957112b7e8bc5e7a19af454451,/content/cv3d-project/data/cache/reconstruction/metrics/02958343/15cc37ac9b3b756acfd826dd468a5497/d73e083aae3785908b263c4f.json,12.244285999713611
02958343/15cc37ac9b3b756acfd826dd468a5497,oracle,3,"[0, 35, 31]",0.7575625376211277,0.8452763260251496,0.9329901144291715,0.0,0.0,0.0,1.9974623771497941,0.0,0.0,0.0,0.0,0.0,0.0,camera_pose_sim3,1.1184047435825093,1.2982161259697202,10000,10000,True,False,True,/content/cv3d-project/data/cache/reconstruction/predictions/02958343/15cc37ac9b3b756acfd826dd468a5497/9713124ce184aa17f5124f8c.npz,b2450169f9f9a2c4d93644454063e3e4850059b20d4fc75e01717c3003c39689,/content/cv3d-project/data/cache/reconstruction/metrics/02958343/15cc37ac9b3b756acfd826dd468a5497/e1092494aa47853f832d87f3.json,12.13742900017678
02958343/15cc37ac9b3b756acfd826dd468a5497,oracle,5,"[0, 35, 31, 17, 20]",0.05348851481749488,0.08181493234969159,0.11014134988188828,0.661495573165733,0.013624937655860349,0.058423111111111106,1.9974623771497941,0.9589,0.0314,0.1671,0.5049,0.0087,0.0354,camera_pose_sim3,2.5217570523513997,0.11325032946297496,10000,10000,True,False,True,/content/cv3d-project/data/cache/reconstruction/predictions/02958343/15cc37ac9b3b756acfd826dd468a5497/aebaceeae638f53223a35697.npz,786e140a2fd367e7ef0a9179199bd81c597ed166d2835aa43193ccb77cdc72af,/content/cv3d-project/data/cache/reconstruction/metrics/02958343/15cc37ac9b3b756acfd826dd468a5497/a36aeba0d6247766987d8cd0.json,11.891324000316672
02958343/15cc37ac9b3b756acfd826dd468a5497,oracle,10,"[0, 35, 31, 17, 20, 42, 16, 25, 19, 8]",0.04725727641414674,0.07197928880147948,0.09670130118881222,0.7308635628303929,0.010618548387096775,0.037317692307692316,1.9974623771497941,0.9913,0.0171,0.0471,0.5788,0.0077,0.0309,camera_pose_sim3,2.506002351128837,0.12474914463156717,10000,10000,True,False,True,/content/cv3d-project/data/cache/reconstruction/predictions/02958343/15cc37ac9b3b756acfd826dd468a5497/7f50732f29f123ffccd59366.npz,9f5e6d2fc2089cbe6f97f230fb16f62a5318d2da8496c1b9d499c2687c49ea3f,/content/cv3d-project/data/cache/reconstruction/metrics/02958343/15cc37ac9b3b756acfd826dd468a5497/2166c59238dfa48b72fd77b8.json,12.020913000014843
02958343/15d6cd7877c6601d9ed410a010efa019,oracle,1,[0],4.34257319056341,4.549707163941237,4.756841137319065,0.0,0.0,0.0,1.9889480943194815,0.0,0.0,0.0,0.0,0.0,0.0,camera_rotation_center_and_target_diameter_scale_single_view,12.295084558533134,0.0,10000,10000,True,True,True,/content/cv3d-project/data/cache/reconstruction/predictions/02958343/15d6cd7877c6601d9ed410a010efa019/bf6bf607b6c08be715d308fd.npz,09e1a83e39b8a4b01045a5173a5afef63e37943ba2421d5f610016fb80d513e1,/content/cv3d-project/data/cache/reconstruction/metrics/02958343/15d6cd7877c6601d9ed410a010efa019/9ff2fe0ebb8beefcfc037f09.json,3.7975830000505084
02958343/15d6cd7877c6601d9ed410a010efa019,oracle,2,"[0, 33]",0.05299465072762743,0.1673137819434812,0.281632913159335,0.08602707474985284,0.0029132947976878614,0.00776659372720642,1.9889480943194815,0.9744,0.0504,0.1331,0.045,0.0015,0.004,camera_pose_sim3,1.377142891210979,1.1645626341947857,10000,10000,True,False,True,/content/cv3d-project/data/cache/reconstruction/predictions/02958343/15d6cd7877c6601d9ed410a010efa019/3f56c9639b0fe7ec51ef9f8a.npz,b94fcbd394388de23d2ba83199cb9aa9c61217f1d2d3e2b76652175f060859cf,/content/cv3d-project/data/cache/reconstruction/metrics/02958343/15d6cd7877c6601d9ed410a010efa019/973e2b5050c547cbc7344815.json,11.59250399996381
02958343/15d6cd7877c6601d9ed410a010efa019,oracle,3,"[0, 33, 44]",0.6158204542763129,0.6658883139556722,0.7159561736350314,0.0,0.0,0.0,1.9889480943194815,0.0,0.0,0.0,0.0,0.0,0.0,camera_pose_sim3,2.94248056945986,0.8169250474868488,10000,10000,True,False,True,/content/cv3d-project/data/cache/reconstruction/predictions/02958343/15d6cd7877c6601d9ed410a010efa019/b70132f4eaf8b09feb33f34d.npz,2377466b3a223a57b2e7d93f607b0eaa0370364a85ab4627572e8b88601b7065,/content/cv3d-project/data/cache/reconstruction/metrics/02958343/15d6cd7877c6601d9ed410a010efa019/54d7de1701219922c163018c.json,11.277861000053235
02958343/15d6cd7877c6601d9ed410a010efa019,oracle,5,"[0, 33, 44, 19, 15]",0.05597502442350859,0.09642202307740602,0.13686902173130344,0.4689682962962964,0.02725554259043174,0.0639231837112448,1.9889480943194815,0.8976,0.0687,0.1771,0.3174,0.017,0.039,camera_pose_sim3,2.5411612374350603,0.28479683455328625,10000,10000,True,False,True,/content/cv3d-project/data/cache/reconstruction/predictions/02958343/15d6cd7877c6601d9ed410a010efa019/275166a4189613aa2a353748.npz,ab7ba9aeecda406b62d450d794a8d211f0710a7498564faf795c960d1c8a0f5f,/content/cv3d-project/data/cache/reconstruction/metrics/02958343/15d6cd7877c6601d9ed410a010efa019/6889d6610fa7d96446b461af.json,11.417769999752636
02958343/15d6cd7877c6601d9ed410a010efa019,oracle,10,"[0, 33, 44, 19, 15, 2, 18, 24, 35, 4]",0.04254185391774025,0.11463355092554298,0.1867252479333457,0.29197685330542467,0.03356075607560756,0.06147781844802343,1.9889480943194815,0.9749,0.0905,0.2379,0.1717,0.0206,0.0353,camera_pose_sim3,2.735084005563356,0.2540130471304038,10000,10000,True,False,True,/content/cv3d-project/data/cache/reconstruction/predictions/02958343/15d6cd7877c6601d9ed410a010efa019/cb6fcba0e714b23b5eea6e53.npz,abc9d35177abb2107d849d634fff8e46d82c2e57248358b139594698c18616e3,/content/cv3d-project/data/cache/reconstruction/metrics/02958343/15d6cd7877c6601d9ed410a010efa019/5ba8e914f9888569e1d702cc.json,12.554741999792896
02958343/15e52e44cdcc80ed13ded1857c15b5b6,oracle,1,[0],13.041960242827928,13.233033769911705,13.424107296995482,0.0,0.0,0.0,0.5116315604689127,0.0,0.0,0.0,0.0,0.0,0.0,camera_rotation_center_and_target_diameter_scale_single_view,9.760212749267884,0.0,956,10000,True,True,True,/content/cv3d-project/data/cache/reconstruction/predictions/02958343/15e52e44cdcc80ed13ded1857c15b5b6/9c512bcdad537cf4c5855629.npz,43857f5bc914ad35541aa3280bee27bba354e836ce80575a11e679a2f3838e4e,/content/cv3d-project/data/cache/reconstruction/metrics/02958343/15e52e44cdcc80ed13ded1857c15b5b6/edbd8ac476ae1a46b1cb2d08.json,2.7408330001890135
02958343/15e52e44cdcc80ed13ded1857c15b5b6,oracle,2,"[0, 26]",2.574040455148685,2.753179925231463,2.9323193953142406,0.0,0.0,0.0,0.5116315604689127,0.0,0.0,0.0,0.0,0.0,0.0,camera_pose_sim3,0.23285068079157342,4.044496692573441,3833,10000,True,False,True,/content/cv3d-project/data/cache/reconstruction/predictions/02958343/15e52e44cdcc80ed13ded1857c15b5b6/c70787048a7c8587720035c9.npz,3df11f178b0fe86ab13782e9f2cf38569ee6449c76fb966a8ce960893676b62f,/content/cv3d-project/data/cache/reconstruction/metrics/02958343/15e52e44cdcc80ed13ded1857c15b5b6/05dd4c09ffb50e9217974d5c.json,9.172301000035077
02958343/15e52e44cdcc80ed13ded1857c15b5b6,oracle,3,"[0, 26, 22]",1.8212926946247239,1.8975637015563587,1.9738347084879937,0.0,0.0,0.0,0.5116315604689127,0.0,0.0,0.0,0.0,0.0,0.0,camera_pose_sim3,1.864854464710551,3.3018691396885416,6580,10000,True,False,True,/content/cv3d-project/data/cache/reconstruction/predictions/02958343/15e52e44cdcc80ed13ded1857c15b5b6/7b2a143657b7d679aead9151.npz,442e9aab501b0931861266b054cbdf3f966a6ac6ab8413294b8009f3ddc2f40d,/content/cv3d-project/data/cache/reconstruction/metrics/02958343/15e52e44cdcc80ed13ded1857c15b5b6/0258ff9cca461fbb7816b48b.json,9.681144000296626
02958343/15e52e44cdcc80ed13ded1857c15b5b6,oracle,5,"[0, 26, 22, 29, 17]",1.5373404487333373,1.5794448163075099,1.6215491838816825,0.0,0.0,0.0,0.5116315604689127,0.0,0.0,0.0,0.0,0.0,0.0,camera_pose_sim3,2.288455642442308,2.6583517861109676,10000,10000,True,False,True,/content/cv3d-project/data/cache/reconstruction/predictions/02958343/15e52e44cdcc80ed13ded1857c15b5b6/2b13f8fb509b2529383552c3.npz,e377da25f99a432df8177ff4818b2bc79237e2fd0da1722d20e070b794f9995d,/content/cv3d-project/data/cache/reconstruction/metrics/02958343/15e52e44cdcc80ed13ded1857c15b5b6/15ed704a7966abca85ecbfa2.json,11.28501099992718
02958343/15e52e44cdcc80ed13ded1857c15b5b6,oracle,10,"[0, 26, 22, 29, 17, 39, 35, 14, 25, 11]",1.8084523906922747,1.8649036292791776,1.9213548678660806,0.0,0.0,0.0,0.5116315604689127,0.0,0.0,0.0,0.0,0.0,0.0,camera_pose_sim3,1.730616150751105,3.8219640473143706,10000,10000,True,False,True,/content/cv3d-project/data/cache/reconstruction/predictions/02958343/15e52e44cdcc80ed13ded1857c15b5b6/dba6e032f28adf51c5657b44.npz,8cc0d9a7a83ea99304ba584ad9312f4b298c88c8bcd2d5212a0cc6e9e7d0d33a,/content/cv3d-project/data/cache/reconstruction/metrics/02958343/15e52e44cdcc80ed13ded1857c15b5b6/09e7150df1a0215ed0234e1f.json,11.63500299981024
02958343/15fcfe91d44c0e15e5c9256f048d92d2,oracle,1,[0],3.879147052149765,4.094096004223584,4.309044956297403,0.0,0.0,0.0,1.9819274630897554,0.0,0.0,0.0,0.0,0.0,0.0,camera_rotation_center_and_target_diameter_scale_single_view,11.387370498551839,0.0,10000,10000,True,True,True,/content/cv3d-project/data/cache/reconstruction/predictions/02958343/15fcfe91d44c0e15e5c9256f048d92d2/dffffe6c8db150e168dc0656.npz,1ef3c58165d0229b1a880a9e03aeebcb2349d78e6312f91c7fd922076cf8d4f4,/content/cv3d-project/data/cache/reconstruction/metrics/02958343/15fcfe91d44c0e15e5c9256f048d92d2/120547d543ed5a48c97899fc.json,3.8146949996189505
02958343/15fcfe91d44c0e15e5c9256f048d92d2,oracle,2,"[0, 33]",1.961981482376043,1.9952669927651274,2.028552503154212,0.0,0.0,0.0,1.9819274630897554,0.0,0.0,0.0,0.0,0.0,0.0,camera_pose_sim3,3.4476710843561538,0.6830064265903133,10000,10000,True,False,True,/content/cv3d-project/data/cache/reconstruction/predictions/02958343/15fcfe91d44c0e15e5c9256f048d92d2/f30d8fcd4a0532c371db7c17.npz,f00320565421ef596df8924d8ebf3dc7b41745f12671c1d12fb09d36617bf46b,/content/cv3d-project/data/cache/reconstruction/metrics/02958343/15fcfe91d44c0e15e5c9256f048d92d2/b5d570199a7e6595f4f204e7.json,11.096994999661547
02958343/15fcfe91d44c0e15e5c9256f048d92d2,oracle,3,"[0, 33, 29]",0.6525184532495601,0.6880124837662691,0.7235065142829782,0.0,0.0,0.0,1.9819274630897554,0.0,0.0,0.0,0.0,0.0,0.0,camera_pose_sim3,2.4554557647490145,0.5171377895836484,10000,10000,True,False,True,/content/cv3d-project/data/cache/reconstruction/predictions/02958343/15fcfe91d44c0e15e5c9256f048d92d2/e294ae8f33965720ff8cff63.npz,d9bf21da730641b78f0dff84ab20be27b154f22387040b12fdc7be0ad8c866d4,/content/cv3d-project/data/cache/reconstruction/metrics/02958343/15fcfe91d44c0e15e5c9256f048d92d2/b047aa47acd4f01ea905ad0a.json,11.582245999761653
02958343/15fcfe91d44c0e15e5c9256f048d92d2,oracle,5,"[0, 33, 29, 22, 26]",0.01864441828246102,0.07290809930937286,0.1271717803362847,0.5756000284879994,0.07628487036429274,0.14085558772437753,1.9819274630897554,1.0,0.26,0.6112,0.4041,0.0447,0.0796,camera_pose_sim3,2.4459152879592962,0.1983143000673262,10000,10000,True,False,True,/content/cv3d-project/data/cache/reconstruction/predictions/02958343/15fcfe91d44c0e15e5c9256f048d92d2/dc749de55b07f7e4fcd87f97.npz,4df3a93b5e0423476eb30f59a6c6286a69f12edc9c2179db9d5a778c945f8106,/content/cv3d-project/data/cache/reconstruction/metrics/02958343/15fcfe91d44c0e15e5c9256f048d92d2/fd400d282f56f3a28b374157.json,12.060131999987789
02958343/15fcfe91d44c0e15e5c9256f048d92d2,oracle,10,"[0, 33, 29, 22, 26, 13, 8, 21, 36, 14]",0.025811930500842677,0.05030829763342497,0.07480466476600725,0.8367358808817542,0.09085799701046338,0.24217216556688664,1.9819274630897554,1.0,0.2096,0.5078,0.7193,0.058,0.159,camera_pose_sim3,2.4177791098893566,0.07942008662171847,10000,10000,True,False,True,/content/cv3d-project/data/cache/reconstruction/predictions/02958343/15fcfe91d44c0e15e5c9256f048d92d2/71d00e89e2fe0cf2e7cba751.npz,2da4f712ff1ba3c11432ae326189ba9f79da734ded6b0cd37a3908b8f78ffa46,/content/cv3d-project/data/cache/reconstruction/metrics/02958343/15fcfe91d44c0e15e5c9256f048d92d2/f016ac83d239c157de947da5.json,12.67179100022986
02958343/164c8597d8eae2f6f21c3b61f0b564c4,oracle,1,[0],3.2890951083295943,3.502557965033255,3.7160208217369157,0.0,0.0,0.0,1.9764921629014318,0.0,0.0,0.0,0.0,0.0,0.0,camera_rotation_center_and_target_diameter_scale_single_view,10.313197631668277,0.0,8322,10000,True,True,True,/content/cv3d-project/data/cache/reconstruction/predictions/02958343/164c8597d8eae2f6f21c3b61f0b564c4/49061275e4fd7820bec5b00b.npz,9b12b09d0f527a26e8ae6711688b608a8aae82f01772314aea3461532fa95dcb,/content/cv3d-project/data/cache/reconstruction/metrics/02958343/164c8597d8eae2f6f21c3b61f0b564c4/812605cd28ac7bdb687e3ed8.json,3.577763000066625
02958343/164c8597d8eae2f6f21c3b61f0b564c4,oracle,2,"[0, 37]",0.03235648257329674,0.09653567831950727,0.1607148740657178,0.4923865520880446,0.01784527282549973,0.04208207594936709,1.9764921629014318,1.0,0.1757,0.3727,0.3266,0.0094,0.0223,camera_pose_sim3,2.21470902155293,0.12496902587584649,10000,10000,True,False,True,/content/cv3d-project/data/cache/reconstruction/predictions/02958343/164c8597d8eae2f6f21c3b61f0b564c4/50c1a69adaa42c9f797d4cac.npz,4e853b3a32e73e1e543dd042b78e7550b9e85ff49ca0e5fe424d3b8b8ffca225,/content/cv3d-project/data/cache/reconstruction/metrics/02958343/164c8597d8eae2f6f21c3b61f0b564c4/9cc4dff4c3871f3999d5919f.json,11.429785000018455
02958343/164c8597d8eae2f6f21c3b61f0b564c4,oracle,3,"[0, 37, 17]",0.018053687836640995,0.07761105788487808,0.13716842793311518,0.663190963170911,0.06937164299115518,0.15892400332225912,1.9764921629014318,1.0,0.3344,0.6315,0.4961,0.0387,0.0909,camera_pose_sim3,2.285834532861794,0.2842547632036971,10000,10000,True,False,True,/content/cv3d-project/data/cache/reconstruction/predictions/02958343/164c8597d8eae2f6f21c3b61f0b564c4/95d789a3031d641bc2ecedb6.npz,86faa7defe6047a6305ae14d78a527ba9b59d502aa125929eb1d132bc2de4db0,/content/cv3d-project/data/cache/reconstruction/metrics/02958343/164c8597d8eae2f6f21c3b61f0b564c4/d8a76789771edf3ce5db09a9.json,11.372953000318375
02958343/164c8597d8eae2f6f21c3b61f0b564c4,oracle,5,"[0, 37, 17, 35, 6]",0.060281753875623977,0.1094520620889328,0.1586223703022416,0.585603754241571,0.009888837209302326,0.03337987307343608,1.9764921629014318,0.9647,0.0373,0.0898,0.4204,0.0057,0.0205,camera_pose_sim3,2.2257374834886523,0.28305953220641683,10000,10000,True,False,True,/content/cv3d-project/data/cache/reconstruction/predictions/02958343/164c8597d8eae2f6f21c3b61f0b564c4/7b791ad980c555e40239f392.npz,9bff17d0dfa4f87c30e2d76a4fd44a15aaad7d4e29083032f1e1b88edcaecd19,/content/cv3d-project/data/cache/reconstruction/metrics/02958343/164c8597d8eae2f6f21c3b61f0b564c4/d06f019d2764b76bc1dbd48b.json,11.495336000280076
02958343/164c8597d8eae2f6f21c3b61f0b564c4,oracle,10,"[0, 37, 17, 35, 6, 39, 14, 12, 42, 23]",0.01449682536170624,0.037769370630129306,0.061041915898552374,0.870694522868436,0.22898066555740434,0.4092499614494989,1.9764921629014318,1.0,0.4471,0.7572,0.771,0.1539,0.2804,camera_pose_sim3,2.3527913166686782,0.11261950918660597,10000,10000,True,False,True,/content/cv3d-project/data/cache/reconstruction/predictions/02958343/164c8597d8eae2f6f21c3b61f0b564c4/d55c5f6e52e05c7948817d27.npz,c3a211d4d74ce7aa51fd732d24be2133da7adca6746d7f09ca7b17e1535fa97b,/content/cv3d-project/data/cache/reconstruction/metrics/02958343/164c8597d8eae2f6f21c3b61f0b564c4/be5a17e8a0d405ea1359578b.json,12.187848000394297
02958343/1660d6b7221223708a49a62fbc70ff9a,oracle,1,[0],3.526572052176735,3.7316054634565528,3.9366388747363703,0.0,0.0,0.0,1.9642117443688598,0.0,0.0,0.0,0.0,0.0,0.0,camera_rotation_center_and_target_diameter_scale_single_view,10.596054726889587,0.0,10000,10000,True,True,True,/content/cv3d-project/data/cache/reconstruction/predictions/02958343/1660d6b7221223708a49a62fbc70ff9a/37afcdcfc3c62f8a24558f97.npz,d5ffd14d5b73e5e4f7526976cf9a52ae5be1c1f5a3b6bd065d9ce8be0e1f0dd6,/content/cv3d-project/data/cache/reconstruction/metrics/02958343/1660d6b7221223708a49a62fbc70ff9a/6ea252617b4ec18017b14d63.json,4.095751000022574
02958343/1660d6b7221223708a49a62fbc70ff9a,oracle,2,"[0, 35]",0.20685385770315837,0.3585032109376003,0.5101525641720422,0.0,0.0,0.0,1.9642117443688598,0.0,0.0,0.0,0.0,0.0,0.0,camera_pose_sim3,0.4350366044206888,1.1132298830484313,10000,10000,True,False,True,/content/cv3d-project/data/cache/reconstruction/predictions/02958343/1660d6b7221223708a49a62fbc70ff9a/3e456597482a168e11297fd9.npz,fdfdde520c4c8e832d08a5c935c2f7b6a6f10168749a08ff0bb4dd2dbca62379,/content/cv3d-project/data/cache/reconstruction/metrics/02958343/1660d6b7221223708a49a62fbc70ff9a/f74d8ae6522e12f7444d500c.json,11.934351000036258
02958343/1660d6b7221223708a49a62fbc70ff9a,oracle,3,"[0, 35, 39]",0.9580219546183805,1.0039460847369204,1.0498702148554604,0.0,0.0,0.0,1.9642117443688598,0.0,0.0,0.0,0.0,0.0,0.0,camera_pose_sim3,2.7687455945724353,0.6910123769548819,10000,10000,True,False,True,/content/cv3d-project/data/cache/reconstruction/predictions/02958343/1660d6b7221223708a49a62fbc70ff9a/a6ad3e5be0312dc367518d4b.npz,6bf288f39db03443dd741c13907c5e92198aab9418016936d5bff6a1c761ce10,/content/cv3d-project/data/cache/reconstruction/metrics/02958343/1660d6b7221223708a49a62fbc70ff9a/347c76c9dbe18182d286893c.json,11.39832800026852
02958343/1660d6b7221223708a49a62fbc70ff9a,oracle,5,"[0, 35, 39, 17, 13]",0.12037810838196934,0.19337071266578426,0.2663633169495992,0.09046779098700579,0.0019218390804597706,0.0058842639593908634,1.9642117443688598,0.3087,0.0076,0.0161,0.053,0.0011,0.0036,camera_pose_sim3,2.354462212466271,0.38208573037771204,10000,10000,True,False,True,/content/cv3d-project/data/cache/reconstruction/predictions/02958343/1660d6b7221223708a49a62fbc70ff9a/ee1a37ee5f82932ac658cca8.npz,a73c3c3a3a2039fdfac147487c2591d0853cd8340dc941aec83ba04385de3db9,/content/cv3d-project/data/cache/reconstruction/metrics/02958343/1660d6b7221223708a49a62fbc70ff9a/8d9f53cce81f48774147eadc.json,11.676780000016151
02958343/1660d6b7221223708a49a62fbc70ff9a,oracle,10,"[0, 35, 39, 17, 13, 25, 18, 44, 24, 11]",0.07005575712771565,0.13393848985912618,0.19782122259053672,0.23418199721964783,0.027289191820837392,0.04342913847541723,1.9642117443688598,0.7235,0.0865,0.1973,0.1397,0.0162,0.0244,camera_pose_sim3,2.423255686766508,0.43790840957193033,10000,10000,True,False,True,/content/cv3d-project/data/cache/reconstruction/predictions/02958343/1660d6b7221223708a49a62fbc70ff9a/8290b3cc353acbea9db944ec.npz,48f99b7013acfd599e6c7691578ea4d402b0fbfb88903ed6069a07daf92b0655,/content/cv3d-project/data/cache/reconstruction/metrics/02958343/1660d6b7221223708a49a62fbc70ff9a/96c4d23c0acdc824435b7fd9.json,12.005809000129375
02958343/167df2c10c116eb5d61b6a34f3fd808c,oracle,1,[0],2.9419970784328133,3.150600733115434,3.359204387798054,0.0,0.0,0.0,1.9859885404570485,0.0,0.0,0.0,0.0,0.0,0.0,camera_rotation_center_and_target_diameter_scale_single_view,9.678295041637632,0.0,9590,10000,True,True,True,/content/cv3d-project/data/cache/reconstruction/predictions/02958343/167df2c10c116eb5d61b6a34f3fd808c/2925b61a671f20de487fba0b.npz,f8129549500273390c6555a3fe234d590a59efe024ac8ef52438c63385f07467,/content/cv3d-project/data/cache/reconstruction/metrics/02958343/167df2c10c116eb5d61b6a34f3fd808c/341ce53dcdec937b19c1ca55.json,3.6622339998757525
02958343/167df2c10c116eb5d61b6a34f3fd808c,oracle,2,"[0, 26]",0.024496095331184624,0.09254066442154689,0.16058523351190915,0.2946793997271487,0.03335746849021185,0.053771976206212824,1.9859885404570485,1.0,0.3554,0.577,0.1728,0.0175,0.0282,camera_pose_sim3,2.5763904285077506,0.0994939997091144,10000,10000,True,False,True,/content/cv3d-project/data/cache/reconstruction/predictions/02958343/167df2c10c116eb5d61b6a34f3fd808c/528171d439e5bcde5355620a.npz,9da41ce26d1b5627eef4af7f5eb2fafe06ad771e3b6e196603da250be1caece9,/content/cv3d-project/data/cache/reconstruction/metrics/02958343/167df2c10c116eb5d61b6a34f3fd808c/bff0043437c756efeeeaa23b.json,11.733971000012389
02958343/167df2c10c116eb5d61b6a34f3fd808c,oracle,3,"[0, 26, 31]",0.030476571326951363,0.0800787517830248,0.12968093223909824,0.5259433962264151,0.03383718797758533,0.07286418795620438,1.9859885404570485,1.0,0.1776,0.3983,0.3568,0.0187,0.0401,camera_pose_sim3,2.4113179454271765,0.20724074980080148,10000,10000,True,False,True,/content/cv3d-project/data/cache/reconstruction/predictions/02958343/167df2c10c116eb5d61b6a34f3fd808c/2c22db4080ec5d736531a873.npz,1fef797365bbf838652f286460c462b7599ea83cbbc9c7ff8b90b631d70e492d,/content/cv3d-project/data/cache/reconstruction/metrics/02958343/167df2c10c116eb5d61b6a34f3fd808c/5ac538bc4716e48c74f60da6.json,12.37936899997294
02958343/167df2c10c116eb5d61b6a34f3fd808c,oracle,5,"[0, 26, 31, 17, 35]",0.010156905040601573,0.041378089475533036,0.0725992739104645,0.8440642700265865,0.1750142448426442,0.3594459646425826,1.9859885404570485,1.0,0.5604,0.9492,0.7302,0.1037,0.2217,camera_pose_sim3,2.448723419469618,0.17788781492157368,10000,10000,True,False,True,/content/cv3d-project/data/cache/reconstruction/predictions/02958343/167df2c10c116eb5d61b6a34f3fd808c/9b57277714edb26d36345722.npz,d91176737f7184baa93b21b0e4df88ceb8404aa7a83193fa4183c7eecf975fd8,/content/cv3d-project/data/cache/reconstruction/metrics/02958343/167df2c10c116eb5d61b6a34f3fd808c/59c01c4709af20e6c563ff2d.json,12.057161000029737
02958343/167df2c10c116eb5d61b6a34f3fd808c,oracle,10,"[0, 26, 31, 17, 35, 41, 10, 11, 2, 33]",0.02449889775606902,0.058567390892420454,0.09263588402877189,0.7471811576046105,0.08099327794561932,0.17655437448896158,1.9859885404570485,1.0,0.2149,0.5045,0.5964,0.0499,0.107,camera_pose_sim3,2.6437680345334633,0.12109977116417506,10000,10000,True,False,True,/content/cv3d-project/data/cache/reconstruction/predictions/02958343/167df2c10c116eb5d61b6a34f3fd808c/ff348079292d3619a5c26883.npz,8021ef75cbd235ea1e96dbd4555b11af5ebd7b37a261bbbe61b510ba1ce91f81,/content/cv3d-project/data/cache/reconstruction/metrics/02958343/167df2c10c116eb5d61b6a34f3fd808c/8526ac12dba6444447371c0b.json,12.63387100016189
02958343/1687b77b048d1aaf635b88185c42637a,oracle,1,[0],3.0680626489176808,3.269506163719945,3.4709496785222096,0.0,0.0,0.0,1.9735397397083645,0.0,0.0,0.0,0.0,0.0,0.0,camera_rotation_center_and_target_diameter_scale_single_view,9.811973005324639,0.0,10000,10000,True,True,True,/content/cv3d-project/data/cache/reconstruction/predictions/02958343/1687b77b048d1aaf635b88185c42637a/ca76843e4ba714a15b6431a2.npz,9d7d16ee06b7ef052cb159d864300f673b7de3608855d6f27e7b004d0767650b,/content/cv3d-project/data/cache/reconstruction/metrics/02958343/1687b77b048d1aaf635b88185c42637a/18ec9f057b488d84b0557bba.json,3.739310000128171
02958343/1687b77b048d1aaf635b88185c42637a,oracle,2,"[0, 35]",0.13033434029892924,0.25304850781377747,0.3757626753286257,0.008470344827586206,0.0,0.0,1.9735397397083645,0.0534,0.0,0.0,0.0046,0.0,0.0,camera_pose_sim3,1.020406091838456,1.0512905205173315,10000,10000,True,False,True,/content/cv3d-project/data/cache/reconstruction/predictions/02958343/1687b77b048d1aaf635b88185c42637a/16e23b74caae0638730346d7.npz,f74de303632eb1b2b95782573543cc1849214b203c617091852c8e7376db345b,/content/cv3d-project/data/cache/reconstruction/metrics/02958343/1687b77b048d1aaf635b88185c42637a/410778cc92057d24f195045e.json,11.649053999917669
02958343/1687b77b048d1aaf635b88185c42637a,oracle,3,"[0, 35, 39]",0.203422252515611,0.26916516898609083,0.3349080854565707,0.0037976190476190475,0.0,0.0,1.9735397397083645,0.0055,0.0,0.0,0.0029,0.0,0.0,camera_pose_sim3,2.220193232868184,0.3212249253497437,10000,10000,True,False,True,/content/cv3d-project/data/cache/reconstruction/predictions/02958343/1687b77b048d1aaf635b88185c42637a/18b67df32e93070fcd696648.npz,9bc6258cde9d65cf263cf8b3c60a4c34422b4e22382d82a74bb2fd77e5c3740f,/content/cv3d-project/data/cache/reconstruction/metrics/02958343/1687b77b048d1aaf635b88185c42637a/1faaf26ebd2b624abea06cb4.json,11.973139000019728
02958343/1687b77b048d1aaf635b88185c42637a,oracle,5,"[0, 35, 39, 9, 13]",0.04855274773051478,0.07480575272677369,0.10105875772303259,0.7402368354749307,0.01590394511149228,0.04529069031032299,1.9735397397083645,1.0,0.0488,0.1305,0.5876,0.0095,0.0274,camera_pose_sim3,2.355835471152653,0.09196287881714044,10000,10000,True,False,True,/content/cv3d-project/data/cache/reconstruction/predictions/02958343/1687b77b048d1aaf635b88185c42637a/d66ce72e78661a304bf9941c.npz,f76bfbb386803510e926c25388b25d685311af34ea2bd602936bccf10b6fd68e,/content/cv3d-project/data/cache/reconstruction/metrics/02958343/1687b77b048d1aaf635b88185c42637a/5177dca4f0a1adf3864b9666.json,12.470287999803986
02958343/1687b77b048d1aaf635b88185c42637a,oracle,10,"[0, 35, 39, 9, 13, 18, 25, 19, 34, 10]",0.0362714141860117,0.06190774362739383,0.08754407306877597,0.7908832597787316,0.02834063260340633,0.06123494845360825,1.9735397397083645,1.0,0.064,0.1559,0.6541,0.0182,0.0381,camera_pose_sim3,2.381247857558631,0.10432442056536628,10000,10000,True,False,True,/content/cv3d-project/data/cache/reconstruction/predictions/02958343/1687b77b048d1aaf635b88185c42637a/c846b587956f90747aed768d.npz,0deb60a2ee267909931fec89c40a4686f26070b06a5236052bff7fa8e2111bf2,/content/cv3d-project/data/cache/reconstruction/metrics/02958343/1687b77b048d1aaf635b88185c42637a/6a95e2b99bf0fce0ce29f6c9.json,12.449508999907266
02958343/1688bcda878d3b18afe717997470b28d,oracle,1,[0],2.7020676111321973,2.908962876892315,3.1158581426524323,0.0,0.0,0.0,1.9777233342934681,0.0,0.0,0.0,0.0,0.0,0.0,camera_rotation_center_and_target_diameter_scale_single_view,9.067217742970051,0.0,10000,10000,True,True,True,/content/cv3d-project/data/cache/reconstruction/predictions/02958343/1688bcda878d3b18afe717997470b28d/868ebb0bf3543a494947bb59.npz,6f2cb7464d5c53c08d72d480cd8baeaad00314aefa2126d08b8ba49f37a0d178,/content/cv3d-project/data/cache/reconstruction/metrics/02958343/1688bcda878d3b18afe717997470b28d/a4b05cfc2efea845a3c98498.json,3.8083459999143088
02958343/1688bcda878d3b18afe717997470b28d,oracle,2,"[0, 18]",0.4250541303888017,0.5663117949688011,0.7075694595488006,0.0,0.0,0.0,1.9777233342934681,0.0,0.0,0.0,0.0,0.0,0.0,camera_pose_sim3,0.42066086789252255,0.9516134847586767,10000,10000,True,True,True,/content/cv3d-project/data/cache/reconstruction/predictions/02958343/1688bcda878d3b18afe717997470b28d/788356d8199b22e59437f4c4.npz,7525fe4d2b1070331a578c04d86ded6e0ddb0f14577ad965330e84d69ed4f5b3,/content/cv3d-project/data/cache/reconstruction/metrics/02958343/1688bcda878d3b18afe717997470b28d/e03f0aeae138daff2fbc1258.json,2.3973749998731364
02958343/1688bcda878d3b18afe717997470b28d,oracle,3,"[0, 18, 37]",0.48094353209754276,0.5512027518381782,0.6214619715788137,0.0,0.0,0.0,1.9777233342934681,0.0,0.0,0.0,0.0,0.0,0.0,camera_pose_sim3,2.6493563679794767,0.7479362238440022,10000,10000,True,False,True,/content/cv3d-project/data/cache/reconstruction/predictions/02958343/1688bcda878d3b18afe717997470b28d/d7b7a4fc0ca1e0bd14992d28.npz,193baa63973e6e9f60ed4ec7bca4155a3423f3e705aeb9329b76edd198f01f1e,/content/cv3d-project/data/cache/reconstruction/metrics/02958343/1688bcda878d3b18afe717997470b28d/3f4dfe5cf2350d4790174686.json,11.569503999908193
02958343/1688bcda878d3b18afe717997470b28d,oracle,5,"[0, 18, 37, 33, 19]",0.34537529082612417,0.4222207958331239,0.49906630084012366,0.0,0.0,0.0,1.9777233342934681,0.0,0.0,0.0,0.0,0.0,0.0,camera_pose_sim3,0.42029403655974445,1.2999141007221526,10000,10000,True,False,True,/content/cv3d-project/data/cache/reconstruction/predictions/02958343/1688bcda878d3b18afe717997470b28d/ac9306a2eda80e6fad8791dc.npz,cc7a0390471da7e3bd6c6cdf86b3801f15cf5fee4950f41826c0175693cb9a60,/content/cv3d-project/data/cache/reconstruction/metrics/02958343/1688bcda878d3b18afe717997470b28d/307f195ed3396ff6963c447a.json,11.482086999876628
02958343/1688bcda878d3b18afe717997470b28d,oracle,10,"[0, 18, 37, 33, 19, 15, 9, 34, 25, 3]",0.6107982999287438,0.6462206779585251,0.6816430559883064,0.0,0.0,0.0,1.9777233342934681,0.0,0.0,0.0,0.0,0.0,0.0,camera_pose_sim3,2.695413925757791,0.5908071265941495,10000,10000,True,False,True,/content/cv3d-project/data/cache/reconstruction/predictions/02958343/1688bcda878d3b18afe717997470b28d/bf1463a3ffe0f4643e416b57.npz,0d234e3d069eea7de8ffc5be4f47b6347664a390b9d1b58df7a391df66513504,/content/cv3d-project/data/cache/reconstruction/metrics/02958343/1688bcda878d3b18afe717997470b28d/e21070c1baa1c35324b34573.json,12.159414000052493
02958343/16d6ecc22218e21b36dfef0450f0ee37,oracle,1,[0],3.292351834755938,3.4974249392308394,3.702498043705741,0.0,0.0,0.0,1.97908839619215,0.0,0.0,0.0,0.0,0.0,0.0,camera_rotation_center_and_target_diameter_scale_single_view,10.216840493038463,0.0,10000,10000,True,True,True,/content/cv3d-project/data/cache/reconstruction/predictions/02958343/16d6ecc22218e21b36dfef0450f0ee37/5b973ae24f8ebd1b231a0af5.npz,8dd057aec1ff98dd863f73c823d9dbdd417323844e282aeb0ba6bc12044771d4,/content/cv3d-project/data/cache/reconstruction/metrics/02958343/16d6ecc22218e21b36dfef0450f0ee37/524c70e0466b8ccabae4fef4.json,4.008798000086244
02958343/16d6ecc22218e21b36dfef0450f0ee37,oracle,2,"[0, 35]",2.8048759235395626,2.9615828172996705,3.1182897110597785,0.0,0.0,0.0,1.97908839619215,0.0,0.0,0.0,0.0,0.0,0.0,camera_pose_sim3_positive_scale_fallback,4.052136008230309,3.145666992924382e-16,10000,10000,True,False,True,/content/cv3d-project/data/cache/reconstruction/predictions/02958343/16d6ecc22218e21b36dfef0450f0ee37/93eac96c9fae5cbff8988179.npz,030be3b75a1e1c3b3a287cde8d12e83800ddf50f0e265f31953124350abab4aa,/content/cv3d-project/data/cache/reconstruction/metrics/02958343/16d6ecc22218e21b36dfef0450f0ee37/bb8bd202dfa321d19e68623f.json,12.527335999948264
02958343/16d6ecc22218e21b36dfef0450f0ee37,oracle,3,"[0, 35, 31]",1.1837339230431976,1.2373899828813464,1.291046042719495,0.0,0.0,0.0,1.97908839619215,0.0,0.0,0.0,0.0,0.0,0.0,camera_pose_sim3,2.513744698085858,0.7325631661210957,10000,10000,True,False,True,/content/cv3d-project/data/cache/reconstruction/predictions/02958343/16d6ecc22218e21b36dfef0450f0ee37/1cd2b3dd32372be57e7a61d7.npz,f2658407b0e84e761bc9f3d08b769235317aeef3cf94455d492f6c3627e646d5,/content/cv3d-project/data/cache/reconstruction/metrics/02958343/16d6ecc22218e21b36dfef0450f0ee37/5eeb4eb70d90e44af144df57.json,11.755214999993768
02958343/16d6ecc22218e21b36dfef0450f0ee37,oracle,5,"[0, 35, 31, 17, 29]",0.27478351095789527,0.3267003463958432,0.3786171818337911,0.0,0.0,0.0,1.97908839619215,0.0,0.0,0.0,0.0,0.0,0.0,camera_pose_sim3,2.579022032059094,0.27343758947649655,10000,10000,True,False,True,/content/cv3d-project/data/cache/reconstruction/predictions/02958343/16d6ecc22218e21b36dfef0450f0ee37/a2052c7da86899c6b3ff7b34.npz,7d19aca11e6d712c34ec24e4b9e7bd041f811f51aa4cdac02a837abc65133f4e,/content/cv3d-project/data/cache/reconstruction/metrics/02958343/16d6ecc22218e21b36dfef0450f0ee37/87ff859441cbd3c812cd1f5b.json,11.545755000042845
02958343/16d6ecc22218e21b36dfef0450f0ee37,oracle,10,"[0, 35, 31, 17, 29, 13, 36, 20, 18, 34]",0.028151284659319514,0.06506880515384528,0.10198632564837104,0.6560946109393899,0.0454392523364486,0.1183228686772738,1.97908839619215,1.0,0.1105,0.3499,0.4882,0.0286,0.0712,camera_pose_sim3,2.609830076112555,0.2084626822307537,10000,10000,True,False,True,/content/cv3d-project/data/cache/reconstruction/predictions/02958343/16d6ecc22218e21b36dfef0450f0ee37/33c8545ecd8c9831a37d7cee.npz,fd65b7b865a88541270f614b18e3e4996ad26fd75a67a15252ac22eee3806727,/content/cv3d-project/data/cache/reconstruction/metrics/02958343/16d6ecc22218e21b36dfef0450f0ee37/4058c40322a69b9dec935984.json,11.772850999932416
02958343/1714b6e57c8c4983fb1aad5dae793ff4,oracle,1,[0],3.9743119902260697,4.176050573930812,4.377789157635554,0.0,0.0,0.0,1.978884553668337,0.0,0.0,0.0,0.0,0.0,0.0,camera_rotation_center_and_target_diameter_scale_single_view,11.558720766706864,0.0,10000,10000,True,True,True,/content/cv3d-project/data/cache/reconstruction/predictions/02958343/1714b6e57c8c4983fb1aad5dae793ff4/766033bfe24f7090ddb1d98d.npz,682590b4e5f7dc09c94e7cbfab20b36a64dbec56a4a22a9c4009516ddabaa795,/content/cv3d-project/data/cache/reconstruction/metrics/02958343/1714b6e57c8c4983fb1aad5dae793ff4/7d8b1fa01da5a9e3ed8d95b9.json,3.7951029999021557
02958343/1714b6e57c8c4983fb1aad5dae793ff4,oracle,2,"[0, 35]",2.0827965793654815,2.2094303750547892,2.3360641707440966,0.0,0.0,0.0,1.978884553668337,0.0,0.0,0.0,0.0,0.0,0.0,camera_pose_sim3_positive_scale_fallback,3.866313627429576,6.484372800729754e-16,10000,10000,True,False,True,/content/cv3d-project/data/cache/reconstruction/predictions/02958343/1714b6e57c8c4983fb1aad5dae793ff4/58798d17b786ff198ab96316.npz,0d5e8c57f3b76d9380aab43a83ba586259ae279ed42eb85f36afa39c5ad01e08,/content/cv3d-project/data/cache/reconstruction/metrics/02958343/1714b6e57c8c4983fb1aad5dae793ff4/9eb4bdf04ddeafe00d8384f1.json,11.779651999859198
02958343/1714b6e57c8c4983fb1aad5dae793ff4,oracle,3,"[0, 35, 31]",2.943033768109509,3.073270918451594,3.2035080687936786,0.0,0.0,0.0,1.978884553668337,0.0,0.0,0.0,0.0,0.0,0.0,camera_pose_sim3_positive_scale_fallback,4.684099013584501,1.5424989325486993,10000,10000,True,False,True,/content/cv3d-project/data/cache/reconstruction/predictions/02958343/1714b6e57c8c4983fb1aad5dae793ff4/7d8d79c9e6c679264ffab7fc.npz,43414659795f75422346422410a4fce08dba019cbc0473fd6de481ca611c449b,/content/cv3d-project/data/cache/reconstruction/metrics/02958343/1714b6e57c8c4983fb1aad5dae793ff4/0a3d4bd7f7c30a761f2f6767.json,12.277118999918457
02958343/1714b6e57c8c4983fb1aad5dae793ff4,oracle,5,"[0, 35, 31, 9, 44]",0.8824120727961297,0.9784856367123256,1.0745592006285214,0.0,0.0,0.0,1.978884553668337,0.0,0.0,0.0,0.0,0.0,0.0,camera_pose_sim3,1.4885155682242623,1.2866203070567679,10000,10000,True,False,True,/content/cv3d-project/data/cache/reconstruction/predictions/02958343/1714b6e57c8c4983fb1aad5dae793ff4/14b7f81d0f747f55d51ff028.npz,753d7a53db39062f54cf9be810ba06dc5f19a19b5dcac0c4b6696545570bb1bc,/content/cv3d-project/data/cache/reconstruction/metrics/02958343/1714b6e57c8c4983fb1aad5dae793ff4/9c11faf1c9b87bcb39564dfa.json,12.367584000003262
02958343/1714b6e57c8c4983fb1aad5dae793ff4,oracle,10,"[0, 35, 31, 9, 44, 3, 32, 29, 18, 33]",0.02393834433434336,0.08189275986439629,0.1398471753944492,0.523317669644835,0.09321030557219892,0.17015583995292732,1.978884553668337,0.9999,0.2778,0.5801,0.3544,0.056,0.0997,camera_pose_sim3,2.2048079254788298,0.526066606268071,10000,10000,True,False,True,/content/cv3d-project/data/cache/reconstruction/predictions/02958343/1714b6e57c8c4983fb1aad5dae793ff4/93236386c3119d986a4af26f.npz,3ab9295a38e15b0cf97f440aca69300aafb5a0bc844928eff2b2b1bf86c6aa7e,/content/cv3d-project/data/cache/reconstruction/metrics/02958343/1714b6e57c8c4983fb1aad5dae793ff4/2946959c69389f50804a479d.json,12.20436299990979
02958343/171c20ce4de5ee8730f65ce13e7c1910,oracle,1,[0],2.7215651980708317,2.940225104183596,3.1588850102963604,0.0,0.0,0.0,1.952986577515725,0.0,0.0,0.0,0.0,0.0,0.0,camera_rotation_center_and_target_diameter_scale_single_view,9.039382298747238,0.0,10000,10000,True,True,True,/content/cv3d-project/data/cache/reconstruction/predictions/02958343/171c20ce4de5ee8730f65ce13e7c1910/479cc14f7cb0427218fec839.npz,4f35c7831904bfd5c6dfd6ea343c1c795cd796cf0df85bb15da503e3aeb206c3,/content/cv3d-project/data/cache/reconstruction/metrics/02958343/171c20ce4de5ee8730f65ce13e7c1910/eab339239081ff9cec7c670e.json,3.8152019997141906
02958343/171c20ce4de5ee8730f65ce13e7c1910,oracle,2,"[0, 35]",0.22960639114398174,0.36681972905171945,0.5040330669594572,0.0,0.0,0.0,1.952986577515725,0.0,0.0,0.0,0.0,0.0,0.0,camera_pose_sim3,0.8020979648779908,1.0861215046047366,10000,10000,True,False,True,/content/cv3d-project/data/cache/reconstruction/predictions/02958343/171c20ce4de5ee8730f65ce13e7c1910/b2d4d36b012f710b44da5cc2.npz,59517686d2d259d290976e044c40dda909e6d0272743ba072c3eb68e75889c1a,/content/cv3d-project/data/cache/reconstruction/metrics/02958343/171c20ce4de5ee8730f65ce13e7c1910/6e93da303653be7d600d8b11.json,11.468736999631801
02958343/171c20ce4de5ee8730f65ce13e7c1910,oracle,3,"[0, 35, 31]",0.2972042300548112,0.4058628403655652,0.5145214506763192,0.0,0.0,0.0,1.952986577515725,0.0,0.0,0.0,0.0,0.0,0.0,camera_pose_sim3,0.6857257422927573,1.359844806936008,10000,10000,True,False,True,/content/cv3d-project/data/cache/reconstruction/predictions/02958343/171c20ce4de5ee8730f65ce13e7c1910/cd4e67d396648fdcb29da5cd.npz,7fb631cad6d51f6510fd588a6a9543be97efcf19bf810c9ebc9165079fd2fe18,/content/cv3d-project/data/cache/reconstruction/metrics/02958343/171c20ce4de5ee8730f65ce13e7c1910/5664f61e18c1d4059495ef99.json,11.751817999993364
02958343/171c20ce4de5ee8730f65ce13e7c1910,oracle,5,"[0, 35, 31, 9, 12]",0.47124570906391294,0.5595588985658206,0.6478720880677284,0.0,0.0,0.0,1.952986577515725,0.0,0.0,0.0,0.0,0.0,0.0,camera_pose_sim3,1.2928303025314793,1.16013696085784,10000,10000,True,False,True,/content/cv3d-project/data/cache/reconstruction/predictions/02958343/171c20ce4de5ee8730f65ce13e7c1910/ceca7a8bc64b0dbd53e067b4.npz,87935e94d6d314bf13cc71a87b3257130cfa46133d14c0001022d203805bbb85,/content/cv3d-project/data/cache/reconstruction/metrics/02958343/171c20ce4de5ee8730f65ce13e7c1910/4d7df3bce9033c2a1a438292.json,12.366540999664721
02958343/171c20ce4de5ee8730f65ce13e7c1910,oracle,10,"[0, 35, 31, 9, 12, 33, 43, 19, 8, 26]",0.48659594858220473,0.5389606827411979,0.5913254169001911,0.0,0.0,0.0,1.952986577515725,0.0,0.0,0.0,0.0,0.0,0.0,camera_pose_sim3,1.7744423656250006,0.6835484479018563,10000,10000,True,False,True,/content/cv3d-project/data/cache/reconstruction/predictions/02958343/171c20ce4de5ee8730f65ce13e7c1910/e8d430f53007c9cad9a4cdbe.npz,ce02004f64df9d44e19e2cc056b736b0cb019227970f3aa38db26b6c5681a098,/content/cv3d-project/data/cache/reconstruction/metrics/02958343/171c20ce4de5ee8730f65ce13e7c1910/a2ab5697284e1a7cafbb98d7.json,13.588743999662256
02958343/1724ae84377e0b9ba6c2c95b41a5446d,oracle,1,[0],3.123573309010984,3.3429957317913495,3.5624181545717155,0.0,0.0,0.0,1.976349977896568,0.0,0.0,0.0,0.0,0.0,0.0,camera_rotation_center_and_target_diameter_scale_single_view,10.021640095703946,0.0,10000,10000,True,True,True,/content/cv3d-project/data/cache/reconstruction/predictions/02958343/1724ae84377e0b9ba6c2c95b41a5446d/406e590ddbad8041f13afd20.npz,d842d1abed6fd87aaea8445213f2f6492015338b363adbaa3227ceccc1e336ff,/content/cv3d-project/data/cache/reconstruction/metrics/02958343/1724ae84377e0b9ba6c2c95b41a5446d/3c9e0ca964a009ce1d467797.json,3.806408999935229
02958343/1724ae84377e0b9ba6c2c95b41a5446d,oracle,2,"[0, 37]",0.266060317143943,0.3386603948280478,0.41126047251215253,0.0,0.0,0.0,1.976349977896568,0.0,0.0,0.0,0.0,0.0,0.0,camera_pose_sim3,2.1239036467813244,0.029691644849252723,10000,10000,True,False,True,/content/cv3d-project/data/cache/reconstruction/predictions/02958343/1724ae84377e0b9ba6c2c95b41a5446d/cc4c85c987e9c1b80d6b5f04.npz,349b9e5e26126270d70317e278732b1360d3ad8a0c70853808c68a65a720b0c0,/content/cv3d-project/data/cache/reconstruction/metrics/02958343/1724ae84377e0b9ba6c2c95b41a5446d/3f6fb6d47e0d1c51e85923e1.json,11.588994999783608
02958343/1724ae84377e0b9ba6c2c95b41a5446d,oracle,3,"[0, 37, 17]",0.10699817989600893,0.15295348292157945,0.19890878594714995,0.1810468062455642,0.0,0.00091,1.976349977896568,0.4503,0.0,0.0013,0.1133,0.0,0.0007,camera_pose_sim3,2.306334529140283,0.33071245871014215,10000,10000,True,False,True,/content/cv3d-project/data/cache/reconstruction/predictions/02958343/1724ae84377e0b9ba6c2c95b41a5446d/e065d6609d3579f8fef292c9.npz,8e51a9951174abe4c224587251860178fc7bfc92dcf96e988a5eb12ed24b607a,/content/cv3d-project/data/cache/reconstruction/metrics/02958343/1724ae84377e0b9ba6c2c95b41a5446d/8bd8da56b293ceddc1baaa83.json,11.29343999991761
02958343/1724ae84377e0b9ba6c2c95b41a5446d,oracle,5,"[0, 37, 17, 26, 6]",0.016180255307082583,0.04810717443343483,0.08003409355978708,0.8142526827533052,0.08528945221445221,0.21821281235801906,1.976349977896568,1.0,0.2933,0.7528,0.6867,0.0499,0.1276,camera_pose_sim3,2.339094473131521,0.11516843557285726,10000,10000,True,False,True,/content/cv3d-project/data/cache/reconstruction/predictions/02958343/1724ae84377e0b9ba6c2c95b41a5446d/c6b0ed7d488a2de1ce113d70.npz,68d83789168bcd8372d2ce5cf6818285dbb75e279ec3faf5865e6b21a91c1f42,/content/cv3d-project/data/cache/reconstruction/metrics/02958343/1724ae84377e0b9ba6c2c95b41a5446d/61cfa15b3de3be13646dc06a.json,11.519122999743558
02958343/1724ae84377e0b9ba6c2c95b41a5446d,oracle,10,"[0, 37, 17, 26, 6, 18, 27, 34, 10, 9]",0.016596134065203813,0.04839283343265587,0.08018953280010793,0.7971371865038791,0.0823427027027027,0.2301242385040574,1.976349977896568,1.0,0.1674,0.7131,0.6627,0.0546,0.1372,camera_pose_sim3,2.4439238184832597,0.1101069172123725,10000,10000,True,False,True,/content/cv3d-project/data/cache/reconstruction/predictions/02958343/1724ae84377e0b9ba6c2c95b41a5446d/f64661f6eb235ae3e2432506.npz,85f44b5c0eb8c20ae7d1335b30d9015ec13c252d1cf824e3fa8ac3256d206b3a,/content/cv3d-project/data/cache/reconstruction/metrics/02958343/1724ae84377e0b9ba6c2c95b41a5446d/f614a957189c9579cda40e69.json,11.865713000133837
02958343/173669aeeba92aaec4929b8bd41b8bc6,oracle,1,[0],2.2754225040834837,2.4798906187992134,2.684358733514943,0.0,0.0,0.0,1.977459385979365,0.0,0.0,0.0,0.0,0.0,0.0,camera_rotation_center_and_target_diameter_scale_single_view,8.23455010490736,0.0,10000,10000,True,True,True,/content/cv3d-project/data/cache/reconstruction/predictions/02958343/173669aeeba92aaec4929b8bd41b8bc6/b3e9c0fdee2f63b96e376122.npz,43a8d95c99ea508bdea1325ceff75525cbe1a787394ea742e62e957f2622676b,/content/cv3d-project/data/cache/reconstruction/metrics/02958343/173669aeeba92aaec4929b8bd41b8bc6/aaf7ff1475d299fce960d87e.json,3.7542160002885794
02958343/173669aeeba92aaec4929b8bd41b8bc6,oracle,2,"[0, 17]",0.4179679578616276,0.5949098411532857,0.7718517244449439,0.0,0.0,0.0,1.977459385979365,0.0,0.0,0.0,0.0,0.0,0.0,camera_pose_sim3,0.3848221257281652,0.9994568232557093,10000,10000,True,False,True,/content/cv3d-project/data/cache/reconstruction/predictions/02958343/173669aeeba92aaec4929b8bd41b8bc6/048bb4939aae585cacd49797.npz,1c05866dca91517475ac11d574284ce13905838f6647239f89089c9709fe5528,/content/cv3d-project/data/cache/reconstruction/metrics/02958343/173669aeeba92aaec4929b8bd41b8bc6/8ad0c129ab367191ac594029.json,11.810381000032066
02958343/173669aeeba92aaec4929b8bd41b8bc6,oracle,3,"[0, 17, 44]",0.43186316349491227,0.5272825594697974,0.6227019554446827,0.0,0.0,0.0,1.977459385979365,0.0,0.0,0.0,0.0,0.0,0.0,camera_pose_sim3,1.8119132877677027,0.9665353785801267,10000,10000,True,False,True,/content/cv3d-project/data/cache/reconstruction/predictions/02958343/173669aeeba92aaec4929b8bd41b8bc6/1926564528ec65cb5d44079e.npz,4454e03cd12ae2f3a3d1f892a5bf7ac013ea4fa3eb13fa6e6f794d085d52b367,/content/cv3d-project/data/cache/reconstruction/metrics/02958343/173669aeeba92aaec4929b8bd41b8bc6/d937a5d49d6667199d1a2001.json,12.48179699996399
02958343/173669aeeba92aaec4929b8bd41b8bc6,oracle,5,"[0, 17, 44, 23, 26]",0.7921059645002637,0.8567966436114121,0.9214873227225604,0.0,0.0,0.0,1.977459385979365,0.0,0.0,0.0,0.0,0.0,0.0,camera_pose_sim3,1.4280764144786866,1.1618720370862317,10000,10000,True,False,True,/content/cv3d-project/data/cache/reconstruction/predictions/02958343/173669aeeba92aaec4929b8bd41b8bc6/a54fc6e3cb45e3a5f2314662.npz,baf77a3ee7176fd193537ced30353ab24dd867390ddd2f78a5eb7171423e7b66,/content/cv3d-project/data/cache/reconstruction/metrics/02958343/173669aeeba92aaec4929b8bd41b8bc6/6390552fe1abdb1e97e776fa.json,12.196941999718547
02958343/173669aeeba92aaec4929b8bd41b8bc6,oracle,10,"[0, 17, 44, 23, 26, 20, 31, 9, 24, 18]",0.4779288396831149,0.5762077349115986,0.6744866301400823,0.0,0.0,0.0,1.977459385979365,0.0,0.0,0.0,0.0,0.0,0.0,camera_pose_sim3,1.1534233896683264,1.2610276071766864,10000,10000,True,False,True,/content/cv3d-project/data/cache/reconstruction/predictions/02958343/173669aeeba92aaec4929b8bd41b8bc6/3557106fb0b33e806a1c9c8b.npz,7272b3975e211f383a42869e9170abcc214f3ad84b28598080e0bdb45dc0cb80,/content/cv3d-project/data/cache/reconstruction/metrics/02958343/173669aeeba92aaec4929b8bd41b8bc6/aa82a9d1d4099f993998a21b.json,12.186137000298913
02958343/17457b1f42019702618e9d35559b7aa,oracle,1,[0],3.084697849142993,3.2957909675669312,3.5068840859908694,0.0,0.0,0.0,1.9780159587369315,0.0,0.0,0.0,0.0,0.0,0.0,camera_rotation_center_and_target_diameter_scale_single_view,10.078364868001504,0.0,10000,10000,True,True,True,/content/cv3d-project/data/cache/reconstruction/predictions/02958343/17457b1f42019702618e9d35559b7aa/e88fa86e5a12bc9b6d583fb7.npz,d1f8a98d5aa49a414da991e586615edb0d4781a03e493771525d1529726b583d,/content/cv3d-project/data/cache/reconstruction/metrics/02958343/17457b1f42019702618e9d35559b7aa/5f2705ae11ea8a645f033867.json,3.7614779998875747
02958343/17457b1f42019702618e9d35559b7aa,oracle,2,"[0, 25]",2.2104591693097193,2.359595898860463,2.5087326284112073,0.0,0.0,0.0,1.9780159587369315,0.0,0.0,0.0,0.0,0.0,0.0,camera_pose_sim3_positive_scale_fallback,2.8422692895238595,3.3230198981573415e-16,10000,10000,True,False,True,/content/cv3d-project/data/cache/reconstruction/predictions/02958343/17457b1f42019702618e9d35559b7aa/c1084e385a2ed8665f87b9e9.npz,c2660b7c252b01b06dabc6eaafd736ca73ad50bd0e3878a7e310ffd6878d9837,/content/cv3d-project/data/cache/reconstruction/metrics/02958343/17457b1f42019702618e9d35559b7aa/cc23dd026c5c5890baeabb9b.json,11.507299999720999
02958343/17457b1f42019702618e9d35559b7aa,oracle,3,"[0, 25, 37]",0.018155067092507672,0.05989583499718705,0.10163660290186644,0.7135781822859716,0.053532842621801614,0.12730596500895439,1.9780159587369315,1.0,0.2554,0.6554,0.5547,0.0299,0.0705,camera_pose_sim3,2.326437353403639,0.23396745635632157,10000,10000,True,False,True,/content/cv3d-project/data/cache/reconstruction/predictions/02958343/17457b1f42019702618e9d35559b7aa/9943c21379cbc5bc834578fb.npz,0a10bf936463c0dfa6a1a4a0e29c4cb13130746fbe3720bb335736abe53ffd12,/content/cv3d-project/data/cache/reconstruction/metrics/02958343/17457b1f42019702618e9d35559b7aa/70ef39c352deaf2f074cf6fd.json,11.333689999901253
02958343/17457b1f42019702618e9d35559b7aa,oracle,5,"[0, 25, 37, 14, 19]",0.026994829029559735,0.06459955518268265,0.10220428133580557,0.6647973830028707,0.05658853012048192,0.1292067906224737,1.9780159587369315,1.0,0.1737,0.4184,0.4979,0.0338,0.0764,camera_pose_sim3,2.472909001513665,0.15496029773849387,10000,10000,True,False,True,/content/cv3d-project/data/cache/reconstruction/predictions/02958343/17457b1f42019702618e9d35559b7aa/38de259c9a9f31dc1fa64220.npz,6586a4177bdd4b3278b94cae2d179ee36b1918d9ae0cbec1b86e89c2a1d54157,/content/cv3d-project/data/cache/reconstruction/metrics/02958343/17457b1f42019702618e9d35559b7aa/4e320fa95f15f0c7ad76b2c1.json,11.679145000016433
02958343/17457b1f42019702618e9d35559b7aa,oracle,10,"[0, 25, 37, 14, 19, 39, 9, 22, 33, 35]",0.016540786398472826,0.03626722871675582,0.05599367103503882,0.9048896676340141,0.1706127385803131,0.3380355196982397,1.9780159587369315,1.0,0.3539,0.7349,0.8263,0.1124,0.2195,camera_pose_sim3,2.5651017729269174,0.13753516346135955,10000,10000,True,False,True,/content/cv3d-project/data/cache/reconstruction/predictions/02958343/17457b1f42019702618e9d35559b7aa/1efad89f17251d1c9099e0b1.npz,67e9f87a05afdc0d85146e6a87df378364a463c9378426ba7fa40be93fb6507d,/content/cv3d-project/data/cache/reconstruction/metrics/02958343/17457b1f42019702618e9d35559b7aa/73f788b40404c6c65ba113e1.json,13.077420000172424
02958343/174f1a421f652029d577c0ac53e96823,oracle,1,[0],2.8317611966919882,3.036534631387443,3.2413080660828975,0.0,0.0,0.0,1.9924913175480705,0.0,0.0,0.0,0.0,0.0,0.0,camera_rotation_center_and_target_diameter_scale_single_view,9.628100753771982,0.0,10000,10000,True,True,True,/content/cv3d-project/data/cache/reconstruction/predictions/02958343/174f1a421f652029d577c0ac53e96823/207f6a8bfede5b8261257473.npz,9201ffd62495223f20ad57f6e60db005835cb4b612ea82288aa9b698517ed674,/content/cv3d-project/data/cache/reconstruction/metrics/02958343/174f1a421f652029d577c0ac53e96823/512768969993fed5b068bc8b.json,3.8934540002628637
02958343/174f1a421f652029d577c0ac53e96823,oracle,2,"[0, 17]",0.02771444084622626,0.16997292049282745,0.3122314001394286,0.15395975632268785,0.0019816345270890724,0.007501968771215207,1.9924913175480705,1.0,0.1079,0.2908,0.0834,0.001,0.0038,camera_pose_sim3,0.9097287706737569,0.9593914627411357,10000,10000,True,False,True,/content/cv3d-project/data/cache/reconstruction/predictions/02958343/174f1a421f652029d577c0ac53e96823/e29e74e458540429361636a9.npz,121d010d2338b3db397b356b620bbc2a9e884fb4c4f60daa00925928d59174c7,/content/cv3d-project/data/cache/reconstruction/metrics/02958343/174f1a421f652029d577c0ac53e96823/cfa066921a060f27989bd669.json,12.128380999911315
02958343/174f1a421f652029d577c0ac53e96823,oracle,3,"[0, 17, 21]",3.9105000619237664,4.038556225951068,4.16661238997837,0.0,0.0,0.0,1.9924913175480705,0.0,0.0,0.0,0.0,0.0,0.0,camera_pose_sim3_positive_scale_fallback,4.764103123576259,0.9680056583940413,10000,10000,True,False,True,/content/cv3d-project/data/cache/reconstruction/predictions/02958343/174f1a421f652029d577c0ac53e96823/51b5dddb12fd834b3e83a047.npz,f3d64e040440234db5ff8c01768ec69a8cc29115b44c4e86535c45f0183dd4b9,/content/cv3d-project/data/cache/reconstruction/metrics/02958343/174f1a421f652029d577c0ac53e96823/728d0ed15e9d35d02100904b.json,12.3229400001037
02958343/174f1a421f652029d577c0ac53e96823,oracle,5,"[0, 17, 21, 42, 5]",0.022624307268786767,0.053118046473266345,0.08361178567774592,0.7908832597787316,0.08167060572277964,0.21855075859996997,1.9924913175480705,1.0,0.2189,0.5279,0.6541,0.0502,0.1378,camera_pose_sim3,2.4678522399345955,0.07133902472783744,10000,10000,True,False,True,/content/cv3d-project/data/cache/reconstruction/predictions/02958343/174f1a421f652029d577c0ac53e96823/19b7fc466271c68d6fb22057.npz,5e5b196ae86cc7128159f62353faf589a83cfed7eda996bb5ab2a159dbfeace2,/content/cv3d-project/data/cache/reconstruction/metrics/02958343/174f1a421f652029d577c0ac53e96823/36efdeffaf7a2e9df5dbd984.json,11.471707000055176
02958343/174f1a421f652029d577c0ac53e96823,oracle,10,"[0, 17, 21, 42, 5, 22, 9, 37, 19, 24]",0.017252187150956208,0.04646870150540979,0.07568521585986338,0.8199893799044191,0.1625560107593627,0.30593328188733326,1.9924913175480705,1.0,0.3799,0.7123,0.6949,0.1034,0.1948,camera_pose_sim3,2.325326406793228,0.12213597784407612,10000,10000,True,False,True,/content/cv3d-project/data/cache/reconstruction/predictions/02958343/174f1a421f652029d577c0ac53e96823/e0d50596f4ef08278b22b593.npz,8ec84dfe51f785fcb9b513c93d9d8bd45363f0db14883bb644dfaa5730f7c1bd,/content/cv3d-project/data/cache/reconstruction/metrics/02958343/174f1a421f652029d577c0ac53e96823/54e763c5136c7c295d1a2ed1.json,12.154927000210591
02958343/175a289947f549b0e088606e38104b2,oracle,1,[0],5.655381941401562,5.861508114284022,6.067634287166482,0.0,0.0,0.0,1.992667144653075,0.0,0.0,0.0,0.0,0.0,0.0,camera_rotation_center_and_target_diameter_scale_single_view,15.029211175274112,0.0,9578,10000,True,True,True,/content/cv3d-project/data/cache/reconstruction/predictions/02958343/175a289947f549b0e088606e38104b2/b9854e6d42ceffb4d98ab9a5.npz,f6ec63e799e56324348c43b11b964f49c1d966110ee82342f657d547c7088442,/content/cv3d-project/data/cache/reconstruction/metrics/02958343/175a289947f549b0e088606e38104b2/62789c36adbb0ab0774a9777.json,3.8299450002341473
02958343/175a289947f549b0e088606e38104b2,oracle,2,"[0, 35]",2.63747510630094,2.7345744593165318,2.8316738123321237,0.0,0.0,0.0,1.992667144653075,0.0,0.0,0.0,0.0,0.0,0.0,camera_pose_sim3_positive_scale_fallback,4.84338000926834,5.473601858781297e-16,10000,10000,True,False,True,/content/cv3d-project/data/cache/reconstruction/predictions/02958343/175a289947f549b0e088606e38104b2/52d1b70ab7c907492bc8fc2a.npz,53db2dacec47ca16f6c66b1ca279eb8f39784126818c3bdb4e98bb15ac64d094,/content/cv3d-project/data/cache/reconstruction/metrics/02958343/175a289947f549b0e088606e38104b2/3408c37f7bbe639e2cf8c035.json,11.328222999964055
02958343/175a289947f549b0e088606e38104b2,oracle,3,"[0, 35, 31]",0.0315442787611101,0.10802912218102755,0.184513965600945,0.38865613922010955,0.03674692307692307,0.07620356417775771,1.992667144653075,1.0,0.2139,0.4012,0.2412,0.0201,0.0421,camera_pose_sim3,2.4174525651513403,0.1318970706830575,10000,10000,True,False,True,/content/cv3d-project/data/cache/reconstruction/predictions/02958343/175a289947f549b0e088606e38104b2/fbe070f9290ecc8aa30f448d.npz,a1b378fd9b966482d7b23a00123d7fd54e8a84df08af7a3aa8d9770c05d63658,/content/cv3d-project/data/cache/reconstruction/metrics/02958343/175a289947f549b0e088606e38104b2/329b4fa039ad7c8e9b8a6c9f.json,11.440576000040892
02958343/175a289947f549b0e088606e38104b2,oracle,5,"[0, 35, 31, 25, 43]",0.12621363758733775,0.20407315579614022,0.2819326740049427,0.05375650364203954,0.0,0.0,1.992667144653075,0.2583,0.0,0.0,0.03,0.0,0.0,camera_pose_sim3,2.148169737626968,0.5335951505882826,10000,10000,True,False,True,/content/cv3d-project/data/cache/reconstruction/predictions/02958343/175a289947f549b0e088606e38104b2/9dcaaec936f58fc17a74ceae.npz,eebb4572a6c13bccc81eef3eb1974d233e943b44bc439014e3b5117edda2f620,/content/cv3d-project/data/cache/reconstruction/metrics/02958343/175a289947f549b0e088606e38104b2/5a7909454c07bc077d09fef3.json,12.382084999899234
02958343/175a289947f549b0e088606e38104b2,oracle,10,"[0, 35, 31, 25, 43, 2, 34, 41, 10, 23]",0.055687683719765624,0.08601210468740511,0.11633652565504458,0.6287430530791386,0.0058937500000000006,0.02780225988700565,1.992667144653075,0.9996,0.0082,0.0518,0.4586,0.0046,0.019,camera_pose_sim3,2.4150360846166077,0.1298264647751672,10000,10000,True,False,True,/content/cv3d-project/data/cache/reconstruction/predictions/02958343/175a289947f549b0e088606e38104b2/bc58fe170218fdf16cb06157.npz,7228b1e78f51ea2d3c52029810be3ecb9f9cb4f5e653bae555d42f1c356cae38,/content/cv3d-project/data/cache/reconstruction/metrics/02958343/175a289947f549b0e088606e38104b2/a7b8df4d227dedc675699e5a.json,12.685774000146921
02958343/1790131f5f74b1ed973aff268eb6b00c,oracle,1,[0],3.4248630802963507,3.6458546883782965,3.866846296460242,0.0,0.0,0.0,1.9869587944462739,0.0,0.0,0.0,0.0,0.0,0.0,camera_rotation_center_and_target_diameter_scale_single_view,10.435611289876297,0.0,10000,10000,True,True,True,/content/cv3d-project/data/cache/reconstruction/predictions/02958343/1790131f5f74b1ed973aff268eb6b00c/7dba3ce79b49b4507407705d.npz,a10f13531ea22826316398d8535dc4b0b1f7c90a0408a7dafbb55a08f0db129c,/content/cv3d-project/data/cache/reconstruction/metrics/02958343/1790131f5f74b1ed973aff268eb6b00c/b3b3b793cfff3735222b8796.json,3.930287999992288
02958343/1790131f5f74b1ed973aff268eb6b00c,oracle,2,"[0, 44]",1.7155310459527178,1.7480682974228188,1.78060554889292,0.0,0.0,0.0,1.9869587944462739,0.0,0.0,0.0,0.0,0.0,0.0,camera_pose_sim3,3.1775623302552534,0.7151312332596117,10000,10000,True,False,True,/content/cv3d-project/data/cache/reconstruction/predictions/02958343/1790131f5f74b1ed973aff268eb6b00c/ab05a9bc357d0ed844447d00.npz,1f43322e9e251a12aa86b3a0f38bcaf430c8c25090baaf691f7bbcf984e5f27b,/content/cv3d-project/data/cache/reconstruction/metrics/02958343/1790131f5f74b1ed973aff268eb6b00c/85a93be155a7de13881e9381.json,11.882760999924358
02958343/1790131f5f74b1ed973aff268eb6b00c,oracle,3,"[0, 44, 17]",0.8576252526699243,0.9537416704174502,1.0498580881649762,0.0,0.0,0.0,1.9869587944462739,0.0,0.0,0.0,0.0,0.0,0.0,camera_pose_sim3,1.898501375855826,0.8447418698147735,10000,10000,True,False,True,/content/cv3d-project/data/cache/reconstruction/predictions/02958343/1790131f5f74b1ed973aff268eb6b00c/b99a7c91ef53334b96525166.npz,1e424b643483827c78170233a1856fb74259d3229b3b84eb362c8993b26418c8,/content/cv3d-project/data/cache/reconstruction/metrics/02958343/1790131f5f74b1ed973aff268eb6b00c/f79b6ba14dc8027baa23a726.json,11.497244000111095
02958343/1790131f5f74b1ed973aff268eb6b00c,oracle,5,"[0, 44, 17, 26, 32]",0.9929540605932416,1.0677856292584815,1.1426171979237216,0.0,0.0,0.0,1.9869587944462739,0.0,0.0,0.0,0.0,0.0,0.0,camera_pose_sim3,1.7170138816888094,1.185361651378572,10000,10000,True,False,True,/content/cv3d-project/data/cache/reconstruction/predictions/02958343/1790131f5f74b1ed973aff268eb6b00c/00e66899c82fc114b8eed6dd.npz,b00eb958bedee760cc7f2a605ad779e626348c0edee1446419fcbf0d401791bc,/content/cv3d-project/data/cache/reconstruction/metrics/02958343/1790131f5f74b1ed973aff268eb6b00c/75772df101a78039775f7dbd.json,11.472226000023511
02958343/1790131f5f74b1ed973aff268eb6b00c,oracle,10,"[0, 44, 17, 26, 32, 27, 3, 2, 42, 25]",0.02336767264600229,0.050344853352164806,0.07732203405832733,0.8386946928347462,0.09352899824253076,0.2207472105578884,1.9869587944462739,1.0,0.2255,0.5272,0.7222,0.059,0.1396,camera_pose_sim3,2.494434026787348,0.1282224866248917,10000,10000,True,False,True,/content/cv3d-project/data/cache/reconstruction/predictions/02958343/1790131f5f74b1ed973aff268eb6b00c/2be176534d5b678a064409ca.npz,4e803d8026779df66c30580530f35336a8edbb4b9fed78dcd021576d51d85049,/content/cv3d-project/data/cache/reconstruction/metrics/02958343/1790131f5f74b1ed973aff268eb6b00c/0001160eae3bdffae41e80fd.json,11.87724800001888
02958343/17926c1ef484b73e6758a098566bc94e,oracle,1,[0],3.793988985436935,4.0098271673268,4.225665349216666,0.0,0.0,0.0,1.96736971763819,0.0,0.0,0.0,0.0,0.0,0.0,camera_rotation_center_and_target_diameter_scale_single_view,11.50512485302612,0.0,10000,10000,True,True,True,/content/cv3d-project/data/cache/reconstruction/predictions/02958343/17926c1ef484b73e6758a098566bc94e/491ab0730a655be111f0c853.npz,dd59677af51f6f2cebe0e3b8a102834106f9c58d327a9da678e93400f9dfa517,/content/cv3d-project/data/cache/reconstruction/metrics/02958343/17926c1ef484b73e6758a098566bc94e/e815d1b12a2a312c24cf15ab.json,3.712715999881766
02958343/17926c1ef484b73e6758a098566bc94e,oracle,2,"[0, 17]",0.22400923980597037,0.3681406942330476,0.5122721486601249,0.0,0.0,0.0,1.96736971763819,0.0,0.0,0.0,0.0,0.0,0.0,camera_pose_sim3,1.1399428976802817,0.9200223587737402,10000,10000,True,False,True,/content/cv3d-project/data/cache/reconstruction/predictions/02958343/17926c1ef484b73e6758a098566bc94e/3da537086520adb6f64d8318.npz,33e5df1580f7057842f13a809fc3e8d35159e117221864e0f52e6bf7e455c854,/content/cv3d-project/data/cache/reconstruction/metrics/02958343/17926c1ef484b73e6758a098566bc94e/d3c501e6f1ff4ae909bc42bd.json,12.213259999953152
02958343/17926c1ef484b73e6758a098566bc94e,oracle,3,"[0, 17, 37]",0.1605288615834035,0.2942954195398937,0.4280619774963839,0.03144639472599917,0.0,0.0,1.96736971763819,0.2258,0.0,0.0,0.0169,0.0,0.0,camera_pose_sim3,1.486705688045854,1.1135099858964448,10000,10000,True,False,True,/content/cv3d-project/data/cache/reconstruction/predictions/02958343/17926c1ef484b73e6758a098566bc94e/56b74b76a44b23d42cd3adca.npz,aa7b82dfce138665705fd0b6661bd05a6b435de822c20d2f50418c9fed588463,/content/cv3d-project/data/cache/reconstruction/metrics/02958343/17926c1ef484b73e6758a098566bc94e/6f1214380dd180a4185c7fd9.json,12.285465999866574
02958343/17926c1ef484b73e6758a098566bc94e,oracle,5,"[0, 17, 37, 26, 2]",2.570161304303028,2.5554266057268893,2.5406919071507508,0.0,0.0,0.0,1.96736971763819,0.0,0.0,0.0,0.0,0.0,0.0,camera_pose_sim3_positive_scale_fallback,3.7447234134735794,1.6112066657510224,10000,10000,True,False,True,/content/cv3d-project/data/cache/reconstruction/predictions/02958343/17926c1ef484b73e6758a098566bc94e/737b3c99a6c08c1442f70d14.npz,ada25585649a98044c6f38bad06aa6208afbdf78fe02bd0cc253f54e83e0d635,/content/cv3d-project/data/cache/reconstruction/metrics/02958343/17926c1ef484b73e6758a098566bc94e/1a973f303e5ae2ee7a35f880.json,12.552659999983007
02958343/17926c1ef484b73e6758a098566bc94e,oracle,10,"[0, 17, 37, 26, 2, 25, 31, 10, 42, 13]",1.1456973136734094,1.214877636628385,1.2840579595833608,0.0,0.0,0.0,1.96736971763819,0.0,0.0,0.0,0.0,0.0,0.0,camera_pose_sim3,2.026749428459282,1.022144831356055,10000,10000,True,False,True,/content/cv3d-project/data/cache/reconstruction/predictions/02958343/17926c1ef484b73e6758a098566bc94e/9265e5af137ed7191a393132.npz,6a2f54904a392b8f1cbe4707e7c6ae61210fc51f7940dcc57abe849e8d2cafc6,/content/cv3d-project/data/cache/reconstruction/metrics/02958343/17926c1ef484b73e6758a098566bc94e/9ee2563a5c063a7c3aff0eb8.json,12.333067000326992
02958343/17c32e15723ed6e0cd0bf4a0e76b8df5,oracle,1,[0],6.488326844240351,6.719795967083235,6.951265089926119,0.0,0.0,0.0,1.9943681051517153,0.0,0.0,0.0,0.0,0.0,0.0,camera_rotation_center_and_target_diameter_scale_single_view,16.86268733281867,0.0,3673,10000,True,True,True,/content/cv3d-project/data/cache/reconstruction/predictions/02958343/17c32e15723ed6e0cd0bf4a0e76b8df5/2d1f819e62fe7d4321846839.npz,6071ae51fe147835f021b6bd3f2609b788b26cc4e87c958c5c30d104592c703e,/content/cv3d-project/data/cache/reconstruction/metrics/02958343/17c32e15723ed6e0cd0bf4a0e76b8df5/43cc23cb33c7f99edaa66c26.json,2.981381000154215
02958343/17c32e15723ed6e0cd0bf4a0e76b8df5,oracle,2,"[0, 26]",0.15288537022232795,0.22361676372948372,0.2943481572366395,0.07246412884333821,0.0,0.0,1.9943681051517153,0.2302,0.0,0.0,0.043,0.0,0.0,camera_pose_sim3,2.113165267363025,0.9388235504341021,10000,10000,True,True,True,/content/cv3d-project/data/cache/reconstruction/predictions/02958343/17c32e15723ed6e0cd0bf4a0e76b8df5/c8be06f01d22e756e51fc431.npz,096b4ec975aac03cefc775b406a8ce62fb0bb3963dc49cdc2a385fd2a72aaaf9,/content/cv3d-project/data/cache/reconstruction/metrics/02958343/17c32e15723ed6e0cd0bf4a0e76b8df5/bdb0d3b2f95bc18b1a6dfc16.json,2.4371990002691746
02958343/17c32e15723ed6e0cd0bf4a0e76b8df5,oracle,3,"[0, 26, 17]",0.01153783014908309,0.14450612972442228,0.27747442929976146,0.21969022609934127,0.017068026315789474,0.035491577467834365,1.9943681051517153,1.0,0.4473,0.9068,0.1234,0.0087,0.0181,camera_pose_sim3,1.077893624019501,1.0572322514263965,10000,10000,True,False,True,/content/cv3d-project/data/cache/reconstruction/predictions/02958343/17c32e15723ed6e0cd0bf4a0e76b8df5/341ef84c10198b41ec0a001f.npz,ce86bb07588e6716001959044bb239ccb06e7ee7fb5ba0d4c6600b7e97ee8729,/content/cv3d-project/data/cache/reconstruction/metrics/02958343/17c32e15723ed6e0cd0bf4a0e76b8df5/69da94eabd2941266777299a.json,11.770464000164793
02958343/17c32e15723ed6e0cd0bf4a0e76b8df5,oracle,5,"[0, 26, 17, 37, 41]",0.1674102150031557,0.28280909893997175,0.39820798287678777,0.0,0.0,0.0,1.9943681051517153,0.0,0.0,0.0,0.0,0.0,0.0,camera_pose_sim3,0.7418593638453425,1.2670388100693475,10000,10000,True,False,True,/content/cv3d-project/data/cache/reconstruction/predictions/02958343/17c32e15723ed6e0cd0bf4a0e76b8df5/4ebbcaad68ac63019bb88888.npz,c9827e9cc22816fbde0fd1362800d08fa990f0e17b8aa521fcb3bb62fd562ec3,/content/cv3d-project/data/cache/reconstruction/metrics/02958343/17c32e15723ed6e0cd0bf4a0e76b8df5/463c1b1862e3a58572b1d9c6.json,11.730299000191735
02958343/17c32e15723ed6e0cd0bf4a0e76b8df5,oracle,10,"[0, 26, 17, 37, 41, 11, 8, 35, 33, 18]",0.17397787383795862,0.24912949285004043,0.3242811118621222,0.0,0.0,0.0,1.9943681051517153,0.0,0.0,0.0,0.0,0.0,0.0,camera_pose_sim3,1.359182591341198,1.177148817555887,10000,10000,True,False,True,/content/cv3d-project/data/cache/reconstruction/predictions/02958343/17c32e15723ed6e0cd0bf4a0e76b8df5/8425c1f6a46b69bc28220fda.npz,5f0966c0f1084bc9fd4e20136f107d461bec324f68776077ea6cba36087d4738,/content/cv3d-project/data/cache/reconstruction/metrics/02958343/17c32e15723ed6e0cd0bf4a0e76b8df5/fdf5231eff261e6a6b910eb7.json,12.381448000269302
02958343/17e146cb10c72fcfa2b80c598d71bf14,oracle,1,[0],1.3457920930041094,1.5177237338919216,1.689655374779734,0.0,0.0,0.0,1.9211960992533328,0.0,0.0,0.0,0.0,0.0,0.0,camera_rotation_center_and_target_diameter_scale_single_view,6.3330136032627955,0.0,10000,10000,True,True,True,/content/cv3d-project/data/cache/reconstruction/predictions/02958343/17e146cb10c72fcfa2b80c598d71bf14/1eaed05a3241ebe973d16d6d.npz,394822e38596fafd64858c6843374d1316fd737cd8cc9fa7bf58b9fcaf5a02e3,/content/cv3d-project/data/cache/reconstruction/metrics/02958343/17e146cb10c72fcfa2b80c598d71bf14/345a48461d3f3e042844cad8.json,3.8062120001995936
02958343/17e146cb10c72fcfa2b80c598d71bf14,oracle,2,"[0, 35]",2.285748825274234,2.4018481868866197,2.5179475484990053,0.0,0.0,0.0,1.9211960992533328,0.0,0.0,0.0,0.0,0.0,0.0,camera_pose_sim3_positive_scale_fallback,4.113624668242519,2.648422080053235e-16,10000,10000,True,False,True,/content/cv3d-project/data/cache/reconstruction/predictions/02958343/17e146cb10c72fcfa2b80c598d71bf14/7907c8758738fa574bcc686b.npz,38df40abbbb1e0e151fd54cb12cbfae04f16f46d364ed47af3f8df60b118273e,/content/cv3d-project/data/cache/reconstruction/metrics/02958343/17e146cb10c72fcfa2b80c598d71bf14/4295e03b96800a6c630d0bf0.json,12.048949000018183
02958343/17e146cb10c72fcfa2b80c598d71bf14,oracle,3,"[0, 35, 31]",0.09654441762601405,0.17399655960924731,0.25144870159248056,0.13650799227121024,0.0033107142857142853,0.012799722222222224,1.9211960992533328,0.49,0.0206,0.0649,0.0793,0.0018,0.0071,camera_pose_sim3,2.1812990567889634,0.889919483081013,10000,10000,True,False,True,/content/cv3d-project/data/cache/reconstruction/predictions/02958343/17e146cb10c72fcfa2b80c598d71bf14/421b9ca83dc3b06aa5fc95f8.npz,f76ead2d01aaf5f8b5b68f0842a0f2baa1fd88717c00f3673050da1ecf6c8cc9,/content/cv3d-project/data/cache/reconstruction/metrics/02958343/17e146cb10c72fcfa2b80c598d71bf14/a75ff0ea04dac726afbe073d.json,12.023353000131465
02958343/17e146cb10c72fcfa2b80c598d71bf14,oracle,5,"[0, 35, 31, 8, 44]",0.21470648356770566,0.2970842053871527,0.3794619272065997,0.015163987138263665,0.0,0.0,1.9211960992533328,0.018,0.0,0.0,0.0131,0.0,0.0,camera_pose_sim3,2.227929617279696,0.7360955749243048,10000,10000,True,False,True,/content/cv3d-project/data/cache/reconstruction/predictions/02958343/17e146cb10c72fcfa2b80c598d71bf14/01cb93e9b8584fb0e5b6b0a3.npz,a0bd20602237d105a25d3c87fd07d926fb2a906cb8a259b089d4a7fed07ccf69,/content/cv3d-project/data/cache/reconstruction/metrics/02958343/17e146cb10c72fcfa2b80c598d71bf14/27f68b1041057c495a6606da.json,12.204311000004964
02958343/17e146cb10c72fcfa2b80c598d71bf14,oracle,10,"[0, 35, 31, 8, 44, 12, 33, 10, 7, 24]",0.16871139506724717,0.21812421748772354,0.26753703990819994,0.032098753894081,0.0,0.0,1.9211960992533328,0.0323,0.0,0.0,0.0319,0.0,0.0,camera_pose_sim3,2.6533641716120817,0.39314681408393065,10000,10000,True,False,True,/content/cv3d-project/data/cache/reconstruction/predictions/02958343/17e146cb10c72fcfa2b80c598d71bf14/5ffa00b220de7c568473d0e8.npz,9e053f5594b95cfaa4d8afc3575bc0251e713af69c52ffe9a99f7e752be852f1,/content/cv3d-project/data/cache/reconstruction/metrics/02958343/17e146cb10c72fcfa2b80c598d71bf14/8416abf876b569dc2266056a.json,12.896252000246022
02958343/18244d93dbd2afbebda733a39f84326d,oracle,1,[0],2.928238960756665,3.129232664868897,3.3302263689811284,0.0,0.0,0.0,1.9889489002009226,0.0,0.0,0.0,0.0,0.0,0.0,camera_rotation_center_and_target_diameter_scale_single_view,9.50099379436314,0.0,9754,10000,True,True,True,/content/cv3d-project/data/cache/reconstruction/predictions/02958343/18244d93dbd2afbebda733a39f84326d/ab312bfd45e42e7135bc9d5d.npz,4b01a268666cf70f7008450961af5ec3b8e73999eaf8f47e6bc459712b09f262,/content/cv3d-project/data/cache/reconstruction/metrics/02958343/18244d93dbd2afbebda733a39f84326d/b261444879577f63663c7545.json,3.934617000140861
02958343/18244d93dbd2afbebda733a39f84326d,oracle,2,"[0, 25]",2.284369989477193,2.4229894414030904,2.5616088933289873,0.0,0.0,0.0,1.9889489002009226,0.0,0.0,0.0,0.0,0.0,0.0,camera_pose_sim3_positive_scale_fallback,3.615573624264017,3.0151874584769844e-16,10000,10000,True,False,True,/content/cv3d-project/data/cache/reconstruction/predictions/02958343/18244d93dbd2afbebda733a39f84326d/a09ac2ff9329dae73870424d.npz,d4378c2d31430dbf0ba898a848606d1982aa93169f251fc553c1ecd1a0059050,/content/cv3d-project/data/cache/reconstruction/metrics/02958343/18244d93dbd2afbebda733a39f84326d/2f2b7ec96d5240fd95848982.json,12.514460000147665
02958343/18244d93dbd2afbebda733a39f84326d,oracle,3,"[0, 25, 37]",1.0948504386570517,1.1582911888806422,1.2217319391042327,0.0,0.0,0.0,1.9889489002009226,0.0,0.0,0.0,0.0,0.0,0.0,camera_pose_sim3,2.1932015138505596,1.1572492170392834,10000,10000,True,False,True,/content/cv3d-project/data/cache/reconstruction/predictions/02958343/18244d93dbd2afbebda733a39f84326d/59900e96520d93f020915ef6.npz,093c40c7c79117f9617337c13d53d20fca1ee9c61a66dc536c2155390148abbf,/content/cv3d-project/data/cache/reconstruction/metrics/02958343/18244d93dbd2afbebda733a39f84326d/3cf5f8c967e7aeb9a3838cfe.json,12.541603000045143
02958343/18244d93dbd2afbebda733a39f84326d,oracle,5,"[0, 25, 37, 31, 26]",0.781440625144938,0.8479685797156116,0.9144965342862852,0.0,0.0,0.0,1.9889489002009226,0.0,0.0,0.0,0.0,0.0,0.0,camera_pose_sim3,2.5059588240017043,0.7038057454823983,10000,10000,True,False,True,/content/cv3d-project/data/cache/reconstruction/predictions/02958343/18244d93dbd2afbebda733a39f84326d/5c4739a0a503d27afc05f2a9.npz,3ea9ba40d8e2b5b3e697317fca394c706a55d88aeb6e0de76077015d5cbd79da,/content/cv3d-project/data/cache/reconstruction/metrics/02958343/18244d93dbd2afbebda733a39f84326d/8b4b77ab07b862d2e8beffee.json,12.497205999807193
02958343/18244d93dbd2afbebda733a39f84326d,oracle,10,"[0, 25, 37, 31, 26, 41, 28, 7, 42, 10]",0.4452339815517611,0.4982908803813104,0.5513477792108598,0.0,0.0,0.0,1.9889489002009226,0.0,0.0,0.0,0.0,0.0,0.0,camera_pose_sim3,2.552683067646245,0.5092672260941244,10000,10000,True,False,True,/content/cv3d-project/data/cache/reconstruction/predictions/02958343/18244d93dbd2afbebda733a39f84326d/328c7f472b92cf30167ca241.npz,62d859d4f89611b167bccb5169e02231619c3e579a8c64b6626f80b4849a0e83,/content/cv3d-project/data/cache/reconstruction/metrics/02958343/18244d93dbd2afbebda733a39f84326d/5121f16c8181e0c1493b325e.json,12.874713999735832
02958343/186646b16a670b7d69a949ac99a843c4,oracle,1,[0],2.3485494514433256,2.555745480079602,2.7629415087158775,0.0,0.0,0.0,1.9832237746841317,0.0,0.0,0.0,0.0,0.0,0.0,camera_rotation_center_and_target_diameter_scale_single_view,8.581940861021737,0.0,8830,10000,True,True,True,/content/cv3d-project/data/cache/reconstruction/predictions/02958343/186646b16a670b7d69a949ac99a843c4/482fb991756c08182d2f3385.npz,f7693f872b336262a948f0ca3fb054adbc8de2e681a1cecf5dbe9db1346c62fa,/content/cv3d-project/data/cache/reconstruction/metrics/02958343/186646b16a670b7d69a949ac99a843c4/41ee37cbb85a34b763cd9553.json,3.8026980000722688
02958343/186646b16a670b7d69a949ac99a843c4,oracle,2,"[0, 26]",0.2886469992943049,0.33701068079771557,0.3853743623011263,0.0,0.0,0.0,1.9832237746841317,0.0,0.0,0.0,0.0,0.0,0.0,camera_pose_sim3_positive_scale_fallback,2.859420239734378,5.777280824619357e-16,10000,10000,True,False,True,/content/cv3d-project/data/cache/reconstruction/predictions/02958343/186646b16a670b7d69a949ac99a843c4/f8bdba4f1287e2a316452d31.npz,7d33bdf448e69a1a28e077c3249ff21b7560678e1323477b9d47938d821e3def,/content/cv3d-project/data/cache/reconstruction/metrics/02958343/186646b16a670b7d69a949ac99a843c4/8e15e386032d060f30f98587.json,12.174277999747574
02958343/186646b16a670b7d69a949ac99a843c4,oracle,3,"[0, 26, 22]",0.30117025629127897,0.4577698754210995,0.6143694945509199,0.0,0.0,0.0,1.9832237746841317,0.0,0.0,0.0,0.0,0.0,0.0,camera_pose_sim3,1.53896324560779,1.0760287379654183,10000,10000,True,False,True,/content/cv3d-project/data/cache/reconstruction/predictions/02958343/186646b16a670b7d69a949ac99a843c4/640319e2d0bc462d9b4e86b4.npz,bdc6352bb8c4a64a873d51a1445e1c87f3f04446e637a72ed269ce1e8c44beb6,/content/cv3d-project/data/cache/reconstruction/metrics/02958343/186646b16a670b7d69a949ac99a843c4/65ff4d4a05cc4f909d89c3d8.json,11.482846000035352
02958343/186646b16a670b7d69a949ac99a843c4,oracle,5,"[0, 26, 22, 13, 9]",1.2593095059085628,1.3253890821890115,1.3914686584694602,0.0,0.0,0.0,1.9832237746841317,0.0,0.0,0.0,0.0,0.0,0.0,camera_pose_sim3,2.343857298602663,0.8949598353580962,10000,10000,True,False,True,/content/cv3d-project/data/cache/reconstruction/predictions/02958343/186646b16a670b7d69a949ac99a843c4/9f2434cd19c51a91336d68c8.npz,4326b2e2405dbb40d5fd9707c2b752d01814e19bcddc3f620bb81e0d3dc45e5a,/content/cv3d-project/data/cache/reconstruction/metrics/02958343/186646b16a670b7d69a949ac99a843c4/5ea515724b2d882e6c8194b8.json,11.665409999750409
02958343/186646b16a670b7d69a949ac99a843c4,oracle,10,"[0, 26, 22, 13, 9, 42, 27, 29, 6, 33]",0.8291721772454225,0.8866705848256196,0.9441689924058166,0.0,0.0,0.0,1.9832237746841317,0.0,0.0,0.0,0.0,0.0,0.0,camera_pose_sim3,1.5578781916041264,1.1768631213278697,10000,10000,True,False,True,/content/cv3d-project/data/cache/reconstruction/predictions/02958343/186646b16a670b7d69a949ac99a843c4/acf8d4af77affd7c5e4e6e3a.npz,a51d999b68c139d63968d7256cfdc5a09f21fcdd7aafe0e8cf3d1a8049640103,/content/cv3d-project/data/cache/reconstruction/metrics/02958343/186646b16a670b7d69a949ac99a843c4/a7bc3bceba60cc1d960da587.json,11.989627000275505
02958343/187b002f0af1ab5a473f10e6caaeca56,oracle,1,[0],3.6575361161414413,3.854358311259558,4.0511805063776745,0.0,0.0,0.0,1.9726864164438027,0.0,0.0,0.0,0.0,0.0,0.0,camera_rotation_center_and_target_diameter_scale_single_view,10.884074965716074,0.0,10000,10000,True,True,True,/content/cv3d-project/data/cache/reconstruction/predictions/02958343/187b002f0af1ab5a473f10e6caaeca56/5f4d3f3d495db42dc5914924.npz,a9bcdcc708a38357f2dc35836916e7b1cdca74798d741a303ff7c76f180810cb,/content/cv3d-project/data/cache/reconstruction/metrics/02958343/187b002f0af1ab5a473f10e6caaeca56/cc7d839a4e7be8dee1948720.json,3.7171460003264656
02958343/187b002f0af1ab5a473f10e6caaeca56,oracle,2,"[0, 17]",0.30339021441768455,0.3749151022766003,0.4464399901355161,0.0,0.0,0.0,1.9726864164438027,0.0,0.0,0.0,0.0,0.0,0.0,camera_pose_sim3,1.6445504766984342,0.8764233774586521,10000,10000,True,False,True,/content/cv3d-project/data/cache/reconstruction/predictions/02958343/187b002f0af1ab5a473f10e6caaeca56/09a34bafa7a8c864eaa5feb6.npz,0f5ee6116953720821ea8244a4687f0347f0f208f58bf49a510c7b07198f5b8f,/content/cv3d-project/data/cache/reconstruction/metrics/02958343/187b002f0af1ab5a473f10e6caaeca56/058dc9c5c142179a6c11baf7.json,11.652099000002636
02958343/187b002f0af1ab5a473f10e6caaeca56,oracle,3,"[0, 17, 44]",2.9759808479377607,3.091248630982076,3.2065164140263915,0.0,0.0,0.0,1.9726864164438027,0.0,0.0,0.0,0.0,0.0,0.0,camera_pose_sim3_positive_scale_fallback,4.465631449029378,1.257358683253946,10000,10000,True,False,True,/content/cv3d-project/data/cache/reconstruction/predictions/02958343/187b002f0af1ab5a473f10e6caaeca56/90fcc86262b4c97421e45e76.npz,c9e11de50237d6c19b7e6227074ea59abe9cf558c9e2d5dc1f7e6c6f87adc857,/content/cv3d-project/data/cache/reconstruction/metrics/02958343/187b002f0af1ab5a473f10e6caaeca56/d829323fec242e455baffcba.json,11.372107000170217
02958343/187b002f0af1ab5a473f10e6caaeca56,oracle,5,"[0, 17, 44, 19, 15]",0.7150248648621504,0.7542396250078603,0.7934543851535703,0.0,0.0,0.0,1.9726864164438027,0.0,0.0,0.0,0.0,0.0,0.0,camera_pose_sim3,2.4537767197594578,0.646886030672402,10000,10000,True,False,True,/content/cv3d-project/data/cache/reconstruction/predictions/02958343/187b002f0af1ab5a473f10e6caaeca56/24144a22c420da7529668de6.npz,718da9f9eacdcc2f2ace7c12ca9c0937670ba19d9288aff0330e878f5d031106,/content/cv3d-project/data/cache/reconstruction/metrics/02958343/187b002f0af1ab5a473f10e6caaeca56/2a81b9b8cf5044d994913cf1.json,11.11629399974845
02958343/187b002f0af1ab5a473f10e6caaeca56,oracle,10,"[0, 17, 44, 19, 15, 43, 24, 8, 21, 40]",0.1246248279612315,0.174240235144244,0.2238556423272565,0.13554374695863744,0.0,0.0032969696969696967,1.9726864164438027,0.3254,0.0,0.0032,0.0856,0.0,0.0034,camera_pose_sim3,2.3561241504641943,0.5019365655202721,10000,10000,True,False,True,/content/cv3d-project/data/cache/reconstruction/predictions/02958343/187b002f0af1ab5a473f10e6caaeca56/35d4e25e94be60609087118b.npz,9897391e9f2830e6802aee33bafc2059a2b47f67d4fd520107d5f5144d53f6d2,/content/cv3d-project/data/cache/reconstruction/metrics/02958343/187b002f0af1ab5a473f10e6caaeca56/9572e02fccf7cc50452f8b3d.json,11.48893700019471
02958343/189c2b53ef76d02978a20fe14185667,oracle,1,[0],2.8152598036422223,3.0097946296211755,3.2043294556001287,0.0,0.0,0.0,1.9993989771695817,0.0,0.0,0.0,0.0,0.0,0.0,camera_rotation_center_and_target_diameter_scale_single_view,9.33815520091482,0.0,10000,10000,True,True,True,/content/cv3d-project/data/cache/reconstruction/predictions/02958343/189c2b53ef76d02978a20fe14185667/d6a4ec11fb64459a24d718d0.npz,773d0bc10fb44223cc1144253ece776050fd1968564944d7c46a68e899c0333c,/content/cv3d-project/data/cache/reconstruction/metrics/02958343/189c2b53ef76d02978a20fe14185667/e8428efb6106d0c99f907667.json,3.6844230003225675
02958343/189c2b53ef76d02978a20fe14185667,oracle,2,"[0, 35]",1.7573319685179625,1.8692635506401654,1.9811951327623682,0.0,0.0,0.0,1.9993989771695817,0.0,0.0,0.0,0.0,0.0,0.0,camera_pose_sim3,3.04236501752322,0.37273125221945863,10000,10000,True,False,True,/content/cv3d-project/data/cache/reconstruction/predictions/02958343/189c2b53ef76d02978a20fe14185667/fc2a7caf30acfedb9371d97c.npz,bd252e3670245c89d1b3aad95ad1d1e5a30e29b935ea18a86cbd12e1446f780f,/content/cv3d-project/data/cache/reconstruction/metrics/02958343/189c2b53ef76d02978a20fe14185667/3d6defe0742e4435c65de3f5.json,10.98398600015571
02958343/189c2b53ef76d02978a20fe14185667,oracle,3,"[0, 35, 39]",0.03839850249618455,0.10157871672388144,0.16475893095157831,0.35427733265720085,0.03407482736974262,0.06974185338865838,1.9993989771695817,0.9663,0.1399,0.3224,0.2169,0.0194,0.0391,camera_pose_sim3,2.4824341440422586,0.1795092860172149,10000,10000,True,False,True,/content/cv3d-project/data/cache/reconstruction/predictions/02958343/189c2b53ef76d02978a20fe14185667/18e9530b04091db2fe3fdbca.npz,4492d60996f67c27886a19b3ccd0405a930e66e1887dc9f0963ea1fc87fd1580,/content/cv3d-project/data/cache/reconstruction/metrics/02958343/189c2b53ef76d02978a20fe14185667/63d3eaf562bdb47ecaa28c0a.json,11.035220999929152
02958343/189c2b53ef76d02978a20fe14185667,oracle,5,"[0, 35, 39, 17, 36]",0.05288242517105608,0.0865436617176008,0.12020489826414553,0.5743140979344216,0.0017302325581395348,0.006345323741007194,1.9993989771695817,0.9781,0.0031,0.009,0.4065,0.0012,0.0049,camera_pose_sim3,2.398824900827453,0.14736773203873596,10000,10000,True,False,True,/content/cv3d-project/data/cache/reconstruction/predictions/02958343/189c2b53ef76d02978a20fe14185667/5b05feb89183632c22715727.npz,c64e9c0244879965d01a6816bce0dff208e6dae073e39d9fcad0e79c2480a53d,/content/cv3d-project/data/cache/reconstruction/metrics/02958343/189c2b53ef76d02978a20fe14185667/4756e7663ae568bfc7681059.json,11.135374999867054
02958343/189c2b53ef76d02978a20fe14185667,oracle,10,"[0, 35, 39, 17, 36, 41, 16, 27, 24, 2]",0.05398171243218261,0.07438631761605818,0.09479092279993377,0.7660892359174567,0.004148148148148147,0.015588324873096446,1.9993989771695817,0.9882,0.008,0.0287,0.6255,0.0028,0.0107,camera_pose_sim3,2.5446024566125494,0.1324651552786383,10000,10000,True,False,True,/content/cv3d-project/data/cache/reconstruction/predictions/02958343/189c2b53ef76d02978a20fe14185667/31e9b2a770d8a9df43bda47c.npz,352d84a15df31fe05b0f1754cd6b0b0c7d70180b9217f0f349412b15a1bac449,/content/cv3d-project/data/cache/reconstruction/metrics/02958343/189c2b53ef76d02978a20fe14185667/43d6ec3a269068cd259769eb.json,11.507439000070008
02958343/189cffefcdd5cb071a126804ae24042,oracle,1,[0],3.9557097169388116,4.17444370084297,4.393177684747127,0.0,0.0,0.0,1.9816394471896945,0.0,0.0,0.0,0.0,0.0,0.0,camera_rotation_center_and_target_diameter_scale_single_view,11.653387394687261,0.0,7361,10000,True,True,True,/content/cv3d-project/data/cache/reconstruction/predictions/02958343/189cffefcdd5cb071a126804ae24042/42d22e9cd7aaa31fa704d7c5.npz,0cb90059a63854a5768155724ac8723f0117842f105d6c0e60f4b147ffdc1369,/content/cv3d-project/data/cache/reconstruction/metrics/02958343/189cffefcdd5cb071a126804ae24042/ef803dd50173964f10fcfba7.json,3.392016999896441
02958343/189cffefcdd5cb071a126804ae24042,oracle,2,"[0, 17]",0.6054608082149053,0.6485573630289094,0.6916539178429136,0.0,0.0,0.0,1.9816394471896945,0.0,0.0,0.0,0.0,0.0,0.0,camera_pose_sim3,2.814111324921014,0.4660671213256743,10000,10000,True,False,True,/content/cv3d-project/data/cache/reconstruction/predictions/02958343/189cffefcdd5cb071a126804ae24042/6d4fc938a754c803eb7d54f0.npz,15748cad11c323ffd0236e7b070978fbb165adc7a8cf217984a88f307e872b38,/content/cv3d-project/data/cache/reconstruction/metrics/02958343/189cffefcdd5cb071a126804ae24042/07a919d972ae76eaeb9f64ad.json,11.250478999954794
02958343/189cffefcdd5cb071a126804ae24042,oracle,3,"[0, 17, 44]",0.03170423626839193,0.05852721745426726,0.0853501986401426,0.8001679764832924,0.05864209973753281,0.15424434180138566,1.9816394471896945,1.0,0.1543,0.4254,0.6669,0.0362,0.0942,camera_pose_sim3,2.5507354750972246,0.1099873323540714,10000,10000,True,False,True,/content/cv3d-project/data/cache/reconstruction/predictions/02958343/189cffefcdd5cb071a126804ae24042/e4708acaae049bc6dff10f9e.npz,22507ee5b33aa4c6c76301588916a31651fecfeb06dded6b2f7841cb729538c1,/content/cv3d-project/data/cache/reconstruction/metrics/02958343/189cffefcdd5cb071a126804ae24042/062275bfefb264aa0b8c7491.json,11.116648000097484
02958343/189cffefcdd5cb071a126804ae24042,oracle,5,"[0, 17, 44, 19, 15]",0.024205029897256702,0.0473175681607078,0.0704301064241589,0.8870339454646633,0.13872755,0.25359976290832453,1.9816394471896945,1.0,0.3107,0.5983,0.797,0.0893,0.1609,camera_pose_sim3,2.5706861813810917,0.12402914598540772,10000,10000,True,False,True,/content/cv3d-project/data/cache/reconstruction/predictions/02958343/189cffefcdd5cb071a126804ae24042/71635203c9600012d887389a.npz,f0b5997bcd4bae3613b16512828106dafe57e06799dd4242e9fb070cb75b5f9e,/content/cv3d-project/data/cache/reconstruction/metrics/02958343/189cffefcdd5cb071a126804ae24042/95eb9f8d53976c6acdd59f50.json,11.217836000014358
02958343/189cffefcdd5cb071a126804ae24042,oracle,10,"[0, 17, 44, 19, 15, 27, 24, 34, 2, 30]",0.03194620612630743,0.044478670911387644,0.05701113569646786,0.9180416553962673,0.06470524899057874,0.17888919540229886,1.9816394471896945,1.0,0.101,0.2532,0.8485,0.0476,0.1383,camera_pose_sim3,2.5808702399353862,0.06941352682650058,10000,10000,True,False,True,/content/cv3d-project/data/cache/reconstruction/predictions/02958343/189cffefcdd5cb071a126804ae24042/8a480b08e095ab06ef4f51f9.npz,40ee08dea03c146ac3abdf44acf0d4975d15f180e9ce0fddcf23f16fcea676cd,/content/cv3d-project/data/cache/reconstruction/metrics/02958343/189cffefcdd5cb071a126804ae24042/3765479830a58b1db2dfb92c.json,11.533387999861588
02958343/18a9275b78be4b9ec6d3267fc5334296,oracle,1,[0],3.7170697968542767,3.920317559459521,4.123565322064766,0.0,0.0,0.0,1.9730507118991891,0.0,0.0,0.0,0.0,0.0,0.0,camera_rotation_center_and_target_diameter_scale_single_view,11.090353909061072,0.0,10000,10000,True,True,True,/content/cv3d-project/data/cache/reconstruction/predictions/02958343/18a9275b78be4b9ec6d3267fc5334296/245bd909f2ca80617b33657f.npz,6af01a3bb24552aaa14ce5191881abd5d8b5c61e4d1ee497af634b8e89f4d348,/content/cv3d-project/data/cache/reconstruction/metrics/02958343/18a9275b78be4b9ec6d3267fc5334296/13ba520d5d20ba39eec54139.json,3.617827999732981
02958343/18a9275b78be4b9ec6d3267fc5334296,oracle,2,"[0, 35]",0.03543289882699033,0.16965038778176916,0.30386787673654797,0.10964083175803403,0.004173433734939759,0.008889675837646417,1.9730507118991891,1.0,0.3299,0.3626,0.058,0.0021,0.0045,camera_pose_sim3,1.0640786669590356,1.0737507140381461,10000,10000,True,False,True,/content/cv3d-project/data/cache/reconstruction/predictions/02958343/18a9275b78be4b9ec6d3267fc5334296/07533cda383c74394b6f7d94.npz,74a6b1e3aa068d8fff9321961cb3846c75bcfab5cc09934d26d06f3131bd8519,/content/cv3d-project/data/cache/reconstruction/metrics/02958343/18a9275b78be4b9ec6d3267fc5334296/fb28027965c5b546430cb8a8.json,10.868009000205348
02958343/18a9275b78be4b9ec6d3267fc5334296,oracle,3,"[0, 35, 31]",0.0361694337956582,0.10029685673965962,0.16442427968366102,0.32467750041883064,0.029206680026720108,0.0630049537451507,1.9730507118991891,1.0,0.1333,0.2999,0.1938,0.0164,0.0352,camera_pose_sim3,2.3471358386351437,0.16593556643502616,10000,10000,True,False,True,/content/cv3d-project/data/cache/reconstruction/predictions/02958343/18a9275b78be4b9ec6d3267fc5334296/52d260be9686f623083587b6.npz,6e3b09ea0f8af942f649e04de4fece84d082c284fdad914ccced91ff9576fe34,/content/cv3d-project/data/cache/reconstruction/metrics/02958343/18a9275b78be4b9ec6d3267fc5334296/ab865ff6ffb572714a1a0e1f.json,11.0491809996347
02958343/18a9275b78be4b9ec6d3267fc5334296,oracle,5,"[0, 35, 31, 25, 43]",0.04385390407658634,0.09331323470555962,0.1427725653345329,0.40812960759086525,0.03271606672519755,0.07824950086058521,1.9730507118991891,0.9863,0.0941,0.2439,0.2573,0.0198,0.0466,camera_pose_sim3,2.4583774684795157,0.14837652506750013,10000,10000,True,False,True,/content/cv3d-project/data/cache/reconstruction/predictions/02958343/18a9275b78be4b9ec6d3267fc5334296/17deb8c75677031ef2a8f329.npz,eb86366e69fbc27072921f2c83ec2bc2a993f23a7ac4c913a9596be34d8dd0e9,/content/cv3d-project/data/cache/reconstruction/metrics/02958343/18a9275b78be4b9ec6d3267fc5334296/e8c724add741d85010b6657d.json,11.211615000320307
02958343/18a9275b78be4b9ec6d3267fc5334296,oracle,10,"[0, 35, 31, 25, 43, 26, 18, 8, 10, 42]",0.047790590741310104,0.09167540090486509,0.1355602110684201,0.4286794527048403,0.04996240282685512,0.11392355527638191,1.9730507118991891,0.9909,0.1091,0.2441,0.2735,0.0324,0.0743,camera_pose_sim3,2.596984541288964,0.16379085278443065,10000,10000,True,False,True,/content/cv3d-project/data/cache/reconstruction/predictions/02958343/18a9275b78be4b9ec6d3267fc5334296/bd2d98c11af84f16f12cf574.npz,9f190df5e0d259cd8b4569a675907db6cc3907b9558f7d62a3e0c24047332ade,/content/cv3d-project/data/cache/reconstruction/metrics/02958343/18a9275b78be4b9ec6d3267fc5334296/db3f6a7bb9b9b325b9dfd82f.json,11.430254000060813
02958343/18aad9d102afbca57ba2273581c30cb,oracle,1,[0],4.206370676072771,4.412860169908216,4.61934966374366,0.0,0.0,0.0,1.9928073365160488,0.0,0.0,0.0,0.0,0.0,0.0,camera_rotation_center_and_target_diameter_scale_single_view,12.167510931057604,0.0,10000,10000,True,True,True,/content/cv3d-project/data/cache/reconstruction/predictions/02958343/18aad9d102afbca57ba2273581c30cb/66c8c0145b6bbcdf23924ee4.npz,0c5f57b786cba247a31dbe72660defc9ed6ff06da8df085d25250abb94931b08,/content/cv3d-project/data/cache/reconstruction/metrics/02958343/18aad9d102afbca57ba2273581c30cb/b03137b912c544c441540dfc.json,3.7295779998203216
02958343/18aad9d102afbca57ba2273581c30cb,oracle,2,"[0, 35]",0.17105850938184244,0.28913325187546085,0.40720799436907923,0.0,0.0,0.0,1.9928073365160488,0.0,0.0,0.0,0.0,0.0,0.0,camera_pose_sim3,1.1978162016093017,1.0062730211985376,10000,10000,True,False,True,/content/cv3d-project/data/cache/reconstruction/predictions/02958343/18aad9d102afbca57ba2273581c30cb/8a00d09255a9e0cba46ac796.npz,1c450c41ef48c22ab21a9dbd06b2b898c6e310fa6a89b760bf117b74bdc6ff51,/content/cv3d-project/data/cache/reconstruction/metrics/02958343/18aad9d102afbca57ba2273581c30cb/538bda8bbb94c7701278e619.json,10.920711999915511
02958343/18aad9d102afbca57ba2273581c30cb,oracle,3,"[0, 35, 39]",0.7845410950391589,0.8266031017218375,0.868665108404516,0.0,0.0,0.0,1.9928073365160488,0.0,0.0,0.0,0.0,0.0,0.0,camera_pose_sim3,2.620508348063798,0.7242939512917514,10000,10000,True,False,True,/content/cv3d-project/data/cache/reconstruction/predictions/02958343/18aad9d102afbca57ba2273581c30cb/40aa89bd97d7944f0acb76d9.npz,693fc9cb9a2775a4fc3eb8f07ff2facbbe4fd8cc43276bd33e4efcf5b0e3cef1,/content/cv3d-project/data/cache/reconstruction/metrics/02958343/18aad9d102afbca57ba2273581c30cb/b5772484a39e8eb235f5665a.json,10.987876999934088
02958343/18aad9d102afbca57ba2273581c30cb,oracle,5,"[0, 35, 39, 9, 18]",0.2893676407148752,0.35808230396857976,0.4267969672222844,0.0,0.0,0.0,1.9928073365160488,0.0,0.0,0.0,0.0,0.0,0.0,camera_pose_sim3,1.9997838389673142,0.600952935238696,10000,10000,True,False,True,/content/cv3d-project/data/cache/reconstruction/predictions/02958343/18aad9d102afbca57ba2273581c30cb/250b084bb3bd4300f77614dd.npz,129c6c37df96d50bfe0f0a2526ee4b418dbe883f73592e3bf1402a85dcd0ae2f,/content/cv3d-project/data/cache/reconstruction/metrics/02958343/18aad9d102afbca57ba2273581c30cb/2f322d91347931409bd7ab71.json,11.076013000092644
02958343/18aad9d102afbca57ba2273581c30cb,oracle,10,"[0, 35, 39, 9, 18, 10, 30, 25, 17, 26]",0.021552031725604576,0.10699379345055304,0.1924355551755015,0.40025595904655253,0.029509739263803677,0.06185537583254044,1.9928073365160488,1.0,0.2451,0.4925,0.2502,0.0157,0.033,camera_pose_sim3,1.603703376153761,0.9787372873147631,10000,10000,True,False,True,/content/cv3d-project/data/cache/reconstruction/predictions/02958343/18aad9d102afbca57ba2273581c30cb/ba2d1783ad8baf60f5e02d98.npz,c9f3340b559251af6d5f9e4d766225bf65bb1127fdee1ee74f1690cff7f171b3,/content/cv3d-project/data/cache/reconstruction/metrics/02958343/18aad9d102afbca57ba2273581c30cb/60ab72d9d0b4b8bd0dcde760.json,11.552937000033126
02958343/18c06b8c38623c0b4046e8fe9dfc34b5,oracle,1,[0],5.441878695870552,5.659210032728955,5.8765413695873585,0.0,0.0,0.0,1.9844557801796183,0.0,0.0,0.0,0.0,0.0,0.0,camera_rotation_center_and_target_diameter_scale_single_view,14.497654592108416,0.0,10000,10000,True,True,True,/content/cv3d-project/data/cache/reconstruction/predictions/02958343/18c06b8c38623c0b4046e8fe9dfc34b5/e8c6a3569c8f2e338397d9e5.npz,c347b12d18f2a7f12f557cf9b8508a96c8d7d0867602ee0499eb65d41f4fc56e,/content/cv3d-project/data/cache/reconstruction/metrics/02958343/18c06b8c38623c0b4046e8fe9dfc34b5/c455603f944c42e2961f1ccc.json,3.6753599997609854
02958343/18c06b8c38623c0b4046e8fe9dfc34b5,oracle,2,"[0, 26]",0.33159320869822273,0.44454834460494747,0.5575034805116722,0.0,0.0,0.0,1.9844557801796183,0.0,0.0,0.0,0.0,0.0,0.0,camera_pose_sim3,1.4553691579442989,0.8753101056253748,10000,10000,True,False,True,/content/cv3d-project/data/cache/reconstruction/predictions/02958343/18c06b8c38623c0b4046e8fe9dfc34b5/f5577e13f5283f0ee63416b2.npz,23c3569246794375ed44cede9b19039412617cd2bcb051adcc1dd00fae156a1d,/content/cv3d-project/data/cache/reconstruction/metrics/02958343/18c06b8c38623c0b4046e8fe9dfc34b5/95ea34540d1a3f5c736aa93d.json,11.473681000097713
02958343/18c06b8c38623c0b4046e8fe9dfc34b5,oracle,3,"[0, 26, 31]",0.5289112356684287,0.6572848103410958,0.785658385013763,0.0,0.0,0.0,1.9844557801796183,0.0,0.0,0.0,0.0,0.0,0.0,camera_pose_sim3,2.535925236991053,0.900114521697111,10000,10000,True,False,True,/content/cv3d-project/data/cache/reconstruction/predictions/02958343/18c06b8c38623c0b4046e8fe9dfc34b5/78d0b65193375502b59c5e92.npz,6e77b1dfbbb875b4ad4e141d5f6698f4e7a34f3a7d88401861403927da6c3821,/content/cv3d-project/data/cache/reconstruction/metrics/02958343/18c06b8c38623c0b4046e8fe9dfc34b5/02be2a73904fe06c6177d10b.json,11.244803999943542
02958343/18c06b8c38623c0b4046e8fe9dfc34b5,oracle,5,"[0, 26, 31, 27, 17]",0.5353158816932876,0.6261996571869299,0.7170834326805723,0.0,0.0,0.0,1.9844557801796183,0.0,0.0,0.0,0.0,0.0,0.0,camera_pose_sim3,1.0860321068406613,1.2381789164864223,10000,10000,True,False,True,/content/cv3d-project/data/cache/reconstruction/predictions/02958343/18c06b8c38623c0b4046e8fe9dfc34b5/1f5a5abd23664770b3eb1b19.npz,15b45e6530670bfa9c4c54a0c401736ee2e11bfb9b6977823cce444d684dec12,/content/cv3d-project/data/cache/reconstruction/metrics/02958343/18c06b8c38623c0b4046e8fe9dfc34b5/9dda81523985bff3dbbfe5cb.json,11.370107999937318
02958343/18c06b8c38623c0b4046e8fe9dfc34b5,oracle,10,"[0, 26, 31, 27, 17, 18, 34, 2, 24, 37]",0.35201070985777705,0.4114293046977481,0.47084789953771916,0.0,0.0,0.0,1.9844557801796183,0.0,0.0,0.0,0.0,0.0,0.0,camera_pose_sim3,2.144560293680404,0.9162358223043414,10000,10000,True,False,True,/content/cv3d-project/data/cache/reconstruction/predictions/02958343/18c06b8c38623c0b4046e8fe9dfc34b5/49cad090fcba144fc29739e9.npz,5e9f2cce97f68dc862a6725dee2b95514c10f1b781173a21264624809402024e,/content/cv3d-project/data/cache/reconstruction/metrics/02958343/18c06b8c38623c0b4046e8fe9dfc34b5/40cc982922c074a68a072eb8.json,11.792337999850133
02958343/18cd6293d7b17a698ce68842a487b19,oracle,1,[0],2.286584505163581,2.502494606870783,2.7184047085779848,0.0,0.0,0.0,1.9714814295415997,0.0,0.0,0.0,0.0,0.0,0.0,camera_rotation_center_and_target_diameter_scale_single_view,8.1446249702874,0.0,10000,10000,True,True,True,/content/cv3d-project/data/cache/reconstruction/predictions/02958343/18cd6293d7b17a698ce68842a487b19/c7a54ece7baf06925443f1fe.npz,b539c36ae8d4fe7df082449daa4a2980c051a0e210f2ce9dff8b989c5d6dd056,/content/cv3d-project/data/cache/reconstruction/metrics/02958343/18cd6293d7b17a698ce68842a487b19/116fd5e99999d030e095be63.json,3.68425600026967
02958343/18cd6293d7b17a698ce68842a487b19,oracle,2,"[0, 17]",0.055961541328064184,0.14999738956977543,0.24403323781148667,0.21660630820066085,0.002012403100775194,0.00492520325203252,1.9714814295415997,0.8751,0.0118,0.0466,0.1236,0.0011,0.0026,camera_pose_sim3,1.6233040626657844,0.7898319215932091,10000,10000,True,False,True,/content/cv3d-project/data/cache/reconstruction/predictions/02958343/18cd6293d7b17a698ce68842a487b19/264ae2cc38ba2245dc5f8a4f.npz,264cc0a6f927fe303565e708f2058f05b34682708c44d8170f936cf80820ce5b,/content/cv3d-project/data/cache/reconstruction/metrics/02958343/18cd6293d7b17a698ce68842a487b19/890db9b895ae98898d11befe.json,11.068523000176356
02958343/18cd6293d7b17a698ce68842a487b19,oracle,3,"[0, 17, 44]",0.25495872245687634,0.3026850479535173,0.35041137345015827,0.0,0.0,0.0,1.9714814295415997,0.0,0.0,0.0,0.0,0.0,0.0,camera_pose_sim3,2.5437774974921905,0.22867364266088486,10000,10000,True,False,True,/content/cv3d-project/data/cache/reconstruction/predictions/02958343/18cd6293d7b17a698ce68842a487b19/677e891e2e89bf39d7e65923.npz,f0198d63475361435165eb11281eee48204e0b023d9b836e7cd460835ece1070,/content/cv3d-project/data/cache/reconstruction/metrics/02958343/18cd6293d7b17a698ce68842a487b19/e80f4878a66e85c4e59ef95d.json,11.047647999930632
02958343/18cd6293d7b17a698ce68842a487b19,oracle,5,"[0, 17, 44, 34, 19]",0.03210990129555509,0.06773688578660744,0.1033638702776598,0.7028990206887606,0.047405008736167736,0.11827736361392249,1.9714814295415997,1.0,0.1433,0.3332,0.5419,0.0284,0.0719,camera_pose_sim3,2.523640525509266,0.12852529989142736,10000,10000,True,False,True,/content/cv3d-project/data/cache/reconstruction/predictions/02958343/18cd6293d7b17a698ce68842a487b19/81878ee09447a85d30287688.npz,a268d4fac364d12f939e6b2bb000947b1394592b5412a550d37041a98d422b37,/content/cv3d-project/data/cache/reconstruction/metrics/02958343/18cd6293d7b17a698ce68842a487b19/c1588544007df37bf13d0b4e.json,11.442978999639308
02958343/18cd6293d7b17a698ce68842a487b19,oracle,10,"[0, 17, 44, 34, 19, 32, 25, 10, 29, 42]",0.019724170350018264,0.04419081408107965,0.06865745781214104,0.8599441372627259,0.13852487804878047,0.27785742871435715,1.9714814295415997,1.0,0.2766,0.6206,0.7543,0.0924,0.179,camera_pose_sim3,2.440557517404248,0.10865902198239727,10000,10000,True,False,True,/content/cv3d-project/data/cache/reconstruction/predictions/02958343/18cd6293d7b17a698ce68842a487b19/9de6167c8d13cf73e508a07b.npz,b266de0950580061d972f12ed25d7e817a3c7a778bc81f36e3e5450f501ae6fb,/content/cv3d-project/data/cache/reconstruction/metrics/02958343/18cd6293d7b17a698ce68842a487b19/79d3ed2fab1dd224a58355fc.json,11.657331000151316
02958343/18d9ac72442260e0e97c6bb243ef67d,oracle,1,[0],3.6772578093637174,3.8976510286351647,4.118044247906612,0.0,0.0,0.0,1.9941201374967,0.0,0.0,0.0,0.0,0.0,0.0,camera_rotation_center_and_target_diameter_scale_single_view,11.075966006618925,0.0,10000,10000,True,True,True,/content/cv3d-project/data/cache/reconstruction/predictions/02958343/18d9ac72442260e0e97c6bb243ef67d/2694fffdf32351371da53dd7.npz,b7e9e902ca5761844ad7afc09b7ca4657e53641cb23e94041e324844f777c241,/content/cv3d-project/data/cache/reconstruction/metrics/02958343/18d9ac72442260e0e97c6bb243ef67d/80eb2b291cf35e7e026b8456.json,3.6863840000478376
02958343/18d9ac72442260e0e97c6bb243ef67d,oracle,2,"[0, 35]",0.04531376734319656,0.1056321840572683,0.16595060077134005,0.3493059541197697,0.012701263362487851,0.037600800582241634,1.9941201374967,0.9499,0.0961,0.2545,0.214,0.0068,0.0203,camera_pose_sim3,2.3580847319058456,0.13163561059230233,10000,10000,True,False,True,/content/cv3d-project/data/cache/reconstruction/predictions/02958343/18d9ac72442260e0e97c6bb243ef67d/7660f994bb39a00dad7d9642.npz,002ca1a3b14c6605ab4958fb589bebcf1684e9f96397d34dff25b9116cd6cb1a,/content/cv3d-project/data/cache/reconstruction/metrics/02958343/18d9ac72442260e0e97c6bb243ef67d/e7d94ccffe4706e4eb7be536.json,12.743812999815418
02958343/18d9ac72442260e0e97c6bb243ef67d,oracle,3,"[0, 35, 31]",0.057966302895752754,0.08734950101087491,0.11673269912599706,0.6436913865832086,0.00019999999999999998,0.013622003929273083,1.9941201374967,0.9938,0.0002,0.0428,0.476,0.0002,0.0081,camera_pose_sim3,2.3213583599742935,0.18894630148872735,10000,10000,True,False,True,/content/cv3d-project/data/cache/reconstruction/predictions/02958343/18d9ac72442260e0e97c6bb243ef67d/3466de22afb9f427cf330b25.npz,479d4dd80973b4c4ea041b79e11a4451b8fdc7910d47a681b3bfb6b8faeef8e3,/content/cv3d-project/data/cache/reconstruction/metrics/02958343/18d9ac72442260e0e97c6bb243ef67d/e123ef3448303b84d2cc5faf.json,11.286488000223471
02958343/18d9ac72442260e0e97c6bb243ef67d,oracle,5,"[0, 35, 31, 17, 12]",0.03317368428191028,0.06812459674081335,0.10307550919971642,0.6343006113414377,0.062378329571106096,0.2110324581689566,1.9941201374967,0.946,0.1368,0.6074,0.4771,0.0404,0.1277,camera_pose_sim3,2.3478831570879533,0.15852837896582636,10000,10000,True,False,True,/content/cv3d-project/data/cache/reconstruction/predictions/02958343/18d9ac72442260e0e97c6bb243ef67d/00cec74888e92ba707df25d9.npz,8c3189ab5ca0533e05b95a9bc986d0164ee1b435e51533d8ac9b3e9ac23190e9,/content/cv3d-project/data/cache/reconstruction/metrics/02958343/18d9ac72442260e0e97c6bb243ef67d/fc36ed76a445f456f491b9b6.json,11.283825999726105
02958343/18d9ac72442260e0e97c6bb243ef67d,oracle,10,"[0, 35, 31, 17, 12, 40, 16, 18, 20, 2]",0.046864362438230084,0.06791096963104715,0.0889575768238642,0.7991340305325159,0.01031523178807947,0.031043478260869565,1.9941201374967,0.997,0.0236,0.0595,0.6668,0.0066,0.021,camera_pose_sim3,2.3203700255117514,0.10953264849124728,10000,10000,True,False,True,/content/cv3d-project/data/cache/reconstruction/predictions/02958343/18d9ac72442260e0e97c6bb243ef67d/0b979923d568a3ee262d8665.npz,f12219cfc99db97c8eede46ac3c5b47a0af14d9ce4d55b5d94f8e3777825140c,/content/cv3d-project/data/cache/reconstruction/metrics/02958343/18d9ac72442260e0e97c6bb243ef67d/9bd73ad890fbba0cd31b334b.json,11.955475999911869
02958343/18da5e80080352be294d52e32dbd135b,oracle,1,[0],2.1670858652423366,2.3171307018332525,2.467175538424168,0.0,0.0,0.0,1.9913347768494645,0.0,0.0,0.0,0.0,0.0,0.0,camera_rotation_center_and_target_diameter_scale_single_view,8.07171356142052,0.0,10000,10000,True,True,True,/content/cv3d-project/data/cache/reconstruction/predictions/02958343/18da5e80080352be294d52e32dbd135b/0f4b8125e8f35b1d92b92680.npz,d7aad580ac2f0197cea1be7ddd34833bcaba8c2bcded8c8dd104ec7e0bb72f17,/content/cv3d-project/data/cache/reconstruction/metrics/02958343/18da5e80080352be294d52e32dbd135b/d0d4339c085378ad3cba0181.json,3.690559000006033
02958343/18da5e80080352be294d52e32dbd135b,oracle,2,"[0, 36]",0.032840162445927704,0.08938724824855107,0.14593433405117445,0.4393452041933969,0.02082510985561833,0.057369987515605486,1.9913347768494645,0.9964,0.1481,0.3694,0.2818,0.0112,0.0311,camera_pose_sim3,2.5203341935578525,0.08597415357354705,10000,10000,True,False,True,/content/cv3d-project/data/cache/reconstruction/predictions/02958343/18da5e80080352be294d52e32dbd135b/956678baa4816cb671070d50.npz,622e87f77c1a7ed94df1898cc43052a64e0fcc47b73e54242a822d187e5ac98a,/content/cv3d-project/data/cache/reconstruction/metrics/02958343/18da5e80080352be294d52e32dbd135b/333a6d01fc47adc7bb6478e7.json,11.057825000079902
02958343/18da5e80080352be294d52e32dbd135b,oracle,3,"[0, 36, 9]",0.03534825877825147,0.081295147224278,0.12724203567030454,0.5999610344102599,0.02635036496350365,0.08788556368960468,1.9913347768494645,0.998,0.1083,0.2897,0.4289,0.015,0.0518,camera_pose_sim3,2.5464326211708306,0.16677060904603774,10000,10000,True,False,True,/content/cv3d-project/data/cache/reconstruction/predictions/02958343/18da5e80080352be294d52e32dbd135b/cc21999be0d0dfb84bbcbf17.npz,2a6de75d721eda690555bd7c6571c4436e934eb8391204cd151004a5f0dbb31e,/content/cv3d-project/data/cache/reconstruction/metrics/02958343/18da5e80080352be294d52e32dbd135b/8c99848d40c3d04fab877dcb.json,10.92553799981033
02958343/18da5e80080352be294d52e32dbd135b,oracle,5,"[0, 36, 9, 23, 34]",0.02604686354925291,0.06151606166295396,0.09698525977665501,0.7141571299987141,0.0981090595340811,0.20653966977745872,1.9913347768494645,1.0,0.2886,0.5704,0.5554,0.0591,0.1261,camera_pose_sim3,2.6436807387512395,0.11368419240223139,10000,10000,True,False,True,/content/cv3d-project/data/cache/reconstruction/predictions/02958343/18da5e80080352be294d52e32dbd135b/43c6617981def49bfe419f1d.npz,5ce8bf0dc8994a4a32f9b6b367aa47caff45a2deabb8efd03a136604408d1e36,/content/cv3d-project/data/cache/reconstruction/metrics/02958343/18da5e80080352be294d52e32dbd135b/6a211016627f1ba351c0cb69.json,11.12275299965404
02958343/18da5e80080352be294d52e32dbd135b,oracle,10,"[0, 36, 9, 23, 34, 3, 32, 29, 47, 11]",0.02730244947223044,0.06728087905639277,0.10725930864055508,0.6606949993296689,0.0978370786516854,0.2038236804564907,1.9913347768494645,0.998,0.2025,0.5031,0.4938,0.0645,0.1278,camera_pose_sim3,2.5678004072832414,0.20446909524158724,10000,10000,True,False,True,/content/cv3d-project/data/cache/reconstruction/predictions/02958343/18da5e80080352be294d52e32dbd135b/e934fb49be0393286a42e8e4.npz,93279c07c7cf53a63b5eb76279ed4339516e1cad50476ae89a3a6627ab3b8656,/content/cv3d-project/data/cache/reconstruction/metrics/02958343/18da5e80080352be294d52e32dbd135b/e3986b2eff6fdf6f67a54ff8.json,11.539237999841134
02958343/18e16129375e723e6f8f8c736fcc7940,oracle,1,[0],3.757174990331566,3.961840141446327,4.166505292561088,0.0,0.0,0.0,1.9837764772332172,0.0,0.0,0.0,0.0,0.0,0.0,camera_rotation_center_and_target_diameter_scale_single_view,11.312842888586909,0.0,10000,10000,True,True,True,/content/cv3d-project/data/cache/reconstruction/predictions/02958343/18e16129375e723e6f8f8c736fcc7940/6bc0a24852beb665fe9af65b.npz,f5b50d44e2f58b531564554505f8ba2e59b1e7e9113d01b6a359c5607db6caeb,/content/cv3d-project/data/cache/reconstruction/metrics/02958343/18e16129375e723e6f8f8c736fcc7940/17baf412bee7caef0f10bf5b.json,3.6853269998573523
02958343/18e16129375e723e6f8f8c736fcc7940,oracle,2,"[0, 9]",0.4393402356447028,0.6372993189972793,0.8352584023498558,0.0,0.0,0.0,1.9837764772332172,0.0,0.0,0.0,0.0,0.0,0.0,camera_pose_sim3,0.4617991273521582,0.7768878020801255,10000,10000,True,False,True,/content/cv3d-project/data/cache/reconstruction/predictions/02958343/18e16129375e723e6f8f8c736fcc7940/d71204468dd64b986148abd6.npz,666dbb13e36c1d37cf571922527095a98b018dc0d1524a49f96a5bbe01288668,/content/cv3d-project/data/cache/reconstruction/metrics/02958343/18e16129375e723e6f8f8c736fcc7940/bdba89b450b6e10d846fb4dc.json,11.097614999926009
02958343/18e16129375e723e6f8f8c736fcc7940,oracle,3,"[0, 9, 44]",0.759402885701676,0.8027746575555919,0.8461464294095078,0.0,0.0,0.0,1.9837764772332172,0.0,0.0,0.0,0.0,0.0,0.0,camera_pose_sim3,1.832862508546209,0.9921783296011659,10000,10000,True,False,True,/content/cv3d-project/data/cache/reconstruction/predictions/02958343/18e16129375e723e6f8f8c736fcc7940/01c18aa76b3491c2d8828ffa.npz,485bd31931e0ff16f6faa1228c80a69cdd29125483dd2e09c87545e8c25bcfe3,/content/cv3d-project/data/cache/reconstruction/metrics/02958343/18e16129375e723e6f8f8c736fcc7940/b41d308650ed853917a35dd8.json,11.031304999960412
02958343/18e16129375e723e6f8f8c736fcc7940,oracle,5,"[0, 9, 44, 26, 23]",0.6215020379837348,0.6915209293828659,0.761539820781997,0.0,0.0,0.0,1.9837764772332172,0.0,0.0,0.0,0.0,0.0,0.0,camera_pose_sim3,1.0818092357782771,1.309836851993157,10000,10000,True,False,True,/content/cv3d-project/data/cache/reconstruction/predictions/02958343/18e16129375e723e6f8f8c736fcc7940/be79d43731f216446eebc60f.npz,d824c5b7fd90e0e04a68de8cdea1008a40c8d0096b191568201af213285daaa0,/content/cv3d-project/data/cache/reconstruction/metrics/02958343/18e16129375e723e6f8f8c736fcc7940/fe01a60c62f92c9b7ae868bf.json,11.061404999963997
02958343/18e16129375e723e6f8f8c736fcc7940,oracle,10,"[0, 9, 44, 26, 23, 34, 10, 11, 41, 8]",0.25542176101852965,0.3577864708250652,0.46015118063160076,0.0,0.0,0.0,1.9837764772332172,0.0,0.0,0.0,0.0,0.0,0.0,camera_pose_sim3,0.9137376804501285,1.1747189098883326,10000,10000,True,False,True,/content/cv3d-project/data/cache/reconstruction/predictions/02958343/18e16129375e723e6f8f8c736fcc7940/d391b0bcf5c667df0591e9e3.npz,25cfa277f417cf7982b7682e04f8eb18dd0c821b3fff3cc7bb148c0a1293aaa7,/content/cv3d-project/data/cache/reconstruction/metrics/02958343/18e16129375e723e6f8f8c736fcc7940/73c8600c1d0acd56edb0eade.json,11.685790999763412
02958343/18f6df600df7341ab0bbc6f39febba97,oracle,1,[0],1.7715416478833015,1.97134605283934,2.171150457795379,0.0,0.0,0.0,1.9953560356038242,0.0,0.0,0.0,0.0,0.0,0.0,camera_rotation_center_and_target_diameter_scale_single_view,7.086664935852103,0.0,10000,10000,True,True,True,/content/cv3d-project/data/cache/reconstruction/predictions/02958343/18f6df600df7341ab0bbc6f39febba97/3eeabc52e4eeade54d04a1d5.npz,65af46f8d617324edd04376f04273a7157e49371d64b31df6b13e6e496b6ff0f,/content/cv3d-project/data/cache/reconstruction/metrics/02958343/18f6df600df7341ab0bbc6f39febba97/a0740d602a15315af0bb151d.json,3.7047310001980804
02958343/18f6df600df7341ab0bbc6f39febba97,oracle,2,"[0, 17]",0.27401821388566366,0.4808422853294977,0.6876663567733318,0.0,0.0,0.0,1.9953560356038242,0.0,0.0,0.0,0.0,0.0,0.0,camera_pose_sim3,0.3206613095036002,0.9977992613415906,10000,10000,True,True,True,/content/cv3d-project/data/cache/reconstruction/predictions/02958343/18f6df600df7341ab0bbc6f39febba97/dadf3901c8efa458be0f58b5.npz,6d7b73bb76de2a69a9a50ed0089d42621f26e8221a9814a0ff48401b87b8e495,/content/cv3d-project/data/cache/reconstruction/metrics/02958343/18f6df600df7341ab0bbc6f39febba97/5da480dedecb86122e2dcc24.json,2.404695999757678
02958343/18f6df600df7341ab0bbc6f39febba97,oracle,3,"[0, 17, 44]",1.0406289789387024,1.117847281835588,1.1950655847324736,0.0,0.0,0.0,1.9953560356038242,0.0,0.0,0.0,0.0,0.0,0.0,camera_pose_sim3,2.2974179709014813,0.9731599402492414,10000,10000,True,False,True,/content/cv3d-project/data/cache/reconstruction/predictions/02958343/18f6df600df7341ab0bbc6f39febba97/fa88f921a91cb3a53c9dd2f2.npz,ecf10f4277f12592e58090ef647d6ae373ba15774cf37ff37c9fea9df69e7d50,/content/cv3d-project/data/cache/reconstruction/metrics/02958343/18f6df600df7341ab0bbc6f39febba97/0bcf696697916ade66d19c59.json,11.560723000002326
02958343/18f6df600df7341ab0bbc6f39febba97,oracle,5,"[0, 17, 44, 26, 15]",0.26947159423675826,0.4120510981151623,0.5546306019935663,0.0,0.0,0.0,1.9953560356038242,0.0,0.0,0.0,0.0,0.0,0.0,camera_pose_sim3,0.988607079601532,1.3233541049870943,10000,10000,True,False,True,/content/cv3d-project/data/cache/reconstruction/predictions/02958343/18f6df600df7341ab0bbc6f39febba97/16b0b2e0f9850426e62ae5eb.npz,24d99f4b10924d57676eb7d5e912a71bacd0dcc78a796321981b2a87393491b0,/content/cv3d-project/data/cache/reconstruction/metrics/02958343/18f6df600df7341ab0bbc6f39febba97/e3073cd63b1dcceb1a51d389.json,11.750474000109534
02958343/18f6df600df7341ab0bbc6f39febba97,oracle,10,"[0, 17, 44, 26, 15, 19, 33, 2, 35, 8]",0.41405852008116806,0.514789870889365,0.615521221697562,0.0,0.0,0.0,1.9953560356038242,0.0,0.0,0.0,0.0,0.0,0.0,camera_pose_sim3,2.4847752835707415,0.56085556707809,10000,10000,True,False,True,/content/cv3d-project/data/cache/reconstruction/predictions/02958343/18f6df600df7341ab0bbc6f39febba97/9f05788f4a579371f03176b2.npz,fdd2b07fbc3d68f7c9e217ea2fecec7d9dbeaeb688685157e7657fb5f28f79e3,/content/cv3d-project/data/cache/reconstruction/metrics/02958343/18f6df600df7341ab0bbc6f39febba97/56e1937ce337f97e58922080.json,11.957021999933204
02958343/18ff13d7f181e7625fa21635eac9e4ed,oracle,1,[0],4.628199622035449,4.836202735286365,5.044205848537281,0.0,0.0,0.0,1.9561516054860955,0.0,0.0,0.0,0.0,0.0,0.0,camera_rotation_center_and_target_diameter_scale_single_view,12.863529990239517,0.0,10000,10000,True,True,True,/content/cv3d-project/data/cache/reconstruction/predictions/02958343/18ff13d7f181e7625fa21635eac9e4ed/59b12c8fde223bad95ce48df.npz,a9671dc6521a1223f0fc8b2fba9add7f28d2c40e59e417217266dce8f3bc2ccb,/content/cv3d-project/data/cache/reconstruction/metrics/02958343/18ff13d7f181e7625fa21635eac9e4ed/6d08bbb9b02d38ed9693729d.json,3.7116909998076153
02958343/18ff13d7f181e7625fa21635eac9e4ed,oracle,2,"[0, 35]",0.5234857310250248,0.5944988564682311,0.6655119819114373,0.0,0.0,0.0,1.9561516054860955,0.0,0.0,0.0,0.0,0.0,0.0,camera_pose_sim3,1.8160671424924213,0.8735129201572942,10000,10000,True,False,True,/content/cv3d-project/data/cache/reconstruction/predictions/02958343/18ff13d7f181e7625fa21635eac9e4ed/337d8ae5076a745e20d3b01f.npz,bdd49e7256b63ecce62bc68ed70078a70f687b22d4dc5e5594ec25d61371575d,/content/cv3d-project/data/cache/reconstruction/metrics/02958343/18ff13d7f181e7625fa21635eac9e4ed/8cd18c1da7fad5c36b1cb21a.json,11.435441999765317
02958343/18ff13d7f181e7625fa21635eac9e4ed,oracle,3,"[0, 35, 31]",0.7355549920143823,0.7751773082214575,0.8147996244285327,0.0,0.0,0.0,1.9561516054860955,0.0,0.0,0.0,0.0,0.0,0.0,camera_pose_sim3,2.7282249754883097,0.5587079061603115,10000,10000,True,False,True,/content/cv3d-project/data/cache/reconstruction/predictions/02958343/18ff13d7f181e7625fa21635eac9e4ed/3991cc0cceca3b78d512a5a9.npz,412da662c97914e4f7f5416bd4f26069e0e5bcbab2d1058bea1dc83ca15eeef7,/content/cv3d-project/data/cache/reconstruction/metrics/02958343/18ff13d7f181e7625fa21635eac9e4ed/0e4b1b672c1f37552340c4ac.json,11.365923000084877
02958343/18ff13d7f181e7625fa21635eac9e4ed,oracle,5,"[0, 35, 31, 25, 44]",1.0860514058387363,1.134250823846495,1.1824502418542537,0.0,0.0,0.0,1.9561516054860955,0.0,0.0,0.0,0.0,0.0,0.0,camera_pose_sim3,1.947012049508034,1.0364459786065685,10000,10000,True,False,True,/content/cv3d-project/data/cache/reconstruction/predictions/02958343/18ff13d7f181e7625fa21635eac9e4ed/d5d6fc9fe427843e0faf7122.npz,56480788b87b106457046612e766195db1961a8a82da7252f6ff66f0e54864e3,/content/cv3d-project/data/cache/reconstruction/metrics/02958343/18ff13d7f181e7625fa21635eac9e4ed/f776e228331e06509f6ddbed.json,11.490587000025698
02958343/18ff13d7f181e7625fa21635eac9e4ed,oracle,10,"[0, 35, 31, 25, 44, 10, 20, 34, 40, 29]",0.01951243811476099,0.1022884424907378,0.1850644468667146,0.46942680033672607,0.09151510974987238,0.167301305274374,1.9561516054860955,1.0,0.3389,0.6549,0.3067,0.0529,0.0959,camera_pose_sim3,2.1141834169193086,0.6514782688592982,10000,10000,True,False,True,/content/cv3d-project/data/cache/reconstruction/predictions/02958343/18ff13d7f181e7625fa21635eac9e4ed/c58837efae6d399d85e8d7eb.npz,7c986db7cd00e997dd14751a83eec2081e952d4eb8b900d1278c88aa662409b5,/content/cv3d-project/data/cache/reconstruction/metrics/02958343/18ff13d7f181e7625fa21635eac9e4ed/c37f79e47915a960bc7b78d7.json,11.961915000028966
02958343/19042f5a90290859441c11ab4641b257,oracle,1,[0],2.978538598142666,3.1857820990951646,3.393025600047663,0.0,0.0,0.0,1.9697443489558444,0.0,0.0,0.0,0.0,0.0,0.0,camera_rotation_center_and_target_diameter_scale_single_view,9.49144052027365,0.0,9514,10000,True,True,True,/content/cv3d-project/data/cache/reconstruction/predictions/02958343/19042f5a90290859441c11ab4641b257/d8909a60d7ac95e36adb68c3.npz,3acb811b4824d419331ca19aaf9daf5a82f96bf87a4fdbffd1f604fe51936cc7,/content/cv3d-project/data/cache/reconstruction/metrics/02958343/19042f5a90290859441c11ab4641b257/d8dd4f36c59bada81c0bb9b5.json,3.662061999875732
02958343/19042f5a90290859441c11ab4641b257,oracle,2,"[0, 35]",0.9012006669875242,0.9996241270777861,1.098047587168048,0.0,0.0,0.0,1.9697443489558444,0.0,0.0,0.0,0.0,0.0,0.0,camera_pose_sim3,1.9325363372711872,0.5833215477140693,10000,10000,True,False,True,/content/cv3d-project/data/cache/reconstruction/predictions/02958343/19042f5a90290859441c11ab4641b257/2302b308010258028dbadfdf.npz,7a3f7f1f1585640058e1a94bccd2449b5e3cbe2069f57ff85280576dc3707b9c,/content/cv3d-project/data/cache/reconstruction/metrics/02958343/19042f5a90290859441c11ab4641b257/47247c201ecfcdf46062cc9d.json,11.273058999904606
02958343/19042f5a90290859441c11ab4641b257,oracle,3,"[0, 35, 31]",0.42309499943234546,0.5027653577159914,0.5824357159996374,0.0,0.0,0.0,1.9697443489558444,0.0,0.0,0.0,0.0,0.0,0.0,camera_pose_sim3,1.6129893692929562,1.1678634963891021,10000,10000,True,False,True,/content/cv3d-project/data/cache/reconstruction/predictions/02958343/19042f5a90290859441c11ab4641b257/cd4315e980a5cc7eaac876c4.npz,73d2f36af916d9ae97861593161e8836768697be18b7c962e9e154628187f966,/content/cv3d-project/data/cache/reconstruction/metrics/02958343/19042f5a90290859441c11ab4641b257/a18cf5a8bc8a5e812889208f.json,11.36132000010548
02958343/19042f5a90290859441c11ab4641b257,oracle,5,"[0, 35, 31, 25, 3]",0.11227687053151666,0.16842840085199123,0.22457993117246577,0.10432488705558829,0.0,0.002488888888888889,1.9697443489558444,0.4501,0.0,0.0056,0.059,0.0,0.0016,camera_pose_sim3,2.2137117063077554,0.4164059846402246,10000,10000,True,False,True,/content/cv3d-project/data/cache/reconstruction/predictions/02958343/19042f5a90290859441c11ab4641b257/699dc546c4c7711c751e53c3.npz,32de55dd0778a308385d42de98d09f8c808bee581bc514a6f48430d8502f9576,/content/cv3d-project/data/cache/reconstruction/metrics/02958343/19042f5a90290859441c11ab4641b257/37424316752ab3e78608fe03.json,11.344393999934255
02958343/19042f5a90290859441c11ab4641b257,oracle,10,"[0, 35, 31, 25, 3, 44, 9, 34, 33, 11]",0.21111633879849712,0.2954180041285166,0.379719669458536,0.0,0.0,0.0,1.9697443489558444,0.0,0.0,0.0,0.0,0.0,0.0,camera_pose_sim3,1.474219981111416,1.1094040440002035,10000,10000,True,False,True,/content/cv3d-project/data/cache/reconstruction/predictions/02958343/19042f5a90290859441c11ab4641b257/049ab54e90b5c798b019c5e4.npz,ce6dcc98648105ff2d951c2339a00f0ce16736142d34035d4162be09f34b8ab6,/content/cv3d-project/data/cache/reconstruction/metrics/02958343/19042f5a90290859441c11ab4641b257/0c8abc13334530f031e41250.json,11.796884999967006
02958343/191f9cd970e5b0cc174ee7ebab9d8065,oracle,1,[0],3.448072247227571,3.6660545404382416,3.8840368336489126,0.0,0.0,0.0,1.9794822958771268,0.0,0.0,0.0,0.0,0.0,0.0,camera_rotation_center_and_target_diameter_scale_single_view,10.677584196350876,0.0,8526,10000,True,True,True,/content/cv3d-project/data/cache/reconstruction/predictions/02958343/191f9cd970e5b0cc174ee7ebab9d8065/03291fc5646eccdfdc48c185.npz,cd78c0375276d197e8870de2eddeabe703dabefd2f151a85111c920b489cb004,/content/cv3d-project/data/cache/reconstruction/metrics/02958343/191f9cd970e5b0cc174ee7ebab9d8065/dfc4831958d74b37376e7000.json,3.5190240000702033
02958343/191f9cd970e5b0cc174ee7ebab9d8065,oracle,2,"[0, 17]",0.03654168524223948,0.13439317890338653,0.2322446725645336,0.16058125632300194,0.0029508196721311475,0.00824753673292999,1.9794822958771268,1.0,0.09,0.2272,0.0873,0.0015,0.0042,camera_pose_sim3,1.3516195056021012,0.8989662553258072,10000,10000,True,False,True,/content/cv3d-project/data/cache/reconstruction/predictions/02958343/191f9cd970e5b0cc174ee7ebab9d8065/ed321a68e9a693aa69913dd3.npz,93a30d00657e143feb3760346a4a0e5f00a891607772cabf109708e740fcdffc,/content/cv3d-project/data/cache/reconstruction/metrics/02958343/191f9cd970e5b0cc174ee7ebab9d8065/1339514b87661bc239ee9c23.json,11.319174999698589
02958343/191f9cd970e5b0cc174ee7ebab9d8065,oracle,3,"[0, 17, 37]",0.24615103180193984,0.293718922169087,0.3412868125362342,0.0,0.0,0.0,1.9794822958771268,0.0,0.0,0.0,0.0,0.0,0.0,camera_pose_sim3,2.3964409220186274,0.367913704519606,10000,10000,True,False,True,/content/cv3d-project/data/cache/reconstruction/predictions/02958343/191f9cd970e5b0cc174ee7ebab9d8065/4a059e512e5fbecf5b807996.npz,032fb4dcfc127709d511b89d2c94b6f252516155196c88ae2471fa1cded09535,/content/cv3d-project/data/cache/reconstruction/metrics/02958343/191f9cd970e5b0cc174ee7ebab9d8065/fe4f79243bb8ee0c2620145c.json,11.230492999857233
02958343/191f9cd970e5b0cc174ee7ebab9d8065,oracle,5,"[0, 17, 37, 26, 32]",0.10503623239500773,0.15165270578624696,0.19826917917748615,0.18902267441860465,0.007286746987951807,0.020476759061833688,1.9794822958771268,0.4292,0.0112,0.0318,0.1212,0.0054,0.0151,camera_pose_sim3,2.488030230934061,0.29085419462516193,10000,10000,True,False,True,/content/cv3d-project/data/cache/reconstruction/predictions/02958343/191f9cd970e5b0cc174ee7ebab9d8065/2afeec52b229aefe24951801.npz,f06fadb72f892f754a8f91d5c8b37d83df4348d34ffe06889c0decabf2c78cda,/content/cv3d-project/data/cache/reconstruction/metrics/02958343/191f9cd970e5b0cc174ee7ebab9d8065/0a0ce677ae0e06f3dd8f3393.json,11.500458999762486
02958343/191f9cd970e5b0cc174ee7ebab9d8065,oracle,10,"[0, 17, 37, 26, 32, 6, 10, 41, 13, 8]",0.02115345644463978,0.049764554396734245,0.0783756523488287,0.8061839670506775,0.0887969387755102,0.22359366500258224,1.9794822958771268,1.0,0.1758,0.4298,0.6753,0.0594,0.1511,camera_pose_sim3,2.4863533007483247,0.12334613378802976,10000,10000,True,False,True,/content/cv3d-project/data/cache/reconstruction/predictions/02958343/191f9cd970e5b0cc174ee7ebab9d8065/4baecd8b99e16e34fd8ab315.npz,62fd8dadda8cdf63993a9377ee47e86f97ac4f0b9c817939189405cd436ca2ec,/content/cv3d-project/data/cache/reconstruction/metrics/02958343/191f9cd970e5b0cc174ee7ebab9d8065/987646b5453e22395c2c6b50.json,11.852296999677492
02958343/19245fb8ee79038fcd059a326bfe20ef,oracle,1,[0],2.52767140612271,2.7351406914274476,2.9426099767321854,0.0,0.0,0.0,1.9904325335773867,0.0,0.0,0.0,0.0,0.0,0.0,camera_rotation_center_and_target_diameter_scale_single_view,8.79508791871156,0.0,10000,10000,True,True,True,/content/cv3d-project/data/cache/reconstruction/predictions/02958343/19245fb8ee79038fcd059a326bfe20ef/50ddc4a8560f8aabb6f3f7ee.npz,e7fba1c68d9912cf36622a082069b15c1fd14dc55777247229c2fb11db0cf9b4,/content/cv3d-project/data/cache/reconstruction/metrics/02958343/19245fb8ee79038fcd059a326bfe20ef/499b816f9c8e32c403703bde.json,3.702700999838271
02958343/19245fb8ee79038fcd059a326bfe20ef,oracle,2,"[0, 35]",2.3103372102581674,2.4395830264425014,2.568828842626835,0.0,0.0,0.0,1.9904325335773867,0.0,0.0,0.0,0.0,0.0,0.0,camera_pose_sim3_positive_scale_fallback,3.2459809632116228,4.044401413873203e-16,10000,10000,True,False,True,/content/cv3d-project/data/cache/reconstruction/predictions/02958343/19245fb8ee79038fcd059a326bfe20ef/098ed73ed9eafc3e02a35555.npz,d740f7de7ae6a6a28ffeeb77203938dec183324d883e5cdab5fad3ecc1c20aed,/content/cv3d-project/data/cache/reconstruction/metrics/02958343/19245fb8ee79038fcd059a326bfe20ef/96c2d3066cd3c09ec95b5b2f.json,11.555194999800733
02958343/19245fb8ee79038fcd059a326bfe20ef,oracle,3,"[0, 35, 31]",4.0992218387469626,4.179585937280947,4.259950035814932,0.0,0.0,0.0,1.9904325335773867,0.0,0.0,0.0,0.0,0.0,0.0,camera_pose_sim3_positive_scale_fallback,5.317616598770915,1.2278889560510544,10000,10000,True,False,True,/content/cv3d-project/data/cache/reconstruction/predictions/02958343/19245fb8ee79038fcd059a326bfe20ef/b62d87941d735fad4fff3d1d.npz,c0619bb84f4cc303474f858bbe7a07b955e5742ea797a952dc7991e56afb73c0,/content/cv3d-project/data/cache/reconstruction/metrics/02958343/19245fb8ee79038fcd059a326bfe20ef/c6484ae07a0bec1156e6251e.json,11.451421999936429
02958343/19245fb8ee79038fcd059a326bfe20ef,oracle,5,"[0, 35, 31, 25, 36]",1.3168515868792563,1.3525251503033877,1.3881987137275191,0.0,0.0,0.0,1.9904325335773867,0.0,0.0,0.0,0.0,0.0,0.0,camera_pose_sim3,2.259451804639708,0.9760413603646848,10000,10000,True,False,True,/content/cv3d-project/data/cache/reconstruction/predictions/02958343/19245fb8ee79038fcd059a326bfe20ef/3172f7944e299708837c5bf2.npz,72ac7c6ddf2b8ce511d6793fe7b9096343efef28bcb1129ca00dd08b62d67311,/content/cv3d-project/data/cache/reconstruction/metrics/02958343/19245fb8ee79038fcd059a326bfe20ef/19b7e4e5d77cd30af8df2d27.json,11.524650000410475
02958343/19245fb8ee79038fcd059a326bfe20ef,oracle,10,"[0, 35, 31, 25, 36, 19, 21, 33, 18, 8]",0.0268878857373808,0.0644899843680672,0.10209208299875361,0.679170519085986,0.07038903420523139,0.16448303672851194,1.9904325335773867,1.0,0.1531,0.4263,0.5142,0.0457,0.1019,camera_pose_sim3,2.6206719804474163,0.16365145250132693,10000,10000,True,False,True,/content/cv3d-project/data/cache/reconstruction/predictions/02958343/19245fb8ee79038fcd059a326bfe20ef/3925da887d27438cd88178c7.npz,544da313dc5fa99392028f6026fc59d035734f1e0bb35352d07f9dfb77517ad3,/content/cv3d-project/data/cache/reconstruction/metrics/02958343/19245fb8ee79038fcd059a326bfe20ef/6344cb9ac2daba0ffc686cb9.json,11.833318000299187
02958343/198d8e274c59511b36a1a31af8f59,oracle,1,[0],3.5966054389957764,3.808982353870694,4.021359268745612,0.0,0.0,0.0,1.987830027454979,0.0,0.0,0.0,0.0,0.0,0.0,camera_rotation_center_and_target_diameter_scale_single_view,10.906572036413305,0.0,9342,10000,True,True,True,/content/cv3d-project/data/cache/reconstruction/predictions/02958343/198d8e274c59511b36a1a31af8f59/7c81c2d7fa3d6bd95bc5e04a.npz,a137febf7f7ac31b44e0ae0fd573334a52350fd534e04f5102259f5807c58644,/content/cv3d-project/data/cache/reconstruction/metrics/02958343/198d8e274c59511b36a1a31af8f59/b876651808f0daeba7287336.json,3.602522000164754
02958343/198d8e274c59511b36a1a31af8f59,oracle,2,"[0, 35]",2.5409620165359788,2.6925878494047453,2.844213682273512,0.0,0.0,0.0,1.987830027454979,0.0,0.0,0.0,0.0,0.0,0.0,camera_pose_sim3_positive_scale_fallback,4.631503286247467,3.444706624701748e-16,10000,10000,True,False,True,/content/cv3d-project/data/cache/reconstruction/predictions/02958343/198d8e274c59511b36a1a31af8f59/d13175c9331a703548d97dbd.npz,a5ef1addbb2e3ad5e0e14f7e9135d8c7dd6ba32cce1b4ea66f2e371d83a2ff8f,/content/cv3d-project/data/cache/reconstruction/metrics/02958343/198d8e274c59511b36a1a31af8f59/5d8fd5653913464fe6a7b666.json,11.529990999861184
02958343/198d8e274c59511b36a1a31af8f59,oracle,3,"[0, 35, 39]",3.548220079997061,3.695730082111966,3.8432400842268706,0.0,0.0,0.0,1.987830027454979,0.0,0.0,0.0,0.0,0.0,0.0,camera_pose_sim3_positive_scale_fallback,5.014969517937829,0.9703647801461175,10000,10000,True,False,True,/content/cv3d-project/data/cache/reconstruction/predictions/02958343/198d8e274c59511b36a1a31af8f59/16e65f0cf3328a49c5462a6c.npz,9e3d994de346bda522e91e9426c38149a85b8ae94fff70b42fb4938e87def783,/content/cv3d-project/data/cache/reconstruction/metrics/02958343/198d8e274c59511b36a1a31af8f59/660cde0c29ead045d937d512.json,11.390241999833961
02958343/198d8e274c59511b36a1a31af8f59,oracle,5,"[0, 35, 39, 9, 18]",1.0061136643720865,1.078237763295452,1.1503618622188176,0.0,0.0,0.0,1.987830027454979,0.0,0.0,0.0,0.0,0.0,0.0,camera_pose_sim3,1.9301772744600614,1.1835991006215243,10000,10000,True,False,True,/content/cv3d-project/data/cache/reconstruction/predictions/02958343/198d8e274c59511b36a1a31af8f59/26981543904d60116a86014a.npz,d8c3c77bb5c0524c370f86eb88c91ddc30adbbb63cbf811a966d8a3a568c0efb,/content/cv3d-project/data/cache/reconstruction/metrics/02958343/198d8e274c59511b36a1a31af8f59/32e898760e1f2a1d7b6a0b15.json,11.27524399998947
02958343/198d8e274c59511b36a1a31af8f59,oracle,10,"[0, 35, 39, 9, 18, 36, 34, 3, 11, 24]",0.04637229335551017,0.06474845039296245,0.08312460743041472,0.8432620011567379,0.05676209410205434,0.10841287066246058,1.987830027454979,1.0,0.113,0.2476,0.729,0.0379,0.0694,camera_pose_sim3,2.575901626802771,0.09833065827917728,10000,10000,True,False,True,/content/cv3d-project/data/cache/reconstruction/predictions/02958343/198d8e274c59511b36a1a31af8f59/d1a9cb5265567acae96bca55.npz,b7b1bf0c29128d85d4e21b1268b6e24bae12a88610c4e8d6012e9baf8f44814d,/content/cv3d-project/data/cache/reconstruction/metrics/02958343/198d8e274c59511b36a1a31af8f59/f36393c9f5e5117c79d29527.json,11.745667000013782
02958343/19c25429d34ce9748c844a5e3a5e1a93,oracle,1,[0],3.347329182784127,3.5703670495726234,3.793404916361119,0.0,0.0,0.0,1.996770421798211,0.0,0.0,0.0,0.0,0.0,0.0,camera_rotation_center_and_target_diameter_scale_single_view,10.476856529268527,0.0,8937,10000,True,True,True,/content/cv3d-project/data/cache/reconstruction/predictions/02958343/19c25429d34ce9748c844a5e3a5e1a93/dfeea53a77126322bba78423.npz,c658516fd4a2ccccc9c70d40f081ebfa2fb7d950a2d1b0f1d289e09adf54d9f7,/content/cv3d-project/data/cache/reconstruction/metrics/02958343/19c25429d34ce9748c844a5e3a5e1a93/b17d54543154045509e81896.json,3.54122799990364
02958343/19c25429d34ce9748c844a5e3a5e1a93,oracle,2,"[0, 35]",0.45965318503101626,0.6231628071277002,0.7866724292243842,0.0,0.0,0.0,1.996770421798211,0.0,0.0,0.0,0.0,0.0,0.0,camera_pose_sim3,0.07757115760397085,1.1044198146164799,10000,10000,True,False,True,/content/cv3d-project/data/cache/reconstruction/predictions/02958343/19c25429d34ce9748c844a5e3a5e1a93/2a38f8bfb047ce7a3c0cd6a7.npz,60da7c7cd5e48c3e6f95ec3eb12eccb4daf3074a8e6ddedbf015ab6fae97b54d,/content/cv3d-project/data/cache/reconstruction/metrics/02958343/19c25429d34ce9748c844a5e3a5e1a93/2eda1f6105efe4d671dd4d14.json,11.301696999908017
02958343/19c25429d34ce9748c844a5e3a5e1a93,oracle,3,"[0, 35, 39]",3.8749295649388418,3.981305849939562,4.087682134940282,0.0,0.0,0.0,1.996770421798211,0.0,0.0,0.0,0.0,0.0,0.0,camera_pose_sim3_positive_scale_fallback,5.3276046169572036,1.4813697355278532,10000,10000,True,False,True,/content/cv3d-project/data/cache/reconstruction/predictions/02958343/19c25429d34ce9748c844a5e3a5e1a93/22fb9bd007f1b1284d18a484.npz,3c9a4dd07d3d02fafc42c8824d42ab98b4b82d203f97fce47fd1b1ab0db1ec5a,/content/cv3d-project/data/cache/reconstruction/metrics/02958343/19c25429d34ce9748c844a5e3a5e1a93/dba86b419d257b7b6e048c94.json,11.533031999988452
02958343/19c25429d34ce9748c844a5e3a5e1a93,oracle,5,"[0, 35, 39, 17, 20]",0.03530774537495823,0.08357800273875668,0.13184826010255513,0.49816024630171957,0.03622290598290598,0.10464672897196263,1.996770421798211,1.0,0.0946,0.2666,0.3317,0.0224,0.0651,camera_pose_sim3,2.4554899674166015,0.2818273162162128,10000,10000,True,False,True,/content/cv3d-project/data/cache/reconstruction/predictions/02958343/19c25429d34ce9748c844a5e3a5e1a93/7538b3dfae30e8aa83fae708.npz,4ea5d0a20ea662a9a293fd6c7abc6c1bd3c408502bd4503471e2bb742215e1e6,/content/cv3d-project/data/cache/reconstruction/metrics/02958343/19c25429d34ce9748c844a5e3a5e1a93/99807cbb1a4701bfb85e3a7c.json,11.455446000127267
02958343/19c25429d34ce9748c844a5e3a5e1a93,oracle,10,"[0, 35, 39, 17, 20, 10, 42, 11, 25, 8]",0.03852882221132548,0.07433647618891857,0.11014413016651167,0.583469084212763,0.051798332069749806,0.11355178881556097,1.996770421798211,1.0,0.0965,0.2101,0.4119,0.0354,0.0778,camera_pose_sim3,2.4872820908379896,0.1921635995599775,10000,10000,True,False,True,/content/cv3d-project/data/cache/reconstruction/predictions/02958343/19c25429d34ce9748c844a5e3a5e1a93/c2cffc95976c1e2f61b9dab3.npz,b1b855a3cd929f929c6d7c8f915699e71102cb0fbfa69eef7e9174dd6f25d8a8,/content/cv3d-project/data/cache/reconstruction/metrics/02958343/19c25429d34ce9748c844a5e3a5e1a93/135f30a00e5514d3c2445979.json,12.264039000001503
02958343/19d35f3e0c0b402125ddb89f02fe6cc0,oracle,1,[0],6.230329106523077,6.441500974053367,6.652672841583657,0.0,0.0,0.0,1.9490899293137516,0.0,0.0,0.0,0.0,0.0,0.0,camera_rotation_center_and_target_diameter_scale_single_view,15.88700445692816,0.0,9521,10000,True,True,True,/content/cv3d-project/data/cache/reconstruction/predictions/02958343/19d35f3e0c0b402125ddb89f02fe6cc0/c3bf095c6952cdf75298964b.npz,e1d965ef89e74ee7c6f700cdb81b7899702ee887d6b97fe4d9a93c2a1cb5d354,/content/cv3d-project/data/cache/reconstruction/metrics/02958343/19d35f3e0c0b402125ddb89f02fe6cc0/3dc4988b81dccecf11f5c41a.json,3.676668000025529
02958343/19d35f3e0c0b402125ddb89f02fe6cc0,oracle,2,"[0, 35]",0.10117904031487195,0.21768986911106,0.33420069790724805,0.03937136972193615,0.0,0.0,1.9490899293137516,0.5622,0.0,0.0,0.0204,0.0,0.0,camera_pose_sim3,1.5099776076614673,1.0264693127864188,10000,10000,True,False,True,/content/cv3d-project/data/cache/reconstruction/predictions/02958343/19d35f3e0c0b402125ddb89f02fe6cc0/7c86895bc78c98d928c321da.npz,f771da910032ea8335b74d14a9aa5933bc1b128df15dd7788ebe0f5177f19fbc,/content/cv3d-project/data/cache/reconstruction/metrics/02958343/19d35f3e0c0b402125ddb89f02fe6cc0/c1e9c0ae377ac5be99e03f06.json,11.342696000156138
02958343/19d35f3e0c0b402125ddb89f02fe6cc0,oracle,3,"[0, 35, 31]",1.2094095979890422,1.2745854471686506,1.339761296348259,0.0,0.0,0.0,1.9490899293137516,0.0,0.0,0.0,0.0,0.0,0.0,camera_pose_sim3,2.2740189268131266,1.1312654002508953,10000,10000,True,False,True,/content/cv3d-project/data/cache/reconstruction/predictions/02958343/19d35f3e0c0b402125ddb89f02fe6cc0/920e6f7ba7e83b73b0c14ea6.npz,25bd39c455a4b66a246f767299e38ca5c2d0a9a3693013faa00ece7a9623de43,/content/cv3d-project/data/cache/reconstruction/metrics/02958343/19d35f3e0c0b402125ddb89f02fe6cc0/6c45f8264927a5f9dd1febe7.json,11.208397000245895
02958343/19d35f3e0c0b402125ddb89f02fe6cc0,oracle,5,"[0, 35, 31, 33, 29]",0.042413391726323385,0.11337015450968518,0.18432691729304698,0.32447657142857145,0.028863886703383166,0.0651289993192648,1.9490899293137516,0.9962,0.1105,0.2565,0.1938,0.0166,0.0373,camera_pose_sim3,2.3286865494933147,0.2969913767868332,10000,10000,True,False,True,/content/cv3d-project/data/cache/reconstruction/predictions/02958343/19d35f3e0c0b402125ddb89f02fe6cc0/40f480cf846f6b4061374d5e.npz,031af81d051702ff08a8a0d457c77f4599d1c38d876f61f6b29eb7be96455bff,/content/cv3d-project/data/cache/reconstruction/metrics/02958343/19d35f3e0c0b402125ddb89f02fe6cc0/fc684ad2192515319dbdee9b.json,11.245330000292597
02958343/19d35f3e0c0b402125ddb89f02fe6cc0,oracle,10,"[0, 35, 31, 33, 29, 2, 17, 19, 34, 18]",0.38374497927090584,0.44611794920172976,0.5084909191325537,0.0,0.0,0.0,1.9490899293137516,0.0,0.0,0.0,0.0,0.0,0.0,camera_pose_sim3,2.514117304473443,0.5397985963999752,10000,10000,True,False,True,/content/cv3d-project/data/cache/reconstruction/predictions/02958343/19d35f3e0c0b402125ddb89f02fe6cc0/d0be0d1e0b8d2bad22cbc91b.npz,c198415531e7f8d10dce41c65ad0a6e103bc9023b26a73a99c91a29e6cd86f2b,/content/cv3d-project/data/cache/reconstruction/metrics/02958343/19d35f3e0c0b402125ddb89f02fe6cc0/482e186a0bfb90fcef3bb96a.json,11.702458999934606
02958343/19d49c8015948b742d60c8689a64d7a0,oracle,1,[0],4.950854116810004,5.154386386517984,5.357918656225965,0.0,0.0,0.0,1.990372900397478,0.0,0.0,0.0,0.0,0.0,0.0,camera_rotation_center_and_target_diameter_scale_single_view,13.61524209759674,0.0,10000,10000,True,True,True,/content/cv3d-project/data/cache/reconstruction/predictions/02958343/19d49c8015948b742d60c8689a64d7a0/a6c72b65c0db9832989ee6bb.npz,9be543866150602e2ece9d52385747c203b19ee974a655865147c3161481884f,/content/cv3d-project/data/cache/reconstruction/metrics/02958343/19d49c8015948b742d60c8689a64d7a0/659528f90d1d76515d21052c.json,3.7235199997667223
02958343/19d49c8015948b742d60c8689a64d7a0,oracle,2,"[0, 17]",0.024750065949758617,0.16660031803608233,0.30845057012240606,0.10641923878053398,0.007242371905584341,0.017431752673175267,1.990372900397478,1.0,0.17,0.4213,0.0562,0.0037,0.0089,camera_pose_sim3,1.0559223234235358,0.9092507564562077,10000,10000,True,False,True,/content/cv3d-project/data/cache/reconstruction/predictions/02958343/19d49c8015948b742d60c8689a64d7a0/afef34a01d2a6cc6f06a2013.npz,7494de234ab55b431e09cc90c44e2ac0514ce68c9507935e06da42466ca321ca,/content/cv3d-project/data/cache/reconstruction/metrics/02958343/19d49c8015948b742d60c8689a64d7a0/7722a9caa8199c997922a8a8.json,11.30822300001455
02958343/19d49c8015948b742d60c8689a64d7a0,oracle,3,"[0, 17, 44]",0.34602051451871924,0.4323029162687131,0.518585318018707,0.0,0.0,0.0,1.990372900397478,0.0,0.0,0.0,0.0,0.0,0.0,camera_pose_sim3,2.1711815534522323,0.6462518182934833,10000,10000,True,False,True,/content/cv3d-project/data/cache/reconstruction/predictions/02958343/19d49c8015948b742d60c8689a64d7a0/16ad7c127f3769306de6732b.npz,7e9397ac8559be42a051cf1d7ea62a0617fa0950a95c760f5cecd28717945c9b,/content/cv3d-project/data/cache/reconstruction/metrics/02958343/19d49c8015948b742d60c8689a64d7a0/493fc0c987dadd2c8bf94f18.json,11.095582000052673
02958343/19d49c8015948b742d60c8689a64d7a0,oracle,5,"[0, 17, 44, 26, 9]",0.14698117378055953,0.25787541231247735,0.3687696508443952,0.0,0.0,0.0,1.990372900397478,0.0,0.0,0.0,0.0,0.0,0.0,camera_pose_sim3,1.0075435325474849,1.1639164421513242,10000,10000,True,False,True,/content/cv3d-project/data/cache/reconstruction/predictions/02958343/19d49c8015948b742d60c8689a64d7a0/46db9f1f65883ce836617407.npz,97491669b3fe803f9ba53ec9aec32de07d9a3df4b0276b6a5ae3b9c241bb4fc5,/content/cv3d-project/data/cache/reconstruction/metrics/02958343/19d49c8015948b742d60c8689a64d7a0/b201fa5c0264dd4b533d1f03.json,11.528743999861035
02958343/19d49c8015948b742d60c8689a64d7a0,oracle,10,"[0, 17, 44, 26, 9, 23, 10, 25, 43, 33]",1.1055551998526216,1.1407929729633979,1.1760307460741741,0.0,0.0,0.0,1.990372900397478,0.0,0.0,0.0,0.0,0.0,0.0,camera_pose_sim3,1.6206331561571836,0.9037887128414709,10000,10000,True,False,True,/content/cv3d-project/data/cache/reconstruction/predictions/02958343/19d49c8015948b742d60c8689a64d7a0/25f7f5f2f593db4c4d08c44a.npz,6257ceac44f38e47c13867cacc193de921f066661503df2319e6b7d485d7dfd8,/content/cv3d-project/data/cache/reconstruction/metrics/02958343/19d49c8015948b742d60c8689a64d7a0/44c772ed0975871542d7a025.json,11.708709999766143
02958343/1a0bc9ab92c915167ae33d942430658c,oracle,1,[0],4.117391486302278,4.322532716973376,4.527673947644473,0.0,0.0,0.0,1.983308976371416,0.0,0.0,0.0,0.0,0.0,0.0,camera_rotation_center_and_target_diameter_scale_single_view,11.861664732074983,0.0,10000,10000,True,True,True,/content/cv3d-project/data/cache/reconstruction/predictions/02958343/1a0bc9ab92c915167ae33d942430658c/973408fb33d275bc45da1e5b.npz,76b3882c34717a20d1f4869a964f11ee1f4a7da5cbe4e407cab192314e84b4fe,/content/cv3d-project/data/cache/reconstruction/metrics/02958343/1a0bc9ab92c915167ae33d942430658c/b8b89cd2ba16056274030c28.json,3.7142410001251847
02958343/1a0bc9ab92c915167ae33d942430658c,oracle,2,"[0, 17]",0.36694659755397113,0.5387828731531921,0.7106191487524129,0.0,0.0,0.0,1.983308976371416,0.0,0.0,0.0,0.0,0.0,0.0,camera_pose_sim3,0.4074582761871655,0.9929864896022345,10000,10000,True,False,True,/content/cv3d-project/data/cache/reconstruction/predictions/02958343/1a0bc9ab92c915167ae33d942430658c/b5124dab5f548c99b230f95d.npz,185f37a411cfb529be12bcb5e5644abe184d4085d91ad18f407ae77e64b934bb,/content/cv3d-project/data/cache/reconstruction/metrics/02958343/1a0bc9ab92c915167ae33d942430658c/e216c5bf3c2282a87ca299ea.json,11.840524000035657
02958343/1a0bc9ab92c915167ae33d942430658c,oracle,3,"[0, 17, 44]",0.035568556910000854,0.09390845393752305,0.15224835096504524,0.4110590291570668,0.025870012547051447,0.06435138855922146,1.983308976371416,1.0,0.1452,0.3862,0.2587,0.0142,0.0351,camera_pose_sim3,2.2538424431591717,0.2657209883851054,10000,10000,True,False,True,/content/cv3d-project/data/cache/reconstruction/predictions/02958343/1a0bc9ab92c915167ae33d942430658c/ff65077efa75c58f49402a9e.npz,4168c952152e9e402d3d375b5515c1c0e476cc9c991626feb774351c8e0f063e,/content/cv3d-project/data/cache/reconstruction/metrics/02958343/1a0bc9ab92c915167ae33d942430658c/31a87497a2531ce2a14944cc.json,12.195451999559737
02958343/1a0bc9ab92c915167ae33d942430658c,oracle,5,"[0, 17, 44, 10, 31]",0.0256908045849496,0.07421323492934459,0.12273566527373958,0.5594929415154134,0.05305754164790635,0.11879290360733293,1.983308976371416,1.0,0.1913,0.4386,0.3884,0.0308,0.0687,camera_pose_sim3,2.385434901974907,0.1705313252776353,10000,10000,True,False,True,/content/cv3d-project/data/cache/reconstruction/predictions/02958343/1a0bc9ab92c915167ae33d942430658c/9cc71d5d6f20841013238809.npz,f3b1acbc4301413cbfd7c8d2678f43587f3aeccf9a271c66a1b15897062240dd,/content/cv3d-project/data/cache/reconstruction/metrics/02958343/1a0bc9ab92c915167ae33d942430658c/6ea7f6550d50a9e24cb4c63a.json,11.725721999937377
02958343/1a0bc9ab92c915167ae33d942430658c,oracle,10,"[0, 17, 44, 10, 31, 34, 25, 3, 19, 18]",0.014916242408250473,0.06232879371443572,0.10974134502062097,0.6424110779256041,0.11961147649525491,0.22675358998833386,1.983308976371416,1.0,0.3822,0.8111,0.4732,0.0709,0.1318,camera_pose_sim3,2.304843176427285,0.25530592537816854,10000,10000,True,False,True,/content/cv3d-project/data/cache/reconstruction/predictions/02958343/1a0bc9ab92c915167ae33d942430658c/97ea151a7d88619f4362a548.npz,6bd3d059f81790e5ac91e175968323a4efe1ff12a564b33f7f94babf4b46b0ab,/content/cv3d-project/data/cache/reconstruction/metrics/02958343/1a0bc9ab92c915167ae33d942430658c/049f0a86dc1628a521dceb79.json,11.925124999834225
02958343/1a3782ae4bd711b66b418c7d9fedcaa9,oracle,1,[0],1.2843836968953946,1.488814046432215,1.6932443959690353,0.0,0.0,0.0,1.9969478257245012,0.0,0.0,0.0,0.0,0.0,0.0,camera_rotation_center_and_target_diameter_scale_single_view,6.229172302449686,0.0,10000,10000,True,True,True,/content/cv3d-project/data/cache/reconstruction/predictions/02958343/1a3782ae4bd711b66b418c7d9fedcaa9/6a41e97de6f139f1e4aec179.npz,3abf96b87a6af5b5bb3e2e5f7ed1e7403446864bde7e3745c7baa78697380e45,/content/cv3d-project/data/cache/reconstruction/metrics/02958343/1a3782ae4bd711b66b418c7d9fedcaa9/1b2a757c21fe288ea61d0fcc.json,3.7076660000820993
02958343/1a3782ae4bd711b66b418c7d9fedcaa9,oracle,2,"[0, 26]",0.07844675397628818,0.1770579734552159,0.2756691929341436,0.16025867908552077,0.006973520249221184,0.013375633687653312,1.9969478257245012,0.6165,0.0605,0.1152,0.0921,0.0037,0.0071,camera_pose_sim3,1.37027764384415,0.9444554476113312,10000,10000,True,False,True,/content/cv3d-project/data/cache/reconstruction/predictions/02958343/1a3782ae4bd711b66b418c7d9fedcaa9/f3f0e5b5382feb8943a920ac.npz,1396e6857edaf2f49dba966f29f645e270e964c1a5e303176437e2df64358594,/content/cv3d-project/data/cache/reconstruction/metrics/02958343/1a3782ae4bd711b66b418c7d9fedcaa9/69b61b9d6cf5ba5b11427312.json,11.223454999708338
02958343/1a3782ae4bd711b66b418c7d9fedcaa9,oracle,3,"[0, 26, 44]",0.1546630211868634,0.17990668055619566,0.20515033992552792,0.1608023572551074,0.004938396624472574,0.01167157894736842,1.9969478257245012,0.2667,0.0209,0.0504,0.1151,0.0028,0.0066,camera_pose_sim3,2.2206312112693083,0.37338741059117536,10000,10000,True,False,True,/content/cv3d-project/data/cache/reconstruction/predictions/02958343/1a3782ae4bd711b66b418c7d9fedcaa9/16a7c53bb4247b95182cae63.npz,8f099646ebd4172d46d320a734abd8012065a1d46ca07438ae12cb7e5b52fc74,/content/cv3d-project/data/cache/reconstruction/metrics/02958343/1a3782ae4bd711b66b418c7d9fedcaa9/0c3232102116fbf208be8444.json,11.302020999664819
02958343/1a3782ae4bd711b66b418c7d9fedcaa9,oracle,5,"[0, 26, 44, 17, 19]",0.03534680242107026,0.08021967471681724,0.1250925470125642,0.5450301496478874,0.048107612095933255,0.11578221024258761,1.9969478257245012,0.9867,0.1636,0.3768,0.3765,0.0282,0.0684,camera_pose_sim3,2.568408348232645,0.21230019571108344,10000,10000,True,False,True,/content/cv3d-project/data/cache/reconstruction/predictions/02958343/1a3782ae4bd711b66b418c7d9fedcaa9/d5859410a90e9901666c80a0.npz,756a6c07e7d7e9da9185661d99ec30b60bc3ed808357441e2b3434057d6efd8a,/content/cv3d-project/data/cache/reconstruction/metrics/02958343/1a3782ae4bd711b66b418c7d9fedcaa9/51ce6871d2c11fbe04b45140.json,11.23892599980536
02958343/1a3782ae4bd711b66b418c7d9fedcaa9,oracle,10,"[0, 26, 44, 17, 19, 41, 2, 25, 35, 11]",0.315044984353974,0.3611660816335512,0.4072871789131284,0.0,0.0,0.0,1.9969478257245012,0.0,0.0,0.0,0.0,0.0,0.0,camera_pose_sim3,2.1481995114179493,0.7227009679361186,10000,10000,True,False,True,/content/cv3d-project/data/cache/reconstruction/predictions/02958343/1a3782ae4bd711b66b418c7d9fedcaa9/391a6236a252cabd556daae6.npz,9b22a6f2ccb44c01d2fb46e15b91369d00f3cb7b505c1916a54de6e8327bc331,/content/cv3d-project/data/cache/reconstruction/metrics/02958343/1a3782ae4bd711b66b418c7d9fedcaa9/d87bcea2a37d68aeb3bd7e4b.json,12.163286000031803
02958343/1a7125aefa9af6b6597505fd7d99b613,oracle,1,[0],0.27528776419925016,0.45620231815371326,0.6371168721081764,0.0,0.0,0.0,1.981092911836724,0.0,0.0,0.0,0.0,0.0,0.0,camera_rotation_center_and_target_diameter_scale_single_view,4.076108354894398,0.0,10000,10000,True,True,True,/content/cv3d-project/data/cache/reconstruction/predictions/02958343/1a7125aefa9af6b6597505fd7d99b613/f8f1b1198df6da8c500f3bd2.npz,164349418460984ba146baec314b34bb63926c6d055fe7528080f5632e23cb83,/content/cv3d-project/data/cache/reconstruction/metrics/02958343/1a7125aefa9af6b6597505fd7d99b613/48348abb37fc500b07fef88e.json,3.992764000031457
02958343/1a7125aefa9af6b6597505fd7d99b613,oracle,2,"[0, 33]",0.7795352053304976,0.8206190820227639,0.8617029587150302,0.0,0.0,0.0,1.981092911836724,0.0,0.0,0.0,0.0,0.0,0.0,camera_pose_sim3,2.237361074288708,0.32710134961392756,10000,10000,True,False,True,/content/cv3d-project/data/cache/reconstruction/predictions/02958343/1a7125aefa9af6b6597505fd7d99b613/1d81ea79acf8f23c8dfa41cf.npz,bbfbfbeacfb7fa07dd4d39c028e44576beeb221ff49cbb2de483c6d4e1e25a49,/content/cv3d-project/data/cache/reconstruction/metrics/02958343/1a7125aefa9af6b6597505fd7d99b613/134870ed0553d102352158ec.json,11.788269000135188
02958343/1a7125aefa9af6b6597505fd7d99b613,oracle,3,"[0, 33, 36]",0.5038420522780013,0.5193459194085079,0.5348497865390146,0.0,0.0,0.0,1.981092911836724,0.0,0.0,0.0,0.0,0.0,0.0,camera_pose_sim3,1.8572990680045396,1.0045141875839587,10000,10000,True,False,True,/content/cv3d-project/data/cache/reconstruction/predictions/02958343/1a7125aefa9af6b6597505fd7d99b613/b21ecb9f746d4fc810dd4361.npz,a1a4163ca5df671c3f9a9570b7749db1b8d7fe2bd6dbbf935552ada6f64b829c,/content/cv3d-project/data/cache/reconstruction/metrics/02958343/1a7125aefa9af6b6597505fd7d99b613/7a710c293b83a65739fdc524.json,11.299682999833749
02958343/1a7125aefa9af6b6597505fd7d99b613,oracle,5,"[0, 33, 36, 34, 15]",0.6533499968993188,0.7380000875798236,0.8226501782603284,0.0,0.0,0.0,1.981092911836724,0.0,0.0,0.0,0.0,0.0,0.0,camera_pose_sim3,1.299726808136506,1.1890171384295698,10000,10000,True,False,True,/content/cv3d-project/data/cache/reconstruction/predictions/02958343/1a7125aefa9af6b6597505fd7d99b613/51ff4aa9a7d0e760d0e883ed.npz,6b7c82237bb71ff02c220ca203b5eaff2e274dd55d828b949be1786556aba54b,/content/cv3d-project/data/cache/reconstruction/metrics/02958343/1a7125aefa9af6b6597505fd7d99b613/144302da940a4e247ca18027.json,11.283067000022129
02958343/1a7125aefa9af6b6597505fd7d99b613,oracle,10,"[0, 33, 36, 34, 15, 10, 8, 25, 19, 47]",0.9855831009741293,1.072850889233429,1.1601186774927288,0.0,0.0,0.0,1.981092911836724,0.0,0.0,0.0,0.0,0.0,0.0,camera_pose_sim3,1.3083176293695844,1.0949569667188175,10000,10000,True,False,True,/content/cv3d-project/data/cache/reconstruction/predictions/02958343/1a7125aefa9af6b6597505fd7d99b613/da32ffe895f3e501e4ec5978.npz,a42d54122cc255c154666450bd222eda6f72a1beaafa3588bf800338a702f789,/content/cv3d-project/data/cache/reconstruction/metrics/02958343/1a7125aefa9af6b6597505fd7d99b613/4d290d051be03a194dfcd3d1.json,11.769045000164624
02958343/1a87a329781b15763820d8f180caa23a,oracle,1,[0],1.1939256310151032,1.3674392837191895,1.540952936423276,0.0,0.0,0.0,1.9844167379148858,0.0,0.0,0.0,0.0,0.0,0.0,camera_rotation_center_and_target_diameter_scale_single_view,6.103910081742183,0.0,10000,10000,True,True,True,/content/cv3d-project/data/cache/reconstruction/predictions/02958343/1a87a329781b15763820d8f180caa23a/36924f7d21e5b6bf57ee87ac.npz,5c6ad08a921d98be03e4bbb91acd4065993ef5e17ce58f444b7bec4b680abb8a,/content/cv3d-project/data/cache/reconstruction/metrics/02958343/1a87a329781b15763820d8f180caa23a/7b9511aed235cace1cffca07.json,3.7642890001734486
02958343/1a87a329781b15763820d8f180caa23a,oracle,2,"[0, 35]",0.09407353214606774,0.12834065745094655,0.16260778275582538,0.2737819083023544,0.008030939226519337,0.02512065439672802,1.9844167379148858,0.5433,0.0316,0.083,0.183,0.0046,0.0148,camera_pose_sim3,2.4567700870461664,0.1505262243283724,10000,10000,True,False,True,/content/cv3d-project/data/cache/reconstruction/predictions/02958343/1a87a329781b15763820d8f180caa23a/5cdc3def7d4465d70baa56bf.npz,ee99177d6516c6426de9725e448e807f5e669d1e2d6413bbf5e799aa3b560f88,/content/cv3d-project/data/cache/reconstruction/metrics/02958343/1a87a329781b15763820d8f180caa23a/e07aa06df208deb64745eb2b.json,11.070399000345787
02958343/1a87a329781b15763820d8f180caa23a,oracle,3,"[0, 35, 31]",0.02720854067848562,0.055412232716025564,0.08361592475356551,0.815797264491681,0.07999833776595745,0.17035144984946918,1.9844167379148858,1.0,0.2533,0.5296,0.6889,0.0475,0.1015,camera_pose_sim3,2.25873411564399,0.224391177330083,10000,10000,True,False,True,/content/cv3d-project/data/cache/reconstruction/predictions/02958343/1a87a329781b15763820d8f180caa23a/b064162e0cb5a1e68dfc6197.npz,ffa877e3b14ba509e4110c0e5518f8f946cc96f37e6c61737b6f7a625caf31a6,/content/cv3d-project/data/cache/reconstruction/metrics/02958343/1a87a329781b15763820d8f180caa23a/7cc6e17e22b5b77b82204adc.json,11.43984400005138
02958343/1a87a329781b15763820d8f180caa23a,oracle,5,"[0, 35, 31, 17, 29]",0.015709974608921713,0.024537972724566783,0.03336597084021185,0.994873856669012,0.24899574769666902,0.4721259445843829,1.9844167379148858,1.0,0.379,0.7209,0.9898,0.1854,0.351,camera_pose_sim3,2.394183398053164,0.11898593269454862,10000,10000,True,False,True,/content/cv3d-project/data/cache/reconstruction/predictions/02958343/1a87a329781b15763820d8f180caa23a/c97237dd3eaf57ed7b35275b.npz,fa9bbb6b9441980bee9a6b4f833ca9670e16a46aa92ed77781dd1f3fdabb228a,/content/cv3d-project/data/cache/reconstruction/metrics/02958343/1a87a329781b15763820d8f180caa23a/b7c0b8769db4cc8b375d95fb.json,12.272229000245716
02958343/1a87a329781b15763820d8f180caa23a,oracle,10,"[0, 35, 31, 17, 29, 41, 27, 42, 25, 6]",0.01717493773087398,0.022189009650957305,0.027203081571040625,0.9997999599919984,0.254564744645799,0.5348825657015589,1.9844167379148858,1.0,0.3444,0.6829,0.9996,0.2019,0.4396,camera_pose_sim3,2.4437648742312987,0.11622898940305798,10000,10000,True,False,True,/content/cv3d-project/data/cache/reconstruction/predictions/02958343/1a87a329781b15763820d8f180caa23a/3869b9ed07e05f3a1bc048d3.npz,a9c44eff0eb608202827c16920f3dab2389489be501b7422b2e996fad03f1fa6,/content/cv3d-project/data/cache/reconstruction/metrics/02958343/1a87a329781b15763820d8f180caa23a/2a72bcbb45a83fe26034507f.json,12.094120000256225
02958343/1ab80bc91a45b7d0a31091d2234b9f68,oracle,1,[0],3.4192125608290764,3.5677133700886308,3.716214179348185,0.0,0.0,0.0,1.997800337192748,0.0,0.0,0.0,0.0,0.0,0.0,camera_rotation_center_and_target_diameter_scale_single_view,10.495932411265022,0.0,10000,10000,True,True,True,/content/cv3d-project/data/cache/reconstruction/predictions/02958343/1ab80bc91a45b7d0a31091d2234b9f68/a4f8dd897fc728e58a0459b4.npz,34a4d3d04d260e6ea7570ad81f21a65f95d77919c22a43361b3e68856e7a017b,/content/cv3d-project/data/cache/reconstruction/metrics/02958343/1ab80bc91a45b7d0a31091d2234b9f68/25dfeb0b5e4e79ec8296eff9.json,3.7713100000473787
02958343/1ab80bc91a45b7d0a31091d2234b9f68,oracle,2,"[0, 35]",1.0548491592221236,1.1501437173643128,1.2454382755065017,0.0,0.0,0.0,1.997800337192748,0.0,0.0,0.0,0.0,0.0,0.0,camera_pose_sim3,2.937010966645971,0.3435594425479828,10000,10000,True,False,True,/content/cv3d-project/data/cache/reconstruction/predictions/02958343/1ab80bc91a45b7d0a31091d2234b9f68/66f833f2717e291597205de4.npz,b695076bc2e884181050903c648afc61e5a82d70fc96bf280ae89b7bfa23cda6,/content/cv3d-project/data/cache/reconstruction/metrics/02958343/1ab80bc91a45b7d0a31091d2234b9f68/e38b0de7db0fa34946c80ed0.json,11.234558000069228
02958343/1ab80bc91a45b7d0a31091d2234b9f68,oracle,3,"[0, 35, 39]",1.1248206683160191,1.2095223210891213,1.2942239738622232,0.0,0.0,0.0,1.997800337192748,0.0,0.0,0.0,0.0,0.0,0.0,camera_pose_sim3,3.161972254082704,1.0016415466888497,10000,10000,True,False,True,/content/cv3d-project/data/cache/reconstruction/predictions/02958343/1ab80bc91a45b7d0a31091d2234b9f68/ea7d14e17d5394f5b5439a25.npz,3e7485a026a5f55367379e3a93c1add5db1f02e8b67d3d9a3b7bc85cacdcf323,/content/cv3d-project/data/cache/reconstruction/metrics/02958343/1ab80bc91a45b7d0a31091d2234b9f68/1c9c47f0cc4b08322c517d48.json,11.527113999818539
02958343/1ab80bc91a45b7d0a31091d2234b9f68,oracle,5,"[0, 35, 39, 9, 20]",0.030285219545532222,0.07607819736403076,0.12187117518252931,0.5677677567412507,0.03116140808344198,0.08420821446138711,1.997800337192748,0.9976,0.1358,0.3589,0.3968,0.0176,0.0477,camera_pose_sim3,2.7408436296393255,0.11728533255135402,10000,10000,True,False,True,/content/cv3d-project/data/cache/reconstruction/predictions/02958343/1ab80bc91a45b7d0a31091d2234b9f68/8ff528dd0cd9d027f57dafca.npz,427654f91bf2d9329912f472f1da944837d3329bdcea528b6cf182f9dfb2416f,/content/cv3d-project/data/cache/reconstruction/metrics/02958343/1ab80bc91a45b7d0a31091d2234b9f68/bde1470ee519c44725c7a6c8.json,11.459134999768139
02958343/1ab80bc91a45b7d0a31091d2234b9f68,oracle,10,"[0, 35, 39, 9, 20, 3, 24, 34, 10, 44]",0.036581699371637307,0.07315196256270386,0.1097222257537704,0.679693688935833,0.034130511811023626,0.08767270223752152,1.997800337192748,1.0,0.0799,0.2367,0.5148,0.0217,0.0538,camera_pose_sim3,2.783556359813655,0.13562121897868148,10000,10000,True,False,True,/content/cv3d-project/data/cache/reconstruction/predictions/02958343/1ab80bc91a45b7d0a31091d2234b9f68/758b41970349ccbda3c98d3d.npz,d2eaa8539583d0df7177f7504c83ae563af9bba4cfea568328bffe30abc3ba2c,/content/cv3d-project/data/cache/reconstruction/metrics/02958343/1ab80bc91a45b7d0a31091d2234b9f68/a204b713fd9341ad2f989657.json,13.008640999942145
02958343/1ae184691a39e3d3e0e8bce75d28b114,oracle,1,[0],2.2433298448150003,2.3968208071876838,2.5503117695603668,0.0,0.0,0.0,1.9512859408639243,0.0,0.0,0.0,0.0,0.0,0.0,camera_rotation_center_and_target_diameter_scale_single_view,7.9697073040182085,0.0,10000,10000,True,True,True,/content/cv3d-project/data/cache/reconstruction/predictions/02958343/1ae184691a39e3d3e0e8bce75d28b114/e9e8464ba91a8baf69d0fd7d.npz,1c2c8f7c1ac34442ac529f18712e915c740d90010836807eae1207099f4dedae,/content/cv3d-project/data/cache/reconstruction/metrics/02958343/1ae184691a39e3d3e0e8bce75d28b114/7be917fe4b6f2bb94bfc7e78.json,3.826730000128009
02958343/1ae184691a39e3d3e0e8bce75d28b114,oracle,2,"[0, 39]",0.25237693517283416,0.29795301450866707,0.34352909384450003,0.0,0.0,0.0,1.9512859408639243,0.0,0.0,0.0,0.0,0.0,0.0,camera_pose_sim3,2.80980364952086,0.11850893005896415,10000,10000,True,False,True,/content/cv3d-project/data/cache/reconstruction/predictions/02958343/1ae184691a39e3d3e0e8bce75d28b114/0aaa75ffb30f1291147b13c8.npz,596d918606bb98536777cbfed7f57b7aef511a53ac415054642e4c0be8ed8ed2,/content/cv3d-project/data/cache/reconstruction/metrics/02958343/1ae184691a39e3d3e0e8bce75d28b114/61cb4f4fdf42a4576a0345b6.json,11.46912100011832
02958343/1ae184691a39e3d3e0e8bce75d28b114,oracle,3,"[0, 39, 35]",1.1786830881532246,1.2420789632406435,1.3054748383280623,0.0,0.0,0.0,1.9512859408639243,0.0,0.0,0.0,0.0,0.0,0.0,camera_pose_sim3,2.2023558504242993,0.8993032261082051,10000,10000,True,False,True,/content/cv3d-project/data/cache/reconstruction/predictions/02958343/1ae184691a39e3d3e0e8bce75d28b114/7db5494be0c15b8f4f378085.npz,abc7d5cf543d7aa175a382da19fdee10ebc1d06708bf57268856ce7ddfa441ab,/content/cv3d-project/data/cache/reconstruction/metrics/02958343/1ae184691a39e3d3e0e8bce75d28b114/eb308b05f466d98a0c491c5c.json,11.368875000243861
02958343/1ae184691a39e3d3e0e8bce75d28b114,oracle,5,"[0, 39, 35, 29, 9]",0.10382147485775114,0.18020316822012183,0.2565848615824925,0.12109521477015825,0.0008809523809523808,0.002801762114537445,1.9512859408639243,0.4611,0.0037,0.0212,0.0697,0.0005,0.0015,camera_pose_sim3,2.02361190391058,0.6142991881686805,10000,10000,True,False,True,/content/cv3d-project/data/cache/reconstruction/predictions/02958343/1ae184691a39e3d3e0e8bce75d28b114/10c4087e5a7d6da72f312ad1.npz,2053424ece67d5a347a24616fd53e0fdba2aff8f5896ac29c2f17be6d8c13195,/content/cv3d-project/data/cache/reconstruction/metrics/02958343/1ae184691a39e3d3e0e8bce75d28b114/5fec8a816d397eb9e0be8b48.json,11.281972999768186
02958343/1ae184691a39e3d3e0e8bce75d28b114,oracle,10,"[0, 39, 35, 29, 9, 7, 24, 18, 19, 11]",0.023149288327332773,0.054373095119429955,0.08559690191152713,0.8090984875550792,0.05074561891515995,0.15040728181331428,1.9512859408639243,1.0,0.1109,0.4708,0.6794,0.0329,0.0895,camera_pose_sim3,2.357602677755104,0.10330656151787487,10000,10000,True,False,True,/content/cv3d-project/data/cache/reconstruction/predictions/02958343/1ae184691a39e3d3e0e8bce75d28b114/f42e14c50ed353826bfbe6e8.npz,143443f18cefa499d092972e617c1c812c51d9dc05370ab940d1cc359f06279c,/content/cv3d-project/data/cache/reconstruction/metrics/02958343/1ae184691a39e3d3e0e8bce75d28b114/aea15e3420dbdc26e90bd545.json,11.70994799986147
02958343/1ae530f49a914595b491214a0cc2380,oracle,1,[0],4.116588689030274,4.329895656439291,4.543202623848309,0.0,0.0,0.0,1.98393992786098,0.0,0.0,0.0,0.0,0.0,0.0,camera_rotation_center_and_target_diameter_scale_single_view,11.940732238667541,0.0,10000,10000,True,True,True,/content/cv3d-project/data/cache/reconstruction/predictions/02958343/1ae530f49a914595b491214a0cc2380/587d80d12b07136f8cdcb1ee.npz,a938786866d5ab0b374d73655a5355f128aaaf764520e98dd5aa5fe6baa7343a,/content/cv3d-project/data/cache/reconstruction/metrics/02958343/1ae530f49a914595b491214a0cc2380/fce9f4380483954482ca4694.json,3.68112000023757
02958343/1ae530f49a914595b491214a0cc2380,oracle,2,"[0, 33]",0.6662333642162722,0.730873824795778,0.7955142853752837,0.0,0.0,0.0,1.98393992786098,0.0,0.0,0.0,0.0,0.0,0.0,camera_pose_sim3,1.8618046776912387,1.0751720678723202,10000,10000,True,False,True,/content/cv3d-project/data/cache/reconstruction/predictions/02958343/1ae530f49a914595b491214a0cc2380/d55017c1c16dd45529a955d6.npz,83bea96b79b748e671effe271caecb7890ea79fa1450b7632a1a2e5bdc9072a9,/content/cv3d-project/data/cache/reconstruction/metrics/02958343/1ae530f49a914595b491214a0cc2380/8cda4baa77584609c07fbcaa.json,12.02612399993086
02958343/1ae530f49a914595b491214a0cc2380,oracle,3,"[0, 33, 37]",0.04438032526556934,0.10338333275212021,0.16238634023867107,0.33773240023327505,0.014126315789473685,0.03367149917627678,1.98393992786098,0.997,0.0854,0.2246,0.2033,0.0077,0.0182,camera_pose_sim3,2.440078348619136,0.14172114482807965,10000,10000,True,False,True,/content/cv3d-project/data/cache/reconstruction/predictions/02958343/1ae530f49a914595b491214a0cc2380/9662aed5e0b14d69d2d65f8c.npz,6c21fb2b8001a2ad777731aa705fe30bc8ae6eb7bb328b792fa17c25e0bb5488,/content/cv3d-project/data/cache/reconstruction/metrics/02958343/1ae530f49a914595b491214a0cc2380/3bc5a4af7463deb4b3f50967.json,12.22160800034544
02958343/1ae530f49a914595b491214a0cc2380,oracle,5,"[0, 33, 37, 15, 26]",0.021244011643125713,0.056393130718046885,0.09154224979296806,0.7557546348139853,0.05924967090829312,0.15701916862745097,1.98393992786098,1.0,0.1929,0.5458,0.6074,0.035,0.0917,camera_pose_sim3,2.5149536908928463,0.07620997384258757,10000,10000,True,False,True,/content/cv3d-project/data/cache/reconstruction/predictions/02958343/1ae530f49a914595b491214a0cc2380/d65c6b8eace78b75939a181a.npz,fee2bba0e9cfb98e520061873d504f45451f64dee16ad1b2fcc576eced18bc8e,/content/cv3d-project/data/cache/reconstruction/metrics/02958343/1ae530f49a914595b491214a0cc2380/f7b3c57810e52a7f8f521835.json,11.61951299991415
02958343/1ae530f49a914595b491214a0cc2380,oracle,10,"[0, 33, 37, 15, 26, 21, 45, 11, 40, 25]",0.01836347889420382,0.041152484114234195,0.06394148933426456,0.8912296263443841,0.1292398755385352,0.23828285159096427,1.98393992786098,1.0,0.3379,0.6789,0.8038,0.0799,0.1445,camera_pose_sim3,2.5708187351980185,0.12791050550408914,10000,10000,True,False,True,/content/cv3d-project/data/cache/reconstruction/predictions/02958343/1ae530f49a914595b491214a0cc2380/6f79f385f70ab83ae5527bd6.npz,f28b655ce36c04577b6cf5a7637bc48d8029e4ebcf07b8cb3fa735e6a4e82c8d,/content/cv3d-project/data/cache/reconstruction/metrics/02958343/1ae530f49a914595b491214a0cc2380/6746ea899398e9e1040a3efc.json,11.98738199991567
02958343/1aef0af3cdafb118c6a40bdf315062da,oracle,1,[0],3.0957972981868447,3.305920177246009,3.516043056305173,0.0,0.0,0.0,1.8547774068772946,0.0,0.0,0.0,0.0,0.0,0.0,camera_rotation_center_and_target_diameter_scale_single_view,9.387613250392121,0.0,10000,10000,True,True,True,/content/cv3d-project/data/cache/reconstruction/predictions/02958343/1aef0af3cdafb118c6a40bdf315062da/83176eb27c81913d0f284acc.npz,ec71974267497859025e719295699d504e4e14d1e3e6613b06d20b5643cd19f9,/content/cv3d-project/data/cache/reconstruction/metrics/02958343/1aef0af3cdafb118c6a40bdf315062da/5587bd30217f2f714eb75030.json,3.742953000255511
02958343/1aef0af3cdafb118c6a40bdf315062da,oracle,2,"[0, 37]",0.6791253034838414,0.7501124464792506,0.8210995894746599,0.0,0.0,0.0,1.8547774068772946,0.0,0.0,0.0,0.0,0.0,0.0,camera_pose_sim3,2.3751062760369144,0.3773454994980136,10000,10000,True,False,True,/content/cv3d-project/data/cache/reconstruction/predictions/02958343/1aef0af3cdafb118c6a40bdf315062da/5667c0bd1d37dbd612687556.npz,1c347cce8fff5a76a56b405309e293b86d3d7b18b9a57ca96bcc684f6c19f88e,/content/cv3d-project/data/cache/reconstruction/metrics/02958343/1aef0af3cdafb118c6a40bdf315062da/2852a7b01d37ee7e216fb93f.json,11.665423999602353
02958343/1aef0af3cdafb118c6a40bdf315062da,oracle,3,"[0, 37, 17]",0.06663822533240393,0.116846224011563,0.16705422269072207,0.2947948391596199,0.006647802197802198,0.014842602040816326,1.8547774068772946,0.9734,0.0327,0.0701,0.1737,0.0037,0.0083,camera_pose_sim3,2.2795184528514345,0.2382521690916957,10000,10000,True,False,True,/content/cv3d-project/data/cache/reconstruction/predictions/02958343/1aef0af3cdafb118c6a40bdf315062da/31122a89854167a9bd760154.npz,f36c2394d9af175ef8882b634a38a0bafc706125a147ec6f9696fec41188ee54,/content/cv3d-project/data/cache/reconstruction/metrics/02958343/1aef0af3cdafb118c6a40bdf315062da/6d92ec525920dfa7786739f7.json,11.864411000260588
02958343/1aef0af3cdafb118c6a40bdf315062da,oracle,5,"[0, 37, 17, 27, 39]",0.13124795437353043,0.1797627670995428,0.2282775798255552,0.11960822008617834,0.0,0.0014344827586206896,1.8547774068772946,0.2195,0.0,0.0016,0.0822,0.0,0.0013,camera_pose_sim3,2.383924321618185,0.282408148779152,10000,10000,True,False,True,/content/cv3d-project/data/cache/reconstruction/predictions/02958343/1aef0af3cdafb118c6a40bdf315062da/fe4faeb0976bdd1851d23efe.npz,1b518380a6b8a37f6324b59f0c0836a3d5a7bc1fc6b32ea48e9ee4027a0bdd1d,/content/cv3d-project/data/cache/reconstruction/metrics/02958343/1aef0af3cdafb118c6a40bdf315062da/88044694b449f45ef50bf613.json,12.300374000005831
02958343/1aef0af3cdafb118c6a40bdf315062da,oracle,10,"[0, 37, 17, 27, 39, 41, 1, 10, 13, 47]",0.02631598974099498,0.052230053763021075,0.07814411778504717,0.7956160423943153,0.12447642222952977,0.24814212454212456,1.8547774068772946,1.0,0.2168,0.5195,0.6606,0.0873,0.163,camera_pose_sim3,2.4380347441703005,0.13181305984695055,10000,10000,True,False,True,/content/cv3d-project/data/cache/reconstruction/predictions/02958343/1aef0af3cdafb118c6a40bdf315062da/2ef3b7aec97af7a19c6ae63f.npz,3bb2df3b4a9d733af15b0e99b9ff480a73a8c7df93030886cbb7bb6723c9d4f4,/content/cv3d-project/data/cache/reconstruction/metrics/02958343/1aef0af3cdafb118c6a40bdf315062da/677a2e785cae93ade68ddf3f.json,12.340306000169221
02958343/1b25c745164e53b822d2fb8fec68f2a1,oracle,1,[0],1.9163980053794194,2.1233516692910936,2.3303053332027677,0.0,0.0,0.0,1.9841385494058488,0.0,0.0,0.0,0.0,0.0,0.0,camera_rotation_center_and_target_diameter_scale_single_view,7.646256534431182,0.0,10000,10000,True,True,True,/content/cv3d-project/data/cache/reconstruction/predictions/02958343/1b25c745164e53b822d2fb8fec68f2a1/560cf5ef675ae5cc93ef018e.npz,d156d666384369ee3cff52b5ca02c937cec18b57d6b9419cdd740cb967828b5f,/content/cv3d-project/data/cache/reconstruction/metrics/02958343/1b25c745164e53b822d2fb8fec68f2a1/ff1ec4598b865ecd2a3833fd.json,3.8219309999476536
02958343/1b25c745164e53b822d2fb8fec68f2a1,oracle,2,"[0, 24]",2.5352408718997435,2.679169308467896,2.8230977450360486,0.0,0.0,0.0,1.9841385494058488,0.0,0.0,0.0,0.0,0.0,0.0,camera_pose_sim3_positive_scale_fallback,3.93336690862358,4.3109394794542636e-16,10000,10000,True,False,True,/content/cv3d-project/data/cache/reconstruction/predictions/02958343/1b25c745164e53b822d2fb8fec68f2a1/dcf201b66e11995daca22790.npz,a885a04a437f3ce7bbc18abe5e6a13406fc6527b56d550fc002409cd0b1defa1,/content/cv3d-project/data/cache/reconstruction/metrics/02958343/1b25c745164e53b822d2fb8fec68f2a1/e756be5152714fdf4ed7c6b0.json,11.679490999995323
02958343/1b25c745164e53b822d2fb8fec68f2a1,oracle,3,"[0, 24, 29]",0.029496133178043536,0.09945118209111957,0.1694062310041956,0.4628391361155945,0.01905688960515713,0.04674088159031979,1.9841385494058488,1.0,0.1137,0.3219,0.3011,0.0104,0.0252,camera_pose_sim3,2.2765024068243394,0.3857350843267236,10000,10000,True,False,True,/content/cv3d-project/data/cache/reconstruction/predictions/02958343/1b25c745164e53b822d2fb8fec68f2a1/822ba55034fb3c81f10e7634.npz,8c224cc2c948b6ee68389fe52b9b8b0b6ca8845358cf7607c8541c559932a387,/content/cv3d-project/data/cache/reconstruction/metrics/02958343/1b25c745164e53b822d2fb8fec68f2a1/eadc5efa694d69819d2b7d97.json,11.22878900014257
02958343/1b25c745164e53b822d2fb8fec68f2a1,oracle,5,"[0, 24, 29, 14, 42]",0.35049334551698935,0.4011145528504508,0.4517357601839122,0.0,0.0,0.0,1.9841385494058488,0.0,0.0,0.0,0.0,0.0,0.0,camera_pose_sim3,1.769961619160736,0.8187217944169229,10000,10000,True,False,True,/content/cv3d-project/data/cache/reconstruction/predictions/02958343/1b25c745164e53b822d2fb8fec68f2a1/1c7a2181dd5f744760737f9c.npz,76098caaa40af35fb60e9affac44a3d57f3416c484a50a736d03f14953be6a2c,/content/cv3d-project/data/cache/reconstruction/metrics/02958343/1b25c745164e53b822d2fb8fec68f2a1/4468276ed13acf2a10b9ce42.json,12.187400000129855
02958343/1b25c745164e53b822d2fb8fec68f2a1,oracle,10,"[0, 24, 29, 14, 42, 22, 13, 43, 21, 8]",0.01665198508244911,0.039900613695997955,0.0631492423095468,0.8844888170003905,0.17125934458788478,0.32815054216233286,1.9841385494058488,1.0,0.3941,0.739,0.7929,0.1094,0.2109,camera_pose_sim3,2.382214660187619,0.11684826662963432,10000,10000,True,False,True,/content/cv3d-project/data/cache/reconstruction/predictions/02958343/1b25c745164e53b822d2fb8fec68f2a1/f01aecfaa2eaac2f96d92311.npz,d1b6a59e45ed97d08be8253bca4e8086ca9e6ae0ecaabc467167f9cbb79c0697,/content/cv3d-project/data/cache/reconstruction/metrics/02958343/1b25c745164e53b822d2fb8fec68f2a1/fdeb0fb7f9c39eaa8cd9d4da.json,12.478675999773259
02958343/1b2ef0809ca1abc7ca92a4cdad802b45,oracle,1,[0],3.453886659725618,3.6666611375504363,3.8794356153752547,0.0,0.0,0.0,1.9863568695150902,0.0,0.0,0.0,0.0,0.0,0.0,camera_rotation_center_and_target_diameter_scale_single_view,10.61523706808454,0.0,9774,10000,True,True,True,/content/cv3d-project/data/cache/reconstruction/predictions/02958343/1b2ef0809ca1abc7ca92a4cdad802b45/fefd028f2398a560262290b9.npz,a6a0bca39aea78aa0f24bd8aa14173e049da7bfc2f3fa91bad9b12d8a85d4e2c,/content/cv3d-project/data/cache/reconstruction/metrics/02958343/1b2ef0809ca1abc7ca92a4cdad802b45/a0f0ee5a99b2ba6c6c84433e.json,3.8452560002042446
02958343/1b2ef0809ca1abc7ca92a4cdad802b45,oracle,2,"[0, 35]",0.825754884771397,0.8599489011245919,0.8941429174777867,0.0,0.0,0.0,1.9863568695150902,0.0,0.0,0.0,0.0,0.0,0.0,camera_pose_sim3,2.9134219633475964,0.5719012625442228,10000,10000,True,True,True,/content/cv3d-project/data/cache/reconstruction/predictions/02958343/1b2ef0809ca1abc7ca92a4cdad802b45/1ef683d1adaaec32ed87e339.npz,e19bd1f382b81850371a74659c38dda9ac5613afb789ee6b4d3a25e5184061df,/content/cv3d-project/data/cache/reconstruction/metrics/02958343/1b2ef0809ca1abc7ca92a4cdad802b45/9e1bbcdb2439b540eaf0e181.json,2.6607389995660924
02958343/1b2ef0809ca1abc7ca92a4cdad802b45,oracle,3,"[0, 35, 31]",0.4138256641296403,0.47469215290484096,0.5355586416800416,0.0,0.0,0.0,1.9863568695150902,0.0,0.0,0.0,0.0,0.0,0.0,camera_pose_sim3,2.7348692158185526,0.4106846447609218,10000,10000,True,False,True,/content/cv3d-project/data/cache/reconstruction/predictions/02958343/1b2ef0809ca1abc7ca92a4cdad802b45/0e89fa320eeb885ca0b2909d.npz,845bf7ff68c9eeb40239368dfa0bb014606978106015e1b13065a22006145c09,/content/cv3d-project/data/cache/reconstruction/metrics/02958343/1b2ef0809ca1abc7ca92a4cdad802b45/7dc6848c75ab5f513da622c8.json,12.064411000210384
02958343/1b2ef0809ca1abc7ca92a4cdad802b45,oracle,5,"[0, 35, 31, 9, 12]",0.024253792432856823,0.07400088934895296,0.12374798626504911,0.6029617211511595,0.05600263700041203,0.12916507657102622,1.9863568695150902,1.0,0.2104,0.4938,0.4316,0.0323,0.0743,camera_pose_sim3,2.60089490961574,0.18519441600052394,10000,10000,True,False,True,/content/cv3d-project/data/cache/reconstruction/predictions/02958343/1b2ef0809ca1abc7ca92a4cdad802b45/19a41cf6c14f25dd6049da8d.npz,f3174d18752b3fe8889ebef5b9c76070d1118ba62ba052fdaf8ab4eba749d8c3,/content/cv3d-project/data/cache/reconstruction/metrics/02958343/1b2ef0809ca1abc7ca92a4cdad802b45/5efc36aa77d6359b5bff045c.json,11.636972999895079
02958343/1b2ef0809ca1abc7ca92a4cdad802b45,oracle,10,"[0, 35, 31, 9, 12, 10, 40, 27, 19, 25]",0.029132143872106723,0.09759316302155222,0.1660541821709977,0.4750285932138772,0.07889857705116561,0.14325272309711287,1.9863568695150902,1.0,0.2845,0.5267,0.3115,0.0458,0.0829,camera_pose_sim3,2.515146835613154,0.4727395099607106,10000,10000,True,False,True,/content/cv3d-project/data/cache/reconstruction/predictions/02958343/1b2ef0809ca1abc7ca92a4cdad802b45/01f3714d075053f4c3cd9fe9.npz,430654d8e811056e92fcd8b5e442d9dc68e4a13571791047968ea7eb989e08e7,/content/cv3d-project/data/cache/reconstruction/metrics/02958343/1b2ef0809ca1abc7ca92a4cdad802b45/afba6de5b6de5928e1d8c31d.json,11.878636999881564
03001627/1006be65e7bc937e9141f9b58470d646,oracle,1,[0],4.0434662544254705,4.17549067882161,4.30751510321775,0.0,0.0,0.0,1.9785622926653164,0.0,0.0,0.0,0.0,0.0,0.0,camera_rotation_center_and_target_diameter_scale_single_view,11.417179150510156,0.0,10000,10000,True,True,True,/content/cv3d-project/data/cache/reconstruction/predictions/03001627/1006be65e7bc937e9141f9b58470d646/24ebdd5c565b8fe19f894d19.npz,edc2e1fd413bf2aa960c9e83a6bfd55e7d242c33aa3143a9fe951cb823cd0eb6,/content/cv3d-project/data/cache/reconstruction/metrics/03001627/1006be65e7bc937e9141f9b58470d646/5c9c3a014d9477d3ca46bb7d.json,3.8193959999262006
03001627/1006be65e7bc937e9141f9b58470d646,oracle,2,"[0, 37]",0.9552187561496214,1.0371059404701999,1.1189931247907783,0.0,0.0,0.0,1.9785622926653164,0.0,0.0,0.0,0.0,0.0,0.0,camera_pose_sim3,1.3639555570094286,0.9738751034527227,10000,10000,True,False,True,/content/cv3d-project/data/cache/reconstruction/predictions/03001627/1006be65e7bc937e9141f9b58470d646/82564c9fb6ac7f2279368078.npz,efa0684b3306d2ea70e26a47da8b03c0960b62f9852c4605f5510dab7e4cec0c,/content/cv3d-project/data/cache/reconstruction/metrics/03001627/1006be65e7bc937e9141f9b58470d646/db261cef07688500a42b4285.json,11.550328999874182
03001627/1006be65e7bc937e9141f9b58470d646,oracle,3,"[0, 37, 18]",0.04955508129652636,0.1415402371729691,0.2335253930494118,0.142472369276493,0.0,0.0,1.9785622926653164,1.0,0.0,0.0,0.0767,0.0,0.0,camera_pose_sim3,0.4514226412636219,1.3192386336479933,10000,10000,True,False,True,/content/cv3d-project/data/cache/reconstruction/predictions/03001627/1006be65e7bc937e9141f9b58470d646/81fd2a19e4df5aeca156ccf2.npz,c9e7a52fe2a0ddc3e781cdce417c27b6494e5547312e299abcd2d723b6aef6c5,/content/cv3d-project/data/cache/reconstruction/metrics/03001627/1006be65e7bc937e9141f9b58470d646/50a1f7f9e2d7b50d84ac09d7.json,11.617136000040773
03001627/1006be65e7bc937e9141f9b58470d646,oracle,5,"[0, 37, 18, 40, 35]",0.6993924082226842,0.8716954705701887,1.043998532917693,0.0,0.0,0.0,1.9785622926653164,0.0,0.0,0.0,0.0,0.0,0.0,camera_pose_sim3,1.7602987153259726,1.0227634116357702,10000,10000,True,False,True,/content/cv3d-project/data/cache/reconstruction/predictions/03001627/1006be65e7bc937e9141f9b58470d646/4f7dd2852f3519cf2be0c671.npz,c411e40afce3b4cd157d871a0182e794e62764e5dfb8dc076cf87b62c84526a0,/content/cv3d-project/data/cache/reconstruction/metrics/03001627/1006be65e7bc937e9141f9b58470d646/2def2282390ddcf231055937.json,12.201902000015252
03001627/1006be65e7bc937e9141f9b58470d646,oracle,10,"[0, 37, 18, 40, 35, 7, 31, 34, 11, 1]",0.10850094248425243,0.17432868283443803,0.2401564231846236,0.27140462427745665,0.007478709677419355,0.0194560327198364,1.9785622926653164,0.423,0.0092,0.0355,0.1998,0.0063,0.0134,camera_pose_sim3,2.297826634046417,0.8328795238966308,10000,10000,True,False,True,/content/cv3d-project/data/cache/reconstruction/predictions/03001627/1006be65e7bc937e9141f9b58470d646/bdf9e3ab12b630d4695e7c80.npz,92a53cf7ecd17c129e5cc608e2af1e0f60ca127680fd01cdb2a75df1501220ac,/content/cv3d-project/data/cache/reconstruction/metrics/03001627/1006be65e7bc937e9141f9b58470d646/fe16e585474e1babc3ffbf4e.json,12.722339999982069
03001627/1007e20d5e811b308351982a6e40cf41,oracle,1,[0],1.7058072550921919,1.8216495070739407,1.9374917590556895,0.0,0.0,0.0,1.9928516120870232,0.0,0.0,0.0,0.0,0.0,0.0,camera_rotation_center_and_target_diameter_scale_single_view,6.605702070278832,0.0,10000,10000,True,True,True,/content/cv3d-project/data/cache/reconstruction/predictions/03001627/1007e20d5e811b308351982a6e40cf41/9e804dde944b6d142e7b8fa4.npz,e230aa430820570a314bf5a21faa12da84fcd8ed14658c42b37c2ef4f43e397e,/content/cv3d-project/data/cache/reconstruction/metrics/03001627/1007e20d5e811b308351982a6e40cf41/86c14c23acfaed905233edd2.json,3.7860040001760353
03001627/1007e20d5e811b308351982a6e40cf41,oracle,2,"[0, 44]",0.26168809131892473,0.31768807309498936,0.37368805487105394,0.0,0.0,0.0,1.9928516120870232,0.0,0.0,0.0,0.0,0.0,0.0,camera_pose_sim3,2.8589278983118973,0.12978730848425382,10000,10000,True,False,True,/content/cv3d-project/data/cache/reconstruction/predictions/03001627/1007e20d5e811b308351982a6e40cf41/3c26d2f22271259880ac2bac.npz,846a3371b23472d6f53ecab6d45e8358e82a78962ff2072cbcf7717d70f792a4,/content/cv3d-project/data/cache/reconstruction/metrics/03001627/1007e20d5e811b308351982a6e40cf41/7d71aa39fdc8484bd4bf17dc.json,11.470600999928138
03001627/1007e20d5e811b308351982a6e40cf41,oracle,3,"[0, 44, 33]",0.1916402556021838,0.310993693429284,0.4303471312563842,0.0,0.0,0.0,1.9928516120870232,0.0,0.0,0.0,0.0,0.0,0.0,camera_pose_sim3,2.266202311971057,0.5945912355367532,10000,10000,True,False,True,/content/cv3d-project/data/cache/reconstruction/predictions/03001627/1007e20d5e811b308351982a6e40cf41/180c606a264b8524ec865cc9.npz,4a0547880941868fdc90a6fa50ff5658c8910f5494ea94efdff664ea8954e3bb,/content/cv3d-project/data/cache/reconstruction/metrics/03001627/1007e20d5e811b308351982a6e40cf41/53549e8573afc6dfa32e7d05.json,11.380123999970237
03001627/1007e20d5e811b308351982a6e40cf41,oracle,5,"[0, 44, 33, 19, 23]",0.05936468345942553,0.13229516829229693,0.2052256531251683,0.34904466467814876,0.047066081871345034,0.08456062931696086,1.9928516120870232,0.8174,0.1066,0.2075,0.2219,0.0302,0.0531,camera_pose_sim3,2.4440615573715503,0.5442477543809489,10000,10000,True,False,True,/content/cv3d-project/data/cache/reconstruction/predictions/03001627/1007e20d5e811b308351982a6e40cf41/a4ce88b94abe37f772020e39.npz,5aa897ec8af0244dc667f4f83e3f6a5ed9729cddb123581e793e50c3fe623e0b,/content/cv3d-project/data/cache/reconstruction/metrics/03001627/1007e20d5e811b308351982a6e40cf41/feda8429498addc0d2a5f575.json,11.724097000296752
03001627/1007e20d5e811b308351982a6e40cf41,oracle,10,"[0, 44, 33, 19, 23, 7, 39, 26, 5, 25]",0.06302473872736195,0.09265936215990092,0.1222939855924399,0.5397129232074671,0.06492316890881913,0.13975554063129617,1.9928516120870232,0.7601,0.0784,0.1858,0.4184,0.0554,0.112,camera_pose_sim3,2.6241049976530952,0.35749006749679474,10000,10000,True,False,True,/content/cv3d-project/data/cache/reconstruction/predictions/03001627/1007e20d5e811b308351982a6e40cf41/f1930d1b4288dd7b321dd33f.npz,953e3f3b9ebad1f90d754ea8747a2ddf8f61b59b1bc53adb2486803784ddcecd,/content/cv3d-project/data/cache/reconstruction/metrics/03001627/1007e20d5e811b308351982a6e40cf41/7800be8030a866831d049553.json,12.99725600028978
03001627/100b18376b885f206ae9ad7e32c4139d,oracle,1,[0],1.950792343025924,2.0396357485515413,2.128479154077158,0.0,0.0,0.0,1.998428756360668,0.0,0.0,0.0,0.0,0.0,0.0,camera_rotation_center_and_target_diameter_scale_single_view,7.006834011288098,0.0,10000,10000,True,True,True,/content/cv3d-project/data/cache/reconstruction/predictions/03001627/100b18376b885f206ae9ad7e32c4139d/8accc66815bd0ed07c778e41.npz,51a02f3cbfce11b980198f6a95441edb6b38fad07d7eb48dfd32b46ae61f2d0b,/content/cv3d-project/data/cache/reconstruction/metrics/03001627/100b18376b885f206ae9ad7e32c4139d/c11c5eadf4f0ca555f329c39.json,3.9139040000009118
03001627/100b18376b885f206ae9ad7e32c4139d,oracle,2,"[0, 42]",1.651178684126746,1.7672321251642695,1.8832855662017929,0.0,0.0,0.0,1.998428756360668,0.0,0.0,0.0,0.0,0.0,0.0,camera_pose_sim3_positive_scale_fallback,4.016837662769255,3.7420404700636384e-16,10000,10000,True,False,True,/content/cv3d-project/data/cache/reconstruction/predictions/03001627/100b18376b885f206ae9ad7e32c4139d/866e8b8b64ae2fad9811d6bc.npz,ce17f89e098e3c1ff8d787514186ce86d315d88d0e2279c3f7b945aecf1b7576,/content/cv3d-project/data/cache/reconstruction/metrics/03001627/100b18376b885f206ae9ad7e32c4139d/b520344e5fed806645127bcc.json,12.179978999938612
03001627/100b18376b885f206ae9ad7e32c4139d,oracle,3,"[0, 42, 30]",0.6423817242672909,0.7966336648125201,0.9508856053577492,0.0,0.0,0.0,1.998428756360668,0.0,0.0,0.0,0.0,0.0,0.0,camera_pose_sim3,0.9553263023885346,1.2512694131231223,10000,10000,True,False,True,/content/cv3d-project/data/cache/reconstruction/predictions/03001627/100b18376b885f206ae9ad7e32c4139d/53ff20b5090e091f881d5a62.npz,14fb054eb18efe3c4f4b77bcccc8496d1ac95ba93ae9c3e35dd794b8e54ee6d9,/content/cv3d-project/data/cache/reconstruction/metrics/03001627/100b18376b885f206ae9ad7e32c4139d/d488f83be4919b7138ae7bb3.json,11.664026000289596
03001627/100b18376b885f206ae9ad7e32c4139d,oracle,5,"[0, 42, 30, 8, 22]",0.9244460883785782,1.089431094986812,1.254416101595046,0.0,0.0,0.0,1.998428756360668,0.0,0.0,0.0,0.0,0.0,0.0,camera_pose_sim3,1.540711941011531,1.1823634081032417,10000,10000,True,False,True,/content/cv3d-project/data/cache/reconstruction/predictions/03001627/100b18376b885f206ae9ad7e32c4139d/5c4efc2e9ea00d2eaa4b3fb8.npz,d4d1c7a8aca9b27e7f289f5ad56eac60f4c78dbd13aad45af0ffb67a1a075608,/content/cv3d-project/data/cache/reconstruction/metrics/03001627/100b18376b885f206ae9ad7e32c4139d/832069968fc2ae52706c0708.json,11.602505000155361
03001627/100b18376b885f206ae9ad7e32c4139d,oracle,10,"[0, 42, 30, 8, 22, 37, 21, 31, 29, 11]",0.6349684734215654,0.7317981123559016,0.828627751290238,0.0,0.0,0.0,1.998428756360668,0.0,0.0,0.0,0.0,0.0,0.0,camera_pose_sim3,2.1561273389634974,0.884005479409866,10000,10000,True,False,True,/content/cv3d-project/data/cache/reconstruction/predictions/03001627/100b18376b885f206ae9ad7e32c4139d/43cb928a4613b8a288e304dc.npz,b46636abb2b08022f74d7eb193a921807146eec5da0efd97980b77ab8c9281f5,/content/cv3d-project/data/cache/reconstruction/metrics/03001627/100b18376b885f206ae9ad7e32c4139d/69b3336460a4f95ae3d58a5e.json,11.992188000021997
03001627/1013f70851210a618f2e765c4a8ed3d,oracle,1,[0],1.334133068996802,1.4261545791906873,1.5181760893845724,0.0,0.0,0.0,1.9995002759558806,0.0,0.0,0.0,0.0,0.0,0.0,camera_rotation_center_and_target_diameter_scale_single_view,6.231415655904789,0.0,10000,10000,True,True,True,/content/cv3d-project/data/cache/reconstruction/predictions/03001627/1013f70851210a618f2e765c4a8ed3d/a6828c2c26189fb20c63714b.npz,04b18bb0ca3175bb1614c319401916fc74fec4b231bcfea44d14226ebd22e882,/content/cv3d-project/data/cache/reconstruction/metrics/03001627/1013f70851210a618f2e765c4a8ed3d/9f82f478e661e56e26b1c26d.json,3.845912000087992
03001627/1013f70851210a618f2e765c4a8ed3d,oracle,2,"[0, 18]",0.28084861125476024,0.4503113001625731,0.6197739890703859,0.0,0.0,0.0,1.9995002759558806,0.0,0.0,0.0,0.0,0.0,0.0,camera_pose_sim3,0.5263762593636756,0.9183274900221726,10000,10000,True,False,True,/content/cv3d-project/data/cache/reconstruction/predictions/03001627/1013f70851210a618f2e765c4a8ed3d/aede51f98bc79e1034020eb9.npz,1037589ab86cf60a3e19e8057b45d352e7226950cfd7a8358c5759cbe4a334de,/content/cv3d-project/data/cache/reconstruction/metrics/03001627/1013f70851210a618f2e765c4a8ed3d/68c2c69d34775680cf8a64b3.json,12.21262300032322
03001627/1013f70851210a618f2e765c4a8ed3d,oracle,3,"[0, 18, 39]",0.43107772309318904,0.5105617206797162,0.5900457182662432,0.0,0.0,0.0,1.9995002759558806,0.0,0.0,0.0,0.0,0.0,0.0,camera_pose_sim3,2.1245113917639373,0.7527780963598372,10000,10000,True,False,True,/content/cv3d-project/data/cache/reconstruction/predictions/03001627/1013f70851210a618f2e765c4a8ed3d/3aaea6b59b7b24a9047125a0.npz,95ba80bd62c060e628454e640870fb0572772e1309c71e63163c12844fdba6f5,/content/cv3d-project/data/cache/reconstruction/metrics/03001627/1013f70851210a618f2e765c4a8ed3d/3dc0aa3fa015ad57e65bb19a.json,11.986186999820347
03001627/1013f70851210a618f2e765c4a8ed3d,oracle,5,"[0, 18, 39, 36, 16]",0.29017102085117646,0.3382764638217665,0.38638190679235657,0.0,0.0,0.0,1.9995002759558806,0.0,0.0,0.0,0.0,0.0,0.0,camera_pose_sim3,2.2140486453910513,0.7099164419164283,10000,10000,True,False,True,/content/cv3d-project/data/cache/reconstruction/predictions/03001627/1013f70851210a618f2e765c4a8ed3d/bc17f384cb01d78557851a69.npz,e45c37f4237b04abd87e734d1bce4b8ed868ff5497793e5768dcc37084f8aa20,/content/cv3d-project/data/cache/reconstruction/metrics/03001627/1013f70851210a618f2e765c4a8ed3d/6f3656fa030a13257298c1e2.json,11.750534999919182
03001627/1013f70851210a618f2e765c4a8ed3d,oracle,10,"[0, 18, 39, 36, 16, 20, 12, 32, 35, 15]",0.04967640298250555,0.07941583381956065,0.10915526465661575,0.5876730989010989,0.04763730158730159,0.14085923076923076,1.9995002759558806,0.9369,0.0622,0.2046,0.4281,0.0386,0.1074,camera_pose_sim3,2.4969285387659856,0.21346529824546143,10000,10000,True,False,True,/content/cv3d-project/data/cache/reconstruction/predictions/03001627/1013f70851210a618f2e765c4a8ed3d/79f52ead75eb1aeb2527689b.npz,a9687cfa1363519015493e125d418bea0adc5fed953ba4827d46161ec1141d47,/content/cv3d-project/data/cache/reconstruction/metrics/03001627/1013f70851210a618f2e765c4a8ed3d/48caf3da32b14769703f2e91.json,13.37390900016544
03001627/1015e71a0d21b127de03ab2a27ba7531,oracle,1,[0],2.022588170194783,2.142831728453539,2.263075286712295,0.0,0.0,0.0,1.9881526390733515,0.0,0.0,0.0,0.0,0.0,0.0,camera_rotation_center_and_target_diameter_scale_single_view,7.339679993994517,0.0,10000,10000,True,True,True,/content/cv3d-project/data/cache/reconstruction/predictions/03001627/1015e71a0d21b127de03ab2a27ba7531/9f1ec0ca8d4a703dc74c0d55.npz,eaec331f07ddfab66b342555dffbd08a5978dfb843f1f10ad540bb9ad63cc23f,/content/cv3d-project/data/cache/reconstruction/metrics/03001627/1015e71a0d21b127de03ab2a27ba7531/c843f1d20bca9814efe955d2.json,3.858705000311602
03001627/1015e71a0d21b127de03ab2a27ba7531,oracle,2,"[0, 39]",1.812022686542278,1.8971204320738504,1.9822181776054228,0.0,0.0,0.0,1.9881526390733515,0.0,0.0,0.0,0.0,0.0,0.0,camera_pose_sim3,3.5110264336681354,0.6692281917176712,10000,10000,True,False,True,/content/cv3d-project/data/cache/reconstruction/predictions/03001627/1015e71a0d21b127de03ab2a27ba7531/2517a3d09e121545a46a2ba8.npz,39a7d7e3df3570fe1adf15eb52153fc8ce50804fa50f3735df246b965b830b4d,/content/cv3d-project/data/cache/reconstruction/metrics/03001627/1015e71a0d21b127de03ab2a27ba7531/a6b9f4f352bf0a2eac35692d.json,11.44302400007291
03001627/1015e71a0d21b127de03ab2a27ba7531,oracle,3,"[0, 39, 26]",0.6294365050941265,0.7617725215509857,0.894108538007845,0.0,0.0,0.0,1.9881526390733515,0.0,0.0,0.0,0.0,0.0,0.0,camera_pose_sim3,1.5714019014950242,1.1744749654987316,10000,10000,True,False,True,/content/cv3d-project/data/cache/reconstruction/predictions/03001627/1015e71a0d21b127de03ab2a27ba7531/7a3f8cea24bcd5cedaee14bf.npz,5c563f39ba2550434dbc952e137351826ae89a296003b1b1cdd1be685ea82843,/content/cv3d-project/data/cache/reconstruction/metrics/03001627/1015e71a0d21b127de03ab2a27ba7531/bec8a80a0db732f0e14ce5a6.json,12.469556000269222
03001627/1015e71a0d21b127de03ab2a27ba7531,oracle,5,"[0, 39, 26, 9, 36]",0.08219558494434309,0.12416229275366476,0.16612900056298643,0.3626724474311728,0.04196571428571428,0.09693254136614339,1.9881526390733515,0.6746,0.0918,0.1675,0.248,0.0272,0.0682,camera_pose_sim3,2.6417502465869016,0.31149997897925996,10000,10000,True,False,True,/content/cv3d-project/data/cache/reconstruction/predictions/03001627/1015e71a0d21b127de03ab2a27ba7531/6523b24cee4585a4bef16186.npz,1904c94142aa340b4df8703b58bcae75889d6d45cd63d63a24572ea4281b7b5b,/content/cv3d-project/data/cache/reconstruction/metrics/03001627/1015e71a0d21b127de03ab2a27ba7531/36b0d62b4a0f2e3666aa39b4.json,11.852873999941949
03001627/1015e71a0d21b127de03ab2a27ba7531,oracle,10,"[0, 39, 26, 9, 36, 33, 46, 22, 11, 21]",0.08499407498959155,0.08303774695590035,0.08108141892220917,0.6416376710199007,0.03978563283922463,0.07827897049591964,1.9881526390733515,0.6115,0.0572,0.0901,0.6749,0.0305,0.0692,camera_pose_sim3,2.7270215733995813,0.17855275439857723,10000,10000,True,False,True,/content/cv3d-project/data/cache/reconstruction/predictions/03001627/1015e71a0d21b127de03ab2a27ba7531/974af365902076c157dbc1bc.npz,11d90ea95831bf0635e0f218d0e1a49af0ae6af107d55df9908bf53731e437d2,/content/cv3d-project/data/cache/reconstruction/metrics/03001627/1015e71a0d21b127de03ab2a27ba7531/dddbdb3d40157703e2a8343f.json,12.009369000224979
03001627/1016f4debe988507589aae130c1f06fb,oracle,1,[0],0.5545868468943789,0.6711808914913492,0.7877749360883195,0.0,0.0,0.0,1.9994412719593213,0.0,0.0,0.0,0.0,0.0,0.0,camera_rotation_center_and_target_diameter_scale_single_view,4.397000526109325,0.0,10000,10000,True,True,True,/content/cv3d-project/data/cache/reconstruction/predictions/03001627/1016f4debe988507589aae130c1f06fb/d1eb5b2ffced508b117451ba.npz,0a0d525c2ea4e20381d0b7642d9ee3252ec7b566f12c9f16594bc5f5277cd2f4,/content/cv3d-project/data/cache/reconstruction/metrics/03001627/1016f4debe988507589aae130c1f06fb/559a8b8fc60e3c187a354955.json,3.799885000262293
03001627/1016f4debe988507589aae130c1f06fb,oracle,2,"[0, 39]",0.07639205728721646,0.10912483708328154,0.14185761687934662,0.5203891212073574,0.0074093023255813965,0.03699978609625668,1.9994412719593213,0.9074,0.0118,0.0681,0.3648,0.0054,0.0254,camera_pose_sim3,2.3185797118982405,0.060844689580789785,10000,10000,True,False,True,/content/cv3d-project/data/cache/reconstruction/predictions/03001627/1016f4debe988507589aae130c1f06fb/aac5f72c763c4573774720ec.npz,31e6a3284800f3d3f9f2b05f4704cf760676b1d8e376fe6872e5a6842465c5d7,/content/cv3d-project/data/cache/reconstruction/metrics/03001627/1016f4debe988507589aae130c1f06fb/323fe5b904434b9e9c7b5595.json,11.296802000288153
03001627/1016f4debe988507589aae130c1f06fb,oracle,3,"[0, 39, 26]",0.03932760739622212,0.08437964033773374,0.12943167327924535,0.6280848576329331,0.030666666666666665,0.09060432080497188,1.9994412719593213,0.9996,0.1035,0.284,0.4579,0.018,0.0539,camera_pose_sim3,2.470742903793989,0.11746362924736405,10000,10000,True,False,True,/content/cv3d-project/data/cache/reconstruction/predictions/03001627/1016f4debe988507589aae130c1f06fb/48ca9596a821541d8da8d88d.npz,fd66267a98b00cee49f6806099356e74487a0038e7beafd8f170d7d1af30bfe5,/content/cv3d-project/data/cache/reconstruction/metrics/03001627/1016f4debe988507589aae130c1f06fb/255335cc9e4dfd7a24a5ea4d.json,11.589577999984613
03001627/1016f4debe988507589aae130c1f06fb,oracle,5,"[0, 39, 26, 12, 24]",0.03196445872403252,0.057200897725038016,0.0824373367260435,0.8098657023809523,0.08653088173840368,0.17678941711451013,1.9994412719593213,0.9991,0.1826,0.3674,0.6809,0.0567,0.1164,camera_pose_sim3,2.5271943816773454,0.1012224124353115,10000,10000,True,False,True,/content/cv3d-project/data/cache/reconstruction/predictions/03001627/1016f4debe988507589aae130c1f06fb/259d726900fe14906a39d183.npz,7c783321339e848a39ecad1f4284ffd0896bade56d100de86d4da0129a3954df,/content/cv3d-project/data/cache/reconstruction/metrics/03001627/1016f4debe988507589aae130c1f06fb/bbe73448372b774f1038e642.json,12.592288000178087
03001627/1016f4debe988507589aae130c1f06fb,oracle,10,"[0, 39, 26, 12, 24, 37, 10, 22, 43, 2]",1.2817828448272144,1.3484262828383777,1.415069720849541,0.0,0.0,0.0,1.9994412719593213,0.0,0.0,0.0,0.0,0.0,0.0,camera_pose_sim3,1.8004680519387535,1.0782137236421787,10000,10000,True,False,True,/content/cv3d-project/data/cache/reconstruction/predictions/03001627/1016f4debe988507589aae130c1f06fb/b4f2a18847ac34ff2b6fe420.npz,7d014443814b6578755e392e40630958ff10f8e91abd65d875a71fe01b20a7cc,/content/cv3d-project/data/cache/reconstruction/metrics/03001627/1016f4debe988507589aae130c1f06fb/0f3b427285d6fb3bdda25c29.json,12.42445099978795
03001627/1022fe7dd03f6a4d4d5ad9f13ac9f4e7,oracle,1,[0],2.6468833819818705,2.767436494753354,2.8879896075248377,0.0,0.0,0.0,1.9901375648804176,0.0,0.0,0.0,0.0,0.0,0.0,camera_rotation_center_and_target_diameter_scale_single_view,8.428871772092199,0.0,10000,10000,True,True,True,/content/cv3d-project/data/cache/reconstruction/predictions/03001627/1022fe7dd03f6a4d4d5ad9f13ac9f4e7/fb84fe0543b0e38bba26f561.npz,eaf92f173b454a16054068c59030cce95cb98b5635453afabf22d6f6d6e829cd,/content/cv3d-project/data/cache/reconstruction/metrics/03001627/1022fe7dd03f6a4d4d5ad9f13ac9f4e7/dc2e9b8d51762af9fdcc0e27.json,3.7796930000695284
03001627/1022fe7dd03f6a4d4d5ad9f13ac9f4e7,oracle,2,"[0, 39]",0.5039167458827644,0.5713095749683321,0.6387024040539,0.0,0.0,0.0,1.9901375648804176,0.0,0.0,0.0,0.0,0.0,0.0,camera_pose_sim3,2.9980285689347235,0.24499125510390346,10000,10000,True,False,True,/content/cv3d-project/data/cache/reconstruction/predictions/03001627/1022fe7dd03f6a4d4d5ad9f13ac9f4e7/7a44514f1c2eeb476404c0d8.npz,48371aafc63ec24a10dfd5e3d841de5e7e147fbc2d80f26688f8ded723f7807b,/content/cv3d-project/data/cache/reconstruction/metrics/03001627/1022fe7dd03f6a4d4d5ad9f13ac9f4e7/422b68fbc193c38aee6659c7.json,11.409500999889133
03001627/1022fe7dd03f6a4d4d5ad9f13ac9f4e7,oracle,3,"[0, 39, 35]",0.14376513611829453,0.19250738864785516,0.2412496411774158,0.08509970238095238,0.00019333333333333333,0.0015152317880794703,1.9901375648804176,0.2158,0.0029,0.0143,0.053,0.0001,0.0008,camera_pose_sim3,2.60624660181284,0.19211635153461162,10000,10000,True,False,True,/content/cv3d-project/data/cache/reconstruction/predictions/03001627/1022fe7dd03f6a4d4d5ad9f13ac9f4e7/fda79c55f0cace1445e49414.npz,b4cb3984104301264431c0fd7702bf4c96ad0af2d18ed5e3e9233ff730be6cd9,/content/cv3d-project/data/cache/reconstruction/metrics/03001627/1022fe7dd03f6a4d4d5ad9f13ac9f4e7/7f3435a3f8711d3a1c015d86.json,11.821316000350635
03001627/1022fe7dd03f6a4d4d5ad9f13ac9f4e7,oracle,5,"[0, 39, 35, 8, 37]",0.03365243669330429,0.0628854626578065,0.09211848862230872,0.7360929893145686,0.10903486994591811,0.18940692543082618,1.9901375648804176,0.9224,0.3227,0.5043,0.6124,0.0656,0.1166,camera_pose_sim3,2.6326499192833013,0.08363545936020869,10000,10000,True,False,True,/content/cv3d-project/data/cache/reconstruction/predictions/03001627/1022fe7dd03f6a4d4d5ad9f13ac9f4e7/6c9961714260ae7850b07119.npz,e2a9a4587b50b3a94be2bb09f3721160f332ebbf26790b8b82c6d02655fd4d7c,/content/cv3d-project/data/cache/reconstruction/metrics/03001627/1022fe7dd03f6a4d4d5ad9f13ac9f4e7/f24c0b5d18ccd232556bee8e.json,11.586458000238054
03001627/1022fe7dd03f6a4d4d5ad9f13ac9f4e7,oracle,10,"[0, 39, 35, 8, 37, 10, 46, 4, 17, 28]",0.020620763247685834,0.04145794715695701,0.06229513106622819,0.9005552196140949,0.1424714494875549,0.28861579321792746,1.9901375648804176,1.0,0.318,0.6586,0.8191,0.0918,0.1848,camera_pose_sim3,2.5507628733950773,0.12827056351930935,10000,10000,True,False,True,/content/cv3d-project/data/cache/reconstruction/predictions/03001627/1022fe7dd03f6a4d4d5ad9f13ac9f4e7/1b3f60e9da5899c3911bd737.npz,d20a1942d3015203ba1d13d6f92af57447f257bbffa0a10ef3c10c70801dd7ad,/content/cv3d-project/data/cache/reconstruction/metrics/03001627/1022fe7dd03f6a4d4d5ad9f13ac9f4e7/e0e3bfcb38654c382b467d2b.json,12.322674999722949
03001627/1028b32dc1873c2afe26a3ac360dbd4,oracle,1,[0],1.4725361711326956,1.4695297187264167,1.4665232663201377,0.0,0.0,0.0,1.9896549594052118,0.0,0.0,0.0,0.0,0.0,0.0,camera_rotation_center_and_target_diameter_scale_single_view,5.987413145101402,0.0,10000,10000,True,True,True,/content/cv3d-project/data/cache/reconstruction/predictions/03001627/1028b32dc1873c2afe26a3ac360dbd4/5f080430759e86a97cfdac54.npz,a2d1d8d3d8ffbbb9df5f30264c78740360dc2afb23dcbcdababd69c932f9b525,/content/cv3d-project/data/cache/reconstruction/metrics/03001627/1028b32dc1873c2afe26a3ac360dbd4/4e14fd6a3225a244d21e01b9.json,3.998401999979251
03001627/1028b32dc1873c2afe26a3ac360dbd4,oracle,2,"[0, 44]",0.040162028702617016,0.1111625202302858,0.1821630117579546,0.4741921890224099,0.040715999999999995,0.08323165650406504,1.9896549594052118,0.9111,0.1566,0.3463,0.3205,0.0234,0.0473,camera_pose_sim3,2.4288331544252584,0.05935683789090194,10000,10000,True,False,True,/content/cv3d-project/data/cache/reconstruction/predictions/03001627/1028b32dc1873c2afe26a3ac360dbd4/79f285da48e1b00aa0e55d86.npz,b956b8c1da04fc63a9e2201b74603df6997e23b98222487583233ca95b43cb8c,/content/cv3d-project/data/cache/reconstruction/metrics/03001627/1028b32dc1873c2afe26a3ac360dbd4/4b05342c1a7ff93b0f88d3aa.json,12.021044999983133
03001627/1028b32dc1873c2afe26a3ac360dbd4,oracle,3,"[0, 44, 18]",0.0516930115153829,0.08972985975285433,0.12776670799032575,0.5303871926060406,0.07190426804946151,0.16257000195045837,1.9896549594052118,0.8198,0.2072,0.4114,0.392,0.0435,0.1013,camera_pose_sim3,2.553178334650702,0.09544187108934159,10000,10000,True,False,True,/content/cv3d-project/data/cache/reconstruction/predictions/03001627/1028b32dc1873c2afe26a3ac360dbd4/fe3a5217a3a5df498bb81ce3.npz,a8fa0da6625b6d84107ec09d08552d4c768bc58bd0b77e5713de5bbea4c004c5,/content/cv3d-project/data/cache/reconstruction/metrics/03001627/1028b32dc1873c2afe26a3ac360dbd4/6dee5ce419bd6ffce9e87994.json,11.532642000020132
03001627/1028b32dc1873c2afe26a3ac360dbd4,oracle,5,"[0, 44, 18, 31, 19]",0.045819640209823397,0.06728606253844639,0.08875248486706938,0.6717427278603748,0.09392371392722709,0.23296992358966023,1.9896549594052118,0.8265,0.1749,0.459,0.5658,0.0642,0.1561,camera_pose_sim3,2.5317688645197296,0.09399070592245676,10000,10000,True,False,True,/content/cv3d-project/data/cache/reconstruction/predictions/03001627/1028b32dc1873c2afe26a3ac360dbd4/4d70ede81bdb44dd3cceb67f.npz,7c055f524f9b4b966878a8d3aff77ee01ad5386ac3d9759b1e68651b207a517a,/content/cv3d-project/data/cache/reconstruction/metrics/03001627/1028b32dc1873c2afe26a3ac360dbd4/e5aa1fd7bcaf43ad5ecbf151.json,11.481374999675609
03001627/1028b32dc1873c2afe26a3ac360dbd4,oracle,10,"[0, 44, 18, 31, 19, 33, 42, 3, 41, 2]",0.04530313181823669,0.06350400499637143,0.08170487817450618,0.7088896079651525,0.13698415245737214,0.3044952044719035,1.9896549594052118,0.8247,0.1929,0.4496,0.6216,0.1062,0.2302,camera_pose_sim3,2.3866855830193425,0.2032148857359703,10000,10000,True,False,True,/content/cv3d-project/data/cache/reconstruction/predictions/03001627/1028b32dc1873c2afe26a3ac360dbd4/202f365cd64101615d446314.npz,47aaaae2940c65787ce500d8def1ad6edcc44828bcb44e2353eb543e4700f865,/content/cv3d-project/data/cache/reconstruction/metrics/03001627/1028b32dc1873c2afe26a3ac360dbd4/bc3591672cd26a93c57232f0.json,12.072116000126698
03001627/1031fc859dc3177a2f84cb7932f866fd,oracle,1,[0],2.113484913672919,2.210818605848708,2.3081522980244973,0.0,0.0,0.0,1.9930527641370261,0.0,0.0,0.0,0.0,0.0,0.0,camera_rotation_center_and_target_diameter_scale_single_view,7.50730564724865,0.0,10000,10000,True,True,True,/content/cv3d-project/data/cache/reconstruction/predictions/03001627/1031fc859dc3177a2f84cb7932f866fd/40f63a7b31d9ff0c771591a9.npz,98e637e8f0ca7cedf28d026eeaafc39343f9232d9c329fa2ce87ea4a8b11a40c,/content/cv3d-project/data/cache/reconstruction/metrics/03001627/1031fc859dc3177a2f84cb7932f866fd/8f28dc33374524934717e8ad.json,3.8428490001933824
03001627/1031fc859dc3177a2f84cb7932f866fd,oracle,2,"[0, 36]",0.17228181225938036,0.26554198023603914,0.35880214821269796,0.0,0.0,0.0,1.9930527641370261,0.0,0.0,0.0,0.0,0.0,0.0,camera_pose_sim3,2.730576200784988,0.12934628061715417,10000,10000,True,False,True,/content/cv3d-project/data/cache/reconstruction/predictions/03001627/1031fc859dc3177a2f84cb7932f866fd/93fe5203da1bf544bdc05a75.npz,aeb5f8721900fcad3f0bb2c3da94200f381a54328f4d20f5913811f6e802e401,/content/cv3d-project/data/cache/reconstruction/metrics/03001627/1031fc859dc3177a2f84cb7932f866fd/49d8b0fe39230b544aba7e2d.json,11.859038999773475
03001627/1031fc859dc3177a2f84cb7932f866fd,oracle,3,"[0, 36, 17]",0.2754544816410342,0.34694592291225995,0.4184373641834857,0.0,0.0,0.0,1.9930527641370261,0.0,0.0,0.0,0.0,0.0,0.0,camera_pose_sim3,2.772048808385068,0.23668294208223528,10000,10000,True,False,True,/content/cv3d-project/data/cache/reconstruction/predictions/03001627/1031fc859dc3177a2f84cb7932f866fd/9ed9e312fc1c316132e36837.npz,d9d507e597390cb0d63ec1ba91da386e3798f1c549a2cbc1cebfb2337dbc3d49,/content/cv3d-project/data/cache/reconstruction/metrics/03001627/1031fc859dc3177a2f84cb7932f866fd/c49f3f1eee0c2a26360424ab.json,12.588100999892049
03001627/1031fc859dc3177a2f84cb7932f866fd,oracle,5,"[0, 36, 17, 34, 23]",0.30602909044347887,0.3586580750695417,0.4112870596956046,0.0,0.0,0.0,1.9930527641370261,0.0,0.0,0.0,0.0,0.0,0.0,camera_pose_sim3,2.4010905308553734,0.5184629091075189,10000,10000,True,False,True,/content/cv3d-project/data/cache/reconstruction/predictions/03001627/1031fc859dc3177a2f84cb7932f866fd/f830799d2f16cc0eeed92884.npz,06e3a7d1191d2ff3fc59486b1646d940fd73fd3bea42b78eba557e89ae4ebb65,/content/cv3d-project/data/cache/reconstruction/metrics/03001627/1031fc859dc3177a2f84cb7932f866fd/efb3288fee50d1deff6c42b3.json,12.34979699984251
03001627/1031fc859dc3177a2f84cb7932f866fd,oracle,10,"[0, 36, 17, 34, 23, 27, 18, 40, 2, 28]",0.026774391804474704,0.05545504717877525,0.0841357025530758,0.7629155764589393,0.08920175284837863,0.20884559406794273,1.9930527641370261,0.9987,0.1674,0.4433,0.6172,0.0608,0.1366,camera_pose_sim3,2.6622685630676433,0.17680868189582502,10000,10000,True,False,True,/content/cv3d-project/data/cache/reconstruction/predictions/03001627/1031fc859dc3177a2f84cb7932f866fd/d98102980d5e6a237764e7ec.npz,6c4a6cc0ef4daa7a6e929e56a5747f70368e61e794e658cb1db8fdf1271451b5,/content/cv3d-project/data/cache/reconstruction/metrics/03001627/1031fc859dc3177a2f84cb7932f866fd/5eaa6b0236a1c67ae6a8dc85.json,12.965081999936956
03001627/1033ee86cc8bac4390962e4fb7072b86,oracle,1,[0],2.3951645745929584,2.54619153080082,2.6972184870086817,0.0,0.0,0.0,1.997194846097808,0.0,0.0,0.0,0.0,0.0,0.0,camera_rotation_center_and_target_diameter_scale_single_view,8.177978725153451,0.0,10000,10000,True,True,True,/content/cv3d-project/data/cache/reconstruction/predictions/03001627/1033ee86cc8bac4390962e4fb7072b86/3ed4729770a5a465536a2d21.npz,73497413af37521dd57fd431058020c9602d05e25c1ca26fe383f433e486f9b6,/content/cv3d-project/data/cache/reconstruction/metrics/03001627/1033ee86cc8bac4390962e4fb7072b86/f1249be20b6087d53daba3b2.json,3.885428000103275
03001627/1033ee86cc8bac4390962e4fb7072b86,oracle,2,"[0, 39]",0.11923975472381289,0.19569470482729323,0.2721496549307736,0.12328347472005428,0.0,0.0008842105263157894,1.997194846097808,0.2069,0.0,0.0012,0.0878,0.0,0.0007,camera_pose_sim3,2.511163978453801,0.10644897016871165,10000,10000,True,False,True,/content/cv3d-project/data/cache/reconstruction/predictions/03001627/1033ee86cc8bac4390962e4fb7072b86/96f0e8fdf1c9dcd3db87d875.npz,6f04fffbbce13a5ee51964d43d92ca8b166b1a09b2f7adbb22fc7973fc411345,/content/cv3d-project/data/cache/reconstruction/metrics/03001627/1033ee86cc8bac4390962e4fb7072b86/23acda42cfbc3f921f1afb69.json,11.767020999741362
03001627/1033ee86cc8bac4390962e4fb7072b86,oracle,3,"[0, 39, 18]",0.7783796974753703,0.8765317179427919,0.9746837384102136,0.0,0.0,0.0,1.997194846097808,0.0,0.0,0.0,0.0,0.0,0.0,camera_pose_sim3,2.6304827706364997,0.5387577683667724,10000,10000,True,False,True,/content/cv3d-project/data/cache/reconstruction/predictions/03001627/1033ee86cc8bac4390962e4fb7072b86/74209a1c6b3d2ea521b10b6b.npz,5ae10ea5b75c8c034dea86c2153711687b1811514c72995bccccd2d2066dc03f,/content/cv3d-project/data/cache/reconstruction/metrics/03001627/1033ee86cc8bac4390962e4fb7072b86/4131e56db904c11ae7815e3a.json,11.536946999967768
03001627/1033ee86cc8bac4390962e4fb7072b86,oracle,5,"[0, 39, 18, 28, 7]",0.21147686739690988,0.2564518469391726,0.3014268264814353,0.01659134328358209,0.0,0.0,1.997194846097808,0.0573,0.0,0.0,0.0097,0.0,0.0,camera_pose_sim3,2.5436062041131113,0.4396274835619962,10000,10000,True,False,True,/content/cv3d-project/data/cache/reconstruction/predictions/03001627/1033ee86cc8bac4390962e4fb7072b86/c6e2174f1dca2fe401993473.npz,ea4668b43f3852fa8092c0de14f2686bad2a83829b9ef7683b42a31368b702b7,/content/cv3d-project/data/cache/reconstruction/metrics/03001627/1033ee86cc8bac4390962e4fb7072b86/9ae8314f1e9abfbac7ba2f1b.json,11.799653999787552
03001627/1033ee86cc8bac4390962e4fb7072b86,oracle,10,"[0, 39, 18, 28, 7, 30, 34, 11, 44, 41]",0.06438127024962295,0.1235371675882621,0.18269306492690124,0.4377154863249411,0.03221031833150384,0.07276830188679245,1.997194846097808,0.8034,0.0702,0.1358,0.3008,0.0209,0.0497,camera_pose_sim3,2.0189606543815133,0.7964535025286676,10000,10000,True,False,True,/content/cv3d-project/data/cache/reconstruction/predictions/03001627/1033ee86cc8bac4390962e4fb7072b86/f097523b1e311d648548b54f.npz,4aa3c5d4b1d59d34140852271315fe1645c099ad0f54d39e6f8aefd5fb387152,/content/cv3d-project/data/cache/reconstruction/metrics/03001627/1033ee86cc8bac4390962e4fb7072b86/a8d38cb42817d3b10ec85bfb.json,12.304575000143814
03001627/103a0a413d4c3353a723872ad91e4ed1,oracle,1,[0],1.2539236225011678,1.3293590265310637,1.4047944305609597,0.0,0.0,0.0,1.9968409076035605,0.0,0.0,0.0,0.0,0.0,0.0,camera_rotation_center_and_target_diameter_scale_single_view,5.499258087376072,0.0,10000,10000,True,True,True,/content/cv3d-project/data/cache/reconstruction/predictions/03001627/103a0a413d4c3353a723872ad91e4ed1/55162404d0c484465ac9bc49.npz,191da62774dfade1a9a69edfcac11147220ce2bd87eb0b9f43738f9898748b96,/content/cv3d-project/data/cache/reconstruction/metrics/03001627/103a0a413d4c3353a723872ad91e4ed1/b12ce20f20a68333f979fece.json,3.9598610001121415
03001627/103a0a413d4c3353a723872ad91e4ed1,oracle,2,"[0, 39]",0.3502085006869662,0.3956040239351719,0.44099954718337764,0.0,0.0,0.0,1.9968409076035605,0.0,0.0,0.0,0.0,0.0,0.0,camera_pose_sim3,2.9353140173127596,0.14106026293893173,10000,10000,True,False,True,/content/cv3d-project/data/cache/reconstruction/predictions/03001627/103a0a413d4c3353a723872ad91e4ed1/c6ba863ac9c30a783ce0e103.npz,d5c77c1081a7d20a32aa0273dc6519f33133638a2d0ecb286f897e1f1bca92c7,/content/cv3d-project/data/cache/reconstruction/metrics/03001627/103a0a413d4c3353a723872ad91e4ed1/d257f9f6084c835f19753c39.json,12.543480000204
03001627/103a0a413d4c3353a723872ad91e4ed1,oracle,3,"[0, 39, 35]",0.05886567537322804,0.08716280784936811,0.1154599403255082,0.4949341557440247,0.05772226368159204,0.11409547062986554,1.9968409076035605,0.8112,0.1231,0.2033,0.3561,0.0377,0.0793,camera_pose_sim3,2.6268633994197583,0.1306524034910501,10000,10000,True,False,True,/content/cv3d-project/data/cache/reconstruction/predictions/03001627/103a0a413d4c3353a723872ad91e4ed1/78d957c8fc3fb0b1108ff4c1.npz,19ed5f74fe3ffba8ae86994a26c0c6857a85ebbcf6582b9e14159e5eedcc2199,/content/cv3d-project/data/cache/reconstruction/metrics/03001627/103a0a413d4c3353a723872ad91e4ed1/680c680098e15f99ee1e7bf8.json,12.271755999790912
03001627/103a0a413d4c3353a723872ad91e4ed1,oracle,5,"[0, 39, 35, 8, 20]",0.03724448342635206,0.04972134962943847,0.06219821583252488,0.9061747113858948,0.07211538940809968,0.1824875455966649,1.9968409076035605,0.9976,0.1058,0.2344,0.8301,0.0547,0.1494,camera_pose_sim3,2.602054096778447,0.07594073370380636,10000,10000,True,False,True,/content/cv3d-project/data/cache/reconstruction/predictions/03001627/103a0a413d4c3353a723872ad91e4ed1/6c90b8baa5b3d2557afa181a.npz,63e108a4ad21988b07cd9453b3488baf3d7aa8371fab8cad0f947fd39a1a507e,/content/cv3d-project/data/cache/reconstruction/metrics/03001627/103a0a413d4c3353a723872ad91e4ed1/4177e6f80b2dff8a3d74925d.json,12.536090999674343
03001627/103a0a413d4c3353a723872ad91e4ed1,oracle,10,"[0, 39, 35, 8, 20, 24, 44, 19, 7, 27]",0.034348278803039124,0.042422821893071824,0.05049736498310452,0.9393458923362503,0.08553381215469613,0.18257201965347816,1.9968409076035605,0.9994,0.1117,0.239,0.8861,0.0693,0.1477,camera_pose_sim3,2.6356669817559917,0.06813294850470282,10000,10000,True,False,True,/content/cv3d-project/data/cache/reconstruction/predictions/03001627/103a0a413d4c3353a723872ad91e4ed1/36138f7e5e0586784fc6e15b.npz,0b78fdadabde34d2179c4635ee8bc78e08357a407d651c4b93c7812749f20731,/content/cv3d-project/data/cache/reconstruction/metrics/03001627/103a0a413d4c3353a723872ad91e4ed1/08d495b8dabd720bbc393246.json,12.494688000060705
03001627/103a60f3b09107df2da1314e036b435e,oracle,1,[0],0.8330138845090093,0.9612239779552156,1.089434071401422,0.0,0.0,0.0,1.9960409907598953,0.0,0.0,0.0,0.0,0.0,0.0,camera_rotation_center_and_target_diameter_scale_single_view,4.910036167772487,0.0,10000,10000,True,True,True,/content/cv3d-project/data/cache/reconstruction/predictions/03001627/103a60f3b09107df2da1314e036b435e/ab5bcba1dc14f8a552bb42fd.npz,58f70e2d2de8cf3fdeb403936321d1eb508148ff0b78f94942286e3e451991b6,/content/cv3d-project/data/cache/reconstruction/metrics/03001627/103a60f3b09107df2da1314e036b435e/afdfd82ed17d53bd4c7c4676.json,3.8812630000393256
03001627/103a60f3b09107df2da1314e036b435e,oracle,2,"[0, 44]",0.5264014659045428,0.6033418674047917,0.6802822689050404,0.0,0.0,0.0,1.9960409907598953,0.0,0.0,0.0,0.0,0.0,0.0,camera_pose_sim3,3.082840132069856,0.284058870589798,10000,10000,True,False,True,/content/cv3d-project/data/cache/reconstruction/predictions/03001627/103a60f3b09107df2da1314e036b435e/49507afc43ea304edeef1cea.npz,ccd7d3af8fe5a5733e02c9c49200b10f2b76852291359db7e56262798d04e8d4,/content/cv3d-project/data/cache/reconstruction/metrics/03001627/103a60f3b09107df2da1314e036b435e/b855815491b9854f1d356127.json,11.514403000091988
03001627/103a60f3b09107df2da1314e036b435e,oracle,3,"[0, 44, 9]",0.03510694485191233,0.06899112746848954,0.10287531008506676,0.6617597858815658,0.01345017667844523,0.04659990049751244,1.9960409907598953,1.0,0.0488,0.1741,0.4945,0.0078,0.0269,camera_pose_sim3,2.596287560680526,0.07018224835110633,10000,10000,True,False,True,/content/cv3d-project/data/cache/reconstruction/predictions/03001627/103a60f3b09107df2da1314e036b435e/f58e51cae1a3467b66c47146.npz,c92b3d310227e83c59ba77c4174e060ecfc680691de40cc313da340fced35024,/content/cv3d-project/data/cache/reconstruction/metrics/03001627/103a60f3b09107df2da1314e036b435e/a908adedd6dba07312686e44.json,11.341680999976234
03001627/103a60f3b09107df2da1314e036b435e,oracle,5,"[0, 44, 9, 34, 6]",0.08126117172042702,0.14359595056255192,0.2059307294046768,0.3073192998408729,0.009513513513513512,0.02639182156133829,1.9960409907598953,0.6814,0.0352,0.0922,0.1984,0.0055,0.0154,camera_pose_sim3,2.5666666668412885,0.5253625305373827,10000,10000,True,False,True,/content/cv3d-project/data/cache/reconstruction/predictions/03001627/103a60f3b09107df2da1314e036b435e/36a53bc795caf8f0425435e4.npz,a3a253b3cf4038f76ae557b297778ef985a0af6f4b73d4afce9fbea1561e827c,/content/cv3d-project/data/cache/reconstruction/metrics/03001627/103a60f3b09107df2da1314e036b435e/ad11276938ba90a5e8aeeb75.json,11.491311000099813
03001627/103a60f3b09107df2da1314e036b435e,oracle,10,"[0, 44, 9, 34, 6, 12, 21, 15, 10, 27]",0.02694589913468521,0.06662050760357427,0.10629511607246334,0.655281382370739,0.08779967479674797,0.16469115027477732,1.9960409907598953,1.0,0.1888,0.4256,0.4873,0.0572,0.1021,camera_pose_sim3,2.5237006747746533,0.38637563007991327,10000,10000,True,False,True,/content/cv3d-project/data/cache/reconstruction/predictions/03001627/103a60f3b09107df2da1314e036b435e/90bb0fb3cb62e590a924a62a.npz,8036798338e6f9f3dbcc0ca39f2e5a5e3dcf80bec3e5be756f3063f64ede5027,/content/cv3d-project/data/cache/reconstruction/metrics/03001627/103a60f3b09107df2da1314e036b435e/bdac7e49d27596831c4b9435.json,13.325665000138542
03001627/103b75dfd146976563ed57e35c972b4b,oracle,1,[0],2.2601585481979463,2.399761039791665,2.539363531385384,0.0,0.0,0.0,1.9989316138329147,0.0,0.0,0.0,0.0,0.0,0.0,camera_rotation_center_and_target_diameter_scale_single_view,8.060281285173867,0.0,10000,10000,True,True,True,/content/cv3d-project/data/cache/reconstruction/predictions/03001627/103b75dfd146976563ed57e35c972b4b/3b0c538bbe3662ca14d788e9.npz,a9223ffe7a36121475f6601f57c998c0965f99098ad53a037589cb4deec82b64,/content/cv3d-project/data/cache/reconstruction/metrics/03001627/103b75dfd146976563ed57e35c972b4b/1158b60047f1c8f33c4a58c6.json,3.9524369999526243
03001627/103b75dfd146976563ed57e35c972b4b,oracle,2,"[0, 37]",1.98310501146324,2.125773296361151,2.268441581259062,0.0,0.0,0.0,1.9989316138329147,0.0,0.0,0.0,0.0,0.0,0.0,camera_pose_sim3_positive_scale_fallback,2.3625349043590114,4.065415779673602e-16,10000,10000,True,False,True,/content/cv3d-project/data/cache/reconstruction/predictions/03001627/103b75dfd146976563ed57e35c972b4b/be64e3c7f4fae44d1d427489.npz,797a15770eb5d3701a642e46f8d7a2d6a5fc66317e8f7866c7002e55d4f1184b,/content/cv3d-project/data/cache/reconstruction/metrics/03001627/103b75dfd146976563ed57e35c972b4b/bb1b6db01ac1c736b01d13ab.json,12.433279999640945
03001627/103b75dfd146976563ed57e35c972b4b,oracle,3,"[0, 37, 33]",0.41240868682474446,0.579054826336494,0.7457009658482434,0.0,0.0,0.0,1.9989316138329147,0.0,0.0,0.0,0.0,0.0,0.0,camera_pose_sim3,1.591502828432004,0.9884297784158742,10000,10000,True,False,True,/content/cv3d-project/data/cache/reconstruction/predictions/03001627/103b75dfd146976563ed57e35c972b4b/7a2fa81c8d9fd57a649fbe6a.npz,0d7052a7ec5d9aa744282ff628a7ef68b2c2043c93febc0f975462180eb7fa46,/content/cv3d-project/data/cache/reconstruction/metrics/03001627/103b75dfd146976563ed57e35c972b4b/59e707a513cff7e06e2fc518.json,11.789688999670034
03001627/103b75dfd146976563ed57e35c972b4b,oracle,5,"[0, 37, 33, 31, 11]",0.7614328962144495,0.848387746953041,0.9353425976916323,0.0,0.0,0.0,1.9989316138329147,0.0,0.0,0.0,0.0,0.0,0.0,camera_pose_sim3,1.3726627277407668,1.131067774889815,10000,10000,True,False,True,/content/cv3d-project/data/cache/reconstruction/predictions/03001627/103b75dfd146976563ed57e35c972b4b/fd84ad76592b39d8f5989f0b.npz,0ce93ba5c87b82ccb469596638e6f2f44a6b2b326ae731715e447ccb572bc585,/content/cv3d-project/data/cache/reconstruction/metrics/03001627/103b75dfd146976563ed57e35c972b4b/ca8c37d3464b0d83f282ce6c.json,11.981222000031266
03001627/103b75dfd146976563ed57e35c972b4b,oracle,10,"[0, 37, 33, 31, 11, 1, 2, 3, 4, 5]",0.07154646330585022,0.11063335992972559,0.14972025655360097,0.2752116794828931,0.014324074074074074,0.030288160535117053,1.9989316138329147,0.7276,0.0455,0.1324,0.1697,0.0085,0.0171,camera_pose_sim3,2.4837617410124566,0.21341536201018033,10000,10000,True,False,True,/content/cv3d-project/data/cache/reconstruction/predictions/03001627/103b75dfd146976563ed57e35c972b4b/ab984f0bfc6812218d458072.npz,db8fc0881625767fd3d0d841632c568825942b837ebc454d7e787e923b62d5a8,/content/cv3d-project/data/cache/reconstruction/metrics/03001627/103b75dfd146976563ed57e35c972b4b/8018ed16bf22c8bf80b00f53.json,12.385392999931355
03001627/103c31671f8c0b1467bb14b25f99796e,oracle,1,[0],1.6709297570894155,1.7871199971939298,1.903310237298444,0.0,0.0,0.0,1.9959527454340613,0.0,0.0,0.0,0.0,0.0,0.0,camera_rotation_center_and_target_diameter_scale_single_view,6.502301946125564,0.0,10000,10000,True,True,True,/content/cv3d-project/data/cache/reconstruction/predictions/03001627/103c31671f8c0b1467bb14b25f99796e/dba55e06b884513ac07f2599.npz,a80e093e6525503e9883c7a4538b691beba95e73a4f3963aac7b0eb195ed7b51,/content/cv3d-project/data/cache/reconstruction/metrics/03001627/103c31671f8c0b1467bb14b25f99796e/f12fb2fb1c739e2d673f9870.json,3.8050369998927636
03001627/103c31671f8c0b1467bb14b25f99796e,oracle,2,"[0, 31]",0.9519152829574558,1.033070480965034,1.114225678972612,0.0,0.0,0.0,1.9959527454340613,0.0,0.0,0.0,0.0,0.0,0.0,camera_pose_sim3,2.2996524657077235,0.8746115705110308,10000,10000,True,False,True,/content/cv3d-project/data/cache/reconstruction/predictions/03001627/103c31671f8c0b1467bb14b25f99796e/92a58bdada2d9989907dc2ac.npz,c71181f2703698e043a9ed619d91be01fa089a80c915e6e49ed0aa4f018ffc71,/content/cv3d-project/data/cache/reconstruction/metrics/03001627/103c31671f8c0b1467bb14b25f99796e/952a8eef9cf28197470b818a.json,12.064348999956565
03001627/103c31671f8c0b1467bb14b25f99796e,oracle,3,"[0, 31, 43]",0.23554142280111295,0.2753888028256679,0.3152361828502229,0.0,0.0,0.0,1.9959527454340613,0.0,0.0,0.0,0.0,0.0,0.0,camera_pose_sim3,2.509739658997722,0.3035459023396854,10000,10000,True,False,True,/content/cv3d-project/data/cache/reconstruction/predictions/03001627/103c31671f8c0b1467bb14b25f99796e/7534db55537b77806b1ec05c.npz,74cb746770db301701e94ec937af6d88a8d6934b6cb9efb133c449bd21831566,/content/cv3d-project/data/cache/reconstruction/metrics/03001627/103c31671f8c0b1467bb14b25f99796e/0e76611db4def4b8c91a6f14.json,11.911942000097042
03001627/103c31671f8c0b1467bb14b25f99796e,oracle,5,"[0, 31, 43, 25, 47]",0.3889467158686534,0.426395176112804,0.4638436363569545,0.0,0.0,0.0,1.9959527454340613,0.0,0.0,0.0,0.0,0.0,0.0,camera_pose_sim3,2.40187627582088,0.47724295807194095,10000,10000,True,False,True,/content/cv3d-project/data/cache/reconstruction/predictions/03001627/103c31671f8c0b1467bb14b25f99796e/3192e65c961b768dd1d465d1.npz,ddd95c279a0c0cb8f509f8a8d6881acb4ba5ce558d761154966d8107942d9d42,/content/cv3d-project/data/cache/reconstruction/metrics/03001627/103c31671f8c0b1467bb14b25f99796e/169b6d0a6a4c35557e697a6f.json,12.398392000250169
03001627/103c31671f8c0b1467bb14b25f99796e,oracle,10,"[0, 31, 43, 25, 47, 9, 20, 38, 10, 12]",0.06614743234901957,0.09728526566705964,0.1284230989850997,0.46035212950472154,0.12498757352941176,0.1914364640883978,1.9959527454340613,0.6932,0.1747,0.315,0.3446,0.0973,0.1375,camera_pose_sim3,2.451651874270423,0.36302217613822807,10000,10000,True,False,True,/content/cv3d-project/data/cache/reconstruction/predictions/03001627/103c31671f8c0b1467bb14b25f99796e/e6080a50242e5f58a26476b6.npz,a2be66a159df218e26d76f4a722125898821763b606811d6c8cb39da5c9d1bd8,/content/cv3d-project/data/cache/reconstruction/metrics/03001627/103c31671f8c0b1467bb14b25f99796e/ec5f1668817a232ef897acc4.json,12.609787000201322
03001627/103d77d63f0d68a044e6721e9db29c1b,oracle,1,[0],1.4237822160315816,1.4274501478871269,1.431118079742672,0.0,0.0,0.0,1.9996202322606424,0.0,0.0,0.0,0.0,0.0,0.0,camera_rotation_center_and_target_diameter_scale_single_view,5.948815971005466,0.0,10000,10000,True,True,True,/content/cv3d-project/data/cache/reconstruction/predictions/03001627/103d77d63f0d68a044e6721e9db29c1b/b56d7a0e7d0c51cc32df456e.npz,d5dbc6787719fbeebcc84f336f1570711669eb8e21a3e4f9925f636569d6bbb4,/content/cv3d-project/data/cache/reconstruction/metrics/03001627/103d77d63f0d68a044e6721e9db29c1b/aa5efe8c678a87f878b8be59.json,3.989110000020446
03001627/103d77d63f0d68a044e6721e9db29c1b,oracle,2,"[0, 33]",0.10038082513051709,0.20047601526927655,0.300571205408036,0.258925727711787,0.024452561247216037,0.056628682170542635,1.9996202322606424,0.6011,0.0752,0.2519,0.165,0.0146,0.0319,camera_pose_sim3,3.0454946679425934,0.06791060347436144,10000,10000,True,False,True,/content/cv3d-project/data/cache/reconstruction/predictions/03001627/103d77d63f0d68a044e6721e9db29c1b/cc62a38c3669beeba59bad4e.npz,5a48fbfcc838a02361778df47dcaff59e6c9ceb559707e8d343c8d6e1ffe5216,/content/cv3d-project/data/cache/reconstruction/metrics/03001627/103d77d63f0d68a044e6721e9db29c1b/a36a0893f4aea0185806b2ca.json,12.440736999906221
03001627/103d77d63f0d68a044e6721e9db29c1b,oracle,3,"[0, 33, 22]",0.03511377723557352,0.08704384140915687,0.13897390558274023,0.5812584237781089,0.036663688576898536,0.09579070830159939,1.9996202322606424,1.0,0.1355,0.3381,0.4097,0.0212,0.0558,camera_pose_sim3,2.62732239061414,0.11885356806130912,10000,10000,True,False,True,/content/cv3d-project/data/cache/reconstruction/predictions/03001627/103d77d63f0d68a044e6721e9db29c1b/18286d48a03aed5712edb9dc.npz,5a7f05a470d334186b2eb2126b534cc8aaffb94b12434fc6ce4def91a4822cab,/content/cv3d-project/data/cache/reconstruction/metrics/03001627/103d77d63f0d68a044e6721e9db29c1b/28bdefb73b6414b801977ebe.json,12.281616000109352
03001627/103d77d63f0d68a044e6721e9db29c1b,oracle,5,"[0, 33, 22, 23, 27]",0.020553632269669612,0.04900390955012273,0.07745418683057585,0.7974264926943659,0.13806738513896769,0.28707723623204795,1.9996202322606424,1.0,0.2584,0.704,0.6631,0.0942,0.1803,camera_pose_sim3,2.76041367137869,0.10268670475059337,10000,10000,True,False,True,/content/cv3d-project/data/cache/reconstruction/predictions/03001627/103d77d63f0d68a044e6721e9db29c1b/6590088a4407727222255088.npz,19cc483497b320a33de7d9e245699f33e8799eafc5fccf3fc916ed74f4b609d7,/content/cv3d-project/data/cache/reconstruction/metrics/03001627/103d77d63f0d68a044e6721e9db29c1b/bc8c0f81508bb44c6a92b60b.json,12.661927999943146
03001627/103d77d63f0d68a044e6721e9db29c1b,oracle,10,"[0, 33, 22, 23, 27, 36, 15, 30, 11, 28]",0.016810321615523476,0.039550582710743076,0.06229084380596267,0.8784837099758873,0.1556864060417592,0.28135180121269765,1.9996202322606424,1.0,0.3501,0.6625,0.7833,0.1001,0.1786,camera_pose_sim3,2.7730572129841615,0.09542695179090271,10000,10000,True,False,True,/content/cv3d-project/data/cache/reconstruction/predictions/03001627/103d77d63f0d68a044e6721e9db29c1b/9fdedfa468f875058af5d316.npz,9e0a059841a8cc20a384cd4b47cc43434ba066e52e1f37b3da760c3b58fe9f82,/content/cv3d-project/data/cache/reconstruction/metrics/03001627/103d77d63f0d68a044e6721e9db29c1b/f049cda22452a250d6fd84d7.json,12.976589999652788
03001627/104256e5bb73b0b719fb4103277a6b93,oracle,1,[0],2.6475183573140018,2.7695418363360043,2.8915653153580063,0.0,0.0,0.0,1.9893335399110168,0.0,0.0,0.0,0.0,0.0,0.0,camera_rotation_center_and_target_diameter_scale_single_view,8.658553025337016,0.0,10000,10000,True,True,True,/content/cv3d-project/data/cache/reconstruction/predictions/03001627/104256e5bb73b0b719fb4103277a6b93/4f51827d4520a17d5fd667b7.npz,e43114707b93fdd00a38083946591e9061238956b9ac4460aadf90e8c3032aca,/content/cv3d-project/data/cache/reconstruction/metrics/03001627/104256e5bb73b0b719fb4103277a6b93/c7c7ca843d15015900ac4574.json,3.9025979999678384
03001627/104256e5bb73b0b719fb4103277a6b93,oracle,2,"[0, 39]",0.05603496816600823,0.10402811717010843,0.15202126617420864,0.5108217094460288,0.011699530516431925,0.04058886346300534,1.9893335399110168,0.7765,0.0356,0.106,0.3806,0.007,0.0251,camera_pose_sim3,2.5479213945345163,0.07535419645511815,10000,10000,True,False,True,/content/cv3d-project/data/cache/reconstruction/predictions/03001627/104256e5bb73b0b719fb4103277a6b93/77ff88035659069f41dd1fc1.npz,684390cb45dcfef0528b96a24c3c41fb6c0e6bb0a4a08fbb5c9908fcf6eae8dd,/content/cv3d-project/data/cache/reconstruction/metrics/03001627/104256e5bb73b0b719fb4103277a6b93/08a2c330c847ed767d520d1f.json,11.936708000121143
03001627/104256e5bb73b0b719fb4103277a6b93,oracle,3,"[0, 39, 26]",0.051743722573203,0.13044141825966693,0.20913911394613088,0.3309325442648191,0.023582078853046595,0.0525,1.9893335399110168,0.8327,0.0982,0.245,0.2065,0.0134,0.0294,camera_pose_sim3,2.640435185492426,0.13687432544223296,10000,10000,True,False,True,/content/cv3d-project/data/cache/reconstruction/predictions/03001627/104256e5bb73b0b719fb4103277a6b93/1f20105226c184ca5983005b.npz,4aec11657e52cf0b0d0056a1e9dc78cffb09d680522a426499f8010698efd2b1,/content/cv3d-project/data/cache/reconstruction/metrics/03001627/104256e5bb73b0b719fb4103277a6b93/bed441bbbedf33ddb3118cfa.json,11.52755899965996
03001627/104256e5bb73b0b719fb4103277a6b93,oracle,5,"[0, 39, 26, 30, 2]",0.031225050455891183,0.06309163478531539,0.09495821911473959,0.6982218258132216,0.059110801080108015,0.11968883638511517,1.9893335399110168,0.9836,0.1871,0.4386,0.5412,0.0351,0.0693,camera_pose_sim3,2.5005144132681534,0.09583977503461039,10000,10000,True,False,True,/content/cv3d-project/data/cache/reconstruction/predictions/03001627/104256e5bb73b0b719fb4103277a6b93/ee61b891d64fb6a29a95a48e.npz,ce4d771317a74b34282b686886d967e4107ded520eb1f7036df8e87bb66b9ffd,/content/cv3d-project/data/cache/reconstruction/metrics/03001627/104256e5bb73b0b719fb4103277a6b93/02b6706deb2a9f1925405787.json,11.70097900012479
03001627/104256e5bb73b0b719fb4103277a6b93,oracle,10,"[0, 39, 26, 30, 2, 37, 45, 38, 22, 29]",0.04820969833390394,0.06849616029725106,0.08878262226059819,0.7256475764644893,0.06026220779220779,0.13705879793309764,1.9893335399110168,0.9599,0.1129,0.2766,0.5833,0.0411,0.0911,camera_pose_sim3,2.5248342695756953,0.12083368095599505,10000,10000,True,False,True,/content/cv3d-project/data/cache/reconstruction/predictions/03001627/104256e5bb73b0b719fb4103277a6b93/84c7d498f715d563ca95565f.npz,47f9a8413c519b75ae46c1ac82b70a2b654ebd8d779323dfd40bb881f900dc61,/content/cv3d-project/data/cache/reconstruction/metrics/03001627/104256e5bb73b0b719fb4103277a6b93/ae66d5cc3d0dcf310cc5284c.json,12.00259899997036
03001627/1049953406c81b237eaeab1f0c9120b7,oracle,1,[0],3.4069233545757087,3.533224774893597,3.6595261952114857,0.0,0.0,0.0,1.9912994150339838,0.0,0.0,0.0,0.0,0.0,0.0,camera_rotation_center_and_target_diameter_scale_single_view,10.270936735828958,0.0,10000,10000,True,True,True,/content/cv3d-project/data/cache/reconstruction/predictions/03001627/1049953406c81b237eaeab1f0c9120b7/5ae7e63f36b415f93dfb0671.npz,d110c4b4abae2c2c3cdd0680cdce63d7362053c3f15774831f7e29c172c63e28,/content/cv3d-project/data/cache/reconstruction/metrics/03001627/1049953406c81b237eaeab1f0c9120b7/e5e6eaf1fe4480a1c452608b.json,3.8154799999574607
03001627/1049953406c81b237eaeab1f0c9120b7,oracle,2,"[0, 45]",0.10765029145967088,0.16644347516490252,0.22523665887013417,0.1891000463893614,0.006655414908579465,0.016883217592592595,1.9912994150339838,0.5317,0.0676,0.1639,0.115,0.0035,0.0089,camera_pose_sim3,2.6308684852675372,0.01804308963189525,10000,10000,True,False,True,/content/cv3d-project/data/cache/reconstruction/predictions/03001627/1049953406c81b237eaeab1f0c9120b7/688c8e1ea2823d621256ad86.npz,c563084ba4810b25b4f3aad40957b03c69e9e9065885353c4215fc97dc95dbfa,/content/cv3d-project/data/cache/reconstruction/metrics/03001627/1049953406c81b237eaeab1f0c9120b7/7b42e4b4dc8e2c9b316c6ba5.json,11.361821000264172
03001627/1049953406c81b237eaeab1f0c9120b7,oracle,3,"[0, 45, 18]",0.2126960181192664,0.2562840862993856,0.29987215447950477,0.0,0.0,0.0,1.9912994150339838,0.0,0.0,0.0,0.0,0.0,0.0,camera_pose_sim3,2.779958986806058,0.3072348157018727,10000,10000,True,False,True,/content/cv3d-project/data/cache/reconstruction/predictions/03001627/1049953406c81b237eaeab1f0c9120b7/cebd3b24cedbfdf9b523f788.npz,7b357fee60eb0040976d9242008b0f1a1cc9f9cb1e1db3ce8bd8cde151604d9b,/content/cv3d-project/data/cache/reconstruction/metrics/03001627/1049953406c81b237eaeab1f0c9120b7/9d6f9ac047ae10aec4d4e370.json,11.14448899988929
03001627/1049953406c81b237eaeab1f0c9120b7,oracle,5,"[0, 45, 18, 29, 16]",0.028093914717237455,0.06057021018377287,0.0930465056503083,0.7247337881782823,0.06872332518337408,0.15881025233459167,1.9912994150339838,1.0,0.1608,0.4045,0.5683,0.0437,0.0988,camera_pose_sim3,2.3474635946214972,0.23687693481709207,10000,10000,True,False,True,/content/cv3d-project/data/cache/reconstruction/predictions/03001627/1049953406c81b237eaeab1f0c9120b7/e3e31aa971bb9a05e66b1076.npz,c80db37027ccd6e370949b64ba9c14a511c0da4f1e27ba1a3dbaa9e089e7d3e1,/content/cv3d-project/data/cache/reconstruction/metrics/03001627/1049953406c81b237eaeab1f0c9120b7/7c88f7a548b2aaa06767bace.json,11.504083999625436
03001627/1049953406c81b237eaeab1f0c9120b7,oracle,10,"[0, 45, 18, 29, 16, 26, 43, 19, 35, 12]",0.029318228468966,0.052217485968021615,0.07511674346707724,0.7973541791942274,0.08728344303797468,0.1992289957880736,1.9912994150339838,1.0,0.1324,0.3026,0.663,0.0651,0.1485,camera_pose_sim3,2.2478205685860306,0.14729786133743775,10000,10000,True,False,True,/content/cv3d-project/data/cache/reconstruction/predictions/03001627/1049953406c81b237eaeab1f0c9120b7/fd8ff0fb7e6753b4d6983601.npz,46850b9f3ab1f7f13b2c0459240dd81535d62eeb3db87bd4d43ba9f52d9a3f03,/content/cv3d-project/data/cache/reconstruction/metrics/03001627/1049953406c81b237eaeab1f0c9120b7/0414923573f85626f9b6c323.json,12.091317999875173
03001627/1055f78d441d170c4f3443b22038d340,oracle,1,[0],1.2362765001677876,1.3352534277121748,1.4342303552565623,0.0,0.0,0.0,1.9933356199707586,0.0,0.0,0.0,0.0,0.0,0.0,camera_rotation_center_and_target_diameter_scale_single_view,5.747652761170692,0.0,10000,10000,True,True,True,/content/cv3d-project/data/cache/reconstruction/predictions/03001627/1055f78d441d170c4f3443b22038d340/9258822634868a3bb3e47c5a.npz,c163ef42a51d57915997afd8a8435ef61f86b1bac926ea1049df8fbeeef27179,/content/cv3d-project/data/cache/reconstruction/metrics/03001627/1055f78d441d170c4f3443b22038d340/6b09256c894c571786867746.json,3.720260000136477
03001627/1055f78d441d170c4f3443b22038d340,oracle,2,"[0, 44]",0.08474416205291863,0.15110095019480946,0.21745773833670026,0.28536213004228084,0.005758389261744965,0.026433833560709413,1.9933356199707586,0.6956,0.011,0.056,0.1795,0.0039,0.0173,camera_pose_sim3,2.872189890401012,0.06929600590681792,10000,10000,True,False,True,/content/cv3d-project/data/cache/reconstruction/predictions/03001627/1055f78d441d170c4f3443b22038d340/c33220c0ec841df981031e69.npz,c6ec4f6e56299e6b7a08a97898ceaaa2a16afa41c417e9148e2350a2f56949ae,/content/cv3d-project/data/cache/reconstruction/metrics/03001627/1055f78d441d170c4f3443b22038d340/4dcd16a85fd99bea94511b0b.json,11.29602499986504
03001627/1055f78d441d170c4f3443b22038d340,oracle,3,"[0, 44, 9]",0.08149692865219142,0.16467770403050627,0.24785847940882114,0.30190565992000973,0.03101384487072561,0.06890220026942075,1.9933356199707586,0.6262,0.1016,0.1801,0.1989,0.0183,0.0426,camera_pose_sim3,2.7687985007927667,0.19263254163877244,10000,10000,True,False,True,/content/cv3d-project/data/cache/reconstruction/predictions/03001627/1055f78d441d170c4f3443b22038d340/9a34d27f6e994f41566d188e.npz,f73ad691a7a95628d944faf5acf3a716167ac7e525f8ad90c5d9d9ee01e35bc7,/content/cv3d-project/data/cache/reconstruction/metrics/03001627/1055f78d441d170c4f3443b22038d340/eb34c279dd8706e5f3baa613.json,11.278593000042747
03001627/1055f78d441d170c4f3443b22038d340,oracle,5,"[0, 44, 9, 26, 31]",0.04263663862998922,0.07938646690495901,0.1161362951799288,0.5295376593843905,0.0808627392120075,0.20242782501159373,1.9933356199707586,0.8459,0.2168,0.5213,0.3854,0.0497,0.1256,camera_pose_sim3,2.6225485641291537,0.2636484741497804,10000,10000,True,False,True,/content/cv3d-project/data/cache/reconstruction/predictions/03001627/1055f78d441d170c4f3443b22038d340/ea855c16c6e078927206800d.npz,fc3015a37a5439962b9ced0a507e6a2eed855145164ab48e1f6cb36e20d9e40e,/content/cv3d-project/data/cache/reconstruction/metrics/03001627/1055f78d441d170c4f3443b22038d340/304d766a01a1e1d83bd43a36.json,11.442860999977711
03001627/1055f78d441d170c4f3443b22038d340,oracle,10,"[0, 44, 9, 26, 31, 41, 20, 2, 11, 15]",0.04230396435837894,0.058389410525553534,0.07447485669272813,0.8436219080028162,0.10985542168674699,0.19914921630094046,1.9933356199707586,0.9377,0.188,0.3748,0.7667,0.0776,0.1356,camera_pose_sim3,2.5257391479714575,0.1901746420835223,10000,10000,True,False,True,/content/cv3d-project/data/cache/reconstruction/predictions/03001627/1055f78d441d170c4f3443b22038d340/b32f003d15424f7c278dbfc0.npz,c95d83a3c64be93e31b2e341fb91171d6ad4b63dbb5aca1721c3a893c8436b87,/content/cv3d-project/data/cache/reconstruction/metrics/03001627/1055f78d441d170c4f3443b22038d340/cd85ed15aae362f46f429ab1.json,11.853222999889113
03001627/1063d4fcd366de4060e37b3f76995f8b,oracle,1,[0],2.8187992710673977,2.9260462140751256,3.0332931570828534,0.0,0.0,0.0,1.9729594188341553,0.0,0.0,0.0,0.0,0.0,0.0,camera_rotation_center_and_target_diameter_scale_single_view,8.889171305383016,0.0,10000,10000,True,True,True,/content/cv3d-project/data/cache/reconstruction/predictions/03001627/1063d4fcd366de4060e37b3f76995f8b/c987fed7b6fe6adcef4a78c4.npz,d84bbadda69e254c12a7b823f30b632e0209554778bb795c0dfb9ffeaa8c21e1,/content/cv3d-project/data/cache/reconstruction/metrics/03001627/1063d4fcd366de4060e37b3f76995f8b/9262f04de8ceb194ed5330d5.json,3.7066509999021946
03001627/1063d4fcd366de4060e37b3f76995f8b,oracle,2,"[0, 44]",0.03898848933502622,0.1032343603025482,0.1674802312700702,0.4324614868641699,0.027428855721393034,0.07506992210904734,1.9729594188341553,0.9744,0.1253,0.2907,0.2779,0.0154,0.0431,camera_pose_sim3,2.6752763718677017,0.046831788381564224,10000,10000,True,False,True,/content/cv3d-project/data/cache/reconstruction/predictions/03001627/1063d4fcd366de4060e37b3f76995f8b/6189911f66d7cd6937411b0a.npz,a411bd4a338a830a06a5291289df72c9cd9dc7556bc441366856311d27ba5474,/content/cv3d-project/data/cache/reconstruction/metrics/03001627/1063d4fcd366de4060e37b3f76995f8b/afd1e82464e4994247ffcf15.json,11.180267999861826
03001627/1063d4fcd366de4060e37b3f76995f8b,oracle,3,"[0, 44, 26]",0.08562217175968113,0.10056901604365519,0.11551586032762924,0.4896196893282227,0.028794326241134753,0.06611167512690355,1.9729594188341553,0.5506,0.0812,0.176,0.4408,0.0175,0.0407,camera_pose_sim3,2.7375421708577656,0.1866398472734261,10000,10000,True,False,True,/content/cv3d-project/data/cache/reconstruction/predictions/03001627/1063d4fcd366de4060e37b3f76995f8b/33651059bd6cfa41c1fcc291.npz,10419a0537daff58c026232d004543ac8798ea5d051e2dc729b683fd4485ef70,/content/cv3d-project/data/cache/reconstruction/metrics/03001627/1063d4fcd366de4060e37b3f76995f8b/0a530ba32c47500ac2cfe47f.json,11.168020000241086
03001627/1063d4fcd366de4060e37b3f76995f8b,oracle,5,"[0, 44, 26, 31, 9]",0.06107081796556549,0.07395501929374332,0.08683922062192113,0.7610531846926136,0.05592774193548386,0.11381303754266212,1.9729594188341553,0.8342,0.1008,0.2157,0.6997,0.0387,0.0773,camera_pose_sim3,2.7200597675866307,0.13332055854922362,10000,10000,True,False,True,/content/cv3d-project/data/cache/reconstruction/predictions/03001627/1063d4fcd366de4060e37b3f76995f8b/2a091ebe25a439a969a3577a.npz,911265dd3c5eab0503928406f61c33285c40641b4779d12bac05bfaa613ddb8f,/content/cv3d-project/data/cache/reconstruction/metrics/03001627/1063d4fcd366de4060e37b3f76995f8b/4d589457a3431778db2afc20.json,11.872183000377845
03001627/1063d4fcd366de4060e37b3f76995f8b,oracle,10,"[0, 44, 26, 31, 9, 30, 10, 33, 22, 3]",0.02983135050968414,0.05154237259318355,0.07325339467668295,0.8248805712270805,0.098340796460177,0.21488640610104862,1.9729594188341553,0.9993,0.1537,0.3737,0.7023,0.0723,0.1508,camera_pose_sim3,2.57932518084402,0.10126867134711316,10000,10000,True,False,True,/content/cv3d-project/data/cache/reconstruction/predictions/03001627/1063d4fcd366de4060e37b3f76995f8b/8bcc35aecc19545e642b0e66.npz,8924b2e592dbca7e5e1d2db782c9f82b1e96ce745954f985d6ebabbdfad9d136,/content/cv3d-project/data/cache/reconstruction/metrics/03001627/1063d4fcd366de4060e37b3f76995f8b/fbe64285ac661ac12c956426.json,12.385228999846731
03001627/106a0dbaead5066519fb4103277a6b93,oracle,1,[0],1.8358718312844307,1.9607113860825547,2.0855509408806787,0.0,0.0,0.0,1.997180966985651,0.0,0.0,0.0,0.0,0.0,0.0,camera_rotation_center_and_target_diameter_scale_single_view,6.916034953746065,0.0,10000,10000,True,True,True,/content/cv3d-project/data/cache/reconstruction/predictions/03001627/106a0dbaead5066519fb4103277a6b93/b7c38c7c9778caa3a68b9848.npz,cce990982d8d2fdfc98a739796ffc0e432f905a7b36aeee2de6e4ff9abbda392,/content/cv3d-project/data/cache/reconstruction/metrics/03001627/106a0dbaead5066519fb4103277a6b93/b58d7d9bd974f6f4655252a2.json,3.776239000217174
03001627/106a0dbaead5066519fb4103277a6b93,oracle,2,"[0, 39]",0.3059894422160588,0.3976042987217172,0.4892191552273756,0.0,0.0,0.0,1.997180966985651,0.0,0.0,0.0,0.0,0.0,0.0,camera_pose_sim3,2.639695005302001,0.2944757502453016,10000,10000,True,False,True,/content/cv3d-project/data/cache/reconstruction/predictions/03001627/106a0dbaead5066519fb4103277a6b93/94a2150d4e6ad430e5373064.npz,42df1075e81e7e7ea70fa6e25cc91bd0024d04d845a4f572279d1c08adf72338,/content/cv3d-project/data/cache/reconstruction/metrics/03001627/106a0dbaead5066519fb4103277a6b93/aa91416a2ce7206781bea117.json,11.179127999639604
03001627/106a0dbaead5066519fb4103277a6b93,oracle,3,"[0, 39, 19]",0.2596843214787394,0.36011529989405106,0.46054627830936273,0.0,0.0,0.0,1.997180966985651,0.0,0.0,0.0,0.0,0.0,0.0,camera_pose_sim3,1.726507294222653,0.9457979806686401,10000,10000,True,False,True,/content/cv3d-project/data/cache/reconstruction/predictions/03001627/106a0dbaead5066519fb4103277a6b93/2da2d79e1fe8f40afcf52c92.npz,29e12a03be9136e2f1b6f9402f655bcc8bb4f7f4a3ffbd86bf2d861cda8eeb38,/content/cv3d-project/data/cache/reconstruction/metrics/03001627/106a0dbaead5066519fb4103277a6b93/3fa674314d1bf75d10a448bf.json,11.080710999976873
03001627/106a0dbaead5066519fb4103277a6b93,oracle,5,"[0, 39, 19, 30, 9]",0.025923682725578354,0.1468038365882591,0.2676839904509398,0.21794529092043124,0.00888252063015754,0.01744431971261787,1.997180966985651,1.0,0.1287,0.4365,0.1223,0.0046,0.0089,camera_pose_sim3,1.1178829775167658,1.2218999952066716,10000,10000,True,False,True,/content/cv3d-project/data/cache/reconstruction/predictions/03001627/106a0dbaead5066519fb4103277a6b93/d7844c17864c7d13dd50977a.npz,f1262c33608c987cb10b54fc82479b4287c96aa832b9ee7a59b45a12d2d7abdf,/content/cv3d-project/data/cache/reconstruction/metrics/03001627/106a0dbaead5066519fb4103277a6b93/286e1856fb01c3c91fe6c048.json,11.19669999980033
03001627/106a0dbaead5066519fb4103277a6b93,oracle,10,"[0, 39, 19, 30, 9, 37, 22, 10, 40, 47]",0.27971554678253885,0.4524779224769237,0.6252402981713086,0.0,0.0,0.0,1.997180966985651,0.0,0.0,0.0,0.0,0.0,0.0,camera_pose_sim3,1.160300047634113,1.1647108061378306,10000,10000,True,False,True,/content/cv3d-project/data/cache/reconstruction/predictions/03001627/106a0dbaead5066519fb4103277a6b93/cf08883a14bf1d3f8af4bc47.npz,edc13b6fbcf039dacafde5e7c88950840ee9b2e8101ba4d12269f89e03838de0,/content/cv3d-project/data/cache/reconstruction/metrics/03001627/106a0dbaead5066519fb4103277a6b93/c9fb43dfda405be729ae1afa.json,11.899408999852312
03001627/106c7f10c5bf5bd5f51f77a6d7299806,oracle,1,[0],1.647286729379378,1.7895620610141372,1.9318373926488963,0.0,0.0,0.0,1.9897184309064269,0.0,0.0,0.0,0.0,0.0,0.0,camera_rotation_center_and_target_diameter_scale_single_view,6.526136875447105,0.0,10000,10000,True,True,True,/content/cv3d-project/data/cache/reconstruction/predictions/03001627/106c7f10c5bf5bd5f51f77a6d7299806/7852a931cd0c88a61c2fff79.npz,dc00ab9536692c9ef895a8d6aa71225b98e9128d7f1f065bc826087db12acc3b,/content/cv3d-project/data/cache/reconstruction/metrics/03001627/106c7f10c5bf5bd5f51f77a6d7299806/5ac467407e386f3ed62122bc.json,3.7314940000214847
03001627/106c7f10c5bf5bd5f51f77a6d7299806,oracle,2,"[0, 39]",0.28747443019269675,0.3450346329943768,0.40259483579605687,0.0,0.0,0.0,1.9897184309064269,0.0,0.0,0.0,0.0,0.0,0.0,camera_pose_sim3,2.4675850008998323,0.244236030197355,10000,10000,True,False,True,/content/cv3d-project/data/cache/reconstruction/predictions/03001627/106c7f10c5bf5bd5f51f77a6d7299806/2b8cdb63ec77d695a072f7f9.npz,c80397874e90845a5dda511bf069b033dbcac10bf58d5e08cfae739953a3ef6b,/content/cv3d-project/data/cache/reconstruction/metrics/03001627/106c7f10c5bf5bd5f51f77a6d7299806/b5ee45943a792fc0b9131db9.json,11.320034000164014
03001627/106c7f10c5bf5bd5f51f77a6d7299806,oracle,3,"[0, 39, 18]",1.0802417245652693,1.165898290710412,1.2515548568555548,0.0,0.0,0.0,1.9897184309064269,0.0,0.0,0.0,0.0,0.0,0.0,camera_pose_sim3_positive_scale_fallback,2.651258592803086,1.7550418170440658,10000,10000,True,False,True,/content/cv3d-project/data/cache/reconstruction/predictions/03001627/106c7f10c5bf5bd5f51f77a6d7299806/83b15690a18a4bad35b4c83f.npz,04a3b833c9c6fb28d0810ea8e7fff2cb2495ca269675acc5ba41d99f4102b582,/content/cv3d-project/data/cache/reconstruction/metrics/03001627/106c7f10c5bf5bd5f51f77a6d7299806/639a037e95266e5b87e1931c.json,11.433425999712199
03001627/106c7f10c5bf5bd5f51f77a6d7299806,oracle,5,"[0, 39, 18, 36, 9]",0.32805245431571506,0.3699660660493773,0.4118796777830395,0.0,0.0,0.0,1.9897184309064269,0.0,0.0,0.0,0.0,0.0,0.0,camera_pose_sim3,2.2807966711550773,0.443334580454831,10000,10000,True,False,True,/content/cv3d-project/data/cache/reconstruction/predictions/03001627/106c7f10c5bf5bd5f51f77a6d7299806/2985b6a8d6febe6893e2bca0.npz,834b9f9d5e101e51828595c0d89e325c5b620c2f3fb39da5fdb54fed768207b9,/content/cv3d-project/data/cache/reconstruction/metrics/03001627/106c7f10c5bf5bd5f51f77a6d7299806/7cd70828720f9830c92ceba3.json,11.27218300007371
03001627/106c7f10c5bf5bd5f51f77a6d7299806,oracle,10,"[0, 39, 18, 36, 9, 22, 19, 29, 6, 10]",0.14439241975760964,0.15374625864181476,0.1631000975260199,0.22343152270703473,0.0028366666666666666,0.007746835443037975,1.9897184309064269,0.2084,0.0037,0.0068,0.2408,0.0023,0.009,camera_pose_sim3,2.334123962436055,0.21984367909511818,10000,10000,True,False,True,/content/cv3d-project/data/cache/reconstruction/predictions/03001627/106c7f10c5bf5bd5f51f77a6d7299806/b548b5e489441803a3f1c983.npz,1d47b56cc2eb2bc5bed10fd488d486374b7e281ab4ffcb4110d0988875f1d8ee,/content/cv3d-project/data/cache/reconstruction/metrics/03001627/106c7f10c5bf5bd5f51f77a6d7299806/0fe8d792b024a4c1b246cc59.json,11.687293999784742
03001627/106e9487a1d47ff1a09cb462b3e723e2,oracle,1,[0],2.740236610788462,2.8416064568789077,2.942976302969354,0.0,0.0,0.0,1.9950563951972036,0.0,0.0,0.0,0.0,0.0,0.0,camera_rotation_center_and_target_diameter_scale_single_view,8.683256729719762,0.0,10000,10000,True,True,True,/content/cv3d-project/data/cache/reconstruction/predictions/03001627/106e9487a1d47ff1a09cb462b3e723e2/2b08d755288f5d2731f4283a.npz,6c671b70d940a9bfeb5dd29fc364529c6cd48acbe08ded7eda90efd695e119d1,/content/cv3d-project/data/cache/reconstruction/metrics/03001627/106e9487a1d47ff1a09cb462b3e723e2/9305eec07d42ad4e6e1f1dcc.json,3.6599759996533976
03001627/106e9487a1d47ff1a09cb462b3e723e2,oracle,2,"[0, 38]",1.215166384264727,1.377346964321719,1.5395275443787115,0.0,0.0,0.0,1.9950563951972036,0.0,0.0,0.0,0.0,0.0,0.0,camera_pose_sim3,2.63989215342367,0.9107231858922015,10000,10000,True,False,True,/content/cv3d-project/data/cache/reconstruction/predictions/03001627/106e9487a1d47ff1a09cb462b3e723e2/73ce886c52e6fe6aa190b6a5.npz,d744d2e8ee7ffa9e1cae2bb0a01b468ac435de1456b08421446ccb34e0e62f7f,/content/cv3d-project/data/cache/reconstruction/metrics/03001627/106e9487a1d47ff1a09cb462b3e723e2/8da59126ad29d973a51d0966.json,11.169550999966305
03001627/106e9487a1d47ff1a09cb462b3e723e2,oracle,3,"[0, 38, 25]",0.21049481404468512,0.4074426296767498,0.6043904453088145,0.0,0.0,0.0,1.9950563951972036,0.0,0.0,0.0,0.0,0.0,0.0,camera_pose_sim3,1.8812436823241137,0.9528263552796785,10000,10000,True,False,True,/content/cv3d-project/data/cache/reconstruction/predictions/03001627/106e9487a1d47ff1a09cb462b3e723e2/a53372bb917eeb779999d748.npz,cf11465f2652463a642e228c04413f8177a88e6567bc17aa51a61ab1780e6b1d,/content/cv3d-project/data/cache/reconstruction/metrics/03001627/106e9487a1d47ff1a09cb462b3e723e2/dd3fa57ea5a7ba7e748c1575.json,11.1202900002354
03001627/106e9487a1d47ff1a09cb462b3e723e2,oracle,5,"[0, 38, 25, 35, 17]",0.05398817061943395,0.20988228719782615,0.36577640377621834,0.13824607146534856,0.015257704918032786,0.034867678958785245,1.9950563951972036,0.8962,0.0831,0.2115,0.0749,0.0084,0.019,camera_pose_sim3,1.9563286329687923,0.8361871180511807,10000,10000,True,False,True,/content/cv3d-project/data/cache/reconstruction/predictions/03001627/106e9487a1d47ff1a09cb462b3e723e2/dc998e519de317e895dea715.npz,c63dbbdcf2784de3ca4c7d16d89adf1d58571247e11bb9ca137da753e4d5b2d7,/content/cv3d-project/data/cache/reconstruction/metrics/03001627/106e9487a1d47ff1a09cb462b3e723e2/a94d380dee27a980c4f89ee5.json,11.18020100011563
03001627/106e9487a1d47ff1a09cb462b3e723e2,oracle,10,"[0, 38, 25, 35, 17, 26, 34, 19, 18, 33]",0.32382353842804373,0.4789097678814793,0.6339959973349149,0.0,0.0,0.0,1.9950563951972036,0.0,0.0,0.0,0.0,0.0,0.0,camera_pose_sim3,0.6143141755594187,1.0931606301489505,10000,10000,True,False,True,/content/cv3d-project/data/cache/reconstruction/predictions/03001627/106e9487a1d47ff1a09cb462b3e723e2/64604cf2f81f8c00f092d2a5.npz,c1fa77fd79950b3b408cc2ec79f96a746d0c40b1497460752184ae40243fdc55,/content/cv3d-project/data/cache/reconstruction/metrics/03001627/106e9487a1d47ff1a09cb462b3e723e2/e93615e58793da947b425efe.json,11.532116000125825
03001627/10709332176024ce9e47e7a22e24daa3,oracle,1,[0],3.1641227784335557,3.300619463818231,3.4371161492029065,0.0,0.0,0.0,1.9902181608189,0.0,0.0,0.0,0.0,0.0,0.0,camera_rotation_center_and_target_diameter_scale_single_view,9.540357673491904,0.0,10000,10000,True,True,True,/content/cv3d-project/data/cache/reconstruction/predictions/03001627/10709332176024ce9e47e7a22e24daa3/11230a517865324115f82aa4.npz,b2f86afee25e1fee4597333cf87376b1396da227dfff787683a129ed37dcdddf,/content/cv3d-project/data/cache/reconstruction/metrics/03001627/10709332176024ce9e47e7a22e24daa3/841f47a70208eb94e10b5823.json,3.6672020000878547
03001627/10709332176024ce9e47e7a22e24daa3,oracle,2,"[0, 39]",0.686018583223224,0.8279850874104038,0.9699515915975835,0.0,0.0,0.0,1.9902181608189,0.0,0.0,0.0,0.0,0.0,0.0,camera_pose_sim3,1.5564821559736495,1.1677530334219473,10000,10000,True,False,True,/content/cv3d-project/data/cache/reconstruction/predictions/03001627/10709332176024ce9e47e7a22e24daa3/977b0a7ce6f4243a1205f6b2.npz,78115bd0a7a85fe88ddba26d77dd9540e31f1171a4457a206ff6b28c2987e5e0,/content/cv3d-project/data/cache/reconstruction/metrics/03001627/10709332176024ce9e47e7a22e24daa3/0cfdcb632fdf356cf7aab37a.json,11.208122999960324
03001627/10709332176024ce9e47e7a22e24daa3,oracle,3,"[0, 39, 19]",0.0487595394834545,0.09515281121121835,0.14154608293898222,0.4535761163562133,0.04831882229232387,0.09363887964503605,1.9902181608189,0.8688,0.1618,0.3053,0.3069,0.0284,0.0553,camera_pose_sim3,2.787906741932801,0.10341962281473775,10000,10000,True,False,True,/content/cv3d-project/data/cache/reconstruction/predictions/03001627/10709332176024ce9e47e7a22e24daa3/c2e9bc46fb2a19ff516e4f31.npz,6680dff23d6124d136443d4b1acba48b9a9c899ad38e66aa435c52722f5688c3,/content/cv3d-project/data/cache/reconstruction/metrics/03001627/10709332176024ce9e47e7a22e24daa3/13760dc60be316e04a58cf78.json,11.113363999811554
03001627/10709332176024ce9e47e7a22e24daa3,oracle,5,"[0, 39, 19, 24, 30]",0.04176946720497847,0.06482365441146193,0.08787784161794539,0.7518851173296525,0.050203314121037464,0.12653538196438827,1.9902181608189,0.9863,0.1059,0.2651,0.6075,0.0329,0.0831,camera_pose_sim3,2.724431308838345,0.08595291604566797,10000,10000,True,False,True,/content/cv3d-project/data/cache/reconstruction/predictions/03001627/10709332176024ce9e47e7a22e24daa3/02efefba26925e73ecaaa83a.npz,eeaca290cf5e1b8f1eeea6732ec7712e86750d59a7f1d1654805a5b63c5ffb89,/content/cv3d-project/data/cache/reconstruction/metrics/03001627/10709332176024ce9e47e7a22e24daa3/7a5110d3c53f76cdaea70dec.json,11.325950000355078
03001627/10709332176024ce9e47e7a22e24daa3,oracle,10,"[0, 39, 19, 24, 30, 44, 2, 38, 45, 8]",0.04086535786951672,0.057527265811104955,0.07418917375269318,0.848731259448773,0.061329146757679184,0.13803377972123532,1.9902181608189,0.9579,0.1028,0.2736,0.7619,0.0437,0.0923,camera_pose_sim3,2.734764164406849,0.10640900575492233,10000,10000,True,False,True,/content/cv3d-project/data/cache/reconstruction/predictions/03001627/10709332176024ce9e47e7a22e24daa3/9a94054ca8573bbd6c2fc441.npz,393cb335d10f0d76f06c330662a3316df50fe88abc7daf6503fa572e06092031,/content/cv3d-project/data/cache/reconstruction/metrics/03001627/10709332176024ce9e47e7a22e24daa3/f4cbf5d9b1db13fd80558240.json,11.613077000220073
03001627/1079635b3da12a812cee4bf5d0f11ffe,oracle,1,[0],1.3736877718336287,1.5401557004058537,1.706623628978079,0.0,0.0,0.0,1.9981034589859001,0.0,0.0,0.0,0.0,0.0,0.0,camera_rotation_center_and_target_diameter_scale_single_view,6.107926164172102,0.0,10000,10000,True,True,True,/content/cv3d-project/data/cache/reconstruction/predictions/03001627/1079635b3da12a812cee4bf5d0f11ffe/d3d3f65a130c0bb98ebed9c0.npz,6af48856db979d325fa042b841798f79bed22e2cb199463e704fc91e253c01a0,/content/cv3d-project/data/cache/reconstruction/metrics/03001627/1079635b3da12a812cee4bf5d0f11ffe/b2be0c857673d5c1dc95772a.json,3.684536000037042
03001627/1079635b3da12a812cee4bf5d0f11ffe,oracle,2,"[0, 44]",1.1429094633006318,1.2788502372570227,1.4147910112134134,0.0,0.0,0.0,1.9981034589859001,0.0,0.0,0.0,0.0,0.0,0.0,camera_pose_sim3,2.454529848780607,0.9238963687468331,10000,10000,True,False,True,/content/cv3d-project/data/cache/reconstruction/predictions/03001627/1079635b3da12a812cee4bf5d0f11ffe/85b4b8b3e0b439316f31e426.npz,30a70446ec9372e34fab1686ce2061c883ee67bda2cd750d22b7eaa224a8c5d1,/content/cv3d-project/data/cache/reconstruction/metrics/03001627/1079635b3da12a812cee4bf5d0f11ffe/6cf4827810b54dacb87bf589.json,11.508718999721168
03001627/1079635b3da12a812cee4bf5d0f11ffe,oracle,3,"[0, 44, 8]",0.06823106176259026,0.2101801008881318,0.35212914001367335,0.2026772183908046,0.010227075812274368,0.024146020347097546,1.9981034589859001,0.7529,0.0497,0.154,0.1171,0.0057,0.0131,camera_pose_sim3,2.0360794946193725,0.7105027602082787,10000,10000,True,False,True,/content/cv3d-project/data/cache/reconstruction/predictions/03001627/1079635b3da12a812cee4bf5d0f11ffe/c32a0c748d9c088db85091ab.npz,a4035dac3dca808f422a1fea09fd7c8a91066ebaaa4d79763b3f7f99a03629d7,/content/cv3d-project/data/cache/reconstruction/metrics/03001627/1079635b3da12a812cee4bf5d0f11ffe/4808829ae0cb436d4ada3b52.json,11.231336000037118
03001627/1079635b3da12a812cee4bf5d0f11ffe,oracle,5,"[0, 44, 8, 31, 19]",0.03775293748291211,0.150475069293796,0.26319720110467987,0.31091099819137025,0.04587613219094248,0.08099295487627364,1.9981034589859001,0.9762,0.1358,0.2966,0.1849,0.0276,0.0469,camera_pose_sim3,2.187030361282411,0.6878746125398322,10000,10000,True,False,True,/content/cv3d-project/data/cache/reconstruction/predictions/03001627/1079635b3da12a812cee4bf5d0f11ffe/9f86e85ea5790f87206dabf8.npz,0404c241299dd4e0c553c7e8abccdf63ba32a411dbcbcb3e45ab39cffe7ae593,/content/cv3d-project/data/cache/reconstruction/metrics/03001627/1079635b3da12a812cee4bf5d0f11ffe/50cbdb16f59386cd4bd0ecba.json,11.346536000019114
03001627/1079635b3da12a812cee4bf5d0f11ffe,oracle,10,"[0, 44, 8, 31, 19, 40, 29, 36, 25, 38]",0.16070055303546954,0.20422474776324728,0.24774894249102505,0.04770024019215372,0.0,0.0,1.9981034589859001,0.0928,0.0,0.0,0.0321,0.0,0.0,camera_pose_sim3,2.0179154999174544,0.8078234623456695,10000,10000,True,False,True,/content/cv3d-project/data/cache/reconstruction/predictions/03001627/1079635b3da12a812cee4bf5d0f11ffe/f115a5c64c57f9abf7548c13.npz,3a0613bfed4e8df6872be363f36735c3fc603d74676eb6f0d3b82b90fc0c7311,/content/cv3d-project/data/cache/reconstruction/metrics/03001627/1079635b3da12a812cee4bf5d0f11ffe/aace2d0f8c6a271e0da3ee75.json,11.812160000317817
03001627/107caefdad02cf1c8ab8e68cb52baa6a,oracle,1,[0],1.16044219443338,1.2810732715729107,1.4017043487124414,0.0,0.0,0.0,1.9994983456578415,0.0,0.0,0.0,0.0,0.0,0.0,camera_rotation_center_and_target_diameter_scale_single_view,5.482530048549649,0.0,10000,10000,True,True,True,/content/cv3d-project/data/cache/reconstruction/predictions/03001627/107caefdad02cf1c8ab8e68cb52baa6a/6bb8f02ddc8a9388695f4004.npz,1fb02e08e16781607a287126975802abe6d3cb01116ac6ceba76ea29071c6a7c,/content/cv3d-project/data/cache/reconstruction/metrics/03001627/107caefdad02cf1c8ab8e68cb52baa6a/7e65656ab71a40f9cb48c3a5.json,3.698950999933004
03001627/107caefdad02cf1c8ab8e68cb52baa6a,oracle,2,"[0, 39]",0.08518288821370538,0.12103625193427178,0.1568896156548382,0.47309538274605095,0.0013538461538461538,0.005710344827586207,1.9994983456578415,0.8197,0.0044,0.0138,0.3325,0.0008,0.0036,camera_pose_sim3,2.264913570340241,0.070956507755451,10000,10000,True,False,True,/content/cv3d-project/data/cache/reconstruction/predictions/03001627/107caefdad02cf1c8ab8e68cb52baa6a/1fb3ba76c6fe4dbf74f2e529.npz,03d64742a7640fd4583cf0fbf0721d5f22559096041bb5d1e8b301e50159a226,/content/cv3d-project/data/cache/reconstruction/metrics/03001627/107caefdad02cf1c8ab8e68cb52baa6a/52a0bd95aa101cde74ee52b0.json,11.207835000277555
03001627/107caefdad02cf1c8ab8e68cb52baa6a,oracle,3,"[0, 39, 26]",0.23779761466700983,0.2978345881129408,0.35787156155887173,0.0,0.0,0.0,1.9994983456578415,0.0,0.0,0.0,0.0,0.0,0.0,camera_pose_sim3,2.4445078909120403,0.3240474946098985,10000,10000,True,False,True,/content/cv3d-project/data/cache/reconstruction/predictions/03001627/107caefdad02cf1c8ab8e68cb52baa6a/ed76e1cbe8fa2836e020cb12.npz,fb0a1b540dea2aae662c17df65b1ea145c512b63b1f314e4f5be1abaed11c15d,/content/cv3d-project/data/cache/reconstruction/metrics/03001627/107caefdad02cf1c8ab8e68cb52baa6a/114100d2a662711c7772a56f.json,11.030035999738175
03001627/107caefdad02cf1c8ab8e68cb52baa6a,oracle,5,"[0, 39, 26, 9, 44]",0.0296323901999014,0.05601911737743359,0.08240584455496579,0.7840181426814269,0.13391999999999998,0.22395594268052824,1.9994983456578415,0.9665,0.3348,0.5726,0.6595,0.0837,0.1392,camera_pose_sim3,2.498527986347203,0.08957877200442238,10000,10000,True,False,True,/content/cv3d-project/data/cache/reconstruction/predictions/03001627/107caefdad02cf1c8ab8e68cb52baa6a/cef3b34144436fbd3382cc72.npz,e096f258d85ee11ff0d4c4622d3879fc82371ae641e6f79d4dc836d15f82adb0,/content/cv3d-project/data/cache/reconstruction/metrics/03001627/107caefdad02cf1c8ab8e68cb52baa6a/b56e077228185efb89fa6540.json,11.124402999939775
03001627/107caefdad02cf1c8ab8e68cb52baa6a,oracle,10,"[0, 39, 26, 9, 44, 43, 21, 11, 23, 24]",0.038109265012078,0.05843056061337465,0.0787518562146713,0.818355212541453,0.0749099344978166,0.1820004850444624,1.9994983456578415,0.9243,0.1307,0.3746,0.7342,0.0525,0.1202,camera_pose_sim3,2.481747018468044,0.1355785377238296,10000,10000,True,False,True,/content/cv3d-project/data/cache/reconstruction/predictions/03001627/107caefdad02cf1c8ab8e68cb52baa6a/1ed7af776069a1cd79f4b25c.npz,3d8f21264bc58d194892a6bcf813e585cafb4980f7df230d8997ba03e5707a0c,/content/cv3d-project/data/cache/reconstruction/metrics/03001627/107caefdad02cf1c8ab8e68cb52baa6a/fe21869fcf79a21b17a5bcbc.json,11.774975000207633
03001627/107ed94869ed6f1be13496cd332ce78f,oracle,1,[0],2.361163658196312,2.4645699102157854,2.5679761622352584,0.0,0.0,0.0,1.9993832089072348,0.0,0.0,0.0,0.0,0.0,0.0,camera_rotation_center_and_target_diameter_scale_single_view,7.8214924591887405,0.0,10000,10000,True,True,True,/content/cv3d-project/data/cache/reconstruction/predictions/03001627/107ed94869ed6f1be13496cd332ce78f/4c423ad79080b23eb4e8b524.npz,cd7cb1cd6513074d1aa28357abe0c233642e7ca3dcb6e8ef0c093ffa1ea2aa63,/content/cv3d-project/data/cache/reconstruction/metrics/03001627/107ed94869ed6f1be13496cd332ce78f/9f29c322442821c35389b5ac.json,3.65619699960007
03001627/107ed94869ed6f1be13496cd332ce78f,oracle,2,"[0, 44]",0.040805980915315614,0.09664486973660008,0.15248375855788454,0.4825051798339994,0.015975,0.036725991189427314,1.9993832089072348,0.9813,0.071,0.1839,0.3199,0.009,0.0204,camera_pose_sim3,2.628144409797073,0.05114136454543566,10000,10000,True,False,True,/content/cv3d-project/data/cache/reconstruction/predictions/03001627/107ed94869ed6f1be13496cd332ce78f/5d364671568274507bb7aa10.npz,a4ac1ffde5095130004594537f0726765040c51863e80277fdcb6aa9926aa9f5,/content/cv3d-project/data/cache/reconstruction/metrics/03001627/107ed94869ed6f1be13496cd332ce78f/cf24e00927eafa5f0acbf1a8.json,10.989660000177537
03001627/107ed94869ed6f1be13496cd332ce78f,oracle,3,"[0, 44, 24]",0.08758885779307507,0.11729633918117226,0.14700382056926944,0.3828444752338067,0.015946932515337423,0.03970475561426685,1.9993832089072348,0.5805,0.0559,0.1279,0.2856,0.0093,0.0235,camera_pose_sim3,2.5145695671812236,0.18207016721769648,10000,10000,True,False,True,/content/cv3d-project/data/cache/reconstruction/predictions/03001627/107ed94869ed6f1be13496cd332ce78f/964bb04015314de4e18acaee.npz,241fc23e73be6d813044b2db7aa1109375e583a3998d1f6a1f6e28923b0303f7,/content/cv3d-project/data/cache/reconstruction/metrics/03001627/107ed94869ed6f1be13496cd332ce78f/f94dacd29fb84641af4c1597.json,11.050786000396329
03001627/107ed94869ed6f1be13496cd332ce78f,oracle,5,"[0, 44, 24, 19, 30]",0.04012424371165579,0.056051895830447826,0.07197954794923986,0.8672765084610563,0.04299553969669938,0.10650411368735976,1.9993832089072348,0.9725,0.0831,0.194,0.7826,0.029,0.0734,camera_pose_sim3,2.6734830335220456,0.07595144438875405,10000,10000,True,False,True,/content/cv3d-project/data/cache/reconstruction/predictions/03001627/107ed94869ed6f1be13496cd332ce78f/f8ed9baa0ddf5c004ef84bf3.npz,8d0dd37e6d47c74edca853394e09852ec001729031ea6d4d28bf43f19e81983f,/content/cv3d-project/data/cache/reconstruction/metrics/03001627/107ed94869ed6f1be13496cd332ce78f/fc62eefa9248ce8e45785a9e.json,11.284470000191504
03001627/107ed94869ed6f1be13496cd332ce78f,oracle,10,"[0, 44, 24, 19, 30, 31, 2, 26, 29, 6]",0.029401162470238128,0.042913749198056905,0.05642633592587569,0.9331626393556303,0.0684206500956023,0.1859588492520138,1.9993832089072348,1.0,0.1065,0.2997,0.8747,0.0504,0.1348,camera_pose_sim3,2.629954766719579,0.11548555563399188,10000,10000,True,False,True,/content/cv3d-project/data/cache/reconstruction/predictions/03001627/107ed94869ed6f1be13496cd332ce78f/51ada32b54a761edb0e63776.npz,6229d38891fda524ca8162d09abe2f2e1edc7b4909307fcab024659dfaf6e877,/content/cv3d-project/data/cache/reconstruction/metrics/03001627/107ed94869ed6f1be13496cd332ce78f/093f4035d90056d36f788327.json,11.716068999703566
03001627/108238b535eb293cd79b19c7c4f0e293,oracle,1,[0],1.6189896198084164,1.786967873853213,1.9549461278980098,0.0,0.0,0.0,1.9989451085925671,0.0,0.0,0.0,0.0,0.0,0.0,camera_rotation_center_and_target_diameter_scale_single_view,6.569041079943667,0.0,10000,10000,True,True,True,/content/cv3d-project/data/cache/reconstruction/predictions/03001627/108238b535eb293cd79b19c7c4f0e293/4c674eae10ba18ca205a57a7.npz,8efb4e0475176f9cdd778396755bef1c232fc30e8cf49f2870b5d3a0a4ce4f2a,/content/cv3d-project/data/cache/reconstruction/metrics/03001627/108238b535eb293cd79b19c7c4f0e293/e2f13ee088c9f1486a7795b5.json,3.6790969998037326
03001627/108238b535eb293cd79b19c7c4f0e293,oracle,2,"[0, 44]",0.2939716205355512,0.4381973230245201,0.5824230255134889,0.0,0.0,0.0,1.9989451085925671,0.0,0.0,0.0,0.0,0.0,0.0,camera_pose_sim3,2.4501850170230584,0.12549496299695095,10000,10000,True,False,True,/content/cv3d-project/data/cache/reconstruction/predictions/03001627/108238b535eb293cd79b19c7c4f0e293/d5f1144a08784403b1c16477.npz,1ba90086bf72044ba73688ac6f4564c73f97f2c1013bdb6f315c06362ec62061,/content/cv3d-project/data/cache/reconstruction/metrics/03001627/108238b535eb293cd79b19c7c4f0e293/9bd6692d8d2268347b7ebe52.json,11.548404999757622
03001627/108238b535eb293cd79b19c7c4f0e293,oracle,3,"[0, 44, 33]",0.9192123517337157,1.077515304618769,1.2358182575038223,0.0,0.0,0.0,1.9989451085925671,0.0,0.0,0.0,0.0,0.0,0.0,camera_pose_sim3,1.8910520031018194,0.9113320948570084,10000,10000,True,False,True,/content/cv3d-project/data/cache/reconstruction/predictions/03001627/108238b535eb293cd79b19c7c4f0e293/cec5b1d753321c2975112b0f.npz,b99f10925430ca3d029e5c068db842fbd70fc62b8666dcec4cd03a07514df3ae,/content/cv3d-project/data/cache/reconstruction/metrics/03001627/108238b535eb293cd79b19c7c4f0e293/0474bd045f6f6f92c5d872bc.json,11.150107000048592
03001627/108238b535eb293cd79b19c7c4f0e293,oracle,5,"[0, 44, 33, 38, 35]",0.020976105349364397,0.05330167701379286,0.08562724867822133,0.7213093791957036,0.10686127320954908,0.19251555555555552,1.9989451085925671,1.0,0.2322,0.5304,0.5641,0.0694,0.1176,camera_pose_sim3,2.456397913894695,0.10976560652553571,10000,10000,True,False,True,/content/cv3d-project/data/cache/reconstruction/predictions/03001627/108238b535eb293cd79b19c7c4f0e293/46c200c9f493c623bbcf2adb.npz,86007edc1c9048966fad359660d100aa8b192460bb6c9a8180eeb7c5e0319bcc,/content/cv3d-project/data/cache/reconstruction/metrics/03001627/108238b535eb293cd79b19c7c4f0e293/98938ffb6696c0dc2b538391.json,11.565123999844218
03001627/108238b535eb293cd79b19c7c4f0e293,oracle,10,"[0, 44, 33, 38, 35, 30, 40, 47, 10, 46]",0.6894847332843052,0.8169223370166359,0.9443599407489665,0.0,0.0,0.0,1.9989451085925671,0.0,0.0,0.0,0.0,0.0,0.0,camera_pose_sim3,1.1226917057635568,1.1840085559867681,10000,10000,True,False,True,/content/cv3d-project/data/cache/reconstruction/predictions/03001627/108238b535eb293cd79b19c7c4f0e293/29af7968672c683612a154aa.npz,925fc077259dd8abd536ed7e4266c4b11b630042179c7e48d42cec2c1cf091a1,/content/cv3d-project/data/cache/reconstruction/metrics/03001627/108238b535eb293cd79b19c7c4f0e293/15840961784f8d22cc1ebd19.json,12.037527999837039
03001627/108b9cb292fd811cf51f77a6d7299806,oracle,1,[0],1.3216127352774585,1.4306096587451447,1.5396065822128306,0.0,0.0,0.0,1.9829942291649416,0.0,0.0,0.0,0.0,0.0,0.0,camera_rotation_center_and_target_diameter_scale_single_view,5.698626476037029,0.0,10000,10000,True,True,True,/content/cv3d-project/data/cache/reconstruction/predictions/03001627/108b9cb292fd811cf51f77a6d7299806/3ebc20736e2c4406b5c24ef6.npz,e94baa735dda4142ff5ecb568098a96c3f3dc3dbe2685ce5e525664f97870b5b,/content/cv3d-project/data/cache/reconstruction/metrics/03001627/108b9cb292fd811cf51f77a6d7299806/7845e86656fba8c156190db9.json,3.82253399993715
03001627/108b9cb292fd811cf51f77a6d7299806,oracle,2,"[0, 26]",0.05641452519424498,0.1343995809847231,0.21238463677520122,0.18610431987900555,0.004859708193041526,0.016563237193284546,1.9829942291649416,0.9548,0.0866,0.2237,0.1031,0.0025,0.0086,camera_pose_sim3,1.0980351026360724,0.9799411437183669,10000,10000,True,False,True,/content/cv3d-project/data/cache/reconstruction/predictions/03001627/108b9cb292fd811cf51f77a6d7299806/efceb249ecb905c5fc8a052f.npz,afcda0a54e3455d983781be75aeb1e1ce25c0a5dc808c63bdb6122123037bbdc,/content/cv3d-project/data/cache/reconstruction/metrics/03001627/108b9cb292fd811cf51f77a6d7299806/23ef0816c4ea2a3ac38f7966.json,11.371837000297091
03001627/108b9cb292fd811cf51f77a6d7299806,oracle,3,"[0, 26, 38]",0.5172682866856464,0.6061798592454413,0.6950914318052361,0.0,0.0,0.0,1.9829942291649416,0.0,0.0,0.0,0.0,0.0,0.0,camera_pose_sim3,0.7998633863685776,1.3120614726547266,10000,10000,True,False,True,/content/cv3d-project/data/cache/reconstruction/predictions/03001627/108b9cb292fd811cf51f77a6d7299806/55c54211ef93363b5c5380e2.npz,1a1d41c1a2b2bd263538db675c4f6a9997ee30f86c85ab33470fba4b04406742,/content/cv3d-project/data/cache/reconstruction/metrics/03001627/108b9cb292fd811cf51f77a6d7299806/5d3a0f1a95016e00102580c8.json,11.29212700016069
03001627/108b9cb292fd811cf51f77a6d7299806,oracle,5,"[0, 26, 38, 31, 33]",0.21967142349255792,0.3083839000287616,0.3970963765649653,0.0,0.0,0.0,1.9829942291649416,0.0,0.0,0.0,0.0,0.0,0.0,camera_pose_sim3,1.582936223596113,0.9015219975290114,10000,10000,True,False,True,/content/cv3d-project/data/cache/reconstruction/predictions/03001627/108b9cb292fd811cf51f77a6d7299806/779b27624ba54b36388c268f.npz,9965ffe603e0ef0e98d049889a774e7e0b77181684f75ea290480170ffe8daea,/content/cv3d-project/data/cache/reconstruction/metrics/03001627/108b9cb292fd811cf51f77a6d7299806/aaa60df09b831796064827cc.json,11.657706000278267
03001627/108b9cb292fd811cf51f77a6d7299806,oracle,10,"[0, 26, 38, 31, 33, 20, 42, 39, 15, 8]",0.17804835394491633,0.2540163705128862,0.3299843870808561,0.034306047819971874,0.0,0.0,1.9829942291649416,0.0289,0.0,0.0,0.0422,0.0,0.0,camera_pose_sim3,1.4185230508136448,1.042378709760842,10000,10000,True,False,True,/content/cv3d-project/data/cache/reconstruction/predictions/03001627/108b9cb292fd811cf51f77a6d7299806/119f81994eb0a0b99cbcf7f5.npz,6102bb21c9f5bcfeae1c0581cee52c0d4112981a4316eeb6e0b10e65ff7b576d,/content/cv3d-project/data/cache/reconstruction/metrics/03001627/108b9cb292fd811cf51f77a6d7299806/8f5ecec88bf577341f184be2.json,12.300926000079926
03001627/1093d35c2ac73bb74ca84d60642ec7e8,oracle,1,[0],2.645482013783495,2.8119007249775283,2.9783194361715615,0.0,0.0,0.0,1.9943262585162966,0.0,0.0,0.0,0.0,0.0,0.0,camera_rotation_center_and_target_diameter_scale_single_view,8.68958529492394,0.0,10000,10000,True,True,True,/content/cv3d-project/data/cache/reconstruction/predictions/03001627/1093d35c2ac73bb74ca84d60642ec7e8/d8c4b43b71721ba4d0bbe9a8.npz,91f3e6ce7c9b8278dcfc85901d722e4a4a6f460485011ec1ae891374f6f0950c,/content/cv3d-project/data/cache/reconstruction/metrics/03001627/1093d35c2ac73bb74ca84d60642ec7e8/7dd61b6d1dc790ed037cf9c2.json,3.8398710003093584
03001627/1093d35c2ac73bb74ca84d60642ec7e8,oracle,2,"[0, 44]",0.45367584275698136,0.5065089278026094,0.5593420128482374,0.0,0.0,0.0,1.9943262585162966,0.0,0.0,0.0,0.0,0.0,0.0,camera_pose_sim3,2.967855613390465,0.2167055778363194,10000,10000,True,False,True,/content/cv3d-project/data/cache/reconstruction/predictions/03001627/1093d35c2ac73bb74ca84d60642ec7e8/8eea42b1e785598adf7ab112.npz,8ebfe7bb3d93a0962e3f70669982df543a66c722be80eac90771e2254bbb68ed,/content/cv3d-project/data/cache/reconstruction/metrics/03001627/1093d35c2ac73bb74ca84d60642ec7e8/f0959cb37ff4dee44162e106.json,11.745317000077193
03001627/1093d35c2ac73bb74ca84d60642ec7e8,oracle,3,"[0, 44, 33]",0.8537685834867845,0.9198885802474042,0.9860085770080237,0.0,0.0,0.0,1.9943262585162966,0.0,0.0,0.0,0.0,0.0,0.0,camera_pose_sim3,2.763788921299418,0.7758439730152082,10000,10000,True,False,True,/content/cv3d-project/data/cache/reconstruction/predictions/03001627/1093d35c2ac73bb74ca84d60642ec7e8/ef0b6b35d353adae54d69981.npz,e75c602ed5f24d4a75d27521bedd28c4b16e0db1eac73dac95e8b7b92daa3ceb,/content/cv3d-project/data/cache/reconstruction/metrics/03001627/1093d35c2ac73bb74ca84d60642ec7e8/828691b0365c5e5e3ea8a4cd.json,11.735100999885617
03001627/1093d35c2ac73bb74ca84d60642ec7e8,oracle,5,"[0, 44, 33, 27, 23]",0.10146446856250722,0.16910422104178383,0.2367439735210604,0.27769543690619564,0.006321787709497207,0.01320524017467249,1.9943262585162966,0.563,0.0138,0.0378,0.1843,0.0041,0.008,camera_pose_sim3,2.3707792281177618,0.4381169308296849,10000,10000,True,False,True,/content/cv3d-project/data/cache/reconstruction/predictions/03001627/1093d35c2ac73bb74ca84d60642ec7e8/db44f0b74ac8156bfafb01eb.npz,8cbaf2f2e40ff791a8ba3cc83701d60c61df10d38812bdff07bc12e8c04b9101,/content/cv3d-project/data/cache/reconstruction/metrics/03001627/1093d35c2ac73bb74ca84d60642ec7e8/9206c656c4734e4611fbdca7.json,11.875891000272532
03001627/1093d35c2ac73bb74ca84d60642ec7e8,oracle,10,"[0, 44, 33, 27, 23, 25, 29, 8, 43, 32]",0.04325108387426597,0.07566999631082225,0.10808890874737852,0.5902661241711875,0.09390275459098499,0.19218189368770763,1.9943262585162966,0.8842,0.1755,0.349,0.443,0.0641,0.1326,camera_pose_sim3,2.5597371786051095,0.23155239770966668,10000,10000,True,False,True,/content/cv3d-project/data/cache/reconstruction/predictions/03001627/1093d35c2ac73bb74ca84d60642ec7e8/b9c365455eee6ad5770518d7.npz,3f1335267313d01f696d2cd95023ce530ee902956e95eaf56b647e692cffae1c,/content/cv3d-project/data/cache/reconstruction/metrics/03001627/1093d35c2ac73bb74ca84d60642ec7e8/409a025554c81797b6501040.json,12.420642000051885
03001627/10991b3b01cc6cc99982a4d6320875e,oracle,1,[0],3.121097790880662,3.2526062208155686,3.3841146507504756,0.0,0.0,0.0,1.9950276733635652,0.0,0.0,0.0,0.0,0.0,0.0,camera_rotation_center_and_target_diameter_scale_single_view,9.464399412167975,0.0,10000,10000,True,True,True,/content/cv3d-project/data/cache/reconstruction/predictions/03001627/10991b3b01cc6cc99982a4d6320875e/68ff14e915ff20c812ea0ed3.npz,0d4887a2d4929132f76caf4f8538213e79e22cff622d69fbccaa15b445778598,/content/cv3d-project/data/cache/reconstruction/metrics/03001627/10991b3b01cc6cc99982a4d6320875e/8094ee5d92879d07a2069861.json,3.7991849999343685
03001627/10991b3b01cc6cc99982a4d6320875e,oracle,2,"[0, 44]",0.13178498268739725,0.2379677428894735,0.34415050309154976,0.1193047508690614,0.0,0.0,1.9950276733635652,0.36,0.0,0.0,0.0715,0.0,0.0,camera_pose_sim3,2.4661311611773162,0.12572610342459717,10000,10000,True,False,True,/content/cv3d-project/data/cache/reconstruction/predictions/03001627/10991b3b01cc6cc99982a4d6320875e/b2bb44e3a2338b320779935e.npz,997268974916f3357c0a2fa894a5c4e99e5633da908511ba5a6a50d55e8be48e,/content/cv3d-project/data/cache/reconstruction/metrics/03001627/10991b3b01cc6cc99982a4d6320875e/f9d7d336b84c6ef75107bff1.json,11.639983000350185
03001627/10991b3b01cc6cc99982a4d6320875e,oracle,3,"[0, 44, 25]",0.29989178514249987,0.40475929523009435,0.5096268053176888,0.0,0.0,0.0,1.9950276733635652,0.0,0.0,0.0,0.0,0.0,0.0,camera_pose_sim3,1.0667001030209673,1.2688763169859065,10000,10000,True,False,True,/content/cv3d-project/data/cache/reconstruction/predictions/03001627/10991b3b01cc6cc99982a4d6320875e/d5eceee300351b0a33b3ccb5.npz,478b54df155ce688533600e30a2a2a25b8a20a4af350452d2c3e6b66057fb493,/content/cv3d-project/data/cache/reconstruction/metrics/03001627/10991b3b01cc6cc99982a4d6320875e/8ca0a8f76ee680c48ca2ece8.json,11.39919999968697
03001627/10991b3b01cc6cc99982a4d6320875e,oracle,5,"[0, 44, 25, 22, 11]",0.3411147715917597,0.41998606899414337,0.498857366396527,0.0,0.0,0.0,1.9950276733635652,0.0,0.0,0.0,0.0,0.0,0.0,camera_pose_sim3,2.254093496616143,0.691945089027836,10000,10000,True,False,True,/content/cv3d-project/data/cache/reconstruction/predictions/03001627/10991b3b01cc6cc99982a4d6320875e/cb9b6a379bde3aced1b37ab5.npz,942d2b774eb4bb31b077a91ccab00de4eae0ae6c3c4d048f00e26cfe2da0f6aa,/content/cv3d-project/data/cache/reconstruction/metrics/03001627/10991b3b01cc6cc99982a4d6320875e/c654e008ed95bb1e7515cdd8.json,11.771714000133215
03001627/10991b3b01cc6cc99982a4d6320875e,oracle,10,"[0, 44, 25, 22, 11, 35, 9, 30, 41, 26]",0.23518641811205632,0.4005453501131471,0.5659042821142379,0.0,0.0,0.0,1.9950276733635652,0.0,0.0,0.0,0.0,0.0,0.0,camera_pose_sim3,1.0459231225792478,1.240876374330032,10000,10000,True,False,True,/content/cv3d-project/data/cache/reconstruction/predictions/03001627/10991b3b01cc6cc99982a4d6320875e/7cee33ac8ea345b437662bff.npz,80cab46eed164853aacd402556b9915121e522d25c8fd602dadd36c114f51199,/content/cv3d-project/data/cache/reconstruction/metrics/03001627/10991b3b01cc6cc99982a4d6320875e/ad945d4c309e1576e11d8f7c.json,12.036450000323384
03001627/10a1783f635b3fc181dff5c2e57ad46e,oracle,1,[0],1.1530100411300468,1.3052775191266468,1.457544997123247,0.0,0.0,0.0,1.9999918828581313,0.0,0.0,0.0,0.0,0.0,0.0,camera_rotation_center_and_target_diameter_scale_single_view,5.664220267092219,0.0,10000,10000,True,True,True,/content/cv3d-project/data/cache/reconstruction/predictions/03001627/10a1783f635b3fc181dff5c2e57ad46e/461b06aea8a149e5b28e7bf6.npz,00dc112e868efbd5e0bbd383b46856635eb97573f8a839993f501c7afa1b65a8,/content/cv3d-project/data/cache/reconstruction/metrics/03001627/10a1783f635b3fc181dff5c2e57ad46e/2bf32eb5905b1b8c56a90292.json,3.8118779998512764
03001627/10a1783f635b3fc181dff5c2e57ad46e,oracle,2,"[0, 44]",1.0569515210054468,1.1522193823081563,1.2474872436108657,0.0,0.0,0.0,1.9999918828581313,0.0,0.0,0.0,0.0,0.0,0.0,camera_pose_sim3,1.6216633066204504,1.01988579345152,10000,10000,True,False,True,/content/cv3d-project/data/cache/reconstruction/predictions/03001627/10a1783f635b3fc181dff5c2e57ad46e/35f0fc8ddb609c9955c52b93.npz,c582bb3c979941bbdc7e9ba9776f84e3317172b507b1c05cf783a0431b47fee0,/content/cv3d-project/data/cache/reconstruction/metrics/03001627/10a1783f635b3fc181dff5c2e57ad46e/f6332296e7a15f984cb0f439.json,11.764746000153536
03001627/10a1783f635b3fc181dff5c2e57ad46e,oracle,3,"[0, 44, 33]",0.9195238716470727,1.0596788022006538,1.1998337327542348,0.0,0.0,0.0,1.9999918828581313,0.0,0.0,0.0,0.0,0.0,0.0,camera_pose_sim3,1.501336446369739,1.0846523984471519,10000,10000,True,False,True,/content/cv3d-project/data/cache/reconstruction/predictions/03001627/10a1783f635b3fc181dff5c2e57ad46e/366540145291cc53ae827337.npz,dc4c972c869a13218197d5bca32be8dcc5e0d253a7ba92857bfb55d5e4cf58cf,/content/cv3d-project/data/cache/reconstruction/metrics/03001627/10a1783f635b3fc181dff5c2e57ad46e/a61440dec39fb255dd7757ca.json,11.358314000062819
03001627/10a1783f635b3fc181dff5c2e57ad46e,oracle,5,"[0, 44, 33, 23, 28]",0.13737236582597268,0.24359681230053382,0.34982125877509496,0.0345317943336831,0.0,0.0,1.9999918828581313,0.1714,0.0,0.0,0.0192,0.0,0.0,camera_pose_sim3,1.6113568861821632,1.0050084910986854,10000,10000,True,False,True,/content/cv3d-project/data/cache/reconstruction/predictions/03001627/10a1783f635b3fc181dff5c2e57ad46e/a8331c566663b75ab9b383c4.npz,4efe5d0124b3238973d7748c441109f94848299ea9fd0a72bdd486226d6e4f50,/content/cv3d-project/data/cache/reconstruction/metrics/03001627/10a1783f635b3fc181dff5c2e57ad46e/eb1944be202f10e2c75acc7e.json,11.37463499981095
03001627/10a1783f635b3fc181dff5c2e57ad46e,oracle,10,"[0, 44, 33, 23, 28, 7, 43, 12, 2, 1]",0.04725619585789817,0.11347043932228247,0.17968468278666677,0.40607648651008466,0.0317592,0.08305034876347495,1.9999918828581313,0.8815,0.0802,0.2662,0.2638,0.0198,0.0492,camera_pose_sim3,2.1789960387574294,0.6261901091266623,10000,10000,True,False,True,/content/cv3d-project/data/cache/reconstruction/predictions/03001627/10a1783f635b3fc181dff5c2e57ad46e/d33e93af9d83d92eaa8744b1.npz,a9d4c5a8d0acead5e9201086708e0c3b74f452eb4c34838e5c235d92c1b9e55e,/content/cv3d-project/data/cache/reconstruction/metrics/03001627/10a1783f635b3fc181dff5c2e57ad46e/045a848ac55e1ca5337e99e1.json,11.963924000156112
03001627/10c08a28cae054e53a762233fffc49ea,oracle,1,[0],1.379804673192558,1.536363616705876,1.6929225602191942,0.0,0.0,0.0,1.9987442340057244,0.0,0.0,0.0,0.0,0.0,0.0,camera_rotation_center_and_target_diameter_scale_single_view,6.0832884729243055,0.0,10000,10000,True,True,True,/content/cv3d-project/data/cache/reconstruction/predictions/03001627/10c08a28cae054e53a762233fffc49ea/a5d26c4eec671b123f7bac43.npz,21e5a6fab71113c68cd1c83d9ea69cbdca4ef6af23c3ead8f7d51506ce908c3e,/content/cv3d-project/data/cache/reconstruction/metrics/03001627/10c08a28cae054e53a762233fffc49ea/047f7fa237ee0a2715ef9e31.json,3.781159000027401
03001627/10c08a28cae054e53a762233fffc49ea,oracle,2,"[0, 44]",1.313319723543347,1.4011085306129514,1.4888973376825558,0.0,0.0,0.0,1.9987442340057244,0.0,0.0,0.0,0.0,0.0,0.0,camera_pose_sim3,3.989647683634426,0.3898484920815819,10000,10000,True,False,True,/content/cv3d-project/data/cache/reconstruction/predictions/03001627/10c08a28cae054e53a762233fffc49ea/98466fc46b715c48e3cb2804.npz,7f711161156f181fc22d6f7c27cdf615f2420b801bb5e36e45c751f47bde0bc3,/content/cv3d-project/data/cache/reconstruction/metrics/03001627/10c08a28cae054e53a762233fffc49ea/d4f23d57b39af8583737f543.json,11.670186000173999
03001627/10c08a28cae054e53a762233fffc49ea,oracle,3,"[0, 44, 33]",0.6970960676472756,0.8515210767140191,1.0059460857807625,0.0,0.0,0.0,1.9987442340057244,0.0,0.0,0.0,0.0,0.0,0.0,camera_pose_sim3,2.2474531059211724,0.7960868041846862,10000,10000,True,False,True,/content/cv3d-project/data/cache/reconstruction/predictions/03001627/10c08a28cae054e53a762233fffc49ea/c43fbd03621c6f0957789cd5.npz,0eac5bae58afe6bf5d36c1eb95252ddd76331098199e0cc0f343dc955570b22c,/content/cv3d-project/data/cache/reconstruction/metrics/03001627/10c08a28cae054e53a762233fffc49ea/685f7a1511dc03dca3b6113a.json,11.8840180002735
03001627/10c08a28cae054e53a762233fffc49ea,oracle,5,"[0, 44, 33, 22, 23]",0.3619100992411867,0.5331133982617081,0.7043166972822296,0.0,0.0,0.0,1.9987442340057244,0.0,0.0,0.0,0.0,0.0,0.0,camera_pose_sim3,1.1932222008721909,1.0553450714295245,10000,10000,True,False,True,/content/cv3d-project/data/cache/reconstruction/predictions/03001627/10c08a28cae054e53a762233fffc49ea/08ccac42f8f456cc2e4e6bee.npz,4dd3681544571814479d46c4274138b24c678d925a007fa116e47c9f14f275f1,/content/cv3d-project/data/cache/reconstruction/metrics/03001627/10c08a28cae054e53a762233fffc49ea/ce625d3f8c01232bc8cd8d61.json,11.75755999975081
03001627/10c08a28cae054e53a762233fffc49ea,oracle,10,"[0, 44, 33, 22, 23, 27, 16, 21, 24, 18]",0.07027961072098676,0.118171134139991,0.16606265755899524,0.3850966469428008,0.013358181818181814,0.03774193548387096,1.9987442340057244,0.6973,0.0237,0.117,0.266,0.0093,0.0225,camera_pose_sim3,2.1155777436920475,0.8068728958570222,10000,10000,True,False,True,/content/cv3d-project/data/cache/reconstruction/predictions/03001627/10c08a28cae054e53a762233fffc49ea/65c4cee7df46c8e9b2157694.npz,7c89f7acdd1616e6cf56dd9608251abf62f9725fb62d41efa0db92a21e53f08c,/content/cv3d-project/data/cache/reconstruction/metrics/03001627/10c08a28cae054e53a762233fffc49ea/700acf388fff6904ddf664e4.json,12.376987999687117
03001627/10d174a00639990492d9da2668ec34c,oracle,1,[0],1.8237092672143407,1.905314502038522,1.9869197368627034,0.0,0.0,0.0,1.9881942877683374,0.0,0.0,0.0,0.0,0.0,0.0,camera_rotation_center_and_target_diameter_scale_single_view,6.669148620055134,0.0,10000,10000,True,True,True,/content/cv3d-project/data/cache/reconstruction/predictions/03001627/10d174a00639990492d9da2668ec34c/e9e63f7ce154fb21362e4102.npz,7fba8e8dc180dfc931fed39604e38edb04de7d4021407f9311c6fb158b82232a,/content/cv3d-project/data/cache/reconstruction/metrics/03001627/10d174a00639990492d9da2668ec34c/9e6be248b6d7799f6cd2c89d.json,3.921898000044166
03001627/10d174a00639990492d9da2668ec34c,oracle,2,"[0, 39]",0.1332280210354934,0.1895122863955703,0.2457965517556472,0.10876991714467815,0.0,0.0016764705882352942,1.9881942877683374,0.2438,0.0,0.0019,0.07,0.0,0.0015,camera_pose_sim3,2.7946880772977645,0.05667281812219604,10000,10000,True,False,True,/content/cv3d-project/data/cache/reconstruction/predictions/03001627/10d174a00639990492d9da2668ec34c/9f7f4419aba1a9328120e7cf.npz,84424cb7c150b5473f82f9cdb70ae58d09ea041cb0fa8d3f80205a4a9e69837b,/content/cv3d-project/data/cache/reconstruction/metrics/03001627/10d174a00639990492d9da2668ec34c/69295abf268980de48021a5d.json,11.548027000117145
03001627/10d174a00639990492d9da2668ec34c,oracle,3,"[0, 39, 35]",0.13089804593289883,0.18123648956132946,0.23157493318976008,0.02885865051903114,0.0,0.0,1.9881942877683374,0.0987,0.0,0.0,0.0169,0.0,0.0,camera_pose_sim3,2.5798271316542554,0.14714318970845944,10000,10000,True,False,True,/content/cv3d-project/data/cache/reconstruction/predictions/03001627/10d174a00639990492d9da2668ec34c/1651853a9e88ebcd3fae5054.npz,e87de18b8c9a6b110456147e230d135be65b34b7151eb7b2338a69f175d67e35,/content/cv3d-project/data/cache/reconstruction/metrics/03001627/10d174a00639990492d9da2668ec34c/1382a8729023253874b92a1e.json,12.533161000192194
03001627/10d174a00639990492d9da2668ec34c,oracle,5,"[0, 39, 35, 17, 28]",0.09662523175016083,0.12064938724849177,0.1446735427468227,0.2926154527995272,0.0025904761904761904,0.009565040650406503,1.9881942877683374,0.463,0.0068,0.0181,0.2139,0.0016,0.0065,camera_pose_sim3,2.4396334793543892,0.2989537804287921,10000,10000,True,False,True,/content/cv3d-project/data/cache/reconstruction/predictions/03001627/10d174a00639990492d9da2668ec34c/3b579e27cad1a05950c87211.npz,a8a6ed61a3a6f95e3fd9f46b792e35b7052bec16aab73449350829df65e81d72,/content/cv3d-project/data/cache/reconstruction/metrics/03001627/10d174a00639990492d9da2668ec34c/06689b19f308f44594c83d03.json,11.790838999786502
03001627/10d174a00639990492d9da2668ec34c,oracle,10,"[0, 39, 35, 17, 28, 8, 41, 3, 19, 6]",0.05316757758697624,0.10463065477431438,0.15609373196165252,0.4021944508465562,0.03716663770634231,0.07481888,1.9881942877683374,0.8662,0.0918,0.2042,0.2619,0.0233,0.0458,camera_pose_sim3,2.330372597707164,0.6287094712714763,10000,10000,True,False,True,/content/cv3d-project/data/cache/reconstruction/predictions/03001627/10d174a00639990492d9da2668ec34c/3e17afa502aed70fd70f4422.npz,f4de2cf1f6fc74caef63a425e01b412630057cfc2224cc4474265fc1a0dae170,/content/cv3d-project/data/cache/reconstruction/metrics/03001627/10d174a00639990492d9da2668ec34c/d3a1aa6dc0480f37b24a3ec7.json,11.850072000015643
03001627/10d5c2f88b60bbf5febad4f49b26ec52,oracle,1,[0],1.2461214283240474,1.4157910118013262,1.5854605952786052,0.0,0.0,0.0,1.997173277382665,0.0,0.0,0.0,0.0,0.0,0.0,camera_rotation_center_and_target_diameter_scale_single_view,5.860365357129392,0.0,10000,10000,True,True,True,/content/cv3d-project/data/cache/reconstruction/predictions/03001627/10d5c2f88b60bbf5febad4f49b26ec52/a3eac02d8096d9d8119d8452.npz,25ee0c72c99380f131588d6585324ea12d6f0ff49924ff2668ab498b702ecbe2,/content/cv3d-project/data/cache/reconstruction/metrics/03001627/10d5c2f88b60bbf5febad4f49b26ec52/485d50e8f42dc6396f89b8a9.json,3.751768000256561
03001627/10d5c2f88b60bbf5febad4f49b26ec52,oracle,2,"[0, 39]",1.7760781551083684,1.8967199045792462,2.017361654050124,0.0,0.0,0.0,1.997173277382665,0.0,0.0,0.0,0.0,0.0,0.0,camera_pose_sim3,4.026470873744112,0.893871911018655,10000,10000,True,False,True,/content/cv3d-project/data/cache/reconstruction/predictions/03001627/10d5c2f88b60bbf5febad4f49b26ec52/e8543fcb3840c4752ba14a38.npz,0816b5c083c586cdc05914c3eca9d44008e442deee86e07ca21414a7bc5b9a28,/content/cv3d-project/data/cache/reconstruction/metrics/03001627/10d5c2f88b60bbf5febad4f49b26ec52/9d169182dbe384408d4b7149.json,11.461846000202058
03001627/10d5c2f88b60bbf5febad4f49b26ec52,oracle,3,"[0, 39, 19]",0.17299244064736094,0.32164431608983485,0.4702961915323087,0.0,0.0,0.0,1.997173277382665,0.0,0.0,0.0,0.0,0.0,0.0,camera_pose_sim3,0.9429224184596247,1.3016274263755048,10000,10000,True,False,True,/content/cv3d-project/data/cache/reconstruction/predictions/03001627/10d5c2f88b60bbf5febad4f49b26ec52/25a7b03ff1970493f5f5f051.npz,21c13ed4d689e865732e0059e7a17f5bcf2c9a963a9a0ef5f033e0617b2579bf,/content/cv3d-project/data/cache/reconstruction/metrics/03001627/10d5c2f88b60bbf5febad4f49b26ec52/2c3e3d662741030aff4035c8.json,11.330478999752813
03001627/10d5c2f88b60bbf5febad4f49b26ec52,oracle,5,"[0, 39, 19, 21, 36]",0.6055561369290726,0.694665586741954,0.7837750365548354,0.0,0.0,0.0,1.997173277382665,0.0,0.0,0.0,0.0,0.0,0.0,camera_pose_sim3,1.3478145977687546,1.016740989511716,10000,10000,True,False,True,/content/cv3d-project/data/cache/reconstruction/predictions/03001627/10d5c2f88b60bbf5febad4f49b26ec52/910812202b621c969db5022c.npz,c6c90e7cd79ec906f543fc28642205a4c705a12e3593690ba0a27aaf82027ddd,/content/cv3d-project/data/cache/reconstruction/metrics/03001627/10d5c2f88b60bbf5febad4f49b26ec52/fdce31a7ee191aa9a93fb0be.json,11.60881200030417
03001627/10d5c2f88b60bbf5febad4f49b26ec52,oracle,10,"[0, 39, 19, 21, 36, 2, 14, 43, 28, 22]",0.7904101859407766,0.900788470362778,1.0111667547847794,0.0,0.0,0.0,1.997173277382665,0.0,0.0,0.0,0.0,0.0,0.0,camera_pose_sim3,1.3563551872193056,0.9710291960964895,10000,10000,True,False,True,/content/cv3d-project/data/cache/reconstruction/predictions/03001627/10d5c2f88b60bbf5febad4f49b26ec52/ade6331cfba4bc131f10c68b.npz,55934110bb3722fcbcbff4333aebe1f25fe1b2b4cc3297e74d369b9c448fdb3c,/content/cv3d-project/data/cache/reconstruction/metrics/03001627/10d5c2f88b60bbf5febad4f49b26ec52/2e6e49b07fa2588f0d599e00.json,11.946265999995376
03001627/10dc303144fe5d668d1b9a1d97e2846,oracle,1,[0],1.1373704853806548,1.2461117195550373,1.3548529537294196,0.0,0.0,0.0,1.9976220090239247,0.0,0.0,0.0,0.0,0.0,0.0,camera_rotation_center_and_target_diameter_scale_single_view,5.484264237496039,0.0,10000,10000,True,True,True,/content/cv3d-project/data/cache/reconstruction/predictions/03001627/10dc303144fe5d668d1b9a1d97e2846/14ffc80e47166f9a737a2b11.npz,f96bc5d6da9262f12f9cf789b90d43868611f4d606a2b5fe4aaf9fa1a67c2ef4,/content/cv3d-project/data/cache/reconstruction/metrics/03001627/10dc303144fe5d668d1b9a1d97e2846/bcfe9d424c73b658a96a4d30.json,3.731947000233049
03001627/10dc303144fe5d668d1b9a1d97e2846,oracle,2,"[0, 42]",0.5658352554431665,0.7008207736437762,0.8358062918443857,0.0,0.0,0.0,1.9976220090239247,0.0,0.0,0.0,0.0,0.0,0.0,camera_pose_sim3,1.7685672149872274,1.134630071205182,10000,10000,True,False,True,/content/cv3d-project/data/cache/reconstruction/predictions/03001627/10dc303144fe5d668d1b9a1d97e2846/95d828f72329128a3264e1b1.npz,8ad8f3137ab6635660f0d882aa61c51a3aa9d510eba38f0e4efcedb556e6be91,/content/cv3d-project/data/cache/reconstruction/metrics/03001627/10dc303144fe5d668d1b9a1d97e2846/a8e974bab21797331b7dd4e5.json,11.88681199982966
03001627/10dc303144fe5d668d1b9a1d97e2846,oracle,3,"[0, 42, 31]",0.34443302522547614,0.4450665684399311,0.545700111654386,0.0,0.0,0.0,1.9976220090239247,0.0,0.0,0.0,0.0,0.0,0.0,camera_pose_sim3,2.607889231833325,0.3092902095143418,10000,10000,True,False,True,/content/cv3d-project/data/cache/reconstruction/predictions/03001627/10dc303144fe5d668d1b9a1d97e2846/a1821400827bd3e031852eab.npz,f2b8a88ac11b135d07c159c0fd318b066e9f61db0253ed3ce65a3424b09b6649,/content/cv3d-project/data/cache/reconstruction/metrics/03001627/10dc303144fe5d668d1b9a1d97e2846/b6612f9ca9c384e167a993ef.json,13.116326999806915
03001627/10dc303144fe5d668d1b9a1d97e2846,oracle,5,"[0, 42, 31, 25, 20]",0.06727386900393172,0.11650829681639888,0.16574272462886602,0.4165489809213588,0.034246536796536796,0.08698331028123558,1.9976220090239247,0.7919,0.0697,0.1567,0.2826,0.0227,0.0602,camera_pose_sim3,2.4434071674323494,0.34699649383917935,10000,10000,True,False,True,/content/cv3d-project/data/cache/reconstruction/predictions/03001627/10dc303144fe5d668d1b9a1d97e2846/5ef01d7e9699f8eec40e1442.npz,5d9138d3aec18abd9bc6fc54e320817159e63cdc4143c9434aa82c869e15ef99,/content/cv3d-project/data/cache/reconstruction/metrics/03001627/10dc303144fe5d668d1b9a1d97e2846/53a650fd66337d8d37b3ceac.json,12.340733999735676
03001627/10dc303144fe5d668d1b9a1d97e2846,oracle,10,"[0, 42, 31, 25, 20, 24, 18, 44, 9, 39]",0.08939074245578298,0.12924830986236577,0.16910587726894855,0.3772277487547079,0.03477973333333333,0.08846824034334763,1.9976220090239247,0.5304,0.0476,0.1142,0.2927,0.0274,0.0722,camera_pose_sim3,2.40518161707748,0.24810651361370703,10000,10000,True,False,True,/content/cv3d-project/data/cache/reconstruction/predictions/03001627/10dc303144fe5d668d1b9a1d97e2846/35c3112c472ad9102b825090.npz,60206f98126c105cd12dcfc38170c3c361cd2f32725143d41696846c2f788c88,/content/cv3d-project/data/cache/reconstruction/metrics/03001627/10dc303144fe5d668d1b9a1d97e2846/72b1914450fec5e9e3d58ccf.json,12.48810200013395
03001627/10de9af4e91682851e5f7bff98fb8d02,oracle,1,[0],1.3323570704019314,1.4781794979065426,1.6240019254111535,0.0,0.0,0.0,1.9994021127536656,0.0,0.0,0.0,0.0,0.0,0.0,camera_rotation_center_and_target_diameter_scale_single_view,6.032569256729033,0.0,10000,10000,True,True,True,/content/cv3d-project/data/cache/reconstruction/predictions/03001627/10de9af4e91682851e5f7bff98fb8d02/b9b8307fd7d7c70f75573cdb.npz,19e72b4e71fc2640fb9fe83e588277216d204960928379631a27b28783fffe64,/content/cv3d-project/data/cache/reconstruction/metrics/03001627/10de9af4e91682851e5f7bff98fb8d02/35eecfabc5facd109f480c8d.json,3.8254169999163423
03001627/10de9af4e91682851e5f7bff98fb8d02,oracle,2,"[0, 39]",2.508932078043298,2.6211005435624655,2.7332690090816323,0.0,0.0,0.0,1.9994021127536656,0.0,0.0,0.0,0.0,0.0,0.0,camera_pose_sim3_positive_scale_fallback,3.5422125587762525,1.1399456182048493e-15,10000,10000,True,False,True,/content/cv3d-project/data/cache/reconstruction/predictions/03001627/10de9af4e91682851e5f7bff98fb8d02/89694f199bbd0b899842d9ad.npz,b3c7c5d246b5a23ccbbfd9feac64b561ff908810f39fe15122b2a478794bc653,/content/cv3d-project/data/cache/reconstruction/metrics/03001627/10de9af4e91682851e5f7bff98fb8d02/761497105c73044791d3793a.json,11.590760999752092
03001627/10de9af4e91682851e5f7bff98fb8d02,oracle,3,"[0, 39, 35]",0.23993445201307168,0.39656623183673123,0.5531980116603907,0.0,0.0,0.0,1.9994021127536656,0.0,0.0,0.0,0.0,0.0,0.0,camera_pose_sim3,1.2347066298060778,1.2892172429028594,10000,10000,True,False,True,/content/cv3d-project/data/cache/reconstruction/predictions/03001627/10de9af4e91682851e5f7bff98fb8d02/45f844fef0c34dce9a7c68a6.npz,54b16d8246c1295c98158fb64c43e6c59f3fbc757a8b2bbb1e50414a02d49a87,/content/cv3d-project/data/cache/reconstruction/metrics/03001627/10de9af4e91682851e5f7bff98fb8d02/433cfb0ed904cd0300ba7264.json,11.860758000239002
03001627/10de9af4e91682851e5f7bff98fb8d02,oracle,5,"[0, 39, 35, 37, 2]",0.43147248179279873,0.5312900933330612,0.6311077048733237,0.0,0.0,0.0,1.9994021127536656,0.0,0.0,0.0,0.0,0.0,0.0,camera_pose_sim3,0.6139824618076457,1.3447255854362448,10000,10000,True,False,True,/content/cv3d-project/data/cache/reconstruction/predictions/03001627/10de9af4e91682851e5f7bff98fb8d02/4311397eecc3077488cfa00d.npz,bfe0e5a99930c23b5e3326ac02ee691dc71405a9fd3bff5530e81df7c05ec38a,/content/cv3d-project/data/cache/reconstruction/metrics/03001627/10de9af4e91682851e5f7bff98fb8d02/4c3df4f424670b7b4e005b25.json,12.236752999797318
03001627/10de9af4e91682851e5f7bff98fb8d02,oracle,10,"[0, 39, 35, 37, 2, 34, 15, 25, 36, 31]",0.8529017376287614,0.9245792134509653,0.9962566892731691,0.0,0.0,0.0,1.9994021127536656,0.0,0.0,0.0,0.0,0.0,0.0,camera_pose_sim3,1.7859963365267741,1.0208781102755988,10000,10000,True,False,True,/content/cv3d-project/data/cache/reconstruction/predictions/03001627/10de9af4e91682851e5f7bff98fb8d02/d3f2c9f300dc655f8a05b65c.npz,3bf80adb51790a853836910bcd7e2c4592ef663cb44051609b246db7805889b1,/content/cv3d-project/data/cache/reconstruction/metrics/03001627/10de9af4e91682851e5f7bff98fb8d02/d87d3e80262bae6ae1418f15.json,12.898887999654107
03001627/10e523060bb5b51f9ee9f382b1dfb770,oracle,1,[0],1.4856648717767362,1.5984926556808592,1.7113204395849824,0.0,0.0,0.0,1.9974451315508652,0.0,0.0,0.0,0.0,0.0,0.0,camera_rotation_center_and_target_diameter_scale_single_view,6.139313470339032,0.0,10000,10000,True,True,True,/content/cv3d-project/data/cache/reconstruction/predictions/03001627/10e523060bb5b51f9ee9f382b1dfb770/57c0c1bb27e2ff127ba7d9f7.npz,cb6e76209e3224cd8537415906bd8820f456a7cde04735b595d478dc1ede01f5,/content/cv3d-project/data/cache/reconstruction/metrics/03001627/10e523060bb5b51f9ee9f382b1dfb770/00d69061073809ca43273863.json,3.8031530002626823
03001627/10e523060bb5b51f9ee9f382b1dfb770,oracle,2,"[0, 39]",0.06702107230074307,0.10705634036632836,0.14709160843191366,0.4627073964231149,0.013688888888888888,0.06034987593052109,1.9974451315508652,0.7846,0.0308,0.121,0.3281,0.0088,0.0402,camera_pose_sim3,2.3406718182863,0.08071472060966117,10000,10000,True,False,True,/content/cv3d-project/data/cache/reconstruction/predictions/03001627/10e523060bb5b51f9ee9f382b1dfb770/d300e3829ec877fd1a5da211.npz,ae42fd10686b73d28877b72ac5413ed3f13218972c3d5cfa965c3a852e504bcb,/content/cv3d-project/data/cache/reconstruction/metrics/03001627/10e523060bb5b51f9ee9f382b1dfb770/1c9743147e86d9d887fd867b.json,11.566484000013588
03001627/10e523060bb5b51f9ee9f382b1dfb770,oracle,3,"[0, 39, 26]",0.0861432301169725,0.1295795848930018,0.1730159396690311,0.3130794875113239,0.013829052631578947,0.04042024432809773,1.9974451315508652,0.5546,0.0391,0.0884,0.2181,0.0084,0.0262,camera_pose_sim3,2.2957862447612016,0.2756383025097203,10000,10000,True,False,True,/content/cv3d-project/data/cache/reconstruction/predictions/03001627/10e523060bb5b51f9ee9f382b1dfb770/891fe09dad2e6c6d51618d5a.npz,97a2368beaf1c1ae72fd414ab863325230244238c9b6c38bd3802de354b72ce2,/content/cv3d-project/data/cache/reconstruction/metrics/03001627/10e523060bb5b51f9ee9f382b1dfb770/c032152d4f688f5d8ae5cb2c.json,12.486423999689578
03001627/10e523060bb5b51f9ee9f382b1dfb770,oracle,5,"[0, 39, 26, 8, 37]",0.033343086512394544,0.0597366680186379,0.08613024952488126,0.6830766154058341,0.19199923968139032,0.3417778804960541,1.9974451315508652,0.8995,0.4287,0.6559,0.5506,0.1237,0.2311,camera_pose_sim3,2.4911861822961625,0.06584027342753924,10000,10000,True,False,True,/content/cv3d-project/data/cache/reconstruction/predictions/03001627/10e523060bb5b51f9ee9f382b1dfb770/df49e8cc006009533ec3036b.npz,2134fcdd3aed0296eb4bb43ab9823291634263fd295091a177609bb9cfc4efb8,/content/cv3d-project/data/cache/reconstruction/metrics/03001627/10e523060bb5b51f9ee9f382b1dfb770/4ae876e724f44a16c51178c4.json,11.701408000135416
03001627/10e523060bb5b51f9ee9f382b1dfb770,oracle,10,"[0, 39, 26, 8, 37, 33, 21, 10, 14, 29]",0.028333157988759305,0.05174675829872204,0.07516035860868477,0.7885290789715899,0.11996223635754936,0.28731903339668746,1.9974451315508652,0.9613,0.2156,0.541,0.6684,0.0831,0.1956,camera_pose_sim3,2.4352401520698663,0.12875383385901212,10000,10000,True,False,True,/content/cv3d-project/data/cache/reconstruction/predictions/03001627/10e523060bb5b51f9ee9f382b1dfb770/94000870db5247bd6907c22c.npz,523ed2f132c0fe312f4e76776021f89b18400f05e689b2379082ca3577acead9,/content/cv3d-project/data/cache/reconstruction/metrics/03001627/10e523060bb5b51f9ee9f382b1dfb770/9de88b72e647a7406d5a7f45.json,12.19065099985528
03001627/11040f463a3895019fb4103277a6b93,oracle,1,[0],1.8689231250091016,2.0145191597520187,2.1601151944949355,0.0,0.0,0.0,1.9970146727706672,0.0,0.0,0.0,0.0,0.0,0.0,camera_rotation_center_and_target_diameter_scale_single_view,7.029597104301622,0.0,10000,10000,True,True,True,/content/cv3d-project/data/cache/reconstruction/predictions/03001627/11040f463a3895019fb4103277a6b93/26a27a64c52d04255c681b8f.npz,39becdc484d3ee61a372c344fd149e9b7ef805812ab069851f33eb41c9fcb2af,/content/cv3d-project/data/cache/reconstruction/metrics/03001627/11040f463a3895019fb4103277a6b93/695d25032fd1da5718e335eb.json,3.8693530000273313
03001627/11040f463a3895019fb4103277a6b93,oracle,2,"[0, 39]",0.48066802288681953,0.5823955404774328,0.684123058068046,0.0,0.0,0.0,1.9970146727706672,0.0,0.0,0.0,0.0,0.0,0.0,camera_pose_sim3,2.7884823267338135,0.25843893644410676,10000,10000,True,False,True,/content/cv3d-project/data/cache/reconstruction/predictions/03001627/11040f463a3895019fb4103277a6b93/bd8a83783c33b70a119ba8b2.npz,e7b65c74403d7ea7c18136e51757cf5d281f8dc56dff5185e4c7750a9ad5203a,/content/cv3d-project/data/cache/reconstruction/metrics/03001627/11040f463a3895019fb4103277a6b93/f9b016544ba4ae630016b2b1.json,12.242122000316158
03001627/11040f463a3895019fb4103277a6b93,oracle,3,"[0, 39, 35]",3.1780984576334412,3.2620288216625086,3.345959185691576,0.0,0.0,0.0,1.9970146727706672,0.0,0.0,0.0,0.0,0.0,0.0,camera_pose_sim3_positive_scale_fallback,4.687139012133985,1.6186759847904386,10000,10000,True,False,True,/content/cv3d-project/data/cache/reconstruction/predictions/03001627/11040f463a3895019fb4103277a6b93/590459716c8a728a9864b2e3.npz,58ecb055ed0369b394224505103e9dda35b7bb401766e54e63cee3d16abce407,/content/cv3d-project/data/cache/reconstruction/metrics/03001627/11040f463a3895019fb4103277a6b93/41bb95f57307cc3245addc29.json,11.70580300004076
03001627/11040f463a3895019fb4103277a6b93,oracle,5,"[0, 39, 35, 37, 9]",0.734535203816942,0.862519702706041,0.9905042015951399,0.0,0.0,0.0,1.9970146727706672,0.0,0.0,0.0,0.0,0.0,0.0,camera_pose_sim3,1.3416716693330117,1.2269754513020625,10000,10000,True,False,True,/content/cv3d-project/data/cache/reconstruction/predictions/03001627/11040f463a3895019fb4103277a6b93/6b6ff128cb5d88ca31273363.npz,8ef092e9445c01dfd33a4d06afa6a3162d3d82c7b35317161caf631e2ccc8db8,/content/cv3d-project/data/cache/reconstruction/metrics/03001627/11040f463a3895019fb4103277a6b93/70952d5a8fce5f51f86192e3.json,11.464402999990853
03001627/11040f463a3895019fb4103277a6b93,oracle,10,"[0, 39, 35, 37, 9, 38, 22, 46, 31, 11]",0.4605470514303939,0.568424189037488,0.6763013266445822,0.0,0.0,0.0,1.9970146727706672,0.0,0.0,0.0,0.0,0.0,0.0,camera_pose_sim3,2.168443577884026,0.731639596235255,10000,10000,True,False,True,/content/cv3d-project/data/cache/reconstruction/predictions/03001627/11040f463a3895019fb4103277a6b93/88588b9ad7f6fc5a4082e429.npz,54cdac68aafce1fd50ac4d5d4c4f514785f58d4a94ca86aba433a38c07abf415,/content/cv3d-project/data/cache/reconstruction/metrics/03001627/11040f463a3895019fb4103277a6b93/8964805d1c3a7547d840519f.json,12.055990000135353
03001627/110ad013a9ae7a1ab0f4eaf0533e82bb,oracle,1,[0],2.0671948239665525,2.1887670712101626,2.3103393184537726,0.0,0.0,0.0,1.9865625054093394,0.0,0.0,0.0,0.0,0.0,0.0,camera_rotation_center_and_target_diameter_scale_single_view,7.320445132718173,0.0,10000,10000,True,True,True,/content/cv3d-project/data/cache/reconstruction/predictions/03001627/110ad013a9ae7a1ab0f4eaf0533e82bb/781858bdd38bec5d6e4c5636.npz,b9bf09563edbba3eaef0c8e365b779d141ba6bb8543a35cfc1ca0bb025ff1bed,/content/cv3d-project/data/cache/reconstruction/metrics/03001627/110ad013a9ae7a1ab0f4eaf0533e82bb/f9724007e2352b7434635104.json,3.704034000293177
03001627/110ad013a9ae7a1ab0f4eaf0533e82bb,oracle,2,"[0, 39]",0.09909729257759016,0.17112576916795635,0.24315424575832256,0.1591307634164777,0.0,0.0,1.9865625054093394,0.569,0.0,0.0,0.0925,0.0,0.0,camera_pose_sim3,2.6434529745386555,0.02906092349861393,10000,10000,True,False,True,/content/cv3d-project/data/cache/reconstruction/predictions/03001627/110ad013a9ae7a1ab0f4eaf0533e82bb/c889de7cec9334f71127df48.npz,55ec49568bc05ac3c59efa1fcaeb10130ef3dbdd85c08cb5ed2d4920b05aab58,/content/cv3d-project/data/cache/reconstruction/metrics/03001627/110ad013a9ae7a1ab0f4eaf0533e82bb/7f9a547abe1de5e36dc6bfba.json,11.649402999864833
03001627/110ad013a9ae7a1ab0f4eaf0533e82bb,oracle,3,"[0, 39, 19]",0.05892393463085672,0.08716347885040611,0.11540302306995551,0.5880190965846493,0.008703846153846154,0.030665274151436026,1.9865625054093394,0.932,0.0146,0.0554,0.4295,0.0062,0.0212,camera_pose_sim3,2.4884095296497715,0.11424543817812478,10000,10000,True,False,True,/content/cv3d-project/data/cache/reconstruction/predictions/03001627/110ad013a9ae7a1ab0f4eaf0533e82bb/981f7c5f79fd08198f12e9ea.npz,a8b20f0007b564c7d6718d0b8104cc9b9bf937933b423d09433bf3a6faae72f4,/content/cv3d-project/data/cache/reconstruction/metrics/03001627/110ad013a9ae7a1ab0f4eaf0533e82bb/a6df380a3fcb83a8bef80dcc.json,12.382404999698338
03001627/110ad013a9ae7a1ab0f4eaf0533e82bb,oracle,5,"[0, 39, 19, 17, 29]",0.030797379514716873,0.05953913482372594,0.08828089013273502,0.7669428271734435,0.04739871703492516,0.10959045504994451,1.9865625054093394,0.9979,0.1101,0.293,0.6228,0.0302,0.0674,camera_pose_sim3,2.4832560135606285,0.12810339564877196,10000,10000,True,False,True,/content/cv3d-project/data/cache/reconstruction/predictions/03001627/110ad013a9ae7a1ab0f4eaf0533e82bb/d6a4bb834931622a3cc5433f.npz,6dd9988e69516c1edbd8b08d9cfd994a7c8a6aa0a536dea85fb31d8fef1c814f,/content/cv3d-project/data/cache/reconstruction/metrics/03001627/110ad013a9ae7a1ab0f4eaf0533e82bb/c2002bda07a372bdad62a014.json,11.9958069999484
03001627/110ad013a9ae7a1ab0f4eaf0533e82bb,oracle,10,"[0, 39, 19, 17, 29, 34, 3, 43, 15, 45]",0.042696690619398604,0.06559720575828047,0.08849772089716235,0.7487109484445006,0.032491989664082684,0.08957598499061914,1.9865625054093394,0.9783,0.0542,0.1492,0.6064,0.0232,0.064,camera_pose_sim3,2.5125008291612043,0.15473511515690444,10000,10000,True,False,True,/content/cv3d-project/data/cache/reconstruction/predictions/03001627/110ad013a9ae7a1ab0f4eaf0533e82bb/ec0867147dcc125736771b28.npz,2b01494fc7f8dd0dfa3cfb0b04cff76433dabb94f0921704e93ff6ee955577c3,/content/cv3d-project/data/cache/reconstruction/metrics/03001627/110ad013a9ae7a1ab0f4eaf0533e82bb/1aa3deca06d6e018987f636b.json,12.000764000276831
03001627/111720e8cd4c613492d9da2668ec34c,oracle,1,[0],2.319181959962969,2.454782120910949,2.590382281858929,0.0,0.0,0.0,1.9896094723169218,0.0,0.0,0.0,0.0,0.0,0.0,camera_rotation_center_and_target_diameter_scale_single_view,7.905562097517449,0.0,10000,10000,True,True,True,/content/cv3d-project/data/cache/reconstruction/predictions/03001627/111720e8cd4c613492d9da2668ec34c/36ae95a1585351cd5b531d4a.npz,21f2f5c9f39d05baa0e7f26a44cc10ed99abb1b5abdc7cb09a661ff6a34583ff,/content/cv3d-project/data/cache/reconstruction/metrics/03001627/111720e8cd4c613492d9da2668ec34c/511d4cfc6a1fc467ea2b8570.json,3.9516950000688666
03001627/111720e8cd4c613492d9da2668ec34c,oracle,2,"[0, 39]",0.067374819715273,0.11267651199160078,0.15797820426792858,0.5558738147984049,0.006453968253968254,0.020686567164179104,1.9896094723169218,0.9636,0.0214,0.0396,0.3906,0.0038,0.014,camera_pose_sim3,2.3502668044553436,0.06307818814419885,10000,10000,True,False,True,/content/cv3d-project/data/cache/reconstruction/predictions/03001627/111720e8cd4c613492d9da2668ec34c/9feedfec7cfdfe47e8b18d2d.npz,8cfdb5358d01bb7f7e82929486ce33c37cd795f93cf54e6b459a932609e63303,/content/cv3d-project/data/cache/reconstruction/metrics/03001627/111720e8cd4c613492d9da2668ec34c/a2aef54854e0949fa5a870f6.json,11.797910000041156
03001627/111720e8cd4c613492d9da2668ec34c,oracle,3,"[0, 39, 42]",0.38633380243040505,0.4229523030254684,0.4595708036205317,0.0,0.0,0.0,1.9896094723169218,0.0,0.0,0.0,0.0,0.0,0.0,camera_pose_sim3,2.202362349367666,0.5659588385922735,10000,10000,True,False,True,/content/cv3d-project/data/cache/reconstruction/predictions/03001627/111720e8cd4c613492d9da2668ec34c/1f089d2e7b88b8d83559fb9d.npz,faa4a73aa0533966ed2263566bca5b13a8c0cc5558785f593bc9f1c1d079807a,/content/cv3d-project/data/cache/reconstruction/metrics/03001627/111720e8cd4c613492d9da2668ec34c/c47ceb0a2d3e4598e321ff98.json,12.017274999834626
03001627/111720e8cd4c613492d9da2668ec34c,oracle,5,"[0, 39, 42, 29, 9]",0.03266848714685013,0.07037090986816828,0.10807333258948644,0.6726968592373395,0.06024691358024691,0.1667887931034483,1.9896094723169218,0.9728,0.122,0.355,0.5141,0.04,0.109,camera_pose_sim3,2.240150862837357,0.11732767334002307,10000,10000,True,False,True,/content/cv3d-project/data/cache/reconstruction/predictions/03001627/111720e8cd4c613492d9da2668ec34c/48cd54d4d497db9ef1cbf148.npz,7e14aaec85ba97a6a60662bf6b51425defa4ccffc1c6de896925e15d1710995d,/content/cv3d-project/data/cache/reconstruction/metrics/03001627/111720e8cd4c613492d9da2668ec34c/c276d5bbd6b9a44daa216f4a.json,12.036063000323338
03001627/111720e8cd4c613492d9da2668ec34c,oracle,10,"[0, 39, 42, 29, 9, 38, 16, 31, 36, 47]",0.046290799325529264,0.09746688656330443,0.1486429738010796,0.4640441545408932,0.0795683125339121,0.1584455970493315,1.9896094723169218,0.8808,0.1262,0.3295,0.315,0.0581,0.1043,camera_pose_sim3,2.0866804641527907,0.5168261395969542,10000,10000,True,False,True,/content/cv3d-project/data/cache/reconstruction/predictions/03001627/111720e8cd4c613492d9da2668ec34c/ddc7bbb46cec9e6f5b5ef8cc.npz,0902ab62241b7c309a4996298eeb05b82ef340e1ad638810d6d11c8d12c9f4c7,/content/cv3d-project/data/cache/reconstruction/metrics/03001627/111720e8cd4c613492d9da2668ec34c/d04dc45679174fe06b261871.json,13.042760999724123
03001627/111cb08c8121b8411749672386e0b711,oracle,1,[0],1.722864383756323,1.826971381745944,1.931078379735565,0.0,0.0,0.0,1.9792244056624857,0.0,0.0,0.0,0.0,0.0,0.0,camera_rotation_center_and_target_diameter_scale_single_view,6.781072738342953,0.0,10000,10000,True,True,True,/content/cv3d-project/data/cache/reconstruction/predictions/03001627/111cb08c8121b8411749672386e0b711/9c873f2bfe65ffc344559336.npz,9f3eca8d5fcbe4094c08776b1f52e97dd13fcf427123ab42c768d34d84abf716,/content/cv3d-project/data/cache/reconstruction/metrics/03001627/111cb08c8121b8411749672386e0b711/a03eff01e1723578f7ff1e45.json,3.8109740003164916
03001627/111cb08c8121b8411749672386e0b711,oracle,2,"[0, 30]",0.6745941118225507,0.8351731039793467,0.9957520961361428,0.0,0.0,0.0,1.9792244056624857,0.0,0.0,0.0,0.0,0.0,0.0,camera_pose_sim3,2.331717035390625,0.38922554099578355,10000,10000,True,True,True,/content/cv3d-project/data/cache/reconstruction/predictions/03001627/111cb08c8121b8411749672386e0b711/b43f68504bd7f1903daa62b4.npz,239c43d4812661e294b3846837de96543f85256fd175b1b4d11d16945c9fd711,/content/cv3d-project/data/cache/reconstruction/metrics/03001627/111cb08c8121b8411749672386e0b711/95578f191911610686ea2710.json,2.443753000079596
03001627/111cb08c8121b8411749672386e0b711,oracle,3,"[0, 30, 43]",0.5301243772624795,0.6422802219411863,0.7544360666198929,0.0,0.0,0.0,1.9792244056624857,0.0,0.0,0.0,0.0,0.0,0.0,camera_pose_sim3,1.207966816924354,1.1457747810302858,10000,10000,True,False,True,/content/cv3d-project/data/cache/reconstruction/predictions/03001627/111cb08c8121b8411749672386e0b711/4fafbaa49c267178d2ad62ec.npz,98e1c5824d63b496baaa1eef9e759cb5f09c2056d9b6b87ff1f2761b6883934f,/content/cv3d-project/data/cache/reconstruction/metrics/03001627/111cb08c8121b8411749672386e0b711/9098f5c0b040c61872de94bf.json,11.5700299998025
03001627/111cb08c8121b8411749672386e0b711,oracle,5,"[0, 30, 43, 17, 31]",0.05300770889442925,0.14685954318955868,0.24071137748468813,0.25732513656142947,0.025511811023622048,0.04756094091903719,1.9792244056624857,0.9308,0.06,0.1547,0.1493,0.0162,0.0281,camera_pose_sim3,2.2454367864035123,0.9062841183598681,10000,10000,True,False,True,/content/cv3d-project/data/cache/reconstruction/predictions/03001627/111cb08c8121b8411749672386e0b711/1c1e74d203040e06485c2724.npz,b4292d7f514f21de7ae75c6c986a68483279f9d7e2dc2688bd0796dd0a41e904,/content/cv3d-project/data/cache/reconstruction/metrics/03001627/111cb08c8121b8411749672386e0b711/be925b7b10eaff9b5cea057f.json,11.633061999873462
03001627/111cb08c8121b8411749672386e0b711,oracle,10,"[0, 30, 43, 17, 31, 21, 39, 4, 45, 37]",0.11683339039273322,0.16105958481770233,0.20528577924267144,0.2794592783505155,0.005940000000000001,0.023674074074074073,1.9792244056624857,0.4084,0.0054,0.0204,0.2124,0.0066,0.0282,camera_pose_sim3,2.417790048447075,0.5572464228325413,10000,10000,True,False,True,/content/cv3d-project/data/cache/reconstruction/predictions/03001627/111cb08c8121b8411749672386e0b711/5c4b1532b7588473d26f3174.npz,761f5fd272101afa46ec9d585dd5041cb76779016756b921f1ed716b23c949a9,/content/cv3d-project/data/cache/reconstruction/metrics/03001627/111cb08c8121b8411749672386e0b711/fe059e300cbe7e7ab1f79ffb.json,11.841550000099232
03001627/112cee32461c31d1d84b8ba651dfb8ac,oracle,1,[0],2.141808457821403,2.275211845200202,2.4086152325790002,0.0,0.0,0.0,1.9968228535799486,0.0,0.0,0.0,0.0,0.0,0.0,camera_rotation_center_and_target_diameter_scale_single_view,7.515815467723462,0.0,10000,10000,True,True,True,/content/cv3d-project/data/cache/reconstruction/predictions/03001627/112cee32461c31d1d84b8ba651dfb8ac/bb7beb76772cc9f45d72f28e.npz,6156c09d51275edee40f61e185b5d1c05726bb85b65429551099ec14e8229e09,/content/cv3d-project/data/cache/reconstruction/metrics/03001627/112cee32461c31d1d84b8ba651dfb8ac/9e311d2b15c5983f67f9c2fd.json,3.909251000095537
03001627/112cee32461c31d1d84b8ba651dfb8ac,oracle,2,"[0, 47]",0.8890286830992332,1.012592163094314,1.1361556430893947,0.0,0.0,0.0,1.9968228535799486,0.0,0.0,0.0,0.0,0.0,0.0,camera_pose_sim3,2.1401534296146347,0.8665563456379334,10000,10000,True,False,True,/content/cv3d-project/data/cache/reconstruction/predictions/03001627/112cee32461c31d1d84b8ba651dfb8ac/0d65c63ec2adfe6ca7c5d44b.npz,36171596bdf13313242df3c41b7f234b36f4d913e9051c45179d8ebe945455dd,/content/cv3d-project/data/cache/reconstruction/metrics/03001627/112cee32461c31d1d84b8ba651dfb8ac/822ecf6c11f3db812fee0631.json,11.706406000030256
03001627/112cee32461c31d1d84b8ba651dfb8ac,oracle,3,"[0, 47, 15]",0.24416217925123165,0.3229855616796218,0.4018089441080119,0.0,0.0,0.0,1.9968228535799486,0.0,0.0,0.0,0.0,0.0,0.0,camera_pose_sim3,2.420297097238947,0.646491534346075,10000,10000,True,False,True,/content/cv3d-project/data/cache/reconstruction/predictions/03001627/112cee32461c31d1d84b8ba651dfb8ac/60ad694c7290b82c92bd39c7.npz,3012b179f790500417cdb0d6dfc720668d935d08d3cf986cd2cad01468f422a8,/content/cv3d-project/data/cache/reconstruction/metrics/03001627/112cee32461c31d1d84b8ba651dfb8ac/64ba432468d1f035b8844241.json,11.94304299997384
03001627/112cee32461c31d1d84b8ba651dfb8ac,oracle,5,"[0, 47, 15, 34, 35]",0.6390535802326558,0.7477777988414018,0.8565020174501479,0.0,0.0,0.0,1.9968228535799486,0.0,0.0,0.0,0.0,0.0,0.0,camera_pose_sim3,1.8649492698015986,1.0722492447131804,10000,10000,True,False,True,/content/cv3d-project/data/cache/reconstruction/predictions/03001627/112cee32461c31d1d84b8ba651dfb8ac/275771eee1332aacb58201ba.npz,cd0967db0f6bf027b686acf7ec58e5d7ae923731ff0e0ce24c2d5e9bf041e954,/content/cv3d-project/data/cache/reconstruction/metrics/03001627/112cee32461c31d1d84b8ba651dfb8ac/3ffd86ebb54e009475763425.json,11.786497000230156
03001627/112cee32461c31d1d84b8ba651dfb8ac,oracle,10,"[0, 47, 15, 34, 35, 17, 29, 41, 1, 30]",0.15753903714192122,0.2008684658040617,0.24419789446620221,0.11398182421227199,0.006012422360248447,0.010821621621621624,1.9968228535799486,0.2252,0.0121,0.0182,0.0763,0.004,0.0077,camera_pose_sim3,2.2498616189184673,0.6616173916213784,10000,10000,True,False,True,/content/cv3d-project/data/cache/reconstruction/predictions/03001627/112cee32461c31d1d84b8ba651dfb8ac/80f9b48e69eeeae592b3a416.npz,609eb2173be3e2018b46bb5ebd5bb8226d0fec30b326269b9594262bc219c73f,/content/cv3d-project/data/cache/reconstruction/metrics/03001627/112cee32461c31d1d84b8ba651dfb8ac/74e77254b8a7727f8bd59aee.json,11.95203900033448
03001627/113016635d554d5171fb733891076ecf,oracle,1,[0],1.0214225739958664,1.1454653150055014,1.2695080560151364,0.0,0.0,0.0,1.9945222416534474,0.0,0.0,0.0,0.0,0.0,0.0,camera_rotation_center_and_target_diameter_scale_single_view,5.279184492519349,0.0,10000,10000,True,True,True,/content/cv3d-project/data/cache/reconstruction/predictions/03001627/113016635d554d5171fb733891076ecf/5a8125e713fa2a7df866344c.npz,d644e08b8fb6c64b20b19aab8972e22f51f489b2824ff9b43d8d5213933a367c,/content/cv3d-project/data/cache/reconstruction/metrics/03001627/113016635d554d5171fb733891076ecf/3f559a4e21073db3a9f8663a.json,3.9064400002644106
03001627/113016635d554d5171fb733891076ecf,oracle,2,"[0, 39]",0.09077135553674912,0.11208383146397834,0.13339630739120756,0.39207442796077446,0.009293273542600896,0.027712418300653595,1.9945222416534474,0.445,0.0157,0.04,0.3504,0.0066,0.0212,camera_pose_sim3,2.271559975634912,0.059946224608925895,10000,10000,True,False,True,/content/cv3d-project/data/cache/reconstruction/predictions/03001627/113016635d554d5171fb733891076ecf/6a0a36af36c269c168519b87.npz,ff27a52e961afb1af3b433afacd1c13367ef1c4180c04a8fed0e429495734478,/content/cv3d-project/data/cache/reconstruction/metrics/03001627/113016635d554d5171fb733891076ecf/e1a05c4592c8a163bf40cc32.json,11.480502000267734
03001627/113016635d554d5171fb733891076ecf,oracle,3,"[0, 39, 43]",0.23024418335765137,0.3019769084875969,0.3737096336175424,0.0,0.0,0.0,1.9945222416534474,0.0,0.0,0.0,0.0,0.0,0.0,camera_pose_sim3,2.1420787307464026,0.5876725539517262,10000,10000,True,False,True,/content/cv3d-project/data/cache/reconstruction/predictions/03001627/113016635d554d5171fb733891076ecf/f9cf2ca12ee3491288df4d4d.npz,4443ef33656c8871cb92269dbf4a4b5e8381a04ff0b3cbda3bc16615b1710455,/content/cv3d-project/data/cache/reconstruction/metrics/03001627/113016635d554d5171fb733891076ecf/adcbd563a46caed95daa8da1.json,11.297146999822871
03001627/113016635d554d5171fb733891076ecf,oracle,5,"[0, 39, 43, 9, 13]",0.026443651681539473,0.0515186381915113,0.07659362470148312,0.7579989772727272,0.15181852933368728,0.2904955978336342,1.9945222416534474,0.9561,0.2713,0.5183,0.6279,0.1054,0.2018,camera_pose_sim3,2.4620292098643457,0.06909608450748833,10000,10000,True,False,True,/content/cv3d-project/data/cache/reconstruction/predictions/03001627/113016635d554d5171fb733891076ecf/8576b674925e681c4589908f.npz,fa16de5f4774e26773d69e0287757131079f42d66625caeebd63611d42672bae,/content/cv3d-project/data/cache/reconstruction/metrics/03001627/113016635d554d5171fb733891076ecf/c4a6901e15724553356886f7.json,11.639406000085728
03001627/113016635d554d5171fb733891076ecf,oracle,10,"[0, 39, 43, 9, 13, 33, 1, 11, 31, 27]",0.05983004638853032,0.07504415282116031,0.0902582592537903,0.6464252061248528,0.04845553278688525,0.12447718600953896,1.9945222416534474,0.8284,0.0529,0.1387,0.53,0.0447,0.1129,camera_pose_sim3,2.581597923671501,0.25244559966123514,10000,10000,True,False,True,/content/cv3d-project/data/cache/reconstruction/predictions/03001627/113016635d554d5171fb733891076ecf/58f5a99266b6cd463a257084.npz,7c32e5cc961302cfbe143eddca554d7b9df8a041f5072813ae1adf13dc345f81,/content/cv3d-project/data/cache/reconstruction/metrics/03001627/113016635d554d5171fb733891076ecf/033236e0774cc72503d3757d.json,12.530463000075542
03001627/11347c7e8bc5881775907ca70d2973a4,oracle,1,[0],1.9347857630935033,2.080633120517792,2.2264804779420806,0.0,0.0,0.0,1.9999888688003085,0.0,0.0,0.0,0.0,0.0,0.0,camera_rotation_center_and_target_diameter_scale_single_view,7.19719397842161,0.0,10000,10000,True,True,True,/content/cv3d-project/data/cache/reconstruction/predictions/03001627/11347c7e8bc5881775907ca70d2973a4/24b732bb689710ac6671c621.npz,cae4c8525b54ae4859c594cea2af93c7fcb636950ee84f59f01f7fe8444859cc,/content/cv3d-project/data/cache/reconstruction/metrics/03001627/11347c7e8bc5881775907ca70d2973a4/8b01927357bee929c2adfe11.json,3.829936999864003
03001627/11347c7e8bc5881775907ca70d2973a4,oracle,2,"[0, 39]",0.40637057691589934,0.5297906678525847,0.6532107587892699,0.0,0.0,0.0,1.9999888688003085,0.0,0.0,0.0,0.0,0.0,0.0,camera_pose_sim3,2.748304985020532,0.21492483498349746,10000,10000,True,False,True,/content/cv3d-project/data/cache/reconstruction/predictions/03001627/11347c7e8bc5881775907ca70d2973a4/588de71b53613c35f6b2e546.npz,c279653b1f1ffb6dcc7a454b297b192e0470f48c81f10ccb8fb2c37b50c0dbe2,/content/cv3d-project/data/cache/reconstruction/metrics/03001627/11347c7e8bc5881775907ca70d2973a4/f4217a90b3e08a37d37ceed0.json,11.660630999813293
03001627/11347c7e8bc5881775907ca70d2973a4,oracle,3,"[0, 39, 26]",0.810896797043562,0.9871668623073742,1.1634369275711864,0.0,0.0,0.0,1.9999888688003085,0.0,0.0,0.0,0.0,0.0,0.0,camera_pose_sim3,1.6642419045344894,0.9356578519304786,10000,10000,True,False,True,/content/cv3d-project/data/cache/reconstruction/predictions/03001627/11347c7e8bc5881775907ca70d2973a4/84645aaab67ad09de92ae46f.npz,38933abc82e4731a987d3ce134c18f178a513e22dec5c94a2a04d8ead43935a9,/content/cv3d-project/data/cache/reconstruction/metrics/03001627/11347c7e8bc5881775907ca70d2973a4/1b4e702f4dabaf5d471b9593.json,11.344245999680425
03001627/11347c7e8bc5881775907ca70d2973a4,oracle,5,"[0, 39, 26, 37, 17]",0.29431572448077614,0.46810109669367417,0.6418864689065722,0.0,0.0,0.0,1.9999888688003085,0.0,0.0,0.0,0.0,0.0,0.0,camera_pose_sim3,1.5987265808159843,0.9902214542985087,10000,10000,True,False,True,/content/cv3d-project/data/cache/reconstruction/predictions/03001627/11347c7e8bc5881775907ca70d2973a4/06de295704b07eade7ebb72e.npz,7073077ae817f2ba2db4d0cca3b788a73b0708d55f33622e63379203fee71722,/content/cv3d-project/data/cache/reconstruction/metrics/03001627/11347c7e8bc5881775907ca70d2973a4/d234fd06c8037ae0f67d9d12.json,11.429706999933842
03001627/11347c7e8bc5881775907ca70d2973a4,oracle,10,"[0, 39, 26, 37, 17, 36, 40, 29, 10, 8]",0.044766213301258614,0.13981325507763337,0.2348602968540081,0.1605339434120833,0.010214233576642334,0.02166829823562891,1.9999888688003085,0.9835,0.0491,0.1641,0.0874,0.0057,0.0116,camera_pose_sim3,1.1985113612302165,1.1724956553350492,10000,10000,True,False,True,/content/cv3d-project/data/cache/reconstruction/predictions/03001627/11347c7e8bc5881775907ca70d2973a4/dead750a8f99b55bf4be0d86.npz,f33fe62d0b5dda4963b3dfa0d6910486821dc9523e28197d14417a881e29879d,/content/cv3d-project/data/cache/reconstruction/metrics/03001627/11347c7e8bc5881775907ca70d2973a4/e301f42bdd9b0ae369cda88b.json,11.693531000219082
03001627/11355c7f7ffa3c09737d107bffc3cd98,oracle,1,[0],2.898660348340362,3.0421677377595344,3.185675127178707,0.0,0.0,0.0,1.9960139879358962,0.0,0.0,0.0,0.0,0.0,0.0,camera_rotation_center_and_target_diameter_scale_single_view,9.107970109995755,0.0,10000,10000,True,True,True,/content/cv3d-project/data/cache/reconstruction/predictions/03001627/11355c7f7ffa3c09737d107bffc3cd98/cb27e0687ddebc02b3451fec.npz,b7a28ddd13b12832da4f8f2ebdb1843377386f185e87f8f34a59f90a6ddebc4a,/content/cv3d-project/data/cache/reconstruction/metrics/03001627/11355c7f7ffa3c09737d107bffc3cd98/74a4437a1bfb19f057c18406.json,3.833215000213386
03001627/11355c7f7ffa3c09737d107bffc3cd98,oracle,2,"[0, 39]",0.04014698182657482,0.1723682485134716,0.30458951520036837,0.13371269658611432,0.0029171270718232043,0.015342448680351905,1.9960139879358962,0.971,0.0165,0.2649,0.0718,0.0016,0.0079,camera_pose_sim3,2.515961506098201,0.11351101074718582,10000,10000,True,True,True,/content/cv3d-project/data/cache/reconstruction/predictions/03001627/11355c7f7ffa3c09737d107bffc3cd98/2bade7f3fb6a7f67eee5f252.npz,698c0694d91965a04a712aca4e3c9e67c071c21e32d9f832ccbecdc72044992a,/content/cv3d-project/data/cache/reconstruction/metrics/03001627/11355c7f7ffa3c09737d107bffc3cd98/bf3bf8e0ce9f4f4e54be1a21.json,2.479287999904045
03001627/11355c7f7ffa3c09737d107bffc3cd98,oracle,3,"[0, 39, 26]",1.6500375544218777,1.7521154073045213,1.854193260187165,0.0,0.0,0.0,1.9960139879358962,0.0,0.0,0.0,0.0,0.0,0.0,camera_pose_sim3_positive_scale_fallback,3.1850808294069757,1.5998042276419877,10000,10000,True,False,True,/content/cv3d-project/data/cache/reconstruction/predictions/03001627/11355c7f7ffa3c09737d107bffc3cd98/5ed80d4f8428af30eb378968.npz,c57eb83340a9d88779a92135269ea5164362a863a69014f63bb0de62bfa44d5a,/content/cv3d-project/data/cache/reconstruction/metrics/03001627/11355c7f7ffa3c09737d107bffc3cd98/5f24dde7a59b59ac4eb6ad39.json,12.52503900013835
03001627/11355c7f7ffa3c09737d107bffc3cd98,oracle,5,"[0, 39, 26, 21, 41]",0.4324228144722201,0.5078363162265137,0.5832498179808073,0.0,0.0,0.0,1.9960139879358962,0.0,0.0,0.0,0.0,0.0,0.0,camera_pose_sim3,2.5285089006904613,0.5884310488089044,10000,10000,True,False,True,/content/cv3d-project/data/cache/reconstruction/predictions/03001627/11355c7f7ffa3c09737d107bffc3cd98/ed63367a71339088d14436f9.npz,35b5dca432054be14e1f962dc1acad4580c896c16b7eba482bec2db6493da400,/content/cv3d-project/data/cache/reconstruction/metrics/03001627/11355c7f7ffa3c09737d107bffc3cd98/8bf08291761a7a3e0f07d7ad.json,12.095222999960242
03001627/11355c7f7ffa3c09737d107bffc3cd98,oracle,10,"[0, 39, 26, 21, 41, 9, 30, 10, 45, 34]",0.116579022322595,0.22136415309937083,0.32614928387614667,0.03612174817898023,0.0,0.0,1.9960139879358962,0.3654,0.0,0.0,0.019,0.0,0.0,camera_pose_sim3,1.0367012540359648,1.2124965766557585,10000,10000,True,False,True,/content/cv3d-project/data/cache/reconstruction/predictions/03001627/11355c7f7ffa3c09737d107bffc3cd98/ab887fc4136c0c497bb6b464.npz,ebab2b7f655bb9d2657f0720b807fd14793cb55c5fe3d89e5714da4deca3c1bf,/content/cv3d-project/data/cache/reconstruction/metrics/03001627/11355c7f7ffa3c09737d107bffc3cd98/86f096b4121ab42d038bc543.json,12.15109599979769
03001627/11358c94662a68117e66b3e5c11f24d4,oracle,1,[0],1.5788362840250199,1.6976774756615207,1.8165186672980216,0.0,0.0,0.0,1.9799988982327934,0.0,0.0,0.0,0.0,0.0,0.0,camera_rotation_center_and_target_diameter_scale_single_view,6.364983847700666,0.0,10000,10000,True,True,True,/content/cv3d-project/data/cache/reconstruction/predictions/03001627/11358c94662a68117e66b3e5c11f24d4/ab5cf1d4ba1a41e51605193e.npz,8f8c7ec3a793c547bdfac3f9b8602151b7f862b4b6a365d98322876d2c39b9d0,/content/cv3d-project/data/cache/reconstruction/metrics/03001627/11358c94662a68117e66b3e5c11f24d4/7c91022eccba9a06d6018b12.json,3.8278170000012324
03001627/11358c94662a68117e66b3e5c11f24d4,oracle,2,"[0, 44]",0.017058083665239133,0.08881919964353757,0.160580315621836,0.5275712287418096,0.13262201937406856,0.21498360245337342,1.9799988982327934,1.0,0.4593,0.6709,0.3583,0.0775,0.128,camera_pose_sim3,2.496911657985674,0.06665294415423993,10000,10000,True,False,True,/content/cv3d-project/data/cache/reconstruction/predictions/03001627/11358c94662a68117e66b3e5c11f24d4/7cf38d52d34688d0582f1fe9.npz,68bac545f32f729b5627f2588d1e24e43ca52850aeddae689e49f05064bf493d,/content/cv3d-project/data/cache/reconstruction/metrics/03001627/11358c94662a68117e66b3e5c11f24d4/84d7571b0eeefad1422b6ead.json,11.247606999859272
03001627/11358c94662a68117e66b3e5c11f24d4,oracle,3,"[0, 44, 25]",0.4741749307401096,0.510120901476671,0.5460668722132325,0.0,0.0,0.0,1.9799988982327934,0.0,0.0,0.0,0.0,0.0,0.0,camera_pose_sim3,2.7353149316361134,0.6062699659871019,10000,10000,True,False,True,/content/cv3d-project/data/cache/reconstruction/predictions/03001627/11358c94662a68117e66b3e5c11f24d4/86f7fbb3b9d069e709ddf9aa.npz,6b4fc72bb7a08fc04268c57acea9076ee8ffd5192038e696c5decd359b64a0b3,/content/cv3d-project/data/cache/reconstruction/metrics/03001627/11358c94662a68117e66b3e5c11f24d4/553c10e7bbc0af44f33b27ef.json,11.569520999728411
03001627/11358c94662a68117e66b3e5c11f24d4,oracle,5,"[0, 44, 25, 27, 23]",0.032301754273686985,0.05019891300906271,0.06809607174443844,0.872858431018936,0.08586047430830039,0.18574577481552013,1.9799988982327934,1.0,0.1406,0.2815,0.7744,0.0618,0.1386,camera_pose_sim3,2.4593582756851324,0.1302768951667537,10000,10000,True,False,True,/content/cv3d-project/data/cache/reconstruction/predictions/03001627/11358c94662a68117e66b3e5c11f24d4/bb3d461723c0371127103498.npz,0aff0ebd70221cc26a5dc51130477700342eae64c88ea63a954c87e51ccd57d4,/content/cv3d-project/data/cache/reconstruction/metrics/03001627/11358c94662a68117e66b3e5c11f24d4/e421fbd66fa6910ee4e0c3a3.json,12.294912000015756
03001627/11358c94662a68117e66b3e5c11f24d4,oracle,10,"[0, 44, 25, 27, 23, 8, 43, 6, 2, 29]",0.027096962036994254,0.03983728603057656,0.052577610024158866,0.916665026819093,0.1465333118140736,0.31545201571823606,1.9799988982327934,0.9984,0.1909,0.4418,0.8473,0.1189,0.2453,camera_pose_sim3,2.4091138237288576,0.09066406173261997,10000,10000,True,False,True,/content/cv3d-project/data/cache/reconstruction/predictions/03001627/11358c94662a68117e66b3e5c11f24d4/45f6300597d2d394a0c84aff.npz,0714bc7207a5d84597f81b2ca74aa858680cbc483b1c97f10736aa48d1207e7f,/content/cv3d-project/data/cache/reconstruction/metrics/03001627/11358c94662a68117e66b3e5c11f24d4/be88dae94c40e1ed29e3b010.json,12.680608000209759
03001627/1145248e1eba424d492d9da2668ec34c,oracle,1,[0],1.4417092536102682,1.5329766940487355,1.6242441344872025,0.0,0.0,0.0,1.9930191814702778,0.0,0.0,0.0,0.0,0.0,0.0,camera_rotation_center_and_target_diameter_scale_single_view,6.04271765806178,0.0,10000,10000,True,True,True,/content/cv3d-project/data/cache/reconstruction/predictions/03001627/1145248e1eba424d492d9da2668ec34c/55d8b052137b90d4d241489d.npz,2431ea67b9cfc30a01a768dcd765db6bf1c38c270c3e77b57c937f2d2c755a19,/content/cv3d-project/data/cache/reconstruction/metrics/03001627/1145248e1eba424d492d9da2668ec34c/d1ce186ca3bcc3ec1585f32e.json,3.8846689999445516
03001627/1145248e1eba424d492d9da2668ec34c,oracle,2,"[0, 39]",0.05415344629431899,0.11562878393815665,0.17710412158199432,0.4149464297253635,0.015172212065813529,0.0387041166380789,1.9930191814702778,0.9744,0.0456,0.0921,0.2636,0.0091,0.0245,camera_pose_sim3,2.4800198676357934,0.09912190685532864,10000,10000,True,False,True,/content/cv3d-project/data/cache/reconstruction/predictions/03001627/1145248e1eba424d492d9da2668ec34c/528eb191a62dbe0536ced3d3.npz,286106a466b77d07fde8331db069de918c6a5b5391fd1a52ca546428641a4c75,/content/cv3d-project/data/cache/reconstruction/metrics/03001627/1145248e1eba424d492d9da2668ec34c/647d8d76e4bafc04cb9e8914.json,11.840555000162567
03001627/1145248e1eba424d492d9da2668ec34c,oracle,3,"[0, 39, 19]",0.05521870084036386,0.08350395036157263,0.11178919988278141,0.5936462627362527,0.046841271611823755,0.10895676429567643,1.9930191814702778,0.8207,0.1516,0.2915,0.465,0.0277,0.067,camera_pose_sim3,2.4315251803012585,0.12882417148308198,10000,10000,True,False,True,/content/cv3d-project/data/cache/reconstruction/predictions/03001627/1145248e1eba424d492d9da2668ec34c/1262c1facc666b65b44228d1.npz,f7e32694b242e797f0447333e5d4f4e944cf3ce97c381e536d177fdd96553165,/content/cv3d-project/data/cache/reconstruction/metrics/03001627/1145248e1eba424d492d9da2668ec34c/cb86eb7506760ad74691b2c4.json,11.44251499999882
03001627/1145248e1eba424d492d9da2668ec34c,oracle,5,"[0, 39, 19, 33, 29]",0.08585337656384993,0.232068140626495,0.37828290468914005,0.11042972636815922,0.016455086071987483,0.03250950570342205,1.9930191814702778,0.5822,0.0542,0.1125,0.061,0.0097,0.019,camera_pose_sim3,1.987692803879226,0.8322378353028639,10000,10000,True,False,True,/content/cv3d-project/data/cache/reconstruction/predictions/03001627/1145248e1eba424d492d9da2668ec34c/ff00fbc0f7e68caf9e98d8d2.npz,1edd5c25e85b4fd935907b7a1ebf81c50173867751251056668355dea32d0294,/content/cv3d-project/data/cache/reconstruction/metrics/03001627/1145248e1eba424d492d9da2668ec34c/8688f9c1cef1865b409e5045.json,11.663925999982894
03001627/1145248e1eba424d492d9da2668ec34c,oracle,10,"[0, 39, 19, 33, 29, 8, 47, 30, 40, 12]",0.26503499011947973,0.3438895762032851,0.4227441622870904,0.0,0.0,0.0,1.9930191814702778,0.0,0.0,0.0,0.0,0.0,0.0,camera_pose_sim3,1.9143330168464179,0.8911355178776846,10000,10000,True,False,True,/content/cv3d-project/data/cache/reconstruction/predictions/03001627/1145248e1eba424d492d9da2668ec34c/1e1311d196776b4f23a092a4.npz,912121a7bfe802727105f0059b118385681b23ce597ff0f7960403d478cf2d83,/content/cv3d-project/data/cache/reconstruction/metrics/03001627/1145248e1eba424d492d9da2668ec34c/bed6acdb320fa0957b60640f.json,11.78789699997651
03001627/114b563de051057fcda85f6a3e19b0a1,oracle,1,[0],2.6044087606001636,2.718952018831404,2.8334952770626445,0.0,0.0,0.0,1.9923911952201632,0.0,0.0,0.0,0.0,0.0,0.0,camera_rotation_center_and_target_diameter_scale_single_view,8.43053147598776,0.0,10000,10000,True,True,True,/content/cv3d-project/data/cache/reconstruction/predictions/03001627/114b563de051057fcda85f6a3e19b0a1/d63e762938a0470bd759125a.npz,9e93417f3df74ba4774ac892a136ee5facf1c3c7a77a084165f91f95aac24b0e,/content/cv3d-project/data/cache/reconstruction/metrics/03001627/114b563de051057fcda85f6a3e19b0a1/9cd7129cb53fde6eadd9ef73.json,3.7720129998888297
03001627/114b563de051057fcda85f6a3e19b0a1,oracle,2,"[0, 31]",0.3231957379023355,0.5148236329857152,0.706451528069095,0.0,0.0,0.0,1.9923911952201632,0.0,0.0,0.0,0.0,0.0,0.0,camera_pose_sim3,2.43818506590379,0.10991264327104827,10000,10000,True,False,True,/content/cv3d-project/data/cache/reconstruction/predictions/03001627/114b563de051057fcda85f6a3e19b0a1/4c4fac12bc81117aabf550c9.npz,06a87f15462ec6110b76873a2308b2518df2e82885aea54dc8965f6766d8212d,/content/cv3d-project/data/cache/reconstruction/metrics/03001627/114b563de051057fcda85f6a3e19b0a1/8200a80accca39b3b59c81b3.json,12.007102000097802
03001627/114b563de051057fcda85f6a3e19b0a1,oracle,3,"[0, 31, 36]",0.24308806060948096,0.3099792903757955,0.3768705201421101,0.0,0.0,0.0,1.9923911952201632,0.0,0.0,0.0,0.0,0.0,0.0,camera_pose_sim3,2.8773651843615538,0.3472427337510513,10000,10000,True,False,True,/content/cv3d-project/data/cache/reconstruction/predictions/03001627/114b563de051057fcda85f6a3e19b0a1/a7e54d087789cbbb6032727d.npz,a02e0f1ca86ef49247e90617333b2473572ebaa95d1d63e2459cd00e65714e84,/content/cv3d-project/data/cache/reconstruction/metrics/03001627/114b563de051057fcda85f6a3e19b0a1/37409085a5acc9fd1d3ac705.json,11.987676999979158
03001627/114b563de051057fcda85f6a3e19b0a1,oracle,5,"[0, 31, 36, 17, 42]",0.10474121402878035,0.20960968007902162,0.3144781461292629,0.04655043782837128,0.0,0.0,1.9923911952201632,0.4322,0.0,0.0,0.0246,0.0,0.0,camera_pose_sim3,1.1585119682108451,1.2608427448362638,10000,10000,True,False,True,/content/cv3d-project/data/cache/reconstruction/predictions/03001627/114b563de051057fcda85f6a3e19b0a1/736949e894baa89ef571f4bc.npz,839a2edb0a5e2891b2ef3516196ea9ef84b4fa6fd74d5ac89e9514b56f8354aa,/content/cv3d-project/data/cache/reconstruction/metrics/03001627/114b563de051057fcda85f6a3e19b0a1/0141335cb50d457f6a4d9c93.json,11.791093999818258
03001627/114b563de051057fcda85f6a3e19b0a1,oracle,10,"[0, 31, 36, 17, 42, 4, 45, 43, 16, 3]",0.07490360100045773,0.1911859589731134,0.3074683169457691,0.17175150631681244,0.022567846607669615,0.03693946024799416,1.9923911952201632,0.7258,0.0535,0.1151,0.0974,0.0143,0.022,camera_pose_sim3,2.5653603657167587,0.6745077907092212,10000,10000,True,False,True,/content/cv3d-project/data/cache/reconstruction/predictions/03001627/114b563de051057fcda85f6a3e19b0a1/f112b45d3d7063d2391d17d2.npz,0ca9b0f14574abc57348a952eb0e4a0eff64029ea109f384c677c4ec0611575b,/content/cv3d-project/data/cache/reconstruction/metrics/03001627/114b563de051057fcda85f6a3e19b0a1/e9d13782bc4b51e28907e094.json,12.276550000024145
03001627/114f72b38dcabdf0823f29d871e57676,oracle,1,[0],0.9223629522275333,1.0090604194906043,1.0957578867536755,0.0,0.0,0.0,1.9973804334989995,0.0,0.0,0.0,0.0,0.0,0.0,camera_rotation_center_and_target_diameter_scale_single_view,5.039484448037756,0.0,10000,10000,True,True,True,/content/cv3d-project/data/cache/reconstruction/predictions/03001627/114f72b38dcabdf0823f29d871e57676/375c0f0f1ddc85c682a7548f.npz,887a409010a3dd46d6fd82ae76721c4e02b7d82c9fc82d9d7fb61496b6503918,/content/cv3d-project/data/cache/reconstruction/metrics/03001627/114f72b38dcabdf0823f29d871e57676/0505436cff89d7f1d4772a5b.json,3.811981000126252
03001627/114f72b38dcabdf0823f29d871e57676,oracle,2,"[0, 39]",0.043649057563300855,0.07860453332155859,0.11356000907981631,0.6476446091094493,0.038144888287068385,0.09653905362776025,1.9973804334989995,0.9897,0.1252,0.2576,0.4813,0.0225,0.0594,camera_pose_sim3,2.518878009683449,0.04315849593856929,10000,10000,True,False,True,/content/cv3d-project/data/cache/reconstruction/predictions/03001627/114f72b38dcabdf0823f29d871e57676/666a00d9b72757d51a21f2e6.npz,17a2b8dc469e5bd08f5e56ceb703ded39550db4c876b2e90a3d8cfb9c2a8337e,/content/cv3d-project/data/cache/reconstruction/metrics/03001627/114f72b38dcabdf0823f29d871e57676/d2d97eed67a4cfdeca1b56fe.json,11.22180499987735
03001627/114f72b38dcabdf0823f29d871e57676,oracle,3,"[0, 39, 35]",0.08038251799157059,0.1208056745702005,0.1612288311488304,0.4017838765008576,0.020213220815752463,0.048652743142144635,1.9973804334989995,0.64,0.0589,0.1305,0.2928,0.0122,0.0299,camera_pose_sim3,2.6248176712859395,0.10717034453480022,10000,10000,True,False,True,/content/cv3d-project/data/cache/reconstruction/predictions/03001627/114f72b38dcabdf0823f29d871e57676/326c792a1aafbd86256fb5f6.npz,adfb780347b8782624f0ea961ab01e24fb2ba98e61092b624aaa06a1fee244cd,/content/cv3d-project/data/cache/reconstruction/metrics/03001627/114f72b38dcabdf0823f29d871e57676/f72680e7c17388491c4a3f72.json,11.353446000157419
03001627/114f72b38dcabdf0823f29d871e57676,oracle,5,"[0, 39, 35, 8, 13]",0.03485034447729497,0.049449785284578496,0.06404922609186202,0.8569806869434485,0.1247872340425532,0.26736972720187063,1.9973804334989995,0.9464,0.2346,0.4516,0.783,0.085,0.1899,camera_pose_sim3,2.6036648214618396,0.056822788447290044,10000,10000,True,False,True,/content/cv3d-project/data/cache/reconstruction/predictions/03001627/114f72b38dcabdf0823f29d871e57676/0f983f20dc7c5a1d01f0110a.npz,f6e750112487ab7359b7a85ba71b22d0e6479bfd5fd0cdbe6f2b45be0b52e760,/content/cv3d-project/data/cache/reconstruction/metrics/03001627/114f72b38dcabdf0823f29d871e57676/cf9952695c311947a08daa44.json,11.658259000341786
03001627/114f72b38dcabdf0823f29d871e57676,oracle,10,"[0, 39, 35, 8, 13, 6, 2, 36, 32, 23]",0.027608205868338204,0.03583101241581366,0.04405381896328911,0.9315537515375154,0.2316279754601227,0.4070323449497932,1.9973804334989995,0.9913,0.3006,0.5061,0.8786,0.1884,0.3404,camera_pose_sim3,2.6111596983308583,0.05090182057990418,10000,10000,True,False,True,/content/cv3d-project/data/cache/reconstruction/predictions/03001627/114f72b38dcabdf0823f29d871e57676/1a156f6d92d65054db65ac2d.npz,ca94f3cd9ce31a82111b411674688cc4d5c5257821727234d6fcbb7e899cab59,/content/cv3d-project/data/cache/reconstruction/metrics/03001627/114f72b38dcabdf0823f29d871e57676/02b0166cb3fe6319ad1c9785.json,12.547484000151599
03001627/11506b96d41f7d3dd7c4a943f33e0384,oracle,1,[0],0.7603661694695203,0.8783011364079037,0.9962361033462872,0.0,0.0,0.0,1.9997221151908326,0.0,0.0,0.0,0.0,0.0,0.0,camera_rotation_center_and_target_diameter_scale_single_view,4.666802193636301,0.0,10000,10000,True,True,True,/content/cv3d-project/data/cache/reconstruction/predictions/03001627/11506b96d41f7d3dd7c4a943f33e0384/ebf64c91b6685aa3a1c8a6a2.npz,621a0b9c57d6c5c35d02f059b8dda1842791369054c26a782ad66c4bde21582e,/content/cv3d-project/data/cache/reconstruction/metrics/03001627/11506b96d41f7d3dd7c4a943f33e0384/17f45a02def5907b3bd37987.json,3.936888999760413
03001627/11506b96d41f7d3dd7c4a943f33e0384,oracle,2,"[0, 44]",0.04677495944809431,0.09642338309232204,0.14607180673654976,0.5062676568178227,0.02962453591606134,0.07145606307775963,1.9997221151908326,0.916,0.1067,0.3277,0.3498,0.0172,0.0401,camera_pose_sim3,2.555518915039339,0.07138032440951687,10000,10000,True,False,True,/content/cv3d-project/data/cache/reconstruction/predictions/03001627/11506b96d41f7d3dd7c4a943f33e0384/ab80f92568ee7253b3f2dd33.npz,82a59a98f917dd6d76ca6ef2d96b1be2e8bcbf90cbbf9fe6897283b572b37cc1,/content/cv3d-project/data/cache/reconstruction/metrics/03001627/11506b96d41f7d3dd7c4a943f33e0384/ca5184e87c685e942dffca52.json,11.899238000296464
03001627/11506b96d41f7d3dd7c4a943f33e0384,oracle,3,"[0, 44, 9]",0.023631039516931192,0.057199400365016057,0.09076776121310093,0.7448168003536917,0.08621981230448383,0.18557978175204606,1.9997221151908326,0.9842,0.2349,0.5481,0.5991,0.0528,0.1117,camera_pose_sim3,2.509864459660608,0.09400020395547481,10000,10000,True,False,True,/content/cv3d-project/data/cache/reconstruction/predictions/03001627/11506b96d41f7d3dd7c4a943f33e0384/a985f50282ba9b35a21553d6.npz,54853973d3cc22b9e56bfe0ca673938f0ac4411ef8b1ffa2676b780cc4c47fff,/content/cv3d-project/data/cache/reconstruction/metrics/03001627/11506b96d41f7d3dd7c4a943f33e0384/407cf0e4fb135f335bbb1a08.json,11.592489000122441
03001627/11506b96d41f7d3dd7c4a943f33e0384,oracle,5,"[0, 44, 9, 32, 11]",0.03163992642044553,0.05111767925152687,0.07059543208260821,0.878222772555862,0.06651237113402061,0.17234169505962518,1.9997221151908326,0.9832,0.1299,0.3559,0.7935,0.0447,0.1137,camera_pose_sim3,2.4621665233543735,0.0772288450850729,10000,10000,True,False,True,/content/cv3d-project/data/cache/reconstruction/predictions/03001627/11506b96d41f7d3dd7c4a943f33e0384/9a6c99871d8c48cf02fd3543.npz,82819331ecacb948dc8ac31248ea53d2f327b21e4a1e446b6e84a5fc6048573a,/content/cv3d-project/data/cache/reconstruction/metrics/03001627/11506b96d41f7d3dd7c4a943f33e0384/7459be70f5ed0a79924a0362.json,11.51152300008107
03001627/11506b96d41f7d3dd7c4a943f33e0384,oracle,10,"[0, 44, 9, 32, 11, 42, 6, 30, 26, 1]",0.029198441715010695,0.04460192852150295,0.060005415327995214,0.9279451220166265,0.106575,0.25392094375106855,1.9997221151908326,0.9956,0.1479,0.3986,0.8689,0.0833,0.1863,camera_pose_sim3,2.5049105660595377,0.08541092848985042,10000,10000,True,False,True,/content/cv3d-project/data/cache/reconstruction/predictions/03001627/11506b96d41f7d3dd7c4a943f33e0384/4cfa43650c57e4d00d511190.npz,0fa3833c94032a6bece80d3c89dfb30a3844f2b79c9052af9311727de55b021e,/content/cv3d-project/data/cache/reconstruction/metrics/03001627/11506b96d41f7d3dd7c4a943f33e0384/753f1f508df91b1de3c0e650.json,12.05185699973299
03001627/11525a18678f7ce6ae1e1181f20bb9c8,oracle,1,[0],1.749785425309719,1.8623914966179318,1.9749975679261444,0.0,0.0,0.0,1.9927891994618592,0.0,0.0,0.0,0.0,0.0,0.0,camera_rotation_center_and_target_diameter_scale_single_view,6.813925994277461,0.0,10000,10000,True,True,True,/content/cv3d-project/data/cache/reconstruction/predictions/03001627/11525a18678f7ce6ae1e1181f20bb9c8/b80cbe2b701e506427ef81c5.npz,36a8a96486f0bc291fe2a9274cb95e4682ed59faaf65eb22f94c351b42eaab86,/content/cv3d-project/data/cache/reconstruction/metrics/03001627/11525a18678f7ce6ae1e1181f20bb9c8/a6b8214328bb48afb7926e7b.json,3.704893999838532
03001627/11525a18678f7ce6ae1e1181f20bb9c8,oracle,2,"[0, 39]",0.029068000662732373,0.08190302517953617,0.13473804969633996,0.57690458964827,0.05400420757363254,0.11625246868091375,1.9927891994618592,0.9921,0.255,0.4766,0.4067,0.0302,0.0662,camera_pose_sim3,2.6360940625944664,0.07732106188031321,10000,10000,True,False,True,/content/cv3d-project/data/cache/reconstruction/predictions/03001627/11525a18678f7ce6ae1e1181f20bb9c8/78ec813c9b090939da587ab0.npz,38da7e483c2dce9df61782afa5d259a332ae10f56884398a4c73b9473c5ec599,/content/cv3d-project/data/cache/reconstruction/metrics/03001627/11525a18678f7ce6ae1e1181f20bb9c8/a76fd38f20ecc433a98dd194.json,11.653909999949974
03001627/11525a18678f7ce6ae1e1181f20bb9c8,oracle,3,"[0, 39, 35]",0.03959658839514636,0.08792045688684028,0.13624432537853418,0.5789398891573113,0.03896978215038651,0.10039932030586236,1.9927891994618592,1.0,0.119,0.2925,0.4074,0.0233,0.0606,camera_pose_sim3,2.640159518258272,0.0504870374990789,10000,10000,True,False,True,/content/cv3d-project/data/cache/reconstruction/predictions/03001627/11525a18678f7ce6ae1e1181f20bb9c8/c5c6321656c02c0552d31526.npz,120b3396a2bd619c219d60497de6f57fefda2ec46628ee937e22bf3c031c18c0,/content/cv3d-project/data/cache/reconstruction/metrics/03001627/11525a18678f7ce6ae1e1181f20bb9c8/7a02c5251f5edaa8b96faa87.json,12.204255000142439
03001627/11525a18678f7ce6ae1e1181f20bb9c8,oracle,5,"[0, 39, 35, 24, 29]",0.08935504913065405,0.10568436665355636,0.12201368417645868,0.4649670896696381,0.018379237288135595,0.05484902789518174,1.9927891994618592,0.5517,0.0347,0.0751,0.4018,0.0125,0.0432,camera_pose_sim3,2.5898855108638292,0.175170589913985,10000,10000,True,False,True,/content/cv3d-project/data/cache/reconstruction/predictions/03001627/11525a18678f7ce6ae1e1181f20bb9c8/19eb9d15131655ab17ef5007.npz,5b06718474fb2fcb19aa083b2a30ad9c7b21c1f93b1030435fc38df80a3a0f13,/content/cv3d-project/data/cache/reconstruction/metrics/03001627/11525a18678f7ce6ae1e1181f20bb9c8/021b330ea62fb40acf5b1d89.json,12.316629999986617
03001627/11525a18678f7ce6ae1e1181f20bb9c8,oracle,10,"[0, 39, 35, 24, 29, 2, 47, 19, 17, 33]",0.06392519887969977,0.09522918406313592,0.12653316924657207,0.525345003899818,0.05743800151400454,0.12747899159663867,1.9927891994618592,0.7495,0.0899,0.205,0.4044,0.0422,0.0925,camera_pose_sim3,2.4599783311712153,0.442967781217488,10000,10000,True,False,True,/content/cv3d-project/data/cache/reconstruction/predictions/03001627/11525a18678f7ce6ae1e1181f20bb9c8/a4044de747df12dd1aa3aec5.npz,1658ac42f5da2dbb382914ea85d2af9eb7c651d653c093fe9920a4b19e87dc99,/content/cv3d-project/data/cache/reconstruction/metrics/03001627/11525a18678f7ce6ae1e1181f20bb9c8/d09a75500570a015dd3c8c9b.json,13.066600000001927
03001627/1157d8d6995da5c0290d57214c8512a4,oracle,1,[0],2.0439112712512544,2.1380705228553776,2.2322297744595003,0.0,0.0,0.0,1.9972981428191343,0.0,0.0,0.0,0.0,0.0,0.0,camera_rotation_center_and_target_diameter_scale_single_view,7.156406277350846,0.0,10000,10000,True,True,True,/content/cv3d-project/data/cache/reconstruction/predictions/03001627/1157d8d6995da5c0290d57214c8512a4/d3510723b0dd6a815770baf7.npz,4114ac2c42e8a54450d7570301dc21e5fc177f59fc5bff5249340eb03d8e14d2,/content/cv3d-project/data/cache/reconstruction/metrics/03001627/1157d8d6995da5c0290d57214c8512a4/3a6e7e40599dc9813b0b438b.json,3.7763270001960336
03001627/1157d8d6995da5c0290d57214c8512a4,oracle,2,"[0, 44]",0.0262224645888717,0.09686037961500521,0.16749829464113872,0.5624638631298972,0.02307754010695187,0.06327052996532936,1.9972981428191343,0.9998,0.137,0.3692,0.3913,0.0126,0.0346,camera_pose_sim3,2.636854400205701,0.04415841961841702,10000,10000,True,False,True,/content/cv3d-project/data/cache/reconstruction/predictions/03001627/1157d8d6995da5c0290d57214c8512a4/c4d827df0fa65f9309378942.npz,c7e3f641670f43291b31776968fdb5f4cda76280ea320e29ad5474c043ab733d,/content/cv3d-project/data/cache/reconstruction/metrics/03001627/1157d8d6995da5c0290d57214c8512a4/d00c1f50f679985688432eca.json,11.237264000101277
03001627/1157d8d6995da5c0290d57214c8512a4,oracle,3,"[0, 44, 8]",0.1303924812206992,0.19746868863308603,0.2645448960454728,0.06849894842263396,0.001821875,0.0042864864864864865,1.9972981428191343,0.1558,0.0053,0.0122,0.0439,0.0011,0.0026,camera_pose_sim3,2.5903304888177074,0.24249728508466775,10000,10000,True,False,True,/content/cv3d-project/data/cache/reconstruction/predictions/03001627/1157d8d6995da5c0290d57214c8512a4/3cf9d6116f84caece88f6282.npz,03cfb220de11b67c638d177756de49cb69084fe9a0767d00a26c3dcabbacdfb0,/content/cv3d-project/data/cache/reconstruction/metrics/03001627/1157d8d6995da5c0290d57214c8512a4/069dbee4a530ffda28fda61f.json,11.224465999930544
03001627/1157d8d6995da5c0290d57214c8512a4,oracle,5,"[0, 44, 8, 39, 35]",0.3354220856100355,0.4292167646311835,0.5230114436523315,0.0,0.0,0.0,1.9972981428191343,0.0,0.0,0.0,0.0,0.0,0.0,camera_pose_sim3,2.3235347236072768,0.6420459204947904,10000,10000,True,False,True,/content/cv3d-project/data/cache/reconstruction/predictions/03001627/1157d8d6995da5c0290d57214c8512a4/b6aed95104478904774eab8d.npz,0320a4ed859958f6e618593f0762828bd2d6717178f7ceccaccecabc06306a36,/content/cv3d-project/data/cache/reconstruction/metrics/03001627/1157d8d6995da5c0290d57214c8512a4/f7bff9fe5e5a910c58866440.json,11.664557999665703
03001627/1157d8d6995da5c0290d57214c8512a4,oracle,10,"[0, 44, 8, 39, 35, 21, 1, 38, 11, 40]",0.04326508017106905,0.08328028590996145,0.12329549164885384,0.5300790475468264,0.049587519500780025,0.13145460617868077,1.9972981428191343,0.9513,0.0946,0.2727,0.3674,0.0336,0.0866,camera_pose_sim3,2.79071768144542,0.25670054130203673,10000,10000,True,False,True,/content/cv3d-project/data/cache/reconstruction/predictions/03001627/1157d8d6995da5c0290d57214c8512a4/8fb38380580d41e024c284a8.npz,718890cb55015b554a0e0c72e4dccc295a909b217b7faa62f2258995a1906f69,/content/cv3d-project/data/cache/reconstruction/metrics/03001627/1157d8d6995da5c0290d57214c8512a4/2122f85c4586bfd1d0750ade.json,12.802998000097432
03001627/115b11a77b8d8c3c110a27d1d78196,oracle,1,[0],1.1002605230720683,1.2095565354500726,1.3188525478280768,0.0,0.0,0.0,1.9983936070095207,0.0,0.0,0.0,0.0,0.0,0.0,camera_rotation_center_and_target_diameter_scale_single_view,5.432095631926011,0.0,10000,10000,True,True,True,/content/cv3d-project/data/cache/reconstruction/predictions/03001627/115b11a77b8d8c3c110a27d1d78196/7325763fae826c60e93991b8.npz,b7c80cc4e84c2bc89e7030fccae42886d143081df6d48d80f819490a5af8a782,/content/cv3d-project/data/cache/reconstruction/metrics/03001627/115b11a77b8d8c3c110a27d1d78196/f286144afa123c4d80ddd314.json,3.814336000232288
03001627/115b11a77b8d8c3c110a27d1d78196,oracle,2,"[0, 35]",2.243373057350201,2.331913797481709,2.4204545376132165,0.0,0.0,0.0,1.9983936070095207,0.0,0.0,0.0,0.0,0.0,0.0,camera_pose_sim3_positive_scale_fallback,3.5171973301293606,5.679455900119945e-16,10000,10000,True,False,True,/content/cv3d-project/data/cache/reconstruction/predictions/03001627/115b11a77b8d8c3c110a27d1d78196/e729da72991c41f35763d3ce.npz,cc538696fb3c150699f0f5d4e58bbb870c09b9770aa6e7a8961725f339aefdf0,/content/cv3d-project/data/cache/reconstruction/metrics/03001627/115b11a77b8d8c3c110a27d1d78196/421168ae5eeff93267182ef0.json,11.941739000121743
03001627/115b11a77b8d8c3c110a27d1d78196,oracle,3,"[0, 35, 23]",0.11525428877882729,0.3022007361727922,0.48914718356675707,0.13180725388601036,0.0023673469387755102,0.004390909090909091,1.9983936070095207,0.4437,0.0029,0.0046,0.0774,0.002,0.0042,camera_pose_sim3,2.1667511839387044,0.7616510451490666,10000,10000,True,False,True,/content/cv3d-project/data/cache/reconstruction/predictions/03001627/115b11a77b8d8c3c110a27d1d78196/5aba36e8d6196f8691d79350.npz,0f7102ce4a1d6bf221f3199ae69933d8906636c811ec05e1634375c7470b61c7,/content/cv3d-project/data/cache/reconstruction/metrics/03001627/115b11a77b8d8c3c110a27d1d78196/5d5444aacde99e5ef59cb2a3.json,11.301394999918557
03001627/115b11a77b8d8c3c110a27d1d78196,oracle,5,"[0, 35, 23, 17, 44]",0.06767366407911593,0.1843752655777296,0.30107686707634324,0.3654231525076766,0.03340991596638655,0.07306597859327219,1.9983936070095207,0.7337,0.0989,0.2177,0.2433,0.0201,0.0439,camera_pose_sim3,2.056373398607777,0.7817370373931317,10000,10000,True,False,True,/content/cv3d-project/data/cache/reconstruction/predictions/03001627/115b11a77b8d8c3c110a27d1d78196/eddfa05330b19ea4691b3cfb.npz,aee8d9f131ba6b3dc1986f08e5af9cad4dee57be4a1539c6fe7f5aa436959507,/content/cv3d-project/data/cache/reconstruction/metrics/03001627/115b11a77b8d8c3c110a27d1d78196/a3416b2ecf6013b5b0ca6a1b.json,11.499056000047858
03001627/115b11a77b8d8c3c110a27d1d78196,oracle,10,"[0, 35, 23, 17, 44, 29, 19, 42, 12, 31]",0.17707611153284034,0.2681099109999667,0.35914371046709315,0.1433997210599721,0.012121863799283154,0.024727941176470584,1.9983936070095207,0.1432,0.019,0.0354,0.1436,0.0089,0.019,camera_pose_sim3,2.522188292772277,0.41323867542099263,10000,10000,True,False,True,/content/cv3d-project/data/cache/reconstruction/predictions/03001627/115b11a77b8d8c3c110a27d1d78196/5ff85fb140a8972c9be00522.npz,57300b55e58edb3abe576ac6f7b7fcc1ff6aacf3e35cfbb3b54ce1d6e52d6dae,/content/cv3d-project/data/cache/reconstruction/metrics/03001627/115b11a77b8d8c3c110a27d1d78196/ed1e7f5dc0d21e8d876bf452.json,11.792478000188567
03001627/1166b15756ed9b8897317616969032,oracle,1,[0],2.4765994522681294,2.5838704879306063,2.6911415235930836,0.0,0.0,0.0,1.9588207549798387,0.0,0.0,0.0,0.0,0.0,0.0,camera_rotation_center_and_target_diameter_scale_single_view,7.985322764360495,0.0,10000,10000,True,True,True,/content/cv3d-project/data/cache/reconstruction/predictions/03001627/1166b15756ed9b8897317616969032/dad33a6ad820d4ae1cc959e8.npz,a0f0750000d0d156427c5d23a4bee0d5f7b2f31513cf79c04afe3eca5dcc7eb9,/content/cv3d-project/data/cache/reconstruction/metrics/03001627/1166b15756ed9b8897317616969032/4a2fa480265853fe3d42a88b.json,3.920818000096915
03001627/1166b15756ed9b8897317616969032,oracle,2,"[0, 38]",0.8089998430033675,0.9446860300045197,1.0803722170056718,0.0,0.0,0.0,1.9588207549798387,0.0,0.0,0.0,0.0,0.0,0.0,camera_pose_sim3,2.2600176790338655,0.6178682883536128,10000,10000,True,False,True,/content/cv3d-project/data/cache/reconstruction/predictions/03001627/1166b15756ed9b8897317616969032/4b9ac5354dbbfe3cb9df6e0f.npz,dc10c073cbe962166f2c0e9a3fb2a0b745e70fe01d31901b0333d84bcd6eae55,/content/cv3d-project/data/cache/reconstruction/metrics/03001627/1166b15756ed9b8897317616969032/681006422ff4d4e2707f15ee.json,12.556520000089222
03001627/1166b15756ed9b8897317616969032,oracle,3,"[0, 38, 35]",3.1061551268578906,3.163511179045404,3.220867231232918,0.0,0.0,0.0,1.9588207549798387,0.0,0.0,0.0,0.0,0.0,0.0,camera_pose_sim3_positive_scale_fallback,3.672156223509945,1.2199282408911776,10000,10000,True,False,True,/content/cv3d-project/data/cache/reconstruction/predictions/03001627/1166b15756ed9b8897317616969032/af50290c4243d0482ca7624f.npz,48fad83dbfc8db3dd7d0ba6c1127cf03faebee77e290b8429df572209791a365,/content/cv3d-project/data/cache/reconstruction/metrics/03001627/1166b15756ed9b8897317616969032/3c777fa8cd0e4993144e49d4.json,12.410345000262168
03001627/1166b15756ed9b8897317616969032,oracle,5,"[0, 38, 35, 33, 22]",0.2178874180750065,0.29179476653154157,0.3657021149880767,0.0,0.0,0.0,1.9588207549798387,0.0,0.0,0.0,0.0,0.0,0.0,camera_pose_sim3,0.5963609478475461,1.3313716093625665,10000,10000,True,False,True,/content/cv3d-project/data/cache/reconstruction/predictions/03001627/1166b15756ed9b8897317616969032/71cb515bc91f4db450450d9e.npz,8254e27ff05ed6a35c2283fdb2990c35289bbaf5a69afa933f64670045114c76,/content/cv3d-project/data/cache/reconstruction/metrics/03001627/1166b15756ed9b8897317616969032/d90b440e61c7538e8fd66563.json,12.475208999603637
03001627/1166b15756ed9b8897317616969032,oracle,10,"[0, 38, 35, 33, 22, 21, 29, 19, 8, 45]",0.6868433836009913,0.7766705385948413,0.8664976935886912,0.0,0.0,0.0,1.9588207549798387,0.0,0.0,0.0,0.0,0.0,0.0,camera_pose_sim3,1.409330512720461,1.0650785778089118,10000,10000,True,False,True,/content/cv3d-project/data/cache/reconstruction/predictions/03001627/1166b15756ed9b8897317616969032/51a32e47946a44121183c5e5.npz,dad90e341a434918bf4c1120b0d4942a4f1ba4fd38d67abc2c6e03d2d260ad12,/content/cv3d-project/data/cache/reconstruction/metrics/03001627/1166b15756ed9b8897317616969032/7d3516552d3a9c074e7e8335.json,12.818041000173253
03001627/116a9cd5ac9a008ee8cb931b01d0a372,oracle,1,[0],1.4886614175435158,1.606986012248073,1.7253106069526303,0.0,0.0,0.0,1.5125542066622581,0.0,0.0,0.0,0.0,0.0,0.0,camera_rotation_center_and_target_diameter_scale_single_view,5.304041178242901,0.0,10000,10000,True,True,True,/content/cv3d-project/data/cache/reconstruction/predictions/03001627/116a9cd5ac9a008ee8cb931b01d0a372/35a67836c96b92814a0994c6.npz,c3d28f8a56fd3476f90a86ecbda39e4dea2f819c8f61d2a04a0633095e716c38,/content/cv3d-project/data/cache/reconstruction/metrics/03001627/116a9cd5ac9a008ee8cb931b01d0a372/eaebe35d97ef0fd0da75371c.json,3.8558200003535603
03001627/116a9cd5ac9a008ee8cb931b01d0a372,oracle,2,"[0, 44]",0.10224228130287574,0.17738153846547033,0.2525207956280649,0.12375437798498976,0.0,0.0,1.5125542066622581,0.3652,0.0,0.0,0.0745,0.0,0.0,camera_pose_sim3,2.3373200492178987,0.07570982647691739,10000,10000,True,False,True,/content/cv3d-project/data/cache/reconstruction/predictions/03001627/116a9cd5ac9a008ee8cb931b01d0a372/85630ac4a60efefb951e99dc.npz,013d1ab39c74b67a4bc9d0bd6629711c7e3d68e734896b4df5308719370992a1,/content/cv3d-project/data/cache/reconstruction/metrics/03001627/116a9cd5ac9a008ee8cb931b01d0a372/8b4c29edf5707b77d8378ecd.json,11.540735000380664
03001627/116a9cd5ac9a008ee8cb931b01d0a372,oracle,3,"[0, 44, 17]",0.03497018338532416,0.10651104376054141,0.17805190413575864,0.4649723275450055,0.0392979020979021,0.13412784,1.5125542066622581,0.9473,0.0892,0.4202,0.3081,0.0252,0.0798,camera_pose_sim3,2.365534157946307,0.20428771041668184,10000,10000,True,False,True,/content/cv3d-project/data/cache/reconstruction/predictions/03001627/116a9cd5ac9a008ee8cb931b01d0a372/72f77d95629ac189ae50574b.npz,f13781fa20b729ec2ffac15bc03b7ff4be02c7880aedd28a8991b7bd5ff04126,/content/cv3d-project/data/cache/reconstruction/metrics/03001627/116a9cd5ac9a008ee8cb931b01d0a372/8b8e4aeba0aab623dee7e6bb.json,11.653920999833645
03001627/116a9cd5ac9a008ee8cb931b01d0a372,oracle,5,"[0, 44, 17, 39, 19]",0.026842314886016766,0.060664445586078336,0.0944865762861399,0.7488638978443644,0.04677544154751893,0.20494783649734907,1.5125542066622581,0.9734,0.0869,0.4522,0.6085,0.032,0.1325,camera_pose_sim3,2.310133382291189,0.22689979533986634,10000,10000,True,False,True,/content/cv3d-project/data/cache/reconstruction/predictions/03001627/116a9cd5ac9a008ee8cb931b01d0a372/29de88a74daba4efcc894c00.npz,db3f76fb64e426a2646f16def2621a7cd9f3f025f35e15571c85635f77d7dd4e,/content/cv3d-project/data/cache/reconstruction/metrics/03001627/116a9cd5ac9a008ee8cb931b01d0a372/02f6e3fd432ebf4ae81347e2.json,11.879865000082646
03001627/116a9cd5ac9a008ee8cb931b01d0a372,oracle,10,"[0, 44, 17, 39, 19, 15, 47, 20, 42, 21]",0.028888331085641334,0.05214294192359518,0.07539755276154902,0.8225684210526315,0.1003403556771546,0.23661987693455155,1.5125542066622581,0.9768,0.1416,0.3601,0.7104,0.0777,0.1762,camera_pose_sim3,2.3836986908563476,0.28379912808564345,10000,10000,True,False,True,/content/cv3d-project/data/cache/reconstruction/predictions/03001627/116a9cd5ac9a008ee8cb931b01d0a372/d61b2bb9024582ed65a910ff.npz,4a552ec82c6e22121face110e070aa4ff5e1b1170ab93ae4d01e416c3c682193,/content/cv3d-project/data/cache/reconstruction/metrics/03001627/116a9cd5ac9a008ee8cb931b01d0a372/f60048a731d542e285b8d6fa.json,12.273695999738266
03001627/116bcb3b43de74b9df9054bbcf5c6adc,oracle,1,[0],1.9578236498449038,2.0875204028841194,2.2172171559233353,0.0,0.0,0.0,1.997767926885949,0.0,0.0,0.0,0.0,0.0,0.0,camera_rotation_center_and_target_diameter_scale_single_view,7.201165473154735,0.0,10000,10000,True,True,True,/content/cv3d-project/data/cache/reconstruction/predictions/03001627/116bcb3b43de74b9df9054bbcf5c6adc/62c610e57b4fab3a03de2cee.npz,0757abd0af0de375f4b2a3383b03c0624d0b5c5dcf56fb6236dba2459a1b8f36,/content/cv3d-project/data/cache/reconstruction/metrics/03001627/116bcb3b43de74b9df9054bbcf5c6adc/d6fc9965f1bae04d9ef37ed8.json,4.672323999784567
03001627/116bcb3b43de74b9df9054bbcf5c6adc,oracle,2,"[0, 44]",0.10010191392141508,0.20947699588048593,0.31885207783955677,0.1469567168964412,0.009053892215568864,0.02609713790112749,1.997767926885949,0.1934,0.028,0.1003,0.1185,0.0054,0.015,camera_pose_sim3,2.2919246433035254,0.035531138795207036,10000,10000,True,False,True,/content/cv3d-project/data/cache/reconstruction/predictions/03001627/116bcb3b43de74b9df9054bbcf5c6adc/b4201735ac39ddd190f46aac.npz,0bfb8c4c28a0ba3251d89c75420bf2a568fee4a5931ceb832c88e08344134807,/content/cv3d-project/data/cache/reconstruction/metrics/03001627/116bcb3b43de74b9df9054bbcf5c6adc/38eff0187ff38537c999b5ce.json,13.17480300031093
03001627/116bcb3b43de74b9df9054bbcf5c6adc,oracle,3,"[0, 44, 33]",0.20503615404104594,0.3060980588725576,0.40715996370406926,0.012864636542239686,0.0,0.0,1.997767926885949,0.0949,0.0,0.0,0.0069,0.0,0.0,camera_pose_sim3,1.8269896444482419,0.7564451346624913,10000,10000,True,False,True,/content/cv3d-project/data/cache/reconstruction/predictions/03001627/116bcb3b43de74b9df9054bbcf5c6adc/ff7f5fe7ed9aef231589aa01.npz,4751d52e9ada9d62585f608d6065f56412745d09c32c7d91ae8de70fcbda1176,/content/cv3d-project/data/cache/reconstruction/metrics/03001627/116bcb3b43de74b9df9054bbcf5c6adc/1a88c0e6ed88ea378eec5651.json,12.090037999769265
03001627/116bcb3b43de74b9df9054bbcf5c6adc,oracle,5,"[0, 44, 33, 31, 35]",0.0356824691931735,0.06018434932453088,0.08468622945588826,0.74735760467014,0.03979781529294936,0.14362633160338706,1.997767926885949,0.9945,0.0734,0.268,0.5986,0.0273,0.0981,camera_pose_sim3,2.614174013785371,0.07193950801085142,10000,10000,True,False,True,/content/cv3d-project/data/cache/reconstruction/predictions/03001627/116bcb3b43de74b9df9054bbcf5c6adc/58f4c2c994391b7868203277.npz,9189378bcdfa2fb528a9240547a1fd3ca7631d8ad2934a675de4efcdd45916c7,/content/cv3d-project/data/cache/reconstruction/metrics/03001627/116bcb3b43de74b9df9054bbcf5c6adc/5896cacd83e99d8dd1aa8b8b.json,12.137828000049922
03001627/116bcb3b43de74b9df9054bbcf5c6adc,oracle,10,"[0, 44, 33, 31, 35, 30, 20, 45, 22, 17]",0.039031077466184914,0.06586250416224956,0.09269393085831422,0.7065162415928614,0.10558659217877095,0.17232834152883328,1.997767926885949,0.9333,0.175,0.3309,0.5684,0.0756,0.1165,camera_pose_sim3,2.675448423097352,0.2010690248740611,10000,10000,True,False,True,/content/cv3d-project/data/cache/reconstruction/predictions/03001627/116bcb3b43de74b9df9054bbcf5c6adc/a28db6030b687d1aca01c35d.npz,25a82a8a4af640e3c995832e1815934b70488fd79efac4d781586fe44b927c05,/content/cv3d-project/data/cache/reconstruction/metrics/03001627/116bcb3b43de74b9df9054bbcf5c6adc/cbe1dc24d7a8f4433e72a498.json,12.024651000047015
03001627/11740d372308f12185047f9f654ddc2e,oracle,1,[0],1.9483261103209664,2.051977403046014,2.1556286957710613,0.0,0.0,0.0,2.0000033045491494,0.0,0.0,0.0,0.0,0.0,0.0,camera_rotation_center_and_target_diameter_scale_single_view,6.971379459648535,0.0,10000,10000,True,True,True,/content/cv3d-project/data/cache/reconstruction/predictions/03001627/11740d372308f12185047f9f654ddc2e/64b72af2aeb840f2809882ce.npz,1ec8eb99209977b03152bbdc13931418e6867587b324ba800d4cddab017a64dd,/content/cv3d-project/data/cache/reconstruction/metrics/03001627/11740d372308f12185047f9f654ddc2e/594876e0b22fdde2266b0bfc.json,3.757231999770738
03001627/11740d372308f12185047f9f654ddc2e,oracle,2,"[0, 39]",0.3612700692050866,0.4105483811715791,0.4598266931380717,0.0,0.0,0.0,2.0000033045491494,0.0,0.0,0.0,0.0,0.0,0.0,camera_pose_sim3,2.641253123088888,0.23554098851459537,10000,10000,True,False,True,/content/cv3d-project/data/cache/reconstruction/predictions/03001627/11740d372308f12185047f9f654ddc2e/5bcef5a93589ae1973eaa5ea.npz,9526c962c6c6ba315d809a91df1a65a950373c5dbce5ca47385798f793384631,/content/cv3d-project/data/cache/reconstruction/metrics/03001627/11740d372308f12185047f9f654ddc2e/9dfdb845ed32e8e4e5ff66a3.json,11.126634999982343
03001627/11740d372308f12185047f9f654ddc2e,oracle,3,"[0, 39, 35]",0.04433821266410268,0.0871767898446273,0.13001536702515193,0.5857504901604821,0.00825,0.031794085432639646,2.0000033045491494,0.9546,0.0165,0.0708,0.4225,0.0055,0.0205,camera_pose_sim3,2.4348770811628513,0.16567172738325373,10000,10000,True,False,True,/content/cv3d-project/data/cache/reconstruction/predictions/03001627/11740d372308f12185047f9f654ddc2e/abbc0653fbee282f18cf6f73.npz,93cd88a2a150f1fe5b2a10f84105af8a08b8ef4d65ae7e0e97351206a769bd41,/content/cv3d-project/data/cache/reconstruction/metrics/03001627/11740d372308f12185047f9f654ddc2e/fd10c68f3e51a0d21bbff24d.json,11.128258000098867
03001627/11740d372308f12185047f9f654ddc2e,oracle,5,"[0, 39, 35, 9, 37]",0.02666695480208881,0.04862175671323028,0.07057655862437175,0.8467495873968492,0.10820936270653031,0.3599058607266436,2.0000033045491494,0.9971,0.1761,0.6801,0.7358,0.0781,0.2447,camera_pose_sim3,2.394923873108363,0.08796052741413722,10000,10000,True,False,True,/content/cv3d-project/data/cache/reconstruction/predictions/03001627/11740d372308f12185047f9f654ddc2e/aa85aa662e7a76df1f9f8d7c.npz,ea0fb7f50cd4dd7473706f16073e6aff2fc2fc3f4b0ba6f7b1c9ccb746b83eaa,/content/cv3d-project/data/cache/reconstruction/metrics/03001627/11740d372308f12185047f9f654ddc2e/5e7135840d79021da9543e7d.json,12.26808000001256
03001627/11740d372308f12185047f9f654ddc2e,oracle,10,"[0, 39, 35, 9, 37, 24, 34, 4, 18, 38]",0.02736532078193307,0.04752196063335454,0.067678600484776,0.8777914936595219,0.17283090611098104,0.2404848086713746,2.0000033045491494,1.0,0.3068,0.444,0.7822,0.1203,0.1649,camera_pose_sim3,2.468194349927676,0.10104742683906918,10000,10000,True,False,True,/content/cv3d-project/data/cache/reconstruction/predictions/03001627/11740d372308f12185047f9f654ddc2e/ccb48bcd392397ee1b08311b.npz,50d2e348a2e456745e2dce1b2b57dc444aaa4930c65c934a5d27196af6e2ea6c,/content/cv3d-project/data/cache/reconstruction/metrics/03001627/11740d372308f12185047f9f654ddc2e/ceeb0dee5df43787a9166b74.json,12.842723000176193
03001627/117930a8f2e37f9b707cdefe012d0353,oracle,1,[0],1.6626849717379815,1.7768545422199362,1.8910241127018912,0.0,0.0,0.0,1.9951744493176,0.0,0.0,0.0,0.0,0.0,0.0,camera_rotation_center_and_target_diameter_scale_single_view,6.458543729226281,0.0,10000,10000,True,True,True,/content/cv3d-project/data/cache/reconstruction/predictions/03001627/117930a8f2e37f9b707cdefe012d0353/670fe63304f7d5b4e12fd713.npz,3166a5e12993cae977267cb7674333d7fd20299a88d00eece5b233894c108527,/content/cv3d-project/data/cache/reconstruction/metrics/03001627/117930a8f2e37f9b707cdefe012d0353/ff0d5749040604b487f898fa.json,3.9364829999612994
03001627/117930a8f2e37f9b707cdefe012d0353,oracle,2,"[0, 39]",0.31531625345609776,0.3666486328513802,0.4179810122466627,0.0,0.0,0.0,1.9951744493176,0.0,0.0,0.0,0.0,0.0,0.0,camera_pose_sim3,2.7729834049124555,0.25356791511184834,10000,10000,True,False,True,/content/cv3d-project/data/cache/reconstruction/predictions/03001627/117930a8f2e37f9b707cdefe012d0353/7fee80b5ff5d097c92c1312f.npz,85e7d859e40987eb54af595e7761a3bbe6502248ad6f952bc391b4b565029789,/content/cv3d-project/data/cache/reconstruction/metrics/03001627/117930a8f2e37f9b707cdefe012d0353/78467091282d099889976a39.json,11.58715299970936
03001627/117930a8f2e37f9b707cdefe012d0353,oracle,3,"[0, 39, 35]",0.18740713153273986,0.2346374044254874,0.2818676773182349,0.11282221346987002,0.003036144578313253,0.009874375,1.9951744493176,0.1693,0.0063,0.0259,0.0846,0.002,0.0061,camera_pose_sim3,2.756258889320185,0.2157924578137131,10000,10000,True,False,True,/content/cv3d-project/data/cache/reconstruction/predictions/03001627/117930a8f2e37f9b707cdefe012d0353/bfce0b65c387c6809e976c55.npz,6582f091bb5a46364849632b5092d2fbf9c65ef4a727906457d5c3adcc0d3493,/content/cv3d-project/data/cache/reconstruction/metrics/03001627/117930a8f2e37f9b707cdefe012d0353/4de2a5eac4fae3245acdd980.json,11.755324000205292
03001627/117930a8f2e37f9b707cdefe012d0353,oracle,5,"[0, 39, 35, 9, 37]",0.06752481347455437,0.0911240119271359,0.11472321037971742,0.4976181087988316,0.03096520509193777,0.07117958913187541,1.9951744493176,0.7136,0.0478,0.0934,0.382,0.0229,0.0575,camera_pose_sim3,2.777035720871972,0.17063630871013255,10000,10000,True,False,True,/content/cv3d-project/data/cache/reconstruction/predictions/03001627/117930a8f2e37f9b707cdefe012d0353/8c9203c0434d78dfc2d717d7.npz,a261eadbf8cf2efd5940c107874e7eb5f10d24f2f547c832e04839304e8c4cde,/content/cv3d-project/data/cache/reconstruction/metrics/03001627/117930a8f2e37f9b707cdefe012d0353/ba0b2c9aa5c11fd9ec683132.json,12.011307000193483
03001627/117930a8f2e37f9b707cdefe012d0353,oracle,10,"[0, 39, 35, 9, 37, 11, 31, 24, 20, 6]",0.04639482775516816,0.060833944348181,0.07527306094119385,0.8761489087413773,0.054610430463576165,0.12572864321608038,1.9951744493176,0.9692,0.0791,0.2085,0.7994,0.0417,0.09,camera_pose_sim3,2.678406586888661,0.11274510043417715,10000,10000,True,False,True,/content/cv3d-project/data/cache/reconstruction/predictions/03001627/117930a8f2e37f9b707cdefe012d0353/71cf7b4f251707ebc159d693.npz,b248a315b2ad6638744d8295e387268aae9d65ed3917db33dba9c773e68fd00e,/content/cv3d-project/data/cache/reconstruction/metrics/03001627/117930a8f2e37f9b707cdefe012d0353/09e767e7f6d6b1e20a79eb86.json,12.322871999913332
03001627/117bd6da01905949a81116f5456ee312,oracle,1,[0],0.7857040237080014,0.9005598666131513,1.0154157095183012,0.0,0.0,0.0,1.999964934135392,0.0,0.0,0.0,0.0,0.0,0.0,camera_rotation_center_and_target_diameter_scale_single_view,4.827803692594869,0.0,10000,10000,True,True,True,/content/cv3d-project/data/cache/reconstruction/predictions/03001627/117bd6da01905949a81116f5456ee312/d8019fe4dcfe3b665dcb9336.npz,f8c5511e7b8542a5956f2983eafb65b21c680afc33cf678f111fd1f92b9d3bdb,/content/cv3d-project/data/cache/reconstruction/metrics/03001627/117bd6da01905949a81116f5456ee312/cc64fa33a0ef302cf8fe8f96.json,3.8031659996704548
03001627/117bd6da01905949a81116f5456ee312,oracle,2,"[0, 39]",0.4474929947710916,0.5157876444394394,0.5840822941077871,0.0,0.0,0.0,1.999964934135392,0.0,0.0,0.0,0.0,0.0,0.0,camera_pose_sim3,2.4555092263778686,0.419557292281287,10000,10000,True,False,True,/content/cv3d-project/data/cache/reconstruction/predictions/03001627/117bd6da01905949a81116f5456ee312/00471bb381c28bb8a4ce4ffc.npz,7aa35120f4cda6ae19bea5c0b58ab5639a224e6d71a00988a058614641ad7d4b,/content/cv3d-project/data/cache/reconstruction/metrics/03001627/117bd6da01905949a81116f5456ee312/bcb4ecae1fe7d4da649b7333.json,11.78058499999679
03001627/117bd6da01905949a81116f5456ee312,oracle,3,"[0, 39, 26]",0.18034677503632426,0.32771858719976293,0.4750903993632016,0.0,0.0,0.0,1.999964934135392,0.0,0.0,0.0,0.0,0.0,0.0,camera_pose_sim3,0.5786271203147865,1.3307158052486565,10000,10000,True,False,True,/content/cv3d-project/data/cache/reconstruction/predictions/03001627/117bd6da01905949a81116f5456ee312/461a4170978af6cf3f70644c.npz,0f575cd0e8afbcbe9fbc82c91911b4bb33727f2742fa41737128a30fab243c1a,/content/cv3d-project/data/cache/reconstruction/metrics/03001627/117bd6da01905949a81116f5456ee312/8d0d4c3b0bcbf03249775b8b.json,11.913546999949176
03001627/117bd6da01905949a81116f5456ee312,oracle,5,"[0, 39, 26, 9, 37]",0.40009496745181006,0.5765734673304557,0.7530519672091014,0.0,0.0,0.0,1.999964934135392,0.0,0.0,0.0,0.0,0.0,0.0,camera_pose_sim3,1.4067280116910614,1.0898234367315593,10000,10000,True,False,True,/content/cv3d-project/data/cache/reconstruction/predictions/03001627/117bd6da01905949a81116f5456ee312/e8fa4be8e33fe15e88a7c79f.npz,c4a230f31d26c2ca6a1b74af229c748cbc3079fbcf365fc686a3112c70d99958,/content/cv3d-project/data/cache/reconstruction/metrics/03001627/117bd6da01905949a81116f5456ee312/c3c98305f0dfaf77cb24b430.json,12.48659900011262
03001627/117bd6da01905949a81116f5456ee312,oracle,10,"[0, 39, 26, 9, 37, 40, 10, 14, 42, 18]",0.034450315457042475,0.057035797971264984,0.0796212804854875,0.7839690553546252,0.04107625899280576,0.13750179930795844,1.999964934135392,0.9764,0.0468,0.1763,0.6549,0.0366,0.1127,camera_pose_sim3,2.5028321907568345,0.14493908495120403,10000,10000,True,False,True,/content/cv3d-project/data/cache/reconstruction/predictions/03001627/117bd6da01905949a81116f5456ee312/979f101cd3be82fad95af88c.npz,2984ef5a5b9ce7f0d12bb3e4d899f1f990eb395852f88b5fcaae8e3aea01beac,/content/cv3d-project/data/cache/reconstruction/metrics/03001627/117bd6da01905949a81116f5456ee312/9d1c6d1a1066ffea3fedc7c5.json,12.496583000029204
03001627/117c0e0aafc0c3f81015cdff13e6d9f3,oracle,1,[0],1.5823266098583637,1.7387541322278746,1.8951816545973856,0.0,0.0,0.0,1.9997093975959603,0.0,0.0,0.0,0.0,0.0,0.0,camera_rotation_center_and_target_diameter_scale_single_view,6.452011427111626,0.0,10000,10000,True,True,True,/content/cv3d-project/data/cache/reconstruction/predictions/03001627/117c0e0aafc0c3f81015cdff13e6d9f3/4edebab325e525348586d657.npz,4d720974f9ceddad63d216c0f1949ef33175b72e2e53ee93ffef713e23ca4c15,/content/cv3d-project/data/cache/reconstruction/metrics/03001627/117c0e0aafc0c3f81015cdff13e6d9f3/434855dc77a91d90b716181a.json,3.8407189999816183
03001627/117c0e0aafc0c3f81015cdff13e6d9f3,oracle,2,"[0, 44]",0.038186499573351206,0.1024697319748041,0.166752964376257,0.4536638579842932,0.023866013071895426,0.05395596140592694,1.9997093975959603,0.9215,0.109,0.2601,0.3009,0.0134,0.0301,camera_pose_sim3,2.3983605333963967,0.0780933207020511,10000,10000,True,False,True,/content/cv3d-project/data/cache/reconstruction/predictions/03001627/117c0e0aafc0c3f81015cdff13e6d9f3/4d51c6acceb1e68e38ec797e.npz,b0c121e71cd37bb945746bfcb9db39d875b9109196cbee0b7beca6fc1789bf95,/content/cv3d-project/data/cache/reconstruction/metrics/03001627/117c0e0aafc0c3f81015cdff13e6d9f3/50c8e6a4a97d3148e8c6f8ee.json,12.186013000246021
03001627/117c0e0aafc0c3f81015cdff13e6d9f3,oracle,3,"[0, 44, 17]",0.020042213523330014,0.06037579997392513,0.10070938642452024,0.6947106408306328,0.1210942114951933,0.2131191022320878,1.9997093975959603,0.9714,0.4181,0.6847,0.5407,0.0708,0.1262,camera_pose_sim3,2.4425527147219133,0.051748816557823804,10000,10000,True,False,True,/content/cv3d-project/data/cache/reconstruction/predictions/03001627/117c0e0aafc0c3f81015cdff13e6d9f3/4a7cae05c8b761a8bc1eac60.npz,61e5630724b4034e8168005cac480138e63545bea5649bb11487cd4e46a5b820,/content/cv3d-project/data/cache/reconstruction/metrics/03001627/117c0e0aafc0c3f81015cdff13e6d9f3/9d971d37bc9f454dc5aea16c.json,12.291600000025937
03001627/117c0e0aafc0c3f81015cdff13e6d9f3,oracle,5,"[0, 44, 17, 35, 31]",0.03615363738041633,0.05938663078775987,0.08261962419510341,0.8201407551852509,0.05264479338842975,0.16189368393915957,1.9997093975959603,0.9945,0.0823,0.2728,0.6978,0.0387,0.1151,camera_pose_sim3,2.536730424686196,0.10199636045998706,10000,10000,True,False,True,/content/cv3d-project/data/cache/reconstruction/predictions/03001627/117c0e0aafc0c3f81015cdff13e6d9f3/5d1ae32c54b0a3b5c7b5db93.npz,09f186fdc1376002eb461191a2dbf132fc647654ddea8595052d3553a6b8a0b4,/content/cv3d-project/data/cache/reconstruction/metrics/03001627/117c0e0aafc0c3f81015cdff13e6d9f3/891fc35414aeeca78bbe3994.json,12.335572999745636
03001627/117c0e0aafc0c3f81015cdff13e6d9f3,oracle,10,"[0, 44, 17, 35, 31, 8, 42, 4, 1, 2]",0.025789178464460983,0.04189810415141506,0.05800702983836914,0.8725545258620689,0.1688400447427293,0.28428731045490824,1.9997093975959603,0.9709,0.221,0.4085,0.7923,0.1366,0.218,camera_pose_sim3,2.4692049562602363,0.0853392651603375,10000,10000,True,False,True,/content/cv3d-project/data/cache/reconstruction/predictions/03001627/117c0e0aafc0c3f81015cdff13e6d9f3/ba8e342c54bb4f067ce0be4d.npz,6fa3fb56eb62bf68c2d05d22685917af77de904ee63a96f9e063ef705032691f,/content/cv3d-project/data/cache/reconstruction/metrics/03001627/117c0e0aafc0c3f81015cdff13e6d9f3/83db248b82d331fb326699ec.json,12.80957800008764
03001627/1190af00b6c86c99c3bd24f986301745,oracle,1,[0],3.688793462130298,3.9062357920384434,4.123678121946589,0.0,0.0,0.0,1.9917726864461494,0.0,0.0,0.0,0.0,0.0,0.0,camera_rotation_center_and_target_diameter_scale_single_view,10.920007681642137,0.0,10000,10000,True,True,True,/content/cv3d-project/data/cache/reconstruction/predictions/03001627/1190af00b6c86c99c3bd24f986301745/13fab7c05fe3f2f228725604.npz,dacdeac75fcd121d4fb6e9f2f392ad4150a9478481d9f018d63bd43fe78dc3e9,/content/cv3d-project/data/cache/reconstruction/metrics/03001627/1190af00b6c86c99c3bd24f986301745/40f9cb9ac7e6c30ea17d2ba6.json,3.9783769998393836
03001627/1190af00b6c86c99c3bd24f986301745,oracle,2,"[0, 37]",0.18618642018223028,0.24922066274652088,0.3122549053108115,0.0,0.0,0.0,1.9917726864461494,0.0,0.0,0.0,0.0,0.0,0.0,camera_pose_sim3,2.4644218110254172,0.0825190806921692,10000,10000,True,False,True,/content/cv3d-project/data/cache/reconstruction/predictions/03001627/1190af00b6c86c99c3bd24f986301745/9fd198ab0baa3391d452a967.npz,d9298a09abadfd58a4477f05740e13c008c90b552d3bd24e970fa0cfb558c109,/content/cv3d-project/data/cache/reconstruction/metrics/03001627/1190af00b6c86c99c3bd24f986301745/93777cb69d4250a2581ef1d5.json,12.076316999809933
03001627/1190af00b6c86c99c3bd24f986301745,oracle,3,"[0, 37, 25]",0.14082891687433055,0.14484619574507335,0.14886347461581617,0.09364545896066051,0.0,0.0,1.9917726864461494,0.072,0.0,0.0,0.1339,0.0,0.0,camera_pose_sim3,2.482414730156149,0.10211680728448723,10000,10000,True,False,True,/content/cv3d-project/data/cache/reconstruction/predictions/03001627/1190af00b6c86c99c3bd24f986301745/1e3117fb8aad6d7ddd254d21.npz,af7a402b114f356e8c7e5a1bca5a631ebb7c858bf9fe4901bfa623ae82518a1e,/content/cv3d-project/data/cache/reconstruction/metrics/03001627/1190af00b6c86c99c3bd24f986301745/8f85def5143ff4b85068ed65.json,11.699781000061193
03001627/1190af00b6c86c99c3bd24f986301745,oracle,5,"[0, 37, 25, 15, 35]",0.985311626182413,1.0105279865709824,1.0357443469595518,0.0,0.0,0.0,1.9917726864461494,0.0,0.0,0.0,0.0,0.0,0.0,camera_pose_sim3,2.3704302705628804,0.7835962854536643,10000,10000,True,False,True,/content/cv3d-project/data/cache/reconstruction/predictions/03001627/1190af00b6c86c99c3bd24f986301745/bc84a3ce2ab6e63a2b95ab47.npz,d761dc9ec4a769b700c12c6ef84e14bc7adb8b53de731e387646f8a16ae7c354,/content/cv3d-project/data/cache/reconstruction/metrics/03001627/1190af00b6c86c99c3bd24f986301745/7af0ca69de914dd940095863.json,11.868125000091823
03001627/1190af00b6c86c99c3bd24f986301745,oracle,10,"[0, 37, 25, 15, 35, 3, 24, 45, 13, 8]",0.062259361082505384,0.07677938318329759,0.09129940528408981,0.6154123650023477,0.044712380952380955,0.12370251374705421,1.9917726864461494,0.7614,0.0582,0.1487,0.5164,0.0363,0.1059,camera_pose_sim3,2.503997774099909,0.17136855144111898,10000,10000,True,False,True,/content/cv3d-project/data/cache/reconstruction/predictions/03001627/1190af00b6c86c99c3bd24f986301745/63f52e84ac5eef002b1d6bcc.npz,1b9b22a60f268679179d05b8a052627af98c978e184853704ebf77c9de09a0ab,/content/cv3d-project/data/cache/reconstruction/metrics/03001627/1190af00b6c86c99c3bd24f986301745/2f66dd69fded9f156706a004.json,12.13899100002891
03001627/1196ffab55e431e11b17743c18fb63dc,oracle,1,[0],2.3047956184506337,2.4238159401077244,2.5428362617648146,0.0,0.0,0.0,1.9917212318518176,0.0,0.0,0.0,0.0,0.0,0.0,camera_rotation_center_and_target_diameter_scale_single_view,7.851880633084224,0.0,10000,10000,True,True,True,/content/cv3d-project/data/cache/reconstruction/predictions/03001627/1196ffab55e431e11b17743c18fb63dc/78e2af8d7a51c540bfefdf26.npz,d7b8492569d1b3e458431cf75b553a42edc1989a2c374c79a36029e0ff11e138,/content/cv3d-project/data/cache/reconstruction/metrics/03001627/1196ffab55e431e11b17743c18fb63dc/57a006befe531462e386cfec.json,3.898840999681852
03001627/1196ffab55e431e11b17743c18fb63dc,oracle,2,"[0, 44]",0.21748768935588994,0.3319179157367093,0.4463481421175287,0.0,0.0,0.0,1.9917212318518176,0.0,0.0,0.0,0.0,0.0,0.0,camera_pose_sim3,2.8716452518176703,0.13902730027167434,10000,10000,True,False,True,/content/cv3d-project/data/cache/reconstruction/predictions/03001627/1196ffab55e431e11b17743c18fb63dc/dfad98d0cd877cb0dffc50d5.npz,f003f8d685f15ff31477e5e66a8807ca60fe84cdae0b43a92f11aff422d71d66,/content/cv3d-project/data/cache/reconstruction/metrics/03001627/1196ffab55e431e11b17743c18fb63dc/93fd745d106ae2a950dd7dfd.json,11.742925999897125
03001627/1196ffab55e431e11b17743c18fb63dc,oracle,3,"[0, 44, 33]",0.4512553204291252,0.6115423584299904,0.7718293964308556,0.0,0.0,0.0,1.9917212318518176,0.0,0.0,0.0,0.0,0.0,0.0,camera_pose_sim3,1.4363053247006634,1.1214928804282795,10000,10000,True,False,True,/content/cv3d-project/data/cache/reconstruction/predictions/03001627/1196ffab55e431e11b17743c18fb63dc/3be4151ba015a38227aa5b53.npz,734b9bd4749afc8e44fec8dbad5aa75ba3d9c6b6b4e3f5c0ea4e32efafcedc91,/content/cv3d-project/data/cache/reconstruction/metrics/03001627/1196ffab55e431e11b17743c18fb63dc/9e7b61f0a72ca8e36ee09883.json,11.582014999930834
03001627/1196ffab55e431e11b17743c18fb63dc,oracle,5,"[0, 44, 33, 38, 11]",0.031408465469053896,0.0714512190014547,0.11149397253385548,0.5378526244952894,0.03001867924528302,0.08925983313468415,1.9917212318518176,0.9645,0.0879,0.2826,0.3729,0.0181,0.053,camera_pose_sim3,2.5399313229654785,0.09968183848059554,10000,10000,True,False,True,/content/cv3d-project/data/cache/reconstruction/predictions/03001627/1196ffab55e431e11b17743c18fb63dc/57bdab80335cb91b81432066.npz,3ba89e07bb6300c19ea399ee6f26d4a9310780fb97f730642088a2ba9da0435b,/content/cv3d-project/data/cache/reconstruction/metrics/03001627/1196ffab55e431e11b17743c18fb63dc/a85b10f31ee1305059865ee5.json,12.315880000187462
03001627/1196ffab55e431e11b17743c18fb63dc,oracle,10,"[0, 44, 33, 38, 11, 1, 45, 47, 37, 5]",0.027976431774468125,0.06482112959460505,0.10166582741474198,0.5875706214689266,0.10713587688361653,0.17440467097128728,1.9917212318518176,1.0,0.2432,0.6266,0.416,0.0687,0.1013,camera_pose_sim3,2.591949049297056,0.09444740692030439,10000,10000,True,False,True,/content/cv3d-project/data/cache/reconstruction/predictions/03001627/1196ffab55e431e11b17743c18fb63dc/8fa59c3b9d31d25661bbfcf8.npz,e675ae9792d111c1426fc42ec81ccff5ae77c543131a5e0dd87b50b25e81759d,/content/cv3d-project/data/cache/reconstruction/metrics/03001627/1196ffab55e431e11b17743c18fb63dc/3eebb5d493dba9745ab5f24b.json,12.074838999978965
03001627/11a06e6f68b1d99c8687ff9b0b4e4ac,oracle,1,[0],1.5250398070316216,1.6710009805126869,1.816962153993752,0.0,0.0,0.0,1.975539967010292,0.0,0.0,0.0,0.0,0.0,0.0,camera_rotation_center_and_target_diameter_scale_single_view,6.190288681400957,0.0,10000,10000,True,True,True,/content/cv3d-project/data/cache/reconstruction/predictions/03001627/11a06e6f68b1d99c8687ff9b0b4e4ac/ca9bd65d54e33b2c8dab366c.npz,7c877d36936ab4781dec26bf483d65825bc660716b0938aebce3002cdbc5bf76,/content/cv3d-project/data/cache/reconstruction/metrics/03001627/11a06e6f68b1d99c8687ff9b0b4e4ac/a64bb09419ff0d2b6419d4e9.json,3.7485640000340936
03001627/11a06e6f68b1d99c8687ff9b0b4e4ac,oracle,2,"[0, 39]",0.6155497408146515,0.6664419960838817,0.7173342513531118,0.0,0.0,0.0,1.975539967010292,0.0,0.0,0.0,0.0,0.0,0.0,camera_pose_sim3,3.0157758900155,0.18985519071881787,10000,10000,True,False,True,/content/cv3d-project/data/cache/reconstruction/predictions/03001627/11a06e6f68b1d99c8687ff9b0b4e4ac/a61011092f46f937e3916cd8.npz,126ac1896ae68d14122534c2ea6c628357517cbcefc768111b7ca62a4e32b5ed,/content/cv3d-project/data/cache/reconstruction/metrics/03001627/11a06e6f68b1d99c8687ff9b0b4e4ac/29163fb5cbf2064ab0e6964e.json,12.076036000053136
03001627/11a06e6f68b1d99c8687ff9b0b4e4ac,oracle,3,"[0, 39, 35]",0.060766441402789376,0.1117323128024903,0.16269818420219123,0.39100323210797383,0.005675294117647058,0.02595121951219512,1.975539967010292,0.8744,0.0134,0.057,0.2518,0.0036,0.0168,camera_pose_sim3,2.505804057109619,0.0742258520609413,10000,10000,True,False,True,/content/cv3d-project/data/cache/reconstruction/predictions/03001627/11a06e6f68b1d99c8687ff9b0b4e4ac/994ddb0d12870f493d51cb0e.npz,2a6370340425aeff88b662ae2f7287e258f8b1679fad2b1ca854d45c6c1c8bba,/content/cv3d-project/data/cache/reconstruction/metrics/03001627/11a06e6f68b1d99c8687ff9b0b4e4ac/a31ded8b60f509cd2252e281.json,11.496949000047607
03001627/11a06e6f68b1d99c8687ff9b0b4e4ac,oracle,5,"[0, 39, 35, 9, 44]",0.024821619063972632,0.04968332826687835,0.07454503746978407,0.8331152564177533,0.13449977728285076,0.27043124346917446,1.975539967010292,0.992,0.2696,0.5902,0.7181,0.0896,0.1754,camera_pose_sim3,2.4878368118943235,0.09053625051974244,10000,10000,True,False,True,/content/cv3d-project/data/cache/reconstruction/predictions/03001627/11a06e6f68b1d99c8687ff9b0b4e4ac/753785b993d092a12e7c56f7.npz,52683d272c6f7008cf49af7be559bd4ad1edcdfbcff70f2d6271fa61b1e31b47,/content/cv3d-project/data/cache/reconstruction/metrics/03001627/11a06e6f68b1d99c8687ff9b0b4e4ac/3b1bbbb8f47fe8c1ec1d5f67.json,11.611725999955524
03001627/11a06e6f68b1d99c8687ff9b0b4e4ac,oracle,10,"[0, 39, 35, 9, 44, 4, 14, 33, 12, 38]",0.026374331264773603,0.04412982479980663,0.06188531833483966,0.8907991791913926,0.156755,0.2724222711914206,1.975539967010292,1.0,0.293,0.4924,0.8031,0.107,0.1883,camera_pose_sim3,2.500348961263405,0.08561321055982417,10000,10000,True,False,True,/content/cv3d-project/data/cache/reconstruction/predictions/03001627/11a06e6f68b1d99c8687ff9b0b4e4ac/ac1b1970da3e93fd436eeb4a.npz,4c019513e2113e4b447c6bdf3b8e8c3755ffacd70d3d8a0b263e7a39de616c8b,/content/cv3d-project/data/cache/reconstruction/metrics/03001627/11a06e6f68b1d99c8687ff9b0b4e4ac/425cb504e5f4c32f6a1ccf82.json,12.865299999702984
03001627/11b7c86fc42306ec7e7e25239e7b8f85,oracle,1,[0],1.9386403870764128,2.0928511967918397,2.2470620065072664,0.0,0.0,0.0,1.9999976313409265,0.0,0.0,0.0,0.0,0.0,0.0,camera_rotation_center_and_target_diameter_scale_single_view,7.222623829957177,0.0,10000,10000,True,True,True,/content/cv3d-project/data/cache/reconstruction/predictions/03001627/11b7c86fc42306ec7e7e25239e7b8f85/6195660f7ff3e58be2d5349d.npz,d1baa512b193f70d69458a73002a627cec088445e3cdc61676caf72ebc79abc2,/content/cv3d-project/data/cache/reconstruction/metrics/03001627/11b7c86fc42306ec7e7e25239e7b8f85/3de0f6a867e49462e4cf041f.json,3.8008659998922667
03001627/11b7c86fc42306ec7e7e25239e7b8f85,oracle,2,"[0, 39]",0.9324826316952145,1.0330826358256482,1.133682639956082,0.0,0.0,0.0,1.9999976313409265,0.0,0.0,0.0,0.0,0.0,0.0,camera_pose_sim3,3.117529539586062,0.47953729163365166,10000,10000,True,False,True,/content/cv3d-project/data/cache/reconstruction/predictions/03001627/11b7c86fc42306ec7e7e25239e7b8f85/9d1143310114e00a6fb2fb25.npz,037a7970480f7e95112e737b04831b74201691f9b7ea83b1e6cea9d0bf82b465,/content/cv3d-project/data/cache/reconstruction/metrics/03001627/11b7c86fc42306ec7e7e25239e7b8f85/a38cfc6a325790dc7f2586d8.json,11.821860000054585
03001627/11b7c86fc42306ec7e7e25239e7b8f85,oracle,3,"[0, 39, 42]",0.4589757990679449,0.5580588929946457,0.6571419869213466,0.0,0.0,0.0,1.9999976313409265,0.0,0.0,0.0,0.0,0.0,0.0,camera_pose_sim3,2.675522951712063,0.6025333031288753,10000,10000,True,False,True,/content/cv3d-project/data/cache/reconstruction/predictions/03001627/11b7c86fc42306ec7e7e25239e7b8f85/7df0ddbe12c326c65b609010.npz,d0bea701f79d89e31c2aa3636281c4e9f068bd625910218b3eb8069df1c60a4a,/content/cv3d-project/data/cache/reconstruction/metrics/03001627/11b7c86fc42306ec7e7e25239e7b8f85/09476c134cc1ab63070b7d57.json,11.94209300001603
03001627/11b7c86fc42306ec7e7e25239e7b8f85,oracle,5,"[0, 39, 42, 36, 8]",0.08730357794168485,0.17257631147197416,0.25784904500226347,0.2959671934743819,0.01934169741697417,0.045396825396825394,1.9999976313409265,0.5867,0.0416,0.11,0.1979,0.0126,0.0286,camera_pose_sim3,2.446393172298872,0.5895219413076686,10000,10000,True,False,True,/content/cv3d-project/data/cache/reconstruction/predictions/03001627/11b7c86fc42306ec7e7e25239e7b8f85/12af84aa727069b85bd7bbad.npz,06184bb654e76c1ca941637f350c0aa3382c7ec6edb31c78d3c623f445ce67c1,/content/cv3d-project/data/cache/reconstruction/metrics/03001627/11b7c86fc42306ec7e7e25239e7b8f85/bc47d00c3fe1dba90f4c7dad.json,11.719499000264477
03001627/11b7c86fc42306ec7e7e25239e7b8f85,oracle,10,"[0, 39, 42, 36, 8, 4, 1, 2, 3, 5]",0.053842355003015124,0.11111967759850541,0.1683970001939957,0.48390118433039775,0.021204954954954957,0.06880053619302949,1.9999976313409265,0.9978,0.0269,0.0954,0.3194,0.0175,0.0538,camera_pose_sim3,2.4098390552228857,0.5127414029867244,10000,10000,True,False,True,/content/cv3d-project/data/cache/reconstruction/predictions/03001627/11b7c86fc42306ec7e7e25239e7b8f85/82671a3c04f4a481e983d730.npz,9bd883b1d590aa7c5970ef17d7a7cde35fb60c053cbe07ee10a4ba29f0200f4e,/content/cv3d-project/data/cache/reconstruction/metrics/03001627/11b7c86fc42306ec7e7e25239e7b8f85/66c6ed26c88bf8a7462026fd.json,12.539995000224735
03001627/11c7675a3dbc0d32f7287e3d21227e43,oracle,1,[0],0.8239434459381846,0.9060940011477805,0.9882445563573765,0.0,0.0,0.0,1.9999476015643616,0.0,0.0,0.0,0.0,0.0,0.0,camera_rotation_center_and_target_diameter_scale_single_view,4.647111922848353,0.0,10000,10000,True,True,True,/content/cv3d-project/data/cache/reconstruction/predictions/03001627/11c7675a3dbc0d32f7287e3d21227e43/8e06398c3a77df0db2612265.npz,626ff5b072792f1f3bc292aac6be68a02d8b1e1735794c684cc0584a7afd9d9d,/content/cv3d-project/data/cache/reconstruction/metrics/03001627/11c7675a3dbc0d32f7287e3d21227e43/0ab43120adbef2f101038bf3.json,3.7736730000688112
03001627/11c7675a3dbc0d32f7287e3d21227e43,oracle,2,"[0, 39]",1.096023187453885,1.1599771301671131,1.223931072880341,0.0,0.0,0.0,1.9999476015643616,0.0,0.0,0.0,0.0,0.0,0.0,camera_pose_sim3,2.647324382324956,0.5444114949628147,10000,10000,True,False,True,/content/cv3d-project/data/cache/reconstruction/predictions/03001627/11c7675a3dbc0d32f7287e3d21227e43/0e308d2fdb54899538065086.npz,7c9de7461b9c6b0225ef4bbc68f49bbe213c6a8dbd19fa24eb024172c86fe44d,/content/cv3d-project/data/cache/reconstruction/metrics/03001627/11c7675a3dbc0d32f7287e3d21227e43/d2997b7014641542925f73b7.json,11.701651000294078
03001627/11c7675a3dbc0d32f7287e3d21227e43,oracle,3,"[0, 39, 42]",0.14177783241493813,0.20456115393890145,0.2673444754628648,0.03683696221474,0.0,0.0,1.9999476015643616,0.2474,0.0,0.0,0.0199,0.0,0.0,camera_pose_sim3,2.5473463664350873,0.27217864824452753,10000,10000,True,False,True,/content/cv3d-project/data/cache/reconstruction/predictions/03001627/11c7675a3dbc0d32f7287e3d21227e43/d420c892e7a2a8f60bbdfbd0.npz,886407639c026bd690036cfed287b71c9e8c952d190add78d5aa01bef7f52b27,/content/cv3d-project/data/cache/reconstruction/metrics/03001627/11c7675a3dbc0d32f7287e3d21227e43/19752538e17845f83ab6fab4.json,11.86341899983745
03001627/11c7675a3dbc0d32f7287e3d21227e43,oracle,5,"[0, 39, 42, 2, 13]",0.01784129617456189,0.03925668479641109,0.060672073418260294,0.8853061939008753,0.21039163306451616,0.3801638940475027,1.9999476015643616,0.9986,0.4587,0.7708,0.7951,0.1365,0.2523,camera_pose_sim3,2.369321352655827,0.08814223847707424,10000,10000,True,False,True,/content/cv3d-project/data/cache/reconstruction/predictions/03001627/11c7675a3dbc0d32f7287e3d21227e43/f88d52ec72273b2270db36f8.npz,33fc30201eaf4c2b68caff96e7eb9ec2c02c19804af44436447409aaba890f1b,/content/cv3d-project/data/cache/reconstruction/metrics/03001627/11c7675a3dbc0d32f7287e3d21227e43/343e9b4b7d7e1ab8bb8f3c24.json,11.432260000219685
03001627/11c7675a3dbc0d32f7287e3d21227e43,oracle,10,"[0, 39, 42, 2, 13, 44, 11, 8, 43, 1]",0.017930290103428025,0.03401719959872482,0.05010410909402161,0.9157540988939493,0.29283942927278306,0.4599468811371925,1.9999476015643616,0.9993,0.4297,0.7345,0.8451,0.2221,0.3348,camera_pose_sim3,2.3525625458067276,0.10764597670286885,10000,10000,True,False,True,/content/cv3d-project/data/cache/reconstruction/predictions/03001627/11c7675a3dbc0d32f7287e3d21227e43/063f2751bc379efa1c35174d.npz,0c1029d86a5147f724670cce504e4d03f3de4b0676ae7ff0f08c9192ae77343c,/content/cv3d-project/data/cache/reconstruction/metrics/03001627/11c7675a3dbc0d32f7287e3d21227e43/75882b62be462be15e58d795.json,12.706356999842683
03001627/11c8f43ef796e23941e621b1a4bf507f,oracle,1,[0],1.2668928870178435,1.3834268995215515,1.4999609120252597,0.0,0.0,0.0,1.9895706468960497,0.0,0.0,0.0,0.0,0.0,0.0,camera_rotation_center_and_target_diameter_scale_single_view,5.89183435497172,0.0,10000,10000,True,True,True,/content/cv3d-project/data/cache/reconstruction/predictions/03001627/11c8f43ef796e23941e621b1a4bf507f/2bf3ee585e6ee12a68c5c3ce.npz,a8578f25414feb571974c78d589f3cd924b0398e01f22d9124a3a0665f561c47,/content/cv3d-project/data/cache/reconstruction/metrics/03001627/11c8f43ef796e23941e621b1a4bf507f/af27a96b3a80dcce34b9817a.json,3.8194890003069304
03001627/11c8f43ef796e23941e621b1a4bf507f,oracle,2,"[0, 36]",0.17015315997315855,0.1985317751335679,0.22691039029397725,0.11316810954063602,0.0,0.0,1.9895706468960497,0.1151,0.0,0.0,0.1113,0.0,0.0,camera_pose_sim3,2.671874032248414,0.07503454707638015,10000,10000,True,False,True,/content/cv3d-project/data/cache/reconstruction/predictions/03001627/11c8f43ef796e23941e621b1a4bf507f/601a4f9d570907ffd21a2061.npz,bcc9981df452e0ab0116f4150560f72311816024d2218abed3227b07c2c1ef7f,/content/cv3d-project/data/cache/reconstruction/metrics/03001627/11c8f43ef796e23941e621b1a4bf507f/f72f0e1a9e4a55c0b8204988.json,11.652736000087316
03001627/11c8f43ef796e23941e621b1a4bf507f,oracle,3,"[0, 36, 9]",0.024167750461605148,0.05970572612777685,0.09524370179394856,0.7215275995361423,0.07535738152062735,0.16562125261632588,1.9895706468960497,0.9819,0.2489,0.5227,0.5703,0.0444,0.0984,camera_pose_sim3,2.525500331983484,0.20247004339599195,10000,10000,True,False,True,/content/cv3d-project/data/cache/reconstruction/predictions/03001627/11c8f43ef796e23941e621b1a4bf507f/d18fe7a7334d29718f04b80a.npz,c19aacf4710f068416efe19fefa9d912a511f10c740d63a891e5f4d00203bd9f,/content/cv3d-project/data/cache/reconstruction/metrics/03001627/11c8f43ef796e23941e621b1a4bf507f/32ca1087aeedf52bdf890883.json,12.007715000436292
03001627/11c8f43ef796e23941e621b1a4bf507f,oracle,5,"[0, 36, 9, 27, 31]",0.06332887716785988,0.0787845437438249,0.09424021031978992,0.7051095911190789,0.037180922431865826,0.08404374374374375,1.9895706468960497,0.8457,0.0701,0.1397,0.6046,0.0253,0.0601,camera_pose_sim3,2.5483955265829406,0.08163671284986253,10000,10000,True,False,True,/content/cv3d-project/data/cache/reconstruction/predictions/03001627/11c8f43ef796e23941e621b1a4bf507f/843b7a31bbc25b5a4f33f05e.npz,1bf4e4525a4ae7b41e06cca7f2583c5261d3812b8d0d72b4f1ef65f88c071bf8,/content/cv3d-project/data/cache/reconstruction/metrics/03001627/11c8f43ef796e23941e621b1a4bf507f/5b2d14910603903b4b5342a8.json,11.584823999783112
03001627/11c8f43ef796e23941e621b1a4bf507f,oracle,10,"[0, 36, 9, 27, 31, 40, 12, 7, 42, 43]",0.07403566474256333,0.10198102314805124,0.12992638155353917,0.4632443292804464,0.059359133126934985,0.12302500000000001,1.9895706468960497,0.6406,0.083,0.1813,0.3628,0.0462,0.0931,camera_pose_sim3,2.3621834447312993,0.4469350709328736,10000,10000,True,False,True,/content/cv3d-project/data/cache/reconstruction/predictions/03001627/11c8f43ef796e23941e621b1a4bf507f/8f334710db14a02677a25682.npz,9a339f1cc9ce5f27355a7c3cf47d0563d3f2a017578b7b50bd5ee0cae9e16905,/content/cv3d-project/data/cache/reconstruction/metrics/03001627/11c8f43ef796e23941e621b1a4bf507f/e06c6cb3b2041748955a7d2d.json,12.501401000008627
03001627/11c9c57efad0b5ec297936c81e7f6629,oracle,1,[0],3.247777412840963,3.375701463198504,3.503625513556045,0.0,0.0,0.0,1.9985468105529862,0.0,0.0,0.0,0.0,0.0,0.0,camera_rotation_center_and_target_diameter_scale_single_view,9.766195356493691,0.0,10000,10000,True,True,True,/content/cv3d-project/data/cache/reconstruction/predictions/03001627/11c9c57efad0b5ec297936c81e7f6629/a7dfd7e5f4aa70486fc32873.npz,aaacd3b96c4ae06a8c74093d53434e8e6f69722d1fadf997ee595bd35b9a96e9,/content/cv3d-project/data/cache/reconstruction/metrics/03001627/11c9c57efad0b5ec297936c81e7f6629/1e39121757f62a94cbabef4d.json,3.8688429999638174
03001627/11c9c57efad0b5ec297936c81e7f6629,oracle,2,"[0, 39]",0.19168033472513205,0.23104836996201705,0.2704164051989021,0.05151580726965343,0.0,0.0,1.9985468105529862,0.0804,0.0,0.0,0.0379,0.0,0.0,camera_pose_sim3,2.7411703217726737,0.12392833216646272,10000,10000,True,False,True,/content/cv3d-project/data/cache/reconstruction/predictions/03001627/11c9c57efad0b5ec297936c81e7f6629/e4c2de52d482404a0cfdca42.npz,e08b8250fbcbd7b3540c77dad723d3476f898ff12df4296c2c7260f42e88e1db,/content/cv3d-project/data/cache/reconstruction/metrics/03001627/11c9c57efad0b5ec297936c81e7f6629/561f60bb4af858c501cf525b.json,11.613208000198938
03001627/11c9c57efad0b5ec297936c81e7f6629,oracle,3,"[0, 39, 19]",0.011773733025281879,0.05131777641697961,0.09086181980867734,0.7766087594812822,0.1717938505655568,0.2833986183401154,1.9985468105529862,1.0,0.525,0.8881,0.6348,0.1027,0.1686,camera_pose_sim3,2.5151910010857215,0.057705307610717675,10000,10000,True,False,True,/content/cv3d-project/data/cache/reconstruction/predictions/03001627/11c9c57efad0b5ec297936c81e7f6629/19649708639c5971697a02f0.npz,adcbd7ec2e48b4511bb8cfbb6a06a2ecde5b00cca3ad1cde857fa28edf921d6f,/content/cv3d-project/data/cache/reconstruction/metrics/03001627/11c9c57efad0b5ec297936c81e7f6629/68716d170386cb059440fe0f.json,12.103358999866032
03001627/11c9c57efad0b5ec297936c81e7f6629,oracle,5,"[0, 39, 19, 17, 37]",0.021256875326636383,0.0443969549617901,0.06753703459694382,0.9001924663183943,0.14148462159978453,0.24066709136630343,1.9985468105529862,1.0,0.2762,0.4293,0.8185,0.0951,0.1672,camera_pose_sim3,2.5114981698688936,0.09296664704192545,10000,10000,True,False,True,/content/cv3d-project/data/cache/reconstruction/predictions/03001627/11c9c57efad0b5ec297936c81e7f6629/aef98847a7c41710a99dc38c.npz,80602c4cec377595c5252190c0af9f27fc6228fbe85e159711393160b727489c,/content/cv3d-project/data/cache/reconstruction/metrics/03001627/11c9c57efad0b5ec297936c81e7f6629/aa7b32419126400e4af68f35.json,11.712582999734877
03001627/11c9c57efad0b5ec297936c81e7f6629,oracle,10,"[0, 39, 19, 17, 37, 25, 45, 13, 32, 40]",0.02064644344335503,0.0368491539675676,0.05305186449178016,0.922917578567193,0.22402200634417133,0.3358902636655949,1.9985468105529862,0.9931,0.3365,0.5321,0.862,0.1679,0.2454,camera_pose_sim3,2.494398683089626,0.09385018969910838,10000,10000,True,False,True,/content/cv3d-project/data/cache/reconstruction/predictions/03001627/11c9c57efad0b5ec297936c81e7f6629/bd8e217cd950926328fe4512.npz,e36e08b80ab425ee36a611bddb2bee3fb65c3aa26b668d539de9cd44347dafd9,/content/cv3d-project/data/cache/reconstruction/metrics/03001627/11c9c57efad0b5ec297936c81e7f6629/6349523e785658b4d8e8d8df.json,12.763869000082195
03001627/11d3fc4092e616a7a6fee8e2140acec9,oracle,1,[0],1.5855010142788006,1.700064599102015,1.8146281839252292,0.0,0.0,0.0,1.9923821151268886,0.0,0.0,0.0,0.0,0.0,0.0,camera_rotation_center_and_target_diameter_scale_single_view,6.36288094525361,0.0,10000,10000,True,True,True,/content/cv3d-project/data/cache/reconstruction/predictions/03001627/11d3fc4092e616a7a6fee8e2140acec9/5c0976ae75d0c0653a395101.npz,b17719b61fcccfe6e7cd038a3b95d190077b6f5452047145b584c110ac2cce55,/content/cv3d-project/data/cache/reconstruction/metrics/03001627/11d3fc4092e616a7a6fee8e2140acec9/cf1ad872218639fa242655fd.json,3.779691000090679
03001627/11d3fc4092e616a7a6fee8e2140acec9,oracle,2,"[0, 38]",0.07110414206902778,0.14962511874993045,0.22814609543083314,0.3485393595863166,0.018937890044576522,0.052561223071577484,1.9923821151268886,0.7813,0.0559,0.1093,0.2243,0.0114,0.0346,camera_pose_sim3,2.433927113336915,0.054056219559223566,10000,10000,True,False,True,/content/cv3d-project/data/cache/reconstruction/predictions/03001627/11d3fc4092e616a7a6fee8e2140acec9/16bc6a49a2a53a6d2e24be56.npz,18fb36dd0ea4203305aa7caec29b0ee425880bdfc7b1f7be92ce6fc90e368a49,/content/cv3d-project/data/cache/reconstruction/metrics/03001627/11d3fc4092e616a7a6fee8e2140acec9/c4d8ee5b4c8e22f73c269fb5.json,11.522584999966057
03001627/11d3fc4092e616a7a6fee8e2140acec9,oracle,3,"[0, 38, 25]",0.26830946807114103,0.30468926999135487,0.3410690719115687,0.01601495327102804,0.0,0.0,1.9923821151268886,0.0153,0.0,0.0,0.0168,0.0,0.0,camera_pose_sim3,2.2919538761197975,0.5586315941307196,10000,10000,True,False,True,/content/cv3d-project/data/cache/reconstruction/predictions/03001627/11d3fc4092e616a7a6fee8e2140acec9/3787c6a71a46923e3af15c6a.npz,d9aed02ff1dd3e7754bbb9d11b41b5e39e94e5476f0cd11e6f3e85da98e9d9f7,/content/cv3d-project/data/cache/reconstruction/metrics/03001627/11d3fc4092e616a7a6fee8e2140acec9/9e5a19805d4bfa2cc86385a4.json,11.851079999814829
03001627/11d3fc4092e616a7a6fee8e2140acec9,oracle,5,"[0, 38, 25, 43, 8]",0.05649005827988396,0.07586628525649247,0.095242512233101,0.6721974236908429,0.042487309644670054,0.15299183106418449,1.9923821151268886,0.8874,0.0675,0.2496,0.541,0.031,0.1103,camera_pose_sim3,2.490487608765449,0.191146806069617,10000,10000,True,False,True,/content/cv3d-project/data/cache/reconstruction/predictions/03001627/11d3fc4092e616a7a6fee8e2140acec9/f7a5d44a800ce471cd22e740.npz,93c197efe5e02d17f234a46ef00706d80853d46bc936dbac80429587abd4eba7,/content/cv3d-project/data/cache/reconstruction/metrics/03001627/11d3fc4092e616a7a6fee8e2140acec9/184704b10232f12469ece12d.json,11.948275999657199
03001627/11d3fc4092e616a7a6fee8e2140acec9,oracle,10,"[0, 38, 25, 43, 8, 21, 11, 24, 26, 13]",0.030908153213450223,0.04586658637874428,0.060825019544038336,0.8887713377572074,0.23497290322580647,0.3418472874085289,1.9923821151268886,0.9807,0.3502,0.5432,0.8126,0.1768,0.2494,camera_pose_sim3,2.4862877608119267,0.08485643187949864,10000,10000,True,False,True,/content/cv3d-project/data/cache/reconstruction/predictions/03001627/11d3fc4092e616a7a6fee8e2140acec9/65d57538dd8c275459eeb63f.npz,9b6e9091d069dcdf87b90e3c3d3e1ee6b4261fcc1e1ef7c48aeb142f1b93369c,/content/cv3d-project/data/cache/reconstruction/metrics/03001627/11d3fc4092e616a7a6fee8e2140acec9/7b2d2fb2934f41fe76271707.json,12.237201999596437
03001627/11d4f2a09184ec972b9f810ad7f5cbd2,oracle,1,[0],0.2906182328864872,0.40013506325338055,0.5096518936202739,0.0,0.0,0.0,1.9999986190167116,0.0,0.0,0.0,0.0,0.0,0.0,camera_rotation_center_and_target_diameter_scale_single_view,3.764217253049343,0.0,10000,10000,True,True,True,/content/cv3d-project/data/cache/reconstruction/predictions/03001627/11d4f2a09184ec972b9f810ad7f5cbd2/057f7acdc2b54fbb1b12cb86.npz,9a595dd3612c54e8ac2d146c266ee5e6b04122542db4433339d42b9c3d6afa56,/content/cv3d-project/data/cache/reconstruction/metrics/03001627/11d4f2a09184ec972b9f810ad7f5cbd2/efb311132184b99236a240f1.json,3.8302079997265537
03001627/11d4f2a09184ec972b9f810ad7f5cbd2,oracle,2,"[0, 39]",0.07122195959524791,0.13811488673065292,0.20500781386605796,0.39711506645401384,0.030355480033984705,0.06560382308845576,1.9999986190167116,0.6557,0.0998,0.2285,0.2848,0.0179,0.0383,camera_pose_sim3,2.5051485664733133,0.12760248558786477,10000,10000,True,False,True,/content/cv3d-project/data/cache/reconstruction/predictions/03001627/11d4f2a09184ec972b9f810ad7f5cbd2/edffc833b13565991b2a54c4.npz,2b982de062a8ba3b0f92ce5931d4a1b8fd1b4276852e3da3a45578a9b25c61fd,/content/cv3d-project/data/cache/reconstruction/metrics/03001627/11d4f2a09184ec972b9f810ad7f5cbd2/b00089c913891e28b11b08b6.json,11.803816000337974
03001627/11d4f2a09184ec972b9f810ad7f5cbd2,oracle,3,"[0, 39, 26]",0.23327110423657374,0.3256245417717961,0.41797797930701847,0.047336355140186914,0.00228411214953271,0.0066117187499999995,1.9999986190167116,0.1869,0.0094,0.0217,0.0271,0.0013,0.0039,camera_pose_sim3,2.339177581093945,0.4182990585159243,10000,10000,True,False,True,/content/cv3d-project/data/cache/reconstruction/predictions/03001627/11d4f2a09184ec972b9f810ad7f5cbd2/e14c0ec275dcd8424010066f.npz,386edd2f89e047fbe068f9f61bd3882107c937b2542e491ba403d61870c0d4bd,/content/cv3d-project/data/cache/reconstruction/metrics/03001627/11d4f2a09184ec972b9f810ad7f5cbd2/d919c3f6721b57b12f091bf8.json,11.602927000240015
03001627/11d4f2a09184ec972b9f810ad7f5cbd2,oracle,5,"[0, 39, 26, 9, 36]",0.2530920464963772,0.35772571826478283,0.4623593900331885,0.0,0.0,0.0,1.9999986190167116,0.0,0.0,0.0,0.0,0.0,0.0,camera_pose_sim3,2.2699961767103765,0.7201589520544635,10000,10000,True,False,True,/content/cv3d-project/data/cache/reconstruction/predictions/03001627/11d4f2a09184ec972b9f810ad7f5cbd2/918dd8207e7e2f49e5b46ba7.npz,ba959c2a3a0d363567c81098a933bd8058886e68880fe0aa78bba1f6977b92ad,/content/cv3d-project/data/cache/reconstruction/metrics/03001627/11d4f2a09184ec972b9f810ad7f5cbd2/f1148c1375d14bd13b763d57.json,12.259520000043267
03001627/11d4f2a09184ec972b9f810ad7f5cbd2,oracle,10,"[0, 39, 26, 9, 36, 4, 41, 3, 17, 6]",0.03191309018123564,0.046424705926077406,0.06093632167091917,0.9275067117334621,0.08524146596858637,0.21756729559748428,1.9999986190167116,0.9963,0.1268,0.3512,0.8676,0.0642,0.1576,camera_pose_sim3,2.4518867352995324,0.264916765577985,10000,10000,True,False,True,/content/cv3d-project/data/cache/reconstruction/predictions/03001627/11d4f2a09184ec972b9f810ad7f5cbd2/4ed19adff3a58b0d3ba90191.npz,4c350e5acbc84a944d075f94d01fc52165668abe382a14dffbe51cc8eca84939,/content/cv3d-project/data/cache/reconstruction/metrics/03001627/11d4f2a09184ec972b9f810ad7f5cbd2/39c997e66ec3fe4ac738f8af.json,12.176584999906481
03001627/11d8814ed60b54002449009b96f8a6ed,oracle,1,[0],1.9635207092140698,2.085195711079815,2.2068707129455603,0.0,0.0,0.0,1.9941649043972143,0.0,0.0,0.0,0.0,0.0,0.0,camera_rotation_center_and_target_diameter_scale_single_view,7.150912957721432,0.0,10000,10000,True,True,True,/content/cv3d-project/data/cache/reconstruction/predictions/03001627/11d8814ed60b54002449009b96f8a6ed/fa1502c3bba63350f621e51c.npz,ba0e4e1ed768dbe3a3e400a06a94bc09c256d2de15fa91c969931afe46509792,/content/cv3d-project/data/cache/reconstruction/metrics/03001627/11d8814ed60b54002449009b96f8a6ed/dfbeafaa96a0c491549869cf.json,3.9556669999001315
03001627/11d8814ed60b54002449009b96f8a6ed,oracle,2,"[0, 39]",0.07911893664555691,0.12883085340751618,0.17854277016947545,0.32810277121374865,0.012449785407725322,0.031912941176470595,1.9941649043972143,0.7184,0.0392,0.0822,0.2126,0.0074,0.0198,camera_pose_sim3,2.7652496983666377,0.07812108853407027,10000,10000,True,False,True,/content/cv3d-project/data/cache/reconstruction/predictions/03001627/11d8814ed60b54002449009b96f8a6ed/9b3010ac631b09ce1ee5523d.npz,8fec34c3f6e8f6b6dd078b2f18cb0b1d2c23974f0ecc603ac88c8b98644cbfcd,/content/cv3d-project/data/cache/reconstruction/metrics/03001627/11d8814ed60b54002449009b96f8a6ed/4983d992d7b726f07f90d89c.json,11.90817299993796
03001627/11d8814ed60b54002449009b96f8a6ed,oracle,3,"[0, 39, 35]",0.13059760837476195,0.1652593489940772,0.19992108961339247,0.15101732542819502,0.005055319148936171,0.012976716417910449,1.9941649043972143,0.1627,0.0108,0.0247,0.1409,0.0033,0.0088,camera_pose_sim3,2.722135613576764,0.13058937888828698,10000,10000,True,False,True,/content/cv3d-project/data/cache/reconstruction/predictions/03001627/11d8814ed60b54002449009b96f8a6ed/8763dff661cad49387ba5bed.npz,f1f085bad39e7d841c60d9f9158a92523db3691ca8edd9a0cfe34c20b44ac0f8,/content/cv3d-project/data/cache/reconstruction/metrics/03001627/11d8814ed60b54002449009b96f8a6ed/cafea5191335111a22cad2c9.json,11.218527999972139
03001627/11d8814ed60b54002449009b96f8a6ed,oracle,5,"[0, 39, 35, 9, 44]",0.05685107126698351,0.08560673672077876,0.11436240217457401,0.5712523673437861,0.05252539987204095,0.10174857907054496,1.9941649043972143,0.8693,0.1229,0.2341,0.4254,0.0334,0.065,camera_pose_sim3,2.5578736473932753,0.15645960941957754,10000,10000,True,False,True,/content/cv3d-project/data/cache/reconstruction/predictions/03001627/11d8814ed60b54002449009b96f8a6ed/361d88584f395e0c119a1a6b.npz,f160b19b6e4a3cee6a59f522051c7f7f6c42b989d7bb6a5fc1ee48c269af468f,/content/cv3d-project/data/cache/reconstruction/metrics/03001627/11d8814ed60b54002449009b96f8a6ed/5e382733a7f4ba8c8832c64e.json,11.891071999798442
03001627/11d8814ed60b54002449009b96f8a6ed,oracle,10,"[0, 39, 35, 9, 44, 19, 24, 38, 11, 25]",0.04274374529333576,0.059933445501191014,0.07712314570904627,0.8237152501795547,0.07124206296048226,0.15573984183256065,1.9941649043972143,0.9342,0.0906,0.2545,0.7366,0.0587,0.1122,camera_pose_sim3,2.58295003409484,0.09745707464270854,10000,10000,True,False,True,/content/cv3d-project/data/cache/reconstruction/predictions/03001627/11d8814ed60b54002449009b96f8a6ed/926a61f38d504473e4bcf804.npz,62868821ccdb4240c46f22d83e37dc7a1f295fe6f9c1d78a138d6833f6ddf2a9,/content/cv3d-project/data/cache/reconstruction/metrics/03001627/11d8814ed60b54002449009b96f8a6ed/0bf2a03b132a4c7154ad9529.json,12.256346000413032
03001627/11d9817e65d7ead6b87028a4b477349f,oracle,1,[0],0.8129267687124114,0.9263962541106303,1.039865739508849,0.0,0.0,0.0,1.9976271854980054,0.0,0.0,0.0,0.0,0.0,0.0,camera_rotation_center_and_target_diameter_scale_single_view,4.948500264247369,0.0,10000,10000,True,True,True,/content/cv3d-project/data/cache/reconstruction/predictions/03001627/11d9817e65d7ead6b87028a4b477349f/a439750782ecea4252539424.npz,68b4e01df3dc930e02c383a71badfd4ccaaea3390a6459eea235f4bab99281c9,/content/cv3d-project/data/cache/reconstruction/metrics/03001627/11d9817e65d7ead6b87028a4b477349f/88a3fd2edf3c30e050089967.json,3.8786340001024655
03001627/11d9817e65d7ead6b87028a4b477349f,oracle,2,"[0, 44]",0.04819841657393771,0.11323865705051187,0.17827889752708603,0.45290922939794187,0.018505656108597286,0.04117457805907173,1.9976271854980054,0.9353,0.0779,0.1661,0.2988,0.0105,0.0235,camera_pose_sim3,2.603722657941382,0.06067469820257996,10000,10000,True,False,True,/content/cv3d-project/data/cache/reconstruction/predictions/03001627/11d9817e65d7ead6b87028a4b477349f/f376b957da746c6309382c17.npz,f971567128753e9299aa3b7b94f39f22d2b7055e8b352f738e7d98a29b0e33f0,/content/cv3d-project/data/cache/reconstruction/metrics/03001627/11d9817e65d7ead6b87028a4b477349f/66d7eb58ad1d8e0a95db54da.json,11.804120000306284
03001627/11d9817e65d7ead6b87028a4b477349f,oracle,3,"[0, 44, 25]",0.05234326406089243,0.12893489518141923,0.20552652630194604,0.38181238800827016,0.02138589928057554,0.07409578651685393,1.9976271854980054,0.9199,0.0563,0.1659,0.2409,0.0132,0.0477,camera_pose_sim3,2.2147362448056693,0.4637803510061451,10000,10000,True,False,True,/content/cv3d-project/data/cache/reconstruction/predictions/03001627/11d9817e65d7ead6b87028a4b477349f/06c82ee505be3a5a63dedc39.npz,3040e072663af68f65730e27ed62bc3d026cf584d8f79fae7563bc4ace395aa6,/content/cv3d-project/data/cache/reconstruction/metrics/03001627/11d9817e65d7ead6b87028a4b477349f/532a67b540fb782f1a4058ec.json,11.65787799982354
03001627/11d9817e65d7ead6b87028a4b477349f,oracle,5,"[0, 44, 25, 19, 15]",0.35195935451619487,0.4753145397233887,0.5986697249305826,0.0,0.0,0.0,1.9976271854980054,0.0,0.0,0.0,0.0,0.0,0.0,camera_pose_sim3,1.2934368740576951,1.224128850279689,10000,10000,True,False,True,/content/cv3d-project/data/cache/reconstruction/predictions/03001627/11d9817e65d7ead6b87028a4b477349f/f41ab585215eaa8748a3428f.npz,71d4df8bc0d08c7ee4cce860d39a9a7575e9d3061fd4105c5ee40cbbabb19ac1,/content/cv3d-project/data/cache/reconstruction/metrics/03001627/11d9817e65d7ead6b87028a4b477349f/a322781363e2ff83aa6a82d6.json,11.571710000225721
03001627/11d9817e65d7ead6b87028a4b477349f,oracle,10,"[0, 44, 25, 19, 15, 42, 9, 31, 29, 24]",0.6434670066997783,0.7172131746435281,0.7909593425872778,0.0,0.0,0.0,1.9976271854980054,0.0,0.0,0.0,0.0,0.0,0.0,camera_pose_sim3,1.910303838448787,0.9824694105978865,10000,10000,True,False,True,/content/cv3d-project/data/cache/reconstruction/predictions/03001627/11d9817e65d7ead6b87028a4b477349f/a7dbbcc99179fd5d5bfc3a39.npz,8b5dc69302188d661510e845ecc196247afa77d4bfb03f4931efe969b8e3f358,/content/cv3d-project/data/cache/reconstruction/metrics/03001627/11d9817e65d7ead6b87028a4b477349f/9e303fc669ffc9702e7f8c05.json,12.491378999584413
03001627/11dac7c4d7e4b32af9aec59741c69cf7,oracle,1,[0],1.356685946517795,1.5253322451907243,1.6939785438636537,0.0,0.0,0.0,1.9985704605621124,0.0,0.0,0.0,0.0,0.0,0.0,camera_rotation_center_and_target_diameter_scale_single_view,6.0478952655929765,0.0,10000,10000,True,True,True,/content/cv3d-project/data/cache/reconstruction/predictions/03001627/11dac7c4d7e4b32af9aec59741c69cf7/f62d313971d6664c75737eaf.npz,f531af3f74cd6699050b774b04a797c462bf692f848932487ff280be4586f91d,/content/cv3d-project/data/cache/reconstruction/metrics/03001627/11dac7c4d7e4b32af9aec59741c69cf7/8d2822b7957ce5f50366b5ad.json,3.8249579997682304
03001627/11dac7c4d7e4b32af9aec59741c69cf7,oracle,2,"[0, 39]",0.17520265300437715,0.33885397670825157,0.502505300412126,0.0,0.0,0.0,1.9985704605621124,0.0,0.0,0.0,0.0,0.0,0.0,camera_pose_sim3,0.5158427481712489,1.256111449689803,10000,10000,True,False,True,/content/cv3d-project/data/cache/reconstruction/predictions/03001627/11dac7c4d7e4b32af9aec59741c69cf7/59725e961eea323065b1fc63.npz,621f1094cedbbd9e5d296d97c91103ad7496a312c0e671a1f58fd95fa5e9e913,/content/cv3d-project/data/cache/reconstruction/metrics/03001627/11dac7c4d7e4b32af9aec59741c69cf7/97c298f1d367444a5f2a2b86.json,11.59446699966793
03001627/11dac7c4d7e4b32af9aec59741c69cf7,oracle,3,"[0, 39, 26]",0.4580514360824548,0.6164474691805788,0.7748435022787029,0.0,0.0,0.0,1.9985704605621124,0.0,0.0,0.0,0.0,0.0,0.0,camera_pose_sim3,0.9672731565566296,1.2946659778519003,10000,10000,True,False,True,/content/cv3d-project/data/cache/reconstruction/predictions/03001627/11dac7c4d7e4b32af9aec59741c69cf7/981c09fe4e59c3c07490f431.npz,f2df01305e155ac9a8586da1ef7a09caccc257e875893e96d1317517e05e564d,/content/cv3d-project/data/cache/reconstruction/metrics/03001627/11dac7c4d7e4b32af9aec59741c69cf7/dfc7926b07becfd657201e86.json,11.82705100018211
03001627/11dac7c4d7e4b32af9aec59741c69cf7,oracle,5,"[0, 39, 26, 47, 21]",0.20328284720128537,0.2674574588924183,0.3316320705835512,0.015552619589977222,0.0,0.0,1.9985704605621124,0.0338,0.0,0.0,0.0101,0.0,0.0,camera_pose_sim3,1.7160374380896173,0.9023970885495323,10000,10000,True,False,True,/content/cv3d-project/data/cache/reconstruction/predictions/03001627/11dac7c4d7e4b32af9aec59741c69cf7/020e2a829f3c6e5eaaccf637.npz,88e0a8edc095ceb94627a1e1cf235f4e3588ed576e810e1959d253d85923092d,/content/cv3d-project/data/cache/reconstruction/metrics/03001627/11dac7c4d7e4b32af9aec59741c69cf7/130fdbb8ae519f35e80b9897.json,11.808133000158705
03001627/11dac7c4d7e4b32af9aec59741c69cf7,oracle,10,"[0, 39, 26, 47, 21, 10, 33, 22, 17, 43]",0.31250942139887933,0.3640205429959116,0.4155316645929438,0.0,0.0,0.0,1.9985704605621124,0.0,0.0,0.0,0.0,0.0,0.0,camera_pose_sim3,1.7705770884913343,0.8082797912689009,10000,10000,True,False,True,/content/cv3d-project/data/cache/reconstruction/predictions/03001627/11dac7c4d7e4b32af9aec59741c69cf7/146ddc05a2b88eacd3b9d54a.npz,e2ff2e9b4e4cfd8e5049a7ca9ec83848057a227e31a63b81cbc42d99a7c6e503,/content/cv3d-project/data/cache/reconstruction/metrics/03001627/11dac7c4d7e4b32af9aec59741c69cf7/a03473c403c3dd7e0f6c726b.json,12.457933999939996
03001627/11dba3a8d7b7210f5ff61a3a2a0e2484,oracle,1,[0],2.6042769556402976,2.741261241015156,2.8782455263900144,0.0,0.0,0.0,1.9920504003664743,0.0,0.0,0.0,0.0,0.0,0.0,camera_rotation_center_and_target_diameter_scale_single_view,8.470601434368808,0.0,10000,10000,True,True,True,/content/cv3d-project/data/cache/reconstruction/predictions/03001627/11dba3a8d7b7210f5ff61a3a2a0e2484/881872bbf49f5dd0119054f5.npz,5b7a5cb9588730a801c50709da74387d9f4330f143e34d72023b11f4df45014d,/content/cv3d-project/data/cache/reconstruction/metrics/03001627/11dba3a8d7b7210f5ff61a3a2a0e2484/bd21014e8b6e0f252f4bac21.json,3.8728730000912037
03001627/11dba3a8d7b7210f5ff61a3a2a0e2484,oracle,2,"[0, 39]",0.7582384913542844,0.8454315370893197,0.932624582824355,0.0,0.0,0.0,1.9920504003664743,0.0,0.0,0.0,0.0,0.0,0.0,camera_pose_sim3,2.710843775260718,0.4534960574362396,10000,10000,True,False,True,/content/cv3d-project/data/cache/reconstruction/predictions/03001627/11dba3a8d7b7210f5ff61a3a2a0e2484/551494567f1a8c56d22f5133.npz,57e2575d1a5246559bcaf9f44485df1e1f062754a1331dbfd2fb3258cf88b34c,/content/cv3d-project/data/cache/reconstruction/metrics/03001627/11dba3a8d7b7210f5ff61a3a2a0e2484/a0e49c60d2adf8087a0c9624.json,11.834710000130144
03001627/11dba3a8d7b7210f5ff61a3a2a0e2484,oracle,3,"[0, 39, 19]",0.21363764440987018,0.35664228793327485,0.4996469314566795,0.0,0.0,0.0,1.9920504003664743,0.0,0.0,0.0,0.0,0.0,0.0,camera_pose_sim3,1.995601115889206,0.9166447114531524,10000,10000,True,False,True,/content/cv3d-project/data/cache/reconstruction/predictions/03001627/11dba3a8d7b7210f5ff61a3a2a0e2484/e0417a5134b988816da18946.npz,d52634b69d0ef30f20a005678228a5df3681076fe096aef5f6dccbaec6d901a5,/content/cv3d-project/data/cache/reconstruction/metrics/03001627/11dba3a8d7b7210f5ff61a3a2a0e2484/0525485def8f7f0e2b59d68f.json,11.798535999787418
03001627/11dba3a8d7b7210f5ff61a3a2a0e2484,oracle,5,"[0, 39, 19, 18, 30]",0.01958803080876071,0.09918990869514224,0.17879178658152378,0.3491539413949649,0.029110176041219404,0.07118250115937548,1.9920504003664743,1.0,0.2173,0.6091,0.2115,0.0156,0.0378,camera_pose_sim3,1.9361561372878935,0.9818097637553643,10000,10000,True,False,True,/content/cv3d-project/data/cache/reconstruction/predictions/03001627/11dba3a8d7b7210f5ff61a3a2a0e2484/4e48daafc1ec34e0559c195f.npz,eb695bfe4cb15f65a1903830ebf0adae63bb42c8572130dd73ffeafc9b2b1b54,/content/cv3d-project/data/cache/reconstruction/metrics/03001627/11dba3a8d7b7210f5ff61a3a2a0e2484/5212fbf8c512ac830ae60483.json,11.66850700019495
03001627/11dba3a8d7b7210f5ff61a3a2a0e2484,oracle,10,"[0, 39, 19, 18, 30, 46, 9, 45, 34, 13]",0.08264390065456441,0.169195632945433,0.2557473652363016,0.13716120401337792,0.008417721518987344,0.019914126984126982,1.9920504003664743,0.6408,0.0266,0.1151,0.0768,0.005,0.0109,camera_pose_sim3,2.313775724220091,0.7618805946639892,10000,10000,True,False,True,/content/cv3d-project/data/cache/reconstruction/predictions/03001627/11dba3a8d7b7210f5ff61a3a2a0e2484/ad90343ab83577e7dd2b7c19.npz,27e25aa66551c763d456c197f97ebfea248c230b78780bd46b36c9123b575f2a,/content/cv3d-project/data/cache/reconstruction/metrics/03001627/11dba3a8d7b7210f5ff61a3a2a0e2484/9e5fba40632fb2d81837c51b.json,11.905943999863666
03001627/11e0f0dfd3d0b22130ddb6ead95f49cc,oracle,1,[0],1.0059095436970908,1.116791709354939,1.2276738750127874,0.0,0.0,0.0,1.9999806011425298,0.0,0.0,0.0,0.0,0.0,0.0,camera_rotation_center_and_target_diameter_scale_single_view,5.204324593614092,0.0,10000,10000,True,True,True,/content/cv3d-project/data/cache/reconstruction/predictions/03001627/11e0f0dfd3d0b22130ddb6ead95f49cc/93402e305145f834f52365e0.npz,8b60e6f5686dbd7bdf31466d8320c395f092cc71a851d6f3f5141dc71d1b0adf,/content/cv3d-project/data/cache/reconstruction/metrics/03001627/11e0f0dfd3d0b22130ddb6ead95f49cc/d124dc8c5680a16b2307df1b.json,3.869033000228228
03001627/11e0f0dfd3d0b22130ddb6ead95f49cc,oracle,2,"[0, 44]",0.09694004952890627,0.1381003430776288,0.17926063662635133,0.33949731826241136,0.0028465116279069768,0.008288770053475935,1.9999806011425298,0.6757,0.0068,0.0125,0.2267,0.0018,0.0062,camera_pose_sim3,2.2961144284884907,0.055590102550461755,10000,10000,True,False,True,/content/cv3d-project/data/cache/reconstruction/predictions/03001627/11e0f0dfd3d0b22130ddb6ead95f49cc/582e4dc62251a7b2144629ce.npz,860a70cc0aa195c63b68bd129540e07d19f0ceb73ada7b18a69eba76f86c539b,/content/cv3d-project/data/cache/reconstruction/metrics/03001627/11e0f0dfd3d0b22130ddb6ead95f49cc/970dd084a524230b185a9ce0.json,11.898088000179996
03001627/11e0f0dfd3d0b22130ddb6ead95f49cc,oracle,3,"[0, 44, 17]",0.04339059060366454,0.0798071503323653,0.11622371006106605,0.6157609037609036,0.045551154529307275,0.1369013983933353,1.9999806011425298,0.941,0.0809,0.2404,0.4576,0.0317,0.0957,camera_pose_sim3,2.2994154315115707,0.21236619857960912,10000,10000,True,False,True,/content/cv3d-project/data/cache/reconstruction/predictions/03001627/11e0f0dfd3d0b22130ddb6ead95f49cc/37dbbc253d9ed9ec6e0b2f67.npz,c6c4359aa25a24661167c79f0f6906f6b13ca3639ba316dc98c273385de6bf8d,/content/cv3d-project/data/cache/reconstruction/metrics/03001627/11e0f0dfd3d0b22130ddb6ead95f49cc/813c10d0f42af7cde33ba070.json,11.647067000012612
03001627/11e0f0dfd3d0b22130ddb6ead95f49cc,oracle,5,"[0, 44, 17, 42, 23]",0.057942211115472604,0.07209704897167155,0.0862518868278705,0.7258608367580678,0.05434345637583892,0.1084887433483422,1.9999806011425298,0.8521,0.0773,0.163,0.6322,0.0419,0.0813,camera_pose_sim3,2.4413652039009675,0.08006051627220467,10000,10000,True,False,True,/content/cv3d-project/data/cache/reconstruction/predictions/03001627/11e0f0dfd3d0b22130ddb6ead95f49cc/7eb6bf19603a487997c9cece.npz,83fcde536a4690f00f00f859a22d107ec9e7c37f5822fa3984142ee7eb0f5d5a,/content/cv3d-project/data/cache/reconstruction/metrics/03001627/11e0f0dfd3d0b22130ddb6ead95f49cc/6fac442c2db37936900e0c6a.json,11.774678000165295
03001627/11e0f0dfd3d0b22130ddb6ead95f49cc,oracle,10,"[0, 44, 17, 42, 23, 19, 6, 13, 2, 46]",0.08785657863910742,0.14571156123617474,0.20356654383324208,0.2737270229007634,0.014943589743589744,0.05306709991876523,1.9999806011425298,0.5368,0.0188,0.0844,0.1837,0.0124,0.0387,camera_pose_sim3,1.9631705412590301,0.8238695310469453,10000,10000,True,False,True,/content/cv3d-project/data/cache/reconstruction/predictions/03001627/11e0f0dfd3d0b22130ddb6ead95f49cc/1ac590c5d51f97408b2076bb.npz,4b538034970a9caf5d28642ee1a163dfc0e0df8cd740fc8f42ad9db5c28e2212,/content/cv3d-project/data/cache/reconstruction/metrics/03001627/11e0f0dfd3d0b22130ddb6ead95f49cc/63180851e65416146c39a1ae.json,12.814288000299712
03001627/11e28120789c20abc8687ff9b0b4e4ac,oracle,1,[0],2.8028600262325156,2.9216339952735875,3.0404079643146593,0.0,0.0,0.0,1.9950614318879338,0.0,0.0,0.0,0.0,0.0,0.0,camera_rotation_center_and_target_diameter_scale_single_view,8.745229236994474,0.0,10000,10000,True,True,True,/content/cv3d-project/data/cache/reconstruction/predictions/03001627/11e28120789c20abc8687ff9b0b4e4ac/95750d0027a58ea195ed7ab4.npz,2cd580d551e32463f0bb02a2daf3ff320760bcfc4ea4889bfd3feea81f2c58df,/content/cv3d-project/data/cache/reconstruction/metrics/03001627/11e28120789c20abc8687ff9b0b4e4ac/bd2b7db218384ff9ef0982e0.json,3.825412999958644
03001627/11e28120789c20abc8687ff9b0b4e4ac,oracle,2,"[0, 39]",0.30621437794277273,0.3758932439711088,0.4455721099994449,0.0,0.0,0.0,1.9950614318879338,0.0,0.0,0.0,0.0,0.0,0.0,camera_pose_sim3,3.03579445861261,0.09274668068139989,10000,10000,True,False,True,/content/cv3d-project/data/cache/reconstruction/predictions/03001627/11e28120789c20abc8687ff9b0b4e4ac/cbcc2662301f049638218eb1.npz,40c65875f4b03619c2cb86043f9413d9addd70497029fd886be90a252723b4fa,/content/cv3d-project/data/cache/reconstruction/metrics/03001627/11e28120789c20abc8687ff9b0b4e4ac/af07aecacdcf585cf5917fc6.json,11.58519900036481
03001627/11e28120789c20abc8687ff9b0b4e4ac,oracle,3,"[0, 39, 35]",0.16057973808874537,0.23745227482610523,0.3143248115634651,0.039078800203355364,0.0,0.0,1.9950614318879338,0.1747,0.0,0.0,0.022,0.0,0.0,camera_pose_sim3,2.8964320188083996,0.12593564403616136,10000,10000,True,False,True,/content/cv3d-project/data/cache/reconstruction/predictions/03001627/11e28120789c20abc8687ff9b0b4e4ac/036e061880ae3262cdf2327e.npz,6e2930c249aba50ccb3a18e7d4c69fd43eff42b51c58511b1b02eb1ad85d0ff8,/content/cv3d-project/data/cache/reconstruction/metrics/03001627/11e28120789c20abc8687ff9b0b4e4ac/5203b5fdf399d31f356798d1.json,13.126453000040783
03001627/11e28120789c20abc8687ff9b0b4e4ac,oracle,5,"[0, 39, 35, 9, 44]",0.03797932843442711,0.09157121694090865,0.1451631054473902,0.46417422608425785,0.06426380429355967,0.12993697848045674,1.9950614318879338,0.9853,0.1601,0.3769,0.3036,0.0402,0.0785,camera_pose_sim3,2.713492181951678,0.21866991140102898,10000,10000,True,False,True,/content/cv3d-project/data/cache/reconstruction/predictions/03001627/11e28120789c20abc8687ff9b0b4e4ac/dbf63aa750c757881ac3ff05.npz,dbeb8cea0fb3b94136c8c46c7a9a159ece02d3b3532266c4f48d5dab0464bde8,/content/cv3d-project/data/cache/reconstruction/metrics/03001627/11e28120789c20abc8687ff9b0b4e4ac/0c10dd98c193c035b5282b1c.json,12.278607999633095
03001627/11e28120789c20abc8687ff9b0b4e4ac,oracle,10,"[0, 39, 35, 9, 44, 41, 37, 19, 7, 40]",0.03989621229719393,0.06805845572657565,0.09622069915595736,0.6626800295857989,0.06752811704834606,0.1663451725862931,1.9950614318879338,0.9889,0.1081,0.2818,0.4983,0.0491,0.118,camera_pose_sim3,2.676073876501348,0.2254894005851886,10000,10000,True,False,True,/content/cv3d-project/data/cache/reconstruction/predictions/03001627/11e28120789c20abc8687ff9b0b4e4ac/acea18c67d0aa1661dc09005.npz,d167195f127462feabf19d756aa4d966f43149b9798b3030c03b0abec5cb6b63,/content/cv3d-project/data/cache/reconstruction/metrics/03001627/11e28120789c20abc8687ff9b0b4e4ac/9d280dfdc7905fb5b891342b.json,12.166803000127402
03001627/11e521e41ff6a64922e4620665c23c97,oracle,1,[0],1.1755847391764975,1.2628190792429912,1.350053419309485,0.0,0.0,0.0,1.9921528223826779,0.0,0.0,0.0,0.0,0.0,0.0,camera_rotation_center_and_target_diameter_scale_single_view,5.385819988614806,0.0,10000,10000,True,True,True,/content/cv3d-project/data/cache/reconstruction/predictions/03001627/11e521e41ff6a64922e4620665c23c97/280124eb515b042b8d864b48.npz,50e75360d9c19215b3ab0930b8bc8606fa123f4bd317962212aa1b1daf54d1a0,/content/cv3d-project/data/cache/reconstruction/metrics/03001627/11e521e41ff6a64922e4620665c23c97/f99c1885f57c146fef3ee9dc.json,3.939644000183762
03001627/11e521e41ff6a64922e4620665c23c97,oracle,2,"[0, 42]",3.117699652535401,3.1214311197171787,3.125162586898957,0.0,0.0,0.0,1.9921528223826779,0.0,0.0,0.0,0.0,0.0,0.0,camera_pose_sim3_positive_scale_fallback,4.020545855201347,6.058851671907325e-16,10000,10000,True,False,True,/content/cv3d-project/data/cache/reconstruction/predictions/03001627/11e521e41ff6a64922e4620665c23c97/f091cb855122233972e61b0a.npz,b29c96722af6356e57ca145c3886f1087e22c24a10faba74bae0cf0a6e8bb8f8,/content/cv3d-project/data/cache/reconstruction/metrics/03001627/11e521e41ff6a64922e4620665c23c97/dd17513aeb722b36556d5097.json,12.20716799980437
03001627/11e521e41ff6a64922e4620665c23c97,oracle,3,"[0, 42, 39]",0.49761910567185197,0.6312795534194748,0.7649400011670976,0.0,0.0,0.0,1.9921528223826779,0.0,0.0,0.0,0.0,0.0,0.0,camera_pose_sim3,0.9916332813370093,1.285412681444428,10000,10000,True,False,True,/content/cv3d-project/data/cache/reconstruction/predictions/03001627/11e521e41ff6a64922e4620665c23c97/5736ebb0d90ff9154533e51a.npz,8c690642411f524e1195de0457156c76ef9742ee8c5cff550e96b1d869953c55,/content/cv3d-project/data/cache/reconstruction/metrics/03001627/11e521e41ff6a64922e4620665c23c97/3b2b5aec20d828d4d69a65ec.json,11.74597299996094
03001627/11e521e41ff6a64922e4620665c23c97,oracle,5,"[0, 42, 39, 25, 36]",0.08146109917041985,0.22593053391403717,0.37039996865765445,0.18896355214399152,0.017171020408163266,0.039272639691714836,1.9921528223826779,0.6449,0.0379,0.0775,0.1107,0.0111,0.0263,camera_pose_sim3,1.9721071279954625,0.8054140731798378,10000,10000,True,False,True,/content/cv3d-project/data/cache/reconstruction/predictions/03001627/11e521e41ff6a64922e4620665c23c97/211d9d7de95947e15b2df3fb.npz,e1a5896923db93c66dedd7fe923c9897d03741d60eea9fda35df702463849522,/content/cv3d-project/data/cache/reconstruction/metrics/03001627/11e521e41ff6a64922e4620665c23c97/a74be1b7c139461e91af6773.json,12.14654800014614
03001627/11e521e41ff6a64922e4620665c23c97,oracle,10,"[0, 42, 39, 25, 36, 10, 9, 41, 27, 15]",0.03840599716407802,0.04536655707221201,0.052327116980346,0.9321686909149174,0.06859419263456092,0.17891458738538482,1.9921528223826779,0.9972,0.0825,0.1936,0.8751,0.0587,0.1663,camera_pose_sim3,2.578666149586475,0.11583714537714605,10000,10000,True,False,True,/content/cv3d-project/data/cache/reconstruction/predictions/03001627/11e521e41ff6a64922e4620665c23c97/09a6652ee3085fc16af9848c.npz,81db85e6d73559cc3889977b01ecff6c3a7b4c55b3100c9ea95bad10a506f0f3,/content/cv3d-project/data/cache/reconstruction/metrics/03001627/11e521e41ff6a64922e4620665c23c97/1ad3bb0fff6676cdc81e28c9.json,12.375441000131104
03001627/11e55ca087c74082feec1f13d2353f3,oracle,1,[0],2.939497496837654,3.058737864279756,3.1779782317218586,0.0,0.0,0.0,1.9771625532325126,0.0,0.0,0.0,0.0,0.0,0.0,camera_rotation_center_and_target_diameter_scale_single_view,9.150290595563895,0.0,10000,10000,True,True,True,/content/cv3d-project/data/cache/reconstruction/predictions/03001627/11e55ca087c74082feec1f13d2353f3/5c5b61ac3c0dee38bbab1363.npz,b8058b4cee7d254430c13ea195d5ae2a1de86a6b1b3e58f5d8f47835d074ba43,/content/cv3d-project/data/cache/reconstruction/metrics/03001627/11e55ca087c74082feec1f13d2353f3/0c24dc1070a6b18422f9997e.json,3.744276999896101
03001627/11e55ca087c74082feec1f13d2353f3,oracle,2,"[0, 45]",0.08806496813489295,0.12198468394589443,0.1559043997568959,0.2968921473762561,0.008055944055944056,0.02386137184115523,1.9771625532325126,0.6099,0.0384,0.0972,0.1962,0.0045,0.0136,camera_pose_sim3,2.781158601515493,0.01508608126904502,10000,10000,True,False,True,/content/cv3d-project/data/cache/reconstruction/predictions/03001627/11e55ca087c74082feec1f13d2353f3/7e12165c9dbd76b6d751d770.npz,b190bc62194ae539cc86823bb4cf5bb15f3649db22f713ce2d65c9d5b387ced2,/content/cv3d-project/data/cache/reconstruction/metrics/03001627/11e55ca087c74082feec1f13d2353f3/74ff7332f7694ae1b2284359.json,12.006768999981432
03001627/11e55ca087c74082feec1f13d2353f3,oracle,3,"[0, 45, 19]",0.03270675399309767,0.11939231362899422,0.20607787326489077,0.32514861215932916,0.03173968686181076,0.07790615224191866,1.9771625532325126,0.9983,0.1288,0.3396,0.1942,0.0181,0.044,camera_pose_sim3,2.846521334857362,0.14529791652899693,10000,10000,True,False,True,/content/cv3d-project/data/cache/reconstruction/predictions/03001627/11e55ca087c74082feec1f13d2353f3/677e28cf0921313de0c58ad2.npz,3a2d4c08aac032290960a9fdd0c9cc176f9275bd8b295e5fba84224839ed3a11,/content/cv3d-project/data/cache/reconstruction/metrics/03001627/11e55ca087c74082feec1f13d2353f3/d0af06db99a40b393ba6202e.json,11.365188000127091
03001627/11e55ca087c74082feec1f13d2353f3,oracle,5,"[0, 45, 19, 32, 9]",0.05703673678519753,0.10444884967940295,0.15186096257360837,0.42178513831133607,0.02803010101010101,0.06790264717502963,1.9771625532325126,0.8226,0.0821,0.2127,0.2836,0.0169,0.0404,camera_pose_sim3,2.7124629389931916,0.15737976227683856,10000,10000,True,False,True,/content/cv3d-project/data/cache/reconstruction/predictions/03001627/11e55ca087c74082feec1f13d2353f3/eca447293a28883770788b94.npz,fe493b6c5fa54cc036dc63abca9d17f75c8a10ea51b4f5322fce804f57cb6570,/content/cv3d-project/data/cache/reconstruction/metrics/03001627/11e55ca087c74082feec1f13d2353f3/17cbb2d0ac1f781339fe294e.json,12.037282999699528
03001627/11e55ca087c74082feec1f13d2353f3,oracle,10,"[0, 45, 19, 32, 9, 36, 10, 30, 26, 42]",0.043656857959877754,0.07020211154830688,0.09674736513673601,0.6696192784206945,0.0412443487621098,0.09399966173361522,1.9771625532325126,0.9528,0.062,0.1718,0.5162,0.0309,0.0647,camera_pose_sim3,2.6395007421182686,0.12793818688924405,10000,10000,True,False,True,/content/cv3d-project/data/cache/reconstruction/predictions/03001627/11e55ca087c74082feec1f13d2353f3/803d6c1ea9c11703a7f555c9.npz,d3fabf9c44eafe46a955f372c585ccb14ebaac667102bfcbb76c9e4b63cadcee,/content/cv3d-project/data/cache/reconstruction/metrics/03001627/11e55ca087c74082feec1f13d2353f3/983cb4d6ad11beda33391986.json,12.263198999789893
03001627/11e6e58798ae5be83e5b5dbd84cdd0f8,oracle,1,[0],1.6605151859383525,1.812679260471586,1.9648433350048196,0.0,0.0,0.0,1.9957745560180198,0.0,0.0,0.0,0.0,0.0,0.0,camera_rotation_center_and_target_diameter_scale_single_view,6.6125135261704795,0.0,10000,10000,True,True,True,/content/cv3d-project/data/cache/reconstruction/predictions/03001627/11e6e58798ae5be83e5b5dbd84cdd0f8/afe94a6439801d4b5d1b4db7.npz,aded704805af9004d86c322248b9d308242b69896d635a4c29b1a6ce3e8fd84e,/content/cv3d-project/data/cache/reconstruction/metrics/03001627/11e6e58798ae5be83e5b5dbd84cdd0f8/c1a6e15e3d3ea0d55f841cb4.json,3.792830000293179
03001627/11e6e58798ae5be83e5b5dbd84cdd0f8,oracle,2,"[0, 39]",0.11615888449939858,0.22246159438342392,0.32876430426744924,0.10091238670694865,0.0,0.0,1.9957745560180198,0.4395,0.0,0.0,0.057,0.0,0.0,camera_pose_sim3,2.4834492732719164,0.12556983647961012,10000,10000,True,False,True,/content/cv3d-project/data/cache/reconstruction/predictions/03001627/11e6e58798ae5be83e5b5dbd84cdd0f8/f72744b737e0440d1180f361.npz,bb317c89d8b8ef3985c7740d7fa6883270f5b2fe972fc3cab35f68334e0a7c42,/content/cv3d-project/data/cache/reconstruction/metrics/03001627/11e6e58798ae5be83e5b5dbd84cdd0f8/a38f7d75dcb4521704877162.json,11.787900999934209
03001627/11e6e58798ae5be83e5b5dbd84cdd0f8,oracle,3,"[0, 39, 26]",0.07752299896981801,0.16220529902234893,0.24688759907487984,0.2008597570666364,0.0055808,0.013330744336569578,1.9957745560180198,0.7653,0.0218,0.0542,0.1156,0.0032,0.0076,camera_pose_sim3,2.6140728940753446,0.13954914648299657,10000,10000,True,False,True,/content/cv3d-project/data/cache/reconstruction/predictions/03001627/11e6e58798ae5be83e5b5dbd84cdd0f8/0c9c2914c786b83006019a15.npz,acf06005c6c5cc66d0ea76bd65c29d63938179626a4e3aa5c9675f70ecee5c69,/content/cv3d-project/data/cache/reconstruction/metrics/03001627/11e6e58798ae5be83e5b5dbd84cdd0f8/9a1787b4c97176eec0c96b8d.json,12.09781599982307
03001627/11e6e58798ae5be83e5b5dbd84cdd0f8,oracle,5,"[0, 39, 26, 37, 9]",0.023757364608717316,0.05649224358556085,0.08922712256240438,0.7398399596748787,0.08631176035502959,0.20087679487179483,1.9957745560180198,1.0,0.2165,0.4982,0.5871,0.0539,0.1258,camera_pose_sim3,2.3781362740053162,0.0807582586552885,10000,10000,True,False,True,/content/cv3d-project/data/cache/reconstruction/predictions/03001627/11e6e58798ae5be83e5b5dbd84cdd0f8/f97098f818ebfdd373200906.npz,e9bb4f1e52ee6087d8a457dc9c57bd151893fff764581a9df9bb79996c0f1972,/content/cv3d-project/data/cache/reconstruction/metrics/03001627/11e6e58798ae5be83e5b5dbd84cdd0f8/80e35c3c06ec0b133209da89.json,11.723612999958277
03001627/11e6e58798ae5be83e5b5dbd84cdd0f8,oracle,10,"[0, 39, 26, 37, 9, 18, 25, 30, 27, 17]",0.02776817288158012,0.04617704960196867,0.06458592632235721,0.8671190840559996,0.09246608615948672,0.20891365949119373,1.9957745560180198,0.9973,0.1517,0.3646,0.767,0.0665,0.1464,camera_pose_sim3,2.507042969518543,0.08272870816058095,10000,10000,True,False,True,/content/cv3d-project/data/cache/reconstruction/predictions/03001627/11e6e58798ae5be83e5b5dbd84cdd0f8/7e67a7e3c36434ffaab8b471.npz,573919a606c708fbf7264fb4b58c7191f3004dbdc10a7221d4ff25c6212a190f,/content/cv3d-project/data/cache/reconstruction/metrics/03001627/11e6e58798ae5be83e5b5dbd84cdd0f8/db27bc542865f03a466ac57f.json,12.45037799981219
03001627/11f1511799d033ff7962150cab9888d6,oracle,1,[0],1.7075461061269017,1.8410216482140995,1.9744971903012973,0.0,0.0,0.0,1.9940509466924525,0.0,0.0,0.0,0.0,0.0,0.0,camera_rotation_center_and_target_diameter_scale_single_view,6.660926474731359,0.0,10000,10000,True,True,True,/content/cv3d-project/data/cache/reconstruction/predictions/03001627/11f1511799d033ff7962150cab9888d6/79b48e566db4d64fe5a6d53b.npz,72c75d10565293ff0999794f3da5a63b75c9b9ed864e6e6e34181d28ed3fe0c2,/content/cv3d-project/data/cache/reconstruction/metrics/03001627/11f1511799d033ff7962150cab9888d6/27c14cdd6c694bad6a5e033c.json,3.8028570002097695
03001627/11f1511799d033ff7962150cab9888d6,oracle,2,"[0, 39]",0.21412148043472415,0.27320406891736426,0.33228665740000435,0.042319013360739975,0.0005357142857142856,0.0021239436619718307,1.9940509466924525,0.0662,0.0025,0.0058,0.0311,0.0003,0.0013,camera_pose_sim3,2.583191340214194,0.20816634113894908,10000,10000,True,True,True,/content/cv3d-project/data/cache/reconstruction/predictions/03001627/11f1511799d033ff7962150cab9888d6/1adecfe859a39acfba0d4935.npz,247563172dd5f9b308f7bd396e8761fc49e2b46c799856b5d83f186ef7a34a46,/content/cv3d-project/data/cache/reconstruction/metrics/03001627/11f1511799d033ff7962150cab9888d6/00d08e239eff88c1c83da27a.json,2.402551000159292
03001627/11f1511799d033ff7962150cab9888d6,oracle,3,"[0, 39, 35]",0.16639169496880798,0.22538244263294938,0.28437319029709074,0.049857051282051285,0.0010434782608695653,0.004333333333333333,1.9940509466924525,0.1897,0.0015,0.0078,0.0287,0.0008,0.003,camera_pose_sim3,2.559703624282018,0.19953726721951176,10000,10000,True,False,True,/content/cv3d-project/data/cache/reconstruction/predictions/03001627/11f1511799d033ff7962150cab9888d6/0c20feba171b168d906905d8.npz,5b68f78ef22ce87c606265c5522bd91ac5ea0e35641d47704729386ac156fa82,/content/cv3d-project/data/cache/reconstruction/metrics/03001627/11f1511799d033ff7962150cab9888d6/5462bfb7c88697939f5e614f.json,12.08561000021291
03001627/11f1511799d033ff7962150cab9888d6,oracle,5,"[0, 39, 35, 9, 29]",0.019954999674241428,0.04824703833612321,0.076539076998005,0.772708390135085,0.1859579305650102,0.33406730022481096,1.9940509466924525,0.973,0.4718,0.7649,0.6408,0.1158,0.2137,camera_pose_sim3,2.4654661083446094,0.08514035429443007,10000,10000,True,False,True,/content/cv3d-project/data/cache/reconstruction/predictions/03001627/11f1511799d033ff7962150cab9888d6/4e330c20f8fbbf9a315aa246.npz,57aa1a4ef9c5b365b91b38812bee69f9061d3204b17dd5b92405fb534db220ef,/content/cv3d-project/data/cache/reconstruction/metrics/03001627/11f1511799d033ff7962150cab9888d6/515a062e3933f964107d240f.json,11.90297199991619
03001627/11f1511799d033ff7962150cab9888d6,oracle,10,"[0, 39, 35, 9, 29, 24, 46, 19, 7, 20]",0.05382126039519776,0.09655631769562117,0.1392913749960446,0.43812711540213134,0.09337481956696071,0.17388257668711657,1.9940509466924525,0.7956,0.1872,0.3759,0.3023,0.0622,0.1131,camera_pose_sim3,2.0451076953188583,0.7352136378698386,10000,10000,True,False,True,/content/cv3d-project/data/cache/reconstruction/predictions/03001627/11f1511799d033ff7962150cab9888d6/4e4a92a6ceab08cccd66e7d2.npz,eeec0bc0462698ec87093e6432ab2fe8f7b9cc83e8998c8c0deace282547a15f,/content/cv3d-project/data/cache/reconstruction/metrics/03001627/11f1511799d033ff7962150cab9888d6/1561ce1d75a405709cbeb5c7.json,12.513202000263846
03001627/11fa9b044482814ef91663a74ccd2338,oracle,1,[0],4.026703486870059,4.1432704358741965,4.259837384878335,0.0,0.0,0.0,1.9810020171867577,0.0,0.0,0.0,0.0,0.0,0.0,camera_rotation_center_and_target_diameter_scale_single_view,11.128983529558932,0.0,10000,10000,True,True,True,/content/cv3d-project/data/cache/reconstruction/predictions/03001627/11fa9b044482814ef91663a74ccd2338/863a8249d4b4509d1ab010de.npz,7d2a7aacaf5ba48b56a53dbe2861107e4b268fe4a14e60dcd4021a4b991b50a3,/content/cv3d-project/data/cache/reconstruction/metrics/03001627/11fa9b044482814ef91663a74ccd2338/62bac30e416b5e581e530dd2.json,3.800636000050872
03001627/11fa9b044482814ef91663a74ccd2338,oracle,2,"[0, 44]",1.1792278028525986,1.2919044169185046,1.4045810309844105,0.0,0.0,0.0,1.9810020171867577,0.0,0.0,0.0,0.0,0.0,0.0,camera_pose_sim3,2.429710046359078,0.7416970687172785,10000,10000,True,False,True,/content/cv3d-project/data/cache/reconstruction/predictions/03001627/11fa9b044482814ef91663a74ccd2338/1ff489c19722ca64bbca1de8.npz,47a0b6fbd16ed18ff771d8c6019e340f2de8f5a9618465cf8114b6697961c1d5,/content/cv3d-project/data/cache/reconstruction/metrics/03001627/11fa9b044482814ef91663a74ccd2338/fd776a10925886567c740b3b.json,11.702403000072081
03001627/11fa9b044482814ef91663a74ccd2338,oracle,3,"[0, 44, 33]",0.4278515132708432,0.527578166411215,0.6273048195515868,0.0,0.0,0.0,1.9810020171867577,0.0,0.0,0.0,0.0,0.0,0.0,camera_pose_sim3,1.4182615378395953,1.191534587749131,10000,10000,True,False,True,/content/cv3d-project/data/cache/reconstruction/predictions/03001627/11fa9b044482814ef91663a74ccd2338/8d7d4846333310fae36e3178.npz,2e3eddc74846e9f11a216838d5714aeb4b932633c335b2ad0ddbe2cb6a3d23f0,/content/cv3d-project/data/cache/reconstruction/metrics/03001627/11fa9b044482814ef91663a74ccd2338/1ce8963233c3eda899c61871.json,12.617816999863862
03001627/11fa9b044482814ef91663a74ccd2338,oracle,5,"[0, 44, 33, 19, 8]",0.04468267349129921,0.05886174390001503,0.07304081430873084,0.8550211910641475,0.09267480438184664,0.19263793315562847,1.9810020171867577,0.9873,0.1948,0.3556,0.754,0.0608,0.1321,camera_pose_sim3,2.6290546775102897,0.13268159156694873,10000,10000,True,False,True,/content/cv3d-project/data/cache/reconstruction/predictions/03001627/11fa9b044482814ef91663a74ccd2338/c85c5fd3f4fc88194f87cb31.npz,ee9315091ef3b1c75c677c1f52b9bf7957829d224d74c46afe5cc1ac5228f682,/content/cv3d-project/data/cache/reconstruction/metrics/03001627/11fa9b044482814ef91663a74ccd2338/d7173932512e6c52a372269e.json,12.102332999802456
03001627/11fa9b044482814ef91663a74ccd2338,oracle,10,"[0, 44, 33, 19, 8, 12, 35, 6, 3, 24]",0.020260862959210944,0.03036273704312392,0.04046461112703689,0.9601746906519705,0.19451098424297786,0.40551749304911955,1.9810020171867577,1.0,0.2921,0.5377,0.9234,0.1458,0.3255,camera_pose_sim3,2.5379668389398735,0.07510275408344322,10000,10000,True,False,True,/content/cv3d-project/data/cache/reconstruction/predictions/03001627/11fa9b044482814ef91663a74ccd2338/fe612b595867a4b180b9adf1.npz,272ff2bea7ed67e376173a7aabb5d96ee91b858767c22155de3556e6b3aa7b18,/content/cv3d-project/data/cache/reconstruction/metrics/03001627/11fa9b044482814ef91663a74ccd2338/652139a52df4a1f030714ead.json,12.63425199977064
03001627/11ff2e9f9b0993b7f51f77a6d7299806,oracle,1,[0],1.6210051778694752,1.7387153741957153,1.8564255705219557,0.0,0.0,0.0,1.9868148029524169,0.0,0.0,0.0,0.0,0.0,0.0,camera_rotation_center_and_target_diameter_scale_single_view,6.419747606974624,0.0,10000,10000,True,True,True,/content/cv3d-project/data/cache/reconstruction/predictions/03001627/11ff2e9f9b0993b7f51f77a6d7299806/af90b62543aaf4280d616127.npz,2f8fe30b27ae40929848615b89c97c5170637d77e362d5e45a266337a76c78e9,/content/cv3d-project/data/cache/reconstruction/metrics/03001627/11ff2e9f9b0993b7f51f77a6d7299806/ac2d2200c8b1151b09e69e16.json,3.847047999897768
03001627/11ff2e9f9b0993b7f51f77a6d7299806,oracle,2,"[0, 39]",1.4265330030882561,1.517389088997617,1.608245174906978,0.0,0.0,0.0,1.9868148029524169,0.0,0.0,0.0,0.0,0.0,0.0,camera_pose_sim3,3.1983656196119155,1.1639972877296711,10000,10000,True,False,True,/content/cv3d-project/data/cache/reconstruction/predictions/03001627/11ff2e9f9b0993b7f51f77a6d7299806/2e07cfe4e9fd09e27eede30f.npz,578fbb3ad350fed7d971551823b36b4786723e7fc3c111b79ca1323e6fde0d57,/content/cv3d-project/data/cache/reconstruction/metrics/03001627/11ff2e9f9b0993b7f51f77a6d7299806/67b664d085149766c320aa1d.json,11.583564999909868
03001627/11ff2e9f9b0993b7f51f77a6d7299806,oracle,3,"[0, 39, 18]",0.8590243323058024,0.972014912741256,1.0850054931767095,0.0,0.0,0.0,1.9868148029524169,0.0,0.0,0.0,0.0,0.0,0.0,camera_pose_sim3,2.1423975322623257,1.2476723519687376,10000,10000,True,False,True,/content/cv3d-project/data/cache/reconstruction/predictions/03001627/11ff2e9f9b0993b7f51f77a6d7299806/150e8686a89c0bf32f7bc033.npz,b66ef5508f69823a857e6da6b865d144e5fcda54a142a41f6e93209ce87d3d6e,/content/cv3d-project/data/cache/reconstruction/metrics/03001627/11ff2e9f9b0993b7f51f77a6d7299806/b7aaa6d787195c139bdb2f11.json,12.36407499982306
03001627/11ff2e9f9b0993b7f51f77a6d7299806,oracle,5,"[0, 39, 18, 36, 34]",0.07323908909352987,0.11791454576427782,0.16259000243502575,0.3593810944206009,0.0712158265582656,0.12165534008683067,1.9868148029524169,0.6889,0.1363,0.2667,0.2431,0.0482,0.0788,camera_pose_sim3,2.6594013448897686,0.26511059904257434,10000,10000,True,False,True,/content/cv3d-project/data/cache/reconstruction/predictions/03001627/11ff2e9f9b0993b7f51f77a6d7299806/78ed18959affd3d7979f6797.npz,725f9b46dbe38732cf1e46746faa3259ea00a2bb9b9d22793d745ce95c3ac6b8,/content/cv3d-project/data/cache/reconstruction/metrics/03001627/11ff2e9f9b0993b7f51f77a6d7299806/d630675b2d5cf367fcd7b63d.json,12.228577000314544
03001627/11ff2e9f9b0993b7f51f77a6d7299806,oracle,10,"[0, 39, 18, 36, 34, 23, 35, 17, 30, 45]",0.02771788082516499,0.04068025696904599,0.05364263311292699,0.9079978058145913,0.15348950139362033,0.37700693756194253,1.9868148029524169,0.968,0.1973,0.5072,0.855,0.1256,0.3,camera_pose_sim3,2.796886630195965,0.13543368098838462,10000,10000,True,False,True,/content/cv3d-project/data/cache/reconstruction/predictions/03001627/11ff2e9f9b0993b7f51f77a6d7299806/4eb016c59e83e6805f049211.npz,5b1268c95a989812f3c398005d627a62a85aae9114057b38e678472a11ca9407,/content/cv3d-project/data/cache/reconstruction/metrics/03001627/11ff2e9f9b0993b7f51f77a6d7299806/05a9c7db08525fcf79d7e88d.json,13.00099499985663
03001627/120735afde493c277ff6ace05b36a5,oracle,1,[0],2.839374679617674,3.012307502940722,3.185240326263769,0.0,0.0,0.0,1.9868547723723067,0.0,0.0,0.0,0.0,0.0,0.0,camera_rotation_center_and_target_diameter_scale_single_view,9.018373140689366,0.0,10000,10000,True,True,True,/content/cv3d-project/data/cache/reconstruction/predictions/03001627/120735afde493c277ff6ace05b36a5/ff19c6b9ab232c37b96af891.npz,1a8579672258fa182c8caa7bc573217f4673c31855271e8ccc30d994958e7fd1,/content/cv3d-project/data/cache/reconstruction/metrics/03001627/120735afde493c277ff6ace05b36a5/c0158108e0dba37b82ff37d4.json,3.759618000003684
03001627/120735afde493c277ff6ace05b36a5,oracle,2,"[0, 31]",0.2522463047983094,0.32785666330199803,0.4034670218056867,0.0,0.0,0.0,1.9868547723723067,0.0,0.0,0.0,0.0,0.0,0.0,camera_pose_sim3,2.6593199495878355,0.13576788807046722,10000,10000,True,False,True,/content/cv3d-project/data/cache/reconstruction/predictions/03001627/120735afde493c277ff6ace05b36a5/b18d2a3999337dffbeab2285.npz,bc1fc09631757f8a096e0c291914b1a147e4f118fb90f1c28c21414dd7fd2d6b,/content/cv3d-project/data/cache/reconstruction/metrics/03001627/120735afde493c277ff6ace05b36a5/11e047bcd7334e16403c8505.json,11.405976999867562
03001627/120735afde493c277ff6ace05b36a5,oracle,3,"[0, 31, 35]",0.07542100917534703,0.08715551886877018,0.09889002856219332,0.6084173014145811,0.00182,0.00595702479338843,1.9868547723723067,0.7931,0.0026,0.0068,0.4935,0.0014,0.0053,camera_pose_sim3,2.5229139050237004,0.0748998344082324,10000,10000,True,False,True,/content/cv3d-project/data/cache/reconstruction/predictions/03001627/120735afde493c277ff6ace05b36a5/a9decbb8418b23a0a7a93bcc.npz,e62d4271e147ce946b628572cc68a0001fc79da5023360356d88f8f73e5baa07,/content/cv3d-project/data/cache/reconstruction/metrics/03001627/120735afde493c277ff6ace05b36a5/c82e1290e614d99382d44046.json,12.02923600021677
03001627/120735afde493c277ff6ace05b36a5,oracle,5,"[0, 31, 35, 9, 13]",0.03212407316208493,0.05179755800027976,0.0714710428384746,0.8481253239647526,0.06789734731647132,0.14908226759806556,1.9868547723723067,1.0,0.1137,0.2691,0.7363,0.0484,0.1031,camera_pose_sim3,2.4043671149346935,0.08107105104027931,10000,10000,True,False,True,/content/cv3d-project/data/cache/reconstruction/predictions/03001627/120735afde493c277ff6ace05b36a5/7a05f3749adb00f9c4cf3b2c.npz,458458e43edd7f555b33c11aa3fa2acdcb08aae7be96f978f5df47acd87e3cd5,/content/cv3d-project/data/cache/reconstruction/metrics/03001627/120735afde493c277ff6ace05b36a5/8f07967d5e1a8c9be9e911c7.json,11.600629999975354
03001627/120735afde493c277ff6ace05b36a5,oracle,10,"[0, 31, 35, 9, 13, 44, 8, 22, 19, 39]",0.02470727302072443,0.04637158919939381,0.0680359053780632,0.8496308577345683,0.08309432463110102,0.2871650211565585,1.9868547723723067,0.9994,0.1091,0.509,0.7389,0.0671,0.2,camera_pose_sim3,2.444490394734682,0.081997011074798,10000,10000,True,False,True,/content/cv3d-project/data/cache/reconstruction/predictions/03001627/120735afde493c277ff6ace05b36a5/5948f463927bbe40f029a0f5.npz,937619a5c98927e04448c3a182d98475a3f49b21a2205520d673c7a31d9b311e,/content/cv3d-project/data/cache/reconstruction/metrics/03001627/120735afde493c277ff6ace05b36a5/835ee1ffab11f39d324020ee.json,12.97046500030774
03001627/122a480cfcdd742650c626aa72455dae,oracle,1,[0],1.3457397791489625,1.4324286278928766,1.5191174766367908,0.0,0.0,0.0,1.9916727854651373,0.0,0.0,0.0,0.0,0.0,0.0,camera_rotation_center_and_target_diameter_scale_single_view,5.813984561394863,0.0,10000,10000,True,True,True,/content/cv3d-project/data/cache/reconstruction/predictions/03001627/122a480cfcdd742650c626aa72455dae/355819e7a9bfe90925f991cf.npz,68684977de500b6c2815df47351c10e81564671c7aaa28457b1d430ba91160cc,/content/cv3d-project/data/cache/reconstruction/metrics/03001627/122a480cfcdd742650c626aa72455dae/b409b10884361a73c7c7785f.json,3.9753229998495954
03001627/122a480cfcdd742650c626aa72455dae,oracle,2,"[0, 39]",1.0537440754805518,1.20488277472415,1.356021473967748,0.0,0.0,0.0,1.9916727854651373,0.0,0.0,0.0,0.0,0.0,0.0,camera_pose_sim3,2.6473563325247413,0.8165225202660757,10000,10000,True,False,True,/content/cv3d-project/data/cache/reconstruction/predictions/03001627/122a480cfcdd742650c626aa72455dae/dc9b8a036b466964ab2c4226.npz,a1a05899517493fef57b69712bca2c7387835f1448cd1ca39fdaf16273c3a1b2,/content/cv3d-project/data/cache/reconstruction/metrics/03001627/122a480cfcdd742650c626aa72455dae/e1f2e4c9f5e5a7bcd3ccc986.json,11.843761999898561
03001627/122a480cfcdd742650c626aa72455dae,oracle,3,"[0, 39, 26]",3.594953114668459,3.678641968606766,3.7623308225450733,0.0,0.0,0.0,1.9916727854651373,0.0,0.0,0.0,0.0,0.0,0.0,camera_pose_sim3_positive_scale_fallback,4.42841402099727,1.3915784263887283,10000,10000,True,False,True,/content/cv3d-project/data/cache/reconstruction/predictions/03001627/122a480cfcdd742650c626aa72455dae/25cf241c1cc4442e7157c3c2.npz,af0c46e597707816f4c5336838da1051182676d45a0a6c6d5ad946a35db7e70e,/content/cv3d-project/data/cache/reconstruction/metrics/03001627/122a480cfcdd742650c626aa72455dae/947ddad526467812ffd92a29.json,11.750671000299917
03001627/122a480cfcdd742650c626aa72455dae,oracle,5,"[0, 39, 26, 8, 27]",0.42526482569649876,0.5496041868404596,0.6739435479844205,0.0,0.0,0.0,1.9916727854651373,0.0,0.0,0.0,0.0,0.0,0.0,camera_pose_sim3,1.2596406207445259,1.035575839016089,10000,10000,True,False,True,/content/cv3d-project/data/cache/reconstruction/predictions/03001627/122a480cfcdd742650c626aa72455dae/cdc6bfe845e54362a1b7aa91.npz,ca2bfffcd66426f2ca090d3f0f829f9e004b025ce361e902507d152fad4e1bed,/content/cv3d-project/data/cache/reconstruction/metrics/03001627/122a480cfcdd742650c626aa72455dae/64bc092e8a24503aa90114dc.json,12.492162999933498
03001627/122a480cfcdd742650c626aa72455dae,oracle,10,"[0, 39, 26, 8, 27, 25, 15, 47, 5, 11]",0.23787950113166595,0.2929182311002534,0.3479569610688408,0.0,0.0,0.0,1.9916727854651373,0.0,0.0,0.0,0.0,0.0,0.0,camera_pose_sim3,2.2496742285873874,0.7495274307232356,10000,10000,True,False,True,/content/cv3d-project/data/cache/reconstruction/predictions/03001627/122a480cfcdd742650c626aa72455dae/ea3c0995abdabc135d51f9f3.npz,4e8e1c2df231549af9eb47006dd56c93d3006002914ebb038d3f57076bd4c871,/content/cv3d-project/data/cache/reconstruction/metrics/03001627/122a480cfcdd742650c626aa72455dae/2680abef782c1299b9f1ba97.json,12.219948999700136
03001627/1230d31e3a6cbf309cd431573238602d,oracle,1,[0],2.0019717534531667,2.1415706396974277,2.2811695259416886,0.0,0.0,0.0,1.9957835202287324,0.0,0.0,0.0,0.0,0.0,0.0,camera_rotation_center_and_target_diameter_scale_single_view,7.338272138746838,0.0,10000,10000,True,True,True,/content/cv3d-project/data/cache/reconstruction/predictions/03001627/1230d31e3a6cbf309cd431573238602d/b790d8901d599c6b64b8e016.npz,41301e3c95561e879d59eb7d939018a1b39b7c51685d174c6ae82958dcc5531b,/content/cv3d-project/data/cache/reconstruction/metrics/03001627/1230d31e3a6cbf309cd431573238602d/4d92c9aa33ea0365974edc10.json,3.8250319998951454
03001627/1230d31e3a6cbf309cd431573238602d,oracle,2,"[0, 44]",0.5373683530935724,0.6519348438713266,0.7665013346490809,0.0,0.0,0.0,1.9957835202287324,0.0,0.0,0.0,0.0,0.0,0.0,camera_pose_sim3,2.6989467285235613,0.38414653982656805,10000,10000,True,False,True,/content/cv3d-project/data/cache/reconstruction/predictions/03001627/1230d31e3a6cbf309cd431573238602d/be1fe4ca39b0112f1546bf99.npz,dc2ce7f1a280f6e02e9e756a578108377465814b054801516ac8a15d7219fdb6,/content/cv3d-project/data/cache/reconstruction/metrics/03001627/1230d31e3a6cbf309cd431573238602d/73c74a75c25213c2ae81b1db.json,12.155781999808823
03001627/1230d31e3a6cbf309cd431573238602d,oracle,3,"[0, 44, 33]",0.45109739861470455,0.5901264552102148,0.729155511805725,0.0,0.0,0.0,1.9957835202287324,0.0,0.0,0.0,0.0,0.0,0.0,camera_pose_sim3,1.6306550441837917,0.9318606046864049,10000,10000,True,False,True,/content/cv3d-project/data/cache/reconstruction/predictions/03001627/1230d31e3a6cbf309cd431573238602d/ca147ab7050d8a7578b3d60b.npz,2095ed5b47cf4b61e102f5ddb98555150c5d19f42690baa3a1163fa38c835f4a,/content/cv3d-project/data/cache/reconstruction/metrics/03001627/1230d31e3a6cbf309cd431573238602d/b3062ceabcae86fde859e0c8.json,12.42760500008444
03001627/1230d31e3a6cbf309cd431573238602d,oracle,5,"[0, 44, 33, 38, 19]",0.26989470616695466,0.4186423597348652,0.5673900133027757,0.0,0.0,0.0,1.9957835202287324,0.0,0.0,0.0,0.0,0.0,0.0,camera_pose_sim3,0.5557458912374351,1.3302132424100117,10000,10000,True,False,True,/content/cv3d-project/data/cache/reconstruction/predictions/03001627/1230d31e3a6cbf309cd431573238602d/420ef0fd983d6e367efdaab6.npz,53e6a5a39819d33c06dea0fe1696ca5ab66b5371d0fa1b24d2dbc53d4d399aa3,/content/cv3d-project/data/cache/reconstruction/metrics/03001627/1230d31e3a6cbf309cd431573238602d/b815108823e396a1c880e30e.json,12.183358999664051
03001627/1230d31e3a6cbf309cd431573238602d,oracle,10,"[0, 44, 33, 38, 19, 30, 22, 21, 29, 45]",0.0377889154196129,0.14523895102464024,0.2526889866296676,0.32959948083412655,0.03353274050121261,0.07703251900108578,1.9957835202287324,0.9566,0.1037,0.3247,0.1991,0.02,0.0437,camera_pose_sim3,2.014701734936244,0.9039019272283182,10000,10000,True,False,True,/content/cv3d-project/data/cache/reconstruction/predictions/03001627/1230d31e3a6cbf309cd431573238602d/07015d9f4ffba8ee6b17e098.npz,98cc324fa8a4813d6ebef4c6f10457ca8857e8ebe5ed2ebd6394f05cc08a340d,/content/cv3d-project/data/cache/reconstruction/metrics/03001627/1230d31e3a6cbf309cd431573238602d/f7d50a2ae4c997a6e76d9ab1.json,12.521579999884125
03001627/123305d8ccc0dc6346918a1d9c256af3,oracle,1,[0],2.081376512445006,2.1816561559522434,2.28193579945948,0.0,0.0,0.0,1.9892805889634293,0.0,0.0,0.0,0.0,0.0,0.0,camera_rotation_center_and_target_diameter_scale_single_view,7.245731585965904,0.0,10000,10000,True,True,True,/content/cv3d-project/data/cache/reconstruction/predictions/03001627/123305d8ccc0dc6346918a1d9c256af3/ea7cf4e63fa91da75a421773.npz,83a6f35e8a3fb816a97ca5421581ed48262c612c4a98de4ba5c3617a8ca69587,/content/cv3d-project/data/cache/reconstruction/metrics/03001627/123305d8ccc0dc6346918a1d9c256af3/d02566fcea741b825c29f5bc.json,3.774276999592985
03001627/123305d8ccc0dc6346918a1d9c256af3,oracle,2,"[0, 18]",0.06072152473994565,0.14022805171182065,0.21973457868369564,0.2311762155941306,0.0,0.004414715719063544,1.9892805889634293,0.9103,0.0,0.0275,0.1324,0.0,0.0024,camera_pose_sim3,1.3157344559677862,0.8709977569473984,10000,10000,True,False,True,/content/cv3d-project/data/cache/reconstruction/predictions/03001627/123305d8ccc0dc6346918a1d9c256af3/f6866398fdbbd486afccb4de.npz,c8dc7e3ca0ee8cfedee70ef17b105ea555d1c29d33d6fe82c5c1f09ac19df5a0,/content/cv3d-project/data/cache/reconstruction/metrics/03001627/123305d8ccc0dc6346918a1d9c256af3/74a5e14ab39b73a95cc77b8c.json,11.59211599997434
03001627/123305d8ccc0dc6346918a1d9c256af3,oracle,3,"[0, 18, 39]",1.6112988892910942,1.670507706315082,1.7297165233390697,0.0,0.0,0.0,1.9892805889634293,0.0,0.0,0.0,0.0,0.0,0.0,camera_pose_sim3,2.9465074747302693,1.120766755046936,10000,10000,True,False,True,/content/cv3d-project/data/cache/reconstruction/predictions/03001627/123305d8ccc0dc6346918a1d9c256af3/d2934b2cc6c084d6498ff98a.npz,f1c38b39cd37c1106ef10e29a12e5cfb674ed3928cb4a2d91759bce182b92978,/content/cv3d-project/data/cache/reconstruction/metrics/03001627/123305d8ccc0dc6346918a1d9c256af3/f47d6218617236ab1b3a3e15.json,11.641928999779338
03001627/123305d8ccc0dc6346918a1d9c256af3,oracle,5,"[0, 18, 39, 36, 15]",0.6296607664958648,0.6808211850529725,0.7319816036100802,0.0,0.0,0.0,1.9892805889634293,0.0,0.0,0.0,0.0,0.0,0.0,camera_pose_sim3,2.1446852403565018,0.8817839190040226,10000,10000,True,False,True,/content/cv3d-project/data/cache/reconstruction/predictions/03001627/123305d8ccc0dc6346918a1d9c256af3/552c9861ffadf75fad11c394.npz,ee23f79a6f0dfcd5e048499f0edeb09b9c119faa04a3c5512f6084fedbdefc13,/content/cv3d-project/data/cache/reconstruction/metrics/03001627/123305d8ccc0dc6346918a1d9c256af3/c2e038100f0a2e55ab7075e0.json,12.438951999683923
03001627/123305d8ccc0dc6346918a1d9c256af3,oracle,10,"[0, 18, 39, 36, 15, 35, 17, 11, 41, 14]",0.14915444597998778,0.22928060602966674,0.3094067660793457,0.0778287546766435,0.0,0.0,1.9892805889634293,0.1319,0.0,0.0,0.0552,0.0,0.0,camera_pose_sim3,1.9359312025770583,0.9688923557899404,10000,10000,True,False,True,/content/cv3d-project/data/cache/reconstruction/predictions/03001627/123305d8ccc0dc6346918a1d9c256af3/fe496c63484efe51ba1d7b97.npz,a8dbd297e0bf2e3c54a5d3911d4e303f13a645074dc11bb9aa8f65c3592f7e83,/content/cv3d-project/data/cache/reconstruction/metrics/03001627/123305d8ccc0dc6346918a1d9c256af3/44ecb89563c07f0533495f00.json,12.84416099997543
03001627/123b44b99e48eccb6960dc525de2f934,oracle,1,[0],1.8037519595576113,1.898081877599179,1.9924117956407468,0.0,0.0,0.0,2.000005800294998,0.0,0.0,0.0,0.0,0.0,0.0,camera_rotation_center_and_target_diameter_scale_single_view,6.675596330654128,0.0,10000,10000,True,True,True,/content/cv3d-project/data/cache/reconstruction/predictions/03001627/123b44b99e48eccb6960dc525de2f934/3960a0ec1825366c00cb2f4d.npz,12f384675a28043609e035fc72577cc9161a4d71dd683beca71c2517f9ddb4ad,/content/cv3d-project/data/cache/reconstruction/metrics/03001627/123b44b99e48eccb6960dc525de2f934/f79461fca5d338bc5e310ba1.json,3.888615000050777
03001627/123b44b99e48eccb6960dc525de2f934,oracle,2,"[0, 39]",0.16421736835085574,0.21145608045507375,0.25869479255929173,0.11929760701044828,0.0,0.0,2.000005800294998,0.214,0.0,0.0,0.0827,0.0,0.0,camera_pose_sim3,2.5086010719670875,0.1683122017082395,10000,10000,True,False,True,/content/cv3d-project/data/cache/reconstruction/predictions/03001627/123b44b99e48eccb6960dc525de2f934/1d7bba70c2cbd667eb236756.npz,0645f4032078bfda16d0c87716c2259ce33672f500fd0ffba33133f050986cf4,/content/cv3d-project/data/cache/reconstruction/metrics/03001627/123b44b99e48eccb6960dc525de2f934/e2bceabd2706576a4cea0e30.json,12.110553000184154
03001627/123b44b99e48eccb6960dc525de2f934,oracle,3,"[0, 39, 19]",0.6824900384241936,0.7670010137850695,0.8515119891459453,0.0,0.0,0.0,2.000005800294998,0.0,0.0,0.0,0.0,0.0,0.0,camera_pose_sim3,2.449697082613442,0.6340561435641087,10000,10000,True,False,True,/content/cv3d-project/data/cache/reconstruction/predictions/03001627/123b44b99e48eccb6960dc525de2f934/21dc1335f663b60809b6baf2.npz,c48cf291caf91869f74ab56282da709b6b6defc8faef5906d16ca8e9f7fec179,/content/cv3d-project/data/cache/reconstruction/metrics/03001627/123b44b99e48eccb6960dc525de2f934/1c3fb3ec59cafae4ac6c2c1b.json,11.5194119998705
03001627/123b44b99e48eccb6960dc525de2f934,oracle,5,"[0, 39, 19, 24, 37]",0.01578865277951829,0.04400243235379489,0.0722162119280715,0.8306680320674119,0.19377531632441403,0.3928254460822343,2.000005800294998,0.997,0.3478,0.7672,0.7119,0.1343,0.264,camera_pose_sim3,2.4216642951096197,0.0817997737440234,10000,10000,True,False,True,/content/cv3d-project/data/cache/reconstruction/predictions/03001627/123b44b99e48eccb6960dc525de2f934/2f9cdc2a333beb15bbb83dcf.npz,0f0e548a3babd9a90b16479694990d599fecb719b1893effa10d98508a1fe931,/content/cv3d-project/data/cache/reconstruction/metrics/03001627/123b44b99e48eccb6960dc525de2f934/fbc636b625f6a33c076c1fb3.json,11.818989999937912
03001627/123b44b99e48eccb6960dc525de2f934,oracle,10,"[0, 39, 19, 24, 37, 35, 4, 33, 47, 8]",0.05842716065911295,0.07270197533568937,0.08697679001226577,0.8286287957181088,0.03431,0.07497627997407647,2.000005800294998,0.9417,0.0438,0.0901,0.7398,0.0282,0.0642,camera_pose_sim3,2.5370624172093197,0.158709391782999,10000,10000,True,False,True,/content/cv3d-project/data/cache/reconstruction/predictions/03001627/123b44b99e48eccb6960dc525de2f934/79f2781ba5594b014f26c5c4.npz,6dde60cefbda0350684d3d3f69bfa28e68be6c7e14ce37db225186da277c8142,/content/cv3d-project/data/cache/reconstruction/metrics/03001627/123b44b99e48eccb6960dc525de2f934/6e819e301365bb16e550f232.json,12.422224000147253
03001627/124117cdec71699850c2ec40da48fd9d,oracle,1,[0],1.7036636696695866,1.7616158673991864,1.8195680651287862,0.0,0.0,0.0,1.9984808046793405,0.0,0.0,0.0,0.0,0.0,0.0,camera_rotation_center_and_target_diameter_scale_single_view,6.489970911035569,0.0,10000,10000,True,True,True,/content/cv3d-project/data/cache/reconstruction/predictions/03001627/124117cdec71699850c2ec40da48fd9d/9549d1ea165c7d00977002c6.npz,1284639f75f1b238fd7997073a73eb085c993943c86cde615bbaaf5f688a734e,/content/cv3d-project/data/cache/reconstruction/metrics/03001627/124117cdec71699850c2ec40da48fd9d/9f0246c923cb7a468771e9a6.json,3.7937590000183263
03001627/124117cdec71699850c2ec40da48fd9d,oracle,2,"[0, 39]",0.366998493945148,0.4030297955944138,0.43906109724367964,0.0,0.0,0.0,1.9984808046793405,0.0,0.0,0.0,0.0,0.0,0.0,camera_pose_sim3,2.8766861785638955,0.22898484831139693,10000,10000,True,False,True,/content/cv3d-project/data/cache/reconstruction/predictions/03001627/124117cdec71699850c2ec40da48fd9d/1dea60f09a27d19040d375f5.npz,b65028ef99f1b7554d1d0a4b05ab71d71e8c6b2ea59fdef818f5277bbdd0e9c5,/content/cv3d-project/data/cache/reconstruction/metrics/03001627/124117cdec71699850c2ec40da48fd9d/b2964acfd56532d7348b7221.json,12.311845000112953
03001627/124117cdec71699850c2ec40da48fd9d,oracle,3,"[0, 39, 19]",0.056628054481149555,0.08725850196729865,0.11788894945344773,0.6428847422538126,0.046603993855606755,0.1044909444228527,1.9984808046793405,0.9678,0.0998,0.1844,0.4813,0.0304,0.0729,camera_pose_sim3,2.611043931327627,0.17144265698169509,10000,10000,True,False,True,/content/cv3d-project/data/cache/reconstruction/predictions/03001627/124117cdec71699850c2ec40da48fd9d/07bc3c5b2d6d3cd4569dc62a.npz,74754d28e8bae3d683e0bd6cd5f8391c6ac06594ad001091900fc2e092957873,/content/cv3d-project/data/cache/reconstruction/metrics/03001627/124117cdec71699850c2ec40da48fd9d/c03a110146c44ac3ae2a49cf.json,12.221867999869573
03001627/124117cdec71699850c2ec40da48fd9d,oracle,5,"[0, 39, 19, 25, 30]",0.034482192324630345,0.05107839045750266,0.06767458859037498,0.8745633057479029,0.09756940677966101,0.21247523622047243,1.9984808046793405,0.998,0.1671,0.3567,0.7783,0.0689,0.1513,camera_pose_sim3,2.6500545742112362,0.10879358549046876,10000,10000,True,False,True,/content/cv3d-project/data/cache/reconstruction/predictions/03001627/124117cdec71699850c2ec40da48fd9d/5fc86bb1ceb6c50aa57fdcb5.npz,65209a741eaa1f903327a772893df97c2e64b79a4f4807e2b07ae079d02e53b1,/content/cv3d-project/data/cache/reconstruction/metrics/03001627/124117cdec71699850c2ec40da48fd9d/4f497f91d114452172bcba9b.json,12.11968000006891
03001627/124117cdec71699850c2ec40da48fd9d,oracle,10,"[0, 39, 19, 25, 30, 36, 9, 27, 6, 41]",0.03542823687870759,0.0635303651113077,0.09163249334390781,0.7071437491714171,0.22872467086433887,0.33222192513368987,1.9984808046793405,0.9429,0.3555,0.499,0.5657,0.1686,0.249,camera_pose_sim3,2.5044154171594077,0.37153639831352414,10000,10000,True,False,True,/content/cv3d-project/data/cache/reconstruction/predictions/03001627/124117cdec71699850c2ec40da48fd9d/b120a0bf00e67425cae40334.npz,b2c4b628d97b5c7e8397b4ccafcd4361b7fcca7afde02346d2724ab6c52c9fdb,/content/cv3d-project/data/cache/reconstruction/metrics/03001627/124117cdec71699850c2ec40da48fd9d/4b9039ae73addd62ef4a2112.json,12.76224799994452
03001627/124ef426dfa0aa38ff6069724068a578,oracle,1,[0],1.4477851215310167,1.5803027194649668,1.7128203173989172,0.0,0.0,0.0,1.9973495293825851,0.0,0.0,0.0,0.0,0.0,0.0,camera_rotation_center_and_target_diameter_scale_single_view,6.201234297869041,0.0,10000,10000,True,True,True,/content/cv3d-project/data/cache/reconstruction/predictions/03001627/124ef426dfa0aa38ff6069724068a578/9b5e176e85f8bedf9815fe5c.npz,2238c6dde4390175107e603361adabaf715be0348b518448099de1d0261237d4,/content/cv3d-project/data/cache/reconstruction/metrics/03001627/124ef426dfa0aa38ff6069724068a578/cb7a7f5c156f050250934298.json,3.8702239999111043
03001627/124ef426dfa0aa38ff6069724068a578,oracle,2,"[0, 44]",0.019358544093635854,0.07781096168885794,0.13626337928408003,0.5513942611403575,0.08425397909110305,0.1613348799062683,1.9973495293825851,0.9623,0.4219,0.7633,0.3864,0.0468,0.0902,camera_pose_sim3,2.618446488099508,0.038919462060404725,10000,10000,True,False,True,/content/cv3d-project/data/cache/reconstruction/predictions/03001627/124ef426dfa0aa38ff6069724068a578/60c61b442d9b3e9bc5161c89.npz,9d10dc401fec9efa7adbde7998e7a1004c861e7c390483969cc9e342aeacf833,/content/cv3d-project/data/cache/reconstruction/metrics/03001627/124ef426dfa0aa38ff6069724068a578/89a21a2865765e398cdc4b51.json,11.986314000296261
03001627/124ef426dfa0aa38ff6069724068a578,oracle,3,"[0, 44, 17]",0.024159034111661655,0.05824902660077114,0.09233901908988061,0.761248006943153,0.07895980717083459,0.1748022619593459,1.9973495293825851,0.9977,0.2861,0.5504,0.6154,0.0458,0.1039,camera_pose_sim3,2.61162586739473,0.03948810838458911,10000,10000,True,False,True,/content/cv3d-project/data/cache/reconstruction/predictions/03001627/124ef426dfa0aa38ff6069724068a578/7106ce9e231308bb34f4ebad.npz,dd7fdf0900ac438b4970613d922a8c50da78a3a04bb8de9323ddb1d592f27893,/content/cv3d-project/data/cache/reconstruction/metrics/03001627/124ef426dfa0aa38ff6069724068a578/5bb7a5fdf31095d6725679c9.json,11.760316999698261
03001627/124ef426dfa0aa38ff6069724068a578,oracle,5,"[0, 44, 17, 30, 35]",0.1099534439072492,0.13824996002294826,0.1665464761386473,0.3547363178807947,0.0,0.0021954545454545456,1.9973495293825851,0.4702,0.0,0.0021,0.2848,0.0,0.0023,camera_pose_sim3,2.6376801729971224,0.28834801613246297,10000,10000,True,False,True,/content/cv3d-project/data/cache/reconstruction/predictions/03001627/124ef426dfa0aa38ff6069724068a578/8cf91bc2213e00a9c38100fc.npz,34343025a7be020cb6b723f8d11fc44d1531a3dabac6f0b0f140017e491e15a0,/content/cv3d-project/data/cache/reconstruction/metrics/03001627/124ef426dfa0aa38ff6069724068a578/d5caae81b99e2d224a643625.json,12.358380000023317
03001627/124ef426dfa0aa38ff6069724068a578,oracle,10,"[0, 44, 17, 30, 35, 10, 23, 20, 24, 37]",0.026969893924740123,0.042927377825925185,0.05888486172711025,0.9070545017219703,0.09787732585320244,0.2937324464831804,1.9973495293825851,0.998,0.1381,0.4313,0.8313,0.0758,0.2227,camera_pose_sim3,2.7640171494041197,0.09214456976960911,10000,10000,True,False,True,/content/cv3d-project/data/cache/reconstruction/predictions/03001627/124ef426dfa0aa38ff6069724068a578/065b0bbbe261dbba9d590c07.npz,f02b392c6227334e509fb65761b1e84c7eb4cda19cafb281d2f0e02432b2e163,/content/cv3d-project/data/cache/reconstruction/metrics/03001627/124ef426dfa0aa38ff6069724068a578/3f158a187f5c80e5fdd8412b.json,12.870075999671826
03001627/126e65c55961e5c166f17d3ad78f5a62,oracle,1,[0],1.1280788415504448,1.2595335274041985,1.3909882132579523,0.0,0.0,0.0,1.996358411819242,0.0,0.0,0.0,0.0,0.0,0.0,camera_rotation_center_and_target_diameter_scale_single_view,5.595346652547654,0.0,10000,10000,True,True,True,/content/cv3d-project/data/cache/reconstruction/predictions/03001627/126e65c55961e5c166f17d3ad78f5a62/eab2d30fdd27d9ae8da4bb07.npz,db12d967abf228aa431d6305d58a7364faeee259f457007a717d92a1ca7d67d8,/content/cv3d-project/data/cache/reconstruction/metrics/03001627/126e65c55961e5c166f17d3ad78f5a62/412877772cbd39f9b69ca06a.json,3.8203600001907034
03001627/126e65c55961e5c166f17d3ad78f5a62,oracle,2,"[0, 24]",0.24290566129094104,0.34963398089481645,0.45636230049869186,0.0,0.0,0.0,1.996358411819242,0.0,0.0,0.0,0.0,0.0,0.0,camera_pose_sim3,2.0910551449184616,0.7021385503011681,10000,10000,True,False,True,/content/cv3d-project/data/cache/reconstruction/predictions/03001627/126e65c55961e5c166f17d3ad78f5a62/b7e8d682f8265202ac848b0e.npz,4120604c13df9f9a2385824db8816912c8ab19163d6228083fb0bbc3331fc2e2,/content/cv3d-project/data/cache/reconstruction/metrics/03001627/126e65c55961e5c166f17d3ad78f5a62/7fd317a705b0ce18fd0581fb.json,11.50108799993177
03001627/126e65c55961e5c166f17d3ad78f5a62,oracle,3,"[0, 24, 44]",0.4606669179532829,0.5301579050544564,0.5996488921556298,0.0,0.0,0.0,1.996358411819242,0.0,0.0,0.0,0.0,0.0,0.0,camera_pose_sim3,1.7767900078985612,0.7162941264446143,10000,10000,True,False,True,/content/cv3d-project/data/cache/reconstruction/predictions/03001627/126e65c55961e5c166f17d3ad78f5a62/8ac91fb747e1004f35ed7c39.npz,1117f7055857ed1c3285905d6524f9b233b979f6a4ca60e915bcba36a513aa5b,/content/cv3d-project/data/cache/reconstruction/metrics/03001627/126e65c55961e5c166f17d3ad78f5a62/efe7a91d7e8a1fad677c4a1b.json,12.226687999827845
03001627/126e65c55961e5c166f17d3ad78f5a62,oracle,5,"[0, 24, 44, 27, 7]",0.03981384874631094,0.07354954255020585,0.10728523635410074,0.6758816983506658,0.021500000000000002,0.085680216802168,1.996358411819242,0.999,0.0645,0.2432,0.5107,0.0129,0.052,camera_pose_sim3,2.3003804124991074,0.1483923022394434,10000,10000,True,False,True,/content/cv3d-project/data/cache/reconstruction/predictions/03001627/126e65c55961e5c166f17d3ad78f5a62/0a9dd30a3a3ec74eabaef855.npz,394ed21973cc9c258ed7fbb929c74cd664496adb0d68b634a9cb0a6f7922fb32,/content/cv3d-project/data/cache/reconstruction/metrics/03001627/126e65c55961e5c166f17d3ad78f5a62/92ef104979aa96057b94cda8.json,11.672514000110823
03001627/126e65c55961e5c166f17d3ad78f5a62,oracle,10,"[0, 24, 44, 27, 7, 42, 32, 20, 3, 34]",0.03951956259592282,0.07466353839638261,0.1098075141968424,0.6808094856288646,0.06082491060786651,0.13367501331912626,1.996358411819242,0.9371,0.1279,0.2884,0.5346,0.0399,0.087,camera_pose_sim3,2.2307738923338456,0.589218167407981,10000,10000,True,False,True,/content/cv3d-project/data/cache/reconstruction/predictions/03001627/126e65c55961e5c166f17d3ad78f5a62/f4ac64a746ddfe16b5344167.npz,4c1513b5177cbedc1c00606d4d2cc5dad87660fb1f01fee66429a93cb7b1a489,/content/cv3d-project/data/cache/reconstruction/metrics/03001627/126e65c55961e5c166f17d3ad78f5a62/52dfd05d7d399a8bd8006a47.json,12.81742299988764
03001627/128517f2992b6fb92057e1ae1c4cc928,oracle,1,[0],0.7483799840565057,0.8688212474824133,0.9892625109083207,0.0,0.0,0.0,1.9968262078908938,0.0,0.0,0.0,0.0,0.0,0.0,camera_rotation_center_and_target_diameter_scale_single_view,4.835466949514598,0.0,10000,10000,True,True,True,/content/cv3d-project/data/cache/reconstruction/predictions/03001627/128517f2992b6fb92057e1ae1c4cc928/d90b8fb4a0cf16593fb0a784.npz,1c653139990ef73ece5ddfb29fbf5577cc8c8d4ebab123a67d93740ebf710352,/content/cv3d-project/data/cache/reconstruction/metrics/03001627/128517f2992b6fb92057e1ae1c4cc928/34fec3e339c689938d0b5cb7.json,4.054967999763903
03001627/128517f2992b6fb92057e1ae1c4cc928,oracle,2,"[0, 45]",0.06939278498543984,0.1007014166768413,0.13201004836824273,0.5311348355984217,0.04716237113402062,0.09411553816046966,1.9968262078908938,0.7196,0.1262,0.1933,0.4209,0.029,0.0622,camera_pose_sim3,2.64465000897593,0.048311013799930344,10000,10000,True,False,True,/content/cv3d-project/data/cache/reconstruction/predictions/03001627/128517f2992b6fb92057e1ae1c4cc928/3d0277a88ea7726d57c71ff5.npz,aa7e42e5789ce404643fc8765c9f178633743d9327fe1e333b4f669f75c6607f,/content/cv3d-project/data/cache/reconstruction/metrics/03001627/128517f2992b6fb92057e1ae1c4cc928/398e96527b6395b4613440d3.json,12.125560000185942
03001627/128517f2992b6fb92057e1ae1c4cc928,oracle,3,"[0, 45, 33]",0.31414889128027995,0.4124173865257499,0.5106858817712198,0.0,0.0,0.0,1.9968262078908938,0.0,0.0,0.0,0.0,0.0,0.0,camera_pose_sim3,1.3491897345598047,1.0330901505302998,10000,10000,True,False,True,/content/cv3d-project/data/cache/reconstruction/predictions/03001627/128517f2992b6fb92057e1ae1c4cc928/76753aeaaef9a103f967968b.npz,931a1a2a0a6b16df41fd11f98b1fdf32d92417d8bb4334c90860b5afaf9f0d0e,/content/cv3d-project/data/cache/reconstruction/metrics/03001627/128517f2992b6fb92057e1ae1c4cc928/5f6e34c05a88a75fb577e3b3.json,12.042821999784792
03001627/128517f2992b6fb92057e1ae1c4cc928,oracle,5,"[0, 45, 33, 27, 8]",0.22644339564752058,0.3098656845311726,0.3932879734148246,0.0,0.0,0.0,1.9968262078908938,0.0,0.0,0.0,0.0,0.0,0.0,camera_pose_sim3,0.6069474451286696,1.3055452495056699,10000,10000,True,False,True,/content/cv3d-project/data/cache/reconstruction/predictions/03001627/128517f2992b6fb92057e1ae1c4cc928/9204f2f6bc9105593c5d3b45.npz,a43cf5aa8926513581e1a52f329fa10f5a56c0f6ec0653d92dfcee201fd0b970,/content/cv3d-project/data/cache/reconstruction/metrics/03001627/128517f2992b6fb92057e1ae1c4cc928/380dce28c0d106ad2b7487bf.json,11.921992000225146
03001627/128517f2992b6fb92057e1ae1c4cc928,oracle,10,"[0, 45, 33, 27, 8, 38, 41, 20, 11, 19]",0.07320759784981243,0.2071429773895333,0.3410783569292542,0.15825359023456198,0.026232425068119892,0.04606805157593123,1.9968262078908938,0.7471,0.0563,0.1105,0.0885,0.0171,0.0291,camera_pose_sim3,1.8699432947052184,0.7669969958042142,10000,10000,True,False,True,/content/cv3d-project/data/cache/reconstruction/predictions/03001627/128517f2992b6fb92057e1ae1c4cc928/2b3b6e8194892084aef51864.npz,9b0b8348964b0115a0a912eaa039b09e816e8defebf632e15765a933ebd248ed,/content/cv3d-project/data/cache/reconstruction/metrics/03001627/128517f2992b6fb92057e1ae1c4cc928/7dbcf977160df0352a8986c2.json,12.592524999945454
03001627/12a56b6d02a93c5c711beb49b60c734f,oracle,1,[0],1.8088079701031126,1.9703598485347857,2.1319117269664587,0.0,0.0,0.0,1.9849204329072256,0.0,0.0,0.0,0.0,0.0,0.0,camera_rotation_center_and_target_diameter_scale_single_view,6.969912431300704,0.0,10000,10000,True,True,True,/content/cv3d-project/data/cache/reconstruction/predictions/03001627/12a56b6d02a93c5c711beb49b60c734f/dfdc3cbdeffc64bf4f0cafab.npz,9ff3969592ee3b585ff8fbc8b604cbf8c8337275b4c184996aa3239bbb5fd319,/content/cv3d-project/data/cache/reconstruction/metrics/03001627/12a56b6d02a93c5c711beb49b60c734f/3713b408616ef18e5604e6f9.json,3.7893099997745594
03001627/12a56b6d02a93c5c711beb49b60c734f,oracle,2,"[0, 39]",0.014047673800750284,0.0720313883767781,0.1300151029528059,0.6161472802768166,0.05845758021783927,0.14689723942479266,1.9849204329072256,0.9997,0.3074,0.8725,0.4453,0.0323,0.0802,camera_pose_sim3,2.38039067045939,0.07992873804857929,10000,10000,True,False,True,/content/cv3d-project/data/cache/reconstruction/predictions/03001627/12a56b6d02a93c5c711beb49b60c734f/6444c1cec15c1a8b1e4f0757.npz,803083ba8038308b7a8831e373fa26628edfadeecaf61c4ebad8120e91889f2c,/content/cv3d-project/data/cache/reconstruction/metrics/03001627/12a56b6d02a93c5c711beb49b60c734f/d3f39d9fc53179d788555d7d.json,11.961556000187556
03001627/12a56b6d02a93c5c711beb49b60c734f,oracle,3,"[0, 39, 42]",0.08840027944859491,0.12904715678839673,0.16969403412819858,0.3244708495145631,0.008362275449101796,0.021930571108622617,1.9849204329072256,0.6019,0.0285,0.0765,0.2221,0.0049,0.0128,camera_pose_sim3,2.3811423246375103,0.21996883581767743,10000,10000,True,False,True,/content/cv3d-project/data/cache/reconstruction/predictions/03001627/12a56b6d02a93c5c711beb49b60c734f/1d313280730f51452f95fe92.npz,7ef732a1fdb61782bc7bae5660a7809374fcff25222e4d1518e40e90a4600236,/content/cv3d-project/data/cache/reconstruction/metrics/03001627/12a56b6d02a93c5c711beb49b60c734f/2753dfb9e0c4ae15534f5d10.json,12.596533000305499
03001627/12a56b6d02a93c5c711beb49b60c734f,oracle,5,"[0, 39, 42, 30, 44]",0.041526505248245325,0.06534711826066102,0.08916773127307671,0.7200610089642087,0.07755046439628484,0.19760601182654405,1.9849204329072256,0.9477,0.1764,0.4847,0.5806,0.0497,0.1241,camera_pose_sim3,2.3943282642882435,0.12928175783972953,10000,10000,True,False,True,/content/cv3d-project/data/cache/reconstruction/predictions/03001627/12a56b6d02a93c5c711beb49b60c734f/a21fa92749ec35ebd1a21abc.npz,de79ee2da78a6cdcef30a83eb73949d49afa3a13ea611cf2593ba0d7f81adf51,/content/cv3d-project/data/cache/reconstruction/metrics/03001627/12a56b6d02a93c5c711beb49b60c734f/37be6d61af91aa60d9f24013.json,12.435076999736339
03001627/12a56b6d02a93c5c711beb49b60c734f,oracle,10,"[0, 39, 42, 30, 44, 9, 31, 28, 45, 32]",0.05749282737815793,0.08303035944818324,0.10856789151820855,0.6012551880168513,0.066304875,0.12718307913669066,1.9849204329072256,0.8003,0.1131,0.2637,0.4815,0.0469,0.0838,camera_pose_sim3,2.5889193838982965,0.15271000422552725,10000,10000,True,False,True,/content/cv3d-project/data/cache/reconstruction/predictions/03001627/12a56b6d02a93c5c711beb49b60c734f/281f20defc578fa9baaaa822.npz,b1417bd9615005222339006f13f35fd215dc715952c23e69bf06efb9346b5f86,/content/cv3d-project/data/cache/reconstruction/metrics/03001627/12a56b6d02a93c5c711beb49b60c734f/103951743a2cb83ff32cba7d.json,12.507114000072761
03001627/12c2b7080b07146a9d4d5dcd2cc33826,oracle,1,[0],0.9786468697074743,1.0587637350863142,1.1388806004651542,0.0,0.0,0.0,2.0000037857665856,0.0,0.0,0.0,0.0,0.0,0.0,camera_rotation_center_and_target_diameter_scale_single_view,5.407754498424845,0.0,10000,10000,True,True,True,/content/cv3d-project/data/cache/reconstruction/predictions/03001627/12c2b7080b07146a9d4d5dcd2cc33826/f51d6803b9edb0248f803bea.npz,d853e5887fc45ab3f542b2f4c49cefaccba99bb8d4b4f52b24c6175610646b82,/content/cv3d-project/data/cache/reconstruction/metrics/03001627/12c2b7080b07146a9d4d5dcd2cc33826/cef2d3f198f8f377126ed9f9.json,3.7776470003336726
03001627/12c2b7080b07146a9d4d5dcd2cc33826,oracle,2,"[0, 39]",0.4835049894560135,0.5352582336448041,0.5870114778335946,0.0,0.0,0.0,2.0000037857665856,0.0,0.0,0.0,0.0,0.0,0.0,camera_pose_sim3,2.6169211638894634,0.18641761338573176,10000,10000,True,False,True,/content/cv3d-project/data/cache/reconstruction/predictions/03001627/12c2b7080b07146a9d4d5dcd2cc33826/ce5b163fa5a92b91c744266c.npz,883c5190377c8aeef974e6d922accb8477f74f10cf44d4fede37944a4653a875,/content/cv3d-project/data/cache/reconstruction/metrics/03001627/12c2b7080b07146a9d4d5dcd2cc33826/5d1701a0a1cf84189abffb15.json,11.570330999802536
03001627/12c2b7080b07146a9d4d5dcd2cc33826,oracle,3,"[0, 39, 27]",0.12528096267064795,0.21094435012188473,0.29660773757312153,0.1339893117831074,0.003655172413793104,0.008994295302013422,2.0000037857665856,0.2971,0.0212,0.0547,0.0865,0.002,0.0049,camera_pose_sim3,2.4326431973140235,0.6318441351307211,10000,10000,True,False,True,/content/cv3d-project/data/cache/reconstruction/predictions/03001627/12c2b7080b07146a9d4d5dcd2cc33826/a66f7d2a9692161fbe98efe6.npz,35b79618eddb97fd404c3a3ef6dc34fc0aa61247b5d4629461a427792c096b4f,/content/cv3d-project/data/cache/reconstruction/metrics/03001627/12c2b7080b07146a9d4d5dcd2cc33826/126600ea99319d14c8b85621.json,12.204206000205886
03001627/12c2b7080b07146a9d4d5dcd2cc33826,oracle,5,"[0, 39, 27, 17, 44]",0.15343891842320057,0.20298826269140463,0.2525376069596087,0.12569198149575944,0.003975409836065574,0.012674999999999997,2.0000037857665856,0.1525,0.0097,0.0338,0.1069,0.0025,0.0078,camera_pose_sim3,2.4043504070515436,0.6115283526518246,10000,10000,True,False,True,/content/cv3d-project/data/cache/reconstruction/predictions/03001627/12c2b7080b07146a9d4d5dcd2cc33826/34a03dbd307f6475c68316c5.npz,7606192c09230dd91801c94d1b9eba8b1ad74015b1b9f2fbf6df46942ce6a4bf,/content/cv3d-project/data/cache/reconstruction/metrics/03001627/12c2b7080b07146a9d4d5dcd2cc33826/d127ae877ca072999459e79e.json,12.228699000388588
03001627/12c2b7080b07146a9d4d5dcd2cc33826,oracle,10,"[0, 39, 27, 17, 44, 15, 9, 42, 21, 24]",0.2551191090406711,0.28438068740569483,0.3136422657707186,0.007847133757961785,0.0,0.0,2.0000037857665856,0.0077,0.0,0.0,0.008,0.0,0.0,camera_pose_sim3,2.465851694093072,0.5125871605139791,10000,10000,True,False,True,/content/cv3d-project/data/cache/reconstruction/predictions/03001627/12c2b7080b07146a9d4d5dcd2cc33826/8362a880015d90049f4db1e7.npz,12e31493440e28d4e10e7a07ed30839e0eb91c469f25cf96c905830cec31aefe,/content/cv3d-project/data/cache/reconstruction/metrics/03001627/12c2b7080b07146a9d4d5dcd2cc33826/17bf4561e4b71086eb64dc10.json,13.033593999807636
03001627/12d7ca3c06faaadf17b431cae0dd70ed,oracle,1,[0],2.51182169868387,2.610657755734523,2.709493812785176,0.0,0.0,0.0,1.9922326601085345,0.0,0.0,0.0,0.0,0.0,0.0,camera_rotation_center_and_target_diameter_scale_single_view,8.236552213024824,0.0,10000,10000,True,True,True,/content/cv3d-project/data/cache/reconstruction/predictions/03001627/12d7ca3c06faaadf17b431cae0dd70ed/a6a4b3a6e87ae2ec54c60e74.npz,7c025056b203fd9c8485ee17ba414592562da81f14ff35e981347629e8ecb61e,/content/cv3d-project/data/cache/reconstruction/metrics/03001627/12d7ca3c06faaadf17b431cae0dd70ed/9afea6ac16b19049c38e41b3.json,3.835791999790672
03001627/12d7ca3c06faaadf17b431cae0dd70ed,oracle,2,"[0, 45]",0.06398180863580369,0.17581157443312345,0.28764134023044324,0.23460509499136442,0.01768875621890547,0.03963206793206793,1.9922326601085345,0.7886,0.0907,0.1779,0.1378,0.0098,0.0223,camera_pose_sim3,2.623370395662874,0.05270743231747803,10000,10000,True,False,True,/content/cv3d-project/data/cache/reconstruction/predictions/03001627/12d7ca3c06faaadf17b431cae0dd70ed/62e58168cea4c3a00284cec4.npz,0baa532f6615188668329c85795a7ed27ff81a48f290c1c07552cba9ee99bba9,/content/cv3d-project/data/cache/reconstruction/metrics/03001627/12d7ca3c06faaadf17b431cae0dd70ed/a583446ab61233a71c604ec7.json,11.80509699997856
03001627/12d7ca3c06faaadf17b431cae0dd70ed,oracle,3,"[0, 45, 19]",0.058176131819777266,0.11816275084863943,0.1781493698775016,0.3677958507840654,0.03374318181818182,0.06966164344611885,1.9922326601085345,0.7867,0.1212,0.3125,0.24,0.0196,0.0392,camera_pose_sim3,2.813435152654621,0.11516840146426703,10000,10000,True,False,True,/content/cv3d-project/data/cache/reconstruction/predictions/03001627/12d7ca3c06faaadf17b431cae0dd70ed/bbfcc18cf09a30339da8a645.npz,3c1e3c47ec51e03a0504fb3d139ce823d3bc950a07fb98f0215834571c827b03,/content/cv3d-project/data/cache/reconstruction/metrics/03001627/12d7ca3c06faaadf17b431cae0dd70ed/6a0513e7d44604bbfd2d2145.json,11.90021299998989
03001627/12d7ca3c06faaadf17b431cae0dd70ed,oracle,5,"[0, 45, 19, 9, 22]",0.03542760685603318,0.10304881597606617,0.17067002509609916,0.45560929664604366,0.048683828920570264,0.10144762694300517,1.9922326601085345,0.9263,0.2181,0.4249,0.3021,0.0274,0.0576,camera_pose_sim3,2.7247376040870037,0.399302949950188,10000,10000,True,False,True,/content/cv3d-project/data/cache/reconstruction/predictions/03001627/12d7ca3c06faaadf17b431cae0dd70ed/b6462bdfdf362c8cdc2cfcce.npz,64c5148d3dcb76a45e33942be354b673f54a33cbe0b67c739a90d56730d02a7b,/content/cv3d-project/data/cache/reconstruction/metrics/03001627/12d7ca3c06faaadf17b431cae0dd70ed/90e7780bc286187bd9812aad.json,11.847503999888431
03001627/12d7ca3c06faaadf17b431cae0dd70ed,oracle,10,"[0, 45, 19, 9, 22, 47, 26, 40, 17, 38]",0.23382463164146897,0.35313114678892565,0.47243766193638237,0.0,0.0,0.0,1.9922326601085345,0.0,0.0,0.0,0.0,0.0,0.0,camera_pose_sim3,2.2726343998894523,0.8535521945919662,10000,10000,True,False,True,/content/cv3d-project/data/cache/reconstruction/predictions/03001627/12d7ca3c06faaadf17b431cae0dd70ed/543715ecc5026c60206172e8.npz,64175fc16fe024779537fb81af758acdebbc094fe678708156c53e90c2505579,/content/cv3d-project/data/cache/reconstruction/metrics/03001627/12d7ca3c06faaadf17b431cae0dd70ed/dbbb617308edb79864d7ebbc.json,12.483623999742122
03001627/12f395270a3316d01666e1246e760f82,oracle,1,[0],1.4935742992156438,1.5956105153308524,1.6976467314460613,0.0,0.0,0.0,1.9962887225302133,0.0,0.0,0.0,0.0,0.0,0.0,camera_rotation_center_and_target_diameter_scale_single_view,6.204282683670682,0.0,10000,10000,True,True,True,/content/cv3d-project/data/cache/reconstruction/predictions/03001627/12f395270a3316d01666e1246e760f82/6375a93b071a5f1c8d696871.npz,b1a1a03dfee92226a41ec269ffde06657fa2fd0ab4dba8e72a18e47dd16e6ae7,/content/cv3d-project/data/cache/reconstruction/metrics/03001627/12f395270a3316d01666e1246e760f82/f54844ecd46b51e53a3e859f.json,3.9462180002374225
03001627/12f395270a3316d01666e1246e760f82,oracle,2,"[0, 39]",0.03269487972674342,0.07424572379427084,0.11579656786179826,0.6246571689754589,0.04993179463024022,0.13913313609467456,1.9962887225302133,0.9589,0.1834,0.4588,0.4632,0.0289,0.082,camera_pose_sim3,2.666937769878754,0.04053319726328065,10000,10000,True,False,True,/content/cv3d-project/data/cache/reconstruction/predictions/03001627/12f395270a3316d01666e1246e760f82/9d29836b702ea6d91e9ba36e.npz,20b7e0f1f772dbc97a2ccb854a1da95f9ca85e27345757d79fecec039596a0fe,/content/cv3d-project/data/cache/reconstruction/metrics/03001627/12f395270a3316d01666e1246e760f82/45dd44cedf81d826c1597d2c.json,12.577423000038834
03001627/12f395270a3316d01666e1246e760f82,oracle,3,"[0, 39, 35]",0.034125068608291134,0.0746987271026682,0.11527238559704527,0.731445700495364,0.0698402489626556,0.16478988694758476,1.9962887225302133,0.997,0.147,0.3814,0.5776,0.0458,0.1051,camera_pose_sim3,2.5876255074655576,0.09809373712633454,10000,10000,True,False,True,/content/cv3d-project/data/cache/reconstruction/predictions/03001627/12f395270a3316d01666e1246e760f82/20a51a82e4f90f8e6beddd77.npz,2f9e428ba6053cd0fe7ff29a2507774673a0837c0076e2235fc949ea35d0a7bf,/content/cv3d-project/data/cache/reconstruction/metrics/03001627/12f395270a3316d01666e1246e760f82/83aa1311106251e7a1db8a82.json,12.242755999977817
03001627/12f395270a3316d01666e1246e760f82,oracle,5,"[0, 39, 35, 17, 12]",0.03505998496977981,0.05983456316041648,0.08460914135105316,0.7635239567233385,0.07400722528850978,0.15329338364779874,1.9962887225302133,1.0,0.1502,0.2938,0.6175,0.0491,0.1037,camera_pose_sim3,2.5569730465899787,0.07286066900645104,10000,10000,True,False,True,/content/cv3d-project/data/cache/reconstruction/predictions/03001627/12f395270a3316d01666e1246e760f82/6867441579b53bf2f06e30c2.npz,e929c4c9ff1c87f272119d17b7939e1f57ee0a1210440fd4d7af9b5747e645e2,/content/cv3d-project/data/cache/reconstruction/metrics/03001627/12f395270a3316d01666e1246e760f82/2bffc8f615b989f3319531c2.json,11.787149000156205
03001627/12f395270a3316d01666e1246e760f82,oracle,10,"[0, 39, 35, 17, 12, 20, 3, 31, 46, 16]",0.0338337654217293,0.05448068446141588,0.07512760350110247,0.7865550297294017,0.11777672080433102,0.2628265014627431,1.9962887225302133,1.0,0.1679,0.3803,0.6482,0.0907,0.2008,camera_pose_sim3,2.4814076158019205,0.19049565324819312,10000,10000,True,False,True,/content/cv3d-project/data/cache/reconstruction/predictions/03001627/12f395270a3316d01666e1246e760f82/6e605f987cac50b463185100.npz,dad3f4e7d33d7de8cd010f5b205ca81a892add54f81d7997bdc8be1f424f4f86,/content/cv3d-project/data/cache/reconstruction/metrics/03001627/12f395270a3316d01666e1246e760f82/02c4693db218a733662f20f2.json,12.68191700000898
03001627/12f4d8c20ef311d988dcbe86402c7c15,oracle,1,[0],1.9033720851529263,2.041727272816391,2.180082460479856,0.0,0.0,0.0,1.9803181786710795,0.0,0.0,0.0,0.0,0.0,0.0,camera_rotation_center_and_target_diameter_scale_single_view,7.044601552491231,0.0,10000,10000,True,True,True,/content/cv3d-project/data/cache/reconstruction/predictions/03001627/12f4d8c20ef311d988dcbe86402c7c15/05441f439988f3345ff115a4.npz,8b1a00229037479910df4ec5597ac0b019f12aa497f316dff49b1db0e2923785,/content/cv3d-project/data/cache/reconstruction/metrics/03001627/12f4d8c20ef311d988dcbe86402c7c15/a7d783efb3209cf28a100e7f.json,3.8044980001359363
03001627/12f4d8c20ef311d988dcbe86402c7c15,oracle,2,"[0, 44]",0.019031619147177974,0.08139822188487372,0.14376482462256948,0.4927559375706853,0.03128275862068965,0.0861250909090909,1.9803181786710795,0.9993,0.2268,0.6966,0.327,0.0168,0.0459,camera_pose_sim3,2.5116215261772012,0.05443823726627343,10000,10000,True,False,True,/content/cv3d-project/data/cache/reconstruction/predictions/03001627/12f4d8c20ef311d988dcbe86402c7c15/129be244e5c447a655f7b164.npz,cf8f156daaa648b6d32b1c17f024971a67c3309d8b58617790ad21a6cca3a8bd,/content/cv3d-project/data/cache/reconstruction/metrics/03001627/12f4d8c20ef311d988dcbe86402c7c15/8a924333e48bb8d3cab2822a.json,11.964680999881239
03001627/12f4d8c20ef311d988dcbe86402c7c15,oracle,3,"[0, 44, 33]",0.29472867327078034,0.48298335320138125,0.6712380331319822,0.0,0.0,0.0,1.9803181786710795,0.0,0.0,0.0,0.0,0.0,0.0,camera_pose_sim3,1.6926463812076058,0.9459798460572547,10000,10000,True,False,True,/content/cv3d-project/data/cache/reconstruction/predictions/03001627/12f4d8c20ef311d988dcbe86402c7c15/497730825331c4093c8faf37.npz,1eb662f816c781a9ea16dba2fae2430a47c60890394f80d86cc401ddbecca207,/content/cv3d-project/data/cache/reconstruction/metrics/03001627/12f4d8c20ef311d988dcbe86402c7c15/80fd392fe0f59939ccd5c870.json,12.424304999967717
03001627/12f4d8c20ef311d988dcbe86402c7c15,oracle,5,"[0, 44, 33, 30, 22]",0.2506189020635416,0.345315555520012,0.44001220897648236,0.0,0.0,0.0,1.9803181786710795,0.0,0.0,0.0,0.0,0.0,0.0,camera_pose_sim3,2.3377853742946546,0.5121195431483472,10000,10000,True,False,True,/content/cv3d-project/data/cache/reconstruction/predictions/03001627/12f4d8c20ef311d988dcbe86402c7c15/17a8302b82ef9828984264c7.npz,19008be5532e332c7ba95d0f2338896f06aa02e690c07207799e850e416a3266,/content/cv3d-project/data/cache/reconstruction/metrics/03001627/12f4d8c20ef311d988dcbe86402c7c15/f8fd3e445ee7fe59904bdddd.json,13.185790000079578
03001627/12f4d8c20ef311d988dcbe86402c7c15,oracle,10,"[0, 44, 33, 30, 22, 29, 45, 11, 46, 23]",0.19815993706619822,0.29140699316430996,0.38465404926242175,0.0,0.0,0.0,1.9803181786710795,0.0,0.0,0.0,0.0,0.0,0.0,camera_pose_sim3,1.2911293187093056,1.0798577883759888,10000,10000,True,False,True,/content/cv3d-project/data/cache/reconstruction/predictions/03001627/12f4d8c20ef311d988dcbe86402c7c15/264e09310ba03f740762b569.npz,828c8548262e73f12745e6260f2f0801e1246d6146aa76608fe714e920d21648,/content/cv3d-project/data/cache/reconstruction/metrics/03001627/12f4d8c20ef311d988dcbe86402c7c15/01bfb1b6f2b1ccc475d1b751.json,12.214867000238883
03001627/13076ebf8b5cc457b8d6f69a14683de3,oracle,1,[0],1.4232472868361365,1.5263653078564252,1.6294833288767139,0.0,0.0,0.0,1.9841606377707288,0.0,0.0,0.0,0.0,0.0,0.0,camera_rotation_center_and_target_diameter_scale_single_view,5.964525448388889,0.0,10000,10000,True,True,True,/content/cv3d-project/data/cache/reconstruction/predictions/03001627/13076ebf8b5cc457b8d6f69a14683de3/3b3e77f4ffce0ce4fb6980fd.npz,38cf9dd7d3be9043122a7b4c66538e95f225dcfd019b288d7fc8c335318d56ef,/content/cv3d-project/data/cache/reconstruction/metrics/03001627/13076ebf8b5cc457b8d6f69a14683de3/3a647c26a6515737c16fbd6f.json,3.815243000190094
03001627/13076ebf8b5cc457b8d6f69a14683de3,oracle,2,"[0, 39]",0.5552057804756106,0.6098431937429358,0.6644806070102609,0.0,0.0,0.0,1.9841606377707288,0.0,0.0,0.0,0.0,0.0,0.0,camera_pose_sim3,3.2580320086747605,0.13695291709619592,10000,10000,True,False,True,/content/cv3d-project/data/cache/reconstruction/predictions/03001627/13076ebf8b5cc457b8d6f69a14683de3/92b7c057fba9a3d0ad53f550.npz,e8bf7f489d7ce5bf3b33e1374daff5ff76dda553ab5bf48e29461f72f4c0c8e6,/content/cv3d-project/data/cache/reconstruction/metrics/03001627/13076ebf8b5cc457b8d6f69a14683de3/14c7fdeeefcf001a57519634.json,12.132550999922387
03001627/13076ebf8b5cc457b8d6f69a14683de3,oracle,3,"[0, 39, 35]",0.3821972684725092,0.48078247391026985,0.5793676793480306,0.0,0.0,0.0,1.9841606377707288,0.0,0.0,0.0,0.0,0.0,0.0,camera_pose_sim3,1.3501938526837853,1.265168997486958,10000,10000,True,False,True,/content/cv3d-project/data/cache/reconstruction/predictions/03001627/13076ebf8b5cc457b8d6f69a14683de3/849db563787ff2a374149f7d.npz,f3f6b96275addfdc45173b2d4721ab23a0c443c1cd132d6ee3b53a591bd3ea00,/content/cv3d-project/data/cache/reconstruction/metrics/03001627/13076ebf8b5cc457b8d6f69a14683de3/a1385785a530be92cd2bd89e.json,11.440456000400445
03001627/13076ebf8b5cc457b8d6f69a14683de3,oracle,5,"[0, 39, 35, 37, 17]",0.0905090243958032,0.12484962761881654,0.1591902308418299,0.3189368907131862,0.011599358974358976,0.034620235294117646,1.9841606377707288,0.556,0.0235,0.0608,0.2236,0.0077,0.0242,camera_pose_sim3,2.50590643034098,0.4845219919827494,10000,10000,True,False,True,/content/cv3d-project/data/cache/reconstruction/predictions/03001627/13076ebf8b5cc457b8d6f69a14683de3/8bc2d1cccb29ad188cac1eda.npz,570f5e82a89e89377448a39dd77247e426d60d3a3389ea3f76f67dd1d6a46bb3,/content/cv3d-project/data/cache/reconstruction/metrics/03001627/13076ebf8b5cc457b8d6f69a14683de3/84605cb9857e34ac0af9539d.json,12.214449000111927
03001627/13076ebf8b5cc457b8d6f69a14683de3,oracle,10,"[0, 39, 35, 37, 17, 36, 9, 23, 19, 47]",0.06702086032409132,0.09641650725428855,0.12581215418448577,0.4991217461600647,0.08293797909407664,0.1614112953076707,1.9841606377707288,0.7356,0.1026,0.2322,0.3777,0.0696,0.1237,camera_pose_sim3,2.62437243596357,0.4752763278122444,10000,10000,True,False,True,/content/cv3d-project/data/cache/reconstruction/predictions/03001627/13076ebf8b5cc457b8d6f69a14683de3/01509d23ce7e33df0989a08d.npz,f9ec00a3d1a2612b9d21d3601c1fafea0f4c89724fa953f2004a6da4ff98eb22,/content/cv3d-project/data/cache/reconstruction/metrics/03001627/13076ebf8b5cc457b8d6f69a14683de3/bed92035b331d5e0c24ca557.json,12.949701999787067
03001627/131abb0b13d6c5b97f0b1e4f6d35b0ba,oracle,1,[0],2.30846524169641,2.4265064804200156,2.544547719143621,0.0,0.0,0.0,1.99888168340204,0.0,0.0,0.0,0.0,0.0,0.0,camera_rotation_center_and_target_diameter_scale_single_view,7.802181779469606,0.0,10000,10000,True,True,True,/content/cv3d-project/data/cache/reconstruction/predictions/03001627/131abb0b13d6c5b97f0b1e4f6d35b0ba/fee0e9095c7230b90ddbe132.npz,d260128151aad62d9aa2c46566411f460dab97c861dbc08fa794e74f92d7948f,/content/cv3d-project/data/cache/reconstruction/metrics/03001627/131abb0b13d6c5b97f0b1e4f6d35b0ba/343c0f9b27925150975ef171.json,4.016839000087202
03001627/131abb0b13d6c5b97f0b1e4f6d35b0ba,oracle,2,"[0, 39]",0.7216838719062213,0.864449292550512,1.0072147131948026,0.0,0.0,0.0,1.99888168340204,0.0,0.0,0.0,0.0,0.0,0.0,camera_pose_sim3,1.611384643089301,1.0654698734059465,10000,10000,True,False,True,/content/cv3d-project/data/cache/reconstruction/predictions/03001627/131abb0b13d6c5b97f0b1e4f6d35b0ba/f9924ebf20a9750d17858317.npz,f2954ca4420e4d99b4305e87e86991d7475a8db6b257c3c2d2896b12bc113cf7,/content/cv3d-project/data/cache/reconstruction/metrics/03001627/131abb0b13d6c5b97f0b1e4f6d35b0ba/0e4e3b9e999bdfa3a6f2695a.json,12.088026000128593
03001627/131abb0b13d6c5b97f0b1e4f6d35b0ba,oracle,3,"[0, 39, 42]",0.6374920242367998,0.7458375567968358,0.8541830893568719,0.0,0.0,0.0,1.99888168340204,0.0,0.0,0.0,0.0,0.0,0.0,camera_pose_sim3,2.1998524464019154,0.7764322894629653,10000,10000,True,False,True,/content/cv3d-project/data/cache/reconstruction/predictions/03001627/131abb0b13d6c5b97f0b1e4f6d35b0ba/07484120cda6442abb66d401.npz,668000ede325e7c9d9827daef6e96e25b5adc48418209931fcf1cf594f6a386f,/content/cv3d-project/data/cache/reconstruction/metrics/03001627/131abb0b13d6c5b97f0b1e4f6d35b0ba/4586b2804d767b65b6b82a36.json,11.81971399955728
03001627/131abb0b13d6c5b97f0b1e4f6d35b0ba,oracle,5,"[0, 39, 42, 37, 2]",0.04371461820959758,0.11909373000383579,0.194472841798074,0.4343479104477613,0.03758241758241758,0.08909944134078213,1.99888168340204,0.9219,0.114,0.2688,0.2841,0.0225,0.0534,camera_pose_sim3,2.41106515711567,0.426510072153494,10000,10000,True,False,True,/content/cv3d-project/data/cache/reconstruction/predictions/03001627/131abb0b13d6c5b97f0b1e4f6d35b0ba/439ac4060d8d34b4f59c80e9.npz,abff557142ca8e7ecc64ede2240014a0e4d326d03e54743d29c924f23bd26c18,/content/cv3d-project/data/cache/reconstruction/metrics/03001627/131abb0b13d6c5b97f0b1e4f6d35b0ba/e077831d9e18dc925f478a00.json,11.574862000088615
03001627/131abb0b13d6c5b97f0b1e4f6d35b0ba,oracle,10,"[0, 39, 42, 37, 2, 35, 40, 30, 33, 12]",0.08213621554722006,0.1828542427726708,0.2835722699981215,0.2225146572104019,0.032632389580973954,0.0625783195020747,1.99888168340204,0.6261,0.0667,0.1535,0.1353,0.0216,0.0393,camera_pose_sim3,2.1852075872807557,0.6442150688198877,10000,10000,True,False,True,/content/cv3d-project/data/cache/reconstruction/predictions/03001627/131abb0b13d6c5b97f0b1e4f6d35b0ba/24222c163ccef44482e60818.npz,88408ba3c83760e71a0ec82c5538f761446824778564fb50c0c569e11bc63b20,/content/cv3d-project/data/cache/reconstruction/metrics/03001627/131abb0b13d6c5b97f0b1e4f6d35b0ba/5077c43e019fd359f99a6fd8.json,12.658832999932201
03001627/131edf0948b60ee6372c8cd7d07d8ddc,oracle,1,[0],0.8608222253872948,0.9682835385817629,1.075744851776231,0.0,0.0,0.0,1.9986192667823102,0.0,0.0,0.0,0.0,0.0,0.0,camera_rotation_center_and_target_diameter_scale_single_view,4.917410544345115,0.0,10000,10000,True,True,True,/content/cv3d-project/data/cache/reconstruction/predictions/03001627/131edf0948b60ee6372c8cd7d07d8ddc/0a5a469b1fe4312262743a66.npz,a9c2c93c68ca2dbd0888828f47b9992b05198af69942729325e1ae7f12b2ca51,/content/cv3d-project/data/cache/reconstruction/metrics/03001627/131edf0948b60ee6372c8cd7d07d8ddc/144bbe5f6b90202b38bbb475.json,3.9488930001425615
03001627/131edf0948b60ee6372c8cd7d07d8ddc,oracle,2,"[0, 39]",0.8899702440381471,0.99856682599059,1.107163407943033,0.0,0.0,0.0,1.9986192667823102,0.0,0.0,0.0,0.0,0.0,0.0,camera_pose_sim3,2.769796166333689,0.5939501217587938,10000,10000,True,False,True,/content/cv3d-project/data/cache/reconstruction/predictions/03001627/131edf0948b60ee6372c8cd7d07d8ddc/c5c8af4680f9d3288e7e85e7.npz,7236befab74783fde710172a83380d8c3c0fce5771727b8669b369d13946c31a,/content/cv3d-project/data/cache/reconstruction/metrics/03001627/131edf0948b60ee6372c8cd7d07d8ddc/d5f8618a13606478b90a174a.json,12.53897699962181
03001627/131edf0948b60ee6372c8cd7d07d8ddc,oracle,3,"[0, 39, 26]",0.2846212450007104,0.4718834642803112,0.659145683559912,0.0,0.0,0.0,1.9986192667823102,0.0,0.0,0.0,0.0,0.0,0.0,camera_pose_sim3,1.7079239473433332,0.9794023092515394,10000,10000,True,False,True,/content/cv3d-project/data/cache/reconstruction/predictions/03001627/131edf0948b60ee6372c8cd7d07d8ddc/b8e9e1b9ee48f6aaf644818f.npz,1b21b83976f227b25041851313042886525ed0f0961c1fb86593ecf4dedb95bf,/content/cv3d-project/data/cache/reconstruction/metrics/03001627/131edf0948b60ee6372c8cd7d07d8ddc/2cfbeed0479fe9dc1affeee6.json,12.466635999771825
03001627/131edf0948b60ee6372c8cd7d07d8ddc,oracle,5,"[0, 39, 26, 9, 20]",0.9170569627175356,1.058823838990718,1.2005907152639008,0.0,0.0,0.0,1.9986192667823102,0.0,0.0,0.0,0.0,0.0,0.0,camera_pose_sim3,1.68766335137104,0.9633258370784918,10000,10000,True,False,True,/content/cv3d-project/data/cache/reconstruction/predictions/03001627/131edf0948b60ee6372c8cd7d07d8ddc/4222d3e9720e88c9d08464c9.npz,a4f1bf79ea648e5ede054ee15d166d553f4a2b1a37f0975609ae4ed281c405a7,/content/cv3d-project/data/cache/reconstruction/metrics/03001627/131edf0948b60ee6372c8cd7d07d8ddc/c8aaa928a64a8faa47551f46.json,12.44221600018136
03001627/131edf0948b60ee6372c8cd7d07d8ddc,oracle,10,"[0, 39, 26, 9, 20, 44, 33, 15, 19, 47]",1.0699886720532619,1.1499761055360553,1.2299635390188488,0.0,0.0,0.0,1.9986192667823102,0.0,0.0,0.0,0.0,0.0,0.0,camera_pose_sim3,2.0082672914737167,1.0024501904865601,10000,10000,True,False,True,/content/cv3d-project/data/cache/reconstruction/predictions/03001627/131edf0948b60ee6372c8cd7d07d8ddc/a8c5d0343ea24a597812ee51.npz,9ef3415d8dd61efdd93b09703ebc4afbc572aa87365794de5b10b58a8d2dee2b,/content/cv3d-project/data/cache/reconstruction/metrics/03001627/131edf0948b60ee6372c8cd7d07d8ddc/2f9008da462995e57d40c4bf.json,13.095271999645774
03001627/13990109140043c919fb4103277a6b93,oracle,1,[0],2.329068853879325,2.4579667629334345,2.586864671987544,0.0,0.0,0.0,1.9977229989083294,0.0,0.0,0.0,0.0,0.0,0.0,camera_rotation_center_and_target_diameter_scale_single_view,7.869028420678771,0.0,10000,10000,True,True,True,/content/cv3d-project/data/cache/reconstruction/predictions/03001627/13990109140043c919fb4103277a6b93/6ef255b34e9cfc3c057d9540.npz,44e6fb3322674a5cac2f15f6ec870c6bce0b2c2011267a19c6b817fa3fb89e18,/content/cv3d-project/data/cache/reconstruction/metrics/03001627/13990109140043c919fb4103277a6b93/0d08c68b01147504ff98d10a.json,3.861869000047591
03001627/13990109140043c919fb4103277a6b93,oracle,2,"[0, 44]",0.2509535509971755,0.370582189683404,0.49021082836963253,0.0,0.0,0.0,1.9977229989083294,0.0,0.0,0.0,0.0,0.0,0.0,camera_pose_sim3,2.6548233008792077,0.06250817608987057,10000,10000,True,False,True,/content/cv3d-project/data/cache/reconstruction/predictions/03001627/13990109140043c919fb4103277a6b93/626395b6038e600693409483.npz,4b42720ca8c4f07ae7dd3f6ade292696e23a24f57f1904efa2976458d87e35c8,/content/cv3d-project/data/cache/reconstruction/metrics/03001627/13990109140043c919fb4103277a6b93/6672c3ada6e5bf2cc81dc5fe.json,11.608673999944585
03001627/13990109140043c919fb4103277a6b93,oracle,3,"[0, 44, 17]",0.13760136399906248,0.2077407108678468,0.2778800577366311,0.10231416252072968,0.0,0.0006857142857142857,1.9977229989083294,0.2362,0.0,0.0008,0.0653,0.0,0.0006,camera_pose_sim3,2.377904143204623,0.5123449433553448,10000,10000,True,False,True,/content/cv3d-project/data/cache/reconstruction/predictions/03001627/13990109140043c919fb4103277a6b93/58b316d8abcc312ad2797e6b.npz,df7c07cad1ea766d98dfce4cd852926ad7ed911ba62108f40c0fe29c3152af34,/content/cv3d-project/data/cache/reconstruction/metrics/03001627/13990109140043c919fb4103277a6b93/c5e1a4ceb5d420054f7f9690.json,11.765819999709493
03001627/13990109140043c919fb4103277a6b93,oracle,5,"[0, 44, 17, 26, 31]",0.15502562369219722,0.2126915585231039,0.27035749335401055,0.08754086349760139,0.0,0.00075,1.9977229989083294,0.1704,0.0,0.001,0.0589,0.0,0.0006,camera_pose_sim3,1.9669012936016412,0.9310902980499711,10000,10000,True,False,True,/content/cv3d-project/data/cache/reconstruction/predictions/03001627/13990109140043c919fb4103277a6b93/ee057785c01db5199d0afbb1.npz,617db0d016929fc9edb9f761f800274ecf0a6ebef068d53b496dec786a6f52ca,/content/cv3d-project/data/cache/reconstruction/metrics/03001627/13990109140043c919fb4103277a6b93/b2b47a9d6e0e78fe07d21220.json,12.40610300010303
03001627/13990109140043c919fb4103277a6b93,oracle,10,"[0, 44, 17, 26, 31, 43, 20, 25, 18, 9]",0.33672250465416276,0.4123318282647567,0.4879411518753506,0.0,0.0,0.0,1.9977229989083294,0.0,0.0,0.0,0.0,0.0,0.0,camera_pose_sim3,2.572398655781641,0.39877585780651315,10000,10000,True,False,True,/content/cv3d-project/data/cache/reconstruction/predictions/03001627/13990109140043c919fb4103277a6b93/8564d276a74378240c8e52cc.npz,275a9771a84bde91b3c813f0786c1ab8d94157dec06619905d1e64f071b3a435,/content/cv3d-project/data/cache/reconstruction/metrics/03001627/13990109140043c919fb4103277a6b93/6af415943f732a05078d7126.json,13.046575999851484
03001627/13b6648bdc843b767b5f4d129cc2873d,oracle,1,[0],1.204081464514872,1.3276730925065219,1.451264720498172,0.0,0.0,0.0,1.998668509280527,0.0,0.0,0.0,0.0,0.0,0.0,camera_rotation_center_and_target_diameter_scale_single_view,5.735261580213716,0.0,10000,10000,True,True,True,/content/cv3d-project/data/cache/reconstruction/predictions/03001627/13b6648bdc843b767b5f4d129cc2873d/63fc0c52520a75e825f47e93.npz,8f9989efcc5b82e01a5fa3cc8bd07e81e80041bc8e81a9b4ae3b4dab5c54ac30,/content/cv3d-project/data/cache/reconstruction/metrics/03001627/13b6648bdc843b767b5f4d129cc2873d/6e9b8479a26791bc5feb7499.json,3.85912499996266
03001627/13b6648bdc843b767b5f4d129cc2873d,oracle,2,"[0, 44]",0.050583342954447996,0.08066187260957869,0.11074040226470938,0.6796493583144602,0.007379999999999999,0.01941221052631579,1.998668509280527,0.9173,0.0205,0.0339,0.5398,0.0045,0.0136,camera_pose_sim3,2.462813632498318,0.03592513097157281,10000,10000,True,True,True,/content/cv3d-project/data/cache/reconstruction/predictions/03001627/13b6648bdc843b767b5f4d129cc2873d/26334ac2b46b42bc8c774fa0.npz,3fa31cc39bb78189349dfe43debb6df6ebaabf5299e5a146b01971ec3d9978c6,/content/cv3d-project/data/cache/reconstruction/metrics/03001627/13b6648bdc843b767b5f4d129cc2873d/81a5e30e97972c6c1ea336eb.json,2.585902000191709
03001627/13b6648bdc843b767b5f4d129cc2873d,oracle,3,"[0, 44, 17]",0.1292579011450157,0.15357856442373907,0.17789922770246247,0.2519277921047411,0.007157360406091371,0.015709090909090912,1.998668509280527,0.2465,0.015,0.0288,0.2576,0.0047,0.0108,camera_pose_sim3,2.627726826512211,0.25063868783045906,10000,10000,True,False,True,/content/cv3d-project/data/cache/reconstruction/predictions/03001627/13b6648bdc843b767b5f4d129cc2873d/7e3505adf5014fab98d728f7.npz,a6b96d790d0832add1ae63805ad6efe25e78e9a707b86ca8d85497de9a1e0415,/content/cv3d-project/data/cache/reconstruction/metrics/03001627/13b6648bdc843b767b5f4d129cc2873d/1d671c69d620715aa7a13518.json,12.37950400036425
03001627/13b6648bdc843b767b5f4d129cc2873d,oracle,5,"[0, 44, 17, 26, 31]",0.03370923610812975,0.04925413873176264,0.06479904135539552,0.8642448416575665,0.1728182463253928,0.29314182257091126,1.998668509280527,0.9404,0.2668,0.444,0.7995,0.1278,0.2188,camera_pose_sim3,2.6608775046623876,0.08434122507866662,10000,10000,True,False,True,/content/cv3d-project/data/cache/reconstruction/predictions/03001627/13b6648bdc843b767b5f4d129cc2873d/5004326649a80ba92cbeb500.npz,5427dbf3c0e0c8787c0a8670cf14f7af499325ff36051ab398272b64d7ce9805,/content/cv3d-project/data/cache/reconstruction/metrics/03001627/13b6648bdc843b767b5f4d129cc2873d/437ffcb501553c81211ca1a3.json,12.274194999918109
03001627/13b6648bdc843b767b5f4d129cc2873d,oracle,10,"[0, 44, 17, 26, 31, 3, 21, 8, 40, 11]",0.042872733516978775,0.0556529824641749,0.06843323141137102,0.8296194179389312,0.07625759416767922,0.17563305518169584,1.998668509280527,0.9242,0.1046,0.2291,0.7526,0.06,0.1424,camera_pose_sim3,2.63136217692357,0.11473903385671332,10000,10000,True,False,True,/content/cv3d-project/data/cache/reconstruction/predictions/03001627/13b6648bdc843b767b5f4d129cc2873d/ab945313c3d8bd05549f246f.npz,98e9e150266e384e1d2dc933b8b0a1c6310321b51664391c5e022aeebeafc8a6,/content/cv3d-project/data/cache/reconstruction/metrics/03001627/13b6648bdc843b767b5f4d129cc2873d/4adfb101b191f32d30753209.json,12.356563000139431
03211117/26c4051b7dfbccf4afaac116abdd44e,oracle,1,[0],2.124899503946854,2.1266562926174695,2.1284130812880844,0.0,0.0,0.0,1.9997270143092567,0.0,0.0,0.0,0.0,0.0,0.0,camera_rotation_center_and_target_diameter_scale_single_view,7.051538488455982,0.0,10000,10000,True,True,True,/content/cv3d-project/data/cache/reconstruction/predictions/03211117/26c4051b7dfbccf4afaac116abdd44e/848acd8b3bae415eee717ba9.npz,a645872465cf250cca99327b876ac225da0338dcd7ed12c4d10e1d4d1d8f4050,/content/cv3d-project/data/cache/reconstruction/metrics/03211117/26c4051b7dfbccf4afaac116abdd44e/742e36a168e19143a6d02bb3.json,3.966102000049432
03211117/26c4051b7dfbccf4afaac116abdd44e,oracle,2,"[0, 45]",0.2694173131913553,0.3637673566529307,0.4581174001145061,0.0,0.0,0.0,1.9997270143092567,0.0,0.0,0.0,0.0,0.0,0.0,camera_pose_sim3,2.748131510597205,0.07377465996388051,10000,10000,True,False,True,/content/cv3d-project/data/cache/reconstruction/predictions/03211117/26c4051b7dfbccf4afaac116abdd44e/bb5ce8f6cab3779de2ed2cd1.npz,3de2b1be72f923dfe5e90874af5ebf12bfb085e661855f6475af8bae49a31256,/content/cv3d-project/data/cache/reconstruction/metrics/03211117/26c4051b7dfbccf4afaac116abdd44e/2801cce57486247d25f7676c.json,12.148364000040601
03211117/26c4051b7dfbccf4afaac116abdd44e,oracle,3,"[0, 45, 29]",1.0835414694192256,1.2188199794963954,1.3540984895735655,0.0,0.0,0.0,1.9997270143092567,0.0,0.0,0.0,0.0,0.0,0.0,camera_pose_sim3,2.3562935101674607,0.6771980657265727,10000,10000,True,False,True,/content/cv3d-project/data/cache/reconstruction/predictions/03211117/26c4051b7dfbccf4afaac116abdd44e/c9085d2c513710b285eb86d5.npz,9f4b0be500a9c9a5add2c60600a2f01c953f15c9a835fe42b51c05a8893d723b,/content/cv3d-project/data/cache/reconstruction/metrics/03211117/26c4051b7dfbccf4afaac116abdd44e/a5b79a17a1af8adad4ff8b28.json,11.6115659998286
03211117/26c4051b7dfbccf4afaac116abdd44e,oracle,5,"[0, 45, 29, 16, 41]",0.18626609705476882,0.23228030889792323,0.27829452074107763,0.0,0.0,0.0,1.9997270143092567,0.0,0.0,0.0,0.0,0.0,0.0,camera_pose_sim3,0.6854588736034505,1.2913605643004713,10000,10000,True,False,True,/content/cv3d-project/data/cache/reconstruction/predictions/03211117/26c4051b7dfbccf4afaac116abdd44e/9013c44d7d6d3f391173ab59.npz,743c5a2e93063e5ed0c32f63ee191226cebf3fa9363e1f26ebf48c6813c3e393,/content/cv3d-project/data/cache/reconstruction/metrics/03211117/26c4051b7dfbccf4afaac116abdd44e/0371987c05a0cfec8f04b580.json,12.733101999856444
03211117/26c4051b7dfbccf4afaac116abdd44e,oracle,10,"[0, 45, 29, 16, 41, 13, 27, 33, 37, 9]",0.0455639080691486,0.06021448496646184,0.07486506186377509,0.8480589793802558,0.0,0.0,1.9997270143092567,1.0,0.0,0.0,0.7362,0.0,0.0,camera_pose_sim3,2.648905937039046,0.1507701658316715,10000,10000,True,False,True,/content/cv3d-project/data/cache/reconstruction/predictions/03211117/26c4051b7dfbccf4afaac116abdd44e/164d76f8609a4f26ebd8e43b.npz,9332d1154417b77f1fc1275a3800390cd215282d123357a076b18b8a9720f4f1,/content/cv3d-project/data/cache/reconstruction/metrics/03211117/26c4051b7dfbccf4afaac116abdd44e/a160c52d427259eb3b84fbb3.json,12.881426000149077
03211117/27107e057772be0d6b07917e9ad0834a,oracle,1,[0],2.1529983217213218,2.1863118997297155,2.2196254777381097,0.0,0.0,0.0,1.997312285708823,0.0,0.0,0.0,0.0,0.0,0.0,camera_rotation_center_and_target_diameter_scale_single_view,7.185983457396303,0.0,10000,10000,True,True,True,/content/cv3d-project/data/cache/reconstruction/predictions/03211117/27107e057772be0d6b07917e9ad0834a/fd0318d54d24a43f04b17095.npz,a76584b214faff9f5342ab2bfae5ae6b2ec38c1c7e520b72be6679a1710ca7e9,/content/cv3d-project/data/cache/reconstruction/metrics/03211117/27107e057772be0d6b07917e9ad0834a/92e5ac501a4a59eef94a66ea.json,3.9708409999548167
03211117/27107e057772be0d6b07917e9ad0834a,oracle,2,"[0, 42]",0.45729612000995046,0.6295909656434097,0.8018858112768689,0.0,0.0,0.0,1.997312285708823,0.0,0.0,0.0,0.0,0.0,0.0,camera_pose_sim3,0.3574564070517817,1.2644268863781325,10000,10000,True,False,True,/content/cv3d-project/data/cache/reconstruction/predictions/03211117/27107e057772be0d6b07917e9ad0834a/6546e69efab16ba63ba04fe0.npz,e8e3e4cc19e3da99705783207f58eb385a39a029fbae2f4ea180b578d34f897f,/content/cv3d-project/data/cache/reconstruction/metrics/03211117/27107e057772be0d6b07917e9ad0834a/4724eb90cf9fb8223a96c9d1.json,12.36241600008725
03211117/27107e057772be0d6b07917e9ad0834a,oracle,3,"[0, 42, 15]",0.21865981482832225,0.277100447237859,0.33554107964739566,0.0,0.0,0.0,1.997312285708823,0.0,0.0,0.0,0.0,0.0,0.0,camera_pose_sim3,2.703911324333857,0.37051589114305356,10000,10000,True,False,True,/content/cv3d-project/data/cache/reconstruction/predictions/03211117/27107e057772be0d6b07917e9ad0834a/51a21714f77df1c779c5aca5.npz,55b4000fdcc02288eb94991757db2f51bbf8ac360da9d818ef4874bf2b74a789,/content/cv3d-project/data/cache/reconstruction/metrics/03211117/27107e057772be0d6b07917e9ad0834a/da7561eead0eeae98697aedd.json,12.58947199994509
03211117/27107e057772be0d6b07917e9ad0834a,oracle,5,"[0, 42, 15, 20, 8]",0.047925037986627686,0.07770631160517216,0.10748758522371665,0.552342990586003,0.007474747474747475,0.025239871382636656,1.997312285708823,0.9868,0.0148,0.0446,0.3835,0.005,0.0176,camera_pose_sim3,2.6534763823109913,0.1661035237487845,10000,10000,True,False,True,/content/cv3d-project/data/cache/reconstruction/predictions/03211117/27107e057772be0d6b07917e9ad0834a/969c41a7c5d6299e24b119a6.npz,bbce3138eee6cd1d36756d7cba0d9ae627362212f9a3fc06aace3c72444d2e7e,/content/cv3d-project/data/cache/reconstruction/metrics/03211117/27107e057772be0d6b07917e9ad0834a/93eb3fb9a8e8f5dabc18821c.json,12.269197000023269
03211117/27107e057772be0d6b07917e9ad0834a,oracle,10,"[0, 42, 15, 20, 8, 30, 34, 21, 22, 4]",0.02150302931391969,0.04566667973277199,0.06983033015162429,0.8385598141695703,0.12654998211091237,0.2658934546045152,1.997312285708823,1.0,0.1827,0.4215,0.722,0.0968,0.1942,camera_pose_sim3,2.560321535857049,0.08797879314176778,10000,10000,True,False,True,/content/cv3d-project/data/cache/reconstruction/predictions/03211117/27107e057772be0d6b07917e9ad0834a/3f4879c027ee3f68e6ab7558.npz,7f043f4766ff31d1613c9f85ae16bf33908a67e081f7aa39889f19821dbed3b3,/content/cv3d-project/data/cache/reconstruction/metrics/03211117/27107e057772be0d6b07917e9ad0834a/4b7db42b57d91233e8c26c31.json,12.475658999846928
03211117/2711433532f6d1fdd7426bda0fe4ebcb,oracle,1,[0],1.6531324426564757,1.6987027241499377,1.7442730056433997,0.0,0.0,0.0,1.998887031600695,0.0,0.0,0.0,0.0,0.0,0.0,camera_rotation_center_and_target_diameter_scale_single_view,6.308999617804461,0.0,10000,10000,True,True,True,/content/cv3d-project/data/cache/reconstruction/predictions/03211117/2711433532f6d1fdd7426bda0fe4ebcb/c2f0465e996eb9e13cf299e3.npz,58a3d05dd6027fd0d4f702309b010dcc24b4e46e0b2289a06d345a5503891441,/content/cv3d-project/data/cache/reconstruction/metrics/03211117/2711433532f6d1fdd7426bda0fe4ebcb/1ee7ac12c721f8ea3ee3a8f8.json,3.818446999957814
03211117/2711433532f6d1fdd7426bda0fe4ebcb,oracle,2,"[0, 41]",4.068539197560604,4.145085548057306,4.2216318985540076,0.0,0.0,0.0,1.998887031600695,0.0,0.0,0.0,0.0,0.0,0.0,camera_pose_sim3,8.027706299522515,0.2522449541813569,10000,10000,True,False,True,/content/cv3d-project/data/cache/reconstruction/predictions/03211117/2711433532f6d1fdd7426bda0fe4ebcb/d59653564c92de48deb397df.npz,716c932ec4a3e8cc74609a110b1320c0e8665b26b9e1918025f48268d373872c,/content/cv3d-project/data/cache/reconstruction/metrics/03211117/2711433532f6d1fdd7426bda0fe4ebcb/68004a7552eb87aaa9093c2a.json,11.981435000052443
03211117/2711433532f6d1fdd7426bda0fe4ebcb,oracle,3,"[0, 41, 44]",0.3314604222315106,0.46712550241329015,0.6027905825950697,0.0,0.0,0.0,1.998887031600695,0.0,0.0,0.0,0.0,0.0,0.0,camera_pose_sim3,1.0767716794504776,1.277194717781645,10000,10000,True,False,True,/content/cv3d-project/data/cache/reconstruction/predictions/03211117/2711433532f6d1fdd7426bda0fe4ebcb/4fc189aecda6a94162913e62.npz,6fa78c455baccd72d1bec1f07558b21cc3acb8bda314e6188f99bf4954755a8a,/content/cv3d-project/data/cache/reconstruction/metrics/03211117/2711433532f6d1fdd7426bda0fe4ebcb/5a5c448b5c19970bdc554720.json,11.966717999712273
03211117/2711433532f6d1fdd7426bda0fe4ebcb,oracle,5,"[0, 41, 44, 6, 11]",0.3095796593924922,0.3505868714241973,0.39159408345590246,0.0,0.0,0.0,1.998887031600695,0.0,0.0,0.0,0.0,0.0,0.0,camera_pose_sim3,1.9234165098047356,0.968572763940074,10000,10000,True,False,True,/content/cv3d-project/data/cache/reconstruction/predictions/03211117/2711433532f6d1fdd7426bda0fe4ebcb/d8e74c16efc1bf0cf10b5be5.npz,fd3d8123ac8776152b92f7dfa2942d68705d7e94e8f1c226c24053f799fc4c1f,/content/cv3d-project/data/cache/reconstruction/metrics/03211117/2711433532f6d1fdd7426bda0fe4ebcb/26d924d385f2afee1cf39119.json,12.720772000193392
03211117/2711433532f6d1fdd7426bda0fe4ebcb,oracle,10,"[0, 41, 44, 6, 11, 2, 40, 13, 35, 33]",0.2833693092051196,0.3037106854076941,0.3240520616102686,0.0,0.0,0.0,1.998887031600695,0.0,0.0,0.0,0.0,0.0,0.0,camera_pose_sim3,2.3584971727839776,0.6367436062675499,10000,10000,True,False,True,/content/cv3d-project/data/cache/reconstruction/predictions/03211117/2711433532f6d1fdd7426bda0fe4ebcb/4e74f110d585d4e02967194e.npz,bd356ab3f3c84d56a587a784be72e65b25e532387a4e5c6950247830f81983ca,/content/cv3d-project/data/cache/reconstruction/metrics/03211117/2711433532f6d1fdd7426bda0fe4ebcb/139c662fa406414248811f50.json,13.13809199973548
03211117/274acc511daf0161bbf0c65ae96423ae,oracle,1,[0],1.721795456557348,1.7738323001014336,1.8258691436455194,0.0,0.0,0.0,1.9964529096801862,0.0,0.0,0.0,0.0,0.0,0.0,camera_rotation_center_and_target_diameter_scale_single_view,6.4174586033908545,0.0,10000,10000,True,True,True,/content/cv3d-project/data/cache/reconstruction/predictions/03211117/274acc511daf0161bbf0c65ae96423ae/494a1b73398b3f5c93e6e482.npz,b640109e9217ee99a4d33a3d87bcb0ec3b61cb62f7ecac135eacd849f7e3009b,/content/cv3d-project/data/cache/reconstruction/metrics/03211117/274acc511daf0161bbf0c65ae96423ae/ee465c456c43c73a526c1931.json,3.907329000412574
03211117/274acc511daf0161bbf0c65ae96423ae,oracle,2,"[0, 41]",0.28519394927062014,0.39943471491042615,0.5136754805502322,0.0,0.0,0.0,1.9964529096801862,0.0,0.0,0.0,0.0,0.0,0.0,camera_pose_sim3,1.7991732406682621,1.0985543747747575,10000,10000,True,True,True,/content/cv3d-project/data/cache/reconstruction/predictions/03211117/274acc511daf0161bbf0c65ae96423ae/9c8f09a3a82285c48ce26010.npz,dbec47488ea11869b0aecdb7835b4d41f413382a8109561cc8b3ba2157323a0b,/content/cv3d-project/data/cache/reconstruction/metrics/03211117/274acc511daf0161bbf0c65ae96423ae/a10a394f308d0a5c2f208209.json,2.4680650003574556
03211117/274acc511daf0161bbf0c65ae96423ae,oracle,3,"[0, 41, 36]",0.4487787472633379,0.5260771665050852,0.6033755857468326,0.0,0.0,0.0,1.9964529096801862,0.0,0.0,0.0,0.0,0.0,0.0,camera_pose_sim3,1.5349051281073953,1.0763888179061916,10000,10000,True,False,True,/content/cv3d-project/data/cache/reconstruction/predictions/03211117/274acc511daf0161bbf0c65ae96423ae/268fb36aa30f15ca3304b3a0.npz,cf31c861dc23e24f6b9c6eb41a68a24a2044ff9cf28e9e7ac7812dc9706baedd,/content/cv3d-project/data/cache/reconstruction/metrics/03211117/274acc511daf0161bbf0c65ae96423ae/efb668fb7e13f052d8f52a36.json,12.047614000039175
03211117/274acc511daf0161bbf0c65ae96423ae,oracle,5,"[0, 41, 36, 23, 35]",0.22577055315538894,0.29054605911007975,0.35532156506477053,0.0,0.0,0.0,1.9964529096801862,0.0,0.0,0.0,0.0,0.0,0.0,camera_pose_sim3,1.9672428067856969,0.7970970552617884,10000,10000,True,False,True,/content/cv3d-project/data/cache/reconstruction/predictions/03211117/274acc511daf0161bbf0c65ae96423ae/b7c1529fb11dda6ac2349827.npz,62b4e3609264a444a6940a9a609e01b42274cc30ba1fbeb3caea976cc1e44593,/content/cv3d-project/data/cache/reconstruction/metrics/03211117/274acc511daf0161bbf0c65ae96423ae/e297c397fcccf6cc3c97f7d3.json,13.184859999910259
03211117/274acc511daf0161bbf0c65ae96423ae,oracle,10,"[0, 41, 36, 23, 35, 27, 25, 29, 47, 19]",0.2153376731165957,0.2855320378352564,0.3557264025539171,0.0,0.0,0.0,1.9964529096801862,0.0,0.0,0.0,0.0,0.0,0.0,camera_pose_sim3,1.2576965686370083,1.082917616274006,10000,10000,True,False,True,/content/cv3d-project/data/cache/reconstruction/predictions/03211117/274acc511daf0161bbf0c65ae96423ae/9a320e85388ef68fe600a70d.npz,ac763c912fe188a2d71b9ff787b56010f59fbb76103dbe84381aa3a9aa24a691,/content/cv3d-project/data/cache/reconstruction/metrics/03211117/274acc511daf0161bbf0c65ae96423ae/453e8cb77153f041e83b23d8.json,12.973101000170573
03211117/2772ad703e5d4b73cf6f327fca156fb,oracle,1,[0],1.6784767850922497,1.7220464515173963,1.765616117942543,0.0,0.0,0.0,2.000006280184343,0.0,0.0,0.0,0.0,0.0,0.0,camera_rotation_center_and_target_diameter_scale_single_view,6.422420186435817,0.0,10000,10000,True,True,True,/content/cv3d-project/data/cache/reconstruction/predictions/03211117/2772ad703e5d4b73cf6f327fca156fb/17452a009bebb26ef11fdc8a.npz,27803051cfdc9add8b2384f270f03e618f997143434f28906f8105b497664403,/content/cv3d-project/data/cache/reconstruction/metrics/03211117/2772ad703e5d4b73cf6f327fca156fb/54954176b87aacf8184c727e.json,3.979768000135664
03211117/2772ad703e5d4b73cf6f327fca156fb,oracle,2,"[0, 44]",0.07127035381405897,0.12765674068254218,0.1840431275510254,0.3194689521888917,0.0,0.0003333333333333333,2.000006280184343,1.0,0.0,0.001,0.1901,0.0,0.0002,camera_pose_sim3,2.4543055673559677,0.06844211317673803,10000,10000,True,False,True,/content/cv3d-project/data/cache/reconstruction/predictions/03211117/2772ad703e5d4b73cf6f327fca156fb/b44ae6837916b36ae24b0bfb.npz,ce37a697db7e144e1b2e65b9b33fe548842187bc560b315fbb032765d7254d3a,/content/cv3d-project/data/cache/reconstruction/metrics/03211117/2772ad703e5d4b73cf6f327fca156fb/493dcb266bf9b8092aad39a5.json,12.143215999913082
03211117/2772ad703e5d4b73cf6f327fca156fb,oracle,3,"[0, 44, 2]",0.03178710567304802,0.07555938068809256,0.1193316557031371,0.5803520726859739,0.03758241758241758,0.06188811965811966,2.000006280184343,1.0,0.114,0.1973,0.4088,0.0225,0.0367,camera_pose_sim3,2.408128932659857,0.15190948569559606,10000,10000,True,False,True,/content/cv3d-project/data/cache/reconstruction/predictions/03211117/2772ad703e5d4b73cf6f327fca156fb/63112313ba0741f6b13d3046.npz,29f9955e2583af8f564e4bfe7d6736f48241e3267d45fce90ee02e8d369807a0,/content/cv3d-project/data/cache/reconstruction/metrics/03211117/2772ad703e5d4b73cf6f327fca156fb/ae2796f7a49a97c1fc5719c2.json,13.429476000055729
03211117/2772ad703e5d4b73cf6f327fca156fb,oracle,5,"[0, 44, 2, 26, 23]",0.053294681300482365,0.08128431433614353,0.1092739473718047,0.6669332800106645,0.00047999999999999996,0.007578947368421052,2.000006280184343,1.0,0.0004,0.008,0.5003,0.0006,0.0072,camera_pose_sim3,2.5564610375092727,0.15396447583134173,10000,10000,True,False,True,/content/cv3d-project/data/cache/reconstruction/predictions/03211117/2772ad703e5d4b73cf6f327fca156fb/cc2a3a76ee825dcb17c7e9eb.npz,dbed4eb5e41d4c15b48a4bd54b7f91b9fc4c699cd9481b7b8e2d47f8e8b6963a,/content/cv3d-project/data/cache/reconstruction/metrics/03211117/2772ad703e5d4b73cf6f327fca156fb/e22afdb3ad0227084f102e44.json,12.448059000234935
03211117/2772ad703e5d4b73cf6f327fca156fb,oracle,10,"[0, 44, 2, 26, 23, 43, 4, 40, 10, 30]",0.05796629614945164,0.10736900008236419,0.15677170401527674,0.3796786146121529,0.08337971805366075,0.1463350327408793,2.000006280184343,0.7178,0.164,0.3339,0.2581,0.0559,0.0937,camera_pose_sim3,2.4796272946440747,0.5416807172367546,10000,10000,True,False,True,/content/cv3d-project/data/cache/reconstruction/predictions/03211117/2772ad703e5d4b73cf6f327fca156fb/5732c98e11d8438ca095d69e.npz,a0a96f73478e6d042b22ec99005a0c26fc0a6653baf5aa6b8e8faeb6cd4162e3,/content/cv3d-project/data/cache/reconstruction/metrics/03211117/2772ad703e5d4b73cf6f327fca156fb/197435f777cca0cc6903298e.json,13.1446400000641
03211117/27e65dc223cc8bc0ec059109909662d2,oracle,1,[0],2.0080826516961845,2.0015868424336216,1.9950910331710585,0.0,0.0,0.0,1.998300720543876,0.0,0.0,0.0,0.0,0.0,0.0,camera_rotation_center_and_target_diameter_scale_single_view,6.9669752771198254,0.0,10000,10000,True,True,True,/content/cv3d-project/data/cache/reconstruction/predictions/03211117/27e65dc223cc8bc0ec059109909662d2/3f0a2d31415947d5991a31d8.npz,22e18a54b71a29f178dfaaa2f985af73fa06779c9025378f80f45e59401e882e,/content/cv3d-project/data/cache/reconstruction/metrics/03211117/27e65dc223cc8bc0ec059109909662d2/59ee8fbb3e5bb8e56b57ad80.json,3.8376739998966514
03211117/27e65dc223cc8bc0ec059109909662d2,oracle,2,"[0, 42]",1.0557665537928054,1.1271604424187014,1.1985543310445974,0.0,0.0,0.0,1.998300720543876,0.0,0.0,0.0,0.0,0.0,0.0,camera_pose_sim3,3.3071806432189788,0.5527126246612563,10000,10000,True,False,True,/content/cv3d-project/data/cache/reconstruction/predictions/03211117/27e65dc223cc8bc0ec059109909662d2/7b0438cde9757e7d6c1f7276.npz,26cf54f5711fd3b9092e08088be2df5ced6ae3b94cd1a0d6598f301b1bcc8352,/content/cv3d-project/data/cache/reconstruction/metrics/03211117/27e65dc223cc8bc0ec059109909662d2/db8f2c7f6f1a46115bd5e6d1.json,12.818081000204984
03211117/27e65dc223cc8bc0ec059109909662d2,oracle,3,"[0, 42, 15]",0.015860154404420616,0.056850717917496324,0.09784128143057204,0.6877501476281084,0.09931349206349206,0.21002334647887325,1.998300720543876,1.0,0.3452,0.7658,0.5241,0.058,0.1217,camera_pose_sim3,2.7041848354477303,0.1271101940635629,10000,10000,True,False,True,/content/cv3d-project/data/cache/reconstruction/predictions/03211117/27e65dc223cc8bc0ec059109909662d2/076fd41ee533c9fe9722fab1.npz,238a975c195f3b576258b20a8593450623f16d64aad71bdb8ea334a5a5551e1f,/content/cv3d-project/data/cache/reconstruction/metrics/03211117/27e65dc223cc8bc0ec059109909662d2/ba75a0ab64b4ff55489498bd.json,13.424579999991693
03211117/27e65dc223cc8bc0ec059109909662d2,oracle,5,"[0, 42, 15, 27, 39]",0.021104230784837093,0.052416395533846014,0.08372856028285494,0.7809338047055954,0.09029925496688743,0.18877459729679688,1.998300720543876,1.0,0.1815,0.4182,0.6406,0.0601,0.1219,camera_pose_sim3,2.7557427920762914,0.09268554366458842,10000,10000,True,False,True,/content/cv3d-project/data/cache/reconstruction/predictions/03211117/27e65dc223cc8bc0ec059109909662d2/4501e192b7a39124b5a93930.npz,682dbc64010b5bfdbc6bc555ed45654210a4c8b5cc5d3d0aaa2b0bc6c069bda3,/content/cv3d-project/data/cache/reconstruction/metrics/03211117/27e65dc223cc8bc0ec059109909662d2/ff6de8c6a7dc808228fe0da5.json,12.407795999934024
03211117/27e65dc223cc8bc0ec059109909662d2,oracle,10,"[0, 42, 15, 27, 39, 8, 35, 20, 24, 17]",0.02075297647149002,0.042387214106387454,0.06402145174128489,0.8867861516197262,0.09025968109339408,0.2790915443745632,1.998300720543876,1.0,0.156,0.5255,0.7966,0.0635,0.19,camera_pose_sim3,2.7801130869788553,0.09506631351203215,10000,10000,True,False,True,/content/cv3d-project/data/cache/reconstruction/predictions/03211117/27e65dc223cc8bc0ec059109909662d2/ccbf2babcb4fbc3770b90ab8.npz,fa7bfafacea7820665f7e2a568acf2ae433c199d24679a949dcbdba567ba5031,/content/cv3d-project/data/cache/reconstruction/metrics/03211117/27e65dc223cc8bc0ec059109909662d2/ac99cf9084699637ab954b52.json,14.253381999878911
03211117/2809c09ef575f34214618fe9321a9ffc,oracle,1,[0],1.9318644842482813,2.030296509810936,2.1287285353735905,0.0,0.0,0.0,1.9977784460129526,0.0,0.0,0.0,0.0,0.0,0.0,camera_rotation_center_and_target_diameter_scale_single_view,7.017841483062223,0.0,10000,10000,True,True,True,/content/cv3d-project/data/cache/reconstruction/predictions/03211117/2809c09ef575f34214618fe9321a9ffc/b19a77f5a90689adbbf42a64.npz,a294f6b4e1004b972b50f3bd0388b78b70011d68e0f836bda4caa4c405d103ec,/content/cv3d-project/data/cache/reconstruction/metrics/03211117/2809c09ef575f34214618fe9321a9ffc/1d0cd57f92a3b0cc9482de36.json,4.441352999947412
03211117/2809c09ef575f34214618fe9321a9ffc,oracle,2,"[0, 42]",0.08565125166964521,0.19366852013838237,0.30168578860711953,0.09486247524752475,0.0,0.0,1.9977784460129526,0.7574,0.0,0.0,0.0506,0.0,0.0,camera_pose_sim3,0.5150102357510965,1.2631902074507437,10000,10000,True,False,True,/content/cv3d-project/data/cache/reconstruction/predictions/03211117/2809c09ef575f34214618fe9321a9ffc/f9eef6b1ef0060f75d4f189c.npz,8858c0422e569b8ab34326f0ca96791c05ecb55bd5d9ba71d14b8d9db19b206a,/content/cv3d-project/data/cache/reconstruction/metrics/03211117/2809c09ef575f34214618fe9321a9ffc/b87f697b529a39abe8c15895.json,12.096177999865176
03211117/2809c09ef575f34214618fe9321a9ffc,oracle,3,"[0, 42, 39]",0.4153781462573961,0.5010120709819427,0.5866459957064892,0.0,0.0,0.0,1.9977784460129526,0.0,0.0,0.0,0.0,0.0,0.0,camera_pose_sim3,0.996141334149183,1.2291463821441941,10000,10000,True,False,True,/content/cv3d-project/data/cache/reconstruction/predictions/03211117/2809c09ef575f34214618fe9321a9ffc/7616b2937b0df9bcd3bb1b92.npz,d15670018e4baadc010b274284db72c4e90ff2026142ad5ce0d26c76f4ec3524,/content/cv3d-project/data/cache/reconstruction/metrics/03211117/2809c09ef575f34214618fe9321a9ffc/89750c05b90987ffc3dd9a73.json,12.05780300006154
03211117/2809c09ef575f34214618fe9321a9ffc,oracle,5,"[0, 42, 39, 13, 2]",0.02037478308517782,0.055772570203356596,0.09117035732153538,0.6025754239122592,0.17446939331970007,0.2824737339777264,1.9977784460129526,0.9432,0.4802,0.7793,0.4427,0.1066,0.1725,camera_pose_sim3,2.477215256856132,0.11233462445323197,10000,10000,True,False,True,/content/cv3d-project/data/cache/reconstruction/predictions/03211117/2809c09ef575f34214618fe9321a9ffc/ac985a950071b22c0b389994.npz,55b907688d27e329b9a14d4e97045a34ab18d03bb2a9a563ce8244b3f0737f8f,/content/cv3d-project/data/cache/reconstruction/metrics/03211117/2809c09ef575f34214618fe9321a9ffc/fe9576361d1b6f703fd9528e.json,12.297296000269853
03211117/2809c09ef575f34214618fe9321a9ffc,oracle,10,"[0, 42, 39, 13, 2, 47, 7, 11, 8, 29]",0.06207687624514879,0.09174996153636257,0.12142304682757635,0.6658670228594615,0.006155395683453237,0.017736315789473687,1.9977784460129526,0.9723,0.0093,0.0239,0.5063,0.0046,0.0141,camera_pose_sim3,2.4083268305840053,0.35688762376704397,10000,10000,True,False,True,/content/cv3d-project/data/cache/reconstruction/predictions/03211117/2809c09ef575f34214618fe9321a9ffc/6c1536596c74028e4e8db387.npz,0dc182355312f4283d2b1d9ee595db4b336cb7f5493d5b85200190dc477a80e3,/content/cv3d-project/data/cache/reconstruction/metrics/03211117/2809c09ef575f34214618fe9321a9ffc/9c3caaf6342bc84c184fb358.json,11.97456299996702
03211117/286a7629b62426b5427c20e7fc0367ac,oracle,1,[0],2.6655341623369866,2.6878189952280103,2.7101038281190344,0.0,0.0,0.0,1.995916015119229,0.0,0.0,0.0,0.0,0.0,0.0,camera_rotation_center_and_target_diameter_scale_single_view,8.244248029353788,0.0,10000,10000,True,True,True,/content/cv3d-project/data/cache/reconstruction/predictions/03211117/286a7629b62426b5427c20e7fc0367ac/1d8b0ee5277299cf4ae4efcf.npz,21cc3bb81a2f7b24389d20bfeb8fc5273266557f8fdd886014af34b874f40680,/content/cv3d-project/data/cache/reconstruction/metrics/03211117/286a7629b62426b5427c20e7fc0367ac/b3eb7e10ff3c344177b85eef.json,3.7086669999553123
03211117/286a7629b62426b5427c20e7fc0367ac,oracle,2,"[0, 45]",0.9025821993859744,1.0463656118714846,1.1901490243569948,0.0,0.0,0.0,1.995916015119229,0.0,0.0,0.0,0.0,0.0,0.0,camera_pose_sim3,2.7922167566142626,0.6234897889056271,10000,10000,True,False,True,/content/cv3d-project/data/cache/reconstruction/predictions/03211117/286a7629b62426b5427c20e7fc0367ac/09cfdb2b8fdc1f9c4089dce3.npz,89213b5b55ddfc80973dd92e100b1b67b58227b00a85d134928a01fd91e27c79,/content/cv3d-project/data/cache/reconstruction/metrics/03211117/286a7629b62426b5427c20e7fc0367ac/cc896450a83c448f6e54a5b0.json,12.068915999861929
03211117/286a7629b62426b5427c20e7fc0367ac,oracle,3,"[0, 45, 2]",0.11869716286415578,0.28031749322963245,0.44193782359510914,0.07705970428598165,0.0,0.0,1.995916015119229,0.4925,0.0,0.0,0.0418,0.0,0.0,camera_pose_sim3,1.6890671737128746,1.1883758816290093,10000,10000,True,False,True,/content/cv3d-project/data/cache/reconstruction/predictions/03211117/286a7629b62426b5427c20e7fc0367ac/452f56818a7458bc7c37880c.npz,4fed2072293a4c564dd45e31e1dd9df38fa1b380c9b214667c39526a84884450,/content/cv3d-project/data/cache/reconstruction/metrics/03211117/286a7629b62426b5427c20e7fc0367ac/a9bd992845b7887566073d7c.json,11.634483000307227
03211117/286a7629b62426b5427c20e7fc0367ac,oracle,5,"[0, 45, 2, 21, 41]",0.23767214403636913,0.26198081297351383,0.2862894819106585,0.0,0.0,0.0,1.995916015119229,0.0,0.0,0.0,0.0,0.0,0.0,camera_pose_sim3,2.174352582540094,0.9467607304088225,10000,10000,True,False,True,/content/cv3d-project/data/cache/reconstruction/predictions/03211117/286a7629b62426b5427c20e7fc0367ac/6adab9965dcf83ba2e721626.npz,64e4db3e13da1277f638a22f5d972cb131ec92176ec1d93a71af4508dbe7e9ba,/content/cv3d-project/data/cache/reconstruction/metrics/03211117/286a7629b62426b5427c20e7fc0367ac/1fc970c3f1d2d1715fbab162.json,11.92108500026734
03211117/286a7629b62426b5427c20e7fc0367ac,oracle,10,"[0, 45, 2, 21, 41, 19, 20, 8, 22, 10]",0.14497685459601858,0.1890147296094179,0.2330526046228172,0.0,0.0,0.0,1.995916015119229,0.0,0.0,0.0,0.0,0.0,0.0,camera_pose_sim3,2.1692971822040215,0.8524415065550369,10000,10000,True,False,True,/content/cv3d-project/data/cache/reconstruction/predictions/03211117/286a7629b62426b5427c20e7fc0367ac/c3a184fcf115f2149f090f8a.npz,907038985e1509bbf00e9ddd7e41db8568f1d0c09275f1083e299baeeac10461,/content/cv3d-project/data/cache/reconstruction/metrics/03211117/286a7629b62426b5427c20e7fc0367ac/62893557e2fc85ba748f6636.json,12.535587999991549
03211117/288a8917e51c57deb0957d845ac33749,oracle,1,[0],2.2778886199005064,2.3434943246815667,2.4091000294626266,0.0,0.0,0.0,1.9975886204128364,0.0,0.0,0.0,0.0,0.0,0.0,camera_rotation_center_and_target_diameter_scale_single_view,7.523652056946488,0.0,10000,10000,True,True,True,/content/cv3d-project/data/cache/reconstruction/predictions/03211117/288a8917e51c57deb0957d845ac33749/12700843daef7b25f1a84ae3.npz,7b14aea89cd486ef7bf0e064cb56f1bc00c3ad1e2f2366df9068bb1e39d76654,/content/cv3d-project/data/cache/reconstruction/metrics/03211117/288a8917e51c57deb0957d845ac33749/c910a5a5f33291ef56f9c001.json,3.7868210001761327
03211117/288a8917e51c57deb0957d845ac33749,oracle,2,"[0, 42]",0.5230281875100402,0.6323945016063274,0.7417608157026145,0.0,0.0,0.0,1.9975886204128364,0.0,0.0,0.0,0.0,0.0,0.0,camera_pose_sim3,3.332254874112885,0.3604280232540888,10000,10000,True,False,True,/content/cv3d-project/data/cache/reconstruction/predictions/03211117/288a8917e51c57deb0957d845ac33749/419a18fa935e3961ad47e581.npz,f1f7eec2c15d998a28de748d8033ce69bf8e3abeeee3bf2e1b7bf614b37ddca6,/content/cv3d-project/data/cache/reconstruction/metrics/03211117/288a8917e51c57deb0957d845ac33749/8fa1e7c156183e6847193967.json,11.506430999816075
03211117/288a8917e51c57deb0957d845ac33749,oracle,3,"[0, 42, 8]",0.023334621443049524,0.054335267668137815,0.0853359138932261,0.8060414303623664,0.06772019837691615,0.14722638074044103,1.9975886204128364,1.0,0.1801,0.4043,0.6751,0.0417,0.09,camera_pose_sim3,2.7290373152408294,0.08728546151552735,10000,10000,True,False,True,/content/cv3d-project/data/cache/reconstruction/predictions/03211117/288a8917e51c57deb0957d845ac33749/e92a1ede46b5e02881e7d179.npz,d9cc958a3937a74a5110ea93416b929efb3725bb970ad2f58834ac7cf2308b9a,/content/cv3d-project/data/cache/reconstruction/metrics/03211117/288a8917e51c57deb0957d845ac33749/03fd1d8ea17a414832b8d3b2.json,12.234280000029685
03211117/288a8917e51c57deb0957d845ac33749,oracle,5,"[0, 42, 8, 46, 27]",0.03356014466700794,0.1122965450003165,0.19103294533362505,0.48495543469934893,0.06346102903718798,0.11185461807289067,1.9975886204128364,0.9837,0.1565,0.3334,0.3218,0.0398,0.0672,camera_pose_sim3,2.409288882961048,0.42907678626726536,10000,10000,True,False,True,/content/cv3d-project/data/cache/reconstruction/predictions/03211117/288a8917e51c57deb0957d845ac33749/d9893a3091c1f6148a0dff4d.npz,27c0c29ac9abbfb67d4d29da856a2534a0e89739fa8ec8c5cd4b254e8e7a4f03,/content/cv3d-project/data/cache/reconstruction/metrics/03211117/288a8917e51c57deb0957d845ac33749/fd8f66e1e2989805dbafc724.json,12.73144000015236
03211117/288a8917e51c57deb0957d845ac33749,oracle,10,"[0, 42, 8, 46, 27, 15, 14, 19, 21, 17]",0.0226108972519557,0.04679495629830929,0.07097901534466289,0.8181066067840681,0.08558693563880883,0.23999231754161332,1.9975886204128364,1.0,0.148,0.4628,0.6922,0.0602,0.162,camera_pose_sim3,2.6730311774537694,0.09421702364493653,10000,10000,True,False,True,/content/cv3d-project/data/cache/reconstruction/predictions/03211117/288a8917e51c57deb0957d845ac33749/b029ca9fd21cc457d8d91e19.npz,950888207478974470b294d3c6613bb21b3acfbbdd9eaf9e1eacec838f9a56f4,/content/cv3d-project/data/cache/reconstruction/metrics/03211117/288a8917e51c57deb0957d845ac33749/1927fb3697c79e6b979d8342.json,12.424105999798485
03211117/28b6e44e37586fd797e8123bbbc761d8,oracle,1,[0],1.7950055822964468,1.798837642596367,1.802669702896287,0.0,0.0,0.0,1.9995239363340749,0.0,0.0,0.0,0.0,0.0,0.0,camera_rotation_center_and_target_diameter_scale_single_view,6.406491669593111,0.0,10000,10000,True,True,True,/content/cv3d-project/data/cache/reconstruction/predictions/03211117/28b6e44e37586fd797e8123bbbc761d8/356bee9e5eedc0939397e0d5.npz,c86da4d870c855c45bf35090131cc4adb853e7a84948da86826462457b6321a5,/content/cv3d-project/data/cache/reconstruction/metrics/03211117/28b6e44e37586fd797e8123bbbc761d8/adac4d83b0e66900f622a98c.json,3.85507900000448
03211117/28b6e44e37586fd797e8123bbbc761d8,oracle,2,"[0, 46]",0.5993467270155389,0.7126468696267926,0.8259470122380462,0.0,0.0,0.0,1.9995239363340749,0.0,0.0,0.0,0.0,0.0,0.0,camera_pose_sim3,3.215286461535429,0.2607337788058273,10000,10000,True,True,True,/content/cv3d-project/data/cache/reconstruction/predictions/03211117/28b6e44e37586fd797e8123bbbc761d8/ede4d966163e387bcd71c204.npz,b7f31aff06b0d9e8e848b9880a9fd23f66f8c8c955ce114db3f8e120a029840d,/content/cv3d-project/data/cache/reconstruction/metrics/03211117/28b6e44e37586fd797e8123bbbc761d8/a4938886481c49b26d13c468.json,2.466448000177479
03211117/28b6e44e37586fd797e8123bbbc761d8,oracle,3,"[0, 46, 36]",0.3722406653981974,0.42774845471161255,0.4832562440250277,0.0,0.0,0.0,1.9995239363340749,0.0,0.0,0.0,0.0,0.0,0.0,camera_pose_sim3,1.660437567728538,0.8791087463992829,10000,10000,True,False,True,/content/cv3d-project/data/cache/reconstruction/predictions/03211117/28b6e44e37586fd797e8123bbbc761d8/d5c55bc141f37dfdf52afbf8.npz,9b09df10fab2529feacdcbf725643eeb5e77cf614fc765657241963ffa040059,/content/cv3d-project/data/cache/reconstruction/metrics/03211117/28b6e44e37586fd797e8123bbbc761d8/fd063920ca7dae6fb83d47e1.json,12.704180000127963
03211117/28b6e44e37586fd797e8123bbbc761d8,oracle,5,"[0, 46, 36, 33, 2]",0.39152685206992,0.5449703839709004,0.6984139158718808,0.0,0.0,0.0,1.9995239363340749,0.0,0.0,0.0,0.0,0.0,0.0,camera_pose_sim3,1.7223512978978592,0.9256997867911048,10000,10000,True,False,True,/content/cv3d-project/data/cache/reconstruction/predictions/03211117/28b6e44e37586fd797e8123bbbc761d8/6e5ee56f688bdd8e0892cee8.npz,e09450b329540eccdff693269e6491f5382d3235e5b7893315066d42bba07134,/content/cv3d-project/data/cache/reconstruction/metrics/03211117/28b6e44e37586fd797e8123bbbc761d8/bfd25a55d8e9591c2448c5bd.json,13.08762899998328
03211117/28b6e44e37586fd797e8123bbbc761d8,oracle,10,"[0, 46, 36, 33, 2, 38, 26, 20, 32, 34]",0.08447875033968692,0.12984805477839453,0.17521735921710213,0.4115063248168662,0.0,0.0,1.9995239363340749,0.8477,0.0,0.0,0.2717,0.0,0.0,camera_pose_sim3,2.2716749871619877,0.5251504404143758,10000,10000,True,False,True,/content/cv3d-project/data/cache/reconstruction/predictions/03211117/28b6e44e37586fd797e8123bbbc761d8/72fdbbad6560ae6bf73387ff.npz,43a542fd73e2830754ce5657ff08313a50175cef29dc04dd6dd8ff96aabcf30b,/content/cv3d-project/data/cache/reconstruction/metrics/03211117/28b6e44e37586fd797e8123bbbc761d8/92516950ca81e98f654d570f.json,12.121813999783626
03691459/21e46ca2f8bbd4df71187cb9cc8e1a,oracle,1,[0],2.022411722700944,2.0819000665896166,2.141388410478289,0.0,0.0,0.0,1.99707269842917,0.0,0.0,0.0,0.0,0.0,0.0,camera_rotation_center_and_target_diameter_scale_single_view,7.0622944320322105,0.0,10000,10000,True,True,True,/content/cv3d-project/data/cache/reconstruction/predictions/03691459/21e46ca2f8bbd4df71187cb9cc8e1a/cb0ae1d84b0aec36f8528e35.npz,c4fe943991f93b5cafbfe1b23b9d45966a30e9ca82e47e9936a97d9eda19303f,/content/cv3d-project/data/cache/reconstruction/metrics/03691459/21e46ca2f8bbd4df71187cb9cc8e1a/fe4a489fbff96679fb94bbfd.json,3.681826999581972
03691459/21e46ca2f8bbd4df71187cb9cc8e1a,oracle,2,"[0, 39]",0.5096341113916741,0.6124402328372541,0.7152463542828341,0.0,0.0,0.0,1.99707269842917,0.0,0.0,0.0,0.0,0.0,0.0,camera_pose_sim3,3.195084067738417,0.1649661190244877,10000,10000,True,False,True,/content/cv3d-project/data/cache/reconstruction/predictions/03691459/21e46ca2f8bbd4df71187cb9cc8e1a/79cfd1bbbdf7c6b73600d32e.npz,18efa30f16bc46940ea795a58e14904c2c1eade9aa5567ea33e6e0e35f3ed680,/content/cv3d-project/data/cache/reconstruction/metrics/03691459/21e46ca2f8bbd4df71187cb9cc8e1a/07813c23f417cc849d355470.json,12.385621999783325
03691459/21e46ca2f8bbd4df71187cb9cc8e1a,oracle,3,"[0, 39, 35]",0.06731058673760554,0.12857745042396945,0.18984431411033337,0.3876033195921024,0.0463125,0.08978665338645418,1.99707269842917,0.6447,0.1235,0.2463,0.2771,0.0285,0.0549,camera_pose_sim3,2.616013808013689,0.15543734930446185,10000,10000,True,False,True,/content/cv3d-project/data/cache/reconstruction/predictions/03691459/21e46ca2f8bbd4df71187cb9cc8e1a/18d443286e594f30fa30cbda.npz,643b7817f37b8b31c5b86f4e32f8ec6c1f233cb3fd1719eed9904e61169ca8f6,/content/cv3d-project/data/cache/reconstruction/metrics/03691459/21e46ca2f8bbd4df71187cb9cc8e1a/3d6f233d2a27e7ca12c6f1bf.json,12.874817000010808
03691459/21e46ca2f8bbd4df71187cb9cc8e1a,oracle,5,"[0, 39, 35, 29, 8]",0.07354041083174294,0.10099911736541756,0.1284578238990922,0.5641833422235769,0.00028571428571428574,0.007241379310344828,1.99707269842917,0.9018,0.0002,0.0075,0.4105,0.0005,0.007,camera_pose_sim3,2.6946172998740154,0.10003978177414681,10000,10000,True,False,True,/content/cv3d-project/data/cache/reconstruction/predictions/03691459/21e46ca2f8bbd4df71187cb9cc8e1a/049968f2f949604f93eb48d7.npz,67abbe6bf86aef4bbdfa1f887d635c4d8e54131e77e338bbe13a991650565808,/content/cv3d-project/data/cache/reconstruction/metrics/03691459/21e46ca2f8bbd4df71187cb9cc8e1a/20f00b41166f89aba6cabd55.json,11.844408999877487
03691459/21e46ca2f8bbd4df71187cb9cc8e1a,oracle,10,"[0, 39, 35, 29, 8, 34, 37, 10, 5, 28]",0.07724049487486731,0.10975684598116708,0.14227319708746686,0.3603525056007546,0.02753723076923077,0.056658885245901645,1.99707269842917,0.5884,0.0452,0.1149,0.2597,0.0198,0.0376,camera_pose_sim3,2.5043960768379185,0.49422623720400244,10000,10000,True,False,True,/content/cv3d-project/data/cache/reconstruction/predictions/03691459/21e46ca2f8bbd4df71187cb9cc8e1a/68e8d8d0b73f425a8dcaeaab.npz,56c224e28bbd3e5d7fa4e0c309b12dfd48a5e99a6099248160c465226a411494,/content/cv3d-project/data/cache/reconstruction/metrics/03691459/21e46ca2f8bbd4df71187cb9cc8e1a/c545b26c7948a6a4b4ae63d8.json,12.37838199995167
03691459/221a981adf503875e17b9e33c097dbff,oracle,1,[0],1.7955816807476679,1.881453111015531,1.967324541283394,0.0,0.0,0.0,1.9837750157360627,0.0,0.0,0.0,0.0,0.0,0.0,camera_rotation_center_and_target_diameter_scale_single_view,6.924156758615947,0.0,10000,10000,True,True,True,/content/cv3d-project/data/cache/reconstruction/predictions/03691459/221a981adf503875e17b9e33c097dbff/9fbe843c64cf7a381d2366c2.npz,b524bc84c12dea0a91a5228a2d50721515ce981cec878093ca3f69aace74de14,/content/cv3d-project/data/cache/reconstruction/metrics/03691459/221a981adf503875e17b9e33c097dbff/b63e529d470d4351fa3a77e7.json,3.7258719999044843
03691459/221a981adf503875e17b9e33c097dbff,oracle,2,"[0, 41]",0.2591934822441,0.35289609038565395,0.44659869852720785,0.0,0.0,0.0,1.9837750157360627,0.0,0.0,0.0,0.0,0.0,0.0,camera_pose_sim3,2.1943761849972123,0.9856713520034069,10000,10000,True,False,True,/content/cv3d-project/data/cache/reconstruction/predictions/03691459/221a981adf503875e17b9e33c097dbff/75d06fdd67fdb4330eed4cf8.npz,7f609c1e83ca2b9cc517aca1bd4086005295841adefee4cbc1d3fea93d891c92,/content/cv3d-project/data/cache/reconstruction/metrics/03691459/221a981adf503875e17b9e33c097dbff/9965e4734faff34b2bae02bb.json,11.26649699972404
03691459/221a981adf503875e17b9e33c097dbff,oracle,3,"[0, 41, 29]",0.3153412059051849,0.47053613279977896,0.625731059694373,0.0,0.0,0.0,1.9837750157360627,0.0,0.0,0.0,0.0,0.0,0.0,camera_pose_sim3,2.029248138301233,0.938519993959064,10000,10000,True,False,True,/content/cv3d-project/data/cache/reconstruction/predictions/03691459/221a981adf503875e17b9e33c097dbff/ce90e2524e35e97e269b804f.npz,bb44acaf876c10dd7afe579469670e62f18190bf99f05568788eb92b03a55af6,/content/cv3d-project/data/cache/reconstruction/metrics/03691459/221a981adf503875e17b9e33c097dbff/1cea5646fe7e8fb67445fd1e.json,12.721829999918555
03691459/221a981adf503875e17b9e33c097dbff,oracle,5,"[0, 41, 29, 31, 19]",0.24050378955393326,0.3586733413870728,0.47684289322021234,0.0,0.0,0.0,1.9837750157360627,0.0,0.0,0.0,0.0,0.0,0.0,camera_pose_sim3,2.138376618287818,0.8295031660005812,10000,10000,True,False,True,/content/cv3d-project/data/cache/reconstruction/predictions/03691459/221a981adf503875e17b9e33c097dbff/b4ed7d50f8361e2f1bee34c1.npz,a6425dce570e28d7aa63d91c8a8316d77668b49e059847fe1fc8211102bbe213,/content/cv3d-project/data/cache/reconstruction/metrics/03691459/221a981adf503875e17b9e33c097dbff/593a86363c9af007dd8a44ae.json,11.584444000163785
03691459/221a981adf503875e17b9e33c097dbff,oracle,10,"[0, 41, 29, 31, 19, 25, 30, 1, 10, 21]",0.06924959080383113,0.11062853262190311,0.15200747443997512,0.377446735046207,0.01854545454545455,0.041824320457796854,1.9837750157360627,0.7302,0.0408,0.1142,0.2545,0.012,0.0256,camera_pose_sim3,2.341858865674786,0.4186999302643782,10000,10000,True,False,True,/content/cv3d-project/data/cache/reconstruction/predictions/03691459/221a981adf503875e17b9e33c097dbff/1a4c24303d601c1d48d356db.npz,48be23891b7523f93593d6d98c2c9ffca581fc14acbe99ae15ef879a2ae2096b,/content/cv3d-project/data/cache/reconstruction/metrics/03691459/221a981adf503875e17b9e33c097dbff/3e3ee1e4c4040bf1a39b5b41.json,13.993380000101752
03691459/22654d0b3683df91650c44f51c50faee,oracle,1,[0],1.880309077913848,1.9724798148957432,2.0646505518776386,0.0,0.0,0.0,1.9993722540683203,0.0,0.0,0.0,0.0,0.0,0.0,camera_rotation_center_and_target_diameter_scale_single_view,6.864294617879159,0.0,10000,10000,True,True,True,/content/cv3d-project/data/cache/reconstruction/predictions/03691459/22654d0b3683df91650c44f51c50faee/77cf3a44d93c4c63f4d78a5f.npz,5a9a904f0bea54835cfdc8d11e031b013127b52dd4e34081e9eb838a8e86ae06,/content/cv3d-project/data/cache/reconstruction/metrics/03691459/22654d0b3683df91650c44f51c50faee/519dc92fef51c757edaa0827.json,3.9152240001385508
03691459/22654d0b3683df91650c44f51c50faee,oracle,2,"[0, 37]",0.7828310323547797,0.9552379668654878,1.127644901376196,0.0,0.0,0.0,1.9993722540683203,0.0,0.0,0.0,0.0,0.0,0.0,camera_pose_sim3,2.7276451289153902,0.3520713901700611,10000,10000,True,True,True,/content/cv3d-project/data/cache/reconstruction/predictions/03691459/22654d0b3683df91650c44f51c50faee/6574c6d84a95defa45aa92d2.npz,59858e0a5ad045c278fd6c6860fa3137954c56c1a52f77d6e52e4177eebaa954,/content/cv3d-project/data/cache/reconstruction/metrics/03691459/22654d0b3683df91650c44f51c50faee/1d2350670f974a508291c3a5.json,2.402353999968909
03691459/22654d0b3683df91650c44f51c50faee,oracle,3,"[0, 37, 33]",0.244215564029849,0.42547811009694975,0.6067406561640505,0.0,0.0,0.0,1.9993722540683203,0.0,0.0,0.0,0.0,0.0,0.0,camera_pose_sim3,1.9543891258235675,0.6477339083816688,10000,10000,True,False,True,/content/cv3d-project/data/cache/reconstruction/predictions/03691459/22654d0b3683df91650c44f51c50faee/00270af35aa108f7b5fd0549.npz,548717a536694ec2454aa2a37e2145c4b9572d78b8e39e1638dfae63fc922ed6,/content/cv3d-project/data/cache/reconstruction/metrics/03691459/22654d0b3683df91650c44f51c50faee/b676aad84d8a0b3744509958.json,12.00837699980184
03691459/22654d0b3683df91650c44f51c50faee,oracle,5,"[0, 37, 33, 22, 30]",0.2502705099057055,0.44414911277728564,0.6380277156488657,0.0,0.0,0.0,1.9993722540683203,0.0,0.0,0.0,0.0,0.0,0.0,camera_pose_sim3,1.729834343565857,0.6053619623186022,10000,10000,True,False,True,/content/cv3d-project/data/cache/reconstruction/predictions/03691459/22654d0b3683df91650c44f51c50faee/a87b12caaa4d447d61a6843b.npz,727ed9d9a76fca2e187430c5d884f1dd9255cb6d1dbfd1688070dfc3adc9ada2,/content/cv3d-project/data/cache/reconstruction/metrics/03691459/22654d0b3683df91650c44f51c50faee/b025560f7e450f32d3b8210a.json,11.850403999687842
03691459/22654d0b3683df91650c44f51c50faee,oracle,10,"[0, 37, 33, 22, 30, 21, 31, 42, 14, 29]",0.04266307339660587,0.13528343199146675,0.22790379058632762,0.3564553314121037,0.03984721804511278,0.08623265190232822,1.9993722540683203,0.9975,0.1086,0.3019,0.217,0.0244,0.0503,camera_pose_sim3,1.9769166434714172,0.4596766787355886,10000,10000,True,False,True,/content/cv3d-project/data/cache/reconstruction/predictions/03691459/22654d0b3683df91650c44f51c50faee/31f802a782e1a6e9f3ec2851.npz,7e346f3292b7da4ad5555137503e37bc04d90f36d1fdd4c0f8e634749fad4bb8,/content/cv3d-project/data/cache/reconstruction/metrics/03691459/22654d0b3683df91650c44f51c50faee/d2771a427b32adddf1217f1b.json,12.416550000125426
03691459/22e37482f8499fa53a081cb8ab2c8e61,oracle,1,[0],1.5151051933124142,1.6079608151995513,1.700816437086688,0.0,0.0,0.0,1.9962720303434127,0.0,0.0,0.0,0.0,0.0,0.0,camera_rotation_center_and_target_diameter_scale_single_view,6.188012241368076,0.0,10000,10000,True,True,True,/content/cv3d-project/data/cache/reconstruction/predictions/03691459/22e37482f8499fa53a081cb8ab2c8e61/a3848cc1405200dac0194ebd.npz,802157fcbfb2a50377f860622d9196fb9daa405b5a1a13972c72897ef2b82f49,/content/cv3d-project/data/cache/reconstruction/metrics/03691459/22e37482f8499fa53a081cb8ab2c8e61/4b39f59e92dfd9f11c45f5b6.json,3.8009770000826393
03691459/22e37482f8499fa53a081cb8ab2c8e61,oracle,2,"[0, 44]",0.6770860049663664,0.7570451603336217,0.8370043157008769,0.0,0.0,0.0,1.9962720303434127,0.0,0.0,0.0,0.0,0.0,0.0,camera_pose_sim3,2.60920764881464,0.07744362842776907,10000,10000,True,False,True,/content/cv3d-project/data/cache/reconstruction/predictions/03691459/22e37482f8499fa53a081cb8ab2c8e61/02ada1de28bec7b7b692e9ba.npz,ec31cbbe73f5497ccb996e5a7eda46958e4686a5a83b0a952fef8ac22719d399,/content/cv3d-project/data/cache/reconstruction/metrics/03691459/22e37482f8499fa53a081cb8ab2c8e61/96f14508d9a1cf627984cced.json,12.3149870000816
03691459/22e37482f8499fa53a081cb8ab2c8e61,oracle,3,"[0, 44, 33]",0.4105042806446106,0.49015044976582267,0.5697966188870347,0.0,0.0,0.0,1.9962720303434127,0.0,0.0,0.0,0.0,0.0,0.0,camera_pose_sim3,2.6314717975989557,0.6004720998200973,10000,10000,True,False,True,/content/cv3d-project/data/cache/reconstruction/predictions/03691459/22e37482f8499fa53a081cb8ab2c8e61/bbf55c23dd6055652e2f8f1c.npz,597a33555400fc8b4b8327fc8ad33d2b3a90965d23336ede01e5e17a188cc362,/content/cv3d-project/data/cache/reconstruction/metrics/03691459/22e37482f8499fa53a081cb8ab2c8e61/3749bab5c1c367240f984d47.json,11.962213000060729
03691459/22e37482f8499fa53a081cb8ab2c8e61,oracle,5,"[0, 44, 33, 32, 27]",0.29126444819513525,0.3678488310439419,0.44443321389274854,0.0,0.0,0.0,1.9962720303434127,0.0,0.0,0.0,0.0,0.0,0.0,camera_pose_sim3,2.4335383527699945,0.5808094834595149,10000,10000,True,False,True,/content/cv3d-project/data/cache/reconstruction/predictions/03691459/22e37482f8499fa53a081cb8ab2c8e61/1ecd4d02086760fde54ebd36.npz,7a9cc6c3b5fa618d8deb1a6ff285ec7fe13e54ce58cad50668e31a26aeb5c9f4,/content/cv3d-project/data/cache/reconstruction/metrics/03691459/22e37482f8499fa53a081cb8ab2c8e61/d7764918b681a936a5411b50.json,13.383268000325188
03691459/22e37482f8499fa53a081cb8ab2c8e61,oracle,10,"[0, 44, 33, 32, 27, 47, 28, 20, 34, 15]",0.04976928435294003,0.17893856253729062,0.3081078407216412,0.2358371254162042,0.026355355129650503,0.055824500565397665,1.9962720303434127,0.9465,0.0726,0.2336,0.1347,0.0161,0.0317,camera_pose_sim3,1.989316807014457,0.8532060947876942,10000,10000,True,False,True,/content/cv3d-project/data/cache/reconstruction/predictions/03691459/22e37482f8499fa53a081cb8ab2c8e61/c147638d1ea2356c7ea61e7f.npz,d37376574e3059c516e017cc0f9a0e78770d1337feb114b007083df6764b5651,/content/cv3d-project/data/cache/reconstruction/metrics/03691459/22e37482f8499fa53a081cb8ab2c8e61/df09f848f00ecf1feaafd671.json,13.498755000000529
03691459/2325005b09d12b2585d624cfcd9a37a7,oracle,1,[0],0.762323041009513,0.8559915287124364,0.94966001641536,0.0,0.0,0.0,2.000002608233328,0.0,0.0,0.0,0.0,0.0,0.0,camera_rotation_center_and_target_diameter_scale_single_view,4.668026865303592,0.0,10000,10000,True,True,True,/content/cv3d-project/data/cache/reconstruction/predictions/03691459/2325005b09d12b2585d624cfcd9a37a7/8e1bcea0a5c69cc9368fd77f.npz,2250b052b78b4e5359af84d288b655590b8de32730c2761029a312897ac2b048,/content/cv3d-project/data/cache/reconstruction/metrics/03691459/2325005b09d12b2585d624cfcd9a37a7/c2015d32c0871ab9c36ea5f3.json,3.81298299998889
03691459/2325005b09d12b2585d624cfcd9a37a7,oracle,2,"[0, 42]",0.08180735022428154,0.24543852015977596,0.4090696900952704,0.06335478489903425,0.0005684210526315789,0.002528842105263158,2.000002608233328,0.6501,0.0054,0.0462,0.0333,0.0003,0.0013,camera_pose_sim3,0.8438261755988731,1.2296878718858635,10000,10000,True,False,True,/content/cv3d-project/data/cache/reconstruction/predictions/03691459/2325005b09d12b2585d624cfcd9a37a7/5040e9cc86d311b7fcc8b31e.npz,34b096ecd810acd7993b527aa1c7cdf705c07afc2af0d0c5b0f16d8f6b55a1d1,/content/cv3d-project/data/cache/reconstruction/metrics/03691459/2325005b09d12b2585d624cfcd9a37a7/f534160b3d7ce41c3354f981.json,11.680660999900283
03691459/2325005b09d12b2585d624cfcd9a37a7,oracle,3,"[0, 42, 31]",0.7016963748497596,0.8864741387627183,1.071251902675677,0.0,0.0,0.0,2.000002608233328,0.0,0.0,0.0,0.0,0.0,0.0,camera_pose_sim3,2.468507583995418,0.5512125202968976,10000,10000,True,False,True,/content/cv3d-project/data/cache/reconstruction/predictions/03691459/2325005b09d12b2585d624cfcd9a37a7/b4ceb6aee8fdb4ae10e94eb9.npz,faac5e7d02963f0d9c7a58c53776252f65559be962c67e3696237b0046f6a850,/content/cv3d-project/data/cache/reconstruction/metrics/03691459/2325005b09d12b2585d624cfcd9a37a7/7741e26768a0e922f43c778a.json,12.6587270001437
03691459/2325005b09d12b2585d624cfcd9a37a7,oracle,5,"[0, 42, 31, 25, 37]",1.154357239204765,1.2513514531327634,1.348345667060762,0.0,0.0,0.0,2.000002608233328,0.0,0.0,0.0,0.0,0.0,0.0,camera_pose_sim3,1.732220897162836,1.185430562499602,10000,10000,True,False,True,/content/cv3d-project/data/cache/reconstruction/predictions/03691459/2325005b09d12b2585d624cfcd9a37a7/93844713df10deec0c55d5e1.npz,0d6108a362d3313ce998753e2534c18f4f5c02014b0f4c31e1daaf73d24f2264,/content/cv3d-project/data/cache/reconstruction/metrics/03691459/2325005b09d12b2585d624cfcd9a37a7/35b62daafb2b9276ebb2d61d.json,12.42718799994691
03691459/2325005b09d12b2585d624cfcd9a37a7,oracle,10,"[0, 42, 31, 25, 37, 43, 8, 4, 33, 12]",0.5159715241687538,0.6840609927847261,0.8521504614006983,0.0,0.0,0.0,2.000002608233328,0.0,0.0,0.0,0.0,0.0,0.0,camera_pose_sim3,1.8120626142726686,1.0022699847948395,10000,10000,True,False,True,/content/cv3d-project/data/cache/reconstruction/predictions/03691459/2325005b09d12b2585d624cfcd9a37a7/a7578634850c5442ee09018e.npz,8bc831ce06f846ce9d5437b84e859101b1d035b44b100d9d8dea92e58526a374,/content/cv3d-project/data/cache/reconstruction/metrics/03691459/2325005b09d12b2585d624cfcd9a37a7/43c1619f7210432d796532b8.json,12.509250000221073
03691459/2336a8ba5ba8a9f0ce029fab54b6cfbd,oracle,1,[0],1.7897667104566313,1.9258550137238344,2.0619433169910377,0.0,0.0,0.0,2.000002751433258,0.0,0.0,0.0,0.0,0.0,0.0,camera_rotation_center_and_target_diameter_scale_single_view,6.93896104913248,0.0,10000,10000,True,True,True,/content/cv3d-project/data/cache/reconstruction/predictions/03691459/2336a8ba5ba8a9f0ce029fab54b6cfbd/093a5707d80d59845b51486f.npz,d5747102cf5955dd438bfcfd071dda02d0b2dc66d168d2dfc90f71f310beffa6,/content/cv3d-project/data/cache/reconstruction/metrics/03691459/2336a8ba5ba8a9f0ce029fab54b6cfbd/d350cc269b0736b7cbdc20f8.json,3.822909000064101
03691459/2336a8ba5ba8a9f0ce029fab54b6cfbd,oracle,2,"[0, 37]",0.6829365037292734,0.7632853616978728,0.8436342196664721,0.0,0.0,0.0,2.000002751433258,0.0,0.0,0.0,0.0,0.0,0.0,camera_pose_sim3,2.343531849262214,0.07588678904161686,10000,10000,True,False,True,/content/cv3d-project/data/cache/reconstruction/predictions/03691459/2336a8ba5ba8a9f0ce029fab54b6cfbd/652d96f9be452f6a9c0bc0bc.npz,168aae839661b63e7dae357602a1300e7691634150b0f553ea6fc1e1698ebf0b,/content/cv3d-project/data/cache/reconstruction/metrics/03691459/2336a8ba5ba8a9f0ce029fab54b6cfbd/b63fef18662efd057db599e7.json,12.414642999829084
03691459/2336a8ba5ba8a9f0ce029fab54b6cfbd,oracle,3,"[0, 37, 33]",0.4246113717361938,0.46020229924983225,0.49579322676347076,0.0,0.0,0.0,2.000002751433258,0.0,0.0,0.0,0.0,0.0,0.0,camera_pose_sim3,2.2532692145335704,0.8180798716225478,10000,10000,True,False,True,/content/cv3d-project/data/cache/reconstruction/predictions/03691459/2336a8ba5ba8a9f0ce029fab54b6cfbd/5c8c7ea7fc00169841600648.npz,a8e7aa46b9f6d13c100cfb4a079df79b292c495221e105b0fd4acf89c80ec444,/content/cv3d-project/data/cache/reconstruction/metrics/03691459/2336a8ba5ba8a9f0ce029fab54b6cfbd/f46c2ae8eb237b82e7f4b025.json,12.912648000110494
03691459/2336a8ba5ba8a9f0ce029fab54b6cfbd,oracle,5,"[0, 37, 33, 27, 28]",0.1673013501506184,0.23011422537587523,0.29292710060113203,0.005999999999999999,0.0,0.0,2.000002751433258,0.0066,0.0,0.0,0.0055,0.0,0.0,camera_pose_sim3,2.4035479509415603,0.7322277979000256,10000,10000,True,False,True,/content/cv3d-project/data/cache/reconstruction/predictions/03691459/2336a8ba5ba8a9f0ce029fab54b6cfbd/b751127ca72753f1a487e902.npz,d7d45e068594c1c61e91f09dcb8af44ffd91cd4f85d59b28be3e54dde2dbd14f,/content/cv3d-project/data/cache/reconstruction/metrics/03691459/2336a8ba5ba8a9f0ce029fab54b6cfbd/9ddf8dbbad8cc97cd501f2be.json,12.87285799980964
03691459/2336a8ba5ba8a9f0ce029fab54b6cfbd,oracle,10,"[0, 37, 33, 27, 28, 22, 35, 21, 10, 20]",0.4461481691950657,0.5025560647640662,0.5589639603330667,0.0,0.0,0.0,2.000002751433258,0.0,0.0,0.0,0.0,0.0,0.0,camera_pose_sim3,1.7222996179384065,0.9432884051810377,10000,10000,True,False,True,/content/cv3d-project/data/cache/reconstruction/predictions/03691459/2336a8ba5ba8a9f0ce029fab54b6cfbd/c493f44ecce28209a22d264d.npz,a1b9b4c1504af6299c8cc9f5a93104ef2575246f4d99e3bccccf12d6cd5dacc0,/content/cv3d-project/data/cache/reconstruction/metrics/03691459/2336a8ba5ba8a9f0ce029fab54b6cfbd/d9333f130154c2bfa2529b40.json,12.669122000261268
03691459/23a1ad8f7fdbb6a54821f0e819875cf6,oracle,1,[0],1.4176336941016616,1.3955095565679012,1.3733854190341408,0.0,0.0,0.0,1.993160033877875,0.0,0.0,0.0,0.0,0.0,0.0,camera_rotation_center_and_target_diameter_scale_single_view,5.942200608524016,0.0,10000,10000,True,True,True,/content/cv3d-project/data/cache/reconstruction/predictions/03691459/23a1ad8f7fdbb6a54821f0e819875cf6/40fa1bc1a58463a2f04d3230.npz,6e5a3072ff943a75a49941781827182821a8d5f21c6860541eb4570389d16d06,/content/cv3d-project/data/cache/reconstruction/metrics/03691459/23a1ad8f7fdbb6a54821f0e819875cf6/aa189ace26c5a988b846897b.json,3.748972999801481
03691459/23a1ad8f7fdbb6a54821f0e819875cf6,oracle,2,"[0, 47]",0.16737349462417442,0.2648916407308006,0.3624097868374268,0.05255123339658445,0.0,0.0,1.993160033877875,0.0555,0.0,0.0,0.0499,0.0,0.0,camera_pose_sim3,3.132650574967152,0.3093864151899353,10000,10000,True,False,True,/content/cv3d-project/data/cache/reconstruction/predictions/03691459/23a1ad8f7fdbb6a54821f0e819875cf6/8a291559282db7bc039d221e.npz,3d69d0a43e3cbedab4125594adfb6a0922092a9ee7e1f3156cb95bb0d798aa44,/content/cv3d-project/data/cache/reconstruction/metrics/03691459/23a1ad8f7fdbb6a54821f0e819875cf6/3bd0bcdf090655666b36500a.json,12.943770000219956
03691459/23a1ad8f7fdbb6a54821f0e819875cf6,oracle,3,"[0, 47, 24]",0.2644189163597349,0.38614567740783956,0.5078724384559442,0.0,0.0,0.0,1.993160033877875,0.0,0.0,0.0,0.0,0.0,0.0,camera_pose_sim3,2.5095159004891485,0.9658281627502096,10000,10000,True,False,True,/content/cv3d-project/data/cache/reconstruction/predictions/03691459/23a1ad8f7fdbb6a54821f0e819875cf6/6f57180f59301ab895772be8.npz,190f60c048abbe478601833cd4c4cf42eccac0745ed09a4845a2a1d23fc09534,/content/cv3d-project/data/cache/reconstruction/metrics/03691459/23a1ad8f7fdbb6a54821f0e819875cf6/404b8d1f2ecc16d7610b9878.json,11.66697100006786
03691459/23a1ad8f7fdbb6a54821f0e819875cf6,oracle,5,"[0, 47, 24, 29, 26]",0.04225219938246508,0.1572955244201989,0.27233884945793274,0.24127547916854136,0.02482482269503546,0.059562249827467224,1.993160033877875,0.9736,0.0986,0.2561,0.1377,0.0142,0.0337,camera_pose_sim3,2.5053791183147216,0.5908923068400694,10000,10000,True,False,True,/content/cv3d-project/data/cache/reconstruction/predictions/03691459/23a1ad8f7fdbb6a54821f0e819875cf6/d8620904a248edaf8067d62b.npz,5b5869f158ba64052606d4103d01df4330b28a6e88564e9c43ef56c126857303,/content/cv3d-project/data/cache/reconstruction/metrics/03691459/23a1ad8f7fdbb6a54821f0e819875cf6/895e5b3cf8c50021c64fce47.json,12.668638999912218
03691459/23a1ad8f7fdbb6a54821f0e819875cf6,oracle,10,"[0, 47, 24, 29, 26, 39, 22, 36, 17, 38]",0.03801923751822567,0.10486764904379046,0.17171606056935526,0.4471234094220496,0.06228349514563107,0.11780474067120393,1.993160033877875,0.9423,0.1458,0.3555,0.2931,0.0396,0.0706,camera_pose_sim3,2.495774502957372,0.4357001499516558,10000,10000,True,False,True,/content/cv3d-project/data/cache/reconstruction/predictions/03691459/23a1ad8f7fdbb6a54821f0e819875cf6/36cc50ee765e7c2c3d40c258.npz,d0705c0709f627e0d5001f3414e9f21bc220536a81cb450e05db68bbfc508e55,/content/cv3d-project/data/cache/reconstruction/metrics/03691459/23a1ad8f7fdbb6a54821f0e819875cf6/fa723f52f789fc24d4ea6f7c.json,13.349092000225937
03691459/240521f502e491cd4eddc7a5aaee958e,oracle,1,[0],0.6513853627782672,0.7554128613993905,0.8594403600205137,0.0,0.0,0.0,1.999991045272518,0.0,0.0,0.0,0.0,0.0,0.0,camera_rotation_center_and_target_diameter_scale_single_view,4.509475525626524,0.0,10000,10000,True,True,True,/content/cv3d-project/data/cache/reconstruction/predictions/03691459/240521f502e491cd4eddc7a5aaee958e/1d16b62f0afbc9c62494267b.npz,861a1201766ac851169cf149c459847a05194609d250ded6eb0953dce1f68df9,/content/cv3d-project/data/cache/reconstruction/metrics/03691459/240521f502e491cd4eddc7a5aaee958e/cd0288276ae2b24f61200486.json,3.8205380001272715
03691459/240521f502e491cd4eddc7a5aaee958e,oracle,2,"[0, 36]",0.9156257974924255,1.0350030211833112,1.154380244874197,0.0,0.0,0.0,1.999991045272518,0.0,0.0,0.0,0.0,0.0,0.0,camera_pose_sim3,1.498382993549894,0.8409938894764125,10000,10000,True,False,True,/content/cv3d-project/data/cache/reconstruction/predictions/03691459/240521f502e491cd4eddc7a5aaee958e/c4b9696ca864c9f108d669c3.npz,ebbbc7aebb393f9dc558214869a1ce43ce313ffacba75aa9a399db05845eed56,/content/cv3d-project/data/cache/reconstruction/metrics/03691459/240521f502e491cd4eddc7a5aaee958e/33a07324622b632ba064172d.json,12.715857999864966
03691459/240521f502e491cd4eddc7a5aaee958e,oracle,3,"[0, 36, 33]",0.32776681310466976,0.41773089045185574,0.5076949677990418,0.0,0.0,0.0,1.999991045272518,0.0,0.0,0.0,0.0,0.0,0.0,camera_pose_sim3,1.8081121656527148,0.8490055422678229,10000,10000,True,False,True,/content/cv3d-project/data/cache/reconstruction/predictions/03691459/240521f502e491cd4eddc7a5aaee958e/e6005c705babdeb6dce66053.npz,77ac36b53e72700f645250615a9403a5b0b36b99b2e26693695f73fffdc56032,/content/cv3d-project/data/cache/reconstruction/metrics/03691459/240521f502e491cd4eddc7a5aaee958e/5a8bacc462a56d2d95c74fbf.json,11.945228000058705
03691459/240521f502e491cd4eddc7a5aaee958e,oracle,5,"[0, 36, 33, 28, 27]",0.45153071987322096,0.5733843041246733,0.6952378883761257,0.0,0.0,0.0,1.999991045272518,0.0,0.0,0.0,0.0,0.0,0.0,camera_pose_sim3,1.8764174878885693,0.7311134515610268,10000,10000,True,False,True,/content/cv3d-project/data/cache/reconstruction/predictions/03691459/240521f502e491cd4eddc7a5aaee958e/48e75552f9c986b3f40c1a8e.npz,16f295cc06ea9f75c1e2b5c375a11d5e43b997229cf84d15e4afac9fc8b51eb8,/content/cv3d-project/data/cache/reconstruction/metrics/03691459/240521f502e491cd4eddc7a5aaee958e/de0d6a9f8c9d646c70651def.json,12.32718199980809
03691459/240521f502e491cd4eddc7a5aaee958e,oracle,10,"[0, 36, 33, 28, 27, 20, 43, 12, 31, 19]",0.41282537642074807,0.5169129418915849,0.6210005073624216,0.0,0.0,0.0,1.999991045272518,0.0,0.0,0.0,0.0,0.0,0.0,camera_pose_sim3,1.7017582533202291,0.7737252769693019,10000,10000,True,False,True,/content/cv3d-project/data/cache/reconstruction/predictions/03691459/240521f502e491cd4eddc7a5aaee958e/a1e6dbeaef4a1afe05401b81.npz,89b5afbad35a0f32ae921ba267884b6233f5573008acc9fa121a0ea533e671f2,/content/cv3d-project/data/cache/reconstruction/metrics/03691459/240521f502e491cd4eddc7a5aaee958e/f652b7f2da9c8f9380c22e33.json,13.359655999920506
03691459/244f40cd50620b32dfdc04b8b8434e84,oracle,1,[0],1.0818870200331303,1.1972158767315122,1.3125447334298943,0.0,0.0,0.0,1.997820928236058,0.0,0.0,0.0,0.0,0.0,0.0,camera_rotation_center_and_target_diameter_scale_single_view,5.398874789639922,0.0,10000,10000,True,True,True,/content/cv3d-project/data/cache/reconstruction/predictions/03691459/244f40cd50620b32dfdc04b8b8434e84/fdaaf5e0992e0a6a70ea392f.npz,d12e587ff2b3f9f75cec292fc4bd7671bb4103cd63fcf5972fe55c3a1ce056e6,/content/cv3d-project/data/cache/reconstruction/metrics/03691459/244f40cd50620b32dfdc04b8b8434e84/4cb2a2bd1a1f1f9ef4dc9218.json,3.747570000086853
03691459/244f40cd50620b32dfdc04b8b8434e84,oracle,2,"[0, 39]",1.2764601050510183,1.3946550743844544,1.5128500437178904,0.0,0.0,0.0,1.997820928236058,0.0,0.0,0.0,0.0,0.0,0.0,camera_pose_sim3,3.494130957121969,0.6680496196875082,10000,10000,True,True,True,/content/cv3d-project/data/cache/reconstruction/predictions/03691459/244f40cd50620b32dfdc04b8b8434e84/e827ff49a94430aa16f6d257.npz,423f6e78fb825cd4d415c890e93ef607851e646534f89518f292e404592e85b2,/content/cv3d-project/data/cache/reconstruction/metrics/03691459/244f40cd50620b32dfdc04b8b8434e84/8a530c7b75313ffeeacbb85a.json,2.3998540000320645
03691459/244f40cd50620b32dfdc04b8b8434e84,oracle,3,"[0, 39, 27]",0.022689696613548554,0.1844154204775867,0.3461411443416248,0.11142587346553352,0.009605271695052717,0.020608278557470244,1.997820928236058,1.0,0.2417,0.5524,0.059,0.0049,0.0105,camera_pose_sim3,0.8417398602310574,1.3073881630512911,10000,10000,True,False,True,/content/cv3d-project/data/cache/reconstruction/predictions/03691459/244f40cd50620b32dfdc04b8b8434e84/fa3ded3471c5130064fe89c7.npz,87e043bebd0cd51d159c1fee68bcd5840924ab810070e5d4b0c0e8a077ef508f,/content/cv3d-project/data/cache/reconstruction/metrics/03691459/244f40cd50620b32dfdc04b8b8434e84/9ef5304aa0b80f4428657908.json,12.949773999935132
03691459/244f40cd50620b32dfdc04b8b8434e84,oracle,5,"[0, 39, 27, 33, 43]",0.18262460913743928,0.3418631059063317,0.5011016026752241,0.0,0.0,0.0,1.997820928236058,0.0,0.0,0.0,0.0,0.0,0.0,camera_pose_sim3,1.4488814457823056,1.104823086996872,10000,10000,True,False,True,/content/cv3d-project/data/cache/reconstruction/predictions/03691459/244f40cd50620b32dfdc04b8b8434e84/3261d9e8cf1cf834ea6764a1.npz,ca584aa49a8df39512ad464b8692160ad43b503bf883caa078f32e6cc1a37c9e,/content/cv3d-project/data/cache/reconstruction/metrics/03691459/244f40cd50620b32dfdc04b8b8434e84/c82df10f8d72319e56f65aad.json,11.796715000400582
03691459/244f40cd50620b32dfdc04b8b8434e84,oracle,10,"[0, 39, 27, 33, 43, 20, 2, 28, 24, 42]",0.37194469081806286,0.47699528500530053,0.5820458791925383,0.0,0.0,0.0,1.997820928236058,0.0,0.0,0.0,0.0,0.0,0.0,camera_pose_sim3,2.193338149863935,0.5850548383788294,10000,10000,True,False,True,/content/cv3d-project/data/cache/reconstruction/predictions/03691459/244f40cd50620b32dfdc04b8b8434e84/bb6cffa92dd1abfbf9686824.npz,547620ad4d7505024eb6395e42f32dc00c430a619b70a17f57d3c4fa23797e0d,/content/cv3d-project/data/cache/reconstruction/metrics/03691459/244f40cd50620b32dfdc04b8b8434e84/727de373b26ee6ebbff20144.json,14.185964000262175
03691459/245ed4407d4cead6b9c1ae865c9193ec,oracle,1,[0],1.3653011313609988,1.4610935320060718,1.5568859326511448,0.0,0.0,0.0,1.9969525836857291,0.0,0.0,0.0,0.0,0.0,0.0,camera_rotation_center_and_target_diameter_scale_single_view,5.8300776556878136,0.0,10000,10000,True,True,True,/content/cv3d-project/data/cache/reconstruction/predictions/03691459/245ed4407d4cead6b9c1ae865c9193ec/21374ede363b1845ed3df73a.npz,36e9aaf3dd01b319c9d63a72582cbd91e7b65d7ea8a5c0a230dbf5f0a23c1565,/content/cv3d-project/data/cache/reconstruction/metrics/03691459/245ed4407d4cead6b9c1ae865c9193ec/5b0f0030d187142afeba8b7d.json,3.7973130001773825
03691459/245ed4407d4cead6b9c1ae865c9193ec,oracle,2,"[0, 44]",0.29441140352033923,0.3637454292594277,0.4330794549985162,0.0,0.0,0.0,1.9969525836857291,0.0,0.0,0.0,0.0,0.0,0.0,camera_pose_sim3,2.752934633084598,0.07000720833119185,10000,10000,True,False,True,/content/cv3d-project/data/cache/reconstruction/predictions/03691459/245ed4407d4cead6b9c1ae865c9193ec/a4186830a39c8f6e6ac11690.npz,c28675b8ce91de4db626834f0196f77ad3320c8d040b5a038cf6239ececfeaf4,/content/cv3d-project/data/cache/reconstruction/metrics/03691459/245ed4407d4cead6b9c1ae865c9193ec/0e548da0a2d5168e881a8c7f.json,12.363596999875881
03691459/245ed4407d4cead6b9c1ae865c9193ec,oracle,3,"[0, 44, 8]",0.03592353443370748,0.0880108343560565,0.14009813427840553,0.5416432053714786,0.03705008675534991,0.07991163378856855,1.9969525836857291,0.9986,0.1518,0.3503,0.3716,0.0211,0.0451,camera_pose_sim3,2.6025483433162675,0.08222339389937001,10000,10000,True,False,True,/content/cv3d-project/data/cache/reconstruction/predictions/03691459/245ed4407d4cead6b9c1ae865c9193ec/752849f3d47b31772b183ffe.npz,2e879b8f190e3dc49a3019b9ce5fa7d84be3914efb5189e4dc9ab539a6d0346f,/content/cv3d-project/data/cache/reconstruction/metrics/03691459/245ed4407d4cead6b9c1ae865c9193ec/a1a35b89e91a1ff4c7315bba.json,12.25357300018004
03691459/245ed4407d4cead6b9c1ae865c9193ec,oracle,5,"[0, 44, 8, 29, 47]",0.08637303883812454,0.1649519995618462,0.24353096028556787,0.23595026929982046,0.0007222222222222223,0.013333201581027668,1.9969525836857291,0.6349,0.0013,0.0427,0.1449,0.0005,0.0079,camera_pose_sim3,2.5385621803189258,0.44890278624136315,10000,10000,True,False,True,/content/cv3d-project/data/cache/reconstruction/predictions/03691459/245ed4407d4cead6b9c1ae865c9193ec/f6423e37f9e61012aa71a6aa.npz,4038fd96214fd8fcde2edebffcb5b678a36177e28f0ec41d1a93b54a9fb944b5,/content/cv3d-project/data/cache/reconstruction/metrics/03691459/245ed4407d4cead6b9c1ae865c9193ec/93652cc0181cd636ce9246fa.json,12.039600000207429
03691459/245ed4407d4cead6b9c1ae865c9193ec,oracle,10,"[0, 44, 8, 29, 47, 15, 19, 21, 39, 36]",0.026076910672479855,0.056841447521189394,0.08760598436989893,0.7800414785897279,0.12974318059299192,0.23753066556655664,1.9969525836857291,1.0,0.2872,0.5777,0.6394,0.0838,0.1495,camera_pose_sim3,2.5744791034237244,0.11496634882308211,10000,10000,True,False,True,/content/cv3d-project/data/cache/reconstruction/predictions/03691459/245ed4407d4cead6b9c1ae865c9193ec/13c63d7c17a2790767597c29.npz,43854f0163da8fb335577141b0846cc79535aee0e1de8c047374abc15f0ab241,/content/cv3d-project/data/cache/reconstruction/metrics/03691459/245ed4407d4cead6b9c1ae865c9193ec/e0995d35a756ef73855c74a7.json,12.471387000005052
04090263/18e5827d2cfafd05d735fa1ab17311ec,oracle,1,[0],4.876997183292379,5.146582365502811,5.416167547713243,0.0,0.0,0.0,1.998342284109673,0.0,0.0,0.0,0.0,0.0,0.0,camera_rotation_center_and_target_diameter_scale_single_view,13.620695655035147,0.0,2541,10000,True,True,True,/content/cv3d-project/data/cache/reconstruction/predictions/04090263/18e5827d2cfafd05d735fa1ab17311ec/2ecf9cc950a046f22419df1d.npz,69f581f88c72201eb381bf36690c8527f52d0fa28cfb4a2d41e36bba4e20af54,/content/cv3d-project/data/cache/reconstruction/metrics/04090263/18e5827d2cfafd05d735fa1ab17311ec/e55859dd3a56109edac1c863.json,2.879320999909396
04090263/18e5827d2cfafd05d735fa1ab17311ec,oracle,2,"[0, 29]",0.9253185041676251,0.9390589885362488,0.9527994729048724,0.0,0.0,0.0,1.998342284109673,0.0,0.0,0.0,0.0,0.0,0.0,camera_pose_sim3,2.1049713591202357,0.5506858576863044,10000,10000,True,False,True,/content/cv3d-project/data/cache/reconstruction/predictions/04090263/18e5827d2cfafd05d735fa1ab17311ec/1ced1f25cce37709570fcae0.npz,760f56d2d092788bbe8491de7f9b2d8bddafab5ccc188ed3b2ad521155c28fca,/content/cv3d-project/data/cache/reconstruction/metrics/04090263/18e5827d2cfafd05d735fa1ab17311ec/238ed33c09a6000d8bb432f5.json,12.003504999938741
04090263/18e5827d2cfafd05d735fa1ab17311ec,oracle,3,"[0, 29, 17]",0.27745785171539894,0.3220402907936483,0.3666227298718977,0.0,0.0,0.0,1.998342284109673,0.0,0.0,0.0,0.0,0.0,0.0,camera_pose_sim3,2.830861578181128,0.3406508462203237,10000,10000,True,False,True,/content/cv3d-project/data/cache/reconstruction/predictions/04090263/18e5827d2cfafd05d735fa1ab17311ec/d25972150f992bbdce34bfda.npz,a65ef7926c4b5fac41f6e43ebdef441efe8b6f2f5810ee75053612730b584e75,/content/cv3d-project/data/cache/reconstruction/metrics/04090263/18e5827d2cfafd05d735fa1ab17311ec/d489b357b4e3a8cdfe731ff5.json,11.882957999659993
04090263/18e5827d2cfafd05d735fa1ab17311ec,oracle,5,"[0, 29, 17, 35, 31]",2.345797329580538,2.3683272475022017,2.3908571654238653,0.0,0.0,0.0,1.998342284109673,0.0,0.0,0.0,0.0,0.0,0.0,camera_pose_sim3,3.3203191935699756,1.130410006511447,10000,10000,True,False,True,/content/cv3d-project/data/cache/reconstruction/predictions/04090263/18e5827d2cfafd05d735fa1ab17311ec/46b18a4b5f29afdc55bfb6ed.npz,df94ebb9f52b43d70ee656591900e643fd9bb1861f1e7d97bfcb76b7e8d1d77d,/content/cv3d-project/data/cache/reconstruction/metrics/04090263/18e5827d2cfafd05d735fa1ab17311ec/5ffc7c770a640a487e5b391a.json,12.520012999630126
04090263/18e5827d2cfafd05d735fa1ab17311ec,oracle,10,"[0, 29, 17, 35, 31, 11, 7, 40, 4, 37]",0.21133017494450215,0.2557882277892964,0.3002462806340906,0.0,0.0,0.0,1.998342284109673,0.0,0.0,0.0,0.0,0.0,0.0,camera_pose_sim3,2.756479405160603,0.5405503020202426,10000,10000,True,False,True,/content/cv3d-project/data/cache/reconstruction/predictions/04090263/18e5827d2cfafd05d735fa1ab17311ec/8f4ae62082eedf6dd68430b0.npz,5c3450f9085c5c790b49128a550c73472e8c88fe9d4b8801c10d714304cb5fbc,/content/cv3d-project/data/cache/reconstruction/metrics/04090263/18e5827d2cfafd05d735fa1ab17311ec/aee772a538c4c2255dedbff1.json,12.57843999974284
04090263/18fdbd5f5448e1eb9556d0a8c8dea494,oracle,1,[0],12.196988395745215,12.415483041724954,12.633977687704695,0.0,0.0,0.0,1.993878510026289,0.0,0.0,0.0,0.0,0.0,0.0,camera_rotation_center_and_target_diameter_scale_single_view,28.29873043814752,0.0,881,10000,True,True,True,/content/cv3d-project/data/cache/reconstruction/predictions/04090263/18fdbd5f5448e1eb9556d0a8c8dea494/866fb38c984cce42c3f93a6f.npz,47f6deb5ca05ffd8bb229ac748e9340a8ed16781b742c95a8429382fd71189c9,/content/cv3d-project/data/cache/reconstruction/metrics/04090263/18fdbd5f5448e1eb9556d0a8c8dea494/99d0de22663c3089ebdbbbef.json,2.665310999873327
04090263/18fdbd5f5448e1eb9556d0a8c8dea494,oracle,2,"[0, 9]",0.3785083711149981,0.5095154054984345,0.6405224398818711,0.0,0.0,0.0,1.993878510026289,0.0,0.0,0.0,0.0,0.0,0.0,camera_pose_sim3,1.3713143822928733,0.6616919357527352,8967,10000,True,False,True,/content/cv3d-project/data/cache/reconstruction/predictions/04090263/18fdbd5f5448e1eb9556d0a8c8dea494/c1ced8d8467bda9deb52120e.npz,a76086a0edbe6202589876232dbcc1ecf57eaf20c3eb1241e22a3e96a4ecc372,/content/cv3d-project/data/cache/reconstruction/metrics/04090263/18fdbd5f5448e1eb9556d0a8c8dea494/4fae3c6c8494b22fd626ecd0.json,11.31728700011081
04090263/18fdbd5f5448e1eb9556d0a8c8dea494,oracle,3,"[0, 9, 37]",1.4232271805706982,1.4525060246574935,1.4817848687442885,0.0,0.0,0.0,1.993878510026289,0.0,0.0,0.0,0.0,0.0,0.0,camera_pose_sim3,2.7529199574893894,0.866231009075077,10000,10000,True,False,True,/content/cv3d-project/data/cache/reconstruction/predictions/04090263/18fdbd5f5448e1eb9556d0a8c8dea494/99a6f3c547f3cb2fb54d29fe.npz,dc9aa86cb85c92840edfaea925ef05f5f5fd9569e8c59a14f8be558c6316c59d,/content/cv3d-project/data/cache/reconstruction/metrics/04090263/18fdbd5f5448e1eb9556d0a8c8dea494/25fa94c6359e821c796cfb2a.json,11.647266000181844
04090263/18fdbd5f5448e1eb9556d0a8c8dea494,oracle,5,"[0, 9, 37, 15, 34]",1.6143933748391912,1.6224761256099225,1.6305588763806538,0.0,0.0,0.0,1.993878510026289,0.0,0.0,0.0,0.0,0.0,0.0,camera_pose_sim3,2.5724711943098266,0.8679723226395819,10000,10000,True,False,True,/content/cv3d-project/data/cache/reconstruction/predictions/04090263/18fdbd5f5448e1eb9556d0a8c8dea494/d5ad37c72b9a0483d4236a45.npz,08ca307018f71766ace630c7870079c846a2071f0cb0d9456a03f04c8f65c89f,/content/cv3d-project/data/cache/reconstruction/metrics/04090263/18fdbd5f5448e1eb9556d0a8c8dea494/1adb49704f2203055458c532.json,12.347970000064379
04090263/18fdbd5f5448e1eb9556d0a8c8dea494,oracle,10,"[0, 9, 37, 15, 34, 24, 35, 21, 8, 39]",1.0331795558829457,1.0432609476542969,1.0533423394256478,0.0,0.0,0.0,1.993878510026289,0.0,0.0,0.0,0.0,0.0,0.0,camera_pose_sim3,1.839921197556663,1.0677639768034701,10000,10000,True,False,True,/content/cv3d-project/data/cache/reconstruction/predictions/04090263/18fdbd5f5448e1eb9556d0a8c8dea494/69f7106cbb23883c15593fcd.npz,09a0d8092b4088b979686e5689e7f70503da6a817ddad95e7380e719fb3ec621,/content/cv3d-project/data/cache/reconstruction/metrics/04090263/18fdbd5f5448e1eb9556d0a8c8dea494/1209e8c45ccec6b6aec560f6.json,14.440841999658005
04090263/19035d7059eaa5b1a27aa199c0989017,oracle,1,[0],7.853792623601519,8.130840467714773,8.407888311828028,0.0,0.0,0.0,1.997769612325093,0.0,0.0,0.0,0.0,0.0,0.0,camera_rotation_center_and_target_diameter_scale_single_view,19.548403250886512,0.0,2417,10000,True,True,True,/content/cv3d-project/data/cache/reconstruction/predictions/04090263/19035d7059eaa5b1a27aa199c0989017/d3a689a264c19d733519c292.npz,ec8e2e5fccf8da23dc224bc0aa912973d13af7f26dd790cbdd6def454c407d76,/content/cv3d-project/data/cache/reconstruction/metrics/04090263/19035d7059eaa5b1a27aa199c0989017/09f4affb5611fb6ef70a5bff.json,2.9786360000798595
04090263/19035d7059eaa5b1a27aa199c0989017,oracle,2,"[0, 23]",1.0149960769541042,1.0429186134709503,1.0708411499877961,0.0,0.0,0.0,1.997769612325093,0.0,0.0,0.0,0.0,0.0,0.0,camera_pose_sim3,2.4608093561054876,0.8569200658180021,10000,10000,True,False,True,/content/cv3d-project/data/cache/reconstruction/predictions/04090263/19035d7059eaa5b1a27aa199c0989017/fbb9da26a1e6d58a3e0974c4.npz,f97d47e32a8fccc2914bb74dfcc625cc1de67c960b5a4dd19a9d706260a0d4bc,/content/cv3d-project/data/cache/reconstruction/metrics/04090263/19035d7059eaa5b1a27aa199c0989017/4acde35d9c78eaaaf0c18b02.json,12.397669999700156
04090263/19035d7059eaa5b1a27aa199c0989017,oracle,3,"[0, 23, 27]",0.5140217106353997,0.5407090236894792,0.5673963367435586,0.0,0.0,0.0,1.997769612325093,0.0,0.0,0.0,0.0,0.0,0.0,camera_pose_sim3,2.976747494765167,0.31344086487757095,10000,10000,True,False,True,/content/cv3d-project/data/cache/reconstruction/predictions/04090263/19035d7059eaa5b1a27aa199c0989017/4bb8f62cdea303d9a4a424f6.npz,788a08b3082b3915d2dfeb92f08973f532cd67e95f4d90a9ac000f7e784ea9ad,/content/cv3d-project/data/cache/reconstruction/metrics/04090263/19035d7059eaa5b1a27aa199c0989017/4566761bffe0fb23c6a2d27c.json,11.947748999773466
04090263/19035d7059eaa5b1a27aa199c0989017,oracle,5,"[0, 23, 27, 29, 9]",1.2923561207319652,1.3350899416047732,1.3778237624775813,0.0,0.0,0.0,1.997769612325093,0.0,0.0,0.0,0.0,0.0,0.0,camera_pose_sim3,2.7170149277539264,0.7039435980855561,10000,10000,True,False,True,/content/cv3d-project/data/cache/reconstruction/predictions/04090263/19035d7059eaa5b1a27aa199c0989017/783a9307028d9de5bef33839.npz,279730222850a4d77e04275c0d9fc8e9ba340ac176efe3540cbff4abf4ce7a24,/content/cv3d-project/data/cache/reconstruction/metrics/04090263/19035d7059eaa5b1a27aa199c0989017/e007025c40ad6f8a59346772.json,14.345770000090852
04090263/19035d7059eaa5b1a27aa199c0989017,oracle,10,"[0, 23, 27, 29, 9, 42, 6, 4, 24, 12]",0.6418846585945512,0.6848272689601842,0.727769879325817,0.0,0.0,0.0,1.997769612325093,0.0,0.0,0.0,0.0,0.0,0.0,camera_pose_sim3,2.2918741479052325,0.8385534856737836,10000,10000,True,False,True,/content/cv3d-project/data/cache/reconstruction/predictions/04090263/19035d7059eaa5b1a27aa199c0989017/ace00f7cc14580c2c05b4ad2.npz,f05f0637ee103ee4a107fce10656e8cd94b1dbe15c7788b4ee78a4cbef3b28b0,/content/cv3d-project/data/cache/reconstruction/metrics/04090263/19035d7059eaa5b1a27aa199c0989017/a99ceee288e693a5ac851a09.json,12.541372000214324
04090263/190ce4466c6f4c04fa9286f039319ff7,oracle,1,[0],4.850433125302289,5.091448837654292,5.3324645500062955,0.0,0.0,0.0,1.9903151657491536,0.0,0.0,0.0,0.0,0.0,0.0,camera_rotation_center_and_target_diameter_scale_single_view,13.44024608250192,0.0,6081,10000,True,True,True,/content/cv3d-project/data/cache/reconstruction/predictions/04090263/190ce4466c6f4c04fa9286f039319ff7/5ec1bb5f48cde522479e3134.npz,b7671d1f4b27de4c41bbab3b3f20930dc00341b2129f3b73548520cecd7b7260,/content/cv3d-project/data/cache/reconstruction/metrics/04090263/190ce4466c6f4c04fa9286f039319ff7/b4765bfaa8432bc26025f7eb.json,3.3883590003824793
04090263/190ce4466c6f4c04fa9286f039319ff7,oracle,2,"[0, 24]",0.827049277267801,0.9369068711134003,1.0467644649589996,0.0,0.0,0.0,1.9903151657491536,0.0,0.0,0.0,0.0,0.0,0.0,camera_pose_sim3,3.6754569117436695,0.7100593458846804,10000,10000,True,False,True,/content/cv3d-project/data/cache/reconstruction/predictions/04090263/190ce4466c6f4c04fa9286f039319ff7/2cf9a40ec942876f5195e9a8.npz,cf8c5f322dae217e7a724d835286d43eba683c83ec873476dfa7450949843288,/content/cv3d-project/data/cache/reconstruction/metrics/04090263/190ce4466c6f4c04fa9286f039319ff7/666d40ad1759eeafaf02047f.json,12.518599000031827
04090263/190ce4466c6f4c04fa9286f039319ff7,oracle,3,"[0, 24, 36]",0.2682503024138508,0.3164093833630576,0.36456846431226436,0.0,0.0,0.0,1.9903151657491536,0.0,0.0,0.0,0.0,0.0,0.0,camera_pose_sim3,2.9077561143324004,0.52918237702418,10000,10000,True,False,True,/content/cv3d-project/data/cache/reconstruction/predictions/04090263/190ce4466c6f4c04fa9286f039319ff7/8f3ad1b2e0fc3cf5da7c3ad6.npz,2b93bd778cca837414eae1b951e879bf0f8aa26f9d90fc4019c7156d4de5fbd4,/content/cv3d-project/data/cache/reconstruction/metrics/04090263/190ce4466c6f4c04fa9286f039319ff7/f8c74d57962db97637c2713d.json,12.957151000136946
04090263/190ce4466c6f4c04fa9286f039319ff7,oracle,5,"[0, 24, 36, 27, 23]",0.18799331816618203,0.23745934594960347,0.2869253737330249,0.0004444444444444445,0.0,0.0,1.9903151657491536,0.0004,0.0,0.0,0.0005,0.0,0.0,camera_pose_sim3,2.8714255890369436,0.5689420007641499,10000,10000,True,False,True,/content/cv3d-project/data/cache/reconstruction/predictions/04090263/190ce4466c6f4c04fa9286f039319ff7/0ce4729354568fffbcf9abdb.npz,77fed4ac77aa81cccd651a40acc3501ed5127aeefe0e7be3a0d4cd0491771b12,/content/cv3d-project/data/cache/reconstruction/metrics/04090263/190ce4466c6f4c04fa9286f039319ff7/09466190aae8e3cd83e43827.json,12.718392999886419
04090263/190ce4466c6f4c04fa9286f039319ff7,oracle,10,"[0, 24, 36, 27, 23, 34, 30, 8, 43, 6]",0.01032617221801218,0.04838304587406109,0.08643991953010999,0.7985101525892105,0.26859997549620196,0.43879297681502805,1.9903151657491536,1.0,0.6467,0.8907,0.6646,0.1695,0.2911,camera_pose_sim3,2.807302172661397,0.29973422606489003,10000,10000,True,False,True,/content/cv3d-project/data/cache/reconstruction/predictions/04090263/190ce4466c6f4c04fa9286f039319ff7/db5c5b2bd6a6f11f33516f1a.npz,394146e30e6a4f4ca206d7edde4feaf1f3c380642b6886c8b2df803c44b04cc4,/content/cv3d-project/data/cache/reconstruction/metrics/04090263/190ce4466c6f4c04fa9286f039319ff7/f1916d69d4118b18ac013c13.json,12.973391999821615
04090263/191f8debadb867fbc24d00518a3dd6ec,oracle,1,[0],11.198524288649795,11.482256294413105,11.765988300176415,0.0,0.0,0.0,1.9967223677648918,0.0,0.0,0.0,0.0,0.0,0.0,camera_rotation_center_and_target_diameter_scale_single_view,26.263452240123687,0.0,2481,10000,True,True,True,/content/cv3d-project/data/cache/reconstruction/predictions/04090263/191f8debadb867fbc24d00518a3dd6ec/c78875db67a6862c7ef5c56e.npz,f70f309d75a1d17b25b7841d12d26000bc4f087a60c16284bafc950de345ec5c,/content/cv3d-project/data/cache/reconstruction/metrics/04090263/191f8debadb867fbc24d00518a3dd6ec/0f8ddf6dfd36660e97ec425b.json,2.933435000159079
04090263/191f8debadb867fbc24d00518a3dd6ec,oracle,2,"[0, 8]",0.2074920503266546,0.26404142431957617,0.3205907983124977,0.0,0.0,0.0,1.9967223677648918,0.0,0.0,0.0,0.0,0.0,0.0,camera_pose_sim3,1.1571181979461314,0.700603109998209,10000,10000,True,False,True,/content/cv3d-project/data/cache/reconstruction/predictions/04090263/191f8debadb867fbc24d00518a3dd6ec/881cc87293f79cb91a160a9c.npz,00e55368298f42e5291911ecc0c12c1bc6999fd47adfb4884d72b056dfb05018,/content/cv3d-project/data/cache/reconstruction/metrics/04090263/191f8debadb867fbc24d00518a3dd6ec/576d3624efebcaf3a0c0470e.json,12.287390999972558
04090263/191f8debadb867fbc24d00518a3dd6ec,oracle,3,"[0, 8, 29]",0.7696298239544133,0.801809314744899,0.8339888055353848,0.0,0.0,0.0,1.9967223677648918,0.0,0.0,0.0,0.0,0.0,0.0,camera_pose_sim3,2.584056479154834,0.33005838937663934,10000,10000,True,False,True,/content/cv3d-project/data/cache/reconstruction/predictions/04090263/191f8debadb867fbc24d00518a3dd6ec/e12d982a2b82d1598cf29357.npz,c0185d7b0eb87d68062c5ea360a40266a751f094659b3224be14aad78a7ee31f,/content/cv3d-project/data/cache/reconstruction/metrics/04090263/191f8debadb867fbc24d00518a3dd6ec/0bc409d17d2d0e6423a1f811.json,11.445075999745313
04090263/191f8debadb867fbc24d00518a3dd6ec,oracle,5,"[0, 8, 29, 35, 31]",0.35314608640219297,0.3973643894961799,0.44158269259016686,0.0,0.0,0.0,1.9967223677648918,0.0,0.0,0.0,0.0,0.0,0.0,camera_pose_sim3,2.6663910134256974,0.3485855607576015,10000,10000,True,False,True,/content/cv3d-project/data/cache/reconstruction/predictions/04090263/191f8debadb867fbc24d00518a3dd6ec/4ea3c6f432780fc77fcbc384.npz,779acb772b8b1723291056218e6eb69b8b0cb1982f8053dc62d01583b90f6252,/content/cv3d-project/data/cache/reconstruction/metrics/04090263/191f8debadb867fbc24d00518a3dd6ec/ff9c09a4e3561672ee405482.json,13.29337500010297
04090263/191f8debadb867fbc24d00518a3dd6ec,oracle,10,"[0, 8, 29, 35, 31, 17, 6, 12, 9, 42]",0.24100380209606825,0.27845005218356667,0.3158963022710651,0.0,0.0,0.0,1.9967223677648918,0.0,0.0,0.0,0.0,0.0,0.0,camera_pose_sim3,2.7575391078952896,0.26571653582359284,10000,10000,True,False,True,/content/cv3d-project/data/cache/reconstruction/predictions/04090263/191f8debadb867fbc24d00518a3dd6ec/ac8a3af65ed39bb4f022b841.npz,801a6bd49970449ef41d17413b0149bc8ab2ad2b81d8b588c07d4bfbe45e58ae,/content/cv3d-project/data/cache/reconstruction/metrics/04090263/191f8debadb867fbc24d00518a3dd6ec/7bbf2144a55b32c5fa8ba416.json,13.142754000000423
04090263/192309e06577f893bb4594cb67b6eaa3,oracle,1,[0],10.463978660215227,10.69965005030871,10.935321440402193,0.0,0.0,0.0,1.9983460337891974,0.0,0.0,0.0,0.0,0.0,0.0,camera_rotation_center_and_target_diameter_scale_single_view,24.77124404463217,0.0,3137,10000,True,True,True,/content/cv3d-project/data/cache/reconstruction/predictions/04090263/192309e06577f893bb4594cb67b6eaa3/9d3414cb58af5882db2e4862.npz,705bb2acaac8ea294990bde3be275a768e07a2df8f61c6403c5e927551075bb3,/content/cv3d-project/data/cache/reconstruction/metrics/04090263/192309e06577f893bb4594cb67b6eaa3/4bbd64073224a1aa5f37203c.json,2.9946479999125586
04090263/192309e06577f893bb4594cb67b6eaa3,oracle,2,"[0, 35]",1.2920445465272732,1.370830926794378,1.4496173070614828,0.0,0.0,0.0,1.9983460337891974,0.0,0.0,0.0,0.0,0.0,0.0,camera_pose_sim3,2.347969209929386,0.5700610781902651,10000,10000,True,False,True,/content/cv3d-project/data/cache/reconstruction/predictions/04090263/192309e06577f893bb4594cb67b6eaa3/c5cdca6270effb3808457b30.npz,6eb51ee85cad2bad29110c2c4688901bac2cb4271bcb27e044cb68d1d695a832,/content/cv3d-project/data/cache/reconstruction/metrics/04090263/192309e06577f893bb4594cb67b6eaa3/d087326d80686372aa4e94b1.json,12.458702999992965
04090263/192309e06577f893bb4594cb67b6eaa3,oracle,3,"[0, 35, 15]",0.15320865449441134,0.18689703781168876,0.2205854211289662,0.0,0.0,0.0,1.9983460337891974,0.0,0.0,0.0,0.0,0.0,0.0,camera_pose_sim3,2.489240862220197,0.5940566701525624,10000,10000,True,False,True,/content/cv3d-project/data/cache/reconstruction/predictions/04090263/192309e06577f893bb4594cb67b6eaa3/485cc25d1e9692a985498339.npz,e65c2b9e648a53527bdc20dce42244e1f6c2d52516fe07d629f353bd680d1193,/content/cv3d-project/data/cache/reconstruction/metrics/04090263/192309e06577f893bb4594cb67b6eaa3/7569675c2cce65019ea9651e.json,11.812145000021701
04090263/192309e06577f893bb4594cb67b6eaa3,oracle,5,"[0, 35, 15, 29, 33]",0.21781743182751626,0.267492864897812,0.31716829796810775,0.0,0.0,0.0,1.9983460337891974,0.0,0.0,0.0,0.0,0.0,0.0,camera_pose_sim3,2.331619160450845,0.6312706984312024,10000,10000,True,False,True,/content/cv3d-project/data/cache/reconstruction/predictions/04090263/192309e06577f893bb4594cb67b6eaa3/81bcb8e015e8dd94964a5308.npz,348cb2f20b736b574a22728716c88f70e2a3b61ad0bad77e42c754a47b3e0060,/content/cv3d-project/data/cache/reconstruction/metrics/04090263/192309e06577f893bb4594cb67b6eaa3/a3226877bcbb9e07db3ab8be.json,11.513761000060185
04090263/192309e06577f893bb4594cb67b6eaa3,oracle,10,"[0, 35, 15, 29, 33, 11, 36, 2, 39, 43]",0.6839240841300241,0.7256360243731623,0.7673479646163004,0.0,0.0,0.0,1.9983460337891974,0.0,0.0,0.0,0.0,0.0,0.0,camera_pose_sim3,1.7935762888932893,1.006261136584015,10000,10000,True,False,True,/content/cv3d-project/data/cache/reconstruction/predictions/04090263/192309e06577f893bb4594cb67b6eaa3/32fb94bf1e3271fab4665444.npz,e7dfcae6fd580a5bbf14ae0e92fffbb52a0910b5a78b00fe0d2459a9796e0966,/content/cv3d-project/data/cache/reconstruction/metrics/04090263/192309e06577f893bb4594cb67b6eaa3/1b7eafcf92ce7eb340b077cc.json,12.282570000024862
04090263/193520be26b57b77a5f9d279e263a051,oracle,1,[0],10.503452938313165,10.78403682109865,11.064620703884136,0.0,0.0,0.0,1.9950578378441444,0.0,0.0,0.0,0.0,0.0,0.0,camera_rotation_center_and_target_diameter_scale_single_view,24.867483633442433,0.0,1273,10000,True,True,True,/content/cv3d-project/data/cache/reconstruction/predictions/04090263/193520be26b57b77a5f9d279e263a051/456f794969b72ea426f17498.npz,6103f8ecef891adbb7dc5c9366a40fd30d887200fb8ff76277212389ed417e14,/content/cv3d-project/data/cache/reconstruction/metrics/04090263/193520be26b57b77a5f9d279e263a051/5a12e1648b86ee069af9b983.json,2.6598959998409555
04090263/193520be26b57b77a5f9d279e263a051,oracle,2,"[0, 18]",0.40678757684328826,0.4685205286115315,0.5302534803797747,0.0,0.0,0.0,1.9950578378441444,0.0,0.0,0.0,0.0,0.0,0.0,camera_pose_sim3,2.086277951130666,0.8006495661313414,10000,10000,True,False,True,/content/cv3d-project/data/cache/reconstruction/predictions/04090263/193520be26b57b77a5f9d279e263a051/eb0635acda7493f9fe40012b.npz,f82c790fd66306da74712e2644342b006cc85d963ab28c6c7f94ee780db02f47,/content/cv3d-project/data/cache/reconstruction/metrics/04090263/193520be26b57b77a5f9d279e263a051/8dc9b7f1f46ca1dae209832d.json,11.662508999961574
04090263/193520be26b57b77a5f9d279e263a051,oracle,3,"[0, 18, 21]",1.1889585063749297,1.1973440243081117,1.205729542241294,0.0,0.0,0.0,1.9950578378441444,0.0,0.0,0.0,0.0,0.0,0.0,camera_pose_sim3,2.6587949099728974,0.6797740764844072,10000,10000,True,False,True,/content/cv3d-project/data/cache/reconstruction/predictions/04090263/193520be26b57b77a5f9d279e263a051/1f38a7cfe4e063fd856e83aa.npz,646368b8185f6185a784c06bb055edd9adae5e1484b8e73c4a0e33f104ea6f96,/content/cv3d-project/data/cache/reconstruction/metrics/04090263/193520be26b57b77a5f9d279e263a051/835b9dd3acaed9f21f71364f.json,12.20740200005821
04090263/193520be26b57b77a5f9d279e263a051,oracle,5,"[0, 18, 21, 15, 26]",0.460462408454685,0.5055171794269524,0.5505719503992199,0.0,0.0,0.0,1.9950578378441444,0.0,0.0,0.0,0.0,0.0,0.0,camera_pose_sim3,1.4695374791492544,1.0974258938896935,10000,10000,True,False,True,/content/cv3d-project/data/cache/reconstruction/predictions/04090263/193520be26b57b77a5f9d279e263a051/abfe17c44211e20319bc7f3c.npz,2128af6414848774d9fa21a9d08b6cf0ee4b693abfe0e35bad8bbe6f01afa4fb,/content/cv3d-project/data/cache/reconstruction/metrics/04090263/193520be26b57b77a5f9d279e263a051/d10a27fd2864ba4256fbf624.json,12.19020400003501
04090263/193520be26b57b77a5f9d279e263a051,oracle,10,"[0, 18, 21, 15, 26, 37, 17, 11, 38, 19]",0.23122368988960185,0.24914269436548045,0.26706169884135905,0.0,0.0,0.0,1.9950578378441444,0.0,0.0,0.0,0.0,0.0,0.0,camera_pose_sim3,2.0855410460619583,0.7546339550660864,10000,10000,True,False,True,/content/cv3d-project/data/cache/reconstruction/predictions/04090263/193520be26b57b77a5f9d279e263a051/70b88732145df7d54b0d5b74.npz,0512e807f003277b047332675570b82664484f998609e21d8f4366b6fe5d4c28,/content/cv3d-project/data/cache/reconstruction/metrics/04090263/193520be26b57b77a5f9d279e263a051/22e8253135fb7faea9e8b7fa.json,12.573298999996041
04090263/1939215162425a252bf06c32262648ff,oracle,1,[0],6.765737076163017,7.03354111587489,7.3013451555867634,0.0,0.0,0.0,1.997953165567281,0.0,0.0,0.0,0.0,0.0,0.0,camera_rotation_center_and_target_diameter_scale_single_view,17.310070557446842,0.0,3125,10000,True,True,True,/content/cv3d-project/data/cache/reconstruction/predictions/04090263/1939215162425a252bf06c32262648ff/48dd7268efbfce4b90f54c40.npz,c2a9cb4e40efec166fd5893d0d0797fbd7ed455812fcb49eda0ffd5ca81c88e4,/content/cv3d-project/data/cache/reconstruction/metrics/04090263/1939215162425a252bf06c32262648ff/b16909b26574e604dd405f1b.json,2.9621310000038648
04090263/1939215162425a252bf06c32262648ff,oracle,2,"[0, 23]",0.7652290495007706,0.805225538989377,0.8452220284779832,0.0,0.0,0.0,1.997953165567281,0.0,0.0,0.0,0.0,0.0,0.0,camera_pose_sim3,2.6815916592396154,0.41017045158158194,10000,10000,True,False,True,/content/cv3d-project/data/cache/reconstruction/predictions/04090263/1939215162425a252bf06c32262648ff/f963a78b30b2ef8b25d67aee.npz,d99171538d1d648f5b607eadc0a90e3ce748c1d9f1ec424c87573b2d0840561e,/content/cv3d-project/data/cache/reconstruction/metrics/04090263/1939215162425a252bf06c32262648ff/2c36aeee48e5bddc098bed97.json,13.718748999963282
04090263/1939215162425a252bf06c32262648ff,oracle,3,"[0, 23, 28]",0.5765386952319139,0.6340359124395708,0.6915331296472277,0.0,0.0,0.0,1.997953165567281,0.0,0.0,0.0,0.0,0.0,0.0,camera_pose_sim3,2.976443655932403,0.2877756984148179,10000,10000,True,False,True,/content/cv3d-project/data/cache/reconstruction/predictions/04090263/1939215162425a252bf06c32262648ff/64f13289c44306fcb6289350.npz,13a376955603d719aa881c6aa145a17fd0958189350c3af9f1911029c6d09f33,/content/cv3d-project/data/cache/reconstruction/metrics/04090263/1939215162425a252bf06c32262648ff/8e532e5ee59353b40b386b92.json,12.958617999629496
04090263/1939215162425a252bf06c32262648ff,oracle,5,"[0, 23, 28, 17, 13]",0.10420568115119412,0.14723403882667846,0.19026239650216278,0.20619006232103754,0.0,0.0,1.997953165567281,0.4609,0.0,0.0,0.1328,0.0,0.0,camera_pose_sim3,2.6146684840226673,0.5100504723248189,10000,10000,True,False,True,/content/cv3d-project/data/cache/reconstruction/predictions/04090263/1939215162425a252bf06c32262648ff/f793c072cb346e0bc137896b.npz,7e636c7b114f7a36aa5bc146656eea22e5008d25aff929add3f99ad5ea4aaf91,/content/cv3d-project/data/cache/reconstruction/metrics/04090263/1939215162425a252bf06c32262648ff/a35623b75e385154752115c0.json,12.464601999909064
04090263/1939215162425a252bf06c32262648ff,oracle,10,"[0, 23, 28, 17, 13, 42, 11, 44, 6, 9]",0.290879722327301,0.32935217064443617,0.3678246189615713,0.0,0.0,0.0,1.997953165567281,0.0,0.0,0.0,0.0,0.0,0.0,camera_pose_sim3,2.611246722668464,0.4711815166953863,10000,10000,True,False,True,/content/cv3d-project/data/cache/reconstruction/predictions/04090263/1939215162425a252bf06c32262648ff/d706de2ca524440aca930870.npz,4a7d72c053d9a0b27d816bea6928bee9524b275c2bfff30f9998a944300b8572,/content/cv3d-project/data/cache/reconstruction/metrics/04090263/1939215162425a252bf06c32262648ff/b5c882752ba7a7c4bd94d574.json,15.18325899996853
04090263/193e079f24ac1ded1153b2cafc57da88,oracle,1,[0],13.487417468790536,13.716541922548018,13.945666376305502,0.0,0.0,0.0,1.9980861684937106,0.0,0.0,0.0,0.0,0.0,0.0,camera_rotation_center_and_target_diameter_scale_single_view,31.168912320648012,0.0,1333,10000,True,True,True,/content/cv3d-project/data/cache/reconstruction/predictions/04090263/193e079f24ac1ded1153b2cafc57da88/03abc075665ddcf03a570c95.npz,b5b0841e82e4dbb3b5463d1cacbe71bc7071012e9a7f5cd172a935659d53aa5b,/content/cv3d-project/data/cache/reconstruction/metrics/04090263/193e079f24ac1ded1153b2cafc57da88/504e64c2e96f93b27ae2be9a.json,2.7855779999299557
04090263/193e079f24ac1ded1153b2cafc57da88,oracle,2,"[0, 23]",2.309393876322241,2.518430223558269,2.727466570794297,0.0,0.0,0.0,1.9980861684937106,0.0,0.0,0.0,0.0,0.0,0.0,camera_pose_sim3_positive_scale_fallback,3.188894322355978,3.144817150911203e-16,9426,10000,True,False,True,/content/cv3d-project/data/cache/reconstruction/predictions/04090263/193e079f24ac1ded1153b2cafc57da88/c9ce26cd8d7ac22dc6b65033.npz,1ed1b0ba363c8805b9ab3d5bed58ae00767eedb6aa88d83754b06de2c781c2a1,/content/cv3d-project/data/cache/reconstruction/metrics/04090263/193e079f24ac1ded1153b2cafc57da88/9c74af74960b72924c24dbd7.json,12.624907999907009
04090263/193e079f24ac1ded1153b2cafc57da88,oracle,3,"[0, 23, 27]",1.27216206646816,1.2834753635011997,1.2947886605342394,0.0,0.0,0.0,1.9980861684937106,0.0,0.0,0.0,0.0,0.0,0.0,camera_pose_sim3,3.1417049766460754,0.6198357107553473,10000,10000,True,False,True,/content/cv3d-project/data/cache/reconstruction/predictions/04090263/193e079f24ac1ded1153b2cafc57da88/6f53e367723527e86d870fff.npz,c3f8250a26d346f2aefa6f6d0faeb475433d342aabb34f193c3b9fc7fc880ad7,/content/cv3d-project/data/cache/reconstruction/metrics/04090263/193e079f24ac1ded1153b2cafc57da88/80a90c52b5c3958b6fd348ce.json,11.891611000010016
04090263/193e079f24ac1ded1153b2cafc57da88,oracle,5,"[0, 23, 27, 17, 37]",0.3494293315452324,0.3872096038463298,0.42498987614742717,0.0,0.0,0.0,1.9980861684937106,0.0,0.0,0.0,0.0,0.0,0.0,camera_pose_sim3,2.7256819038966777,0.45132937103379467,10000,10000,True,False,True,/content/cv3d-project/data/cache/reconstruction/predictions/04090263/193e079f24ac1ded1153b2cafc57da88/68da25a6622d2352269e9011.npz,4f24b283e8da55f9989692a21f055dd808ebf7690036887e8ace7627a86bb124,/content/cv3d-project/data/cache/reconstruction/metrics/04090263/193e079f24ac1ded1153b2cafc57da88/6a20159a3a99229867ae29b3.json,13.141076000010798
04090263/193e079f24ac1ded1153b2cafc57da88,oracle,10,"[0, 23, 27, 17, 37, 26, 13, 39, 8, 36]",0.45602788006776046,0.4762030032312161,0.4963781263946718,0.0,0.0,0.0,1.9980861684937106,0.0,0.0,0.0,0.0,0.0,0.0,camera_pose_sim3,2.6205444931407653,0.4781528570294963,10000,10000,True,False,True,/content/cv3d-project/data/cache/reconstruction/predictions/04090263/193e079f24ac1ded1153b2cafc57da88/e4436a830611bc0e6abfd7a6.npz,13eacea502e0e05a271abf5ec74bb44467cba0296777a8e1e4b5526c912a6bec,/content/cv3d-project/data/cache/reconstruction/metrics/04090263/193e079f24ac1ded1153b2cafc57da88/3001d93863d991c9121e98e2.json,12.159318000158237
04090263/194a4d0bcc1443fffcfd5149a4a15414,oracle,1,[0],6.538932734850916,6.8108223756783595,7.082712016505803,0.0,0.0,0.0,1.9942303696026955,0.0,0.0,0.0,0.0,0.0,0.0,camera_rotation_center_and_target_diameter_scale_single_view,17.051729701229323,0.0,2637,10000,True,True,True,/content/cv3d-project/data/cache/reconstruction/predictions/04090263/194a4d0bcc1443fffcfd5149a4a15414/0f1ed49fe36da3ee2e87e358.npz,262e5ac0392326b120dbb28c839359a732c199ec41862ecf82ed93a93164af1e,/content/cv3d-project/data/cache/reconstruction/metrics/04090263/194a4d0bcc1443fffcfd5149a4a15414/dcd36c6ab88366b7f4abeb84.json,2.913047999754781
04090263/194a4d0bcc1443fffcfd5149a4a15414,oracle,2,"[0, 27]",0.4451096915369688,0.5337501952178751,0.6223906988987816,0.0,0.0,0.0,1.9942303696026955,0.0,0.0,0.0,0.0,0.0,0.0,camera_pose_sim3,0.641715633824857,0.8869766478889075,10000,10000,True,False,True,/content/cv3d-project/data/cache/reconstruction/predictions/04090263/194a4d0bcc1443fffcfd5149a4a15414/0ad15765970e865d7b5ba0d4.npz,6342ebb59edee8fdd42951019e5a1a0b91ae7014999aea093f67bd5c588cdefc,/content/cv3d-project/data/cache/reconstruction/metrics/04090263/194a4d0bcc1443fffcfd5149a4a15414/20a36ace9beaab5dbc5147e3.json,13.665674000094441
04090263/194a4d0bcc1443fffcfd5149a4a15414,oracle,3,"[0, 27, 15]",0.6590634060095296,0.6916580602200683,0.7242527144306069,0.0,0.0,0.0,1.9942303696026955,0.0,0.0,0.0,0.0,0.0,0.0,camera_pose_sim3,2.2852707126251848,0.7188833302320089,10000,10000,True,False,True,/content/cv3d-project/data/cache/reconstruction/predictions/04090263/194a4d0bcc1443fffcfd5149a4a15414/ef822d25478b6b7e48e55ed3.npz,7664bca04df76adabaaf698c83c892a43ee0ff399e4c40fd7669df32e1e84a5b,/content/cv3d-project/data/cache/reconstruction/metrics/04090263/194a4d0bcc1443fffcfd5149a4a15414/539604c96d703f0b37ee6e1b.json,13.570714000252337
04090263/194a4d0bcc1443fffcfd5149a4a15414,oracle,5,"[0, 27, 15, 17, 36]",1.270117917663202,1.3152556585787702,1.3603933994943385,0.0,0.0,0.0,1.9942303696026955,0.0,0.0,0.0,0.0,0.0,0.0,camera_pose_sim3,2.781152368352614,0.7208334827152703,10000,10000,True,False,True,/content/cv3d-project/data/cache/reconstruction/predictions/04090263/194a4d0bcc1443fffcfd5149a4a15414/6a259eecdd69eda8e528ff1f.npz,3153e36eccbf44e9e3164526fbe835cff57427c558bcfaf3564b4a40ae6da6b6,/content/cv3d-project/data/cache/reconstruction/metrics/04090263/194a4d0bcc1443fffcfd5149a4a15414/0a4a8a17a86baa6a8f31b909.json,12.211475000185601
04090263/194a4d0bcc1443fffcfd5149a4a15414,oracle,10,"[0, 27, 15, 17, 36, 11, 31, 47, 2, 13]",1.6474169259120228,1.685577425031585,1.723737924151147,0.0,0.0,0.0,1.9942303696026955,0.0,0.0,0.0,0.0,0.0,0.0,camera_pose_sim3,2.3747222780457746,1.0461629319765053,10000,10000,True,False,True,/content/cv3d-project/data/cache/reconstruction/predictions/04090263/194a4d0bcc1443fffcfd5149a4a15414/de485a848b1aae1ae6bad23f.npz,840731aa36aa07aac490ebffb4cddab8cb1265d5ed1eb0e7271e4855844a03ca,/content/cv3d-project/data/cache/reconstruction/metrics/04090263/194a4d0bcc1443fffcfd5149a4a15414/1e2addb3510e07b57c9425e2.json,13.083698999707849
04256520/165a78e3a2b705ef22c3a2386a9dfbe9,oracle,1,[0],1.652435828645673,1.7756450183583419,1.898854208071011,0.0,0.0,0.0,1.9987110595894428,0.0,0.0,0.0,0.0,0.0,0.0,camera_rotation_center_and_target_diameter_scale_single_view,6.483510838663643,0.0,10000,10000,True,True,True,/content/cv3d-project/data/cache/reconstruction/predictions/04256520/165a78e3a2b705ef22c3a2386a9dfbe9/b0a62c65f2078200a7406d94.npz,9b69b9699b6c8ad3f3676bb3407fa3d3be617684d826d300a4bb2e7310394cd5,/content/cv3d-project/data/cache/reconstruction/metrics/04256520/165a78e3a2b705ef22c3a2386a9dfbe9/df405682cfd3d3fd9272421c.json,3.723748000084015
04256520/165a78e3a2b705ef22c3a2386a9dfbe9,oracle,2,"[0, 44]",0.09988502403593166,0.177115029325992,0.2543450346160523,0.18337585561042055,0.0021957446808510634,0.008667452830188679,1.9987110595894428,0.4736,0.0129,0.0375,0.1137,0.0012,0.0049,camera_pose_sim3,2.625502248108807,0.04783273132507879,10000,10000,True,False,True,/content/cv3d-project/data/cache/reconstruction/predictions/04256520/165a78e3a2b705ef22c3a2386a9dfbe9/4641af18db601dfc6d3ae79e.npz,3b6cce354c16df1f4ee00fd750e2a67aab88d0854f94f298aa34ab209bff66cc,/content/cv3d-project/data/cache/reconstruction/metrics/04256520/165a78e3a2b705ef22c3a2386a9dfbe9/a69ada914fe0dbc95a624d9f.json,12.800543000139442
04256520/165a78e3a2b705ef22c3a2386a9dfbe9,oracle,3,"[0, 44, 17]",0.18396157437805347,0.23951324622734094,0.2950649180766284,0.02756323119777158,0.0,0.0,1.9987110595894428,0.0532,0.0,0.0,0.0186,0.0,0.0,camera_pose_sim3,2.1130073769981106,0.636530926552729,10000,10000,True,False,True,/content/cv3d-project/data/cache/reconstruction/predictions/04256520/165a78e3a2b705ef22c3a2386a9dfbe9/3d8516aaf0105cc0062df611.npz,a1ca516d7eecae057a050595e414542ee38e7fe5bb4ca2efbe9623bc56ea949e,/content/cv3d-project/data/cache/reconstruction/metrics/04256520/165a78e3a2b705ef22c3a2386a9dfbe9/ba695d9ec9cd390bf504c773.json,11.851184000079229
04256520/165a78e3a2b705ef22c3a2386a9dfbe9,oracle,5,"[0, 44, 17, 5, 31]",0.1992510488746699,0.21863170337036514,0.23801235786606034,0.0003,0.0,0.0,1.9987110595894428,0.0002,0.0,0.0,0.0006,0.0,0.0,camera_pose_sim3,2.569388442381465,0.4834037941652848,10000,10000,True,False,True,/content/cv3d-project/data/cache/reconstruction/predictions/04256520/165a78e3a2b705ef22c3a2386a9dfbe9/6bc9070f4ecbd4a3c8c3966b.npz,f9c7aeae761e56cc6d232d99182cc5d850fefdfa28442aeac5c68cb29afa6aa6,/content/cv3d-project/data/cache/reconstruction/metrics/04256520/165a78e3a2b705ef22c3a2386a9dfbe9/964c68b57f1f18cbd16af0a2.json,13.50519199968403
04256520/165a78e3a2b705ef22c3a2386a9dfbe9,oracle,10,"[0, 44, 17, 5, 31, 12, 1, 26, 36, 45]",0.03324149449835082,0.06946824644912782,0.10569499839990482,0.7446648255084107,0.05154663608562691,0.1315479381443299,1.9987110595894428,1.0,0.0955,0.2613,0.5932,0.0353,0.0879,camera_pose_sim3,2.5150009147857895,0.3160170573403049,10000,10000,True,False,True,/content/cv3d-project/data/cache/reconstruction/predictions/04256520/165a78e3a2b705ef22c3a2386a9dfbe9/01e0050609e32ef2a92d45ac.npz,2733204d7f3629c6da613383b92c2df5d9e91c7dcce9926a3f58f2b19a53b656,/content/cv3d-project/data/cache/reconstruction/metrics/04256520/165a78e3a2b705ef22c3a2386a9dfbe9/f67fbf082bf9038d496159ed.json,13.37514699980602
04256520/1662f76e3762fc92413102507b68bcb5,oracle,1,[0],2.001733209066133,2.0969629980977027,2.192192787129272,0.0,0.0,0.0,1.9959457232422435,0.0,0.0,0.0,0.0,0.0,0.0,camera_rotation_center_and_target_diameter_scale_single_view,7.11352438958616,0.0,10000,10000,True,True,True,/content/cv3d-project/data/cache/reconstruction/predictions/04256520/1662f76e3762fc92413102507b68bcb5/e8e4d3a776438a1610b1761a.npz,d8d1b14544f87676ee4b3e1269165a58d48360e5266f8183b40427d5baa1c16c,/content/cv3d-project/data/cache/reconstruction/metrics/04256520/1662f76e3762fc92413102507b68bcb5/3efefaf54a63cf1874e683e7.json,3.750563000266993
04256520/1662f76e3762fc92413102507b68bcb5,oracle,2,"[0, 39]",0.5508314749234349,0.6271951940359296,0.7035589131484243,0.0,0.0,0.0,1.9959457232422435,0.0,0.0,0.0,0.0,0.0,0.0,camera_pose_sim3,3.075153953244076,0.15602078339198097,10000,10000,True,False,True,/content/cv3d-project/data/cache/reconstruction/predictions/04256520/1662f76e3762fc92413102507b68bcb5/0a87dcdeead09025dae9b5a7.npz,aa5908d317ef1b758e7fe1776346b76ac3b5b98fad2da414cd74771f1f249985,/content/cv3d-project/data/cache/reconstruction/metrics/04256520/1662f76e3762fc92413102507b68bcb5/194575c4b304646a371f32f7.json,11.918097000034322
04256520/1662f76e3762fc92413102507b68bcb5,oracle,3,"[0, 39, 19]",0.9410234069789258,1.05127024209308,1.1615170772072339,0.0,0.0,0.0,1.9959457232422435,0.0,0.0,0.0,0.0,0.0,0.0,camera_pose_sim3,2.104676537198071,1.0055092493484121,10000,10000,True,False,True,/content/cv3d-project/data/cache/reconstruction/predictions/04256520/1662f76e3762fc92413102507b68bcb5/dc0cb899c154ac67c0fa1b3c.npz,86629e4cea293a8c32ced7962b920fd1e7f7e0401bcf8cdeb316e65eccbb2d91,/content/cv3d-project/data/cache/reconstruction/metrics/04256520/1662f76e3762fc92413102507b68bcb5/0014e36761e90054312f6adb.json,12.653327999942121
04256520/1662f76e3762fc92413102507b68bcb5,oracle,5,"[0, 39, 19, 23, 47]",1.449913691605231,1.5047014655638113,1.5594892395223918,0.0,0.0,0.0,1.9959457232422435,0.0,0.0,0.0,0.0,0.0,0.0,camera_pose_sim3,2.6530940415793154,0.7224239281926161,10000,10000,True,False,True,/content/cv3d-project/data/cache/reconstruction/predictions/04256520/1662f76e3762fc92413102507b68bcb5/32ed1da4b1b2eb22ce3caa6d.npz,b2adafbce90218a551ac4655e8dcc8736e85a0e5a050bee5bbd2178447af15ea,/content/cv3d-project/data/cache/reconstruction/metrics/04256520/1662f76e3762fc92413102507b68bcb5/94916a8e9608296a158df55d.json,11.812900999757403
04256520/1662f76e3762fc92413102507b68bcb5,oracle,10,"[0, 39, 19, 23, 47, 30, 9, 13, 46, 43]",0.4158069184147494,0.44678820072691056,0.4777694830390717,0.0,0.0,0.0,1.9959457232422435,0.0,0.0,0.0,0.0,0.0,0.0,camera_pose_sim3,1.691507695020626,0.9183162536552294,10000,10000,True,False,True,/content/cv3d-project/data/cache/reconstruction/predictions/04256520/1662f76e3762fc92413102507b68bcb5/7ecdc527a6216e118d9ab38f.npz,5a12d68d140a8a931e474a261881eb633f647378176e1b673cdf076dcf9c73d2,/content/cv3d-project/data/cache/reconstruction/metrics/04256520/1662f76e3762fc92413102507b68bcb5/159fa876b1e8ad533f0e83e6.json,12.656240000069374
04256520/16632d002fc0eec9917b96045c9b6dea,oracle,1,[0],1.4837614894185807,1.6814393695650187,1.8791172497114568,0.0,0.0,0.0,1.997489212660642,0.0,0.0,0.0,0.0,0.0,0.0,camera_rotation_center_and_target_diameter_scale_single_view,6.3856688219793485,0.0,10000,10000,True,True,True,/content/cv3d-project/data/cache/reconstruction/predictions/04256520/16632d002fc0eec9917b96045c9b6dea/373b29943d2701a9e8207739.npz,0a32d8cfa4952518e4e810e0056e6693c118e44d32bf6a1796157ef190d4a386,/content/cv3d-project/data/cache/reconstruction/metrics/04256520/16632d002fc0eec9917b96045c9b6dea/e382372b95d82fcc12f9f9ef.json,3.9765559999977995
04256520/16632d002fc0eec9917b96045c9b6dea,oracle,2,"[0, 44]",1.1016584122976674,1.228398772965389,1.3551391336331102,0.0,0.0,0.0,1.997489212660642,0.0,0.0,0.0,0.0,0.0,0.0,camera_pose_sim3,1.6841329812822694,1.1805560365629757,10000,10000,True,False,True,/content/cv3d-project/data/cache/reconstruction/predictions/04256520/16632d002fc0eec9917b96045c9b6dea/7df880ab4863df391713f95d.npz,66a72424381270c4136159fc554804f347969e941f3d0ed275d7f986cace095e,/content/cv3d-project/data/cache/reconstruction/metrics/04256520/16632d002fc0eec9917b96045c9b6dea/142857933fe8e0fdbaf8ff7f.json,12.10011500006658
04256520/16632d002fc0eec9917b96045c9b6dea,oracle,3,"[0, 44, 9]",0.8030186407120318,0.9148234141226341,1.0266281875332364,0.0,0.0,0.0,1.997489212660642,0.0,0.0,0.0,0.0,0.0,0.0,camera_pose_sim3,1.9480490945703206,0.8710115206887014,10000,10000,True,False,True,/content/cv3d-project/data/cache/reconstruction/predictions/04256520/16632d002fc0eec9917b96045c9b6dea/c4e5d6a0aa02ec49bd1273ae.npz,c21df0822b042a9520a3fda06e607625cb090140881bf7c34870789a438a0fa1,/content/cv3d-project/data/cache/reconstruction/metrics/04256520/16632d002fc0eec9917b96045c9b6dea/acf0d0221a707a3333e3cb35.json,11.563320999812277
04256520/16632d002fc0eec9917b96045c9b6dea,oracle,5,"[0, 44, 9, 15, 18]",0.022190949605070596,0.19059264652413752,0.3589943434432044,0.10964083175803403,0.005322897937599154,0.013033898951382267,1.997489212660642,1.0,0.1864,0.5179,0.058,0.0027,0.0066,camera_pose_sim3,0.8307416944780289,1.2069374427667956,10000,10000,True,False,True,/content/cv3d-project/data/cache/reconstruction/predictions/04256520/16632d002fc0eec9917b96045c9b6dea/5865d50e2d948bcf584e548f.npz,86d928c5ae868f346bf05d325d872acfa1e17f5a446498e33b3e1a7206f13dd3,/content/cv3d-project/data/cache/reconstruction/metrics/04256520/16632d002fc0eec9917b96045c9b6dea/d1a921298ade1897458ce126.json,11.551825000424287
04256520/16632d002fc0eec9917b96045c9b6dea,oracle,10,"[0, 44, 9, 15, 18, 13, 10, 32, 14, 45]",0.07814938474789525,0.12628931369686797,0.1744292426458407,0.31806386254602254,0.03132824427480916,0.07073733404142327,1.997489212660642,0.6896,0.057,0.1411,0.2067,0.0216,0.0472,camera_pose_sim3,2.457555899574862,0.4544688519130643,10000,10000,True,False,True,/content/cv3d-project/data/cache/reconstruction/predictions/04256520/16632d002fc0eec9917b96045c9b6dea/2d7367ecd06634f701f19d0e.npz,712eb7c655dd3e1db568aad4ba44a8cf3b188721ba4b7f41e99848af70a670d9,/content/cv3d-project/data/cache/reconstruction/metrics/04256520/16632d002fc0eec9917b96045c9b6dea/11ef3231b8d181f3b85af613.json,12.320301000272593
04256520/1667fb24efa940b9527e7f2c027f7469,oracle,1,[0],1.9904047615344436,2.10624827560162,2.2220917896687964,0.0,0.0,0.0,1.998214942682119,0.0,0.0,0.0,0.0,0.0,0.0,camera_rotation_center_and_target_diameter_scale_single_view,7.303314122792744,0.0,10000,10000,True,True,True,/content/cv3d-project/data/cache/reconstruction/predictions/04256520/1667fb24efa940b9527e7f2c027f7469/b9d4af9e02258a7aba2be87b.npz,a1df676556216c47c1ca092de1f1925037e45a1b9031ab802e706e922c38441f,/content/cv3d-project/data/cache/reconstruction/metrics/04256520/1667fb24efa940b9527e7f2c027f7469/586bd23cb16976bf832ff50b.json,3.8121170000522397
04256520/1667fb24efa940b9527e7f2c027f7469,oracle,2,"[0, 44]",0.9419744171227129,1.0810727263060476,1.2201710354893822,0.0,0.0,0.0,1.998214942682119,0.0,0.0,0.0,0.0,0.0,0.0,camera_pose_sim3,2.21886368148087,0.7365363528964125,10000,10000,True,False,True,/content/cv3d-project/data/cache/reconstruction/predictions/04256520/1667fb24efa940b9527e7f2c027f7469/6b1b2fa9f50b7984bae51284.npz,11025edd46408570e347e1585d309c10082fc01dc999890d945ecaacb20cdafc,/content/cv3d-project/data/cache/reconstruction/metrics/04256520/1667fb24efa940b9527e7f2c027f7469/5980fa7070c9aa7dfb5953fd.json,11.790737999945122
04256520/1667fb24efa940b9527e7f2c027f7469,oracle,3,"[0, 44, 17]",0.13669764581439334,0.24380854217590664,0.35091943853741997,0.08909077147016012,0.0,0.002776119402985074,1.998214942682119,0.2909,0.0,0.0186,0.0526,0.0,0.0015,camera_pose_sim3,1.3406050622172188,1.201332531320746,10000,10000,True,False,True,/content/cv3d-project/data/cache/reconstruction/predictions/04256520/1667fb24efa940b9527e7f2c027f7469/f656f7fa2e07f18c00bc854f.npz,6e798499feeaa81eb9a974c2b3e0d3bb17b2c2fb340aed947846a658b0907a53,/content/cv3d-project/data/cache/reconstruction/metrics/04256520/1667fb24efa940b9527e7f2c027f7469/deff9493cd0c06d838b58efc.json,12.772904000030394
04256520/1667fb24efa940b9527e7f2c027f7469,oracle,5,"[0, 44, 17, 19, 39]",0.11851637402173973,0.23177906907454748,0.34504176412735527,0.001417142857142857,0.0,0.0,1.998214942682119,0.0062,0.0,0.0,0.0008,0.0,0.0,camera_pose_sim3,0.27780525117554605,1.354024888836295,10000,10000,True,False,True,/content/cv3d-project/data/cache/reconstruction/predictions/04256520/1667fb24efa940b9527e7f2c027f7469/754153226cd2d5e9323f4901.npz,b542f076d048d1161620d3a721011f2c8d838a17f44e77fc86d54bb76e4c3a61,/content/cv3d-project/data/cache/reconstruction/metrics/04256520/1667fb24efa940b9527e7f2c027f7469/efd085f5257075761c941787.json,12.356433999684668
04256520/1667fb24efa940b9527e7f2c027f7469,oracle,10,"[0, 44, 17, 19, 39, 11, 37, 9, 47, 23]",0.31870680226202336,0.36301564271865194,0.4073244831752805,0.0,0.0,0.0,1.998214942682119,0.0,0.0,0.0,0.0,0.0,0.0,camera_pose_sim3,1.2523640928777768,1.1013031833133209,10000,10000,True,False,True,/content/cv3d-project/data/cache/reconstruction/predictions/04256520/1667fb24efa940b9527e7f2c027f7469/c853ccd7b6d0459387380160.npz,bab440917ef4310cefb27d4be0597a8b15e370c09aebe5eb8210473679a83020,/content/cv3d-project/data/cache/reconstruction/metrics/04256520/1667fb24efa940b9527e7f2c027f7469/3b4cc743dcf0b8a520debb4f.json,12.614346999725967
04256520/167088246175f31c593ebeeedbff73b,oracle,1,[0],2.1150851185791257,2.1938229051889913,2.2725606917988572,0.0,0.0,0.0,1.9944423149971349,0.0,0.0,0.0,0.0,0.0,0.0,camera_rotation_center_and_target_diameter_scale_single_view,7.345379785588323,0.0,10000,10000,True,True,True,/content/cv3d-project/data/cache/reconstruction/predictions/04256520/167088246175f31c593ebeeedbff73b/22c246f88c9ff24656917ed4.npz,2f1a3031d9d39932ec562bd4fe6bf24808d98bece6ebceb800434a2d1f20381e,/content/cv3d-project/data/cache/reconstruction/metrics/04256520/167088246175f31c593ebeeedbff73b/2dca7967b05c4f9b8c8ede0c.json,3.8032830002521223
04256520/167088246175f31c593ebeeedbff73b,oracle,2,"[0, 44]",0.14332434288938728,0.22334234399899858,0.3033603451086099,0.07819992907801418,0.0,0.0,1.9944423149971349,0.2351,0.0,0.0,0.0469,0.0,0.0,camera_pose_sim3,2.524374539451553,0.0655104294917652,10000,10000,True,False,True,/content/cv3d-project/data/cache/reconstruction/predictions/04256520/167088246175f31c593ebeeedbff73b/34a6e343dab25071ea6afe74.npz,75f1f65610c3fa6318a8a7ecd4ae4a5227f3fcb8323f08acaa74e8be8ed5066b,/content/cv3d-project/data/cache/reconstruction/metrics/04256520/167088246175f31c593ebeeedbff73b/3574d275f1ce17b4a99f4f71.json,11.960322000049928
04256520/167088246175f31c593ebeeedbff73b,oracle,3,"[0, 44, 33]",0.13088282464111997,0.3107745465632447,0.4906662684853695,0.07037368841544608,0.006246153846153846,0.01132924791086351,1.9944423149971349,0.3362,0.029,0.0656,0.0393,0.0035,0.0062,camera_pose_sim3,1.9637872392910103,1.0316194199611988,10000,10000,True,False,True,/content/cv3d-project/data/cache/reconstruction/predictions/04256520/167088246175f31c593ebeeedbff73b/98d1b52e8804d1f9bc446f01.npz,80e9d6694bc4b695511a471efeef8782a9a4015f0fc1c3d544f846c6598c4ea6,/content/cv3d-project/data/cache/reconstruction/metrics/04256520/167088246175f31c593ebeeedbff73b/c3a49756dd19a800de7c4b75.json,12.56419499986805
04256520/167088246175f31c593ebeeedbff73b,oracle,5,"[0, 44, 33, 19, 15]",0.020683170860455954,0.1428902205461849,0.2650972702319138,0.20611714055072203,0.004150281848928974,0.012639120188531031,1.9944423149971349,1.0,0.1753,0.5028,0.1149,0.0021,0.0064,camera_pose_sim3,0.4969340993689651,1.334795617492245,10000,10000,True,False,True,/content/cv3d-project/data/cache/reconstruction/predictions/04256520/167088246175f31c593ebeeedbff73b/372acdb3688c25bcdef17322.npz,c60678b04c005f35262bd9fb4660b74dc3940b9edded0f0de6db364377e40a3f,/content/cv3d-project/data/cache/reconstruction/metrics/04256520/167088246175f31c593ebeeedbff73b/d38265f653fa5ad8ded3e8fd.json,12.68341800005146
04256520/167088246175f31c593ebeeedbff73b,oracle,10,"[0, 44, 33, 19, 15, 13, 1, 21, 9, 4]",0.03981371087460953,0.0836651536543064,0.1275165964340033,0.5971803324682613,0.051626527777777785,0.1065887030609025,1.9944423149971349,1.0,0.1103,0.2491,0.4257,0.0337,0.0678,camera_pose_sim3,2.3356304795848173,0.6292783327544604,10000,10000,True,False,True,/content/cv3d-project/data/cache/reconstruction/predictions/04256520/167088246175f31c593ebeeedbff73b/56d97e991483a5c4a0970315.npz,9c8fac28171cf4f6ed216cfc195486d9a682ef2b9cd56031d547c36b371495fb,/content/cv3d-project/data/cache/reconstruction/metrics/04256520/167088246175f31c593ebeeedbff73b/56045723e579a9f506917bd3.json,12.719913000182714
04256520/1670f9ce4de8a548d08f8c5dee475682,oracle,1,[0],2.413874771655032,2.620385244978544,2.8268957183020555,0.0,0.0,0.0,1.9999937557064644,0.0,0.0,0.0,0.0,0.0,0.0,camera_rotation_center_and_target_diameter_scale_single_view,8.278264195821082,0.0,10000,10000,True,True,True,/content/cv3d-project/data/cache/reconstruction/predictions/04256520/1670f9ce4de8a548d08f8c5dee475682/905317a56dff3e41142d3253.npz,151ad9278b80614aaeda6c4329d293036f653b792c6f241810911e1d6a4b41fa,/content/cv3d-project/data/cache/reconstruction/metrics/04256520/1670f9ce4de8a548d08f8c5dee475682/4b3b3624f7f90a771a7be3df.json,3.9079419998415688
04256520/1670f9ce4de8a548d08f8c5dee475682,oracle,2,"[0, 44]",1.1465365920456516,1.3139689461538981,1.4814013002621447,0.0,0.0,0.0,1.9999937557064644,0.0,0.0,0.0,0.0,0.0,0.0,camera_pose_sim3,2.6812459958254,0.6231969260024375,10000,10000,True,False,True,/content/cv3d-project/data/cache/reconstruction/predictions/04256520/1670f9ce4de8a548d08f8c5dee475682/f1afeeb5d6c3f94cef1025a6.npz,4fecddb1660be1030b8c7933e20176dc9279d0b6ddbada02435d4d2e56c03ecb,/content/cv3d-project/data/cache/reconstruction/metrics/04256520/1670f9ce4de8a548d08f8c5dee475682/c86737ab75b07d75aedc376d.json,13.239106000128231
04256520/1670f9ce4de8a548d08f8c5dee475682,oracle,3,"[0, 44, 17]",0.1820179095427696,0.32752804644250305,0.47303818334223646,0.002618181818181818,0.0,0.0,1.9999937557064644,0.0072,0.0,0.0,0.0016,0.0,0.0,camera_pose_sim3,1.7045576653887262,1.0122375414320472,10000,10000,True,False,True,/content/cv3d-project/data/cache/reconstruction/predictions/04256520/1670f9ce4de8a548d08f8c5dee475682/b33a0abfe7179bebc1d6b530.npz,854a520b084d8cf7ad373a75264a688f70c344405d646c3806daaef6deff3cca,/content/cv3d-project/data/cache/reconstruction/metrics/04256520/1670f9ce4de8a548d08f8c5dee475682/9878421f701be8ce1063b762.json,13.10223100017538
04256520/1670f9ce4de8a548d08f8c5dee475682,oracle,5,"[0, 44, 17, 22, 20]",0.7769828259398679,0.8325657016376451,0.8881485773354224,0.0,0.0,0.0,1.9999937557064644,0.0,0.0,0.0,0.0,0.0,0.0,camera_pose_sim3,1.4469297198417677,1.0137582321957335,10000,10000,True,False,True,/content/cv3d-project/data/cache/reconstruction/predictions/04256520/1670f9ce4de8a548d08f8c5dee475682/47fdc80bbe7a44cd6aab8821.npz,3589fad40e9c7cd7eb186bed915464c59b4020464a7cdbb6c179e20c45ce5aed,/content/cv3d-project/data/cache/reconstruction/metrics/04256520/1670f9ce4de8a548d08f8c5dee475682/8ad99aa1a6324b16b58bb097.json,11.877302999891981
04256520/1670f9ce4de8a548d08f8c5dee475682,oracle,10,"[0, 44, 17, 22, 20, 39, 30, 16, 11, 40]",0.0491338639663174,0.13980606261919012,0.23047826127206283,0.398178012793177,0.04829165507649514,0.10994397905759162,1.9999937557064644,0.9183,0.1131,0.2751,0.2542,0.0307,0.0687,camera_pose_sim3,2.0147903088564574,0.7483102735979683,10000,10000,True,False,True,/content/cv3d-project/data/cache/reconstruction/predictions/04256520/1670f9ce4de8a548d08f8c5dee475682/440076b90e786af6c0c3c414.npz,5771bb1a9f1c47f5df0853aab22aec49042aa2d2bcd50901014c789dce03b7ee,/content/cv3d-project/data/cache/reconstruction/metrics/04256520/1670f9ce4de8a548d08f8c5dee475682/4d633069fca8c47fe20484b4.json,13.561849999859987
04256520/1685b0cf2d1a2849d0a2ef258a9c71d6,oracle,1,[0],1.227944310140317,1.3703738535059466,1.5128033968715764,0.0,0.0,0.0,1.992867997591173,0.0,0.0,0.0,0.0,0.0,0.0,camera_rotation_center_and_target_diameter_scale_single_view,5.605668779908465,0.0,10000,10000,True,True,True,/content/cv3d-project/data/cache/reconstruction/predictions/04256520/1685b0cf2d1a2849d0a2ef258a9c71d6/ee9c3eb660fa2c5b61602528.npz,cb1747c599627bbb5d56991245def611fc4b1d3126ec26c6f3012529098c3a29,/content/cv3d-project/data/cache/reconstruction/metrics/04256520/1685b0cf2d1a2849d0a2ef258a9c71d6/3106b6d7abbae1646696c16a.json,4.015844999685214
04256520/1685b0cf2d1a2849d0a2ef258a9c71d6,oracle,2,"[0, 44]",0.1689352683429895,0.2505162524728719,0.3320972366027543,0.022978563015312134,0.0,0.0,1.992867997591173,0.0712,0.0,0.0,0.0137,0.0,0.0,camera_pose_sim3,2.5458867593395413,0.1301640450523371,10000,10000,True,False,True,/content/cv3d-project/data/cache/reconstruction/predictions/04256520/1685b0cf2d1a2849d0a2ef258a9c71d6/6338eee4d79d808ac2abdde7.npz,e118786461574b9672d5c8160be1736bea4b9deb48dad7f6cb5ac84e9ddcddda,/content/cv3d-project/data/cache/reconstruction/metrics/04256520/1685b0cf2d1a2849d0a2ef258a9c71d6/79c1bc91537829c70989aa7d.json,12.32866100008323
04256520/1685b0cf2d1a2849d0a2ef258a9c71d6,oracle,3,"[0, 44, 17]",0.38032755699609205,0.5122073514721471,0.6440871459482023,0.0,0.0,0.0,1.992867997591173,0.0,0.0,0.0,0.0,0.0,0.0,camera_pose_sim3,1.8479682058742988,0.803683320488923,10000,10000,True,False,True,/content/cv3d-project/data/cache/reconstruction/predictions/04256520/1685b0cf2d1a2849d0a2ef258a9c71d6/359ea9085e3d3434d8767794.npz,02b9331d4173e86cd18336ee47475ce1db26e061825ee950874c41eb8a8edf61,/content/cv3d-project/data/cache/reconstruction/metrics/04256520/1685b0cf2d1a2849d0a2ef258a9c71d6/d5aa820df4f0d8627a918e19.json,13.625843999761855
04256520/1685b0cf2d1a2849d0a2ef258a9c71d6,oracle,5,"[0, 44, 17, 39, 11]",0.5890978751069658,0.6202862393816845,0.6514746036564032,0.0,0.0,0.0,1.992867997591173,0.0,0.0,0.0,0.0,0.0,0.0,camera_pose_sim3,1.986517336637301,0.59535614903075,10000,10000,True,False,True,/content/cv3d-project/data/cache/reconstruction/predictions/04256520/1685b0cf2d1a2849d0a2ef258a9c71d6/9345a9aeb0ee6fe66a3d7374.npz,0887e5fd3a8a0d1d476ebccb094c234d9cf6e109cf4432f98dbb858c4b3336c9,/content/cv3d-project/data/cache/reconstruction/metrics/04256520/1685b0cf2d1a2849d0a2ef258a9c71d6/c175b82542a100502d25bc1b.json,13.550176000080683
04256520/1685b0cf2d1a2849d0a2ef258a9c71d6,oracle,10,"[0, 44, 17, 39, 11, 29, 8, 21, 30, 33]",0.05862000017214195,0.12310361245540359,0.18758722473866524,0.30450368351813567,0.04665812542144302,0.08275477996965099,1.992867997591173,0.8801,0.1193,0.2122,0.1841,0.029,0.0514,camera_pose_sim3,2.1205532722128377,0.5312781752385702,10000,10000,True,False,True,/content/cv3d-project/data/cache/reconstruction/predictions/04256520/1685b0cf2d1a2849d0a2ef258a9c71d6/b2c5e748bf2fc15ac834d8ef.npz,f4a9bf62c9d55358993e0179bd15d1f6826f225f42962220cc026bbd918516fe,/content/cv3d-project/data/cache/reconstruction/metrics/04256520/1685b0cf2d1a2849d0a2ef258a9c71d6/6d288fc71f47952df182755f.json,14.386083999852417
04256520/16a5920c004800ca76e9713f57a5fcb6,oracle,1,[0],1.9597979807870334,2.0742748450524466,2.18875170931786,0.0,0.0,0.0,1.9974340572388543,0.0,0.0,0.0,0.0,0.0,0.0,camera_rotation_center_and_target_diameter_scale_single_view,7.100791536708715,0.0,10000,10000,True,True,True,/content/cv3d-project/data/cache/reconstruction/predictions/04256520/16a5920c004800ca76e9713f57a5fcb6/b38075adbe310501f4103abc.npz,e6a29d0ea9528a19ccab4048679fb55684544dc6a7d7dba841566145c6ee57f9,/content/cv3d-project/data/cache/reconstruction/metrics/04256520/16a5920c004800ca76e9713f57a5fcb6/45dfdd511ec3c73ccfa1a819.json,3.8596130002588325
04256520/16a5920c004800ca76e9713f57a5fcb6,oracle,2,"[0, 39]",0.9633709346515713,1.0576938706957346,1.152016806739898,0.0,0.0,0.0,1.9974340572388543,0.0,0.0,0.0,0.0,0.0,0.0,camera_pose_sim3,3.5242588351121302,0.3347511030396561,10000,10000,True,False,True,/content/cv3d-project/data/cache/reconstruction/predictions/04256520/16a5920c004800ca76e9713f57a5fcb6/fc8bc1a036fa6bfc32c9d7df.npz,d6ddfec6156ddf7e59cbbc6b18d5dfae52f8c5561325ae45fe5476b7757acaef,/content/cv3d-project/data/cache/reconstruction/metrics/04256520/16a5920c004800ca76e9713f57a5fcb6/09e6be88e826c0084db49864.json,11.606535000282747
04256520/16a5920c004800ca76e9713f57a5fcb6,oracle,3,"[0, 39, 35]",0.5674233800891277,0.6700523297383584,0.772681279387589,0.0,0.0,0.0,1.9974340572388543,0.0,0.0,0.0,0.0,0.0,0.0,camera_pose_sim3,2.4854431630806526,0.7637607001454945,10000,10000,True,False,True,/content/cv3d-project/data/cache/reconstruction/predictions/04256520/16a5920c004800ca76e9713f57a5fcb6/c9392bc6e957a9218d32eda4.npz,7c3346b2760c7b00d7646b4f673f8f868c733377634df6369a58757a1b0a96da,/content/cv3d-project/data/cache/reconstruction/metrics/04256520/16a5920c004800ca76e9713f57a5fcb6/121a87425382e0ff393877b2.json,13.526023999929748
04256520/16a5920c004800ca76e9713f57a5fcb6,oracle,5,"[0, 39, 35, 30, 15]",0.2272900997684613,0.29512020918234466,0.36295031859622806,0.0,0.0,0.0,1.9974340572388543,0.0,0.0,0.0,0.0,0.0,0.0,camera_pose_sim3,2.366770872849345,0.5738278296784168,10000,10000,True,False,True,/content/cv3d-project/data/cache/reconstruction/predictions/04256520/16a5920c004800ca76e9713f57a5fcb6/dad7eefe0ce8747b077e77ba.npz,42a431c23da14ad08e1597bd4bbf169d007bf1df9abc156bd56eb2a14e691614,/content/cv3d-project/data/cache/reconstruction/metrics/04256520/16a5920c004800ca76e9713f57a5fcb6/03ddb908b93cf6ed7a8e21b7.json,13.58934500012765
04256520/16a5920c004800ca76e9713f57a5fcb6,oracle,10,"[0, 39, 35, 30, 15, 36, 46, 23, 29, 31]",0.2618367943345357,0.324697435557021,0.3875580767795063,0.0,0.0,0.0,1.9974340572388543,0.0,0.0,0.0,0.0,0.0,0.0,camera_pose_sim3,2.040308334706347,0.7393571330161091,10000,10000,True,False,True,/content/cv3d-project/data/cache/reconstruction/predictions/04256520/16a5920c004800ca76e9713f57a5fcb6/fe13db9293e72e9feff2dfde.npz,9d6b0cb84001ca2c90eada179bb1f0ab0882038da10e9b9e94ab8a73a3ce0864,/content/cv3d-project/data/cache/reconstruction/metrics/04256520/16a5920c004800ca76e9713f57a5fcb6/540f56014c06657f44067817.json,13.54718300035529
04256520/16bb3ec52397cdf9cf01bc59d215f0,oracle,1,[0],1.3510424378021966,1.4387738838298803,1.526505329857564,0.0,0.0,0.0,1.9996515770881886,0.0,0.0,0.0,0.0,0.0,0.0,camera_rotation_center_and_target_diameter_scale_single_view,5.82783278017957,0.0,10000,10000,True,True,True,/content/cv3d-project/data/cache/reconstruction/predictions/04256520/16bb3ec52397cdf9cf01bc59d215f0/a9bd0f59b12bf9a8cdacb46c.npz,b8659d5655df22f52ec2a88416d33d8ee943253c49037f3640e77e58814ad489,/content/cv3d-project/data/cache/reconstruction/metrics/04256520/16bb3ec52397cdf9cf01bc59d215f0/4f8c9a233de54415bf67ae20.json,3.9477690002058807
04256520/16bb3ec52397cdf9cf01bc59d215f0,oracle,2,"[0, 33]",0.06941428827746991,0.1877665438297151,0.3061187993819603,0.13349311740890688,0.0029323308270676695,0.008376014536644457,1.9996515770881886,0.7168,0.065,0.1608,0.0736,0.0015,0.0043,camera_pose_sim3,1.0040252596957953,1.1953390069488776,10000,10000,True,False,True,/content/cv3d-project/data/cache/reconstruction/predictions/04256520/16bb3ec52397cdf9cf01bc59d215f0/42360027748dd42aeb66b7b2.npz,4372e94b15f2766346bafabe876c9e482a46df5c4e8a691f9733f8eec153572d,/content/cv3d-project/data/cache/reconstruction/metrics/04256520/16bb3ec52397cdf9cf01bc59d215f0/805b350d093eddb57adeb359.json,12.197351999930106
04256520/16bb3ec52397cdf9cf01bc59d215f0,oracle,3,"[0, 33, 37]",0.2291685825639312,0.24590123987311166,0.26263389718229213,0.023741273100616016,0.0,0.0,1.9996515770881886,0.0282,0.0,0.0,0.0205,0.0,0.0,camera_pose_sim3,2.570811622676675,0.32866007366978617,10000,10000,True,False,True,/content/cv3d-project/data/cache/reconstruction/predictions/04256520/16bb3ec52397cdf9cf01bc59d215f0/34476ef2f0b6eedcb45fc201.npz,325f41066eb05385e854d5c9e1cbe04050c231ca78ae5c6564823069645e07f0,/content/cv3d-project/data/cache/reconstruction/metrics/04256520/16bb3ec52397cdf9cf01bc59d215f0/402ee9956f0f6935a50af1a1.json,12.553467000088858
04256520/16bb3ec52397cdf9cf01bc59d215f0,oracle,5,"[0, 33, 37, 22, 35]",0.6619558783493755,0.6803983245378465,0.6988407707263176,0.0,0.0,0.0,1.9996515770881886,0.0,0.0,0.0,0.0,0.0,0.0,camera_pose_sim3,2.399023351177773,0.5452359073577838,10000,10000,True,False,True,/content/cv3d-project/data/cache/reconstruction/predictions/04256520/16bb3ec52397cdf9cf01bc59d215f0/fefbec70a1aa19274ef8c4fe.npz,67febca4552271eb4064feaed86d6ad4cb7965b9433e018ed8782779b4329c4d,/content/cv3d-project/data/cache/reconstruction/metrics/04256520/16bb3ec52397cdf9cf01bc59d215f0/b422d84557085de14905e2e8.json,12.816001999908622
04256520/16bb3ec52397cdf9cf01bc59d215f0,oracle,10,"[0, 33, 37, 22, 35, 46, 39, 21, 43, 6]",0.13073175254901517,0.18387337309184498,0.23701499363467482,0.12648615384615383,0.005537414965986395,0.009029315960912051,1.9996515770881886,0.239,0.011,0.0252,0.086,0.0037,0.0055,camera_pose_sim3,2.1145374749879204,0.7585948817442099,10000,10000,True,False,True,/content/cv3d-project/data/cache/reconstruction/predictions/04256520/16bb3ec52397cdf9cf01bc59d215f0/bd7c3fd2a5d635ac30a82828.npz,f5815efee79bc9b1cd1d2bd12dfec3ca4e51eeb52f71dbe26192cf63c71e4d7a,/content/cv3d-project/data/cache/reconstruction/metrics/04256520/16bb3ec52397cdf9cf01bc59d215f0/f8e8aba989fc610deb86d567.json,13.610130999950343
04256520/16ca439cd60eae5f23500a5b036df62e,oracle,1,[0],1.781368722290731,1.8965493763322705,2.01173003037381,0.0,0.0,0.0,1.9777524397437096,0.0,0.0,0.0,0.0,0.0,0.0,camera_rotation_center_and_target_diameter_scale_single_view,6.659970862138362,0.0,10000,10000,True,True,True,/content/cv3d-project/data/cache/reconstruction/predictions/04256520/16ca439cd60eae5f23500a5b036df62e/8de1beb52d9dee8e01577fb8.npz,09b6d44fc284275aab10950698f845b492121b9c2515e01c76ea83ae354fe77b,/content/cv3d-project/data/cache/reconstruction/metrics/04256520/16ca439cd60eae5f23500a5b036df62e/91940d0e8f84fee5bdb7e8af.json,4.033688999697915
04256520/16ca439cd60eae5f23500a5b036df62e,oracle,2,"[0, 44]",0.06401095464147136,0.14875953080722973,0.2335081069729881,0.21982024953074972,0.011804617253948968,0.027263667820069205,1.9777524397437096,0.7777,0.0759,0.1876,0.128,0.0064,0.0147,camera_pose_sim3,2.6975625596556427,0.041312683249688335,10000,10000,True,False,True,/content/cv3d-project/data/cache/reconstruction/predictions/04256520/16ca439cd60eae5f23500a5b036df62e/2027b5ff6f0c42b6eceb0648.npz,5cda0e39d3cb3d5ccebd91f901a2c0fa8fccadf84fc11630c0343e0ba63cb63f,/content/cv3d-project/data/cache/reconstruction/metrics/04256520/16ca439cd60eae5f23500a5b036df62e/0956d31d1821b0658ccdf2dc.json,11.988878000011027
04256520/16ca439cd60eae5f23500a5b036df62e,oracle,3,"[0, 44, 17]",0.24130618711860455,0.2722054801464052,0.3031047731742059,0.0,0.0,0.0,1.9777524397437096,0.0,0.0,0.0,0.0,0.0,0.0,camera_pose_sim3,2.624940826465976,0.3214921876720634,10000,10000,True,False,True,/content/cv3d-project/data/cache/reconstruction/predictions/04256520/16ca439cd60eae5f23500a5b036df62e/0820b542c8a36b3f1e3a8d09.npz,56a2f78668db22f450188e403f1de24c206dcf11bba63844cb940a3ddf35d219,/content/cv3d-project/data/cache/reconstruction/metrics/04256520/16ca439cd60eae5f23500a5b036df62e/ac6b34fea6093c2d9571f515.json,12.581257999954687
04256520/16ca439cd60eae5f23500a5b036df62e,oracle,5,"[0, 44, 17, 31, 27]",0.08040302544880429,0.10228352375268727,0.12416402205657026,0.44687578308535625,0.0,0.0001333333333333333,1.9777524397437096,0.6915,0.0,0.0001,0.3301,0.0,0.0002,camera_pose_sim3,2.6281533445616594,0.19301460294174055,10000,10000,True,False,True,/content/cv3d-project/data/cache/reconstruction/predictions/04256520/16ca439cd60eae5f23500a5b036df62e/b3311b89ad32c871668a8be2.npz,a3f6900c12735d97b3d003bc6330000f5c9b6719b0174b880f5c149c701d2872,/content/cv3d-project/data/cache/reconstruction/metrics/04256520/16ca439cd60eae5f23500a5b036df62e/72306c27718d5fd06c15701e.json,12.18009100011841
04256520/16ca439cd60eae5f23500a5b036df62e,oracle,10,"[0, 44, 17, 31, 27, 32, 8, 36, 12, 42]",0.04086416622503407,0.05809846898747971,0.07533277174992535,0.8185798668093709,0.06128220402084884,0.20215198446937013,1.9777524397437096,0.9779,0.087,0.3147,0.7039,0.0473,0.1489,camera_pose_sim3,2.582383540367296,0.1799845184349375,10000,10000,True,False,True,/content/cv3d-project/data/cache/reconstruction/predictions/04256520/16ca439cd60eae5f23500a5b036df62e/1845d237de48fbda46ad8095.npz,8fea816c30ff74ec090b0a115af48379aa6d9c1164fe9860150b271437405e3b,/content/cv3d-project/data/cache/reconstruction/metrics/04256520/16ca439cd60eae5f23500a5b036df62e/7a08ac90efbe4399fb7c7228.json,13.014545999794791
04379243/1270e7980d2d69d293a790c6eb6d2ee5,oracle,1,[0],0.3316949606590369,0.3944549759254311,0.45721499119182535,0.0,0.0,0.0,1.9999827486808772,0.0,0.0,0.0,0.0,0.0,0.0,camera_rotation_center_and_target_diameter_scale_single_view,4.080987051304182,0.0,10000,10000,True,True,True,/content/cv3d-project/data/cache/reconstruction/predictions/04379243/1270e7980d2d69d293a790c6eb6d2ee5/7dacabd789dac13f2b577325.npz,e575ca18431b108c37df3d612645e1d9c14cd34827f36afbb51b56e0134c9105,/content/cv3d-project/data/cache/reconstruction/metrics/04379243/1270e7980d2d69d293a790c6eb6d2ee5/b54d46909b9c2a438315a112.json,3.9329850001195155
04379243/1270e7980d2d69d293a790c6eb6d2ee5,oracle,2,"[0, 44]",0.06352050258762697,0.1088783819250129,0.15423626126239884,0.4656364556962025,0.08777730936143832,0.1274148276717084,1.9999827486808772,0.7728,0.2702,0.324,0.3332,0.0524,0.0793,camera_pose_sim3,2.4324296682051667,0.046003366596820264,10000,10000,True,False,True,/content/cv3d-project/data/cache/reconstruction/predictions/04379243/1270e7980d2d69d293a790c6eb6d2ee5/2bd692bd76fb9ce5734f964d.npz,c678f842173fbdf6ec929457d07f6b9595657d5127d7da773eb487b14b8b2ebb,/content/cv3d-project/data/cache/reconstruction/metrics/04379243/1270e7980d2d69d293a790c6eb6d2ee5/ce22123081f7ceebe11b5a78.json,12.787046999619633
04379243/1270e7980d2d69d293a790c6eb6d2ee5,oracle,3,"[0, 44, 17]",0.08446179168525221,0.10923729438938465,0.1340127970935171,0.4417830361123495,0.023420560747663556,0.058604727272727274,1.9999827486808772,0.5039,0.0716,0.1269,0.3933,0.014,0.0381,camera_pose_sim3,2.241089067343584,0.32369293420982326,10000,10000,True,False,True,/content/cv3d-project/data/cache/reconstruction/predictions/04379243/1270e7980d2d69d293a790c6eb6d2ee5/86e2caeeb503a409ff90117e.npz,15e28a40093b1ae736d65b322fa6cc73ca88c0897c4f14ca878a5f28a5a96751,/content/cv3d-project/data/cache/reconstruction/metrics/04379243/1270e7980d2d69d293a790c6eb6d2ee5/22dd03dfcc83ac2a98f08c62.json,13.48781400020016
04379243/1270e7980d2d69d293a790c6eb6d2ee5,oracle,5,"[0, 44, 17, 35, 38]",0.03549569170136329,0.07405801294876842,0.11262033419617354,0.6378934538209763,0.05719750195160032,0.2091472471190781,1.9999827486808772,0.9161,0.085,0.492,0.4893,0.0431,0.1328,camera_pose_sim3,2.3342208501197104,0.2757442129336639,10000,10000,True,False,True,/content/cv3d-project/data/cache/reconstruction/predictions/04379243/1270e7980d2d69d293a790c6eb6d2ee5/ded9884b87c0fd968941e8e1.npz,8aaada4ffcaa61d2393860301ae714ec6926671661cba3f933d2fdd07f750bac,/content/cv3d-project/data/cache/reconstruction/metrics/04379243/1270e7980d2d69d293a790c6eb6d2ee5/e78b9aad0a16914fd1e4995d.json,13.354167000215966
04379243/1270e7980d2d69d293a790c6eb6d2ee5,oracle,10,"[0, 44, 17, 35, 38, 11, 25, 30, 29, 16]",0.01640537003253704,0.03697618699028458,0.05754700394803212,0.8520712241836852,0.25983425493716333,0.5573847314903082,1.9999827486808772,0.9793,0.3506,0.8423,0.7541,0.2064,0.4165,camera_pose_sim3,2.5186001449735644,0.12896793417299887,10000,10000,True,False,True,/content/cv3d-project/data/cache/reconstruction/predictions/04379243/1270e7980d2d69d293a790c6eb6d2ee5/45147b9757a1b671aea337c8.npz,8fa2b2910941621b44d84494b36302652b727a97f5ca8d78f4465add2879e051,/content/cv3d-project/data/cache/reconstruction/metrics/04379243/1270e7980d2d69d293a790c6eb6d2ee5/2b9766d86eb5fad269c63638.json,13.73047500010216
04379243/127d935d17cb36c8b0a3f25f5d8cb0f8,oracle,1,[0],0.12339220829705762,0.23408919122270763,0.34478617414835766,0.04947147933420609,0.0,0.0,1.99999494602164,0.5087,0.0,0.0,0.026,0.0,0.0,camera_rotation_center_and_target_diameter_scale_single_view,3.8804989379487353,0.0,10000,10000,True,True,True,/content/cv3d-project/data/cache/reconstruction/predictions/04379243/127d935d17cb36c8b0a3f25f5d8cb0f8/a7896c970afe401b61c8c210.npz,633fc5ebdb09e9f6e6a6eca0c4bfe9539661d39bdb170ee95003735dfe90e541,/content/cv3d-project/data/cache/reconstruction/metrics/04379243/127d935d17cb36c8b0a3f25f5d8cb0f8/d30441e99b4aff008b7bffb3.json,3.895905999797833
04379243/127d935d17cb36c8b0a3f25f5d8cb0f8,oracle,2,"[0, 39]",0.07399039786370479,0.13761228824788385,0.20123417863206294,0.3846220488019345,0.023794811715481173,0.05720811232449298,1.99999494602164,0.6337,0.1061,0.2236,0.2761,0.0134,0.0328,camera_pose_sim3,2.585756467076672,0.12281350070015956,10000,10000,True,False,True,/content/cv3d-project/data/cache/reconstruction/predictions/04379243/127d935d17cb36c8b0a3f25f5d8cb0f8/873439ed3581ba268c80a575.npz,ae1aa24217b2203da2909e76014886f94b6bd9b8dc67db5d08f4402536ff143e,/content/cv3d-project/data/cache/reconstruction/metrics/04379243/127d935d17cb36c8b0a3f25f5d8cb0f8/614a43256cd9f480be08d1b7.json,11.960342000293167
04379243/127d935d17cb36c8b0a3f25f5d8cb0f8,oracle,3,"[0, 39, 26]",0.2580952311852562,0.3830026380848782,0.5079100449845003,0.0,0.0,0.0,1.99999494602164,0.0,0.0,0.0,0.0,0.0,0.0,camera_pose_sim3,1.2010956039998204,1.1690451181860415,10000,10000,True,False,True,/content/cv3d-project/data/cache/reconstruction/predictions/04379243/127d935d17cb36c8b0a3f25f5d8cb0f8/5ce2efda22c779567c6ea6fe.npz,977e3e6c5824000f2fb531e214786776b6df96763d6be3e6be45dcca4d2d4e07,/content/cv3d-project/data/cache/reconstruction/metrics/04379243/127d935d17cb36c8b0a3f25f5d8cb0f8/6bd60a8bc46d55a1cab06182.json,12.126789999911125
04379243/127d935d17cb36c8b0a3f25f5d8cb0f8,oracle,5,"[0, 39, 26, 29, 17]",0.18564280095595714,0.37633518606707916,0.5670275711782012,0.0,0.0,0.0,1.99999494602164,0.0,0.0,0.0,0.0,0.0,0.0,camera_pose_sim3,0.6730099573171894,1.3263642136021687,10000,10000,True,False,True,/content/cv3d-project/data/cache/reconstruction/predictions/04379243/127d935d17cb36c8b0a3f25f5d8cb0f8/ac0bdf8685bae65a176d73d8.npz,fbb4ab2753a2f01c18816f9e49711783321a9df4be5e4c02f319cd075284bf15,/content/cv3d-project/data/cache/reconstruction/metrics/04379243/127d935d17cb36c8b0a3f25f5d8cb0f8/0ab646e5e58575d264b284e5.json,13.023416000123689
04379243/127d935d17cb36c8b0a3f25f5d8cb0f8,oracle,10,"[0, 39, 26, 29, 17, 2, 35, 6, 24, 31]",0.3684194457204992,0.5394704861227391,0.710521526524979,0.0,0.0,0.0,1.99999494602164,0.0,0.0,0.0,0.0,0.0,0.0,camera_pose_sim3,0.7794070031755996,1.3037640211875912,10000,10000,True,False,True,/content/cv3d-project/data/cache/reconstruction/predictions/04379243/127d935d17cb36c8b0a3f25f5d8cb0f8/962a7863375678b560ebc931.npz,d03cb1e7940982cbf91013f3189466b8b000eb6ec7465fe72906b66e87268374,/content/cv3d-project/data/cache/reconstruction/metrics/04379243/127d935d17cb36c8b0a3f25f5d8cb0f8/9343a2cec4d231f8be575dc1.json,15.12807300014174
04379243/127e202f77eee5725d02cdadf545c773,oracle,1,[0],0.7361525612455334,0.8266853298773371,0.9172180985091408,0.0,0.0,0.0,1.9974733954732051,0.0,0.0,0.0,0.0,0.0,0.0,camera_rotation_center_and_target_diameter_scale_single_view,4.825208822305342,0.0,10000,10000,True,True,True,/content/cv3d-project/data/cache/reconstruction/predictions/04379243/127e202f77eee5725d02cdadf545c773/0b069cdd11acef6ff7e37b80.npz,946e75fd83b8d321a8b4df9f5f660088d50d73ac3ef454cc48979709d8ed9ad1,/content/cv3d-project/data/cache/reconstruction/metrics/04379243/127e202f77eee5725d02cdadf545c773/5ba22ec1e6a2aada14d33c7f.json,3.9323710002463486
04379243/127e202f77eee5725d02cdadf545c773,oracle,2,"[0, 41]",0.2582808842988716,0.3217942166481819,0.38530754899749226,0.0,0.0,0.0,1.9974733954732051,0.0,0.0,0.0,0.0,0.0,0.0,camera_pose_sim3,1.4139877575665332,1.229928086420671,10000,10000,True,False,True,/content/cv3d-project/data/cache/reconstruction/predictions/04379243/127e202f77eee5725d02cdadf545c773/bd04ff24e92a8e4b884e317e.npz,1bb547efd072679f21fda90d7b5b41e2ddaa8c9480bd7f0f0567f2fa1ad31359,/content/cv3d-project/data/cache/reconstruction/metrics/04379243/127e202f77eee5725d02cdadf545c773/82edaa5eb5a18ad9ed8aa5f0.json,13.423356999737734
04379243/127e202f77eee5725d02cdadf545c773,oracle,3,"[0, 41, 39]",2.687704866215297,2.7390896182590483,2.7904743703027997,0.0,0.0,0.0,1.9974733954732051,0.0,0.0,0.0,0.0,0.0,0.0,camera_pose_sim3_positive_scale_fallback,3.853621402839309,1.37577335414112,10000,10000,True,False,True,/content/cv3d-project/data/cache/reconstruction/predictions/04379243/127e202f77eee5725d02cdadf545c773/66469c1740895be9ac23a06e.npz,3558801e52199de8bbc91587ea8b0cea03ec68abcdab0045a85c195ed29b3d7f,/content/cv3d-project/data/cache/reconstruction/metrics/04379243/127e202f77eee5725d02cdadf545c773/c637279273921439844f3b4e.json,13.741795999976603
04379243/127e202f77eee5725d02cdadf545c773,oracle,5,"[0, 41, 39, 11, 1]",0.21879779413351924,0.29158183861501985,0.36436588309652046,0.0,0.0,0.0,1.9974733954732051,0.0,0.0,0.0,0.0,0.0,0.0,camera_pose_sim3,1.9523281266460937,0.9562355504476707,10000,10000,True,False,True,/content/cv3d-project/data/cache/reconstruction/predictions/04379243/127e202f77eee5725d02cdadf545c773/d1bc93b2c88f8326d5c9783a.npz,ad3d5136b5dacd3036ed17ddb281cccddb279b7f92bdbf139220e18a91772ea8,/content/cv3d-project/data/cache/reconstruction/metrics/04379243/127e202f77eee5725d02cdadf545c773/f11803287970d5f81a7f7054.json,12.310401999911846
04379243/127e202f77eee5725d02cdadf545c773,oracle,10,"[0, 41, 39, 11, 1, 5, 47, 45, 2, 40]",0.2444731464243548,0.32110806778320455,0.39774298914205425,0.0,0.0,0.0,1.9974733954732051,0.0,0.0,0.0,0.0,0.0,0.0,camera_pose_sim3,1.2921418716105726,1.17830773415038,10000,10000,True,False,True,/content/cv3d-project/data/cache/reconstruction/predictions/04379243/127e202f77eee5725d02cdadf545c773/115ce8d32cfb7b3a26aaee1e.npz,ce751a74ff96084c9bd636b7550a3f4e79801a1928c62ca271524450ae6f2d9f,/content/cv3d-project/data/cache/reconstruction/metrics/04379243/127e202f77eee5725d02cdadf545c773/d71a81888f1752e5a45cbeea.json,13.511332999769365
04379243/128011ffc7787d50f0920fefbe028677,oracle,1,[0],1.2465709460597145,1.3422586202060274,1.4379462943523402,0.0,0.0,0.0,2.0000040144067945,0.0,0.0,0.0,0.0,0.0,0.0,camera_rotation_center_and_target_diameter_scale_single_view,5.860947607420794,0.0,10000,10000,True,True,True,/content/cv3d-project/data/cache/reconstruction/predictions/04379243/128011ffc7787d50f0920fefbe028677/ce02295294ded2d34ddce2c2.npz,679b22df479517ac5905d8c6c7a3493c6d226fe505b2455ab64fa30affe62f64,/content/cv3d-project/data/cache/reconstruction/metrics/04379243/128011ffc7787d50f0920fefbe028677/496378e666bef0240b654f5f.json,4.097422000086226
04379243/128011ffc7787d50f0920fefbe028677,oracle,2,"[0, 35]",0.3388407283688735,0.5185975006867283,0.6983542730045831,0.0,0.0,0.0,2.0000040144067945,0.0,0.0,0.0,0.0,0.0,0.0,camera_pose_sim3,0.5859391791536827,1.0568477017701499,10000,10000,True,True,True,/content/cv3d-project/data/cache/reconstruction/predictions/04379243/128011ffc7787d50f0920fefbe028677/cf29a396ad5f71a0f2ec8ccb.npz,ee3f4160439edd27d27aa29c9af306a0660e9acbc6683df7d8ce7bf2dea259ce,/content/cv3d-project/data/cache/reconstruction/metrics/04379243/128011ffc7787d50f0920fefbe028677/0c49895900811f40a98d19ed.json,2.6118390001101943
04379243/128011ffc7787d50f0920fefbe028677,oracle,3,"[0, 35, 39]",1.2973655647543025,1.4552487727453054,1.6131319807363083,0.0,0.0,0.0,2.0000040144067945,0.0,0.0,0.0,0.0,0.0,0.0,camera_pose_sim3,2.271157698246843,0.7125685933001031,10000,10000,True,False,True,/content/cv3d-project/data/cache/reconstruction/predictions/04379243/128011ffc7787d50f0920fefbe028677/f9d201996efdc2324a34a2df.npz,70f839e59650d81f65a754e8b23101638cd37cded910740788003482d03d1564,/content/cv3d-project/data/cache/reconstruction/metrics/04379243/128011ffc7787d50f0920fefbe028677/82ea884cdb2579dac75b116d.json,13.591398000244226
04379243/128011ffc7787d50f0920fefbe028677,oracle,5,"[0, 35, 39, 8, 17]",0.3812961077538085,0.5490154929010173,0.716734878048226,0.0,0.0,0.0,2.0000040144067945,0.0,0.0,0.0,0.0,0.0,0.0,camera_pose_sim3,1.65132785354406,0.9072382581445021,10000,10000,True,False,True,/content/cv3d-project/data/cache/reconstruction/predictions/04379243/128011ffc7787d50f0920fefbe028677/0bc961979271a9c3b02f99de.npz,e1b79872366eefe7b8b92f44bcca3c814e670ffef3e91e804ccbf8d45d749818,/content/cv3d-project/data/cache/reconstruction/metrics/04379243/128011ffc7787d50f0920fefbe028677/2056edeacf749804a48acc82.json,12.28004199992938
04379243/128011ffc7787d50f0920fefbe028677,oracle,10,"[0, 35, 39, 8, 17, 13, 11, 43, 33, 26]",0.025251917146712214,0.1677587157519128,0.3102655143571134,0.23337161028177725,0.025271324296141814,0.042204453524004086,2.0000040144067945,1.0,0.1782,0.4674,0.1321,0.0136,0.0221,camera_pose_sim3,1.0160775340650121,1.2325190795067986,10000,10000,True,False,True,/content/cv3d-project/data/cache/reconstruction/predictions/04379243/128011ffc7787d50f0920fefbe028677/9f55a6ed4b25481d90fac8ea.npz,47c96e98b0af75ed15e2abba57be11c68c6c873be6f6b09e4648652bd1391069,/content/cv3d-project/data/cache/reconstruction/metrics/04379243/128011ffc7787d50f0920fefbe028677/7576e53e6e082b912b837082.json,14.662657999906514
04379243/12936ff9bc1103944b3c42e318f3affc,oracle,1,[0],1.134046490080069,1.2791918826058677,1.4243372751316663,0.0,0.0,0.0,1.9963955996480474,0.0,0.0,0.0,0.0,0.0,0.0,camera_rotation_center_and_target_diameter_scale_single_view,5.888419760094059,0.0,10000,10000,True,True,True,/content/cv3d-project/data/cache/reconstruction/predictions/04379243/12936ff9bc1103944b3c42e318f3affc/1d4f0c4a41e580cd278bfc9c.npz,9f9e968c803703f85817ce7fb1e9b27ec1baa1948a384379e0a68cbba9623188,/content/cv3d-project/data/cache/reconstruction/metrics/04379243/12936ff9bc1103944b3c42e318f3affc/1fc2b6dc07c635ba50bb0ad5.json,3.8951709998400474
04379243/12936ff9bc1103944b3c42e318f3affc,oracle,2,"[0, 25]",0.17667413662762718,0.40437873486564685,0.6320833331036665,0.0,0.0,0.0,1.9963955996480474,0.0,0.0,0.0,0.0,0.0,0.0,camera_pose_sim3,0.4573424856306764,1.1212171255806502,10000,10000,True,False,True,/content/cv3d-project/data/cache/reconstruction/predictions/04379243/12936ff9bc1103944b3c42e318f3affc/7ac60ae84dc7ef5b508ceda0.npz,18624d2748a117b6de6415d3d62f87fea695993eec24013cf93a0f414cbb7a29,/content/cv3d-project/data/cache/reconstruction/metrics/04379243/12936ff9bc1103944b3c42e318f3affc/2820d6012dc8021f9c94a6b2.json,13.244435000160593
04379243/12936ff9bc1103944b3c42e318f3affc,oracle,3,"[0, 25, 29]",3.571124086175533,3.6422491483063326,3.713374210437132,0.0,0.0,0.0,1.9963955996480474,0.0,0.0,0.0,0.0,0.0,0.0,camera_pose_sim3_positive_scale_fallback,4.593265755458986,1.2205503298307654,10000,10000,True,False,True,/content/cv3d-project/data/cache/reconstruction/predictions/04379243/12936ff9bc1103944b3c42e318f3affc/2018dd019926cc02533cd52d.npz,b982cfee24dc4b269b6cdaa6851e47254d32d12763f52cedc30a51a41b9f2208,/content/cv3d-project/data/cache/reconstruction/metrics/04379243/12936ff9bc1103944b3c42e318f3affc/b362899ddc5706bca8b03363.json,13.990634999572649
04379243/12936ff9bc1103944b3c42e318f3affc,oracle,5,"[0, 25, 29, 43, 15]",0.03425032060292145,0.06226320880690239,0.09027609701088334,0.7597310585305107,0.04821757322175732,0.1349162943103962,1.9963955996480474,0.9894,0.086,0.2422,0.6166,0.0335,0.0935,camera_pose_sim3,2.7665637047653155,0.13054457878789713,10000,10000,True,False,True,/content/cv3d-project/data/cache/reconstruction/predictions/04379243/12936ff9bc1103944b3c42e318f3affc/4de45ecbf0265d17228e0a5c.npz,04197db2c01481ee324d05beab33290aba1e31bcdf7217bb67150c789902eb5c,/content/cv3d-project/data/cache/reconstruction/metrics/04379243/12936ff9bc1103944b3c42e318f3affc/99e09b7654adea5a5d1709a3.json,15.56017500024609
04379243/12936ff9bc1103944b3c42e318f3affc,oracle,10,"[0, 25, 29, 43, 15, 2, 41, 37, 11, 40]",0.09259876950296926,0.1628262071121118,0.23305364472125434,0.37293834900731454,0.033592848020434225,0.08292125468164793,1.9963955996480474,0.5883,0.0539,0.1573,0.273,0.0244,0.0563,camera_pose_sim3,2.384423811276959,0.6837238885077729,10000,10000,True,False,True,/content/cv3d-project/data/cache/reconstruction/predictions/04379243/12936ff9bc1103944b3c42e318f3affc/d398f33f626d2dfbb71f01e6.npz,720e4b500e9e0546edd014291e11e32fcb2e532bb2da534b1c992777e0228bd5,/content/cv3d-project/data/cache/reconstruction/metrics/04379243/12936ff9bc1103944b3c42e318f3affc/229977b300ee81a3bf9ae166.json,14.699275000111811
04379243/1299579419252fa954b02959579aa6bb,oracle,1,[0],0.2707761377206836,0.31856295006717655,0.3663497624136695,0.0,0.0,0.0,1.9995343251099758,0.0,0.0,0.0,0.0,0.0,0.0,camera_rotation_center_and_target_diameter_scale_single_view,3.920218896799735,0.0,10000,10000,True,True,True,/content/cv3d-project/data/cache/reconstruction/predictions/04379243/1299579419252fa954b02959579aa6bb/bc18e8156a8fc061c421dc5f.npz,fed025e6cff2c11ace9daa495899924dea3db777e454798ec8cd9d23782de6a6,/content/cv3d-project/data/cache/reconstruction/metrics/04379243/1299579419252fa954b02959579aa6bb/6c561ebb053571a060dbc1cd.json,3.956222000397247
04379243/1299579419252fa954b02959579aa6bb,oracle,2,"[0, 30]",0.5454513866734195,0.6785379419483093,0.811624497223199,0.0,0.0,0.0,1.9995343251099758,0.0,0.0,0.0,0.0,0.0,0.0,camera_pose_sim3,0.4719844252162632,0.9687408286904846,10000,10000,True,True,True,/content/cv3d-project/data/cache/reconstruction/predictions/04379243/1299579419252fa954b02959579aa6bb/a025f7a05f1a2ebcd1ad7591.npz,d1d1d2677f9e6317d0fb795b27bac6f3fc48b019578fdf555fc83a51f9178ff3,/content/cv3d-project/data/cache/reconstruction/metrics/04379243/1299579419252fa954b02959579aa6bb/7836c63a38dae3b48067e5ac.json,2.476586000284442
04379243/1299579419252fa954b02959579aa6bb,oracle,3,"[0, 30, 42]",0.19721115401826655,0.21253011196859078,0.22784906991891501,0.0,0.0,0.0,1.9995343251099758,0.0,0.0,0.0,0.0,0.0,0.0,camera_pose_sim3,2.479875313031815,0.2385822671787114,10000,10000,True,False,True,/content/cv3d-project/data/cache/reconstruction/predictions/04379243/1299579419252fa954b02959579aa6bb/75881ee1b24077996dfb7416.npz,00d1d66042d7e78a72baac502ce1cd37fab9a6a89ef4b2f3d7fa6a3d20997a11,/content/cv3d-project/data/cache/reconstruction/metrics/04379243/1299579419252fa954b02959579aa6bb/bef6ddeb80662e37d73f97c6.json,12.957318000189844
04379243/1299579419252fa954b02959579aa6bb,oracle,5,"[0, 30, 42, 17, 19]",0.012571539708167104,0.03435517991508479,0.056138820122002484,0.8773602786673409,0.28657776399441776,0.5597255678856037,1.9995343251099758,0.9958,0.43,0.9451,0.7841,0.2149,0.3976,camera_pose_sim3,2.5482515250643227,0.07810151431525489,10000,10000,True,False,True,/content/cv3d-project/data/cache/reconstruction/predictions/04379243/1299579419252fa954b02959579aa6bb/2ed907cbf3da54ed1b4c335c.npz,4ba151d8438277cb0835d585a0f10b35b290be80124a6ab60dd7833118969c61,/content/cv3d-project/data/cache/reconstruction/metrics/04379243/1299579419252fa954b02959579aa6bb/366042f70527dbfcdce82eb1.json,13.123146999987512
04379243/1299579419252fa954b02959579aa6bb,oracle,10,"[0, 30, 42, 17, 19, 40, 5, 36, 1, 15]",0.04304566022885543,0.0678782649915258,0.09271086975419617,0.7909568903735196,0.006320289855072463,0.016990529247910863,1.9995343251099758,0.9863,0.0089,0.0221,0.6602,0.0049,0.0138,camera_pose_sim3,2.3578748696563228,0.46186539563739043,10000,10000,True,False,True,/content/cv3d-project/data/cache/reconstruction/predictions/04379243/1299579419252fa954b02959579aa6bb/63f1e965a4b4ba1e5d096df1.npz,6a21a301ac807b30aef60a8e9300f8f6f9821ad6531ba3bafe5421fa3f5980d3,/content/cv3d-project/data/cache/reconstruction/metrics/04379243/1299579419252fa954b02959579aa6bb/9b7ec004a9146448b7e48303.json,13.915475999965565
04379243/12a2733fc5f6b31ef8574543281e850f,oracle,1,[0],0.677643418313206,0.7424391283320559,0.8072348383509059,0.0,0.0,0.0,1.9990090571056125,0.0,0.0,0.0,0.0,0.0,0.0,camera_rotation_center_and_target_diameter_scale_single_view,4.612495926695396,0.0,10000,10000,True,True,True,/content/cv3d-project/data/cache/reconstruction/predictions/04379243/12a2733fc5f6b31ef8574543281e850f/866f1d730c84f5038aeb0f92.npz,5cfa325f80583a75fe3a36133b4de85a42d73f297711b38bcdf96c5e2f4bd215,/content/cv3d-project/data/cache/reconstruction/metrics/04379243/12a2733fc5f6b31ef8574543281e850f/0ee6a1de1ca40385c9371951.json,3.961478000292118
04379243/12a2733fc5f6b31ef8574543281e850f,oracle,2,"[0, 44]",0.12602878396740141,0.14464778624433852,0.16326678852127563,0.27496936216609125,0.012269333333333332,0.037981234567901236,1.9990090571056125,0.2822,0.0214,0.0506,0.2681,0.0086,0.0304,camera_pose_sim3,2.401774917132025,0.03564490958147866,10000,10000,True,False,True,/content/cv3d-project/data/cache/reconstruction/predictions/04379243/12a2733fc5f6b31ef8574543281e850f/6a2c875e77584f722a0b07e3.npz,41d921a16f9279d21a2dd8460de7e91299c7ef1d351752b06d49838055d449c1,/content/cv3d-project/data/cache/reconstruction/metrics/04379243/12a2733fc5f6b31ef8574543281e850f/0863d6536e7923d6485a5e62.json,13.22651999998925
04379243/12a2733fc5f6b31ef8574543281e850f,oracle,3,"[0, 44, 33]",0.032865554794416815,0.05950005029092958,0.08613454578744234,0.7500488122356004,0.15523897330595482,0.3129534836297723,1.9990090571056125,0.8865,0.3901,0.6794,0.65,0.0969,0.2033,camera_pose_sim3,2.4579668319204866,0.15361565880849634,10000,10000,True,False,True,/content/cv3d-project/data/cache/reconstruction/predictions/04379243/12a2733fc5f6b31ef8574543281e850f/b63a1d2cde7cf6a8e750b5ca.npz,a6ed15210db557782697b78e563c87d7bd17833f3a7e4c44a24ba7e4b93c2ae1,/content/cv3d-project/data/cache/reconstruction/metrics/04379243/12a2733fc5f6b31ef8574543281e850f/daf3fd68c081ddfc55b9029c.json,12.272968999695877
04379243/12a2733fc5f6b31ef8574543281e850f,oracle,5,"[0, 44, 33, 19, 22]",0.02815258448185493,0.051394709775326834,0.07463683506879874,0.8159006700066397,0.1138470999301188,0.23933395862068965,1.9990090571056125,0.9299,0.2078,0.5738,0.7268,0.0784,0.1512,camera_pose_sim3,2.4369221356586235,0.09568197155737933,10000,10000,True,False,True,/content/cv3d-project/data/cache/reconstruction/predictions/04379243/12a2733fc5f6b31ef8574543281e850f/e25d8674522004941a0987b8.npz,3103db0c5ba36b0dc5ec4896f0e696ff3a069980ed7e0c4572cd0361cc2774f0,/content/cv3d-project/data/cache/reconstruction/metrics/04379243/12a2733fc5f6b31ef8574543281e850f/5385a2b0f18e1ff59dfc1ce4.json,12.52437099992676
04379243/12a2733fc5f6b31ef8574543281e850f,oracle,10,"[0, 44, 33, 19, 22, 9, 37, 45, 21, 8]",0.029853448537972196,0.04987503302962761,0.06989661752128302,0.8174098637405041,0.1523815877251501,0.2253371583956492,1.9990090571056125,0.9286,0.3525,0.5966,0.73,0.0972,0.1389,camera_pose_sim3,2.5355201768713886,0.0959421971501382,10000,10000,True,False,True,/content/cv3d-project/data/cache/reconstruction/predictions/04379243/12a2733fc5f6b31ef8574543281e850f/7c2cde0e9bc4f34d02855570.npz,41c98f5a4f962998fce2503b7b207504e92f06984eeb3738757e2bbc66e3cc01,/content/cv3d-project/data/cache/reconstruction/metrics/04379243/12a2733fc5f6b31ef8574543281e850f/f0142c8d0ad69ccc1c86513b.json,13.613011000416009
04379243/12a5cc49c75b93af5b4aea6c98f52b6e,oracle,1,[0],0.8575518295056199,0.9653541925325038,1.0731565555593876,0.0,0.0,0.0,1.9976495608097462,0.0,0.0,0.0,0.0,0.0,0.0,camera_rotation_center_and_target_diameter_scale_single_view,5.181039263294808,0.0,10000,10000,True,True,True,/content/cv3d-project/data/cache/reconstruction/predictions/04379243/12a5cc49c75b93af5b4aea6c98f52b6e/5b44269e178e4a3e9df0f119.npz,bfb2cf60011c8084c3554e62a9fc1e9373cd652719537c07ca2cd790e38d5a4a,/content/cv3d-project/data/cache/reconstruction/metrics/04379243/12a5cc49c75b93af5b4aea6c98f52b6e/00b2c1b69b936c09ce0d86df.json,3.937381000014284
04379243/12a5cc49c75b93af5b4aea6c98f52b6e,oracle,2,"[0, 34]",0.22610283195170683,0.30100499924308655,0.3759071665344662,0.009615972222222222,0.0,0.0,1.9976495608097462,0.0227,0.0,0.0,0.0061,0.0,0.0,camera_pose_sim3,1.6219418274018418,0.9193992147849278,10000,10000,True,False,True,/content/cv3d-project/data/cache/reconstruction/predictions/04379243/12a5cc49c75b93af5b4aea6c98f52b6e/a27571507792df998cd7abfe.npz,45c23a2011dc8feb9bb37f6dfbdc70a9c4de4238c38c31c50624534f467e8f67,/content/cv3d-project/data/cache/reconstruction/metrics/04379243/12a5cc49c75b93af5b4aea6c98f52b6e/4273c8a449ebc094fc4fe92d.json,12.90607999999338
04379243/12a5cc49c75b93af5b4aea6c98f52b6e,oracle,3,"[0, 34, 15]",0.26539061568254646,0.3221412677376295,0.3788919197927126,0.0,0.0,0.0,1.9976495608097462,0.0,0.0,0.0,0.0,0.0,0.0,camera_pose_sim3,1.3189445186873296,1.1519300074132701,10000,10000,True,False,True,/content/cv3d-project/data/cache/reconstruction/predictions/04379243/12a5cc49c75b93af5b4aea6c98f52b6e/6965721852cf4ffb17146c93.npz,921c82557dad7f5e11ef97bb5ccdf6bd54b13f2e09cf783592958641b1cf9c85,/content/cv3d-project/data/cache/reconstruction/metrics/04379243/12a5cc49c75b93af5b4aea6c98f52b6e/e81d7b041f77f0ec3612e20d.json,13.04718400024285
04379243/12a5cc49c75b93af5b4aea6c98f52b6e,oracle,5,"[0, 34, 15, 36, 9]",0.8642580808034134,0.9597833135179619,1.0553085462325105,0.0,0.0,0.0,1.9976495608097462,0.0,0.0,0.0,0.0,0.0,0.0,camera_pose_sim3,1.648555574360384,0.9582783767874385,10000,10000,True,False,True,/content/cv3d-project/data/cache/reconstruction/predictions/04379243/12a5cc49c75b93af5b4aea6c98f52b6e/ce390fc890b14de80ec672e8.npz,a80c0f2d1e61d71089531031b56fc297a0882ecb1f3c080c9f14359c46656a77,/content/cv3d-project/data/cache/reconstruction/metrics/04379243/12a5cc49c75b93af5b4aea6c98f52b6e/e9d12d33dab246c0fcdcabbc.json,12.017665000257693
04379243/12a5cc49c75b93af5b4aea6c98f52b6e,oracle,10,"[0, 34, 15, 36, 9, 35, 5, 40, 38, 2]",0.391539988511055,0.4436511057765888,0.4957622230421226,0.0,0.0,0.0,1.9976495608097462,0.0,0.0,0.0,0.0,0.0,0.0,camera_pose_sim3,1.893018741597124,0.8805867533421785,10000,10000,True,False,True,/content/cv3d-project/data/cache/reconstruction/predictions/04379243/12a5cc49c75b93af5b4aea6c98f52b6e/3b9c82c00511dc2864cee379.npz,52a8c10318b9c9b738a14b6ea450017e4be376e468bb0461151725bd696f5233,/content/cv3d-project/data/cache/reconstruction/metrics/04379243/12a5cc49c75b93af5b4aea6c98f52b6e/e764adead725e1cbd5a7c84f.json,13.207412000156182
04379243/12a73c63681d65587a0f32fa630f6a0e,oracle,1,[0],1.9673581652087986,2.0422038422802666,2.1170495193517342,0.0,0.0,0.0,1.9871337462080498,0.0,0.0,0.0,0.0,0.0,0.0,camera_rotation_center_and_target_diameter_scale_single_view,7.27287762510734,0.0,10000,10000,True,True,True,/content/cv3d-project/data/cache/reconstruction/predictions/04379243/12a73c63681d65587a0f32fa630f6a0e/9393c76cda8cae252e4c40fe.npz,bc0f70374089e50a7b9d9031370255a1d540af72fdb863f5f7fda7deb45deb48,/content/cv3d-project/data/cache/reconstruction/metrics/04379243/12a73c63681d65587a0f32fa630f6a0e/7d5e61c147b0d2e7b2b567a2.json,3.8679019999108277
04379243/12a73c63681d65587a0f32fa630f6a0e,oracle,2,"[0, 25]",0.7172292785032578,0.6979222128486248,0.6786151471939917,0.0,0.0,0.0,1.9871337462080498,0.0,0.0,0.0,0.0,0.0,0.0,camera_pose_sim3,3.3129365195380425,0.39193361625355894,10000,10000,True,False,True,/content/cv3d-project/data/cache/reconstruction/predictions/04379243/12a73c63681d65587a0f32fa630f6a0e/93509fa188b31a3557029f17.npz,00f0a7793e32def7c5946b41479b742b5a58f7c8a3975bd8ee34a5ef412eda19,/content/cv3d-project/data/cache/reconstruction/metrics/04379243/12a73c63681d65587a0f32fa630f6a0e/570b2f8c83b44b6da6fb7bad.json,12.346214999979566
04379243/12a73c63681d65587a0f32fa630f6a0e,oracle,3,"[0, 25, 36]",0.06045886938713283,0.08034208636742309,0.10022530334771335,0.7321660889989209,0.027669086357947435,0.07080612244897959,1.9871337462080498,0.9967,0.0621,0.1028,0.5786,0.0178,0.054,camera_pose_sim3,2.8687943902185453,0.031025380813832285,10000,10000,True,False,True,/content/cv3d-project/data/cache/reconstruction/predictions/04379243/12a73c63681d65587a0f32fa630f6a0e/c52af649cd08dd753d4f42e8.npz,a0961456213bfc22a5fab1ef1a9a48d53f46bd23ba91297792b5499b64c78677,/content/cv3d-project/data/cache/reconstruction/metrics/04379243/12a73c63681d65587a0f32fa630f6a0e/4fcc0bd67689b1ecb4f62cbf.json,12.468247000015253
04379243/12a73c63681d65587a0f32fa630f6a0e,oracle,5,"[0, 25, 36, 35, 23]",0.028563931448104724,0.047548616206403,0.06653330096470128,0.8624082816677094,0.04966245283018868,0.16826414445399832,1.9871337462080498,1.0,0.0663,0.2073,0.7581,0.0397,0.1416,camera_pose_sim3,2.770887517744214,0.08361854409695792,10000,10000,True,False,True,/content/cv3d-project/data/cache/reconstruction/predictions/04379243/12a73c63681d65587a0f32fa630f6a0e/48de6e167246de532bc9fb48.npz,5dbc7c1aed9443042c3b17ac1fdf734cf8bd629dc8437d4851b2bf75dfb2c85c,/content/cv3d-project/data/cache/reconstruction/metrics/04379243/12a73c63681d65587a0f32fa630f6a0e/cb97d275c63fcb7332c8806b.json,11.171007000029931
04379243/12a73c63681d65587a0f32fa630f6a0e,oracle,10,"[0, 25, 36, 35, 23, 16, 46, 14, 11, 41]",0.06575909264116324,0.11481908600335883,0.1638790793655544,0.5074151352193906,0.00023999999999999998,0.004221176470588234,1.9871337462080498,0.9349,0.0003,0.0039,0.3482,0.0002,0.0046,camera_pose_sim3,2.0915408848843344,0.8615907258584204,10000,10000,True,False,True,/content/cv3d-project/data/cache/reconstruction/predictions/04379243/12a73c63681d65587a0f32fa630f6a0e/ca8d4217a94b69c57ec9d033.npz,6bff68c9d753dbb1433129e7d22a9b36390a7619d77c4ef3d6b87e1217bc9ebc,/content/cv3d-project/data/cache/reconstruction/metrics/04379243/12a73c63681d65587a0f32fa630f6a0e/af95833f0c282fbd2fd90c71.json,12.367561999781174
04379243/12b1fb7c765dfe8eb76e29c9c43bc7aa,oracle,1,[0],1.125222975819244,1.190087371579047,1.25495176733885,0.0,0.0,0.0,1.9924686403910443,0.0,0.0,0.0,0.0,0.0,0.0,camera_rotation_center_and_target_diameter_scale_single_view,5.365031730685168,0.0,10000,10000,True,True,True,/content/cv3d-project/data/cache/reconstruction/predictions/04379243/12b1fb7c765dfe8eb76e29c9c43bc7aa/1ca2dd0dda5e99e4a0f62f1e.npz,fe5e4ff611c06c1e19fcadec8714306366fa3e2124da7f348bfef40fa0a90153,/content/cv3d-project/data/cache/reconstruction/metrics/04379243/12b1fb7c765dfe8eb76e29c9c43bc7aa/758b662df8242226698156c1.json,3.812667000147485
04379243/12b1fb7c765dfe8eb76e29c9c43bc7aa,oracle,2,"[0, 44]",0.6522508656738569,0.7727872647543195,0.8933236638347819,0.0,0.0,0.0,1.9924686403910443,0.0,0.0,0.0,0.0,0.0,0.0,camera_pose_sim3,2.5090881044703925,0.542393769594336,10000,10000,True,False,True,/content/cv3d-project/data/cache/reconstruction/predictions/04379243/12b1fb7c765dfe8eb76e29c9c43bc7aa/cf870d0a828bc7e9aa9dde67.npz,9f585bfbf2a8eeff3595d0d953b2db2a444d0a26e5f0c8fd8b55bc258c7ecf3d,/content/cv3d-project/data/cache/reconstruction/metrics/04379243/12b1fb7c765dfe8eb76e29c9c43bc7aa/c5c66d8e00e767491cdcba5b.json,13.273830000343878
04379243/12b1fb7c765dfe8eb76e29c9c43bc7aa,oracle,3,"[0, 44, 33]",0.10011427742976454,0.18172389694667898,0.26333351646359343,0.3371145463160388,0.030036622583926753,0.06564599092284416,1.9924686403910443,0.6115,0.0798,0.226,0.2327,0.0185,0.0384,camera_pose_sim3,2.432836246868372,0.3825747192536633,10000,10000,True,False,True,/content/cv3d-project/data/cache/reconstruction/predictions/04379243/12b1fb7c765dfe8eb76e29c9c43bc7aa/342668c0c03dd0ab21642607.npz,f32c173bee8f21cfc135aec71e1b35435d069ea9d25a204c891bc591ebc9a952,/content/cv3d-project/data/cache/reconstruction/metrics/04379243/12b1fb7c765dfe8eb76e29c9c43bc7aa/46b28d62ecdd449ff66a95cd.json,11.890292999851226
04379243/12b1fb7c765dfe8eb76e29c9c43bc7aa,oracle,5,"[0, 44, 33, 6, 11]",0.040723891627271226,0.06813672169431743,0.09554955176136364,0.6875451178451178,0.049051094890510946,0.13362123232862094,1.9924686403910443,0.9445,0.105,0.2879,0.5405,0.032,0.087,camera_pose_sim3,2.3933097031443533,0.09319544486875153,10000,10000,True,False,True,/content/cv3d-project/data/cache/reconstruction/predictions/04379243/12b1fb7c765dfe8eb76e29c9c43bc7aa/38f67e893ca7a532cf2d2c6c.npz,e56dee954c84dcb62381d2b917d6f6a0a28b8a488fec4ddc587d7995f07aa6f6,/content/cv3d-project/data/cache/reconstruction/metrics/04379243/12b1fb7c765dfe8eb76e29c9c43bc7aa/780b87a773a0ccf0a2aa133a.json,12.95685599961871
04379243/12b1fb7c765dfe8eb76e29c9c43bc7aa,oracle,10,"[0, 44, 33, 6, 11, 22, 25, 46, 10, 20]",0.08330180855362922,0.1885781575639602,0.2938545065742912,0.2612104134762634,0.029747592067988667,0.08243199999999999,1.9924686403910443,0.5467,0.0493,0.1449,0.1716,0.0213,0.0576,camera_pose_sim3,2.1007729921689395,0.6145531918868904,10000,10000,True,False,True,/content/cv3d-project/data/cache/reconstruction/predictions/04379243/12b1fb7c765dfe8eb76e29c9c43bc7aa/f6f5b2a819a1e35c2ec73402.npz,1aa5dffa5f5084a9b848165618411608b7878ca3cd74e82f13195df524437748,/content/cv3d-project/data/cache/reconstruction/metrics/04379243/12b1fb7c765dfe8eb76e29c9c43bc7aa/c253f0f62fd3345bfe330743.json,12.63420400027826
04401088/257ef557fee9c083324b3288c1587efe,oracle,1,[0],1.6991053188159624,1.7059312233639485,1.7127571279119347,0.0,0.0,0.0,1.9999707474380004,0.0,0.0,0.0,0.0,0.0,0.0,camera_rotation_center_and_target_diameter_scale_single_view,6.190310898625155,0.0,10000,10000,True,True,True,/content/cv3d-project/data/cache/reconstruction/predictions/04401088/257ef557fee9c083324b3288c1587efe/491a5fc6c6b5f3f4b3ba2314.npz,cdfc30617a275cc81f8c56facf598c4d75e2bd21d2581d1bf2363f7f91d68587,/content/cv3d-project/data/cache/reconstruction/metrics/04401088/257ef557fee9c083324b3288c1587efe/bb443c779c8c972ae01fe58d.json,3.8233979998949508
04401088/257ef557fee9c083324b3288c1587efe,oracle,2,"[0, 44]",0.6385865629706093,0.7555955001280805,0.8726044372855517,0.0,0.0,0.0,1.9999707474380004,0.0,0.0,0.0,0.0,0.0,0.0,camera_pose_sim3,3.4122683196165577,0.34962784802249536,10000,10000,True,False,True,/content/cv3d-project/data/cache/reconstruction/predictions/04401088/257ef557fee9c083324b3288c1587efe/9f8af08334bcdb48b8994103.npz,db4f182c4addb540cc23b1dff354ddf6e05392301962326e046c939df968e175,/content/cv3d-project/data/cache/reconstruction/metrics/04401088/257ef557fee9c083324b3288c1587efe/4cb40ca5b384ac38fd7ac7b0.json,12.582792999637604
04401088/257ef557fee9c083324b3288c1587efe,oracle,3,"[0, 44, 33]",0.6711406523017502,0.7273287461964387,0.7835168400911272,0.0,0.0,0.0,1.9999707474380004,0.0,0.0,0.0,0.0,0.0,0.0,camera_pose_sim3,2.4615639325256833,1.0412830662804957,10000,10000,True,False,True,/content/cv3d-project/data/cache/reconstruction/predictions/04401088/257ef557fee9c083324b3288c1587efe/5614bdc374dce5eb8082a5e2.npz,143da90a0354db89fde30057eb386fd123caccf118bd53b058256d74ec3557b0,/content/cv3d-project/data/cache/reconstruction/metrics/04401088/257ef557fee9c083324b3288c1587efe/07d8ae5b356cbcbd250394c7.json,12.645368999983475
04401088/257ef557fee9c083324b3288c1587efe,oracle,5,"[0, 44, 33, 6, 11]",0.12019395793605309,0.1765674100859338,0.23294086223581453,0.08506625577812019,0.0,0.0,1.9999707474380004,0.206,0.0,0.0,0.0536,0.0,0.0,camera_pose_sim3,2.8552609236567355,0.22907258584102977,10000,10000,True,False,True,/content/cv3d-project/data/cache/reconstruction/predictions/04401088/257ef557fee9c083324b3288c1587efe/b0f2c3ce09c61fc33da3fdf5.npz,4be24db73dee6912e0f65aaca6d538b81c665f04a646e355e24867e06551c00f,/content/cv3d-project/data/cache/reconstruction/metrics/04401088/257ef557fee9c083324b3288c1587efe/a74337787d90cb883d0fd321.json,12.115151000216429
04401088/257ef557fee9c083324b3288c1587efe,oracle,10,"[0, 44, 33, 6, 11, 42, 21, 9, 39, 20]",0.05188032870438092,0.07507177720868327,0.09826322571298561,0.8295876631357173,0.0,0.0028875000000000003,1.9999707474380004,0.9998,0.0,0.0022,0.7089,0.0,0.0042,camera_pose_sim3,2.712522475503225,0.18398186915288983,10000,10000,True,False,True,/content/cv3d-project/data/cache/reconstruction/predictions/04401088/257ef557fee9c083324b3288c1587efe/d5290a6cb011a7a87dab448e.npz,9b8f3d0d96cbff02b73e7761d944d96d8b7f4560b117b7fb715411c1252013c6,/content/cv3d-project/data/cache/reconstruction/metrics/04401088/257ef557fee9c083324b3288c1587efe/b4e095933d3863875023d4d5.json,13.312519999999495
04401088/25e03c305f41c5dd226bc3b9ce9ff2a1,oracle,1,[0],1.5414000175159344,1.556706818649576,1.5720136197832177,0.0,0.0,0.0,1.9978854901569183,0.0,0.0,0.0,0.0,0.0,0.0,camera_rotation_center_and_target_diameter_scale_single_view,5.914656275417735,0.0,10000,10000,True,True,True,/content/cv3d-project/data/cache/reconstruction/predictions/04401088/25e03c305f41c5dd226bc3b9ce9ff2a1/1e858ff2a2a3bccbdaf38671.npz,bcd6429e1e5dd4fc1ce95be13d3b4339ea330ded12101adbda3b1f0ed0538859,/content/cv3d-project/data/cache/reconstruction/metrics/04401088/25e03c305f41c5dd226bc3b9ce9ff2a1/a5e893654501a7c56e7c6b36.json,3.843699999833916
04401088/25e03c305f41c5dd226bc3b9ce9ff2a1,oracle,2,"[0, 33]",0.7013324553220446,0.9179409890376459,1.1345495227532472,0.0,0.0,0.0,1.9978854901569183,0.0,0.0,0.0,0.0,0.0,0.0,camera_pose_sim3,2.2059128152516876,1.0609339571304017,10000,10000,True,False,True,/content/cv3d-project/data/cache/reconstruction/predictions/04401088/25e03c305f41c5dd226bc3b9ce9ff2a1/57fba53270ea69fec814a1bd.npz,699aba8f69fbc7442257fc9141020da5696994afbb22a6adbe45e31bee3a9c74,/content/cv3d-project/data/cache/reconstruction/metrics/04401088/25e03c305f41c5dd226bc3b9ce9ff2a1/a6beaf1ef655d7700a420679.json,11.895349000042188
04401088/25e03c305f41c5dd226bc3b9ce9ff2a1,oracle,3,"[0, 33, 35]",1.6729865724741266,1.8311863068238625,1.9893860411735982,0.0,0.0,0.0,1.9978854901569183,0.0,0.0,0.0,0.0,0.0,0.0,camera_pose_sim3,3.5352498623674053,0.8212608323169159,10000,10000,True,False,True,/content/cv3d-project/data/cache/reconstruction/predictions/04401088/25e03c305f41c5dd226bc3b9ce9ff2a1/05184e769bef19727d608edc.npz,540ed89ba1eda042117638c5085a44392557b62e510491d8138bd8c361d7a0d7,/content/cv3d-project/data/cache/reconstruction/metrics/04401088/25e03c305f41c5dd226bc3b9ce9ff2a1/59e1a5dd5d56cdf4778a12f6.json,12.842354999975214
04401088/25e03c305f41c5dd226bc3b9ce9ff2a1,oracle,5,"[0, 33, 35, 37, 19]",0.035124407978034664,0.06335840528326345,0.09159240258849224,0.8038874439193635,0.0007466666666666667,0.022519037199124726,1.9978854901569183,0.9993,0.0008,0.0201,0.6724,0.0007,0.0256,camera_pose_sim3,2.7139924218421556,0.17304597100857347,10000,10000,True,False,True,/content/cv3d-project/data/cache/reconstruction/predictions/04401088/25e03c305f41c5dd226bc3b9ce9ff2a1/845fc1261ab0b982aaf76b6a.npz,69f5f70f7ba785b0a153bb96ef31fc49b18639faf7ab4a65e6cd34c9f28191c1,/content/cv3d-project/data/cache/reconstruction/metrics/04401088/25e03c305f41c5dd226bc3b9ce9ff2a1/7b369db24ebf45833c99ca96.json,12.54076899977008
04401088/25e03c305f41c5dd226bc3b9ce9ff2a1,oracle,10,"[0, 33, 35, 37, 19, 15, 34, 13, 28, 27]",0.016161254197403024,0.03986538008792021,0.0635695059784374,0.8544590182713787,0.28804099428419516,0.3441913926192239,1.9978854901569183,1.0,0.5582,0.7195,0.7459,0.1941,0.2262,camera_pose_sim3,2.6166316830543206,0.10019508647264737,10000,10000,True,False,True,/content/cv3d-project/data/cache/reconstruction/predictions/04401088/25e03c305f41c5dd226bc3b9ce9ff2a1/ae541c0264a095029c205fbc.npz,a53f05db5099dfe730a1255727a16013b4938dd4d5ed3bbbec61e3c738de4fc3,/content/cv3d-project/data/cache/reconstruction/metrics/04401088/25e03c305f41c5dd226bc3b9ce9ff2a1/67e310c15eed38dae2d372ee.json,12.834152999857906
04401088/25eff75e43287223f1cb19f636b1c2bd,oracle,1,[0],2.1597864042799695,2.1715968565531387,2.183407308826308,0.0,0.0,0.0,1.9951499640598904,0.0,0.0,0.0,0.0,0.0,0.0,camera_rotation_center_and_target_diameter_scale_single_view,7.115903756082008,0.0,10000,10000,True,True,True,/content/cv3d-project/data/cache/reconstruction/predictions/04401088/25eff75e43287223f1cb19f636b1c2bd/466bcc7ce9e7b2796d3058fe.npz,19f1f4005bfa9650e2d66d0c09d09fe36b4cf11ffdd2bc072b70cb9142087899,/content/cv3d-project/data/cache/reconstruction/metrics/04401088/25eff75e43287223f1cb19f636b1c2bd/7865ffb1e8717f91efd2709a.json,3.750973000023805
04401088/25eff75e43287223f1cb19f636b1c2bd,oracle,2,"[0, 39]",0.1182782071713615,0.18030330308992948,0.24232839900849748,0.1836977375565611,0.0,0.0,1.9951499640598904,0.4833,0.0,0.0,0.1134,0.0,0.0,camera_pose_sim3,2.9487527478967617,0.05294368267554304,10000,10000,True,False,True,/content/cv3d-project/data/cache/reconstruction/predictions/04401088/25eff75e43287223f1cb19f636b1c2bd/66b80febdbda55b9872b25ff.npz,5791069c88504e36f6836096b978ad7ca487335d83aebcdcec88101e60a9c7d8,/content/cv3d-project/data/cache/reconstruction/metrics/04401088/25eff75e43287223f1cb19f636b1c2bd/1265babab9317e8c8eaec156.json,11.925725999844872
04401088/25eff75e43287223f1cb19f636b1c2bd,oracle,3,"[0, 39, 35]",0.11060760623346493,0.22639996746548532,0.3421923286975057,0.12091651131824231,0.0,0.0,1.9951499640598904,0.5326,0.0,0.0,0.0682,0.0,0.0,camera_pose_sim3,2.695129529178232,0.1899378079469835,10000,10000,True,False,True,/content/cv3d-project/data/cache/reconstruction/predictions/04401088/25eff75e43287223f1cb19f636b1c2bd/e8e46befd8a4d3ab76815880.npz,79d5551dd4b7f9ae06f46fac25bc45c3d11156c4a096a010a82a03a3954d11b0,/content/cv3d-project/data/cache/reconstruction/metrics/04401088/25eff75e43287223f1cb19f636b1c2bd/0b3a4509428080ff715a4323.json,12.078727000243816
04401088/25eff75e43287223f1cb19f636b1c2bd,oracle,5,"[0, 39, 35, 25, 13]",0.009763432151261124,0.047784087968435154,0.08580474378560918,0.8308879406091073,0.2747778270509978,0.36152917392819794,1.9951499640598904,1.0,0.6366,0.9228,0.7107,0.1752,0.2248,camera_pose_sim3,2.5983453444485938,0.1527394223915051,10000,10000,True,False,True,/content/cv3d-project/data/cache/reconstruction/predictions/04401088/25eff75e43287223f1cb19f636b1c2bd/30adcd7895d259e81b86e8df.npz,cd19daabbe823dec1d2ebe5df8818265f9a745f264c12812b54c2cef5f61a4e4,/content/cv3d-project/data/cache/reconstruction/metrics/04401088/25eff75e43287223f1cb19f636b1c2bd/69d67ef54a4643fb83927312.json,11.915138000404113
04401088/25eff75e43287223f1cb19f636b1c2bd,oracle,10,"[0, 39, 35, 25, 13, 8, 47, 9, 6, 17]",0.015452884966250581,0.05197331342818936,0.08849374189012814,0.822767673200306,0.18723263640999493,0.407273364720024,1.9951499640598904,1.0,0.2378,0.7133,0.6989,0.1544,0.285,camera_pose_sim3,2.665312653571878,0.25572350608794764,10000,10000,True,False,True,/content/cv3d-project/data/cache/reconstruction/predictions/04401088/25eff75e43287223f1cb19f636b1c2bd/5f72a38aaeabaf68a0c4256a.npz,56475041ac0e08351ebeabd84d7aed604d48df1efc61270bda00797b9df220fd,/content/cv3d-project/data/cache/reconstruction/metrics/04401088/25eff75e43287223f1cb19f636b1c2bd/3de67a50ce90a450d3ed3e78.json,13.408364000042639
04401088/2601fb1cdef9d37223d5a55215ee8f43,oracle,1,[0],2.97229681991293,2.991701362954581,3.011105905996232,0.0,0.0,0.0,1.996017806121498,0.0,0.0,0.0,0.0,0.0,0.0,camera_rotation_center_and_target_diameter_scale_single_view,8.789191695100378,0.0,10000,10000,True,True,True,/content/cv3d-project/data/cache/reconstruction/predictions/04401088/2601fb1cdef9d37223d5a55215ee8f43/dec0f1251f4db5b001e8ea5d.npz,5dd3f1bfa740e752d006f6889166c053ce65c2a15443d4c197ec9be4219bac0d,/content/cv3d-project/data/cache/reconstruction/metrics/04401088/2601fb1cdef9d37223d5a55215ee8f43/13f74af316112180ca99ce41.json,3.8498980002259486
04401088/2601fb1cdef9d37223d5a55215ee8f43,oracle,2,"[0, 44]",0.04484119552258034,0.10725678023975242,0.1696723649569245,0.40853027771146655,0.0,0.0,1.996017806121498,1.0,0.0,0.0,0.2567,0.0,0.0,camera_pose_sim3,2.9757114125638204,0.003983577000149687,10000,10000,True,False,True,/content/cv3d-project/data/cache/reconstruction/predictions/04401088/2601fb1cdef9d37223d5a55215ee8f43/0519335e62140a1d2e871dc3.npz,ad7e560fc76d62f1152211d4a234d31bbc382476f20433bca8ffc9fe2772b5ea,/content/cv3d-project/data/cache/reconstruction/metrics/04401088/2601fb1cdef9d37223d5a55215ee8f43/1210101d170d3d6336fe0160.json,11.702606999733689
04401088/2601fb1cdef9d37223d5a55215ee8f43,oracle,3,"[0, 44, 17]",0.03425015157375916,0.08626734001725517,0.13828452846075118,0.5008620043475002,0.0,0.0,1.996017806121498,1.0,0.0,0.0,0.3341,0.0,0.0,camera_pose_sim3,2.8807057878535995,0.09857651686047525,10000,10000,True,False,True,/content/cv3d-project/data/cache/reconstruction/predictions/04401088/2601fb1cdef9d37223d5a55215ee8f43/4792fbdc6d08b81201367e18.npz,3fcb36385f5c2fa9d88d132ce29b94f86004d48f816ec811b92479fc457054f0,/content/cv3d-project/data/cache/reconstruction/metrics/04401088/2601fb1cdef9d37223d5a55215ee8f43/00fb723b55b25be0143411fa.json,12.070935000338068
04401088/2601fb1cdef9d37223d5a55215ee8f43,oracle,5,"[0, 44, 17, 31, 35]",0.11469314735304967,0.21598050176264783,0.31726785617224595,0.10641243207998262,0.0,0.0,1.996017806121498,0.3987,0.0,0.0,0.0614,0.0,0.0,camera_pose_sim3,2.1702513061811404,0.9808011257216364,10000,10000,True,False,True,/content/cv3d-project/data/cache/reconstruction/predictions/04401088/2601fb1cdef9d37223d5a55215ee8f43/700d554a4b3ec69e4142f6b8.npz,7520add6dc2dfc7d1d17d363f6997c2b88c6bbcefa0310446fe60430956c3899,/content/cv3d-project/data/cache/reconstruction/metrics/04401088/2601fb1cdef9d37223d5a55215ee8f43/7fc606eb7e47d04ed1e3dc80.json,11.747080000077403
04401088/2601fb1cdef9d37223d5a55215ee8f43,oracle,10,"[0, 44, 17, 31, 35, 34, 26, 32, 43, 38]",0.2508639470375941,0.31807920073719964,0.3852944544368051,0.0,0.0,0.0,1.996017806121498,0.0,0.0,0.0,0.0,0.0,0.0,camera_pose_sim3,2.066363489854442,0.9618488769549803,10000,10000,True,False,True,/content/cv3d-project/data/cache/reconstruction/predictions/04401088/2601fb1cdef9d37223d5a55215ee8f43/cee64107288c18d6eb87f6f7.npz,8c57ef0bef9c3d5b2a9e1d95de8e5157ad2e38f4b3d7884cdf8c518aa086bbd4,/content/cv3d-project/data/cache/reconstruction/metrics/04401088/2601fb1cdef9d37223d5a55215ee8f43/50a16667b693eb3d1eb4eb1a.json,12.502330000188522
04401088/26175bc1827c3569c4b311ecb3af9fe6,oracle,1,[0],1.9952281447327327,2.0033385499967435,2.0114489552607546,0.0,0.0,0.0,1.99930887110154,0.0,0.0,0.0,0.0,0.0,0.0,camera_rotation_center_and_target_diameter_scale_single_view,6.790434691225462,0.0,10000,10000,True,True,True,/content/cv3d-project/data/cache/reconstruction/predictions/04401088/26175bc1827c3569c4b311ecb3af9fe6/a6b154f4ab8983e78a3f0ce5.npz,c187c861ef30586e147043a68b518f5eaf7972a7856d9bc6fc994d6e2163f5ce,/content/cv3d-project/data/cache/reconstruction/metrics/04401088/26175bc1827c3569c4b311ecb3af9fe6/d2e6c3597be9b35d67eca282.json,3.8925500002733315
04401088/26175bc1827c3569c4b311ecb3af9fe6,oracle,2,"[0, 39]",1.166593757566369,1.3079818587260175,1.449369959885666,0.0,0.0,0.0,1.99930887110154,0.0,0.0,0.0,0.0,0.0,0.0,camera_pose_sim3,2.5441544213411675,0.9886028478970148,10000,10000,True,False,True,/content/cv3d-project/data/cache/reconstruction/predictions/04401088/26175bc1827c3569c4b311ecb3af9fe6/a1aadf79e2ee480b9ef807e0.npz,247417721a88054d866be451ddca1789b4422f99df785b2262e7a9cb25efc092,/content/cv3d-project/data/cache/reconstruction/metrics/04401088/26175bc1827c3569c4b311ecb3af9fe6/6242a5823b870f5ac8eec8be.json,12.38364900018496
04401088/26175bc1827c3569c4b311ecb3af9fe6,oracle,3,"[0, 39, 35]",3.221938344243302,3.206142900242657,3.1903474562420127,0.0,0.0,0.0,1.99930887110154,0.0,0.0,0.0,0.0,0.0,0.0,camera_pose_sim3_positive_scale_fallback,4.346681162066385,1.2885000750266433,10000,10000,True,False,True,/content/cv3d-project/data/cache/reconstruction/predictions/04401088/26175bc1827c3569c4b311ecb3af9fe6/384c5d6a09abcc049b13adb5.npz,76416b1165d6101d7c6321aa62739c356ebd1c82cf80ad94ee91bef269bc89cc,/content/cv3d-project/data/cache/reconstruction/metrics/04401088/26175bc1827c3569c4b311ecb3af9fe6/033a482d834b8f1a2fff415e.json,12.853843999891978
04401088/26175bc1827c3569c4b311ecb3af9fe6,oracle,5,"[0, 39, 35, 33, 13]",0.0688249033634157,0.1177519070842363,0.16667891080505692,0.5362518281807372,0.0,0.0,1.99930887110154,0.9759,0.0,0.0,0.3697,0.0,0.0,camera_pose_sim3,2.6226805338934156,0.1954295887739805,10000,10000,True,False,True,/content/cv3d-project/data/cache/reconstruction/predictions/04401088/26175bc1827c3569c4b311ecb3af9fe6/6e594aa9ce1998cae117a58e.npz,3fe599e4859d7f7390d92931122f06de01397d13058c4460a87d4ba0c5a76238,/content/cv3d-project/data/cache/reconstruction/metrics/04401088/26175bc1827c3569c4b311ecb3af9fe6/1b03b6d6da4d0eb4d25670c9.json,12.579540000388079
04401088/26175bc1827c3569c4b311ecb3af9fe6,oracle,10,"[0, 39, 35, 33, 13, 47, 2, 36, 34, 31]",0.06121839480647982,0.0933824882771046,0.1255465817477294,0.6200080150281778,0.0,0.0,1.99930887110154,0.9849,0.0,0.0,0.4524,0.0,0.0,camera_pose_sim3,2.426252997462644,0.5743846395136079,10000,10000,True,False,True,/content/cv3d-project/data/cache/reconstruction/predictions/04401088/26175bc1827c3569c4b311ecb3af9fe6/36d7c7932341e50597d1fa06.npz,cdd16a0169e9930802759eadfa2d5e6740d9357593efe627d8edb3ddd762a5bd,/content/cv3d-project/data/cache/reconstruction/metrics/04401088/26175bc1827c3569c4b311ecb3af9fe6/873582c09acc065c77744ca3.json,12.929695999901014
04401088/267a2d6fbf29c04cbc17518d87dd1f7a,oracle,1,[0],1.6487603111178561,1.655780336564761,1.6628003620116656,0.0,0.0,0.0,1.9980219608362453,0.0,0.0,0.0,0.0,0.0,0.0,camera_rotation_center_and_target_diameter_scale_single_view,6.140946107731615,0.0,10000,10000,True,True,True,/content/cv3d-project/data/cache/reconstruction/predictions/04401088/267a2d6fbf29c04cbc17518d87dd1f7a/85acfdd6d074c431b147f6c8.npz,a83aa3aae863fcaa8d99d0aaf1b81d658c9177669e7a4bb3f98952339078c78d,/content/cv3d-project/data/cache/reconstruction/metrics/04401088/267a2d6fbf29c04cbc17518d87dd1f7a/784dd00e9bb9e527ab536a3c.json,3.893091000009008
04401088/267a2d6fbf29c04cbc17518d87dd1f7a,oracle,2,"[0, 39]",0.1097221743767054,0.16634011750003647,0.22295806062336754,0.25561567116249195,0.0,0.004014457831325301,1.9980219608362453,0.4432,0.0,0.0049,0.1796,0.0,0.0034,camera_pose_sim3,2.659260515633617,0.053938208929129934,10000,10000,True,False,True,/content/cv3d-project/data/cache/reconstruction/predictions/04401088/267a2d6fbf29c04cbc17518d87dd1f7a/8625b683c9d10a451a8fa8da.npz,7d77d40b18604d30e386571cc8b2fe05f9f13222c8e41a8f0c6dd8ed225bcf7e,/content/cv3d-project/data/cache/reconstruction/metrics/04401088/267a2d6fbf29c04cbc17518d87dd1f7a/1862893659f2af4c3c15f341.json,11.680105999857915
04401088/267a2d6fbf29c04cbc17518d87dd1f7a,oracle,3,"[0, 39, 35]",0.0998808486722669,0.13984305650942896,0.17980526434659103,0.28434,0.0,0.0,1.9980219608362453,0.4739,0.0,0.0,0.2031,0.0,0.0,camera_pose_sim3,2.619064450154218,0.09871777833401998,10000,10000,True,False,True,/content/cv3d-project/data/cache/reconstruction/predictions/04401088/267a2d6fbf29c04cbc17518d87dd1f7a/62cd19b05330cde15fa897ef.npz,35b8dd1fa07e076177f462a25a6d7d23a4ecb9c76098d43e9efe37e6e41f4a34,/content/cv3d-project/data/cache/reconstruction/metrics/04401088/267a2d6fbf29c04cbc17518d87dd1f7a/e7cb77bfcd4cba8e4c338358.json,12.7632719995745
04401088/267a2d6fbf29c04cbc17518d87dd1f7a,oracle,5,"[0, 39, 35, 33, 13]",0.018069521485712316,0.05616226756474406,0.0942550136437758,0.7702902115100836,0.059248740740740734,0.30992219632219636,1.9980219608362453,1.0,0.0911,0.5576,0.6264,0.0439,0.2146,camera_pose_sim3,2.540902856773445,0.15554633703666207,10000,10000,True,False,True,/content/cv3d-project/data/cache/reconstruction/predictions/04401088/267a2d6fbf29c04cbc17518d87dd1f7a/41ffb2e972b366199f533b9d.npz,91ea867ea1b69648f16cf4026acca4598a92c7ea68fdd8d64728cbc87da2988c,/content/cv3d-project/data/cache/reconstruction/metrics/04401088/267a2d6fbf29c04cbc17518d87dd1f7a/48fd49ed79b545e63d740bb2.json,12.039110999921832
04401088/267a2d6fbf29c04cbc17518d87dd1f7a,oracle,10,"[0, 39, 35, 33, 13, 3, 32, 47, 2, 45]",0.014570331189621246,0.0353241330224597,0.056077934855298155,0.8826191407341193,0.15361244329228774,0.5603419400630915,1.9980219608362453,1.0,0.1646,0.8501,0.7899,0.144,0.4179,camera_pose_sim3,2.631686216315509,0.12187035683252204,10000,10000,True,False,True,/content/cv3d-project/data/cache/reconstruction/predictions/04401088/267a2d6fbf29c04cbc17518d87dd1f7a/02248e5ccb92c1407c8d3c8b.npz,98d967fda66d94bdbe8f855b23f9bf1ea4eb250e61784beabd936827237caad6,/content/cv3d-project/data/cache/reconstruction/metrics/04401088/267a2d6fbf29c04cbc17518d87dd1f7a/a570f245447d52cc215fa50f.json,12.152245999914157
04401088/2682cb34e7db8735bdc7fd7cf135ade2,oracle,1,[0],2.2890447950458275,2.3250290946987335,2.3610133943516396,0.0,0.0,0.0,1.9996873767532317,0.0,0.0,0.0,0.0,0.0,0.0,camera_rotation_center_and_target_diameter_scale_single_view,7.496353509131401,0.0,10000,10000,True,True,True,/content/cv3d-project/data/cache/reconstruction/predictions/04401088/2682cb34e7db8735bdc7fd7cf135ade2/4502e0eeb869d2e9d772eb81.npz,bc768816c60039df2ca74c14394b956ed638fae35cc7c61f0a13f5899241052d,/content/cv3d-project/data/cache/reconstruction/metrics/04401088/2682cb34e7db8735bdc7fd7cf135ade2/fe25ff8c6dd605f61bcfc4cb.json,3.8384679996852356
04401088/2682cb34e7db8735bdc7fd7cf135ade2,oracle,2,"[0, 33]",0.2045716484667305,0.3724409545463907,0.5403102606260509,0.019504470198675496,0.0,0.0,1.9996873767532317,0.1101,0.0,0.0,0.0107,0.0,0.0,camera_pose_sim3,2.6831175914380787,0.7942011305219039,10000,10000,True,False,True,/content/cv3d-project/data/cache/reconstruction/predictions/04401088/2682cb34e7db8735bdc7fd7cf135ade2/9c6c72cf20a775f8617c59c1.npz,1265b56b514a412d65dacb160cf698074d8628d13e4ad3ae23cc9c15bea7bf20,/content/cv3d-project/data/cache/reconstruction/metrics/04401088/2682cb34e7db8735bdc7fd7cf135ade2/ba16ebe0ee7af8161f2f918d.json,12.262177000138763
04401088/2682cb34e7db8735bdc7fd7cf135ade2,oracle,3,"[0, 33, 29]",0.10836334854661835,0.3426006748567375,0.5768380011668567,0.022340466304694984,0.0,0.0,1.9996873767532317,0.3015,0.0,0.0,0.0116,0.0,0.0,camera_pose_sim3,0.8572308854062746,1.3150111898791135,10000,10000,True,False,True,/content/cv3d-project/data/cache/reconstruction/predictions/04401088/2682cb34e7db8735bdc7fd7cf135ade2/bc2d161d7aa363ab979c3fb9.npz,1addb2a72a24b6d17e086ce84cd83ab9a4e82db148915443fd5389590cda7406,/content/cv3d-project/data/cache/reconstruction/metrics/04401088/2682cb34e7db8735bdc7fd7cf135ade2/2db1d6ca00e2e3e67f40da9a.json,11.28809400006503
04401088/2682cb34e7db8735bdc7fd7cf135ade2,oracle,5,"[0, 33, 29, 19, 31]",0.04621519956905916,0.0855416796845,0.12486815979994081,0.6711846388944256,0.057028753993610216,0.11020273631840796,1.9996873767532317,1.0,0.119,0.251,0.5051,0.0375,0.0706,camera_pose_sim3,2.8160716564715518,0.11985197006861559,10000,10000,True,False,True,/content/cv3d-project/data/cache/reconstruction/predictions/04401088/2682cb34e7db8735bdc7fd7cf135ade2/1d0738737b2d21653198cade.npz,b8f176b5c20499dddbdf6768f9ebddcd6374c72175f6c386096e26f9f9110fcb,/content/cv3d-project/data/cache/reconstruction/metrics/04401088/2682cb34e7db8735bdc7fd7cf135ade2/ac6ff8940386995032d3a06d.json,12.677238000378566
04401088/2682cb34e7db8735bdc7fd7cf135ade2,oracle,10,"[0, 33, 29, 19, 31, 24, 12, 20, 46, 11]",0.027768074113056013,0.07370151853152762,0.11963496294999923,0.5451090763519907,0.06348217416715371,0.14913518476015608,1.9996873767532317,0.9991,0.129,0.3402,0.3748,0.0421,0.0955,camera_pose_sim3,2.7817641546965683,0.3654487385924889,10000,10000,True,False,True,/content/cv3d-project/data/cache/reconstruction/predictions/04401088/2682cb34e7db8735bdc7fd7cf135ade2/70fd8d1a7376d3c5f9434413.npz,bb35d2fdeef2c5c9472813df4f20cf3478ad0970df99d170dd92992232348ebe,/content/cv3d-project/data/cache/reconstruction/metrics/04401088/2682cb34e7db8735bdc7fd7cf135ade2/5a52e6d20233e71bfe5dbc7e.json,12.88270300028671
04401088/2703b7edaf11d79a6b203c09a4932f5,oracle,1,[0],2.4720483406640477,2.4867396040270444,2.5014308673900416,0.0,0.0,0.0,1.9987463510637324,0.0,0.0,0.0,0.0,0.0,0.0,camera_rotation_center_and_target_diameter_scale_single_view,7.793763889499233,0.0,10000,10000,True,True,True,/content/cv3d-project/data/cache/reconstruction/predictions/04401088/2703b7edaf11d79a6b203c09a4932f5/fd86d7e36fa5fd6186cf205e.npz,a2b2240f00a0ddb40130d6972d1dd817cc363e49397461540a3ba59135d9a1f3,/content/cv3d-project/data/cache/reconstruction/metrics/04401088/2703b7edaf11d79a6b203c09a4932f5/aaf2ad56175e5f18c23caa0e.json,4.038225999920542
04401088/2703b7edaf11d79a6b203c09a4932f5,oracle,2,"[0, 42]",0.5895854412525686,0.7825343859640417,0.9754833306755148,0.0,0.0,0.0,1.9987463510637324,0.0,0.0,0.0,0.0,0.0,0.0,camera_pose_sim3,2.0199344595791717,1.0597222096682737,10000,10000,True,False,True,/content/cv3d-project/data/cache/reconstruction/predictions/04401088/2703b7edaf11d79a6b203c09a4932f5/0194e96b975d6f6beed29864.npz,e7df625bbc13a1727fdc543002dfe1a3fdae6f2311e5d2e0dc0f8fea708cad6e,/content/cv3d-project/data/cache/reconstruction/metrics/04401088/2703b7edaf11d79a6b203c09a4932f5/edcb2a63800e19f3e4e511f3.json,11.729121999906056
04401088/2703b7edaf11d79a6b203c09a4932f5,oracle,3,"[0, 42, 31]",0.02227952814102929,0.1161460660738549,0.2100126040066805,0.5042255627851321,0.08631398684997012,0.15775067759218403,1.9987463510637324,1.0,0.2837,0.5423,0.3371,0.0509,0.0923,camera_pose_sim3,2.4292062603287214,0.20951621976502857,10000,10000,True,False,True,/content/cv3d-project/data/cache/reconstruction/predictions/04401088/2703b7edaf11d79a6b203c09a4932f5/28f2dc17374636e1713c8e21.npz,a95bf3ca17b526f534110ea4e009d85f6ccba250c947cb32aab9e2712e03ed53,/content/cv3d-project/data/cache/reconstruction/metrics/04401088/2703b7edaf11d79a6b203c09a4932f5/218a5619819854610bbc33dc.json,11.324560000048223
04401088/2703b7edaf11d79a6b203c09a4932f5,oracle,5,"[0, 42, 31, 9, 13]",0.015059262142481026,0.038228597182231,0.061397932221980964,0.8781062433387558,0.17695305719921103,0.40311373913043475,1.9987463510637324,1.0,0.2752,0.7608,0.7827,0.1304,0.2742,camera_pose_sim3,2.626154623508316,0.14599889880808797,10000,10000,True,False,True,/content/cv3d-project/data/cache/reconstruction/predictions/04401088/2703b7edaf11d79a6b203c09a4932f5/32e3d4a6e50383a163894851.npz,93f98f764233044aff4ce66840600e3150ff76b33ad78a3049407000468da17e,/content/cv3d-project/data/cache/reconstruction/metrics/04401088/2703b7edaf11d79a6b203c09a4932f5/e898c583e1cc4c9ff41aa8bf.json,12.67847700000857
04401088/2703b7edaf11d79a6b203c09a4932f5,oracle,10,"[0, 42, 31, 9, 13, 46, 35, 7, 47, 23]",0.019327478775872736,0.04118237523434674,0.06303727169282074,0.8689701973647006,0.13855198664440735,0.33008458990327283,1.9987463510637324,1.0,0.1907,0.5109,0.7683,0.1088,0.2438,camera_pose_sim3,2.6790478614043756,0.20898204864122505,10000,10000,True,False,True,/content/cv3d-project/data/cache/reconstruction/predictions/04401088/2703b7edaf11d79a6b203c09a4932f5/30254e6d1ccca8eed526afc4.npz,04c33c1355477462310142c0e8318739e9e4a442586ec621ebb4b6ef3af1ff56,/content/cv3d-project/data/cache/reconstruction/metrics/04401088/2703b7edaf11d79a6b203c09a4932f5/e53cad5a1e687328f60876af.json,13.18445300012172
04401088/27085a2456319497f1cb19f636b1c2bd,oracle,1,[0],2.4760170634893814,2.489129266530237,2.502241469571093,0.0,0.0,0.0,1.9948518362422538,0.0,0.0,0.0,0.0,0.0,0.0,camera_rotation_center_and_target_diameter_scale_single_view,7.763456383103989,0.0,10000,10000,True,True,True,/content/cv3d-project/data/cache/reconstruction/predictions/04401088/27085a2456319497f1cb19f636b1c2bd/cb6eaf4e66dd4d5abbe7659b.npz,72783bdb74a565d46bc31534f96def6b6cfc75f5b05b3c38a4a0947cd8411a7b,/content/cv3d-project/data/cache/reconstruction/metrics/04401088/27085a2456319497f1cb19f636b1c2bd/ec9cbf24c627dd0aff6716a4.json,3.7448520001817087
04401088/27085a2456319497f1cb19f636b1c2bd,oracle,2,"[0, 44]",0.009704003939770682,0.0586796025901411,0.10765520124051152,0.6855941114616193,0.17904646612149533,0.2764652540118805,1.9948518362422538,1.0,0.5789,0.9666,0.5216,0.1059,0.1613,camera_pose_sim3,2.8792186022916924,0.013859544679183343,10000,10000,True,False,True,/content/cv3d-project/data/cache/reconstruction/predictions/04401088/27085a2456319497f1cb19f636b1c2bd/f3dd39cc3f2755ce5897e7f2.npz,0808a557ff164de822e2657e1365af69caaec34c819fc0a1cb60d003c02e162e,/content/cv3d-project/data/cache/reconstruction/metrics/04401088/27085a2456319497f1cb19f636b1c2bd/9a2c7af827bb08162b39a221.json,12.248040000031324
04401088/27085a2456319497f1cb19f636b1c2bd,oracle,3,"[0, 44, 9]",0.017690926735559505,0.05066995196827832,0.08364897720099713,0.7838248707813925,0.20434531678220216,0.3304580390647551,1.9948518362422538,1.0,0.4913,0.8332,0.6445,0.129,0.2061,camera_pose_sim3,2.937711802467017,0.04165703565552249,10000,10000,True,False,True,/content/cv3d-project/data/cache/reconstruction/predictions/04401088/27085a2456319497f1cb19f636b1c2bd/5dd2e5b34dd7142d14bd0a40.npz,2e2cb62c537893cacea11fa828f8eb39acc138ac25cd01151c0242c72fb9acaa,/content/cv3d-project/data/cache/reconstruction/metrics/04401088/27085a2456319497f1cb19f636b1c2bd/d1e6bedd61653539392076ad.json,12.666230999911932
04401088/27085a2456319497f1cb19f636b1c2bd,oracle,5,"[0, 44, 9, 40, 5]",0.024743073961303312,0.04707035863274049,0.06939764330417766,0.8509709295645179,0.04764411214953271,0.15290770567786788,1.9948518362422538,1.0,0.0712,0.2309,0.7406,0.0358,0.1143,camera_pose_sim3,2.906529588400466,0.1393087888741598,10000,10000,True,False,True,/content/cv3d-project/data/cache/reconstruction/predictions/04401088/27085a2456319497f1cb19f636b1c2bd/215e94d6627d7cf9ef1be0c3.npz,c253959af490402984bcd8ab4805ee6f5c4e58d9b01c0eacc3ef4a17118b76b8,/content/cv3d-project/data/cache/reconstruction/metrics/04401088/27085a2456319497f1cb19f636b1c2bd/94c027e020b7fdaef69e2bae.json,12.365361000320263
04401088/27085a2456319497f1cb19f636b1c2bd,oracle,10,"[0, 44, 9, 40, 5, 19, 6, 45, 3, 41]",0.011775910324554686,0.037516980580105615,0.06325805083565654,0.8548525622673919,0.27847036002482933,0.48626230670103093,1.9948518362422538,1.0,0.4409,0.9098,0.7465,0.2035,0.3318,camera_pose_sim3,2.952864124621825,0.1573979495866013,10000,10000,True,False,True,/content/cv3d-project/data/cache/reconstruction/predictions/04401088/27085a2456319497f1cb19f636b1c2bd/9826744e1fab7e082a21add7.npz,a2e98d4f6637ab00b4c590a6fb0d083dbc217e3959b767ee4fbf61e669c057bc,/content/cv3d-project/data/cache/reconstruction/metrics/04401088/27085a2456319497f1cb19f636b1c2bd/e5ce4b66f0c8cd7c285b9142.json,12.662810999700014
04401088/271421566061988a93d9d97ff82834ba,oracle,1,[0],1.918326263894293,1.9499166930502472,1.9815071222062013,0.0,0.0,0.0,2.0000058359224746,0.0,0.0,0.0,0.0,0.0,0.0,camera_rotation_center_and_target_diameter_scale_single_view,6.717140536925795,0.0,10000,10000,True,True,True,/content/cv3d-project/data/cache/reconstruction/predictions/04401088/271421566061988a93d9d97ff82834ba/13fe9ad72586a086be7d2a42.npz,105968a4c02e74d5af140deb19c0de08dab9547609ada4e6abd0d254b02f9df7,/content/cv3d-project/data/cache/reconstruction/metrics/04401088/271421566061988a93d9d97ff82834ba/63f9f75aaf3f843eaac4e000.json,3.7852460000067367
04401088/271421566061988a93d9d97ff82834ba,oracle,2,"[0, 44]",0.035994052165842255,0.0765241125966141,0.11705417302738595,0.6812607147566926,0.000175,0.003477124183006536,2.0000058359224746,1.0,0.0007,0.0133,0.5166,0.0001,0.002,camera_pose_sim3,2.699563267565629,0.05459032841900961,10000,10000,True,True,True,/content/cv3d-project/data/cache/reconstruction/predictions/04401088/271421566061988a93d9d97ff82834ba/99d32d4f0f91f73702429140.npz,04cd2dca7e6f7955fcbb81bcd9178418fe1fb4ff8b0a12fd560fa330531b1eb0,/content/cv3d-project/data/cache/reconstruction/metrics/04401088/271421566061988a93d9d97ff82834ba/d09718526e877f6fddf4f75a.json,2.5531920000503305
04401088/271421566061988a93d9d97ff82834ba,oracle,3,"[0, 44, 8]",0.012770819465883765,0.06412337030535058,0.11547592114481739,0.603644487886616,0.22836740476190479,0.2821026622793898,2.0000058359224746,1.0,0.7037,0.8331,0.4323,0.1363,0.1698,camera_pose_sim3,2.506977853226306,0.09874601358848417,10000,10000,True,False,True,/content/cv3d-project/data/cache/reconstruction/predictions/04401088/271421566061988a93d9d97ff82834ba/5f99a48323a34545be201bde.npz,3211f00941a6e658f670cbae67661df3d70b561d791f3f34b9f7496deb957ef0,/content/cv3d-project/data/cache/reconstruction/metrics/04401088/271421566061988a93d9d97ff82834ba/43e5678364b16d827e76ccd6.json,12.462499000321259
04401088/271421566061988a93d9d97ff82834ba,oracle,5,"[0, 44, 8, 19, 21]",0.014112065345948206,0.04623520992580065,0.0783583545056531,0.7844162158876801,0.28939679195594925,0.33158616052958206,2.0000058359224746,1.0,0.6492,0.7543,0.6453,0.1862,0.2125,camera_pose_sim3,2.643095811109613,0.0961155626292052,10000,10000,True,False,True,/content/cv3d-project/data/cache/reconstruction/predictions/04401088/271421566061988a93d9d97ff82834ba/b9c8501583b56580237ddc72.npz,9ec621007ee7742393a1cfa50f3c8b697a0b7b8aca6b2dd0e1538002b3ad8be8,/content/cv3d-project/data/cache/reconstruction/metrics/04401088/271421566061988a93d9d97ff82834ba/8c174aed33e2a6cac85ef8f8.json,12.107130000003963
04401088/271421566061988a93d9d97ff82834ba,oracle,10,"[0, 44, 8, 19, 21, 15, 9, 40, 27, 20]",0.028832245305762463,0.059546754166353515,0.09026126302694457,0.7361769352290679,0.04,0.11278957079823505,2.0000058359224746,1.0,0.06,0.1631,0.5825,0.03,0.0862,camera_pose_sim3,2.6000311554936593,0.20358391789612434,10000,10000,True,False,True,/content/cv3d-project/data/cache/reconstruction/predictions/04401088/271421566061988a93d9d97ff82834ba/434f2317bec194a47afa30cc.npz,9d3cac6432c83f5853595fcbdbdcefda08535d956ce5b7c4cd86393b3822fcec,/content/cv3d-project/data/cache/reconstruction/metrics/04401088/271421566061988a93d9d97ff82834ba/b77e720fa642993d3e17fadf.json,12.753659000281914
04530566/1fb578de4aebcd62b249fd16295bbfb,oracle,1,[0],6.890401578338926,7.151822961272641,7.4132443442063565,0.0,0.0,0.0,1.9835313987830252,0.0,0.0,0.0,0.0,0.0,0.0,camera_rotation_center_and_target_diameter_scale_single_view,17.516602845948206,0.0,4285,10000,True,True,True,/content/cv3d-project/data/cache/reconstruction/predictions/04530566/1fb578de4aebcd62b249fd16295bbfb/b2c92b43411dfbbe4c8bc00b.npz,bffb00a8b8b114b67c3e9669e2998e6da39a19ea51e74f0f10f25c286deb4c56,/content/cv3d-project/data/cache/reconstruction/metrics/04530566/1fb578de4aebcd62b249fd16295bbfb/23d14fc0e9d52911560116c0.json,3.1442700001207413
04530566/1fb578de4aebcd62b249fd16295bbfb,oracle,2,"[0, 17]",0.32368806396690397,0.36656183114158436,0.40943559831626475,0.0,0.0,0.0,1.9835313987830252,0.0,0.0,0.0,0.0,0.0,0.0,camera_pose_sim3,1.7747316938545357,0.8391929965239416,10000,10000,True,False,True,/content/cv3d-project/data/cache/reconstruction/predictions/04530566/1fb578de4aebcd62b249fd16295bbfb/b3a5e8cdd1ac087ba998ffbb.npz,8db549212b7ad041de1d6f569c472ca2b6d9413159cd7f05e8dcff2a2eeb2188,/content/cv3d-project/data/cache/reconstruction/metrics/04530566/1fb578de4aebcd62b249fd16295bbfb/41d268570477824d33b53ee4.json,12.690044000009948
04530566/1fb578de4aebcd62b249fd16295bbfb,oracle,3,"[0, 17, 29]",0.047918453465293734,0.09028804199110793,0.13265763051692214,0.5619787172850158,0.01251063829787234,0.03480162241887906,1.9835313987830252,1.0,0.0588,0.1151,0.3908,0.007,0.0205,camera_pose_sim3,2.3500605943355373,0.6101850102863258,10000,10000,True,False,True,/content/cv3d-project/data/cache/reconstruction/predictions/04530566/1fb578de4aebcd62b249fd16295bbfb/dffff68562058d249258dc03.npz,3800823b467b7f164ce2330fa4f05f7d67aa1ada5d58ca4ddc37ae2509a5ef01,/content/cv3d-project/data/cache/reconstruction/metrics/04530566/1fb578de4aebcd62b249fd16295bbfb/51e25ef8947fcb49256eeede.json,12.173259999599395
04530566/1fb578de4aebcd62b249fd16295bbfb,oracle,5,"[0, 17, 29, 15, 35]",0.1419552970658983,0.16393184431380772,0.18590839156171715,0.05154016933207902,0.0,0.0,1.9835313987830252,0.0439,0.0,0.0,0.0624,0.0,0.0,camera_pose_sim3,2.607089958018696,0.47302707520169524,10000,10000,True,False,True,/content/cv3d-project/data/cache/reconstruction/predictions/04530566/1fb578de4aebcd62b249fd16295bbfb/edda43fd5fdf38c328bcc27b.npz,8675197165dab3f3c01acea97696b1340f8ced0ce5e11540615ec342c62b0697,/content/cv3d-project/data/cache/reconstruction/metrics/04530566/1fb578de4aebcd62b249fd16295bbfb/6148e30e4a2a61dac002172c.json,13.034675000199059
04530566/1fb578de4aebcd62b249fd16295bbfb,oracle,10,"[0, 17, 29, 15, 35, 5, 37, 12, 36, 2]",0.837557159810123,0.8585571649449222,0.8795571700797212,0.0,0.0,0.0,1.9835313987830252,0.0,0.0,0.0,0.0,0.0,0.0,camera_pose_sim3,2.477062056291109,0.7661665667940274,10000,10000,True,False,True,/content/cv3d-project/data/cache/reconstruction/predictions/04530566/1fb578de4aebcd62b249fd16295bbfb/c89f70ce6532f4399316271a.npz,a627769f74f873fcbce50002151f1c8dd6f12a87e6c0eec7908f0897d9760668,/content/cv3d-project/data/cache/reconstruction/metrics/04530566/1fb578de4aebcd62b249fd16295bbfb/e836567dcf01d36c42d96476.json,13.31108599970321
04530566/20286f6d7aa7a853b48c6de5e38e3312,oracle,1,[0],3.6893741075080926,3.947983742315702,4.206593377123311,0.0,0.0,0.0,1.9926671488618335,0.0,0.0,0.0,0.0,0.0,0.0,camera_rotation_center_and_target_diameter_scale_single_view,11.139842420826941,0.0,7398,10000,True,True,True,/content/cv3d-project/data/cache/reconstruction/predictions/04530566/20286f6d7aa7a853b48c6de5e38e3312/21412bb4744465e07afebea7.npz,2699025fd23daa3e157cbf818332674d1f04961c2125e36e45341a582e8afc7e,/content/cv3d-project/data/cache/reconstruction/metrics/04530566/20286f6d7aa7a853b48c6de5e38e3312/bbffb4cd5845b47443eec8d3.json,3.570105000108015
04530566/20286f6d7aa7a853b48c6de5e38e3312,oracle,2,"[0, 29]",0.04395149648998523,0.11739412185800531,0.1908367472260254,0.25409451879010087,0.016237327188940092,0.04600011706175008,1.9926671488618335,0.9442,0.1215,0.3169,0.1468,0.0087,0.0248,camera_pose_sim3,2.7121501547004003,0.10655347722256886,10000,10000,True,False,True,/content/cv3d-project/data/cache/reconstruction/predictions/04530566/20286f6d7aa7a853b48c6de5e38e3312/0d2e6dd8dbc8d18bb3e5ad2b.npz,f50c83572a494045a2481a80927cb329945ddd01f7a63dfe3f198318dbcd9936,/content/cv3d-project/data/cache/reconstruction/metrics/04530566/20286f6d7aa7a853b48c6de5e38e3312/c84f1a081b51c6ffe4400859.json,11.862319000101706
04530566/20286f6d7aa7a853b48c6de5e38e3312,oracle,3,"[0, 29, 25]",0.5492562698668594,0.5847902811595425,0.6203242924522254,0.0,0.0,0.0,1.9926671488618335,0.0,0.0,0.0,0.0,0.0,0.0,camera_pose_sim3,2.9498122743871367,0.4329845506283064,10000,10000,True,False,True,/content/cv3d-project/data/cache/reconstruction/predictions/04530566/20286f6d7aa7a853b48c6de5e38e3312/6d64160e0bf31a2b865258b8.npz,51c22fd3ebd8eee847922e9b1bcff1d3d99149f74872870a1ff8215c089193d8,/content/cv3d-project/data/cache/reconstruction/metrics/04530566/20286f6d7aa7a853b48c6de5e38e3312/54cefcb20ac76d67e17e50e7.json,13.014291000217781
04530566/20286f6d7aa7a853b48c6de5e38e3312,oracle,5,"[0, 29, 25, 31, 5]",0.28819172792428044,0.3353458902322898,0.38250005254029906,0.0,0.0,0.0,1.9926671488618335,0.0,0.0,0.0,0.0,0.0,0.0,camera_pose_sim3,2.5106724185484293,0.5898660619995125,10000,10000,True,False,True,/content/cv3d-project/data/cache/reconstruction/predictions/04530566/20286f6d7aa7a853b48c6de5e38e3312/a433106f760583bb6ee12a2e.npz,a76662992ac32945a10e10df74031547980fe9409f1a26469d32cf6490bb725b,/content/cv3d-project/data/cache/reconstruction/metrics/04530566/20286f6d7aa7a853b48c6de5e38e3312/0194f9250df68b8197188577.json,12.824520000322082
04530566/20286f6d7aa7a853b48c6de5e38e3312,oracle,10,"[0, 29, 25, 31, 5, 36, 6, 45, 12, 13]",0.08268298386999673,0.12359352625131237,0.164504068632628,0.371692669924478,0.014286376811594202,0.03739231664726426,1.9926671488618335,0.6382,0.0244,0.0584,0.2622,0.0101,0.0275,camera_pose_sim3,2.585548118866465,0.4615528392712869,10000,10000,True,False,True,/content/cv3d-project/data/cache/reconstruction/predictions/04530566/20286f6d7aa7a853b48c6de5e38e3312/64964ae401514b8dfd8775d0.npz,46f119352f8cade743135c6c136dea1ec9b63e0d4caa55656e5f8ef399eb917e,/content/cv3d-project/data/cache/reconstruction/metrics/04530566/20286f6d7aa7a853b48c6de5e38e3312/e0472de2a075aa70c3e37032.json,13.532059999761259
04530566/203c2cac2c46e06c320fa6e2cd857828,oracle,1,[0],1.3713299245114423,1.4661016180298674,1.5608733115482927,0.0,0.0,0.0,1.9822765698061058,0.0,0.0,0.0,0.0,0.0,0.0,camera_rotation_center_and_target_diameter_scale_single_view,6.311950266082226,0.0,7778,10000,True,True,True,/content/cv3d-project/data/cache/reconstruction/predictions/04530566/203c2cac2c46e06c320fa6e2cd857828/8efc81e2278903ffe6f769e9.npz,c3c17d5d63d444e5cbf252d8944f83f7a66092333fc787ac9f33d11c07cc71aa,/content/cv3d-project/data/cache/reconstruction/metrics/04530566/203c2cac2c46e06c320fa6e2cd857828/51d82f969b3010813511a07f.json,3.6382960001901665
04530566/203c2cac2c46e06c320fa6e2cd857828,oracle,2,"[0, 38]",0.20587312688009687,0.2650630082757644,0.32425288967143195,0.0,0.0,0.0,1.9822765698061058,0.0,0.0,0.0,0.0,0.0,0.0,camera_pose_sim3,2.74594089838305,0.02064990889992107,10000,10000,True,False,True,/content/cv3d-project/data/cache/reconstruction/predictions/04530566/203c2cac2c46e06c320fa6e2cd857828/d1dc0c21724a9418831f673e.npz,57dd8921a4200eaf87141915aa7d4d71e84c6899292352391d545e3d6b7c2d9f,/content/cv3d-project/data/cache/reconstruction/metrics/04530566/203c2cac2c46e06c320fa6e2cd857828/3989d7dd360bca686833a71f.json,11.85606800027017
04530566/203c2cac2c46e06c320fa6e2cd857828,oracle,3,"[0, 38, 34]",0.29141982289849017,0.34144473160294675,0.39146964030740333,0.0,0.0,0.0,1.9822765698061058,0.0,0.0,0.0,0.0,0.0,0.0,camera_pose_sim3,2.4181809087710966,0.6384860012602537,10000,10000,True,False,True,/content/cv3d-project/data/cache/reconstruction/predictions/04530566/203c2cac2c46e06c320fa6e2cd857828/93e97a2be5625de875480f40.npz,b0a81bcaa9f52d2ecef1f8f957fa89f828f05003eb88052d7fdd1e90196311cb,/content/cv3d-project/data/cache/reconstruction/metrics/04530566/203c2cac2c46e06c320fa6e2cd857828/59b2766b30aa63d8e066109f.json,12.330827999903704
04530566/203c2cac2c46e06c320fa6e2cd857828,oracle,5,"[0, 38, 34, 15, 36]",0.0524347788655876,0.0782675584901766,0.10410033811476559,0.6504508607835163,0.0038532110091743115,0.0470007524454477,1.9822765698061058,0.9914,0.0084,0.1024,0.484,0.0025,0.0305,camera_pose_sim3,2.70141220315792,0.15237670474888518,10000,10000,True,False,True,/content/cv3d-project/data/cache/reconstruction/predictions/04530566/203c2cac2c46e06c320fa6e2cd857828/3d84dc61556f44d2c3b84940.npz,958b2f47e4f0f11d453839296d7ac15b7d722baf1d7eba088cea7813ddb1adbb,/content/cv3d-project/data/cache/reconstruction/metrics/04530566/203c2cac2c46e06c320fa6e2cd857828/dfaabb7756138890b2fa958c.json,12.494411999796284
04530566/203c2cac2c46e06c320fa6e2cd857828,oracle,10,"[0, 38, 34, 15, 36, 13, 23, 10, 20, 39]",0.021348939560756244,0.04361920825619274,0.06588947695162924,0.8591637670412413,0.1451917954481596,0.30251935483870973,1.9822765698061058,1.0,0.2543,0.5401,0.7531,0.1016,0.2101,camera_pose_sim3,2.694567941871725,0.10506280177911122,10000,10000,True,False,True,/content/cv3d-project/data/cache/reconstruction/predictions/04530566/203c2cac2c46e06c320fa6e2cd857828/c922ffb21cdd21c5dbfb512a.npz,f6b27dba9e876c1309d61639ae4ccbb6852faa227fb5599827e81a2b1936e643,/content/cv3d-project/data/cache/reconstruction/metrics/04530566/203c2cac2c46e06c320fa6e2cd857828/ddda4b25292e621d2f9a0deb.json,13.19248299978426
04530566/203d75b8112369d66a4afad911312b2b,oracle,1,[0],3.1719634249236206,3.2767333544957973,3.3815032840679735,0.0,0.0,0.0,1.949965813901391,0.0,0.0,0.0,0.0,0.0,0.0,camera_rotation_center_and_target_diameter_scale_single_view,9.4016573537935,0.0,8482,10000,True,True,True,/content/cv3d-project/data/cache/reconstruction/predictions/04530566/203d75b8112369d66a4afad911312b2b/bfab3c504764663ddd282971.npz,5802d5bd494f94da07d9c0ff0b2568a8242dca424099ee23b17133d03ec98df1,/content/cv3d-project/data/cache/reconstruction/metrics/04530566/203d75b8112369d66a4afad911312b2b/15853d2a66d779b6aef29150.json,3.6487600000327802
04530566/203d75b8112369d66a4afad911312b2b,oracle,2,"[0, 26]",2.153788202847264,2.188915944936963,2.224043687026662,0.0,0.0,0.0,1.949965813901391,0.0,0.0,0.0,0.0,0.0,0.0,camera_pose_sim3_positive_scale_fallback,3.8198364508579137,2.1432533672811854e-16,10000,10000,True,False,True,/content/cv3d-project/data/cache/reconstruction/predictions/04530566/203d75b8112369d66a4afad911312b2b/ce064032922a80442712bfa8.npz,eebd3706dc81a7c7cd89ee69816121551c0410fe8a5948b409fab3c57f2b5cce,/content/cv3d-project/data/cache/reconstruction/metrics/04530566/203d75b8112369d66a4afad911312b2b/1b8ce3ec06b6be27063a6ed9.json,13.256142000045656
04530566/203d75b8112369d66a4afad911312b2b,oracle,3,"[0, 26, 23]",0.08115967264335157,0.1288117928287784,0.1764639130142052,0.23476983943936838,0.0,0.0,1.949965813901391,0.9942,0.0,0.0,0.1331,0.0,0.0,camera_pose_sim3,2.9821967085893393,0.19966444004872674,10000,10000,True,False,True,/content/cv3d-project/data/cache/reconstruction/predictions/04530566/203d75b8112369d66a4afad911312b2b/cb55117fdf8375917ecf35b4.npz,750c063ea5400162138759e9c02f0500990369f2ae25266e6ab6cca74a53f14c,/content/cv3d-project/data/cache/reconstruction/metrics/04530566/203d75b8112369d66a4afad911312b2b/f73aa70af9df860ec3028c17.json,12.84877200032497
04530566/203d75b8112369d66a4afad911312b2b,oracle,5,"[0, 26, 23, 38, 20]",0.034940626074437896,0.06287620044645234,0.09081177481846679,0.7356975788608634,0.022336906584992343,0.06329026442307693,1.949965813901391,1.0,0.051,0.1239,0.5819,0.0143,0.0425,camera_pose_sim3,2.7553092950403486,0.10699413175928578,10000,10000,True,False,True,/content/cv3d-project/data/cache/reconstruction/predictions/04530566/203d75b8112369d66a4afad911312b2b/9c69501a88236a2ca3ca4e65.npz,e06678aedfbf0df8baff5df7db3980b90a9cc4d011dd45a3d53f54102efd48ed,/content/cv3d-project/data/cache/reconstruction/metrics/04530566/203d75b8112369d66a4afad911312b2b/54fc261b908435ebf6cf9f24.json,13.012605999847437
04530566/203d75b8112369d66a4afad911312b2b,oracle,10,"[0, 26, 23, 38, 20, 17, 5, 28, 12, 39]",0.1077212288822286,0.17492631165062236,0.24213139441901613,0.19968739105171412,0.004745263157894737,0.009436082474226802,1.949965813901391,0.381,0.0049,0.0081,0.1353,0.0046,0.0113,camera_pose_sim3,2.3685819931202787,0.7353321915631308,10000,10000,True,False,True,/content/cv3d-project/data/cache/reconstruction/predictions/04530566/203d75b8112369d66a4afad911312b2b/0d31baac4916a009cfa4529f.npz,d1a6d9a5d517baba09eaf616365e9cd84d2cf59496b583430b4647374a7d6442,/content/cv3d-project/data/cache/reconstruction/metrics/04530566/203d75b8112369d66a4afad911312b2b/6ef8ae059b4a4fcfe783b45a.json,12.813067000024603
04530566/206c86e4cf614dd5d03c0ce6ad42cc93,oracle,1,[0],4.025421880321193,4.24439095807749,4.463360035833788,0.0,0.0,0.0,1.9774507387618692,0.0,0.0,0.0,0.0,0.0,0.0,camera_rotation_center_and_target_diameter_scale_single_view,11.613174833390806,0.0,7989,10000,True,True,True,/content/cv3d-project/data/cache/reconstruction/predictions/04530566/206c86e4cf614dd5d03c0ce6ad42cc93/2d2231cb6cfd3343b4fed534.npz,ad74bc2e32b36a62bf14b1e6fd077af7ddbd42dc71e5efdb8cd05a41b60b5c53,/content/cv3d-project/data/cache/reconstruction/metrics/04530566/206c86e4cf614dd5d03c0ce6ad42cc93/5526457893b02e22c419aba9.json,3.606897000281606
04530566/206c86e4cf614dd5d03c0ce6ad42cc93,oracle,2,"[0, 29]",0.27107821816131844,0.35655832120301356,0.44203842424470874,0.0,0.0,0.0,1.9774507387618692,0.0,0.0,0.0,0.0,0.0,0.0,camera_pose_sim3,2.536967834421987,0.06476365694760863,10000,10000,True,False,True,/content/cv3d-project/data/cache/reconstruction/predictions/04530566/206c86e4cf614dd5d03c0ce6ad42cc93/57181e969aed67771ffbbdd8.npz,1ec16ce436acad86bbc2258a6027e270dcdf06c84ab9b0b77dfe7a6f786aab80,/content/cv3d-project/data/cache/reconstruction/metrics/04530566/206c86e4cf614dd5d03c0ce6ad42cc93/171b8a1df95a96af20a218f2.json,12.477767999826028
04530566/206c86e4cf614dd5d03c0ce6ad42cc93,oracle,3,"[0, 29, 17]",1.5150298096070232,1.5898728634872175,1.6647159173674118,0.0,0.0,0.0,1.9774507387618692,0.0,0.0,0.0,0.0,0.0,0.0,camera_pose_sim3,2.666108084290537,0.9381954556914482,10000,10000,True,False,True,/content/cv3d-project/data/cache/reconstruction/predictions/04530566/206c86e4cf614dd5d03c0ce6ad42cc93/4cd4a3ad2cfc96b56b710f1c.npz,c83292fc1a87c2719ed106092a3926cfc6e9c5f831684607c95f0a3dbe108dcb,/content/cv3d-project/data/cache/reconstruction/metrics/04530566/206c86e4cf614dd5d03c0ce6ad42cc93/b2e159462c6a32b763319bdc.json,11.574367999855895
04530566/206c86e4cf614dd5d03c0ce6ad42cc93,oracle,5,"[0, 29, 17, 15, 43]",1.7927840649961229,1.8785317701711826,1.964279475346242,0.0,0.0,0.0,1.9774507387618692,0.0,0.0,0.0,0.0,0.0,0.0,camera_pose_sim3,2.729058337235372,1.0046533336050418,10000,10000,True,False,True,/content/cv3d-project/data/cache/reconstruction/predictions/04530566/206c86e4cf614dd5d03c0ce6ad42cc93/5145cea3be7bdef1bc97e6c4.npz,defe6cf2b76269e6cad55e47d45bc463ca08f7ac677fbf726b32552d5097df6f,/content/cv3d-project/data/cache/reconstruction/metrics/04530566/206c86e4cf614dd5d03c0ce6ad42cc93/3e552614f013edae23112ed3.json,12.96493499967255
04530566/206c86e4cf614dd5d03c0ce6ad42cc93,oracle,10,"[0, 29, 17, 15, 43, 39, 13, 11, 45, 8]",0.0992078618957391,0.14619250659844346,0.19317715130114785,0.18816637168141592,0.025035560588901475,0.03648484848484848,1.9774507387618692,0.4089,0.0732,0.1204,0.1222,0.0151,0.0215,camera_pose_sim3,2.4604726902546448,0.5245381459763582,10000,10000,True,False,True,/content/cv3d-project/data/cache/reconstruction/predictions/04530566/206c86e4cf614dd5d03c0ce6ad42cc93/a6e8e3930109df054d01815b.npz,e90f89a4af9210f48975cdf4017a7db63c7e5c822cdc67bad90c9481789bcd9c,/content/cv3d-project/data/cache/reconstruction/metrics/04530566/206c86e4cf614dd5d03c0ce6ad42cc93/058fd2467383c84d692d21e5.json,13.158779999685066
04530566/209213f07114a06a2b249fd16295bbfb,oracle,1,[0],5.755024079415459,5.990041656708716,6.225059234001972,0.0,0.0,0.0,1.9908105854909601,0.0,0.0,0.0,0.0,0.0,0.0,camera_rotation_center_and_target_diameter_scale_single_view,15.245116394890815,0.0,4413,10000,True,True,True,/content/cv3d-project/data/cache/reconstruction/predictions/04530566/209213f07114a06a2b249fd16295bbfb/6d604d8522f71ae70929d99f.npz,d4e1eec6eaeec958b7329404126e99c3ee55ab78d291256a152a7a844d2deb94,/content/cv3d-project/data/cache/reconstruction/metrics/04530566/209213f07114a06a2b249fd16295bbfb/77e403397df9fc8712730d94.json,3.0533760000253096
04530566/209213f07114a06a2b249fd16295bbfb,oracle,2,"[0, 35]",1.2594225613102572,1.3033939565877533,1.347365351865249,0.0,0.0,0.0,1.9908105854909601,0.0,0.0,0.0,0.0,0.0,0.0,camera_pose_sim3,2.897307381593655,0.4229888554731047,10000,10000,True,False,True,/content/cv3d-project/data/cache/reconstruction/predictions/04530566/209213f07114a06a2b249fd16295bbfb/dfdc5bf6b92ef09574fb820d.npz,5d57750c7ddb9c3cb4dff4e7cb406ecc3f6a2d38975b38bf1729e663284a393d,/content/cv3d-project/data/cache/reconstruction/metrics/04530566/209213f07114a06a2b249fd16295bbfb/1934e3916433dce696eb0236.json,12.817276000077982
04530566/209213f07114a06a2b249fd16295bbfb,oracle,3,"[0, 35, 31]",0.34552186940158025,0.3985608440087795,0.45159981861597875,0.0,0.0,0.0,1.9908105854909601,0.0,0.0,0.0,0.0,0.0,0.0,camera_pose_sim3,2.0227486585383763,1.0686267771497862,10000,10000,True,False,True,/content/cv3d-project/data/cache/reconstruction/predictions/04530566/209213f07114a06a2b249fd16295bbfb/37f8d63bbb7911d254bf3193.npz,ed2a0409c2871a3db0d7d68748142d2af6d8af776cd17a3c12b52e480a2bff6f,/content/cv3d-project/data/cache/reconstruction/metrics/04530566/209213f07114a06a2b249fd16295bbfb/c0a7de37a3310edce617cae6.json,11.514483000155451
04530566/209213f07114a06a2b249fd16295bbfb,oracle,5,"[0, 35, 31, 20, 7]",1.5860565533431676,1.6480262520547395,1.7099959507663112,0.0,0.0,0.0,1.9908105854909601,0.0,0.0,0.0,0.0,0.0,0.0,camera_pose_sim3,1.979652470983025,1.2014558832612514,10000,10000,True,False,True,/content/cv3d-project/data/cache/reconstruction/predictions/04530566/209213f07114a06a2b249fd16295bbfb/0724ab1d3cbe4840129c9f32.npz,28d1aa5ab712e0c94ca42545a6e8e0ca3680122213e2c19912793b4a9a32f86c,/content/cv3d-project/data/cache/reconstruction/metrics/04530566/209213f07114a06a2b249fd16295bbfb/1b2e4e6abc25e275b77cb352.json,13.37622300025032
04530566/209213f07114a06a2b249fd16295bbfb,oracle,10,"[0, 35, 31, 20, 7, 44, 25, 14, 27, 32]",1.6318217071549053,1.6511710779480442,1.6705204487411833,0.0,0.0,0.0,1.9908105854909601,0.0,0.0,0.0,0.0,0.0,0.0,camera_pose_sim3,2.5491106527191243,1.0755541507783875,10000,10000,True,False,True,/content/cv3d-project/data/cache/reconstruction/predictions/04530566/209213f07114a06a2b249fd16295bbfb/8fa5fa97b9b60f9b4229c09b.npz,cef3672a97006809888dcd18cacfd9fbbf43c53d284c13b2eebd0a0da2a1e24b,/content/cv3d-project/data/cache/reconstruction/metrics/04530566/209213f07114a06a2b249fd16295bbfb/81e3e272e7657c2d14f8af28.json,13.94567899978938
04530566/209f569f50d42f7e45e2a4e5729b970d,oracle,1,[0],5.123874277998285,5.361927791004172,5.599981304010059,0.0,0.0,0.0,1.9855342464351073,0.0,0.0,0.0,0.0,0.0,0.0,camera_rotation_center_and_target_diameter_scale_single_view,13.93105860944488,0.0,6437,10000,True,True,True,/content/cv3d-project/data/cache/reconstruction/predictions/04530566/209f569f50d42f7e45e2a4e5729b970d/f3aa216cc80f4ccd18e99962.npz,4ba3bdd35d573e3c0498ca219b05bcaa27c9399e1a2aae0ab53275cabfce78a3,/content/cv3d-project/data/cache/reconstruction/metrics/04530566/209f569f50d42f7e45e2a4e5729b970d/4b6383ec4f092746113eb7ed.json,3.411508000226604
04530566/209f569f50d42f7e45e2a4e5729b970d,oracle,2,"[0, 18]",0.04123518095065325,0.13907796252221857,0.23692074409378389,0.16362133872004408,0.002690807799442897,0.0077031539888682745,1.9855342464351073,1.0,0.0345,0.1038,0.0891,0.0014,0.004,camera_pose_sim3,1.4671735566216662,0.8702173880231932,10000,10000,True,False,True,/content/cv3d-project/data/cache/reconstruction/predictions/04530566/209f569f50d42f7e45e2a4e5729b970d/113d0e2fb78513aeabf22278.npz,d91d3535c48a5a776463ec913fa0f7ca3989c3ee2076848d34ced057993717d2,/content/cv3d-project/data/cache/reconstruction/metrics/04530566/209f569f50d42f7e45e2a4e5729b970d/ec3db8e3122b9d0efe7a9d4a.json,12.8309189999527
04530566/209f569f50d42f7e45e2a4e5729b970d,oracle,3,"[0, 18, 30]",0.37885496716483275,0.4391809418911936,0.49950691661755453,0.0,0.0,0.0,1.9855342464351073,0.0,0.0,0.0,0.0,0.0,0.0,camera_pose_sim3,2.445949509284155,0.5896599396531989,10000,10000,True,False,True,/content/cv3d-project/data/cache/reconstruction/predictions/04530566/209f569f50d42f7e45e2a4e5729b970d/04ba042dbeed083a5fd2130d.npz,9782ee9598a1157932a0a78b6b513522fa5778ff79fc08a5706a4907238705d3,/content/cv3d-project/data/cache/reconstruction/metrics/04530566/209f569f50d42f7e45e2a4e5729b970d/90217f49ae4bc182204929bf.json,12.97394199991686
04530566/209f569f50d42f7e45e2a4e5729b970d,oracle,5,"[0, 18, 30, 20, 6]",0.030944613147401875,0.08602349113339659,0.1411023691193913,0.4662576687116564,0.0511988888888889,0.10349663471344074,1.9855342464351073,1.0,0.2596,0.4315,0.304,0.0284,0.0588,camera_pose_sim3,2.476501890451865,0.3271026117625053,10000,10000,True,False,True,/content/cv3d-project/data/cache/reconstruction/predictions/04530566/209f569f50d42f7e45e2a4e5729b970d/c75123d284aef1411123599d.npz,027be8325a9c79132dde37583e692e169e625b21f31f89d068b646cb03e42078,/content/cv3d-project/data/cache/reconstruction/metrics/04530566/209f569f50d42f7e45e2a4e5729b970d/fb4f10e70584fb9716d0f9cb.json,11.676719000206504
04530566/209f569f50d42f7e45e2a4e5729b970d,oracle,10,"[0, 18, 30, 20, 6, 45, 17, 13, 35, 1]",0.016874110729129865,0.05471724118434441,0.09256037163955895,0.7998799879987998,0.08147727425310508,0.2032752663029358,1.9855342464351073,1.0,0.2492,0.6493,0.6665,0.0487,0.1205,camera_pose_sim3,2.504341220429815,0.19000206245521725,10000,10000,True,False,True,/content/cv3d-project/data/cache/reconstruction/predictions/04530566/209f569f50d42f7e45e2a4e5729b970d/182d7acbeacd7de01f1e031e.npz,7872555509435244194a456c9521f33930ab198d2135660ed5c14732613b0a99,/content/cv3d-project/data/cache/reconstruction/metrics/04530566/209f569f50d42f7e45e2a4e5729b970d/fefef137c66957338efcf041.json,12.301521000154025
04530566/20c2bcd71abffc2a93add66353cae8ec,oracle,1,[0],3.9558876095045257,4.1357211622237156,4.315554714942906,0.0,0.0,0.0,1.3155214066130416,0.0,0.0,0.0,0.0,0.0,0.0,camera_rotation_center_and_target_diameter_scale_single_view,8.476724015674902,0.0,6705,10000,True,True,True,/content/cv3d-project/data/cache/reconstruction/predictions/04530566/20c2bcd71abffc2a93add66353cae8ec/aa1121613c583381ce0d09df.npz,0d4aa757567561679cdcd84d733f6c7687dac91751a3e6b2655f8ec6aa105a75,/content/cv3d-project/data/cache/reconstruction/metrics/04530566/20c2bcd71abffc2a93add66353cae8ec/cd23d0cd271b4ee6cb376d60.json,3.485075999833498
04530566/20c2bcd71abffc2a93add66353cae8ec,oracle,2,"[0, 17]",0.4981624852766341,0.5817271546032887,0.6652918239299433,0.0,0.0,0.0,1.3155214066130416,0.0,0.0,0.0,0.0,0.0,0.0,camera_pose_sim3_positive_scale_fallback,3.3034336731330765,2.7661346244396607e-16,10000,10000,True,True,True,/content/cv3d-project/data/cache/reconstruction/predictions/04530566/20c2bcd71abffc2a93add66353cae8ec/6437720c34b96533ad344187.npz,d9ce4214729fa8a680e1f838b824f655ba8b27b447e6caad9dfc4e5977c5c018,/content/cv3d-project/data/cache/reconstruction/metrics/04530566/20c2bcd71abffc2a93add66353cae8ec/6558a36d8fa1460b6934a207.json,2.79120300001523
04530566/20c2bcd71abffc2a93add66353cae8ec,oracle,3,"[0, 17, 29]",5.609276061168939,5.6745618171150465,5.739847573061153,0.0,0.0,0.0,1.3155214066130416,0.0,0.0,0.0,0.0,0.0,0.0,camera_pose_sim3_positive_scale_fallback,5.294580904414099,2.0117212384099656,10000,10000,True,False,True,/content/cv3d-project/data/cache/reconstruction/predictions/04530566/20c2bcd71abffc2a93add66353cae8ec/27362066a819675c3566bc8f.npz,3ed755eed31ebdde2fc9dc6ad73028556ee5e19885bafff37550c1e1fad2612a,/content/cv3d-project/data/cache/reconstruction/metrics/04530566/20c2bcd71abffc2a93add66353cae8ec/75e14f888415299c98ea4026.json,13.904027000080532
04530566/20c2bcd71abffc2a93add66353cae8ec,oracle,5,"[0, 17, 29, 37, 15]",0.6593833349742626,0.7931049158086126,0.9268264966429627,0.0,0.0,0.0,1.3155214066130416,0.0,0.0,0.0,0.0,0.0,0.0,camera_pose_sim3,2.1331568444933504,1.0466519695633862,10000,10000,True,False,True,/content/cv3d-project/data/cache/reconstruction/predictions/04530566/20c2bcd71abffc2a93add66353cae8ec/51fd7b46c157f32dfb1c528c.npz,d7cf1b25d918153def9c9de5541900635d3ef7f5c74b34fa877e401af5ba121c,/content/cv3d-project/data/cache/reconstruction/metrics/04530566/20c2bcd71abffc2a93add66353cae8ec/a84d1f707ed2ec94048d8c66.json,14.02646199994706
04530566/20c2bcd71abffc2a93add66353cae8ec,oracle,10,"[0, 17, 29, 37, 15, 35, 39, 21, 23, 18]",1.3294879914055615,1.4814802620803689,1.6334725327551765,0.0,0.0,0.0,1.3155214066130416,0.0,0.0,0.0,0.0,0.0,0.0,camera_pose_sim3,1.1914572528636804,1.8233650264386183,10000,10000,True,False,True,/content/cv3d-project/data/cache/reconstruction/predictions/04530566/20c2bcd71abffc2a93add66353cae8ec/fbc88b5ddf154fdfc387c927.npz,374b94956b06d46ea4f55a22e9b69dc77ec5d9b117ff6834cd86c01e70241171,/content/cv3d-project/data/cache/reconstruction/metrics/04530566/20c2bcd71abffc2a93add66353cae8ec/e3bd25641992b92d20dc04e2.json,12.504184999670542
04530566/20c2e1a09d00f51294daa4565dd30535,oracle,1,[0],3.4193678333358264,3.657530874786419,3.895693916237011,0.0,0.0,0.0,1.9951444009395753,0.0,0.0,0.0,0.0,0.0,0.0,camera_rotation_center_and_target_diameter_scale_single_view,10.598675559598572,2.2258499667539216e-16,8198,10000,True,True,True,/content/cv3d-project/data/cache/reconstruction/predictions/04530566/20c2e1a09d00f51294daa4565dd30535/c0e3c1cae0af1bf2445b4f4e.npz,8a238e81b5edcb5a017824a768dc83b8cea10721e0581ce825fcfae949ba6ab3,/content/cv3d-project/data/cache/reconstruction/metrics/04530566/20c2e1a09d00f51294daa4565dd30535/365e29769e5be34dc9e93baa.json,3.5966890000054264
04530566/20c2e1a09d00f51294daa4565dd30535,oracle,2,"[0, 17]",0.35173540036857026,0.4277001297891182,0.5036648592096662,0.0,0.0,0.0,1.9951444009395753,0.0,0.0,0.0,0.0,0.0,0.0,camera_pose_sim3,2.1142209931439973,0.8324619335764685,10000,10000,True,False,True,/content/cv3d-project/data/cache/reconstruction/predictions/04530566/20c2e1a09d00f51294daa4565dd30535/5d32bf1c9f0c6582d9c1dcb9.npz,6ac9319adf00c6a1a054232b760697942978f9f19feb783e420cc16a864cb588,/content/cv3d-project/data/cache/reconstruction/metrics/04530566/20c2e1a09d00f51294daa4565dd30535/56218086944a3114db6c479e.json,12.603116999798658
04530566/20c2e1a09d00f51294daa4565dd30535,oracle,3,"[0, 17, 37]",1.2883631732657697,1.3672618820794833,1.4461605908931967,0.0,0.0,0.0,1.9951444009395753,0.0,0.0,0.0,0.0,0.0,0.0,camera_pose_sim3,2.138516022525721,1.0435562847979631,10000,10000,True,False,True,/content/cv3d-project/data/cache/reconstruction/predictions/04530566/20c2e1a09d00f51294daa4565dd30535/a7269d3fc7a226ffa107f8d7.npz,df44f00b43b5e562b5ecfa63f73ea9c9c936cb462401bf1794fcf9c5142b28e3,/content/cv3d-project/data/cache/reconstruction/metrics/04530566/20c2e1a09d00f51294daa4565dd30535/52b3b55b96a3d9946ccb009f.json,11.787121999986994
04530566/20c2e1a09d00f51294daa4565dd30535,oracle,5,"[0, 17, 37, 6, 38]",0.9908960997840618,1.0602097907834829,1.129523481782904,0.0,0.0,0.0,1.9951444009395753,0.0,0.0,0.0,0.0,0.0,0.0,camera_pose_sim3,1.3325829151049922,1.0677641635220056,10000,10000,True,False,True,/content/cv3d-project/data/cache/reconstruction/predictions/04530566/20c2e1a09d00f51294daa4565dd30535/3325a8a6942370e8cb17cc2d.npz,6ec859430610897f9c7ad8ccce95d1c7130771c5a3a24815fd6e1e7f31b0dbc3,/content/cv3d-project/data/cache/reconstruction/metrics/04530566/20c2e1a09d00f51294daa4565dd30535/b12081a5c4fbdbd6038252ba.json,13.1175470000926
04530566/20c2e1a09d00f51294daa4565dd30535,oracle,10,"[0, 17, 37, 6, 38, 27, 5, 39, 13, 44]",0.5736549467454604,0.6327054906527687,0.6917560345600771,0.0,0.0,0.0,1.9951444009395753,0.0,0.0,0.0,0.0,0.0,0.0,camera_pose_sim3,1.4721551466866263,1.0108508511621892,10000,10000,True,False,True,/content/cv3d-project/data/cache/reconstruction/predictions/04530566/20c2e1a09d00f51294daa4565dd30535/8ce1b79bbb8f266517a7e3df.npz,9d2206d188a293c7d3e691ef666dc2bf76656f40fc527acd820c3e295198d311,/content/cv3d-project/data/cache/reconstruction/metrics/04530566/20c2e1a09d00f51294daa4565dd30535/b63361691c9c2ec7f88a8c26.json,13.90378599990072
04530566/20d1090d07a49fe927ac692756be9e24,oracle,1,[0],2.594275346606852,2.7031231966500036,2.8119710466931553,0.0,0.0,0.0,1.968368785028542,0.0,0.0,0.0,0.0,0.0,0.0,camera_rotation_center_and_target_diameter_scale_single_view,8.520241533702142,0.0,8030,10000,True,True,True,/content/cv3d-project/data/cache/reconstruction/predictions/04530566/20d1090d07a49fe927ac692756be9e24/eab9a78a53e92996a0aba7ca.npz,a2e30f17e4e71ac1b986bebcaf440ed785a0df9408e5595a1fe801d04d0bb312,/content/cv3d-project/data/cache/reconstruction/metrics/04530566/20d1090d07a49fe927ac692756be9e24/8a95f0aad7ee3b789eaaf9d9.json,3.581949000363238
04530566/20d1090d07a49fe927ac692756be9e24,oracle,2,"[0, 20]",0.18952904582646435,0.2602291441503256,0.33092924247418687,0.0047346938775510205,0.0,0.0,1.968368785028542,0.004,0.0,0.0,0.0058,0.0,0.0,camera_pose_sim3,3.010482125791323,0.1726079336622861,10000,10000,True,False,True,/content/cv3d-project/data/cache/reconstruction/predictions/04530566/20d1090d07a49fe927ac692756be9e24/1f77ddb7cd3a3b3dc06826e0.npz,78951d0d0ed397fe58364fee0f5bf1a71b29aba6b700d1d316915f7273376774,/content/cv3d-project/data/cache/reconstruction/metrics/04530566/20d1090d07a49fe927ac692756be9e24/bb889da265397dd2969490c4.json,12.274376999812375
04530566/20d1090d07a49fe927ac692756be9e24,oracle,3,"[0, 20, 25]",0.12905812400904848,0.20995377152392192,0.29084941903879535,0.12894006195147134,0.0,0.0,1.968368785028542,0.3057,0.0,0.0,0.0817,0.0,0.0,camera_pose_sim3,1.9469655083882875,0.8777760574932439,10000,10000,True,False,True,/content/cv3d-project/data/cache/reconstruction/predictions/04530566/20d1090d07a49fe927ac692756be9e24/f7a658ef4ad74695a656ffd2.npz,63c40f5d0dd15a9106e77ac17f5053c216ae18de71b73a3f2973501b815675c3,/content/cv3d-project/data/cache/reconstruction/metrics/04530566/20d1090d07a49fe927ac692756be9e24/055451d50976f9ede3229ba6.json,12.09689300003447
04530566/20d1090d07a49fe927ac692756be9e24,oracle,5,"[0, 20, 25, 23, 19]",0.1348653236766439,0.2014207683147991,0.2679762129529543,0.05043987341772153,0.0,0.0,1.968368785028542,0.1265,0.0,0.0,0.0315,0.0,0.0,camera_pose_sim3,2.865758720329927,0.2728719301323476,10000,10000,True,False,True,/content/cv3d-project/data/cache/reconstruction/predictions/04530566/20d1090d07a49fe927ac692756be9e24/140c5c78c89fe637cd8f44e2.npz,57b046df67fb57f410f0aa833aed2f98855e6acf68ee497bc5d4144bde6583ab,/content/cv3d-project/data/cache/reconstruction/metrics/04530566/20d1090d07a49fe927ac692756be9e24/503677e90a623f998c3b51f4.json,11.657558000024437
04530566/20d1090d07a49fe927ac692756be9e24,oracle,10,"[0, 20, 25, 23, 19, 37, 15, 18, 33, 13]",0.041084918306044105,0.06719789139568007,0.09331086448531603,0.6791671861529279,0.07464750499001996,0.1387867391867392,1.968368785028542,0.9914,0.1508,0.2954,0.5165,0.0496,0.0907,camera_pose_sim3,2.936432858924958,0.1939803007263941,10000,10000,True,False,True,/content/cv3d-project/data/cache/reconstruction/predictions/04530566/20d1090d07a49fe927ac692756be9e24/cdf2ff764dd3d4ff8cf6db29.npz,9641f729bb204cb400292f0842b3c3f2bc6513c8a9cd1a4b3fcf5943da9daee0,/content/cv3d-project/data/cache/reconstruction/metrics/04530566/20d1090d07a49fe927ac692756be9e24/52b5ef022b99d1c7b919471a.json,13.058899000043311
