ply
format ascii 1.0
element vertex 20000
property float x
property float y
property float z
property uchar red
property uchar green
property uchar blue
end_header
-0.43801647 -0.086999319 0.27261615 37 99 235
-0.0078893751 -0.071532935 -0.45300967 37 99 235
0.15292996 -0.090810463 -0.0045701577 37 99 235
-0.22796828 -0.15109327 -0.13498893 37 99 235
-0.3595174 -0.20725365 0.13598387 37 99 235
-0.13532113 -0.017875474 0.29751769 37 99 235
-0.018827641 -0.11349383 -0.21615247 37 99 235
0.2896485 -0.11814312 0.31938827 37 99 235
0.034873359 -0.064843722 -0.81169641 37 99 235
0.00046363901 0.081586108 -0.13854595 37 99 235
0.09244363 -0.11375661 -0.19470455 37 99 235
-0.33485425 -0.20788395 -0.061741427 37 99 235
0.21194674 -0.16160078 0.015271764 37 99 235
0.060882561 0.042967316 -0.25525287 37 99 235
0.072304569 -0.074595638 -0.38417569 37 99 235
-0.11625856 -0.11412003 -0.16519171 37 99 235
0.31892496 -0.2077937 0.037114672 37 99 235
-0.25047848 -0.10346933 -0.031913139 37 99 235
-0.035042647 -0.15682511 0.14386399 37 99 235
-0.24902202 -0.120225 0.33501896 37 99 235
-0.27926034 -0.11979416 0.14216115 37 99 235
0.21532376 -0.1547877 0.018244745 37 99 235
0.04250456 -0.069251351 -0.45717356 37 99 235
0.02936765 -0.13696532 0.53456938 37 99 235
-0.026308537 0.072899595 -0.16870932 37 99 235
0.13757189 -0.080146104 0.28250241 37 99 235
0.0033184919 0.025469379 -0.61268884 37 99 235
0.34862843 -0.20899704 0.31186873 37 99 235
0.30768719 -0.17347409 0.01929988 37 99 235
-0.11474643 -0.11733175 0.097187705 37 99 235
-0.36868474 -0.17383143 0.0059556537 37 99 235
1.7873826e-05 -0.15295169 -0.5584904 37 99 235
-0.12310073 0.0049692099 -0.11915676 37 99 235
-0.33436114 -0.20276628 0.36967021 37 99 235
-0.25841972 -0.10291686 0.12709051 37 99 235
-0.24056232 -0.11882318 0.32686508 37 99 235
-0.060483865 -0.036007836 -0.40356386 37 99 235
0.34693807 -0.15003954 0.014959321 37 99 235
0.30846971 -0.18492286 0.28979516 37 99 235
0.31962517 -0.15747802 0.016205736 37 99 235
-0.030081397 0.069405884 0.034972876 37 99 235
0.13103141 -0.04942869 0.36622849 37 99 235
-0.10540907 0.019611247 0.034741919 37 99 235
-0.42978293 0.056067299 0.31365234 37 99 235
-0.34909403 -0.17122261 0.3646822 37 99 235
-0.11565123 0.009860713 0.06371849 37 99 235
-0.28924245 -0.13297772 0.0933263 37 99 235
0.048557125 0.01483972 0.51917696 37 99 235
0.01965354 -0.02509881 -0.78233987 37 99 235
-0.01954766 -0.0020153318 -0.69389427 37 99 235
-0.018279506 -0.014120772 -0.40641558 37 99 235
0.13585408 -0.041883249 -0.29956344 37 99 235
-0.074363358 -0.11322997 -0.23751646 37 99 235
-0.042500466 -0.022525378 -0.71491259 37 99 235
0.047261976 -0.082778938 -0.70734143 37 99 235
0.13174704 -0.11594035 -0.016315024 37 99 235
-0.017808083 -0.20104784 0.22325327 37 99 235
-0.029444715 -0.025738111 -0.45467299 37 99 235
-0.16833751 -0.10033236 -0.047472421 37 99 235
0.069269799 0.036108214 -0.38438258 37 99 235
-0.026507899 0.068960868 0.16248316 37 99 235
-0.19579367 -0.11450341 0.29154739 37 99 235
0.1452367 -0.029023606 0.72802091 37 99 235
0.4058345 -0.11244237 0.10980287 37 99 235
-0.28763661 -0.18707681 0.14059418 37 99 235
0.024687884 0.068271987 0.37321711 37 99 235
0.43019792 0.043358929 0.42439306 37 99 235
-0.42088923 -0.11498842 0.12885092 37 99 235
-0.03921131 -0.15970798 0.029879216 37 99 235
0.017161272 -0.042387463 0.54582429 37 99 235
-0.20435803 -0.097955413 0.11714704 37 99 235
0.39750534 -0.1195659 0.36731943 37 99 235
0.43061966 -0.033831041 0.22196789 37 99 235
-0.051449321 -0.019276321 0.49147555 37 99 235
-0.045271151 -0.088467002 -0.68898165 37 99 235
-0.022670925 0.071095854 0.26299748 37 99 235
-0.31565243 -0.20549071 0.1023893 37 99 235
0.080465749 -0.005988366 0.41211519 37 99 235
-0.31175497 -0.13037552 -0.039713614 37 99 235
0.43208477 0.010783491 0.32767999 37 99 235
0.043686412 0.060194068 -0.2822102 37 99 235
0.39146718 -0.10855459 0.13928707 37 99 235
0.368471 -0.19628792 0.14743033 37 99 235
0.29134429 -0.13424174 0.087344922 37 99 235
0.027154669 0.015049621 -0.57771623 37 99 235
-0.015480005 -0.019668952 0.62446892 37 99 235
0.11907727 0.0046166014 -0.3894788 37 99 235
0.049417336 0.054964077 -0.25635248 37 99 235
-0.10762773 0.022923622 -0.31579256 37 99 235
-0.0036283536 -0.14487769 0.10009856 37 99 235
0.35673872 -0.20451175 0.30582526 37 99 235
0.036102708 0.013749071 -0.42674026 37 99 235
0.0086435461 0.11986332 0.66741592 37 99 235
-0.045270085 -0.023584019 -0.69232076 37 99 235
-0.057227641 -0.11332573 -0.22969729 37 99 235
-0.041806936 -0.118605 0.20224451 37 99 235
0.11335343 0.013088034 -0.10900806 37 99 235
0.33514482 -0.10549665 0.16555521 37 99 235
-0.28564343 -0.16712072 0.099950917 37 99 235
-0.022727273 -0.0071454933 -0.34019578 37 99 235
-0.099509187 0.022206066 0.12009669 37 99 235
0.43140027 -0.010098572 0.38763204 37 99 235
-0.43671659 -0.091759153 0.38371611 37 99 235
-0.10525064 -0.048323255 -0.419249 37 99 235
0.20046782 -0.11387403 -0.15944478 37 99 235
0.1738219 -0.094964564 -0.066746116 37 99 235
0.15474796 -0.10557379 0.19752611 37 99 235
0.13582726 -0.027905542 -0.16911051 37 99 235
0.13459294 -0.023662221 0.29097563 37 99 235
-0.33791509 -0.21598548 0.28930855 37 99 235
-0.061451718 -0.0041139922 -0.49498567 37 99 235
-0.21991186 -0.15376396 -0.031790584 37 99 235
-0.26885587 -0.11227222 0.024939321 37 99 235
0.43727902 -0.081345759 0.3773647 37 99 235
0.43022674 0.046871658 0.35951754 37 99 235
0.34505782 -0.21121339 -0.0053865886 37 99 235
0.037495207 -0.11942161 0.2693854 37 99 235
0.12292997 0.0071899048 -0.2062543 37 99 235
0.36205965 -0.16236655 0.25350285 37 99 235
-0.066662408 -0.0070190341 -0.43710154 37 99 235
-0.005286538 -0.11969997 0.29197997 37 99 235
0.37284023 -0.11997833 0.3740941 37 99 235
-0.033889282 0.060751513 0.41870025 37 99 235
0.032366827 -0.0022237748 -0.65115309 37 99 235
-0.032969348 0.02579353 0.61261076 37 99 235
-0.026572622 -0.13901186 0.53397626 37 99 235
-0.043776415 -0.0038291693 0.57004786 37 99 235
0.22964647 -0.11072817 0.17378035 37 99 235
-0.043262731 -0.11889549 0.22572125 37 99 235
-0.33356225 -0.20120126 0.37275809 37 99 235
-0.13462248 -0.025948066 -0.00067690288 37 99 235
0.082331941 -0.1165581 0.034502726 37 99 235
0.051708031 -0.031424671 -0.66296387 37 99 235
0.14387506 -0.10670579 0.31337273 37 99 235
0.31765711 -0.20851989 0.054010581 37 99 235
0.10125192 0.021972731 0.002481353 37 99 235
-0.070383683 -0.010509809 -0.39355266 37 99 235
-0.0093284678 0.058616504 0.71313071 37 99 235
0.36470786 -0.16413149 0.049989127 37 99 235
-0.039084662 0.047423162 0.48891488 37 99 235
-0.17575799 -0.11455255 0.14487422 37 99 235
-0.25758526 -0.12011985 -0.092301108 37 99 235
-0.17223449 -0.11595247 0.14533903 37 99 235
0.0087524112 -0.20443808 -0.12064345 37 99 235
-0.097785652 -0.070099272 0.49886149 37 99 235
-0.34851006 -0.1662779 -0.11767492 37 99 235
0.43222329 -0.05038397 0.24192604 37 99 235
0.15610978 -0.11086333 -0.1970178 37 99 235
0.15463929 -0.086950898 -0.038418937 37 99 235
-0.017398482 -0.23470943 -0.56153262 37 99 235
0.033600725 -0.097653426 -0.73533148 37 99 235
-0.12719154 -0.02365236 0.72753483 37 99 235
-0.36153403 -0.11238424 0.056531861 37 99 235
-0.31954077 -0.20162207 0.32687783 37 99 235
-0.04036719 0.058442503 0.21683347 37 99 235
-0.044037022 0.053914331 0.24720596 37 99 235
0.013761769 -0.12146815 0.38615113 37 99 235
-0.42979613 -0.10852917 0.36492261 37 99 235
0.004691144 0.092517272 0.58644271 37 99 235
0.3945452 -0.11197019 0.20891535 37 99 235
0.29708257 -0.20339432 0.063572615 37 99 235
-0.0046299421 0.1667091 0.71970093 37 99 235
0.12533 -0.0013791451 0.18783268 37 99 235
-0.42849427 0.080006547 0.32512265 37 99 235
0.10741689 0.023463704 -0.16748168 37 99 235
-0.063272536 -0.11435367 -0.14563046 37 99 235
-0.23307796 -0.098716788 -0.014465031 37 99 235
-0.0032183435 -0.14648925 0.0027524652 37 99 235
-0.33319399 -0.15118234 0.12773816 37 99 235
0.010880175 -0.14584996 0.16558534 37 99 235
0.095619977 0.021674329 0.25415096 37 99 235
-0.054303803 0.034074772 0.39499509 37 99 235
-0.13576999 -0.084850401 0.099247217 37 99 235
0.13035524 -0.10665517 -0.27960753 37 99 235
0.10535783 0.024153704 -0.17249683 37 99 235
-0.073323242 -0.087043822 -0.37141034 37 99 235
0.01476779 0.01039551 -0.24270466 37 99 235
-0.048096716 -0.080661282 -0.72986919 37 99 235
0.12726548 -0.10452016 0.31443229 37 99 235
-0.20136087 -0.1059108 0.045621723 37 99 235
-0.32152879 -0.21131006 0.2644096 37 99 235
-0.051635485 0.024806827 -0.42657509 37 99 235
-0.12548749 -0.10193194 -0.39056584 37 99 235
0.36364719 -0.16711642 0.092359923 37 99 235
0.28442138 -0.1198305 0.30294272 37 99 235
-0.023791289 0.11960336 -0.50381988 37 99 235
0.013190643 -0.1444951 0.037947796 37 99 235
0.20843425 -0.13652036 -0.019663652 37 99 235
-0.42433298 -0.11919029 0.34951088 37 99 235
-0.43655956 -0.062133998 0.35162541 37 99 235
0.19544476 -0.10863097 0.22267666 37 99 235
0.036608402 -0.064540207 -0.80775893 37 99 235
-0.030662447 0.066775978 0.077072591 37 99 235
-0.097843133 0.019603474 0.27211195 37 99 235
-0.10552012 -0.014986333 0.79776263 37 99 235
0.050864734 -0.030220158 -0.6822232 37 99 235
-0.12882255 -0.092430361 0.36600879 37 99 235
-0.0010146409 0.15002498 0.82339865 37 99 235
0.13973933 -0.093181543 -0.034026112 37 99 235
0.22944053 -0.15391646 -0.12162694 37 99 235
0.10921688 -0.097088106 0.46937481 37 99 235
-0.27870154 -0.11508211 0.013605477 37 99 235
0.40082249 -0.11322889 0.26868364 37 99 235
0.018072084 0.10620392 -0.53764147 37 99 235
-0.10189059 -0.014184229 0.74302936 37 99 235
-0.031318542 -0.1124351 -0.3026666 37 99 235
-0.002679165 -0.13378723 -0.57703716 37 99 235
0.40114704 -0.11241841 0.20141329 37 99 235
-0.21277554 -0.14058746 -0.10559268 37 99 235
0.021583842 -0.16932866 0.29823476 37 99 235
0.33766446 -0.21257068 0.236633 37 99 235
0.044761103 0.022667155 0.52852809 37 99 235
0.095911428 0.022729667 0.092465356 37 99 235
-0.0407294 0.057793226 0.23550218 37 99 235
0.0015054898 0.13513917 0.51528859 37 99 235
0.3442902 -0.21401717 0.25172231 37 99 235
0.35668832 -0.13125287 0.23506874 37 99 235
-0.0057112817 0.14809513 -0.32575333 37 99 235
0.0090035181 0.1022097 0.6227802 37 99 235
0.34245184 -0.21201633 -0.0036115772 37 99 235
-0.23319498 -0.11391255 -0.12061193 37 99 235
-0.022227377 -0.15554275 0.26651618 37 99 235
-0.21126099 -0.10935212 0.24317041 37 99 235
-0.042958777 -0.11554774 -0.048477869 37 99 235
0.43506482 -0.035865042 0.40864986 37 99 235
0.029926321 -0.074066147 -0.81031817 37 99 235
0.0090327682 -0.0076752785 -0.24306816 37 99 235
-0.43193585 0.019245923 0.38947797 37 99 235
0.036445379 -0.11634091 0.016604932 37 99 235
0.2010981 -0.14893234 -0.16616106 37 99 235
-0.30730385 -0.10975958 0.27658457 37 99 235
0.05692647 -0.035338618 -0.60796523 37 99 235
0.12456195 -0.04837805 -0.3967655 37 99 235
-0.43331715 -0.09550672 0.22903638 37 99 235
-0.031369932 -0.082216665 0.51526755 37 99 235
-0.41503525 -0.11404137 0.22176765 37 99 235
0.27733791 -0.10190804 0.025761263 37 99 235
-0.11261754 -0.027974807 -0.40650451 37 99 235
-0.032882586 -0.15937093 0.12476667 37 99 235
-0.20574032 -0.098280162 0.13946429 37 99 235
0.037811641 -0.16464657 0.13759097 37 99 235
-0.052825812 0.015949668 0.65431285 37 99 235
-0.12755477 -0.11414885 -0.16301459 37 99 235
-0.15343033 -0.10914834 0.20089909 37 99 235
-0.049560677 0.042605497 0.40140721 37 99 235
0.19444889 -0.16557226 0.0077102701 37 99 235
0.09623418 0.022594687 0.16373317 37 99 235
-0.29811573 -0.11788276 -0.037731439 37 99 235
0.069058105 0.037343539 -0.34006891 37 99 235
0.11958631 -0.11456447 0.3865892 37 99 235
0.06179405 -0.11546975 -0.053996224 37 99 235
-0.22498639 -0.10720214 -0.087150171 37 99 235
-0.18285143 -0.11270049 0.001861643 37 99 235
-0.018803993 0.034663133 0.7301634 37 99 235
0.058936205 -0.02675363 0.5068031 37 99 235
0.074122302 0.033342965 -0.19366381 37 99 235
0.036170069 -0.0028640092 -0.37911794 37 99 235
-0.24753743 -0.12914833 -0.10017034 37 99 235
0.084494434 -0.11367485 -0.20154101 37 99 235
-0.40058404 -0.11472075 0.07104785 37 99 235
-0.012497197 -0.21767843 0.067643233 37 99 235
-0.27525723 -0.21776213 0.14888895 37 99 235
0.32353693 -0.13579495 0.36551118 37 99 235
-0.24371521 -0.10127901 0.18341519 37 99 235
-0.015195309 -0.046332479 -0.83220875 37 99 235
0.013285184 0.031506594 -0.30894941 37 99 235
-0.017917814 -0.027968148 0.57699692 37 99 235
-0.062045004 0.040306225 -0.39678463 37 99 235
0.31245941 -0.11973104 0.061366864 37 99 235
-0.0087442361 0.16885348 -0.5237515 37 99 235
0.0095377546 -0.11312401 -0.24618961 37 99 235
-0.12776835 -0.0510934 -0.36924106 37 99 235
-0.42870227 -0.018920148 0.29133108 37 99 235
-0.32416257 -0.20139948 0.34488341 37 99 235
-0.11931729 -0.051987126 0.43201897 37 99 235
0.037011925 0.035444621 -0.43456313 37 99 235
0.17429025 -0.044526845 0.75930071 37 99 235
-0.1313839 -0.010337812 0.28047633 37 99 235
0.030302165 0.092193723 -0.33786744 37 99 235
-0.14122932 -0.11067809 0.020143284 37 99 235
-0.18592878 -0.052252214 0.78801775 37 99 235
-0.42969278 0.0054363902 0.36119363 37 99 235
0.33876392 -0.12246057 0.26331452 37 99 235
0.31554037 -0.16763687 0.30309486 37 99 235
0.078498408 0.028620293 0.11104274 37 99 235
0.10355927 0.023696896 -0.14961778 37 99 235
-0.4367258 -0.078669228 0.36397669 37 99 235
-0.017704692 -0.20022003 -0.54082918 37 99 235
-0.083404921 -0.0036144471 0.73842978 37 99 235
-0.23480551 -0.11190076 -0.025677688 37 99 235
-0.083447352 -0.11325089 0.46024734 37 99 235
0.4306533 0.042685077 0.27071357 37 99 235
-0.040225226 0.018259808 0.61558092 37 99 235
0.022238363 0.02062737 -0.32024297 37 99 235
-0.11291432 0.014015168 -0.030885648 37 99 235
0.030770006 -0.085262544 -0.45608574 37 99 235
0.1850507 -0.096352443 -0.070441775 37 99 235
0.29650927 -0.17018338 0.16781907 37 99 235
0.24950576 -0.11304216 0.22492966 37 99 235
0.025222311 -0.18680695 -0.55337685 37 99 235
0.2793732 -0.12367236 0.13444853 37 99 235
0.11746494 0.0061133057 0.24919096 37 99 235
0.020466221 -0.1505166 0.21109337 37 99 235
-0.05771783 -0.051802862 -0.63807094 37 99 235
-0.048392165 0.029029924 0.47903678 37 99 235
-0.32965848 -0.15206815 0.052770674 37 99 235
0.43230921 -0.094909176 0.33548999 37 99 235
0.051157426 0.010791183 0.70388746 37 99 235
0.35964885 -0.19654292 -0.054201365 37 99 235
-0.042238001 -0.03364582 -0.43927601 37 99 235
-0.3082509 -0.1913394 0.19564989 37 99 235
-0.33387595 -0.21791099 0.26104593 37 99 235
-0.086692646 0.026023259 0.062212221 37 99 235
0.11609508 -0.11405474 -0.15017854 37 99 235
0.16768509 -0.11714762 -0.043519083 37 99 235
-0.23566182 -0.13332357 0.021413717 37 99 235
0.034915231 -0.014422453 -0.47310898 37 99 235
-0.034779157 -0.11372316 -0.19763947 37 99 235
0.088888429 -0.0055000279 0.70513844 37 99 235
-0.17077768 -0.11287196 0.267986 37 99 235
0.22124337 -0.10764587 0.24347657 37 99 235
-0.016223436 -0.044806845 -0.82973611 37 99 235
0.23263437 -0.12111821 -0.11304372 37 99 235
-0.013141301 -0.11139257 -0.6461494 37 99 235
0.09849935 -0.066480726 -0.36611578 37 99 235
-0.23294784 -0.072201848 0.78379411 37 99 235
-0.10325724 -0.11336305 0.44782314 37 99 235
0.13579001 -0.037201449 -0.021982545 37 99 235
0.15000455 -0.11653715 0.36087185 37 99 235
0.33215049 -0.11827195 0.34278098 37 99 235
0.21652097 -0.10352863 0.18979795 37 99 235
0.2623415 -0.10583003 -0.032051306 37 99 235
0.31906542 -0.13271844 0.37749305 37 99 235
0.40049767 -0.11050485 0.25588623 37 99 235
-0.0077844718 -0.120216 0.3288424 37 99 235
-0.012719027 -0.13717137 -0.47948167 37 99 235
-0.03505623 -0.069983542 -0.80554408 37 99 235
0.13579001 -0.048219133 -0.023779348 37 99 235
-0.026993843 -0.14655799 -0.023950409 37 99 235
0.36225036 -0.15701453 0.25647458 37 99 235
0.25428465 -0.1466783 0.0063354592 37 99 235
0.32439855 -0.21375589 0.2286213 37 99 235
-0.026257206 -0.1996614 0.18850562 37 99 235
0.25552285 -0.13347255 0.14909989 37 99 235
0.19473474 -0.13739476 -0.21282059 37 99 235
-0.23774122 -0.10974298 0.25117332 37 99 235
0.11518706 -0.014983944 -0.41775087 37 99 235
-0.071570784 0.0023930252 0.68829751 37 99 235
-0.10363442 -0.029473355 0.43695733 37 99 235
0.083724894 -0.0030367093 0.76484388 37 99 235
0.049866606 -0.017008713 -0.62362564 37 99 235
0.083612211 -0.024664579 -0.36759621 37 99 235
-0.040814899 0.059748683 0.06719707 37 99 235
0.33463815 -0.15235572 0.20587654 37 99 235
-0.02947584 -0.011999726 -0.56828481 37 99 235
0.13437901 -0.11005684 -0.15766166 37 99 235
-0.042495891 -0.17497352 0.043444335 37 99 235
0.076809831 0.035630975 -0.39647532 37 99 235
-0.20611802 -0.11842406 0.18737704 37 99 235
-0.12261239 0.0088311676 -0.27250102 37 99 235
-0.13615634 -0.087187439 0.068494134 37 99 235
0.36018372 -0.20597532 0.11648638 37 99 235
0.011867207 -0.12054405 -0.58971375 37 99 235
0.057613529 -0.015297658 0.51730937 37 99 235
-0.067510799 -0.0069350484 -0.42749006 37 99 235
-0.1201132 -0.12773831 0.10291033 37 99 235
-0.28234306 -0.11862481 0.20430464 37 99 235
0.081506833 -0.042470694 0.50683743 37 99 235
0.1186592 -0.11078191 0.40270552 37 99 235
-0.050471935 -0.050173942 0.48185042 37 99 235
-0.35907909 -0.11151855 0.24912859 37 99 235
-0.24993843 -0.11274461 -0.080487721 37 99 235
-0.012149924 -0.21370749 -0.012605446 37 99 235
-0.39293295 -0.11180123 0.22852144 37 99 235
0.43646052 -0.058710214 0.24386433 37 99 235
0.12468981 -0.11284734 -0.10502664 37 99 235
-0.068347275 -0.11976776 0.29734942 37 99 235
0.25330386 -0.13545537 -0.025626831 37 99 235
0.08427047 0.019963201 -0.37934488 37 99 235
-0.059419826 -0.11967926 0.28997117 37 99 235
-0.001588241 0.21244745 0.725474 37 99 235
-0.32605287 -0.10350997 0.19668077 37 99 235
-0.012906346 -0.13188359 -0.46550533 37 99 235
-0.32663551 -0.14826903 0.25021431 37 99 235
0.17125866 -0.045604561 0.81093335 37 99 235
-0.39192888 -0.10838155 0.16669507 37 99 235
0.035497129 0.023449896 0.66759527 37 99 235
-0.24002528 -0.12605399 -0.078905463 37 99 235
-0.34867138 -0.12785931 0.26142314 37 99 235
0.012828712 0.047109656 -0.25418195 37 99 235
0.013164853 -0.11744024 0.10692765 37 99 235
0.43418896 -0.018808845 0.20025216 37 99 235
-0.068847343 0.03216999 0.055377346 37 99 235
0.08645983 -0.11332022 -0.23045881 37 99 235
-0.068485014 0.036275525 -0.16239935 37 99 235
-0.11134836 0.017834459 -0.3647919 37 99 235
0.026057934 0.072318211 -0.039606713 37 99 235
0.43313938 -0.055826806 0.34803563 37 99 235
0.049642898 -0.11212892 -0.32833672 37 99 235
-0.21297699 -0.10114826 0.18900321 37 99 235
0.19834355 -0.11834718 -0.16221759 37 99 235
-0.0069539589 -0.2115888 -0.051578749 37 99 235
-0.027929794 0.019391641 0.80542701 37 99 235
0.021115435 0.014811516 -0.61757869 37 99 235
-0.13687947 -0.082802668 0.00087019149 37 99 235
0.27545214 -0.1922556 0.14219618 37 99 235
0.10396531 0.022030752 -0.21638155 37 99 235
0.35836768 -0.20515881 0.20984869 37 99 235
-0.03009961 0.065411858 -0.41625819 37 99 235
-0.31966811 -0.16939643 0.34424692 37 99 235
0.083450571 -0.11516609 -0.079341903 37 99 235
0.035051446 0.044575199 -0.41030851 37 99 235
0.007384399 -0.20174219 0.24817012 37 99 235
0.16357774 -0.04253776 0.80413806 37 99 235
0.021739371 -0.12290531 -0.56588978 37 99 235
0.39887968 -0.11135842 0.18002185 37 99 235
-0.13659582 -0.017618287 -0.20027409 37 99 235
-0.11855023 -0.11523913 -0.073218733 37 99 235
-0.43422255 -0.029915404 0.20618655 37 99 235
-0.36072645 -0.11208622 0.057124589 37 99 235
0.015645439 -0.03729637 -0.49249044 37 99 235
0.34898904 -0.19251615 -0.11704996 37 99 235
0.11021008 -0.11274639 -0.27826807 37 99 235
-0.13660188 -0.068035357 -0.20048104 37 99 235
0.19100881 -0.095981486 -0.00375665 37 99 235
0.41002923 -0.11511533 0.24044904 37 99 235
-0.1093116 0.022311162 -0.28856781 37 99 235
-0.13750559 -0.10142088 0.26901451 37 99 235
-0.056374725 0.041142344 0.23456769 37 99 235
0.12345382 -0.0079476163 -0.39568859 37 99 235
0.04923046 -0.083806984 -0.69193107 37 99 235
0.041634023 0.050588954 0.44613644 37 99 235
0.33053589 -0.2023554 -0.085041918 37 99 235
0.43629089 -0.05872928 0.40160149 37 99 235
-0.03419733 0.027798126 -0.33314997 37 99 235
0.34792182 -0.16388342 0.3281891 37 99 235
0.087553963 0.030662078 -0.26428655 37 99 235
0.038452886 -0.11172985 -0.36036631 37 99 235
0.070395157 -0.082767949 -0.42317274 37 99 235
0.26400232 -0.12564567 0.099977709 37 99 235
0.047479186 0.049919739 0.25812656 37 99 235
-0.25976813 -0.13565761 -0.0989912 37 99 235
0.010325029 0.092970997 0.67156106 37 99 235
0.1377314 -0.08394143 -0.10215959 37 99 235
0.073062509 -0.12067061 0.46456546 37 99 235
-0.12795253 -0.0035851952 -0.17208184 37 99 235
-0.30922398 -0.19719335 0.28594735 37 99 235
-0.33536321 -0.14550593 0.27204677 37 99 235
0.097595178 0.027164668 -0.24838425 37 99 235
0.29365027 -0.11053705 0.055379856 37 99 235
0.16663049 -0.1142785 0.37970233 37 99 235
-0.13576999 -0.07245823 0.09474358 37 99 235
0.13911434 -0.085955434 0.23477945 37 99 235
0.023613913 -0.11781242 0.1370198 37 99 235
0.23346783 -0.09778551 0.0078482814 37 99 235
-0.033233549 0.058316555 -0.48709759 37 99 235
-0.021811318 0.075249828 -0.050321728 37 99 235
0.2688756 -0.11253666 0.22030933 37 99 235
0.10346989 0.024663934 -0.18835974 37 99 235
0.20155489 -0.156423 -0.10525423 37 99 235
-0.053542353 -0.038891274 -0.43345541 37 99 235
0.14672953 -0.09474425 0.15190615 37 99 235
-0.01772113 0.075168736 0.057328522 37 99 235
-0.13649035 -0.030359205 -0.19603834 37 99 235
0.012714315 0.030603496 -0.30867329 37 99 235
-0.36418936 -0.16710795 -0.011275396 37 99 235
-0.089880913 -0.11676137 0.051210176 37 99 235
0.091841355 -0.11437983 -0.14361167 37 99 235
-0.071602806 -0.011855136 -0.38463581 37 99 235
-0.075866945 -0.020003056 -0.4342587 37 99 235
-0.012135752 -0.19940287 -0.13774993 37 99 235
-0.0025114932 -0.018803405 -0.30211762 37 99 235
-0.20080622 -0.12017651 0.33068761 37 99 235
-0.13576999 -0.06803219 0.14987269 37 99 235
-0.02276312 -0.18339086 -0.55300808 37 99 235
-0.33139226 -0.20983784 -0.034957286 37 99 235
0.19510876 -0.11527959 0.019346053 37 99 235
-0.13621897 -0.014151092 -0.21159691 37 99 235
-0.21381749 -0.11823832 0.26050976 37 99 235
-0.013468962 -0.17438971 -0.53355122 37 99 235
-0.34168723 -0.20949969 -0.036634926 37 99 235
0.13596725 -0.12675506 0.12834498 37 99 235
0.043220252 -0.11249516 -0.29858118 37 99 235
-0.11776473 0.0075947051 0.12977888 37 99 235
0.19073634 -0.11996196 0.34221497 37 99 235
-0.035702132 -0.1128063 -0.27247533 37 99 235
-0.04140152 0.057809681 -0.22996338 37 99 235
-0.24713613 -0.11918873 0.25006163 37 99 235
0.022471668 0.16830239 -0.35551718 37 99 235
-0.33754054 -0.1753701 0.37810129 37 99 235
-0.0082306582 0.052402668 0.72565973 37 99 235
-0.33333239 -0.21609065 0.16526151 37 99 235
0.0028451711 -0.10683717 -0.77781761 37 99 235
0.031212075 0.093373083 -0.35420206 37 99 235
0.054590978 -0.11467376 -0.11911748 37 99 235
0.030408967 -0.14425364 0.040965896 37 99 235
0.1182903 -0.12303818 0.13990273 37 99 235
0.20383728 -0.14016198 -0.21192281 37 99 235
0.05116117 -0.080064505 -0.64587063 37 99 235
0.0018924953 -0.11294556 -0.26057997 37 99 235
0.0077094408 -0.17871141 -0.5563063 37 99 235
0.1366685 -0.11268995 0.38946089 37 99 235
0.016917072 -0.014837473 -0.76125467 37 99 235
0.31363338 -0.21023999 0.12318244 37 99 235
-0.0042035538 0.15505621 0.76813549 37 99 235
0.074651338 -0.067279398 -0.44639206 37 99 235
0.13653357 -0.082222804 0.096893094 37 99 235
-0.3502017 -0.20724124 -0.041849617 37 99 235
-0.033459459 -0.015313261 -0.47378129 37 99 235
-0.090564415 0.028967049 -0.21799083 37 99 235
-0.13617897 -0.12600993 0.1318707 37 99 235
-0.12756279 -0.11634076 0.01672307 37 99 235
0.23213632 -0.13040061 0.028330615 37 99 235
-0.031725116 0.066094428 0.20372327 37 99 235
0.035090193 -0.1046138 -0.42483416 37 99 235
0.028590338 0.045178853 -0.2749424 37 99 235
0.034228422 -0.1180975 0.16000263 37 99 235
0.28764015 -0.11699835 0.076428764 37 99 235
-0.060595978 -0.11545208 -0.055940587 37 99 235
-0.13217002 -0.025280127 0.77997148 37 99 235
-0.0011929787 -0.11457139 -0.12812428 37 99 235
0.26083776 -0.10654851 0.24171235 37 99 235
-0.063322514 -0.056516241 -0.46929178 37 99 235
0.077796891 -0.11773152 0.13087182 37 99 235
0.29817659 -0.13958991 0.14219192 37 99 235
0.040442172 0.049280763 -0.27421921 37 99 235
0.11552492 0.0088948244 0.29254001 37 99 235
-0.0091322837 0.074150026 -0.45460385 37 99 235
-0.10240614 -0.0050681573 0.38453972 37 99 235
0.20971282 -0.14994514 -0.095243126 37 99 235
0.43601495 -0.1015438 0.2995818 37 99 235
0.3565934 -0.2003471 -0.044006776 37 99 235
-0.035131745 -0.17905241 0.17456424 37 99 235
-0.045092162 -0.091536291 -0.65924919 37 99 235
-0.043110453 -0.027918002 -0.73331845 37 99 235
0.017821183 -0.23001868 -0.57380182 37 99 235
-0.10587123 -0.12005636 0.32007959 37 99 235
-0.35535625 -0.11033699 0.24881347 37 99 235
0.31452039 -0.11459584 0.2264404 37 99 235
0.043489456 -0.033939399 -0.74378777 37 99 235
0.039703175 0.051906951 -0.35553402 37 99 235
-0.0039946903 0.15466754 0.64611793 37 99 235
0.20485067 -0.11923614 0.3349182 37 99 235
-0.0078528756 -0.053113487 0.54575109 37 99 235
-0.32143673 -0.20864299 0.28331956 37 99 235
0.054590642 -0.012044864 -0.46282914 37 99 235
0.039782103 0.040082555 0.51235723 37 99 235
0.051314957 -0.11195265 -0.34274668 37 99 235
-0.036012907 0.0042164964 -0.55166429 37 99 235
0.25929052 -0.11717644 0.085078254 37 99 235
0.020081891 0.11629114 -0.36425287 37 99 235
-0.037313122 -0.16348657 -0.0444193 37 99 235
0.03744911 0.03095256 -0.43511832 37 99 235
-0.13613683 -0.093954384 -0.1504004 37 99 235
-0.019600667 -0.14171642 -0.025286734 37 99 235
0.053381421 -0.11414375 -0.16292961 37 99 235
-0.17436621 -0.096297696 -0.071714222 37 99 235
0.35902414 -0.15989527 0.15428406 37 99 235
0.2455541 -0.09977708 0.13909706 37 99 235
0.20163472 -0.1499812 -0.12618172 37 99 235
-0.055351969 0.041891936 0.18416338 37 99 235
-0.16183558 -0.11654881 0.033406671 37 99 235
0.032443922 0.034633841 0.62083256 37 99 235
-0.42927918 0.028064715 0.30202729 37 99 235
0.12211352 -0.10458572 0.16012371 37 99 235
-0.12389621 -0.079214647 -0.40441772 37 99 235
0.35869762 -0.20891923 0.16696118 37 99 235
0.034349453 0.0075675142 0.64174378 37 99 235
-0.33254984 -0.1317856 0.095596939 37 99 235
-0.1248743 -0.0024222306 0.21184526 37 99 235
-0.35757187 -0.18891844 0.36583921 37 99 235
0.13869449 -0.11851477 0.10290832 37 99 235
-0.12954724 -0.021135692 0.70187879 37 99 235
0.074539334 0.035359841 -0.32055336 37 99 235
0.076238252 -0.0039893454 0.81959927 37 99 235
-0.014387105 -0.11877092 0.21597502 37 99 235
-0.31105492 -0.11455651 0.22315693 37 99 235
-0.34369802 -0.10396596 0.096364923 37 99 235
-0.0012672524 -0.055902954 0.53504503 37 99 235
0.34956655 -0.10707496 0.26049539 37 99 235
-0.19345424 -0.10642464 0.22631395 37 99 235
0.010571122 0.16757971 -0.3396219 37 99 235
0.028284688 0.030221073 0.64526516 37 99 235
0.018288799 -0.21566607 0.058753144 37 99 235
0.24827565 -0.10758048 -0.059714653 37 99 235
0.14941548 -0.11162568 -0.20373002 37 99 235
-0.34287062 -0.10397454 0.18337776 37 99 235
-0.10416909 -0.041402172 -0.36570176 37 99 235
0.0016574699 -0.16745654 -0.55751652 37 99 235
0.016786207 0.021724192 0.80971664 37 99 235
-0.002426777 -0.13850081 -0.54283607 37 99 235
-0.13482636 -0.03783191 0.12881187 37 99 235
0.14726387 -0.11525138 0.37099168 37 99 235
-0.02421616 0.070976868 0.19457263 37 99 235
0.25617993 -0.12890439 0.13348393 37 99 235
-0.1351191 -0.02797568 -0.13712743 37 99 235
0.13456413 -0.0088904137 -0.30596569 37 99 235
-0.006425018 -0.13348648 -0.56915545 37 99 235
0.17569096 -0.095264412 -0.014976028 37 99 235
-0.021177761 0.088710919 -0.29172823 37 99 235
0.06925936 -0.11642842 0.023891279 37 99 235
0.3279177 -0.1517912 0.12702143 37 99 235
-0.20494638 -0.14613225 -0.19123119 37 99 235
0.0068197451 -0.035771828 -0.4980199 37 99 235
0.34727165 -0.10746503 0.10249523 37 99 235
-0.28890154 -0.10097355 0.1042546 37 99 235
0.070481636 -0.11955452 0.28017595 37 99 235
-0.24371891 -0.10761373 -0.052493326 37 99 235
0.013698242 0.081120163 0.088687323 37 99 235
-0.20927784 -0.14982766 -0.15537076 37 99 235
0.01680663 -0.1132047 -0.2397522 37 99 235
0.001595207 -0.034160629 0.61947101 37 99 235
0.025108332 0.055918012 0.56042135 37 99 235
0.0052650413 -0.15253372 -0.4764246 37 99 235
0.0040827473 0.094874166 0.51054913 37 99 235
0.020668218 0.036237355 0.68486375 37 99 235
-0.25433099 -0.11037758 -0.064723551 37 99 235
-0.0041581076 0.10157649 -0.29639336 37 99 235
-0.021909112 -0.11229371 -0.31409666 37 99 235
0.046840809 0.040669084 -0.33740336 37 99 235
-0.13554101 -0.10044532 -0.28646049 37 99 235
-0.15036084 -0.11670259 0.046261564 37 99 235
-0.42981371 0.013117221 0.2900973 37 99 235
-0.029663121 -0.14202408 0.094208471 37 99 235
0.35397574 -0.2092008 -0.0050363834 37 99 235
0.039896805 -0.13332456 -0.52225864 37 99 235
0.13799559 -0.077070422 -0.25220606 37 99 235
0.13579001 -0.074114047 -0.1393321 37 99 235
-0.17061296 -0.11304759 0.053789962 37 99 235
0.015860746 0.0085223978 -0.45677635 37 99 235
-0.0093151461 0.08642184 -0.55264843 37 99 235
-0.13331249 -0.0201273 -0.001396658 37 99 235
0.3133162 -0.20585179 0.26811597 37 99 235
-0.42882714 0.024095207 0.27799967 37 99 235
-0.12960529 -0.0066314056 0.02705409 37 99 235
0.31003308 -0.18412893 0.30434248 37 99 235
0.037578423 -0.16025309 -0.46461451 37 99 235
0.36711255 -0.18629614 0.29542238 37 99 235
0.053060405 -0.1222729 0.42116436 37 99 235
0.03253787 -0.11883055 0.22005427 37 99 235
0.13065431 -0.031864539 -0.34469953 37 99 235
0.37556744 -0.11879689 0.3371343 37 99 235
-0.037016604 -0.10094379 -0.57560647 37 99 235
-0.028474877 -0.02205334 0.58081496 37 99 235
-0.04988043 0.051864263 -0.11800434 37 99 235
0.057487335 -0.11463402 -0.12236366 37 99 235
0.070036173 -0.11795212 0.14839049 37 99 235
-0.29798836 -0.2094824 0.11189936 37 99 235
0.058407921 -0.11685626 0.51929104 37 99 235
-0.25316432 -0.11130065 0.28053749 37 99 235
-0.38817686 -0.11746328 0.10854659 37 99 235
-0.031332821 0.013989074 0.65522999 37 99 235
-0.037257012 0.062734902 0.13148959 37 99 235
0.43135405 -0.10077947 0.34316546 37 99 235
-0.12111633 -0.1102232 -0.24552888 37 99 235
-0.012330345 0.067364104 0.64676464 37 99 235
0.02547957 -0.11639834 0.021406552 37 99 235
-0.018153859 -0.17273021 -0.17152931 37 99 235
0.040589396 0.046840675 -0.3455838 37 99 235
0.21725586 -0.11768629 0.17211719 37 99 235
0.15243614 -0.033417456 0.75956017 37 99 235
-0.19892795 -0.14305183 -0.019429028 37 99 235
-0.0039310297 -0.14209951 0.11769298 37 99 235
-0.035270955 -0.15003906 0.060467355 37 99 235
-0.32660934 -0.13033846 0.13789606 37 99 235
0.34255725 -0.12702826 0.047847971 37 99 235
0.31495789 -0.18162467 0.33960709 37 99 235
-0.13576999 -0.051558714 -0.11941236 37 99 235
0.33827296 -0.13056415 0.25724679 37 99 235
-0.12429677 -0.12790509 0.15676236 37 99 235
0.32665658 -0.17617573 -0.14255619 37 99 235
0.34238243 -0.11504689 0.15066423 37 99 235
-0.021922447 -0.061507925 0.49630621 37 99 235
0.30482322 -0.14537989 0.13990004 37 99 235
0.42898616 0.012654827 0.35922325 37 99 235
0.10459208 -0.06986858 0.51192826 37 99 235
-0.0086753955 -0.11000564 -0.44294593 37 99 235
0.0038497671 -0.1187757 0.21630034 37 99 235
-0.025676442 0.069416046 0.25260228 37 99 235
-0.20014949 -0.0970717 0.057837509 37 99 235
-0.13330552 -0.1056289 -0.2586208 37 99 235
-0.035737582 -0.11753683 0.11474874 37 99 235
0.025877306 0.068660311 0.22913343 37 99 235
0.055748478 -0.087491304 -0.49127582 37 99 235
0.26418582 -0.12592217 0.16450849 37 99 235
-0.32205462 -0.14428368 -0.061267972 37 99 235
-0.015831938 -0.12124477 0.37644824 37 99 235
-0.20241475 -0.1029063 0.20129502 37 99 235
0.19125699 -0.14337772 -0.036448669 37 99 235
0.094694175 -0.11661493 0.039081395 37 99 235
0.30113554 -0.20822898 0.13258091 37 99 235
-0.22179697 -0.11766399 0.11109337 37 99 235
-0.0047682286 0.084771745 0.088191651 37 99 235
0.13985528 -0.094333351 -0.032652792 37 99 235
0.081551559 -0.0033025807 -0.36995086 37 99 235
-0.14027864 -0.11066608 0.070152551 37 99 235
0.012964944 -0.013678035 -0.36796078 37 99 235
0.013841514 -0.11178225 -0.35616183 37 99 235
0.29730654 -0.10820619 0.023094455 37 99 235
0.030167194 -0.074233755 -0.4603633 37 99 235
-0.039583042 -0.10973656 -0.40630978 37 99 235
0.0038786556 -0.0039903428 -0.22800937 37 99 235
-0.025992429 0.062165681 0.4309195 37 99 235
0.28663 -0.15366812 0.13797235 37 99 235
-0.11723918 0.013895916 -0.2302839 37 99 235
0.17687702 -0.1168391 -0.1976559 37 99 235
0.038513441 -0.18509333 0.00052177341 37 99 235
-0.085973389 -0.12139305 0.38359895 37 99 235
-0.036364984 0.027265012 -0.40711993 37 99 235
-0.26489276 -0.099487305 0.055494267 37 99 235
-0.13597721 -0.10810457 -0.12658027 37 99 235
0.055976491 -0.1118468 -0.35147798 37 99 235
-0.16322546 -0.11489131 0.057912968 37 99 235
-0.28943881 -0.14571223 -0.10412709 37 99 235
-0.022319173 -0.20631047 -0.00071100023 37 99 235
-0.041672442 -0.11336283 -0.22703655 37 99 235
-0.40078053 -0.11762721 0.17074807 37 99 235
-0.0051917396 -0.21341245 -0.038264114 37 99 235
0.013426074 -0.098289683 0.47691503 37 99 235
0.21182983 -0.098270312 0.11959299 37 99 235
0.17471188 -0.11799837 -0.18992025 37 99 235
0.0097559672 -0.013293173 0.6498732 37 99 235
-0.13470493 -0.01567407 -0.17694573 37 99 235
-0.00077749911 -0.0075725806 -0.23219815 37 99 235
0.3643983 -0.16346234 0.064508654 37 99 235
0.14551428 -0.029349206 0.73828816 37 99 235
-0.072815686 -0.11145677 -0.38302907 37 99 235
0.018636249 0.016563967 0.77348012 37 99 235
-0.013088262 -0.11761369 0.079633802 37 99 235
0.065819964 -0.11614467 0.0010989115 37 99 235
0.054797191 -0.11434292 0.47347292 37 99 235
0.11326937 -0.021802649 -0.41931716 37 99 235
0.045858704 -0.095401853 0.48871094 37 99 235
0.007567374 -0.10995074 -0.41296259 37 99 235
-0.10361017 0.018743888 0.2427277 37 99 235
0.0035660663 0.011140358 -0.64728934 37 99 235
0.1151928 0.0087174214 0.17431185 37 99 235
-0.020396037 -0.11965545 0.28778514 37 99 235
0.10211388 -0.09504614 0.50683552 37 99 235
-0.085711859 0.026053689 0.15310609 37 99 235
-0.42522427 -0.11391387 0.14888269 37 99 235
0.43622601 -0.070868313 0.24635379 37 99 235
0.33756065 -0.14942341 0.15631768 37 99 235
-0.11056183 0.020568918 -0.17684203 37 99 235
-0.10242028 0.016321251 0.30204532 37 99 235
-0.05470245 -0.11592713 -0.01734747 37 99 235
-0.12701741 -0.11544582 -0.056138601 37 99 235
0.021563146 -0.00034905062 -0.29763439 37 99 235
0.0016760123 0.13574857 0.5270201 37 99 235
0.064133465 0.043560252 -0.29192969 37 99 235
0.12002141 0.0049082031 0.18618807 37 99 235
0.35098973 -0.21398064 0.26297963 37 99 235
0.31298253 -0.14293636 0.13778608 37 99 235
0.011205459 0.071505278 0.68691754 37 99 235
-0.15795261 -0.035628956 0.75358635 37 99 235
0.11410145 0.008904458 0.32873067 37 99 235
-0.23934038 -0.10715736 -0.068104573 37 99 235
0.027335988 0.067880966 0.36990711 37 99 235
0.11014356 0.012534278 0.19852121 37 99 235
-0.4307276 -0.082943305 0.17112249 37 99 235
-0.056102991 -0.077929847 -0.56812972 37 99 235
-0.036725122 -0.11884047 0.22146282 37 99 235
0.13579001 -0.033211857 0.30345818 37 99 235
0.014743687 -0.047610935 -0.46101928 37 99 235
0.13571508 -0.03034354 0.060935892 37 99 235
-0.0059892153 -0.14813031 0.29672688 37 99 235
0.062009726 -0.034377158 -0.53438962 37 99 235
-0.15793844 -0.11700947 0.25924215 37 99 235
-0.026084129 -0.10683981 -0.45443118 37 99 235
0.047712099 0.010092184 0.7245844 37 99 235
-0.28036156 -0.22425476 0.14358702 37 99 235
-0.22813803 -0.13262613 -0.093426116 37 99 235
-0.071877204 -0.11438575 -0.14285628 37 99 235
-0.038937062 0.05746438 0.42754561 37 99 235
0.35200405 -0.16430078 0.31319979 37 99 235
-0.028070971 -0.11241892 -0.30394194 37 99 235
-0.091430604 0.029515127 -0.29594648 37 99 235
0.18229245 -0.12739027 0.013490946 37 99 235
0.0037721433 -0.066909187 -0.84896219 37 99 235
-0.10134207 0.023839796 -0.079951324 37 99 235
0.30268958 -0.12427105 0.10097695 37 99 235
0.32311237 -0.20324102 -0.057120476 37 99 235
0.4284884 -0.054668304 0.30345842 37 99 235
0.16676086 -0.094533272 -0.054719403 37 99 235
-0.37582117 -0.11589356 0.18918386 37 99 235
-0.039187226 -0.098603427 -0.58595735 37 99 235
0.070849672 -0.028866023 -0.4065569 37 99 235
0.03925376 0.021166073 0.67425489 37 99 235
-0.18416649 -0.11944975 0.35005733 37 99 235
-0.16099946 -0.1112338 -0.20865363 37 99 235
-0.10253463 0.018149957 0.09443751 37 99 235
0.12656577 -0.067708656 -0.37917116 37 99 235
-0.27646115 -0.11948888 0.27483428 37 99 235
-0.24070103 -0.1097265 -0.078407727 37 99 235
-0.43563092 -0.04888849 0.21357177 37 99 235
0.061273269 -0.052274976 -0.54324961 37 99 235
-0.056117568 0.038189482 -0.33810076 37 99 235
0.13579001 -0.05437734 0.22111425 37 99 235
-0.12918231 -0.059671782 -0.35776442 37 99 235
-0.23842047 -0.13143732 -0.13179296 37 99 235
0.014485485 -0.053551473 0.52963877 37 99 235
-0.13576999 -0.051013719 -0.14470732 37 99 235
-0.1108912 -0.056597326 0.47078151 37 99 235
0.36648002 -0.18783942 0.11063232 37 99 235
0.18494588 -0.13653456 0.0029785493 37 99 235
0.13579001 -0.097680554 -0.14356688 37 99 235
0.082653411 -0.11716355 0.083714686 37 99 235
-0.20364632 -0.16423491 0.0096346214 37 99 235
-0.03205872 -0.11646061 0.026583107 37 99 235
-0.19746307 -0.14036283 -0.017376116 37 99 235
-0.010666879 -0.069253564 0.49639753 37 99 235
0.059153423 -0.01011084 -0.53390211 37 99 235
0.028854292 0.10844089 -0.33165869 37 99 235
0.069035366 0.030512815 0.26269418 37 99 235
0.22553705 -0.12599102 0.0086728968 37 99 235
-0.038921647 -0.11455352 -0.12999414 37 99 235
0.046243466 0.056127463 -0.13734132 37 99 235
-0.044382043 -0.019260263 -0.68420315 37 99 235
-0.01968375 -0.11516149 -0.079626426 37 99 235
-0.26303312 -0.11229339 0.002077295 37 99 235
-0.098542064 -0.013030377 0.82393086 37 99 235
0.12326973 -0.11508917 -0.044311691 37 99 235
0.027392756 0.041613147 -0.31908917 37 99 235
-0.1047116 -0.074700028 0.50608921 37 99 235
0.13053437 -0.10805946 0.35884705 37 99 235
-0.014689745 -0.11927864 0.25683102 37 99 235
0.16390368 -0.11544063 -0.048906434 37 99 235
-0.016151316 0.067179166 0.60637492 37 99 235
-0.43251762 -0.0042330744 0.21492796 37 99 235
0.055426616 -0.065076664 -0.60944146 37 99 235
-0.027060363 -0.0057307896 -0.34301853 37 99 235
-0.0014547675 -0.1422399 0.31037471 37 99 235
-0.21862395 -0.11259318 -0.12597655 37 99 235
-0.13525073 -0.029720433 -0.11905769 37 99 235
-0.26460189 -0.12619434 -0.095092542 37 99 235
0.30965394 -0.10333437 0.07588724 37 99 235
0.11250626 0.0099683916 0.15563525 37 99 235
-0.077337258 -0.025322346 -0.43267086 37 99 235
-0.069668613 0.010888648 -0.40593496 37 99 235
0.021489145 0.02064422 0.74026585 37 99 235
0.0029824371 0.014568306 0.80179393 37 99 235
-0.034480829 0.045534767 -0.49295333 37 99 235
0.20445214 -0.15647061 -0.10492898 37 99 235
-0.034400497 -0.12251985 0.43155783 37 99 235
0.24059689 -0.10763029 0.17983893 37 99 235
-0.022582404 -0.012584805 -0.74944949 37 99 235
-0.29358479 -0.21151243 0.14121807 37 99 235
-0.066511117 -0.043490753 -0.43856156 37 99 235
0.43617222 -0.087608702 0.35365427 37 99 235
-0.048947867 -0.087265007 -0.58508176 37 99 235
-0.015102527 -0.11688072 0.060371295 37 99 235
-0.0015641361 0.17026594 0.64397347 37 99 235
-0.36547321 -0.13011222 0.21271649 37 99 235
0.04103398 -0.1903028 0.050183423 37 99 235
-0.02355044 0.13249443 -0.33144382 37 99 235
0.42075896 -0.12050402 0.38136259 37 99 235
0.40603462 -0.11512559 0.29954013 37 99 235
-0.34567827 -0.20838082 -0.052346513 37 99 235
0.0030096723 0.025097525 -0.6134699 37 99 235
0.21682118 -0.13839315 -0.087955251 37 99 235
0.43774733 -0.092902347 0.13882145 37 99 235
0.0066701388 0.035940979 -0.44372213 37 99 235
-0.1378895 -0.089795515 -0.26291499 37 99 235
0.13241448 -0.018932421 0.2487461 37 99 235
0.042756852 0.024346478 0.53685755 37 99 235
0.089514457 -0.11624166 0.0089489296 37 99 235
0.30580589 -0.10744648 0.25736991 37 99 235
-0.022425106 0.071263187 0.14033709 37 99 235
-0.33620223 -0.18510425 0.41041109 37 99 235
0.099530898 0.016576612 -0.3598752 37 99 235
-0.34567878 -0.1270377 0.22500192 37 99 235
0.028580857 0.017154036 -0.56998271 37 99 235
-0.13680305 -0.087566487 0.017659413 37 99 235
0.029363228 -0.17297445 -0.13842696 37 99 235
0.0023052541 -0.11382458 -0.18909787 37 99 235
0.28205571 -0.11641312 -0.040975843 37 99 235
0.13672729 -0.03599228 -0.29184139 37 99 235
0.13447264 -0.044748724 -0.31170216 37 99 235
0.041814562 0.054855332 0.31311619 37 99 235
0.0035950111 -0.12160815 -0.55438393 37 99 235
0.062742911 -0.11875527 0.21439444 37 99 235
-0.29243588 -0.10090342 0.087536514 37 99 235
-0.4286592 0.016781328 0.35386449 37 99 235
0.039875466 -0.064139299 -0.78308201 37 99 235
0.13580383 -0.11194042 -0.26579723 37 99 235
0.27597633 -0.10057352 0.11080864 37 99 235
-0.074352577 -0.086627148 -0.40579167 37 99 235
-0.20250721 -0.15138283 -0.089019872 37 99 235
0.045787852 0.028657129 -0.48546463 37 99 235
0.15394939 -0.038725417 0.81601542 37 99 235
0.0041353214 0.094066933 0.51416183 37 99 235
0.3682436 -0.1203149 0.37444139 37 99 235
0.00075140287 0.23344004 0.7572338 37 99 235
-0.191177 -0.11865593 0.20685148 37 99 235
0.12491073 -0.013289612 -0.38956878 37 99 235
0.021016249 -0.11962803 0.28647697 37 99 235
0.10120966 -0.11455743 0.45238498 37 99 235
0.1243232 -0.00018353824 0.18725634 37 99 235
0.32650897 -0.10456116 0.15602447 37 99 235
0.36370641 -0.19903605 0.074934646 37 99 235
0.31959534 -0.1904532 0.36158773 37 99 235
0.13794954 -0.060622599 -0.25035113 37 99 235
-0.11422673 -0.11581133 0.40846792 37 99 235
-0.014449976 -0.11536181 -0.063131392 37 99 235
-0.012456501 -0.18398687 -0.58309549 37 99 235
0.36813167 -0.17740485 0.076980807 37 99 235
0.040307634 -0.026734877 0.51565236 37 99 235
-0.04366114 -0.090369359 -0.72461683 37 99 235
0.35223871 -0.1216746 0.23672225 37 99 235
-0.13357553 -0.021848133 0.043168578 37 99 235
-0.32352293 -0.21246508 0.21234149 37 99 235
0.2688013 -0.11882274 0.10745975 37 99 235
-0.0064471406 0.075887442 0.1338964 37 99 235
-0.021079354 -0.1491154 -0.14008477 37 99 235
-0.080609798 -0.12112747 0.37139779 37 99 235
-0.16903017 -0.11487471 0.22997226 37 99 235
0.022165135 -0.1588828 -0.57938057 37 99 235
0.026804592 0.14762835 -0.50761783 37 99 235
-0.078032449 0.026467633 0.26830092 37 99 235
-0.00096216582 0.23712221 0.7304765 37 99 235
-0.13576999 -0.074199177 0.13454647 37 99 235
0.12075824 0.0069655105 -0.054162271 37 99 235
0.010232991 0.051772114 0.74242389 37 99 235
0.020396464 0.026019763 0.70611954 37 99 235
0.033358995 0.069159552 -0.28956899 37 99 235
-0.30626318 -0.17325571 0.016053868 37 99 235
-0.32057813 -0.10955054 0.124503 37 99 235
-0.032153636 0.0045499089 0.70128906 37 99 235
-0.13576999 -0.043557901 -0.16022879 37 99 235
0.42887866 0.074064776 0.36590773 37 99 235
0.05902474 -0.086416043 0.47702628 37 99 235
0.32235232 -0.118108 0.025039997 37 99 235
0.34137869 -0.14497299 0.21004905 37 99 235
0.10882453 -0.11362432 0.02195717 37 99 235
-0.0038816982 0.077655166 0.69789648 37 99 235
0.19199206 -0.14771134 -0.026870029 37 99 235
-0.34236738 -0.1508128 -0.025274018 37 99 235
-0.10910688 -0.1178859 0.14318828 37 99 235
0.36842522 -0.11898294 0.23322056 37 99 235
0.34958583 -0.18960674 0.36984032 37 99 235
-0.061008859 0.036100227 -0.39535958 37 99 235
-0.0049927039 -0.09841264 -0.79536456 37 99 235
-0.029536868 -0.20126869 0.13388683 37 99 235
0.056677878 -0.042451594 -0.64178169 37 99 235
-0.066245385 -0.060879454 -0.44973397 37 99 235
-0.30939695 -0.20019792 0.21206035 37 99 235
-0.035131227 0.024656218 0.63705724 37 99 235
-0.32556418 -0.19526942 0.36459336 37 99 235
-0.12974255 -0.024388762 0.78430402 37 99 235
-0.034680042 -0.005702307 -0.52830791 37 99 235
0.013688403 -0.10734009 -0.76427209 37 99 235
0.19203055 -0.096565142 -0.055955436 37 99 235
-0.059335008 -0.026762031 -0.56123447 37 99 235
-0.20146233 -0.11854356 0.1973078 37 99 235
0.29745233 -0.13841186 -0.040342145 37 99 235
-0.36351708 -0.17830788 -0.061780728 37 99 235
0.080108419 -0.1199215 0.46484646 37 99 235
-0.037393708 -0.19540942 0.057933178 37 99 235
-0.0016858297 0.14497343 -0.47572392 37 99 235
0.028704379 -0.11266543 -0.28443575 37 99 235
-0.2698667 -0.22429228 0.13982342 37 99 235
0.13210714 -0.10388061 0.090045817 37 99 235
-0.13576999 -0.045023952 0.090887278 37 99 235
-0.057615705 -0.054175843 -0.6374203 37 99 235
0.4316994 -0.11025622 0.38971776 37 99 235
-0.043155398 -0.092370093 -0.603697 37 99 235
0.19582553 -0.10209843 0.074088737 37 99 235
-0.24358338 -0.12480328 -0.10862049 37 99 235
0.10184621 -0.11487865 -0.10316802 37 99 235
0.29057002 -0.10810228 0.2511313 37 99 235
0.30094111 -0.10948022 0.085392393 37 99 235
-0.17519611 -0.11028741 -0.12785496 37 99 235
-0.0023188794 0.087049581 0.43239844 37 99 235
0.00090868463 0.11624301 0.79508138 37 99 235
0.17461054 -0.0959493 0.044089634 37 99 235
-0.11953334 -0.11184239 -0.3508577 37 99 235
-0.32053983 -0.20185018 -0.076955117 37 99 235
-0.19145307 -0.10130995 0.10740607 37 99 235
0.23569392 -0.11713313 0.3248831 37 99 235
0.043257318 0.010600029 -0.54087186 37 99 235
-0.30699202 -0.11901001 0.27359396 37 99 235
-0.32263002 -0.2091524 0.05053189 37 99 235
-0.13662134 -0.086423524 -0.20166507 37 99 235
-0.17376129 -0.097842172 -0.10221058 37 99 235
-0.43622616 -0.097834304 0.3036218 37 99 235
-0.1162698 0.0076878327 0.21986166 37 99 235
-0.28965864 -0.10086662 0.09314049 37 99 235
-0.16970114 -0.11279108 0.19158922 37 99 235
0.42855185 -0.0093371505 0.26466396 37 99 235
-0.24213769 -0.16159086 -0.0098139094 37 99 235
-0.28097433 -0.10462711 0.22963116 37 99 235
0.0089849737 0.11433592 -0.3934662 37 99 235
-0.032158174 0.021377528 -0.56098008 37 99 235
0.027184388 -0.0056601902 -0.70372003 37 99 235
-0.132304 -0.069584198 0.3565174 37 99 235
0.0049533276 -0.13520578 0.49726251 37 99 235
0.43117571 -0.0095790969 0.23313703 37 99 235
0.23763809 -0.10878358 0.25599399 37 99 235
0.066929951 -0.11863253 0.20422953 37 99 235
-0.35857192 -0.20505677 0.11166854 37 99 235
-0.0023290322 0.085814342 0.4309499 37 99 235
-0.024914119 -0.14968672 0.033122391 37 99 235
0.03568913 0.061233491 0.22670743 37 99 235
-0.01215511 -0.11330024 -0.55828243 37 99 235
-0.0014475388 0.2177493 0.78428698 37 99 235
-0.0082674287 0.078601249 0.025364511 37 99 235
-0.17668037 -0.10006635 -0.057548676 37 99 235
0.018471787 -0.22104749 -0.53862852 37 99 235
-0.030388888 0.0063012792 -0.57314128 37 99 235
-0.10364736 -0.046986356 0.47208363 37 99 235
-0.066775054 -0.12017833 0.32759577 37 99 235
-0.012737397 0.0022575855 0.72027427 37 99 235
-0.34158134 -0.20560493 0.33479527 37 99 235
-0.43832898 -0.093865603 0.12569904 37 99 235
-0.31991476 -0.11681756 -0.014246465 37 99 235
0.073318899 -0.11971377 0.29298294 37 99 235
-0.051628154 -0.1180774 0.15936369 37 99 235
-0.020695608 0.0012296338 -0.66578043 37 99 235
-0.064000219 -0.056381423 -0.4829677 37 99 235
0.035882071 -0.009999604 -0.67454916 37 99 235
-0.01729729 0.0048104203 0.71846086 37 99 235
0.019993447 0.10550047 -0.5258283 37 99 235
0.022959854 0.07725659 -0.28814378 37 99 235
0.36458147 -0.18950193 0.31791523 37 99 235
-0.12195823 -0.014000606 -0.39181471 37 99 235
-0.12691 -0.15116164 0.11053504 37 99 235
0.31387895 -0.17386954 -0.076018527 37 99 235
0.13579001 -0.048871227 -0.14605296 37 99 235
0.012145911 -0.11985604 0.30509382 37 99 235
-0.16927965 -0.11502734 0.231931 37 99 235
-0.06876836 -0.11815635 0.16588943 37 99 235
0.10260748 -0.11679201 0.053260386 37 99 235
0.37023884 -0.17577903 0.14009683 37 99 235
0.034603514 -0.0085123219 -0.52818233 37 99 235
0.15565285 -0.11151051 0.2181569 37 99 235
0.040327217 -0.090494104 -0.7482689 37 99 235
-0.13618517 -0.042521518 -0.18342529 37 99 235
-0.01198701 -0.142187 -0.07404241 37 99 235
-0.24777132 -0.099044219 0.072461285 37 99 235
0.07025674 0.032793518 0.15236086 37 99 235
0.10826351 -0.11514795 -0.056653928 37 99 235
0.050796263 0.047442414 0.15314217 37 99 235
0.43014038 -0.0035442582 0.35543549 37 99 235
0.024449637 -0.18819597 -0.55872095 37 99 235
0.3240577 -0.10298938 0.16079104 37 99 235
-0.012789213 -0.11222816 -0.71548516 37 99 235
0.42896935 0.071208738 0.30140674 37 99 235
-0.018668942 -0.14449489 -0.50352377 37 99 235
-0.28482419 -0.11655321 0.32286128 37 99 235
-0.20893456 -0.12004072 0.31971371 37 99 235
-0.1548344 -0.11469879 0.09056028 37 99 235
0.044074357 -0.0074199247 -0.61400563 37 99 235
0.015585506 -0.14512439 -0.11681149 37 99 235
0.21970102 -0.1552853 -0.17462195 37 99 235
0.43485582 -0.089044996 0.22274689 37 99 235
0.14525141 -0.097954355 -0.20082203 37 99 235
-0.13256416 -0.011672535 -0.13023512 37 99 235
-0.067269847 -0.10218952 -0.45939091 37 99 235
-0.28766125 -0.1129844 0.18716758 37 99 235
0.14472181 -0.097695664 0.13749088 37 99 235
-0.0019792432 0.047410186 -0.24937621 37 99 235
0.23832969 -0.11334966 0.26672187 37 99 235
-0.016783023 -0.11597035 -0.50354707 37 99 235
-0.1073169 0.023547556 -0.36734867 37 99 235
-0.13576999 -0.064331226 0.065517955 37 99 235
0.071422249 0.032554612 -0.059592079 37 99 235
0.057503752 -0.12014008 0.32533216 37 99 235
-0.30907801 -0.10266531 0.17998891 37 99 235
0.29497963 -0.15674475 0.15165506 37 99 235
-0.10488661 0.017427895 0.11132964 37 99 235
-0.11685173 0.015479865 -0.32120031 37 99 235
-0.081028476 0.02541128 0.282107 37 99 235
0.20120688 -0.097967826 -0.060040537 37 99 235
-0.33851612 -0.15763363 -0.085998178 37 99 235
0.42987195 0.019739948 0.35433376 37 99 235
0.27747464 -0.11345597 0.0087021384 37 99 235
-0.045906082 -0.11622151 0.0070436103 37 99 235
-0.031037521 -0.11330576 -0.23183389 37 99 235
-0.083994478 -0.1019218 -0.40248296 37 99 235
-0.13713741 -0.026880819 0.7333371 37 99 235
0.0753408 -0.040716216 -0.36687386 37 99 235
0.34099638 -0.11935762 0.13819271 37 99 235
0.051748522 -0.080681495 -0.58830225 37 99 235
0.093049332 -0.12133033 0.39918795 37 99 235
0.36386627 -0.16869891 -0.02530604 37 99 235
0.43549985 -0.043399561 0.39605984 37 99 235
-0.1162532 0.0081606833 0.2808311 37 99 235
-0.11946355 -0.11172968 -0.26270476 37 99 235
-0.22148536 -0.14487843 -0.16987088 37 99 235
0.017578091 0.073090509 -0.21024472 37 99 235
-0.032775469 0.063517779 0.25769004 37 99 235
-0.34041193 -0.16930372 -0.14711089 37 99 235
0.020754924 0.15190886 -0.49576119 37 99 235
-0.30776307 -0.19204508 -0.017049184 37 99 235
0.040806934 0.060407471 -0.16705948 37 99 235
-0.36279196 -0.1621976 0.0354141 37 99 235
0.42999327 -0.01906584 0.31868759 37 99 235
-0.001898462 0.2121474 0.77775979 37 99 235
-0.051280651 0.020007959 -0.50444645 37 99 235
-0.42842999 -0.0097348336 0.32045886 37 99 235
0.091784418 -0.12139243 0.39063945 37 99 235
-0.34554169 -0.15335722 0.18355709 37 99 235
-0.17992079 -0.12628284 -0.19926654 37 99 235
-0.058879822 0.030217519 -0.37856239 37 99 235
0.03663186 -0.18776621 -0.052648637 37 99 235
-0.094010286 -0.11406122 -0.16998704 37 99 235
-0.13432233 -0.019324599 0.23356035 37 99 235
-0.0059362566 0.12909798 0.61585099 37 99 235
-0.19484587 -0.1101772 0.2463623 37 99 235
0.40148044 -0.10876609 0.24286157 37 99 235
0.13579001 -0.049870543 0.13583952 37 99 235
-0.3305234 -0.21301869 0.11172763 37 99 235
0.23031592 -0.099590115 0.15900658 37 99 235
-0.33319601 -0.11480098 0.31877115 37 99 235
-0.22966707 -0.1102118 0.24940705 37 99 235
0.038819049 0.0640902 -0.29599118 37 99 235
0.04083157 0.0092909569 -0.54609954 37 99 235
0.085310854 -0.1138365 -0.18803477 37 99 235
-0.35943872 -0.10949349 0.25399157 37 99 235
0.1577971 -0.12138974 -0.021706341 37 99 235
0.32680178 -0.103296 0.1774956 37 99 235
-0.40008247 -0.12024593 0.36399391 37 99 235
0.19708598 -0.10997938 -0.093626939 37 99 235
-0.34745249 -0.13704012 0.12902014 37 99 235
-0.052077133 -0.025161732 -0.66176295 37 99 235
0.0081053246 -0.19034436 -0.19568276 37 99 235
0.091887794 -0.11234338 -0.31105402 37 99 235
0.037802823 -0.054715395 -0.79538125 37 99 235
0.43061894 -0.03964217 0.2257176 37 99 235
0.30483624 -0.10304542 0.19987622 37 99 235
0.22654122 -0.097868644 -0.00913883 37 99 235
0.16345054 -0.11177777 -0.11810294 37 99 235
-0.024265097 0.090567738 -0.39121327 37 99 235
0.025960183 -0.00093819568 -0.57058823 37 99 235
-0.28134128 -0.11785798 0.061922252 37 99 235
0.030694528 0.0061798347 -0.61241627 37 99 235
0.18550424 -0.097376175 0.12783924 37 99 235
-0.067052945 -0.079841711 -0.43019032 37 99 235
-0.30505961 -0.18779451 0.054279119 37 99 235
0.13387999 -0.0090268292 -0.27788818 37 99 235
-0.061380398 -0.11751885 0.11260505 37 99 235
0.055627987 0.02678561 0.42225248 37 99 235
-0.30574673 -0.17869706 0.021383706 37 99 235
0.011220923 0.077688061 0.11360859 37 99 235
-0.032165732 0.053481165 -0.33920479 37 99 235
-0.0037010459 0.078378692 -0.20653315 37 99 235
-0.37057 -0.18704833 0.23415588 37 99 235
-0.023695195 0.093274467 -0.52301425 37 99 235
0.11201511 -0.12444219 0.12119662 37 99 235
-0.047377925 0.030354904 -0.41495022 37 99 235
-0.38907552 -0.11936682 0.34781164 37 99 235
-0.031260718 0.10009698 -0.35501203 37 99 235
0.037428979 0.022786628 0.58627439 37 99 235
0.21598805 -0.09749914 0.044313706 37 99 235
-0.029589633 0.10918339 -0.36453533 37 99 235
-0.048848972 0.047761623 0.32833767 37 99 235
0.24160439 -0.14963111 -0.11053067 37 99 235
-0.032262515 -0.19180897 -0.073513672 37 99 235
-0.0044696559 0.036844097 -0.44330385 37 99 235
0.13579001 -0.067998946 0.0072928634 37 99 235
0.091894098 -0.12095476 0.36364502 37 99 235
0.27240476 -0.20475572 0.095271967 37 99 235
0.191754 -0.11155412 -0.096569605 37 99 235
0.028926823 0.035349876 0.5990327 37 99 235
0.02286691 -0.0095652966 -0.73192203 37 99 235
0.16904072 -0.045243427 0.79638267 37 99 235
0.13579001 -0.02486581 0.13708897 37 99 235
-0.33873451 -0.13379386 0.23185135 37 99 235
0.32886833 -0.1238305 0.047292467 37 99 235
-0.13427615 -0.025336055 0.063475586 37 99 235
-0.029540649 -0.013187958 0.6124121 37 99 235
0.0073005441 -0.10568013 0.52141714 37 99 235
-0.15886667 -0.116041 -0.0071920501 37 99 235
0.15371139 -0.036976177 0.78771812 37 99 235
-0.322813 -0.15515162 -0.03571422 37 99 235
0.12088173 0.0056188884 0.044471141 37 99 235
-0.28018317 -0.10103047 0.1351798 37 99 235
0.35947397 -0.1957801 0.34516436 37 99 235
-0.027766837 -0.034417354 -0.47701952 37 99 235
0.0097523369 0.075893365 -0.44343394 37 99 235
-0.02006048 0.12667355 -0.53918511 37 99 235
0.037637573 -0.15980414 0.12951598 37 99 235
-0.30109146 -0.16996792 0.15091866 37 99 235
0.03418358 0.066518649 -0.19757625 37 99 235
-0.1596276 -0.11168591 -0.14838582 37 99 235
0.13541344 -0.029954964 0.021231052 37 99 235
0.012458239 -0.20470044 0.20249709 37 99 235
0.18482722 -0.097264223 0.12087911 37 99 235
0.42982861 -0.081744194 0.2033364 37 99 235
-0.020831518 -0.15382728 0.23392643 37 99 235
-0.1266446 0.0038076993 -0.25973624 37 99 235
0.3415848 -0.12856163 0.23905079 37 99 235
0.027110878 0.040930763 0.6157608 37 99 235
0.056820955 0.045136828 -0.037015192 37 99 235
0.43152055 -0.013883472 0.32605201 37 99 235
0.13579001 -0.064546362 -0.007126539 37 99 235
-0.07191737 -0.11925355 0.25543636 37 99 235
-0.13576999 -0.042889863 0.11569887 37 99 235
-0.034802411 0.018416261 0.72070271 37 99 235
-0.074258938 -0.0013134035 0.74683768 37 99 235
-0.30204716 -0.1512605 0.081842892 37 99 235
-0.013537807 -0.2042864 -0.56501579 37 99 235
-0.40763557 -0.11747064 0.17250316 37 99 235
-0.03585146 0.013737732 -0.55596191 37 99 235
-0.34889916 -0.15266573 0.083426431 37 99 235
0.13582084 -0.061774511 -0.16104741 37 99 235
0.044966105 -0.020330021 -0.48598042 37 99 235
0.04656722 0.029756872 -0.40707365 37 99 235
0.024651719 0.11767882 -0.52697051 37 99 235
-0.13576999 -0.060850672 -0.036170516 37 99 235
-0.32554838 -0.1310146 -0.027044605 37 99 235
-0.0057650972 -0.11779061 0.13484679 37 99 235
0.26373056 -0.099001594 0.019241363 37 99 235
0.19785173 -0.10850579 0.22443266 37 99 235
0.038768448 -0.19589375 0.077528119 37 99 235
-0.0057290159 0.079656236 -0.5542565 37 99 235
0.004879633 0.023320243 -0.2296319 37 99 235
0.19261485 -0.15507381 0.018439919 37 99 235
-0.067412801 0.03796925 -0.38729611 37 99 235
-0.053216714 0.00637693 -0.53649855 37 99 235
-0.20394984 -0.11684154 0.26665497 37 99 235
-0.037183318 -0.11570153 -0.035733979 37 99 235
0.083627358 -0.074746192 -0.42975974 37 99 235
-0.36808091 -0.10486207 0.1514971 37 99 235
0.023737032 -0.1198021 0.30047289 37 99 235
-0.09758202 0.027295014 -0.2918126 37 99 235
-0.29834029 -0.11400595 0.30769974 37 99 235
0.013238647 -0.12083802 0.35887185 37 99 235
0.010066761 -0.14256059 0.51161093 37 99 235
0.13579001 -0.086787425 0.2081501 37 99 235
0.0020058036 0.093184464 0.55248165 37 99 235
0.088177346 0.024431478 0.20727921 37 99 235
-0.00045950513 -0.20056519 0.66375118 37 99 235
0.05126347 -0.11802895 0.15437883 37 99 235
0.43540096 -0.10794731 0.28764132 37 99 235
-0.31024167 -0.16724212 -0.013794187 37 99 235
-0.029123662 -0.12758568 -0.48134091 37 99 235
-0.31144923 -0.17753948 -0.043764923 37 99 235
-0.010082579 0.053992756 -0.44762921 37 99 235
0.080011919 -0.11789048 0.1436218 37 99 235
0.28401038 -0.11441957 0.16455345 37 99 235
-0.43023491 0.00027928394 0.38880575 37 99 235
0.033641476 0.00017881827 -0.50933945 37 99 235
0.32910234 -0.21244261 0.08310809 37 99 235
0.0048130378 -0.013109638 -0.25223711 37 99 235
0.24444152 -0.12369903 0.024494322 37 99 235
0.022377543 -0.117751 0.13214979 37 99 235
0.072000615 -0.10656258 -0.36763412 37 99 235
-0.055496432 0.04055544 0.32912275 37 99 235
-0.023921477 0.0068968651 -0.62469262 37 99 235
0.27535295 -0.11878921 0.093820229 37 99 235
-0.0055799992 -0.11420301 -0.69853276 37 99 235
-0.0042665834 -0.043084629 -0.47669575 37 99 235
0.31922343 -0.16732153 0.31010422 37 99 235
0.0024484014 -0.20505007 -0.1324116 37 99 235
0.12215003 0.0092895618 -0.32880592 37 99 235
0.19077227 -0.11832878 0.17928244 37 99 235
0.02884743 0.028083939 -0.55771846 37 99 235
-0.08265771 0.033775751 -0.38286972 37 99 235
0.13579001 -0.027361333 -0.1610896 37 99 235
0.032463443 0.031998821 -0.32712218 37 99 235
-0.2075078 -0.059410397 0.77956569 37 99 235
-0.014584487 -0.14603026 -0.13018794 37 99 235
-0.0054538706 -0.05672013 0.54547292 37 99 235
-0.044869158 0.050782461 0.3881326 37 99 235
0.036247805 -0.11317159 -0.24252334 37 99 235
0.23641597 -0.16118369 -0.012428746 37 99 235
-0.017302085 -0.11345666 -0.21927853 37 99 235
-0.42957735 0.054992102 0.32388821 37 99 235
0.11763814 -0.00021794825 -0.41349196 37 99 235
0.037869696 0.038839016 -0.46064091 37 99 235
0.048326064 -0.089682922 -0.54381049 37 99 235
-0.037471723 0.014448471 0.76119477 37 99 235
0.0026650578 0.04840406 -0.24967407 37 99 235
0.099274211 -0.11622609 0.0074201529 37 99 235
0.10445752 0.024468899 -0.3786526 37 99 235
-0.05602219 0.014119971 0.66310698 37 99 235
-0.21344192 -0.1650708 0.0021262991 37 99 235
0.079469562 -0.00011384992 0.72524977 37 99 235
-0.20313376 -0.097520083 0.084973626 37 99 235
0.072373457 -0.11153731 -0.37698478 37 99 235
-0.13576999 -0.025216743 -0.092723921 37 99 235
0.02117127 -0.16482088 -0.47269318 37 99 235
-0.07101021 -0.087250642 -0.4236393 37 99 235
-0.3674435 -0.17627639 0.059098631 37 99 235
0.12151001 -0.056588966 -0.40911078 37 99 235
0.32038772 -0.16384099 -0.06064852 37 99 235
0.0055872719 -0.046135306 -0.45182025 37 99 235
-0.3485586 -0.15492216 -0.042173002 37 99 235
0.058176845 -0.067613803 -0.56262326 37 99 235
0.048063949 -0.11516234 -0.080220424 37 99 235
-0.056656044 0.027120477 -0.43955711 37 99 235
0.030170215 0.051672336 0.54553705 37 99 235
0.032313243 -0.18437834 0.19236761 37 99 235
0.00083696266 0.087517343 0.78957576 37 99 235
0.097700618 -0.0391692 -0.43680689 37 99 235
0.084423602 0.027188169 -0.40943477 37 99 235
-0.36192408 -0.16695608 0.2885727 37 99 235
-0.13494492 -0.050667208 0.32443705 37 99 235
0.32752573 -0.15374787 -0.032811422 37 99 235
0.37346387 -0.11557695 0.1951725 37 99 235
-0.40768501 -0.11379408 0.076316029 37 99 235
-0.032671761 -0.11767553 0.12650986 37 99 235
-0.24725157 -0.13251285 0.010289574 37 99 235
0.017439365 0.076187409 -0.019200535 37 99 235
-0.024613976 -0.1350463 -0.49120513 37 99 235
0.36588109 -0.200684 0.17034405 37 99 235
0.014809525 -0.14778818 0.22808336 37 99 235
-0.050265707 -0.054839667 -0.74184489 37 99 235
-0.018567909 -0.11167222 -0.53961599 37 99 235
0.11262041 -0.073233269 0.47494626 37 99 235
0.42890149 0.0078772493 0.28087127 37 99 235
0.0062630633 0.082171351 0.07435938 37 99 235
-0.074438922 -0.11844587 0.1889424 37 99 235
0.095936984 -0.056577217 -0.36728993 37 99 235
0.1610322 -0.10831555 0.18088931 37 99 235
-0.24323601 -0.15671207 -0.13085382 37 99 235
-0.093806677 -0.11492963 -0.098548897 37 99 235
-0.032369334 0.0755542 -0.48946068 37 99 235
0.12412188 0.0054782382 -0.19776545 37 99 235
0.43459246 -0.081805527 0.3019329 37 99 235
0.24260384 -0.11839423 0.33659366 37 99 235
-0.3308138 -0.18634394 0.39646542 37 99 235
0.35833678 -0.11982868 0.36108267 37 99 235
-0.014674078 -0.11202158 -0.67697686 37 99 235
0.026710693 -0.15276498 0.2240836 37 99 235
-0.02812163 0.037328262 0.62138581 37 99 235
-0.064266168 0.031009318 0.33281782 37 99 235
-0.051660959 0.027895954 -0.47335023 37 99 235
0.22760484 -0.11614303 0.29691151 37 99 235
0.33442694 -0.15918031 0.31153131 37 99 235
0.41919851 -0.11853649 0.21863955 37 99 235
-0.058248501 -0.052574813 -0.62670308 37 99 235
-0.16277085 -0.10883602 0.10674553 37 99 235
0.13579001 -0.031527154 -0.11845387 37 99 235
0.016615782 -0.11343738 -0.59193313 37 99 235
-0.27188846 -0.12815911 0.14051506 37 99 235
0.2916964 -0.18394211 0.16961022 37 99 235
-0.3134065 -0.16388224 0.166527 37 99 235
-0.032361612 0.025857614 0.6386922 37 99 235
-0.4366087 -0.063072227 0.35457388 37 99 235
-0.0074861697 0.15427445 -0.48540819 37 99 235
0.053998329 0.01459471 0.6728611 37 99 235
0.36759716 -0.1883833 0.12981193 37 99 235
0.43214065 0.015796175 0.39078748 37 99 235
0.040222399 -0.095668048 -0.63883132 37 99 235
0.024218233 -0.043041196 -0.81895256 37 99 235
-0.031038024 0.007551956 -0.45700979 37 99 235
0.00064547127 -0.12028654 0.33328375 37 99 235
0.27334467 -0.15036711 -0.04431377 37 99 235
-0.18188483 -0.10991619 0.03217179 37 99 235
0.0071600317 0.12509824 -0.43239948 37 99 235
0.069359764 -0.11572346 -0.033998106 37 99 235
0.14925526 -0.092499897 0.13274519 37 99 235
-0.014511188 -0.24019337 -0.55016291 37 99 235
-0.29077032 -0.11773792 -0.047036272 37 99 235
0.10046285 -0.012660203 0.70063931 37 99 235
-0.13968326 -0.085905261 0.019908104 37 99 235
-0.35610804 -0.1860178 -0.1085711 37 99 235
-0.43865615 -0.096276641 0.10389544 37 99 235
-0.12846215 -0.0029302973 0.0096266875 37 99 235
-0.18273813 -0.10323387 -0.093948841 37 99 235
-0.13576999 -0.073412418 0.2982285 37 99 235
-0.28006864 -0.10660889 0.24588582 37 99 235
-0.062675171 0.039174285 0.10041272 37 99 235
0.040555678 -0.14034617 -0.4847523 37 99 235
0.348627 -0.12995866 0.072776824 37 99 235
-0.35246384 -0.11159627 0.23915204 37 99 235
-0.01321902 -0.14940971 0.25968903 37 99 235
0.08618477 -0.11798824 0.15148629 37 99 235
-0.013913667 -0.10814246 0.51307607 37 99 235
-0.0041100434 -0.12736969 -0.49639037 37 99 235
0.35030061 -0.15351442 0.11145077 37 99 235
-0.12032571 -0.09089011 0.42681223 37 99 235
0.012188285 0.065202065 0.60670859 37 99 235
-0.12600031 -0.098234162 -0.36007652 37 99 235
0.019750888 -0.1244943 0.48306394 37 99 235
-0.054040968 -0.11827355 0.17535013 37 99 235
0.033709146 -0.10164391 -0.64324093 37 99 235
0.02248122 -0.11374487 -0.19513506 37 99 235
-0.20305409 -0.14658871 -0.10871559 37 99 235
0.003129944 -0.0085668527 0.68453449 37 99 235
-0.11253779 0.010359879 0.29932734 37 99 235
-0.21037368 -0.14797026 -0.082919478 37 99 235
0.14572412 -0.10808247 0.22796138 37 99 235
-0.033410221 -0.041718908 -0.7881816 37 99 235
0.042832661 -0.10938949 0.52217519 37 99 235
-0.061150838 -0.082879506 0.47706741 37 99 235
0.043518558 -0.18738949 0.051448289 37 99 235
-0.001716497 0.22526303 0.77467257 37 99 235
0.021226348 -0.20743954 -0.0041073877 37 99 235
0.042113844 -0.11915968 0.24719396 37 99 235
0.4306778 0.00057522138 0.37733111 37 99 235
-0.10718689 0.022383913 -0.17547257 37 99 235
-0.018157091 0.11427355 -0.38790819 37 99 235
0.013333982 0.075731777 0.57162207 37 99 235
-0.047895931 -0.11309907 -0.24899249 37 99 235
0.019932432 0.067948379 0.41691998 37 99 235
0.034290679 -0.046537388 -0.79460675 37 99 235
0.0014238942 0.105909 0.81071788 37 99 235
0.0090473704 0.0090313125 -0.30218121 37 99 235
-0.31890389 -0.12746756 0.12797745 37 99 235
0.023129215 0.047966596 0.62635434 37 99 235
-0.032057855 -0.10347358 -0.49953276 37 99 235
0.042255472 -0.17810807 0.087773263 37 99 235
0.2856577 -0.11130832 0.091088764 37 99 235
0.35751748 -0.15923637 0.17914049 37 99 235
-0.21554698 -0.14429066 0.032391217 37 99 235
-0.0031448461 0.035754923 0.8157835 37 99 235
0.13579001 -0.023159178 0.17111747 37 99 235
0.25076222 -0.10443466 0.22270252 37 99 235
-0.0024067818 0.079471909 -0.038509499 37 99 235
0.086253405 -0.11247393 -0.30044675 37 99 235
0.059484351 0.043203499 -0.20976074 37 99 235
0.04983006 0.028067259 -0.44272301 37 99 235
-0.0091920188 0.067822099 0.63198888 37 99 235
-0.012474787 0.074518293 -0.29242381 37 99 235
-0.21040353 -0.12022518 0.33513799 37 99 235
-0.12560695 -0.10427357 -0.34087223 37 99 235
0.21271338 -0.064446434 0.79276955 37 99 235
0.0094011799 -0.12097055 0.3645255 37 99 235
0.12980501 -0.10764133 0.10216199 37 99 235
0.11589824 0.013912995 -0.15899032 37 99 235
-0.31010097 -0.19166158 -0.04255189 37 99 235
-0.00086538523 0.16306102 0.64032549 37 99 235
-0.33123735 -0.15319203 0.14330445 37 99 235
0.2270311 -0.16502728 0.0068789795 37 99 235
0.33543411 -0.17221338 0.37225568 37 99 235
0.24219219 -0.14821592 -0.18564047 37 99 235
0.13645628 -0.0724525 -0.1944875 37 99 235
-0.21086372 -0.14980879 -0.21234336 37 99 235
0.14843561 -0.11574318 -0.016804082 37 99 235
-0.35375333 -0.11927445 0.21915573 37 99 235
0.27012002 -0.11374217 -0.0030843953 37 99 235
-0.1864417 -0.10250133 0.10603597 37 99 235
0.10007975 -0.040946674 0.47166383 37 99 235
0.12225907 0.0050520352 -0.067029878 37 99 235
0.23382252 -0.12953585 0.032394797 37 99 235
-0.0097592715 0.075941585 0.3059682 37 99 235
-0.24537992 -0.11635894 0.26425108 37 99 235
-0.031530671 -0.0054435292 -0.68045086 37 99 235
0.010240649 -0.16887203 -0.2139626 37 99 235
-0.43041635 0.04349868 0.36956686 37 99 235
0.074227989 0.023562824 0.34547505 37 99 235
0.020222355 0.065933488 0.54763341 37 99 235
-0.31279832 -0.20341384 0.049855854 37 99 235
-0.084995955 -0.0069145211 0.76105845 37 99 235
-0.12100863 -0.12018209 0.32652205 37 99 235
0.18796837 -0.095719218 -0.015430167 37 99 235
0.27284938 -0.17510541 0.12481235 37 99 235
-0.33163127 -0.13786718 0.22898838 37 99 235
-0.21252884 -0.097158618 0.026896702 37 99 235
-0.36168587 -0.19647422 0.32394275 37 99 235
-0.036063697 -0.12043798 0.34002858 37 99 235
0.11964359 -0.0041355542 -0.40896586 37 99 235
-0.17791632 -0.10708109 0.21529378 37 99 235
-0.13576999 -0.083547428 0.24578404 37 99 235
-0.020344589 -0.11684337 0.05751599 37 99 235
0.13391636 -0.0064810677 -0.2493434 37 99 235
-0.075541459 0.035856631 -0.3111524 37 99 235
-0.35695121 -0.17475674 -0.097661316 37 99 235
0.044715367 -0.1231442 0.45866105 37 99 235
0.18218578 -0.13103342 0.010592792 37 99 235
0.36644799 -0.19662844 0.13671635 37 99 235
0.27301365 -0.11770307 0.22501345 37 99 235
-0.04891973 -0.11268323 -0.28241238 37 99 235
0.15933274 -0.11745283 0.0084672347 37 99 235
-0.032025144 -0.11160687 -0.3709012 37 99 235
-0.18495551 -0.049789239 0.76419067 37 99 235
0.19795419 -0.11610665 0.36827314 37 99 235
0.31688669 -0.15899864 0.051815473 37 99 235
0.027786551 0.16799869 -0.36168158 37 99 235
0.35309336 -0.20875868 -0.021240329 37 99 235
0.17860399 -0.13337018 -0.03080898 37 99 235
0.05765279 -0.035722613 -0.59649897 37 99 235
0.34680721 -0.14307585 0.22113878 37 99 235
0.21637833 -0.09841121 0.11716862 37 99 235
-0.41508713 -0.11638419 0.17007762 37 99 235
0.13579001 -0.042605203 -0.08665093 37 99 235
0.0062013753 0.10374168 0.61667728 37 99 235
0.014765921 -0.16497646 -0.58270854 37 99 235
-0.18270716 -0.10515187 0.2155105 37 99 235
-0.36291054 -0.1617205 0.044541411 37 99 235
0.024721544 -0.20877464 0.022447115 37 99 235
0.10863543 -0.10628821 0.43894383 37 99 235
-0.13141534 -0.051675566 -0.33818361 37 99 235
0.021946715 -0.0023715876 -0.70201075 37 99 235
-0.071954325 -0.029294385 -0.37448865 37 99 235
0.28715244 -0.1126054 0.24119586 37 99 235
-0.054105751 -0.12200341 0.40917841 37 99 235
0.0061878534 -0.1126354 -0.7380628 37 99 235
-0.03327629 -0.066013835 -0.81137997 37 99 235
-0.0062881839 0.012796212 0.62756181 37 99 235
-0.08395002 -0.0058499831 0.82269549 37 99 235
-0.041551031 0.053925812 0.37116262 37 99 235
0.025979953 -0.096338525 -0.77903986 37 99 235
0.29164079 -0.12006758 0.091693342 37 99 235
0.025452085 -0.16588725 -0.46324736 37 99 235
0.12481342 -0.11494686 -0.050411496 37 99 235
0.0051100953 0.11036622 -0.40561426 37 99 235
-0.013142628 0.060138993 0.6614207 37 99 235
-0.037242249 0.057655863 0.37809721 37 99 235
0.016391335 -0.21583565 0.043950319 37 99 235
-0.060636573 -0.0046768072 -0.51521516 37 99 235
0.13579001 -0.076061033 -0.12084799 37 99 235
0.076320238 -0.097574763 -0.39398366 37 99 235
0.10637253 0.021807615 -0.23688379 37 99 235
0.0036074538 0.11497002 0.52693605 37 99 235
0.02122659 -0.20270827 -0.55908132 37 99 235
-0.031841125 0.056971014 -0.51511139 37 99 235
-0.031227691 -0.0072202343 -0.38291952 37 99 235
0.035165861 -0.16766521 0.19191268 37 99 235
0.0014857107 -0.11668593 0.044911403 37 99 235
-0.030454352 -0.0059398394 -0.37760052 37 99 235
-0.022031834 0.14279053 -0.33237639 37 99 235
-0.099690937 -0.11875772 0.21453267 37 99 235
-0.051500738 0.0090556704 0.70786715 37 99 235
0.14258891 -0.086385183 0.16665286 37 99 235
0.43432271 -0.081607223 0.30709887 37 99 235
0.016588228 -0.052718528 0.52014154 37 99 235
0.12927707 -0.11197501 0.39357108 37 99 235
0.30592802 -0.18924232 0.2333148 37 99 235
0.26193246 -0.10037006 0.13742486 37 99 235
-0.0033049246 0.12208187 0.72145599 37 99 235
-0.1326424 -0.025615826 0.73102993 37 99 235
0.018970953 -0.21795341 -0.53980255 37 99 235
0.012933489 0.0054208734 -0.45670462 37 99 235
0.046302866 -0.1197608 0.29708719 37 99 235
0.13140014 -0.015251584 0.31296715 37 99 235
0.026997579 -0.1657414 0.26016137 37 99 235
-0.028193228 0.054285567 0.53692812 37 99 235
-0.21125077 -0.14634852 -0.19337742 37 99 235
-0.12811194 0.002685928 -0.27295482 37 99 235
0.036029611 0.012344432 -0.4272756 37 99 235
-0.15493369 -0.11576893 0.20784999 37 99 235
0.14456101 -0.030072153 0.7635982 37 99 235
-0.4287174 -0.10962489 0.16973925 37 99 235
0.014864315 0.067404211 0.42185417 37 99 235
0.024635794 -0.17651235 0.2665529 37 99 235
0.43463153 -0.027895862 0.38593549 37 99 235
-0.20768546 -0.097803935 0.09422794 37 99 235
-0.025446055 0.018298225 0.82049316 37 99 235
-0.13505296 -0.056342937 0.31998083 37 99 235
0.31654045 -0.11728526 0.022012971 37 99 235
-0.12780619 -0.0078469655 0.22914907 37 99 235
0.13538058 -0.053736579 0.31688887 37 99 235
-0.14099155 -0.099101968 -0.024697581 37 99 235
0.022023076 0.022127729 0.7982946 37 99 235
-0.13545117 -0.029093591 -0.13979799 37 99 235
0.1368171 -0.028383225 -0.28653264 37 99 235
-0.078613408 -0.11534741 -0.06428232 37 99 235
0.07792858 0.034363948 -0.32264781 37 99 235
-0.35316178 -0.11411225 0.15440288 37 99 235
0.34399778 -0.21042109 0.048740849 37 99 235
0.020898681 -0.023474675 0.58155888 37 99 235
-0.13773592 -0.072830111 -0.24340358 37 99 235
0.14080264 -0.086455561 -0.080792792 37 99 235
-0.054678462 0.044073071 0.10684058 37 99 235
-0.012689542 0.031233633 0.73952234 37 99 235
0.013452294 -0.14625277 0.26523611 37 99 235
-0.089680813 -0.11285694 -0.26913822 37 99 235
-0.34981805 -0.15400301 -0.03077632 37 99 235
-0.020717721 -0.10805941 -0.47173354 37 99 235
-0.021590546 0.056646392 0.60361403 37 99 235
0.31865984 -0.19213015 0.35799468 37 99 235
-0.041690066 0.014136258 0.71851397 37 99 235
-0.21381167 -0.10048109 0.18258336 37 99 235
-0.35959232 -0.18621165 -0.099687882 37 99 235
-0.023503751 0.097645514 -0.52345312 37 99 235
0.41842124 -0.11229807 0.17201237 37 99 235
0.43433407 -0.022928393 0.40619114 37 99 235
-0.059124712 0.042290907 -0.016175123 37 99 235
-0.0084613375 0.10823678 0.68026173 37 99 235
0.32624772 -0.11852662 0.35247871 37 99 235
0.016794153 -0.012563645 -0.53391612 37 99 235
-0.3561897 -0.19068339 0.36389953 37 99 235
0.27499968 -0.16699694 0.10212836 37 99 235
-0.030881729 0.01824861 0.6512571 37 99 235
-0.32276389 -0.21027847 0.19878669 37 99 235
-0.049523897 0.025853731 -0.44834554 37 99 235
-0.08532197 0.032819681 -0.37161604 37 99 235
-0.23935033 -0.15565456 -0.037102908 37 99 235
0.24480394 -0.099579573 -0.012520138 37 99 235
-0.029926822 -0.14802599 -0.006890737 37 99 235
0.017381145 0.069424368 0.38481531 37 99 235
0.13579001 -0.069457032 0.26506084 37 99 235
-0.11717097 0.011056227 -0.057289615 37 99 235
0.43048984 -0.00141507 0.37649533 37 99 235
-0.30718246 -0.10655899 0.24996249 37 99 235
-0.0052897302 0.13509916 0.62507528 37 99 235
0.0011381168 0.19326951 0.6674208 37 99 235
-0.36823162 -0.11983634 0.37439394 37 99 235
-0.091250837 -0.014242557 0.41885388 37 99 235
-0.033329926 -0.0011658907 -0.63915175 37 99 235
0.0079871109 0.092744954 -0.53187364 37 99 235
0.021507008 0.1108725 -0.53365505 37 99 235
-0.13671875 -0.090177871 0.025906187 37 99 235
0.027915837 0.067505009 0.29552737 37 99 235
-0.33288914 -0.21736731 0.26080227 37 99 235
-0.032445915 -0.10094767 -0.72538751 37 99 235
0.035879608 -0.14205009 -0.55369276 37 99 235
0.1048962 -0.11389484 -0.18354376 37 99 235
0.029630257 -0.025877925 -0.76657659 37 99 235
0.3400844 -0.10889141 0.10950873 37 99 235
0.3137933 -0.15015033 -0.028715497 37 99 235
0.33911479 -0.16041642 0.34833083 37 99 235
-0.25779396 -0.11106465 0.27935734 37 99 235
0.43302506 -0.0087576816 0.40359205 37 99 235
0.021560092 -0.22316715 -0.54889482 37 99 235
0.011110242 0.072679549 0.46078551 37 99 235
0.014481697 0.068641722 0.41584715 37 99 235
0.032536931 -0.11693773 0.066071957 37 99 235
-0.13138409 -0.0093421983 -0.291594 37 99 235
-0.12955329 -0.025139127 0.79344332 37 99 235
0.21504872 -0.12378666 0.038277291 37 99 235
0.041506503 0.057778165 0.1675857 37 99 235
-0.097738989 -0.11482222 -0.10721677 37 99 235
-0.02776112 -0.0055102017 0.61981589 37 99 235
0.020304557 -0.20418735 0.16418448 37 99 235
0.097806513 0.023024915 0.006165619 37 99 235
0.19444829 -0.11004724 -0.099642113 37 99 235
-0.39351931 -0.11158975 0.2271025 37 99 235
0.12809302 -0.0021909692 -0.012857684 37 99 235
0.33790511 -0.21431589 0.29589522 37 99 235
-0.029208042 0.059770353 -0.4421472 37 99 235
-0.032630265 0.084340066 -0.48956114 37 99 235
-0.20259166 -0.10254633 0.19839917 37 99 235
0.029308761 -0.11825408 -0.57597733 37 99 235
-0.26538783 -0.10430409 0.091374986 37 99 235
0.0028261021 0.17304447 0.62499893 37 99 235
0.014623438 -0.21501517 0.015891705 37 99 235
0.0083663985 -0.11218811 -0.7429266 37 99 235
0.13579001 -0.075397208 0.14512354 37 99 235
0.094042026 -0.11316548 -0.24320665 37 99 235
-0.13902305 -0.075700559 0.11548386 37 99 235
-0.092421584 -0.11827955 0.43469438 37 99 235
0.049181618 -0.084666051 -0.65265 37 99 235
-0.063696213 -0.049075667 -0.4971365 37 99 235
0.3694554 -0.18844779 0.20969966 37 99 235
0.059868678 0.046936277 -0.26896712 37 99 235
-0.043906223 -0.01776221 0.5652889 37 99 235
-0.069760725 0.030855764 0.28822148 37 99 235
-0.42911386 0.025009155 0.35080224 37 99 235
-0.32149056 -0.10707545 0.15046963 37 99 235
0.36470374 -0.17157909 0.24015579 37 99 235
-0.25036561 -0.10746463 0.24769077 37 99 235
0.13068432 -0.012551904 -0.093615837 37 99 235
-0.095570192 -0.11850253 0.19382803 37 99 235
-0.10743651 0.012174661 0.33736309 37 99 235
0.17126526 -0.12044128 0.020601744 37 99 235
0.36254615 -0.12480817 0.19764192 37 99 235
-0.072989628 0.026581686 0.33192879 37 99 235
0.04993001 -0.079870299 -0.70437682 37 99 235
0.37226999 -0.11316664 0.30378208 37 99 235
-0.35614106 -0.15062158 0.13314366 37 99 235
-0.2446748 -0.13044235 0.13826527 37 99 235
-0.090469457 0.027057543 -0.021297967 37 99 235
-0.11991303 -0.063508429 0.43030062 37 99 235
0.057318088 -0.055769466 -0.6572848 37 99 235
-0.2265064 -0.10850472 0.091484465 37 99 235
-0.30779314 -0.18880838 0.2017304 37 99 235
-0.43188193 -0.10693965 0.18498223 37 99 235
-0.04709661 -0.01282531 0.56392449 37 99 235
0.032084275 -0.17175566 0.21929659 37 99 235
0.092867792 -0.11679468 0.053536683 37 99 235
-0.017484277 0.027344156 0.80776525 37 99 235
-0.040228598 0.055541951 -0.41060907 37 99 235
0.033674322 -0.0084617408 -0.52854407 37 99 235
0.0054570367 0.15388395 0.68058902 37 99 235
-0.14960639 -0.086861365 -0.093986146 37 99 235
-0.018842971 -0.15047297 0.23264197 37 99 235
-0.12954749 -0.022097733 0.33951166 37 99 235
0.068098523 -0.043915562 -0.44969162 37 99 235
-0.2468774 -0.10706606 0.24371816 37 99 235
-0.1154376 0.015799792 -0.35313413 37 99 235
-0.02325448 -0.11303905 -0.25376004 37 99 235
0.1236546 -0.0037765389 0.30623028 37 99 235
-0.026506566 -0.10705641 -0.68682075 37 99 235
-0.076287739 0.029377626 0.055814397 37 99 235
0.3769716 -0.1645392 0.23093785 37 99 235
0.06208704 -0.11430293 -0.14954226 37 99 235
-0.13040935 -0.0098693417 0.0031981159 37 99 235
0.041637041 -0.10012656 -0.55778587 37 99 235
0.00066132413 0.074677192 0.34981948 37 99 235
0.10199378 0.015840039 0.30371404 37 99 235
0.0099225957 0.087696016 0.5823319 37 99 235
0.094450109 -0.11591022 -0.018683368 37 99 235
-0.032573454 0.059988521 -0.36622828 37 99 235
0.071130402 -0.11984529 0.30349237 37 99 235
0.028336992 0.091477692 -0.36560225 37 99 235
-0.30903408 -0.19479817 0.16308665 37 99 235
0.23289777 -0.13033175 0.037311468 37 99 235
0.43228054 -0.01019736 0.39670295 37 99 235
0.028390734 -0.03083038 -0.78482538 37 99 235
0.17634344 -0.10163745 0.067873694 37 99 235
-0.0058522495 0.12922473 0.73854041 37 99 235
0.041486952 -0.087695912 -0.75224698 37 99 235
-0.21744664 -0.14375708 0.032180533 37 99 235
-0.27431726 -0.12933722 0.11898663 37 99 235
-0.059510868 0.040478371 0.13055418 37 99 235
0.018438354 -0.18121237 -0.18078756 37 99 235
-0.42953041 0.059320357 0.31704682 37 99 235
0.32793781 -0.12686718 0.077499337 37 99 235
-0.057428464 -0.050392184 -0.65186137 37 99 235
-0.16236046 -0.10718165 0.03576114 37 99 235
-0.21684536 -0.10744707 -0.10112707 37 99 235
-0.24090412 -0.13350298 0.10843656 37 99 235
-0.043958679 0.054977775 -0.23790355 37 99 235
0.13579001 -0.042921465 -0.046961557 37 99 235
0.0024172384 0.10017268 0.54280812 37 99 235
0.017303523 -0.1378904 0.020809177 37 99 235
-0.01329994 -0.0023852044 -0.32001206 37 99 235
0.23063223 -0.10470524 -0.065722063 37 99 235
-0.046259657 -0.11689708 0.061870802 37 99 235
0.037509881 -0.11539675 -0.061319072 37 99 235
0.13791418 -0.085755922 0.29753789 37 99 235
0.088903747 0.025182497 0.10443867 37 99 235
-0.27244559 -0.11938795 0.26632151 37 99 235
0.12892036 0.0013460021 -0.29172301 37 99 235
0.39258966 -0.11364698 0.30203211 37 99 235
0.14949013 -0.1169418 0.066102788 37 99 235
0.10180011 -0.11984797 0.41495791 37 99 235
-0.049106374 0.0020770247 -0.55405432 37 99 235
0.42845461 0.077510379 0.40549007 37 99 235
-0.20145458 -0.11011944 0.09117002 37 99 235
-0.31254688 -0.12369531 0.098514445 37 99 235
0.13579001 -0.031658459 0.17670992 37 99 235
0.22914881 -0.10882363 0.1754569 37 99 235
0.27000925 -0.1191375 0.00026069989 37 99 235
-0.43102136 -0.11092217 0.28622839 37 99 235
-0.036934197 -0.11891131 -0.47230551 37 99 235
0.012229378 -0.1169437 0.065896943 37 99 235
0.06275972 -0.043518223 -0.53352743 37 99 235
-0.043304253 0.017169259 -0.43029454 37 99 235
-0.047535226 0.051488213 0.11567914 37 99 235
0.021801461 0.13086487 -0.3659564 37 99 235
0.067963615 0.0087862052 -0.47782525 37 99 235
-0.13576999 -0.033044506 -0.006512444 37 99 235
0.011120174 0.072042398 0.45933291 37 99 235
0.022722045 0.073359847 -0.050410841 37 99 235
-0.22029875 -0.11877892 0.21755256 37 99 235
0.014269533 -0.12844385 0.49518618 37 99 235
0.034611009 0.04955614 -0.4304373 37 99 235
0.060206022 -0.021041699 -0.53130376 37 99 235
0.12364094 -0.078835212 -0.39529115 37 99 235
0.010023955 -0.08073397 -0.82783103 37 99 235
-0.2331038 -0.11795776 -0.061291903 37 99 235
-0.04120018 -0.058313277 -0.78830552 37 99 235
0.034312259 -0.15605497 -0.038213044 37 99 235
0.0060747094 -0.010156157 -0.58614326 37 99 235
0.35792989 -0.20985137 0.28709012 37 99 235
-0.018431351 -0.094686761 -0.78899598 37 99 235
0.19289201 -0.12406059 -0.19870906 37 99 235
-0.0033644834 -0.12292074 0.44915396 37 99 235
0.00087694853 0.079504281 -0.075759545 37 99 235
-0.070891857 -0.06825757 -0.37921971 37 99 235
0.04642399 0.015341546 0.53458512 37 99 235
0.34665471 -0.12002712 0.35088661 37 99 235
0.012104322 -0.14247036 0.12192269 37 99 235
-0.028428374 -0.16579026 0.25432375 37 99 235
0.21788432 -0.12547617 -0.03894924 37 99 235
-0.023724996 0.0037988459 0.69390213 37 99 235
-0.19770887 -0.15330181 -0.077602379 37 99 235
-0.039011147 -0.18556133 0.00086754659 37 99 235
0.14211512 -0.10127535 0.30616578 37 99 235
-0.030000092 -0.13351181 0.50034982 37 99 235
0.00060448149 0.12176561 0.8323974 37 99 235
0.30359775 -0.20068766 0.057611633 37 99 235
-0.43105158 -0.06872943 0.33102915 37 99 235
-0.3661004 -0.19404869 0.0098962169 37 99 235
0.067398861 -0.035099201 -0.46805224 37 99 235
-0.023160206 -0.11625645 0.0098350802 37 99 235
-0.014951915 0.013764366 0.73020792 37 99 235
0.34417611 -0.15178354 0.13508406 37 99 235
-0.13598771 -0.12029564 0.33607507 37 99 235
-0.035423387 -0.15349165 0.014663384 37 99 235
0.31455854 -0.14834553 0.053145193 37 99 235
-0.089290544 -0.024080515 -0.36752275 37 99 235
0.23308429 -0.098095432 0.039565627 37 99 235
-0.34305051 -0.20666206 -0.064359166 37 99 235
-0.13725495 -0.051553689 -0.22482094 37 99 235
-0.036058966 0.051353309 -0.30031711 37 99 235
-0.27049518 -0.23799151 0.11236131 37 99 235
0.033170082 0.00099267112 -0.62741351 37 99 235
0.0049230424 0.072972454 0.37569967 37 99 235
-0.30987567 -0.19882208 0.056348216 37 99 235
0.0048614023 0.15148315 -0.32865605 37 99 235
0.017074574 0.14268103 -0.52426344 37 99 235
0.03298007 -0.069978043 -0.80881143 37 99 235
-0.033981819 0.052275166 -0.38100487 37 99 235
-0.061011646 -0.0083008073 -0.51610905 37 99 235
0.034665585 0.065768003 -0.13385692 37 99 235
-0.00012415374 0.074418724 0.77371663 37 99 235
0.0054859961 0.06674052 0.43014428 37 99 235
-0.0271117 0.061744597 0.42955628 37 99 235
-0.044461932 -0.10177007 -0.45335087 37 99 235
-0.043379433 -0.044826534 -0.76896149 37 99 235
0.018353485 -0.14569031 -0.076966777 37 99 235
0.0047610537 -0.019059999 -0.51509684 37 99 235
-0.42540056 -0.11837948 0.26797327 37 99 235
-0.030693745 -0.10209702 -0.73140872 37 99 235
-0.053819921 -0.069515951 -0.695337 37 99 235
0.019990332 0.058950871 0.57403564 37 99 235
0.30055895 -0.12536134 0.19571584 37 99 235
0.049803223 -0.1115981 -0.38569465 37 99 235
-0.069529369 -0.009565738 0.43456897 37 99 235
0.13579001 -0.034155272 0.16066083 37 99 235
0.26619852 -0.10070656 0.15136544 37 99 235
-0.13784939 -0.028233986 -0.2469492 37 99 235
0.22574323 -0.11526423 0.29439521 37 99 235
-0.43332392 -0.095772222 0.20863532 37 99 235
-0.0032431029 0.17818135 -0.33925673 37 99 235
0.27979651 -0.13389713 0.095932744 37 99 235
0.051884238 0.052953988 -0.30429196 37 99 235
0.0016233856 0.089695565 0.48972216 37 99 235
-0.048509162 -0.10729536 -0.42256469 37 99 235
-0.061902866 -0.066116221 -0.49278182 37 99 235
-0.0082889572 -0.11290707 -0.26399496 37 99 235
-0.25098613 -0.1046194 0.20130384 37 99 235
0.046102319 -0.1187667 0.21460432 37 99 235
0.074143395 0.024626475 0.34164387 37 99 235
-0.2412401 -0.12883963 0.13263685 37 99 235
-0.054555714 -0.11620724 0.0058194636 37 99 235
0.36086792 -0.20585884 0.24989581 37 99 235
-0.034706175 0.046146106 -0.51196712 37 99 235
-0.20426826 -0.10516696 -0.10264941 37 99 235
-0.42301771 -0.11438885 0.21190548 37 99 235
-0.16812651 -0.12047664 -0.21731338 37 99 235
0.062268581 -0.11375511 -0.19485046 37 99 235
-0.24645746 -0.14215511 -0.05187545 37 99 235
0.057342101 0.036259748 0.35803601 37 99 235
0.060261942 0.008809329 0.73833966 37 99 235
-0.060401522 -0.019638766 0.5183481 37 99 235
-0.064231761 -0.08572346 -0.46651503 37 99 235
-0.36384371 -0.19805205 0.13929507 37 99 235
-0.052421857 0.048380282 -0.07631851 37 99 235
0.00046557424 0.17616811 0.6127221 37 99 235
-0.035453033 -0.038527496 -0.7795797 37 99 235
-0.36581963 -0.11866721 0.20700254 37 99 235
0.29828909 -0.15677959 0.17543803 37 99 235
0.13579001 -0.035901714 -0.10328498 37 99 235
-0.041040096 -0.11558657 -0.045269739 37 99 235
-0.14446028 -0.1186757 0.20817843 37 99 235
-0.20528902 -0.15395758 -0.011915067 37 99 235
0.33091256 -0.19081272 -0.11231113 37 99 235
-0.0018868179 -0.12075047 0.35510415 37 99 235
0.022372002 -0.081214219 -0.81883067 37 99 235
-0.076626658 -0.026705712 -0.37054527 37 99 235
-0.09036465 0.026300592 -0.041253734 37 99 235
0.095218122 -0.11277863 -0.27558392 37 99 235
0.036229104 -0.11694035 0.066272765 37 99 235
0.028070532 0.068008296 0.31149447 37 99 235
0.015835458 0.039581053 0.71162128 37 99 235
0.1561802 -0.099191628 0.1733721 37 99 235
0.0043577347 -0.22361228 -0.57867527 37 99 235
0.13285354 -0.089520946 0.35185066 37 99 235
-0.13620263 -0.091520585 0.06068312 37 99 235
0.13532822 -0.071361512 -0.30454206 37 99 235
-0.012851271 0.10507543 -0.44277543 37 99 235
-0.0079119792 -0.13947833 -0.083053507 37 99 235
-0.23106341 -0.11856908 0.19923401 37 99 235
-0.032842502 -0.17423216 0.20412257 37 99 235
-0.078866534 -0.11164764 -0.3674514 37 99 235
-0.40747893 -0.10683787 0.19730017 37 99 235
0.25145194 -0.14243397 -0.02059615 37 99 235
0.32442406 -0.21198756 0.25578722 37 99 235
0.08594209 0.028048076 -0.044337112 37 99 235
-0.36825484 -0.19069371 0.11138661 37 99 235
-0.13474107 -0.082227737 0.33573726 37 99 235
0.011847096 -0.11138126 -0.38963312 37 99 235
0.1513916 -0.037717901 0.82133985 37 99 235
-0.28971258 -0.14904493 0.13802201 37 99 235
0.028157214 0.066292033 0.35556322 37 99 235
0.047656834 -0.020187268 -0.66794205 37 99 235
0.068245701 -0.023242749 -0.44351763 37 99 235
0.035235394 0.059931401 0.39212137 37 99 235
0.071848042 -0.017076096 -0.39854142 37 99 235
0.032388657 0.034166154 0.61806536 37 99 235
0.43231443 -0.094027773 0.25352308 37 99 235
-0.0072051878 -0.099076189 0.47692066 37 99 235
0.025885388 -0.20687255 0.032504216 37 99 235
0.0014555213 0.20171556 0.81863356 37 99 235
0.26246285 -0.13135014 0.12758599 37 99 235
-0.044230446 -0.090885147 -0.68532181 37 99 235
-0.4219543 -0.11982553 0.35463029 37 99 235
-0.068842039 0.0039424645 -0.43455869 37 99 235
0.42043689 -0.10962312 0.18302099 37 99 235
0.35447416 -0.12392498 0.19137539 37 99 235
0.035293501 0.06800393 -0.094890967 37 99 235
0.13579001 -0.053280998 0.29083663 37 99 235
0.0011098547 0.084738873 -0.17630164 37 99 235
0.0592825 -0.01875139 0.51712281 37 99 235
-0.13576999 -0.027560426 -0.03925911 37 99 235
-0.047568485 0.054690637 -0.14298949 37 99 235
-0.05676144 -0.11375055 -0.19522178 37 99 235
-0.42942432 0.059592433 0.39181519 37 99 235
-0.28592524 -0.18471591 0.12574548 37 99 235
-0.11967985 -0.13093781 0.082219779 37 99 235
0.31535995 -0.11354257 0.22238851 37 99 235
0.01304792 -0.11764964 0.1237188 37 99 235
0.048094351 -0.11422244 -0.15677568 37 99 235
0.026449351 -0.10634808 -0.71953678 37 99 235
-0.33615878 -0.16071586 -0.095526062 37 99 235
-0.014904759 0.058088463 -0.30456153 37 99 235
-0.16073243 -0.11681582 0.056278575 37 99 235
-0.13719903 -0.026470551 -0.2227304 37 99 235
0.18931948 -0.10675237 0.085167073 37 99 235
0.02735626 -0.16555735 -0.14875087 37 99 235
-0.025904676 -0.17640013 -0.58381474 37 99 235
0.011369445 0.053905085 -0.45132372 37 99 235
-0.12290146 0.0012235895 0.20157482 37 99 235
0.00072510587 0.12342826 0.49008539 37 99 235
-0.31038883 -0.19397259 0.31631503 37 99 235
0.32596374 -0.15958977 0.064034365 37 99 235
-0.13397352 -0.023315879 0.045510229 37 99 235
-0.063839853 0.038182218 -0.35940865 37 99 235
0.019810654 -0.048166282 0.51670265 37 99 235
0.13842386 -0.0857151 0.10426138 37 99 235
-0.28445163 -0.11371813 -0.0045528463 37 99 235
0.35953495 -0.20756376 0.092367999 37 99 235
0.016957577 -0.11408034 -0.1685074 37 99 235
-0.021212177 -0.2018083 -0.087491296 37 99 235
0.098451361 -0.01341295 0.80618274 37 99 235
-0.3654727 -0.16840345 0.14775218 37 99 235
-0.29110128 -0.10596725 0.17544441 37 99 235
0.065653525 -0.11531546 -0.066847704 37 99 235
0.12246904 -0.039126884 0.40516102 37 99 235
0.11347602 0.012359659 -0.13387668 37 99 235
-0.13600382 -0.082609981 0.17698 37 99 235
-0.31604713 -0.2059219 0.023923149 37 99 235
0.26621732 -0.13356897 0.15053736 37 99 235
-0.13509588 -0.050221264 0.32162806 37 99 235
0.0031969 -0.072361283 -0.46109352 37 99 235
0.008166167 0.079108648 -0.21866244 37 99 235
0.055345841 -0.11861917 0.20278826 37 99 235
0.0093975337 0.071939006 0.71137398 37 99 235
0.057006948 -0.036999572 -0.62730676 37 99 235
0.28385797 -0.16613322 0.13862215 37 99 235
0.13508208 -0.047365122 0.31781971 37 99 235
-0.18237595 -0.10183729 0.18892755 37 99 235
0.074237086 0.035862524 -0.39791954 37 99 235
-0.05556516 -0.087471373 -0.49581778 37 99 235
-0.42937359 0.0035780712 0.34462416 37 99 235
-0.024276165 -0.15510891 0.22493155 37 99 235
-0.0082351975 -0.142299 0.13284771 37 99 235
-0.18360764 -0.11195849 0.26960108 37 99 235
0.13324945 -0.064313605 0.34855574 37 99 235
0.20755625 -0.11221348 -0.14072318 37 99 235
0.049856253 -0.02312487 -0.48707533 37 99 235
-0.052487183 0.048735768 -0.24496658 37 99 235
0.031756513 -0.005968648 -0.32917434 37 99 235
-0.032603346 -0.15380284 -0.040732983 37 99 235
-0.35255286 -0.10954328 0.24655424 37 99 235
-0.14772591 -0.11875328 0.13144585 37 99 235
0.0095699951 -0.012913497 -0.46609637 37 99 235
0.10437774 -0.012232519 0.76438689 37 99 235
0.0216852 -0.00070211897 -0.69574082 37 99 235
-0.039167482 -0.16667581 0.13311525 37 99 235
-0.21268837 -0.11991687 0.32257217 37 99 235
0.3245953 -0.15590715 0.056104042 37 99 235
0.12291831 -0.029659856 -0.40809819 37 99 235
0.099721409 0.023908325 -0.046684589 37 99 235
-0.088453844 -0.12049869 0.3442623 37 99 235
-0.13819318 -0.11419016 0.19978277 37 99 235
-0.0013207566 -0.21070713 -0.52536559 37 99 235
0.31090739 -0.19787247 0.061527126 37 99 235
-0.057791945 -0.06797494 -0.56386167 37 99 235
0.13526784 -0.012733627 0.042444836 37 99 235
-0.067388542 0.037697554 0.029607937 37 99 235
0.43651229 -0.061921302 0.37385291 37 99 235
-0.23400448 -0.11876015 0.2150819 37 99 235
-0.13699827 -0.085768424 -0.21604522 37 99 235
-0.23064844 -0.13706957 -0.034541551 37 99 235
-0.43147275 0.027397998 0.39536035 37 99 235
0.048165623 0.0017778116 0.55328637 37 99 235
0.3367523 -0.15186165 -0.050959013 37 99 235
0.38383213 -0.10552599 0.18427706 37 99 235
0.021155534 -0.022704102 -0.30692354 37 99 235
0.11374305 0.017919138 -0.36143774 37 99 235
0.020475373 -0.14805716 -0.12488185 37 99 235
0.39019069 -0.11079708 0.24147306 37 99 235
-0.36064234 -0.16370179 -0.020194914 37 99 235
0.13579001 -0.030505512 0.13568307 37 99 235
-0.29062012 -0.10337523 0.21184668 37 99 235
0.32681441 -0.21487245 0.2389861 37 99 235
0.024803046 -0.19846568 0.15874325 37 99 235
-0.12251565 0.0045606364 -0.043569129 37 99 235
0.34566787 -0.11997382 0.35369256 37 99 235
-0.006386165 -0.040169202 0.57697821 37 99 235
-0.087108865 0.024965838 0.18787865 37 99 235
-0.030621797 -0.1998744 -0.017370513 37 99 235
-0.36797893 -0.17520203 -0.025381515 37 99 235
0.0051991618 0.10429887 -0.52031243 37 99 235
0.26562825 -0.11005643 -0.0041455142 37 99 235
0.073988445 -0.11863738 0.20484361 37 99 235
0.20296235 -0.060399301 0.78843349 37 99 235
0.022585176 -0.1473497 0.12673962 37 99 235
-0.045547675 -0.089662954 -0.60884637 37 99 235
-0.11941502 0.0047005177 0.25990686 37 99 235
0.047226258 0.049764555 0.29221338 37 99 235
0.039239004 -0.10186934 -0.51156092 37 99 235
0.14512978 -0.029046005 0.72687906 37 99 235
-0.022848748 0.10631615 -0.39465106 37 99 235
-0.12262544 -0.10918777 0.093999639 37 99 235
-0.13576999 -0.056221802 -0.039978314 37 99 235
0.013299799 -0.1201545 0.32758841 37 99 235
0.0083480673 0.04951321 -0.22849554 37 99 235
-0.026202187 -0.18578249 -0.14526416 37 99 235
-0.16357033 -0.10190295 0.15574317 37 99 235
0.045551065 0.042507663 0.44835234 37 99 235
0.035441142 0.048218224 -0.33261994 37 99 235
-0.20172423 -0.12807894 -0.026029145 37 99 235
0.1453997 -0.11373994 0.040058039 37 99 235
-0.045358501 -0.11769587 0.12796786 37 99 235
-0.18603626 -0.11946186 0.35058638 37 99 235
0.39381489 -0.11660294 0.34746185 37 99 235
0.1790732 -0.12406162 -0.071688019 37 99 235
-0.012051471 0.17562763 -0.34234765 37 99 235
-0.062585615 0.038139541 0.12343846 37 99 235
-0.040935867 -0.011331137 -0.34393337 37 99 235
-0.034733474 -0.17887947 0.17628606 37 99 235
-0.11686531 -0.11243448 0.40534717 37 99 235
0.069710948 -0.02458198 -0.41271451 37 99 235
-0.080877088 -0.12070695 0.35331598 37 99 235
0.055634663 -0.033145744 -0.6263513 37 99 235
0.078231677 -0.12000232 0.3162885 37 99 235
0.31316423 -0.16727044 0.26483333 37 99 235
0.34548101 -0.1217537 0.26486769 37 99 235
0.058444623 -0.020807508 0.50684738 37 99 235
0.010547603 -0.030095652 -0.44850764 37 99 235
0.33390749 -0.14977027 -0.032046881 37 99 235
0.43467179 -0.035246164 0.34745267 37 99 235
-0.42988995 0.025400639 0.39012173 37 99 235
-0.045877341 -0.02561322 -0.70444161 37 99 235
0.43240049 -0.11088242 0.38498527 37 99 235
-0.060610969 0.037659243 0.15751866 37 99 235
0.13676381 -0.04875616 -0.2058645 37 99 235
0.12947209 -0.0020169381 -0.31184679 37 99 235
-0.0024787094 -0.11382934 -0.7220903 37 99 235
0.19228771 -0.13905451 -0.1689834 37 99 235
0.014852462 -0.14535579 -0.57759482 37 99 235
0.13579001 -0.052709308 0.02383274 37 99 235
-0.0057044835 0.074937217 0.24653216 37 99 235
0.074375547 -0.11444715 -0.13764635 37 99 235
0.025920741 0.1565675 -0.36931363 37 99 235
-0.26157913 -0.11208058 0.084317185 37 99 235
-0.033965085 -0.18163994 0.17403519 37 99 235
-0.23831812 -0.13051569 0.11293517 37 99 235
-0.13370581 -0.10848834 -0.036468565 37 99 235
-0.20664613 -0.060410265 0.81841022 37 99 235
0.052722797 0.044130985 0.32763061 37 99 235
-0.068804346 0.015539403 0.38338679 37 99 235
-0.18818328 -0.096528947 0.050251134 37 99 235
-0.43467471 -0.10664067 0.31283879 37 99 235
0.025991717 -0.20637773 0.11448012 37 99 235
-0.16725872 -0.09147957 0.0018216394 37 99 235
-0.34348226 -0.12030998 0.34223649 37 99 235
0.34270683 -0.21360733 0.31391981 37 99 235
-0.031267397 -0.039776482 -0.78992081 37 99 235
-0.03638117 0.06608022 -0.19193326 37 99 235
0.13579001 -0.053998448 0.22193292 37 99 235
-0.34466088 -0.12956162 0.13760048 37 99 235
-0.01093555 -0.11805147 0.069730945 37 99 235
0.039487019 -0.10537066 -0.55714208 37 99 235
-0.13576999 -0.065048061 0.11290561 37 99 235
0.17701241 -0.12352727 -0.066211984 37 99 235
0.36327958 -0.10658086 0.25785303 37 99 235
-0.27405924 -0.12784149 -0.090629496 37 99 235
-0.019153144 -0.021978287 -0.32077375 37 99 235
-0.30634937 -0.13316371 -0.060617834 37 99 235
-0.43166193 0.02420694 0.38210094 37 99 235
0.13579001 -0.027715713 0.22507061 37 99 235
0.1144884 0.013730134 -0.0023839576 37 99 235
0.11236334 -0.057490256 0.46413475 37 99 235
0.0086083412 -0.11969135 0.29169887 37 99 235
-0.1284849 -0.1140351 -0.17226949 37 99 235
-0.22531177 -0.11854491 0.19741589 37 99 235
-0.090851717 0.025166264 0.077412002 37 99 235
-0.43439448 -0.033800635 0.32716167 37 99 235
-0.061109796 -0.10198889 -0.44342706 37 99 235
-0.33367801 -0.13580559 0.26388323 37 99 235
0.005497463 -0.14545168 0.26442057 37 99 235
0.039382555 0.014851894 -0.43976539 37 99 235
-0.044080317 0.012319873 0.69482732 37 99 235
-0.00058346917 -0.11316855 -0.24276876 37 99 235
-0.0033975646 -0.11346143 -0.21871261 37 99 235
-0.13576999 -0.068751231 0.075276949 37 99 235
0.42924932 0.059652902 0.30916885 37 99 235
0.32065457 -0.20195997 -0.052304011 37 99 235
0.019644717 0.020764602 0.79638451 37 99 235
0.30801347 -0.18667907 -0.018200617 37 99 235
0.31270266 -0.20402618 0.094246455 37 99 235
0.15992136 -0.12013239 -0.005540465 37 99 235
-0.41698685 -0.11658932 0.16090219 37 99 235
0.23206718 -0.12305135 -0.10240851 37 99 235
0.031148816 -0.17193332 -0.53790587 37 99 235
0.055207577 -0.01338785 0.54074806 37 99 235
0.021975771 -0.11991555 -0.56402338 37 99 235
-0.030637786 -0.11638834 0.020571446 37 99 235
0.0038111347 0.17087999 0.68478221 37 99 235
-0.023165803 0.071949087 0.17535736 37 99 235
-0.13576999 -0.064505965 -0.0049444186 37 99 235
0.029166616 -0.10664805 -0.43220946 37 99 235
0.35003117 -0.16498995 0.3203629 37 99 235
-0.027121626 -0.11971749 0.29279208 37 99 235
-0.13576999 -0.04869749 0.27026412 37 99 235
0.00031299467 -0.14088093 -0.50685036 37 99 235
-0.10426804 -0.11577766 -0.028912084 37 99 235
0.13579001 -0.047182478 -0.015208398 37 99 235
-0.31802586 -0.16207902 0.2833814 37 99 235
-0.30184531 -0.17247632 -0.15343557 37 99 235
-0.014098696 0.14283076 -0.32430869 37 99 235
-0.13576999 -0.041415714 -0.068709858 37 99 235
-0.34928685 -0.21221913 0.056826159 37 99 235
-0.20202346 -0.10593288 -0.092906095 37 99 235
0.032656997 0.083504878 -0.49044836 37 99 235
0.0029003136 -0.19496046 0.28467041 37 99 235
0.31927654 -0.18603234 -0.11168078 37 99 235
-0.023548076 0.084012829 -0.39817166 37 99 235
-0.030020826 0.095134981 -0.47270581 37 99 235
-0.13515639 -0.096281506 -0.29524842 37 99 235
-0.010259299 -0.17898659 -0.21740831 37 99 235
0.13579001 -0.063749149 0.05178187 37 99 235
0.029632665 -0.17715535 -0.13680883 37 99 235
-0.26789942 -0.1008051 0.15503012 37 99 235
-0.070629358 -0.049730293 -0.4254998 37 99 235
0.039517026 0.06370122 -0.30450425 37 99 235
-0.13139781 -0.074417904 0.36334541 37 99 235
-0.0086834282 -0.15064357 0.16495423 37 99 235
0.20432211 -0.11435937 0.15785773 37 99 235
0.0057348004 0.15038203 0.70930117 37 99 235
-0.071114533 0.03564873 0.0276844 37 99 235
0.086743928 0.02843133 -0.093908653 37 99 235
0.033328556 0.0074096452 0.71288514 37 99 235
-0.25477922 -0.13090263 -0.072140582 37 99 235
-0.028690316 0.15174751 -0.52198559 37 99 235
0.13979748 -0.11258432 -0.20655718 37 99 235
-0.33006284 -0.15030359 0.0067397743 37 99 235
-0.02502175 -0.11336686 -0.22680479 37 99 235
-0.35894889 -0.15085463 0.23833337 37 99 235
0.0030820752 0.084532171 0.69753158 37 99 235
0.033398673 -0.02682294 0.5321731 37 99 235
-0.0016250587 0.18047382 0.77217048 37 99 235
-0.027629485 -0.015513366 -0.44326243 37 99 235
-0.31178343 -0.17385697 -0.1538146 37 99 235
-0.31814802 -0.13991518 -0.055865955 37 99 235
0.013813797 -0.11974151 0.53306836 37 99 235
0.13781591 -0.088118181 -0.10485703 37 99 235
-0.0096819913 -0.22047867 -0.55169797 37 99 235
0.27441046 -0.18615316 0.099167258 37 99 235
0.027894117 0.10955428 -0.32841614 37 99 235
0.01455874 0.091621891 -0.40853751 37 99 235
-0.10427464 -0.11816964 0.41485253 37 99 235
0.030351123 0.0077362917 0.7269094 37 99 235
0.12869866 -0.042289522 0.37602994 37 99 235
-0.007689856 -0.14240982 -0.13449331 37 99 235
0.423935 -0.10711807 0.13497953 37 99 235
-0.026277101 -0.18829837 -0.14540766 37 99 235
0.057818491 -0.029805819 0.49625382 37 99 235
0.33563107 -0.17744645 0.42241141 37 99 235
-0.0085193431 0.00314718 -0.43594247 37 99 235
0.42954156 0.0071936077 0.35066453 37 99 235
0.12020296 0.007094929 -0.077983394 37 99 235
-0.33043078 -0.13031161 -0.020026086 37 99 235
0.2270294 -0.098673455 0.10609061 37 99 235
-0.053044923 -0.037663113 -0.68088996 37 99 235
-0.35190412 -0.12597327 0.2350587 37 99 235
0.35411397 -0.20981643 0.036215998 37 99 235
0.20741256 -0.14443317 -0.12850632 37 99 235
-0.12568025 -0.0041370057 0.23749791 37 99 235
0.039870195 -0.18750417 0.093223043 37 99 235
-0.030916385 -0.11003085 -0.50951749 37 99 235
-0.12664108 -0.00080812711 0.012690291 37 99 235
-0.35786664 -0.20126131 0.31476763 37 99 235
0.01424268 -0.14421263 -0.10436936 37 99 235
-0.013120141 0.10945532 -0.49406958 37 99 235
0.24947409 -0.14243132 -0.02662104 37 99 235
-0.057672545 -0.11784943 0.1406789 37 99 235
-0.024186665 0.0254863 0.71823657 37 99 235
-0.3839002 -0.1101294 0.28947026 37 99 235
0.31357571 -0.20635882 0.26957121 37 99 235
0.1383106 -0.092131257 -0.24120843 37 99 235
-0.13166325 -0.016278449 -0.33220273 37 99 235
-0.11640364 -0.12355963 0.1120132 37 99 235
-0.03302557 0.017551275 0.80093217 37 99 235
-0.43257162 -0.064117648 0.20608 37 99 235
0.037535951 -0.092058383 -0.75711912 37 99 235
0.35819513 -0.19132924 0.34545723 37 99 235
0.024569424 0.041100405 0.6357066 37 99 235
0.24066688 -0.11115937 -0.093468592 37 99 235
0.0094293691 0.087492175 0.60132289 37 99 235
0.11931568 -0.1184974 0.19276509 37 99 235
-0.21687937 -0.11011381 -0.095019273 37 99 235
0.42872599 0.018382527 0.28108454 37 99 235
-0.00052900263 -0.013857782 -0.4276607 37 99 235
-0.022591749 0.019555911 0.8201465 37 99 235
0.05410235 0.050514556 -0.28419727 37 99 235
-0.3440229 -0.10838083 0.27112406 37 99 235
0.13394135 -0.053619362 -0.31642348 37 99 235
-0.084002748 -0.11916844 0.45005554 37 99 235
-0.13576999 -0.075845078 -0.065569296 37 99 235
-0.0095394198 -0.025441112 -0.79483861 37 99 235
0.066278651 -0.1040929 -0.44400448 37 99 235
-0.028476238 0.014567649 0.67284763 37 99 235
0.042882148 0.038600285 0.49110654 37 99 235
0.13299637 -0.015216156 -0.18556018 37 99 235
-0.038128048 -0.00014550911 -0.60377121 37 99 235
-0.13158497 -0.04146276 0.35993111 37 99 235
-0.37088764 -0.10539751 0.21360426 37 99 235
0.03097683 0.072996236 -0.34744716 37 99 235
0.13579001 -0.10383886 -0.16211604 37 99 235
-0.0052664019 -0.11961368 0.28489363 37 99 235
0.21649003 -0.11091336 -0.12162729 37 99 235
0.42907771 -0.015441946 0.31288809 37 99 235
-0.26094416 -0.1388285 -0.022613654 37 99 235
-0.10801509 -0.070632055 0.47733039 37 99 235
-0.011686966 -0.14580832 0.007033952 37 99 235
-0.011533587 0.075075813 0.19954523 37 99 235
-0.056111254 0.044134568 -0.070294812 37 99 235
0.43077555 0.041469179 0.28001389 37 99 235
-0.095355079 -0.11286357 -0.26858792 37 99 235
-0.30176815 -0.17876504 0.13613802 37 99 235
0.043024961 -0.11090646 -0.47535571 37 99 235
0.36946291 -0.19119453 0.28581023 37 99 235
-0.13576999 -0.045500983 -0.1504222 37 99 235
0.33415988 -0.21622454 0.11911789 37 99 235
0.12044176 0.0020700919 0.31458458 37 99 235
-0.0074963644 -0.1877059 -0.20577061 37 99 235
-0.033098396 -0.18222582 0.1884197 37 99 235
0.32389838 -0.14416133 0.38751858 37 99 235
0.27936453 -0.21035703 0.086211301 37 99 235
-0.17584257 -0.11136108 -0.097720213 37 99 235
0.13579001 -0.049800158 0.22279091 37 99 235
-0.43280527 -0.063981228 0.2152935 37 99 235
-0.0004495669 -0.11825016 0.17279783 37 99 235
-0.010538446 -0.1663489 0.33174488 37 99 235
0.057383608 -0.007665256 0.50410831 37 99 235
-0.22038545 -0.067341462 0.81825441 37 99 235
0.39592063 -0.10772645 0.18803859 37 99 235
0.05072473 -0.11574966 -0.032299176 37 99 235
-0.43660653 -0.076576069 0.36623451 37 99 235
0.10139881 0.024297759 -0.095435075 37 99 235
-0.029694231 -0.16210712 -0.12359608 37 99 235
0.029107729 -0.058639053 -0.82054245 37 99 235
0.36310372 -0.17510512 0.21659411 37 99 235
-0.092328444 -0.12089854 0.39524671 37 99 235
0.25385317 -0.12759721 0.16325183 37 99 235
0.075943418 -0.006766696 0.6769188 37 99 235
-0.12873362 -0.10604748 0.10421646 37 99 235
-0.04958234 0.029311383 -0.41842964 37 99 235
0.13059311 -0.005373646 0.0062671835 37 99 235
-0.12378976 -0.080327854 -0.40540454 37 99 235
0.030758385 -0.16219315 -0.10157599 37 99 235
-0.13748439 -0.10267206 -0.012472865 37 99 235
0.025022937 -0.19895005 0.19455507 37 99 235
0.35349944 -0.21089916 0.062471345 37 99 235
-0.32214898 -0.15590754 0.12554438 37 99 235
0.1441332 -0.10065343 -0.19067168 37 99 235
-0.20016795 -0.097257406 0.072726004 37 99 235
0.0494163 -0.11507988 -0.086596064 37 99 235
0.040209211 -0.099680319 -0.53955507 37 99 235
0.0083873887 0.10622074 0.68755054 37 99 235
0.11443755 -0.073052622 -0.40878877 37 99 235
-0.20564702 -0.14696814 -0.17980024 37 99 235
-0.024956122 0.05602181 0.53884083 37 99 235
0.035254378 -0.11655064 0.033795662 37 99 235
-0.075913921 0.035748996 -0.35912523 37 99 235
-0.11440469 0.011339659 0.14553481 37 99 235
0.13759068 -0.068155177 -0.23688266 37 99 235
-0.25060749 -0.11001553 0.20894279 37 99 235
-0.26831922 -0.22262684 0.11845891 37 99 235
0.043364011 0.059227671 -0.24687524 37 99 235
0.42891133 -0.054457221 0.29452926 37 99 235
0.04984523 -0.011698225 -0.46742862 37 99 235
-0.24169654 -0.11398549 -0.055948235 37 99 235
0.13860172 -0.12423268 0.10324316 37 99 235
-0.20721178 -0.11798482 -0.028369475 37 99 235
-0.36824107 -0.18722694 0.12966436 37 99 235
0.35358348 -0.12757681 0.19349299 37 99 235
0.34272069 -0.19830257 0.3775464 37 99 235
0.021489961 0.023486089 0.73843116 37 99 235
0.33753383 -0.12233103 0.24861181 37 99 235
-0.2197299 -0.097749591 0.053027127 37 99 235
-0.041920327 -0.029990157 -0.74665499 37 99 235
0.31212458 -0.16862178 0.056450319 37 99 235
0.30802262 -0.17326583 0.12704943 37 99 235
0.43067342 0.039776213 0.40545744 37 99 235
0.020621104 0.0061864471 -0.25932273 37 99 235
-0.29787555 -0.17234893 -0.1524688 37 99 235
-0.088865817 -0.1184011 0.18571687 37 99 235
0.0022453896 -0.074506417 0.48240206 37 99 235
-0.067450769 -0.11844371 0.18883719 37 99 235
0.34181193 -0.14126801 0.065056652 37 99 235
-0.0035088435 0.14430358 0.7620694 37 99 235
0.18341666 -0.12286624 -0.20153037 37 99 235
0.024175759 -0.026071735 0.57027262 37 99 235
-0.18675314 -0.12575904 0.0024020823 37 99 235
-0.18748194 -0.11963543 0.34739184 37 99 235
-0.079124227 -0.11484104 -0.10580858 37 99 235
0.43657702 -0.064610682 0.39447162 37 99 235
0.34141958 -0.10439324 0.21479923 37 99 235
-0.31655103 -0.18898942 -0.087586537 37 99 235
1.1200243e-05 0.16097297 0.63376701 37 99 235
-0.30571175 -0.18579391 0.15838839 37 99 235
-0.017132575 -0.052415974 -0.45385799 37 99 235
0.050101168 0.0045313803 0.53173232 37 99 235
0.089606777 0.022665991 0.30983302 37 99 235
-0.096767716 -0.010286779 0.79536653 37 99 235
-0.28429264 -0.2038842 0.099991895 37 99 235
0.042642266 -0.11320477 -0.2400022 37 99 235
0.40863046 -0.11427312 0.19983384 37 99 235
0.030755177 -0.11265323 -0.28548315 37 99 235
-0.06217128 0.038819112 0.095665306 37 99 235
-0.047831729 -0.088182539 -0.59374034 37 99 235
0.049040534 -0.12304805 0.45455554 37 99 235
0.13795702 -0.017085273 -0.25837293 37 99 235
-0.016533652 -0.0041250871 -0.7224682 37 99 235
-0.20112734 -0.10715818 0.16398601 37 99 235
-0.13576999 -0.047885809 -0.066949196 37 99 235
0.015739236 -0.11213031 -0.32811311 37 99 235
0.017166724 0.069092631 0.38010293 37 99 235
0.027773719 0.087544896 -0.50665289 37 99 235
0.13237418 -0.11024337 -0.31850132 37 99 235
-0.0043878099 -0.12263834 0.43674815 37 99 235
0.35578647 -0.21166946 0.29114205 37 99 235
-0.20044766 -0.11910764 0.24579147 37 99 235
-0.32880843 -0.21020593 0.028080583 37 99 235
0.11998256 0.0073379125 -0.077212118 37 99 235
0.29897457 -0.11817072 0.20841126 37 99 235
-0.038177762 0.061855249 0.12584886 37 99 235
-0.25649825 -0.11299361 0.2954784 37 99 235
0.048827641 -0.12318457 0.46040004 37 99 235
0.3181777 -0.13054416 0.099272549 37 99 235
0.11050703 0.015990539 -0.057206333 37 99 235
-0.032122783 0.0056303055 -0.45307782 37 99 235
0.0085185235 0.07431601 0.25749207 37 99 235
0.0010943158 -0.11164018 -0.48259839 37 99 235
0.10461256 -0.0062718238 -0.36627963 37 99 235
-0.22401643 -0.10056018 0.17922164 37 99 235
0.34311554 -0.16716963 0.37127301 37 99 235
0.075337999 0.035255097 -0.33222085 37 99 235
-0.014783986 0.075299121 -0.035884358 37 99 235
-0.27823979 -0.11856986 0.19981261 37 99 235
0.43824127 -0.088642679 0.11587076 37 99 235
0.0001729292 -0.014248448 -0.39667603 37 99 235
-0.0033811892 -0.18844239 -0.20572096 37 99 235
0.33462861 -0.21713325 0.16968496 37 99 235
0.00089194346 -0.12800339 0.20328943 37 99 235
0.0018360638 0.20254241 0.80446744 37 99 235
0.11875023 -0.11676522 0.051187281 37 99 235
0.27230328 -0.1216524 0.10029829 37 99 235
0.027347069 -0.11894716 0.2298519 37 99 235
0.34146807 -0.14929277 0.022599202 37 99 235
-0.073373795 0.035217788 -0.38873816 37 99 235
0.29015425 -0.11164238 0.13980082 37 99 235
0.039689589 -0.006576309 -0.63298672 37 99 235
0.27628207 -0.20070028 0.14778903 37 99 235
0.04656224 -0.0045563062 0.65412718 37 99 235
0.07917577 0.00038006413 0.6733771 37 99 235
0.01922759 -0.16217594 -0.16911212 37 99 235
0.23916009 -0.099994287 0.164492 37 99 235
-0.37799838 -0.11563847 0.33721256 37 99 235
0.052439641 0.019774446 0.47597116 37 99 235
0.0041918033 0.10183681 0.52157474 37 99 235
0.25091353 -0.10882138 -0.057822872 37 99 235
-0.43014017 -0.086586654 0.17304656 37 99 235
0.044687383 -0.0051327758 -0.59947968 37 99 235
0.038128182 0.059165958 0.25865376 37 99 235
0.09363766 -0.12133764 0.41723257 37 99 235
0.030461906 -0.10162342 -0.72949052 37 99 235
0.26730391 -0.10190849 0.017942963 37 99 235
-0.097904488 -0.050437082 0.47353879 37 99 235
0.013846625 0.012649536 -0.45262119 37 99 235
0.37052459 -0.095116138 0.21754681 37 99 235
0.31733632 -0.20063251 -0.029347602 37 99 235
-0.1097324 -0.11130867 -0.37534347 37 99 235
0.020451425 0.014679978 -0.25860512 37 99 235
0.031688184 -0.11747433 0.10983983 37 99 235
-0.0084513128 -0.15732849 -0.54707372 37 99 235
0.019397335 0.066697203 -0.22403535 37 99 235
0.27601302 -0.10608409 0.092115261 37 99 235
0.094351143 -0.10083213 -0.36798063 37 99 235
-0.31144401 -0.20158438 0.16506916 37 99 235
-0.17739907 -0.047728088 0.79058981 37 99 235
0.078029409 0.034064848 -0.28565872 37 99 235
-0.0095166247 0.002940184 -0.43496919 37 99 235
0.32963467 -0.14567506 0.24985255 37 99 235
-0.045932911 -0.089507028 -0.64191449 37 99 235
0.35700074 -0.16884571 -0.070872277 37 99 235
-0.051169124 0.010144017 0.5098626 37 99 235
-0.035441454 -0.19538012 -0.0012982595 37 99 235
0.10273462 0.022512237 -0.045892853 37 99 235
-0.060830317 -0.049884383 -0.55452138 37 99 235
0.097142242 0.02778442 -0.39678311 37 99 235
0.20218036 -0.11834107 0.18020873 37 99 235
-0.033934075 -0.14996707 0.018966813 37 99 235
0.11232725 -0.018712448 0.80714959 37 99 235
0.13579001 -0.043528453 -0.082566537 37 99 235
-0.1982839 -0.14836849 -0.18630628 37 99 235
0.35846332 -0.15849549 0.14194767 37 99 235
-0.03277434 -0.104481 -0.58256197 37 99 235
-0.29494524 -0.10817482 0.26149142 37 99 235
-0.058301531 0.038232151 -0.36151636 37 99 235
-0.43161175 0.024865663 0.40031812 37 99 235
-0.093095347 0.0077126361 0.36315542 37 99 235
-0.13192359 -0.014618058 0.26053548 37 99 235
0.02340989 0.036429252 -0.57147127 37 99 235
-0.0075769192 -0.13049695 -0.44837472 37 99 235
0.40952796 -0.10945112 0.12589593 37 99 235
-0.31749144 -0.209363 0.24162729 37 99 235
-0.32107505 -0.20778523 0.033997785 37 99 235
0.015723424 0.075029418 -0.44728929 37 99 235
-0.05210048 -0.12118662 0.37374377 37 99 235
0.12083987 0.0040693036 0.13107301 37 99 235
0.35920525 -0.15912136 0.060863558 37 99 235
0.030895559 0.071073025 -0.34575886 37 99 235
0.43602538 -0.069183275 0.35444766 37 99 235
0.0075760945 0.078069136 0.19897296 37 99 235
0.00077597186 0.17671613 0.82043833 37 99 235
0.029638309 0.045845967 0.57138205 37 99 235
0.064099267 -0.065518551 -0.4523375 37 99 235
-0.081635065 -0.028987139 0.471542 37 99 235
-0.11575514 0.015856477 -0.33533418 37 99 235
-0.3654446 -0.17032412 0.054467894 37 99 235
-0.0055182199 -0.013896355 -0.42452091 37 99 235
0.019639369 -0.20549929 0.15833347 37 99 235
0.32806209 -0.10641423 0.24002524 37 99 235
0.011719631 0.12794524 -0.39741707 37 99 235
0.25278395 -0.12086081 0.1340514 37 99 235
0.029316746 -0.17038025 -0.13901946 37 99 235
0.40863755 -0.05942481 0.22717531 37 99 235
-0.35708812 -0.20163715 0.20215176 37 99 235
-0.31100252 -0.1673778 0.25896719 37 99 235
0.30550346 -0.18710391 0.24158749 37 99 235
0.016352762 0.094968595 -0.38485789 37 99 235
-0.31668591 -0.1106356 0.23490819 37 99 235
0.021801928 0.046786066 0.60688204 37 99 235
-0.046173651 0.018757313 0.52824455 37 99 235
0.21892145 -0.097795993 0.059533473 37 99 235
0.024350321 -0.20693737 0.093235008 37 99 235
-0.05119722 0.047461275 0.15526474 37 99 235
0.031946771 0.010589012 -0.4665679 37 99 235
-0.036958773 -0.17007731 0.1811987 37 99 235
0.048810441 0.012458524 0.64368618 37 99 235
-0.036100045 0.061401088 -0.017753469 37 99 235
-0.030506954 0.063216679 0.46827948 37 99 235
-0.19322191 -0.11865819 0.029729139 37 99 235
0.11350992 0.013347781 -0.10680554 37 99 235
-0.038840018 -0.15654683 0.028515529 37 99 235
-0.019565118 -0.1196541 0.28770491 37 99 235
0.43194321 -0.017619986 0.3962113 37 99 235
0.047377203 0.044471454 -0.34762603 37 99 235
0.11198453 -0.11690167 0.062166024 37 99 235
0.00013665554 0.079312153 0.6183092 37 99 235
0.035429217 -0.001833706 -0.49328801 37 99 235
-0.006763156 0.068703592 0.48502302 37 99 235
0.026337745 0.068878978 0.12614766 37 99 235
-0.049046643 -0.006056984 0.55215794 37 99 235
-0.42875078 0.071882471 0.34817824 37 99 235
-0.035897821 0.037330601 -0.36776358 37 99 235
0.16247082 -0.11654405 0.033307016 37 99 235
0.010745369 -0.067366108 0.500458 37 99 235
-0.13144387 -0.030163182 0.33772099 37 99 235
-0.32734212 -0.21059899 0.057716724 37 99 235
0.045490958 -0.11442123 -0.14010109 37 99 235
0.41265139 -0.11894617 0.30637532 37 99 235
0.38629004 -0.11867019 0.31732181 37 99 235
-0.050371569 0.030705951 0.45708993 37 99 235
-0.049075961 -0.0010604187 -0.36371043 37 99 235
-0.10179739 -0.011007547 0.70476639 37 99 235
-0.097927578 0.026210558 -0.2475107 37 99 235
-0.13576999 -0.064370438 -0.057846237 37 99 235
0.13579001 -0.046028107 -0.14053851 37 99 235
0.18843302 -0.053073391 0.78738827 37 99 235
0.0058485377 -0.14726502 -0.045057107 37 99 235
-0.42908058 -0.074698813 0.31670737 37 99 235
0.29124674 -0.13243353 0.16732906 37 99 235
-0.043723542 0.054616418 0.18413402 37 99 235
-0.13008265 -0.010256764 0.25557983 37 99 235
0.1417263 -0.11027842 0.0045788516 37 99 235
-0.025526347 0.12775286 -0.52473181 37 99 235
0.36366883 -0.18878309 0.095589027 37 99 235
0.030033009 0.0090498747 0.68180799 37 99 235
-0.13786203 -0.091546468 -0.26338875 37 99 235
0.06216548 0.044997066 -0.29986149 37 99 235
-0.36639866 -0.17045163 0.25754419 37 99 235
0.34967062 -0.16000462 -0.09045209 37 99 235
-0.047361713 0.050442137 0.22401235 37 99 235
0.10858988 -0.065825686 0.49204364 37 99 235
0.30934179 -0.11669198 0.31179926 37 99 235
-0.13674968 -0.11320911 -0.14527927 37 99 235
-0.43138817 0.028914211 0.39439601 37 99 235
0.012614654 0.12429378 -0.50087494 37 99 235
-0.079654545 0.03396048 -0.31770119 37 99 235
-0.09461236 0.0015380277 -0.3654764 37 99 235
0.03223877 -0.12297028 0.45136765 37 99 235
0.13296981 -0.047498181 -0.32482702 37 99 235
-0.27403358 -0.11253048 0.0079241535 37 99 235
-0.0010486054 -0.11780985 0.1363041 37 99 235
0.023809534 -0.0094509339 -0.26905766 37 99 235
0.022506673 0.075877249 -0.1491427 37 99 235
0.3296831 -0.21599065 0.22911789 37 99 235
-0.13537851 -0.051588416 0.31547099 37 99 235
-0.3696622 -0.18106242 0.0043431548 37 99 235
-0.0071262368 -0.058298744 0.53613037 37 99 235
-0.01144101 -0.15877645 0.3234967 37 99 235
-0.052890975 0.041382346 0.3726455 37 99 235
0.08624503 -0.048719909 -0.36856711 37 99 235
0.15102579 -0.10567016 0.29307246 37 99 235
-0.007165371 -0.23690888 -0.54188567 37 99 235
-0.10447849 -0.11311401 0.44453958 37 99 235
-0.26883492 -0.11800009 0.15288311 37 99 235
0.010939187 -0.011981075 -0.25926876 37 99 235
-0.28359807 -0.11956982 0.28387514 37 99 235
-0.0075753229 0.0047510946 -0.43760651 37 99 235
0.032475911 -0.14809225 0.042080343 37 99 235
0.060522929 -0.10914405 -0.45125267 37 99 235
-0.11725435 0.0068677226 0.29030594 37 99 235
0.37123653 -0.11062914 0.18493183 37 99 235
-0.0082767988 -0.11180061 -0.35449892 37 99 235
-0.20969449 -0.10735861 0.13257861 37 99 235
-0.31219599 -0.16246557 0.048620529 37 99 235
0.24627237 -0.099957787 0.1514028 37 99 235
0.12853594 -0.11255635 -0.25025162 37 99 235
0.03193872 -0.16103761 -0.56175315 37 99 235
0.0033759202 -0.11017905 -0.4628911 37 99 235
0.30500585 -0.12033194 0.093884125 37 99 235
-0.27818653 -0.230599 0.14424914 37 99 235
0.25942039 -0.10009166 0.12272134 37 99 235
0.18517806 -0.14099815 -0.21500045 37 99 235
0.11962935 0.0040689479 0.24476473 37 99 235
-0.029039182 0.070223309 -0.38455144 37 99 235
-0.13127631 -0.032665614 -0.33917686 37 99 235
-0.021323597 0.023263879 0.77635664 37 99 235
0.032901186 -0.11579339 -0.028785443 37 99 235
-0.042654533 0.055949792 0.20926617 37 99 235
0.062150329 -0.11271802 -0.28049961 37 99 235
-0.10187522 -0.11239616 -0.30636293 37 99 235
-0.055850264 -0.035375871 -0.41715574 37 99 235
-0.031512778 -0.18491182 -0.096930727 37 99 235
-0.049044415 0.027842181 0.47785684 37 99 235
0.13261947 -0.099400386 0.43148991 37 99 235
0.32783315 -0.11459409 0.31414151 37 99 235
-0.029370122 0.032524835 -0.55599886 37 99 235
0.25512719 -0.099521041 0.088736162 37 99 235
0.040133491 -0.18010624 0.11990657 37 99 235
-0.33597699 -0.15996979 0.32621512 37 99 235
-0.031776205 0.0033047367 0.64676392 37 99 235
0.12391421 -0.059064109 -0.35741836 37 99 235
-0.034328103 0.0086034164 0.70419437 37 99 235
-0.25327423 -0.11849254 0.26598611 37 99 235
0.35326317 -0.13568738 0.13919765 37 99 235
-0.10333216 -0.077073418 0.47722664 37 99 235
0.32363787 -0.13028702 0.055682592 37 99 235
-0.16578685 -0.11559175 0.18278806 37 99 235
-0.02143804 -0.13847457 0.51575118 37 99 235
0.25805119 -0.11600848 0.22678672 37 99 235
-0.021118896 0.0075134072 0.70305651 37 99 235
0.015805623 0.063301869 -0.24931245 37 99 235
0.025890641 -0.15096895 -0.098387606 37 99 235
0.026823716 -0.11892428 0.22797562 37 99 235
-0.055354163 -0.051858921 -0.68181312 37 99 235
-0.062973842 -0.057270885 -0.49255922 37 99 235
0.034109198 0.0047962614 -0.40401196 37 99 235
-0.065465413 0.038118035 -0.39754725 37 99 235
-0.35249034 -0.20671362 -0.035727259 37 99 235
0.046165779 0.01285689 0.73487467 37 99 235
0.017458932 -0.12072626 0.3540765 37 99 235
0.0094141541 0.065879159 0.43184981 37 99 235
-0.124448 -0.0013040433 0.19383793 37 99 235
0.34600684 -0.18042314 0.37868196 37 99 235
-0.020818533 -0.009099762 -0.33728573 37 99 235
-0.082135633 -0.027480934 0.46779725 37 99 235
-0.13576999 -0.066065669 0.16064416 37 99 235
-0.034240764 0.068121612 -0.18596236 37 99 235
0.20297681 -0.10206211 -0.08101511 37 99 235
0.052408189 0.0083830738 0.50461543 37 99 235
-0.014034803 -0.1403776 0.083691366 37 99 235
0.051837698 -0.076611653 -0.68244809 37 99 235
0.010402032 -0.013036804 -0.33145681 37 99 235
-0.14219563 -0.11666721 0.11114138 37 99 235
-0.43425879 -0.0330505 0.32753065 37 99 235
-0.15339592 -0.10105564 -0.15780754 37 99 235
-0.35100159 -0.2117189 0.098598726 37 99 235
-0.23728915 -0.1189274 0.2534323 37 99 235
0.17083 -0.11708785 -0.20225339 37 99 235
-0.23371929 -0.12862875 -0.064502403 37 99 235
0.29135296 -0.11563293 -0.014417926 37 99 235
0.10711209 -0.087069817 0.5037058 37 99 235
-0.048576474 -0.12275396 0.44161907 37 99 235
-0.13576999 -0.030326815 -0.091247998 37 99 235
0.015741847 0.14607708 -0.48331335 37 99 235
-0.34053513 -0.1354354 0.2475521 37 99 235
0.11776645 0.012317072 -0.17781118 37 99 235
0.31521118 -0.13875434 0.13740858 37 99 235
-0.13262935 -0.098689608 -0.30386105 37 99 235
0.17173575 -0.10564893 -0.042410288 37 99 235
-0.099988192 0.026193153 -0.23634733 37 99 235
-0.0010586344 0.10029644 -0.5455761 37 99 235
-0.032490421 0.059704293 -0.35959527 37 99 235
-0.07051374 -0.051284008 -0.41992781 37 99 235
0.40998188 -0.11043425 0.12005298 37 99 235
-0.32944152 -0.20812097 -0.048016164 37 99 235
-0.1479158 -0.11934777 0.35857272 37 99 235
0.21309003 -0.15378174 -0.18349065 37 99 235
-0.17335521 -0.11829474 0.37082675 37 99 235
0.13192584 -0.038382791 -0.3338027 37 99 235
0.36315945 -0.18197905 0.093001515 37 99 235
0.36026329 -0.16101287 0.16845807 37 99 235
0.040277917 -0.13965139 -0.42788872 37 99 235
0.056737997 -0.062313169 -0.67497349 37 99 235
-0.0013287446 0.17045833 -0.52099657 37 99 235
0.22903089 -0.072243094 0.81838959 37 99 235
-0.10254353 -0.053383924 0.47111523 37 99 235
-0.02645326 0.034751255 0.64410067 37 99 235
-0.32422775 -0.15467474 0.18250531 37 99 235
-0.18659912 -0.11475123 0.025584038 37 99 235
0.11198087 -0.019091608 0.8229506 37 99 235
-0.1467777 -0.029763214 0.72750163 37 99 235
-0.034243558 -0.0053350748 -0.67014331 37 99 235
0.12322858 0.0039685774 -0.087379925 37 99 235
0.30326921 -0.10739879 0.25653234 37 99 235
-0.33649671 -0.16796307 0.36654332 37 99 235
0.0020453504 0.12666994 0.79825109 37 99 235
-0.22975819 -0.11744075 0.32142237 37 99 235
-0.35737702 -0.20408329 0.06065125 37 99 235
-0.10723726 -0.041128527 0.45398352 37 99 235
-0.035458568 0.016974095 0.79218847 37 99 235
-0.13534282 -0.035651363 0.0075656381 37 99 235
0.14964496 -0.036541611 0.81557292 37 99 235
-0.077836081 0.0053724772 0.39397788 37 99 235
-0.058713678 0.038436204 -0.35176334 37 99 235
0.16401626 -0.12183218 -0.02913457 37 99 235
-0.0038981042 -0.11753855 0.11433938 37 99 235
0.030503284 0.020782717 0.75073522 37 99 235
-0.069902107 -0.045214467 -0.39214131 37 99 235
0.053938057 -0.070752755 -0.45198017 37 99 235
0.052704088 0.044834558 -0.3179912 37 99 235
0.36975726 -0.11937721 0.20417118 37 99 235
0.30803397 -0.19941485 0.053047482 37 99 235
-0.00033202895 0.018757848 0.82878739 37 99 235
0.43097112 0.029618539 0.35198829 37 99 235
-0.050829493 0.015895402 0.62432981 37 99 235
0.29662484 -0.11780161 0.23156901 37 99 235
-0.0099782785 -0.1250612 -0.49957725 37 99 235
-0.11077306 0.014393243 -0.023881126 37 99 235
-0.35997051 -0.20581706 0.040074501 37 99 235
-0.027977891 -0.0010985541 0.67765474 37 99 235
0.042049199 -0.11804251 0.15542288 37 99 235
0.21784852 -0.14399673 -0.14352193 37 99 235
0.055271905 -0.031724919 -0.62461859 37 99 235
-0.12218302 -0.10423379 0.39350963 37 99 235
-0.00044205089 0.14391913 -0.32089967 37 99 235
0.30891293 -0.12634663 -0.035144139 37 99 235
0.045360684 0.020492369 -0.51769328 37 99 235
0.089987941 -0.0064731836 0.72972441 37 99 235
0.020918377 -0.22194563 -0.54464012 37 99 235
0.0013172881 0.11239264 0.81528574 37 99 235
-0.16816594 -0.042571664 0.80555451 37 99 235
-0.13576999 -0.074938387 0.075402424 37 99 235
-0.27677792 -0.16191751 0.10904621 37 99 235
-0.06964083 0.0043697953 0.72834957 37 99 235
-0.018725902 0.014173373 -0.61795044 37 99 235
0.056677092 -0.064166404 -0.65987158 37 99 235
-0.059881747 0.0088748233 -0.418915 37 99 235
-0.29181495 -0.12193812 0.052626912 37 99 235
0.10925346 -0.022588462 -0.42239508 37 99 235
-0.082341574 0.031267747 -0.023851169 37 99 235
0.15273814 -0.094131574 0.045114171 37 99 235
-0.069973826 -0.00026194807 0.81152618 37 99 235
0.012402252 9.6458098e-05 -0.59206492 37 99 235
0.08285068 -0.11264426 -0.28652656 37 99 235
0.33198744 -0.13008974 0.18972184 37 99 235
-0.079777479 -0.11661403 0.03918691 37 99 235
-0.036614787 0.030952992 0.56818664 37 99 235
0.034194976 0.024929212 0.65553355 37 99 235
0.073942229 -0.0016968504 0.8045792 37 99 235
0.43628094 -0.098434955 0.38535538 37 99 235
-0.36255494 -0.19499044 -0.03558163 37 99 235
0.15445887 -0.096986786 0.17380269 37 99 235
-0.026124731 0.068891704 0.22201787 37 99 235
-0.026597673 -0.012138821 -0.5687862 37 99 235
-0.29282275 -0.11017972 0.27821055 37 99 235
0.2874026 -0.13853914 0.094464801 37 99 235
-0.064767368 0.038277846 0.033649705 37 99 235
0.23759182 -0.11806463 -0.10783122 37 99 235
-0.042966064 0.011674348 0.81145179 37 99 235
-0.084516034 -0.11543358 -0.057263568 37 99 235
-0.28445947 -0.10850071 0.26239932 37 99 235
-0.034082033 -0.19760525 0.030861489 37 99 235
0.099116787 -0.011276615 0.71605462 37 99 235
-0.16118956 -0.11652029 0.21480061 37 99 235
0.36747086 -0.19454096 0.033654127 37 99 235
0.13579001 -0.072970361 -0.11912566 37 99 235
-0.26625901 -0.10091992 0.16954589 37 99 235
0.37034759 -0.17299424 0.13551092 37 99 235
-0.045957126 -0.055986732 -0.757011 37 99 235
-0.34094813 -0.20254935 0.35363093 37 99 235
-0.0049304166 0.10502928 0.55835605 37 99 235
-0.096906148 -0.11812152 0.16258372 37 99 235
-0.22856253 -0.1451292 -0.034055289 37 99 235
-0.063128948 0.030092018 0.36162516 37 99 235
0.17828117 -0.097003937 0.10773562 37 99 235
-0.002163541 0.21184769 0.69898736 37 99 235
0.044751901 -0.11400273 -0.17440829 37 99 235
-0.053826649 -0.026642879 -0.63305098 37 99 235
-0.42980322 -0.010765232 0.37247866 37 99 235
-0.023754429 -0.17803401 -0.15327178 37 99 235
-0.056535125 -0.06412001 -0.66859984 37 99 235
0.040267024 -0.16566861 -0.01253367 37 99 235
-0.0053099333 -0.1214608 0.38563275 37 99 235
0.0012845756 0.20621982 0.82670772 37 99 235
-0.29640219 -0.10209395 0.17259672 37 99 235
-0.061359666 0.046104215 -0.21706837 37 99 235
0.15215594 -0.095872819 0.10711393 37 99 235
-0.02873818 0.033832494 -0.54987389 37 99 235
-0.057399664 0.04320829 0.049039394 37 99 235
0.013366207 0.046252068 0.72747087 37 99 235
-0.042854439 -0.11394777 -0.17936082 37 99 235
0.29941234 -0.16030097 0.17849272 37 99 235
0.37043235 -0.17489602 0.13283125 37 99 235
-0.048741706 0.047879402 0.31175733 37 99 235
-0.080238387 -0.057181176 -0.4340834 37 99 235
0.024617573 -0.1440998 -0.032658786 37 99 235
0.033272479 0.055896603 -0.42300937 37 99 235
0.025841249 -0.15159704 -0.11481452 37 99 235
-0.39935243 -0.11730975 0.096084736 37 99 235
-0.005194928 0.10189775 -0.41553029 37 99 235
0.10109436 0.024714204 -0.20087191 37 99 235
0.20842363 -0.14581245 -0.14471783 37 99 235
-0.13311718 -0.041017741 -0.32322252 37 99 235
-0.34386599 -0.13352829 0.1458302 37 99 235
-0.36978292 -0.18069987 0.27179015 37 99 235
0.13488543 -0.025358332 -0.30782929 37 99 235
0.0316795 -0.01269421 0.60000211 37 99 235
0.25131872 -0.14134449 -0.04600272 37 99 235
0.0098241493 0.08253675 -0.44093904 37 99 235
0.092078611 0.023869473 0.16235629 37 99 235
0.17170985 -0.11680979 -0.060525246 37 99 235
0.016773043 -0.1713108 0.31229454 37 99 235
0.13579001 -0.05096595 -0.0052703596 37 99 235
-0.29260314 -0.12551722 -0.063419022 37 99 235
0.18640454 -0.051056892 0.7780174 37 99 235
0.12323315 0.0024280634 0.077820778 37 99 235
-0.098085284 -0.012900795 -0.36542431 37 99 235
0.085691765 -0.04920505 0.51567262 37 99 235
-0.28676149 -0.1389108 0.14064403 37 99 235
-0.032093957 0.016323809 0.6459977 37 99 235
-0.057753269 -0.0036666044 -0.5446412 37 99 235
-0.13696992 -0.089473754 0.072407886 37 99 235
0.18174395 -0.095238484 -0.036003519 37 99 235
-0.21942221 -0.10705031 0.16168132 37 99 235
0.43061292 0.0076058423 0.25988981 37 99 235
0.22573508 -0.10588904 -0.079797931 37 99 235
-0.12255445 0.0077694496 -0.31112796 37 99 235
-0.32415038 -0.14441182 -0.056055468 37 99 235
-0.13576999 -0.061970677 0.29647538 37 99 235
-0.13576999 -0.055524644 0.2034941 37 99 235
-0.019140553 0.11795864 -0.50566381 37 99 235
0.12967722 -0.071159877 -0.35383487 37 99 235
-0.049227469 0.04429958 -0.31419149 37 99 235
-0.035386398 0.025931368 -0.35811427 37 99 235
0.2336549 -0.13174467 0.023695767 37 99 235
0.31140393 -0.20169672 0.033979867 37 99 235
0.007480456 0.0666743 -0.44561356 37 99 235
0.42586124 -0.092341639 0.20232578 37 99 235
-0.02326151 0.030106695 0.7301901 37 99 235
-0.12476761 0.0024311333 -0.075356849 37 99 235
-0.0003481704 0.11607207 0.72782207 37 99 235
-0.35118321 -0.21136239 0.14158197 37 99 235
-0.063127927 -0.047996644 -0.50808698 37 99 235
-0.019282315 -0.043346003 -0.45009947 37 99 235
-0.10064976 0.021232169 0.062448848 37 99 235
0.3371717 -0.21696441 0.099287622 37 99 235
-0.30538699 -0.17899008 0.049346723 37 99 235
-0.076026849 -0.098370567 -0.39793825 37 99 235
-0.27242428 -0.10130867 0.18211259 37 99 235
-0.04350432 -0.11255097 -0.29335386 37 99 235
0.20248267 -0.15022986 -0.13642868 37 99 235
0.366685 -0.18677191 -0.047159392 37 99 235
0.11742084 -0.11603919 -0.0083115175 37 99 235
-0.36113492 -0.16306129 -0.011134361 37 99 235
-0.12023706 -0.020320484 0.75173622 37 99 235
0.37009799 -0.18645512 0.032253023 37 99 235
0.036207519 -0.11250976 -0.29726037 37 99 235
-0.0061983597 -0.21149342 0.15374948 37 99 235
0.094911292 -0.0093794353 -0.43402395 37 99 235
0.041124512 0.048910573 0.45827457 37 99 235
-0.08366593 -0.013262778 0.42504668 37 99 235
0.14017366 -0.10988366 -0.23843677 37 99 235
-0.2188565 -0.097739629 0.05487835 37 99 235
0.33143833 -0.21206126 0.2656177 37 99 235
0.40726906 -0.12051759 0.3779346 37 99 235
-0.3456611 -0.15173428 0.15063952 37 99 235
0.073938183 0.030744249 0.16848855 37 99 235
0.044420775 -0.11473446 -0.11423662 37 99 235
0.057025589 -0.015363134 -0.47101313 37 99 235
-0.32942811 -0.20787176 0.32059237 37 99 235
-0.13576999 -0.091338903 0.26150247 37 99 235
-0.039417602 -0.19168064 0.029056244 37 99 235
0.007022744 -0.14069697 0.21130802 37 99 235
-0.00034572789 0.12277064 -0.50177824 37 99 235
-0.33077946 -0.15505591 -0.077011526 37 99 235
0.11248089 -0.0056066457 0.36723098 37 99 235
0.013893344 -0.11526881 -0.071204685 37 99 235
0.27752256 -0.10094824 0.13653499 37 99 235
0.13213186 -0.016839199 -0.098806061 37 99 235
0.038789999 0.059015743 0.21013528 37 99 235
-0.027824789 -0.016873609 -0.50604069 37 99 235
0.034275509 0.056031026 0.4821566 37 99 235
-0.014440941 -0.2152326 0.016257593 37 99 235
0.027922979 0.061104055 -0.52941167 37 99 235
0.14713331 -0.11063548 0.085317418 37 99 235
-0.053719051 -0.030932335 -0.6592319 37 99 235
0.063240752 0.04267706 -0.32558045 37 99 235
-0.082064994 -0.10254027 -0.40019819 37 99 235
-0.0026442097 0.19414631 0.68840021 37 99 235
0.023580259 0.05910359 -0.23405793 37 99 235
0.10864049 -0.11192175 -0.34513718 37 99 235
-0.21611664 -0.16446111 -0.00098523323 37 99 235
0.011497448 0.074540548 0.36159971 37 99 235
0.038614459 -0.18179961 0.13384458 37 99 235
0.20500381 -0.059490751 0.8152318 37 99 235
0.33950523 -0.14347756 0.088638313 37 99 235
0.044809092 -0.043352809 -0.75407517 37 99 235
-0.21421646 -0.098446466 0.12685314 37 99 235
0.014821879 -0.12242243 0.42760628 37 99 235
0.043724183 -0.10306232 -0.53810632 37 99 235
0.029172836 0.0085652759 0.68432832 37 99 235
-0.13542162 -0.019834047 -0.30291468 37 99 235
-0.057464387 -0.11705211 0.074557699 37 99 235
-0.077983029 0.029566059 0.0065010739 37 99 235
0.11802336 -0.11337479 -0.22635283 37 99 235
-0.1337305 -0.085153922 -0.3184925 37 99 235
-0.09441109 -0.014045879 0.41507655 37 99 235
-0.36594203 -0.16885377 -0.0088461163 37 99 235
0.00075598172 0.14838193 -0.47968382 37 99 235
-0.033058397 0.06815286 0.020278275 37 99 235
-0.03092638 0.078606635 -0.51254153 37 99 235
0.1085963 -0.10770111 -0.39223573 37 99 235
-0.1315835 -0.068186291 0.36201233 37 99 235
-0.11283785 -0.079661682 0.47861055 37 99 235
0.13254398 -0.043851849 0.35517097 37 99 235
0.13833024 -0.10145535 0.024278911 37 99 235
-0.047543988 -0.11907437 0.2404602 37 99 235
0.10932597 -0.061925102 -0.41800839 37 99 235
-0.31796974 -0.19557716 -0.083652727 37 99 235
-0.31343272 -0.20614651 0.26124761 37 99 235
-0.0013205881 0.083663851 0.073268913 37 99 235
-0.36991549 -0.1806418 0.27550617 37 99 235
-0.020347824 -0.21684536 -0.5294373 37 99 235
0.037313003 0.061500475 0.10684272 37 99 235
-0.10901723 -0.11237961 -0.30782554 37 99 235
-0.0088640573 -0.20777906 -0.081432335 37 99 235
0.37042424 -0.11429594 0.20291716 37 99 235
-0.3277829 -0.1561681 -0.072552793 37 99 235
0.024665641 -0.014374471 -0.38592502 37 99 235
-0.28839242 -0.13405204 0.086513437 37 99 235
0.00035384335 -0.11698437 0.069173582 37 99 235
-0.063771099 0.042713776 -0.31460056 37 99 235
0.034823183 -0.19573967 -0.015894368 37 99 235
0.0110715 -0.072551683 -0.8432138 37 99 235
-0.17220302 -0.11840621 0.36787212 37 99 235
-0.24039635 -0.12605482 -0.079354994 37 99 235
-0.36395785 -0.16756132 0.24454124 37 99 235
0.020752452 -0.14848943 0.23623136 37 99 235
0.43020928 0.03957925 0.3464039 37 99 235
-0.016788637 0.086006314 -0.46082056 37 99 235
-0.25486907 -0.099906169 0.12108196 37 99 235
-0.014882151 -0.10814026 -0.4165228 37 99 235
-0.057384979 -0.12004185 0.31951213 37 99 235
0.26708785 -0.10428921 0.03664479 37 99 235
0.08689253 -0.074354388 0.47681355 37 99 235
0.1349194 -0.025437839 0.75661939 37 99 235
0.004539853 -0.12839621 0.20850803 37 99 235
-0.091035001 0.018374894 0.33684787 37 99 235
0.32845902 -0.12081375 0.046134211 37 99 235
-0.0028863689 0.057932146 0.8083216 37 99 235
-0.31928656 -0.15323724 0.041473337 37 99 235
-0.0018385588 0.086528003 0.41022488 37 99 235
0.054048862 0.038121071 0.37991393 37 99 235
0.42852324 0.065424822 0.33827427 37 99 235
0.078219973 -0.032212015 0.48565239 37 99 235
0.0044178292 -0.044591468 0.57695401 37 99 235
-0.057609517 -0.11845281 0.18966457 37 99 235
-0.11692116 -0.015162023 0.69563431 37 99 235
-0.074215956 0.033041384 -0.096789293 37 99 235
-0.088847086 -0.12039923 0.3397066 37 99 235
-0.027169984 0.072665505 -0.42709938 37 99 235
-0.11276487 -0.016333912 0.77443206 37 99 235
0.36806661 -0.18701348 -0.0273034 37 99 235
-0.044137388 -0.12859753 0.51686341 37 99 235
-0.15312348 -0.11546297 -0.055582274 37 99 235
0.23752518 -0.14314733 -0.14891541 37 99 235
0.14121203 -0.077501141 0.13449173 37 99 235
-0.012641195 -0.11762889 0.12199342 37 99 235
0.13740522 -0.05356428 -0.22986217 37 99 235
0.35328093 -0.21228704 0.28665942 37 99 235
-0.12113284 -0.12896055 0.093152829 37 99 235
-0.26542485 -0.10406105 -0.016343085 37 99 235
0.060894664 -0.016951147 -0.51558 37 99 235
-0.0012442418 -0.1381602 -0.45345509 37 99 235
-0.059696198 -0.11875155 0.21372838 37 99 235
0.0034246123 -0.13313483 -0.13486269 37 99 235
-0.011745485 -0.013934091 -0.42148724 37 99 235
-0.42871538 -0.0033744455 0.30114245 37 99 235
-0.12975857 -0.006880173 -0.16759588 37 99 235
0.43458194 -0.039529145 0.26578501 37 99 235
-0.013762875 0.075327642 0.11267403 37 99 235
0.061731964 -0.049071372 -0.46627134 37 99 235
0.1023979 0.024829695 -0.16152567 37 99 235
0.20282185 -0.09933266 0.14649059 37 99 235
0.35574508 -0.2118616 0.28791222 37 99 235
0.046281729 -0.11573095 -0.033912253 37 99 235
-0.1220898 -0.11199933 -0.33831438 37 99 235
-0.022573473 -0.026859974 -0.30395392 37 99 235
-0.019587308 -0.19750115 -0.56562114 37 99 235
-0.041428749 0.059477925 0.033178639 37 99 235
-0.18145162 -0.11063597 0.25548086 37 99 235
-0.026720688 -0.12086926 0.36041391 37 99 235
0.30636781 -0.17700228 0.28154746 37 99 235
0.28913721 -0.11597604 0.072335705 37 99 235
0.027561456 0.072907761 -0.15877819 37 99 235
-0.13576999 -0.027458217 0.098451324 37 99 235
-0.024159757 -0.01338766 -0.44341829 37 99 235
0.0032301559 0.035792995 -0.44364145 37 99 235
-0.19742052 -0.11392205 -0.1525245 37 99 235
0.36994311 -0.18791819 0.22419336 37 99 235
0.081703447 -0.014156771 0.44393706 37 99 235
0.0042104288 -0.20127563 0.25519812 37 99 235
-0.17304303 -0.1149031 -0.10093073 37 99 235
0.0084520625 0.068734474 0.72732419 37 99 235
0.42975461 -0.069328524 0.30442241 37 99 235
0.028427249 -0.11860278 0.20133664 37 99 235
0.38816857 -0.1169761 0.31225422 37 99 235
-0.018588213 0.073764771 0.1670627 37 99 235
0.29873684 -0.13612378 0.073524065 37 99 235
0.42880115 0.072905779 0.43149003 37 99 235
-0.047467951 -0.10154753 -0.45280492 37 99 235
-0.36482102 -0.19109344 0.078194864 37 99 235
0.0032632549 0.1133232 -0.51129359 37 99 235
-0.056416709 -0.11689248 0.061451942 37 99 235
0.35233691 -0.1563022 0.20137857 37 99 235
-0.066246934 -0.12270433 0.43952373 37 99 235
-0.43567836 -0.10220847 0.14648221 37 99 235
0.32228053 -0.13382632 0.24380776 37 99 235
-0.049982466 -0.021944119 0.4905372 37 99 235
0.028888913 -0.0027755552 -0.66515195 37 99 235
-0.11643536 0.0079017961 0.28446898 37 99 235
-0.009740741 -0.11287595 -0.71474928 37 99 235
0.0051201894 0.10492726 0.75014895 37 99 235
0.17792524 -0.11791258 0.19302996 37 99 235
0.010674238 0.087355487 -0.27534643 37 99 235
0.1130084 -0.1123007 -0.13512933 37 99 235
-0.43544877 -0.041659374 0.2901355 37 99 235
0.012491139 0.13833186 -0.42280057 37 99 235
0.030781874 0.070830368 -0.17619224 37 99 235
-0.13576999 -0.044628799 0.16309582 37 99 235
-0.1019798 -0.11670871 0.046971433 37 99 235
0.34189859 -0.1495139 0.20117271 37 99 235
-0.025542585 -0.03027685 -0.30802658 37 99 235
0.1099849 -0.097915702 0.46337172 37 99 235
-0.12852246 -0.1542182 0.10377388 37 99 235
-0.3502177 -0.16574244 -0.11136673 37 99 235
-0.13576999 -0.036803354 0.063704841 37 99 235
0.084229447 0.026023854 0.17684786 37 99 235
0.42542899 -0.098502643 0.25102469 37 99 235
0.098003879 0.02148542 0.044163704 37 99 235
0.33471674 -0.15134445 0.12329676 37 99 235
-0.11037259 0.013621313 0.28446621 37 99 235
-0.11596678 -0.0066324561 -0.41364402 37 99 235
0.0013488036 -0.038314328 0.60140276 37 99 235
-0.032533981 -0.0038055768 -0.34675726 37 99 235
0.11911532 -0.0074585988 0.3546803 37 99 235
-0.011429746 -0.00011578852 -0.70974547 37 99 235
0.015819594 -0.11052939 -0.72245967 37 99 235
-0.058189869 -0.059373438 -0.5956375 37 99 235
0.0049309479 0.1433675 -0.31993246 37 99 235
0.025155213 -0.11809734 -0.56321734 37 99 235
-0.013188001 -0.11115742 -0.62457836 37 99 235
0.058023497 0.045921735 -0.24941877 37 99 235
0.11358117 0.014423827 0.029011311 37 99 235
0.29862669 -0.1102211 0.096655369 37 99 235
-0.34343368 -0.13575046 0.27407935 37 99 235
0.14590369 -0.03488189 0.82662994 37 99 235
0.1869631 -0.10513843 -0.083193459 37 99 235
0.13814622 -0.093147926 -0.25806352 37 99 235
0.02271024 -0.052047312 0.49483973 37 99 235
-0.36516351 -0.16814223 0.148011 37 99 235
-0.35220006 -0.18360773 -0.1170959 37 99 235
-0.34171888 -0.20882235 -0.057743166 37 99 235
0.044936329 0.055932987 -0.044603407 37 99 235
-0.43302098 -0.0083680535 0.22645809 37 99 235
-0.0028059769 -0.11060182 -0.55023956 37 99 235
0.059413563 -0.11865284 0.20571147 37 99 235
-0.34464356 -0.10562482 0.080125242 37 99 235
-0.12035944 -0.020420108 0.37873414 37 99 235
-0.24753508 -0.10951317 0.26447454 37 99 235
0.0052654739 0.034815129 0.62809032 37 99 235
-0.13286033 -0.041260347 -0.32546532 37 99 235
0.061795373 -0.02130373 -0.50150722 37 99 235
0.12657216 -0.11213784 -0.3186098 37 99 235
0.035030309 -0.0011461728 -0.34840846 37 99 235
0.044180568 -0.10170317 -0.49096483 37 99 235
-0.081078649 0.026104759 0.22784978 37 99 235
0.13579001 -0.060201474 0.24062014 37 99 235
-0.0080839805 0.070656516 0.37560418 37 99 235
0.022775067 -0.00281855 -0.48918763 37 99 235
-0.032935932 0.10925213 -0.50288826 37 99 235
-0.031206451 -0.15121406 0.15099481 37 99 235
-0.13530006 -0.018243523 0.29238951 37 99 235
-0.010374767 0.066396207 0.69729209 37 99 235
-0.43119785 0.0121263 0.41214368 37 99 235
0.013836136 -0.11194161 -0.34304526 37 99 235
0.052023415 -0.065804303 -0.45456731 37 99 235
0.36199838 -0.1953802 0.088914692 37 99 235
-0.13483119 -0.059877921 0.32624045 37 99 235
-0.12104721 0.0025940656 0.27382901 37 99 235
-0.1435962 -0.11429026 -0.096806198 37 99 235
-0.00031607947 -0.01603209 -0.77580386 37 99 235
0.11667052 -0.018776508 0.72445256 37 99 235
-0.055246551 -0.10563265 -0.42882442 37 99 235
0.014174686 0.16784531 -0.50300175 37 99 235
0.050712977 0.01396131 0.71908993 37 99 235
0.39068797 -0.10737252 0.25090554 37 99 235
-0.036416136 -0.1764476 -0.065739304 37 99 235
0.0021169791 -0.012839407 -0.34081882 37 99 235
-0.25748831 -0.10308136 0.095473632 37 99 235
-0.06290748 -0.042437408 -0.42254874 37 99 235
-0.025225254 0.10675547 -0.38739133 37 99 235
0.36299238 -0.11954997 0.26704353 37 99 235
-0.1200638 -0.11514121 -0.080981389 37 99 235
-0.20181902 -0.15187638 -0.034005225 37 99 235
0.079816937 -0.0012921989 0.7301259 37 99 235
0.069951355 0.038044341 -0.15561384 37 99 235
0.00036467044 0.079874977 -0.085525759 37 99 235
-0.20906021 -0.097416908 0.058644697 37 99 235
0.32612815 -0.11636071 0.10253292 37 99 235
0.19983423 -0.11696425 0.068133913 37 99 235
-0.3237561 -0.21444893 0.23535965 37 99 235
-0.11907026 -0.072604835 0.44139144 37 99 235
0.31019184 -0.10312229 0.15241572 37 99 235
-0.0013060103 0.14418232 0.54050171 37 99 235
-0.12601876 -0.10114505 -0.3760494 37 99 235
0.13579001 -0.022905156 -0.14767589 37 99 235
0.43108127 -0.073953919 0.29100239 37 99 235
-0.070171557 -0.11733291 0.097499803 37 99 235
-0.10042959 -0.11757008 0.11728377 37 99 235
0.037069339 0.065551065 -0.059616324 37 99 235
0.35588831 -0.16064148 -0.046413407 37 99 235
0.12565112 -0.0064991079 0.22007266 37 99 235
0.24757364 -0.080747336 0.81502903 37 99 235
0.33399722 -0.19201185 -0.11257911 37 99 235
-0.17679112 -0.11281238 -0.18186857 37 99 235
0.36004379 -0.19953862 0.30822632 37 99 235
-0.13455893 -0.016064037 -0.15798953 37 99 235
-0.044169642 0.036125019 0.48901054 37 99 235
-0.014476515 -0.07070116 0.48496249 37 99 235
-0.046630323 0.054051682 -0.25808918 37 99 235
-0.049416997 -0.1097893 -0.4865368 37 99 235
0.030182164 -0.1123923 -0.30689311 37 99 235
0.0070041553 -0.078409791 -0.83454335 37 99 235
0.083079852 -0.10197043 -0.36476922 37 99 235
-0.013143251 -0.15075383 -0.15771103 37 99 235
-0.045054518 -0.11939189 0.26622769 37 99 235
0.06170696 -0.050650492 -0.53228265 37 99 235
-0.10710039 -0.11406809 -0.16958334 37 99 235
0.10329954 -0.034535594 -0.42910868 37 99 235
-0.049605142 -0.11549886 -0.052439768 37 99 235
0.019694949 0.072286479 0.23425606 37 99 235
0.29938042 -0.11711267 0.33792481 37 99 235
-0.13441618 -0.11986195 0.35222074 37 99 235
0.056632731 -0.030883657 -0.60147101 37 99 235
-0.16770193 -0.11386299 0.28450188 37 99 235
0.19295985 -0.12421699 -0.1988543 37 99 235
-0.24398643 -0.099426918 0.11533894 37 99 235
-0.025504457 0.10254901 -0.38559303 37 99 235
-0.032459147 0.061406206 -0.37954623 37 99 235
0.068506613 0.036149714 -0.19096589 37 99 235
0.22349383 -0.16520885 0.007402326 37 99 235
0.087299109 -0.12011122 0.32542726 37 99 235
0.076435171 0.00020088954 0.76864219 37 99 235
0.34851006 -0.10438153 0.12023689 37 99 235
-0.29705968 -0.10138547 0.11273304 37 99 235
-0.2304419 -0.1181479 0.23123074 37 99 235
0.10004918 0.027281925 -0.35049146 37 99 235
-0.024807144 -0.14446786 -0.049842879 37 99 235
0.11455957 0.016952215 -0.32500049 37 99 235
0.0021331881 -0.035863105 0.6144467 37 99 235
-0.071988188 0.029857684 0.14041452 37 99 235
-0.060867254 -0.039181847 -0.57104206 37 99 235
-0.13092563 -0.1019709 0.15695043 37 99 235
0.030979203 0.066491835 -0.3466689 37 99 235
0.19237195 -0.14561643 -0.1771411 37 99 235
0.12764023 -0.0034516149 -0.082967401 37 99 235
-0.42975989 0.0015965827 0.34719792 37 99 235
-0.13009855 -0.074692115 -0.3499949 37 99 235
0.0095306141 0.060601771 0.7317794 37 99 235
0.18704405 -0.052158494 0.82511741 37 99 235
-0.12371558 -0.10756861 0.38063303 37 99 235
0.0048940857 -0.14759082 0.16615804 37 99 235
-0.29107884 -0.10219152 0.19655965 37 99 235
0.0040237941 -0.12276173 0.48277053 37 99 235
0.3792055 -0.10811122 0.2735177 37 99 235
0.22380778 -0.1120843 0.23628296 37 99 235
0.21070267 -0.11307686 0.28660533 37 99 235
-0.023789393 0.076355517 -0.28633934 37 99 235
0.0098929591 -0.013673207 -0.37067991 37 99 235
-0.073401161 -0.11794582 0.14859267 37 99 235
0.067511454 0.037780773 -0.35403168 37 99 235
-0.035244238 0.0010762882 -0.53848499 37 99 235
0.0036353988 -0.025478143 -0.79934758 37 99 235
-0.014079235 0.095455758 -0.51756638 37 99 235
-0.12728332 -0.042992432 0.38601884 37 99 235
0.33848491 -0.1602881 0.32888463 37 99 235
0.049706645 -0.081200264 -0.63655031 37 99 235
-0.2081842 -0.11797404 -0.15399744 37 99 235
0.052372821 0.044305399 0.26487631 37 99 235
-0.1042264 -0.013726591 0.71302056 37 99 235
-0.083703406 -0.1101347 0.46269262 37 99 235
0.068992376 0.01139888 -0.3878912 37 99 235
-0.26561731 -0.16390897 -0.14474729 37 99 235
0.072589889 0.036243368 -0.26698393 37 99 235
-0.30278403 -0.15054896 0.14865896 37 99 235
-0.39234403 -0.11981882 0.34477469 37 99 235
-0.42981765 0.014842669 0.40120143 37 99 235
0.3226999 -0.20814727 0.023976382 37 99 235
0.30715916 -0.18968293 0.071367182 37 99 235
0.054116737 0.029512579 -0.41365954 37 99 235
0.0039074901 -0.032567572 0.61866099 37 99 235
-0.054722749 -0.11460353 -0.12584932 37 99 235
-0.11662801 -0.11103787 0.16570227 37 99 235
-0.031072361 0.076855332 -0.34947318 37 99 235
0.022513982 -0.20064114 -0.10723551 37 99 235
0.13651378 -0.081496291 0.0942408 37 99 235
0.30733243 -0.18360907 0.28274006 37 99 235
-0.32806787 -0.15900323 0.31248224 37 99 235
-0.0096687172 -0.21453682 0.0016547735 37 99 235
-0.024611933 -0.071850248 -0.46280229 37 99 235
0.058129162 -0.04376097 -0.61218441 37 99 235
-0.062763594 -0.063289411 -0.47343576 37 99 235
0.017300619 0.11744814 -0.53365636 37 99 235
-0.0062688673 -0.015586512 -0.27387354 37 99 235
0.1451108 -0.090110667 0.012660577 37 99 235
0.040174454 -0.14490302 -0.48014727 37 99 235
0.112634 0.010589599 0.1881035 37 99 235
-0.067623645 -0.11591661 -0.018589852 37 99 235
-0.1439873 -0.086851552 -0.060345531 37 99 235
-0.029877786 -0.19538198 0.16375816 37 99 235
-0.43339688 -0.044212956 0.37436193 37 99 235
0.34453687 -0.10478181 0.22467843 37 99 235
0.041193601 -0.12184828 0.40270203 37 99 235
-0.00067738345 0.16012818 0.81977439 37 99 235
0.16753586 -0.11912023 0.24489136 37 99 235
0.24020387 -0.15677635 -0.035604425 37 99 235
-0.34196654 -0.15732589 0.30483428 37 99 235
-0.28700694 -0.12049534 0.3609342 37 99 235
-0.0062757735 -0.19017473 -0.20239156 37 99 235
-0.14474607 -0.086567402 0.017923463 37 99 235
0.34091762 -0.21657713 0.19678228 37 99 235
-0.028376143 -0.044987418 0.50235653 37 99 235
0.16300413 -0.11294284 0.20608103 37 99 235
-0.34621173 -0.11056969 0.045629565 37 99 235
0.047258005 -0.10235988 0.49125525 37 99 235
-0.050959609 -0.11397988 -0.17676905 37 99 235
0.051945254 0.046456765 0.12737167 37 99 235
-0.028501244 0.023209181 -0.30968636 37 99 235
-0.31658575 -0.1284973 0.12895671 37 99 235
-0.21428064 -0.11326795 0.1106329 37 99 235
0.27556428 -0.17694677 0.10256205 37 99 235
0.02534706 -0.16583762 -0.46327206 37 99 235
0.0081379237 -0.03871702 0.58185178 37 99 235
0.35115433 -0.11789993 0.032187719 37 99 235
0.43097657 -0.013974561 0.38528302 37 99 235
-0.0092740785 0.078933463 0.60123169 37 99 235
0.24836551 -0.10863735 -0.067927286 37 99 235
-0.33661434 -0.15058364 0.19327596 37 99 235
-0.17472124 -0.09719184 -0.07050129 37 99 235
-0.00032623432 0.10281613 0.76742625 37 99 235
0.068261914 0.0073807919 0.68882269 37 99 235
0.10944082 -0.11327096 -0.23467529 37 99 235
-0.26141632 -0.1109096 0.27868369 37 99 235
-0.22418478 -0.14980972 -0.14593066 37 99 235
0.0011747773 0.11255114 0.60765088 37 99 235
0.35489801 -0.13344066 0.010179105 37 99 235
0.032092858 -0.18204327 -0.10315362 37 99 235
0.063545302 -0.11362387 -0.2058728 37 99 235
0.076027103 -0.11817016 0.166265 37 99 235
-0.31609064 -0.10210583 0.11311028 37 99 235
-0.012053839 0.1565031 -0.33228859 37 99 235
-0.11284169 -0.11642113 0.23530348 37 99 235
-0.063393667 0.011910562 -0.48228255 37 99 235
0.00096277078 0.11575559 0.83020473 37 99 235
-0.22787251 -0.069652542 0.78494275 37 99 235
0.43205318 -0.067499533 0.27765232 37 99 235
-0.25795189 -0.11842507 0.3201997 37 99 235
0.12214943 -0.11365299 -0.16666825 37 99 235
-0.40068743 -0.1202346 0.36765215 37 99 235
-0.03962956 0.058934908 -0.22980316 37 99 235
-0.28313267 -0.10948694 0.27048582 37 99 235
0.13579001 -0.046564557 0.20294195 37 99 235
0.10642824 -0.010092799 0.39137775 37 99 235
0.0068564811 0.088210762 0.47535899 37 99 235
-0.020874977 -0.11368644 -0.20033191 37 99 235
0.033834286 0.011987578 0.64119017 37 99 235
0.11694068 0.0096271718 0.097032234 37 99 235
0.050801508 -0.11998256 0.31443763 37 99 235
0.19377568 -0.09595903 -0.013589414 37 99 235
0.19777937 -0.11637832 -0.17096387 37 99 235
0.24476765 -0.10340799 -0.039078273 37 99 235
-0.11073228 -0.0050927568 0.36992994 37 99 235
-0.13576999 -0.075168483 0.0173785 37 99 235
-0.062926732 -0.056214705 -0.49480614 37 99 235
-0.2778306 -0.10131806 0.1664263 37 99 235
0.042699106 -0.11610074 -0.0033978419 37 99 235
-0.013372073 0.075400092 0.11135024 37 99 235
0.13527715 -0.10961762 -0.15757117 37 99 235
-0.1378852 -0.014758768 -0.26179844 37 99 235
-0.30562288 -0.13256235 0.10267412 37 99 235
-0.034740679 -0.19533701 0.021396263 37 99 235
0.013976765 0.056836918 0.60060722 37 99 235
0.10251355 -0.098241441 -0.36858729 37 99 235
0.26113385 -0.11021875 0.12335324 37 99 235
0.018430592 0.073214218 0.16499771 37 99 235
0.0055208527 -0.21526894 0.0044806874 37 99 235
-0.037705101 -0.049959026 -0.78951663 37 99 235
0.22574666 -0.10688071 0.2379023 37 99 235
0.19618566 -0.10694195 0.078237936 37 99 235
-9.8627381e-05 -0.0032915652 -0.73604155 37 99 235
0.137447 -0.087340869 -0.037351236 37 99 235
-0.029045664 0.0038335267 0.6732254 37 99 235
0.0037035758 -0.1478294 0.080285348 37 99 235
-0.00030097837 0.074389026 0.25148693 37 99 235
0.43320364 -0.035431098 0.35195488 37 99 235
0.28658333 -0.16953988 0.14640105 37 99 235
-0.12006664 -0.10757981 -0.39042002 37 99 235
0.34893978 -0.21121694 0.044885002 37 99 235
0.088315941 0.030243021 -0.28387001 37 99 235
0.35746562 -0.15501802 -0.0097338883 37 99 235
0.26553389 -0.13206849 0.10233413 37 99 235
-0.12503694 0.0003392362 0.072996922 37 99 235
-0.12153271 -0.116847 0.05820344 37 99 235
-0.078894854 -0.11756931 0.11707382 37 99 235
0.13740246 -0.064444624 -0.22972983 37 99 235
0.2253762 -0.097847477 0.043847471 37 99 235
-0.32495818 -0.15238075 0.2003808 37 99 235
0.30601677 -0.19216733 0.24818425 37 99 235
0.027095854 0.020693522 0.79600877 37 99 235
-0.0077041462 0.12264885 -0.45812994 37 99 235
0.038379297 0.06039099 0.12909733 37 99 235
0.16037561 -0.041182484 0.81417084 37 99 235
0.035742417 -0.059725344 -0.46340361 37 99 235
-0.011055849 0.046727635 0.73497957 37 99 235
-0.00056958513 0.12498313 -0.53617418 37 99 235
-0.20040393 -0.11613891 -0.068993039 37 99 235
0.22034782 -0.098411947 -0.035606779 37 99 235
-0.031451173 -0.11212829 -0.32780936 37 99 235
0.18791789 -0.1004504 0.14979942 37 99 235
0.16735071 -0.11976898 0.3279753 37 99 235
0.43166927 0.015497032 0.33198312 37 99 235
-0.31841826 -0.15679158 0.16825129 37 99 235
0.20997131 -0.14366716 -0.082040548 37 99 235
0.30954081 -0.19514069 0.20342584 37 99 235
-0.36815071 -0.18618679 0.29427764 37 99 235
-0.17956226 -0.11887112 0.36079812 37 99 235
0.089576147 -0.11407664 -0.16839281 37 99 235
0.30812362 -0.11610586 -0.0017502172 37 99 235
0.27713245 -0.11431653 -0.058554363 37 99 235
-0.32857779 -0.13397008 0.16836444 37 99 235
0.21282844 -0.11905666 0.35440296 37 99 235
0.032163817 0.075765371 -0.49650171 37 99 235
-0.36791724 -0.17467347 0.099141203 37 99 235
0.34514564 -0.11935816 0.3338412 37 99 235
0.2383168 -0.11730643 0.23052555 37 99 235
-0.1211985 -0.1120289 -0.33597463 37 99 235
-0.023793852 -0.17139202 -0.14858791 37 99 235
0.26691356 -0.11164747 0.2695283 37 99 235
0.05006827 0.052984081 -0.22907493 37 99 235
0.13333634 -0.018036064 0.26667759 37 99 235
-0.08118356 0.030366756 -0.12376356 37 99 235
-0.054885503 -0.12453166 0.52105159 37 99 235
-0.053467106 -0.11591138 -0.018613005 37 99 235
-0.1351905 -0.018895851 0.30346546 37 99 235
0.0073385695 0.085308738 0.080980614 37 99 235
-0.12501828 -0.015406288 -0.38291883 37 99 235
0.33864209 -0.1496596 0.15117373 37 99 235
0.1288857 -0.10058358 0.33719614 37 99 235
-0.12987296 -0.023700783 0.71996856 37 99 235
0.061802331 0.036850981 0.32416156 37 99 235
-0.10822163 -0.11915395 0.24713244 37 99 235
-0.016500693 -0.080187686 -0.46220747 37 99 235
0.20785871 -0.0969292 0.021776641 37 99 235
0.047840204 0.049349304 0.27063349 37 99 235
-0.093224674 0.020259924 0.28832048 37 99 235
-0.036643125 0.061709613 0.086744204 37 99 235
0.32905871 -0.20864397 -0.051963635 37 99 235
0.31866443 -0.20440014 0.0085552307 37 99 235
-0.040861424 -0.11925445 0.25513971 37 99 235
0.22006573 -0.097906999 0.065098822 37 99 235
0.051775899 0.019669455 0.48173243 37 99 235
-0.053882349 -0.028379366 -0.64129353 37 99 235
0.052153379 0.047875941 -0.0078222435 37 99 235
0.36926863 -0.11421552 0.21005052 37 99 235
-0.33600441 -0.13585448 0.08676298 37 99 235
-0.056334265 0.0062054037 -0.52495557 37 99 235
0.10277725 -0.090288118 0.51149428 37 99 235
-0.28148326 -0.11525133 0.11224744 37 99 235
-0.33434775 -0.21192801 0.059769835 37 99 235
0.014468954 -0.21569054 -0.52873075 37 99 235
0.039935738 -0.098910518 -0.54848212 37 99 235
0.13649787 -0.030649833 -0.19560684 37 99 235
0.43719745 -0.070539676 0.14917879 37 99 235
-0.047741555 -0.11823837 0.17244981 37 99 235
0.12799996 -0.0057532289 -0.13435853 37 99 235
-0.23035012 -0.11708231 0.07750126 37 99 235
-0.026501531 0.075658403 -0.40549305 37 99 235
0.13639414 -0.0946154 0.032844462 37 99 235
-0.088235117 -0.12144643 0.407736 37 99 235
-0.011463911 0.082089528 -0.25903329 37 99 235
-0.014784546 0.021309987 -0.61243266 37 99 235
-0.31120268 -0.16359152 -0.11237495 37 99 235
0.40557101 -0.11729262 0.34879413 37 99 235
0.00046280539 0.093726963 0.55531466 37 99 235
-0.16634418 -0.11357813 0.21477348 37 99 235
-0.42953351 0.062334202 0.30075064 37 99 235
0.3665745 -0.18888611 0.010355832 37 99 235
0.13433141 -0.099846691 -0.095036805 37 99 235
0.023889286 0.062025692 -0.45918384 37 99 235
-0.26796782 -0.20556781 0.11773004 37 99 235
-0.13203262 -0.043296274 -0.33270603 37 99 235
-0.17151797 -0.11621766 0.0065653292 37 99 235
0.0051098154 -0.20783335 -0.101767 37 99 235
-0.0046545258 -0.20192681 0.24351612 37 99 235
0.019950494 0.066371709 -0.26564807 37 99 235
0.31361121 -0.20301865 0.30269942 37 99 235
0.072745144 -0.082211941 -0.42558432 37 99 235
0.038661491 -0.11656542 0.49293238 37 99 235
0.0038422656 0.096038327 0.48722476 37 99 235
0.074846961 0.0001929385 -0.37705958 37 99 235
-0.26923105 -0.10044872 0.12139416 37 99 235
-0.2025408 -0.16024172 -0.00016964719 37 99 235
0.030865205 -0.17052476 0.22492844 37 99 235
0.30959624 -0.18552208 -0.053848725 37 99 235
0.062603474 -0.063923173 -0.49425656 37 99 235
-0.015605793 0.079936512 -0.16007853 37 99 235
0.020170851 -0.14617047 0.11033108 37 99 235
0.30303332 -0.11323919 0.046880998 37 99 235
-0.14570329 -0.096355446 0.18601196 37 99 235
-0.059153441 0.042565007 -0.036960702 37 99 235
0.23122782 -0.11968446 0.34466907 37 99 235
0.031039473 -0.0034511699 -0.5213359 37 99 235
0.085215256 -0.12151048 0.40813476 37 99 235
-0.31916991 -0.14897366 -0.078889072 37 99 235
-0.30165425 -0.11494342 -0.030685101 37 99 235
-0.10911655 -0.11697967 0.068753593 37 99 235
-0.03763967 0.056988809 0.38364089 37 99 235
0.23180161 -0.098714195 0.094981983 37 99 235
-0.35707745 -0.20764269 0.087269925 37 99 235
0.085756063 -0.11739707 0.10286668 37 99 235
-0.0040085213 -0.16574188 -0.21756986 37 99 235
-0.0080712736 -0.11277021 -0.27518973 37 99 235
0.22141698 -0.11669649 -0.1383556 37 99 235
-0.075664803 0.0042394036 0.67509955 37 99 235
-0.18876897 -0.13700144 -0.20407949 37 99 235
-0.04897923 0.047652666 0.3261697 37 99 235
-0.2236065 -0.098757431 0.12363499 37 99 235
0.0293773 0.16552019 -0.36432108 37 99 235
-0.1110386 -0.0038676807 0.3667905 37 99 235
-0.060818762 -0.068888508 -0.50705576 37 99 235
-0.30210924 -0.11788698 0.27219799 37 99 235
0.067595817 0.00073773949 -0.3865591 37 99 235
-0.11291442 -0.046471212 0.45064422 37 99 235
0.30317542 -0.17286861 0.18497637 37 99 235
-0.15449624 -0.092038326 -0.11610924 37 99 235
0.017571207 -0.14276373 0.052626051 37 99 235
0.26740503 -0.10554573 0.18656459 37 99 235
-0.032663029 -0.18268703 0.22521584 37 99 235
-0.0099461814 -0.11239616 -0.72152388 37 99 235
0.0856608 -0.052348744 0.51787889 37 99 235
-0.010481855 0.0883343 -0.27587903 37 99 235
0.18519008 -0.14895262 0.0003487542 37 99 235
0.0037629895 0.079492472 -0.2459766 37 99 235
0.13579001 -0.034033481 -0.15913954 37 99 235
0.2913641 -0.12754036 -0.044006165 37 99 235
-0.040841397 0.022265807 0.56128299 37 99 235
-0.10917529 -0.11182309 -0.35327655 37 99 235
-0.013779018 0.17238249 -0.51142389 37 99 235
0.31580991 -0.11274128 0.23605821 37 99 235
-0.04228621 -0.11216224 -0.32516694 37 99 235
0.03931364 -0.14068234 -0.47297665 37 99 235
-0.071645513 0.0036070223 0.70036715 37 99 235
-0.13461186 -0.01925502 0.30766413 37 99 235
-0.36064085 -0.11854131 0.34940803 37 99 235
0.056031201 0.0083959643 0.64248031 37 99 235
-0.094972692 -0.11369545 -0.19954528 37 99 235
-0.10727282 0.022912612 -0.35068297 37 99 235
-0.13576999 -0.042636544 0.076796517 37 99 235
0.0041866191 -0.14512327 -0.45888048 37 99 235
0.36176687 -0.20282392 0.075563028 37 99 235
-0.25861651 -0.10020098 0.1340085 37 99 235
0.23150505 -0.12272294 -0.12981671 37 99 235
-0.072990179 0.0048213578 -0.43291083 37 99 235
0.04877872 0.05050768 0.089002855 37 99 235
0.18151616 -0.11145495 0.046527456 37 99 235
0.37029323 -0.18477488 0.13900112 37 99 235
-0.31875882 -0.15442839 -0.023638558 37 99 235
-0.2963616 -0.10093536 0.0778675 37 99 235
-0.33036774 -0.13230783 -0.022885451 37 99 235
-0.27756274 -0.16541469 -0.15960018 37 99 235
0.13579001 -0.060266837 0.13689068 37 99 235
-0.029031046 -0.10588726 -0.59871691 37 99 235
0.27224705 -0.20202917 0.097783394 37 99 235
0.29578203 -0.13855113 -0.040749319 37 99 235
0.30634508 -0.11929763 0.29986975 37 99 235
0.16597949 -0.11975173 0.32990548 37 99 235
0.0096355733 -0.11286099 -0.72685683 37 99 235
0.113738 -0.11475107 0.34223476 37 99 235
0.16643834 -0.096575461 0.12085351 37 99 235
-0.0045707161 -0.15928873 0.34249598 37 99 235
-0.29642984 -0.13718644 -0.084764689 37 99 235
0.43011558 0.046878841 0.4156124 37 99 235
-0.028915863 -0.15235718 0.19694759 37 99 235
-0.31428051 -0.20360942 0.22793287 37 99 235
-0.0028234145 0.078139439 0.42856225 37 99 235
0.1128147 -0.0027696511 -0.42176825 37 99 235
0.041381888 0.059441317 -0.21442071 37 99 235
0.015995812 -0.11290525 -0.2640214 37 99 235
0.069778346 -0.03587997 0.52057385 37 99 235
-0.13576999 -0.059737328 0.11054843 37 99 235
-0.25944981 -0.11853262 0.19649322 37 99 235
0.43731841 -0.086616196 0.3932285 37 99 235
0.12787193 -0.099538706 0.43195343 37 99 235
-0.21664108 -0.064464293 0.80276734 37 99 235
-0.25355068 -0.1442374 0.0066487072 37 99 235
-0.20305088 -0.11089306 -0.022352666 37 99 235
0.00020675211 0.16885023 0.74221855 37 99 235
0.029051913 0.066187598 0.14815785 37 99 235
-0.4303607 -0.079448499 0.29847834 37 99 235
0.13362856 -0.08215943 0.34617913 37 99 235
0.1383094 -0.11954674 0.12327997 37 99 235
0.02923857 0.01912692 -0.33123857 37 99 235
-0.0032298411 0.0862123 -0.29534799 37 99 235
0.028345753 -0.0071670972 -0.29458594 37 99 235
-0.027864652 -0.12967917 0.091161206 37 99 235
0.018473458 -0.010813169 -0.59335566 37 99 235
0.037192322 -0.14130884 -0.53901839 37 99 235
-0.011217264 -0.047219839 -0.44199449 37 99 235
0.062226504 -0.11526331 -0.071252391 37 99 235
0.029542312 0.075868532 -0.4439989 37 99 235
-0.34963033 -0.15630564 -0.05668778 37 99 235
0.33870119 -0.11298352 0.19927718 37 99 235
0.11435856 0.011507032 -0.12408406 37 99 235
0.10845889 -0.11658605 0.036767561 37 99 235
0.037823237 0.015618186 0.76352972 37 99 235
-0.032607257 -0.048829809 0.49096733 37 99 235
-0.43598843 -0.05120232 0.28947783 37 99 235
-0.051659014 0.045793734 0.20683061 37 99 235
0.0010747658 0.20812291 0.81322974 37 99 235
0.052834745 -0.017926266 -0.60568517 37 99 235
0.10588594 0.023174834 -0.29522049 37 99 235
-0.31608352 -0.18381785 -0.062107518 37 99 235
-0.13171421 -0.013469097 0.27693185 37 99 235
0.43503574 -0.035333883 0.40739426 37 99 235
-0.029804578 -0.20571916 0.08424297 37 99 235
0.1354406 -0.030387411 -0.30303445 37 99 235
0.13587141 -0.043037746 -0.16398443 37 99 235
-0.20736654 -0.096390322 -0.020384183 37 99 235
0.33302292 -0.15802038 -0.078311823 37 99 235
-0.04485767 0.00049949938 0.56274205 37 99 235
0.027666915 -0.017957531 -0.42032963 37 99 235
0.037187025 0.026770778 -0.43524009 37 99 235
0.0010495097 0.18337502 0.61956966 37 99 235
-0.12753052 0.0027652171 -0.25848016 37 99 235
0.38562781 -0.1096867 0.19755173 37 99 235
0.026812004 -0.1853043 -0.54165238 37 99 235
0.048057619 -0.028239792 -0.70010281 37 99 235
0.062675394 0.036811844 0.063768819 37 99 235
0.043307912 -0.11927282 0.25673014 37 99 235
0.12319838 -0.002494775 0.31204879 37 99 235
-0.0027582136 0.076106727 0.14201516 37 99 235
-0.02935184 -0.11573569 -0.032901339 37 99 235
0.14375512 -0.033096481 0.81032199 37 99 235
0.030238979 -0.0041154451 -0.5254035 37 99 235
-0.11126193 0.01228461 0.23630387 37 99 235
0.35543999 -0.13013518 0.057182025 37 99 235
0.040319216 0.010366738 0.7042172 37 99 235
-0.011106982 -0.11568096 -0.52329248 37 99 235
0.039129492 -0.16826953 0.12364195 37 99 235
-0.098490231 -0.073564857 0.49995324 37 99 235
-0.32022837 -0.15407333 0.22504938 37 99 235
0.10026664 -0.11788356 0.14217423 37 99 235
0.13897425 -0.083321057 0.14067495 37 99 235
0.065643057 0.031795807 0.26294738 37 99 235
-0.063881934 0.0099647734 -0.36595342 37 99 235
0.41875026 -0.10770908 0.18917809 37 99 235
0.33685413 -0.10567924 0.24622513 37 99 235
-0.0074231522 -0.12025385 0.3311837 37 99 235
0.011865796 -0.11056794 0.48208061 37 99 235
0.041884016 -0.17799872 0.017975459 37 99 235
0.13999939 -0.11051974 0.017865881 37 99 235
0.095984921 -0.021082446 0.4317044 37 99 235
0.36793172 -0.17291477 0.032829631 37 99 235
0.0097253211 0.082648434 -0.54434609 37 99 235
-0.023722813 0.07186687 0.091336817 37 99 235
0.069543242 -0.0020538867 -0.41094673 37 99 235
-0.43822879 -0.088783644 0.10451739 37 99 235
0.023472035 0.01116364 -0.32085523 37 99 235
-0.035923179 0.032948099 -0.4280712 37 99 235
-0.24237081 -0.15083647 -0.058705036 37 99 235
-0.017865511 -0.200609 0.22834897 37 99 235
-0.096093379 0.023127003 0.12361071 37 99 235
-0.12382376 -0.029408431 -0.38520312 37 99 235
-0.13342954 -0.0081861857 -0.27247563 37 99 235
0.26080441 -0.12109134 -0.024752533 37 99 235
-0.17138885 -0.044611711 0.8177163 37 99 235
-0.0014548049 0.093283385 0.4272463 37 99 235
0.32285547 -0.21220274 0.18618567 37 99 235
-0.015973704 0.063236184 -0.29912668 37 99 235
-0.0025172289 -0.00344109 0.69444031 37 99 235
-0.4361701 -0.091118574 0.37300283 37 99 235
-0.27000493 -0.16619495 -0.13301782 37 99 235
-0.10688747 -0.047195192 0.47152957 37 99 235
-0.019822866 -0.053345427 0.51633734 37 99 235
0.020026105 -0.16553828 -0.48406228 37 99 235
3.4444045e-05 0.17595156 0.61010396 37 99 235
0.34536347 -0.20744036 -0.053402744 37 99 235
0.21480583 -0.097160913 0.01920424 37 99 235
-0.049976569 -0.11933592 0.26199329 37 99 235
0.018503506 0.018932899 0.78742212 37 99 235
-0.1380112 -0.022237698 -0.25428981 37 99 235
-0.025921782 -0.10708494 -0.52936625 37 99 235
-0.17609663 -0.097718775 0.14741696 37 99 235
-0.13291131 -0.010732424 -0.18864311 37 99 235
-0.10448103 -0.12036686 0.36556086 37 99 235
-0.051199358 0.020786207 0.48394325 37 99 235
0.053123876 -0.072834753 -0.676965 37 99 235
0.030970836 0.091256879 -0.47781906 37 99 235
0.01195792 0.16106145 -0.49295256 37 99 235
0.040088639 -0.1003407 -0.51502794 37 99 235
-0.13576999 -0.056826569 -0.096976168 37 99 235
0.13579001 -0.060368419 0.19521821 37 99 235
0.43063709 0.035867382 0.34254646 37 99 235
-0.42848668 -0.082040824 0.22149244 37 99 235
0.024462847 0.071951635 0.022103783 37 99 235
-0.0084405271 0.11162359 0.65027535 37 99 235
-0.027494607 -0.11738016 0.10199596 37 99 235
0.081662469 -0.11830822 0.17762044 37 99 235
-0.036826551 0.017419655 -0.37021077 37 99 235
-0.13376141 -0.10901565 0.11226428 37 99 235
0.049225323 -0.018897636 -0.63822615 37 99 235
0.024789384 0.02949007 -0.57288247 37 99 235
0.19349296 -0.10580635 0.028816888 37 99 235
-0.0024640018 0.077089928 0.05700377 37 99 235
0.36038348 -0.20350899 0.21607859 37 99 235
0.13383618 -0.018480353 -0.059534661 37 99 235
0.0001633225 0.073602833 -0.54758352 37 99 235
-0.011975911 -0.21544841 0.015285745 37 99 235
0.13125437 -0.11612597 -0.0014515234 37 99 235
0.12460528 -0.086056493 -0.38545588 37 99 235
-0.070137814 -0.086992964 -0.38226524 37 99 235
0.011375124 0.076148048 0.62258863 37 99 235
0.0020563039 0.062936597 0.77087796 37 99 235
0.30558801 -0.17498136 0.23876803 37 99 235
-0.318867 -0.20208725 -0.019378202 37 99 235
0.12950818 -0.048591267 -0.35500643 37 99 235
0.17444661 -0.11315896 0.38166294 37 99 235
0.33072424 -0.1196321 0.35951191 37 99 235
-0.31596574 -0.13629438 0.10448759 37 99 235
-0.41563657 -0.11209164 0.20713089 37 99 235
-0.019657543 -0.11886764 0.22381377 37 99 235
0.32658625 -0.11801476 0.049182486 37 99 235
-0.18467772 -0.10938679 -0.0067336583 37 99 235
0.013475868 -0.17915852 0.3040272 37 99 235
0.010760248 -0.13137847 0.49651062 37 99 235
0.01971131 0.068832643 0.381614 37 99 235
-0.010150976 -0.15064742 0.16557175 37 99 235
0.006098981 -0.13648608 -0.5611127 37 99 235
-0.16755468 -0.097082719 -0.055447578 37 99 235
0.093999326 -0.10668933 0.48022407 37 99 235
-0.085904896 0.024436465 0.31201553 37 99 235
-0.039522339 -0.092417628 -0.74107045 37 99 235
-0.31089336 -0.19635724 -0.021752888 37 99 235
0.017695054 0.036329992 0.70678157 37 99 235
-0.24101627 -0.11894403 0.23022245 37 99 235
0.010899529 -0.10104744 -0.78707862 37 99 235
-0.027899694 -0.18715264 -0.13660309 37 99 235
-0.0077829184 -0.15006773 -0.15592584 37 99 235
-0.051853061 0.023367781 0.4703728 37 99 235
0.15117507 -0.093792126 0.027420804 37 99 235
0.1266703 -0.0027225388 -0.12238657 37 99 235
-0.30133891 -0.15076965 0.080755122 37 99 235
-0.10584082 -0.015350226 0.79947042 37 99 235
0.31767565 -0.10776352 0.26213419 37 99 235
0.027411975 -0.068427078 -0.82575178 37 99 235
-0.13576999 -0.072111204 0.16093603 37 99 235
0.039975099 0.041100577 0.50674111 37 99 235
-0.33485594 -0.11354026 0.011656413 37 99 235
0.36671755 -0.17698556 0.2619637 37 99 235
-0.17958234 -0.10866684 -0.097847268 37 99 235
0.31864014 -0.18449326 -0.11316291 37 99 235
-0.42862278 0.070734933 0.32393777 37 99 235
0.19196235 -0.14464465 -0.039968513 37 99 235
0.12614411 -0.10955275 0.38043025 37 99 235
0.12075149 0.0043372456 0.12709402 37 99 235
-0.011696467 -0.15006721 0.30691937 37 99 235
-0.0041363607 -0.21527214 0.097156189 37 99 235
-0.23361494 -0.12167314 -0.029020961 37 99 235
-0.159292 -0.12002578 0.34396487 37 99 235
0.38683578 -0.10720167 0.14475515 37 99 235
-0.31290781 -0.10823075 0.26477084 37 99 235
-0.13576999 -0.032541975 -0.15773804 37 99 235
0.13238315 -0.094897255 0.35268754 37 99 235
0.31854916 -0.1159002 0.05196568 37 99 235
-0.31392261 -0.12316994 -0.028785098 37 99 235
-0.074101165 -0.11646754 0.027018188 37 99 235
0.35820946 -0.15989718 0.090914898 37 99 235
-0.13003512 -0.0021386205 -0.27944928 37 99 235
-0.32847658 -0.18968277 0.38384959 37 99 235
0.11073282 -0.10361741 0.4359462 37 99 235
-0.28442618 -0.11433911 -0.042477645 37 99 235
-0.1364615 -0.094750777 0.27533022 37 99 235
0.081037275 -0.11736675 0.10036666 37 99 235
-0.42874548 0.0067798896 0.36702749 37 99 235
0.11418594 -0.0040642559 0.35995996 37 99 235
0.069904715 -0.0061314222 -0.45474958 37 99 235
0.044458497 -0.0054777181 0.64516187 37 99 235
-0.43607727 -0.05771045 0.15732394 37 99 235
0.33426872 -0.11316016 0.094385043 37 99 235
-0.3070972 -0.18308343 -0.033950683 37 99 235
-0.078500934 0.027074222 0.23587123 37 99 235
0.35736331 -0.15780039 0.10664286 37 99 235
0.047805153 0.0532993 -0.049189419 37 99 235
-0.18781871 -0.095654808 -0.020649344 37 99 235
-0.057410836 -0.011125287 -0.55865031 37 99 235
-0.0038690695 0.17547096 0.65370423 37 99 235
-0.012589215 -0.006629644 0.68631577 37 99 235
0.015367056 0.074851885 0.15054764 37 99 235
-0.018729847 -0.14831242 -0.13458306 37 99 235
-0.020572729 -0.19655557 -0.56679422 37 99 235
-0.032335501 0.055380259 -0.3435832 37 99 235
0.13077159 -0.0080441507 -0.32746518 37 99 235
-0.37706795 -0.11342498 0.31540462 37 99 235
0.029911663 0.15755625 -0.35843417 37 99 235
-0.24601981 -0.11501475 -0.090935074 37 99 235
-0.31227666 -0.20210388 0.24962102 37 99 235
-0.021614153 0.032972347 -0.57866645 37 99 235
0.017769556 0.012667659 -0.62742496 37 99 235
-0.054607823 -0.11466031 -0.12132816 37 99 235
-0.023399703 -0.14642666 0.55847329 37 99 235
0.011314209 0.076980725 0.65347326 37 99 235
-0.10481247 0.023098219 -0.25362638 37 99 235
-0.35632572 -0.20718367 0.048720408 37 99 235
-0.070544198 -0.05463035 -0.41910166 37 99 235
0.035474811 0.064051591 -0.021408556 37 99 235
-0.34213409 -0.11085761 0.16502579 37 99 235
-0.070140168 -0.11309625 -0.24861003 37 99 235
0.28174651 -0.13308333 0.37230486 37 99 235
0.050038349 -0.11172634 -0.3611356 37 99 235
0.0057403524 -0.17804992 -0.21843365 37 99 235
-0.31047574 -0.17259292 0.28796875 37 99 235
0.12689313 -0.022585312 0.77290499 37 99 235
0.062110797 -0.091560289 -0.44630826 37 99 235
0.13579001 -0.069866225 0.16223031 37 99 235
-0.31020832 -0.17918515 -0.041237183 37 99 235
-0.030045602 -0.02761736 -0.47247398 37 99 235
-0.020844651 -0.11170315 -0.36240947 37 99 235
-0.33367705 -0.21177889 0.08301945 37 99 235
-0.00072065962 -0.10861119 -0.76978993 37 99 235
-0.12656857 -0.045018762 -0.37260619 37 99 235
0.30286252 -0.17804572 0.093200378 37 99 235
-2.1783984e-05 -0.11489978 -0.10124163 37 99 235
0.0007281935 0.060956921 0.75436908 37 99 235
-0.1103617 -0.11967441 0.28940597 37 99 235
0.24957523 -0.11225543 0.17667909 37 99 235
0.10253991 -0.1182488 0.4252055 37 99 235
0.022953341 -0.13068424 0.022385672 37 99 235
-0.34708107 -0.11999178 0.34274706 37 99 235
0.0057985592 0.081169397 -0.064151406 37 99 235
-0.17092796 -0.10770966 0.12516715 37 99 235
-0.0027618262 0.13614568 0.55021584 37 99 235
0.23949637 -0.10949105 0.26225093 37 99 235
-0.13618192 -0.096264139 -0.20498182 37 99 235
-0.12538426 -0.076212935 -0.39126742 37 99 235
0.019314993 -0.20706408 0.14982323 37 99 235
-0.43025196 -0.0089904601 0.2885839 37 99 235
0.28246632 -0.11929099 -0.042461488 37 99 235
0.046215929 -0.11867016 0.20677473 37 99 235
-0.11102244 -0.11499015 -0.09372998 37 99 235
-0.027073154 -0.12119598 0.37461293 37 99 235
-0.012923355 -0.010216487 -0.53596115 37 99 235
-0.42842999 -0.0073405788 0.33086228 37 99 235
-0.000223977 -0.14711717 0.023321148 37 99 235
-0.11142184 -0.016764205 0.75643754 37 99 235
0.31060663 -0.19868092 0.099472791 37 99 235
0.076933883 -0.00047589748 0.4040831 37 99 235
-0.018454682 -0.11832125 0.17913836 37 99 235
-0.13701962 -0.054576442 -0.28793204 37 99 235
-0.032178797 -0.12188646 -0.473436 37 99 235
0.16929151 -0.11188268 -0.18939112 37 99 235
-0.39182165 -0.11705484 0.075181194 37 99 235
0.29825562 -0.14506711 0.084603682 37 99 235
-0.030395037 -0.15320365 0.17522092 37 99 235
-0.10548647 -0.11338895 -0.2248113 37 99 235
-0.42941269 -0.084749319 0.18258128 37 99 235
0.009625122 -0.11843837 0.18836528 37 99 235
0.054421987 0.0077178879 0.77271503 37 99 235
0.43389106 -0.098586999 0.32230121 37 99 235
-0.23648711 -0.14001904 -0.034111489 37 99 235
-0.13743746 -0.085420519 -0.23227839 37 99 235
0.083407693 0.031346638 -0.23077396 37 99 235
0.0057242555 -0.10878908 -0.77029371 37 99 235
0.0023714239 -0.11283976 -0.26909527 37 99 235
-0.24090558 -0.11869648 0.20959447 37 99 235
0.31157979 -0.18109399 -0.072675012 37 99 235
0.14695042 -0.11818833 0.33893871 37 99 235
0.035572238 0.00082211359 -0.41176367 37 99 235
-0.073827587 0.0069692479 0.6449337 37 99 235
0.30007553 -0.15080529 0.39204928 37 99 235
-0.014134143 0.075660296 0.12338249 37 99 235
-0.12738004 -0.0020292394 0.041868716 37 99 235
-0.36971405 -0.17950992 0.018053623 37 99 235
0.0053136293 0.15307078 0.70457196 37 99 235
0.2816039 -0.11083942 0.17725481 37 99 235
-0.010033499 0.037914306 -0.30561891 37 99 235
0.019774865 -0.11764197 0.12327204 37 99 235
0.14515157 -0.11631853 0.36138508 37 99 235
0.043722872 0.058128379 -0.21344948 37 99 235
-0.0050351601 0.16394742 -0.33254206 37 99 235
0.071890317 0.0015846179 0.6507774 37 99 235
0.19611256 -0.11918035 0.33150631 37 99 235
-0.0035393122 0.17053935 -0.49846512 37 99 235
0.053401198 0.049378313 -0.1603208 37 99 235
0.22489555 -0.15629953 0.013393097 37 99 235
0.03155598 0.077289023 -0.47873256 37 99 235
-0.045081425 -0.061040618 -0.4563936 37 99 235
-0.067485556 -0.0096320324 -0.42244282 37 99 235
-0.025527414 -0.18907014 -0.57603687 37 99 235
-0.044874843 -0.056669209 -0.76339322 37 99 235
-0.42978737 0.0066507906 0.25262949 37 99 235
-0.084052928 0.012283253 0.36202285 37 99 235
0.032386638 -0.012079 -0.72156268 37 99 235
0.033019293 -0.16684468 -0.080346525 37 99 235
0.3661882 -0.11276155 0.30340555 37 99 235
-0.010496373 0.083332583 -0.15115328 37 99 235
0.35545179 -0.1628014 -0.059221871 37 99 235
-0.42586252 -0.11383795 0.11425374 37 99 235
-0.032715019 -0.17814659 0.19845496 37 99 235
0.14207654 -0.11592519 -0.017613219 37 99 235
0.29908058 -0.11818726 0.089042068 37 99 235
0.11275119 0.015671356 -0.030720871 37 99 235
-0.43344468 -0.013589039 0.1979669 37 99 235
0.010637628 -0.11301189 -0.25522357 37 99 235
-0.12937342 -0.072011106 -0.3562859 37 99 235
-0.097233251 -0.11917585 0.24886082 37 99 235
-0.08052963 -0.02305867 0.45977852 37 99 235
0.31598759 -0.1989875 -0.037823588 37 99 235
0.0027738432 0.08258865 -0.22385377 37 99 235
-0.07018321 -0.11976746 0.29732004 37 99 235
0.017579237 0.059479706 0.63100237 37 99 235
0.084764116 -0.11790941 0.14493844 37 99 235
0.052203119 -0.11945984 0.27221107 37 99 235
0.32744107 -0.15182835 -0.018712983 37 99 235
0.068911314 -0.020250872 0.48316878 37 99 235
0.12586553 -0.11242781 0.38898218 37 99 235
0.35869744 -0.10789992 0.095895588 37 99 235
-0.12908041 -0.11732621 0.11155622 37 99 235
0.31856519 -0.16594726 -0.076882757 37 99 235
0.028296543 0.14839031 -0.34952608 37 99 235
0.060191844 0.041122664 -0.11807329 37 99 235
0.0019652692 -0.18703033 0.30618876 37 99 235
0.037628308 -0.11814678 0.16421832 37 99 235
0.018273344 -0.10815239 -0.4392603 37 99 235
0.16665995 -0.111229 0.026275557 37 99 235
0.10804332 -0.00888588 -0.42589712 37 99 235
-0.0022749323 -0.11391023 -0.18208374 37 99 235
-0.35861713 -0.14404105 0.23133016 37 99 235
-0.034272429 -0.18241093 -0.036608517 37 99 235
-0.03117012 0.0097956834 0.79574996 37 99 235
-0.14027375 -0.11048061 -0.22909133 37 99 235
0.35307118 -0.1548124 0.21970248 37 99 235
-0.28242233 -0.13495374 0.14067282 37 99 235
0.31373906 -0.10661411 0.11935167 37 99 235
0.2933014 -0.20420656 0.097894363 37 99 235
-0.11563815 -0.0044964226 0.3570832 37 99 235
-0.12617023 -0.074267536 0.40275916 37 99 235
0.12326617 -0.011562892 -0.40241507 37 99 235
0.13596922 -0.030125847 -0.1758002 37 99 235
-0.053007927 -0.098320089 0.47687861 37 99 235
0.012838385 -0.14337653 -0.10635205 37 99 235
-0.27117252 -0.10504283 0.23132199 37 99 235
0.027443513 -0.11765766 0.12473686 37 99 235
0.30533803 -0.15048972 0.39208928 37 99 235
-0.058061622 0.039347962 0.24460694 37 99 235
-0.13805704 -0.080693319 -0.2658971 37 99 235
-0.01698444 0.094096646 -0.41292211 37 99 235
-0.13576999 -0.071775325 -0.076136991 37 99 235
-0.25528279 -0.083915688 0.82360828 37 99 235
-0.22399524 -0.10267873 0.2035895 37 99 235
0.05083986 0.053507805 -0.29044852 37 99 235
0.048277188 -0.053956684 0.4786377 37 99 235
0.030257469 -0.016478548 -0.31417069 37 99 235
-0.30707312 -0.17915179 -0.021740027 37 99 235
-0.042861134 0.012329157 0.74193394 37 99 235
0.23488016 -0.14370148 -0.049018614 37 99 235
-0.35806587 -0.16048081 -0.057513468 37 99 235
-0.2615914 -0.10019176 0.12378745 37 99 235
0.0051157554 -0.11954125 0.27916411 37 99 235
0.12143449 -0.11345742 -0.21965355 37 99 235
0.019119717 -0.026978424 -0.44934046 37 99 235
0.21574059 -0.097163871 0.016445052 37 99 235
0.43377841 -0.037724152 0.28136277 37 99 235
0.36972964 -0.16377056 0.20966753 37 99 235
-0.031450957 0.099042989 -0.48036516 37 99 235
-0.005679464 -0.11289064 -0.26524004 37 99 235
0.018715044 -0.19699547 0.23942827 37 99 235
-0.36184728 -0.20456029 0.27119961 37 99 235
-0.062635183 -0.12000906 0.31728113 37 99 235
0.0061099553 -0.047814716 0.55935937 37 99 235
0.02983081 -0.0049638632 0.65728223 37 99 235
-0.0092663867 -0.21819182 -0.55510926 37 99 235
-0.43376759 -0.10870555 0.24066083 37 99 235
-0.0029755584 0.11168729 0.5931688 37 99 235
0.13405034 -0.11322608 0.010237822 37 99 235
0.36653116 -0.18256089 -0.043691151 37 99 235
0.14725806 -0.11635398 0.017328661 37 99 235
-0.13576999 -0.0877143 -0.1304774 37 99 235
-0.26993099 -0.11934903 0.32739779 37 99 235
0.0082016783 -0.11533918 -0.065374359 37 99 235
0.19217023 -0.14341582 0.010116884 37 99 235
0.0066598225 0.076557472 0.36105552 37 99 235
0.12705268 -0.081124365 0.38976678 37 99 235
-0.2197322 -0.16434051 -0.00095248839 37 99 235
-0.071826786 0.034761898 -0.4108738 37 99 235
0.36516705 -0.19245285 0.10236101 37 99 235
-0.11884037 0.0053528859 -0.39479721 37 99 235
-0.03629085 0.028819516 0.57615262 37 99 235
0.0018312596 0.1529745 0.68621755 37 99 235
-0.050458014 -0.11704935 0.074027434 37 99 235
0.011450201 -0.11995757 0.31347001 37 99 235
-0.028681805 -0.12013005 0.32281721 37 99 235
-0.016799824 -0.11561121 -0.043368846 37 99 235
0.39096868 -0.10530236 0.23716396 37 99 235
-0.36636052 -0.18400387 -0.044222325 37 99 235
0.033548675 -0.10584063 -0.5126223 37 99 235
0.014324633 0.081850879 -0.45505399 37 99 235
-0.027407916 -0.0014575716 0.67888099 37 99 235
-0.023133578 -0.10740533 -0.40827441 37 99 235
-0.024679465 -0.022978285 -0.77634001 37 99 235
-0.039940048 -0.006218384 0.59354073 37 99 235
0.091808684 0.021754088 0.30953255 37 99 235
-0.027278796 0.061219502 0.51689744 37 99 235
0.25017253 -0.13712084 -0.044398244 37 99 235
0.077912316 -0.11668304 0.51010036 37 99 235
0.41410401 -0.12049843 0.36788899 37 99 235
0.33134055 -0.12751342 0.21457352 37 99 235
0.048126314 -0.11623333 0.0077651492 37 99 235
-0.00828839 -0.015581737 -0.27123514 37 99 235
-0.14991975 -0.11845601 0.30659768 37 99 235
-0.068927594 -0.080728427 -0.40480492 37 99 235
0.14052744 -0.11249057 -0.1902371 37 99 235
0.023493852 0.1607482 -0.38751623 37 99 235
0.41871902 -0.10816244 0.14517188 37 99 235
0.32241309 -0.20684814 0.0078027602 37 99 235
-0.011426261 0.079340324 -0.23274794 37 99 235
-0.010686615 -0.19089031 -0.52092671 37 99 235
0.09536431 -0.11405718 0.46513867 37 99 235
0.13271476 -0.015494117 0.29607654 37 99 235
0.2670351 -0.10815569 0.25592187 37 99 235
0.13579001 -0.057165995 0.045270979 37 99 235
0.36081097 -0.11894787 0.10320838 37 99 235
0.43156981 0.013353818 0.37990889 37 99 235
-0.050036974 0.01770035 0.50053316 37 99 235
-0.037333243 0.05991517 0.25609055 37 99 235
0.073120035 -0.11542607 -0.057725929 37 99 235
0.064862408 -0.12190382 0.40524197 37 99 235
-0.1195043 0.0053812596 -0.014612579 37 99 235
-0.035671171 0.0091807712 0.8110193 37 99 235
0.030019389 -0.11371613 -0.19774325 37 99 235
-0.31476888 -0.15845649 -0.010790152 37 99 235
0.12715538 0.0034309411 -0.2344124 37 99 235
-0.056365535 -0.025629405 -0.5904628 37 99 235
-0.24593914 -0.10128869 -0.023611944 37 99 235
0.038140051 -0.15640534 -0.43587074 37 99 235
0.13119888 -0.040769558 0.3622002 37 99 235
0.21538618 -0.11324237 -0.13653247 37 99 235
-0.10153565 0.021535615 0.12801191 37 99 235
-0.029808767 -0.1503567 -0.044336449 37 99 235
0.040039565 -0.030983059 -0.75390393 37 99 235
-0.063212156 -0.023266757 0.48673868 37 99 235
0.18016706 -0.046607614 0.76176053 37 99 235
0.034407202 0.00212255 -0.61427987 37 99 235
0.015901797 0.016485602 -0.61838502 37 99 235
0.0032557666 0.031548746 -0.44469434 37 99 235
-0.047863144 0.028389145 -0.43903229 37 99 235
-0.17494835 -0.10848268 -0.15452312 37 99 235
-0.27968198 -0.14415792 0.13155225 37 99 235
0.022007905 -0.19059511 -0.15459949 37 99 235
0.029448709 -0.035053737 -0.47022316 37 99 235
-0.38610607 -0.11695872 0.24291877 37 99 235
-0.054527719 0.046951707 -0.11969646 37 99 235
0.37020984 -0.10788866 0.15821597 37 99 235
0.36858928 -0.19538808 0.28009763 37 99 235
0.14535823 -0.080583066 0.1259165 37 99 235
-0.17831972 -0.10132903 -0.070604138 37 99 235
0.07288821 -0.00054959947 0.74997908 37 99 235
0.13618781 -0.039579436 -0.18394898 37 99 235
-0.093842797 0.021426486 0.26920816 37 99 235
-0.33651346 -0.10268076 0.096517719 37 99 235
-0.11558609 -0.055568483 0.45466667 37 99 235
0.36236808 -0.15430258 0.25616068 37 99 235
-0.1785243 -0.11880243 0.21942304 37 99 235
0.0053834543 -0.21075456 0.183741 37 99 235
0.032415342 -0.15942559 0.18284699 37 99 235
-0.10458951 0.017319743 0.10931177 37 99 235
0.1184017 0.0065167625 0.1220211 37 99 235
-0.35491478 -0.1499137 0.1359707 37 99 235
0.16260627 -0.11956018 0.32082564 37 99 235
-0.093840741 -0.11629802 0.01321276 37 99 235
0.43106332 -0.0080479747 0.35190254 37 99 235
-0.15108408 -0.095016643 0.070578963 37 99 235
0.10380802 -0.11490916 -0.10066344 37 99 235
-0.23113137 -0.10953443 0.2583724 37 99 235
0.014202411 0.033495788 -0.44391036 37 99 235
-0.13576999 -0.059539869 -0.11990253 37 99 235
0.026035171 -0.20669526 0.017158819 37 99 235
0.080968581 0.033799116 -0.34486735 37 99 235
0.046381101 0.034151133 0.47572461 37 99 235
-0.088020131 -0.1172901 0.46718583 37 99 235
-0.098547779 -0.015621566 -0.42053208 37 99 235
-0.19243582 -0.095836811 -0.019900637 37 99 235
-0.094069161 -0.010066436 0.72500461 37 99 235
-0.28031567 -0.10110837 0.079745062 37 99 235
-0.13576999 -0.070865467 0.24162255 37 99 235
0.3210572 -0.15784271 -0.031087225 37 99 235
0.11103658 -0.079801716 0.48411149 37 99 235
0.11056262 0.020473761 -0.37744215 37 99 235
-0.13576999 -0.072198257 0.12288856 37 99 235
-0.38775495 -0.10863055 0.21282537 37 99 235
0.007322514 0.17433779 -0.50410926 37 99 235
0.034898721 0.048681192 -0.42396638 37 99 235
0.034454394 -0.11973596 0.29519704 37 99 235
0.075327978 0.0026919167 0.72047973 37 99 235
-0.3463577 -0.21163823 0.069682099 37 99 235
-0.13104644 -0.024260338 -0.3409771 37 99 235
0.21107873 -0.11261285 0.28283 37 99 235
-0.36442772 -0.20167211 0.17346781 37 99 235
0.0081046671 -0.11612388 -0.55747628 37 99 235
-0.027110267 -0.10656188 -0.44952059 37 99 235
-0.10171785 0.020199021 0.23287655 37 99 235
0.17874295 -0.11303169 0.38124985 37 99 235
-0.13576999 -0.078441754 0.14861217 37 99 235
-0.2589843 -0.11285869 -0.022110973 37 99 235
0.20921363 -0.14025207 -0.03595021 37 99 235
0.013316518 -0.0017443552 0.69947451 37 99 235
0.11853553 -0.1194082 0.26764861 37 99 235
-0.026225131 -0.047563173 -0.46272185 37 99 235
0.066369496 -0.0010459499 -0.47883198 37 99 235
-0.007626323 -0.012313396 -0.55450082 37 99 235
0.078785025 0.031347852 -0.12610616 37 99 235
-0.13041669 -0.078549676 -0.34728089 37 99 235
-0.32379222 -0.11977485 -0.013565547 37 99 235
0.0020912068 -0.11363729 -0.20398794 37 99 235
0.038041949 -0.15503208 -0.45515451 37 99 235
0.35160902 -0.19761436 -0.1038989 37 99 235
0.043166831 -0.089171037 -0.73435497 37 99 235
0.041007455 -0.11463133 -0.12281223 37 99 235
0.17312036 -0.14392027 -0.0074829701 37 99 235
0.43076515 -0.080922276 0.21381898 37 99 235
0.031790324 -0.16733125 0.21998805 37 99 235
0.034926668 0.061093301 0.38418099 37 99 235
0.040580548 -0.12663418 -0.52776915 37 99 235
0.011460096 0.077930905 0.64246911 37 99 235
0.33152044 -0.158208 0.31052491 37 99 235
-0.1116389 -0.11573713 -0.032315712 37 99 235
0.0062615918 -0.13823077 0.50253367 37 99 235
0.035035476 -0.079503432 -0.45645887 37 99 235
-0.20451851 -0.1559228 -0.0082879346 37 99 235
-0.035298739 -0.18071863 -0.04840355 37 99 235
0.35895404 -0.20712514 0.001658532 37 99 235
0.2232201 -0.1504505 -0.22094607 37 99 235
-0.012007685 -0.038658343 -0.82194239 37 99 235
-0.077047728 0.034659058 -0.3916516 37 99 235
0.0094342707 0.12893236 -0.42258024 37 99 235
0.0036502315 -0.011244301 0.67561036 37 99 235
-0.019316245 -0.15150936 0.2680361 37 99 235
0.0041052951 -0.14189944 0.1175764 37 99 235
-0.40194625 -0.11684091 0.22987504 37 99 235
0.36745563 -0.10487615 0.14268002 37 99 235
-0.040586621 -0.094659083 -0.56482363 37 99 235
-0.24908929 -0.10161394 0.19508408 37 99 235
-0.013680465 -0.0060695368 -0.73535925 37 99 235
0.35735264 -0.20814575 -0.0028645322 37 99 235
-0.19455872 -0.1017492 0.11011425 37 99 235
-0.24852943 -0.10538899 0.017562795 37 99 235
0.016783766 -0.22868666 -0.53632647 37 99 235
-0.06271363 -0.11902171 0.23628226 37 99 235
-0.015939023 -0.065981179 0.50032091 37 99 235
0.032138009 -0.15138826 0.11047162 37 99 235
-0.23053733 -0.097810224 0.024980666 37 99 235
-0.36974996 -0.11395428 0.23081455 37 99 235
-0.083790995 0.026206084 0.18916278 37 99 235
-0.26488438 -0.10762791 0.12412504 37 99 235
-0.43196777 -0.108643 0.35222739 37 99 235
-0.069946021 -0.076000959 0.47715142 37 99 235
0.040838096 0.013163812 0.78328311 37 99 235
0.049675949 0.048923552 0.13577555 37 99 235
0.00064671866 -0.11758738 0.11836936 37 99 235
0.0018454664 -0.14790934 -0.47235277 37 99 235
-0.0012694375 0.078410417 0.21047574 37 99 235
0.052404046 0.03970788 0.40050197 37 99 235
-0.12032614 -0.080281377 0.43578169 37 99 235
0.018281704 -0.0070815105 -0.57628328 37 99 235
-0.28179824 -0.10580266 0.23953703 37 99 235
-0.42115206 -0.10897107 0.19402948 37 99 235
0.010819845 -0.20845287 -0.061969403 37 99 235
-0.25604796 -0.099207148 0.059936717 37 99 235
-0.43115547 0.004259428 0.26347616 37 99 235
0.024407353 -0.1669549 -0.47726306 37 99 235
-0.43302682 -0.068208769 0.16759378 37 99 235
-0.24073869 -0.10202702 -0.035116471 37 99 235
-0.43297318 -0.022652769 0.28285182 37 99 235
-0.041878488 -0.17219909 0.039064359 37 99 235
0.01392014 -0.022543658 0.61547613 37 99 235
-0.016712597 0.072227076 -0.53995186 37 99 235
0.3102707 -0.17588927 0.30851448 37 99 235
-0.35158661 -0.19546306 0.35986784 37 99 235
-0.13595559 -0.098677643 -0.20011492 37 99 235
0.090647504 -0.00077361724 -0.36124775 37 99 235
-0.3473922 -0.15332952 0.20045447 37 99 235
0.055280659 0.037028503 -0.45249933 37 99 235
-0.21633527 -0.13864674 -0.10479845 37 99 235
-0.30424765 -0.14962099 0.061504256 37 99 235
0.13767552 -0.055531193 -0.2813589 37 99 235
-0.10184459 -0.0083812801 0.39065689 37 99 235
0.19846541 -0.11796824 0.049424551 37 99 235
0.066815615 -0.11304504 -0.25350487 37 99 235
-0.012296342 0.079812378 -0.09769696 37 99 235
-0.25010619 -0.12774245 0.0055638864 37 99 235
-0.0058082468 -0.17236784 0.33122346 37 99 235
0.091899887 0.0079627996 -0.36604562 37 99 235
0.025450274 -0.024621256 -0.43741643 37 99 235
-0.039557915 0.030794511 -0.37003705 37 99 235
-0.11732055 -0.12814537 0.11610384 37 99 235
-0.048759133 -0.11504588 -0.089153871 37 99 235
-0.21023691 -0.11715901 0.28706595 37 99 235
-0.038485039 -0.11411443 -0.16554034 37 99 235
-0.20445819 -0.11688826 0.061428603 37 99 235
0.035492625 0.018500654 -0.46702212 37 99 235
-0.2774671 -0.11254884 -0.045161102 37 99 235
-0.28640109 -0.12641205 0.10958942 37 99 235
-0.36074638 -0.20399794 0.043713037 37 99 235
0.0013700586 -0.20608738 -0.094075456 37 99 235
-0.00093726697 0.070209466 0.73965812 37 99 235
0.25097656 -0.14662154 0.0097976197 37 99 235
-0.19595726 -0.14713332 -0.2116988 37 99 235
-0.062036019 -0.042473897 -0.52184319 37 99 235
0.010689413 -0.013337217 0.64578706 37 99 235
-0.33663642 -0.21433255 0.21916229 37 99 235
-0.43675452 -0.092721991 0.38353449 37 99 235
0.097873822 -0.11776034 0.13239741 37 99 235
0.1035552 -0.11850008 0.19328284 37 99 235
0.069071092 -0.032913852 -0.37648052 37 99 235
0.23787224 -0.098931454 0.094279028 37 99 235
0.036308184 -0.12104253 0.36748204 37 99 235
-0.22330466 -0.14596437 -0.15870804 37 99 235
0.066399828 -0.11480485 -0.10911041 37 99 235
0.10329349 -0.095957547 0.50199229 37 99 235
0.031675853 -0.088378847 -0.45457828 37 99 235
0.33900875 -0.21651201 0.15518741 37 99 235
0.063132115 -0.0051226402 0.66861349 37 99 235
-0.0014330487 -0.1454547 0.27893284 37 99 235
-0.00075962534 0.1590189 0.63515687 37 99 235
0.20738693 -0.11375543 0.29158998 37 99 235
-0.046408646 -0.11170558 -0.46763074 37 99 235
0.13509806 -0.045835823 0.31878689 37 99 235
-0.071256571 -0.1165218 0.031579144 37 99 235
-0.13576999 -0.053574737 0.076206706 37 99 235
0.024294006 -0.0061065904 -0.59456158 37 99 235
0.020241452 -0.11206386 -0.53125572 37 99 235
-0.18955179 -0.053475037 0.8318783 37 99 235
-0.040886335 -0.016612405 -0.69227183 37 99 235
0.024479881 0.1199996 -0.35401797 37 99 235
0.026968295 -0.20027307 -0.045926061 37 99 235
0.067184351 0.03437854 0.058726419 37 99 235
0.030832201 0.063635878 0.46049681 37 99 235
-0.0041519729 0.077045768 0.050085019 37 99 235
-0.1786001 -0.096920639 0.11185028 37 99 235
-0.030954907 0.010726543 0.7861461 37 99 235
0.26987302 -0.11539052 0.068856701 37 99 235
0.013046673 -0.11222929 -0.68255216 37 99 235
-0.21719332 -0.11889024 0.3053914 37 99 235
0.031965833 0.056334283 -0.50495392 37 99 235
0.10241085 -0.12126271 0.38587898 37 99 235
0.20977308 -0.12376855 -0.035484798 37 99 235
0.18451487 -0.10814357 -0.12341145 37 99 235
-0.016415669 -0.20537117 0.18185046 37 99 235
0.093450166 0.018921236 0.33639348 37 99 235
0.14683302 -0.092272885 0.135717 37 99 235
-0.020293606 0.16768141 -0.51425898 37 99 235
-0.13507412 -0.097207032 -0.29487672 37 99 235
0.067091942 -0.088166147 0.47700575 37 99 235
0.36049405 -0.15815963 0.23939477 37 99 235
0.43226966 -0.043815698 0.21636982 37 99 235
0.030292321 -0.11204873 -0.44947311 37 99 235
0.13284001 -0.012794227 -0.32333836 37 99 235
-0.13576999 -0.074668884 0.035140783 37 99 235
0.33597976 -0.15214902 0.21802829 37 99 235
-0.014621689 -0.20824726 -0.05883896 37 99 235
-0.11993472 -0.031030599 0.40037978 37 99 235
-0.22195834 -0.1149357 0.082995132 37 99 235
-0.0042150742 -0.11354082 -0.21209621 37 99 235
-0.10491693 -0.02844125 0.43178692 37 99 235
-0.22578533 -0.1264714 -0.032344744 37 99 235
0.36557618 -0.16592771 0.10432376 37 99 235
-0.29256439 -0.13579965 0.063791603 37 99 235
0.32287106 -0.10719782 0.25787801 37 99 235
-0.0058516348 0.073232062 0.69213629 37 99 235
-0.30074233 -0.1017603 0.13171613 37 99 235
-0.02101667 -0.021958487 -0.77632403 37 99 235
0.019982398 -0.11970796 0.29302335 37 99 235
0.10123479 -0.088547051 0.51822436 37 99 235
0.27809882 -0.16975263 0.13518944 37 99 235
-0.063142486 -0.1194156 0.26853406 37 99 235
0.058332682 -0.017676393 0.50457984 37 99 235
-0.021506067 0.060455773 0.57338947 37 99 235
0.050900549 -0.11539567 -0.06046154 37 99 235
-0.02692098 -0.20643432 0.035977881 37 99 235
0.016975358 -0.012352812 -0.551247 37 99 235
-0.14312847 -0.099988326 0.070729755 37 99 235
-0.017805761 0.078934394 -0.14458121 37 99 235
0.18927039 -0.1099206 -0.11311638 37 99 235
0.13579001 -0.025979673 -0.068164229 37 99 235
-0.045248531 0.052988563 0.21143284 37 99 235
0.098983623 -0.11205946 -0.33436224 37 99 235
0.31712487 -0.12206835 0.096876688 37 99 235
-0.28142947 -0.23019055 0.11905442 37 99 235
-0.026991058 -0.14967696 0.19666933 37 99 235
0.095778376 -0.1091847 0.49712718 37 99 235
-0.018944543 0.072763525 0.18701625 37 99 235
0.0020334052 -0.18495104 0.31277451 37 99 235
0.016562762 0.098545216 -0.53559726 37 99 235
0.3640359 -0.19305262 -0.016697399 37 99 235
0.4077177 -0.11691587 0.34666047 37 99 235
0.047428448 0.0098049724 0.78817278 37 99 235
0.069798924 -0.057721738 -0.43675029 37 99 235
-0.11508594 -0.036526535 0.41463616 37 99 235
0.21065079 -0.10096746 0.10588562 37 99 235
-0.13441512 -0.035350114 0.32842162 37 99 235
-0.19940308 -0.057499591 0.78878438 37 99 235
0.056786411 -0.027321821 -0.58838665 37 99 235
-0.05553294 -0.11489294 0.47799447 37 99 235
0.0059282403 -0.11746468 0.10868988 37 99 235
0.074973218 -0.11499064 -0.094052069 37 99 235
-0.0021236676 0.13949767 0.55218601 37 99 235
-0.0099450117 0.067943648 0.42427874 37 99 235
-0.0014955401 0.22485051 0.71519721 37 99 235
-0.26928464 -0.10047738 0.12353183 37 99 235
-0.12715833 -0.11172485 -0.30506167 37 99 235
-0.060968257 -0.11991451 0.30948165 37 99 235
-0.30978295 -0.11608151 0.28059912 37 99 235
0.31101805 -0.10293709 0.16077399 37 99 235
-0.19643998 -0.11944744 0.35532728 37 99 235
-0.019191282 -0.10491505 -0.76387459 37 99 235
0.0052909469 0.078883022 0.39706138 37 99 235
0.13446289 -0.025050018 0.28648013 37 99 235
-0.32037711 -0.15085892 0.16096036 37 99 235
0.041922741 0.054609708 0.31604743 37 99 235
-0.044995002 -0.052709483 -0.76145083 37 99 235
0.045643725 0.05390276 0.09357626 37 99 235
-0.21031727 -0.12202321 -0.15552241 37 99 235
-0.047163706 -0.12088685 0.36088517 37 99 235
-0.064938828 -0.060956668 -0.44119915 37 99 235
-0.32850006 -0.12096715 0.16029815 37 99 235
0.35291326 -0.15599908 0.017906262 37 99 235
0.20623751 -0.1250398 -0.18589088 37 99 235
0.13750449 -0.025099948 0.71901476 37 99 235
-0.13576999 -0.082014315 0.29075751 37 99 235
-0.18139134 -0.050093468 0.77633333 37 99 235
0.43360588 -0.056700401 0.27208436 37 99 235
0.021472674 -0.14124417 0.1415932 37 99 235
-0.26247716 -0.11535801 0.011026124 37 99 235
-0.0039800135 0.093602754 0.72460818 37 99 235
0.028771928 0.13005905 -0.52549845 37 99 235
-0.055789419 0.017809661 0.44839713 37 99 235
-0.19034451 -0.11886936 0.22523184 37 99 235
-0.049236994 -0.11408323 -0.16821484 37 99 235
-0.034453731 -0.10206156 -0.59147352 37 99 235
-0.23719551 -0.11038993 -0.086129166 37 99 235
-0.30221871 -0.11992029 -0.036222927 37 99 235
0.0095395064 0.07613869 0.70531714 37 99 235
-0.42916769 0.06052722 0.32572034 37 99 235
-0.33542415 -0.14679211 0.27654421 37 99 235
0.025015375 -0.10694389 -0.53953981 37 99 235
0.43525559 -0.085735008 0.15046047 37 99 235
0.13579001 -0.034284253 0.15408748 37 99 235
-0.032778997 -0.045418505 -0.7950744 37 99 235
-0.017122446 -0.19280577 -0.57901537 37 99 235
-0.051899374 -0.11643444 0.024113383 37 99 235
0.30812886 -0.16638242 0.068108395 37 99 235
0.29648176 -0.20122141 0.066269197 37 99 235
0.031582359 0.024649741 0.66998333 37 99 235
0.12511797 -0.0101208 0.34290186 37 99 235
-0.028724024 -0.011690963 -0.51584274 37 99 235
0.061789412 -0.11928329 0.25815791 37 99 235
0.027067389 0.077589735 -0.31284305 37 99 235
0.063003957 -0.048700273 -0.50466633 37 99 235
-0.20003308 -0.10842708 -0.125434 37 99 235
-0.13576999 -0.038827807 -0.072196342 37 99 235
0.11308459 -0.11587857 -0.021089897 37 99 235
-0.10168821 0.022170624 -0.040072069 37 99 235
0.29675511 -0.11205568 0.093656018 37 99 235
0.13579001 -0.070586741 0.0016328385 37 99 235
-0.11103053 -0.12023436 0.35715112 37 99 235
0.075026892 -0.11573018 -0.033774015 37 99 235
0.0079512373 -0.18852526 0.29411018 37 99 235
0.035461769 0.049432445 0.51264435 37 99 235
0.0090544047 0.061100103 0.74102056 37 99 235
-0.061017681 -0.055845175 -0.52909058 37 99 235
0.0018609215 0.19576184 0.72815573 37 99 235
-0.079161905 -0.037698165 -0.43015423 37 99 235
0.027253661 -0.047840662 0.49079546 37 99 235
-0.10092434 0.02153207 0.14201741 37 99 235
0.36381012 -0.1873669 0.31942251 37 99 235
-0.065104187 -0.10180394 -0.46570268 37 99 235
-0.061053973 -0.082464971 0.47707257 37 99 235
0.12555012 -0.10945679 0.16392156 37 99 235
-0.21202821 -0.15091883 -0.14887407 37 99 235
-0.046555143 -0.1113037 -0.39625949 37 99 235
0.012342552 -0.14773588 0.54261518 37 99 235
-0.43698663 -0.10591605 0.32090217 37 99 235
0.35994977 -0.10872461 0.12212557 37 99 235
0.36507267 -0.1927011 -0.012835442 37 99 235
0.33947757 -0.15018979 -0.022274571 37 99 235
0.04472715 -0.12195291 0.40727282 37 99 235
-0.075371169 0.012918579 -0.43115821 37 99 235
-0.42412508 -0.10495641 0.26792961 37 99 235
0.054846015 0.032798212 -0.40435681 37 99 235
0.41320586 -0.057652224 0.2281263 37 99 235
-0.035532847 -0.028212471 -0.76313782 37 99 235
0.029688407 0.008771888 -0.60442418 37 99 235
0.35684419 -0.1568888 0.13721117 37 99 235
0.43070465 -0.068492703 0.22857036 37 99 235
0.13697934 -0.11421087 -0.082706615 37 99 235
0.002118065 -0.014295895 -0.39292571 37 99 235
0.05614325 -0.0074482844 -0.53967476 37 99 235
-0.020265773 0.074074998 0.089505732 37 99 235
0.20754308 -0.14883433 -0.13865045 37 99 235
0.061904095 0.036778715 0.15966043 37 99 235
-0.21761036 -0.12229446 -0.14924309 37 99 235
-0.047322243 0.038040429 -0.34508124 37 99 235
0.038181964 0.042956594 -0.33787131 37 99 235
-0.0028487011 -0.10571503 0.50615954 37 99 235
0.033246193 -0.16433658 -0.53704095 37 99 235
-0.0028440389 -0.076184914 0.48714027 37 99 235
-0.13083774 -0.024494234 0.21381718 37 99 235
0.13138029 -0.098507136 0.32887593 37 99 235
-0.20973727 -0.1186808 0.20906237 37 99 235
-0.32292315 -0.18437229 0.38103426 37 99 235
0.040283624 -0.12881471 -0.52688849 37 99 235
-0.22547106 -0.098829485 0.12379377 37 99 235
-0.13950393 -0.11101252 0.28665939 37 99 235
0.16602342 -0.12299949 0.0035515334 37 99 235
0.1116245 0.0053506922 0.34582645 37 99 235
0.24544035 -0.11816403 -0.040901724 37 99 235
-0.3488937 -0.12775999 0.26771548 37 99 235
-0.13435504 -0.022590593 0.083566986 37 99 235
0.34032008 -0.15347455 0.26678175 37 99 235
0.11687531 0.011793646 -0.24814089 37 99 235
0.29572195 -0.15837426 0.1547818 37 99 235
0.24640681 -0.1453571 -0.047790635 37 99 235
-0.066085942 0.028485818 0.34155652 37 99 235
-0.14605907 -0.11366592 -0.1421984 37 99 235
0.28505719 -0.1093192 0.24758825 37 99 235
0.36357996 -0.11035065 0.096579112 37 99 235
-0.24331546 -0.12678044 -0.059383504 37 99 235
0.14304684 -0.1067326 0.036118146 37 99 235
0.32086897 -0.11167826 0.12580952 37 99 235
0.36828431 -0.17063101 0.11403519 37 99 235
0.12274215 -0.055036802 -0.36441442 37 99 235
0.0028422226 0.15212765 0.57928258 37 99 235
-0.083458595 0.028964624 0.021992907 37 99 235
-0.032894664 -0.16638249 -0.093451492 37 99 235
-0.00042989856 0.050025322 0.82688385 37 99 235
-0.023199329 -0.15170492 0.030368665 37 99 235
-0.16113481 -0.10009485 0.031436015 37 99 235
-0.36579841 -0.17090151 0.18093508 37 99 235
0.4359678 -0.050102491 0.25583115 37 99 235
-0.010740451 -0.16414286 0.32972473 37 99 235
0.43394047 -0.03884355 0.3375513 37 99 235
0.13343138 -0.11191343 -0.26219514 37 99 235
-0.066193812 -0.11726023 0.091661282 37 99 235
-0.13627961 -0.06977614 -0.18853082 37 99 235
0.40741366 -0.11535376 0.28851759 37 99 235
-0.07816191 0.034895845 -0.30035135 37 99 235
-0.14455895 -0.098947957 0.20534314 37 99 235
-0.0049868766 -0.14124593 -0.11164495 37 99 235
-0.098913752 -0.11309864 -0.24899523 37 99 235
0.058328193 -0.11890063 0.22644934 37 99 235
-0.16523033 -0.097628407 -0.059961263 37 99 235
-0.04446765 -0.08897648 -0.71477616 37 99 235
0.058393277 0.042979263 -0.070921622 37 99 235
0.018277414 -0.11985769 0.30496085 37 99 235
-0.3354314 -0.20675424 0.35817456 37 99 235
0.037129212 -0.11783836 -0.48989183 37 99 235
-0.23873438 -0.10917601 -0.078398079 37 99 235
0.038290676 -0.049081724 -0.46800217 37 99 235
-0.11013678 -0.00091500435 0.36322734 37 99 235
0.080818906 0.029343072 -0.032003034 37 99 235
-0.0032338991 0.080365628 -0.10627162 37 99 235
0.13776414 -0.088666171 0.24811892 37 99 235
0.093033649 0.027310135 -0.14800753 37 99 235
-0.13291705 -0.046265259 -0.32502764 37 99 235
-0.033719257 0.041192561 -0.33487177 37 99 235
-0.23951094 -0.11868782 0.20890881 37 99 235
-0.42222905 -0.11001553 0.26080593 37 99 235
-0.12050981 0.009557819 -0.1940673 37 99 235
0.10883549 -0.1167341 0.04859934 37 99 235
0.012332305 0.068291977 0.60220402 37 99 235
-0.13910437 -0.087941244 -0.01488192 37 99 235
-0.029279955 0.11354514 -0.33658955 37 99 235
-0.069184303 -0.11326221 -0.23477648 37 99 235
0.059813745 0.00936908 0.73049176 37 99 235
-0.1176091 -0.089498661 0.4457314 37 99 235
0.36675811 -0.17681138 0.16487436 37 99 235
0.026502397 0.0079310676 -0.6264025 37 99 235
0.21648088 -0.13281789 -0.19604482 37 99 235
0.077375814 0.033135604 -0.23560384 37 99 235
-0.035443898 -0.10598622 -0.43735355 37 99 235
0.33542082 -0.17376192 0.37483975 37 99 235
0.0054053725 0.091721483 0.53355885 37 99 235
0.32651275 -0.16488022 -0.10804576 37 99 235
-0.044573154 -0.11494243 -0.097867601 37 99 235
-0.27797356 -0.10777476 0.25514054 37 99 235
0.052332569 -0.0049479823 0.64772135 37 99 235
0.25208429 -0.083201461 0.831554 37 99 235
-0.028711379 0.06962584 -0.40781975 37 99 235
-0.041891623 0.061733719 -0.17692013 37 99 235
0.42847964 0.068883307 0.35047662 37 99 235
0.019395972 -0.21401133 -0.57082534 37 99 235
-0.045840859 -0.094939522 -0.53827149 37 99 235
0.057242487 -0.07158117 -0.56701732 37 99 235
-0.098160446 0.0068521351 -0.42326283 37 99 235
-0.0042124456 -0.19917974 -0.57673073 37 99 235
-0.43116704 -0.028382538 0.37770891 37 99 235
-0.0015463069 -0.21561454 0.094289333 37 99 235
-0.0074540181 -0.13433698 0.49347776 37 99 235
-0.31059012 -0.11152011 0.25192094 37 99 235
0.1043379 0.02413086 -0.38671297 37 99 235
-0.03042013 -0.030195178 -0.77873462 37 99 235
0.42952538 0.0014020206 0.29162166 37 99 235
0.09477745 -0.11857388 0.19945823 37 99 235
-0.035535187 -0.18731722 -0.017448135 37 99 235
-0.0067524174 -0.10910999 -0.76327795 37 99 235
-0.33023196 -0.21609721 0.2663106 37 99 235
-0.036412388 0.0276551 -0.44146857 37 99 235
-0.028043019 -0.13163175 -0.48798454 37 99 235
0.0080927154 0.07773789 0.45979136 37 99 235
-0.33230129 -0.21431774 0.011410262 37 99 235
-0.32738882 -0.21413037 0.16580789 37 99 235
0.042803068 0.038745366 0.49127209 37 99 235
-0.042356923 -0.11930252 0.2589851 37 99 235
0.43284768 -0.026198905 0.27432558 37 99 235
0.052086174 -0.08274094 -0.53709322 37 99 235
0.0347936 0.045285542 -0.40572023 37 99 235
-0.32512954 -0.1520959 0.20096135 37 99 235
-0.032475211 0.064694919 0.28190196 37 99 235
2.7201109e-05 0.081582315 0.61751282 37 99 235
0.069488212 0.035393052 -0.23718347 37 99 235
0.016941935 0.099117987 -0.38109341 37 99 235
-0.027809199 0.023132252 0.71803516 37 99 235
-0.066489838 0.030811556 0.32221904 37 99 235
0.03618319 -0.15491052 -0.52196527 37 99 235
-0.34932843 -0.18707155 -0.12798697 37 99 235
0.0046096472 -0.2120872 0.15660773 37 99 235
-0.028627023 0.047412977 0.57634795 37 99 235
-0.10541458 -0.11234089 -0.31087285 37 99 235
0.22364751 -0.15147822 -0.21104638 37 99 235
0.015782038 -0.0086241849 -0.46745184 37 99 235
-0.32522613 -0.14806578 0.11237512 37 99 235
-0.12829486 -0.0035796692 -0.33436891 37 99 235
-0.055877823 -0.11344052 -0.22031772 37 99 235
0.31312075 -0.14471295 0.10781982 37 99 235
0.020302095 -0.14843361 -0.13296467 37 99 235
0.18420208 -0.11717807 -0.16852391 37 99 235
-0.030287409 -0.048923824 -0.4630684 37 99 235
0.093044728 -0.11238063 -0.30806795 37 99 235
-0.21675166 -0.11664812 0.1544843 37 99 235
-0.018423239 0.12804621 -0.46885094 37 99 235
0.13816929 -0.035874538 -0.25833014 37 99 235
0.20541477 -0.11680067 0.054807618 37 99 235
0.023797572 -0.11348768 -0.2165328 37 99 235
-0.13551366 -0.030312557 -0.0040640775 37 99 235
0.038221441 0.026377857 -0.43786389 37 99 235
-0.023558609 -0.11730637 0.095748305 37 99 235
-0.36853996 -0.17215462 0.00080227578 37 99 235
-0.0042091105 -0.090974338 -0.81817007 37 99 235
-0.085135959 -0.11066648 -0.40323344 37 99 235
0.022882484 -0.11380661 -0.19004154 37 99 235
-0.26350993 -0.11164005 -0.060788795 37 99 235
-0.0035192084 -0.11573442 -0.033028767 37 99 235
0.0078280615 -0.12106823 0.36869439 37 99 235
-0.28009006 -0.23266256 0.13919605 37 99 235
0.08706779 0.026929054 -0.02014816 37 99 235
-0.018241271 -0.12262642 0.4361628 37 99 235
0.072311498 -0.089427389 -0.41640875 37 99 235
0.036276914 0.030227011 -0.41249424 37 99 235
-0.042939335 0.056580972 0.12007598 37 99 235
-0.43075433 0.0076517798 0.35401016 37 99 235
-0.24090466 -0.099428058 0.12529024 37 99 235
-0.28142372 -0.11571923 -0.025877422 37 99 235
-0.039970405 -0.011580049 -0.66986907 37 99 235
-0.020609962 0.064457469 0.52007395 37 99 235
-0.0040477468 0.077647217 0.060223091 37 99 235
0.10863438 -0.0024614714 -0.36536619 37 99 235
0.21060802 -0.11447463 0.29764444 37 99 235
-0.23313838 -0.10716306 -0.076269478 37 99 235
-0.019702982 -0.0072419303 0.63540655 37 99 235
0.0081474679 -0.03018406 0.61239928 37 99 235
0.045866363 0.0045137205 0.56404155 37 99 235
-0.061366636 0.039560355 -0.40973997 37 99 235
0.095272847 -0.04499919 -0.3724103 37 99 235
0.071452275 0.036471605 -0.33624604 37 99 235
-0.13576999 -0.033532668 -0.076940134 37 99 235
-0.24252309 -0.13146432 0.014228846 37 99 235
0.32855305 -0.21395241 0.10776274 37 99 235
0.0035163728 -0.12250894 -0.55090213 37 99 235
-0.096505582 0.019482231 0.30565476 37 99 235
-0.13576999 -0.055982243 0.013390982 37 99 235
0.32116255 -0.14902236 0.10422288 37 99 235
-0.019232377 -0.14874941 -0.13662282 37 99 235
0.040522903 -0.13424206 -0.43969858 37 99 235
-0.015173834 -0.11054287 -0.74053645 37 99 235
0.0063794539 -0.012704831 -0.2649022 37 99 235
-0.081801735 0.029269323 -0.048994113 37 99 235
-0.1459827 -0.11155146 -0.18298066 37 99 235
0.36510146 -0.12571667 0.20864134 37 99 235
0.35251227 -0.20570412 0.23966379 37 99 235
0.13807508 -0.023144569 -0.2545301 37 99 235
-0.361882 -0.12088566 0.23657063 37 99 235
-0.010366452 -0.012096163 -0.57217574 37 99 235
-0.3393338 -0.16794367 -0.13423324 37 99 235
0.091844618 0.024773324 0.027168658 37 99 235
0.12499271 -0.0022145803 0.2894522 37 99 235
-0.019342721 0.12184572 -0.46451181 37 99 235
-0.23616768 -0.10428143 0.21636418 37 99 235
0.12573975 -0.03043139 -0.38534784 37 99 235
-0.12494618 -0.11977364 0.29775688 37 99 235
0.42938656 0.060364462 0.4316493 37 99 235
-0.12250651 -0.02309812 0.37893012 37 99 235
-0.12964955 -0.078936063 -0.35398129 37 99 235
0.037293453 -0.13588446 -0.54908663 37 99 235
0.12307038 -0.042690776 -0.40926212 37 99 235
0.12889022 -0.11482493 -0.055090662 37 99 235
-0.099306896 0.013026614 -0.42087832 37 99 235
0.11640354 -0.011110217 0.36899805 37 99 235
-0.36795968 -0.1191927 0.36883724 37 99 235
-0.43480825 -0.029109843 0.18808025 37 99 235
-0.017155826 -0.14928482 0.074013166 37 99 235
0.020952018 -0.10850632 -0.46487442 37 99 235
-0.072721697 0.032627564 0.089293048 37 99 235
-0.34751719 -0.15173349 0.02058745 37 99 235
0.0038348914 -0.13982067 -0.12343898 37 99 235
-0.0061456389 0.092494175 0.44267273 37 99 235
-0.2432646 -0.15190874 -0.20435022 37 99 235
-0.28909698 -0.16408898 -0.11352576 37 99 235
-0.2411515 -0.15546499 -0.035550989 37 99 235
-0.026723236 0.013056421 -0.60316706 37 99 235
-0.12320241 -0.003135056 0.32836914 37 99 235
0.0021343515 0.0020951035 -0.22446111 37 99 235
0.031029673 -0.18571736 0.22473019 37 99 235
-0.064619519 0.034965526 0.21444523 37 99 235
-0.29119259 -0.11610376 0.30295914 37 99 235
-0.026610354 0.017867114 0.71033418 37 99 235
0.33460936 -0.21400477 -0.0069086617 37 99 235
-0.031804461 -0.10420845 -0.5199157 37 99 235
0.32144687 -0.19947064 -0.083078943 37 99 235
-0.0203653 0.071468905 -0.23041697 37 99 235
0.059703924 0.042040218 -0.072383098 37 99 235
-0.080573596 -0.029053759 -0.42993024 37 99 235
0.076721102 0.032654058 -0.19646136 37 99 235
-0.41252005 -0.11750267 0.11150591 37 99 235
0.074489206 -0.099668823 -0.36911595 37 99 235
-0.019873768 0.07627248 -0.27793023 37 99 235
0.0029142944 -0.11509014 -0.085836433 37 99 235
0.021976994 -0.14911157 0.23442176 37 99 235
-0.032739405 -0.11088603 -0.39253536 37 99 235
0.035859492 -0.16851903 -0.47437519 37 99 235
0.051328592 -0.037918475 -0.70255619 37 99 235
0.10450732 0.023218919 -0.24199706 37 99 235
-0.060188752 0.035226218 0.33894336 37 99 235
0.18145058 -0.11269499 0.38177288 37 99 235
0.30674621 -0.10573334 0.16292655 37 99 235
0.27187878 -0.11382496 0.067387924 37 99 235
0.066911489 0.0034741692 0.7800982 37 99 235
0.10331922 0.016655773 0.25647047 37 99 235
0.021227241 0.13045402 -0.33060518 37 99 235
0.01200757 -0.1065265 0.48539266 37 99 235
-0.18684621 -0.10409755 -0.051753473 37 99 235
-0.10184865 -0.11324853 -0.23649591 37 99 235
0.1229292 -0.020011108 0.742055 37 99 235
-0.12590787 0.0035858133 -0.19881991 37 99 235
-0.0046554608 0.16463153 0.70290267 37 99 235
-0.13721934 -0.091147028 -0.28203604 37 99 235
0.31904092 -0.10967325 0.13491553 37 99 235
-0.31599844 -0.15930581 -0.037266292 37 99 235
0.12709008 0.004408191 -0.28412399 37 99 235
-0.083341874 -0.11828837 0.17656603 37 99 235
0.13579001 -0.055466216 -0.14615452 37 99 235
-0.072454989 0.022353057 0.35935897 37 99 235
0.027515849 0.015941083 -0.28311557 37 99 235
0.34547201 -0.11660951 0.013083492 37 99 235
-0.062596805 -0.002506091 -0.43043369 37 99 235
0.013356392 -0.21684086 0.061754294 37 99 235
-0.13909112 -0.10207973 0.016390441 37 99 235
-0.031640828 -0.17718634 -0.12185669 37 99 235
0.002490673 0.15734777 0.58143687 37 99 235
-0.019389428 0.080582708 -0.28114834 37 99 235
-0.19707209 -0.14744519 -0.19348083 37 99 235
-0.00073836965 0.070055112 0.4558644 37 99 235
0.25638828 -0.11265174 -0.082412615 37 99 235
-0.02267723 0.0032987907 0.70004535 37 99 235
-0.051936999 0.04802357 0.041799329 37 99 235
0.4300673 -0.10908612 0.17196313 37 99 235
-0.13768429 -0.028198924 -0.24082911 37 99 235
0.38490197 -0.1099223 0.13771243 37 99 235
0.025781358 -0.18023665 -0.57448202 37 99 235
0.016107528 0.11785024 -0.37472403 37 99 235
0.03620176 0.033866577 -0.39342803 37 99 235
0.42992148 0.055301692 0.36773309 37 99 235
-0.42918089 0.066505976 0.41523275 37 99 235
-0.13576999 -0.056060921 0.24648517 37 99 235
-0.023484917 -0.17188525 -0.15083316 37 99 235
0.43248636 -0.10640667 0.23797357 37 99 235
-0.030441543 0.062100735 0.41829732 37 99 235
-0.43205354 -0.035462197 0.23756848 37 99 235
-0.13465849 -0.020488983 -0.11752256 37 99 235
-0.23073116 -0.15653487 -0.036794744 37 99 235
-0.0024780501 0.030237159 -0.44683722 37 99 235
-0.10168932 0.025489366 -0.28738838 37 99 235
0.19936271 -0.10949103 -0.090625852 37 99 235
0.43505371 -0.079184048 0.14805707 37 99 235
0.36524138 -0.19949125 0.28731549 37 99 235
0.1129703 -0.11663745 0.3915931 37 99 235
0.091379911 0.031192524 -0.39371347 37 99 235
0.01111614 0.012292746 -0.3114869 37 99 235
0.3103756 -0.18322904 0.32137939 37 99 235
0.087095976 0.025876313 0.040141851 37 99 235
-0.05396045 0.0098813092 -0.36820021 37 99 235
0.0075165643 0.085368663 0.73855633 37 99 235
-0.00026532411 0.14153889 0.56283915 37 99 235
-0.083516724 -0.10542636 0.46625701 37 99 235
0.038775068 0.020681815 0.5807876 37 99 235
6.9312642e-05 0.16518673 0.83948195 37 99 235
-0.033770293 -0.15553276 0.13700098 37 99 235
0.24822174 -0.10655614 0.1715986 37 99 235
-0.061887249 -0.024277624 -0.51662737 37 99 235
-0.13576999 -0.066224307 0.087607846 37 99 235
-0.17769651 -0.096335508 0.06616579 37 99 235
0.43365353 -0.022268511 0.28401637 37 99 235
0.042784981 -0.11928415 0.25770289 37 99 235
-0.011258178 -0.11929035 0.25795451 37 99 235
-0.023292096 0.001498292 -0.66111314 37 99 235
-0.063357592 -0.055166442 -0.47652313 37 99 235
-0.11040309 0.021088347 -0.19519962 37 99 235
0.13275829 -0.049641117 0.35347357 37 99 235
0.054510795 0.014021713 0.68044096 37 99 235
-0.16412185 -0.11254353 -0.19993956 37 99 235
0.43007183 0.030923568 0.26739144 37 99 235
0.0062064608 0.12291451 -0.4346959 37 99 235
0.035180066 -0.11866203 0.48915932 37 99 235
-0.13576999 -0.066838071 0.28030813 37 99 235
0.034960639 -0.0030854593 -0.34658664 37 99 235
-0.016189344 -0.20904793 -0.032422379 37 99 235
-0.00087865704 -0.11926994 0.25677732 37 99 235
-0.36657274 -0.17258751 0.16762485 37 99 235
0.041560333 0.013740011 0.57603842 37 99 235
-0.16888334 -0.099236347 -0.11611242 37 99 235
0.32513261 -0.12450111 0.22860999 37 99 235
0.31085745 -0.19888425 0.10098051 37 99 235
0.018451339 -0.22545566 -0.57010525 37 99 235
-0.048772216 -0.13147546 0.53671378 37 99 235
0.4332934 -0.011101023 0.41091442 37 99 235
0.11849232 -0.023045942 0.38998702 37 99 235
-0.24764489 -0.13636932 0.011599472 37 99 235
0.034323473 -0.10307865 -0.58463293 37 99 235
0.13579001 -0.064842008 0.1918382 37 99 235
0.08709646 -0.12073091 0.35387966 37 99 235
0.085744664 0.015258493 0.35162669 37 99 235
0.0070041004 -0.14474928 0.059047189 37 99 235
-0.40787032 -0.11993717 0.33022898 37 99 235
-0.09335199 -0.11217367 -0.324467 37 99 235
0.12042942 -0.11370092 -0.17844848 37 99 235
0.21530601 -0.15659557 0.017191038 37 99 235
0.23535693 -0.13576733 -0.044584796 37 99 235
0.35783324 -0.20674901 0.20096201 37 99 235
-0.099264801 0.028427184 -0.37682086 37 99 235
0.10206905 -0.12120311 0.39762893 37 99 235
-0.36193648 -0.1193701 0.36911693 37 99 235
0.13433103 -0.020642562 -0.062960215 37 99 235
-0.045812309 -0.0081234025 0.56311357 37 99 235
0.021277033 -0.014479184 -0.37758282 37 99 235
0.27010375 -0.11162314 0.27957562 37 99 235
-0.0028156028 -0.061522517 0.52587306 37 99 235
-0.061306488 -0.0023512775 0.45698345 37 99 235
-0.01611365 -0.10957888 -0.75241101 37 99 235
0.027459322 -0.19467305 -0.072849803 37 99 235
0.42844999 -0.03613805 0.25429872 37 99 235
-0.33019766 -0.18839556 -0.12474536 37 99 235
-0.34064037 -0.12031931 0.35791793 37 99 235
-0.018667409 0.13168119 -0.53888929 37 99 235
-0.00793787 -0.0094032502 0.68176365 37 99 235
-0.3415052 -0.20707893 -0.06327711 37 99 235
-0.2775304 -0.11119302 0.03490882 37 99 235
-0.020596089 0.073540583 0.12357355 37 99 235
-0.010588622 0.09270864 -0.52062029 37 99 235
0.21914746 -0.15636656 -0.058629509 37 99 235
-0.060995393 0.0068456884 0.72903764 37 99 235
0.0010234659 -0.014206241 -0.39998162 37 99 235
-0.20107788 -0.10556008 0.22199425 37 99 235
0.38559586 -0.11882426 0.2227965 37 99 235
-0.071330249 -0.017849278 -0.38355604 37 99 235
0.060995918 0.037188672 0.11868476 37 99 235
-0.015189348 -0.21426277 0.092688881 37 99 235
-0.003839389 -0.043150321 -0.46732682 37 99 235
0.023083165 0.026648993 -0.31913462 37 99 235
-0.27436808 -0.11945477 0.27195773 37 99 235
0.43493313 -0.053582184 0.2183245 37 99 235
-0.062553503 -0.11239278 -0.30630392 37 99 235
-0.16448687 -0.041571647 0.77915305 37 99 235
-0.022197351 -0.018312247 0.61004025 37 99 235
0.052549634 0.047375452 -0.0035356868 37 99 235
-0.0092012072 0.11275153 0.66107416 37 99 235
-0.063280344 -0.10249081 -0.43988234 37 99 235
-0.42849016 0.0018145918 0.36208513 37 99 235
0.32463205 -0.15607177 0.25394425 37 99 235
-0.38136443 -0.10825615 0.22567579 37 99 235
-0.037928257 -0.05664999 -0.79793286 37 99 235
-0.011863812 0.073567815 0.64972287 37 99 235
0.025909474 -0.11387111 -0.18519877 37 99 235
-0.13359293 -0.12147788 0.16608186 37 99 235
0.18180107 -0.13169344 -0.066446446 37 99 235
-0.20045005 -0.057847034 0.78901011 37 99 235
0.36251628 -0.20156619 0.076266117 37 99 235
0.43132442 -0.05173542 0.25363895 37 99 235
0.058262412 -0.014611226 0.50174701 37 99 235
0.10493122 -0.088434197 0.50797361 37 99 235
0.021965455 -0.1411805 0.055356156 37 99 235
-0.32773507 -0.11216548 0.016669212 37 99 235
0.068662994 -0.03505449 0.52699548 37 99 235
0.12719779 -0.054619443 -0.36050192 37 99 235
0.014458283 -0.14919637 -0.44429171 37 99 235
0.16816488 -0.11126106 -0.11827961 37 99 235
0.05645819 -0.061551094 -0.6504671 37 99 235
-0.044357378 0.055538841 0.084670007 37 99 235
-0.1958411 -0.13813016 -0.18993269 37 99 235
-0.19065131 -0.053181704 0.77369136 37 99 235
0.020239932 -0.020267818 -0.30947331 37 99 235
0.0048241941 0.11505625 -0.30282047 37 99 235
-0.13576999 -0.084013075 0.20749746 37 99 235
0.31441844 -0.11720171 0.086862549 37 99 235
-0.044448759 -0.025008967 0.52200639 37 99 235
0.057716228 -0.021599209 -0.55222702 37 99 235
-0.1103887 0.016882151 0.044953078 37 99 235
-0.049028259 -0.11815061 0.16531046 37 99 235
-0.24674515 -0.14198345 -0.069718771 37 99 235
0.13579001 -0.0882788 -0.13815545 37 99 235
-0.19426359 -0.14323933 -0.0038077435 37 99 235
-0.051803071 -0.018195767 0.54979104 37 99 235
0.34348801 -0.19898184 -0.10033395 37 99 235
-0.018052215 -0.084552929 -0.46237358 37 99 235
-0.049361907 -0.096380174 -0.47943166 37 99 235
-0.43109736 -0.036619715 0.36858884 37 99 235
-0.071133837 -0.111407 -0.38714451 37 99 235
0.35005391 -0.10432789 0.11704244 37 99 235
-0.35211268 -0.19713245 -0.090989463 37 99 235
0.24656659 -0.11582138 0.28183961 37 99 235
0.087573864 -0.11535507 -0.06370835 37 99 235
0.13829088 -0.095294729 -0.21987522 37 99 235
0.019995729 0.071946844 0.22204909 37 99 235
-0.075290255 -0.12002739 0.31792894 37 99 235
0.29164228 -0.17172928 0.15911211 37 99 235
-0.029229531 -0.025970267 -0.48479661 37 99 235
0.28935051 -0.10937893 0.21942665 37 99 235
0.20662344 -0.12017123 -0.17119002 37 99 235
-0.0069266614 -0.11971211 0.29291934 37 99 235
0.12555642 -0.00036866995 -0.1385328 37 99 235
0.036223356 0.00041686266 -0.41668421 37 99 235
0.035949685 0.027459277 0.6087063 37 99 235
-0.043548074 -0.1114682 -0.38249275 37 99 235
0.096242949 -0.10958959 -0.39563864 37 99 235
-0.20189928 -0.13339366 -0.024985043 37 99 235
0.1294547 -0.097474799 -0.32947871 37 99 235
-0.05958081 -0.023132056 -0.55560535 37 99 235
0.097375013 -0.1123109 -0.31375331 37 99 235
0.043812182 0.011001172 0.56512845 37 99 235
0.00066544005 -0.11536401 -0.4854835 37 99 235
0.049954399 -0.043697909 0.47787693 37 99 235
0.35043213 -0.2099717 -0.00061601499 37 99 235
0.091922015 -0.11782076 0.13748129 37 99 235
-0.028955111 -0.043617025 -0.80498302 37 99 235
0.046616688 -0.093299933 -0.55480325 37 99 235
0.33232638 -0.12969619 0.15202974 37 99 235
0.32978061 -0.11902178 0.095895283 37 99 235
-0.28640515 -0.22485653 0.12185962 37 99 235
0.12652855 -0.1124377 -0.29891121 37 99 235
-0.35558406 -0.16053914 -0.071993642 37 99 235
-0.019569891 0.099328957 -0.4588365 37 99 235
-0.13406217 -0.017898602 -0.14210117 37 99 235
-0.057602059 -0.11987056 0.30526257 37 99 235
0.03541996 0.021649407 -0.5112797 37 99 235
-0.032955654 -0.031841073 -0.77545029 37 99 235
0.016714642 0.073399849 0.27063474 37 99 235
-0.03075506 -0.10646591 0.47678208 37 99 235
0.009647374 0.081809632 0.5451901 37 99 235
-0.02504703 -0.2021741 0.17560202 37 99 235
0.1007616 -0.10278598 0.49063501 37 99 235
0.020556768 0.071699269 -0.21712346 37 99 235
-0.35126722 -0.15291251 0.027636556 37 99 235
-0.041516297 -0.1190493 0.23820776 37 99 235
-0.30840552 -0.11651664 0.22635156 37 99 235
-0.031409837 -0.19192293 -0.083843865 37 99 235
-0.014485948 -0.14948328 0.26156947 37 99 235
-0.11737264 -0.11195265 -0.34211257 37 99 235
-0.34242025 -0.20993626 -0.047729515 37 99 235
-0.0061106649 0.060818076 0.7425034 37 99 235
0.035980955 0.065598123 -0.25824919 37 99 235
0.035329845 0.065507792 0.062737368 37 99 235
-0.11095277 -0.11693724 0.065340102 37 99 235
0.035686325 -0.19115399 -0.043387577 37 99 235
-0.02749102 0.064732164 0.47844073 37 99 235
-0.031696476 -0.1905421 0.16603503 37 99 235
-0.22972667 -0.10752805 -0.082463637 37 99 235
-0.16532522 -0.118995 0.32416439 37 99 235
-0.26293778 -0.13602239 -0.022119595 37 99 235
0.029713927 -0.01970119 -0.443941 37 99 235
0.14262046 -0.074354239 0.12961221 37 99 235
0.030504402 -0.017284898 0.58846962 37 99 235
-0.0043083746 0.12528078 0.61836505 37 99 235
-0.064175047 -0.061600644 -0.44811788 37 99 235
-0.35413906 -0.11963263 0.33805591 37 99 235
0.03953401 0.061471984 -0.12096793 37 99 235
-0.015802573 -0.11837735 0.18375142 37 99 235
-0.13441391 -0.018585658 0.30780441 37 99 235
0.13591036 -0.084132157 -0.17022313 37 99 235
-0.12744169 -0.11257289 -0.29230762 37 99 235
-0.0049273837 0.086820953 0.73627108 37 99 235
-0.24232978 -0.10874054 0.21826835 37 99 235
-0.30583388 -0.15095244 0.1271712 37 99 235
-0.32215139 -0.21376066 0.23028651 37 99 235
-0.23371312 -0.10338214 0.0076023461 37 99 235
-0.12636943 0.0017193265 -0.15622275 37 99 235
0.30117574 -0.16642246 0.18040061 37 99 235
-0.24578732 -0.098875657 0.064619005 37 99 235
0.018538471 0.11854743 -0.36802137 37 99 235
-0.26174629 -0.16287309 -0.13889442 37 99 235
-0.28489923 -0.13695124 0.1114169 37 99 235
0.038193401 -0.1538922 -0.42523023 37 99 235
-0.028772753 0.053663518 -0.45348749 37 99 235
0.019209471 0.080398403 -0.27944458 37 99 235
-0.058582418 -0.054454323 -0.57997805 37 99 235
-0.052993387 -0.066512033 -0.7170735 37 99 235
0.039467972 -0.033671144 -0.7611258 37 99 235
-0.43766841 -0.085756414 0.13675323 37 99 235
-0.0010075177 0.067727357 0.82279211 37 99 235
-0.13013703 -0.009942689 -0.060668144 37 99 235
0.4299297 -0.1124458 0.22838566 37 99 235
0.17927717 -0.13712576 -0.21444102 37 99 235
-0.094600052 -0.11178993 -0.35588697 37 99 235
-0.16645139 -0.11104029 0.040812943 37 99 235
0.036118809 -0.15832511 -0.039666448 37 99 235
0.040690824 -0.1788886 0.11872673 37 99 235
-0.12213662 -0.030015709 -0.39137715 37 99 235
-0.047343012 -0.11656924 0.03531538 37 99 235
0.12887639 -0.010793272 0.31815159 37 99 235
-0.0023525876 0.080326289 0.39519823 37 99 235
0.016144447 -0.1530271 -0.16138981 37 99 235
-0.026067303 0.08289738 -0.32178009 37 99 235
0.32140937 -0.15819903 0.24132562 37 99 235
0.42296639 -0.057739574 0.22984405 37 99 235
0.42853248 0.079189099 0.35261986 37 99 235
0.13702628 -0.03548833 -0.21555163 37 99 235
-0.083278008 0.032464467 -0.30100149 37 99 235
-0.13576999 -0.031568114 0.24552625 37 99 235
-0.03191027 -0.13991927 0.080086872 37 99 235
0.003585269 -0.11236805 -0.30816382 37 99 235
-0.072911106 -0.017937709 0.45422864 37 99 235
-0.013067229 -0.063380115 -0.84336895 37 99 235
0.13771655 -0.11822733 0.17168364 37 99 235
-0.25287512 -0.11810406 0.16126539 37 99 235
-0.038770039 -0.11354717 -0.21178453 37 99 235
-0.26086953 -0.10806706 0.20439848 37 99 235
-0.059204649 -0.036187179 0.4829568 37 99 235
-0.023076637 -0.074318044 -0.46269751 37 99 235
0.0013758271 -0.13131392 -0.57587433 37 99 235
0.31890446 -0.17813057 -0.10828036 37 99 235
-0.30800796 -0.18827048 0.089555457 37 99 235
-0.05019895 0.044913102 0.38242644 37 99 235
-0.15219897 -0.10966814 -0.16705826 37 99 235
0.00066491257 0.23682378 0.76372892 37 99 235
0.27777234 -0.13256793 0.1474154 37 99 235
-0.020649077 0.073088266 0.10697872 37 99 235
-0.022391511 -0.16479106 0.27974883 37 99 235
-0.19044298 -0.095634237 -0.030499997 37 99 235
-0.35392514 -0.20924453 0.16390884 37 99 235
0.29158214 -0.10881643 0.24980992 37 99 235
0.0099193836 -0.099719673 -0.79330122 37 99 235
0.071664505 0.0022350005 0.77101046 37 99 235
-0.25970778 -0.11377759 0.015048057 37 99 235
-0.026747586 0.03789242 -0.4578301 37 99 235
0.002727302 0.11148121 0.70709491 37 99 235
-0.32738596 -0.11552372 0.16215552 37 99 235
-0.29028377 -0.11629344 0.01338581 37 99 235
-0.12416793 -0.11333998 -0.10272957 37 99 235
0.21248031 -0.15287061 -0.17316996 37 99 235
0.11770767 -0.11300897 -0.24617635 37 99 235
0.020595508 0.037880093 0.67746568 37 99 235
-0.42742184 -0.11268981 0.25528067 37 99 235
-0.030485127 0.024927314 0.64285433 37 99 235
0.11315037 -0.11243232 -0.30393311 37 99 235
0.075864248 -0.082226105 0.477079 37 99 235
0.1970457 -0.056104448 0.81546736 37 99 235
0.13779238 -0.034305703 -0.28159797 37 99 235
-0.097186431 -0.11654731 0.44177708 37 99 235
0.012121265 -0.098386735 0.47691458 37 99 235
-0.11439484 0.016062459 -0.17435665 37 99 235
0.10776916 0.020063333 -0.19622429 37 99 235
0.35240087 -0.21237525 0.28731763 37 99 235
-0.00038234048 0.11689292 0.70187324 37 99 235
-0.11626702 0.0075921402 0.22646058 37 99 235
0.067001291 -0.069483012 -0.43970847 37 99 235
-0.24243854 -0.13472013 -0.11308897 37 99 235
0.13438602 -0.016629027 -0.017679138 37 99 235
0.28154799 -0.12864226 0.090527467 37 99 235
0.032436281 -0.012407747 -0.35909262 37 99 235
-0.31095839 -0.16835883 0.28071055 37 99 235
-0.4363735 -0.086358622 0.37838495 37 99 235
-0.13167854 -0.013871894 0.26111066 37 99 235
0.13015476 -0.081231765 -0.34980834 37 99 235
-0.003487265 0.087590769 0.76282704 37 99 235
-0.033438947 -0.016201966 -0.46581393 37 99 235
-0.25710478 -0.11697949 0.28037056 37 99 235
-0.42917499 0.033231936 0.29780629 37 99 235
-0.30755234 -0.19203167 -0.0091528967 37 99 235
-0.0092895776 -0.015201922 -0.357885 37 99 235
0.0018716925 -0.014130157 -0.40594685 37 99 235
-0.056684129 -0.0011662531 0.49358317 37 99 235
-0.25716522 -0.12090023 -0.0029909872 37 99 235
-0.0092951804 0.07290294 0.33547345 37 99 235
0.0023898028 0.14648068 0.76911199 37 99 235
-0.0068236808 -0.11913061 0.24491385 37 99 235
0.034578267 0.061863653 -0.22275664 37 99 235
0.21102744 -0.14189346 -0.09014982 37 99 235
0.4294025 -0.040342126 0.24172874 37 99 235
-0.016154325 -0.14360824 -0.08768405 37 99 235
-0.00055335835 -0.21910588 0.046242993 37 99 235
0.02995031 -0.17380284 -0.54450166 37 99 235
0.12683764 -0.097213566 0.43924785 37 99 235
-0.36147934 -0.18042606 -0.08240959 37 99 235
0.046874054 -0.084130891 -0.62317437 37 99 235
0.092236146 -0.11727244 0.092520155 37 99 235
0.22223228 -0.097975865 0.064101756 37 99 235
0.051911604 -0.081045754 -0.5868718 37 99 235
0.13742518 -0.065704495 0.12670021 37 99 235
0.16295195 -0.1079461 0.17441347 37 99 235
-0.3416101 -0.21551076 0.12532812 37 99 235
0.034743499 -0.14921962 0.06100297 37 99 235
-0.0061152764 0.12993565 0.73955959 37 99 235
-0.13498349 -0.026580093 -0.0040690037 37 99 235
0.025081111 -0.19817494 -0.074829876 37 99 235
-0.017885242 -0.20720802 -0.039323609 37 99 235
0.036306106 -0.11541791 -0.059622362 37 99 235
-0.02746992 0.01229663 -0.60292476 37 99 235
-0.26403198 -0.15547937 -0.19840774 37 99 235
0.011047669 -0.19028589 -0.53111631 37 99 235
0.12832846 -0.067494251 0.3868714 37 99 235
0.099055737 -0.11329856 -0.23229182 37 99 235
-0.042332936 -0.11388157 -0.18482615 37 99 235
-0.43615931 -0.10860933 0.1007188 37 99 235
-0.2729241 -0.1011995 0.047875728 37 99 235
0.29558513 -0.12763774 0.10633995 37 99 235
0.34920523 -0.20714627 0.31533441 37 99 235
0.04110774 -0.094820008 -0.63139737 37 99 235
-0.24646768 -0.1613175 0.0079203928 37 99 235
0.00013578599 -0.014259212 -0.3807213 37 99 235
-0.36331496 -0.20120881 0.14065571 37 99 235
0.00030181257 0.082257546 0.81853932 37 99 235
0.058713075 -0.073710985 0.477182 37 99 235
-0.035867978 0.06385009 0.068201475 37 99 235
0.21337315 -0.12802495 -0.185854 37 99 235
0.39427236 -0.10679053 0.19325411 37 99 235
-0.069581062 -0.070249155 -0.39880708 37 99 235
0.034268461 -0.12398332 0.46451178 37 99 235
-0.0088900318 -0.14577523 -0.51327419 37 99 235
0.11902279 -0.1117359 -0.35989359 37 99 235
-0.30958024 -0.1961579 -0.014948727 37 99 235
0.091727301 0.028389102 -0.19527082 37 99 235
0.10999645 -0.11735984 0.099751994 37 99 235
0.10806877 0.016104829 -0.12054344 37 99 235
0.34544662 -0.20115337 0.37202257 37 99 235
-0.032290164 -0.046898279 0.49354088 37 99 235
-0.056638714 0.041057281 0.26541397 37 99 235
0.13054509 -0.09045469 0.36512458 37 99 235
0.2066204 -0.10561877 -0.098268896 37 99 235
-0.42922446 0.046431411 0.29161313 37 99 235
-0.4373481 -0.08022996 0.39691243 37 99 235
-0.025965204 -0.11497561 -0.095147938 37 99 235
0.17185287 -0.14184155 -0.010126156 37 99 235
-0.088776022 -0.074309766 0.47719544 37 99 235
0.34296358 -0.11578068 0.26796758 37 99 235
-0.0050617699 -0.20850912 0.18726222 37 99 235
-0.10772245 -0.11853003 0.19573066 37 99 235
0.27236354 -0.20169394 0.13800555 37 99 235
-0.11819989 -0.014670145 0.37110162 37 99 235
-0.33595505 -0.12617961 0.2133784 37 99 235
0.039339039 0.0095759165 0.72006851 37 99 235
0.038959146 -0.17321126 -0.014034424 37 99 235
-0.16897826 -0.096533544 0.10956518 37 99 235
0.010196839 -0.091374926 0.47703472 37 99 235
0.13297895 -0.092169233 -0.29613233 37 99 235
0.050169144 0.014228461 0.50810879 37 99 235
-0.11315091 -0.015337002 0.701401 37 99 235
-0.0042261989 -0.13589142 -0.57778031 37 99 235
-0.0058250963 0.1050391 0.57015765 37 99 235
0.36606956 -0.17095643 0.20494434 37 99 235
-0.09298601 -0.0079520382 0.70077121 37 99 235
0.009066022 -0.23732686 -0.5428707 37 99 235
-0.019392323 -0.11102803 -0.67648339 37 99 235
-0.021982864 -0.15375122 0.2415574 37 99 235
-0.13489269 -0.03336896 0.1519763 37 99 235
-0.0075870315 -0.15800518 -0.53261906 37 99 235
-0.096546166 0.029511979 -0.38328609 37 99 235
-0.0095516592 0.079627655 -0.17894949 37 99 235
0.031163076 0.024576176 0.67176902 37 99 235
0.062088151 0.044937968 -0.29456958 37 99 235
0.3537536 -0.19964653 -0.086590365 37 99 235
-0.11365835 0.011143058 0.15424804 37 99 235
-0.33485535 -0.15104149 0.06200799 37 99 235
-0.013800776 0.07557869 0.11887754 37 99 235
-0.42923918 0.054661307 0.36391929 37 99 235
-0.034011386 -0.11984929 0.3035087 37 99 235
-0.066218019 -0.10204469 -0.46530151 37 99 235
0.052348323 -0.03431192 -0.67316979 37 99 235
-0.041148484 -0.1640186 0.085384659 37 99 235
0.015880059 -0.14583726 0.30146873 37 99 235
0.25005418 -0.11814687 0.33610851 37 99 235
-0.2327611 -0.11917269 0.26923862 37 99 235
-0.31708786 -0.15905768 0.26384792 37 99 235
-0.084353216 -0.077150747 0.47714052 37 99 235
-0.061454084 -0.039435938 -0.56325626 37 99 235
0.014654744 -0.058130756 -0.46555141 37 99 235
0.024342719 0.014050507 -0.60000771 37 99 235
-0.036260072 0.0071200668 0.70323867 37 99 235
-0.042332392 0.0061330465 0.57117486 37 99 235
-0.057299942 0.037930869 -0.37364724 37 99 235
-0.0082391137 -0.027571799 0.61002517 37 99 235
-0.30592358 -0.1576739 0.075457633 37 99 235
0.064769618 0.031185156 0.3496961 37 99 235
-0.032772947 -0.1787657 0.23079699 37 99 235
0.30555674 -0.18332489 0.21544658 37 99 235
-0.11673387 -0.11658604 0.037026335 37 99 235
0.087926947 0.020598156 -0.37806857 37 99 235
-0.012575167 -0.20482023 0.20961697 37 99 235
-0.064812377 -0.1136447 -0.20368047 37 99 235
0.010584611 0.091001585 0.66085178 37 99 235
0.25498092 -0.11272206 0.027113007 37 99 235
0.00010016244 0.14168262 -0.31845918 37 99 235
-0.036739942 -0.18328877 0.11420865 37 99 235
0.070470437 0.0056835865 0.66762447 37 99 235
-0.040996246 0.058728784 0.13697571 37 99 235
-0.17183146 -0.11802396 0.37615085 37 99 235
-0.22168013 -0.067541674 0.81010568 37 99 235
-0.42842999 0.0023744809 0.31072798 37 99 235
-0.028832026 -0.11677062 0.05191296 37 99 235
0.31446323 -0.11604553 0.0052381982 37 99 235
0.33929354 -0.14927435 0.087646678 37 99 235
0.43452278 -0.0927376 0.25865674 37 99 235
0.42951936 0.0023787664 0.29045469 37 99 235
0.25157845 -0.099227071 0.0056856419 37 99 235
0.19898765 -0.097281389 -0.049085017 37 99 235
-0.09423212 0.022084685 0.25185773 37 99 235
0.033466332 0.063186973 0.2695674 37 99 235
0.25468037 -0.15419099 0.0019574841 37 99 235
-0.11101495 -0.11527079 -0.070501179 37 99 235
0.13579001 -0.053800825 0.27224478 37 99 235
-0.043263547 -0.012985923 -0.65427876 37 99 235
0.42633078 -0.11637461 0.23112449 37 99 235
0.17549118 -0.11727324 0.19705214 37 99 235
0.043202389 -0.0087129334 -0.62483424 37 99 235
0.037166297 -0.15215953 0.059463203 37 99 235
0.09357623 0.030140657 -0.37005755 37 99 235
0.3103596 -0.16622397 0.010687561 37 99 235
0.064270779 0.035583477 0.15526849 37 99 235
-0.13576999 -0.067343436 0.064032555 37 99 235
-0.10847919 -0.1195088 0.27582723 37 99 235
-0.013805646 -0.0095639974 -0.5278722 37 99 235
0.02168463 -0.0008522615 -0.69634557 37 99 235
-0.036348835 -0.11798608 0.15169817 37 99 235
0.031777069 -0.043083016 -0.79688877 37 99 235
0.051089149 -0.11355862 -0.21130744 37 99 235
-0.12983778 -0.016824659 -0.35156685 37 99 235
-0.36474407 -0.19402866 0.21666157 37 99 235
0.11884482 0.0051396154 0.1631874 37 99 235
0.090815172 0.025552966 -0.0050283568 37 99 235
-0.023353562 0.069233283 -0.25752819 37 99 235
0.13579001 -0.056011528 0.12460917 37 99 235
0.046919387 0.020810328 -0.46937197 37 99 235
0.42848784 -0.050099939 0.30115235 37 99 235
-0.27785447 -0.12304933 0.082576603 37 99 235
0.043977585 0.05797505 -0.078032911 37 99 235
0.31497762 -0.17822196 0.32253572 37 99 235
-0.031135701 -0.11413094 -0.16409616 37 99 235
-0.0755262 0.033177581 -0.16185392 37 99 235
0.14642784 -0.093346953 0.042332228 37 99 235
-0.1580725 -0.11664169 0.13574298 37 99 235
0.41974053 -0.087834962 0.24761243 37 99 235
-0.0043906518 0.18113852 0.69977868 37 99 235
-0.15914448 -0.094626449 -0.08336886 37 99 235
0.064594865 -0.055599961 -0.48610756 37 99 235
0.24729684 -0.10746408 -0.058360752 37 99 235
0.13781857 -0.033440914 -0.28052559 37 99 235
-0.021832038 0.16240001 -0.50973922 37 99 235
-0.069880009 -0.035083268 -0.39716965 37 99 235
-0.10834038 -0.11419921 -0.15859376 37 99 235
0.38028288 -0.1189658 0.23189801 37 99 235
-0.046611156 0.05153656 0.20410579 37 99 235
-0.084258489 0.026849445 0.15554982 37 99 235
0.10883328 -0.018401831 0.40269518 37 99 235
-0.13576999 -0.067665257 0.17917033 37 99 235
0.13560021 -0.016752312 -0.29925138 37 99 235
-0.32551616 -0.20965369 0.029181179 37 99 235
0.33655909 -0.15164989 0.12419225 37 99 235
-0.22373542 -0.11384997 0.047585059 37 99 235
0.042131364 -0.11140447 0.50072318 37 99 235
-0.0046021994 -0.099391468 -0.79122007 37 99 235
0.070041038 0.036167588 -0.028059971 37 99 235
-0.0049697165 -0.026478099 -0.45055237 37 99 235
-0.099526338 0.02418432 -0.06893234 37 99 235
-0.13401403 -0.098064139 -0.30065516 37 99 235
-0.039259449 -0.09432333 -0.7356326 37 99 235
-0.24833122 -0.11242488 0.28917405 37 99 235
-0.034388464 -0.11807381 0.15882111 37 99 235
0.083971031 0.025561927 0.21186517 37 99 235
-0.42900541 0.021588618 0.28977036 37 99 235
0.19345783 -0.11682799 0.056935634 37 99 235
-0.073720075 0.037283108 -0.25840983 37 99 235
0.06448926 -0.014534597 -0.47848219 37 99 235
0.028950725 -0.094164841 -0.77998257 37 99 235
0.033672292 -0.17354226 -0.49455899 37 99 235
-0.14499834 -0.12589711 0.16157988 37 99 235
0.015100075 -0.14525609 0.17068282 37 99 235
-0.00072385621 0.12948413 0.53999829 37 99 235
-0.1160401 0.0091872737 0.2001618 37 99 235
-0.31107002 -0.19887713 0.0071422071 37 99 235
-0.2122785 -0.15441751 -0.028963959 37 99 235
-0.039007731 -0.08451926 -0.76872039 37 99 235
-0.43439949 -0.022929043 0.2714777 37 99 235
-0.017374353 -0.144127 -0.011187483 37 99 235
-0.0015193898 0.12205694 0.54501313 37 99 235
0.33145058 -0.1540366 0.22522861 37 99 235
0.12085029 0.0067733689 -0.12832147 37 99 235
-0.03859283 -0.17009076 -0.024045058 37 99 235
-0.0022117654 -0.13035767 -0.5503931 37 99 235
-0.00081989256 0.067190684 0.82553339 37 99 235
-0.21625495 -0.11738207 0.15628585 37 99 235
-0.070466846 -0.049115736 -0.41937715 37 99 235
0.12059418 -0.11200337 -0.33632165 37 99 235
-0.12628785 -0.10290142 0.089589112 37 99 235
0.4082534 -0.10180592 0.24647065 37 99 235
-0.34102488 -0.13866933 0.27565104 37 99 235
0.029226962 -0.033689849 0.52122796 37 99 235
0.18359119 -0.11316393 0.22106242 37 99 235
-0.047519155 0.053784736 -0.064887241 37 99 235
0.10620932 -0.11740933 0.41449264 37 99 235
0.074179433 0.024139088 -0.43030262 37 99 235
0.22850522 -0.15617946 -0.04729192 37 99 235
0.13579001 -0.046155576 0.26067171 37 99 235
-0.0028272027 -0.12646821 -0.5029512 37 99 235
-0.4296478 0.040162526 0.30197641 37 99 235
0.013444134 -0.11362637 -0.20485471 37 99 235
0.24546042 -0.099032447 0.078520559 37 99 235
0.10751878 -0.11991111 0.30901378 37 99 235
0.42899433 0.045003079 0.3212705 37 99 235
0.023517055 -0.044548843 0.50670767 37 99 235
0.036040545 0.061293099 0.27705857 37 99 235
-0.028521702 0.067577444 0.45706549 37 99 235
0.054936074 -0.11620697 0.0058360295 37 99 235
-0.30006072 -0.20463735 0.14213297 37 99 235
-0.022640925 -0.18834558 0.26492596 37 99 235
0.0095215021 0.078326263 0.11888623 37 99 235
0.13579001 -0.076897986 0.025388326 37 99 235
0.03776684 -0.12736422 0.080540843 37 99 235
-0.025777327 0.070419379 0.091663152 37 99 235
0.13341948 -0.011996962 -0.040258195 37 99 235
0.10519714 -0.11715931 0.08311265 37 99 235
-0.10875051 -0.11865424 0.21192074 37 99 235
-0.0031839446 0.076497823 0.13069165 37 99 235
-0.28656098 -0.19043781 0.097443953 37 99 235
-0.2100769 -0.11159781 0.14392756 37 99 235
0.02153481 -0.20226228 -0.113296 37 99 235
-0.23670454 -0.11825613 0.32445657 37 99 235
-0.35868102 -0.15468249 0.1243102 37 99 235
-0.17672242 -0.047251541 0.76781756 37 99 235
0.13579001 -0.032013211 0.10516476 37 99 235
0.17383747 -0.13323246 -0.21552792 37 99 235
0.3025637 -0.16970336 0.13621573 37 99 235
-0.031231623 0.10129523 -0.47873235 37 99 235
0.031838566 -0.20250006 0.066646688 37 99 235
-0.10561825 -0.11425042 -0.15422608 37 99 235
-0.2332668 -0.14572433 -0.034316145 37 99 235
0.32138214 -0.1238551 0.070643716 37 99 235
-0.059486993 -0.058514681 -0.54468632 37 99 235
0.4026773 -0.10936159 0.24280089 37 99 235
-0.0092023648 -0.12759447 0.47325861 37 99 235
0.25490996 -0.10585992 0.12262461 37 99 235
-0.00020775644 0.11957759 0.68368828 37 99 235
0.096622653 -0.067470819 -0.42729077 37 99 235
-0.040068481 0.061308507 -0.093211867 37 99 235
-0.21368502 -0.14046571 -0.10452946 37 99 235
-0.032124512 -0.20417574 0.083786711 37 99 235
-0.1853095 -0.10817989 -0.13942575 37 99 235
0.13579001 -0.056520931 0.050266743 37 99 235
-0.30472946 -0.18236539 0.048770521 37 99 235
-0.016286673 -0.10949557 -0.39682114 37 99 235
0.036286198 -0.16100895 -0.50599623 37 99 235
-0.062457219 -0.11871975 0.21117173 37 99 235
0.038094521 -0.11690208 0.063190505 37 99 235
0.084681347 -0.12147721 0.39419913 37 99 235
0.43285748 -0.01983171 0.29177567 37 99 235
-0.10795356 0.021841336 -0.081979893 37 99 235
-0.053701475 0.0069256956 0.77317619 37 99 235
0.32364205 -0.20947735 0.096266322 37 99 235
-0.11397725 0.010721414 0.093576707 37 99 235
0.01954714 0.15265794 -0.49430758 37 99 235
-0.003456258 0.14235723 0.62556016 37 99 235
-0.36882076 -0.19018568 0.038410094 37 99 235
-0.050371815 0.047616102 0.17642023 37 99 235
-0.027520429 -0.20446834 0.1024772 37 99 235
0.43045786 0.035188779 0.42355025 37 99 235
0.11506297 -0.021219701 -0.41793901 37 99 235
0.20015737 -0.1352853 -0.20808084 37 99 235
0.016879702 -0.0026342133 -0.24893142 37 99 235
-0.37981653 -0.11683562 0.057143111 37 99 235
-0.29297337 -0.20162594 0.12713024 37 99 235
-0.31085366 -0.17752874 0.30108163 37 99 235
-0.067853332 0.0088901268 -0.36643413 37 99 235
-0.42973757 -0.11306443 0.18445541 37 99 235
-0.083307192 0.019239116 0.34253103 37 99 235
-0.03634752 0.065180153 -0.19751406 37 99 235
-0.13792263 -0.071040891 -0.2503514 37 99 235
-0.27690774 -0.19486311 0.11877708 37 99 235
-0.33464357 -0.2166203 0.17159253 37 99 235
0.34773719 -0.21287614 0.20575891 37 99 235
-2.3698825e-05 0.16990326 0.63867986 37 99 235
-0.0012616232 0.062851638 0.8205477 37 99 235
0.043240346 0.058904812 -0.14391121 37 99 235
-0.025386721 0.070754506 0.45649201 37 99 235
-0.020120353 -0.18075225 -0.18162596 37 99 235
-0.0013734503 0.092112288 0.6126079 37 99 235
-0.029996354 -0.012750603 -0.38276127 37 99 235
0.31717116 -0.21001413 0.25670001 37 99 235
-0.053779852 0.049144484 -0.23444048 37 99 235
-0.0096034007 -0.14921686 -0.15070987 37 99 235
0.053300854 0.046565477 -0.0067345691 37 99 235
-0.36111856 -0.2049412 0.17564148 37 99 235
0.43696493 -0.086771555 0.35731408 37 99 235
-0.070301659 -0.032328788 0.50930011 37 99 235
0.17857684 -0.11922591 -0.19958073 37 99 235
0.021806749 -0.11921518 0.25264525 37 99 235
0.2159175 -0.097330526 0.030124409 37 99 235
0.011523346 -0.14385124 0.1848972 37 99 235
-0.051647425 -0.0082838796 -0.57765883 37 99 235
0.13281961 -0.10797548 0.015453849 37 99 235
0.0065361904 0.082623854 0.40539604 37 99 235
0.063389644 -0.045829121 -0.50564957 37 99 235
0.23569372 -0.1002302 0.0551598 37 99 235
-0.068506807 -0.074965015 -0.44549447 37 99 235
-0.051130693 0.01128886 0.69421726 37 99 235
-0.12564729 -0.067622349 0.40693173 37 99 235
-0.12009086 -0.021107296 -0.39995226 37 99 235
-0.21225946 -0.10709397 -0.10361453 37 99 235
-0.199734 -0.12010109 0.34238094 37 99 235
-0.0086714663 0.0043452573 -0.66890639 37 99 235
0.016505005 -0.12015565 0.32838422 37 99 235
0.18662822 -0.1277976 -0.086953819 37 99 235
-0.014696999 -0.0033185328 0.69221896 37 99 235
-0.037989084 -0.043037191 -0.78045785 37 99 235
0.24721566 -0.11805431 0.048238873 37 99 235
0.0092754522 -0.21158044 0.15790758 37 99 235
-0.061138421 -0.10606912 -0.42306939 37 99 235
0.13302322 -0.017926821 0.30398664 37 99 235
-0.12152866 0.0036590809 0.11991268 37 99 235
-0.039155632 0.039153479 -0.42444399 37 99 235
0.12759885 -0.11245491 -0.27907774 37 99 235
0.26328236 -0.12270413 -0.039724492 37 99 235
-0.20205233 -0.05783999 0.79688817 37 99 235
0.18645224 -0.099452689 0.037231699 37 99 235
-0.052036066 0.029184779 -0.43144619 37 99 235
0.43803048 -0.084988825 0.12092807 37 99 235
-0.11888494 0.011695026 -0.20131026 37 99 235
-0.093524039 -0.0067123328 -0.42748287 37 99 235
0.22103076 -0.10018125 -0.048749808 37 99 235
0.028770914 -0.11341307 -0.22276603 37 99 235
0.058890183 0.0061063017 0.78168172 37 99 235
0.070966661 -0.048336003 -0.39590538 37 99 235
-0.026344856 -0.10722324 -0.55406946 37 99 235
-0.034746334 -0.052446131 -0.8012014 37 99 235
-0.23118997 -0.11315311 0.15989403 37 99 235
0.028924482 0.069817811 0.10345286 37 99 235
0.10119695 -0.1004424 0.49737886 37 99 235
-0.099536188 0.019955009 0.10017765 37 99 235
-0.31491578 -0.1874222 0.35432133 37 99 235
-0.0083353473 0.10932919 -0.43846321 37 99 235
0.12486496 -0.11244036 -0.299481 37 99 235
0.024097107 -0.1434845 0.16538484 37 99 235
-0.035548057 0.0070847655 -0.59185737 37 99 235
-0.044589683 -0.077448107 0.47713706 37 99 235
0.16476002 -0.10427269 -0.14309277 37 99 235
0.10526566 -0.11897502 0.23213707 37 99 235
-0.018549506 0.028729625 0.7196762 37 99 235
0.09933503 -0.11509042 -0.085580103 37 99 235
-0.0069071609 0.08324787 0.07986927 37 99 235
-0.11562394 -0.018112203 0.78526688 37 99 235
0.016499311 -0.020162163 -0.29230404 37 99 235
-0.43518397 -0.10507326 0.39370358 37 99 235
-0.43174267 -0.024616355 0.38667279 37 99 235
0.11755936 -0.057261556 0.44822684 37 99 235
-0.092467122 -0.11578801 -0.027944474 37 99 235
0.1167653 -0.089173868 0.44616702 37 99 235
-0.42842999 0.010280351 0.32453564 37 99 235
-0.13649912 -0.036389485 -0.19615786 37 99 235
0.089437172 0.013934449 -0.44865152 37 99 235
-0.22849418 -0.11123009 0.27269325 37 99 235
0.040095851 -0.10461273 -0.49728632 37 99 235
-0.0079063019 0.082319044 -0.45517465 37 99 235
-0.010320188 0.011862469 -0.5957607 37 99 235
-0.12435451 -0.024889957 0.37785041 37 99 235
0.021362148 0.0049520684 0.69816035 37 99 235
0.065522023 -0.11293512 -0.26269212 37 99 235
0.11407475 0.013352452 0.068890728 37 99 235
0.0043455996 0.075619623 0.33427805 37 99 235
-0.34636995 -0.16086031 0.31486541 37 99 235
-0.12633441 -0.0028284579 0.15542613 37 99 235
0.34574234 -0.17109659 0.35252994 37 99 235
-0.037119027 -0.15567824 0.018072752 37 99 235
-0.25044703 -0.082644314 0.8547886 37 99 235
-0.032811075 -0.076118395 0.51499009 37 99 235
0.00028988198 0.15007801 0.80187911 37 99 235
-0.028613156 0.069952436 -0.40675515 37 99 235
-0.030797027 -0.0074226954 -0.54369998 37 99 235
-0.31731367 -0.15209918 0.15952317 37 99 235
-0.095391512 0.026647525 -0.19293228 37 99 235
0.0090380376 0.062781662 0.75067812 37 99 235
-0.43167931 0.010740822 0.41549146 37 99 235
-0.29252908 -0.14621347 0.10296784 37 99 235
0.098896764 0.019593032 0.2155322 37 99 235
0.0083156647 -0.010811818 -0.47726774 37 99 235
-0.034901649 -0.10057752 -0.70084751 37 99 235
0.036390662 0.019036762 -0.42514813 37 99 235
0.13783659 -0.024527162 -0.24562442 37 99 235
-0.072667979 -0.11425499 -0.15356752 37 99 235
-0.38664791 -0.11982667 0.37809178 37 99 235
0.20709604 -0.13072677 -0.19993548 37 99 235
-0.050975218 -0.11224851 -0.31816161 37 99 235
-0.010376268 -0.015347973 0.63777065 37 99 235
0.41138005 -0.11486992 0.16444451 37 99 235
-0.13139178 -0.013253186 0.0066194967 37 99 235
-0.13576999 -0.045480303 -0.085677713 37 99 235
-0.054193981 0.046210997 -0.062791638 37 99 235
0.00016654404 0.18466955 0.79382724 37 99 235
-0.058160562 0.010767387 0.44872904 37 99 235
-0.056520276 -0.075927399 -0.53365219 37 99 235
0.10379235 -0.0074056606 0.3919529 37 99 235
-0.31290558 -0.18617919 -0.051079012 37 99 235
0.10387295 0.019299705 -0.12451646 37 99 235
0.046540678 0.052636717 0.040260445 37 99 235
-0.13576999 -0.062402818 -0.047137916 37 99 235
-0.12524386 -0.035926659 0.39382327 37 99 235
-0.023907352 0.0013656198 -0.66068661 37 99 235
0.048912439 -0.094082899 -0.52743381 37 99 235
-0.012450002 -0.14231332 0.11809262 37 99 235
-0.023680808 0.073001169 0.016471481 37 99 235
0.080309615 -0.072457202 -0.37027794 37 99 235
0.13593797 -0.021643175 -0.21917087 37 99 235
-0.0031362905 -0.11422202 -0.66192436 37 99 235
-0.35603419 -0.15750393 -0.015886653 37 99 235
-0.29495037 -0.21607728 0.12029818 37 99 235
0.083607703 -0.018716957 0.44857585 37 99 235
-0.010312954 0.11893429 -0.50510967 37 99 235
0.039941911 -0.18356504 0.013711913 37 99 235
-0.048889574 0.051625926 -0.015641235 37 99 235
-0.33348265 -0.2122013 0.081384592 37 99 235
-0.19122922 -0.11815707 0.16534546 37 99 235
0.38365656 -0.11398829 0.12660901 37 99 235
0.010396416 -0.055420771 0.52877223 37 99 235
0.011932343 0.074840598 0.038152345 37 99 235
0.18801734 -0.11910699 0.24352196 37 99 235
-0.0094415024 -0.1182031 0.16896337 37 99 235
0.10420027 0.015703289 0.25867972 37 99 235
-0.4186599 -0.11943554 0.33127141 37 99 235
-0.18354218 -0.10542783 0.043806244 37 99 235
-0.41772357 -0.10917289 0.19154495 37 99 235
0.27363017 -0.11384171 -0.0076851496 37 99 235
-0.31624782 -0.10206322 0.10908987 37 99 235
0.21678975 -0.11709987 0.078484491 37 99 235
0.24426921 -0.098921493 0.072966181 37 99 235
-0.098226272 -0.096067078 0.49773639 37 99 235
0.079470627 0.033420131 -0.2891674 37 99 235
-0.24662973 -0.1202736 -0.10079476 37 99 235
0.088126063 0.025498316 0.088889748 37 99 235
0.17168519 -0.11993422 0.3324585 37 99 235
0.048348282 -0.11927852 0.25707537 37 99 235
-0.35845035 -0.15600049 0.036045104 37 99 235
0.31748489 -0.10340659 0.20319431 37 99 235
0.020598957 -0.20776719 -0.0075027654 37 99 235
-0.00610389 0.074432462 -0.45311528 37 99 235
-0.12630406 -0.0025908225 0.085715786 37 99 235
-0.034195464 -0.015992457 0.59338731 37 99 235
-0.050928693 0.017020497 -0.51252031 37 99 235
-0.42515218 -0.11810116 0.274533 37 99 235
-0.11823184 0.0104856 -0.10020299 37 99 235
-0.052491724 0.0092416396 0.72616082 37 99 235
-0.43696639 -0.085552536 0.24781702 37 99 235
0.43539828 -0.094692506 0.39527863 37 99 235
-0.00017132786 -0.01420842 -0.37126842 37 99 235
-0.13793066 -0.085848533 -0.27249733 37 99 235
0.12545167 -0.056678642 0.40549704 37 99 235
0.037173882 -0.019863492 0.57037932 37 99 235
0.31522235 -0.16884394 0.3049455 37 99 235
0.13579001 -0.027345469 0.14647892 37 99 235
0.017705895 0.0056267898 -0.64799726 37 99 235
0.0049994811 0.11332235 -0.41602355 37 99 235
0.13820364 -0.018047625 -0.25925812 37 99 235
0.12557222 -0.037164938 -0.38770118 37 99 235
0.0078941155 -0.11673552 0.048834331 37 99 235
-0.080695443 -0.12067121 0.44175303 37 99 235
0.43058705 0.0090301419 0.24171755 37 99 235
-0.018276177 -0.12887537 -0.47073114 37 99 235
-0.34475353 -0.14148411 0.28458127 37 99 235
-0.33441469 -0.21747538 0.27671233 37 99 235
-0.044583213 -0.092967048 -0.55185229 37 99 235
0.0037646301 -0.11489139 -0.49502578 37 99 235
-0.13576999 -0.085769124 0.21830674 37 99 235
0.22621946 -0.12440368 -0.14105158 37 99 235
-0.099847458 0.025212325 -0.18373051 37 99 235
-0.050311204 0.0083763963 0.80532253 37 99 235
0.043093588 -0.093488231 -0.6801948 37 99 235
0.027600944 0.043998651 0.58239371 37 99 235
-0.12853932 0.00050401938 -0.28254712 37 99 235
0.04541444 -0.016739888 0.52712733 37 99 235
0.024893668 0.014034587 -0.58716631 37 99 235
0.020165611 -0.15151459 -0.14707267 37 99 235
-0.30909595 -0.1653284 0.0023019854 37 99 235
0.072881959 -0.11405324 -0.1699592 37 99 235
0.2742008 -0.16520622 0.10573035 37 99 235
0.010510691 0.07838501 0.025321249 37 99 235
0.0045939102 -0.051404092 0.55621421 37 99 235
0.0010872253 0.11418385 0.75232524 37 99 235
-0.054365676 -0.12111083 0.37049949 37 99 235
0.13579001 -0.036928035 0.094080724 37 99 235
-0.27229273 -0.15845886 -0.1867363 37 99 235
-0.10755745 -0.082216688 0.49869436 37 99 235
0.30038929 -0.10961774 0.24672613 37 99 235
-0.12691274 -0.15330538 0.12342416 37 99 235
-0.19377331 -0.12018629 0.33121252 37 99 235
-0.30211321 -0.11692264 -0.03265873 37 99 235
-0.24708045 -0.1065584 0.2394716 37 99 235
-0.32586038 -0.10244857 0.11077454 37 99 235
0.017716907 0.076733314 -0.11873676 37 99 235
-0.26974294 -0.14221549 0.12613945 37 99 235
-0.010164242 -0.11391363 -0.18173465 37 99 235
0.077246606 -0.12103132 0.44180331 37 99 235
0.31212741 -0.19885805 0.12299281 37 99 235
0.12856248 -0.11351734 -0.17546828 37 99 235
0.18717328 -0.051934026 0.81936729 37 99 235
0.35895589 -0.15951461 0.13186358 37 99 235
-0.16048038 -0.10722001 0.18572846 37 99 235
0.058055222 0.007483507 0.7617029 37 99 235
0.3553389 -0.11267591 0.14721926 37 99 235
0.0004655025 0.065850712 0.7643916 37 99 235
0.0461994 0.052398831 0.17253035 37 99 235
0.1976179 -0.098041341 0.144728 37 99 235
-0.21675982 -0.098229289 0.10109674 37 99 235
0.0077897338 -0.21597829 0.085534863 37 99 235
0.43519098 -0.094206266 0.39646861 37 99 235
0.02860884 -0.11358241 -0.45759672 37 99 235
0.12863076 -0.072105452 0.38381445 37 99 235
-0.023456477 0.068386108 -0.23517089 37 99 235
0.19515182 -0.14992988 -0.17378664 37 99 235
-0.0066418103 -0.21639255 0.031790547 37 99 235
0.044403493 -0.086652018 -0.71876085 37 99 235
0.33651233 -0.21500254 0.24231845 37 99 235
-0.10412032 -0.033756547 -0.41313016 37 99 235
-0.17101108 -0.12073995 0.15273316 37 99 235
0.21647938 -0.10370532 0.14979729 37 99 235
-0.1860369 -0.11736905 -0.0040946696 37 99 235
-0.31128356 -0.19743711 0.033599943 37 99 235
-0.0053402069 0.11344358 -0.30290729 37 99 235
-0.1348765 -0.025408117 0.75623298 37 99 235
-0.25415251 -0.11842167 0.26749262 37 99 235
0.18089172 -0.11185114 0.38445446 37 99 235
0.3075664 -0.18275622 -0.018290544 37 99 235
0.026661932 0.011770996 -0.5959875 37 99 235
0.085078984 -0.0014557734 0.67565721 37 99 235
0.13579001 -0.058699019 -0.051081739 37 99 235
0.28609601 -0.18971744 0.16153395 37 99 235
-0.13803346 -0.01926771 -0.25555128 37 99 235
-0.21007197 -0.060155768 0.76761597 37 99 235
-0.07599052 -0.10762374 -0.36841992 37 99 235
-0.0043388577 0.13458781 0.70082492 37 99 235
-0.13010195 -0.0067892536 -0.054155227 37 99 235
-0.31071496 -0.2010556 0.18872809 37 99 235
-0.13576999 -0.039230049 0.097139426 37 99 235
0.13521045 -0.11321498 0.38489676 37 99 235
0.041636404 0.049890727 0.45152029 37 99 235
0.013519742 -0.10694234 0.48256296 37 99 235
-0.31569704 -0.10317518 0.20110017 37 99 235
0.097888708 -0.053025808 0.50464153 37 99 235
0.0065951347 -0.17159638 -0.58634609 37 99 235
-0.0089005753 -0.15113692 -0.50680405 37 99 235
-0.13527356 -0.026379313 0.72858584 37 99 235
-0.32222271 -0.15072183 0.23975936 37 99 235
-0.20257373 -0.056052946 0.76182389 37 99 235
0.012019477 0.0031021857 -0.59498191 37 99 235
-0.21115249 -0.12012205 0.32657874 37 99 235
-0.0037904182 -0.18150957 -0.21598101 37 99 235
0.0054490729 -0.11522247 -0.69728738 37 99 235
-0.0015112725 0.054504216 0.82072783 37 99 235
0.17259562 -0.12381738 0.017714594 37 99 235
0.037386864 -0.17887236 -0.022935061 37 99 235
-0.007133815 -0.11163803 -0.3676782 37 99 235
0.23753639 -0.098030865 0.020722827 37 99 235
-0.077324703 0.029071933 0.18360372 37 99 235
-0.25531116 -0.11123738 0.088214755 37 99 235
0.0012973377 -0.1251844 0.46332774 37 99 235
-0.25950304 -0.15669695 -0.17994982 37 99 235
-0.0026043558 0.083544195 -0.53235739 37 99 235
0.15261742 -0.094020434 0.023357667 37 99 235
-0.33584374 -0.10475779 0.071462847 37 99 235
0.13579001 -0.042436376 0.058153063 37 99 235
-0.019607335 -0.056697991 0.5102489 37 99 235
0.32986435 -0.12350595 0.18652871 37 99 235
0.040404554 -0.053935446 -0.7878688 37 99 235
0.12623157 0.0030414979 -0.1946836 37 99 235
0.2734043 -0.17863977 0.13366583 37 99 235
-0.34166911 -0.21163613 0.050960097 37 99 235
0.13671818 -0.088027708 -0.20423546 37 99 235
0.43361238 -0.032946441 0.28624952 37 99 235
0.36369839 -0.16428401 0.19592242 37 99 235
0.026486119 -0.12083609 -0.57811457 37 99 235
-0.43011609 -0.085151449 0.17438416 37 99 235
-0.34750581 -0.11159003 0.29947433 37 99 235
-0.1939517 -0.11128136 0.17014627 37 99 235
0.43258622 -0.037117358 0.21290928 37 99 235
0.13531926 -0.049008846 0.3138946 37 99 235
0.094281346 -0.11332884 -0.22979911 37 99 235
-0.034675445 -0.19412041 -0.01166671 37 99 235
-0.0056159832 -0.11317721 -0.64249879 37 99 235
0.34703037 -0.20196714 0.36404535 37 99 235
-0.32279286 -0.19174677 -0.10699842 37 99 235
0.017614042 -0.10835554 -0.44410035 37 99 235
-0.25736231 -0.15243472 -0.0087642632 37 99 235
-0.22845539 -0.14961515 -0.14427228 37 99 235
-0.11740146 -0.1310124 0.12691061 37 99 235
-0.05024657 -0.11739679 0.10252727 37 99 235
0.044846911 -0.088258952 -0.69791675 37 99 235
-0.31371069 -0.13908085 -0.063634939 37 99 235
0.032462101 0.064647354 0.1820831 37 99 235
-0.041486848 -0.059780143 -0.78703523 37 99 235
-0.13576999 -0.081678942 0.18420161 37 99 235
0.029881451 0.0088402042 -0.5929991 37 99 235
-0.29267642 -0.18909954 0.097443864 37 99 235
-0.01253817 0.072312817 0.36462659 37 99 235
-0.16401093 -0.1150351 -0.090454407 37 99 235
0.043959673 0.022690352 0.53311241 37 99 235
0.13579001 -0.059945785 0.31389952 37 99 235
-0.0066072661 0.075785786 0.14656374 37 99 235
-0.0062649632 -0.013839465 -0.42937982 37 99 235
0.046435215 0.053487092 0.06180878 37 99 235
-0.242599 -0.15886095 0.020064164 37 99 235
0.036687866 -0.16240166 -0.41997239 37 99 235
0.25161949 -0.14336233 -0.047047339 37 99 235
0.031383291 0.13474625 -0.50721121 37 99 235
-0.063831635 0.033758804 0.27757081 37 99 235
0.12253816 -0.06427253 0.42947349 37 99 235
0.00071635761 -0.20229307 0.23594029 37 99 235
-0.13676268 -0.06901715 -0.20651802 37 99 235
0.42984796 0.047314025 0.30855078 37 99 235
0.36340332 -0.10692626 0.26098469 37 99 235
-0.1766813 -0.11195276 0.23770142 37 99 235
-0.098817989 -0.1174823 0.42724913 37 99 235
0.13856773 -0.094267644 -0.093119338 37 99 235
-0.018599838 0.016425557 -0.306586 37 99 235
0.32011315 -0.16132714 0.057307191 37 99 235
0.17375763 -0.13363437 -0.0061467327 37 99 235
-0.1125472 -0.11627219 0.011380114 37 99 235
0.27158162 -0.10061687 0.12797342 37 99 235
-0.12464387 -0.00030993871 0.10959466 37 99 235
-0.24541087 -0.1062718 0.15375343 37 99 235
0.12563184 -0.003768936 0.20844929 37 99 235
0.035101984 0.066132687 -0.15193899 37 99 235
0.12845662 -0.10749913 -0.12433269 37 99 235
-0.18649194 -0.10280075 0.1974771 37 99 235
-0.076831102 -0.043487828 -0.43132627 37 99 235
0.034443129 0.050989777 -0.4188436 37 99 235
0.038207289 0.014565466 -0.53951341 37 99 235
-0.0064043636 0.01750163 0.77077317 37 99 235
0.0045250431 -0.15059212 -0.58036822 37 99 235
0.124784 -0.086548507 0.41236058 37 99 235
-0.28049752 -0.11055948 0.00027127328 37 99 235
-0.12186672 -0.11431865 -0.14892404 37 99 235
-0.0013488345 -0.18876785 0.29917243 37 99 235
0.18633328 -0.10461106 0.0096869497 37 99 235
0.019161846 -0.10810024 -0.61598426 37 99 235
-0.28444654 -0.16055077 0.13671713 37 99 235
0.22916548 -0.069217972 0.78877521 37 99 235
0.31904536 -0.10298191 0.17544083 37 99 235
-0.032668285 0.054333288 0.51328945 37 99 235
0.31244123 -0.10577513 0.099551998 37 99 235
0.33919883 -0.21445464 0.24684863 37 99 235
-0.13191488 -0.010146928 -0.15861018 37 99 235
-0.089397758 -0.00082562055 0.6632213 37 99 235
-0.048094757 -0.12508281 0.49413177 37 99 235
-0.027939294 -0.14435872 0.039251164 37 99 235
-0.011443197 -0.053795632 0.53867263 37 99 235
0.33877972 -0.1455714 0.167209 37 99 235
0.0059033181 -0.0084549617 -0.49540886 37 99 235
-0.13372135 -0.026849169 0.14459077 37 99 235
0.13579001 -0.038288753 0.2741676 37 99 235
-0.43229908 -0.0020150756 0.26518869 37 99 235
-0.025016576 -0.20462215 0.15366454 37 99 235
0.022139041 -0.19507125 0.23604177 37 99 235
0.0078393016 -0.03653945 0.5939306 37 99 235
0.30292797 -0.10197102 0.14272544 37 99 235
0.19735332 -0.11772326 0.050025187 37 99 235
-0.4374468 -0.076768801 0.26447213 37 99 235
0.031903353 -0.20206313 0.063268296 37 99 235
-0.13054694 -0.11706268 0.38460794 37 99 235
-0.33012781 -0.19001293 -0.11736201 37 99 235
0.13579001 -0.047459174 -0.044370729 37 99 235
-0.19773871 -0.11187369 0.088677384 37 99 235
-0.0079186605 0.067864701 -0.30227894 37 99 235
-0.068013325 0.037875582 -0.37024486 37 99 235
-0.067634076 -0.11256933 -0.29166123 37 99 235
0.23738299 -0.15098475 -0.12015824 37 99 235
0.0073755994 0.080206245 -0.13366242 37 99 235
0.029487142 -0.17473102 -0.54642409 37 99 235
-0.075398259 -0.081394613 -0.41196972 37 99 235
0.34105659 -0.14658089 0.051736351 37 99 235
0.10759022 0.022428572 -0.38178238 37 99 235
0.060151856 -0.058912281 -0.53871131 37 99 235
0.30945066 -0.17932284 0.31300744 37 99 235
-0.0013676727 0.076030023 0.73672545 37 99 235
-0.067615896 -0.051190805 -0.45479116 37 99 235
0.093132451 -0.1126494 -0.28614059 37 99 235
-0.041495953 0.025346432 0.5488717 37 99 235
-0.29473174 -0.17973953 0.099221028 37 99 235
-0.029053397 -0.20282166 0.11034252 37 99 235
-0.057153508 0.044216827 -0.16466023 37 99 235
0.3826727 -0.10899929 0.25729412 37 99 235
-0.012477049 0.060846578 -0.30432481 37 99 235
-0.31369367 -0.15576236 -0.10174783 37 99 235
-0.07530272 -0.11628912 0.011988804 37 99 235
-0.20900148 -0.12812734 -0.031079795 37 99 235
-0.35601151 -0.10886365 0.10113556 37 99 235
-0.033162426 -0.11764915 0.12429707 37 99 235
0.43142015 0.014288508 0.41783011 37 99 235
0.080251805 -0.11614085 0.00064993429 37 99 235
0.005120161 0.0126438 -0.64123714 37 99 235
-0.12462852 0.0044174665 -0.33729431 37 99 235
0.21419609 -0.12137556 -0.15243027 37 99 235
-0.31396887 -0.20247455 0.23046021 37 99 235
-0.33752644 -0.18822627 0.39243719 37 99 235
0.16847582 -0.10080953 0.021173837 37 99 235
0.059097845 0.028130375 0.38538647 37 99 235
-0.16573703 -0.1153389 0.25286695 37 99 235
-0.37470746 -0.11579934 0.13020298 37 99 235
0.051930897 0.011592842 0.50068146 37 99 235
-0.34364986 -0.12505946 0.14147586 37 99 235
0.12867931 -0.048211962 -0.36223382 37 99 235
0.069786288 -0.067045018 -0.4099144 37 99 235
-0.32730722 -0.14870168 0.20726721 37 99 235
-0.019832458 -0.10754529 0.51089811 37 99 235
0.0038416786 0.076184139 0.13566279 37 99 235
-0.1718193 -0.10193703 0.15607406 37 99 235
0.33301574 -0.16067678 -0.094631113 37 99 235
-0.24129705 -0.13675401 -0.12250555 37 99 235
-0.42932591 0.044371966 0.29771042 37 99 235
0.079805389 -0.11934245 0.26296881 37 99 235
0.017650368 0.1355392 -0.38097376 37 99 235
0.22110017 -0.12832451 0.0042133033 37 99 235
0.051714361 -0.041096337 -0.70028752 37 99 235
-0.036253896 0.065165006 -0.058464848 37 99 235
0.012716942 0.042985432 -0.30560941 37 99 235
0.13101834 -0.11492442 -0.068562977 37 99 235
-0.19949248 -0.1408568 0.026142752 37 99 235
-0.077165134 -0.11844392 0.18876137 37 99 235
0.27234161 -0.10956136 0.26834831 37 99 235
-0.25030282 -0.1202933 0.34026623 37 99 235
0.0068868408 -0.1123682 -0.30826899 37 99 235
-0.13592198 -0.057609808 -0.17518948 37 99 235
-0.050237756 0.050081436 -0.013560494 37 99 235
-0.069435932 0.03981211 -0.22176817 37 99 235
0.097453065 -0.0074064163 0.68321115 37 99 235
-0.40807155 -0.11476793 0.17819363 37 99 235
-0.011973117 -0.2052186 0.2107251 37 99 235
-0.05300308 0.041254897 0.37526882 37 99 235
0.019939613 -0.2265458 -0.55962962 37 99 235
0.13579001 -0.068127491 0.23231003 37 99 235
0.36994278 -0.18849193 0.054453876 37 99 235
0.14582893 -0.11538467 -0.034985442 37 99 235
0.069734178 0.029572172 0.3343704 37 99 235
0.13166258 -0.01552871 -0.093728736 37 99 235
-0.27885866 -0.1195877 0.29363501 37 99 235
-0.36437836 -0.11249396 0.25117314 37 99 235
-0.16503283 -0.11816207 0.17250003 37 99 235
0.049600091 -0.11500865 -0.092086285 37 99 235
0.29725543 -0.12293401 0.19427617 37 99 235
-0.30850238 -0.17820115 0.099612556 37 99 235
0.023923259 0.069997855 0.17518032 37 99 235
-0.35093981 -0.20871073 -0.011015492 37 99 235
0.12601052 -0.021717643 0.76249015 37 99 235
-0.10730705 -0.11631976 0.015380824 37 99 235
-0.048880048 0.041064315 0.41970325 37 99 235
-0.3111048 -0.16630061 0.19718038 37 99 235
0.28926539 -0.21393074 0.073315173 37 99 235
-0.020735418 0.0063350787 -0.63502121 37 99 235
0.073079802 -0.11210989 -0.32931444 37 99 235
0.043056849 0.058714524 -0.053598214 37 99 235
0.043650944 -0.096827514 -0.54950434 37 99 235
-0.073551029 -0.036074083 0.47936177 37 99 235
-0.047611278 0.051064201 0.15514877 37 99 235
-0.28407109 -0.11079194 0.22802037 37 99 235
-0.24899392 -0.10180008 0.022066567 37 99 235
0.022244798 -0.0025062065 0.6818192 37 99 235
-0.086624987 0.030636976 -0.2471789 37 99 235
0.33596152 -0.10393554 0.20188989 37 99 235
0.057143103 0.031771075 -0.45471555 37 99 235
0.13579001 -0.074944451 0.24514788 37 99 235
-0.23542665 -0.099187315 0.12239141 37 99 235
0.36696789 -0.17524305 0.20780998 37 99 235
0.048764165 -0.0050832308 0.64188236 37 99 235
0.019859707 -0.042769663 -0.82194227 37 99 235
0.030621147 -0.074557438 -0.80816889 37 99 235
0.43014488 0.046360843 0.41018772 37 99 235
-0.073969893 0.03048436 0.18205668 37 99 235
0.051836859 -0.088981792 0.4823198 37 99 235
0.33407688 -0.21223843 0.031656273 37 99 235
0.050302025 0.046407219 -0.28082472 37 99 235
0.011587596 -0.17577983 -0.58694583 37 99 235
0.064458109 -0.11729249 0.46781516 37 99 235
0.3124271 -0.19873086 -0.020559642 37 99 235
-6.3918364e-05 0.23550385 0.74206883 37 99 235
-0.04507133 0.05266488 0.25370806 37 99 235
0.13579001 -0.051349152 0.3006092 37 99 235
-0.006413511 0.075885527 0.13371122 37 99 235
0.048094269 0.004104245 0.54833704 37 99 235
0.064082623 -0.11404347 -0.17070436 37 99 235
0.43831742 -0.096390136 0.13497435 37 99 235
-0.21451046 -0.11594129 0.074876562 37 99 235
0.29966635 -0.10155539 0.11832413 37 99 235
0.0049211336 0.088810414 0.52905011 37 99 235
0.060435582 -0.061344147 -0.52503401 37 99 235
0.2073856 -0.1070297 0.1523128 37 99 235
0.35564679 -0.17390217 -0.10268009 37 99 235
-0.008484561 0.076499261 0.21579994 37 99 235
-0.00093788438 -0.11582212 -0.026327623 37 99 235
-0.030135877 0.048579611 0.5609796 37 99 235
-0.21729702 -0.11531945 0.26825318 37 99 235
0.43047535 -0.038797401 0.35534242 37 99 235
-0.0087435404 -0.18669236 0.29320204 37 99 235
-0.17683488 -0.098241687 -0.073655613 37 99 235
-0.034711678 -0.10145815 -0.63159305 37 99 235
0.32241997 -0.16270204 -0.09116061 37 99 235
-0.13576999 -0.046055641 0.21365243 37 99 235
-0.0016655207 -0.019712145 -0.45598316 37 99 235
-0.011874757 0.040556472 -0.27071509 37 99 235
-0.21302731 -0.11775241 0.28693652 37 99 235
-0.04682884 0.055543952 -0.14436765 37 99 235
0.35724956 -0.15776086 0.21739323 37 99 235
-0.01877661 -0.17849632 0.30246925 37 99 235
-0.21334182 -0.062001552 0.7834537 37 99 235
-0.10082259 -0.036565728 -0.36573267 37 99 235
-0.3287071 -0.21351641 0.18980186 37 99 235
0.086560689 -0.0025545855 -0.36373562 37 99 235
-0.037827037 0.020955499 0.58768851 37 99 235
0.12638617 -0.026710732 -0.37968874 37 99 235
-0.017638084 0.073429346 0.22203237 37 99 235
-0.13576999 -0.061933443 0.2715463 37 99 235
0.14002044 -0.11596129 -0.014706468 37 99 235
0.035716031 0.0578449 0.46843264 37 99 235
-0.13295308 -0.11254286 -0.28247279 37 99 235
0.35537958 -0.2089327 0.0036169051 37 99 235
0.082321845 -0.018346969 -0.3665334 37 99 235
-0.12847316 -0.10693154 0.051280461 37 99 235
-0.2228868 -0.098795824 0.12911513 37 99 235
0.34871745 -0.11577847 0.1774535 37 99 235
-0.0093480302 -0.015325672 -0.37034088 37 99 235
-0.096544959 0.023133887 0.03300941 37 99 235
0.071822822 -0.1197039 0.29221189 37 99 235
-0.0059837131 -0.014941243 -0.76878524 37 99 235
-0.041376028 0.059478175 0.038048618 37 99 235
0.08669474 -0.088068314 0.47795659 37 99 235
-0.028625086 -0.11317809 -0.24246481 37 99 235
0.13341038 -0.090001069 0.34799951 37 99 235
-0.18500848 -0.048473787 0.75554466 37 99 235
0.10939314 0.013387726 0.22180988 37 99 235
-0.10659032 -0.1190864 0.24158582 37 99 235
0.43861035 -0.095029324 0.10595686 37 99 235
0.010467685 -0.20945223 0.17682977 37 99 235
0.30847478 -0.19525251 0.26000479 37 99 235
0.02956328 -0.17912611 -0.53225714 37 99 235
-0.34449765 -0.21214195 0.094408542 37 99 235
-0.038465746 0.032217596 -0.42669615 37 99 235
0.20586635 -0.14260931 -0.11147596 37 99 235
-0.10856411 -0.01654641 0.79935241 37 99 235
0.038746223 -0.17071477 -0.027334817 37 99 235
0.030857548 0.084389739 -0.50179112 37 99 235
0.31651464 -0.13457318 0.23950833 37 99 235
-0.10076687 -0.11331785 -0.23068017 37 99 235
-0.17096986 -0.10382832 0.20290603 37 99 235
-0.32250544 -0.1677489 0.3522968 37 99 235
0.098718561 -0.023940369 0.43366599 37 99 235
0.4382129 -0.088129692 0.11459974 37 99 235
-0.19040142 -0.10872804 0.14082414 37 99 235
0.017376754 -0.049542934 -0.83102429 37 99 235
0.33064654 -0.12812565 0.20673211 37 99 235
0.29718739 -0.12569779 0.18626036 37 99 235
-0.41189283 -0.11962927 0.33871013 37 99 235
0.038397413 -0.12026074 0.33145541 37 99 235
-0.353865 -0.17392161 -0.10643516 37 99 235
-0.020018382 -0.11642171 0.023605498 37 99 235
-0.20953029 -0.1143842 0.083934076 37 99 235
0.00089986052 0.10547671 0.64068586 37 99 235
0.010865889 -0.073196158 -0.84204394 37 99 235
0.21189719 -0.11687972 0.17791946 37 99 235
0.04479555 -0.086475432 -0.72235435 37 99 235
-0.034081198 -0.020632083 0.57619554 37 99 235
0.13439579 -0.027940899 -0.31179625 37 99 235
0.029676996 -0.0041776081 -0.29985803 37 99 235
0.0028398205 -0.13496667 -0.51135111 37 99 235
-0.034931581 0.01391021 -0.48669699 37 99 235
-0.11239712 -0.036903337 0.42411414 37 99 235
0.034882624 -0.180638 0.16451365 37 99 235
-0.15042773 -0.11373294 0.10797134 37 99 235
-0.16740018 -0.09946914 -0.11964644 37 99 235
-0.039846331 -0.12488952 0.4793255 37 99 235
0.0096834712 0.0054008574 0.62194133 37 99 235
-0.34419921 -0.11106914 0.03980225 37 99 235
0.31406686 -0.10284281 0.17926076 37 99 235
0.3101168 -0.18954943 0.29686251 37 99 235
0.12415639 -0.085459389 -0.38812828 37 99 235
0.078092806 0.030421285 -0.018888285 37 99 235
-0.40850583 -0.11271735 0.21055053 37 99 235
0.090075381 0.025271269 -0.026685296 37 99 235
-0.070539102 -0.00054097123 0.76779658 37 99 235
-0.13090041 -0.039898977 -0.34253782 37 99 235
-0.23265082 -0.10374457 0.21389592 37 99 235
0.033783518 -0.08749602 -0.78256845 37 99 235
-0.063599393 0.039176028 -0.39845377 37 99 235
-0.11803133 0.0058690663 0.22545648 37 99 235
0.23510428 -0.15339337 -0.2030872 37 99 235
-0.035563115 -0.062581666 0.51397836 37 99 235
-0.082767725 -0.0049613421 0.79631352 37 99 235
0.068136804 -0.041330636 -0.45400572 37 99 235
-0.0022029451 0.13383265 -0.53334463 37 99 235
0.021135909 -0.19493258 0.22682819 37 99 235
-0.0086821783 0.066117257 0.63597059 37 99 235
0.36982581 -0.18687588 0.031165166 37 99 235
0.23855856 -0.14399932 -0.1729463 37 99 235
-0.13734768 -0.040073346 -0.2282892 37 99 235
-0.14329989 -0.088066943 0.072335199 37 99 235
-0.0052197254 -0.11980671 0.53261453 37 99 235
-0.035928018 -0.11220545 -0.32153669 37 99 235
0.34455395 -0.15344174 0.27491009 37 99 235
0.022817045 -0.18143223 0.25996456 37 99 235
-0.31510258 -0.20659088 0.064687558 37 99 235
0.039226137 -0.12098948 -0.55628306 37 99 235
0.13047849 -0.10659836 -0.14191499 37 99 235
0.0054771248 0.12082096 0.57841015 37 99 235
0.028043253 -0.14794135 -0.57519948 37 99 235
-0.027080417 0.11845464 -0.48145312 37 99 235
0.067764416 0.007686072 0.65706664 37 99 235
-0.019865371 -0.21095599 -0.53106987 37 99 235
0.020252883 -0.21007578 0.098559514 37 99 235
0.0061581023 0.081123769 -0.25135842 37 99 235
-0.13081375 -0.081809908 0.3661631 37 99 235
-0.31579509 -0.19628859 -0.065455325 37 99 235
-0.13053688 -0.0040079276 -0.20756762 37 99 235
-0.0054684835 -0.12260693 0.43538603 37 99 235
0.27928972 -0.16230473 0.134461 37 99 235
0.13579001 -0.073667288 0.029351441 37 99 235
-0.061096307 -0.1190772 0.24088958 37 99 235
0.0068713767 -0.17859234 0.33162853 37 99 235
-0.13333459 -0.014002448 0.12144326 37 99 235
0.020130174 -0.14711149 0.24490587 37 99 235
-0.070325896 -0.11593004 -0.017550588 37 99 235
0.0074463142 -0.11566506 -0.038978942 37 99 235
0.029943354 -0.0091650924 -0.52290338 37 99 235
0.14069888 -0.11706289 0.28334269 37 99 235
0.084982425 -0.1146818 -0.11930224 37 99 235
-0.17904839 -0.047796935 0.81335622 37 99 235
-0.041107792 0.059332479 -0.21824633 37 99 235
-0.035693761 -0.11563156 -0.041609645 37 99 235
-0.13449602 -0.018419167 0.11066962 37 99 235
0.10250542 -0.12108226 0.36925244 37 99 235
0.18489121 -0.11535975 0.060559552 37 99 235
-0.2322789 -0.11956191 -0.075633183 37 99 235
0.3404403 -0.21231233 -0.014556042 37 99 235
0.039065875 0.062391527 -0.15155694 37 99 235
-0.058594398 0.040385179 0.067038938 37 99 235
0.19178484 -0.12007869 0.34141615 37 99 235
-0.12082732 -0.12992576 0.10277755 37 99 235
0.36324519 -0.11154885 0.1587403 37 99 235
-0.012351543 -0.16220528 0.31894493 37 99 235
-0.0089948112 -0.15393966 -0.18916321 37 99 235
0.071704999 -0.039531838 0.52159494 37 99 235
0.020082703 0.014295664 -0.62019497 37 99 235
-0.25114894 -0.10421179 -0.03587677 37 99 235
0.31245026 -0.16620031 0.24126543 37 99 235
-0.035889026 0.042674266 0.53472674 37 99 235
-0.13576999 -0.057985257 -0.001710506 37 99 235
0.028330719 -0.031640038 0.53195792 37 99 235
-0.03133544 -0.11982498 0.30163488 37 99 235
-0.018579882 -0.17443484 -0.1737255 37 99 235
-0.013128619 0.083479345 -0.27508792 37 99 235
-0.030657878 -0.13164301 -0.49048465 37 99 235
-0.29110828 -0.13221613 -0.081212878 37 99 235
-0.11987043 -0.1132959 0.23322056 37 99 235
0.022966266 -0.21207231 0.057582635 37 99 235
-0.39973378 -0.12028874 0.35525623 37 99 235
0.027466679 -0.17002761 -0.49088952 37 99 235
-0.045276787 0.054989278 0.044984411 37 99 235
0.13602525 -0.072437182 0.098290309 37 99 235
0.1186301 -0.080170959 0.44350672 37 99 235
0.35444155 -0.13110051 0.23387806 37 99 235
-0.23066297 -0.072621033 0.81627923 37 99 235
-0.050603226 0.04400583 0.38500857 37 99 235
-0.028852684 -0.198671 -0.050291225 37 99 235
0.01345414 0.080168918 -0.1669154 37 99 235
-0.03890086 0.062134288 0.04968264 37 99 235
0.3769123 -0.10780428 0.18660854 37 99 235
0.21819137 -0.11021011 0.17999336 37 99 235
-0.12390625 -0.11118601 -0.32154074 37 99 235
-0.030785114 -0.10527328 -0.64945954 37 99 235
-0.3663525 -0.17285618 0.19049034 37 99 235
-0.13576999 -0.077714466 0.066286929 37 99 235
-0.028030498 -0.20119283 0.013325938 37 99 235
-0.10150149 -0.012934733 0.7977336 37 99 235
0.088364489 0.024531145 0.19894497 37 99 235
-0.13576999 -0.033591233 0.097254977 37 99 235
0.036182776 -0.11795664 0.49055788 37 99 235
0.04935959 -0.11221831 -0.32104769 37 99 235
-0.09358938 -0.12070924 0.35895005 37 99 235
0.021238754 0.093705013 -0.43658131 37 99 235
-0.01583191 -0.035340868 -0.49234015 37 99 235
-0.0020545821 -0.12763584 0.47719949 37 99 235
-0.023445658 -0.11713336 0.0814308 37 99 235
-0.043013416 0.05700855 0.1395029 37 99 235
0.12002848 0.0057251519 0.11840294 37 99 235
-0.032875005 -0.10869445 -0.44909474 37 99 235
-0.041834462 -0.028307464 -0.74049234 37 99 235
0.43116733 -0.11285719 0.23305717 37 99 235
-0.37993667 -0.11805267 0.35316357 37 99 235
-0.021740409 0.069518507 0.36696282 37 99 235
-0.093006417 -0.11901666 0.23582551 37 99 235
-0.14503585 -0.11900966 0.29551899 37 99 235
0.13579001 -0.070738085 0.1637972 37 99 235
0.024551403 -0.10762922 -0.55652726 37 99 235
0.018773379 0.098376371 -0.37828648 37 99 235
-0.032068737 0.090089515 -0.48538351 37 99 235
-0.12046774 -0.0079130679 0.35226476 37 99 235
-0.054296147 -0.11606309 -0.006094438 37 99 235
-0.40013438 -0.112532 0.26856765 37 99 235
0.24951555 -0.11866771 0.25411186 37 99 235
0.026076308 0.089619048 -0.50640845 37 99 235
-0.020361166 -0.11812522 0.16281362 37 99 235
-0.2534005 -0.11819451 0.16884477 37 99 235
-0.050066568 0.01693468 0.6598562 37 99 235
0.30459809 -0.14716552 0.13981442 37 99 235
-0.13747334 -0.079552427 -0.10148564 37 99 235
0.064308628 -0.028709253 -0.48035645 37 99 235
-0.067603759 0.017016739 -0.45861161 37 99 235
-0.13576999 -0.066402547 0.26614442 37 99 235
0.27295408 -0.16586894 0.11528071 37 99 235
0.33110318 -0.15108778 0.14315662 37 99 235
-0.023608234 -0.15508626 0.24740769 37 99 235
-0.029528003 -0.11603773 -0.0080280239 37 99 235
-0.065833233 -0.11155497 -0.37516505 37 99 235
-0.038456414 -0.11288764 -0.26597136 37 99 235
0.061525293 -0.063758209 -0.50682145 37 99 235
-0.23169491 -0.10172086 -0.044783663 37 99 235
0.10757978 -0.11337014 0.14544539 37 99 235
0.046013605 -0.075108707 -0.76025409 37 99 235
0.32668832 -0.15367305 0.10755607 37 99 235
0.085905828 -0.11700145 0.070391782 37 99 235
-0.078410462 0.028422706 0.19598639 37 99 235
-0.021010466 0.072811164 0.10956533 37 99 235
-0.042982675 0.040921669 0.48154512 37 99 235
0.13073234 -0.098927788 0.33233026 37 99 235
0.022075724 0.0053273523 0.72349983 37 99 235
0.088779882 -0.11355542 -0.21149671 37 99 235
0.039623894 -0.19318084 0.062073682 37 99 235
-0.25287366 -0.10979096 0.26775238 37 99 235
-0.007909094 0.12971623 0.65226078 37 99 235
0.28025821 -0.1144165 -0.056529965 37 99 235
0.023733264 -0.16267778 0.27558631 37 99 235
0.11032794 -0.046610437 0.45420858 37 99 235
0.31111941 -0.10177908 0.083360851 37 99 235
0.036421388 0.027185034 -0.38920984 37 99 235
0.0059422832 0.080643333 0.018462008 37 99 235
-0.24650288 -0.12027575 0.33901563 37 99 235
0.021915561 0.15315719 -0.37874967 37 99 235
0.030483749 -0.10356119 -0.67421848 37 99 235
0.24960876 -0.11884038 0.23507248 37 99 235
-0.13277851 -0.017518539 -0.28658682 37 99 235
-0.42995805 0.05245766 0.31831661 37 99 235
-0.058887098 -0.034327537 -0.58370399 37 99 235
-0.15893185 -0.10868908 0.06420365 37 99 235
-0.23885958 -0.14680272 -0.14639482 37 99 235
-0.33445767 -0.14541095 -0.035967942 37 99 235
0.22331357 -0.10628788 0.23261344 37 99 235
0.12679388 -0.078297369 0.39808607 37 99 235
-0.086025976 -0.038785879 -0.36769375 37 99 235
-0.032161202 -0.1533272 -0.042587064 37 99 235
0.32133973 -0.10431591 0.15245493 37 99 235
-0.030310104 -0.0293383 0.53231221 37 99 235
-0.07104037 0.036033586 -0.18492559 37 99 235
0.088383153 -0.11625613 0.010194147 37 99 235
0.092275538 -0.11432583 -0.14803715 37 99 235
-0.0055660582 -0.11290782 -0.26382643 37 99 235
0.03939214 -0.027233375 0.51634902 37 99 235
0.014136298 0.1348826 -0.47118944 37 99 235
-0.43462965 -0.025989894 0.19064718 37 99 235
0.33809763 -0.15175043 0.12365953 37 99 235
-0.27583304 -0.114091 0.028130544 37 99 235
0.31798989 -0.11906837 -0.02154314 37 99 235
0.28648201 -0.10811793 0.25933126 37 99 235
0.37281233 -0.109214 0.28234565 37 99 235
-0.0036058344 0.076631799 0.23738886 37 99 235
-0.067420624 -0.11548323 -0.053378355 37 99 235
-0.015771946 -0.024721047 -0.31464237 37 99 235
-0.31290138 -0.1126107 0.30179051 37 99 235
0.13646623 -0.02436028 0.71037823 37 99 235
0.31780136 -0.10293844 0.15216312 37 99 235
0.055680547 0.042191219 0.13137411 37 99 235
0.13579001 -0.052055944 -0.046998322 37 99 235
0.01278491 -0.028850241 0.59998411 37 99 235
0.012127926 -0.10993497 -0.75461888 37 99 235
-0.028879849 -0.12173406 0.3979252 37 99 235
0.034674354 0.024059933 0.66457886 37 99 235
0.1379803 -0.027364219 -0.25105155 37 99 235
0.11480582 -0.01762558 0.78064233 37 99 235
0.0046936776 -0.12253839 0.43251091 37 99 235
0.10714877 -0.11513558 -0.081840754 37 99 235
0.34626001 -0.16944577 -0.11830803 37 99 235
-0.18699843 -0.1109469 -0.012813409 37 99 235
-0.42968792 0.046780635 0.35633856 37 99 235
-0.10866578 -0.11498249 -0.094385728 37 99 235
-0.031774875 0.1230218 -0.50677443 37 99 235
-0.066935599 0.027694743 0.34331366 37 99 235
-0.0067487862 -0.17625017 0.32601148 37 99 235
0.36648241 -0.17368118 0.20284335 37 99 235
0.034120928 0.010470163 -0.515145 37 99 235
-0.30234301 -0.10205184 0.15060407 37 99 235
0.024170509 -0.19945715 -0.073242947 37 99 235
0.35183415 -0.21223688 0.11818928 37 99 235
0.0035715285 0.080277048 -0.24650639 37 99 235
0.030433768 -0.033261113 -0.78718108 37 99 235
-0.10718888 -0.018425496 0.40189755 37 99 235
-0.34480196 -0.20206381 -0.097288378 37 99 235
-0.13480553 -0.014367975 -0.027524142 37 99 235
0.12094042 -0.018691733 0.74579358 37 99 235
-0.35760683 -0.21206528 0.25099567 37 99 235
-0.032168284 -0.12890291 -0.48672348 37 99 235
-0.054111939 -0.08083649 -0.58636642 37 99 235
-0.053233489 -0.11513889 -0.081348203 37 99 235
-0.24389011 -0.13535805 0.11106418 37 99 235
-0.024986204 0.14604212 -0.34200659 37 99 235
0.073161259 -0.0001945081 0.41545197 37 99 235
-0.063745901 -0.11513758 -0.081528164 37 99 235
0.0017471641 -0.084524982 -0.46210286 37 99 235
-0.3122462 -0.16612905 0.23362367 37 99 235
-0.13577127 -0.082410522 -0.1456369 37 99 235
0.060513627 -0.11154828 -0.37590292 37 99 235
-0.13128921 -0.11266585 -0.28476253 37 99 235
-0.035214681 -0.10231451 -0.52689737 37 99 235
-0.20264129 -0.056285776 0.76316673 37 99 235
-0.099972822 -0.10918679 0.46200982 37 99 235
0.1790376 -0.11492061 -0.18971276 37 99 235
0.23834687 -0.11114811 0.21677659 37 99 235
-0.019143555 0.071037769 0.33613718 37 99 235
0.33903313 -0.14555082 0.074948169 37 99 235
-0.33185259 -0.12197285 0.21181811 37 99 235
0.0090189083 0.10173652 0.62220538 37 99 235
0.030608416 0.1089618 -0.35011941 37 99 235
0.0005228775 0.13007164 0.80745381 37 99 235
-0.031114949 -0.18063109 0.23902474 37 99 235
-0.079745159 -0.11297804 -0.25874904 37 99 235
-0.0071587055 -0.12249044 0.43035474 37 99 235
0.30705976 -0.17772134 -0.024011305 37 99 235
-0.43380457 -0.069315046 0.23718242 37 99 235
-0.42959303 0.022935661 0.31689066 37 99 235
-0.019961022 -0.014236758 0.62824368 37 99 235
-0.06729383 -0.1137486 -0.19520548 37 99 235
-0.085140407 0.029068183 -0.10892798 37 99 235
0.42857048 0.059847526 0.3277657 37 99 235
-0.00025233297 -0.0045205806 -0.2247967 37 99 235
0.023010336 -0.10976005 -0.66130549 37 99 235
0.012652517 0.12657546 -0.31865862 37 99 235
0.049697496 -0.039615195 0.50707078 37 99 235
-0.18975696 -0.051882885 0.76604879 37 99 235
-0.42930785 0.034188438 0.27540433 37 99 235
-0.052023981 0.027248502 -0.47438896 37 99 235
-0.10537644 -0.11165977 -0.36652839 37 99 235
-0.091548912 -0.022409717 0.44552395 37 99 235
-0.228223 -0.11165463 -0.093847759 37 99 235
-0.016059941 -0.19598864 -0.52658355 37 99 235
0.019673562 -0.10845435 -0.5504933 37 99 235
0.36196822 -0.18079968 0.32156277 37 99 235
-0.17178623 -0.044303164 0.80801386 37 99 235
-0.30905658 -0.11584803 0.22809401 37 99 235
-0.057136256 0.044511039 -0.17874017 37 99 235
0.13064873 -0.017928021 0.34215471 37 99 235
0.059328116 -0.080995612 -0.49324125 37 99 235
-0.0697148 -0.11798669 0.15199488 37 99 235
-0.31598002 -0.10813785 0.030285789 37 99 235
0.03492422 0.00085688924 -0.61805409 37 99 235
-0.12389615 -0.11551677 -0.050314616 37 99 235
-0.048248708 -0.10823757 -0.41710794 37 99 235
0.041304849 -0.19068524 0.079953693 37 99 235
-0.30626035 -0.18941207 0.019231804 37 99 235
-0.022254599 0.048062522 -0.5359537 37 99 235
0.31269118 -0.10630408 0.11016739 37 99 235
-0.049535088 0.0078296522 0.81485474 37 99 235
-0.27165222 -0.11301047 0.23181625 37 99 235
0.4372316 -0.093307234 0.38891512 37 99 235
-0.035415385 -0.049727328 -0.79388547 37 99 235
-0.029216919 0.06326519 0.44350353 37 99 235
0.23850963 -0.15434022 -0.049013622 37 99 235
0.29579934 -0.1555859 0.096518569 37 99 235
-0.091437884 -0.007966565 0.79914987 37 99 235
0.058020346 0.0062247757 0.74897277 37 99 235
-0.23477113 -0.11901052 0.23592381 37 99 235
-0.033814963 0.045103192 -0.42662212 37 99 235
0.43092918 0.02392696 0.37062567 37 99 235
-0.01516238 -0.19878148 -0.52277589 37 99 235
0.31914845 -0.20116271 -0.045311701 37 99 235
-0.22590224 -0.09803246 0.057068326 37 99 235
-0.30044731 -0.16511519 0.14943705 37 99 235
0.13593209 -0.064321071 -0.17081369 37 99 235
0.13230255 -0.015074132 -0.13879181 37 99 235
-0.29192483 -0.11577826 0.30590037 37 99 235
-0.3487235 -0.21268666 0.20182337 37 99 235
0.061150745 -0.099919453 0.47988486 37 99 235
0.13534774 -0.1177252 0.3445113 37 99 235
0.38313389 -0.11901312 0.31935057 37 99 235
0.0073453439 0.084229827 0.62379408 37 99 235
-0.33642691 -0.19763379 -0.10206184 37 99 235
0.028729988 -0.039590526 -0.800978 37 99 235
0.059704062 -0.11854325 0.19662933 37 99 235
-0.023063395 0.073729157 -0.52796984 37 99 235
0.33312848 -0.10428593 0.22030108 37 99 235
0.028994078 0.12843606 -0.33984733 37 99 235
-0.0944499 -0.11275016 -0.27791753 37 99 235
-0.079322219 -0.12001505 0.31701076 37 99 235
-0.41984454 -0.11785393 0.29601371 37 99 235
0.058744077 0.016804194 -0.44802514 37 99 235
0.35348874 -0.15718521 0.15669563 37 99 235
0.074576207 -0.11375864 -0.19457157 37 99 235
-0.055619173 -0.11262214 -0.28735617 37 99 235
-0.11869108 -0.047559265 -0.41259462 37 99 235
-0.28710145 -0.10153404 0.15536012 37 99 235
0.087896764 -0.1185342 0.1963985 37 99 235
0.2293262 -0.098397598 0.076854378 37 99 235
0.070667855 -0.051535539 -0.41772386 37 99 235
0.033856642 -0.012978532 -0.71702451 37 99 235
-0.026060518 0.089090303 -0.3816199 37 99 235
-0.00082623458 0.062261213 0.82390583 37 99 235
-0.032424398 -0.15487061 -0.050364163 37 99 235
-0.14483646 -0.099675976 -0.025141886 37 99 235
-0.12945479 -0.053596791 -0.35529852 37 99 235
0.052962158 -0.11900865 0.2345181 37 99 235
0.32725531 -0.15659301 0.27838701 37 99 235
-0.021277552 0.033816371 0.6762495 37 99 235
-0.36738336 -0.17199509 0.26305112 37 99 235
-0.37524098 -0.11097214 0.2920219 37 99 235
0.0021529724 0.077367149 0.46192795 37 99 235
0.017664267 -0.19269818 -0.58055407 37 99 235
-0.020743364 0.032148112 0.68978977 37 99 235
-0.15374446 -0.1200415 0.34205273 37 99 235
0.0076410742 -0.017278379 -0.45426756 37 99 235
-0.01260673 -0.22486189 -0.5477277 37 99 235
0.038242344 0.03073162 -0.50990909 37 99 235
0.14442915 -0.11202234 0.039631706 37 99 235
-0.079187654 -0.11815476 0.16566879 37 99 235
0.0723444 -0.12089699 0.36112288 37 99 235
-0.13608412 -0.11538665 -0.061252207 37 99 235
-0.24189179 -0.10976235 -0.07701391 37 99 235
0.070404604 -0.12006973 0.32197821 37 99 235
-0.045128424 -0.11518878 -0.077163123 37 99 235
-0.0027233362 0.10852091 0.65256011 37 99 235
0.3388944 -0.19892208 -0.10384373 37 99 235
0.019680811 -0.10666592 -0.60531759 37 99 235
-0.055962428 -0.024469888 -0.5919801 37 99 235
0.088187717 0.029935321 -0.2316512 37 99 235
0.0140427 -0.012144117 -0.56861174 37 99 235
-0.13276218 -0.02080345 -0.32161155 37 99 235
-0.0091862325 0.047298219 -0.24243063 37 99 235
0.043607064 -0.091982104 -0.68992198 37 99 235
-0.32408413 -0.11318104 0.30861068 37 99 235
-0.0017151219 0.22045797 0.71409184 37 99 235
-0.025754303 -0.14745638 0.19187404 37 99 235
0.011292975 0.075939633 0.20932925 37 99 235
-0.022296712 0.065314844 0.44868183 37 99 235
-0.05491513 -0.12299609 0.46940956 37 99 235
-0.31172508 -0.12652296 0.26436087 37 99 235
-0.13504672 -0.020523719 -0.11394815 37 99 235
0.31249964 -0.10410442 0.088430278 37 99 235
0.43404859 -0.027453059 0.28074288 37 99 235
0.015675224 -0.11263243 -0.28664452 37 99 235
-0.13625582 -0.050800506 -0.18759689 37 99 235
-0.0068571731 -0.096501328 -0.80137724 37 99 235
-0.071326725 0.038956415 -0.30652517 37 99 235
0.035593841 -0.0034077121 -0.48345381 37 99 235
-0.032079589 0.0054367203 -0.60727727 37 99 235
-0.16733901 -0.04098928 0.75352919 37 99 235
0.22517091 -0.14262946 -0.14401224 37 99 235
0.006615072 -0.14590147 0.04497534 37 99 235
-0.02290239 0.11087513 -0.52773601 37 99 235
0.13489394 -0.020540122 -0.18693787 37 99 235
0.068683505 0.032774016 0.11206803 37 99 235
-0.32105622 -0.143804 0.10821202 37 99 235
0.0056034918 0.078980178 -0.11294655 37 99 235
0.022396348 -0.10771315 -0.67732012 37 99 235
-0.0068295784 0.14679818 0.68102556 37 99 235
-0.13604699 -0.073367089 -0.18004131 37 99 235
-0.10239622 -0.1143226 -0.14811954 37 99 235
0.001330198 -0.21235205 -0.52571541 37 99 235
-0.19709396 -0.057649557 0.84501535 37 99 235
0.33721605 -0.1200906 0.24486607 37 99 235
0.056324892 -0.11342991 -0.22173658 37 99 235
0.42873225 0.050394677 0.33912483 37 99 235
-0.23368827 -0.097962573 0.027747301 37 99 235
0.31939664 -0.18094088 -0.09227372 37 99 235
-0.083102971 -0.0031002411 0.68721586 37 99 235
-0.16932441 -0.11363994 0.086769551 37 99 235
-0.33460838 -0.20395981 -0.075901158 37 99 235
-0.14613143 -0.08686357 -0.11251895 37 99 235
-0.35595241 -0.1503814 0.12699039 37 99 235
0.21600802 -0.13292153 -0.19692819 37 99 235
-0.05721439 0.043303616 -0.074665353 37 99 235
-0.12801298 -0.0025540094 -0.10872898 37 99 235
-0.23212948 -0.11875331 0.21456096 37 99 235
-0.3399339 -0.11822223 0.14891365 37 99 235
-0.3691771 -0.18735212 0.19387819 37 99 235
0.43664262 -0.06183435 0.23388657 37 99 235
-0.0065716892 -0.14849211 0.5384236 37 99 235
0.019085968 -0.12176515 0.39906088 37 99 235
0.021000136 0.04793134 0.63797748 37 99 235
0.017028477 -0.11020356 -0.62782788 37 99 235
-0.14605711 -0.11245169 -0.13729009 37 99 235
0.079218544 -0.11442021 -0.13996314 37 99 235
0.083956935 0.029778628 -0.12965652 37 99 235
0.15732203 -0.10101982 0.011621584 37 99 235
-0.040205725 -0.029420065 0.51464736 37 99 235
0.053354375 0.045392655 0.083982743 37 99 235
-0.43559712 -0.043991998 0.26385823 37 99 235
0.0010641011 0.13047449 0.80344546 37 99 235
-0.26687875 -0.11072482 -0.040211938 37 99 235
-0.093599766 -0.11332081 -0.23027366 37 99 235
0.36437672 -0.20015089 0.23075229 37 99 235
-0.40039879 -0.1202701 0.36040878 37 99 235
-0.11558586 -0.11401653 0.15841526 37 99 235
0.19555886 -0.13224602 -0.20669787 37 99 235
0.074683152 0.03131257 -0.051192284 37 99 235
0.20513561 -0.12890324 -0.033763338 37 99 235
-0.0086537888 -0.14645146 0.28909814 37 99 235
0.053958584 -0.069411807 -0.69271994 37 99 235
-0.1150521 0.015039342 -0.15880051 37 99 235
-0.36028907 -0.16632901 -0.060310423 37 99 235
-0.18106319 -0.1055067 0.001518684 37 99 235
0.13561217 -0.085096546 0.00040393189 37 99 235
0.43134373 0.00089055905 0.23493731 37 99 235
0.32432374 -0.21307389 0.21226956 37 99 235
-0.0027002962 -0.11621707 0.0062767696 37 99 235
0.024161207 -0.11466749 -0.11977174 37 99 235
0.13579001 -0.047921255 -0.12097943 37 99 235
0.41789678 -0.11959022 0.29935965 37 99 235
-0.2437558 -0.15656996 -0.027174622 37 99 235
0.31703338 -0.18070981 -0.086510383 37 99 235
-0.12874576 -0.063750282 0.38361514 37 99 235
-0.43293554 -0.090402 0.23220225 37 99 235
-0.054698791 -0.08647158 -0.45796305 37 99 235
0.04974452 -0.036710329 0.48882839 37 99 235
-0.13576999 -0.060622841 0.25770763 37 99 235
0.019882144 -0.011640305 -0.60271728 37 99 235
-0.32488728 -0.15700389 -0.088697307 37 99 235
0.02356264 0.17584719 -0.36082613 37 99 235
0.1255662 -0.086760685 0.40069515 37 99 235
-0.30486292 -0.10265706 0.19229564 37 99 235
-0.31565133 -0.20740689 0.16288798 37 99 235
-0.041206677 0.018658694 -0.54036659 37 99 235
0.28350592 -0.10131706 0.1484334 37 99 235
-0.43159884 -0.025829231 0.38330433 37 99 235
-0.13592118 -0.067668661 -0.17529844 37 99 235
0.023616049 -0.051281717 0.49345538 37 99 235
0.035468373 -0.10107803 -0.54905766 37 99 235
0.30964166 -0.19509394 0.064740025 37 99 235
-0.19804929 -0.15330261 -0.091162495 37 99 235
0.064252011 0.0076632346 0.72438687 37 99 235
-0.097786434 -0.0076063243 0.68781775 37 99 235
-0.099029273 0.022331499 0.12090933 37 99 235
-0.21452029 -0.098571561 0.13666224 37 99 235
0.066205852 0.032112446 0.31758752 37 99 235
-0.075775869 -0.11654876 0.033863991 37 99 235
0.14364307 -0.11694159 0.3552545 37 99 235
0.38234809 -0.10743883 0.26802 37 99 235
-0.16239761 -0.11636271 0.01815032 37 99 235
-0.13646372 -0.031037267 -0.29396048 37 99 235
-0.0014547997 0.21881631 0.76672363 37 99 235
-0.0029992934 0.088615842 -0.25525454 37 99 235
0.31224006 -0.14774218 0.18506151 37 99 235
0.29918933 -0.1307199 0.14309424 37 99 235
0.08270923 -0.11404886 -0.17048633 37 99 235
0.068860695 -0.048521716 -0.4559252 37 99 235
0.31776097 -0.10342091 0.20354052 37 99 235
0.046070471 0.049410913 0.36814085 37 99 235
-0.0018544486 0.20116484 0.7792846 37 99 235
-0.0026433186 0.075099006 0.24659842 37 99 235
0.12839314 -0.0059225913 0.12840806 37 99 235
0.08284118 -0.1215573 0.40543061 37 99 235
0.39118955 -0.11338015 0.23833208 37 99 235
0.0054988996 0.098890178 0.59186071 37 99 235
0.034997571 -0.11570748 -0.035879448 37 99 235
-0.42884517 -0.040407281 0.3299295 37 99 235
-0.29101259 -0.15365282 0.10205779 37 99 235
0.035795588 -0.13883068 -0.0046707159 37 99 235
-0.42911544 0.011745214 0.34301877 37 99 235
0.031301696 -0.11076783 -0.42882922 37 99 235
0.059505068 -0.080742151 -0.4880437 37 99 235
-0.11255747 0.012037808 0.32185695 37 99 235
-0.34892985 -0.15187857 -0.0131371 37 99 235
0.12764849 -0.14222671 0.12245528 37 99 235
-0.43008268 0.029556274 0.36838034 37 99 235
-0.13556905 -0.10295738 -0.19237563 37 99 235
0.013039632 -0.038069934 -0.49320066 37 99 235
0.035247739 0.06803748 -0.093385041 37 99 235
0.077778459 0.026943257 0.23527728 37 99 235
-0.038328335 0.036759883 0.536264 37 99 235
0.0019772025 0.071625955 0.73349738 37 99 235
-0.10016549 -0.11683722 0.057343554 37 99 235
0.16282119 -0.11482093 -0.10674369 37 99 235
-0.22354002 -0.16218217 -0.010113622 37 99 235
-0.036156356 -0.11860228 0.20216903 37 99 235
0.0883772 -0.0025915585 -0.36238176 37 99 235
-0.33732963 -0.13608512 0.079117179 37 99 235
-0.081017591 0.028830035 0.087468565 37 99 235
0.31204194 -0.20923245 0.12926556 37 99 235
0.00020109848 0.078330807 0.30261597 37 99 235
0.081017233 0.021671522 -0.4437933 37 99 235
0.33853787 -0.11275347 0.087276973 37 99 235
-0.33880255 -0.20372757 0.34869206 37 99 235
-0.21693519 -0.10998906 0.21201956 37 99 235
0.14923906 -0.11709933 0.079227537 37 99 235
0.092044964 0.026480291 -0.057061858 37 99 235
0.018756129 -0.10939597 -0.5449279 37 99 235
-0.032134686 -0.16093992 -0.076095678 37 99 235
-0.027947728 -0.16399986 0.25356624 37 99 235
0.0022688385 0.12892416 0.52065051 37 99 235
0.32726482 -0.1088138 0.23401487 37 99 235
-0.34649831 -0.20966451 0.037617721 37 99 235
0.39035445 -0.12024301 0.37848774 37 99 235
-0.22156449 -0.15750064 -0.044986941 37 99 235
-0.21961246 -0.14511436 -0.12372715 37 99 235
0.087607317 -0.10723709 -0.39531225 37 99 235
-0.040032517 0.052449964 0.44710463 37 99 235
0.073966824 -0.0017142249 0.80462736 37 99 235
0.11023232 -0.12004558 0.35594222 37 99 235
0.039267 -0.0095200129 -0.65676987 37 99 235
0.043057449 0.057243947 -0.028319953 37 99 235
-0.055820081 0.044642933 0.13691796 37 99 235
-0.087786928 0.027948765 -0.079077512 37 99 235
0.034485243 0.0083324229 -0.51126111 37 99 235
-0.22761333 -0.11729453 0.13666794 37 99 235
0.0025756767 0.041090801 -0.29192439 37 99 235
0.02355855 -0.21147314 0.060772054 37 99 235
0.003325426 0.071483925 0.38130674 37 99 235
-0.28851393 -0.11910987 0.35145977 37 99 235
-0.13451187 -0.079788916 -0.31158888 37 99 235
0.2486801 -0.09977334 0.12955013 37 99 235
-0.018309748 -0.064081661 0.50032037 37 99 235
0.096848764 0.028806876 -0.33330083 37 99 235
-0.081682608 0.027789902 0.15533102 37 99 235
-0.013261614 -0.22347806 -0.54497457 37 99 235
-0.045720924 -0.12254097 0.43239436 37 99 235
0.42983079 0.022086669 0.27056006 37 99 235
0.35596982 -0.18244785 -0.095150895 37 99 235
-0.13576999 -0.06508299 -0.12472228 37 99 235
-0.13576999 -0.06131753 -0.015024015 37 99 235
-0.0088047171 -0.1347993 0.08875566 37 99 235
0.28308547 -0.14408143 0.13884777 37 99 235
0.33997875 -0.17060944 0.39859092 37 99 235
-0.31023878 -0.10237305 0.15287845 37 99 235
0.082319774 -0.037612725 0.48730513 37 99 235
0.12723574 0.0033393234 -0.23393904 37 99 235
-0.01752694 0.070921913 -0.31439421 37 99 235
-0.42939004 0.034976393 0.29992807 37 99 235
0.10785747 0.021052271 -0.24545152 37 99 235
0.29087168 -0.1168265 0.33381432 37 99 235
0.28114146 -0.22425784 0.084484421 37 99 235
-0.028041266 0.0071365084 0.64191043 37 99 235
-0.069664612 0.032485574 0.15729135 37 99 235
0.19824052 -0.10519333 -0.084218785 37 99 235
-0.033907667 -0.014209368 -0.40009707 37 99 235
0.12636814 -0.00081828044 0.041172031 37 99 235
0.062735073 -0.11998213 0.31479743 37 99 235
-0.138154 -0.092755735 0.21074793 37 99 235
-0.3076205 -0.18837664 -0.030899737 37 99 235
-0.32368895 -0.14209245 0.15138574 37 99 235
0.090185508 -0.11831737 0.44121704 37 99 235
0.26101366 -0.10031003 0.13539673 37 99 235
-0.014272825 0.10226739 -0.43846422 37 99 235
0.15574303 -0.10603867 -0.017898839 37 99 235
-0.20544279 -0.058151763 0.77275389 37 99 235
0.0004221967 0.010574159 0.78722626 37 99 235
-0.031516731 -0.0027657943 -0.40434816 37 99 235
-0.021114133 0.10921644 -0.49784645 37 99 235
-0.030807918 -0.1201131 0.3218523 37 99 235
0.13447514 -0.02112912 0.018535575 37 99 235
-0.059887052 -0.11644702 0.47933778 37 99 235
0.022045687 -0.014173438 -0.40221244 37 99 235
-0.061915465 -0.12248212 0.46807635 37 99 235
0.02910427 0.043815758 -0.53826934 37 99 235
0.03333731 -0.15304215 0.014775883 37 99 235
-0.012340819 0.063138828 0.64019579 37 99 235
-0.081771001 0.026436195 0.20849803 37 99 235
-0.093918301 0.021979159 0.2622363 37 99 235
-0.23053597 -0.15481931 -0.062054593 37 99 235
-0.033665087 0.034444626 -0.47465041 37 99 235
0.086831234 -0.0085508507 -0.44042274 37 99 235
0.13867562 -0.092313081 0.22049613 37 99 235
-0.27990896 -0.1945585 0.13189489 37 99 235
0.40513653 -0.10930122 0.12822185 37 99 235
-0.0068906178 -0.14820962 -0.49504435 37 99 235
0.1410884 -0.076562218 0.070681915 37 99 235
0.1670333 -0.10042074 -0.047402099 37 99 235
0.027458016 -0.016440662 -0.29900998 37 99 235
0.28289899 -0.11244567 -0.020307412 37 99 235
0.048549399 0.050826829 0.083859034 37 99 235
-0.13576999 -0.056781787 0.16146967 37 99 235
-0.0020403678 -0.16379875 0.59326303 37 99 235
0.302991 -0.11634772 0.33214873 37 99 235
0.0024393778 -0.1454109 -0.030087251 37 99 235
0.040382519 -0.14536494 -0.49096712 37 99 235
-0.29290465 -0.17476979 -0.12722808 37 99 235
0.17226973 -0.12222148 -0.039833311 37 99 235
-0.089181848 -0.1162404 0.0083676549 37 99 235
0.10153186 -0.012985221 0.74474865 37 99 235
0.010935717 -0.043238897 -0.46910939 37 99 235
-0.096232854 -0.11413289 -0.16418058 37 99 235
0.1625199 -0.11749316 0.35623106 37 99 235
0.055150706 -0.077496462 -0.53319031 37 99 235
-0.23099424 -0.12226046 -0.071526662 37 99 235
-0.30074155 -0.14756042 0.090728775 37 99 235
-0.43488082 -0.10799335 0.28194299 37 99 235
-0.4343468 -0.08736439 0.16060504 37 99 235
-0.18399818 -0.099469893 -0.091761857 37 99 235
0.33866924 -0.21625556 0.16355485 37 99 235
0.13738789 -0.059722524 -0.2291685 37 99 235
-0.28029647 -0.11534794 -0.029905256 37 99 235
-0.33437654 -0.20472284 -0.071789064 37 99 235
-0.36846513 -0.17283115 0.095378987 37 99 235
0.027463051 -0.082211837 -0.80537248 37 99 235
-0.099736549 0.014034038 0.34018677 37 99 235
-0.024546036 0.069790803 0.26217178 37 99 235
0.010356873 0.082028173 -0.14195938 37 99 235
0.31588048 -0.16985926 -0.089243658 37 99 235
-0.10006788 0.016546618 -0.4185105 37 99 235
-0.37164077 -0.11756019 0.11707379 37 99 235
0.018798856 -0.01262044 -0.52932101 37 99 235
0.31147981 -0.10383478 0.093966499 37 99 235
0.13713497 -0.088437229 -0.21992804 37 99 235
0.033109192 -0.12018921 0.32822591 37 99 235
0.0037654878 -0.14582385 0.26391584 37 99 235
-0.35978422 -0.20663565 0.015537859 37 99 235
-0.10953904 -0.015334778 0.7643609 37 99 235
-0.13576999 -0.054098118 -0.036633313 37 99 235
0.053536151 -0.12166014 0.39455938 37 99 235
-0.12350103 -0.10945036 0.15334927 37 99 235
-0.23013966 -0.11601159 -0.085679173 37 99 235
-0.031491738 -0.10476111 -0.62072998 37 99 235
-0.00042274449 0.18095918 0.60982865 37 99 235
-0.23098055 -0.098211929 -0.0024781046 37 99 235
0.00071663613 0.18071851 0.80758089 37 99 235
-0.42870015 0.072921939 0.42927414 37 99 235
0.10224348 -0.015282014 0.82184225 37 99 235
-0.09969423 -0.021457722 0.42443454 37 99 235
0.095773086 -0.11459895 -0.12603399 37 99 235
0.016849071 -0.026439518 0.58808541 37 99 235
-0.081434749 -0.030008482 -0.36871698 37 99 235
0.003813355 -0.23460504 -0.57192665 37 99 235
0.050570335 0.044812642 0.36031666 37 99 235
-0.10948871 0.016160063 0.14464271 37 99 235
0.03671018 -0.10497116 -0.4486461 37 99 235
-0.34865305 -0.1390274 0.13232014 37 99 235
0.27679849 -0.11506218 0.28878716 37 99 235
0.13555656 -0.025879992 0.32485744 37 99 235
-0.11898919 0.0084733563 -0.36369944 37 99 235
-0.018655805 0.073593721 -0.22131646 37 99 235
-0.42979655 0.048723616 0.32781136 37 99 235
-0.023213517 -0.11352696 -0.21335913 37 99 235
-0.018000402 -0.010541645 -0.52273941 37 99 235
0.14619778 -0.09080147 0.18544257 37 99 235
0.36442387 -0.18039896 0.30560505 37 99 235
-0.0037878209 0.076854907 0.3208648 37 99 235
-0.35679361 -0.15081349 0.25067759 37 99 235
-0.011865123 0.074907422 0.29904729 37 99 235
0.2904878 -0.13223679 0.12816344 37 99 235
0.060069308 0.040588763 0.028955866 37 99 235
0.041917793 0.009881773 0.61018896 37 99 235
0.20054422 -0.15280685 0.024552127 37 99 235
0.0067699519 -0.13568702 0.54005557 37 99 235
-0.12928718 -0.1189209 0.22809692 37 99 235
-0.032087944 0.043760639 -0.31225485 37 99 235
0.037068937 0.0023424646 -0.58682883 37 99 235
-0.27708319 -0.21690649 0.15015103 37 99 235
0.052747507 0.051812414 -0.2519547 37 99 235
-0.13390133 -0.028111117 0.14545813 37 99 235
0.37961715 -0.090078585 0.21956198 37 99 235
0.17033681 -0.094757251 -0.061624628 37 99 235
-0.30757537 -0.19276781 0.29467663 37 99 235
0.081754617 -0.0010358554 0.69797891 37 99 235
0.014351849 -0.11370847 -0.19808295 37 99 235
-0.10160235 0.020667639 0.1185036 37 99 235
-0.060584728 -0.028600618 -0.54709315 37 99 235
-0.2319302 -0.098220162 0.053787239 37 99 235
0.33025894 -0.12931477 0.0813566 37 99 235
-0.43654898 -0.060792245 0.25113755 37 99 235
-0.14516047 -0.10019753 -0.025817078 37 99 235
0.054218907 -0.068781897 -0.61593866 37 99 235
0.0015048191 0.078251868 0.29443881 37 99 235
-0.028689165 -0.067932323 -0.82241809 37 99 235
-0.075318336 -0.11813392 0.16405497 37 99 235
-0.28995171 -0.13350029 0.14024597 37 99 235
-0.43426865 -0.047155231 0.37789729 37 99 235
-0.14527468 -0.11910202 0.24277543 37 99 235
0.036069889 0.033061463 -0.41285914 37 99 235
0.23040827 -0.15218192 -0.21087062 37 99 235
-0.30989131 -0.19612621 0.26392338 37 99 235
-0.057953458 -0.0012814233 0.48325813 37 99 235
0.036865979 -0.038109325 -0.77552295 37 99 235
-0.25539166 -0.15119788 -0.00038760281 37 99 235
0.18687631 -0.096066073 -0.063497178 37 99 235
0.046969552 0.0092935292 0.73102963 37 99 235
0.43102309 0.00103078 0.37991044 37 99 235
-0.42904973 -0.024236426 0.35636842 37 99 235
-0.22111367 -0.11847897 0.19183435 37 99 235
0.037826702 0.032053735 -0.44361439 37 99 235
-0.01467344 -0.17317533 -0.21297307 37 99 235
0.095246255 -0.0097183418 0.72883773 37 99 235
0.34266165 -0.21328501 0.25555044 37 99 235
-0.014728426 -0.10918177 -0.40071517 37 99 235
0.02502064 0.13764141 -0.52377719 37 99 235
-0.036069062 0.028635865 0.66298914 37 99 235
-0.12262058 -0.11138417 0.13546073 37 99 235
0.081476294 -0.11544022 -0.056830019 37 99 235
0.028967865 0.063367605 -0.45783359 37 99 235
-0.42912757 0.02465173 0.35183382 37 99 235
-0.31397808 -0.10903255 0.028084494 37 99 235
0.019860215 0.044846483 0.65186095 37 99 235
0.033055559 -0.011291778 0.60298818 37 99 235
-0.0034572969 -0.11032968 -0.76262063 37 99 235
0.032332476 -0.1626294 0.19238693 37 99 235
-0.064511515 -0.11434527 -0.14629087 37 99 235
0.12918955 -0.11643355 0.20643 37 99 235
0.025643472 0.068376333 0.13842636 37 99 235
-0.10173601 -0.11505882 -0.088061057 37 99 235
0.43688312 -0.066315547 0.25544772 37 99 235
-0.032683682 0.0010473923 -0.62219751 37 99 235
-0.43638858 -0.1102225 0.22102612 37 99 235
-0.13514048 -0.028417414 0.072853938 37 99 235
0.11286028 -0.00011157946 0.35497048 37 99 235
0.0057275589 -0.001706469 -0.72352505 37 99 235
0.019184388 0.052610863 -0.55680358 37 99 235
-0.020026386 0.055134155 -0.53721398 37 99 235
-0.35856834 -0.15664081 0.2495544 37 99 235
0.17951035 -0.12068798 -0.07821802 37 99 235
-0.11553363 -0.017338064 0.76931411 37 99 235
-0.30508175 -0.17824166 0.044803739 37 99 235
0.016152035 0.053385064 -0.56058294 37 99 235
0.030221375 -0.17153169 -0.49202374 37 99 235
0.13990372 -0.084389687 0.083046935 37 99 235
0.43004256 0.0104201 0.34545371 37 99 235
-0.36335465 -0.20291866 0.244472 37 99 235
0.056407034 -0.1196949 0.29171035 37 99 235
-0.14819509 -0.1029443 -0.024171084 37 99 235
0.03126061 0.065774374 -0.45013011 37 99 235
0.0027214792 -0.11724294 0.090890899 37 99 235
-0.0076938514 -0.1463796 0.054831997 37 99 235
-0.16244423 -0.10823642 0.11195003 37 99 235
0.13579001 -0.078745224 -0.14430237 37 99 235
-0.042792045 0.042479247 -0.3199068 37 99 235
0.0038468309 0.13870721 0.67304766 37 99 235
-0.13576999 -0.086882479 -0.13996686 37 99 235
-0.1215774 -0.11735801 0.099498056 37 99 235
-0.018198816 -0.14845827 -0.56712514 37 99 235
-0.13633382 -0.040249154 -0.18943022 37 99 235
0.041788753 0.055860497 0.23877555 37 99 235
-0.014373157 0.049784329 -0.56811357 37 99 235
0.030492548 0.013237125 -0.5661121 37 99 235
-0.004135204 -0.21485265 -0.01799351 37 99 235
0.24965383 -0.099629134 0.11490779 37 99 235
0.039221279 -0.095353656 0.48370782 37 99 235
-0.12505819 -0.10807332 -0.32467705 37 99 235
0.06359943 -0.12281264 0.45430461 37 99 235
0.21154022 -0.12296534 -0.15819223 37 99 235
-0.30009413 -0.17242256 0.11794055 37 99 235
-0.31442362 -0.19881883 -0.0214296 37 99 235
0.014092039 -0.012186729 -0.56505996 37 99 235
0.4293997 -0.11768799 0.38940671 37 99 235
0.41144478 -0.11447705 0.16896755 37 99 235
0.0012550878 0.10227601 0.79582727 37 99 235
0.076382354 -0.11829582 0.17650731 37 99 235
-0.30822599 -0.1682222 0.1020845 37 99 235
-0.027098255 0.023116376 -0.45518792 37 99 235
0.11136853 0.019205123 -0.234707 37 99 235
0.26798636 -0.14456919 0.11986715 37 99 235
0.42978486 0.052762277 0.35849252 37 99 235
-0.02387213 -0.014253301 -0.39590809 37 99 235
0.17693414 -0.10605719 -0.13301352 37 99 235
0.12716427 -0.01376514 -0.37165636 37 99 235
0.015952315 0.032343518 0.62474537 37 99 235
-0.260721 -0.11635815 0.24834667 37 99 235
0.02476236 0.069599286 0.31670001 37 99 235
-0.026253588 0.16280074 -0.35304552 37 99 235
0.036217533 -0.12308715 0.45633629 37 99 235
-0.016255802 0.075316988 0.1317469 37 99 235
-0.011084688 -0.11792347 0.1458514 37 99 235
0.32557279 -0.11822255 0.29745439 37 99 235
-0.15857291 -0.11335623 -0.10985722 37 99 235
-0.13576999 -0.071405299 -0.14058343 37 99 235
-0.13564347 -0.03185378 0.28427464 37 99 235
-0.12125601 -0.10990947 -0.24888897 37 99 235
-0.041465141 -0.11131755 -0.39511067 37 99 235
0.039778661 -0.098415107 -0.5781486 37 99 235
0.017796356 -0.11309314 -0.24874212 37 99 235
0.017638076 0.077195704 0.076893754 37 99 235
-0.013721791 0.081239462 -0.26655251 37 99 235
-0.060651243 -0.11606393 -0.0062074596 37 99 235
-0.10952277 -0.016199972 0.79338574 37 99 235
-0.32934961 -0.14441891 0.2183993 37 99 235
-0.03291088 -0.019657016 -0.7464323 37 99 235
-0.10175042 -0.055257652 -0.42359132 37 99 235
-0.034341712 -0.0074445205 -0.4710637 37 99 235
-0.054198764 0.0046572546 -0.43031225 37 99 235
0.030863974 0.07640218 -0.50469613 37 99 235
-0.12359286 -0.084895022 0.41604346 37 99 235
-0.13576999 -0.039313551 -0.052962046 37 99 235
0.22507028 -0.15899755 0.011875442 37 99 235
-0.18192211 -0.11463884 0.2937395 37 99 235
0.37044981 -0.19287467 0.26045978 37 99 235
0.36885419 -0.11791759 0.19492055 37 99 235
0.10964664 0.017030075 -0.052894924 37 99 235
-0.044448778 0.057647653 -0.27724719 37 99 235
0.31955633 -0.10292593 0.16932271 37 99 235
0.068511225 -0.045222145 -0.4547542 37 99 235
-0.01728416 -0.11144661 -0.67490482 37 99 235
0.028879749 0.07006038 -0.13922827 37 99 235
-0.091192082 -0.11631648 0.014564137 37 99 235
0.10971823 0.011248156 0.27258039 37 99 235
0.045337245 -0.067787573 -0.76676834 37 99 235
-0.17421603 -0.10628358 -0.14316399 37 99 235
0.25109926 -0.13899894 0.01389962 37 99 235
0.052572027 0.043995999 0.27106419 37 99 235
-0.33110967 -0.12947258 0.096603379 37 99 235
0.32257798 -0.19712983 0.37325788 37 99 235
0.10351006 -0.034092154 -0.42870587 37 99 235
-0.43270791 -0.067077816 0.29623485 37 99 235
-0.02990788 -0.02808279 0.53723592 37 99 235
-0.42919651 0.020811092 0.36081383 37 99 235
-0.0049900734 0.080204941 -0.077976905 37 99 235
-0.15610188 -0.088508241 -0.10039844 37 99 235
0.0037846451 -0.19742654 -0.16627584 37 99 235
0.10398202 -0.015490716 0.77535391 37 99 235
-0.11993644 0.0040226677 0.25365996 37 99 235
-0.35608661 -0.1580753 0.088251375 37 99 235
0.32212636 -0.20778447 0.024122184 37 99 235
0.00041583218 0.097024754 0.7207492 37 99 235
-0.33405998 -0.20907243 0.032299072 37 99 235
-0.2789712 -0.21688324 0.10351961 37 99 235
-0.10642207 0.016509855 -0.016476316 37 99 235
-0.092715532 0.020176763 -0.36613321 37 99 235
0.014471109 0.046149783 0.70439994 37 99 235
-0.022665642 -0.15485731 -0.14252998 37 99 235
-0.43215799 -0.066093594 0.20611866 37 99 235
-0.31067932 -0.11012153 0.038262665 37 99 235
0.020290425 -0.20538415 -0.085015111 37 99 235
-0.047435746 -0.022431349 0.52541459 37 99 235
-0.019626075 -0.11803156 0.15495478 37 99 235
-0.33107328 -0.21166576 0.062579826 37 99 235
0.18984514 -0.054307673 0.8336181 37 99 235
-0.25603163 -0.10029889 0.15024136 37 99 235
0.12078919 0.0010525939 0.3097291 37 99 235
-0.32548723 -0.15345782 -0.020564593 37 99 235
0.36115775 -0.11082288 0.14942253 37 99 235
-0.29603937 -0.1411714 0.09223365 37 99 235
-0.039312433 -0.17582268 0.10151941 37 99 235
0.33157796 -0.10874919 0.27048725 37 99 235
-0.024584414 0.0087034013 -0.42495358 37 99 235
0.050325152 -0.1182134 0.16999376 37 99 235
-0.05621846 -0.034495387 -0.62694514 37 99 235
-0.43777594 -0.082693435 0.27101502 37 99 235
0.030688075 -0.1864416 0.22501796 37 99 235
0.22401765 -0.12012799 0.34680086 37 99 235
-0.34440446 -0.21424378 0.21737218 37 99 235
0.29285711 -0.12473569 0.073409788 37 99 235
0.018836522 0.072364539 0.26649919 37 99 235
-0.43531162 -0.099788487 0.20059343 37 99 235
-0.12925635 -0.11834364 0.37458789 37 99 235
0.065225504 -1.9558733e-05 0.4450185 37 99 235
-0.32751039 -0.11823487 0.16698635 37 99 235
-0.071368575 -0.096350767 -0.37800154 37 99 235
-0.029128922 0.061237421 -0.44078249 37 99 235
0.24211276 -0.13347876 0.019962141 37 99 235
-0.034334932 -0.12112795 0.37151384 37 99 235
-0.030694785 0.066064551 -0.38046196 37 99 235
0.26357111 -0.11835859 0.34059832 37 99 235
0.19189842 -0.12072714 0.050081145 37 99 235
-0.062423583 0.044451531 -0.30227304 37 99 235
0.00021354565 -0.041050039 0.59174854 37 99 235
0.43032387 0.037372515 0.3355689 37 99 235
-0.013603165 -0.13094616 -0.51840395 37 99 235
0.1185708 -0.13277768 0.12525485 37 99 235
0.10025731 0.017252529 0.29435873 37 99 235
-0.042720731 0.012176229 0.75462139 37 99 235
-0.0064517106 0.070931211 0.38109991 37 99 235
-0.3081724 -0.17479883 0.069722772 37 99 235
0.10884641 0.014108563 0.1241821 37 99 235
0.43604872 -0.053353492 0.4009212 37 99 235
-0.066295013 0.030017439 -0.42461678 37 99 235
-0.36944634 -0.18763119 0.16048503 37 99 235
0.1282713 -0.0059407242 0.27771106 37 99 235
-0.0045844964 0.10401083 -0.41991201 37 99 235
-0.085500441 -0.11683538 0.057361104 37 99 235
-0.003315825 0.17915109 0.74880087 37 99 235
0.027388789 -0.15804733 -0.13752615 37 99 235
0.0020791288 0.0086466512 -0.65941149 37 99 235
0.093180686 0.023926292 0.034460559 37 99 235
0.020763719 0.071236126 0.26798761 37 99 235
-0.037261739 -0.0097965403 0.5985288 37 99 235
-0.12118169 -0.11154608 -0.36107364 37 99 235
-0.0099809486 0.079280883 0.060269695 37 99 235
0.13371661 -0.014845237 -0.22154725 37 99 235
-0.26731005 -0.11604995 0.077116296 37 99 235
0.13579001 -0.024250027 0.19356637 37 99 235
-0.10936485 0.017103203 0.12883601 37 99 235
-0.18507333 -0.11517745 0.2980355 37 99 235
0.12986661 -0.099438578 0.33750343 37 99 235
-0.43292436 -0.081988588 0.29186285 37 99 235
0.32007179 -0.13470657 0.099559508 37 99 235
-0.078881256 0.031982187 -0.19206855 37 99 235
-0.12385139 -0.021237809 0.70946687 37 99 235
0.24117814 -0.149501 -0.12304144 37 99 235
0.10170526 -0.040906426 0.46861249 37 99 235
-0.022505304 -0.20949294 0.086892992 37 99 235
-0.19069777 -0.096736699 0.059409786 37 99 235
0.10265616 0.025362223 -0.27394867 37 99 235
0.22724412 -0.12017141 0.34781066 37 99 235
-0.2187793 -0.10631333 0.15986772 37 99 235
0.0065032523 0.070511572 0.45179871 37 99 235
-0.062094614 0.025317494 -0.4455899 37 99 235
-0.027763681 -0.00082121481 -0.6680758 37 99 235
0.052016418 0.048059657 -0.01014965 37 99 235
0.036501288 -0.11192416 -0.3442795 37 99 235
-0.39215207 -0.10781625 0.1659002 37 99 235
-0.083334669 -0.034457397 -0.36827183 37 99 235
0.0015958898 -0.14195849 -0.053859558 37 99 235
0.034392815 -0.19591935 -0.01938447 37 99 235
0.0037548488 0.10398726 0.50577891 37 99 235
0.076648369 0.034961853 -0.28506804 37 99 235
-0.2464835 -0.080339313 0.81823492 37 99 235
0.197669 -0.1158914 0.23845206 37 99 235
-0.0042560361 -0.12747756 -0.49749422 37 99 235
-0.083951272 0.0037582836 -0.36663696 37 99 235
0.28735337 -0.10100293 0.11085527 37 99 235
-0.015504607 0.089819878 -0.45911509 37 99 235
-0.13586482 -0.083304144 -0.17104919 37 99 235
0.081416197 -0.11625209 0.009923392 37 99 235
-0.19053648 -0.14470603 0.0073582781 37 99 235
0.020949034 0.093670025 -0.37744659 37 99 235
0.037166163 -0.18165201 -0.029833218 37 99 235
-0.15299387 -0.11657294 0.035460744 37 99 235
0.13376948 -0.011073604 -0.28068474 37 99 235
-0.0040819612 -0.20859143 0.20056684 37 99 235
-0.040418308 -0.17161606 -0.0084462948 37 99 235
-0.12552053 0.0051914868 -0.26287422 37 99 235
0.17364869 -0.12189126 -0.05647672 37 99 235
0.19972482 -0.11094934 0.19684 37 99 235
-0.34146667 -0.19312212 0.3865369 37 99 235
-0.33634931 -0.15011714 0.17880228 37 99 235
-0.30208522 -0.11435207 -0.01657163 37 99 235
-0.28454691 -0.10174711 0.1806998 37 99 235
0.17482871 -0.096818492 0.11485688 37 99 235
0.061346401 0.036220096 0.14748634 37 99 235
-0.030942224 0.052752301 0.53762066 37 99 235
0.072589234 -0.095848568 -0.38601509 37 99 235
0.36964315 -0.11457438 0.27045611 37 99 235
-0.075432323 -0.11365134 -0.20296556 37 99 235
0.027516712 -0.03185923 -0.44988656 37 99 235
0.037053227 -0.011877445 -0.6855368 37 99 235
0.13597475 -0.072057374 -0.092683814 37 99 235
-0.31121624 -0.20821407 0.13406147 37 99 235
0.29926008 -0.11603077 -0.0079127206 37 99 235
0.099283703 -0.11948808 0.27441114 37 99 235
-0.023732908 -0.1509455 -0.57111502 37 99 235
-0.048578706 -0.11778006 0.13499399 37 99 235
0.006932165 -0.11183342 -0.35195807 37 99 235
0.26517379 -0.13204229 0.10637732 37 99 235
-0.13165723 -0.014428241 0.26370201 37 99 235
0.32737511 -0.12590176 0.078475133 37 99 235
-0.02380546 0.071206979 0.12954363 37 99 235
-0.032434151 -0.011644741 0.60888207 37 99 235
-0.11449889 -0.1123545 -0.3098897 37 99 235
-0.033567782 -0.062798157 -0.81119853 37 99 235
-0.032530572 -0.18349156 0.22126526 37 99 235
-0.00067218696 0.1419867 0.76256496 37 99 235
-0.10227474 -0.11171721 -0.36191803 37 99 235
-0.084724329 -0.090760015 0.47664416 37 99 235
0.20554297 -0.097935997 0.021290017 37 99 235
0.025783148 -0.15777947 0.24950141 37 99 235
0.0060582012 -0.12541962 0.46487448 37 99 235
0.34295335 -0.10864943 0.166991 37 99 235
0.33315176 -0.10368017 0.18958591 37 99 235
-0.035524402 0.00080492062 -0.54148912 37 99 235
-0.4284099 -0.11086737 0.25117853 37 99 235
0.052457798 0.0095740194 0.74668443 37 99 235
-0.019351671 0.014711831 0.71325833 37 99 235
-0.05605517 0.032039676 0.38728416 37 99 235
0.18095857 -0.096023783 0.030994518 37 99 235
0.0033015627 -0.073803291 0.4815681 37 99 235
0.067921594 -0.089960404 -0.45454821 37 99 235
0.3672162 -0.17282923 0.058351044 37 99 235
-0.43630251 -0.10987825 0.20229474 37 99 235
0.056261614 -0.061105527 -0.63447404 37 99 235
-0.31119251 -0.1651846 0.26606068 37 99 235
0.089602716 -0.11528692 -0.069303587 37 99 235
-0.060410116 -0.10078996 -0.4674322 37 99 235
-0.079900503 0.02865069 0.12012006 37 99 235
0.019264743 0.14343916 -0.38020357 37 99 235
-0.19647034 -0.10177133 0.14702612 37 99 235
-0.22547278 -0.15924866 0.019196898 37 99 235
0.029238226 0.086279333 -0.36737299 37 99 235
-0.0070728464 0.10520612 -0.49851912 37 99 235
0.3681083 -0.12049102 0.37618852 37 99 235
-0.015287599 -0.18035208 0.31134564 37 99 235
-0.13643035 -0.096945941 -0.28221327 37 99 235
-0.17584597 -0.11011937 -0.16325799 37 99 235
-0.059815679 0.032984041 -0.4189986 37 99 235
0.038636521 0.053112552 -0.23793304 37 99 235
-0.13576999 -0.089874662 -0.13606602 37 99 235
-0.032722812 -0.10582815 0.51028711 37 99 235
0.35196587 -0.21008664 0.2050249 37 99 235
-0.29482797 -0.13475212 0.060100734 37 99 235
-0.3194018 -0.15495993 0.23542492 37 99 235
0.0010857849 -0.13502194 0.5413745 37 99 235
-0.038075242 0.030788966 -0.40482745 37 99 235
-0.19066334 -0.13569488 -0.19943407 37 99 235
0.01749396 -0.11669432 0.045561381 37 99 235
-0.043734953 0.053438451 0.31388476 37 99 235
0.099647619 -0.12127853 0.39061475 37 99 235
-0.12212445 0.0014051122 0.17215382 37 99 235
-0.12301 -0.10892371 0.094948433 37 99 235
-0.016710106 0.025102908 0.63248521 37 99 235
-0.30538139 -0.17909269 -0.12983851 37 99 235
-0.342289 -0.15780236 -0.078782089 37 99 235
0.27126154 -0.11863419 0.17404962 37 99 235
-0.13652705 -0.067713328 -0.19768296 37 99 235
-0.43048885 0.038545102 0.34045637 37 99 235
-0.34352332 -0.10601415 0.24917945 37 99 235
0.035894029 -0.19514653 0.10333831 37 99 235
-0.10340587 -0.11988031 0.30655169 37 99 235
-0.0069881859 0.10379758 -0.52024072 37 99 235
0.022614086 0.070521958 0.18021286 37 99 235
0.01994165 0.081773937 -0.38701424 37 99 235
0.011701412 -0.17364039 0.32433259 37 99 235
0.35616744 -0.10621738 0.22153407 37 99 235
0.053413529 -0.0076540909 0.52964211 37 99 235
-0.25436679 -0.12960443 -0.073687471 37 99 235
0.020489197 -0.028053414 -0.79034138 37 99 235
-0.1464044 -0.10087674 0.20405683 37 99 235
-0.13783932 -0.011599286 -0.24635115 37 99 235
-0.33950925 -0.11633899 0.19988622 37 99 235
-0.090907082 -0.11243192 -0.30332217 37 99 235
0.11614527 -0.11666583 0.14124617 37 99 235
-0.040304769 -0.11367489 -0.2015688 37 99 235
-0.34618753 -0.21419518 0.10453944 37 99 235
-0.109143 -0.1194173 0.3982864 37 99 235
-0.35639733 -0.15828988 0.16935025 37 99 235
0.064667076 0.037254531 2.4024612e-05 37 99 235
-0.019522384 -0.11155904 -0.37462354 37 99 235
0.43165016 -0.0081053423 0.38916785 37 99 235
-0.037055001 -0.11766914 0.12589687 37 99 235
-0.0068648597 -0.14506313 -0.041527852 37 99 235
-0.22985537 -0.098167501 -0.0063182535 37 99 235
0.1415318 -0.088134535 0.19325656 37 99 235
-0.28043953 -0.11021142 0.27616924 37 99 235
-0.019780178 0.17154717 -0.52247185 37 99 235
0.031101359 0.0021161349 -0.53991187 37 99 235
-0.001839392 0.077022471 0.057379395 37 99 235
0.31252402 -0.15413627 -0.030712105 37 99 235
-0.029623188 0.051817406 -0.52020597 37 99 235
-0.31594831 -0.18649615 -0.074204259 37 99 235
0.13579001 -0.051611885 -0.086414486 37 99 235
-0.057486203 -0.11211218 -0.32964879 37 99 235
-0.14111891 -0.11724706 0.091227412 37 99 235
0.018379418 0.072458938 0.28247574 37 99 235
0.11535839 -0.11547372 -0.035126332 37 99 235
0.3297843 -0.10666198 0.25416696 37 99 235
-0.024815097 0.13348973 -0.52802598 37 99 235
-0.12938049 -0.0039822827 -0.15652372 37 99 235
-0.040919922 -0.12155606 0.3898389 37 99 235
0.22127005 -0.15048692 0.018034941 37 99 235
-0.040357877 0.05528022 -0.4084363 37 99 235
0.022992283 0.13508582 -0.36503574 37 99 235
-0.020050222 0.015666215 -0.30702344 37 99 235
0.031276789 -0.013119627 -0.49072343 37 99 235
-0.13576999 -0.084450237 0.21854313 37 99 235
0.045016605 0.01488117 0.54664695 37 99 235
-0.36604348 -0.16776221 0.16130425 37 99 235
-0.064250432 -0.033980764 -0.50120312 37 99 235
-0.34724891 -0.16373326 0.3388148 37 99 235
0.032585517 -0.19115616 0.16661936 37 99 235
0.029346127 0.023355102 -0.32638624 37 99 235
0.023804622 -0.02385043 -0.50546229 37 99 235
-0.089889057 -0.11353508 -0.21257442 37 99 235
-0.40006417 -0.11469982 0.30871782 37 99 235
0.091300942 0.021562697 -0.36799151 37 99 235
-0.016200801 -0.10889447 -0.46115008 37 99 235
0.023050943 0.031850398 -0.26581183 37 99 235
-0.014704023 -0.12865752 0.088510975 37 99 235
0.063211769 -0.040244546 -0.50367403 37 99 235
0.032484662 -0.080948897 0.47814807 37 99 235
-0.066306986 -0.12297636 0.45455077 37 99 235
-0.011923726 0.079868883 -0.089457653 37 99 235
0.045408022 0.022478011 -0.44148824 37 99 235
-0.35548285 -0.20857574 0.15859924 37 99 235
-0.014799299 -0.11311999 0.52277392 37 99 235
0.0055664489 -0.022582721 -0.79244763 37 99 235
0.24225864 -0.10022708 0.16955592 37 99 235
0.033221118 0.04880758 0.53444451 37 99 235
-0.30709073 -0.10264552 0.18451096 37 99 235
-0.0023625861 -0.13134365 -0.53311765 37 99 235
-0.43759072 -0.088974647 0.34215686 37 99 235
0.047883205 0.012148242 0.70349687 37 99 235
-0.092187397 -0.0079635084 0.40544802 37 99 235
-0.17702331 -0.096867144 -0.092759229 37 99 235
-0.065596789 -0.12141068 0.38348955 37 99 235
-0.22593495 -0.16378663 -0.0024670952 37 99 235
-0.039640792 -0.096052654 -0.71211505 37 99 235
0.046451051 0.054935139 -0.058099274 37 99 235
-0.15407948 -0.11076033 -0.18483056 37 99 235
0.029606957 -0.20245585 0.027917024 37 99 235
-0.1200173 -0.11357317 0.096814863 37 99 235
0.046225555 0.043559071 0.42928842 37 99 235
0.22648279 -0.098033048 -0.022374043 37 99 235
0.13087028 -0.11568738 0.10511553 37 99 235
0.019128799 -0.012425389 -0.54525673 37 99 235
0.0099550048 -0.15527357 -0.47216776 37 99 235
-0.1638701 -0.11680076 0.055099107 37 99 235
-0.049728718 0.034589451 -0.37410471 37 99 235
0.38471785 -0.11733185 0.35162419 37 99 235
-0.20630336 -0.097417161 0.067010425 37 99 235
0.074396774 -0.0073546306 0.67998743 37 99 235
0.13249961 -0.0074628028 -0.0067997351 37 99 235
0.12431588 -0.11554438 -0.029277887 37 99 235
-0.14664374 -0.11701557 0.072684653 37 99 235
0.026480703 -0.20730484 0.042040199 37 99 235
0.00995549 -0.11751435 -0.52879393 37 99 235
0.029467957 -0.010292534 -0.50111365 37 99 235
0.050526325 -0.11829006 0.17627105 37 99 235
-0.041755408 0.050321609 0.44301832 37 99 235
0.13124855 -0.0077668396 -0.21566084 37 99 235
-0.40521482 -0.11881573 0.23192023 37 99 235
-0.13373841 -0.022044467 0.0034408059 37 99 235
0.11594692 -0.019435378 -0.37220144 37 99 235
-0.43288079 -0.00095939875 0.27336553 37 99 235
0.057782084 -0.032876372 -0.58746529 37 99 235
0.26455283 -0.11801469 0.12914333 37 99 235
-0.13576999 -0.082293369 0.20143972 37 99 235
-0.13331908 -0.11725954 0.09193825 37 99 235
0.042994026 -0.089086138 -0.61283153 37 99 235
0.13148023 -0.10355131 0.30206916 37 99 235
-0.15129705 -0.10932053 0.20688599 37 99 235
-0.063149638 -0.083182707 -0.45229334 37 99 235
0.027234975 -0.1129128 -0.26383999 37 99 235
-0.17146538 -0.096906178 0.12645485 37 99 235
0.10086593 -0.11781143 0.13637517 37 99 235
-0.18677887 -0.11812034 -0.1770394 37 99 235
0.086878039 -0.11939842 0.26742125 37 99 235
-0.0081350375 -0.11184449 -0.35094488 37 99 235
0.42996374 0.025232542 0.30412549 37 99 235
-0.15595904 -0.12017605 0.33331731 37 99 235
-0.093994796 0.018656202 0.33290064 37 99 235
-0.0094518038 0.1077677 0.66587293 37 99 235
0.096992329 0.029139727 -0.36309937 37 99 235
0.080481522 0.027925029 0.10860381 37 99 235
0.18944173 -0.11704279 0.02075755 37 99 235
0.0020811113 0.078152969 0.18490452 37 99 235
-0.026203532 -0.10362379 -0.75977272 37 99 235
0.13579001 -0.046082675 -0.06039105 37 99 235
0.071206547 0.009670468 -0.4046917 37 99 235
-0.086660802 0.025864538 0.055526678 37 99 235
-0.012791655 -0.18533225 -0.52151817 37 99 235
0.070389837 -0.051954914 -0.40545738 37 99 235
-0.26850095 -0.11809863 0.1611183 37 99 235
-0.3385514 -0.12521259 0.17872919 37 99 235
0.058167621 0.00017613688 0.47827056 37 99 235
0.21662675 -0.11884321 0.25352746 37 99 235
-0.04168183 0.032311935 0.52399123 37 99 235
0.13579001 -0.040589932 -0.1404794 37 99 235
-0.021446083 -0.020734137 -0.44639337 37 99 235
-0.015602803 0.066681579 0.4941245 37 99 235
0.20633826 -0.14845085 -0.2221348 37 99 235
-0.40689081 -0.11828656 0.22693205 37 99 235
-0.024158645 0.055280097 0.58688909 37 99 235
0.12464911 0.0017457788 -0.0025143018 37 99 235
0.010659384 -0.11181169 -0.35374859 37 99 235
-0.00051568833 0.15969609 0.81380731 37 99 235
0.20419003 -0.11356562 -0.15290734 37 99 235
-0.048549589 -0.092697307 -0.53611386 37 99 235
0.13613407 -0.074703828 0.099336773 37 99 235
0.013486527 0.087215237 -0.2810733 37 99 235
-0.1235709 0.0078347558 -0.33437833 37 99 235
0.063549712 -0.0087553589 -0.49036852 37 99 235
-0.13802859 -0.0098503819 -0.25331929 37 99 235
-0.33120459 -0.18377268 0.41297391 37 99 235
-0.28020257 -0.12052619 0.35978037 37 99 235
0.093613699 0.017310221 -0.36446893 37 99 235
0.43602017 -0.10472082 0.16158612 37 99 235
0.022333238 -0.11435003 -0.14640528 37 99 235
0.064480275 -0.12136975 0.38196763 37 99 235
-0.10288043 0.018415593 0.10912298 37 99 235
-0.12223099 -0.11488317 0.21253394 37 99 235
-0.09005972 -0.11774003 0.13131095 37 99 235
-0.43202129 -0.10815962 0.29986465 37 99 235
-0.36189774 -0.20143235 0.2260095 37 99 235
-0.19558847 -0.11470614 -0.022121392 37 99 235
0.13037746 -0.0055578607 0.041653093 37 99 235
0.013263639 0.06372577 -0.23564801 37 99 235
-0.049854666 0.049969178 0.031205062 37 99 235
0.43198097 -0.0029711842 0.32678533 37 99 235
0.036547642 -0.099007912 -0.63525862 37 99 235
0.43822241 -0.099349715 0.27969131 37 99 235
0.026841072 -0.19146985 -0.11715569 37 99 235
0.060245238 -0.11860267 0.20156111 37 99 235
-0.38069007 -0.11686841 0.18542783 37 99 235
0.017474126 -0.1550418 0.30829611 37 99 235
-0.0208607 -0.11708624 0.077494822 37 99 235
-0.13431256 -0.014125068 -0.044050522 37 99 235
-0.0042640581 -0.14473437 -0.028476708 37 99 235
0.10842486 -0.12047783 0.35803607 37 99 235
-0.13576999 -0.04256127 0.28646711 37 99 235
0.33972967 -0.16158403 0.36193117 37 99 235
0.012038425 -0.14325383 -0.11495338 37 99 235
-0.0078786695 -0.19802593 0.25833333 37 99 235
-0.0028096738 0.19061685 0.65421379 37 99 235
-0.091287829 -0.028146924 0.45985025 37 99 235
0.063851491 0.034572702 0.14019075 37 99 235
-0.065438904 -0.11235375 -0.30952168 37 99 235
-0.13537516 -0.11174627 0.14772691 37 99 235
-0.4294576 0.05700225 0.29713991 37 99 235
0.31086898 -0.16762571 0.22791894 37 99 235
0.24106649 -0.1493966 -0.2121768 37 99 235
-0.20385891 -0.11098465 0.089390941 37 99 235
-0.058729071 0.046507925 -0.22853915 37 99 235
0.20799589 -0.062819391 0.79923141 37 99 235
-0.017470054 0.0011722922 0.70840907 37 99 235
-0.13771881 -0.067839898 -0.24266851 37 99 235
0.16746373 -0.11863435 -0.038449422 37 99 235
-0.34558672 -0.21423183 0.27120018 37 99 235
0.3610158 -0.18732962 -0.069332421 37 99 235
0.13579001 -0.037279595 0.11930904 37 99 235
0.43389735 -0.091784395 0.25654817 37 99 235
0.11841729 -0.052808899 -0.41296837 37 99 235
-0.021778526 0.074840426 0.45292425 37 99 235
0.039597291 0.060812932 0.081271611 37 99 235
0.13579001 -0.059418108 0.11347864 37 99 235
0.11794787 -0.11376271 -0.18392248 37 99 235
-0.026727062 0.069244646 0.19936138 37 99 235
-0.016242322 -0.015479991 -0.28027093 37 99 235
-0.077463366 0.031443655 -0.12574476 37 99 235
-0.35323939 -0.15524773 0.17634089 37 99 235
0.14331101 -0.12778835 0.086852491 37 99 235
-0.068805046 -0.029588189 -0.40519705 37 99 235
-0.032588944 0.063864209 0.27331179 37 99 235
-0.083893307 -0.11476264 -0.11185697 37 99 235
0.0094291195 -0.20750162 0.19381507 37 99 235
-0.020832248 0.030112522 0.71516228 37 99 235
0.20905484 -0.13039421 -0.19807895 37 99 235
0.010282318 0.083327815 -0.52726096 37 99 235
-0.0038320024 -0.12363397 0.45392132 37 99 235
0.02339955 -0.12202284 0.49343935 37 99 235
-0.324085 -0.19905263 0.35051793 37 99 235
-0.05178849 0.046817973 0.1555631 37 99 235
0.12024793 -0.050351534 0.4293527 37 99 235
0.090548597 -0.11285643 -0.26920897 37 99 235
-0.23896252 -0.12826392 -0.029847654 37 99 235
-0.13576999 -0.073162846 0.076963611 37 99 235
-0.077092931 -0.11263181 -0.28679156 37 99 235
0.36119953 -0.16198848 -0.039633002 37 99 235
0.036408711 0.024511551 -0.3665542 37 99 235
-0.4285498 0.070391998 0.33709371 37 99 235
0.11668368 0.0099066859 0.099033132 37 99 235
-0.39500803 -0.11789608 0.24262072 37 99 235
0.14709185 -0.10944561 -0.0024718782 37 99 235
-0.060966086 -0.1189926 0.23386106 37 99 235
0.33368972 -0.12183086 0.20127052 37 99 235
-0.42991951 0.051154725 0.37595004 37 99 235
0.0075566899 -0.013311381 -0.36565122 37 99 235
0.14039761 -0.11699293 0.070138916 37 99 235
-0.17780864 -0.11170982 0.13989492 37 99 235
0.084647462 -0.043385573 0.47882476 37 99 235
0.21538997 -0.10145174 -0.064278327 37 99 235
-0.039318472 0.042795207 -0.31782129 37 99 235
0.10114697 0.01842941 0.20314646 37 99 235
-0.059659529 -0.063861251 -0.53209084 37 99 235
-0.028548874 0.064728096 0.3788608 37 99 235
0.067120366 -0.11277676 -0.2756916 37 99 235
0.068999529 -0.11197405 -0.34076148 37 99 235
0.001640229 0.0805199 -0.20575786 37 99 235
-0.28656119 -0.11216035 0.042340655 37 99 235
-0.027399145 0.038181797 -0.53981984 37 99 235
-0.13591051 -0.035669126 -0.17132756 37 99 235
-0.1605674 -0.11675946 0.051283941 37 99 235
-0.29245469 -0.16439927 -0.16985936 37 99 235
0.10318552 -0.038996316 0.46013495 37 99 235
0.067883678 -0.093893997 -0.42707387 37 99 235
-0.28085709 -0.12157944 0.13482952 37 99 235
0.22507772 -0.11885251 0.35482496 37 99 235
-0.43440822 -0.093525514 0.29733479 37 99 235
-0.29888695 -0.18861362 0.13765521 37 99 235
-0.36681485 -0.17929079 0.080022104 37 99 235
-0.024568506 -0.12271734 0.44005135 37 99 235
0.0012315363 0.076774739 0.801238 37 99 235
0.036275905 -0.11646149 0.026521914 37 99 235
0.095857084 0.025859075 -0.094725415 37 99 235
-0.31854817 -0.10405322 0.060775105 37 99 235
-0.13577001 -0.073982835 -0.14285161 37 99 235
-0.058262408 -0.11813097 0.1637636 37 99 235
-0.1074286 -0.11738616 0.10180693 37 99 235
-0.038825896 -0.08242397 0.47707731 37 99 235
-0.12388536 -0.11247094 -0.30055976 37 99 235
0.036792576 0.041676458 0.52827275 37 99 235
-0.077077724 0.032020375 0.10179035 37 99 235
0.12175436 0.005739728 -0.35421264 37 99 235
-0.15081885 -0.10564884 -0.23106416 37 99 235
0.034529131 0.0016609826 -0.50485188 37 99 235
0.0086578317 0.067400411 0.74067098 37 99 235
0.25772691 -0.12209777 -0.032582365 37 99 235
0.36968422 -0.17878136 0.14561865 37 99 235
-0.1760788 -0.04674907 0.76613235 37 99 235
0.1589094 -0.098497726 0.15477569 37 99 235
-0.079798162 -0.1173384 0.098151296 37 99 235
-0.063423961 0.036916167 0.053728782 37 99 235
-0.0017714173 0.16798764 0.75233847 37 99 235
-0.40628311 -0.11990567 0.34436825 37 99 235
-0.0019920429 -0.046704929 0.57265431 37 99 235
-0.1734042 -0.11879864 0.21907818 37 99 235
0.29521739 -0.11622673 0.0078108422 37 99 235
0.052135989 -0.031512659 -0.65959615 37 99 235
-0.03746134 -0.15377147 0.029444719 37 99 235
-0.010571752 -0.2038779 -0.12278958 37 99 235
0.11404079 -0.11775113 0.30345973 37 99 235
-0.039417036 0.058678482 0.28488761 37 99 235
0.18370241 -0.11154195 -0.090293303 37 99 235
-0.13576999 -0.051344875 0.26495942 37 99 235
-0.13725993 -0.059748873 -0.2250004 37 99 235
0.0099384757 -0.1469025 0.17243893 37 99 235
0.022299983 0.020096168 -0.26375341 37 99 235
0.016824109 0.035228405 -0.31100398 37 99 235
-0.032883041 0.043974672 0.55547225 37 99 235
0.053461242 -0.062683605 -0.45549834 37 99 235
-0.27712193 -0.17030907 0.10357037 37 99 235
0.022436928 0.012248013 0.69330859 37 99 235
0.32656631 -0.14068285 0.36863679 37 99 235
-0.014576889 -0.12531522 0.46505395 37 99 235
-0.029519547 -0.10594191 -0.56651974 37 99 235
-0.087500654 0.025442056 0.17653951 37 99 235
0.26604691 -0.11725152 0.091351844 37 99 235
0.055733811 -0.023429656 -0.59515929 37 99 235
0.19164389 -0.10753401 0.082227312 37 99 235
0.28504068 -0.12656246 0.12330271 37 99 235
0.11055716 -0.036032327 0.43699053 37 99 235
0.32619631 -0.10315667 0.16791353 37 99 235
-0.046177559 -0.12290916 0.46351263 37 99 235
-0.034616124 -0.1629189 -0.053521469 37 99 235
-0.04092833 0.055507284 0.33607197 37 99 235
-0.0018848729 -0.1160183 -0.0099878507 37 99 235
0.11919826 0.0042899363 0.23902501 37 99 235
-0.1508199 -0.090795904 0.12657204 37 99 235
0.030231994 -0.029778818 -0.46793315 37 99 235
-0.063171446 0.032181423 0.33367872 37 99 235
-0.047091454 0.0064415773 0.54929376 37 99 235
0.13579001 -0.044420708 -0.10363612 37 99 235
0.34762892 -0.11592361 0.15361315 37 99 235
-0.043291405 -0.053113878 -0.77202415 37 99 235
0.028624963 -0.0087412894 -0.38786596 37 99 235
-0.039307393 -0.019570295 -0.40614906 37 99 235
0.11445426 -0.067455545 0.46837932 37 99 235
0.2694262 -0.20110619 0.12912582 37 99 235
0.13579001 -0.076163977 0.31175929 37 99 235
0.019806888 -0.11484106 -0.1054703 37 99 235
-0.10255045 -0.1187482 0.2136745 37 99 235
-0.0037157505 -0.11240387 -0.56036043 37 99 235
-0.011866781 0.066330835 0.42781368 37 99 235
0.040760502 -0.13990912 -0.44795352 37 99 235
0.06357196 0.0072870022 0.73922235 37 99 235
0.0028450601 -0.13867155 -0.11342171 37 99 235
0.057942167 0.0093233027 -0.51284486 37 99 235
-0.11705264 0.0081162974 -0.0093029253 37 99 235
-0.19457963 -0.11901814 0.23806083 37 99 235
-0.00073918345 0.076574057 0.047488671 37 99 235
0.1028524 0.02377869 -0.39897329 37 99 235
-0.13052939 -0.0086849453 0.15971394 37 99 235
0.21906102 -0.10153742 -0.060084291 37 99 235
0.13579001 -0.064819343 0.28959677 37 99 235
-0.016390579 -0.12131707 0.37962937 37 99 235
-0.43142965 0.027938684 0.40974188 37 99 235
0.36372063 -0.18271831 -0.060104042 37 99 235
0.035984211 0.042871945 -0.42845613 37 99 235
0.37468728 -0.10501802 0.15970118 37 99 235
-0.015866792 -0.10874493 -0.46917278 37 99 235
0.080533206 0.024751998 0.31947771 37 99 235
0.021924194 -0.086975597 -0.81147462 37 99 235
0.049884915 0.051682055 -0.093188986 37 99 235
-0.062115896 -0.05407038 -0.51332271 37 99 235
0.28652498 -0.12566052 0.13846453 37 99 235
-0.087567277 0.0010934579 0.39091071 37 99 235
-0.07773234 0.0099050002 0.3800557 37 99 235
0.015410764 0.047490828 -0.25669783 37 99 235
-0.0030844712 0.16102292 0.64749777 37 99 235
0.43001348 0.0017925552 0.37168595 37 99 235
0.12008481 -0.036976147 -0.37919897 37 99 235
0.31459171 -0.1609699 -0.0082267197 37 99 235
0.24822631 -0.10755374 0.24764799 37 99 235
0.066966318 -0.11257873 -0.29183948 37 99 235
0.11908235 -0.10132696 0.40939653 37 99 235
0.076540947 -0.04899352 0.47620082 37 99 235
-0.13120514 -0.0024537274 -0.30627748 37 99 235
0.05766185 -0.1129889 -0.25837028 37 99 235
-0.019104242 -0.10964619 -0.62869006 37 99 235
-0.0058730482 -0.20313823 0.22124648 37 99 235
0.086998597 0.0261836 0.074276827 37 99 235
0.12598875 -0.0081216926 -0.36076701 37 99 235
0.23483446 -0.11955637 -0.11722737 37 99 235
-0.00091506442 -0.10744223 0.51691347 37 99 235
-0.33111927 -0.10471562 0.22735645 37 99 235
0.056507602 -0.11929813 0.25885737 37 99 235
-0.10454316 -0.11826867 0.23303831 37 99 235
-0.033623222 0.060042832 -0.40727946 37 99 235
-0.083630204 -0.11656551 0.035272121 37 99 235
0.10492844 0.019801753 -0.13577726 37 99 235
0.096943125 0.027533337 -0.24895208 37 99 235
0.24010323 -0.10874338 -0.079823717 37 99 235
-0.20439465 -0.14669107 -0.18665507 37 99 235
-0.18501176 -0.095520228 -0.023087516 37 99 235
-0.049710404 0.046632696 0.34164536 37 99 235
-0.0030672741 0.046869941 -0.25069988 37 99 235
0.029282603 -0.11300994 -0.25569934 37 99 235
0.13984984 -0.091680832 -0.19713128 37 99 235
0.011800583 -0.011562817 -0.25568873 37 99 235
0.1920758 -0.10766641 -0.13425845 37 99 235
-0.11058425 -0.11693917 0.065496437 37 99 235
0.069805235 0.033014279 0.15271091 37 99 235
0.43791091 -0.097285651 0.2832146 37 99 235
-0.28773001 -0.17027986 -0.12069044 37 99 235
-0.081973061 0.03026576 -0.012289821 37 99 235
-0.078682542 -0.12048739 0.34389901 37 99 235
0.15672924 -0.097732164 0.0045988229 37 99 235
0.22650489 -0.097723335 0.0059395637 37 99 235
0.030803427 -0.1107644 -0.43435699 37 99 235
0.027803078 -0.1849799 -0.14714181 37 99 235
-0.20289567 -0.11289749 0.28334224 37 99 235
0.09103401 -0.11844181 0.18884319 37 99 235
-0.032043211 -0.10319077 -0.66294587 37 99 235
0.0048377952 -0.15533994 -0.20662363 37 99 235
0.1806917 -0.049426749 0.81753737 37 99 235
0.025509935 -0.20356372 0.13604696 37 99 235
0.066042013 -0.082014538 -0.46022022 37 99 235
0.016209753 -0.051242176 0.52825069 37 99 235
0.017653884 0.031708714 -0.44590908 37 99 235
0.30469379 -0.1409995 0.11190278 37 99 235
-0.0094715497 -0.096407592 -0.79690975 37 99 235
0.42954984 0.052288745 0.39139989 37 99 235
0.0095441397 -0.18212736 0.3161754 37 99 235
-0.0058413837 0.077161029 0.68053669 37 99 235
-0.080654964 -0.11374298 -0.19554101 37 99 235
0.0010563473 0.093152277 0.82502395 37 99 235
-0.087653495 -0.11753061 0.45935532 37 99 235
0.02012622 -0.11521908 -0.075406633 37 99 235
0.27844304 -0.10882086 0.089002557 37 99 235
-0.33311319 -0.13174863 0.16883925 37 99 235
-0.31125295 -0.19972706 0.026476001 37 99 235
0.18524985 -0.11914384 0.24656104 37 99 235
-0.3305046 -0.15257446 -0.022514654 37 99 235
-0.15880813 -0.039075468 0.81143194 37 99 235
-0.19971654 -0.10476916 -0.10593592 37 99 235
-0.13576999 -0.036146212 -0.10787507 37 99 235
-0.01043724 0.034812726 0.77678621 37 99 235
0.21897404 -0.15693419 -0.063256599 37 99 235
-0.077398963 -0.11166181 -0.36627623 37 99 235
0.1963454 -0.15207034 -0.16942756 37 99 235
0.19149517 -0.12009891 -0.16571589 37 99 235
-0.13576999 -0.086908586 0.20413207 37 99 235
0.039201364 -0.12195346 0.40729651 37 99 235
-0.3603934 -0.17783511 0.31566942 37 99 235
-0.026308289 -0.15327872 0.13401805 37 99 235
0.20754889 -0.14260118 -0.11883718 37 99 235
0.098445326 -0.12025139 0.33164078 37 99 235
-0.12141425 -0.11707734 0.3882758 37 99 235
-0.43487579 -0.1106213 0.21444486 37 99 235
-0.079984881 0.031837802 -0.41533986 37 99 235
0.31052569 -0.10433877 0.11652432 37 99 235
-0.3148717 -0.162104 0.15479994 37 99 235
0.26213342 -0.10584406 -0.013013097 37 99 235
0.20755497 -0.10955338 -0.12533408 37 99 235
-0.1982649 -0.096114323 -0.015000733 37 99 235
0.090426221 0.031396579 -0.39328745 37 99 235
-0.065704338 0.033063181 -0.4143042 37 99 235
0.12821202 0.0022764097 -0.23418875 37 99 235
-0.04285096 0.061216768 -0.19690047 37 99 235
0.25218615 -0.11544735 0.039534792 37 99 235
-0.23304974 -0.11884176 0.25043121 37 99 235
0.086937651 0.030693322 -0.29878303 37 99 235
-0.13576999 -0.077061839 0.080217801 37 99 235
0.30076995 -0.10930122 0.15744993 37 99 235
-0.43669513 -0.10545022 0.29055148 37 99 235
-0.36543855 -0.11002364 0.144706 37 99 235
-0.018898899 0.16111772 -0.52810651 37 99 235
-0.0074645523 0.10918036 -0.44006398 37 99 235
0.34836403 -0.21224833 0.091936812 37 99 235
0.13494487 -0.024930738 0.26763111 37 99 235
0.34873775 -0.19704039 -0.11111887 37 99 235
-0.041668441 -0.11177755 -0.35649893 37 99 235
0.035301227 -0.15765144 0.0089643812 37 99 235
0.40084752 -0.11299688 0.23860097 37 99 235
-0.20837408 -0.11514422 0.27141619 37 99 235
-0.077680103 -0.11274447 -0.27779299 37 99 235
-0.01931799 -0.11592458 -0.017289579 37 99 235
0.014403446 -0.078548618 -0.82973164 37 99 235
-0.13576667 -0.032088906 -0.3000448 37 99 235
0.067936331 -0.086516708 -0.44807503 37 99 235
-0.080925852 0.033403859 -0.25683418 37 99 235
-0.0018033053 0.074155428 0.5001483 37 99 235
0.017760672 -0.11247055 -0.30004966 37 99 235
-0.033966787 0.011198438 -0.33383128 37 99 235
0.05145485 0.052182771 -0.2160816 37 99 235
-0.15572086 -0.11768963 0.13631701 37 99 235
0.21301714 -0.10147321 0.058526818 37 99 235
-0.0029092752 0.08204817 0.70416969 37 99 235
-0.0013202457 0.13868296 0.70458394 37 99 235
-0.035142839 -0.13354322 0.52327639 37 99 235
0.067595005 -0.031483553 -0.4316496 37 99 235
0.1210689 0.0024906732 0.26765499 37 99 235
0.0032872539 0.10534924 0.65509576 37 99 235
-0.16364478 -0.11712141 0.081227496 37 99 235
0.13568401 -0.038915053 0.31451267 37 99 235
0.035512038 -0.15070345 -0.54017961 37 99 235
-0.31802762 -0.15662362 0.24705318 37 99 235
-0.29853457 -0.11772158 0.26127702 37 99 235
-0.071394704 0.034079865 0.095322229 37 99 235
9.5914722e-05 0.19179307 0.80307418 37 99 235
-0.001390996 0.16003612 0.70415473 37 99 235
0.10252014 -0.11517797 -0.061967209 37 99 235
0.046407796 0.055493701 -0.22533502 37 99 235
0.025413265 -0.01410299 -0.40774098 37 99 235
-0.13576999 -0.038170032 -0.11267074 37 99 235
-0.26190591 -0.099609539 0.075111277 37 99 235
-0.067719169 -0.055773731 -0.44674081 37 99 235
-0.046590194 -0.010881768 -0.61227882 37 99 235
-0.19792633 -0.11242165 -0.081538573 37 99 235
0.23197448 -0.099229395 -0.028553478 37 99 235
-0.050111398 -0.097342484 -0.47276536 37 99 235
0.3005451 -0.11491509 0.22669901 37 99 235
0.11065876 -0.11888445 0.22442096 37 99 235
-0.048218504 0.022142025 -0.50762159 37 99 235
-0.2997438 -0.10235049 0.18320377 37 99 235
-0.065635577 0.037584364 -0.11149527 37 99 235
0.11633135 -0.11838675 0.18349828 37 99 235
-0.01601574 0.07833343 -0.10270442 37 99 235
0.37394911 -0.10507772 0.17825176 37 99 235
-0.038240965 -0.15599948 0.05924293 37 99 235
-0.13794293 -0.01778092 -0.25026217 37 99 235
0.35702196 -0.10737552 0.11699562 37 99 235
0.073125802 0.001211057 -0.39395848 37 99 235
-0.017969547 -0.097622551 -0.78240085 37 99 235
-0.012778968 0.13641559 -0.53553826 37 99 235
0.057063766 0.030394496 0.39369711 37 99 235
0.2718133 -0.17595869 0.13140254 37 99 235
-0.054821674 -0.1138173 -0.18983512 37 99 235
-0.15949136 -0.1171685 0.085058346 37 99 235
-0.32393333 -0.11612068 0.3306942 37 99 235
0.10323637 0.010621321 -0.42980379 37 99 235
0.0058333077 0.11474366 0.57462162 37 99 235
-0.13146996 -0.0163312 -0.3342939 37 99 235
0.057809856 0.039469685 0.1565899 37 99 235
0.095472746 -0.1103051 0.48404142 37 99 235
0.13579001 -0.065188542 -0.042295318 37 99 235
-0.28765777 -0.17248961 -0.13376522 37 99 235
0.044651072 -0.11628461 0.011916371 37 99 235
0.31828445 -0.11736694 0.13872416 37 99 235
0.031809185 0.063449204 0.41043451 37 99 235
0.023402058 0.070262581 0.29569659 37 99 235
0.039905511 0.013789014 0.78025854 37 99 235
-0.30912429 -0.16687517 0.022455797 37 99 235
0.14263828 -0.092292674 0.022670222 37 99 235
-0.034907088 -0.19548362 0.093864411 37 99 235
0.0052916477 -0.014805783 -0.29846796 37 99 235
-0.079808757 -0.12158868 0.39157322 37 99 235
-0.06643036 -0.011950147 -0.44055712 37 99 235
-0.11792632 0.006062231 0.21944149 37 99 235
0.20805979 -0.10007645 -0.064871304 37 99 235
-0.24063261 -0.10433102 -0.021949107 37 99 235
0.022038588 0.016097004 -0.45677388 37 99 235
-0.32754183 -0.11683664 0.30037969 37 99 235
0.33096087 -0.11735658 0.33531645 37 99 235
-0.066854194 -0.11908103 0.24121809 37 99 235
-0.032952804 -0.11237675 -0.30746481 37 99 235
-0.064386576 -0.11289816 -0.26516786 37 99 235
0.34087357 -0.12998071 0.247179 37 99 235
0.13579001 -0.075917706 0.0068604988 37 99 235
-0.013966032 -0.20504859 -0.5663619 37 99 235
0.21229601 -0.11821091 0.16970411 37 99 235
-0.027121697 -0.020035904 -0.32513469 37 99 235
0.090247303 0.02863894 -0.22699594 37 99 235
0.12630759 -0.11712307 0.2324159 37 99 235
0.1138664 0.017934324 -0.31849 37 99 235
0.33345774 -0.13239202 0.14681017 37 99 235
0.026403399 0.12016254 -0.51635766 37 99 235
0.11103749 -0.0052181995 0.36993071 37 99 235
0.10006917 -0.014619423 0.82779819 37 99 235
0.10253645 0.019325534 -0.024745198 37 99 235
-0.11314775 -0.11571119 0.14687407 37 99 235
-0.024398457 0.081884824 -0.31443283 37 99 235
-0.30671051 -0.19398758 0.057155229 37 99 235
-0.097007871 -0.11407141 -0.16920821 37 99 235
0.25743085 -0.13573828 0.14485043 37 99 235
0.31799704 -0.15852019 0.013293221 37 99 235
0.22157958 -0.15354782 -0.18785463 37 99 235
0.043039836 -0.18778092 0.057737149 37 99 235
-0.032362923 0.061234668 -0.2462374 37 99 235
0.046203487 0.0086922562 -0.44350222 37 99 235
-0.13576999 -0.062546104 0.11216686 37 99 235
0.012209776 0.060771063 0.68612391 37 99 235
0.13579001 -0.028078157 0.11410467 37 99 235
-0.15101179 -0.032177456 0.74614018 37 99 235
-0.36737049 -0.18864368 0.25888181 37 99 235
-0.019458039 -0.11089597 -0.52512771 37 99 235
-0.19475584 -0.10738662 0.23309952 37 99 235
0.022177707 -0.11805994 0.15677448 37 99 235
0.11903594 -0.01918452 0.732885 37 99 235
0.16695721 -0.11525407 -0.063619629 37 99 235
-0.24097566 -0.13158011 -0.11940122 37 99 235
-0.024003152 0.071257271 0.46233037 37 99 235
0.053888083 -0.11428161 -0.15160148 37 99 235
-0.1383896 -0.094600029 -0.23883836 37 99 235
0.12301923 -0.066649124 -0.40458009 37 99 235
0.095827512 0.025269745 -0.36830959 37 99 235
0.030923853 -0.014267313 0.59524339 37 99 235
0.37366977 -0.11414432 0.24974088 37 99 235
0.018532036 0.035111602 0.70397276 37 99 235
0.10625555 -0.02860003 -0.37473029 37 99 235
0.028441349 -0.14201356 0.014683438 37 99 235
0.26466462 -0.12360725 0.12847725 37 99 235
-0.12394711 -0.072405279 0.41606873 37 99 235
-0.0046617454 0.17674565 0.7087568 37 99 235
0.20897566 -0.15548041 -0.056026325 37 99 235
-0.030946169 0.045261875 0.56495553 37 99 235
0.050650049 0.048852351 0.04774119 37 99 235
-0.1330635 -0.010533849 -0.14189942 37 99 235
0.32593736 -0.21253797 0.25303254 37 99 235
0.26959804 -0.14523563 0.12584218 37 99 235
0.0095249135 0.087069668 0.60419077 37 99 235
0.050080825 0.054609239 -0.30777374 37 99 235
-0.014941803 -0.11008429 -0.61824977 37 99 235
-0.033088632 -0.014929709 -0.50251645 37 99 235
-0.016600888 0.012410422 0.7244451 37 99 235
0.022616543 -0.11480269 -0.10856834 37 99 235
0.42910084 -0.10574649 0.32888725 37 99 235
-0.36457011 -0.1684355 -0.029990859 37 99 235
0.012262217 0.048932727 -0.25720266 37 99 235
0.039028239 -0.1200428 0.31919169 37 99 235
0.0067399633 0.11318846 -0.30379146 37 99 235
-0.15078208 -0.10575044 -0.020613706 37 99 235
-0.049462695 -0.089214087 -0.55134165 37 99 235
-0.35594144 -0.16316387 0.29030648 37 99 235
0.03768475 -0.1526683 -0.45881933 37 99 235
0.054564103 -0.0055644228 0.67103833 37 99 235
-0.15693501 -0.11183202 -0.055548407 37 99 235
0.075189993 0.030520881 0.074798018 37 99 235
-0.14644112 -0.10600611 0.21303144 37 99 235
0.43249002 0.0035008295 0.4037652 37 99 235
-0.22002853 -0.10838337 -0.10249783 37 99 235
0.061665863 -0.035455614 0.47361332 37 99 235
-0.10181823 0.026300333 -0.31740662 37 99 235
0.00047747392 0.16195945 0.67055106 37 99 235
-0.051262893 -0.079850659 0.47710726 37 99 235
0.32795981 -0.11891934 0.35497132 37 99 235
-0.0033880523 0.079202011 -0.132351 37 99 235
0.16197415 -0.099218249 0.16220665 37 99 235
-0.014854866 -0.12804018 0.47934094 37 99 235
0.041792784 -0.11141675 -0.38646314 37 99 235
-0.38701144 -0.11247144 0.31322914 37 99 235
-0.021358263 -0.11235058 -0.30942672 37 99 235
-0.036803685 -0.059635293 0.47734714 37 99 235
-0.1064412 0.022196341 -0.087526575 37 99 235
0.3371233 -0.10830608 0.23792703 37 99 235
-0.033780992 -0.008978826 -0.3911055 37 99 235
-0.079188958 0.027215241 0.22234121 37 99 235
0.14219098 -0.11485662 -0.052389972 37 99 235
0.30452436 -0.12867899 0.19549479 37 99 235
-0.31688008 -0.18677607 0.36396703 37 99 235
-0.3632006 -0.20134544 0.10161503 37 99 235
0.05371353 -0.12290055 0.44826934 37 99 235
-0.062630132 -0.068425275 -0.4858821 37 99 235
-0.36837003 -0.17475547 0.1265233 37 99 235
-0.11723773 -0.12264109 0.086289302 37 99 235
0.047262315 0.050394289 0.23951998 37 99 235
-0.30743566 -0.18517342 -0.010428471 37 99 235
-0.071092583 0.029195463 0.27733117 37 99 235
0.034700319 0.065124467 0.048852891 37 99 235
0.13579001 -0.026111256 0.22800346 37 99 235
-0.39899287 -0.1201895 0.37440929 37 99 235
-0.010989561 0.080256931 -0.089494146 37 99 235
0.093953401 -0.11609703 -0.003347513 37 99 235
-0.11021531 0.012171784 0.25513005 37 99 235
0.28944162 -0.11082543 0.20352881 37 99 235
-0.067141846 -0.07829947 -0.42838302 37 99 235
0.13368173 -0.019264806 0.30845758 37 99 235
-0.33973101 -0.10740169 0.057739638 37 99 235
-0.015536753 0.025794908 0.76450497 37 99 235
0.12994197 -0.11922367 0.2528283 37 99 235
-0.00044408048 0.081151731 0.39426434 37 99 235
-0.42918599 0.061090719 0.32443589 37 99 235
0.0026539771 0.14556675 -0.4764331 37 99 235
-0.0083783092 -0.15574169 -0.55244529 37 99 235
0.33209801 -0.15275858 0.23024061 37 99 235
0.016973317 -0.10421258 -0.77146965 37 99 235
0.03802729 -0.18782942 0.0045918524 37 99 235
0.019940553 -0.11137797 -0.53444225 37 99 235
-0.42854753 0.070812456 0.3256672 37 99 235
-0.4029884 -0.11429081 0.30422118 37 99 235
0.42875022 0.046584342 0.33274171 37 99 235
0.3044264 -0.1615115 0.076682322 37 99 235
-0.36482897 -0.19464703 0.26574552 37 99 235
0.025060549 -0.12740958 -0.56910026 37 99 235
-0.13452187 -0.021056378 0.24840863 37 99 235
-0.020484047 -0.14977199 0.025832519 37 99 235
-0.044614233 -0.01122948 -0.63180596 37 99 235
0.055189416 -0.1197408 0.29543296 37 99 235
-0.046127502 -0.11980306 0.29978201 37 99 235
-0.076072581 -0.1220762 0.41219306 37 99 235
0.041864466 -0.12077247 0.35580385 37 99 235
0.17242168 -0.11471733 0.27971405 37 99 235
0.23454319 -0.10102449 -0.036850683 37 99 235
-0.030629728 -0.11314844 -0.2449019 37 99 235
0.11995666 -0.11833266 0.17929314 37 99 235
-0.00094961433 0.063010603 0.8222639 37 99 235
0.13882194 -0.096884809 -0.22783682 37 99 235
-0.074460588 -0.11631052 0.013736657 37 99 235
0.10893381 0.013019806 0.28858933 37 99 235
0.044162631 -0.10476162 0.49455526 37 99 235
-0.28464186 -0.16199403 -0.17729993 37 99 235
0.024403414 -0.010451023 -0.27289948 37 99 235
0.33257866 -0.21380717 -0.002285951 37 99 235
0.29214004 -0.10292448 0.029247714 37 99 235
-0.30863136 -0.11763789 0.098775961 37 99 235
-0.047146443 -0.12046874 0.34088337 37 99 235
0.0039450466 0.11131189 0.52465045 37 99 235
0.30657688 -0.11617474 0.003888357 37 99 235
-0.36914414 -0.18239331 0.18248382 37 99 235
0.35858268 -0.16518465 0.30781904 37 99 235
-0.03640807 0.030087054 -0.40438294 37 99 235
0.4119603 -0.10924155 0.12630181 37 99 235
0.0041042734 0.093514144 0.51174974 37 99 235
-0.27580833 -0.11208928 -0.044439048 37 99 235
0.021735409 -0.10736766 -0.62499779 37 99 235
-0.023955315 0.13689055 -0.53115821 37 99 235
0.085872099 0.024299286 0.26475304 37 99 235
-0.3070547 -0.13989407 -0.075783305 37 99 235
-0.053686749 -0.11500687 -0.092551611 37 99 235
-0.14254372 -0.11184996 0.022991823 37 99 235
-0.10415249 -0.120463 0.36947504 37 99 235
-0.033464063 0.055287793 -0.49717838 37 99 235
-0.078852691 -0.1162931 0.012224659 37 99 235
0.19707984 -0.11991975 0.33836526 37 99 235
0.21757035 -0.14963008 -0.0093658278 37 99 235
0.070667639 -0.06519524 -0.41950154 37 99 235
-0.43824726 -0.10172397 0.39328009 37 99 235
-0.35094741 -0.11652812 0.31641814 37 99 235
0.23251511 -0.15316595 -0.20270841 37 99 235
-0.0018562049 0.096291922 0.74523199 37 99 235
-0.028065782 -0.19496399 0.18649288 37 99 235
-0.049491882 0.014088427 0.67670274 37 99 235
0.42610928 -0.11453869 0.22467558 37 99 235
0.36916283 -0.18062781 0.059961017 37 99 235
-0.30825424 -0.18563376 0.09168011 37 99 235
0.35289022 -0.11255999 0.085187733 37 99 235
0.057332803 -0.00077619968 -0.44756097 37 99 235
0.014747508 -0.097094178 0.51417482 37 99 235
-0.13803008 -0.080121331 -0.25454223 37 99 235
0.019033844 0.12467111 -0.37029853 37 99 235
-0.18120864 -0.13247108 -0.21051152 37 99 235
-0.42982733 0.038773324 0.26755586 37 99 235
0.014853919 0.13166139 -0.38646469 37 99 235
0.15802959 -0.037333008 0.72808748 37 99 235
-0.35913411 -0.17342763 0.31556433 37 99 235
0.050927036 -0.11228216 -0.31582287 37 99 235
-0.052770916 0.021031326 0.46926966 37 99 235
0.0094856024 -0.14465164 0.26527724 37 99 235
0.21856166 -0.14613104 -0.0045044911 37 99 235
-0.016843822 0.073289819 0.25243342 37 99 235
0.035990164 0.065244928 -0.15182108 37 99 235
-0.018971909 0.073225059 0.20834792 37 99 235
0.069453493 0.002262095 0.76331925 37 99 235
-0.038329743 -0.10791437 -0.42435181 37 99 235
-0.24195123 -0.13445215 -0.11597091 37 99 235
0.11684053 0.010660325 -0.074395694 37 99 235
0.077598073 -0.11725438 0.0912444 37 99 235
0.24709053 -0.15291007 -0.051877946 37 99 235
-0.11608689 -0.11615396 0.0016359622 37 99 235
0.0012155686 -0.14174519 -0.45709038 37 99 235
-0.00093073375 0.094284631 0.42051148 37 99 235
0.3382206 -0.15538505 -0.071091153 37 99 235
0.041521538 0.025340738 -0.51553875 37 99 235
-0.051972218 -0.025068752 -0.66348439 37 99 235
0.11156488 0.011886921 0.22027692 37 99 235
0.23204018 -0.13951306 -0.17927755 37 99 235
0.0032190885 -0.14978144 -0.15828824 37 99 235
-0.26101232 -0.16196987 -0.14945863 37 99 235
-0.42901114 0.024840875 0.27373254 37 99 235
0.032095533 0.039726611 -0.51872045 37 99 235
0.037604187 0.026226671 -0.44962668 37 99 235
-0.17045523 -0.10614984 -0.14806481 37 99 235
0.35695624 -0.10395065 0.13304651 37 99 235
-0.20306627 -0.10193515 0.19351541 37 99 235
0.015791068 0.072936535 0.34696478 37 99 235
0.0025553689 -0.005318875 -0.29450956 37 99 235
0.0029347211 -0.15255247 -0.48230994 37 99 235
-0.3102234 -0.1663398 0.033072896 37 99 235
0.13470864 -0.020346973 0.31953636 37 99 235
-0.13660045 -0.039207499 -0.20008464 37 99 235
-0.21218617 -0.13358316 0.036550451 37 99 235
-0.022973936 0.13409904 -0.33124316 37 99 235
0.28814158 -0.18126561 0.16097318 37 99 235
-0.066564657 0.026526306 0.36567286 37 99 235
0.010634883 0.022665633 0.62457865 37 99 235
0.13579001 -0.086426623 -0.14049105 37 99 235
-0.13228883 -0.024275463 0.70641208 37 99 235
-0.19587627 -0.096984178 0.063729666 37 99 235
0.0067818617 0.074855775 0.22551173 37 99 235
0.30605862 -0.1801876 0.069416024 37 99 235
0.026723066 -0.1964079 -0.06409511 37 99 235
-0.1331373 -0.016994046 0.23851708 37 99 235
-0.27345324 -0.11458485 0.14170203 37 99 235
-0.039474308 0.055456713 0.4391675 37 99 235
0.43902874 -0.10250096 0.11395829 37 99 235
-0.17276233 -0.11712031 0.081116043 37 99 235
0.024936922 -0.10395349 -0.60643822 37 99 235
-0.27598387 -0.23749787 0.13615498 37 99 235
-0.02336969 -0.14686348 -0.57433122 37 99 235
0.10683805 -0.056391254 0.48063451 37 99 235
0.43247518 -0.014796001 0.34773865 37 99 235
0.13579001 -0.029716041 0.18742944 37 99 235
-0.0047823973 0.0089852978 -0.21765871 37 99 235
0.0011112867 0.10721333 0.63553488 37 99 235
-0.34986034 -0.10810985 0.22705226 37 99 235
0.043931868 -0.097390272 -0.55323052 37 99 235
-0.011137595 0.16647318 -0.33614862 37 99 235
0.12458525 -0.11688168 0.060695343 37 99 235
-0.13249272 -0.038129359 -0.32863557 37 99 235
-0.0033507519 0.080797084 -0.22346438 37 99 235
0.063271709 -0.0025595296 0.45316091 37 99 235
-0.3509188 -0.20505257 -0.068249583 37 99 235
-0.2294344 -0.10174327 0.19600371 37 99 235
0.068314992 -0.044352137 -0.43406233 37 99 235
-0.14951442 -0.11499818 -0.092938721 37 99 235
-0.095838919 0.021036288 0.26443976 37 99 235
-0.43361589 -0.089304365 0.31799778 37 99 235
-0.21462502 -0.11163045 0.12319997 37 99 235
-0.097801909 -0.092986912 0.46752355 37 99 235
0.061877385 0.04040603 -0.13368447 37 99 235
0.1316217 -0.012439244 -0.16666728 37 99 235
0.24477121 -0.10356606 0.20524041 37 99 235
-0.0084373374 0.054583598 0.7430889 37 99 235
-0.14064872 -0.094850704 -0.22056009 37 99 235
-0.069094352 0.040227167 -0.26784295 37 99 235
-0.0089651318 0.11637993 0.66884905 37 99 235
-0.076212503 -0.11289125 0.45887995 37 99 235
0.031713612 0.06373249 0.41200587 37 99 235
0.018578125 0.035738405 0.70203137 37 99 235
-0.020668125 0.030473093 -0.58476406 37 99 235
0.019288784 -0.20962629 -0.54044819 37 99 235
-0.13576999 -0.045344412 0.070331529 37 99 235
-0.26456091 -0.12019119 0.33175829 37 99 235
0.0066772103 -0.065906443 0.51389182 37 99 235
-0.32917601 -0.14643547 0.25440609 37 99 235
0.33794799 -0.15197703 0.2691485 37 99 235
0.16713233 -0.040732797 0.76091236 37 99 235
-0.13162349 -0.11987954 0.12474655 37 99 235
0.15700768 -0.11152077 -0.20270196 37 99 235
-0.048497245 0.034359511 -0.41939241 37 99 235
0.016533094 -0.18518192 -0.18030843 37 99 235
-0.13626119 -0.078542568 -0.18804531 37 99 235
-0.25318053 -0.11318017 0.24467716 37 99 235
-0.034251511 0.047258526 -0.50033092 37 99 235
0.024507273 -0.0013621416 -0.46867779 37 99 235
-0.14088103 -0.092803419 0.19948779 37 99 235
-0.31082144 -0.11068505 0.023722317 37 99 235
0.03327835 -0.19590892 -0.027577423 37 99 235
-0.23465653 -0.12943648 -0.087330662 37 99 235
0.060533077 -0.11301415 -0.25630274 37 99 235
0.0018097663 -0.11900485 0.23503231 37 99 235
-0.39947879 -0.11236057 0.22103319 37 99 235
-0.012380521 -0.21067087 -0.57803893 37 99 235
0.11052264 -0.085838832 0.48563761 37 99 235
0.020192958 0.02876113 0.73444265 37 99 235
-0.052766688 -0.021415384 -0.62810951 37 99 235
0.083742432 0.029668637 -0.11667988 37 99 235
0.042351063 -0.12111986 0.37071007 37 99 235
0.34027198 -0.18341021 0.40569934 37 99 235
0.013421277 0.073761135 0.22100426 37 99 235
0.087052166 -0.11612845 -0.00054553885 37 99 235
0.0081292503 -0.18277515 0.32273194 37 99 235
-0.036774065 0.0089615788 -0.36937091 37 99 235
0.10121141 -0.01433245 0.80144936 37 99 235
0.13579001 -0.043634992 0.29945588 37 99 235
0.28290007 -0.13839193 0.14441086 37 99 235
0.026619719 0.073789261 -0.27539364 37 99 235
0.43657324 -0.096373647 0.14935918 37 99 235
0.3493425 -0.21143614 0.21076581 37 99 235
-0.30076703 -0.10179923 0.134766 37 99 235
-0.041581582 -0.11620922 0.0060235481 37 99 235
-0.033421393 0.065006651 -0.0085774763 37 99 235
0.016976483 0.065241724 0.56940842 37 99 235
0.011105845 0.011540918 0.76945204 37 99 235
-0.068179667 -0.0088333255 -0.41491356 37 99 235
0.27307814 -0.20354465 0.094392657 37 99 235
-0.4338358 -0.059725925 0.35264644 37 99 235
-0.026756013 -0.14137648 0.54336011 37 99 235
0.31223252 -0.20449528 0.15636592 37 99 235
-0.12005527 0.0047361976 0.16380505 37 99 235
0.020132657 0.071440749 0.29329467 37 99 235
0.0048540905 -0.032175295 -0.50183076 37 99 235
0.11776393 -0.030784313 0.40411177 37 99 235
-0.0085969027 0.044546098 -0.25551495 37 99 235
-0.29508927 -0.15023896 0.1030673 37 99 235
-0.00012663446 -0.18141802 0.32260278 37 99 235
-0.30794302 -0.11519666 0.32365945 37 99 235
0.33250457 -0.11541281 0.088904895 37 99 235
0.039369449 0.060420942 0.049342025 37 99 235
-0.0042413124 -0.20525537 -0.10140855 37 99 235
-0.04443619 0.052282553 0.34560251 37 99 235
0.12035789 -0.048300516 0.42630625 37 99 235
0.12234914 -0.0014682784 0.3089335 37 99 235
-0.051626347 -0.12187912 0.40380055 37 99 235
0.0013371049 -0.1426747 0.24304822 37 99 235
0.014285532 -0.1132646 -0.23490798 37 99 235
0.016076718 -0.13048378 -0.58016759 37 99 235
0.061349094 -0.045297503 0.47561371 37 99 235
-0.2676273 -0.10961474 0.12250309 37 99 235
-0.12496313 -0.0131337 -0.38347322 37 99 235
-0.12747 -0.042548798 -0.3696374 37 99 235
-0.34739995 -0.15665077 0.27537274 37 99 235
-0.069936462 -0.023034442 -0.39341912 37 99 235
-0.42740831 -0.11314665 0.20981079 37 99 235
0.00067817245 0.070449084 0.45712054 37 99 235
-0.22649761 -0.098161392 0.065795295 37 99 235
0.060672548 -0.0053685014 -0.50116926 37 99 235
0.088031515 0.031741504 -0.36081085 37 99 235
0.060050387 -0.094456606 -0.41382596 37 99 235
0.21223311 -0.1084192 0.23640198 37 99 235
-0.03880433 0.038432524 -0.36780038 37 99 235
0.03467904 -0.18398966 -0.079378262 37 99 235
0.02714815 0.067079477 0.18886933 37 99 235
-0.32644743 -0.15763794 -0.074142888 37 99 235
0.049807522 -0.025540618 -0.6608144 37 99 235
0.030029712 -0.17088866 -0.48719701 37 99 235
-0.13853021 -0.08627522 0.074426241 37 99 235
-0.16486098 -0.11422601 0.27268732 37 99 235
-0.3388418 -0.13368131 0.23160248 37 99 235
-0.02061411 -0.014021908 -0.41464013 37 99 235
-0.30844182 -0.11308248 0.016954117 37 99 235
0.31882027 -0.11721178 0.050581262 37 99 235
-0.028549675 0.090164579 -0.51464307 37 99 235
-0.028357647 -0.1521022 -0.57695442 37 99 235
-0.19400932 -0.10081612 0.12172183 37 99 235
0.32222033 -0.15747429 0.24235396 37 99 235
0.020997139 -0.22953105 -0.55186081 37 99 235
0.046712909 -0.11757843 0.11835703 37 99 235
-0.026961097 -0.040016584 -0.4715063 37 99 235
0.055989444 -0.12225319 0.465453 37 99 235
0.13274316 -0.049439177 0.35359094 37 99 235
0.10581253 -0.014839011 0.73548418 37 99 235
-0.2259482 -0.10222699 0.20029148 37 99 235
0.13908911 -0.10281784 -0.087584287 37 99 235
0.018105937 0.069379516 -0.26111868 37 99 235
0.12983336 -0.0048758597 0.038383082 37 99 235
0.024569603 -0.15164049 0.24250108 37 99 235
-0.080000117 -0.11671194 0.047203109 37 99 235
0.056407828 -0.011131606 0.4884212 37 99 235
-0.32949173 -0.20869353 0.33052039 37 99 235
0.17217681 -0.11024273 -0.16118346 37 99 235
-0.14014512 -0.09056177 0.051721573 37 99 235
-0.023141075 0.090194799 -0.30658069 37 99 235
-0.13831888 -0.053753801 -0.26485595 37 99 235
0.30588236 -0.17397766 0.20017447 37 99 235
0.34399518 -0.21530081 0.12986416 37 99 235
-0.020027153 0.12933812 -0.32709658 37 99 235
-0.11064714 0.013468355 0.28499871 37 99 235
0.040512651 -0.091990843 -0.7419771 37 99 235
-0.14384586 -0.10326277 -0.21959953 37 99 235
-0.092805378 0.02288221 0.21945679 37 99 235
0.25152826 -0.10434593 0.22212587 37 99 235
-0.33990127 -0.16164894 -0.099082612 37 99 235
0.13579001 -0.051055457 0.018373553 37 99 235
0.17649713 -0.095857516 0.030951038 37 99 235
-0.055679228 -0.011396764 0.52600348 37 99 235
-0.070098266 -0.057172004 -0.4298099 37 99 235
0.04455604 -0.11921895 0.25213966 37 99 235
-0.21962056 -0.1060231 -0.056284733 37 99 235
0.11126228 -0.10141876 0.44333225 37 99 235
0.3204039 -0.16291437 -0.076484822 37 99 235
0.0095806578 0.08636982 0.59277111 37 99 235
-0.29912204 -0.11771234 0.25853011 37 99 235
-0.015526444 0.10465682 -0.54609495 37 99 235
0.38567686 -0.10730228 0.26309177 37 99 235
-0.32681167 -0.154448 0.13375308 37 99 235
0.10078067 -0.063687764 0.51365358 37 99 235
-0.27016693 -0.11799575 0.15254612 37 99 235
0.35523057 -0.10914516 0.22939034 37 99 235
0.26948541 -0.20847668 0.13177104 37 99 235
0.23764621 -0.098666199 -0.011183614 37 99 235
0.0057849376 -0.11942988 0.26992261 37 99 235
-0.17115025 -0.11715782 0.08416225 37 99 235
0.030249028 0.11472678 -0.33976445 37 99 235
-0.11338229 0.010059789 0.24045618 37 99 235
0.031544004 -0.026496718 -0.47323895 37 99 235
-0.002724627 0.14312144 0.65088719 37 99 235
0.24723735 -0.11827739 0.049125705 37 99 235
-0.3076812 -0.16867959 0.015821394 37 99 235
-0.43418106 -0.1002776 0.34527609 37 99 235
0.080540463 0.019087564 -0.37861988 37 99 235
0.013970191 -0.15653321 -0.46555662 37 99 235
0.024638975 -0.013301281 -0.33906034 37 99 235
-0.069418758 0.032712523 0.19648859 37 99 235
0.015637882 -0.16327298 -0.48340783 37 99 235
0.0583096 0.047430962 -0.29691422 37 99 235
0.18153854 -0.10277973 0.046698835 37 99 235
-0.12653993 -0.048054192 -0.37537894 37 99 235
-0.09394379 0.022593446 0.21683604 37 99 235
-0.029078331 0.016872052 0.66617739 37 99 235
-0.068860024 -0.019755073 0.46391904 37 99 235
0.0099852048 0.098675594 0.67413437 37 99 235
0.36124262 -0.20296724 0.11502186 37 99 235
0.032434225 -0.1685788 -0.45623896 37 99 235
-0.28837222 -0.21582796 0.11584403 37 99 235
-0.10327749 -0.095587701 0.5072484 37 99 235
0.34535435 -0.11994049 0.034816861 37 99 235
0.35342231 -0.15664417 0.15211968 37 99 235
0.28232217 -0.21154998 0.13115336 37 99 235
0.13579001 -0.028021414 0.16019431 37 99 235
-0.2969436 -0.1643194 -0.1783289 37 99 235
-0.43025675 -0.0026070799 0.38577333 37 99 235
-0.31421483 -0.20544757 0.083880097 37 99 235
0.1954201 -0.15244821 -0.069297194 37 99 235
-0.18382451 -0.12818581 -0.19693619 37 99 235
0.050441444 -0.12051419 0.34378523 37 99 235
-0.034578279 -0.19203138 -0.016463203 37 99 235
0.11150052 0.011395398 0.24944974 37 99 235
-0.036218017 -0.15372372 0.019867426 37 99 235
-0.14873694 -0.11916418 0.24768545 37 99 235
0.11879186 -0.019038092 0.77462381 37 99 235
-0.0024315605 -0.23828305 -0.55926096 37 99 235
0.025378268 -0.19798015 -0.08429002 37 99 235
0.03873729 -0.19322149 0.053108018 37 99 235
-0.0021157619 -0.14188257 0.2231783 37 99 235
-0.36670521 -0.19535461 0.058361646 37 99 235
-0.036416274 0.0071274485 -0.39034083 37 99 235
-0.017730463 0.07426887 0.14158796 37 99 235
-0.34981185 -0.17835061 0.37611666 37 99 235
0.13589816 -0.030295808 -0.17314726 37 99 235
-0.097182848 0.022624979 -0.0043724766 37 99 235
-0.43691391 -0.06825725 0.34115463 37 99 235
-0.32590955 -0.15759595 0.28925371 37 99 235
-0.35983819 -0.20659341 0.035827059 37 99 235
-0.0023484481 0.057959758 0.81523269 37 99 235
0.0677341 0.036672127 -0.37079367 37 99 235
-0.27244627 -0.1600761 0.11746399 37 99 235
0.0033772055 -0.1207201 0.35381669 37 99 235
0.13579001 -0.10266823 -0.14421381 37 99 235
0.12469613 -0.058475845 -0.392156 37 99 235
-0.05792442 -0.0044451314 -0.54269367 37 99 235
-0.13130569 -0.1121617 -0.0056808046 37 99 235
0.01481222 -0.11020844 -0.62066936 37 99 235
0.36022025 -0.19791143 -0.030865079 37 99 235
-0.10374556 -0.055393454 -0.42272502 37 99 235
0.43036529 -0.016173439 0.32014605 37 99 235
-0.13144401 -0.013717094 -0.0093575213 37 99 235
-0.0095706116 0.072581083 0.70863879 37 99 235
0.13579001 -0.039366398 -0.154452 37 99 235
0.23066777 -0.13030592 0.023364607 37 99 235
0.3255991 -0.21251294 0.13544552 37 99 235
0.11708488 -0.11332972 -0.23000389 37 99 235
-0.36106935 -0.14189526 0.20939529 37 99 235
-0.32861513 -0.15150946 0.11586499 37 99 235
-0.29314244 -0.15547308 0.10227297 37 99 235
0.0001137957 -0.01433964 -0.38902631 37 99 235
-0.013693586 0.00070833293 -0.31671461 37 99 235
-0.018149283 -0.23436175 -0.56189013 37 99 235
0.067312993 -0.11308789 -0.24999702 37 99 235
-0.33859566 -0.21533145 0.20792681 37 99 235
0.073858209 -0.016000673 -0.37472188 37 99 235
-0.10351856 0.018312132 -0.41553134 37 99 235
0.0012251106 -0.11741 0.10419329 37 99 235
0.11864479 0.0085610189 0.019474586 37 99 235
0.3603279 -0.20708366 0.090261117 37 99 235
-0.086118072 0.029415814 -0.15968274 37 99 235
0.037485588 -0.13976726 -0.53861099 37 99 235
0.0022813394 0.1801514 0.62762582 37 99 235
-0.048952669 -0.11650518 0.029920261 37 99 235
0.11803795 -0.10228022 -0.39611742 37 99 235
0.1290624 -0.0030390401 -0.037004676 37 99 235
-0.29388341 -0.17776968 0.11513451 37 99 235
0.35644168 -0.15708166 0.21873926 37 99 235
0.434681 -0.10802551 0.14923352 37 99 235
-0.042671911 -0.079255641 -0.76659542 37 99 235
0.31642205 -0.16093665 0.20621227 37 99 235
-0.13775982 -0.074893959 -0.2443365 37 99 235
0.23418415 -0.14756571 -0.13441519 37 99 235
-0.4347347 -0.0278093 0.18781127 37 99 235
-0.11683865 0.01575854 -0.32923669 37 99 235
0.039842404 0.028667193 -0.46038553 37 99 235
-0.050683655 -0.12272822 0.44051093 37 99 235
0.33508363 -0.19837426 -0.10387856 37 99 235
0.00072896655 0.12068357 0.48773584 37 99 235
-0.34418854 -0.21594796 0.19460481 37 99 235
-0.23609293 -0.1528696 -0.060841367 37 99 235
0.024825227 0.072073996 0.024863087 37 99 235
-0.36686286 -0.18774454 -0.0050153439 37 99 235
0.33418038 -0.11860619 0.34841383 37 99 235
-0.057952244 -0.061400637 -0.58679527 37 99 235
-0.055262227 -0.10293765 -0.44203624 37 99 235
0.015241592 0.076055758 0.11080532 37 99 235
0.0089053968 -0.19837479 -0.16616194 37 99 235
0.13640215 -0.078310251 0.086421803 37 99 235
0.047459465 0.054636851 -0.12790219 37 99 235
-0.18254492 -0.11560799 0.16799736 37 99 235
-0.20210619 -0.10405723 0.12465676 37 99 235
0.0023264934 0.12898979 0.79559934 37 99 235
-0.016709678 0.013718745 0.72447163 37 99 235
-0.33274409 -0.1515847 0.13050464 37 99 235
-0.43514594 -0.095342048 0.2357505 37 99 235
-0.15414807 -0.11676785 0.051757097 37 99 235
-0.037359063 0.06077997 0.30319142 37 99 235
-0.29391304 -0.10132632 0.11746445 37 99 235
-0.33105266 -0.21051006 0.027544793 37 99 235
-0.29211208 -0.13685207 -0.089391492 37 99 235
0.013480823 -0.095523663 0.50665712 37 99 235
0.0035450922 -0.20839661 -0.073502906 37 99 235
0.32856423 -0.1537957 -0.058505159 37 99 235
-0.43131819 -0.037418008 0.36892012 37 99 235
-0.16004388 -0.11547405 0.13459042 37 99 235
-0.30582038 -0.18105647 0.10050987 37 99 235
-0.22465853 -0.10180191 0.19658282 37 99 235
0.12295792 -0.090803199 -0.39047989 37 99 235
0.29344368 -0.10689366 0.10385669 37 99 235
0.22287591 -0.13965242 0.023154831 37 99 235
0.018728578 -0.2025746 0.19579992 37 99 235
-0.14554714 -0.095270447 -0.14531894 37 99 235
0.4362663 -0.057432622 0.3890698 37 99 235
0.19444104 -0.096048631 -0.0085093174 37 99 235
-0.12496159 -0.055557154 0.41176304 37 99 235
-0.22736059 -0.11344904 0.29343107 37 99 235
0.014511036 -0.11695386 0.066778839 37 99 235
-0.063918971 -0.0047045345 0.44898859 37 99 235
-0.31507784 -0.10670377 0.1424782 37 99 235
-0.058744438 0.040817745 0.037598699 37 99 235
0.015978631 -0.033894666 -0.49672931 37 99 235
-0.20832968 -0.1093079 0.13890773 37 99 235
0.29426828 -0.14267594 0.17179851 37 99 235
0.35182241 -0.20944363 0.21746425 37 99 235
0.13455281 -0.022727223 -0.075249277 37 99 235
0.13579001 -0.049249366 0.086183503 37 99 235
-0.086059116 -0.075543679 0.47716725 37 99 235
-0.0015139221 0.12002982 0.74350035 37 99 235
-0.026303299 -0.20483609 0.027175814 37 99 235
0.10685047 -0.019642524 0.40973979 37 99 235
-0.36368924 -0.20241675 0.24447405 37 99 235
-0.058415081 -0.11301 -0.25615138 37 99 235
-0.023914939 -0.1527088 0.16351411 37 99 235
-0.2408444 -0.10095488 0.016502758 37 99 235
0.010894761 -0.1584302 -0.19873427 37 99 235
-0.13521935 -0.01584057 -0.30204111 37 99 235
-0.01286121 -0.19056281 0.27400684 37 99 235
0.0062027401 0.10292419 0.74004632 37 99 235
-0.038100142 0.039988287 0.52552086 37 99 235
-0.044396054 0.057202313 -0.065309294 37 99 235
-0.13465071 -0.047078922 0.33172983 37 99 235
-0.23536783 -0.15021741 -0.12446636 37 99 235
0.012387624 0.14120969 -0.43289393 37 99 235
0.033515893 -0.10332401 -0.53538537 37 99 235
0.01544591 -0.11009879 -0.73799264 37 99 235
-0.43342233 -0.08663886 0.32135665 37 99 235
0.13690825 -0.039133012 -0.21121922 37 99 235
0.022919808 -0.1097727 -0.50707048 37 99 235
-0.36589393 -0.19338679 0.0047357162 37 99 235
0.30610147 -0.11688469 -0.038983133 37 99 235
-0.024401043 0.077248558 -0.30270597 37 99 235
0.27156675 -0.1955792 0.12343869 37 99 235
-0.23087694 -0.11870521 0.2105847 37 99 235
0.027585136 -0.016752101 0.59248739 37 99 235
0.070949428 -0.074498378 -0.38591412 37 99 235
0.056812268 0.040280044 0.18306947 37 99 235
0.12756884 -0.0012433836 -0.03979212 37 99 235
-0.37510669 -0.11891969 0.26617998 37 99 235
-0.028749665 -0.11498868 -0.093974121 37 99 235
-0.10079049 0.025235184 -0.2698299 37 99 235
-0.13464849 -0.03206563 0.15045416 37 99 235
-0.032591008 -0.18004751 0.23234256 37 99 235
-0.13576999 -0.065772951 -0.033009227 37 99 235
-0.083717458 0.029221762 -0.088769913 37 99 235
-0.16350341 -0.10992201 -0.043301832 37 99 235
0.057751272 0.038925208 0.31536689 37 99 235
0.039713334 0.057144348 0.24837561 37 99 235
-0.27042326 -0.10861947 0.22258468 37 99 235
-0.43319348 -0.11124771 0.21627636 37 99 235
-0.013683422 -0.041984212 -0.49258956 37 99 235
0.00066380017 0.11990099 0.67922771 37 99 235
-0.096479639 -0.011387157 0.76051688 37 99 235
0.015974309 0.067980811 -0.45647934 37 99 235
0.34074923 -0.13358916 0.23893984 37 99 235
0.012158453 0.072019041 0.59445775 37 99 235
0.15294655 -0.11295857 0.23564623 37 99 235
0.43040788 -0.097892031 0.18469886 37 99 235
-0.043640696 0.056202423 0.093675867 37 99 235
-0.033363488 0.04091607 0.56148344 37 99 235
-0.00051735283 0.13952428 0.83330017 37 99 235
0.13621558 -0.082464248 -0.18416241 37 99 235
0.13716546 -0.086479805 0.22177596 37 99 235
-0.0072279694 -0.14484659 0.099331401 37 99 235
-0.13510056 -0.067801818 -0.30625698 37 99 235
-0.28609994 -0.11935245 0.26333991 37 99 235
-0.4379223 -0.085253641 0.26463443 37 99 235
-0.033294272 -0.028146232 0.53107172 37 99 235
0.05657395 0.0156969 -0.50042719 37 99 235
-0.017327959 0.11745322 -0.38495168 37 99 235
0.034185849 0.048958264 0.52553952 37 99 235
-0.13711247 -0.1152794 -0.070221089 37 99 235
0.34740564 -0.21070929 -0.0093674548 37 99 235
-0.040356919 -0.16828832 0.030284435 37 99 235
0.11542869 -0.1131473 0.40526795 37 99 235
0.13579001 -0.030011337 0.22528186 37 99 235
0.3770732 -0.11890806 0.22723931 37 99 235
0.3640646 -0.11886333 0.10636046 37 99 235
0.38054392 -0.11870253 0.36607426 37 99 235
0.10242502 -0.106117 -0.36898842 37 99 235
-0.26950094 -0.20805223 0.11246158 37 99 235
0.007939388 0.048913121 -0.25282106 37 99 235
-0.14712068 -0.098164089 0.19422844 37 99 235
-0.22681794 -0.10452047 0.14516528 37 99 235
-0.09789554 0.024911325 -0.080317847 37 99 235
-0.066323392 -0.12153863 0.47496152 37 99 235
0.056545373 0.0026937141 -0.52753967 37 99 235
-0.0495423 -0.11332101 -0.23046128 37 99 235
-0.13576999 -0.063766234 -0.075338252 37 99 235
-0.31079423 -0.20031868 0.072636366 37 99 235
-0.10747214 -0.10782894 -0.40029752 37 99 235
-0.024803963 0.0048079118 -0.63642597 37 99 235
-0.13750972 -0.10308262 0.014820049 37 99 235
-0.039284158 -0.1167569 0.05097371 37 99 235
-0.29800257 -0.13256277 -0.072243743 37 99 235
0.08199022 0.0072758524 0.37573874 37 99 235
-0.002425004 -0.21120201 -0.051676799 37 99 235
-0.11673142 -0.068066306 0.45766982 37 99 235
-0.21992041 -0.11700334 0.070806265 37 99 235
0.35324541 -0.1887468 -0.1040145 37 99 235
-0.039544374 -0.042961102 -0.77686477 37 99 235
0.14955646 -0.093846805 0.045595806 37 99 235
0.034012198 -0.11833783 0.18003909 37 99 235
-0.033793952 -0.11447138 -0.13661425 37 99 235
-0.018584797 -0.15834442 -0.56120872 37 99 235
-0.024590943 0.067475252 0.38665068 37 99 235
0.018417006 0.029637119 -0.44980425 37 99 235
0.049895212 -0.065963127 0.47792652 37 99 235
0.03634635 0.028436825 -0.41080606 37 99 235
0.026700286 -0.010639559 -0.38296369 37 99 235
-0.10850109 0.021415267 -0.36485472 37 99 235
-0.13576999 -0.06134196 -0.10018232 37 99 235
0.030266916 0.083268821 -0.33611462 37 99 235
0.17643248 -0.11322463 0.019825827 37 99 235
-0.23449324 -0.098807536 0.093959972 37 99 235
0.049202345 0.044348557 0.39704162 37 99 235
0.1431592 -0.10800518 0.037265014 37 99 235
0.0062630228 0.043875497 0.76586407 37 99 235
-0.42232484 -0.11544859 0.32101652 37 99 235
-0.08038725 -0.0048250612 0.77168876 37 99 235
0.019534819 -0.21074647 -0.57478917 37 99 235
0.027634429 -0.016884573 -0.30062482 37 99 235
-0.046441663 -0.040574666 -0.75099593 37 99 235
-0.039514996 -0.12291272 0.46178454 37 99 235
-0.285014 -0.18762136 0.13016255 37 99 235
0.13690884 -0.090507001 -0.11578307 37 99 235
0.0203929 0.059331279 0.57160711 37 99 235
0.14084603 -0.10437071 0.090119667 37 99 235
0.020603852 0.071913108 0.1580722 37 99 235
0.048612177 -0.084601797 -0.6457597 37 99 235
-0.010062714 0.062423851 0.70243049 37 99 235
0.34156039 -0.20545447 0.35753602 37 99 235
0.039597083 0.018411275 0.58026999 37 99 235
0.41544989 -0.11980285 0.30069062 37 99 235
-0.43138161 0.019254083 0.23859629 37 99 235
0.29373625 -0.1028548 0.038417067 37 99 235
0.29429001 -0.14037858 0.1418317 37 99 235
-0.075134516 0.025985055 0.33028141 37 99 235
0.11462754 0.0031964183 0.34309223 37 99 235
0.0041368343 0.095001064 0.51452488 37 99 235
-0.086207472 -0.11221562 -0.32102963 37 99 235
0.053328834 -0.11866519 0.20656714 37 99 235
0.13605689 -0.050859783 -0.17904891 37 99 235
0.011100853 0.0026714443 -0.6875037 37 99 235
0.016699923 0.072580181 0.5389334 37 99 235
-0.0057535614 -0.20558086 -0.090323873 37 99 235
0.12975104 -0.0087076882 0.127683 37 99 235
0.36451444 -0.19414578 0.1051003 37 99 235
0.05174027 -0.11866194 0.20624854 37 99 235
-0.2748338 -0.11012332 0.27440068 37 99 235
-0.36425534 -0.19111894 -0.026940398 37 99 235
0.028939232 0.075255148 -0.41821885 37 99 235
0.041988358 -0.11898815 0.23279746 37 99 235
-0.11560341 0.0080979737 0.23977605 37 99 235
0.0048069609 -0.015686793 -0.77814025 37 99 235
-0.014468097 0.083511665 -0.28641772 37 99 235
-0.068086393 0.032625087 0.24396521 37 99 235
-0.0017678817 0.18832652 0.70582247 37 99 235
0.075996064 0.023698471 -0.42701796 37 99 235
0.052612416 -0.099090792 -0.41713113 37 99 235
0.33481511 -0.17295307 0.41580856 37 99 235
0.068608724 0.032013796 0.17685427 37 99 235
0.0099025425 0.07265953 -0.45439708 37 99 235
0.13540076 -0.021438664 0.040900059 37 99 235
-0.05924562 -0.07605774 -0.52015871 37 99 235
-0.013362117 -0.20386605 -0.56286836 37 99 235
0.39422953 -0.1212788 0.23004034 37 99 235
0.37651563 -0.16213009 0.22689794 37 99 235
-0.0051119998 0.13250692 0.70994353 37 99 235
-0.050440583 -0.12220544 0.41790217 37 99 235
0.32087934 -0.21024324 0.23539007 37 99 235
-0.034026626 -0.010020974 -0.39234871 37 99 235
-0.35797185 -0.1153405 0.23770148 37 99 235
-0.0017981919 0.069900922 0.45626074 37 99 235
-0.035139844 -0.086588413 -0.77792674 37 99 235
0.039653461 -0.092163265 0.48120236 37 99 235
-0.11628034 0.011285644 0.023007607 37 99 235
-0.0005197085 -0.05165641 0.56369334 37 99 235
0.0074375314 0.08681792 0.73980439 37 99 235
-0.10957642 -0.11182392 -0.3532117 37 99 235
0.3544192 -0.15572615 0.071413167 37 99 235
-0.42901623 -0.019568803 0.36096182 37 99 235
-0.034988057 0.013396019 -0.35029417 37 99 235
0.12868372 -0.0065037427 -0.1600199 37 99 235
0.01994109 0.020376571 -0.59973305 37 99 235
0.28209275 -0.20683299 0.082650982 37 99 235
0.43010789 0.040617235 0.34859756 37 99 235
0.031954937 -0.12069618 0.35276335 37 99 235
-0.12704459 -0.11504831 0.08568421 37 99 235
-0.0065142033 -0.16961372 -0.58501518 37 99 235
-0.0028319468 0.14158855 0.74853289 37 99 235
0.1803109 -0.10820062 0.067166239 37 99 235
0.017808616 0.069738843 0.38971263 37 99 235
-0.058268834 0.0080874842 0.45547596 37 99 235
0.34799221 -0.17818652 -0.13432367 37 99 235
-0.25276807 -0.11890233 0.22637765 37 99 235
-0.020297311 0.062881827 0.56594747 37 99 235
-0.20606847 -0.098164231 0.12890293 37 99 235
0.42859584 0.068167008 0.33119783 37 99 235
-0.015923344 0.10480277 -0.45300487 37 99 235
0.025309894 -0.12144873 0.48816034 37 99 235
0.29348451 -0.15803689 0.14976843 37 99 235
0.11873344 -0.021545941 0.81815642 37 99 235
0.090317674 0.028795607 -0.22374359 37 99 235
-0.43501747 -0.057753488 0.22109075 37 99 235
-0.066414207 -0.057159763 0.47755086 37 99 235
-0.01798212 -0.13159057 0.53177106 37 99 235
0.037180159 -0.14809079 -0.5250181 37 99 235
-0.014747485 0.089433908 -0.54453081 37 99 235
-0.13406152 -0.033161212 0.025017804 37 99 235
0.0040809056 0.076227836 0.33103123 37 99 235
0.0017774692 -0.018453384 -0.45850685 37 99 235
-0.032227412 -0.191842 -0.074382283 37 99 235
-0.11194453 -0.11648108 0.14419907 37 99 235
-0.033407461 -0.18972254 0.13103683 37 99 235
0.0056946902 0.13351339 -0.46276358 37 99 235
-0.10320621 0.024364239 -0.32994407 37 99 235
0.09225782 0.022993445 0.22409397 37 99 235
-0.35486698 -0.20962465 0.13580135 37 99 235
-0.11389689 -0.019859916 0.80661821 37 99 235
0.27934662 -0.11517037 0.23467198 37 99 235
0.28549197 -0.21669991 0.078236349 37 99 235
-0.048828989 0.027878035 -0.44117388 37 99 235
0.076817863 -0.078192897 -0.37751448 37 99 235
0.16803101 -0.09487737 -0.023281228 37 99 235
0.12559889 -0.053500686 0.4041788 37 99 235
-0.10153522 0.022219658 -0.040408865 37 99 235
-0.10278914 0.0170654 0.27910268 37 99 235
-0.20705797 -0.10519045 0.22069776 37 99 235
-0.0054918784 -0.1226896 0.43894899 37 99 235
0.037251979 -0.10841693 -0.56088012 37 99 235
-0.017862845 -0.19650541 -0.57741678 37 99 235
0.035796758 -0.16946557 -0.048848167 37 99 235
-0.007325694 0.017361714 0.75992715 37 99 235
-0.17908433 -0.10173874 0.10956002 37 99 235
-0.31161597 -0.19738612 0.29248258 37 99 235
0.021047587 -0.048288703 0.50821841 37 99 235
-0.20209636 -0.097895831 0.11927287 37 99 235
-0.0057748253 -0.1100162 -0.76154536 37 99 235
-0.094917431 -0.11377586 -0.19300947 37 99 235
0.037439641 -0.11712472 0.080962248 37 99 235
-0.025049834 -0.16842422 0.27663031 37 99 235
-0.35827193 -0.15549654 0.033811498 37 99 235
0.083755009 -0.11522777 -0.074302293 37 99 235
0.19558915 -0.11741472 0.050922971 37 99 235
0.1509134 -0.10892279 0.21908329 37 99 235
-0.13292146 -0.060748763 0.35194027 37 99 235
0.29624969 -0.10148114 0.12271013 37 99 235
0.27360728 -0.11741743 0.091628507 37 99 235
-0.03435678 -0.018988809 -0.7374596 37 99 235
0.099565633 0.020890214 0.044208448 37 99 235
-0.32044587 -0.20150627 -0.042414829 37 99 235
0.13666773 -0.046189502 -0.20221344 37 99 235
-0.011998646 0.074850433 0.31910408 37 99 235
-0.14339487 -0.086613968 -0.058814518 37 99 235
-0.00040426035 -0.11166192 -0.36580092 37 99 235
0.11007374 -0.016850514 0.71845949 37 99 235
-0.20332722 -0.1114485 -0.089037001 37 99 235
0.070432812 0.016053591 0.3760961 37 99 235
0.01816847 -0.11011312 -0.48643112 37 99 235
0.042199198 -0.11851805 0.19447002 37 99 235
0.25948361 -0.126755 0.010787098 37 99 235
0.095384434 -0.11495642 -0.096780241 37 99 235
0.0081509538 -0.14503048 -0.040570889 37 99 235
0.013828441 -0.14072597 0.30258533 37 99 235
-0.34916523 -0.10571411 0.22514096 37 99 235
0.33495769 -0.13465773 0.18340687 37 99 235
0.13469388 -0.012629188 -0.23700526 37 99 235
-0.017579613 0.09072835 -0.53721863 37 99 235
-0.05193647 -0.023744073 -0.65675741 37 99 235
-0.43102798 -0.086086579 0.30473262 37 99 235
-0.0085872449 0.075203858 0.24403857 37 99 235
-0.060905211 -0.043151356 -0.5346725 37 99 235
-0.018604532 -0.14831285 0.23848709 37 99 235
-0.32739323 -0.15125123 0.043249566 37 99 235
0.13304029 -0.0042931335 -0.24869724 37 99 235
-0.051039275 0.0089740762 0.78754991 37 99 235
0.13565631 -0.025520112 -0.07175453 37 99 235
0.33930525 -0.10535306 0.23682658 37 99 235
-0.072829962 0.0074329232 0.64455903 37 99 235
-0.36352557 -0.197946 0.26126859 37 99 235
-0.057812046 -0.061219353 -0.57518059 37 99 235
-0.045207452 -0.0903382 -0.62100756 37 99 235
0.30944586 -0.19708811 0.091782659 37 99 235
-0.079715937 -0.11537771 -0.061807387 37 99 235
0.3762655 -0.11171819 0.25740314 37 99 235
0.28815749 -0.14405048 0.098366156 37 99 235
-0.34671354 -0.20366602 -0.079061247 37 99 235
-0.20324875 -0.11907837 0.24328023 37 99 235
-0.33683592 -0.13122122 -0.0133622 37 99 235
-0.33377239 -0.21804701 0.26716006 37 99 235
-0.028740978 0.0016369432 0.67465109 37 99 235
0.24050596 -0.098837905 0.078015558 37 99 235
-0.070769966 -0.11941922 0.2688387 37 99 235
0.21616602 -0.11708827 0.077593051 37 99 235
-0.018200316 -0.020712789 -0.77509367 37 99 235
-0.023925148 -0.10808983 -0.40306458 37 99 235
0.017228018 0.072421528 -0.45654038 37 99 235
0.14414817 -0.088279516 0.058446258 37 99 235
-0.069944441 -0.11955262 0.48242223 37 99 235
0.0023523252 0.069314137 -0.55373096 37 99 235
0.42872608 0.063864037 0.35292688 37 99 235
0.027516438 0.16784278 -0.37113738 37 99 235
-0.36845517 -0.16920705 0.080466539 37 99 235
-0.079514734 0.030086059 0.096405528 37 99 235
-0.06326285 0.043122869 -0.262407 37 99 235
0.022387048 -0.054170258 0.4917998 37 99 235
-0.36298612 -0.10750454 0.15492094 37 99 235
-0.00035211415 0.13141891 0.84525442 37 99 235
-0.022994468 -0.19277675 -0.57092714 37 99 235
0.31262022 -0.16272582 -0.0082903616 37 99 235
0.026368881 -0.10180233 -0.74531341 37 99 235
0.12402733 -0.0010902056 0.29063305 37 99 235
0.26791859 -0.11140799 0.21927336 37 99 235
0.043222796 -0.11610457 -0.0030342978 37 99 235
0.094495445 -0.090150632 -0.36751327 37 99 235
0.035679255 -0.19487411 -0.0061898129 37 99 235
0.012295399 -0.12452915 0.45974812 37 99 235
-0.13368845 -0.017589202 0.24173766 37 99 235
0.016146582 -0.012419153 -0.54574299 37 99 235
-0.039478082 -0.088279113 -0.7546792 37 99 235
0.21744907 -0.11693905 -0.043731656 37 99 235
0.20766947 -0.14286467 -0.09660697 37 99 235
-0.032721311 0.049548753 -0.30223721 37 99 235
-0.024903582 0.074514091 -0.091494679 37 99 235
-0.32790834 -0.21437378 0.17054312 37 99 235
0.10865732 0.013414217 0.16320321 37 99 235
0.047218759 -0.11426556 -0.1531684 37 99 235
0.23946057 -0.098412462 0.045714084 37 99 235
-0.23240197 -0.12418652 -0.030091362 37 99 235
0.022742301 0.12583207 -0.36013281 37 99 235
0.091765732 -0.10529072 -0.36703306 37 99 235
-0.36429101 -0.20213816 0.16905369 37 99 235
-0.23752189 -0.14823024 -0.069009371 37 99 235
-0.36528608 -0.19772941 0.2326529 37 99 235
-0.15563443 -0.11115097 -0.019097114 37 99 235
0.36988685 -0.095555894 0.21739845 37 99 235
-0.062391929 -0.115822 -0.026256658 37 99 235
-0.039695606 -0.099669494 -0.51544809 37 99 235
-0.070850812 0.0024466314 -0.4024438 37 99 235
0.13579001 -0.033077054 -0.018266929 37 99 235
-0.066145711 0.0038698895 -0.36668524 37 99 235
0.15924756 -0.11293814 0.38517383 37 99 235
0.088386849 0.031130295 -0.31529966 37 99 235
-0.02964705 -0.020830741 -0.44740677 37 99 235
0.030412626 -0.1078089 -0.42400026 37 99 235
-0.3278164 -0.20780911 -0.023570059 37 99 235
0.11157855 -0.11353146 -0.21348757 37 99 235
-0.06425216 -0.11191624 -0.34591183 37 99 235
-0.36690122 -0.11289368 0.25229254 37 99 235
0.33926606 -0.20393345 -0.071241289 37 99 235
0.088935554 -0.12062501 0.34928137 37 99 235
-0.38006771 -0.11740635 0.10404922 37 99 235
-0.0683631 -0.11465577 -0.12128194 37 99 235
-0.32295865 -0.16315962 0.31797713 37 99 235
-0.044077851 0.056567866 0.026041441 37 99 235
0.36015484 -0.17183699 -0.065965258 37 99 235
0.015191964 0.093241476 -0.50883168 37 99 235
-0.14351793 -0.10702887 0.21869846 37 99 235
-0.2319205 -0.16123912 0.01407573 37 99 235
0.31845504 -0.12119084 0.049731277 37 99 235
0.14730956 -0.11704572 0.074730329 37 99 235
-0.434948 -0.032484476 0.26530492 37 99 235
0.2042225 -0.096196935 -0.02784818 37 99 235
-0.099635877 -0.10747204 0.48600602 37 99 235
0.021009197 -0.21755128 -0.54479235 37 99 235
0.0053997491 0.03635668 -0.22581302 37 99 235
0.19678764 -0.096655555 0.034051526 37 99 235
0.26723424 -0.14895332 -0.046171762 37 99 235
0.019950632 -0.030106453 0.56312066 37 99 235
0.15653607 -0.039692398 0.81152707 37 99 235
-0.034103218 -0.071213074 0.47721875 37 99 235
0.054253403 0.045515943 -0.008922915 37 99 235
-0.12637568 -0.11952066 0.12558134 37 99 235
-0.076529682 0.035401773 -0.23844698 37 99 235
-0.0093680732 -0.21162757 0.14076306 37 99 235
-0.11180165 -0.11252771 -0.29608107 37 99 235
0.075094163 0.033934332 -0.24564716 37 99 235
-0.29773155 -0.14778121 0.076831535 37 99 235
-0.32997304 -0.1304251 -0.020751016 37 99 235
-0.11657422 -0.042624023 -0.3653211 37 99 235
-0.29580605 -0.10099492 0.084563754 37 99 235
-0.10899478 -0.11358804 0.42955226 37 99 235
-0.4363488 -0.10986204 0.20229591 37 99 235
-0.024239037 0.13662177 -0.33370528 37 99 235
0.014314014 -0.018055778 -0.43690205 37 99 235
0.069010936 -0.086476505 -0.38801035 37 99 235
0.23939328 -0.11505166 0.2269666 37 99 235
0.35945973 -0.1239803 0.054069743 37 99 235
-0.068565302 -0.11875055 0.21375948 37 99 235
-0.11765941 -0.11319683 0.13996854 37 99 235
0.015852809 0.13562864 -0.38545036 37 99 235
-0.027051933 -0.014122673 -0.33250973 37 99 235
0.19899899 -0.12048609 0.047486767 37 99 235
0.028710593 0.06080956 -0.22801672 37 99 235
0.02969525 0.071408659 -0.37624934 37 99 235
-0.029157687 -0.16193579 0.22760139 37 99 235
-0.0050770566 -0.11512221 -0.083057463 37 99 235
-0.21512479 -0.063077696 0.78570426 37 99 235
0.33734223 -0.16545628 0.39520979 37 99 235
0.072487116 -0.11801587 0.15381673 37 99 235
0.38857028 -0.10867392 0.27994597 37 99 235
0.12486895 -0.034259088 -0.39294723 37 99 235
0.20235102 -0.059536025 0.80810124 37 99 235
0.013025937 -0.10087293 0.49058455 37 99 235
0.041075062 -0.038592495 0.48291403 37 99 235
-0.43332636 -0.10743555 0.31033635 37 99 235
0.35726783 -0.1202037 0.36570966 37 99 235
0.084092952 0.031450178 -0.25363332 37 99 235
-0.0084640002 0.0753548 0.70275235 37 99 235
-0.12452728 -0.070574351 0.41298419 37 99 235
-0.32766935 -0.1576827 0.29838601 37 99 235
-0.045385044 -0.11222807 -0.3197782 37 99 235
0.0088093281 -0.031484071 -0.44762275 37 99 235
0.10305785 0.010181905 0.34931657 37 99 235
0.13579001 -0.026301291 -0.12160117 37 99 235
0.13732992 -0.10036851 0.024338774 37 99 235
0.084196016 -0.11353303 -0.21340524 37 99 235
-0.30769217 -0.18895291 0.1947328 37 99 235
-0.0017197902 0.091915153 -0.51817602 37 99 235
0.18209076 -0.10550626 -0.083201595 37 99 235
-0.0062971911 0.15341526 0.67671204 37 99 235
-0.09838631 0.025604641 -0.13257441 37 99 235
0.007077958 0.064054467 -0.45177737 37 99 235
0.041045714 -0.11369519 -0.54901826 37 99 235
0.4349615 -0.031476978 0.18993051 37 99 235
-0.10816027 0.014646105 0.24241048 37 99 235
-0.35558701 -0.15630215 -0.027885631 37 99 235
0.134354 -0.10834998 0.16254044 37 99 235
-0.31308609 -0.19221653 0.33096257 37 99 235
-0.17726308 -0.10231885 0.1107512 37 99 235
-0.060985766 -0.11442209 -0.1402247 37 99 235
0.42853323 0.074681237 0.36098996 37 99 235
0.021809647 0.070172161 0.3697308 37 99 235
0.34366831 -0.12903617 0.22881001 37 99 235
-0.020066701 -0.10985079 -0.73217106 37 99 235
0.30343527 -0.1017268 0.12090855 37 99 235
-0.067631744 -0.015754756 0.4991326 37 99 235
-0.033320136 -0.11506438 -0.087511949 37 99 235
-0.43432549 -0.067121737 0.17422776 37 99 235
0.24016738 -0.14505488 -0.17176157 37 99 235
0.084888406 0.032119509 -0.30980378 37 99 235
-0.0032981206 -0.11405843 -0.17000721 37 99 235
0.12284087 0.0045569274 -0.10401628 37 99 235
0.034043811 -0.15377861 0.1160351 37 99 235
0.0059250584 -0.22813372 -0.57869476 37 99 235
-0.042656135 -0.10656437 -0.43004826 37 99 235
0.015746521 0.00048602247 0.70828074 37 99 235
-0.15282175 -0.11871503 0.21169575 37 99 235
0.31071186 -0.19488479 0.29517871 37 99 235
0.17765103 -0.12602778 -0.062948711 37 99 235
-0.11008292 0.012709971 0.24506734 37 99 235
0.11080232 -0.053612269 0.46206212 37 99 235
-0.03144519 -0.14836253 0.10663029 37 99 235
0.093485437 -0.11529454 -0.065973565 37 99 235
0.023457503 -0.11729999 0.095340833 37 99 235
0.01742343 -0.06910146 -0.83878809 37 99 235
0.28469738 -0.2241527 0.08117491 37 99 235
0.10632032 -0.11380627 -0.19079924 37 99 235
0.0064483932 -0.15503922 -0.48030657 37 99 235
0.043044284 -0.18709056 0.058474082 37 99 235
0.081468433 -0.12073467 0.35407132 37 99 235
-0.2073001 -0.11648893 0.28678483 37 99 235
0.019497827 -0.20207001 -0.57732111 37 99 235
0.068126768 -0.11271998 -0.28033108 37 99 235
-0.12625293 -0.091237821 -0.383791 37 99 235
-0.1260916 -0.095940359 -0.38523808 37 99 235
-0.016088111 -0.11196654 -0.68566889 37 99 235
0.39632919 -0.11737259 0.31033301 37 99 235
-0.36881927 -0.17653377 0.096153975 37 99 235
0.021851156 0.12390918 -0.32896695 37 99 235
0.1081472 -0.038632631 -0.42585763 37 99 235
0.013667881 -0.10886958 -0.40729997 37 99 235
0.12811202 -0.14194603 0.12279216 37 99 235
0.046909854 -0.044289779 -0.74638808 37 99 235
-0.35148036 -0.10936964 0.060189221 37 99 235
-0.0029012314 -0.20361099 -0.14352094 37 99 235
0.055458602 0.043210115 0.068054877 37 99 235
-0.034068182 -0.010281065 0.6055963 37 99 235
0.13777792 -0.027315624 -0.27433658 37 99 235
0.16378194 -0.12677339 -0.22239684 37 99 235
-0.29330119 -0.2153521 0.13045765 37 99 235
0.13511018 -0.11525351 0.36762872 37 99 235
-0.043481935 -0.11655921 0.034565944 37 99 235
-0.18933974 -0.095997989 0.003005655 37 99 235
-0.11682084 -0.0014457026 0.34816664 37 99 235
0.090521537 -0.0056096553 0.75587738 37 99 235
-0.0320426 0.068322711 0.039714582 37 99 235
-0.046224061 0.049403466 0.38222036 37 99 235
0.20592216 -0.12878142 -0.19721194 37 99 235
-0.093123011 -0.093290985 0.48819974 37 99 235
0.30215248 -0.14936125 0.39069059 37 99 235
0.12904386 -0.047927439 0.37624025 37 99 235
-0.085374035 -0.11744389 0.10677629 37 99 235
-0.076409541 0.030444697 0.00987422 37 99 235
0.010808651 -0.11250851 -0.64246953 37 99 235
0.34802908 -0.21222235 0.084535949 37 99 235
0.34997836 -0.17787609 0.35116312 37 99 235
0.013164046 -0.066108905 0.49264765 37 99 235
0.29210678 -0.10161365 0.14648518 37 99 235
-0.086632267 -0.12091038 0.36238033 37 99 235
0.19912331 -0.10289019 0.073523708 37 99 235
-0.12819928 -0.11514337 -0.080929622 37 99 235
-0.32418936 -0.15459138 0.19340621 37 99 235
-0.066302031 -0.1156802 -0.037709542 37 99 235
0.096270286 0.026874954 -0.18155551 37 99 235
-0.032612834 -0.19270903 0.15888728 37 99 235
-1.2960338e-05 -0.13946907 0.2107857 37 99 235
-0.27590194 -0.15573244 0.13010767 37 99 235
-0.23571749 -0.14657329 -0.034353159 37 99 235
0.012922284 0.064981282 -0.54767358 37 99 235
0.13579001 -0.048667267 -0.0049557071 37 99 235
-0.02366638 -0.020864198 -0.77150071 37 99 235
-0.10030355 0.022880789 -0.051262062 37 99 235
0.33465472 -0.13861574 0.16333906 37 99 235
0.13510376 -0.081727296 0.331696 37 99 235
0.370464 -0.18449259 0.14036979 37 99 235
0.076722682 -0.11274375 -0.2781032 37 99 235
-0.28972787 -0.10677084 0.24893294 37 99 235
0.019641809 -0.21320313 -0.56781715 37 99 235
0.034574259 -0.19225414 -0.044177115 37 99 235
-0.086992472 -0.11518795 -0.077442318 37 99 235
-0.018121978 -0.11461877 -0.49208102 37 99 235
0.0054373243 0.11404901 -0.30292299 37 99 235
-0.40358356 -0.11537681 0.22347215 37 99 235
-0.070888393 -0.099462882 -0.37955219 37 99 235
-0.21767662 -0.11857197 -0.06626454 37 99 235
0.31098881 -0.14427459 0.18974157 37 99 235
-0.0702672 0.032234628 0.06416475 37 99 235
-0.023555364 -0.02989413 -0.44388285 37 99 235
-0.13576999 -0.059632983 -0.10281701 37 99 235
0.053118065 -0.11730975 0.095650814 37 99 235
0.0081017492 0.10794736 0.68095529 37 99 235
-0.0069376058 0.057533033 0.744582 37 99 235
0.074183404 -0.029043835 0.48005676 37 99 235
0.24636021 -0.11782901 0.25367036 37 99 235
-0.045684222 -0.014472023 -0.64649332 37 99 235
-0.023355022 -0.11002907 -0.67247158 37 99 235
0.13579001 -0.039623424 0.21817194 37 99 235
-0.070010714 -0.013269489 -0.39338335 37 99 235
-0.13576999 -0.050281879 -0.0022238973 37 99 235
0.3540318 -0.14661996 0.22843312 37 99 235
-0.20984755 -0.15828989 0.0209987 37 99 235
0.041136939 -0.02913502 -0.74103135 37 99 235
-0.062128067 0.016803835 -0.4813661 37 99 235
-0.11159293 -0.043621287 0.44699529 37 99 235
0.27779728 -0.2122107 0.13363832 37 99 235
-0.0832102 -0.064160198 -0.37093544 37 99 235
-0.018223902 0.093828037 -0.43075028 37 99 235
-0.36632082 -0.18449669 -0.039573971 37 99 235
0.056729943 0.0063336017 0.79536527 37 99 235
-0.097504996 -0.11553293 -0.049078558 37 99 235
0.34140283 -0.14034286 0.083428666 37 99 235
0.059240662 -0.065995805 -0.53621006 37 99 235
-0.1368624 -0.11141746 0.22121781 37 99 235
-0.0341346 -0.17936395 0.1834121 37 99 235
0.03417217 0.03428727 -0.51502669 37 99 235
-0.18924902 -0.11213056 0.1697832 37 99 235
-0.17693941 -0.1081774 0.15928093 37 99 235
0.26635885 -0.1074203 -0.023324078 37 99 235
0.13580644 -0.037007071 -0.16076635 37 99 235
-0.316585 -0.19934925 -0.060188681 37 99 235
0.021169823 -0.12162115 -0.56501538 37 99 235
0.017721934 -0.17818524 -0.18923941 37 99 235
0.21490301 -0.13956645 -0.15907292 37 99 235
-0.19395052 -0.096845962 0.058433689 37 99 235
0.029377852 -0.1426208 0.062818214 37 99 235
0.13579001 -0.090093292 -0.022803755 37 99 235
-0.023335369 -0.10818965 -0.51111126 37 99 235
-0.063351989 -0.11790787 0.14554027 37 99 235
0.13832515 -0.094182357 -0.26483735 37 99 235
0.15007579 -0.10281764 -0.068881534 37 99 235
0.073710926 0.00036936038 0.78236073 37 99 235
-0.32322708 -0.20769954 0.00085438613 37 99 235
-0.09721113 -0.11996292 0.31351191 37 99 235
0.31667575 -0.20524034 0.031896476 37 99 235
-0.001327339 -0.11168733 -0.76058787 37 99 235
-0.0063887294 0.11428201 0.5871259 37 99 235
-0.068722643 -0.1211933 0.37407762 37 99 235
0.17285433 -0.12232263 -0.20909578 37 99 235
0.0074027181 0.087193057 0.73856306 37 99 235
0.018817987 0.11883254 -0.53268367 37 99 235
-0.13713342 -0.039729953 -0.22030234 37 99 235
0.13390569 -0.10326786 0.0904162 37 99 235
-0.011070972 -0.046032205 -0.83510798 37 99 235
0.13611621 -0.1362085 0.092957996 37 99 235
0.11548579 0.0093011763 0.11987405 37 99 235
0.33499461 -0.21699616 0.17136902 37 99 235
0.045272499 0.052192889 -0.23513256 37 99 235
-0.0026106739 0.13419129 0.68110353 37 99 235
-0.011099415 -0.14954817 0.29094663 37 99 235
-0.055382553 -0.06944979 -0.62597817 37 99 235
-0.0018730852 0.16985239 0.6573959 37 99 235
0.34024039 -0.16678537 0.38949597 37 99 235
-0.343068 -0.2140861 0.22996764 37 99 235
-0.013198023 0.035065744 0.7474829 37 99 235
0.011036217 0.081624828 -0.14037389 37 99 235
0.081446566 0.029618226 -0.069101699 37 99 235
-0.13011025 -0.11371245 -0.19863479 37 99 235
-0.13576999 -0.046565928 -0.018276548 37 99 235
0.045438278 -0.10831328 -0.39522097 37 99 235
-0.2343809 -0.11871086 0.32804942 37 99 235
0.10748067 0.018060399 0.041471645 37 99 235
0.13579001 -0.044267226 0.056236736 37 99 235
-0.24406935 -0.15068051 -0.21140954 37 99 235
-0.097652271 0.028978961 -0.36744812 37 99 235
0.10937775 -0.11459392 -0.12662733 37 99 235
-0.42946261 0.027402656 0.35572514 37 99 235
0.021723893 0.021487046 0.79484862 37 99 235
0.045165244 -0.096669711 -0.51884252 37 99 235
-0.13813569 -0.10299009 0.28656265 37 99 235
0.068342596 6.3145664e-05 0.81322414 37 99 235
-0.36781487 -0.17904939 0.051264752 37 99 235
-0.02803988 -0.032397501 -0.47916061 37 99 235
0.030070148 -0.16163518 0.22729558 37 99 235
0.12975314 -0.013111705 0.2155332 37 99 235
0.017186735 -0.11292331 -0.26254141 37 99 235
-0.30685398 -0.17285268 0.032833412 37 99 235
0.3543784 -0.15760185 0.20359105 37 99 235
0.10063696 0.020612555 0.063530214 37 99 235
-0.0011870656 -0.11302662 -0.75625199 37 99 235
-0.086302169 0.031293727 -0.30377722 37 99 235
0.13579001 -0.029204305 0.18378901 37 99 235
-0.30143267 -0.15386066 0.07088045 37 99 235
0.019281635 0.13916492 -0.48374873 37 99 235
-0.13488671 -0.048739135 0.32637665 37 99 235
-0.23344858 -0.130005 0.096312486 37 99 235
-0.028039174 0.065426752 0.47286305 37 99 235
-0.0372351 0.02143782 0.67052275 37 99 235
-0.36306912 -0.11367548 0.24745451 37 99 235
-0.28129652 -0.11849328 0.29981703 37 99 235
-0.11505818 0.01256189 0.037220933 37 99 235
-0.13461839 -0.026141873 0.05404691 37 99 235
0.1041747 -0.11462681 -0.12373612 37 99 235
0.13190627 -0.058128793 0.35985547 37 99 235
0.11938895 -0.13243055 0.1200823 37 99 235
0.35248503 -0.13202152 0.0081505198 37 99 235
3.2711581e-05 -0.11935887 0.26401386 37 99 235
-0.2275292 -0.09886761 0.12050296 37 99 235
-0.26078549 -0.14510705 0.12959947 37 99 235
0.30210975 -0.15213628 0.14508013 37 99 235
0.021256175 -0.1135786 -0.20889702 37 99 235
0.026960755 -0.1087262 0.52619243 37 99 235
0.026703533 -0.028397713 -0.44612262 37 99 235
0.13579001 -0.06921564 0.14348161 37 99 235
0.27095559 -0.11685919 0.071336292 37 99 235
-0.12917273 -0.061415844 0.38040182 37 99 235
0.016514355 0.033420652 0.7346853 37 99 235
-0.28631514 -0.16339625 -0.11298502 37 99 235
-0.12579964 -0.10895616 0.002937234 37 99 235
-0.022755444 0.026514811 0.70710713 37 99 235
0.095656775 0.019855183 -0.41509581 37 99 235
-0.43084079 -0.04513951 0.35264844 37 99 235
0.083408229 0.026282759 0.17563336 37 99 235
-0.034006588 -0.025217783 -0.75954199 37 99 235
-0.13110235 -0.010524579 0.07703907 37 99 235
-0.05014177 -0.12282059 0.44635499 37 99 235
0.18418241 -0.10210574 0.10051284 37 99 235
-0.11333508 0.016701363 -0.3858358 37 99 235
0.027737284 0.054103475 -0.53319848 37 99 235
-0.32061371 -0.15036806 0.16115087 37 99 235
0.35655931 -0.21053472 0.26390392 37 99 235
0.012714967 -0.20051797 -0.13968812 37 99 235
-0.064908385 0.010666605 0.65148681 37 99 235
-0.14224011 -0.094325319 0.071422555 37 99 235
-0.027202511 0.029433116 -0.56981403 37 99 235
0.24536946 -0.11982013 0.057420425 37 99 235
-0.42918596 -0.033646464 0.34614128 37 99 235
0.13579001 -0.073302865 0.18271868 37 99 235
-0.23345527 -0.1617821 -0.010337736 37 99 235
0.0042110644 -0.14147766 0.026447 37 99 235
0.13654946 -0.086577177 -0.1159938 37 99 235
0.05933404 0.0069254842 -0.5095185 37 99 235
0.0041387286 -0.14587879 -0.5124861 37 99 235
0.43828025 -0.091730304 0.13360465 37 99 235
0.066709429 0.028718574 -0.443809 37 99 235
0.047066554 -0.10196878 -0.44758257 37 99 235
0.36026177 -0.206663 0.28329027 37 99 235
0.073381983 0.031009018 0.010834551 37 99 235
0.12639728 -0.052617334 -0.38086736 37 99 235
0.17955609 -0.096064776 0.038550738 37 99 235
-0.32480174 -0.10211286 0.086340427 37 99 235
0.051460277 -0.03908316 -0.70188731 37 99 235
-0.010554821 -0.035502236 -0.46478575 37 99 235
-0.32928213 -0.10390481 0.2186473 37 99 235
0.13392471 -0.021841194 0.23203546 37 99 235
-0.2754797 -0.12090846 0.071774445 37 99 235
0.064673565 0.0093350569 0.68357146 37 99 235
-0.34305283 -0.15108559 0.111827 37 99 235
-0.049134906 0.039560031 0.4292663 37 99 235
-0.0017748838 -0.10887296 0.51789254 37 99 235
-0.13576999 -0.0550499 0.20743205 37 99 235
-0.06400691 -0.0029387667 -0.4767057 37 99 235
-0.011539166 0.050800413 0.70393598 37 99 235
-0.21441872 -0.098616026 0.14073516 37 99 235
0.093256555 0.028002633 -0.19806021 37 99 235
0.066645943 -0.020656055 0.4752003 37 99 235
0.22286783 -0.1530695 -0.19333646 37 99 235
0.32320508 -0.10290971 0.15689316 37 99 235
3.3139237e-05 0.072083376 0.78064555 37 99 235
0.0011543053 0.20751761 0.83211178 37 99 235
0.24390443 -0.099166363 0.094747052 37 99 235
-0.21502364 -0.11679778 -0.079451293 37 99 235
-0.2434935 -0.098707877 0.057821486 37 99 235
0.32216772 -0.115853 0.3118979 37 99 235
0.11409902 -0.11505164 -0.067768939 37 99 235
-0.11724004 0.010952598 -0.047076751 37 99 235
0.14557074 -0.088180564 0.181641 37 99 235
-0.089030527 0.023641776 0.2445322 37 99 235
-0.018317234 -0.14708288 -0.12472387 37 99 235
0.37490848 -0.16704088 0.22799063 37 99 235
-0.00059686211 0.14617227 0.84133887 37 99 235
0.029512404 -0.16117346 0.23400749 37 99 235
0.021425696 0.024723398 0.70039392 37 99 235
-0.43329889 -0.079153188 0.23620152 37 99 235
-0.0047904411 0.076913558 0.18480663 37 99 235
0.34253037 -0.21562724 0.15181717 37 99 235
-0.022663265 -0.15118387 0.12733963 37 99 235
-0.018132977 0.011188219 0.80622107 37 99 235
0.10760118 -0.11761079 0.17156041 37 99 235
0.10202238 0.025724184 -0.38272354 37 99 235
-0.11250181 -0.11399378 -0.17562018 37 99 235
-0.21264011 -0.1562743 -0.048831239 37 99 235
0.075133786 0.028246714 0.20931686 37 99 235
0.025958663 0.072217859 -0.13879509 37 99 235
0.12364522 -0.020918349 0.7233538 37 99 235
0.43755952 -0.096308641 0.21962294 37 99 235
-0.16836713 -0.10541341 -0.028372237 37 99 235
-0.0036497521 -0.012921925 -0.33061981 37 99 235
0.19043718 -0.10796975 -0.13795003 37 99 235
0.041009795 0.055205774 0.37894711 37 99 235
0.03531627 -0.056458984 -0.46477106 37 99 235
-0.26291215 -0.11232274 0.29094201 37 99 235
-0.033212148 -0.010653424 -0.51784301 37 99 235
-0.30892313 -0.17505251 0.076749563 37 99 235
0.36647215 -0.19001321 0.07731574 37 99 235
-0.0072810324 0.092313215 0.57056081 37 99 235
-0.035981886 0.057042599 0.46255645 37 99 235
0.075712509 -0.0022156092 -0.37540227 37 99 235
-0.023514165 0.085512206 -0.39478844 37 99 235
0.12707192 -0.039797146 0.38396505 37 99 235
0.011231162 0.0067516663 0.7490378 37 99 235
-0.35687515 -0.14691877 0.22412387 37 99 235
0.30853593 -0.11721959 0.088359721 37 99 235
-0.049276572 0.045648202 0.38795215 37 99 235
-0.067405954 0.038104985 -0.36013368 37 99 235
-0.34094891 -0.14936876 0.15463971 37 99 235
0.3217639 -0.16046675 0.26747113 37 99 235
-0.067962699 -0.11503552 -0.090169966 37 99 235
0.0027208331 -0.0094954353 0.68221879 37 99 235
0.039567064 -0.13131976 -0.41520765 37 99 235
-0.06388022 -0.11349793 -0.21555774 37 99 235
-0.36714673 -0.17020808 0.26592007 37 99 235
0.0097712968 -0.1138837 -0.18435101 37 99 235
0.11029287 0.013511363 0.3163496 37 99 235
-0.031026816 0.11845168 -0.35766152 37 99 235
-0.0193152 -0.012821852 -0.51270878 37 99 235
0.037629765 -0.18503025 0.12880866 37 99 235
-0.12444954 -0.11417102 -0.16116846 37 99 235
0.030369509 -0.14587559 0.08099962 37 99 235
0.068984471 -0.076183163 -0.40900177 37 99 235
0.36319578 -0.19974969 0.0045720995 37 99 235
0.018325744 -0.1731499 0.30123132 37 99 235
-0.033876397 -0.11507478 -0.086645633 37 99 235
0.040238839 -0.08825928 0.47817874 37 99 235
-0.12366689 -0.07629288 -0.40623641 37 99 235
0.13579001 -0.041663248 0.052959353 37 99 235
0.0011942355 -0.02993021 -0.81013185 37 99 235
-0.35292521 -0.1924994 -0.10394225 37 99 235
-0.045224778 -0.087911732 -0.72970188 37 99 235
-0.042767033 0.011816235 0.77410948 37 99 235
-0.28440464 -0.18150617 0.11955972 37 99 235
0.07009574 0.0379817 -0.3911618 37 99 235
-0.30671558 -0.18418476 0.00445905 37 99 235
0.014045773 -0.23301156 -0.57643938 37 99 235
0.35193318 -0.19398536 -0.10558061 37 99 235
-0.17308861 -0.096355647 0.081836067 37 99 235
-0.25084814 -0.082147479 0.84339386 37 99 235
0.011637934 0.076102637 0.18590766 37 99 235
0.045342918 -0.12005886 0.31957057 37 99 235
-0.031243075 0.063250735 0.36225033 37 99 235
-0.0048037623 0.077078894 0.17756507 37 99 235
-0.0058072978 -0.14119016 0.2303289 37 99 235
-0.2164783 -0.12484037 -0.036060024 37 99 235
-0.083828315 0.026786521 0.17846896 37 99 235
-0.038029004 -0.11217216 -0.32427746 37 99 235
-0.038446888 -0.11562262 -0.042306099 37 99 235
0.19689064 -0.1190649 0.32841682 37 99 235
-0.10284733 -0.11826133 0.17390685 37 99 235
0.0018219884 -0.152308 -0.18809693 37 99 235
0.096717022 0.025228113 -0.062752217 37 99 235
-0.13680007 -0.020019243 -0.20787399 37 99 235
0.13027008 -0.027217625 -0.34791383 37 99 235
0.30568272 -0.12586771 0.3689436 37 99 235
-0.0055738795 -0.014285791 -0.39278433 37 99 235
-0.19986416 -0.15248305 -0.08675161 37 99 235
-0.36248857 -0.11793449 0.32195067 37 99 235
0.072795443 -0.11885542 0.22262938 37 99 235
-0.048697788 -0.047073185 -0.74611956 37 99 235
0.055195317 0.040943179 0.2774055 37 99 235
0.038018227 0.008014678 0.73281175 37 99 235
-0.33428359 -0.1299082 0.077289477 37 99 235
0.017189464 0.00013723766 0.70416623 37 99 235
0.020643856 -0.11805782 0.15659413 37 99 235
-0.21314679 -0.14682555 -0.086196579 37 99 235
-0.046096552 0.056617383 -0.15911391 37 99 235
0.19673325 -0.057597309 0.80206341 37 99 235
0.20160966 -0.14747739 -0.11475736 37 99 235
-0.039416861 0.060490839 0.11959453 37 99 235
-0.36275041 -0.20255704 0.27617583 37 99 235
-0.26600641 -0.11935328 0.26337966 37 99 235
-0.33295855 -0.1651177 -0.10862124 37 99 235
-0.0026391482 -0.11407541 -0.16863073 37 99 235
-0.1126836 0.019757809 -0.28157419 37 99 235
-0.0025512953 -0.23802768 -0.56167179 37 99 235
-0.040030707 -0.021225989 -0.72135484 37 99 235
0.024916034 0.044087756 0.5903393 37 99 235
-0.047723424 -0.035140663 -0.7328037 37 99 235
0.23380962 -0.12882411 -0.04195261 37 99 235
-0.0071925325 0.079377331 0.58393276 37 99 235
-0.24379146 -0.12001055 0.33339539 37 99 235
-0.16360255 -0.11460786 -0.12515119 37 99 235
0.042001225 0.02037335 0.66667891 37 99 235
0.1537638 -0.11828616 0.34323815 37 99 235
0.039870407 -0.078042328 -0.77632505 37 99 235
0.012519805 0.05339773 0.71446484 37 99 235
0.020510385 -0.21057363 -0.55802244 37 99 235
-0.3507328 -0.10859435 0.16931263 37 99 235
-0.026900997 -0.11370011 -0.19934458 37 99 235
0.31439003 -0.18227907 -0.078996919 37 99 235
0.1308966 -0.010345103 0.1287781 37 99 235
0.13555473 -0.024826378 -0.1108364 37 99 235
-0.36011302 -0.16142391 0.087699093 37 99 235
0.074252553 -0.11791714 0.14561458 37 99 235
0.013028395 -0.21669383 0.049230203 37 99 235
-0.025609907 0.074619055 -0.31984115 37 99 235
0.029272508 -0.19126718 0.19585785 37 99 235
0.21266116 -0.10448603 0.21568184 37 99 235
-0.26074797 -0.10032146 0.13742372 37 99 235
-0.12383094 -0.086492047 -0.40540382 37 99 235
-0.35808232 -0.12212281 0.26480207 37 99 235
-0.15590386 -0.11852536 0.31716105 37 99 235
-0.30944362 -0.19642223 0.15344551 37 99 235
-0.23983826 -0.11316664 0.29368329 37 99 235
-0.25447899 -0.15239899 -0.20872109 37 99 235
0.26010412 -0.11203264 0.11165245 37 99 235
0.015492899 -0.20767134 0.16988492 37 99 235
-0.24024163 -0.14337239 -0.13595738 37 99 235
0.053989023 0.048652753 -0.19077305 37 99 235
0.0095486753 -0.036291301 -0.81668854 37 99 235
-0.069886424 0.025825238 -0.43647325 37 99 235
0.062327627 0.036526073 0.21882203 37 99 235
0.35790485 -0.20768028 0.13782647 37 99 235
-0.13576999 -0.046665214 0.017556291 37 99 235
-0.035990972 -0.11682912 0.056561708 37 99 235
0.20549853 -0.11030113 -0.13232452 37 99 235
-0.032530088 0.051184818 -0.33893681 37 99 235
0.21165872 -0.13661219 -0.016276896 37 99 235
0.30350763 -0.10780434 0.16335249 37 99 235
0.13755274 -0.11216484 0.16548736 37 99 235
0.093383186 0.028443329 -0.27338096 37 99 235
-0.23282997 -0.11259724 -0.11385684 37 99 235
0.31941956 -0.14899112 0.10535552 37 99 235
4.554258e-05 0.11466515 0.77440083 37 99 235
-0.03464416 -0.10097407 -0.68978703 37 99 235
-0.34869599 -0.14662404 0.25415555 37 99 235
0.43428117 -0.04600399 0.27171764 37 99 235
-0.014033684 -0.17784904 0.31504056 37 99 235
-0.0071268599 -0.16256763 -0.21500883 37 99 235
0.013036768 0.11881281 -0.31327176 37 99 235
-0.19898386 -0.10814343 0.23370911 37 99 235
0.17967245 -0.095141746 -0.050316494 37 99 235
0.11707038 -0.11160752 -0.37060794 37 99 235
-0.11050117 0.015832864 0.016337659 37 99 235
0.016656177 -0.10868273 -0.46039194 37 99 235
-0.0055669085 0.14967522 -0.52841055 37 99 235
-0.24579979 -0.15989447 0.0133794 37 99 235
-0.3828488 -0.11723525 0.090174064 37 99 235
0.034875594 -0.1723671 -0.47889692 37 99 235
0.0098482082 -0.012331949 -0.55299646 37 99 235
0.32069835 -0.11631925 0.28360692 37 99 235
-0.036028922 -0.10290229 -0.47719872 37 99 235
0.021799114 -0.11672585 0.048025195 37 99 235
-0.11239307 0.011702865 0.089713357 37 99 235
-0.0076688007 -0.15008028 0.16437903 37 99 235
0.16831422 -0.12507398 -0.21922499 37 99 235
0.0066578705 -0.11776394 0.13279197 37 99 235
-0.00083378766 0.14939077 0.80954844 37 99 235
-0.43096223 -0.0034600922 0.39592516 37 99 235
0.35914767 -0.14318293 0.0069422247 37 99 235
0.054371819 0.044164695 0.21229511 37 99 235
2.8013364e-05 0.19396068 0.81160176 37 99 235
0.098113291 -0.11705891 0.07485009 37 99 235
-0.13576999 -0.097872175 0.23238997 37 99 235
-0.035765007 -0.02368314 0.54890877 37 99 235
0.086401425 0.031732064 -0.31565288 37 99 235
-0.12631625 -0.11241657 -0.30492464 37 99 235
-0.059546817 -0.044160157 -0.60769546 37 99 235
0.13102216 -0.083313018 0.36488417 37 99 235
0.00077875197 0.070317492 -0.45011953 37 99 235
0.13579001 -0.10585947 -0.1622912 37 99 235
-0.04065061 0.039454132 -0.33111614 37 99 235
-0.31013861 -0.168051 0.17456113 37 99 235
0.12815943 -0.0026335074 0.016818289 37 99 235
-0.42982349 0.048693683 0.36588833 37 99 235
0.030162105 -0.11403702 -0.17211978 37 99 235
-0.23811863 -0.12812702 0.12387147 37 99 235
-0.030482234 -0.16303858 -0.11966485 37 99 235
0.29251084 -0.11590354 -0.015231439 37 99 235
-0.019035008 -0.13327505 -0.51000226 37 99 235
0.0063037025 -0.11839297 0.18474279 37 99 235
0.11507735 0.016191935 -0.33020836 37 99 235
0.11511041 -0.096953854 0.43559912 37 99 235
-0.029194867 0.1384237 -0.3490352 37 99 235
-0.19362733 -0.14281194 0.015963582 37 99 235
-0.31972611 -0.15399048 -0.023599995 37 99 235
0.22288817 -0.11900112 0.33739859 37 99 235
-0.00038048864 -0.2050427 -0.14272721 37 99 235
0.34336627 -0.21530731 0.11229801 37 99 235
-0.13186188 -0.021279022 -0.3314133 37 99 235
-0.036556508 0.013646323 -0.39648098 37 99 235
0.1174871 -0.11919825 0.25080261 37 99 235
-0.017532138 0.14851747 -0.53242201 37 99 235
0.10906556 -0.020296771 -0.42250422 37 99 235
-0.055538632 -0.06687519 -0.67171228 37 99 235
0.1337271 -0.060740881 -0.31837663 37 99 235
-0.14888637 -0.030396938 0.72503692 37 99 235
-0.36063221 -0.16901106 0.30944014 37 99 235
-0.108481 -0.11908216 0.24124958 37 99 235
0.13579001 -0.071486078 0.04849577 37 99 235
-0.046675771 0.05263095 0.10349638 37 99 235
0.032508619 0.026115183 0.65026397 37 99 235
-0.069165498 -0.099092342 -0.44110575 37 99 235
0.08309719 0.032830697 -0.36567387 37 99 235
0.035732813 0.056219637 -0.33629894 37 99 235
-0.056286611 -0.053912602 -0.66536552 37 99 235
0.03792328 0.062608778 0.07935898 37 99 235
0.10772514 0.020058258 -0.22543149 37 99 235
-0.32915875 -0.10511922 0.058782581 37 99 235
0.045639995 -0.079263568 -0.45223892 37 99 235
0.42485508 -0.10764321 0.13109289 37 99 235
-0.099682122 -0.054620512 0.47204423 37 99 235
0.15575407 -0.1179169 -0.21645011 37 99 235
0.42848906 0.064557873 0.34365803 37 99 235
0.047044221 0.0039096158 0.55691367 37 99 235
-0.019270413 -0.12747079 -0.46938321 37 99 235
0.27787566 -0.21221218 0.13373092 37 99 235
-0.0429997 -0.1200663 -0.48024428 37 99 235
0.35245565 -0.2123179 0.19034554 37 99 235
-0.05389522 -0.071109861 -0.67366058 37 99 235
0.37555099 -0.11149396 0.13249013 37 99 235
0.031442914 -0.20163096 0.050168168 37 99 235
-0.34282133 -0.21437596 0.23144859 37 99 235
0.41155282 -0.11729454 0.28295144 37 99 235
0.15203843 -0.11126879 0.22622894 37 99 235
0.032669924 -0.0026050303 -0.31383985 37 99 235
-0.093144827 -0.085662484 0.49476236 37 99 235
-0.034379948 0.060805008 0.35563678 37 99 235
0.32955608 -0.14760068 0.37856019 37 99 235
-0.0094494075 0.10968337 -0.54456538 37 99 235
-0.11526989 -0.11396791 -0.17772901 37 99 235
-0.28662223 -0.11521903 -0.0025899753 37 99 235
0.22573119 -0.14515045 -0.053243198 37 99 235
-0.1066385 -0.11528321 0.43172908 37 99 235
0.084272802 0.031799547 -0.29100481 37 99 235
0.12296484 -0.10894058 0.30582121 37 99 235
0.0024621533 -0.20850047 -0.57807714 37 99 235
-0.35863256 -0.13638586 0.22555836 37 99 235
-0.080013253 -0.12126406 0.37736553 37 99 235
-0.13061136 -0.09554413 -0.3223049 37 99 235
0.14457437 -0.093723841 0.15400767 37 99 235
-0.073375545 0.031906825 -0.069305331 37 99 235
-0.13798924 -0.10135308 -0.254116 37 99 235
-0.33655322 -0.21202144 0.057003446 37 99 235
-0.057610162 -0.048816275 -0.64356291 37 99 235
-0.078903466 -0.013591196 -0.43489999 37 99 235
0.32796556 -0.21183968 0.08952377 37 99 235
0.063944675 0.033569027 0.29977638 37 99 235
0.036175985 0.053511817 -0.33647126 37 99 235
0.033367444 0.055961892 -0.414839 37 99 235
0.1979057 -0.098020531 0.14212756 37 99 235
-0.1264067 -0.097980984 -0.36811292 37 99 235
-0.0033875012 0.051937524 -0.57250947 37 99 235
0.11028034 0.016162604 -0.059108734 37 99 235
-0.36873582 -0.18164431 0.12237937 37 99 235
-0.32099351 -0.15650648 0.14379102 37 99 235
0.11368977 -0.124023 0.11180151 37 99 235
-9.9073892e-05 -0.19295479 0.28943735 37 99 235
0.13579001 -0.082429901 0.31670901 37 99 235
-0.13576999 -0.041632947 -0.071884133 37 99 235
-0.067525826 -0.11298095 -0.25870684 37 99 235
0.19143605 -0.054500837 0.80310744 37 99 235
0.019300224 -0.15961814 -0.16264611 37 99 235
0.18960001 -0.15761743 0.017254747 37 99 235
0.037781365 -0.1765345 -0.024366537 37 99 235
0.060808763 -0.10473059 0.48212504 37 99 235
0.34512237 -0.21543095 0.20147119 37 99 235
-0.13547593 -0.037068952 -0.30263165 37 99 235
-0.1402303 -0.10094951 0.21730587 37 99 235
0.30613711 -0.18264391 0.19516295 37 99 235
0.054317616 0.013322803 0.47696108 37 99 235
0.0073421644 -0.14589606 0.15951306 37 99 235
0.099534795 -0.10883926 -0.36889365 37 99 235
0.022614067 0.048616823 0.62752074 37 99 235
0.03915811 -0.13671982 -0.4112916 37 99 235
0.070385396 0.039432012 -0.2903682 37 99 235
0.073026814 -0.11626902 0.011228381 37 99 235
0.1251868 0.0037118499 -0.31059149 37 99 235
0.10200332 -0.11680781 0.054529145 37 99 235
-0.08507403 -0.11574744 -0.031666048 37 99 235
-0.011552004 0.044903696 -0.58204234 37 99 235
0.1882367 -0.1377999 -0.075721666 37 99 235
0.11854111 -0.11375237 -0.18612134 37 99 235
-0.040969972 -0.16294838 0.085870899 37 99 235
0.017879616 -0.040460229 -0.48614615 37 99 235
0.013204424 -0.12007903 0.32283965 37 99 235
0.1493949 -0.11396114 0.034812272 37 99 235
0.35023919 -0.15693212 -0.04331331 37 99 235
-0.14097565 -0.11204422 0.22135305 37 99 235
-0.23919769 -0.15432 -0.11825887 37 99 235
-0.12834066 -0.084165238 0.3865076 37 99 235
0.27367148 -0.19000439 0.11750469 37 99 235
-0.13106839 -0.013579372 0.22749482 37 99 235
0.17054191 -0.11022006 -0.12102983 37 99 235
-0.071309932 -0.11136008 -0.39096916 37 99 235
0.020773523 -0.17847052 0.27216855 37 99 235
0.36176544 -0.20449878 0.083247364 37 99 235
-0.14308953 -0.11081664 0.19818933 37 99 235
0.31422636 -0.2078812 0.25946337 37 99 235
0.25853458 -0.11394896 -0.043139674 37 99 235
0.05274719 -0.060923629 -0.70916349 37 99 235
-0.033437792 -0.015052863 -0.48047519 37 99 235
-0.01883208 0.074429579 -0.45960274 37 99 235
0.1301548 -0.0071316501 0.19250207 37 99 235
0.029596917 0.12935999 -0.34226319 37 99 235
0.43100664 -0.1023423 0.34450352 37 99 235
0.03731098 0.040819801 0.52675503 37 99 235
0.0087245274 -0.20373724 -0.13565275 37 99 235
0.022831028 0.070401676 0.18040748 37 99 235
0.027070772 -0.11474719 -0.11318647 37 99 235
0.25747007 -0.12840526 0.1317832 37 99 235
0.12397536 -0.10270583 0.42300767 37 99 235
0.022001039 0.033252899 -0.44060946 37 99 235
-0.025544211 -0.17699006 0.28029993 37 99 235
-0.24708484 -0.15420872 -0.18013896 37 99 235
-0.0009224707 0.13755485 0.60614663 37 99 235
-0.40214518 -0.12036236 0.34812984 37 99 235
0.0097972238 -0.017040266 -0.46105313 37 99 235
-0.060252752 -0.025308702 -0.54943806 37 99 235
-0.23859665 -0.1231714 -0.12532736 37 99 235
-0.31248596 -0.16350019 0.20375475 37 99 235
-0.4313761 0.029541666 0.359283 37 99 235
0.29918426 -0.15981027 0.17678039 37 99 235
0.13611177 -0.069668613 -0.18009241 37 99 235
-0.054430544 -0.057490125 -0.71821189 37 99 235
-0.43447489 -0.066566452 0.18343593 37 99 235
-0.010215102 0.056385241 -0.56613207 37 99 235
0.055843707 -0.039168805 0.50561374 37 99 235
-0.43243808 -0.040286362 0.37441498 37 99 235
0.22827652 -0.11901635 0.24627388 37 99 235
0.15475176 -0.11927407 0.25723466 37 99 235
0.20499501 -0.14912699 -0.21525469 37 99 235
0.14369428 -0.1058391 -0.1278504 37 99 235
-0.07267908 -0.0053799287 -0.38376451 37 99 235
-0.2861883 -0.10151492 0.15662791 37 99 235
-0.35169059 -0.13136895 0.27740654 37 99 235
-0.33906168 -0.10687914 0.25738913 37 99 235
-0.00032151002 0.11987797 0.47893059 37 99 235
-0.15474592 -0.11875946 0.21534249 37 99 235
0.42994016 -0.016773555 0.30353111 37 99 235
0.073657282 0.036628317 -0.27830929 37 99 235
-0.016056722 -0.015563246 -0.27679583 37 99 235
-0.084640741 -0.12006824 0.32009724 37 99 235
0.0021772499 0.13107052 0.58679521 37 99 235
-0.020830523 -0.12209328 0.41333917 37 99 235
0.132112 -0.11947662 0.27298337 37 99 235
0.082369566 0.027644565 0.13416439 37 99 235
0.095199116 0.0050331461 -0.35962152 37 99 235
-0.044840869 0.010168185 0.70569706 37 99 235
-0.42970109 -0.11508606 0.3491706 37 99 235
-0.11576598 -0.10501117 0.41938958 37 99 235
-0.32339796 -0.20403288 -0.033878062 37 99 235
-0.12788956 -0.10258868 0.083580591 37 99 235
-0.048437126 0.055452637 -0.30784148 37 99 235
-0.10053863 -0.11219195 -0.32300395 37 99 235
0.37865481 -0.11014203 0.26394507 37 99 235
0.038526811 0.0090377303 -0.55203098 37 99 235
-0.13722633 -0.011845834 -0.23694624 37 99 235
-0.24081945 -0.14888589 -0.15171096 37 99 235
0.0070910277 -0.13184865 0.30464926 37 99 235
0.31957811 -0.20670813 0.30680078 37 99 235
-0.1095792 -0.11476476 -0.10608236 37 99 235
0.026652919 -0.171894 -0.16037634 37 99 235
0.29111907 -0.11975864 0.17848608 37 99 235
0.34486324 -0.16288798 0.31640342 37 99 235
-0.00030047007 -0.1133632 -0.54870772 37 99 235
0.041582335 -0.16395466 0.071954273 37 99 235
-0.11197492 -0.12019886 0.35804191 37 99 235
-0.091760159 0.029504122 -0.28918004 37 99 235
0.031202961 0.067586184 -0.45426241 37 99 235
0.26456162 -0.099140219 0.027941417 37 99 235
-0.30937216 -0.19791265 0.25348729 37 99 235
-0.013489405 -0.11623417 -0.53404546 37 99 235
0.35778496 -0.12964398 0.19716316 37 99 235
0.043872494 0.011559044 0.77191138 37 99 235
-0.080111459 0.019184213 0.34607339 37 99 235
0.077210918 0.029537607 0.034309126 37 99 235
0.036145043 0.013238618 -0.41991994 37 99 235
0.1306638 -0.043705635 0.36610636 37 99 235
0.11752351 -0.11626743 0.38173419 37 99 235
0.0029176725 0.17863694 0.67712605 37 99 235
-0.034631804 0.028825818 0.65873915 37 99 235
-0.011483623 -0.15053374 -0.50877386 37 99 235
-0.13688546 -0.11101122 -0.13746874 37 99 235
0.2360962 -0.075511143 0.81924385 37 99 235
0.13579001 -0.039677877 0.30603153 37 99 235
-0.083644576 -0.11550813 -0.05130288 37 99 235
0.32462254 -0.1572969 0.26219299 37 99 235
-0.36344749 -0.18554331 -0.078580379 37 99 235
0.071249306 0.031950161 0.061839674 37 99 235
0.057698324 -0.11711618 0.079834744 37 99 235
0.032133721 0.063250266 0.19840543 37 99 235
-0.21821421 -0.13460901 -0.035171438 37 99 235
0.2061573 -0.060705282 0.82349825 37 99 235
-0.050635476 0.031048568 -0.42630127 37 99 235
-0.068354584 0.035463557 -0.12131925 37 99 235
0.0095570432 0.076186053 0.62838203 37 99 235
-0.12874842 -0.11281672 -0.10404935 37 99 235
0.055276971 0.047939256 -0.21509041 37 99 235
0.19565049 -0.1202126 -0.032345183 37 99 235
0.18441577 -0.1075406 -0.14274481 37 99 235
0.0010188377 0.2005053 0.83479786 37 99 235
-0.015276938 -0.060860377 -0.45710331 37 99 235
-0.027910426 -0.14602533 -0.014163028 37 99 235
-0.25196549 -0.11909482 0.24218255 37 99 235
0.31650415 -0.17962228 -0.08582443 37 99 235
0.12140242 0.0022123447 0.27373701 37 99 235
-0.24055575 -0.10752905 0.21245605 37 99 235
-0.0080158692 0.070659466 0.37555945 37 99 235
-0.30790439 -0.16042721 0.093361475 37 99 235
0.073608242 -0.0023644776 0.65357339 37 99 235
0.1355796 -0.091127597 -0.0097703813 37 99 235
0.017283179 0.075356603 0.10317907 37 99 235
0.3175323 -0.16170555 0.24445036 37 99 235
0.43578857 -0.057543006 0.16574048 37 99 235
-0.36522588 -0.19892673 0.15149839 37 99 235
-0.35999522 -0.16200651 -0.046577252 37 99 235
-0.056767434 -0.11578041 -0.029446276 37 99 235
0.07065241 0.03441966 -0.1932745 37 99 235
-0.22258031 -0.1149214 0.083190501 37 99 235
0.27720231 -0.11487586 -0.0063803699 37 99 235
-0.035052072 -0.12159748 0.39178526 37 99 235
0.070110984 -0.11227452 -0.31630576 37 99 235
0.078526482 0.034531455 -0.35042384 37 99 235
0.31216994 -0.20290986 0.096434481 37 99 235
-0.13576999 -0.028059846 0.18826291 37 99 235
0.10408031 0.024467386 -0.18520884 37 99 235
0.13016121 -0.079078749 -0.34972242 37 99 235
0.27051526 -0.12069107 0.10296652 37 99 235
0.042568326 0.056875791 0.094217204 37 99 235
0.07337147 0.031598747 0.0033951667 37 99 235
-0.019948436 -0.10969383 -0.63923371 37 99 235
-0.13576999 -0.035943124 -0.10592829 37 99 235
0.029642658 0.16993995 -0.36509654 37 99 235
-0.042041603 0.053045958 0.38905385 37 99 235
0.30581903 -0.18512471 0.23487617 37 99 235
0.10259155 -0.11484253 -0.10611676 37 99 235
-0.011965275 -0.11660687 0.038545638 37 99 235
0.30989242 -0.19813895 0.085107736 37 99 235
0.0047479169 -0.0045554182 -0.59190249 37 99 235
0.15270552 -0.090719238 -0.0042061866 37 99 235
0.039334752 0.055170655 0.43065384 37 99 235
0.24103138 -0.15217721 -0.22236645 37 99 235
0.018790742 -0.20041214 0.20975643 37 99 235
0.11912558 0.010514892 -0.16899878 37 99 235
0.18566406 -0.098581515 0.11038078 37 99 235
0.13982505 -0.084138252 0.051029049 37 99 235
0.097545236 -0.11767403 0.12550251 37 99 235
-0.14653678 -0.11678411 0.053204089 37 99 235
0.0064200037 -0.00044060464 0.71122283 37 99 235
-0.18066752 -0.095608607 -0.0022823003 37 99 235
0.10518334 -0.11834738 0.18088841 37 99 235
-0.34415641 -0.15303467 0.03658 37 99 235
0.2087103 -0.11902136 0.25722483 37 99 235
-0.33408451 -0.15757093 0.31462541 37 99 235
-0.32957608 -0.15391323 0.14311716 37 99 235
-0.12062994 0.0054100235 0.068228297 37 99 235
0.29218948 -0.11852906 0.30892798 37 99 235
0.34262195 -0.11452235 0.17442787 37 99 235
0.044602342 -0.11324231 -0.23696564 37 99 235
-0.00075542176 -0.1145577 -0.12925041 37 99 235
0.35649946 -0.10472795 0.20367433 37 99 235
-0.010100818 0.099600956 -0.29252011 37 99 235
0.009328777 0.098396428 0.64886945 37 99 235
-0.019863196 0.16304007 -0.50782716 37 99 235
0.016402585 0.074049287 -0.21367723 37 99 235
0.42445725 -0.12049344 0.37571725 37 99 235
-0.079529159 -0.11503877 -0.089834578 37 99 235
0.13478592 -0.01973398 0.17602296 37 99 235
0.082118124 -0.00028295501 0.67587906 37 99 235
0.41105017 -0.12050371 0.36922744 37 99 235
-0.34787068 -0.16127191 0.3204909 37 99 235
0.0084021101 -0.21851675 -0.52773881 37 99 235
-0.36551642 -0.11573597 0.040145047 37 99 235
-0.092151999 -0.0039784554 0.39790064 37 99 235
-0.11353277 0.017730996 -0.23543349 37 99 235
-0.25056395 -0.11861519 0.20299707 37 99 235
-0.13043834 -0.0093317013 0.057618305 37 99 235
0.04963237 0.049086772 0.12601411 37 99 235
0.12511958 0.0007640954 -0.11520187 37 99 235
0.13445581 -0.11488778 0.37054169 37 99 235
-0.022343509 0.10544565 -0.52793467 37 99 235
-0.018095812 0.065446176 0.44274834 37 99 235
0.36726588 -0.18132775 0.27757353 37 99 235
0.35634851 -0.20832035 0.2482094 37 99 235
-0.011222268 -0.14218824 0.20342737 37 99 235
-0.33068517 -0.20844987 0.31693101 37 99 235
0.12368866 0.0054704216 -0.1923334 37 99 235
0.054010767 0.045709066 -0.002340663 37 99 235
0.10858738 -0.11660945 0.038635246 37 99 235
0.023948908 -0.014757227 -0.4166356 37 99 235
0.057415858 -0.068667524 -0.45132992 37 99 235
0.13433765 -0.015235121 -0.31167167 37 99 235
0.0022657476 -0.14563841 -0.025497157 37 99 235
-0.43269733 -0.028007844 0.21144933 37 99 235
0.22894567 -0.16400197 0.0035081324 37 99 235
-0.080975123 -0.091380656 0.47606874 37 99 235
-0.23348737 -0.11670353 -0.081622101 37 99 235
0.10807516 0.014134992 0.22060513 37 99 235
-0.008921911 -0.11212274 -0.72597951 37 99 235
-0.12171383 -0.07747823 0.42465267 37 99 235
-0.013713225 0.058453511 -0.45034981 37 99 235
-0.3664695 -0.17320615 0.057844218 37 99 235
0.030361116 -0.11244573 -0.44821867 37 99 235
-0.017957343 -0.0022069584 -0.70171869 37 99 235
-0.32705507 -0.10550287 0.24082497 37 99 235
-3.162579e-05 -0.17447869 -0.2179912 37 99 235
0.13579001 -0.0300746 0.24050955 37 99 235
-0.096464589 -0.12053853 0.34587571 37 99 235
0.21160726 -0.11867275 0.35702074 37 99 235
-0.0021381672 0.20809792 0.77370369 37 99 235
-0.026594874 -0.13394471 0.080249056 37 99 235
0.2134248 -0.12982507 -0.19105095 37 99 235
0.3279638 -0.21254024 0.27130473 37 99 235
0.022093913 -0.058558255 0.48425016 37 99 235
0.00042154529 0.093141757 -0.27629989 37 99 235
-0.044857897 0.058943544 -0.20624606 37 99 235
-0.24655041 -0.14261574 -0.047215123 37 99 235
-0.32550046 -0.20642683 0.33632499 37 99 235
0.060371127 -0.119785 0.29888442 37 99 235
-0.10718287 0.023075085 -0.38137749 37 99 235
-0.31028128 -0.20886488 0.13395298 37 99 235
0.00086656318 -0.028552897 -0.50588769 37 99 235
-0.016792238 0.07749363 -0.45916098 37 99 235
-0.19998354 -0.11141139 -0.085488223 37 99 235
-0.26406053 -0.11829083 0.31055349 37 99 235
-0.015593635 -0.11603715 -0.0080963792 37 99 235
0.077145509 0.034155354 -0.38384899 37 99 235
-0.18927509 -0.10435998 0.21064202 37 99 235
0.042009104 0.0050562914 0.59291708 37 99 235
0.13579001 -0.04208735 0.29516485 37 99 235
-0.011121616 -0.1449745 -0.0092595555 37 99 235
0.396965 -0.11342818 0.15577896 37 99 235
0.11385915 -0.025430197 -0.37391627 37 99 235
0.12379193 -0.08757858 0.41451648 37 99 235
-0.03319392 -0.0017059699 -0.56415206 37 99 235
0.039697114 -0.1471307 -0.4767119 37 99 235
0.23036572 -0.11314096 0.26993385 37 99 235
-0.018302144 -0.10821753 -0.44403678 37 99 235
0.27888596 -0.10076427 0.11760489 37 99 235
-0.18940145 -0.10109464 0.12321114 37 99 235
0.3628816 -0.20368744 0.13422415 37 99 235
0.035579406 -0.0015162191 -0.48092982 37 99 235
-0.15869422 -0.1159677 0.27051991 37 99 235
-0.033938222 -0.1699352 0.22218345 37 99 235
0.00078071636 0.07815557 -0.44797468 37 99 235
-0.061249573 -0.069285139 -0.49695551 37 99 235
0.018716658 0.14216371 -0.32843617 37 99 235
-0.080659315 0.032133307 -0.18001506 37 99 235
0.026350956 0.11886736 -0.51024306 37 99 235
0.34098944 -0.12135322 0.12957321 37 99 235
0.054441955 -0.12165496 0.39434332 37 99 235
0.028099561 0.067828424 0.17442982 37 99 235
0.18744518 -0.1022785 -0.03760837 37 99 235
0.34312731 -0.11945599 0.34159034 37 99 235
-0.019675354 0.069934741 0.36397052 37 99 235
-0.023572339 -0.0082956813 0.66101956 37 99 235
-0.016358091 -0.2277119 -0.576478 37 99 235
-0.016986271 -0.20438826 -0.54000705 37 99 235
0.20216718 -0.1464857 -0.097297639 37 99 235
0.066344269 0.032572251 0.32133505 37 99 235
-0.038242046 -0.15730719 0.062960617 37 99 235
0.054598924 -0.10308067 -0.46385649 37 99 235
0.042688079 0.045503385 0.45850271 37 99 235
0.05067255 -0.085318342 -0.53856403 37 99 235
-0.12840737 -0.15458581 0.098974928 37 99 235
0.13605393 -0.056724109 -0.29800037 37 99 235
-0.13739496 -0.07584735 0.049846627 37 99 235
-0.011883607 0.072393008 0.33567265 37 99 235
-0.05988333 -0.071315043 -0.51930422 37 99 235
0.00344312 -0.09363427 -0.81263489 37 99 235
0.038963273 -0.18275791 0.12175672 37 99 235
0.13579001 -0.084391393 -0.15825842 37 99 235
0.06661392 0.034617454 0.11071251 37 99 235
0.041574836 0.033559211 -0.46138 37 99 235
0.15587316 -0.094380319 0.038850937 37 99 235
0.078005925 -0.11214252 -0.32674912 37 99 235
-0.3088131 -0.10190044 0.11865273 37 99 235
0.012877735 -0.19768612 -0.57815796 37 99 235
-0.031439751 -0.1534369 0.16393501 37 99 235
-0.33742321 -0.20535216 0.35823694 37 99 235
-0.029278716 -0.13190793 -0.49804044 37 99 235
-0.15531228 -0.10255308 -0.16137391 37 99 235
0.15001196 -0.095706925 0.10010832 37 99 235
-0.071099296 -0.090470016 -0.42581326 37 99 235
0.026655246 -0.083789408 -0.80514055 37 99 235
-0.012615512 -0.20950989 0.15859632 37 99 235
0.32853544 -0.15178247 0.12080789 37 99 235
-0.12716834 -0.092823416 0.38810289 37 99 235
-0.10862727 -0.1203334 0.35400599 37 99 235
-0.049129974 -0.11149427 -0.38029477 37 99 235
-0.0016289662 0.22128294 0.70959121 37 99 235
0.23466507 -0.099214502 0.12671 37 99 235
0.29934862 -0.1088884 0.15607627 37 99 235
-0.34718773 -0.10374361 0.10591416 37 99 235
0.22471403 -0.11966851 0.35171625 37 99 235
-0.11527941 -0.1200936 0.3534711 37 99 235
0.28832635 -0.10429339 0.10413101 37 99 235
0.36024722 -0.17479804 0.32369608 37 99 235
0.35083935 -0.12253828 0.083200023 37 99 235
-0.15552409 -0.119446 0.35460696 37 99 235
-0.070677087 -0.11810653 0.16183963 37 99 235
0.4285565 0.074918114 0.37276724 37 99 235
0.1315112 -0.11593752 -0.016539931 37 99 235
0.013808942 0.071983412 0.56151712 37 99 235
0.058671586 -0.067646928 -0.5429123 37 99 235
-0.15068349 -0.10371707 -0.13298166 37 99 235
-0.011469616 -0.21866769 0.058602996 37 99 235
0.36499932 -0.10477046 0.21827854 37 99 235
0.037566703 0.0021902998 -0.58970654 37 99 235
0.43262812 -0.087497897 0.2281961 37 99 235
0.10124531 0.021486811 0.024628351 37 99 235
0.20196207 -0.11182328 -0.14571284 37 99 235
0.12718634 -0.11348092 -0.21776715 37 99 235
0.27899426 -0.12988788 0.093267299 37 99 235
-0.017260913 0.068563432 0.41173947 37 99 235
-0.42968139 0.051142659 0.2838164 37 99 235
-0.080109693 -0.0040528015 0.80819046 37 99 235
-0.056138996 0.046504334 -0.30705893 37 99 235
0.015907992 -0.057445284 0.5073126 37 99 235
-0.0046634576 0.12339914 0.64750224 37 99 235
0.32014176 -0.16832513 -0.10011091 37 99 235
0.15963539 -0.094438888 -0.070767775 37 99 235
0.042014487 -0.0048013614 0.61563975 37 99 235
0.38325912 -0.11408445 0.30500808 37 99 235
0.43305999 -0.07840836 0.30833226 37 99 235
-0.014764562 0.0015826118 -0.68962127 37 99 235
-0.30772588 -0.11860308 0.35104087 37 99 235
-0.12063848 -0.11645674 0.026358018 37 99 235
0.39283758 -0.094878621 0.22802444 37 99 235
0.037113518 -0.1625493 -0.48775017 37 99 235
-0.00031930109 0.056602247 0.82836419 37 99 235
-0.43630144 -0.062026825 0.24441601 37 99 235
-0.018602593 -0.11561725 -0.042871546 37 99 235
0.42938447 0.062606439 0.36221465 37 99 235
0.066378079 -0.074415199 0.47717422 37 99 235
-0.012854781 -0.091852807 0.47702965 37 99 235
0.0200841 0.071989968 0.14084247 37 99 235
0.041466963 -0.12215829 0.41616631 37 99 235
0.043263271 -0.1081404 -0.53320628 37 99 235
0.012407328 -0.050929714 -0.46029323 37 99 235
-0.035477735 -0.062897481 0.51398319 37 99 235
0.032329854 -0.017066171 -0.43383017 37 99 235
0.11519019 -0.12430467 0.10904493 37 99 235
-0.35603774 -0.20685767 0.29570729 37 99 235
0.053537693 -0.080053486 -0.5459317 37 99 235
0.011806193 -0.20528544 0.20093404 37 99 235
-0.0041417507 0.089195438 0.73334056 37 99 235
-0.014045751 -0.14819878 -0.14366625 37 99 235
0.036694013 0.024681296 -0.42331484 37 99 235
-0.30992559 -0.11634459 0.3339358 37 99 235
-0.14385562 -0.11893209 0.22924599 37 99 235
-0.33461213 -0.15390705 0.070960954 37 99 235
-0.025287716 -0.088777311 0.4770332 37 99 235
0.14364766 -0.032747034 0.80242372 37 99 235
0.082480945 0.0012568601 0.68497342 37 99 235
-0.012715973 0.086878255 0.44156072 37 99 235
0.36508158 -0.18105242 0.30153295 37 99 235
0.029315295 0.0085534118 0.68369174 37 99 235
-0.33646056 -0.14900699 0.1178032 37 99 235
0.12144858 0.0040353136 0.11948346 37 99 235
0.12343788 -0.1157725 0.29142165 37 99 235
-0.050365902 -0.11906391 0.23967382 37 99 235
-0.24719128 -0.10969219 0.23905891 37 99 235
0.15411554 -0.03549898 0.7208029 37 99 235
-0.0010976647 0.094652936 0.76433778 37 99 235
0.32589838 -0.15474539 -0.046074703 37 99 235
-0.31011721 -0.16724823 0.26817012 37 99 235
0.23773354 -0.10665873 0.1869294 37 99 235
-0.00330397 -0.034138877 -0.46578261 37 99 235
-0.12468599 0.0024650048 -0.071441926 37 99 235
-0.019380735 -0.23737369 -0.54644144 37 99 235
-0.076495074 -0.0095922295 -0.36936411 37 99 235
-0.036910642 -0.10362047 -0.45439056 37 99 235
0.086917199 0.025863744 0.1041957 37 99 235
0.028639641 -0.1944543 0.15990175 37 99 235
0.0038644464 -0.124174 0.45737529 37 99 235
-0.13623853 -0.093933932 0.056309227 37 99 235
-0.24735139 -0.11002172 0.046629883 37 99 235
-0.12101585 0.005924277 0.0039652088 37 99 235
0.051075019 -0.039422836 0.50264782 37 99 235
0.043089293 0.015204372 0.73291016 37 99 235
0.35137671 -0.1054883 0.13079648 37 99 235
-0.091202855 -0.11670507 0.45717591 37 99 235
-0.026408587 -0.1653932 0.26407948 37 99 235
-0.29824728 -0.1188626 0.25373271 37 99 235
0.25582016 -0.099731557 0.10402047 37 99 235
0.120003 0.0029302784 0.31635883 37 99 235
0.020064285 0.01249976 -0.62542087 37 99 235
-0.35211223 -0.1128547 0.30588958 37 99 235
-0.35461712 -0.11095304 0.053982634 37 99 235
-0.32869697 -0.21418577 0.12918092 37 99 235
-0.10941907 -0.11621395 0.0066826455 37 99 235
0.036456168 0.02211912 -0.39440298 37 99 235
-0.14945129 -0.12360159 0.16509387 37 99 235
0.021315342 -0.12198859 0.40879616 37 99 235
-0.065175079 0.034614235 0.18279946 37 99 235
0.0040993383 0.0788709 0.53876883 37 99 235
-0.13294671 -0.058539812 -0.32490844 37 99 235
0.077252485 -0.11751465 0.50669742 37 99 235
-0.092230193 -0.11712112 0.080612391 37 99 235
0.14268561 -0.11275347 0.18067797 37 99 235
0.19600724 -0.13244042 -0.16599794 37 99 235
-0.1535528 -0.11739553 0.38214293 37 99 235
0.028538242 0.072448656 -0.086977884 37 99 235
-0.11331175 0.015485593 -0.059764806 37 99 235
-0.31560567 -0.12062509 0.36749706 37 99 235
0.1321075 -0.0027068667 -0.29055378 37 99 235
-0.00081110641 -0.11366253 -0.20191477 37 99 235
0.354664 -0.12689674 0.23541456 37 99 235
0.20495166 -0.10096284 -0.074645735 37 99 235
-0.0031226818 0.12620802 0.6479274 37 99 235
-0.042032681 -0.053717576 -0.77995235 37 99 235
0.43376282 -0.02625916 0.35071066 37 99 235
0.0353444 0.03058527 -0.49335399 37 99 235
0.14837548 -0.095281534 0.1885795 37 99 235
0.08688499 0.030785462 -0.28601336 37 99 235
0.033627849 -0.1617856 -0.068485819 37 99 235
9.4359326e-05 0.17032595 0.59649825 37 99 235
-0.02349855 0.0829136 -0.2963087 37 99 235
-0.015537648 -0.1135135 -0.21450792 37 99 235
-0.43039352 -0.032793812 0.35107535 37 99 235
0.12100514 -0.021412507 0.38038096 37 99 235
-0.052395523 0.044971291 0.2627008 37 99 235
-0.22444163 -0.11944315 0.27891049 37 99 235
0.32103583 -0.13522683 0.24293394 37 99 235
-0.095255584 -0.01078113 0.72109646 37 99 235
0.06934879 -0.097299106 -0.45195675 37 99 235
-0.011520014 -0.012849535 -0.5102722 37 99 235
-0.24479297 -0.10100061 -0.018666182 37 99 235
0.12113465 -0.067456134 -0.35766903 37 99 235
0.052548718 -0.074344926 -0.66354454 37 99 235
0.026587667 0.010634213 -0.61052382 37 99 235
-0.010848646 -0.14581636 0.0032234427 37 99 235
-0.012175521 -0.12219352 0.41758153 37 99 235
-0.041630328 -0.094622605 -0.66634828 37 99 235
-0.028495211 -0.11927116 0.25611714 37 99 235
-0.42869499 0.018732453 0.32827985 37 99 235
-0.09529151 -0.11948819 0.41797966 37 99 235
-0.08220908 -0.11623187 0.0073453221 37 99 235
-0.0016502107 -0.014216647 -0.39918971 37 99 235
-0.14826301 -0.1137124 0.067269146 37 99 235
0.34499937 -0.19552587 0.38385826 37 99 235
0.35266238 -0.19368498 0.36387488 37 99 235
0.027819743 0.021225818 0.77850467 37 99 235
-0.065865442 -0.065314807 -0.43531731 37 99 235
0.12447672 -0.13625185 0.12785293 37 99 235
0.36188549 -0.20449577 0.28177327 37 99 235
-0.074472487 -0.064836077 -0.43932271 37 99 235
-0.41138616 -0.11812982 0.30720651 37 99 235
0.048136853 0.05067388 0.13489452 37 99 235
-0.29261753 -0.1813415 0.12748766 37 99 235
-0.022512384 -0.17477728 -0.15715061 37 99 235
-0.031305581 -0.1858992 0.23028915 37 99 235
0.42865568 -0.031729955 0.23238423 37 99 235
0.29783252 -0.12914665 0.067638718 37 99 235
0.0069976323 0.091926284 0.6211167 37 99 235
-0.038342219 0.065349922 -0.15730533 37 99 235
-0.28892481 -0.11562417 -0.040190116 37 99 235
0.00028283964 -0.0019918913 -0.29633954 37 99 235
0.10323962 -0.11972071 0.29319513 37 99 235
0.0025597683 -0.12216365 0.41633162 37 99 235
0.115813 -0.11827274 0.17438567 37 99 235
0.13579001 -0.031340696 0.21363224 37 99 235
0.023637425 0.12349094 -0.35608259 37 99 235
0.12540074 -0.088321522 -0.37988809 37 99 235
-0.025445433 -0.087698296 0.47704938 37 99 235
0.31844518 -0.13166991 0.099508308 37 99 235
0.1373951 -0.089550667 -0.19929977 37 99 235
-0.17797852 -0.11842411 0.18755527 37 99 235
0.035291821 0.0089795394 0.72103941 37 99 235
0.080884986 0.02583801 0.25404325 37 99 235
0.033755291 -0.17290354 -0.1107996 37 99 235
0.28769886 -0.12842818 0.12166141 37 99 235
-0.0054277852 0.013602824 -0.21776928 37 99 235
0.13782328 -0.083358787 -0.095735244 37 99 235
-0.40167457 -0.11758256 0.17185056 37 99 235
-0.035206992 0.008574455 -0.49161512 37 99 235
-0.31960577 -0.19435836 0.34989235 37 99 235
0.075510629 0.0032592663 0.69673246 37 99 235
0.053341512 -0.041972481 -0.6922096 37 99 235
0.32781547 -0.15655383 0.20960717 37 99 235
-0.13809069 -0.13288984 0.14984292 37 99 235
0.13914257 -0.11280043 0.015120886 37 99 235
0.12289596 0.0078417305 -0.25354639 37 99 235
0.1364114 -0.11554354 -0.029124212 37 99 235
-0.43674278 -0.078308277 0.38886136 37 99 235
-0.10461402 -0.076136254 -0.36582172 37 99 235
-0.23219009 -0.1157461 0.085042037 37 99 235
0.24859606 -0.11322056 0.068839043 37 99 235
0.031157559 -0.11318062 -0.24164142 37 99 235
-0.43054786 -0.0058891852 0.28882599 37 99 235
-0.25514132 -0.10501151 0.04622617 37 99 235
0.067011699 -0.11143745 -0.3849256 37 99 235
-0.1547211 -0.10544126 -0.20691092 37 99 235
-0.001289319 -0.04330866 -0.47072858 37 99 235
-0.36624745 -0.11672629 0.13137008 37 99 235
-0.11728792 -0.094564915 0.4345161 37 99 235
-0.063387074 0.043133412 -0.26463684 37 99 235
0.0020945913 0.041152246 -0.29064149 37 99 235
-0.016652299 -0.10760965 -0.60113221 37 99 235
-0.32351798 -0.10349411 0.20301311 37 99 235
-0.00053531548 0.17998396 0.60870636 37 99 235
-0.0025114031 -0.12209196 0.413185 37 99 235
0.060231343 -0.11816967 0.5112142 37 99 235
0.025087742 -0.14459869 0.16018756 37 99 235
0.2533153 -0.10019013 0.14876199 37 99 235
0.23478882 -0.14930727 -0.12955692 37 99 235
-0.034892172 0.0038873095 -0.60282588 37 99 235
-0.35713953 -0.16298208 0.29985923 37 99 235
0.097674161 0.026895853 -0.29143873 37 99 235
0.13579001 -0.058195312 0.17490062 37 99 235
0.23694055 -0.10704354 -0.072841011 37 99 235
0.038693819 0.014284523 0.79197609 37 99 235
-0.086354055 0.028833769 -0.11799651 37 99 235
-0.16645652 -0.10745813 -0.032302424 37 99 235
0.26721001 -0.1217617 -0.0042281705 37 99 235
0.012663689 0.056241658 0.68829799 37 99 235
0.12211013 0.0020264995 0.15263993 37 99 235
0.13579001 -0.07821396 0.030605055 37 99 235
-0.36795714 -0.18839638 0.024963353 37 99 235
-0.12753552 -0.0019834365 -0.10273392 37 99 235
0.13077015 -0.010147924 0.082588546 37 99 235
0.082899526 -0.1193426 0.26296788 37 99 235
-0.027975965 -0.1514485 -0.063371576 37 99 235
-0.28176948 -0.1205374 -0.068220846 37 99 235
-0.021479357 -0.031467523 0.55409557 37 99 235
-0.2976422 -0.10618853 0.24533993 37 99 235
0.033162579 0.070398487 -0.093697257 37 99 235
-0.030808644 0.069214746 0.024949081 37 99 235
0.065833129 -0.032309197 -0.475207 37 99 235
0.016256511 -0.15028669 0.3064273 37 99 235
-0.022171883 -0.11473322 -0.11543719 37 99 235
-0.0045069847 0.15381712 0.77128416 37 99 235
0.30730689 -0.20698351 0.14249559 37 99 235
0.35623613 -0.16663083 0.31998241 37 99 235
-0.24909008 -0.13943529 0.11148587 37 99 235
-0.06564223 -0.093759052 -0.46925983 37 99 235
0.43090117 -0.007434418 0.38170755 37 99 235
-0.43286258 -0.063608028 0.21475241 37 99 235
0.11801144 0.0014464593 -0.40641519 37 99 235
0.024767229 -0.11354268 -0.21200117 37 99 235
-0.2733523 -0.12058122 0.14823587 37 99 235
-0.36594135 -0.19230299 0.2579836 37 99 235
-0.0020108768 0.16936481 -0.33359686 37 99 235
0.004299318 -0.143637 0.14923319 37 99 235
-0.26120594 -0.11845228 0.19007148 37 99 235
0.12745461 -0.0083326017 0.11151268 37 99 235
0.17121804 -0.11683667 0.27785099 37 99 235
-0.045569401 -0.11542858 -0.058253996 37 99 235
0.39789736 -0.10270678 0.23945557 37 99 235
-0.4158574 -0.11956001 0.33139047 37 99 235
0.012334081 -0.1799712 0.30781206 37 99 235
-0.13302507 -0.016946826 -0.056645259 37 99 235
-0.0362035 -0.0012958337 -0.39125687 37 99 235
-0.36025244 -0.14084622 0.24414669 37 99 235
-0.33659029 -0.14956266 0.28682554 37 99 235
0.43449116 -0.02533914 0.37934619 37 99 235
-0.28232709 -0.13205753 -0.090223029 37 99 235
0.11470831 -0.0048264181 0.36025074 37 99 235
0.13579001 -0.037501756 -0.1079298 37 99 235
0.12740153 -0.015980303 -0.37005237 37 99 235
-0.050143261 -0.10134614 0.47684199 37 99 235
0.30528548 -0.11446828 0.040556423 37 99 235
-0.063336678 -0.1148962 -0.10201932 37 99 235
-0.29725337 -0.10305781 0.20608917 37 99 235
0.079799533 -0.0024884383 0.73573679 37 99 235
-0.10149979 -0.11284703 -0.26989034 37 99 235
0.21679093 -0.097748764 0.062186588 37 99 235
0.13579001 -0.068392515 0.16514388 37 99 235
0.0044116541 -0.10697909 0.47707218 37 99 235
0.049616486 -0.11695482 0.067134969 37 99 235
-0.034840066 0.018442379 0.72003704 37 99 235
-0.34287736 -0.12460231 0.21335365 37 99 235
0.11567573 0.0080429018 0.26098809 37 99 235
-0.053697783 -0.12273521 0.49556267 37 99 235
0.16293342 -0.12022051 -0.21180068 37 99 235
0.080411397 -0.11722335 0.088650249 37 99 235
0.1116477 0.019176068 -0.32223335 37 99 235
0.18057394 -0.11300384 -0.1693992 37 99 235
-0.21902791 -0.14811847 -0.20631222 37 99 235
0.39966944 -0.11891831 0.22812964 37 99 235
-0.30497602 -0.15554591 0.078873478 37 99 235
0.23730956 -0.10221688 0.19503902 37 99 235
0.26857632 -0.11976479 0.29697463 37 99 235
-0.064262956 0.029227274 0.35960811 37 99 235
-0.43306503 -0.083855644 0.32408768 37 99 235
-0.13048075 -0.090510026 -0.33311358 37 99 235
0.31225207 -0.20064127 0.020294501 37 99 235
0.22942357 -0.14054403 -0.14615047 37 99 235
0.0052930694 0.15445468 0.73602808 37 99 235
0.36474809 -0.17603207 0.20636292 37 99 235
0.12883036 -0.11947004 0.27247709 37 99 235
0.073445328 -0.11488575 -0.10264563 37 99 235
-0.052708253 0.0070700538 0.80613708 37 99 235
0.40319318 -0.11448654 0.30037618 37 99 235
0.0037567231 0.10560157 0.63323885 37 99 235
-0.17009974 -0.043928638 0.79174298 37 99 235
-0.0461285 -0.03738438 -0.74758196 37 99 235
-0.0046961023 0.13669844 0.63998872 37 99 235
0.34964392 -0.15369095 0.18783931 37 99 235
0.064604178 -0.028336046 -0.4783881 37 99 235
-0.4336611 -0.0097523993 0.26936367 37 99 235
0.32689494 -0.14043351 0.041007083 37 99 235
-0.4333092 -0.062803768 0.21740101 37 99 235
0.05027274 -0.1124042 -0.30596381 37 99 235
0.13439652 -0.011607683 -0.29459727 37 99 235
-0.028035404 0.14571758 -0.35039067 37 99 235
-0.035180647 0.023055606 -0.52177274 37 99 235
-0.34687933 -0.19049096 0.40364233 37 99 235
-0.25156912 -0.14663385 -0.10343917 37 99 235
0.1788168 -0.12623803 -0.19395077 37 99 235
0.041002814 0.058591343 0.14705719 37 99 235
0.27257657 -0.10880274 -0.03665591 37 99 235
-0.35995597 -0.11619181 0.31481799 37 99 235
0.3243061 -0.2051015 0.3334592 37 99 235
-0.26031041 -0.16197036 -0.14528693 37 99 235
-0.35384035 -0.21117312 0.2801998 37 99 235
-0.43490586 -0.036130562 0.32546458 37 99 235
-0.13576999 -0.077779703 -0.10485388 37 99 235
-0.016257625 0.048172582 -0.56590217 37 99 235
-0.34396708 -0.10742156 0.23576406 37 99 235
0.13579001 -0.064985394 -0.15128918 37 99 235
-0.19129303 -0.096742146 0.058060896 37 99 235
-0.057400148 -0.059900839 -0.63821995 37 99 235
4.152962e-05 0.13024312 0.67588562 37 99 235
0.311535 -0.1829561 0.32470062 37 99 235
0.021602649 -0.032594595 0.55082327 37 99 235
-0.031634457 0.074390732 -0.48381421 37 99 235
0.041788395 0.013536706 0.75648105 37 99 235
0.26462471 -0.11323273 -0.073132232 37 99 235
0.020185238 0.022951273 -0.31772658 37 99 235
-0.022632098 -0.14523098 -0.062662326 37 99 235
0.31820825 -0.20450547 0.31460959 37 99 235
-0.13576999 -0.077857666 0.28857493 37 99 235
0.11323617 -0.11387528 -0.16343242 37 99 235
0.026703641 -0.033534624 0.53432 37 99 235
0.17927626 -0.097173169 0.13033479 37 99 235
0.02422752 0.068868034 0.20732169 37 99 235
-5.3560052e-05 0.15897439 0.67119551 37 99 235
0.099271655 0.02621056 -0.19276005 37 99 235
-0.030372445 0.066834047 0.16773006 37 99 235
-0.2964009 -0.14261694 0.065027028 37 99 235
0.038709167 -0.16536924 0.018474445 37 99 235
0.13584749 -0.067206137 0.084603138 37 99 235
0.36474395 -0.10718106 0.26346013 37 99 235
0.01226421 0.073993169 0.22830324 37 99 235
0.12555815 0.0015339701 -0.081840679 37 99 235
-0.04183431 0.015368892 0.56838447 37 99 235
-0.07667876 -0.10482255 0.4807314 37 99 235
0.30996582 -0.19380863 0.29079849 37 99 235
0.35723463 -0.16984068 -0.070756331 37 99 235
-0.0048206383 0.020160681 -0.62476587 37 99 235
-0.056632273 -0.1228992 0.45351598 37 99 235
-0.10965348 -0.01532138 0.70903558 37 99 235
0.038417824 -0.10330537 -0.50837052 37 99 235
0.028267432 -0.1550554 0.23310095 37 99 235
-0.11375105 -0.11527289 -0.070319541 37 99 235
0.28469399 -0.11606863 -0.0053594508 37 99 235
0.072238147 -0.11839082 0.46618962 37 99 235
-0.13206792 -0.015122248 0.23954807 37 99 235
-0.035714574 -0.11624129 0.0086259432 37 99 235
-0.18402582 -0.10689806 -0.099814281 37 99 235
0.34209886 -0.13477977 0.054164469 37 99 235
0.0398251 -0.16555502 0.091395624 37 99 235
-0.28000477 -0.11957797 0.28225818 37 99 235
-0.021564679 -0.19139776 -0.556925 37 99 235
-0.10817812 -0.11440963 -0.14093512 37 99 235
-0.006176678 0.090474613 0.74334973 37 99 235
0.36196941 -0.11733601 0.041230064 37 99 235
0.018681729 0.061451156 -0.23251489 37 99 235
-0.13576999 -0.07898017 0.17218123 37 99 235
-0.13787782 -0.079773895 -0.28086603 37 99 235
-0.041266236 -0.18878344 0.052798841 37 99 235
0.0032288127 0.0063775079 0.74917316 37 99 235
-0.24135268 -0.099448487 0.12558928 37 99 235
0.075597011 -0.12199349 0.418708 37 99 235
-0.1363529 -0.065655984 -0.19120273 37 99 235
-0.0032494245 0.076015987 0.43233615 37 99 235
-0.24057329 -0.13763055 -0.06864205 37 99 235
-0.017632719 -0.12925257 0.4857119 37 99 235
0.020268762 0.07440497 0.055219315 37 99 235
0.0086039938 -0.13743265 0.50327408 37 99 235
0.25614545 -0.10327365 -0.022849128 37 99 235
0.035031594 0.046711542 -0.48862281 37 99 235
0.019329196 -0.20501941 0.16263631 37 99 235
-0.066540256 -0.015149879 -0.47079307 37 99 235
-0.016116433 -0.11035413 -0.72935677 37 99 235
-0.25289929 -0.14147644 0.11643435 37 99 235
-0.14482328 -0.11652157 0.031297375 37 99 235
0.13122024 -0.1091963 0.085059337 37 99 235
-0.049945019 -0.063333474 -0.74179763 37 99 235
0.050992552 -0.021949768 0.48483264 37 99 235
-0.34510952 -0.10641254 0.072448336 37 99 235
0.039661463 -0.18862951 0.091566332 37 99 235
-0.0021567948 -0.11276224 -0.54887563 37 99 235
-0.02931061 0.072062343 -0.12823403 37 99 235
-0.1839533 -0.1096353 0.026310435 37 99 235
-0.10346808 -0.059659872 0.50613278 37 99 235
0.04815701 0.055217635 -0.19569418 37 99 235
0.24252965 -0.099466428 0.12348805 37 99 235
0.0212369 0.071155034 -0.53155494 37 99 235
-0.16154365 -0.11462545 0.27832988 37 99 235
-0.02424523 0.069443285 -0.26720467 37 99 235
0.23295003 -0.11061801 -0.098521046 37 99 235
-0.4005774 -0.11248229 0.12904666 37 99 235
0.13643746 -0.098648034 -0.18355085 37 99 235
0.010921694 0.073911734 0.68221515 37 99 235
0.31095019 -0.17236295 -0.04935791 37 99 235
-0.13576999 -0.08930403 0.28127337 37 99 235
-0.13774695 -0.085885815 0.038974505 37 99 235
0.12003718 -0.018178003 0.6989674 37 99 235
0.43102077 0.033826288 0.36460784 37 99 235
-0.34071651 -0.13153917 0.22787604 37 99 235
0.016450254 -0.20915781 -0.01489755 37 99 235
0.076645464 -0.10205869 -0.36357191 37 99 235
0.023270627 -0.11786075 0.14083205 37 99 235
-0.085429244 -0.11113577 0.46231765 37 99 235
0.4311386 0.024190387 0.37218514 37 99 235
-0.12389991 -0.13843991 0.088389859 37 99 235
-0.31324339 -0.1715395 0.30783901 37 99 235
0.17443202 -0.11909529 0.24276432 37 99 235
0.0096500637 -0.097017966 0.50578392 37 99 235
0.076354869 0.030246077 0.068026349 37 99 235
-0.10729209 0.019253936 0.13479404 37 99 235
-0.37438118 -0.11835218 0.26849169 37 99 235
0.045957986 -0.036606655 -0.73748875 37 99 235
0.0035834736 -0.020386197 -0.78766894 37 99 235
-0.34600991 -0.21030785 0.074597955 37 99 235
-0.015705617 -0.20735921 -0.070724979 37 99 235
-0.0089273397 0.11101247 -0.39346772 37 99 235
-0.034066912 0.010684167 -0.4130441 37 99 235
-0.0027238266 0.13490351 0.54497808 37 99 235
-0.041370653 -0.059530377 0.47756818 37 99 235
0.056638964 0.046550363 -0.21962902 37 99 235
0.2946122 -0.11596765 -0.013167222 37 99 235
-0.12074665 -0.11955971 0.27986979 37 99 235
0.43587607 -0.10497523 0.15911777 37 99 235
0.018912043 0.02665776 0.72815549 37 99 235
-0.013932132 0.14488308 -0.32463321 37 99 235
0.1361721 -0.068057805 -0.18324752 37 99 235
-0.046880607 -0.087367654 -0.64706558 37 99 235
0.049861982 -0.0084804306 -0.5601635 37 99 235
-0.11946556 -0.017461367 -0.35575303 37 99 235
0.011532259 -0.0347642 0.58142471 37 99 235
0.33610532 -0.11335602 0.20063883 37 99 235
0.10347072 -0.11901237 0.14181444 37 99 235
-0.37283 -0.11063489 0.19484575 37 99 235
-0.033176873 -0.14895509 0.017606014 37 99 235
-0.42926124 0.049913339 0.34276345 37 99 235
-0.091968596 -0.12040409 0.33979419 37 99 235
0.26344717 -0.14268662 0.13197629 37 99 235
-0.15787065 -0.099996604 0.06944792 37 99 235
-0.40587056 -0.11285222 0.29536676 37 99 235
-0.28746971 -0.11634611 0.017618261 37 99 235
0.36951461 -0.11727753 0.31730145 37 99 235
-0.056317095 0.014975681 0.63026023 37 99 235
-0.04767295 0.026963966 0.49284524 37 99 235
0.051980007 0.052067954 -0.2389826 37 99 235
-0.13587967 -0.098634504 -0.19539113 37 99 235
-0.055648521 -0.026762148 -0.60566998 37 99 235
0.16689286 -0.041332971 0.77509063 37 99 235
0.31327608 -0.17790587 0.31848377 37 99 235
0.13479091 -0.023958663 -0.10185608 37 99 235
0.01271881 -0.14439918 0.24834307 37 99 235
0.033233754 -0.11909607 0.24225308 37 99 235
0.13013412 -0.051488973 0.37174094 37 99 235
-0.036173139 -0.17516306 0.17788163 37 99 235
-0.20523968 -0.06168367 0.83353472 37 99 235
-0.1116647 0.012723961 0.27751598 37 99 235
-0.29620269 -0.11570392 -0.0030695107 37 99 235
-0.31969953 -0.15957896 0.066968732 37 99 235
0.1112543 0.013663814 -0.11676261 37 99 235
0.21299338 -0.10566336 -0.094372354 37 99 235
-0.022773372 0.072490014 0.10512028 37 99 235
0.38545263 -0.10080061 0.22874846 37 99 235
0.10009281 0.022252051 0.0072676074 37 99 235
0.16924465 -0.094663598 -0.055816725 37 99 235
-0.38594586 -0.11840051 0.34446165 37 99 235
-0.0084778136 0.047036752 -0.5777297 37 99 235
0.0013151956 0.075596087 0.53899497 37 99 235
-0.12267748 -0.1376864 0.1095795 37 99 235
-0.22221105 -0.1520279 -0.13988544 37 99 235
0.047318913 -0.0038281996 -0.5628286 37 99 235
0.22154193 -0.14594015 -0.08692801 37 99 235
0.12587757 -0.11552037 -0.029424438 37 99 235
-0.13599512 -0.056152776 -0.17791228 37 99 235
-0.31009078 -0.17161238 0.2495843 37 99 235
-0.035742726 -0.11866032 0.2068757 37 99 235
0.3640461 -0.19171625 -0.059811775 37 99 235
0.040945467 -0.12326533 -0.53028899 37 99 235
-0.31463814 -0.10718393 0.048499219 37 99 235
0.077634588 -0.11779445 0.13589868 37 99 235
-0.053438202 -0.11656901 0.035155289 37 99 235
-0.015449241 0.080013067 -0.16200191 37 99 235
-0.028001737 -0.03054071 -0.48362863 37 99 235
0.015194439 -0.012393138 -0.26772219 37 99 235
-0.21772636 -0.12015945 0.3423323 37 99 235
-0.013545558 0.075324155 0.16603228 37 99 235
-0.016739853 -0.11880365 -0.57723671 37 99 235
0.00040793899 0.087885924 -0.54979068 37 99 235
-0.003004171 0.20284186 0.76308537 37 99 235
-0.22468778 -0.10078587 0.18258801 37 99 235
-0.046146631 0.048845503 0.39827067 37 99 235
0.30371624 -0.17032601 0.10658725 37 99 235
-0.055036031 -0.049326472 -0.6859594 37 99 235
-0.031564176 -0.00058279198 -0.35055706 37 99 235
0.10890451 -0.10568351 0.43996274 37 99 235
-0.31119075 -0.16985804 -0.1181244 37 99 235
-0.013996609 -0.11547541 -0.054603212 37 99 235
0.0072369045 -0.11015756 -0.42793983 37 99 235
0.43593782 -0.061467882 0.33115008 37 99 235
-0.16861498 -0.099611916 -0.048018057 37 99 235
-0.2145666 -0.065862603 0.82564616 37 99 235
-0.052557953 -0.11211057 -0.32974058 37 99 235
0.046251431 0.055397943 -0.16471715 37 99 235
0.12785217 -0.0067285053 0.29035679 37 99 235
-0.084871069 -0.05229843 0.47690853 37 99 235
-0.030348541 0.079299219 -0.46994865 37 99 235
-0.30696449 -0.1953855 0.0066589485 37 99 235
0.27228177 -0.12197823 0.10173763 37 99 235
0.43219495 -0.10215525 0.34816182 37 99 235
0.028676797 -0.14244409 0.014990354 37 99 235
0.39420211 -0.1128457 0.21226192 37 99 235
-0.28282934 -0.21889696 0.11006958 37 99 235
-0.21679714 -0.13922712 -0.10278149 37 99 235
-0.065961264 0.0042574229 0.73886126 37 99 235
0.36134294 -0.19263862 0.33625945 37 99 235
0.025862677 -0.11447483 -0.13586985 37 99 235
0.33727869 -0.14030902 0.17412306 37 99 235
-0.00089830341 0.22651434 0.82375282 37 99 235
-0.029586377 -0.11320716 -0.24006572 37 99 235
-0.18108189 -0.11839586 0.18519537 37 99 235
0.36912596 -0.11728492 0.24351422 37 99 235
-0.13476349 -0.095729515 -0.29963684 37 99 235
0.28109074 -0.11346884 0.27593431 37 99 235
-0.016718771 -0.11025435 -0.39021024 37 99 235
0.027372053 0.11453864 -0.48172012 37 99 235
-0.32551923 -0.10352135 0.19919279 37 99 235
0.0023582035 0.15246102 0.69077629 37 99 235
-0.10282936 -0.012645138 0.39656356 37 99 235
-0.045639873 -0.10676595 -0.42724934 37 99 235
0.037833791 -0.14816901 -0.46071789 37 99 235
0.20895985 -0.11390244 -0.039523125 37 99 235
0.36308736 -0.20036671 0.028108325 37 99 235
0.054050431 -0.038595956 0.50393403 37 99 235
-0.27833962 -0.11775767 0.065518178 37 99 235
-0.28952786 -0.123313 -0.062822245 37 99 235
0.071701065 0.022330618 0.35930625 37 99 235
0.012976102 -0.18050355 -0.21837221 37 99 235
0.05093969 -0.11594379 -0.016311042 37 99 235
0.10612391 0.019677214 0.023979176 37 99 235
-0.031218706 0.10892039 -0.5026108 37 99 235
0.24001983 -0.11809678 0.31503797 37 99 235
0.14023259 -0.090827912 0.021850985 37 99 235
0.10560903 -0.11398445 -0.17623469 37 99 235
-0.0082884403 0.056212883 -0.56805205 37 99 235
-0.02979866 0.070698127 -0.30064306 37 99 235
0.43153757 -0.017236032 0.29701674 37 99 235
-0.21341397 -0.10684344 -0.023469465 37 99 235
-0.43202391 -0.036900666 0.23663118 37 99 235
0.067762449 0.036990095 -0.18819129 37 99 235
0.024543278 -0.15003638 -0.12219205 37 99 235
0.18847267 -0.11937798 0.3473511 37 99 235
0.43603513 -0.072370276 0.24845123 37 99 235
-0.041646738 0.062049471 -0.17886139 37 99 235
-0.31218445 -0.111132 0.24730514 37 99 235
0.015284722 0.11882206 -0.45967224 37 99 235
0.10105628 -0.12031873 0.41075832 37 99 235
-0.14824539 -0.086613707 -0.10777895 37 99 235
-0.084050052 -0.10677793 0.46534273 37 99 235
0.20294553 -0.14920719 -0.12889682 37 99 235
0.025196817 -0.017086862 0.59546208 37 99 235
-0.10960818 0.0221809 -0.21042363 37 99 235
0.03313534 0.056096066 -0.42962089 37 99 235
0.21992332 -0.097260676 -0.014698824 37 99 235
0.025020365 0.071909547 0.071330376 37 99 235
0.2273002 -0.15690094 -0.089094467 37 99 235
0.11950011 -0.1052447 0.02804157 37 99 235
-0.058781564 -0.061031859 -0.55122262 37 99 235
-0.28463981 -0.11641416 0.32102185 37 99 235
0.0032305687 0.023304932 -0.30349517 37 99 235
0.11893666 -0.11817607 0.35644257 37 99 235
0.032846209 -0.18981512 0.14907493 37 99 235
0.16496922 -0.11303833 0.19954823 37 99 235
-0.033484053 0.029179908 0.59572434 37 99 235
-0.13570142 -0.097141773 -0.1792586 37 99 235
-0.33138737 -0.21679319 0.26848555 37 99 235
-0.030328408 -0.1809158 -0.12564164 37 99 235
-0.25573614 -0.099785 0.1086441 37 99 235
-0.14454626 -0.11470474 0.15654431 37 99 235
0.18328041 -0.12257012 0.017206063 37 99 235
-0.020526199 -0.035284586 0.5464738 37 99 235
0.10254309 0.0066681337 -0.43262535 37 99 235
-0.11075851 0.020587796 -0.35731849 37 99 235
0.049072474 0.021533625 0.49923849 37 99 235
0.019953182 -0.11630105 0.013373963 37 99 235
-0.033603512 -0.17069514 0.2283354 37 99 235
0.3528583 -0.11013237 0.23415248 37 99 235
-5.5798246e-05 0.10778714 0.84398425 37 99 235
-0.38453031 -0.11717299 0.085018307 37 99 235
0.00039716312 0.18309219 0.61562961 37 99 235
-0.042808212 -0.18651989 0.027072752 37 99 235
-0.1848485 -0.10989381 -0.0068519763 37 99 235
0.012767519 0.074099347 0.29237744 37 99 235
0.21284726 -0.11701351 0.07179831 37 99 235
0.24127451 -0.16334204 -0.0024620935 37 99 235
0.13579001 -0.066450715 -0.10004155 37 99 235
0.048682339 -0.035585161 -0.71811527 37 99 235
0.22704393 -0.15202111 -0.17121993 37 99 235
0.24018633 -0.12385572 0.039122809 37 99 235
0.11503442 -0.084163591 -0.40473792 37 99 235
-0.13521732 -0.024617508 -0.11548243 37 99 235
-0.17952251 -0.045721456 0.75108951 37 99 235
0.36997244 -0.1187704 0.34569618 37 99 235
-0.019350633 -0.014193191 -0.40055597 37 99 235
-0.053020958 -0.11668761 0.045208067 37 99 235
-0.041752145 0.032243766 0.52363586 37 99 235
0.059719842 -0.065238476 -0.52916884 37 99 235
0.002328075 -0.21922785 0.054918762 37 99 235
0.34272933 -0.17356543 -0.13051304 37 99 235
0.10813836 0.021485416 -0.39089549 37 99 235
0.30135387 -0.10948164 0.17103799 37 99 235
-0.31342962 -0.16280173 0.14242586 37 99 235
-0.43737298 -0.098646969 0.28858715 37 99 235
0.35599405 -0.15681647 0.064139664 37 99 235
-0.39054927 -0.11652289 0.17267664 37 99 235
0.014960373 0.072897382 0.55146092 37 99 235
-0.16449101 -0.095945016 0.074512988 37 99 235
0.046290517 -0.11316924 -0.24306849 37 99 235
0.035518054 -0.00021872898 -0.43802169 37 99 235
-0.43117407 0.031764627 0.34192824 37 99 235
0.035577454 -0.11703552 0.07387536 37 99 235
-0.27479574 -0.11881454 -0.020070888 37 99 235
-0.10945683 0.020736644 -0.097376406 37 99 235
-0.1358088 -0.069529064 -0.16712052 37 99 235
0.32052723 -0.15604183 0.19529118 37 99 235
-0.32992411 -0.16479392 0.34834099 37 99 235
0.0014515173 0.10978154 0.46483639 37 99 235
-0.004488186 0.071067691 0.42861176 37 99 235
-0.079929389 -0.096293412 -0.40322119 37 99 235
-0.050470706 0.016742228 0.49943331 37 99 235
-0.23662849 -0.16203721 -0.0086750761 37 99 235
0.43131137 0.0016120013 0.2352524 37 99 235
-0.13421048 -0.025988076 0.0045478367 37 99 235
0.31415218 -0.16204198 0.033158004 37 99 235
-0.21598975 -0.09707775 -0.020965284 37 99 235
0.077542976 -0.11785261 0.14054507 37 99 235
0.050953016 -0.031728785 0.4879196 37 99 235
-0.25025025 -0.13588518 0.1334618 37 99 235
-0.021600416 0.10870356 -0.31307909 37 99 235
0.13579001 -0.052092165 -0.049496133 37 99 235
0.041023325 -0.093731754 -0.44882396 37 99 235
0.087998308 -0.11518718 -0.077530503 37 99 235
-0.16319561 -0.11191723 -0.020229539 37 99 235
-0.10865469 -0.078851506 0.49518615 37 99 235
-0.070097722 -0.01880477 0.49943408 37 99 235
-0.016472958 -0.11002316 -0.74376523 37 99 235
-0.19863467 -0.10465247 0.12982213 37 99 235
-0.43585294 -0.10178643 0.38053176 37 99 235
-0.13576999 -0.043972082 0.30384347 37 99 235
0.026110541 0.073270284 -0.15021336 37 99 235
0.15109845 -0.10942675 0.39741904 37 99 235
-0.21464016 -0.10377343 0.16866185 37 99 235
0.27867815 -0.13419464 0.14546293 37 99 235
0.34308338 -0.20150532 -0.08119484 37 99 235
0.11147747 -0.1180212 0.30814421 37 99 235
0.23430713 -0.1314486 0.02364083 37 99 235
-0.027170487 0.06857805 0.13374989 37 99 235
-0.34125847 -0.19810328 -0.10363185 37 99 235
-0.061598822 -0.086779691 0.47701901 37 99 235
-0.30924803 -0.17562102 0.26330256 37 99 235
0.13579001 -0.053429119 -0.12688604 37 99 235
-0.017589873 -0.18487817 0.27848747 37 99 235
-0.071424745 0.031953666 0.043448448 37 99 235
0.056555796 -0.043843314 -0.64209288 37 99 235
-0.068954602 0.0025188902 0.69446319 37 99 235
-0.073227495 0.032961842 -0.090128697 37 99 235
-0.26340991 -0.10727087 0.028162906 37 99 235
0.078659602 -0.040001173 0.50452429 37 99 235
-0.35744518 -0.16112678 0.26599088 37 99 235
0.0077364687 0.07549578 0.30435327 37 99 235
0.20672406 -0.11466611 0.26979336 37 99 235
0.20234641 -0.059471332 0.78080076 37 99 235
-0.028638124 0.072664209 -0.067100391 37 99 235
-0.13576999 -0.074659489 0.0012683222 37 99 235
0.01170471 -0.098454311 -0.79463661 37 99 235
0.039014481 -0.10544385 -0.41766798 37 99 235
0.30455622 -0.17149748 0.074311353 37 99 235
0.067364916 -0.11174131 -0.36033735 37 99 235
0.037984982 -0.16566989 -0.032350551 37 99 235
-0.011720183 0.081816979 -0.55084783 37 99 235
-0.10182829 0.025577467 -0.291666 37 99 235
0.033218339 -0.20042284 0.079842642 37 99 235
-0.057697657 -0.11907974 0.24109404 37 99 235
0.093416877 0.027241278 -0.22237578 37 99 235
0.38386023 -0.087447524 0.22052509 37 99 235
0.069451749 -0.1224298 0.42976788 37 99 235
0.32272717 -0.16039261 -0.081008188 37 99 235
-0.13576999 -0.069497034 0.067446284 37 99 235
0.30677989 -0.10298502 0.19546665 37 99 235
0.37628579 -0.11154275 0.078472093 37 99 235
0.33496958 -0.11200559 0.2825557 37 99 235
0.13579001 -0.044589411 0.24517699 37 99 235
0.13615261 -0.092671931 -0.27021825 37 99 235
0.051246837 0.045545481 0.26742759 37 99 235
0.26621574 -0.10075786 0.15544941 37 99 235
-0.1008632 0.019718328 0.10896195 37 99 235
-0.13604744 -0.035396475 -0.29763535 37 99 235
-0.22509436 -0.11661379 0.13120265 37 99 235
0.13660488 -0.084065683 -0.20026702 37 99 235
-0.094730102 -0.12077641 0.40199858 37 99 235
0.36294234 -0.12484621 0.26462448 37 99 235
0.13935924 -0.10439051 0.097106226 37 99 235
-0.012002395 -0.11316451 -0.69821179 37 99 235
0.097130023 -0.00084196287 -0.44309208 37 99 235
0.43091312 -0.1134021 0.31092745 37 99 235
0.32012749 -0.19588193 0.34365466 37 99 235
0.13793238 -0.090124771 0.2096874 37 99 235
0.016259395 0.068897791 0.37583607 37 99 235
0.36690199 -0.1099881 0.085818648 37 99 235
-0.32286638 -0.21087505 0.20294961 37 99 235
-0.05772052 -0.10005698 -0.45823166 37 99 235
0.053780261 -0.11789809 0.14354829 37 99 235
0.13618003 -0.047825411 -0.18364899 37 99 235
0.098713554 0.024372721 -0.13094772 37 99 235
0.0289609 0.14693621 -0.52066362 37 99 235
0.12146597 -0.11956441 0.2799207 37 99 235
-0.011526941 0.16332099 -0.49674621 37 99 235
0.11860638 -0.10107653 0.4289858 37 99 235
0.066392995 -0.12044715 0.34184623 37 99 235
-0.027581798 -0.19963814 -0.051819585 37 99 235
0.30665356 -0.10906504 0.26209235 37 99 235
-0.034747314 0.060817551 0.43414718 37 99 235
-0.29333219 -0.11883253 0.22122702 37 99 235
-0.025601836 -0.20055489 0.17095664 37 99 235
0.055236988 -0.11815145 0.16479279 37 99 235
-0.0015906825 -0.14686219 0.087053038 37 99 235
0.0084590595 -0.14004727 -0.087009817 37 99 235
0.33065003 -0.19347093 -0.10820147 37 99 235
-0.24466901 -0.13058311 0.13755199 37 99 235
0.095655143 -0.11858765 0.2005538 37 99 235
-0.080158539 -0.11845952 0.19022673 37 99 235
0.0036064056 -0.043592669 -0.48232991 37 99 235
-0.43699551 -0.073872089 0.27807522 37 99 235
0.034535773 0.048330925 -0.49124074 37 99 235
-0.24057765 -0.13896884 -0.12937465 37 99 235
-0.2603046 -0.099768087 0.093386747 37 99 235
-0.16010956 -0.094598368 -0.080615796 37 99 235
0.19135047 -0.14526185 -0.049923185 37 99 235
-0.081041932 0.015952311 0.3544336 37 99 235
0.13378476 -0.097783223 0.28079239 37 99 235
-0.03955172 0.014439604 0.79846078 37 99 235
0.00094257324 0.11875676 0.62599528 37 99 235
0.028805133 -0.11909052 0.24197672 37 99 235
0.43608069 -0.097134687 0.22502172 37 99 235
-0.0045896759 0.073503487 0.351845 37 99 235
-0.31199825 -0.13666068 0.14028208 37 99 235
0.11590099 -0.075839221 0.45683062 37 99 235
-0.40937263 -0.11758952 0.1541031 37 99 235
-0.049957316 0.046520919 0.33112213 37 99 235
-0.08599472 -0.0072612502 0.82902265 37 99 235
0.31989115 -0.2073881 0.091968365 37 99 235
0.13579001 -0.097022936 -0.15477422 37 99 235
-0.13589448 -0.091563255 -0.17250077 37 99 235
0.13532884 -0.12910239 0.12470165 37 99 235
0.041423891 -0.17094861 0.092320561 37 99 235
-0.04181781 -0.090834789 -0.73670685 37 99 235
-0.14820652 -0.086704224 0.1197374 37 99 235
-0.12832649 -0.11415983 -0.1621339 37 99 235
-0.11578801 0.01644983 -0.28246215 37 99 235
0.3707968 -0.11491586 0.26008677 37 99 235
-0.042887323 -0.0586746 -0.77647281 37 99 235
-0.0228399 -0.14509191 -0.57651675 37 99 235
0.27973941 -0.2127994 0.14172855 37 99 235
-0.039952528 -0.16011769 0.050553266 37 99 235
0.036340445 0.015546464 0.79675013 37 99 235
0.084797882 -0.12038755 0.33893803 37 99 235
-0.25176227 -0.08236932 0.814744 37 99 235
0.28498736 -0.11453751 0.27574217 37 99 235
0.035674378 -0.019385334 -0.73401558 37 99 235
-0.38510463 -0.11705895 0.075528666 37 99 235
-0.010386179 0.0081054559 -0.64519507 37 99 235
-0.043625106 -0.01425982 0.72041971 234 88 12
-0.037211992 -0.013690007 0.72088241 234 88 12
0.035110714 0.0089684832 0.72362881 234 88 12
-0.036638954 -0.016177322 0.71518601 234 88 12
-0.0052169168 -0.01029159 0.71715812 234 88 12
0.006844797 -0.0064513861 0.7175219 234 88 12
0.041483213 0.0098264041 0.71782203 234 88 12
0.047099348 0.012934349 0.71779316 234 88 12
-0.029565518 -0.017743398 0.70991793 234 88 12
-0.023230443 -0.016732211 0.71044515 234 88 12
-0.0040741442 -0.014286811 0.70564294 234 88 12
0.042790566 0.0054596323 0.70616179 234 88 12
-0.0097473915 -0.018100276 0.69970849 234 88 12
0.0025436742 -0.014578548 0.70012833 234 88 12
-0.047861503 -0.025601495 0.69086443 234 88 12
-0.009266131 -0.019901367 0.69382177 234 88 12
0.032523023 -0.0042961199 0.69467218 234 88 12
-0.027861763 -0.025423987 0.6867382 234 88 12
-0.021396205 -0.024305755 0.6871766 234 88 12
0.05014503 0.0029268817 0.68892165 234 88 12
-0.014754962 -0.024695393 0.68167627 234 88 12
-0.0022943728 -0.021772278 0.6825234 234 88 12
0.015906506 -0.01546694 0.68312446 234 88 12
0.039141298 -0.0047067537 0.68314672 234 88 12
-0.047150765 -0.030330454 0.67294706 234 88 12
-0.0019606618 -0.02343714 0.67663058 234 88 12
0.05100807 -0.0001820326 0.67740918 234 88 12
-0.020566994 -0.029281339 0.66932773 234 88 12
0.028507425 -0.01344608 0.67161586 234 88 12
0.040018022 -0.0078133605 0.67167468 234 88 12
-0.046500312 -0.033764841 0.66099482 234 88 12
-0.013912047 -0.029618634 0.66389212 234 88 12
-0.026136831 -0.034904417 0.65081863 234 88 12
-0.019592979 -0.034004375 0.6513988 234 88 12
-0.013184319 -0.032702181 0.6519588 234 88 12
0.03558179 -0.015452077 0.65404329 234 88 12
0.052641513 -0.0065361313 0.65404891 234 88 12
-0.039306073 -0.037397954 0.64345805 234 88 12
-0.019382798 -0.035408978 0.64534275 234 88 12
0.0059114043 -0.029124213 0.64722233 234 88 12
0.030146055 -0.020020538 0.64802055 234 88 12
0.047531314 -0.011256675 0.64825456 234 88 12
2.4884872e-05 -0.032444733 0.64082096 234 88 12
-0.032286567 -0.039588696 0.63192345 234 88 12
-0.01258325 -0.036580686 0.63369403 234 88 12
0.036788739 -0.020235269 0.63626333 234 88 12
0.0068571229 -0.033441203 0.62916743 234 88 12
0.01306928 -0.031617538 0.62954873 234 88 12
0.048753823 -0.01588984 0.63051609 234 88 12
-0.018738818 -0.040401373 0.62103133 234 88 12
0.055243816 -0.015968302 0.61871065 234 88 12
-0.04551818 -0.045429275 0.60622793 234 88 12
0.0073881995 -0.037592819 0.61097549 234 88 12
0.032105784 -0.028930892 0.61231705 234 88 12
0.032497992 -0.031739393 0.60018279 234 88 12
0.050352176 -0.023551689 0.60076973 234 88 12
0.044758967 -0.027969929 0.59458531 234 88 12
-0.045676125 -0.049802765 0.58211332 234 88 12
0.0016239797 -0.04463326 0.58632562 234 88 12
0.0080577332 -0.043108584 0.58680124 234 88 12
0.050913042 -0.026717355 0.58876787 234 88 12
-0.031612352 -0.050638996 0.57745189 234 88 12
0.0082244202 -0.044350267 0.58070675 234 88 12
0.051171616 -0.028291127 0.58278628 234 88 12
-0.038493618 -0.052174814 0.57097316 234 88 12
-0.031517834 -0.051836489 0.57155744 234 88 12
0.014682576 -0.044044949 0.5751621 234 88 12
0.045459164 -0.03282125 0.57668277 234 88 12
0.05732904 -0.027202074 0.57705353 234 88 12
0.039665722 -0.037041616 0.5705427 234 88 12
0.045648922 -0.034524075 0.57079743 234 88 12
-0.017779899 -0.053251529 0.56110708 234 88 12
-0.045413849 -0.055518109 0.5532564 234 88 12
-0.031546596 -0.055309852 0.55432057 234 88 12
-0.0043208729 -0.052759036 0.55630967 234 88 12
0.0021749286 -0.051285339 0.5566802 234 88 12
0.014994005 -0.048267411 0.55756196 234 88 12
0.052189207 -0.038506234 0.54793827 234 88 12
0.058175313 -0.035715664 0.54812849 234 88 12
-0.04545218 -0.058819848 0.53632826 234 88 12
-0.024601023 -0.05846448 0.53796313 234 88 12
0.046211576 -0.042978754 0.54210394 234 88 12
-0.024688271 -0.059519852 0.53238779 234 88 12
0.02784447 -0.050770833 0.53574329 234 88 12
0.052456991 -0.042231056 0.53682278 234 88 12
-0.038728014 -0.060781087 0.52585664 234 88 12
0.034116139 -0.050594629 0.53058122 234 88 12
-0.038955879 -0.061612197 0.52046948 234 88 12
0.040256525 -0.050110121 0.52538575 234 88 12
0.052276502 -0.046992841 0.52040339 234 88 12
-0.039181569 -0.063612267 0.50985374 234 88 12
0.046157511 -0.051330425 0.5149602 234 88 12
0.033781009 -0.056878778 0.50924933 234 88 12
0.052038172 -0.050858692 0.51000573 234 88 12
0.027686143 -0.060409677 0.50383157 234 88 12
-0.039005834 -0.067454538 0.49431243 234 88 12
0.021627325 -0.063938455 0.49840643 234 88 12
-0.088217212 -0.071297038 0.48812424 234 88 12
-0.082394444 -0.070811599 0.4880725 234 88 12
-0.058569742 -0.069394845 0.48851242 234 88 12
-0.045609537 -0.069023745 0.48897968 234 88 12
-0.031967905 -0.0690179 0.48961887 234 88 12
-0.024930203 -0.06924249 0.49005316 234 88 12
0.0026595684 -0.068447457 0.49202473 234 88 12
-0.064107473 -0.073030496 0.47838336 234 88 12
-0.051644441 -0.072501263 0.47869999 234 88 12
0.0093468874 -0.071497997 0.48230358 234 88 12
0.02774284 -0.067690957 0.48308747 234 88 12
0.03375462 -0.065997098 0.4832906 234 88 12
-0.057644693 -0.074537949 0.47345288 234 88 12
-0.017503234 -0.074610154 0.47555389 234 88 12
0.015529649 -0.072331594 0.47747995 234 88 12
-0.086537105 -0.078394618 0.46843693 234 88 12
-0.057291527 -0.076417587 0.46850884 234 88 12
0.039690948 -0.067999971 0.47310378 234 88 12
-0.086042025 -0.080414467 0.46358922 234 88 12
-0.056873423 -0.078346948 0.46352301 234 88 12
-0.0377428 -0.077937568 0.46422817 234 88 12
-0.010370623 -0.078210317 0.46598343 234 88 12
-0.043938974 -0.079828347 0.45898801 234 88 12
-0.067690729 -0.082838707 0.45365871 234 88 12
-0.043482013 -0.081877947 0.45410319 234 88 12
0.027789267 -0.077479847 0.4576092 234 88 12
-0.084469888 -0.086668981 0.44912875 234 88 12
-0.061242166 -0.084603024 0.44885543 234 88 12
0.07966234 -0.061036902 0.45374698 234 88 12
0.48194508 0.0030849166 0.50525572 234 88 12
0.50083047 0.0047167136 0.50505365 234 88 12
-0.50498858 -0.29722139 0.49386591 234 88 12
-0.44217202 -0.26735475 0.49402546 234 88 12
-0.07819682 -0.088175215 0.44420869 234 88 12
-0.054718137 -0.086378782 0.44411085 234 88 12
0.021903889 -0.083011846 0.44735609 234 88 12
0.051454972 -0.074670707 0.4478515 234 88 12
0.095926885 -0.057518535 0.44999162 234 88 12
0.10128345 -0.055546156 0.45053399 234 88 12
0.48226712 0.00041033743 0.49931327 234 88 12
0.48863132 0.00099945271 0.49923261 234 88 12
0.49499653 0.0014033008 0.49916541 234 88 12
0.5265437 0.0050498578 0.49892273 234 88 12
-0.49873667 -0.29776127 0.48758357 234 88 12
-0.43649733 -0.2672977 0.48762795 234 88 12
-0.43105999 -0.26426558 0.48747728 234 88 12
-0.088756324 -0.092238107 0.43979988 234 88 12
-0.035507782 -0.08846862 0.43997736 234 88 12
-0.022281984 -0.088537759 0.44058008 234 88 12
0.003790371 -0.087826877 0.44184995 234 88 12
0.068638592 -0.070776477 0.44331518 234 88 12
0.47605825 -0.0023609298 0.49335912 234 88 12
-0.50440339 -0.30324707 0.48115675 234 88 12
-0.0022346526 -0.090426906 0.43660472 234 88 12
0.022224655 -0.087368717 0.43735353 234 88 12
0.095690802 -0.062700104 0.43996764 234 88 12
0.48932126 -0.0042444115 0.48739485 234 88 12
0.54012792 0.001459058 0.48703625 234 88 12
0.55286376 0.0034039416 0.48691509 234 88 12
-0.47485305 -0.29344307 0.47545222 234 88 12
-0.46915335 -0.29069164 0.47553217 234 88 12
-0.4523076 -0.28224959 0.47550846 234 88 12
-0.43597629 -0.2730695 0.47533781 234 88 12
0.48308855 -0.0069209305 0.4813905 234 88 12
0.52131 -0.0034625987 0.48117404 234 88 12
0.53407949 -0.0017427535 0.48110246 234 88 12
-0.51618067 -0.31343749 0.46847628 234 88 12
-0.49798271 -0.30668705 0.46874283 234 88 12
-0.045703576 -0.096196232 0.42505443 234 88 12
0.011125324 -0.094185162 0.42720778 234 88 12
0.48966539 -0.0087145536 0.47532104 234 88 12
0.50242489 -0.007900079 0.47532018 234 88 12
0.53437597 -0.0042313087 0.47509177 234 88 12
-0.45175813 -0.2878505 0.46316699 234 88 12
-0.44094814 -0.28179373 0.46324252 234 88 12
-0.044824739 -0.098874271 0.42018077 234 88 12
0.023280307 -0.094696943 0.42246729 234 88 12
0.057599202 -0.084585507 0.42300094 234 88 12
0.52177584 -0.0078364816 0.46908074 234 88 12
0.52821411 -0.0073008997 0.46914914 234 88 12
-0.51571573 -0.31897618 0.4562939 234 88 12
-0.46254176 -0.29676522 0.45717814 234 88 12
-0.451417 -0.29064538 0.45724886 234 88 12
5.6672952e-05 -0.10044878 0.41684759 234 88 12
0.023735468 -0.097388102 0.41751878 234 88 12
0.035159623 -0.094615822 0.41773832 234 88 12
0.040865369 -0.092775899 0.41774782 234 88 12
0.085329163 -0.077672189 0.41915387 234 88 12
0.52202213 -0.010319614 0.46322106 234 88 12
0.56073319 -0.0048764396 0.46335816 234 88 12
-0.5093659 -0.31954392 0.45033506 234 88 12
-0.49729508 -0.31478599 0.45043692 234 88 12
-0.46227411 -0.29920162 0.45104491 234 88 12
-0.44569014 -0.29046974 0.4514296 234 88 12
-0.42974279 -0.28076617 0.45138599 234 88 12
-0.011550452 -0.10378757 0.41136765 234 88 12
0.0067418555 -0.10267923 0.41213189 234 88 12
0.012632997 -0.10206145 0.41231458 234 88 12
0.018427182 -0.10109997 0.41240017 234 88 12
0.0241698 -0.10012406 0.41256438 234 88 12
0.080119537 -0.08249067 0.41388057 234 88 12
0.090745686 -0.078729147 0.41459686 234 88 12
0.50936653 -0.013861728 0.45748938 234 88 12
-0.5030589 -0.31965966 0.44443151 234 88 12
-0.49698658 -0.31728895 0.44452323 234 88 12
-0.47905005 -0.30992783 0.44480837 234 88 12
-0.45079413 -0.29616816 0.44543106 234 88 12
-0.041773637 -0.10741013 0.40546984 234 88 12
-0.029561541 -0.10702869 0.40572687 234 88 12
0.013175319 -0.10465727 0.40738334 234 88 12
0.074978564 -0.087037059 0.40871372 234 88 12
0.46985895 -0.017683325 0.45133988 234 88 12
0.50958519 -0.016272076 0.45174557 234 88 12
0.51609158 -0.015759399 0.45174093 234 88 12
-0.51514421 -0.32656876 0.43849096 234 88 12
-0.49060779 -0.31750841 0.43879764 234 88 12
-0.45589005 -0.30162663 0.439422 234 88 12
-0.43439634 -0.28959933 0.43994613 234 88 12
-0.074636362 -0.11373833 0.40109317 234 88 12
-0.063552288 -0.11219126 0.40088802 234 88 12
0.036442254 -0.10256724 0.40280687 234 88 12
0.058830935 -0.095260835 0.40314924 234 88 12
-0.43933883 -0.295324 0.43414723 234 88 12
-0.42889047 -0.28846224 0.43407486 234 88 12
-0.078850777 -0.1178858 0.39632718 234 88 12
-0.027423267 -0.113322 0.3960579 234 88 12
-0.0090950772 -0.1126979 0.3967675 234 88 12
-0.0030607346 -0.11244708 0.39699548 234 88 12
0.0029018874 -0.11190011 0.3972717 234 88 12
0.014561583 -0.11037081 0.39762803 234 88 12
0.031380154 -0.10697315 0.39787879 234 88 12
0.048168942 -0.10197988 0.3980395 234 88 12
0.059312612 -0.098127871 0.39821601 234 88 12
0.064765041 -0.096121952 0.39838664 234 88 12
0.070159059 -0.094156576 0.39858106 234 88 12
0.075558373 -0.092533839 0.39892943 234 88 12
0.080907455 -0.090790676 0.39923345 234 88 12
0.096662618 -0.085584592 0.40039723 234 88 12
0.53568669 -0.017033191 0.43997072 234 88 12
-0.44980602 -0.30354026 0.42813874 234 88 12
0.0037518077 -0.1148539 0.3924119 234 88 12
0.065285051 -0.099041528 0.39355261 234 88 12
0.48322111 -0.023486667 0.43375806 234 88 12
-0.47188972 -0.3170039 0.42192633 234 88 12
-0.42839051 -0.29329581 0.42270305 234 88 12
0.0547725 -0.10551692 0.38822972 234 88 12
0.071153105 -0.10009103 0.38894012 234 88 12
0.46972001 -0.025135589 0.42750711 234 88 12
0.490037 -0.025150062 0.42807219 234 88 12
0.52952892 -0.021779796 0.42833855 234 88 12
0.55553922 -0.017958926 0.4285139 234 88 12
-0.51396146 -0.33559801 0.41546318 234 88 12
-0.47750214 -0.32167173 0.41618666 234 88 12
-0.46587337 -0.31661404 0.41649825 234 88 12
-0.42818235 -0.2954653 0.41710537 234 88 12
-0.058469284 -0.12533126 0.38114684 234 88 12
-0.036169266 -0.12282538 0.3810081 234 88 12
-0.030256804 -0.12258863 0.38115952 234 88 12
-0.018230231 -0.12204277 0.38152645 234 88 12
0.016979991 -0.11920195 0.38300583 234 88 12
0.03355125 -0.11540347 0.38317682 234 88 12
0.055403259 -0.10838957 0.38341103 234 88 12
0.49703513 -0.0269289 0.42245046 234 88 12
0.5103178 -0.026146324 0.42268192 234 88 12
0.52328845 -0.024531312 0.42264914 234 88 12
0.56857591 -0.017302876 0.42296367 234 88 12
-0.4950936 -0.33114975 0.41019068 234 88 12
-0.4713986 -0.32142004 0.41080854 234 88 12
-0.44903354 -0.31017043 0.41141537 234 88 12
-0.062425423 -0.12983517 0.37635719 234 88 12
-0.034931373 -0.1260543 0.37617552 234 88 12
-0.023057444 -0.12565224 0.37658121 234 88 12
0.00063891002 -0.12431039 0.37752572 234 88 12
0.03979379 -0.11674954 0.378431 234 88 12
0.056029542 -0.11144317 0.37871599 234 88 12
0.077543861 -0.10441812 0.37979026 234 88 12
0.093266242 -0.099295353 0.38075894 234 88 12
0.51050422 -0.027838067 0.41687927 234 88 12
0.54922639 -0.02238433 0.41694441 234 88 12
0.56224832 -0.020139234 0.41711527 234 88 12
-0.48890579 -0.33068226 0.4047535 234 88 12
-0.4330789 -0.30279466 0.40609215 234 88 12
-0.086920704 -0.14007782 0.37271414 234 88 12
-0.071421375 -0.13580069 0.37184169 234 88 12
-0.060875986 -0.13364667 0.37152439 234 88 12
-0.044883615 -0.13090117 0.37132898 234 88 12
-0.0099079576 -0.12830279 0.37220533 234 88 12
-0.004066991 -0.12782045 0.37239711 234 88 12
0.035168609 -0.12121095 0.37360242 234 88 12
0.051303735 -0.11619116 0.37394191 234 88 12
0.067443295 -0.11123889 0.37461548 234 88 12
0.083365117 -0.10585317 0.37547011 234 88 12
0.12867508 -0.092277179 0.37926987 234 88 12
0.13350415 -0.090961444 0.37991681 234 88 12
0.16133935 -0.081820087 0.38395054 234 88 12
0.42697939 -0.031181759 0.40857472 234 88 12
0.43893976 -0.031210633 0.40922745 234 88 12
0.52370075 -0.028392072 0.41127925 234 88 12
0.56889604 -0.020823028 0.41177736 234 88 12
-0.48863433 -0.33266875 0.39927057 234 88 12
-0.48267477 -0.33030399 0.39948652 234 88 12
-0.45974718 -0.3200679 0.40020825 234 88 12
-0.45421761 -0.31718863 0.4003325 234 88 12
-0.44345559 -0.31124844 0.40058748 234 88 12
-0.11529429 -0.15368568 0.37032668 234 88 12
-0.064605632 -0.13824163 0.36671831 234 88 12
-0.048864851 -0.1351779 0.36643697 234 88 12
-0.032302885 -0.13261873 0.3664529 234 88 12
-0.026419075 -0.13222115 0.36662883 234 88 12
-0.0029404436 -0.13089219 0.36756009 234 88 12
0.052040254 -0.1193449 0.36935889 234 88 12
0.13390259 -0.094474308 0.37520887 234 88 12
0.13865034 -0.093026279 0.37578911 234 88 12
0.16169466 -0.085253839 0.37906254 234 88 12
0.45124676 -0.033136178 0.40406716 234 88 12
0.4636808 -0.032691241 0.40428226 234 88 12
0.48382683 -0.032874219 0.40491029 234 88 12
-0.49425411 -0.3370934 0.39373026 234 88 12
-0.48242763 -0.3322087 0.39406635 234 88 12
-0.14754817 -0.16940218 0.36914411 234 88 12
-0.1087308 -0.15577711 0.36497941 234 88 12
-0.030830472 -0.13611523 0.36158112 234 88 12
0.052904351 -0.12258462 0.36479912 234 88 12
0.068831657 -0.1177055 0.36546693 234 88 12
0.079401367 -0.11453519 0.36601474 234 88 12
0.10521529 -0.1063696 0.3675727 234 88 12
0.4457588 -0.035452711 0.3982143 234 88 12
0.45160934 -0.035255003 0.39840326 234 88 12
0.49823789 -0.034694581 0.39961688 234 88 12
0.51155701 -0.033529751 0.39980739 234 88 12
-0.51213841 -0.34528926 0.3881405 234 88 12
-0.50599013 -0.34317051 0.38809472 234 88 12
-0.49987467 -0.34110901 0.38822928 234 88 12
-0.47053508 -0.32918057 0.38911848 234 88 12
-0.4536791 -0.32113328 0.38961133 234 88 12
-0.12674648 -0.16607475 0.36200705 234 88 12
-0.10710513 -0.15946572 0.36010521 234 88 12
-0.051117164 -0.14307782 0.35681184 234 88 12
-0.011985427 -0.13790827 0.35748206 234 88 12
0.053765256 -0.12588499 0.3602129 234 88 12
0.064448557 -0.12275618 0.36066168 234 88 12
0.12050255 -0.10586531 0.36435566 234 88 12
0.17632469 -0.087665254 0.37147325 234 88 12
0.41668936 -0.037217186 0.39079836 234 88 12
0.42856215 -0.037254279 0.39158506 234 88 12
0.45807012 -0.03696391 0.39280171 234 88 12
0.47755181 -0.036578188 0.39323899 234 88 12
0.52472713 -0.033335637 0.39422893 234 88 12
0.53097164 -0.032373724 0.3942514 234 88 12
-0.48171846 -0.33601753 0.38340274 234 88 12
-0.4479556 -0.32012102 0.38445744 234 88 12
-0.43205347 -0.31018236 0.38441079 234 88 12
-0.13487655 -0.1729792 0.35811018 234 88 12
-0.12520462 -0.16968994 0.35708699 234 88 12
-0.090574059 -0.15810673 0.35401134 234 88 12
-0.085545611 -0.15628988 0.35356654 234 88 12
-0.070364509 -0.15157081 0.35265826 234 88 12
-0.044347399 -0.14575004 0.35208837 234 88 12
0.011539787 -0.13808792 0.35365461 234 88 12
0.038745215 -0.13299926 0.35489657 234 88 12
0.049337894 -0.1304046 0.35530329 234 88 12
0.054695157 -0.12903665 0.35556639 234 88 12
0.091701591 -0.11835038 0.35731214 234 88 12
0.13996476 -0.10389846 0.36198898 234 88 12
0.14457525 -0.10230736 0.36247986 234 88 12
0.18124649 -0.089275147 0.36711575 234 88 12
0.41717536 -0.0389314 0.38514061 234 88 12
0.42912225 -0.039157456 0.38595143 234 88 12
-0.1237111 -0.17309808 0.35220058 234 88 12
-0.094180678 -0.16306629 0.34955377 234 88 12
-0.089113455 -0.16144854 0.34920072 234 88 12
-0.084100662 -0.15963839 0.34874457 234 88 12
0.039656017 -0.13606174 0.3503363 234 88 12
0.050273521 -0.13361698 0.35076109 234 88 12
0.09746114 -0.11996219 0.35289007 234 88 12
0.10246019 -0.11828067 0.35326242 234 88 12
0.17700154 -0.094600514 0.36181699 234 88 12
0.47832821 -0.040533845 0.38218505 234 88 12
0.53792301 -0.034917119 0.38327867 234 88 12
-0.49859339 -0.34635381 0.37251416 234 88 12
-0.47500926 -0.33741725 0.37321869 234 88 12
-0.42614816 -0.31040071 0.37379874 234 88 12
-0.12235139 -0.17644729 0.34734347 234 88 12
-0.030392649 -0.15061147 0.34276845 234 88 12
-0.0026514886 -0.14679281 0.3437636 234 88 12
0.029988245 -0.14127892 0.34532119 234 88 12
0.061832615 -0.13428484 0.34658804 234 88 12
0.067196954 -0.13294841 0.34676961 234 88 12
0.13167358 -0.11310261 0.35172241 234 88 12
0.18208297 -0.096333221 0.35761578 234 88 12
0.43022375 -0.043107911 0.37494569 234 88 12
0.44185484 -0.04327605 0.3755634 234 88 12
0.45931859 -0.042731089 0.37619434 234 88 12
0.47204999 -0.042479327 0.37656346 234 88 12
0.49260765 -0.041844091 0.37713003 234 88 12
0.49958877 -0.041355322 0.37727666 234 88 12
0.5635619 -0.031761524 0.37842885 234 88 12
0.56994944 -0.030568232 0.37873197 234 88 12
-0.4577325 -0.33100326 0.3684744 234 88 12
-0.13061745 -0.18308851 0.34355854 234 88 12
-0.10615396 -0.17482889 0.34126965 234 88 12
-0.001371478 -0.1499273 0.33910512 234 88 12
0.036361883 -0.14341731 0.3409421 234 88 12
0.052226066 -0.14044449 0.34172747 234 88 12
0.068244588 -0.13659575 0.34227571 234 88 12
0.073426539 -0.13508425 0.3424466 234 88 12
0.083789072 -0.13216181 0.34293478 234 88 12
0.094015095 -0.12882106 0.34350235 234 88 12
0.10892847 -0.12426053 0.34480319 234 88 12
0.12766263 -0.11794732 0.34669501 234 88 12
0.13221023 -0.11652527 0.34719516 234 88 12
0.49304502 -0.043564884 0.37173993 234 88 12
0.54475147 -0.037071185 0.37247768 234 88 12
-0.45723243 -0.33281154 0.36337504 234 88 12
-0.45173304 -0.32999227 0.36348319 234 88 12
-0.409595 -0.3033583 0.36282814 234 88 12
-0.18591565 -0.20612354 0.34616013 234 88 12
-0.17671164 -0.20298949 0.34492793 234 88 12
-0.14846978 -0.19319926 0.34114933 234 88 12
-0.11466244 -0.18130219 0.33733439 234 88 12
-0.054283176 -0.16265881 0.33356292 234 88 12
0.010753683 -0.15176719 0.3351434 234 88 12
0.042833107 -0.14591919 0.33664117 234 88 12
0.10481813 -0.12941297 0.33989617 234 88 12
0.11913403 -0.12490275 0.34129533 234 88 12
0.12822687 -0.12142931 0.34211537 234 88 12
0.1418329 -0.11696144 0.34365412 234 88 12
0.16901652 -0.10780307 0.34679225 234 88 12
0.24035411 -0.08235125 0.35378066 234 88 12
0.25909274 -0.07650405 0.35589486 234 88 12
0.41955454 -0.047073342 0.36355979 234 88 12
0.4311765 -0.047200347 0.36421739 234 88 12
0.45429183 -0.04715942 0.36540915 234 88 12
0.47963276 -0.04583949 0.36597314 234 88 12
0.52642391 -0.041900006 0.3668297 234 88 12
-0.48514628 -0.34705692 0.35759696 234 88 12
-0.4622869 -0.33722656 0.35816845 234 88 12
-0.45667822 -0.33467252 0.35832102 234 88 12
-0.45122302 -0.3318539 0.35840496 234 88 12
-0.44585606 -0.32880372 0.35846268 234 88 12
-0.44056518 -0.3256116 0.35851987 234 88 12
-0.43002278 -0.31928676 0.35859142 234 88 12
-0.40385919 -0.30215849 0.35756308 234 88 12
-0.39863444 -0.29881035 0.35736618 234 88 12
-0.19879341 -0.21369392 0.34304295 234 88 12
-0.19409728 -0.21236661 0.34248988 234 88 12
-0.10353493 -0.1811764 0.33169424 234 88 12
0.0066926719 -0.15630368 0.33032577 234 88 12
0.022949335 -0.1537281 0.33114775 234 88 12
0.033759031 -0.15159463 0.33163014 234 88 12
0.10080396 -0.13489459 0.33510296 234 88 12
0.11977048 -0.12851698 0.33673846 234 88 12
0.13339198 -0.12351819 0.33810793 234 88 12
0.13787807 -0.1219416 0.33861101 234 88 12
0.14235122 -0.12033899 0.33913035 234 88 12
0.1514512 -0.11727294 0.34013424 234 88 12
0.18809532 -0.10428243 0.34396617 234 88 12
0.20250382 -0.099133464 0.34535749 234 88 12
0.23133544 -0.088742009 0.34798677 234 88 12
0.24088152 -0.08580249 0.34894963 234 88 12
0.46701859 -0.048161634 0.36023471 234 88 12
0.49375887 -0.046909821 0.36089188 234 88 12
0.50729499 -0.045676369 0.36107365 234 88 12
0.51389287 -0.044904437 0.36117089 234 88 12
0.54532081 -0.040275512 0.3616453 234 88 12
0.57058774 -0.035434144 0.36241999 234 88 12
-0.47871649 -0.34659457 0.3526891 234 88 12
-0.47295067 -0.34429251 0.35289323 234 88 12
-0.43468432 -0.32434462 0.35354557 234 88 12
-0.20227587 -0.21848375 0.33879427 234 88 12
-0.16012388 -0.20492253 0.33355773 234 88 12
-0.051484328 -0.16956589 0.32422537 234 88 12
-0.046089028 -0.16855141 0.32422139 234 88 12
-0.035350893 -0.16654763 0.32430636 234 88 12
0.002783732 -0.16088876 0.32564083 234 88 12
0.018899284 -0.15845254 0.3263611 234 88 12
0.04554328 -0.15366941 0.3276501 234 88 12
0.055960363 -0.1513063 0.3281006 234 88 12
0.086704646 -0.14303874 0.32974188 234 88 12
0.11126203 -0.13516357 0.33133869 234 88 12
0.16537917 -0.11559798 0.33699002 234 88 12
0.16990298 -0.11398092 0.33749814 234 88 12
0.21261896 -0.098915842 0.34152225 234 88 12
0.25551318 -0.084549299 0.3454874 234 88 12
0.42050309 -0.05114478 0.35291511 234 88 12
0.46132461 -0.050406564 0.35470899 234 88 12
0.55804041 -0.039368464 0.35637569 234 88 12
0.57076906 -0.036986622 0.35695813 234 88 12
-0.43931078 -0.32942868 0.3484307 234 88 12
-0.42884583 -0.32327014 0.34850585 234 88 12
-0.42368795 -0.31977444 0.34835835 234 88 12
-0.19634561 -0.22084448 0.33359056 234 88 12
-0.18231447 -0.21633715 0.33181763 234 88 12
-0.17757631 -0.2147598 0.33119774 234 88 12
-0.15418109 -0.20658048 0.32825965 234 88 12
-0.1494874 -0.20474244 0.32763246 234 88 12
-0.076073908 -0.17956847 0.32044609 234 88 12
-0.055437986 -0.174259 0.31969915 234 88 12
-0.028401579 -0.16907364 0.31970956 234 88 12
0.020273861 -0.16226711 0.32183206 234 88 12
0.041675759 -0.15852804 0.32286155 234 88 12
0.097555155 -0.14374014 0.32590738 234 88 12
0.10727843 -0.14036288 0.32648973 234 88 12
0.16590735 -0.11905429 0.33237134 234 88 12
0.20351581 -0.10594252 0.33594841 234 88 12
0.2417794 -0.092363662 0.33923143 234 88 12
0.25602869 -0.087629194 0.34054567 234 88 12
0.42097682 -0.053254798 0.34759582 234 88 12
0.48087258 -0.051237573 0.34972055 234 88 12
0.50797084 -0.049059156 0.35030598 234 88 12
0.53977879 -0.044554662 0.35070398 234 88 12
-0.50770065 -0.35996398 0.34193616 234 88 12
-0.48944269 -0.35415523 0.34227256 234 88 12
-0.48346499 -0.35221047 0.34246109 234 88 12
-0.46594129 -0.34556475 0.34300881 234 88 12
-0.38628616 -0.29855589 0.34163903 234 88 12
-0.38100665 -0.295352 0.34132589 234 88 12
-0.16247105 -0.21310505 0.32468059 234 88 12
-0.13396353 -0.20286146 0.3212334 234 88 12
-0.12435288 -0.19917253 0.32004438 234 88 12
-0.094827655 -0.18909265 0.31715287 234 88 12
-0.079862215 -0.18456217 0.31613963 234 88 12
-0.064568653 -0.18015311 0.31539079 234 88 12
-0.054084964 -0.17757818 0.3150237 234 88 12
-0.043204477 -0.17539667 0.31491149 234 88 12
-0.015738052 -0.17128926 0.31547558 234 88 12
0.011016873 -0.16779762 0.31682714 234 88 12
0.021679299 -0.16596849 0.31724716 234 88 12
0.027064855 -0.16512542 0.31746742 234 88 12
0.05342898 -0.16030007 0.31905817 234 88 12
0.098408894 -0.14744107 0.32147729 234 88 12
0.10324966 -0.14579359 0.32174599 234 88 12
0.20406801 -0.10932245 0.3312431 234 88 12
0.21361294 -0.10577963 0.33203999 234 88 12
0.21848733 -0.10419331 0.33247747 234 88 12
0.4271683 -0.055024341 0.34256807 234 88 12
0.43293685 -0.055037305 0.34288588 234 88 12
0.5082734 -0.050997142 0.34499787 234 88 12
0.51484817 -0.050160135 0.34504908 234 88 12
0.53388224 -0.047368169 0.34520072 234 88 12
0.55846149 -0.042175992 0.34543327 234 88 12
-0.49485641 -0.35801985 0.33708184 234 88 12
-0.44882541 -0.33890089 0.33820614 234 88 12
-0.42235305 -0.32354886 0.33826138 234 88 12
-0.3855019 -0.30088717 0.33666349 234 88 12
-0.19854904 -0.22924441 0.32452431 234 88 12
-0.18921305 -0.22633121 0.32352078 234 88 12
-0.13285118 -0.20598531 0.31647634 234 88 12
-0.083682996 -0.18931574 0.31187023 234 88 12
0.012449152 -0.17163026 0.31226201 234 88 12
0.023068763 -0.16986852 0.31272507 234 88 12
0.039152063 -0.16728542 0.31365505 234 88 12
0.099234477 -0.15114062 0.31703607 234 88 12
0.11322053 -0.14621656 0.31792051 234 88 12
0.13132517 -0.13967872 0.31939087 234 88 12
0.1716547 -0.12430766 0.3233751 234 88 12
0.19011794 -0.11747206 0.32513406 234 88 12
0.20942773 -0.11099292 0.32688424 234 88 12
0.23324052 -0.10285526 0.32894229 234 88 12
0.25217625 -0.095940474 0.33043186 234 88 12
0.26165247 -0.092772941 0.33131823 234 88 12
0.44498321 -0.056582315 0.3379955 234 88 12
0.4689473 -0.05549654 0.33871984 234 88 12
0.51504026 -0.051762816 0.33962582 234 88 12
-0.41105659 -0.31868742 0.33286544 234 88 12
-0.38472795 -0.30289881 0.33166837 234 88 12
-0.37949477 -0.29964316 0.33127601 234 88 12
-0.19276256 -0.23110446 0.31917848 234 88 12
-0.17881119 -0.22658521 0.31757047 234 88 12
-0.1124007 -0.20190048 0.30948359 234 88 12
-0.045801926 -0.18346469 0.30578541 234 88 12
-0.029307851 -0.18128374 0.30603559 234 88 12
-0.023713485 -0.18071748 0.30619736 234 88 12
-0.012628794 -0.17922883 0.30654073 234 88 12
0.0034557811 -0.17679426 0.30722537 234 88 12
0.0405669 -0.17116482 0.30934845 234 88 12
0.10008937 -0.15494661 0.31269203 234 88 12
0.1767266 -0.12586684 0.31901983 234 88 12
0.18594898 -0.12243597 0.31989246 234 88 12
0.2289747 -0.1078264 0.32371468 234 88 12
0.46943677 -0.057212363 0.33330418 234 88 12
0.50878785 -0.054179003 0.33407349 234 88 12
-0.49988839 -0.36300628 0.32664652 234 88 12
-0.44756952 -0.34253298 0.3281226 234 88 12
-0.42607289 -0.33032302 0.32817488 234 88 12
-0.38397859 -0.30498293 0.32665909 234 88 12
-0.19620537 -0.23594262 0.31480075 234 88 12
-0.18682586 -0.23312825 0.31392903 234 88 12
-0.15428252 -0.2215553 0.31000749 234 88 12
-0.09642088 -0.20034599 0.30350766 234 88 12
-0.076330509 -0.19399573 0.30214252 234 88 12
-0.065909431 -0.19129855 0.30169765 234 88 12
-0.033292181 -0.18560265 0.30139294 234 88 12
0.025942254 -0.17757946 0.30399989 234 88 12
0.11007537 -0.15530378 0.30891854 234 88 12
0.11462691 -0.15366414 0.30922026 234 88 12
0.11914498 -0.15202088 0.30948813 234 88 12
0.13702611 -0.14526685 0.31087354 234 88 12
0.17727469 -0.12917159 0.31423517 234 88 12
0.18649861 -0.12587442 0.31511593 234 88 12
0.22468519 -0.11298783 0.31851971 234 88 12
0.22943503 -0.11127122 0.31884995 234 88 12
0.25795955 -0.10133252 0.32108739 234 88 12
0.4343807 -0.061191468 0.32695548 234 88 12
0.49599428 -0.057226109 0.32850177 234 88 12
-0.50561522 -0.36634816 0.32133485 234 88 12
-0.49321662 -0.36292271 0.32178311 234 88 12
-0.48119951 -0.35895897 0.32225686 234 88 12
-0.47529607 -0.3567786 0.32245537 234 88 12
-0.46375887 -0.35210116 0.32274233 234 88 12
-0.45811915 -0.34949887 0.32286855 234 88 12
-0.44698496 -0.34401962 0.32298793 234 88 12
-0.42534381 -0.33205776 0.32305795 234 88 12
-0.40412585 -0.31948837 0.32255302 234 88 12
-0.37247716 -0.30064969 0.32089402 234 88 12
-0.19504397 -0.23933594 0.30993638 234 88 12
-0.15315241 -0.2248439 0.30525737 234 88 12
-0.10526697 -0.2069992 0.29973736 234 88 12
-0.015123573 -0.18748084 0.29753387 234 88 12
0.053159459 -0.17634435 0.30141244 234 88 12
0.12428635 -0.15392974 0.30540651 234 88 12
0.12871124 -0.15219346 0.30568656 234 88 12
0.20609243 -0.12277379 0.31209809 234 88 12
0.22519523 -0.11668007 0.31369106 234 88 12
0.52835456 -0.054643421 0.32320719 234 88 12
-0.50503469 -0.36810449 0.31622225 234 88 12
-0.44638196 -0.34562478 0.31790527 234 88 12
-0.40868098 -0.32461683 0.31768836 234 88 12
-0.37160318 -0.3029433 0.31596095 234 88 12
-0.23113594 -0.25436069 0.30874583 234 88 12
-0.14726899 -0.22615945 0.29981649 234 88 12
-0.10403847 -0.21037011 0.29506759 234 88 12
-0.084012096 -0.20378485 0.29346141 234 88 12
0.0078200431 -0.18831725 0.29433992 234 88 12
0.03905746 -0.18284315 0.29604341 234 88 12
0.073878285 -0.17451103 0.298127 234 88 12
0.0883 -0.17066343 0.29902657 234 88 12
0.12930877 -0.15577092 0.30125446 234 88 12
0.15575015 -0.14506006 0.30300236 234 88 12
0.17383154 -0.13769004 0.30435166 234 88 12
0.17844023 -0.13612151 0.30483054 234 88 12
0.18306283 -0.1345038 0.30523547 234 88 12
0.19712503 -0.12949186 0.30640558 234 88 12
0.28236851 -0.10039416 0.31273315 234 88 12
0.3340212 -0.084448506 0.31484333 234 88 12
0.52869181 -0.05619688 0.31766958 234 88 12
0.54110204 -0.053971424 0.31784666 234 88 12
-0.47423284 -0.35999138 0.31230209 234 88 12
-0.46258546 -0.35539018 0.31266929 234 88 12
-0.45132422 -0.35003877 0.31281554 234 88 12
-0.23457781 -0.25911093 0.30425275 234 88 12
-0.19256733 -0.24616819 0.3002155 234 88 12
-0.045367273 -0.19862435 0.28781974 234 88 12
-0.034339339 -0.1969739 0.28791272 234 88 12
-0.0013094757 -0.19360493 0.28950015 234 88 12
0.045283505 -0.18527069 0.29203029 234 88 12
0.069968931 -0.17943846 0.29348394 234 88 12
0.098439442 -0.17100647 0.29508853 234 88 12
0.12109171 -0.16281352 0.29632651 234 88 12
0.13860411 -0.15581916 0.29734546 234 88 12
0.15186687 -0.15047324 0.2981171 234 88 12
0.17439174 -0.14147876 0.29971291 234 88 12
0.20700321 -0.12958242 0.30234203 234 88 12
0.22597804 -0.12340859 0.30380199 234 88 12
0.23076067 -0.12184923 0.30418182 234 88 12
0.25458626 -0.11361229 0.30575673 234 88 12
0.25931283 -0.11188786 0.30608773 234 88 12
0.2734271 -0.107012 0.30708855 234 88 12
0.29209271 -0.10090939 0.30823406 234 88 12
0.44191156 -0.067058501 0.310958 234 88 12
0.46583272 -0.065473841 0.31168563 234 88 12
0.47204681 -0.064977648 0.31182614 234 88 12
0.47834649 -0.064450672 0.31191377 234 88 12
0.51654196 -0.059939308 0.31205902 234 88 12
0.53527948 -0.056815744 0.3121947 234 88 12
0.55978301 -0.05177625 0.31253216 234 88 12
-0.47961293 -0.36418947 0.30711278 234 88 12
-0.36976283 -0.3076578 0.30604897 234 88 12
-0.26283432 -0.27034893 0.30106688 234 88 12
-0.25278529 -0.26791718 0.30056621 234 88 12
-0.23807275 -0.26405769 0.29973953 234 88 12
-0.223827 -0.26015839 0.29863921 234 88 12
-0.19595095 -0.25136645 0.295927 234 88 12
-0.17747563 -0.24513942 0.29389139 234 88 12
-0.16811851 -0.24195956 0.29292543 234 88 12
-0.16350802 -0.24035667 0.29246341 234 88 12
-0.1402965 -0.23104522 0.28968818 234 88 12
-0.027401634 -0.19973174 0.28365944 234 88 12
0.025858652 -0.19272866 0.28657662 234 88 12
0.075897386 -0.18177137 0.28954314 234 88 12
0.099269956 -0.17475771 0.29081198 234 88 12
0.10382766 -0.17315154 0.29104284 234 88 12
0.10835893 -0.17155225 0.29127731 234 88 12
0.12606411 -0.16469867 0.29215155 234 88 12
0.16573888 -0.14845667 0.29434113 234 88 12
0.20748811 -0.13325003 0.29756042 234 88 12
0.24539326 -0.12018064 0.30011359 234 88 12
0.26915281 -0.11208813 0.30174441 234 88 12
0.44262435 -0.069288724 0.30553006 234 88 12
0.44847769 -0.068724694 0.30570949 234 88 12
0.50438153 -0.063533188 0.30652189 234 88 12
-0.48513019 -0.36796422 0.3018058 234 88 12
-0.45015852 -0.35396981 0.30289328 234 88 12
-0.44450101 -0.3512221 0.30297211 234 88 12
-0.43341597 -0.34549774 0.30308966 234 88 12
-0.25641161 -0.27253736 0.29594312 234 88 12
-0.19016137 -0.25311375 0.29046721 234 88 12
-0.18086794 -0.25006261 0.28951262 234 88 12
-0.15759442 -0.24233272 0.28722905 234 88 12
-0.15297836 -0.24029943 0.28662475 234 88 12
-0.14837325 -0.23826244 0.28600025 234 88 12
-0.12009015 -0.22694478 0.28277636 234 88 12
-0.11025271 -0.22352596 0.28184226 234 88 12
-0.1053365 -0.2220081 0.28147243 234 88 12
-0.0041833178 -0.20085358 0.28041076 234 88 12
0.0064916893 -0.19987775 0.28114554 234 88 12
0.071945321 -0.18652351 0.2849174 234 88 12
0.23638576 -0.12707193 0.29455177 234 88 12
0.26008926 -0.11858247 0.29587519 234 88 12
0.28386303 -0.11117911 0.29759529 234 88 12
0.288514 -0.10949699 0.29785595 234 88 12
0.43766853 -0.07198983 0.29987873 234 88 12
0.46116184 -0.070192445 0.30067937 234 88 12
0.49221124 -0.067096808 0.30108439 234 88 12
0.56052154 -0.054968033 0.30138937 234 88 12
-0.50324633 -0.37523248 0.29588001 234 88 12
-0.46682731 -0.36342741 0.29742991 234 88 12
-0.38950171 -0.32384311 0.29704469 234 88 12
-0.37858325 -0.31862676 0.29665038 234 88 12
-0.36784801 -0.31289635 0.29604999 234 88 12
-0.26017359 -0.27724067 0.29126505 234 88 12
-0.25513714 -0.27596298 0.29103778 234 88 12
-0.23062509 -0.26990893 0.28967329 234 88 12
-0.21655414 -0.26563117 0.28852796 234 88 12
-0.20279185 -0.26112121 0.28713103 234 88 12
-0.18890635 -0.256733 0.28569642 234 88 12
-0.18423966 -0.25519749 0.28522912 234 88 12
-0.1795459 -0.25368502 0.28475525 234 88 12
-0.16093591 -0.2476634 0.28296349 234 88 12
-0.14243732 -0.23982838 0.28070221 234 88 12
-0.1139971 -0.22868023 0.27761045 234 88 12
-0.040763296 -0.2102372 0.27478344 234 88 12
-0.030004839 -0.20798005 0.27484499 234 88 12
-0.024652325 -0.20694647 0.27489729 234 88 12
-0.01380143 -0.20566099 0.27541408 234 88 12
0.038346175 -0.19790439 0.27855496 234 88 12
0.058366213 -0.19385318 0.27981572 234 88 12
0.10985448 -0.17917028 0.28264067 234 88 12
0.11862735 -0.17560054 0.28292543 234 88 12
0.12730184 -0.1720283 0.2832536 234 88 12
0.16674739 -0.15571406 0.28496643 234 88 12
0.17588432 -0.15211519 0.28546641 234 88 12
0.22264816 -0.13576762 0.28871022 234 88 12
0.2273396 -0.13400684 0.28899604 234 88 12
0.24162043 -0.12907759 0.28983904 234 88 12
0.28429655 -0.11445193 0.29237577 234 88 12
0.4560122 -0.073109197 0.29512919 234 88 12
0.51792316 -0.065700493 0.29559018 234 88 12
0.56096191 -0.056723149 0.2958096 234 88 12
-0.47827066 -0.3696511 0.29191625 234 88 12
-0.47227672 -0.36757337 0.29221027 234 88 12
-0.42668348 -0.34697066 0.29336649 234 88 12
-0.4049497 -0.33506246 0.29279089 234 88 12
-0.38872183 -0.3264151 0.2921908 234 88 12
-0.25887122 -0.28086754 0.2864997 234 88 12
-0.25384187 -0.27964528 0.28628634 234 88 12
-0.21068921 -0.26758517 0.28320554 234 88 12
-0.19694067 -0.26326783 0.28190248 234 88 12
-0.18762804 -0.26018582 0.28090066 234 88 12
-0.16893876 -0.25429683 0.27911941 234 88 12
-0.12721207 -0.23777547 0.27441605 234 88 12
-0.11763443 -0.23424536 0.27349302 234 88 12
-0.092884128 -0.22568168 0.27137471 234 88 12
-0.050198013 -0.21574037 0.27011047 234 88 12
-0.034039779 -0.21272156 0.27030028 234 88 12
-0.012516708 -0.20952569 0.27103949 234 88 12
0.019219967 -0.20575339 0.27308341 234 88 12
0.024320932 -0.20502678 0.27343667 234 88 12
0.039495686 -0.20167348 0.27419139 234 88 12
0.059382439 -0.19770833 0.27556517 234 88 12
0.064182033 -0.1964501 0.27584044 234 88 12
0.17637028 -0.1559693 0.28083953 234 88 12
0.19496615 -0.14916299 0.2820117 234 88 12
0.19965212 -0.14746784 0.28229997 234 88 12
0.28004604 -0.11954892 0.2869307 234 88 12
0.29927207 -0.11294616 0.28795348 234 88 12
0.31818472 -0.10595578 0.28812226 234 88 12
0.33249522 -0.10107502 0.28830216 234 88 12
0.4933322 -0.071074671 0.29012665 234 88 12
0.50581987 -0.06922156 0.29001882 234 88 12
0.51209972 -0.068334719 0.29000287 234 88 12
0.57367833 -0.05576653 0.29059796 234 88 12
-0.49628776 -0.3772603 0.28590233 234 88 12
-0.46603738 -0.36723898 0.28734886 234 88 12
-0.44303204 -0.35712858 0.28797052 234 88 12
-0.43169179 -0.35178301 0.28823782 234 88 12
-0.41523603 -0.3432039 0.28825906 234 88 12
-0.39340074 -0.33159908 0.28748581 234 88 12
-0.38788989 -0.32902066 0.28732288 234 88 12
-0.38237717 -0.32639337 0.28708879 234 88 12
-0.37142599 -0.32135136 0.28658478 234 88 12
-0.26771554 -0.28738724 0.28226259 234 88 12
-0.22330231 -0.27555135 0.27960024 234 88 12
-0.21859804 -0.27425335 0.27927899 234 88 12
-0.070710349 -0.22369062 0.2657293 234 88 12
-0.054237161 -0.22047053 0.26554132 234 88 12
-0.043376124 -0.21845335 0.26560178 234 88 12
-0.011120247 -0.21328463 0.266636 234 88 12
0.079561646 -0.19647729 0.27235627 234 88 12
0.10238486 -0.18914051 0.27328248 234 88 12
0.12867262 -0.17949561 0.27427271 234 88 12
0.14143076 -0.17401424 0.27464165 234 88 12
0.17231685 -0.16139772 0.27588515 234 88 12
0.1815647 -0.15788434 0.27633457 234 88 12
0.26626971 -0.12825121 0.28105346 234 88 12
0.30466028 -0.11443233 0.28277615 234 88 12
0.3189129 -0.10908066 0.28285873 234 88 12
0.34295153 -0.10108153 0.28307566 234 88 12
0.51256996 -0.07014006 0.28448696 234 88 12
-0.39270841 -0.33413167 0.2825607 234 88 12
-0.38720415 -0.33150501 0.28236035 234 88 12
-0.38161142 -0.32897964 0.28214599 234 88 12
-0.21276872 -0.27634902 0.27394572 234 88 12
-0.1942872 -0.27051845 0.27225182 234 88 12
-0.18969002 -0.26908133 0.27181993 234 88 12
-0.18503295 -0.2676381 0.27134756 234 88 12
-0.180328 -0.26638897 0.27098926 234 88 12
-0.095206761 -0.23476477 0.26248718 234 88 12
-0.069161818 -0.22758119 0.26117192 234 88 12
-0.058160682 -0.22523481 0.2610208 234 88 12
-0.0044255633 -0.21641726 0.26247535 234 88 12
0.036937566 -0.21059753 0.26532508 234 88 12
0.04189988 -0.20937571 0.26554586 234 88 12
0.066258011 -0.20420812 0.2672502 234 88 12
0.10750932 -0.19122317 0.26907496 234 88 12
0.11193659 -0.18969757 0.26928354 234 88 12
0.1377748 -0.17939627 0.26995923 234 88 12
0.15495354 -0.17226249 0.27054538 234 88 12
0.20528494 -0.15293376 0.27284658 234 88 12
0.25725219 -0.13480616 0.27545025 234 88 12
0.26206698 -0.13322853 0.27569284 234 88 12
0.2810929 -0.12626648 0.27660418 234 88 12
0.3196505 -0.11240424 0.27768955 234 88 12
0.33416195 -0.10749135 0.27779203 234 88 12
0.4641554 -0.07911778 0.27892557 234 88 12
0.53781498 -0.06730566 0.27887194 234 88 12
-0.49574306 -0.38093827 0.27544347 234 88 12
-0.48337564 -0.37733866 0.27616646 234 88 12
-0.3642127 -0.32456689 0.27646448 234 88 12
-0.34755511 -0.31836442 0.27592792 234 88 12
-0.28060907 -0.29919869 0.27328795 234 88 12
-0.25983456 -0.29324055 0.27237571 234 88 12
-0.24487887 -0.28927164 0.27157801 234 88 12
-0.22090202 -0.28263589 0.26976289 234 88 12
-0.2022089 -0.27716812 0.26823049 234 88 12
-0.19288658 -0.2741936 0.26739883 234 88 12
-0.1742807 -0.26885407 0.26575157 234 88 12
-0.16956036 -0.26753317 0.26538469 234 88 12
-0.1278536 -0.25088267 0.26078543 234 88 12
-0.073111884 -0.23288924 0.25674753 234 88 12
-0.051270847 -0.22785002 0.25629385 234 88 12
-0.035186633 -0.22478873 0.25645396 234 88 12
-0.019170904 -0.22220004 0.25703783 234 88 12
0.012782497 -0.218086 0.25912005 234 88 12
0.017947222 -0.21729973 0.25948605 234 88 12
0.081341998 -0.20381949 0.26368874 234 88 12
0.10825936 -0.19468536 0.26463948 234 88 12
0.11698895 -0.19159445 0.2649156 234 88 12
0.14693399 -0.17960562 0.2657638 234 88 12
0.1644254 -0.17210027 0.26616228 234 88 12
0.2481698 -0.14118732 0.26988255 234 88 12
0.26258433 -0.13656651 0.27069443 234 88 12
0.30116883 -0.12251522 0.27217029 234 88 12
0.3060181 -0.12070088 0.27224402 234 88 12
0.39875826 -0.091778831 0.27279051 234 88 12
0.41964425 -0.087386017 0.27254076 234 88 12
0.45312071 -0.082373434 0.27308939 234 88 12
0.46489673 -0.081175127 0.27347137 234 88 12
0.48902414 -0.077839296 0.27374301 234 88 12
0.55065087 -0.066217023 0.27328685 234 88 12
0.55679878 -0.065010114 0.27338848 234 88 12
0.56910052 -0.062562999 0.27368557 234 88 12
-0.35218039 -0.32344009 0.27126706 234 88 12
-0.34092917 -0.31987071 0.27094377 234 88 12
-0.24835356 -0.29425338 0.26700877 234 88 12
-0.22427609 -0.28775644 0.26531321 234 88 12
-0.2008566 -0.28079333 0.26326882 234 88 12
-0.17759129 -0.27413164 0.26128884 234 88 12
0.008784827 -0.22266235 0.2542271 234 88 12
0.039206901 -0.21801234 0.25665997 234 88 12
0.077603954 -0.20902053 0.25913274 234 88 12
0.10026919 -0.20150717 0.25996609 234 88 12
0.10465049 -0.19984938 0.26006891 234 88 12
0.13468351 -0.18820441 0.26078585 234 88 12
0.17845226 -0.1703529 0.26188167 234 88 12
0.2157018 -0.15665984 0.26370228 234 88 12
0.22047927 -0.15498119 0.2639319 234 88 12
0.23451297 -0.1496321 0.26437352 234 88 12
0.24390837 -0.14616795 0.26467297 234 88 12
0.25825031 -0.14147913 0.26546176 234 88 12
0.26783941 -0.13805522 0.26585455 234 88 12
0.33586637 -0.11397754 0.26751652 234 88 12
0.37960616 -0.10000266 0.26763116 234 88 12
0.40471965 -0.093433503 0.267538 234 88 12
0.44813331 -0.085272549 0.26755593 234 88 12
0.48356909 -0.080626552 0.2682483 234 88 12
0.48965361 -0.079886018 0.26830233 234 88 12
0.54498894 -0.06933269 0.26766894 234 88 12
-0.48307814 -0.38107364 0.26572746 234 88 12
-0.39641782 -0.34428884 0.26777583 234 88 12
-0.37942481 -0.33727618 0.26736097 234 88 12
-0.36817513 -0.33243015 0.26689589 234 88 12
-0.34555389 -0.32481538 0.26628982 234 88 12
-0.33992972 -0.32311517 0.26611936 234 88 12
-0.27254417 -0.3051938 0.26344194 234 88 12
-0.22771994 -0.29271061 0.26082877 234 88 12
-0.17623518 -0.27807944 0.25642003 234 88 12
-0.17151345 -0.2768358 0.25604599 234 88 12
-0.11549229 -0.25557598 0.25040819 234 88 12
-0.064833173 -0.23946 0.24719366 234 88 12
-0.032593602 -0.23241934 0.24718784 234 88 12
0.064390503 -0.21639892 0.25398761 234 88 12
0.10973188 -0.20160118 0.2557039 234 88 12
0.12684097 -0.19528102 0.25613671 234 88 12
0.13949174 -0.1897681 0.2562758 234 88 12
0.1523769 -0.18451208 0.2564804 234 88 12
0.21623107 -0.16003347 0.2587512 234 88 12
0.2303259 -0.15485616 0.25931111 234 88 12
0.24440971 -0.14955062 0.25972054 234 88 12
0.32673423 -0.12044481 0.26233423 234 88 12
0.34154069 -0.11540017 0.26241157 234 88 12
0.37555141 -0.10439965 0.2624431 234 88 12
0.48422021 -0.082692091 0.26284499 234 88 12
0.55162901 -0.069618041 0.26211139 234 88 12
-0.49546327 -0.38643959 0.25952267 234 88 12
-0.45871314 -0.37475858 0.26168638 234 88 12
-0.45280332 -0.37249934 0.26194449 234 88 12
-0.42976406 -0.36224312 0.26274948 234 88 12
-0.39589299 -0.34677518 0.26271651 234 88 12
-0.27644241 -0.3104367 0.25880526 234 88 12
-0.19336554 -0.28743215 0.25324673 234 88 12
-0.18397512 -0.28500535 0.25253403 234 88 12
-0.10450668 -0.25599432 0.2447726 234 88 12
-0.09958131 -0.25434948 0.24438435 234 88 12
-0.01539906 -0.23328381 0.24306772 234 88 12
-0.010053773 -0.23265287 0.2434487 234 88 12
0.097361857 -0.21012908 0.2511439 234 88 12
0.11889532 -0.20179948 0.25141263 234 88 12
0.16161198 -0.1842988 0.25189683 234 88 12
0.20718357 -0.16655101 0.25328647 234 88 12
0.22147918 -0.16177941 0.25399387 234 88 12
0.30800732 -0.13043176 0.25677948 234 88 12
0.35206691 -0.11516199 0.25731603 234 88 12
0.36170493 -0.11176704 0.25721407 234 88 12
0.38133947 -0.10574158 0.25731013 234 88 12
0.44969015 -0.090068796 0.2570524 234 88 12
0.49699739 -0.08269764 0.25734848 234 88 12
0.55211085 -0.071405728 0.25657206 234 88 12
-0.49541034 -0.38812231 0.25408859 234 88 12
-0.44097888 -0.36950654 0.25702937 234 88 12
-0.41238015 -0.35665517 0.25775913 234 88 12
-0.40091818 -0.35200854 0.25780038 234 88 12
-0.3896005 -0.34706298 0.25753083 234 88 12
-0.3146244 -0.32364634 0.25567729 234 88 12
-0.28043193 -0.315537 0.25408443 234 88 12
-0.22024008 -0.29910569 0.25059563 234 88 12
-0.21552271 -0.29768954 0.25022453 234 88 12
-0.19666944 -0.29260121 0.24877118 234 88 12
-0.19194842 -0.29136454 0.24838018 234 88 12
-0.12238327 -0.26742903 0.24169816 234 88 12
0.0017272441 -0.23469078 0.23975901 234 88 12
0.022406786 -0.23205266 0.24190197 234 88 12
0.032280733 -0.23017981 0.24273632 234 88 12
0.052070373 -0.22697625 0.24440572 234 88 12
0.061543008 -0.22474047 0.24501471 234 88 12
0.089107105 -0.21655656 0.2463645 234 88 12
0.11103015 -0.20843204 0.24682664 234 88 12
0.14483718 -0.19456615 0.24706951 234 88 12
0.1844453 -0.17830099 0.24738876 234 88 12
0.19368544 -0.17503321 0.24776221 234 88 12
0.3185164 -0.1304178 0.25198038 234 88 12
0.35282803 -0.11805322 0.25219171 234 88 12
0.35761989 -0.11625227 0.25208361 234 88 12
0.42326555 -0.097955474 0.25169824 234 88 12
0.43396973 -0.095631033 0.2517037 234 88 12
0.54652413 -0.074497645 0.2510863 234 88 12
0.55262375 -0.073003759 0.25101016 234 88 12
-0.48259751 -0.38669921 0.24964344 234 88 12
-0.44067599 -0.37153866 0.25166755 234 88 12
-0.38319956 -0.34762451 0.25240973 234 88 12
-0.36002047 -0.33968788 0.25205905 234 88 12
-0.3482964 -0.33652569 0.25193473 234 88 12
-0.31318356 -0.32736016 0.2508456 234 88 12
-0.23810981 -0.30793139 0.24674342 234 88 12
-0.20931349 -0.30045177 0.24499441 234 88 12
-0.1675156 -0.28855612 0.24142767 234 88 12
-0.12111401 -0.27123585 0.2368752 234 88 12
-0.023813382 -0.24181643 0.23340319 234 88 12
-0.013123745 -0.24030536 0.23400519 234 88 12
0.0027031527 -0.23805159 0.23526229 234 88 12
0.023363279 -0.23532209 0.23742958 234 88 12
0.038214442 -0.23287374 0.23876442 234 88 12
0.043143488 -0.23209456 0.23920336 234 88 12
0.048093293 -0.23130204 0.2396595 234 88 12
0.071668013 -0.22599575 0.24126321 234 88 12
0.076289262 -0.22472039 0.24152067 234 88 12
0.10726476 -0.2132279 0.24224356 234 88 12
0.14963826 -0.19615919 0.24245088 234 88 12
0.15389505 -0.1943955 0.24240566 234 88 12
0.15821829 -0.19268982 0.24239302 234 88 12
0.20813907 -0.17298968 0.24320123 234 88 12
0.25108382 -0.15787477 0.24500775 234 88 12
0.29963355 -0.1405284 0.24642965 234 88 12
0.34863278 -0.12264986 0.24701823 234 88 12
0.35346676 -0.12093498 0.24705411 234 88 12
0.40854851 -0.10421257 0.24671194 234 88 12
0.50433714 -0.085300522 0.24637523 234 88 12
0.57721998 -0.069342493 0.24583006 234 88 12
-0.50167607 -0.39324661 0.2427065 234 88 12
-0.36498168 -0.34466912 0.24719816 234 88 12
-0.29415953 -0.32755182 0.24512256 234 88 12
-0.17545569 -0.29480646 0.23729918 234 88 12
-0.060603374 -0.25332264 0.22816928 234 88 12
-0.055253035 -0.25172723 0.22808403 234 88 12
-0.0069391025 -0.24261849 0.22970817 234 88 12
0.03421748 -0.23713889 0.23389454 234 88 12
0.044070714 -0.23560477 0.23478147 234 88 12
0.10356613 -0.21801872 0.23759431 234 88 12
0.10788961 -0.21629542 0.23760652 234 88 12
0.12931673 -0.20792786 0.23760485 234 88 12
0.16743886 -0.19212807 0.2373606 234 88 12
0.17640438 -0.18834907 0.23732492 234 88 12
0.1946383 -0.181398 0.23761589 234 88 12
0.20390801 -0.17784203 0.23783237 234 88 12
0.2132834 -0.17476421 0.23834117 234 88 12
0.24188935 -0.16435518 0.23949971 234 88 12
0.2758149 -0.15200226 0.24054531 234 88 12
0.28068553 -0.15024949 0.24072969 234 88 12
0.36878822 -0.11852625 0.24175549 234 88 12
0.38887976 -0.1123581 0.24165327 234 88 12
0.45228462 -0.096712723 0.24094697 234 88 12
0.46368093 -0.094525074 0.24099045 234 88 12
0.46951088 -0.093503514 0.24099843 234 88 12
0.487214 -0.090415677 0.24095778 234 88 12
0.53541289 -0.081234676 0.24037422 234 88 12
0.5718089 -0.072336744 0.24001188 234 88 12
-0.50154846 -0.39531056 0.23727847 234 88 12
-0.44590686 -0.37835358 0.24082734 234 88 12
-0.41090299 -0.36419411 0.24203621 234 88 12
-0.4050718 -0.3620025 0.24216756 234 88 12
-0.36393241 -0.34822953 0.24229704 234 88 12
-0.34005081 -0.34206782 0.24205327 234 88 12
-0.29835737 -0.33270123 0.24046087 234 88 12
-0.2706283 -0.32604087 0.23891936 234 88 12
-0.26549753 -0.32450113 0.23855001 234 88 12
-0.2066685 -0.30784066 0.2348866 234 88 12
-0.15587393 -0.29262397 0.23060583 234 88 12
-0.15118997 -0.291273 0.23019862 234 88 12
-0.10964444 -0.27450128 0.22617456 234 88 12
-0.095102419 -0.26883312 0.22509685 234 88 12
-0.059779182 -0.25658233 0.22340554 234 88 12
-0.04361566 -0.25227699 0.22331334 234 88 12
-0.038156845 -0.25122437 0.22342957 234 88 12
-0.016637712 -0.24741061 0.22436419 234 88 12
-0.0060636866 -0.2457676 0.22507478 234 88 12
0.040019968 -0.23966473 0.22983582 234 88 12
0.082252251 -0.22981173 0.23268461 234 88 12
0.099821751 -0.2229609 0.23292511 234 88 12
0.10418859 -0.22118833 0.23294752 234 88 12
0.12561683 -0.21268201 0.23286992 234 88 12
0.14214784 -0.20553557 0.23261709 234 88 12
0.19036591 -0.18606295 0.2323422 234 88 12
0.20893619 -0.17910234 0.23282798 234 88 12
0.29588688 -0.1481925 0.2358 234 88 12
0.31072681 -0.14300788 0.2361399 234 88 12
0.3303015 -0.13577869 0.23637485 234 88 12
0.37951604 -0.11808644 0.23639144 234 88 12
0.39473567 -0.11351059 0.23623077 234 88 12
0.42067041 -0.10639864 0.23598214 234 88 12
0.43654029 -0.10231371 0.23570557 234 88 12
0.44194351 -0.10102324 0.23562333 234 88 12
0.47039247 -0.095561121 0.23558979 234 88 12
0.47625458 -0.094473169 0.23551424 234 88 12
0.57238086 -0.07410588 0.23441805 234 88 12
-0.43969941 -0.37831421 0.23568213 234 88 12
-0.38672314 -0.35882165 0.23724666 234 88 12
-0.32652866 -0.34298604 0.23668291 234 88 12
-0.26422 -0.328309 0.2335502 234 88 12
-0.2391763 -0.32053008 0.23181856 234 88 12
-0.20080806 -0.30998733 0.22945092 234 88 12
-0.1915204 -0.30751792 0.22883009 234 88 12
-0.15480441 -0.29604087 0.22563028 234 88 12
-0.14549651 -0.29307713 0.22485852 234 88 12
-0.084479769 -0.26840502 0.21963088 234 88 12
-0.064344182 -0.26125839 0.21867048 234 88 12
-0.048334156 -0.25676203 0.21846652 234 88 12
-0.037444792 -0.25429239 0.21863756 234 88 12
-0.010599656 -0.24959402 0.21994189 234 88 12
0.10047772 -0.22606745 0.22829399 234 88 12
0.15961087 -0.20164887 0.22744247 234 88 12
0.16384616 -0.19971945 0.22732254 234 88 12
0.19073049 -0.18908811 0.22719533 234 88 12
0.24772372 -0.16871574 0.22911837 234 88 12
0.30138276 -0.14950966 0.23063124 234 88 12
0.30631579 -0.14770246 0.23073679 234 88 12
0.35051208 -0.13126909 0.23126676 234 88 12
0.37023372 -0.12408871 0.23133923 234 88 12
0.375261 -0.12256449 0.23133029 234 88 12
0.40061971 -0.11456066 0.23085425 234 88 12
0.40575412 -0.11285711 0.23072504 234 88 12
0.41102928 -0.11138741 0.23067342 234 88 12
0.42684681 -0.10750574 0.23059465 234 88 12
0.43217274 -0.10610814 0.23047306 234 88 12
0.49479041 -0.093702385 0.23007675 234 88 12
0.52471518 -0.087569627 0.22950239 234 88 12
0.5490118 -0.082013003 0.22888513 234 88 12
0.56114387 -0.079078254 0.22872147 234 88 12
-0.48870471 -0.3961978 0.22715484 234 88 12
-0.43348177 -0.37852994 0.23056848 234 88 12
-0.37973722 -0.36042082 0.23228897 234 88 12
-0.32486825 -0.34707082 0.23163446 234 88 12
-0.30085608 -0.34183777 0.23059159 234 88 12
-0.26807028 -0.33348379 0.22874795 234 88 12
-0.21858797 -0.31867419 0.22550276 234 88 12
-0.19961308 -0.31352344 0.22440824 234 88 12
-0.18116561 -0.30824873 0.22300565 234 88 12
-0.14917013 -0.29815259 0.2203228 234 88 12
-0.13997496 -0.29482799 0.21948576 234 88 12
-0.11704518 -0.28533858 0.21718884 234 88 12
-0.11243901 -0.28323837 0.21668278 234 88 12
-0.098173213 -0.27698148 0.21546658 234 88 12
-0.078888785 -0.26950216 0.21440616 234 88 12
-0.073902564 -0.26766955 0.21416918 234 88 12
-0.0044687307 -0.25211826 0.21571504 234 88 12
0.031785504 -0.24788128 0.21982881 234 88 12
0.051193969 -0.24462265 0.22166361 234 88 12
0.060683252 -0.24285004 0.2224761 234 88 12
0.0652459 -0.24168012 0.22277952 234 88 12
0.092302623 -0.23290255 0.22367691 234 88 12
0.11819194 -0.22200477 0.2233119 234 88 12
0.15588577 -0.20656394 0.22256248 234 88 12
0.21928029 -0.18138953 0.22265295 234 88 12
0.26777678 -0.16499476 0.22450236 234 88 12
0.27742799 -0.16119697 0.22475153 234 88 12
0.32181167 -0.1452098 0.22571515 234 88 12
0.34119936 -0.13776081 0.22585909 234 88 12
0.35105347 -0.13409617 0.22597064 234 88 12
0.36098711 -0.13049438 0.22607034 234 88 12
0.38113038 -0.12378816 0.22603481 234 88 12
0.38617439 -0.12217422 0.22591666 234 88 12
0.40660138 -0.11558397 0.22550787 234 88 12
0.46650595 -0.10126897 0.2247631 234 88 12
0.53770339 -0.086575973 0.22348496 234 88 12
0.54975111 -0.084014713 0.2232985 234 88 12
-0.45119239 -0.38716837 0.22416545 234 88 12
-0.39721242 -0.3684586 0.22658955 234 88 12
-0.39101738 -0.36691938 0.2268216 234 88 12
-0.37869919 -0.36400379 0.22723637 234 88 12
-0.36009185 -0.3597986 0.22748624 234 88 12
-0.21751131 -0.32206428 0.22035422 234 88 12
-0.18932414 -0.31430402 0.2186014 234 88 12
-0.052678604 -0.26377309 0.20863324 234 88 12
-0.0091850753 -0.25540756 0.21038338 234 88 12
0.01730166 -0.2524686 0.21322833 234 88 12
0.037370135 -0.25038773 0.21573897 234 88 12
0.061283008 -0.24600317 0.21787017 234 88 12
0.079603314 -0.24098126 0.21894706 234 88 12
0.12301668 -0.22314022 0.21834403 234 88 12
0.14798361 -0.21276264 0.21772992 234 88 12
0.19601622 -0.19328244 0.21683738 234 88 12
0.25352126 -0.17254095 0.2185793 234 88 12
0.30745532 -0.15332755 0.22016659 234 88 12
0.32718485 -0.1463061 0.22052077 234 88 12
0.35159233 -0.13683168 0.22061144 234 88 12
0.3818659 -0.12641968 0.22075255 234 88 12
0.39716978 -0.12180027 0.22054991 234 88 12
0.41268547 -0.1166082 0.22010766 234 88 12
0.4286178 -0.11250299 0.21990185 234 88 12
0.43403589 -0.11121057 0.21983083 234 88 12
0.49070679 -0.09898869 0.21909741 234 88 12
0.5683992 -0.081414477 0.21745804 234 88 12
-0.49472762 -0.40223249 0.21573923 234 88 12
-0.44482074 -0.38753312 0.21911768 234 88 12
-0.43880414 -0.38534995 0.21938823 234 88 12
-0.36501539 -0.36473825 0.22229738 234 88 12
-0.3586664 -0.36353946 0.2223112 234 88 12
-0.31511554 -0.35451246 0.22136 234 88 12
-0.27071997 -0.34225461 0.2188842 234 88 12
-0.2309308 -0.32932438 0.21604888 234 88 12
-0.21175511 -0.32395501 0.21492707 234 88 12
-0.1609088 -0.30899394 0.21128172 234 88 12
-0.11555863 -0.2914605 0.20708864 234 88 12
-0.11095897 -0.28926885 0.20659491 234 88 12
-0.10626284 -0.28703172 0.2061722 234 88 12
-0.092064692 -0.28103782 0.205157 234 88 12
-0.087258962 -0.27914898 0.20493291 234 88 12
-0.036012096 -0.26249623 0.20380372 234 88 12
0.0020792981 -0.257276 0.20665687 234 88 12
0.0074450079 -0.25677078 0.20725621 234 88 12
0.023078716 -0.25493078 0.20911885 234 88 12
0.061854721 -0.24917532 0.21325872 234 88 12
0.08898933 -0.24073332 0.21436905 234 88 12
0.12773255 -0.2239555 0.21320298 234 88 12
0.13612376 -0.22083362 0.21308353 234 88 12
0.16105931 -0.20988309 0.21207686 234 88 12
0.19180272 -0.19781802 0.21149353 234 88 12
0.19641175 -0.19606174 0.21154201 234 88 12
0.21521641 -0.18846698 0.21176972 234 88 12
0.2488994 -0.17655665 0.21289918 234 88 12
0.33252415 -0.14682907 0.21516602 234 88 12
0.37743866 -0.13069847 0.21550532 234 88 12
0.42416336 -0.11628512 0.21460593 234 88 12
0.44604159 -0.11111708 0.21436777 234 88 12
0.47425233 -0.10475185 0.21388491 234 88 12
0.52736083 -0.093196163 0.21256114 234 88 12
0.53335966 -0.09171336 0.21237217 234 88 12
0.5631736 -0.084677123 0.21183487 234 88 12
-0.40185487 -0.37632104 0.21586577 234 88 12
-0.38277409 -0.37204691 0.21660874 234 88 12
-0.33801413 -0.36384044 0.21687559 234 88 12
-0.31346388 -0.35852362 0.21619923 234 88 12
-0.25939751 -0.34242614 0.21295557 234 88 12
-0.20605599 -0.32579769 0.20950959 234 88 12
-0.14204838 -0.30568693 0.20469113 234 88 12
-0.1055314 -0.28996342 0.20114861 234 88 12
-0.10085362 -0.28789509 0.20076569 234 88 12
-0.081909569 -0.27999179 0.1997293 234 88 12
-0.067325929 -0.27436977 0.19898898 234 88 12
-0.0080823258 -0.26091969 0.20072938 234 88 12
0.080710024 -0.24711342 0.20950017 234 88 12
0.093795056 -0.24169302 0.20952278 234 88 12
0.12411048 -0.22857694 0.20851064 234 88 12
0.14078985 -0.22161179 0.20785748 234 88 12
0.17864564 -0.20521079 0.20627627 234 88 12
0.20143803 -0.19682464 0.20614643 234 88 12
0.24926322 -0.17907999 0.20748156 234 88 12
0.26392798 -0.17413723 0.20793336 234 88 12
0.28365569 -0.16723137 0.20857333 234 88 12
0.3679142 -0.13654482 0.21005445 234 88 12
0.38337947 -0.1318151 0.21022113 234 88 12
0.38847717 -0.13011035 0.21019608 234 88 12
0.40925019 -0.12349839 0.20975567 234 88 12
0.48101639 -0.10582522 0.20838267 234 88 12
0.48682474 -0.10469981 0.20825493 234 88 12
0.53419219 -0.093721365 0.20672257 234 88 12
-0.47541672 -0.40144786 0.2059323 234 88 12
-0.4566275 -0.39571518 0.20732503 234 88 12
-0.3881991 -0.3764727 0.21096604 234 88 12
-0.37519648 -0.3741125 0.21143921 234 88 12
-0.34269077 -0.36872121 0.21166477 234 88 12
-0.33628184 -0.36754689 0.21155877 234 88 12
-0.32389505 -0.36510069 0.21137423 234 88 12
-0.31194928 -0.36242049 0.21098471 234 88 12
-0.30040052 -0.35941483 0.21050374 234 88 12
-0.2949467 -0.35767884 0.21017895 234 88 12
-0.26327022 -0.34767616 0.20825615 234 88 12
-0.18185292 -0.32223141 0.20272732 234 88 12
-0.16383593 -0.31633808 0.20136099 234 88 12
-0.14129596 -0.30868359 0.19960962 234 88 12
-0.11418366 -0.29727976 0.1970153 234 88 12
-0.056819261 -0.2736928 0.1936814 234 88 12
-0.01860024 -0.26522145 0.19486312 234 88 12
-0.007576739 -0.26369353 0.19585782 234 88 12
0.0086661173 -0.2624615 0.19764236 234 88 12
0.024377555 -0.26097831 0.19955577 234 88 12
0.044221478 -0.25922333 0.20208567 234 88 12
0.10304246 -0.24056877 0.20434978 234 88 12
0.12044111 -0.23316754 0.20375574 234 88 12
0.12875954 -0.22913047 0.20325348 234 88 12
0.16191045 -0.21437803 0.20148278 234 88 12
0.21099359 -0.19512084 0.20073998 234 88 12
0.2593405 -0.177877 0.20218099 234 88 12
0.26422883 -0.17616561 0.20232535 234 88 12
0.27412472 -0.17287398 0.20264052 234 88 12
0.29893662 -0.16451068 0.2036231 234 88 12
0.31360697 -0.15904696 0.20388131 234 88 12
0.32358909 -0.15554256 0.20410118 234 88 12
0.38408656 -0.13431921 0.20490027 234 88 12
0.38923671 -0.13264825 0.20491715 234 88 12
-0.30476267 -0.36450224 0.20551911 234 88 12
-0.2829306 -0.35799973 0.20458058 234 88 12
-0.26724704 -0.35273115 0.20350683 234 88 12
-0.25726528 -0.34916008 0.20274389 234 88 12
-0.15847386 -0.31774462 0.1958964 234 88 12
-0.14045071 -0.31163187 0.19453295 234 88 12
-0.13605574 -0.30974553 0.19402747 234 88 12
-0.10883731 -0.29820239 0.19164306 234 88 12
-0.090378659 -0.28955318 0.19006097 234 88 12
-0.08086273 -0.28552025 0.18964566 234 88 12
-0.045869974 -0.2733288 0.18868168 234 88 12
0.12089064 -0.23555976 0.19869282 234 88 12
0.17518874 -0.21169839 0.19569214 234 88 12
0.20205279 -0.20132194 0.19523467 234 88 12
0.2066972 -0.19956264 0.1953669 234 88 12
0.24502423 -0.18496211 0.19615661 234 88 12
0.29432186 -0.16831614 0.1977879 234 88 12
0.29931334 -0.16677777 0.19804139 234 88 12
0.30424891 -0.1650034 0.19816764 234 88 12
0.3490724 -0.1489422 0.19911117 234 88 12
0.37447683 -0.13991565 0.19935081 234 88 12
0.4163159 -0.12698408 0.1990589 234 88 12
0.45464265 -0.11679513 0.19805527 234 88 12
0.50053594 -0.10624701 0.1968876 234 88 12
0.55947678 -0.091266759 0.19483367 234 88 12
-0.46232824 -0.40215691 0.19570779 234 88 12
-0.43714675 -0.39481652 0.19731808 234 88 12
-0.39274291 -0.38416916 0.1996986 234 88 12
-0.38611637 -0.38288392 0.19991773 234 88 12
-0.37946737 -0.38175292 0.20015727 234 88 12
-0.36609328 -0.37958652 0.20065181 234 88 12
-0.30354815 -0.36799916 0.20035463 234 88 12
-0.26623306 -0.35582572 0.19834279 234 88 12
-0.24641158 -0.3485113 0.19695437 234 88 12
-0.19396636 -0.33203912 0.19313528 234 88 12
-0.11284088 -0.30292216 0.18697051 234 88 12
-0.099005354 -0.29669876 0.18566624 234 88 12
-0.070682237 -0.28484012 0.18400324 234 88 12
-0.055969881 -0.27929193 0.18347552 234 88 12
-0.050817625 -0.27757635 0.18344626 234 88 12
0.030706844 -0.26685061 0.19075721 234 88 12
0.03568969 -0.2664035 0.19140063 234 88 12
0.04057335 -0.26575143 0.19189716 234 88 12
0.045384273 -0.26500698 0.19235705 234 88 12
0.054831613 -0.26341587 0.19331926 234 88 12
0.06413437 -0.26153742 0.19419092 234 88 12
0.10858602 -0.24421589 0.19431777 234 88 12
0.11289583 -0.24213593 0.1940865 234 88 12
0.17990223 -0.21227154 0.19013785 234 88 12
0.22124925 -0.19573408 0.1899525 234 88 12
0.25013981 -0.185098 0.19060043 234 88 12
0.27468781 -0.17651445 0.19127082 234 88 12
0.34962334 -0.15095294 0.19353526 234 88 12
0.35984025 -0.14751494 0.19376029 234 88 12
0.39600812 -0.13584488 0.19405889 234 88 12
0.51926947 -0.10393055 0.19056782 234 88 12
0.54863624 -0.096365226 0.18940167 234 88 12
-0.34470993 -0.37993816 0.19556735 234 88 12
-0.33195426 -0.37790833 0.19578886 234 88 12
-0.25531477 -0.35528062 0.19248259 234 88 12
-0.24061205 -0.34973839 0.19137921 234 88 12
-0.20716256 -0.33904764 0.18898249 234 88 12
-0.1885349 -0.33347528 0.18775569 234 88 12
-0.17482795 -0.32932147 0.1870071 234 88 12
-0.16582257 -0.32635326 0.18630733 234 88 12
-0.1256523 -0.31147787 0.182973 234 88 12
-0.08929013 -0.29484656 0.17972397 234 88 12
-0.017468406 -0.2736573 0.17964155 234 88 12
-0.0006618449 -0.27192853 0.18145631 234 88 12
0.036242954 -0.26945359 0.18654175 234 88 12
0.045946426 -0.2680396 0.18755539 234 88 12
0.08711827 -0.25694614 0.19003931 234 88 12
0.10037238 -0.25123572 0.1898693 234 88 12
0.1345102 -0.23440604 0.18750286 234 88 12
0.14697764 -0.22879129 0.18660678 234 88 12
0.19815874 -0.20725838 0.1843306 234 88 12
0.22633743 -0.19590937 0.18446458 234 88 12
0.29003593 -0.1735735 0.18616206 234 88 12
0.37060791 -0.14613918 0.18828794 234 88 12
0.37569738 -0.14436611 0.18827841 234 88 12
0.38611938 -0.14123375 0.18845792 234 88 12
0.45662018 -0.12159451 0.18731566 234 88 12
0.47347 -0.11727305 0.1868947 234 88 12
-0.39741328 -0.39118086 0.18808738 234 88 12
-0.35014725 -0.38390816 0.18993933 234 88 12
-0.31278757 -0.37715523 0.19022633 234 88 12
-0.24456356 -0.35443025 0.18650942 234 88 12
-0.22052975 -0.34638178 0.18478011 234 88 12
-0.19700457 -0.3387673 0.18296934 234 88 12
-0.16950704 -0.33063723 0.18151738 234 88 12
-0.14267564 -0.32158119 0.17957121 234 88 12
-0.11588739 -0.31015379 0.17705364 234 88 12
-0.10230778 -0.30436054 0.1758882 234 88 12
-0.097807119 -0.30200457 0.17538865 234 88 12
0.005381388 -0.27440371 0.17707378 234 88 12
0.021550388 -0.2733893 0.17928231 234 88 12
0.041578585 -0.27155054 0.18210759 234 88 12
0.078777887 -0.26314749 0.18494418 234 88 12
0.096539924 -0.25617316 0.18498774 234 88 12
0.10966456 -0.24961701 0.18419394 234 88 12
0.1350967 -0.23698031 0.18233546 234 88 12
0.24590323 -0.19047791 0.17908209 234 88 12
0.2703285 -0.18119231 0.17963393 234 88 12
0.32018974 -0.16556085 0.18134402 234 88 12
0.34033836 -0.15848106 0.18185978 234 88 12
0.38149782 -0.14479734 0.18278419 234 88 12
0.41886269 -0.13416607 0.18303991 234 88 12
0.42444602 -0.13282289 0.18299344 234 88 12
0.43555199 -0.12989886 0.18268513 234 88 12
0.46323346 -0.12239526 0.18177737 234 88 12
0.47447102 -0.11949217 0.1814285 234 88 12
-0.37592759 -0.39083773 0.18346053 234 88 12
-0.3489536 -0.38700218 0.18446926 234 88 12
-0.32361578 -0.38285649 0.18506752 234 88 12
-0.18250958 -0.33722259 0.17706391 234 88 12
-0.097118923 -0.30479424 0.1702712 234 88 12
-0.083270761 -0.29897192 0.16930928 234 88 12
-0.073784106 -0.29551013 0.16885643 234 88 12
0.00040402514 -0.27782504 0.17124761 234 88 12
0.022040841 -0.27631127 0.17423726 234 88 12
0.056264417 -0.27216528 0.17873378 234 88 12
0.060977565 -0.27144809 0.17917511 234 88 12
0.10587858 -0.25446114 0.17935543 234 88 12
0.12315617 -0.24557203 0.17805123 234 88 12
0.13566318 -0.23937246 0.17710458 234 88 12
0.17703349 -0.22022337 0.17384182 234 88 12
0.26573016 -0.18437624 0.17369265 234 88 12
0.29569586 -0.17523043 0.17469548 234 88 12
0.35632444 -0.15496811 0.17652236 234 88 12
0.3614971 -0.15334456 0.17669115 234 88 12
0.36663657 -0.15173024 0.17684049 234 88 12
0.39277397 -0.14388391 0.17735376 234 88 12
0.40876088 -0.13937272 0.17759111 234 88 12
0.45859539 -0.12617211 0.17653341 234 88 12
0.47548135 -0.12155179 0.17593297 234 88 12
-0.35448788 -0.39082638 0.17867151 234 88 12
-0.34141915 -0.38906904 0.17933881 234 88 12
-0.25749974 -0.36610043 0.17702301 234 88 12
-0.20022679 -0.34541561 0.17263921 234 88 12
-0.1908984 -0.34270758 0.17226502 234 88 12
-0.15463048 -0.33113814 0.17002205 234 88 12
-0.11916394 -0.31700324 0.16694334 234 88 12
-0.091856487 -0.30544016 0.16477839 234 88 12
-0.08726506 -0.30346931 0.16442825 234 88 12
-0.073218535 -0.29811987 0.16358082 234 88 12
-0.016044941 -0.28264101 0.16434025 234 88 12
0.047193237 -0.27661104 0.1726951 234 88 12
0.10205902 -0.25944247 0.17458067 234 88 12
0.10637105 -0.25698542 0.17420977 234 88 12
0.11512087 -0.25252334 0.17357964 234 88 12
0.14445044 -0.23757839 0.17108266 234 88 12
0.22259369 -0.20301022 0.1673668 234 88 12
0.22733398 -0.20101195 0.16742348 234 88 12
0.27103451 -0.18424099 0.168046 234 88 12
0.28603993 -0.17981484 0.16846844 234 88 12
0.29107077 -0.17841553 0.16867631 234 88 12
0.33620236 -0.16385106 0.17013414 234 88 12
0.487906 -0.12073761 0.16992638 234 88 12
-0.36701861 -0.39548181 0.17259108 234 88 12
-0.34045177 -0.39198231 0.17386092 234 88 12
-0.27178372 -0.37488633 0.17281344 234 88 12
-0.24688538 -0.36494317 0.17087864 234 88 12
-0.23248364 -0.35928264 0.16985284 234 88 12
-0.15390589 -0.33352495 0.16469045 234 88 12
-0.095766582 -0.31010593 0.15998023 234 88 12
-0.0098722266 -0.28470006 0.15969197 234 88 12
0.093880261 -0.26608733 0.16975589 234 88 12
0.10269681 -0.26202772 0.16945224 234 88 12
0.11139279 -0.25738957 0.16882389 234 88 12
0.12434462 -0.25032161 0.16759398 234 88 12
0.16954995 -0.22762266 0.16335204 234 88 12
0.22297223 -0.20432296 0.16164419 234 88 12
0.25172934 -0.19275757 0.16176445 234 88 12
0.26149386 -0.18911942 0.16194463 234 88 12
0.3417648 -0.16365207 0.16441587 234 88 12
0.37295942 -0.15395777 0.16549437 234 88 12
0.37828457 -0.1525518 0.1657055 234 88 12
0.42713015 -0.13995799 0.16658184 234 88 12
0.47186119 -0.12733299 0.1651036 234 88 12
-0.31490921 -0.3908845 0.16902145 234 88 12
-0.27607181 -0.3797208 0.1677447 234 88 12
-0.23641236 -0.36417733 0.16492101 234 88 12
-0.19883527 -0.35045225 0.16192407 234 88 12
-0.18962704 -0.34746757 0.16142208 234 88 12
-0.13555389 -0.32916828 0.15791714 234 88 12
-0.099732844 -0.31438363 0.15506896 234 88 12
-0.08594819 -0.30866074 0.15390543 234 88 12
-0.076750716 -0.30479485 0.15320406 234 88 12
-0.015200546 -0.28788667 0.15387175 234 88 12
-0.0038759066 -0.28687327 0.15511562 234 88 12
0.0069822644 -0.28586959 0.15653486 234 88 12
0.012365036 -0.28546443 0.15729504 234 88 12
0.02307096 -0.28475088 0.15888339 234 88 12
0.057708518 -0.28095938 0.16353621 234 88 12
0.071827055 -0.27747573 0.16442796 234 88 12
0.14556389 -0.24191569 0.16030576 234 88 12
0.15361705 -0.237685 0.15938967 234 88 12
0.15764228 -0.23549729 0.15892911 234 88 12
0.18284516 -0.22410502 0.15704437 234 88 12
0.20487552 -0.21381656 0.15620657 234 88 12
0.21859465 -0.20747613 0.15589462 234 88 12
0.24722714 -0.19578529 0.15589628 234 88 12
0.25705688 -0.19241076 0.15607982 234 88 12
0.26192996 -0.19062551 0.15612965 234 88 12
0.28680545 -0.18284256 0.15681991 234 88 12
0.33705386 -0.16676706 0.15837658 234 88 12
0.34221581 -0.1652474 0.15855035 234 88 12
0.35241824 -0.1621058 0.15899293 234 88 12
0.38426527 -0.15291193 0.16012934 234 88 12
0.38960572 -0.15142309 0.16033169 234 88 12
0.44472675 -0.13768578 0.16066988 234 88 12
0.46716558 -0.13110623 0.15979819 234 88 12
0.47856203 -0.12791674 0.15934789 234 88 12
-0.38581654 -0.40379738 0.16032361 234 88 12
-0.35846743 -0.40045608 0.1619517 234 88 12
-0.27517993 -0.38254834 0.16238406 234 88 12
-0.25991927 -0.37662706 0.16132871 234 88 12
-0.18895467 -0.34995742 0.15596594 234 88 12
-0.14805779 -0.33660566 0.15359842 234 88 12
-0.089847075 -0.31305297 0.14895963 234 88 12
-0.08525591 -0.31123148 0.14862694 234 88 12
-0.014699504 -0.29054702 0.14859468 234 88 12
-0.0090887046 -0.28988135 0.14914636 234 88 12
0.043628785 -0.28611097 0.15675279 234 88 12
0.048558206 -0.28533361 0.15737111 234 88 12
0.067650029 -0.2815278 0.1590926 234 88 12
0.072348315 -0.28017797 0.15926379 234 88 12
0.13792624 -0.2481876 0.15576615 234 88 12
0.15821642 -0.23753457 0.15358038 234 88 12
0.25748632 -0.19400599 0.1502961 234 88 12
0.27217306 -0.18866498 0.15040964 234 88 12
0.28218277 -0.18561791 0.1507424 234 88 12
0.31224678 -0.17662668 0.151816 234 88 12
0.3272973 -0.17161669 0.15227999 234 88 12
0.33753554 -0.16852169 0.15259531 234 88 12
0.37411154 -0.15777136 0.15389864 234 88 12
0.46256857 -0.13488987 0.15443152 234 88 12
0.47951029 -0.13001408 0.15373474 234 88 12
-0.31948334 -0.39751969 0.15789874 234 88 12
-0.2692662 -0.3833492 0.15657871 234 88 12
-0.25909925 -0.37942917 0.15585751 234 88 12
-0.18827014 -0.35247334 0.1505122 234 88 12
-0.066178504 -0.30654047 0.14218528 234 88 12
0.049012252 -0.2880356 0.15210897 234 88 12
0.058637107 -0.28640289 0.15315725 234 88 12
0.086704708 -0.27796355 0.15423071 234 88 12
0.095671981 -0.27419956 0.15420195 234 88 12
0.16705713 -0.23570905 0.14736121 234 88 12
0.20588057 -0.21732297 0.14502081 234 88 12
0.22406969 -0.20862821 0.14454466 234 88 12
0.33283351 -0.17179676 0.14660201 234 88 12
0.3746813 -0.15949201 0.14809753 234 88 12
0.40734576 -0.15147345 0.14946885 234 88 12
0.41280086 -0.1499829 0.14949435 234 88 12
-0.37721405 -0.40842278 0.14949034 234 88 12
-0.30091962 -0.39644142 0.1524145 234 88 12
-0.22496107 -0.36842687 0.14778919 234 88 12
-0.21555219 -0.36473322 0.1470836 234 88 12
0.063864444 -0.28807379 0.14822292 234 88 12
0.068621001 -0.28690846 0.14856343 234 88 12
0.091756012 -0.27863681 0.14893216 234 88 12
0.10957586 -0.26990015 0.14802746 234 88 12
0.13098346 -0.25764761 0.14586008 234 88 12
0.28294749 -0.18879227 0.13908984 234 88 12
0.33337751 -0.17377398 0.1408714 234 88 12
0.40819253 -0.15361177 0.1437825 234 88 12
0.44184854 -0.14557096 0.14393674 234 88 12
-0.36969787 -0.41018521 0.1441944 234 88 12
-0.35644138 -0.40838673 0.14486668 234 88 12
-0.33044576 -0.40516683 0.14626806 234 88 12
-0.32426154 -0.40404537 0.14647119 234 88 12
-0.3181839 -0.40293923 0.14663818 234 88 12
-0.31222956 -0.40169844 0.14668749 234 88 12
-0.30041305 -0.39916134 0.14673816 234 88 12
-0.18693316 -0.35757864 0.1395785 234 88 12
0.034825347 -0.29529345 0.13936345 234 88 12
0.044934643 -0.29433263 0.14079445 234 88 12
0.069133502 -0.28955153 0.14321155 234 88 12
0.078495125 -0.28671975 0.14367021 234 88 12
0.10590255 -0.27488253 0.14315903 234 88 12
0.12321126 -0.26484779 0.14135992 234 88 12
0.32383609 -0.17875966 0.13483582 234 88 12
0.3704657 -0.16442952 0.13628012 234 88 12
0.38681893 -0.16074702 0.13717887 234 88 12
0.46551484 -0.14113198 0.13760307 234 88 12
0.48260524 -0.13639321 0.1367979 234 88 12
-0.36913922 -0.41281766 0.13841014 234 88 12
-0.27770919 -0.39519916 0.14029251 234 88 12
-0.26217362 -0.38945487 0.13920722 234 88 12
-0.25230112 -0.3852899 0.13846621 234 88 12
0.050349318 -0.29620682 0.13606062 234 88 12
0.13234432 -0.2621131 0.13502336 234 88 12
0.32944485 -0.1788308 0.12913351 234 88 12
0.38752259 -0.16250468 0.13133412 234 88 12
0.39862748 -0.15990264 0.13175441 234 88 12
0.44369343 -0.14932306 0.13240049 234 88 12
0.45512407 -0.14633032 0.13224405 234 88 12
0.46080171 -0.14482453 0.13213034 234 88 12
-0.29372905 -0.40255586 0.13508274 234 88 12
-0.27183967 -0.39600951 0.13411536 234 88 12
-0.23731128 -0.38176302 0.13152201 234 88 12
0.30976546 -0.18632257 0.12257384 234 88 12
0.43324125 -0.15370733 0.12663762 234 88 12
0.4503851 -0.1497827 0.1266011 234 88 12
-0.34178527 -0.41459461 0.12800007 234 88 12
-0.29329833 -0.40511054 0.12914058 234 88 12
-0.25608056 -0.39260044 0.12702972 234 88 12
-0.20818152 -0.37375177 0.12445412 234 88 12
-0.1846489 -0.36578204 0.1230416 234 88 12
0.065959994 -0.29852065 0.12663775 234 88 12
0.08947861 -0.29039186 0.12742222 234 88 12
0.12073044 -0.27415242 0.12548855 234 88 12
0.12496368 -0.27151131 0.12503806 234 88 12
0.37252893 -0.16976521 0.11888289 234 88 12
0.41715004 -0.15982655 0.12057442 234 88 12
0.42853571 -0.15720775 0.12087041 234 88 12
0.43421678 -0.1556677 0.1208515 234 88 12
0.45693818 -0.14989335 0.1206489 234 88 12
-0.33496214 -0.41628711 0.12239216 234 88 12
-0.30447378 -0.41059113 0.12330755 234 88 12
-0.29874514 -0.40900145 0.12315794 234 88 12
-0.2763743 -0.40271199 0.12244804 234 88 12
-0.27102506 -0.40085253 0.12208039 234 88 12
-0.26578162 -0.39899065 0.12177634 234 88 12
-0.24094599 -0.38895359 0.12008806 234 88 12
-0.19334985 -0.37141697 0.1179257 234 88 12
-0.17920513 -0.36675222 0.11696492 234 88 12
-0.17463359 -0.36514976 0.11667283 234 88 12
0.036881861 -0.30622212 0.11766689 234 88 12
0.066495017 -0.301056 0.12119538 234 88 12
0.094613216 -0.29057809 0.12176537 234 88 12
0.10375589 -0.28595724 0.12141506 234 88 12
0.32109501 -0.18691117 0.11108512 234 88 12
0.33140944 -0.18411797 0.11152873 234 88 12
0.4578082 -0.15146237 0.11472305 234 88 12
0.48057684 -0.14561962 0.1141597 234 88 12
0.48634848 -0.14424058 0.11407144 234 88 12
-0.38686157 -0.42562764 0.11358928 234 88 12
-0.29842753 -0.41146467 0.11706432 234 88 12
-0.25021408 -0.39538351 0.11467663 234 88 12
-0.23074388 -0.38772136 0.1136973 234 88 12
-0.22597531 -0.38591401 0.11344878 234 88 12
-0.2116637 -0.3806982 0.11287828 234 88 12
0.095266167 -0.29285566 0.11621728 234 88 12
0.099856928 -0.29060515 0.11606542 234 88 12
0.11345095 -0.28361486 0.11513682 234 88 12
0.29108067 -0.19751535 0.10424502 234 88 12
0.31669152 -0.19019823 0.10499883 234 88 12
0.3218074 -0.18868231 0.10515396 234 88 12
0.33213366 -0.18584554 0.10557772 234 88 12
0.35814042 -0.17808331 0.10645842 234 88 12
0.38512127 -0.1710473 0.10752558 234 88 12
0.43029254 -0.16082819 0.10888586 234 88 12
0.44733252 -0.15602907 0.10894813 234 88 12
-0.35375347 -0.42340228 0.10902481 234 88 12
-0.30388785 -0.41536404 0.11098451 234 88 12
-0.27577589 -0.40748066 0.11019274 234 88 12
-0.25489447 -0.39981974 0.10893372 234 88 12
-0.22536814 -0.38844453 0.10746299 234 88 12
-0.17300315 -0.37055304 0.10521583 234 88 12
0.043010904 -0.31091945 0.10728555 234 88 12
0.057892387 -0.3082573 0.10914811 234 88 12
0.091241365 -0.29701754 0.11066422 234 88 12
0.10971827 -0.28811483 0.10985113 234 88 12
0.29167763 -0.19932719 0.09834636 234 88 12
0.32776423 -0.18939533 0.099465373 234 88 12
0.43106308 -0.16237827 0.10269869 234 88 12
0.47655601 -0.15049609 0.102536 234 88 12
-0.29788417 -0.41646644 0.10470035 234 88 12
-0.24442049 -0.39845683 0.10229619 234 88 12
-0.17678281 -0.37479045 0.09966521 234 88 12
0.028035462 -0.31519419 0.099619206 234 88 12
0.073164395 -0.30682204 0.10478362 234 88 12
0.28714512 -0.20295654 0.092449071 234 88 12
0.32331688 -0.19266514 0.093252372 234 88 12
0.33363833 -0.1896896 0.093528882 234 88 12
0.33883574 -0.18825107 0.093713871 234 88 12
0.35457632 -0.18344796 0.094227215 234 88 12
0.39818001 -0.17256068 0.095979407 234 88 12
0.40943094 -0.1699987 0.096236154 234 88 12
0.44897926 -0.15979855 0.096876375 234 88 12
-0.29197787 -0.41731145 0.098353278 234 88 12
-0.24404389 -0.40091931 0.096206814 234 88 12
-0.19981865 -0.38518772 0.094542001 234 88 12
0.06897695 -0.31096131 0.098895859 234 88 12
0.36078384 -0.1837853 0.088407158 234 88 12
0.42149859 -0.16881788 0.09028684 234 88 12
0.44404852 -0.16284503 0.090633946 234 88 12
-0.27497968 -0.41451671 0.09158954 234 88 12
-0.25909383 -0.40890788 0.090784454 234 88 12
-0.23847482 -0.40168494 0.089834652 234 88 12
-0.23335555 -0.39985304 0.089677775 234 88 12
-0.1990058 -0.38790788 0.088488395 234 88 12
-0.18464666 -0.38302831 0.088036715 234 88 12
0.04984241 -0.31781707 0.091272651 234 88 12
0.0933674 -0.30387346 0.093737282 234 88 12
0.35118748 -0.18899817 0.08202378 234 88 12
0.38873492 -0.17864898 0.08336358 234 88 12
0.41116942 -0.17323519 0.083852916 234 88 12
0.43923514 -0.16617648 0.084352738 234 88 12
0.45053289 -0.16334207 0.084617533 234 88 12
-0.1933645 -0.3887475 0.082219376 234 88 12
-0.16951471 -0.38135217 0.081622326 234 88 12
0.070327361 -0.31569595 0.087544902 234 88 12
0.075183685 -0.31419991 0.087884141 234 88 12
0.089442851 -0.30845878 0.088073952 234 88 12
0.29431489 -0.20752288 0.07498324 234 88 12
0.30471071 -0.20442718 0.075029663 234 88 12
0.38963391 -0.18063905 0.077253301 234 88 12
-0.26889098 -0.41722902 0.078726303 234 88 12
-0.24765618 -0.41031974 0.077941893 234 88 12
-0.20715978 -0.3965135 0.076588199 234 88 12
0.041048116 -0.32430226 0.079074753 234 88 12
0.046164283 -0.32347328 0.079659375 234 88 12
0.090237927 -0.31065091 0.082348005 234 88 12
0.29507451 -0.20986684 0.069232475 234 88 12
0.36885978 -0.18868189 0.070575265 234 88 12
0.40178638 -0.17987957 0.07139257 234 88 12
0.43534466 -0.17137983 0.071916614 234 88 12
0.44653746 -0.16846888 0.072214053 234 88 12
-0.30828204 -0.43038118 0.072848971 234 88 12
-0.29079923 -0.42603032 0.072809802 234 88 12
-0.25226569 -0.41446808 0.071888762 234 88 12
-0.24711213 -0.41262981 0.071660633 234 88 12
-0.2315184 -0.40761303 0.071305847 234 88 12
-0.20648196 -0.39896722 0.070410526 234 88 12
0.31161544 -0.20738898 0.063443149 234 88 12
0.33267165 -0.20114471 0.063545187 234 88 12
0.35374979 -0.1951633 0.063916862 234 88 12
0.44183161 -0.17192208 0.065855332 234 88 12
0.45855713 -0.16712815 0.066051928 234 88 12
-0.27918245 -0.42488755 0.066098768 234 88 12
-0.24133055 -0.41361756 0.065280137 234 88 12
-0.19600428 -0.39850178 0.064029659 234 88 12
-0.17184566 -0.39102108 0.06363306 234 88 12
0.032033263 -0.33045728 0.06680715 234 88 12
0.037345447 -0.33006853 0.067535295 234 88 12
0.091687599 -0.3151015 0.070857479 234 88 12
0.33357637 -0.20349345 0.057709065 234 88 12
0.3761109 -0.19141752 0.058551723 234 88 12
0.40917932 -0.18256127 0.059152087 234 88 12
0.45380506 -0.17078435 0.059823197 234 88 12
-0.31335155 -0.43597875 0.059942976 234 88 12
-0.30166043 -0.43326329 0.059904438 234 88 12
-0.26760826 -0.42418957 0.059642457 234 88 12
-0.26210304 -0.42263099 0.059596047 234 88 12
-0.21007924 -0.40621943 0.058350429 234 88 12
0.063568064 -0.32827176 0.064438871 234 88 12
0.078151649 -0.32345339 0.065025011 234 88 12
0.11100848 -0.30801759 0.06475737 234 88 12
0.33447762 -0.20581115 0.051903447 234 88 12
0.38798594 -0.19068729 0.052634094 234 88 12
0.41010694 -0.18474272 0.052957493 234 88 12
0.42129696 -0.18183319 0.053130306 234 88 12
0.46031284 -0.17137207 0.053634984 234 88 12
0.10250664 -0.31518615 0.059307775 234 88 12
0.098678658 -0.31998466 0.05371675 234 88 12
0.051740771 -0.34177435 0.0414573 234 88 12
0.071749781 -0.33644021 0.042316503 234 88 12
0.047363621 -0.34526815 0.0358004 234 88 12
0.07734683 -0.33703886 0.036783679 234 88 12
0.082216357 -0.33513106 0.036794878 234 88 12
0.087050646 -0.33302901 0.036737395 234 88 12
0.10598493 -0.32396793 0.036372493 234 88 12
0.037750098 -0.34964325 0.029830886 234 88 12
0.048118339 -0.34768691 0.030437794 234 88 12
0.069990822 -0.34702543 0.020171001 234 88 12
0.079889985 -0.34379748 0.020192039 234 88 12
-0.041427838 0.021773535 0.61783043 234 88 12
-0.024953004 0.017551222 0.62278509 234 88 12
-0.022065542 0.015461445 0.6201873 234 88 12
-0.036768079 0.018042725 0.61286847 234 88 12
-0.027690752 0.013159627 0.6084905 234 88 12
-0.023486432 0.011942067 0.60937433 234 88 12
-0.029818064 0.011922317 0.60071856 234 88 12
-0.025610267 0.010546746 0.60155673 234 88 12
-0.034738424 0.010842837 0.58798923 234 88 12
-0.037981218 0.011477497 0.58320616 234 88 12
-0.031480057 0.0091291055 0.58443689 234 88 12
-0.027400762 0.0072682185 0.58506063 234 88 12
-0.043450781 0.013125098 0.57790034 234 88 12
-0.038857918 0.011201316 0.57889091 234 88 12
-0.020419219 0.00276263 0.58181577 234 88 12
-0.04207774 0.011936467 0.57402323 234 88 12
-0.044092182 0.011730638 0.56507963 234 88 12
-0.037618927 0.0089652026 0.56625391 234 88 12
-0.013755986 -0.0053142991 0.57016785 234 88 12
-0.049808023 0.013933662 0.55938844 234 88 12
-0.030472468 0.00405311 0.56309255 234 88 12
-0.028528876 0.0031418118 0.56332839 234 88 12
-0.024587906 0.00083261282 0.56391371 234 88 12
-0.020572272 -0.0017968375 0.56461406 234 88 12
-0.0054502892 -0.014023813 0.56794291 234 88 12
-0.029617024 0.0024753277 0.55872396 234 88 12
-0.049619631 0.012832031 0.55033026 234 88 12
-0.030654228 0.0019399322 0.55402608 234 88 12
-0.024654711 -0.0017074457 0.55504968 234 88 12
-0.0088293652 -0.013408846 0.55875492 234 88 12
-0.0069418666 -0.015185655 0.55928918 234 88 12
-0.049543068 0.011571771 0.54107842 234 88 12
-0.043002212 0.0073326757 0.54264143 234 88 12
-0.016646459 -0.010025763 0.54834326 234 88 12
-0.0087488249 -0.016581228 0.55059513 234 88 12
-0.0068739606 -0.018403275 0.5510636 234 88 12
-0.050545888 0.011600181 0.5361572 234 88 12
-0.03201406 -0.00060798125 0.54025849 234 88 12
-0.0097714179 -0.017490107 0.54614179 234 88 12
-0.051628496 0.011645733 0.5311767 234 88 12
-0.04126559 0.0043199282 0.53367447 234 88 12
-0.020899285 -0.0093912495 0.53850171 234 88 12
-0.036233238 0.00033589297 0.52999437 234 88 12
-0.03212813 -0.0026365518 0.53103684 234 88 12
-0.030048895 -0.0042077449 0.53160052 234 88 12
-0.026070605 -0.0071100201 0.53273124 234 88 12
-0.01990876 -0.011598794 0.53450453 234 88 12
-0.011822875 -0.018531093 0.53701725 234 88 12
-0.05369044 0.0116572 0.52130486 234 88 12
-0.049480465 0.0082841365 0.52239356 234 88 12
-0.043332051 0.0039418476 0.52384866 234 88 12
-0.041368359 0.0026634614 0.52426917 234 88 12
-0.031092963 -0.0047137328 0.52677222 234 88 12
-0.018099289 -0.015582063 0.52642394 234 88 12
-0.0138761 -0.019232061 0.52788345 234 88 12
-0.053580067 0.0099651979 0.51204707 234 88 12
-0.047399634 0.0051751326 0.51351864 234 88 12
-0.043534819 0.0021398104 0.51454396 234 88 12
-0.033351437 -0.005555091 0.51731474 234 88 12
-0.029388373 -0.0083253831 0.51852797 234 88 12
-0.009137239 -0.025898739 0.52552416 234 88 12
-0.060726256 0.01542415 0.50553383 234 88 12
-0.044538277 0.0019987431 0.50967934 234 88 12
-0.018240011 -0.01815192 0.5180055 234 88 12
-0.012233941 -0.024270125 0.52030228 234 88 12
0.003162485 -0.040586204 0.52591739 234 88 12
-0.076127019 0.029426248 0.49630829 234 88 12
-0.065536757 0.019307992 0.49976215 234 88 12
-0.061535814 0.015538377 0.50083262 234 88 12
-0.057444979 0.011803409 0.50197807 234 88 12
-0.055423512 0.01012588 0.50245505 234 88 12
-0.051351202 0.0068198104 0.50337325 234 88 12
-0.045601182 0.0019087637 0.50493087 234 88 12
-0.021376281 -0.016838669 0.51267254 234 88 12
-0.015348716 -0.022517663 0.51498916 234 88 12
-0.0089982633 -0.029642396 0.51753593 234 88 12
-0.00017783014 -0.038861432 0.52064923 234 88 12
-0.020466507 -0.019283155 0.50902217 234 88 12
-0.010012715 -0.030297986 0.51309503 234 88 12
0.0089705699 -0.047633729 0.51971761 234 88 12
-0.077253107 0.030413382 0.48736965 234 88 12
-0.063202263 0.016270823 0.49155026 234 88 12
-0.0089405668 -0.033379413 0.50956411 234 88 12
-0.065991907 0.018453101 0.48659665 234 88 12
-0.024637748 -0.019138747 0.49955048 234 88 12
-0.016533964 -0.027048901 0.50274305 234 88 12
0.0020718786 -0.044287945 0.50922132 234 88 12
-0.072525523 0.025057201 0.48049642 234 88 12
-0.058990921 0.010762485 0.48428338 234 88 12
-0.041812892 -0.0058627376 0.48924139 234 88 12
-0.02571529 -0.020125492 0.49528178 234 88 12
-0.0013826388 -0.043085886 0.50411146 234 88 12
0.0037849791 -0.046819986 0.50573924 234 88 12
-0.065419245 0.016493812 0.47847878 234 88 12
-0.044807271 -0.0046618865 0.48430247 234 88 12
-0.040885445 -0.0077603118 0.48547389 234 88 12
-0.022685965 -0.024581159 0.49252848 234 88 12
-0.018707666 -0.028529664 0.49411898 234 88 12
-0.0023276705 -0.043529791 0.49974148 234 88 12
-0.077342932 0.029837917 0.4711344 234 88 12
-0.073596366 0.025789262 0.47209095 234 88 12
-0.037995936 -0.012154646 0.48262994 234 88 12
-0.066754042 0.016487398 0.46998234 234 88 12
-0.04865235 -0.0039813302 0.47521733 234 88 12
-0.043009641 -0.0090030818 0.47689968 234 88 12
-0.041010128 -0.010963246 0.47760664 234 88 12
-0.039054109 -0.012772508 0.47834131 234 88 12
-0.03705642 -0.014568202 0.47910991 234 88 12
-0.031073442 -0.020381259 0.48168711 234 88 12
-0.072804886 0.023782488 0.46447839 234 88 12
-0.060521399 0.0080100989 0.46783447 234 88 12
-0.053282675 -0.00067685625 0.46994159 234 88 12
-0.051412457 -0.0025971619 0.47043397 234 88 12
-0.024058204 -0.028757816 0.48040887 234 88 12
-0.0024049592 -0.047454133 0.48766435 234 88 12
-0.082641631 0.035482864 0.4585513 234 88 12
-0.063239512 0.0099974437 0.46315892 234 88 12
-0.061441903 0.0078852999 0.46361197 234 88 12
-0.05043848 -0.0053059947 0.46687626 234 88 12
-0.046758286 -0.0089720438 0.4680126 234 88 12
-0.033197035 -0.021977111 0.47305435 234 88 12
-0.029209502 -0.025735474 0.47459807 234 88 12
-0.020850769 -0.033698678 0.4776674 234 88 12
-0.016282939 -0.038234082 0.47936067 234 88 12
-0.064037047 0.0097005619 0.45906393 234 88 12
-0.051411738 -0.0058487749 0.46265948 234 88 12
-0.042157977 -0.014961403 0.46567838 234 88 12
-0.032273835 -0.024608978 0.46953153 234 88 12
-0.081514857 0.033877192 0.4515288 234 88 12
-0.069612394 0.016741323 0.45390228 234 88 12
-0.054224171 -0.0043850132 0.45797811 234 88 12
-0.039209435 -0.019801763 0.4629432 234 88 12
-0.035255947 -0.023742978 0.46449415 234 88 12
-0.0021552661 -0.05210713 0.4757598 234 88 12
0.00073760824 -0.053934098 0.47654151 234 88 12
-0.068835272 0.014472777 0.45022776 234 88 12
-0.062171002 0.0040712136 0.4519502 234 88 12
-0.058617574 -0.000578467 0.45290898 234 88 12
-0.042132691 -0.018750237 0.45800056 234 88 12
-0.023956395 -0.036449891 0.46483861 234 88 12
-0.059513487 -0.0011489009 0.4488719 234 88 12
-0.056022943 -0.0058599617 0.4498808 234 88 12
-0.052478174 -0.010024523 0.45088551 234 88 12
-0.041306187 -0.021592812 0.4545102 234 88 12
-0.03933197 -0.023741038 0.45532745 234 88 12
-0.033343846 -0.029632589 0.4575493 234 88 12
-0.022732246 -0.039451301 0.4614525 234 88 12
-0.017776232 -0.043603145 0.46302495 234 88 12
-0.071657384 0.016384378 0.44252719 234 88 12
-0.065341281 0.005849625 0.4436194 234 88 12
-0.063778075 0.0033353214 0.44392481 234 88 12
-0.028218179 -0.036537074 0.45570121 234 88 12
-0.072133938 0.015923402 0.43891428 234 88 12
-0.069078643 0.010673967 0.43925975 234 88 12
-0.059541589 -0.0048414862 0.44120024 234 88 12
-0.029182546 -0.037286925 0.45134805 234 88 12
-0.027038771 -0.039241118 0.45211522 234 88 12
-0.024724304 -0.041455077 0.45293885 234 88 12
-0.022313576 -0.043621747 0.45375351 234 88 12
-0.003035289 -0.05728057 0.45944913 234 88 12
0.0027114315 -0.06068076 0.46100259 234 88 12
0.032937365 -0.079776776 0.46981489 234 88 12
-0.066872022 0.0048862218 0.43577001 234 88 12
-0.044578052 -0.024624917 0.44174026 234 88 12
-0.01270626 -0.052559557 0.45253065 234 88 12
0.013495044 -0.068371011 0.45979604 234 88 12
0.021823924 -0.073385987 0.46219598 234 88 12
0.02951386 -0.078852091 0.46463403 234 88 12
-0.073303488 0.014832711 0.43143455 234 88 12
-0.051323262 -0.019818186 0.43570572 234 88 12
-0.049422153 -0.021889667 0.43627979 234 88 12
-0.033227496 -0.037828672 0.44187228 234 88 12
-0.016556864 -0.051557149 0.44729847 234 88 12
0.00073051448 -0.063060289 0.45222277 234 88 12
0.033182431 -0.083521929 0.46184178 234 88 12
-0.073986593 0.014001839 0.42769985 234 88 12
-0.069969192 0.0060651642 0.42788819 234 88 12
-0.052290365 -0.021028346 0.43142931 234 88 12
-0.044656059 -0.029255621 0.43395534 234 88 12
-0.042632765 -0.031360662 0.43469961 234 88 12
0.019785279 -0.075822047 0.453366 234 88 12
0.029782173 -0.082942266 0.4566894 234 88 12
-0.070774199 0.0050821674 0.42401427 234 88 12
-0.061761341 -0.011052151 0.42504684 234 88 12
-0.043574977 -0.032939955 0.43049575 234 88 12
-0.039452856 -0.036593601 0.4317736 234 88 12
0.0071701286 -0.070344949 0.44566029 234 88 12
0.010080275 -0.071918789 0.44644629 234 88 12
0.01592219 -0.075461723 0.44816169 234 88 12
0.030998189 -0.085832451 0.45314004 234 88 12
-0.066043693 -0.0070300519 0.42035334 234 88 12
-0.044573751 -0.034198116 0.42614217 234 88 12
-0.042577676 -0.036000544 0.42678531 234 88 12
-0.038453189 -0.039899777 0.42816244 234 88 12
-0.029764057 -0.04746147 0.43102776 234 88 12
-0.025022086 -0.051405763 0.43252891 234 88 12
-0.014162738 -0.059375945 0.43582806 234 88 12
0.011835462 -0.074906816 0.44289547 234 88 12
0.022714487 -0.082101421 0.44637059 234 88 12
0.025216212 -0.083779735 0.44726151 234 88 12
-0.063869928 -0.01350281 0.41661378 234 88 12
-0.058887242 -0.020700022 0.41754017 234 88 12
-0.055445564 -0.025200808 0.41847092 234 88 12
-0.045747528 -0.035409793 0.42171698 234 88 12
-0.026189545 -0.052621835 0.42808829 234 88 12
-0.03199978 -0.049993138 0.42219715 234 88 12
-0.029736025 -0.052058397 0.42293179 234 88 12
-0.027312501 -0.053973663 0.42362018 234 88 12
-0.016610507 -0.061633871 0.42690623 234 88 12
0.0035887367 -0.074008856 0.43239058 234 88 12
0.0064863851 -0.075761224 0.43316397 234 88 12
0.014831918 -0.080875392 0.43550383 234 88 12
0.017540026 -0.082663961 0.43639796 234 88 12
0.020182436 -0.084419709 0.4373025 234 88 12
-0.079704327 0.0079588918 0.40647834 234 88 12
-0.061069579 -0.023435805 0.40877586 234 88 12
-0.05940786 -0.025725069 0.40923229 234 88 12
-0.052075963 -0.033894988 0.41141911 234 88 12
-0.03765355 -0.047367888 0.41628478 234 88 12
-0.03318934 -0.051153797 0.41760413 234 88 12
-0.015142088 -0.064866911 0.42313681 234 88 12
0.0022229064 -0.075249498 0.42768876 234 88 12
0.0079096593 -0.078697169 0.42931065 234 88 12
-0.071796753 -0.010348749 0.40285924 234 88 12
-0.062203102 -0.024932193 0.40435547 234 88 12
-0.06051385 -0.027212674 0.40482189 234 88 12
-0.05323899 -0.035556627 0.40700256 234 88 12
-0.051288868 -0.037657665 0.40772292 234 88 12
-0.040945596 -0.047363438 0.41117958 234 88 12
-0.03883416 -0.049273368 0.41183541 234 88 12
-0.032082278 -0.054856294 0.41382443 234 88 12
-0.0079653475 -0.071438723 0.42075036 234 88 12
-0.0020997886 -0.074930685 0.42223229 234 88 12
0.00074788992 -0.076553541 0.42295504 234 88 12
0.0035269757 -0.078179109 0.42369918 234 88 12
-0.066711504 -0.02194054 0.3992761 234 88 12
-0.065104437 -0.024387687 0.39960419 234 88 12
-0.058190416 -0.033136749 0.40136638 234 88 12
-0.037848565 -0.052712704 0.40795732 234 88 12
-0.020513736 -0.065920514 0.41298444 234 88 12
0.0019911838 -0.079676562 0.41896725 234 88 12
-0.067874868 -0.023565622 0.3948439 234 88 12
-0.062910069 -0.030489932 0.39596349 234 88 12
-0.061177412 -0.032583591 0.39644309 234 88 12
-0.051766391 -0.042672371 0.39934012 234 88 12
-0.029752523 -0.061632412 0.40606698 234 88 12
0.00042543722 -0.081011546 0.4142204 234 88 12
0.0032592611 -0.082792479 0.41503476 234 88 12
-0.064165438 -0.032078017 0.39157588 234 88 12
-0.050971814 -0.046276171 0.39556905 234 88 12
-0.044653424 -0.052171297 0.39772919 234 88 12
-0.023373981 -0.068992621 0.40370828 234 88 12
-0.020698448 -0.070801565 0.4044364 234 88 12
-0.0068353447 -0.079093578 0.4080513 234 88 12
0.0067327873 -0.087608812 0.41206982 234 88 12
0.013857141 -0.091947149 0.41460544 234 88 12
-0.093635419 0.011034894 0.38252214 234 88 12
-0.081838243 -0.0090836938 0.38437214 234 88 12
-0.076853343 -0.017191782 0.38517233 234 88 12
-0.070395966 -0.026816389 0.38618389 234 88 12
-0.063792849 -0.035684566 0.38761105 234 88 12
-0.06201883 -0.037633066 0.38803559 234 88 12
-0.043917163 -0.055683227 0.39385745 234 88 12
0.01158567 -0.093114034 0.40992507 234 88 12
-0.096970228 0.012682667 0.37775637 234 88 12
-0.081628219 -0.013304591 0.3803117 234 88 12
-0.068504005 -0.032936816 0.38254187 234 88 12
-0.051638199 -0.051583887 0.38739209 234 88 12
0.0092497804 -0.094460084 0.40521182 234 88 12
-0.10382068 0.019837739 0.37264179 234 88 12
-0.090056372 -0.0032315919 0.37475229 234 88 12
-0.076463366 -0.024930362 0.37705495 234 88 12
-0.069888516 -0.034286398 0.37815793 234 88 12
-0.060832176 -0.045084855 0.38046382 234 88 12
-0.048888396 -0.057098892 0.38420403 234 88 12
-0.042454675 -0.062611585 0.38608021 234 88 12
-0.033122613 -0.070418001 0.38844266 234 88 12
-0.014878738 -0.082623757 0.3932432 234 88 12
0.008628848 -0.097612995 0.40099277 234 88 12
-0.09160473 -0.0044677231 0.37046795 234 88 12
-0.083051689 -0.01868261 0.3720573 234 88 12
-0.041739775 -0.066519347 0.38211728 234 88 12
-0.022072246 -0.081498038 0.38701612 234 88 12
-0.01142671 -0.087644769 0.39017565 234 88 12
-0.004247013 -0.092172024 0.39249904 234 88 12
-0.002015296 -0.09362617 0.39317574 234 88 12
0.0074697788 -0.10127855 0.39635784 234 88 12
-0.1048413 0.014164995 0.36456149 234 88 12
-0.094828782 -0.0028586716 0.36603264 234 88 12
-0.082881406 -0.022641686 0.36801601 234 88 12
-0.079344018 -0.028040774 0.36863598 234 88 12
-0.063619728 -0.048558405 0.37186781 234 88 12
-0.059761871 -0.05302174 0.3730742 234 88 12
-0.057785707 -0.055131955 0.37364654 234 88 12
-0.026405157 -0.081806868 0.38145659 234 88 12
-0.015925452 -0.0880624 0.38457696 234 88 12
-0.00032642713 -0.098867508 0.38974863 234 88 12
0.0015218453 -0.10045594 0.39030279 234 88 12
0.0045092375 -0.10351003 0.39099763 234 88 12
-0.10800326 0.015603731 0.36010434 234 88 12
-0.094711499 -0.0069570847 0.36218427 234 88 12
-0.091361086 -0.013191655 0.36286876 234 88 12
-0.070445022 -0.043973389 0.36646153 234 88 12
-0.059236233 -0.056890165 0.36931556 234 88 12
-0.055195635 -0.060707837 0.37031081 234 88 12
-0.040320046 -0.074347638 0.3738008 234 88 12
-0.023102656 -0.086973147 0.3780665 234 88 12
-0.0048668937 -0.099094072 0.38416548 234 88 12
-0.10599277 0.0083862293 0.35665737 234 88 12
-0.099559426 -0.0025202858 0.35756094 234 88 12
-0.092983416 -0.014509105 0.35879578 234 88 12
-0.087897869 -0.023218326 0.35966257 234 88 12
-0.07879302 -0.036406652 0.36115211 234 88 12
-0.029953198 -0.085975102 0.37173177 234 88 12
-0.011206167 -0.098074818 0.37793033 234 88 12
-0.0092258343 -0.099571814 0.37855749 234 88 12
-0.091274445 -0.021961036 0.35540477 234 88 12
-0.089477675 -0.024919312 0.35566906 234 88 12
-0.062233345 -0.060177779 0.36076957 234 88 12
-0.056258874 -0.06651657 0.3621023 234 88 12
-0.052172942 -0.070561177 0.36293521 234 88 12
-0.04788764 -0.074707781 0.36368985 234 88 12
-0.0084111906 -0.10499601 0.37441482 234 88 12
-0.0070354465 -0.10676178 0.37475683 234 88 12
-0.096289912 -0.017321582 0.35070863 234 88 12
-0.094638164 -0.020311288 0.35102473 234 88 12
-0.085579592 -0.034597865 0.35259747 234 88 12
-0.065645036 -0.059831689 0.35617026 234 88 12
-0.057857456 -0.068243964 0.35771583 234 88 12
-0.042978998 -0.082471442 0.36009485 234 88 12
-0.022418963 -0.097865025 0.36526245 234 88 12
-0.11220203 0.0066187891 0.34421894 234 88 12
-0.11057285 0.0039773786 0.34452321 234 88 12
-0.10110487 -0.012702245 0.34601984 234 88 12
-0.094544448 -0.024896104 0.34738407 234 88 12
-0.061334579 -0.068192759 0.35303334 234 88 12
-0.044527106 -0.084600242 0.3554941 234 88 12
-0.11355404 0.0050497387 0.34013059 234 88 12
-0.10731164 -0.0057654849 0.3412348 234 88 12
-0.10267962 -0.014270377 0.34204903 234 88 12
-0.097769843 -0.023453833 0.34307325 234 88 12
-0.092550792 -0.032107611 0.34404361 234 88 12
-0.076124964 -0.054775035 0.34657013 234 88 12
-0.070463338 -0.061795972 0.34762903 234 88 12
-0.068611858 -0.063973584 0.34791353 234 88 12
-0.06091025 -0.072202845 0.34900611 234 88 12
-0.11502624 0.0035047367 0.33606019 234 88 12
-0.097730601 -0.027981361 0.3395767 234 88 12
-0.077881184 -0.056539471 0.34259981 234 88 12
-0.07018624 -0.065936413 0.34381713 234 88 12
-0.060423711 -0.076644176 0.34505913 234 88 12
-0.03660986 -0.099108615 0.34789001 234 88 12
-0.032397543 -0.10254061 0.34854772 234 88 12
-0.11812116 0.0040493137 0.33180822 234 88 12
-0.1103088 -0.0092786692 0.33347015 234 88 12
-0.099312482 -0.029603425 0.33577939 234 88 12
-0.097590622 -0.032456289 0.33608794 234 88 12
-0.095832933 -0.035073495 0.33635281 234 88 12
-0.077551772 -0.06107963 0.33909696 234 88 12
-0.071827069 -0.067811474 0.33975215 234 88 12
-0.061936062 -0.078790432 0.34083577 234 88 12
-0.057878144 -0.083148905 0.34125212 234 88 12
-0.032281915 -0.10663544 0.34404754 234 88 12
-0.11967495 0.0021526227 0.32792056 234 88 12
-0.10885982 -0.01648434 0.33028899 234 88 12
-0.085209899 -0.055171355 0.33447707 234 88 12
-0.077354527 -0.06522189 0.33542975 234 88 12
-0.067520101 -0.076288774 0.33632236 234 88 12
-0.039885359 -0.10333269 0.33869946 234 88 12
-0.037868242 -0.10521494 0.33900755 234 88 12
-0.021984513 -0.1236939 0.3423186 234 88 12
-0.10582691 -0.026917595 0.32751787 234 88 12
-0.054594594 -0.093411863 0.33312527 234 88 12
-0.034270801 -0.11251735 0.3353078 234 88 12
-0.031025518 -0.11612708 0.335943 234 88 12
-0.029514531 -0.11797699 0.33633685 234 88 12
-0.025184957 -0.1237871 0.33744918 234 88 12
-0.022855025 -0.12810161 0.33782239 234 88 12
-0.12113839 -0.0037794387 0.32035317 234 88 12
-0.1165277 -0.01144198 0.32156179 234 88 12
-0.11214622 -0.019861194 0.32274378 234 88 12
-0.066541604 -0.084539361 0.32853408 234 88 12
-0.062507267 -0.089078466 0.32873667 234 88 12
-0.060449175 -0.091266581 0.32881578 234 88 12
-0.05384713 -0.097382473 0.32903481 234 88 12
-0.036108215 -0.11429707 0.33100457 234 88 12
-0.21292041 0.046218189 0.3153345 234 88 12
-0.20877923 0.043671883 0.31575952 234 88 12
-0.12256702 -0.0056296682 0.31643245 234 88 12
-0.11961184 -0.010561956 0.31723798 234 88 12
-0.1152041 -0.018659125 0.31850465 234 88 12
-0.097856173 -0.049985842 0.32203423 234 88 12
-0.082605962 -0.070999982 0.32401768 234 88 12
-0.063978526 -0.091308129 0.3247564 234 88 12
-0.039348299 -0.11457404 0.32660882 234 88 12
-0.026573004 -0.1320739 0.32926206 234 88 12
-0.12729505 -0.0027925255 0.31164227 234 88 12
-0.12414535 -0.0075465597 0.31254068 234 88 12
-0.12113457 -0.012570029 0.31342141 234 88 12
-0.11970669 -0.01530206 0.31388143 234 88 12
-0.11541087 -0.023388397 0.31506785 234 88 12
-0.10772156 -0.038083128 0.3168311 234 88 12
-0.10305085 -0.04635825 0.31758741 234 88 12
-0.088650298 -0.068178498 0.31990245 234 88 12
-0.058980765 -0.099391766 0.32093782 234 88 12
-0.040972434 -0.11645831 0.32251611 234 88 12
-0.029663896 -0.13159936 0.32491943 234 88 12
-0.028550107 -0.13386131 0.32512008 234 88 12
-0.22129608 0.04726302 0.30727303 234 88 12
-0.21940605 0.045672866 0.30758401 234 88 12
-0.20939554 0.0387319 0.30846352 234 88 12
-0.13209672 -0.00054893302 0.30718547 234 88 12
-0.12123314 -0.017586302 0.31012873 234 88 12
-0.11978597 -0.020304351 0.3106 234 88 12
-0.108197 -0.0428394 0.31323824 234 88 12
-0.096494374 -0.062480425 0.31535143 234 88 12
-0.092663855 -0.067569213 0.31575113 234 88 12
-0.062564732 -0.099532983 0.31703861 234 88 12
-0.060418707 -0.1013512 0.31702623 234 88 12
-0.056006992 -0.10530491 0.31737445 234 88 12
-0.051681623 -0.10958902 0.3178351 234 88 12
-0.039544577 -0.12194032 0.31918341 234 88 12
-0.21665649 0.040993571 0.30451798 234 88 12
-0.13873927 0.0032814237 0.30272099 234 88 12
-0.13523575 -0.00048868021 0.30313086 234 88 12
-0.12129876 -0.022531532 0.30687397 234 88 12
-0.11584969 -0.033486186 0.30824754 234 88 12
-0.10530039 -0.05350511 0.31032774 234 88 12
-0.096625422 -0.067377765 0.31168343 234 88 12
-0.088183435 -0.077470635 0.31216143 234 88 12
-0.068304898 -0.09749094 0.31301105 234 88 12
-0.057507598 -0.1072534 0.3135213 234 88 12
-0.047549516 -0.11657085 0.31425779 234 88 12
-0.036960366 -0.12919166 0.31604481 234 88 12
-0.035653498 -0.13104726 0.31632872 234 88 12
-0.22356431 0.044048115 0.30049213 234 88 12
-0.14371645 0.0047926681 0.29863136 234 88 12
-0.14008876 0.00099704228 0.29895878 234 88 12
-0.13836295 -0.00082368018 0.29913732 234 88 12
-0.11202709 -0.047178644 0.30568042 234 88 12
-0.1004365 -0.067182312 0.30754603 234 88 12
-0.098633566 -0.069863535 0.30774694 234 88 12
-0.096598729 -0.07236716 0.30785604 234 88 12
-0.087707759 -0.082313234 0.3082643 234 88 12
-0.039774403 -0.12915195 0.31194858 234 88 12
-0.038468582 -0.13099586 0.31212226 234 88 12
-0.22281995 0.040815055 0.29743504 234 88 12
-0.14503975 0.0025905669 0.29482363 234 88 12
-0.14321521 0.00063256625 0.29500878 234 88 12
-0.14149028 -0.0011737578 0.29517535 234 88 12
-0.12733043 -0.021091638 0.29832193 234 88 12
-0.12596025 -0.023815498 0.2987713 234 88 12
-0.1140057 -0.049374034 0.3018986 234 88 12
-0.10943653 -0.058089969 0.30278959 234 88 12
-0.077744641 -0.095279525 0.30493306 234 88 12
-0.060224134 -0.11101925 0.30603223 234 88 12
-0.058097137 -0.11282732 0.30619066 234 88 12
-0.056067272 -0.11465258 0.30634488 234 88 12
-0.044113536 -0.12708513 0.30768493 234 88 12
-0.12755528 -0.026134392 0.29502012 234 88 12
-0.1211722 -0.03995538 0.29694298 234 88 12
-0.11604646 -0.05160643 0.29813841 234 88 12
-0.11461933 -0.054333069 0.298365 234 88 12
-0.1004973 -0.077641898 0.29987704 234 88 12
-0.081760095 -0.09540474 0.30087769 234 88 12
-0.068176572 -0.10727416 0.30184081 234 88 12
-0.063814412 -0.11091067 0.30215917 234 88 12
-0.050305808 -0.12343234 0.30338669 234 88 12
-0.04558679 -0.12885888 0.30391541 234 88 12
-0.042857863 -0.13239738 0.3042555 234 88 12
-0.036040663 -0.14539512 0.30524717 234 88 12
-0.12655072 -0.033991913 0.29206084 234 88 12
-0.10857289 -0.072368775 0.29567795 234 88 12
-0.076265059 -0.10344065 0.2974851 234 88 12
-0.058925575 -0.11810974 0.29898367 234 88 12
-0.057005783 -0.11987455 0.2991762 234 88 12
-0.047006972 -0.13063966 0.300187 234 88 12
-0.044309316 -0.13404095 0.30043769 234 88 12
-0.038441287 -0.14473441 0.30111044 234 88 12
-0.037475898 -0.14747474 0.30132617 234 88 12
-0.13483576 -0.023200396 0.28612154 234 88 12
-0.11869677 -0.059544754 0.2906876 234 88 12
-0.11252834 -0.072521481 0.2917061 234 88 12
-0.10881592 -0.078298122 0.29174613 234 88 12
-0.10232521 -0.085417338 0.29171642 234 88 12
-0.064389325 -0.11625603 0.29480672 234 88 12
-0.06035886 -0.11985335 0.29525859 234 88 12
-0.051453542 -0.12880074 0.29617386 234 88 12
-0.14841214 -0.0080751114 0.279825 234 88 12
-0.13769705 -0.023030404 0.2818349 234 88 12
-0.11644645 -0.072450728 0.2874031 234 88 12
-0.11293319 -0.07867308 0.28752804 234 88 12
-0.10892041 -0.083756185 0.28740413 234 88 12
-0.086590466 -0.10239686 0.28903981 234 88 12
-0.065723745 -0.11836319 0.29117407 234 88 12
-0.058055159 -0.12501455 0.29186681 234 88 12
-0.049950593 -0.13368715 0.29261853 234 88 12
-0.037564697 -0.16057364 0.29358644 234 88 12
-0.037052277 -0.17057968 0.29329518 234 88 12
-0.037767803 -0.18089744 0.29317191 234 88 12
-0.14984793 -0.0099189995 0.27597261 234 88 12
-0.14819553 -0.012058424 0.27616107 234 88 12
-0.14055951 -0.023228077 0.27763531 234 88 12
-0.13923306 -0.025348644 0.27791438 234 88 12
-0.13789305 -0.027928352 0.27829867 234 88 12
-0.12617036 -0.056427099 0.28191176 234 88 12
-0.11687426 -0.079037943 0.28307325 234 88 12
-0.10625853 -0.091316148 0.28304313 234 88 12
-0.098558003 -0.097382377 0.28379999 234 88 12
-0.09337208 -0.1008223 0.28431196 234 88 12
-0.083179637 -0.1080599 0.28554711 234 88 12
-0.073685274 -0.11487883 0.28658214 234 88 12
-0.067117813 -0.12008175 0.28737326 234 88 12
-0.043793354 -0.14772182 0.28929029 234 88 12
-0.041749216 -0.1532435 0.28962297 234 88 12
-0.14801162 -0.016355186 0.27256561 234 88 12
-0.14651882 -0.018480218 0.27277467 234 88 12
-0.13938698 -0.030451482 0.27456553 234 88 12
-0.12212552 -0.076097669 0.27831617 234 88 12
-0.07063395 -0.12006166 0.28331794 234 88 12
-0.064589007 -0.124902 0.2839911 234 88 12
-0.043889997 -0.1524369 0.285723 234 88 12
-0.042917343 -0.15516827 0.2858395 234 88 12
-0.039767223 -0.17983088 0.28583625 234 88 12
-0.15437624 -0.012080825 0.26839 234 88 12
-0.14950826 -0.018490094 0.26877187 234 88 12
-0.13968668 -0.035649246 0.27117878 234 88 12
-0.12545221 -0.076033416 0.27352031 234 88 12
-0.046143714 -0.15149319 0.28181233 234 88 12
-0.045090312 -0.15415391 0.28193707 234 88 12
-0.041528989 -0.16553226 0.28213957 234 88 12
-0.040935336 -0.18410678 0.28235412 234 88 12
-0.23065446 0.03169509 0.26976067 234 88 12
-0.13776392 -0.046194243 0.26830299 234 88 12
-0.098374317 -0.10767393 0.2721088 234 88 12
-0.084984993 -0.11508358 0.27413198 234 88 12
-0.067185777 -0.12812075 0.27631771 234 88 12
-0.058225105 -0.13681599 0.27728522 234 88 12
-0.049536088 -0.14858411 0.27791902 234 88 12
-0.041778992 -0.17616352 0.27870738 234 88 12
-0.23010713 0.028418646 0.26614113 234 88 12
-0.14055974 -0.04594143 0.26415019 234 88 12
-0.12926514 -0.083338695 0.26449819 234 88 12
-0.04639234 -0.15972742 0.27440997 234 88 12
-0.043288026 -0.17138411 0.27483137 234 88 12
-0.042994037 -0.17440849 0.27493955 234 88 12
-0.14454208 -0.043166391 0.25982626 234 88 12
-0.14339541 -0.045943491 0.26013381 234 88 12
-0.13232569 -0.082764803 0.2604896 234 88 12
-0.090381287 -0.11727006 0.26618229 234 88 12
-0.063975866 -0.136884 0.2694696 234 88 12
-0.044905435 -0.16983118 0.27105713 234 88 12
-0.044130743 -0.175599 0.27127001 234 88 12
-0.043888574 -0.17857973 0.27135908 234 88 12
-0.23188187 0.026422852 0.25881821 234 88 12
-0.079501319 -0.1267177 0.26388648 234 88 12
-0.072861511 -0.13174599 0.26476057 234 88 12
-0.065090657 -0.13852879 0.26557341 234 88 12
-0.049461667 -0.16063117 0.26695712 234 88 12
-0.2327766 0.025426999 0.25514039 234 88 12
-0.20591529 0.0047576665 0.25156253 234 88 12
-0.19113849 -0.0027303474 0.25010728 234 88 12
-0.17972241 -0.0089778854 0.24923211 234 88 12
-0.14469898 -0.05729363 0.25337318 234 88 12
-0.13891919 -0.077622502 0.2535226 234 88 12
-0.057911382 -0.14914218 0.26256666 234 88 12
-0.051454979 -0.1599896 0.26331766 234 88 12
-0.04606384 -0.17831695 0.26419608 234 88 12
-0.23225185 0.022253705 0.25127655 234 88 12
-0.20705177 0.002741744 0.24773218 234 88 12
-0.18780507 -0.0074041888 0.24578215 234 88 12
-0.18553792 -0.0084227385 0.24553166 234 88 12
-0.17661408 -0.014315489 0.2453873 234 88 12
-0.15749686 -0.035510426 0.24695033 234 88 12
-0.15236623 -0.045712169 0.24832031 234 88 12
-0.14452725 -0.066271505 0.25009222 234 88 12
-0.054746024 -0.15705403 0.25943768 234 88 12
-0.24307063 0.044708581 0.2475222 234 88 12
-0.2380441 0.030966801 0.24787852 234 88 12
-0.23699723 0.028481829 0.24782591 234 88 12
-0.23582127 0.026114275 0.24771177 234 88 12
-0.1962657 -0.0052885364 0.2424054 234 88 12
-0.15794505 -0.040433939 0.24361956 234 88 12
-0.15665235 -0.042924757 0.24393059 234 88 12
-0.14718749 -0.065805271 0.24632836 234 88 12
-0.14421703 -0.075949271 0.2465011 234 88 12
-0.089908986 -0.12725576 0.25184294 234 88 12
-0.064956842 -0.14644027 0.25445412 234 88 12
-0.052239304 -0.16536041 0.25622816 234 88 12
-0.24714126 0.056338009 0.24229584 234 88 12
-0.23873668 0.029994344 0.24421732 234 88 12
-0.23661771 0.025109099 0.24402265 234 88 12
-0.2023227 -0.0045701735 0.23908221 234 88 12
-0.19279785 -0.009958111 0.23815288 234 88 12
-0.18387239 -0.015680274 0.23765679 234 88 12
-0.1754482 -0.022373914 0.23789202 234 88 12
-0.16983291 -0.027493055 0.23805738 234 88 12
-0.16352206 -0.03606276 0.23913902 234 88 12
-0.1571248 -0.048151247 0.24078459 234 88 12
-0.1546094 -0.053513016 0.24152331 234 88 12
-0.14982439 -0.065397907 0.24255843 234 88 12
-0.14489632 -0.082264623 0.24267689 234 88 12
-0.093631186 -0.12707639 0.24778221 234 88 12
-0.071521936 -0.14276828 0.24994799 234 88 12
-0.069623443 -0.14444589 0.25014915 234 88 12
-0.0582263 -0.15744593 0.25159909 234 88 12
-0.053283415 -0.16670553 0.25253452 234 88 12
-0.050645227 -0.1740767 0.25297528 234 88 12
-0.04868082 -0.18182601 0.25349911 234 88 12
-0.17309797 -0.028182355 0.23431741 234 88 12
-0.16255132 -0.042998915 0.23617917 234 88 12
-0.14447321 -0.092060569 0.23888601 234 88 12
-0.14341879 -0.095384943 0.23872043 234 88 12
-0.089495386 -0.13159378 0.24483973 234 88 12
-0.080598536 -0.13750517 0.2454571 234 88 12
-0.078557401 -0.13901118 0.24561773 234 88 12
-0.057855469 -0.16091334 0.24808054 234 88 12
-0.056566114 -0.16298678 0.24829027 234 88 12
-0.055312061 -0.1655124 0.24857076 234 88 12
-0.24882412 0.058946874 0.23426439 234 88 12
-0.24108166 0.031510133 0.23649922 234 88 12
-0.24013515 0.028740895 0.23650888 234 88 12
-0.20674602 -0.0066027328 0.23164003 234 88 12
-0.19528371 -0.013477546 0.23033859 234 88 12
-0.15944669 -0.055236512 0.23389184 234 88 12
-0.15562626 -0.064084125 0.23476676 234 88 12
-0.15014688 -0.080175443 0.23555914 234 88 12
-0.14909129 -0.083655211 0.23555273 234 88 12
-0.14698375 -0.09082474 0.23554403 234 88 12
-0.095512355 -0.12996278 0.24063699 234 88 12
-0.075636977 -0.14377955 0.24217647 234 88 12
-0.066552946 -0.15213576 0.24326464 234 88 12
-0.063283108 -0.1558704 0.24367603 234 88 12
-0.053390917 -0.1740421 0.24550963 234 88 12
-0.051751944 -0.17895834 0.24585671 234 88 12
-0.25080686 0.065199078 0.22950952 234 88 12
-0.24506422 0.042685299 0.23232812 234 88 12
-0.24417627 0.039584844 0.23252927 234 88 12
-0.24333413 0.036630386 0.23266572 234 88 12
-0.23853477 0.022845718 0.23242685 234 88 12
-0.20993038 -0.0063361433 0.22791717 234 88 12
-0.20545454 -0.0094960434 0.22743092 234 88 12
-0.19864437 -0.013774269 0.22669081 234 88 12
-0.17976811 -0.028483757 0.2264517 234 88 12
-0.17288896 -0.036281246 0.22727963 234 88 12
-0.16981804 -0.040583679 0.2279403 234 88 12
-0.099376663 -0.12980513 0.23672096 234 88 12
-0.069271165 -0.15177226 0.23933671 234 88 12
-0.052076267 -0.18244591 0.2424299 234 88 12
-0.24881169 0.054950602 0.22712323 234 88 12
-0.24132501 0.027483121 0.22876256 234 88 12
-0.21728885 -0.0026978586 0.22500271 234 88 12
-0.17949604 -0.03215867 0.22283303 234 88 12
-0.16763298 -0.049451309 0.22533115 234 88 12
-0.15784555 -0.071811546 0.22792388 234 88 12
-0.094675938 -0.13421513 0.23357883 234 88 12
-0.087514958 -0.13891092 0.23409987 234 88 12
-0.063807549 -0.16054328 0.23645768 234 88 12
-0.062382673 -0.16245731 0.23664681 234 88 12
-0.057269118 -0.17153302 0.23779939 234 88 12
-0.24681725 0.044994158 0.22427509 234 88 12
-0.24590532 0.041683135 0.22455639 234 88 12
-0.17763412 -0.038028405 0.21968855 234 88 12
-0.16433813 -0.061808464 0.22313851 234 88 12
-0.16064117 -0.070698722 0.2241182 234 88 12
-0.15129208 -0.096874674 0.22538601 234 88 12
-0.15017143 -0.099848317 0.22539578 234 88 12
-0.098207928 -0.13389565 0.22965313 234 88 12
-0.08833358 -0.14022438 0.23040123 234 88 12
-0.08618577 -0.14164958 0.23057116 234 88 12
-0.076464733 -0.14912017 0.23122546 234 88 12
-0.07109646 -0.15438077 0.23191408 234 88 12
-0.064757665 -0.16165265 0.23268852 234 88 12
-0.059354391 -0.17038048 0.23389272 234 88 12
-0.055458438 -0.17989055 0.23485664 234 88 12
-0.18397994 -0.033484346 0.21536334 234 88 12
-0.17468037 -0.04614295 0.21694336 234 88 12
-0.16827425 -0.058227999 0.21886564 234 88 12
-0.10777429 -0.13159817 0.22541765 234 88 12
-0.10461072 -0.13267578 0.22563444 234 88 12
-0.091409922 -0.13998784 0.22656536 234 88 12
-0.084813104 -0.14453379 0.22713758 234 88 12
-0.082764804 -0.14593139 0.22727176 234 88 12
-0.077291711 -0.15025235 0.22756489 234 88 12
-0.059156827 -0.17376299 0.23052981 234 88 12
-0.18698848 -0.033046098 0.21147133 234 88 12
-0.18525049 -0.034868774 0.21163916 234 88 12
-0.16133886 -0.081034885 0.21763772 234 88 12
-0.15895312 -0.087765927 0.21809445 234 88 12
-0.1576868 -0.090978299 0.21822958 234 88 12
-0.10529411 -0.1339683 0.2219796 234 88 12
-0.10229008 -0.13539137 0.22225444 234 88 12
-0.094417836 -0.13964071 0.22270312 234 88 12
-0.087736034 -0.1441646 0.22325985 234 88 12
-0.069512896 -0.16027641 0.22497585 234 88 12
-0.067985907 -0.16218038 0.22519226 234 88 12
-0.062413621 -0.17041136 0.2262467 234 88 12
-0.061235689 -0.17244592 0.22653575 234 88 12
-0.05668552 -0.18394937 0.22761472 234 88 12
-0.25105085 0.056988158 0.21137888 234 88 12
-0.24716106 0.040525524 0.21283721 234 88 12
-0.21992824 -0.006701753 0.20979914 234 88 12
-0.2095108 -0.015634451 0.20863413 234 88 12
-0.19349696 -0.029395095 0.2076822 234 88 12
-0.19161123 -0.03114992 0.20769681 234 88 12
-0.17231308 -0.059246498 0.21131182 234 88 12
-0.17102942 -0.061857122 0.21171365 234 88 12
-0.16750129 -0.06988421 0.21282049 234 88 12
-0.15508589 -0.10201363 0.21503894 234 88 12
-0.097591462 -0.13917178 0.21885233 234 88 12
-0.095116853 -0.14067471 0.21902211 234 88 12
-0.092775078 -0.14224277 0.21922272 234 88 12
-0.066017859 -0.1671938 0.22193035 234 88 12
-0.059147498 -0.18045271 0.22361137 234 88 12
-0.25134112 0.056394602 0.2077138 234 88 12
-0.2482938 0.043367038 0.20879253 234 88 12
-0.23936929 0.014452453 0.20866753 234 88 12
-0.22478507 -0.0043034459 0.2065447 234 88 12
-0.21647218 -0.011489884 0.20566146 234 88 12
-0.19264982 -0.03259807 0.2040332 234 88 12
-0.10663063 -0.136315 0.21472146 234 88 12
-0.084851741 -0.14939624 0.21624129 234 88 12
-0.06826978 -0.166298 0.21808283 234 88 12
-0.064176157 -0.17254442 0.21890874 234 88 12
-0.063053636 -0.1746689 0.21915397 234 88 12
-0.25247807 0.059330907 0.20375 234 88 12
-0.25099627 0.052826595 0.20420836 234 88 12
-0.24859536 0.042792371 0.20501045 234 88 12
-0.24777413 0.039524869 0.20519628 234 88 12
-0.2448173 0.027529015 0.20528926 234 88 12
-0.24200757 0.018964022 0.20518441 234 88 12
-0.2171543 -0.012710629 0.20199568 234 88 12
-0.20125618 -0.026608963 0.20037837 234 88 12
-0.19547415 -0.032059822 0.20039427 234 88 12
-0.18247971 -0.047867204 0.20195705 234 88 12
-0.11068781 -0.13636453 0.21095484 234 88 12
-0.10427498 -0.13882071 0.21131711 234 88 12
-0.089492809 -0.14758461 0.21233226 234 88 12
-0.081685684 -0.15364852 0.21297125 234 88 12
-0.079956379 -0.15512381 0.21315693 234 88 12
-0.078212687 -0.15668574 0.21333494 234 88 12
-0.07043727 -0.1654316 0.21426946 234 88 12
-0.061770528 -0.1802274 0.21607506 234 88 12
-0.24810224 0.038979377 0.20139925 234 88 12
-0.2435012 0.021133032 0.20140889 234 88 12
-0.23920658 0.010449794 0.20093657 234 88 12
-0.21792393 -0.01375847 0.19833663 234 88 12
-0.20974632 -0.021046915 0.19743016 234 88 12
-0.19119235 -0.038954269 0.1969229 234 88 12
-0.18355553 -0.049302761 0.19836372 234 88 12
-0.16847092 -0.081264384 0.2031078 234 88 12
-0.096627898 -0.14416212 0.20830878 234 88 12
-0.084063994 -0.15323118 0.20920672 234 88 12
-0.082155493 -0.15467956 0.20933886 234 88 12
-0.070961301 -0.16668028 0.21074958 234 88 12
-0.25345782 0.058569033 0.19638057 234 88 12
-0.24931669 0.041494767 0.19760355 234 88 12
-0.2485558 0.038336213 0.19767639 234 88 12
-0.24559804 0.026323628 0.19769954 234 88 12
-0.24478475 0.023300406 0.19773137 234 88 12
-0.2439523 0.020472266 0.19760721 234 88 12
-0.24083088 0.012142423 0.19733516 234 88 12
-0.19045383 -0.042469877 0.19373196 234 88 12
-0.094818945 -0.14662621 0.20478985 234 88 12
-0.09053271 -0.14952493 0.2050471 234 88 12
-0.088480357 -0.15110731 0.2052169 234 88 12
-0.067491008 -0.1735037 0.20784643 234 88 12
-0.25213585 0.050792244 0.1933838 234 88 12
-0.24519306 0.022700783 0.1939333 234 88 12
-0.24117304 0.011237649 0.19362145 234 88 12
-0.22321304 -0.011827284 0.19160444 234 88 12
-0.21925873 -0.015712092 0.19129079 234 88 12
-0.2090436 -0.024956762 0.19007728 234 88 12
-0.1962385 -0.037971302 0.18976318 234 88 12
-0.18149673 -0.059112655 0.19234078 234 88 12
-0.17910671 -0.063935261 0.19312108 234 88 12
-0.10019192 -0.14471851 0.20096941 234 88 12
-0.088921543 -0.15198536 0.20156408 234 88 12
-0.083115207 -0.15671599 0.20208495 234 88 12
-0.08141296 -0.15835719 0.20227437 234 88 12
-0.079821423 -0.15989162 0.20244897 234 88 12
-0.074867162 -0.16519385 0.20326716 234 88 12
-0.066861645 -0.17675081 0.20459451 234 88 12
-0.063747929 -0.1834629 0.2052919 234 88 12
-0.062907128 -0.18553032 0.20552634 234 88 12
-0.24553842 0.021999341 0.1901761 234 88 12
-0.2021934 -0.033672387 0.1862453 234 88 12
-0.17671068 -0.073131887 0.19077035 234 88 12
-0.17545692 -0.075959708 0.19123189 234 88 12
-0.17133273 -0.085446352 0.19250362 234 88 12
-0.10343446 -0.1443464 0.19719037 234 88 12
-0.072536946 -0.16950749 0.20010104 234 88 12
-0.067373813 -0.1776362 0.20100345 234 88 12
-0.25054128 0.039669148 0.18647324 234 88 12
-0.24302525 0.012503269 0.18622504 234 88 12
-0.20282198 -0.034684102 0.18269622 234 88 12
-0.1797035 -0.069128666 0.18645772 234 88 12
-0.17863006 -0.071624201 0.18682309 234 88 12
-0.17220662 -0.086679302 0.18885777 234 88 12
-0.080696668 -0.16179682 0.19541659 234 88 12
-0.071668556 -0.17231642 0.1968059 234 88 12
-0.25256133 0.045677743 0.18246082 234 88 12
-0.25171771 0.04222457 0.18263191 234 88 12
-0.24935922 0.032877342 0.18276461 234 88 12
-0.2089474 -0.029485342 0.17938445 234 88 12
-0.18256901 -0.065426005 0.18229476 234 88 12
-0.090236722 -0.15436401 0.19099294 234 88 12
-0.086338736 -0.15765543 0.19126448 234 88 12
-0.066197159 -0.18383397 0.19453028 234 88 12
-0.25461742 0.052263593 0.17822741 234 88 12
-0.25294312 0.045308606 0.17861065 234 88 12
-0.2505829 0.035439968 0.17899418 234 88 12
-0.2474379 0.023068606 0.17882159 234 88 12
-0.24475311 0.013944278 0.17885841 234 88 12
-0.21928679 -0.021222661 0.17711684 234 88 12
-0.21538443 -0.02486218 0.17663219 234 88 12
-0.21141101 -0.028579314 0.17622567 234 88 12
-0.20949684 -0.030325896 0.17596079 234 88 12
-0.20062542 -0.039923933 0.17571235 234 88 12
-0.175141 -0.085908358 0.18127939 234 88 12
-0.078381397 -0.16646999 0.18885555 234 88 12
-0.07129016 -0.17565148 0.1899731 234 88 12
-0.069987277 -0.17771963 0.19020874 234 88 12
-0.067614948 -0.1822199 0.19077132 234 88 12
-0.24511969 0.013527109 0.17506877 234 88 12
-0.2440986 0.010827105 0.17500108 234 88 12
-0.24297835 0.0081723042 0.17494958 234 88 12
-0.20280706 -0.038966104 0.17235233 234 88 12
-0.19318196 -0.05118546 0.17288945 234 88 12
-0.18873168 -0.05791083 0.17383958 234 88 12
-0.18477016 -0.065297157 0.17498764 234 88 12
-0.17712853 -0.08379797 0.1774122 234 88 12
-0.17583723 -0.087041821 0.17771475 234 88 12
-0.07439562 -0.17228873 0.18596997 234 88 12
-0.071597024 -0.176241 0.18647077 234 88 12
-0.25517107 0.05115321 0.17066695 234 88 12
-0.24548451 0.013215907 0.17134331 234 88 12
-0.22600878 -0.016306158 0.17067635 234 88 12
-0.22210194 -0.020648406 0.17059142 234 88 12
-0.20335036 -0.039564148 0.16888448 234 88 12
-0.20161984 -0.041505821 0.1688311 234 88 12
-0.19997038 -0.043387674 0.16882217 234 88 12
-0.18091813 -0.07667606 0.17306589 234 88 12
-0.17903381 -0.081891083 0.17359785 234 88 12
-0.091087204 -0.15700726 0.18069305 234 88 12
-0.083697223 -0.1630207 0.18134621 234 88 12
-0.082140501 -0.16460977 0.18154482 234 88 12
-0.069405696 -0.18118171 0.18353262 234 88 12
-0.24990573 0.027356042 0.16764262 234 88 12
-0.2458038 0.012704775 0.16766921 234 88 12
-0.21475908 -0.028897003 0.16649707 234 88 12
-0.2109969 -0.032587678 0.16614804 234 88 12
-0.20380542 -0.040308655 0.16551416 234 88 12
-0.1957737 -0.050573739 0.16577739 234 88 12
-0.18247749 -0.074775943 0.16906783 234 88 12
-0.093428013 -0.15609326 0.17703365 234 88 12
-0.091409545 -0.15751965 0.17719768 234 88 12
-0.067435849 -0.18632857 0.18073339 234 88 12
-0.25193006 0.033091176 0.1637981 234 88 12
-0.24935424 0.023444943 0.16406359 234 88 12
-0.24862815 0.020502216 0.1640987 234 88 12
-0.24017486 -0.0010453148 0.16397398 234 88 12
-0.21519901 -0.029495725 0.16325337 234 88 12
-0.18015056 -0.083573108 0.16631019 234 88 12
-0.17901309 -0.086376406 0.16652131 234 88 12
-0.17654165 -0.092711147 0.16694016 234 88 12
-0.087871982 -0.16098802 0.17408795 234 88 12
-0.075523119 -0.17427736 0.17558559 234 88 12
-0.066518195 -0.18912475 0.17765488 234 88 12
-0.25736454 0.05678494 0.15911173 234 88 12
-0.25657632 0.053245285 0.15930196 234 88 12
-0.25046213 0.026013873 0.16036922 234 88 12
-0.24805996 0.016999824 0.16055885 234 88 12
-0.24045554 -0.0016023303 0.16047888 234 88 12
-0.22700882 -0.018175431 0.16059181 234 88 12
-0.21751167 -0.027978041 0.16008483 234 88 12
-0.21189986 -0.033813044 0.15949588 234 88 12
-0.17953419 -0.08726081 0.16282033 234 88 12
-0.16152784 -0.12769166 0.16536166 234 88 12
-0.096188609 -0.15603244 0.16982189 234 88 12
0.23225526 -0.17584873 0.22510292 234 88 12
-0.25678429 0.052662748 0.15570041 234 88 12
-0.24738191 0.01329297 0.15702902 234 88 12
-0.20884021 -0.038325945 0.15566173 234 88 12
-0.19700667 -0.052873522 0.15544135 234 88 12
-0.18966735 -0.065109586 0.15657186 234 88 12
-0.17871406 -0.09126683 0.15924034 234 88 12
-0.16480074 -0.12373032 0.161267 234 88 12
-0.16185607 -0.12867049 0.161765 234 88 12
-0.075953594 -0.1755767 0.16889272 234 88 12
-0.071705122 -0.18175397 0.1696641 234 88 12
-0.24865669 0.016064407 0.15328674 234 88 12
-0.21830453 -0.029110706 0.15340878 234 88 12
-0.20579535 -0.042570288 0.15183487 234 88 12
-0.18354404 -0.080465161 0.15470504 234 88 12
-0.16217424 -0.12946885 0.15811745 234 88 12
-0.080566544 -0.17079811 0.1649173 234 88 12
-0.077592622 -0.17432646 0.16535619 234 88 12
-0.073266999 -0.18029223 0.1660828 234 88 12
-0.066965956 -0.19114978 0.16760001 234 88 12
0.24676838 -0.17545995 0.21916333 234 88 12
-0.25211249 0.028001285 0.14927007 234 88 12
-0.24977885 0.018639247 0.1496137 234 88 12
-0.24890822 0.015619158 0.14968655 234 88 12
-0.24247447 -0.00041430755 0.14991729 234 88 12
-0.24115815 -0.0027180657 0.14987206 234 88 12
-0.22253307 -0.025736492 0.15029139 234 88 12
-0.22058465 -0.027761999 0.15024971 234 88 12
-0.19048708 -0.066585668 0.14947179 234 88 12
-0.18917979 -0.069003438 0.14967122 234 88 12
-0.18804244 -0.071299694 0.1498525 234 88 12
-0.093003474 -0.16068686 0.15993829 234 88 12
-0.080812107 -0.17136351 0.16153012 234 88 12
-0.079314186 -0.17299121 0.16176353 234 88 12
-0.068362131 -0.18964255 0.16389961 234 88 12
-0.25801797 0.054691096 0.14457095 234 88 12
-0.2565249 0.047517085 0.14492892 234 88 12
-0.25509621 0.040596998 0.14523669 234 88 12
-0.24994183 0.018166564 0.14600463 234 88 12
-0.24515934 0.0042915972 0.1462925 234 88 12
-0.24271503 -0.00058659698 0.14631546 234 88 12
-0.23027555 -0.017720261 0.14677299 234 88 12
-0.22664515 -0.021975727 0.14684796 234 88 12
-0.22479398 -0.024037197 0.14685396 234 88 12
-0.21009728 -0.039967924 0.14565343 234 88 12
-0.19678254 -0.05736904 0.14505728 234 88 12
-0.18521465 -0.079542334 0.14695169 234 88 12
-0.097542117 -0.15825939 0.15602456 234 88 12
-0.073422425 -0.18163167 0.15951489 234 88 12
-0.069691658 -0.18814178 0.16029131 234 88 12
-0.066083776 -0.19478726 0.16122097 234 88 12
-0.064902415 -0.19721534 0.16162844 234 88 12
-0.25808858 0.054355738 0.14088268 234 88 12
-0.24411127 0.0014642073 0.14280457 234 88 12
-0.22691398 -0.022406322 0.14351164 234 88 12
-0.20884835 -0.042514563 0.14205514 234 88 12
-0.19247759 -0.065369596 0.142227 234 88 12
-0.18461983 -0.082643635 0.14331978 234 88 12
-0.093605277 -0.16191465 0.15310219 234 88 12
-0.078047695 -0.17602888 0.15531887 234 88 12
0.26165277 -0.17625554 0.20941876 234 88 12
-0.22905385 -0.020402422 0.13997056 234 88 12
-0.22724923 -0.022606802 0.14008389 234 88 12
-0.21629492 -0.034462207 0.13961336 234 88 12
-0.20092881 -0.054063358 0.13804048 234 88 12
-0.19593093 -0.061153387 0.1383765 234 88 12
-0.19016344 -0.070752855 0.13886637 234 88 12
-0.083028404 -0.17173176 0.1511667 234 88 12
-0.066229423 -0.1961233 0.15453435 234 88 12
0.26294399 -0.17607993 0.20522249 234 88 12
-0.25817371 0.053779733 0.13358781 234 88 12
-0.25595035 0.0429535 0.13423712 234 88 12
-0.25388442 0.032788088 0.13477363 234 88 12
-0.25164772 0.02333883 0.13494929 234 88 12
-0.2184634 -0.032917982 0.13640286 234 88 12
-0.21482628 -0.037034317 0.13605419 234 88 12
-0.20800584 -0.045386398 0.13500533 234 88 12
-0.1996774 -0.056598367 0.13455908 234 88 12
-0.086648424 -0.16917013 0.14712298 234 88 12
-0.079831856 -0.17553937 0.14850679 234 88 12
-0.0723648 -0.18527248 0.14985356 234 88 12
0.24301416 -0.17329871 0.19597654 234 88 12
-0.25747186 0.049855144 0.13019517 234 88 12
-0.25244988 0.026287303 0.13134707 234 88 12
-0.25169118 0.023075865 0.13147328 234 88 12
-0.24864564 0.011311484 0.13174153 234 88 12
-0.24575478 0.0036856176 0.13203184 234 88 12
-0.22960584 -0.020612902 0.13298381 234 88 12
-0.22240409 -0.029352944 0.1332146 234 88 12
-0.21520635 -0.037289813 0.13258275 234 88 12
-0.21179981 -0.041348828 0.13202708 234 88 12
-0.066301251 -0.1970006 0.14785027 234 88 12
0.2706218 -0.1769128 0.19778551 234 88 12
-0.2575712 0.049747 0.12653579 234 88 12
-0.25310232 0.029083629 0.1277406 234 88 12
-0.24772101 0.0087422878 0.12834818 234 88 12
-0.24676451 0.0062439509 0.12842868 234 88 12
-0.24466238 0.0013338626 0.1286705 234 88 12
-0.2434807 -0.001029586 0.12877813 234 88 12
-0.19692697 -0.062318655 0.12771031 234 88 12
-0.19377121 -0.067293998 0.12793558 234 88 12
-0.19093612 -0.072324446 0.12810828 234 88 12
-0.18645438 -0.082249258 0.12830453 234 88 12
-0.092653316 -0.16574062 0.13990442 234 88 12
-0.0907309 -0.16727801 0.14013885 234 88 12
-0.071172558 -0.18853489 0.1436432 234 88 12
0.25714653 -0.17452696 0.19015295 234 88 12
0.26213373 -0.17545084 0.19136686 234 88 12
-0.25679221 0.046115278 0.12309166 234 88 12
-0.25450633 0.03545112 0.12378684 234 88 12
-0.24574382 0.0035736119 0.12516153 234 88 12
-0.24360188 -0.00083777545 0.12524858 234 88 12
-0.22825015 -0.022977451 0.12627518 234 88 12
-0.21765656 -0.035615257 0.12585955 234 88 12
-0.18991769 -0.075144109 0.12454601 234 88 12
-0.18655975 -0.082756415 0.12467933 234 88 12
-0.18566207 -0.085416933 0.12474416 234 88 12
-0.095038374 -0.16465821 0.13651669 234 88 12
0.25859451 -0.17418776 0.18582418 234 88 12
0.26348559 -0.17510083 0.18705575 234 88 12
-0.25303442 0.02898744 0.12059907 234 88 12
-0.25088787 0.019822187 0.12108667 234 88 12
-0.24858294 0.011414757 0.12144259 234 88 12
-0.24767397 0.0087319659 0.1215836 234 88 12
-0.24662852 0.005950021 0.12175013 234 88 12
-0.24363107 -0.0008638457 0.12183725 234 88 12
-0.22844122 -0.022892889 0.12275316 234 88 12
-0.22323113 -0.029225024 0.12261494 234 88 12
-0.21110657 -0.043894888 0.12128419 234 88 12
-0.20941675 -0.046188995 0.12111574 234 88 12
-0.19439009 -0.067534477 0.12057173 234 88 12
-0.19148432 -0.072921566 0.12084431 234 88 12
-0.18568065 -0.085988398 0.12116798 234 88 12
-0.18231203 -0.094855653 0.12143735 234 88 12
-0.095327401 -0.16500921 0.13329544 234 88 12
-0.081939158 -0.17621784 0.13508426 234 88 12
-0.080196171 -0.17797759 0.13540777 234 88 12
-0.066970724 -0.19676032 0.13794212 234 88 12
-0.065734666 -0.19897837 0.13822762 234 88 12
-0.25793484 0.053194962 0.11536769 234 88 12
-0.25232964 0.02603471 0.11717987 234 88 12
-0.245609 0.0034583724 0.11853991 234 88 12
-0.24240445 -0.0029322093 0.11847321 234 88 12
-0.2336327 -0.016288304 0.11912031 234 88 12
-0.2269457 -0.024906706 0.11924301 234 88 12
-0.21316832 -0.041544601 0.11786099 234 88 12
-0.21143999 -0.043852348 0.11771128 234 88 12
-0.20277048 -0.05554077 0.11698012 234 88 12
-0.18796714 -0.080843848 0.11740225 234 88 12
-0.18676586 -0.083624543 0.11747757 234 88 12
-0.1857219 -0.086355966 0.11754819 234 88 12
-0.17384436 -0.11781061 0.11927679 234 88 12
-0.08752877 -0.17147657 0.13089485 234 88 12
-0.06819137 -0.19480948 0.13442152 234 88 12
-0.065528202 -0.19936256 0.13497366 234 88 12
0.26136689 -0.17374687 0.1771999 234 88 12
-0.25578599 0.042608758 0.11248148 234 88 12
-0.24651944 0.0062407826 0.11505845 234 88 12
-0.23679496 -0.012169477 0.11553523 234 88 12
-0.23524547 -0.014389369 0.11561908 234 88 12
-0.19961482 -0.06048731 0.11338232 234 88 12
-0.19485777 -0.067795917 0.11334351 234 88 12
-0.19201249 -0.072974255 0.11341914 234 88 12
-0.18251782 -0.095249099 0.11394888 234 88 12
-0.17972802 -0.10236528 0.1141001 234 88 12
-0.076947764 -0.18228117 0.12936037 234 88 12
-0.073702134 -0.18633281 0.12995476 234 88 12
-0.068053714 -0.19514915 0.13118724 234 88 12
-0.25565738 0.04257757 0.10902097 234 88 12
-0.24354052 -0.00066475109 0.11175559 234 88 12
-0.23844886 -0.0097269313 0.11191926 234 88 12
-0.22908503 -0.02229831 0.11210631 234 88 12
-0.22575867 -0.026576392 0.1120327 234 88 12
-0.21897946 -0.034862546 0.11141082 234 88 12
-0.21723718 -0.036956963 0.11113378 234 88 12
-0.20323712 -0.055745302 0.1099569 234 88 12
-0.17837384 -0.10679904 0.11075955 234 88 12
-0.16522989 -0.13669314 0.11516354 234 88 12
-0.16372338 -0.13869483 0.11570716 234 88 12
-0.09387785 -0.16755931 0.12392661 234 88 12
0.24188712 -0.16944786 0.16310398 234 88 12
-0.25219974 0.026238739 0.10674566 234 88 12
-0.2499705 0.017770748 0.10743777 234 88 12
-0.21409211 -0.041509835 0.10711745 234 88 12
-0.19691689 -0.065548319 0.1061599 234 88 12
-0.19386536 -0.070553659 0.10619986 234 88 12
-0.19099968 -0.075817852 0.1062896 234 88 12
-0.16941452 -0.13087705 0.11022647 234 88 12
-0.096278931 -0.16662449 0.12053588 234 88 12
-0.08035021 -0.17956658 0.12227727 234 88 12
-0.069121883 -0.19346636 0.12434745 234 88 12
-0.067696878 -0.19565448 0.12469638 234 88 12
-0.030305155 -0.26706341 0.13266917 234 88 12
-0.027734774 -0.27003571 0.13315039 234 88 12
-0.021995651 -0.27614188 0.13445434 234 88 12
0.26993738 -0.17406131 0.16494065 234 88 12
-0.25658121 0.049602804 0.10145235 234 88 12
-0.24905894 0.015143965 0.10425117 234 88 12
-0.2475068 0.0097826954 0.10457256 234 88 12
-0.23280501 -0.017693231 0.10507661 234 88 12
-0.21091455 -0.045853141 0.10307926 234 88 12
-0.19879134 -0.063283786 0.10264438 234 88 12
-0.19715337 -0.065723231 0.10259363 234 88 12
-0.18009024 -0.10349836 0.10347769 234 88 12
-0.17439479 -0.11962716 0.10487645 234 88 12
-0.096413116 -0.16716029 0.11738118 234 88 12
-0.065990196 -0.1982966 0.12179021 234 88 12
-0.06464814 -0.20044209 0.1220281 234 88 12
-0.063372526 -0.20262501 0.12221499 234 88 12
-0.031984612 -0.26428818 0.1289522 234 88 12
0.26665812 -0.17274629 0.15947436 234 88 12
-0.25394842 0.035925801 0.099083214 234 88 12
-0.25060733 0.020969932 0.1003284 234 88 12
-0.24468475 0.0027356618 0.10135228 234 88 12
-0.22987803 -0.021664771 0.1012991 234 88 12
-0.22159271 -0.032455579 0.10062392 234 88 12
-0.21826211 -0.0367313 0.10015 234 88 12
-0.21650432 -0.038965961 0.099909923 234 88 12
-0.21121866 -0.046032047 0.099441904 234 88 12
-0.20943032 -0.048303365 0.09925129 234 88 12
-0.18667836 -0.086926044 0.099245224 234 88 12
-0.17461852 -0.12011736 0.10139849 234 88 12
-0.16603772 -0.13826836 0.10466121 234 88 12
-0.086126074 -0.17515456 0.11503191 234 88 12
-0.067299021 -0.19650615 0.11823206 234 88 12
0.24001207 -0.16720028 0.14865381 234 88 12
-0.25512824 0.042730594 0.095032819 234 88 12
-0.25130449 0.023901707 0.096706039 234 88 12
-0.25057916 0.021068364 0.096949252 234 88 12
-0.24985434 0.018381171 0.097162554 234 88 12
-0.24366203 0.00063190776 0.097982405 234 88 12
-0.2332796 -0.017216927 0.097883063 234 88 12
-0.23015288 -0.02165784 0.097705959 234 88 12
-0.22529587 -0.027783617 0.097216688 234 88 12
-0.2236581 -0.029958933 0.097060203 234 88 12
-0.21850806 -0.036524455 0.096414402 234 88 12
-0.19176956 -0.076090762 0.095409626 234 88 12
-0.18575777 -0.090411752 0.095878919 234 88 12
-0.18452142 -0.093770286 0.096050165 234 88 12
-0.18316916 -0.097186185 0.09623755 234 88 12
-0.16775578 -0.13685385 0.10063369 234 88 12
-0.1630239 -0.14253444 0.10228002 234 88 12
-0.092318573 -0.17078704 0.11117351 234 88 12
-0.080359592 -0.18084776 0.11257549 234 88 12
-0.03080029 -0.26429496 0.12214947 234 88 12
-0.020235406 -0.27568242 0.12390338 234 88 12
-0.016763029 -0.27864001 0.12485991 234 88 12
0.26454449 -0.17080548 0.14961447 234 88 12
0.27809152 -0.17483217 0.1529995 234 88 12
-0.25390982 0.036702806 0.092086539 234 88 12
-0.24374371 0.0010612567 0.094446439 234 88 12
-0.23912789 -0.0079549632 0.094403203 234 88 12
-0.22561385 -0.027520749 0.093514723 234 88 12
-0.21015164 -0.048145841 0.091638874 234 88 12
-0.20143119 -0.060629296 0.091521587 234 88 12
-0.19969136 -0.063247561 0.091621198 234 88 12
-0.19204245 -0.076225887 0.0918208 234 88 12
-0.1871755 -0.087570512 0.092176595 234 88 12
-0.094450498 -0.16974194 0.10791008 234 88 12
-0.074921288 -0.18653129 0.11012418 234 88 12
-0.062281768 -0.20358063 0.11256771 234 88 12
-0.03018057 -0.26420094 0.11872578 234 88 12
0.25590283 -0.1678289 0.14251529 234 88 12
0.27450519 -0.17306551 0.14735564 234 88 12
0.2832483 -0.17573288 0.14931168 234 88 12
-0.25636782 0.050220542 0.087256679 234 88 12
-0.25265837 0.030724644 0.089248151 234 88 12
-0.24684936 0.008939943 0.090672073 234 88 12
-0.24280107 -0.00069731673 0.090891956 234 88 12
-0.2405158 -0.0051722042 0.090856035 234 88 12
-0.23663599 -0.012240608 0.090753844 234 88 12
-0.22429335 -0.029519675 0.089630827 234 88 12
-0.22249635 -0.031850661 0.089482968 234 88 12
-0.21391587 -0.043427746 0.088217132 234 88 12
-0.20875292 -0.050446194 0.087697647 234 88 12
-0.20531636 -0.055549721 0.087688848 234 88 12
-0.18634044 -0.091110637 0.088781864 234 88 12
-0.17183425 -0.13027477 0.09203818 234 88 12
-0.076530607 -0.18511165 0.10666936 234 88 12
-0.064867109 -0.19982047 0.10887856 234 88 12
0.25128653 -0.16623761 0.1368013 234 88 12
-0.25505224 0.04373149 0.08438575 234 88 12
-0.24284311 -0.00027317987 0.08736451 234 88 12
-0.22108849 -0.033941701 0.085481872 234 88 12
-0.19539296 -0.071324482 0.084586547 234 88 12
-0.19268217 -0.076468099 0.084627269 234 88 12
-0.19007224 -0.082072001 0.084804036 234 88 12
-0.17919072 -0.10978207 0.086242722 234 88 12
-0.17508546 -0.12181135 0.087390799 234 88 12
-0.16685304 -0.14012555 0.090583515 234 88 12
-0.080110574 -0.18171987 0.10301076 234 88 12
-0.076262619 -0.18546537 0.10349572 234 88 12
-0.072715206 -0.18942088 0.10402488 234 88 12
-0.064581502 -0.19993167 0.10556961 234 88 12
-0.063142685 -0.20201354 0.10583237 234 88 12
-0.25691019 0.054500096 0.079679588 234 88 12
-0.25567845 0.047580196 0.080435517 234 88 12
-0.25506381 0.044120685 0.080850703 234 88 12
-0.24998332 0.020093434 0.08307041 234 88 12
-0.24771065 0.012219602 0.083523558 234 88 12
-0.24403537 0.0026486493 0.083746867 234 88 12
-0.23569799 -0.013862558 0.083404553 234 88 12
-0.22481099 -0.029396266 0.08222454 234 88 12
-0.22303957 -0.031688915 0.082017556 234 88 12
-0.21642289 -0.040613976 0.080806072 234 88 12
-0.20254678 -0.060544683 0.080252981 234 88 12
-0.19732042 -0.068528385 0.080721934 234 88 12
-0.17315764 -0.12818749 0.084588744 234 88 12
-0.090205478 -0.17374737 0.098631763 234 88 12
-0.062692556 -0.20227142 0.1026687 234 88 12
-0.25257627 0.031643489 0.078788266 234 88 12
-0.23960111 -0.0065706657 0.080185644 234 88 12
-0.23716172 -0.011433282 0.079986124 234 88 12
-0.22679877 -0.026874744 0.078600192 234 88 12
-0.20640295 -0.055208022 0.076256666 234 88 12
-0.20460471 -0.057917649 0.076348382 234 88 12
-0.1993728 -0.065850576 0.076830062 234 88 12
-0.19460077 -0.074022678 0.077369446 234 88 12
-0.18111667 -0.10615594 0.078890183 234 88 12
-0.17807103 -0.11469933 0.079596207 234 88 12
-0.17672592 -0.11865412 0.080040539 234 88 12
-0.17440291 -0.12540264 0.08071423 234 88 12
-0.083680627 -0.17903271 0.096219599 234 88 12
-0.073904263 -0.18803711 0.097352609 234 88 12
-0.068742197 -0.19423399 0.098289826 234 88 12
-0.060553333 -0.20465907 0.09993113 234 88 12
-0.25669601 0.054934794 0.072785166 234 88 12
-0.25557544 0.048170073 0.073438881 234 88 12
-0.2518125 0.029075631 0.07555476 234 88 12
-0.24496932 0.0056981936 0.07667998 234 88 12
-0.24074561 -0.0041952357 0.076705326 234 88 12
-0.23841139 -0.0088098874 0.076459737 234 88 12
-0.23020089 -0.022430114 0.075294328 234 88 12
-0.22375993 -0.031222529 0.074329401 234 88 12
-0.21195854 -0.047655013 0.072633831 234 88 12
-0.20839712 -0.052806652 0.072567252 234 88 12
-0.20671155 -0.055302712 0.072550854 234 88 12
-0.18726411 -0.091392808 0.074377447 234 88 12
-0.17966038 -0.11070329 0.075681349 234 88 12
-0.16709096 -0.14079596 0.080559886 234 88 12
-0.16561617 -0.1426647 0.081167746 234 88 12
-0.087771385 -0.17580828 0.092729382 234 88 12
-0.081508678 -0.1807473 0.093233017 234 88 12
-0.079462778 -0.18258578 0.093492063 234 88 12
-0.075586273 -0.18621642 0.093900779 234 88 12
-0.058291086 -0.20729533 0.097280921 234 88 12
-0.014370111 -0.27336144 0.1034471 234 88 12
-0.25500112 0.045244596 0.070218508 234 88 12
-0.25378671 0.038826802 0.070898241 234 88 12
-0.24983725 0.021009413 0.07270626 234 88 12
-0.24830957 0.015802096 0.073017136 234 88 12
-0.24203504 -0.0012798836 0.073091179 234 88 12
-0.23184898 -0.020040744 0.071812121 234 88 12
-0.22412854 -0.030976123 0.070474983 234 88 12
-0.21742189 -0.040091622 0.069410983 234 88 12
-0.20862356 -0.052898805 0.068807443 234 88 12
-0.20000974 -0.066018855 0.069320109 234 88 12
-0.19515822 -0.07402029 0.069882302 234 88 12
-0.19366586 -0.076878473 0.070042514 234 88 12
-0.19229276 -0.079642005 0.07016782 234 88 12
-0.17564124 -0.12310248 0.073592473 234 88 12
-0.25372688 0.039325889 0.067330994 234 88 12
-0.25315701 0.036156888 0.067705013 234 88 12
-0.24499669 0.0063742174 0.069560772 234 88 12
-0.24214399 -0.00076022843 0.069396759 234 88 12
-0.23739423 -0.010258134 0.068772366 234 88 12
-0.2106596 -0.050191093 0.065065868 234 88 12
-0.1885808 -0.08871511 0.067031208 234 88 12
-0.18726385 -0.092169259 0.067321416 234 88 12
-0.16833401 -0.1394135 0.073488161 234 88 12
-0.079061652 -0.18305448 0.087199173 234 88 12
-0.063898269 -0.19869719 0.089306265 234 88 12
-0.052375609 -0.21396902 0.091727158 234 88 12
-0.2554358 0.049536774 0.062833115 234 88 12
-0.25367053 0.039855347 0.063719912 234 88 12
-0.25107562 0.027563236 0.065131486 234 88 12
-0.24915106 0.019385353 0.065759245 234 88 12
-0.24844122 0.016941475 0.065865656 234 88 12
-0.24761838 0.014320467 0.065986017 234 88 12
-0.23622514 -0.012346172 0.064934171 234 88 12
-0.21978772 -0.037734139 0.062127666 234 88 12
-0.21271405 -0.047506828 0.061450507 234 88 12
-0.20382695 -0.060914559 0.061763426 234 88 12
-0.19404213 -0.07716302 0.062644784 234 88 12
-0.19119292 -0.08297793 0.063068598 234 88 12
-0.18852382 -0.089085335 0.063507405 234 88 12
-0.16541416 -0.14346627 0.071611017 234 88 12
-0.16382051 -0.14532061 0.072350702 234 88 12
-0.16020754 -0.1491306 0.073972219 234 88 12
-0.083103251 -0.17925264 0.083605618 234 88 12
-0.074692318 -0.187005 0.084487813 234 88 12
-0.058132512 -0.20505301 0.087205571 234 88 12
-0.051615997 -0.21423713 0.08854788 234 88 12
0.13375745 -0.20499848 0.097744172 234 88 12
-0.25242578 0.034005272 0.060939128 234 88 12
-0.2517343 0.030991282 0.061252713 234 88 12
-0.24908192 0.019822933 0.062223717 234 88 12
-0.24494602 0.0069838572 0.062468658 234 88 12
-0.23376193 -0.016650669 0.060783627 234 88 12
-0.20582043 -0.058135697 0.05801059 234 88 12
-0.1956014 -0.074871697 0.059032188 234 88 12
-0.17584155 -0.12399213 0.063370541 234 88 12
-0.16826626 -0.14007763 0.067024644 234 88 12
-0.087293084 -0.17606558 0.080297686 234 88 12
-0.082929363 -0.17957429 0.080489962 234 88 12
-0.076451311 -0.18533647 0.081143446 234 88 12
-0.072367981 -0.18929993 0.081563723 234 88 12
-0.055757252 -0.20750081 0.084332375 234 88 12
0.13460138 -0.20484657 0.093906004 234 88 12
0.13897501 -0.20512933 0.093928991 234 88 12
-0.25529551 0.050368572 0.055785092 234 88 12
-0.24977851 0.022968589 0.058445471 234 88 12
-0.24831178 0.017697718 0.058761045 234 88 12
-0.247559 0.015002392 0.05888852 234 88 12
-0.22673347 -0.028129939 0.055706547 234 88 12
-0.22035257 -0.037524333 0.054697741 234 88 12
-0.20955804 -0.052742662 0.054258587 234 88 12
-0.20064627 -0.066758609 0.055048884 234 88 12
-0.18995565 -0.086677903 0.056364259 234 88 12
-0.18724093 -0.093055849 0.056805502 234 88 12
-0.18117483 -0.10823495 0.057977751 234 88 12
-0.17712194 -0.12034456 0.059440902 234 88 12
-0.17244243 -0.13295071 0.061545907 234 88 12
-0.16975101 -0.13818196 0.063064815 234 88 12
-0.16023964 -0.14961603 0.06764866 234 88 12
-0.091749188 -0.17287713 0.076995207 234 88 12
-0.082777384 -0.17956511 0.077312711 234 88 12
-0.056731665 -0.20548696 0.080842403 234 88 12
-0.051690912 -0.21203801 0.081819167 234 88 12
-0.018588266 -0.26346835 0.085748084 234 88 12
-0.25044642 0.026033943 0.054649031 234 88 12
-0.24832444 0.018021278 0.055174335 234 88 12
-0.24758515 0.015345086 0.055272731 234 88 12
-0.24223365 4.2250821e-05 0.054843798 234 88 12
-0.22687685 -0.028012957 0.051958722 234 88 12
-0.22222995 -0.03490263 0.051171768 234 88 12
-0.21880544 -0.039865676 0.050854726 234 88 12
-0.078149217 -0.18379072 0.074588563 234 88 12
-0.065621526 -0.19547645 0.075971871 234 88 12
-0.25107427 0.029315118 0.050811406 234 88 12
-0.24984648 0.023839287 0.051208999 234 88 12
-0.24224446 0.00033682712 0.051210578 234 88 12
-0.22239072 -0.03483184 0.047519778 234 88 12
-0.21895023 -0.039841196 0.047226219 234 88 12
-0.21535653 -0.045004945 0.047081972 234 88 12
-0.19749311 -0.072954422 0.048605925 234 88 12
-0.17829789 -0.11695133 0.052543735 234 88 12
-0.17590852 -0.1244349 0.053498842 234 88 12
-0.17104485 -0.13644022 0.055807816 234 88 12
-0.16533032 -0.14488456 0.058728543 234 88 12
-0.084572561 -0.17844243 0.070928547 234 88 12
-0.082300496 -0.18022976 0.071058547 234 88 12
-0.016432309 -0.26316784 0.079210362 234 88 12
0.13332662 -0.20437127 0.082782742 234 88 12
-0.25338379 0.041827218 0.046106522 234 88 12
-0.25166959 0.03266512 0.046959071 234 88 12
-0.24227944 0.00068103007 0.047453944 234 88 12
-0.24126777 -0.001681517 0.047210441 234 88 12
-0.23671661 -0.011290194 0.04629064 234 88 12
-0.23012567 -0.023072023 0.04501189 234 88 12
-0.21731074 -0.042453403 0.043482521 234 88 12
-0.21557437 -0.044951042 0.043395552 234 88 12
-0.19442888 -0.078838161 0.045654231 234 88 12
-0.18245359 -0.1052463 0.047990266 234 88 12
-0.17953553 -0.11322897 0.048879649 234 88 12
-0.16372319 -0.146884 0.056217711 234 88 12
-0.16027974 -0.15005802 0.057884682 234 88 12
-0.077588325 -0.18412442 0.068092259 234 88 12
-0.073226319 -0.18785507 0.068376708 234 88 12
-0.060523168 -0.19955761 0.070140778 234 88 12
-0.058519803 -0.20159776 0.070471047 234 88 12
-0.04588226 -0.21705292 0.072967717 234 88 12
-0.0095871451 -0.26690921 0.076004478 234 88 12
0.1340723 -0.20417291 0.079455062 234 88 12
-0.25598095 0.058746518 0.040601998 234 88 12
-0.25328961 0.04229918 0.042504432 234 88 12
-0.25111622 0.03021742 0.043553844 234 88 12
-0.24925353 0.022191462 0.043992316 234 88 12
-0.24770979 0.016658105 0.044180445 234 88 12
-0.2442347 0.0061711389 0.044028051 234 88 12
-0.23021518 -0.023118779 0.041335394 234 88 12
-0.21747367 -0.04223316 0.039702893 234 88 12
-0.20650868 -0.059201926 0.040518777 234 88 12
-0.20461517 -0.062057578 0.040760299 234 88 12
-0.2009916 -0.067628765 0.041309706 234 88 12
-0.19598976 -0.076031254 0.042143811 234 88 12
-0.18084939 -0.10925932 0.04521563 234 88 12
-0.17818035 -0.11740132 0.046210961 234 88 12
-0.17693798 -0.12132015 0.046765409 234 88 12
-0.16692278 -0.14344714 0.051338562 234 88 12
-0.16534952 -0.14541704 0.05214043 234 88 12
-0.1620091 -0.1489774 0.053844654 234 88 12
-0.064316648 -0.19565927 0.066094881 234 88 12
-0.05605375 -0.20370303 0.067485665 234 88 12
-0.052123685 -0.20799948 0.068336245 234 88 12
-0.044976199 -0.21698832 0.069651511 234 88 12
-0.011348309 -0.26473623 0.072480937 234 88 12
-0.0010034501 -0.27039105 0.073152443 234 88 12
-0.25435217 0.049152961 0.03812447 234 88 12
-0.25225528 0.036538196 0.03951908 234 88 12
-0.24688829 0.014350195 0.040513944 234 88 12
-0.2423515 0.0014810366 0.03994935 234 88 12
-0.24131303 -0.0010679496 0.039718819 234 88 12
-0.23906085 -0.006361503 0.039279854 234 88 12
-0.22576569 -0.030090186 0.03698318 234 88 12
-0.22419856 -0.032377574 0.036802799 234 88 12
-0.21757431 -0.042263803 0.036033164 234 88 12
-0.21018604 -0.053681175 0.036513481 234 88 12
-0.2065014 -0.059296263 0.03702177 234 88 12
-0.17939779 -0.11347672 0.042483127 234 88 12
-0.17442439 -0.12864428 0.044677507 234 88 12
-0.16818235 -0.14164619 0.04735542 234 88 12
-0.16374424 -0.14754132 0.049791641 234 88 12
-0.084035592 -0.17910551 0.061216137 234 88 12
-0.068256816 -0.19196593 0.062106346 234 88 12
-0.05554227 -0.2037663 0.064138196 234 88 12
-0.0069407091 -0.26647272 0.069233843 234 88 12
-0.25565565 0.059472742 0.033328707 234 88 12
-0.25219765 0.036988077 0.035907186 234 88 12
-0.25038134 0.028267965 0.036536117 234 88 12
-0.22581212 -0.029909981 0.033212356 234 88 12
-0.22420591 -0.032292359 0.03304279 234 88 12
-0.22259081 -0.034708106 0.032849507 234 88 12
-0.21398593 -0.047908233 0.032607931 234 88 12
-0.20465787 -0.062241554 0.033838359 234 88 12
-0.18214807 -0.10568645 0.038418268 234 88 12
-0.17783408 -0.11791001 0.040005151 234 88 12
-0.17425109 -0.1289303 0.041607112 234 88 12
-0.090899618 -0.17467006 0.057910535 234 88 12
-0.048898289 -0.21011668 0.061910996 234 88 12
-0.045144632 -0.21427318 0.062504625 234 88 12
-0.043353041 -0.2164822 0.062784953 234 88 12
-0.041758118 -0.21908593 0.063114393 234 88 12
-0.0086579277 -0.26421595 0.065765448 234 88 12
-0.0054940095 -0.2662927 0.065889691 234 88 12
-0.24963665 0.025877243 0.033038954 234 88 12
-0.23793504 -0.0085538147 0.031578164 234 88 12
-0.23674135 -0.011051642 0.031253699 234 88 12
-0.23155007 -0.020670176 0.03023277 234 88 12
-0.21401116 -0.047894642 0.029049194 234 88 12
-0.20272609 -0.064925142 0.030690308 234 88 12
-0.19250931 -0.082591919 0.032749126 234 88 12
-0.1895332 -0.088672773 0.033236727 234 88 12
-0.18188705 -0.10620743 0.035381489 234 88 12
-0.16349803 -0.14805987 0.043456497 234 88 12
-0.088259245 -0.17652373 0.05463904 234 88 12
-0.07889656 -0.1831186 0.054633038 234 88 12
-0.037900405 -0.22406013 0.060142355 234 88 12
0.0033297115 -0.26924834 0.062988008 234 88 12
-0.2542377 0.053432057 0.02683235 234 88 12
-0.23907819 -0.005718831 0.028115796 234 88 12
-0.21904273 -0.039836553 0.025332957 234 88 12
-0.087880224 -0.17715485 0.051409785 234 88 12
-0.085543723 -0.17875728 0.051384853 234 88 12
-0.064844074 -0.19443212 0.052022379 234 88 12
-0.056008816 -0.20216342 0.053326491 234 88 12
-0.051750493 -0.20603271 0.054117521 234 88 12
-0.047474542 -0.20999844 0.054920287 234 88 12
-0.24391292 0.0073626117 0.025508705 234 88 12
-0.23536017 -0.013536442 0.023663887 234 88 12
-0.22710553 -0.027260889 0.022165322 234 88 12
-0.22559834 -0.02961896 0.022001823 234 88 12
-0.22069114 -0.037157151 0.021708747 234 88 12
-0.20992645 -0.053784321 0.022443708 234 88 12
-0.20792856 -0.056713715 0.022730984 234 88 12
-0.19698237 -0.074396611 0.025136168 234 88 12
-0.18767828 -0.092005581 0.027074091 234 88 12
-0.17989697 -0.11057302 0.02973707 234 88 12
-0.17846035 -0.11458734 0.030286822 234 88 12
-0.17582556 -0.12257695 0.031471971 234 88 12
-0.16455743 -0.14654575 0.036543582 234 88 12
-0.082986805 -0.18027319 0.047836399 234 88 12
-0.057677173 -0.20027624 0.049531467 234 88 12
-0.053273593 -0.20414137 0.050150266 234 88 12
-0.0012044725 -0.26480439 0.05582033 234 88 12
-0.25293681 0.047503089 0.020289047 234 88 12
-0.25021643 0.032092688 0.021883492 234 88 12
-0.24290674 0.004958552 0.021610813 234 88 12
-0.23651276 -0.010895188 0.020265283 234 88 12
-0.233869 -0.016010623 0.019802232 234 88 12
-0.2205215 -0.037104315 0.018117659 234 88 12
-0.21692218 -0.042653627 0.018290193 234 88 12
-0.2150919 -0.045542186 0.018448391 234 88 12
-0.2096463 -0.053897378 0.018911479 234 88 12
-0.20770157 -0.056857134 0.019204871 234 88 12
-0.1967218 -0.074698317 0.021672814 234 88 12
-0.19333955 -0.080666033 0.022497669 234 88 12
-0.18259436 -0.102771 0.025418525 234 88 12
-0.16828341 -0.1404816 0.031627263 234 88 12
-0.16705062 -0.14269859 0.032258753 234 88 12
-0.095127793 -0.17234582 0.044497913 234 88 12
-0.068642477 -0.19100727 0.044634447 234 88 12
-0.052666795 -0.20432472 0.046642086 234 88 12
0.00034546085 -0.26435908 0.052431704 234 88 12
-0.25460961 0.061401872 0.01513176 234 88 12
-0.25374895 0.054524351 0.015877249 234 88 12
-0.25165962 0.041362903 0.017400554 234 88 12
-0.24743217 0.021240869 0.018595585 234 88 12
-0.24672199 0.01846786 0.018609407 234 88 12
-0.23643427 -0.010462775 0.016502576 234 88 12
-0.23512734 -0.013239414 0.016353313 234 88 12
-0.22974084 -0.022670992 0.015374793 234 88 12
-0.22837328 -0.024767002 0.015064205 234 88 12
-0.20551781 -0.059960084 0.016102376 234 88 12
-0.19983766 -0.06885357 0.017399548 234 88 12
-0.18685503 -0.092592434 0.020756078 234 88 12
-0.18533055 -0.095826805 0.021214597 234 88 12
-0.18059703 -0.1067247 0.022826197 234 88 12
-0.06355846 -0.19474158 0.04151101 234 88 12
-0.045152253 -0.21028949 0.044103879 234 88 12
0.0019399425 -0.26379395 0.049047904 234 88 12
-0.25396381 0.058275662 0.011951543 234 88 12
-0.25200644 0.044743254 0.013419181 234 88 12
-0.24969749 0.03257177 0.014377281 234 88 12
-0.24573502 0.016203034 0.014814434 234 88 12
-0.21444853 -0.045650431 0.011364977 234 88 12
-0.17241697 -0.12953749 0.022930087 234 88 12
-0.097063133 -0.17137166 0.037517821 234 88 12
-0.075109242 -0.18594026 0.037182891 234 88 12
-0.070400817 -0.18947578 0.037375153 234 88 12
-0.058477063 -0.19860354 0.038412834 234 88 12
-0.051347165 -0.2045656 0.039438383 234 88 12
-0.0490093 -0.20637221 0.039760012 234 88 12
-0.026435797 -0.23367325 0.043519886 234 88 12
-0.0056839578 -0.25826134 0.044841185 234 88 12
-0.25372035 0.058662039 0.0084034208 234 88 12
-0.25288435 0.05170605 0.0090955143 234 88 12
-0.252353 0.048438324 0.0094235783 234 88 12
-0.2518304 0.045147004 0.0097580738 234 88 12
-0.24316907 0.008247885 0.010654475 234 88 12
-0.23354001 -0.015123257 0.0087358952 234 88 12
-0.2321823 -0.017782558 0.0086088134 234 88 12
-0.22467228 -0.029854258 0.0077502301 234 88 12
-0.22309935 -0.032080322 0.0076180229 234 88 12
-0.21601225 -0.042725265 0.0077434044 234 88 12
-0.19381356 -0.078421111 0.012110668 234 88 12
-0.18908397 -0.086856627 0.013391301 234 88 12
-0.17809229 -0.11085316 0.017059178 234 88 12
-0.17416252 -0.12299225 0.018721738 234 88 12
-0.060410368 -0.19682819 0.034468262 234 88 12
-0.053098721 -0.20260238 0.035316057 234 88 12
-0.048287789 -0.2066814 0.036077535 234 88 12
-0.033228211 -0.22104187 0.038261381 234 88 12
-0.028424232 -0.22781859 0.039078691 234 88 12
-0.25161921 0.045439535 0.0061443864 234 88 12
-0.2480303 0.02739802 0.0074759452 234 88 12
-0.24523647 0.016486054 0.007568477 234 88 12
-0.23199063 -0.017709685 0.0050571046 234 88 12
-0.22915872 -0.022562706 0.0046561188 234 88 12
-0.22109183 -0.03479053 0.0040835784 234 88 12
-0.21391847 -0.045641728 0.004406987 234 88 12
-0.20828959 -0.05431581 0.0051706331 234 88 12
-0.20630707 -0.057273668 0.0055463873 234 88 12
-0.19858837 -0.069609569 0.0073680007 234 88 12
-0.19503731 -0.075600716 0.0083065599 234 88 12
-0.18377921 -0.096485428 0.011867561 234 88 12
-0.18053295 -0.10354003 0.013000333 234 88 12
-0.076863661 -0.18470035 0.02997014 234 88 12
-0.033991159 -0.21891665 0.034215672 234 88 12
-0.023998161 -0.23294007 0.036124024 234 88 12
-0.017334044 -0.24323142 0.037158749 234 88 12
0.014440103 -0.26472524 0.039573561 234 88 12
0.02320803 -0.26575282 0.040157937 234 88 12
-0.25319071 0.059022439 0.001246296 234 88 12
-0.24965518 0.036265816 0.0033590809 234 88 12
-0.24420597 0.013617915 0.0039051221 234 88 12
-0.24182365 0.0054517215 0.0033797278 234 88 12
-0.23674122 -0.0077026621 0.0022149401 234 88 12
-0.21729719 -0.040064795 0.00064146061 234 88 12
-0.1706395 -0.1299274 0.013644307 234 88 12
-0.088202173 -0.17723635 0.026618707 234 88 12
-0.078811015 -0.1837867 0.026423803 234 88 12
-0.076458765 -0.18515223 0.026383419 234 88 12
-0.047007003 -0.20682995 0.02855632 234 88 12
-0.033021296 -0.21877436 0.030291655 234 88 12
-0.022788494 -0.23267646 0.032416211 234 88 12
-0.019427651 -0.23807719 0.033103573 234 88 12
-0.017630865 -0.24057662 0.033364197 234 88 12
-0.00094121332 -0.25729939 0.034487683 234 88 12
-0.25056251 0.042350599 -0.00065230464 234 88 12
-0.24945068 0.036366684 -0.00017942444 234 88 12
-0.24770932 0.027630729 0.0003891362 234 88 12
-0.2470724 0.024852032 0.00044294696 234 88 12
-0.24639178 0.022251257 0.00044387567 234 88 12
-0.24243941 0.0082135966 5.419637e-05 234 88 12
-0.21698339 -0.040025265 -0.0028454366 234 88 12
-0.21514831 -0.042750762 -0.0027244992 234 88 12
-0.19415312 -0.076008124 0.001716011 234 88 12
-0.17646797 -0.1115513 0.00770472 234 88 12
-0.17363004 -0.11942447 0.0088097592 234 88 12
-0.15501069 -0.15375739 0.017244038 234 88 12
-0.041350998 -0.21060413 0.025319126 234 88 12
-0.030022504 -0.22082726 0.026715962 234 88 12
-0.028123093 -0.22322843 0.02716133 234 88 12
-0.024826407 -0.22800602 0.027994817 234 88 12
-0.24750212 0.02748152 -0.0031189632 234 88 12
-0.23937157 -9.9611124e-05 -0.0041035594 234 88 12
-0.23839872 -0.0025535287 -0.0044361891 234 88 12
-0.22689647 -0.024771827 -0.0061556769 234 88 12
-0.2129177 -0.045536283 -0.0060459084 234 88 12
-0.21100395 -0.048516447 -0.0057828653 234 88 12
-0.19550884 -0.073160533 -0.0021572174 234 88 12
-0.18065746 -0.10041915 0.0026752528 234 88 12
-0.16605869 -0.13827664 0.0091267682 234 88 12
-0.16130915 -0.14652669 0.01114912 234 88 12
-0.089893455 -0.17644631 0.019202629 234 88 12
-0.082600315 -0.18132579 0.018951035 234 88 12
-0.063509104 -0.1935085 0.019003888 234 88 12
-0.061030738 -0.19531174 0.019213229 234 88 12
-0.028990712 -0.22090853 0.022853053 234 88 12
-0.020160625 -0.23313814 0.025005717 234 88 12
-0.016669278 -0.23803728 0.025709685 234 88 12
0.0077776435 -0.2594852 0.027904915 234 88 12
-0.2515251 0.052311739 -0.0087890898 234 88 12
-0.25110829 0.049104148 -0.0084263345 234 88 12
-0.2436914 0.013819039 -0.0068842587 234 88 12
-0.2360366 -0.0073947011 -0.0085289785 234 88 12
-0.21441102 -0.04287157 -0.0097343471 234 88 12
-0.20677464 -0.054656423 -0.008641366 234 88 12
-0.19169305 -0.078928754 -0.0046801352 234 88 12
-0.1833217 -0.094069003 -0.0019322794 234 88 12
-0.17833335 -0.10424944 -1.8894875e-05 234 88 12
-0.16992508 -0.12644624 0.0037687778 234 88 12
-0.16439042 -0.14039369 0.0062491981 234 88 12
-0.15938669 -0.1482494 0.0082790389 234 88 12
-0.035003821 -0.21438205 0.018135812 234 88 12
-0.25209934 0.058668824 -0.013067152 234 88 12
-0.25027973 0.04589194 -0.011553464 234 88 12
-0.2497991 0.042682661 -0.011132833 234 88 12
-0.24865053 0.036243081 -0.01051761 234 88 12
-0.24646795 0.024716073 -0.010167366 234 88 12
-0.24503134 0.019187344 -0.010225012 234 88 12
-0.2425243 0.010920485 -0.010491697 234 88 12
-0.23884694 -1.6706629e-05 -0.011181436 234 88 12
-0.23329845 -0.012200596 -0.012471274 234 88 12
-0.23198316 -0.014790514 -0.01264674 234 88 12
-0.22923237 -0.019706362 -0.012967056 234 88 12
-0.22624694 -0.024415177 -0.013326151 234 88 12
-0.18119142 -0.097621784 -0.0047143314 234 88 12
-0.16021065 -0.1463929 0.0043578726 234 88 12
-0.094424055 -0.17366374 0.011618107 234 88 12
-0.072303564 -0.18766776 0.010967681 234 88 12
-0.049716668 -0.20327761 0.012523903 234 88 12
-0.023044088 -0.22531429 0.0158103 234 88 12
-0.017710679 -0.232673 0.01718963 234 88 12
-0.012070785 -0.23993959 0.018393749 234 88 12
0.025449749 -0.26199974 0.021898649 234 88 12
-0.25143199 0.055484702 -0.016321623 234 88 12
-0.24392718 0.016396096 -0.013792781 234 88 12
-0.24141553 0.0081489809 -0.014148565 234 88 12
-0.23852616 0.00017107583 -0.014708834 234 88 12
-0.21171647 -0.045631406 -0.016830523 234 88 12
-0.19252762 -0.075822906 -0.012035232 234 88 12
-0.18400825 -0.091115943 -0.0094524331 234 88 12
-0.17898415 -0.10087728 -0.0075634521 234 88 12
-0.17245233 -0.11501704 -0.0047000974 234 88 12
-0.16513788 -0.13500102 -0.0012602078 234 88 12
-0.15958323 -0.14627364 0.00093467571 234 88 12
-0.064421053 -0.19244345 0.007146931 234 88 12
-0.054254652 -0.19980849 0.0080680115 234 88 12
-0.033361312 -0.21448408 0.010341372 234 88 12
-0.020092707 -0.22750607 0.012301285 234 88 12
-0.0065739565 -0.2442332 0.01532594 234 88 12
-0.2167574 -0.036811731 -0.020816247 234 88 12
-0.19582822 -0.069608177 -0.016773204 234 88 12
-0.10135559 -0.1692604 0.0039807424 234 88 12
-0.081145665 -0.18190502 0.0030552768 234 88 12
-0.068946865 -0.18956324 0.0030950302 234 88 12
-0.063896501 -0.19270504 0.003185562 234 88 12
-0.045800566 -0.20557559 0.0051337359 234 88 12
-0.043186586 -0.20727269 0.0054335895 234 88 12
-0.040522298 -0.20896327 0.0057332617 234 88 12
-0.032600257 -0.21443567 0.0064341734 234 88 12
-0.24831732 0.039614237 -0.021192435 234 88 12
-0.24390986 0.018786188 -0.020512799 234 88 12
-0.23783321 0.00064192191 -0.02180828 234 88 12
-0.23678097 -0.0020173165 -0.021980971 234 88 12
-0.20886751 -0.048548981 -0.023705272 234 88 12
-0.20686289 -0.051633215 -0.023356328 234 88 12
-0.20107753 -0.060579986 -0.022055863 234 88 12
-0.17620295 -0.10422089 -0.013646327 234 88 12
-0.1669906 -0.12583377 -0.0092198371 234 88 12
-0.165851 -0.1290078 -0.0087366769 234 88 12
-0.15814344 -0.14593081 -0.0058835193 234 88 12
-0.10084671 -0.16936285 6.3040676e-05 234 88 12
-0.098233173 -0.17089091 2.6544991e-05 234 88 12
-0.093194133 -0.17402347 -0.00022826312 234 88 12
-0.090572377 -0.17573651 -0.00033416602 234 88 12
-0.01782808 -0.22694565 0.0045684473 234 88 12
0.003055349 -0.24982665 0.0091073535 234 88 12
-0.2483939 0.042834101 -0.025088776 234 88 12
-0.24784792 0.039699438 -0.024784267 234 88 12
-0.24726019 0.036541333 -0.024502429 234 88 12
-0.23174933 -0.011508093 -0.026697163 234 88 12
-0.2304485 -0.014039632 -0.026950449 234 88 12
-0.22447303 -0.023733763 -0.027711041 234 88 12
-0.20454648 -0.054411001 -0.026686151 234 88 12
-0.19674024 -0.06645319 -0.024650704 234 88 12
-0.17207365 -0.11115866 -0.015606451 234 88 12
-0.16614249 -0.12578385 -0.012621591 234 88 12
-0.16501522 -0.1289408 -0.012133025 234 88 12
-0.16067714 -0.13944443 -0.010454196 234 88 12
-0.15851994 -0.14360776 -0.0096967204 234 88 12
-0.10574619 -0.16680119 -0.0038605068 234 88 12
-0.087561452 -0.17744496 -0.0044108214 234 88 12
-0.085073432 -0.17913312 -0.0045522365 234 88 12
-0.060262632 -0.19488622 -0.0045454886 234 88 12
-0.016673793 -0.22653094 0.0006867897 234 88 12
0.011905957 -0.25433437 0.0065572336 234 88 12
0.017493896 -0.25694736 0.0073385176 234 88 12
0.023854202 -0.25909951 0.0079328725 234 88 12
0.027430841 -0.25977736 0.0081789073 234 88 12
-0.24379154 0.021925406 -0.027465558 234 88 12
-0.24240199 0.016533694 -0.027643862 234 88 12
-0.23991597 0.008842465 -0.028192821 234 88 12
-0.23487638 -0.0041554962 -0.029355883 234 88 12
-0.2271021 -0.018700412 -0.030878798 234 88 12
-0.22398422 -0.023424585 -0.031349692 234 88 12
-0.19045338 -0.075776121 -0.026504425 234 88 12
-0.18857412 -0.078707752 -0.025880668 234 88 12
-0.16966698 -0.11462356 -0.018413512 234 88 12
-0.15981476 -0.13901398 -0.01382369 234 88 12
-0.14755132 -0.15381583 -0.010494173 234 88 12
-0.10239771 -0.16813529 -0.0078324643 234 88 12
-0.084506841 -0.17939756 -0.0084627475 234 88 12
-0.072379034 -0.18745832 -0.0087789904 234 88 12
-0.059807686 -0.19509517 -0.008531588 234 88 12
-0.051921523 -0.20033317 -0.0076120338 234 88 12
-0.043870353 -0.20546136 -0.0068178625 234 88 12
-0.019934979 -0.22198575 -0.0041194717 234 88 12
-0.015456274 -0.22614845 -0.0032441526 234 88 12
-0.2419744 0.016966438 -0.031186948 234 88 12
-0.23089648 -0.011046083 -0.03379881 234 88 12
-0.2217708 -0.025372048 -0.035220057 234 88 12
-0.21452379 -0.036011298 -0.035448128 234 88 12
-0.17571202 -0.10034516 -0.024860814 234 88 12
-0.16439109 -0.12539302 -0.019649771 234 88 12
-0.16315698 -0.12852196 -0.019048538 234 88 12
-0.15985594 -0.13660136 -0.017519017 234 88 12
-0.15413279 -0.1469047 -0.015484432 234 88 12
-0.15086186 -0.15066479 -0.014733624 234 88 12
-0.14885464 -0.15231738 -0.014322632 234 88 12
-0.074425777 -0.18595314 -0.012755739 234 88 12
-0.034823911 -0.21056171 -0.0099790327 234 88 12
-0.03198358 -0.21238761 -0.0096946325 234 88 12
-0.014068614 -0.22581616 -0.0071463389 234 88 12
-0.011876119 -0.22808076 -0.0066083734 234 88 12
-0.0077903411 -0.23286705 -0.0054352807 234 88 12
-0.0036128441 -0.23759327 -0.0042562691 234 88 12
0.015199874 -0.25361754 -0.00034352318 234 88 12
0.017861144 -0.25476343 4.4027174e-05 234 88 12
0.020695325 -0.25592579 0.00044291612 234 88 12
-0.24834147 0.052365953 -0.037146236 234 88 12
-0.24655321 0.039885457 -0.035753378 234 88 12
-0.23407259 -0.00341287 -0.036596106 234 88 12
-0.23038542 -0.010732649 -0.037371436 234 88 12
-0.19096566 -0.072332869 -0.034746473 234 88 12
-0.18911516 -0.075376088 -0.034128684 234 88 12
-0.18545915 -0.081375051 -0.03277063 234 88 12
-0.18362148 -0.084429894 -0.032033366 234 88 12
-0.17669178 -0.09685319 -0.029161817 234 88 12
-0.16953266 -0.11055303 -0.026242772 234 88 12
-0.16482619 -0.12149108 -0.024038893 234 88 12
-0.15787229 -0.13840901 -0.020567003 234 88 12
-0.15165848 -0.14861087 -0.018518567 234 88 12
-0.13749364 -0.15730184 -0.016690685 234 88 12
-0.076455704 -0.18423367 -0.016708106 234 88 12
-0.048024984 -0.20175592 -0.015529681 234 88 12
-0.04253478 -0.20514316 -0.014896294 234 88 12
-0.028217947 -0.21418289 -0.013464287 234 88 12
-0.020064438 -0.21980707 -0.012449815 234 88 12
-0.0082683198 -0.23024103 -0.0098268099 234 88 12
-0.0041428483 -0.23478629 -0.0086088249 234 88 12
-0.0020457884 -0.23699121 -0.0080600169 234 88 12
0.011559287 -0.2492066 -0.0051605086 234 88 12
0.028489487 -0.25745817 -0.0023626751 234 88 12
-0.24702496 0.046074396 -0.039982688 234 88 12
-0.24164021 0.02011679 -0.038115737 234 88 12
-0.23466917 -0.00069960788 -0.039935984 234 88 12
-0.22984458 -0.010449534 -0.040940309 234 88 12
-0.20387462 -0.049868072 -0.042108319 234 88 12
-0.20202478 -0.053019094 -0.04173686 234 88 12
-0.18293735 -0.084176301 -0.035826179 234 88 12
-0.17592345 -0.096681989 -0.032725448 234 88 12
-0.1670058 -0.11367872 -0.0292235 234 88 12
-0.15682274 -0.13813868 -0.024021145 234 88 12
-0.1547172 -0.14228742 -0.023219469 234 88 12
-0.14688091 -0.1518245 -0.021435579 234 88 12
-0.083044977 -0.17960896 -0.020391131 234 88 12
-0.071183846 -0.18742574 -0.02090466 234 88 12
-0.038911247 -0.20678991 -0.018722533 234 88 12
-0.036003921 -0.20865948 -0.018381377 234 88 12
0.0084536778 -0.24500082 -0.009689265 234 88 12
0.013146765 -0.2484133 -0.0087676226 234 88 12
-0.24863023 0.061911735 -0.045872987 234 88 12
-0.24652397 0.046135469 -0.043613906 234 88 12
-0.23881418 0.01226703 -0.04202944 234 88 12
-0.23414118 -0.0004358814 -0.043451777 234 88 12
-0.23306423 -0.0028017917 -0.043754725 234 88 12
-0.23061283 -0.0076020778 -0.044348187 234 88 12
-0.18393587 -0.080994764 -0.04029456 234 88 12
-0.1662325 -0.11330992 -0.032962725 234 88 12
-0.15247922 -0.14408741 -0.026404896 234 88 12
-0.13556811 -0.15729107 -0.023913381 234 88 12
-0.12943974 -0.15905312 -0.02361864 234 88 12
-0.12258333 -0.16073615 -0.0235603 234 88 12
-0.11558497 -0.16247379 -0.023524369 234 88 12
-0.1087259 -0.16473648 -0.023390821 234 88 12
-0.10282566 -0.16702598 -0.023473948 234 88 12
-0.092423376 -0.17305776 -0.023889722 234 88 12
-0.082590217 -0.17947184 -0.024424674 234 88 12
-0.062882739 -0.19228799 -0.024873583 234 88 12
-0.052207166 -0.19878305 -0.024142977 234 88 12
-0.038065554 -0.20664411 -0.022820441 234 88 12
-0.017661641 -0.21919595 -0.020498985 234 88 12
-0.012341343 -0.22318528 -0.019479822 234 88 12
0.010124336 -0.24438013 -0.013347819 234 88 12
0.025591346 -0.25431109 -0.010126888 234 88 12
0.028587405 -0.25558011 -0.0096252145 234 88 12
0.043247585 -0.25700583 -0.0083375498 234 88 12
-0.24636454 0.049097088 -0.047557349 234 88 12
-0.24323568 0.031297927 -0.045640383 234 88 12
-0.24113414 0.022776332 -0.045205353 234 88 12
-0.20034796 -0.052435143 -0.049098823 234 88 12
-0.19838615 -0.055636658 -0.048760481 234 88 12
-0.18144525 -0.083586146 -0.043462417 234 88 12
-0.17068677 -0.10267387 -0.038724657 234 88 12
-0.1485295 -0.14767862 -0.029389703 234 88 12
-0.14249371 -0.15283327 -0.028438813 234 88 12
-0.11849936 -0.16138616 -0.027375411 234 88 12
-0.089430581 -0.17444572 -0.028041597 234 88 12
-0.054168439 -0.19724378 -0.028474654 234 88 12
-0.048705673 -0.20017819 -0.027915544 234 88 12
-0.0036178459 -0.22854676 -0.021561546 234 88 12
-0.24748048 0.061462675 -0.053221156 234 88 12
-0.24127687 0.025568511 -0.048859224 234 88 12
-0.23979358 0.019867588 -0.048744933 234 88 12
-0.23573064 0.0070353948 -0.049582898 234 88 12
-0.23054272 -0.0047401366 -0.051114888 234 88 12
-0.22354363 -0.016468713 -0.05264247 234 88 12
-0.21296017 -0.031875855 -0.053783523 234 88 12
-0.21104863 -0.034674392 -0.0538526 234 88 12
-0.20332084 -0.046139795 -0.053336126 234 88 12
-0.1859237 -0.074239829 -0.049363873 234 88 12
-0.15625651 -0.1316806 -0.036323881 234 88 12
-0.15041748 -0.14353589 -0.033858328 234 88 12
-0.09910605 -0.16814822 -0.031419492 234 88 12
-0.088940403 -0.17430307 -0.031982852 234 88 12
-0.086395885 -0.17610562 -0.03206387 234 88 12
-0.076699573 -0.18281483 -0.032665339 234 88 12
-0.069376242 -0.18735082 -0.032999997 234 88 12
-0.06161508 -0.19239168 -0.032928019 234 88 12
-0.036321963 -0.20633474 -0.030994596 234 88 12
-0.0070927001 -0.22410631 -0.0266732 234 88 12
-0.0021043905 -0.22805408 -0.025312949 234 88 12
0.028892576 -0.25259145 -0.017179256 234 88 12
0.080130716 -0.24982299 -0.014604281 234 88 12
-0.24462303 0.04583532 -0.054376509 234 88 12
-0.24237703 0.033975769 -0.053082272 234 88 12
-0.24063975 0.025623164 -0.052509638 234 88 12
-0.23215402 4.412805e-05 -0.054031976 234 88 12
-0.22982922 -0.0044236568 -0.054701494 234 88 12
-0.21742142 -0.024049956 -0.05682397 234 88 12
-0.21018417 -0.034221491 -0.057590987 234 88 12
-0.19479199 -0.058250738 -0.055871169 234 88 12
-0.19281354 -0.061226625 -0.055476835 234 88 12
-0.16209389 -0.11520434 -0.043661697 234 88 12
-0.16060131 -0.11856898 -0.043027664 234 88 12
-0.15059394 -0.14120087 -0.038132382 234 88 12
-0.14788736 -0.14510052 -0.037362046 234 88 12
-0.14454084 -0.14886587 -0.036607204 234 88 12
-0.10727179 -0.164081 -0.035136968 234 88 12
-0.095885801 -0.16947356 -0.035496298 234 88 12
-0.088373946 -0.17412103 -0.035928781 234 88 12
-0.00056855511 -0.22750843 -0.029165491 234 88 12
0.0018095579 -0.22941865 -0.028476073 234 88 12
0.0062319454 -0.23328446 -0.027154557 234 88 12
0.025193603 -0.24883103 -0.021870089 234 88 12
0.080529365 -0.25005852 -0.017939469 234 88 12
-0.24521239 0.054563783 -0.059575432 234 88 12
-0.24437243 0.048700604 -0.058524986 234 88 12
-0.23023452 -0.0020367021 -0.057906083 234 88 12
-0.22492487 -0.011168855 -0.059302469 234 88 12
-0.20177413 -0.045213871 -0.061043913 234 88 12
-0.19978055 -0.048239651 -0.060871173 234 88 12
-0.18993749 -0.063954839 -0.058787365 234 88 12
-0.18255247 -0.076173562 -0.056597435 234 88 12
-0.16795467 -0.10145077 -0.050329379 234 88 12
-0.15196137 -0.13609374 -0.043094745 234 88 12
-0.1370794 -0.15314167 -0.039657487 234 88 12
-0.05196346 -0.19696541 -0.040595592 234 88 12
-0.049190661 -0.19850442 -0.040338487 234 88 12
-0.03165737 -0.2075971 -0.038702665 234 88 12
-0.025271426 -0.21097349 -0.037810726 234 88 12
0.0058479501 -0.23065354 -0.031568274 234 88 12
0.080908961 -0.25023244 -0.021401394 234 88 12
0.085401673 -0.24944525 -0.021269554 234 88 12
-0.24404816 0.051356716 -0.062887202 234 88 12
-0.24103889 0.03396411 -0.060416497 234 88 12
-0.24047057 0.031229647 -0.060218542 234 88 12
-0.23854338 0.022782857 -0.059868262 234 88 12
-0.23262786 0.0051329283 -0.060688723 234 88 12
-0.23160503 0.0027981998 -0.06095694 234 88 12
-0.22099302 -0.015646823 -0.063494921 234 88 12
-0.21219484 -0.02815451 -0.064653058 234 88 12
-0.20647405 -0.036374057 -0.064937418 234 88 12
-0.20455064 -0.039109913 -0.06496208 234 88 12
-0.1988451 -0.047902575 -0.064688385 234 88 12
-0.18906241 -0.063493876 -0.062658856 234 88 12
-0.18348653 -0.072547609 -0.061199006 234 88 12
-0.17246475 -0.091343498 -0.056762825 234 88 12
-0.1706567 -0.094641088 -0.055970064 234 88 12
-0.16879737 -0.097908393 -0.055166542 234 88 12
-0.15590823 -0.12447566 -0.049247034 234 88 12
-0.14061299 -0.14955298 -0.044247699 234 88 12
-0.13608994 -0.15257057 -0.04364965 234 88 12
-0.12830802 -0.15620214 -0.043076825 234 88 12
-0.087216224 -0.17379776 -0.043889543 234 88 12
-0.072559611 -0.18404721 -0.04473247 234 88 12
-0.062105602 -0.19071873 -0.0449826 234 88 12
-0.053932699 -0.19542581 -0.044783804 234 88 12
-0.048389637 -0.19851895 -0.044364204 234 88 12
-0.042733105 -0.2015142 -0.043881285 234 88 12
-0.03691443 -0.20449014 -0.043288758 234 88 12
0.012424427 -0.23375093 -0.033936645 234 88 12
0.039746813 -0.25227768 -0.027076779 234 88 12
0.076959699 -0.25143602 -0.024992873 234 88 12
-0.24448915 0.060190502 -0.068773163 234 88 12
-0.24324428 0.051299999 -0.066883305 234 88 12
-0.24283195 0.048494137 -0.066331078 234 88 12
-0.24021835 0.034141772 -0.064276991 234 88 12
-0.2390033 0.02855266 -0.063916671 234 88 12
-0.23603014 0.01731061 -0.063524145 234 88 12
-0.23444623 0.012247464 -0.063663975 234 88 12
-0.21995692 -0.015552563 -0.067105106 234 88 12
-0.21655815 -0.020358195 -0.067594904 234 88 12
-0.21295732 -0.025204468 -0.068053878 234 88 12
-0.20548454 -0.035787497 -0.068733595 234 88 12
-0.20355426 -0.038469292 -0.068763025 234 88 12
-0.19578234 -0.050512034 -0.068167149 234 88 12
-0.18806773 -0.063173206 -0.066521556 234 88 12
-0.14479572 -0.14356894 -0.049505557 234 88 12
-0.14147889 -0.14723673 -0.048684383 234 88 12
-0.12741647 -0.15589277 -0.046994102 234 88 12
-0.099506042 -0.16594381 -0.047069295 234 88 12
-0.089069783 -0.17200082 -0.047627937 234 88 12
-0.084176398 -0.17527391 -0.048095252 234 88 12
-0.071894456 -0.18404854 -0.048597997 234 88 12
-0.061440375 -0.19041681 -0.048969108 234 88 12
-0.044765668 -0.19978257 -0.048167505 234 88 12
-0.026715235 -0.20867319 -0.046248114 234 88 12
-0.0043616681 -0.22006152 -0.042700344 234 88 12
0.0013338943 -0.22367257 -0.041310999 234 88 12
0.077489497 -0.25148064 -0.028564416 234 88 12
-0.24364467 0.059839469 -0.072712316 234 88 12
-0.2432166 0.056963657 -0.072054692 234 88 12
-0.23666727 0.022553829 -0.067344001 234 88 12
-0.23355774 0.012465124 -0.067427222 234 88 12
-0.22331251 -0.008353987 -0.069830493 234 88 12
-0.22187992 -0.010629258 -0.070136937 234 88 12
-0.21708551 -0.017740746 -0.070974974 234 88 12
-0.18707678 -0.062524388 -0.070480497 234 88 12
-0.15410145 -0.12302592 -0.057426614 234 88 12
-0.15271394 -0.12617847 -0.056844112 234 88 12
-0.14521768 -0.14085178 -0.054085667 234 88 12
-0.13847262 -0.14853155 -0.052217527 234 88 12
-0.12910963 -0.1540467 -0.051188491 234 88 12
-0.10484589 -0.1631715 -0.050875246 234 88 12
-0.096114732 -0.16711768 -0.0510333 234 88 12
-0.090956774 -0.1700577 -0.051327074 234 88 12
-0.04964642 -0.19678078 -0.052446551 234 88 12
-0.022551508 -0.20938983 -0.049880471 234 88 12
-0.0030848547 -0.21938936 -0.046526975 234 88 12
0.011293373 -0.22840023 -0.042881048 234 88 12
0.040426256 -0.2496355 -0.03481639 234 88 12
0.043330876 -0.25066124 -0.034309537 234 88 12
-0.24048187 0.045356724 -0.073726895 234 88 12
-0.24002075 0.042507285 -0.07314761 234 88 12
-0.2316831 0.010407709 -0.071462392 234 88 12
-0.23078211 0.0082636314 -0.071716151 234 88 12
-0.22755823 0.0014200308 -0.072435719 234 88 12
-0.22496391 -0.0033921273 -0.072999992 234 88 12
-0.21907901 -0.012480892 -0.074146794 234 88 12
-0.21741963 -0.014916492 -0.074403648 234 88 12
-0.18052568 -0.070820455 -0.073037268 234 88 12
-0.17681908 -0.077003727 -0.071920689 234 88 12
-0.1731126 -0.083176983 -0.070596571 234 88 12
-0.15900412 -0.10928171 -0.064288121 234 88 12
-0.15735029 -0.11253705 -0.063551409 234 88 12
-0.15583223 -0.11585487 -0.062844898 234 88 12
-0.15440059 -0.11901836 -0.062250906 234 88 12
-0.13931999 -0.14621274 -0.056768464 234 88 12
-0.098254889 -0.16546656 -0.054786522 234 88 12
-0.080504096 -0.17648634 -0.055983556 234 88 12
-0.060133373 -0.18992832 -0.056749976 234 88 12
-0.0544995 -0.19333453 -0.056556102 234 88 12
-0.04886448 -0.19659662 -0.056303682 234 88 12
-0.04010023 -0.20070369 -0.055705026 234 88 12
-0.034197199 -0.20359362 -0.055100444 234 88 12
-0.018157115 -0.21044133 -0.053278858 234 88 12
0.032424841 -0.24222908 -0.040844369 234 88 12
0.042255673 -0.2487212 -0.038395011 234 88 12
0.082790307 -0.25148287 -0.035697119 234 88 12
0.086832312 -0.25110921 -0.035679003 234 88 12
-0.23984467 0.04802263 -0.078331729 234 88 12
-0.23366901 0.020099922 -0.074991124 234 88 12
-0.23127746 0.012867942 -0.075173385 234 88 12
-0.22638427 0.0016052961 -0.076196336 234 88 12
-0.21778128 -0.012040934 -0.077816123 234 88 12
-0.21446255 -0.016786852 -0.078402348 234 88 12
-0.21115023 -0.021305189 -0.079011028 234 88 12
-0.20764838 -0.026589217 -0.07935579 234 88 12
-0.20005625 -0.036762663 -0.080049065 234 88 12
-0.19423436 -0.045723427 -0.079820926 234 88 12
-0.18679748 -0.057683956 -0.078876443 234 88 12
-0.15804157 -0.10862941 -0.068528724 234 88 12
-0.15346028 -0.11848732 -0.066512824 234 88 12
-0.15215927 -0.12161637 -0.065978504 234 88 12
-0.13413468 -0.14898728 -0.060036079 234 88 12
-0.12696728 -0.15289477 -0.059262716 234 88 12
-0.10636814 -0.16121743 -0.058485526 234 88 12
-0.082240398 -0.17475242 -0.059508548 234 88 12
-0.074913373 -0.1800285 -0.059998341 234 88 12
0.011711101 -0.22503306 -0.050903995 234 88 12
0.075213602 -0.25175255 -0.039455581 234 88 12
-0.22824289 0.0086361948 -0.079402742 234 88 12
-0.22500723 0.0016773204 -0.079999695 234 88 12
-0.22250812 -0.0026518006 -0.080575448 234 88 12
-0.21471124 -0.013792261 -0.081863311 234 88 12
-0.19300275 -0.044941464 -0.083734578 234 88 12
-0.19111081 -0.048008468 -0.083541172 234 88 12
-0.18559391 -0.056893344 -0.082772569 234 88 12
-0.17266383 -0.078880216 -0.079423074 234 88 12
-0.10552788 -0.16052097 -0.062371499 234 88 12
-0.058754032 -0.18966557 -0.064253218 234 88 12
-0.035278858 -0.20160432 -0.062822918 234 88 12
-0.0025140763 -0.21590869 -0.05814705 234 88 12
0.0039355496 -0.21904787 -0.056712376 234 88 12
0.087823401 -0.25174433 -0.042851965 234 88 12
-0.23540299 0.036826593 -0.084732619 234 88 12
-0.23475915 0.033811498 -0.084242464 234 88 12
-0.23112443 0.020516675 -0.082934805 234 88 12
-0.22471809 0.004157873 -0.083623845 234 88 12
-0.21002824 -0.017929889 -0.086187633 234 88 12
-0.17322549 -0.075111177 -0.084022604 234 88 12
-0.17139146 -0.078196918 -0.083456946 234 88 12
-0.16956949 -0.081019954 -0.08289544 234 88 12
-0.16599062 -0.087134453 -0.081542549 234 88 12
-0.15931808 -0.10010394 -0.078760421 234 88 12
-0.15766176 -0.10350247 -0.077986913 234 88 12
-0.14871717 -0.12333771 -0.073871148 234 88 12
-0.13947659 -0.14000494 -0.070076561 234 88 12
-0.13386061 -0.14574048 -0.068746579 234 88 12
-0.10176283 -0.16115897 -0.066309247 234 88 12
-0.078314314 -0.17565806 -0.067257848 234 88 12
-0.049464783 -0.19401032 -0.067846015 234 88 12
-0.03436681 -0.20110378 -0.06654643 234 88 12
-0.025096936 -0.20500018 -0.065660671 234 88 12
-0.0013070138 -0.21530258 -0.061772173 234 88 12
0.045309555 -0.24455239 -0.049510476 234 88 12
0.06292244 -0.25061525 -0.046991653 234 88 12
0.069619179 -0.25138996 -0.046771353 234 88 12
0.084622387 -0.25207905 -0.046543323 234 88 12
-0.23570521 0.044717989 -0.090188815 234 88 12
-0.23054188 0.023212903 -0.087170632 234 88 12
-0.21354694 -0.0103005 -0.089315826 234 88 12
-0.19589683 -0.034967759 -0.091338696 234 88 12
-0.14888718 -0.11942475 -0.078735959 234 88 12
-0.14265996 -0.1330045 -0.075664035 234 88 12
-0.10090846 -0.16055633 -0.070263508 234 88 12
-0.092544301 -0.16518817 -0.070446606 234 88 12
-0.079940481 -0.17329214 -0.070906455 234 88 12
-0.077547509 -0.17509848 -0.071097355 234 88 12
-0.072776481 -0.17885958 -0.071353555 234 88 12
-0.04275903 -0.1963711 -0.071168033 234 88 12
-0.039696103 -0.19770604 -0.070920863 234 88 12
-0.030319414 -0.20190475 -0.06993663 234 88 12
0.016242691 -0.22231777 -0.061849014 234 88 12
0.049936747 -0.24529017 -0.052552389 234 88 12
0.055339031 -0.24771378 -0.05173123 234 88 12
0.089124452 -0.25233241 -0.05009662 234 88 12
-0.22736603 0.018569906 -0.090948148 234 88 12
-0.22564213 0.013956486 -0.090956315 234 88 12
-0.20525586 -0.01944022 -0.094022616 234 88 12
-0.20349909 -0.021925905 -0.094275864 234 88 12
-0.16712416 -0.079232999 -0.091154863 234 88 12
-0.1539121 -0.10512165 -0.085868855 234 88 12
-0.15075723 -0.11187225 -0.084499841 234 88 12
-0.13556897 -0.14020409 -0.0779145 234 88 12
-0.074494932 -0.17631654 -0.075030957 234 88 12
-0.0023589154 -0.2122973 -0.07002809 234 88 12
0.017743989 -0.22165255 -0.065526174 234 88 12
0.049115428 -0.24253479 -0.056783231 234 88 12
0.082591522 -0.25198196 -0.054055678 234 88 12
-0.23128679 0.036683333 -0.097266927 234 88 12
-0.22008386 0.0057788593 -0.095714501 234 88 12
-0.21882491 0.0034925554 -0.095780047 234 88 12
-0.20531208 -0.016767331 -0.09753777 234 88 12
-0.20195454 -0.021258145 -0.098148915 234 88 12
-0.18913494 -0.038851369 -0.099093424 234 88 12
-0.17652358 -0.059881352 -0.097874152 234 88 12
-0.17281107 -0.066242573 -0.097075042 234 88 12
-0.14427339 -0.12373721 -0.085817545 234 88 12
-0.11607494 -0.15154634 -0.079023331 234 88 12
-0.11046652 -0.15431921 -0.078388895 234 88 12
-0.071282156 -0.17767871 -0.078871614 234 88 12
-0.061319972 -0.18499017 -0.079070061 234 88 12
-0.0011658603 -0.21146814 -0.073747054 234 88 12
0.012590841 -0.21773408 -0.070703962 234 88 12
0.025779368 -0.22398671 -0.06753652 234 88 12
0.041642352 -0.23434837 -0.063085144 234 88 12
0.073576832 -0.25027246 -0.058080799 234 88 12
0.090642727 -0.25247811 -0.057766632 234 88 12
-0.21710671 0.0041408924 -0.099860436 234 88 12
-0.2069699 -0.011558061 -0.1010734 234 88 12
-0.16458536 -0.077433988 -0.099217453 234 88 12
-0.14860545 -0.11003095 -0.092828765 234 88 12
-0.1408493 -0.1281348 -0.088747929 234 88 12
-0.13342935 -0.13856397 -0.086248048 234 88 12
-0.077760641 -0.17162404 -0.082259865 234 88 12
-0.063053692 -0.18271016 -0.082674724 234 88 12
-0.023726943 -0.20138658 -0.080900756 234 88 12
0.0036044408 -0.21205001 -0.076776924 234 88 12
0.014043306 -0.21694355 -0.074316806 234 88 12
0.048086074 -0.23742017 -0.065314467 234 88 12
0.075104806 -0.24993085 -0.061905893 234 88 12
-0.22951229 0.041977566 -0.10684278 234 88 12
-0.22590864 0.028800192 -0.1046056 234 88 12
-0.21883602 0.011081756 -0.10370742 234 88 12
-0.2126062 0.00027755946 -0.10422164 234 88 12
-0.20685887 -0.008862097 -0.10482551 234 88 12
-0.19309544 -0.027172417 -0.10642426 234 88 12
-0.16657825 -0.070553129 -0.10409756 234 88 12
-0.15380821 -0.095767297 -0.099501843 234 88 12
-0.1522575 -0.099067378 -0.098890511 234 88 12
-0.14752821 -0.10916139 -0.096902723 234 88 12
-0.14101348 -0.12440353 -0.093565807 234 88 12
-0.13982323 -0.12705264 -0.092901703 234 88 12
-0.13853473 -0.12928771 -0.092357692 234 88 12
-0.13037134 -0.1396274 -0.089890704 234 88 12
-0.10840765 -0.15297475 -0.086368122 234 88 12
-0.08931055 -0.16272188 -0.085704907 234 88 12
-0.072119796 -0.17477862 -0.086095717 234 88 12
-0.051324889 -0.18849847 -0.086465797 234 88 12
-0.048312403 -0.18992595 -0.086375107 234 88 12
-0.045324665 -0.1911972 -0.086297134 234 88 12
-0.025821692 -0.19937394 -0.084887833 234 88 12
-0.022476925 -0.20061663 -0.084574853 234 88 12
-0.019132893 -0.20202438 -0.084153625 234 88 12
0.057223105 -0.24141273 -0.067549242 234 88 12
0.092609723 -0.25226353 -0.065719634 234 88 12
-0.23079494 0.052621121 -0.11367989 234 88 12
-0.23007542 0.05000731 -0.11298877 234 88 12
-0.22723877 0.039236272 -0.11065196 234 88 12
-0.2225624 0.02409241 -0.1082816 234 88 12
-0.20201196 -0.012497224 -0.10938246 234 88 12
-0.18433118 -0.036627144 -0.11044992 234 88 12
-0.17903951 -0.045286292 -0.11007873 234 88 12
-0.1573504 -0.085010891 -0.10542425 234 88 12
-0.14648169 -0.1081816 -0.1010436 234 88 12
-0.14252892 -0.11771271 -0.09911725 234 88 12
-0.13283984 -0.13478326 -0.09506227 234 88 12
-0.12731354 -0.14038769 -0.093596161 234 88 12
-0.083358111 -0.16510535 -0.089639976 234 88 12
-0.076052844 -0.17037733 -0.089721898 234 88 12
-0.066428604 -0.17796229 -0.089896253 234 88 12
-0.017908919 -0.20123129 -0.08783727 234 88 12
-0.0077863469 -0.20500417 -0.086596276 234 88 12
-0.00077862576 -0.20744991 -0.085549017 234 88 12
0.0097401106 -0.21177826 -0.083387878 234 88 12
0.059002093 -0.24044142 -0.071502758 234 88 12
0.072291158 -0.24705444 -0.070061613 234 88 12
0.0813409 -0.24988347 -0.069648116 234 88 12
-0.22857615 0.049696439 -0.11738061 234 88 12
-0.22709417 0.044515994 -0.11616201 234 88 12
-0.22490921 0.036683076 -0.11457777 234 88 12
-0.2225837 0.029207608 -0.11337997 234 88 12
-0.22175911 0.026810298 -0.11308801 234 88 12
-0.21717295 0.015987577 -0.11228646 234 88 12
-0.21275611 0.008174722 -0.11247458 234 88 12
-0.19509441 -0.01858789 -0.1139297 234 88 12
-0.16733684 -0.062090413 -0.11267736 234 88 12
-0.15925027 -0.077823063 -0.11051214 234 88 12
-0.14687656 -0.10394057 -0.10572319 234 88 12
-0.14145259 -0.11686682 -0.10318123 234 88 12
-0.13491342 -0.12966453 -0.10028723 234 88 12
-0.1240037 -0.14101883 -0.097373166 234 88 12
-0.12173722 -0.14274006 -0.096921975 234 88 12
-0.10906906 -0.14990027 -0.09486755 234 88 12
-0.10638514 -0.15128243 -0.094553224 234 88 12
-0.090186731 -0.15954945 -0.093436664 234 88 12
-0.07761325 -0.16793575 -0.093474915 234 88 12
-0.055104956 -0.18416455 -0.093822457 234 88 12
-0.036978959 -0.19247802 -0.093374595 234 88 12
-0.033724881 -0.1936589 -0.093221941 234 88 12
-0.023532687 -0.19769747 -0.092362406 234 88 12
0.025110362 -0.2170806 -0.083938279 234 88 12
0.060694583 -0.23948418 -0.075499222 234 88 12
0.071082855 -0.24528457 -0.074253997 234 88 12
0.082674292 -0.24930826 -0.073777939 234 88 12
0.091718472 -0.251426 -0.073831615 234 88 12
-0.22795605 0.052158757 -0.1224663 234 88 12
-0.22714516 0.049672682 -0.12185798 234 88 12
-0.20147831 -0.006362442 -0.11744397 234 88 12
-0.19840978 -0.011054289 -0.11758592 234 88 12
-0.19161357 -0.020024436 -0.11817322 234 88 12
-0.18617363 -0.027223239 -0.1182827 234 88 12
-0.17423072 -0.046176433 -0.11758776 234 88 12
-0.17083192 -0.051916741 -0.117276 234 88 12
-0.14429641 -0.10617898 -0.10921645 234 88 12
-0.13229055 -0.130883 -0.104012 234 88 12
-0.12703622 -0.13672957 -0.10247367 234 88 12
-0.11066699 -0.14756912 -0.099382857 234 88 12
-0.086729376 -0.16048131 -0.097258671 234 88 12
-0.071887118 -0.17114231 -0.097200255 234 88 12
-0.067039069 -0.17496986 -0.097273477 234 88 12
-0.062148802 -0.17855811 -0.097387805 234 88 12
-0.022280082 -0.19701226 -0.09599252 234 88 12
-0.015410492 -0.19949301 -0.095201923 234 88 12
0.012450332 -0.21018455 -0.090815545 234 88 12
0.029771585 -0.21771822 -0.086791816 234 88 12
0.055087907 -0.23363508 -0.080698535 234 88 12
0.072624691 -0.24444671 -0.078338137 234 88 12
0.083951215 -0.24878639 -0.077919988 234 88 12
0.089964839 -0.25047673 -0.078021279 234 88 12
-0.22149499 0.037073658 -0.12353279 234 88 12
-0.21894479 0.02980387 -0.12236414 234 88 12
-0.19951614 -0.0057973583 -0.12170627 234 88 12
-0.1898276 -0.019063953 -0.12230877 234 88 12
-0.17916643 -0.034244663 -0.12202776 234 88 12
-0.14321179 -0.10505095 -0.11327917 234 88 12
-0.11950818 -0.14084974 -0.10510175 234 88 12
-0.10696249 -0.14770552 -0.1030657 234 88 12
-0.10168808 -0.15054729 -0.10242195 234 88 12
-0.091039837 -0.15675542 -0.1012233 234 88 12
-0.075965957 -0.16660464 -0.10104056 234 88 12
-0.07355413 -0.16840659 -0.10099403 234 88 12
-0.050301154 -0.18408704 -0.10112167 234 88 12
-0.044372357 -0.18705669 -0.10094764 234 88 12
-0.0070925175 -0.20145431 -0.097990528 234 88 12
0.010280326 -0.20795187 -0.095306369 234 88 12
0.074146651 -0.24355973 -0.082576645 234 88 12
0.076773889 -0.24486822 -0.082356168 234 88 12
0.094117833 -0.25082628 -0.08241144 234 88 12
-0.18961885 -0.016190871 -0.12617703 234 88 12
-0.18261746 -0.02531401 -0.12627179 234 88 12
-0.17912228 -0.030600195 -0.1260558 234 88 12
-0.174064 -0.038563576 -0.12569203 234 88 12
-0.15379933 -0.077885314 -0.12205144 234 88 12
-0.12665699 -0.13297919 -0.11125824 234 88 12
-0.11612748 -0.1410996 -0.10875743 234 88 12
-0.105824 -0.14684562 -0.10699662 234 88 12
-0.057669592 -0.17894491 -0.10464738 234 88 12
-0.052162089 -0.18201902 -0.1046719 234 88 12
-0.016019342 -0.19700595 -0.10266862 234 88 12
0.065450822 -0.23668025 -0.087684739 234 88 12
0.067996066 -0.2383653 -0.087353055 234 88 12
0.070478887 -0.23973109 -0.087260809 234 88 12
0.086546809 -0.24765588 -0.086395863 234 88 12
0.089405953 -0.24878918 -0.086415169 234 88 12
-0.22055406 0.04474205 -0.13415327 234 88 12
-0.21967517 0.042324633 -0.1335072 234 88 12
-0.21878353 0.039883342 -0.13302878 234 88 12
-0.19382099 -0.0067540385 -0.13018144 234 88 12
-0.16313961 -0.054425078 -0.12865279 234 88 12
-0.16165295 -0.057490006 -0.12828849 234 88 12
-0.13581614 -0.11490761 -0.11926093 234 88 12
-0.11731821 -0.1387646 -0.11327809 234 88 12
-0.11247013 -0.14173882 -0.11228346 234 88 12
-0.10214622 -0.147466 -0.11056039 234 88 12
-0.086648074 -0.15681932 -0.10872568 234 88 12
-0.069317946 -0.16907023 -0.10825168 234 88 12
-0.048182898 -0.18276547 -0.10815374 234 88 12
-0.04209028 -0.18574817 -0.10796893 234 88 12
-0.038913926 -0.18721415 -0.10780911 234 88 12
-0.021747106 -0.19378213 -0.10675655 234 88 12
-0.014629419 -0.19635191 -0.10607746 234 88 12
0.013120821 -0.20672015 -0.10244362 234 88 12
0.020098734 -0.20954753 -0.1010061 234 88 12
0.03393028 -0.2157138 -0.097843978 234 88 12
0.067054804 -0.23583216 -0.091791586 234 88 12
0.087759212 -0.24681047 -0.090733465 234 88 12
-0.21300857 0.031035566 -0.1360306 234 88 12
-0.20757525 0.020686481 -0.13491155 234 88 12
-0.1932599 -0.0034886443 -0.13455229 234 88 12
-0.17543874 -0.028555745 -0.13407164 234 88 12
-0.17222474 -0.033768646 -0.13375147 234 88 12
-0.17056619 -0.036477384 -0.1335604 234 88 12
-0.1659139 -0.044731817 -0.13316602 234 88 12
-0.16305748 -0.05020284 -0.1328177 234 88 12
-0.10104663 -0.14666838 -0.1145144 234 88 12
-0.098490655 -0.14807625 -0.11416939 234 88 12
-0.095900216 -0.14959261 -0.11385385 234 88 12
-0.090824938 -0.15295811 -0.11309198 234 88 12
-0.088318119 -0.15447708 -0.11279903 234 88 12
-0.075716732 -0.16297867 -0.11202205 234 88 12
-0.073324364 -0.16472136 -0.11198578 234 88 12
-0.070812981 -0.16658453 -0.11191405 234 88 12
-0.037781333 -0.18660542 -0.11121786 234 88 12
0.0076744397 -0.20337582 -0.10699938 234 88 12
-0.18526192 -0.01151885 -0.1385276 234 88 12
-0.18204065 -0.015789533 -0.13841902 234 88 12
-0.15723988 -0.058157519 -0.13587942 234 88 12
-0.1527553 -0.067691317 -0.13486078 234 88 12
-0.15122046 -0.070934123 -0.134425 234 88 12
-0.14266665 -0.090455252 -0.13141149 234 88 12
-0.13347461 -0.11244068 -0.1275039 234 88 12
-0.13090692 -0.11803708 -0.12645503 234 88 12
-0.094882056 -0.14876502 -0.11768895 234 88 12
-0.072474417 -0.16386178 -0.11576033 234 88 12
-0.051846199 -0.17851423 -0.11526287 234 88 12
-0.015368751 -0.19377717 -0.11315776 234 88 12
0.0090140392 -0.20246739 -0.11053619 234 88 12
0.019297291 -0.20667293 -0.10878574 234 88 12
-0.20871083 0.032093107 -0.14529897 234 88 12
-0.18477805 -0.0081757243 -0.14290638 234 88 12
-0.16865532 -0.031605731 -0.14162649 234 88 12
-0.15841583 -0.050720942 -0.14040447 234 88 12
-0.1498086 -0.069578244 -0.13835019 234 88 12
-0.14836033 -0.072786476 -0.13790725 234 88 12
-0.14699628 -0.076028934 -0.13740186 234 88 12
-0.14558391 -0.079237585 -0.13694548 234 88 12
-0.10405084 -0.14188156 -0.12336701 234 88 12
-0.098915663 -0.14496631 -0.12240811 234 88 12
-0.083955266 -0.15461905 -0.120244 234 88 12
-0.058806595 -0.17249981 -0.1190012 234 88 12
-0.056179489 -0.17431313 -0.11894091 234 88 12
-0.047886245 -0.17947899 -0.11860276 234 88 12
-0.19035663 0.0058027366 -0.14789382 234 88 12
-0.18122117 -0.0094384413 -0.146965 234 88 12
-0.16214917 -0.038682827 -0.14499724 234 88 12
-0.15929959 -0.04398897 -0.14474356 234 88 12
-0.15795493 -0.046778114 -0.14454418 234 88 12
-0.14567067 -0.074505075 -0.14137441 234 88 12
-0.14427717 -0.077739471 -0.14092999 234 88 12
-0.13112162 -0.10969599 -0.1358256 234 88 12
-0.11287239 -0.13427556 -0.1298851 234 88 12
-0.11051919 -0.13590665 -0.12929548 234 88 12
-0.10041564 -0.14247136 -0.12686354 234 88 12
-0.057817832 -0.17173043 -0.12253872 234 88 12
-0.037604273 -0.18312571 -0.12166108 234 88 12
-0.020091789 -0.19007794 -0.12033593 234 88 12
-0.012880269 -0.19229304 -0.11993955 234 88 12
0.0013459347 -0.19761071 -0.11848689 234 88 12
0.011695501 -0.20103465 -0.11732477 234 88 12
0.015109539 -0.20223623 -0.11687362 234 88 12
0.029037905 -0.20859936 -0.11446534 234 88 12
-0.18464382 1.8864573e-05 -0.15164595 234 88 12
-0.148431 -0.064056548 -0.14641231 234 88 12
-0.14429708 -0.073167519 -0.14522206 234 88 12
-0.14031135 -0.08256787 -0.14407087 234 88 12
-0.13247836 -0.10223406 -0.1410101 234 88 12
-0.12010138 -0.12516169 -0.13640629 234 88 12
-0.11624753 -0.12923169 -0.13526663 234 88 12
-0.10705435 -0.13638182 -0.13286072 234 88 12
-0.069963303 -0.16184931 -0.1268537 234 88 12
-0.033135418 -0.18372454 -0.12496379 234 88 12
-0.022559898 -0.18810181 -0.12406538 234 88 12
0.033677014 -0.20947469 -0.1175772 234 88 12
-0.20079412 0.031907302 -0.15896886 234 88 12
-0.18131457 -0.001183165 -0.15575944 234 88 12
-0.1786445 -0.0052771675 -0.15548644 234 88 12
-0.17259443 -0.01402505 -0.15498241 234 88 12
-0.17102687 -0.016166337 -0.15484699 234 88 12
-0.15601447 -0.041584662 -0.15242433 234 88 12
-0.13655189 -0.087519609 -0.14724979 234 88 12
-0.13265812 -0.097478389 -0.14567935 234 88 12
-0.1313865 -0.10046875 -0.14519033 234 88 12
-0.12774862 -0.10950054 -0.14352743 234 88 12
-0.091100493 -0.14571029 -0.13332422 234 88 12
-0.081503649 -0.15190641 -0.13206558 234 88 12
-0.076542078 -0.15556007 -0.1314588 234 88 12
-0.069091432 -0.16118404 -0.1306378 234 88 12
-0.035232111 -0.18210693 -0.12848047 234 88 12
-0.028496642 -0.18472266 -0.12809004 234 88 12
0.031411955 -0.20693236 -0.12184603 234 88 12
0.038158603 -0.20999627 -0.12085493 234 88 12
-0.19728922 0.030676757 -0.16327108 234 88 12
-0.16165675 -0.027103473 -0.157442 234 88 12
-0.14959137 -0.052181166 -0.15517324 234 88 12
-0.12412991 -0.11332814 -0.14661953 234 88 12
-0.12275895 -0.11585561 -0.14607668 234 88 12
-0.12120522 -0.11822985 -0.14558875 234 88 12
-0.10265346 -0.13605369 -0.14041489 234 88 12
-0.082971402 -0.1500534 -0.13611124 234 88 12
-0.078251194 -0.152985 -0.13560253 234 88 12
-0.070736892 -0.15879721 -0.13468059 234 88 12
-0.060377564 -0.16619741 -0.1336379 234 88 12
-0.040470362 -0.17856455 -0.13226767 234 88 12
-0.027388217 -0.18429326 -0.13152592 234 88 12
-0.20012781 0.038878723 -0.16945569 234 88 12
-0.17325865 -0.0059123397 -0.16369331 234 88 12
-0.16009792 -0.026027758 -0.1614338 234 88 12
-0.14709019 -0.054036125 -0.15862245 234 88 12
-0.14590534 -0.057079295 -0.15828293 234 88 12
-0.11296877 -0.1260945 -0.1474597 234 88 12
-0.10170861 -0.13502011 -0.14450885 234 88 12
-0.099258495 -0.13686279 -0.14376883 234 88 12
-0.086968353 -0.14601573 -0.14087688 234 88 12
-0.069872631 -0.15818844 -0.13848318 234 88 12
0.0098214537 -0.19618874 -0.13173139 234 88 12
0.023708823 -0.20153068 -0.13011829 234 88 12
-0.1447033 -0.05584932 -0.16215494 234 88 12
-0.14342562 -0.058923116 -0.16185782 234 88 12
-0.13290575 -0.083903255 -0.15885855 234 88 12
-0.1317239 -0.086915634 -0.1585129 234 88 12
-0.12721529 -0.099219035 -0.15676941 234 88 12
-0.11197861 -0.12491535 -0.15162895 234 88 12
-0.095942801 -0.13773079 -0.14726517 234 88 12
-0.086252224 -0.14520699 -0.14496778 234 88 12
-0.076553873 -0.15235968 -0.14323471 234 88 12
-0.058716678 -0.16517084 -0.14117797 234 88 12
-0.05314842 -0.16891368 -0.14064581 234 88 12
-0.028650892 -0.18223717 -0.13861987 234 88 12
0.0037318357 -0.19330257 -0.13597344 234 88 12
-0.1778861 0.01012167 -0.17390103 234 88 12
-0.16974583 -0.0040897776 -0.17232327 234 88 12
-0.16842463 -0.0060698314 -0.17210971 234 88 12
-0.16712113 -0.007903622 -0.17192682 234 88 12
-0.14469363 -0.051677003 -0.16636437 234 88 12
-0.12948914 -0.08883646 -0.16203449 234 88 12
-0.11105735 -0.12362221 -0.15578856 234 88 12
-0.099879078 -0.13299685 -0.15278854 234 88 12
-0.078204279 -0.15000951 -0.14750344 234 88 12
-0.057958525 -0.16480376 -0.14494178 234 88 12
-0.04673788 -0.1719022 -0.14382115 234 88 12
-0.040827765 -0.17511591 -0.14329806 234 88 12
-0.027719397 -0.18181999 -0.14214274 234 88 12
0.0083392057 -0.19383647 -0.13907564 234 88 12
-0.170383 0.0008101186 -0.17713789 234 88 12
-0.16921255 -0.0012133151 -0.17690482 234 88 12
-0.16149357 -0.013247273 -0.17531289 234 88 12
-0.16008377 -0.015582012 -0.17496229 234 88 12
-0.15738493 -0.020384754 -0.17413336 234 88 12
-0.14695929 -0.042109913 -0.17109307 234 88 12
-0.14359821 -0.050596988 -0.17021792 234 88 12
-0.13594657 -0.068972026 -0.16817558 234 88 12
-0.12853509 -0.087693878 -0.16596603 234 88 12
-0.12161293 -0.10504595 -0.16362899 234 88 12
-0.096727853 -0.13391298 -0.15625719 234 88 12
-0.084894494 -0.14352692 -0.15313629 234 88 12
-0.08250211 -0.14531335 -0.15259394 234 88 12
-0.08003789 -0.14728279 -0.15207434 234 88 12
-0.077575181 -0.14913884 -0.15158797 234 88 12
-0.039980343 -0.17476657 -0.14698511 234 88 12
-0.03352467 -0.17814788 -0.14636781 234 88 12
-0.023420822 -0.18276596 -0.14543757 234 88 12
-0.019940116 -0.18404558 -0.14521885 234 88 12
0.02007717 -0.19727001 -0.14154062 234 88 12
-0.17202954 0.0070751553 -0.18206079 234 88 12
-0.16636729 -0.0024086284 -0.18086353 234 88 12
-0.15606016 -0.01947489 -0.17817998 234 88 12
-0.15206763 -0.027167938 -0.17689152 234 88 12
-0.14367538 -0.046780713 -0.17434849 234 88 12
-0.13888526 -0.058686707 -0.17311089 234 88 12
-0.12211596 -0.10071394 -0.16822892 234 88 12
-0.10493841 -0.12531391 -0.16288451 234 88 12
-0.10274905 -0.12720986 -0.16235083 234 88 12
-0.093584555 -0.13497511 -0.15965217 234 88 12
-0.091167376 -0.1368701 -0.15900203 234 88 12
-0.081861691 -0.14449729 -0.15667246 234 88 12
-0.079428206 -0.14632011 -0.15614049 234 88 12
-0.074541854 -0.15030339 -0.15514251 234 88 12
-0.059253994 -0.16199692 -0.15287819 234 88 12
-0.048173117 -0.16945036 -0.15157167 234 88 12
0.0028414294 -0.19097275 -0.14675963 234 88 12
0.006465237 -0.19187025 -0.14646239 234 88 12
0.010223976 -0.19295639 -0.14608132 234 88 12
-0.17128545 0.0098278703 -0.18664175 234 88 12
-0.16581242 0.00047123831 -0.18545081 234 88 12
-0.16357802 -0.0035061879 -0.18479273 234 88 12
-0.14600683 -0.037333934 -0.17924538 234 88 12
-0.14376492 -0.043078776 -0.17854815 234 88 12
-0.13423944 -0.067086115 -0.17595508 234 88 12
-0.12918295 -0.079139858 -0.1745303 234 88 12
-0.12688156 -0.085132813 -0.17394303 234 88 12
-0.12242303 -0.096803465 -0.1725329 234 88 12
-0.11855188 -0.10488545 -0.17143338 234 88 12
-0.11207127 -0.1154939 -0.16914806 234 88 12
-0.110287 -0.11758886 -0.16869621 234 88 12
-0.10193752 -0.12610869 -0.16640121 234 88 12
-0.099725987 -0.12818383 -0.1657521 234 88 12
-0.090526605 -0.13598233 -0.16306508 234 88 12
-0.088144745 -0.13804329 -0.1624044 234 88 12
-0.085808797 -0.1401439 -0.16173175 234 88 12
-0.0445475 -0.17100585 -0.15482939 234 88 12
-0.0037916685 -0.18874536 -0.15086915 234 88 12
-0.16729983 0.0067299371 -0.19045341 234 88 12
-0.15595818 -0.013307133 -0.18691113 234 88 12
-0.15350802 -0.017820669 -0.18605394 234 88 12
-0.14855167 -0.028170873 -0.18427314 234 88 12
-0.1345582 -0.063348059 -0.18005162 234 88 12
-0.12153411 -0.095687284 -0.17647305 234 88 12
-0.10109636 -0.12519515 -0.17044702 234 88 12
-0.098914409 -0.12733039 -0.16975789 234 88 12
-0.094405954 -0.13164351 -0.16831138 234 88 12
-0.078209904 -0.14528314 -0.16397296 234 88 12
-0.052444505 -0.16531441 -0.15961633 234 88 12
-0.049650665 -0.16717863 -0.15922894 234 88 12
-0.034560538 -0.17558371 -0.15757416 234 88 12
-0.010495063 -0.18587904 -0.15513358 234 88 12
-0.0030378595 -0.18831073 -0.15436809 234 88 12
0.00064680318 -0.18942823 -0.15399853 234 88 12
0.0043425371 -0.19035926 -0.15370089 234 88 12
-0.15799345 -0.0060377949 -0.19223942 234 88 12
-0.15227326 -0.016985214 -0.18993724 234 88 12
-0.15106655 -0.019506408 -0.18950199 234 88 12
-0.14296519 -0.038594517 -0.18652258 234 88 12
-0.14074726 -0.044345124 -0.18582184 234 88 12
-0.13494461 -0.059472574 -0.18425289 234 88 12
-0.13372409 -0.062545992 -0.18387299 234 88 12
-0.12195143 -0.091482138 -0.18077697 234 88 12
-0.12075194 -0.094425345 -0.18042733 234 88 12
-0.11527467 -0.10478327 -0.17902154 234 88 12
-0.11367442 -0.10753241 -0.17844289 234 88 12
-0.11025315 -0.11255619 -0.17735721 234 88 12
-0.10840725 -0.11507607 -0.17673911 234 88 12
-0.075200438 -0.1469007 -0.16727995 234 88 12
-0.070309394 -0.1507539 -0.16636527 234 88 12
-0.06016213 -0.15893583 -0.1644607 234 88 12
-0.04328075 -0.17036382 -0.16225683 234 88 12
-0.030643708 -0.17704511 -0.16087727 234 88 12
-0.15643038 -0.0053795333 -0.19625898 234 88 12
-0.1474052 -0.024116368 -0.19238675 234 88 12
-0.1462965 -0.026787551 -0.19194555 234 88 12
-0.13307507 -0.061563331 -0.18780064 234 88 12
-0.12824342 -0.073077802 -0.18662545 234 88 12
-0.12466877 -0.082026528 -0.1856679 234 88 12
-0.11870915 -0.095963799 -0.18405612 234 88 12
-0.11441493 -0.10346945 -0.18300496 234 88 12
-0.1111358 -0.10875143 -0.18192766 234 88 12
-0.10942424 -0.11118151 -0.18141046 234 88 12
-0.097348138 -0.12518084 -0.1778134 234 88 12
-0.093051266 -0.12990871 -0.17625964 234 88 12
-0.090844706 -0.13226494 -0.17553397 234 88 12
-0.057003328 -0.16056611 -0.16784208 234 88 12
-0.054280061 -0.1625375 -0.16746577 234 88 12
0.024591144 -0.19620065 -0.15853407 234 88 12
-0.13119492 -0.063435833 -0.19140176 234 88 12
-0.12159362 -0.086966746 -0.18889773 234 88 12
-0.11799179 -0.094814446 -0.18804586 234 88 12
-0.11205876 -0.10498367 -0.18643917 234 88 12
-0.11034992 -0.10761205 -0.18588744 234 88 12
-0.096694939 -0.12406274 -0.18183175 234 88 12
-0.085847953 -0.13556368 -0.17821515 234 88 12
-0.079059213 -0.14146821 -0.17642986 234 88 12
-0.059170687 -0.15828753 -0.17204079 234 88 12
-0.045309859 -0.1681728 -0.1698853 234 88 12
-0.03916255 -0.17188441 -0.16906427 234 88 12
-0.036012479 -0.17372293 -0.1686629 234 88 12
0.002750415 -0.18922041 -0.16421506 234 88 12
-0.13941038 -0.039367685 -0.19777941 234 88 12
-0.13541032 -0.05077881 -0.19660221 234 88 12
-0.13189726 -0.059624964 -0.19556548 234 88 12
-0.12704238 -0.071238059 -0.19447754 234 88 12
-0.12100158 -0.08587886 -0.19291057 234 88 12
-0.11595431 -0.096201295 -0.19167701 234 88 12
-0.10609991 -0.11146364 -0.18882175 234 88 12
-0.053483873 -0.16184865 -0.17494296 234 88 12
-0.041730813 -0.1701133 -0.17300194 234 88 12
-0.028974211 -0.17694417 -0.17150457 234 88 12
-0.015093617 -0.18296031 -0.16986034 234 88 12
-0.11806408 -0.090307493 -0.19624842 234 88 12
-0.082660464 -0.13634393 -0.18544789 234 88 12
-0.075800291 -0.14244935 -0.18367461 234 88 12
-0.060993737 -0.15525653 -0.18036418 234 88 12
-0.05024705 -0.16382569 -0.17812963 234 88 12
-0.038157745 -0.1719376 -0.17622527 234 88 12
-0.12010976 -0.083807774 -0.20088178 234 88 12
-0.11341273 -0.097153496 -0.19897476 234 88 12
-0.11184382 -0.099717778 -0.19852625 234 88 12
-0.084446468 -0.1337151 -0.18999247 234 88 12
-0.063164862 -0.15287041 -0.18475342 234 88 12
-0.060553872 -0.15511161 -0.18410008 234 88 12
-0.058014042 -0.15718637 -0.18356041 234 88 12
0.00063134496 -0.18774714 -0.17513701 234 88 12
0.015505508 -0.1922035 -0.17335825 234 88 12
-0.13563495 -0.043291786 -0.20858277 234 88 12
-0.12581108 -0.069148696 -0.20606265 234 88 12
-0.11969437 -0.083165167 -0.20471098 234 88 12
-0.10797476 -0.10433989 -0.20134142 234 88 12
-0.034058718 -0.17335031 -0.18309027 234 88 12
-0.13682927 -0.037289092 -0.21298068 234 88 12
-0.13518863 -0.042807214 -0.21235917 234 88 12
-0.13118171 -0.054146708 -0.21122908 234 88 12
-0.12784026 -0.062866845 -0.21035906 234 88 12
-0.12304248 -0.074150703 -0.20944351 234 88 12
-0.10382698 -0.10870083 -0.20419758 234 88 12
-0.1000408 -0.11356819 -0.20310901 234 88 12
-0.083528439 -0.13294722 -0.1978094 234 88 12
-0.079001445 -0.13741266 -0.19649272 234 88 12
-0.048822496 -0.16370447 -0.18922186 234 88 12
-0.045860039 -0.16594146 -0.18862426 234 88 12
-0.030302369 -0.174983 -0.18623087 234 88 12
-0.023633583 -0.17837957 -0.18527163 234 88 12
-0.0060809617 -0.18524976 -0.18289976 234 88 12
0.0013836076 -0.18786399 -0.18194621 234 88 12
0.016340364 -0.19232206 -0.18000644 234 88 12
0.027623061 -0.19548593 -0.17875843 234 88 12
-0.12864047 -0.059601693 -0.21441625 234 88 12
-0.12518002 -0.068117439 -0.21369717 234 88 12
-0.097694508 -0.11525283 -0.20640399 234 88 12
-0.095758413 -0.11765195 -0.20582575 234 88 12
-0.093756443 -0.12016471 -0.2051579 234 88 12
-0.087566792 -0.12754138 -0.20315483 234 88 12
-0.029850197 -0.17504065 -0.18974634 234 88 12
0.0016635315 -0.18791034 -0.18531264 234 88 12
0.0054540324 -0.18919581 -0.18478281 234 88 12
-0.13597501 -0.036421452 -0.22055657 234 88 12
-0.13431913 -0.041984225 -0.21999155 234 88 12
-0.12950871 -0.056323075 -0.21847562 234 88 12
-0.12730036 -0.061950591 -0.2179854 234 88 12
-0.12618308 -0.064736876 -0.21777541 234 88 12
-0.12114112 -0.075863122 -0.21672094 234 88 12
-0.11989612 -0.078569585 -0.21641612 234 88 12
-0.085025146 -0.12932234 -0.20648632 234 88 12
-0.082782108 -0.13152232 -0.20587783 234 88 12
-0.053572942 -0.15938608 -0.19782781 234 88 12
-0.032729086 -0.17342434 -0.19381325 234 88 12
0.005710509 -0.18922397 -0.18813645 234 88 12
0.0094714338 -0.19026922 -0.18762612 234 88 12
-0.13566379 -0.036205161 -0.22428587 234 88 12
-0.13231145 -0.047421819 -0.22319974 234 88 12
-0.12819141 -0.058905455 -0.22192167 234 88 12
-0.10612611 -0.10170502 -0.21673016 234 88 12
-0.096918215 -0.11398085 -0.2141143 234 88 12
-0.08674962 -0.12650859 -0.21097766 234 88 12
-0.07054464 -0.14312761 -0.20606561 234 88 12
-0.05317016 -0.15937462 -0.20153018 234 88 12
-0.050396904 -0.16163277 -0.20086827 234 88 12
-0.038679947 -0.16978601 -0.19856841 234 88 12
-0.035486824 -0.17172642 -0.1979777 234 88 12
0.0097130326 -0.1905312 -0.19097942 234 88 12
-0.12807965 -0.058523059 -0.22568098 234 88 12
-0.12340315 -0.069149896 -0.22481872 234 88 12
-0.11957694 -0.077209876 -0.22413004 234 88 12
-0.10575413 -0.10117834 -0.22062247 234 88 12
-0.092586192 -0.11844967 -0.21676194 234 88 12
-0.086228534 -0.12606246 -0.21487372 234 88 12
-0.079459875 -0.13323907 -0.21282856 234 88 12
-0.065395686 -0.14744543 -0.20866894 234 88 12
-0.062985181 -0.1497622 -0.20802659 234 88 12
-0.058031636 -0.15462499 -0.20662337 234 88 12
-0.05543571 -0.15703871 -0.20588938 234 88 12
-0.047228664 -0.16358363 -0.20407938 234 88 12
-0.035134408 -0.17180591 -0.20160821 234 88 12
-0.028668007 -0.17536295 -0.20056613 234 88 12
-0.022276035 -0.17858705 -0.1995612 234 88 12
-0.0084286746 -0.18434315 -0.19730436 234 88 12
0.0098735407 -0.19045092 -0.19445763 234 88 12
-0.13434628 -0.038620589 -0.23154664 234 88 12
-0.12907304 -0.055217714 -0.22967428 234 88 12
-0.11936242 -0.076765181 -0.22781384 234 88 12
-0.096093584 -0.11296975 -0.22168788 234 88 12
-0.054946556 -0.1569017 -0.20956023 234 88 12
-0.004608193 -0.18555322 -0.20028905 234 88 12
0.021354073 -0.1934194 -0.19634258 234 88 12
-0.1192445 -0.076328496 -0.2315275 234 88 12
-0.11495663 -0.084674661 -0.230608 234 88 12
-0.11341792 -0.087256211 -0.23030041 234 88 12
-0.10858052 -0.094952384 -0.22925029 234 88 12
-0.10496202 -0.10004863 -0.22823207 234 88 12
-0.099300609 -0.10780272 -0.22651595 234 88 12
-0.0760713 -0.13524125 -0.21967693 234 88 12
0.014077677 -0.19160523 -0.20069529 234 88 12
-0.13355748 -0.040867124 -0.23869217 234 88 12
-0.12914631 -0.054623856 -0.2371398 234 88 12
-0.12701458 -0.060035758 -0.23666828 234 88 12
-0.12461035 -0.065289533 -0.23620953 234 88 12
-0.11910031 -0.07605038 -0.23515496 234 88 12
-0.11155487 -0.089380783 -0.23365068 234 88 12
-0.093192514 -0.11465188 -0.22864744 234 88 12
-0.089044638 -0.11967678 -0.22743618 234 88 12
-0.082456354 -0.12724417 -0.22560037 234 88 12
-0.070955182 -0.13963945 -0.22202447 234 88 12
-0.061368366 -0.14932215 -0.21908864 234 88 12
-0.058921542 -0.15173306 -0.21840482 234 88 12
-0.011073517 -0.18290707 -0.20842066 234 88 12
0.0031190183 -0.18802741 -0.2058986 234 88 12
0.0067395234 -0.18905909 -0.20535644 234 88 12
0.021699914 -0.19344106 -0.20316355 234 88 12
-0.1281327 -0.057127699 -0.2406002 234 88 12
-0.11607533 -0.081029097 -0.23824691 234 88 12
-0.11456216 -0.083655114 -0.23795064 234 88 12
-0.088471189 -0.11939513 -0.23111691 234 88 12
-0.070379942 -0.13937019 -0.22574251 234 88 12
-0.055931248 -0.15402217 -0.22144268 234 88 12
0.0068851779 -0.18903088 -0.20881612 234 88 12
0.02185055 -0.19342703 -0.20658693 234 88 12
-0.13442804 -0.03770559 -0.24640193 234 88 12
-0.13227651 -0.045712465 -0.24564675 234 88 12
-0.12463604 -0.064535285 -0.24357232 234 88 12
-0.12332032 -0.067094117 -0.24328837 234 88 12
-0.11600582 -0.080524872 -0.24191353 234 88 12
-0.11281119 -0.085993519 -0.2411934 234 88 12
-0.098092874 -0.10665344 -0.23757468 234 88 12
-0.078954266 -0.12948878 -0.23223588 234 88 12
-0.057673243 -0.15137281 -0.22583819 234 88 12
-0.047542426 -0.16093914 -0.22295886 234 88 12
-0.044834687 -0.16313138 -0.2222816 234 88 12
-0.023687718 -0.17737383 -0.21757017 234 88 12
-0.020523353 -0.17898388 -0.21697453 234 88 12
0.018178455 -0.19245421 -0.21051805 234 88 12
-0.13400202 -0.040236888 -0.24984335 234 88 12
-0.13321635 -0.042951394 -0.24959977 234 88 12
-0.130499 -0.050744569 -0.24867953 234 88 12
-0.12598814 -0.061526677 -0.24749549 234 88 12
-0.12472809 -0.06410017 -0.24724071 234 88 12
-0.11594501 -0.080147027 -0.24550861 234 88 12
-0.11098772 -0.088120807 -0.24440959 234 88 12
-0.080619918 -0.1268151 -0.23638988 234 88 12
-0.044233451 -0.16323788 -0.22582431 234 88 12
-0.041485887 -0.1656618 -0.22508951 234 88 12
-0.029623971 -0.17382284 -0.22225631 234 88 12
-0.026584266 -0.17553897 -0.22165418 234 88 12
-0.020160807 -0.17883225 -0.22045138 234 88 12
0.025701407 -0.19472515 -0.21277754 234 88 12
-0.13548953 -0.034710069 -0.25400405 234 88 12
-0.13057779 -0.050536607 -0.25227825 234 88 12
-0.12195765 -0.069085215 -0.2502352 234 88 12
-0.11427145 -0.082474066 -0.24876467 234 88 12
-0.11261702 -0.08525182 -0.24829877 234 88 12
-0.10909455 -0.090517061 -0.24750192 234 88 12
-0.10335828 -0.098288304 -0.24632001 234 88 12
-0.066061854 -0.14132281 -0.23598968 234 88 12
-0.046313778 -0.16060714 -0.23015724 234 88 12
-0.016523758 -0.1804181 -0.22333172 234 88 12
-0.0064860803 -0.184264 -0.22154741 234 88 12
0.00037045785 -0.18669631 -0.22032127 234 88 12
0.011025241 -0.1900799 -0.21860458 234 88 12
-0.13500571 -0.037373389 -0.25730649 234 88 12
-0.090675772 -0.11349713 -0.24668442 234 88 12
-0.086343572 -0.11861803 -0.24545804 234 88 12
-0.0749804 -0.1314233 -0.24229128 234 88 12
-0.072654752 -0.13383322 -0.2417045 234 88 12
-0.019418446 -0.17865216 -0.22753499 234 88 12
-0.13510735 -0.03748231 -0.26082907 234 88 12
-0.13187312 -0.047764012 -0.25978987 234 88 12
-0.076761847 -0.12851209 -0.24657208 234 88 12
-0.066989195 -0.13889527 -0.24388703 234 88 12
-0.062180199 -0.14381609 -0.2424549 234 88 12
-0.052620101 -0.15358653 -0.23961823 234 88 12
-0.039673841 -0.16561578 -0.2357367 234 88 12
-0.036882909 -0.16796445 -0.23494248 234 88 12
-0.034067246 -0.17003523 -0.23417053 234 88 12
0.0044624861 -0.1881929 -0.22647726 234 88 12
0.022216889 -0.1938765 -0.22348844 234 88 12
-0.13449219 -0.040089843 -0.26405226 234 88 12
-0.1263042 -0.061239566 -0.261609 234 88 12
-0.12347147 -0.066380828 -0.26105348 234 88 12
-0.096278632 -0.10531816 -0.25540458 234 88 12
-0.063873404 -0.14144987 -0.24669822 234 88 12
-0.044516184 -0.16076332 -0.24079974 234 88 12
-0.027713216 -0.17410328 -0.23627383 234 88 12
-0.0019544241 -0.18593917 -0.23108696 234 88 12
-0.1289303 -0.056036631 -0.26573272 234 88 12
-0.1236355 -0.066289292 -0.26461948 234 88 12
-0.12218276 -0.06879031 -0.26435094 234 88 12
-0.11905309 -0.074142442 -0.26356543 234 88 12
-0.1123006 -0.08472913 -0.26215469 234 88 12
-0.082605231 -0.12076512 -0.25543302 234 88 12
-0.073188865 -0.1311827 -0.25286855 234 88 12
-0.068160882 -0.13637886 -0.25158851 234 88 12
-0.032986639 -0.17014328 -0.24126665 234 88 12
-0.13312789 -0.045363469 -0.27044684 234 88 12
-0.10839544 -0.08986177 -0.26482255 234 88 12
-0.10222128 -0.097233062 -0.26368345 234 88 12
-0.072618762 -0.13100421 -0.25650829 234 88 12
-0.070066858 -0.13377212 -0.25582181 234 88 12
-0.052829075 -0.15120969 -0.25101105 234 88 12
0.015698511 -0.19234641 -0.23459521 234 88 12
0.029639245 -0.19624015 -0.23239623 234 88 12
-0.11755157 -0.07699293 -0.27010139 234 88 12
-0.086276018 -0.11553369 -0.26371037 234 88 12
-0.081679576 -0.12088246 -0.26245932 234 88 12
-0.054621543 -0.14908418 -0.25527151 234 88 12
-0.034565536 -0.16815688 -0.24912263 234 88 12
-0.025886862 -0.17422187 -0.24695864 234 88 12
-0.013612607 -0.18087081 -0.24429574 234 88 12
-0.00083612379 -0.18672806 -0.2412069 234 88 12
-0.13148441 -0.050488775 -0.27666049 234 88 12
-0.10620787 -0.092530579 -0.27119309 234 88 12
-0.097470648 -0.10273436 -0.26950144 234 88 12
-0.092880478 -0.1078448 -0.26862477 234 88 12
-0.07164714 -0.13106268 -0.26371353 234 88 12
-0.036720648 -0.16576431 -0.25351704 234 88 12
-0.019293169 -0.17760818 -0.24929818 234 88 12
-0.016196798 -0.17917914 -0.2485932 234 88 12
-0.0068086695 -0.18372482 -0.24632147 234 88 12
0.012775288 -0.1915247 -0.2418875 234 88 12
-0.1040716 -0.095103555 -0.27413394 234 88 12
-0.097391939 -0.10280765 -0.27289164 234 88 12
-0.073688999 -0.12892472 -0.26765845 234 88 12
-0.05843889 -0.14400512 -0.26378317 234 88 12
-0.048617132 -0.15438396 -0.26084231 234 88 12
-0.038629582 -0.16376856 -0.25773894 234 88 12
-0.033293396 -0.16805151 -0.25624163 234 88 12
0.023457108 -0.19461713 -0.24349003 234 88 12
-0.10608195 -0.092718577 -0.27784935 234 88 12
-0.087904784 -0.11346144 -0.27442986 234 88 12
-0.075838472 -0.1266607 -0.27158574 234 88 12
-0.070779159 -0.13178344 -0.27045616 234 88 12
-0.052959249 -0.14922802 -0.26586804 234 88 12
0.013557114 -0.19162466 -0.2486443 234 88 12
0.016911589 -0.19256605 -0.24806116 234 88 12
-0.13138196 -0.050623764 -0.28690016 234 88 12
-0.085254466 -0.11639493 -0.27717886 234 88 12
-0.078045457 -0.12424217 -0.27555623 234 88 12
-0.075533787 -0.12680383 -0.27500044 234 88 12
-0.040021653 -0.16147358 -0.26550181 234 88 12
-0.03480849 -0.16597065 -0.26405678 234 88 12
0.0040929683 -0.18824409 -0.25417402 234 88 12
0.014017407 -0.19163818 -0.25197958 234 88 12
0.030611323 -0.19639926 -0.24920725 234 88 12
-0.13624046 -0.035169211 -0.29232764 234 88 12
-0.12781772 -0.058534014 -0.28923719 234 88 12
-0.08754529 -0.11396751 -0.28108162 234 88 12
-0.0045167953 -0.18434288 -0.2598657 234 88 12
0.0078459093 -0.18945526 -0.25679075 234 88 12
0.024270227 -0.19440225 -0.25365641 234 88 12
0.027639568 -0.19552725 -0.25302398 234 88 12
-0.13473189 -0.040302025 -0.29506313 234 88 12
-0.12501476 -0.063917136 -0.29183916 234 88 12
-0.1134479 -0.083018136 -0.28924761 234 88 12
-0.099193547 -0.10074444 -0.28662478 234 88 12
-0.019079888 -0.17639332 -0.26705851 234 88 12
-0.0069562266 -0.18292554 -0.26400407 234 88 12
-0.0039401613 -0.18445528 -0.26317193 234 88 12
0.031227811 -0.19657407 -0.25585895 234 88 12
-0.13610559 -0.035401395 -0.29893804 234 88 12
-0.12187931 -0.069517131 -0.29422733 234 88 12
-0.11688842 -0.077665849 -0.29320424 234 88 12
-0.11508737 -0.080304699 -0.29288446 234 88 12
-0.092140282 -0.10926243 -0.28859987 234 88 12
-0.064493479 -0.13796924 -0.28268652 234 88 12
-0.051164776 -0.15036672 -0.27928275 234 88 12
-0.041102943 -0.15954099 -0.27652653 234 88 12
-0.03584206 -0.16422479 -0.27497571 234 88 12
-0.021664062 -0.1746186 -0.27110298 234 88 12
-0.0093837201 -0.18132586 -0.26807825 234 88 12
-0.13526497 -0.038011848 -0.30185998 234 88 12
-0.12149043 -0.06980701 -0.29732721 234 88 12
-0.11996314 -0.072552984 -0.29698332 234 88 12
-0.082336409 -0.12033506 -0.29004199 234 88 12
-0.053392821 -0.14799517 -0.28334284 234 88 12
-0.0508167 -0.15045226 -0.2826477 234 88 12
-0.0057754147 -0.18307819 -0.27055019 234 88 12
0.003474258 -0.18735571 -0.26825889 234 88 12
0.0065482446 -0.18851447 -0.26760499 234 88 12
0.019264559 -0.1929438 -0.26475871 234 88 12
0.025736519 -0.19486422 -0.2635342 234 88 12
-0.13424149 -0.040824546 -0.304682 234 88 12
-0.12679463 -0.05927013 -0.30184348 234 88 12
-0.11958998 -0.072823798 -0.30006921 234 88 12
-0.084757184 -0.11823772 -0.29374685 234 88 12
-0.066565123 -0.13641721 -0.28987523 234 88 12
-0.06381753 -0.13896378 -0.28921034 234 88 12
-0.042853547 -0.15770352 -0.28394158 234 88 12
-0.037708787 -0.16211504 -0.28250998 234 88 12
-0.020731153 -0.17484259 -0.27772959 234 88 12
0.0071629373 -0.18856555 -0.27105703 234 88 12
0.013458489 -0.19093937 -0.26962731 234 88 12
-0.12356924 -0.064871992 -0.30428682 234 88 12
-0.11107195 -0.086492762 -0.30161598 234 88 12
-0.091896292 -0.1104953 -0.29836219 234 88 12
-0.089536178 -0.11321798 -0.29790112 234 88 12
-0.076965571 -0.12662458 -0.29546975 234 88 12
-0.045032681 -0.15544964 -0.28802844 234 88 12
-0.026173333 -0.17110588 -0.28270843 234 88 12
-0.020214081 -0.17486987 -0.28101396 234 88 12
-0.0076047625 -0.18165299 -0.27800135 234 88 12
-0.12597775 -0.059549965 -0.3081769 234 88 12
-0.11754968 -0.075956606 -0.30614864 234 88 12
-0.11598923 -0.078598368 -0.30587037 234 88 12
-0.11437143 -0.081317636 -0.30553059 234 88 12
-0.11270296 -0.084051421 -0.30521071 234 88 12
-0.1028666 -0.097786619 -0.30336212 234 88 12
-0.091694328 -0.11130753 -0.30142526 234 88 12
-0.084667643 -0.11898746 -0.30022125 234 88 12
-0.082117064 -0.12166604 -0.29977223 234 88 12
-0.044563145 -0.15575604 -0.29128788 234 88 12
-0.036833746 -0.16245995 -0.28917089 234 88 12
-0.03416035 -0.16465847 -0.28845703 234 88 12
-0.010161172 -0.17995825 -0.28216063 234 88 12
-0.0037358118 -0.18327903 -0.28056291 234 88 12
-0.12148825 -0.068058929 -0.31029044 234 88 12
-0.076900273 -0.12748681 -0.30205486 234 88 12
-0.049359256 -0.15152453 -0.29587673 234 88 12
-0.041543268 -0.15819224 -0.29394527 234 88 12
0.012549814 -0.18976291 -0.28056872 234 88 12
0.028215293 -0.1953782 -0.27708876 234 88 12
0.034348915 -0.19722603 -0.27605293 234 88 12
-0.11050305 -0.087814512 -0.3112125 234 88 12
-0.093858935 -0.10977966 -0.30821237 234 88 12
-0.07412991 -0.13048652 -0.30478574 234 88 12
-0.071382042 -0.1329967 -0.30421514 234 88 12
-0.027573402 -0.16885431 -0.29371252 234 88 12
-0.018570159 -0.17482302 -0.29128197 234 88 12
0.01340953 -0.18968766 -0.28402345 234 88 12
0.031981954 -0.19634399 -0.2800595 234 88 12
-0.1045849 -0.096636387 -0.31329751 234 88 12
-0.10249326 -0.099472157 -0.31288058 234 88 12
-0.06564133 -0.13817772 -0.30625106 234 88 12
-0.035329387 -0.16241912 -0.29938549 234 88 12
-0.011566076 -0.1780595 -0.29337836 234 88 12
-0.0049943999 -0.18118385 -0.29180944 234 88 12
0.0015976799 -0.18429307 -0.29026567 234 88 12
0.023456917 -0.1933702 -0.28530645 234 88 12
-0.11497741 -0.080085151 -0.31872482 234 88 12
-0.11000658 -0.089006531 -0.31748607 234 88 12
-0.10040166 -0.10262027 -0.31579292 234 88 12
-0.089156372 -0.1159497 -0.31402118 234 88 12
-0.086759949 -0.11866909 -0.3135837 234 88 12
-0.068358204 -0.13594051 -0.31016413 234 88 12
-0.059480353 -0.14309465 -0.3082704 234 88 12
-0.053537385 -0.14774887 -0.3069697 234 88 12
-0.02648767 -0.16908497 -0.30032654 234 88 12
-0.0041989302 -0.18140504 -0.29518467 234 88 12
0.018213297 -0.19092984 -0.29026132 234 88 12
0.02436323 -0.19333522 -0.28885077 234 88 12
0.027480608 -0.19428445 -0.28824223 234 88 12
-0.11755682 -0.075200206 -0.3224719 234 88 12
-0.10029562 -0.10296383 -0.31900411 234 88 12
-0.09597001 -0.10846314 -0.31828373 234 88 12
-0.081751316 -0.1240471 -0.31595101 234 88 12
-0.059102593 -0.1433995 -0.31144041 234 88 12
-0.050308878 -0.14968216 -0.30970213 234 88 12
-0.047441533 -0.15195087 -0.30908776 234 88 12
-0.0068049317 -0.17980303 -0.29939172 234 88 12
-0.0034084317 -0.18149363 -0.29858383 234 88 12
0.037496346 -0.197595 -0.2900495 234 88 12
-0.12497452 -0.058435841 -0.32781882 234 88 12
-0.12248432 -0.064204925 -0.32698911 234 88 12
-0.11590138 -0.078140278 -0.32545101 234 88 12
-0.084281265 -0.12177649 -0.31962207 234 88 12
-0.04405457 -0.15425469 -0.31161955 234 88 12
-0.03877923 -0.15858871 -0.31031956 234 88 12
-0.012748308 -0.17672995 -0.3041673 234 88 12
-0.0025845385 -0.18157089 -0.30197316 234 88 12
0.038382795 -0.19783989 -0.29352834 234 88 12
-0.11959958 -0.069997197 -0.32949705 234 88 12
-0.095615839 -0.10949745 -0.32455876 234 88 12
-0.049146849 -0.14980536 -0.31597662 234 88 12
-0.035538566 -0.16084911 -0.31264941 234 88 12
-0.021539616 -0.17169969 -0.30925544 234 88 12
-0.0052676278 -0.18010306 -0.30608666 234 88 12
-0.11931857 -0.070108237 -0.33273184 234 88 12
-0.11806056 -0.072954846 -0.33242389 234 88 12
-0.11085271 -0.087318649 -0.33075585 234 88 12
-0.10925886 -0.090165635 -0.3303718 234 88 12
-0.10186727 -0.10146238 -0.32877474 234 88 12
-0.099827778 -0.10428076 -0.32845774 234 88 12
-0.097777655 -0.10695235 -0.32812641 234 88 12
-0.054789686 -0.14559928 -0.3201882 234 88 12
-0.051692647 -0.14751593 -0.31962653 234 88 12
-0.0045990441 -0.18001866 -0.30946026 234 88 12
-0.113524 -0.081975217 -0.33457779 234 88 12
-0.11050255 -0.087761205 -0.33387375 234 88 12
-0.10716114 -0.093443308 -0.33305577 234 88 12
-0.083818708 -0.12267161 -0.32885856 234 88 12
-0.078519745 -0.12746797 -0.32792894 234 88 12
-0.066800657 -0.13721625 -0.3255374 234 88 12
-0.028814646 -0.16525004 -0.3174745 234 88 12
-0.025998974 -0.16748176 -0.31678996 234 88 12
-0.00044665975 -0.18144076 -0.31214163 234 88 12
0.0029804833 -0.18270765 -0.31156041 234 88 12
-0.11852806 -0.07020024 -0.33912889 234 88 12
-0.11319731 -0.082221686 -0.33774568 234 88 12
-0.10498814 -0.096725305 -0.33577933 234 88 12
-0.093120427 -0.1128033 -0.33354148 234 88 12
-0.080968855 -0.12520046 -0.33133288 234 88 12
-0.069442523 -0.13506728 -0.32904164 234 88 12
-0.063319205 -0.139619 -0.32783696 234 88 12
-0.03902341 -0.1561286 -0.3230124 234 88 12
-0.0065452141 -0.17825814 -0.31664866 234 88 12
-0.0031571577 -0.17985326 -0.31602337 234 88 12
-0.11132904 -0.085517824 -0.34052806 234 88 12
-0.1097284 -0.088428376 -0.34010061 234 88 12
-0.092868851 -0.11311952 -0.33654769 234 88 12
-0.072039926 -0.13296952 -0.33259414 234 88 12
-0.053004579 -0.14573447 -0.32895897 234 88 12
-0.12163742 -0.058307593 -0.34704168 234 88 12
-0.1077065 -0.091502095 -0.342848 234 88 12
-0.074725953 -0.13052059 -0.33614893 234 88 12
-0.052367775 -0.14558445 -0.33188595 234 88 12
-0.049189248 -0.14749539 -0.33128059 234 88 12
-0.043287281 -0.15138933 -0.33003509 234 88 12
-0.032110265 -0.16035318 -0.32767586 234 88 12
-0.014568958 -0.17291163 -0.32440973 234 88 12
0.008996713 -0.18351648 -0.32117958 234 88 12
-0.12105861 -0.058355094 -0.35020616 234 88 12
-0.12014157 -0.061307576 -0.3498657 234 88 12
-0.11604477 -0.073651645 -0.3483565 234 88 12
-0.10053308 -0.1031252 -0.34447867 234 88 12
-0.098574906 -0.10588298 -0.3440449 234 88 12
-0.042526063 -0.15108816 -0.33303086 234 88 12
-0.034047164 -0.15788371 -0.33118817 234 88 12
-0.022844033 -0.16650058 -0.32922695 234 88 12
-0.016755126 -0.17065591 -0.32808179 234 88 12
-0.010454996 -0.17439282 -0.32704848 234 88 12
0.020122994 -0.18709118 -0.32369205 234 88 12
-0.11861278 -0.064445508 -0.35267371 234 88 12
-0.1069947 -0.092113684 -0.34908945 234 88 12
-0.068031126 -0.13535027 -0.34097536 234 88 12
-0.044698526 -0.14874032 -0.3365931 234 88 12
-0.027634036 -0.16193757 -0.33326391 234 88 12
-0.024767225 -0.16414073 -0.33281149 234 88 12
0.017680599 -0.18539837 -0.32752076 234 88 12
-0.11999369 -0.058306908 -0.35669269 234 88 12
-0.11713413 -0.068093696 -0.35536977 234 88 12
-0.10678452 -0.092391428 -0.35230406 234 88 12
-0.097912222 -0.10660961 -0.35016098 234 88 12
-0.093811109 -0.1118644 -0.34917123 234 88 12
-0.067702836 -0.13517225 -0.34392675 234 88 12
-0.057345259 -0.14092078 -0.34221091 234 88 12
-0.047013915 -0.14640249 -0.34036936 234 88 12
-0.095641306 -0.1095917 -0.35271068 234 88 12
-0.081947429 -0.12428315 -0.34959241 234 88 12
-0.016758773 -0.16735211 -0.33787897 234 88 12
-0.00081752221 -0.1763008 -0.33596924 234 88 12
-0.073186116 -0.131204 -0.35079664 234 88 12
-0.059895747 -0.13881281 -0.34867857 234 88 12
-0.05235718 -0.14224988 -0.34757959 234 88 12
-0.048773086 -0.14409906 -0.34694793 234 88 12
-0.035897792 -0.15205103 -0.34467577 234 88 12
-0.00932791 -0.17102576 -0.34002479 234 88 12
0.00023370053 -0.17582364 -0.33928754 234 88 12
-0.099067148 -0.10460602 -0.36003126 234 88 12
-0.047978423 -0.14387052 -0.34995926 234 88 12
-0.031990751 -0.15325286 -0.34726706 234 88 12
-0.023323813 -0.1595476 -0.34559419 234 88 12
0.0047712291 -0.17669895 -0.34244068 234 88 12
-0.072576701 -0.13117062 -0.35677474 234 88 12
-0.065933377 -0.13518593 -0.35550748 234 88 12
-0.058710906 -0.13871494 -0.35448597 234 88 12
-0.047331122 -0.14343858 -0.35297801 234 88 12
-0.022068398 -0.15877651 -0.34874438 234 88 12
-0.0067478173 -0.16937664 -0.34664608 234 88 12
-0.065488697 -0.13510375 -0.35849482 234 88 12
-0.023712365 -0.15580584 -0.35245929 234 88 12
-0.020728681 -0.15788534 -0.35196507 234 88 12
-0.017738212 -0.15990888 -0.35158131 234 88 12
-0.011596891 -0.16418067 -0.35072884 234 88 12
-0.053653241 -0.13948697 -0.3599589 234 88 12
-0.042070393 -0.14439206 -0.35845278 234 88 12
-0.016375537 -0.15905077 -0.35480822 234 88 12
-0.037563439 -0.14553003 -0.36100441 234 88 12
-0.021261097 -0.15422424 -0.35881296 234 88 12
-0.0087568864 -0.16216734 -0.35741122 234 88 12
-0.067460946 -0.13275599 -0.36802058 234 88 12
-0.016985467 -0.15530378 -0.36169193 234 88 12
-0.01382903 -0.15717439 -0.36138605 234 88 12
0.010899378 -0.17271528 -0.35921696 234 88 12
0.020173648 -0.1784039 -0.35861334 234 88 12
-0.098615304 -0.10321378 -0.37856354 234 88 12
-0.066840661 -0.13273904 -0.37097674 234 88 12
-0.051511715 -0.13836964 -0.36907539 234 88 12
-0.025686431 -0.14960065 -0.36578582 234 88 12
0.0027222296 -0.16622123 -0.36314715 234 88 12
-0.10704704 -0.086274989 -0.38478102 234 88 12
-0.10286021 -0.095205501 -0.38320685 234 88 12
-0.098260463 -0.10355188 -0.3815258 234 88 12
-0.096551128 -0.10639372 -0.38088251 234 88 12
-0.094722477 -0.10910985 -0.38031 234 88 12
-0.054705011 -0.13671756 -0.37256627 234 88 12
-0.039012941 -0.14204607 -0.3707414 234 88 12
-0.031621494 -0.1456833 -0.36967546 234 88 12
-0.024802606 -0.14905105 -0.36893507 234 88 12
-0.018239274 -0.15207806 -0.3682963 234 88 12
-0.011786092 -0.15580933 -0.36770651 234 88 12
0.00050537556 -0.1631268 -0.36683494 234 88 12
-0.11190783 -0.070306448 -0.39036389 234 88 12
-0.10896777 -0.080320546 -0.38882651 234 88 12
-0.097942247 -0.10382518 -0.38450538 234 88 12
-0.072372997 -0.12885787 -0.3778889 234 88 12
-0.049877246 -0.13758661 -0.37521587 234 88 12
-0.01419865 -0.15342699 -0.37118187 234 88 12
-0.0048114783 -0.1587381 -0.3704954 234 88 12
-0.09587255 -0.10673314 -0.3868993 234 88 12
-0.094028753 -0.10932428 -0.38626803 234 88 12
-0.061141986 -0.13336795 -0.37951915 234 88 12
-0.0200722 -0.14957519 -0.37491168 234 88 12
-0.01674261 -0.1510705 -0.37459814 234 88 12
0.0082679625 -0.16612172 -0.37269733 234 88 12
-0.11185336 -0.066986451 -0.39722944 234 88 12
-0.10321474 -0.092952779 -0.39285947 234 88 12
-0.097193544 -0.10423655 -0.3904036 234 88 12
-0.095495981 -0.10683214 -0.38981744 234 88 12
-0.06422581 -0.13150719 -0.38292585 234 88 12
-0.052432001 -0.13546371 -0.38167301 234 88 12
-0.012875722 -0.15245057 -0.37736292 234 88 12
-0.0065539335 -0.15589289 -0.37684166 234 88 12
0.0028358752 -0.1615741 -0.37622585 234 88 12
-0.11313773 -0.059669128 -0.40186051 234 88 12
-0.11043077 -0.071013143 -0.39974081 234 88 12
-0.055722288 -0.13361972 -0.38518478 234 88 12
-0.043662907 -0.13774183 -0.38381376 234 88 12
0.0067339396 -0.16291825 -0.37906566 234 88 12
0.009901853 -0.16502821 -0.37881182 234 88 12
-0.10363398 -0.090624434 -0.39942704 234 88 12
-0.073254414 -0.12590812 -0.39039515 234 88 12
-0.069984856 -0.12734591 -0.39004853 234 88 12
-0.021669697 -0.14672878 -0.38446787 234 88 12
-0.018370705 -0.14835495 -0.38414977 234 88 12
-0.0020873704 -0.15692442 -0.38279254 234 88 12
0.0011136302 -0.15880142 -0.3824857 234 88 12
-0.097480723 -0.10182878 -0.40002438 234 88 12
-0.072395149 -0.1254902 -0.39362748 234 88 12
-0.021232173 -0.14638913 -0.38767784 234 88 12
-0.0081676024 -0.15286079 -0.38645297 234 88 12
0.0080432672 -0.16217467 -0.38506741 234 88 12
-0.057375402 -0.13004982 -0.39515928 234 88 12
-0.04180663 -0.13628244 -0.39325145 234 88 12
-0.020855819 -0.14593844 -0.39092678 234 88 12
-0.011114485 -0.15076613 -0.38993009 234 88 12
-0.099998928 -0.096918827 -0.40756132 234 88 12
0.0058250784 -0.15973247 -0.39150311 234 88 12
-0.059249276 -0.12659149 -0.4020963 234 88 12
-0.055669895 -0.12821261 -0.40158806 234 88 12
-0.03018258 -0.14005003 -0.39853538 234 88 12
-0.026799651 -0.14170865 -0.39813068 234 88 12
-0.020203718 -0.14500737 -0.39731114 234 88 12
-0.064674434 -0.12254681 -0.40647105 234 88 12
-0.05476147 -0.12723322 -0.40486371 234 88 12
-0.0033016158 -0.1532163 -0.39855484 234 88 12
-0.060093435 -0.12276365 -0.40931772 234 88 12
0.00038688737 -0.15487145 -0.40122213 234 88 12
-0.046210009 -0.12899218 -0.41025968 234 88 12
-0.042913656 -0.13072642 -0.40978861 234 88 12
-0.039488598 -0.1325773 -0.40937218 234 88 12
0.00080888661 -0.15461981 -0.40426722 234 88 12
-0.065728326 -0.11338521 -0.41871731 234 88 12
-0.048730594 -0.12636209 -0.41406905 234 88 12
-0.0087406116 -0.14919418 -0.40837188 234 88 12
-0.061719823 -0.11419493 -0.42119205 234 88 12
-0.0050810521 -0.15059366 -0.41128228 234 88 12
0.0049202471 -0.15590048 -0.41009872 234 88 12
0.0083212646 -0.15772896 -0.40968271 234 88 12
-0.080604159 -0.088274017 -0.43391078 234 88 12
-0.078778418 -0.090678629 -0.43303053 234 88 12
-0.06057111 -0.11284451 -0.42458316 234 88 12
-0.082139555 -0.081069783 -0.4393276 234 88 12
-0.077182345 -0.088762663 -0.43663542 234 88 12
-0.017908805 -0.14212778 -0.41911486 234 88 12
-0.004349748 -0.14976448 -0.41765005 234 88 12
-0.074385699 -0.09015137 -0.43897269 234 88 12
-0.067420576 -0.10066927 -0.43497823 234 88 12
-0.0543631 -0.1161293 -0.42964477 234 88 12
-0.0075052301 -0.14739079 -0.42114649 234 88 12
0.012971295 -0.15827272 -0.41840103 234 88 12
-0.040248229 -0.12728348 -0.4292643 234 88 12
-0.056048269 -0.11262609 -0.43701176 234 88 12
-0.042991891 -0.12453791 -0.43325338 234 88 12
-0.0069696821 -0.14672949 -0.42747261 234 88 12
0.013832638 -0.15735865 -0.42453968 234 88 12
-0.067609037 -0.096493848 -0.44570987 234 88 12
-0.057973479 -0.10968125 -0.44124004 234 88 12
-0.033687153 -0.13077271 -0.43476871 234 88 12
-0.065418011 -0.099160917 -0.44818224 234 88 12
-0.053209244 -0.11454647 -0.44280716 234 88 12
-0.050812961 -0.11703624 -0.44205782 234 88 12
-0.030249448 -0.13275808 -0.43766975 234 88 12
0.00057123458 -0.1496902 -0.43302642 234 88 12
0.018064094 -0.1585274 -0.43047208 234 88 12
-0.076619481 -0.079597836 -0.45728938 234 88 12
-0.075066797 -0.082579005 -0.45650829 234 88 12
-0.07350412 -0.085174569 -0.45575171 234 88 12
-0.068415733 -0.093372139 -0.45325988 234 88 12
-0.057391896 -0.10940658 -0.44790731 234 88 12
-0.050700128 -0.11696969 -0.44541145 234 88 12
-0.081499042 -0.069148851 -0.46298851 234 88 12
-0.061000064 -0.10387089 -0.4532082 234 88 12
-0.057196028 -0.10919178 -0.4513473 234 88 12
-0.055109482 -0.11188407 -0.45043901 234 88 12
-0.029917813 -0.13239133 -0.44449456 234 88 12
-0.0021550881 -0.14760542 -0.44014534 234 88 12
-0.074315459 -0.08214686 -0.46285029 234 88 12
-0.071192033 -0.087693859 -0.46126193 234 88 12
-0.047735248 -0.11893249 -0.45155944 234 88 12
-0.078032865 -0.073824606 -0.4682509 234 88 12
-0.050017893 -0.1162475 -0.45581642 234 88 12
0.0057963845 -0.15083178 -0.44564282 234 88 12
-0.056491929 -0.10861161 -0.46169217 234 88 12
-0.049692581 -0.11618959 -0.45927022 234 88 12
-0.041690726 -0.12315466 -0.4571644 234 88 12
0.0060826218 -0.15065769 -0.44914194 234 88 12
0.016806277 -0.15629367 -0.44716292 234 88 12
-0.080422426 -0.066248591 -0.47653158 234 88 12
-0.06360724 -0.097541642 -0.46865508 234 88 12
-0.046879437 -0.11833349 -0.46214819 234 88 12
-0.063298514 -0.097119673 -0.47221213 234 88 12
-0.059783155 -0.10256705 -0.47061372 234 88 12
-0.011101808 -0.14122344 -0.45918897 234 88 12
0.013732506 -0.15424955 -0.45475135 234 88 12
-0.07076712 -0.083456675 -0.47928995 234 88 12
-0.067889169 -0.088572542 -0.47801093 234 88 12
-0.063038812 -0.096921076 -0.47566208 234 88 12
-0.059485389 -0.10227827 -0.47410926 234 88 12
-0.046299493 -0.11787872 -0.46935429 234 88 12
-0.040762694 -0.12259742 -0.46794236 234 88 12
-0.034652365 -0.12704716 -0.46663125 234 88 12
0.021275767 -0.15869022 -0.45659295 234 88 12
-0.075497024 -0.072844132 -0.48522433 234 88 12
-0.073110802 -0.077969007 -0.4840002 234 88 12
-0.067544152 -0.088474977 -0.48145984 234 88 12
-0.064413791 -0.093837849 -0.48001004 234 88 12
-0.061014573 -0.099121114 -0.47847349 234 88 12
-0.055295019 -0.10708434 -0.47619217 234 88 12
-0.050983676 -0.11260831 -0.47448591 234 88 12
-0.031056216 -0.12917769 -0.46961164 234 88 12
-0.027858429 -0.13115192 -0.46903722 234 88 12
-0.02449283 -0.13323728 -0.46846202 234 88 12
-0.021077616 -0.13513232 -0.46799683 234 88 12
-0.0068574744 -0.1430508 -0.46589476 234 88 12
-0.071411431 -0.080296631 -0.48687091 234 88 12
-0.070078301 -0.083013735 -0.48619494 234 88 12
-0.068676121 -0.085424107 -0.48559603 234 88 12
-0.052989515 -0.10941946 -0.47902257 234 88 12
-0.040137126 -0.12232878 -0.47527201 234 88 12
-0.024198217 -0.13310364 -0.47207215 234 88 12
0.00062393836 -0.14707584 -0.46826044 234 88 12
0.014821893 -0.15444308 -0.46539516 234 88 12
-0.072248352 -0.077619009 -0.4908826 234 88 12
-0.070997333 -0.079973283 -0.49038767 234 88 12
-0.054813606 -0.10662133 -0.4834313 234 88 12
-0.002733593 -0.14522838 -0.47243 234 88 12
-0.073044164 -0.074829571 -0.49496013 234 88 12
-0.065149201 -0.090230681 -0.49123841 234 88 12
-0.063545845 -0.092983984 -0.49053212 234 88 12
-0.052458525 -0.10903395 -0.4862195 234 88 12
-0.047860281 -0.11447839 -0.48463589 234 88 12
-0.045244455 -0.11711303 -0.48392331 234 88 12
-0.0060057715 -0.14345854 -0.47660076 234 88 12
0.0046791796 -0.14923949 -0.47457095 234 88 12
-0.071435866 -0.07706689 -0.49807793 234 88 12
-0.067655581 -0.084586291 -0.49626436 234 88 12
-0.063299496 -0.092663277 -0.49414569 234 88 12
-0.052222757 -0.10887636 -0.48986872 234 88 12
0.015976559 -0.15532667 -0.4756331 234 88 12
-0.074955136 -0.066812191 -0.50382681 234 88 12
-0.057944706 -0.1003182 -0.49576824 234 88 12
-0.053983897 -0.10585469 -0.49420437 234 88 12
-0.049732223 -0.1111037 -0.49272429 234 88 12
-0.042070261 -0.1191524 -0.49046343 234 88 12
-0.029873565 -0.12868714 -0.48796764 234 88 12
0.005395964 -0.14977383 -0.48152206 234 88 12
0.0090602944 -0.15172133 -0.48076345 234 88 12
-0.073484316 -0.069052404 -0.50690721 234 88 12
-0.068209181 -0.081539013 -0.50403277 234 88 12
-0.057554835 -0.10005084 -0.49934883 234 88 12
-0.041837749 -0.11897686 -0.49403218 234 88 12
-0.019426084 -0.13533042 -0.49007741 234 88 12
0.016678157 -0.15570724 -0.48278931 234 88 12
-0.065151769 -0.086372369 -0.50647579 234 88 12
-0.058910858 -0.096993864 -0.50369545 234 88 12
-0.074221265 -0.06304846 -0.51504151 234 88 12
-0.068425299 -0.078341295 -0.51199171 234 88 12
-0.061681001 -0.091373127 -0.50883958 234 88 12
-0.056031147 -0.09903568 -0.51023043 234 88 12
-0.037760986 -0.12074652 -0.50427719 234 88 12
-0.028573957 -0.12777418 -0.50265044 234 88 12
-0.018459892 -0.13493658 -0.5009975 234 88 12
0.0031302369 -0.14804171 -0.49691348 234 88 12
0.024937431 -0.16093436 -0.49179778 234 88 12
0.003539843 -0.14827627 -0.50046852 234 88 12
0.010851128 -0.15264732 -0.49877578 234 88 12
0.01447981 -0.15468626 -0.49794361 234 88 12
-0.064425256 -0.081999237 -0.52198708 234 88 12
-0.046919576 -0.10949281 -0.51432521 234 88 12
-0.065073296 -0.078741666 -0.52634678 234 88 12
-0.063839219 -0.081409275 -0.52575492 234 88 12
-0.04158097 -0.11472316 -0.51643457 234 88 12
-0.063181856 -0.08114817 -0.52941554 234 88 12
-0.026497114 -0.12756086 -0.51634562 234 88 12
-0.019953029 -0.13260425 -0.51516433 234 88 12
-0.01322558 -0.13750887 -0.51395867 234 88 12
-0.067195682 -0.070658387 -0.53533417 234 88 12
-0.05301883 -0.097438151 -0.52850657 234 88 12
-0.034950112 -0.11985318 -0.52194843 234 88 12
-0.029063056 -0.12508874 -0.52051388 234 88 12
-0.005660677 -0.14225882 -0.51630094 234 88 12
-0.060410558 -0.083580136 -0.53601935 234 88 12
-0.055804488 -0.091622672 -0.53378369 234 88 12
-0.028401323 -0.12512153 -0.5239177 234 88 12
-0.067788725 -0.066042742 -0.5432995 234 88 12
-0.061066437 -0.080897866 -0.54021125 234 88 12
-0.058254751 -0.08615048 -0.53881121 234 88 12
-0.051502381 -0.097202135 -0.53561386 234 88 12
-0.041183024 -0.11133827 -0.5313384 234 88 12
-0.021513074 -0.13018603 -0.5260671 234 88 12
0.0092901238 -0.15253092 -0.52070214 234 88 12
0.015949711 -0.15669009 -0.51954351 234 88 12
-0.064116635 -0.073202997 -0.54554137 234 88 12
-0.062942759 -0.075642114 -0.54503792 234 88 12
-0.050808698 -0.09702079 -0.53915524 234 88 12
-0.046939275 -0.10273647 -0.53743737 234 88 12
0.019809643 -0.15948454 -0.52222234 234 88 12
0.026677627 -0.16426109 -0.52056553 234 88 12
-0.067366566 -0.063986062 -0.55102603 234 88 12
-0.065383219 -0.068649998 -0.55009193 234 88 12
-0.059806751 -0.080721295 -0.5473546 234 88 12
-0.052061686 -0.093881954 -0.54359254 234 88 12
-0.046199642 -0.1027071 -0.54097801 234 88 12
-0.042016729 -0.10815039 -0.53919444 234 88 12
-0.037369697 -0.11382139 -0.53755123 234 88 12
-0.067686538 -0.061877591 -0.55506322 234 88 12
-0.062674061 -0.073307223 -0.55280149 234 88 12
-0.022618636 -0.12759754 -0.5371342 234 88 12
-0.013183984 -0.13560473 -0.53527141 234 88 12
0.010359598 -0.15321191 -0.53110558 234 88 12
-0.066946722 -0.062124976 -0.55861222 234 88 12
-0.061908474 -0.073438751 -0.55634778 234 88 12
-0.024884253 -0.12477567 -0.54136434 234 88 12
-0.012565431 -0.13551637 -0.53885021 234 88 12
0.021179237 -0.16084865 -0.5322628 234 88 12
-0.066245321 -0.062197307 -0.56219215 234 88 12
-0.051437029 -0.091208866 -0.55516653 234 88 12
-0.04966855 -0.093973374 -0.55434692 234 88 12
-0.045750531 -0.099877408 -0.55250541 234 88 12
0.011474936 -0.15354083 -0.53806982 234 88 12
0.018290807 -0.15858399 -0.53657056 234 88 12
-0.007865711 -0.13815793 -0.54513066 234 88 12
0.022243137 -0.16118929 -0.53934185 234 88 12
-0.063730897 -0.065051761 -0.56897568 234 88 12
-0.047796651 -0.094361435 -0.56147417 234 88 12
-0.030451574 -0.11689969 -0.55400391 234 88 12
-0.027766002 -0.11959903 -0.55322394 234 88 12
0.0094916455 -0.15173773 -0.54549718 234 88 12
0.016167594 -0.15678973 -0.54423175 234 88 12
-0.062050504 -0.0673971 -0.57217655 234 88 12
-0.050317561 -0.089162007 -0.56668213 234 88 12
-0.041002657 -0.10297535 -0.56216319 234 88 12
-0.026891483 -0.11969746 -0.556717 234 88 12
-0.04002633 -0.1031338 -0.5657472 234 88 12
-0.033410758 -0.11172326 -0.56283686 234 88 12
-0.060510866 -0.068339507 -0.57927085 234 88 12
-0.049878698 -0.087199388 -0.57452898 234 88 12
-0.046701084 -0.092234708 -0.57299237 234 88 12
-0.043039458 -0.097702878 -0.57128471 234 88 12
-0.0077341811 -0.13626954 -0.55940629 234 88 12
-0.0045643948 -0.13899271 -0.55875311 234 88 12
-0.059696496 -0.06871786 -0.58283161 234 88 12
-0.050439865 -0.085161058 -0.57887907 234 88 12
-0.045676896 -0.092619522 -0.57657232 234 88 12
-0.033564143 -0.10925972 -0.57083605 234 88 12
-0.015836092 -0.12854376 -0.56475793 234 88 12
-0.0037758026 -0.13932714 -0.56221441 234 88 12
0.0058091478 -0.14740437 -0.56061318 234 88 12
-0.060035504 -0.067093153 -0.58668056 234 88 12
-0.050935653 -0.083228766 -0.58310941 234 88 12
-0.044533466 -0.093086411 -0.58007583 234 88 12
-0.042741093 -0.095734417 -0.57915433 234 88 12
-0.023062155 -0.12117076 -0.57061615 234 88 12
-0.060473837 -0.065476497 -0.59049253 234 88 12
-0.049793034 -0.083796952 -0.58663335 234 88 12
-0.043384652 -0.093753738 -0.58360175 234 88 12
-0.041539618 -0.096364981 -0.5826778 234 88 12
-0.019263499 -0.12405414 -0.57332455 234 88 12
-0.007957664 -0.13508725 -0.57030949 234 88 12
-0.055808367 -0.072851763 -0.59290027 234 88 12
-0.036449708 -0.10227412 -0.58421143 234 88 12
-0.034473957 -0.10491116 -0.58321586 234 88 12
-0.028182235 -0.11360175 -0.58039787 234 88 12
-0.019625444 -0.12240583 -0.58115022 234 88 12
-0.0059515025 -0.13634178 -0.57730118 234 88 12
-0.050836582 -0.079552915 -0.59901908 234 88 12
-0.030075967 -0.10954805 -0.58938235 234 88 12
-0.023552066 -0.11781253 -0.58657333 234 88 12
-0.040182761 -0.094617379 -0.59875812 234 88 12
-0.0068921152 -0.13558184 -0.58506298 234 88 12
-0.040612275 -0.09337986 -0.60311443 234 88 12
-0.031640129 -0.10613513 -0.59875999 234 88 12
-0.02113181 -0.11971584 -0.59382211 234 88 12
-0.018800517 -0.1225297 -0.59288887 234 88 12
-0.00026210146 -0.14203612 -0.58756062 234 88 12
0.0054883083 -0.14738741 -0.58648013 234 88 12
0.0084468083 -0.15005123 -0.58601325 234 88 12
-0.039364708 -0.094814036 -0.60670185 234 88 12
0.00064823395 -0.14310699 -0.59123733 234 88 12
-0.041538196 -0.091565044 -0.61154457 234 88 12
0.010213573 -0.15249943 -0.59335333 234 88 12
-0.038676646 -0.095409531 -0.61464893 234 88 12
-0.035276855 -0.099835259 -0.61340783 234 88 12
-0.017698691 -0.12321979 -0.60524728 234 88 12
-0.0028731969 -0.14022428 -0.60025034 234 88 12
0.0052484896 -0.14834885 -0.59834441 234 88 12
0.011015407 -0.15386312 -0.59724695 234 88 12
-0.032356153 -0.10371194 -0.61632384 234 88 12
-0.011914328 -0.13046758 -0.60747471 234 88 12
0.014610742 -0.15778951 -0.6007446 234 88 12
-0.036438157 -0.098640218 -0.6221739 234 88 12
-0.031205485 -0.10556259 -0.62013827 234 88 12
-0.029365845 -0.10799583 -0.61932141 234 88 12
-0.025601898 -0.11295819 -0.61770484 234 88 12
-0.023715516 -0.11553033 -0.61680613 234 88 12
-0.021677679 -0.1183946 -0.61581321 234 88 12
-0.015452115 -0.12635045 -0.61314966 234 88 12
0.015396416 -0.15938206 -0.60471173 234 88 12
-0.02823274 -0.10998534 -0.62321711 234 88 12
-0.019348778 -0.12204406 -0.62368797 234 88 12
-0.017239292 -0.12474721 -0.62274238 234 88 12
-0.0085918699 -0.13548962 -0.61953611 234 88 12
0.0011206276 -0.14667985 -0.61650702 234 88 12
0.0088701925 -0.15465065 -0.61452416 234 88 12
0.011489883 -0.15726514 -0.61392213 234 88 12
-0.048361641 0.065191647 0.45528944 234 88 12
-0.044352511 0.07075432 0.44796552 234 88 12
-0.044648905 0.070767325 0.44455551 234 88 12
-0.054529786 0.060498259 0.4380805 234 88 12
-0.092968958 0.0041637088 0.37261871 234 88 12
-0.095894388 -0.001584941 0.37202627 234 88 12
-0.090764675 0.01046131 0.36903097 234 88 12
-0.096868525 -0.001318723 0.36791566 234 88 12
-0.10012734 -0.0069435815 0.36715807 234 88 12
-0.14376206 -0.052552473 0.35597142 234 88 12
-0.14627723 -0.054823247 0.35559077 234 88 12
-0.094531836 0.0044865314 0.36463822 234 88 12
-0.13985848 -0.048110051 0.35294414 234 88 12
-0.14497364 -0.052155168 0.35192452 234 88 12
-0.079648774 0.031309922 0.36362182 234 88 12
-0.056385091 0.05982879 0.36269024 234 88 12
-0.063886207 0.05103017 0.36210868 234 88 12
-0.079628121 0.03122322 0.36009682 234 88 12
-0.083278185 0.025425634 0.35934111 234 88 12
-0.092333849 0.010318021 0.35775163 234 88 12
-0.1049611 -0.0091518766 0.35473743 234 88 12
-0.044891634 0.071239299 0.36031492 234 88 12
-0.060868177 0.053654919 0.35894505 234 88 12
-0.06839278 0.045069127 0.35817824 234 88 12
-0.092707332 0.010483036 0.35408 234 88 12
-0.10187205 -0.0036883212 0.35191198 234 88 12
-0.12130562 -0.02740059 0.34681588 234 88 12
-0.13073982 -0.036663156 0.34413004 234 88 12
-0.13579369 -0.040664858 0.3429321 234 88 12
-0.15129126 -0.052682793 0.33964584 234 88 12
-0.15397439 -0.054885316 0.3392208 234 88 12
-0.049768693 0.065190701 0.35651543 234 88 12
-0.068074053 0.044671987 0.35479116 234 88 12
-0.070612458 0.042085678 0.35438479 234 88 12
-0.077237305 0.033559362 0.35348852 234 88 12
-0.098633133 0.0019301743 0.34914051 234 88 12
-0.10437504 -0.0063479608 0.34759292 234 88 12
-0.11769448 -0.021981241 0.34422947 234 88 12
-0.12231292 -0.027017179 0.34307314 234 88 12
-0.14439279 -0.046280698 0.33753608 234 88 12
-0.14968053 -0.050307874 0.33643532 234 88 12
-0.038032288 0.075636944 0.35433366 234 88 12
-0.05467139 0.05943565 0.35260539 234 88 12
-0.075003865 0.03634186 0.35025574 234 88 12
-0.083304937 0.024790299 0.34904206 234 88 12
-0.10299487 -0.0036649361 0.3444772 234 88 12
-0.10720183 -0.0087122265 0.3432848 234 88 12
-0.11410543 -0.016174516 0.34155232 234 88 12
-0.11637581 -0.018843884 0.34105563 234 88 12
-0.16507838 -0.059773802 0.33013001 234 88 12
-0.10155419 -0.00084893608 0.34137409 234 88 12
-0.11026655 -0.010851083 0.33898743 234 88 12
-0.13401655 -0.034902118 0.33312348 234 88 12
-0.089683666 0.015737581 0.34088905 234 88 12
-0.095838683 0.0073771414 0.33950534 234 88 12
-0.11315857 -0.013328155 0.33491779 234 88 12
-0.13238741 -0.03234874 0.33026707 234 88 12
-0.14234915 -0.04090022 0.32796374 234 88 12
-0.052500414 0.058136242 0.34274545 234 88 12
-0.05830023 0.052039421 0.34222136 234 88 12
-0.071894677 0.038435588 0.34043093 234 88 12
-0.13823743 -0.036309223 0.32568234 234 88 12
-0.14846153 -0.044500382 0.32335782 234 88 12
-0.15366199 -0.048816485 0.32230585 234 88 12
-0.16503692 -0.056549378 0.31998273 234 88 12
-0.16818385 -0.058259118 0.31933848 234 88 12
-0.14170104 -0.038055531 0.32167909 234 88 12
-0.15456443 -0.048419543 0.31893184 234 88 12
-0.16010772 -0.052516938 0.31784824 234 88 12
-0.071349164 0.037590452 0.3337863 234 88 12
-0.073711714 0.034761453 0.3334801 234 88 12
-0.083074493 0.023490418 0.33202456 234 88 12
-0.10531981 -0.0033529726 0.32713452 234 88 12
-0.10775307 -0.0056718955 0.3264941 234 88 12
-0.11015777 -0.0081743831 0.3258838 234 88 12
-0.11496731 -0.013122573 0.32476279 234 88 12
-0.14260299 -0.037577791 0.31828722 234 88 12
-0.14771769 -0.041747768 0.31708228 234 88 12
-0.057087826 0.051836917 0.33184656 234 88 12
-0.068663391 0.040590182 0.33057845 234 88 12
-0.073563569 0.034619769 0.33008222 234 88 12
-0.078316762 0.029024119 0.32942787 234 88 12
-0.085434128 0.020517469 0.3282705 234 88 12
-0.10116565 0.0015550283 0.32495231 234 88 12
-0.11802083 -0.015374128 0.32079774 234 88 12
-0.12806507 -0.02401085 0.31833943 234 88 12
-0.13058828 -0.02622764 0.31777101 234 88 12
-0.14862591 -0.041397794 0.31375978 234 88 12
-0.151205 -0.043594354 0.31323602 234 88 12
-0.17437266 -0.059090229 0.30851267 234 88 12
-0.071098538 0.037541958 0.32692387 234 88 12
-0.083022929 0.022954067 0.32540973 234 88 12
-0.087761069 0.017512333 0.32457183 234 88 12
-0.092290457 0.011891824 0.3237609 234 88 12
-0.11608621 -0.012887963 0.31804898 234 88 12
-0.14677131 -0.038969878 0.31104061 234 88 12
-0.17203985 -0.057242612 0.30592488 234 88 12
-0.068366132 0.040681122 0.32374087 234 88 12
-0.10167018 0.0013189984 0.31835886 234 88 12
-0.11147577 -0.0082069794 0.31596525 234 88 12
-0.13986015 -0.032325329 0.30945659 234 88 12
-0.15021341 -0.04081092 0.30720985 234 88 12
-0.17291513 -0.056804563 0.30275289 234 88 12
-0.050146059 0.057576848 0.32227119 234 88 12
-0.075712049 0.031408596 0.3196465 234 88 12
-0.10694012 -0.003680132 0.31388443 234 88 12
-0.11194508 -0.0080975272 0.31254736 234 88 12
-0.11461573 -0.010160156 0.31184868 234 88 12
-0.11720769 -0.012405512 0.3112387 234 88 12
-0.16762748 -0.052845627 0.30073317 234 88 12
-0.031297747 0.073909538 0.32172196 234 88 12
-0.040511595 0.066057283 0.32016501 234 88 12
-0.065058622 0.043554883 0.31724536 234 88 12
-0.070630815 0.037507561 0.31677379 234 88 12
-0.08055236 0.025584475 0.31569392 234 88 12
-0.085369466 0.019877212 0.3149596 234 88 12
-0.092611978 0.011574084 0.31387995 234 88 12
-0.11238155 -0.0080720245 0.30925505 234 88 12
-0.11774625 -0.01212096 0.30787287 234 88 12
-0.12573087 -0.018938058 0.30622488 234 88 12
-0.13351943 -0.025264718 0.30446347 234 88 12
-0.13871604 -0.02963092 0.30338379 234 88 12
-0.15449642 -0.042142763 0.30013937 234 88 12
-0.067749779 0.040638144 0.31364797 234 88 12
-0.070500378 0.037698338 0.31337373 234 88 12
-0.07563549 0.031654062 0.31287195 234 88 12
-0.080504622 0.025548642 0.31237078 234 88 12
-0.090311475 0.014307647 0.31090725 234 88 12
-0.15802032 -0.044106813 0.29640737 234 88 12
-0.16362782 -0.04840833 0.29542037 234 88 12
-0.17263483 -0.053615867 0.2936765 234 88 12
-0.036488933 0.068735595 0.3142831 234 88 12
-0.080461721 0.025584319 0.30905658 234 88 12
-0.087912339 0.017223469 0.3079877 234 88 12
-0.12433794 -0.016076848 0.30004072 234 88 12
-0.12699826 -0.018398485 0.29949544 234 88 12
-0.1428008 -0.031442511 0.29634463 234 88 12
-0.023389438 0.078675107 0.31325726 234 88 12
-0.064494963 0.043672268 0.30741446 234 88 12
-0.088086416 0.017239146 0.30473608 234 88 12
-0.098038062 0.0064154573 0.30285928 234 88 12
-0.13837306 -0.026819733 0.2938945 234 88 12
-0.14631935 -0.033123041 0.29250137 234 88 12
-0.032296238 0.07160483 0.30855127 234 88 12
-0.038930258 0.066489828 0.30740627 234 88 12
-0.042240784 0.063758418 0.30692719 234 88 12
-0.054857396 0.052591818 0.30520619 234 88 12
-0.058035711 0.049591104 0.30487761 234 88 12
-0.088163032 0.017286338 0.3014703 234 88 12
-0.1036001 0.0015960605 0.29839969 234 88 12
-0.13114522 -0.019960868 0.29212675 234 88 12
-0.15489748 -0.039161409 0.28777969 234 88 12
-0.17836774 -0.05403262 0.28297406 234 88 12
-0.025366302 0.076705451 0.30650841 234 88 12
-0.054673171 0.052821965 0.30200402 234 88 12
-0.083268948 0.023158872 0.29883271 234 88 12
-0.12356161 -0.013507744 0.29054806 234 88 12
-0.12634071 -0.015669875 0.28993759 234 88 12
-0.034878072 0.069433348 0.30181585 234 88 12
-0.048129783 0.058745581 0.29966376 234 88 12
-0.054538248 0.052912714 0.29891906 234 88 12
-0.072924627 0.035404928 0.2967315 234 88 12
-0.075613425 0.032396767 0.2964561 234 88 12
-0.1620434 -0.042946876 0.28020766 234 88 12
-0.031000091 0.071971779 0.29951895 234 88 12
-0.041284831 0.064075758 0.29778664 234 88 12
-0.070174842 0.038768869 0.29368162 234 88 12
-0.1021509 0.0040162483 0.28903616 234 88 12
-0.13050185 -0.017842675 0.28264831 234 88 12
-0.18389199 -0.054677193 0.27194222 234 88 12
-0.030600088 0.072100324 0.29665919 234 88 12
-0.034083459 0.069466443 0.29608217 234 88 12
-0.054281205 0.053151425 0.29274414 234 88 12
-0.057523267 0.050411584 0.29225039 234 88 12
-0.070045574 0.03856529 0.29059416 234 88 12
-0.10249615 0.0040028277 0.28574609 234 88 12
-0.10530511 0.0018556638 0.285041 234 88 12
-0.15005421 -0.032235086 0.27573761 234 88 12
-0.15530682 -0.036577531 0.27495736 234 88 12
-0.16348241 -0.042791244 0.27356844 234 88 12
-0.066989888 0.041732523 0.28781284 234 88 12
-0.081408662 0.026744833 0.28605351 234 88 12
-0.097444745 0.0091781723 0.28352246 234 88 12
-0.10013852 0.0065687891 0.28295499 234 88 12
-0.10854859 -0.00071088174 0.28109372 234 88 12
-0.14526435 -0.028381745 0.27332558 234 88 12
-0.16681886 -0.044976175 0.26974671 234 88 12
-0.175526 -0.050199233 0.26767605 234 88 12
-0.17859091 -0.051903339 0.26696359 234 88 12
-0.026156021 0.074552941 0.29157896 234 88 12
-0.040271469 0.064379316 0.28894604 234 88 12
-0.08147497 0.026741318 0.28287051 234 88 12
-0.084250615 0.023673342 0.28248235 234 88 12
-0.1432174 -0.026324962 0.27042111 234 88 12
-0.15393528 -0.034173899 0.26852168 234 88 12
-0.17019066 -0.046849557 0.26579183 234 88 12
-0.18218182 -0.05332129 0.26269052 234 88 12
-0.025596387 0.074657769 0.28861473 234 88 12
-0.050358111 0.056498547 0.28416013 234 88 12
-0.056987562 0.050753949 0.28306473 234 88 12
-0.067082599 0.04213841 0.28142696 234 88 12
-0.070202391 0.039136289 0.28095456 234 88 12
-0.095597195 0.012116438 0.27738304 234 88 12
-0.12430257 -0.01187396 0.27097213 234 88 12
-0.138539 -0.022115351 0.26813903 234 88 12
-0.15708905 -0.036499794 0.264765 234 88 12
-0.17654496 -0.050222066 0.26088442 234 88 12
-0.032361572 0.069827145 0.28432475 234 88 12
-0.0432451 0.062370155 0.28223052 234 88 12
-0.053552568 0.053911933 0.28048874 234 88 12
-0.1042114 0.0040234876 0.27233669 234 88 12
-0.13905222 -0.022183337 0.26476267 234 88 12
-0.15250036 -0.03237031 0.26225435 234 88 12
-0.17122091 -0.046607462 0.25891387 234 88 12
-0.17693044 -0.050198577 0.25755117 234 88 12
-0.016990681 0.079752042 0.28373693 234 88 12
-0.028248776 0.072619178 0.28195275 234 88 12
-0.042829672 0.062280016 0.27926906 234 88 12
-0.056911473 0.050991809 0.27683775 234 88 12
-0.067139101 0.042177943 0.27515999 234 88 12
-0.07033743 0.039140898 0.27463719 234 88 12
-0.12821686 -0.014279251 0.26357946 234 88 12
-0.14511931 -0.02626979 0.2603004 234 88 12
-0.18671337 -0.055012282 0.25183542 234 88 12
-0.042404119 0.062175692 0.27627879 234 88 12
-0.046072259 0.059491424 0.27559253 234 88 12
-0.070402667 0.039159598 0.27149162 234 88 12
-0.088302015 0.020807472 0.26878524 234 88 12
-0.10497751 0.0037194546 0.26565544 234 88 12
-0.10782153 0.0012965868 0.26499278 234 88 12
-0.14280362 -0.024582959 0.25754432 234 88 12
-0.17783249 -0.050247626 0.25088814 234 88 12
-0.023412557 0.07501224 0.27658276 234 88 12
-0.085591405 0.023724117 0.26592951 234 88 12
-0.099829808 0.0090134432 0.26343501 234 88 12
-0.12891557 -0.014690014 0.25698582 234 88 12
-0.13195381 -0.016607138 0.25630275 234 88 12
-0.13774319 -0.020641454 0.25512333 234 88 12
-0.14320807 -0.024706868 0.2541891 234 88 12
-0.14592598 -0.026775004 0.25371602 234 88 12
-0.16972772 -0.044447783 0.24935807 234 88 12
-0.19077519 -0.056360231 0.24423874 234 88 12
-0.063562738 0.044943737 0.26647326 234 88 12
-0.10587664 0.0038322061 0.25881857 234 88 12
-0.10871339 0.0012116493 0.25818383 234 88 12
-0.11156537 -0.0012880137 0.25756721 234 88 12
-0.11445581 -0.0038332876 0.25697529 234 88 12
-0.13815621 -0.020871474 0.25187998 234 88 12
-0.15939622 -0.036794343 0.24803978 234 88 12
-0.1756455 -0.048495375 0.24498086 234 88 12
-0.013945052 0.079186615 0.27197974 234 88 12
-0.022022153 0.07457547 0.27070014 234 88 12
-0.0669787 0.041642461 0.26275954 234 88 12
-0.076875524 0.032814852 0.26092685 234 88 12
-0.08907156 0.020689703 0.25885263 234 88 12
-0.12063241 -0.0085451913 0.2522411 234 88 12
-0.14929891 -0.029245764 0.24661798 234 88 12
-0.15714297 -0.034912136 0.24519459 234 88 12
-0.16484096 -0.041214725 0.24401124 234 88 12
-0.17315619 -0.046685114 0.24231649 234 88 12
-0.18494817 -0.053615822 0.23937431 234 88 12
-0.029330564 0.069395255 0.26644392 234 88 12
-0.033388711 0.06701044 0.26576879 234 88 12
-0.04493943 0.059422797 0.26359417 234 88 12
-0.070464155 0.038776321 0.25894671 234 88 12
-0.10657464 0.0036301824 0.25216272 234 88 12
-0.11525939 -0.0039165948 0.25021581 234 88 12
-0.12694086 -0.012950365 0.2475807 234 88 12
-0.12995233 -0.014965777 0.24695842 234 88 12
-0.15477745 -0.033341733 0.24242231 234 88 12
-0.16506985 -0.04150146 0.24081132 234 88 12
-0.024645529 0.071461487 0.2641655 234 88 12
-0.048248298 0.056335962 0.25987203 234 88 12
-0.10408397 0.0062032937 0.24937613 234 88 12
-0.12135251 -0.0087911513 0.24556483 234 88 12
-0.13879838 -0.021687737 0.2420697 234 88 12
-0.15235571 -0.031826579 0.23958018 234 88 12
-0.15494956 -0.033731166 0.23915206 234 88 12
-0.17645091 -0.049083531 0.23525567 234 88 12
-0.18240471 -0.052176952 0.23363528 234 88 12
-0.015493677 0.075764507 0.26249181 234 88 12
-0.019816994 0.073560858 0.26179492 234 88 12
-0.073940939 0.035424013 0.2518201 234 88 12
-0.080457145 0.02910305 0.25066343 234 88 12
-0.083601753 0.025972799 0.25012876 234 88 12
-0.086711834 0.023071881 0.24949829 234 88 12
-0.09287475 0.01752094 0.24828567 234 88 12
-0.098708304 0.011652124 0.24714503 234 88 12
-0.11304368 -0.0017108494 0.24400915 234 88 12
-0.1245801 -0.011281664 0.24160402 234 88 12
-0.14729319 -0.02803002 0.23721972 234 88 12
-0.17389656 -0.047411128 0.23266076 234 88 12
-0.18569675 -0.053739359 0.22951864 234 88 12
-0.18892561 -0.055110208 0.22865507 234 88 12
-0.014671719 0.075337076 0.2594089 234 88 12
-0.0396261 0.060546765 0.25528577 234 88 12
-0.051469422 0.052662463 0.25310264 234 88 12
-0.13054312 -0.015843265 0.23702113 234 88 12
-0.13628937 -0.020143954 0.23596694 234 88 12
-0.1446944 -0.026293544 0.23442854 234 88 12
-0.16051527 -0.038272828 0.23188933 234 88 12
-0.16583884 -0.042038477 0.23100668 234 88 12
-0.1987436 -0.059367296 0.22288293 234 88 12
-0.013812699 0.074862821 0.25628626 234 88 12
-0.043117285 0.057484701 0.25152983 234 88 12
-0.062935584 0.043715185 0.24754842 234 88 12
-0.09604242 0.013854512 0.24105455 234 88 12
-0.11049722 0.00031627435 0.23799118 234 88 12
-0.16061883 -0.038814124 0.22872016 234 88 12
-0.080579299 0.027877317 0.24083383 234 88 12
-0.083868517 0.024859499 0.24022054 234 88 12
-0.10488503 0.0052676456 0.2358982 234 88 12
-0.10773028 0.002670278 0.23528071 234 88 12
-0.11348845 -0.0024703153 0.23397194 234 88 12
-0.13100284 -0.016201233 0.23031182 234 88 12
-0.14198154 -0.025084651 0.22846449 234 88 12
-0.15279717 -0.033143449 0.22663577 234 88 12
-0.15807677 -0.037142942 0.22582678 234 88 12
-0.19259038 -0.057549593 0.21846014 234 88 12
-0.19581323 -0.058742375 0.21753698 234 88 12
0.0077044842 0.080743021 0.25297846 234 88 12
-0.0210018 0.06902936 0.24884919 234 88 12
-0.05053481 0.05122255 0.24366164 234 88 12
-0.062659375 0.042636766 0.24122959 234 88 12
-0.090139421 0.018690482 0.23572922 234 88 12
-0.11934792 -0.0076357702 0.22940653 234 88 12
-0.13919865 -0.023211566 0.22563906 234 88 12
-0.14197589 -0.025387519 0.22517334 234 88 12
-0.14475616 -0.027479 0.22473181 234 88 12
-0.15828231 -0.037419956 0.22257841 234 88 12
-0.18643487 -0.054829872 0.21690875 234 88 12
-0.1959616 -0.059130595 0.21443137 234 88 12
-0.080511657 0.027404734 0.23421127 234 88 12
-0.083823792 0.024361823 0.23361975 234 88 12
-0.087009202 0.021308206 0.23302008 234 88 12
-0.13106269 -0.01693011 0.22379049 234 88 12
-0.13653259 -0.021383352 0.22279256 234 88 12
-0.010448466 0.072302432 0.24372919 234 88 12
-0.045693065 0.053205708 0.23792246 234 88 12
-0.090176054 0.01803356 0.22902637 234 88 12
-0.099149055 0.0095654311 0.22716337 234 88 12
-0.11947475 -0.0080771252 0.22252812 234 88 12
-0.13652575 -0.021740404 0.21945506 234 88 12
-0.14202014 -0.025827321 0.21847315 234 88 12
-0.14759852 -0.029997503 0.2176265 234 88 12
-0.15313026 -0.034021764 0.21676912 234 88 12
-0.17501943 -0.049284401 0.21315292 234 88 12
-0.1778675 -0.050813764 0.2124863 234 88 12
-0.1836185 -0.05378889 0.21108898 234 88 12
-0.20292212 -0.061812389 0.20600995 234 88 12
-0.0095122908 0.071341942 0.24058517 234 88 12
-0.027829405 0.062371769 0.23779245 234 88 12
-0.040949118 0.05521925 0.23538272 234 88 12
-0.073527407 0.032525329 0.22876818 234 88 12
-0.080472081 0.026539944 0.2273998 234 88 12
-0.096258291 0.012134624 0.22431097 234 88 12
-0.10500883 0.0039617914 0.2224158 234 88 12
-0.1108908 -0.0009177469 0.22102393 234 88 12
-0.11943594 -0.0084332596 0.2191638 234 88 12
-0.12809714 -0.015199239 0.21747454 234 88 12
-0.13652168 -0.021952016 0.21604093 234 88 12
-0.14753006 -0.030291693 0.21425587 234 88 12
-0.16412541 -0.042204881 0.21186567 234 88 12
-0.18087351 -0.052775078 0.20855953 234 88 12
-0.18689121 -0.055541737 0.20710421 234 88 12
-0.19648071 -0.059612976 0.20464176 234 88 12
0.0070640667 0.075163174 0.23947109 234 88 12
-0.086941892 0.020308094 0.22265357 234 88 12
-0.090102001 0.017434309 0.22207891 234 88 12
-0.10507065 0.0036025953 0.21895911 234 88 12
-0.13095501 -0.017591207 0.21346174 234 88 12
-0.13658275 -0.021998533 0.21251452 234 88 12
-0.13928236 -0.024171567 0.2120825 234 88 12
-0.16689201 -0.044390583 0.20812647 234 88 12
-0.16969367 -0.046309206 0.207623 234 88 12
-0.1724299 -0.048150089 0.20712102 234 88 12
-0.17525126 -0.049932961 0.20656595 234 88 12
-0.18703132 -0.055741479 0.20380164 234 88 12
-0.044319668 0.050856047 0.22788402 234 88 12
-0.061513289 0.040079719 0.22431801 234 88 12
-0.069380786 0.034240305 0.22269364 234 88 12
-0.080284006 0.025761056 0.22048146 234 88 12
-0.12795309 -0.015693673 0.21061592 234 88 12
-0.15019082 -0.033301 0.20715232 234 88 12
-0.15583847 -0.037317422 0.20650561 234 88 12
-0.19681265 -0.06007067 0.1980904 234 88 12
-0.20651228 -0.063850819 0.19558393 234 88 12
-0.030569021 0.057646776 0.22695841 234 88 12
-0.12500062 -0.01371861 0.20775892 234 88 12
-0.13071508 -0.018201193 0.2066542 234 88 12
-0.14434277 -0.029633662 0.20464774 234 88 12
-0.1725709 -0.048810679 0.2006635 234 88 12
-0.17553454 -0.050435028 0.20007826 234 88 12
-0.2066523 -0.063972682 0.19236924 234 88 12
-0.086806645 0.01925568 0.21217707 234 88 12
-0.093268102 0.013801448 0.21090774 234 88 12
-0.099259613 0.0082016707 0.20969181 234 88 12
-0.11935327 -0.0092073287 0.20534239 234 88 12
-0.1249294 -0.013776404 0.20424132 234 88 12
-0.16123603 -0.041885667 0.19919022 234 88 12
-0.16971207 -0.047252507 0.1979403 234 88 12
-0.20365104 -0.063143166 0.19007214 234 88 12
-0.20677967 -0.064425459 0.18924049 234 88 12
-0.21619574 -0.068169266 0.18674287 234 88 12
0.056855849 0.075358632 0.23793865 234 88 12
0.045474655 0.073991731 0.23484628 234 88 12
-0.086658114 0.019065378 0.20860214 234 88 12
-0.10210543 0.0051511752 0.20554559 234 88 12
-0.16120536 -0.042007946 0.19580234 234 88 12
-0.19087748 -0.058863448 0.19026541 234 88 12
0.062605218 0.075008874 0.2363123 234 88 12
0.051732354 0.07346282 0.23336124 234 88 12
0.0002648857 0.066556914 0.22185846 234 88 12
-0.014769404 0.060908784 0.21954435 234 88 12
-0.038303718 0.050135027 0.21524887 234 88 12
-0.064498021 0.034926707 0.20957117 234 88 12
-0.072325361 0.029580717 0.20782305 234 88 12
-0.079682194 0.023975283 0.20641181 234 88 12
-0.11074439 -0.0026174872 0.20014046 234 88 12
-0.11639813 -0.0072163537 0.19889697 234 88 12
-0.11925925 -0.0094381267 0.19827623 234 88 12
-0.1330645 -0.021495118 0.19599826 234 88 12
-0.14697521 -0.032413394 0.19410154 234 88 12
-0.14978134 -0.03444963 0.19376381 234 88 12
-0.15261874 -0.036560085 0.19344742 234 88 12
-0.16386055 -0.044312817 0.1921916 234 88 12
-0.16668681 -0.046150067 0.19184051 234 88 12
-0.17254395 -0.04993647 0.19095853 234 88 12
-0.18773344 -0.057804885 0.18769786 234 88 12
-0.20065968 -0.063108613 0.18464769 234 88 12
-0.20385147 -0.06414395 0.18377832 234 88 12
0.062649732 0.074255717 0.23312809 234 88 12
0.029498019 0.069858366 0.22434559 234 88 12
-0.072277405 0.028992099 0.20431208 234 88 12
-0.10502604 0.002172302 0.19776286 234 88 12
-0.10790536 -0.00020458441 0.19711272 234 88 12
-0.12477794 -0.01424443 0.19372231 234 88 12
-0.14401454 -0.03057926 0.19109941 234 88 12
-0.14963558 -0.034852005 0.19047341 234 88 12
-0.16958313 -0.048497512 0.18816205 234 88 12
-0.18156858 -0.055306846 0.18587564 234 88 12
-0.18465898 -0.056743625 0.18515004 234 88 12
-0.21032984 -0.067073383 0.1789079 234 88 12
0.018381207 0.067456811 0.21863831 234 88 12
-0.0038733867 0.063105962 0.21432784 234 88 12
-0.014116173 0.059456413 0.21271766 234 88 12
-0.037782874 0.048741243 0.20834065 234 88 12
-0.068382018 0.031351492 0.20149346 234 88 12
-0.093063742 0.012574192 0.19648401 234 88 12
-0.10498556 0.0018997716 0.19421707 234 88 12
-0.15237429 -0.037325095 0.18686326 234 88 12
-0.18158445 -0.056023274 0.18272935 234 88 12
-0.22319983 -0.072713718 0.17265936 234 88 12
0.0076070186 0.064538883 0.21318397 234 88 12
-0.10774776 -0.00070039339 0.18999814 234 88 12
-0.12728429 -0.017457298 0.18651631 234 88 12
-0.14381002 -0.030932763 0.18432301 234 88 12
-0.14938769 -0.035520344 0.18384496 234 88 12
-0.15216846 -0.037755189 0.18360006 234 88 12
-0.16644576 -0.04797243 0.18223189 234 88 12
-0.19117452 -0.060944464 0.17740743 234 88 12
-0.20747683 -0.067061854 0.17338064 234 88 12
0.04159331 0.068388464 0.21787324 234 88 12
0.019240312 0.06512856 0.21243409 234 88 12
-0.10196532 0.0040454718 0.18757422 234 88 12
-0.16347235 -0.046539199 0.17925563 234 88 12
-0.18161547 -0.057145521 0.17635078 234 88 12
-0.19454019 -0.062687097 0.17345015 234 88 12
-0.19780073 -0.064064286 0.17265438 234 88 12
-0.20110867 -0.065353782 0.17188546 234 88 12
-0.20441182 -0.066553934 0.17103182 234 88 12
-0.22026374 -0.072585608 0.1671301 234 88 12
-0.063988586 0.032038392 0.19204876 234 88 12
-0.071992317 0.027012191 0.19018832 234 88 12
-0.079381081 0.021985313 0.18856417 234 88 12
-0.095812006 0.0087838024 0.1851633 234 88 12
-0.098817614 0.0061659093 0.1845903 234 88 12
-0.1047511 0.0012471692 0.18334318 234 88 12
-0.13237878 -0.022642031 0.17888734 234 88 12
-0.13511259 -0.024885381 0.17854474 234 88 12
-0.14620677 -0.0337434 0.17740861 234 88 12
-0.15760739 -0.042684834 0.17646244 234 88 12
-0.1880836 -0.060397613 0.17171378 234 88 12
0.019655964 0.062751342 0.20638107 234 88 12
-0.1076147 -0.0011558894 0.1790755 234 88 12
-0.14053088 -0.02956885 0.17458476 234 88 12
-0.14601943 -0.034122689 0.1741241 234 88 12
-0.15165303 -0.038659165 0.173639 234 88 12
-0.15748804 -0.043026658 0.17308727 234 88 12
-0.17232117 -0.053204128 0.17144 234 88 12
-0.18810473 -0.060919081 0.16845498 234 88 12
-0.20462617 -0.067570333 0.16459074 234 88 12
-0.21092953 -0.070142139 0.16307472 234 88 12
0.0033755521 0.058365437 0.19958919 234 88 12
-0.041523156 0.042509099 0.1902309 234 88 12
-0.068044119 0.028692939 0.18397993 234 88 12
-0.089441051 0.01354581 0.17913755 234 88 12
-0.092659443 0.01090295 0.17850577 234 88 12
-0.098779157 0.0058787089 0.17723971 234 88 12
-0.13750286 -0.027574619 0.1713859 234 88 12
-0.15150547 -0.039005115 0.17029286 234 88 12
-0.16924706 -0.051702756 0.16840007 234 88 12
-0.18815853 -0.061307378 0.16518424 234 88 12
-0.2141943 -0.072040126 0.15918379 234 88 12
0.019958595 0.060540901 0.20016261 234 88 12
0.014425169 0.059614319 0.19881382 234 88 12
0.0035489309 0.057296066 0.19641755 234 88 12
-0.01748072 0.051584081 0.19190335 234 88 12
-0.036855345 0.043764471 0.18784064 234 88 12
-0.063842771 0.030659581 0.1814143 234 88 12
-0.071987368 0.025963888 0.17938314 234 88 12
-0.098834891 0.005862511 0.17351446 234 88 12
-0.1017516 0.0033058337 0.17296342 234 88 12
-0.11833644 -0.011408352 0.17012182 234 88 12
-0.12101174 -0.01369856 0.16967479 234 88 12
-0.12906622 -0.02105671 0.16868466 234 88 12
-0.13180498 -0.02341702 0.16847128 234 88 12
-0.1344848 -0.025726546 0.16823093 234 88 12
-0.13722292 -0.028061024 0.16803215 234 88 12
-0.15428675 -0.041378326 0.16660358 234 88 12
-0.16613394 -0.050051787 0.16537938 234 88 12
-0.17541281 -0.055437345 0.16413222 234 88 12
-0.063661326 0.030000824 0.17787294 234 88 12
-0.067839613 0.02771931 0.17679542 234 88 12
-0.071876967 0.025506899 0.17573958 234 88 12
-0.086123699 0.015771643 0.17242728 234 88 12
-0.098666991 0.0055772944 0.16992057 234 88 12
-0.10445401 0.00061384439 0.1688531 234 88 12
-0.12083357 -0.013982368 0.16617206 234 88 12
-0.12350717 -0.016523086 0.16583781 234 88 12
-0.18478543 -0.060649033 0.15912795 234 88 12
-0.19144221 -0.063615682 0.15776403 234 88 12
-0.21756641 -0.074113417 0.15217308 234 88 12
-0.027142204 0.046056748 0.18315124 234 88 12
-0.063464552 0.029282634 0.17430474 234 88 12
-0.079256679 0.020317148 0.17039299 234 88 12
-0.12873305 -0.021564195 0.16179226 234 88 12
-0.14803839 -0.037412083 0.16024122 234 88 12
-0.15094731 -0.039580411 0.15999622 234 88 12
-0.15980258 -0.046263976 0.15930854 234 88 12
-0.16591611 -0.0505018 0.15869316 234 88 12
-0.17214405 -0.054293224 0.15787566 234 88 12
-0.18154033 -0.059585068 0.15636943 234 88 12
-0.18475701 -0.061146292 0.1557655 234 88 12
-0.22065467 -0.07616091 0.14849068 234 88 12
-0.22369322 -0.077361334 0.14791044 234 88 12
-0.017174772 0.048546008 0.18210279 234 88 12
-0.18801163 -0.063001822 0.15168607 234 88 12
-0.19126624 -0.064449998 0.15105269 234 88 12
-0.21108394 -0.072564289 0.14719134 234 88 12
-0.22675685 -0.078963796 0.14417928 234 88 12
0.031047284 0.058364691 0.19030691 234 88 12
0.014814336 0.055525105 0.18613828 234 88 12
-0.045537437 0.0370708 0.17165003 234 88 12
-0.071385775 0.024203561 0.16499657 234 88 12
-0.075211321 0.021999908 0.16405439 234 88 12
-0.098239211 0.0053444967 0.15890992 234 88 12
-0.12569419 -0.019036003 0.15500775 234 88 12
-0.14198758 -0.033136621 0.15364512 234 88 12
-0.16555527 -0.051095901 0.15199024 234 88 12
-0.18470222 -0.061726577 0.14891492 234 88 12
-0.22058166 -0.077025883 0.14225593 234 88 12
-0.22368191 -0.078177809 0.14164008 234 88 12
-0.054373252 0.032363745 0.16583407 234 88 12
-0.063177434 0.028558212 0.16349462 234 88 12
-0.10088719 0.0025891715 0.15485277 234 88 12
-0.11211807 -0.0068251614 0.15296632 234 88 12
-0.13901789 -0.030954229 0.1503639 234 88 12
-0.18130182 -0.060142374 0.14610386 234 88 12
-0.18779202 -0.063710344 0.14502736 234 88 12
-0.1945486 -0.066682821 0.14387022 234 88 12
-0.19791224 -0.068070814 0.14320755 234 88 12
-0.21112391 -0.073424205 0.14075577 234 88 12
-0.21745293 -0.075985034 0.13960866 234 88 12
-0.0011937096 0.049992425 0.17570484 234 88 12
-0.016964608 0.046127562 0.17198231 234 88 12
-0.036446906 0.039765777 0.16704667 234 88 12
-0.074929793 0.021496852 0.15686638 234 88 12
-0.09496306 0.0072078333 0.15238963 234 88 12
-0.11201173 -0.0068332762 0.14937389 234 88 12
-0.11741463 -0.011506507 0.14868761 234 88 12
-0.12282034 -0.016175992 0.14809472 234 88 12
-0.13080055 -0.02398937 0.14757622 234 88 12
-0.15912905 -0.047045384 0.14560802 234 88 12
-0.18442386 -0.062146417 0.1421253 234 88 12
-0.18770757 -0.063967537 0.14160533 234 88 12
-0.0064106777 0.047993356 0.17106802 234 88 12
-0.07845226 0.018759183 0.15231509 234 88 12
-0.088512222 0.011602717 0.15006825 234 88 12
-0.11175886 -0.0070765466 0.14585824 234 88 12
-0.1360354 -0.028706309 0.14358255 234 88 12
-0.15028775 -0.040219427 0.14262115 234 88 12
-0.15617384 -0.044871116 0.14231033 234 88 12
-0.17469713 -0.057131102 0.14026238 234 88 12
-0.17788972 -0.058842902 0.13971525 234 88 12
-0.18757787 -0.064258065 0.13824294 234 88 12
-0.20456661 -0.071571701 0.13542111 234 88 12
0.036405026 0.054811391 0.17898842 234 88 12
0.0099461672 0.050172765 0.17192067 234 88 12
-0.0063405993 0.047178436 0.16774849 234 88 12
-0.058442429 0.028894608 0.15399665 234 88 12
-0.10322233 7.2362036e-06 0.14359597 234 88 12
-0.12790619 -0.021206789 0.1405955 234 88 12
-0.1305808 -0.023617473 0.14037144 234 88 12
-0.14449837 -0.035348813 0.13933344 234 88 12
-0.15317818 -0.042667482 0.13891861 234 88 12
-0.18091452 -0.061118785 0.13588082 234 88 12
-0.19766015 -0.069217064 0.13329811 234 88 12
-0.22953033 -0.082253847 0.12806519 234 88 12
0.0046789342 0.048350426 0.16717977 234 88 12
-0.021843957 0.042412368 0.16037121 234 88 12
-0.026755467 0.040916834 0.15903857 234 88 12
-0.045004151 0.033826371 0.15406145 234 88 12
-0.084964145 0.013537854 0.14349833 234 88 12
-0.094291197 0.0068970738 0.1414658 234 88 12
-0.10292704 -0.00038425786 0.14013884 234 88 12
-0.10576361 -0.0026585398 0.13965614 234 88 12
-0.13048376 -0.023583044 0.13686323 234 88 12
-0.14436951 -0.035409125 0.13584546 234 88 12
-0.16811296 -0.053621748 0.1341081 234 88 12
-0.21099165 -0.074638245 0.12759244 234 88 12
-0.22051488 -0.078616093 0.12606594 234 88 12
-0.23244744 -0.083827847 0.12447156 234 88 12
-0.03131825 0.038113511 0.15436783 234 88 12
-0.040383563 0.034845573 0.15177084 234 88 12
-0.062542196 0.025779788 0.1456071 234 88 12
-0.099927404 0.0019850135 0.13698446 234 88 12
-0.10276803 -0.00042023319 0.13656131 234 88 12
-0.14139138 -0.033068668 0.13251982 234 88 12
-0.15606048 -0.044853011 0.13145876 234 88 12
-0.16801959 -0.053871346 0.1305453 234 88 12
-0.21090467 -0.074972888 0.1242937 234 88 12
-0.21730968 -0.077580109 0.1232808 234 88 12
0.0051998402 0.045691082 0.16077134 234 88 12
-0.0446596 0.03234561 0.14702943 234 88 12
-0.070420924 0.021313245 0.13984433 234 88 12
-0.093867991 0.0065869513 0.13431783 234 88 12
-0.10820179 -0.0051472532 0.1321237 234 88 12
-0.12182405 -0.016461056 0.13042975 234 88 12
-0.13295347 -0.025984077 0.12958483 234 88 12
-0.13570014 -0.028401562 0.12939654 234 88 12
-0.15597732 -0.044907383 0.12785047 234 88 12
-0.15892019 -0.047187027 0.12762794 234 88 12
-0.18055437 -0.061715458 0.12554405 234 88 12
-0.21082502 -0.075257322 0.12096255 234 88 12
-0.21717258 -0.077931927 0.12002221 234 88 12
-0.23247698 -0.084080349 0.11790449 234 88 12
-0.2353677 -0.085301417 0.11753091 234 88 12
0.010874658 0.045324314 0.15891017 234 88 12
0.0054687016 0.044294403 0.15747635 234 88 12
-0.077631112 0.016818917 0.13429794 234 88 12
-0.11086612 -0.0074458643 0.1281481 234 88 12
-0.11625763 -0.011991671 0.12749712 234 88 12
-0.13283872 -0.02583307 0.12594333 234 88 12
-0.13841332 -0.030795223 0.12559608 234 88 12
-0.1413181 -0.033137987 0.12535312 234 88 12
-0.15298828 -0.042617103 0.12449741 234 88 12
-0.15884492 -0.047301107 0.12402187 234 88 12
-0.16484669 -0.051982476 0.12357251 234 88 12
-0.16787334 -0.054239109 0.12332395 234 88 12
-0.17407277 -0.058337245 0.12275765 234 88 12
-0.1836613 -0.063630253 0.12168654 234 88 12
-0.20420853 -0.072631334 0.11860255 234 88 12
-0.044447569 0.031094512 0.1399318 234 88 12
-0.048987 0.029594109 0.13857486 234 88 12
-0.070273083 0.0208296 0.13254028 234 88 12
-0.096539371 0.0042478847 0.12655768 234 88 12
-0.12424368 -0.019049799 0.12308933 234 88 12
-0.13553096 -0.028150872 0.12208061 234 88 12
-0.17087976 -0.056395181 0.11938829 234 88 12
-0.17396021 -0.058507281 0.11916548 234 88 12
-0.22341385 -0.080697382 0.11254697 234 88 12
-0.015792368 0.038790489 0.14459746 234 88 12
-0.02600975 0.03662677 0.14165653 234 88 12
-0.03545255 0.033859184 0.13896812 234 88 12
-0.10781185 -0.005316588 0.12133086 234 88 12
-0.12133627 -0.016909006 0.11978165 234 88 12
-0.14410769 -0.035224053 0.117857 234 88 12
-0.21407139 -0.076801807 0.11036589 234 88 12
-0.23217672 -0.084707704 0.10825637 234 88 12
0.0062058126 0.041342824 0.14730705 234 88 12
-0.066262023 0.022213097 0.12633836 234 88 12
-0.077386868 0.016309999 0.1234689 234 88 12
-0.093347192 0.0060295367 0.11992627 234 88 12
-0.15582581 -0.044971866 0.11325637 234 88 12
-0.18019077 -0.062307714 0.11129006 234 88 12
-0.19360673 -0.068806885 0.1097733 234 88 12
-0.20738911 -0.074286468 0.10800073 234 88 12
-0.04430865 0.029168822 0.12929037 234 88 12
-0.053267734 0.026344108 0.12651902 234 88 12
-0.066155677 0.021668888 0.12275917 234 88 12
-0.080619698 0.014239607 0.11893903 234 88 12
-0.10214291 -0.00060057233 0.11486486 234 88 12
-0.10760615 -0.0053244197 0.11408304 234 88 12
-0.1102386 -0.007786028 0.11379794 234 88 12
-0.12388102 -0.019123279 0.11228342 234 88 12
-0.15863803 -0.047463427 0.10947615 234 88 12
-0.16781003 -0.054129684 0.108634 234 88 12
-0.18339196 -0.064148749 0.10738091 234 88 12
-0.19006269 -0.067481315 0.10661656 234 88 12
-0.1970087 -0.070154102 0.10575789 234 88 12
-0.030610496 0.033202772 0.12979122 234 88 12
-0.039737564 0.030063022 0.12711474 234 88 12
-0.05766021 0.024471445 0.12159037 234 88 12
-0.066052778 0.021219421 0.11918505 234 88 12
-0.13230633 -0.026005074 0.10774312 234 88 12
-0.17704673 -0.060369809 0.10421161 234 88 12
-0.1802417 -0.062111888 0.10387391 234 88 12
-0.18339522 -0.063961427 0.10361764 234 88 12
-0.20397796 -0.072891187 0.10143708 234 88 12
-0.2073809 -0.074237741 0.10107986 234 88 12
0.0073204157 0.037842051 0.13724322 234 88 12
-0.044162514 0.028282361 0.12212746 234 88 12
-0.048596443 0.026798236 0.12076765 234 88 12
-0.057531876 0.023721755 0.11814132 234 88 12
-0.080177092 0.013595242 0.11193413 234 88 12
-0.11002051 -0.0079933614 0.10650382 234 88 12
-0.13823601 -0.030214894 0.10344776 234 88 12
-0.14397071 -0.034699844 0.10295858 234 88 12
-0.14975671 -0.039653024 0.10262101 234 88 12
-0.16160455 -0.049544326 0.10188505 234 88 12
-0.18022513 -0.062104182 0.1002449 234 88 12
-0.23722699 -0.087526996 0.094674992 234 88 12
-0.048538226 0.026200594 0.11731511 234 88 12
-0.065920155 0.020430451 0.11227386 234 88 12
-0.08971581 0.0070327593 0.10646158 234 88 12
-0.092853471 0.0051799995 0.10574287 234 88 12
-0.12966 -0.023382967 0.10059516 234 88 12
-0.14398261 -0.034726674 0.09923818 234 88 12
-0.14975888 -0.039538106 0.098875225 234 88 12
-0.23447171 -0.086078657 0.091550716 234 88 12
-0.014797067 0.033724724 0.12399281 234 88 12
-0.05741548 0.022895676 0.11123484 234 88 12
-0.089671783 0.0066693054 0.10299928 234 88 12
-0.13827681 -0.030179576 0.09608179 234 88 12
-0.14691547 -0.037121497 0.095404379 234 88 12
-0.16456729 -0.05173555 0.094403967 234 88 12
-0.18012036 -0.062005149 0.093189007 234 88 12
-0.1867615 -0.065456861 0.092546969 234 88 12
-0.20046388 -0.07123807 0.091302256 234 88 12
-0.21997629 -0.079655432 0.089397178 234 88 12
-0.231634 -0.084418336 0.08837215 234 88 12
0.0027566939 0.034471369 0.12537928 234 88 12
-0.083168837 0.010605017 0.10079201 234 88 12
-0.086340872 0.0085384846 0.10015444 234 88 12
-0.10172226 -0.0017723542 0.09685725 234 88 12
-0.1183885 -0.01504705 0.094663835 234 88 12
-0.12972231 -0.023554522 0.093280646 234 88 12
-0.13257649 -0.0257665 0.092997996 234 88 12
-0.14977395 -0.039811397 0.091661585 234 88 12
-0.16760263 -0.053785777 0.090638122 234 88 12
-0.17072318 -0.055927668 0.090401736 234 88 12
-0.18012606 -0.061886175 0.089672631 234 88 12
-0.23410717 -0.086039624 0.08487648 234 88 12
-0.23676345 -0.087398807 0.084770656 234 88 12
0.0088155972 0.034066432 0.12362031 234 88 12
-0.035015424 0.028662956 0.11100263 234 88 12
-0.065771328 0.019360255 0.10175266 234 88 12
-0.098831767 -0.00011866112 0.094021301 234 88 12
-0.118546 -0.015112875 0.090999746 234 88 12
-0.20387519 -0.072369832 0.084135146 234 88 12
-0.20716803 -0.073880664 0.083903888 234 88 12
-0.21356006 -0.076561299 0.083273264 234 88 12
-0.039572347 0.02686886 0.1060694 234 88 12
-0.061625024 0.020221815 0.099547598 234 88 12
-0.11602016 -0.012920962 0.087640699 234 88 12
-0.11877992 -0.015097731 0.087310555 234 88 12
-0.13288073 -0.025625251 0.085595744 234 88 12
-0.15876252 -0.047032992 0.084064711 234 88 12
-0.18993516 -0.066679548 0.082030126 234 88 12
-0.22262022 -0.080485961 0.079076666 234 88 12
-0.025086203 0.029738477 0.10686295 234 88 12
-0.034993518 0.027556548 0.10397082 234 88 12
-0.092930315 0.0037154863 0.088267403 234 88 12
-0.10194229 -0.0027432901 0.086514012 234 88 12
-0.16182334 -0.049344145 0.080319035 234 88 12
-0.16783051 -0.053739643 0.080045877 234 88 12
-0.22815165 -0.083203161 0.07536853 234 88 12
0.0041952666 0.031013515 0.11156075 234 88 12
-0.019476852 0.029770217 0.10490209 234 88 12
-0.044066959 0.024564295 0.097748421 234 88 12
-0.14447119 -0.035086382 0.077602918 234 88 12
-0.156057 -0.044485237 0.076988412 234 88 12
-0.17391799 -0.057661079 0.076214774 234 88 12
-0.23342379 -0.086149134 0.071790111 234 88 12
-0.057480727 0.019983065 0.090638194 234 88 12
-0.065781927 0.017294663 0.088217185 234 88 12
-0.10239801 -0.0032243264 0.079590537 234 88 12
-0.10816528 -0.007167449 0.078397379 234 88 12
-0.13035837 -0.023888336 0.074992644 234 88 12
-0.13882332 -0.03051518 0.074334664 234 88 12
-0.17387528 -0.057705729 0.072777248 234 88 12
-0.17689366 -0.059688426 0.072695118 234 88 12
-0.19311611 -0.068198003 0.071753767 234 88 12
-0.19660397 -0.06937825 0.071423419 234 88 12
-0.21316509 -0.076232122 0.069857878 234 88 12
-0.2250415 -0.081778005 0.068942556 234 88 12
-0.065857788 0.016892746 0.08471868 234 88 12
-0.09009297 0.0042650858 0.078624668 234 88 12
-0.093375236 0.0025270505 0.077919329 234 88 12
-0.12776612 -0.021841763 0.071644072 234 88 12
-0.13051477 -0.024052155 0.071385919 234 88 12
-0.13330298 -0.026217583 0.071171972 234 88 12
-0.13613511 -0.028499796 0.070991172 234 88 12
-0.14473447 -0.035067445 0.070431037 234 88 12
-0.16201289 -0.049037943 0.069512253 234 88 12
-0.19646255 -0.069279239 0.067989513 234 88 12
-0.20654494 -0.073376774 0.067014196 234 88 12
-0.22488212 -0.081648201 0.065582536 234 88 12
-0.00055052085 0.027979761 0.09960774 234 88 12
-0.030228691 0.026648393 0.0911666 234 88 12
-0.035165431 0.025756473 0.089760268 234 88 12
-0.11694433 -0.013721754 0.069699313 234 88 12
-0.16197156 -0.049149037 0.066044246 234 88 12
-0.18291161 -0.063413759 0.065636642 234 88 12
-0.21895298 -0.078756801 0.062606652 234 88 12
-0.2247861 -0.081541391 0.062217108 234 88 12
-0.01903398 0.027137869 0.090643417 234 88 12
-0.044574762 0.023072949 0.083460458 234 88 12
-0.053528778 0.020672352 0.080961124 234 88 12
-0.057956552 0.019386434 0.079744692 234 88 12
-0.073451378 0.012902582 0.075609573 234 88 12
-0.076954782 0.011170986 0.074663845 234 88 12
-0.080427975 0.0093797697 0.073740302 234 88 12
-0.13370657 -0.026452413 0.064059898 234 88 12
-0.1477655 -0.037542406 0.063224762 234 88 12
-0.1647494 -0.05136998 0.062523097 234 88 12
-0.17064046 -0.055909561 0.062537864 234 88 12
-0.17663589 -0.05996068 0.062450704 234 88 12
-0.18941552 -0.06652459 0.061836363 234 88 12
-0.012793322 0.02630495 0.088788233 234 88 12
-0.10298807 -0.0045192529 0.065533244 234 88 12
-0.12008 -0.016150421 0.062156027 234 88 12
-0.14204394 -0.03362252 0.060112877 234 88 12
-0.16470559 -0.051445385 0.059130275 234 88 12
-0.17358302 -0.057974903 0.059105621 234 88 12
-0.21554135 -0.077390407 0.056163493 234 88 12
-0.080785676 0.008794322 0.066750852 234 88 12
-0.10305873 -0.0047215381 0.061934679 234 88 12
-0.12026555 -0.016326781 0.058692788 234 88 12
-0.13123142 -0.024518596 0.057314839 234 88 12
-0.13398279 -0.026746958 0.057087232 234 88 12
-0.15347273 -0.042392102 0.055997975 234 88 12
-0.16180649 -0.0493039 0.055797962 234 88 12
-0.17349345 -0.057685582 0.055626327 234 88 12
-0.17645581 -0.059671547 0.055554909 234 88 12
-0.19593917 -0.069160933 0.054293919 234 88 12
-0.090726738 0.0029171129 0.060973875 234 88 12
-0.10615952 -0.0069457654 0.057788271 234 88 12
-0.10910151 -0.0087801371 0.057175463 234 88 12
-0.13135908 -0.024705497 0.053901805 234 88 12
-0.1450423 -0.035873701 0.052840299 234 88 12
-0.17042728 -0.05551527 0.052249753 234 88 12
-0.17643837 -0.059442031 0.052090197 234 88 12
-0.19250134 -0.067470772 0.051144475 234 88 12
-0.22419735 -0.081787997 0.048733905 234 88 12
-0.22711441 -0.083091305 0.048496634 234 88 12
-0.23820588 -0.089093188 0.047973066 234 88 12
-0.0062562402 0.024540352 0.080268478 234 88 12
-0.012469511 0.024679326 0.078470469 234 88 12
-0.058266884 0.017919296 0.065606392 234 88 12
-0.066595601 0.015052353 0.063435006 234 88 12
-0.10638535 -0.0070020703 0.054185879 234 88 12
-0.16174477 -0.049189475 0.049042644 234 88 12
-0.16740195 -0.053541188 0.048997514 234 88 12
-0.17634379 -0.059201111 0.048580629 234 88 12
-0.18274444 -0.062679277 0.048296304 234 88 12
0.0050857953 0.024844123 0.080417024 234 88 12
-0.02487024 0.02467825 0.071430876 234 88 12
-0.054003223 0.018935534 0.063206384 234 88 12
-0.066786798 0.0147114 0.059945807 234 88 12
-0.097570438 -0.0014361638 0.052528579 234 88 12
-0.13163355 -0.024954057 0.047024352 234 88 12
-0.13433354 -0.027224923 0.046783335 234 88 12
-0.16735024 -0.053351724 0.04557967 234 88 12
-0.20538113 -0.073422203 0.04348252 234 88 12
-0.24358912 -0.092407407 0.040826479 234 88 12
0.010206059 0.025658709 0.078501499 234 88 12
0.0048657167 0.024709339 0.076968453 234 88 12
-0.045095218 0.021193914 0.062138437 234 88 12
-0.062950884 0.016173991 0.05739751 234 88 12
-0.074543689 0.011291709 0.054493124 234 88 12
-0.091303769 0.0018221546 0.050551738 234 88 12
-0.13702853 -0.029588399 0.043065148 234 88 12
-0.1453546 -0.035767355 0.042394755 234 88 12
-0.14801679 -0.037880552 0.042254245 234 88 12
-0.22970933 -0.084901493 0.038265804 234 88 12
-0.23252482 -0.086484932 0.038077789 234 88 12
-0.2408271 -0.091128462 0.037633837 234 88 12
-0.25381052 -0.099507977 0.036897874 234 88 12
-0.025087948 0.024026254 0.064371964 234 88 12
-0.040653152 0.022071738 0.059948961 234 88 12
-0.045330039 0.021093569 0.05854568 234 88 12
-0.063132075 0.01602834 0.053835677 234 88 12
-0.088206997 0.0033196787 0.047830877 234 88 12
-0.10100377 -0.0040306939 0.044986519 234 88 12
-0.13180198 -0.025193046 0.040054332 234 88 12
-0.17307186 -0.05724386 0.038568611 234 88 12
-0.18902593 -0.065374591 0.03763496 234 88 12
-0.19546146 -0.068614651 0.037325621 234 88 12
-0.22068431 -0.080421603 0.03555166 234 88 12
-0.071197247 0.012519317 0.048394421 234 88 12
-0.088479473 0.0032979211 0.044253725 234 88 12
-0.13702546 -0.029911283 0.036285353 234 88 12
-0.15874631 -0.046841909 0.035380162 234 88 12
-0.16143125 -0.049104918 0.035444116 234 88 12
-0.18220529 -0.06225601 0.034690102 234 88 12
-0.19535574 -0.06857766 0.033972746 234 88 12
-0.20817562 -0.074670917 0.033125221 234 88 12
-0.23518455 -0.088284848 0.031198543 234 88 12
-0.25388193 -0.099924127 0.029999137 234 88 12
-0.040848444 0.021659567 0.052837346 234 88 12
-0.050237688 0.01953854 0.05023141 234 88 12
-0.075200734 0.010552426 0.043939939 234 88 12
-0.1238687 -0.019389096 0.034034067 234 88 12
-0.14801192 -0.038237994 0.032095314 234 88 12
-0.15064876 -0.040325964 0.032003799 234 88 12
-0.22624221 -0.083431515 0.028272419 234 88 12
-0.24603985 -0.094964341 0.027167641 234 88 12
-0.25129359 -0.098341459 0.02679034 234 88 12
0.0037253566 0.024460806 0.062222596 234 88 12
-0.019448963 0.023597245 0.055249344 234 88 12
-0.035951024 0.022301663 0.050740076 234 88 12
-0.123857 -0.019626582 0.030528387 234 88 12
-0.12915794 -0.023946526 0.029983149 234 88 12
-0.136952 -0.030108168 0.029352605 234 88 12
-0.15841425 -0.047167493 0.028644455 234 88 12
-0.1818373 -0.062247973 0.028001007 234 88 12
-0.22313958 -0.08203106 0.025126406 234 88 12
-0.2431345 -0.09349255 0.023876286 234 88 12
0.0035810701 0.024264025 0.058608725 234 88 12
-0.030835272 0.022807275 0.048571809 234 88 12
-0.040853375 0.021172723 0.045825853 234 88 12
-0.050213096 0.018978167 0.043256811 234 88 12
-0.063876571 0.015288434 0.039742758 234 88 12
-0.095592502 -0.0007727727 0.031879348 234 88 12
-0.10439494 -0.0062074981 0.029921269 234 88 12
-0.11284902 -0.012054326 0.028450565 234 88 12
-0.12377375 -0.020015755 0.026974301 234 88 12
-0.13427068 -0.02835139 0.026033293 234 88 12
-0.14508951 -0.036290796 0.025328417 234 88 12
-0.21990551 -0.080650236 0.022040769 234 88 12
-0.2345144 -0.089047684 0.02113757 234 88 12
-0.055051071 0.017916006 0.038437464 234 88 12
-0.075827593 0.010488457 0.032995077 234 88 12
-0.089502165 0.0031898891 0.02953298 234 88 12
-0.11012299 -0.010104162 0.025256721 234 88 12
-0.12102194 -0.018062242 0.023644285 234 88 12
-0.13148377 -0.026566179 0.022699589 234 88 12
-0.15802892 -0.04716331 0.021670926 234 88 12
-0.16067585 -0.04918261 0.021615614 234 88 12
-0.17505519 -0.058929217 0.021558878 234 88 12
-0.17815254 -0.060856191 0.021533464 234 88 12
-0.19785155 -0.070159491 0.020326756 234 88 12
-0.21067463 -0.076285051 0.019435132 234 88 12
-0.22868088 -0.085358905 0.017920727 234 88 12
-0.036080112 0.02185518 0.03999926 234 88 12
-0.050485323 0.018832476 0.036159947 234 88 12
-0.086499594 0.0050286866 0.026584117 234 88 12
-0.12360008 -0.020363818 0.019766132 234 88 12
-0.14469459 -0.036259116 0.018317638 234 88 12
-0.16306186 -0.051424972 0.018228211 234 88 12
-0.2008589 -0.071537628 0.016723148 234 88 12
-0.20407836 -0.073195001 0.016493023 234 88 12
-0.025373197 0.022319078 0.039364818 234 88 12
-0.059995803 0.01673492 0.030029536 234 88 12
-0.076359046 0.010242572 0.025782665 234 88 12
-0.11006085 -0.010399782 0.017967953 234 88 12
-0.11552682 -0.014289671 0.017091766 234 88 12
-0.11814407 -0.01629325 0.016769768 234 88 12
-0.1391012 -0.032221209 0.014997515 234 88 12
-0.20381043 -0.073069567 0.013124804 234 88 12
-0.22808607 -0.085631324 0.01118237 234 88 12
-0.23675389 -0.090904724 0.0105578 234 88 12
-0.0024752747 0.023151197 0.042029969 234 88 12
-0.0080417734 0.022706778 0.040418303 234 88 12
-0.060185703 0.016613255 0.026438279 234 88 12
-0.064560835 0.015120248 0.025352605 234 88 12
-0.076540617 0.010373353 0.022140464 234 88 12
-0.12593228 -0.022329964 0.012314722 234 88 12
-0.12844534 -0.024468913 0.012181333 234 88 12
-0.17122596 -0.057209085 0.011106934 234 88 12
-0.19696484 -0.070048849 0.010181408 234 88 12
-0.20348591 -0.07310414 0.0097381137 234 88 12
-0.21289994 -0.077697472 0.0091142955 234 88 12
-0.21590285 -0.079398452 0.0089226976 234 88 12
-0.22776047 -0.085987736 0.0078606508 234 88 12
-0.0026824584 0.023217465 0.038204752 234 88 12
-0.019650936 0.022141492 0.033718631 234 88 12
-0.076655887 0.010491627 0.018525361 234 88 12
-0.12053338 -0.018228188 0.0091331965 234 88 12
-0.13846784 -0.032512874 0.0078451685 234 88 12
-0.15409712 -0.045013698 0.0075905405 234 88 12
-0.17383372 -0.059155076 0.0075052442 234 88 12
-0.20949174 -0.076220564 0.005914146 234 88 12
0.01759136 0.027758466 0.039934185 234 88 12
-0.036172706 0.021253122 0.02582377 234 88 12
-0.046163091 0.019752304 0.023058119 234 88 12
-0.086899641 0.0049051604 0.012244412 234 88 12
-0.14581693 -0.038791493 0.0041145363 234 88 12
-0.16172552 -0.051614678 0.0041462399 234 88 12
-0.16457024 -0.053593791 0.004187131 234 88 12
-0.199472 -0.071664432 0.0030106848 234 88 12
-0.23567125 -0.091767372 0.00058066497 234 88 12
-0.076735366 0.010796044 0.01131511 234 88 12
-0.1042425 -0.0065912891 0.0041771133 234 88 12
-0.14806289 -0.040835033 0.00045441573 234 88 12
-0.1559386 -0.047284154 0.00042765934 234 88 12
-0.16412009 -0.053712964 0.000670185 234 88 12
-0.16710116 -0.0555402 0.00062826164 234 88 12
-0.17614681 -0.060706151 0.00014043358 234 88 12
-0.18593264 -0.065674236 -3.5280481e-05 234 88 12
-0.2148874 -0.079625044 -0.0012629601 234 88 12
-0.2179501 -0.081230785 -0.001558475 234 88 12
0.026775372 0.030465695 0.034708129 234 88 12
-0.025471515 0.022288728 0.021868971 234 88 12
-0.04622049 0.019972529 0.015948166 234 88 12
-0.068915602 0.013978876 0.0099379689 234 88 12
-0.098737989 -0.0026139036 0.0017968031 234 88 12
-0.10414467 -0.0064356394 0.00049081543 234 88 12
-0.1250983 -0.022236287 -0.0020598974 234 88 12
-0.169634 -0.057376877 -0.0030231901 234 88 12
-0.22045598 -0.083053354 -0.0052151178 234 88 12
-0.22344686 -0.084688951 -0.0054943294 234 88 12
0.012409081 0.026622259 0.027776001 234 88 12
-0.025446179 0.022417275 0.018392971 234 88 12
-0.076694042 0.010906759 0.0042480279 234 88 12
-0.080191498 0.0091518018 0.0032453038 234 88 12
-0.098746808 -0.0023538431 -0.0019145633 234 88 12
-0.10675267 -0.0082616649 -0.0036771916 234 88 12
-0.11460651 -0.014039367 -0.0048604716 234 88 12
-0.11970246 -0.018216784 -0.0052929482 234 88 12
-0.12478178 -0.022419293 -0.0056101478 234 88 12
-0.13250654 -0.02821395 -0.0063249225 234 88 12
-0.20794444 -0.076263038 -0.0080283904 234 88 12
-0.2110621 -0.077780357 -0.0082032296 234 88 12
-0.24276633 -0.098773281 -0.0099254682 234 88 12
0.02204067 0.029176261 0.026291631 234 88 12
0.017146631 0.028165468 0.025152597 234 88 12
0.0019936684 0.02483933 0.021709342 234 88 12
-0.0033911545 0.02412489 0.020416645 234 88 12
-0.0089229276 0.023712855 0.019006478 234 88 12
-0.068845264 0.014323412 0.0026918033 234 88 12
-0.10396347 -0.0061145375 -0.0068128272 234 88 12
-0.10919177 -0.010115573 -0.0078505047 234 88 12
-0.12450435 -0.02236812 -0.0092915115 234 88 12
-0.19121103 -0.069127311 -0.010850779 234 88 12
-0.20427724 -0.074854491 -0.011392966 234 88 12
-0.21644712 -0.081806556 -0.011924079 234 88 12
-0.22533083 -0.087274828 -0.012487896 234 88 12
-0.23405685 -0.0931911 -0.013032918 234 88 12
-0.24232699 -0.099172197 -0.013276828 234 88 12
-0.014409694 0.023434896 0.014029205 234 88 12
-0.025356825 0.022841333 0.011145911 234 88 12
-0.064665238 0.016072985 0.00011177635 234 88 12
-0.079999562 0.0092192041 -0.0040684367 234 88 12
-0.10380668 -0.0059435905 -0.010535539 234 88 12
-0.12175127 -0.020273884 -0.012854897 234 88 12
-0.12928921 -0.026218675 -0.013431136 234 88 12
-0.13696646 -0.032176054 -0.013841222 234 88 12
-0.14203704 -0.036394803 -0.014023849 234 88 12
-0.14941555 -0.043073194 -0.013830054 234 88 12
-0.17772664 -0.062682564 -0.014003697 234 88 12
-0.1809467 -0.064208467 -0.014117231 234 88 12
-0.23067082 -0.091601338 -0.016268565 234 88 12
0.012100398 0.027449975 0.016744982 234 88 12
-0.025147252 0.022932386 0.0075100988 234 88 12
-0.035702452 0.021653004 0.004695232 234 88 12
-0.060113677 0.017192298 -0.0021988211 234 88 12
-0.08321107 0.0073966385 -0.0087537252 234 88 12
-0.10870351 -0.010167402 -0.015095746 234 88 12
-0.21542194 -0.082377226 -0.019079148 234 88 12
-0.22435765 -0.08799542 -0.019460788 234 88 12
0.02202416 0.030179223 0.015260083 234 88 12
0.00709223 0.026360901 0.012027197 234 88 12
-0.059878012 0.017228599 -0.0057612853 234 88 12
-0.079573504 0.0093819261 -0.011539006 234 88 12
-0.092244642 0.0018247408 -0.015094476 234 88 12
-0.098003797 -0.0017307906 -0.016749809 234 88 12
-0.10857961 -0.0098946861 -0.018858867 234 88 12
-0.13893305 -0.034441199 -0.021214675 234 88 12
-0.14395661 -0.038750473 -0.021191414 234 88 12
-0.14897898 -0.043195292 -0.021030536 234 88 12
-0.15943288 -0.051606274 -0.020854367 234 88 12
-0.18667516 -0.067980129 -0.021382315 234 88 12
0.022126082 0.030312839 0.011641195 234 88 12
-0.0031563056 0.024859538 0.0058345469 234 88 12
-0.082702173 0.0077804304 -0.016343208 234 88 12
-0.092043714 0.0019523878 -0.018842331 234 88 12
-0.12345321 -0.022171815 -0.024408468 234 88 12
-0.1412447 -0.036529697 -0.024910675 234 88 12
-0.16195879 -0.053418476 -0.024590969 234 88 12
-0.21753976 -0.084747644 -0.026477034 234 88 12
0.017359147 0.028989151 0.007064375 234 88 12
0.0072179666 0.026804747 0.0047342932 234 88 12
-0.045103416 0.02035292 -0.0089859609 234 88 12
-0.071833636 0.012912394 -0.016728569 234 88 12
-0.07548858 0.01124017 -0.017892679 234 88 12
-0.082388288 0.0078399576 -0.020098351 234 88 12
-0.10551177 -0.0074476812 -0.026096409 234 88 12
-0.1181992 -0.017862896 -0.028000027 234 88 12
-0.13070447 -0.028294905 -0.028514358 234 88 12
-0.15367182 -0.047583333 -0.028513491 234 88 12
-0.16738267 -0.057411932 -0.028285395 234 88 12
-0.1763821 -0.063168235 -0.028355479 234 88 12
-0.20499006 -0.078322276 -0.029450955 234 88 12
0.017440861 0.029177602 0.0033907137 234 88 12
-0.0082904636 0.024745325 -0.0028982879 234 88 12
-0.024185135 0.023149156 -0.0070796214 234 88 12
-0.029486893 0.0226395 -0.0085100311 234 88 12
-0.063368989 0.015909081 -0.017985619 234 88 12
-0.10785466 -0.0095200093 -0.030404965 234 88 12
-0.1129316 -0.013621263 -0.031254206 234 88 12
-0.11548436 -0.015623995 -0.03159436 234 88 12
-0.14077365 -0.036265988 -0.032458367 234 88 12
-0.14588006 -0.040833632 -0.032307557 234 88 12
-0.15876405 -0.051685823 -0.032155176 234 88 12
-0.18880843 -0.070257051 -0.032307676 234 88 12
-0.023964066 0.023449668 -0.010797556 234 88 12
-0.06296815 0.016062963 -0.021900795 234 88 12
-0.071086082 0.012828753 -0.024276043 234 88 12
-0.096980586 -0.0011165955 -0.032017031 234 88 12
-0.10496603 -0.0074412383 -0.033811419 234 88 12
-0.11015082 -0.011546494 -0.034811771 234 88 12
-0.12261964 -0.022104552 -0.036075456 234 88 12
-0.18835157 -0.070543447 -0.036013449 234 88 12
-0.19149357 -0.072261842 -0.03611254 234 88 12
-0.0026626389 0.025601857 -0.0088085108 234 88 12
-0.081484585 0.0080770313 -0.03150172 234 88 12
-0.1072527 -0.0095069484 -0.038287829 234 88 12
-0.13253546 -0.030140276 -0.040234357 234 88 12
-0.18160155 -0.067200006 -0.039576208 234 88 12
-0.18470498 -0.069032553 -0.039626299 234 88 12
-0.057866777 0.017689445 -0.028317388 234 88 12
-0.096215409 -0.00090579587 -0.03996239 234 88 12
-0.10162267 -0.0051693554 -0.041212457 234 88 12
-0.10951599 -0.011372627 -0.042777536 234 88 12
-0.11945142 -0.020115898 -0.043682086 234 88 12
-0.12969939 -0.02804856 -0.04427322 234 88 12
-0.13743777 -0.034183732 -0.044250614 234 88 12
-0.15778468 -0.052247671 -0.043519982 234 88 12
-0.16915265 -0.060095047 -0.043313407 234 88 12
-0.20253267 -0.079987303 -0.043963765 234 88 12
-0.21138102 -0.085775568 -0.044258457 234 88 12
-0.023391787 0.02374042 -0.021875735 234 88 12
-0.0285207 0.022970723 -0.023338961 234 88 12
-0.033597863 0.022254788 -0.024793817 234 88 12
-0.053007604 0.018890476 -0.030891099 234 88 12
-0.10389449 -0.0070560288 -0.045885014 234 88 12
-0.13445396 -0.032318373 -0.048250401 234 88 12
-0.1549975 -0.049939015 -0.047553045 234 88 12
-0.17762666 -0.066185604 -0.047034303 234 88 12
-0.19591732 -0.076714947 -0.047416924 234 88 12
-0.21353897 -0.088221084 -0.048106558 234 88 12
0.013948885 0.028201548 -0.015813346 234 88 12
-0.0020681078 0.026089129 -0.019834162 234 88 12
-0.018024716 0.024697784 -0.024178609 234 88 12
-0.033363353 0.022710232 -0.028672898 234 88 12
-0.047975333 0.020145225 -0.033377523 234 88 12
-0.065514115 0.015146034 -0.038534568 234 88 12
-0.06941058 0.013700663 -0.039820435 234 88 12
-0.11138013 -0.013371635 -0.051082305 234 88 12
-0.13924687 -0.03680545 -0.05208594 234 88 12
-0.15719761 -0.052374756 -0.051285708 234 88 12
-0.17126836 -0.062486768 -0.051072146 234 88 12
-0.1771897 -0.066450725 -0.050917965 234 88 12
-0.19827254 -0.07889581 -0.051154369 234 88 12
0.0033944104 0.027107813 -0.022195307 234 88 12
-0.0071729637 0.02570656 -0.024979616 234 88 12
-0.1262595 -0.026043605 -0.056045204 234 88 12
-0.13885511 -0.037061129 -0.055992267 234 88 12
-0.16223195 -0.056855401 -0.0550057 234 88 12
-0.17085521 -0.062743212 -0.054918476 234 88 12
-0.19473216 -0.077518145 -0.054884427 234 88 12
0.047977596 0.033870137 -0.0153816 234 88 12
0.036942401 0.031901121 -0.018021526 234 88 12
-0.0016640615 0.02671814 -0.027369253 234 88 12
-0.027946495 0.024024552 -0.034906534 234 88 12
-0.04267175 0.021343099 -0.039622187 234 88 12
-0.15148443 -0.048043086 -0.059517981 234 88 12
-0.17333591 -0.065390935 -0.058613884 234 88 12
-0.18834507 -0.074358913 -0.058607079 234 88 12
-0.088225565 0.0032087929 -0.058293276 234 88 12
-0.097050939 -0.0027675084 -0.060736555 234 88 12
-0.10758734 -0.011315732 -0.062838246 234 88 12
-0.15625593 -0.052938267 -0.063073763 234 88 12
-0.16438407 -0.05944459 -0.06274053 234 88 12
-0.17567891 -0.068003685 -0.062422325 234 88 12
-0.17860867 -0.069812917 -0.062450189 234 88 12
-0.18469868 -0.073217942 -0.062419602 234 88 12
-0.18767934 -0.075045638 -0.062339022 234 88 12
-0.21051396 -0.090661801 -0.062536739 234 88 12
0.043767789 0.032634428 -0.023494404 234 88 12
-0.017164767 0.025478984 -0.039550252 234 88 12
-0.032411826 0.023272332 -0.044325314 234 88 12
-0.03725608 0.022304971 -0.045929142 234 88 12
-0.046526512 0.020514295 -0.049090196 234 88 12
-0.05946106 0.016884261 -0.053267195 234 88 12
-0.084639966 0.0049586631 -0.061342688 234 88 12
-0.087733931 0.0031032183 -0.062393062 234 88 12
-0.10981852 -0.013581855 -0.067040233 234 88 12
-0.1303417 -0.031081728 -0.067907259 234 88 12
-0.1955712 -0.081660054 -0.066050741 234 88 12
-0.1984096 -0.083663429 -0.066059407 234 88 12
0.0048085908 0.027342343 -0.037284607 234 88 12
-0.032042535 0.023355725 -0.04836852 234 88 12
-0.050465984 0.019300261 -0.054609941 234 88 12
-0.077632257 0.0086694378 -0.063380161 234 88 12
-0.10955512 -0.013556983 -0.071168696 234 88 12
-0.14538689 -0.044859273 -0.071434791 234 88 12
-0.14800214 -0.047073044 -0.071271619 234 88 12
-0.15054781 -0.049321854 -0.071172514 234 88 12
-0.1691193 -0.064711171 -0.070331261 234 88 12
-0.17192879 -0.066797445 -0.070295967 234 88 12
-0.17761967 -0.070942751 -0.0701819 234 88 12
-0.19196227 -0.080522024 -0.069873896 234 88 12
-0.20046705 -0.086411629 -0.069881141 234 88 12
-0.0058453711 0.02623668 -0.044199454 234 88 12
-0.026784035 0.024071207 -0.050772081 234 88 12
-0.073709331 0.010320359 -0.066476638 234 88 12
-0.086773663 0.0026748065 -0.070492343 234 88 12
-0.10386046 -0.0093385767 -0.074437799 234 88 12
-0.13242262 -0.033558899 -0.075820617 234 88 12
-0.14766022 -0.04731979 -0.075146439 234 88 12
-0.17435661 -0.069302808 -0.074193566 234 88 12
-0.19417277 -0.083047283 -0.073809966 234 88 12
0.055336809 0.034065596 -0.0313846 234 88 12
0.011261414 0.027749817 -0.043458276 234 88 12
-4.255469e-06 0.026617981 -0.046547942 234 88 12
-0.021469016 0.024699991 -0.053178808 234 88 12
-0.035981091 0.022183457 -0.058065365 234 88 12
-0.076589122 0.0083743715 -0.071738075 234 88 12
-0.097833567 -0.0054365388 -0.077400139 234 88 12
-0.12704323 -0.0292337 -0.079835335 234 88 12
-0.17118405 -0.067567599 -0.078257378 234 88 12
-0.19065072 -0.081857111 -0.077792238 234 88 12
-0.19870936 -0.088166435 -0.077535371 234 88 12
0.060295771 0.035129228 -0.033867585 234 88 12
0.0058206719 0.027200247 -0.048992756 234 88 12
-0.07931944 0.0061283908 -0.076853915 234 88 12
-0.10580928 -0.011593366 -0.082864707 234 88 12
-0.13188559 -0.033647099 -0.083814759 234 88 12
-0.15463094 -0.054831589 -0.082627238 234 88 12
-0.15721257 -0.057169516 -0.082494155 234 88 12
-0.17073867 -0.068052846 -0.082124613 234 88 12
-0.025939545 0.023799772 -0.062989895 234 88 12
-0.044422343 0.020026438 -0.069312892 234 88 12
-0.11598792 -0.020591793 -0.087683366 234 88 12
-0.12646028 -0.029213144 -0.087817667 234 88 12
-0.12907542 -0.031391565 -0.087847348 234 88 12
0.011643898 0.027821007 -0.055681424 234 88 12
-0.035258389 0.022093762 -0.070315216 234 88 12
-0.074753938 0.007343872 -0.084043884 234 88 12
-0.090744966 -0.0017542536 -0.088469199 234 88 12
-0.10497948 -0.011640568 -0.091012446 234 88 12
-0.10761102 -0.014004122 -0.091188252 234 88 12
-0.11026799 -0.016264831 -0.091363661 234 88 12
-0.11291269 -0.01847605 -0.091515015 234 88 12
-0.12877846 -0.03156829 -0.091776906 234 88 12
0.068957618 0.036799053 -0.042922874 234 88 12
0.011648133 0.027688577 -0.059868039 234 88 12
-0.020677321 0.024655478 -0.069668661 234 88 12
-0.035009918 0.021970571 -0.074421819 234 88 12
-0.047947323 0.018656323 -0.079021273 234 88 12
-0.056114893 0.015774461 -0.081974067 234 88 12
-0.12845567 -0.031620972 -0.095700844 234 88 12
-0.13100819 -0.033987019 -0.095564853 234 88 12
-0.1536266 -0.055822142 -0.094162883 234 88 12
-0.16657132 -0.067611728 -0.093522712 234 88 12
-0.17715535 -0.076457853 -0.09327879 234 88 12
-0.17971607 -0.078774817 -0.093177719 234 88 12
-0.18758783 -0.084973017 -0.092992279 234 88 12
0.08286997 0.040034783 -0.043323187 234 88 12
0.011550406 0.02760249 -0.064191983 234 88 12
-0.02057054 0.024347146 -0.073816052 234 88 12
-0.025407328 0.023541755 -0.075397855 234 88 12
-0.034736436 0.021824995 -0.078559821 234 88 12
-0.0555376 0.01529347 -0.085973561 234 88 12
-0.07024124 0.0085732763 -0.090960357 234 88 12
-0.10673595 -0.014628895 -0.09895295 234 88 12
-0.11208145 -0.019023958 -0.09925353 234 88 12
-0.14828827 -0.051184006 -0.098382134 234 88 12
-0.15833941 -0.060827067 -0.097717828 234 88 12
-0.16609814 -0.068026191 -0.097340686 234 88 12
-0.17912297 -0.079285541 -0.096947885 234 88 12
0.067437733 0.036378913 -0.051127036 234 88 12
-0.034448394 0.021413174 -0.082641331 234 88 12
-0.088794668 -0.0027357658 -0.10043791 234 88 12
-0.11445984 -0.021137547 -0.10331775 234 88 12
-0.14037784 -0.043906818 -0.10278753 234 88 12
-0.14789856 -0.051529904 -0.1021827 234 88 12
-0.16560802 -0.06845799 -0.1011661 234 88 12
0.090172408 0.041935097 -0.049539519 234 88 12
-0.025208518 0.023032117 -0.083616693 234 88 12
-0.029798546 0.022209544 -0.085186617 234 88 12
-0.042498503 0.018831293 -0.089857695 234 88 12
-0.10021741 -0.010943165 -0.10630406 234 88 12
-0.10308372 -0.012901812 -0.10662048 234 88 12
-0.12224477 -0.027949428 -0.1072063 234 88 12
-0.14250137 -0.046821522 -0.10638297 234 88 12
-0.15499951 -0.059194055 -0.10534542 234 88 12
-0.17275899 -0.076021762 -0.10458132 234 88 12
-0.17783739 -0.0804453 -0.10445152 234 88 12
-0.18780604 -0.089339464 -0.10417579 234 88 12
0.088989506 0.041738966 -0.053799248 234 88 12
-0.053992834 0.014482763 -0.09806221 234 88 12
-0.071771723 0.0060927474 -0.10388911 234 88 12
-0.078415121 0.0023701361 -0.10573901 234 88 12
-0.096819525 -0.0089827619 -0.10993241 234 88 12
-0.10259316 -0.013103294 -0.11050759 234 88 12
-0.12969273 -0.035030912 -0.11099065 234 88 12
-0.13724606 -0.041803315 -0.11068352 234 88 12
-0.16218342 -0.067088352 -0.10874132 234 88 12
-0.16716924 -0.071720292 -0.1085854 234 88 12
-0.16962672 -0.074095379 -0.10843128 234 88 12
-0.18447246 -0.08809243 -0.10791285 234 88 12
-0.015156113 0.024175629 -0.088698283 234 88 12
-0.053548823 0.014341453 -0.10210363 234 88 12
-0.057245476 0.012764929 -0.1033519 234 88 12
-0.060890812 0.011049196 -0.10455929 234 88 12
-0.099249759 -0.011023916 -0.11415762 234 88 12
-0.10495516 -0.015295356 -0.11449936 234 88 12
-0.11065176 -0.019499698 -0.11465975 234 88 12
-0.11342293 -0.021637393 -0.11467853 234 88 12
-0.12939309 -0.035087583 -0.114754 234 88 12
-0.13198521 -0.037458585 -0.11465853 234 88 12
-0.15668139 -0.062471902 -0.11267973 234 88 12
-0.16663996 -0.072156681 -0.11229403 234 88 12
-0.01498906 0.023920514 -0.092742563 234 88 12
-0.037560166 0.019271564 -0.10042942 234 88 12
-0.098808601 -0.011218508 -0.11804795 234 88 12
-0.12105475 -0.028377565 -0.11853257 234 88 12
-0.12634247 -0.033114574 -0.11844712 234 88 12
-0.1316061 -0.037630039 -0.11836772 234 88 12
-0.13910979 -0.044989273 -0.11803914 234 88 12
-0.15623265 -0.063061804 -0.11640986 234 88 12
-0.17100449 -0.077640304 -0.11585152 234 88 12
-0.17841507 -0.084859921 -0.11553405 234 88 12
-0.18547596 -0.091705566 -0.11539224 234 88 12
0.062448493 0.036555105 -0.07266997 234 88 12
0.057811392 0.035681707 -0.074039339 234 88 12
0.053200846 0.034846234 -0.075424914 234 88 12
-0.0047684711 0.025126322 -0.093791198 234 88 12
-0.014891923 0.023647972 -0.09679652 234 88 12
-0.019798513 0.023035101 -0.0984281 234 88 12
-0.024529476 0.022423963 -0.10004973 234 88 12
-0.029031918 0.021626991 -0.1016633 234 88 12
-0.033271606 0.02046775 -0.10307279 234 88 12
-0.059968853 0.010376217 -0.11244322 234 88 12
-0.073603498 0.003552997 -0.1166632 234 88 12
-0.086447667 -0.0039460398 -0.11971884 234 88 12
-0.095450013 -0.0095699455 -0.12144759 234 88 12
-0.11266205 -0.022237278 -0.12205019 234 88 12
-0.12075678 -0.02859865 -0.12228333 234 88 12
-0.14602774 -0.053251179 -0.12093347 234 88 12
-0.17528742 -0.08312457 -0.1194174 234 88 12
0.083719059 0.04170361 -0.071233781 234 88 12
-0.063017408 0.0083167706 -0.117381 234 88 12
-0.076448612 0.0014347085 -0.12137556 234 88 12
-0.082911079 -0.0022540568 -0.12287105 234 88 12
-0.09215174 -0.0077735442 -0.124659 234 88 12
-0.10380016 -0.015808689 -0.12583026 234 88 12
-0.13587603 -0.043329892 -0.12543658 234 88 12
-0.1649925 -0.074070207 -0.1232376 234 88 12
-0.16736563 -0.076648467 -0.12318279 234 88 12
-0.1838958 -0.093551127 -0.12275071 234 88 12
0.069305982 0.038491376 -0.079010981 234 88 12
0.060341682 0.03656887 -0.081483329 234 88 12
0.051278592 0.034949804 -0.084206375 234 88 12
-0.028626714 0.021001114 -0.10967245 234 88 12
-0.059143122 0.0097141263 -0.12020183 234 88 12
-0.062606893 0.0080820435 -0.12130205 234 88 12
-0.082587933 -0.0024083991 -0.12665447 234 88 12
-0.091707357 -0.0081514987 -0.12838347 234 88 12
-0.1034225 -0.016023596 -0.12952152 234 88 12
-0.13314772 -0.040981302 -0.12913399 234 88 12
-0.16678465 -0.077303633 -0.12684797 234 88 12
-0.16920319 -0.079635314 -0.12689865 234 88 12
-0.17620417 -0.087260833 -0.12659307 234 88 12
0.076726896 0.040635607 -0.081191638 234 88 12
0.063653906 0.037673072 -0.084673546 234 88 12
0.045851846 0.033955531 -0.089891778 234 88 12
-0.036812703 0.018363839 -0.11659057 234 88 12
-0.048274535 0.01428387 -0.12058483 234 88 12
-0.055414242 0.010997798 -0.12292626 234 88 12
-0.058886838 0.0094816391 -0.1241083 234 88 12
-0.075811532 0.0010534063 -0.12897636 234 88 12
-0.15660539 -0.067721739 -0.13095295 234 88 12
-0.16136316 -0.072998642 -0.1306357 234 88 12
-0.058697412 0.0093185001 -0.12801424 234 88 12
-0.068849886 0.0043477459 -0.13113086 234 88 12
-0.12986668 -0.039055232 -0.13638254 234 88 12
-0.15141288 -0.062714684 -0.13508029 234 88 12
-0.15367562 -0.065549075 -0.1348108 234 88 12
-0.044334353 0.015175606 -0.12713942 234 88 12
-0.048033009 0.013752422 -0.12840333 234 88 12
-0.051607904 0.012331777 -0.12961136 234 88 12
-0.068593103 0.0039161043 -0.13483461 234 88 12
-0.075124428 0.00024054893 -0.13638407 234 88 12
-0.11349598 -0.025539951 -0.14054067 234 88 12
-0.11617436 -0.027664151 -0.14045878 234 88 12
-0.13444752 -0.044333199 -0.13965789 234 88 12
-0.16001099 -0.074075042 -0.13798806 234 88 12
-0.16242327 -0.076628638 -0.13794288 234 88 12
-0.054903508 0.010393817 -0.13448698 234 88 12
-0.05838259 0.0087044345 -0.13555623 234 88 12
-0.065211181 0.0055176609 -0.13770675 234 88 12
-0.071647285 0.0018714132 -0.13937835 234 88 12
-0.096253393 -0.01287229 -0.14344494 234 88 12
-0.11311682 -0.025530258 -0.1440834 234 88 12
-0.12385925 -0.03445346 -0.14377121 234 88 12
-0.15234849 -0.066553127 -0.14200027 234 88 12
-0.051398026 0.011745913 -0.13714917 234 88 12
-0.054774407 0.01003339 -0.13818799 234 88 12
-0.08080151 -0.0042352706 -0.14493835 234 88 12
-0.087084699 -0.0078365178 -0.14591776 234 88 12
-0.093033323 -0.011334404 -0.14667543 234 88 12
-0.13579745 -0.047563662 -0.14648765 234 88 12
-0.14724053 -0.061172641 -0.14588532 234 88 12
-0.1608948 -0.077826724 -0.14500613 234 88 12
-0.051381347 0.011577557 -0.14087058 234 88 12
-0.080471149 -0.0045955841 -0.1484461 234 88 12
-0.098446012 -0.015279973 -0.15070912 234 88 12
-0.10130588 -0.017307092 -0.15086925 234 88 12
-0.12028692 -0.032380724 -0.15094952 234 88 12
-0.14225608 -0.055511522 -0.14981784 234 88 12
-0.058077091 0.0077669217 -0.1464285 234 88 12
-0.061377365 0.00613806 -0.14738785 234 88 12
-0.064622947 0.0045392012 -0.14830648 234 88 12
-0.089363654 -0.0098045519 -0.15333403 234 88 12
-0.092311072 -0.011752693 -0.15365794 234 88 12
-0.10657806 -0.021166752 -0.15444945 234 88 12
-0.12737335 -0.039972958 -0.15404078 234 88 12
-0.14162727 -0.055927734 -0.15318192 234 88 12
-0.14389252 -0.058663661 -0.15298017 234 88 12
-0.10338125 -0.019262677 -0.15774554 234 88 12
-0.13410425 -0.047783124 -0.15718127 234 88 12
-0.085608445 -0.0086726232 -0.15976325 234 88 12
-0.088688792 -0.010296153 -0.16016002 234 88 12
-0.094613036 -0.013846862 -0.16074936 234 88 12
-0.097454469 -0.01553885 -0.16096022 234 88 12
-0.11897354 -0.032335454 -0.16122868 234 88 12
-0.14053757 -0.056275025 -0.16008199 234 88 12
-0.14504146 -0.062001869 -0.15968498 234 88 12
-0.14732721 -0.064863861 -0.15957681 234 88 12
-0.1536928 -0.07358124 -0.1593832 234 88 12
-0.15798439 -0.079313135 -0.15932937 234 88 12
-0.085261678 -0.0090898449 -0.16305345 234 88 12
-0.091277069 -0.01239181 -0.16382775 234 88 12
-0.1026288 -0.01956784 -0.16441616 234 88 12
-0.12352321 -0.037370788 -0.16453269 234 88 12
-0.063693742 0.0030497206 -0.16189864 234 88 12
-0.069763212 -0.00066340806 -0.16342768 234 88 12
-0.079018305 -0.0056250231 -0.16551338 234 88 12
-0.096746468 -0.015794518 -0.16767549 234 88 12
-0.11795146 -0.032974194 -0.1678328 234 88 12
-0.12545839 -0.040440628 -0.16773887 234 88 12
-0.13480698 -0.051533894 -0.16726455 234 88 12
-0.14380629 -0.062891755 -0.16648529 234 88 12
-0.14610715 -0.065714804 -0.1664019 234 88 12
-0.16080555 -0.086135966 -0.16612261 234 88 12
-0.07870846 -0.0058735625 -0.16883607 234 88 12
-0.087675811 -0.011373722 -0.17010985 234 88 12
-0.10200398 -0.01997735 -0.1711284 234 88 12
-0.14328474 -0.063149152 -0.17005559 234 88 12
-0.14766038 -0.068904996 -0.16978816 234 88 12
-0.15382325 -0.077794151 -0.16973631 234 88 12
-0.16436703 -0.09259323 -0.16946984 234 88 12
-0.16839112 -0.098267509 -0.16925974 234 88 12
-0.069324899 -0.0011493623 -0.17025574 234 88 12
-0.09028241 -0.01317105 -0.17384168 234 88 12
-0.093129297 -0.014823606 -0.17410215 234 88 12
-0.10713764 -0.024004338 -0.17465933 234 88 12
-0.12448234 -0.040818771 -0.17462736 234 88 12
-0.13364659 -0.051988346 -0.17417418 234 88 12
-0.16371009 -0.093087927 -0.17303524 234 88 12
-0.075073407 -0.0050769123 -0.17486299 234 88 12
-0.078037096 -0.0068941337 -0.1754442 234 88 12
-0.092804283 -0.015055431 -0.17745396 234 88 12
-0.095631665 -0.016835935 -0.17765823 234 88 12
-0.15280343 -0.078242597 -0.17684927 234 88 12
-0.17072059 -0.10514101 -0.17619379 234 88 12
-0.080667232 -0.0090186552 -0.17926105 234 88 12
-0.083682775 -0.010553822 -0.17975186 234 88 12
-0.098095928 -0.019200493 -0.18111307 234 88 12
-0.10362336 -0.022691894 -0.18131628 234 88 12
-0.11645094 -0.033952245 -0.18138198 234 88 12
-0.12606789 -0.043654843 -0.18145408 234 88 12
-0.14599034 -0.069924583 -0.18048258 234 88 12
-0.16026209 -0.091422727 -0.17994153 234 88 12
-0.097747678 -0.019334207 -0.18452944 234 88 12
-0.1032548 -0.022939729 -0.18475098 234 88 12
-0.10857814 -0.027048637 -0.18492877 234 88 12
-0.1233427 -0.041147791 -0.18495736 234 88 12
-0.14753852 -0.073176254 -0.18396539 234 88 12
-0.16744785 -0.10375055 -0.1833121 234 88 12
-0.097465005 -0.019614451 -0.18786399 234 88 12
-0.11081655 -0.029641932 -0.18833949 234 88 12
-0.129662 -0.049925079 -0.18816303 234 88 12
-0.15696478 -0.08927854 -0.18697697 234 88 12
-0.16092382 -0.095634304 -0.18684047 234 88 12
-0.088528214 -0.014559873 -0.19056861 234 88 12
-0.11045451 -0.030020697 -0.19168403 234 88 12
-0.12031159 -0.039234088 -0.19177277 234 88 12
-0.12258113 -0.041840371 -0.19174119 234 88 12
-0.12485259 -0.044606032 -0.19170036 234 88 12
-0.16574236 -0.10507799 -0.19021506 234 88 12
-0.09959818 -0.0217655 -0.19481159 234 88 12
-0.11010835 -0.030153666 -0.19510942 234 88 12
-0.11511947 -0.034605567 -0.19514662 234 88 12
-0.12664635 -0.047591246 -0.1951767 234 88 12
-0.14166799 -0.068355965 -0.19466904 234 88 12
-0.14377566 -0.071253988 -0.19455863 234 88 12
-0.15169555 -0.08375752 -0.19398567 234 88 12
-0.1536924 -0.086781254 -0.19391784 234 88 12
-0.16496288 -0.10552385 -0.19363632 234 88 12
-0.090698979 -0.016825401 -0.19753864 234 88 12
-0.096422333 -0.020308334 -0.19794325 234 88 12
-0.10200689 -0.023952856 -0.19827705 234 88 12
-0.11222552 -0.032680318 -0.19844761 234 88 12
-0.12625333 -0.047696179 -0.198695 234 88 12
-0.13904316 -0.065462343 -0.1983108 234 88 12
-0.15105441 -0.084179188 -0.19746124 234 88 12
-0.15495437 -0.090233274 -0.19729937 234 88 12
-0.096075929 -0.020629008 -0.20125421 234 88 12
-0.10935509 -0.030575231 -0.20183773 234 88 12
-0.11427061 -0.035365635 -0.2019195 234 88 12
-0.13849237 -0.065677913 -0.20173048 234 88 12
-0.15028711 -0.08469377 -0.20086389 234 88 12
-0.15808855 -0.096834521 -0.20063042 234 88 12
-0.10114088 -0.024622261 -0.20488512 234 88 12
-0.10893305 -0.030911296 -0.20518434 234 88 12
-0.11139002 -0.033289671 -0.20521607 234 88 12
-0.12302094 -0.045584379 -0.20558836 234 88 12
-0.12531644 -0.048287158 -0.20553442 234 88 12
-0.15724506 -0.097416414 -0.20397606 234 88 12
-0.1590984 -0.10035217 -0.20389107 234 88 12
-0.16433033 -0.10959369 -0.20343372 234 88 12
-0.08958341 -0.018233058 -0.20734386 234 88 12
-0.16348606 -0.10995328 -0.20663166 234 88 12
-0.16516865 -0.11303649 -0.20646449 234 88 12
-0.097626769 -0.023481506 -0.21145862 234 88 12
-0.12871638 -0.054717271 -0.21219091 234 88 12
-0.14491949 -0.079115423 -0.21147356 234 88 12
-0.065600107 -0.0060477497 -0.2100542 234 88 12
-0.099920513 -0.025897022 -0.21491181 234 88 12
-0.11229515 -0.036762846 -0.21535652 234 88 12
-0.12388506 -0.049682091 -0.21563055 234 88 12
-0.14242829 -0.076529042 -0.21481209 234 88 12
-0.14431807 -0.079743752 -0.21475758 234 88 12
-0.14610613 -0.082844852 -0.21469311 234 88 12
-0.14970116 -0.088779391 -0.21463879 234 88 12
-0.16196517 -0.11070457 -0.21315272 234 88 12
-0.12981722 -0.058679893 -0.21881601 234 88 12
-0.14559293 -0.083126168 -0.21804094 234 88 12
-0.13145574 -0.062219376 -0.22203275 234 88 12
-0.13359352 -0.06504501 -0.22194652 234 88 12
-0.13568833 -0.068032531 -0.2218624 234 88 12
-0.13760033 -0.071152794 -0.22173098 234 88 12
-0.15041594 -0.092774705 -0.22104404 234 88 12
-0.13517084 -0.06865625 -0.22523843 234 88 12
-0.14461718 -0.083581072 -0.22477849 234 88 12
-0.15668029 -0.10627008 -0.22310253 234 88 12
-0.16002125 -0.1122487 -0.22275544 234 88 12
-0.16164956 -0.1150857 -0.22262604 234 88 12
-0.099894709 -0.030993636 -0.22855043 234 88 12
-0.12817664 -0.06062784 -0.22885985 234 88 12
-0.15618066 -0.10680072 -0.22638855 234 88 12
-0.16252166 -0.11846672 -0.22564904 234 88 12
-0.13402348 -0.06998653 -0.23202951 234 88 12
-0.13792797 -0.07591164 -0.231786 234 88 12
-0.15403116 -0.10394871 -0.22997335 234 88 12
-0.15722879 -0.11052287 -0.22938277 234 88 12
-0.16037385 -0.11642606 -0.22898243 234 88 12
-0.16183666 -0.11914159 -0.22881708 234 88 12
-0.15650306 -0.11123774 -0.23250921 234 88 12
-0.15506039 -0.11586746 -0.24798203 234 88 12
-0.15100078 -0.11055907 -0.25467854 234 88 12
-0.034341333 -0.03086917 -0.43127483 234 88 12
-0.036593345 -0.032633411 -0.43167019 234 88 12
-0.025008928 -0.024729418 -0.43255227 234 88 12
-0.029187734 -0.028141606 -0.43633306 234 88 12
-0.065010468 -0.063168696 -0.43987951 234 88 12
-0.084861933 -0.093057364 -0.44051941 234 88 12
-0.0886345 -0.099450796 -0.44075206 234 88 12
-0.026540385 -0.026690652 -0.43893733 234 88 12
-0.069030077 -0.069175496 -0.44280727 234 88 12
-0.082891175 -0.090472611 -0.44305503 234 88 12
-0.021549886 -0.024059908 -0.44112433 234 88 12
-0.030082885 -0.030776569 -0.44554181 234 88 12
-0.025199068 -0.027653399 -0.44781734 234 88 12
-0.084684048 -0.095315298 -0.45141908 234 88 12
-0.022119468 -0.026249839 -0.45337198 234 88 12
-0.023080202 -0.028172305 -0.46194104 234 88 12
-0.029928398 -0.033022134 -0.46280962 234 88 12
-0.058113958 -0.059660658 -0.4701034 234 88 12
-0.086459874 -0.10540936 -0.46985953 234 88 12
-0.033942958 -0.036056215 -0.47128067 234 88 12
-0.050684388 -0.05205333 -0.47230693 234 88 12
-0.055552018 -0.056991398 -0.47263325 234 88 12
-0.028893038 -0.032598436 -0.4733782 234 88 12
-0.031248579 -0.034274843 -0.47361115 234 88 12
-0.052709055 -0.054550147 -0.47510636 234 88 12
-0.057533795 -0.059842843 -0.47538121 234 88 12
-0.080461656 -0.095138523 -0.47532333 234 88 12
-0.023781616 -0.029560293 -0.47567952 234 88 12
-0.033122902 -0.036321339 -0.47640749 234 88 12
-0.040212111 -0.042552713 -0.47699412 234 88 12
-0.063964687 -0.068804328 -0.47830877 234 88 12
-0.081798735 -0.09915892 -0.477956 234 88 12
-0.085406014 -0.10615311 -0.4779451 234 88 12
-0.08707124 -0.10986815 -0.4778102 234 88 12
-0.025580512 -0.031154221 -0.47864387 234 88 12
-0.037309283 -0.040488884 -0.47941571 234 88 12
-0.044587099 -0.047284287 -0.47995521 234 88 12
-0.04951596 -0.052016807 -0.48037588 234 88 12
-0.065701072 -0.072332958 -0.48095395 234 88 12
-0.086737191 -0.11004935 -0.48049297 234 88 12
-0.017995734 -0.027339903 -0.48088033 234 88 12
-0.020348043 -0.028549884 -0.48101755 234 88 12
-0.025041954 -0.031283737 -0.48134667 234 88 12
-0.034382304 -0.038530306 -0.48193155 234 88 12
-0.056267638 -0.060211581 -0.48336866 234 88 12
-0.015002952 -0.026384744 -0.4836635 234 88 12
-0.024403884 -0.031618909 -0.484029 234 88 12
-0.045847098 -0.050346874 -0.48539237 234 88 12
-0.026134414 -0.033540386 -0.48692127 234 88 12
-0.035574565 -0.04110752 -0.48748978 234 88 12
-0.055124945 -0.061136774 -0.48872381 234 88 12
-0.030062765 -0.037567827 -0.48982437 234 88 12
-0.059107406 -0.067698205 -0.49165588 234 88 12
-0.022566842 -0.032418174 -0.49245244 234 88 12
-0.024839279 -0.034122695 -0.49247176 234 88 12
-0.029536206 -0.037797747 -0.49261839 234 88 12
-0.015028336 -0.028671634 -0.49520028 234 88 12
-0.021936057 -0.032640066 -0.49534454 234 88 12
-0.033791289 -0.042107872 -0.49571702 234 88 12
-0.030797393 -0.040289025 -0.49854809 234 88 12
-0.054695605 -0.066219029 -0.5000474 234 88 12
-0.056868458 -0.069417965 -0.50012835 234 88 12
-0.02058749 -0.033503255 -0.50114118 234 88 12
-0.025293774 -0.036857809 -0.50126691 234 88 12
-0.056055001 -0.06990126 -0.50306806 234 88 12
-0.034126641 -0.045382783 -0.50475988 234 88 12
-0.046020011 -0.058538119 -0.50539634 234 88 12
-0.050919731 -0.064071093 -0.5058343 234 88 12
-0.057577302 -0.073369745 -0.5063662 234 88 12
-0.014706211 -0.032053619 -0.50713372 234 88 12
-0.033282105 -0.045937246 -0.50762354 234 88 12
-0.035673469 -0.048383191 -0.50776343 234 88 12
-0.042824718 -0.056316339 -0.50821018 234 88 12
-0.047613302 -0.061793367 -0.50862906 234 88 12
-0.052458695 -0.06745164 -0.50916955 234 88 12
-0.061264195 -0.080413037 -0.50960711 234 88 12
-0.075350571 -0.10448543 -0.5097827 234 88 12
-0.025494122 -0.040416328 -0.51030126 234 88 12
-0.034878089 -0.049090002 -0.510638 234 88 12
-0.049281418 -0.065042671 -0.51192914 234 88 12
-0.01324364 -0.033583568 -0.51325869 234 88 12
-0.061708638 -0.084934331 -0.51597992 234 88 12
-0.063764816 -0.088435572 -0.51599526 234 88 12
-0.075629547 -0.10893753 -0.51600675 234 88 12
-0.014761403 -0.035856428 -0.51628212 234 88 12
-0.058587705 -0.082325215 -0.51905537 234 88 12
-0.070978239 -0.10270125 -0.51917396 234 88 12
-0.048834769 -0.070559118 -0.52149013 234 88 12
-0.051088159 -0.073713993 -0.52170716 234 88 12
-0.026213033 -0.048225606 -0.52269632 234 88 12
-0.047944578 -0.071538733 -0.52474389 234 88 12
-0.073044364 -0.11086789 -0.52557306 234 88 12
-0.01411401 -0.041014837 -0.52565499 234 88 12
-0.016299543 -0.042389568 -0.52572562 234 88 12
-0.037233363 -0.061432662 -0.52695867 234 88 12
-0.050432717 -0.079978136 -0.5318299 234 88 12
-0.037642208 -0.066583919 -0.5340308 234 88 12
0.068978003 -0.004352372 0.38780115 234 88 12
0.065276251 0.0029360666 0.38354662 234 88 12
0.065654973 0.0036094476 0.3726453 234 88 12
0.066020975 0.003737702 0.35856107 234 88 12
0.072762718 -0.0062206259 0.35569146 234 88 12
0.070859275 -0.0021700245 0.3483166 234 88 12
0.044332153 0.032157645 0.34439976 234 88 12
0.098937737 -0.041156058 0.34778695 234 88 12
0.097105301 -0.038921975 0.34754744 234 88 12
0.079850204 -0.015041543 0.34573534 234 88 12
0.016019263 0.060600835 0.3339618 234 88 12
0.1145468 -0.053781662 0.34613411 234 88 12
0.11061433 -0.050719667 0.34553768 234 88 12
0.10697856 -0.047580064 0.34505057 234 88 12
0.09009017 -0.028574158 0.3432044 234 88 12
0.052788084 0.022419829 0.33861488 234 88 12
0.026922488 0.05015255 0.3332469 234 88 12
0.019364596 0.056986065 0.33122832 234 88 12
0.076020271 -0.0079250888 0.33820963 234 88 12
0.049868977 0.02600331 0.33445653 234 88 12
0.037086972 0.039770814 0.33189166 234 88 12
0.026647927 0.050119589 0.32945027 234 88 12
0.11026095 -0.04708157 0.33835635 234 88 12
0.10645305 -0.04368949 0.33784596 234 88 12
0.091180383 -0.027458963 0.33631756 234 88 12
0.073914675 -0.0041491438 0.33435412 234 88 12
0.063686302 0.0092902102 0.33303959 234 88 12
0.05845254 0.016082676 0.33229548 234 88 12
0.04019872 0.036533016 0.32881684 234 88 12
0.030175964 0.0464784 0.32659286 234 88 12
0.12316666 -0.053817774 0.33692722 234 88 12
0.10910636 -0.044334699 0.33458558 234 88 12
0.099555136 -0.035657547 0.3335864 234 88 12
0.074221633 -0.003775744 0.33084833 234 88 12
0.063945767 0.009466161 0.32952827 234 88 12
0.049862546 0.026304698 0.32712436 234 88 12
0.0065274513 0.065349361 0.31615327 234 88 12
0.11755145 -0.049189078 0.3323745 234 88 12
0.10981473 -0.043623792 0.33120668 234 88 12
0.10207125 -0.036723979 0.33036621 234 88 12
0.098253215 -0.032812782 0.3299702 234 88 12
0.064185834 0.010002808 0.3259374 234 88 12
0.061431526 0.013243664 0.32555655 234 88 12
0.036756593 0.040290616 0.32062283 234 88 12
0.02232375 0.053357238 0.31695372 234 88 12
0.11836873 -0.048261021 0.32902324 234 88 12
0.11049627 -0.042786602 0.32784279 234 88 12
0.098807593 -0.032168698 0.32664281 234 88 12
0.092826806 -0.025567805 0.32601726 234 88 12
0.08210555 -0.012026989 0.32465116 234 88 12
0.079745012 -0.0089292794 0.324374 234 88 12
0.049944128 0.027013086 0.31983373 234 88 12
0.029714058 0.046862323 0.31522303 234 88 12
0.10923416 -0.040427142 0.32425741 234 88 12
0.10336546 -0.035331657 0.32371938 234 88 12
0.093226781 -0.024824158 0.32259005 234 88 12
0.050057172 0.02745862 0.3161976 234 88 12
0.046891493 0.030778107 0.31556985 234 88 12
0.043569109 0.034013476 0.31486701 234 88 12
0.12622851 -0.050127825 0.32349241 234 88 12
0.091635916 -0.021749492 0.3188982 234 88 12
0.078208376 -0.0047920434 0.31712862 234 88 12
0.018403049 0.056210017 0.30451899 234 88 12
0.1142816 -0.041864274 0.31782423 234 88 12
0.087877199 -0.015988788 0.31479072 234 88 12
0.085606476 -0.013210128 0.31448999 234 88 12
0.083306116 -0.010471121 0.31422247 234 88 12
0.06810801 0.0085603153 0.31215398 234 88 12
0.1149282 -0.040888363 0.31435899 234 88 12
0.092638524 -0.020583375 0.3119916 234 88 12
0.083766983 -0.01005044 0.31075494 234 88 12
0.079055051 -0.0040927711 0.31018493 234 88 12
0.068412123 0.0089548163 0.30860809 234 88 12
0.062721465 0.01537944 0.30767668 234 88 12
0.053689732 0.025154313 0.30606677 234 88 12
0.043772478 0.03551934 0.30377681 234 88 12
0.018273076 0.056282669 0.2970798 234 88 12
0.12623038 -0.046108849 0.31272938 234 88 12
0.11981584 -0.042692054 0.31155656 234 88 12
0.11170602 -0.037762627 0.31072751 234 88 12
0.091068998 -0.017416258 0.30812084 234 88 12
0.074363899 0.0025003373 0.30598046 234 88 12
0.044076083 0.035723408 0.30015312 234 88 12
0.037175362 0.04208681 0.29847913 234 88 12
0.026215775 0.050971615 0.29556631 234 88 12
0.014098444 0.058969602 0.29192306 234 88 12
0.13627073 -0.048948862 0.31088627 234 88 12
0.13150672 -0.047162246 0.31003773 234 88 12
0.11636607 -0.039403729 0.30759942 234 88 12
0.11029878 -0.035513488 0.30710187 234 88 12
0.091550255 -0.016815315 0.30462807 234 88 12
0.079919779 -0.0031488895 0.30314913 234 88 12
0.060346192 0.019516755 0.30004247 234 88 12
0.057344825 0.022685709 0.29946368 234 88 12
0.051000429 0.029208961 0.29817316 234 88 12
0.044326419 0.036017391 0.29649 234 88 12
0.014040155 0.059253933 0.28790434 234 88 12
0.13958211 -0.048980759 0.30785414 234 88 12
0.12757535 -0.044297118 0.30573597 234 88 12
0.060720418 0.019842066 0.29648342 234 88 12
0.022440879 0.054294813 0.28669421 234 88 12
0.26122208 -0.065011741 0.33077282 234 88 12
0.12829403 -0.04360662 0.30232953 234 88 12
0.083373776 -0.0051458165 0.29652998 234 88 12
0.075373513 0.0042148271 0.29527437 234 88 12
0.069867566 0.010636569 0.29435134 234 88 12
0.037878534 0.043112898 0.2872869 234 88 12
0.2473517 -0.06291055 0.32312847 234 88 12
0.24250951 -0.062218304 0.32191611 234 88 12
0.14653443 -0.049407582 0.30190712 234 88 12
0.12249955 -0.039581234 0.29804921 234 88 12
0.070112495 0.011241041 0.29070792 234 88 12
0.055120869 0.027320214 0.2879198 234 88 12
0.24247148 -0.062360789 0.31795458 234 88 12
0.12965502 -0.042234233 0.29559479 234 88 12
0.11687739 -0.035149743 0.29370334 234 88 12
0.11073817 -0.030597539 0.29300239 234 88 12
0.096087844 -0.01708718 0.29118146 234 88 12
0.081595906 -0.0010389657 0.28903746 234 88 12
0.038438174 0.043509652 0.28002334 234 88 12
0.0099642125 0.061983883 0.27108267 234 88 12
0.13993899 -0.045484796 0.29388534 234 88 12
0.11550321 -0.033001578 0.29010343 234 88 12
0.10520921 -0.024864912 0.28892746 234 88 12
0.098838557 -0.018596005 0.28805449 234 88 12
0.084581683 -0.0034452812 0.28588715 234 88 12
0.081921828 -0.00024756916 0.28542507 234 88 12
0.070794837 0.012330996 0.28354269 234 88 12
0.05886027 0.024808538 0.2813477 234 88 12
0.042305687 0.040744419 0.27733978 234 88 12
0.0056567882 0.06401706 0.26574183 234 88 12
0.25205465 -0.063818154 0.31289376 234 88 12
0.1461059 -0.046699064 0.29155016 234 88 12
0.12017464 -0.035244081 0.28747453 234 88 12
0.10999619 -0.02765615 0.28606038 234 88 12
0.092481364 -0.011070336 0.28370867 234 88 12
0.079572279 0.0033913638 0.2814266 234 88 12
0.039011894 0.044115728 0.2727734 234 88 12
0.1362497 -0.042058294 0.28658635 234 88 12
0.13390923 -0.041331743 0.28629909 234 88 12
0.13155333 -0.040339655 0.28596307 234 88 12
0.099882397 -0.017517514 0.28131141 234 88 12
0.097699899 -0.015186108 0.28093095 234 88 12
0.085384608 -0.0023534007 0.27901155 234 88 12
0.079967595 0.0038720367 0.27797544 234 88 12
0.074414016 0.010114102 0.27704661 234 88 12
0.071591134 0.013161765 0.27656091 234 88 12
0.062630156 0.022513615 0.27490554 234 88 12
0.056452968 0.028703616 0.27357586 234 88 12
0.046477738 0.038214613 0.27112755 234 88 12
0.03560492 0.047231494 0.26811212 234 88 12
0.015223966 0.060165636 0.26139691 234 88 12
0.10486007 -0.021088648 0.27874641 234 88 12
0.028240859 0.052954046 0.26209377 234 88 12
0.011106017 0.062165178 0.25623414 234 88 12
0.0066138085 0.063973987 0.25473352 234 88 12
0.15441652 -0.047533633 0.28333422 234 88 12
0.1513542 -0.046532633 0.28286262 234 88 12
0.14024522 -0.04230816 0.28097137 234 88 12
0.13289473 -0.039409529 0.27983578 234 88 12
0.11169728 -0.025491855 0.27645432 234 88 12
0.10961693 -0.023813358 0.27615384 234 88 12
0.057166937 0.029434272 0.2666508 234 88 12
0.15834661 -0.048340731 0.28088645 234 88 12
0.15217669 -0.04637464 0.27996163 234 88 12
0.14634511 -0.044212716 0.27899875 234 88 12
0.11847191 -0.030170605 0.27439384 234 88 12
0.11428115 -0.026673605 0.27365233 234 88 12
0.096789153 -0.011011342 0.27064704 234 88 12
0.089294357 -0.0031972917 0.26923349 234 88 12
0.081322639 0.0055026918 0.26785417 234 88 12
0.075576677 0.011721113 0.26676527 234 88 12
0.040280975 0.045061172 0.25854647 234 88 12
0.025001171 0.055464696 0.25378902 234 88 12
0.16967833 -0.050639127 0.2794709 234 88 12
0.16596881 -0.049716263 0.27894651 234 88 12
0.14993565 -0.044915852 0.27654196 234 88 12
0.12096705 -0.030780706 0.27158396 234 88 12
0.11075651 -0.022906319 0.27003512 234 88 12
0.10420596 -0.016944845 0.26871599 234 88 12
0.099571311 -0.01253024 0.26778401 234 88 12
0.078784944 0.0092007974 0.26397927 234 88 12
0.066940653 0.021218874 0.26165331 234 88 12
0.016754611 0.059962161 0.24740408 234 88 12
0.1154826 -0.025380298 0.26744799 234 88 12
0.09017513 -0.002228975 0.26270107 234 88 12
0.067282244 0.021657316 0.25833871 234 88 12
0.037363178 0.048051342 0.25068681 234 88 12
0.1791279 -0.051431203 0.27458506 234 88 12
0.17512781 -0.05055672 0.27403715 234 88 12
0.16749819 -0.048783421 0.27299883 234 88 12
0.058490096 0.030845217 0.25311576 234 88 12
0.025956051 0.055996957 0.24340784 234 88 12
0.17580087 -0.049967964 0.2709791 234 88 12
0.1551416 -0.04442223 0.26833763 234 88 12
0.12081199 -0.027095687 0.26185558 234 88 12
0.11034807 -0.019201624 0.26003083 234 88 12
0.079961818 0.010638334 0.25408095 234 88 12
0.077099583 0.013469783 0.25359978 234 88 12
0.065038431 0.025560187 0.25109866 234 88 12
0.05875623 0.031199133 0.24978331 234 88 12
0.19755698 -0.054290028 0.27119769 234 88 12
0.18884889 -0.052499854 0.26986685 234 88 12
0.13936918 -0.037389365 0.26241389 234 88 12
0.13222311 -0.033725928 0.2609082 234 88 12
0.12994455 -0.032375171 0.26044294 234 88 12
0.10415221 -0.012485298 0.25556063 234 88 12
0.089057925 0.0025944662 0.25252908 234 88 12
0.065437932 0.025912968 0.24780342 234 88 12
0.042003131 0.046041837 0.24174823 234 88 12
0.16963072 -0.046881172 0.26400205 234 88 12
0.1595487 -0.044148435 0.26281631 234 88 12
0.15334003 -0.042035698 0.26192491 234 88 12
0.15044088 -0.040907142 0.26140533 234 88 12
0.14506281 -0.038839214 0.26039866 234 88 12
0.13997494 -0.03702297 0.25952134 234 88 12
0.12392864 -0.027407502 0.25606336 234 88 12
0.11138017 -0.017749472 0.25363762 234 88 12
0.10461894 -0.011668065 0.25226795 234 88 12
0.078060496 0.014680519 0.24711202 234 88 12
0.030774102 0.054325535 0.23446095 234 88 12
0.022609266 0.058909273 0.23174132 234 88 12
0.20313498 -0.053804641 0.26581672 234 88 12
0.16343303 -0.044499124 0.26024757 234 88 12
0.11405063 -0.018615877 0.25082563 234 88 12
0.078527316 0.015256699 0.24391684 234 88 12
0.022928947 0.059065118 0.22836832 234 88 12
0.1992003 -0.052301658 0.26205794 234 88 12
0.16397959 -0.043829994 0.257285 234 88 12
0.084935408 0.0099628711 0.24183316 234 88 12
0.08202774 0.01293801 0.24129065 234 88 12
0.076027647 0.018435282 0.24016681 234 88 12
0.046659899 0.044207468 0.23284634 234 88 12
0.19548015 -0.051181892 0.25840177 234 88 12
0.16457646 -0.043281264 0.25438102 234 88 12
0.15211931 -0.039072792 0.2525153 234 88 12
0.14659176 -0.036997001 0.25159109 234 88 12
0.11292799 -0.015317882 0.24402491 234 88 12
0.11071808 -0.013516613 0.2435906 234 88 12
0.1062392 -0.0095013113 0.24262574 234 88 12
0.076553391 0.018834654 0.23695696 234 88 12
0.060971263 0.033002579 0.23341434 234 88 12
0.047124703 0.04471395 0.22945918 234 88 12
0.20507889 -0.052217386 0.25681588 234 88 12
0.20057387 -0.051458044 0.25608949 234 88 12
0.19612419 -0.050550485 0.25540601 234 88 12
0.18350568 -0.047788731 0.25378034 234 88 12
0.16187723 -0.041487307 0.2510024 234 88 12
0.15267994 -0.038346789 0.24958627 234 88 12
0.13512064 -0.030642251 0.2461647 234 88 12
0.12623348 -0.024428721 0.24372056 234 88 12
0.10449985 -0.006700538 0.23899286 234 88 12
0.094314569 0.0031402096 0.23705199 234 88 12
0.06150613 0.033295925 0.23021119 234 88 12
0.19258482 -0.049104374 0.25193042 234 88 12
0.18838202 -0.04819689 0.25141812 234 88 12
0.16932415 -0.043116034 0.24903692 234 88 12
0.12255948 -0.020962371 0.23972531 234 88 12
0.10507194 -0.0060810422 0.23584081 234 88 12
0.10016159 -0.0013720295 0.23486747 234 88 12
0.071599851 0.025625425 0.22916846 234 88 12
0.04429675 0.04869572 0.22149484 234 88 12
0.19329103 -0.048585316 0.24909968 234 88 12
0.13844704 -0.030793591 0.24094573 234 88 12
0.13617451 -0.029454264 0.2403324 234 88 12
0.12523132 -0.021845835 0.23727806 234 88 12
0.092825435 0.0070672725 0.23018112 234 88 12
0.089990775 0.0098521921 0.22964448 234 88 12
0.08716255 0.012584024 0.22907577 234 88 12
0.062748715 0.034172517 0.22370313 234 88 12
0.040997826 0.051491138 0.2169086 234 88 12
0.024803536 0.060165358 0.21127782 234 88 12
0.18582623 -0.046437017 0.24535365 234 88 12
0.14905189 -0.034821041 0.24026801 234 88 12
0.13443862 -0.027387216 0.23683977 234 88 12
0.12999512 -0.024357793 0.23558943 234 88 12
0.1215368 -0.018173581 0.23322121 234 88 12
0.096220497 0.0049144563 0.2275874 234 88 12
0.093519944 0.0076043789 0.22704502 234 88 12
0.069734668 0.029232959 0.22201376 234 88 12
0.063356613 0.034803464 0.22043376 234 88 12
0.04915992 0.046726966 0.21615471 234 88 12
0.045464232 0.049453103 0.2149098 234 88 12
0.033372607 0.05638189 0.2105712 234 88 12
0.18257349 -0.045129666 0.2421311 234 88 12
0.17495993 -0.042897349 0.24117572 234 88 12
0.13722326 -0.02801682 0.23455015 234 88 12
0.13054055 -0.023977486 0.23270762 234 88 12
0.12212769 -0.017627071 0.23028351 234 88 12
0.085661583 0.016107358 0.22229242 234 88 12
0.011146647 0.067765861 0.2003558 234 88 12
0.17955859 -0.043810574 0.23900764 234 88 12
0.17573935 -0.042551365 0.23844291 234 88 12
0.16513839 -0.03914355 0.23686093 234 88 12
0.1588965 -0.03726059 0.23601767 234 88 12
0.14261653 -0.030271115 0.23295004 234 88 12
0.12284231 -0.017272828 0.22740916 234 88 12
0.10504375 -0.0013578198 0.22295126 234 88 12
0.086407551 0.016573365 0.21915204 234 88 12
0.050318938 0.047643962 0.20952584 234 88 12
0.038660242 0.054776171 0.20535414 234 88 12
0.16939969 -0.039936289 0.23461462 234 88 12
0.15096439 -0.033277067 0.2316872 234 88 12
0.13403911 -0.024648726 0.22770788 234 88 12
0.12563756 -0.018563359 0.22518606 234 88 12
0.10058791 0.004281947 0.21871186 234 88 12
0.095480415 0.0090014869 0.21767733 234 88 12
0.071804058 0.030722458 0.21241921 234 88 12
0.051003492 0.048092262 0.2062333 234 88 12
0.047282467 0.050661169 0.20486316 234 88 12
0.18136396 -0.04308201 0.23339389 234 88 12
0.16692363 -0.038656319 0.23139967 234 88 12
0.15742871 -0.03540179 0.22995667 234 88 12
0.093414715 0.012374111 0.21392652 234 88 12
0.09061094 0.015173476 0.21330218 234 88 12
0.087825582 0.017880691 0.2126806 234 88 12
0.069310466 0.034203517 0.20824731 234 88 12
0.059025609 0.042709074 0.20534483 234 88 12
0.17837223 -0.041389973 0.2300262 234 88 12
0.17121851 -0.039267278 0.22905028 234 88 12
0.1207201 -0.012378496 0.21748265 234 88 12
0.11166765 -0.0036654077 0.21481358 234 88 12
0.096775701 0.010397105 0.21134697 234 88 12
0.09406629 0.013112733 0.21069101 234 88 12
0.020243379 0.06540071 0.18845234 234 88 12
0.20776583 -0.046675443 0.23067308 234 88 12
0.2034747 -0.045958176 0.23015228 234 88 12
0.19506661 -0.044154971 0.2290893 234 88 12
0.1792124 -0.040952978 0.22721816 234 88 12
0.15305611 -0.031967068 0.22309179 234 88 12
0.14776418 -0.029655826 0.22207558 234 88 12
0.14523606 -0.028437924 0.22155264 234 88 12
0.14053581 -0.025784885 0.22033462 234 88 12
0.12982442 -0.018549127 0.21735098 234 88 12
0.11928222 -0.0096566419 0.21392954 234 88 12
0.10008798 0.0085450224 0.20876066 234 88 12
0.094794963 0.013643799 0.20754624 234 88 12
0.056757327 0.046593585 0.19730654 234 88 12
0.017178054 0.067585441 0.18406751 234 88 12
0.19178808 -0.042678521 0.22568899 234 88 12
0.17284263 -0.03824406 0.22348332 234 88 12
0.14838552 -0.02911673 0.21917232 234 88 12
0.10339104 0.0066941925 0.20628404 234 88 12
0.089691432 0.019610053 0.20296994 234 88 12
0.08674231 0.022459979 0.20221814 234 88 12
0.071411801 0.035748764 0.19807299 234 88 12
0.057374496 0.047086642 0.1938844 234 88 12
0.19662725 -0.043051028 0.22332912 234 88 12
0.18085942 -0.039848371 0.22159035 234 88 12
0.14902961 -0.028590288 0.21628969 234 88 12
0.14177578 -0.024480335 0.21448737 234 88 12
0.11813173 -0.0063143042 0.20736319 234 88 12
0.041833538 0.057232538 0.18447054 234 88 12
0.21452179 -0.045449856 0.22272445 234 88 12
0.20576888 -0.044152027 0.22152182 234 88 12
0.1551182 -0.030492086 0.21459971 234 88 12
0.15230785 -0.029315734 0.21401683 234 88 12
0.14019612 -0.022465944 0.21100998 234 88 12
0.10964667 0.0030126314 0.20169008 234 88 12
0.072679105 0.036633691 0.19128107 234 88 12
0.058668856 0.047972082 0.18698326 234 88 12
0.042344414 0.057548996 0.18099994 234 88 12
0.022070267 0.067052677 0.17469872 234 88 12
0.21086118 -0.044154048 0.2192424 234 88 12
0.19820721 -0.041862591 0.21764943 234 88 12
0.18627992 -0.039637798 0.21635089 234 88 12
0.15875608 -0.031131742 0.21225682 234 88 12
0.14771 -0.026121391 0.20985328 234 88 12
0.14533363 -0.024917957 0.20930967 234 88 12
0.11921438 -0.0050705789 0.20155136 234 88 12
0.099949454 0.013001153 0.19559816 234 88 12
0.088700432 0.023782728 0.19243962 234 88 12
0.076415 0.034483763 0.18883851 234 88 12
0.073292731 0.036966154 0.18796176 234 88 12
0.059422951 0.048241767 0.18355841 234 88 12
0.055679387 0.050929196 0.18225484 234 88 12
0.01898656 0.069085281 0.17049763 234 88 12
0.0052611284 0.075778472 0.16779378 234 88 12
0.18702277 -0.039114027 0.21350942 234 88 12
0.17942719 -0.037300055 0.2125639 234 88 12
0.17233895 -0.035101132 0.21158635 234 88 12
0.16890977 -0.03404884 0.2110554 234 88 12
0.16255597 -0.031918752 0.21001152 234 88 12
0.15946903 -0.03073109 0.20941064 234 88 12
0.14829086 -0.025582481 0.20698095 234 88 12
0.13046422 -0.013803159 0.20214933 234 88 12
0.10833957 0.0061853325 0.19491651 234 88 12
0.063848135 0.045478446 0.18138153 234 88 12
0.052407492 0.05350637 0.17744459 234 88 12
0.016009315 0.071135063 0.16646104 234 88 12
0.0023077869 0.077780882 0.16367779 234 88 12
0.16317864 -0.031584892 0.20720733 234 88 12
0.13961742 -0.019805698 0.20187509 234 88 12
0.13520333 -0.016676429 0.20064023 234 88 12
0.10366584 0.011319127 0.19029449 234 88 12
0.10105304 0.013826954 0.18947155 234 88 12
0.098332895 0.016391371 0.18865408 234 88 12
0.064402693 0.045832458 0.17798014 234 88 12
0.031012889 0.063795149 0.16640725 234 88 12
0.006170446 0.076445047 0.161166 234 88 12
-0.0074456893 0.082443344 0.15833069 234 88 12
0.1771369 -0.035224098 0.20641354 234 88 12
0.13564094 -0.016403276 0.19781105 234 88 12
0.12701883 -0.0093883735 0.19499586 234 88 12
0.12269904 -0.005578424 0.19344086 234 88 12
0.11839774 -0.0016295505 0.19192514 234 88 12
0.11617914 0.00050554584 0.19114611 234 88 12
0.049073552 0.056207344 0.16902925 234 88 12
0.023932395 0.067931067 0.1611892 234 88 12
0.18129877 -0.035593906 0.20401406 234 88 12
0.16128572 -0.029551639 0.20094864 234 88 12
0.15266199 -0.025889892 0.19919834 234 88 12
0.12309095 -0.0051921368 0.19048296 234 88 12
0.069015155 0.04392739 0.17247868 234 88 12
0.065443769 0.046809701 0.17126757 234 88 12
0.061755683 0.049445604 0.17008663 234 88 12
0.049571896 0.056541646 0.1657113 234 88 12
0.00020398022 0.080600071 0.15331232 234 88 12
-0.0031945471 0.081927862 0.15269677 234 88 12
0.19769693 -0.038569943 0.20307206 234 88 12
0.097009411 0.019730602 0.17860757 234 88 12
0.088583386 0.027848005 0.17566923 234 88 12
0.054412546 0.054846931 0.16394243 234 88 12
0.024761387 0.068385947 0.15459666 234 88 12
0.014328147 0.074048543 0.15261331 234 88 12
0.20253652 -0.038675571 0.20061259 234 88 12
0.16858053 -0.031072756 0.1962672 234 88 12
0.14112901 -0.018799595 0.19052605 234 88 12
0.10510124 0.012479953 0.17811012 234 88 12
0.091929313 0.025310662 0.17357326 234 88 12
0.086083388 0.0306353 0.17153887 234 88 12
0.082975045 0.033537909 0.17042905 234 88 12
0.079881231 0.03628565 0.16937684 234 88 12
0.041494538 0.060893216 0.15588308 234 88 12
0.17943345 -0.033372901 0.19485731 234 88 12
0.15978225 -0.027360022 0.19170016 234 88 12
0.1369835 -0.015434417 0.18614727 234 88 12
0.13469442 -0.013561152 0.18536542 234 88 12
0.11721734 0.0017185772 0.17920088 234 88 12
0.10284739 0.015371751 0.17407996 234 88 12
0.051134433 0.057474202 0.1557923 234 88 12
0.042009082 0.061203125 0.15263624 234 88 12
0.18003531 -0.032814263 0.19190145 234 88 12
0.17293988 -0.031395208 0.19099925 234 88 12
0.14178902 -0.018213663 0.18452808 234 88 12
0.13947017 -0.016733662 0.18388555 234 88 12
0.1372409 -0.015091768 0.18317636 234 88 12
0.10567414 0.013269863 0.17188628 234 88 12
0.07770657 0.039822979 0.16187076 234 88 12
0.074479368 0.042401856 0.16079713 234 88 12
0.067581347 0.047957088 0.15843058 234 88 12
0.060113978 0.053434212 0.15563154 234 88 12
0.17352879 -0.03098371 0.18808953 234 88 12
0.16078438 -0.026893588 0.18590216 234 88 12
0.13090169 -0.0095056447 0.1778499 234 88 12
0.12871628 -0.0074442552 0.17702268 234 88 12
0.12655404 -0.0054246771 0.17621552 234 88 12
0.10349713 0.016086739 0.16784919 234 88 12
0.098344628 0.021228101 0.16591272 234 88 12
0.030568128 0.067426281 0.14299479 234 88 12
0.18498003 -0.032502611 0.18642159 234 88 12
0.18119084 -0.031690284 0.18595131 234 88 12
0.14227622 -0.017354712 0.17840121 234 88 12
0.13769068 -0.014326864 0.17706269 234 88 12
0.12213057 -0.0010803718 0.17154871 234 88 12
0.10852823 0.011763649 0.16652752 234 88 12
0.098578744 0.021588727 0.16277923 234 88 12
0.081694516 0.037471928 0.15669732 234 88 12
0.21028657 -0.036977663 0.18610457 234 88 12
0.16457902 -0.027004306 0.18040165 234 88 12
0.15558265 -0.023413028 0.17850883 234 88 12
0.14248018 -0.016900761 0.17524975 234 88 12
0.13095475 -0.0087051387 0.17165405 234 88 12
0.10135985 0.019345869 0.16056835 234 88 12
0.082121443 0.037658649 0.15358465 234 88 12
0.027733877 0.070106682 0.1359469 234 88 12
-0.0085525425 0.087353232 0.12903731 234 88 12
0.21089025 -0.036415287 0.1829743 234 88 12
0.20656262 -0.035596827 0.18256063 234 88 12
0.18633753 -0.031764885 0.18047366 234 88 12
0.18245282 -0.030858315 0.17997837 234 88 12
0.14748189 -0.018997988 0.17335797 234 88 12
0.085404879 0.035248383 0.15153854 234 88 12
0.079483212 0.040651184 0.14933067 234 88 12
0.072998481 0.046326496 0.14695325 234 88 12
0.044697144 0.063192119 0.13726976 234 88 12
0.013267845 0.078418951 0.12965346 234 88 12
0.0023368337 0.083581416 0.12763933 234 88 12
-0.01570093 0.089883286 0.12473019 234 88 12
0.229469 -0.038430838 0.18148165 234 88 12
0.16862281 -0.026647749 0.17468256 234 88 12
0.14263607 -0.015966016 0.16888713 234 88 12
0.14018625 -0.014452829 0.16813891 234 88 12
0.12862896 -0.0059457493 0.16452326 234 88 12
0.11981046 0.0018405522 0.16130474 234 88 12
0.058672915 0.057000604 0.13876045 234 88 12
0.054291474 0.059392463 0.13730985 234 88 12
0.049675261 0.061632674 0.13579691 234 88 12
0.017066753 0.077086934 0.12726582 234 88 12
0.013365892 0.078961816 0.12645223 234 88 12
0.0096413325 0.080771659 0.12571637 234 88 12
0.0022830676 0.084115182 0.12433768 234 88 12
-0.015721812 0.090275268 0.12149818 234 88 12
0.21676981 -0.036277775 0.17728898 234 88 12
0.15330853 -0.020720083 0.16846113 234 88 12
0.10634644 0.015671449 0.15290103 234 88 12
0.096471651 0.025659432 0.1491649 234 88 12
0.017205095 0.077485576 0.12413129 234 88 12
-0.001414325 0.086136846 0.12040893 234 88 12
-0.012198619 0.089728256 0.11870845 234 88 12
0.20029875 -0.032617894 0.17252825 234 88 12
0.19616478 -0.031770517 0.17205211 234 88 12
0.19210061 -0.030913394 0.17163081 234 88 12
0.18411375 -0.029196773 0.17068901 234 88 12
0.13780901 -0.012044454 0.16095922 234 88 12
0.11965316 0.0025084307 0.15490249 234 88 12
0.10855446 0.013712931 0.15059168 234 88 12
0.091235051 0.031195952 0.14399408 234 88 12
0.085776342 0.036403898 0.14193582 234 88 12
0.070517043 0.049691795 0.13650455 234 88 12
0.05938971 0.057528553 0.13268557 234 88 12
0.0290838 0.072040621 0.12384132 234 88 12
0.002215503 0.084765965 0.11791922 234 88 12
-0.0014796887 0.086327934 0.11725721 234 88 12
0.16296493 -0.022975118 0.16403437 234 88 12
0.14530331 -0.015894207 0.15991454 234 88 12
0.11288959 0.0095054783 0.14911328 234 88 12
0.05093267 0.062270666 0.12683284 234 88 12
0.0058394834 0.083336889 0.11541628 234 88 12
-0.01248216 0.090231444 0.11229341 234 88 12
0.1935623 -0.029776631 0.16546402 234 88 12
0.18534544 -0.028095605 0.16448473 234 88 12
0.16339572 -0.022664709 0.16092667 234 88 12
0.15401545 -0.019293095 0.15893659 234 88 12
0.14533561 -0.015452413 0.15670287 234 88 12
0.13030457 -0.0061083539 0.15226252 234 88 12
0.11706038 0.0055439078 0.14760152 234 88 12
0.11483599 0.0077483267 0.14673925 234 88 12
0.0057280484 0.083419421 0.11233883 234 88 12
-0.0016911642 0.086566868 0.11103457 234 88 12
0.20687762 -0.031710039 0.1637482 234 88 12
0.20262435 -0.030850452 0.16331325 234 88 12
0.16050579 -0.021208523 0.15709314 234 88 12
0.1482234 -0.016447986 0.15430365 234 88 12
0.11232838 0.010253943 0.14278947 234 88 12
0.10331613 0.019721657 0.13923809 234 88 12
0.096229233 0.026944419 0.13650481 234 88 12
0.080204815 0.042233641 0.13046676 234 88 12
0.077297478 0.044740491 0.12947994 234 88 12
-0.0056378075 0.088292465 0.1073135 234 88 12
-0.016558022 0.091744982 0.10552771 234 88 12
0.22995457 -0.034342687 0.16262913 234 88 12
0.22542825 -0.03366405 0.16219576 234 88 12
0.20329137 -0.030205413 0.1602121 234 88 12
0.19478962 -0.028447785 0.15924362 234 88 12
0.18649742 -0.026765658 0.15815236 234 88 12
0.11851149 0.0042801677 0.14184161 234 88 12
0.11423016 0.0083912479 0.14038595 234 88 12
0.085835079 0.037383687 0.12951155 234 88 12
0.070848186 0.050378603 0.12429541 234 88 12
0.051621302 0.063320347 0.11788376 234 88 12
0.047165266 0.065564556 0.11650638 234 88 12
0.21725888 -0.031905193 0.15839276 234 88 12
0.14831455 -0.015578935 0.14779785 234 88 12
0.14535055 -0.014195711 0.14698872 234 88 12
0.10941155 0.013270772 0.13544584 234 88 12
0.10044987 0.022544527 0.13207783 234 88 12
0.080147917 0.04285957 0.12435554 234 88 12
0.060050871 0.058751286 0.11760074 234 88 12
0.042797523 0.068078003 0.11210755 234 88 12
0.033692353 0.072201269 0.10947658 234 88 12
0.0011536769 0.085655215 0.1022382 234 88 12
0.20044268 -0.027965098 0.15338557 234 88 12
0.15159348 -0.016413834 0.14531414 234 88 12
0.13967839 -0.011059271 0.14215653 234 88 12
0.12728821 -0.0034025211 0.13845634 234 88 12
0.11582038 0.0067647011 0.13457813 234 88 12
0.095585307 0.028007903 0.12694932 234 88 12
0.093189088 0.03053671 0.1260204 234 88 12
0.047429682 0.066405673 0.11039503 234 88 12
0.00091670082 0.085730364 0.099100109 234 88 12
-0.013820392 0.09151784 0.096699094 234 88 12
0.1804785 -0.023428493 0.14754194 234 88 12
0.17657776 -0.02271073 0.14695169 234 88 12
0.1199505 0.003012402 0.13270937 234 88 12
0.088027966 0.036003393 0.12100337 234 88 12
0.077021413 0.046236169 0.11721645 234 88 12
-0.010619451 0.090662259 0.094054347 234 88 12
0.19358276 -0.0251843 0.14600983 234 88 12
0.1811559 -0.022843314 0.1443315 234 88 12
0.14552414 -0.012480784 0.13697015 234 88 12
0.12671249 -0.0022229154 0.13162122 234 88 12
0.076824876 0.046822405 0.11399248 234 88 12
0.067333739 0.054785045 0.11083771 234 88 12
0.055969202 0.062874177 0.10699555 234 88 12
0.033813129 0.073388435 0.10034429 234 88 12
-0.0073713215 0.089628444 0.091330828 234 88 12
0.19875214 -0.025422663 0.14334215 234 88 12
0.18192486 -0.022309976 0.14112578 234 88 12
0.14564941 -0.012033203 0.13360905 234 88 12
0.13971068 -0.0096005595 0.13203759 234 88 12
0.13684354 -0.0081725613 0.13129323 234 88 12
0.12653209 -0.0016797524 0.12820229 234 88 12
0.11043506 0.012412073 0.12304889 234 88 12
0.099355473 0.023943148 0.11913031 234 88 12
0.092417408 0.031638347 0.11647564 234 88 12
0.079489051 0.044767501 0.11177379 234 88 12
0.063852789 0.057697345 0.1066518 234 88 12
0.060083208 0.060463595 0.10539611 234 88 12
0.038406341 0.072117121 0.098506672 234 88 12
-0.0040906763 0.08840479 0.088672908 234 88 12
-0.011719334 0.091391084 0.08741277 234 88 12
-0.019028643 0.09347593 0.086396222 234 88 12
-0.022630398 0.094352292 0.085849902 234 88 12
0.19960554 -0.024854829 0.14008233 234 88 12
0.1953057 -0.024008494 0.13951113 234 88 12
0.18268809 -0.021897541 0.13787297 234 88 12
0.16281905 -0.017005235 0.13423204 234 88 12
0.1123253 0.010816537 0.12029664 234 88 12
0.10361918 0.019423717 0.11745451 234 88 12
0.087202525 0.037295017 0.11141908 234 88 12
0.024573141 0.07776518 0.091770922 234 88 12
0.015765538 0.080782046 0.089564947 234 88 12
0.0072765524 0.084137716 0.087506209 234 88 12
0.21363016 -0.026940498 0.13853164 234 88 12
0.14293411 -0.01007832 0.12611189 234 88 12
0.13410639 -0.0057782909 0.12376103 234 88 12
0.051757891 0.066275015 0.096590907 234 88 12
0.047402716 0.068680638 0.095217492 234 88 12
0.038199269 0.073073347 0.092472553 234 88 12
0.0028792836 0.086119483 0.083466054 234 88 12
0.18828013 -0.021488043 0.13178745 234 88 12
0.17129172 -0.01803019 0.12908078 234 88 12
0.11180441 0.011640352 0.11348148 234 88 12
0.10282524 0.020671246 0.11047405 234 88 12
0.096083038 0.028154599 0.10815486 234 88 12
0.093799919 0.030644158 0.10743908 234 88 12
0.038134245 0.073459983 0.08949505 234 88 12
0.028988998 0.077121343 0.086949498 234 88 12
-0.0054526486 0.089593158 0.078804194 234 88 12
0.23841382 -0.030619713 0.134924 234 88 12
0.20671418 -0.024338446 0.13099045 234 88 12
0.1933893 -0.021707705 0.12908217 234 88 12
0.1889332 -0.020967527 0.12846363 234 88 12
0.17180896 -0.017598511 0.1257024 234 88 12
0.16780979 -0.016736544 0.1249869 234 88 12
0.13133526 -0.003359178 0.11625936 234 88 12
0.11845171 0.0058162261 0.11239983 234 88 12
0.1138275 0.0099293371 0.11079601 234 88 12
0.10023371 0.023389483 0.10632198 234 88 12
0.095751847 0.028358338 0.10486485 234 88 12
0.07280017 0.051261134 0.097303443 234 88 12
0.0595162 0.061903288 0.092964561 234 88 12
0.033498383 0.075713188 0.085174952 234 88 12
0.019714425 0.080883069 0.081514668 234 88 12
0.015159497 0.082505443 0.080309268 234 88 12
0.23485259 -0.02939254 0.13120659 234 88 12
0.21211408 -0.024823589 0.12844794 234 88 12
0.18530609 -0.019803654 0.12443889 234 88 12
0.16829834 -0.016311341 0.12159971 234 88 12
0.14996762 -0.011266617 0.11773553 234 88 12
0.14334674 -0.0085126844 0.11596272 234 88 12
0.12312128 0.0027221034 0.11039889 234 88 12
0.11586466 0.0083758927 0.10810393 234 88 12
0.072487418 0.051700268 0.094010777 234 88 12
0.06942881 0.054496986 0.093011004 234 88 12
0.062772294 0.059784071 0.090879721 234 88 12
-0.0024312731 0.089137022 0.073079868 234 88 12
-0.029167908 0.097093997 0.068413323 234 88 12
0.23580678 -0.029078503 0.12801328 234 88 12
0.20850268 -0.023482511 0.12453146 234 88 12
0.18597454 -0.019389051 0.12114658 234 88 12
0.16491552 -0.015110337 0.11748976 234 88 12
0.15020078 -0.010694528 0.11430593 234 88 12
0.14022782 -0.0065626941 0.11172841 234 88 12
0.11798883 0.0069268642 0.10541797 234 88 12
0.10191474 0.02187527 0.10026315 234 88 12
0.097376011 0.026619286 0.098874082 234 88 12
0.069084305 0.054828188 0.089756491 234 88 12
0.17349785 -0.016513482 0.1155991 234 88 12
0.16146857 -0.013633867 0.11332181 234 88 12
0.14034735 -0.006144259 0.10839269 234 88 12
0.12034673 0.0053601546 0.10275673 234 88 12
0.11313894 0.011392292 0.10047674 234 88 12
0.10620324 0.017431718 0.0984081 234 88 12
0.10155964 0.022184487 0.096943664 234 88 12
0.099280563 0.024638149 0.096247514 234 88 12
0.092423122 0.031975743 0.094136906 234 88 12
0.090131901 0.03435955 0.093450871 234 88 12
0.074672332 0.049852113 0.088480078 234 88 12
0.014208032 0.083846183 0.070737481 234 88 12
0.00064641678 0.088631177 0.067350788 234 88 12
-0.022891555 0.096096861 0.062830111 234 88 12
0.20107946 -0.021231203 0.11684296 234 88 12
0.17405817 -0.015920296 0.11214678 234 88 12
0.16579568 -0.014039389 0.11053786 234 88 12
0.12277211 0.0038673668 0.10005835 234 88 12
0.074215894 0.050347999 0.085156643 234 88 12
0.0045659107 0.08768746 0.065034497 234 88 12
-0.030990137 0.098366256 0.058307462 234 88 12
0.2341917 -0.027700357 0.11817247 234 88 12
0.17044044 -0.014507014 0.10795406 234 88 12
0.16629801 -0.013593315 0.10713213 234 88 12
0.15094537 -0.0092516151 0.10407138 234 88 12
0.14733218 -0.0079665425 0.10323867 234 88 12
0.13413089 -0.0021882918 0.099819543 234 88 12
0.1311032 -0.00063895203 0.099012427 234 88 12
0.076603233 0.048131908 0.082673879 234 88 12
0.073733685 0.050840919 0.081817852 234 88 12
0.064490515 0.058534891 0.079038871 234 88 12
0.050103691 0.068865033 0.074467016 234 88 12
0.041768967 0.073527049 0.071966437 234 88 12
0.013555387 0.084769792 0.064256854 234 88 12
-0.00045400653 0.089448678 0.060774502 234 88 12
0.18875013 -0.018013102 0.10798604 234 88 12
0.15116925 -0.0088445207 0.10064875 234 88 12
0.093551673 0.030543553 0.084643092 234 88 12
0.089004539 0.035481862 0.083245696 234 88 12
0.067216924 0.056411317 0.076706499 234 88 12
0.057237432 0.064130834 0.073539184 234 88 12
0.036951754 0.076239511 0.067397985 234 88 12
0.032360798 0.078364525 0.066151772 234 88 12
0.15149909 -0.0085023603 0.097205479 234 88 12
0.14403108 -0.0055303915 0.095424771 234 88 12
0.12234488 0.0053436996 0.089550223 234 88 12
0.11709737 0.0089576142 0.088067855 234 88 12
0.11446907 0.011007488 0.087284884 234 88 12
0.093158333 0.03086853 0.081184 234 88 12
0.063673513 0.059258121 0.072407108 234 88 12
0.060334302 0.06185476 0.07135741 234 88 12
0.045257317 0.072233982 0.066493684 234 88 12
0.041080719 0.074502644 0.065265005 234 88 12
0.03666099 0.076637293 0.064026821 234 88 12
0.022720873 0.082373686 0.060236221 234 88 12
0.23733403 -0.027519019 0.10843521 234 88 12
0.20444331 -0.020529882 0.10382377 234 88 12
0.15982147 -0.010838498 0.09552107 234 88 12
0.15579344 -0.0095119953 0.094613684 234 88 12
0.14432038 -0.0052952079 0.09194442 234 88 12
0.13744196 -0.0024310026 0.090210176 234 88 12
0.059972484 0.062173721 0.068027753 234 88 12
0.03634917 0.076951914 0.060650335 234 88 12
-0.018301967 0.095969697 0.047579686 234 88 12
-0.03385174 0.10049191 0.044624333 234 88 12
0.2290539 -0.025226103 0.10382277 234 88 12
0.20522 -0.020181607 0.10036128 234 88 12
0.17295707 -0.013733266 0.094391105 234 88 12
0.13106201 0.0011196836 0.084933905 234 88 12
0.10181857 0.022407988 0.076859394 234 88 12
0.094794078 0.029280529 0.074812888 234 88 12
0.077832761 0.046428106 0.069979284 234 88 12
0.035895539 0.077248548 0.057253165 234 88 12
0.22986205 -0.025337661 0.10056487 234 88 12
0.20125986 -0.019195687 0.096182507 234 88 12
0.15661377 -0.0089116364 0.087602909 234 88 12
0.12218763 0.006375208 0.078975648 234 88 12
0.11395129 0.012355391 0.076603326 234 88 12
0.10637867 0.018567058 0.074600547 234 88 12
0.10159483 0.022739608 0.073346723 234 88 12
0.043989342 0.072982348 0.056490203 234 88 12
0.021656299 0.083159783 0.050095709 234 88 12
-0.0027443372 0.091319403 0.044034823 234 88 12
-0.02738117 0.099440899 0.039037692 234 88 12
0.20213857 -0.019043202 0.092733243 234 88 12
0.19736828 -0.018201637 0.092000607 234 88 12
0.17403078 -0.013298833 0.08764491 234 88 12
0.10864582 0.016801493 0.071694454 234 88 12
0.10377598 0.020921484 0.070500755 234 88 12
0.094257906 0.029871898 0.067809646 234 88 12
0.084660778 0.0392643 0.06527752 234 88 12
0.079705976 0.044074694 0.063954173 234 88 12
0.2532931 -0.030644259 0.097070268 234 88 12
0.1837076 -0.0154987 0.086134991 234 88 12
0.13161587 0.0019488522 0.074239816 234 88 12
0.1136158 0.013054035 0.069578368 234 88 12
0.10846123 0.01719958 0.068172797 234 88 12
0.10113363 0.023402525 0.06625955 234 88 12
0.098655112 0.025601503 0.065590087 234 88 12
0.093908695 0.030083506 0.064298833 234 88 12
0.091552934 0.032459116 0.063661493 234 88 12
0.073832985 0.049826159 0.058871293 234 88 12
0.054981365 0.06547285 0.053478367 234 88 12
-0.0081556393 0.093688794 0.036071857 234 88 12
-0.016614148 0.09633613 0.034460142 234 88 12
-0.028769714 0.10017078 0.031974457 234 88 12
-0.041075972 0.10299541 0.029164539 234 88 12
0.22735584 -0.023833752 0.089626306 234 88 12
0.1989119 -0.017886477 0.085127667 234 88 12
0.17962703 -0.014422519 0.081797068 234 88 12
0.17057668 -0.012084931 0.079888776 234 88 12
0.16203423 -0.0099224555 0.078139008 234 88 12
0.14232949 -0.0025445404 0.073385214 234 88 12
0.12192306 0.0079266561 0.06829429 234 88 12
0.11900893 0.0096683114 0.067572353 234 88 12
0.0935729 0.030421545 0.060699746 234 88 12
0.073431936 0.050124602 0.055339411 234 88 12
0.067659383 0.055411199 0.05377755 234 88 12
0.057976857 0.063087137 0.051085683 234 88 12
0.038209304 0.076077526 0.044912295 234 88 12
0.25007067 -0.029850899 0.089823503 234 88 12
0.24578157 -0.028449379 0.089095055 234 88 12
0.21888493 -0.021976037 0.084831075 234 88 12
0.19462859 -0.01704212 0.08086845 234 88 12
0.1897149 -0.016161752 0.080008956 234 88 12
0.1710266 -0.011926943 0.076415026 234 88 12
0.13899616 -0.00073587446 0.068984875 234 88 12
0.12508974 0.0064995344 0.065571039 234 88 12
0.11611515 0.011786843 0.063291733 234 88 12
0.1106764 0.015768946 0.061784728 234 88 12
0.053889714 0.066188274 0.046340997 234 88 12
0.037601648 0.076423618 0.041337448 234 88 12
0.014989685 0.085844586 0.03515664 234 88 12
0.28370663 -0.040361641 0.09153145 234 88 12
0.26246232 -0.033117726 0.088280121 234 88 12
0.23308249 -0.025392911 0.083667557 234 88 12
0.21945536 -0.022001526 0.081433282 234 88 12
0.18526191 -0.01510943 0.075670793 234 88 12
0.17140415 -0.011817225 0.072976466 234 88 12
0.16264762 -0.0093423942 0.071129764 234 88 12
0.15445337 -0.0065473341 0.069163958 234 88 12
0.1392506 -0.0004672578 0.065488182 234 88 12
0.10787303 0.018052251 0.057518809 234 88 12
0.09530153 0.028846365 0.054101311 234 88 12
0.092817608 0.031026109 0.053533441 234 88 12
0.072541757 0.050397174 0.048227357 234 88 12
0.063537041 0.0585033 0.045735315 234 88 12
-0.026829994 0.10045306 0.021993259 234 88 12
-0.048327926 0.10520426 0.016674286 234 88 12
0.22439376 -0.023039943 0.078815588 234 88 12
0.21979184 -0.021946892 0.07804469 234 88 12
0.21032747 -0.019969529 0.076499014 234 88 12
0.17177979 -0.011715283 0.069602413 234 88 12
0.12202959 0.0087736165 0.057709597 234 88 12
0.062990661 0.058736055 0.042109941 234 88 12
0.044850946 0.071731104 0.036655867 234 88 12
0.018766449 0.084668789 0.029169719 234 88 12
0.0092732197 0.088147077 0.026602446 234 88 12
-0.03598108 0.10344208 0.016234117 234 88 12
0.27744147 -0.038170473 0.083903417 234 88 12
0.23379242 -0.025545552 0.07701946 234 88 12
0.22923637 -0.024275626 0.076238682 234 88 12
0.21064939 -0.019878312 0.073104218 234 88 12
0.20579666 -0.018805924 0.072282734 234 88 12
0.15087483 -0.0047916084 0.06137868 234 88 12
0.13591348 0.001553843 0.057772701 234 88 12
0.12880022 0.0051553102 0.055903807 234 88 12
0.12537091 0.0070347769 0.055007046 234 88 12
0.12205047 0.008839441 0.054169907 234 88 12
0.11581871 0.012788146 0.052506314 234 88 12
0.099549959 0.025070037 0.048180499 234 88 12
0.079277927 0.04324648 0.043151783 234 88 12
0.044183141 0.072143136 0.032916009 234 88 12
0.02724244 0.081043847 0.028039734 234 88 12
-0.041115249 0.10480496 0.011454514 234 88 12
-0.050454162 0.10614224 0.0090012177 234 88 12
0.28989601 -0.042940008 0.082278135 234 88 12
0.25925793 -0.032198668 0.07768331 234 88 12
0.19114472 -0.015703933 0.066307217 234 88 12
0.16782928 -0.010094606 0.061835376 234 88 12
0.13218906 0.0037978703 0.053215811 234 88 12
0.11267399 0.01514831 0.048064018 234 88 12
0.096516877 0.027288848 0.043846343 234 88 12
0.083911023 0.038293451 0.040784069 234 88 12
0.054938411 0.064494828 0.032876376 234 88 12
0.031019001 0.079023988 0.025615505 234 88 12
-0.020458254 0.09894777 0.012755407 234 88 12
0.28989979 -0.042982823 0.07891745 234 88 12
0.26317753 -0.03317579 0.074914672 234 88 12
0.22520664 -0.023071594 0.068800988 234 88 12
0.080812297 0.040978185 0.036343411 234 88 12
0.05067259 0.067188672 0.028131906 234 88 12
0.030412314 0.079094769 0.021960788 234 88 12
-0.0071267714 0.094459426 0.012114644 234 88 12
-0.016500533 0.097765065 0.010042252 234 88 12
-0.021056673 0.099299237 0.0090434539 234 88 12
0.23436162 -0.025421746 0.067153301 234 88 12
0.22069464 -0.021861673 0.064706625 234 88 12
0.21603906 -0.020825751 0.063925697 234 88 12
0.14291829 -0.00077037774 0.048973006 234 88 12
0.082826093 0.038658251 0.033274486 234 88 12
0.077703429 0.043504632 0.031940193 234 88 12
0.075032832 0.046045064 0.031249741 234 88 12
-0.021552196 0.099494382 0.0052899011 234 88 12
0.18676456 -0.01369308 0.055245725 234 88 12
0.18193305 -0.012493216 0.054280687 234 88 12
0.17729934 -0.01150863 0.053365341 234 88 12
0.17268611 -0.010372244 0.052364425 234 88 12
0.15931478 -0.0066699573 0.049517445 234 88 12
0.12825872 0.0063831404 0.041733854 234 88 12
0.079797864 0.04112267 0.028906174 234 88 12
0.077125374 0.043707204 0.028176615 234 88 12
0.074405248 0.04633719 0.027507231 234 88 12
0.068895348 0.051572522 0.026269651 234 88 12
0.059877034 0.059344114 0.023981215 234 88 12
0.029243823 0.079394919 0.014582991 234 88 12
-0.017554878 0.098040543 0.0025282032 234 88 12
0.25138553 -0.029948645 0.063378725 234 88 12
0.24726994 -0.028670356 0.062708321 234 88 12
0.24304268 -0.027525606 0.062017526 234 88 12
0.20628384 -0.017933152 0.055454527 234 88 12
0.15937818 -0.006734853 0.046218729 234 88 12
0.15079026 -0.00375494 0.044204985 234 88 12
0.12803867 0.0066634579 0.038292299 234 88 12
0.10558929 0.019939482 0.032299658 234 88 12
0.071134916 0.049053867 0.02321266 234 88 12
0.02873212 0.079458721 0.010918777 234 88 12
-0.032060292 0.10248228 -0.004435449 234 88 12
-0.05097436 0.10733188 -0.0093663834 234 88 12
0.18686735 -0.013476582 0.048551675 234 88 12
0.12098608 0.010548261 0.033010617 234 88 12
0.11118077 0.016393712 0.030344692 234 88 12
0.081420794 0.038736519 0.022430368 234 88 12
0.048329241 0.067479238 0.013472182 234 88 12
0.032392926 0.077384994 0.0085189941 234 88 12
0.0049049601 0.089872676 0.00084273247 234 88 12
-0.028214929 0.10129323 -0.0072095722 234 88 12
-0.042081752 0.10540097 -0.010739484 234 88 12
0.28663558 -0.040879535 0.061436277 234 88 12
0.24677292 -0.028495216 0.056166323 234 88 12
0.22926187 -0.023525668 0.053061626 234 88 12
0.20125258 -0.016594678 0.047885557 234 88 12
0.13102708 0.005354743 0.03237208 234 88 12
0.10197301 0.022017527 0.024510092 234 88 12
0.099134242 0.024007875 0.023737252 234 88 12
0.072902753 0.04674874 0.016639605 234 88 12
0.067345305 0.051581846 0.015358355 234 88 12
0.051324842 0.065060266 0.010921203 234 88 12
0.047687486 0.067633194 0.0098182867 234 88 12
0.0090609302 0.088128795 -0.0016177986 234 88 12
-0.028923114 0.10167986 -0.011175145 234 88 12
0.26581475 -0.033373265 0.055529184 234 88 12
0.23783857 -0.025891218 0.051368093 234 88 12
0.23338087 -0.024486753 0.050540304 234 88 12
0.1819249 -0.012343229 0.041056385 234 88 12
0.087945067 0.032285909 0.017380569 234 88 12
0.054265993 0.062517977 0.0082174282 234 88 12
0.050742275 0.065070656 0.0072346537 234 88 12
-0.015629167 0.097389027 -0.01186288 234 88 12
-0.029738733 0.10218327 -0.015183715 234 88 12
0.29229692 -0.042580065 0.055081206 234 88 12
0.2727428 -0.035575065 0.053117367 234 88 12
0.2617652 -0.032017363 0.051647602 234 88 12
0.20065627 -0.016373795 0.041354883 234 88 12
0.19101514 -0.014278467 0.039602874 234 88 12
0.17682433 -0.010902303 0.036649999 234 88 12
0.13771991 0.0019862959 0.02765956 234 88 12
0.12652159 0.0075956892 0.024644691 234 88 12
0.10997091 0.016711696 0.020044523 234 88 12
0.087417728 0.032519516 0.013870996 234 88 12
0.069098969 0.049357566 0.0088290845 234 88 12
0.060280803 0.057220693 0.006398868 234 88 12
-0.044434275 0.10637176 -0.022478798 234 88 12
0.29512394 -0.043337511 0.051760422 234 88 12
0.28902678 -0.040957129 0.051227957 234 88 12
0.28588062 -0.039703394 0.050946733 234 88 12
0.26872695 -0.033857581 0.049193047 234 88 12
0.26498023 -0.032651288 0.048697686 234 88 12
0.21435031 -0.019811465 0.040731915 234 88 12
0.20970888 -0.01872808 0.039888704 234 88 12
0.171529 -0.0092732635 0.032172351 234 88 12
0.16683691 -0.0079028246 0.031151002 234 88 12
0.15352562 -0.0039499899 0.028167882 234 88 12
0.14919744 -0.002319864 0.027125333 234 88 12
0.14104001 0.00065105332 0.025176305 234 88 12
0.037820751 0.073221437 -0.003786487 234 88 12
0.0021604831 0.090348665 -0.014462362 234 88 12
-0.0074324957 0.094039411 -0.017128543 234 88 12
-0.021759342 0.099626083 -0.020822241 234 88 12
0.28884301 -0.040442276 0.047640782 234 88 12
0.27570784 -0.035634563 0.046434318 234 88 12
0.26460003 -0.032246928 0.045234481 234 88 12
0.26085715 -0.031285819 0.04481505 234 88 12
0.24487307 -0.027304275 0.04274621 234 88 12
0.23635507 -0.025290335 0.041498634 234 88 12
0.23193554 -0.024171949 0.04075234 234 88 12
0.21842461 -0.020860276 0.038254643 234 88 12
0.1853599 -0.012879532 0.031906816 234 88 12
0.14867957 -0.0021350333 0.023673799 234 88 12
0.13654986 0.0023875731 0.020769359 234 88 12
0.12179104 0.0095926836 0.016880136 234 88 12
0.10280472 0.020649348 0.011472072 234 88 12
0.097015987 0.024516754 0.0098684097 234 88 12
0.094237079 0.026454352 0.0090712871 234 88 12
0.091529915 0.028508771 0.0083289623 234 88 12
0.081181838 0.037261495 0.005404929 234 88 12
0.041275231 0.07056748 -0.0061969278 234 88 12
0.03718755 0.07327117 -0.0075392349 234 88 12
0.010787251 0.086578725 -0.015548352 234 88 12
0.25657881 -0.030146524 0.040947429 234 88 12
0.23586806 -0.024854417 0.038054759 234 88 12
0.226981 -0.022743998 0.036562058 234 88 12
0.17505418 -0.0100022 0.02637941 234 88 12
0.15239527 -0.0035602491 0.021298913 234 88 12
0.13584334 0.0025618517 0.017264877 234 88 12
0.10811775 0.016965976 0.0098063266 234 88 12
0.090853928 0.028685473 0.0047644174 234 88 12
0.014645322 0.084228413 -0.017868207 234 88 12
-0.0088981991 0.094386023 -0.024944791 234 88 12
-0.018321013 0.098068865 -0.027425082 234 88 12
0.33500565 -0.065195536 0.045628059 234 88 12
0.3012061 -0.044587992 0.041651499 234 88 12
0.25208246 -0.028629664 0.037012942 234 88 12
0.23085319 -0.02352374 0.033932883 234 88 12
0.18412729 -0.012596366 0.025118524 234 88 12
0.16974132 -0.0088896179 0.022118424 234 88 12
0.13126428 0.0043039551 0.012814319 234 88 12
0.11047584 0.015274772 0.007168011 234 88 12
0.09564476 0.024634454 0.0029099272 234 88 12
0.051175965 0.062263617 -0.010056434 234 88 12
0.035753541 0.072604294 -0.014896281 234 88 12
-0.01904391 0.098314643 -0.031286061 234 88 12
-0.042142414 0.10644156 -0.036541913 234 88 12
-0.046756747 0.10778352 -0.037666983 234 88 12
-0.056162317 0.11026555 -0.039966327 234 88 12
-0.060956013 0.11142906 -0.041182061 234 88 12
0.28853184 -0.038924015 0.036872954 234 88 12
0.28176009 -0.036248119 0.036297578 234 88 12
0.27831032 -0.034999524 0.036055036 234 88 12
0.27484758 -0.03397403 0.035838336 234 88 12
0.25173424 -0.028326691 0.033630819 234 88 12
0.23906316 -0.025253256 0.031910136 234 88 12
0.14665114 -0.0020712417 0.01332222 234 88 12
0.11957699 0.0096069057 0.0064120481 234 88 12
0.1005313 0.020593261 0.0010447338 234 88 12
0.086664316 0.030718522 -0.0029964195 234 88 12
0.078938702 0.037426272 -0.0052581087 234 88 12
0.076362544 0.039699913 -0.0060177347 234 88 12
0.05699006 0.056928491 -0.011660348 234 88 12
0.04302366 0.067185713 -0.015981592 234 88 12
0.034987873 0.072255506 -0.018592469 234 88 12
-0.0009743393 0.090378116 -0.029852699 234 88 12
-0.0057229163 0.092342355 -0.031265436 234 88 12
-0.038127464 0.10534352 -0.039218912 234 88 12
0.28845694 -0.038302734 0.033300017 234 88 12
0.28504853 -0.037079316 0.033008138 234 88 12
0.27454101 -0.033516479 0.032223747 234 88 12
0.25548536 -0.028908988 0.030595295 234 88 12
0.25139515 -0.027933965 0.030170558 234 88 12
0.24293531 -0.026076812 0.029119448 234 88 12
0.20682825 -0.01790445 0.023097669 234 88 12
0.15460599 -0.0046614809 0.012001567 234 88 12
0.15013753 -0.0032596964 0.010887919 234 88 12
0.14578312 -0.0019243532 0.0098174772 234 88 12
0.13342855 0.0027683462 0.0067399971 234 88 12
0.088479703 0.028480656 -0.0056845962 234 88 12
0.078085736 0.037418792 -0.0088516926 234 88 12
0.070392297 0.04421755 -0.011011951 234 88 12
0.062042285 0.051726574 -0.01346483 234 88 12
0.02994259 0.074667275 -0.023770872 234 88 12
-0.0016673339 0.090334616 -0.033749585 234 88 12
-0.020369946 0.098363837 -0.038850476 234 88 12
0.28497488 -0.036650976 0.029497432 234 88 12
0.16301804 -0.0074047584 0.010705276 234 88 12
0.13641633 0.0014232072 0.0041609448 234 88 12
0.10783149 0.015017473 -0.0035056062 234 88 12
0.084949442 0.030469998 -0.010087902 234 88 12
0.077204248 0.037371502 -0.012419925 234 88 12
0.069491394 0.044042152 -0.014626236 234 88 12
0.064039568 0.049202065 -0.016319469 234 88 12
0.058224621 0.053893725 -0.017958525 234 88 12
0.033429009 0.071736093 -0.026101318 234 88 12
0.01150768 0.084016061 -0.033310824 234 88 12
0.0023872061 0.088179989 -0.036202054 234 88 12
-0.0023725125 0.090193844 -0.037650882 234 88 12
-0.025542985 0.10013732 -0.043624066 234 88 12
-0.048299432 0.10892099 -0.048591488 234 88 12
-0.052914498 0.11024796 -0.049616981 234 88 12
0.34262835 -0.064380532 0.031349194 234 88 12
0.30167015 -0.042162132 0.027297812 234 88 12
0.29841486 -0.040934053 0.026994119 234 88 12
0.28140093 -0.035126807 0.02566856 234 88 12
0.26281165 -0.029616117 0.024152352 234 88 12
0.23334749 -0.023055968 0.020865208 234 88 12
0.21972764 -0.020399268 0.018776828 234 88 12
0.18153413 -0.012245254 0.011436286 234 88 12
0.11362011 0.011096465 -0.0051715357 234 88 12
0.10695892 0.014730284 -0.0070477055 234 88 12
0.1005414 0.018596201 -0.0089288616 234 88 12
0.086596469 0.028251779 -0.01288816 234 88 12
0.060217189 0.051384276 -0.020825175 234 88 12
0.044121926 0.063810131 -0.025861311 234 88 12
0.015288807 0.081423965 -0.035693005 234 88 12
-0.0031248109 0.090035583 -0.041640706 234 88 12
-0.039592636 0.10582017 -0.050247973 234 88 12
-0.062657221 0.11353985 -0.055560634 234 88 12
0.34740378 -0.065772878 0.027793944 234 88 12
0.34384272 -0.063556176 0.027602307 234 88 12
0.29174153 -0.037892262 0.022686356 234 88 12
0.277757 -0.033308574 0.021770501 234 88 12
0.27401776 -0.03206348 0.021405561 234 88 12
0.27029016 -0.030829855 0.021074001 234 88 12
0.26252312 -0.029010551 0.020550668 234 88 12
0.21461694 -0.018949067 0.014444563 234 88 12
0.13471199 0.0013079942 -0.0029085454 234 88 12
0.13079094 0.0027733982 -0.0039235666 234 88 12
0.12322303 0.0059462965 -0.005898459 234 88 12
0.11610344 0.0093616585 -0.0079273467 234 88 12
0.10927395 0.012641877 -0.0098405389 234 88 12
0.091085579 0.024154992 -0.014934215 234 88 12
0.075405621 0.036699975 -0.019623485 234 88 12
0.07291657 0.039040124 -0.020396089 234 88 12
0.056306713 0.053633433 -0.025409982 234 88 12
-0.06299847 0.11427841 -0.05926267 234 88 12
0.28844254 -0.03618096 0.018856629 234 88 12
0.28492368 -0.035100465 0.01860806 234 88 12
0.25014613 -0.025857748 0.015852492 234 88 12
0.23701748 -0.023053343 0.014334121 234 88 12
0.22814911 -0.021387344 0.013250036 234 88 12
0.22357478 -0.020562446 0.01260195 234 88 12
0.16575112 -0.0087073994 0.0012713364 234 88 12
0.16092575 -0.0074407536 0.00018886667 234 88 12
0.13396395 0.0011580008 -0.0065210531 234 88 12
0.11520849 0.0090971983 -0.011687621 234 88 12
0.10505393 0.014048061 -0.014508347 234 88 12
0.064110892 0.045665127 -0.026484867 234 88 12
0.049124797 0.058344789 -0.031112308 234 88 12
0.02243487 0.076257885 -0.04058795 234 88 12
0.013648309 0.081127232 -0.043537395 234 88 12
-0.018346942 0.096275128 -0.05342046 234 88 12
-0.02726827 0.10046066 -0.055353455 234 88 12
0.35326235 -0.066232733 0.020452905 234 88 12
0.1798604 -0.011896331 0.0010025064 234 88 12
0.16999125 -0.0098300013 -0.0011796531 234 88 12
0.16515728 -0.0087327637 -0.0022865837 234 88 12
0.10074168 0.015617632 -0.019301612 234 88 12
0.076153409 0.033863709 -0.026193339 234 88 12
0.073696028 0.035995799 -0.026916077 234 88 12
0.071173154 0.038396311 -0.027749663 234 88 12
0.063203973 0.045231738 -0.030205878 234 88 12
0.012857395 0.080905141 -0.047461906 234 88 12
-0.018841038 0.096263213 -0.057217415 234 88 12
-0.027821144 0.10067804 -0.05921442 234 88 12
0.36165964 -0.070285304 0.016956751 234 88 12
0.31047063 -0.042096202 0.013365177 234 88 12
0.2816045 -0.032537531 0.011038663 234 88 12
0.27407127 -0.030391063 0.010581239 234 88 12
0.24979612 -0.024565766 0.0085715583 234 88 12
0.2231581 -0.019903865 0.0055993266 234 88 12
0.16946257 -0.0097283037 -0.0047123087 234 88 12
0.15974301 -0.0076007103 -0.0069648079 234 88 12
0.099812358 0.015291163 -0.023175963 234 88 12
0.090994512 0.021225106 -0.025508512 234 88 12
0.08550244 0.025650091 -0.027123941 234 88 12
0.059470357 0.047506219 -0.034871401 234 88 12
0.037022096 0.065535047 -0.042340923 234 88 12
0.012065686 0.080715024 -0.051420105 234 88 12
0.0032552986 0.085487009 -0.054351495 234 88 12
0.35556823 -0.064415459 0.012874384 234 88 12
0.33339297 -0.051321626 0.011566473 234 88 12
0.30761522 -0.040216475 0.0094512655 234 88 12
0.29650149 -0.036365481 0.008484402 234 88 12
0.28176859 -0.031927851 0.0073929072 234 88 12
0.25804315 -0.025744666 0.0055413206 234 88 12
0.25393289 -0.024889019 0.0052334123 234 88 12
0.1991907 -0.015035431 -0.0019529776 234 88 12
0.16393576 -0.0082875348 -0.0095471587 234 88 12
0.15908499 -0.0073201773 -0.010691944 234 88 12
0.1358511 -0.00057960499 -0.01681628 234 88 12
0.12763427 0.0019207061 -0.019159625 234 88 12
0.12369345 0.0033469016 -0.020304962 234 88 12
0.10543192 0.011211427 -0.025298144 234 88 12
0.079292855 0.029488341 -0.032429012 234 88 12
0.0768331 0.031382994 -0.033103825 234 88 12
0.036138863 0.065285279 -0.04626261 234 88 12
0.015589256 0.078059162 -0.053886392 234 88 12
0.0069512499 0.082898742 -0.056876051 234 88 12
-0.0019935438 0.087470359 -0.059722444 234 88 12
-0.015447188 0.093923647 -0.063650862 234 88 12
-0.037433153 0.10510961 -0.068573773 234 88 12
0.36397739 -0.068592162 0.0092643308 234 88 12
0.26617311 -0.027085363 0.0025416312 234 88 12
0.245117 -0.022798642 0.00089363478 234 88 12
0.20384134 -0.015691384 -0.0045466079 234 88 12
0.16334452 -0.0078132472 -0.013293074 234 88 12
0.11141149 0.0075391921 -0.027440497 234 88 12
0.094922602 0.016676847 -0.031867078 234 88 12
0.07840513 0.02921248 -0.036357657 234 88 12
0.060379589 0.044521962 -0.041702042 234 88 12
0.042152 0.059947686 -0.047702141 234 88 12
0.035223435 0.065191173 -0.05025839 234 88 12
0.031473179 0.067801913 -0.051648618 234 88 12
0.023409426 0.072750962 -0.054639257 234 88 12
0.019132199 0.075189154 -0.056235039 234 88 12
-0.011568274 0.091646184 -0.0663779 234 88 12
0.361517 -0.065298175 0.0053310077 234 88 12
0.34300406 -0.053838284 0.0046496172 234 88 12
0.3392235 -0.051898997 0.004450077 234 88 12
0.3316875 -0.047817953 0.0038686491 234 88 12
0.32795075 -0.045781084 0.0035301094 234 88 12
0.27827888 -0.029490632 -0.00027999104 234 88 12
0.23151507 -0.019981164 -0.0041509696 234 88 12
0.1177797 0.0041245322 -0.029537805 234 88 12
0.074979187 0.030841959 -0.040980659 234 88 12
0.069933931 0.035152119 -0.04239047 234 88 12
0.064786598 0.039466501 -0.043880737 234 88 12
0.37301587 -0.072297313 0.0015427556 234 88 12
0.35879473 -0.061924683 0.0013484059 234 88 12
0.35128426 -0.057138737 0.0010881975 234 88 12
0.25364427 -0.023569815 -0.005694045 234 88 12
0.24928561 -0.022814196 -0.0060562666 234 88 12
0.22215409 -0.018127345 -0.0088647563 234 88 12
0.2175072 -0.017251767 -0.0094786952 234 88 12
0.20812387 -0.015685627 -0.010984867 234 88 12
0.19840108 -0.01397087 -0.012722907 234 88 12
0.13770052 -0.0030249549 -0.02773336 234 88 12
0.12877712 -0.0006507341 -0.030405713 234 88 12
0.093137996 0.015832014 -0.040017906 234 88 12
0.06647957 0.037036763 -0.047103269 234 88 12
0.046933357 0.054103969 -0.053536989 234 88 12
0.00059118001 0.084128771 -0.070461629 234 88 12
-0.0037066347 0.086445288 -0.071783793 234 88 12
-0.047305148 0.10951429 -0.082523886 234 88 12
-0.060086994 0.1159043 -0.085345235 234 88 12
0.32597077 -0.042571051 -0.0042409251 234 88 12
0.31040547 -0.036802662 -0.0054275951 234 88 12
0.29051466 -0.030883108 -0.0068498 234 88 12
0.27462075 -0.027318392 -0.0078876071 234 88 12
0.23560099 -0.020175793 -0.010971961 234 88 12
0.18780888 -0.011689647 -0.018640451 234 88 12
0.1667482 -0.008192452 -0.023568825 234 88 12
0.15643194 -0.0068972316 -0.026126325 234 88 12
0.14141292 -0.0043216475 -0.030567053 234 88 12
0.098121322 0.011155482 -0.042628713 234 88 12
0.089256598 0.017296027 -0.044945639 234 88 12
0.086380069 0.019409185 -0.045655175 234 88 12
0.070646874 0.032069603 -0.049663385 234 88 12
-0.00010870074 0.083719536 -0.074553406 234 88 12
-0.03915099 0.10543625 -0.084863427 234 88 12
0.34565157 -0.051534369 -0.006809202 234 88 12
0.33429854 -0.04565673 -0.007372985 234 88 12
0.33050397 -0.04362953 -0.0077154218 234 88 12
0.31894813 -0.038818196 -0.008551544 234 88 12
0.30710888 -0.03489453 -0.0093928659 234 88 12
0.30308271 -0.033714955 -0.0096386052 234 88 12
0.2828619 -0.028573441 -0.011006209 234 88 12
0.12632511 -0.0019513495 -0.039092606 234 88 12
0.12209087 -0.0006496339 -0.040270741 234 88 12
0.077498616 0.02521403 -0.051763585 234 88 12
0.064671046 0.036149007 -0.05527266 234 88 12
0.038912432 0.058811565 -0.064106697 234 88 12
0.3235382 -0.039646467 -0.012025565 234 88 12
0.29535256 -0.030778937 -0.013922111 234 88 12
0.2790235 -0.027083038 -0.014971567 234 88 12
0.26224304 -0.023983933 -0.016142501 234 88 12
0.25329577 -0.022226719 -0.016979394 234 88 12
0.24425415 -0.020650337 -0.01768783 234 88 12
0.2021468 -0.013598717 -0.023080987 234 88 12
0.18676824 -0.011298906 -0.026208029 234 88 12
0.17612249 -0.0095700522 -0.028740872 234 88 12
0.17069529 -0.0088146862 -0.03014809 234 88 12
0.15994155 -0.0074788614 -0.033063707 234 88 12
0.14937257 -0.0064204693 -0.036137094 234 88 12
0.11288203 0.0016191971 -0.046957999 234 88 12
0.058528202 0.040294051 -0.061074355 234 88 12
-0.0013316937 0.082642404 -0.082714761 234 88 12
-0.027134847 0.098522715 -0.090232394 234 88 12
0.33971316 -0.046489443 -0.014748219 234 88 12
0.32814019 -0.04110463 -0.015348357 234 88 12
0.28337177 -0.027360327 -0.018411649 234 88 12
0.25324888 -0.021983004 -0.020674939 234 88 12
0.23484001 -0.018962045 -0.022304957 234 88 12
0.15901103 -0.0076850666 -0.0373242 234 88 12
0.14294056 -0.0063215869 -0.042135606 234 88 12
0.13295361 -0.0054934336 -0.045137602 234 88 12
0.033763902 0.060874884 -0.073798669 234 88 12
-0.0018268757 0.082387144 -0.086942437 234 88 12
-0.039991946 0.10523563 -0.096988115 234 88 12
0.35921417 -0.057606537 -0.017817328 234 88 12
0.34815123 -0.050570857 -0.018149891 234 88 12
0.31267573 -0.034830292 -0.020164797 234 88 12
0.25759278 -0.022202293 -0.024082132 234 88 12
0.24388782 -0.020034444 -0.025241629 234 88 12
0.23456779 -0.018597318 -0.026157189 234 88 12
0.18007571 -0.010169934 -0.035309846 234 88 12
0.1579773 -0.0079584085 -0.04165312 234 88 12
0.082589311 0.017129057 -0.062664646 234 88 12
0.06473337 0.032508963 -0.067270332 234 88 12
0.045789885 0.04970822 -0.073358452 234 88 12
0.042728071 0.052353674 -0.074461545 234 88 12
0.0057639157 0.077317099 -0.088583649 234 88 12
0.32920919 -0.040383806 -0.022890145 234 88 12
0.32120686 -0.037093154 -0.023432451 234 88 12
0.28806026 -0.027282273 -0.02554116 234 88 12
0.27520456 -0.024684426 -0.026495509 234 88 12
0.2295938 -0.017447915 -0.030501011 234 88 12
0.22002594 -0.015791504 -0.031792907 234 88 12
0.20053949 -0.012698166 -0.034923017 234 88 12
0.18469592 -0.010895135 -0.0380806 234 88 12
0.16815517 -0.0091375617 -0.042599351 234 88 12
0.14021146 -0.00767704 -0.051456801 234 88 12
0.11267217 -0.0023944572 -0.060197161 234 88 12
0.10893178 -0.00059320779 -0.06133777 234 88 12
0.087062865 0.012181818 -0.06599129 234 88 12
0.061297164 0.034607674 -0.072414546 234 88 12
0.058721005 0.036867446 -0.073175446 234 88 12
0.050710567 0.043987952 -0.07570958 234 88 12
0.041962466 0.051657848 -0.078785617 234 88 12
0.02528825 0.064805514 -0.085183679 234 88 12
0.017509457 0.069685673 -0.088395742 234 88 12
0.0012014097 0.079402928 -0.094284763 234 88 12
-0.0069092788 0.084484904 -0.096911273 234 88 12
-0.019614196 0.092428671 -0.10058185 234 88 12
-0.023979955 0.095254179 -0.10178839 234 88 12
-0.040619048 0.10507078 -0.10526477 234 88 12
0.37078779 -0.06517502 -0.025388659 234 88 12
0.27090435 -0.023171177 -0.030613137 234 88 12
0.252738 -0.020356712 -0.032094435 234 88 12
0.23879985 -0.018482041 -0.03332562 234 88 12
0.22451339 -0.016447505 -0.03498156 234 88 12
0.19463805 -0.011844665 -0.039908623 234 88 12
0.15542411 -0.0087085874 -0.050819136 234 88 12
0.11931755 -0.0059348442 -0.062836588 234 88 12
0.088990559 0.0096193932 -0.070099947 234 88 12
0.070677189 0.024932443 -0.073849307 234 88 12
0.068231245 0.027014556 -0.074519133 234 88 12
0.041213032 0.051073586 -0.083088027 234 88 12
0.034911111 0.05641875 -0.085357419 234 88 12
0.0047976223 0.076517945 -0.097197496 234 88 12
-0.0031882764 0.081481118 -0.099959261 234 88 12
-0.01564526 0.089207028 -0.10366339 234 88 12
-0.028473802 0.097466862 -0.10694522 234 88 12
-0.040759655 0.1049441 -0.10943196 234 88 12
0.36441315 -0.060036457 -0.029080027 234 88 12
0.35734922 -0.054730152 -0.029312683 234 88 12
0.34597385 -0.047800373 -0.029692436 234 88 12
0.29723502 -0.028477138 -0.032436165 234 88 12
0.28857596 -0.026309114 -0.032999518 234 88 12
0.27099049 -0.022442018 -0.03443012 234 88 12
0.25721002 -0.020527731 -0.035568175 234 88 12
0.21927013 -0.015308285 -0.039625083 234 88 12
0.1370641 -0.0091534385 -0.06156484 234 88 12
0.054839589 0.038469221 -0.082734189 234 88 12
0.031066354 0.058431317 -0.090950292 234 88 12
0.02408495 0.063589079 -0.093878013 234 88 12
0.0083949447 0.073610929 -0.10007912 234 88 12
-0.020248494 0.091592962 -0.10920801 234 88 12
0.37147483 -0.065224836 -0.032999619 234 88 12
0.36819733 -0.062647068 -0.032881643 234 88 12
0.35034651 -0.050145516 -0.033301926 234 88 12
0.33062118 -0.039697673 -0.034060872 234 88 12
0.25717906 -0.020141187 -0.039384327 234 88 12
0.24314326 -0.018213459 -0.040589605 234 88 12
0.22875219 -0.016466692 -0.042262286 234 88 12
0.21384132 -0.014308405 -0.044460927 234 88 12
0.20836977 -0.013933476 -0.04548159 234 88 12
0.15859027 -0.0096365839 -0.058556655 234 88 12
0.10220497 -0.0013141103 -0.076825379 234 88 12
0.076861979 0.017344982 -0.08095747 234 88 12
0.039925907 0.050358978 -0.091909504 234 88 12
0.030523688 0.057954754 -0.095381795 234 88 12
0.023497554 0.063064393 -0.098253167 234 88 12
-0.0039133082 0.080875519 -0.10863313 234 88 12
-0.012106338 0.086035941 -0.11115253 234 88 12
0.35445458 -0.05264966 -0.036804349 234 88 12
0.29345959 -0.026731783 -0.04010265 234 88 12
0.28899207 -0.025510037 -0.040496926 234 88 12
0.26185584 -0.020233213 -0.042778686 234 88 12
0.25249555 -0.019120348 -0.043570467 234 88 12
0.23329085 -0.016680481 -0.045558667 234 88 12
0.18733867 -0.011014575 -0.053891157 234 88 12
0.16551342 -0.0097080783 -0.060270201 234 88 12
0.11901716 -0.010092164 -0.077229721 234 88 12
0.048227592 0.042412141 -0.093376943 234 88 12
-0.016539296 0.088542557 -0.11676579 234 88 12
-0.02073416 0.091269329 -0.11787364 234 88 12
0.37170176 -0.065756437 -0.040526884 234 88 12
0.35464063 -0.052877247 -0.040494012 234 88 12
0.32735988 -0.037780763 -0.041688493 234 88 12
0.3023742 -0.028531259 -0.043301739 234 88 12
0.29358863 -0.026136526 -0.043937824 234 88 12
0.27109861 -0.021037325 -0.045807625 234 88 12
0.25716881 -0.019334087 -0.046938503 234 88 12
0.2280402 -0.016014216 -0.050134784 234 88 12
0.16485801 -0.0098858942 -0.064219514 234 88 12
0.15549434 -0.01128846 -0.069140057 234 88 12
0.10994448 -0.0088096433 -0.084631239 234 88 12
0.088939788 0.0048902106 -0.08810452 234 88 12
0.07341803 0.018260169 -0.090270994 234 88 12
0.070942295 0.020496492 -0.090733973 234 88 12
0.053322858 0.037169853 -0.095981051 234 88 12
0.047730281 0.042028811 -0.097835844 234 88 12
-0.00058705205 0.077794566 -0.11615377 234 88 12
-0.0045126142 0.080187624 -0.1173841 234 88 12
-0.016783647 0.088352573 -0.12111665 234 88 12
-0.037256733 0.10221005 -0.12585686 234 88 12
-0.041195871 0.10473868 -0.12651839 234 88 12
0.34711957 -0.048255943 -0.044426436 234 88 12
0.33564528 -0.041664092 -0.045027006 234 88 12
0.31115061 -0.031151268 -0.046463878 234 88 12
0.17536172 -0.010871623 -0.06540592 234 88 12
0.099397828 -0.0041134069 -0.091192775 234 88 12
0.085666109 0.006381539 -0.092985779 234 88 12
0.075602401 0.015418547 -0.09430291 234 88 12
0.060675633 0.029475513 -0.097757556 234 88 12
0.050198376 0.039179736 -0.10130264 234 88 12
0.018627094 0.064736894 -0.11310361 234 88 12
0.01098556 0.069996137 -0.11626169 234 88 12
0.36156194 -0.058430906 -0.047780429 234 88 12
0.3545453 -0.053414786 -0.047777779 234 88 12
0.35093911 -0.050914078 -0.047920419 234 88 12
0.29820119 -0.026658922 -0.05125384 234 88 12
0.26657969 -0.019575456 -0.053798795 234 88 12
0.25680677 -0.018202048 -0.054636644 234 88 12
0.24691919 -0.017149243 -0.055663041 234 88 12
0.2370581 -0.016530025 -0.056818746 234 88 12
0.22643298 -0.015397221 -0.05875028 234 88 12
0.0603674 0.029170073 -0.10227454 234 88 12
0.01074313 0.069702766 -0.12081465 234 88 12
-0.017049803 0.088079503 -0.13001219 234 88 12
-0.044912342 0.10751175 -0.13571269 234 88 12
0.36470445 -0.061473286 -0.051498626 234 88 12
0.30707777 -0.02948912 -0.054265595 234 88 12
0.2892035 -0.023804127 -0.05570344 234 88 12
0.28026201 -0.021521202 -0.056402175 234 88 12
0.27120332 -0.019956693 -0.057210763 234 88 12
0.25659942 -0.017709715 -0.058565286 234 88 12
0.22599543 -0.015441909 -0.062795569 234 88 12
0.20043993 -0.013762517 -0.067381403 234 88 12
0.17351434 -0.01178615 -0.074240889 234 88 12
0.052122993 0.036185609 -0.10926405 234 88 12
-0.032787954 0.098966477 -0.13800583 234 88 12
0.26146076 -0.017968805 -0.06194574 234 88 12
0.19976304 -0.014467073 -0.071606114 234 88 12
0.069826607 0.018942485 -0.10853096 234 88 12
0.064835769 0.023747285 -0.10969529 234 88 12
0.062336552 0.02597178 -0.11036156 234 88 12
0.043723341 0.042819512 -0.11656366 234 88 12
0.037983967 0.047896771 -0.11878947 234 88 12
0.02865881 0.05521863 -0.12224378 234 88 12
0.34328244 -0.047018844 -0.059038367 234 88 12
0.30682283 -0.029320227 -0.061734189 234 88 12
0.30250112 -0.027731214 -0.062097718 234 88 12
0.25066894 -0.016367091 -0.067382639 234 88 12
0.22545127 -0.015693222 -0.070918438 234 88 12
0.21484988 -0.015424263 -0.072823437 234 88 12
0.19896711 -0.015094277 -0.075871934 234 88 12
0.090940016 -0.0031587102 -0.11047412 234 88 12
0.051674978 0.03532796 -0.11815425 234 88 12
0.043590058 0.04252424 -0.12103023 234 88 12
0.35373819 -0.054931773 -0.062203761 234 88 12
0.339287 -0.045074368 -0.062761038 234 88 12
0.29355156 -0.025098313 -0.066440036 234 88 12
0.23036903 -0.015722696 -0.07408632 234 88 12
0.09272311 -0.0062075583 -0.11486836 234 88 12
0.074317517 0.013119744 -0.11624696 234 88 12
0.064528744 0.023123914 -0.11853663 234 88 12
0.056869509 0.029956264 -0.120701 234 88 12
-0.012157206 0.08431936 -0.14628189 234 88 12
-0.035663916 0.10213489 -0.15128395 234 88 12
-0.043314922 0.1079649 -0.15239132 234 88 12
0.27507937 -0.019725636 -0.071808935 234 88 12
0.23521822 -0.015479369 -0.077357574 234 88 12
0.21912027 -0.015490202 -0.080123554 234 88 12
0.043417202 0.041737943 -0.12997407 234 88 12
0.031857177 0.051841407 -0.13459024 234 88 12
0.028677764 0.054384243 -0.13581081 234 88 12
-0.0039852778 0.078736127 -0.14836342 234 88 12
-0.031222836 0.098950446 -0.1546421 234 88 12
0.25961215 -0.016692237 -0.078031775 234 88 12
0.24506732 -0.015746364 -0.079760639 234 88 12
0.22389345 -0.015257171 -0.083158852 234 88 12
0.069275582 0.016896346 -0.12580104 234 88 12
0.0039623612 0.073118004 -0.1499743 234 88 12
-0.0073334148 0.081083677 -0.15364383 234 88 12
-0.022850699 0.092888227 -0.15732685 234 88 12
0.26391968 -0.017429931 -0.081351788 234 88 12
0.2174918 -0.01558655 -0.088107774 234 88 12
0.075920973 0.0090528704 -0.12866061 234 88 12
0.066783323 0.01898077 -0.13066536 234 88 12
0.037729623 0.046119177 -0.1409605 234 88 12
0.031845998 0.051334576 -0.14335909 234 88 12
0.022416795 0.059621042 -0.14715123 234 88 12
-0.041319081 0.10829119 -0.16449151 234 88 12
0.30524822 -0.03062095 -0.079565758 234 88 12
0.29225095 -0.025317033 -0.081021881 234 88 12
0.28212584 -0.021586858 -0.082829105 234 88 12
0.24909121 -0.015129003 -0.087015579 234 88 12
0.080045916 0.003110835 -0.13227957 234 88 12
0.025978389 0.056628698 -0.1500916 234 88 12
0.022786237 0.059367544 -0.15137656 234 88 12
0.019469714 0.062190463 -0.15266579 234 88 12
-0.032833859 0.10213269 -0.16740732 234 88 12
0.30476687 -0.030804354 -0.083064478 234 88 12
0.27222562 -0.019312215 -0.087710015 234 88 12
0.24847308 -0.014390859 -0.090933528 234 88 12
0.23808625 -0.013958062 -0.092165167 234 88 12
0.23283067 -0.013830116 -0.092906737 234 88 12
0.10154517 -0.02519194 -0.13861645 234 88 12
0.099472088 -0.022617845 -0.13820904 234 88 12
0.097605314 -0.020263924 -0.13770598 234 88 12
0.095625925 -0.017725612 -0.13733849 234 88 12
0.084086112 -0.0027584339 -0.13619903 234 88 12
0.077739249 0.0053645413 -0.13661153 234 88 12
0.016548876 0.064936657 -0.15812358 234 88 12
0.26251948 -0.016678708 -0.092777682 234 88 12
0.25781019 -0.015552662 -0.093448297 234 88 12
0.10213485 -0.028816127 -0.14373967 234 88 12
0.08192327 -0.00054869049 -0.14023055 234 88 12
0.073416079 0.010546489 -0.14137367 234 88 12
0.046784905 0.038194856 -0.15047309 234 88 12
0.017100035 0.064921531 -0.16227331 234 88 12
0.010103414 0.070290251 -0.16475448 234 88 12
-0.0085465324 0.083857361 -0.17057869 234 88 12
-0.023327115 0.096230177 -0.17390381 234 88 12
-0.038404654 0.10939992 -0.17658785 234 88 12
0.30362669 -0.030803634 -0.090177626 234 88 12
0.26201469 -0.016282997 -0.096572448 234 88 12
0.094086838 -0.019244524 -0.14558722 234 88 12
0.01093477 0.070363417 -0.16870359 234 88 12
-0.018486341 0.093075926 -0.17681233 234 88 12
-0.026035055 0.10000713 -0.17848905 234 88 12
0.11225578 -0.051339006 -0.15684781 234 88 12
0.10864869 -0.045681331 -0.15613408 234 88 12
0.099690372 -0.031079308 -0.15252942 234 88 12
0.096639789 -0.0256327 -0.15087063 234 88 12
0.079739654 0.0016424232 -0.14829021 234 88 12
0.067023031 0.018114701 -0.15115563 234 88 12
0.050116268 0.035489277 -0.15757546 234 88 12
0.024901118 0.059183332 -0.16789535 234 88 12
0.018553721 0.064785515 -0.17017016 234 88 12
0.0010022179 0.07870055 -0.17595141 234 88 12
-0.0064449155 0.084398344 -0.17805471 234 88 12
-0.024821237 0.10024902 -0.18216352 234 88 12
0.11389821 -0.058603645 -0.16211607 234 88 12
0.10018793 -0.035082824 -0.15751504 234 88 12
0.097330512 -0.029425889 -0.15565921 234 88 12
0.086880475 -0.0098212612 -0.15176881 234 88 12
0.073832686 0.0098913766 -0.15343762 234 88 12
0.060347484 0.025540594 -0.15769388 234 88 12
0.092495364 -0.021911828 -0.15733325 234 88 12
0.081686535 -0.001390823 -0.15589187 234 88 12
0.077999003 0.0040542344 -0.1564545 234 88 12
0.053415906 0.033159472 -0.16468275 234 88 12
0.01715163 0.067969754 -0.17879535 234 88 12
0.0034277483 0.079269609 -0.18313491 234 88 12
-0.011193123 0.091054463 -0.18709577 234 88 12
-0.022166419 0.10091073 -0.18937295 234 88 12
-0.029400216 0.10756785 -0.19056475 234 88 12
0.10693101 -0.056219094 -0.17046266 234 88 12
0.10528858 -0.05282208 -0.16978539 234 88 12
0.094758276 -0.028296321 -0.1626027 234 88 12
0.093495785 -0.02545954 -0.16185392 234 88 12
0.079966859 0.0012912868 -0.16004851 234 88 12
0.063286541 0.023229999 -0.16499088 234 88 12
0.041282024 0.045767188 -0.17405616 234 88 12
0.035881031 0.051001094 -0.17625351 234 88 12
0.014901508 0.071158859 -0.18357078 234 88 12
0.0011915532 0.082439555 -0.18775236 234 88 12
-0.0023842217 0.085352946 -0.18875096 234 88 12
-0.020686605 0.10128349 -0.19296274 234 88 12
0.10260233 -0.050478848 -0.17282539 234 88 12
0.10121776 -0.047163761 -0.17190842 234 88 12
0.099965739 -0.043956617 -0.17095439 234 88 12
0.095394273 -0.031933392 -0.16721228 234 88 12
0.087833044 -0.013631788 -0.1636807 234 88 12
0.086347762 -0.010466974 -0.16350914 234 88 12
0.076343824 0.0068829207 -0.16482079 234 88 12
0.0095119608 0.077192498 -0.18924849 234 88 12
-0.0080125384 0.0918032 -0.19410263 234 88 12
-0.015300551 0.098324227 -0.19569905 234 88 12
-0.029687691 0.11176007 -0.19825158 234 88 12
0.10288373 -0.055089656 -0.17719572 234 88 12
0.10022088 -0.048146085 -0.17540174 234 88 12
0.096944698 -0.038728529 -0.17257263 234 88 12
0.095931903 -0.035643158 -0.17167758 234 88 12
0.083296362 -0.0049227527 -0.16727193 234 88 12
0.076490247 0.0067827126 -0.16874153 234 88 12
0.066187055 0.020270077 -0.1722435 234 88 12
0.063945004 0.022902127 -0.17308389 234 88 12
0.061541137 0.025689103 -0.17403895 234 88 12
0.05689317 0.030846921 -0.17590202 234 88 12
0.04750484 0.040829248 -0.17991612 234 88 12
0.0041557782 0.083390784 -0.19472678 234 88 12
-0.0027973196 0.089226038 -0.19657146 234 88 12
0.1093559 -0.072691716 -0.18465827 234 88 12
0.099298973 -0.049072641 -0.17882539 234 88 12
0.087470199 -0.014536339 -0.17113531 234 88 12
0.086108524 -0.011250928 -0.17105807 234 88 12
0.078318281 0.0039216981 -0.17214436 234 88 12
0.076530395 0.0067447179 -0.17264403 234 88 12
0.061935772 0.025564044 -0.1779893 234 88 12
0.032845498 0.057720808 -0.18983658 234 88 12
-0.0083049012 0.096134642 -0.20173742 234 88 12
-0.011841561 0.099336895 -0.20246961 234 88 12
-0.022737067 0.10922577 -0.20449031 234 88 12
0.10196019 -0.060534658 -0.18476155 234 88 12
0.10071342 -0.057086807 -0.1838122 234 88 12
0.091820281 -0.027531767 -0.17639369 234 88 12
0.083246357 -0.0053405139 -0.17494874 234 88 12
0.053315951 0.036176636 -0.18588064 234 88 12
0.031082915 0.061283108 -0.19449192 234 88 12
0.019881634 0.07289211 -0.19794326 234 88 12
0.10836093 -0.078298195 -0.19230993 234 88 12
0.10358473 -0.068727859 -0.18964565 234 88 12
0.1022042 -0.065074505 -0.1887686 234 88 12
0.085953746 -0.011858422 -0.17862078 234 88 12
0.081738667 -0.0025832354 -0.1790897 234 88 12
0.05606449 0.033874941 -0.18898958 234 88 12
0.044578054 0.046843597 -0.19374581 234 88 12
0.03719069 0.055409942 -0.19636365 234 88 12
0.0087295273 0.085384803 -0.20480374 234 88 12
0.1088815 -0.082453824 -0.1964041 234 88 12
0.10231513 -0.069436166 -0.19277223 234 88 12
0.095784548 -0.048089223 -0.1876755 234 88 12
0.094170824 -0.041388638 -0.18602765 234 88 12
0.088976733 -0.021735515 -0.18298155 234 88 12
0.069201412 0.017587509 -0.18711273 234 88 12
0.05447003 0.036508838 -0.1940014 234 88 12
0.038094185 0.055640428 -0.20007916 234 88 12
0.025089497 0.071104947 -0.20422814 234 88 12
0.022329186 0.073960488 -0.20500609 234 88 12
0.10378435 -0.077112502 -0.19775231 234 88 12
0.098900223 -0.063151566 -0.19401717 234 88 12
0.095001802 -0.048503856 -0.19105868 234 88 12
0.090400199 -0.028562027 -0.18739448 234 88 12
0.079986831 0.00024705196 -0.18732868 234 88 12
0.041300117 0.053057582 -0.20298829 234 88 12
0.02630768 0.071519652 -0.20776127 234 88 12
0.015030358 0.083655996 -0.21076033 234 88 12
0.099018254 -0.067460588 -0.19791863 234 88 12
0.089146506 -0.025364592 -0.19080294 234 88 12
0.079921616 0.00025625429 -0.19125971 234 88 12
0.073187472 0.012429509 -0.19349458 234 88 12
0.059933588 0.03156761 -0.19991533 234 88 12
0.053340901 0.039358071 -0.20270154 234 88 12
0.044272044 0.050647485 -0.20600853 234 88 12
0.024824383 0.075111381 -0.21196624 234 88 12
0.016505225 0.084391867 -0.21411406 234 88 12
0.10460106 -0.085768225 -0.20554706 234 88 12
0.1029064 -0.082582852 -0.20453723 234 88 12
0.088746533 -0.025407098 -0.19455532 234 88 12
0.075040896 0.0095104549 -0.19671656 234 88 12
0.053968021 0.039599931 -0.20655016 234 88 12
0.040478613 0.056974622 -0.21117911 234 88 12
0.035966661 0.06296601 -0.2125843 234 88 12
0.023457532 0.078653349 -0.21602748 234 88 12
0.020721313 0.081888476 -0.2166988 234 88 12
0.017906922 0.085022847 -0.21744552 234 88 12
0.098226632 -0.072220809 -0.20494092 234 88 12
0.09369018 -0.053333464 -0.2016109 234 88 12
0.075173342 0.0095253181 -0.2006474 234 88 12
0.068375072 0.021209848 -0.20383462 234 88 12
0.064669365 0.026478424 -0.20567069 234 88 12
0.027214664 0.07585953 -0.21872152 234 88 12
0.019302331 0.085519048 -0.22071624 234 88 12
0.094411731 -0.060876226 -0.20618157 234 88 12
0.088516297 -0.028891425 -0.20225064 234 88 12
0.087248333 -0.021914792 -0.20193772 234 88 12
0.076821992 0.0065481544 -0.2040462 234 88 12
0.066889112 0.024138422 -0.20868883 234 88 12
0.063133518 0.029168456 -0.21049196 234 88 12
0.030733649 0.073117937 -0.22152744 234 88 12
0.10144201 -0.087624192 -0.2147735 234 88 12
0.093699662 -0.061007846 -0.20951252 234 88 12
0.09224598 -0.053550264 -0.20853047 234 88 12
0.086072762 -0.01846903 -0.20568763 234 88 12
0.083191857 -0.0085368094 -0.20613767 234 88 12
0.075380139 0.0096244898 -0.20863465 234 88 12
0.053603907 0.042951366 -0.21863324 234 88 12
0.026940228 0.079988285 -0.22599478 234 88 12
0.02446351 0.083248993 -0.2265931 234 88 12
0.08863033 -0.035653229 -0.21028554 234 88 12
0.065786319 0.026952502 -0.2173161 234 88 12
0.099549262 -0.088160171 -0.22101982 234 88 12
0.087870947 -0.032309199 -0.21375847 234 88 12
0.085352172 -0.018288 -0.21341382 234 88 12
0.08044205 -0.0022063023 -0.21453293 234 88 12
0.075522845 0.0097542969 -0.21664503 234 88 12
0.069488903 0.021602975 -0.21961774 234 88 12
0.066114589 0.027181398 -0.22120698 234 88 12
0.046588874 0.055785115 -0.22883053 234 88 12
0.031398548 0.077833284 -0.23225967 234 88 12
0.026739537 0.084095285 -0.2331213 234 88 12
0.096328697 -0.080704067 -0.22276783 234 88 12
0.095230235 -0.076739389 -0.22214663 234 88 12
0.08873186 -0.043274739 -0.21825147 234 88 12
0.0813145 -0.0051974208 -0.21812646 234 88 12
0.074222143 0.012915826 -0.22133104 234 88 12
0.051286734 0.050058183 -0.23129293 234 88 12
0.094627857 -0.076847861 -0.22550293 234 88 12
0.091193062 -0.062229796 -0.22344685 234 88 12
0.089910684 -0.054864187 -0.22270392 234 88 12
0.083069422 -0.011600231 -0.22151601 234 88 12
0.081170741 -0.0052533293 -0.2220399 234 88 12
0.079190644 0.00074886213 -0.22277753 234 88 12
0.076896499 0.0068449911 -0.22393677 234 88 12
0.069793345 0.021974064 -0.22749368 234 88 12
0.050025985 0.053372996 -0.23546865 234 88 12
0.041972087 0.065787866 -0.2373674 234 88 12
0.039891186 0.068914921 -0.23780784 234 88 12
0.033451957 0.078552678 -0.23899585 234 88 12
0.09009828 -0.059022034 -0.22659692 234 88 12
0.088968603 -0.051454637 -0.22599166 234 88 12
0.086675991 -0.032573185 -0.225171 234 88 12
0.084385748 -0.018414973 -0.22520464 234 88 12
0.083691865 -0.015106164 -0.22521261 234 88 12
0.075638634 0.0099297285 -0.22861427 234 88 12
0.07152827 0.019053991 -0.23060342 234 88 12
0.066936616 0.027480557 -0.23282272 234 88 12
0.052609126 0.050511643 -0.23857355 234 88 12
0.04276578 0.066174568 -0.24087801 234 88 12
0.093610869 -0.077258442 -0.23245186 234 88 12
0.090342174 -0.063033829 -0.23051357 234 88 12
0.088632243 -0.051709067 -0.22966494 234 88 12
0.079918751 -0.0024744719 -0.23035116 234 88 12
0.075628852 0.0098193322 -0.23245637 234 88 12
0.074376057 0.01293105 -0.23309426 234 88 12
0.065568318 0.030517693 -0.23753199 234 88 12
0.043561325 0.066556338 -0.24440701 234 88 12
0.041451766 0.069855757 -0.24480381 234 88 12
0.030844523 0.086436047 -0.24674316 234 88 12
0.09508143 -0.084627437 -0.23714505 234 88 12
0.090717494 -0.066628821 -0.2346064 234 88 12
0.081630931 -0.0088057521 -0.23358601 234 88 12
0.080737943 -0.0056173226 -0.2339038 234 88 12
0.071807894 0.018866886 -0.23829958 234 88 12
0.062626598 0.036297043 -0.24287023 234 88 12
0.050036362 0.057090395 -0.24681936 234 88 12
0.04434811 0.066729556 -0.24787944 234 88 12
0.040332147 0.073507531 -0.24861075 234 88 12
0.036139055 0.080282806 -0.24941045 234 88 12
0.090419786 -0.066899368 -0.23827339 234 88 12
0.085310703 -0.029649855 -0.2367465 234 88 12
0.084852567 -0.026025296 -0.23676715 234 88 12
0.083844702 -0.019121741 -0.23695143 234 88 12
0.080682539 -0.0060758795 -0.23787035 234 88 12
0.075540898 0.0093423318 -0.24012242 234 88 12
0.063098506 0.036297243 -0.24662963 234 88 12
0.046956836 0.063814266 -0.25109707 234 88 12
0.037052278 0.080558047 -0.25284182 234 88 12
0.034916509 0.083895356 -0.25319503 234 88 12
0.032736357 0.087326645 -0.25353165 234 88 12
0.094303365 -0.085007458 -0.244323 234 88 12
0.091651562 -0.074147404 -0.2428741 234 88 12
0.089604902 -0.063435988 -0.2417764 234 88 12
0.087808023 -0.052374422 -0.24102028 234 88 12
0.083631776 -0.019238014 -0.24097858 234 88 12
0.082328813 -0.012620611 -0.24135362 234 88 12
0.081584103 -0.0095517919 -0.24157523 234 88 12
0.056673883 0.048318624 -0.25281042 234 88 12
0.047717457 0.063860436 -0.2546275 234 88 12
0.045825261 0.067204872 -0.25486228 234 88 12
0.037922524 0.080977993 -0.25630003 234 88 12
0.03367531 0.087712332 -0.256919 234 88 12
0.090724913 -0.071077767 -0.24607321 234 88 12
0.085707389 -0.037346426 -0.2444532 234 88 12
0.077589427 0.0026125571 -0.24692607 234 88 12
0.073203345 0.015320606 -0.24923039 234 88 12
0.070884482 0.02140127 -0.25056618 234 88 12
0.050262977 0.060723732 -0.25779805 234 88 12
0.044737906 0.070749008 -0.25861678 234 88 12
0.093870064 -0.085714563 -0.25156943 234 88 12
0.07648029 0.0056855795 -0.2514417 234 88 12
0.074350293 0.012090327 -0.25253781 234 88 12
0.068526553 0.027450888 -0.2558704 234 88 12
0.056019877 0.051461473 -0.26040964 234 88 12
0.054351588 0.054446182 -0.26072369 234 88 12
0.041667036 0.078022891 -0.26279717 234 88 12
0.086319122 -0.045513717 -0.25236107 234 88 12
0.085950202 -0.041880542 -0.25225593 234 88 12
0.085524247 -0.038090521 -0.25225749 234 88 12
0.08488148 -0.030732391 -0.25231982 234 88 12
0.084469127 -0.027258232 -0.25233246 234 88 12
0.083826878 -0.023674268 -0.25255619 234 88 12
0.08220994 -0.013885014 -0.25304656 234 88 12
0.078538769 -0.0010146023 -0.25443254 234 88 12
0.077509315 0.0023750378 -0.25494141 234 88 12
0.074332959 0.01189383 -0.25643353 234 88 12
0.061556418 0.042438489 -0.26269544 234 88 12
0.051515112 0.06105702 -0.26486501 234 88 12
0.048009345 0.06765128 -0.26542579 234 88 12
0.094716727 -0.089728857 -0.2592288 234 88 12
0.092773625 -0.082627415 -0.25842204 234 88 12
0.090492486 -0.071946563 -0.25730086 234 88 12
0.085950616 -0.042252371 -0.25620246 234 88 12
0.084847624 -0.031267212 -0.25627397 234 88 12
0.083825335 -0.024285859 -0.25646704 234 88 12
0.083328414 -0.020815692 -0.25665034 234 88 12
0.079607016 -0.0044379729 -0.25803002 234 88 12
0.068777392 0.027219269 -0.26340971 234 88 12
0.067609713 0.03007743 -0.2640086 234 88 12
0.06029334 0.045606219 -0.2669502 234 88 12
0.045120866 0.074832539 -0.26940119 234 88 12
0.043197934 0.07854126 -0.26972407 234 88 12
0.093686715 -0.086405097 -0.26247063 234 88 12
0.088365369 -0.061347728 -0.26064925 234 88 12
0.085966147 -0.042542456 -0.26027988 234 88 12
0.084416544 -0.028313161 -0.26028597 234 88 12
0.075514633 0.0085459505 -0.26397243 234 88 12
0.071319013 0.020860338 -0.26604829 234 88 12
0.065204111 0.035907473 -0.26892424 234 88 12
0.062324294 0.042179388 -0.26999615 234 88 12
0.047717953 0.071491 -0.27254481 234 88 12
0.092733308 -0.083268868 -0.26578592 234 88 12
0.086404979 -0.046717562 -0.26437712 234 88 12
0.08595094 -0.042973947 -0.26432103 234 88 12
0.082512544 -0.018155187 -0.26493569 234 88 12
0.079389648 -0.004517071 -0.26625855 234 88 12
0.075566067 0.0085004519 -0.26804323 234 88 12
0.048390335 0.071764032 -0.27606977 234 88 12
0.042815414 0.082491291 -0.27688486 234 88 12
0.087712162 -0.058519825 -0.26856691 234 88 12
0.086325184 -0.047393204 -0.26850041 234 88 12
0.064321643 0.038836732 -0.27681926 234 88 12
0.058619963 0.052027027 -0.27837494 234 88 12
0.088821888 -0.066482158 -0.27274408 234 88 12
0.085316254 -0.040485018 -0.27287431 234 88 12
0.082131798 -0.018679824 -0.27350988 234 88 12
0.080765856 -0.011948806 -0.27386838 234 88 12
0.075637285 0.0082093536 -0.27620098 234 88 12
0.056180627 0.058830821 -0.28252801 234 88 12
0.054720443 0.062141206 -0.28275107 234 88 12
0.04617539 0.079583564 -0.28363831 234 88 12
0.03678154 0.097611744 -0.28502134 234 88 12
0.088013208 -0.063425131 -0.2769636 234 88 12
0.087428824 -0.05979651 -0.27696983 234 88 12
0.082660893 -0.022540486 -0.27775217 234 88 12
0.069308435 0.02657745 -0.28283721 234 88 12
0.063630246 0.042029344 -0.28467007 234 88 12
0.05953608 0.052111604 -0.28561164 234 88 12
0.058175936 0.05559007 -0.28585993 234 88 12
0.055293221 0.06214182 -0.28621122 234 88 12
0.048750093 0.076022684 -0.28686925 234 88 12
0.041656531 0.090526144 -0.28782622 234 88 12
0.085535834 -0.045562008 -0.28170643 234 88 12
0.074697085 0.011091585 -0.28491031 234 88 12
0.067360593 0.032434911 -0.28754634 234 88 12
0.049405388 0.076372514 -0.29036485 234 88 12
0.038626919 0.09798859 -0.2918456 234 88 12
0.080673971 -0.013166178 -0.28688131 234 88 12
0.075721601 0.0075831588 -0.28870648 234 88 12
0.061930037 0.048521298 -0.29255784 234 88 12
0.053424234 0.069430602 -0.29348581 234 88 12
0.048560733 0.08011206 -0.29405881 234 88 12
0.087368439 -0.065723728 -0.2902537 234 88 12
0.077451081 0.00078082969 -0.29233932 234 88 12
0.06797571 0.032166007 -0.29529279 234 88 12
0.066944538 0.035261637 -0.29550645 234 88 12
0.064783122 0.041688316 -0.29588669 234 88 12
0.063591115 0.045108353 -0.29609081 234 88 12
0.061049896 0.052164048 -0.29647842 234 88 12
0.049444634 0.080437639 -0.29758133 234 88 12
0.042378553 0.095182974 -0.29850914 234 88 12
0.086908161 -0.062790574 -0.29449557 234 88 12
0.082713568 -0.02434274 -0.29513296 234 88 12
0.074821816 0.010370467 -0.29732831 234 88 12
0.063988976 0.045085581 -0.29982587 234 88 12
0.060121307 0.055821949 -0.30026531 234 88 12
0.054804013 0.069960977 -0.30055619 234 88 12
0.053311003 0.073513908 -0.30068709 234 88 12
0.046863865 0.088345315 -0.30155292 234 88 12
0.043239494 0.095793449 -0.30205565 234 88 12
0.083885261 -0.032429992 -0.29897303 234 88 12
0.08336038 -0.028644507 -0.29904162 234 88 12
0.078440143 -0.0031523453 -0.30028758 234 88 12
0.073078378 0.016126904 -0.30183126 234 88 12
0.072255227 0.019215084 -0.30208358 234 88 12
0.065458716 0.041623909 -0.30346552 234 88 12
0.064328856 0.045173893 -0.30365162 234 88 12
0.081623301 -0.017677862 -0.30336246 234 88 12
0.079333589 -0.0070597461 -0.30390032 234 88 12
0.078507857 -0.0035643163 -0.30419717 234 88 12
0.064674271 0.045353186 -0.30736914 234 88 12
0.081789399 -0.0180345 -0.30716641 234 88 12
0.079460269 -0.0074340885 -0.30771195 234 88 12
0.071646197 0.021513893 -0.31003597 234 88 12
0.069837458 0.02817952 -0.31059914 234 88 12
0.045706228 0.097453047 -0.31228439 234 88 12
0.084282947 -0.034102861 -0.31020865 234 88 12
0.083694963 -0.030007356 -0.31039406 234 88 12
0.079533802 -0.0079246156 -0.311468 234 88 12
0.08464235 -0.038558987 -0.31387674 234 88 12
0.082451955 -0.022471267 -0.31447423 234 88 12
0.056271403 0.075695855 -0.31845683 234 88 12
0.052183045 0.087133931 -0.31855573 234 88 12
0.047281746 0.098736847 -0.31898989 234 88 12
0.045473587 0.10287369 -0.31922493 234 88 12
0.089512044 -0.084782767 -0.31619933 234 88 12
0.088525613 -0.077525597 -0.31647916 234 88 12
0.084897047 -0.042620295 -0.31759374 234 88 12
0.084466763 -0.038678332 -0.31767771 234 88 12
0.080893932 -0.015576219 -0.31846573 234 88 12
0.062660815 0.056782263 -0.32217144 234 88 12
0.054115458 0.083985024 -0.32201688 234 88 12
0.082125592 -0.023316121 -0.321787 234 88 12
0.080621153 -0.015931774 -0.32209668 234 88 12
0.057263218 0.076516162 -0.32539009 234 88 12
0.088939903 -0.085447981 -0.32386245 234 88 12
0.081819141 -0.023754372 -0.32548634 234 88 12
0.078754202 -0.0091519607 -0.32626231 234 88 12
0.068263365 0.03436679 -0.32941541 234 88 12
0.065927575 0.045695664 -0.32957562 234 88 12
0.064195125 0.053161812 -0.32941834 234 88 12
0.063244051 0.057056717 -0.32937885 234 88 12
0.047438465 0.10511848 -0.32910734 234 88 12
0.037426893 0.12586206 -0.32994387 234 88 12
0.086762287 -0.071593335 -0.32805014 234 88 12
0.076810719 -0.0026597851 -0.33040064 234 88 12
0.073687113 0.01034464 -0.33152089 234 88 12
0.06903021 0.030631904 -0.33297157 234 88 12
0.068327317 0.034225942 -0.33306604 234 88 12
0.067543579 0.037967189 -0.33310429 234 88 12
0.035769931 0.13084708 -0.33310384 234 88 12
0.030681308 0.13893381 -0.33348144 234 88 12
0.022690257 0.15023993 -0.33445675 234 88 12
0.020096875 0.15390223 -0.33463194 234 88 12
0.089339141 -0.093435484 -0.33147301 234 88 12
0.087736495 -0.082918824 -0.33165304 234 88 12
0.086814443 -0.075794122 -0.33178518 234 88 12
0.083172033 -0.040189542 -0.3323599 234 88 12
0.079595997 -0.017245062 -0.33310925 234 88 12
0.050068918 0.10245422 -0.33575437 234 88 12
0.085944557 -0.072783884 -0.33563314 234 88 12
0.082663463 -0.040511795 -0.33600675 234 88 12
0.080967677 -0.02852751 -0.33649517 234 88 12
0.080393479 -0.024871807 -0.33650413 234 88 12
0.073804813 0.0064526188 -0.33827337 234 88 12
0.073137782 0.0098268739 -0.33857269 234 88 12
0.072351597 0.013276987 -0.33887077 234 88 12
0.070206267 0.023426725 -0.33976351 234 88 12
0.066006822 0.045629134 -0.34023434 234 88 12
0.064501525 0.053499145 -0.34023143 234 88 12
0.053419273 0.095092489 -0.3392781 234 88 12
0.049017891 0.10694972 -0.33890617 234 88 12
0.047315 0.1112141 -0.33897495 234 88 12
0.041404437 0.12402406 -0.33919828 234 88 12
0.036717423 0.13249604 -0.33932795 234 88 12
0.021384498 0.15532804 -0.34045726 234 88 12
0.08594083 -0.077224197 -0.33930976 234 88 12
0.085531193 -0.073369338 -0.33934979 234 88 12
0.08468694 -0.065607072 -0.33942773 234 88 12
0.083850403 -0.057521957 -0.33941731 234 88 12
0.083015699 -0.049215705 -0.33952217 234 88 12
0.07645154 -0.0073223239 -0.3407122 234 88 12
0.072018491 0.01301354 -0.34237365 234 88 12
0.070668361 0.020027722 -0.34298777 234 88 12
0.068563525 0.030482186 -0.34354613 234 88 12
0.041785037 0.12465275 -0.34231146 234 88 12
0.085419428 -0.077863675 -0.34307357 234 88 12
0.083303468 -0.058064601 -0.34313075 234 88 12
0.081961134 -0.045605904 -0.34317656 234 88 12
0.079299156 -0.02567601 -0.3435891 234 88 12
0.078061773 -0.018328458 -0.34374593 234 88 12
0.070312848 0.019990588 -0.34647227 234 88 12
0.067730665 0.03420529 -0.34704658 234 88 12
0.066419039 0.041911476 -0.34714708 234 88 12
0.062529908 0.062295397 -0.34733426 234 88 12
0.061599241 0.066557099 -0.3473229 234 88 12
0.05981082 0.074835393 -0.34696522 234 88 12
0.044199282 0.12108736 -0.34543084 234 88 12
0.019530115 0.16002794 -0.34640433 234 88 12
0.085328956 -0.081982608 -0.34694364 234 88 12
0.083947107 -0.070475729 -0.34693372 234 88 12
0.079332037 -0.030127159 -0.34699668 234 88 12
0.078168211 -0.022523409 -0.34708549 234 88 12
0.07616797 -0.011913324 -0.34742433 234 88 12
0.073310504 0.0019003875 -0.34835169 234 88 12
0.06869112 0.027137653 -0.35028722 234 88 12
0.064859872 0.050030395 -0.35073089 234 88 12
0.064068755 0.054129541 -0.3507841 234 88 12
0.062340646 0.062494584 -0.35083439 234 88 12
0.055335656 0.091869065 -0.34962597 234 88 12
0.054126132 0.096025954 -0.34939587 234 88 12
0.046382389 0.11744628 -0.34862636 234 88 12
0.040338137 0.12970794 -0.34842037 234 88 12
0.038169911 0.13380345 -0.3484255 234 88 12
0.077532019 -0.022980409 -0.35057206 234 88 12
0.074907496 -0.0088641313 -0.35111064 234 88 12
0.071883686 0.0052994717 -0.35219854 234 88 12
0.06956089 0.019623693 -0.35325396 234 88 12
0.067759013 0.030570022 -0.35380198 234 88 12
0.06711994 0.034195754 -0.35381971 234 88 12
0.058754168 0.07942552 -0.35367533 234 88 12
0.056557434 0.08799618 -0.3533116 234 88 12
0.052866316 0.10058909 -0.35244306 234 88 12
0.048274521 0.1137018 -0.3519122 234 88 12
0.044612094 0.12197763 -0.35171897 234 88 12
0.083564152 -0.079336063 -0.35462913 234 88 12
0.07199496 0.0012583729 -0.35535622 234 88 12
0.070632088 0.00845166 -0.35593355 234 88 12
0.070018296 0.012126673 -0.3561535 234 88 12
0.058638953 0.079672102 -0.35706195 234 88 12
0.046531916 0.11839741 -0.35493886 234 88 12
0.044726715 0.12234578 -0.35478973 234 88 12
0.038601093 0.13495799 -0.35450601 234 88 12
0.083817882 -0.087709327 -0.35853158 234 88 12
0.082918613 -0.080182098 -0.3584095 234 88 12
0.082547249 -0.076490021 -0.3583261 234 88 12
0.079145589 -0.048596818 -0.35759138 234 88 12
0.078698034 -0.044558472 -0.35757371 234 88 12
0.073457625 -0.0096384818 -0.35795263 234 88 12
0.067919116 0.022882556 -0.36001577 234 88 12
0.064292346 0.046176802 -0.36075937 234 88 12
0.059055768 0.075814481 -0.36068363 234 88 12
0.058314674 0.079938667 -0.36046595 234 88 12
0.051266055 0.10596842 -0.35899961 234 88 12
0.083037795 -0.088336776 -0.36234836 234 88 12
0.082162637 -0.081015581 -0.36219783 234 88 12
0.080669856 -0.069357223 -0.36184311 234 88 12
0.079641384 -0.061476669 -0.36152258 234 88 12
0.078368262 -0.04951422 -0.36104549 234 88 12
0.07345952 -0.013885959 -0.3610715 234 88 12
0.072692435 -0.010121921 -0.36128037 234 88 12
0.071975758 -0.0064343573 -0.36155603 234 88 12
0.063082099 0.050470158 -0.36415707 234 88 12
0.038605314 0.13568792 -0.36052069 234 88 12
0.03156281 0.14771324 -0.36051266 234 88 12
0.081734477 -0.085505797 -0.36607565 234 88 12
0.076477394 -0.04203355 -0.36453663 234 88 12
0.071798332 -0.010655112 -0.36458398 234 88 12
0.067652399 0.015288844 -0.36607051 234 88 12
0.063096952 0.046490933 -0.36724371 234 88 12
0.061003939 0.059220521 -0.36747413 234 88 12
0.058855769 0.071892604 -0.36720089 234 88 12
0.080397221 -0.082516598 -0.36971555 234 88 12
0.079900125 -0.078677246 -0.36962079 234 88 12
0.077145989 -0.055153317 -0.36815529 234 88 12
0.07166387 -0.01507005 -0.36766081 234 88 12
0.061778786 0.050775868 -0.37052324 234 88 12
0.058169831 0.071917702 -0.37033632 234 88 12
0.055762075 0.084743155 -0.3697275 234 88 12
0.050094737 0.10638877 -0.36838184 234 88 12
0.078953512 -0.079580735 -0.37321311 234 88 12
0.078470531 -0.075865144 -0.37289805 234 88 12
0.07430349 -0.039577883 -0.37106896 234 88 12
0.071369058 -0.019756226 -0.37070629 234 88 12
0.069590091 -0.0079358948 -0.37101133 234 88 12
0.068397412 -0.00028443967 -0.37132347 234 88 12
0.067723545 0.0037042096 -0.37160835 234 88 12
0.066108905 0.014939343 -0.3723122 234 88 12
0.062138174 0.042621799 -0.37354734 234 88 12
0.046554737 0.1151537 -0.37082327 234 88 12
0.035108908 0.14081078 -0.36948095 234 88 12
0.074889246 -0.052672001 -0.37486203 234 88 12
0.067557623 -0.00051484903 -0.3744962 234 88 12
0.056365201 0.072122194 -0.37662258 234 88 12
0.055605494 0.076330104 -0.37640599 234 88 12
0.054838527 0.080518195 -0.37611898 234 88 12
0.04573111 0.11529743 -0.37399417 234 88 12
0.07484169 -0.061671225 -0.37888952 234 88 12
0.074392687 -0.05771168 -0.37861202 234 88 12
0.069540608 -0.021044185 -0.37711806 234 88 12
0.066108135 0.0027497983 -0.37771909 234 88 12
0.063807366 0.018393529 -0.37882134 234 88 12
0.059756367 0.046641635 -0.37999182 234 88 12
0.056176373 0.06784512 -0.37992271 234 88 12
0.055341643 0.07220614 -0.37979037 234 88 12
0.046244092 0.11091025 -0.37752232 234 88 12
0.033555239 0.14118392 -0.37588151 234 88 12
0.026451707 0.15319492 -0.37573937 234 88 12
0.070938486 -0.038165644 -0.38079224 234 88 12
0.067700572 -0.013775402 -0.38033298 234 88 12
0.067228062 -0.0097433461 -0.38041858 234 88 12
0.062327653 0.022063764 -0.38226175 234 88 12
0.060707351 0.033796784 -0.38278698 234 88 12
0.060047109 0.037963793 -0.38294039 234 88 12
0.045082628 0.11085893 -0.38086159 234 88 12
0.042226728 0.11965321 -0.38033983 234 88 12
0.040533437 0.12403599 -0.38012109 234 88 12
0.036724093 0.13269286 -0.37968098 234 88 12
0.027876638 0.14938347 -0.3790561 234 88 12
0.075360806 -0.082999079 -0.38790439 234 88 12
0.069490478 -0.034916384 -0.38386682 234 88 12
0.066357409 -0.010501506 -0.38355906 234 88 12
0.061987326 0.017721673 -0.38505841 234 88 12
0.061354204 0.021871752 -0.38544395 234 88 12
0.059717835 0.033696186 -0.3860666 234 88 12
0.058389312 0.041982505 -0.38630272 234 88 12
0.053807779 0.067652735 -0.38636946 234 88 12
0.051351179 0.080317246 -0.38599584 234 88 12
0.049402244 0.088722616 -0.38556796 234 88 12
0.048438625 0.092846314 -0.38529132 234 88 12
0.042375367 0.11499183 -0.38405391 234 88 12
0.069072735 -0.039894254 -0.38743203 234 88 12
0.068112548 -0.031653896 -0.38692588 234 88 12
0.066982854 -0.023463027 -0.38672031 234 88 12
0.058626443 0.033305673 -0.38915672 234 88 12
0.05798037 0.037308593 -0.38927369 234 88 12
0.054293511 0.058771189 -0.38983272 234 88 12
0.0534371 0.063098538 -0.38982861 234 88 12
0.051729364 0.071691771 -0.38964271 234 88 12
0.045836428 0.097198549 -0.38857453 234 88 12
0.039321317 0.11923874 -0.3873883 234 88 12
0.06932981 -0.049029927 -0.39140638 234 88 12
0.066124142 -0.024114542 -0.39001018 234 88 12
0.062110137 0.005055802 -0.39056694 234 88 12
0.060817044 0.013185202 -0.3910794 234 88 12
0.059381277 0.021410211 -0.39171039 234 88 12
0.054485751 0.050148962 -0.39310945 234 88 12
0.052180637 0.062773583 -0.39316477 234 88 12
0.050432281 0.071415974 -0.39303289 234 88 12
0.040475996 0.10995978 -0.39144507 234 88 12
0.071458009 -0.074171845 -0.39733714 234 88 12
0.070936661 -0.070114885 -0.39693975 234 88 12
0.069894492 -0.061880509 -0.3962707 234 88 12
0.066392637 -0.03317854 -0.39360073 234 88 12
0.065319411 -0.024887388 -0.39329252 234 88 12
0.0631314 -0.0078818258 -0.39335302 234 88 12
0.062485944 -0.0037132616 -0.39349109 234 88 12
0.061138888 0.0046394595 -0.3938431 234 88 12
0.057066723 0.028958985 -0.39545296 234 88 12
0.04490061 0.08758966 -0.39587546 234 88 12
0.066426763 -0.041992259 -0.39768855 234 88 12
0.063846004 -0.020885272 -0.39661729 234 88 12
0.061426768 -0.0039494385 -0.39685301 234 88 12
0.056005732 0.028860949 -0.39877372 234 88 12
0.043303284 0.086994549 -0.39937976 234 88 12
0.067240006 -0.055243438 -0.40258733 234 88 12
0.059802393 9.9818873e-06 -0.40036306 234 88 12
0.058047372 0.012165547 -0.40092236 234 88 12
0.057286603 0.016362211 -0.40117458 234 88 12
0.047666094 0.061217588 -0.40353279 234 88 12
0.043847111 0.077721543 -0.40317983 234 88 12
0.056336493 0.016191767 -0.4045469 234 88 12
0.055563375 0.020214787 -0.4048456 234 88 12
0.049031193 0.048429453 -0.40664681 234 88 12
0.050909594 0.035864005 -0.40928764 234 88 12
0.049782076 0.040051306 -0.40958964 234 88 12
0.044595356 0.059786991 -0.41045295 234 88 12
0.036393961 0.088184146 -0.41033854 234 88 12
0.063079248 -0.044266282 -0.41164085 234 88 12
0.055294844 0.011609191 -0.41101886 234 88 12
0.054513082 0.015670766 -0.41128683 234 88 12
0.050863675 0.031236077 -0.41230165 234 88 12
0.037029291 0.079182885 -0.41412871 234 88 12
0.064159985 -0.058175872 -0.41636496 234 88 12
0.061334592 -0.036184158 -0.41430319 234 88 12
0.057962959 -0.0096902935 -0.4135814 234 88 12
0.056065123 0.003048584 -0.41391289 234 88 12
0.044822876 0.047131894 -0.41705838 234 88 12
0.038340816 0.061712104 -0.4212544 234 88 12
0.060913131 -0.045553898 -0.42219664 234 88 12
0.05916676 -0.032519845 -0.42114793 234 88 12
0.046171658 0.034207081 -0.42287166 234 88 12
0.039483202 0.053441844 -0.42442939 234 88 12
0.0381269 0.057133486 -0.42458223 234 88 12
0.061626786 -0.055269012 -0.42628671 234 88 12
0.056591658 -0.014832808 -0.42387274 234 88 12
0.053977518 0.0024716528 -0.424077 234 88 12
0.047785453 0.026171177 -0.42573474 234 88 12
0.046432667 0.030005816 -0.42603865 234 88 12
0.032064886 0.067988787 -0.42869996 234 88 12
0.058471206 -0.037619988 -0.42853232 234 88 12
0.057397245 -0.028692697 -0.42793466 234 88 12
0.056028216 -0.015121152 -0.42739615 234 88 12
0.052527181 0.0061650402 -0.42768475 234 88 12
0.051601058 0.010373936 -0.42797211 234 88 12
0.04943267 0.018236107 -0.42855442 234 88 12
0.030285635 0.067023361 -0.43226778 234 88 12
0.056964731 -0.029042297 -0.43128472 234 88 12
0.047412809 0.021729968 -0.43228573 234 88 12
0.04601624 0.025738374 -0.43266117 234 88 12
0.056146842 -0.024954213 -0.43448802 234 88 12
0.049255716 0.014012835 -0.43509545 234 88 12
0.043745016 0.029176132 -0.43631995 234 88 12
0.042166454 0.032955664 -0.43668898 234 88 12
0.058718772 -0.048089456 -0.43944227 234 88 12
0.05586457 -0.025377662 -0.43799159 234 88 12
0.042961102 0.028822334 -0.43974105 234 88 12
0.057311016 -0.039510592 -0.44215012 234 88 12
0.042372715 0.028456115 -0.44319691 234 88 12
0.036968116 0.039813427 -0.44463681 234 88 12
0.060008719 -0.061893902 -0.44770424 234 88 12
0.058919751 -0.053248207 -0.44674363 234 88 12
0.052610526 -0.007857091 -0.44467003 234 88 12
0.044856823 0.020895612 -0.44602592 234 88 12
0.043370088 0.024648298 -0.44636349 234 88 12
0.034124556 0.043569063 -0.44871428 234 88 12
0.057724876 -0.044874586 -0.4493777 234 88 12
0.055810143 -0.03090401 -0.44878446 234 88 12
0.029286894 0.05024946 -0.45301024 234 88 12
0.052119169 -0.0080460636 -0.45189655 234 88 12
0.042353303 0.024331357 -0.45336535 234 88 12
0.036777762 0.035368014 -0.45452493 234 88 12
0.034769667 0.039173787 -0.45511659 234 88 12
0.059795455 -0.06263985 -0.45832393 234 88 12
0.051166691 -0.0037060307 -0.45545632 234 88 12
0.038222462 0.031790669 -0.45751804 234 88 12
0.032045673 0.042594067 -0.45907118 234 88 12
0.025664978 0.053284977 -0.46013637 234 88 12
0.057017297 -0.040368025 -0.4598851 234 88 12
0.041560344 0.024521305 -0.46031676 234 88 12
0.020625651 0.060100594 -0.46393662 234 88 12
0.018498785 0.06334911 -0.46406758 234 88 12
0.059347104 -0.058412114 -0.46500966 234 88 12
0.051980023 -0.0080620376 -0.46232122 234 88 12
0.039249686 0.028337287 -0.46408073 234 88 12
0.022098951 0.056744537 -0.46710588 234 88 12
0.01762951 0.063515792 -0.46742868 234 88 12
0.058341491 -0.049472465 -0.46762096 234 88 12
0.057784852 -0.044942733 -0.46722973 234 88 12
0.052006099 -0.0079633232 -0.46582973 234 88 12
0.047645863 0.0087573411 -0.46613379 234 88 12
0.038940645 0.028421489 -0.46754856 234 88 12
0.057411881 -0.040515415 -0.47047355 234 88 12
0.053845991 -0.0170697 -0.46952675 234 88 12
0.051248837 -0.0037287186 -0.46926594 234 88 12
0.046115274 0.012826665 -0.46979573 234 88 12
0.034497761 0.035650085 -0.47172014 234 88 12
0.030116859 0.042715947 -0.47239392 234 88 12
0.027872112 0.046231744 -0.47275537 234 88 12
0.050292338 0.00036129886 -0.47277654 234 88 12
0.045988977 0.013062699 -0.47333028 234 88 12
0.034226029 0.035732676 -0.47513605 234 88 12
0.025130812 0.049719346 -0.47644135 234 88 12
0.01534184 0.063673188 -0.47762546 234 88 12
0.06039132 -0.058475564 -0.47904505 234 88 12
0.058455166 -0.044908814 -0.4781185 234 88 12
0.054233242 -0.017048202 -0.47672089 234 88 12
0.053398358 -0.012468194 -0.47653245 234 88 12
0.044112143 0.017087789 -0.47703325 234 88 12
0.040364692 0.024717334 -0.47757305 234 88 12
0.02219631 0.053500165 -0.48011862 234 88 12
0.061396112 -0.063006492 -0.48285119 234 88 12
0.058740519 -0.044970811 -0.48167051 234 88 12
0.052737603 -0.0082597018 -0.4799623 234 88 12
0.026764539 0.046282452 -0.48290505 234 88 12
0.016619177 0.06025981 -0.48421044 234 88 12
0.061111356 -0.058764254 -0.48604698 234 88 12
0.016172654 0.060200012 -0.48764769 234 88 12
0.060825116 -0.054489707 -0.48935511 234 88 12
0.059483203 -0.045316496 -0.48886396 234 88 12
0.040096188 0.024458664 -0.48788925 234 88 12
0.035739758 0.031755926 -0.48842451 234 88 12
0.023582175 0.050028017 -0.49020366 234 88 12
0.012996886 0.063430581 -0.49141103 234 88 12
0.058448627 -0.036490714 -0.49196626 234 88 12
0.044131331 0.016195272 -0.49095991 234 88 12
0.030921743 0.038760844 -0.49257522 234 88 12
0.015313499 0.059899704 -0.49471334 234 88 12
0.01268044 0.063177316 -0.49496834 234 88 12
0.060199743 -0.045961284 -0.49612891 234 88 12
0.059479994 -0.04139513 -0.49583415 234 88 12
0.058718856 -0.036894834 -0.49560178 234 88 12
0.057887667 -0.032279062 -0.49542692 234 88 12
0.057074394 -0.027769446 -0.49520396 234 88 12
0.050524074 -0.00043268481 -0.49459623 234 88 12
0.045874174 0.011986688 -0.49463881 234 88 12
0.037693939 0.027537657 -0.49523762 234 88 12
0.0228957 0.049543993 -0.49736599 234 88 12
0.063171306 -0.064117712 -0.50125375 234 88 12
0.047370529 0.0074479239 -0.49825491 234 88 12
0.017182344 0.055972389 -0.50166416 234 88 12
0.063559704 -0.064532196 -0.50493323 234 88 12
0.062117421 -0.05561429 -0.50413832 234 88 12
0.059801637 -0.042014777 -0.50321692 234 88 12
0.057425983 -0.028884632 -0.50238059 234 88 12
0.050239841 -0.0012746501 -0.50204215 234 88 12
0.045527358 0.011155071 -0.50193751 234 88 12
0.043715907 0.015088802 -0.50194186 234 88 12
0.063073874 -0.060359512 -0.5083084 234 88 12
0.060783606 -0.047039109 -0.5072372 234 88 12
0.055342005 -0.019998619 -0.50577415 234 88 12
0.052932187 -0.010894423 -0.50565025 234 88 12
0.050187737 -0.0019775237 -0.50558962 234 88 12
0.048677853 0.0022983855 -0.50554164 234 88 12
0.045286544 0.010527571 -0.50551462 234 88 12
0.021787595 0.048235674 -0.50798659 234 88 12
0.013615917 0.05869573 -0.50914155 234 88 12
0.063990335 -0.065341871 -0.51236442 234 88 12
0.060876804 -0.047487556 -0.51099165 234 88 12
0.059192025 -0.038550061 -0.5103553 234 88 12
0.034266822 0.029550316 -0.50991263 234 88 12
0.010484715 0.061329978 -0.51283415 234 88 12
0.058084957 -0.034651821 -0.51391064 234 88 12
0.05510056 -0.02097689 -0.51334988 234 88 12
0.052578829 -0.012086038 -0.51304218 234 88 12
0.049826681 -0.0034887435 -0.51290533 234 88 12
0.046603218 0.0047547382 -0.5127065 234 88 12
0.026303537 0.040153333 -0.51436613 234 88 12
0.02096207 0.04749139 -0.51502613 234 88 12
0.012813873 0.057539916 -0.51611219 234 88 12
0.064135309 -0.066425176 -0.51978997 234 88 12
0.061582019 -0.053054113 -0.51891773 234 88 12
0.059715647 -0.044087034 -0.51836654 234 88 12
0.031041839 0.031865607 -0.51738701 234 88 12
0.025922515 0.039545261 -0.51790112 234 88 12
0.0069908522 0.063212479 -0.52002674 234 88 12
0.056754168 -0.031451098 -0.52142797 234 88 12
0.049217229 -0.0048169077 -0.52032389 234 88 12
0.042065677 0.011486243 -0.52002789 234 88 12
0.039943708 0.015662005 -0.52010385 234 88 12
0.025521169 0.038879703 -0.52156704 234 88 12
0.064005213 -0.067371084 -0.52742531 234 88 12
0.063080046 -0.062982355 -0.52716529 234 88 12
0.054375732 -0.023305595 -0.52467542 234 88 12
0.01433586 0.052114451 -0.5263249 234 88 12
0.064011173 -0.067932577 -0.53116405 234 88 12
0.061056501 -0.05468312 -0.53060322 234 88 12
0.055312642 -0.028397722 -0.5288615 234 88 12
0.051556181 -0.015232711 -0.52800238 234 88 12
0.045175637 0.0017899071 -0.52751466 234 88 12
0.03674639 0.018226919 -0.52784762 234 88 12
0.02208168 0.041114266 -0.52913314 234 88 12
0.016755623 0.047895291 -0.52960245 234 88 12
0.056106852 -0.033475754 -0.53301618 234 88 12
0.049965019 -0.011918055 -0.53150488 234 88 12
0.048504493 -0.0077064404 -0.53125478 234 88 12
0.060775257 -0.056228148 -0.53813032 234 88 12
0.049260177 -0.013881663 -0.53903433 234 88 12
0.035703892 0.015878316 -0.53873327 234 88 12
0.031224729 0.023391732 -0.53893127 234 88 12
0.010293107 0.052342377 -0.5408179 234 88 12
0.0048553007 0.058569653 -0.54131898 234 88 12
0.054259702 -0.032137887 -0.54381952 234 88 12
0.020722901 0.037460511 -0.54340574 234 88 12
0.053998128 -0.033119708 -0.54754945 234 88 12
0.052829847 -0.028858938 -0.54724007 234 88 12
0.043224433 -0.0028437027 -0.54616978 234 88 12
0.041358656 0.0014663994 -0.54598498 234 88 12
0.035121823 0.013822446 -0.54590825 234 88 12
0.03047588 0.021726025 -0.5462328 234 88 12
0.022996737 0.033065715 -0.54680687 234 88 12
0.012304535 0.047195701 -0.54782959 234 88 12
0.0070133361 0.053571735 -0.54826464 234 88 12
0.039049909 0.0047418167 -0.549639 234 88 12
0.017401114 0.039250192 -0.5509699 234 88 12
0.0042293017 0.055789678 -0.55198807 234 88 12
0.052159301 -0.030514399 -0.55481585 234 88 12
0.040589315 -0.0005904778 -0.55350208 234 88 12
0.036553484 0.0080296733 -0.5533062 234 88 12
0.032098537 0.016174781 -0.5533831 234 88 12
0.040261729 -0.0012412444 -0.55722092 234 88 12
0.045435196 -0.014633326 -0.56144131 234 88 12
0.041794052 -0.0061012171 -0.56102205 234 88 12
0.039899782 -0.001964129 -0.5608761 234 88 12
0.035920124 0.0065390094 -0.56075777 234 88 12
0.011636777 0.043400713 -0.56196353 234 88 12
0.02894597 0.01779085 -0.56434389 234 88 12
0.024163168 0.025552316 -0.56461482 234 88 12
0.028648241 0.017244988 -0.56804077 234 88 12
0.028404956 0.016520337 -0.57178016 234 88 12
0.036574517 -6.1306275e-05 -0.57575758 234 88 12
0.052491114 -0.041482238 -0.58157937 234 88 12
0.030232587 0.011240973 -0.57935448 234 88 12
0.04185163 -0.013479097 -0.58375091 234 88 12
0.030038279 0.010840907 -0.58322662 234 88 12
0.052171394 -0.042285091 -0.58905833 234 88 12
0.046331447 -0.026672448 -0.59224379 234 88 12
0.031751136 0.0057303839 -0.59089168 234 88 12
0.047597216 -0.031006133 -0.59638233 234 88 12
0.046060442 -0.026944132 -0.59625472 234 88 12
0.031633459 0.0051095933 -0.59481683 234 88 12
-0.047631652 0.066466058 0.53426556 234 88 12
-0.048098733 0.071379468 0.53093021 234 88 12
-0.049853807 0.057700134 0.52145778 234 88 12
-0.05145859 0.04435697 0.5147242 234 88 12
-0.051238585 0.068194916 0.51153695 234 88 12
-0.051315802 0.063388081 0.51157772 234 88 12
-0.052048005 0.044630316 0.51145799 234 88 12
-0.052127426 0.058697582 0.50838392 234 88 12
-0.051571944 0.083234097 0.50463228 234 88 12
-0.051923685 0.073371904 0.50490139 234 88 12
-0.05200852 0.083428176 0.50139522 234 88 12
-0.052229674 0.07862228 0.50149378 234 88 12
-0.05331119 0.059631181 0.50165574 234 88 12
-0.053731229 0.045730844 0.50156548 234 88 12
-0.053003998 0.078960231 0.49498288 234 88 12
-0.05400152 0.060406154 0.49503207 234 88 12
-0.053727631 0.07492438 0.49164479 234 88 12
-0.054131568 0.075317004 0.48831509 234 88 12
-0.054604988 0.066070614 0.48837848 234 88 12
-0.055155325 0.056866213 0.48823987 234 88 12
-0.054993269 0.06649301 0.48507768 234 88 12
-0.054433144 0.080498923 0.48179811 234 88 12
-0.054297454 0.090354122 0.47835064 234 88 12
-0.054998908 0.081072534 0.47540743 234 88 12
-0.056742828 0.058674999 0.47522896 234 88 12
-0.054967855 0.086028389 0.47213543 234 88 12
-0.054746709 0.090835451 0.4688608 234 88 12
-0.055505151 0.081733324 0.46907635 234 88 12
-0.056149877 0.072789314 0.4690815 234 88 12
-0.054811782 0.090814207 0.46583249 234 88 12
-0.055632817 0.081790588 0.46604041 234 88 12
-0.054494925 0.095437161 0.4626645 234 88 12
-0.054970027 0.091161032 0.46272778 234 88 12
-0.058326404 0.056079607 0.46248632 234 88 12
-0.058500131 0.056482206 0.45941095 234 88 12
-0.054204532 0.10033825 0.45626613 234 88 12
-0.055730415 0.087279889 0.45657185 234 88 12
-0.058694708 0.056855553 0.45633324 234 88 12
-0.056263907 0.08313658 0.45348508 234 88 12
-0.058407195 0.061436146 0.45329257 234 88 12
-0.056040617 0.088006098 0.45026498 234 88 12
-0.057586239 0.070298087 0.45028398 234 88 12
-0.05801461 0.065926764 0.45025275 234 88 12
-0.059116169 0.057708089 0.45006851 234 88 12
-0.054500918 0.10104523 0.44688852 234 88 12
-0.058078329 0.066198173 0.44717397 234 88 12
-0.058701636 0.062137418 0.44704007 234 88 12
-0.059368801 0.057952239 0.4469741 234 88 12
-0.060808264 0.050168002 0.4467075 234 88 12
-0.057246082 0.074883418 0.44431009 234 88 12
-0.058820573 0.062449818 0.44400719 234 88 12
-0.060987537 0.05050419 0.4436958 234 88 12
-0.054748306 0.10087178 0.44079003 234 88 12
-0.056244705 0.08828586 0.44102382 234 88 12
-0.05801687 0.07112138 0.43808803 234 88 12
-0.060086912 0.059485782 0.43482184 234 88 12
-0.062404361 0.047832104 0.43455718 234 88 12
-0.056707406 0.08861874 0.4317087 234 88 12
-0.057864384 0.07576832 0.43200505 234 88 12
-0.059605843 0.063642069 0.43186933 234 88 12
-0.069060025 0.023694295 0.43078158 234 88 12
-0.062129863 0.052596171 0.42851348 234 88 12
-0.068474609 0.02751781 0.42797868 234 88 12
-0.056033352 0.09701289 0.4254823 234 88 12
-0.067912094 0.031503805 0.42504372 234 88 12
-0.056636275 0.092883951 0.42254977 234 88 12
-0.057244254 0.088919102 0.42256115 234 88 12
-0.06945504 0.029406193 0.41893646 234 88 12
-0.06134696 0.065562954 0.41645033 234 88 12
-0.068040121 0.037111144 0.41591084 234 88 12
-0.061788198 0.065933183 0.41334339 234 88 12
-0.06837511 0.037661227 0.4128411 234 88 12
-0.070162189 0.030824721 0.41278336 234 88 12
-0.060800668 0.073923569 0.41026033 234 88 12
-0.061535813 0.070147436 0.41023072 234 88 12
-0.068012434 0.041974581 0.40965304 234 88 12
-0.071457443 0.028259233 0.4096455 234 88 12
-0.068435955 0.04268208 0.40651509 234 88 12
-0.070996339 0.032344497 0.40646829 234 88 12
-0.072695354 0.025538987 0.40653732 234 88 12
-0.064816096 0.060071495 0.40382841 234 88 12
-0.064554489 0.06421425 0.40061518 234 88 12
-0.06539665 0.060588516 0.4006161 234 88 12
-0.067035929 0.053672992 0.40053167 234 88 12
-0.071905825 0.033893702 0.40017487 234 88 12
-0.076350878 0.0043417307 0.40053745 234 88 12
-0.068417211 0.051027224 0.39732727 234 88 12
-0.074441439 0.023943536 0.39730238 234 88 12
-0.077102071 -0.0063393979 0.39751457 234 88 12
-0.077258067 -0.017424056 0.39752038 234 88 12
-0.065773882 0.065405937 0.39429678 234 88 12
-0.073396335 0.031898451 0.39401148 234 88 12
-0.077061807 0.010292276 0.39419438 234 88 12
-0.07777162 -0.005198065 0.39436012 234 88 12
-0.077794719 -0.0090904931 0.39440714 234 88 12
-0.067975606 0.058613633 0.39115316 234 88 12
-0.072558115 0.039535283 0.39073846 234 88 12
-0.078481402 -0.0040297504 0.39115192 234 88 12
-0.077270636 0.019466486 0.38792768 234 88 12
-0.078218437 0.01200817 0.38794894 234 88 12
-0.078895198 0.0047842078 0.38787111 234 88 12
-0.079014039 0.00084293699 0.38793639 234 88 12
-0.079338776 -0.0297465 0.38785695 234 88 12
-0.070697512 0.053322688 0.38460064 234 88 12
-0.080060861 -0.013464582 0.38483968 234 88 12
-0.080109208 -0.028727145 0.38468188 234 88 12
-0.074478732 0.041654143 0.38126317 234 88 12
-0.076386824 0.031712427 0.38143418 234 88 12
-0.077759972 0.024638457 0.3816097 234 88 12
-0.078411129 0.020988553 0.38161298 234 88 12
-0.080443353 -0.0011819236 0.38164114 234 88 12
-0.080799455 -0.012662449 0.38172796 234 88 12
-0.080862932 -0.02031096 0.38164073 234 88 12
-0.080753641 -0.049709976 0.38063193 234 88 12
-0.071797505 0.054560605 0.37818609 234 88 12
-0.074311666 0.045345945 0.37814297 234 88 12
-0.081678198 -0.034726467 0.37823252 234 88 12
-0.081682107 -0.038245094 0.37799457 234 88 12
-0.081639411 -0.041907877 0.3778389 234 88 12
-0.081638485 -0.048949932 0.37748276 234 88 12
-0.065975179 0.07848578 0.37476811 234 88 12
-0.077574954 0.033012992 0.37512476 234 88 12
-0.079026357 0.026159693 0.37531051 234 88 12
-0.082034961 -0.0037410495 0.37551642 234 88 12
-0.08215227 -0.011593465 0.37559401 234 88 12
-0.082328306 -0.015128073 0.37545721 234 88 12
-0.082465501 -0.026584662 0.37528812 234 88 12
-0.082525786 -0.030149108 0.37516565 234 88 12
-0.06829683 0.072083121 0.37156309 234 88 12
-0.070043089 0.065425597 0.37158212 234 88 12
-0.070993033 0.062036313 0.37169734 234 88 12
-0.073723031 0.052859259 0.37173745 234 88 12
-0.075184998 0.046536785 0.37178722 234 88 12
-0.080207927 0.023242263 0.37217751 234 88 12
-0.081240957 0.01593606 0.37222111 234 88 12
-0.083094162 -0.014602878 0.37241012 234 88 12
-0.083191186 -0.06200164 0.37087895 234 88 12
-0.075648716 0.047129596 0.36857928 234 88 12
-0.081928154 0.016616687 0.36912376 234 88 12
-0.082281684 0.012608565 0.36922036 234 88 12
-0.084277943 -0.021160989 0.36913514 234 88 12
-0.084271703 -0.04331138 0.36827414 234 88 12
-0.067856187 0.076041686 0.36486784 234 88 12
-0.075368733 0.050626139 0.36537931 234 88 12
-0.072068739 0.063619419 0.36182065 234 88 12
-0.073989494 0.057433005 0.36194061 234 88 12
-0.078926214 0.038540856 0.36227912 234 88 12
-0.084765344 0.0027975475 0.36299267 234 88 12
-0.08503308 -0.00090640345 0.36301013 234 88 12
-0.086011746 -0.019659505 0.36276449 234 88 12
-0.086068461 -0.023449686 0.36263727 234 88 12
-0.086204832 -0.034601642 0.36230015 234 88 12
-0.086276927 -0.038106402 0.36211822 234 88 12
-0.078598544 0.042409119 0.35894659 234 88 12
-0.081122091 0.032416367 0.35914102 234 88 12
-0.082018096 0.029216279 0.35918851 234 88 12
-0.083539279 0.022127441 0.35938865 234 88 12
-0.084092795 0.01854608 0.35950531 234 88 12
-0.086747922 -0.014912188 0.35955959 234 88 12
-0.081664944 0.033073118 0.35585069 234 88 12
-0.086400826 0.0043496969 0.35648914 234 88 12
-0.088186982 -0.029194753 0.35595552 234 88 12
-0.088281455 -0.032910383 0.35584915 234 88 12
-0.088739941 -0.061920325 0.35499224 234 88 12
-0.089070855 -0.068920984 0.35488863 234 88 12
-0.075717497 0.055406302 0.35220213 234 88 12
-0.08127263 0.036987392 0.35252692 234 88 12
-0.088940017 -0.020924949 0.35300556 234 88 12
-0.089326275 -0.039537539 0.3524699 234 88 12
-0.089836953 -0.061328529 0.35190519 234 88 12
-0.090441486 -0.071686378 0.35166974 234 88 12
-0.069865598 0.074309603 0.34828309 234 88 12
-0.072952284 0.065173032 0.34850992 234 88 12
-0.077879851 0.049832276 0.34906155 234 88 12
-0.082734703 0.034250706 0.34938123 234 88 12
-0.088271684 0.0020046985 0.35000995 234 88 12
-0.090272319 -0.031293449 0.34952256 234 88 12
-0.08212459 0.037960693 0.34600827 234 88 12
-0.084188847 0.031329726 0.34628611 234 88 12
-0.088434403 0.01009398 0.34670541 234 88 12
-0.088818727 0.006422274 0.34672655 234 88 12
-0.091223511 -0.026915853 0.34641175 234 88 12
-0.091337089 -0.030650612 0.34637094 234 88 12
-0.091428726 -0.034430251 0.34626475 234 88 12
-0.076456166 0.056697812 0.3421746 234 88 12
-0.086383427 0.025047281 0.34315608 234 88 12
-0.087132609 0.021420313 0.34328479 234 88 12
-0.092567494 -0.033794709 0.34305467 234 88 12
-0.093459351 -0.055380549 0.34227546 234 88 12
-0.085106547 0.03208237 0.33977488 234 88 12
-0.091807962 -0.007263072 0.3404115 234 88 12
-0.093925809 -0.036877901 0.33973612 234 88 12
-0.094317562 -0.044177953 0.33942378 234 88 12
-0.076617643 0.057207589 0.33538103 234 88 12
-0.077852879 0.054268738 0.33550642 234 88 12
-0.086436207 0.028905494 0.33657541 234 88 12
-0.09395561 -0.017594421 0.33691568 234 88 12
-0.095913641 -0.051031021 0.33599622 234 88 12
-0.098898105 -0.086237005 0.33569902 234 88 12
-0.083581685 0.039095572 0.33295537 234 88 12
-0.085783696 0.032491573 0.33320451 234 88 12
-0.086794081 0.029165762 0.33331599 234 88 12
-0.089521519 0.019182607 0.33343798 234 88 12
-0.095704229 -0.028556124 0.33352233 234 88 12
-0.081599452 0.045712784 0.32923499 234 88 12
-0.082756433 0.042584523 0.3294379 234 88 12
-0.089992339 0.01945117 0.33020697 234 88 12
-0.096519873 -0.024328315 0.33032125 234 88 12
-0.10222956 -0.085637132 0.32918254 234 88 12
-0.10383616 -0.09556685 0.32941408 234 88 12
-0.076925739 0.058036863 0.32495162 234 88 12
-0.085475018 0.036520619 0.32632722 234 88 12
-0.097989409 -0.027448723 0.32693176 234 88 12
-0.10054032 -0.057105498 0.32594961 234 88 12
-0.10395971 -0.085298749 0.32591109 234 88 12
-0.080747442 0.049289494 0.32199827 234 88 12
-0.092540794 0.012988192 0.32391136 234 88 12
-0.095382371 -0.001458931 0.32417897 234 88 12
-0.096067462 -0.0048746839 0.32408809 234 88 12
-0.096693046 -0.0085373658 0.32404587 234 88 12
-0.10734655 -0.094894182 0.32272037 234 88 12
-0.094604341 0.0061522032 0.32071155 234 88 12
-0.096136558 -0.00083706412 0.32073272 234 88 12
-0.10430295 -0.063783748 0.31919273 234 88 12
-0.10521402 -0.070892082 0.31911707 234 88 12
-0.092636618 0.017117927 0.31696932 234 88 12
-0.097655635 -0.004139253 0.31737436 234 88 12
-0.10031136 -0.018580949 0.31709778 234 88 12
-0.10138315 -0.025929772 0.31688005 234 88 12
-0.10444252 -0.052186653 0.31604897 234 88 12
-0.10580682 -0.063367802 0.31583485 234 88 12
-0.10626921 -0.067041884 0.31579836 234 88 12
-0.1067259 -0.070654551 0.31582203 234 88 12
-0.11075104 -0.094363818 0.31604243 234 88 12
-0.085288483 0.040391569 0.31197886 234 88 12
-0.097554455 -0.00015653046 0.31393702 234 88 12
-0.10120509 -0.018376975 0.31380681 234 88 12
-0.10381752 -0.037098824 0.31326365 234 88 12
-0.10997667 -0.080756423 0.31243214 234 88 12
-0.090448653 0.027555602 0.309485 234 88 12
-0.094537802 0.014104447 0.31032218 234 88 12
-0.099952277 -0.007022394 0.31050255 234 88 12
-0.10339306 -0.025377441 0.31025182 234 88 12
-0.10606091 -0.04425328 0.30957927 234 88 12
-0.11271784 -0.08758697 0.30922937 234 88 12
-0.083134351 0.046856459 0.30443217 234 88 12
-0.0929315 0.020955315 0.30661273 234 88 12
-0.09400779 0.017631526 0.30679583 234 88 12
-0.097031603 0.007444587 0.30709294 234 88 12
-0.10495313 -0.028953885 0.30678208 234 88 12
-0.11510388 -0.090676223 0.30591291 234 88 12
-0.11817063 -0.10422375 0.30634778 234 88 12
-0.089924287 0.030932939 0.30229686 234 88 12
-0.095626739 0.014631246 0.30350146 234 88 12
-0.084947113 0.043616639 0.2976438 234 88 12
-0.093929068 0.021505695 0.29963328 234 88 12
-0.10106249 -0.0027532723 0.30037966 234 88 12
-0.10600784 -0.024935286 0.30021916 234 88 12
-0.10999535 -0.047574279 0.29952221 234 88 12
-0.11197269 -0.058689639 0.29917945 234 88 12
-0.11834593 -0.090553782 0.29924014 234 88 12
-0.08388233 0.046466113 0.29387994 234 88 12
-0.092077108 0.028244232 0.29548832 234 88 12
-0.094498772 0.021562814 0.29613564 234 88 12
-0.10773844 -0.0286054 0.29671138 234 88 12
-0.11064521 -0.043646928 0.29618521 234 88 12
-0.11184635 -0.051226192 0.29597943 234 88 12
-0.11557224 -0.069283687 0.29554393 234 88 12
-0.11631148 -0.07288874 0.29549997 234 88 12
-0.1191668 -0.08741612 0.29586926 234 88 12
-0.080071663 0.055168658 0.2896039 234 88 12
-0.081451415 0.052182257 0.28986344 234 88 12
-0.088695485 0.037232289 0.29126253 234 88 12
-0.093888039 0.025013024 0.29233994 234 88 12
-0.099482301 0.0079813613 0.29334886 234 88 12
-0.1044321 -0.010020693 0.29363978 234 88 12
-0.11025769 -0.036222484 0.2931159 234 88 12
-0.11546675 -0.061983935 0.29226607 234 88 12
-0.11782998 -0.072908116 0.29214324 234 88 12
-0.11854639 -0.076687763 0.29221707 234 88 12
-0.12591055 -0.10773222 0.2930055 234 88 12
-0.089195352 0.037055394 0.28774128 234 88 12
-0.093059907 0.027705718 0.28860398 234 88 12
-0.094377014 0.024593077 0.2889065 234 88 12
-0.10008894 0.0077011249 0.28995247 234 88 12
-0.11211326 -0.039755392 0.28947851 234 88 12
-0.11301881 -0.043411374 0.28935348 234 88 12
-0.11767148 -0.065643378 0.28880238 234 88 12
-0.12333972 -0.09082594 0.2891554 234 88 12
-0.12515327 -0.097598569 0.28928254 234 88 12
-0.12680184 -0.10456972 0.28954573 234 88 12
-0.082384558 0.051564915 0.28287769 234 88 12
-0.085417809 0.045823743 0.28340388 234 88 12
-0.097430437 0.017999035 0.2858362 234 88 12
-0.10298904 0.00054057486 0.28670962 234 88 12
-0.10978551 -0.025296763 0.28677622 234 88 12
-0.11063872 -0.02909135 0.28667097 234 88 12
-0.11505879 -0.046983902 0.28580582 234 88 12
-0.11668923 -0.054655131 0.28560215 234 88 12
-0.08602564 0.045609506 0.27981894 234 88 12
-0.08891638 0.039580196 0.28049463 234 88 12
-0.093107243 0.030744968 0.28119377 234 88 12
-0.10146007 0.0074443547 0.28303444 234 88 12
-0.10371033 0.00041869485 0.28322831 234 88 12
-0.11257465 -0.032555931 0.28296749 234 88 12
-0.12396281 -0.080510202 0.28209421 234 88 12
-0.13038399 -0.10480542 0.28278363 234 88 12
-0.08360817 0.051109107 0.2756743 234 88 12
-0.088096542 0.042514162 0.27660145 234 88 12
-0.11084689 -0.021291469 0.27987261 234 88 12
-0.12038126 -0.058295646 0.27863465 234 88 12
-0.1265519 -0.083961961 0.2787313 234 88 12
-0.081163495 0.056865348 0.27133009 234 88 12
-0.087334062 0.045519021 0.27260179 234 88 12
-0.091796662 0.036221336 0.27369341 234 88 12
-0.099471774 0.01725363 0.27535325 234 88 12
-0.10184462 0.010491067 0.27589575 234 88 12
-0.11398995 -0.028566706 0.27618442 234 88 12
-0.11594352 -0.036097972 0.27594426 234 88 12
-0.12278488 -0.061873773 0.27515801 234 88 12
-0.12811455 -0.084078504 0.27533784 234 88 12
-0.13292622 -0.10152162 0.27591723 234 88 12
-0.09398095 0.03279524 0.27041478 234 88 12
-0.096619144 0.026659524 0.27101295 234 88 12
-0.11194271 -0.017396742 0.27295006 234 88 12
-0.11517058 -0.028476083 0.27275151 234 88 12
-0.12321741 -0.05819079 0.27170424 234 88 12
-0.093321291 0.035568948 0.26643374 234 88 12
-0.12270857 -0.050603069 0.26837484 234 88 12
-0.12751165 -0.069387126 0.26825367 234 88 12
-0.11900907 -0.032023383 0.26566823 234 88 12
-0.12011487 -0.035485065 0.26541553 234 88 12
-0.12112477 -0.039233743 0.26525395 234 88 12
-0.12703629 -0.061875774 0.26471231 234 88 12
-0.099296356 0.026002104 0.26009537 234 88 12
-0.11419026 -0.013967185 0.26264301 234 88 12
-0.11692589 -0.020879979 0.26250539 234 88 12
-0.12750691 -0.05826741 0.2613582 234 88 12
-0.07827425 0.066459313 0.25206321 234 88 12
-0.089620631 0.047043339 0.25382561 234 88 12
-0.12508949 -0.04300976 0.25827551 234 88 12
-0.079126707 0.066326613 0.24854969 234 88 12
-0.082427422 0.061069082 0.24877381 234 88 12
-0.092047894 0.043683452 0.25059082 234 88 12
-0.10100244 0.025729231 0.25281747 234 88 12
-0.10719578 0.0095597543 0.25452724 234 88 12
-0.11948816 -0.020916475 0.25580797 234 88 12
-0.12085161 -0.02442414 0.25576841 234 88 12
-0.070665423 0.080071426 0.24463347 234 88 12
-0.073893695 0.075589286 0.24477134 234 88 12
-0.086607309 0.055325524 0.24573527 234 88 12
-0.088291657 0.052411337 0.24597589 234 88 12
-0.093004273 0.043439795 0.24698373 234 88 12
-0.099184293 0.031480844 0.24849264 234 88 12
-0.10323454 0.022561283 0.24963437 234 88 12
-0.11342113 -0.0040159522 0.25197872 234 88 12
-0.071309111 0.080002613 0.24099191 234 88 12
-0.098628821 0.034157181 0.244561 234 88 12
-0.11301333 -0.00088383238 0.24837349 234 88 12
-0.11592179 -0.0073741222 0.24872525 234 88 12
-0.075235634 0.075189314 0.23760117 234 88 12
-0.089930817 0.051597545 0.23915065 234 88 12
-0.11021324 0.0087969306 0.24412669 234 88 12
-0.11274436 0.0021589655 0.24473293 234 88 12
-0.12468464 -0.024922811 0.24559345 234 88 12
-0.14797448 -0.1051578 0.24592498 234 88 12
-0.098683909 0.036149974 0.2373461 234 88 12
-0.1002698 0.033259908 0.23762537 234 88 12
-0.12435161 -0.021749732 0.24228071 234 88 12
-0.091464575 0.051011237 0.2322345 234 88 12
-0.096466925 0.041842624 0.23321913 234 88 12
-0.10701849 0.020979917 0.23577431 234 88 12
-0.10838069 0.017951129 0.23610355 234 88 12
-0.11096842 0.011650192 0.23682855 234 88 12
-0.11493752 0.0020453258 0.23774792 234 88 12
-0.10498447 0.026592003 0.23158907 234 88 12
-0.11463759 0.0051198959 0.23399981 234 88 12
-0.094852116 0.047385687 0.22563498 234 88 12
-0.10290108 0.032148998 0.22731693 234 88 12
-0.1115687 0.013919939 0.22966181 234 88 12
-0.11435413 0.0077861015 0.23030903 234 88 12
-0.12616823 -0.018940795 0.23239434 234 88 12
-0.11257135 0.013593289 0.22623407 234 88 12
-0.10766172 0.025220701 0.2212756 234 88 12
-0.11064276 0.019584251 0.22194671 234 88 12
-0.1176483 0.00367893 0.22394135 234 88 12
-0.12052911 -0.0025885188 0.22466035 234 88 12
-0.10057895 0.040162627 0.21586263 234 88 12
-0.10849438 0.02475981 0.21782917 234 88 12
-0.11577431 0.0094777308 0.21977579 234 88 12
-0.10452463 0.033507272 0.21311713 234 88 12
-0.094903817 0.0510526 0.20773338 234 88 12
-0.11750704 0.0088558834 0.21286476 234 88 12
-0.099008305 0.044678468 0.2047338 234 88 12
-0.12919763 -0.014394469 0.2123387 234 88 12
-0.10320318 0.038185469 0.20177456 234 88 12
-0.12055882 0.0048827567 0.2064685 234 88 12
-0.13001595 -0.015040408 0.20911893 234 88 12
-0.096702381 0.049769457 0.19719445 234 88 12
-0.10900384 0.028694341 0.19927762 234 88 12
-0.11292179 0.022478224 0.19648988 234 88 12
-0.12825582 -0.0094258165 0.20179522 234 88 12
-0.10498603 0.036891215 0.19123687 234 88 12
-0.11658626 0.015577365 0.19415399 234 88 12
-0.1019933 0.04250208 0.18724564 234 88 12
-0.11233255 0.024003748 0.18928675 234 88 12
-0.11151776 0.026054386 0.18184121 234 88 12
-0.11470823 0.019622743 0.18286609 234 88 12
-0.099603623 0.047210249 0.17621153 234 88 12
-0.11355294 0.022446291 0.17885029 234 88 12
-0.10188409 0.043818341 0.17279956 234 88 12
-0.10892926 0.031376253 0.17402522 234 88 12
-0.11061401 0.028281064 0.17439501 234 88 12
-0.16103042 0.0020606324 -0.12506447 234 88 12
-0.11427105 0.045394707 -0.14859683 234 88 12
-0.1572543 0.0065450358 -0.13826563 234 88 12
-0.1586033 0.0040929314 -0.14204473 234 88 12
-0.16054917 0.00085844331 -0.14146211 234 88 12
-0.10457549 0.052242027 -0.16689839 234 88 12
-0.10933025 0.046418028 -0.16589081 234 88 12
-0.1558882 0.0050034918 -0.154422 234 88 12
-0.15475427 0.0053444399 -0.15852946 234 88 12
-0.15675939 0.0021691307 -0.15805713 234 88 12
-0.089575353 0.088340861 -0.17482527 234 88 12
-0.09747174 0.062024859 -0.1759052 234 88 12
-0.10492922 0.049992978 -0.17467364 234 88 12
-0.14378747 0.017897658 -0.16545858 234 88 12
-0.15359195 0.005600381 -0.16261672 234 88 12
-0.095653443 0.065415981 -0.1797437 234 88 12
-0.09859294 0.059489375 -0.17971326 234 88 12
-0.1144988 0.039766151 -0.17679213 234 88 12
-0.15954101 -0.0068740137 -0.16490527 234 88 12
-0.087624091 0.10322974 -0.1808958 234 88 12
-0.08792435 0.0996922 -0.18127162 234 88 12
-0.10792279 0.045047482 -0.18174817 234 88 12
-0.11659447 0.037588805 -0.18017112 234 88 12
-0.15330713 0.0032857124 -0.1703606 234 88 12
-0.089879784 0.085809085 -0.18651432 234 88 12
-0.09513386 0.066395073 -0.18740678 234 88 12
-0.1009931 0.054192858 -0.18676977 234 88 12
-0.14773397 0.0097378329 -0.17551347 234 88 12
-0.088217515 0.096916121 -0.18936363 234 88 12
-0.15247404 0.00058371936 -0.17807839 234 88 12
-0.15551384 -0.0061045419 -0.17719749 234 88 12
-0.089707723 0.086780921 -0.19407687 234 88 12
-0.098480889 0.057853921 -0.19449918 234 88 12
-0.11663829 0.03591937 -0.19162831 234 88 12
-0.14716499 0.0071198807 -0.18321642 234 88 12
-0.1554244 -0.0091831145 -0.18103205 234 88 12
-0.090226422 0.083714819 -0.19793827 234 88 12
-0.096761737 0.061203217 -0.19843727 234 88 12
-0.1220757 0.030513519 -0.19401222 234 88 12
-0.14337128 0.010144849 -0.18801519 234 88 12
-0.1539739 -0.0090524329 -0.18521143 234 88 12
-0.087713143 0.10124478 -0.20026609 234 88 12
-0.088073662 0.097647125 -0.20055542 234 88 12
-0.099286744 0.055933476 -0.20197933 234 88 12
-0.10083813 0.053028802 -0.2017894 234 88 12
-0.10441467 0.0473714 -0.20128341 234 88 12
-0.089476149 0.087770246 -0.20507447 234 88 12
-0.091994625 0.074669187 -0.2057752 234 88 12
-0.096090639 0.062092906 -0.20592735 234 88 12
-0.11344136 0.03648183 -0.20346619 234 88 12
-0.14460937 0.0039794848 -0.19531064 234 88 12
-0.14792886 -0.0028157664 -0.19419071 234 88 12
-0.095643829 0.062612154 -0.20961431 234 88 12
-0.096952053 0.059720462 -0.20954736 234 88 12
-0.11854338 0.030795782 -0.20600283 234 88 12
-0.13632935 0.013110573 -0.20127627 234 88 12
-0.13871524 0.01014823 -0.20067798 234 88 12
-0.14771444 -0.0065218916 -0.19793648 234 88 12
-0.088646459 0.088762488 -0.21233945 234 88 12
-0.10706433 0.04259086 -0.21200439 234 88 12
-0.086405033 0.10231799 -0.2145136 234 88 12
-0.094631656 0.063536107 -0.21688344 234 88 12
-0.13918926 0.0031147607 -0.20803852 234 88 12
-0.12354665 0.021824389 -0.21600108 234 88 12
-0.13536713 0.0062808177 -0.21291135 234 88 12
-0.13147269 0.0089991872 -0.21769523 234 88 12
-0.13338397 0.0060389214 -0.21722361 234 88 12
-0.089496845 0.074515273 -0.22706864 234 88 12
-0.094234764 0.06184449 -0.22753358 234 88 12
-0.098799559 0.052358481 -0.22736336 234 88 12
-0.12760544 0.012140403 -0.22245013 234 88 12
-0.094932571 0.059024639 -0.2309104 234 88 12
-0.099871588 0.049680988 -0.2309428 234 88 12
-0.10354126 0.043390373 -0.23059231 234 88 12
-0.1312295 0.0021862842 -0.22529053 234 88 12
-0.13286054 -0.0010649097 -0.22497956 234 88 12
-0.13429772 -0.0044128819 -0.22460684 234 88 12
-0.095765758 0.056212946 -0.23442661 234 88 12
-0.10097882 0.046927399 -0.23443833 234 88 12
-0.10278272 0.043569134 -0.23419829 234 88 12
-0.11343825 0.028064315 -0.23306279 234 88 12
-0.1323393 -0.004808813 -0.22884418 234 88 12
-0.11231833 0.028082635 -0.23692153 234 88 12
-0.11660878 0.021593281 -0.23618616 234 88 12
-0.13047901 -0.0051193308 -0.23303672 234 88 12
-0.13185986 -0.0084816892 -0.23289264 234 88 12
-0.1012426 0.043926981 -0.24140283 234 88 12
-0.11722553 0.018247041 -0.23973473 234 88 12
-0.12431846 0.0050408609 -0.23824536 234 88 12
-0.13127568 -0.012466926 -0.23691005 234 88 12
-0.13871785 -0.03838539 -0.23519484 234 88 12
-0.14262451 -0.053867409 -0.23470186 234 88 12
-0.091350966 0.063751284 -0.24433962 234 88 12
-0.10250653 0.041045204 -0.24503099 234 88 12
-0.11958775 0.01146122 -0.24306613 234 88 12
-0.13919071 -0.046487907 -0.23919132 234 88 12
-0.092401802 0.060772701 -0.24798177 234 88 12
-0.11289719 0.021220891 -0.2479274 234 88 12
-0.13463398 -0.035646585 -0.24402676 234 88 12
-0.096350285 0.051501604 -0.25217652 234 88 12
-0.097938113 0.0481536 -0.25228774 234 88 12
-0.10485263 0.034706465 -0.25244157 234 88 12
-0.10655653 0.0312793 -0.25239421 234 88 12
-0.11990308 0.0039631937 -0.25056004 234 88 12
-0.12883098 -0.021042813 -0.24919073 234 88 12
-0.13433585 -0.039969595 -0.24811492 234 88 12
-0.13652927 -0.047408528 -0.24777141 234 88 12
-0.11258811 0.017484553 -0.2557025 234 88 12
-0.11567083 0.010540176 -0.2551247 234 88 12
-0.12139234 -0.0034865672 -0.25423416 234 88 12
-0.087792262 0.071680813 -0.25733558 234 88 12
-0.097105793 0.048580603 -0.25941121 234 88 12
-0.086405839 0.075287281 -0.26026615 234 88 12
-0.088972277 0.069051283 -0.2609624 234 88 12
-0.096702199 0.04876844 -0.26289167 234 88 12
-0.11627295 0.0029467245 -0.26285241 234 88 12
-0.083825768 0.082085871 -0.26264055 234 88 12
-0.087547747 0.072518561 -0.26388232 234 88 12
-0.090017282 0.065962185 -0.26460548 234 88 12
-0.099155117 0.042092158 -0.26684692 234 88 12
-0.10067178 0.038613274 -0.26707027 234 88 12
-0.11382178 0.0060788177 -0.26688519 234 88 12
-0.11518568 0.0025383079 -0.26680716 234 88 12
-0.11900941 -0.0083309303 -0.26656745 234 88 12
-0.12141736 -0.015650165 -0.26626415 234 88 12
-0.076540795 0.10484489 -0.2629391 234 88 12
-0.094793161 0.052945753 -0.26958681 234 88 12
-0.10309176 0.031802103 -0.27097739 234 88 12
-0.076572526 0.10515414 -0.26612428 234 88 12
-0.078443848 0.099200494 -0.2670858 234 88 12
-0.08272956 0.086571463 -0.26889691 234 88 12
-0.0920897 0.060102887 -0.27215154 234 88 12
-0.097047163 0.046221678 -0.27358618 234 88 12
-0.098400972 0.042611434 -0.27386563 234 88 12
-0.10118483 0.035588164 -0.27437511 234 88 12
-0.10799606 0.017072122 -0.27482693 234 88 12
-0.1207171 -0.020173236 -0.27415837 234 88 12
-0.082679264 0.087073315 -0.27222308 234 88 12
-0.088485824 0.070793805 -0.2745378 234 88 12
-0.090711978 0.064016192 -0.27524095 234 88 12
-0.096797144 0.046565298 -0.27705125 234 88 12
-0.10721786 0.017024246 -0.27855598 234 88 12
-0.12110274 -0.024036228 -0.27803654 234 88 12
-0.073840849 0.11515464 -0.2712625 234 88 12
-0.084850333 0.080732324 -0.2764346 234 88 12
-0.085988071 0.07742217 -0.27688479 234 88 12
-0.088299568 0.071112328 -0.27791312 234 88 12
-0.091647831 0.060971271 -0.27898784 234 88 12
-0.095278509 0.050377391 -0.280086 234 88 12
-0.10655305 0.017130274 -0.28220022 234 88 12
-0.11033017 0.0056672667 -0.28235494 234 88 12
-0.090286933 0.064668546 -0.28198118 234 88 12
-0.11749258 -0.01683229 -0.28613348 234 88 12
-0.11987106 -0.024392016 -0.28583339 234 88 12
-0.079059394 0.097399132 -0.28045874 234 88 12
-0.082343917 0.088045557 -0.28213884 234 88 12
-0.086697144 0.07485595 -0.28398174 234 88 12
-0.093596952 0.054587981 -0.28649109 234 88 12
-0.1034072 0.025433333 -0.28916717 234 88 12
-0.10924062 0.0059440255 -0.28984695 234 88 12
-0.11555077 -0.013481217 -0.28986046 234 88 12
-0.11933048 -0.02449828 -0.28964261 234 88 12
-0.088762248 0.068430943 -0.28824319 234 88 12
-0.10881926 0.0059525098 -0.29346487 234 88 12
-0.11124691 -0.0022674602 -0.29350779 234 88 12
-0.073063005 0.11562534 -0.28409417 234 88 12
-0.074874858 0.10972839 -0.28494184 234 88 12
-0.078480332 0.097528746 -0.28693777 234 88 12
-0.080583704 0.091342124 -0.28804372 234 88 12
-0.089702383 0.065310138 -0.29202211 234 88 12
-0.094319465 0.051473314 -0.29365611 234 88 12
-0.11323036 -0.010073966 -0.29700829 234 88 12
-0.087149084 0.072289431 -0.29446747 234 88 12
-0.10006888 0.033610211 -0.29899673 234 88 12
-0.10347011 0.022319892 -0.30005504 234 88 12
-0.091353158 0.058697728 -0.29965196 234 88 12
-0.10753096 0.0064044136 -0.3043535 234 88 12
-0.11570803 -0.022182127 -0.30399565 234 88 12
-0.10267118 0.022455418 -0.30718306 234 88 12
-0.10591139 0.010461725 -0.30775009 234 88 12
-0.10699063 0.0063004951 -0.30783752 234 88 12
-0.11272069 -0.014384533 -0.30773697 234 88 12
-0.11395343 -0.018282875 -0.30770389 234 88 12
-0.08069595 0.08860135 -0.30171688 234 88 12
-0.091644406 0.055107138 -0.30675711 234 88 12
-0.094112872 0.048226991 -0.30774425 234 88 12
-0.095301407 0.044729654 -0.30817011 234 88 12
-0.096344048 0.041049633 -0.30854812 234 88 12
-0.10210548 0.022408062 -0.31069052 234 88 12
-0.10524957 0.010379879 -0.3113113 234 88 12
-0.074265909 0.1065197 -0.30205872 234 88 12
-0.076412462 0.10083244 -0.30308995 234 88 12
-0.082778889 0.082463513 -0.30618891 234 88 12
-0.083975072 0.079344584 -0.30677719 234 88 12
-0.093695632 0.048274106 -0.31113582 234 88 12
-0.10148036 0.022191561 -0.31412883 234 88 12
-0.081376931 0.085488262 -0.30887347 234 88 12
-0.085778799 0.072781471 -0.31101342 234 88 12
-0.091912413 0.051728842 -0.31391244 234 88 12
-0.098622309 0.029890419 -0.31675326 234 88 12
-0.10068092 0.022073379 -0.31750204 234 88 12
-0.10696885 -0.0022662386 -0.31875267 234 88 12
-0.078895803 0.091705671 -0.3111679 234 88 12
-0.07991231 0.088611992 -0.31163511 234 88 12
-0.084269256 0.075957 -0.31373557 234 88 12
-0.093568226 0.044496895 -0.31828385 234 88 12
-0.10491186 0.0016890583 -0.32214449 234 88 12
-0.11027366 -0.018525519 -0.3220935 234 88 12
-0.076432927 0.097380871 -0.31351351 234 88 12
-0.081622198 0.081946807 -0.31582355 234 88 12
-0.082651909 0.078793495 -0.31636663 234 88 12
-0.094005884 0.040503886 -0.32193523 234 88 12
-0.096113588 0.033046061 -0.32283082 234 88 12
-0.099035267 0.021720409 -0.32418756 234 88 12
-0.10713429 -0.010604542 -0.32573026 234 88 12
-0.079097527 0.088020693 -0.31803646 234 88 12
-0.095325442 0.03288131 -0.32603419 234 88 12
-0.098231999 0.02150346 -0.32742256 234 88 12
-0.10007976 0.013448726 -0.32804218 234 88 12
-0.10517162 -0.0066912506 -0.32915122 234 88 12
-0.10964788 -0.022846943 -0.32880163 234 88 12
-0.078708693 0.087651037 -0.32119611 234 88 12
-0.081779676 0.078373621 -0.32272962 234 88 12
-0.091585584 0.043783266 -0.32783694 234 88 12
-0.097356981 0.021205905 -0.33065335 234 88 12
-0.10110528 0.0050861938 -0.33188814 234 88 12
-0.10322352 -0.0028854968 -0.33244387 234 88 12
-0.10520011 -0.011208108 -0.33248237 234 88 12
-0.1063443 -0.01530081 -0.33241026 234 88 12
-0.10875481 -0.023222161 -0.3321401 234 88 12
-0.080244399 0.081016673 -0.32536435 234 88 12
-0.099291762 0.0086826742 -0.33489372 234 88 12
-0.092036946 0.035829347 -0.33516805 234 88 12
-0.10121035 -0.0037261321 -0.3389981 234 88 12
-0.10219577 -0.0079355505 -0.33906052 234 88 12
-0.1068352 -0.024044079 -0.33872455 234 88 12
-0.1108775 -0.03560789 -0.3379309 234 88 12
-0.073201387 0.097241234 -0.32893074 234 88 12
-0.075254836 0.091615226 -0.32971836 234 88 12
-0.088096748 0.04606888 -0.33671762 234 88 12
-0.089168737 0.042477521 -0.33726744 234 88 12
-0.096487994 0.011877835 -0.34108449 234 88 12
-0.10851149 -0.032240314 -0.34145468 234 88 12
-0.11130303 -0.039765925 -0.34088714 234 88 12
-0.079625184 0.076528459 -0.33548266 234 88 12
-0.089236975 0.038518794 -0.34102953 234 88 12
-0.091170172 0.03117713 -0.34206471 234 88 12
-0.10364188 -0.021096912 -0.34539565 234 88 12
-0.1148349 -0.051464847 -0.34294402 234 88 12
-0.07254662 0.096070763 -0.33562958 234 88 12
-0.090941141 0.026739595 -0.34584625 234 88 12
-0.10262641 -0.021503577 -0.34867959 234 88 12
-0.10287441 -0.025780199 -0.35182517 234 88 12
-0.11142915 -0.048430369 -0.34981825 234 88 12
-0.089808354 0.021838042 -0.35303269 234 88 12
-0.098122558 -0.014308642 -0.35541206 234 88 12
-0.10471447 -0.033437251 -0.35482546 234 88 12
-0.11380235 -0.056221564 -0.35210336 234 88 12
-0.082910029 0.038633333 -0.35696226 234 88 12
-0.088648815 0.016908482 -0.36020098 234 88 12
-0.099786198 -0.026846696 -0.36186355 234 88 12
-0.0962035 -0.019733416 -0.36528924 234 88 12
-0.10751735 -0.049792999 -0.36295726 234 88 12
-0.11077032 -0.057475928 -0.36194928 234 88 12
-0.080722467 0.037178189 -0.36363337 234 88 12
-0.085324591 0.019242913 -0.36623841 234 88 12
-0.089938526 3.70903e-05 -0.36815666 234 88 12
-0.090799838 -0.0041360566 -0.36835313 234 88 12
-0.097769004 -0.027388754 -0.3685491 234 88 12
-0.10181018 -0.03907657 -0.36761548 234 88 12
-0.10488679 -0.046373507 -0.36677598 234 88 12
-0.10641633 -0.050003543 -0.36630515 234 88 12
-0.079647435 0.036494769 -0.36697301 234 88 12
-0.082350271 0.025887636 -0.36864139 234 88 12
-0.083298781 0.022426861 -0.36922034 234 88 12
-0.084162628 0.018762848 -0.36968951 234 88 12
-0.085078421 0.014926667 -0.37010293 234 88 12
-0.095392831 -0.02372012 -0.37212459 234 88 12
-0.099353476 -0.035396781 -0.37134287 234 88 12
-0.10852788 -0.057976422 -0.36876105 234 88 12
-0.085746207 0.0069426459 -0.37435879 234 88 12
-0.094322475 -0.023975707 -0.37551219 234 88 12
-0.084487277 0.0065145994 -0.37782131 234 88 12
-0.087218996 -0.0054332733 -0.37845588 234 88 12
-0.09589979 -0.03197538 -0.37839389 234 88 12
-0.082175302 0.0096567295 -0.38086724 234 88 12
-0.088239893 -0.013465316 -0.38217328 234 88 12
-0.094827711 -0.032352326 -0.3817896 234 88 12
-0.096205553 -0.036128635 -0.38154312 234 88 12
-0.088177019 -0.017748077 -0.38558251 234 88 12
-0.081209107 0.00095519629 -0.38840785 234 88 12
-0.084478722 -0.010599237 -0.38885001 234 88 12
-0.085686903 -0.014342939 -0.38898829 234 88 12
-0.095355519 -0.040592443 -0.38808298 234 88 12
-0.10301934 -0.059155981 -0.38623988 234 88 12
-0.10769031 -0.070326076 -0.38509648 234 88 12
-0.080964122 -0.0033768185 -0.39205049 234 88 12
-0.087005771 -0.022520665 -0.39244669 234 88 12
-0.088469098 -0.026178897 -0.39241572 234 88 12
-0.077614605 0.0040200869 -0.39508129 234 88 12
-0.078580441 0.00012337008 -0.39526539 234 88 12
-0.091372606 -0.037894799 -0.39526481 234 88 12
-0.09455399 -0.045398789 -0.39464843 234 88 12
-0.083321887 -0.019457697 -0.3994285 234 88 12
-0.090243176 -0.038287376 -0.39882636 234 88 12
-0.098238838 -0.056902652 -0.39719003 234 88 12
-0.1019864 -0.068224862 -0.39979031 234 88 12
-0.083627475 -0.027807661 -0.40665049 234 88 12
-0.091391721 -0.046300657 -0.40564701 234 88 12
-0.07189331 0.0051476275 -0.40885509 234 88 12
-0.074889735 -0.0060953875 -0.40959453 234 88 12
-0.081150633 -0.024390788 -0.41037078 234 88 12
-0.10030656 -0.06912095 -0.40714806 234 88 12
-0.10205218 -0.072545816 -0.4069141 234 88 12
-0.077391632 -0.017383258 -0.41383644 234 88 12
-0.080021771 -0.024682391 -0.41402032 234 88 12
-0.081380293 -0.028389127 -0.41402364 234 88 12
-0.085877306 -0.040045947 -0.4134527 234 88 12
-0.069787382 0.004361539 -0.41614977 234 88 12
-0.078995076 -0.024909365 -0.41764552 234 88 12
-0.088246922 -0.04737857 -0.4165757 234 88 12
-0.10040548 -0.073451554 -0.41419684 234 88 12
-0.10221377 -0.076976356 -0.41394029 234 88 12
-0.074066441 -0.014468859 -0.42092786 234 88 12
-0.075267037 -0.01799466 -0.42112574 234 88 12
-0.080696693 -0.032867494 -0.42106063 234 88 12
-0.092500928 -0.05906187 -0.4190641 234 88 12
-0.095913246 -0.066569489 -0.41843474 234 88 12
-0.097641604 -0.070321687 -0.41810579 234 88 12
-0.10818094 -0.092149398 -0.41673549 234 88 12
-0.069845498 -0.003627976 -0.42404898 234 88 12
-0.10300844 -0.08582101 -0.42438996 234 88 12
-0.1096967 -0.09994568 -0.42377142 234 88 12
-0.069056328 -0.0078758165 -0.43161836 234 88 12
-0.087957722 -0.056197237 -0.43040996 234 88 12
-0.093417283 -0.067425677 -0.42948344 234 88 12
-0.10038219 -0.082402485 -0.42832684 234 88 12
-0.10384238 -0.089600223 -0.42798532 234 88 12
-0.11339217 -0.1110879 -0.42719918 234 88 12
-0.11483843 -0.11473421 -0.42709896 234 88 12
-0.065304528 0.0029363425 -0.43523511 234 88 12
-0.066252714 -0.00061199471 -0.43533269 234 88 12
-0.099484723 -0.082675417 -0.43206414 234 88 12
-0.10292091 -0.089923652 -0.43169472 234 88 12
-0.11086815 -0.10789582 -0.43099827 234 88 12
-0.11383271 -0.11507762 -0.43083346 234 88 12
-0.067354591 -0.0082445078 -0.43931228 234 88 12
-0.070652033 -0.019683142 -0.4395128 234 88 12
-0.086293491 -0.05672181 -0.43781142 234 88 12
-0.10832795 -0.10501969 -0.43480827 234 88 12
-0.068543978 -0.016051415 -0.4432437 234 88 12
-0.06964391 -0.019826329 -0.44332002 234 88 12
-0.081714471 -0.049445368 -0.44228899 234 88 12
-0.088987245 -0.064512893 -0.44089507 234 88 12
-0.092518305 -0.071956825 -0.4404604 234 88 12
-0.10730722 -0.1055049 -0.43854613 234 88 12
-0.069875352 -0.023998084 -0.44705605 234 88 12
-0.096620176 -0.083719767 -0.44348024 234 88 12
-0.10326408 -0.098548027 -0.44263253 234 88 12
-0.074502117 -0.039080978 -0.45054978 234 88 12
-0.081639219 -0.053913492 -0.44952209 234 88 12
-0.10068218 -0.095262592 -0.44663994 234 88 12
-0.1038766 -0.1026263 -0.44637294 234 88 12
-0.105386 -0.10634769 -0.44628394 234 88 12
-0.060701907 0.0005118158 -0.45464205 234 88 12
-0.07687794 -0.047032793 -0.45402383 234 88 12
-0.087935941 -0.069214407 -0.45238124 234 88 12
-0.065690135 -0.021733933 -0.45846255 234 88 12
-0.072430814 -0.04021435 -0.45825503 234 88 12
-0.079514073 -0.0548541 -0.45739074 234 88 12
-0.081487523 -0.058387444 -0.45717521 234 88 12
-0.10348678 -0.10731559 -0.45434675 234 88 12
-0.063499219 -0.018720779 -0.46237444 234 88 12
-0.064623127 -0.022413151 -0.46236538 234 88 12
-0.065830199 -0.025923426 -0.4624819 234 88 12
-0.067067301 -0.029760051 -0.46248411 234 88 12
-0.079112691 -0.059305959 -0.4652081 234 88 12
-0.058574799 -0.0090968417 -0.47059498 234 88 12
-0.061351693 -0.019593941 -0.47043176 234 88 12
-0.062456631 -0.023362265 -0.47046414 234 88 12
-0.063604816 -0.027070328 -0.4704826 234 88 12
-0.088723947 -0.082343946 -0.46796853 234 88 12
-0.10303488 -0.11651451 -0.4662244 234 88 12
-0.056781175 -0.0061549777 -0.47474874 234 88 12
-0.066508816 -0.038859519 -0.47437353 234 88 12
-0.067993648 -0.042406433 -0.47435459 234 88 12
-0.097522951 -0.10563609 -0.470941 234 88 12
-0.057551389 -0.013798757 -0.47861554 234 88 12
-0.059408547 -0.020923193 -0.47848928 234 88 12
-0.061580456 -0.028385214 -0.47835476 234 88 12
-0.064084493 -0.035823981 -0.47828248 234 88 12
-0.065538052 -0.039435 -0.4782578 234 88 12
-0.093444683 -0.098195114 -0.47573527 234 88 12
-0.095052446 -0.10204745 -0.4755048 234 88 12
-0.096596617 -0.10587974 -0.47526472 234 88 12
-0.099553173 -0.11359706 -0.47478128 234 88 12
-0.078178495 -0.068839322 -0.48133465 234 88 12
-0.08190382 -0.075938545 -0.48122016 234 88 12
-0.10004958 -0.11743218 -0.47889451 234 88 12
-0.071674062 -0.058604796 -0.48595537 234 88 12
-0.073442749 -0.062230881 -0.48582823 234 88 12
-0.082764716 -0.079971101 -0.48545 234 88 12
-0.088032988 -0.091067185 -0.48489685 234 88 12
-0.057602571 -0.026083011 -0.49069542 234 88 12
-0.059984112 -0.033376326 -0.49049724 234 88 12
-0.062760655 -0.040568736 -0.49036857 234 88 12
-0.077980271 -0.073389339 -0.48980035 234 88 12
-0.090477344 -0.099238209 -0.48869584 234 88 12
-0.092152584 -0.10311138 -0.48845851 234 88 12
-0.053561838 -0.016080419 -0.49490541 234 88 12
-0.060233764 -0.037552694 -0.49459605 234 88 12
-0.063057164 -0.044851606 -0.49446931 234 88 12
-0.085956008 -0.092160157 -0.49349388 234 88 12
-0.063571396 -0.048828554 -0.4986437 234 88 12
-0.06524792 -0.052526045 -0.49870471 234 88 12
-0.070280462 -0.063734908 -0.49854121 234 88 12
-0.072013258 -0.067453103 -0.49852417 234 88 12
-0.084875164 -0.092925859 -0.49781093 234 88 12
-0.094912603 -0.11556865 -0.49644502 234 88 12
-0.056608008 -0.034883396 -0.50323325 234 88 12
-0.069354349 -0.064108766 -0.50288919 234 88 12
-0.072862882 -0.07128757 -0.50286363 234 88 12
-0.061235696 -0.050147018 -0.50716314 234 88 12
-0.070038544 -0.068412273 -0.50711677 234 88 12
-0.088002132 -0.10534234 -0.50614706 234 88 12
-0.054472052 -0.036586517 -0.51153739 234 88 12
-0.058617523 -0.047463426 -0.51144251 234 88 12
-0.083500345 -0.098338273 -0.51098986 234 88 12
-0.085287875 -0.10215853 -0.51080007 234 88 12
-0.08708032 -0.10590904 -0.51059085 234 88 12
-0.09393028 -0.12079659 -0.50951096 234 88 12
-0.086054821 -0.10670104 -0.51501756 234 88 12
-0.08787909 -0.11036703 -0.51483483 234 88 12
-0.091345881 -0.11757904 -0.5143712 234 88 12
-0.053703244 -0.041766893 -0.52003328 234 88 12
-0.061213734 -0.060247614 -0.5199088 234 88 12
-0.064832578 -0.067375135 -0.51994754 234 88 12
-0.054038557 -0.046204474 -0.52425359 234 88 12
-0.066341127 -0.076024066 -0.52886386 234 88 12
-0.069874939 -0.083473359 -0.52883042 234 88 12
