object_id,policy,seed,coverage_target,stop_reason,acquired_views,initial_coverage,final_coverage,coverage_auc,reachable_coverage_ceiling,initial_reachable_normalized_coverage,final_reachable_normalized_coverage,reachable_normalized_coverage_auc,coverage_interval_start,coverage_interval_end,num_steps,normalized_regret_mean,normalized_regret_valid_count,spearman_mean,spearman_valid_count,ndcg_at_5_mean,ndcg_at_5_valid_count,median_policy_ms,peak_process_rss_bytes,peak_process_rss_delta_bytes,peak_cuda_allocated_bytes
02691156/1628b65a9f3cd7c05e9e2656aff7dd5b,vggt_independent_history,0,vis_a,view_budget_exhausted,10,0.07964814603744022,0.8885428889194549,6.59928093171696,0.941363767869644,0.08460931762615868,0.9438889823965441,7.010340908543231,1,10,9,0.35355337914512086,9,0.48021563836900977,9,0.769871038650269,9,1.5907420001894934,6242156544,1064960,3649390592
02691156/1628b65a9f3cd7c05e9e2656aff7dd5b,vggt_joint_pose_deepsets,0,vis_a,view_budget_exhausted,10,0.07964814603744022,0.8904398079075084,6.733155774720398,0.941363767869644,0.08460931762615868,0.9459040578145691,7.152554628226118,1,10,9,0.2864516318549189,9,0.4579531643223611,9,0.8285348404132836,9,242.4503850002111,6243569664,1150976,4496722944
02691156/162ed8d0d989f3acc1ccec171a275967,vggt_independent_history,0,vis_a,view_budget_exhausted,10,0.14497312553920544,0.9236389291591339,7.1269628073808775,0.9762990062799165,0.14849254645009843,0.9460615274807682,7.299979577504037,1,10,9,0.35228294067222976,9,0.18780084039007983,9,0.7399502002607503,9,1.6430360001322697,6243622912,0,3649390592
02691156/162ed8d0d989f3acc1ccec171a275967,vggt_joint_pose_deepsets,0,vis_a,view_budget_exhausted,10,0.14497312553920544,0.9258529173480867,7.108957910157928,0.9762990062799165,0.14849254645009843,0.9483292632612121,7.2815375867746255,1,10,9,0.3554670152807944,9,0.45936352573158057,9,0.7555609926025726,9,242.62884300014775,6243680256,0,4496722944
02691156/1659db64bbf46bcdc1955ee4b5680e91,vggt_independent_history,0,vis_a,view_budget_exhausted,10,0.09615501137793364,0.7933240900095233,5.861578355299936,0.8741666209605004,0.10999620561155977,0.9075204554686035,6.705333073527173,1,10,9,0.2867034348879596,9,0.688264461298887,9,0.8407210335669435,9,1.5615649999745074,6243680256,0,3649390592
02691156/1659db64bbf46bcdc1955ee4b5680e91,vggt_joint_pose_deepsets,0,vis_a,view_budget_exhausted,10,0.09615501137793364,0.7911901621813673,5.979022094155194,0.8741666209605004,0.10999620561155977,0.9050793558235365,6.839682448164948,1,10,9,0.19754050814864388,9,0.4243168007470302,9,0.8339034799903307,9,245.36481799987087,6243717120,4096,4496722944
02691156/165c4491d10067b3bd46d022fd7d80aa,vggt_independent_history,0,vis_a,view_budget_exhausted,10,0.09221828982360161,0.9388804990522315,7.053280138442631,0.9835397706830906,0.09376162771694928,0.9545933240708281,7.17132173876809,1,10,9,0.36204335012843947,9,0.5669088948152026,9,0.830031760613154,9,1.5986749999683525,6243741696,0,3649390592
02691156/165c4491d10067b3bd46d022fd7d80aa,vggt_joint_pose_deepsets,0,vis_a,view_budget_exhausted,10,0.09221828982360161,0.938069727289473,7.07117598646552,0.9835397706830906,0.09376162771694928,0.9537689834727907,7.18951708638526,1,10,9,0.2543779381536793,9,0.546790496328946,9,0.8191961819955133,9,241.4019869997901,6243753984,0,4496722944
02691156/1667ab313638fb366cf1b4a8fc3914e,vggt_independent_history,0,vis_a,view_budget_exhausted,10,0.08599246005281433,0.9072255822489603,6.834015810044507,0.9687575041274639,0.08876572278040377,0.93648366942569,7.054413288080526,1,10,9,0.39258198432437014,9,0.43902777541886207,9,0.7997278856050593,9,1.6188810000130616,6243766272,0,3649390592
02691156/1667ab313638fb366cf1b4a8fc3914e,vggt_joint_pose_deepsets,0,vis_a,view_budget_exhausted,10,0.08599246005281433,0.9137977167468592,6.880007931262761,0.9687575041274639,0.08876572278040377,0.943267755711368,7.101888658358745,1,10,9,0.2276730569634753,9,0.5582309178511319,9,0.856114577215179,9,242.6171609999983,6243794944,4096,4496722944
02691156/16689e54c884aa01639c7058eaf33ae,vggt_independent_history,0,vis_a,view_budget_exhausted,10,0.08070994475165805,0.7861258933991239,5.878672527816719,0.8986300821812551,0.08981442570423402,0.8748047822870023,6.5418158643736355,1,10,9,0.35422404931396545,9,0.2731588496406149,9,0.742664438929412,9,1.696490999620437,6243803136,0,3649390592
02691156/16689e54c884aa01639c7058eaf33ae,vggt_joint_pose_deepsets,0,vis_a,view_budget_exhausted,10,0.08070994475165805,0.78752916133384,5.948607600156768,0.8986300821812551,0.08981442570423402,0.8763663457851995,6.619639958766621,1,10,9,0.36734807909279454,9,0.26110458039386836,9,0.7396039619465663,9,241.7907579997518,6243840000,4096,4496722944
02691156/166d333d38897d1513d521050081b441,vggt_independent_history,0,vis_a,view_budget_exhausted,10,0.14208135162895985,0.8363396222355789,6.142575719793507,0.9283641770283879,0.1530448450561177,0.9008745090882637,6.616558320308471,1,10,9,0.4065919851455582,9,0.4432883664069803,9,0.6875932679506793,9,1.6087949998109252,6243840000,0,3649390592
02691156/166d333d38897d1513d521050081b441,vggt_joint_pose_deepsets,0,vis_a,view_budget_exhausted,10,0.14208135162895985,0.839976981882129,6.315158806004948,0.9283641770283879,0.1530448450561177,0.9047925401115987,6.802458520339741,1,10,9,0.3500618928738476,9,0.5031120735283895,9,0.7377430348547316,9,243.00297000036153,6243864576,4096,4496722944
02691156/16715d886ecf0a97ce2cec85ea6ae00d,vggt_independent_history,0,vis_a,view_budget_exhausted,10,0.13740721302201397,0.7416951213044825,5.600219497934873,0.8347159587871376,0.16461553367407755,0.8885598909384498,6.709131937613996,1,10,9,0.47695084444739577,9,0.27767757523338377,9,0.6336851515307331,9,1.5277779998541519,6243868672,0,3649390592
02691156/16715d886ecf0a97ce2cec85ea6ae00d,vggt_joint_pose_deepsets,0,vis_a,view_budget_exhausted,10,0.13740721302201397,0.7504560402393925,5.762020926352607,0.8347159587871376,0.16461553367407755,0.8990555797325634,6.902972041800857,1,10,9,0.36926541052616607,9,0.38141168740608694,9,0.7866898771411895,9,242.59656300000643,6243889152,0,4496722944
02691156/167250e2014c72dbb87697d3904b168b,vggt_independent_history,0,vis_a,view_budget_exhausted,10,0.11972974763032487,0.8708114697831189,6.651169735273602,0.9253877893979147,0.12938332340458553,0.9410232982971336,7.187440564350926,1,10,9,0.1733834466486267,9,0.6362518600737243,9,0.8918440087716698,9,1.5606269998897915,6243893248,0,3649390592
02691156/167250e2014c72dbb87697d3904b168b,vggt_joint_pose_deepsets,0,vis_a,view_budget_exhausted,10,0.11972974763032487,0.8706781573953406,6.681918787316552,0.9253877893979147,0.12938332340458553,0.9408792371918265,7.220668852421331,1,10,9,0.26168132922801957,9,0.5650077036067088,9,0.8702350839432831,9,242.24211299997478,6243930112,4096,4496722944
02691156/167740d2a5f5cb6c7f4561609781d8c9,vggt_independent_history,0,vis_a,view_budget_exhausted,10,0.06662256831444521,0.8578265813858796,6.733909455468063,0.8951369303341754,0.07442723683579167,0.9583188362764041,7.522770234665815,1,10,9,0.24643801439796706,9,0.5664816415725468,9,0.794814882884864,9,1.566833999731898,6243938304,0,3649390592
02691156/167740d2a5f5cb6c7f4561609781d8c9,vggt_joint_pose_deepsets,0,vis_a,view_budget_exhausted,10,0.06662256831444521,0.8552586463190399,6.777087180957265,0.8951369303341754,0.07442723683579167,0.9554500739900789,7.571006123529303,1,10,9,0.327329986062067,9,0.2657945086170865,9,0.7545369169983016,9,242.13018099999317,6243954688,0,4496722944
02828884/1b9ddee986099bb78880edc6251fa529,vggt_independent_history,0,vis_a,view_budget_exhausted,10,0.17948997164644076,0.9483631165323594,7.692155103914496,0.9924067194406581,0.1808633175595639,0.9556194027655087,7.751010702799314,1,10,9,0.583602260898632,9,0.33732481589674723,9,0.5563114817386603,9,1.5875210001468076,6243954688,0,3649390592
02828884/1b9ddee986099bb78880edc6251fa529,vggt_joint_pose_deepsets,0,vis_a,view_budget_exhausted,10,0.17948997164644076,0.9510147709697501,7.628059576302998,0.9924067194406581,0.1808633175595639,0.9582913460176515,7.686424755973374,1,10,9,0.5579805284688455,9,0.3292107386634263,9,0.5583714330517486,9,241.4356129997941,6244020224,4096,4496722944
02828884/1bace34d2c1dc49b3b5ee89f1f802f5a,vggt_independent_history,0,vis_a,view_budget_exhausted,10,0.32821131666750597,0.9753503154823902,7.834710178559862,0.9966009318543814,0.3293307342757559,0.9786769049749431,7.861431720700652,1,10,9,0.2483148230783465,9,0.5834025434925886,9,0.7830184792119064,9,1.5616830000908521,6244028416,0,3649390592
02828884/1bace34d2c1dc49b3b5ee89f1f802f5a,vggt_joint_pose_deepsets,0,vis_a,view_budget_exhausted,10,0.32821131666750597,0.9695062115691186,7.850814006925863,0.9966009318543814,0.3293307342757559,0.9728128688031152,7.877590473769482,1,10,9,0.2618948180857723,9,0.48015427847482745,9,0.8074075174621678,9,242.61637499967037,6244052992,4096,4496722944
02828884/1bb14f4633ad52e3ae944a46a2846086,vggt_independent_history,0,vis_a,view_budget_exhausted,10,0.24701657759424817,0.8662364111900945,6.959735794548484,0.9516617427868137,0.2595634210017661,0.9102356144457772,7.313245328290524,1,10,9,0.5543329919818432,9,0.2951135533562966,9,0.5408874987354821,9,1.6154620002453157,6244077568,0,3649390592
02828884/1bb14f4633ad52e3ae944a46a2846086,vggt_joint_pose_deepsets,0,vis_a,view_budget_exhausted,10,0.24701657759424817,0.8661980015616054,6.976281023909362,0.9516617427868137,0.2595634210017661,0.9101952538567546,7.330630948219332,1,10,9,0.5777753899664404,9,0.4775710682923982,9,0.5272093684702173,9,241.0183679999136,6244110336,4096,4496722944
02828884/1bdfb8796887adf92056b4bd5d870b47,vggt_independent_history,0,vis_a,view_budget_exhausted,10,0.451846130725702,0.989857533725046,8.35690036155397,0.9992336400936923,0.4521926730602615,0.9906167026484746,8.363309666766616,1,10,9,0.3209076643780739,9,0.5557559124519584,9,0.7876284704276871,9,1.5698659999543452,6244118528,0,3649390592
02828884/1bdfb8796887adf92056b4bd5d870b47,vggt_joint_pose_deepsets,0,vis_a,view_budget_exhausted,10,0.451846130725702,0.9903829514306404,8.37406106982579,0.9992336400936923,0.4521926730602615,0.991142523321951,8.380483536403563,1,10,9,0.3341070131774453,9,0.455321488150575,9,0.7153881132580062,9,241.75314100011747,6244143104,4096,4496722944
02828884/1be0e167a93a1069acb4ead41419080a,vggt_independent_history,0,vis_a,view_budget_exhausted,10,0.26427571578185466,0.9897851873526126,7.894025019293016,0.9989425039883563,0.2645554821490858,0.9908329892869886,7.902381756482983,1,10,9,0.6119871182709904,9,0.19355755841822134,9,0.4373896965055741,9,1.5596909997839248,6244147200,0,3649390592
02828884/1be0e167a93a1069acb4ead41419080a,vggt_joint_pose_deepsets,0,vis_a,view_budget_exhausted,10,0.26427571578185466,0.9384821442470301,7.411541586069036,0.9989425039883563,0.2645554821490858,0.9394756359851208,7.419387558821329,1,10,9,0.7203968201046455,9,0.05106014252268103,9,0.33543168606191576,9,241.46264800037898,6244184064,0,4496722944
02828884/1be83cdaf803fa3b827358da75ee7655,vggt_independent_history,0,vis_a,view_budget_exhausted,10,0.28556442886228633,0.9288087662712552,7.282648084738856,0.9856721954601797,0.28971541469622686,0.9423099997637888,7.388509200402893,1,10,9,0.3458527501005555,9,0.38378516325046985,9,0.7269645425727966,9,1.5752390004308836,6244192256,0,3649390592
02828884/1be83cdaf803fa3b827358da75ee7655,vggt_joint_pose_deepsets,0,vis_a,view_budget_exhausted,10,0.28556442886228633,0.9284725201287078,7.286537986062511,0.9856721954601797,0.28971541469622686,0.9419688659222378,7.392455645622277,1,10,9,0.3851512668196358,9,0.3599803759691088,9,0.6692222599827351,9,241.3417859997935,6244225024,4096,4496722944
02828884/1bf5b1fa54aeec162701a18243b45d3,vggt_independent_history,0,vis_a,view_budget_exhausted,10,0.2045744918978715,0.9369316161656573,7.4149885832004285,0.9868474681214847,0.20730102524080002,0.9494188782276102,7.513814264848085,1,10,9,0.4947010522500699,9,0.3557463940945643,9,0.5865361015523992,9,1.6021040000850917,6244233216,4096,3649390592
02828884/1bf5b1fa54aeec162701a18243b45d3,vggt_joint_pose_deepsets,0,vis_a,view_budget_exhausted,10,0.2045744918978715,0.9448305048662029,7.319772513581182,0.9868474681214847,0.20730102524080002,0.9574230419466311,7.417329171968945,1,10,9,0.34430700826655863,9,0.655205727179871,9,0.7327342746114484,9,241.8597740002042,6244274176,4096,4496722944
02828884/1c310698c57a3d378fd6b27be619556b,vggt_independent_history,0,vis_a,view_budget_exhausted,10,0.3583522628834148,0.9865317208133921,8.154826797284583,0.9974126388039685,0.3592818548129962,0.9890908561138507,8.17598101329788,1,10,9,0.27967036873310525,9,0.6034322786591847,9,0.8138190577987159,9,1.6209390000767598,6244282368,0,3649390592
02828884/1c310698c57a3d378fd6b27be619556b,vggt_joint_pose_deepsets,0,vis_a,view_budget_exhausted,10,0.3583522628834148,0.9857919241967812,8.158264233337281,0.9974126388039685,0.3592818548129962,0.9883491404108112,8.179427366310632,1,10,9,0.24309478223241454,9,0.568344841720998,9,0.8265754278233788,9,241.34283200010032,6244306944,0,4496722944
02828884/1c47c37d6c785d4fe7fd9a18c19837e5,vggt_independent_history,0,vis_a,view_budget_exhausted,10,0.3551392472086734,0.9749201835380004,7.876414684278975,0.9972054972451736,0.3561344659548729,0.9776522354030965,7.898487028037787,1,10,9,0.40263051518133497,9,0.4772516938021446,9,0.7141029240357258,9,1.5903769999567885,6244306944,0,3649390592
02828884/1c47c37d6c785d4fe7fd9a18c19837e5,vggt_joint_pose_deepsets,0,vis_a,view_budget_exhausted,10,0.3551392472086734,0.9782610551906583,7.884491612174054,0.9972054972451736,0.3561344659548729,0.9810024692935908,7.90658659018159,1,10,9,0.3369025523535111,9,0.3986777303327963,9,0.7261259386315072,9,241.334408000057,6244331520,4096,4496722944
02828884/1c79aa69e4ec26b65dc236dd32108e81,vggt_independent_history,0,vis_a,view_budget_exhausted,10,0.4037709558774869,0.9782873513251512,7.979244895698973,0.9986528186857122,0.4043156423559431,0.9796070596512578,7.990008886371687,1,10,9,0.2750778377410511,9,0.5365830076233263,9,0.7676329874426355,9,1.5429770000991994,6244339712,0,3649390592
02828884/1c79aa69e4ec26b65dc236dd32108e81,vggt_joint_pose_deepsets,0,vis_a,view_budget_exhausted,10,0.4037709558774869,0.9735003085399608,7.967843918528919,0.9986528186857122,0.4043156423559431,0.9748135591517645,7.978592529298707,1,10,9,0.33804018268838854,9,0.3009961055304886,9,0.7124143553661225,9,242.56080599980123,6244368384,0,4496722944
02933112/18d94e539b0ed30d105e720ebc569399,vggt_independent_history,0,vis_a,view_budget_exhausted,10,0.22687022825688632,0.980970358588844,7.997600469914658,0.9954454667124282,0.22790824394042503,0.9854586628724225,8.034192466944113,1,10,9,0.3068503210187536,9,0.5366450139557308,9,0.754469381337066,9,1.694303000022046,6244380672,0,3649390592
02933112/18d94e539b0ed30d105e720ebc569399,vggt_joint_pose_deepsets,0,vis_a,view_budget_exhausted,10,0.22687022825688632,0.9802871018533017,7.992538790312584,0.9954454667124282,0.22790824394042503,0.984772279983163,8.02910762827506,1,10,9,0.3073150870113291,9,0.5341976213399487,9,0.7982282516363481,9,241.73062600038975,6244409344,4096,4496722944
02933112/18efc77e6837f7d311e76965808086c8,vggt_independent_history,0,vis_a,view_budget_exhausted,10,0.2488799298906985,0.8328527200347582,6.607091660095949,0.926894117968192,0.2685095579592827,0.8985413801744926,7.1282054034166205,1,10,9,0.3235175663765129,9,0.4750409577443586,9,0.7319449494401646,9,1.6620439996586356,6244409344,0,3649390592
02933112/18efc77e6837f7d311e76965808086c8,vggt_joint_pose_deepsets,0,vis_a,view_budget_exhausted,10,0.2488799298906985,0.8322200903081054,6.67944572407132,0.926894117968192,0.2685095579592827,0.8978588537516908,7.206266168473557,1,10,9,0.35377781246792034,9,0.5586759537602581,9,0.7262418056918056,9,241.64465200010454,6244433920,0,4496722944
02933112/18f41e91af76c77de25f00a04866d020,vggt_independent_history,0,vis_a,view_budget_exhausted,10,0.3451391857109801,0.9868290728564559,8.133994491336033,0.9996700581919729,0.3452530991427383,0.987154776488213,8.136679121956869,1,10,9,0.4812625643851831,9,0.3161203467073397,9,0.49636155811142696,9,1.6015740002330858,6244442112,0,3649390592
02933112/18f41e91af76c77de25f00a04866d020,vggt_joint_pose_deepsets,0,vis_a,view_budget_exhausted,10,0.3451391857109801,0.9903909333663654,8.186073033930743,0.9996700581919729,0.3452530991427383,0.990717812592697,8.188774853111305,1,10,9,0.39190375842364483,9,0.43612601325195577,9,0.5771595161898669,9,243.97904100032974,6244470784,4096,4496722944
02933112/190cb7264781df604da5feafe6f1c8fc,vggt_independent_history,0,vis_a,view_budget_exhausted,10,0.19742724682895113,0.928834720389372,7.010867120271817,0.9823593995434167,0.20097252280653274,0.9455141578744786,7.136763921157922,1,10,9,0.27738409699650457,9,0.6160145499991203,9,0.8331342306265436,9,1.7158880000351928,6244474880,0,3649390592
02933112/190cb7264781df604da5feafe6f1c8fc,vggt_joint_pose_deepsets,0,vis_a,view_budget_exhausted,10,0.19742724682895113,0.9347618086430688,7.095955479003844,0.9823593995434167,0.20097252280653274,0.9515476811007556,7.223380243831247,1,10,9,0.19381845750337395,9,0.6333935286565255,9,0.8193166802825904,9,242.3741410002549,6244499456,0,4496722944
02933112/19127cb1f535bf2c62c9e7b595148d6a,vggt_independent_history,0,vis_a,view_budget_exhausted,10,0.20962347540975867,0.9166776718142227,7.019703150909729,0.9853955741413679,0.21273027899726027,0.9302636381465148,7.123741302599621,1,10,9,0.33894099180793735,9,0.6226476727261014,9,0.8045213156401911,9,1.6509889996996208,6244503552,0,3649390592
02933112/19127cb1f535bf2c62c9e7b595148d6a,vggt_joint_pose_deepsets,0,vis_a,view_budget_exhausted,10,0.20962347540975867,0.9171515481748962,7.069349367296943,0.9853955741413679,0.21273027899726027,0.9307445377700863,7.174123319416038,1,10,9,0.28729001694075457,9,0.5775697285293413,9,0.8101538552573894,9,241.7366370000309,6244528128,4096,4496722944
02933112/1919dec93dff59e0ed3ffec8035a48e8,vggt_independent_history,0,vis_a,view_budget_exhausted,10,0.16753636955932968,0.7660348861151423,5.701295723294627,0.9177108839101276,0.18255898725478853,0.8347235491544643,6.212518368533331,1,10,9,0.24260494095922358,9,0.5700686342776103,9,0.8194037219258197,9,1.7064050002773001,6244532224,0,3649390592
02933112/1919dec93dff59e0ed3ffec8035a48e8,vggt_joint_pose_deepsets,0,vis_a,view_budget_exhausted,10,0.16753636955932968,0.7599984181059836,5.668725940346762,0.9177108839101276,0.18255898725478853,0.8281458043385383,6.177028124798731,1,10,9,0.24259361316896058,9,0.39109926873127027,9,0.7824660069245063,9,241.9533029997183,6244560896,0,4496722944
02933112/192caea21a57389265dbe89d2f371f01,vggt_independent_history,0,vis_a,view_budget_exhausted,10,0.27196155989257764,0.998876148124856,8.372812413869699,0.9999979121527383,0.2719621277079613,0.9988782336300409,8.372829895059668,1,10,9,0.45586948231411817,9,0.4919375197565625,9,0.6645749954344987,9,1.626641000257223,6244560896,0,3649390592
02933112/192caea21a57389265dbe89d2f371f01,vggt_joint_pose_deepsets,0,vis_a,view_budget_exhausted,10,0.27196155989257764,0.9996579932609456,8.380246066198573,0.9999979121527383,0.2719621277079613,0.9996600803985072,8.380263562908906,1,10,9,0.3217568978310004,9,0.4731402656975686,9,0.703792526484606,9,243.26272300004348,6244597760,4096,4496722944
02933112/19492e2263ea82e4da5feafe6f1c8fc,vggt_independent_history,0,vis_a,view_budget_exhausted,10,0.1664906807088527,0.8790060432524518,6.6570345853484225,0.9537493133163648,0.17456440427719255,0.9216321636929764,6.979857801627838,1,10,9,0.26599415467208226,9,0.5756194116193059,9,0.8418268262003742,9,1.6200570003093162,6244597760,0,3649390592
02933112/19492e2263ea82e4da5feafe6f1c8fc,vggt_joint_pose_deepsets,0,vis_a,view_budget_exhausted,10,0.1664906807088527,0.8748682370669654,6.63024421585955,0.9537493133163648,0.17456440427719255,0.9172937006107872,6.951768272110153,1,10,9,0.2994140498614304,9,0.6219243828324847,9,0.7835571635005335,9,244.98647599966716,6244626432,4096,4496722944
02933112/195b0fd745df898d86d53ab0fe94e911,vggt_independent_history,0,vis_a,view_budget_exhausted,10,0.141271853966764,0.8207041406514997,6.067999556184657,0.9523947474063736,0.14833329809040333,0.8617268657628543,6.3713072470311785,1,10,9,0.23307621575274837,9,0.4945072806882259,9,0.8301469509911066,9,1.6829559999678168,6244634624,0,3649390592
02933112/195b0fd745df898d86d53ab0fe94e911,vggt_joint_pose_deepsets,0,vis_a,view_budget_exhausted,10,0.141271853966764,0.8162320628849473,6.047274805826262,0.9523947474063736,0.14833329809040333,0.8570312521228893,6.349546574353348,1,10,9,0.23801533132000274,9,0.4226594245224325,9,0.7935434640766776,9,241.64016000031552,6244642816,0,4496722944
02933112/1971024c0cac65a824662341ce2b233,vggt_independent_history,0,vis_a,view_budget_exhausted,10,0.27116747357681514,0.9740852780998236,7.926396817810348,0.9990134326850172,0.27143526273516344,0.9750472278253607,7.9342244643366,1,10,9,0.5038753096490572,9,0.42780315227353505,9,0.5335156336462749,9,1.771924999957264,6244646912,0,3649390592
02933112/1971024c0cac65a824662341ce2b233,vggt_joint_pose_deepsets,0,vis_a,view_budget_exhausted,10,0.27116747357681514,0.9779906253218681,7.751928787806814,0.9990134326850172,0.27143526273516344,0.9789564317402152,7.759584139897095,1,10,9,0.5040630651860768,9,0.3980670577897801,9,0.5137627247774554,9,241.55259200006185,6244679680,4096,4496722944
02958343/100c3076c74ee1874eb766e5a46fceab,vggt_independent_history,0,vis_a,view_budget_exhausted,10,0.10192885990868553,0.8100705844022944,5.731919343503778,0.944693717210978,0.10789619752062118,0.8574954714358302,6.067489641432295,1,10,9,0.1786697529932766,9,0.5003902224453656,9,0.8409625652243244,9,1.6654359997119172,6244687872,0,3649390592
02958343/100c3076c74ee1874eb766e5a46fceab,vggt_joint_pose_deepsets,0,vis_a,view_budget_exhausted,10,0.10192885990868553,0.805697898207768,5.732827342822409,0.944693717210978,0.10789619752062118,0.852866790081374,6.068450798791646,1,10,9,0.18377231155001728,9,0.5599172082412474,9,0.8776511526816594,9,241.63090299998657,6244720640,0,4496722944
02958343/10716a366de708b8fac96522b26f7fd,vggt_independent_history,0,vis_a,view_budget_exhausted,10,0.1079411232620838,0.8050452114790216,6.247859635261938,0.886734736297446,0.12172876379332011,0.9078760293529062,7.0459173183514014,1,10,9,0.4044392264371587,9,0.3232519254119764,9,0.6527901019137574,9,1.5713809998487704,6244724736,0,3649390592
02958343/10716a366de708b8fac96522b26f7fd,vggt_joint_pose_deepsets,0,vis_a,view_budget_exhausted,10,0.1079411232620838,0.804394099380592,6.3442425333660255,0.886734736297446,0.12172876379332011,0.9071417487707015,7.154611490530257,1,10,9,0.4345926954399808,9,0.33043259700034605,9,0.6126345960056878,9,240.77637099981075,6244769792,4096,4496722944
02958343/1089cbe82dc0e72133d7c9e122eec9b6,vggt_independent_history,0,vis_a,view_budget_exhausted,10,0.11290014098622514,0.8605134801996438,6.619980900595145,0.9432251032645067,0.11969586114224187,0.9123097733737179,7.018452835578017,1,10,9,0.49264983541099805,9,0.20910083876790309,9,0.5410155535425999,9,1.6521060001650767,6244786176,0,3649390592
02958343/1089cbe82dc0e72133d7c9e122eec9b6,vggt_joint_pose_deepsets,0,vis_a,view_budget_exhausted,10,0.11290014098622514,0.8549997962453004,6.68216136623851,0.9432251032645067,0.11969586114224187,0.9064642080518658,7.084376087014136,1,10,9,0.508065740599015,9,0.09395020893577016,9,0.4912880596323801,9,243.04678499993315,6244814848,8192,4496722944
02958343/109567d7d55b8fe515a520abec2f04dd,vggt_independent_history,0,vis_a,view_budget_exhausted,10,0.10165890157805008,0.8569233668215459,6.485307878486985,0.9603647240233397,0.10585447282170213,0.8922895077107394,6.752963448425634,1,10,9,0.4973610996558928,9,0.06082628226734937,9,0.49046924376454043,9,1.6821260001051996,6244814848,0,3649390592
02958343/109567d7d55b8fe515a520abec2f04dd,vggt_joint_pose_deepsets,0,vis_a,view_budget_exhausted,10,0.10165890157805008,0.8454882152959315,6.573138202644602,0.9603647240233397,0.10585447282170213,0.8803824152909886,6.844418623694528,1,10,9,0.5383673084492507,9,0.2852543852445034,9,0.48969178947630554,9,241.97609800012287,6244831232,4096,4496722944
02958343/10e99b1475098c0aaa69dfdc5532bb13,vggt_independent_history,0,vis_a,view_budget_exhausted,10,0.06916908354371426,0.6539366192941307,4.92104396237366,0.8188339100112405,0.0844726661879022,0.7986193674919421,6.009819454480221,1,10,9,0.4780194500827472,9,0.13797411743257584,9,0.6323598756304284,9,1.7029170003297622,6244835328,0,3649390592
02958343/10e99b1475098c0aaa69dfdc5532bb13,vggt_joint_pose_deepsets,0,vis_a,view_budget_exhausted,10,0.06916908354371426,0.64798244201616,4.965979314234595,0.8188339100112405,0.0844726661879022,0.7913478351272296,6.064696702859344,1,10,9,0.4670991608224765,9,0.18704503478169335,9,0.6194903466632787,9,243.0196979998982,6244859904,0,4496722944
02958343/1104f0924e03f2b6fc5886e868449015,vggt_independent_history,0,vis_a,view_budget_exhausted,10,0.07802260672298844,0.6062828452565023,4.517274343641279,0.776520812320221,0.10047716105619788,0.7807683137879425,5.817325526850721,1,10,9,0.4100311921371038,9,0.24046284365823517,9,0.6530867912642875,9,1.6692799999873387,6244872192,0,3649390592
02958343/1104f0924e03f2b6fc5886e868449015,vggt_joint_pose_deepsets,0,vis_a,view_budget_exhausted,10,0.07802260672298844,0.5973779637021823,4.4799973791165275,0.776520812320221,0.10047716105619788,0.769300647483272,5.769320420054717,1,10,9,0.48961312583533434,9,0.306992332824394,9,0.6272218613977645,9,242.70070500006113,6244933632,4096,4496722944
02958343/1137cd58d6a45c6659a47b1880958de9,vggt_independent_history,0,vis_a,view_budget_exhausted,10,0.08486955266953972,0.6163096422421199,4.690205727946913,0.742873872793586,0.11424490183022154,0.8296289111965672,6.31359629099532,1,10,9,0.39625172087874844,9,0.2968881131492156,9,0.7176071549055699,9,1.5915580002001661,6244937728,0,3649390592
02958343/1137cd58d6a45c6659a47b1880958de9,vggt_joint_pose_deepsets,0,vis_a,view_budget_exhausted,10,0.08486955266953972,0.6141014975110216,4.671825129400297,0.742873872793586,0.11424490183022154,0.8266564756163596,6.28885373479598,1,10,9,0.3312250170636346,9,0.29744751317355383,9,0.7447382240402439,9,242.98915200006377,6244950016,0,4496722944
02958343/114b662c64caba81bb07f8c2248e54bc,vggt_independent_history,0,vis_a,view_budget_exhausted,10,0.11345668059755386,0.9125418222148904,7.146507377912362,0.9467530357523207,0.11983767288097207,0.9638646909537026,7.5484388304427394,1,10,9,0.3314996014491436,9,0.3197755988004059,9,0.7003203387764749,9,1.6706010001144023,6244950016,0,3649390592
02958343/114b662c64caba81bb07f8c2248e54bc,vggt_joint_pose_deepsets,0,vis_a,view_budget_exhausted,10,0.11345668059755386,0.9060690047505008,7.124678895215656,0.9467530357523207,0.11983767288097207,0.9570278314772014,7.525382677599924,1,10,9,0.42894339300354417,9,0.4523295237919688,9,0.6912486512106397,9,243.08405399960975,6244986880,4096,4496722944
02958343/1159faf9bf78998493680c5a9a367b4a,vggt_independent_history,0,vis_a,view_budget_exhausted,10,0.07797754125122597,0.6214839002145682,4.471169882313881,0.8207495000573146,0.09500772311866244,0.757215082276832,5.44766689714907,1,10,9,0.39337847677247945,9,0.5097115910433385,9,0.7163796740925266,9,1.5779259997543704,6244999168,0,3649390592
02958343/1159faf9bf78998493680c5a9a367b4a,vggt_joint_pose_deepsets,0,vis_a,view_budget_exhausted,10,0.07797754125122597,0.6163090609584051,4.487969523633196,0.8207495000573146,0.09500772311866244,0.7509100656355769,5.468135555757014,1,10,9,0.5019143889635511,9,0.3496997389080232,9,0.5789856509645893,9,241.76281800009747,6245015552,4096,4496722944
02958343/1166b049a7230db9f50f5d46dfed0533,vggt_independent_history,0,vis_a,view_budget_exhausted,10,0.10349777675373936,0.7790777297410314,5.790581808072472,0.8698313778530854,0.11898602348560039,0.8956652399272468,6.65713143433014,1,10,9,0.42438661988469595,9,0.2882109681746302,9,0.6405848985894576,9,1.5744770003038866,6245019648,0,3649390592
02958343/1166b049a7230db9f50f5d46dfed0533,vggt_joint_pose_deepsets,0,vis_a,view_budget_exhausted,10,0.10349777675373936,0.7801966349917857,5.990163921825338,0.8698313778530854,0.11898602348560039,0.8969515872346019,6.886580634295164,1,10,9,0.3246209904888435,9,0.2869303229715239,9,0.6949653071152502,9,241.36910900006114,6245056512,4096,4496722944
02958343/119033fe083145e22f31600ac759c763,vggt_independent_history,0,vis_a,view_budget_exhausted,10,0.08193779880565838,0.6372858158821577,4.844958861335867,0.7821700454431019,0.10475701451752777,0.8147663281085294,6.194252630310308,1,10,9,0.3350665305764054,9,0.2726701809084226,9,0.7161508699351695,9,1.6204799999286479,6245056512,0,3649390592
02958343/119033fe083145e22f31600ac759c763,vggt_joint_pose_deepsets,0,vis_a,view_budget_exhausted,10,0.08193779880565838,0.6281199008525455,4.779999018217136,0.7821700454431019,0.10475701451752777,0.8030477573411976,6.111201836563879,1,10,9,0.39471989919109407,9,0.31834427930784825,9,0.6729754326199544,9,241.5142099998775,6245081088,4096,4496722944
02958343/1198255e3d20d2f323f3ca54768fe2ee,vggt_independent_history,0,vis_a,view_budget_exhausted,10,0.13742383352106502,0.883940829353181,6.81891981803958,0.9656360830952618,0.14231431066718733,0.9153974720163585,7.061583486174347,1,10,9,0.5010799039834034,9,0.37998402413687554,9,0.5733935467529455,9,1.9348870000612806,6245101568,0,3649390592
02958343/1198255e3d20d2f323f3ca54768fe2ee,vggt_joint_pose_deepsets,0,vis_a,view_budget_exhausted,10,0.13742383352106502,0.8626754238891162,6.854739905451255,0.9656360830952618,0.14231431066718733,0.893375298408367,7.098678296567985,1,10,9,0.6091360216363809,9,-0.10524283335243778,9,0.41009701980225394,9,241.86991299984584,6245138432,4096,4496722944
02958343/11b09de6631b3b3ad997cda1a938a10d,vggt_independent_history,0,vis_a,view_budget_exhausted,10,0.07750761003615965,0.6773697833477935,5.199114392283133,0.8065750938001877,0.0960947227752616,0.8398099427498538,6.445914871716963,1,10,9,0.3632962715255517,9,0.4251783837639262,9,0.6955029444045694,9,1.6255280002042127,6245150720,0,3649390592
02958343/11b09de6631b3b3ad997cda1a938a10d,vggt_joint_pose_deepsets,0,vis_a,view_budget_exhausted,10,0.07750761003615965,0.676741087512631,5.202440531437222,0.8065750938001877,0.0960947227752616,0.8390304792628268,6.450038652849872,1,10,9,0.3739821814609557,9,0.3175825541600445,9,0.6632438627314915,9,242.75043900024684,6245175296,4096,4496722944
02958343/11dba0c2ec8127356c2fe9dcfa1ee2f8,vggt_independent_history,0,vis_a,view_budget_exhausted,10,0.08581707297869139,0.58222312677754,4.342012823956388,0.7646609128720453,0.11222892596453614,0.7614134801146379,5.678350692266861,1,10,9,0.34756554550610624,9,0.26942877041790314,9,0.7607646398000782,9,1.6870939998625545,6245183488,0,3649390592
02958343/11dba0c2ec8127356c2fe9dcfa1ee2f8,vggt_joint_pose_deepsets,0,vis_a,view_budget_exhausted,10,0.08581707297869139,0.5804722772703266,4.339050856317442,0.7646609128720453,0.11222892596453614,0.7591237730330542,5.67447712217967,1,10,9,0.3933826031252192,9,0.4148765394924908,9,0.7174667229420618,9,241.55449599993517,6245191680,0,4496722944
02958343/11e5b7d67058e1d75f67208653687b70,vggt_independent_history,0,vis_a,view_budget_exhausted,10,0.0929827611006673,0.6541038627347477,5.0383362310419,0.7881391252577115,0.11797759827018248,0.8299345150779872,6.392699042056095,1,10,9,0.3935559060122625,9,0.18975312901134872,9,0.6372486389301879,9,1.5704919997006073,6245199872,0,3649390592
02958343/11e5b7d67058e1d75f67208653687b70,vggt_joint_pose_deepsets,0,vis_a,view_budget_exhausted,10,0.0929827611006673,0.644087376329164,4.9968824374910605,0.7881391252577115,0.11797759827018248,0.8172254817555918,6.340101991329441,1,10,9,0.522150458333314,9,0.06781493932843895,9,0.5257998934467975,9,241.42968000023757,6245228544,4096,4496722944
02958343/1213742aa7815fd0e23d60a1b706b44f,vggt_independent_history,0,vis_a,view_budget_exhausted,10,0.0793475525347323,0.6445436334520794,4.840297964301901,0.7902548967937539,0.10040754300500204,0.8156148554942733,6.124983197117925,1,10,9,0.19623466015422528,9,0.46169673693539653,9,0.8614946936656238,9,1.5576129999317345,6245232640,0,3649390592
02958343/1213742aa7815fd0e23d60a1b706b44f,vggt_joint_pose_deepsets,0,vis_a,view_budget_exhausted,10,0.0793475525347323,0.6366365256713999,4.8359975934898465,0.7902548967937539,0.10040754300500204,0.8056090867065562,6.119541445564718,1,10,9,0.30495159582621656,9,0.33871682741890496,9,0.795637545868725,9,241.5518930001781,6245249024,0,4496722944
02958343/12243301d1c8148e33d7c9e122eec9b6,vggt_independent_history,0,vis_a,view_budget_exhausted,10,0.11923139332727528,0.8475641170000157,6.65465140928568,0.9599954341094844,0.1241999587611344,0.8828834876555816,6.931961520690669,1,10,9,0.6047632782625132,9,0.3221047342283198,9,0.4717960921802933,9,2.051263999874209,6245261312,0,3649390592
02958343/12243301d1c8148e33d7c9e122eec9b6,vggt_joint_pose_deepsets,0,vis_a,view_budget_exhausted,10,0.11923139332727528,0.8754571408233961,6.654802791802443,0.9599954341094844,0.1241999587611344,0.9119388589962325,6.932119211562296,1,10,9,0.5044068141440027,9,0.30303815526652594,9,0.5439355214985302,9,242.96797799979686,6245294080,0,4496722944
02958343/12498dd65e8d65ac3b6f5204eb590354,vggt_independent_history,0,vis_a,view_budget_exhausted,10,0.11003025269095908,0.7326005300056779,5.1890717991466975,0.908198523193124,0.12115220393015512,0.8066524127675706,5.713587576538337,1,10,9,0.3733474186340955,9,0.5373387340373027,9,0.7545525904907918,9,1.6534090000277502,6245294080,0,3649390592
02958343/12498dd65e8d65ac3b6f5204eb590354,vggt_joint_pose_deepsets,0,vis_a,view_budget_exhausted,10,0.11003025269095908,0.720349918568949,5.216258658240046,0.908198523193124,0.12115220393015512,0.7931634991392407,5.743522506401207,1,10,9,0.4185770985519412,9,0.3150049272295726,9,0.690002150391014,9,244.63865699999587,6245326848,4096,4496722944
02958343/1254c6ad2b420879d7622e6da48b19e5,vggt_independent_history,0,vis_a,view_budget_exhausted,10,0.09243598696963405,0.754313919398072,5.550355404437614,0.9380792111675138,0.09853750714141736,0.8041047178300312,5.916723596858903,1,10,9,0.4986170382236599,9,0.35989467685858084,9,0.6085482087480293,9,1.727447000121174,6245330944,0,3649390592
02958343/1254c6ad2b420879d7622e6da48b19e5,vggt_joint_pose_deepsets,0,vis_a,view_budget_exhausted,10,0.09243598696963405,0.7978693524140419,5.757401720234503,0.9380792111675138,0.09853750714141736,0.8505351604807768,6.137436638286612,1,10,9,0.20055251895473528,9,0.5261062340481184,9,0.8216106472030819,9,243.30284600000596,6245355520,4096,4496722944
02958343/125a4780c2d5095d19454008aa267bf,vggt_independent_history,0,vis_a,view_budget_exhausted,10,0.10039415745833076,0.9189524102628341,7.0973743801891604,0.9677827050695893,0.10373625911315684,0.9495441543324088,7.333644570222834,1,10,9,0.5513301018245698,9,0.3723346846806395,9,0.5054923407147003,9,1.5832599997338548,6245355520,0,3649390592
02958343/125a4780c2d5095d19454008aa267bf,vggt_joint_pose_deepsets,0,vis_a,view_budget_exhausted,10,0.10039415745833076,0.9266274626774963,7.314625772739665,0.9677827050695893,0.10373625911315684,0.9574747077246708,7.558128218682829,1,10,9,0.4348198337829918,9,0.3788271086544984,9,0.5801383758391547,9,242.8828820002309,6245380096,4096,4496722944
02958343/12796524ffbadb755400f0dc3171dfcd,vggt_independent_history,0,vis_a,view_budget_exhausted,10,0.13318378156889452,0.8220638211346643,6.257969144058551,0.9216969685864455,0.14449844808880186,0.8919024898122613,6.789616714977424,1,10,9,0.3004128055454175,9,0.46512458822196223,9,0.8075183102256207,9,1.5802210000401828,6245392384,0,3649390592
02958343/12796524ffbadb755400f0dc3171dfcd,vggt_joint_pose_deepsets,0,vis_a,view_budget_exhausted,10,0.13318378156889452,0.8274029735864104,6.249287905283154,0.9216969685864455,0.14449844808880186,0.8976952314982131,6.780197959061678,1,10,9,0.23715982366640725,9,0.5987709500958917,9,0.8259440678399136,9,250.42150500030402,6245421056,4096,4496722944
02958343/127b9ba77b54ba59bda733a39f84326d,vggt_independent_history,0,vis_a,view_budget_exhausted,10,0.09364085624083979,0.6799713995207213,5.04770107011971,0.872367518474062,0.10734106240525276,0.7794552010718161,5.786209324883057,1,10,9,0.4010374381019387,9,0.380923440970784,9,0.7263621935308798,9,1.6297140000460786,6245429248,0,3649390592
02958343/127b9ba77b54ba59bda733a39f84326d,vggt_joint_pose_deepsets,0,vis_a,view_budget_exhausted,10,0.09364085624083979,0.673060599893814,5.052158620985332,0.872367518474062,0.10734106240525276,0.7715333109503274,5.79131904156923,1,10,9,0.42686570917454464,9,0.22453742965998716,9,0.6939464483906771,9,242.12563899982342,6245462016,4096,4496722944
02958343/128ad72f92a3e96db96212c8f6cd06e,vggt_independent_history,0,vis_a,view_budget_exhausted,10,0.08867832085143443,0.8576994215740354,6.605254452920096,0.9320709287194074,0.09514117232823847,0.9202083180004845,7.086643569063139,1,10,9,0.3412462846880997,9,0.3175181195420771,9,0.6783200868846374,9,1.7678909998721792,6245470208,0,3649390592
02958343/128ad72f92a3e96db96212c8f6cd06e,vggt_joint_pose_deepsets,0,vis_a,view_budget_exhausted,10,0.08867832085143443,0.8525574888190826,6.488689924330105,0.9320709287194074,0.09514117232823847,0.9146916426096776,6.961583849895475,1,10,9,0.45739243851933964,9,0.22480934174834402,9,0.6374874615582348,9,240.94157300032748,6245490688,0,4496722944
02958343/12909f5d613953b8b3c9b3f81618206b,vggt_independent_history,0,vis_a,view_budget_exhausted,10,0.08729929879974857,0.5948180844358055,4.615449205021385,0.6935861581902031,0.12586655279791262,0.8575979745441917,6.654471330662981,1,10,9,0.37224072175629863,9,0.4360878087875656,9,0.7180290803955196,9,1.8247000002702407,6245494784,0,3649390592
02958343/12909f5d613953b8b3c9b3f81618206b,vggt_joint_pose_deepsets,0,vis_a,view_budget_exhausted,10,0.08729929879974857,0.6014288532039234,4.639156782403445,0.6935861581902031,0.12586655279791262,0.8671292615949131,6.688652487685954,1,10,9,0.3408621033258338,9,0.45036782525539376,9,0.7468600146290993,9,249.2061550001381,6245531648,4096,4496722944
02958343/12941cb870df79b9815337ac44abb964,vggt_independent_history,0,vis_a,view_budget_exhausted,10,0.10274281901708775,0.6647414287430904,5.0722750338576095,0.7827865185678047,0.13125266797525742,0.8491988722024864,6.479768000013469,1,10,9,0.30151772972866847,9,0.306367779710946,9,0.7154499967681646,9,1.8391530002190848,6245539840,0,3649390592
02958343/12941cb870df79b9815337ac44abb964,vggt_joint_pose_deepsets,0,vis_a,view_budget_exhausted,10,0.10274281901708775,0.6540181581964515,4.985302697384221,0.7827865185678047,0.13125266797525742,0.8355000280191983,6.368661926505057,1,10,9,0.44727848218217736,9,0.3277077977005017,9,0.6612132291593038,9,241.446662999806,6245568512,0,4496722944
02958343/12b5e4f52c22b348d8499d8846cb4c3b,vggt_independent_history,0,vis_a,view_budget_exhausted,10,0.07033431700815206,0.6319241875082668,4.832141482142156,0.7782408490517951,0.09037602831288931,0.8119905146050869,6.209056602502442,1,10,9,0.4964454785077812,9,0.4377540623102502,9,0.623560732953357,9,1.6314579997924739,6245572608,0,3649390592
02958343/12b5e4f52c22b348d8499d8846cb4c3b,vggt_joint_pose_deepsets,0,vis_a,view_budget_exhausted,10,0.07033431700815206,0.6389911789160309,4.922934600491237,0.7782408490517951,0.09037602831288931,0.8210712399568522,6.325721152377591,1,10,9,0.4226970267539459,9,0.21169591918975167,9,0.6103342714057395,9,241.64269699986107,6245584896,0,4496722944
02958343/12d463649ed6c176ab98a7077c964a60,vggt_independent_history,0,vis_a,view_budget_exhausted,10,0.1116388972591339,0.8790443939658682,6.706747383296641,0.9622248647801754,0.11602163002162524,0.9135540206256152,6.970041649078385,1,10,9,0.46180984875272796,9,0.38142218039910286,9,0.6143744534702749,9,1.5727400000287162,6245597184,0,3649390592
02958343/12d463649ed6c176ab98a7077c964a60,vggt_joint_pose_deepsets,0,vis_a,view_budget_exhausted,10,0.1116388972591339,0.8739629373616644,6.760957109456312,0.9622248647801754,0.11602163002162524,0.9082730756093329,7.026379546948085,1,10,9,0.45323693501819284,9,0.35944224499698374,9,0.5924999733939759,9,241.18597699998645,6245634048,0,4496722944
02958343/12f2905dc029f59a2479fbc7da5ed22b,vggt_independent_history,0,vis_a,view_budget_exhausted,10,0.0759845421641519,0.901461298356818,6.6189155838214555,0.9759770441918162,0.07785484568140937,0.9236501039871251,6.78183531386481,1,10,9,0.5259394347435743,9,0.4484242622840997,9,0.5785723200012307,9,1.5582230003019504,6245642240,0,3649390592
02958343/12f2905dc029f59a2479fbc7da5ed22b,vggt_joint_pose_deepsets,0,vis_a,view_budget_exhausted,10,0.0759845421641519,0.9221704457716356,6.849863219984794,0.9759770441918162,0.07785484568140937,0.9448689918063221,7.018467555921877,1,10,9,0.37130015106360026,9,0.4141407272215457,9,0.6717355282204934,9,242.07087300010244,6245654528,0,4496722944
02958343/1328a95d69cefe32f200a72c9245aee7,vggt_independent_history,0,vis_a,view_budget_exhausted,10,0.11900442541519272,0.7841363410988886,6.054983439156523,0.8897656387432231,0.13374805705385992,0.8812841347823526,6.805144158757436,1,10,9,0.42287199174657986,9,0.187413559097168,9,0.6724052479489558,9,1.6096680001282948,6245662720,0,3649390592
02958343/1328a95d69cefe32f200a72c9245aee7,vggt_joint_pose_deepsets,0,vis_a,view_budget_exhausted,10,0.11900442541519272,0.7847008016662607,6.037706565646859,0.8897656387432231,0.13374805705385992,0.881918527191762,6.7857268282185,1,10,9,0.3533923967696688,9,0.21220546107041463,9,0.6847361456367692,9,241.922321000402,6245699584,4096,4496722944
02958343/1355f3aa779b599b16abce8cb03e7794,vggt_independent_history,0,vis_a,view_budget_exhausted,10,0.10914404025819927,0.6088635113629582,4.667618188562956,0.7510624104708032,0.14531953501678024,0.8106696632325033,6.2146875192929185,1,10,9,0.5266545739720471,9,0.1940151207478798,9,0.5167412106171277,9,1.5671969999857538,6245703680,0,3649390592
02958343/1355f3aa779b599b16abce8cb03e7794,vggt_joint_pose_deepsets,0,vis_a,view_budget_exhausted,10,0.10914404025819927,0.605252016098459,4.6729117024302385,0.7510624104708032,0.14531953501678024,0.8058611477028347,6.221735553908263,1,10,9,0.5324928096974352,9,0.38291519833929627,9,0.5494041687114817,9,244.56052400000772,6245728256,0,4496722944
02958343/137f67657cdc9da5f985cd98f7d73e9a,vggt_independent_history,0,vis_a,view_budget_exhausted,10,0.06796123603145544,0.6376597325754962,4.835928227720137,0.7355394955018729,0.09239644702570889,0.8669279304171268,6.574668331603987,1,10,9,0.27816914194419823,9,0.53701189974386,9,0.7815878942174503,9,1.6624380000394012,6245736448,0,3649390592
02958343/137f67657cdc9da5f985cd98f7d73e9a,vggt_joint_pose_deepsets,0,vis_a,view_budget_exhausted,10,0.06796123603145544,0.6294590761115595,4.8408604452117,0.7355394955018729,0.09239644702570889,0.8557787582597006,6.581373909648027,1,10,9,0.33118410164474427,9,0.27091052286509687,9,0.744956973091892,9,242.5690649997705,6245769216,0,4496722944
02958343/139718b631cbca546a36136419d55d5c,vggt_independent_history,0,vis_a,view_budget_exhausted,10,0.131775825791743,0.8032318711489508,6.183175437246662,0.9062629379770765,0.14540573190148068,0.8863121699999037,6.822716871825849,1,10,9,0.37288662459445165,9,0.48396524453676304,9,0.6892305180646026,9,1.6272660000140604,6245781504,0,3649390592
02958343/139718b631cbca546a36136419d55d5c,vggt_joint_pose_deepsets,0,vis_a,view_budget_exhausted,10,0.131775825791743,0.796656783961972,6.206944660412837,0.9062629379770765,0.14540573190148068,0.879057004957344,6.848944605709826,1,10,9,0.44271662053792427,9,0.323662104031749,9,0.6483142186006332,9,247.76821100022062,6245801984,4096,4496722944
02958343/1399eab8ad7262eb7f3efc94c2d31dc5,vggt_independent_history,0,vis_a,view_budget_exhausted,10,0.08102381802632877,0.649033493500716,4.927621554206171,0.7583503061656199,0.10684220388332456,0.8558491876694388,6.497817056501594,1,10,9,0.41758959251665506,9,0.09455666525502084,9,0.6036936546860345,9,1.7004030000862258,6245801984,0,3649390592
02958343/1399eab8ad7262eb7f3efc94c2d31dc5,vggt_joint_pose_deepsets,0,vis_a,view_budget_exhausted,10,0.08102381802632877,0.6570285462621812,5.011865329503499,0.7583503061656199,0.10684220388332456,0.8663918784239133,6.608905262852144,1,10,9,0.2998824062768722,9,0.22847165516594448,9,0.6414284893009917,9,244.79220200009877,6245834752,0,4496722944
02958343/139df45393b6847838805e546aa28d99,vggt_independent_history,0,vis_a,view_budget_exhausted,10,0.07963879449300498,0.5915995235060307,4.290550032871352,0.7863603567217082,0.10127518994601228,0.7523262311599426,5.456213549165184,1,10,9,0.4807171952567799,9,0.380991655908018,9,0.6309252959467744,9,1.720548000321287,6245851136,0,3649390592
02958343/139df45393b6847838805e546aa28d99,vggt_joint_pose_deepsets,0,vis_a,view_budget_exhausted,10,0.07963879449300498,0.6033800879940289,4.335931790498741,0.7863603567217082,0.10127518994601228,0.7673073583076927,5.513924695511093,1,10,9,0.3957224200441966,9,0.47682013773908466,9,0.6700552999091889,9,245.56338499996855,6245879808,4096,4496722944
02958343/13d0f68f32a86bdfe3857ce739e6606f,vggt_independent_history,0,vis_a,view_budget_exhausted,10,0.07425366996934457,0.6254054854308106,4.570736750735645,0.8586544819459656,0.08647677445421789,0.7283552331939809,5.323138522932997,1,10,9,0.5310339576414009,9,0.19710547919169924,9,0.6042623969736305,9,1.6509269999005483,6245883904,0,3649390592
02958343/13d0f68f32a86bdfe3857ce739e6606f,vggt_joint_pose_deepsets,0,vis_a,view_budget_exhausted,10,0.07425366996934457,0.6425170760132254,4.634900242242056,0.8586544819459656,0.08647677445421789,0.7482836106056201,5.3978641464003045,1,10,9,0.4231699207983512,9,0.4620413366001633,9,0.7153402386171707,9,243.05343900005028,6245908480,4096,4496722944
02958343/14121abc9e2a868e52ab7aae4be20d81,vggt_independent_history,0,vis_a,view_budget_exhausted,10,0.06939345482805881,0.5847433178917844,4.287118877403978,0.7575357268087193,0.09160420079511435,0.7719019673898949,5.659295958837981,1,10,9,0.3211234286409541,9,0.3971400045682976,9,0.7713467864206246,9,1.6216939998230373,6245920768,0,3649390592
02958343/14121abc9e2a868e52ab7aae4be20d81,vggt_joint_pose_deepsets,0,vis_a,view_budget_exhausted,10,0.06939345482805881,0.5793676554820897,4.237621420992886,0.7575357268087193,0.09160420079511435,0.7648057180389358,5.593955863764695,1,10,9,0.35414361139142964,9,0.39340958794698305,9,0.7541852920950258,9,243.02961300008974,6245941248,4096,4496722944
02958343/1424d894bfd59cdc65e9f24f8c34a52,vggt_independent_history,0,vis_a,view_budget_exhausted,10,0.07164326601697199,0.7588160392371669,5.676251832210145,0.880204917062638,0.0813938488960675,0.8620902070956816,6.4487845070811005,1,10,9,0.3766466437751178,9,0.2900889812038351,9,0.7468478835608253,9,1.654017999953794,6245953536,0,3649390592
02958343/1424d894bfd59cdc65e9f24f8c34a52,vggt_joint_pose_deepsets,0,vis_a,view_budget_exhausted,10,0.07164326601697199,0.7485104164060099,5.771342787095103,0.880204917062638,0.0813938488960675,0.8503819984372385,6.556817253821812,1,10,9,0.42633043935038145,9,0.26483090473969084,9,0.6633045125311585,9,243.14316200025132,6245982208,4096,4496722944
02958343/14330011009dacfed49701eac14326ae,vggt_independent_history,0,vis_a,view_budget_exhausted,10,0.06402239435516,0.6969899030133297,5.029199078438378,0.8755523264685894,0.07312229368789966,0.7960573936506289,5.744030283972755,1,10,9,0.36253311737198146,9,0.6011621344771452,9,0.7925928924541903,9,1.5986029998202866,6245994496,0,3649390592
02958343/14330011009dacfed49701eac14326ae,vggt_joint_pose_deepsets,0,vis_a,view_budget_exhausted,10,0.06402239435516,0.6904182217606882,4.914154567155015,0.8755523264685894,0.07312229368789966,0.7885516386500712,5.612633783951589,1,10,9,0.3675357247515093,9,0.38717417035868,9,0.7248851037134061,9,245.08388200001718,6246039552,8192,4496722944
02958343/147889b73fa491d82e877e82c90c24d,vggt_independent_history,0,vis_a,view_budget_exhausted,10,0.0818428528465906,0.8948077798612071,6.800664570499059,0.9892474856555487,0.08273243453568695,0.9045337924394533,6.874583629588337,1,10,9,0.5511876897990382,9,0.2498614521591002,9,0.5275110294829222,9,1.6829090000101132,6246064128,0,3649390592
02958343/147889b73fa491d82e877e82c90c24d,vggt_joint_pose_deepsets,0,vis_a,view_budget_exhausted,10,0.0818428528465906,0.8927425900904348,6.776023368709437,0.9892474856555487,0.08273243453568695,0.9024461553206147,6.849674593025769,1,10,9,0.522430916337949,9,0.13583715948169203,9,0.4816322235846228,9,244.8552899995775,6246076416,0,4496722944
02958343/148ba646cf954b9249352dd33f95cb9e,vggt_independent_history,0,vis_a,view_budget_exhausted,10,0.070050460498805,0.6494907122164324,4.803071067581251,0.8116967460704232,0.08630127056432403,0.8001642428169624,5.9173220674270555,1,10,9,0.40163914270792667,9,0.24531970806878556,9,0.6488883434868112,9,1.6319460000886465,6246080512,0,3649390592
02958343/148ba646cf954b9249352dd33f95cb9e,vggt_joint_pose_deepsets,0,vis_a,view_budget_exhausted,10,0.070050460498805,0.6434590323102838,4.690912643477118,0.8116967460704232,0.08630127056432403,0.7927332903887938,5.779144324757626,1,10,9,0.4588998348140736,9,0.3766502065735933,9,0.6018292892619558,9,243.66395000015473,6246109184,4096,4496722944
02958343/14ace3e8d05f8d21a413908c0e169330,vggt_independent_history,0,vis_a,view_budget_exhausted,10,0.12928773316151795,0.8959135779858045,6.986514517463705,0.9598381855419482,0.13469742620056205,0.9334006413590951,7.278846187515395,1,10,9,0.5520463123165018,9,0.10434807725988922,9,0.5325794863315658,9,1.6710949998923752,6246109184,0,3649390592
02958343/14ace3e8d05f8d21a413908c0e169330,vggt_joint_pose_deepsets,0,vis_a,view_budget_exhausted,10,0.12928773316151795,0.8958928790778022,6.928023358398718,0.9598381855419482,0.13469742620056205,0.9333790763616673,7.217907625218083,1,10,9,0.5112455196055141,9,0.2510080691061559,9,0.5755489853342005,9,243.03893900014373,6246133760,0,4496722944
02958343/14d47aa57151ae4baa93570ec0c0afff,vggt_independent_history,0,vis_a,view_budget_exhausted,10,0.10970737784785542,0.8435597227735347,6.500738251307287,0.9548483577469165,0.11489507936812463,0.8834488910511601,6.808136808913394,1,10,9,0.4469518981009856,9,0.04466883027834695,9,0.5108416453402529,9,1.6696100001354353,6246137856,0,3649390592
02958343/14d47aa57151ae4baa93570ec0c0afff,vggt_joint_pose_deepsets,0,vis_a,view_budget_exhausted,10,0.10970737784785542,0.8386518261994897,6.568465864499045,0.9548483577469165,0.11489507936812463,0.8783089161700954,6.879067038454313,1,10,9,0.4873535908569464,9,0.16921251914367602,9,0.5820629664834754,9,248.08785200002603,6246178816,4096,4496722944
02958343/151bebc457224c2733d7c9e122eec9b6,vggt_independent_history,0,vis_a,view_budget_exhausted,10,0.1044727242681511,0.8840805547844737,6.827281875569437,0.9823117887596249,0.10635393513913731,0.8999999439086558,6.950218814120429,1,10,9,0.4912182343263594,9,0.2446072893969736,9,0.5847469210751793,9,1.6161749999810127,6246178816,0,3649390592
02958343/151bebc457224c2733d7c9e122eec9b6,vggt_joint_pose_deepsets,0,vis_a,view_budget_exhausted,10,0.1044727242681511,0.8882871341979368,6.823064786456551,0.9823117887596249,0.10635393513913731,0.9042822700108141,6.945925789073655,1,10,9,0.46161756303229257,9,0.18308394603019282,9,0.5606300439331601,9,243.58517000018765,6246195200,0,4496722944
02958343/1552f1a6521bb54a4bb135bcd06914d,vggt_independent_history,0,vis_a,view_budget_exhausted,10,0.054237185506221135,0.7075270645542389,5.149434837507125,0.8651725187663817,0.06268944554960666,0.8177872611615961,5.951916786318547,1,10,9,0.31727797135526875,9,0.5562450485198611,9,0.7316040052113564,9,1.721631999771489,6246195200,0,3649390592
02958343/1552f1a6521bb54a4bb135bcd06914d,vggt_joint_pose_deepsets,0,vis_a,view_budget_exhausted,10,0.054237185506221135,0.7066982608003505,5.2527342482235095,0.8651725187663817,0.06268944554960666,0.8168292975925843,6.071314257315054,1,10,9,0.36014044265915235,9,0.4540512418754045,9,0.7840010697619967,9,247.39790600006017,6246223872,8192,4496722944
02958343/1569406dfc3b7ecba9fe1734a6086750,vggt_independent_history,0,vis_a,view_budget_exhausted,10,0.10748126158904275,0.7998320785135559,5.948029775481848,0.926572402562112,0.11599877278002334,0.863215951934139,6.41939017289383,1,10,9,0.3621177498557278,9,0.3523584873756104,9,0.7149241903041005,9,1.6301419996125333,6246232064,0,3649390592
02958343/1569406dfc3b7ecba9fe1734a6086750,vggt_joint_pose_deepsets,0,vis_a,view_budget_exhausted,10,0.10748126158904275,0.8069793529479669,5.982865433890456,0.926572402562112,0.11599877278002334,0.8709296226787541,6.456986434462039,1,10,9,0.3668793720091709,9,0.5205321781492547,9,0.7869228271804823,9,243.4913110000707,6246268928,4096,4496722944
02958343/156d4748560997c9a848f24544821b25,vggt_independent_history,0,vis_a,view_budget_exhausted,10,0.08050263724908374,0.6916218999412889,5.214961131085671,0.864839182737878,0.09308393844301929,0.7997115692096376,6.029977867765344,1,10,9,0.4613284358506207,9,0.028030298803224458,9,0.6052225618194973,9,1.5995059998203942,6246268928,0,3649390592
02958343/156d4748560997c9a848f24544821b25,vggt_joint_pose_deepsets,0,vis_a,view_budget_exhausted,10,0.08050263724908374,0.6951678828377351,5.214481919745102,0.864839182737878,0.09308393844301929,0.803811733687871,6.0294237631986976,1,10,9,0.3817150216855854,9,0.2376309981209658,9,0.6700571610683179,9,243.1330690001232,6246297600,0,4496722944
02958343/15c3b923c85d22796d8b9531f93cc8de,vggt_independent_history,0,vis_a,view_budget_exhausted,10,0.08482663000324803,0.6747316586803334,5.170593866737947,0.7526288262248152,0.11270712341532046,0.8964998883510563,6.870044949877402,1,10,9,0.35694169010042864,9,0.3339283997345082,9,0.7158005642732843,9,1.6851119999046205,6246305792,0,3649390592
02958343/15c3b923c85d22796d8b9531f93cc8de,vggt_joint_pose_deepsets,0,vis_a,view_budget_exhausted,10,0.08482663000324803,0.6730342078781173,5.169667244650261,0.7526288262248152,0.11270712341532046,0.8942445258894157,6.868813769173981,1,10,9,0.40158089219499626,9,0.35102241246477944,9,0.697619826301199,9,244.09444999992047,6246338560,4096,4496722944
02958343/15c785a7505992c3a9be8fd09fb14f4f,vggt_independent_history,0,vis_a,view_budget_exhausted,10,0.12900166127267437,0.8741761652061677,6.8387025106587425,0.9309534699639319,0.13856939732731466,0.9390116621403604,7.3459122623214395,1,10,9,0.2981824535996111,9,0.33664030521709615,9,0.7097001715069801,9,1.5940279999995255,6246342656,0,3649390592
02958343/15c785a7505992c3a9be8fd09fb14f4f,vggt_joint_pose_deepsets,0,vis_a,view_budget_exhausted,10,0.12900166127267437,0.8705663369592518,6.867987234186196,0.9309534699639319,0.13856939732731466,0.9351341018074515,7.377368961793851,1,10,9,0.42030129405930106,9,0.17462584768569261,9,0.5895990580989846,9,240.9745899999507,6246379520,4096,4496722944
02958343/15cc37ac9b3b756acfd826dd468a5497,vggt_independent_history,0,vis_a,view_budget_exhausted,10,0.10398518401203519,0.8151753678933209,6.380713763167756,0.8751772998843959,0.11881613477151524,0.9314402555927802,7.290766984027806,1,10,9,0.40282872273498554,9,0.22380949570348965,9,0.6553949444196514,9,1.6173899998648267,6246391808,0,3649390592
02958343/15cc37ac9b3b756acfd826dd468a5497,vggt_joint_pose_deepsets,0,vis_a,view_budget_exhausted,10,0.10398518401203519,0.8097739399847041,6.402667272177837,0.8751772998843959,0.11881613477151524,0.9252684457099939,7.315851625748953,1,10,9,0.42305620347113604,9,0.1653528842345301,9,0.5984378755750911,9,242.10342900005344,6246404096,0,4496722944
02958343/15d6cd7877c6601d9ed410a010efa019,vggt_independent_history,0,vis_a,view_budget_exhausted,10,0.10553455640869376,0.8773805565843686,6.791266219149243,0.9706921049210552,0.10872093826010537,0.9038711164295754,6.996313439369702,1,10,9,0.33535439763021446,9,0.2080928490012289,9,0.7163111034312036,9,1.6038499998103362,6246404096,0,3649390592
02958343/15d6cd7877c6601d9ed410a010efa019,vggt_joint_pose_deepsets,0,vis_a,view_budget_exhausted,10,0.10553455640869376,0.8819964679878409,6.746853764316131,0.9706921049210552,0.10872093826010537,0.9086263950396221,6.950560048971287,1,10,9,0.36007398311586025,9,0.28013910014456367,9,0.7492941223147056,9,242.75222500000382,6246449152,4096,4496722944
02958343/15e52e44cdcc80ed13ded1857c15b5b6,vggt_independent_history,0,vis_a,view_budget_exhausted,10,0.033584322549849624,0.5070997466456983,3.2894658446656013,0.6243029670815208,0.053794910997858866,0.8122654758734822,5.269021641917115,1,10,9,0.10556943765096455,9,0.6882585918227648,9,0.9039200014291671,9,1.6374030001315987,6246449152,0,3649390592
02958343/15e52e44cdcc80ed13ded1857c15b5b6,vggt_joint_pose_deepsets,0,vis_a,view_budget_exhausted,10,0.033584322549849624,0.49532764554000847,3.242973576991783,0.6243029670815208,0.053794910997858866,0.79340908446352,5.194550960012207,1,10,9,0.26361085390888744,9,0.37302989536132203,9,0.7953197427748632,9,241.92690599966227,6246465536,0,4496722944
02958343/15fcfe91d44c0e15e5c9256f048d92d2,vggt_independent_history,0,vis_a,view_budget_exhausted,10,0.06355357986984854,0.5932717929198948,4.512263594725367,0.701034731759794,0.09065682054056182,0.8462801713555848,6.436576378175041,1,10,9,0.33210843105108745,9,0.5078518768635267,9,0.7515752669343553,9,1.6216520002672041,6246477824,0,3649390592
02958343/15fcfe91d44c0e15e5c9256f048d92d2,vggt_joint_pose_deepsets,0,vis_a,view_budget_exhausted,10,0.06355357986984854,0.597445008117828,4.555135741057814,0.701034731759794,0.09065682054056182,0.852233107792068,6.497731902131502,1,10,9,0.22700359861059896,9,0.5379672248989739,9,0.8535805226500675,9,242.5991300001442,6246510592,0,4496722944
02958343/164c8597d8eae2f6f21c3b61f0b564c4,vggt_independent_history,0,vis_a,view_budget_exhausted,10,0.1203224414956704,0.8213998264448136,6.201907486922853,0.9444450394392105,0.1274001519104966,0.8697169153776716,6.5667214373907905,1,10,9,0.3449542413211154,9,0.45083578485767956,9,0.7471749822991404,9,1.6688790001353482,6246522880,0,3649390592
02958343/164c8597d8eae2f6f21c3b61f0b564c4,vggt_joint_pose_deepsets,0,vis_a,view_budget_exhausted,10,0.1203224414956704,0.8368367502662826,6.263853583419217,0.9444450394392105,0.1274001519104966,0.8860618832443408,6.632311380595051,1,10,9,0.27285488123110635,9,0.543157948314559,9,0.8355718118259416,9,241.47904800020115,6246555648,0,4496722944
02958343/1660d6b7221223708a49a62fbc70ff9a,vggt_independent_history,0,vis_a,view_budget_exhausted,10,0.09207265034222537,0.7406712157701597,5.559151405103172,0.8699530065612932,0.1058363493749686,0.8513922133539695,6.390174369391639,1,10,9,0.28175125373399124,9,0.3233664962246245,9,0.7582127550420537,9,1.6653760003464413,6246576128,0,3649390592
02958343/1660d6b7221223708a49a62fbc70ff9a,vggt_joint_pose_deepsets,0,vis_a,view_budget_exhausted,10,0.09207265034222537,0.737176848381727,5.534752959147489,0.8699530065612932,0.1058363493749686,0.847375482148861,6.362128663736659,1,10,9,0.2940969676672303,9,0.38031606975652305,9,0.7659991665847757,9,243.26840699995955,6246592512,4096,4496722944
02958343/167df2c10c116eb5d61b6a34f3fd808c,vggt_independent_history,0,vis_a,view_budget_exhausted,10,0.06131302438807625,0.6414224038753451,4.730314792298447,0.7785564837840147,0.0787521851851735,0.823861103510233,6.075750303057935,1,10,9,0.3869503507748655,9,0.21323711837081089,9,0.5913087360382479,9,1.7592100002730149,6246596608,0,3649390592
02958343/167df2c10c116eb5d61b6a34f3fd808c,vggt_joint_pose_deepsets,0,vis_a,view_budget_exhausted,10,0.06131302438807625,0.6294821307166472,4.714265295750737,0.7785564837840147,0.0787521851851735,0.8085246784628624,6.055135875097994,1,10,9,0.44576197745069757,9,0.38456054117565025,9,0.6174704611210495,9,242.6891009999963,6246608896,0,4496722944
02958343/1687b77b048d1aaf635b88185c42637a,vggt_independent_history,0,vis_a,view_budget_exhausted,10,0.10641358895419713,0.7747969137592674,6.025951142552139,0.859980065029831,0.12373959965049404,0.9009475280480963,7.007082358755735,1,10,9,0.39310871949970505,9,0.15409575609808385,9,0.5767544884081818,9,1.6714189996491768,6246621184,0,3649390592
02958343/1687b77b048d1aaf635b88185c42637a,vggt_joint_pose_deepsets,0,vis_a,view_budget_exhausted,10,0.10641358895419713,0.7627216695845901,5.987603795289354,0.859980065029831,0.12373959965049404,0.8869062209693579,6.962491386450517,1,10,9,0.5040687414256004,9,0.2466410743428151,9,0.5367911122264944,9,242.76135199988857,6246641664,4096,4496722944
02958343/1688bcda878d3b18afe717997470b28d,vggt_independent_history,0,vis_a,view_budget_exhausted,10,0.07914834163527712,0.6900727714914596,4.780916026154993,0.8826495596583308,0.08967130926334461,0.7818196519109841,5.4165506274151,1,10,9,0.45018773581191,9,0.41853380264665363,9,0.6413336951919033,9,1.6210369999498653,6246666240,0,3649390592
02958343/1688bcda878d3b18afe717997470b28d,vggt_joint_pose_deepsets,0,vis_a,view_budget_exhausted,10,0.07914834163527712,0.6652145399293803,4.8319336497965875,0.8826495596583308,0.08967130926334461,0.7536564570279528,5.474351170205087,1,10,9,0.5378880074198293,9,0.3957841912329649,9,0.584204713641058,9,242.9646010000397,6246703104,8192,4496722944
02958343/16d6ecc22218e21b36dfef0450f0ee37,vggt_independent_history,0,vis_a,view_budget_exhausted,10,0.07669268107049541,0.6713190990370881,4.926173461165359,0.8353522352302458,0.0918087937471752,0.8036359642373546,5.8971213021385775,1,10,9,0.33253798607622326,9,0.32329507957863757,9,0.7121239180150379,9,1.7329770003016165,6246719488,0,3649390592
02958343/16d6ecc22218e21b36dfef0450f0ee37,vggt_joint_pose_deepsets,0,vis_a,view_budget_exhausted,10,0.07669268107049541,0.6817765821118271,4.972192439877526,0.8353522352302458,0.0918087937471752,0.8161546152131992,5.9522106126968755,1,10,9,0.2258852386743343,9,0.44478078106217356,9,0.8006454096988767,9,244.45809999997437,6246731776,4096,4496722944
02958343/1714b6e57c8c4983fb1aad5dae793ff4,vggt_independent_history,0,vis_a,view_budget_exhausted,10,0.0725230189537588,0.7264056703508981,5.43874782250394,0.8459712689537768,0.08572752008877195,0.8586647053028799,6.428998267553586,1,10,9,0.335155801867512,9,0.3066377152116553,9,0.6594491721442907,9,1.6129630002978956,6246735872,0,3649390592
02958343/1714b6e57c8c4983fb1aad5dae793ff4,vggt_joint_pose_deepsets,0,vis_a,view_budget_exhausted,10,0.0725230189537588,0.7225886024567416,5.491371331003891,0.8459712689537768,0.08572752008877195,0.8541526514846963,6.491203108818504,1,10,9,0.31439710099820994,9,0.37424143406758703,9,0.7272007103371219,9,243.06235999983983,6246760448,0,4496722944
02958343/171c20ce4de5ee8730f65ce13e7c1910,vggt_independent_history,0,vis_a,view_budget_exhausted,10,0.10385368693054323,0.7910125552452114,6.099630823074292,0.8965984317676621,0.11583077022094894,0.8822372728064157,6.803079959719254,1,10,9,0.4405119889383744,9,0.5190617989276288,9,0.6764364738508802,9,1.8203510003331758,6246760448,0,3649390592
02958343/171c20ce4de5ee8730f65ce13e7c1910,vggt_joint_pose_deepsets,0,vis_a,view_budget_exhausted,10,0.10385368693054323,0.7936817980600703,6.140802905042304,0.8965984317676621,0.11583077022094894,0.8852143500801251,6.8490002742204075,1,10,9,0.3973309138284314,9,0.2893040830998824,9,0.6465207830453489,9,243.14703599975473,6246776832,4096,4496722944
02958343/1724ae84377e0b9ba6c2c95b41a5446d,vggt_independent_history,0,vis_a,view_budget_exhausted,10,0.060011921640714935,0.6028623749709385,4.459868609826968,0.7846624066913424,0.07648119895760655,0.7683079625453276,5.683805636404495,1,10,9,0.3972968894867537,9,0.39556774971871655,9,0.7179403104553009,9,1.6426499996669008,6246780928,0,3649390592
02958343/1724ae84377e0b9ba6c2c95b41a5446d,vggt_joint_pose_deepsets,0,vis_a,view_budget_exhausted,10,0.060011921640714935,0.6009006359642322,4.5226681371018564,0.7846624066913424,0.07648119895760655,0.7658078567801255,5.763839453163595,1,10,9,0.388957778957531,9,0.1652676520581663,9,0.6538609034581061,9,241.55212000005122,6246813696,0,4496722944
02958343/173669aeeba92aaec4929b8bd41b8bc6,vggt_independent_history,0,vis_a,view_budget_exhausted,10,0.07440362848112059,0.7034874853658115,5.248823669699381,0.8376425739345853,0.08882503205589339,0.8398420845079319,6.266185402975091,1,10,9,0.27099501305670254,9,0.2973250474629007,9,0.7952870006184971,9,1.5677860001233057,6246817792,0,3649390592
02958343/173669aeeba92aaec4929b8bd41b8bc6,vggt_joint_pose_deepsets,0,vis_a,view_budget_exhausted,10,0.07440362848112059,0.6957118880985392,5.227422339260714,0.8376425739345853,0.08882503205589339,0.8305593695299327,6.240635925065748,1,10,9,0.38566280991767005,9,0.4619974929379803,9,0.7538425601728184,9,240.9866959997089,6246846464,4096,4496722944
02958343/17457b1f42019702618e9d35559b7aa,vggt_independent_history,0,vis_a,view_budget_exhausted,10,0.06696748567349983,0.7191891454128864,5.197884702452616,0.897618891170392,0.07460569996046086,0.8012188162340772,5.790747892655393,1,10,9,0.2557234621846118,9,0.40829158070241584,9,0.8111549056731988,9,1.564100999985385,6246850560,0,3649390592
02958343/17457b1f42019702618e9d35559b7aa,vggt_joint_pose_deepsets,0,vis_a,view_budget_exhausted,10,0.06696748567349983,0.726781697962643,5.168950778171366,0.897618891170392,0.07460569996046086,0.8096773643154983,5.75851380693609,1,10,9,0.18037165927435106,9,0.38669512685616186,9,0.8309108788736391,9,241.1264009997467,6246887424,4096,4496722944
02958343/174f1a421f652029d577c0ac53e96823,vggt_independent_history,0,vis_a,view_budget_exhausted,10,0.108819807774744,0.7854596572834098,5.653792711094844,0.9310174002925989,0.11688267882055077,0.8436573334038189,6.072703592132625,1,10,9,0.46994440032267387,9,0.18043145399314328,9,0.5758688253050834,9,1.5382629999294295,6246891520,0,3649390592
02958343/174f1a421f652029d577c0ac53e96823,vggt_joint_pose_deepsets,0,vis_a,view_budget_exhausted,10,0.108819807774744,0.8213673662990346,6.047395386577216,0.9310174002925989,0.11688267882055077,0.8822255803606853,6.495469778198182,1,10,9,0.3147097349545613,9,0.30734435519563114,9,0.6753832681475984,9,244.44238799969753,6246912000,4096,4496722944
02958343/175a289947f549b0e088606e38104b2,vggt_independent_history,0,vis_a,view_budget_exhausted,10,0.11213441444749903,0.9152922889827177,7.116008079430575,0.9553209663435407,0.11737878513929174,0.9580992370406866,7.448813885731891,1,10,9,0.34294324909943114,9,0.29100827086505743,9,0.7020363357790145,9,1.666460999786068,6246936576,0,3649390592
02958343/175a289947f549b0e088606e38104b2,vggt_joint_pose_deepsets,0,vis_a,view_budget_exhausted,10,0.11213441444749903,0.9089477325705206,7.053621038440753,0.9553209663435407,0.11737878513929174,0.9514579545443119,7.38350908955579,1,10,9,0.4359724666825599,9,0.3057488185394334,9,0.663872663172665,9,242.23828200001662,6246952960,0,4496722944
02958343/1790131f5f74b1ed973aff268eb6b00c,vggt_independent_history,0,vis_a,view_budget_exhausted,10,0.07692749920192861,0.72572831811917,5.66868240705213,0.8115889330887229,0.09478628412188919,0.8942067696231553,6.984671889842576,1,10,9,0.49233608478357394,9,0.10220795578078043,9,0.5670332251887598,9,1.586288999988028,6247002112,0,3649390592
02958343/1790131f5f74b1ed973aff268eb6b00c,vggt_joint_pose_deepsets,0,vis_a,view_budget_exhausted,10,0.07692749920192861,0.7289868464357974,5.72544452868531,0.8115889330887229,0.09478628412188919,0.8982217680833069,7.054611386697413,1,10,9,0.36291550448074555,9,0.20214798348392093,9,0.6094664063862586,9,242.1631429997433,6247014400,0,4496722944
02958343/17926c1ef484b73e6758a098566bc94e,vggt_independent_history,0,vis_a,view_budget_exhausted,10,0.07269176288655169,0.6354663998826274,4.612493546316177,0.8132238602542851,0.08938714963899592,0.7814163245086352,5.671862044079606,1,10,9,0.42184370154223383,9,0.2336628517312674,9,0.6297203275933178,9,1.5892790001998947,6247047168,0,3649390592
02958343/17926c1ef484b73e6758a098566bc94e,vggt_joint_pose_deepsets,0,vis_a,view_budget_exhausted,10,0.07269176288655169,0.6286803737779477,4.667668597341554,0.8132238602542851,0.08938714963899592,0.7730717266231799,5.739709353685259,1,10,9,0.35436696740225326,9,0.34663470059123974,9,0.656182556851214,9,241.73756199979834,6247063552,0,4496722944
02958343/17c32e15723ed6e0cd0bf4a0e76b8df5,vggt_independent_history,0,vis_a,view_budget_exhausted,10,0.06328945932701292,0.8821050673136481,6.795944824874083,0.9564109534936056,0.06617391728506178,0.9223075750977854,7.105674396607086,1,10,9,0.5106250913224177,9,0.20531312462881604,9,0.5680301192511825,9,1.5624620000380673,6247096320,0,3649390592
02958343/17c32e15723ed6e0cd0bf4a0e76b8df5,vggt_joint_pose_deepsets,0,vis_a,view_budget_exhausted,10,0.06328945932701292,0.9049489922375799,6.944643677819432,0.9564109534936056,0.06617391728506178,0.9461926266443896,7.261150295750834,1,10,9,0.3653429601414361,9,0.34878118649432255,9,0.67842345073363,9,241.53822100015532,6247100416,0,4496722944
02958343/17e146cb10c72fcfa2b80c598d71bf14,vggt_independent_history,0,vis_a,view_budget_exhausted,10,0.11229767703315008,0.7957680219123171,5.942680716447473,0.9248720737338552,0.12141968627054178,0.8604087468007067,6.42540831885639,1,10,9,0.24465234147120907,9,0.3762459839726808,9,0.8112016587596089,9,1.9575609999264998,6247104512,0,3649390592
02958343/17e146cb10c72fcfa2b80c598d71bf14,vggt_joint_pose_deepsets,0,vis_a,view_budget_exhausted,10,0.11229767703315008,0.7847913778095706,5.868395092462443,0.9248720737338552,0.12141968627054178,0.8485404631596708,6.345088428036108,1,10,9,0.37233297445189295,9,0.29319254670634454,9,0.7252922665394967,9,244.04513999979827,6247108608,0,4496722944
02958343/18244d93dbd2afbebda733a39f84326d,vggt_independent_history,0,vis_a,view_budget_exhausted,10,0.0781722661573013,0.7499879422516216,5.555027261213034,0.8942666744718477,0.08741493828277756,0.8386625194263927,6.211824078643905,1,10,9,0.4172620257079973,9,0.39667582509632,9,0.6907443447347481,9,1.6494789997523185,6247120896,0,3649390592
02958343/18244d93dbd2afbebda733a39f84326d,vggt_joint_pose_deepsets,0,vis_a,view_budget_exhausted,10,0.0781722661573013,0.7582536955442996,5.622604184748834,0.8942666744718477,0.08741493828277756,0.847905571335444,6.2873909374622885,1,10,9,0.3956062414137,9,0.40457020756284234,9,0.6866120143835821,9,242.1944419997999,6247129088,0,4496722944
02958343/186646b16a670b7d69a949ac99a843c4,vggt_independent_history,0,vis_a,view_budget_exhausted,10,0.07782022310099683,0.8481613193941495,6.067130513226018,0.9539078190965309,0.08158044366876271,0.8891439009247912,6.360290157776822,1,10,9,0.2518944414897802,9,0.4527856724864412,9,0.7768909196468488,9,1.6498980003234465,6247149568,0,3649390592
02958343/186646b16a670b7d69a949ac99a843c4,vggt_joint_pose_deepsets,0,vis_a,view_budget_exhausted,10,0.07782022310099683,0.8434451905543584,5.969901563355156,0.9539078190965309,0.08158044366876271,0.8841998919279284,6.25836317078247,1,10,9,0.3182279219204643,9,0.4244685094158055,9,0.7306526182587265,9,241.76941399991847,6247165952,0,4496722944
02958343/187b002f0af1ab5a473f10e6caaeca56,vggt_independent_history,0,vis_a,view_budget_exhausted,10,0.09340746970153874,0.8465917365589086,6.407019040808596,0.936649237107631,0.09972513295369846,0.9038514131215015,6.840361137316934,1,10,9,0.4343267096505599,9,0.2772527101227226,9,0.6419269398420415,9,1.6188250001505367,6247186432,0,3649390592
02958343/187b002f0af1ab5a473f10e6caaeca56,vggt_joint_pose_deepsets,0,vis_a,view_budget_exhausted,10,0.09340746970153874,0.8414919382168755,6.435502675148083,0.936649237107631,0.09972513295369846,0.8984066872412122,6.870771277218874,1,10,9,0.4577864133029759,9,0.19046339680654845,9,0.6095822666391909,9,241.99954499999876,6247206912,0,4496722944
02958343/189c2b53ef76d02978a20fe14185667,vggt_independent_history,0,vis_a,view_budget_exhausted,10,0.13528114424530643,0.8619480530035005,6.735748526966169,0.9377627618487654,0.1442594542553647,0.9191536367942369,7.182785242705611,1,10,9,0.34121283156321014,9,0.13120716405327176,9,0.6513209470524002,9,1.585990999956266,6247231488,0,3649390592
02958343/189c2b53ef76d02978a20fe14185667,vggt_joint_pose_deepsets,0,vis_a,view_budget_exhausted,10,0.13528114424530643,0.8571710940279442,6.757655735564711,0.9377627618487654,0.1442594542553647,0.9140596416284034,7.20614638423287,1,10,9,0.3360237975525669,9,0.23246754520105947,9,0.6271794452678265,9,241.93384499994863,6247256064,0,4496722944
02958343/189cffefcdd5cb071a126804ae24042,vggt_independent_history,0,vis_a,view_budget_exhausted,10,0.08898912401256032,0.8928410387970748,6.63374653024106,0.9505978640034305,0.09361384806587275,0.9392415790173212,6.978499301800578,1,10,9,0.47864701076405364,9,0.3202657007891344,9,0.6081324400468081,9,1.6542350003874162,6247272448,0,3649390592
02958343/189cffefcdd5cb071a126804ae24042,vggt_joint_pose_deepsets,0,vis_a,view_budget_exhausted,10,0.08898912401256032,0.8914917677163576,6.841798541514288,0.9505978640034305,0.09361384806587275,0.9378221869359685,7.197363680894614,1,10,9,0.3743264331052362,9,0.5314869110771616,9,0.7485097512070287,9,244.52962399982425,6247272448,0,4496722944
02958343/18a9275b78be4b9ec6d3267fc5334296,vggt_independent_history,0,vis_a,view_budget_exhausted,10,0.10965885230134023,0.8304938932480326,6.441461582178601,0.9454546974389767,0.11598530590453598,0.8784068612675499,6.81308327054386,1,10,9,0.4349508453023334,9,0.19512055523501187,9,0.6496893902339995,9,1.7183489999297308,6247301120,0,3649390592
02958343/18a9275b78be4b9ec6d3267fc5334296,vggt_joint_pose_deepsets,0,vis_a,view_budget_exhausted,10,0.10965885230134023,0.8364211680227318,6.4932441842179225,0.9454546974389767,0.11598530590453598,0.8846760931945316,6.867853321588707,1,10,9,0.4744705804713104,9,0.058773426767508505,9,0.5872457591425074,9,243.97237499988478,6247309312,0,4496722944
02958343/18aad9d102afbca57ba2273581c30cb,vggt_independent_history,0,vis_a,view_budget_exhausted,10,0.10340490202761184,0.7551452323039146,5.750898543565791,0.9080045405901873,0.11388148120977504,0.8316535860196065,6.333557032465725,1,10,9,0.48162250094093767,9,0.23947338571604698,9,0.6414819308710159,9,1.6584599998168414,6247325696,0,3649390592
02958343/18aad9d102afbca57ba2273581c30cb,vggt_joint_pose_deepsets,0,vis_a,view_budget_exhausted,10,0.10340490202761184,0.7580937872909983,5.83042498977387,0.9080045405901873,0.11388148120977504,0.8349008770355382,6.421140786349145,1,10,9,0.439676863635192,9,0.1354593850494984,9,0.5678385226299422,9,244.17390300004627,6247325696,0,4496722944
02958343/18c06b8c38623c0b4046e8fe9dfc34b5,vggt_independent_history,0,vis_a,view_budget_exhausted,10,0.08111119477429869,0.6831442210941312,4.955361119257312,0.8604685715009208,0.09426398297478306,0.7939211770425483,5.758910067585204,1,10,9,0.5332393214809228,9,0.23823661070874408,9,0.5301791728187447,9,1.860930000020744,6247354368,0,3649390592
02958343/18c06b8c38623c0b4046e8fe9dfc34b5,vggt_joint_pose_deepsets,0,vis_a,view_budget_exhausted,10,0.08111119477429869,0.6921181610624307,5.091686254497057,0.8604685715009208,0.09426398297478306,0.8043503086407497,5.9173413453272286,1,10,9,0.48291044509030484,9,0.43481618769235825,9,0.610355408983551,9,242.20895700000256,6247370752,0,4496722944
02958343/18cd6293d7b17a698ce68842a487b19,vggt_independent_history,0,vis_a,view_budget_exhausted,10,0.06863944316379168,0.7307308847239509,5.436531428770037,0.8384402647309677,0.08186563318952267,0.8715360121193872,6.484101083235155,1,10,9,0.44275856784099216,9,0.24823301821737104,9,0.622882284459733,9,1.6471980002279452,6247395328,0,3649390592
02958343/18cd6293d7b17a698ce68842a487b19,vggt_joint_pose_deepsets,0,vis_a,view_budget_exhausted,10,0.06863944316379168,0.7365371202352966,5.555460848768425,0.8384402647309677,0.08186563318952267,0.8784610558650008,6.625947109721668,1,10,9,0.4185979024725269,9,0.26196928905417344,9,0.6237582825175987,9,242.1856129999469,6247399424,0,4496722944
02958343/18d9ac72442260e0e97c6bb243ef67d,vggt_independent_history,0,vis_a,view_budget_exhausted,10,0.12712101390200115,0.8704271194512745,6.842903818815031,0.9109580808998419,0.13954650226762505,0.9555073254210216,7.511765867487151,1,10,9,0.3649206568965575,9,0.24521403485367413,9,0.6709988398443747,9,2.018192000377894,6247428096,0,3649390592
02958343/18d9ac72442260e0e97c6bb243ef67d,vggt_joint_pose_deepsets,0,vis_a,view_budget_exhausted,10,0.12712101390200115,0.8714944573064018,6.905361669320307,0.9109580808998419,0.13954650226762505,0.9566789905914683,7.5803286826318175,1,10,9,0.3901701015356281,9,0.3500270361989246,9,0.669717433479081,9,242.28748999985328,6247444480,0,4496722944
02958343/18da5e80080352be294d52e32dbd135b,vggt_independent_history,0,vis_a,view_budget_exhausted,10,0.16943722356093488,0.8870032277284148,6.661886969141354,0.9724244563687225,0.17424204260931084,0.9121564373655388,6.850801546084633,1,10,9,0.363910627031973,9,0.34271202362525355,9,0.7456706224972101,9,1.6892489998099336,6247460864,0,3649390592
02958343/18da5e80080352be294d52e32dbd135b,vggt_joint_pose_deepsets,0,vis_a,view_budget_exhausted,10,0.16943722356093488,0.8760776126545826,6.5509502161448445,0.9724244563687225,0.17424204260931084,0.9009209989700143,6.736718902163095,1,10,9,0.43712721674328714,9,0.3859141439594362,9,0.7100389394026425,9,246.64388299970597,6247464960,0,4496722944
02958343/18e16129375e723e6f8f8c736fcc7940,vggt_independent_history,0,vis_a,view_budget_exhausted,10,0.07998801497084507,0.7359071705207032,5.39539511899177,0.8747387250724843,0.09144217887943276,0.8412879748289674,6.168007616839743,1,10,9,0.5162275163596061,9,0.24273807285621796,9,0.5008012815206526,9,1.6844090000631695,6247493632,0,3649390592
02958343/18e16129375e723e6f8f8c736fcc7940,vggt_joint_pose_deepsets,0,vis_a,view_budget_exhausted,10,0.07998801497084507,0.7088887715799189,5.164347113661103,0.8747387250724843,0.09144217887943276,0.8104005816378801,5.903873883293739,1,10,9,0.6012046413762905,9,0.1632376467215861,9,0.5361671021455694,9,242.5708460000351,6247510016,0,4496722944
02958343/18f6df600df7341ab0bbc6f39febba97,vggt_independent_history,0,vis_a,view_budget_exhausted,10,0.1136476695113811,0.8077617667200716,6.141641806518634,0.8636291127676738,0.13159314320376972,0.9353109509375338,7.111434429111014,1,10,9,0.44268626621527873,9,0.3545266554881821,9,0.6034744895713006,9,1.703851999991457,6247518208,0,3649390592
02958343/18f6df600df7341ab0bbc6f39febba97,vggt_joint_pose_deepsets,0,vis_a,view_budget_exhausted,10,0.1136476695113811,0.7910133569403617,6.047558682348907,0.8636291127676738,0.13159314320376972,0.9159178925840048,7.002495160183153,1,10,9,0.5244640054284041,9,0.154842242059859,9,0.47261913798793853,9,242.8127999996832,6247526400,4096,4496722944
02958343/18ff13d7f181e7625fa21635eac9e4ed,vggt_independent_history,0,vis_a,view_budget_exhausted,10,0.0786504283090057,0.6006019352312055,4.682759097786267,0.7061532082535814,0.11137870279385906,0.8505263846589052,6.631364189886505,1,10,9,0.37227604984403917,9,0.38697280643256615,9,0.6899821800271135,9,1.7337599997517827,6247571456,0,3649390592
02958343/18ff13d7f181e7625fa21635eac9e4ed,vggt_joint_pose_deepsets,0,vis_a,view_budget_exhausted,10,0.0786504283090057,0.59644608525859,4.643402521865452,0.7061532082535814,0.11137870279385906,0.8446411887495167,6.575630426362086,1,10,9,0.41707762445474533,9,0.17823616609840565,9,0.629870520812483,9,243.13609099999667,6247571456,0,4496722944
02958343/19042f5a90290859441c11ab4641b257,vggt_independent_history,0,vis_a,view_budget_exhausted,10,0.08302127336224546,0.6041801185883158,4.725101667076349,0.7001917273366478,0.118569343396897,0.8628781160932365,6.748296905833835,1,10,9,0.4043159263608127,9,0.1203978808755951,9,0.6223856118113876,9,1.6518819998054823,6247616512,0,3649390592
02958343/19042f5a90290859441c11ab4641b257,vggt_joint_pose_deepsets,0,vis_a,view_budget_exhausted,10,0.08302127336224546,0.6040159905841211,4.6976190914226175,0.7001917273366478,0.118569343396897,0.862643711718282,6.709046833916723,1,10,9,0.4392273673936373,9,0.332834251436007,9,0.6086767016050466,9,242.72004700014804,6247616512,0,4496722944
02958343/191f9cd970e5b0cc174ee7ebab9d8065,vggt_independent_history,0,vis_a,view_budget_exhausted,10,0.08101622575937706,0.6781279285498814,5.145237602515257,0.7808247746845436,0.10375724283608694,0.8684764502046542,6.589490714602331,1,10,9,0.31054080656280525,9,0.5357998275873445,9,0.8235574186562431,9,1.7743630000950361,6247661568,0,3649390592
02958343/191f9cd970e5b0cc174ee7ebab9d8065,vggt_joint_pose_deepsets,0,vis_a,view_budget_exhausted,10,0.08101622575937706,0.6728423822936862,5.157327478907525,0.7808247746845436,0.10375724283608694,0.86170726660859,6.604974183857199,1,10,9,0.3463349744229677,9,0.36839781301462976,9,0.7249123833943323,9,244.62961899962465,6247673856,0,4496722944
02958343/19245fb8ee79038fcd059a326bfe20ef,vggt_independent_history,0,vis_a,view_budget_exhausted,10,0.06666790816950498,0.6704655158182351,4.8144388726857885,0.8837541498471834,0.07543716562013658,0.7586561442842111,5.447712888837116,1,10,9,0.253662261758686,9,0.39767847276179236,9,0.8112353301150415,9,1.6562190003241994,6247694336,0,3649390592
02958343/19245fb8ee79038fcd059a326bfe20ef,vggt_joint_pose_deepsets,0,vis_a,view_budget_exhausted,10,0.06666790816950498,0.6617191494524053,4.7102966512484885,0.8837541498471834,0.07543716562013658,0.7487593122666844,5.3298721732316405,1,10,9,0.3127875678826797,9,0.40557541453292967,9,0.8016762650320298,9,243.43921299987414,6247702528,0,4496722944
02958343/198d8e274c59511b36a1a31af8f59,vggt_independent_history,0,vis_a,view_budget_exhausted,10,0.10813574237574736,0.8400310527558806,6.477977402126963,0.9120139714202189,0.11856807654750588,0.9210725702455588,7.1029365833499645,1,10,9,0.4261496674094343,9,0.26693229405412705,9,0.6007945662354559,9,1.5942830000312824,6247727104,0,3649390592
02958343/198d8e274c59511b36a1a31af8f59,vggt_joint_pose_deepsets,0,vis_a,view_budget_exhausted,10,0.10813574237574736,0.8422348624699009,6.5444111495053985,0.9120139714202189,0.11856807654750588,0.9234889912468603,7.17577948867847,1,10,9,0.40758987325929813,9,0.29840488312953933,9,0.6454136902877942,9,244.6301689997199,6247743488,0,4496722944
02958343/19c25429d34ce9748c844a5e3a5e1a93,vggt_independent_history,0,vis_a,view_budget_exhausted,10,0.06728242391298903,0.8957694062387589,6.950977165255114,0.9557369518518336,0.07039847500153966,0.9372551772777209,7.272897790324961,1,10,9,0.4233934699135822,9,0.1960444949949279,9,0.629463048867366,9,1.5684479999436007,6247759872,0,3649390592
02958343/19c25429d34ce9748c844a5e3a5e1a93,vggt_joint_pose_deepsets,0,vis_a,view_budget_exhausted,10,0.06728242391298903,0.8937343477880648,6.9851708660602,0.9557369518518336,0.07039847500153966,0.935125869159257,7.308675104091926,1,10,9,0.4166232501974383,9,0.17860701122762832,9,0.5982206438342543,9,243.77024299974437,6247772160,0,4496722944
02958343/19d35f3e0c0b402125ddb89f02fe6cc0,vggt_independent_history,0,vis_a,view_budget_exhausted,10,0.0842574607959968,0.8176588704535497,6.400863047387103,0.881114956918595,0.09562595678849796,0.9279820573163782,7.264503907381146,1,10,9,0.40939719626584176,9,0.32036690004340856,9,0.6254812645693733,9,1.6406929998993292,6247809024,0,3649390592
02958343/19d35f3e0c0b402125ddb89f02fe6cc0,vggt_joint_pose_deepsets,0,vis_a,view_budget_exhausted,10,0.0842574607959968,0.8209920821802279,6.453068937625624,0.881114956918595,0.09562595678849796,0.9317650049334916,7.323753713355492,1,10,9,0.37462992362254255,9,0.2614525312559539,9,0.6440586802531555,9,243.32674699962809,6247825408,0,4496722944
02958343/19d49c8015948b742d60c8689a64d7a0,vggt_independent_history,0,vis_a,view_budget_exhausted,10,0.10836460684301877,0.8865112317529753,6.739623307977441,0.9836404833363017,0.11016688381457096,0.901255333397946,6.851714037956281,1,10,9,0.5126234806011526,9,0.4466773951030159,9,0.5798453997624764,9,1.6270440000880626,6247849984,0,3649390592
02958343/19d49c8015948b742d60c8689a64d7a0,vggt_joint_pose_deepsets,0,vis_a,view_budget_exhausted,10,0.10836460684301877,0.8858919045248945,6.7483617586935445,0.9836404833363017,0.11016688381457096,0.9006257057661305,6.860597823103539,1,10,9,0.5175538133381509,9,0.16177252388877317,9,0.5503561812999217,9,243.51301699971373,6247854080,0,4496722944
02958343/1a0bc9ab92c915167ae33d942430658c,vggt_independent_history,0,vis_a,view_budget_exhausted,10,0.0979493746468803,0.6605879822297225,5.122345319175934,0.7693577606243424,0.12731316906115733,0.8586226279093461,6.6579497619145265,1,10,9,0.5192355082659059,9,0.17051798488163122,9,0.5020082307662111,9,1.7719429997669067,6247878656,0,3649390592
02958343/1a0bc9ab92c915167ae33d942430658c,vggt_joint_pose_deepsets,0,vis_a,view_budget_exhausted,10,0.0979493746468803,0.6642890308140355,5.153971270982945,0.7693577606243424,0.12731316906115733,0.8634331968978354,6.699056712965942,1,10,9,0.49029278109007673,9,0.17310727499864934,9,0.5259574330065471,9,242.69338099975357,6247886848,0,4496722944
02958343/1a3782ae4bd711b66b418c7d9fedcaa9,vggt_independent_history,0,vis_a,view_budget_exhausted,10,0.098294576370128,0.8173109056873831,6.124340366798892,0.915204692779347,0.10740173990107207,0.8930361832010778,6.691771157991047,1,10,9,0.4554956382972308,9,0.41941675372667386,9,0.6483314203956346,9,1.6744240001571598,6247903232,0,3649390592
02958343/1a3782ae4bd711b66b418c7d9fedcaa9,vggt_joint_pose_deepsets,0,vis_a,view_budget_exhausted,10,0.098294576370128,0.794886929219434,6.087692540537277,0.915204692779347,0.10740173990107207,0.8685345862961815,6.651727846859937,1,10,9,0.5519295386972007,9,0.11240686808811882,9,0.49215615717783695,9,242.21093200003452,6247903232,0,4496722944
02958343/1a7125aefa9af6b6597505fd7d99b613,vggt_independent_history,0,vis_a,view_budget_exhausted,10,0.0837032227005782,0.8820147430954637,6.639138314569942,0.9476943991790834,0.08832301084936665,0.9306953210438796,7.0055687997322025,1,10,9,0.3395266792279706,9,0.34392905640845073,9,0.6938865464876143,9,1.685399000052712,6247931904,0,3649390592
02958343/1a7125aefa9af6b6597505fd7d99b613,vggt_joint_pose_deepsets,0,vis_a,view_budget_exhausted,10,0.0837032227005782,0.8611055333992056,6.6133392947604746,0.9476943991790834,0.08832301084936665,0.9086320802835985,6.9783458681291295,1,10,9,0.4241599252902363,9,0.21276670726407096,9,0.6323991174233983,9,242.63140499988367,6247940096,0,4496722944
02958343/1a87a329781b15763820d8f180caa23a,vggt_independent_history,0,vis_a,view_budget_exhausted,10,0.10829359800763798,0.7558032492136327,5.786030001760891,0.8758109450839768,0.12364951433354636,0.8629753412606219,6.606482865096073,1,10,9,0.3967378323120929,9,0.2537990109050706,9,0.7081589112905973,9,1.638146000004781,6247956480,0,3649390592
02958343/1a87a329781b15763820d8f180caa23a,vggt_joint_pose_deepsets,0,vis_a,view_budget_exhausted,10,0.10829359800763798,0.7560558677611289,5.763910953928299,0.8758109450839768,0.12364951433354636,0.8632637808478572,6.581227359947675,1,10,9,0.40304596897091655,9,0.33980641735158706,9,0.6777651266956666,9,241.9092370000726,6247964672,0,4496722944
02958343/1ab80bc91a45b7d0a31091d2234b9f68,vggt_independent_history,0,vis_a,view_budget_exhausted,10,0.11020624734806504,0.7016612261249437,5.308508338850728,0.7935868148575647,0.13887106651065667,0.8841644203109398,6.689259750117591,1,10,9,0.3694542052878583,9,0.33397715705069797,9,0.7005465881871523,9,1.6061380001701764,6247997440,0,3649390592
02958343/1ab80bc91a45b7d0a31091d2234b9f68,vggt_joint_pose_deepsets,0,vis_a,view_budget_exhausted,10,0.11020624734806504,0.6852590481318233,5.308177882131504,0.7935868148575647,0.13887106651065667,0.8634960098912626,6.688843341083271,1,10,9,0.4299081396722838,9,0.3708945716599212,9,0.6402679838531783,9,246.25195499993424,6248005632,0,4496722944
02958343/1ae184691a39e3d3e0e8bce75d28b114,vggt_independent_history,0,vis_a,view_budget_exhausted,10,0.06933386865830277,0.6320142381713034,4.529533801386959,0.8096570748528483,0.08563362293956846,0.7805949676734057,5.594385502294514,1,10,9,0.35412704157835634,9,0.43352494062069596,9,0.7958909086819886,9,1.6566099998271966,6248030208,0,3649390592
02958343/1ae184691a39e3d3e0e8bce75d28b114,vggt_joint_pose_deepsets,0,vis_a,view_budget_exhausted,10,0.06933386865830277,0.6363825609720961,4.681324527018342,0.8096570748528483,0.08563362293956846,0.7859902429528648,5.781860830239952,1,10,9,0.3582914553457612,9,0.295826752543152,9,0.7548207299661782,9,244.19411200005925,6248038400,0,4496722944
02958343/1ae530f49a914595b491214a0cc2380,vggt_independent_history,0,vis_a,view_budget_exhausted,10,0.06358217814807501,0.5528168215668068,4.151987194391916,0.6895487832241426,0.09220838277863684,0.8017080662255478,6.021310305238091,1,10,9,0.3247642319540098,9,0.3143891635342297,9,0.7765455590708851,9,1.694464000138396,6248067072,0,3649390592
02958343/1ae530f49a914595b491214a0cc2380,vggt_joint_pose_deepsets,0,vis_a,view_budget_exhausted,10,0.06358217814807501,0.5538924719858008,4.188408726123953,0.6895487832241426,0.09220838277863684,0.803267999975216,6.074129674393873,1,10,9,0.2650966889586423,9,0.33654491137466747,9,0.7970526914631012,9,242.20449399990684,6248075264,0,4496722944
02958343/1aef0af3cdafb118c6a40bdf315062da,vggt_independent_history,0,vis_a,view_budget_exhausted,10,0.0983900366757069,0.8437068809957317,6.523990320939516,0.915432625004143,0.10747927699786929,0.9216482545527731,7.126674473623867,1,10,9,0.25827933555738736,9,0.29137454809641833,9,0.7444997260265662,9,1.593062999745598,6248095744,0,3649390592
02958343/1aef0af3cdafb118c6a40bdf315062da,vggt_joint_pose_deepsets,0,vis_a,view_budget_exhausted,10,0.0983900366757069,0.8404842680924213,6.524490614027576,0.915432625004143,0.10747927699786929,0.9181279376935222,7.127220983628422,1,10,9,0.3171524151726736,9,0.3267615421854122,9,0.7449498674842536,9,241.73092899991389,6248095744,0,4496722944
02958343/1b25c745164e53b822d2fb8fec68f2a1,vggt_independent_history,0,vis_a,view_budget_exhausted,10,0.08348785990018645,0.7335259945454319,5.397063446865898,0.8785689826819703,0.09502709695637855,0.8349099604065559,6.143016146996803,1,10,9,0.45836117941636395,9,0.36181376756464984,9,0.6078202377926786,9,1.5754200003357255,6248136704,0,3649390592
02958343/1b25c745164e53b822d2fb8fec68f2a1,vggt_joint_pose_deepsets,0,vis_a,view_budget_exhausted,10,0.08348785990018645,0.7528843038717946,5.563712820037839,0.8785689826819703,0.09502709695637855,0.8569438697613665,6.332698888428463,1,10,9,0.4150698590752505,9,0.31748354768189385,9,0.6014586176732568,9,242.16058100000737,6248144896,0,4496722944
02958343/1b2ef0809ca1abc7ca92a4cdad802b45,vggt_independent_history,0,vis_a,view_budget_exhausted,10,0.09071810521677523,0.592263442019842,4.570789723368959,0.7264413169867794,0.12488015631196019,0.8152942683333371,6.292028848700719,1,10,9,0.5351036259615414,9,0.0897734454138631,9,0.5749868753181162,9,1.7058680000445747,6248165376,0,3649390592
02958343/1b2ef0809ca1abc7ca92a4cdad802b45,vggt_joint_pose_deepsets,0,vis_a,view_budget_exhausted,10,0.09071810521677523,0.6011939544338747,4.623124889736692,0.7264413169867794,0.12488015631196019,0.8275877767079374,6.364072061475034,1,10,9,0.39189767028140465,9,0.3115564280126278,9,0.717194613195288,9,245.4955630000768,6248165376,0,4496722944
03001627/1006be65e7bc937e9141f9b58470d646,vggt_independent_history,0,vis_a,view_budget_exhausted,10,0.356881919675448,0.9965553622164751,8.141490101646571,0.9999999999999999,0.3568819196754481,0.9965553622164752,8.141490101646573,1,10,9,0.4604525631445098,9,0.37280047663084565,9,0.6024800428948726,9,1.7467960001340543,6248194048,0,3649390592
03001627/1006be65e7bc937e9141f9b58470d646,vggt_joint_pose_deepsets,0,vis_a,view_budget_exhausted,10,0.356881919675448,0.9972145074249801,8.379937827777567,0.9999999999999999,0.3568819196754481,0.9972145074249802,8.379937827777567,1,10,9,0.543124542399672,9,0.36101066111685554,9,0.5399547355802938,9,241.46272899997712,6248202240,0,4496722944
03001627/1007e20d5e811b308351982a6e40cf41,vggt_independent_history,0,vis_a,view_budget_exhausted,10,0.22393503870052273,0.9842960857811477,7.937770537936892,0.9971742226315488,0.22456962245730422,0.9870853692783839,7.960264473131954,1,10,9,0.3056928043504208,9,0.456670033515028,9,0.7583654550647619,9,1.6075710000222898,6248222720,0,3649390592
03001627/1007e20d5e811b308351982a6e40cf41,vggt_joint_pose_deepsets,0,vis_a,view_budget_exhausted,10,0.22393503870052273,0.9830806830315175,7.774680139720647,0.9971742226315488,0.22456962245730422,0.9858665223386558,7.796711911789316,1,10,9,0.3465722515125762,9,0.3797982483314549,9,0.7159231475437353,9,243.30961700025,6248230912,0,4496722944
03001627/100b18376b885f206ae9ad7e32c4139d,vggt_independent_history,0,vis_a,view_budget_exhausted,10,0.2511020214972155,0.9174465290396548,7.372283391485156,0.9524254359806362,0.26364480830845916,0.9632738631082796,7.740536017808582,1,10,9,0.45638084670949003,9,0.6324844958112695,9,0.6482770595853734,9,1.6441470002064307,6248263680,0,3649390592
03001627/100b18376b885f206ae9ad7e32c4139d,vggt_joint_pose_deepsets,0,vis_a,view_budget_exhausted,10,0.2511020214972155,0.9232908641352782,7.344286373387418,0.9524254359806362,0.26364480830845916,0.9694101283473593,7.711140521804308,1,10,9,0.4105365396705809,9,0.4731627020355746,9,0.6171998193821105,9,242.60264599979564,6248271872,0,4496722944
03001627/1013f70851210a618f2e765c4a8ed3d,vggt_independent_history,0,vis_a,view_budget_exhausted,10,0.2958647856056931,0.9749086065939669,7.763672094435266,0.9996450086779185,0.2959698523348697,0.9752548135896094,7.7664291093726545,1,10,9,0.4081354230089122,9,0.3251108361001505,9,0.664294577187779,9,1.769259999946371,6248312832,0,3649390592
03001627/1013f70851210a618f2e765c4a8ed3d,vggt_joint_pose_deepsets,0,vis_a,view_budget_exhausted,10,0.2958647856056931,0.9827012247229052,7.821945805176203,0.9996450086779185,0.2959698523348697,0.9830501990127253,7.824723514121403,1,10,9,0.3074819580807274,9,0.3573567643044242,9,0.7490113837601674,9,245.44662699963737,6248321024,0,4496722944
03001627/1015e71a0d21b127de03ab2a27ba7531,vggt_independent_history,0,vis_a,view_budget_exhausted,10,0.3181515761608963,0.993130261758036,8.097060470611797,0.9994328765199398,0.3183321097748067,0.9936938088490247,8.101655109451718,1,10,9,0.3365660005022361,9,0.5942651244865484,9,0.7792958702073816,9,1.5830430002097273,6248345600,0,3649390592
03001627/1015e71a0d21b127de03ab2a27ba7531,vggt_joint_pose_deepsets,0,vis_a,view_budget_exhausted,10,0.3181515761608963,0.9945519546620872,7.963571898272829,0.9994328765199398,0.3183321097748067,0.9951163084860204,7.968090789650891,1,10,9,0.25814424727470625,9,0.49455499715110207,9,0.801703369891862,9,245.11619100030657,6248349696,0,4496722944
03001627/1016f4debe988507589aae130c1f06fb,vggt_independent_history,0,vis_a,view_budget_exhausted,10,0.22209092687828336,0.9542147466439012,7.448797603074052,0.9850660077931189,0.22545791360301037,0.96868102146948,7.5617243353690355,1,10,9,0.377115463344567,9,0.38511165831474686,9,0.7376119897568614,9,1.6850269998940348,6248366080,0,3649390592
03001627/1016f4debe988507589aae130c1f06fb,vggt_joint_pose_deepsets,0,vis_a,view_budget_exhausted,10,0.22209092687828336,0.9560982272805412,7.694086877123005,0.9850660077931189,0.22545791360301037,0.9705930564211881,7.810732292306342,1,10,9,0.32151809970220824,9,0.36231574256933885,9,0.763175250088289,9,241.88044699985767,6248374272,0,4496722944
03001627/1022fe7dd03f6a4d4d5ad9f13ac9f4e7,vggt_independent_history,0,vis_a,view_budget_exhausted,10,0.3019022583081791,0.9370311693029412,7.551918003773766,0.9860776791422575,0.3061647826475391,0.9502610079542825,7.658542692440644,1,10,9,0.3907412943856092,9,0.3241446727547268,9,0.7228554586770142,9,1.577868999902421,6248390656,0,3649390592
03001627/1022fe7dd03f6a4d4d5ad9f13ac9f4e7,vggt_joint_pose_deepsets,0,vis_a,view_budget_exhausted,10,0.3019022583081791,0.9385565806156083,7.49702552289892,0.9860776791422575,0.3061647826475391,0.9518079563792727,7.602875190745854,1,10,9,0.39822869712804226,9,0.2903380204310359,9,0.7473422719961557,9,242.0143909998842,6248398848,0,4496722944
03001627/1028b32dc1873c2afe26a3ac360dbd4,vggt_independent_history,0,vis_a,view_budget_exhausted,10,0.26469321606767504,0.9495094910627995,7.538554848123736,0.971738731875352,0.2723913407844158,0.9771242618171117,7.757800117296067,1,10,9,0.25243014834608996,9,0.46747549084516965,9,0.7750097206377025,9,1.5640619999430783,6248423424,0,3649390592
03001627/1028b32dc1873c2afe26a3ac360dbd4,vggt_joint_pose_deepsets,0,vis_a,view_budget_exhausted,10,0.26469321606767504,0.943382357148607,7.582727956093146,0.971738731875352,0.2723913407844158,0.9708189312655879,7.80325792042815,1,10,9,0.3774606093370398,9,0.5226846302642982,9,0.7584500623399365,9,241.49265999994896,6248435712,0,4496722944
03001627/1031fc859dc3177a2f84cb7932f866fd,vggt_independent_history,0,vis_a,view_budget_exhausted,10,0.23260922650372734,0.8973949204351319,6.98205189216337,0.974672369926946,0.2386537606695078,0.9207144350489732,7.163486016010377,1,10,9,0.4025700892355438,9,0.1421001699019658,9,0.6427770136052398,9,1.5930800000205636,6248472576,0,3649390592
03001627/1031fc859dc3177a2f84cb7932f866fd,vggt_joint_pose_deepsets,0,vis_a,view_budget_exhausted,10,0.23260922650372734,0.8924598899284146,7.033291581944198,0.974672369926946,0.2386537606695078,0.91565116388321,7.2160572095332505,1,10,9,0.45153204169460776,9,0.14645281597597207,9,0.5737864261540051,9,242.36964300007457,6248497152,0,4496722944
03001627/1033ee86cc8bac4390962e4fb7072b86,vggt_independent_history,0,vis_a,view_budget_exhausted,10,0.2950054614034245,0.9904670211968856,7.924512873464684,0.9984472798122868,0.2954642346853677,0.9920073310060983,7.936836559817694,1,10,9,0.3236906330069735,9,0.42311647063981667,9,0.7469913481168824,9,1.5723139999863633,6248525824,0,3649390592
03001627/1033ee86cc8bac4390962e4fb7072b86,vggt_joint_pose_deepsets,0,vis_a,view_budget_exhausted,10,0.2950054614034245,0.9866552102180697,8.06005496818057,0.9984472798122868,0.2954642346853677,0.9881895921470846,8.072589440772378,1,10,9,0.37471732664532387,9,0.45327614720099557,9,0.6867706373014522,9,244.9405829997886,6248525824,0,4496722944
03001627/103a0a413d4c3353a723872ad91e4ed1,vggt_independent_history,0,vis_a,view_budget_exhausted,10,0.29299573902292075,0.9754518136839081,7.870598904509463,0.9909601450685146,0.29566853972988305,0.9843501966635255,7.942397021391099,1,10,9,0.24027097761660687,9,0.5128786023974934,9,0.8267644475935365,9,1.6599249997852894,6248554496,0,3649390592
03001627/103a0a413d4c3353a723872ad91e4ed1,vggt_joint_pose_deepsets,0,vis_a,view_budget_exhausted,10,0.29299573902292075,0.9733760697802529,7.913412555898075,0.9909601450685146,0.29566853972988305,0.9822555171610399,7.985601232581302,1,10,9,0.3144484619528063,9,0.5545909561144706,9,0.7696959547090062,9,245.44277800032432,6248558592,0,4496722944
03001627/103a60f3b09107df2da1314e036b435e,vggt_independent_history,0,vis_a,view_budget_exhausted,10,0.23993121980016247,0.9803604767657985,7.722291814676702,0.9964318017691015,0.24079040770695975,0.9838711239697796,7.749945155269295,1,10,9,0.36155460987775645,9,0.3368976744166563,9,0.6935010176089373,9,1.6219429999182466,6248587264,0,3649390592
03001627/103a60f3b09107df2da1314e036b435e,vggt_joint_pose_deepsets,0,vis_a,view_budget_exhausted,10,0.23993121980016247,0.9824177109687389,7.4716247208791335,0.9964318017691015,0.24079040770695975,0.9859357250787445,7.498380428659279,1,10,9,0.3672078197057655,9,0.33377195156737,9,0.6307362460391697,9,242.31860100007907,6248587264,0,4496722944
03001627/103b75dfd146976563ed57e35c972b4b,vggt_independent_history,0,vis_a,view_budget_exhausted,10,0.19215425994972293,0.9998971730951902,7.5971548267545,1.0,0.19215425994972293,0.9998971730951902,7.5971548267545,1,10,9,0.34383552055306804,9,0.4354465087526924,9,0.6668122741621952,9,1.604381000106514,6248620032,0,3649390592
03001627/103b75dfd146976563ed57e35c972b4b,vggt_joint_pose_deepsets,0,vis_a,view_budget_exhausted,10,0.19215425994972293,1.0,7.778373672316858,1.0,0.19215425994972293,1.0,7.778373672316858,1,10,9,0.5537747137576032,9,0.2137288829723835,9,0.43949056272214826,9,242.90076700026475,6248624128,0,4496722944
03001627/103c31671f8c0b1467bb14b25f99796e,vggt_independent_history,0,vis_a,view_budget_exhausted,10,0.46936271380500083,0.997388740366506,8.428974782880037,0.9995496303437814,0.46957419577412074,0.9978381363849516,8.432772647798394,1,10,9,0.46973817620966823,9,0.4261847645291976,9,0.7385640584370458,9,1.6083079999589245,6248644608,0,3649390592
03001627/103c31671f8c0b1467bb14b25f99796e,vggt_joint_pose_deepsets,0,vis_a,view_budget_exhausted,10,0.46936271380500083,0.997679590681426,8.504027162118431,0.9995496303437814,0.46957419577412074,0.9981291177490483,8.507858843580971,1,10,9,0.3577757717234261,9,0.38280967087131323,9,0.7423553847144346,9,242.57935400009956,6248652800,0,4496722944
03001627/103d77d63f0d68a044e6721e9db29c1b,vggt_independent_history,0,vis_a,view_budget_exhausted,10,0.2706269892516155,0.8962515020785953,7.099422720178037,0.9930829351317222,0.2725119722409887,0.9024941123972862,7.1488719310601905,1,10,9,0.6056947313501562,9,0.24858877377290073,9,0.4645920316242921,9,1.6539779999220627,6248669184,0,3649390592
03001627/103d77d63f0d68a044e6721e9db29c1b,vggt_joint_pose_deepsets,0,vis_a,view_budget_exhausted,10,0.2706269892516155,0.8816178648008968,7.036608357976563,0.9930829351317222,0.2725119722409887,0.8877585482666251,7.085620051504792,1,10,9,0.6228129765491373,9,0.1645463529247909,9,0.41226910187207655,9,242.5074200000381,6248681472,0,4496722944
03001627/104256e5bb73b0b719fb4103277a6b93,vggt_independent_history,0,vis_a,view_budget_exhausted,10,0.1886313325395722,0.8746469572328105,6.808168110537993,0.9247212388275868,0.20398723920165338,0.9458493224852678,7.362400499387003,1,10,9,0.5799936142829684,9,0.3277036352697947,9,0.49162187599493223,9,1.6280030004054424,6248710144,0,3649390592
03001627/104256e5bb73b0b719fb4103277a6b93,vggt_joint_pose_deepsets,0,vis_a,view_budget_exhausted,10,0.1886313325395722,0.8758241907910593,6.7848627148649,0.9247212388275868,0.20398723920165338,0.947122391069419,7.337197881890469,1,10,9,0.48908030085884124,9,0.5663255790938259,9,0.5724438219760003,9,244.29899799997656,6248710144,0,4496722944
03001627/1049953406c81b237eaeab1f0c9120b7,vggt_independent_history,0,vis_a,view_budget_exhausted,10,0.2866018593096587,0.8336208507791592,6.766038695029008,0.8493819800924178,0.33742399300544934,0.9814440031897737,7.965837342455538,1,10,9,0.46883697116186684,9,0.2829228887848349,9,0.5787576292348654,9,1.6073740002866543,6248747008,0,3649390592
03001627/1049953406c81b237eaeab1f0c9120b7,vggt_joint_pose_deepsets,0,vis_a,view_budget_exhausted,10,0.2866018593096587,0.8366422374688187,6.825696504553815,0.8493819800924178,0.33742399300544934,0.9850011621129365,8.036074068596488,1,10,9,0.4509584881034743,9,0.3214237319263631,9,0.6390056354167631,9,241.7091980000805,6248751104,0,4496722944
03001627/1055f78d441d170c4f3443b22038d340,vggt_independent_history,0,vis_a,view_budget_exhausted,10,0.20949191001031625,0.979224331345352,7.675568777370425,0.9966985072364998,0.2101858370302619,0.9824679421467204,7.700993551853633,1,10,9,0.4861039180594826,9,0.5563244601519723,9,0.6491377459493334,9,1.6036790002544876,6248771584,0,3649390592
03001627/1055f78d441d170c4f3443b22038d340,vggt_joint_pose_deepsets,0,vis_a,view_budget_exhausted,10,0.20949191001031625,0.985981463825507,7.769584072815884,0.9966985072364998,0.2101858370302619,0.9892474571465875,7.795320266264121,1,10,9,0.19239397225993587,9,0.5693213628950262,9,0.8394407208872589,9,243.06992599986188,6248775680,0,4496722944
03001627/1063d4fcd366de4060e37b3f76995f8b,vggt_independent_history,0,vis_a,view_budget_exhausted,10,0.34932264592314377,0.9216137076707744,7.455266305803306,0.9992068075739671,0.3495999459524147,0.9223453049808723,7.461184460806852,1,10,9,0.7261232727588819,9,0.0005821580192807182,9,0.2729818763435274,9,1.57158599995455,6248804352,0,3649390592
03001627/1063d4fcd366de4060e37b3f76995f8b,vggt_joint_pose_deepsets,0,vis_a,view_budget_exhausted,10,0.34932264592314377,0.9518334847867707,7.715170963961237,0.9992068075739671,0.3495999459524147,0.9525890712231866,7.721295437021043,1,10,9,0.6383153823024919,9,0.3509263034977158,9,0.3895263756585456,9,241.41726000016206,6248812544,0,4496722944
03001627/106a0dbaead5066519fb4103277a6b93,vggt_independent_history,0,vis_a,view_budget_exhausted,10,0.15222441059599517,0.8246910022988991,6.235533858198161,0.9400437416995739,0.16193332697559107,0.8772900299382663,6.633237988398799,1,10,9,0.321231511667465,9,0.624209228051607,9,0.7708324771437021,9,1.6137929997057654,6248824832,0,3649390592
03001627/106a0dbaead5066519fb4103277a6b93,vggt_joint_pose_deepsets,0,vis_a,view_budget_exhausted,10,0.15222441059599517,0.8225637993328925,6.016167464290112,0.9400437416995739,0.16193332697559107,0.8750271533596077,6.399880343241309,1,10,9,0.45081793967932654,9,0.4265302168286287,9,0.6219945776058772,9,243.55213199987702,6248828928,4096,4496722944
03001627/106c7f10c5bf5bd5f51f77a6d7299806,vggt_independent_history,0,vis_a,view_budget_exhausted,10,0.25618254729095785,0.9513634685092549,7.366925938975761,0.9989243070122624,0.25645841781264517,0.9523879455438823,7.374859023112476,1,10,9,0.6940919618271834,9,0.29474560799443417,9,0.3589908746740338,9,1.7086850002669962,6248869888,0,3649390592
03001627/106c7f10c5bf5bd5f51f77a6d7299806,vggt_joint_pose_deepsets,0,vis_a,view_budget_exhausted,10,0.25618254729095785,0.9192680334434866,7.497297701006455,0.9989243070122624,0.25645841781264517,0.9202579484655607,7.505371176151009,1,10,9,0.7541322939020441,9,0.14055373554087824,9,0.30103411817676173,9,244.92150299965942,6248878080,0,4496722944
03001627/106e9487a1d47ff1a09cb462b3e723e2,vggt_independent_history,0,vis_a,view_budget_exhausted,10,0.2760046542247375,0.9046946437021528,7.17720324709681,0.9681775891077093,0.28507647494620136,0.9344304742025028,7.413106157220036,1,10,9,0.6219786971844992,9,0.22723021065972754,9,0.3686634220656415,9,1.5763440001137496,6248890368,0,3649390592
03001627/106e9487a1d47ff1a09cb462b3e723e2,vggt_joint_pose_deepsets,0,vis_a,view_budget_exhausted,10,0.2760046542247375,0.9117958293669279,7.19513338090563,0.9681775891077093,0.28507647494620136,0.9417650642040332,7.431625625146726,1,10,9,0.5998058422356686,9,0.2955355938841369,9,0.4560523631345508,9,242.57361900026808,6248894464,0,4496722944
03001627/10709332176024ce9e47e7a22e24daa3,vggt_independent_history,0,vis_a,view_budget_exhausted,10,0.2593577199842936,0.9421787248985908,7.629986574229839,0.9777367924837437,0.2652633326045218,0.9636322700971243,7.803722466909926,1,10,9,0.440820961239775,9,0.4487371980129432,9,0.6686370621678329,9,1.5874699997766584,6248939520,0,3649390592
03001627/10709332176024ce9e47e7a22e24daa3,vggt_joint_pose_deepsets,0,vis_a,view_budget_exhausted,10,0.2593577199842936,0.9415759392341685,7.543155080271118,0.9777367924837437,0.2652633326045218,0.9630157589163483,7.714913807333823,1,10,9,0.38892617247597955,9,0.3853548839020973,9,0.7562969889119855,9,242.0940279998831,6248960000,0,4496722944
03001627/1079635b3da12a812cee4bf5d0f11ffe,vggt_independent_history,0,vis_a,view_budget_exhausted,10,0.17990645938176145,0.9976764835894806,8.05838021795288,0.9990926656322554,0.18006984293885425,0.9985825318396481,8.065698503404885,1,10,9,0.4106969495760521,9,0.2996092522155675,9,0.606650056951967,9,1.6048279999267834,6248972288,0,3649390592
03001627/1079635b3da12a812cee4bf5d0f11ffe,vggt_joint_pose_deepsets,0,vis_a,view_budget_exhausted,10,0.17990645938176145,0.9973331971791741,7.960400762058066,0.9990926656322554,0.18006984293885425,0.9982389336709144,7.9676300666470095,1,10,9,0.4053044659753714,9,0.413319503829799,9,0.6236642711199347,9,241.3033779998841,6248980480,0,4496722944
03001627/107caefdad02cf1c8ab8e68cb52baa6a,vggt_independent_history,0,vis_a,view_budget_exhausted,10,0.25879369177635025,0.9691783234536194,7.69411971397685,0.9946829767706691,0.26017705924409007,0.9743590129592317,7.735248208385476,1,10,9,0.4260471543601684,9,0.4620036463292298,9,0.6642755470379647,9,1.576093000039691,6249025536,0,3649390592
03001627/107caefdad02cf1c8ab8e68cb52baa6a,vggt_joint_pose_deepsets,0,vis_a,view_budget_exhausted,10,0.25879369177635025,0.968816213258697,7.734918458419471,0.9946829767706691,0.26017705924409007,0.9739949671241476,7.776265040276053,1,10,9,0.4405599470286848,9,0.3805226635736952,9,0.6120251260416798,9,241.52993899997455,6249033728,0,4496722944
03001627/107ed94869ed6f1be13496cd332ce78f,vggt_independent_history,0,vis_a,view_budget_exhausted,10,0.25756652713662453,0.9685749842997082,7.709333418465493,0.9956643169678406,0.258688116815322,0.9727927051251276,7.742904196811244,1,10,9,0.428933007920737,9,0.4776846527252407,9,0.6211667904625428,9,1.578733000314969,6249058304,0,3649390592
03001627/107ed94869ed6f1be13496cd332ce78f,vggt_joint_pose_deepsets,0,vis_a,view_budget_exhausted,10,0.25756652713662453,0.9729483647474924,7.78102068026135,0.9956643169678406,0.258688116815322,0.9771851297337575,7.814903625307557,1,10,9,0.36273803869128013,9,0.42425761396271255,9,0.6900260649030151,9,244.17578199972922,6249062400,0,4496722944
03001627/108238b535eb293cd79b19c7c4f0e293,vggt_independent_history,0,vis_a,view_budget_exhausted,10,0.15869924925398882,0.8011267681820585,6.343079125010252,0.8904130264841335,0.17823105068512463,0.8997248965969997,7.123749244837988,1,10,9,0.51430761101445,9,0.2522026303744623,9,0.557216899422776,9,1.6008359998522792,6249107456,0,3649390592
03001627/108238b535eb293cd79b19c7c4f0e293,vggt_joint_pose_deepsets,0,vis_a,view_budget_exhausted,10,0.15869924925398882,0.8052767009127839,6.40151404960454,0.8904130264841335,0.17823105068512463,0.9043855794568537,7.189376007762854,1,10,9,0.5306047650139109,9,0.32150141394738646,9,0.5810731035892974,9,241.73513799996726,6249115648,0,4496722944
03001627/108b9cb292fd811cf51f77a6d7299806,vggt_independent_history,0,vis_a,view_budget_exhausted,10,0.34589381883617765,0.9822261420580203,8.067545806228416,0.9992476968961177,0.346154231739137,0.9829656301525938,8.073619615324592,1,10,9,0.33830105349959405,9,0.23485134157107568,9,0.7482586313908749,9,1.5913480001472635,6249123840,0,3649390592
03001627/108b9cb292fd811cf51f77a6d7299806,vggt_joint_pose_deepsets,0,vis_a,view_budget_exhausted,10,0.34589381883617765,0.9855984256584913,8.118389424660958,0.9992476968961177,0.346154231739137,0.9863404526424989,8.124501512366207,1,10,9,0.23431352716956408,9,0.4336067439993049,9,0.8693573007576688,9,241.533977999552,6249127936,0,4496722944
03001627/1093d35c2ac73bb74ca84d60642ec7e8,vggt_independent_history,0,vis_a,view_budget_exhausted,10,0.2404827351505341,0.8991853516966568,7.083350196248919,0.9485493452212022,0.25352685799857194,0.9479584338197675,7.4675611046856805,1,10,9,0.3905029641682718,9,0.3440901534063928,9,0.671213999401129,9,1.5622189998794056,6249156608,0,3649390592
03001627/1093d35c2ac73bb74ca84d60642ec7e8,vggt_joint_pose_deepsets,0,vis_a,view_budget_exhausted,10,0.2404827351505341,0.8967010168949393,7.1188041705801695,0.9485493452212022,0.25352685799857194,0.9453393451932943,7.504938152606137,1,10,9,0.3495996135673007,9,0.38444653165609377,9,0.7535115572011283,9,240.91447799992238,6249160704,0,4496722944
03001627/10991b3b01cc6cc99982a4d6320875e,vggt_independent_history,0,vis_a,view_budget_exhausted,10,0.23680421966364928,0.9540743233098403,7.516795915034858,0.9924098111486104,0.2386153552730129,0.9613713131328269,7.574286177536832,1,10,9,0.5068845865374647,9,0.2841323412887597,9,0.5623914871439367,9,1.5857039998081746,6249189376,0,3649390592
03001627/10991b3b01cc6cc99982a4d6320875e,vggt_joint_pose_deepsets,0,vis_a,view_budget_exhausted,10,0.23680421966364928,0.9580107176164036,7.569674775279316,0.9924098111486104,0.2386153552730129,0.9653378139295162,7.627569468018671,1,10,9,0.49912339476982137,9,0.3152951087568446,9,0.5952851112746643,9,241.61885000012262,6249189376,0,4496722944
03001627/10a1783f635b3fc181dff5c2e57ad46e,vggt_independent_history,0,vis_a,view_budget_exhausted,10,0.1564836517032271,0.8624489088688252,6.620869853341294,0.9574191806416585,0.16344319694781168,0.9008059649388007,6.91533028292165,1,10,9,0.38604170038690744,9,0.1550973170635267,9,0.6127874794577353,9,1.611842999864166,6249246720,0,3649390592
03001627/10a1783f635b3fc181dff5c2e57ad46e,vggt_joint_pose_deepsets,0,vis_a,view_budget_exhausted,10,0.1564836517032271,0.8559808847250513,6.646312169535488,0.9574191806416585,0.16344319694781168,0.8940502781147296,6.941904135533566,1,10,9,0.4495683465616691,9,0.16274014445927584,9,0.6162591691222199,9,245.35375599998588,6249246720,0,4496722944
03001627/10c08a28cae054e53a762233fffc49ea,vggt_independent_history,0,vis_a,view_budget_exhausted,10,0.15305606969841612,0.8343707817796728,6.666909277392488,0.9284916763612531,0.16484377145764073,0.8986303302680765,7.180365152566601,1,10,9,0.7132943950719577,9,0.028342922709725334,9,0.33581351866027376,9,1.6175679998013948,6249275392,0,3649390592
03001627/10c08a28cae054e53a762233fffc49ea,vggt_joint_pose_deepsets,0,vis_a,view_budget_exhausted,10,0.15305606969841612,0.8685210811054591,6.861973245592338,0.9284916763612531,0.16484377145764073,0.935410734654275,7.390452085132656,1,10,9,0.5938331098093098,9,0.10468862531256483,9,0.4124278044695809,9,241.19651299997713,6249275392,0,4496722944
03001627/10d174a00639990492d9da2668ec34c,vggt_independent_history,0,vis_a,view_budget_exhausted,10,0.3582181483385555,0.9354326668382233,7.425357502942436,0.9835765992315842,0.36419954339947913,0.9510521779076757,7.549343395057862,1,10,9,0.24621228460873784,9,0.41636925600706354,9,0.8302979648372654,9,1.5502780001952488,6249320448,0,3649390592
03001627/10d174a00639990492d9da2668ec34c,vggt_joint_pose_deepsets,0,vis_a,view_budget_exhausted,10,0.3582181483385555,0.9266836765898274,7.387018902378079,0.9835765992315842,0.36419954339947913,0.9421571002337752,7.510364630623748,1,10,9,0.3811685154409738,9,0.30209850588164805,9,0.7652159602641515,9,241.40142899977945,6249324544,0,4496722944
03001627/10d5c2f88b60bbf5febad4f49b26ec52,vggt_independent_history,0,vis_a,view_budget_exhausted,10,0.13673913809187438,0.8142027336753405,6.183978657201881,0.9290523374723547,0.14718130785171535,0.8763798344133311,6.656222053136909,1,10,9,0.35289425548254033,9,0.3212822698998778,9,0.6651599036390915,9,1.549840999814478,6249340928,0,3649390592
03001627/10d5c2f88b60bbf5febad4f49b26ec52,vggt_joint_pose_deepsets,0,vis_a,view_budget_exhausted,10,0.13673913809187438,0.8095785427424624,6.243749991964763,0.9290523374723547,0.14718130785171535,0.8714025142491529,6.720557863243688,1,10,9,0.3004093228679988,9,0.39281107289756195,9,0.714942052833113,9,240.7314730003236,6249340928,0,4496722944
03001627/10dc303144fe5d668d1b9a1d97e2846,vggt_independent_history,0,vis_a,view_budget_exhausted,10,0.2206325343038958,0.9461897321532048,7.692089829296388,0.9551454479337473,0.23099365105198066,0.9906237151630505,8.053317791480426,1,10,9,0.3470705547327275,9,0.5411579171841719,9,0.6751266443556371,9,1.567412999975204,6249373696,0,3649390592
03001627/10dc303144fe5d668d1b9a1d97e2846,vggt_joint_pose_deepsets,0,vis_a,view_budget_exhausted,10,0.2206325343038958,0.9444044836021925,7.7076742490365255,0.9551454479337473,0.23099365105198066,0.9887546296171011,8.069634070612418,1,10,9,0.39439608262141373,9,0.1884089603192225,9,0.6566703118494482,9,242.320940999889,6249377792,4096,4496722944
03001627/10de9af4e91682851e5f7bff98fb8d02,vggt_independent_history,0,vis_a,view_budget_exhausted,10,0.19026232566029389,0.9741485443019204,7.806405004510455,0.9999632187687414,0.19026932400030136,0.9741843760027428,7.8066921442595785,1,10,9,0.6863885549433043,9,0.4731851786231217,9,0.4816427074771916,9,1.9269980002718512,6249394176,0,3649390592
03001627/10de9af4e91682851e5f7bff98fb8d02,vggt_joint_pose_deepsets,0,vis_a,view_budget_exhausted,10,0.19026232566029389,0.9989687088754715,8.059927945273271,0.9999632187687414,0.19026932400030136,0.9990054535260863,8.060224410251301,1,10,9,0.41948345762630684,9,0.42646289134844506,9,0.6045426340488491,9,244.41014000012729,6249402368,0,4496722944
03001627/10e523060bb5b51f9ee9f382b1dfb770,vggt_independent_history,0,vis_a,view_budget_exhausted,10,0.24295228941345476,0.9872969333932909,7.956237947347023,0.9961645355069846,0.24388771207339502,0.9910982555615869,7.986871308661678,1,10,9,0.26518142216490054,9,0.4618017350861245,9,0.7390486053113043,9,1.6509810002389713,6249439232,0,3649390592
03001627/10e523060bb5b51f9ee9f382b1dfb770,vggt_joint_pose_deepsets,0,vis_a,view_budget_exhausted,10,0.24295228941345476,0.9861133481811687,7.993126382563078,0.9961645355069846,0.24388771207339502,0.9899101132718999,8.023901772908513,1,10,9,0.37567934442182277,9,0.3093358095355823,9,0.6097060304190658,9,242.761936000079,6249443328,0,4496722944
03001627/11040f463a3895019fb4103277a6b93,vggt_independent_history,0,vis_a,view_budget_exhausted,10,0.14806479992027577,0.7432873909107656,5.787314622986222,0.8187753440060492,0.18083690600138766,0.9078038272062013,7.068257080960007,1,10,9,0.4492032002617571,9,0.4275307439889543,9,0.6161172136835568,9,1.6509930001120665,6249463808,0,3649390592
03001627/11040f463a3895019fb4103277a6b93,vggt_joint_pose_deepsets,0,vis_a,view_budget_exhausted,10,0.14806479992027577,0.7285536027664481,5.776229570186168,0.8187753440060492,0.18083690600138766,0.8898089177940187,7.054718504253704,1,10,9,0.45329432737798453,9,0.2975560154278942,9,0.5559688320444613,9,241.50928600010957,6249472000,0,4496722944
03001627/110ad013a9ae7a1ab0f4eaf0533e82bb,vggt_independent_history,0,vis_a,view_budget_exhausted,10,0.2282864232360358,0.9819041162725586,7.657887346700781,0.995684432520616,0.22927587876222927,0.9861599561086116,7.691078715888452,1,10,9,0.3604852315406297,9,0.4001230350831784,9,0.6706687157446383,9,1.5855839997129806,6249517056,0,3649390592
03001627/110ad013a9ae7a1ab0f4eaf0533e82bb,vggt_joint_pose_deepsets,0,vis_a,view_budget_exhausted,10,0.2282864232360358,0.9825242814235597,7.8782149147478355,0.995684432520616,0.22927587876222927,0.9867828092242632,7.912361243615923,1,10,9,0.45742321293200433,9,0.3621355588983297,9,0.5951388282661603,9,241.69478800013167,6249517056,0,4496722944
03001627/111720e8cd4c613492d9da2668ec34c,vggt_independent_history,0,vis_a,view_budget_exhausted,10,0.24199792129070474,0.9806650322287646,7.996831820967772,0.989883832286427,0.24447103124387798,0.9906869879505266,8.07855584679744,1,10,9,0.3608251337054476,9,0.5763047213970118,9,0.7698010613682345,9,1.6047919998527505,6249549824,0,3649390592
03001627/111720e8cd4c613492d9da2668ec34c,vggt_joint_pose_deepsets,0,vis_a,view_budget_exhausted,10,0.24199792129070474,0.9805727527347374,7.992343693510965,0.989883832286427,0.24447103124387798,0.9905937654015594,8.074021852695891,1,10,9,0.3849066993842238,9,0.4731317124128662,9,0.7006168235510659,9,243.25808099956703,6249549824,0,4496722944
03001627/111cb08c8121b8411749672386e0b711,vggt_independent_history,0,vis_a,view_budget_exhausted,10,0.5821467524952748,0.9984616971819087,8.605813370721734,0.9999484088544921,0.5821767876626385,0.9985132116223011,8.60625737739837,1,10,9,0.4225747740429539,9,0.24393236134545024,9,0.6712162282659987,9,1.6499680000379158,6249566208,0,3649390592
03001627/111cb08c8121b8411749672386e0b711,vggt_joint_pose_deepsets,0,vis_a,view_budget_exhausted,10,0.5821467524952748,0.9985818635984343,8.684665263335859,0.9999484088544921,0.5821767876626385,0.9986333842386695,8.685113338281846,1,10,9,0.38864066752530335,9,0.24455053910821445,9,0.7148048819015466,9,245.94797999998264,6249574400,0,4496722944
03001627/112cee32461c31d1d84b8ba651dfb8ac,vggt_independent_history,0,vis_a,view_budget_exhausted,10,0.3541984222638867,0.9977566679898855,8.287247814226545,0.9999353805387307,0.35422131185422884,0.9978211466548255,8.287783366322795,1,10,9,0.4475191033971553,9,0.37763848499669367,9,0.611268085031289,9,1.718650000384514,6249598976,0,3649390592
03001627/112cee32461c31d1d84b8ba651dfb8ac,vggt_joint_pose_deepsets,0,vis_a,view_budget_exhausted,10,0.3541984222638867,0.996170477531075,8.363090769919038,0.9999353805387307,0.35422131185422884,0.9962348536906183,8.36363122326294,1,10,9,0.4812056577201007,9,0.09579273287979705,9,0.4921076453841342,9,242.86550099986925,6249611264,0,4496722944
03001627/113016635d554d5171fb733891076ecf,vggt_independent_history,0,vis_a,view_budget_exhausted,10,0.29937931519964867,0.9452120652211629,7.695329501089751,0.9785698893238852,0.3059355478498283,0.9659116589763762,7.863852735553328,1,10,9,0.35712728853913084,9,0.3836452653176648,9,0.7401577324235935,9,1.5849030000936182,6249648128,0,3649390592
03001627/113016635d554d5171fb733891076ecf,vggt_joint_pose_deepsets,0,vis_a,view_budget_exhausted,10,0.29937931519964867,0.94507982664274,7.760249502563422,0.9785698893238852,0.3059355478498283,0.9657765244500991,7.930194447251123,1,10,9,0.2870174101282132,9,0.3978228540798271,9,0.7397564699516596,9,242.27622700027496,6249648128,0,4496722944
03001627/11347c7e8bc5881775907ca70d2973a4,vggt_independent_history,0,vis_a,view_budget_exhausted,10,0.1802758638415702,0.9146822710891527,7.2950555568517,0.9999986456300451,0.18027610800211447,0.9146835099090167,7.295065437069146,1,10,9,0.7411689558853235,9,0.24119647061171479,9,0.3062015044846767,9,1.7077130000870966,6249668608,0,3649390592
03001627/11347c7e8bc5881775907ca70d2973a4,vggt_joint_pose_deepsets,0,vis_a,view_budget_exhausted,10,0.1802758638415702,0.9978970234933937,7.661412769442737,0.9999986456300451,0.18027610800211447,0.9978983750169709,7.661423145844058,1,10,9,0.4540433271907038,9,0.28203324761708476,9,0.47939813484483135,9,241.5023389999078,6249668608,0,4496722944
03001627/11355c7f7ffa3c09737d107bffc3cd98,vggt_independent_history,0,vis_a,view_budget_exhausted,10,0.1848965600186258,0.9151642573736043,6.97861183750169,0.9631434728079857,0.19197198053948414,0.9501847681171519,7.2456617674581505,1,10,9,0.5392788324572727,9,0.419889664899295,9,0.5184070752747152,9,1.6074109998953645,6249697280,0,3649390592
03001627/11355c7f7ffa3c09737d107bffc3cd98,vggt_joint_pose_deepsets,0,vis_a,view_budget_exhausted,10,0.1848965600186258,0.9120371507895003,7.1069141981084964,0.9631434728079857,0.19197198053948414,0.9469379968183887,7.378873863297567,1,10,9,0.5577728710884019,9,0.40601488711674033,9,0.5089424103795352,9,243.00654300031965,6249701376,0,4496722944
03001627/11358c94662a68117e66b3e5c11f24d4,vggt_independent_history,0,vis_a,view_budget_exhausted,10,0.362226805780371,0.9685064590599974,7.827300726486717,0.9957204210525142,0.3637836466158678,0.9726690731483134,7.860942249444843,1,10,9,0.3910927864162598,9,0.4246498037523471,9,0.7563209550270377,9,1.5848940001887968,6249721856,0,3649390592
03001627/11358c94662a68117e66b3e5c11f24d4,vggt_joint_pose_deepsets,0,vis_a,view_budget_exhausted,10,0.362226805780371,0.9657024389098477,7.829960941960827,0.9957204210525142,0.3637836466158678,0.9698530013967813,7.863613898451799,1,10,9,0.3928703845499181,9,0.2452400963626167,9,0.6800043289734566,9,243.11517900014223,6249725952,0,4496722944
03001627/1145248e1eba424d492d9da2668ec34c,vggt_independent_history,0,vis_a,view_budget_exhausted,10,0.2816356124284076,0.9554894104238898,7.638994022895212,0.9862701564992504,0.2855562551218913,0.9687907558871939,7.745336277850782,1,10,9,0.36648522114584353,9,0.22145244516435575,9,0.6853672201684088,9,1.6670760001034068,6249754624,0,3649390592
03001627/1145248e1eba424d492d9da2668ec34c,vggt_joint_pose_deepsets,0,vis_a,view_budget_exhausted,10,0.2816356124284076,0.9570140726281627,7.716757838418852,0.9862701564992504,0.2855562551218913,0.9703366428779193,7.82418264160943,1,10,9,0.34418394332815616,9,0.42363691525036123,9,0.7333792160405345,9,243.92368100006934,6249758720,0,4496722944
03001627/114b563de051057fcda85f6a3e19b0a1,vggt_independent_history,0,vis_a,view_budget_exhausted,10,0.7077661727487837,0.9994057443313543,8.792994202560118,0.9999825605501644,0.7077785160167085,0.9994231737216569,8.793147550215716,1,10,9,0.5335507657759363,9,0.14580080840549456,9,0.57321638422772,9,1.5620710000803228,6249799680,0,3649390592
03001627/114b563de051057fcda85f6a3e19b0a1,vggt_joint_pose_deepsets,0,vis_a,view_budget_exhausted,10,0.7077661727487837,0.9996274037497613,8.640382985303898,0.9999825605501644,0.7077785160167085,0.9996448370057497,8.640533671457414,1,10,9,0.3687637609906584,9,0.3377921970812,9,0.6837824710287236,9,241.15997100034292,6249807872,0,4496722944
03001627/114f72b38dcabdf0823f29d871e57676,vggt_independent_history,0,vis_a,view_budget_exhausted,10,0.24519457362829006,0.8499640782163216,6.849028483339534,0.8966932569101596,0.27344308852414656,0.9478872197000141,7.638095224380332,1,10,9,0.46926484095549104,9,0.3609999753508759,9,0.6781376351647653,9,1.5558590002910933,6249820160,0,3649390592
03001627/114f72b38dcabdf0823f29d871e57676,vggt_joint_pose_deepsets,0,vis_a,view_budget_exhausted,10,0.24519457362829006,0.8531867584615596,6.82746214749481,0.8966932569101596,0.27344308852414656,0.9514811803107392,7.614044261937456,1,10,9,0.34575485647848675,9,0.2647681568269442,9,0.6977114801367746,9,243.87201099989397,6249832448,0,4496722944
03001627/11506b96d41f7d3dd7c4a943f33e0384,vggt_independent_history,0,vis_a,view_budget_exhausted,10,0.2663308568924603,0.9855076310824131,7.896463123986312,0.9979119106307804,0.26688814318701987,0.9875697650100934,7.912986146237051,1,10,9,0.45856594735135014,9,0.2792379524431053,9,0.6007370066320091,9,1.6045289999055967,6249869312,0,3649390592
03001627/11506b96d41f7d3dd7c4a943f33e0384,vggt_joint_pose_deepsets,0,vis_a,view_budget_exhausted,10,0.2663308568924603,0.9852613376500627,7.88553155701588,0.9979119106307804,0.26688814318701987,0.98732295621893,7.902031705415192,1,10,9,0.38437598307204335,9,0.42884490069461445,9,0.6267529878830661,9,242.24273600020751,6249877504,0,4496722944
03001627/11525a18678f7ce6ae1e1181f20bb9c8,vggt_independent_history,0,vis_a,view_budget_exhausted,10,0.3319759986509116,0.9820841578659008,7.845690963913169,0.9979262826701463,0.33266585359656536,0.9841249548394929,7.861994518192762,1,10,9,0.3007648456113581,9,0.39387272208196605,9,0.7480472477325459,9,1.6390770001635246,6249893888,0,3649390592
03001627/11525a18678f7ce6ae1e1181f20bb9c8,vggt_joint_pose_deepsets,0,vis_a,view_budget_exhausted,10,0.3319759986509116,0.978453437574862,7.8386804961216034,0.9979262826701463,0.33266585359656536,0.9804866898152228,7.854969482462859,1,10,9,0.41248611481062897,9,0.4176546715386124,9,0.7527804934514334,9,242.13506100022641,6249897984,0,4496722944
03001627/1157d8d6995da5c0290d57214c8512a4,vggt_independent_history,0,vis_a,view_budget_exhausted,10,0.2211456668023546,0.9901618374809942,7.640518216779406,0.9991450710141128,0.2213348924174705,0.9910090798686513,7.647055906530599,1,10,9,0.3030741448239768,9,0.4331450188394624,9,0.6661866354837596,9,1.6865339998730633,6249930752,0,3649390592
03001627/1157d8d6995da5c0290d57214c8512a4,vggt_joint_pose_deepsets,0,vis_a,view_budget_exhausted,10,0.2211456668023546,0.9902089633080848,7.785892504897875,0.9991450710141128,0.2213348924174705,0.9910562460194514,7.792554585687289,1,10,9,0.2887543064794645,9,0.3196242650592802,9,0.6818648644369776,9,243.57990699991205,6249938944,0,4496722944
03001627/115b11a77b8d8c3c110a27d1d78196,vggt_independent_history,0,vis_a,view_budget_exhausted,10,0.358363555500552,0.9988270906574852,8.25640240309611,0.9996971101590915,0.3584721330679071,0.9991297168984836,8.258903941196937,1,10,9,0.40330983160714534,9,0.48326746441298074,9,0.6564163222710371,9,1.5541480001957098,6249979904,0,3649390592
03001627/115b11a77b8d8c3c110a27d1d78196,vggt_joint_pose_deepsets,0,vis_a,view_budget_exhausted,10,0.358363555500552,0.9988143991118202,8.237226928838776,0.9996971101590915,0.3584721330679071,0.9991170215075137,8.239722657123524,1,10,9,0.3050654771552697,9,0.4186909579382601,9,0.6666305868342621,9,242.14220700014266,6249979904,0,4496722944
03001627/1166b15756ed9b8897317616969032,vggt_independent_history,0,vis_a,view_budget_exhausted,10,0.152490362118314,0.8001627052486691,6.372177374437385,0.8456803471372271,0.18031678592806372,0.9461763040342098,7.534971571715363,1,10,9,0.4363476164480509,9,0.5156118312460167,9,0.6155100908915954,9,1.5957460000208812,6250008576,0,3649390592
03001627/1166b15756ed9b8897317616969032,vggt_joint_pose_deepsets,0,vis_a,view_budget_exhausted,10,0.152490362118314,0.8003077765896751,6.324949098890293,0.8456803471372271,0.18031678592806372,0.946347847976903,7.479125085857003,1,10,9,0.4783453823566625,9,0.43048315261978437,9,0.6354342271891772,9,242.51011800015476,6250016768,0,4496722944
03001627/116a9cd5ac9a008ee8cb931b01d0a372,vggt_independent_history,0,vis_a,view_budget_exhausted,10,0.23010631195066872,0.9877622542876369,7.789805487039501,0.9996914149431413,0.23017734123860242,0.9880671570474746,7.792210046619793,1,10,9,0.35178604909767575,9,0.3021119392120445,9,0.7260970801024724,9,1.5781120000610827,6250045440,0,3649390592
03001627/116a9cd5ac9a008ee8cb931b01d0a372,vggt_joint_pose_deepsets,0,vis_a,view_budget_exhausted,10,0.23010631195066872,0.9926033539408324,7.876296696287643,0.9996914149431413,0.23017734123860242,0.9929097510528166,7.878727954001302,1,10,9,0.23882845861637503,9,0.4433805704416114,9,0.7973995536742741,9,241.92781100009597,6250065920,0,4496722944
03001627/116bcb3b43de74b9df9054bbcf5c6adc,vggt_independent_history,0,vis_a,view_budget_exhausted,10,0.18522331541702777,0.8705211893067297,7.074338533217682,0.9064644470555496,0.20433599576760564,0.9603478571436821,7.8043199114947255,1,10,9,0.4044609767701855,9,0.44024782720429645,9,0.6217513143925257,9,1.5542199998890283,6250082304,0,3649390592
03001627/116bcb3b43de74b9df9054bbcf5c6adc,vggt_joint_pose_deepsets,0,vis_a,view_budget_exhausted,10,0.18522331541702777,0.8742889900400679,7.10800180648854,0.9064644470555496,0.20433599576760564,0.9645044467877404,7.841456804596495,1,10,9,0.36603383488516605,9,0.4372186147420883,9,0.5979080580199888,9,241.16697499994189,6250090496,0,4496722944
03001627/11740d372308f12185047f9f654ddc2e,vggt_independent_history,0,vis_a,view_budget_exhausted,10,0.29721212354987264,0.9956768628524261,8.205843528378658,0.9996167737414248,0.29732606670599326,0.9960585786548457,8.208989428684095,1,10,9,0.4005894896530753,9,0.4522076275981972,9,0.6674827455698548,9,1.6598850002083054,6250131456,0,3649390592
03001627/11740d372308f12185047f9f654ddc2e,vggt_joint_pose_deepsets,0,vis_a,view_budget_exhausted,10,0.29721212354987264,0.9953417156435644,8.291357273682104,0.9996167737414248,0.29732606670599326,0.9957233029595338,8.294535957663777,1,10,9,0.41560266701157045,9,0.2988519327163527,9,0.6723796223621937,9,243.77093300017805,6250131456,0,4496722944
03001627/117930a8f2e37f9b707cdefe012d0353,vggt_independent_history,0,vis_a,view_budget_exhausted,10,0.2745756954986146,0.9840567864738947,7.925055908123651,0.9945589803492774,0.27607784045365197,0.9894403508661754,7.9684121954642295,1,10,9,0.3967012915966303,9,0.34089698405746827,9,0.6822042589825426,9,1.5809859996807063,6250160128,0,3649390592
03001627/117930a8f2e37f9b707cdefe012d0353,vggt_joint_pose_deepsets,0,vis_a,view_budget_exhausted,10,0.2745756954986146,0.9842481584711462,8.01218733348388,0.9945589803492774,0.27607784045365197,0.9896327698187289,8.056020298233186,1,10,9,0.31173911626800366,9,0.40983805021185854,9,0.668910355308072,9,242.1093309999378,6250164224,0,4496722944
03001627/117bd6da01905949a81116f5456ee312,vggt_independent_history,0,vis_a,view_budget_exhausted,10,0.24169773040145792,0.9727275647808626,8.002905576606306,0.986626229203703,0.24497395593925164,0.985912938444726,8.11138538559367,1,10,9,0.3555926656757807,9,0.44627026328435826,9,0.72507718742713,9,1.5769080000609392,6250209280,0,3649390592
03001627/117bd6da01905949a81116f5456ee312,vggt_joint_pose_deepsets,0,vis_a,view_budget_exhausted,10,0.24169773040145792,0.9734275955857128,7.9506735591341045,0.986626229203703,0.24497395593925164,0.986622458204215,8.058445360358014,1,10,9,0.4181513598604558,9,0.37731302615162454,9,0.6668642269663279,9,241.38534399980927,6250217472,0,4496722944
03001627/117c0e0aafc0c3f81015cdff13e6d9f3,vggt_independent_history,0,vis_a,view_budget_exhausted,10,0.23900167948472903,0.9986371114573727,8.098518293874097,0.9999999999999998,0.23900167948472908,0.9986371114573729,8.098518293874099,1,10,9,0.4514907770846803,9,0.37357350143795165,9,0.5750022874232775,9,1.5631209998900886,6250233856,0,3649390592
03001627/117c0e0aafc0c3f81015cdff13e6d9f3,vggt_joint_pose_deepsets,0,vis_a,view_budget_exhausted,10,0.23900167948472903,0.9968060434466411,8.065819305093084,0.9999999999999998,0.23900167948472908,0.9968060434466414,8.065819305093086,1,10,9,0.5674207018196589,9,0.1976355126094509,9,0.501735159043308,9,241.48206300014863,6250237952,0,4496722944
03001627/1190af00b6c86c99c3bd24f986301745,vggt_independent_history,0,vis_a,view_budget_exhausted,10,0.1740724136723408,0.9431787558257015,7.318915312207491,0.979505069703742,0.17771466330949182,0.9629136030005158,7.472054549366597,1,10,9,0.16941816436395774,9,0.5302879550575762,9,0.8764262204334039,9,1.570808999986184,6250262528,0,3649390592
03001627/1190af00b6c86c99c3bd24f986301745,vggt_joint_pose_deepsets,0,vis_a,view_budget_exhausted,10,0.1740724136723408,0.9425908755136683,7.466411072230146,0.979505069703742,0.17771466330949182,0.9623134220211452,7.62263647546859,1,10,9,0.18125645672903798,9,0.46472352949773765,9,0.7541622589527058,9,241.20809299984103,6250262528,0,4496722944
03001627/1196ffab55e431e11b17743c18fb63dc,vggt_independent_history,0,vis_a,view_budget_exhausted,10,0.17519391481933527,0.8541542549534757,6.711726083607578,0.9231381996374447,0.18978080951274826,0.9252723538999232,7.2705539498241505,1,10,9,0.4544021447741627,9,0.3594886075166214,9,0.5721158266335871,9,1.5880820001257234,6250303488,0,3649390592
03001627/1196ffab55e431e11b17743c18fb63dc,vggt_joint_pose_deepsets,0,vis_a,view_budget_exhausted,10,0.17519391481933527,0.8495990229291909,6.792211489795638,0.9231381996374447,0.18978080951274826,0.9203378467740413,7.357740685482657,1,10,9,0.45089912721420844,9,0.373921463059685,9,0.5708715192604638,9,243.79617100021278,6250303488,0,4496722944
03001627/11a06e6f68b1d99c8687ff9b0b4e4ac,vggt_independent_history,0,vis_a,view_budget_exhausted,10,0.236054123557915,0.9671354660312046,7.683067836574136,0.985632552121388,0.23949505629643933,0.9812332840972309,7.7950629979070625,1,10,9,0.27321614623203677,9,0.37602895478443,9,0.7218569223886259,9,1.6236019996540563,6250340352,0,3649390592
03001627/11a06e6f68b1d99c8687ff9b0b4e4ac,vggt_joint_pose_deepsets,0,vis_a,view_budget_exhausted,10,0.236054123557915,0.9658838865410995,7.699587682716597,0.985632552121388,0.23949505629643933,0.9799634604825264,7.811823651871772,1,10,9,0.3125177461190864,9,0.483921855295494,9,0.7736376789862464,9,241.88222700013284,6250340352,0,4496722944
03001627/11b7c86fc42306ec7e7e25239e7b8f85,vggt_independent_history,0,vis_a,view_budget_exhausted,10,0.17183760071191923,1.0,8.185259001922157,1.0,0.17183760071191923,1.0,8.185259001922157,1,10,9,0.21355891078920808,9,0.49793603478364357,8,0.6571052799442271,9,1.6090869999061397,6250377216,0,3649390592
03001627/11b7c86fc42306ec7e7e25239e7b8f85,vggt_joint_pose_deepsets,0,vis_a,view_budget_exhausted,10,0.17183760071191923,1.0,8.154131446449293,1.0,0.17183760071191923,1.0,8.154131446449293,1,10,9,0.31508030845397067,9,0.3168934726349359,8,0.5137363971948526,9,242.74202400010836,6250385408,0,4496722944
03001627/11c7675a3dbc0d32f7287e3d21227e43,vggt_independent_history,0,vis_a,view_budget_exhausted,10,0.3240002686804989,0.9665838974473082,7.618743586315587,0.9923739644729375,0.32649009373455257,0.974011745623207,7.677290879312819,1,10,9,0.2820850846270782,9,0.4803500206510305,9,0.793494498036367,9,1.583095999649231,6250409984,0,3649390592
03001627/11c7675a3dbc0d32f7287e3d21227e43,vggt_joint_pose_deepsets,0,vis_a,view_budget_exhausted,10,0.3240002686804989,0.9582498109737676,7.736275761905892,0.9923739644729375,0.32649009373455257,0.9656136147049226,7.7957262472264945,1,10,9,0.4167671572304148,9,0.1984630408512846,9,0.6336533928196528,9,241.20667899978798,6250409984,0,4496722944
03001627/11c8f43ef796e23941e621b1a4bf507f,vggt_independent_history,0,vis_a,view_budget_exhausted,10,0.2935947819890424,0.9451267454552363,7.603525033682188,0.9677257175281284,0.30338635903877237,0.9766473375011497,7.857107541901386,1,10,9,0.3516804370340297,9,0.4866519087325398,9,0.7292741335449899,9,1.6110880001178884,6250442752,0,3649390592
03001627/11c8f43ef796e23941e621b1a4bf507f,vggt_joint_pose_deepsets,0,vis_a,view_budget_exhausted,10,0.2935947819890424,0.9439032934102095,7.602572682619753,0.9677257175281284,0.30338635903877237,0.9753830825342032,7.856123429311233,1,10,9,0.4938891154642247,9,0.20278805013266304,9,0.5165632270507977,9,241.8462659998113,6250442752,0,4496722944
03001627/11c9c57efad0b5ec297936c81e7f6629,vggt_independent_history,0,vis_a,view_budget_exhausted,10,0.22027881821983286,0.9902733314580281,8.09826837982152,0.996373049700267,0.2210806668105867,0.9938780778503856,8.127747315383202,1,10,9,0.32673806404479916,9,0.5834390092906788,9,0.7391896327267762,9,1.6319710002790089,6250471424,0,3649390592
03001627/11c9c57efad0b5ec297936c81e7f6629,vggt_joint_pose_deepsets,0,vis_a,view_budget_exhausted,10,0.22027881821983286,0.9881588794444957,7.935134929750851,0.996373049700267,0.2210806668105867,0.9917559289081109,7.964020034602432,1,10,9,0.4103053328895143,9,0.3852694284215448,9,0.6010284465715543,9,246.28463099998044,6250475520,0,4496722944
03001627/11d3fc4092e616a7a6fee8e2140acec9,vggt_independent_history,0,vis_a,view_budget_exhausted,10,0.29719387491811766,0.9766606400836075,7.907734925561296,0.998040817678927,0.2977772748907008,0.9785778525120427,7.923258032624113,1,10,9,0.3277669387117796,9,0.3244370507055021,9,0.7339985346204996,9,1.7548880000504141,6250512384,0,3649390592
03001627/11d3fc4092e616a7a6fee8e2140acec9,vggt_joint_pose_deepsets,0,vis_a,view_budget_exhausted,10,0.29719387491811766,0.9770365472711796,7.901447053461096,0.998040817678927,0.2977772748907008,0.9789544976160438,7.916957817253339,1,10,9,0.33760937434975996,9,0.4294224218541823,9,0.7899487243334281,9,242.52544099999795,6250516480,0,4496722944
03001627/11d4f2a09184ec972b9f810ad7f5cbd2,vggt_independent_history,0,vis_a,view_budget_exhausted,10,0.23724602409276,0.9721832142086532,7.233385108667368,0.9983846089117364,0.23762988929823742,0.973756211314552,7.245088760484736,1,10,9,0.5527689405976756,9,0.17420810791564967,9,0.5612413221915623,9,1.584571999956097,6250549248,0,3649390592
03001627/11d4f2a09184ec972b9f810ad7f5cbd2,vggt_joint_pose_deepsets,0,vis_a,view_budget_exhausted,10,0.23724602409276,0.9860388957943553,7.58743408997301,0.9983846089117364,0.23762988929823742,0.9876343114595504,7.599710594741138,1,10,9,0.31377151637301415,9,0.36752653358362547,9,0.7321309752946034,9,243.64069100010965,6250557440,0,4496722944
03001627/11d8814ed60b54002449009b96f8a6ed,vggt_independent_history,0,vis_a,view_budget_exhausted,10,0.331556334861775,0.98758562596325,8.19427042515726,0.9977918737574275,0.33229007329275906,0.9897711656482594,8.212404450940001,1,10,9,0.4732079529411037,9,0.5388399736249947,9,0.7426121290933961,9,1.5915059998405923,6250573824,0,3649390592
03001627/11d8814ed60b54002449009b96f8a6ed,vggt_joint_pose_deepsets,0,vis_a,view_budget_exhausted,10,0.331556334861775,0.9819282055667212,8.23364272105105,0.9977918737574275,0.33229007329275906,0.9841012253076709,8.251863878230706,1,10,9,0.5375768182399722,9,0.3185758829206126,9,0.5529560848236422,9,241.83401400023286,6250590208,0,4496722944
03001627/11d9817e65d7ead6b87028a4b477349f,vggt_independent_history,0,vis_a,view_budget_exhausted,10,0.30469140877029566,0.9698091687703698,7.637574146124978,0.9944220477587667,0.30640049610425535,0.9752490614584929,7.680415134940522,1,10,9,0.37221472767920577,9,0.5227771027495867,9,0.7328254522350853,9,1.6755319998082996,6250610688,0,3649390592
03001627/11d9817e65d7ead6b87028a4b477349f,vggt_joint_pose_deepsets,0,vis_a,view_budget_exhausted,10,0.30469140877029566,0.9715484980114567,7.660702136797851,0.9944220477587667,0.30640049610425535,0.9769981470152813,7.7036728560711,1,10,9,0.28614950584692544,9,0.4307547335099127,9,0.7521529773852946,9,243.25977299986334,6250614784,0,4496722944
03001627/11dac7c4d7e4b32af9aec59741c69cf7,vggt_independent_history,0,vis_a,view_budget_exhausted,10,0.1645811659887041,0.7681658962549403,5.996296518061589,0.8761377968437869,0.18784849435967033,0.8767637910636815,6.8440107705234805,1,10,9,0.5357003172180327,9,0.3449088125951929,9,0.5882671653449483,9,1.6355619995920279,6250627072,0,3649390592
03001627/11dac7c4d7e4b32af9aec59741c69cf7,vggt_joint_pose_deepsets,0,vis_a,view_budget_exhausted,10,0.1645811659887041,0.7763024256685086,6.022692376252379,0.8761377968437869,0.18784849435967033,0.8860506058123199,6.874138289603101,1,10,9,0.39310991423124375,9,0.44157428590893816,9,0.7054329193744372,9,243.65995299967835,6250631168,0,4496722944
03001627/11dba3a8d7b7210f5ff61a3a2a0e2484,vggt_independent_history,0,vis_a,view_budget_exhausted,10,0.1902540993195208,0.8131674966084297,6.330518928923391,0.9411225566834069,0.2021565607671671,0.8640399604001615,6.726561683137908,1,10,9,0.6064008089303042,9,0.09502589524077984,9,0.4543857581160277,9,1.5971359998729895,6250655744,0,3649390592
03001627/11dba3a8d7b7210f5ff61a3a2a0e2484,vggt_joint_pose_deepsets,0,vis_a,view_budget_exhausted,10,0.1902540993195208,0.8133334827816754,6.272633809296563,0.9411225566834069,0.2021565607671671,0.8642163308123538,6.665055220227469,1,10,9,0.5627633861744306,9,0.3908956233218693,9,0.5198327936137793,9,241.97072499964634,6250672128,0,4496722944
03001627/11e0f0dfd3d0b22130ddb6ead95f49cc,vggt_independent_history,0,vis_a,view_budget_exhausted,10,0.36890398938676133,0.9805047630287318,8.142179178513276,0.9980545990958116,0.3696230544110214,0.9824159559176631,8.158049856079709,1,10,9,0.5502634520435662,9,0.4436434894458846,9,0.6287830011233351,9,1.6035769999689364,6250684416,0,3649390592
03001627/11e0f0dfd3d0b22130ddb6ead95f49cc,vggt_joint_pose_deepsets,0,vis_a,view_budget_exhausted,10,0.36890398938676133,0.9894774396009676,8.208543580287454,0.9980545990958116,0.3696230544110214,0.9914061219670601,8.224543614872363,1,10,9,0.28898212587986805,9,0.5062195084794648,9,0.7874482983948754,9,241.52857299986863,6250700800,0,4496722944
03001627/11e28120789c20abc8687ff9b0b4e4ac,vggt_independent_history,0,vis_a,view_budget_exhausted,10,0.1999300355532802,0.9584170532066701,7.442877174882483,0.9800434504668228,0.20400119551643123,0.9779332260729344,7.5944359113233455,1,10,9,0.3176970187514897,9,0.33595264879054443,9,0.6943862723272061,9,1.5822979999029485,6250737664,0,3649390592
03001627/11e28120789c20abc8687ff9b0b4e4ac,vggt_joint_pose_deepsets,0,vis_a,view_budget_exhausted,10,0.1999300355532802,0.9565614120365825,7.414759208515678,0.9800434504668228,0.20400119551643123,0.9760397986241782,7.565745380966339,1,10,9,0.47829045666841313,9,0.2636225501101667,9,0.5489586529382421,9,241.58718499984388,6250737664,0,4496722944
03001627/11e521e41ff6a64922e4620665c23c97,vggt_independent_history,0,vis_a,view_budget_exhausted,10,0.2977860271996323,0.9471550506878696,7.361474607414262,0.9915552824056367,0.30032216305395126,0.9552216275727495,7.424169623255303,1,10,9,0.4637563629317516,9,0.3200567820284756,9,0.5930188369249374,9,1.5713710004092718,6250754048,0,3649390592
03001627/11e521e41ff6a64922e4620665c23c97,vggt_joint_pose_deepsets,0,vis_a,view_budget_exhausted,10,0.2977860271996323,0.9474270101909458,7.388556322295963,0.9915552824056367,0.30032216305395126,0.9554959032565181,7.451481983304456,1,10,9,0.46034014587800015,9,0.2911678743982558,9,0.6345263919445869,9,242.01995099974738,6250754048,0,4496722944
03001627/11e55ca087c74082feec1f13d2353f3,vggt_independent_history,0,vis_a,view_budget_exhausted,10,0.2979419559088152,0.9007182247936396,7.224216818871708,0.9737301557708087,0.3059800029228459,0.925018311752528,7.419115836207198,1,10,9,0.5847688220758641,9,0.08785802343345238,9,0.46106223015743886,9,1.5829839999241813,6250782720,0,3649390592
03001627/11e55ca087c74082feec1f13d2353f3,vggt_joint_pose_deepsets,0,vis_a,view_budget_exhausted,10,0.2979419559088152,0.9304192661302545,7.518162782108817,0.9737301557708087,0.3059800029228459,0.9555206446222577,7.720992040302386,1,10,9,0.4061085629166365,9,0.3910732094085943,9,0.6928247351857494,9,243.91113399997266,6250795008,0,4496722944
03001627/11e6e58798ae5be83e5b5dbd84cdd0f8,vggt_independent_history,0,vis_a,view_budget_exhausted,10,0.22449850326528253,0.9090632205375393,7.1650947675064565,0.9711751548673928,0.23116170357131535,0.9360445600172561,7.37775748442082,1,10,9,0.4514971843512374,9,0.21759665135960837,9,0.5607160841200458,9,1.6925819995776692,6250811392,0,3649390592
03001627/11e6e58798ae5be83e5b5dbd84cdd0f8,vggt_joint_pose_deepsets,0,vis_a,view_budget_exhausted,10,0.22449850326528253,0.9144358438623547,7.243952427103628,0.9711751548673928,0.23116170357131535,0.9415766448300611,7.458955669116907,1,10,9,0.47826883202837717,9,0.4129920293841873,9,0.5638706010136956,9,243.66794099978506,6250823680,0,4496722944
03001627/11f1511799d033ff7962150cab9888d6,vggt_independent_history,0,vis_a,view_budget_exhausted,10,0.2501429773779272,0.9481784638710306,7.271863144777976,0.9894633512545408,0.25280671291237905,0.9582754759626366,7.3493001388661625,1,10,9,0.3298108761282634,9,0.5025446045197065,9,0.8026071465128581,9,1.5665989999433805,6250864640,0,3649390592
03001627/11f1511799d033ff7962150cab9888d6,vggt_joint_pose_deepsets,0,vis_a,view_budget_exhausted,10,0.2501429773779272,0.9475464942872548,7.32706133627995,0.9894633512545408,0.25280671291237905,0.9576367766283213,7.405086127737796,1,10,9,0.22945517785902142,9,0.3158878134923078,9,0.8090470949183275,9,242.10977600023398,6250864640,0,4496722944
03001627/11fa9b044482814ef91663a74ccd2338,vggt_independent_history,0,vis_a,view_budget_exhausted,10,0.31796917420319715,0.855610235883733,6.772380137933242,0.9153735238760382,0.34736549169217307,0.9347115833771935,7.398488115820107,1,10,9,0.33210859634380785,9,0.3502541415389804,9,0.7551019986851364,9,1.5735070001028362,6250893312,0,3649390592
03001627/11fa9b044482814ef91663a74ccd2338,vggt_joint_pose_deepsets,0,vis_a,view_budget_exhausted,10,0.31796917420319715,0.8521137459626997,6.878454819950042,0.9153735238760382,0.34736549169217307,0.930891842222536,7.514369424651981,1,10,9,0.4280577265712739,9,0.11134501993905377,9,0.6637781135809063,9,242.17534400031582,6250901504,0,4496722944
03001627/11ff2e9f9b0993b7f51f77a6d7299806,vggt_independent_history,0,vis_a,view_budget_exhausted,10,0.21665007606633874,0.8872132573380936,7.336868865669315,0.9926222741426818,0.21826034102796787,0.8938075242210045,7.391400592945688,1,10,9,0.7510779675557713,9,0.26213600799729453,9,0.2893997828618937,9,1.5836279999348335,6250938368,0,3649390592
03001627/11ff2e9f9b0993b7f51f77a6d7299806,vggt_joint_pose_deepsets,0,vis_a,view_budget_exhausted,10,0.21665007606633874,0.9331792096692205,7.478972233064298,0.9926222741426818,0.21826034102796787,0.9401151213085545,7.534560152323615,1,10,9,0.6595520303270627,9,0.19896363694491248,9,0.3971629136260041,9,242.15965600023992,6250938368,0,4496722944
03001627/120735afde493c277ff6ace05b36a5,vggt_independent_history,0,vis_a,view_budget_exhausted,10,0.2433152249915045,0.9718456558914224,7.94228134894476,0.9964654815823563,0.24417827761090877,0.9752928464196889,7.970453062089679,1,10,9,0.4149751567822197,9,0.45036166221068746,9,0.713750297541974,9,1.5971610000633518,6250962944,0,3649390592
03001627/120735afde493c277ff6ace05b36a5,vggt_joint_pose_deepsets,0,vis_a,view_budget_exhausted,10,0.2433152249915045,0.9742495491477099,7.932617424635054,0.9964654815823563,0.24417827761090877,0.9777052664188948,7.960754859303609,1,10,9,0.35371106414087555,9,0.5237114030794305,9,0.7767681519974343,9,246.891893999873,6250979328,0,4496722944
03001627/122a480cfcdd742650c626aa72455dae,vggt_independent_history,0,vis_a,view_budget_exhausted,10,0.27780020077922785,0.9469428774048431,7.498237645899874,0.9887017950834434,0.28097471063636775,0.9577638900968356,7.5839223547349235,1,10,9,0.2965332847161319,9,0.45820279340651,9,0.7553682022463077,9,1.6318379998665478,6251003904,0,3649390592
03001627/122a480cfcdd742650c626aa72455dae,vggt_joint_pose_deepsets,0,vis_a,view_budget_exhausted,10,0.27780020077922785,0.9480081915735424,7.50360697600244,0.9887017950834434,0.28097471063636775,0.9588413779440276,7.589353041853392,1,10,9,0.3306415181406301,9,0.35673933739981567,9,0.7574044325298419,9,245.54232099990259,6251012096,0,4496722944
03001627/1230d31e3a6cbf309cd431573238602d,vggt_independent_history,0,vis_a,view_budget_exhausted,10,0.15196650723355498,0.8274032091645716,6.50337618143621,0.8683303466488315,0.17501001527822105,0.9528668580544133,7.489518483990395,1,10,9,0.5386524070299755,9,0.4859188553068564,9,0.556421034322361,9,1.6133019998960663,6251044864,0,3649390592
03001627/1230d31e3a6cbf309cd431573238602d,vggt_joint_pose_deepsets,0,vis_a,view_budget_exhausted,10,0.15196650723355498,0.8262354363521864,6.448304744253834,0.8683303466488315,0.17501001527822105,0.951522009498916,7.426096265251967,1,10,9,0.5774282769091286,9,0.4312012852179234,9,0.46207786808847473,9,241.7783790001522,6251065344,0,4496722944
03001627/123305d8ccc0dc6346918a1d9c256af3,vggt_independent_history,0,vis_a,view_budget_exhausted,10,0.3159895541769241,0.9738156759889305,7.907633683837918,0.9987822548055288,0.31637481809130646,0.9750029811838622,7.917274907309602,1,10,9,0.5110052968505675,9,0.2937299798220565,9,0.6216474628079235,9,1.6044139997575257,6251098112,0,3649390592
03001627/123305d8ccc0dc6346918a1d9c256af3,vggt_joint_pose_deepsets,0,vis_a,view_budget_exhausted,10,0.3159895541769241,0.9833281760649266,8.067317418215577,0.9987822548055288,0.31637481809130646,0.9845270791844302,8.077153332871687,1,10,9,0.2556441398974631,9,0.42651646428140133,9,0.8379113332059287,9,243.26230099995882,6251098112,0,4496722944
03001627/123b44b99e48eccb6960dc525de2f934,vggt_independent_history,0,vis_a,view_budget_exhausted,10,0.26595275259105644,0.9914912793678934,8.063880566709948,0.9977369283458017,0.2665559878915105,0.9937401846113251,8.082171099028539,1,10,9,0.4899249346597299,9,0.3645191357874417,9,0.6386435191221981,9,1.5858769997976196,6251130880,0,3649390592
03001627/123b44b99e48eccb6960dc525de2f934,vggt_joint_pose_deepsets,0,vis_a,view_budget_exhausted,10,0.26595275259105644,0.9896997825128994,8.09563218932378,0.9977369283458017,0.2665559878915105,0.9919446242746296,8.113994740824053,1,10,9,0.38774985467028933,9,0.4714435502986306,9,0.712948327219027,9,241.9094789997871,6251134976,0,4496722944
03001627/124117cdec71699850c2ec40da48fd9d,vggt_independent_history,0,vis_a,view_budget_exhausted,10,0.20061596834584405,0.8491635567009339,6.599498617913962,0.9051084180410005,0.22164854988317692,0.9381898784444491,7.291390165387911,1,10,9,0.49984978199346003,9,0.278369005671742,9,0.5670988454446736,9,1.5709049998804403,6251155456,0,3649390592
03001627/124117cdec71699850c2ec40da48fd9d,vggt_joint_pose_deepsets,0,vis_a,view_budget_exhausted,10,0.20061596834584405,0.8541457974848979,6.6894791381117376,0.9051084180410005,0.22164854988317692,0.9436944574370382,7.390804244855352,1,10,9,0.3454253250234827,9,0.4074518585113684,9,0.7150364841919276,9,243.0371179998474,6251155456,0,4496722944
03001627/124ef426dfa0aa38ff6069724068a578,vggt_independent_history,0,vis_a,view_budget_exhausted,10,0.2663385055663821,0.9518102498613807,7.7507440651703705,0.9770519654678774,0.27259400214075774,0.9741654318310395,7.932785910172954,1,10,9,0.38170213226302,9,0.5599947052384666,9,0.711990987340813,9,1.5654280000489962,6251180032,0,3649390592
03001627/124ef426dfa0aa38ff6069724068a578,vggt_joint_pose_deepsets,0,vis_a,view_budget_exhausted,10,0.2663385055663821,0.9507607575613828,7.722802304760229,0.9770519654678774,0.27259400214075774,0.9730912900892588,7.904187881206541,1,10,9,0.3356154808654293,9,0.41962024087162414,9,0.6752943932888897,9,245.29884000003221,6251180032,0,4496722944
03001627/126e65c55961e5c166f17d3ad78f5a62,vggt_independent_history,0,vis_a,view_budget_exhausted,10,0.3449406864628083,0.988353551475404,7.7547242309760405,0.9985217248872282,0.345451358608913,0.9898167729771001,7.766204818279591,1,10,9,0.21092228433192192,9,0.28425317247347903,9,0.7618757009178432,9,1.592109000284836,6251208704,0,3649390592
03001627/126e65c55961e5c166f17d3ad78f5a62,vggt_joint_pose_deepsets,0,vis_a,view_budget_exhausted,10,0.3449406864628083,0.9697184901947637,7.6801500746876314,0.9985217248872282,0.345451358608913,0.9711541231657053,7.691520257663916,1,10,9,0.4464980884166476,9,0.22862915544976736,9,0.565240141952404,9,242.4544089999472,6251208704,0,4496722944
03001627/128517f2992b6fb92057e1ae1c4cc928,vggt_independent_history,0,vis_a,view_budget_exhausted,10,0.25141755938729327,0.9901535115249398,7.9298180337427,0.9993909393043959,0.2515707812623226,0.9907569426375972,7.934650717628154,1,10,9,0.3165357870939785,9,0.3283740463108956,9,0.7225169481821109,9,1.5781899996909488,6251253760,0,3649390592
03001627/128517f2992b6fb92057e1ae1c4cc928,vggt_joint_pose_deepsets,0,vis_a,view_budget_exhausted,10,0.25141755938729327,0.9824756870580427,7.998972622738058,0.9993909393043959,0.2515707812623226,0.9830744390597269,8.00384745163446,1,10,9,0.4835869222574285,9,0.28778207914011894,9,0.6761706221499593,9,241.38588400001026,6251253760,0,4496722944
03001627/12a56b6d02a93c5c711beb49b60c734f,vggt_independent_history,0,vis_a,view_budget_exhausted,10,0.16398580663025514,0.8119884944812528,6.516550835553522,0.8759692842617768,0.18720497348083864,0.9269600076965668,7.439245819041869,1,10,9,0.31956248831180883,9,0.3893522556033961,9,0.7211523436043609,9,1.604977000170038,6251290624,0,3649390592
03001627/12a56b6d02a93c5c711beb49b60c734f,vggt_joint_pose_deepsets,0,vis_a,view_budget_exhausted,10,0.16398580663025514,0.807165557384045,6.450722054242832,0.8759692842617768,0.18720497348083864,0.9214541786865095,7.3640961733940005,1,10,9,0.4578923475592273,9,0.3523407712551655,9,0.6273967350853211,9,241.50277199987613,6251290624,0,4496722944
03001627/12c2b7080b07146a9d4d5dcd2cc33826,vggt_independent_history,0,vis_a,view_budget_exhausted,10,0.18880924061673549,0.9936114397058121,7.946186911359818,0.9991797017373766,0.18896424766078956,0.9944271665828656,7.952710505971013,1,10,9,0.3289302391443777,9,0.3632105625852184,9,0.7049206027131394,9,1.552663999973447,6251315200,0,3649390592
03001627/12c2b7080b07146a9d4d5dcd2cc33826,vggt_joint_pose_deepsets,0,vis_a,view_budget_exhausted,10,0.18880924061673549,0.9933511169129279,7.914369823945821,0.9991797017373766,0.18896424766078956,0.9941666300723344,7.920867297628536,1,10,9,0.3540970104674273,9,0.5118570891077249,9,0.7588289138604551,9,241.5138979999938,6251319296,0,4496722944
03001627/12d7ca3c06faaadf17b431cae0dd70ed,vggt_independent_history,0,vis_a,view_budget_exhausted,10,0.33021370215158136,0.9730855797998647,7.9991840810111725,0.9992196125451958,0.33047159804086157,0.9738455566551952,8.005431419261061,1,10,9,0.5920010745133979,9,0.14941206455527936,9,0.3875338887186903,9,1.6234549998443981,6251335680,0,3649390592
03001627/12d7ca3c06faaadf17b431cae0dd70ed,vggt_joint_pose_deepsets,0,vis_a,view_budget_exhausted,10,0.33021370215158136,0.9846931867878205,8.100649485595726,0.9992196125451958,0.33047159804086157,0.9854622291486315,8.106976068015603,1,10,9,0.5436345304859679,9,0.3091144248545914,9,0.45975141085388127,9,245.40224700012914,6251335680,0,4496722944
03001627/12f395270a3316d01666e1246e760f82,vggt_independent_history,0,vis_a,view_budget_exhausted,10,0.3137969057673513,0.9848118262784432,7.970439705127609,0.995760276968969,0.3151329823303749,0.9890049332718391,8.004376042584388,1,10,9,0.37342033010283743,9,0.48198058374533925,9,0.7025580355773562,9,1.5967860003911483,6251368448,0,3649390592
03001627/12f395270a3316d01666e1246e760f82,vggt_joint_pose_deepsets,0,vis_a,view_budget_exhausted,10,0.3137969057673513,0.9825980330711875,8.028439098050864,0.995760276968969,0.3151329823303749,0.9867817142316156,8.06262238386223,1,10,9,0.41757688200079035,9,0.2615175798939393,9,0.6285394963997513,9,242.61355099997672,6251376640,0,4496722944
03001627/12f4d8c20ef311d988dcbe86402c7c15,vggt_independent_history,0,vis_a,view_budget_exhausted,10,0.1557285745793488,0.8164382188609198,6.403647266635869,0.8837779147535743,0.1762078141800714,0.9238047310659139,7.245765208357139,1,10,9,0.6102544767879343,9,0.4854483633188242,9,0.47265555885491534,9,1.5975080000316666,6251397120,0,3649390592
03001627/12f4d8c20ef311d988dcbe86402c7c15,vggt_joint_pose_deepsets,0,vis_a,view_budget_exhausted,10,0.1557285745793488,0.8262953922798296,6.447540677146828,0.8837779147535743,0.1762078141800714,0.9349581817851008,7.295430865054611,1,10,9,0.5607237934225794,9,0.5225165286757034,9,0.5258381822227602,9,242.7482510001937,6251409408,0,4496722944
03001627/13076ebf8b5cc457b8d6f69a14683de3,vggt_independent_history,0,vis_a,view_budget_exhausted,10,0.2615958960920227,0.98321304624177,7.926542820197955,0.996573438668409,0.2624953525166787,0.9865936699612516,7.953796993414915,1,10,9,0.4558064563075084,9,0.4455767923344728,9,0.6354702849844984,9,1.6005330003281415,6251442176,0,3649390592
03001627/13076ebf8b5cc457b8d6f69a14683de3,vggt_joint_pose_deepsets,0,vis_a,view_budget_exhausted,10,0.2615958960920227,0.9881980466391602,8.026824587210227,0.996573438668409,0.2624953525166787,0.9915958104999871,8.054423563541313,1,10,9,0.23683375757576844,9,0.3749793822101573,9,0.7994973356160243,9,242.29326699969533,6251446272,0,4496722944
03001627/131abb0b13d6c5b97f0b1e4f6d35b0ba,vggt_independent_history,0,vis_a,view_budget_exhausted,10,0.19513379677882736,0.9993897680616985,7.88999825623291,0.9999647119400172,0.19514068291495115,0.9994250358323112,7.890276688789983,1,10,9,0.5188980512157095,9,0.46936111626449833,9,0.5031485577323216,9,1.9569380001485115,6251454464,0,3649390592
03001627/131abb0b13d6c5b97f0b1e4f6d35b0ba,vggt_joint_pose_deepsets,0,vis_a,view_budget_exhausted,10,0.19513379677882736,0.9993559727477828,7.947887972630665,0.9999647119400172,0.19514068291495115,0.9993912393257823,7.948168448075613,1,10,9,0.4832971164156693,9,0.29953457928802796,9,0.5132571259113362,9,242.34388400009266,6251454464,0,4496722944
03001627/131edf0948b60ee6372c8cd7d07d8ddc,vggt_independent_history,0,vis_a,view_budget_exhausted,10,0.2645047796984736,0.9681624177449031,7.597923677409836,0.9935776231145614,0.2662145096115713,0.9744205135276804,7.6470358235249645,1,10,9,0.3595997717119699,9,0.5451860118569976,9,0.7693573787043456,9,1.6466150000269408,6251495424,0,3649390592
03001627/131edf0948b60ee6372c8cd7d07d8ddc,vggt_joint_pose_deepsets,0,vis_a,view_budget_exhausted,10,0.2645047796984736,0.9673671644970144,7.705426419890577,0.9935776231145614,0.2662145096115713,0.9736201198499366,7.7552334519535835,1,10,9,0.3878578922093334,9,0.49014130246803916,9,0.7686931219370903,9,243.46384599994053,6251511808,0,4496722944
03001627/13990109140043c919fb4103277a6b93,vggt_independent_history,0,vis_a,view_budget_exhausted,10,0.2303441166113232,0.9949259698933677,8.2149963406713,0.9983087521893258,0.23073434556811262,0.9966114868886609,8.228913472566004,1,10,9,0.4138780738003104,9,0.3246109877393726,9,0.5841725450041967,9,1.6023049997784256,6251511808,0,3649390592
03001627/13990109140043c919fb4103277a6b93,vggt_joint_pose_deepsets,0,vis_a,view_budget_exhausted,10,0.2303441166113232,0.9949384655692035,8.148005669932097,0.9983087521893258,0.23073434556811262,0.9966240037335833,8.161809312062264,1,10,9,0.34082099009628286,9,0.39996044281415527,9,0.6303723772013088,9,241.8194560000302,6251520000,0,4496722944
03001627/13b6648bdc843b767b5f4d129cc2873d,vggt_independent_history,0,vis_a,view_budget_exhausted,10,0.29377457974318344,0.976497304004011,8.026360966349335,0.9925452390151803,0.29598104770989725,0.983831532931343,8.086644971783072,1,10,9,0.3226970273962706,9,0.5036739623358851,9,0.7982443001608791,9,1.6016620002119453,6251548672,0,3649390592
03001627/13b6648bdc843b767b5f4d129cc2873d,vggt_joint_pose_deepsets,0,vis_a,view_budget_exhausted,10,0.29377457974318344,0.9785960451437099,8.055914498748265,0.9925452390151803,0.29598104770989725,0.9859460371949282,8.116420473429983,1,10,9,0.22252028596492027,9,0.49943309359102384,9,0.821878815740845,9,241.47870600017995,6251565056,0,4496722944
03211117/26c4051b7dfbccf4afaac116abdd44e,vggt_independent_history,0,vis_a,view_budget_exhausted,10,0.8337317212090557,0.9824025968663832,8.60591343983654,0.9995178121198355,0.8341339304807676,0.9828765280158906,8.610065108879468,1,10,9,0.660771554226963,9,0.3342739007114546,9,0.4831316238419235,9,1.5819929999452143,6251597824,0,3649390592
03211117/26c4051b7dfbccf4afaac116abdd44e,vggt_joint_pose_deepsets,0,vis_a,view_budget_exhausted,10,0.8337317212090557,0.9881609994166183,8.596277397938792,0.9995178121198355,0.8341339304807676,0.9886377085375487,8.600424418357594,1,10,9,0.5684754590631393,9,0.39772772989578514,9,0.5590635825728099,9,241.97044299990011,6251606016,0,4496722944
03211117/27107e057772be0d6b07917e9ad0834a,vggt_independent_history,0,vis_a,view_budget_exhausted,10,0.4600019532571741,0.9718190151910402,8.295927239379873,0.9916370006399237,0.46388139305040593,0.980014878996957,8.36589118198125,1,10,9,0.399009339684275,9,0.3986490203577526,9,0.7206843412925623,9,1.5751060000184225,6251646976,0,3649390592
03211117/27107e057772be0d6b07917e9ad0834a,vggt_joint_pose_deepsets,0,vis_a,view_budget_exhausted,10,0.4600019532571741,0.9727416715702892,8.260378233372709,0.9916370006399237,0.46388139305040593,0.9809453166254981,8.33004237240252,1,10,9,0.3942239752248381,9,0.2872691417632607,9,0.6408105601488036,9,241.3149419999172,6251655168,0,4496722944
03211117/2711433532f6d1fdd7426bda0fe4ebcb,vggt_independent_history,0,vis_a,view_budget_exhausted,10,0.48624897398915795,0.9784887074164471,8.317769776994943,0.9949443996799391,0.488719745691898,0.983460691603686,8.360034771461262,1,10,9,0.5020853028325467,9,0.18782443843222754,9,0.5720844026420802,9,1.604857000074844,6251675648,0,3649390592
03211117/2711433532f6d1fdd7426bda0fe4ebcb,vggt_joint_pose_deepsets,0,vis_a,view_budget_exhausted,10,0.48624897398915795,0.9811600870071564,8.334422832053995,0.9949443996799391,0.488719745691898,0.9861456452468933,8.376772445510596,1,10,9,0.3348604846689145,9,0.3409558680285204,9,0.7218524339582842,9,242.97458699993513,6251679744,0,4496722944
03211117/274acc511daf0161bbf0c65ae96423ae,vggt_independent_history,0,vis_a,view_budget_exhausted,10,0.3539922167242905,0.9282415059289981,7.537648266763274,0.9655778579681127,0.36661177946769025,0.961332634410567,7.806359895850261,1,10,9,0.6004296559785406,9,0.19725137135533866,9,0.45464902320136336,9,1.575881999997364,6251696128,0,3649390592
03211117/274acc511daf0161bbf0c65ae96423ae,vggt_joint_pose_deepsets,0,vis_a,view_budget_exhausted,10,0.3539922167242905,0.9338855311166596,7.792202574130416,0.9655778579681127,0.36661177946769025,0.967177864954211,8.069988877466312,1,10,9,0.5444759906549969,9,0.32828039293874856,9,0.5406832241276716,9,241.22663800017108,6251708416,0,4496722944
03211117/2772ad703e5d4b73cf6f327fca156fb,vggt_independent_history,0,vis_a,view_budget_exhausted,10,0.3374962317741537,0.9982839468753019,8.33142432191274,0.9999865172355796,0.33750078221769203,0.9982974066840576,8.331536654058706,1,10,9,0.45834942842586834,9,0.3441476349083478,9,0.5703470848476562,9,1.576555999690754,6251732992,0,3649390592
03211117/2772ad703e5d4b73cf6f327fca156fb,vggt_joint_pose_deepsets,0,vis_a,view_budget_exhausted,10,0.3374962317741537,0.9995587436311619,8.394059948143274,0.9999865172355796,0.33750078221769203,0.9995722206279338,8.394173124802021,1,10,9,0.35064012160919966,9,0.3247027869647855,9,0.6950479577465272,9,241.4842830003181,6251741184,0,4496722944
03211117/27e65dc223cc8bc0ec059109909662d2,vggt_independent_history,0,vis_a,view_budget_exhausted,10,0.36027625992814233,0.921457836376582,7.511168431385766,0.9777811030180434,0.36846310367024343,0.9423968550142637,7.681850680281719,1,10,9,0.4342587792987691,9,0.2132332168594525,9,0.6039015797156267,9,1.5769040001032408,6251778048,0,3649390592
03211117/27e65dc223cc8bc0ec059109909662d2,vggt_joint_pose_deepsets,0,vis_a,view_budget_exhausted,10,0.36027625992814233,0.9300081448292243,7.60602196885977,0.9777811030180434,0.36846310367024343,0.951141458920241,7.778859650061587,1,10,9,0.32708896880116844,9,0.4113018856072757,9,0.7389493842974264,9,241.6097370000898,6251786240,0,4496722944
03211117/2809c09ef575f34214618fe9321a9ffc,vggt_independent_history,0,vis_a,view_budget_exhausted,10,0.41649423478113223,0.9694420806135509,7.943394230115552,0.9958264867064188,0.4182397639960741,0.9735050167422928,7.976685031131691,1,10,9,0.5054533888753511,9,0.30400799882534296,9,0.6747818194942687,9,1.6000310001800244,6251814912,0,3649390592
03211117/2809c09ef575f34214618fe9321a9ffc,vggt_joint_pose_deepsets,0,vis_a,view_budget_exhausted,10,0.41649423478113223,0.9732501771048121,8.074989782148077,0.9958264867064188,0.4182397639960741,0.9773290729831104,8.108832100715832,1,10,9,0.3572511589239135,9,0.271698539921436,9,0.725512780911422,9,241.3287809999929,6251814912,0,4496722944
03211117/286a7629b62426b5427c20e7fc0367ac,vggt_independent_history,0,vis_a,view_budget_exhausted,10,0.4786100224847855,0.9608596919523709,8.269550078079204,0.9805799698256976,0.4880887201579903,0.9798891691854239,8.433325514031408,1,10,9,0.36307389403304263,9,0.2788674972517689,9,0.6851266996104928,9,1.6512840002178564,6251843584,0,3649390592
03211117/286a7629b62426b5427c20e7fc0367ac,vggt_joint_pose_deepsets,0,vis_a,view_budget_exhausted,10,0.4786100224847855,0.9633312532006995,8.269681890716146,0.9805799698256976,0.4880887201579903,0.9824096788066513,8.433459937169753,1,10,9,0.2963476619288442,9,0.45898748441125037,9,0.7418991765869225,9,244.65250000002925,6251859968,0,4496722944
03211117/288a8917e51c57deb0957d845ac33749,vggt_independent_history,0,vis_a,view_budget_exhausted,10,0.4231143602289713,0.9543419254464001,8.025879224469147,0.9782556112301234,0.4325192264391096,0.9755547675789432,8.204276195642645,1,10,9,0.4673511778657432,9,0.41591521730207714,9,0.6645837677694075,9,1.6163910004252102,6251876352,0,3649390592
03211117/288a8917e51c57deb0957d845ac33749,vggt_joint_pose_deepsets,0,vis_a,view_budget_exhausted,10,0.4231143602289713,0.9491301943986956,7.876349675700873,0.9782556112301234,0.4325192264391096,0.9702271916490174,8.051422946398059,1,10,9,0.43602064485271286,9,0.39782890436899815,9,0.6915070102128553,9,241.90508099991348,6251876352,0,4496722944
03211117/28b6e44e37586fd797e8123bbbc761d8,vggt_independent_history,0,vis_a,view_budget_exhausted,10,0.4756522112786395,0.9736709055751575,8.321062634662656,0.9952447562879009,0.4779248604662274,0.9783230702031425,8.360820373170164,1,10,9,0.5247109474219327,9,0.4786381376618847,9,0.6240844448433562,9,1.6111420000015642,6251909120,0,3649390592
03211117/28b6e44e37586fd797e8123bbbc761d8,vggt_joint_pose_deepsets,0,vis_a,view_budget_exhausted,10,0.4756522112786395,0.9778147357293387,8.375061983558751,0.9952447562879009,0.4779248604662274,0.9824866994290196,8.415077729016481,1,10,9,0.3102770822245685,9,0.4373296042605108,9,0.6779718118466841,9,243.71148399995946,6251917312,0,4496722944
03691459/21e46ca2f8bbd4df71187cb9cc8e1a,vggt_independent_history,0,vis_a,view_budget_exhausted,10,0.3039343163803528,0.9945981070360566,8.311168820896782,0.9995203055725739,0.3040801819491245,0.9950754391790994,8.315157555639393,1,10,9,0.40637688334340094,9,0.44275098674761454,9,0.6671617172941788,9,1.6295959999297338,6251978752,0,3649390592
03691459/21e46ca2f8bbd4df71187cb9cc8e1a,vggt_joint_pose_deepsets,0,vis_a,view_budget_exhausted,10,0.3039343163803528,0.9955893219533436,8.340522021403455,0.9995203055725739,0.3040801819491245,0.9960671298048533,8.344524843470387,1,10,9,0.3014018405246343,9,0.41674467351829914,9,0.6818751630489799,9,242.4225669997213,6251982848,0,4496722944
03691459/221a981adf503875e17b9e33c097dbff,vggt_independent_history,0,vis_a,view_budget_exhausted,10,0.20701055661907683,0.746448209305205,5.752930517321805,0.8744462950048748,0.2367332994622875,0.8536238458201069,6.578940925456989,1,10,9,0.43078732948612736,9,0.2350490487255189,9,0.6576242112401653,9,1.6015779997360369,6252011520,0,3649390592
03691459/221a981adf503875e17b9e33c097dbff,vggt_joint_pose_deepsets,0,vis_a,view_budget_exhausted,10,0.20701055661907683,0.7601298325782679,5.987527045283518,0.8744462950048748,0.2367332994622875,0.8692698876081697,6.847221012298004,1,10,9,0.320799842423332,9,0.3258945064773797,9,0.6881001476333268,9,241.81631199962794,6252015616,0,4496722944
03691459/22654d0b3683df91650c44f51c50faee,vggt_independent_history,0,vis_a,view_budget_exhausted,10,0.17686700199741953,0.8459811298268958,6.075030744828693,0.9351108266157884,0.1891401499836226,0.9046854188273519,6.496589037274356,1,10,9,0.49776585694721714,9,0.5642105165693531,9,0.5194983505704102,9,1.603108999916003,6252040192,0,3649390592
03691459/22654d0b3683df91650c44f51c50faee,vggt_joint_pose_deepsets,0,vis_a,view_budget_exhausted,10,0.17686700199741953,0.7973217450309358,6.043005584841556,0.9351108266157884,0.1891401499836226,0.8526494639319726,6.462341588655847,1,10,9,0.6279283515828757,9,0.467517274827214,9,0.452511375840603,9,242.45634199996857,6252040192,0,4496722944
03691459/22e37482f8499fa53a081cb8ab2c8e61,vggt_independent_history,0,vis_a,view_budget_exhausted,10,0.27705548865787377,0.9388093430413946,7.87605623944341,0.9661067755798871,0.2867752257420786,0.9717449114026679,8.152366217197843,1,10,9,0.4647467426889599,9,0.40678313082721795,9,0.6336507525469598,9,1.5964350000103877,6252077056,0,3649390592
03691459/22e37482f8499fa53a081cb8ab2c8e61,vggt_joint_pose_deepsets,0,vis_a,view_budget_exhausted,10,0.27705548865787377,0.9364858148972509,7.712377004810596,0.9661067755798871,0.2867752257420786,0.9693398686031812,7.982944742501562,1,10,9,0.5317418240386748,9,0.3922378712785599,9,0.5703378366481092,9,241.55027999995582,6252081152,0,4496722944
03691459/2325005b09d12b2585d624cfcd9a37a7,vggt_independent_history,0,vis_a,view_budget_exhausted,10,0.2388236797977174,0.9991351392911733,8.301081766202957,0.9998186123700336,0.238867007318052,0.9993164029250864,8.302587752918047,1,10,9,0.41498610790391566,9,0.504859277111961,9,0.6710062965186551,9,1.582705000146234,6252097536,0,3649390592
03691459/2325005b09d12b2585d624cfcd9a37a7,vggt_joint_pose_deepsets,0,vis_a,view_budget_exhausted,10,0.2388236797977174,0.9986923892879848,8.315310876519055,0.9998186123700336,0.238867007318052,0.9988735725979544,8.316819444686987,1,10,9,0.4358094554655247,9,0.4966917566045569,9,0.5840112272851992,9,241.46615700010443,6252101632,4096,4496722944
03691459/2336a8ba5ba8a9f0ce029fab54b6cfbd,vggt_independent_history,0,vis_a,view_budget_exhausted,10,0.10478161065000714,0.8561003501405822,6.584061037706956,0.9557806328984554,0.1096293511747056,0.8957079905923732,6.888673834853132,1,10,9,0.4615900945934556,9,0.38023400524038325,9,0.6390540641318156,9,1.662696000039432,6252122112,0,3649390592
03691459/2336a8ba5ba8a9f0ce029fab54b6cfbd,vggt_joint_pose_deepsets,0,vis_a,view_budget_exhausted,10,0.10478161065000714,0.859185075763936,6.672961294914859,0.9557806328984554,0.1096293511747056,0.89893543161511,6.981687078842297,1,10,9,0.41137209385618456,9,0.38485720130234,9,0.6452802315073133,9,241.7752430001201,6252134400,0,4496722944
03691459/23a1ad8f7fdbb6a54821f0e819875cf6,vggt_independent_history,0,vis_a,view_budget_exhausted,10,0.22050422508345846,0.9632056726473902,7.427056893777476,0.9904274499251029,0.22263541372983273,0.9725151223547255,7.498839914361337,1,10,9,0.2908813110140016,9,0.3588253583849017,9,0.7168351629629252,9,1.5740579997327586,6252154880,0,3649390592
03691459/23a1ad8f7fdbb6a54821f0e819875cf6,vggt_joint_pose_deepsets,0,vis_a,view_budget_exhausted,10,0.22050422508345846,0.9472635057441218,7.375994578799646,0.9904274499251029,0.22263541372983273,0.9564188733013759,7.447284078563681,1,10,9,0.4455567547166587,9,0.3736067744003672,9,0.638325034128209,9,241.80506800030344,6252154880,0,4496722944
03691459/240521f502e491cd4eddc7a5aaee958e,vggt_independent_history,0,vis_a,view_budget_exhausted,10,0.16281963963551402,0.79267434990614,6.281792270396811,0.937888242464676,0.1736023891371539,0.8451693005800687,6.697804691408534,1,10,9,0.7227796216074716,9,0.41141928802798045,9,0.41023172379034656,9,1.5937540001687012,6252187648,0,3649390592
03691459/240521f502e491cd4eddc7a5aaee958e,vggt_joint_pose_deepsets,0,vis_a,view_budget_exhausted,10,0.16281963963551402,0.8098267995162219,6.404842163837534,0.937888242464676,0.1736023891371539,0.8634576731531238,6.829003578300815,1,10,9,0.7183747927436858,9,0.2507723248705258,9,0.36180079763027023,9,242.07756900023014,6248345600,0,4496722944
03691459/244f40cd50620b32dfdc04b8b8434e84,vggt_independent_history,0,vis_a,view_budget_exhausted,10,0.16592908697527278,0.8349745040042559,6.422152584828245,0.9719201521049672,0.17072296177407842,0.8590978406980071,6.607695674299235,1,10,9,0.5286259295376179,9,0.3443277404186933,9,0.5377109840736554,9,1.6370640000786807,6248374272,0,3649390592
03691459/244f40cd50620b32dfdc04b8b8434e84,vggt_joint_pose_deepsets,0,vis_a,view_budget_exhausted,10,0.16592908697527278,0.8151031024652043,6.31490868847945,0.9719201521049672,0.17072296177407842,0.8386523323956898,6.497353383199982,1,10,9,0.6019754397141136,9,0.3392246568684173,9,0.5314673392357818,9,241.64916700010508,6248378368,0,4496722944
03691459/245ed4407d4cead6b9c1ae865c9193ec,vggt_independent_history,0,vis_a,view_budget_exhausted,10,0.21886366439413063,0.8179819342149398,6.466544484283338,0.9308985173403329,0.23511012244325546,0.8787015114730157,6.946562234043386,1,10,9,0.31246142372016017,9,0.419732270192862,9,0.7120185366258884,9,1.563961000101699,6248407040,0,3649390592
03691459/245ed4407d4cead6b9c1ae865c9193ec,vggt_joint_pose_deepsets,0,vis_a,view_budget_exhausted,10,0.21886366439413063,0.8165002393829215,6.394707115022051,0.9308985173403329,0.23511012244325546,0.8771098290238356,6.86939230851108,1,10,9,0.3176918074766733,9,0.5360652183989187,9,0.796844425476794,9,241.31361500030835,6248419328,0,4496722944
04090263/18e5827d2cfafd05d735fa1ab17311ec,vggt_independent_history,0,vis_a,view_budget_exhausted,10,0.056926851115357086,0.8879549892083434,6.521787522457784,0.9498258259556387,0.05993398953758901,0.934860860742499,6.866298372015821,1,10,9,0.3601743588792307,9,0.461376366873841,9,0.71580659375077,9,1.5679179996368475,6248460288,0,3649390592
04090263/18e5827d2cfafd05d735fa1ab17311ec,vggt_joint_pose_deepsets,0,vis_a,view_budget_exhausted,10,0.056926851115357086,0.8938916390080025,6.626302630148552,0.9498258259556387,0.05993398953758901,0.9411111117226575,6.9763344489835255,1,10,9,0.19124926791902772,9,0.6862987592964198,9,0.9152324377272806,9,241.56123499960813,6248460288,0,4496722944
04090263/18fdbd5f5448e1eb9556d0a8c8dea494,vggt_independent_history,0,vis_a,view_budget_exhausted,10,0.015420145149924258,0.6924888176939791,4.556416645204996,0.8669947531401799,0.01778574217903145,0.7987231931748658,5.255414324829589,1,10,9,0.47471516371545025,9,-0.0027701150871023627,9,0.54984545666496,9,1.5821740003048035,6248493056,0,3649390592
04090263/18fdbd5f5448e1eb9556d0a8c8dea494,vggt_joint_pose_deepsets,0,vis_a,view_budget_exhausted,10,0.015420145149924258,0.7075561250639666,4.825283544767199,0.8669947531401799,0.01778574217903145,0.8161019689003417,5.565527965758085,1,10,9,0.40265732564685774,9,0.132899046790688,9,0.660607611314119,9,241.2786340000821,6248501248,0,4496722944
04090263/19035d7059eaa5b1a27aa199c0989017,vggt_independent_history,0,vis_a,view_budget_exhausted,10,0.050739985341689865,0.7407420961833068,5.28653449415439,0.865277579600607,0.058640124900855885,0.856074528737029,6.109639980033387,1,10,9,0.17258446989647297,9,0.5668402364072406,9,0.8599707360559307,9,1.6008359998522792,6248525824,0,3649390592
04090263/19035d7059eaa5b1a27aa199c0989017,vggt_joint_pose_deepsets,0,vis_a,view_budget_exhausted,10,0.050739985341689865,0.7376933132267784,5.389611195466779,0.865277579600607,0.058640124900855885,0.8525510548502613,6.22876556902642,1,10,9,0.23231679150087162,9,0.7157179626481819,9,0.8783042891921827,9,245.71183499983817,6248529920,4096,4496722944
04090263/190ce4466c6f4c04fa9286f039319ff7,vggt_independent_history,0,vis_a,view_budget_exhausted,10,0.09827599295911543,0.7731928609318046,5.870698113755144,0.8592269252620464,0.1143772268648859,0.8998703813849838,6.832535086077177,1,10,9,0.5542220967141466,9,0.4434788108721823,9,0.656867128622337,9,1.6604910001660755,6248558592,0,3649390592
04090263/190ce4466c6f4c04fa9286f039319ff7,vggt_joint_pose_deepsets,0,vis_a,view_budget_exhausted,10,0.09827599295911543,0.7894540316860867,6.004169485286031,0.8592269252620464,0.1143772268648859,0.918795731925323,6.987873993188568,1,10,9,0.3391946280154038,9,0.3984915754510251,9,0.7691453085716253,9,244.3762540001444,6248570880,0,4496722944
04090263/191f8debadb867fbc24d00518a3dd6ec,vggt_independent_history,0,vis_a,view_budget_exhausted,10,0.04091349832261296,0.7692353298483955,5.747912670807327,0.8474995693328826,0.04827553877675526,0.907652767840232,6.782201288116113,1,10,9,0.2981550878923061,9,0.3417311595323029,9,0.7682745574594955,9,1.5812940000614617,6248587264,0,3649390592
04090263/191f8debadb867fbc24d00518a3dd6ec,vggt_joint_pose_deepsets,0,vis_a,view_budget_exhausted,10,0.04091349832261296,0.7752744397361887,5.839740552565976,0.8474995693328826,0.04827553877675526,0.9147785648392168,6.890552826077285,1,10,9,0.1251748609784119,9,0.7015907963384316,9,0.9052806663592248,9,241.9067979999454,6248587264,0,4496722944
04090263/192309e06577f893bb4594cb67b6eaa3,vggt_independent_history,0,vis_a,view_budget_exhausted,10,0.032595391597746784,0.828662855719158,6.317669587115994,0.8870530772821703,0.03674570601526501,0.9341750532652304,7.122087447656023,1,10,9,0.41907034795454723,9,0.5544864808498473,9,0.7218346927511329,9,1.5830250004000845,6248587264,0,3649390592
04090263/192309e06577f893bb4594cb67b6eaa3,vggt_joint_pose_deepsets,0,vis_a,view_budget_exhausted,10,0.032595391597746784,0.8362026865885906,6.390777377135562,0.8870530772821703,0.03674570601526501,0.9426749176617711,7.204503925194845,1,10,9,0.225073779397424,9,0.5513109815398654,9,0.8004674114919913,9,241.22016399996937,6248587264,0,4496722944
04090263/193520be26b57b77a5f9d279e263a051,vggt_independent_history,0,vis_a,view_budget_exhausted,10,0.026185846995137693,0.7680379576252983,5.510677027121512,0.9020968257121926,0.02902775649882632,0.8513919301500071,6.108742288025359,1,10,9,0.5117571074925783,9,0.27836164315433026,9,0.6228757833521958,9,1.5910309998616867,6248587264,0,3649390592
04090263/193520be26b57b77a5f9d279e263a051,vggt_joint_pose_deepsets,0,vis_a,view_budget_exhausted,10,0.026185846995137693,0.8073697503131543,5.793482111242808,0.9020968257121926,0.02902775649882632,0.894992341510289,6.422239770846036,1,10,9,0.2391693158385724,9,0.4707152700204385,9,0.8078703703288004,9,242.09531199994672,6248587264,0,4496722944
04090263/1939215162425a252bf06c32262648ff,vggt_independent_history,0,vis_a,view_budget_exhausted,10,0.05519751027600203,0.916686926494251,6.873327690614513,0.9620559044145531,0.0573745351207961,0.952841640790188,7.144416097936833,1,10,9,0.3152762751000767,9,0.6763879442895916,9,0.825083926127632,9,1.5959799998199742,6248587264,0,3649390592
04090263/1939215162425a252bf06c32262648ff,vggt_joint_pose_deepsets,0,vis_a,view_budget_exhausted,10,0.05519751027600203,0.9251767593060372,7.033368767824242,0.9620559044145531,0.0573745351207961,0.9616663179974366,7.310769296826164,1,10,9,0.14765607890127067,9,0.6393464898126789,9,0.8837811960923733,9,244.30022700016707,6248587264,0,4496722944
04090263/193e079f24ac1ded1153b2cafc57da88,vggt_independent_history,0,vis_a,view_budget_exhausted,10,0.025848063667767353,0.8379594579182488,6.070774277245414,0.8889882677337256,0.029075820914556207,0.9425990064575731,6.828857587425174,1,10,9,0.3507099716808315,9,0.41209073503262617,9,0.74580787555751,9,1.664903000346385,6248587264,0,3649390592
04090263/193e079f24ac1ded1153b2cafc57da88,vggt_joint_pose_deepsets,0,vis_a,view_budget_exhausted,10,0.025848063667767353,0.8463377856529337,6.128490544957563,0.8889882677337256,0.029075820914556207,0.9520235714814104,6.893781130071337,1,10,9,0.2324037035846553,9,0.5061869223117499,9,0.8102891477638122,9,242.85294599985718,6248587264,0,4496722944
04090263/194a4d0bcc1443fffcfd5149a4a15414,vggt_independent_history,0,vis_a,view_budget_exhausted,10,0.05608334067108679,0.859630963786163,6.165954263612285,0.960655897227737,0.05838025960485146,0.8948375440851276,6.418483747828968,1,10,9,0.33897741617686145,9,0.6033256168235381,9,0.7888311029636544,9,1.6027379997467506,6248587264,0,3649390592
04090263/194a4d0bcc1443fffcfd5149a4a15414,vggt_joint_pose_deepsets,0,vis_a,view_budget_exhausted,10,0.05608334067108679,0.8712613690832371,6.355678642226362,0.960655897227737,0.05838025960485146,0.9069442779641755,6.615978375365824,1,10,9,0.2704283743442264,9,0.6481905174620253,9,0.8054043766104334,9,242.0684630001233,6248587264,0,4496722944
04256520/165a78e3a2b705ef22c3a2386a9dfbe9,vggt_independent_history,0,vis_a,view_budget_exhausted,10,0.22761690652256755,0.9287847299016687,7.330395287217389,0.9895563171829997,0.23001915360464936,0.938587035193377,7.407759578641314,1,10,9,0.5546989033905335,9,0.15741973075144378,9,0.4988328971966719,9,1.6848919999574719,6248587264,0,3649390592
04256520/165a78e3a2b705ef22c3a2386a9dfbe9,vggt_joint_pose_deepsets,0,vis_a,view_budget_exhausted,10,0.22761690652256755,0.9307438857199584,7.440874689679955,0.9895563171829997,0.23001915360464936,0.9405668677549707,7.519404970160891,1,10,9,0.57688788645477,9,0.37098166327478893,9,0.5216527969874746,9,242.47959399963293,6248587264,0,4496722944
04256520/1662f76e3762fc92413102507b68bcb5,vggt_independent_history,0,vis_a,view_budget_exhausted,10,0.24923802380442775,0.8224499915687093,6.595162785927183,0.878071101751019,0.2838472001952984,0.9366553459379406,7.510966677727281,1,10,9,0.2088685488859579,9,0.5635596815959861,9,0.8324123800012974,9,1.6611189998911868,6248587264,0,3649390592
04256520/1662f76e3762fc92413102507b68bcb5,vggt_joint_pose_deepsets,0,vis_a,view_budget_exhausted,10,0.24923802380442775,0.8233929014760881,6.66488575801329,0.878071101751019,0.2838472001952984,0.9377291882560609,7.5903713773547565,1,10,9,0.16090489090913107,9,0.45213717537485704,9,0.8338430693500261,9,242.61550000028365,6248587264,0,4496722944
04256520/16632d002fc0eec9917b96045c9b6dea,vggt_independent_history,0,vis_a,view_budget_exhausted,10,0.1456716631437041,0.8672075823431667,6.670814877003595,0.9320917726256939,0.15628467863561157,0.9303886246096251,7.1568219706649385,1,10,9,0.48419367268483804,9,0.5206703979036215,9,0.6210495072216178,9,1.6134829998009081,6248587264,0,3649390592
04256520/16632d002fc0eec9917b96045c9b6dea,vggt_joint_pose_deepsets,0,vis_a,view_budget_exhausted,10,0.1456716631437041,0.870479275219476,6.866507265692015,0.9320917726256939,0.15628467863561157,0.9338986790617666,7.366771671365715,1,10,9,0.4233933801681299,9,0.2937165670960946,9,0.6099068320918294,9,242.4445800002104,6248587264,0,4496722944
04256520/1667fb24efa940b9527e7f2c027f7469,vggt_independent_history,0,vis_a,view_budget_exhausted,10,0.2672189260322755,0.9996296088709375,8.189699420447894,0.999997316404131,0.2672196431418059,0.9996322914800254,8.189721398350407,1,10,9,0.3621488673723834,9,0.22765181565276726,9,0.618327420203232,9,1.7195119999087183,6248587264,0,3649390592
04256520/1667fb24efa940b9527e7f2c027f7469,vggt_joint_pose_deepsets,0,vis_a,view_budget_exhausted,10,0.2672189260322755,0.9996803533010905,8.214569487648063,0.999997316404131,0.2672196431418059,0.9996830360463563,8.214591532291966,1,10,9,0.31725585778090815,9,0.4619753024642715,9,0.7298788813134112,9,250.8784450001258,6248587264,0,4496722944
04256520/167088246175f31c593ebeeedbff73b,vggt_independent_history,0,vis_a,view_budget_exhausted,10,0.25688663927726907,0.9571201553526032,7.785834405284527,0.9819776104827223,0.261601320167563,0.9746863320866352,7.928729048574899,1,10,9,0.27852247387089357,9,0.39201374865025707,9,0.6461192159685392,9,1.6243360000771645,6248587264,0,3649390592
04256520/167088246175f31c593ebeeedbff73b,vggt_joint_pose_deepsets,0,vis_a,view_budget_exhausted,10,0.25688663927726907,0.9557189962252033,7.690380014149316,0.9819776104827223,0.261601320167563,0.973259457265415,7.831522767987414,1,10,9,0.3553348263126482,9,0.4309954198398894,9,0.7080996291548708,9,242.32113700008995,6248587264,0,4496722944
04256520/1670f9ce4de8a548d08f8c5dee475682,vggt_independent_history,0,vis_a,view_budget_exhausted,10,0.18134398262088522,0.9908940482216297,7.989223372938955,0.9976596217715825,0.18176939174792475,0.9932185553045247,8.007965039972435,1,10,9,0.4124030277176212,9,0.2617686282449546,9,0.5814789585726012,9,1.6760779999458464,6248587264,0,3649390592
04256520/1670f9ce4de8a548d08f8c5dee475682,vggt_joint_pose_deepsets,0,vis_a,view_budget_exhausted,10,0.18134398262088522,0.989300855696033,7.87758239288507,0.9976596217715825,0.18176939174792475,0.9916216253588508,7.896062164865953,1,10,9,0.48689358140649586,9,0.3347995910469377,9,0.5614295588745898,9,247.16026300029625,6248587264,0,4496722944
04256520/1685b0cf2d1a2849d0a2ef258a9c71d6,vggt_independent_history,0,vis_a,view_budget_exhausted,10,0.20640799955934783,0.9981700808072509,8.109096986832753,0.9999830361663085,0.20641150108972434,0.9981870138857475,8.109234550539034,1,10,9,0.5193286524352028,9,0.29748081626717765,9,0.6088181227147754,9,1.6477940002914693,6248587264,0,3649390592
04256520/1685b0cf2d1a2849d0a2ef258a9c71d6,vggt_joint_pose_deepsets,0,vis_a,view_budget_exhausted,10,0.20640799955934783,0.9991677934063348,8.197339105987819,0.9999830361663085,0.20641150108972434,0.9991847434101491,8.197478166644128,1,10,9,0.30258277241513043,9,0.27772440772336904,9,0.6649152950815453,9,242.9091359999802,6248587264,0,4496722944
04256520/16a5920c004800ca76e9713f57a5fcb6,vggt_independent_history,0,vis_a,view_budget_exhausted,10,0.16296724195971324,0.8253099632171967,6.589932147583156,0.9164539701603003,0.17782370666276676,0.9005470979331769,7.190685361350431,1,10,9,0.427723572463321,9,0.43139766333622975,9,0.63432932719875,9,1.6483079998579342,6248587264,0,3649390592
04256520/16a5920c004800ca76e9713f57a5fcb6,vggt_joint_pose_deepsets,0,vis_a,view_budget_exhausted,10,0.16296724195971324,0.8339384023724725,6.559886377923005,0.9164539701603003,0.17782370666276676,0.9099621252408403,7.157900550941574,1,10,9,0.3802617202590274,9,0.44246897110255967,9,0.656233321136273,9,244.86087600007522,6248587264,0,4496722944
04256520/16bb3ec52397cdf9cf01bc59d215f0,vggt_independent_history,0,vis_a,view_budget_exhausted,10,0.14819083671351843,0.9198617136379226,7.287097078907821,0.9549068296147936,0.15518879132249808,0.9632999630016176,7.631212651235737,1,10,9,0.47398509586467696,9,0.3836719221039815,9,0.5845358033689448,9,1.8060820002574474,6248587264,0,3649390592
04256520/16bb3ec52397cdf9cf01bc59d215f0,vggt_joint_pose_deepsets,0,vis_a,view_budget_exhausted,10,0.14819083671351843,0.9223522729021529,7.335530349324037,0.9549068296147936,0.15518879132249808,0.9659081329161998,7.681933065954892,1,10,9,0.3854103778893566,9,0.3896516931306169,9,0.6600929525080966,9,247.06384599994635,6248587264,0,4496722944
04256520/16ca439cd60eae5f23500a5b036df62e,vggt_independent_history,0,vis_a,view_budget_exhausted,10,0.24042822634196762,0.9199413574011273,7.414508653645788,0.9756820162530804,0.24642068044390744,0.9428700561008448,7.599308514591451,1,10,9,0.29300691108901733,9,0.43482575348640595,9,0.7671426573972222,9,1.703863000329875,6248587264,0,3649390592
04256520/16ca439cd60eae5f23500a5b036df62e,vggt_joint_pose_deepsets,0,vis_a,view_budget_exhausted,10,0.24042822634196762,0.920186973969681,7.385295004506936,0.9756820162530804,0.24642068044390744,0.9431217944381947,7.569366741911206,1,10,9,0.2890037832637835,9,0.552570413586474,9,0.805403171868653,9,242.82047099995907,6248587264,0,4496722944
04379243/1270e7980d2d69d293a790c6eb6d2ee5,vggt_independent_history,0,vis_a,view_budget_exhausted,10,0.2271519792146372,0.9974610832397575,8.210287360865163,0.9995997843367528,0.2272429253927415,0.9978604426186283,8.213574562056147,1,10,9,0.3381606546422667,9,0.533309092045203,9,0.7511529774397869,9,1.6291769998133532,6248587264,0,3649390592
04379243/1270e7980d2d69d293a790c6eb6d2ee5,vggt_joint_pose_deepsets,0,vis_a,view_budget_exhausted,10,0.2271519792146372,0.9972084182519583,8.187696708851,0.9995997843367528,0.2272429253927415,0.9976076764698572,8.190974865289354,1,10,9,0.319926073280252,9,0.4046013880410754,9,0.7630481086911294,9,243.16258099997867,6248611840,0,4496722944
04379243/127d935d17cb36c8b0a3f25f5d8cb0f8,vggt_independent_history,0,vis_a,view_budget_exhausted,10,0.2486314074139669,0.9774849239872163,7.903754488673556,0.9948363477966562,0.24992191727275626,0.9825585144251419,7.944778562000307,1,10,9,0.17180741832301247,9,0.42009221667634333,9,0.8468314142057478,9,1.6234790000453359,6248615936,0,3649390592
04379243/127d935d17cb36c8b0a3f25f5d8cb0f8,vggt_joint_pose_deepsets,0,vis_a,view_budget_exhausted,10,0.2486314074139669,0.9784602292094797,7.932944645102588,0.9948363477966562,0.24992191727275626,0.9835388819242019,7.974120228590678,1,10,9,0.17642364295988106,9,0.4418464005570098,9,0.828983054845343,9,243.09777200005556,6248632320,0,4496722944
04379243/127e202f77eee5725d02cdadf545c773,vggt_independent_history,0,vis_a,view_budget_exhausted,10,0.30142858012923135,0.9646974219688902,7.371271120827268,0.9984367125462721,0.3019005374517033,0.9662078826294979,7.3828125791054084,1,10,9,0.38848469266307484,9,0.5627504512952992,9,0.661825560451627,9,1.8282510000062757,6248636416,0,3649390592
04379243/127e202f77eee5725d02cdadf545c773,vggt_joint_pose_deepsets,0,vis_a,view_budget_exhausted,10,0.30142858012923135,0.9364960877952853,7.193545822871878,0.9984367125462721,0.3019005374517033,0.9379623926357613,7.2048090104043485,1,10,9,0.5324057028019822,9,0.22607350882741406,9,0.5535484953484942,9,245.13907200025642,6248656896,0,4496722944
04379243/128011ffc7787d50f0920fefbe028677,vggt_independent_history,0,vis_a,view_budget_exhausted,10,0.23586644251076613,0.9765580707070576,7.669935894938252,0.9958649509594362,0.23684581155660483,0.9806129533590092,7.701783145946529,1,10,9,0.2604485219057817,9,0.5184270661349427,9,0.7252623659882184,9,1.646273000005749,6248669184,0,3649390592
04379243/128011ffc7787d50f0920fefbe028677,vggt_joint_pose_deepsets,0,vis_a,view_budget_exhausted,10,0.23586644251076613,0.9683092778605986,7.577567870102307,0.9958649509594362,0.23684581155660483,0.9723299097209015,7.609031588873497,1,10,9,0.45343044070867833,9,0.14105742509442112,9,0.569409985348111,9,242.2492069999862,6248681472,0,4496722944
04379243/12936ff9bc1103944b3c42e318f3affc,vggt_independent_history,0,vis_a,view_budget_exhausted,10,0.20523858997482874,0.960731803411591,7.684651430396035,0.9936172813366193,0.20655698509866968,0.9669032749905572,7.734015475313191,1,10,9,0.39233568086095016,9,0.19161366252475062,9,0.6828047124805539,9,1.6149809998751152,6248693760,0,3649390592
04379243/12936ff9bc1103944b3c42e318f3affc,vggt_joint_pose_deepsets,0,vis_a,view_budget_exhausted,10,0.20523858997482874,0.9671490648907225,7.620339856064843,0.9936172813366193,0.20655698509866968,0.9733617591571156,7.66929078147063,1,10,9,0.3790379559143246,9,0.5028763462607021,9,0.7620047483504695,9,241.60312699996211,6248714240,0,4496722944
04379243/1299579419252fa954b02959579aa6bb,vggt_independent_history,0,vis_a,view_budget_exhausted,10,0.21732553630594117,0.9858220077060608,7.9915591858886605,0.9986791083994692,0.2176129794626799,0.9871258940081226,8.00212913104422,1,10,9,0.4020023489741513,9,0.10495727984141279,9,0.6396751364026394,9,1.669375999881595,6248730624,0,3649390592
04379243/1299579419252fa954b02959579aa6bb,vggt_joint_pose_deepsets,0,vis_a,view_budget_exhausted,10,0.21732553630594117,0.9889885084926069,8.058740467891399,0.9986791083994692,0.2176129794626799,0.9902965829310348,8.069399269607954,1,10,9,0.2653305931910303,9,0.49159426481061747,9,0.811182508094386,9,242.50415400001657,6248763392,0,4496722944
04379243/12a2733fc5f6b31ef8574543281e850f,vggt_independent_history,0,vis_a,view_budget_exhausted,10,0.20838351229882374,0.792846813313749,6.2681316808346565,0.8983315323543837,0.23196726909127166,0.8825770717808645,6.977526063687071,1,10,9,0.2832414794983906,9,0.6180451686666348,9,0.8289311000596353,9,1.596131000042078,6248771584,0,3649390592
04379243/12a2733fc5f6b31ef8574543281e850f,vggt_joint_pose_deepsets,0,vis_a,view_budget_exhausted,10,0.20838351229882374,0.796464904941225,6.295990968980305,0.8983315323543837,0.23196726909127166,0.8866046401085549,7.008538320456721,1,10,9,0.2553606666402296,9,0.5925349797572964,9,0.8430534105072596,9,242.82279399994877,6248787968,0,4496722944
04379243/12a5cc49c75b93af5b4aea6c98f52b6e,vggt_independent_history,0,vis_a,view_budget_exhausted,10,0.19128274857037458,0.9705273237989586,7.817886513146742,0.9940842557027045,0.19242106237278592,0.9763028820056164,7.864410353849117,1,10,9,0.5149235206129661,9,0.42264472129244146,9,0.6394123857360466,9,1.6934080003920826,6248796160,0,3649390592
04379243/12a5cc49c75b93af5b4aea6c98f52b6e,vggt_joint_pose_deepsets,0,vis_a,view_budget_exhausted,10,0.19128274857037458,0.9818445365078979,7.78072213908106,0.9940842557027045,0.19242106237278592,0.9876874428655401,7.8270248165040845,1,10,9,0.13356671170882226,9,0.5392168437223129,9,0.8226632185664796,9,242.08330900000874,6248808448,0,4496722944
04379243/12a73c63681d65587a0f32fa630f6a0e,vggt_independent_history,0,vis_a,view_budget_exhausted,10,0.22478044548229256,0.9839654974681086,7.868174899631897,0.9988388563461852,0.22504175128363893,0.9851093509392653,7.877321601618675,1,10,9,0.24097662069578352,9,0.4748743513458453,9,0.7578559526034536,9,1.5985760001058225,6248812544,0,3649390592
04379243/12a73c63681d65587a0f32fa630f6a0e,vggt_joint_pose_deepsets,0,vis_a,view_budget_exhausted,10,0.22478044548229256,0.9831918135213563,7.753895035156945,0.9988388563461852,0.22504175128363893,0.9843347675899727,7.762908887546863,1,10,9,0.22126466985405777,9,0.4278927592461297,9,0.8014259260867331,9,244.76337100031742,6248828928,0,4496722944
04379243/12b1fb7c765dfe8eb76e29c9c43bc7aa,vggt_independent_history,0,vis_a,view_budget_exhausted,10,0.30259982448979256,0.9984902421619934,8.2734370625362,0.9999925779613595,0.30260207041405185,0.9984976530501568,8.273498468761527,1,10,9,0.3518606682656822,9,0.40692232675927237,9,0.7408363791913632,9,1.6006209998522536,6248828928,0,3649390592
04379243/12b1fb7c765dfe8eb76e29c9c43bc7aa,vggt_joint_pose_deepsets,0,vis_a,view_budget_exhausted,10,0.30259982448979256,0.9973833751416327,8.309832829879193,0.9999925779613595,0.30260207041405185,0.9973907778145252,8.309894506237315,1,10,9,0.4961217352354098,9,0.24651725284777337,9,0.5552474097848022,9,242.3652449997462,6248853504,0,4496722944
04401088/257ef557fee9c083324b3288c1587efe,vggt_independent_history,0,vis_a,view_budget_exhausted,10,0.46064974197892106,0.9824201758840483,8.38774692623632,0.9949001837288937,0.4630110130771131,0.9874560201626759,8.430742162293086,1,10,9,0.30199229883954737,9,0.5550691844365747,9,0.7291627093793532,9,1.5864050001255237,6248865792,0,3649390592
04401088/257ef557fee9c083324b3288c1587efe,vggt_joint_pose_deepsets,0,vis_a,view_budget_exhausted,10,0.46064974197892106,0.9803028975979465,8.398513903832566,0.9949001837288937,0.4630110130771131,0.9853278887976115,8.441564330961192,1,10,9,0.3218057573977026,9,0.4957447285086329,9,0.7512834448244022,9,242.40520299963464,6248890368,0,4496722944
04401088/25e03c305f41c5dd226bc3b9ce9ff2a1,vggt_independent_history,0,vis_a,view_budget_exhausted,10,0.4371706408082039,0.9685953997258592,8.342163876740356,0.9817140961917699,0.4453136025081646,0.9866369480515761,8.497549244837147,1,10,9,0.4236699019660273,9,0.3885770421535295,9,0.6756231104990605,9,1.7809910000323725,6248894464,0,3649390592
04401088/25e03c305f41c5dd226bc3b9ce9ff2a1,vggt_joint_pose_deepsets,0,vis_a,view_budget_exhausted,10,0.4371706408082039,0.9687858691391946,8.331529694808454,0.9817140961917699,0.4453136025081646,0.986830965244641,8.486716985248378,1,10,9,0.3878940804148627,9,0.40554736535932134,9,0.678619969164669,9,243.8653389999672,6248923136,0,4496722944
04401088/25eff75e43287223f1cb19f636b1c2bd,vggt_independent_history,0,vis_a,view_budget_exhausted,10,0.4229522237834391,0.9666640798164639,8.300160580972952,0.9812169917354312,0.4310486134523454,0.9851685080450673,8.459046929357447,1,10,9,0.4304041139968618,9,0.3853605188197283,9,0.6736046022282912,9,1.6324960001838917,6248927232,0,3649390592
04401088/25eff75e43287223f1cb19f636b1c2bd,vggt_joint_pose_deepsets,0,vis_a,view_budget_exhausted,10,0.4229522237834391,0.9694217434659185,8.319195872733854,0.9812169917354312,0.4310486134523454,0.9879789604451804,8.478446605393668,1,10,9,0.2563766755230219,9,0.497716350141152,9,0.708849748745587,9,242.48101200009842,6248939520,0,4496722944
04401088/2601fb1cdef9d37223d5a55215ee8f43,vggt_independent_history,0,vis_a,view_budget_exhausted,10,0.34946381257908965,0.8200995912948728,6.963502393621212,0.8324751081890366,0.41978890316529943,0.9851340697488415,8.364817548442488,1,10,9,0.31564201276864734,9,0.5378834550712024,9,0.7546653902810319,9,1.6351990002476668,6248939520,0,3649390592
04401088/2601fb1cdef9d37223d5a55215ee8f43,vggt_joint_pose_deepsets,0,vis_a,view_budget_exhausted,10,0.34946381257908965,0.8171387536401675,6.950421192679261,0.8324751081890366,0.41978890316529943,0.9815774016568114,8.349103924319353,1,10,9,0.4200609415676579,9,0.5167248887520398,9,0.6646994121294738,9,248.2819480001126,6248968192,0,4496722944
04401088/26175bc1827c3569c4b311ecb3af9fe6,vggt_independent_history,0,vis_a,view_budget_exhausted,10,0.44158137042758067,0.9927486466621949,8.536126838987618,0.9961912455439115,0.4432696757804584,0.9965442389730729,8.568763153832947,1,10,9,0.2537002604110657,9,0.5358852600992473,9,0.8076451732666684,9,1.8516009999984817,6248972288,0,3649390592
04401088/26175bc1827c3569c4b311ecb3af9fe6,vggt_joint_pose_deepsets,0,vis_a,view_budget_exhausted,10,0.44158137042758067,0.9933926387055219,8.55227699272144,0.9961912455439115,0.4432696757804584,0.9971906932018243,8.5849750547165,1,10,9,0.2990059604593191,9,0.5261316905338584,9,0.7225797383138512,9,242.02798099986467,6248992768,0,4496722944
04401088/267a2d6fbf29c04cbc17518d87dd1f7a,vggt_independent_history,0,vis_a,view_budget_exhausted,10,0.4541526265668833,0.996188432188502,8.581345102222977,0.9998939593046317,0.45420079033452726,0.9962940799055265,8.58225517052909,1,10,9,0.35518394141845483,9,0.5093635886041191,9,0.7301159705431102,9,2.084491000005073,6249000960,0,3649390592
04401088/267a2d6fbf29c04cbc17518d87dd1f7a,vggt_joint_pose_deepsets,0,vis_a,view_budget_exhausted,10,0.4541526265668833,0.9977054954416358,8.58696620798077,0.9998939593046317,0.45420079033452726,0.9978113040461632,8.587876872416059,1,10,9,0.1889929100698825,9,0.5073605331978519,9,0.8139693971469905,9,243.7851210002009,6249033728,0,4496722944
04401088/2682cb34e7db8735bdc7fd7cf135ade2,vggt_independent_history,0,vis_a,view_budget_exhausted,10,0.33689935104295443,0.9905921131306414,8.364270176385727,0.9939994828491214,0.3389331250729556,0.9965720608740023,8.414763106728229,1,10,9,0.3503952610794265,9,0.41395129966517835,9,0.6749827158584143,9,1.7387520001648227,6249033728,0,3649390592
04401088/2682cb34e7db8735bdc7fd7cf135ade2,vggt_joint_pose_deepsets,0,vis_a,view_budget_exhausted,10,0.33689935104295443,0.991066432374071,8.376082202970618,0.9939994828491214,0.3389331250729556,0.9970492434597216,8.426646439454958,1,10,9,0.41921002705845906,9,0.37734820294979154,9,0.6711044301507463,9,241.74700200001098,6249058304,0,4496722944
04401088/2703b7edaf11d79a6b203c09a4932f5,vggt_independent_history,0,vis_a,view_budget_exhausted,10,0.4482101435058695,0.9986677204617529,8.567352558569908,0.9996139733845271,0.448383231367109,0.9990533816573509,8.57066106185198,1,10,9,0.252182266474801,9,0.5562857417727731,9,0.7636463027399976,9,1.7055519997484225,6249066496,0,3649390592
04401088/2703b7edaf11d79a6b203c09a4932f5,vggt_joint_pose_deepsets,0,vis_a,view_budget_exhausted,10,0.4482101435058695,0.9987398017046725,8.580857330531911,0.9996139733845271,0.448383231367109,0.9991254907362941,8.584171049028607,1,10,9,0.13458554906828396,9,0.5580226977122739,9,0.7904312337476053,9,242.96357499997612,6249082880,0,4496722944
04401088/27085a2456319497f1cb19f636b1c2bd,vggt_independent_history,0,vis_a,view_budget_exhausted,10,0.33834972589341794,0.8461073919988222,7.111270074935029,0.8924503251621603,0.3791244356731441,0.9480722547163424,7.968253105451998,1,10,9,0.4109994532503887,9,0.45574700162843307,9,0.7160504090852897,9,1.770519000274362,6249082880,0,3649390592
04401088/27085a2456319497f1cb19f636b1c2bd,vggt_joint_pose_deepsets,0,vis_a,view_budget_exhausted,10,0.33834972589341794,0.849744768914293,7.124131741098227,0.8924503251621603,0.3791244356731441,0.9521479739053178,7.982664738010775,1,10,9,0.2815780384101423,9,0.6325113390078346,9,0.7838298212617681,9,244.58232500001031,6249103360,0,4496722944
04401088/271421566061988a93d9d97ff82834ba,vggt_independent_history,0,vis_a,view_budget_exhausted,10,0.34330347692308866,0.918518606885549,7.6132646692474815,0.9457791609593091,0.3629848183320872,0.9711766179685016,8.049727656850997,1,10,9,0.44560661606329977,9,0.47589746594436416,9,0.6651271021261179,9,1.7241299997294846,6249115648,0,3649390592
04401088/271421566061988a93d9d97ff82834ba,vggt_joint_pose_deepsets,0,vis_a,view_budget_exhausted,10,0.34330347692308866,0.9185502204236994,7.700806871867497,0.9457791609593091,0.3629848183320872,0.971210043888056,8.142288590981984,1,10,9,0.46101912833956366,9,0.5305777948727473,9,0.6337267098710379,9,243.62938699960068,6249132032,0,4496722944
04530566/1fb578de4aebcd62b249fd16295bbfb,vggt_independent_history,0,vis_a,view_budget_exhausted,10,0.07734887478019885,0.7156079768355925,5.331390525324403,0.8612654708731354,0.08980840100530671,0.8308796776795452,6.190182592504883,1,10,9,0.2459122960321541,9,0.556435755436515,9,0.8370697400700126,9,1.818114999878162,6249132032,0,3649390592
04530566/1fb578de4aebcd62b249fd16295bbfb,vggt_joint_pose_deepsets,0,vis_a,view_budget_exhausted,10,0.07734887478019885,0.7076425602300164,5.305070317521831,0.8612654708731354,0.08980840100530671,0.82163117431449,6.159622667960491,1,10,9,0.39544666233557985,9,0.35147946088001203,9,0.7122673171859184,9,242.25740200017754,6249160704,0,4496722944
04530566/20286f6d7aa7a853b48c6de5e38e3312,vggt_independent_history,0,vis_a,view_budget_exhausted,10,0.1076033542634038,0.9583555524485127,7.296795786548836,0.9952715353623128,0.10811457018534394,0.9629086318636034,7.331462346999157,1,10,9,0.4991189384709274,9,0.45418706379018947,9,0.64248474485618,9,1.7579339996700583,6249177088,0,3649390592
04530566/20286f6d7aa7a853b48c6de5e38e3312,vggt_joint_pose_deepsets,0,vis_a,view_budget_exhausted,10,0.1076033542634038,0.9810876519152915,7.470858763458997,0.9952715353623128,0.10811457018534394,0.9857487299263934,7.506352284795675,1,10,9,0.2266541003214394,9,0.6078785971866867,9,0.8034782982500228,9,243.97884700010763,6249197568,0,4496722944
04530566/203c2cac2c46e06c320fa6e2cd857828,vggt_independent_history,0,vis_a,view_budget_exhausted,10,0.17900261728307643,0.9493645548627778,7.309500299836552,0.9955015811421132,0.17981148465651994,0.9536544922144639,7.342530075593201,1,10,9,0.5153253680476892,9,0.22376804946846007,9,0.5983197867637295,9,1.692138000180421,6249197568,0,3649390592
04530566/203c2cac2c46e06c320fa6e2cd857828,vggt_joint_pose_deepsets,0,vis_a,view_budget_exhausted,10,0.17900261728307643,0.976360438000493,7.491922888450174,0.9955015811421132,0.17981148465651994,0.9807723628930252,7.525776985562278,1,10,9,0.3625171943411678,9,0.3886444349622138,9,0.6489914656144032,9,247.27069200025653,6249213952,0,4496722944
04530566/203d75b8112369d66a4afad911312b2b,vggt_independent_history,0,vis_a,view_budget_exhausted,10,0.33525215717137014,0.8941320796645457,6.946144362732295,0.9625113999862811,0.34830980409805906,0.9289573917537911,7.216687888404543,1,10,9,0.4578926082558586,9,0.1971138126915798,9,0.65008097941937,9,1.7420290000700334,6249230336,0,3649390592
04530566/203d75b8112369d66a4afad911312b2b,vggt_joint_pose_deepsets,0,vis_a,view_budget_exhausted,10,0.33525215717137014,0.9040197265644625,7.197062963715487,0.9625113999862811,0.34830980409805906,0.9392301499778056,7.477379451108909,1,10,9,0.30287618636218705,9,0.349846637742539,9,0.7903407203685,9,244.81516099967848,6249246720,0,4496722944
04530566/206c86e4cf614dd5d03c0ce6ad42cc93,vggt_independent_history,0,vis_a,view_budget_exhausted,10,0.11513082278143287,0.954271177442116,7.207918508733737,0.9823264825089897,0.11720219787557164,0.9714399381810243,7.3375997054704,1,10,9,0.20723385566057795,9,0.6196660745077911,9,0.8217440670783354,9,1.7576160003045516,6249254912,0,3649390592
04530566/206c86e4cf614dd5d03c0ce6ad42cc93,vggt_joint_pose_deepsets,0,vis_a,view_budget_exhausted,10,0.11513082278143287,0.9513643290902274,7.213441844906644,0.9823264825089897,0.11720219787557164,0.9684807912948851,7.343222414693102,1,10,9,0.27285230461617815,9,0.5442279107168161,9,0.7398423881865565,9,243.8046749998648,6249267200,0,4496722944
04530566/209213f07114a06a2b249fd16295bbfb,vggt_independent_history,0,vis_a,view_budget_exhausted,10,0.0679030457214985,0.7764463573869809,5.869112216049648,0.8996200548022579,0.07547969318716889,0.8630825349459874,6.523989971899542,1,10,9,0.28285112928934586,9,0.5930256528809951,9,0.8606313834131871,9,1.6094480001811462,6249287680,0,3649390592
04530566/209213f07114a06a2b249fd16295bbfb,vggt_joint_pose_deepsets,0,vis_a,view_budget_exhausted,10,0.0679030457214985,0.7810174957866218,5.911419328752494,0.8996200548022579,0.07547969318716889,0.8681637226932367,6.571017728202892,1,10,9,0.3028243761886564,9,0.48784866152987505,9,0.7989010647246149,9,241.6652689998955,6249308160,0,4496722944
04530566/209f569f50d42f7e45e2a4e5729b970d,vggt_independent_history,0,vis_a,view_budget_exhausted,10,0.06416067563171081,0.6736747209443953,4.779193368266153,0.8085994934133557,0.07934790480868123,0.8331376984922412,5.910458029217477,1,10,9,0.2916868491273845,9,0.5698463715276243,9,0.7970737399681654,9,1.6234159998020914,6249312256,0,3649390592
04530566/209f569f50d42f7e45e2a4e5729b970d,vggt_joint_pose_deepsets,0,vis_a,view_budget_exhausted,10,0.06416067563171081,0.6745582802502512,4.934371196162451,0.8085994934133557,0.07934790480868123,0.8342304017564074,6.102367409770319,1,10,9,0.33763997047451305,9,0.6285469588590958,9,0.8023391509791229,9,242.35483399979785,6249332736,0,4496722944
04530566/20c2bcd71abffc2a93add66353cae8ec,vggt_independent_history,0,vis_a,view_budget_exhausted,10,0.20663426807834837,0.9455415150337538,7.1763424085734,0.977280808368811,0.21143796778660132,0.9675228521185906,7.343173371583449,1,10,9,0.3113262894249964,9,0.5505079621206538,9,0.7102768361242666,9,1.5777490002619743,6249336832,0,3649390592
04530566/20c2bcd71abffc2a93add66353cae8ec,vggt_joint_pose_deepsets,0,vis_a,view_budget_exhausted,10,0.20663426807834837,0.9511452071240938,7.253329929105243,0.977280808368811,0.21143796778660132,0.9732568152153316,7.421950648157972,1,10,9,0.3666539282359503,9,0.5105832868632487,9,0.6851181935584039,9,242.0179260002442,6249365504,0,4496722944
04530566/20c2e1a09d00f51294daa4565dd30535,vggt_independent_history,0,vis_a,view_budget_exhausted,10,0.07976488698975924,0.9126394783300462,7.036071965495643,0.9542660674823029,0.0835876803208645,0.9563784246650595,7.373281106032966,1,10,9,0.4000050361491678,9,0.47285775263120944,9,0.6715175252635426,9,1.579203999881429,6249369600,0,3649390592
04530566/20c2e1a09d00f51294daa4565dd30535,vggt_joint_pose_deepsets,0,vis_a,view_budget_exhausted,10,0.07976488698975924,0.9024954950756505,7.032364006595023,0.9542660674823029,0.0835876803208645,0.9457482832400802,7.369395440360703,1,10,9,0.448583742022451,9,0.3111229326515827,9,0.595843932100771,9,244.47981799994523,6249385984,0,4496722944
04530566/20d1090d07a49fe927ac692756be9e24,vggt_independent_history,0,vis_a,view_budget_exhausted,10,0.1883511521578596,0.8270309340967064,6.392782886362381,0.933198735082278,0.2018339128387836,0.8862323779551511,6.850398147827263,1,10,9,0.505113735036248,9,-0.08711157191942759,9,0.5770323260877537,9,1.6439790001641086,6249385984,0,3649390592
04530566/20d1090d07a49fe927ac692756be9e24,vggt_joint_pose_deepsets,0,vis_a,view_budget_exhausted,10,0.1883511521578596,0.8242605875221656,6.437280732314873,0.933198735082278,0.2018339128387836,0.8832637213653021,6.898081287848416,1,10,9,0.39279723440914116,9,0.1415009527448615,9,0.6614611789578743,9,245.52484900004856,6249406464,0,4496722944
