ply
format ascii 1.0
element vertex 20000
property float x
property float y
property float z
property uchar red
property uchar green
property uchar blue
end_header
0.032135312 -0.071534038 -0.78440517 37 99 235
0.23945476 -0.14706784 0.45326748 37 99 235
-0.23208649 -0.019289423 -0.64729089 37 99 235
-0.079655744 0.028240001 0.56616497 37 99 235
0.027257318 0.12657715 -0.37351486 37 99 235
0.26821917 0.30133808 0.31023109 37 99 235
-0.053316489 0.3151426 0.1496999 37 99 235
0.019972485 0.040438101 -0.32751089 37 99 235
0.21348909 -0.024894206 -0.45237392 37 99 235
-0.26924303 -0.032329403 0.60257542 37 99 235
0.31883678 0.13595267 0.51335293 37 99 235
0.22566925 -0.24777955 -0.56076068 37 99 235
0.3682037 -0.25689462 0.57775497 37 99 235
0.29394647 -0.31280947 -0.56841439 37 99 235
-0.19717415 0.0085796025 -0.59191048 37 99 235
0.20067017 -0.026681622 0.33763155 37 99 235
0.27193952 -0.06372384 -0.29694942 37 99 235
-0.13874555 -0.067011811 0.5317567 37 99 235
0.26788294 0.2436454 -0.33558258 37 99 235
0.21961214 -0.1161224 -0.11088508 37 99 235
-0.38802105 -0.13220692 -0.29202443 37 99 235
0.025040582 0.12463326 -0.31590325 37 99 235
-0.084322862 -0.090522863 -0.77812147 37 99 235
-0.033578504 0.15949327 -0.41687328 37 99 235
0.3485989 -0.13067795 0.15849903 37 99 235
-0.35543552 -0.055200402 0.65470213 37 99 235
0.026899647 -0.099689849 -0.57583129 37 99 235
-0.16988796 -0.12651713 -0.65064013 37 99 235
0.10181712 0.028240001 0.64136666 37 99 235
-0.12074929 -0.067989409 -0.74995786 37 99 235
0.18408814 -0.10996648 0.36167872 37 99 235
0.32262731 -0.064932644 0.32527328 37 99 235
0.12973402 0.32342687 -0.22945182 37 99 235
0.019019846 -0.12434855 0.46504429 37 99 235
-0.3481929 0.064171247 -0.73574668 37 99 235
0.24355029 -0.18763688 0.42430648 37 99 235
-0.059778366 -0.093298376 -0.67684501 37 99 235
-0.35675576 -0.25019291 -0.59563512 37 99 235
0.24398012 -0.29206085 -0.64890593 37 99 235
0.33631918 -0.028431706 0.094247222 37 99 235
-0.20291537 -0.17304938 -0.62525851 37 99 235
-0.29120764 -0.046833348 0.49368295 37 99 235
0.10408136 0.080644242 -0.30211967 37 99 235
-0.023968507 -0.11263905 0.32823139 37 99 235
-0.14684181 0.30382949 -0.18321335 37 99 235
-0.21155515 -0.078006506 0.054476775 37 99 235
-0.35473806 -0.32341376 -0.63829535 37 99 235
-0.080924869 -0.057681154 -0.071169876 37 99 235
0.12481844 -0.014294223 -0.31835508 37 99 235
-0.37064597 -0.10131124 -0.55118233 37 99 235
-0.31372309 0.0039012388 0.61157644 37 99 235
0.33290276 0.22354111 -0.058769625 37 99 235
0.032316245 0.32285595 0.10243719 37 99 235
-0.32505387 0.11746329 -0.15814668 37 99 235
0.15045044 0.024956185 0.47572941 37 99 235
0.067579255 0.22571306 -0.32965341 37 99 235
0.068525806 -0.02633423 -0.30662259 37 99 235
0.35816202 -0.12597911 -0.1627654 37 99 235
-0.059789374 -0.057827145 -0.24676165 37 99 235
0.23423754 0.32233191 0.36726332 37 99 235
-0.28953263 0.13539654 -0.59041947 37 99 235
0.12630592 -0.05999453 -0.58457875 37 99 235
-0.01092385 -0.097636178 -0.68142343 37 99 235
-0.34185207 0.2662605 -0.11012163 37 99 235
-0.18415584 -0.11281114 -0.48564839 37 99 235
0.27807596 0.0011431886 0.60729742 37 99 235
-0.17697904 0.31692055 0.29930303 37 99 235
0.29501331 -0.21750098 0.56266451 37 99 235
-0.32290605 -0.01688868 0.33895662 37 99 235
-0.10584546 0.30345601 0.14342983 37 99 235
-0.030393045 0.10507791 -0.59135425 37 99 235
-0.25123519 -0.05501486 -0.1223957 37 99 235
-0.29707834 -0.26422873 -0.72624123 37 99 235
-0.33271477 -0.16511533 -0.75724304 37 99 235
-0.061786365 -0.111748 -0.6377582 37 99 235
-0.16371229 -0.1144326 0.25695699 37 99 235
0.24210523 -0.22074726 0.58954722 37 99 235
-0.13462055 -0.057712924 -0.11161546 37 99 235
0.3466453 -0.083457604 -0.59675032 37 99 235
0.21984176 -0.24453855 -0.56446457 37 99 235
-0.31469408 -0.023750702 -0.34470925 37 99 235
0.035102352 0.0056588417 -0.31386876 37 99 235
0.038654067 -0.077381507 0.29668868 37 99 235
0.23225792 0.1505028 -0.47238147 37 99 235
-0.40133458 -0.14291061 0.098811358 37 99 235
-0.0032936872 0.15655659 -0.38107771 37 99 235
0.26987687 0.091113627 0.53792971 37 99 235
-0.1771269 -0.066837631 -0.7483874 37 99 235
0.20149119 0.13256082 0.36249 37 99 235
0.32777214 0.15286344 -0.17530499 37 99 235
0.081036329 0.051610291 -0.60436535 37 99 235
0.18002512 -0.13219331 0.073001742 37 99 235
-0.10098231 0.15654945 -0.52074897 37 99 235
-0.33959016 0.065263227 0.71534508 37 99 235
-0.37135124 -0.24336097 0.59716415 37 99 235
-0.36776492 -0.025903761 -0.59898931 37 99 235
0.11746205 -0.072299957 -0.55763167 37 99 235
-0.3804982 -0.23366056 -0.56274855 37 99 235
0.27614921 0.018938573 -0.6150673 37 99 235
0.26066339 -0.057652749 -0.045800682 37 99 235
-0.35708585 -0.098484315 -0.55918634 37 99 235
-0.26550028 0.072293587 -0.47284323 37 99 235
0.18324152 0.3280375 0.34586254 37 99 235
-0.37182182 -0.27883655 0.53529882 37 99 235
0.31048891 0.12351362 -0.62211078 37 99 235
0.27302107 0.017393539 0.32775351 37 99 235
-0.37848863 -0.0042224163 -0.56792229 37 99 235
-0.22258934 0.15679802 -0.37187096 37 99 235
0.32242438 0.083884954 -0.52257597 37 99 235
0.29038936 -0.2421155 0.35840383 37 99 235
0.22299394 -0.072062276 0.61256188 37 99 235
-0.1046538 0.15642536 -0.49020615 37 99 235
0.34019786 -0.28017515 -0.52722228 37 99 235
0.33955508 0.11805117 0.67059821 37 99 235
0.26846412 -0.060928319 -0.43377417 37 99 235
0.20047896 0.17621678 0.35663295 37 99 235
-0.36343068 -0.055343956 0.39995295 37 99 235
-0.34046081 0.15106969 0.15491349 37 99 235
-0.28440294 -0.08726088 -0.37571579 37 99 235
0.12441045 -0.10883231 -0.64096808 37 99 235
0.016665393 0.32778111 -0.14090657 37 99 235
0.3339875 0.09769173 0.41371873 37 99 235
-0.17650488 -0.065011635 0.083998799 37 99 235
-0.33482763 0.31004816 0.27171674 37 99 235
0.23790632 -0.30084452 -0.60878813 37 99 235
-0.15116352 -0.019699207 -0.47346956 37 99 235
-0.10595641 0.03609411 -0.42555526 37 99 235
0.23175244 0.0044186013 0.35134393 37 99 235
-0.34389439 0.063373812 0.36537376 37 99 235
-0.11257566 -0.061744951 0.54275477 37 99 235
0.12733375 -0.057483442 0.15316346 37 99 235
-0.34887061 -0.15878785 0.50433242 37 99 235
0.096633635 0.069641054 -0.68981421 37 99 235
-0.1104969 0.32261419 0.27699798 37 99 235
-0.2336583 -0.16185409 -0.57605213 37 99 235
0.11739979 -0.11331404 -0.1348051 37 99 235
0.13795353 -0.064403258 -0.60660082 37 99 235
0.31308916 -0.12055571 -0.70837313 37 99 235
-0.15328956 -0.072896905 -0.69604707 37 99 235
0.32962587 0.24251983 -0.15155642 37 99 235
0.083129607 -0.057504687 0.12704636 37 99 235
0.065843813 0.052731652 -0.31029618 37 99 235
-0.010191487 -0.12743597 -0.70086569 37 99 235
0.27301872 0.015755262 0.56694454 37 99 235
0.29386678 0.14102767 0.36757711 37 99 235
0.28951824 0.019974969 -0.59258413 37 99 235
0.38964605 -0.1324355 -0.70669079 37 99 235
0.14177983 -0.07929825 -0.70184445 37 99 235
-0.1049934 0.056183726 -0.7321803 37 99 235
0.070669889 0.27373713 0.33223918 37 99 235
0.30440208 0.10793273 0.49015442 37 99 235
0.20641662 0.022918543 0.74646807 37 99 235
-0.31693321 0.025895907 0.36271289 37 99 235
0.32951513 0.25083545 0.047930188 37 99 235
0.068862095 0.16207172 0.36157557 37 99 235
0.17797096 0.0061465851 -0.52384347 37 99 235
0.32106459 0.10601739 -0.17888223 37 99 235
-0.34982881 -0.23902693 -0.69174379 37 99 235
0.2988086 -0.17008476 -0.5434317 37 99 235
0.27256763 0.32696915 -0.051184576 37 99 235
-0.34688452 -0.12177578 0.069469765 37 99 235
0.24616109 -0.25686458 0.3681044 37 99 235
-0.29698819 0.14578755 0.72723198 37 99 235
0.2020672 -0.15773526 -0.45397803 37 99 235
0.35207132 0.18392566 -0.21992902 37 99 235
0.36315665 -0.27055943 0.42362767 37 99 235
0.36671197 -0.13685845 0.15248269 37 99 235
-0.19156471 -0.13470411 -0.26390383 37 99 235
-0.31901556 -0.19550656 -0.70905691 37 99 235
0.17359541 0.25550902 -0.33120999 37 99 235
0.33388594 0.20492722 0.19450042 37 99 235
0.36661565 -0.15645392 -0.78081518 37 99 235
-0.036098529 0.10216498 0.70157719 37 99 235
-0.073724464 -0.14493287 -0.72486717 37 99 235
0.26482987 -0.23548314 -0.53851062 37 99 235
0.32101309 -0.23719819 -0.48633465 37 99 235
-0.28550479 -0.15337875 0.69330925 37 99 235
-0.08360368 -0.12570006 -0.6906724 37 99 235
0.18509258 0.058521837 0.44584841 37 99 235
-0.36366358 -0.041917518 -0.62585127 37 99 235
0.27765703 -0.069686562 0.44694632 37 99 235
-0.35671774 -0.040350813 0.49076986 37 99 235
0.27779776 0.079951748 -0.58396792 37 99 235
0.30669993 -0.11288031 0.23759989 37 99 235
-0.13962942 -0.057454664 0.18545006 37 99 235
-0.01883276 -0.05746799 0.1664919 37 99 235
0.078594595 0.31840691 0.26530841 37 99 235
0.049513642 -0.15184994 -0.6168763 37 99 235
-0.32640219 -0.010552095 0.62593132 37 99 235
-0.32145 0.09234754 -0.10831419 37 99 235
0.19174521 0.13333131 0.36249 37 99 235
-0.11059964 -0.057367902 0.28509283 37 99 235
0.21677922 -0.029784678 -0.70173681 37 99 235
0.13074309 -0.11341827 -0.23178214 37 99 235
0.10325053 0.33182001 0.0078941863 37 99 235
-0.083181784 -0.1135083 -0.31504551 37 99 235
0.15487151 0.078549154 -0.778651 37 99 235
-0.21779302 0.20128296 0.33560544 37 99 235
-0.19625585 0.096816957 -0.68951619 37 99 235
-0.33777884 0.026215734 0.37463874 37 99 235
-0.2107355 -0.088625915 -0.29737315 37 99 235
0.25863057 0.32025701 -0.27943584 37 99 235
-0.053248428 -0.11325064 -0.087067403 37 99 235
-0.16645487 0.032970909 -0.47620079 37 99 235
0.13705781 0.0016147393 -0.64469123 37 99 235
0.23957668 0.12448304 0.38984546 37 99 235
-0.26360801 -0.023960512 0.73962861 37 99 235
-0.32150251 0.084066935 0.46938556 37 99 235
0.017470954 0.16325893 0.36056048 37 99 235
0.082990304 -0.025135795 -0.66083258 37 99 235
-0.34999442 -0.031537719 -0.31711924 37 99 235
0.075223453 -0.057733338 -0.14513202 37 99 235
-0.20437162 -0.13786417 0.49611989 37 99 235
0.25442746 0.032608937 0.65085655 37 99 235
0.26821092 0.3061552 0.3633132 37 99 235
-0.17676403 -0.11795747 0.21248445 37 99 235
-0.21573906 -0.090534046 0.10910423 37 99 235
0.13011418 -0.029844977 -0.6240617 37 99 235
-0.35062781 0.11639592 -0.5543673 37 99 235
-0.074330099 0.013085381 0.77465022 37 99 235
-0.067235187 0.068978876 0.65996099 37 99 235
-0.21968468 0.059093509 -0.34582338 37 99 235
-0.18260945 -0.14249188 -0.68408132 37 99 235
0.25135103 -0.062343542 0.67736661 37 99 235
0.075663045 -0.087004565 0.33979192 37 99 235
-0.20769265 0.11735282 0.36345753 37 99 235
-0.40598246 -0.16787058 -0.49252188 37 99 235
0.36182654 -0.23668514 0.44904426 37 99 235
0.12859733 0.095801137 -0.47381589 37 99 235
0.3601484 -0.20423375 0.57465154 37 99 235
0.19500071 -0.13118544 0.2463876 37 99 235
-0.32370135 0.31567392 -0.32209808 37 99 235
-0.074878193 -0.13707583 -0.74173856 37 99 235
-0.14486444 0.096187666 -0.7888025 37 99 235
0.2254909 -0.028340686 0.39903656 37 99 235
-0.14984366 0.047405686 -0.76530588 37 99 235
-0.12663113 0.025984732 -0.58662838 37 99 235
0.27301958 -0.1624219 -0.71834618 37 99 235
0.060844693 -0.057774626 -0.18556243 37 99 235
0.23828627 -0.007413974 0.73962289 37 99 235
0.046780605 -0.14828038 -0.62401295 37 99 235
0.050995398 -0.073353186 0.40197963 37 99 235
-0.34714991 0.056006122 -0.74415255 37 99 235
0.2364551 -0.051867552 -0.57162666 37 99 235
-0.20759089 -0.11278789 0.48881772 37 99 235
-0.33245319 0.0049494556 -0.057821102 37 99 235
0.17974676 -0.14483003 0.5103339 37 99 235
-0.25054908 0.13483165 -0.63786274 37 99 235
0.1457631 0.1361942 -0.70855874 37 99 235
-0.23397365 0.04979733 -0.58809805 37 99 235
0.1764717 -0.013109727 -0.34055597 37 99 235
0.33070624 -0.013660519 0.040679604 37 99 235
0.32847989 -0.23084402 -0.46887645 37 99 235
-0.20861813 0.073064208 0.60309803 37 99 235
-0.26035425 -0.11625212 -0.16209055 37 99 235
-0.29028237 0.10052644 0.6771673 37 99 235
0.34355158 0.12066755 0.35170698 37 99 235
-0.32514375 -0.10844851 -0.32861006 37 99 235
-0.24078563 0.19215581 0.35697272 37 99 235
0.26567748 0.30847993 0.15020731 37 99 235
-0.20372829 0.049535874 -0.54117769 37 99 235
0.038613532 0.10611449 -0.79371178 37 99 235
0.077610098 0.095379129 -0.34197119 37 99 235
0.17706057 -0.097814709 0.30347499 37 99 235
-0.2390966 0.16905428 0.3601481 37 99 235
-0.02766642 -0.06529206 -0.7458939 37 99 235
0.17620188 0.072140634 -0.6885187 37 99 235
0.33642101 0.015817503 -0.067854099 37 99 235
0.3243722 0.054654099 0.17621492 37 99 235
0.33142248 0.10591524 0.47072306 37 99 235
-0.12294 0.046742596 -0.7938773 37 99 235
-0.16722679 0.13091207 -0.52751076 37 99 235
0.030893946 -0.066040114 0.3474119 37 99 235
0.33923069 0.17821512 -0.016749965 37 99 235
-0.19195208 -0.03418003 0.78792065 37 99 235
-0.061505325 0.13364007 -0.55286235 37 99 235
0.053950801 -0.054245692 -0.65636545 37 99 235
-0.16361213 -0.061460674 -0.18798813 37 99 235
-0.32612392 -0.12985699 0.32698718 37 99 235
-0.088260673 0.0061473474 0.72038114 37 99 235
-0.28489703 0.14523086 -0.53281122 37 99 235
0.36703807 -0.06145392 0.63889992 37 99 235
0.11051592 0.10714705 -0.44873467 37 99 235
0.039147675 -0.12044577 -0.42737404 37 99 235
0.31339744 -0.088086203 -0.785537 37 99 235
0.12604767 -0.048370507 -0.36890516 37 99 235
-0.28588614 -0.019290097 0.6687029 37 99 235
-0.18580285 -0.11213871 0.018833414 37 99 235
-0.16190767 0.081525303 0.65348274 37 99 235
0.34555551 -0.084841155 -0.59372985 37 99 235
0.31277302 -0.053884879 -0.57069796 37 99 235
-0.28134635 0.32318887 -0.13165295 37 99 235
0.26550484 0.086624265 -0.60435504 37 99 235
-0.039730761 0.32424495 -0.16455907 37 99 235
0.31462735 0.20811509 -0.26572436 37 99 235
-0.31983531 0.099263422 -0.35198796 37 99 235
-0.33891866 0.19943717 0.33060193 37 99 235
0.089520149 -0.051171474 0.58030701 37 99 235
0.12707826 -0.059694968 -0.58136094 37 99 235
-0.27336395 -0.27212137 0.63729811 37 99 235
0.36344138 -0.28185755 0.44789621 37 99 235
-0.29814541 -0.14404137 0.32734215 37 99 235
-0.015080704 -0.05781085 -0.23282234 37 99 235
-0.015901953 0.14618811 -0.5788911 37 99 235
-0.21046466 0.018611059 0.62183517 37 99 235
0.17298296 0.15390325 -0.38890427 37 99 235
0.37318134 -0.15788306 -0.66628289 37 99 235
-0.34223267 -0.20742829 0.59696233 37 99 235
0.15205425 0.13091628 0.36249 37 99 235
-0.035313267 0.29481447 0.2269183 37 99 235
-0.15869845 -0.027813081 -0.76058483 37 99 235
0.0052962974 -0.132452 0.32712039 37 99 235
-0.053151596 -0.11352316 -0.32669461 37 99 235
-0.34854379 0.082476482 -0.47249654 37 99 235
0.34905687 -0.22618558 -0.56266457 37 99 235
-0.26480523 0.004483039 -0.53169924 37 99 235
0.029632784 0.30847639 0.1841552 37 99 235
0.24193993 -0.22350332 0.56131625 37 99 235
-0.35668588 -0.075012632 0.28356171 37 99 235
-0.24526609 0.098583199 0.38093916 37 99 235
-0.27466384 0.12413191 -0.69983411 37 99 235
-0.15394048 0.10284339 -0.53944606 37 99 235
0.22047931 0.077772185 0.46335036 37 99 235
0.33886087 -0.17891045 -0.52685469 37 99 235
0.21125884 0.023057094 0.41527185 37 99 235
-0.14685671 -0.08499027 -0.42659572 37 99 235
-0.26556981 -0.11323875 -0.070674285 37 99 235
0.073618732 0.028240001 0.64835882 37 99 235
0.30547589 -0.044287562 -0.59598047 37 99 235
0.012371563 0.18413778 0.35959721 37 99 235
0.082290001 -0.062773049 0.73843127 37 99 235
0.022062123 0.10911102 0.70924997 37 99 235
0.40778968 -0.13900028 0.20451732 37 99 235
-0.26741505 0.035575911 -0.66391301 37 99 235
-0.35059628 0.084004834 0.70544177 37 99 235
-0.34457529 0.17332233 -0.066569343 37 99 235
-0.22633649 -0.093678199 0.070769429 37 99 235
-0.23456819 -0.22483429 0.5225957 37 99 235
-0.4158664 -0.13875526 0.20377119 37 99 235
0.068524532 0.028240001 0.4594948 37 99 235
-0.199421 -0.079343282 -0.76090664 37 99 235
0.26281637 -0.057698052 -0.10704134 37 99 235
-0.17149176 0.29817262 -0.23075634 37 99 235
-0.092635773 0.086458147 -0.51576257 37 99 235
0.099269159 0.028240001 0.59490532 37 99 235
0.35691822 0.054944102 -0.62339443 37 99 235
-0.023582416 -0.14960603 0.43894893 37 99 235
-0.12720467 -0.11324649 -0.012337693 37 99 235
-0.22001739 0.31506833 -0.16277041 37 99 235
-0.20120837 -0.060363885 -0.23773775 37 99 235
0.12017918 -0.057455186 0.18457507 37 99 235
0.23420843 0.31794119 -0.3089273 37 99 235
0.1009795 0.094951071 -0.60676324 37 99 235
-0.10705967 -0.11308835 0.05361598 37 99 235
0.16566075 -0.10760764 0.27815163 37 99 235
0.16127773 -0.022525184 -0.69964224 37 99 235
-0.24576454 -0.19684972 -0.60248214 37 99 235
-0.21876892 0.2958425 0.26102647 37 99 235
-0.31667763 -0.24657892 -0.7727173 37 99 235
-0.34581015 0.29918468 0.24559498 37 99 235
-0.32258618 -0.01124925 0.17290048 37 99 235
-0.053386688 -0.086428672 -0.78591627 37 99 235
0.34924719 0.047273252 -0.57455313 37 99 235
-0.3607235 -0.15596904 0.59025031 37 99 235
0.31396487 -0.0044559264 0.60723794 37 99 235
0.032129873 -0.057779241 -0.19532387 37 99 235
0.15611118 -0.0076710116 -0.65208375 37 99 235
0.34160823 0.012976059 -0.032932363 37 99 235
-0.36522686 -0.07984212 0.62316513 37 99 235
0.31050929 -0.2320219 -0.5034706 37 99 235
-0.070473559 0.078103699 -0.64650166 37 99 235
-0.23351829 -0.11774535 0.10427121 37 99 235
0.24185437 -0.12185679 0.13482127 37 99 235
-0.24589729 -0.31058878 -0.67791432 37 99 235
0.06952633 0.13706608 -0.35922283 37 99 235
0.33103561 -0.21257465 -0.7801981 37 99 235
-0.025650166 0.15597215 -0.32465318 37 99 235
-0.13272505 0.11204731 -0.32869995 37 99 235
0.23563635 -0.23648515 0.57039642 37 99 235
0.27825147 -0.11349685 -0.29823869 37 99 235
-0.24332954 0.068138503 0.39676312 37 99 235
-0.31357047 0.11727053 0.59973395 37 99 235
0.32872257 0.16038567 0.47103724 37 99 235
-0.043511242 0.32113278 0.011820763 37 99 235
-0.27681807 -0.061015669 0.28126907 37 99 235
-0.18354695 -0.017103719 -0.74048835 37 99 235
-0.26204923 -0.30924869 0.4298861 37 99 235
-0.33004245 0.079294965 0.12052139 37 99 235
-0.24499951 -0.24851041 0.37540373 37 99 235
-0.18529113 0.29799247 -0.33120999 37 99 235
-0.060702603 -0.055870496 -0.49423832 37 99 235
-0.071953677 0.12711242 -0.73674232 37 99 235
0.36205235 -0.23623776 0.61767066 37 99 235
0.10200793 -0.057774454 -0.18879543 37 99 235
0.35388756 -0.20937955 0.55348247 37 99 235
-0.32830483 0.24700311 0.19735675 37 99 235
-0.3085084 0.31697413 0.13197003 37 99 235
0.34787101 0.082958132 0.7081269 37 99 235
-0.087782435 0.040320847 -0.31374174 37 99 235
-0.037417021 -0.12432605 0.25096303 37 99 235
-0.31554413 0.11934252 -0.73114353 37 99 235
0.084393762 -0.13465223 -0.70784855 37 99 235
0.36277169 -0.1185928 0.11106724 37 99 235
0.34771088 0.19413963 -0.021188477 37 99 235
0.23770672 0.086670861 -0.52048641 37 99 235
-0.2339077 0.077284813 -0.59298652 37 99 235
0.13458769 0.068506084 0.6588493 37 99 235
-0.055610776 0.31844437 -0.16483881 37 99 235
-0.11278123 0.056061205 -0.46818921 37 99 235
-0.31171593 0.0097663738 -0.39292759 37 99 235
-0.26038271 0.01068845 -0.57244056 37 99 235
0.028492477 0.31100211 0.06760335 37 99 235
0.18662055 -0.057789214 -0.20203717 37 99 235
-0.001231987 -0.13132322 0.53217816 37 99 235
-0.11337045 -0.088605806 -0.50611699 37 99 235
0.0063242335 -0.081091687 0.39871886 37 99 235
0.093620852 -0.031988181 -0.46925178 37 99 235
0.20786527 0.33182001 0.27934793 37 99 235
0.24679296 -0.1150011 0.0006729429 37 99 235
-0.3569169 -0.11568042 0.68126905 37 99 235
0.31161976 -0.21913077 0.45706335 37 99 235
0.23523104 0.073126398 -0.41526732 37 99 235
-0.35442361 0.04320712 0.69865018 37 99 235
-0.13083 -0.060594615 -0.56123906 37 99 235
-0.32563329 0.11091316 0.22725777 37 99 235
-0.26691729 -0.19721025 -0.78279549 37 99 235
-0.32783365 -0.21002455 0.62671554 37 99 235
0.046613529 -0.10145973 0.27978536 37 99 235
-0.30454433 -0.096321836 0.41961697 37 99 235
-0.035129577 -0.060967855 0.58268523 37 99 235
-0.38486338 -0.14229941 -0.54746825 37 99 235
-0.3568494 0.056326043 0.45712161 37 99 235
-0.21143019 -0.14462306 0.38106781 37 99 235
-0.038998023 -0.057741039 -0.074552111 37 99 235
0.34351107 0.28621271 0.033279829 37 99 235
-0.00013334186 -0.0164218 -0.54087955 37 99 235
-0.3006683 0.0038016594 -0.42384431 37 99 235
0.2437409 -0.075672023 -0.35561165 37 99 235
0.34556702 0.01701366 -0.78526407 37 99 235
0.050063923 -0.11596368 -0.30503985 37 99 235
-0.34321457 0.26449543 -0.17926376 37 99 235
0.20896749 0.33182001 -0.042242352 37 99 235
0.0949708 0.037669193 -0.50838047 37 99 235
-0.32886356 0.063853733 0.031072734 37 99 235
0.32748687 -0.11002744 -0.69609869 37 99 235
-0.09985321 -0.11331761 -0.14235699 37 99 235
-0.11491478 -0.060124803 -0.37121955 37 99 235
0.35882771 -0.21216333 0.4139362 37 99 235
0.011909291 0.028240001 0.45264065 37 99 235
0.13042232 -0.070948251 0.47823057 37 99 235
-0.32468814 -0.083875783 -0.73342258 37 99 235
-0.21997027 -0.10464276 0.21736555 37 99 235
-0.20591456 -0.095017292 -0.71443868 37 99 235
0.34565187 -0.16569656 -0.61393601 37 99 235
-0.32352602 0.070992783 -0.31217027 37 99 235
-0.17612025 0.0095309401 0.78794396 37 99 235
0.30173188 -0.10835624 0.26300973 37 99 235
-0.17632416 -0.0031138286 -0.46297422 37 99 235
-0.35019001 0.073109783 0.61410677 37 99 235
0.31941018 -0.16703261 -0.44254389 37 99 235
-0.22970334 -0.16269676 0.57029396 37 99 235
0.20754084 0.05999371 0.49403012 37 99 235
0.33432916 0.10090166 0.19348736 37 99 235
0.36050949 -0.098621637 0.38009676 37 99 235
0.34099194 -0.045024786 -0.7555244 37 99 235
0.35652494 -0.21960038 0.39173514 37 99 235
0.30946264 0.17273472 -0.37222746 37 99 235
-0.327795 0.3104026 0.092398316 37 99 235
-0.13307379 0.11976137 0.72478795 37 99 235
0.34898999 0.02065023 -0.34288907 37 99 235
-0.13860083 -0.034991227 -0.69574159 37 99 235
-0.20947137 -0.1321139 -0.19598641 37 99 235
0.065437235 -0.062554739 -0.36974686 37 99 235
0.28781036 -0.32197988 0.48511684 37 99 235
-0.20345762 0.082419999 0.4302879 37 99 235
0.36033246 -0.14658597 0.44818854 37 99 235
0.087342098 0.31783077 0.25772977 37 99 235
0.11000752 -0.11340568 -0.22083588 37 99 235
0.28021866 0.062488664 -0.40596598 37 99 235
-0.22041194 0.14376248 -0.55466056 37 99 235
0.25768274 0.088289216 -0.72078615 37 99 235
0.33070916 0.22525835 0.038140167 37 99 235
-0.17951591 -0.13439435 0.26932925 37 99 235
-0.3434599 -0.18621986 0.63332659 37 99 235
0.20812593 0.034801863 -0.68424118 37 99 235
-0.12366031 -0.11774719 -0.032971691 37 99 235
-0.36189798 -0.16920316 0.34419134 37 99 235
-0.34997228 -0.028677046 0.67836022 37 99 235
-0.074689902 0.023905115 -0.38362491 37 99 235
-0.35713357 0.15594554 -0.19278452 37 99 235
-0.32893887 0.055588584 0.33113691 37 99 235
0.158398 -0.03209791 -0.69203621 37 99 235
-0.28634068 0.033185501 -0.6097219 37 99 235
-0.11589665 -0.057769082 -0.18176471 37 99 235
-0.21097712 0.049351837 0.72796851 37 99 235
-0.17077596 -0.046615928 -0.40541741 37 99 235
0.18387119 -0.023754396 0.32981518 37 99 235
-0.3379589 0.21528706 -0.20755583 37 99 235
0.21563925 -0.057759177 -0.17462821 37 99 235
0.32663479 0.07798215 0.19878581 37 99 235
0.2260834 -0.25669378 -0.53521591 37 99 235
-0.2951183 -0.28395694 -0.71330488 37 99 235
-0.10030847 -0.057473972 0.15881081 37 99 235
-0.33906269 0.22223359 -0.11956481 37 99 235
0.36395767 -0.16625896 0.64086896 37 99 235
0.26175958 -0.050101649 -0.31073514 37 99 235
-0.099846333 -0.059071377 0.56092662 37 99 235
0.098572828 -0.041514166 0.78863907 37 99 235
0.29564884 -0.057561554 0.0569622 37 99 235
-0.33272475 -0.05425844 0.083318703 37 99 235
-0.14818032 -0.091188356 -0.69686538 37 99 235
-0.33427969 0.29295489 -0.27651051 37 99 235
0.036635514 -0.07306993 0.27308106 37 99 235
-0.11804119 -0.030827532 0.59198529 37 99 235
-0.016549865 -0.080819398 -0.55790025 37 99 235
-0.27574933 -0.10119993 -0.36337751 37 99 235
0.14911342 0.02977035 0.40127268 37 99 235
0.29706615 0.12535506 -0.61209613 37 99 235
0.13618125 0.094699427 -0.53565305 37 99 235
-0.32571772 -0.034850899 0.37377512 37 99 235
-0.033737961 -0.11359929 -0.093521811 37 99 235
0.25727347 -0.0038035635 0.76309419 37 99 235
-0.025652831 -0.08022666 0.33906928 37 99 235
-0.012821239 0.19358784 0.35594463 37 99 235
-0.2276068 -0.031523082 0.4115839 37 99 235
0.077841111 -0.044641558 -0.28230596 37 99 235
-0.13488409 -0.0248213 -0.52044374 37 99 235
-0.027071964 -0.11530232 -0.24464688 37 99 235
-0.29192412 -0.11299041 0.13676769 37 99 235
-0.2867825 -0.023824913 0.66877419 37 99 235
-0.2692388 -0.22257198 -0.56360024 37 99 235
-0.3184455 0.14938788 -0.47367293 37 99 235
-0.34255126 0.17438678 0.28656134 37 99 235
0.35886589 -0.22803412 0.65023673 37 99 235
0.026372414 0.11245988 -0.78458065 37 99 235
-0.049135517 -0.10596869 0.35318631 37 99 235
0.15014286 -0.057594996 0.027959036 37 99 235
0.31260085 0.27011067 0.21626027 37 99 235
0.35713941 -0.20212133 0.51874214 37 99 235
0.35552275 -0.0073018516 0.36973846 37 99 235
0.32887796 0.055783998 -0.29157063 37 99 235
0.34703496 0.11063116 -0.19279556 37 99 235
0.15982468 -0.13074531 -0.63620037 37 99 235
0.23836584 0.0064284247 0.76761967 37 99 235
-0.34154534 0.26103276 -0.10456246 37 99 235
0.14738654 0.13529482 -0.43862587 37 99 235
-0.32422984 0.030320911 0.50231302 37 99 235
-0.32072848 -0.3145211 -0.54865885 37 99 235
-0.18034518 0.19759998 0.35149077 37 99 235
-0.36336342 -0.11452804 0.32009578 37 99 235
0.11827505 0.056411836 -0.75984985 37 99 235
0.23354095 -0.14380932 -0.28555232 37 99 235
0.092384242 -0.090126663 0.45307648 37 99 235
0.011217151 -0.059251253 0.58753103 37 99 235
-0.15296361 0.090102427 -0.63903379 37 99 235
-0.037675995 -0.048817027 -0.41549367 37 99 235
0.20458893 -0.17323127 -0.50501627 37 99 235
-0.34800184 0.10716036 0.48098949 37 99 235
-0.19290425 0.014338044 0.56883323 37 99 235
0.18466945 0.13545211 -0.44600558 37 99 235
0.16765119 0.31688276 0.088215083 37 99 235
0.067914888 -0.062017042 0.56473297 37 99 235
0.055626664 -0.1132734 -0.14306991 37 99 235
0.1407551 -0.057803567 -0.22824104 37 99 235
0.38121909 -0.0068633202 -0.66417032 37 99 235
-0.28548744 0.14947316 -0.48660985 37 99 235
-0.31218061 -0.055475101 0.44375345 37 99 235
-0.25170523 0.31858256 -0.11160733 37 99 235
0.172436 0.08525753 -0.61408937 37 99 235
0.072485447 0.32732776 0.34238723 37 99 235
0.036939017 0.042953417 -0.31385234 37 99 235
-0.2784746 -0.25762883 -0.66635668 37 99 235
0.097906604 0.068058178 -0.45143211 37 99 235
-0.35987422 0.019518642 0.62193 37 99 235
-0.17031066 0.14603895 0.36229858 37 99 235
-0.13221997 -0.094875038 -0.55255473 37 99 235
-0.24550959 -0.113195 -0.036191318 37 99 235
0.28199524 0.32035416 -0.32042119 37 99 235
0.1442389 -0.15635604 -0.59383553 37 99 235
-0.10755362 -0.11105884 -0.71914959 37 99 235
0.23580132 0.013950606 0.72105509 37 99 235
0.31506664 -0.073340997 -0.7826761 37 99 235
0.34480229 -0.13171926 0.17057401 37 99 235
-0.089348629 0.32425907 0.29673994 37 99 235
0.34613147 -0.047329873 -0.11034814 37 99 235
-0.32446161 0.30962437 0.13906573 37 99 235
0.36547068 -0.044012673 0.61116266 37 99 235
-0.17897038 -0.12697035 -0.43364394 37 99 235
0.30761895 0.093499295 -0.48234496 37 99 235
-0.33895966 0.22958161 0.03842853 37 99 235
-0.24562921 0.12443045 -0.72872698 37 99 235
0.32908669 -0.1168011 -0.46252024 37 99 235
-0.22760107 0.085569948 -0.38536376 37 99 235
-0.11966205 0.012174971 -0.31805801 37 99 235
0.3467347 -0.16846457 0.33175045 37 99 235
-0.33627272 -0.0061445399 0.047000092 37 99 235
0.25073734 0.11419356 0.39789903 37 99 235
-0.25918657 -0.056923367 0.26264042 37 99 235
0.31967732 -0.081629872 -0.67943633 37 99 235
0.33403495 0.025130562 0.25631973 37 99 235
0.34873003 -0.068412736 -0.072107151 37 99 235
-0.33831257 -0.22087632 0.3469803 37 99 235
-0.35018665 0.04964935 -0.35605249 37 99 235
0.30574349 -0.10259344 0.29643136 37 99 235
-0.0084235612 0.3016392 0.07780204 37 99 235
-0.35796767 -0.13848335 -0.45044965 37 99 235
-0.039426003 0.10679907 0.36249 37 99 235
-0.19851424 -0.10325169 0.37355936 37 99 235
0.21815865 0.11404021 -0.4993214 37 99 235
-0.32872152 0.1673997 0.095939301 37 99 235
0.13236809 -0.11352491 -0.19577591 37 99 235
0.15267399 -0.033726711 -0.7677412 37 99 235
0.28612059 0.24146411 0.32869664 37 99 235
0.25765824 -0.23295867 0.47428113 37 99 235
-0.17935736 0.15996177 -0.39170602 37 99 235
0.10233975 0.077013955 -0.49540114 37 99 235
0.25270784 -0.23238041 -0.59022349 37 99 235
-0.27062368 0.088565066 -0.40692464 37 99 235
-0.066687621 0.14047186 -0.38701847 37 99 235
-0.38177872 -0.020115871 -0.53382063 37 99 235
-0.19492903 0.021349451 -0.70617157 37 99 235
-0.30753741 -0.057211693 -0.007488261 37 99 235
-0.28099301 0.025551261 0.4646318 37 99 235
-0.35187432 0.095814295 0.35675874 37 99 235
0.34259114 -0.070394225 0.66263694 37 99 235
-0.022418102 -0.11349773 -0.26298705 37 99 235
-0.010634237 -0.12415484 -0.36594957 37 99 235
-0.33791 0.19507614 0.16283539 37 99 235
-0.21484521 -0.0058006924 0.5010435 37 99 235
-0.094015598 0.073508605 0.65246022 37 99 235
-0.37815288 -0.053987011 -0.49775442 37 99 235
-0.048696276 -0.06515044 0.55083227 37 99 235
-0.17996837 -0.12893435 0.15716222 37 99 235
-0.24569164 -0.24928163 0.65479088 37 99 235
0.01888293 -0.014329745 -0.7642532 37 99 235
0.24325547 0.29984525 0.30602142 37 99 235
0.057135243 0.028240001 0.49484637 37 99 235
0.085833669 0.05076516 -0.72840941 37 99 235
0.060712632 0.32338464 -0.10530872 37 99 235
0.24554043 0.025745165 0.4699502 37 99 235
-0.18716578 0.31908941 0.070638932 37 99 235
-0.2375773 -0.057539035 -0.29981542 37 99 235
0.24716717 0.3009716 0.22459093 37 99 235
0.31264675 -0.27594265 0.62199581 37 99 235
0.09149421 -0.11309264 0.048818376 37 99 235
-0.093464658 0.070779428 -0.50979757 37 99 235
0.23302898 -0.13119344 0.25657445 37 99 235
-0.21345325 -0.05764487 -0.031644717 37 99 235
-0.034944676 0.028240001 0.55990267 37 99 235
0.14503168 -0.05744639 0.19661006 37 99 235
-0.062588088 0.043152623 -0.79367799 37 99 235
0.20944308 0.16749664 -0.3390016 37 99 235
0.25450328 -0.13982104 0.6768111 37 99 235
0.23506476 -0.22896536 -0.46261808 37 99 235
-0.071048103 -0.055805072 0.45359811 37 99 235
0.21445987 0.16855787 -0.31339359 37 99 235
0.28794846 -0.13328491 -0.283977 37 99 235
-0.041942697 -0.052372258 0.61928844 37 99 235
0.086260483 -0.086160339 0.44947991 37 99 235
0.228246 -0.11533027 0.063300736 37 99 235
0.2379711 -0.24265772 -0.61337441 37 99 235
0.34923157 0.061731011 0.48211923 37 99 235
-0.22605737 -0.12606768 0.56795794 37 99 235
0.38242224 -0.132157 -0.77654445 37 99 235
0.045829028 0.16234481 -0.40473908 37 99 235
-0.32724723 0.034016132 -0.24158482 37 99 235
-0.25226197 0.015666258 0.58503485 37 99 235
-0.35022306 0.039720871 -0.38484132 37 99 235
-0.32460612 0.13240789 -0.29767185 37 99 235
-0.38303494 -0.1274942 0.045281749 37 99 235
-0.27324146 0.13252339 0.36137739 37 99 235
0.071583934 0.14307077 -0.5988028 37 99 235
-0.2838684 -0.054586358 0.075805195 37 99 235
0.27123728 -0.1401847 0.53896588 37 99 235
-0.14090742 -0.044865776 -0.76094568 37 99 235
0.015125045 -0.063334443 0.67955315 37 99 235
0.27396464 -0.11337476 -0.19475746 37 99 235
-0.12903801 0.03006031 -0.78261262 37 99 235
-0.16002692 -0.11351891 -0.31581861 37 99 235
0.27356732 -0.18529327 -0.43501633 37 99 235
0.1394255 0.080104142 -0.73712683 37 99 235
0.32830295 0.30934465 -0.17788988 37 99 235
0.38354802 -0.206723 -0.7612716 37 99 235
0.22674641 -0.11817355 -0.19159849 37 99 235
0.2386701 0.0097458726 -0.58275175 37 99 235
0.34235704 -0.1919954 -0.71227109 37 99 235
0.34213981 0.1634489 0.28594759 37 99 235
0.27423534 -0.16137303 -0.43735775 37 99 235
0.21513411 0.14121062 -0.4610675 37 99 235
0.34847176 -0.088000633 0.27671695 37 99 235
-0.21658269 0.22676112 0.34874192 37 99 235
0.15134679 -0.046613671 -0.54281563 37 99 235
0.31024393 -0.30159652 0.42624357 37 99 235
-0.33791 0.19386956 0.21349938 37 99 235
0.34229779 0.099126816 -0.15033241 37 99 235
-0.25470436 -0.27316067 0.63709414 37 99 235
0.10590556 -0.11348554 -0.29225868 37 99 235
-0.02272309 0.14266787 -0.60744745 37 99 235
-0.31213483 0.3209388 -0.042826094 37 99 235
-0.34275609 0.23101451 0.34288612 37 99 235
0.16134427 0.064955153 0.68682694 37 99 235
-0.13311006 -0.11869847 0.084623612 37 99 235
-0.35233793 -0.081576101 0.52806711 37 99 235
-0.27632543 0.12267251 -0.75979608 37 99 235
0.21663308 -0.12703344 -0.57647592 37 99 235
-0.057726379 -0.11626207 0.24823096 37 99 235
-0.20412397 -0.11721023 -0.7281909 37 99 235
-0.23602679 -0.026762789 0.72051364 37 99 235
0.18269746 0.18180335 0.35571882 37 99 235
-0.31384969 0.31467146 0.13518661 37 99 235
-0.13938372 0.080372974 -0.39187264 37 99 235
-0.11446004 0.073162511 -0.78877312 37 99 235
-0.37401786 -0.26770538 0.5359785 37 99 235
0.35945901 -0.040597346 0.58173341 37 99 235
0.060952183 -0.057720739 -0.1307935 37 99 235
0.012564035 0.076097585 -0.52148718 37 99 235
0.031839382 -0.069387622 0.33904809 37 99 235
-0.02713632 -0.12671189 0.43559653 37 99 235
-0.32666305 0.26878807 -0.090438642 37 99 235
0.13302949 0.010968475 -0.32105139 37 99 235
-0.191287 0.01893436 0.55099612 37 99 235
0.31150231 -0.022671957 -0.10815223 37 99 235
-0.25578183 0.15158285 0.72520149 37 99 235
-0.26394901 -0.10621602 0.28247291 37 99 235
0.34900293 0.14741918 -0.42574292 37 99 235
0.034207266 0.028240001 0.58061785 37 99 235
-0.017414005 -0.11361153 -0.29811966 37 99 235
-0.2732434 0.082419999 0.45756504 37 99 235
-0.040267553 -0.037662853 -0.53861326 37 99 235
0.087591968 -0.08029037 -0.78666329 37 99 235
0.2478402 -0.17630839 0.43951392 37 99 235
-0.33156195 0.086033255 0.11693941 37 99 235
0.070689984 -0.11929289 -0.67382854 37 99 235
-0.12042893 0.30921847 0.36074483 37 99 235
0.15020241 0.29945379 -0.26646909 37 99 235
-0.19882518 -0.038622748 -0.56447536 37 99 235
0.012207123 0.27243182 -0.29791781 37 99 235
0.020127701 -0.057495188 0.14306204 37 99 235
-0.23340197 0.11752399 -0.30293909 37 99 235
0.26887137 -0.010068721 0.28227472 37 99 235
0.30681273 0.32323042 -0.0030643593 37 99 235
-0.34695533 0.030857423 -0.36449593 37 99 235
-0.33626482 0.18439943 -0.22079943 37 99 235
-0.32248417 0.086803667 0.72092694 37 99 235
-0.27274847 -0.009321833 -0.38244051 37 99 235
-0.35681042 -0.26404005 -0.68415397 37 99 235
-0.15292341 -0.085155405 -0.65212214 37 99 235
0.36363065 0.0079231178 0.48097375 37 99 235
0.32681689 0.27878487 0.24266686 37 99 235
0.077924088 -0.14037147 -0.57024336 37 99 235
0.24007706 0.10402767 -0.3687847 37 99 235
-0.25682443 -0.259276 0.51890695 37 99 235
0.3858178 -0.16358624 -0.69117504 37 99 235
0.39734384 -0.14438546 0.16001956 37 99 235
0.3363322 -0.16482615 -0.60582834 37 99 235
0.2293866 -0.15287589 0.31331524 37 99 235
0.28762802 -0.11052545 -0.71079475 37 99 235
0.35175201 0.031622481 -0.57082814 37 99 235
-0.16284272 0.058936223 -0.50256276 37 99 235
0.048075877 0.29452217 0.099784292 37 99 235
0.29067716 -0.25629857 0.65338266 37 99 235
-0.06517981 -0.11345793 -0.2684353 37 99 235
-0.34216732 -0.027812518 -0.16278565 37 99 235
0.30125254 -0.31017554 0.46088922 37 99 235
-0.30506834 0.20452908 0.31153682 37 99 235
0.28674191 -0.23939149 -0.62781417 37 99 235
0.2690998 0.16475238 -0.38079947 37 99 235
0.14683729 0.12725659 0.36249 37 99 235
0.15140443 0.33182001 -0.048846859 37 99 235
0.29095 -0.057855271 0.011319339 37 99 235
-0.32639274 0.02751868 0.71569371 37 99 235
0.13411391 -0.097677104 -0.6476115 37 99 235
0.35750532 -0.088487782 0.51421016 37 99 235
-0.24497235 -0.11431068 -0.099380091 37 99 235
0.071002148 -0.11131207 0.51715118 37 99 235
-0.23319702 -0.21054755 0.35213846 37 99 235
0.34226376 -0.043240286 -0.30343375 37 99 235
-0.35491502 0.026647767 -0.65358198 37 99 235
0.087028742 0.19256017 0.35007131 37 99 235
-0.32960728 0.042465214 -0.25392529 37 99 235
0.23723237 0.045752306 -0.49453282 37 99 235
-0.24201649 -0.1490218 0.66418225 37 99 235
-0.10411564 -0.11366399 -0.51452047 37 99 235
-0.32145 0.10698168 0.19520676 37 99 235
0.053425252 0.33182001 -0.10765621 37 99 235
0.11244757 -0.057824567 -0.25129244 37 99 235
0.071451955 -0.057383992 0.27738059 37 99 235
0.32976848 0.04058383 -0.26025096 37 99 235
0.20609084 -0.04903736 0.5139997 37 99 235
0.21505266 0.0079580136 0.77584833 37 99 235
-0.19513842 0.092219196 -0.79302549 37 99 235
-0.3817538 -0.061454706 -0.54327786 37 99 235
0.27413008 -0.2137523 0.57047635 37 99 235
0.31199524 -0.19491173 0.36298236 37 99 235
0.18040168 -0.060387403 -0.42740664 37 99 235
0.088276438 -0.1468737 0.48006713 37 99 235
-0.041631818 -0.10266215 -0.56402546 37 99 235
0.12350633 0.31578976 -0.18413584 37 99 235
0.062239151 0.17818822 -0.35989511 37 99 235
0.29970169 -0.19481264 0.33831024 37 99 235
0.29803541 -0.057558164 0.061816957 37 99 235
0.30627227 -0.27734697 0.62905169 37 99 235
-0.046469525 -0.057759404 -0.17448874 37 99 235
-0.049372789 -0.057577033 0.045198537 37 99 235
-0.27806818 0.15094204 -0.32241556 37 99 235
-0.090570182 0.30058363 -0.26600626 37 99 235
-0.094553888 0.056110591 -0.64991164 37 99 235
0.0076068472 -0.060276847 0.57947135 37 99 235
0.27250099 0.12277891 -0.74936467 37 99 235
0.31826046 0.31671274 -0.1975361 37 99 235
0.38435009 -0.13991986 -0.68891978 37 99 235
-0.35731107 0.020447111 0.68463528 37 99 235
-0.31099176 0.019417521 0.35499448 37 99 235
0.32871941 0.23304993 0.31891665 37 99 235
0.23848814 -0.1301135 0.21981323 37 99 235
0.37999883 0.18216577 -0.23278551 37 99 235
-0.19557446 -0.13073115 0.02348238 37 99 235
0.059646204 -0.10150958 -0.65017104 37 99 235
-0.32316738 -0.11324661 -0.10550635 37 99 235
0.29001296 0.065903872 -0.77872854 37 99 235
0.3556709 0.052160759 0.51923764 37 99 235
-0.34788355 0.039707907 0.38446966 37 99 235
-0.37206328 -0.21826899 0.38813692 37 99 235
-0.32145 0.098811574 -0.094592601 37 99 235
-0.072670221 0.006485003 -0.39299124 37 99 235
-0.083284222 0.095243119 -0.50953007 37 99 235
-0.32536703 0.018950073 -0.19453955 37 99 235
-0.093710959 0.1174798 -0.30439132 37 99 235
-0.10894958 0.010825639 0.70911705 37 99 235
-0.0025397723 -0.11377894 -0.021845579 37 99 235
0.21235503 -0.17760281 -0.4177919 37 99 235
0.16260061 0.022035617 0.58351344 37 99 235
0.33902952 -0.11110102 -0.032679036 37 99 235
-0.073982053 -0.034041245 -0.43370143 37 99 235
-0.25037068 -0.15524434 0.29880616 37 99 235
0.32829022 0.083847202 0.61499715 37 99 235
-0.32166356 0.014426609 -0.26913521 37 99 235
-0.030638378 -0.12552403 0.47436267 37 99 235
-0.32072052 -0.058243722 -0.76458907 37 99 235
-0.36602271 0.24197996 -0.29527491 37 99 235
0.13173376 0.31688038 0.15271579 37 99 235
0.12609322 0.13583057 -0.70496094 37 99 235
0.28826353 0.0068878038 0.29141614 37 99 235
0.091342784 0.0080983508 -0.39976493 37 99 235
-0.31191543 -0.21659468 0.35118315 37 99 235
0.17194903 0.059000302 -0.49617428 37 99 235
0.35102043 -0.14318432 0.52638704 37 99 235
0.34595042 0.027043018 0.76461345 37 99 235
0.21115677 0.069139458 -0.34779105 37 99 235
0.086548023 0.3256188 -0.10670239 37 99 235
0.36024573 -0.18690047 0.68397069 37 99 235
-0.13840432 -0.08713185 -0.59175396 37 99 235
-0.32145154 -0.037204504 -0.010506825 37 99 235
-0.31964847 -0.058301087 -0.57752597 37 99 235
0.19130582 0.00021219367 0.43461001 37 99 235
0.20450215 -0.22664353 -0.50212419 37 99 235
-0.012088208 0.078834452 -0.45375857 37 99 235
-0.3426021 0.18805481 -0.32234845 37 99 235
0.088562936 -0.10835093 -0.58623445 37 99 235
-0.35047159 0.016977252 -0.37429738 37 99 235
-0.35603717 0.051554523 0.43592134 37 99 235
0.17793626 0.079780713 0.4271799 37 99 235
-0.1541892 0.071623847 -0.31546134 37 99 235
-0.22947724 0.024888173 0.50272298 37 99 235
0.0018134981 0.0071535069 -0.51233727 37 99 235
0.13197756 0.10399099 -0.61828655 37 99 235
-0.22737078 -0.010724487 0.69646597 37 99 235
0.0066760806 -0.034002151 0.33743846 37 99 235
0.33889273 0.058575183 0.45907012 37 99 235
-0.26308417 0.015163547 -0.6995132 37 99 235
0.2095352 0.14070141 -0.45642021 37 99 235
0.14582375 0.07978864 -0.75513387 37 99 235
-0.1836458 0.11760451 0.71699291 37 99 235
-0.33797729 -0.27364653 0.38354415 37 99 235
-0.36193073 -0.0016436265 0.48115137 37 99 235
-0.21208481 -0.2305824 -0.7060259 37 99 235
-0.32971591 0.19658107 0.078211583 37 99 235
0.32109177 -0.19187078 0.64291191 37 99 235
0.25445285 -0.11621033 0.1084907 37 99 235
0.030318741 0.1438252 -0.5833391 37 99 235
0.30463815 -0.026626026 -0.33334476 37 99 235
-0.36914292 -0.017240746 -0.47007132 37 99 235
0.0023117277 0.0087349368 -0.51235974 37 99 235
0.2780802 -0.093294196 -0.73780483 37 99 235
0.33241946 -0.021547068 0.12823437 37 99 235
-0.00062962464 0.0080020241 -0.51567501 37 99 235
-0.23980035 -0.2280049 0.55342466 37 99 235
0.068889931 0.15258691 -0.31837049 37 99 235
-0.39037168 -0.13187695 -0.22545916 37 99 235
0.1300039 0.3218284 0.14757812 37 99 235
0.14109014 -0.1129091 0.21252218 37 99 235
-0.36601013 -0.10246453 0.61606228 37 99 235
0.30977798 -0.08412692 -0.78495938 37 99 235
0.28113103 -0.068450496 -0.69753367 37 99 235
-0.2056217 -0.036531109 0.31708458 37 99 235
-0.10483843 -0.018451603 -0.45218 37 99 235
0.33361945 0.048285294 -0.28198636 37 99 235
0.14664009 0.13817832 -0.62822258 37 99 235
0.2720606 -0.1174241 -0.2383453 37 99 235
-0.033142745 0.30309647 0.37082508 37 99 235
-0.13477755 0.049905695 -0.78493226 37 99 235
0.33072904 0.026429083 0.00081400928 37 99 235
-0.1995579 0.044540279 -0.33997986 37 99 235
-0.21816112 -0.19649276 -0.69891256 37 99 235
0.078847952 -0.11322199 0.22385117 37 99 235
0.29104045 0.32285723 0.090333186 37 99 235
0.12886345 -0.084205881 -0.6397776 37 99 235
-0.35763326 -0.12520404 0.064362578 37 99 235
-0.0097915186 0.001301707 -0.73565626 37 99 235
-0.069266565 -0.057628125 -0.014431674 37 99 235
0.26928312 -0.17764114 -0.72522926 37 99 235
-0.03376776 0.23929712 0.35076761 37 99 235
0.35452592 -0.10998817 0.34162909 37 99 235
0.27625006 0.32290643 -0.25604951 37 99 235
-0.093101852 0.30801523 -0.3155202 37 99 235
0.16403861 -0.097603939 -0.61069793 37 99 235
0.1976319 0.03050993 0.40488568 37 99 235
-0.24800801 0.052315738 -0.63015968 37 99 235
0.18460657 0.0091773272 0.47886273 37 99 235
-0.3148891 0.2392008 0.068596028 37 99 235
0.046877146 0.12371263 -0.75185347 37 99 235
0.22566448 -0.11231183 -0.34127733 37 99 235
0.20963596 0.33182001 0.024925197 37 99 235
-0.28315786 -0.00011795206 -0.39792144 37 99 235
0.3035112 0.29884914 0.19707435 37 99 235
0.0028278665 0.12825075 0.36164087 37 99 235
-0.052155603 -0.11405399 0.11157338 37 99 235
0.1256144 -0.11293434 0.18900082 37 99 235
-0.055068623 -0.1371142 -0.69919932 37 99 235
-0.26814404 -0.11293994 0.18864486 37 99 235
-0.31399751 0.27224883 -0.33060405 37 99 235
-0.04021012 0.31639901 0.15625335 37 99 235
0.27871269 0.14257894 -0.29532531 37 99 235
0.25468844 -0.31231549 0.48923853 37 99 235
-0.10539997 0.32387504 0.1358756 37 99 235
0.23975076 -0.10055492 0.38842916 37 99 235
-0.2630038 0.019588774 -0.57586354 37 99 235
-0.075694188 0.060296003 0.71842724 37 99 235
-0.27925745 -0.11336483 -0.18828316 37 99 235
-0.32334149 -0.13577588 -0.76215613 37 99 235
0.15675575 -0.049431626 -0.28193057 37 99 235
-0.20603536 0.02654767 0.62859827 37 99 235
0.37263685 -0.30553156 -0.65741938 37 99 235
0.20053099 0.054232832 -0.54516166 37 99 235
0.066303596 0.063952856 -0.6799733 37 99 235
-0.3138119 -0.20733429 0.3487758 37 99 235
0.34898999 0.1121358 0.63682032 37 99 235
-0.16132775 -0.027152956 -0.67614239 37 99 235
-0.31905183 -0.31025693 -0.68834341 37 99 235
-0.37971082 -0.12100721 -0.4444491 37 99 235
0.023039885 -0.12626079 -0.54610789 37 99 235
0.33421412 0.081559144 -0.11624426 37 99 235
0.32237387 -0.12384171 0.52448511 37 99 235
0.13707432 0.15125114 -0.55004656 37 99 235
-0.29095051 -0.052316431 0.12158947 37 99 235
-0.17350425 0.11828227 -0.32355329 37 99 235
0.038815118 0.076830275 0.36277491 37 99 235
-0.11168952 -0.059385624 0.59127522 37 99 235
0.043688599 -0.11321468 -0.093794882 37 99 235
-0.083177887 0.089838788 -0.33291113 37 99 235
-0.16118176 -0.068726555 0.24285084 37 99 235
-0.19680667 -0.083557002 -0.57513893 37 99 235
-0.32560751 0.048368767 0.33879271 37 99 235
-0.35051769 -0.098687358 -0.56448668 37 99 235
-0.21465667 -0.18480271 0.52121532 37 99 235
-0.28625152 0.32268476 0.19464676 37 99 235
0.27562174 -0.11032639 -0.52167928 37 99 235
0.33250585 0.26898685 0.23789376 37 99 235
0.25316787 -0.30727473 0.49538362 37 99 235
0.34477124 -0.20703918 -0.63587457 37 99 235
0.020493828 -0.15066814 -0.7333625 37 99 235
0.20856602 -0.10917047 0.47450903 37 99 235
-0.22117469 -0.15170656 0.55683613 37 99 235
-0.24191543 -0.13245203 0.34543252 37 99 235
0.32914847 0.14796098 0.24429351 37 99 235
0.32268077 0.060914554 0.21544266 37 99 235
-0.26884267 -0.057193443 0.13484183 37 99 235
0.17480943 0.30009896 0.29443732 37 99 235
-0.075874656 0.00049372768 0.70318025 37 99 235
0.16397908 0.17370206 -0.32658845 37 99 235
0.25013378 -0.27815962 -0.67743248 37 99 235
-0.35025495 -0.0053645456 -0.37806001 37 99 235
-0.30053085 0.28931248 0.23033948 37 99 235
0.27812582 0.029847914 0.56768459 37 99 235
-0.14436083 -0.057754133 -0.16435212 37 99 235
-0.20267941 -0.11308773 -0.75592655 37 99 235
-0.27627969 0.32357728 0.34307793 37 99 235
0.28662881 -0.22925767 0.465839 37 99 235
-0.0041292878 -0.010791961 -0.39562091 37 99 235
0.099862322 0.30980542 -0.077034302 37 99 235
-0.4018189 -0.14144257 -0.0205938 37 99 235
0.069110982 -0.0031770566 -0.79680663 37 99 235
-0.10484508 -0.057780005 -0.19196633 37 99 235
-0.12220783 -0.057797316 -0.21449895 37 99 235
-0.13083 -0.03669814 -0.6121403 37 99 235
-0.36007255 -0.121536 -0.054879472 37 99 235
0.23668517 -0.20438629 0.61545455 37 99 235
-0.17668615 0.07901492 0.55889875 37 99 235
-0.30495068 -0.05268757 -0.29795104 37 99 235
-0.066768453 0.29466277 0.16428706 37 99 235
0.31837329 0.31466228 -0.25706407 37 99 235
-0.3376694 0.10191091 -0.73492795 37 99 235
-0.29710588 0.019371256 -0.54937673 37 99 235
-0.23390734 0.068587899 -0.34621057 37 99 235
0.084471248 0.089679569 -0.46212295 37 99 235
-0.18304171 0.29734147 -0.24880998 37 99 235
0.13324863 0.086887024 -0.6479497 37 99 235
0.40581104 -0.14403236 -0.014282848 37 99 235
-0.2072586 0.25795603 0.33580372 37 99 235
0.0079169283 -0.11658464 -0.067351937 37 99 235
0.289738 -0.11325533 0.17643444 37 99 235
0.030200586 0.13843906 -0.65276349 37 99 235
0.29548669 -0.029521942 0.50357437 37 99 235
0.17941837 0.055559531 0.64726627 37 99 235
0.3340157 0.28994161 0.26355711 37 99 235
0.21241212 -0.1258734 0.079464808 37 99 235
0.20141207 0.021772712 -0.7783469 37 99 235
0.013065188 0.11368062 -0.77744567 37 99 235
-0.012635631 0.33150205 0.21561798 37 99 235
-0.35701546 -0.25017095 -0.47570702 37 99 235
0.28661302 0.14550506 -0.52391452 37 99 235
0.31451869 0.16344053 -0.38331705 37 99 235
0.020498591 0.043707296 -0.34808788 37 99 235
0.0060306019 0.093421124 -0.79588199 37 99 235
0.34066769 -0.059327465 -0.54818696 37 99 235
0.17771356 0.30112302 0.025165631 37 99 235
-0.30878168 0.0081385123 -0.41803125 37 99 235
-0.29033008 -0.10974262 0.60290223 37 99 235
0.32670698 -0.07775259 -0.43827283 37 99 235
0.00047617857 -0.054815773 0.71811306 37 99 235
-0.16230294 -0.086699143 0.33956394 37 99 235
-0.25928512 -0.045793537 -0.32895815 37 99 235
0.33379644 0.20349698 0.19705056 37 99 235
0.30155879 0.082816824 -0.69741046 37 99 235
-0.14941628 -0.15450035 -0.64139116 37 99 235
-0.2772916 0.31182885 0.25594014 37 99 235
0.2142628 0.0079205371 -0.76426011 37 99 235
0.13319106 0.33182001 0.060993433 37 99 235
0.14347543 0.10744093 -0.3542895 37 99 235
0.25077483 0.033189408 0.64781386 37 99 235
-0.3470836 0.12729064 0.36448288 37 99 235
0.067623116 0.035011828 -0.74989104 37 99 235
-0.34631428 -0.051238809 0.11175812 37 99 235
-0.1296401 0.094150543 -0.55802864 37 99 235
0.33585131 -0.11516873 -0.57230753 37 99 235
0.085761376 -0.013818316 -0.61791086 37 99 235
0.33672181 -0.14333417 0.52325255 37 99 235
0.065949082 0.08211492 -0.39747813 37 99 235
0.29610091 0.0098597677 0.43236962 37 99 235
-0.25318831 0.16391441 -0.36700761 37 99 235
0.25743508 0.14985572 -0.37995541 37 99 235
-0.2926161 0.10296229 0.35863814 37 99 235
0.26566708 -0.0053175278 0.5318765 37 99 235
0.22150078 -0.23398207 -0.56897795 37 99 235
-0.21376781 -0.13060541 -0.77531517 37 99 235
0.11269482 0.33182001 0.029015146 37 99 235
0.26499295 -0.22466636 -0.56670076 37 99 235
0.36782035 -0.22348003 -0.63832855 37 99 235
-0.013511857 -0.12802809 0.18023172 37 99 235
0.22902207 -0.11854492 -0.21093599 37 99 235
-0.28553212 -0.019506261 0.76389486 37 99 235
-0.21047761 -0.10429425 0.50214303 37 99 235
0.35325092 -0.12688343 0.43053383 37 99 235
0.34327796 0.13297933 0.50842929 37 99 235
0.02256779 0.010726437 -0.31385514 37 99 235
-0.041181657 -0.037343446 -0.71473873 37 99 235
0.20193145 -0.057777099 -0.19235229 37 99 235
0.2895444 -0.16982362 -0.71339726 37 99 235
-0.063285321 -0.014747778 0.73272818 37 99 235
-0.34326559 -0.10916296 0.49047181 37 99 235
0.27473339 -0.14590976 -0.76625627 37 99 235
0.15496141 -0.052337941 -0.36775839 37 99 235
-0.071118705 0.13650873 0.71578085 37 99 235
-0.35137755 -0.011997407 -0.7017287 37 99 235
0.31962615 -0.017005969 0.504287 37 99 235
-0.20340218 0.31337836 0.1488926 37 99 235
-0.21618156 -0.070734099 -0.68543428 37 99 235
-0.30787632 0.069424838 -0.68671423 37 99 235
0.3119401 -0.18625481 -0.54891616 37 99 235
0.32385015 0.12377783 0.27864859 37 99 235
0.21684405 -0.023734178 -0.71377581 37 99 235
-0.15246786 0.10665319 0.66424668 37 99 235
0.33881149 -0.020981656 0.16632073 37 99 235
0.34793901 0.080493815 -0.64105099 37 99 235
0.20080736 -0.066933028 0.60776681 37 99 235
0.13043183 0.060613547 -0.37556905 37 99 235
0.22164148 0.054283224 0.69084889 37 99 235
-0.078067072 -0.041219484 0.61133033 37 99 235
0.25923955 -0.051734544 -0.66459399 37 99 235
-0.32618815 0.04657435 0.10881201 37 99 235
-0.36973742 -0.0977 0.39844471 37 99 235
0.32776088 0.0054064891 -0.5387423 37 99 235
0.35488877 -0.11588614 -0.62966126 37 99 235
0.05281933 -0.1193647 -0.52698326 37 99 235
0.20783506 -0.13984829 -0.37118354 37 99 235
-0.14824298 -0.093811229 0.00089462771 37 99 235
-0.35783476 -0.0704256 -0.27745876 37 99 235
0.40177122 -0.13433518 -0.76202673 37 99 235
0.19005539 0.31047219 -0.27496561 37 99 235
0.18927665 0.052669182 -0.57695031 37 99 235
-0.023147538 0.027835513 -0.51389802 37 99 235
-0.29744372 0.26299381 0.29876974 37 99 235
-0.33806935 -0.12748326 -0.66279256 37 99 235
0.23846573 -0.11810125 -0.1691062 37 99 235
0.32721144 0.12493032 0.42938915 37 99 235
0.064985871 -0.089709476 -0.36974427 37 99 235
0.17788526 0.0088285524 -0.77353644 37 99 235
-0.37185663 -0.20240916 0.39539516 37 99 235
-0.4073804 -0.12925252 -0.20041034 37 99 235
-0.058361009 0.29476115 0.20416039 37 99 235
0.049403209 -0.047970414 -0.40501583 37 99 235
-0.2144831 0.018556926 -0.36974517 37 99 235
-0.25978225 -0.052200422 0.77085012 37 99 235
0.28450382 0.25431538 -0.31208092 37 99 235
0.094041951 -0.057735942 -0.15061174 37 99 235
-0.066533141 0.32651398 0.27493119 37 99 235
-0.081916712 0.33043757 -0.15923956 37 99 235
-0.10142848 -0.05778484 -0.19657327 37 99 235
0.3014529 0.066256128 0.7331205 37 99 235
-0.23303032 -0.15888122 -0.52174085 37 99 235
0.12538606 0.0096122976 -0.79774892 37 99 235
-0.34914476 -0.018456323 0.013393387 37 99 235
0.16212749 0.053310364 0.61441886 37 99 235
0.27773866 -0.079070784 -0.74961746 37 99 235
-0.35590652 -0.12731072 0.61584562 37 99 235
0.071008667 0.08284127 -0.61535317 37 99 235
0.18657638 0.070334516 -0.39767131 37 99 235
0.2482845 -0.14866704 -0.51842958 37 99 235
0.032510698 -0.073413283 0.37961191 37 99 235
0.32033592 0.24425684 0.34059247 37 99 235
-0.23992197 -0.06229246 0.042625759 37 99 235
0.34507513 0.089272007 -0.23769042 37 99 235
0.053266495 -0.029050266 -0.63348085 37 99 235
-0.1667766 0.07027436 -0.70645583 37 99 235
-0.34816656 -0.068782084 0.52980089 37 99 235
0.023551123 -0.020142995 -0.55816424 37 99 235
-0.33637077 -0.21855319 -0.64405376 37 99 235
0.33493292 -0.019499272 0.19369963 37 99 235
-0.25512719 -0.034168564 0.46894309 37 99 235
0.24914466 -0.25874403 -0.66785377 37 99 235
0.19370231 0.031495851 0.72595549 37 99 235
0.36747423 -0.24036811 0.57161635 37 99 235
-0.023006829 -0.057784084 -0.12541135 37 99 235
0.34516335 -0.0088154189 -0.018806228 37 99 235
-0.34331316 -0.10660264 0.53804398 37 99 235
0.0099340975 0.13461049 -0.69141227 37 99 235
0.35808939 -0.19197538 0.50118029 37 99 235
0.27828982 0.32407895 0.08564721 37 99 235
0.34466743 -0.048947141 0.30637321 37 99 235
0.28129917 0.031991679 -0.3766568 37 99 235
-0.031445071 0.011388717 -0.79138082 37 99 235
0.39043084 -0.14613619 -0.043979578 37 99 235
-0.056764867 -0.076967634 -0.48232773 37 99 235
-0.18866095 0.03917392 0.36295033 37 99 235
-0.28590244 -0.14531162 -0.44094938 37 99 235
-0.26855391 -0.077413343 0.67485178 37 99 235
-0.078772202 -0.050638307 0.4846642 37 99 235
-0.23570101 -0.0066204444 -0.46853137 37 99 235
0.34469563 -0.030778978 0.20543794 37 99 235
0.22667512 -0.044082031 0.42662224 37 99 235
-0.33261999 0.015814135 0.12182819 37 99 235
0.33476323 -0.26929078 -0.71687895 37 99 235
0.19523659 0.13275574 -0.3527303 37 99 235
-0.21028015 -0.074049219 -0.69090986 37 99 235
0.35715652 -0.12554464 0.63606894 37 99 235
0.31995133 0.0031046874 0.041598376 37 99 235
-0.036903888 -0.17147046 -0.57923001 37 99 235
0.25556588 0.10709661 -0.72962731 37 99 235
-0.076774523 0.31137237 0.36515146 37 99 235
-0.30863255 0.1231137 -0.67240059 37 99 235
0.27079868 0.30088732 0.31404123 37 99 235
0.22046359 -0.15751502 0.36756694 37 99 235
0.36285561 -0.24106473 0.40523687 37 99 235
-0.22604039 -0.057862725 -0.28604254 37 99 235
0.34572706 0.25630525 0.38376912 37 99 235
0.35900757 -0.23409508 -0.59969211 37 99 235
0.1309547 0.33182001 -0.0030394532 37 99 235
0.14096682 -0.11345538 -0.26303455 37 99 235
0.29668322 -0.11311613 0.032561533 37 99 235
-0.044199463 -0.073842064 -0.54784352 37 99 235
0.16246723 -0.11814152 0.19246094 37 99 235
0.16719045 -0.058655564 -0.58873254 37 99 235
-0.31543168 0.16341612 -0.37191531 37 99 235
0.085134365 0.15415579 -0.45287162 37 99 235
-0.10683644 -0.00034383687 -0.74446625 37 99 235
0.042321965 0.2836749 -0.30462828 37 99 235
-0.16660625 0.11244025 -0.53713429 37 99 235
-0.23267624 0.29753622 -0.27146745 37 99 235
-0.3379561 0.10749419 0.14799675 37 99 235
-0.30869916 -0.28208432 -0.72684234 37 99 235
0.011331375 -0.057770774 -0.26642367 37 99 235
-0.12592018 -0.11357087 -0.36850959 37 99 235
-0.21647258 0.028324747 0.36092269 37 99 235
-0.34025589 0.15161856 -0.42441201 37 99 235
0.25812328 -0.16575757 0.60515332 37 99 235
-0.33328232 0.0046724882 0.063860282 37 99 235
0.36543107 -0.12077636 0.30514446 37 99 235
0.30387896 0.10252427 0.71118695 37 99 235
-0.34506941 -0.047201164 -0.20637941 37 99 235
-0.28962672 0.056091886 -0.71752268 37 99 235
-0.2010944 0.32359186 -0.14533636 37 99 235
-0.3014282 0.097733639 -0.79335022 37 99 235
-0.16004936 -0.049441405 0.28635046 37 99 235
0.31875002 -0.30303901 0.43376791 37 99 235
0.07567554 0.31653929 0.2623364 37 99 235
0.16167593 0.020099135 0.62819129 37 99 235
0.2123027 -0.21931948 -0.46366113 37 99 235
0.19620855 -0.059630804 0.64100045 37 99 235
0.062410571 -0.048497248 0.60668713 37 99 235
0.33126429 -0.14961605 -0.49826333 37 99 235
-0.22301787 0.14108431 0.36920324 37 99 235
-0.25671518 -0.17318681 0.32772028 37 99 235
-0.0042838044 -0.12422824 -0.56036371 37 99 235
0.22587399 0.3168034 0.25067768 37 99 235
0.32800406 -0.19072463 0.63973778 37 99 235
-0.31583166 0.32208261 0.34273812 37 99 235
0.28702304 0.096261203 0.53085268 37 99 235
0.34847593 0.11230271 0.71336657 37 99 235
-0.29891351 0.03693803 -0.47292084 37 99 235
0.23928989 -0.05611822 0.74370515 37 99 235
0.01750222 -0.053931206 -0.29317236 37 99 235
-0.38896924 -0.25663063 -0.55257106 37 99 235
0.11749462 0.3224324 0.046866279 37 99 235
-0.40117398 -0.12390102 -0.21202531 37 99 235
0.32678047 0.062571503 0.23512566 37 99 235
-0.068909153 0.32796279 -0.087822653 37 99 235
0.19803619 -0.0098235123 -0.45705366 37 99 235
0.30104348 0.31756517 -0.14474458 37 99 235
-0.33264899 0.14380063 -0.47131726 37 99 235
0.21638888 -0.20925391 -0.55548823 37 99 235
-0.074675307 -0.057702433 -0.096602567 37 99 235
0.24597654 -0.24358758 0.66447407 37 99 235
-0.098425575 0.028409043 -0.7867201 37 99 235
-0.252653 0.31785601 0.13621649 37 99 235
0.30067977 0.32092813 0.063637733 37 99 235
-0.34969676 -0.08340095 -0.37292093 37 99 235
-0.085484639 0.09368293 -0.41206884 37 99 235
0.24262859 -0.25378835 -0.62279719 37 99 235
0.31243449 -0.039090537 -0.76645023 37 99 235
-0.28030947 -0.15016 -0.49338615 37 99 235
-0.0498708 0.030824944 0.36021426 37 99 235
0.35562789 -0.02063789 0.66666543 37 99 235
0.086925641 0.016595263 -0.75678778 37 99 235
-0.28806272 -0.088346832 -0.69612527 37 99 235
-0.24880244 -0.1405955 -0.76870185 37 99 235
-0.036171183 -0.057806935 -0.2246895 37 99 235
0.3264052 -0.23032264 -0.5298574 37 99 235
-0.077737674 0.089704938 -0.79811543 37 99 235
0.34475607 0.0095727053 -0.53366774 37 99 235
-0.35313752 -0.13751967 -0.46556252 37 99 235
-0.16703494 -0.061693095 0.58801723 37 99 235
-0.12117126 0.30937901 -0.12201568 37 99 235
-0.18498197 -0.032890629 0.32701588 37 99 235
0.0036370582 -0.057184588 -0.74744171 37 99 235
-0.21374306 0.04970156 0.38893655 37 99 235
0.24631001 0.2602073 0.35032251 37 99 235
0.18716599 -0.057104848 -0.26675975 37 99 235
-0.26836941 -0.21627963 -0.76981533 37 99 235
0.12797384 0.084179737 0.36249 37 99 235
-0.36748803 -0.25266176 0.54076779 37 99 235
0.076186687 0.028240001 0.45695183 37 99 235
0.24335757 0.29577383 -0.23875108 37 99 235
0.31617221 0.16838787 0.33669829 37 99 235
-0.25082964 -0.056038756 -0.16655858 37 99 235
0.33920556 0.14251213 0.33152789 37 99 235
0.21222027 -0.047623038 -0.63958967 37 99 235
-0.13618937 0.13497531 0.72038859 37 99 235
-0.04255813 0.13656701 -0.65142995 37 99 235
-0.36794633 -0.1777975 0.41446385 37 99 235
0.11078589 0.30285269 0.18766603 37 99 235
0.11998911 0.30898401 0.36951584 37 99 235
-0.33254001 0.075921528 0.15772352 37 99 235
0.27623543 -0.057658948 -0.051970266 37 99 235
0.32511997 0.074678697 0.058368523 37 99 235
-0.23075359 0.087486349 -0.57736707 37 99 235
-0.35269684 0.079745516 0.39100823 37 99 235
0.36003578 0.14534709 -0.23395865 37 99 235
-0.38551658 -0.22103412 -0.46103522 37 99 235
-0.081539936 -0.034354307 0.79150087 37 99 235
0.035361405 0.22756262 0.352198 37 99 235
0.3130433 -0.0089073135 -0.37449539 37 99 235
0.29966629 0.147833 -0.28983083 37 99 235
0.26870754 0.00036293303 -0.46031392 37 99 235
0.22563778 0.076243117 0.66908461 37 99 235
-0.01977527 0.081930958 -0.63747227 37 99 235
-0.029628733 -0.056301691 0.65979242 37 99 235
0.32592401 0.15758224 -0.39895383 37 99 235
-0.4055407 0.18671648 -0.23519243 37 99 235
0.25018764 -0.13108468 0.33882397 37 99 235
-0.35876873 0.0027112155 -0.65384394 37 99 235
-0.30374101 0.0073093511 0.7644279 37 99 235
-0.3098855 0.22141947 0.049400941 37 99 235
0.11848276 0.30897161 0.22425595 37 99 235
-0.12288573 0.31918037 -0.26679567 37 99 235
0.23103422 -0.057394959 0.25898635 37 99 235
-0.14793761 -0.064377889 0.57393116 37 99 235
-0.18450631 -0.13017654 0.14913683 37 99 235
-0.14108606 0.088228725 -0.78503478 37 99 235
-0.23894334 -0.11555953 0.20007667 37 99 235
0.35171106 -0.21634671 0.35044289 37 99 235
-0.35757738 -0.098866023 0.60895216 37 99 235
-0.25467142 -0.29701567 0.54541337 37 99 235
0.062254794 0.31126007 0.29614687 37 99 235
0.040507648 -0.15459922 -0.70918566 37 99 235
0.25398594 -0.057431504 0.21926513 37 99 235
0.0056871958 0.31356308 -0.33468959 37 99 235
-0.10686505 0.32043952 0.31627631 37 99 235
0.27683562 -0.17424938 -0.7700938 37 99 235
0.038130607 0.05242249 -0.79679006 37 99 235
-0.35350078 -0.27211207 0.38295004 37 99 235
0.19756566 0.2953949 -0.17466831 37 99 235
-0.1377507 0.1408357 -0.57708275 37 99 235
0.35923773 -0.13285042 0.27142763 37 99 235
-0.22735886 -0.048813339 0.76107222 37 99 235
-0.35019001 0.1035703 0.65889567 37 99 235
0.097032517 0.08288537 -0.63522363 37 99 235
0.35127041 -0.31459031 -0.57065016 37 99 235
0.19621305 0.33182001 -0.058188263 37 99 235
0.31239733 0.004841106 0.78056723 37 99 235
0.076527201 0.098551556 -0.79579198 37 99 235
-0.34921974 0.097356714 0.50236171 37 99 235
-0.25214252 -0.097989731 -0.443784 37 99 235
0.32025 0.032519799 -0.19902159 37 99 235
0.29016334 0.062558055 0.37562555 37 99 235
0.13229959 -0.07376194 0.44806626 37 99 235
0.30293328 0.0059373681 0.61983943 37 99 235
-0.027071431 -0.13600613 -0.63649696 37 99 235
-0.32145 0.10186183 -0.1349519 37 99 235
0.10943271 0.33182001 0.043808822 37 99 235
-0.2613892 0.15000609 -0.46732524 37 99 235
0.071062081 0.050843611 0.37337288 37 99 235
0.0081132054 -0.11363989 -0.12387941 37 99 235
-0.36556336 0.087325811 -0.2729651 37 99 235
0.33569342 0.28951624 -0.034255825 37 99 235
-0.06710916 0.32623199 0.22385943 37 99 235
-0.31059048 -0.11426486 0.19667836 37 99 235
-0.32430768 0.070785798 0.035291217 37 99 235
0.2614288 -0.23482287 -0.7259689 37 99 235
0.28366616 0.10140204 -0.4851597 37 99 235
-0.33259201 -0.025261624 -0.25012237 37 99 235
0.086028196 -0.10011423 -0.71687537 37 99 235
-0.22324476 0.079864182 0.56197786 37 99 235
0.1993935 -0.0029518134 0.61388069 37 99 235
0.06962394 0.15274249 -0.50963765 37 99 235
-0.38213801 -0.14063174 0.18857488 37 99 235
0.075337589 -0.063775085 0.73813546 37 99 235
0.28810245 0.26626143 0.1290435 37 99 235
-0.24907114 -0.085765541 -0.36251101 37 99 235
0.22885236 0.028249636 0.42714214 37 99 235
-0.19559951 0.31126609 0.31341875 37 99 235
0.30287683 -0.082846448 -0.52871227 37 99 235
-0.18851665 0.32971597 -0.05445911 37 99 235
-0.20594054 0.31463036 -0.32816449 37 99 235
0.36576131 -0.050397854 0.63268507 37 99 235
-0.33968481 -0.032301906 0.69953591 37 99 235
-0.11163169 0.27739415 0.35624075 37 99 235
0.01529526 0.19170117 -0.32902464 37 99 235
0.022985559 0.028240001 0.4940632 37 99 235
-0.099033237 0.076011829 -0.50245237 37 99 235
0.33121866 0.22378741 -0.026782766 37 99 235
-0.14775942 0.041180637 0.68512362 37 99 235
0.23636429 0.15316282 -0.44500065 37 99 235
0.30849427 0.1378326 -0.53967243 37 99 235
0.35562715 0.13906227 -0.30590421 37 99 235
0.04095332 0.028825114 0.37942594 37 99 235
-0.14424302 -0.15398961 -0.62149781 37 99 235
-0.32873151 0.036420856 -0.014674923 37 99 235
-0.05078651 -0.06080256 0.44055772 37 99 235
-0.0070310356 0.31538323 0.018417539 37 99 235
-0.018024137 0.098706573 0.73277771 37 99 235
0.13507921 0.32529911 -0.16998549 37 99 235
0.1197282 -0.065796539 -0.52057379 37 99 235
0.14627391 0.082024582 -0.77815914 37 99 235
0.15473969 -0.088396266 0.32827294 37 99 235
0.040520437 -0.062217161 -0.74368364 37 99 235
-0.07481274 0.048833691 -0.38944522 37 99 235
-0.07949169 0.028240001 0.47191954 37 99 235
-0.11547907 -0.017506791 -0.31475967 37 99 235
-0.12254328 0.012746584 -0.73792791 37 99 235
0.020507812 -0.058677193 0.58354187 37 99 235
0.032788366 0.071163096 -0.46462616 37 99 235
-0.34720236 0.082470477 0.30873221 37 99 235
0.35201746 -0.13984533 0.51685345 37 99 235
-0.2851041 0.25136721 0.30184174 37 99 235
0.3204869 -0.15139861 0.57349283 37 99 235
-0.28061962 -0.056400433 -0.55818516 37 99 235
-0.27613854 0.14071494 -0.57195032 37 99 235
0.21217838 -0.042531125 0.79117787 37 99 235
0.10016374 0.013996472 -0.38460675 37 99 235
0.27713558 -0.14038709 -0.43077019 37 99 235
0.15045017 0.09938924 0.70000088 37 99 235
-0.15414022 -0.031882651 -0.71808827 37 99 235
-0.35633892 0.24783289 -0.30366781 37 99 235
0.013382941 0.14312734 -0.6138162 37 99 235
0.22954182 -0.1550097 0.4954167 37 99 235
0.21485156 0.056292206 0.4130142 37 99 235
0.070987694 -0.11479992 -0.35236275 37 99 235
0.21553898 0.089107625 0.68687594 37 99 235
0.32025 0.077354774 -0.2241586 37 99 235
0.3340061 -0.13028866 0.53524476 37 99 235
0.3754667 -0.09154819 0.14531958 37 99 235
-0.35019001 0.11276504 0.64113986 37 99 235
-0.31249988 -0.22896555 0.56364363 37 99 235
-0.15983942 -0.072338104 -0.46515557 37 99 235
0.36025217 -0.083691098 -0.62365299 37 99 235
-0.16480325 -0.1197663 -0.28832495 37 99 235
-0.324994 -0.057513542 0.69839799 37 99 235
-0.18561833 0.02486803 0.50737101 37 99 235
0.30747187 0.17246942 -0.37661818 37 99 235
-0.31151849 0.069895498 -0.50326931 37 99 235
0.32660329 -0.11351673 -0.37240094 37 99 235
-0.34974653 0.0072134873 -0.67218691 37 99 235
-0.067031167 -0.043131515 0.48590651 37 99 235
0.27342284 -0.25150737 0.36323878 37 99 235
0.071783483 0.13817009 -0.67208546 37 99 235
-0.33791 0.18575053 0.20271222 37 99 235
-0.022835484 -0.057595421 0.02049824 37 99 235
-0.37194693 0.19137016 -0.28573266 37 99 235
0.18468714 -0.13374026 -0.080930516 37 99 235
-0.22661103 -0.1048161 0.57177269 37 99 235
0.042500775 -0.022345159 -0.59390843 37 99 235
0.29112628 -0.206783 -0.52437794 37 99 235
-0.028099149 -0.15533912 -0.51089454 37 99 235
0.24094863 0.044812858 -0.78593463 37 99 235
0.28525624 -0.31914115 0.51095629 37 99 235
0.3214497 -0.057797968 0.33512992 37 99 235
-0.35685986 0.028336881 0.68170857 37 99 235
0.32790729 0.12607126 -0.56852186 37 99 235
-0.2504608 0.088152282 0.39908722 37 99 235
-0.16735557 0.0215517 -0.34362748 37 99 235
-0.020401606 -0.12504929 0.16986926 37 99 235
0.33634713 0.15244113 0.50304174 37 99 235
0.27028427 -0.051758058 -0.6175701 37 99 235
0.33983222 0.082168497 -0.00023073255 37 99 235
-0.29357454 -0.24210817 0.36412266 37 99 235
-0.038114429 -0.058647335 0.46175209 37 99 235
0.33567196 -0.083776817 -0.28532061 37 99 235
-0.21285091 -0.018821273 0.38630429 37 99 235
-0.27917853 -0.0071942406 0.41623697 37 99 235
0.34855509 0.089672089 0.53552943 37 99 235
-0.063648626 0.10148481 0.71117222 37 99 235
0.34784696 0.097468205 0.34273657 37 99 235
0.1857198 0.081273824 -0.72414911 37 99 235
-0.34135351 0.029818377 0.52993524 37 99 235
0.18661012 0.13639252 -0.56007481 37 99 235
-0.25409666 -0.17198937 0.32178384 37 99 235
-0.24053279 -0.069970615 0.40259051 37 99 235
0.22215444 -0.11160379 0.42493561 37 99 235
-0.25948128 -0.22104071 -0.59360701 37 99 235
-0.34633085 0.12622534 0.034064788 37 99 235
-0.33471331 -0.048732273 -0.47577959 37 99 235
0.31811982 0.31429571 0.30854461 37 99 235
0.038662385 0.29464069 0.15612319 37 99 235
-0.17915869 0.045712303 -0.71740282 37 99 235
0.23007242 -0.13944502 -0.51700628 37 99 235
-0.40273523 -0.14450042 0.1261719 37 99 235
0.31501225 0.085770421 -0.33803231 37 99 235
-0.33791 0.21197928 0.19585189 37 99 235
0.26713011 -0.083077371 0.44491386 37 99 235
0.18556787 -0.047409084 -0.66708207 37 99 235
0.33988234 -0.16241951 -0.54748678 37 99 235
-0.15939388 -0.057700023 -0.095111065 37 99 235
0.23267506 -0.13918696 -0.29735169 37 99 235
-0.098225966 0.30643094 -0.24458098 37 99 235
-0.044991929 -0.057711139 -0.11092338 37 99 235
-0.31083465 0.031857796 0.4720214 37 99 235
0.25693002 -0.057427019 0.22351654 37 99 235
0.022544876 -0.035314869 0.79314506 37 99 235
0.36074787 -0.10843645 0.41354945 37 99 235
0.0059823985 0.31915048 0.23135844 37 99 235
0.16006789 0.14035316 -0.62596828 37 99 235
0.3204388 -0.30819434 0.45842671 37 99 235
-0.017372724 0.33082721 0.24434751 37 99 235
0.35787758 -0.21948241 -0.76695299 37 99 235
-0.24204814 0.31534857 -0.3101975 37 99 235
0.1033014 -0.057447962 0.19834588 37 99 235
-0.30550924 0.010342078 0.60402918 37 99 235
-0.10189711 0.052987162 -0.49894729 37 99 235
-0.3516838 -0.11797315 0.057945907 37 99 235
0.046955034 -0.042176086 -0.63726187 37 99 235
0.34520388 -0.10919309 0.47665054 37 99 235
0.16061436 -0.098241031 -0.42386326 37 99 235
-0.28467879 -0.19237581 0.34181851 37 99 235
-0.19187544 0.014271143 -0.35392115 37 99 235
-0.36192647 -0.090210043 0.57449889 37 99 235
-0.21823202 -0.069733433 -0.73535919 37 99 235
0.36646897 -0.070999742 -0.65274096 37 99 235
-0.3440586 -0.0076304567 0.58499491 37 99 235
0.26839 -0.24418819 0.66795152 37 99 235
0.29482159 0.14494179 -0.51497871 37 99 235
0.23879111 -0.26046222 0.61971474 37 99 235
-0.40710512 -0.14587192 -0.49987906 37 99 235
-0.056341887 -0.057402674 0.24234827 37 99 235
-0.36946288 -0.23963717 0.386439 37 99 235
0.20116605 -0.13305172 0.071917355 37 99 235
-0.37380764 -0.26411992 -0.49385715 37 99 235
0.36862597 -0.21302301 -0.76599395 37 99 235
-0.17373934 0.11283018 -0.53848171 37 99 235
-0.20285057 -0.023417618 0.5126577 37 99 235
-0.27420938 -0.12476815 -0.48020208 37 99 235
-0.048019711 -0.11317977 -0.027358608 37 99 235
-0.064214647 -0.09254089 -0.47125858 37 99 235
-0.31757811 -0.17472078 0.68755507 37 99 235
-0.34331378 0.098366097 -0.76488572 37 99 235
0.30546892 -0.10991075 0.029104838 37 99 235
-0.20607007 0.30722386 -0.14836808 37 99 235
0.32692924 -0.053086475 0.14001068 37 99 235
0.17295535 0.089023583 -0.73836082 37 99 235
0.2978583 -0.074579492 -0.53757936 37 99 235
0.36124995 -0.047168121 0.5146752 37 99 235
0.12569889 0.28195459 0.34056956 37 99 235
0.24130706 -0.14571612 0.44212404 37 99 235
0.035700895 0.07489121 -0.31386146 37 99 235
0.26117262 -0.1214656 0.40787402 37 99 235
-0.038369019 0.055666644 -0.37348413 37 99 235
0.33296359 -0.099996649 0.50968444 37 99 235
0.040428609 -0.046290278 -0.6067118 37 99 235
0.26363388 -0.11119898 0.41448486 37 99 235
0.35871539 -0.097375244 0.4830876 37 99 235
-0.29098204 -0.24200423 -0.76581937 37 99 235
0.22362812 0.13343556 -0.65008348 37 99 235
0.049049851 -0.057502877 0.13442397 37 99 235
-0.30572677 -0.18527234 0.34264797 37 99 235
0.29160106 -0.21147859 -0.52727067 37 99 235
-0.17512287 0.029679449 -0.36463848 37 99 235
0.36339062 -0.27530274 0.43312413 37 99 235
0.32421845 -0.06855426 -0.52989185 37 99 235
-0.28232801 -0.026829803 0.27077338 37 99 235
-0.34474793 -0.21986093 -0.53411955 37 99 235
-0.34527805 0.24002214 -0.074936613 37 99 235
0.15463941 -0.12011879 -0.18253262 37 99 235
-0.052013449 0.32892829 -0.17218503 37 99 235
0.035803169 -0.058628406 -0.040170155 37 99 235
0.29806811 -0.046881244 0.27424851 37 99 235
-0.08068087 0.10963112 -0.40034544 37 99 235
0.21791305 -0.035367932 -0.58033288 37 99 235
-0.34957132 0.26966885 0.089950219 37 99 235
0.22589119 0.096531078 -0.31453204 37 99 235
-0.025345592 0.037042156 -0.50982207 37 99 235
0.17707764 0.0096373865 0.50714654 37 99 235
0.16934474 0.023798827 -0.541399 37 99 235
0.14405566 0.076167233 0.65482265 37 99 235
-0.20008095 -0.030233949 -0.45145848 37 99 235
0.23577057 -0.05798563 0.63033307 37 99 235
-0.12972629 0.32564607 -0.053016704 37 99 235
-0.13530959 -0.11394721 0.018447783 37 99 235
-0.17043997 0.31606901 0.26539192 37 99 235
0.33591178 0.15264873 0.32897362 37 99 235
-0.22316505 -0.011801058 0.65461934 37 99 235
0.35043976 0.12247278 0.36847061 37 99 235
0.010163127 0.028240001 0.57258832 37 99 235
0.33120212 0.02938325 0.76403069 37 99 235
-0.31975257 -0.31679243 0.52099282 37 99 235
-0.39670992 -0.22131446 -0.52559823 37 99 235
-0.13960612 -0.033765748 0.60720152 37 99 235
-0.1842179 0.032232121 -0.53406072 37 99 235
0.24393506 0.044443972 0.71473116 37 99 235
-0.019473666 -0.13188241 0.24359672 37 99 235
-0.25450996 -0.083282217 -0.76579088 37 99 235
0.092633717 -0.047558144 -0.28465918 37 99 235
0.073979586 -0.057722896 -0.048811954 37 99 235
-0.03165761 -0.1652143 -0.56631482 37 99 235
0.010769946 0.079271331 -0.41268957 37 99 235
-0.057527184 -0.10820423 -0.57074499 37 99 235
-0.20394978 -0.094274573 -0.74864489 37 99 235
0.35877612 0.025799394 0.48515117 37 99 235
-0.30340588 -0.27344969 -0.47769392 37 99 235
0.24767393 0.028418757 -0.68160123 37 99 235
0.19984767 -0.14780582 -0.60937732 37 99 235
-0.017737452 0.028240001 0.47477138 37 99 235
-0.27763894 -0.0045974175 0.4182798 37 99 235
0.34842914 0.10602746 -0.44152656 37 99 235
0.30985618 0.13564938 -0.54733163 37 99 235
0.25120384 -0.057602428 0.015700515 37 99 235
0.14751425 -0.0045088022 -0.69781208 37 99 235
-0.18604879 0.082419999 0.42838952 37 99 235
-0.30492511 -0.045833163 0.28773335 37 99 235
0.18482274 -0.044162117 -0.44098321 37 99 235
-0.18102965 -0.13388588 -0.24741797 37 99 235
-0.32807839 0.028708894 -0.64938694 37 99 235
0.1646134 -0.038889721 -0.5426597 37 99 235
0.36206099 -0.067029424 0.47983229 37 99 235
0.11898509 0.086106278 0.71327049 37 99 235
0.03517871 -0.064054705 0.55913389 37 99 235
0.23017885 0.068643592 0.5986163 37 99 235
-0.34236738 0.11945909 -0.48570234 37 99 235
0.23772122 0.08643382 -0.43453559 37 99 235
0.31543505 -0.23018019 0.35270244 37 99 235
-0.21871892 0.021493275 0.47835058 37 99 235
-0.32145 0.056481566 -0.093795545 37 99 235
-0.24477448 -0.20723081 -0.68040508 37 99 235
-0.30112532 -0.25968388 -0.75115931 37 99 235
-0.19411874 -0.057839755 -0.27063453 37 99 235
0.23578522 0.068773746 0.45775726 37 99 235
0.24451727 0.30031168 0.12919194 37 99 235
0.068142369 0.081636302 -0.45850578 37 99 235
-0.18310857 -0.072297774 0.039136708 37 99 235
0.2393229 0.045775138 0.47630164 37 99 235
-0.11802312 -0.07325507 -0.64726365 37 99 235
0.34347561 0.25540102 0.00029506127 37 99 235
0.13395746 -0.079343319 0.417081 37 99 235
-0.24061869 -0.22948331 0.46102813 37 99 235
-0.15384588 -0.10526762 -0.42925736 37 99 235
-0.29036885 -0.031678852 -0.15856731 37 99 235
0.19261064 0.21291921 0.34795433 37 99 235
0.22435026 -0.23405014 -0.60008639 37 99 235
0.27839711 0.24496999 0.33258545 37 99 235
0.2787917 0.089888163 -0.41669652 37 99 235
0.096300893 -0.062396005 0.58182395 37 99 235
-0.34856442 -0.26742482 0.37296948 37 99 235
0.26855546 -0.26996329 -0.49148798 37 99 235
-0.23487036 -0.13014749 -0.28858227 37 99 235
0.20762269 -0.1172449 -0.57839006 37 99 235
0.060881749 0.090390578 -0.39281467 37 99 235
0.36612704 -0.087596834 0.64088863 37 99 235
0.012905746 -0.070992857 0.29591209 37 99 235
0.29345402 0.075850762 0.60435611 37 99 235
0.047863413 0.33164501 -0.012490258 37 99 235
0.24592036 -0.051976983 0.73808563 37 99 235
0.31513301 -0.11305001 0.094006971 37 99 235
-0.24963678 -0.086460955 0.64145452 37 99 235
0.35253435 -0.01531511 0.7229808 37 99 235
-0.25002173 -0.29406244 -0.70428711 37 99 235
-0.17559302 -0.011622346 -0.46009511 37 99 235
-0.063911118 -0.094949931 -0.48502699 37 99 235
-0.0050995518 -0.0026265467 -0.54064167 37 99 235
0.3618553 -0.076729044 0.40447134 37 99 235
-0.26937848 -0.0086079361 0.62732244 37 99 235
-0.19718619 0.12021796 -0.47228059 37 99 235
0.00014458904 0.066741727 -0.31386483 37 99 235
0.20221707 -0.057760712 -0.17237112 37 99 235
0.20293696 -0.059288006 0.59474349 37 99 235
0.13507234 -0.10946151 -0.38617724 37 99 235
-0.21296428 -0.074572437 0.56421638 37 99 235
0.35848799 0.081495732 -0.77767491 37 99 235
-0.2898109 0.1348692 -0.59069568 37 99 235
-0.022412315 -0.084445491 0.36329174 37 99 235
0.33118486 0.07591448 0.1799607 37 99 235
0.021704638 0.040188167 -0.34337345 37 99 235
0.25590152 -0.11307634 0.062758349 37 99 235
0.066252619 -0.10711218 -0.70781481 37 99 235
-0.035566278 -0.13085936 -0.69746935 37 99 235
-0.2319221 -0.16316599 -0.77086377 37 99 235
-0.31418356 -0.091659158 0.67449689 37 99 235
-0.19958082 0.25203517 -0.33122149 37 99 235
-0.25595501 -0.12121083 0.34266981 37 99 235
-0.11533993 -0.11307772 0.063613735 37 99 235
0.32754803 0.25289047 0.37338898 37 99 235
0.18604097 0.10266382 -0.37273747 37 99 235
0.33781374 -0.26513955 -0.73499048 37 99 235
0.24268121 -0.046677642 -0.70057285 37 99 235
0.34311104 0.088356696 -0.65133125 37 99 235
-0.34907004 -0.01668928 0.42421114 37 99 235
0.21512534 0.33179653 0.025234647 37 99 235
0.36329114 -0.25443396 -0.69479364 37 99 235
-0.35224679 0.065206915 0.53066814 37 99 235
0.1777176 0.079541139 -0.4763042 37 99 235
0.18182941 0.1062303 -0.30564538 37 99 235
0.17284055 -0.068490662 -0.68092591 37 99 235
0.18804373 -0.0043665925 -0.4507111 37 99 235
-0.11730786 0.12564395 -0.7378431 37 99 235
0.35202456 -0.31686667 -0.60124087 37 99 235
0.092956454 0.028240001 0.60235685 37 99 235
-0.061206345 0.32144877 -0.1651181 37 99 235
-0.35249487 -0.03214756 0.57269543 37 99 235
0.41127855 0.18273102 -0.24846354 37 99 235
-0.42041299 -0.13957871 0.072058901 37 99 235
-0.29033339 0.069491111 -0.50402349 37 99 235
0.012883347 -0.12264953 0.35578427 37 99 235
0.24358866 0.0081096981 0.6046524 37 99 235
0.23504035 -0.14898871 0.38122508 37 99 235
-0.27024928 0.054572891 0.36017773 37 99 235
-0.2701444 -0.1130081 0.12461035 37 99 235
-0.32510257 -0.11328577 -0.39312223 37 99 235
0.17218462 -0.010133246 -0.72166491 37 99 235
0.32717457 0.17520463 0.043068312 37 99 235
-0.024377896 0.29816085 0.36781973 37 99 235
0.35365364 0.0071316031 -0.56243044 37 99 235
0.32948092 -0.11535663 -0.47297308 37 99 235
0.36129668 0.049864337 -0.70737612 37 99 235
0.30250818 0.13271472 0.37909523 37 99 235
-0.36905518 -0.12154625 0.034782857 37 99 235
0.12694091 -0.008869689 -0.62908447 37 99 235
-0.07712362 -0.05772141 -0.12608442 37 99 235
0.3316018 -0.22711794 -0.52683133 37 99 235
0.2851243 0.17420165 0.35274118 37 99 235
0.36263889 -0.13233149 0.14228767 37 99 235
0.34829831 -0.2857002 0.61572975 37 99 235
-0.22572528 -0.2788702 -0.65373242 37 99 235
-0.097879857 0.10984851 0.68331969 37 99 235
0.31878754 0.13710447 0.49482742 37 99 235
-0.40089291 -0.18979689 -0.51627028 37 99 235
-0.026733633 -0.1656041 -0.5642789 37 99 235
-0.33785108 0.30355439 -0.021934692 37 99 235
0.25026387 -0.068639547 0.7066142 37 99 235
-0.35657361 -0.15872611 0.44551688 37 99 235
0.34277782 -0.10842866 -0.29364571 37 99 235
-0.36644587 0.17868978 -0.28697574 37 99 235
-0.35817039 -0.075793818 0.34485766 37 99 235
-0.13619876 -0.081022814 0.39939439 37 99 235
0.312682 -0.019966841 0.78510189 37 99 235
0.23802303 -0.25450522 0.58168185 37 99 235
-0.16931987 0.015840672 -0.78863436 37 99 235
0.25111279 -0.053957146 0.72161061 37 99 235
-0.18853872 0.068124138 0.41420117 37 99 235
0.31352288 0.041371614 0.59810209 37 99 235
0.27190405 0.002368123 0.28963521 37 99 235
0.35367867 -0.20408778 -0.61617637 37 99 235
-0.047625791 -0.057769071 -0.1853935 37 99 235
0.013650183 -0.11489695 0.0075091752 37 99 235
-0.18395039 -0.099073596 -0.74743766 37 99 235
-0.038955685 0.17317954 0.35587636 37 99 235
-0.016119404 0.12919049 -0.7268337 37 99 235
0.3661474 -0.12622 -0.02345043 37 99 235
0.09218891 0.0065567773 -0.74261302 37 99 235
-0.3019838 0.0082366234 -0.7935195 37 99 235
0.23414572 -0.13422456 0.3370457 37 99 235
0.35723269 -0.14641851 0.29291603 37 99 235
-0.080601647 -0.051106799 0.52299047 37 99 235
-0.15999757 -0.06200755 0.046765741 37 99 235
0.37768778 -0.28067589 -0.66211587 37 99 235
0.013898088 -0.100184 -0.57883972 37 99 235
-0.18165135 0.033938829 -0.33257911 37 99 235
-0.31833461 -0.030823236 0.33945683 37 99 235
0.23718444 0.013973367 0.7156812 37 99 235
0.15038694 0.025018189 0.71606785 37 99 235
0.26458582 -0.21657482 0.67608911 37 99 235
-0.077796966 -0.11356825 -0.36423761 37 99 235
0.27241927 0.29825088 0.0074339751 37 99 235
-0.18139473 -0.17126541 -0.65583575 37 99 235
-0.10058755 0.17712113 -0.35883138 37 99 235
-0.23905481 -0.22274111 0.34683886 37 99 235
0.19833356 -0.11719843 0.3578392 37 99 235
0.34735924 -0.039866105 0.28141493 37 99 235
0.058452245 0.31762138 -0.33397117 37 99 235
-0.27805284 -0.16954568 -0.50598752 37 99 235
0.27946931 -0.29857674 0.42299873 37 99 235
0.038844287 0.18019387 -0.33842373 37 99 235
0.31630108 0.14400288 0.39927781 37 99 235
0.25323406 -0.029566763 -0.55012387 37 99 235
0.36261502 -0.2825096 0.42315906 37 99 235
-0.29173148 0.32334301 0.0057191858 37 99 235
0.16222563 -0.048130784 0.73198056 37 99 235
0.15292749 0.11420086 0.71592915 37 99 235
-0.1132125 -0.078902408 0.42171597 37 99 235
0.35021064 -0.15691403 0.55701107 37 99 235
0.12953104 -0.021002272 0.79125136 37 99 235
-0.3317073 0.20423335 -0.096159607 37 99 235
-0.056643113 0.13860323 -0.66655862 37 99 235
-0.25059697 -0.077018991 0.46396294 37 99 235
-0.25887406 -0.11336454 -0.18706393 37 99 235
0.34111652 -0.10931449 -0.58871537 37 99 235
0.3174479 0.31569442 0.29999414 37 99 235
0.23251666 0.30994806 -0.10374783 37 99 235
0.17999411 -0.10221596 0.3730081 37 99 235
0.35733512 -0.19968206 0.51493633 37 99 235
0.3812159 -0.13781697 -0.2094994 37 99 235
-0.1702508 -0.12520543 -0.070603095 37 99 235
0.29172677 -0.24026786 -0.6135698 37 99 235
0.34462956 0.086368985 -0.76364505 37 99 235
-0.39910451 -0.12018325 -0.22565943 37 99 235
-0.13239919 -0.090566464 -0.41851684 37 99 235
-0.28459707 0.0024055897 -0.7432434 37 99 235
-0.12869747 0.012759935 0.57911402 37 99 235
0.051975224 0.32092452 0.021161471 37 99 235
-0.17439844 -0.057611994 -0.0027697165 37 99 235
0.072122701 -0.11332222 -0.15275447 37 99 235
-0.16644257 0.31168523 -0.33023837 37 99 235
0.22709243 0.020267827 -0.64529169 37 99 235
0.30751038 0.25657201 0.3462092 37 99 235
0.14824276 0.10636355 -0.30159631 37 99 235
0.058071166 -0.057582431 0.043501589 37 99 235
0.2351651 -0.053109813 -0.47870475 37 99 235
-0.30060399 0.060175758 -0.71451461 37 99 235
-0.24724907 -0.099963799 0.26233834 37 99 235
0.16688459 -0.0786836 0.43888468 37 99 235
0.32221782 0.30613035 0.024529057 37 99 235
-0.037599713 -0.14979103 -0.61632621 37 99 235
-0.34287152 0.052821916 -0.60217768 37 99 235
-0.19119023 -0.10695286 0.26026559 37 99 235
-0.045618862 -0.080323093 0.40674272 37 99 235
0.34198704 -0.036104981 -0.058696751 37 99 235
-0.010908806 0.023623539 0.6980952 37 99 235
0.33884758 0.1908579 0.30164516 37 99 235
0.0054003312 0.1165162 -0.34325045 37 99 235
-0.092515223 0.028240001 0.57496965 37 99 235
-0.34960443 -0.047314405 0.43352103 37 99 235
-0.33704379 0.24304426 -0.29488391 37 99 235
0.34274068 -0.033197951 0.17977044 37 99 235
0.054622676 -0.073943458 -0.64285201 37 99 235
0.026909636 0.028240001 0.60210407 37 99 235
-0.17682351 0.063285254 0.64835274 37 99 235
-0.18714702 -0.13680027 0.052015871 37 99 235
-0.24558596 0.02302463 0.55925828 37 99 235
-0.36132938 0.21969059 -0.30025557 37 99 235
-0.29061955 0.081838466 0.45606765 37 99 235
0.20213832 -0.020821951 -0.55886161 37 99 235
0.14084534 -0.1135409 -0.33584541 37 99 235
0.28676978 0.30673942 -0.29735392 37 99 235
0.20083 -0.015761759 0.36705887 37 99 235
-0.21078072 -0.12157838 0.11669212 37 99 235
0.017552659 0.057409186 -0.37632868 37 99 235
0.19745059 0.11717215 -0.79401278 37 99 235
0.10797545 0.30223545 -0.33120999 37 99 235
0.26225865 -0.23326454 0.54240429 37 99 235
0.26980343 -0.1134558 -0.26389125 37 99 235
0.12999551 -0.056215867 0.75124949 37 99 235
-0.077080823 -0.057684563 -0.074165516 37 99 235
-0.24046774 -0.092132933 0.6545217 37 99 235
-0.33000079 0.00028530072 -0.48943755 37 99 235
0.063699193 -0.14972489 0.46736312 37 99 235
0.32250607 0.016561057 0.4997513 37 99 235
-0.38323247 -0.1374675 -0.44612959 37 99 235
-0.044018324 0.13923137 0.73082721 37 99 235
0.32762027 -0.20899493 0.68045008 37 99 235
0.24296202 0.11410183 0.36232084 37 99 235
-0.12006132 0.026754159 -0.65119576 37 99 235
-0.31717339 -0.29485762 0.61085629 37 99 235
-0.1200526 0.07717701 -0.72384948 37 99 235
0.31046894 0.024839267 -0.56780249 37 99 235
-0.043387093 0.32385966 0.14630823 37 99 235
0.08418449 -0.01791081 -0.30300194 37 99 235
-0.33791 0.17782445 0.1497699 37 99 235
-0.19230647 0.014216493 0.57139784 37 99 235
0.09587352 0.32134578 -0.1660459 37 99 235
0.059958681 -0.076087743 0.70881474 37 99 235
0.26642013 -0.061380807 0.45005852 37 99 235
0.10506312 -0.057545494 0.078486487 37 99 235
0.29330549 -0.10162819 0.43873209 37 99 235
-0.04037207 -0.057837021 -0.25649792 37 99 235
0.30133909 0.20463733 -0.30312788 37 99 235
-0.02747377 0.13895024 -0.45527935 37 99 235
0.32680807 0.10516718 -0.72980899 37 99 235
0.21575175 -0.12600318 -0.34827292 37 99 235
0.33512485 0.037086833 -0.2358205 37 99 235
-0.067394622 0.12663862 -0.57033855 37 99 235
0.23404746 0.057966132 0.51119787 37 99 235
-0.09989395 -0.12029097 -0.71058512 37 99 235
-0.035187341 -0.12790188 -0.61944628 37 99 235
0.19410574 0.31157532 -0.29474017 37 99 235
0.33562592 -0.042524941 -0.15755986 37 99 235
0.15826508 0.3281951 -0.17075072 37 99 235
0.2057405 -0.11792322 0.32558662 37 99 235
0.32505372 -0.15955709 -0.70336396 37 99 235
0.33329391 0.29520163 -0.11897949 37 99 235
0.047839802 -0.16479512 -0.56775308 37 99 235
0.35927436 -0.15328641 -0.78447658 37 99 235
-0.078496851 -0.037797969 -0.78811479 37 99 235
0.1666014 -0.068075068 -0.26744789 37 99 235
0.24287371 -0.24073446 0.51954347 37 99 235
0.22652513 0.10448862 -0.36722314 37 99 235
-0.13511616 0.11651109 -0.76173818 37 99 235
-0.075846069 -0.057510491 0.12209924 37 99 235
-0.3089233 -0.22675098 -0.78432006 37 99 235
0.34298098 -0.18679127 -0.59842616 37 99 235
0.32694095 0.13040181 -0.50096154 37 99 235
-0.24821243 -0.12943497 0.63037485 37 99 235
-0.29881132 -0.11344604 -0.25967279 37 99 235
-0.35506532 0.1152489 0.28064096 37 99 235
0.27647039 -0.12092848 -0.33197501 37 99 235
0.36897197 -0.2591598 -0.61796772 37 99 235
0.30473092 -0.2392946 0.35793406 37 99 235
0.22995308 -0.05775176 -0.16829745 37 99 235
-0.32318619 -0.0028694014 0.79364049 37 99 235
0.35965797 -0.31483966 -0.62483633 37 99 235
0.018816393 0.028240001 0.42181724 37 99 235
-0.21832843 -0.12618575 -0.040311277 37 99 235
0.19132908 0.037234884 0.55696493 37 99 235
-0.29194096 -0.29967225 0.60336494 37 99 235
0.36812577 -0.30054307 -0.62798029 37 99 235
0.17482407 0.30853707 0.36749047 37 99 235
-0.37050936 -0.20268619 -0.44806337 37 99 235
-0.33498764 0.12545161 -0.30832508 37 99 235
-0.33134934 0.025828516 0.14700449 37 99 235
0.060498741 0.028069187 0.77334368 37 99 235
0.078962311 0.0070288708 -0.74263626 37 99 235
-0.32959959 0.11656886 -0.26135677 37 99 235
-0.15237881 -0.083207622 -0.43696865 37 99 235
0.33476964 -0.018730257 0.29841492 37 99 235
0.2153203 0.055677805 0.68813658 37 99 235
-0.052767191 0.092516184 -0.45814547 37 99 235
0.18093055 0.33182001 0.0078083053 37 99 235
0.20354745 0.054991696 -0.39241382 37 99 235
0.33045012 0.14380382 0.60332704 37 99 235
-0.32664856 0.24693322 -0.33121616 37 99 235
-0.40277293 -0.091327652 -0.45385695 37 99 235
0.20010141 -0.038368843 -0.60816008 37 99 235
-0.065975688 -0.07407897 0.34143522 37 99 235
0.0074747666 0.028240001 0.42295632 37 99 235
0.32431844 0.029721679 -0.2415472 37 99 235
-0.33661863 -0.10226236 0.41265976 37 99 235
0.11200899 0.29936144 0.089854456 37 99 235
0.34186673 0.14442086 -0.43894047 37 99 235
-0.040389311 -0.14608319 -0.50433028 37 99 235
-0.33791 0.18322657 0.16440441 37 99 235
0.24138542 0.15317962 0.3630051 37 99 235
0.053389344 0.30095711 -0.33722985 37 99 235
0.021071337 -0.13935263 -0.53529942 37 99 235
0.05870267 0.23713535 -0.32795608 37 99 235
-0.33244184 0.12028231 0.22644165 37 99 235
-0.24591646 0.0168483 0.62717575 37 99 235
-0.27309626 0.12345856 -0.71116984 37 99 235
0.30596396 -0.3043339 0.53830624 37 99 235
-0.35079032 -0.0042932844 0.67136663 37 99 235
0.10288232 0.07293056 -0.49276191 37 99 235
-0.26620561 -0.1644942 -0.78813809 37 99 235
0.24380535 -0.24332935 -0.46886808 37 99 235
0.29916096 0.0085150274 -0.78877646 37 99 235
-0.09214735 -0.032509871 -0.68423182 37 99 235
0.15720733 -0.11345387 -0.25696427 37 99 235
-0.34776902 0.076996222 -0.51210988 37 99 235
0.31848928 0.00066845183 0.040402226 37 99 235
-0.10571152 0.32402816 0.11234796 37 99 235
-0.21888946 -0.12662973 -0.035095531 37 99 235
0.3573474 -0.10886145 0.48573473 37 99 235
0.22757511 0.32099482 0.3249374 37 99 235
0.076058134 -0.11416284 -0.3102065 37 99 235
-0.18789989 0.081563577 0.49833712 37 99 235
0.3247644 0.088528447 -0.13238214 37 99 235
0.23631881 -0.069875158 -0.27894107 37 99 235
0.36043274 -0.10213722 0.36290494 37 99 235
-0.35734698 0.042249341 0.42882752 37 99 235
0.33813488 0.10681955 -0.62716722 37 99 235
0.38487017 -0.16612647 -0.77091044 37 99 235
0.24144104 -0.24472602 -0.61735016 37 99 235
0.026585715 0.26597732 0.33703437 37 99 235
-0.12029425 -0.096641399 0.28896728 37 99 235
0.025293129 -0.021481154 -0.31386286 37 99 235
-0.27359366 -0.01665288 -0.3939102 37 99 235
0.31542656 -0.15887767 0.68682456 37 99 235
-0.025756724 0.16521254 -0.37053931 37 99 235
0.20975907 -0.13208613 -0.002316847 37 99 235
0.070432432 -0.023610344 -0.63517743 37 99 235
-0.15952246 0.094813317 0.65973598 37 99 235
-0.13546693 0.13371414 -0.55684435 37 99 235
0.1976604 0.084663361 -0.55203205 37 99 235
0.2734296 0.074364692 0.61298662 37 99 235
0.17142859 0.0060789525 -0.45421544 37 99 235
0.07925646 0.29451659 0.09682297 37 99 235
-0.34201795 -0.072632134 -0.17550194 37 99 235
-0.05919281 -0.060276829 -0.44144702 37 99 235
-0.22665139 -0.16764177 -0.76860905 37 99 235
0.088823095 0.31108871 0.37398764 37 99 235
-0.25041851 0.072341271 -0.6770215 37 99 235
-0.33886638 0.18009183 0.27937758 37 99 235
0.0097900052 0.027311305 -0.31385416 37 99 235
0.3433601 0.042571768 0.34520781 37 99 235
-0.22128414 0.076305218 -0.58116466 37 99 235
-0.29366928 -0.11332954 -0.37314537 37 99 235
-0.34510779 -0.19813666 -0.66101581 37 99 235
0.34419009 0.18352997 -0.021751421 37 99 235
-0.010334624 0.11093485 0.36208245 37 99 235
0.33688897 -0.11452582 0.66684258 37 99 235
-0.33909264 -0.11843181 0.68708348 37 99 235
-0.39788046 -0.17953157 -0.52415669 37 99 235
0.31825832 0.19031315 -0.33632478 37 99 235
-0.29272398 -0.26889321 -0.7413193 37 99 235
0.28368768 -0.13055366 0.56763995 37 99 235
0.26812866 0.32549858 0.16582225 37 99 235
-0.015473713 -0.066807613 -0.78413737 37 99 235
-0.35346174 0.10503306 -0.30114013 37 99 235
0.056800265 0.29461077 0.14185029 37 99 235
-0.32145 0.10450625 0.19461405 37 99 235
0.13106 0.028240001 0.48783621 37 99 235
-0.35229215 0.083600856 0.38467154 37 99 235
0.027584337 -0.05264904 0.3295109 37 99 235
-0.35405523 -0.17407127 0.46925268 37 99 235
-0.1403814 -0.085623294 0.35093465 37 99 235
0.21417679 0.018475264 0.56009525 37 99 235
-0.35331124 -0.093983524 0.60264707 37 99 235
0.37379688 -0.127501 -0.17836778 37 99 235
-0.11728951 0.12177905 0.7241599 37 99 235
0.11329479 0.32695663 0.28203696 37 99 235
0.33004782 -0.049218368 -0.6305154 37 99 235
-0.11169594 0.32474223 -0.063727185 37 99 235
-0.17078723 0.055680513 -0.72313535 37 99 235
-0.27547249 -0.057809029 -0.22906333 37 99 235
0.10203492 -0.098350897 -0.76357818 37 99 235
0.31266066 -0.077743016 0.55893672 37 99 235
-0.2362843 -0.20673557 0.5643335 37 99 235
0.28533089 0.01654095 0.44628885 37 99 235
0.12357095 0.059548914 -0.7812885 37 99 235
-0.33879003 0.093345925 0.13644125 37 99 235
0.051700749 -0.10007314 0.3437123 37 99 235
0.31288603 0.031480607 0.59328115 37 99 235
-0.11721575 0.074438527 -0.78797108 37 99 235
0.31418341 0.31466326 -0.17312624 37 99 235
-0.24418338 -0.29743281 0.53260469 37 99 235
0.086105213 -0.09569896 -0.7829318 37 99 235
0.33269 0.05230647 -0.20994917 37 99 235
0.22960132 0.00037856828 -0.39251575 37 99 235
0.28487772 -0.089731432 -0.5303542 37 99 235
-0.28039083 -0.14269049 -0.45331791 37 99 235
-0.077588238 -0.030902671 -0.68880028 37 99 235
-0.34496358 0.10655163 -0.50168806 37 99 235
-0.34931865 0.081959777 -0.31626356 37 99 235
-0.16805132 0.071889974 0.75518906 37 99 235
0.35113227 -0.13643749 0.28887618 37 99 235
-0.096421026 -0.082361616 0.38524729 37 99 235
-0.1236727 0.028767228 0.37626317 37 99 235
-0.092407972 -0.098708719 -0.77131337 37 99 235
0.035976231 -0.02878209 -0.79058886 37 99 235
0.20690221 -0.12449969 0.34052825 37 99 235
-0.2601999 0.32303432 -0.19914338 37 99 235
-0.25733975 -0.0016786489 -0.56915277 37 99 235
-0.33808285 0.30229628 -0.026541784 37 99 235
-0.21187772 -0.069515273 0.48867971 37 99 235
0.32887086 -0.098353766 0.32139024 37 99 235
-0.28801611 0.31989673 0.14352737 37 99 235
-0.0080172895 0.028240001 0.56965858 37 99 235
-0.31330958 0.31606191 0.10299103 37 99 235
-0.3717913 -0.047370151 -0.58974862 37 99 235
-0.18103977 -0.056859687 -0.2977466 37 99 235
-0.38731614 -0.13219205 -0.20939529 37 99 235
-0.24511898 0.07702402 -0.61690682 37 99 235
-0.23632602 -0.22563757 0.54625708 37 99 235
0.18187651 0.069975138 -0.47841489 37 99 235
-0.28595629 0.0047044065 0.34075165 37 99 235
-0.016060941 0.05455213 -0.72010928 37 99 235
-0.28855124 0.17744659 -0.33553445 37 99 235
-0.12014139 0.30549368 0.15015745 37 99 235
0.29153481 0.15050727 -0.47171164 37 99 235
0.2185266 0.33010224 0.095815159 37 99 235
0.34603053 0.11110364 -0.1686036 37 99 235
-0.20996533 -0.057631735 -0.018230885 37 99 235
0.0085597141 0.32586789 -0.2038327 37 99 235
0.013080864 -0.1847291 -0.58490109 37 99 235
0.062761493 0.10335249 -0.38679594 37 99 235
-0.14920378 0.30378744 -0.18926184 37 99 235
-0.020228656 0.028774878 0.37915528 37 99 235
-0.0426526 -0.11471634 0.08788453 37 99 235
-0.25386351 0.082419999 0.43256289 37 99 235
-0.26985487 -0.20701109 -0.67054176 37 99 235
0.27835748 0.053863302 -0.35472897 37 99 235
-0.3281925 0.029247927 0.5186584 37 99 235
0.21309911 -0.13139485 -0.030573219 37 99 235
-0.21210445 0.032463517 0.73154736 37 99 235
-0.023611579 -0.057667978 -0.028816715 37 99 235
-0.23208056 0.30971563 0.31094703 37 99 235
-0.33101764 0.0055525606 -0.073087707 37 99 235
0.19816959 -0.17215255 -0.41567665 37 99 235
-0.28345925 -0.0048277015 0.69495678 37 99 235
0.13299578 0.028240001 0.64563346 37 99 235
-0.34869 0.060900606 -0.79109097 37 99 235
-0.047015443 -0.11999527 0.20399182 37 99 235
0.28899613 0.15253818 -0.45058316 37 99 235
-0.12687625 0.2025723 0.35204789 37 99 235
0.14780793 -0.052044649 -0.59636629 37 99 235
-0.30142173 -0.051058121 -0.30164286 37 99 235
0.36326379 -0.18639751 0.43224078 37 99 235
0.26954436 0.094002888 0.55950665 37 99 235
0.16253829 0.011891769 -0.33079371 37 99 235
0.045036308 0.025291329 -0.7712304 37 99 235
0.26043794 -0.22720513 -0.69621265 37 99 235
-0.051360164 0.30470335 0.31495908 37 99 235
-0.14676371 -0.11656983 -0.21091571 37 99 235
0.078242034 0.3306492 -0.16212207 37 99 235
-0.33126831 -0.24550927 -0.73665816 37 99 235
0.05704847 -0.09936107 -0.43281776 37 99 235
-0.14451428 -0.013644299 -0.45982385 37 99 235
0.2513943 -0.11850858 -0.27502507 37 99 235
-0.12930816 0.10813241 -0.56307727 37 99 235
0.15115708 0.32356027 0.21439382 37 99 235
0.34572434 -0.090572178 0.52766293 37 99 235
-0.22023347 -0.041734092 0.73399562 37 99 235
-0.32155105 0.13843831 -0.094373584 37 99 235
-0.33475453 0.089253999 -0.28866878 37 99 235
0.27700564 -0.23943111 -0.60546803 37 99 235
-0.041490071 0.31378135 0.15652078 37 99 235
-0.11957066 -0.029741218 -0.4493154 37 99 235
-0.12787163 0.31954417 -0.3029013 37 99 235
0.31282723 -0.03897357 0.74792796 37 99 235
0.27497625 -0.09286724 -0.72786522 37 99 235
0.33741492 0.076201849 -0.54891181 37 99 235
-0.19232602 -0.13371281 -0.10411382 37 99 235
0.22016911 0.29617926 -0.32517421 37 99 235
0.19169287 0.32742772 -0.034351341 37 99 235
-0.23576127 -0.023149027 -0.63941467 37 99 235
0.22381642 -0.10783212 0.48244345 37 99 235
-0.10799949 0.064294301 0.73201817 37 99 235
0.066213623 0.32319674 -0.13068551 37 99 235
0.3407692 0.13861147 0.70241702 37 99 235
-0.20124635 -0.036327887 0.53023177 37 99 235
-0.15723935 -0.057544265 0.086422026 37 99 235
0.2784057 0.32110664 -0.12841767 37 99 235
-0.10561538 -0.11802744 -0.52590793 37 99 235
0.30787706 0.14831007 -0.45008272 37 99 235
-0.32145 0.10499618 -0.13292748 37 99 235
0.12319889 0.31196699 0.22295919 37 99 235
-0.023803564 -0.081253104 -0.78191489 37 99 235
-0.18499979 0.0015843859 -0.51866561 37 99 235
-0.28143054 -0.10961549 -0.46321404 37 99 235
-0.12900141 -0.05877677 0.66456568 37 99 235
0.33982784 0.12231756 0.065922737 37 99 235
-0.27482858 0.10598929 -0.32195529 37 99 235
0.29664877 -0.19469295 -0.79317719 37 99 235
0.14675094 0.30352533 0.31629679 37 99 235
-0.26528558 0.027679026 0.74390692 37 99 235
-0.3620441 -0.15468796 0.5975827 37 99 235
-0.26319975 -0.02019703 0.7291944 37 99 235
0.0026183173 0.31892997 0.15919332 37 99 235
-0.27616784 0.2711727 0.34262714 37 99 235
-0.36630574 -0.18855219 -0.5593313 37 99 235
0.2790693 -0.20884055 -0.77553791 37 99 235
0.21264969 0.083284862 -0.60168821 37 99 235
0.33310136 0.16848141 0.071085468 37 99 235
0.29433611 -0.31297365 -0.57031214 37 99 235
-0.23031285 -0.14877175 0.34507918 37 99 235
-0.23509353 -0.018879827 -0.63778299 37 99 235
0.15232241 -0.019512087 -0.4954052 37 99 235
0.19877642 0.29646093 -0.26772225 37 99 235
0.19542071 0.32906938 0.14108451 37 99 235
0.34898999 0.049688101 -0.35103837 37 99 235
0.11325111 -0.096214287 -0.42005232 37 99 235
-0.33459187 0.04041034 0.36364117 37 99 235
0.32566988 0.084930025 -0.17492427 37 99 235
-0.11626485 -0.057467502 0.16938603 37 99 235
0.067783833 0.33182001 -0.087130032 37 99 235
-0.27071318 0.073627859 0.63838977 37 99 235
0.32569715 0.15162484 -0.206076 37 99 235
-0.2741501 -0.21739174 -0.66628975 37 99 235
0.35196927 -0.01058259 0.72286224 37 99 235
-0.29520494 0.1216988 -0.78129113 37 99 235
-0.096829511 -0.094336912 -0.53828317 37 99 235
0.36049274 -0.23314258 0.52848673 37 99 235
0.11750354 -0.076590225 0.41309324 37 99 235
-0.14573267 -0.059616938 -0.4000839 37 99 235
0.17330106 -0.034995556 -0.54990458 37 99 235
-0.14601903 -0.047593363 0.76094365 37 99 235
0.20110287 0.14964138 -0.51239657 37 99 235
-0.24263903 -0.26145732 0.39638689 37 99 235
-0.02508937 -0.15025082 -0.7020064 37 99 235
-0.22177286 -0.057636011 -0.023542807 37 99 235
0.0035169411 -0.10304456 -0.59257925 37 99 235
0.35378525 -0.040727843 0.5012787 37 99 235
0.26285338 -0.15625139 0.42004022 37 99 235
0.25821865 0.14876632 0.36485755 37 99 235
0.32831597 0.074197933 -0.14445177 37 99 235
-0.038437996 -0.057013121 -0.74782509 37 99 235
0.34424564 0.15673463 -0.21577306 37 99 235
0.02033837 -0.11317999 -0.11941826 37 99 235
-0.16009025 0.18408978 0.35626835 37 99 235
-0.28992423 0.24950109 0.32738343 37 99 235
-0.20743428 -0.072006688 -0.16329858 37 99 235
-0.046545181 -0.1135752 -0.36589199 37 99 235
0.22017387 -0.12987719 0.44312084 37 99 235
0.33548439 -0.074644655 -0.18760194 37 99 235
0.0065743835 -0.089027248 -0.48282206 37 99 235
-0.23346534 -0.19544999 0.56752986 37 99 235
-0.051904272 -0.067912728 -0.49789661 37 99 235
0.2341685 0.16710079 -0.3347587 37 99 235
-0.17734253 -0.057672143 -0.061899874 37 99 235
0.17202744 0.019948149 0.53507972 37 99 235
-0.14044923 0.070696309 0.62990785 37 99 235
0.34812689 -0.096240506 -0.33453655 37 99 235
0.31670722 -0.12646848 0.30513048 37 99 235
-0.15505563 -0.057795845 -0.21413504 37 99 235
-0.32145 0.051893279 -0.029617047 37 99 235
-0.18198016 0.15748116 0.36033773 37 99 235
0.36354771 -0.15191945 -0.78242064 37 99 235
0.35766301 -0.26928699 -0.58365917 37 99 235
0.26291415 0.32768387 -0.099781327 37 99 235
0.16597675 0.033944406 0.3587248 37 99 235
-0.33326772 -0.070047788 -0.027824154 37 99 235
-0.34571105 -0.038275376 -0.43030789 37 99 235
-0.18600072 0.078954719 -0.78593898 37 99 235
0.23878798 -0.12606901 0.25722894 37 99 235
0.10220414 0.020123836 -0.31339332 37 99 235
-0.036820568 -0.057520244 0.11207825 37 99 235
0.38436562 -0.14213672 -0.68909252 37 99 235
0.32012913 0.15706325 0.021507775 37 99 235
0.062250409 -0.11293861 -0.37852648 37 99 235
-0.039518658 -0.10439893 -0.56675893 37 99 235
-0.29269272 -0.15818495 0.6911267 37 99 235
-0.1533021 0.10195282 0.73532528 37 99 235
-0.29320252 0.12017528 0.71330255 37 99 235
0.14935894 0.30780447 0.36618549 37 99 235
0.34908527 0.08901231 -0.45641711 37 99 235
-0.37039825 -0.30345997 -0.6107778 37 99 235
-0.17758702 -0.090769008 0.014035778 37 99 235
-0.34423029 -0.08541064 0.14515465 37 99 235
0.019447641 -0.11589646 0.18734647 37 99 235
-0.34672612 0.13694242 0.59592783 37 99 235
0.29413348 -0.30492198 0.59469348 37 99 235
-0.34957537 -0.090097256 0.45891619 37 99 235
0.2072387 -0.16643488 -0.44934073 37 99 235
-0.021261131 0.029365892 0.73449475 37 99 235
0.19002391 0.1205993 0.7283603 37 99 235
-0.35019699 -0.013654215 -0.37465858 37 99 235
-0.32438555 0.16929613 -0.25566056 37 99 235
-0.048418406 0.13980433 -0.4947806 37 99 235
0.1540446 -0.11650288 -0.15313019 37 99 235
0.26218098 -0.049645845 -0.41687983 37 99 235
-0.13778581 -0.020730101 -0.51448566 37 99 235
0.33520907 0.15850247 -0.34911922 37 99 235
-0.15876102 0.32111874 -0.31197694 37 99 235
-0.35045525 0.010165272 -0.36479327 37 99 235
0.097426213 0.10257072 -0.37338921 37 99 235
-0.32668084 0.21245059 0.26453489 37 99 235
0.32337052 0.030197859 0.25444606 37 99 235
0.090213902 -0.022184264 -0.38793004 37 99 235
0.26396072 -0.25315103 -0.72535527 37 99 235
0.33000624 0.16121721 -0.35409647 37 99 235
-0.21358211 -0.15432376 -0.3850975 37 99 235
0.06990689 -0.090186633 -0.72241551 37 99 235
0.27486807 -0.1151511 0.18764016 37 99 235
0.34398746 0.10940891 -0.14274795 37 99 235
-0.024892172 0.099403121 -0.40029809 37 99 235
-0.13251774 -0.015364877 -0.54269046 37 99 235
-0.27224433 -0.1768999 -0.50980407 37 99 235
0.33875418 -0.081565782 -0.28637984 37 99 235
0.28815842 0.27772015 0.11604525 37 99 235
-0.060999088 -0.035966143 -0.73545265 37 99 235
-0.30508864 -0.11354854 -0.34080747 37 99 235
0.13029505 0.138097 -0.69394684 37 99 235
-0.12424004 -0.013385448 -0.34009406 37 99 235
-0.18228501 -0.057678416 -0.072040461 37 99 235
0.36766407 0.0060697361 -0.6297214 37 99 235
0.10304829 -0.11317772 -0.022279205 37 99 235
0.21369813 0.31511384 0.1101258 37 99 235
0.29677889 0.14512637 0.36656728 37 99 235
0.11843072 0.1209254 -0.75849688 37 99 235
0.34877485 0.092046939 0.51589316 37 99 235
-0.25020033 -0.076138534 0.65918899 37 99 235
0.076402538 -0.11334388 -0.15832365 37 99 235
0.15431905 -0.052385144 0.77354735 37 99 235
-0.35086691 0.0083910432 0.69918799 37 99 235
0.27191332 0.31149065 0.20637217 37 99 235
0.091207258 -0.11338139 -0.19796157 37 99 235
0.22488596 -0.12062059 -0.20943737 37 99 235
-0.30715272 -0.036042202 0.40758371 37 99 235
-0.26153585 0.15894745 -0.38419539 37 99 235
-0.20100069 0.0064059938 0.43997222 37 99 235
-0.2427015 -0.23104256 0.38158113 37 99 235
0.21359904 0.25336385 -0.331211 37 99 235
0.11182909 0.31339169 -0.069102988 37 99 235
-0.03937842 0.087818176 -0.31535935 37 99 235
-0.31986052 -0.0090449434 -0.044938024 37 99 235
0.088826559 0.084739886 -0.35254925 37 99 235
-0.19146942 0.087247707 -0.42021087 37 99 235
-0.20945606 -0.16811299 0.51494521 37 99 235
-0.2552259 0.020375485 -0.73450744 37 99 235
-0.23117946 -0.20708397 0.55011958 37 99 235
0.266574 -0.1218747 0.15903422 37 99 235
-0.12932917 0.088618681 -0.62437433 37 99 235
0.26190281 0.32231885 -0.29479638 37 99 235
0.12843171 -0.057752058 -0.16737358 37 99 235
0.059930012 0.028240001 0.69176584 37 99 235
0.22044319 -0.019109059 0.39367226 37 99 235
-0.02726572 -0.16422293 -0.56234205 37 99 235
0.21468145 0.034600355 0.41236812 37 99 235
0.10022649 -0.057622794 -0.015101117 37 99 235
0.22156841 -0.00093166262 -0.74230373 37 99 235
0.14510128 0.015500639 -0.48894292 37 99 235
0.34510893 -0.0041432092 0.78957063 37 99 235
0.19396272 -0.13001779 0.17418255 37 99 235
-0.092671596 -0.044620778 0.61062527 37 99 235
0.22657946 -0.03934852 -0.43414801 37 99 235
-0.40138161 -0.20623837 -0.50410599 37 99 235
0.37744626 -0.28426757 -0.66227001 37 99 235
-0.12406266 -0.096689694 -0.70271719 37 99 235
-0.078411527 -0.1454248 0.50231606 37 99 235
0.34754619 0.18679745 0.35539249 37 99 235
0.20230278 -0.21486515 -0.48591679 37 99 235
-0.15435302 -0.018737877 0.63245833 37 99 235
-0.35010827 -0.1155216 0.16423343 37 99 235
0.22237906 -0.097552456 -0.35486662 37 99 235
-0.027207039 -0.07644017 -0.77733183 37 99 235
0.21660803 0.11733776 -0.47583982 37 99 235
-0.18101555 -0.13013542 -0.37633064 37 99 235
0.14222208 0.089088574 -0.45454183 37 99 235
-0.28912291 -0.11329804 -0.12778226 37 99 235
-0.27102968 0.065628782 -0.61922288 37 99 235
-0.28858152 0.32131028 -0.21116044 37 99 235
-0.14947718 -0.021050882 0.79154915 37 99 235
-0.0031968351 0.070911974 -0.35708186 37 99 235
0.10490745 0.33182001 0.038651671 37 99 235
-0.29921013 -0.057611942 0.002012322 37 99 235
0.06936232 -0.05232235 -0.35288683 37 99 235
-0.16678935 -0.13039942 0.094018489 37 99 235
-0.18339726 0.14618461 -0.54204071 37 99 235
0.30922022 -0.29203391 -0.71356344 37 99 235
-0.21466614 -0.15532565 -0.63797539 37 99 235
0.24777196 0.30980623 0.052328344 37 99 235
0.017380556 0.15858363 -0.40414938 37 99 235
-0.31808731 -0.19535793 0.68315393 37 99 235
0.07161963 0.10822918 0.71702588 37 99 235
-0.078093715 -0.023394629 -0.71940202 37 99 235
-0.35435453 0.044051372 0.58315343 37 99 235
-0.22004229 -0.015111933 0.69696206 37 99 235
0.30995017 -0.30923909 0.55390453 37 99 235
-0.18121402 -0.13159476 -0.062249701 37 99 235
0.0009726896 0.3232967 0.20574993 37 99 235
0.12584101 0.31819475 -0.18227172 37 99 235
0.32683706 0.22412813 -0.23599714 37 99 235
-0.30646843 -0.32051662 0.50597608 37 99 235
0.38924864 -0.023057943 -0.70247078 37 99 235
-0.3500936 -0.020166144 -0.38437688 37 99 235
-0.22694096 -0.011185527 -0.70658731 37 99 235
-0.048445314 0.16255724 -0.31625646 37 99 235
0.31670392 -0.058226798 -0.65120256 37 99 235
0.31865078 0.31875029 0.27506372 37 99 235
-0.33280167 -0.22001931 -0.64262563 37 99 235
-0.39164799 -0.12589049 -0.16832501 37 99 235
-0.13294563 0.14017278 -0.66946661 37 99 235
-0.018472567 0.073582746 -0.41845858 37 99 235
0.3185789 -0.2922619 -0.50874597 37 99 235
-0.20586708 -0.09061306 -0.7185753 37 99 235
-0.29112637 -0.21210539 -0.460518 37 99 235
0.34220332 -0.020163171 0.23889884 37 99 235
0.19173439 0.26829341 0.31880382 37 99 235
-0.28267959 0.1149373 0.37091184 37 99 235
-0.046157416 -0.11394753 -0.075971909 37 99 235
-0.28949457 0.27977264 0.022509173 37 99 235
-0.011751123 0.017237293 -0.31386262 37 99 235
-0.31787157 -0.10471276 -0.40179336 37 99 235
0.10497268 -0.058755573 0.59458411 37 99 235
0.30691746 0.025439842 -0.50524169 37 99 235
-0.35944569 -0.10844319 0.34214303 37 99 235
-0.29012677 0.089949027 -0.34478655 37 99 235
-0.11098032 -0.15712242 -0.6765371 37 99 235
-0.02433297 0.30912447 -0.062135849 37 99 235
0.26354915 -0.14136216 0.52528459 37 99 235
0.12097621 0.29421943 -0.031285893 37 99 235
0.35331354 -0.13821705 -0.65263218 37 99 235
-0.27350885 0.1095614 -0.33296582 37 99 235
-0.25919145 0.069673613 -0.60093683 37 99 235
-0.16754627 -0.12613542 -0.26947337 37 99 235
0.2596232 -0.23945345 0.49306381 37 99 235
-0.34920022 0.079879202 -0.66823077 37 99 235
0.33536443 -0.21105921 0.55980772 37 99 235
-0.11948944 0.11973882 -0.36834046 37 99 235
-0.33261499 0.016779998 0.094876923 37 99 235
-0.23266135 0.072185941 0.6057753 37 99 235
-0.16057052 0.31109133 0.2883347 37 99 235
0.1808188 0.019051816 0.35341853 37 99 235
0.21998398 -0.1873752 -0.43888408 37 99 235
0.16736318 0.082006864 0.56686902 37 99 235
0.26918584 0.13491555 -0.37509501 37 99 235
-0.32275084 0.065316834 -0.49689475 37 99 235
0.050890028 -0.11303312 0.099630743 37 99 235
-0.32569882 -0.19666468 0.59954304 37 99 235
-0.31188005 0.2041879 -0.3312211 37 99 235
-0.11770008 0.07663177 -0.38332722 37 99 235
-0.16633737 -0.007604144 -0.49709168 37 99 235
-0.13446823 -0.052977309 0.75371635 37 99 235
-0.11274384 -0.15360703 -0.61413813 37 99 235
0.26705867 -0.050745714 -0.47053909 37 99 235
0.29889646 -0.23989017 -0.60948807 37 99 235
-0.31471244 -0.25362071 -0.74698639 37 99 235
0.29583338 0.07738547 -0.3691119 37 99 235
-0.23292448 0.31047404 -0.3284685 37 99 235
0.37123302 -0.14547162 0.17616104 37 99 235
-0.32862821 0.10284434 -0.55494839 37 99 235
-0.2530432 0.12488699 -0.71379501 37 99 235
-0.0097604534 0.24510971 0.34543437 37 99 235
0.22417581 -0.057963833 -0.6395787 37 99 235
-0.30760688 0.17912476 0.31106979 37 99 235
-0.34465268 -0.055503406 -0.28210136 37 99 235
0.18502666 -0.025751127 -0.65150124 37 99 235
0.17621945 0.23245744 -0.33121559 37 99 235
0.12648529 -0.14696775 -0.60603297 37 99 235
0.063082419 -0.11576473 -0.24320742 37 99 235
0.33660424 0.09192688 0.005668161 37 99 235
-0.3262451 0.070697643 0.27974346 37 99 235
0.29252574 0.32317328 -0.051648572 37 99 235
0.30096766 0.091302387 -0.506823 37 99 235
0.33325011 -0.17195785 -0.53047818 37 99 235
-0.047462221 -0.057533752 0.091046751 37 99 235
0.27352163 -0.18338421 0.3802166 37 99 235
0.12914273 0.06881696 -0.72831506 37 99 235
0.26705664 0.11203704 0.39772794 37 99 235
0.29590029 0.093735822 -0.45548752 37 99 235
-0.17068322 0.32781306 0.13527307 37 99 235
0.35292137 -0.11872419 0.58078688 37 99 235
-0.2766791 0.18689132 -0.33117861 37 99 235
-0.29169339 0.32352999 0.015658893 37 99 235
0.14121084 0.19616188 -0.33122453 37 99 235
-0.34940475 0.085791953 -0.31752488 37 99 235
-0.34805986 -0.086920336 0.59680891 37 99 235
-0.24027859 -0.16218174 -0.51974952 37 99 235
-0.18075655 0.10216202 0.71122384 37 99 235
0.35113746 0.010298008 0.36432341 37 99 235
-0.057032313 -0.11474587 -0.15847729 37 99 235
0.22346775 -0.27523699 -0.50649142 37 99 235
-0.16936748 -0.12812781 -0.21581736 37 99 235
-0.035503406 -0.057619687 -0.013711843 37 99 235
0.16805857 0.10816108 -0.79370946 37 99 235
-0.10965309 -0.066209055 -0.76608139 37 99 235
0.18825445 -0.11832638 -0.62916702 37 99 235
0.32140043 0.1143135 -0.14176793 37 99 235
0.33327881 0.11276551 0.043315981 37 99 235
0.332196 0.15493999 0.44438773 37 99 235
-0.14378481 -0.075517118 0.45746425 37 99 235
0.34010985 -0.14944956 -0.55915701 37 99 235
-0.33257756 -0.21049808 -0.73653251 37 99 235
-0.31899768 -0.072448902 -0.63278443 37 99 235
0.24555132 -0.08636485 0.41239443 37 99 235
0.081218243 -0.031541329 -0.69772565 37 99 235
-0.32748002 0.12029812 0.73000968 37 99 235
-0.23631218 0.32427999 0.36836118 37 99 235
-0.013518158 0.10961183 -0.78565586 37 99 235
-0.15248258 0.020807015 -0.78426683 37 99 235
-0.3107588 -0.014835264 -0.20852877 37 99 235
0.3447946 0.15028217 0.52222651 37 99 235
-0.20855212 -0.0019296613 0.45445916 37 99 235
0.056705371 -0.11329178 -0.1485796 37 99 235
0.097576901 -0.057665978 -0.062669523 37 99 235
0.28077933 -0.13521448 0.32987371 37 99 235
0.32536852 0.2601293 -0.11347568 37 99 235
0.30382833 0.18612455 -0.35769394 37 99 235
-0.087649256 0.32149994 0.35136756 37 99 235
-0.2099016 0.0092713209 -0.68996233 37 99 235
-0.32986704 0.090511732 -0.789626 37 99 235
-0.04989627 0.10920756 -0.46713418 37 99 235
0.020252187 0.21221925 0.35382733 37 99 235
-0.32145 0.0080468208 0.19239697 37 99 235
0.013239538 0.041925851 -0.31771076 37 99 235
0.12398675 0.30151865 -0.0013891674 37 99 235
0.34892341 0.24306865 0.29133302 37 99 235
0.34812027 -0.036937233 0.50697774 37 99 235
0.37996119 -0.24474359 -0.6682145 37 99 235
0.13426548 -0.016288571 -0.65846133 37 99 235
-0.14183131 -0.077914029 0.43218905 37 99 235
-0.14397652 0.10867986 -0.73977751 37 99 235
-0.27116993 -0.016395215 0.40661758 37 99 235
-0.13291173 0.10141423 -0.63250321 37 99 235
0.23238751 -0.082807131 0.41664582 37 99 235
-0.26952508 0.290508 0.29100418 37 99 235
0.096778415 0.1485295 -0.54768813 37 99 235
0.0094003938 0.15753727 -0.48041171 37 99 235
0.25699276 0.29106876 0.10939714 37 99 235
0.14429209 0.024857778 0.58011782 37 99 235
-0.34068793 0.26778167 -0.1747994 37 99 235
0.097768478 -0.063682944 0.64776099 37 99 235
-0.31356749 0.010674939 -0.46336335 37 99 235
0.3742696 0.022984639 -0.73810488 37 99 235
-0.09593112 0.14134659 -0.64911276 37 99 235
0.13045044 0.065765694 -0.774939 37 99 235
0.25744537 0.083695389 -0.71910852 37 99 235
0.034075771 -0.05997153 0.53118545 37 99 235
0.090798907 0.028240001 0.57856363 37 99 235
0.20485799 0.059373837 -0.70573026 37 99 235
-0.21988554 -0.057488866 0.14761765 37 99 235
0.31499085 0.07548321 0.4164727 37 99 235
-0.23791656 -0.2947652 -0.61776066 37 99 235
0.097367845 0.01203 -0.58843917 37 99 235
0.30536485 -0.19346094 0.66544092 37 99 235
-0.12841702 0.30938229 0.068642683 37 99 235
-0.26954189 -0.12327292 0.29713479 37 99 235
0.34928423 0.023144711 0.68431711 37 99 235
-0.087619975 -0.070770584 -0.78877795 37 99 235
0.31735814 0.12177525 -0.60547149 37 99 235
0.13958772 0.047678277 0.74395436 37 99 235
0.30086499 -0.0099519892 -0.20558938 37 99 235
0.15719874 0.32460386 -0.19468534 37 99 235
-0.25155899 -0.048586663 -0.74461907 37 99 235
0.076947756 -0.015939398 -0.43163756 37 99 235
0.26685107 0.14964682 -0.48076302 37 99 235
0.23680353 0.28012526 -0.29911429 37 99 235
-0.14298214 0.059429009 0.7233603 37 99 235
0.096857354 -0.096466295 0.29277956 37 99 235
-0.15261583 0.04339188 0.64771366 37 99 235
-0.3101224 -0.045664314 0.19284904 37 99 235
0.30938214 -0.23305072 -0.68392467 37 99 235
0.20954236 0.10726684 -0.34664381 37 99 235
-0.17553832 -0.084609531 0.23303866 37 99 235
-0.336427 -0.12249409 0.26005918 37 99 235
-0.30101696 0.016823925 -0.46690568 37 99 235
-0.38766587 -0.10748708 -0.18442099 37 99 235
0.17789026 -0.057819534 -0.24581373 37 99 235
-0.27561715 0.047313068 -0.66550851 37 99 235
-0.15110675 -0.052284852 0.28181902 37 99 235
-0.28048468 -0.16287297 -0.50622725 37 99 235
-0.32815933 0.0091697564 0.32251775 37 99 235
-0.12144225 -0.092804082 -0.57122481 37 99 235
0.12941523 0.0098201977 0.74953204 37 99 235
0.017314607 -0.023443174 -0.73826581 37 99 235
0.12101686 -0.11331186 -0.13401534 37 99 235
0.27044618 0.19404224 0.345698 37 99 235
0.37052897 -0.13834034 -0.67520195 37 99 235
0.3411645 -0.10160574 0.26846445 37 99 235
-0.15109199 0.017851494 -0.32576832 37 99 235
-0.33058032 -0.11335476 -0.17789131 37 99 235
-0.26796335 0.15504497 -0.41810536 37 99 235
0.35777348 -0.21472996 0.39670432 37 99 235
-0.21023414 -0.072384641 0.39100394 37 99 235
-0.13312003 0.044156499 0.40487683 37 99 235
-0.36021239 0.21596757 -0.30056903 37 99 235
0.1588513 0.0059921588 -0.78303587 37 99 235
-0.37685543 -0.1361825 -0.13695446 37 99 235
0.11823311 -0.057638291 -0.31716409 37 99 235
0.040555507 0.015883213 -0.51434004 37 99 235
-0.15167637 -0.057709306 -0.10500477 37 99 235
-0.15371896 -0.082429901 -0.6442976 37 99 235
-0.32145 0.073995687 -0.07581199 37 99 235
0.32650703 -0.088882506 0.58980608 37 99 235
0.045984168 0.057289712 0.73304999 37 99 235
-0.26829383 -0.0420927 -0.49538749 37 99 235
0.26866561 0.0050111273 0.6219635 37 99 235
-0.26118258 0.1098599 0.69612521 37 99 235
0.33287635 -0.11622729 0.67124707 37 99 235
0.20366979 -0.19738786 -0.50610155 37 99 235
-0.2350715 0.32103488 0.14471035 37 99 235
-0.17975223 -0.13319308 -0.25101098 37 99 235
-0.043386854 0.1624216 -0.31931478 37 99 235
0.12996872 0.16568489 0.35529804 37 99 235
-0.14843519 0.076765276 -0.54028231 37 99 235
0.16305131 0.11682346 0.36249 37 99 235
0.33870068 0.23901337 0.081932746 37 99 235
-0.023684401 0.31042844 -0.20245875 37 99 235
-0.106426 0.055124834 -0.6809724 37 99 235
-0.083632253 -0.048127465 -0.27947307 37 99 235
-0.19656654 0.32408288 0.0036795088 37 99 235
0.3409791 -0.18884401 0.62970573 37 99 235
-0.042951394 0.028240001 0.56617254 37 99 235
0.094813041 0.31379491 -0.18272987 37 99 235
-0.32519609 -0.11318766 -0.066226676 37 99 235
0.075110853 -0.11776637 -0.61071372 37 99 235
-0.11514869 -0.090604171 -0.58819616 37 99 235
0.27732202 0.31912082 -0.26958576 37 99 235
-0.21305093 0.055977926 -0.62989557 37 99 235
0.33518162 -0.1702996 -0.56293857 37 99 235
-0.33855757 0.064184293 -0.70708388 37 99 235
-0.34639087 0.12731075 0.24578235 37 99 235
-0.1906797 0.059338655 -0.31482252 37 99 235
0.21907379 -0.13871907 -0.54889113 37 99 235
-0.14819956 0.10235468 -0.59845692 37 99 235
-0.040935181 -0.057709895 -0.10942091 37 99 235
-0.29471859 0.29302642 0.10201808 37 99 235
0.33833927 0.29302028 -0.020683765 37 99 235
0.33377016 0.061829917 0.0386324 37 99 235
-0.34375405 -0.20950201 -0.61376923 37 99 235
0.2657395 -0.31219101 0.54536408 37 99 235
-0.11309198 0.0086723007 -0.48363337 37 99 235
-0.26550609 -0.027834861 0.29518554 37 99 235
0.045807168 -0.11321879 -0.093472451 37 99 235
0.20996246 -0.10816948 0.46835554 37 99 235
0.099210344 0.32975268 -0.17873877 37 99 235
0.12966222 0.073074728 -0.46142003 37 99 235
0.33457848 0.067790285 -0.25398719 37 99 235
0.23880494 0.30054954 -0.18285859 37 99 235
-0.36691236 0.0084287645 -0.59155566 37 99 235
-0.35031644 -0.13005386 0.55228543 37 99 235
0.087030627 0.33182001 -0.064414434 37 99 235
0.056482576 -0.057793468 -0.20961593 37 99 235
-0.084251888 -0.098392986 -0.59467602 37 99 235
0.25831938 0.048190847 -0.69786429 37 99 235
-0.23591767 0.073545247 0.59996176 37 99 235
0.17174053 0.053634576 -0.5146178 37 99 235
-0.087368593 0.30508506 -0.080685012 37 99 235
0.054531321 -0.11298698 0.13852127 37 99 235
-0.29256788 -0.04149374 0.55873311 37 99 235
0.24124643 0.081659183 0.73309231 37 99 235
-0.26678064 0.030188197 -0.66735923 37 99 235
-0.012879695 -0.12398794 -0.35059774 37 99 235
0.35343722 -0.29953054 -0.68972486 37 99 235
0.25906217 0.32605022 0.094106697 37 99 235
0.23964684 -0.22619826 0.58851504 37 99 235
0.023558035 0.28666282 0.3027688 37 99 235
-0.38219273 -0.23688126 -0.50907052 37 99 235
-0.27682704 -0.18320511 0.68789256 37 99 235
0.33520746 0.14605147 -0.43923724 37 99 235
-0.14818901 -0.09016104 -0.59132987 37 99 235
0.32946002 -0.14210364 -0.51622486 37 99 235
-0.33175313 -0.1110568 0.13259305 37 99 235
0.0091746924 0.32562467 -0.2071386 37 99 235
-0.20815833 0.15119591 0.72971904 37 99 235
-0.32150602 0.073664628 0.037147496 37 99 235
0.34898999 0.10838395 -0.33072826 37 99 235
-0.17024945 -0.13150439 0.07643427 37 99 235
0.11842772 0.32310972 0.037569378 37 99 235
-0.30424434 -0.078668155 0.59028012 37 99 235
-0.34260243 -0.048684321 0.76408756 37 99 235
-0.16012467 0.037795477 -0.38529873 37 99 235
-0.067577988 0.32400334 0.088781171 37 99 235
0.31732818 0.045207333 0.75071841 37 99 235
-0.36644793 -0.19724403 0.4335939 37 99 235
-0.28989479 0.18980142 0.31752411 37 99 235
0.34441069 0.19428657 -0.060871616 37 99 235
0.34898999 0.13943504 -0.31940097 37 99 235
0.048305001 0.099075317 -0.51462018 37 99 235
-0.40180907 -0.13995332 -0.2760447 37 99 235
-0.27032322 -0.062928915 -0.76007307 37 99 235
-0.27064258 0.14774154 -0.50664395 37 99 235
0.27245206 0.30579785 0.27964452 37 99 235
-0.2271186 -0.23730963 -0.68823594 37 99 235
0.012491918 0.0060412143 -0.51320803 37 99 235
-0.1878987 -0.10162848 0.018967971 37 99 235
0.012097687 -0.053782314 -0.29436612 37 99 235
0.37602791 0.014390482 -0.66009921 37 99 235
0.18354414 0.11725077 -0.72937196 37 99 235
-0.35026425 0.0431168 0.67897755 37 99 235
0.35545748 -0.081552975 -0.60938221 37 99 235
0.13332462 -0.057669375 -0.064965077 37 99 235
-0.13083 -0.034193829 -0.62113684 37 99 235
-0.24176782 -0.18333894 0.66232306 37 99 235
0.32025 0.027654057 0.093715936 37 99 235
-0.17329571 -0.12184943 -0.44775754 37 99 235
0.3473292 0.084224075 0.36067563 37 99 235
0.26811829 -0.016132759 0.27785459 37 99 235
0.20640582 -0.0083079329 -0.43497497 37 99 235
0.21728523 0.31985533 -0.27895543 37 99 235
-0.15449905 0.075512566 -0.52835244 37 99 235
-0.34346995 0.057001542 -0.70838398 37 99 235
-0.32425636 -0.12000341 0.6917814 37 99 235
0.31721884 0.25410447 -0.26886877 37 99 235
-0.20848443 -0.0641651 0.49932769 37 99 235
-0.16336925 -0.095294058 -0.010352505 37 99 235
-0.25778374 -0.064000256 0.65451819 37 99 235
0.22004458 -0.052270409 0.74432749 37 99 235
0.20872006 0.027348679 -0.50366211 37 99 235
0.32412478 0.033846248 -0.38770866 37 99 235
0.21095157 0.018564822 0.42774138 37 99 235
0.064533889 -0.057419769 0.22605242 37 99 235
-0.32427958 0.11595547 -0.74488139 37 99 235
-0.093761772 0.30985782 0.12111603 37 99 235
-0.28494579 -0.19561002 -0.68889481 37 99 235
0.13219917 0.28548974 -0.33120999 37 99 235
-0.32000166 0.31434307 0.080831416 37 99 235
0.21896191 0.29038841 0.29653054 37 99 235
0.34213439 -0.054619238 -0.15421699 37 99 235
0.040871929 -0.078333594 -0.39331695 37 99 235
-0.03137384 0.29430208 0.24847424 37 99 235
0.26444709 -0.13957343 -0.28037414 37 99 235
-0.21498197 -0.063593283 0.41184503 37 99 235
-0.12380103 0.12786894 -0.72781581 37 99 235
-0.34983888 0.26324677 0.036635082 37 99 235
0.34118438 0.22676218 0.24036367 37 99 235
-0.019911477 0.059130415 0.73405004 37 99 235
-0.35982215 -0.081540838 0.66156048 37 99 235
0.20279072 0.33039981 0.12770662 37 99 235
-0.4105331 -0.14221929 0.045085441 37 99 235
0.023581494 -0.10668816 -0.61303556 37 99 235
-0.33533633 0.024461702 0.044612411 37 99 235
0.18805563 -0.098930046 -0.044304393 37 99 235
0.16945985 -0.042455297 0.30757248 37 99 235
-0.37606639 -0.17195235 -0.5264672 37 99 235
-0.34861684 -0.29547599 0.58266068 37 99 235
0.23225284 0.31814715 0.33567682 37 99 235
-0.029663514 0.31487292 -0.050441034 37 99 235
0.33708891 0.019507492 0.58324134 37 99 235
0.011089077 -0.12327529 0.52950972 37 99 235
-0.185371 0.31518564 -0.063956551 37 99 235
0.20379022 -0.05739776 0.25728992 37 99 235
0.11456607 0.10102499 -0.30015749 37 99 235
-0.33702093 -0.13771386 0.67583424 37 99 235
-0.25381169 -0.3201234 0.54035807 37 99 235
-0.32291526 0.11404606 -0.150141 37 99 235
0.12756331 -0.062185295 0.59787613 37 99 235
0.15516829 0.33182001 0.30982471 37 99 235
-0.28489479 -0.034879699 0.38377678 37 99 235
0.14452972 -0.057622071 -0.010780414 37 99 235
-0.083027519 -0.11296656 0.16699782 37 99 235
0.21178848 -0.1406482 -0.36335307 37 99 235
0.33217871 -0.12339788 -0.58350152 37 99 235
0.10017224 -0.11311851 0.025588833 37 99 235
0.024577495 0.028240001 0.43938529 37 99 235
0.24222909 -0.26039544 0.40859196 37 99 235
-0.050792266 0.078239128 -0.64618212 37 99 235
-0.1964006 0.080169737 0.36571252 37 99 235
0.22053091 -0.074113697 -0.55462164 37 99 235
0.2260327 -0.27678365 -0.49815267 37 99 235
-0.2021829 0.3100931 0.20252831 37 99 235
-0.34772205 0.053300004 -0.78470868 37 99 235
-0.31800082 0.12051266 0.52769309 37 99 235
-0.20912614 0.10316878 -0.31025869 37 99 235
-0.036288347 0.32216701 -0.22957337 37 99 235
0.10718876 -0.057417709 0.22843893 37 99 235
0.27826554 -0.16574492 -0.52875406 37 99 235
0.22403921 0.25404432 0.33689454 37 99 235
-0.15273395 0.14438772 -0.58937055 37 99 235
0.0047657993 0.31554407 -0.3230077 37 99 235
-0.077923194 0.30469435 -0.089178808 37 99 235
-0.11649727 -0.042149343 -0.36815855 37 99 235
0.34860596 -0.11603453 -0.057184737 37 99 235
-0.35737666 -0.10386045 0.67880011 37 99 235
-0.096884303 -0.0076382249 0.67434114 37 99 235
-0.10751702 0.15777569 -0.4775236 37 99 235
-0.016278852 0.32024115 -0.11976314 37 99 235
-0.26243821 0.1094956 0.6980927 37 99 235
0.19624867 0.037603527 -0.38944575 37 99 235
-0.30779395 0.1404909 0.33525395 37 99 235
-0.35883504 0.099616796 0.30191579 37 99 235
-0.30819824 -0.037172187 0.082681566 37 99 235
0.16351332 0.018707244 0.47560772 37 99 235
-0.32951075 0.31051871 0.080683723 37 99 235
0.32025 0.056773357 -0.18660085 37 99 235
0.2187427 0.14769696 -0.50213528 37 99 235
-0.063639484 0.3200154 0.013376233 37 99 235
0.33666319 0.044436891 -0.2743063 37 99 235
-0.23696381 -0.035520785 -0.64313841 37 99 235
-0.29170862 0.32171729 -0.18125865 37 99 235
-0.02343994 -0.12351126 -0.38862079 37 99 235
-0.24698034 -0.05760017 0.025874006 37 99 235
0.29333234 -0.1141548 0.60362792 37 99 235
-0.091491312 -0.057508323 0.11812212 37 99 235
0.061229646 -0.05520609 0.7777006 37 99 235
-0.18083376 0.077876069 0.59047657 37 99 235
0.29134911 -0.015712902 -0.54865694 37 99 235
0.26554173 0.09073814 -0.41382059 37 99 235
0.19358489 -0.057628803 -0.012055198 37 99 235
0.25764716 -0.051063336 -0.66220492 37 99 235
0.2157342 0.081114829 -0.54142237 37 99 235
0.33153138 -0.32099545 0.49404153 37 99 235
0.21908443 -0.0040038871 0.61582506 37 99 235
-0.22832626 0.31919298 -0.16417724 37 99 235
-0.39269102 -0.26482353 -0.51754612 37 99 235
-0.21149482 0.22792816 0.34799272 37 99 235
-0.11968245 -0.072293431 -0.74570835 37 99 235
-0.26766407 -0.061720561 -0.75836307 37 99 235
0.2529144 -0.080671243 -0.28541318 37 99 235
0.14077309 0.15652728 0.36181211 37 99 235
0.033866171 0.12038933 -0.75986856 37 99 235
-0.036879256 -0.11348554 -0.29438794 37 99 235
0.3725031 0.19014749 -0.2331197 37 99 235
-0.17740437 0.068723612 -0.4510254 37 99 235
0.11723042 -0.11304436 0.096309729 37 99 235
0.094676077 -0.057650119 -0.046814479 37 99 235
-0.30002674 0.32030612 0.0080762291 37 99 235
0.28125945 -0.25218406 -0.46352476 37 99 235
0.099565223 0.32071355 -0.16597956 37 99 235
-0.35799879 -0.036563136 -0.6712656 37 99 235
0.11688987 -0.10799726 0.26965955 37 99 235
0.078307696 0.035014752 -0.51041877 37 99 235
0.028062087 0.31801677 0.26705262 37 99 235
-0.067732953 -0.026220612 -0.75037545 37 99 235
-0.27290195 -0.1096579 -0.47725916 37 99 235
0.30842507 0.22174449 -0.33122355 37 99 235
-0.22448957 0.037156545 -0.49309048 37 99 235
0.075309433 0.32402205 -0.20866877 37 99 235
0.30120662 -0.006621303 0.24973869 37 99 235
0.059175096 -0.070275448 0.7180016 37 99 235
-0.34139848 -0.12217647 -0.28863919 37 99 235
-0.002607119 0.078665286 -0.42684394 37 99 235
-0.035613518 -0.12577574 -0.61048013 37 99 235
0.22319603 0.061439525 0.7008543 37 99 235
0.18430303 0.060237169 0.44369185 37 99 235
-0.31450957 -0.092321709 0.60071164 37 99 235
0.18998572 -0.12893178 -0.13231562 37 99 235
0.22088911 -0.091006607 -0.46558785 37 99 235
0.10103188 0.32701445 -0.10607173 37 99 235
0.25563797 -0.10511916 0.50822872 37 99 235
0.29722077 0.093661748 -0.39791355 37 99 235
-0.3274689 0.11916171 -0.016160922 37 99 235
-0.11363205 0.077286974 -0.7908482 37 99 235
-0.17079918 -0.1325347 -0.64889681 37 99 235
-0.31582662 -0.21418284 -0.51964921 37 99 235
-0.098346025 -0.037144039 -0.38823819 37 99 235
0.021083882 -0.062892102 0.73730761 37 99 235
0.038703166 0.27731755 -0.30316135 37 99 235
0.3373709 -0.12830292 0.51934469 37 99 235
0.28903598 -0.059662193 -0.6669268 37 99 235
-0.0084657706 0.30242345 0.36817145 37 99 235
-0.13764076 0.032893714 -0.38244274 37 99 235
0.3402696 0.11470556 0.4126915 37 99 235
-0.20262362 -0.020888045 -0.40229374 37 99 235
0.28897464 -0.11332642 -0.15341404 37 99 235
-0.035580825 0.30910632 0.0065568043 37 99 235
-0.00067275972 -0.095755309 -0.63450259 37 99 235
0.12361094 0.31297433 0.21400951 37 99 235
0.045516819 -0.15696383 -0.64332175 37 99 235
-0.05404349 0.33123234 -0.14207245 37 99 235
0.36509046 0.061776716 -0.77531093 37 99 235
-0.32406873 0.30953932 0.12587427 37 99 235
-0.40090525 -0.14925687 -0.45558247 37 99 235
-0.24250241 -0.19107443 -0.60317415 37 99 235
0.1628249 -0.016818844 -0.65592968 37 99 235
-0.011786493 0.065790668 -0.47642073 37 99 235
-0.26706019 0.080949515 0.54474074 37 99 235
0.1597531 0.096358426 -0.55733842 37 99 235
-0.10256344 0.10038786 -0.56699282 37 99 235
-0.27192187 0.034542982 -0.70429802 37 99 235
0.24141733 -0.053768847 -0.4252398 37 99 235
0.090967342 -0.057511158 0.1215639 37 99 235
-0.066133939 0.090391867 -0.79688871 37 99 235
-0.30576482 0.14813657 -0.49584687 37 99 235
0.18687558 0.065953918 -0.52332222 37 99 235
-0.28160325 0.28655544 0.062846079 37 99 235
-0.26593205 -0.16767399 -0.78749341 37 99 235
-0.34698412 -0.081118383 0.6725167 37 99 235
-0.34510219 -0.22259238 -0.71390861 37 99 235
-0.21043317 0.14562471 -0.31009716 37 99 235
0.3379226 -0.071065404 -0.18100008 37 99 235
-0.32453838 0.084201589 0.46678022 37 99 235
0.34367019 0.055027142 0.64072084 37 99 235
0.14758664 0.029575862 0.67518896 37 99 235
0.31090948 0.21361028 0.3832767 37 99 235
-0.014364628 -0.11836852 -0.5596568 37 99 235
0.33754146 -0.18998702 -0.48805317 37 99 235
0.078663521 0.0038363547 0.79001099 37 99 235
-0.10639076 0.032224797 -0.37948453 37 99 235
0.22374013 -0.0022840968 0.61077565 37 99 235
-0.33636498 0.19548872 0.34018928 37 99 235
0.17113703 0.016363971 0.52985775 37 99 235
0.2694217 0.10408377 -0.36859292 37 99 235
0.25528276 -0.13613984 0.42216972 37 99 235
0.31352401 0.030785706 -0.55089307 37 99 235
-0.096853361 -0.057661105 -0.046390194 37 99 235
-0.097484276 -0.047442798 -0.34149262 37 99 235
0.2241316 0.072977804 0.41906309 37 99 235
-0.33340752 0.13847101 -0.27970031 37 99 235
-0.25880429 -0.026984965 -0.49330831 37 99 235
-0.35683349 -0.19392578 0.34828362 37 99 235
0.28259361 0.11789306 -0.73168683 37 99 235
0.33639339 -0.30516177 -0.52796501 37 99 235
0.20062119 -0.12116785 0.36109486 37 99 235
-0.33048037 -0.11408586 0.073004089 37 99 235
-0.21352637 -0.18056618 -0.77017301 37 99 235
0.34262159 -0.20468733 0.37188932 37 99 235
-0.03497925 0.29390642 0.25878555 37 99 235
-0.33388999 0.03702727 -0.12872525 37 99 235
0.36039802 -0.22858602 0.36289445 37 99 235
-0.20689541 0.32151216 -0.32463008 37 99 235
-0.04147261 0.319267 0.069765851 37 99 235
-0.29058582 0.12276224 -0.7456969 37 99 235
0.1780636 -0.12724131 -0.06327796 37 99 235
0.33807462 -0.1031908 -0.57095158 37 99 235
-0.34145716 0.16089304 0.028764734 37 99 235
0.36967468 -0.26468414 0.55073154 37 99 235
0.34886789 0.11876755 0.52279174 37 99 235
0.28724879 0.099389181 -0.38365057 37 99 235
-0.33177033 -0.30220032 0.60234427 37 99 235
0.33091009 -0.10281057 -0.47861984 37 99 235
0.0058860923 0.31238198 0.023369517 37 99 235
0.10169132 -0.057453182 0.18986286 37 99 235
0.3416723 -0.17527859 -0.67727607 37 99 235
-0.064394116 0.30723226 0.28548589 37 99 235
-0.14346147 -0.10381869 -0.68989903 37 99 235
-0.35019001 0.11309949 0.59243 37 99 235
-0.31700104 0.035982195 -0.31809017 37 99 235
-0.21765754 -0.060820173 0.018166229 37 99 235
-0.13495393 0.079421192 0.38099977 37 99 235
0.34276178 -0.19299607 -0.58365887 37 99 235
-0.24998516 -0.24780548 -0.74800813 37 99 235
-0.29025269 -0.009279226 0.62726492 37 99 235
0.067124598 -0.11783674 -0.53563476 37 99 235
-0.17278424 0.02717937 0.56997645 37 99 235
-0.28829607 -0.042589176 0.66595733 37 99 235
0.24747184 -0.078319915 0.6596489 37 99 235
-0.094357602 0.10344846 -0.56997657 37 99 235
0.21667209 -0.1489792 -0.35717198 37 99 235
0.29741532 -0.15448569 0.6888966 37 99 235
-0.11793992 -0.063612059 0.30880293 37 99 235
0.16002254 0.33182001 -0.13042814 37 99 235
0.3119314 0.047710881 0.59972596 37 99 235
-0.22832943 -0.056244064 -0.73000926 37 99 235
-0.04659491 0.028240001 0.57991207 37 99 235
-0.11376885 -0.11342248 -0.2376893 37 99 235
0.0090024779 -0.1588625 -0.6347363 37 99 235
0.33169484 0.039263338 0.047874175 37 99 235
0.30034706 -0.22503459 0.34730533 37 99 235
-0.026374156 -0.12052577 -0.7666772 37 99 235
0.40347376 -0.13922504 0.21299575 37 99 235
-0.33791 0.19618815 0.13880029 37 99 235
-0.39478421 -0.24732535 -0.49639627 37 99 235
-0.073900983 -0.094759822 0.31397104 37 99 235
-0.15027028 -0.084495023 -0.45338696 37 99 235
0.25808838 0.29524109 0.36066332 37 99 235
-0.15918815 0.1223624 -0.58810735 37 99 235
-0.096150555 -0.10861191 0.25198656 37 99 235
0.24584535 0.31528404 -0.0035395171 37 99 235
-0.32386702 0.066688381 -0.67123199 37 99 235
0.044468518 0.30097693 0.24232465 37 99 235
0.12174796 -0.01627112 -0.38375169 37 99 235
-0.026192171 -0.057733733 -0.14430462 37 99 235
-0.1960772 0.12923607 -0.71346682 37 99 235
0.25604916 0.0021637299 0.77731001 37 99 235
-0.17510758 0.077429265 0.6121583 37 99 235
0.25725585 0.095378041 -0.45934993 37 99 235
0.048424963 -0.083193585 0.34379902 37 99 235
-0.24581259 -0.30233225 0.47612044 37 99 235
0.21436732 -0.12426522 -0.052303094 37 99 235
0.32986626 -0.27493471 -0.71920621 37 99 235
0.057250377 -0.06285625 0.75259995 37 99 235
0.1751679 -0.094654649 -0.66513288 37 99 235
0.32366139 0.0016071429 -0.017807232 37 99 235
0.33110288 -0.127837 -0.27559951 37 99 235
0.20597939 -0.024642857 -0.56810343 37 99 235
-0.21274002 -0.15278763 -0.47442165 37 99 235
-0.092174791 0.31134838 0.36325893 37 99 235
0.15994821 0.32589036 0.22050722 37 99 235
-0.20126517 -0.088819593 0.53259331 37 99 235
0.12496562 0.028240001 0.67310929 37 99 235
0.21645047 -0.14783752 -0.3410072 37 99 235
-0.23630904 0.080925494 -0.47154516 37 99 235
0.028731698 -0.11315799 0.24230981 37 99 235
-0.34015495 -0.049828053 -0.52914733 37 99 235
-0.35019001 0.060503062 0.64334911 37 99 235
-0.32927999 0.017472565 0.4300828 37 99 235
-0.094067961 0.155204 -0.32595432 37 99 235
-0.10201783 0.010603111 0.74918211 37 99 235
-0.18504599 0.065171316 0.39587164 37 99 235
-0.29255521 0.10484678 -0.37469444 37 99 235
-0.32551622 -0.11162449 -0.48759878 37 99 235
-0.32867619 0.087521352 -0.31267697 37 99 235
-0.041397069 0.17478201 -0.321125 37 99 235
0.0634019 0.081337124 -0.39625904 37 99 235
0.34841165 0.085273087 0.69454587 37 99 235
0.02790823 -0.11595421 -0.42847234 37 99 235
-0.23313367 0.098991521 0.36639577 37 99 235
0.24626628 0.03855272 -0.47349951 37 99 235
-0.035442855 0.30076492 0.063953251 37 99 235
0.083932862 0.31739628 -0.17917952 37 99 235
-0.20406486 -0.055482123 -0.72251952 37 99 235
0.31136814 -0.047430634 0.47766134 37 99 235
-0.16252623 0.32184672 -0.047153175 37 99 235
-0.1712663 0.32478023 -0.18624561 37 99 235
-0.27210355 -0.11357164 0.32621446 37 99 235
0.13699941 0.076406449 -0.77678603 37 99 235
0.26893079 -0.026763987 -0.42654628 37 99 235
0.039365411 -0.11971123 -0.76844728 37 99 235
-0.35238808 -0.24892312 0.64819282 37 99 235
0.038635988 0.32333848 -0.23651633 37 99 235
0.20237114 0.31187549 -0.14180711 37 99 235
-0.35155237 0.045390341 -0.58822787 37 99 235
0.041241113 0.1345911 -0.71653199 37 99 235
0.2703681 -0.053937852 -0.66151536 37 99 235
-0.35016745 -0.00081474643 -0.39600986 37 99 235
-0.29857397 -0.032983445 -0.76881266 37 99 235
0.19805063 0.014391907 0.56472272 37 99 235
-0.11176616 0.32337168 0.065408245 37 99 235
-0.35019001 0.11299566 -0.34104785 37 99 235
-0.1174418 0.14800248 -0.62583029 37 99 235
0.32040331 0.06979534 0.61675465 37 99 235
0.19929202 -0.084855773 -0.62170386 37 99 235
0.22432333 0.2450491 -0.33581728 37 99 235
0.085773021 -0.028835874 -0.72789955 37 99 235
0.34250441 0.29318377 0.044597097 37 99 235
-0.021302491 0.28262413 -0.32972682 37 99 235
0.29119831 -0.18772733 -0.50643235 37 99 235
-0.34369311 0.27336621 -0.28801069 37 99 235
0.00060562277 0.028240001 0.5766781 37 99 235
0.34719077 0.20915489 0.36244175 37 99 235
0.33047786 0.30947152 0.2796005 37 99 235
-0.24151213 -0.10960194 0.23466063 37 99 235
-0.18265915 0.095807783 -0.32633704 37 99 235
-0.33115697 0.20994155 0.073857784 37 99 235
0.04242146 -0.0084664421 0.79204875 37 99 235
0.39082366 -0.11361589 -0.71518767 37 99 235
0.057532795 -0.066864982 -0.66081572 37 99 235
-0.24119115 0.1712226 -0.37718847 37 99 235
0.26635033 -0.26944435 -0.49015403 37 99 235
0.33492941 -0.032724902 -0.16903193 37 99 235
-0.32599926 0.092811167 0.72143221 37 99 235
0.34570384 0.11909591 0.50448602 37 99 235
0.21949996 -0.065712124 -0.22915931 37 99 235
0.05125799 0.29454935 0.11260248 37 99 235
-0.15824635 -0.12315734 -0.21874589 37 99 235
0.11520587 0.01071158 -0.60092771 37 99 235
-0.34452897 -0.2072463 0.50310063 37 99 235
0.091488726 0.027621787 -0.73695403 37 99 235
0.19741021 -0.095316604 0.32857704 37 99 235
-0.25947902 -0.14267279 -0.70784688 37 99 235
-0.22603077 -0.30585191 -0.68418521 37 99 235
-0.10414866 -0.057459462 0.17898573 37 99 235
-0.0091925655 0.073064737 -0.31386814 37 99 235
-0.042955726 0.021102153 0.7504788 37 99 235
-0.060443725 -0.05579713 -0.49469134 37 99 235
-0.23927626 0.30882537 -0.23807266 37 99 235
-0.34998873 -0.010923013 -0.41953054 37 99 235
-0.11538877 -0.088331088 0.33633167 37 99 235
0.0030190193 -0.17608118 0.48436618 37 99 235
0.33563885 0.20913526 -0.14489827 37 99 235
-0.3164705 0.29977909 0.2910431 37 99 235
0.28218246 0.30064225 0.32927009 37 99 235
-0.23329625 0.30633277 -0.053633928 37 99 235
0.14608559 0.024051774 0.41839328 37 99 235
0.27711073 -0.11305907 0.081797153 37 99 235
-0.11669312 0.31735757 -0.015002191 37 99 235
0.07617303 -0.033517923 0.52456439 37 99 235
-0.36389911 -0.24856329 -0.47574955 37 99 235
0.042666469 -0.029821286 -0.79058051 37 99 235
-0.12681849 0.31277338 -0.19339989 37 99 235
0.34767926 0.10338686 -0.53434199 37 99 235
0.23723917 -0.13006845 0.22613582 37 99 235
-0.14249539 -0.064286053 -0.40754065 37 99 235
0.27266398 -0.14560628 0.3128894 37 99 235
-0.1190886 0.022939334 -0.68524182 37 99 235
0.047277439 -0.11304567 0.0909523 37 99 235
0.13447401 -0.053951044 -0.59005839 37 99 235
0.26597396 -0.1131713 -0.015366117 37 99 235
-0.13536738 -0.061817415 -0.49250734 37 99 235
0.042081822 -0.088930927 0.30619702 37 99 235
-0.23749709 -0.29631093 -0.62185472 37 99 235
0.27708536 -0.072275653 -0.75362986 37 99 235
0.23779099 0.30703971 0.23947412 37 99 235
0.27407777 -0.31437978 0.54318112 37 99 235
-0.18172696 -0.058899738 0.63247371 37 99 235
0.33049938 -0.018237406 0.099186718 37 99 235
0.11750245 0.31993097 0.24251309 37 99 235
0.12146996 -0.09298636 -0.64478803 37 99 235
0.36065763 -0.06354174 0.5058099 37 99 235
0.072673626 -0.057633802 -0.028099487 37 99 235
0.31594464 0.32281697 -0.29400861 37 99 235
-0.23016284 -0.1605207 -0.76539558 37 99 235
0.068461999 0.29672086 0.19298528 37 99 235
0.25009358 -0.11265822 -0.38322777 37 99 235
0.062780246 0.28761622 0.3139801 37 99 235
-0.33061576 -0.18872508 0.64845842 37 99 235
-0.34014606 -0.078635402 -0.56413311 37 99 235
0.12914184 0.11236544 -0.78754216 37 99 235
0.088320181 0.1718037 0.35750687 37 99 235
-0.21706052 -0.027941132 -0.63832206 37 99 235
0.31206775 -0.17321654 -0.55139202 37 99 235
0.2450951 -0.0024866266 0.36802983 37 99 235
-0.27553377 -0.15225196 0.33345014 37 99 235
0.14471705 0.19375154 0.35022956 37 99 235
-0.24590193 -0.30354816 0.49090081 37 99 235
0.2879419 0.079884879 0.50107366 37 99 235
0.33509514 0.24876446 -0.23345935 37 99 235
-0.28562275 0.15024297 0.7261802 37 99 235
-0.34326425 -0.054052655 -0.17148893 37 99 235
-0.33721909 0.13302462 0.64098364 37 99 235
-0.22340882 -0.025043152 0.63619959 37 99 235
-0.20625113 -0.17971687 -0.71725971 37 99 235
0.15842651 0.303204 -0.28569233 37 99 235
0.33998275 0.12394882 -0.30042011 37 99 235
0.22529937 0.0083778007 0.77398771 37 99 235
0.19074215 0.077956825 0.36254594 37 99 235
-0.21266487 -0.13349572 -0.25309801 37 99 235
0.27450109 0.31846786 -0.1287529 37 99 235
0.36610946 -0.03121849 -0.744147 37 99 235
0.22056472 0.13456026 0.36165589 37 99 235
0.34894311 0.18554962 0.2831938 37 99 235
0.31547713 -0.30885917 0.55947882 37 99 235
0.056200281 -0.11345792 -0.26792699 37 99 235
-0.13000515 0.31136581 0.093109526 37 99 235
-0.28772819 0.069136173 -0.67591995 37 99 235
0.39701387 -0.12023558 0.14009893 37 99 235
-0.17359596 -0.16775368 -0.65540087 37 99 235
0.033771317 0.32186791 0.097944923 37 99 235
0.17272897 -0.092418157 0.31884751 37 99 235
-0.10491623 0.15463755 0.36220649 37 99 235
0.18818089 0.12367363 -0.72708249 37 99 235
-0.10548808 -0.15501517 -0.6748606 37 99 235
-0.2584506 0.12219176 -0.78664243 37 99 235
0.27285057 0.088838771 -0.42025462 37 99 235
-0.33752322 -0.30333379 0.59240514 37 99 235
0.32556394 -0.024033057 -0.50426984 37 99 235
0.029364832 -0.057020377 0.77849603 37 99 235
-0.35212779 0.14329207 0.29385445 37 99 235
0.29389361 0.30321792 -0.29953793 37 99 235
-0.24178687 -0.14767094 0.59862983 37 99 235
-0.20436932 -0.097936943 -0.73856992 37 99 235
-0.34300411 -0.15766487 -0.52589709 37 99 235
0.1931311 0.31222034 -0.031408619 37 99 235
0.32025 0.11871695 -0.23244515 37 99 235
0.298087 0.32301036 -0.11298335 37 99 235
-0.31019312 -0.032676816 0.4167349 37 99 235
0.34261936 -0.060607444 -0.14878927 37 99 235
0.22624701 -0.133605 0.17095481 37 99 235
0.2522299 0.20561573 0.35729215 37 99 235
0.10033563 -0.018273691 -0.68695778 37 99 235
-0.025866602 0.018155051 -0.79340899 37 99 235
0.030708032 0.076482967 -0.37944284 37 99 235
-0.13420241 0.025988353 0.54379362 37 99 235
-0.35019001 0.06563399 -0.37530261 37 99 235
-0.099225774 0.045041956 -0.50788063 37 99 235
0.20820272 0.29441094 0.049191643 37 99 235
0.27304077 -0.13316141 0.4120549 37 99 235
-0.24179918 -0.16143221 -0.7019906 37 99 235
-0.27078944 -0.087808773 -0.73751599 37 99 235
-0.32710922 0.3109532 0.0042702928 37 99 235
-0.28504694 0.059744906 -0.63078701 37 99 235
-0.40708575 -0.14780113 -0.47283164 37 99 235
0.042681474 -0.05388638 -0.37974051 37 99 235
-0.28885752 -0.043769993 0.37440002 37 99 235
0.24321112 -0.10317457 0.67870742 37 99 235
0.15813051 0.11873876 -0.78125429 37 99 235
-0.049356069 -0.12009672 0.52791315 37 99 235
0.1681651 0.31531504 -0.084450334 37 99 235
0.045639612 -0.036325026 0.72632277 37 99 235
0.078686006 -0.1132667 -0.12385078 37 99 235
0.21178941 0.097258449 0.69510204 37 99 235
-0.23868731 -0.25519648 0.47687799 37 99 235
-0.13483521 -0.060366809 0.61699772 37 99 235
-0.081460722 0.30862913 0.36628425 37 99 235
-0.16093658 0.020403093 0.72520494 37 99 235
-0.33371308 0.126837 -0.52783066 37 99 235
0.33002564 -0.13963653 -0.49871841 37 99 235
0.33179528 0.29542217 0.2627399 37 99 235
-0.15991665 0.072295211 -0.43717325 37 99 235
0.40164542 -0.14648643 -0.75830525 37 99 235
-0.16289017 -0.057704795 -0.10101593 37 99 235
-0.35231805 -0.12844989 -0.60437018 37 99 235
-0.28364494 -0.014605599 0.28664929 37 99 235
-0.29496598 0.2151442 0.31183746 37 99 235
0.18679456 0.24578153 0.35051891 37 99 235
-0.33089232 0.019912515 -0.41952085 37 99 235
0.18161032 -0.078045994 0.47631502 37 99 235
0.34898999 0.039485853 -0.38891503 37 99 235
0.20488672 0.31693396 -0.030707138 37 99 235
-0.28294981 0.32015824 0.22411343 37 99 235
0.059631608 0.010019043 -0.51192313 37 99 235
0.36765626 -0.26261169 0.51669514 37 99 235
-0.31001556 -0.23988043 0.65650469 37 99 235
0.12559853 -0.11312975 0.018247034 37 99 235
0.24051718 -0.038077142 0.64516526 37 99 235
-0.1980232 -0.043154009 0.47721398 37 99 235
0.34302065 -0.06539169 -0.12659538 37 99 235
-0.31695476 0.066990271 -0.78228617 37 99 235
-0.33224991 0.082286514 -0.28740653 37 99 235
0.26233083 -0.11330013 -0.12726392 37 99 235
0.34084997 0.042935319 -0.33491784 37 99 235
0.12579939 -0.057718165 -0.12549677 37 99 235
0.35303298 -0.27161887 0.63094378 37 99 235
-0.13118495 -0.017605444 -0.7011857 37 99 235
0.020885944 -0.019243326 -0.75305587 37 99 235
0.33940718 -0.2355134 0.52696162 37 99 235
-0.22214682 0.0029712489 0.51947302 37 99 235
0.33186454 -0.14977106 -0.48835799 37 99 235
0.074865125 0.080213197 -0.30739576 37 99 235
-0.34889713 -0.13895266 0.33336136 37 99 235
0.046917416 0.028240001 0.40955567 37 99 235
-0.3433978 0.081677489 0.34194291 37 99 235
0.20159185 0.29004121 0.29734698 37 99 235
0.2971251 0.0014723293 -0.55783176 37 99 235
-0.15733214 0.09054587 -0.72482783 37 99 235
0.2971015 0.24211045 -0.29474294 37 99 235
0.27456957 -0.19168732 -0.43683693 37 99 235
-0.18821046 -0.10939483 0.25081366 37 99 235
0.34069884 0.14873904 0.1724956 37 99 235
0.26508155 -0.040987957 0.25968024 37 99 235
0.27655989 -0.30953345 -0.60604578 37 99 235
-0.18887663 -0.071449392 0.080075793 37 99 235
0.058456514 -0.059528377 0.2631571 37 99 235
0.10607607 0.14693302 -0.56624991 37 99 235
0.36100966 -0.13697575 -0.21636948 37 99 235
-0.3044396 -0.21511964 0.5742234 37 99 235
0.034670707 0.019228267 0.74269795 37 99 235
0.32025 0.11409838 -0.05872184 37 99 235
0.35565212 -0.12665978 -0.63820601 37 99 235
-0.33467928 -0.16861467 -0.72744453 37 99 235
-0.32299462 -0.04404239 -0.70683861 37 99 235
-0.2009954 -0.021696869 0.58102322 37 99 235
-0.24884696 -0.063306399 0.2990526 37 99 235
-0.37392655 -0.14177553 0.31028068 37 99 235
0.29671839 -0.066787973 -0.40318206 37 99 235
0.253575 -0.24376735 0.35945898 37 99 235
0.34896639 0.2572248 0.30196914 37 99 235
0.061173476 -0.057969969 0.41280976 37 99 235
0.17529552 0.32565853 0.25296697 37 99 235
0.21853656 -0.046056096 -0.57316679 37 99 235
0.32852262 0.098223455 0.047217909 37 99 235
0.16513123 0.13319966 -0.44400287 37 99 235
0.1825271 0.075430028 0.66423124 37 99 235
-0.26088169 -0.18359025 -0.78326869 37 99 235
0.29837871 -0.051725619 0.4723984 37 99 235
-0.17326152 -0.0866808 0.33976462 37 99 235
-0.22800915 -0.13522747 0.25780904 37 99 235
-0.11050308 -0.086198077 -0.61176872 37 99 235
0.081743494 0.014756553 0.51383901 37 99 235
-0.24059415 -0.19861004 0.64251024 37 99 235
0.062108599 -0.058058191 -0.082718767 37 99 235
0.32566941 0.12852979 0.44728878 37 99 235
-0.32093114 0.24109903 0.077165298 37 99 235
0.17863701 0.024557965 0.69651324 37 99 235
-0.3242799 0.084581211 -0.14220974 37 99 235
0.18035863 0.022847623 -0.38898033 37 99 235
-0.25532699 -0.10422363 0.41098836 37 99 235
-0.32196864 0.067753866 -0.26151833 37 99 235
0.36961994 -0.031536061 -0.74266618 37 99 235
-0.10716605 -0.069990419 0.47425658 37 99 235
-0.37053075 -0.055831093 0.42561626 37 99 235
0.20041232 0.090455681 -0.4876931 37 99 235
-0.20915532 -0.15320426 -0.36726296 37 99 235
-0.34335443 -0.081621721 0.57717609 37 99 235
0.0078096329 -0.050737619 0.66362572 37 99 235
-0.20485283 -0.06336464 0.62653422 37 99 235
-0.14941029 0.15317415 0.36217168 37 99 235
-0.18158513 -0.11908045 -0.30988458 37 99 235
0.26360169 0.077719279 -0.64571166 37 99 235
-0.098083429 0.32413271 0.097305626 37 99 235
0.35616985 -0.17048666 0.61923707 37 99 235
0.03116772 -0.030579939 0.79415202 37 99 235
0.36199951 -0.29378185 0.59439623 37 99 235
-0.33939302 0.093856461 -0.23785698 37 99 235
-0.075423039 -0.10251035 -0.63569415 37 99 235
-0.026068874 0.083735444 -0.63321513 37 99 235
0.22690907 -0.19131356 0.49956024 37 99 235
0.23697498 -0.029100806 0.32802457 37 99 235
-0.3492977 0.075158536 -0.32052937 37 99 235
0.32953468 0.15667172 -0.41859746 37 99 235
0.015888013 -0.093649238 -0.46959049 37 99 235
-0.25408456 -0.085598685 -0.36474839 37 99 235
-0.34013242 0.030941699 0.72193557 37 99 235
0.26409483 -0.22621298 0.35699588 37 99 235
-0.22841227 -0.15800956 -0.45554823 37 99 235
-0.011225544 -0.019395391 0.68027073 37 99 235
0.054485507 -0.051675268 0.78663629 37 99 235
0.013532362 -0.089764774 -0.7814132 37 99 235
-0.024891064 -0.17388 0.48474929 37 99 235
0.31034464 -0.11347724 -0.27697048 37 99 235
0.039678764 0.067447811 -0.68943822 37 99 235
-0.17399408 -0.054985307 0.69650549 37 99 235
0.26925525 0.13218817 0.37875679 37 99 235
0.018351354 0.028240001 0.47465304 37 99 235
-0.36374351 -0.1031795 0.63354307 37 99 235
-0.054322574 0.029472023 0.37176883 37 99 235
0.15807985 0.13727202 -0.67853218 37 99 235
0.34898999 0.10836273 -0.3247579 37 99 235
-0.16846336 -0.047078174 0.28882432 37 99 235
0.087540425 0.037627973 -0.5096578 37 99 235
-0.10747428 -0.1131243 0.024749447 37 99 235
0.11883467 0.11863429 -0.35089633 37 99 235
-0.14778312 -0.061510507 -0.47847334 37 99 235
-0.17404673 -0.093638927 0.3009676 37 99 235
0.26914436 -0.057714563 -0.12305946 37 99 235
-0.41581059 -0.14202785 0.02669752 37 99 235
-0.40148082 -0.10132268 -0.4892377 37 99 235
-0.30969802 0.22341879 -0.27699372 37 99 235
-0.29251549 -0.3201963 -0.66027564 37 99 235
0.35157514 -0.022913307 0.66395295 37 99 235
-0.22740604 -0.038886692 0.32427558 37 99 235
-0.13416313 0.32180765 0.2286624 37 99 235
-0.15311649 -0.091127768 -0.6678859 37 99 235
0.013545806 0.33179009 -0.027524186 37 99 235
-0.35019001 0.19056407 -0.012871327 37 99 235
-0.23980071 -0.084590554 0.63483185 37 99 235
-0.15582503 0.026416453 -0.48011807 37 99 235
-0.16735189 -0.045762558 -0.56022692 37 99 235
-0.32517192 -0.020992391 0.6408692 37 99 235
0.30834123 -0.21302949 -0.43308631 37 99 235
0.30017361 -0.072340779 -0.2924982 37 99 235
-0.05428962 -0.061400298 0.76980108 37 99 235
0.26497963 -0.23337002 -0.73426062 37 99 235
-0.31887734 0.31723744 -0.097717553 37 99 235
0.045783952 -0.046353951 -0.68394494 37 99 235
0.33286029 -0.1149373 -0.58273757 37 99 235
0.005691329 0.015126324 -0.53811848 37 99 235
-0.32145 0.079822719 -0.05164811 37 99 235
0.035825845 0.17198576 0.35993171 37 99 235
0.049543157 -0.037532642 -0.79055792 37 99 235
-0.11917854 -0.057436466 0.21113454 37 99 235
-0.34900016 -0.25781894 0.5012449 37 99 235
-0.23807907 -0.11664169 0.034478251 37 99 235
0.34423789 0.044024132 -0.53579229 37 99 235
-0.35181594 0.11241406 -0.2172529 37 99 235
-0.32978928 -0.016592171 0.085081652 37 99 235
0.22986464 -0.069507271 0.45922306 37 99 235
-0.21105878 -0.057659999 -0.058802057 37 99 235
0.078829162 -0.057414412 0.23349968 37 99 235
0.071967632 -0.064667843 0.72582686 37 99 235
0.027051296 0.32427508 -0.22444622 37 99 235
-0.27261722 0.14580488 -0.5266009 37 99 235
0.26553702 -0.071275003 0.50212651 37 99 235
-0.34772515 -0.012770014 0.37004879 37 99 235
0.34726605 0.14948842 0.32053667 37 99 235
0.18799819 0.021325704 0.75719368 37 99 235
0.20332474 -0.061997123 0.59305549 37 99 235
-0.37611601 0.11320301 -0.25790972 37 99 235
0.021699874 0.028285244 0.7640624 37 99 235
0.034889262 -0.093150578 0.29274246 37 99 235
-0.13518184 0.31254345 -0.2532393 37 99 235
-0.11711759 -0.057683609 -0.071627274 37 99 235
0.07121335 -0.11824827 -0.54035109 37 99 235
-0.3149763 0.075656414 -0.54297501 37 99 235
-0.21418077 -0.16364223 0.36738899 37 99 235
0.12049036 0.13729468 0.72455597 37 99 235
0.1260758 0.028240001 0.53230244 37 99 235
0.35012943 -0.14730939 0.68012041 37 99 235
0.16277312 -0.092053406 0.31707743 37 99 235
-0.044327229 -0.057504155 0.12991203 37 99 235
-0.13704143 0.085773937 -0.54761702 37 99 235
-0.32638061 -0.0094172563 -0.269811 37 99 235
0.3350454 0.25150421 -0.16973153 37 99 235
0.39788875 -0.13027054 -0.7424475 37 99 235
-0.0090318732 -0.11571961 -0.70027035 37 99 235
0.0041654175 -0.11442842 -0.026522225 37 99 235
-0.065771356 0.3229737 -0.22627904 37 99 235
-0.2782113 -0.1441171 -0.45761257 37 99 235
-0.30517071 -0.23137511 0.36047879 37 99 235
0.34041145 0.017543985 -0.039257202 37 99 235
0.26918361 0.022487266 -0.65053904 37 99 235
-0.34182569 0.29698858 -0.10569209 37 99 235
0.064077243 0.032420456 -0.39647329 37 99 235
0.019464266 -0.05950905 0.6423828 37 99 235
-0.32605815 0.20308509 0.026848376 37 99 235
0.080361597 -0.029024724 0.71636045 37 99 235
0.16714983 0.33182001 -0.087905228 37 99 235
0.34007403 0.097996637 0.56741822 37 99 235
-0.21641152 -0.057855897 -0.28036791 37 99 235
-0.061124444 -0.057663377 -0.052194737 37 99 235
0.23263282 -0.057681907 -0.086479776 37 99 235
0.072104536 -0.0075949091 -0.39499208 37 99 235
0.073647805 0.26111263 -0.33120999 37 99 235
0.33266085 0.22694531 -0.063950315 37 99 235
0.30852085 -0.015174394 -0.096180685 37 99 235
-0.12930807 -0.008133363 -0.59106946 37 99 235
-0.3473933 0.11325955 0.49160901 37 99 235
0.32010418 0.12813807 -0.56840563 37 99 235
-0.11751436 -0.090020195 -0.58758259 37 99 235
0.13508038 0.093617365 -0.36456639 37 99 235
0.30553198 0.32289982 -0.26060438 37 99 235
-0.010566356 0.00835115 -0.31386471 37 99 235
0.17913406 -0.00052897132 -0.74209064 37 99 235
-0.24375577 -0.14348117 -0.7428872 37 99 235
-0.2757833 0.17149764 0.34375811 37 99 235
0.1382897 0.0443785 -0.71577185 37 99 235
0.066938914 -0.061942454 0.28698561 37 99 235
0.2112319 0.052285004 -0.69980848 37 99 235
0.093570217 -0.057670493 -0.067573979 37 99 235
-0.21591122 0.028197128 -0.49179763 37 99 235
-0.076889455 0.33115149 -0.13320071 37 99 235
0.29528567 -0.16962615 -0.54102653 37 99 235
0.35646954 0.060667656 -0.69833171 37 99 235
0.28190389 0.12766248 -0.629583 37 99 235
0.23258454 -0.057588313 0.036177877 37 99 235
-0.18899074 0.30100328 0.21054618 37 99 235
0.31439069 0.043335371 -0.62795317 37 99 235
-0.27192122 -0.30868766 0.57825834 37 99 235
0.26952976 0.076173365 -0.54993165 37 99 235
-0.22714069 -0.14997761 -0.54072976 37 99 235
0.22244869 0.32519898 -0.12393966 37 99 235
0.18755402 0.033217881 0.38873038 37 99 235
0.33825418 -0.15445209 0.50499427 37 99 235
-0.0022765666 0.29459438 0.23851506 37 99 235
-0.11742411 -0.025803903 -0.67444581 37 99 235
0.17487012 0.038122892 -0.54821825 37 99 235
-0.23564453 -0.038727403 -0.78356636 37 99 235
0.35408455 -0.31437692 -0.65059954 37 99 235
0.32977241 -0.087084778 -0.20374733 37 99 235
0.34214023 -0.078214444 -0.54649204 37 99 235
0.16584466 0.31008485 -0.00062506436 37 99 235
0.30434236 -0.3139666 -0.56711119 37 99 235
0.21622643 -0.18755586 -0.61822617 37 99 235
-0.22760098 -0.069568709 -0.77432179 37 99 235
0.34596035 0.03626297 0.43702793 37 99 235
-0.26772836 -0.048673816 -0.78366858 37 99 235
-0.058134597 0.062128067 0.71534234 37 99 235
-0.21631038 -0.11658135 0.46159452 37 99 235
-0.28925782 -0.11352882 -0.32060739 37 99 235
0.33824882 0.1649808 -0.33768195 37 99 235
-0.35176736 -0.19216537 0.56042641 37 99 235
-0.03299487 -0.057401888 0.24328849 37 99 235
0.32582375 -0.10415601 -0.26265568 37 99 235
-0.32598612 -0.045055717 0.56014997 37 99 235
-0.013201479 -0.087113909 0.50862354 37 99 235
0.1000229 0.00067223131 -0.41937867 37 99 235
0.20155443 -0.010134644 -0.39162001 37 99 235
0.34302324 -0.24469817 0.66037107 37 99 235
-0.060089279 -0.060602155 0.44141075 37 99 235
-0.19960754 0.091508575 -0.49312672 37 99 235
0.28753391 0.30562133 0.20763086 37 99 235
-0.19107784 0.14332679 -0.44728303 37 99 235
-0.18788071 0.30583191 0.1707778 37 99 235
-0.16928375 0.30343333 0.1651862 37 99 235
0.27975994 0.30513918 0.32198822 37 99 235
-0.29683587 -0.11903949 0.42549959 37 99 235
0.056846373 -0.13387644 -0.65493476 37 99 235
-0.06707269 0.011144799 0.7775889 37 99 235
-0.35646439 -0.038555454 -0.67674696 37 99 235
0.34227151 -0.017670525 0.2214769 37 99 235
0.23655435 0.15260181 -0.39965704 37 99 235
-0.35350013 -0.026571324 0.70763993 37 99 235
0.01581773 -0.06899748 0.31279474 37 99 235
-0.40250388 0.17843592 -0.23921967 37 99 235
-0.31594703 -0.32586709 0.53609782 37 99 235
-0.23753847 0.07759811 0.58591843 37 99 235
0.27620783 -0.12246165 -0.76769108 37 99 235
0.31226704 0.067177936 -0.61542672 37 99 235
0.15655142 0.30906057 -0.29996216 37 99 235
0.025497178 -0.045254149 0.34783769 37 99 235
0.19751124 -0.057430003 0.21657261 37 99 235
0.33707857 0.10610788 0.41324568 37 99 235
-0.34110841 0.21637632 -0.10971045 37 99 235
-0.085463308 0.30200711 0.14438015 37 99 235
-0.21271849 0.12829539 -0.70921093 37 99 235
0.15197419 0.024637574 0.4839223 37 99 235
-0.18136862 0.048171978 -0.70581645 37 99 235
0.25856277 -0.033846531 0.36235547 37 99 235
0.13621114 0.22155896 -0.33121571 37 99 235
-0.33317548 0.075186454 0.15647389 37 99 235
-0.11029884 -0.095176816 -0.5709042 37 99 235
0.36089677 -0.1875712 -0.63526046 37 99 235
0.21267629 0.30638713 -0.33120999 37 99 235
-0.074420139 0.028240001 0.46277437 37 99 235
-0.26098776 0.011299769 -0.55267739 37 99 235
-0.32054526 -0.092056207 -0.41412285 37 99 235
0.22234601 0.33124375 -0.04139518 37 99 235
0.31687957 -0.24956605 -0.70725256 37 99 235
0.25460637 0.033881452 0.36073071 37 99 235
-0.3373681 -0.29514268 0.42256641 37 99 235
-0.35206512 -0.063468933 -0.2611562 37 99 235
0.095961064 0.33182001 -0.068920061 37 99 235
-0.03868993 0.089099862 -0.42977232 37 99 235
0.34759042 -0.085196383 -0.28736335 37 99 235
0.21597016 0.073437639 0.47162235 37 99 235
-0.15040228 0.067416847 0.74998099 37 99 235
-0.16469637 0.07094115 -0.7114619 37 99 235
0.088855885 -0.021456258 -0.66301566 37 99 235
-0.11552057 -0.001498474 0.58437735 37 99 235
0.24257492 0.3160598 -0.3270179 37 99 235
0.36289695 0.12986973 -0.29123911 37 99 235
-0.053909741 0.060139406 -0.43315876 37 99 235
0.33182734 -0.08846084 -0.19891903 37 99 235
0.30797514 0.086214617 -0.29541168 37 99 235
0.26868293 -0.29456237 -0.51768291 37 99 235
0.29377031 -0.17884515 0.38918561 37 99 235
-0.27568713 -0.0049948287 -0.78697205 37 99 235
0.12094571 0.32776919 -0.15712906 37 99 235
0.14908276 0.0074646822 -0.48415312 37 99 235
0.21892181 -0.15418766 -0.39602202 37 99 235
0.35693339 -0.09028092 -0.61890155 37 99 235
-0.090832323 -0.08537098 0.35507831 37 99 235
-0.26128054 -0.26935622 -0.64673936 37 99 235
0.144546 0.1048728 -0.79258132 37 99 235
-0.24521846 -0.090223849 0.6767894 37 99 235
0.14986508 0.027358467 -0.54343653 37 99 235
-0.29481447 -0.15889096 0.41565853 37 99 235
0.29075477 -0.2134835 0.67702347 37 99 235
0.2922644 -0.26822984 -0.51206285 37 99 235
0.24114382 -0.26336277 0.55235529 37 99 235
0.036863141 -0.045381181 -0.68535709 37 99 235
-0.30047783 0.086573161 0.65714735 37 99 235
-0.17039849 -0.12024286 0.13672934 37 99 235
0.19970413 -0.12087584 -0.47366086 37 99 235
-0.36594892 0.038074918 -0.56506854 37 99 235
0.022910256 -0.10951587 0.20132473 37 99 235
-0.023206981 0.088142268 -0.40342361 37 99 235
-0.36365554 -0.07701347 0.6345275 37 99 235
0.0041362154 0.044596814 -0.50743681 37 99 235
-0.13993238 0.086903349 -0.31409979 37 99 235
0.25463954 -0.22757722 0.67221862 37 99 235
-0.30057722 -0.06225862 0.52930403 37 99 235
-0.085959025 0.1011173 -0.57248414 37 99 235
0.28601584 -0.20935972 -0.78991121 37 99 235
-0.34715289 0.27686965 -0.011250891 37 99 235
0.34249976 0.090863392 0.73191011 37 99 235
-0.016597627 -0.059296194 0.61951572 37 99 235
0.27978417 -0.21393016 -0.77655083 37 99 235
0.2055393 0.29430819 0.0077602989 37 99 235
-0.34603423 -0.01823552 -0.7125721 37 99 235
0.21760181 0.13339815 -0.65098625 37 99 235
0.2337303 0.11973028 0.73829818 37 99 235
0.12516205 0.057170559 -0.39148307 37 99 235
0.28172624 -0.19869302 0.43082187 37 99 235
-0.19348024 0.057936642 0.38643354 37 99 235
-0.35019001 0.060331993 0.63231099 37 99 235
-0.32302663 -0.022859154 -0.60414416 37 99 235
0.32251289 -0.063193038 -0.21761668 37 99 235
-0.2848976 -0.32495549 0.50402617 37 99 235
0.084634073 -0.037844017 0.69320446 37 99 235
-0.10483877 -0.076954305 0.29703802 37 99 235
0.36179563 -0.31244957 0.52970999 37 99 235
0.19713226 -0.028734434 0.32952359 37 99 235
-0.076586187 0.088987045 -0.48560393 37 99 235
-0.004419086 -0.10043091 -0.54991579 37 99 235
-0.33791 0.19928877 0.22302517 37 99 235
-0.037363909 0.044724301 -0.50130296 37 99 235
-0.14995709 0.30097356 -0.1711475 37 99 235
0.34140593 -0.31580245 -0.62282461 37 99 235
0.22579345 0.024777384 0.67483169 37 99 235
0.10008396 0.3170245 -0.17372936 37 99 235
-0.0024398132 -0.084607325 -0.4977833 37 99 235
-0.2364122 -0.18397182 0.63364881 37 99 235
-0.08382462 0.1413033 -0.37949535 37 99 235
0.35901627 -0.21497305 0.55353343 37 99 235
-0.23029861 0.31817785 -0.0218744 37 99 235
0.14178619 0.084374771 -0.66980159 37 99 235
-0.30295318 -0.049397621 -0.37891656 37 99 235
-0.14188001 0.16335385 -0.39874834 37 99 235
0.25578016 -0.13552675 -0.29469365 37 99 235
0.20339748 0.071443714 0.62787336 37 99 235
-0.22129695 -0.016517268 0.34210119 37 99 235
0.20857762 -0.15890904 0.49507716 37 99 235
-0.345956 0.28150585 -0.090642884 37 99 235
-0.11189291 -0.11333486 -0.13450158 37 99 235
0.34478614 -0.09601476 -0.067584589 37 99 235
-0.046796184 -0.014145667 -0.39658797 37 99 235
0.33592588 0.19712874 -0.14009234 37 99 235
0.335556 -0.14083359 0.53598869 37 99 235
-0.32206309 0.31175804 0.10831083 37 99 235
-0.078618668 0.14987148 -0.5495227 37 99 235
-0.26789632 -0.054115504 -0.55896723 37 99 235
-0.22647846 -0.19598433 0.33752951 37 99 235
0.027198089 0.32978597 -0.15624891 37 99 235
-0.064007439 -0.057690222 -0.079954796 37 99 235
-0.077645846 0.22167537 -0.33348539 37 99 235
0.33984351 0.035348579 -0.51029915 37 99 235
-0.057268016 -0.11353234 -0.33385226 37 99 235
-0.2267064 0.28558162 -0.33121112 37 99 235
-0.20347783 0.016156154 -0.68032283 37 99 235
-0.30399978 0.18831235 0.31091091 37 99 235
-0.11317668 0.31855205 -0.30124491 37 99 235
-0.11559031 0.11752108 -0.76094639 37 99 235
0.18019053 0.32578194 -0.053214788 37 99 235
0.11730614 0.33182001 -0.027318742 37 99 235
0.12884161 0.028240001 0.69439214 37 99 235
0.15124486 0.027272083 0.50163442 37 99 235
0.33563963 0.067760684 -0.75324887 37 99 235
0.25511 -0.26615745 0.64164162 37 99 235
0.36522874 -0.062288471 0.4386619 37 99 235
-0.25772884 -0.26372537 -0.53632611 37 99 235
0.07990282 0.18050122 -0.3289066 37 99 235
0.0025688724 -0.03408676 -0.41374502 37 99 235
0.33999705 0.070650101 0.31272286 37 99 235
0.34902129 0.11152279 -0.55226558 37 99 235
0.3592571 -0.18366435 0.68584806 37 99 235
0.35790375 -0.1543525 -0.63617659 37 99 235
-0.15230763 -0.053207405 0.27494833 37 99 235
-0.34602264 -0.20222615 0.60977483 37 99 235
-0.33823988 -0.1057337 0.67540288 37 99 235
0.29780504 -0.19440061 -0.69781506 37 99 235
0.24125153 0.17532358 -0.30816519 37 99 235
0.36709127 -0.11496881 -0.66917479 37 99 235
-0.15184027 -0.11352 -0.32102776 37 99 235
-0.35019001 0.087867923 -0.38956341 37 99 235
0.22716516 0.30001348 0.084987342 37 99 235
-0.30977693 -0.32259619 -0.63531166 37 99 235
0.17121866 0.12188825 -0.33437037 37 99 235
0.28086454 -0.26343375 0.64079112 37 99 235
-0.056238152 -0.11311257 0.036571223 37 99 235
0.34520796 0.12182232 0.32311496 37 99 235
-0.15680718 0.087409377 -0.73102438 37 99 235
-0.3396084 0.14971513 0.19813198 37 99 235
-0.32350385 0.050499957 0.38646865 37 99 235
-0.23331025 -0.054151088 -0.60670185 37 99 235
0.2984221 -0.051806856 -0.63494098 37 99 235
0.088085227 0.14300513 -0.52530915 37 99 235
0.1548028 0.27957094 0.32081097 37 99 235
0.20058958 0.13683344 -0.45944762 37 99 235
-0.32818106 -0.010255532 0.14553012 37 99 235
-0.056608755 0.30810639 0.084730506 37 99 235
0.23697013 -0.2501955 0.58917081 37 99 235
-0.33176664 -0.29376277 0.41916242 37 99 235
-0.20015681 -0.051155869 0.46661064 37 99 235
-0.32774806 0.1006555 0.29731029 37 99 235
-0.18627609 0.020475544 0.62748313 37 99 235
0.28499103 0.060337037 -0.54861712 37 99 235
-0.21745907 0.32208744 0.15519074 37 99 235
-0.20318501 0.30649796 0.31107271 37 99 235
0.063200399 -0.043419059 0.57122308 37 99 235
-0.15303798 0.027137643 0.68792254 37 99 235
0.28957555 0.01970366 -0.59023112 37 99 235
-0.30892366 -0.021390794 -0.37120843 37 99 235
0.14506695 0.025393937 0.58789235 37 99 235
-0.079471722 0.090962917 -0.38228142 37 99 235
0.011442496 0.29996043 0.070973292 37 99 235
0.19749345 -0.09405078 -0.60919946 37 99 235
0.32703024 -0.14209887 0.31513789 37 99 235
-0.16931871 0.25557202 0.35048708 37 99 235
-0.29649425 -0.22769813 -0.5330534 37 99 235
-0.12071879 -0.11334017 -0.15999825 37 99 235
0.088548049 -0.11353858 -0.33243069 37 99 235
0.031732842 0.29752457 0.080397516 37 99 235
0.33746171 0.12475208 0.6844182 37 99 235
-0.16962475 -0.025137745 0.61059725 37 99 235
-0.25746423 -0.16959861 -0.51795518 37 99 235
0.32663161 0.15762286 0.051235981 37 99 235
0.26470679 0.028465789 -0.78212219 37 99 235
0.084782541 -0.022837531 0.76182407 37 99 235
0.20711939 -0.148325 0.48116466 37 99 235
-0.33760408 -0.006017819 0.10854314 37 99 235
0.17761371 0.14203179 -0.51167727 37 99 235
0.32573798 -0.11760756 0.55181515 37 99 235
0.20599042 -0.057644628 -0.028460942 37 99 235
0.27153966 -0.25512731 0.65352273 37 99 235
-0.2385609 0.25598779 -0.33122408 37 99 235
0.15874349 -0.054471448 0.67906606 37 99 235
-0.33861238 0.11147758 -0.58933675 37 99 235
0.29203844 -0.04823279 0.70228308 37 99 235
0.38979903 -0.13903128 -0.27117088 37 99 235
-0.0012821922 0.067097068 -0.53025937 37 99 235
-0.28166026 0.30149481 0.073627472 37 99 235
-0.27889526 -0.11356618 0.41867816 37 99 235
0.075544789 -0.11288272 -0.38243893 37 99 235
0.23517197 -0.15103737 0.45215625 37 99 235
0.065408677 -0.034329209 -0.29986587 37 99 235
-0.079587318 0.020288002 -0.76810652 37 99 235
-0.19334443 -0.13680832 0.14944623 37 99 235
-0.19925863 0.045121215 0.64152616 37 99 235
0.11751729 0.27189395 -0.33120999 37 99 235
-0.34234777 0.22985069 0.085797109 37 99 235
-0.093386158 0.32425204 0.31936634 37 99 235
-0.27438793 -0.31267715 0.44063035 37 99 235
0.28905705 -0.25675181 0.54354775 37 99 235
-0.29589915 0.12796783 -0.32398692 37 99 235
-0.080152906 -0.029839726 -0.42803407 37 99 235
0.036629472 -0.079280131 0.30039528 37 99 235
-0.27977642 -0.022461196 -0.78158319 37 99 235
-0.13652474 0.032368902 0.42285246 37 99 235
-0.31025833 0.060768101 0.39977977 37 99 235
-0.031596638 -0.057448771 0.19357114 37 99 235
0.14516136 0.1799636 -0.33087349 37 99 235
0.23916979 0.027529895 -0.51233703 37 99 235
-0.39367044 -0.055545889 -0.51701635 37 99 235
0.15609255 -0.05855519 0.63609326 37 99 235
0.32552093 0.31515351 0.28027266 37 99 235
-0.34121379 0.088486433 0.59142649 37 99 235
-0.33347991 -0.11903472 0.22365329 37 99 235
0.19044754 0.14349507 -0.60120237 37 99 235
-0.19952427 -0.096944332 0.053508062 37 99 235
0.075998962 -0.11328182 0.21840715 37 99 235
-0.11548594 -0.11350255 -0.30832663 37 99 235
0.35097384 -0.042719033 0.33251366 37 99 235
-0.30787417 -0.018915532 0.6748302 37 99 235
-0.041476652 -0.057760183 -0.1748789 37 99 235
-0.22630005 0.32427999 0.35376054 37 99 235
-0.38151038 -0.23055814 -0.46705163 37 99 235
0.3340646 -0.10346175 0.59762037 37 99 235
0.28356037 -0.17433932 0.68673044 37 99 235
-0.090516984 -0.095453985 -0.57079983 37 99 235
-0.34612697 0.26841685 -0.19298977 37 99 235
0.01134622 -0.026647395 -0.54023713 37 99 235
0.34872371 0.15204543 0.38014629 37 99 235
-0.35050571 0.094423771 0.39025354 37 99 235
-0.27921113 -0.22931336 -0.46819121 37 99 235
-0.067000128 0.16150063 -0.42519951 37 99 235
-0.088056572 -0.1132075 -0.044706266 37 99 235
-0.15657564 0.26545349 0.35567552 37 99 235
-0.3177093 0.24126963 -0.27330008 37 99 235
0.33166447 -0.092458941 -0.48693174 37 99 235
0.054028578 0.028892981 -0.55724698 37 99 235
0.18910329 0.31056896 -0.21263832 37 99 235
0.075961106 -0.0025724855 -0.57626373 37 99 235
-0.2353584 0.3192549 0.00018676548 37 99 235
-0.31261128 -0.031989492 0.56470823 37 99 235
-0.2393596 0.32395869 0.034712661 37 99 235
0.16902962 0.14184578 0.73108768 37 99 235
0.3310543 0.14127825 0.21480291 37 99 235
-0.13277455 0.16454346 0.36031735 37 99 235
-0.34434605 0.13254198 -0.43863514 37 99 235
-0.27177793 0.31829849 0.14907773 37 99 235
-0.34339356 -0.2933847 0.42085421 37 99 235
-0.14160192 -0.05437253 0.62098742 37 99 235
0.29173857 -0.20348866 0.68195468 37 99 235
0.24678779 0.0071104341 -0.5543493 37 99 235
0.066809826 0.27230731 -0.33247027 37 99 235
0.30231416 0.20281751 -0.32226452 37 99 235
-0.25067487 -0.21633403 0.4438099 37 99 235
-0.2967664 0.14303257 0.70902705 37 99 235
0.1001517 0.30650148 0.37012184 37 99 235
-0.34039912 -0.111534 -0.43721959 37 99 235
-0.21920581 0.035281323 -0.51388496 37 99 235
-0.16999635 -0.13018371 -0.22888722 37 99 235
-0.33509538 -0.10967227 0.41315141 37 99 235
0.075004883 0.057088677 -0.60409898 37 99 235
-0.34695733 -0.17546478 0.51393825 37 99 235
-0.3291834 0.086678632 0.29925179 37 99 235
-0.32165855 0.023449656 -0.6437158 37 99 235
-0.30656168 -0.11342182 -0.24001375 37 99 235
0.088398866 -0.11291841 0.20069394 37 99 235
0.33205646 -0.21693568 -0.4739238 37 99 235
-0.30693483 0.32354772 0.16868499 37 99 235
-0.33329225 0.03620553 0.59804356 37 99 235
-0.28352612 -0.057074055 -0.65553284 37 99 235
0.20596749 0.060338724 -0.478266 37 99 235
-0.012148282 -0.073943935 -0.74450558 37 99 235
-0.22331782 -0.14132449 -0.54941332 37 99 235
0.17640619 0.05882138 -0.31427437 37 99 235
0.10843886 -0.0085279327 -0.72235513 37 99 235
0.33113307 -0.15036455 -0.50204724 37 99 235
-0.054127298 -0.060956363 -0.50013292 37 99 235
-0.260077 0.19679521 -0.35738122 37 99 235
-0.33496746 0.081229284 -0.2006243 37 99 235
0.18660797 -0.12884445 -0.2492051 37 99 235
0.34879291 -0.077750519 -0.026527267 37 99 235
-0.33612448 -0.14238043 -0.52150172 37 99 235
0.17265381 0.24534813 0.3275592 37 99 235
0.24550797 -0.11847301 -0.26036593 37 99 235
-0.31675959 -0.26625952 -0.74630934 37 99 235
0.32940751 -0.10944013 -0.69087362 37 99 235
0.33816671 -0.021535413 -0.085182488 37 99 235
-0.27123973 -0.11133625 -0.39896762 37 99 235
0.018646911 -0.09288805 -0.47408479 37 99 235
-0.02127655 0.33046451 -0.037964933 37 99 235
-0.35014838 0.28384748 0.29126039 37 99 235
0.20813958 0.31980324 -0.2505936 37 99 235
-0.2282747 -0.12250381 0.048475899 37 99 235
0.13694446 -0.10188407 -0.41897732 37 99 235
-0.4036738 -0.12496623 -0.18609346 37 99 235
0.18452956 -0.057709161 -0.11406648 37 99 235
0.29775587 -0.13416405 0.52770108 37 99 235
0.15713438 0.0083714304 -0.78778785 37 99 235
-0.26787686 -0.043387439 -0.13360414 37 99 235
-0.2779521 -0.30547273 -0.5154379 37 99 235
-0.28529263 0.087082341 -0.40054807 37 99 235
0.1434796 0.33182001 -0.019175891 37 99 235
-0.32890597 0.15775076 -0.23609786 37 99 235
0.18162911 0.28462449 0.3072181 37 99 235
0.25358617 0.11928122 0.69115663 37 99 235
-0.18449812 -0.040657483 -0.35595182 37 99 235
-0.12815641 -0.05757251 0.056103379 37 99 235
-0.11253199 0.13990873 -0.66689324 37 99 235
0.11238586 0.0097579118 -0.39765018 37 99 235
0.2579644 0.07938768 0.54373598 37 99 235
0.16561787 0.062622495 -0.47321808 37 99 235
0.17688164 -0.085404858 0.41259021 37 99 235
-0.25683603 -0.05745203 0.19087392 37 99 235
-0.042658381 0.3095248 -0.10560504 37 99 235
0.011530655 0.0071549928 0.38796785 37 99 235
0.19285591 0.33182001 0.038524766 37 99 235
-0.16016077 0.08556731 0.36408228 37 99 235
-0.22681576 0.021611331 0.47197744 37 99 235
0.24006313 0.00054953038 0.35020167 37 99 235
0.25763345 -0.1873727 0.37246138 37 99 235
-0.22829616 -0.16695154 0.46266308 37 99 235
0.26904064 0.075409122 -0.55971974 37 99 235
0.36445636 -0.21739727 0.43371299 37 99 235
-0.35019001 0.21213837 -0.015030701 37 99 235
0.19825535 -0.062085401 -0.26316863 37 99 235
-0.26721427 0.31976789 0.091653571 37 99 235
-0.11460922 -0.061515175 0.56636065 37 99 235
0.12585731 -0.058357414 -0.5979774 37 99 235
-0.34990731 0.26558062 0.06089304 37 99 235
0.28887433 -0.1130529 0.089847915 37 99 235
0.095152557 -0.0019688043 0.78961158 37 99 235
0.3454029 0.2811285 -0.20263095 37 99 235
-0.12752299 0.30797902 -0.075626791 37 99 235
-0.23167638 -0.24361554 -0.74922222 37 99 235
0.15834245 -0.045108382 -0.34208581 37 99 235
0.031012779 -0.064558744 -0.52727431 37 99 235
-0.15515476 0.089422435 -0.65641564 37 99 235
-0.3456282 -0.035458393 -0.28017581 37 99 235
-0.061274141 -0.026497504 -0.70645499 37 99 235
0.26161847 0.044812247 0.42395782 37 99 235
0.2471433 -0.045803662 -0.30966434 37 99 235
-0.33347037 0.14261977 0.17243129 37 99 235
0.31200159 -0.024669707 0.63068533 37 99 235
-0.070718326 0.073099554 -0.50868618 37 99 235
-0.35442102 -0.27396286 0.38673046 37 99 235
-0.32355076 0.059209015 0.10395768 37 99 235
0.110422 0.32743874 0.28827772 37 99 235
-0.29873589 -0.0050379401 0.62221098 37 99 235
0.16254522 0.33182001 -0.13983381 37 99 235
0.31130704 0.32321262 -0.041861575 37 99 235
0.0138344 0.0056859874 -0.53822351 37 99 235
-0.27458945 0.014097222 -0.55314589 37 99 235
0.34873652 0.081566669 0.67236388 37 99 235
0.1560491 0.061472241 -0.34172148 37 99 235
0.2768985 0.084649324 0.37024352 37 99 235
0.28479642 0.086266525 -0.30405635 37 99 235
0.29566392 -0.23728372 -0.63913679 37 99 235
-0.13675614 -0.05890128 0.64228362 37 99 235
0.13728787 -0.070798963 0.50712729 37 99 235
0.31199914 0.2495669 0.13781448 37 99 235
0.19441231 -0.023260431 0.40616482 37 99 235
-0.32145 0.0066585187 0.20438114 37 99 235
0.14287676 0.11631038 -0.43447125 37 99 235
-0.31369421 -0.11340775 -0.80111641 37 99 235
-0.19140302 0.3048043 -0.20255694 37 99 235
-0.18779741 -0.084496967 -0.62665039 37 99 235
-0.27555785 0.081518508 0.66899925 37 99 235
0.30763981 -0.19750445 0.59789705 37 99 235
0.3334803 0.0060578897 0.59426826 37 99 235
-0.16864216 -0.10991701 0.011706994 37 99 235
-0.29783204 0.071774319 -0.78580582 37 99 235
0.14469211 -0.17028306 -0.54754251 37 99 235
-0.33284795 0.086869404 0.27350819 37 99 235
-0.36209667 -0.22611977 0.57401645 37 99 235
-0.0452406 0.065986924 -0.43586162 37 99 235
-0.12021868 0.32166547 -0.25491622 37 99 235
-0.18073449 0.05381928 -0.54854256 37 99 235
0.29917493 -0.077642135 0.27781585 37 99 235
0.07828071 0.16172771 0.36168683 37 99 235
-0.1998148 -0.1156923 0.52571553 37 99 235
0.3642582 -0.2235465 0.41047183 37 99 235
0.036202956 0.11661141 -0.31619209 37 99 235
0.30586112 0.03986045 -0.78312296 37 99 235
-0.12392906 -0.081980348 0.38929784 37 99 235
0.17227571 0.31274262 -0.31508815 37 99 235
-0.029032351 -0.086481333 -0.78180867 37 99 235
0.36595082 -0.24864623 0.58865678 37 99 235
-0.28406337 -0.016526593 0.40805858 37 99 235
-0.32350442 -0.038936507 -0.72096461 37 99 235
0.13245852 0.31767142 -0.18714893 37 99 235
-0.23601797 0.096453585 -0.77071595 37 99 235
0.27070612 0.11662387 -0.33190697 37 99 235
-0.33785143 0.11275336 -0.17953764 37 99 235
0.22921112 -0.13932 -0.573039 37 99 235
0.19867755 -0.057783522 -0.19874185 37 99 235
0.29474413 -0.10060344 0.30140665 37 99 235
0.3341586 -0.03304299 0.64724457 37 99 235
0.19472234 -0.10446296 0.42910177 37 99 235
-0.34963238 -0.24103995 -0.69720858 37 99 235
0.36350414 -0.29390261 0.51035672 37 99 235
0.3649812 -0.039734177 0.60707694 37 99 235
0.20487122 -0.070465095 -0.24617897 37 99 235
0.23188658 -0.12469206 -0.56273544 37 99 235
-0.24590707 -0.059859771 0.12907845 37 99 235
0.34494022 0.06794662 0.36424571 37 99 235
0.24102053 0.031605043 -0.51749635 37 99 235
0.06777361 -0.071878873 0.53963035 37 99 235
0.20633091 -0.058813248 -0.25872445 37 99 235
0.31652889 -0.20975514 -0.543051 37 99 235
-0.073365532 -0.057442617 0.19676428 37 99 235
-0.34601101 0.28145343 0.15690577 37 99 235
0.36729878 -0.091226526 -0.64741725 37 99 235
0.20910379 0.078151852 0.6786471 37 99 235
-0.22877574 0.082419999 0.45384863 37 99 235
0.15015435 0.33182001 -0.092897072 37 99 235
-0.29036656 -0.11330452 -0.13392004 37 99 235
-0.39926785 -0.22660516 -0.50637585 37 99 235
0.11542919 -0.11326082 -0.093237743 37 99 235
-0.083941698 -0.11344984 -0.26285368 37 99 235
0.20787786 -0.14868666 -0.30321592 37 99 235
0.36394748 -0.061544977 -0.61953628 37 99 235
0.17342688 0.33182001 -0.06808956 37 99 235
0.2641578 -0.11351424 -0.31223616 37 99 235
0.33499581 -0.132035 0.40934107 37 99 235
-0.2983956 -0.063106835 0.49885932 37 99 235
-0.1139526 0.015624969 -0.67895257 37 99 235
0.33669785 0.29428181 -0.22041194 37 99 235
-0.086710133 -0.060414433 0.72425467 37 99 235
0.21052168 0.077668175 -0.41137472 37 99 235
-0.30744204 -0.054382384 0.054231323 37 99 235
-0.043134674 0.16112222 -0.3745822 37 99 235
-0.039022569 -0.11027981 0.53490168 37 99 235
0.20149113 0.3292315 0.17628737 37 99 235
0.33108947 -0.10357508 0.25352684 37 99 235
0.13098477 -0.086199053 -0.65755731 37 99 235
-0.35082343 -0.31336263 0.47234964 37 99 235
-0.27428684 0.029289035 -0.68769443 37 99 235
0.17689161 -0.057390429 0.25373614 37 99 235
0.049115133 0.3247292 0.013819968 37 99 235
0.11453523 0.028240001 0.39944151 37 99 235
0.34136325 0.12319574 -0.54613239 37 99 235
0.34507337 -0.052526183 0.29567042 37 99 235
-0.01169787 0.00029766827 0.35489243 37 99 235
-0.080103166 -0.042845082 0.6120373 37 99 235
-0.29709753 0.035763986 0.58511901 37 99 235
0.083118573 -0.0011761303 -0.4997285 37 99 235
-0.20762107 -0.094455391 0.32461962 37 99 235
-0.2476173 -0.19631006 0.59421098 37 99 235
0.11724838 0.10322635 0.71398729 37 99 235
-0.24477699 0.084162071 -0.40067407 37 99 235
-0.16415979 0.019539008 0.70953774 37 99 235
0.02728243 0.31660187 0.16516761 37 99 235
0.10929128 0.028240001 0.46099859 37 99 235
0.33002266 0.15447153 -0.38245639 37 99 235
-0.34746194 -0.014963546 -0.69320488 37 99 235
-0.32905117 -0.14739208 0.45346445 37 99 235
0.21680731 0.14230348 -0.37571174 37 99 235
-0.024967618 0.32586956 0.1721468 37 99 235
-0.021740329 -0.11813948 -0.17592257 37 99 235
-0.2379863 -0.039159685 0.74362129 37 99 235
-0.34930113 -0.27160051 -0.70007789 37 99 235
-0.37022272 -0.26159441 0.57249945 37 99 235
0.25600672 -0.14633144 0.40283787 37 99 235
0.26485646 -0.1133081 -0.13492483 37 99 235
0.19051982 -0.054250345 0.34156001 37 99 235
0.077770032 -0.14390856 -0.70054382 37 99 235
0.21725072 -0.14082411 -0.54727948 37 99 235
-0.17212141 -0.1206497 0.135776 37 99 235
-0.13083 -0.033120234 -0.5405162 37 99 235
-0.092705809 0.011286706 0.7095564 37 99 235
0.26039633 -0.066360794 -0.45364872 37 99 235
-0.23986807 -0.063745551 -0.17516887 37 99 235
0.082383893 0.19502147 -0.33172739 37 99 235
-0.35696131 0.014974941 0.69604981 37 99 235
-0.24556638 0.32475623 0.057952031 37 99 235
0.38553941 -0.17005181 -0.69265217 37 99 235
-0.29271933 0.021530163 0.45300421 37 99 235
0.30886248 0.29600272 -0.33120999 37 99 235
0.084412642 0.079709776 -0.60963619 37 99 235
-0.2423742 -0.10871583 0.085343093 37 99 235
0.25361878 -0.12840497 0.68114853 37 99 235
0.32029107 -0.31730857 -0.60219777 37 99 235
-0.011842551 -0.030443268 -0.40289429 37 99 235
-0.12614866 0.31254986 0.032257486 37 99 235
-0.32807618 0.15181275 -0.44013569 37 99 235
-0.25776938 0.069420628 -0.35885897 37 99 235
0.19915259 -0.0074756746 -0.39132383 37 99 235
-0.32259378 -0.090863004 0.30860332 37 99 235
-0.33587572 0.017254613 -0.78508013 37 99 235
0.27106318 -0.20487604 -0.70243144 37 99 235
-0.12904109 -0.17263776 -0.68789595 37 99 235
0.065370783 0.32557118 0.31146118 37 99 235
0.24146505 0.12908186 -0.48714182 37 99 235
0.39020693 -0.14099324 0.2020559 37 99 235
0.26533949 -0.26398531 -0.72473347 37 99 235
-0.1231707 -0.072283514 -0.73922014 37 99 235
-0.32479441 0.13299017 -0.069546655 37 99 235
-0.33146831 -0.030158298 0.31108028 37 99 235
-0.02151184 0.31837294 -0.11850767 37 99 235
0.34798717 -0.11927012 -0.072138987 37 99 235
0.002206052 0.28839186 0.3629891 37 99 235
0.18375568 -0.056259364 -0.44350308 37 99 235
-0.21653955 -0.015328021 -0.63753062 37 99 235
0.29770219 0.32286313 -0.27631503 37 99 235
-0.06957338 -0.11310402 0.037853066 37 99 235
0.3473992 -0.11364689 0.46594733 37 99 235
-0.35003865 0.0077985777 -0.43436146 37 99 235
0.28488144 0.32271692 -0.30564281 37 99 235
0.25119948 0.1021897 -0.29961106 37 99 235
-0.16662273 0.038883042 0.76974833 37 99 235
-0.12920703 -0.069372043 -0.73222315 37 99 235
-0.020536212 -0.15825818 -0.5274151 37 99 235
0.028596897 -0.13693289 -0.40647957 37 99 235
-0.33400771 -0.13254176 0.46114489 37 99 235
-0.12384934 0.32113224 0.35489291 37 99 235
-0.26463905 -0.093708478 0.4209637 37 99 235
-0.35361087 -0.027897749 0.32091621 37 99 235
0.11551766 0.32493314 -0.22692244 37 99 235
-0.017219307 0.26106003 0.33525741 37 99 235
-0.33884576 0.16758534 0.14764799 37 99 235
0.10638028 0.2429996 0.34520683 37 99 235
0.0045038452 0.089929365 -0.31386915 37 99 235
0.22065812 -0.19296171 -0.61690092 37 99 235
-0.19307496 0.18632913 0.35197806 37 99 235
-0.15608767 0.063524298 0.62814957 37 99 235
-0.096203424 0.1361016 -0.37406027 37 99 235
0.18480229 -0.13658714 -0.62816596 37 99 235
0.066174813 -0.079447754 0.43607801 37 99 235
0.16040102 0.14402214 -0.55550694 37 99 235
0.23746622 0.30818278 0.22958387 37 99 235
0.16560774 -0.073872812 0.31345654 37 99 235
0.039378732 0.074200049 -0.359916 37 99 235
-0.15542914 -0.082199402 0.3870253 37 99 235
0.19148512 -0.045241043 -0.41720915 37 99 235
0.13294679 0.11381438 -0.78706479 37 99 235
-0.34179416 0.15644878 0.13069336 37 99 235
0.076700434 -0.047609121 -0.7939415 37 99 235
-0.11766706 0.3077957 0.14086598 37 99 235
-0.10352497 -0.11322537 -0.063357249 37 99 235
-0.35487974 -0.12990676 -0.43953159 37 99 235
0.20374456 0.33079112 0.25085756 37 99 235
-0.31823507 0.25671917 -0.048250247 37 99 235
-0.32399377 -0.11410537 0.6891712 37 99 235
-0.23101641 0.32632884 0.05641599 37 99 235
0.34244716 0.0033807186 -0.52155018 37 99 235
0.17161247 0.074842826 -0.68587148 37 99 235
-0.22599365 -0.034369204 0.72628325 37 99 235
0.0033511347 0.13848266 -0.63358986 37 99 235
0.2514447 -0.021042516 -0.49477458 37 99 235
0.082210571 -0.057585225 0.031399723 37 99 235
-0.16722666 -0.036658768 -0.69994187 37 99 235
-0.30477419 -0.21670182 0.5726524 37 99 235
-0.23941751 0.078539252 -0.78443247 37 99 235
0.30048862 -0.056831948 0.13218087 37 99 235
-0.040034626 0.32059976 -0.20596507 37 99 235
0.29071838 -0.11337909 -0.19913889 37 99 235
0.19674747 0.039221015 0.48109943 37 99 235
0.39744353 -0.18773629 -0.76186275 37 99 235
0.11717176 0.10032859 -0.59876305 37 99 235
0.24575229 0.084530897 -0.72039753 37 99 235
-0.34003204 0.095698796 0.27550444 37 99 235
0.32061312 0.28195554 0.31317472 37 99 235
0.18381038 0.09104798 -0.60502821 37 99 235
-0.15662473 -0.074503168 -0.46843696 37 99 235
0.23503883 0.027760968 -0.68007272 37 99 235
-0.13056113 0.15411088 -0.57362658 37 99 235
-0.18830301 0.29304385 0.33005846 37 99 235
0.14567649 0.025187699 0.58669847 37 99 235
0.34694266 -0.039436661 -0.55442792 37 99 235
0.27173525 0.31656253 -0.12893127 37 99 235
0.25112805 -0.054918561 0.71713209 37 99 235
-0.00012589629 0.059567336 -0.79676467 37 99 235
0.20287585 0.13369912 -0.65349686 37 99 235
0.12829709 -0.052994899 -0.50995004 37 99 235
0.29171208 0.098960541 -0.34184822 37 99 235
0.026618952 -0.029497746 -0.73968428 37 99 235
0.05982868 -0.057468385 0.17250347 37 99 235
-0.23409459 -0.11906769 -0.23266727 37 99 235
0.05364085 -0.057726908 -0.13275972 37 99 235
-0.1000237 0.32203361 0.22815308 37 99 235
-0.32011172 -0.0087368889 0.18324286 37 99 235
0.12150259 -0.057467028 0.16992553 37 99 235
-0.33350387 -0.26146299 0.57502502 37 99 235
0.11274771 -0.057384267 0.26644585 37 99 235
-0.27087882 0.15540825 0.35762197 37 99 235
0.33017868 0.16291474 -0.20124207 37 99 235
-0.11688571 -0.11297966 0.15122032 37 99 235
0.13092376 0.10985459 -0.7947486 37 99 235
0.14579231 0.3294647 -0.049508505 37 99 235
-0.32970363 -0.055347029 0.15410125 37 99 235
-0.02624166 0.015639465 -0.54060054 37 99 235
0.2429374 -0.23669523 -0.61274767 37 99 235
-0.32730347 -0.11423721 -0.24224554 37 99 235
0.19528234 0.058393531 0.6466769 37 99 235
0.12803087 0.028240001 0.57148367 37 99 235
-0.29504147 0.027764859 0.54227591 37 99 235
0.36255544 0.12963571 -0.29401106 37 99 235
-0.12474573 -0.043788336 -0.66418159 37 99 235
-0.35297465 0.096133947 -0.58737731 37 99 235
0.28323171 -0.05574001 -0.40808618 37 99 235
0.087475859 -0.054502293 -0.44373384 37 99 235
-0.18843874 0.020884359 0.46870992 37 99 235
-0.3465142 0.24555002 0.072079606 37 99 235
-0.31187809 -0.11305302 0.090820946 37 99 235
0.045941364 -0.055400867 0.59451014 37 99 235
0.36545643 -0.13750194 -0.65516233 37 99 235
0.063947253 0.072458178 -0.65986311 37 99 235
0.25796059 -0.23734273 -0.46136734 37 99 235
-0.045566656 0.30992362 -0.050164532 37 99 235
-0.34234056 -0.086189255 0.31710497 37 99 235
0.31719258 -0.11523715 0.29701477 37 99 235
-0.20296957 -0.13627476 -0.73346376 37 99 235
0.19144605 0.31271437 -0.019897375 37 99 235
0.15767425 -0.12260344 -0.013859468 37 99 235
0.22702533 -0.14278209 0.37550426 37 99 235
-0.26863435 -0.11334331 -0.1691314 37 99 235
0.18455343 0.13429247 -0.70834273 37 99 235
-0.30593908 0.31888813 0.010848362 37 99 235
0.3624613 0.0027994933 0.46617252 37 99 235
-0.14898416 0.033615611 0.37178725 37 99 235
-0.29322892 -0.038434003 -0.7977199 37 99 235
0.04161986 -0.038712706 0.72175574 37 99 235
-0.32520214 0.040437907 0.35299778 37 99 235
-0.22552824 0.20966236 0.33312944 37 99 235
0.30968595 0.32099771 0.088398471 37 99 235
-0.19755998 -0.095179603 -0.58543932 37 99 235
0.0024154636 0.31518847 -0.078229323 37 99 235
0.2420218 0.30641374 0.055422515 37 99 235
-0.24688949 -0.18298003 -0.58190864 37 99 235
0.32006347 0.091586798 0.37503776 37 99 235
-0.33408386 -0.31913707 0.55239993 37 99 235
-0.27242088 -0.024417033 0.28955105 37 99 235
-0.18963854 -0.10659532 -0.61923128 37 99 235
0.32745236 0.0045944192 -0.2416006 37 99 235
-0.19066106 -0.026268929 -0.78302866 37 99 235
0.0048421957 -0.085728027 0.43082893 37 99 235
0.21919522 0.011078644 0.45856932 37 99 235
0.083961263 0.017474987 -0.39906543 37 99 235
-0.12460311 0.16675003 -0.37611079 37 99 235
-0.30866003 -0.076997116 -0.44812974 37 99 235
-0.34843978 0.2581085 0.30365619 37 99 235
-0.23246825 -0.21867102 -0.76347321 37 99 235
0.095355906 -0.11239193 -0.3800821 37 99 235
0.37072718 -0.20267335 -0.76901102 37 99 235
0.095173478 0.13845953 -0.68321693 37 99 235
0.39018661 -0.12253484 0.13108724 37 99 235
0.21551819 -0.029180612 -0.70094907 37 99 235
-0.19657436 -0.12573528 0.23827331 37 99 235
0.11966784 0.06580817 0.72646016 37 99 235
0.32634559 0.13431971 0.033628151 37 99 235
0.15648757 -0.12150875 0.063162282 37 99 235
0.34300333 -0.21197191 -0.53447276 37 99 235
-0.26711503 -0.050093841 -0.52132589 37 99 235
0.29639977 0.1500317 -0.29063761 37 99 235
0.29700011 -0.080282405 -0.69077241 37 99 235
0.32828215 0.31111386 0.18697464 37 99 235
-0.34371954 0.200239 0.30582526 37 99 235
0.073992141 -0.042836592 0.4864397 37 99 235
-0.3819508 -0.15934138 -0.51570404 37 99 235
-0.10614993 0.077773914 -0.31089979 37 99 235
0.11830696 0.066507265 -0.71501195 37 99 235
0.053144779 -0.11388383 0.21228804 37 99 235
0.3341746 -0.23838732 0.66036201 37 99 235
-0.18809736 -0.098635919 -0.75054419 37 99 235
-0.10225617 -0.057795588 -0.20920807 37 99 235
-0.11384238 -0.11337063 -0.19015087 37 99 235
0.044124596 -0.11888379 -0.20098339 37 99 235
0.26430258 -0.3242141 0.46901894 37 99 235
0.32538515 -0.29341835 0.40139723 37 99 235
-0.33505604 -0.062763244 0.58795971 37 99 235
0.097163387 0.010459066 0.73284864 37 99 235
0.13649982 0.32858822 -0.061582111 37 99 235
0.081189282 0.13929446 -0.66779631 37 99 235
-0.32255885 -0.048001479 0.48454219 37 99 235
-0.24806002 0.082419999 0.44440246 37 99 235
-0.19115369 -0.03261409 -0.7324959 37 99 235
-0.35024858 0.031334333 0.71847957 37 99 235
-0.13589603 0.029550547 0.56747437 37 99 235
0.269609 -0.3095623 -0.67326868 37 99 235
-0.36094686 -0.12804401 -0.18900715 37 99 235
-0.32725573 0.10951838 -0.79474312 37 99 235
-0.32748833 0.042115465 -0.66383803 37 99 235
0.0094915349 0.2945675 0.12161092 37 99 235
-0.36527094 0.085677475 -0.27767691 37 99 235
-0.13683105 -0.093846805 0.31705293 37 99 235
-0.19009772 0.20467545 0.3421919 37 99 235
0.17662381 0.31565395 -0.32410425 37 99 235
0.28602132 0.3071624 -0.29447979 37 99 235
-0.25058821 0.082419999 0.43793398 37 99 235
-0.26722458 -0.32528976 -0.62287742 37 99 235
-0.20922217 0.1335137 -0.66945624 37 99 235
-0.34910694 0.06429565 -0.7935105 37 99 235
-0.24593894 -0.055701807 0.77662063 37 99 235
-0.082776815 -0.063620061 0.68413937 37 99 235
-0.21955968 0.31236899 0.22682475 37 99 235
0.25474432 -0.075408563 -0.5550096 37 99 235
0.3456299 -0.043324657 -0.32403201 37 99 235
0.36177289 -0.10944886 0.63714844 37 99 235
0.15770663 0.32547247 0.21795134 37 99 235
0.31702068 -0.10820271 -0.79097384 37 99 235
-0.3248772 -0.0014656786 0.16678149 37 99 235
-0.24723597 -0.053720921 -0.59353846 37 99 235
-0.33962354 0.1506594 0.19969802 37 99 235
0.20354314 0.029564179 0.35717195 37 99 235
0.11239725 -0.11333717 -0.15743671 37 99 235
-0.38328367 -0.13698785 -0.25117707 37 99 235
-0.35163251 -0.29670712 -0.67950612 37 99 235
-0.27383626 0.31679621 -0.0077986852 37 99 235
-0.040125065 -0.036228705 -0.69001967 37 99 235
0.099008508 0.015758622 -0.49740067 37 99 235
0.24387136 0.29576656 -0.27234611 37 99 235
-0.09782739 -0.11339549 -0.21603537 37 99 235
-0.14828122 0.055172194 -0.45753312 37 99 235
0.050377648 -0.12715666 -0.57401407 37 99 235
-0.38152266 -0.06687931 -0.56298721 37 99 235
-0.1812553 -0.045191098 -0.34446582 37 99 235
-0.24866346 -0.092960685 0.26895469 37 99 235
0.3432942 -0.0067497054 0.28062677 37 99 235
-0.39923641 0.16270463 -0.25119004 37 99 235
0.17556033 0.13899915 -0.56016511 37 99 235
0.20046489 -0.096650057 0.4455778 37 99 235
0.086451717 -0.1129567 0.21864559 37 99 235
0.33923134 0.053366791 0.74701232 37 99 235
0.29026207 -0.06790331 0.27387536 37 99 235
0.024713356 -0.057830006 -0.25450268 37 99 235
-0.37116775 -0.036538117 0.5573284 37 99 235
-0.042020898 0.32383937 0.12432326 37 99 235
0.2235951 0.079856843 0.42086849 37 99 235
0.084887244 0.29479358 0.22122291 37 99 235
-0.27996355 -0.2981022 -0.67003912 37 99 235
0.33084118 0.048748501 0.082007542 37 99 235
-0.17898574 0.0027746109 0.61779773 37 99 235
-0.40728599 -0.16111036 -0.48438928 37 99 235
0.2755644 -0.013644664 0.51996887 37 99 235
-0.22933179 0.2902391 0.30288622 37 99 235
-0.2424456 0.32316107 -0.14661835 37 99 235
-0.30047649 -0.12604967 -0.4215571 37 99 235
0.37002969 -0.099106841 -0.76712191 37 99 235
0.33359817 0.25465241 -0.16414265 37 99 235
-0.039626706 -0.083546668 -0.5569663 37 99 235
0.17989537 -0.12630065 -0.17365257 37 99 235
-0.25262725 -0.29216063 0.39917958 37 99 235
-0.039419863 0.32473755 -0.22484326 37 99 235
0.022579862 -0.11620621 -0.053373434 37 99 235
-0.30687088 -0.057196759 -0.62514645 37 99 235
-0.11192326 0.028240001 0.44867921 37 99 235
0.062171321 0.061838489 0.7472623 37 99 235
0.25078222 -0.22068271 0.40851694 37 99 235
-0.35009053 0.098200522 -0.3428213 37 99 235
-0.068217427 -0.014575799 0.60996062 37 99 235
0.018672703 -0.055592276 -0.2814939 37 99 235
-0.3415336 0.13117155 -0.46129638 37 99 235
0.29056135 0.048520666 -0.67517251 37 99 235
0.27817541 0.06891714 -0.52553701 37 99 235
-0.30925998 -0.28216368 -0.72614741 37 99 235
-0.14025867 -0.057740849 -0.15050566 37 99 235
-0.045696974 0.32851341 -0.055498444 37 99 235
-0.28267136 -0.13686511 0.41410315 37 99 235
0.22681044 -0.054575767 0.74891543 37 99 235
0.36105266 -0.075889148 0.48137674 37 99 235
0.088633515 -0.057604983 0.0050159921 37 99 235
-0.33131197 0.052130491 -0.67038465 37 99 235
0.29796693 0.13491644 0.37361893 37 99 235
0.046062969 -0.11727912 -0.31364965 37 99 235
-0.13272682 -0.11338583 -0.20173161 37 99 235
-0.35749277 -0.29825264 0.43608567 37 99 235
0.081385173 -0.046619207 0.47691095 37 99 235
0.34054732 0.038607776 -0.30270106 37 99 235
0.28825909 0.041190699 -0.35362729 37 99 235
0.28487784 0.041428652 -0.48765218 37 99 235
0.0047741905 -0.057479549 0.15693788 37 99 235
-0.32455388 0.031312823 -0.31535274 37 99 235
0.048056152 0.16358007 -0.3997581 37 99 235
-0.1403708 -0.05866842 -0.48417825 37 99 235
0.26833427 -0.074971162 -0.29363522 37 99 235
0.16681457 0.30334297 0.035419647 37 99 235
-0.31014603 0.012045174 0.74501806 37 99 235
-0.24299148 0.033880804 -0.47002345 37 99 235
-0.3283098 0.04592856 -0.66590768 37 99 235
-0.35754508 -0.19283743 0.57573062 37 99 235
0.26211828 0.098532446 -0.38740838 37 99 235
-0.096701249 -0.11317181 -0.014675897 37 99 235
0.26041228 0.0010335575 0.6105811 37 99 235
-0.24428444 0.13829468 -0.6011073 37 99 235
0.34116298 0.072840966 0.62808496 37 99 235
-0.22594805 -0.085477941 -0.3231591 37 99 235
0.22680748 0.054223951 0.6221422 37 99 235
0.28459746 -0.31148353 -0.60180634 37 99 235
-0.21991068 0.32427999 0.34869418 37 99 235
-0.26705551 -0.042577542 0.74859846 37 99 235
-0.046867833 0.12446498 -0.74608111 37 99 235
-0.34189737 -0.32633218 -0.62808293 37 99 235
-0.040370189 0.07147292 -0.3541449 37 99 235
0.07924287 0.025524309 -0.5100829 37 99 235
0.2047683 -0.023623187 -0.69581097 37 99 235
-0.36119372 -0.08040718 0.23971291 37 99 235
-0.057275929 -0.019603958 -0.30466005 37 99 235
-0.35032234 0.041499272 0.69984996 37 99 235
-0.29131103 -0.11344257 -0.25731894 37 99 235
0.36200413 -0.17093657 0.68197656 37 99 235
-0.13177839 0.32869819 -0.14158691 37 99 235
-0.21537578 0.32248297 -0.00016216916 37 99 235
-0.22665536 -0.10667131 0.053450692 37 99 235
-0.35422668 0.11855657 0.27558911 37 99 235
0.27542648 0.052592959 0.37144276 37 99 235
-0.36750805 -0.1272874 -0.039625451 37 99 235
0.12245444 0.33065552 0.33280835 37 99 235
0.005244974 0.11471424 -0.77236229 37 99 235
0.26148781 0.0060364027 0.35433426 37 99 235
0.059303496 -0.1073465 -0.59422249 37 99 235
0.043198708 0.018406758 -0.31386632 37 99 235
-0.33610958 0.21362653 0.10318016 37 99 235
0.3318606 0.052090995 0.082808271 37 99 235
0.33269 0.068216503 -0.23245348 37 99 235
-0.39948487 0.21898158 -0.26883408 37 99 235
-0.32976204 -0.078706115 -0.61279202 37 99 235
-0.30334878 0.11798702 0.3528423 37 99 235
0.20175789 0.31390068 -0.32592934 37 99 235
-0.34931988 -0.0079818722 0.79161 37 99 235
0.26402897 -0.26686487 -0.48762688 37 99 235
0.326904 0.12308624 0.43002817 37 99 235
-0.35281482 0.14246701 -0.30739442 37 99 235
-0.26180404 0.095146976 -0.31510958 37 99 235
-0.3448706 -0.12029717 0.54932225 37 99 235
0.15881702 0.25348008 0.31994936 37 99 235
-0.37988821 -0.1379436 0.15617341 37 99 235
0.020649904 -0.17448619 0.4802517 37 99 235
-0.056981064 -0.094344616 -0.48631257 37 99 235
0.02796375 0.33182001 -0.10682453 37 99 235
-0.21137759 0.32112798 0.32062075 37 99 235
-0.33968902 -0.020912664 0.24624895 37 99 235
-0.049511414 -0.047615502 0.46360883 37 99 235
0.056020409 0.028240001 0.66791391 37 99 235
-0.046437405 -0.13456075 -0.48693198 37 99 235
0.065141626 0.3299098 -0.16649407 37 99 235
0.34310907 -0.21580884 -0.77630687 37 99 235
0.35035002 0.00095556735 0.72710949 37 99 235
0.026744576 -0.057760965 -0.17398478 37 99 235
0.34680867 -0.078805529 -0.076725073 37 99 235
0.0083481278 0.13863613 -0.36558113 37 99 235
-0.29210666 -0.11302564 0.10700139 37 99 235
-0.035413153 -0.057461694 0.17293404 37 99 235
0.31849363 0.22918741 -0.27039924 37 99 235
-0.22026171 -0.22329536 -0.75532693 37 99 235
-0.11470854 0.090687498 -0.5424208 37 99 235
-0.025422823 -0.11316589 -0.010021625 37 99 235
-0.31312922 -0.12766764 0.44036442 37 99 235
0.30610946 0.32313472 0.27267849 37 99 235
0.20795299 0.14216091 -0.44961983 37 99 235
0.33081421 -0.15539773 -0.58692771 37 99 235
0.33709842 0.13924342 -0.18091764 37 99 235
0.34885383 0.10602611 0.69648564 37 99 235
0.046981607 -0.15759264 -0.64646304 37 99 235
-0.015812993 0.044536974 -0.50390249 37 99 235
-0.13097648 0.090683453 0.73280728 37 99 235
0.23640543 0.037858706 -0.48856965 37 99 235
0.2329286 -0.19284829 -0.44540659 37 99 235
-0.1190052 0.096073464 0.72968364 37 99 235
-0.15536904 0.12783718 -0.73939526 37 99 235
-0.0058871382 0.13881482 -0.33382985 37 99 235
-0.23348583 0.076981165 -0.58806324 37 99 235
-0.19406857 0.018997503 0.52693468 37 99 235
0.20448305 -0.14951383 -0.33410195 37 99 235
0.30964106 -0.11302233 -0.060024593 37 99 235
0.073932096 0.29739961 0.012182667 37 99 235
-0.21438976 -0.016281696 -0.74166757 37 99 235
0.18462083 -0.057678945 -0.076089807 37 99 235
-0.34947082 0.1152577 0.35816088 37 99 235
-0.42304695 0.20109317 -0.24932264 37 99 235
-0.058983058 0.085881896 -0.42947727 37 99 235
0.34495243 -0.033645742 -0.54441267 37 99 235
0.33307287 0.18548216 0.31025267 37 99 235
-0.32007328 0.036237959 -0.6565485 37 99 235
-0.1008536 0.0099620409 0.72695088 37 99 235
0.0067018853 0.026141601 -0.38607097 37 99 235
0.34535933 0.11604974 -0.48932007 37 99 235
-0.02805271 0.3050881 0.044487279 37 99 235
-0.24968956 0.077269956 0.66309243 37 99 235
0.13886826 0.33182001 -0.019765668 37 99 235
0.33231354 0.046688803 0.17035972 37 99 235
-0.34046298 -0.038392883 -0.24069288 37 99 235
-0.26588142 0.074628152 -0.64647669 37 99 235
-0.17315626 -0.015808711 -0.7357493 37 99 235
-0.11576451 -0.07123141 0.48547283 37 99 235
-0.35039657 0.083614938 0.55436271 37 99 235
-0.33435857 0.059866283 0.60197872 37 99 235
0.20346901 0.011977683 0.44084233 37 99 235
0.30267122 0.20474263 -0.30967075 37 99 235
0.22087663 -0.19839847 -0.62320054 37 99 235
-0.34050554 -0.22517009 -0.62600225 37 99 235
0.25411347 -0.28881195 0.5481512 37 99 235
-0.18723981 -0.051287226 -0.77744627 37 99 235
0.16534492 0.028075857 -0.56658226 37 99 235
-0.14216833 0.30193159 -0.15706655 37 99 235
-0.12456415 0.31088015 -0.15799536 37 99 235
0.073903158 -0.040946037 0.52115458 37 99 235
0.064563066 0.33182001 -0.090401269 37 99 235
-0.28489351 -0.042913467 0.54286009 37 99 235
-0.035463896 -0.064946257 0.72043031 37 99 235
0.2243638 0.093064398 -0.43557641 37 99 235
0.1575201 0.16111246 -0.38817272 37 99 235
-0.14556386 -0.038170435 0.63008165 37 99 235
0.3668091 -0.19505404 -0.64504737 37 99 235
-0.32527825 0.055058938 0.070445746 37 99 235
-0.22562873 -0.069524027 0.092128426 37 99 235
0.15312561 0.2446036 -0.3312102 37 99 235
0.06029154 -0.025781505 -0.630207 37 99 235
-0.36273596 0.031278502 -0.60584521 37 99 235
0.18927813 0.0015458894 0.49295151 37 99 235
0.26071385 -0.11330111 -0.12792416 37 99 235
0.36052033 -0.0450681 0.36568862 37 99 235
-0.34941921 -0.042200729 -0.036544628 37 99 235
0.09586779 -0.071185447 0.39224154 37 99 235
0.35642275 0.039336246 0.55581528 37 99 235
-0.023011738 -0.070594087 -0.74935955 37 99 235
-0.35008276 0.021853205 -0.43747064 37 99 235
0.25544554 -0.073626764 -0.55659455 37 99 235
0.067081548 0.10148801 -0.79299331 37 99 235
0.0076908851 0.32319188 -0.15354413 37 99 235
0.34420016 0.23189735 -0.051224593 37 99 235
0.30890444 0.0049430211 -0.20761785 37 99 235
-0.34571338 -0.16957602 -0.60873806 37 99 235
-0.12365403 -0.17136209 -0.68920821 37 99 235
-0.32819745 0.084896117 -0.53717345 37 99 235
0.054824166 0.15613312 -0.49435392 37 99 235
-0.31957233 0.11284705 -0.59499264 37 99 235
0.14067343 0.11803437 -0.78127861 37 99 235
-0.19636688 0.075572439 -0.48855525 37 99 235
-0.34665707 -0.096289963 -0.33104768 37 99 235
0.33004084 0.0790755 0.57184565 37 99 235
-0.24904549 0.2988466 0.2987273 37 99 235
0.20831028 0.32427061 0.016368914 37 99 235
-0.29626241 -0.029141467 -0.38763362 37 99 235
0.1427734 0.0058634225 -0.7198019 37 99 235
-0.23749729 -0.031805575 0.48303658 37 99 235
-0.35024664 -0.012712674 -0.36581424 37 99 235
0.050734557 -0.11418527 -0.17454977 37 99 235
-0.22096744 -0.1466579 -0.50642222 37 99 235
0.24333711 -0.26629239 -0.51538432 37 99 235
-0.30003408 0.09743651 -0.79325634 37 99 235
0.13896166 0.028240001 0.52509785 37 99 235
0.31419781 -0.17649694 0.33244678 37 99 235
-0.34531552 -0.26848403 0.37454411 37 99 235
0.15476866 -0.11656766 -0.119212 37 99 235
0.23267829 0.019661419 0.45950663 37 99 235
-0.35019001 0.038671684 -0.39051083 37 99 235
0.26745218 -0.054976374 -0.67722183 37 99 235
-0.35408619 0.012542671 -0.67739767 37 99 235
0.23758657 -0.12436246 0.10997806 37 99 235
0.32101485 0.043529864 -0.7466588 37 99 235
0.12618014 0.22531639 0.34078938 37 99 235
0.29488528 0.31398225 0.25145745 37 99 235
-0.32473078 -0.044850327 0.41409087 37 99 235
0.30208939 0.2752527 0.32769611 37 99 235
0.33671001 0.23255999 0.14162514 37 99 235
0.28364846 0.017642153 0.66544878 37 99 235
-0.14240709 -0.043357573 -0.74538016 37 99 235
-0.26919809 0.13052608 0.36144459 37 99 235
0.21033902 0.2315978 -0.33121794 37 99 235
-0.056734823 0.19762295 -0.33943456 37 99 235
0.32520968 0.051316552 0.2211175 37 99 235
-0.41045508 -0.1406716 0.18728958 37 99 235
0.33652776 0.30530393 -0.17460924 37 99 235
-0.23354541 0.24203192 -0.32995409 37 99 235
0.35400605 0.0070358375 0.65381789 37 99 235
-0.057301559 0.32505816 0.22359161 37 99 235
0.073120922 -0.11219116 0.25687253 37 99 235
-0.03726095 -0.117629 -0.57524401 37 99 235
-0.31886712 0.31234026 0.13731384 37 99 235
0.054116096 -0.10091338 0.35017604 37 99 235
0.26297319 -0.26887253 0.63925087 37 99 235
0.16846152 0.046917476 -0.66690201 37 99 235
-0.23798445 -0.23759015 0.61632395 37 99 235
-0.37195238 -0.10779133 0.28024983 37 99 235
0.11289731 0.073980823 -0.6885013 37 99 235
-0.36142862 0.011915305 -0.54552984 37 99 235
0.20428361 -0.14173515 -0.37632108 37 99 235
0.20478645 -0.18781288 -0.62517399 37 99 235
0.069984749 -0.11591198 -0.67166257 37 99 235
0.29999995 -0.081414983 -0.78580034 37 99 235
0.30095515 -0.11857142 -0.31358403 37 99 235
0.2308581 0.25880677 0.35101667 37 99 235
0.16559435 -0.070317812 -0.43031573 37 99 235
-0.2220788 -0.067561023 -0.67434847 37 99 235
-0.14745796 0.041266277 0.76627094 37 99 235
0.23115909 0.082928367 -0.5329026 37 99 235
0.035253659 0.09601403 -0.79735792 37 99 235
0.33799848 0.0029601613 -0.47859302 37 99 235
-0.019472109 0.28340617 -0.32340878 37 99 235
0.14213222 0.29779562 -0.23966391 37 99 235
0.23873691 0.12714936 -0.70912957 37 99 235
0.33362845 0.12877691 -0.16484463 37 99 235
0.24462692 -0.11610296 -0.0023932643 37 99 235
-0.025253225 0.31574148 0.069633625 37 99 235
0.15793251 0.023474416 0.59101915 37 99 235
-0.31154656 0.042817045 0.46949172 37 99 235
0.34418258 0.29126152 0.074944928 37 99 235
0.3635748 -0.10339233 0.6215319 37 99 235
-0.14447089 -0.057446647 0.1973834 37 99 235
-0.34064591 0.16272162 0.13422014 37 99 235
0.29801226 -0.20120959 0.58781809 37 99 235
0.23004542 -0.27748671 -0.59886861 37 99 235
-0.22460252 0.058788404 -0.53501821 37 99 235
0.17844662 0.32575187 0.36147243 37 99 235
0.21878758 -0.051425662 0.7526294 37 99 235
0.24777007 0.18264519 0.35362732 37 99 235
-0.039379273 -0.0092413276 -0.31150621 37 99 235
-0.18022017 -0.059412595 -0.44430918 37 99 235
-0.080838382 0.074534044 -0.56821173 37 99 235
0.30370632 0.095101103 0.69642484 37 99 235
0.34773776 -0.043910414 -0.011701778 37 99 235
-0.3604762 -0.14023758 0.59766716 37 99 235
-0.26711529 0.19435593 0.33494255 37 99 235
0.33166575 -0.28816125 0.61520433 37 99 235
-0.07099288 -0.057631336 -0.017208518 37 99 235
-0.288037 -0.053829782 0.70019078 37 99 235
-0.0094783735 -0.090950631 -0.46611544 37 99 235
-0.22088969 0.061654564 -0.34287205 37 99 235
-0.23034193 0.082419999 0.4636071 37 99 235
0.29716885 -0.22714147 -0.78428769 37 99 235
0.34849292 -0.24258125 -0.55172986 37 99 235
-0.089527912 0.066190735 -0.63674343 37 99 235
-0.015768604 -0.11815988 0.073226109 37 99 235
-0.098494105 0.074760534 0.6516484 37 99 235
-0.39243394 -0.14443333 -0.52369094 37 99 235
-0.054074939 0.28489038 -0.33121675 37 99 235
-0.19949624 -0.077568881 -0.5230661 37 99 235
0.20168382 -0.043377873 -0.61564583 37 99 235
-0.032789178 -0.11168885 -0.38873339 37 99 235
0.019671189 0.14632694 -0.31079909 37 99 235
-0.2816864 -0.25544086 -0.46938357 37 99 235
-0.2499423 -0.057418335 0.23112606 37 99 235
0.03186141 0.088231385 -0.44013423 37 99 235
-0.36918101 -0.04039773 0.54712039 37 99 235
-0.18558142 0.24853438 0.34522277 37 99 235
0.32025 0.13108751 -0.25740534 37 99 235
0.34898999 0.039999723 -0.32295993 37 99 235
-0.029944347 0.30938932 -0.28468582 37 99 235
-0.18672636 0.052831333 -0.62580311 37 99 235
-0.28564504 -0.1977639 -0.52802879 37 99 235
0.34898999 0.15650727 -0.0582835 37 99 235
-0.38238961 -0.26052719 -0.49230614 37 99 235
0.19853437 0.30578074 0.36735007 37 99 235
0.13915937 0.10435327 -0.79363722 37 99 235
0.043603517 -0.065648489 0.68816566 37 99 235
0.31739616 0.12060975 0.58570325 37 99 235
0.31518415 0.16448171 0.34092268 37 99 235
-0.33626786 0.14334029 0.19919784 37 99 235
0.33384249 -0.011470573 0.19407807 37 99 235
-0.38252589 -0.023250567 -0.56784356 37 99 235
-0.23297037 0.020313468 -0.79651773 37 99 235
-0.35254148 -0.066107191 0.69386852 37 99 235
-0.26550341 0.13124326 -0.65426898 37 99 235
0.23423599 0.020642182 -0.65404153 37 99 235
0.30102336 -0.20624925 0.4422358 37 99 235
0.31394616 0.085469984 -0.36108756 37 99 235
0.3483299 -0.058262918 0.31748375 37 99 235
-0.38569775 -0.026888588 -0.51252526 37 99 235
0.085863933 0.3184498 -0.17616156 37 99 235
0.36311093 -0.051398344 -0.63186687 37 99 235
0.36684042 -0.2634137 0.58791494 37 99 235
0.0095434794 0.29475424 0.20119756 37 99 235
0.36462131 -0.18611385 0.62815684 37 99 235
0.10339921 -0.090290681 -0.53863549 37 99 235
-0.20223433 -0.11590742 -0.7613824 37 99 235
0.33164117 0.037220426 0.58822447 37 99 235
0.39337137 -0.13876142 -0.15268849 37 99 235
-0.10433256 0.086396553 -0.5143804 37 99 235
0.14034735 0.3243185 0.35672361 37 99 235
-0.39685607 -0.14388962 0.087452456 37 99 235
0.24083635 0.30975005 -0.10682769 37 99 235
-0.24869873 -0.043011028 -0.3369697 37 99 235
0.33162093 -0.062022571 0.026719777 37 99 235
-0.29747427 0.32170555 0.12177175 37 99 235
0.022912893 0.31911087 -0.081101328 37 99 235
-0.36355639 -0.20582603 -0.61215484 37 99 235
-0.10192246 0.11063348 0.36246002 37 99 235
0.1643957 0.021361765 -0.66579568 37 99 235
0.048255999 0.29475719 -0.30777463 37 99 235
-0.022169832 -0.12195392 0.14159311 37 99 235
-0.34316134 -0.23021469 -0.46818471 37 99 235
-0.26624066 -0.27490389 0.63466448 37 99 235
0.20234613 0.011976141 0.44001901 37 99 235
0.0356117 0.02513675 -0.3903687 37 99 235
0.32294193 -0.10145288 0.50428867 37 99 235
-0.074347235 0.054810986 -0.40780655 37 99 235
0.34176064 -0.057665318 0.18023981 37 99 235
-0.1328747 -0.11854474 0.069197856 37 99 235
0.13167837 0.062493231 -0.77507299 37 99 235
0.21620375 -0.065768272 0.69617903 37 99 235
-0.3253282 0.21286274 -0.066617504 37 99 235
0.23608765 -0.26794222 -0.61087656 37 99 235
-0.043306999 0.005448557 -0.31385091 37 99 235
0.13800733 -0.060460627 0.61606216 37 99 235
-0.064092845 -0.074450582 0.34237742 37 99 235
-0.18150371 0.051819161 -0.31623265 37 99 235
-0.30451456 0.10391811 0.71519667 37 99 235
0.33911881 0.11750998 0.3122001 37 99 235
0.32834461 0.023436451 -0.32189527 37 99 235
0.20029061 -0.12991241 -0.17733195 37 99 235
-0.34126341 -0.085246131 -0.02754466 37 99 235
-0.33485499 0.11916413 0.10707619 37 99 235
0.28231379 0.0048168912 0.61850864 37 99 235
0.16959718 -0.07257209 0.50579655 37 99 235
-0.35019001 0.096127622 0.62674314 37 99 235
0.34930101 0.02251864 0.70553219 37 99 235
0.30932218 0.14593002 -0.45441809 37 99 235
-0.022852143 -0.023130482 0.65513569 37 99 235
0.35487005 -0.20068032 -0.63742924 37 99 235
0.33468166 -0.22688587 -0.74205571 37 99 235
0.2354013 -0.29006624 0.50670314 37 99 235
0.36805001 -0.261269 0.58002692 37 99 235
-0.11630657 -0.11342239 -0.23641439 37 99 235
0.3060438 0.10447846 -0.69921321 37 99 235
-0.096364275 0.085378051 -0.30953044 37 99 235
0.32025 0.10901394 -0.072849467 37 99 235
-0.34068426 -0.082521416 -0.57977045 37 99 235
-0.19706941 -0.034224521 -0.5569573 37 99 235
0.32761005 -0.030201787 0.58727843 37 99 235
-0.29691243 0.093021654 0.54799914 37 99 235
-0.21512672 -0.13094997 -0.55908859 37 99 235
-0.33248389 0.064743951 0.16966169 37 99 235
0.29311875 0.25490078 -0.33120999 37 99 235
0.20835081 -0.12757601 -0.19324021 37 99 235
0.065807827 0.18864523 0.35212809 37 99 235
-0.042999137 -0.12185935 -0.61220318 37 99 235
-0.09655451 0.13964367 -0.66621727 37 99 235
0.24151212 0.26100823 0.34080595 37 99 235
-0.25577879 0.085112683 -0.32252184 37 99 235
0.3619574 0.068945281 -0.76990765 37 99 235
0.36078182 -0.17650682 0.36442095 37 99 235
0.059743248 0.32447907 0.29808572 37 99 235
0.018569291 0.028240001 0.47151566 37 99 235
-0.32745796 0.30403507 -0.28068081 37 99 235
0.18612441 -0.056799307 0.65454674 37 99 235
-0.34967011 0.097452231 -0.60264766 37 99 235
-0.34395057 0.24266584 -0.32358989 37 99 235
-0.34558553 0.12816072 -0.430747 37 99 235
0.35033917 -0.10791222 0.36546108 37 99 235
-0.21910399 -0.082068235 0.37971723 37 99 235
0.33505762 -0.2428913 0.5220558 37 99 235
0.31706506 -0.11338478 -0.19958849 37 99 235
-0.34046841 -0.10560247 -0.65397191 37 99 235
-0.31538013 -0.17351475 0.43714613 37 99 235
-0.31643409 0.015900992 0.58361131 37 99 235
-0.19270003 -0.035678085 -0.36710116 37 99 235
-0.052472796 -0.057489876 0.14344575 37 99 235
0.045529757 0.30500051 0.038816269 37 99 235
-0.076537803 0.32702157 -0.077159494 37 99 235
0.34031099 -0.16785647 0.47885314 37 99 235
-0.25510716 -0.011634384 0.3623029 37 99 235
0.22331673 0.33116731 -0.038677216 37 99 235
0.1600859 -0.063122518 -0.26943114 37 99 235
-0.24331012 -0.29252335 0.44965005 37 99 235
0.35756359 -0.21551409 0.39557746 37 99 235
0.34299329 -0.22206716 -0.56077027 37 99 235
-0.14678639 0.062593602 0.58172733 37 99 235
0.083101362 -0.11241951 0.25679725 37 99 235
0.25901282 -0.3105481 0.54752928 37 99 235
-0.30195832 -0.11292317 0.19922239 37 99 235
0.33265853 0.20974202 0.064042702 37 99 235
-0.30747065 0.024197713 0.70791602 37 99 235
0.24234003 -0.16606708 0.65868866 37 99 235
0.27398413 0.20230161 0.33529601 37 99 235
0.32025 0.10413269 -0.21142194 37 99 235
-0.24563001 0.23379752 0.32442343 37 99 235
-0.31188995 -0.25106448 0.65580887 37 99 235
-0.017301334 -0.021786453 -0.54133099 37 99 235
0.26090512 -0.18521851 0.59406221 37 99 235
-0.088541374 0.075315386 0.72036976 37 99 235
0.023168527 -0.12473256 -0.51430082 37 99 235
-0.26991382 0.32314456 -0.15241432 37 99 235
-0.32387164 -0.059558112 0.69345695 37 99 235
-0.37361968 -0.13544221 0.16504762 37 99 235
0.32286361 0.041730333 0.11228272 37 99 235
-0.3187263 -0.035920713 -0.32359794 37 99 235
0.35997406 -0.16179517 0.46093425 37 99 235
-0.091984607 0.011942166 -0.31384999 37 99 235
-0.35019001 0.11051325 -0.34703591 37 99 235
-0.17461099 0.074604668 -0.50418311 37 99 235
-0.17884666 -0.08459352 0.36170876 37 99 235
-0.26383045 0.29983261 0.36387166 37 99 235
0.14818954 0.099329062 0.70565724 37 99 235
0.35988033 -0.11504705 0.35842073 37 99 235
-0.4011192 -0.13949324 -0.047231007 37 99 235
-0.20195739 -0.1184991 0.32910579 37 99 235
0.020838659 -0.033000071 -0.53881961 37 99 235
0.23938817 -0.060901772 0.40072069 37 99 235
-0.029352121 -0.012347713 0.65683794 37 99 235
-0.10230579 -0.013015217 -0.72283834 37 99 235
0.32834947 -0.0013773141 -0.5014981 37 99 235
-0.25534552 0.018989271 0.75224227 37 99 235
-0.14438581 -0.057432037 0.21933503 37 99 235
-0.13734382 0.035024595 0.3960084 37 99 235
0.36457384 -0.28683367 0.51341254 37 99 235
-0.3391023 0.13083364 0.22324973 37 99 235
0.28381172 -0.092176586 0.3027378 37 99 235
-0.32527372 0.14795376 0.59472555 37 99 235
0.33695221 -0.019404607 -0.11385602 37 99 235
0.080299184 0.027685631 -0.39927652 37 99 235
0.19496736 0.031405367 0.72618902 37 99 235
0.30380756 0.11455235 0.39385414 37 99 235
0.05788701 0.15308459 -0.5061596 37 99 235
-0.28305689 0.30528748 0.083549321 37 99 235
-0.34858459 0.10213525 0.48529169 37 99 235
0.18584658 0.0024666672 0.42894939 37 99 235
0.27866006 0.10711189 -0.34538385 37 99 235
0.043512203 -0.081368893 0.39580682 37 99 235
-0.3618041 -0.058751751 0.54093689 37 99 235
-0.22009633 -0.011236117 0.49771619 37 99 235
0.011524841 -0.049598012 0.78289628 37 99 235
0.019470684 0.26746598 -0.33060876 37 99 235
0.23142566 0.16858111 -0.33330467 37 99 235
-0.35593241 0.033311959 0.40008906 37 99 235
0.32722148 0.12045968 -0.5918653 37 99 235
-0.0072156833 -0.14743033 -0.63876802 37 99 235
-0.083229698 0.050103821 -0.43408224 37 99 235
-0.10098987 -0.10891321 -0.69040293 37 99 235
0.020210352 0.060459908 -0.37461296 37 99 235
0.017995169 0.015783448 -0.79711825 37 99 235
0.085018761 0.31183943 0.31517962 37 99 235
-0.049120571 0.30066478 0.1077071 37 99 235
-0.30816364 0.077190503 0.4204365 37 99 235
0.32872751 0.016822727 0.43271378 37 99 235
-0.15310749 0.1290691 -0.72862154 37 99 235
0.24118786 -0.26415956 0.40867347 37 99 235
0.17228986 0.32550833 -0.060185239 37 99 235
-0.17687613 -0.12868972 -0.060127847 37 99 235
-0.18590464 0.077486396 -0.49438119 37 99 235
0.056086946 0.32475486 0.14333528 37 99 235
-0.33432469 0.061339606 -0.62198728 37 99 235
-0.2413937 0.081794098 0.52241373 37 99 235
0.1383784 -0.11354585 -0.34010521 37 99 235
0.085514471 0.33091998 -0.16128069 37 99 235
0.28679472 0.038153127 -0.38889417 37 99 235
0.35289049 -0.27166316 0.3867532 37 99 235
0.22622748 0.16624928 -0.30808514 37 99 235
-0.36679152 -0.2454115 0.55989981 37 99 235
0.35330164 0.047396813 -0.60222942 37 99 235
0.23060706 -0.19744298 0.49852645 37 99 235
-0.34975362 0.083962545 -0.33615753 37 99 235
-0.12598132 -0.0097824847 -0.3692753 37 99 235
-0.22368219 0.14196151 -0.58650088 37 99 235
-0.15388106 0.062304571 0.72711611 37 99 235
-0.15248752 -0.057458382 0.17838335 37 99 235
0.32085747 0.12108475 -0.60242897 37 99 235
-0.097753584 -0.11865073 -0.73482257 37 99 235
0.12875596 0.12875167 -0.73499233 37 99 235
-0.32145 0.13051951 -0.071194366 37 99 235
-0.3104198 0.13386562 0.33744639 37 99 235
0.34716588 0.060598902 -0.352496 37 99 235
-0.21240221 -0.053634666 0.78193712 37 99 235
0.18441997 0.0066522262 0.78599143 37 99 235
0.24636832 0.15743521 -0.33752087 37 99 235
0.010210499 -0.057487451 0.14879014 37 99 235
-0.020103486 0.075189829 -0.40499517 37 99 235
0.3605873 -0.30804467 0.46815169 37 99 235
-0.18984783 -0.029030707 0.60635644 37 99 235
0.3212063 -0.21583667 0.35736841 37 99 235
-0.32134891 0.057680216 -0.018417906 37 99 235
0.047864303 -0.024973955 0.47137442 37 99 235
0.062763557 0.3271015 0.12893134 37 99 235
0.19633937 0.074350365 -0.40376508 37 99 235
0.069523215 0.028240001 0.67137277 37 99 235
0.16081713 -0.15110794 -0.61768728 37 99 235
-0.16030166 0.030319415 0.72774261 37 99 235
-0.12318512 0.31138378 0.10985049 37 99 235
-0.3291972 0.12328995 -0.17180182 37 99 235
-0.35120273 -0.058597788 0.57989591 37 99 235
-0.014179697 0.14270641 0.72581887 37 99 235
-0.24631929 -0.022215275 0.38196331 37 99 235
-0.015152385 0.15103747 -0.44912279 37 99 235
-0.26986548 -0.057454146 0.19028305 37 99 235
0.01966477 -0.0094877975 -0.5160926 37 99 235
-0.24961326 -0.17479545 -0.53182662 37 99 235
-0.090205468 -0.11304726 0.090161696 37 99 235
-0.28356683 -0.050421793 -0.67903328 37 99 235
0.30911854 0.18667199 0.32431474 37 99 235
0.32810095 0.19296712 -0.10948744 37 99 235
-0.30618131 0.080689445 0.44098645 37 99 235
0.2757819 0.14938463 -0.38144365 37 99 235
0.02568474 -0.047591545 0.39337417 37 99 235
-0.33100891 -0.25277054 0.36758465 37 99 235
-0.30455425 0.25586352 -0.0056291474 37 99 235
0.15765913 0.05532084 -0.47043949 37 99 235
0.27119482 -0.31781864 -0.63131982 37 99 235
-0.32336795 0.1490144 0.089629658 37 99 235
0.32528779 -0.027754365 -0.25245023 37 99 235
0.19789132 0.01150849 0.46780589 37 99 235
-0.21213657 -0.017208779 0.44280225 37 99 235
-0.21936409 0.076098032 -0.57839394 37 99 235
-0.18836299 0.098641351 -0.38704273 37 99 235
0.045759976 -0.07433781 -0.78502828 37 99 235
0.35254645 -0.048178978 -0.58690149 37 99 235
0.29587185 -0.21235146 0.34624457 37 99 235
-0.33358446 -0.039961997 0.270946 37 99 235
0.022253865 -0.063453667 0.52136153 37 99 235
-0.33338994 0.069709733 0.14871225 37 99 235
-0.07055252 0.0069418694 0.6023196 37 99 235
-0.3205314 -0.21521397 -0.66243994 37 99 235
-0.19547211 -0.14499788 0.28762987 37 99 235
0.1437314 0.083033226 -0.36558756 37 99 235
0.33572596 -0.16033182 -0.51618767 37 99 235
-0.34901097 0.063204192 -0.31570026 37 99 235
-0.068474114 0.091501042 -0.52541935 37 99 235
-0.10348615 -0.15603238 -0.67932248 37 99 235
-0.35064074 0.082895271 -0.74780101 37 99 235
-0.18313415 -0.057212111 0.73455393 37 99 235
-0.32571945 0.10751131 -0.59930515 37 99 235
0.30519778 0.10314671 -0.74061823 37 99 235
0.23181625 0.31124094 0.15873379 37 99 235
-0.14163138 -0.057670493 -0.056243151 37 99 235
0.085697711 0.30725545 -0.21007903 37 99 235
-0.34941965 0.092208117 -0.43285146 37 99 235
-0.36459792 -0.25709873 0.37387952 37 99 235
0.067141704 -0.049163707 0.78625095 37 99 235
-0.16883296 -0.057433754 0.21489361 37 99 235
-0.33329421 0.14841735 0.60720152 37 99 235
-0.13915539 -0.064235866 0.57620937 37 99 235
-0.22590053 0.31666186 0.22110935 37 99 235
0.13585562 0.080188327 -0.68292266 37 99 235
0.10464589 0.1051129 -0.7709893 37 99 235
-0.27754983 -0.0046014874 -0.58761835 37 99 235
0.33693242 0.21378545 0.39705646 37 99 235
0.014180198 0.057010353 -0.4945282 37 99 235
0.048180941 0.32478812 0.29631728 37 99 235
-0.19573785 -0.046676572 -0.33579081 37 99 235
-0.27843332 -0.11296907 0.059827559 37 99 235
0.10605385 0.13942678 -0.67766732 37 99 235
0.15569013 -0.054771125 -0.32191157 37 99 235
-0.14913788 -0.05760761 0.015333256 37 99 235
-0.13162237 0.022835618 0.77982312 37 99 235
0.34753746 0.18650723 0.39916837 37 99 235
0.34008124 -0.12243035 0.55107981 37 99 235
0.12514319 0.31806922 -0.13612418 37 99 235
-0.25267968 -0.17921288 0.69110847 37 99 235
-0.22526187 -0.0002450521 0.5175851 37 99 235
0.033838779 -0.16352436 -0.64747763 37 99 235
-0.34363753 -0.050781179 0.42986673 37 99 235
0.27047619 -0.2287872 0.54831862 37 99 235
0.10595895 -0.057562478 0.058138754 37 99 235
-0.12459797 -0.091830865 0.29005235 37 99 235
-0.21162643 -0.26291117 -0.72323757 37 99 235
0.0254841 -0.11365968 0.034438726 37 99 235
0.30198821 -0.12555824 -0.29588807 37 99 235
-0.12742573 0.30688584 -0.13212641 37 99 235
-0.33976746 -0.17433089 -0.64498299 37 99 235
0.10529941 -0.11323109 -0.066614188 37 99 235
0.32697839 0.17622089 -0.085905783 37 99 235
-0.25370127 -0.057838354 -0.26409417 37 99 235
0.20758134 -0.11258046 0.44082573 37 99 235
-0.3637298 -0.13508901 0.093700267 37 99 235
-0.34722599 -0.018925011 -0.70264322 37 99 235
0.32119775 -0.040423524 -0.0454956 37 99 235
0.32974893 0.020357475 -0.78544933 37 99 235
0.2233825 0.1294283 -0.71453023 37 99 235
0.12740758 0.32867271 -0.18053293 37 99 235
-0.14755557 0.30442381 -0.18938594 37 99 235
0.022991491 0.028240001 0.53845751 37 99 235
0.32137179 0.15940681 -0.38141376 37 99 235
-0.18156974 0.021869026 0.4609513 37 99 235
0.15068452 -0.046905391 -0.2916522 37 99 235
-0.29206297 -0.076300874 0.58332646 37 99 235
0.079137214 0.080692992 -0.64041227 37 99 235
0.3478719 -0.10382728 -0.31672046 37 99 235
0.19319159 0.31740123 0.27605844 37 99 235
-0.32772958 0.092414699 0.51011276 37 99 235
0.12175713 0.33182001 0.0095953066 37 99 235
-0.30369005 -0.11319204 -0.04998276 37 99 235
0.27649465 0.13835607 -0.37414828 37 99 235
-0.31280699 -0.052519392 -0.69262862 37 99 235
0.050801478 -0.020235293 0.46177718 37 99 235
0.31792 0.048989255 0.32193962 37 99 235
0.34127069 -0.073742047 -0.11209704 37 99 235
0.22811513 0.19016789 0.35743868 37 99 235
-0.35202938 0.080239818 -0.61050063 37 99 235
0.14236473 -0.05760742 0.0081348056 37 99 235
-0.23703218 -0.21181569 0.42980242 37 99 235
-0.31953546 -0.045708518 0.65066499 37 99 235
0.28305659 0.023133995 0.47040135 37 99 235
0.043197699 0.06717632 -0.68031371 37 99 235
-0.058918707 -0.083831675 -0.50731462 37 99 235
0.26122501 0.00015581302 -0.49008945 37 99 235
-0.23892871 0.081143558 -0.46162081 37 99 235
0.10267815 0.088404238 -0.5088802 37 99 235
-0.12700434 0.32397655 -0.064156741 37 99 235
-0.12010425 -0.11370556 -0.020622322 37 99 235
-0.16496298 0.31669378 0.28608117 37 99 235
-0.33082771 0.22726616 -0.043057624 37 99 235
-0.15410797 0.12691228 -0.74322647 37 99 235
-0.33034283 0.21948977 -0.085766993 37 99 235
-0.36494583 -0.064642139 0.36268181 37 99 235
-0.1104032 -0.05745922 0.18043248 37 99 235
-0.25015688 0.29738751 -0.32864109 37 99 235
-0.35689566 -0.17239532 -0.57890075 37 99 235
-0.26005319 0.12674826 -0.68349582 37 99 235
0.035957091 0.29898936 -0.3318989 37 99 235
0.37748039 0.18080822 -0.2308619 37 99 235
-0.33732539 -0.029026279 0.68311644 37 99 235
0.029696552 -0.05780416 -0.22574298 37 99 235
-0.0099597741 0.13134585 -0.71932065 37 99 235
0.17018643 -0.061668813 0.60332119 37 99 235
-0.0071498491 -0.1122326 0.51628411 37 99 235
0.33791608 0.089763626 0.076033607 37 99 235
-0.340056 0.16619937 0.1356262 37 99 235
-0.11057902 0.042061642 -0.64266574 37 99 235
-0.23895493 -0.24860066 0.61950028 37 99 235
-0.1556859 0.076798148 -0.7486577 37 99 235
0.037666526 -0.059972014 0.76940745 37 99 235
0.25348371 -0.11247385 -0.37483954 37 99 235
0.33119261 -0.065320373 0.66694325 37 99 235
0.26676786 -0.1130261 0.11400703 37 99 235
-0.042884804 0.29685846 0.096661419 37 99 235
0.27876309 -0.30880389 -0.54230309 37 99 235
0.075531393 0.33182001 -0.056489483 37 99 235
0.16931432 -0.12532721 0.20416971 37 99 235
-0.18079132 0.30396798 -0.28695086 37 99 235
0.33438018 0.20962736 0.18464997 37 99 235
-0.40743056 -0.14503369 -0.49033523 37 99 235
-0.20974851 -0.057826985 -0.253001 37 99 235
-0.19429047 -0.094437405 -0.74622726 37 99 235
0.30401269 -0.27301851 0.62540197 37 99 235
0.35904241 -0.18741874 0.48658526 37 99 235
-0.035050347 -0.12187368 0.32021755 37 99 235
-0.2805683 -0.0031260687 0.73487574 37 99 235
0.016048526 0.098417811 -0.36137706 37 99 235
0.35831037 -0.30365565 0.43885922 37 99 235
-0.32945836 0.086814411 0.31222335 37 99 235
0.36107197 -0.19790658 0.5886609 37 99 235
-0.37319905 -0.27881068 0.51811737 37 99 235
-0.11785039 -0.05367193 0.71012598 37 99 235
-0.3184416 0.043815941 0.47330898 37 99 235
0.13263939 -0.10420077 0.47059608 37 99 235
-0.18160951 0.079748496 -0.50184184 37 99 235
0.01913519 0.26762569 0.33068153 37 99 235
0.19472963 0.062713161 0.73304999 37 99 235
0.27637815 0.089620411 -0.51122552 37 99 235
-0.2464228 -0.18326896 -0.57400298 37 99 235
0.33776605 0.23933467 0.12514697 37 99 235
0.037773266 -0.11418989 0.20561315 37 99 235
-0.098464385 -0.057702996 -0.096227802 37 99 235
-0.29547346 -0.22233872 -0.68384856 37 99 235
0.31404075 -0.012641953 0.61699307 37 99 235
-0.1680474 -0.099167593 -0.65567201 37 99 235
-0.13787544 0.31536707 -0.28226507 37 99 235
-0.28026658 -0.14045617 -0.7276386 37 99 235
0.30135575 0.12357742 -0.69305927 37 99 235
0.35250822 -0.21205907 -0.60540336 37 99 235
0.038776554 0.028240001 0.61026549 37 99 235
-0.059809241 0.028240001 0.58902508 37 99 235
0.31648961 0.031071294 -0.38834256 37 99 235
-0.073366083 0.08708024 0.36247805 37 99 235
-0.18664847 -0.065639511 -0.56311905 37 99 235
0.14956972 -0.076728821 0.44825289 37 99 235
0.32986364 -0.12387865 0.61227375 37 99 235
0.33671001 0.19218297 -0.15163434 37 99 235
-0.29178399 -0.0487835 -0.7986145 37 99 235
0.27686661 0.30426255 -0.083052807 37 99 235
0.33332548 0.29032871 -0.10237875 37 99 235
-0.3125985 -0.02291926 0.25280979 37 99 235
0.17444901 0.053916402 -0.67000198 37 99 235
0.17270042 0.014801051 0.61976993 37 99 235
0.22381419 -0.022140443 0.39291754 37 99 235
0.34873706 -0.078329243 -0.06348554 37 99 235
0.19410427 0.092731006 -0.42076555 37 99 235
-0.30310714 0.25302798 0.020909315 37 99 235
0.11001868 -0.038225312 -0.48193118 37 99 235
-0.30358383 0.0007706185 0.68555158 37 99 235
-0.24917905 0.072437339 0.64128208 37 99 235
-0.29904458 -0.26973221 0.37850106 37 99 235
0.31387642 -0.1643948 0.41381723 37 99 235
-0.079133935 0.093935102 -0.49265173 37 99 235
0.11657523 0.10935076 0.71661806 37 99 235
-0.11687122 -0.057618417 0.0058291471 37 99 235
0.086503245 0.3230851 0.14890656 37 99 235
-0.12058838 0.31240097 0.32486093 37 99 235
-0.08681643 -0.11350334 -0.31082338 37 99 235
0.18257074 -0.12065954 -0.60666627 37 99 235
0.28116545 0.31447366 -0.11428263 37 99 235
0.093753539 -0.029574141 0.68882793 37 99 235
-0.29856178 0.32041961 0.24772038 37 99 235
0.059593368 0.091045484 -0.61600024 37 99 235
0.28610492 0.30732876 0.00054638193 37 99 235
-0.13053593 -0.11561746 -0.27465922 37 99 235
-0.36720848 -0.028648939 -0.60324079 37 99 235
0.19994999 -0.029661428 0.56885093 37 99 235
-0.22655772 -0.045064811 0.43941066 37 99 235
0.3829889 -0.081175357 -0.68591052 37 99 235
0.095704608 -0.05249599 0.50344962 37 99 235
0.2574262 -0.26724452 0.52767307 37 99 235
0.34939685 -0.032504525 0.5852142 37 99 235
0.041571725 0.056108277 -0.57009095 37 99 235
-0.17108703 0.018910307 -0.78737986 37 99 235
-0.090686515 0.30093825 -0.27883366 37 99 235
-0.27113298 -0.11397932 0.41868031 37 99 235
-0.060454313 -0.15506566 0.48592728 37 99 235
-0.31396782 -0.13046955 -0.40061089 37 99 235
-0.33643633 0.18715379 0.34255964 37 99 235
-0.21266115 -0.089985602 -0.71084958 37 99 235
-0.17624032 0.066873237 0.36544648 37 99 235
0.34418562 -0.028306855 0.21050711 37 99 235
-0.29640791 0.095401369 -0.39686626 37 99 235
-0.18730582 -0.066569462 -0.15050471 37 99 235
0.21787533 0.19663379 0.35581064 37 99 235
0.19275907 -0.041684058 -0.42366025 37 99 235
-0.35174721 -0.022508876 -0.52550131 37 99 235
-0.17281285 0.077937335 0.59177858 37 99 235
0.22244743 -0.037320059 0.41593331 37 99 235
0.33269 0.04224135 -0.20321935 37 99 235
0.092205845 -0.077744313 0.44682819 37 99 235
0.058825299 0.32632846 0.13052194 37 99 235
-0.029749369 -0.15921211 0.45649374 37 99 235
0.3932927 0.20334816 -0.25000393 37 99 235
0.10825555 -0.057688769 0.75333476 37 99 235
-0.15633383 0.085816681 0.74397749 37 99 235
-0.35964802 0.030150896 0.58443451 37 99 235
-0.24496739 -0.16278318 0.67520249 37 99 235
-0.34601951 0.21696705 0.38176107 37 99 235
0.25856042 -0.11367913 -0.27270356 37 99 235
0.12415027 0.2942079 -0.036207519 37 99 235
0.10837723 -0.057539999 0.092891537 37 99 235
-0.3213239 0.26728666 -0.069049813 37 99 235
-0.32218796 -0.15907024 -0.74345762 37 99 235
0.23974828 -0.064873114 0.39479896 37 99 235
0.33671001 0.20502831 0.12658976 37 99 235
-0.050344475 -0.057827346 -0.24515279 37 99 235
0.070026383 0.29858819 0.30842662 37 99 235
0.23320214 0.20139012 -0.32351857 37 99 235
0.25042176 -0.13648865 0.51699907 37 99 235
0.17846419 0.3179034 0.097965509 37 99 235
0.33025441 -0.32179528 0.49800152 37 99 235
-0.39592329 -0.24087755 -0.51984799 37 99 235
0.25488859 -0.18582523 0.60501689 37 99 235
0.31747758 -0.057944257 0.05056826 37 99 235
0.15143734 0.13488244 -0.71619523 37 99 235
0.28252921 -0.076700799 -0.28088468 37 99 235
-0.27093202 -0.057821505 -0.24239849 37 99 235
0.30770922 -0.055806603 0.15379512 37 99 235
-0.40779778 -0.14148386 -0.039602954 37 99 235
-0.3396427 -0.22029236 0.58477056 37 99 235
0.2150446 0.31775269 -0.10725893 37 99 235
-0.35947621 -0.23217532 0.46186611 37 99 235
-0.12466619 0.31975654 -0.30001289 37 99 235
-0.27878451 -0.17389368 -0.4547011 37 99 235
0.12210359 -0.053470623 -0.36106628 37 99 235
-0.34851652 -0.20534781 0.61506444 37 99 235
-0.31457677 -0.075702101 -0.54270309 37 99 235
0.16555893 0.16217519 -0.37722108 37 99 235
0.15922675 -0.059626766 0.62482435 37 99 235
-0.13253015 -0.029571613 -0.52385193 37 99 235
-0.4008722 -0.088980712 -0.45236436 37 99 235
0.17097779 0.01870684 0.50559872 37 99 235
0.013041861 0.31310928 0.23431478 37 99 235
0.094572432 -0.057791382 -0.20384213 37 99 235
0.27197805 -0.11764458 0.1805715 37 99 235
-0.04994718 0.29779568 0.10377722 37 99 235
0.060853548 -0.0079593128 -0.39584586 37 99 235
-0.091837309 0.028240001 0.55650908 37 99 235
-0.035204489 -0.012529798 0.6449753 37 99 235
-0.28114948 -0.08219669 -0.37784806 37 99 235
0.00074598397 -0.1474847 -0.46110654 37 99 235
0.33009458 0.16038647 -0.35550794 37 99 235
-0.066464424 -0.11378589 -0.16608314 37 99 235
-0.031934198 0.006537301 0.66581756 37 99 235
-0.34457159 -0.016633576 -0.0023705903 37 99 235
-0.10000278 0.32211801 0.24333873 37 99 235
0.24127325 -0.055005122 0.76956314 37 99 235
-0.25841933 -0.26250482 -0.54177588 37 99 235
0.29968125 -0.056946393 0.13136351 37 99 235
0.10870797 0.30485097 0.074508056 37 99 235
0.12369029 -0.090531595 -0.72042686 37 99 235
0.27052221 -0.019682573 -0.77941549 37 99 235
-0.23281737 0.20050831 -0.33137268 37 99 235
-0.33458474 0.14533734 -0.17365772 37 99 235
-0.36085063 -0.10568088 0.60818601 37 99 235
0.3570773 -0.21932063 0.40974328 37 99 235
0.20042618 0.10042764 -0.30549774 37 99 235
-0.34256873 0.24613097 -0.047746915 37 99 235
-0.36102465 -0.13714959 0.19446476 37 99 235
0.17701162 -0.035303924 -0.29698348 37 99 235
0.1679042 -0.047624327 0.76932728 37 99 235
-0.13083972 0.052008472 -0.3162066 37 99 235
-0.25890675 -0.066653639 0.65673643 37 99 235
-0.22181052 -0.14341088 -0.36660782 37 99 235
-0.35691497 -0.13350503 0.079487868 37 99 235
-0.18454224 -0.14285384 -0.72179401 37 99 235
-0.24564768 0.077536695 0.40449446 37 99 235
-0.34704822 0.27161658 -0.063214891 37 99 235
0.22129931 0.32227004 0.2515353 37 99 235
-0.0062431064 -0.042129431 0.6991024 37 99 235
0.29204494 -0.099103399 0.43780759 37 99 235
-0.16847147 0.061846346 -0.71797752 37 99 235
-0.31726035 -0.10767971 0.67601675 37 99 235
-0.27598429 0.14732444 -0.51109761 37 99 235
0.31400946 -0.21485773 0.67381001 37 99 235
0.34865904 -0.0050437059 -0.42364961 37 99 235
-0.21843907 -0.014978849 0.69569337 37 99 235
0.17446494 0.0016195102 0.79091817 37 99 235
-0.36975268 -0.17956489 0.40595505 37 99 235
0.16441281 -0.051290303 -0.71218085 37 99 235
-0.27810436 0.082222745 0.45126522 37 99 235
0.32734245 0.081866831 0.031705078 37 99 235
0.056119855 0.060949244 0.74814713 37 99 235
-0.30463505 0.27147192 0.29621795 37 99 235
0.18217619 -0.057466924 0.17134565 37 99 235
0.3601982 -0.27228048 -0.72263938 37 99 235
0.1957414 0.068789423 -0.32040545 37 99 235
0.24870849 -0.11307828 0.060328674 37 99 235
0.11337382 0.3236745 0.14548343 37 99 235
0.36712906 -0.1266603 -0.034014378 37 99 235
0.32777086 0.18984725 -0.23047049 37 99 235
0.1578144 0.32099199 -0.18663722 37 99 235
0.34045824 -0.0049813138 0.21637139 37 99 235
0.038478084 0.0081994878 -0.54997396 37 99 235
0.33400425 0.2215111 0.17168149 37 99 235
0.048111655 0.1481725 -0.52123964 37 99 235
0.024035212 -0.049394935 0.70165241 37 99 235
0.14582326 -0.052368615 0.7115854 37 99 235
0.22980878 -0.12700555 0.11768877 37 99 235
-0.19546863 -0.10605871 0.43835118 37 99 235
-0.36802489 -0.14930177 0.39204955 37 99 235
-0.12102735 0.31645229 -0.31509998 37 99 235
-0.36395296 -0.25189835 0.36786792 37 99 235
0.36097896 -0.016232491 0.39351866 37 99 235
-0.14976463 0.17646891 0.35876665 37 99 235
-0.29924512 -0.11315905 -0.0022227289 37 99 235
-0.23113507 0.303987 0.24621205 37 99 235
-0.22940649 0.086415291 0.69408178 37 99 235
0.34245744 0.10733852 -0.61497211 37 99 235
0.033908822 -0.077234179 0.29440394 37 99 235
-0.34235176 0.26622659 -0.17655535 37 99 235
0.34377572 -0.08429797 0.073958494 37 99 235
0.30065936 0.033096775 0.36621517 37 99 235
0.15389127 -0.057724342 -0.13454598 37 99 235
0.03526812 -0.11450994 -0.27964506 37 99 235
-0.091333017 0.085776351 0.66459817 37 99 235
0.33446044 0.22754407 -0.017937824 37 99 235
-0.050721455 0.20164929 0.34467927 37 99 235
0.13211158 0.020368971 -0.60544372 37 99 235
-0.31473166 0.23855476 0.27541044 37 99 235
-0.16317305 -0.050366901 0.27693161 37 99 235
-0.25118023 0.32318676 -0.13516665 37 99 235
0.019529091 -0.12357511 -0.42649698 37 99 235
0.26996484 0.23000194 0.33558169 37 99 235
-0.2515918 -0.094369598 0.61996448 37 99 235
0.077174015 -0.11544176 -0.22752328 37 99 235
-0.21523491 -0.10579882 -0.42426002 37 99 235
-0.047938813 0.32384339 0.14821002 37 99 235
-0.38095021 -0.029658144 -0.54726189 37 99 235
0.33645892 -0.021306546 0.50555986 37 99 235
-0.29321164 0.012550524 0.35232013 37 99 235
0.069066614 -0.15840206 -0.57834238 37 99 235
0.19519432 -0.03212703 -0.46365577 37 99 235
0.10058236 -0.013411092 -0.79855847 37 99 235
0.34684736 -0.021988111 -0.0066390615 37 99 235
-0.080717288 0.32766655 0.2265967 37 99 235
-0.098247476 0.30484521 0.14090963 37 99 235
0.25762457 -0.10960757 0.50887465 37 99 235
0.36092705 0.010615312 -0.77171707 37 99 235
0.238443 -0.27251616 0.50365263 37 99 235
0.29846141 0.0086884815 -0.39153436 37 99 235
0.21680769 0.021614304 0.70285237 37 99 235
0.26377615 -0.10868866 0.41516581 37 99 235
-0.0019118539 -0.11360205 0.0038661498 37 99 235
0.13866214 0.027942045 0.60487175 37 99 235
-0.34598154 0.0038315209 0.33725661 37 99 235
-0.15019387 0.3160643 0.12023482 37 99 235
0.20782547 -0.12400124 -0.36419368 37 99 235
-0.3264854 -0.093899354 0.095350415 37 99 235
0.059284128 0.30191398 -0.28071195 37 99 235
-0.055351999 0.30681694 -0.28773823 37 99 235
-0.28352958 0.32315576 -0.14579995 37 99 235
-0.086230271 0.026069403 -0.38246486 37 99 235
0.26614308 -0.14110258 0.41480726 37 99 235
0.1426346 -0.10559501 -0.64356452 37 99 235
-0.24784178 -0.058208451 -0.16860834 37 99 235
0.26174971 -0.1130748 0.06470181 37 99 235
0.22806056 -0.17182215 0.37981996 37 99 235
0.32612297 0.22466683 -0.11995331 37 99 235
-0.25787801 0.078240089 -0.3384358 37 99 235
-0.34605402 0.00095493393 0.003615764 37 99 235
-0.24389303 0.0069047399 0.78382009 37 99 235
0.21978627 0.039476931 -0.38929841 37 99 235
-0.25205949 0.24334705 0.35160834 37 99 235
0.1939356 -0.08097484 -0.47009498 37 99 235
-0.10928604 0.3289223 0.22601205 37 99 235
-0.14977312 0.2955707 -0.33120999 37 99 235
0.34927961 0.069164082 -0.020093622 37 99 235
0.33117938 -0.097237162 0.33290881 37 99 235
0.03515086 -0.13257901 -0.34314942 37 99 235
0.29090533 -0.010261683 0.50672317 37 99 235
0.36748707 -0.26775226 0.52206945 37 99 235
0.18271512 0.33182001 -0.041110817 37 99 235
0.3268868 -0.15050641 -0.54825711 37 99 235
0.31730062 0.13363905 0.4985573 37 99 235
0.027498869 0.059052005 -0.31385824 37 99 235
0.045798793 0.068817899 -0.66845965 37 99 235
0.32841945 -0.059861384 -0.38917139 37 99 235
-0.33562082 -0.14400837 0.46092203 37 99 235
0.2421385 -0.098951295 0.50293076 37 99 235
-0.33980557 0.30228987 0.17870596 37 99 235
-0.24404328 -0.11457524 -0.023430077 37 99 235
0.099661447 0.28820828 0.35945046 37 99 235
0.35813865 -0.066643648 -0.63095379 37 99 235
-0.26973513 0.13352978 -0.38310397 37 99 235
0.25231799 -0.12067728 -0.28766248 37 99 235
-0.036866188 -0.16210493 -0.56328142 37 99 235
-0.14724752 -0.065803684 0.55965376 37 99 235
0.2116593 0.050217737 -0.79083121 37 99 235
-0.23195079 0.028266793 -0.57889372 37 99 235
0.3089107 -0.045454882 0.49332088 37 99 235
0.28406239 -0.31478727 0.45837542 37 99 235
0.21538824 0.21973488 -0.33524635 37 99 235
0.26997441 -0.050302129 0.76223725 37 99 235
-0.21195795 0.30582112 0.23627017 37 99 235
-0.020574238 0.14768384 -0.46243143 37 99 235
0.22762702 -0.12107775 0.021509901 37 99 235
0.25005329 0.15517953 -0.41621616 37 99 235
0.26549366 -0.19139978 -0.74011308 37 99 235
0.24420206 -0.25388002 0.50439918 37 99 235
0.3313382 -0.078689009 -0.19848636 37 99 235
-0.37980294 -0.26047078 -0.59313428 37 99 235
0.20756973 -0.14220531 0.18927622 37 99 235
-0.10614674 0.051694799 0.36249 37 99 235
0.30150345 0.16531506 0.38986915 37 99 235
-0.048041265 0.03960472 -0.53359836 37 99 235
-0.13139947 -0.063986219 0.55142498 37 99 235
-0.039130628 -0.046260621 0.78552502 37 99 235
0.28010651 0.078374878 0.55335557 37 99 235
0.30625117 0.03752476 0.59107774 37 99 235
0.10422887 -0.11317234 -0.017742503 37 99 235
0.080065802 -0.095480002 -0.47808772 37 99 235
-0.34278119 -0.095425069 0.15975945 37 99 235
0.069254562 -0.06627316 0.72475672 37 99 235
-0.32317841 0.020379864 -0.29864788 37 99 235
-0.087656453 -0.054830845 0.50249606 37 99 235
-0.28003016 0.024869436 0.52176028 37 99 235
-0.24446259 -0.27396402 -0.72788429 37 99 235
0.3002046 -0.09713389 0.42241514 37 99 235
-0.30823955 -0.078392915 -0.78867114 37 99 235
0.19835031 -0.11753564 -0.58656067 37 99 235
0.29424483 0.14909659 -0.47916567 37 99 235
-0.23900543 0.1404856 -0.57993788 37 99 235
0.18672267 0.32555383 0.15761621 37 99 235
0.27359688 -0.1291151 0.41274545 37 99 235
-0.20515257 -0.12445286 0.37751192 37 99 235
0.080284804 -0.11244691 -0.38272691 37 99 235
0.022534104 -0.11866923 -0.31192726 37 99 235
-0.086210623 0.31326219 -0.12097535 37 99 235
0.044107396 -0.05577901 0.55628639 37 99 235
-0.34883812 -0.16762581 0.49323398 37 99 235
-0.21470101 0.086139336 0.37148643 37 99 235
-0.060191777 -0.11329991 -0.13234085 37 99 235
-0.27602425 0.076337099 -0.55348164 37 99 235
0.30730125 0.016654434 -0.35987502 37 99 235
-0.35299057 -0.015779439 0.68791336 37 99 235
-0.093101613 0.0080566928 0.75111067 37 99 235
0.083987512 -0.1469387 0.47758132 37 99 235
0.083625831 -0.11306273 0.22197075 37 99 235
-0.19206542 0.089306667 0.70823628 37 99 235
0.12219198 0.29455394 0.11431827 37 99 235
0.25953692 -0.22991459 0.46917799 37 99 235
0.20510024 0.079809427 0.44567671 37 99 235
-0.09320353 0.038663939 -0.3772302 37 99 235
-0.24197574 -0.22972512 -0.63562143 37 99 235
0.32109299 -0.052326448 -0.5029043 37 99 235
0.34110165 0.10032873 -0.74844301 37 99 235
0.023226401 0.16000761 -0.39588007 37 99 235
0.25144446 0.086540788 0.36627799 37 99 235
-0.27359077 0.09301547 -0.79234773 37 99 235
-0.17449209 0.098818183 -0.51318842 37 99 235
0.058747087 -0.057775591 -0.18705589 37 99 235
-0.19087388 -0.057657577 -0.04233202 37 99 235
0.28042608 0.068148404 -0.53891909 37 99 235
0.22504611 0.13792615 -0.60603601 37 99 235
0.24708372 -0.16587771 0.62853783 37 99 235
-0.29304069 -0.0056324108 -0.45598727 37 99 235
-0.32600951 0.057486281 0.0097921342 37 99 235
0.087566175 0.15389843 -0.44613853 37 99 235
-0.11301683 0.0091242399 0.76501966 37 99 235
0.24845615 -0.25400043 0.65632981 37 99 235
0.30480149 -0.029820355 -0.14042136 37 99 235
-0.20359698 -0.11102591 -0.74184525 37 99 235
-0.078100853 -0.098432682 -0.66022623 37 99 235
0.34538111 0.14565636 0.52047873 37 99 235
0.18098351 0.28908119 0.36185476 37 99 235
-0.29714867 -0.168686 -0.79874343 37 99 235
-0.20353797 -0.050506644 0.50975502 37 99 235
0.34327245 -0.074736007 0.23800637 37 99 235
-0.00091223395 0.14161989 -0.35323229 37 99 235
-0.38457927 -0.26432714 -0.57363111 37 99 235
0.19764884 0.055295762 -0.47580683 37 99 235
-0.34812129 0.12391207 -0.30669999 37 99 235
0.37077558 -0.13080581 -0.15747079 37 99 235
-0.22537383 -0.12959982 -0.26121187 37 99 235
-0.10099223 0.32947096 -0.16514647 37 99 235
-0.17199615 0.089705631 -0.31385517 37 99 235
-0.038191918 -0.12879352 0.47531113 37 99 235
-0.23099266 0.32061362 -0.034780554 37 99 235
0.067699231 -0.14074863 -0.67538214 37 99 235
0.17717634 0.12315405 -0.54408032 37 99 235
-0.049695987 -0.057448905 0.18811968 37 99 235
-0.12519728 0.20309615 -0.33123001 37 99 235
-0.21063496 0.047001906 0.63652921 37 99 235
0.27270803 -0.11308529 0.056671489 37 99 235
-0.36786848 -0.28401899 0.45375147 37 99 235
0.32597306 -0.12358251 -0.49856189 37 99 235
-0.21835081 0.092842683 -0.37516651 37 99 235
0.082389832 0.30879825 -0.086777925 37 99 235
-0.29794797 0.041316159 0.37540612 37 99 235
0.084467083 0.15809366 -0.42034459 37 99 235
0.16560927 -0.11298115 -0.62128371 37 99 235
0.14880355 0.070847817 0.36250418 37 99 235
0.21180303 0.070568122 0.36257672 37 99 235
0.35551611 -0.12896954 0.62517101 37 99 235
-0.25655654 -0.040609516 0.47638005 37 99 235
0.32459888 0.20240195 0.39592022 37 99 235
0.23400368 -0.071856052 -0.46052438 37 99 235
-0.27109548 -0.065418534 -0.49039748 37 99 235
-0.093036145 -0.096178286 -0.45172849 37 99 235
-0.34828475 0.25192565 0.064966671 37 99 235
0.15254843 0.035831891 0.35952342 37 99 235
-0.35859859 -0.13311723 -0.27268633 37 99 235
0.39005235 -0.025186 -0.70764571 37 99 235
0.32816473 -0.061668668 0.025408447 37 99 235
0.21467109 0.31840509 0.12863584 37 99 235
-0.035040706 0.10069811 -0.41722655 37 99 235
0.20548649 0.20011275 0.35440412 37 99 235
0.22210719 0.078626901 0.49279824 37 99 235
-0.14031765 0.30091074 0.16664752 37 99 235
0.17378071 -0.091847502 -0.42423677 37 99 235
0.12505054 -0.0067845494 -0.62421197 37 99 235
0.10040838 0.23667343 -0.33121383 37 99 235
0.22817597 0.040271141 -0.47438216 37 99 235
0.26305628 0.093215324 -0.45072907 37 99 235
-0.25573525 -0.095272899 0.63421011 37 99 235
-0.32566044 -0.20754752 -0.75713646 37 99 235
-0.30277437 -0.11303161 0.10475574 37 99 235
0.2451289 -0.0054466724 -0.48640689 37 99 235
-0.0028825698 -0.057901897 0.6201753 37 99 235
-0.25593105 0.072160237 -0.62200534 37 99 235
0.18472953 0.14069155 -0.62971723 37 99 235
-0.030751539 -0.13589238 -0.5945676 37 99 235
-0.33682957 0.096480615 0.058215719 37 99 235
-0.034189913 -0.057406545 0.23795603 37 99 235
0.06920892 0.028240001 0.52980226 37 99 235
0.28475794 0.080189683 -0.31159025 37 99 235
0.045633309 0.15375614 -0.44134045 37 99 235
-0.13438329 0.09555573 0.36656097 37 99 235
-0.33195242 0.095055394 -0.35106725 37 99 235
0.3298209 0.083735712 0.19431636 37 99 235
0.1434665 0.32062089 0.20998906 37 99 235
-0.22364873 -0.071900956 -0.19981866 37 99 235
0.019398602 -0.058023803 -0.011581833 37 99 235
-0.14819524 0.024315121 0.53974348 37 99 235
-0.20899944 0.099846415 -0.33194128 37 99 235
-0.32933724 0.068521403 0.59649551 37 99 235
0.35111496 -0.18748873 0.62015647 37 99 235
-0.12712495 0.30368263 -0.11116777 37 99 235
-0.3545371 0.060599808 0.42856884 37 99 235
0.104747 -0.11288818 0.23008771 37 99 235
0.30671614 -0.045074817 -0.22738619 37 99 235
0.056338005 0.14575507 -0.52786469 37 99 235
-0.07139121 -0.039608724 -0.77418578 37 99 235
0.024167946 -0.036801152 -0.53464448 37 99 235
-0.19312342 -0.057407122 0.73747617 37 99 235
0.28426114 0.068045095 -0.69758874 37 99 235
-0.35501561 0.050456896 -0.61562526 37 99 235
0.19826883 0.12168394 -0.72762173 37 99 235
0.2006354 -0.022279602 0.50502807 37 99 235
-0.1701197 -0.047221765 -0.39567164 37 99 235
-0.22079857 0.08015579 0.49434736 37 99 235
-0.16166098 -0.057664871 -0.049885623 37 99 235
-0.20920551 -0.15209466 -0.34689456 37 99 235
0.29455554 0.32046673 0.053352699 37 99 235
0.22339845 0.079794042 0.50635153 37 99 235
0.14968477 -0.10864585 -0.40708882 37 99 235
-0.038372442 -0.055004887 0.67346543 37 99 235
-0.11611048 -0.11307777 0.063705176 37 99 235
-0.23198207 -0.20228049 -0.68675822 37 99 235
0.34342408 0.16292624 0.43330348 37 99 235
-0.21006823 0.015511794 0.5711953 37 99 235
0.28037775 0.086082838 -0.58570498 37 99 235
-0.29762241 -0.15475877 -0.5108611 37 99 235
-0.34686813 0.070045084 0.6104579 37 99 235
-0.27674484 -0.11163594 0.24072631 37 99 235
-0.28128409 -0.077585183 0.57967359 37 99 235
-0.20203428 -0.1521959 -0.5627532 37 99 235
-0.20850185 -0.07542035 -0.67760241 37 99 235
0.24729958 -0.11673788 -0.22797194 37 99 235
0.00024450276 0.0050665434 -0.78412008 37 99 235
-0.3000232 -0.21045539 -0.78815824 37 99 235
-0.14704429 -0.057676181 -0.064759664 37 99 235
0.32949889 0.30945462 -0.12854369 37 99 235
-0.38320181 -0.13349706 -0.0035438947 37 99 235
0.25365707 -0.033556271 0.27924174 37 99 235
0.38503522 -0.13697939 0.12860367 37 99 235
0.26386335 -0.038864106 -0.48332286 37 99 235
-0.23394559 -0.036682457 0.42637864 37 99 235
-0.047039647 -0.077284366 0.34569553 37 99 235
0.050284211 0.028240001 0.57723403 37 99 235
-0.33282024 0.051113144 0.34024689 37 99 235
-0.1063964 0.32427913 0.33511451 37 99 235
-0.27447754 0.16498019 -0.30314922 37 99 235
0.012750719 -0.057545613 0.073128656 37 99 235
0.10706471 -0.10608642 0.27225849 37 99 235
0.13503833 0.30409756 -0.25095999 37 99 235
0.29703847 0.18258382 0.33574015 37 99 235
0.34016272 0.29784545 -0.18494754 37 99 235
-0.20158716 -0.078644015 0.075824045 37 99 235
-0.10050497 -0.09041249 0.32805496 37 99 235
0.18723047 -0.049506791 -0.44965756 37 99 235
0.0025294523 -0.059648491 -0.29967928 37 99 235
0.33666661 -0.021587331 0.50558519 37 99 235
0.081273913 0.26998132 0.35356495 37 99 235
-0.17551625 0.090917498 -0.31614083 37 99 235
-0.28451124 -0.11319916 -0.37069133 37 99 235
-0.21576121 0.31790453 0.1997437 37 99 235
0.1769097 -0.016589507 -0.38867384 37 99 235
-0.3521654 0.061936002 0.56028038 37 99 235
0.10414046 0.057912439 -0.79342586 37 99 235
-0.32145 0.13985665 -0.086137809 37 99 235
0.36650884 -0.27760762 0.52594852 37 99 235
0.25184444 0.13249651 -0.65925574 37 99 235
-0.14867485 0.32133818 0.2721073 37 99 235
0.0065487474 -0.057739239 -0.14943182 37 99 235
-0.1591987 0.044325948 -0.54526085 37 99 235
-0.38440394 -0.13233402 -0.20363192 37 99 235
-0.1378282 0.0041697496 -0.3683998 37 99 235
-0.068705484 -0.028947225 0.61242861 37 99 235
0.13559666 0.065998845 -0.7544964 37 99 235
0.16595906 -0.068953894 0.5261929 37 99 235
-0.24992387 -0.303509 -0.5869481 37 99 235
0.16322532 0.15030652 -0.42199674 37 99 235
0.38108769 -0.16264611 -0.68679923 37 99 235
0.338029 0.19053961 0.014496162 37 99 235
0.25192446 -0.2977117 0.55588174 37 99 235
0.014408248 -0.11496187 -0.26705459 37 99 235
-0.13062292 0.10053425 0.72948718 37 99 235
-0.036369633 -0.10064318 -0.42574403 37 99 235
0.31265488 0.12074876 0.58419532 37 99 235
0.16909175 -0.086656176 -0.051634517 37 99 235
0.16345111 0.11298221 -0.30621567 37 99 235
0.27389926 0.28804383 0.35657829 37 99 235
-0.018093485 0.012629486 -0.38942808 37 99 235
-0.24251057 -0.19110441 0.59555727 37 99 235
-0.0091683138 -0.11354405 -0.26859254 37 99 235
-0.33176896 0.10476474 -0.16845994 37 99 235
-0.1862862 0.0055459226 0.70710695 37 99 235
-0.21265371 0.13353346 -0.66020584 37 99 235
0.27381051 -0.16556211 0.4192695 37 99 235
-0.35492128 -0.10276244 0.6739465 37 99 235
-0.21957219 -0.091642566 0.083184861 37 99 235
0.34368104 -0.10568899 0.3287386 37 99 235
0.20738596 -0.20195559 -0.61140943 37 99 235
0.22565481 -0.2218972 -0.5801304 37 99 235
0.14421602 -0.075818084 -0.42384899 37 99 235
0.34625617 -0.11207496 -0.3168017 37 99 235
-0.051984295 -0.11616895 0.17701669 37 99 235
0.2520676 0.031502169 -0.47474894 37 99 235
0.2351809 -0.057730097 -0.13757634 37 99 235
-0.33616048 0.093507633 -0.5366981 37 99 235
0.3398867 -0.3102974 0.45013109 37 99 235
-0.038191833 0.019836839 0.35279718 37 99 235
0.32662362 0.17235404 -0.25732347 37 99 235
0.26478866 -0.12081706 0.15123115 37 99 235
-0.19734992 0.30159137 0.22377552 37 99 235
0.22552197 -0.035927936 0.63508677 37 99 235
-0.32872924 0.11507564 -0.22512226 37 99 235
0.3353821 -0.035224784 -0.28078151 37 99 235
0.030722162 -0.1149333 0.072256669 37 99 235
-0.24158858 0.082419999 0.45231256 37 99 235
0.15719613 0.064545788 0.5640099 37 99 235
0.20125769 -0.073845156 -0.24926291 37 99 235
-0.36330348 -0.12269145 -0.06067282 37 99 235
-0.33000201 -0.21962602 -0.67709768 37 99 235
0.030059772 -0.023390314 -0.58165008 37 99 235
-0.30353233 0.29061314 -0.33004451 37 99 235
0.25039387 -0.14644943 0.40897217 37 99 235
-0.14730489 0.30802396 -0.22664644 37 99 235
0.086894713 -0.1134671 -0.27649277 37 99 235
0.26849729 -0.26333857 0.53313196 37 99 235
-0.34044859 0.071011327 -0.68401217 37 99 235
-0.34723881 0.25401956 0.094580919 37 99 235
0.36004972 -0.18913172 0.6774354 37 99 235
-0.17304844 -0.096389554 -0.64966345 37 99 235
0.12683959 -0.057790212 -0.21042985 37 99 235
-0.15423967 0.12090839 -0.31943738 37 99 235
0.3327446 -0.20542938 0.57317078 37 99 235
0.26941139 0.081068799 0.65822846 37 99 235
0.27795073 -0.23995644 -0.6317991 37 99 235
-0.033838972 -0.0017053434 -0.54115969 37 99 235
-0.35242972 -0.044847436 0.6212166 37 99 235
-0.36929855 -0.20897429 0.42509273 37 99 235
-0.19904451 -0.10759594 -0.46008527 37 99 235
-0.27503192 -0.31809691 0.45691341 37 99 235
-0.25244141 -0.23703209 -0.68307304 37 99 235
0.19086465 -0.057390425 0.25510412 37 99 235
-0.24490492 0.082419999 0.41862088 37 99 235
-0.27999914 -0.25266588 -0.68727958 37 99 235
-0.32145 0.10649659 -0.25086036 37 99 235
0.18601418 -0.10515109 0.35263783 37 99 235
-0.075557187 0.30757329 -0.32712153 37 99 235
0.32899395 -0.14970203 -0.53711945 37 99 235
-0.11149254 0.31471464 0.30384901 37 99 235
-0.11832555 -0.057525575 0.10170434 37 99 235
0.3313652 0.10560356 -0.035910822 37 99 235
0.30560488 -0.23878729 -0.58578444 37 99 235
-0.15280592 0.30201682 -0.25222215 37 99 235
0.13082509 0.13324115 -0.71665412 37 99 235
-0.25304687 -0.10980418 0.41765922 37 99 235
0.37612745 -0.20182826 -0.67179775 37 99 235
0.29061547 -0.052774981 0.79016012 37 99 235
-0.24818422 -0.11296763 0.16599172 37 99 235
-0.26960775 0.015008315 -0.56890917 37 99 235
-0.22711766 -0.14837846 0.56738961 37 99 235
-0.34328809 -0.069919556 0.13783954 37 99 235
0.3480109 0.02963122 -0.29180613 37 99 235
-0.14131428 0.14007053 -0.53588343 37 99 235
0.29069743 -0.11305758 0.085209772 37 99 235
-0.07070791 -0.10567212 -0.63108158 37 99 235
-0.34734872 -0.12298344 0.52469373 37 99 235
0.16015539 0.050087165 0.53703362 37 99 235
0.21737678 0.024387738 -0.77394253 37 99 235
0.30499777 0.23371314 0.37053058 37 99 235
0.27178252 0.054412082 -0.36512893 37 99 235
0.23050246 0.28432971 0.3052406 37 99 235
-0.31919932 -0.00080802001 -0.18649459 37 99 235
0.14018215 -0.10967787 0.4763591 37 99 235
0.26898536 -0.083606489 -0.54347259 37 99 235
-0.11228181 -0.15299328 -0.59854215 37 99 235
0.10001224 0.12869638 -0.74281776 37 99 235
0.20554926 -0.11238915 -0.36182174 37 99 235
0.32142159 -0.055182785 0.66558629 37 99 235
0.057179492 -0.021039644 -0.60809612 37 99 235
-0.33791 0.21966973 -0.17493358 37 99 235
0.35354424 0.012757559 0.38494182 37 99 235
-0.15331709 0.30527684 0.21554174 37 99 235
0.12907508 -0.11348516 -0.29516327 37 99 235
-0.27290046 -0.085209601 -0.5124703 37 99 235
0.10173196 0.30150267 0.16828935 37 99 235
-0.24436967 -0.083623938 0.24749777 37 99 235
0.23912075 -0.14244841 0.29394105 37 99 235
-0.29854336 0.32130435 0.1261511 37 99 235
0.25186744 -0.22440325 0.48707879 37 99 235
-0.19550297 0.12400023 -0.7686106 37 99 235
-0.32145 0.0051144077 0.24818549 37 99 235
-0.14376728 0.05641868 0.75558931 37 99 235
0.26641703 0.32737997 -0.10318063 37 99 235
0.29060769 0.022878518 0.47174865 37 99 235
0.22286581 0.12589781 -0.47290143 37 99 235
-0.2059658 -0.076638632 -0.68824816 37 99 235
-0.35029674 0.021833394 0.70944417 37 99 235
-0.18699618 0.32394493 0.0067661358 37 99 235
-0.16742726 -0.12666287 0.27302912 37 99 235
-0.14021574 0.14789502 -0.51662236 37 99 235
0.25900596 0.12087043 0.39061049 37 99 235
-0.057271749 -0.11315019 0.0017823692 37 99 235
-0.23093534 -0.010691456 -0.79049671 37 99 235
-0.28399494 -0.23688221 0.5341506 37 99 235
0.18221192 0.025880851 0.4029406 37 99 235
0.056078844 0.14197418 -0.63063574 37 99 235
0.23043373 -0.12265661 0.37239701 37 99 235
-0.34143218 0.1374485 0.004058592 37 99 235
-0.2884976 -0.054295283 0.70887023 37 99 235
-0.33396754 0.17812908 0.26110914 37 99 235
0.1714159 -0.11796849 0.16839249 37 99 235
0.031600457 -0.11464347 0.080646768 37 99 235
-0.25468147 -0.079292476 0.41722065 37 99 235
0.087477863 -0.061910484 0.57892364 37 99 235
0.3416146 0.26900929 0.081189767 37 99 235
0.017161326 0.29451838 0.0983162 37 99 235
0.33990422 -0.041328851 -0.29518825 37 99 235
0.15650621 0.32773587 0.13148074 37 99 235
0.28507951 -0.31912813 -0.63020885 37 99 235
0.123327 0.001306418 -0.39186847 37 99 235
-0.19833466 -0.081640251 -0.57872134 37 99 235
0.25839192 0.07589481 -0.63299298 37 99 235
0.25583231 -0.1135308 -0.32525724 37 99 235
0.083071589 -0.088821426 -0.50498134 37 99 235
0.30881855 0.31299329 0.36527729 37 99 235
-0.3491163 0.097611681 0.49030152 37 99 235
0.30679241 0.31529099 0.17511621 37 99 235
-0.17483848 0.3240436 0.35587701 37 99 235
0.31763026 -0.066616066 0.33345774 37 99 235
0.059964325 -0.057800706 -0.22081178 37 99 235
-0.30001566 0.149086 -0.48558849 37 99 235
-0.049325872 -0.057457715 0.1763363 37 99 235
0.14920168 0.157726 0.36179715 37 99 235
0.22054084 -0.029223805 -0.47930828 37 99 235
-0.056258857 -0.16758196 -0.58343709 37 99 235
0.092714377 -0.057809681 -0.23107958 37 99 235
-0.25183749 0.15136966 0.72613275 37 99 235
0.3610723 -0.1500061 0.60396641 37 99 235
0.35008097 -0.19966793 -0.61008394 37 99 235
-0.32027292 0.14958012 -0.47031784 37 99 235
0.18593755 -0.13758294 -0.32383299 37 99 235
-0.10549405 0.083878919 -0.31027758 37 99 235
-0.23624283 0.081244051 0.51562148 37 99 235
-0.25878647 0.12360733 0.36178842 37 99 235
0.34979364 -0.19094644 0.3784737 37 99 235
0.23168467 0.33035633 -0.086923018 37 99 235
0.073962748 -0.1428805 -0.68847871 37 99 235
0.086025402 -0.050065406 -0.28090638 37 99 235
0.028009487 -0.057545576 0.075966947 37 99 235
-0.36408594 -0.19802107 0.44803432 37 99 235
-0.36065507 -0.081622757 -0.51221561 37 99 235
-0.27671435 0.32371193 0.092362143 37 99 235
-0.27171949 -0.02713888 0.51972312 37 99 235
-0.16154549 0.1635399 -0.40875828 37 99 235
-0.035997313 0.01937966 0.66337371 37 99 235
0.36998791 -0.2568408 -0.69070095 37 99 235
-0.020346712 -0.14156525 -0.63069552 37 99 235
0.063264631 -0.057741806 -0.28132856 37 99 235
0.0084971339 0.12685791 -0.37745681 37 99 235
-0.3281779 0.15505786 -0.39637408 37 99 235
0.32224575 0.29919282 -0.093391769 37 99 235
0.12511286 -0.00592981 -0.62507027 37 99 235
-0.11206481 -0.10180556 -0.73511082 37 99 235
0.11786005 0.12255704 -0.34763953 37 99 235
-0.35704577 0.070197254 -0.54676539 37 99 235
-0.27657196 -0.024420856 0.28315812 37 99 235
0.058807686 -0.047428232 -0.79085726 37 99 235
-0.34083316 -0.025953455 0.23939453 37 99 235
0.035047531 -0.12405194 -0.52238882 37 99 235
-0.24942458 -0.12328337 -0.27942207 37 99 235
-0.15806338 0.061012633 -0.45478791 37 99 235
0.31584027 -0.21736462 -0.71130669 37 99 235
-0.022545423 -0.17547259 0.4839761 37 99 235
-0.085901372 -0.11347745 -0.28742525 37 99 235
-0.13170315 -0.074845947 0.4645167 37 99 235
0.21415021 -0.13244325 0.11257493 37 99 235
-0.3526966 -0.11484364 -0.602911 37 99 235
-0.29117092 0.14176327 0.70783353 37 99 235
-0.11679737 0.31684479 0.28264338 37 99 235
-0.22643881 0.017375633 0.4577387 37 99 235
-0.32675138 -0.056542501 0.073419906 37 99 235
-0.36484998 -0.18215369 0.59979296 37 99 235
0.051300224 -0.0237756 -0.3138625 37 99 235
-0.054503769 0.028897272 0.39412594 37 99 235
0.20561405 -0.04186428 0.30673793 37 99 235
-0.17123768 0.08065822 0.42732513 37 99 235
-0.22712542 -0.12153061 -0.039285693 37 99 235
0.35917187 -0.30634886 -0.59390181 37 99 235
0.33932027 0.27035293 -0.31056195 37 99 235
-0.22513621 -0.1925866 0.342484 37 99 235
0.048466589 0.036286004 0.37360069 37 99 235
0.34034497 0.25767818 0.096239768 37 99 235
-0.32715631 0.022029165 -0.72134286 37 99 235
0.078413837 0.072064735 -0.51043743 37 99 235
-0.3581152 -0.029718457 0.34176567 37 99 235
-0.22980902 0.090371691 0.69610035 37 99 235
-0.19141181 0.080088235 0.46594563 37 99 235
-0.39571276 -0.11632194 -0.52083766 37 99 235
0.36059073 -0.20459309 0.57687837 37 99 235
0.14059637 -0.079998426 -0.70280254 37 99 235
0.096770614 0.096128292 -0.42104557 37 99 235
0.36551204 -0.048162457 0.63032371 37 99 235
-0.32869089 0.17138833 -0.24179466 37 99 235
-0.34275401 -0.11507924 -0.026259081 37 99 235
0.34297976 -0.21929574 -0.55933499 37 99 235
-0.039943103 0.091518603 -0.43241152 37 99 235
0.05749153 -0.057507474 0.12746549 37 99 235
-0.24138135 -0.20065866 0.66113925 37 99 235
0.37923265 -0.07432162 -0.66881716 37 99 235
0.3415449 0.15227734 0.4236137 37 99 235
-0.32343325 -0.18796656 0.67257488 37 99 235
0.16424036 0.14370072 -0.58263886 37 99 235
-0.31808764 -0.048874348 0.65010184 37 99 235
-0.1938052 -0.038112611 -0.55691177 37 99 235
-0.18975629 -0.094959646 0.22962442 37 99 235
-0.20509471 -0.057856958 -0.29004848 37 99 235
-0.32124299 -0.037759684 0.32487696 37 99 235
0.25439098 -0.32359961 0.46417075 37 99 235
0.3103686 -0.11310171 -0.32554191 37 99 235
0.30088064 -0.015129801 -0.17720373 37 99 235
-0.29178244 -0.11281256 -0.38195989 37 99 235
0.30822405 -0.064861327 0.57591671 37 99 235
0.036157362 0.071539663 -0.79706448 37 99 235
0.11668721 0.038403984 -0.71693993 37 99 235
-0.095536724 0.033734534 0.73564667 37 99 235
0.069695063 0.32120249 -0.25036085 37 99 235
-0.33151466 0.0031860783 -0.33834875 37 99 235
-0.35774514 -0.053627655 -0.63902003 37 99 235
0.34357005 0.038092293 -0.27491003 37 99 235
0.30991316 0.036649678 -0.77012479 37 99 235
-0.37319082 -0.2577371 0.55678117 37 99 235
0.27005437 -0.011655334 -0.54407269 37 99 235
-0.23954496 -0.15250424 0.61281657 37 99 235
0.076911248 0.30722022 0.16954835 37 99 235
0.33009711 0.02657257 0.17394578 37 99 235
0.082357734 0.1406281 -0.6555779 37 99 235
-0.35019001 0.077220209 0.69152248 37 99 235
0.24326172 -0.075620137 0.63831526 37 99 235
-0.060204461 0.18160255 -0.31006309 37 99 235
0.37957516 -0.19906889 -0.76645052 37 99 235
0.34918332 -0.16417609 0.55190754 37 99 235
-0.01494345 -0.077657923 -0.78254557 37 99 235
-0.2494311 -0.059456419 0.04898319 37 99 235
0.046982702 -0.11332509 -0.16249104 37 99 235
0.29533318 0.052615345 -0.39028445 37 99 235
0.14550675 -0.090956889 -0.62675285 37 99 235
0.17399384 0.049740378 -0.53910774 37 99 235
-0.048009455 0.29465264 0.24109393 37 99 235
-0.24199083 -0.12093458 0.59645838 37 99 235
0.34841266 0.11319587 0.71606296 37 99 235
0.017140811 0.252085 -0.32122773 37 99 235
-0.21593778 -0.12594405 -0.051064659 37 99 235
0.027717473 0.028240001 0.5840652 37 99 235
0.2826713 0.30399945 0.15849116 37 99 235
0.32039464 0.15147087 -0.25278023 37 99 235
-0.11737099 0.034660973 0.57005626 37 99 235
0.27533093 0.17974117 -0.38096628 37 99 235
-0.26912653 -0.21348296 -0.51128352 37 99 235
0.34431687 -0.037298512 -0.10212304 37 99 235
-0.13086464 0.024590803 0.57543731 37 99 235
-0.29818842 -0.11337703 -0.19979587 37 99 235
0.12655666 -0.091382205 -0.44521978 37 99 235
-0.26440454 0.19182229 -0.35929719 37 99 235
-0.18310212 0.24503483 -0.33121979 37 99 235
0.08416751 0.29491243 0.020781321 37 99 235
-0.26491752 0.016045654 0.35792559 37 99 235
0.34652811 -0.0038251695 0.77463645 37 99 235
0.17730089 0.010804656 0.44933704 37 99 235
0.14965485 0.056045093 -0.71236336 37 99 235
-0.20754771 -0.082591079 0.08859653 37 99 235
0.30655259 -0.14290501 0.41547251 37 99 235
-0.15121351 -0.026963569 -0.69559973 37 99 235
-0.31750989 0.2961154 -0.079746127 37 99 235
0.3310408 -0.24827076 -0.47879395 37 99 235
-0.14907576 0.12895536 -0.58152109 37 99 235
-0.026791673 0.14042327 -0.46026909 37 99 235
-0.32226059 0.30991951 -0.16398486 37 99 235
0.12233911 -0.05766432 -0.060195357 37 99 235
-0.070563868 -0.092478313 -0.67068785 37 99 235
0.32277602 -0.19062464 0.65668267 37 99 235
0.096127972 0.023949957 0.7211231 37 99 235
-0.15008217 0.31584379 -0.067185126 37 99 235
0.32668105 0.042174034 -0.25438994 37 99 235
-0.18314017 0.086227678 -0.55335444 37 99 235
-0.13361907 -0.083037123 -0.54708362 37 99 235
0.34396628 0.17057799 -0.29075283 37 99 235
-0.021522183 0.075693034 -0.43465579 37 99 235
0.20240238 0.11113518 0.73770869 37 99 235
-0.076218173 -0.057360001 0.30457133 37 99 235
0.30234253 -0.016998449 0.78190976 37 99 235
0.29056472 -0.1149579 -0.79435813 37 99 235
0.069800824 -0.11075298 -0.77259469 37 99 235
0.12178687 -0.11289451 0.22511429 37 99 235
0.26280904 -0.046206478 -0.72817731 37 99 235
-0.27356207 -0.1377456 -0.77200907 37 99 235
-0.20710713 -0.14495969 0.53342026 37 99 235
0.23741698 0.056918271 0.71942788 37 99 235
0.27440703 -0.056677192 -0.4627884 37 99 235
0.073450632 0.093518399 -0.30747366 37 99 235
0.024998145 -0.038509831 0.79263198 37 99 235
0.28370604 0.045198802 -0.49266192 37 99 235
0.26175743 0.021052143 -0.55680376 37 99 235
0.31009537 -0.0028551384 0.32691517 37 99 235
-0.32839823 0.035644859 0.10518494 37 99 235
0.24167119 -0.19059215 0.48503113 37 99 235
0.012256522 -0.098946713 -0.7067548 37 99 235
-0.35055012 -0.19027838 0.55791533 37 99 235
-0.017620763 -0.11707468 0.062463049 37 99 235
0.062081974 0.06849771 0.7421329 37 99 235
-0.0036579676 0.082317501 -0.63655883 37 99 235
-0.075422637 -0.11311338 0.028104691 37 99 235
0.27432165 0.12197798 -0.36955959 37 99 235
-0.15770166 0.32032713 -0.041764136 37 99 235
-0.10945182 0.020129425 -0.78884435 37 99 235
0.20629407 -0.12418606 0.30606982 37 99 235
0.22993587 -0.018472264 -0.59315223 37 99 235
0.30171686 0.020912321 0.4672305 37 99 235
0.2682015 -0.17975141 0.42332003 37 99 235
0.33768219 -0.04482441 -0.15217683 37 99 235
0.18310575 0.12003358 0.36249 37 99 235
0.13504355 0.074265219 -0.73512769 37 99 235
0.16794498 -0.12897238 -0.10349372 37 99 235
0.10331051 -0.06597317 0.52880716 37 99 235
-0.2534889 -0.32801223 0.49779904 37 99 235
0.088572167 0.11479012 -0.75943774 37 99 235
-0.26015806 -0.19272237 -0.78174984 37 99 235
-0.19911398 0.32375094 0.31463191 37 99 235
0.19067581 0.038613964 0.45583367 37 99 235
-0.22949143 -0.15059267 0.5712257 37 99 235
0.35225645 -0.076611646 -0.62055236 37 99 235
0.27224043 0.037620924 -0.78749931 37 99 235
-0.33673874 0.17449763 0.3604762 37 99 235
0.21560767 -0.19937818 -0.45014635 37 99 235
0.31783316 0.32157713 -0.26526085 37 99 235
0.25044066 0.053873744 0.51057416 37 99 235
-0.32673535 -0.2064136 -0.75291449 37 99 235
-0.35058951 -0.21093756 0.49070308 37 99 235
-0.056844562 0.30562031 0.29412571 37 99 235
-0.13567089 0.31494421 0.19283688 37 99 235
0.29376772 0.046390988 0.74283153 37 99 235
-0.1388219 -0.11475354 -0.22593217 37 99 235
0.034051884 -0.1037166 -0.43161461 37 99 235
-0.075082906 -0.057420734 0.22337607 37 99 235
0.33685929 0.1778205 0.20884922 37 99 235
-0.201693 0.040158752 -0.47624359 37 99 235
-0.14956723 0.051532656 0.62923431 37 99 235
-0.27956152 -0.094570398 -0.72283584 37 99 235
-0.018066229 0.27780816 0.36108527 37 99 235
0.13964778 0.028240001 0.52000666 37 99 235
-0.31089073 -0.040320266 -0.31790832 37 99 235
-0.13983323 -0.016299037 -0.78794199 37 99 235
-0.13243514 -0.10475494 0.28230494 37 99 235
-0.21646146 -0.095024616 0.33793721 37 99 235
-0.23788708 -0.10437664 0.080697156 37 99 235
0.30818951 0.088233173 -0.40804264 37 99 235
0.18913178 0.087479562 -0.5531922 37 99 235
-0.34584492 -0.18209448 0.65705049 37 99 235
-0.027779883 0.29091546 -0.3266905 37 99 235
0.057483893 0.3232449 0.29280508 37 99 235
0.20749711 -0.074084155 -0.62132055 37 99 235
0.19865124 0.013581803 -0.59824866 37 99 235
-0.012481586 0.31055716 -0.33396477 37 99 235
0.10495802 0.08689294 -0.38761851 37 99 235
-0.26506391 -0.23590457 -0.75500357 37 99 235
-0.35623085 0.090982184 -0.57428527 37 99 235
-0.16875714 0.31663367 -0.11056336 37 99 235
0.26541474 -0.044756997 -0.47699046 37 99 235
-0.22264291 -0.057414781 0.23247871 37 99 235
0.34803489 0.11284929 0.72751534 37 99 235
0.37923577 0.15147707 -0.2474338 37 99 235
0.21224704 0.32666266 0.34360179 37 99 235
0.34909239 0.10206645 -0.40685439 37 99 235
0.29220304 0.31725314 0.36457822 37 99 235
0.033857334 0.29688418 -0.25859278 37 99 235
0.2728838 -0.10300083 0.60397458 37 99 235
0.32238361 -0.035528481 -0.042964127 37 99 235
-0.30298871 0.089796104 0.60954851 37 99 235
-0.37277672 0.0012560766 -0.54425335 37 99 235
0.2733705 -0.23201087 0.54276347 37 99 235
-0.2140729 -0.087083407 0.12083163 37 99 235
-0.025059428 -0.085827723 -0.37294835 37 99 235
-0.34530813 -0.32406634 -0.60530478 37 99 235
0.12940611 -0.057394851 0.25073814 37 99 235
0.32989556 0.25267741 -0.055837676 37 99 235
0.36672169 -0.057867274 0.63610482 37 99 235
-0.34989262 0.076709285 -0.77766263 37 99 235
-0.23484504 0.010187924 -0.47347429 37 99 235
-0.13066052 -0.089711279 -0.51877189 37 99 235
-0.30893701 -0.11332268 -0.14844361 37 99 235
-0.041750606 0.031048324 -0.7331683 37 99 235
0.25194013 -0.052479044 -0.47301403 37 99 235
0.21495539 0.33160019 0.037083741 37 99 235
-0.30767491 0.31673357 0.063096963 37 99 235
0.32613662 -0.058030009 0.050561301 37 99 235
-0.35899639 0.065692887 -0.55164355 37 99 235
0.3793889 -0.030655885 -0.73977971 37 99 235
0.33890703 0.13036957 0.49824393 37 99 235
-0.27067327 0.30111498 0.020232785 37 99 235
0.20373632 0.32290217 0.0031815486 37 99 235
0.057453796 0.14223231 -0.58151895 37 99 235
-0.1106564 0.31215501 -0.33120999 37 99 235
0.20076744 -0.048106827 0.55633444 37 99 235
0.28582463 -0.11328115 -0.11332141 37 99 235
-0.29916975 -0.31554142 0.45014468 37 99 235
-0.29315251 -0.14389032 0.32873908 37 99 235
0.31407875 0.13020547 -0.56625962 37 99 235
0.38008302 -0.00066141732 -0.68167174 37 99 235
-0.16531119 0.13727987 -0.68353707 37 99 235
0.33563876 0.14277856 0.55776119 37 99 235
-0.17229462 -0.060469288 0.092711627 37 99 235
0.22144549 0.32891259 0.19887398 37 99 235
0.170679 0.042228565 -0.38905647 37 99 235
0.24735948 -0.31266335 -0.64084256 37 99 235
0.099465109 -0.058930494 -0.73096317 37 99 235
-0.35352981 0.034772404 -0.6557191 37 99 235
0.32640281 0.27189606 -0.13599668 37 99 235
0.23250832 -0.13614602 0.2809802 37 99 235
-0.19043593 0.29483336 0.23950985 37 99 235
-0.009169708 -0.11643243 -0.24871086 37 99 235
-0.24047318 -0.26166353 0.54420853 37 99 235
0.39492306 -0.13964771 -0.12568375 37 99 235
0.21629907 0.18465523 -0.3219521 37 99 235
-0.17977287 0.308988 0.15247095 37 99 235
-0.2474809 0.13938715 -0.58692807 37 99 235
-0.32145 0.027136195 -0.053080138 37 99 235
0.35722342 -0.047853533 0.46126837 37 99 235
0.080002367 0.32808179 0.33397716 37 99 235
-0.32384729 0.18402328 -0.078515165 37 99 235
0.33440885 0.30902609 0.30410895 37 99 235
-0.12477651 -0.09006802 -0.76301956 37 99 235
0.28589943 0.07976 0.46448293 37 99 235
0.31111571 -0.098252401 -0.78898144 37 99 235
0.12895952 0.30653349 0.32677093 37 99 235
0.34494624 -0.31420353 -0.65389091 37 99 235
0.32144171 0.079910941 -0.057477962 37 99 235
-0.21031207 0.062141716 0.63554364 37 99 235
0.10095988 -0.11337677 -0.1939436 37 99 235
-0.047381416 -0.11797309 0.18038908 37 99 235
-0.21861042 -0.054662466 -0.72190577 37 99 235
0.19608814 -0.053498272 -0.46654043 37 99 235
0.20078284 -0.12659417 -0.13440181 37 99 235
0.0074861781 0.32745764 0.30123371 37 99 235
0.12697579 0.10938967 -0.42779884 37 99 235
-0.27378505 -0.013783483 -0.79691571 37 99 235
-0.23951696 -0.24151908 -0.69144773 37 99 235
0.34778205 0.16691872 -0.062798887 37 99 235
-0.3337436 -0.049484573 0.72815222 37 99 235
0.17211519 -0.085060686 -0.67526561 37 99 235
-0.025227396 0.30357301 0.05236996 37 99 235
-0.35321164 -0.01361983 0.45334166 37 99 235
-0.39055419 -0.1421846 0.14103298 37 99 235
0.2119965 -0.039193004 -0.5770098 37 99 235
0.0433437 -0.1388454 0.45929354 37 99 235
0.29302546 -0.077078402 -0.78567761 37 99 235
-0.14572372 -0.08577688 -0.49356142 37 99 235
0.17165403 0.12867102 -0.45435742 37 99 235
0.3044247 0.24142891 0.36654189 37 99 235
0.25927025 0.029151998 -0.67757279 37 99 235
-0.14666753 -0.081841275 -0.49738884 37 99 235
0.31911254 0.13617465 0.51885533 37 99 235
0.30557236 -0.23120926 -0.51254189 37 99 235
-0.15179347 0.32329416 -0.20758468 37 99 235
-0.20545891 -0.067681484 0.31191972 37 99 235
-0.18973407 -0.13082501 -0.27662998 37 99 235
0.22271082 -0.086081274 0.61945683 37 99 235
-0.3501558 0.025018657 -0.40221238 37 99 235
0.047162794 -0.054048002 -0.37878209 37 99 235
-0.27715921 -0.11319399 -0.030598877 37 99 235
-0.32115307 -0.23713987 0.56673509 37 99 235
-0.001470288 0.22377115 -0.32192063 37 99 235
0.3272264 0.034062196 0.59258032 37 99 235
0.23042761 -0.027901286 0.64664316 37 99 235
0.34734163 -0.038596943 -0.059319496 37 99 235
-0.32145 0.033047926 0.23960412 37 99 235
-0.30434114 -0.057393327 -0.041093007 37 99 235
0.22449853 -0.01756727 0.34036908 37 99 235
-0.021060746 -0.021363929 0.69871759 37 99 235
0.041410845 0.32408178 0.3103177 37 99 235
0.3112298 -0.2276732 0.35062644 37 99 235
-0.072198696 -0.057663765 -0.052852206 37 99 235
-0.3330265 0.011835869 -0.74884754 37 99 235
0.11519961 -0.05742665 -0.33441022 37 99 235
0.01347116 -0.057793938 -0.26620194 37 99 235
-0.031889733 -0.092681043 -0.68072075 37 99 235
0.35028049 -0.0012236239 -0.55228549 37 99 235
-0.26374507 -0.14598556 -0.79040754 37 99 235
0.24667385 -0.075970508 -0.4513244 37 99 235
-0.31876603 -0.1875501 0.34089643 37 99 235
-0.25030228 -0.18803118 -0.54411817 37 99 235
0.18885313 0.054190919 -0.61536962 37 99 235
-0.15086286 0.15374954 -0.59851617 37 99 235
-0.37587944 -0.14165255 0.085780688 37 99 235
0.28933343 0.032545727 -0.79201609 37 99 235
-0.34902722 -0.17850268 0.67412484 37 99 235
0.33345678 0.25838271 0.17257357 37 99 235
0.28910622 0.017216472 0.40647393 37 99 235
-0.17481278 0.30637574 -0.13254689 37 99 235
0.010938706 -0.16022766 -0.67002344 37 99 235
-0.20487787 0.099361598 -0.78477395 37 99 235
0.039966073 0.32013178 -0.18270122 37 99 235
0.31273794 -0.065599181 -0.29812557 37 99 235
-0.35393777 -0.14461043 -0.59442407 37 99 235
0.37092635 0.022688653 -0.68887508 37 99 235
-0.40172446 -0.14447764 -0.49446183 37 99 235
0.068132706 0.32803059 0.090857685 37 99 235
-0.33369532 0.059400398 -0.67487538 37 99 235
0.17187707 0.33182001 0.29672718 37 99 235
-0.33951211 0.020052712 0.019278465 37 99 235
0.028391108 0.11492399 -0.31386545 37 99 235
-0.28701156 -0.2026882 0.43387598 37 99 235
0.24380264 -0.30575341 -0.54078752 37 99 235
0.048989791 -0.11433116 0.019588623 37 99 235
0.15897267 -0.030157978 -0.76818907 37 99 235
-0.12190722 -0.057616696 0.0078213094 37 99 235
-0.28155282 0.32284147 0.092631675 37 99 235
0.018809829 0.32071674 -0.05939379 37 99 235
0.33657464 0.086431682 0.15645839 37 99 235
0.20115775 0.11039029 -0.36111861 37 99 235
0.25388587 0.31376681 0.20363802 37 99 235
-0.18237224 -0.13009866 -0.26822248 37 99 235
0.18480904 -0.034191351 -0.71939647 37 99 235
0.24990395 -0.26943257 0.63620663 37 99 235
0.31081644 -0.11301365 0.12796845 37 99 235
-0.11300305 -0.10984005 0.24838851 37 99 235
-0.21658404 -0.18782945 0.52045447 37 99 235
-0.23345514 -0.11964833 0.19283094 37 99 235
-0.33791 0.17849548 0.15191869 37 99 235
-0.30038202 -0.022280419 -0.13625224 37 99 235
-0.090967797 0.087201692 -0.50173128 37 99 235
-0.14434573 0.054140281 0.7118572 37 99 235
0.23985384 -0.19407816 -0.44521415 37 99 235
-0.21224597 -0.24097569 -0.709791 37 99 235
0.1565384 0.31326857 0.076676577 37 99 235
0.022389259 -0.11895296 -0.76843441 37 99 235
-0.20917338 -0.1908924 -0.63848799 37 99 235
-0.20227885 -0.14087762 -0.74432802 37 99 235
0.015004723 0.32177156 -0.27724195 37 99 235
-0.045553915 0.23480879 -0.33082971 37 99 235
-0.05004245 -0.052515801 0.59288627 37 99 235
-0.34910965 -0.051666114 0.27675819 37 99 235
0.19510865 -0.12243078 0.2774573 37 99 235
0.19317134 -0.023725679 -0.71646118 37 99 235
0.15901995 -0.097963609 0.30097058 37 99 235
-0.15848731 -0.076924749 -0.55385613 37 99 235
0.33996299 0.24294752 -0.18968599 37 99 235
0.24476707 -0.21466932 0.39364916 37 99 235
0.32221749 0.17627856 -0.27406818 37 99 235
0.21574105 0.07609681 -0.54086411 37 99 235
0.074950054 -0.12028698 -0.67759466 37 99 235
-0.25889546 -0.096252523 0.63022238 37 99 235
0.34440023 0.060336217 -0.0020411729 37 99 235
0.26432967 -0.12315389 0.61014795 37 99 235
0.21514876 -0.057829332 -0.25660756 37 99 235
0.16203047 0.052046999 -0.71221906 37 99 235
-0.24966928 -0.050067876 0.3082847 37 99 235
-0.14477564 0.039594535 -0.49598452 37 99 235
0.34071988 -0.2068775 -0.51205373 37 99 235
0.34446284 -0.042316351 0.10255423 37 99 235
0.12587591 -0.045596734 0.68846995 37 99 235
-0.31323111 -0.19854556 0.66237295 37 99 235
0.28737235 0.28567633 0.22677845 37 99 235
-0.31980261 -0.11740855 0.68518323 37 99 235
0.2039661 0.32938427 -0.012823039 37 99 235
0.3051784 -0.20771316 0.44453353 37 99 235
0.34197667 0.11137703 0.40662646 37 99 235
0.20000127 0.12047075 0.36249 37 99 235
0.31829062 -0.083473399 0.50153756 37 99 235
0.27066395 0.016000452 -0.48061854 37 99 235
0.27623644 0.12667817 0.72849888 37 99 235
0.16116776 0.042434402 0.62675124 37 99 235
0.15344661 -0.065756232 0.56030649 37 99 235
0.22719991 0.062924877 0.64859802 37 99 235
-0.29395956 -0.2098911 -0.45776656 37 99 235
0.30978307 -0.22080693 -0.54159158 37 99 235
0.22732651 -0.039391343 -0.43067542 37 99 235
0.36471072 0.043993127 -0.71904832 37 99 235
0.36711612 -0.1323127 -0.2070225 37 99 235
0.32325557 -0.071691051 0.26470792 37 99 235
-0.039961562 -0.05782048 -0.23692662 37 99 235
-0.31219229 -0.15272063 0.33105138 37 99 235
0.26370814 0.055953156 -0.69589728 37 99 235
0.33671001 0.1742627 0.14979953 37 99 235
0.25302145 -0.042922482 0.6701892 37 99 235
-0.25291687 -0.11327178 -0.10228199 37 99 235
0.09899462 -0.059423734 0.51826477 37 99 235
0.24189834 -0.048019409 -0.69344449 37 99 235
0.18929622 0.089259632 -0.46043718 37 99 235
0.076952912 -0.020966848 -0.79751241 37 99 235
-0.34121725 0.030666457 -0.70104712 37 99 235
-0.2773481 0.015564731 0.44836339 37 99 235
-0.27772039 -0.11396805 -0.79341412 37 99 235
0.30998161 -0.075162277 0.50057071 37 99 235
-0.34935194 -0.18453208 0.46716943 37 99 235
-0.12045532 0.30915582 0.13726139 37 99 235
0.37241891 -0.12304682 -0.77785456 37 99 235
0.27185223 -0.11000218 -0.39637318 37 99 235
0.07698144 0.031566285 -0.75060129 37 99 235
0.085514404 0.10116069 0.36249 37 99 235
0.095277712 -0.016654558 -0.65358949 37 99 235
0.36384371 -0.26595646 -0.6056456 37 99 235
-0.15294391 0.13159485 -0.32250488 37 99 235
0.017764162 0.31956795 -0.026406951 37 99 235
0.34898999 0.22432567 0.32228836 37 99 235
-0.035154596 0.12984549 -0.72128123 37 99 235
0.33388263 -0.016612081 -0.51293117 37 99 235
-0.20225695 -0.079709738 -0.65199548 37 99 235
-0.17213544 0.063762657 -0.70304483 37 99 235
0.23725504 -0.20663312 -0.54167998 37 99 235
-0.337944 -0.21489047 0.55731112 37 99 235
-0.16421983 -0.027431492 -0.57292479 37 99 235
-0.28614834 -0.05755483 0.77768296 37 99 235
-0.29234651 -0.23777035 -0.69663268 37 99 235
0.20797785 -0.10233899 0.42073119 37 99 235
-0.041455634 0.0032745043 -0.39052632 37 99 235
0.081951439 0.13075434 -0.74211985 37 99 235
0.046750717 -0.11722216 -0.013858029 37 99 235
0.054965295 -0.02659619 -0.31386119 37 99 235
0.063363954 -0.055085901 -0.47429869 37 99 235
-0.32007924 0.038682945 -0.32303101 37 99 235
-0.33240971 0.055892866 -0.15482871 37 99 235
0.33237743 -0.038419638 0.7537154 37 99 235
0.04565639 -0.031184152 -0.40113223 37 99 235
0.11560357 -0.051275939 -0.44388208 37 99 235
-0.2015394 0.076989204 0.70916957 37 99 235
-0.25015196 -0.25820339 -0.61544335 37 99 235
-0.26874053 -0.20430258 -0.54129058 37 99 235
0.12943758 0.10483054 -0.47725898 37 99 235
0.18113899 0.33143267 0.11893837 37 99 235
-0.35015354 -0.041212097 -0.31357712 37 99 235
0.35985136 -0.20935862 0.56605959 37 99 235
0.081945851 -0.034197606 0.73303664 37 99 235
0.15918195 -0.01084439 -0.65302992 37 99 235
0.30039746 0.18604387 -0.36454296 37 99 235
-0.24116591 -0.15016729 0.59130293 37 99 235
-0.32583708 -0.013223799 -0.32455382 37 99 235
-0.35923082 0.037063703 0.43853146 37 99 235
-0.33930749 0.16530313 0.38542381 37 99 235
0.23672265 0.32294512 -0.23684898 37 99 235
-0.38584045 -0.17253844 -0.54803044 37 99 235
-0.23943666 0.13801627 -0.61009073 37 99 235
0.15179336 -0.057445649 0.19864295 37 99 235
-0.044379756 0.10297501 -0.45917085 37 99 235
0.29255223 -0.10055801 -0.79282004 37 99 235
-0.2260613 0.02120835 0.46749374 37 99 235
-0.11499055 -0.057717789 -0.12018018 37 99 235
-0.34421656 -0.069075115 0.6256271 37 99 235
-0.27217469 0.11752283 0.70818835 37 99 235
0.3375105 -0.02920755 0.040128715 37 99 235
0.26582962 -0.033402521 0.26543149 37 99 235
0.38549036 0.20144717 -0.24520618 37 99 235
-0.25193134 -0.006011988 -0.65872276 37 99 235
-0.21440783 -0.18103607 0.51805824 37 99 235
0.3908672 -0.13352594 -0.17471248 37 99 235
0.034145642 -0.057791259 -0.20999566 37 99 235
0.25342104 -0.14329146 0.52534485 37 99 235
-0.22797731 -0.0038456693 0.67291504 37 99 235
-0.22792894 -0.12247904 -0.48696259 37 99 235
-0.0015623117 -0.097926311 -0.69840211 37 99 235
0.28461125 -0.20475817 -0.69669253 37 99 235
0.2829046 -0.057454281 0.19418186 37 99 235
0.18765883 -0.050044443 -0.66172326 37 99 235
-0.22472662 -0.038327977 -0.72684294 37 99 235
-0.35239229 -0.12824205 0.096934296 37 99 235
-0.17060781 -0.11939822 -0.37486741 37 99 235
-0.074541233 -0.10061564 -0.59800768 37 99 235
0.22353697 -0.13464998 0.16479966 37 99 235
-0.13964717 0.14568059 -0.58070499 37 99 235
-0.19702141 -0.036298912 0.314522 37 99 235
-0.054835532 -0.032359309 0.75743639 37 99 235
0.1170604 0.028240001 0.45698968 37 99 235
0.24556763 -0.057583209 0.04029363 37 99 235
0.31136796 0.31245774 -0.31606495 37 99 235
0.28782949 0.26884985 0.13661332 37 99 235
0.034736723 -0.079779193 0.31716624 37 99 235
0.29424804 0.15258029 0.36811182 37 99 235
-0.21460165 -0.0049971938 -0.66821253 37 99 235
0.33422095 0.11952791 0.36431754 37 99 235
0.040732879 -0.032817774 -0.70651299 37 99 235
-0.11366592 0.14964899 -0.61770171 37 99 235
0.32665548 0.067041688 0.73440105 37 99 235
-0.10204773 0.10719641 -0.57403785 37 99 235
0.06970761 -0.047313794 0.70556986 37 99 235
-0.28675112 -0.11291436 0.21141602 37 99 235
-0.044969875 0.0095335981 -0.31385162 37 99 235
-0.3159641 0.094971873 0.50910491 37 99 235
0.27691555 0.028985852 0.49909657 37 99 235
0.35429808 -0.12029802 0.51304168 37 99 235
-0.05034332 -0.068281963 -0.53059554 37 99 235
-0.19991994 -0.13347046 -0.24818185 37 99 235
-0.31432706 -0.029720729 0.26164985 37 99 235
-0.15978938 0.14708258 -0.62696713 37 99 235
0.16009003 0.044075776 -0.71432048 37 99 235
0.042033833 -0.026134722 -0.50834537 37 99 235
-0.31851321 0.17985326 0.30735996 37 99 235
0.2923843 0.079175785 0.6455484 37 99 235
-0.1607566 0.16410944 -0.35405266 37 99 235
-0.26612157 -0.10863992 0.27090016 37 99 235
-0.31185669 0.0290376 0.49948296 37 99 235
0.079333358 0.32178941 -0.24820118 37 99 235
0.25535014 -0.22871889 -0.57674688 37 99 235
0.15386201 0.29652601 0.36168751 37 99 235
0.050925862 0.32082474 0.083821319 37 99 235
0.36461955 -0.18737534 0.38413313 37 99 235
-0.21905155 -0.26599887 -0.68699044 37 99 235
0.24350916 -0.26269025 -0.62886304 37 99 235
-0.32113674 0.030645873 0.3681578 37 99 235
-0.35333687 -0.076783583 0.30181646 37 99 235
-0.35892415 -0.30029964 -0.65507776 37 99 235
0.056449838 -0.11327807 0.2318224 37 99 235
0.24932107 -0.08205539 0.70115715 37 99 235
-0.35700125 -0.025139924 0.34028587 37 99 235
0.27169037 -0.11659487 0.1392967 37 99 235
-0.24181138 0.19015896 -0.36602256 37 99 235
0.25499293 0.03834011 -0.65760934 37 99 235
0.32886499 -0.24093246 0.66558456 37 99 235
0.29535612 -0.17330126 0.39861012 37 99 235
0.2503342 0.32289436 -0.25988734 37 99 235
-0.16811275 -0.01385629 -0.67895651 37 99 235
0.36253852 -0.2372739 0.54241508 37 99 235
0.054571383 -0.0598418 0.76717943 37 99 235
-0.044532936 -0.11341378 -0.069170184 37 99 235
0.26315686 -0.11312497 0.021074234 37 99 235
-0.13328877 0.029707642 -0.3823719 37 99 235
0.34254524 -0.0049640043 -0.038929425 37 99 235
0.33270121 0.05249162 -0.15042278 37 99 235
-0.31911284 -0.22435971 -0.49158457 37 99 235
-0.2951926 0.091166496 0.6696468 37 99 235
0.34565228 -0.12890182 -0.59546214 37 99 235
0.16335221 -0.059425864 -0.72151113 37 99 235
-0.33580872 0.15170638 -0.4361254 37 99 235
-0.10619354 -0.058191642 0.76386446 37 99 235
-0.35019001 0.11186127 0.64044333 37 99 235
0.27570781 0.30135351 0.15186131 37 99 235
-0.35067838 0.095995799 0.37553331 37 99 235
-0.33057845 0.30889478 -0.12727115 37 99 235
0.30585083 0.17869148 -0.36791879 37 99 235
0.16613635 0.15750207 -0.39355394 37 99 235
0.32220125 0.040292643 0.19650589 37 99 235
0.19156572 0.11430518 -0.49826398 37 99 235
-0.10820369 0.048504375 -0.58494347 37 99 235
-0.33065546 0.16871876 0.30498552 37 99 235
-0.093037397 0.069356024 0.64916539 37 99 235
-0.34477073 0.11147136 -0.50157613 37 99 235
0.33662075 -0.038722917 -0.14834258 37 99 235
0.3545942 -0.13023147 -0.78114951 37 99 235
-0.19918036 -0.10542339 0.39592409 37 99 235
0.040455099 -0.15448719 -0.5618273 37 99 235
0.26371706 -0.20571087 -0.44601616 37 99 235
0.20496961 0.098529942 -0.35087669 37 99 235
0.26253098 0.1307556 -0.65590334 37 99 235
-0.11206648 -0.057584573 0.046597306 37 99 235
0.014285645 0.33182001 -0.058769729 37 99 235
-0.15626064 0.30126455 -0.16363253 37 99 235
0.36405322 -0.2334522 0.41571078 37 99 235
-0.071928002 0.071388379 -0.561436 37 99 235
0.19301456 0.024985347 0.70398593 37 99 235
0.33521676 0.177127 -0.15283464 37 99 235
0.056933582 0.33182001 -0.09174639 37 99 235
-0.3567999 -0.16113384 -0.58183426 37 99 235
-0.35306162 -0.04100224 -0.69280851 37 99 235
0.32828224 0.038560033 0.25881916 37 99 235
-0.37805039 -0.12516463 0.044453405 37 99 235
0.27869299 -0.30939782 -0.54338604 37 99 235
0.39072028 -0.095911458 -0.71875423 37 99 235
0.14463544 0.041609962 -0.77878237 37 99 235
0.043743689 -0.11286044 0.25366142 37 99 235
-0.13721079 -0.057469308 0.16481696 37 99 235
-0.073891841 -0.057764322 -0.17689136 37 99 235
0.35219821 -0.2278381 -0.57585031 37 99 235
0.37942785 -0.17054839 -0.77146918 37 99 235
-0.26594314 0.0031019866 -0.50381666 37 99 235
-0.22148865 -0.21448295 -0.68610799 37 99 235
0.14927635 0.32326907 0.21520221 37 99 235
0.33831224 0.12424543 0.66436231 37 99 235
0.25038317 0.14071175 0.35937914 37 99 235
0.28761524 0.32218289 -0.18885893 37 99 235
0.34921709 0.0094100377 -0.77863455 37 99 235
-0.14201033 0.032210432 0.37321788 37 99 235
0.13244639 -0.0033371069 -0.69476628 37 99 235
-0.25120535 -0.064945847 -0.37637749 37 99 235
0.0201298 -0.039580621 0.3361589 37 99 235
0.33535475 0.28442675 0.26265636 37 99 235
-0.11435892 -0.034105774 -0.32498014 37 99 235
0.21459536 -0.12841733 -0.3521024 37 99 235
-0.34132361 -0.033545271 -0.71878177 37 99 235
0.19176534 -0.057419956 0.22881585 37 99 235
0.17192197 -0.026281063 -0.38810062 37 99 235
-0.27268627 0.023887085 -0.68149412 37 99 235
-0.19493562 0.087304249 -0.79141152 37 99 235
0.3622396 -0.012262125 0.54793739 37 99 235
0.055193096 0.33182001 -0.12517582 37 99 235
-0.32145 0.12469083 -0.10150801 37 99 235
-0.30383837 0.23285691 0.29045045 37 99 235
-0.079865225 0.094380721 -0.66550821 37 99 235
-0.016712751 -0.081380852 -0.55849349 37 99 235
-0.34275019 -0.059417903 0.52702296 37 99 235
-0.10877393 -0.11285866 0.23230024 37 99 235
-0.30253097 -0.045386855 0.38374123 37 99 235
0.033558607 0.086812221 0.73304999 37 99 235
-0.30359018 -0.065955132 0.51720232 37 99 235
-0.089211442 -0.075545825 -0.78559721 37 99 235
0.07307741 -0.11738531 0.45746195 37 99 235
0.01157477 -0.11451396 -0.26744109 37 99 235
0.036739826 -0.039870292 -0.59668493 37 99 235
0.23600653 0.074893363 0.52381814 37 99 235
-0.04424464 -0.07445994 -0.78654188 37 99 235
-0.3494035 -0.24108069 0.655994 37 99 235
-0.18602556 -0.10657372 0.23190287 37 99 235
-0.022381209 0.28285238 -0.32796931 37 99 235
-0.32786068 -0.28129616 -0.73273933 37 99 235
0.098218329 -0.057522621 0.11186787 37 99 235
0.21495347 0.011480385 0.47571254 37 99 235
0.22500348 0.31256509 0.11901747 37 99 235
0.080148637 0.097845629 0.71641552 37 99 235
-0.27052495 -0.021202391 0.53093159 37 99 235
0.19149661 0.31884968 0.11095583 37 99 235
-0.0031989268 0.0013185821 0.36216819 37 99 235
-0.26128134 -0.044218369 0.32105181 37 99 235
-0.32561523 0.25501886 0.18385041 37 99 235
-0.15253836 -0.085708417 -0.61483991 37 99 235
-0.27087837 -0.094757304 -0.36582127 37 99 235
0.13796812 0.028240001 0.54637259 37 99 235
-0.29875454 0.32089496 0.0093903393 37 99 235
-0.37351122 -0.059016149 -0.44761923 37 99 235
0.36238843 -0.05635424 0.49104342 37 99 235
-0.014645911 0.29954472 0.10398664 37 99 235
0.26102197 0.11657246 -0.67216986 37 99 235
-0.10879703 -0.057377007 0.27560192 37 99 235
0.23269482 0.12125285 0.39375475 37 99 235
-0.34191254 -0.0034427834 -0.043423183 37 99 235
0.3942425 -0.18957672 -0.71559978 37 99 235
-0.31467879 0.091816902 0.72595638 37 99 235
-0.041846924 -0.024762264 0.79218334 37 99 235
-0.1508145 0.11487388 0.67461205 37 99 235
0.31304404 0.25987002 0.23763022 37 99 235
0.26966748 -0.080088906 -0.72183365 37 99 235
-0.18194391 -0.088043921 -0.5686956 37 99 235
0.26342818 -0.12691338 -0.34941894 37 99 235
-0.26625353 0.062020343 0.73331451 37 99 235
-0.19949949 -0.057605624 0.0051245517 37 99 235
0.19168471 0.3071726 -0.13840303 37 99 235
-0.093482286 -0.10362509 0.27157596 37 99 235
0.14731312 0.1277405 -0.31076553 37 99 235
-0.35412523 -0.1072539 0.13441059 37 99 235
-0.33516532 0.24827057 -0.33121437 37 99 235
0.22028367 0.074144684 -0.49658754 37 99 235
-0.35354811 0.024401389 0.64724278 37 99 235
-0.3117573 -0.11317558 -0.015179371 37 99 235
0.20120052 -0.12922424 -0.044428945 37 99 235
-0.0090919556 -0.11653721 -0.059159111 37 99 235
-0.21311577 0.073198088 0.62051105 37 99 235
0.24872021 0.31971088 -0.30518112 37 99 235
-0.22587064 -0.090473056 0.12404182 37 99 235
-0.09059646 0.016731596 -0.50923002 37 99 235
0.029288404 -0.12106241 -0.22294907 37 99 235
0.19631812 0.07348147 -0.31113127 37 99 235
-0.31341922 -0.11309747 0.013314126 37 99 235
-0.16149375 0.3237482 -0.084796816 37 99 235
-0.33321163 -0.029329468 0.7919721 37 99 235
-0.025888363 0.062544659 -0.79082721 37 99 235
-0.3400676 0.22858573 0.13365303 37 99 235
-0.18908009 -0.059102159 -0.091114148 37 99 235
0.1264383 0.013931648 -0.31885612 37 99 235
-0.35019001 0.26293421 -0.025103474 37 99 235
-0.1242291 0.087194234 -0.7207039 37 99 235
0.35948229 -0.1214079 0.43659386 37 99 235
0.22896554 0.33064666 -0.05858817 37 99 235
0.28827614 -0.1118156 -0.36706933 37 99 235
-0.33970937 0.22950077 0.15040088 37 99 235
-0.34724921 0.049547147 -0.781699 37 99 235
-0.33781326 -0.12136842 -0.66626787 37 99 235
-0.27023992 0.21472003 0.31917855 37 99 235
0.10175432 0.034656059 0.65348583 37 99 235
-0.16852582 -0.05767978 -0.07261993 37 99 235
0.34496221 0.089324042 0.56160909 37 99 235
0.19362718 0.31871599 0.0056034029 37 99 235
0.077011436 0.31334877 -0.23043941 37 99 235
-0.28219292 -0.099601828 0.59635222 37 99 235
0.29678261 -0.22339313 -0.4421972 37 99 235
0.20308736 0.32791713 -0.023636281 37 99 235
0.26417056 -0.11922907 0.3381992 37 99 235
0.066736124 0.15680575 -0.42777264 37 99 235
-0.0013369583 -0.10218455 -0.58685786 37 99 235
-0.228655 0.22230947 0.35105327 37 99 235
-0.1100128 -0.053028889 0.71848321 37 99 235
-0.34460986 0.13783625 -0.39449373 37 99 235
-0.19131179 0.050862689 -0.48055214 37 99 235
-0.34688222 0.10669449 -0.25665081 37 99 235
-0.090670332 0.32418972 0.076432772 37 99 235
0.24870904 0.26276994 -0.3188872 37 99 235
0.048569761 -0.11303881 0.095945098 37 99 235
-0.35292274 0.089251876 -0.596322 37 99 235
-0.20301035 0.091443144 -0.41146567 37 99 235
0.3396084 -0.10134176 -0.60153127 37 99 235
-0.30844399 0.050672494 0.72377104 37 99 235
-0.25498742 -0.13041914 0.34206423 37 99 235
0.354725 0.041929163 0.47923189 37 99 235
-0.25554937 0.13489923 -0.30162105 37 99 235
0.033184353 -0.05748402 0.15750121 37 99 235
0.34657329 -0.046912428 -0.33932716 37 99 235
0.35650831 -0.25775856 0.49175256 37 99 235
-0.0042864578 0.29472968 0.19045889 37 99 235
-0.12527788 0.0044944291 -0.621777 37 99 235
0.2352469 -0.28447255 0.46843344 37 99 235
-0.21911141 -0.22508764 -0.68113399 37 99 235
0.24544737 -0.092064731 0.66181099 37 99 235
-0.37295926 0.021589689 -0.56743383 37 99 235
-0.30332479 -0.053509723 -0.79831582 37 99 235
0.3052929 0.19699298 -0.26567295 37 99 235
0.30418637 -0.10861657 -0.79327279 37 99 235
0.36072776 -0.11087527 0.43326354 37 99 235
-0.29257005 0.0666731 0.40351543 37 99 235
0.23793608 0.074018948 0.5775854 37 99 235
0.13849823 0.026538292 0.58820838 37 99 235
-0.18151398 0.28881758 0.35760012 37 99 235
-0.35011411 -0.021711932 0.2685636 37 99 235
-0.30007154 -0.21102062 0.67651582 37 99 235
0.35767838 -0.16641629 0.33128214 37 99 235
0.12510429 -0.11342794 -0.24182439 37 99 235
0.25724202 0.045460805 0.36372533 37 99 235
0.34790787 0.15906063 0.36380631 37 99 235
0.34767738 0.056589056 -0.55429476 37 99 235
0.14081208 0.11903868 0.71567369 37 99 235
0.007047148 0.11525837 -0.34533393 37 99 235
-0.057628859 -0.057455592 0.17692997 37 99 235
0.028489225 -0.072013989 -0.39618474 37 99 235
-0.33705878 0.17554949 -0.13154267 37 99 235
-0.11883642 -0.013430875 -0.79575753 37 99 235
0.23204218 0.30681863 0.29328898 37 99 235
0.27706191 0.30802599 -0.3139101 37 99 235
-0.12839432 -0.01066642 -0.3368977 37 99 235
0.23015612 -0.24465689 -0.59670323 37 99 235
-0.29627538 0.26393586 0.064128481 37 99 235
0.21763819 0.11101249 -0.30475655 37 99 235
0.12408688 -0.073435962 -0.51114267 37 99 235
-0.00031491322 0.30945623 0.014118875 37 99 235
0.32993019 -0.12035356 0.52318984 37 99 235
0.0034114996 -0.078476839 0.31721511 37 99 235
0.090912871 -0.11308 0.062790185 37 99 235
0.30498785 0.011052646 0.25930196 37 99 235
0.25040564 -0.028063416 -0.52647686 37 99 235
-0.22292827 0.14784786 -0.42221147 37 99 235
-0.035378613 -0.067335807 0.73626655 37 99 235
-0.33791 0.18908645 -0.17715117 37 99 235
-0.051765919 -0.11342671 -0.24498664 37 99 235
0.21157254 -0.1904664 -0.52067214 37 99 235
-0.062725917 0.049815524 -0.42785108 37 99 235
0.31467885 -0.22695658 -0.70974576 37 99 235
-0.39359564 -0.22926946 -0.54107863 37 99 235
-0.2405705 -0.022762947 0.49855036 37 99 235
-0.28145823 -0.11346259 -0.27291629 37 99 235
0.33758286 -0.054163013 -0.18099931 37 99 235
0.33782294 0.095014639 -0.044408575 37 99 235
-0.34802377 0.092090741 -0.44570369 37 99 235
-0.37280402 -0.3069025 -0.59753764 37 99 235
-0.27345318 0.1871514 0.33445489 37 99 235
-0.1493973 0.16596968 -0.38665175 37 99 235
0.11778611 -0.042992104 -0.78373432 37 99 235
0.30844718 -0.035425477 0.72957379 37 99 235
-0.35776222 0.0069549549 0.69417799 37 99 235
-0.17556967 -0.12474968 0.01678537 37 99 235
-0.24118514 -0.19268684 0.66011804 37 99 235
-0.21409498 -0.10047057 0.21961269 37 99 235
0.33993706 0.1253233 0.72899067 37 99 235
0.1601142 0.32781291 -0.17266637 37 99 235
0.10161677 0.11353815 -0.49875551 37 99 235
0.28597203 -0.17392962 0.68829679 37 99 235
0.30066079 -0.29049155 0.49410167 37 99 235
0.23704819 0.038603131 0.55344808 37 99 235
0.16365747 0.33182001 -0.016743982 37 99 235
0.11669665 0.045831654 -0.71689713 37 99 235
0.20001593 -0.026511371 0.33456883 37 99 235
-0.00098977075 -0.057457738 0.1893955 37 99 235
-0.17569561 0.29844952 -0.27690732 37 99 235
0.15001152 0.10662583 -0.79262215 37 99 235
0.16611131 0.00096806098 -0.66316622 37 99 235
0.1805477 -0.06361568 0.58281559 37 99 235
-0.15648106 -0.12230433 -0.069405079 37 99 235
0.21589664 -0.038966134 0.62443781 37 99 235
-0.082542427 0.029264746 0.38789597 37 99 235
-0.017364791 0.028240001 0.60444868 37 99 235
-0.065209433 -0.14061795 0.50454485 37 99 235
-0.17442498 0.06808944 -0.45200059 37 99 235
0.34941688 0.1350439 0.36161608 37 99 235
-0.39706105 -0.12812692 -0.26966885 37 99 235
-0.3717981 -0.018404001 0.5740782 37 99 235
-0.3710784 -0.27367184 0.45439404 37 99 235
0.036938958 0.024905905 -0.54648697 37 99 235
-0.26597777 0.10431373 0.38155913 37 99 235
-0.3329269 0.30837256 -0.10914531 37 99 235
0.23864704 0.050943974 -0.70171452 37 99 235
-0.10412592 0.092742182 -0.53889185 37 99 235
0.25567544 -0.038672104 -0.55947238 37 99 235
0.32025 0.034144547 0.10160072 37 99 235
-0.35227609 -0.015105669 0.43890953 37 99 235
-0.1463006 -0.018112583 -0.71123773 37 99 235
-0.1242217 -0.15850836 -0.67085832 37 99 235
0.0043601803 0.33182001 -0.087309137 37 99 235
0.061363202 -0.078410931 0.53586513 37 99 235
0.19546196 -0.057537053 0.089652479 37 99 235
-0.013112792 0.30848876 -0.0068515572 37 99 235
0.023718646 0.028240001 0.49050528 37 99 235
-0.053533349 0.14271003 -0.39951402 37 99 235
-0.32427844 -0.20722193 0.34598324 37 99 235
-0.21076137 -0.087521672 0.37346953 37 99 235
0.088956185 -0.05783749 -0.26737359 37 99 235
0.22831354 0.10682279 -0.36192054 37 99 235
0.30234396 0.052018881 0.59459364 37 99 235
-0.19979052 -0.14464155 -0.44763249 37 99 235
0.29531541 0.30990389 -0.089954846 37 99 235
-0.027192287 -0.12072913 -0.69427937 37 99 235
0.16432571 0.14306501 -0.55523515 37 99 235
0.094383836 -0.055185214 0.60137165 37 99 235
0.23874658 0.14625323 0.36977631 37 99 235
0.27890167 -0.24508652 -0.46003756 37 99 235
0.34899607 0.22807826 -0.27283421 37 99 235
-0.031733315 0.058126323 -0.69366312 37 99 235
-0.0073556216 -0.12155554 0.14692937 37 99 235
0.048757683 -0.0058812434 0.74523085 37 99 235
0.069289453 0.13630281 -0.70233369 37 99 235
0.30986553 0.26679987 -0.27930984 37 99 235
0.17271273 0.0077155153 0.5219022 37 99 235
-0.36113155 -0.011797556 0.4869647 37 99 235
0.11833075 -0.11336851 -0.18883674 37 99 235
-0.23876655 -0.24884318 0.4434703 37 99 235
-0.28371614 0.28566068 0.018896915 37 99 235
-0.25482699 0.13671391 -0.61404687 37 99 235
0.027810147 0.30417314 -0.21111895 37 99 235
0.070831679 -0.057581656 0.043737784 37 99 235
0.1112556 0.16464818 -0.39408794 37 99 235
-0.24389185 -0.057602592 0.016709056 37 99 235
-0.24424709 -0.12396714 -0.78628308 37 99 235
-0.056663238 -0.051688146 -0.42205879 37 99 235
-0.22828674 -0.19020675 0.40369245 37 99 235
0.29837406 -0.1346413 -0.8020854 37 99 235
0.32504562 0.058895178 0.18556912 37 99 235
-0.32851979 -0.072931461 -0.42948449 37 99 235
-0.0041192081 -0.11992883 0.3036747 37 99 235
-0.23017047 0.085546933 0.41168022 37 99 235
0.26043564 0.074927039 0.65277821 37 99 235
-0.03733547 -0.11455455 0.044242743 37 99 235
-0.23158866 -0.17994635 0.47651812 37 99 235
-0.27572805 -0.032382034 0.52545416 37 99 235
-0.1186438 0.33108702 0.23138553 37 99 235
-0.031062977 -0.0641018 -0.74968952 37 99 235
-0.24342693 -0.25136781 0.63736272 37 99 235
-0.076725706 0.042999275 -0.75471681 37 99 235
-0.35019001 0.09531568 0.43847418 37 99 235
0.10875878 -0.047077011 -0.4456715 37 99 235
-0.038177803 -0.058686487 0.46126047 37 99 235
-0.087309711 0.079483271 -0.48388892 37 99 235
0.096422777 -0.055375002 0.44235927 37 99 235
0.34507895 0.27994829 0.37196636 37 99 235
-0.06534116 0.32692546 -0.057703521 37 99 235
0.11574733 0.15241809 -0.53747922 37 99 235
-0.044491883 0.070794195 -0.44223571 37 99 235
0.33359313 -0.15101606 -0.50640041 37 99 235
0.12568986 0.33182001 -0.036067575 37 99 235
0.23707424 -0.28487375 -0.61805552 37 99 235
-0.29181498 0.29842687 0.11802977 37 99 235
0.14346327 -0.057003763 -0.33015952 37 99 235
0.2595917 -0.03483725 0.36230007 37 99 235
-0.066613004 -0.099012472 -0.54903173 37 99 235
0.010629127 0.15865865 -0.38064787 37 99 235
0.20716989 0.0057868869 -0.46166095 37 99 235
-0.071448356 0.010529501 -0.79005492 37 99 235
0.16213492 0.33125004 0.32594979 37 99 235
0.33273938 -0.021687521 -0.32617244 37 99 235
-0.2946476 0.0035710132 0.58326989 37 99 235
-0.33648354 -0.13829187 -0.76107734 37 99 235
-0.18128322 0.12842992 -0.48612967 37 99 235
0.28921312 0.12235129 -0.74660969 37 99 235
0.15658823 0.12095061 -0.63922358 37 99 235
-0.35961053 -0.20726506 -0.62303519 37 99 235
-0.30872384 0.3118614 -0.18622884 37 99 235
-0.27742404 0.31004268 0.092429511 37 99 235
-0.26989952 0.32273638 0.070048377 37 99 235
-0.33689287 -0.077174939 -0.58067876 37 99 235
0.021729108 -0.02800579 -0.53722358 37 99 235
-0.068046749 -0.11317011 -0.018296288 37 99 235
0.11540369 0.32426256 0.042649277 37 99 235
0.22789326 0.063449115 0.62744677 37 99 235
-0.11976708 -0.025847679 -0.35524023 37 99 235
-0.2394913 -0.040608484 -0.34389195 37 99 235
0.25489587 0.071787357 0.59859955 37 99 235
-0.061195608 0.16134752 -0.42679378 37 99 235
-0.2438499 0.32279941 0.21170427 37 99 235
0.16349353 0.058275044 0.6104241 37 99 235
0.20302479 -0.0081480257 0.44696879 37 99 235
0.25441715 -0.31287721 0.57173175 37 99 235
-0.39222869 -0.13557093 -0.053249314 37 99 235
0.15085372 -0.11632929 -0.32424393 37 99 235
-0.34734133 0.1636474 -0.3137106 37 99 235
-0.12847012 0.10462651 0.36245844 37 99 235
0.30275178 -0.083022788 -0.28078553 37 99 235
-0.20845306 -0.1354893 -0.25565523 37 99 235
-0.22541501 -0.043073796 -0.33844545 37 99 235
-0.29545882 0.2721101 0.33628377 37 99 235
0.24388857 -0.21858224 -0.56011736 37 99 235
-0.32565635 0.15101695 -0.45284551 37 99 235
-0.34020227 0.24383079 -0.308516 37 99 235
0.34299195 0.09881302 -0.75464308 37 99 235
-0.076085858 0.066290565 0.65373588 37 99 235
-0.32466859 -0.021664849 -0.13795233 37 99 235
-0.090558752 0.07812795 -0.61650062 37 99 235
0.29520562 -0.15738738 0.68889558 37 99 235
0.010021266 -0.020521009 0.7950995 37 99 235
0.027392102 -0.059182614 -0.059671193 37 99 235
0.020538155 -0.057474915 0.1698194 37 99 235
0.32989204 0.090358742 0.29460365 37 99 235
0.36139214 -0.20568447 0.41864619 37 99 235
0.23962051 0.29671961 -0.27801496 37 99 235
0.02939073 0.29611591 0.23050307 37 99 235
0.23907141 -0.10330324 0.61825991 37 99 235
0.24134608 -0.0027784444 -0.48632109 37 99 235
0.24145009 -0.059217647 0.42459914 37 99 235
-0.31720334 -0.038848549 0.28093016 37 99 235
0.30315214 0.29380816 -0.26611707 37 99 235
-0.32655942 0.082819521 0.45324293 37 99 235
-0.11784569 0.31231165 0.026843503 37 99 235
-0.10334291 -0.032184534 -0.31147513 37 99 235
0.35893586 -0.055490386 0.52336192 37 99 235
0.32531735 -0.056243554 0.062552914 37 99 235
0.37697718 -0.092194431 -0.6827181 37 99 235
0.23882264 0.058137286 -0.46976352 37 99 235
0.20020938 -0.0082325442 0.39657855 37 99 235
-0.30734795 0.12327 -0.6732381 37 99 235
-0.36721289 0.001803067 -0.59191191 37 99 235
-0.21076117 0.15735234 -0.36204168 37 99 235
0.30956966 -0.18377267 0.33380806 37 99 235
-0.14278346 0.32205296 -0.29822376 37 99 235
-0.098808877 0.32867131 -0.10712849 37 99 235
-0.16216274 -0.041451953 0.31864151 37 99 235
0.3457225 -0.058677368 0.043872297 37 99 235
0.30983672 0.19496603 -0.25795045 37 99 235
0.21861148 0.29678917 -0.32891369 37 99 235
-0.24255283 -0.13791759 -0.70769495 37 99 235
-0.10359409 0.32698348 -0.18847676 37 99 235
0.26491898 -0.057481829 0.15169089 37 99 235
-0.31975114 -0.048101772 -0.11293356 37 99 235
0.28509879 -0.057570431 0.045246109 37 99 235
-0.19885504 -0.13398781 -0.40500391 37 99 235
-0.35025164 -0.0069759097 -0.3756946 37 99 235
0.043684971 0.32408521 -0.13228329 37 99 235
0.015929259 -0.11681843 -0.05020595 37 99 235
0.04994297 0.27837545 -0.33551544 37 99 235
0.018836049 -0.057835583 -0.13832931 37 99 235
-0.18923265 -0.063233189 -0.70480978 37 99 235
-0.071778096 0.083501883 -0.34718508 37 99 235
-0.23396903 -0.2091815 0.39167619 37 99 235
-0.22241305 0.32182315 -0.018548381 37 99 235
0.13964938 0.08732383 -0.65489775 37 99 235
0.33554569 -0.1688215 -0.5083006 37 99 235
-0.016326295 -0.11333693 -0.13531567 37 99 235
-0.063137874 -0.025755094 0.75772369 37 99 235
0.33964106 -0.11735092 0.53781784 37 99 235
0.34003499 -0.25540513 0.37274662 37 99 235
-0.35171214 -0.065835536 0.30306906 37 99 235
0.28763202 -0.11336968 -0.19036788 37 99 235
-0.34731877 0.1454321 0.3422744 37 99 235
-0.31698981 0.24684627 0.24332726 37 99 235
0.10842899 0.028240001 0.56625116 37 99 235
-0.042933509 0.13235255 -0.70103556 37 99 235
0.27301982 0.12893094 -0.61833113 37 99 235
0.15233804 0.0085811783 -0.49389875 37 99 235
0.20995992 0.062830232 0.65040743 37 99 235
-0.24946423 -0.059074242 -0.37929106 37 99 235
0.20111009 0.32111487 -0.22181633 37 99 235
0.060607575 0.018632015 -0.5630095 37 99 235
0.057964072 -0.011060577 -0.51258188 37 99 235
-0.23980808 0.12229896 -0.77261853 37 99 235
-0.31306005 0.116755 -0.68572581 37 99 235
0.36007509 -0.12423556 0.3909868 37 99 235
-0.23256363 -0.16038203 -0.46817377 37 99 235
-0.34188473 0.26651028 -0.10974697 37 99 235
0.012436708 0.070894413 -0.47774512 37 99 235
-0.31947312 0.096699126 -0.36167863 37 99 235
0.063319661 0.33182001 -0.082867607 37 99 235
-0.047360279 -0.11349842 -0.30639341 37 99 235
0.2675598 -0.14276727 0.606507 37 99 235
-0.22053184 -0.12320146 -0.05269479 37 99 235
-0.23796062 -0.26597911 0.48872679 37 99 235
0.33081192 0.17264938 0.32268286 37 99 235
0.30573189 0.21050355 -0.27919793 37 99 235
0.31264067 -0.21525197 0.57124192 37 99 235
-0.34253976 -0.10529849 -0.47567081 37 99 235
0.017422203 -0.065192848 0.6731292 37 99 235
-0.33810887 0.086677425 0.48837143 37 99 235
0.060933873 -0.0056821355 -0.51207519 37 99 235
0.16851719 0.032598075 -0.41724154 37 99 235
0.10856764 -0.084514737 -0.7773813 37 99 235
-0.32210746 -0.11334519 -0.16880144 37 99 235
0.046568949 0.090661429 -0.38490689 37 99 235
-0.30893335 -0.11319257 -0.057286285 37 99 235
-0.32355499 0.064203329 -0.10713745 37 99 235
-0.10943715 0.3149204 -0.31959182 37 99 235
0.27124605 0.11635523 -0.33889627 37 99 235
0.13627994 0.024037885 -0.48829621 37 99 235
-0.015151601 0.31966496 0.34533283 37 99 235
-0.35325027 -0.25534943 0.49583259 37 99 235
-0.2372627 -0.18904425 0.63454086 37 99 235
0.31366792 0.081875682 -0.28990147 37 99 235
0.061959684 -0.057589967 0.035585597 37 99 235
0.18951498 -0.13352591 -0.013620526 37 99 235
-0.35072431 -0.10613118 -0.31724757 37 99 235
-0.28358936 -0.059652694 -0.77257627 37 99 235
-0.16387464 -0.095380314 -0.58916557 37 99 235
-0.11535971 0.18961023 -0.35772198 37 99 235
0.1965595 -0.080947652 0.46279684 37 99 235
-0.34023163 0.12466389 0.12056858 37 99 235
0.16652437 -0.07508035 0.48441145 37 99 235
0.32367268 -0.049010266 -0.053208463 37 99 235
-0.27213371 0.00071397657 -0.504987 37 99 235
0.2343622 0.12026393 -0.51075375 37 99 235
-0.16293947 0.088764921 -0.40910637 37 99 235
-0.28232548 0.14359516 -0.54887199 37 99 235
0.242928 -0.057634488 -0.019306511 37 99 235
-0.030437902 0.075204544 -0.53562731 37 99 235
-0.33150327 0.17822176 0.10144334 37 99 235
-0.22959745 -0.17559436 0.45662642 37 99 235
-0.097623259 -0.11341741 -0.23607871 37 99 235
-0.18168479 -0.13623637 0.29512942 37 99 235
0.24791326 0.11572889 0.73866123 37 99 235
0.27025726 0.10905764 -0.76258439 37 99 235
0.33066899 -0.30159363 0.42781776 37 99 235
-0.35982496 0.052830435 -0.5486849 37 99 235
0.23440157 0.33019409 -0.054866057 37 99 235
-0.015255724 0.039873183 0.73347169 37 99 235
-0.14108732 -0.061882354 0.60100085 37 99 235
0.21884133 0.30056083 -0.073668301 37 99 235
-0.027221235 -0.017653877 0.79382664 37 99 235
-0.34289071 0.27939865 -0.12806831 37 99 235
0.23757519 -0.14563388 0.44010234 37 99 235
-0.29373562 0.19568051 0.3140856 37 99 235
0.024436718 -0.11049548 0.46483529 37 99 235
-0.34826156 0.2594426 -0.30065885 37 99 235
-0.054199852 -0.047527857 -0.75691217 37 99 235
-0.083679751 0.10086877 -0.67946911 37 99 235
-0.0032152287 -0.12996477 0.249112 37 99 235
0.21067283 0.13180752 -0.3580395 37 99 235
-0.31201902 -0.25217605 -0.76174849 37 99 235
0.086701252 0.15795597 -0.42131752 37 99 235
-0.059189629 0.13089417 -0.39574459 37 99 235
0.15731619 0.31842035 0.16850297 37 99 235
-0.11385878 -0.11298602 0.14585768 37 99 235
-0.06620007 0.17795838 -0.35310218 37 99 235
-0.24603274 -0.10629114 0.64133096 37 99 235
-0.10541882 0.067720875 -0.47036543 37 99 235
-0.23524925 0.021112431 0.57176143 37 99 235
-0.31604758 0.015331942 0.58539641 37 99 235
0.054029077 -0.0068437429 -0.79539996 37 99 235
-0.10442654 -0.06547226 -0.6615991 37 99 235
0.34965384 0.061613269 -0.46007031 37 99 235
-0.20105922 -0.077812403 -0.62604034 37 99 235
-0.16651428 0.11760106 0.70930755 37 99 235
-0.3542327 0.049872886 0.69348258 37 99 235
-0.21073759 -0.20932533 -0.66702032 37 99 235
0.33560172 0.28512096 -0.23268023 37 99 235
-0.21965286 -0.068835489 -0.68014836 37 99 235
0.2927596 -0.31673911 -0.61569762 37 99 235
-0.1529561 0.089682773 -0.63121998 37 99 235
-0.14650676 0.046560869 0.6995312 37 99 235
0.32539427 -0.022492031 -0.76367182 37 99 235
0.22706579 -0.093386486 -0.5493843 37 99 235
0.074303135 -0.057643086 -0.037053701 37 99 235
0.36188525 -0.025609156 0.57001102 37 99 235
-0.13183118 0.0088891014 0.62176949 37 99 235
0.23945366 -0.26083604 0.58729434 37 99 235
-0.076576374 0.016502557 -0.51503158 37 99 235
0.24072182 0.12040059 -0.78592867 37 99 235
0.38696533 -0.15205298 -0.7705214 37 99 235
-0.019695787 -0.083271235 0.37568969 37 99 235
-0.0805244 -0.11295429 0.17942867 37 99 235
0.12739094 -0.039748754 0.78948057 37 99 235
-0.065041766 0.084606074 -0.35982117 37 99 235
0.27463448 0.094652377 0.56467634 37 99 235
-0.036328942 0.016467171 -0.76347524 37 99 235
-0.21947084 -0.093613088 0.35871044 37 99 235
-0.17511053 0.29476941 0.21056519 37 99 235
-0.20391153 0.0028066447 -0.77353483 37 99 235
0.2028887 0.02722157 0.73545718 37 99 235
0.019057626 -0.09474954 -0.44860831 37 99 235
0.19910166 -0.14439686 -0.29401445 37 99 235
0.24655533 -0.057508368 0.1203699 37 99 235
0.18983695 0.018621309 -0.64006591 37 99 235
-0.24557114 -0.29173779 -0.58409649 37 99 235
0.30608234 -0.11356454 -0.35902089 37 99 235
-0.02457843 0.3313902 -0.12212367 37 99 235
0.16185051 0.10584405 -0.46277079 37 99 235
0.025239857 -0.057508804 0.127267 37 99 235
0.14419225 -0.11479639 -0.16027986 37 99 235
-0.13383096 0.11709418 0.36234289 37 99 235
-0.27234173 -0.057419643 0.23187229 37 99 235
0.21122135 -0.020838479 0.4457067 37 99 235
0.24131849 0.05823876 -0.47373506 37 99 235
0.19180974 0.017047117 -0.39037341 37 99 235
-0.20379385 0.037418503 0.72991437 37 99 235
-0.0105387 -0.17197827 -0.61313301 37 99 235
0.26799607 -0.31239876 0.44407561 37 99 235
0.33671001 0.21061359 0.11628411 37 99 235
0.16964105 -0.057813227 -0.23910482 37 99 235
-0.040163253 0.084269181 -0.43529841 37 99 235
0.20846848 -0.069862388 0.65283048 37 99 235
0.075594775 -0.061560314 0.57302511 37 99 235
-0.14414449 -0.04529684 0.62711704 37 99 235
0.15994269 0.03660981 0.75656015 37 99 235
0.19860582 -0.082835905 -0.24832837 37 99 235
-0.35758927 -0.020862829 0.7294755 37 99 235
0.0041055018 -0.13860589 -0.73399162 37 99 235
0.11705475 -0.1135776 -0.36618397 37 99 235
0.22822748 -0.041839994 -0.65901786 37 99 235
0.105579 -0.057762712 -0.17810214 37 99 235
0.31272975 -0.24040546 -0.69993442 37 99 235
0.27007779 -0.11331219 -0.13942643 37 99 235
-0.33869782 -0.16714455 -0.6673066 37 99 235
-0.35280821 -0.13199124 0.20705999 37 99 235
0.070250407 0.080257975 0.72531492 37 99 235
0.34786949 0.18034148 0.30325937 37 99 235
-0.24588077 -0.0088921133 0.34530628 37 99 235
-0.32969999 0.045055907 -0.24809173 37 99 235
0.19630846 -0.057624616 -0.0060819122 37 99 235
-0.12236551 0.19206508 -0.33123001 37 99 235
-0.043314107 0.31648627 -0.2716516 37 99 235
-0.40538925 -0.1952946 -0.47535044 37 99 235
0.10029729 0.32604986 0.2828117 37 99 235
0.19665641 -0.046783283 -0.46723092 37 99 235
-0.34456131 -0.10060595 0.55394846 37 99 235
-0.12140296 0.032602116 -0.61213577 37 99 235
0.26378265 0.086859472 -0.78846914 37 99 235
0.3340489 0.020863056 0.489995 37 99 235
-0.3445659 -0.18592562 -0.63646412 37 99 235
-0.34295321 0.20584579 0.31032157 37 99 235
0.37110636 -0.17656213 -0.66803509 37 99 235
0.33081332 0.067340635 0.73535025 37 99 235
0.17766352 0.098787524 -0.49324948 37 99 235
-0.29750493 0.31642196 -0.23813269 37 99 235
-0.11236331 -0.095130831 -0.48466209 37 99 235
0.038188435 0.10307022 0.36207205 37 99 235
0.18634103 0.069439858 0.55435771 37 99 235
-0.026774256 -0.12033004 -0.64857215 37 99 235
0.091335103 0.00015879603 -0.50056237 37 99 235
0.066890463 -0.12045309 -0.6942488 37 99 235
-0.11670548 -0.039725594 -0.29797342 37 99 235
-0.36552817 -0.052414659 0.46242407 37 99 235
-0.33936787 -0.068481356 -0.4160659 37 99 235
0.21555386 -0.1673699 -0.55248117 37 99 235
0.052270707 0.011934798 -0.795551 37 99 235
-0.33542559 -0.12431344 0.32854813 37 99 235
-0.20811307 0.04108914 -0.47612777 37 99 235
-0.33791 0.22171104 0.15447429 37 99 235
-0.092121579 -0.040129669 0.5953688 37 99 235
-0.23556638 -0.026328905 0.48922825 37 99 235
-0.21426448 0.27327272 0.32248455 37 99 235
-0.21180671 -0.086254127 0.55042624 37 99 235
-0.042401753 -0.11646189 -0.19117408 37 99 235
-0.064600825 0.022415675 -0.52190697 37 99 235
0.21404862 -0.054153144 -0.63662755 37 99 235
0.13726752 0.071367577 -0.45064688 37 99 235
-0.19439425 0.12641233 0.36249 37 99 235
-0.26612797 0.14709418 -0.51318443 37 99 235
-0.21049242 -0.2137754 -0.72465426 37 99 235
-0.3222363 0.020681974 0.33964208 37 99 235
-0.37565789 -0.23492266 -0.52015102 37 99 235
-0.14030309 0.31430504 -0.053463735 37 99 235
0.083297178 -0.053241473 0.41174695 37 99 235
0.20622066 0.080439962 0.43659955 37 99 235
-0.022129551 0.32736447 -0.18585898 37 99 235
0.33174348 -0.095839627 -0.49185506 37 99 235
0.32415453 -0.24095505 -0.72316313 37 99 235
-0.19968002 -0.084939949 -0.72770602 37 99 235
-0.26250157 0.011191278 0.44454443 37 99 235
0.064685658 -0.057611261 0.0099276444 37 99 235
0.33078432 0.018175997 0.4354578 37 99 235
0.31024629 -0.057283591 -0.64782339 37 99 235
-0.20273395 -0.05175316 -0.31957147 37 99 235
-0.10068549 -0.056839906 -0.66896439 37 99 235
0.28758439 0.03015756 -0.65275878 37 99 235
-0.22430211 0.30524829 0.29151252 37 99 235
-0.15667282 0.047086041 0.66103053 37 99 235
-0.1447726 -0.11052419 0.24532951 37 99 235
0.10899971 0.15344645 -0.52621877 37 99 235
-0.33533418 0.18799585 0.37942243 37 99 235
-0.02745115 -0.068643555 0.46164027 37 99 235
-0.26203018 0.30813792 0.0070063532 37 99 235
0.21309656 -0.12297624 -0.062406149 37 99 235
0.2698164 0.011728663 -0.4784126 37 99 235
0.072302401 0.028240001 0.49988443 37 99 235
-0.08179199 -0.11300007 0.13271669 37 99 235
-0.23517367 0.31584203 0.3704254 37 99 235
0.23084986 -0.057747424 -0.16220607 37 99 235
-0.34734163 -0.12334862 0.67480499 37 99 235
0.18850273 -0.043816496 0.32948923 37 99 235
0.30878079 0.32277754 -0.30974886 37 99 235
-0.28237328 -0.22423215 -0.48625514 37 99 235
-0.089012377 -0.042712521 -0.78774327 37 99 235
-0.25882003 -0.005485727 0.34851676 37 99 235
-0.17197683 0.12991735 -0.61063731 37 99 235
0.046037752 0.26598936 -0.33220276 37 99 235
0.32296589 0.14143227 0.56400537 37 99 235
0.23801951 0.020295251 -0.64063704 37 99 235
0.33174878 0.061945099 -0.045677826 37 99 235
0.31351301 -0.23652795 -0.57630688 37 99 235
0.35526529 -0.19005382 0.52143508 37 99 235
0.03025211 0.10194708 0.73304999 37 99 235
0.27075496 -0.11538458 0.50918251 37 99 235
0.15513442 0.041946966 -0.6092971 37 99 235
0.35130116 -0.19887938 0.68236488 37 99 235
-0.23077615 0.15907709 -0.36101732 37 99 235
0.25668126 -0.057499211 0.13041998 37 99 235
0.27567732 -0.11306353 0.077115238 37 99 235
0.17207953 -0.12653403 0.22690032 37 99 235
-0.25128105 0.30705398 -0.26365745 37 99 235
0.1156904 0.24495661 -0.33120999 37 99 235
-0.29549813 -0.16585307 0.41583335 37 99 235
0.11934608 -0.057826087 -0.25353473 37 99 235
-0.33827242 0.16997033 0.39841127 37 99 235
0.36747453 0.03249377 -0.70838451 37 99 235
-0.089936286 -0.15491568 -0.67495644 37 99 235
0.36479074 -0.21330869 0.40883079 37 99 235
-0.1725447 0.0097751776 0.41811994 37 99 235
-0.2522639 -0.057656433 -0.046492983 37 99 235
0.39797455 -0.12836531 -0.74097002 37 99 235
0.18986811 -0.010743349 0.51273817 37 99 235
0.34991893 0.13486196 0.39892232 37 99 235
-0.21536313 0.12928721 -0.69445419 37 99 235
-0.28214064 -0.1131454 0.0075176456 37 99 235
0.11415746 0.0081840428 0.77083796 37 99 235
-0.35000512 -0.037211534 -0.37737972 37 99 235
-0.18830271 -0.055433664 -0.30787662 37 99 235
0.19327007 0.29955542 -0.18867153 37 99 235
0.22607644 -0.14292912 -0.3318221 37 99 235
-0.24197042 -0.16442142 -0.50876111 37 99 235
0.25078571 -0.27834737 0.62042862 37 99 235
-0.07763502 0.32419214 0.3314324 37 99 235
0.25508428 -0.103043 -0.28364974 37 99 235
-0.12908974 -0.054065064 -0.37125671 37 99 235
-0.31098855 -0.040466055 0.66473746 37 99 235
-0.24691917 -0.05768621 -0.082927607 37 99 235
-0.29612851 -0.013291731 -0.79558194 37 99 235
0.087876424 -0.14420764 -0.73113489 37 99 235
0.0010484437 0.12426536 -0.33567753 37 99 235
-0.27359685 0.09946309 0.72002482 37 99 235
0.3318288 0.26132405 0.068418816 37 99 235
-0.33854669 -0.12446756 -0.66063625 37 99 235
-0.28474095 -0.31575605 -0.53648543 37 99 235
-0.35140336 0.082071595 0.36687914 37 99 235
-0.15832625 -0.011232018 -0.49801236 37 99 235
0.33821467 0.23678882 0.093170069 37 99 235
0.31966639 0.27631125 0.30888262 37 99 235
0.10638876 0.33182001 0.0321058 37 99 235
0.10056086 -0.017984185 -0.74637496 37 99 235
0.12336263 0.014940492 -0.47386327 37 99 235
-0.24155582 -0.06435626 0.073618062 37 99 235
-0.14711416 -0.010690535 -0.46354327 37 99 235
0.017665576 -0.15283401 -0.5427025 37 99 235
-0.046522889 0.14099216 -0.31983164 37 99 235
-0.25541982 -0.091037609 0.68660927 37 99 235
-0.22030216 0.32427999 0.3458598 37 99 235
-0.33073613 0.028788842 0.12254012 37 99 235
0.29356727 0.077551059 -0.41740173 37 99 235
-0.11334991 0.060441095 -0.46576989 37 99 235
-0.12254794 -0.050912626 0.72044748 37 99 235
-0.25562295 0.10204621 0.38135147 37 99 235
-0.36850193 0.1808549 -0.19114015 37 99 235
-0.33484897 0.1711411 -0.11784545 37 99 235
0.25978881 -0.24368073 -0.46640286 37 99 235
-0.10082956 -0.045154221 -0.37971312 37 99 235
-0.39131856 -0.05037709 -0.53498554 37 99 235
-0.31031746 -0.035368927 0.56211758 37 99 235
0.34055161 0.046866432 0.44263485 37 99 235
0.34885022 -0.022466974 0.3308351 37 99 235
-0.19626439 -0.13365443 -0.11531755 37 99 235
0.28053474 0.28432021 0.23984274 37 99 235
-0.2507599 0.0049947943 0.60902631 37 99 235
0.21893242 0.078526646 0.49270284 37 99 235
0.085973486 -0.032025408 -0.46983862 37 99 235
-0.041824047 0.32384002 -0.16705386 37 99 235
0.21240275 0.30690095 -0.16182487 37 99 235
0.26345581 0.043337695 -0.5362761 37 99 235
0.22617218 0.10166869 -0.3183459 37 99 235
-0.28603315 -0.010821395 -0.74740505 37 99 235
0.3067604 -0.097136438 -0.51938772 37 99 235
0.25658357 0.30812216 -0.11065932 37 99 235
0.3433142 -0.091846339 0.59327811 37 99 235
-0.065687701 -0.013860275 0.78742003 37 99 235
0.097329438 -0.057613123 -0.0037942748 37 99 235
-0.16570458 0.03978885 0.76895493 37 99 235
-0.16298658 -0.031633463 0.79058564 37 99 235
-0.37562153 -0.27086905 -0.5009141 37 99 235
0.30650496 0.12152777 -0.76126605 37 99 235
0.3551147 0.054058436 0.52483702 37 99 235
0.18543975 -0.050845567 0.38353297 37 99 235
-0.27002284 0.074121714 -0.37127775 37 99 235
0.16972955 -0.11971331 0.18562281 37 99 235
0.014372676 0.047924414 -0.33069137 37 99 235
-0.21361473 -0.27739543 -0.72160107 37 99 235
-0.15012702 -0.1859093 -0.69436735 37 99 235
0.15202998 0.053684182 0.56101465 37 99 235
0.22742738 -0.011387346 0.38522106 37 99 235
-0.29359001 0.10946617 -0.79208499 37 99 235
0.065479837 -0.057508972 0.12346565 37 99 235
0.22723091 -0.22625834 -0.58021986 37 99 235
-0.095365003 0.14793879 -0.32812831 37 99 235
-0.14154072 0.063618377 0.72520632 37 99 235
0.23657499 -0.093655407 -0.54167986 37 99 235
-0.074081987 0.021745628 0.75520486 37 99 235
0.24038935 0.30058694 0.10240911 37 99 235
0.22080576 -0.25171739 -0.48108789 37 99 235
0.31322613 -0.26395786 0.50134438 37 99 235
0.36202019 -0.019801503 0.56298113 37 99 235
0.22615385 0.04006413 0.48970601 37 99 235
0.31234407 0.13381284 0.57187873 37 99 235
0.010678765 -0.094587952 -0.45188281 37 99 235
-0.079768464 0.30495781 -0.25114042 37 99 235
-0.22943684 0.076597609 -0.58311218 37 99 235
-0.015562642 -0.081590027 -0.75763249 37 99 235
0.033041246 0.30651423 -0.20983744 37 99 235
0.31296119 -0.034789339 0.26290327 37 99 235
-0.065794669 -0.058039855 -0.46836174 37 99 235
0.32802334 0.08467333 0.61444473 37 99 235
0.34074816 -0.30835509 -0.67561185 37 99 235
0.29161456 0.089186087 0.48449701 37 99 235
0.19994999 -0.045847572 0.5632717 37 99 235
-0.12522301 -0.10852702 -0.40056884 37 99 235
-0.089244187 -0.008587311 -0.47464398 37 99 235
0.32550216 -0.12808506 -0.7053355 37 99 235
0.29951239 -0.020531045 0.78251141 37 99 235
0.33211461 0.24870318 0.040072452 37 99 235
0.23080398 0.089768328 -0.3109594 37 99 235
0.22769769 0.14361554 -0.49790585 37 99 235
0.052159552 -0.12163275 -0.35855982 37 99 235
-0.35826728 -0.0069917049 -0.66002148 37 99 235
-0.14766526 -0.10092624 -0.00063708995 37 99 235
0.086792678 -0.049660943 -0.73731607 37 99 235
0.32025 0.11694233 -0.23053531 37 99 235
0.096994735 -0.054989882 0.58688724 37 99 235
-0.32901111 -0.056188203 0.15585388 37 99 235
0.28419253 0.27575392 0.35267541 37 99 235
-0.027523529 -0.049834263 -0.54040796 37 99 235
0.26070663 -0.11345811 -0.26794887 37 99 235
0.1388527 0.29933348 -0.22924516 37 99 235
-0.19110884 0.12074114 -0.34028873 37 99 235
-0.022419568 -0.15242669 -0.59685069 37 99 235
-0.22697189 0.22656006 -0.32764855 37 99 235
0.043019406 -0.1464173 -0.63088626 37 99 235
0.085501052 0.045449894 -0.60237801 37 99 235
0.19812572 -0.18659894 -0.61477 37 99 235
0.33446833 0.15663464 0.086772285 37 99 235
0.24122325 -0.09238217 0.64290506 37 99 235
-0.11386625 0.31226271 0.29993799 37 99 235
0.0056324615 -0.12633802 0.36514083 37 99 235
0.12979002 0.18347844 0.34778351 37 99 235
-0.18337911 0.040272076 -0.47720936 37 99 235
-0.25783971 0.076002084 -0.34361833 37 99 235
-0.24029663 -0.23464537 0.47599089 37 99 235
-0.0066104918 -0.071980037 -0.30245548 37 99 235
-0.25660315 0.32324088 -0.11166642 37 99 235
-0.23812489 0.024714407 0.74621421 37 99 235
0.2222359 0.27367935 -0.33120999 37 99 235
-0.20245118 -0.02148247 0.51630229 37 99 235
-0.34059769 0.16886172 -0.091712989 37 99 235
-0.073574245 -0.080609426 0.40374699 37 99 235
0.069569156 -0.057781789 -0.10027561 37 99 235
0.20092455 0.062413577 -0.7077291 37 99 235
0.33863226 0.14996642 0.70998514 37 99 235
0.32591787 0.025579587 -0.35427079 37 99 235
0.3018024 0.0056435778 0.25823882 37 99 235
-0.19430225 -0.13984898 -0.3982251 37 99 235
0.083944015 -0.051070429 0.50936961 37 99 235
0.14328662 0.10501334 -0.50648332 37 99 235
0.19864069 0.13964227 -0.44761118 37 99 235
-0.2051817 -0.11059666 -0.71516246 37 99 235
0.32797208 -0.06289009 -0.43658638 37 99 235
0.14285868 0.038615618 -0.38935414 37 99 235
-0.13454767 -0.070343569 -0.63384926 37 99 235
0.24412204 -0.11436971 -0.19850351 37 99 235
0.22973502 0.025692137 0.35853457 37 99 235
-0.026433811 -0.057757091 -0.17186436 37 99 235
0.33347541 0.18961011 0.067181647 37 99 235
-0.28091279 0.31941652 0.15390104 37 99 235
0.15937395 0.13178486 -0.44497743 37 99 235
-0.05591755 -0.13424307 -0.49824449 37 99 235
-0.077225581 0.073103286 0.36249 37 99 235
0.34071216 -0.13321279 -0.6081351 37 99 235
0.16354845 0.052764516 -0.34443 37 99 235
-0.025228385 -0.1308459 0.33052936 37 99 235
-0.23259762 0.025017571 0.55091268 37 99 235
0.10460571 -0.057781134 -0.19555104 37 99 235
-0.26446083 -0.024638174 -0.73928255 37 99 235
-0.065294124 -0.046348769 -0.41883165 37 99 235
-0.060331494 0.12350084 0.71853226 37 99 235
-0.069200628 0.27866653 0.35994604 37 99 235
-0.30916029 -0.20239764 -0.53334045 37 99 235
0.11726949 0.034924194 -0.39439708 37 99 235
0.21259616 0.013065801 -0.51459825 37 99 235
-0.2955879 0.12536487 0.72949535 37 99 235
-0.17939048 0.0052470434 0.39041436 37 99 235
-0.19884208 0.050883789 -0.57799911 37 99 235
0.39662498 -0.17060637 -0.72487134 37 99 235
-0.075132586 -0.057622794 -0.0067764767 37 99 235
-0.32509243 -0.10107505 -0.4171333 37 99 235
0.34554011 0.19958413 -0.041712638 37 99 235
0.22732757 0.30228722 -0.30195022 37 99 235
-0.26984724 -0.08635208 -0.74065202 37 99 235
-0.35897595 0.018358616 0.66352421 37 99 235
0.085948654 -0.00778251 -0.59518069 37 99 235
-0.34963682 -0.11247332 -0.45515576 37 99 235
0.24785882 -0.11329178 -0.11751395 37 99 235
0.22432952 -0.16726229 0.35304525 37 99 235
-0.20675664 0.21926713 0.34886077 37 99 235
-0.15371691 -0.05534279 -0.28530136 37 99 235
-0.18210454 0.037855804 0.65086639 37 99 235
-0.23897497 0.059081323 -0.52676076 37 99 235
0.096206836 0.13314576 0.36230394 37 99 235
-0.13116403 -0.033622894 -0.32241583 37 99 235
0.13449679 0.1136678 -0.7885868 37 99 235
0.049645931 0.042225417 0.76279116 37 99 235
0.054479834 -0.057456303 0.19313443 37 99 235
0.34141338 -0.23125885 -0.52365351 37 99 235
-0.38643864 -0.056794472 -0.55533469 37 99 235
-0.0359555 0.18402281 -0.32487407 37 99 235
-0.32436684 -0.082519695 -0.42585775 37 99 235
0.34089074 0.27921906 0.057162255 37 99 235
-0.31990576 0.31443742 0.033800676 37 99 235
0.31655723 -0.05547167 0.092733443 37 99 235
0.146623 0.29597318 -0.025882335 37 99 235
-0.08873409 -0.10523527 0.26603302 37 99 235
-0.058763027 -0.066555627 -0.45594352 37 99 235
0.052792657 -0.0078983204 -0.56178784 37 99 235
0.20749059 0.31986007 -0.24145183 37 99 235
0.34826308 0.063080475 -0.58131176 37 99 235
0.19347595 0.32203987 0.099672727 37 99 235
0.16669483 0.30915904 -0.32213563 37 99 235
0.27557155 0.125451 0.36337501 37 99 235
0.13405722 -0.064634867 0.57207203 37 99 235
-0.22172488 0.0030149224 -0.63638878 37 99 235
-0.25044554 -0.31860599 0.51363301 37 99 235
-0.10941366 -0.057434663 0.21254747 37 99 235
0.17626916 -0.094376661 -0.66307789 37 99 235
-0.25631794 0.26361203 0.30030552 37 99 235
0.028722191 0.16349493 -0.30625653 37 99 235
-0.33088958 0.05214984 -0.2463816 37 99 235
0.27836639 -0.11330938 -0.13806351 37 99 235
0.21431413 0.29614753 -0.27453169 37 99 235
-0.36199337 -0.15790401 -0.57212859 37 99 235
0.096561834 -0.017548576 -0.67251599 37 99 235
-0.21805608 -0.063178465 0.022537256 37 99 235
-0.17249417 0.07736478 0.61615503 37 99 235
0.21153376 0.32955721 0.11624318 37 99 235
-0.29662928 0.32102889 0.10283492 37 99 235
-0.015455929 -0.020743527 0.69341707 37 99 235
0.27767798 0.0068216338 0.62606019 37 99 235
-0.27749273 -0.31063989 0.43463403 37 99 235
-0.36593878 -0.16926083 0.64585942 37 99 235
-0.34943569 0.068286501 -0.33268955 37 99 235
-0.015406927 -0.11469827 0.4784354 37 99 235
0.36982566 -0.31039104 -0.63968629 37 99 235
0.11633161 0.088121958 -0.37840468 37 99 235
0.10894497 -0.061278541 -0.40808606 37 99 235
-0.26985836 -0.23432568 0.54507571 37 99 235
-0.35146645 -0.081018969 -0.50514114 37 99 235
0.27608547 0.051810261 0.57211441 37 99 235
0.025274197 -0.091976054 0.43532103 37 99 235
-0.40085465 -0.20917034 -0.50585264 37 99 235
0.26717669 0.088625103 -0.61612821 37 99 235
-0.23109123 -0.13219066 -0.30057225 37 99 235
0.35734555 -0.25720954 0.64144808 37 99 235
-0.30698848 -0.112819 -0.29631636 37 99 235
0.16110495 0.076572582 -0.30538729 37 99 235
0.13484004 -0.11342779 -0.239259 37 99 235
0.25067502 -0.21809641 0.48033679 37 99 235
-0.23686545 0.16179812 -0.35281754 37 99 235
-0.28292644 -0.014878677 -0.36506465 37 99 235
-0.29173493 0.29680333 0.087532744 37 99 235
-0.21705976 0.27524108 0.35193929 37 99 235
-0.09645883 -0.057462536 0.17347978 37 99 235
0.26043618 -0.051874902 -0.71618062 37 99 235
0.24067093 -0.28477961 -0.63466609 37 99 235
-0.19790074 -0.0788607 -0.19575407 37 99 235
0.10031369 0.058356322 -0.37035665 37 99 235
-0.1113236 0.049173605 -0.62119877 37 99 235
0.36683482 -0.086187661 0.14166853 37 99 235
0.24272028 0.032196879 -0.38989866 37 99 235
0.0019659214 -0.12591113 -0.54809195 37 99 235
0.24178061 -0.2202339 -0.45603907 37 99 235
0.23497595 0.12688908 -0.72579437 37 99 235
0.22635964 -0.057610843 0.01228966 37 99 235
0.20309842 0.32281649 -0.10772851 37 99 235
-0.016456753 0.18565316 0.35744613 37 99 235
-0.31149712 -0.30796593 0.43866104 37 99 235
0.20600139 0.095523953 -0.793257 37 99 235
0.3613438 -0.20604979 0.35650429 37 99 235
-0.21333925 0.15232335 0.35736102 37 99 235
-0.37167075 0.12890957 -0.24155782 37 99 235
0.051543102 -0.055034492 -0.75138348 37 99 235
-0.053308997 -0.085255258 -0.48669559 37 99 235
-0.062854931 -0.10627469 0.29284927 37 99 235
-0.11639228 0.044413902 -0.31538296 37 99 235
-0.36080131 -0.10568347 0.32064733 37 99 235
-0.023700727 -0.07274802 -0.75754958 37 99 235
0.32001764 0.31639552 0.20498487 37 99 235
0.24616371 -0.024106115 0.52422327 37 99 235
-0.26315987 -0.045527373 -0.14429337 37 99 235
-0.13969766 0.12224021 -0.74493033 37 99 235
-0.33791 0.1640778 -0.19659282 37 99 235
-0.34415329 0.15827212 0.38340932 37 99 235
-0.063312501 0.13033751 -0.71733326 37 99 235
0.34394547 -0.10293585 0.34526977 37 99 235
0.30867437 -0.19971973 0.59110993 37 99 235
0.0010242827 -0.16836509 -0.55370992 37 99 235
-0.0056779846 0.020212132 0.74401867 37 99 235
0.24201678 0.073563434 -0.716048 37 99 235
0.35338435 -0.17403832 -0.78266168 37 99 235
-0.3084057 0.3219949 -0.12782551 37 99 235
-0.02776294 -0.17139804 0.473515 37 99 235
0.10722322 -0.048074268 0.76877046 37 99 235
0.32976961 -0.034353126 -0.20626433 37 99 235
0.19134276 -0.13348499 -0.086081475 37 99 235
0.022639342 0.32686764 -0.1890552 37 99 235
0.084877871 -0.11301914 -0.76990008 37 99 235
-0.069103926 0.070094123 -0.43103933 37 99 235
0.36446062 -0.21905841 -0.63290071 37 99 235
0.21102957 -0.057448775 0.19340092 37 99 235
0.32812276 0.10430624 -0.72992766 37 99 235
-0.29026952 0.1334213 -0.61735475 37 99 235
0.0045613577 -0.11680398 -0.068197444 37 99 235
0.18564272 -0.054727301 -0.44696563 37 99 235
0.32190552 0.00024102769 0.25085959 37 99 235
-0.313113 0.31394261 0.22151968 37 99 235
-0.35019001 0.076069839 -0.37802649 37 99 235
-0.38260889 -0.12925258 0.048667613 37 99 235
-0.19204943 0.023913423 0.72946382 37 99 235
0.24101262 -0.18959248 0.37560946 37 99 235
0.31468359 -0.0024770114 -0.7910046 37 99 235
-0.011736562 0.32283929 -0.00062897382 37 99 235
-0.069136925 -0.057417434 0.22533262 37 99 235
0.052483145 -0.05748488 0.1512946 37 99 235
0.1037771 -0.058094762 0.59569275 37 99 235
-0.340736 0.28201273 0.11896861 37 99 235
-0.24602868 -0.11466165 0.022241985 37 99 235
-0.23013699 -0.069067881 -0.19586545 37 99 235
-0.3628065 -0.13080643 0.10512453 37 99 235
0.33831957 -0.2873522 -0.71483952 37 99 235
0.098668568 0.21536878 0.34545901 37 99 235
-0.40423271 -0.13152723 -0.179161 37 99 235
0.1395434 -0.012130216 0.31758204 37 99 235
-0.33396855 -0.056217976 0.032050967 37 99 235
0.26574466 0.085694104 -0.65194213 37 99 235
-0.22071141 -0.12511235 -0.11569606 37 99 235
0.29406109 0.11282273 0.46532884 37 99 235
0.32025 0.11204632 -0.2241524 37 99 235
-0.3226203 0.021711292 -0.076573953 37 99 235
0.240024 -0.26338357 0.57850891 37 99 235
-0.24191162 -0.17759378 0.59885168 37 99 235
0.31798241 -0.11186554 0.41636455 37 99 235
-0.23730916 0.021065183 0.75470763 37 99 235
0.15091026 0.15429005 -0.51699674 37 99 235
0.038412236 0.32299402 0.08549697 37 99 235
-0.24624683 -0.061728708 -0.18789656 37 99 235
0.055777367 0.094389714 -0.32884076 37 99 235
0.15693732 -0.057484671 0.15543172 37 99 235
0.27568072 0.31515279 -0.017260127 37 99 235
-0.34036779 0.25783244 -0.038769502 37 99 235
0.064550415 0.19588467 0.3502318 37 99 235
-0.24472743 0.0067950557 -0.38740027 37 99 235
0.16878648 0.32747799 0.13117546 37 99 235
0.32396275 -0.11485501 0.14710975 37 99 235
0.24082926 -0.057699099 -0.10899858 37 99 235
-0.33761582 -0.22841005 0.57687759 37 99 235
-0.034663491 -0.12252533 -0.58413708 37 99 235
-0.29264531 0.076199733 -0.78981936 37 99 235
-0.24802351 -0.21521254 -0.6114524 37 99 235
0.24490178 -0.30643052 -0.54188704 37 99 235
0.17778726 0.086888924 -0.40601677 37 99 235
-0.10147285 0.029018482 -0.78674924 37 99 235
0.1075609 0.2948685 0.25275385 37 99 235
-0.33482081 -0.11231425 0.039493423 37 99 235
-0.055896863 0.0011420219 -0.31384999 37 99 235
0.19847536 0.32774165 -0.027815314 37 99 235
-2.661516e-06 -0.11433049 -0.761971 37 99 235
-0.18176265 -0.064816095 -0.22218268 37 99 235
0.19865352 -0.019894386 0.52804971 37 99 235
-0.018905897 -0.058314227 -0.070754729 37 99 235
-0.27930567 0.13953887 -0.58041817 37 99 235
-0.2557174 -0.32355237 -0.62253308 37 99 235
-0.16424303 0.30264705 0.22451895 37 99 235
-0.24074668 -0.089364931 -0.52108002 37 99 235
0.07949885 -0.040472135 -0.74043643 37 99 235
0.34262848 -0.16603343 0.6835286 37 99 235
0.094292738 -0.057427369 -0.33960888 37 99 235
0.20421118 0.013827831 0.56372142 37 99 235
-0.21664211 -0.057845227 -0.27404049 37 99 235
0.04773736 -0.053420391 -0.29282451 37 99 235
-0.31498319 -0.26510662 0.51136655 37 99 235
-0.31706271 -0.3224932 0.51916969 37 99 235
0.25368252 0.091035277 0.41897359 37 99 235
0.1789197 -0.057485953 0.15152982 37 99 235
0.34868431 0.1377179 0.34247452 37 99 235
-0.04235689 0.10137352 -0.44624779 37 99 235
-0.13645823 -0.05775569 -0.16639152 37 99 235
0.28283548 -0.057622053 -0.00022622952 37 99 235
0.35990918 -0.085093707 0.48418874 37 99 235
0.097366296 -0.057638597 -0.034813561 37 99 235
0.19902921 -0.050213374 0.7068975 37 99 235
0.0027000715 0.067625389 -0.69078511 37 99 235
0.31479144 -0.30573115 0.44626856 37 99 235
-0.30427834 -0.048371263 -0.021160142 37 99 235
-0.29703003 0.31724399 -0.24864121 37 99 235
0.32997432 0.30534109 -0.16458805 37 99 235
0.28920975 0.018454514 0.30077049 37 99 235
-0.35018057 0.00660025 -0.35111344 37 99 235
-0.34762833 -0.16100433 0.47062781 37 99 235
-0.34879643 -0.1472692 0.52071905 37 99 235
0.33293653 -0.040164575 -0.58358252 37 99 235
0.26746497 0.084800392 0.36859983 37 99 235
-0.093068935 0.32147998 0.28154358 37 99 235
0.33228907 0.11375702 -0.63850874 37 99 235
-0.33364937 -0.10704353 -0.76360184 37 99 235
-0.070847027 0.0405626 -0.41988394 37 99 235
0.25540715 0.27683693 -0.30347154 37 99 235
-0.14611152 -0.12257621 0.094833411 37 99 235
-0.01242815 0.29275125 0.28056908 37 99 235
0.33886096 0.097587116 0.31072548 37 99 235
0.33722201 -0.079154812 0.21012579 37 99 235
0.052758075 0.047664743 -0.79621691 37 99 235
0.29884261 0.11315168 -0.70984995 37 99 235
-0.21931183 -0.19109289 -0.7703495 37 99 235
-0.32643816 0.12589471 0.088574097 37 99 235
0.2683726 -0.11304125 0.098437011 37 99 235
0.34187028 -0.17002098 0.3333526 37 99 235
0.35779953 -0.2672658 -0.70089197 37 99 235
0.18495902 0.32881698 0.34053311 37 99 235
0.34371102 -0.061889753 0.65829581 37 99 235
0.010018212 0.3301411 -0.14694181 37 99 235
0.070412286 -0.062587753 0.62669182 37 99 235
-0.29010588 0.27315921 0.34397039 37 99 235
-0.039029401 0.058533754 -0.31385022 37 99 235
-0.35022002 0.079028875 -0.35895577 37 99 235
0.017489068 0.13570586 0.3612591 37 99 235
-0.08173129 0.087933175 -0.62046468 37 99 235
-0.31314573 -0.083193786 -0.67675978 37 99 235
0.22109243 0.047224347 0.60595798 37 99 235
-0.20625953 -0.11075053 0.44671059 37 99 235
0.3306261 0.0082409605 0.24976264 37 99 235
-0.33736244 0.14133601 -0.018693887 37 99 235
-0.29844657 0.081567913 0.51454037 37 99 235
-0.3301239 -0.11255723 0.029857155 37 99 235
0.21727876 -0.14820281 0.28376916 37 99 235
-0.11487108 -0.05488063 0.74204934 37 99 235
-0.15079655 -0.11704425 -0.28612959 37 99 235
-0.2395236 -0.24506122 0.4495545 37 99 235
-0.0078200996 0.30723646 0.038057677 37 99 235
-0.34992468 -0.086947724 -0.071272545 37 99 235
-0.12304711 -0.11342609 -0.23810758 37 99 235
-0.38550392 -0.083653927 -0.54945183 37 99 235
0.20463812 -0.12388336 -0.22215344 37 99 235
-0.23202145 -0.14401816 -0.71135104 37 99 235
0.27194184 -0.12236392 -0.25011766 37 99 235
0.35377985 0.10354817 -0.22850595 37 99 235
-0.35265616 0.073328234 0.42722738 37 99 235
0.28856108 0.025072224 -0.56673414 37 99 235
0.12553638 -0.081703953 0.39219028 37 99 235
0.02960906 0.0174879 -0.31385911 37 99 235
0.36250159 -0.24467789 0.51197451 37 99 235
0.29211572 -0.23594208 0.47620377 37 99 235
0.18591903 -0.057679631 -0.077478141 37 99 235
-0.02683158 -0.083434753 0.34663352 37 99 235
-0.015120512 0.2946412 0.15499254 37 99 235
-0.052471861 -0.076713629 0.34563631 37 99 235
0.36067492 -0.039528888 0.37006631 37 99 235
0.15561979 -0.12328989 -0.00065172021 37 99 235
-0.35709834 0.018704876 -0.54831618 37 99 235
0.34182733 0.066148989 0.57273257 37 99 235
0.34119388 0.0081771491 -0.28007022 37 99 235
-0.33921847 -0.018175362 -0.16395871 37 99 235
-0.21614797 -0.28259027 -0.71066445 37 99 235
0.34403691 0.060642272 0.33423385 37 99 235
0.31657565 0.03973975 0.2929014 37 99 235
0.35544151 -0.26624948 -0.576047 37 99 235
0.11885905 0.32587165 -0.085940339 37 99 235
0.029716281 -0.057174087 -0.52870524 37 99 235
-0.26140174 -0.001197223 -0.70390236 37 99 235
-0.27790126 0.082015991 0.67000258 37 99 235
0.25630927 -0.11319577 -0.034057558 37 99 235
-0.28418952 0.32302475 -0.20199361 37 99 235
-0.12243738 -0.10642679 0.27024245 37 99 235
-0.26479015 0.025526643 0.51803899 37 99 235
0.049028452 -0.032869127 -0.64248586 37 99 235
0.32117635 -0.31620601 -0.57529414 37 99 235
0.093731537 0.31831944 -0.27639645 37 99 235
0.31540847 0.032140017 0.36574936 37 99 235
0.32764989 -0.023310883 0.24657133 37 99 235
-0.32181409 0.052481435 -0.2676169 37 99 235
0.26616436 0.056918889 -0.65511584 37 99 235
-0.25353032 -0.28693852 0.53806472 37 99 235
-0.15275086 0.023780087 0.53788698 37 99 235
-0.32547733 0.18408763 -0.08333189 37 99 235
0.1508553 -0.087785549 0.33398998 37 99 235
-0.079127729 -0.057476271 0.15803286 37 99 235
-0.0089499159 -0.099997364 -0.78095126 37 99 235
0.049238533 -0.14343178 -0.55595744 37 99 235
-0.08580786 -0.05753503 0.093224578 37 99 235
0.09236788 0.12800233 -0.7490027 37 99 235
0.069059268 -0.13197462 -0.67480254 37 99 235
0.20702128 -0.25511104 -0.50217932 37 99 235
0.20818661 0.040138468 -0.3892433 37 99 235
-0.33321354 -0.0031540296 -0.11155005 37 99 235
-0.050893549 -0.0070950701 -0.5294587 37 99 235
0.14291888 0.089868963 -0.64231122 37 99 235
-0.14107953 0.029819373 0.37621641 37 99 235
0.025652252 0.1777858 -0.33050528 37 99 235
0.042687345 -0.058655821 -0.081364207 37 99 235
0.29904673 0.27379251 0.32974026 37 99 235
-0.06534826 0.0097004129 0.78031147 37 99 235
-0.21840556 -0.15604292 -0.70817178 37 99 235
-0.29734769 0.32001004 -0.31470948 37 99 235
-0.21490884 -0.12820597 -0.21729834 37 99 235
0.34898999 0.12997898 -0.32785225 37 99 235
-0.16322002 -0.017536517 -0.6901291 37 99 235
0.35384664 0.17696533 -0.2209356 37 99 235
-0.32713622 -0.11725363 -0.52272123 37 99 235
0.35012731 -0.02736474 0.75285715 37 99 235
-0.19798638 0.10310871 -0.37190849 37 99 235
0.063213661 -0.061875194 0.62950313 37 99 235
-0.2068904 -0.18074153 -0.71268839 37 99 235
-0.33770069 0.14460014 0.60371584 37 99 235
0.27188009 0.13907988 0.3608242 37 99 235
-0.027065989 0.15989666 -0.4276067 37 99 235
-0.14319052 -0.052215382 0.29263869 37 99 235
-0.17522056 -0.0081821857 -0.66431761 37 99 235
-0.14405264 0.042958833 -0.53610754 37 99 235
0.28607669 -0.16586229 0.6883198 37 99 235
0.2248857 0.29961041 -0.18055235 37 99 235
-0.31873646 -0.074481331 -0.63868272 37 99 235
0.14764999 0.13139701 -0.44361609 37 99 235
-0.13957965 -0.073430277 -0.63439226 37 99 235
-0.020504152 0.16805749 -0.3674708 37 99 235
-0.17037366 -0.048502404 -0.69779634 37 99 235
0.25809753 0.087774269 0.55219746 37 99 235
0.38635361 -0.1453855 -0.080759354 37 99 235
-0.044988606 0.11430699 -0.58258051 37 99 235
-0.21639627 0.055996861 0.72331512 37 99 235
0.33603376 -0.21242358 -0.63431263 37 99 235
0.085574061 -0.10256352 -0.65988827 37 99 235
-0.3471821 -0.021853108 -0.033986636 37 99 235
0.33882424 -0.17102328 0.49579188 37 99 235
-0.28035942 -0.096795402 0.42204192 37 99 235
-0.35935643 0.0086326757 -0.51722598 37 99 235
-0.15061016 0.036587991 0.70865357 37 99 235
-0.33153093 -0.071313523 0.59649104 37 99 235
-0.19770482 0.0044744974 0.43424708 37 99 235
0.2145537 -0.057790104 -0.21024367 37 99 235
-0.099035926 0.31653404 0.21989787 37 99 235
0.22440444 -0.1315686 -0.29992431 37 99 235
0.27195296 0.062339757 -0.60239178 37 99 235
0.3386932 0.2527335 0.029501768 37 99 235
-0.0058209649 0.028240001 0.55087095 37 99 235
-0.046086308 -0.057589449 0.020687304 37 99 235
-0.26862821 0.082419999 0.46937007 37 99 235
-0.25902691 -0.03142358 0.29989946 37 99 235
0.22911423 0.24154195 -0.34209263 37 99 235
0.38718864 -0.10538347 -0.76571894 37 99 235
-0.11253825 0.15293854 0.36216837 37 99 235
0.33472571 0.13953108 0.64271396 37 99 235
-0.3457514 -0.12650815 -0.47608754 37 99 235
0.33467442 0.045936465 -0.35914996 37 99 235
0.20075114 -0.14672071 -0.32502443 37 99 235
0.34183875 -0.25147972 -0.70406073 37 99 235
0.18120103 0.30669934 -0.18346144 37 99 235
-0.11822034 -0.11324946 0.083312184 37 99 235
-0.31829602 -0.0058726054 0.58228743 37 99 235
-0.12871787 0.0055666263 0.71673387 37 99 235
-0.27657697 -0.11900205 -0.46717286 37 99 235
0.34557056 -0.050960794 0.098148175 37 99 235
0.34787086 -0.16285884 -0.61634439 37 99 235
-0.32617861 0.10548674 0.170204 37 99 235
0.16702586 0.022541659 0.35477462 37 99 235
0.33175021 0.0014065534 -0.21466593 37 99 235
-0.21770412 -0.057417274 0.2291097 37 99 235
0.29711157 -0.23931924 0.5313102 37 99 235
0.04922707 0.021071536 -0.31386107 37 99 235
-0.35738632 -0.12274102 -0.030042266 37 99 235
-0.1549627 -0.065347083 -0.72989076 37 99 235
0.32233471 0.026106395 0.12487999 37 99 235
-0.34691548 0.27853277 -0.27463329 37 99 235
-0.35419634 0.042767312 0.70238805 37 99 235
-0.36759928 -0.23315358 -0.53810048 37 99 235
-0.34808871 -0.02494421 0.25438023 37 99 235
0.16676171 0.057231449 -0.48442581 37 99 235
-0.2695016 0.13076845 -0.65147549 37 99 235
-0.17354785 -0.090197936 -0.42674497 37 99 235
-0.30034649 -0.024496213 -0.15026562 37 99 235
0.062687829 0.065147132 -0.51165676 37 99 235
0.12343304 -0.11780863 0.47539616 37 99 235
0.33970791 0.14229842 0.12119765 37 99 235
0.33307406 0.11188784 -0.017396359 37 99 235
0.00024917751 -0.11418387 -0.11485483 37 99 235
-0.15550643 -0.10916007 0.25762749 37 99 235
-0.20744407 -0.189641 -0.71683323 37 99 235
-0.054709829 0.069808304 -0.47583613 37 99 235
0.24280447 -0.13489124 -0.3222813 37 99 235
0.30841595 -0.14419502 0.4541499 37 99 235
-0.25517207 0.10559002 0.37559992 37 99 235
-0.09947376 0.16290328 -0.39134419 37 99 235
0.34227896 0.13036203 -0.46923098 37 99 235
-0.18617612 0.14620557 -0.54970503 37 99 235
-0.21584195 0.32373264 -0.18081447 37 99 235
0.34680203 0.21668325 -0.25523275 37 99 235
-0.30006975 -0.00055469252 0.6887812 37 99 235
0.333428 0.068659231 -0.24089849 37 99 235
-0.27114531 -0.11303476 0.099174783 37 99 235
-0.10925639 -0.11312672 0.023106385 37 99 235
0.016905997 0.23527262 0.3523162 37 99 235
-0.28355661 0.32304788 -0.19245303 37 99 235
0.19569276 0.025274197 0.43558753 37 99 235
0.030591749 0.23019743 -0.32032141 37 99 235
0.336831 -0.18651332 -0.48741633 37 99 235
-0.073040642 -0.098992355 -0.66303426 37 99 235
-0.31158188 -0.057999589 0.56464595 37 99 235
-0.090846851 -0.057661213 -0.04732633 37 99 235
0.22152977 -0.20626898 -0.57108569 37 99 235
0.078763448 -0.057466652 -0.32404038 37 99 235
0.12095874 0.32259345 -0.31925523 37 99 235
0.10261813 -0.026790665 -0.75581783 37 99 235
-0.16060884 0.32346171 -0.023220913 37 99 235
-0.33242935 -0.31262332 0.53574789 37 99 235
-0.13272573 0.32115287 -0.038802113 37 99 235
-0.12777704 0.065162428 0.74506426 37 99 235
0.086526185 0.082654946 -0.47728822 37 99 235
0.11590974 0.29422694 -0.027971547 37 99 235
-0.33624992 0.098188244 0.037266165 37 99 235
0.2518355 -0.053819917 0.65922123 37 99 235
-0.17473219 -0.087508798 -0.44444355 37 99 235
0.22961655 -0.1253175 -0.3044745 37 99 235
-0.26297924 0.21650931 -0.34344864 37 99 235
-0.24310403 -0.04395511 0.75737816 37 99 235
-0.1214973 -0.057637177 -0.016487181 37 99 235
-0.15466951 -0.05459683 -0.61637747 37 99 235
-0.31183311 0.1084909 0.5241673 37 99 235
-0.18032275 -0.055700183 0.70831782 37 99 235
0.018586002 0.12086445 0.36146316 37 99 235
0.18507712 -0.16569132 -0.58037531 37 99 235
0.35252148 -0.23623686 0.38439563 37 99 235
0.21471874 0.14006595 -0.53863293 37 99 235
0.22705841 -0.031689644 -0.48486587 37 99 235
0.02012006 -0.13791567 -0.53373265 37 99 235
-0.14017171 -0.056515161 0.27195841 37 99 235
-0.1905244 -0.027726617 0.6843406 37 99 235
0.17695342 -0.11930532 0.16012855 37 99 235
-0.20113324 -0.07640215 0.46518174 37 99 235
0.044328619 0.058168646 -0.31385532 37 99 235
0.23520665 0.14734137 0.36007503 37 99 235
-0.092788555 0.1620356 -0.32524544 37 99 235
0.1870973 -0.13475949 -0.28888956 37 99 235
-0.32633367 0.061466385 0.016248299 37 99 235
-0.34355342 -0.074893825 0.60595948 37 99 235
-0.082061008 0.29536507 0.20983438 37 99 235
0.33422664 -0.24532919 -0.4931398 37 99 235
0.39136899 -0.14427957 -0.7103492 37 99 235
-0.2148864 -0.27452889 -0.7128005 37 99 235
0.34068769 -0.18860985 0.68530029 37 99 235
-0.21521294 0.082419999 0.45801821 37 99 235
0.23888303 -0.015820749 0.74840134 37 99 235
0.016859198 -0.012288368 0.35623014 37 99 235
0.23292506 -0.13085295 0.20190145 37 99 235
-0.18628202 0.048590973 -0.68856841 37 99 235
0.05437506 -0.10393748 0.27456695 37 99 235
0.021815777 0.317494 0.1632085 37 99 235
0.19124711 -0.032085128 -0.6904366 37 99 235
0.35008907 -0.040757995 -0.57015008 37 99 235
-0.048625182 -0.080796406 -0.48454785 37 99 235
0.23939539 -0.057731938 -0.13921821 37 99 235
0.27460212 0.32675791 -0.069551975 37 99 235
-0.33293968 0.20005094 0.004728009 37 99 235
0.36222506 -0.20896058 0.37058648 37 99 235
-0.31026968 -0.17785971 0.68676513 37 99 235
0.18770994 -0.064708285 -0.48158568 37 99 235
-0.26116619 -0.04486886 -0.48007184 37 99 235
0.30993158 -0.029322211 -0.13187177 37 99 235
0.062986568 -0.028111428 -0.40016288 37 99 235
0.15352359 -0.077606171 0.43539932 37 99 235
0.32612717 0.18794651 0.035783973 37 99 235
0.086929739 0.028240001 0.39083052 37 99 235
-0.027412957 0.20983803 -0.3307839 37 99 235
-0.22168228 -0.14953397 -0.72582406 37 99 235
-0.15421616 0.15485542 -0.47415921 37 99 235
0.10175703 -0.043019589 0.72277296 37 99 235
0.032868244 -0.11376797 -0.27094081 37 99 235
-0.2742084 0.32281333 -0.29487646 37 99 235
-0.20020103 0.21313752 -0.3304849 37 99 235
-0.14536329 0.072576776 0.69685131 37 99 235
0.31474704 -0.063367561 0.3426221 37 99 235
-0.26741996 -0.019660454 -0.52286845 37 99 235
0.22400168 0.067987815 0.36182892 37 99 235
0.33453688 0.040668476 0.02272586 37 99 235
0.35260725 -0.15665874 0.31396836 37 99 235
0.0048112995 0.042737599 -0.74469084 37 99 235
-0.10346173 -0.057479896 0.15142195 37 99 235
0.11831573 0.13831356 -0.68819499 37 99 235
-0.33240527 -0.056462657 0.034071214 37 99 235
-0.41443494 0.19027318 -0.24656697 37 99 235
0.044401586 -0.0019931507 0.74277115 37 99 235
-0.060670625 -0.11340151 -0.22238985 37 99 235
0.3302145 -0.21105307 0.56406003 37 99 235
0.23385426 -0.2483452 -0.47502762 37 99 235
-0.023614334 0.010977698 -0.7412219 37 99 235
-0.23196176 0.02526441 0.50276941 37 99 235
-0.37476769 -0.17673725 -0.53013456 37 99 235
-0.1900818 0.0032257002 -0.79028201 37 99 235
0.1456573 0.30911088 -0.20982447 37 99 235
-0.40891302 0.20152651 -0.25829542 37 99 235
0.13336791 0.066952676 -0.45407057 37 99 235
-0.23176788 -0.15099883 -0.75678712 37 99 235
0.34849739 0.10938475 0.71031004 37 99 235
-0.051419802 0.028240001 0.44362301 37 99 235
-0.26757938 0.30528173 0.022745779 37 99 235
-0.29158264 0.00083034596 -0.4741641 37 99 235
0.19765188 -0.13629881 0.011573615 37 99 235
0.020758595 -0.085705809 -0.38952345 37 99 235
0.11138545 -0.076360315 -0.58049005 37 99 235
-0.15654562 0.15790808 0.36153868 37 99 235
0.060504213 0.32912838 -0.17394172 37 99 235
-0.15391146 0.10033596 0.36288249 37 99 235
0.022352088 -0.11486068 0.11122362 37 99 235
-0.42036265 -0.13981849 0.092355229 37 99 235
-0.32098544 -0.0085502304 -0.13867973 37 99 235
0.36342713 -0.1155791 0.62020975 37 99 235
0.25193879 0.047646388 -0.39379388 37 99 235
0.1848928 0.33182001 0.030895198 37 99 235
0.35972053 -0.20769142 0.56746513 37 99 235
-0.27516878 -0.039667249 -0.12202383 37 99 235
-0.0085776001 -0.0077959369 0.35403642 37 99 235
-0.34005561 -0.11647122 -0.42658737 37 99 235
0.28893134 -0.11318151 -0.021497669 37 99 235
-0.33125603 0.059365336 -0.78737313 37 99 235
0.046358146 -0.11347257 -0.27881247 37 99 235
-0.33080733 0.072437644 0.30081674 37 99 235
-0.23570172 0.14358707 -0.48154414 37 99 235
0.29061779 -0.0024702712 0.27845362 37 99 235
-0.30494407 -0.26333532 -0.4687787 37 99 235
-0.20636904 -0.058829863 0.31552774 37 99 235
0.08311037 0.052043054 -0.30904731 37 99 235
-0.24840416 -0.057170853 -0.11835384 37 99 235
-0.34132192 0.24917877 -0.044834636 37 99 235
-0.061738282 0.28468806 -0.33121696 37 99 235
0.34898999 0.0026145424 -0.42192626 37 99 235
-0.035992462 -0.035373714 -0.69029146 37 99 235
0.17438634 -0.1080795 0.27719635 37 99 235
-0.049619872 0.060144871 -0.54408723 37 99 235
-0.24520878 -0.027003335 -0.7877956 37 99 235
0.21789366 0.053719394 0.55589384 37 99 235
-0.14029664 0.0084787849 0.7031309 37 99 235
0.22078577 0.3222104 -0.025749164 37 99 235
0.23858659 -0.15339147 0.44834828 37 99 235
0.13155952 -0.0094350697 -0.64441079 37 99 235
-0.23627588 0.078556962 -0.38538677 37 99 235
-0.30347514 0.25668085 -0.0075415038 37 99 235
0.046208493 -0.050313964 -0.68081045 37 99 235
-0.023073629 -0.078777894 -0.7741642 37 99 235
-0.24189496 0.22656274 0.35241234 37 99 235
0.36221331 -0.27089292 0.41253656 37 99 235
-0.021519534 0.10552274 -0.79028803 37 99 235
0.068049811 0.028240001 0.68963313 37 99 235
-0.14983585 -0.064204432 0.57444388 37 99 235
-0.35475469 0.076892883 -0.60082364 37 99 235
0.21269649 -0.15990815 -0.39236024 37 99 235
0.26631272 0.32289514 -0.2604464 37 99 235
-0.27555835 -0.24472471 -0.65413147 37 99 235
-0.34905639 0.057168707 -0.49044797 37 99 235
0.32354465 0.047618587 0.085884281 37 99 235
-0.34920469 0.1356373 0.70464379 37 99 235
-0.15213737 0.16327524 -0.41355017 37 99 235
0.34456939 -0.21230699 -0.67888516 37 99 235
0.34904331 -0.028857028 -0.3752827 37 99 235
0.22448151 -0.12886882 0.11576743 37 99 235
0.33968973 -0.18891488 -0.52579969 37 99 235
0.16468573 0.11167385 -0.54409176 37 99 235
0.18913156 0.14742625 -0.38243487 37 99 235
-0.27419358 -0.11340574 -0.22535132 37 99 235
-0.34987116 -0.065914273 -0.35400063 37 99 235
0.31749487 -0.3201319 -0.63012493 37 99 235
-0.23316123 -0.12210768 -0.12825413 37 99 235
0.038797379 0.043884244 -0.37861595 37 99 235
0.30900764 -0.051062662 0.68380851 37 99 235
0.37735626 -0.25195035 -0.73056352 37 99 235
-0.26675612 0.088746682 -0.32312107 37 99 235
0.23221533 -0.1449606 0.2942999 37 99 235
-0.32785696 0.12255963 0.30795014 37 99 235
0.28857028 -0.10323656 -0.70572621 37 99 235
0.049687725 -0.11345919 0.22732784 37 99 235
-0.026619844 -0.085901424 -0.43311653 37 99 235
-0.036177721 0.051829364 -0.48228452 37 99 235
0.070421934 0.042933885 -0.79545194 37 99 235
-0.27392116 -0.0092185875 0.65440637 37 99 235
-0.34030122 -0.0054061413 0.32564989 37 99 235
-0.16070513 0.017327143 0.4199481 37 99 235
0.28195268 -0.060487889 -0.56320244 37 99 235
0.1275592 -0.1129434 0.17844616 37 99 235
0.023307933 -0.011639991 -0.542916 37 99 235
0.07988178 -0.11317185 -0.018019794 37 99 235
-0.14303489 -0.057642426 -0.023031438 37 99 235
0.32215583 0.14382091 0.50306922 37 99 235
-0.0045977579 -0.099893004 -0.4324311 37 99 235
-0.1146551 -0.16448939 -0.68475151 37 99 235
0.34626469 0.27440581 -0.20482288 37 99 235
-0.22985755 -0.18700919 -0.69763893 37 99 235
0.2331554 0.31395173 0.21673672 37 99 235
0.085882813 0.013091135 -0.38770771 37 99 235
-0.35019001 0.10566896 0.62868977 37 99 235
-0.052973233 -0.11392349 0.30057496 37 99 235
-0.10781543 -0.086208738 0.34824198 37 99 235
0.36435428 -0.022316124 -0.62260795 37 99 235
-0.12007642 -0.018058794 -0.3350001 37 99 235
-0.088673957 -0.038614705 -0.79919821 37 99 235
0.31195837 -0.19607481 0.60664779 37 99 235
-0.1665709 0.014486369 0.63978136 37 99 235
0.095568314 -0.057539999 0.094511159 37 99 235
0.025147593 -0.11619622 -0.050547212 37 99 235
0.074557565 -0.01382714 -0.4861235 37 99 235
-0.03742275 -0.029305799 0.7925607 37 99 235
0.27430937 -0.17427896 0.6805864 37 99 235
0.37760279 -0.29067343 -0.69212043 37 99 235
0.35090861 0.069933549 -0.60683519 37 99 235
-0.33621806 0.15424092 0.72033119 37 99 235
0.12734497 0.066396311 -0.73447531 37 99 235
-0.046752896 0.048017696 -0.72366685 37 99 235
0.077589162 0.16943344 -0.32543874 37 99 235
-0.15965548 -0.090923771 -0.55926323 37 99 235
-0.34452415 -0.31984535 -0.57771921 37 99 235
0.3099283 0.018510437 0.45428994 37 99 235
0.022704372 -0.059081998 -0.049852073 37 99 235
-0.12395041 0.043740042 0.75686204 37 99 235
0.11853845 0.10690544 -0.42564136 37 99 235
-0.00092516077 0.064350016 -0.70176578 37 99 235
0.18346839 -0.13143978 0.022551173 37 99 235
-0.074231356 0.055664498 -0.43768325 37 99 235
0.22180739 0.3184734 -0.30541569 37 99 235
-0.14961082 0.066984147 -0.43865094 37 99 235
-0.33735141 0.22413206 0.031452283 37 99 235
-0.37925962 -0.12753879 -0.29625884 37 99 235
0.084036432 -0.048631158 -0.44601065 37 99 235
0.2835238 -0.04910155 0.23522109 37 99 235
-0.24294934 0.30006376 0.29526475 37 99 235
0.051459543 -0.11339194 -0.069913305 37 99 235
0.24624915 -0.20750806 0.4907465 37 99 235
-0.0036025879 -0.1163965 0.46732742 37 99 235
-0.1871908 0.013152259 -0.65372717 37 99 235
-0.080605567 -0.093040958 -0.52100557 37 99 235
-0.031000031 -0.15129063 -0.64512342 37 99 235
0.20504163 -0.081580304 0.47016501 37 99 235
0.15717837 -0.12228989 -0.30311397 37 99 235
0.28863075 0.023121005 -0.78896683 37 99 235
0.3077049 0.1233966 -0.6840927 37 99 235
-0.16374137 0.29272729 0.3114039 37 99 235
-0.28465974 0.045705639 -0.34393972 37 99 235
0.33822694 -0.10156847 -0.5969435 37 99 235
0.090473287 0.028240001 0.52829635 37 99 235
0.12685633 -0.05771156 -0.11586569 37 99 235
0.068144895 -0.086109325 -0.36390412 37 99 235
0.25202817 0.076456122 -0.61903757 37 99 235
0.022476749 -0.11352309 0.034177862 37 99 235
-0.3495566 -0.262557 0.58028823 37 99 235
-0.32378319 0.11248077 -0.59382135 37 99 235
0.2557475 0.059087142 -0.35926589 37 99 235
-0.087602563 -0.1114989 0.24110082 37 99 235
0.29969054 -0.12256934 -0.71154875 37 99 235
0.070699878 -0.11303225 0.10590694 37 99 235
0.36061528 -0.093421124 0.38042814 37 99 235
-0.19115123 0.14603604 -0.5276652 37 99 235
-0.1090373 -0.057822939 -0.24849185 37 99 235
-0.3243072 0.10814469 0.22904648 37 99 235
-0.18490255 0.1549771 -0.31460816 37 99 235
0.15735063 0.040144723 -0.61009443 37 99 235
0.34898999 0.064552233 -0.35925186 37 99 235
0.1849445 -0.072783478 0.51372731 37 99 235
-0.10202125 0.054110233 -0.44396192 37 99 235
-0.049751341 -0.025686361 -0.53104651 37 99 235
-0.038280185 0.30738267 -0.030818671 37 99 235
0.01194589 0.32919237 -0.11559176 37 99 235
0.20503952 0.04564793 -0.38878986 37 99 235
-0.29914567 0.077752925 -0.56603211 37 99 235
0.34297565 -0.073743694 -0.57714444 37 99 235
-0.11062115 -0.11344288 -0.25880328 37 99 235
-0.076881245 -0.11288019 0.23670843 37 99 235
0.055808842 0.057783499 0.72934771 37 99 235
-0.094831005 -0.091142535 -0.6417219 37 99 235
-0.32978535 0.12424598 0.2695061 37 99 235
0.20105661 -0.063193187 0.6509372 37 99 235
0.037779693 0.052450653 -0.31385472 37 99 235
0.32924637 0.042494915 -0.36039367 37 99 235
0.19354725 0.013131609 0.77028447 37 99 235
-0.32184485 -0.019760454 0.26445916 37 99 235
-0.248577 -0.15958923 -0.69874787 37 99 235
-0.2218108 0.15181331 -0.30694661 37 99 235
0.24042036 -0.11861765 -0.1596003 37 99 235
-0.34695545 0.019400217 -0.54575813 37 99 235
-0.33012185 0.035119642 0.3212617 37 99 235
0.19994999 -0.031324778 0.56119382 37 99 235
-0.17593256 -0.070003793 -0.71748221 37 99 235
0.29030624 0.061312798 -0.39991492 37 99 235
-0.24900101 -0.28707799 -0.64728826 37 99 235
-0.22155847 -0.034181241 -0.72935939 37 99 235
-0.21446447 -0.12429547 -0.07174214 37 99 235
0.26503322 0.018126609 0.44063202 37 99 235
-0.2662892 -0.29905981 0.4082765 37 99 235
-0.048381366 -0.043892547 0.78933668 37 99 235
0.18592219 0.33182001 0.31865004 37 99 235
0.060329676 -0.14668874 -0.66506416 37 99 235
0.094720967 0.11129811 -0.51192433 37 99 235
-0.059232507 0.040042218 0.36249 37 99 235
0.33160603 0.20113339 0.40025878 37 99 235
0.34312081 -0.0078620845 -0.038518175 37 99 235
0.2047489 -0.12569314 -0.16388094 37 99 235
-0.11168317 0.00047563843 -0.74244082 37 99 235
0.20056044 -0.10375855 0.4387385 37 99 235
0.21278819 -0.082918793 -0.50140738 37 99 235
0.24113286 -0.05743546 0.2163302 37 99 235
0.28765187 0.14730558 -0.5051266 37 99 235
-0.3383131 0.12615894 -0.18965524 37 99 235
-0.29373571 -0.16278271 0.60244721 37 99 235
0.32909346 -0.016052656 0.089258611 37 99 235
-0.20410059 -0.03983001 0.78677708 37 99 235
0.3490282 0.027098121 0.56677824 37 99 235
0.20349912 0.071592405 0.63032073 37 99 235
-0.25861627 0.021035571 0.46515131 37 99 235
-0.2326642 0.30419186 -0.11793921 37 99 235
-0.024135759 -0.10387439 -0.57411486 37 99 235
0.32104567 0.12103006 -0.6017766 37 99 235
0.31339559 0.15532912 -0.2861639 37 99 235
-0.19171159 -0.092132494 -0.6239177 37 99 235
0.14890735 0.02456506 -0.54965532 37 99 235
-0.20262374 -0.038623955 0.51704085 37 99 235
0.018369004 -0.08076223 0.40220669 37 99 235
-0.19842279 -0.14349726 -0.44930124 37 99 235
0.096689291 0.29654893 0.17335758 37 99 235
0.18284777 0.085926272 -0.61669189 37 99 235
0.19802269 0.32390091 0.36289892 37 99 235
-0.12669867 -0.1160051 0.066605642 37 99 235
0.2350084 -0.11938223 -0.22996171 37 99 235
-0.32168382 -0.26173487 0.5104112 37 99 235
-0.19781119 0.15762813 -0.35711151 37 99 235
0.22808473 -0.06122461 -0.1956393 37 99 235
0.18960728 -0.048825622 -0.27717394 37 99 235
-0.35016808 -0.016171018 -0.34674004 37 99 235
-0.013632012 -0.10201596 -0.38162076 37 99 235
-0.056362756 -0.11351359 -0.31958088 37 99 235
-0.33150205 0.19115855 0.24443173 37 99 235
0.15376835 0.30045849 -0.25023782 37 99 235
0.27450198 0.31760639 0.061940122 37 99 235
-0.29390717 0.03169677 0.4703573 37 99 235
-0.17437281 -0.098863818 -0.019215453 37 99 235
0.18431674 0.14798313 -0.50325656 37 99 235
-0.16960736 -0.11290561 0.21544883 37 99 235
-0.36071289 -0.12745571 -0.19205369 37 99 235
-0.21027312 -0.0042654993 0.5022226 37 99 235
-0.33388999 0.027318832 -0.15918955 37 99 235
0.19903123 -0.0037078473 0.40873766 37 99 235
-0.071851827 0.082259342 -0.63669533 37 99 235
-0.36469573 -0.15621211 0.6140855 37 99 235
-0.34946114 0.013123324 -0.33113822 37 99 235
0.19687091 0.025563983 -0.67534035 37 99 235
0.33578885 0.078640297 -0.23663545 37 99 235
-0.15786155 -0.061838601 -0.62041676 37 99 235
-0.046944503 -0.15532182 -0.69913191 37 99 235
-0.21188663 -0.15474346 -0.42430466 37 99 235
-0.26820257 0.11596022 0.36401099 37 99 235
0.17999965 -0.0026314114 -0.63553572 37 99 235
0.15965 -0.044040572 -0.35774642 37 99 235
-0.31710356 0.31623682 -0.018802147 37 99 235
0.29107615 0.26461956 0.33001712 37 99 235
0.28723001 0.32426313 0.021152832 37 99 235
-0.38576868 -0.20018759 -0.5392527 37 99 235
0.33466098 -0.033945911 -0.7532779 37 99 235
0.29010275 0.12626092 -0.67930323 37 99 235
-0.32498425 0.15798368 0.30843678 37 99 235
0.18543473 -0.094799377 0.30814511 37 99 235
-0.2659761 0.31423047 0.24227357 37 99 235
-0.15909518 0.060683727 -0.3794103 37 99 235
-0.08276476 -0.057416853 0.23052809 37 99 235
-0.32434079 0.11202033 0.28273427 37 99 235
0.0085570561 -0.093350656 0.44387105 37 99 235
-0.23092873 -0.065654993 -0.43802077 37 99 235
-0.2183926 -0.13684438 0.23805298 37 99 235
-0.31780457 -0.053866845 0.72216535 37 99 235
-0.070292771 -0.020763271 0.75957745 37 99 235
-0.31725737 -0.11343013 -0.24603926 37 99 235
-0.20054805 -0.041250464 -0.57130653 37 99 235
-0.19004217 0.012768036 0.58608258 37 99 235
0.2925368 -0.02629834 -0.16953841 37 99 235
0.34447983 0.0046804189 -0.018296313 37 99 235
-0.26419479 -0.11294156 0.18754141 37 99 235
-0.35545501 -0.12777065 0.25685546 37 99 235
-0.053308766 0.018065879 -0.78687537 37 99 235
0.26257536 -0.17697605 0.6021648 37 99 235
0.14124575 -0.11296855 0.1578145 37 99 235
-0.34611112 0.14058244 0.45663857 37 99 235
-0.081167005 -0.045897994 0.6347332 37 99 235
0.01584094 -0.015091738 -0.75154227 37 99 235
-0.13557917 0.075928949 -0.58091915 37 99 235
0.24351817 0.0044921096 0.59205925 37 99 235
0.13203703 0.083436489 0.71752733 37 99 235
0.31405124 0.10891552 0.59048069 37 99 235
-0.28005058 0.25509465 0.34606707 37 99 235
0.21451877 0.032143112 0.58184451 37 99 235
-0.35047841 0.052803267 0.69812781 37 99 235
-0.12541202 0.11103995 -0.56571209 37 99 235
0.12764238 -0.057841666 -0.27369365 37 99 235
0.32002503 0.13620132 0.54748589 37 99 235
0.32990125 0.11350348 0.016774472 37 99 235
-0.35739493 -0.15050285 0.57655442 37 99 235
-0.084573686 0.30463123 0.10681637 37 99 235
-0.38368684 -0.070383236 -0.45036224 37 99 235
-0.088173904 -0.11338848 -0.20974191 37 99 235
0.28840336 0.024710681 -0.63071257 37 99 235
0.27792442 0.097125031 -0.46326441 37 99 235
0.34513018 -0.011925511 -0.0095100375 37 99 235
-0.15453683 0.016312972 -0.36735043 37 99 235
0.3080759 0.09790466 -0.69721383 37 99 235
0.33720258 0.12594622 0.42465484 37 99 235
-0.20349629 -0.13168763 -0.12057726 37 99 235
-0.3281419 -0.11325503 -0.11085656 37 99 235
-0.27281716 0.11649527 -0.79197991 37 99 235
0.21944416 0.12163679 -0.4987269 37 99 235
-0.040178496 0.3164756 0.35834628 37 99 235
0.35720336 -0.31093228 0.571679 37 99 235
-0.038763788 -0.057724033 -0.13271794 37 99 235
0.32386342 0.077717379 0.2330156 37 99 235
-0.068775222 0.12466661 0.70888293 37 99 235
-0.035155978 0.032966141 -0.72874957 37 99 235
0.34374523 0.24748142 -0.083489314 37 99 235
0.18219624 0.33182001 -0.039269969 37 99 235
-0.25811684 0.028176799 0.74187911 37 99 235
0.0060710157 0.27895537 0.31234804 37 99 235
0.057860035 0.28988022 0.2956306 37 99 235
-0.27087873 0.25878969 -0.33100897 37 99 235
-0.11909761 -0.021685587 -0.32196945 37 99 235
0.14365906 0.071934439 0.71067679 37 99 235
-0.14583197 -0.057714283 -0.11042242 37 99 235
0.33940434 0.10009485 -0.63095134 37 99 235
-0.066323042 0.066533245 -0.37688905 37 99 235
0.25242892 0.32569596 0.16308226 37 99 235
0.11461153 0.028240001 0.5170939 37 99 235
0.33553785 -0.12751526 0.67893082 37 99 235
0.23122172 0.038437326 0.61352402 37 99 235
-0.32874495 0.13540092 0.68331134 37 99 235
-0.26307252 0.07047268 0.62874305 37 99 235
0.045541812 0.29261461 -0.28995937 37 99 235
0.14471377 0.13029756 -0.46829945 37 99 235
-0.10173381 0.086691976 -0.69603109 37 99 235
-0.17321591 -0.12162004 -0.45880729 37 99 235
-0.27705398 -0.17857997 0.68936634 37 99 235
0.26499578 -0.11304177 0.097441152 37 99 235
-0.266862 -0.306566 0.42201713 37 99 235
-0.23971632 -0.2349603 0.51078022 37 99 235
-0.1905981 -0.12155537 -0.59638208 37 99 235
0.18033916 -0.082295612 0.42884967 37 99 235
0.26298794 0.076123461 -0.54717898 37 99 235
0.31135273 0.032149091 0.75995052 37 99 235
0.18527257 0.14112835 -0.59073836 37 99 235
0.10611881 0.31355089 -0.17887977 37 99 235
0.28429911 -0.076493166 -0.28228801 37 99 235
0.0046538087 0.02677913 0.69625592 37 99 235
0.014882226 0.15774208 -0.41263995 37 99 235
-0.32254928 0.31067064 0.11985565 37 99 235
-0.3054201 0.032664001 0.46781611 37 99 235
0.23022965 0.15124427 -0.46479943 37 99 235
0.29316494 -0.31519693 -0.61396295 37 99 235
-0.33148405 0.20149839 -0.032984901 37 99 235
0.30026865 0.062589914 -0.76725674 37 99 235
-0.37782717 -0.14017032 -0.50516891 37 99 235
-0.33837023 0.058808379 0.71780747 37 99 235
-0.036950268 0.14541529 -0.56693369 37 99 235
0.1559934 -0.01426431 -0.65744829 37 99 235
0.17986181 0.32380679 0.14972804 37 99 235
-0.054699883 0.32235974 -0.17557849 37 99 235
0.29678318 0.0030465564 0.26172611 37 99 235
-0.25166556 -0.15792742 0.30188656 37 99 235
0.22630952 0.13031337 -0.68876767 37 99 235
0.33831039 -0.21063915 -0.56218761 37 99 235
-0.23658375 -0.13763383 0.34554347 37 99 235
-0.34483582 -0.19365719 -0.64658833 37 99 235
0.02283651 0.29834539 0.077426061 37 99 235
0.035215322 -0.10062217 -0.63284785 37 99 235
0.34680599 0.14529073 -0.39314583 37 99 235
-0.21878423 0.047335379 0.63047999 37 99 235
0.25566679 -0.2870867 0.61274022 37 99 235
-0.31576511 0.080158204 0.49814144 37 99 235
-0.16270183 0.012689612 0.58754832 37 99 235
-0.030428808 -0.063315563 0.75618654 37 99 235
-0.066942491 -0.053961333 -0.46087468 37 99 235
0.013863584 -0.18596207 -0.58783591 37 99 235
-0.26747054 -0.040858127 -0.78531551 37 99 235
-0.30401149 -0.13842814 0.32614002 37 99 235
0.11589757 -0.11342219 -0.23898064 37 99 235
0.2380617 0.13462433 -0.62886244 37 99 235
0.24462801 0.30137256 0.12981246 37 99 235
-0.081454143 0.15680099 -0.46236983 37 99 235
0.35875902 0.078247987 -0.29459932 37 99 235
0.2617709 -0.061020941 -0.71291733 37 99 235
0.22169547 -0.14295579 -0.30719352 37 99 235
-0.28593281 0.076192312 0.58297592 37 99 235
-0.351383 0.1297093 0.25833964 37 99 235
0.28105828 -0.11939455 -0.24802385 37 99 235
-0.3490721 0.12345318 0.25510868 37 99 235
-0.12498476 -0.057450771 0.19296633 37 99 235
0.22404489 0.082419999 0.56035686 37 99 235
0.24423039 -0.070637994 0.63859719 37 99 235
0.12803847 0.30886856 0.32628301 37 99 235
-0.33128318 -0.20823371 0.67494756 37 99 235
-0.21438409 -0.08474052 -0.52107298 37 99 235
0.25271481 -0.30125359 -0.6611796 37 99 235
-0.34327325 0.13763733 -0.43418708 37 99 235
0.34569275 0.091568641 0.32241479 37 99 235
0.34068489 -0.0048355903 0.790362 37 99 235
0.35077742 -0.17065597 0.68530869 37 99 235
-0.24142317 0.036035541 -0.79627591 37 99 235
0.34113112 -0.037933182 0.76112616 37 99 235
0.25061789 -0.062775098 0.71186602 37 99 235
-0.18314533 0.30099651 -0.20282114 37 99 235
0.2772707 -0.19127019 0.68206924 37 99 235
0.22766145 -0.19905311 -0.58784306 37 99 235
0.27217588 -0.31025413 0.51262927 37 99 235
0.13675708 -0.075303279 0.4584803 37 99 235
0.31507123 -0.022046655 -0.11309337 37 99 235
0.1310475 0.064998634 -0.37059858 37 99 235
0.035395186 -0.035875794 -0.59439951 37 99 235
0.15352459 0.040232249 -0.49923608 37 99 235
0.081013106 0.12534842 0.36224574 37 99 235
-0.17648159 -0.061479211 -0.65233409 37 99 235
0.26977935 -0.31184223 -0.65729678 37 99 235
0.35891733 0.057072286 -0.65113646 37 99 235
0.32626721 -0.30967084 0.56019235 37 99 235
-0.32145 0.030973693 0.22968265 37 99 235
-0.32145 0.099552065 0.21029754 37 99 235
-0.32552579 0.055806126 0.044835877 37 99 235
-0.33116981 0.021599673 -0.33163106 37 99 235
0.061709203 -0.10454604 -0.40630087 37 99 235
-0.33738023 0.001552498 -0.042474087 37 99 235
-0.32742986 -0.077266067 -0.61767811 37 99 235
0.3782649 -0.0071383207 -0.65894425 37 99 235
0.1721247 0.14998236 -0.5060733 37 99 235
-0.32123372 0.14282994 -0.2772336 37 99 235
-0.16723596 -0.1128853 0.23221137 37 99 235
-0.030344937 0.061638582 -0.46943673 37 99 235
-0.35018086 0.050240278 -0.4143011 37 99 235
-0.36272186 -0.079108879 -0.26533258 37 99 235
-0.20115 -0.061449189 0.54878223 37 99 235
0.2438699 -0.27974957 0.42076167 37 99 235
-0.32324082 0.077613443 -0.24022298 37 99 235
0.28313977 -0.04518364 0.74956864 37 99 235
-0.34211341 0.25041106 0.30662632 37 99 235
0.12374078 0.26814556 0.3422755 37 99 235
-0.26321861 -0.086688727 0.58572549 37 99 235
0.07336057 -0.097037792 -0.61611378 37 99 235
0.30511069 0.051105965 -0.61779946 37 99 235
-0.34860998 -0.28931758 0.61870134 37 99 235
0.24577311 0.22942682 0.35366958 37 99 235
0.39247146 -0.13955449 -0.77134198 37 99 235
-0.27066684 0.084241197 -0.79270065 37 99 235
0.040644631 -0.058264885 -0.032066312 37 99 235
-0.17362678 0.11703356 -0.53623652 37 99 235
-0.20530689 0.13296467 -0.67682195 37 99 235
-0.038271494 -0.12141252 0.28437635 37 99 235
-0.15843725 -0.056508288 -0.4132553 37 99 235
0.33694082 0.035872944 0.5819459 37 99 235
0.25687808 0.076679833 -0.5629217 37 99 235
0.34100664 0.29413071 -0.0077419817 37 99 235
0.27019081 -0.008874706 0.30768767 37 99 235
0.30774981 0.051511843 -0.31350482 37 99 235
0.18070266 -0.11976394 -0.25705624 37 99 235
0.36305791 -0.23929785 0.5420149 37 99 235
0.087000571 0.029770771 0.38359019 37 99 235
-0.054154273 0.32785746 -0.074323215 37 99 235
0.21531264 0.3312161 0.055776522 37 99 235
-0.32350215 -0.033022128 0.15651494 37 99 235
-0.059442606 0.15163299 0.36243632 37 99 235
0.36074239 -0.026242776 0.49973369 37 99 235
0.1795575 -0.059375595 0.62744284 37 99 235
-0.33433354 0.0029377418 -0.074910171 37 99 235
0.27934581 -0.2782363 0.62913972 37 99 235
-0.266168 -0.050771162 -0.39156744 37 99 235
-0.14214794 0.13942863 0.7293787 37 99 235
-0.16329028 0.29625976 0.18612097 37 99 235
-0.3954497 -0.039326593 -0.49897444 37 99 235
-0.043189608 0.32840088 0.26877546 37 99 235
-0.35027891 0.037015352 0.70527238 37 99 235
0.11521484 0.077281237 -0.67482013 37 99 235
0.34496886 -0.023771895 0.76938051 37 99 235
-0.045471787 0.30457932 -0.32184973 37 99 235
0.34237507 -0.031819999 0.027720202 37 99 235
-0.29614058 0.31737193 -0.24691673 37 99 235
0.29138547 -0.20192342 -0.51940405 37 99 235
-0.41385376 -0.14194727 0.055908907 37 99 235
-0.21649057 0.32365644 0.14151639 37 99 235
-0.33133289 -0.271308 -0.73662752 37 99 235
0.36108944 -0.0010273297 0.4521884 37 99 235
0.097757965 0.30054113 0.26499507 37 99 235
0.1581382 0.13778539 -0.67472011 37 99 235
-0.20272335 0.092030272 -0.40947473 37 99 235
-0.16294737 0.042742554 -0.4832437 37 99 235
-0.082834214 -0.15727821 -0.58231992 37 99 235
0.11961191 0.082171515 -0.65563637 37 99 235
-0.27498057 0.015496877 -0.5014019 37 99 235
0.28851366 -0.23938601 0.3562479 37 99 235
0.34548369 -0.10045789 0.55225641 37 99 235
-0.046753366 0.31532255 0.35497594 37 99 235
-0.14387906 0.11485044 -0.5387786 37 99 235
0.085415177 0.032530338 -0.40074569 37 99 235
0.15121377 0.044612464 -0.47535384 37 99 235
-0.26414263 0.0091603315 0.62112355 37 99 235
-0.21909688 -0.14935943 0.47987491 37 99 235
0.15183161 -0.090901665 0.4693771 37 99 235
0.121585 -0.11293349 0.19039269 37 99 235
0.33415338 0.12132382 -0.58210486 37 99 235
-0.25979301 0.034202237 -0.7321133 37 99 235
0.29115471 -0.26576877 0.64297944 37 99 235
-0.27138066 -0.008918942 0.31384853 37 99 235
0.2852352 -0.14200705 0.32539502 37 99 235
-0.14192329 0.31068218 0.17806101 37 99 235
-0.31154138 0.15279281 -0.4395363 37 99 235
-0.32626846 -0.31101188 -0.54011256 37 99 235
0.34816027 0.083534196 0.653108 37 99 235
-0.2366662 -0.24633811 0.58798313 37 99 235
-0.3216272 -0.048545733 0.050062079 37 99 235
0.3399488 0.0098142084 -0.039777152 37 99 235
0.13738239 -0.05780825 -0.23344861 37 99 235
-0.30870578 -0.2134939 -0.54423666 37 99 235
0.11531395 0.28128275 0.35376483 37 99 235
0.13747723 -0.057820622 -0.24833953 37 99 235
-0.24411781 -0.2150384 0.67295593 37 99 235
-0.011272818 0.30119121 -0.19037715 37 99 235
-0.19384503 -0.097866684 -0.57767642 37 99 235
-0.28180063 -0.26950136 0.5289911 37 99 235
-0.019998325 0.064048678 -0.67967927 37 99 235
-0.15784197 0.086644866 -0.64201659 37 99 235
-0.23486307 0.30546582 0.30196285 37 99 235
0.31976894 -0.12119095 -0.79338205 37 99 235
0.089819841 0.33182001 -0.15196933 37 99 235
-0.12054428 -0.1166487 -0.031586438 37 99 235
0.20938583 -0.062029779 0.51625735 37 99 235
-0.34683737 -0.28636754 -0.50979602 37 99 235
-0.14606695 0.00065598823 0.79161 37 99 235
0.28039169 -0.051481605 0.48631859 37 99 235
-0.24293482 -0.062960461 0.10081252 37 99 235
-0.19751467 0.14528215 -0.60642046 37 99 235
0.053711098 0.11134829 0.70924997 37 99 235
0.30350092 -0.096655414 -0.23631558 37 99 235
0.056303106 -0.057552088 0.081751823 37 99 235
0.020496888 0.094003044 0.73304999 37 99 235
0.06627652 0.056953933 -0.59534633 37 99 235
-0.35008812 -0.035603277 -0.36035019 37 99 235
-0.07689482 -0.11313578 0.010533216 37 99 235
-0.10156993 0.32374489 0.070796214 37 99 235
0.29338476 0.059589911 -0.3223792 37 99 235
-0.32145 0.042766146 0.24255861 37 99 235
-0.071107037 0.10405765 0.36245504 37 99 235
-0.015400548 -0.057559785 0.060493279 37 99 235
0.21904673 -0.20071922 -0.53607208 37 99 235
0.32902434 0.071486607 0.039768476 37 99 235
-0.23961255 -0.15386847 -0.42230818 37 99 235
0.048248559 0.084587663 -0.42484775 37 99 235
-0.15470026 0.08953876 0.74159735 37 99 235
0.22976349 0.31541079 0.24343549 37 99 235
-0.21313109 0.089998387 -0.46107206 37 99 235
-0.097873077 0.15976606 -0.35878223 37 99 235
0.2510885 0.087580487 -0.31293532 37 99 235
-0.11607476 0.0024305524 -0.47463042 37 99 235
-0.39000717 -0.086892322 -0.52024192 37 99 235
-0.090632409 -0.11280473 -0.75594854 37 99 235
-0.23599951 -0.12369014 0.24805099 37 99 235
0.3017447 0.251084 -0.33121163 37 99 235
-0.33381724 0.056464337 -0.25997135 37 99 235
-0.28836918 0.32032388 0.08067476 37 99 235
-0.16518803 -0.057578199 -0.28748596 37 99 235
0.32950431 0.20843624 0.39565286 37 99 235
-0.10569699 -0.098907083 -0.68425602 37 99 235
0.10924854 -0.057631645 -0.025258873 37 99 235
0.31430113 -0.22820033 0.66689438 37 99 235
-0.2843605 0.015017393 0.69812995 37 99 235
0.040684473 0.11116207 -0.37700996 37 99 235
0.17845684 0.10498732 0.36249 37 99 235
-0.029903404 0.049847495 -0.49005094 37 99 235
0.11392561 0.040399961 0.36736321 37 99 235
0.30239597 -0.11330803 -0.13774565 37 99 235
-0.012060628 -0.061539102 0.58735293 37 99 235
0.41081771 -0.14130652 0.17073235 37 99 235
-0.28676453 0.019511811 0.38795629 37 99 235
0.32458475 0.048965693 -0.54796201 37 99 235
0.34496614 -0.25449446 0.50229281 37 99 235
-0.14329696 -0.022214118 -0.70014983 37 99 235
0.069611877 -0.045229819 0.449292 37 99 235
0.31520015 -0.04773479 0.47486398 37 99 235
-0.35053593 -0.039086677 0.72413635 37 99 235
0.23805831 -0.16436413 0.39805278 37 99 235
0.014313611 -0.058286641 0.7025342 37 99 235
0.22551811 -0.11933742 -0.56495655 37 99 235
-0.23168032 0.2369017 0.33181578 37 99 235
0.32542124 0.14618187 0.041061606 37 99 235
0.19283229 -0.14117199 -0.31251991 37 99 235
-0.10785801 0.30649245 -0.33121008 37 99 235
0.059776932 0.079568326 -0.79630661 37 99 235
0.30476683 0.12484371 -0.67113531 37 99 235
-0.33531705 0.14103052 -0.044459295 37 99 235
0.22089177 0.0097502349 -0.61300302 37 99 235
0.056681424 0.028240001 0.40001708 37 99 235
-0.23786189 -0.057666644 -0.061742868 37 99 235
0.074558437 -0.035151653 0.79357022 37 99 235
0.33722219 -0.18735377 -0.54591614 37 99 235
0.09760084 -0.087969847 -0.48709854 37 99 235
0.10694231 0.0078397598 -0.41207147 37 99 235
0.27493569 0.07976 0.44240639 37 99 235
0.067429289 -0.032979302 -0.45572147 37 99 235
-0.32911509 -0.07651075 -0.14172119 37 99 235
-0.13585299 -0.063677698 0.58210522 37 99 235
0.045836814 -0.037459031 -0.71524197 37 99 235
0.3356902 0.073848054 0.30644837 37 99 235
0.082309306 -0.0082865125 -0.73961985 37 99 235
-0.34150428 -0.11227748 0.036295339 37 99 235
0.27998227 -0.23648112 0.53467768 37 99 235
0.26604298 -0.27321917 0.62662667 37 99 235
-0.24388236 0.19813856 0.35658774 37 99 235
-0.3682071 -0.081683889 -0.22098745 37 99 235
-0.18667249 0.32427999 0.34888753 37 99 235
-0.023675151 -0.089143597 -0.29788435 37 99 235
0.14828405 -0.052262932 0.28688654 37 99 235
0.24757986 -0.23911656 0.38347879 37 99 235
0.17832902 -0.040117733 -0.7332654 37 99 235
0.1924779 -0.1281487 -0.13750096 37 99 235
0.022120867 -0.1369635 -0.4397676 37 99 235
0.13963787 0.044612847 -0.41940936 37 99 235
0.36090311 -0.027868314 -0.74835801 37 99 235
-0.11222928 0.1320298 0.36234319 37 99 235
0.36211666 0.16861919 -0.22857518 37 99 235
-0.32371619 -0.050898366 0.73991323 37 99 235
-0.11783481 -0.10217318 -0.70851916 37 99 235
0.23471291 -0.14170983 0.45555943 37 99 235
0.20844321 0.031861771 0.57217675 37 99 235
0.22280534 0.062597647 0.47559348 37 99 235
0.023658048 -0.116486 -0.047107562 37 99 235
-0.34955895 0.072094344 -0.46331531 37 99 235
-0.26813376 0.32320622 -0.12525715 37 99 235
0.087202765 0.32497945 -0.11360352 37 99 235
0.2349059 -0.17715403 0.63629913 37 99 235
-0.35234341 -0.12665573 -0.15348829 37 99 235
0.033965107 -0.11510703 -0.059709888 37 99 235
0.33829945 0.29485303 0.025934197 37 99 235
-0.13572693 -0.0042502573 -0.33849153 37 99 235
0.098250762 0.3214342 -0.27656123 37 99 235
-0.14093456 -0.055053961 0.27933252 37 99 235
0.087371469 0.32562923 -0.20360109 37 99 235
-0.009033002 -0.12330599 0.16370818 37 99 235
-0.021422725 0.028240001 0.55732381 37 99 235
-0.071088798 -0.038382191 -0.28682551 37 99 235
-0.34115642 -0.13801676 0.46773031 37 99 235
0.31464171 -0.012833153 0.7845825 37 99 235
0.11246359 0.044523202 -0.38165674 37 99 235
-0.098448969 -0.057447568 0.19397904 37 99 235
0.046442974 0.018006612 -0.79587907 37 99 235
0.14787377 0.32407555 0.13897194 37 99 235
-0.054584876 -0.0064036399 -0.31384999 37 99 235
-0.24228063 -0.16119459 0.66391474 37 99 235
-0.35432866 -0.077918306 0.53914434 37 99 235
-0.25095034 -0.054606337 -0.1294927 37 99 235
-0.30164924 -0.19017792 0.68127066 37 99 235
0.23739611 -0.24493717 0.54951793 37 99 235
0.071891025 0.29768896 -0.0044543166 37 99 235
0.29214662 0.2806913 0.1141837 37 99 235
0.27807623 0.0019554764 0.30434394 37 99 235
0.23865123 -0.23091309 0.55854791 37 99 235
-0.040232386 0.13777544 -0.63261306 37 99 235
0.33132756 -0.15885532 -0.51630032 37 99 235
-0.01470759 0.0067887055 -0.78671813 37 99 235
0.094049998 0.30461475 -0.00075920869 37 99 235
0.09395726 -0.11264035 0.25677714 37 99 235
-0.38709518 -0.28739265 -0.52903372 37 99 235
-0.31190705 -0.11332563 -0.15038265 37 99 235
0.35023442 0.11532968 0.35715535 37 99 235
-0.23656751 0.047366783 -0.6280207 37 99 235
0.18488921 -0.025807217 -0.65161824 37 99 235
-0.22199304 -0.091416992 0.4702324 37 99 235
0.12805019 -0.11124036 -0.3771067 37 99 235
-0.32749212 0.069902852 0.5949893 37 99 235
0.31237015 -0.099324852 0.50445914 37 99 235
-0.068395086 -0.049675871 -0.47615892 37 99 235
0.13267779 -0.11290653 0.21484555 37 99 235
-0.32156587 -0.0012335196 -0.051730771 37 99 235
0.21232772 0.012434452 0.4460814 37 99 235
0.27295995 0.10512716 -0.29667851 37 99 235
-0.016735932 0.29417884 0.36606741 37 99 235
-0.016977001 -0.11455303 0.40985948 37 99 235
0.25909019 -0.12959072 -0.34594682 37 99 235
0.15521775 0.057256736 -0.32121137 37 99 235
0.15345418 -0.10234132 0.28828436 37 99 235
0.31154236 -0.23237784 -0.65020293 37 99 235
0.0081004752 -0.061894692 0.66882479 37 99 235
-0.33197093 0.2138534 -0.015639108 37 99 235
-0.19501945 -0.031023545 -0.5536043 37 99 235
0.21205392 0.1003504 0.71337825 37 99 235
0.12033008 -0.06487032 -0.408577 37 99 235
0.32448491 -0.30265108 -0.69387096 37 99 235
0.27026552 -0.13576762 0.45013139 37 99 235
-0.19397557 0.13167723 -0.69723654 37 99 235
-0.025636824 0.29462031 0.14489754 37 99 235
-0.031019974 -0.15008719 -0.50187087 37 99 235
0.30065453 -0.11307918 -0.06341397 37 99 235
-0.070742346 0.028497916 -0.31386191 37 99 235
0.3546254 -0.10417791 0.27910867 37 99 235
0.039624531 -0.00019484304 -0.55197185 37 99 235
-0.32145 0.011973981 0.2137531 37 99 235
-0.14536215 -0.064297438 -0.48088279 37 99 235
0.20065774 -0.00057730259 -0.73377258 37 99 235
0.23411603 0.17094123 -0.33931482 37 99 235
0.3417803 0.10111356 0.56269771 37 99 235
0.32066125 0.11369313 0.26707691 37 99 235
-0.16134609 -0.059680317 -0.14540038 37 99 235
0.16313311 0.3041015 -0.11895106 37 99 235
0.1452179 -0.11935261 -0.19432028 37 99 235
0.18160217 -0.023886481 0.79153931 37 99 235
0.34266818 0.29361656 0.050901715 37 99 235
-0.22607622 0.2682265 -0.3312217 37 99 235
-0.07483016 0.27779379 -0.33121958 37 99 235
-0.27855644 -0.0035371901 0.79091734 37 99 235
-0.17941478 -0.019731224 -0.73266125 37 99 235
-0.26506367 0.012200272 -0.55714208 37 99 235
0.34198862 -0.16440682 -0.69445819 37 99 235
0.3510572 0.052722223 0.47944883 37 99 235
0.36209697 -0.18315232 0.66455007 37 99 235
-0.33565491 0.28569534 0.33325478 37 99 235
-0.095865205 -0.093715198 0.29259637 37 99 235
0.063346118 0.31102425 0.087390251 37 99 235
0.02334366 -0.038141176 0.38133004 37 99 235
0.26167443 0.0026833816 0.69559544 37 99 235
0.0092813801 -0.057455316 0.19095398 37 99 235
-0.34097126 0.077236019 0.6127333 37 99 235
-0.30071613 0.25683549 -0.020915963 37 99 235
-0.29010221 -0.0018230971 0.78847116 37 99 235
-0.024661183 0.063072868 0.7341159 37 99 235
0.40008044 -0.094685666 -0.75318265 37 99 235
-0.034222916 -0.058045659 0.77767968 37 99 235
-0.34747523 -0.077801406 0.62662965 37 99 235
0.32853791 -0.10782322 -0.27389768 37 99 235
0.34302413 0.062391385 0.63414162 37 99 235
-0.16431114 -0.12372088 -0.19805862 37 99 235
0.014056548 -0.061542634 0.68917948 37 99 235
-0.24411906 -0.30462918 0.5491327 37 99 235
-0.1310114 0.2009553 -0.35768038 37 99 235
-0.36360469 -0.17047592 0.36320058 37 99 235
0.16508451 0.30972153 -0.17111324 37 99 235
-0.34596524 -0.12673528 -0.26926437 37 99 235
-0.16732483 -0.10096882 -0.48916811 37 99 235
0.37950072 -0.22328632 -0.66364449 37 99 235
0.22254778 -0.049769849 -0.28911304 37 99 235
0.021966532 -0.13863672 0.46145803 37 99 235
-0.29265773 0.14599267 0.34976998 37 99 235
-0.32301694 0.22906327 -0.019177115 37 99 235
-0.26994115 0.13209844 -0.64177179 37 99 235
-0.35854843 -0.30377582 0.59895271 37 99 235
-0.0072121038 0.080549628 -0.37972674 37 99 235
-0.0008271616 -0.17693299 0.4869037 37 99 235
-0.29616031 -0.07250198 0.28685355 37 99 235
0.11423863 0.22183242 -0.33121833 37 99 235
0.29061776 -0.13649654 0.32264006 37 99 235
-0.1523785 0.05015298 0.42293128 37 99 235
0.2306765 0.066931412 0.41843471 37 99 235
-0.33968851 0.20811073 -0.11576875 37 99 235
-0.30287912 -0.2494013 -0.46560207 37 99 235
-0.22862867 0.01569682 -0.6482287 37 99 235
0.27907547 -0.057456814 0.18580426 37 99 235
0.37014875 -0.14290459 -0.67270255 37 99 235
-0.36929369 -0.17392451 -0.53075975 37 99 235
-0.34595513 0.027995296 -0.39662644 37 99 235
0.36970448 -0.25710905 0.56885809 37 99 235
0.22350973 -0.12659267 -0.026717503 37 99 235
-0.20951559 -0.13189559 0.063094079 37 99 235
0.33613071 0.0056657186 0.59892946 37 99 235
0.12440896 -0.11014193 0.26620662 37 99 235
-0.33265027 0.043533877 0.35057285 37 99 235
0.18677726 0.13010642 -0.30939782 37 99 235
0.16800547 0.015375649 0.78088468 37 99 235
-0.34739855 -0.21778449 0.59083241 37 99 235
-0.25667256 -0.050393395 0.39268649 37 99 235
0.078014486 0.063729182 -0.51071221 37 99 235
-0.25468373 0.14893162 -0.48616377 37 99 235
0.03189249 0.028240001 0.38518611 37 99 235
-0.32145 0.10164814 -0.14317314 37 99 235
-0.36932194 -0.25214183 0.50650054 37 99 235
0.10514232 0.046570525 -0.39683422 37 99 235
-0.29795712 0.055711258 0.33518791 37 99 235
-0.20448817 -0.1495389 -0.38626814 37 99 235
-0.13699494 0.060143214 -0.44103 37 99 235
-0.32749447 0.040179525 0.32523149 37 99 235
0.11347467 0.1685892 0.35655314 37 99 235
-0.31362021 0.31882685 -0.029370246 37 99 235
0.36740682 0.033679336 -0.76985431 37 99 235
-0.35019001 0.11424576 0.58786201 37 99 235
0.27024773 0.29406253 -0.23343946 37 99 235
-0.067609251 0.0017720519 -0.31384999 37 99 235
-0.30399773 -0.049311597 0.066268928 37 99 235
0.38095298 -0.24204688 -0.68038648 37 99 235
0.31352931 -0.0076449765 0.036006067 37 99 235
-0.040697195 0.10824243 -0.43401301 37 99 235
-0.19997536 -0.13567865 0.50785321 37 99 235
0.36268675 -0.021000562 0.49663213 37 99 235
0.070468478 0.32315037 -0.15124023 37 99 235
-0.061302003 0.30992547 0.29815149 37 99 235
0.022922754 -0.03554371 0.35382572 37 99 235
-0.1271428 0.10653266 -0.64317721 37 99 235
0.24293268 -0.26876551 0.61328292 37 99 235
-0.32201982 -0.30787307 0.51765811 37 99 235
-0.21374364 -0.057628639 -0.015476155 37 99 235
-0.0057457997 -0.056146972 -0.27828193 37 99 235
-0.34814358 -0.074722342 0.65069634 37 99 235
0.34203488 -0.11926162 0.27974853 37 99 235
0.13474874 -0.11304708 0.091190882 37 99 235
-0.26385772 -0.04955925 -0.4790417 37 99 235
0.29517645 0.028279159 0.30517977 37 99 235
0.2243086 0.33125919 0.18684958 37 99 235
0.2116331 -0.079751387 -0.56217581 37 99 235
-0.19309182 0.056963041 -0.39230341 37 99 235
0.12683623 0.022527287 0.34502107 37 99 235
-0.12200978 -0.057693105 -0.083510861 37 99 235
-0.35272262 -0.20276912 0.33698574 37 99 235
-0.12851828 -0.11349638 -0.30186188 37 99 235
-0.26289782 -0.020312076 -0.37097642 37 99 235
-0.036534946 -0.12353908 0.31004518 37 99 235
0.054420877 0.010765379 -0.51260102 37 99 235
0.32025 0.1013097 -0.20750925 37 99 235
0.3488135 0.2692678 -0.21574062 37 99 235
0.23603892 -0.09420827 0.4958508 37 99 235
-0.01109368 -0.053256541 0.69194251 37 99 235
-0.21423326 -0.094661541 0.49720079 37 99 235
-0.36349472 -0.1379388 0.19734658 37 99 235
-0.32298407 -0.036310084 0.32283497 37 99 235
0.16673997 -0.05752112 0.11165471 37 99 235
-0.16789529 0.16139135 -0.42236233 37 99 235
-0.30944142 -0.11291239 0.20656067 37 99 235
0.15723093 0.13846602 -0.62944257 37 99 235
0.21133307 0.021663625 -0.77496737 37 99 235
-0.11424328 -0.087656826 -0.60138899 37 99 235
-0.15279678 0.32535592 -0.06786292 37 99 235
0.054922063 0.13019574 0.70924997 37 99 235
0.34527132 0.24367477 0.016503083 37 99 235
-0.26719221 -0.070173278 -0.53038257 37 99 235
-0.26753896 -0.057791453 -0.21129021 37 99 235
0.35928866 -0.0070562861 0.39546302 37 99 235
0.069770224 0.017516507 -0.31384999 37 99 235
0.13524757 -0.057754647 -0.16776244 37 99 235
-0.37304306 -0.10655023 0.38211748 37 99 235
0.23346749 -0.057638437 -0.028422642 37 99 235
0.35540995 0.082954384 -0.75571913 37 99 235
0.21086219 0.29438069 0.03782678 37 99 235
0.34355414 0.21711914 -0.25559911 37 99 235
0.19339465 0.0080740685 -0.66628653 37 99 235
-0.16194148 -0.068229459 -0.72377563 37 99 235
-0.22438323 0.035758361 0.40296683 37 99 235
-0.12834148 -0.057673585 -0.059706308 37 99 235
0.33090273 0.23014283 -0.21153821 37 99 235
-0.027751628 0.13631892 -0.63559449 37 99 235
0.30635309 0.32317871 0.26134601 37 99 235
-0.35019001 0.094385259 -0.40933859 37 99 235
-0.31173241 0.3216325 0.26293567 37 99 235
0.30801982 -0.1954955 0.62699455 37 99 235
0.2977519 0.081056483 -0.52537763 37 99 235
0.30601275 0.13261935 -0.56492937 37 99 235
-0.31916392 0.25535148 -0.2791236 37 99 235
0.26297185 0.16919582 -0.37297389 37 99 235
-0.13283125 0.30582228 0.28939411 37 99 235
0.078489497 0.32317638 -0.13960694 37 99 235
0.2357194 0.091998503 -0.43896788 37 99 235
-0.049901355 -0.070340239 0.72702289 37 99 235
0.33053899 0.25440562 -0.15419427 37 99 235
-0.1927142 -0.0012040676 -0.60594404 37 99 235
-0.32438317 0.093952633 0.0031365426 37 99 235
-0.38464102 -0.16621386 -0.51894039 37 99 235
-0.34974757 0.013667248 -0.33964416 37 99 235
0.071237303 -0.057461232 0.18017998 37 99 235
0.34837162 0.071400121 0.70034605 37 99 235
-0.18558872 -0.13401781 -0.099938013 37 99 235
0.03869281 0.31470436 0.023113433 37 99 235
-0.31701279 0.31832448 0.19340435 37 99 235
-0.33408749 -0.042262264 -0.70096374 37 99 235
-0.12692069 0.25704736 -0.33122617 37 99 235
0.37299144 -0.29779226 -0.68360925 37 99 235
0.022090539 -0.017582411 -0.53459549 37 99 235
0.34429947 -0.28749537 -0.71231681 37 99 235
0.31620291 0.050790302 -0.55680037 37 99 235
-0.2433819 -0.075298145 -0.44209445 37 99 235
-0.32145 0.11561421 -0.26087517 37 99 235
-0.084195733 -0.00056202192 -0.50923002 37 99 235
0.30395454 -0.2364538 0.49266633 37 99 235
-0.34714192 0.01559021 0.41861123 37 99 235
-0.23162219 -0.18096665 0.57163125 37 99 235
0.065409958 -0.096396841 -0.7159521 37 99 235
-0.040658776 0.30385303 0.047992725 37 99 235
-0.20019335 -0.063066356 0.64581454 37 99 235
0.33282974 -0.0520024 0.31855601 37 99 235
0.34180525 0.056387108 0.0015577761 37 99 235
0.23721565 -0.27919206 0.43431211 37 99 235
0.36131477 -0.23171705 0.3776297 37 99 235
-0.051646583 -0.11016936 -0.39329565 37 99 235
-0.26023403 0.31915841 0.04618334 37 99 235
-0.32058346 0.2278372 -0.0017927826 37 99 235
0.079099528 0.2965278 0.04424477 37 99 235
0.1758993 -0.057783645 -0.1930059 37 99 235
0.23638512 -0.24425378 0.56969911 37 99 235
-0.18607309 0.15897091 -0.35277015 37 99 235
-0.34673676 0.16050346 0.33025932 37 99 235
-0.33883625 -0.31480598 -0.55852085 37 99 235
-0.2596333 0.12520804 -0.70172435 37 99 235
-0.031877931 0.1791362 -0.35540134 37 99 235
0.21409711 -0.19112392 -0.52117777 37 99 235
-0.36951506 -0.041119687 0.55964607 37 99 235
0.0090555949 0.32975671 0.27404785 37 99 235
-0.094696477 0.10678209 -0.35718337 37 99 235
-0.15684715 0.062116988 -0.75925452 37 99 235
-0.25464728 -0.11342563 -0.23995003 37 99 235
-0.34170327 -0.11057934 0.1335633 37 99 235
-0.35907787 -0.12678356 -0.58372915 37 99 235
0.24591307 -0.076249637 -0.19022635 37 99 235
-0.18128109 -0.056611471 0.4714168 37 99 235
-0.24180584 -0.11499236 -0.24865133 37 99 235
-0.23673755 -0.23094979 -0.67801362 37 99 235
0.38325706 0.15168175 -0.24896137 37 99 235
0.1037659 0.1017637 -0.44506758 37 99 235
-0.015009992 -0.11952681 -0.40593186 37 99 235
-0.25307417 -0.051576305 0.64436823 37 99 235
-0.32610402 -0.25003803 -0.46505854 37 99 235
0.24740927 -0.09974657 0.34266788 37 99 235
0.072167434 0.083387651 -0.61476916 37 99 235
0.34115529 0.075284146 -0.55957639 37 99 235
-0.34822589 -0.23305346 -0.47609395 37 99 235
0.346376 -0.043874998 -0.10110203 37 99 235
0.19025357 -0.10695798 0.28651875 37 99 235
0.21694276 0.075811043 -0.71353269 37 99 235
0.11305737 0.13636214 -0.48322099 37 99 235
-0.24883972 0.16603832 -0.30489197 37 99 235
-0.36247802 -0.13996229 -0.57551503 37 99 235
0.16874725 -0.057802331 -0.2263357 37 99 235
-0.26083744 -0.037349463 0.49483877 37 99 235
0.052983586 -0.15065224 0.46170989 37 99 235
0.27157429 0.048958849 0.36943018 37 99 235
0.38866821 -0.13179459 -0.70325965 37 99 235
-0.31954572 0.13111889 -0.30221292 37 99 235
-0.29943529 0.26809287 -0.330515 37 99 235
0.35615984 -0.31777874 -0.58908802 37 99 235
0.065124363 0.32321286 -0.12354038 37 99 235
-0.064837337 0.3239035 0.13679145 37 99 235
-0.15046972 0.081578627 -0.78184515 37 99 235
0.039598636 0.31952021 -0.18662499 37 99 235
-0.24256596 -0.092683673 -0.69761163 37 99 235
-0.33047652 -0.1131847 -0.061323281 37 99 235
-0.24336317 0.026208855 0.49800435 37 99 235
-0.03591951 -0.05756044 0.061638217 37 99 235
0.0052931239 -0.11875529 0.16312568 37 99 235
0.30881745 -0.22630018 0.50018257 37 99 235
-0.010142188 0.30884302 0.067007236 37 99 235
-0.16323535 -0.057837099 -0.2603319 37 99 235
-0.3189677 0.12957068 0.58634877 37 99 235
-0.2236308 -0.28477567 -0.67147386 37 99 235
0.23600814 0.13745373 -0.59274954 37 99 235
0.14092393 -0.05761138 0.0023824836 37 99 235
0.28393483 0.24486305 -0.31228793 37 99 235
0.096097782 -0.034945868 -0.45057997 37 99 235
0.29092029 0.2942659 -0.26972958 37 99 235
-0.15567288 -0.15541038 -0.64841044 37 99 235
-0.3685534 -0.22357164 0.63793331 37 99 235
0.32526565 0.013477923 -0.23579718 37 99 235
-0.33761972 0.097807541 -0.20669249 37 99 235
-0.21444242 -0.16797617 -0.71053016 37 99 235
-0.25199401 -0.1602387 0.34079042 37 99 235
0.34135574 0.085409559 -0.75442982 37 99 235
0.13782106 0.31282979 0.2476885 37 99 235
-0.17668122 -0.13580768 -0.7173996 37 99 235
0.14659473 -0.04954581 -0.55764347 37 99 235
-0.3387422 0.24646951 -0.13533308 37 99 235
0.18954326 0.15744276 -0.31550497 37 99 235
0.050825275 -0.05752258 -0.30581197 37 99 235
-0.015191686 0.30940068 0.012924642 37 99 235
0.27844521 0.16820966 -0.38929924 37 99 235
0.34941614 -0.18768901 0.62216133 37 99 235
0.33001533 -0.15812626 0.43988413 37 99 235
0.2873579 -0.3155317 0.53202319 37 99 235
0.34256828 -0.072477572 -0.10407805 37 99 235
-0.12956184 -0.02088538 -0.45442393 37 99 235
-0.1096556 -0.093402416 -0.58372712 37 99 235
0.2947264 0.17839828 0.34141341 37 99 235
-0.069536835 0.29916942 0.23574172 37 99 235
0.063987494 -0.037524644 -0.73848182 37 99 235
-0.32034907 0.13671896 -0.50049108 37 99 235
0.03382374 -0.10588878 -0.37826815 37 99 235
-0.045786262 -0.04328955 -0.52708811 37 99 235
0.30904832 -0.13354683 0.31110573 37 99 235
-0.26733616 0.13941111 -0.58340478 37 99 235
-0.17022854 -0.12604813 -0.16232234 37 99 235
0.16389294 0.01432101 -0.66559297 37 99 235
-0.23473132 -0.038131714 -0.45330188 37 99 235
0.35528734 -0.11464244 0.59110194 37 99 235
0.15249443 0.091174349 0.67293972 37 99 235
-0.33608443 -0.24897183 0.65196592 37 99 235
0.21730161 -0.057608452 0.014594809 37 99 235
-0.19460459 0.29704797 0.35931706 37 99 235
0.12593959 -0.069698557 0.46411973 37 99 235
0.25864416 0.13123429 -0.61145478 37 99 235
-0.34404185 -0.22584027 0.34871724 37 99 235
0.34980518 -0.1254347 0.44867957 37 99 235
0.007546932 -0.1817389 -0.5754602 37 99 235
-0.12766308 0.028460262 0.40688702 37 99 235
0.28183338 0.077687934 -0.77663159 37 99 235
0.36090767 0.027051456 0.54096562 37 99 235
0.37311384 -0.12081037 0.27085134 37 99 235
-0.34969088 -0.088763475 -0.34267277 37 99 235
0.042720236 -0.16741791 -0.60240638 37 99 235
0.29547286 -0.014181695 -0.39370808 37 99 235
0.30914915 -0.28635672 -0.50028211 37 99 235
-0.133322 -0.15434825 -0.6394406 37 99 235
0.25511822 0.059497662 -0.358643 37 99 235
0.056601942 -0.057430286 0.21964042 37 99 235
0.063998803 -0.057990491 -0.085788138 37 99 235
-0.17498653 0.072152875 0.75792158 37 99 235
0.30770093 -0.1519343 -0.70911324 37 99 235
0.057161789 -0.032566819 -0.65194988 37 99 235
-0.33060482 0.067868367 -0.20219582 37 99 235
0.0052804146 -0.058561493 -0.098167285 37 99 235
-0.3519935 0.018319009 0.74877977 37 99 235
0.21933715 -0.18988408 -0.56681651 37 99 235
0.33522889 0.2963036 0.028869947 37 99 235
-0.2675738 -0.11304602 0.089364253 37 99 235
0.025359506 -0.10279911 -0.62557459 37 99 235
-0.16625743 -0.087710887 0.2427514 37 99 235
0.25609589 -0.27957678 -0.5074259 37 99 235
0.030563127 0.32039386 -0.31588924 37 99 235
0.15044744 -0.11660928 0.072766431 37 99 235
-0.21652862 0.095355086 -0.39345545 37 99 235
-0.23771989 -0.16275291 -0.50801671 37 99 235
0.34136695 0.23793778 0.387889 37 99 235
0.14010334 -0.01906709 -0.66616052 37 99 235
0.18996942 0.0057767015 0.46986806 37 99 235
-0.34937832 0.26212922 0.02268596 37 99 235
0.23268637 -0.12624554 0.11535821 37 99 235
0.24551634 0.17913896 -0.36261436 37 99 235
-0.047504805 -0.10745987 0.37112406 37 99 235
0.35913813 -0.28308031 0.39997888 37 99 235
0.30986664 0.028831098 -0.55700153 37 99 235
-0.18628803 0.022053242 0.35649255 37 99 235
-0.031117834 -0.03831251 0.63384092 37 99 235
-0.18422833 0.074801043 0.76050842 37 99 235
0.15917979 0.028245246 -0.46314469 37 99 235
0.34052479 0.013362777 -0.47387579 37 99 235
-0.039608333 -0.097969897 -0.43619034 37 99 235
-0.22881167 -0.13248856 0.247962 37 99 235
0.0039254464 -0.065812461 0.28845438 37 99 235
0.080085292 -0.02717462 -0.66305959 37 99 235
0.20789871 0.016633723 0.35312504 37 99 235
-0.085964724 -0.11290728 0.21401624 37 99 235
0.11314213 0.29420105 -0.038617108 37 99 235
0.31098533 0.22973776 -0.28189865 37 99 235
-0.34205037 0.26440707 0.34184891 37 99 235
-0.027016515 0.047579907 -0.79055965 37 99 235
-0.24285182 -0.057646535 -0.035905939 37 99 235
-0.30992389 0.065976016 -0.49007809 37 99 235
-0.33861157 0.14655843 0.052001163 37 99 235
-0.33755764 -0.12570418 -0.48381943 37 99 235
0.14123103 -0.056130856 0.762133 37 99 235
-0.33791 0.22559397 -0.14677802 37 99 235
-0.22337942 -0.081031941 0.59769803 37 99 235
0.33668545 -0.096830681 -0.091536015 37 99 235
0.189777 -0.056251101 0.6603114 37 99 235
-0.16391253 -0.06621597 -0.4611783 37 99 235
-0.11912364 0.22410315 0.34632292 37 99 235
0.35517466 -0.16113 0.57773161 37 99 235
-0.09178941 -0.064003333 0.31818917 37 99 235
0.041878995 0.31415707 0.02859739 37 99 235
-0.13752607 -0.021956563 -0.537233 37 99 235
0.03665084 0.14290129 -0.54834002 37 99 235
0.26616058 0.17985567 -0.29616168 37 99 235
-0.017182173 0.054752424 -0.71489894 37 99 235
-0.31068814 -0.052595235 0.31609035 37 99 235
0.2684907 0.31039789 -0.25482392 37 99 235
0.34324861 0.080492653 0.73279089 37 99 235
0.24332003 -0.13717566 0.33227253 37 99 235
0.13349137 -0.040538967 -0.44785807 37 99 235
0.15940644 0.32404065 0.3652553 37 99 235
0.12899612 0.10007714 -0.47544539 37 99 235
0.10875288 0.32847625 0.13976505 37 99 235
0.23581713 -0.12688948 -0.27130955 37 99 235
0.18934004 -0.043976545 0.37455508 37 99 235
-0.35691842 -0.0019598864 -0.51412082 37 99 235
0.24880423 0.22602555 0.35434723 37 99 235
0.19963263 -0.1348003 0.13124569 37 99 235
-0.11667587 -0.1134364 -0.25105718 37 99 235
-0.13577992 0.037584495 0.36471581 37 99 235
-0.080625392 0.31747818 0.081249371 37 99 235
0.029625703 -0.010160815 -0.54685944 37 99 235
-0.34224698 0.28996491 -0.14769846 37 99 235
-0.35139614 0.11639416 -0.2578885 37 99 235
0.27551538 0.10759596 -0.30510843 37 99 235
0.04108585 -0.081674457 0.38636729 37 99 235
0.23209745 -0.29665491 -0.59867221 37 99 235
-0.27433428 -0.017160092 0.71035534 37 99 235
0.26848757 -0.11314563 0.0038927703 37 99 235
-0.16504093 -0.0020425627 0.59111691 37 99 235
0.1990153 -0.033004597 -0.61257225 37 99 235
-0.21877861 -0.10648803 -0.71055019 37 99 235
0.16787496 -0.057634592 -0.022097066 37 99 235
0.25492784 0.0023266724 0.3447215 37 99 235
0.33612195 -0.2032402 -0.57386845 37 99 235
0.074766383 0.079830334 -0.41420564 37 99 235
0.36575744 -0.0037044703 -0.7635271 37 99 235
0.29298824 0.20440173 0.318634 37 99 235
0.13543934 0.32703587 -0.18958643 37 99 235
0.30895859 0.023425914 -0.58397228 37 99 235
-0.33148775 0.13850485 0.07329648 37 99 235
0.16327775 0.32622766 0.22612485 37 99 235
0.27218997 0.067085236 -0.53372627 37 99 235
-0.41621512 -0.14094317 0.082438119 37 99 235
-0.3369801 0.13344269 0.64054281 37 99 235
-0.27867612 -0.12288563 -0.49956554 37 99 235
-0.21090318 0.080338225 0.55878466 37 99 235
0.32056206 0.058873184 -0.65488917 37 99 235
-0.26391423 -0.077774987 -0.45810783 37 99 235
0.06563326 0.00075556198 -0.39358714 37 99 235
-0.38479322 -0.059412021 -0.4659344 37 99 235
-0.23985845 0.084469341 0.3894107 37 99 235
-0.34699625 -0.23003557 -0.62795818 37 99 235
-0.28498304 0.32172295 0.32063884 37 99 235
0.25965038 0.1563839 -0.35802001 37 99 235
-0.3515175 -0.13116744 -0.27844152 37 99 235
0.34150478 -0.10572098 -0.33878154 37 99 235
0.20197594 0.26724264 -0.33120999 37 99 235
-0.31465551 0.031679422 0.47565821 37 99 235
-0.042953912 -0.01187426 0.70959991 37 99 235
0.012408785 -0.14040999 -0.41520464 37 99 235
-0.27150637 -0.29696706 -0.51723975 37 99 235
0.29482254 0.021909671 -0.59613144 37 99 235
0.069419399 0.29464594 0.15880257 37 99 235
-0.29667833 -0.036202505 0.39380676 37 99 235
-0.23091355 -0.054992717 -0.62843895 37 99 235
-0.2188089 -0.13150075 -0.41541329 37 99 235
0.11162762 0.15883629 -0.3679831 37 99 235
-0.36802754 0.17918918 -0.19161908 37 99 235
0.34898999 0.12341035 -0.37871212 37 99 235
-0.047200613 0.13283809 -0.69733948 37 99 235
-0.087515034 -0.057799444 -0.21248578 37 99 235
-0.15881826 0.098675855 0.66213936 37 99 235
0.23803753 -0.089558788 0.37387636 37 99 235
-0.20146167 0.29942107 -0.23207287 37 99 235
-0.1202619 0.11039996 -0.33036232 37 99 235
0.36312196 -0.23026326 0.40085411 37 99 235
0.13681057 -0.11343384 0.034852568 37 99 235
-0.16966884 0.099777043 0.71301454 37 99 235
-0.29245666 0.12704901 -0.65137774 37 99 235
-0.26096848 0.077007145 -0.57401019 37 99 235
0.19040343 0.047933556 0.36264479 37 99 235
-0.20243725 -0.10776879 -0.76407242 37 99 235
0.27055535 -0.057484135 0.14952259 37 99 235
0.13972558 0.023953157 0.7067343 37 99 235
-0.19158165 -0.11924825 -0.59334326 37 99 235
0.32094166 0.28904524 0.23783004 37 99 235
-0.098178983 0.080883019 -0.79723531 37 99 235
0.21052119 -0.19390951 -0.54021633 37 99 235
0.28717324 -0.093518607 -0.78948623 37 99 235
-0.25784978 -0.11089092 -0.4002232 37 99 235
-0.25401947 -0.057444401 0.20072608 37 99 235
0.15527818 0.31296921 0.085377432 37 99 235
-0.31800944 -0.058372214 -0.27269813 37 99 235
-0.37420025 -0.14353652 -0.50895864 37 99 235
0.35712874 -0.004195516 -0.58506006 37 99 235
0.14219987 0.071404427 -0.75954819 37 99 235
0.3642129 -0.12286901 -0.26272669 37 99 235
0.26308283 0.022501174 0.60630399 37 99 235
0.27915713 -0.033775348 -0.38279414 37 99 235
-0.083863474 -0.05736417 0.29310459 37 99 235
0.25205061 -0.12492926 0.15461425 37 99 235
-0.34605765 -0.19283845 -0.6387707 37 99 235
-0.38179862 -0.02271422 -0.51288807 37 99 235
0.13057053 -0.013435497 -0.63801527 37 99 235
0.1300227 0.013360416 -0.39143497 37 99 235
0.036965188 0.30641651 0.038129531 37 99 235
0.37769723 -0.17469713 -0.67907172 37 99 235
-0.28286976 0.27187654 0.30697197 37 99 235
-0.14595975 0.11332408 -0.78798592 37 99 235
0.31817663 -0.14257106 0.5477075 37 99 235
-0.0075068367 0.031393684 -0.38375497 37 99 235
0.08511053 0.14350459 -0.57889116 37 99 235
-0.39855054 -0.14341243 0.096245401 37 99 235
0.32331952 -0.11297292 -0.025197817 37 99 235
0.17738442 -0.13958414 -0.62844211 37 99 235
-0.26684412 -0.067555368 0.12268941 37 99 235
-0.3058728 -0.02612308 -0.59985834 37 99 235
-0.068684913 0.15124841 -0.52568644 37 99 235
0.27267161 0.089442901 -0.71851021 37 99 235
-0.24343863 -0.0093352515 0.63465095 37 99 235
-0.08392068 -0.0081729237 -0.49431679 37 99 235
-0.13083 -0.047305543 -0.64368075 37 99 235
0.30694655 -0.22407348 -0.66844356 37 99 235
0.043339636 -0.059641484 0.63196099 37 99 235
0.29488412 0.094139546 0.48573828 37 99 235
0.17533557 -0.053738382 -0.58439678 37 99 235
0.048384782 0.041620761 0.76329869 37 99 235
0.22730848 -0.24737443 -0.56717896 37 99 235
-0.058149617 -0.057386022 0.2675333 37 99 235
0.14450926 0.3185676 -0.08186394 37 99 235
-0.21804991 -0.26115668 -0.68951803 37 99 235
0.29508451 -0.047313612 -0.1217711 37 99 235
0.33305323 0.23225039 -0.15418865 37 99 235
0.24256083 0.062244993 -0.45145738 37 99 235
0.04670167 -0.058162179 -0.11176984 37 99 235
-0.27789035 0.10831801 -0.32823455 37 99 235
0.21908566 -0.039215863 -0.66114557 37 99 235
0.36482668 -0.11342261 0.26674357 37 99 235
0.29250786 0.15228891 -0.45312089 37 99 235
0.14237553 0.047200151 0.5715633 37 99 235
0.33853188 -0.20750801 -0.49835429 37 99 235
0.33098432 0.07548669 0.18068179 37 99 235
-0.35061067 -0.10836401 0.57455963 37 99 235
-0.23525125 0.14534916 -0.49277776 37 99 235
0.34333774 -0.14952034 -0.61714822 37 99 235
0.33085507 -0.17138192 -0.59160364 37 99 235
0.25397536 0.32694834 0.15735455 37 99 235
-0.11688092 0.1019287 0.36247787 37 99 235
0.3292942 -0.2097508 -0.67957079 37 99 235
0.26549065 -0.15955855 0.67721397 37 99 235
0.067594476 -0.0027284543 0.72976041 37 99 235
0.18997467 -0.043307047 0.72556263 37 99 235
0.3299149 0.11692967 -0.75230926 37 99 235
-0.36849958 -0.19003743 0.41845003 37 99 235
0.36418205 0.12858696 -0.29825336 37 99 235
0.32073757 -0.019344721 0.50445813 37 99 235
-0.13919756 0.12394247 -0.65753371 37 99 235
-0.0042520454 0.29376265 0.2596947 37 99 235
0.034432452 -0.11430075 0.18268801 37 99 235
-0.13992167 0.024727786 -0.56588775 37 99 235
0.21252976 -0.15871224 -0.43013814 37 99 235
-0.20865081 -0.086045876 0.47006017 37 99 235
0.17999081 -0.078633808 0.35319322 37 99 235
0.026425526 0.30985561 0.18203615 37 99 235
-0.18587945 0.027876964 -0.62671971 37 99 235
-0.22916599 -0.12400147 -0.18289556 37 99 235
-0.32020971 0.23578125 0.25654811 37 99 235
0.24755186 -0.057341129 0.73001736 37 99 235
-0.35780081 0.03710036 0.59158683 37 99 235
-0.28481954 -0.32384005 0.49923554 37 99 235
0.36339942 -0.19113654 0.63511389 37 99 235
0.14405167 -0.1135302 -0.3266198 37 99 235
0.14864077 -0.05190761 0.72091925 37 99 235
0.092673771 -0.11351013 -0.31010452 37 99 235
-0.16646735 -0.038630184 -0.66789496 37 99 235
-0.2202899 -0.25875816 -0.67550373 37 99 235
0.35311985 -0.16858861 0.51736003 37 99 235
-0.34680206 -0.23154433 -0.45801172 37 99 235
-0.18746081 0.020973666 0.45894819 37 99 235
0.34183624 0.14790474 -0.38768122 37 99 235
0.0012279075 -0.022966608 -0.74501163 37 99 235
-0.40128249 0.1924253 -0.22587454 37 99 235
-0.33666769 -0.06431102 -0.53723943 37 99 235
0.33013758 0.26798201 0.18773463 37 99 235
0.31633383 0.31104189 -0.27969456 37 99 235
0.030801982 -0.1655876 -0.62435603 37 99 235
0.25186574 -0.11359178 -0.056723118 37 99 235
0.24623477 -0.2896834 0.58301556 37 99 235
-0.070654839 0.083542481 -0.55717969 37 99 235
0.02954421 -0.057547472 0.074292287 37 99 235
0.10039715 -0.056007244 0.48444685 37 99 235
0.11129814 -0.057488397 0.14486857 37 99 235
-0.35019001 0.085782737 0.63187599 37 99 235
0.31020778 -0.018306028 -0.0025193368 37 99 235
-0.32553151 0.037291165 -0.33208331 37 99 235
0.27845553 -0.14749855 -0.43603501 37 99 235
0.055869061 -0.031534582 -0.48574522 37 99 235
0.34173718 0.20088026 0.23491931 37 99 235
0.04496441 -0.023753555 0.79341984 37 99 235
-0.049392328 -0.056283522 -0.26401463 37 99 235
-0.33621648 0.18686609 0.27609825 37 99 235
0.21592608 -0.057491004 0.14237843 37 99 235
-0.047998317 0.0049862796 0.63246816 37 99 235
0.17291011 -0.013197472 0.33437976 37 99 235
-0.27608788 0.29457358 0.051568545 37 99 235
0.32820708 0.11322629 0.21058719 37 99 235
-0.36347756 -0.088997833 0.28092024 37 99 235
0.093668036 -0.052922554 0.76407063 37 99 235
-0.27264538 -0.11317675 -0.017188828 37 99 235
-0.36064604 -0.30025637 0.60773295 37 99 235
-0.21905412 0.12135028 -0.36448699 37 99 235
-0.29596022 -0.2143805 0.35161638 37 99 235
0.19206963 0.05570415 -0.47529444 37 99 235
0.066090718 0.1375329 -0.36228085 37 99 235
0.36758906 -0.1275885 -0.019925794 37 99 235
0.18489242 0.051215973 -0.78557229 37 99 235
0.26955599 -0.0010972475 -0.39263278 37 99 235
0.0064110542 -0.056021307 -0.27882591 37 99 235
-0.3092677 -0.26785472 -0.47465879 37 99 235
0.089839943 0.32754177 -0.182218 37 99 235
0.0080371993 -0.052862491 0.32336971 37 99 235
-0.33025336 -0.054354075 -0.078486472 37 99 235
-0.25319099 -0.11320798 -0.35365224 37 99 235
0.26431504 0.28879586 -0.30760124 37 99 235
0.25938892 -0.083287984 0.59406245 37 99 235
-0.29689068 -0.30496901 0.59399027 37 99 235
-0.34905329 -0.06036105 0.11867213 37 99 235
0.34292743 0.13037211 0.16123405 37 99 235
-0.23935926 -0.24970159 0.5078975 37 99 235
-0.14697076 0.035028648 0.37050197 37 99 235
0.34898999 0.024216224 -0.32248375 37 99 235
0.1313649 -0.045658868 0.69926941 37 99 235
0.26211578 0.028298939 0.51552826 37 99 235
0.10081764 -0.057831179 -0.25953636 37 99 235
0.0037723475 0.0006642635 -0.77450138 37 99 235
-0.24451937 -0.27528688 -0.59478956 37 99 235
0.34535775 0.22283167 -0.045477856 37 99 235
-0.083543383 -0.061739039 0.72254544 37 99 235
-0.21040776 0.11631206 -0.77762163 37 99 235
-0.32954627 -0.0063744658 0.14082612 37 99 235
0.16090497 0.022495801 0.35482562 37 99 235
0.050327059 0.058642935 -0.73090607 37 99 235
0.22792917 -0.071062937 0.59014887 37 99 235
0.3454715 0.065217182 -0.50611937 37 99 235
0.36133975 -0.116267 0.30325282 37 99 235
0.18839882 0.0064048017 0.46741772 37 99 235
-0.085650317 0.12928776 -0.57116795 37 99 235
-0.24093439 -0.12393753 0.59371269 37 99 235
-0.34671745 0.052863616 -0.73004794 37 99 235
0.3215487 -0.099730656 0.28552195 37 99 235
-0.36708844 -0.26090211 0.46309713 37 99 235
0.021246113 0.044913683 -0.33815864 37 99 235
0.01703674 -0.15768354 0.45844996 37 99 235
0.36586595 0.040198065 -0.6627475 37 99 235
0.24694683 0.21533084 -0.32464167 37 99 235
-0.063751735 0.30950031 0.088580124 37 99 235
-0.0079081478 0.31468475 0.031489398 37 99 235
0.016392112 0.058051631 -0.35925424 37 99 235
-0.24802855 0.076917335 -0.4716652 37 99 235
-0.10338435 0.11092377 -0.36590806 37 99 235
-0.2920894 0.21077707 0.31626692 37 99 235
0.12417733 -0.11294103 0.18176228 37 99 235
0.05344528 -0.025112119 -0.3997367 37 99 235
0.14511843 0.30863315 -0.11389863 37 99 235
0.33915064 0.15081368 -0.1972847 37 99 235
0.3214303 0.14157619 0.5130434 37 99 235
-0.33247599 -0.16186315 -0.76293445 37 99 235
-0.23337263 -0.035879869 0.32523328 37 99 235
0.15673217 -0.021062925 -0.31945288 37 99 235
-0.32132617 -0.01850581 -0.46173033 37 99 235
0.0098212678 0.29479843 0.22036488 37 99 235
-0.33810145 0.30180731 -0.028742068 37 99 235
-0.36299974 -0.17133369 0.6884613 37 99 235
-0.033221278 -0.120142 0.14283286 37 99 235
0.091536269 -0.031356376 -0.29581875 37 99 235
0.089202188 0.049941614 -0.75632811 37 99 235
0.34807974 0.0820245 -0.59364086 37 99 235
0.23405208 -0.20612477 -0.60898674 37 99 235
0.29737419 0.0077682273 0.77685291 37 99 235
0.20792298 -0.12067999 -0.22612089 37 99 235
-0.12877166 -0.058951337 -0.74810302 37 99 235
0.05508342 0.30762637 -0.048101801 37 99 235
-0.048963338 -0.057453807 0.18204972 37 99 235
-0.34858745 0.071933553 -0.50078022 37 99 235
0.34444007 -0.31068569 -0.56648433 37 99 235
-0.16708301 -0.013014 -0.76656997 37 99 235
-0.32620537 0.16368437 -0.093750887 37 99 235
-0.0015580193 -0.10153811 -0.59094405 37 99 235
-0.33728513 -0.12979078 -0.73145694 37 99 235
0.23087911 -0.060322996 0.73363936 37 99 235
-0.28368157 0.042691197 -0.48995671 37 99 235
0.16826014 -0.12623563 -0.31449315 37 99 235
-0.34953579 0.26578572 0.051897224 37 99 235
-0.39741701 -0.14224261 0.17420949 37 99 235
0.25892505 0.25589615 0.34901866 37 99 235
-0.2815299 -0.11319802 -0.03888027 37 99 235
-0.13022532 -0.15447478 -0.6455639 37 99 235
0.24642295 0.13545121 -0.59934354 37 99 235
0.32704854 0.24221227 0.19534586 37 99 235
-0.074055433 -0.11302578 0.10948818 37 99 235
-0.32145 0.07896284 -0.10411145 37 99 235
-0.26407912 -0.020195536 -0.53258687 37 99 235
0.25961354 -0.0715352 0.42468706 37 99 235
-0.35256112 -0.084363416 0.67637604 37 99 235
0.26729891 -0.17901279 -0.73700982 37 99 235
0.25716281 0.32284975 -0.279843 37 99 235
0.18460824 -0.018571647 -0.38960513 37 99 235
-0.33748698 0.16563269 0.39448389 37 99 235
0.014215508 0.15006906 0.7315138 37 99 235
0.095331103 0.030402845 -0.50570917 37 99 235
-0.29982144 -0.11305585 0.086316571 37 99 235
-0.23318 -0.16557717 0.57595116 37 99 235
0.031698253 0.084915243 -0.44377178 37 99 235
-0.13222039 0.20212997 -0.35749796 37 99 235
-0.29084739 0.012058452 0.7060352 37 99 235
-0.22950448 0.24409336 0.32912385 37 99 235
0.095654212 -0.017690433 -0.78740537 37 99 235
0.16558285 -0.14318459 -0.62729937 37 99 235
0.22219503 -0.15296391 -0.56912529 37 99 235
-0.13537961 -0.15396544 -0.62290913 37 99 235
-0.1019908 -0.11530082 -0.72847158 37 99 235
0.1782954 0.054744899 -0.78281802 37 99 235
-0.24989472 0.17714515 0.35782292 37 99 235
-0.35418174 -0.19465281 0.48690978 37 99 235
-0.075533666 0.13011131 -0.49211559 37 99 235
-0.30532563 -0.15599205 0.42713699 37 99 235
0.15795057 -0.034774724 -0.33139595 37 99 235
0.34139869 -0.051138509 0.116374 37 99 235
0.24517047 -0.057662927 -0.061100461 37 99 235
0.11904575 -0.052272145 0.77202398 37 99 235
0.36282203 -0.15262954 0.65507501 37 99 235
-0.33268487 -0.31537721 0.51954633 37 99 235
0.29723477 -0.017591456 -0.20507734 37 99 235
0.2919791 -0.28989625 0.6035046 37 99 235
-0.24600959 0.21107899 0.32840067 37 99 235
0.33054245 0.027052937 0.0088937478 37 99 235
0.2470779 -0.11788923 0.61442393 37 99 235
-0.27897152 0.048518009 -0.66902572 37 99 235
-0.29032928 0.31638542 -0.061579134 37 99 235
-0.10710379 0.32982463 -0.12987269 37 99 235
-0.082956061 -0.034945026 -0.29870802 37 99 235
0.27730006 -0.30197537 -0.69402039 37 99 235
-0.0013812635 -0.13017675 -0.4135963 37 99 235
0.25037092 0.075479321 -0.52895629 37 99 235
-0.11861662 0.31290758 0.32033184 37 99 235
-0.24148968 -0.088783234 0.37811378 37 99 235
0.33574256 -0.20623523 -0.68164897 37 99 235
0.32653248 -0.095192447 -0.68006849 37 99 235
-0.079520069 -0.029125072 -0.74006039 37 99 235
0.19868799 -0.026877461 0.51627338 37 99 235
-0.21461925 0.31861404 0.17511183 37 99 235
0.28315446 0.27809727 0.24975897 37 99 235
0.10157353 0.065937996 -0.70728695 37 99 235
0.34597519 -0.11736993 0.65395749 37 99 235
-0.34665784 0.040472426 0.38220713 37 99 235
-0.300044 0.026738562 -0.60234815 37 99 235
-0.37653926 0.18331532 -0.19990318 37 99 235
-0.33654013 -0.063610338 -0.42438963 37 99 235
0.054588702 -0.11608226 -0.76991832 37 99 235
0.25663775 -0.23915894 0.50331229 37 99 235
-0.093621515 0.22672383 0.34433109 37 99 235
0.17712791 0.055259809 -0.52757627 37 99 235
0.36451563 -0.048649941 0.64245176 37 99 235
0.19930126 0.068916872 0.36258206 37 99 235
0.18952869 0.32791167 0.18661468 37 99 235
0.23545779 0.3212474 -0.28818676 37 99 235
-0.34905514 -0.13621908 0.51975709 37 99 235
-0.32945287 0.054239124 0.12869133 37 99 235
-0.19937018 -0.018316764 -0.58953255 37 99 235
-0.23171526 -0.29038665 -0.6336183 37 99 235
0.38990748 -0.1398766 0.21700332 37 99 235
0.28561491 0.0575829 -0.55615085 37 99 235
0.25723433 0.31849867 -0.31868908 37 99 235
0.30783188 -0.28827792 0.60531378 37 99 235
0.11901318 -0.059590407 0.66361576 37 99 235
-0.27673298 -0.13834941 -0.47924244 37 99 235
-0.21585619 -0.13329445 -0.58073407 37 99 235
-0.36201477 0.26555818 -0.26741716 37 99 235
-0.39170024 -0.12672843 -0.16741307 37 99 235
-0.10668998 0.15813543 -0.4734849 37 99 235
-0.36501643 -0.25328365 0.64060992 37 99 235
-0.13979237 0.31121486 -0.078296199 37 99 235
-0.342722 -0.074137554 0.5370968 37 99 235
-0.36269704 -0.1144382 0.65806824 37 99 235
-0.28756848 0.079577275 0.65546674 37 99 235
0.10526835 -0.057834383 -0.26389176 37 99 235
0.25588456 -0.30435389 0.53066587 37 99 235
0.026753129 0.32878721 -0.0048181051 37 99 235
0.32092538 0.11217383 -0.17119884 37 99 235
-0.07580927 0.14902976 -0.55074781 37 99 235
0.39518994 -0.13935505 -0.13578953 37 99 235
-0.32507628 -0.05915847 -0.36878267 37 99 235
0.24359624 0.0028451537 0.76590377 37 99 235
-0.22018224 -0.19704174 -0.69791454 37 99 235
0.089264862 0.046423104 -0.74122947 37 99 235
0.33303261 0.13672586 0.4907288 37 99 235
-0.33963907 -0.090018839 -0.74879372 37 99 235
-0.32447243 0.19105953 0.060824979 37 99 235
0.34871313 0.13718699 0.72637683 37 99 235
-0.25530148 -0.25357577 -0.6049273 37 99 235
-0.14906579 -0.1008606 -0.76756436 37 99 235
-0.39838874 -0.14039044 -0.27588519 37 99 235
0.34898999 0.086394258 -0.37311223 37 99 235
0.17873131 0.016289549 0.76966023 37 99 235
-0.32291976 0.30229419 -0.25734526 37 99 235
0.3043263 -0.21820065 0.52614796 37 99 235
-0.2403736 -0.11840256 0.056829531 37 99 235
0.070383243 -0.11488454 -0.35314181 37 99 235
-0.29561418 -0.11214901 0.29200771 37 99 235
0.30869544 -0.067011461 0.43993127 37 99 235
-0.35012066 -0.17929935 0.4912681 37 99 235
-0.16890368 -0.058232099 0.63949245 37 99 235
0.36210978 -0.035511706 0.54680365 37 99 235
0.093847319 -0.032886077 0.69924527 37 99 235
0.26126578 0.07892257 -0.7147494 37 99 235
0.12609726 -0.057751641 -0.16838422 37 99 235
0.17229927 0.033122685 -0.34134308 37 99 235
0.2246851 0.32980368 0.134445 37 99 235
-0.33446065 0.28726265 0.33601403 37 99 235
0.089329287 0.10136349 -0.51774508 37 99 235
-0.35900888 -0.033560529 0.70185912 37 99 235
-0.28305268 -0.19112955 0.68483931 37 99 235
-0.2594195 -0.32263553 0.5353415 37 99 235
0.15458274 -0.057457212 0.18659417 37 99 235
-0.37557125 -0.29547602 -0.59817088 37 99 235
0.35530758 -0.1529136 0.57912141 37 99 235
0.25170425 0.0040950729 0.59402406 37 99 235
0.32986251 0.045515087 0.28018355 37 99 235
0.32066858 0.31086609 -0.16661325 37 99 235
-0.26570365 -0.10232177 0.68794376 37 99 235
-0.055658083 -0.11392658 0.045596637 37 99 235
0.16486672 -0.05752705 0.10462605 37 99 235
-0.32320264 -0.10008856 -0.13649033 37 99 235
0.15327027 -0.11469463 0.20038982 37 99 235
0.055732477 -0.10488997 -0.5962202 37 99 235
-0.34730387 -0.077275731 0.62801737 37 99 235
0.31193784 -0.041907761 0.3387118 37 99 235
-0.14870057 -0.033719603 -0.70051724 37 99 235
-0.30329493 -0.30964333 -0.52757943 37 99 235
0.14473391 -0.056983188 -0.33001718 37 99 235
0.19884054 0.33055368 0.25730938 37 99 235
-0.26318565 0.3005282 -0.32989928 37 99 235
-0.36151597 0.045401979 -0.58994871 37 99 235
0.12586923 -0.057563078 0.061391119 37 99 235
-0.30038172 0.028141733 -0.46952075 37 99 235
0.031054655 0.33044654 -0.14993338 37 99 235
-0.20707835 -0.15072201 -0.43077055 37 99 235
-0.36875537 -0.2516084 0.62001777 37 99 235
0.32262543 0.18015417 0.40548959 37 99 235
-0.17860906 0.077109866 -0.50236392 37 99 235
-0.13691905 -0.01667094 0.63710058 37 99 235
-0.071374156 0.13484651 0.71643013 37 99 235
-0.14893654 0.065045878 0.5652138 37 99 235
0.34863624 -0.058332574 0.0087672118 37 99 235
-0.266644 0.038755093 -0.66035056 37 99 235
0.10052104 -0.056099784 -0.7911678 37 99 235
0.20364858 -0.18697686 -0.62421638 37 99 235
0.23205313 -0.05357204 -0.28657597 37 99 235
-0.20989375 0.069838591 0.614721 37 99 235
0.082799748 0.15312488 -0.51123863 37 99 235
-0.27653578 0.31617928 -0.0098492373 37 99 235
0.078951731 0.29623413 0.020319177 37 99 235
0.33285853 -0.16044761 -0.47623718 37 99 235
0.14104179 0.065234676 -0.4335787 37 99 235
0.38277507 -0.20297471 -0.67529762 37 99 235
-0.33837637 0.087814324 0.62395084 37 99 235
0.0016602757 -0.073753737 -0.74288517 37 99 235
0.12381508 0.3231521 -0.0044341655 37 99 235
-0.3412624 0.1294502 -0.29770172 37 99 235
-0.29197532 0.10087182 -0.39502862 37 99 235
-0.32751781 0.032019217 -0.64406693 37 99 235
-0.10684684 -0.092491478 -0.52940297 37 99 235
0.016453592 -0.083356559 0.33783612 37 99 235
0.020613665 0.028315844 0.67551303 37 99 235
-0.35775083 0.0040807156 0.40750465 37 99 235
0.084979907 -0.012780457 -0.44435501 37 99 235
-0.31927037 0.029454375 0.59812093 37 99 235
0.21691421 0.32719278 -0.0042879861 37 99 235
0.037302669 0.095474847 -0.31386709 37 99 235
0.38872695 -0.039652035 -0.70412785 37 99 235
0.12430581 0.13328806 -0.4457086 37 99 235
0.27573174 0.083577886 0.42511642 37 99 235
0.15573613 0.30507383 -0.12176832 37 99 235
-0.28959811 -0.035241682 0.56937772 37 99 235
0.39921913 -0.17157407 -0.73865592 37 99 235
-0.34272653 -0.13513447 -0.49879208 37 99 235
-0.14888456 0.32732573 -0.16926612 37 99 235
0.048788738 -0.14588034 -0.74839216 37 99 235
-0.35013559 0.27004883 0.2981348 37 99 235
0.34154567 0.15410869 -0.27592221 37 99 235
-0.058093905 0.028240001 0.43840417 37 99 235
0.019695736 0.010399046 -0.77863002 37 99 235
-0.15953644 0.14634687 -0.53994179 37 99 235
0.11970561 0.33182001 0.05522662 37 99 235
0.19559279 0.2972112 -0.25139001 37 99 235
0.2660903 -0.057530947 0.10119537 37 99 235
-0.23387632 0.30005133 -0.27718806 37 99 235
0.051421069 -0.045797382 -0.65283847 37 99 235
0.24003278 -0.057512231 0.11516783 37 99 235
0.34510818 0.021288227 -0.018828813 37 99 235
-0.12538487 -0.038588788 0.79127628 37 99 235
0.32942674 0.054717656 0.13336585 37 99 235
-0.16574202 -0.033035222 -0.78501487 37 99 235
0.22574119 -0.062909186 0.41157797 37 99 235
0.36013976 -0.12994127 0.22763897 37 99 235
0.35839766 0.033380028 0.49816057 37 99 235
0.27188936 -0.13086861 -0.2980178 37 99 235
-0.16192955 0.13152158 -0.50875378 37 99 235
-0.092121974 0.3213757 -0.025389878 37 99 235
0.078429304 -0.089384072 0.31875333 37 99 235
0.076372348 -0.048360679 0.41592103 37 99 235
0.072570667 0.13675474 -0.69055384 37 99 235
-0.26294658 -0.028641755 -0.3564823 37 99 235
0.3537547 -0.21594372 -0.60491323 37 99 235
-0.34741789 -0.15158381 0.4719767 37 99 235
-0.1183738 0.027937893 -0.68584436 37 99 235
-0.053770676 0.31162056 0.31960803 37 99 235
0.20061244 -0.17321773 -0.47574854 37 99 235
-0.35595164 -0.022421112 0.33989221 37 99 235
0.11024661 -0.093562841 -0.46172941 37 99 235
0.27686754 0.023612194 -0.62324077 37 99 235
-0.31923363 0.069481626 -0.49955091 37 99 235
-0.20845202 -0.092377298 0.061121799 37 99 235
0.32654494 0.28800431 0.12006321 37 99 235
0.37233815 0.020031232 -0.71279407 37 99 235
0.34384391 -0.10802056 -0.65528721 37 99 235
-0.063491516 0.14213938 -0.49292815 37 99 235
0.2530669 -0.016662676 0.78230608 37 99 235
0.26123813 -0.14042461 0.6821695 37 99 235
-0.037354417 -0.017769359 -0.39702317 37 99 235
-0.054925445 0.11482111 -0.40716642 37 99 235
-0.31653628 -0.25729787 0.37270468 37 99 235
-0.33290887 0.24038492 -0.30995628 37 99 235
-0.33797646 0.10466207 -0.75523919 37 99 235
-0.1663664 0.026000246 0.49844229 37 99 235
-0.091117419 -0.057501074 0.12942961 37 99 235
-0.02145665 -0.1427549 -0.73766309 37 99 235
0.3142156 -0.095174812 -0.26956114 37 99 235
-0.3450726 -0.30297777 0.60028559 37 99 235
-0.12186322 0.32141975 -0.24400452 37 99 235
0.15900931 -0.049449354 -0.28152671 37 99 235
0.355672 -0.09585318 0.32737222 37 99 235
0.15303102 0.031919148 -0.60983056 37 99 235
-0.20945528 -0.089205705 0.54605144 37 99 235
-0.36246875 -0.22496021 -0.45792735 37 99 235
-0.26114818 -0.062954985 0.12785859 37 99 235
-0.33828494 0.27958217 -0.29056793 37 99 235
0.33826825 0.24215639 0.11599331 37 99 235
0.22462745 -0.041153438 0.42768961 37 99 235
0.2089137 -0.26250172 -0.50879204 37 99 235
-0.24485704 -0.055687092 -0.30413881 37 99 235
-0.33839849 0.0094005559 -0.71744382 37 99 235
-0.27907774 -0.22292317 -0.55255651 37 99 235
-0.19770807 -0.014418841 -0.56595427 37 99 235
-0.25411913 -0.23840377 0.35349888 37 99 235
-0.33585581 0.013709516 0.42028323 37 99 235
-0.02501191 0.10340086 -0.31385338 37 99 235
0.09417627 0.29662904 0.19425824 37 99 235
0.32374194 0.083433114 -0.052973669 37 99 235
0.34383753 0.060244493 0.36074087 37 99 235
-0.0058305352 -0.11620934 -0.31090191 37 99 235
0.28834102 0.31333038 0.26384059 37 99 235
-0.19512229 0.16466421 0.35792908 37 99 235
0.25814676 -0.30449426 -0.59849006 37 99 235
-0.29985967 -0.062224559 0.57400006 37 99 235
-0.41743508 0.1991255 -0.24233547 37 99 235
0.2564742 -0.13859241 -0.41200233 37 99 235
0.26738915 -0.18921289 0.67723519 37 99 235
0.24350841 -0.0052058003 0.76093274 37 99 235
0.24839902 -0.25306916 0.49447361 37 99 235
0.17568056 0.1013439 -0.55166781 37 99 235
0.28539416 0.3233256 -0.036593486 37 99 235
0.26018244 0.094176434 -0.40217087 37 99 235
-0.34901223 0.021996649 -0.31951976 37 99 235
0.25009328 0.30784392 0.0076077338 37 99 235
-0.3747803 -0.095314756 0.39033708 37 99 235
-0.11698566 0.033229671 -0.48131889 37 99 235
0.04980395 -0.057438236 -0.3166813 37 99 235
-0.35496217 -0.091258854 0.1224815 37 99 235
-0.023628475 0.31044143 -0.32408547 37 99 235
0.35215592 -0.17181365 0.52631003 37 99 235
-0.22960298 -0.15539992 -0.43816429 37 99 235
0.12533759 0.33182001 -0.058963928 37 99 235
0.32834399 0.12107988 -0.63694137 37 99 235
0.34898999 0.036188994 -0.37632403 37 99 235
-0.30045977 -0.296251 -0.70136952 37 99 235
0.13963643 0.028240001 0.63259667 37 99 235
0.32025 0.13949484 -0.23810917 37 99 235
-0.16355263 -0.11942968 -0.28843808 37 99 235
-0.087927803 0.32303044 -0.20138562 37 99 235
-0.23748341 -0.14829408 0.62557209 37 99 235
0.34432653 0.02714242 -0.023541778 37 99 235
0.060055211 -0.057791583 -0.20677155 37 99 235
0.20861851 -0.057684146 -0.086600482 37 99 235
-0.35014138 -0.027129145 -0.36084852 37 99 235
0.057949711 0.024585789 -0.51197296 37 99 235
0.17615858 0.11770547 -0.34146678 37 99 235
0.1405752 0.32279915 0.36094689 37 99 235
0.36149842 -0.069701999 -0.64383924 37 99 235
0.30685908 -0.073615111 -0.29267099 37 99 235
0.27206895 -0.31066221 0.51186657 37 99 235
-0.30616596 0.25968972 0.28928733 37 99 235
0.18294759 0.02880276 -0.60176301 37 99 235
-0.091109745 0.1346931 -0.70384604 37 99 235
0.20873192 -0.01326506 -0.59171569 37 99 235
-0.22029039 0.087640852 0.41061568 37 99 235
0.38636038 -0.13273905 0.26498866 37 99 235
-0.047180057 -0.044267844 -0.52417791 37 99 235
-0.20529926 0.33158028 0.080787823 37 99 235
-0.25778991 -0.041182101 0.78915066 37 99 235
-0.2691687 -0.19141898 0.68585455 37 99 235
-0.2578015 -0.057843715 -0.27046418 37 99 235
0.3634735 -0.030403355 0.40118313 37 99 235
0.14904976 0.094289176 0.71068275 37 99 235
0.068045154 -0.11377703 -0.53165311 37 99 235
0.27588171 -0.27772266 -0.49996418 37 99 235
-0.14238535 -0.11658388 -0.11849762 37 99 235
-0.10539217 -0.053900946 0.71949857 37 99 235
0.28770599 -0.10158943 -0.78799409 37 99 235
0.10095935 0.029969454 -0.79661483 37 99 235
-0.1589016 -0.095979452 -0.0073377918 37 99 235
-0.066400096 0.13073818 0.71929842 37 99 235
-0.36538091 -0.23697245 -0.48446631 37 99 235
-0.13134462 -0.057806373 -0.22791037 37 99 235
0.17673813 -0.060996782 0.61038542 37 99 235
-0.2145161 -0.15570733 0.30367374 37 99 235
0.32729444 -0.31389618 0.53816104 37 99 235
-0.33324021 0.13996758 -0.47366491 37 99 235
0.37088808 0.12638028 -0.22747821 37 99 235
-0.40337154 -0.18738364 -0.50179344 37 99 235
-0.33668336 0.17369486 -0.14573018 37 99 235
-0.21632415 -0.1328733 0.4790715 37 99 235
0.36044037 0.044671603 -0.62334406 37 99 235
-0.39828804 -0.06681402 -0.49695629 37 99 235
0.34510431 0.067931272 0.33308086 37 99 235
-0.32962433 -0.011365654 0.62627047 37 99 235
-0.073066697 -0.11333279 -0.16118421 37 99 235
-0.070720173 0.028240001 0.60393822 37 99 235
0.34730703 0.087697566 -0.59428519 37 99 235
-0.35447595 0.036122553 0.39634678 37 99 235
-0.08767271 -0.10514432 -0.41916668 37 99 235
0.034029111 0.028240001 0.4213042 37 99 235
-0.33791 0.17434466 -0.18663764 37 99 235
-0.38508084 -0.13718553 0.27262148 37 99 235
-0.097434305 0.32414132 0.096068405 37 99 235
0.33050466 0.22121836 -0.2557258 37 99 235
-0.069236405 -0.018006837 0.78845197 37 99 235
-0.38239232 -0.17073292 -0.55721235 37 99 235
-0.17564881 -0.12284382 -0.35614017 37 99 235
-0.33766514 -0.11567231 -0.7319501 37 99 235
-0.35204297 -0.020029778 0.66406041 37 99 235
-0.27445269 0.32176054 0.20757966 37 99 235
-0.12103897 0.31037784 0.10068262 37 99 235
-0.13083 -0.019635636 -0.57751977 37 99 235
0.031700827 -0.11796521 -0.30799684 37 99 235
0.096942768 0.13611548 -0.61601335 37 99 235
0.14754201 0.097432755 -0.64907146 37 99 235
-0.01123799 -0.080880202 0.47949892 37 99 235
-0.19370596 0.032174017 -0.69995499 37 99 235
-0.35770845 -0.11177602 0.33327436 37 99 235
0.2090888 -0.10234588 0.45319301 37 99 235
0.39457506 -0.096687637 -0.72378343 37 99 235
0.33621964 0.16873257 -0.33576465 37 99 235
0.3953329 -0.13890278 -0.15099581 37 99 235
-0.1443098 0.25537276 -0.33122048 37 99 235
-0.12271132 -0.10666963 0.2691153 37 99 235
0.32168898 -0.32007402 0.51162648 37 99 235
0.31441134 -0.11328412 -0.11538618 37 99 235
0.25234559 0.074895211 -0.47895083 37 99 235
0.33613342 -0.2025007 -0.56333566 37 99 235
-0.34939441 0.13666604 -0.26381633 37 99 235
0.14549313 0.050687291 -0.33305225 37 99 235
-0.16076097 -0.030007137 0.79111594 37 99 235
-0.30576497 0.22022061 -0.28367046 37 99 235
-0.32430845 -0.011437252 -0.25566262 37 99 235
-0.30495292 0.0063011786 0.33168587 37 99 235
-0.34945399 -0.048452895 0.26144305 37 99 235
-0.35660413 -0.069925904 0.52317536 37 99 235
0.059001654 0.037218526 -0.51221353 37 99 235
0.21679617 0.099569477 -0.32998934 37 99 235
0.27913964 -0.16243058 0.41784656 37 99 235
-0.36602235 -0.19215238 0.59807801 37 99 235
0.33671001 0.19947545 0.16409485 37 99 235
0.15892729 -0.069939032 -0.42528623 37 99 235
-0.23244178 0.30418134 -0.10035823 37 99 235
0.12807593 -0.040717892 -0.46771029 37 99 235
0.32941648 0.054529402 0.24284029 37 99 235
-0.33741716 -0.034633145 0.0041901823 37 99 235
0.060861152 -0.12343382 -0.76425719 37 99 235
0.087937757 -0.12102479 -0.70105833 37 99 235
0.33661202 -0.20542677 0.68127787 37 99 235
0.33282518 -0.1949589 0.60122579 37 99 235
0.30555981 -0.06268245 -0.22434916 37 99 235
-0.1139156 0.12509096 0.36238897 37 99 235
-0.23381387 0.322714 0.18570499 37 99 235
0.32438076 0.10297119 -0.15306096 37 99 235
-0.27002484 -0.10848375 0.28721139 37 99 235
0.25248101 -0.13543844 0.29035133 37 99 235
0.06544169 -0.0575055 0.126652 37 99 235
-0.36171344 -0.17728056 0.36000633 37 99 235
-0.19544441 -0.10548094 -0.42348063 37 99 235
0.20412828 0.041950163 0.36154056 37 99 235
0.30732679 0.022101991 -0.3623952 37 99 235
0.32927087 -0.018120671 0.31837708 37 99 235
-0.083860852 0.033267207 -0.78078914 37 99 235
-0.12943643 -0.020873973 0.64871716 37 99 235
0.36510828 -0.17953825 0.38732234 37 99 235
-0.22988097 -0.19061001 0.43773195 37 99 235
-0.30568099 0.31671724 0.21875399 37 99 235
0.2090124 -0.13655804 0.47274625 37 99 235
-0.34628662 -0.1196031 -0.015225466 37 99 235
-0.21586806 0.087523937 -0.31014705 37 99 235
-0.32145 0.10142983 -0.043642208 37 99 235
0.36068282 -0.30221471 0.41943821 37 99 235
0.32358336 -0.001406751 -0.10615039 37 99 235
0.080617093 -0.11299802 0.13528885 37 99 235
-0.33966228 0.14974025 0.20660716 37 99 235
-0.13513643 0.063404933 0.75089562 37 99 235
-0.32156017 -0.11291917 -0.29321522 37 99 235
0.051444773 0.085560381 -0.43766132 37 99 235
0.29742467 0.32394934 0.20039721 37 99 235
0.043906443 0.13799383 -0.61859381 37 99 235
-0.17860046 0.073864661 0.71408629 37 99 235
0.13630925 0.10102335 -0.36648569 37 99 235
-0.2897785 -0.051986031 0.13327251 37 99 235
-0.016595682 -0.057821341 -0.24608086 37 99 235
0.27406484 0.15222107 0.35913485 37 99 235
0.34162608 -0.13865119 0.46699378 37 99 235
0.33271638 0.026406188 -0.12943442 37 99 235
-0.35156399 0.090111367 0.3755776 37 99 235
0.3627584 -0.12504923 0.61531711 37 99 235
0.19662172 0.12053017 0.36249 37 99 235
0.22132966 -0.08434695 -0.55408603 37 99 235
-0.11557869 -0.084932961 -0.7350384 37 99 235
-0.16122231 0.32125133 0.1474534 37 99 235
-0.17300472 -0.061802946 -0.15329807 37 99 235
0.084981121 0.11129061 -0.58179295 37 99 235
-0.035396237 0.070491374 -0.36778331 37 99 235
0.00021747855 -0.057686433 0.61913055 37 99 235
0.21467888 -0.14725415 -0.32329285 37 99 235
-0.011166085 0.33155069 0.23120007 37 99 235
-0.25634533 0.14924097 -0.4636018 37 99 235
0.21669964 -0.13365744 0.43408307 37 99 235
0.011801227 -0.076537021 -0.78326535 37 99 235
-0.17034282 -0.056481916 0.23808889 37 99 235
0.20583403 0.3086797 -0.31440076 37 99 235
-0.16061109 0.027590156 0.65793544 37 99 235
0.25590646 0.058249187 0.43183923 37 99 235
-0.17414173 0.078000091 0.58847857 37 99 235
-0.1393594 0.12248581 0.68668717 37 99 235
-0.25069171 -0.018772779 -0.41815484 37 99 235
0.30409777 -0.18049791 -0.55085295 37 99 235
0.092916757 0.01081442 -0.79676938 37 99 235
-0.29389119 0.31719676 -0.079985261 37 99 235
0.069054633 0.14407636 -0.55092889 37 99 235
0.32099769 0.054605015 0.1986576 37 99 235
-0.043545488 0.02308269 -0.77134788 37 99 235
0.32356822 -0.041602336 -0.22401609 37 99 235
0.18469059 -0.074202769 -0.26330024 37 99 235
-0.30228332 0.15493999 0.72572511 37 99 235
0.32025 0.11932189 -0.23006576 37 99 235
0.10227689 -0.057582524 0.033583336 37 99 235
-0.23645315 -0.057397652 0.25360298 37 99 235
-0.21498536 0.19954947 0.33699533 37 99 235
-0.36937678 -0.12130652 -0.094252452 37 99 235
0.15538187 0.013997848 -0.61818606 37 99 235
-0.33112246 -0.047829747 -0.7427882 37 99 235
0.24757364 -0.25188562 0.49747145 37 99 235
-0.040765494 -0.058631875 -0.75717771 37 99 235
0.32241833 -0.11328822 -0.11643276 37 99 235
-0.33085379 0.14429036 -0.15674722 37 99 235
-0.34514168 -0.15643556 -0.52587366 37 99 235
-0.33429912 -0.17121932 0.60476524 37 99 235
-0.33812222 -0.31823981 0.53308439 37 99 235
-0.20666087 -0.11133894 0.50813287 37 99 235
0.19680692 0.024086593 0.47176281 37 99 235
-0.17734692 -0.077457324 -0.51389986 37 99 235
-0.24255203 -0.15624286 0.63157392 37 99 235
-0.099647097 0.3185901 -0.21456064 37 99 235
-0.31980774 -0.11088512 -0.34070075 37 99 235
0.18738785 -0.12973319 -0.12695396 37 99 235
0.3411226 -0.28686908 -0.70384192 37 99 235
-0.12407791 0.049687829 -0.79221284 37 99 235
-0.078939684 0.32406241 0.11058094 37 99 235
0.071015999 -0.057583194 0.042194147 37 99 235
-0.17843832 -0.049289081 0.26584834 37 99 235
0.055443183 -0.14608239 -0.6144563 37 99 235
-0.3628442 -0.2297855 0.58972472 37 99 235
0.0062609105 0.32271066 -0.014173544 37 99 235
-0.10950623 0.028240001 0.48513246 37 99 235
0.21970482 -0.22394724 -0.56377923 37 99 235
0.078432307 0.099087916 -0.38655078 37 99 235
0.2872006 -0.16585676 -0.43840545 37 99 235
0.34883079 0.22513139 0.26619622 37 99 235
0.18854608 -0.061297566 0.41046146 37 99 235
0.22110982 -0.16193642 -0.58046556 37 99 235
0.30847901 -0.055701431 0.12390073 37 99 235
0.33508858 0.11387862 -0.63075525 37 99 235
0.25360587 0.088940121 0.36618701 37 99 235
0.19295855 0.30731368 -0.13926181 37 99 235
-0.27822307 -0.10498746 0.2987003 37 99 235
-0.2183459 0.32226351 0.15948498 37 99 235
-0.14537075 -0.12219214 -0.030230308 37 99 235
-0.072670586 0.097668931 -0.52324009 37 99 235
1.1107945e-05 -0.091861591 0.48206717 37 99 235
0.30137521 -0.11880406 -0.79681331 37 99 235
-0.23777667 -0.057443377 0.19927308 37 99 235
0.3152152 0.24454603 0.2837384 37 99 235
-0.065703802 0.068496466 -0.37588015 37 99 235
0.30535609 0.30874884 0.098117977 37 99 235
-0.33656916 -0.23037212 0.35328874 37 99 235
0.1791894 0.011368738 -0.45976034 37 99 235
-0.066842429 -0.11312408 0.12871829 37 99 235
-0.32365659 -0.095046401 0.090701886 37 99 235
-0.020722287 -0.13057409 0.21854748 37 99 235
0.29533392 -0.10366832 -0.40807578 37 99 235
-0.29829037 -0.048745129 0.15358552 37 99 235
0.35368696 -0.086457834 0.6575101 37 99 235
0.30444786 0.31644905 0.36430779 37 99 235
0.3131713 0.041447319 -0.31770509 37 99 235
0.37268662 -0.1751388 -0.67086172 37 99 235
0.30546844 -0.12069035 0.68974531 37 99 235
0.32877126 0.0059736846 -0.33689442 37 99 235
-0.26842064 0.32016769 -0.22610705 37 99 235
0.2894111 -0.030817319 -0.16599646 37 99 235
-0.34707686 0.1394389 0.35097045 37 99 235
-0.25010756 0.0015701255 0.35089031 37 99 235
0.3415643 0.19514194 0.29650015 37 99 235
-0.28421745 -0.26332548 -0.46945605 37 99 235
0.15552287 0.075411521 0.36251143 37 99 235
0.18106072 -0.043314204 -0.69847125 37 99 235
0.11907666 0.32435676 -0.10240058 37 99 235
0.348369 -0.12000176 0.11873183 37 99 235
-0.14829555 0.062791161 0.61066681 37 99 235
-0.21798773 -0.057605401 0.0069431593 37 99 235
0.28522617 -0.11272144 0.2475311 37 99 235
-0.18542337 -0.052231628 0.25069946 37 99 235
-0.34171334 0.10871014 0.14085136 37 99 235
-0.22926138 -0.015695997 0.64226383 37 99 235
0.12193023 -0.046082161 -0.44555193 37 99 235
-0.0085690962 0.097843394 0.36220604 37 99 235
0.24511056 -0.1132432 -0.071740083 37 99 235
-0.34982422 -0.038165875 -0.41637111 37 99 235
0.22653943 0.15491913 -0.42712018 37 99 235
-0.12753931 0.19967364 -0.33123001 37 99 235
-0.3521491 -0.30065525 -0.67566895 37 99 235
0.1833595 -0.063037664 0.58889854 37 99 235
-0.044943281 0.11741218 -0.40969336 37 99 235
0.28068325 -0.11318666 -0.05446687 37 99 235
-0.072656251 0.019223742 -0.39663351 37 99 235
0.29360521 0.096494965 -0.36197934 37 99 235
-0.36274964 -0.1235138 0.66703379 37 99 235
-0.32713923 -0.11324092 -0.10370451 37 99 235
0.052335486 0.068983503 -0.59407359 37 99 235
0.30374953 0.12803388 -0.58750921 37 99 235
0.18705007 -0.05460836 0.67761123 37 99 235
0.36280906 -0.22291961 0.56619334 37 99 235
-0.038291983 -0.057731085 -0.14208871 37 99 235
0.17562319 0.035171255 -0.40502375 37 99 235
-0.06683673 0.13076399 -0.31276193 37 99 235
-0.15664187 -0.057695448 -0.089521267 37 99 235
-0.10064575 0.32199287 0.064126134 37 99 235
0.16662213 -0.057708584 -0.11056884 37 99 235
-0.2051008 0.043206412 -0.79444057 37 99 235
-0.39292273 -0.24322391 -0.49806651 37 99 235
0.32339594 -0.059825182 -0.65627241 37 99 235
0.1916281 0.065792561 -0.3216961 37 99 235
-0.32257167 0.0047896509 -0.28515503 37 99 235
-0.2387394 0.21144149 0.35401621 37 99 235
0.20067973 -0.025264667 -0.39910725 37 99 235
-0.13955601 0.10137402 -0.6226666 37 99 235
0.27507943 -0.12944767 0.33275941 37 99 235
-0.28047454 0.31805336 0.14547999 37 99 235
-0.065054618 -0.11351439 0.13987157 37 99 235
0.064799078 0.32164443 0.35933256 37 99 235
0.2398635 -0.099695176 0.46044081 37 99 235
0.24245632 -0.19048007 0.40054715 37 99 235
0.17098513 -0.046253543 -0.28368291 37 99 235
0.34795672 -0.052188739 -0.099982485 37 99 235
-0.35782114 -0.013555932 0.71756351 37 99 235
0.25563663 0.059520151 0.72758853 37 99 235
0.12721579 -0.058743682 -0.58650434 37 99 235
0.052941013 0.068982676 -0.47552317 37 99 235
-0.15928599 -0.097714886 0.0070715281 37 99 235
0.22132716 0.079881422 -0.41694498 37 99 235
0.036129817 0.057433706 -0.79691499 37 99 235
-0.3100372 -0.05853333 0.54827458 37 99 235
-0.3397139 -0.025357272 -0.00064531021 37 99 235
0.26756933 -0.11798599 0.61028373 37 99 235
0.068558648 -0.11357763 -0.36987504 37 99 235
-0.22918782 -0.081823088 0.12793592 37 99 235
-0.35190478 -0.26904824 -0.49353293 37 99 235
-0.38710445 -0.10642999 -0.24150871 37 99 235
0.31846821 0.2722148 0.30634373 37 99 235
0.21778867 -0.031555295 -0.58285183 37 99 235
-0.32449317 -0.22118492 0.55877519 37 99 235
0.31953362 -0.095067509 0.50339854 37 99 235
-0.10884994 -0.11289602 0.22234082 37 99 235
-0.33994555 -0.014973008 0.043589007 37 99 235
-0.35184839 0.14159517 0.31202224 37 99 235
0.14244768 0.019498596 0.7279917 37 99 235
-0.052268472 -0.030761868 -0.708318 37 99 235
0.19232422 0.049006823 0.56134945 37 99 235
-0.18576832 0.1106784 0.71596175 37 99 235
-0.32695755 -0.020985497 0.075549506 37 99 235
0.1247961 -0.11339214 -0.20898131 37 99 235
0.024702374 -0.092573591 -0.5366621 37 99 235
-0.068366483 -0.057620645 -0.0068782195 37 99 235
-0.31998739 0.16127686 -0.26675269 37 99 235
-0.18960269 0.081437632 0.52361798 37 99 235
-0.051149856 0.32390484 0.13836744 37 99 235
-0.38084167 -0.12188198 -0.15804325 37 99 235
-0.3268356 0.30039588 -0.2315492 37 99 235
0.0056213657 -0.11888471 -0.32437429 37 99 235
0.20229228 0.10255363 -0.48554775 37 99 235
-0.058323562 0.1084655 0.36246979 37 99 235
-0.0073914151 -0.096983671 -0.57641298 37 99 235
0.29490483 0.027451973 0.50261694 37 99 235
-0.062787883 -0.088109657 -0.53310078 37 99 235
-0.11352893 0.025037257 -0.51187843 37 99 235
-0.34162408 0.098449551 -0.30672389 37 99 235
0.27476418 0.050337669 -0.39635888 37 99 235
-0.35258216 -0.052768689 -0.6724456 37 99 235
-0.32693878 0.049436349 0.050368551 37 99 235
0.12013265 -0.12836014 0.48042536 37 99 235
0.28711075 -0.051188573 0.56663483 37 99 235
0.21597272 -0.052750733 0.73139316 37 99 235
0.3383581 -0.26177001 0.64038271 37 99 235
0.18884419 -0.009691936 -0.65981197 37 99 235
-0.19546546 -0.093332276 -0.4302384 37 99 235
-0.18776561 -0.0094114626 -0.62318599 37 99 235
0.30980808 0.023849528 -0.38941053 37 99 235
0.27878734 0.28298217 0.24637131 37 99 235
-0.31109703 -0.11810306 0.31979865 37 99 235
0.35347712 0.060320161 0.5311361 37 99 235
0.0045095533 -0.11433174 0.045222446 37 99 235
0.29428521 -0.12517016 -0.30072787 37 99 235
-0.32042679 0.1193791 -0.58646798 37 99 235
0.24813713 -0.13042904 0.67566872 37 99 235
-0.0011041496 0.32555985 0.31523144 37 99 235
0.38520229 -0.14523777 0.16543518 37 99 235
0.19303852 0.018441342 -0.63435805 37 99 235
0.04063959 0.080390207 -0.64115024 37 99 235
-0.073673919 0.32555541 -0.17554495 37 99 235
0.1128643 -0.024398254 -0.79648811 37 99 235
0.15559942 0.097866461 0.70003319 37 99 235
-0.071048588 -0.089520268 -0.78206396 37 99 235
0.25003764 -0.11448546 -0.019747455 37 99 235
-0.024721781 -0.11441045 0.42494935 37 99 235
0.34589636 -0.22304612 -0.67713779 37 99 235
0.25863314 -0.06359373 -0.17820418 37 99 235
-0.20660949 0.31085235 -0.20044246 37 99 235
0.10967705 -0.11691453 -0.62669218 37 99 235
0.10754836 -0.057801258 -0.22129673 37 99 235
0.16735509 0.035725143 -0.46648973 37 99 235
0.36619985 -0.15224013 -0.78163534 37 99 235
0.16875145 -0.035187762 -0.38774377 37 99 235
-0.093581334 0.027873833 -0.51005965 37 99 235
-0.19189088 0.019151581 0.52369285 37 99 235
0.32111406 -0.27767062 0.62060481 37 99 235
-0.26477277 -0.023094574 0.63637888 37 99 235
0.02993154 0.32327053 0.11265947 37 99 235
0.33722937 -0.077695556 0.26469129 37 99 235
0.17731206 0.044759657 -0.78542411 37 99 235
0.31890008 -0.051238336 0.58020902 37 99 235
0.096255347 -0.057594407 0.018601166 37 99 235
0.14064798 -0.14477904 0.49698758 37 99 235
0.16982962 0.32699257 -0.1750447 37 99 235
-0.30045223 -0.057803061 -0.22848345 37 99 235
-0.25651488 -0.11606101 -0.14797452 37 99 235
-0.28823891 0.29888594 0.079629868 37 99 235
-0.24581043 0.14000598 -0.58246583 37 99 235
0.32060841 -0.27928904 -0.48186126 37 99 235
0.26473749 -0.19209152 -0.74626452 37 99 235
0.094908498 0.00029759371 -0.73857892 37 99 235
0.33927652 0.060181655 0.57664579 37 99 235
-0.33055502 0.13126695 -0.049371611 37 99 235
-0.18994315 -0.059099216 0.63038254 37 99 235
-0.13892394 -0.057844896 0.65542632 37 99 235
0.2543982 -0.063605987 -0.43079612 37 99 235
-0.39156422 -0.030624354 -0.55074286 37 99 235
-0.32035282 -0.20204748 -0.78083003 37 99 235
-0.25853708 -0.00035956505 0.70480758 37 99 235
-0.011864073 0.30446282 -0.27366927 37 99 235
-0.33791 0.21738563 0.18733975 37 99 235
-0.1489 -0.057473052 0.15855701 37 99 235
-0.33313665 0.18697482 0.36703971 37 99 235
-0.021678379 -0.076269232 -0.28735322 37 99 235
0.00033971603 0.018457521 -0.31385908 37 99 235
0.33660606 0.12572226 -0.5424276 37 99 235
0.3246116 0.0093193874 -0.0023314133 37 99 235
-0.3323352 -0.070500262 -0.57554823 37 99 235
0.3610456 -0.23971516 0.63364273 37 99 235
0.12959555 0.01654692 0.73505002 37 99 235
0.19958653 0.14137174 -0.61054903 37 99 235
-0.32179776 0.1725468 -0.077069841 37 99 235
0.35404077 -0.12788691 0.27277899 37 99 235
-0.35893428 -0.023692857 0.71197641 37 99 235
0.21585277 0.14693514 0.361379 37 99 235
-0.35525855 0.058415782 0.41447037 37 99 235
-0.13070467 0.026035408 -0.53081179 37 99 235
-0.35014945 -0.025636418 0.25945008 37 99 235
0.19296017 -0.056952294 -0.64802182 37 99 235
-0.34798494 -0.077635422 0.63244182 37 99 235
0.23195453 -0.0026827394 0.61197484 37 99 235
-0.082044296 -0.042627499 0.67216957 37 99 235
-0.12348866 -0.063191243 0.54481924 37 99 235
-0.25980854 0.0063830777 0.35322982 37 99 235
0.048934206 0.062583543 -0.4854165 37 99 235
-0.044191975 0.084362105 0.36249 37 99 235
0.33886987 0.24393322 0.097494945 37 99 235
-0.34502175 -0.31351516 0.48572266 37 99 235
-0.31205714 -0.03083249 -0.6013152 37 99 235
0.30150828 -0.01652446 0.78161794 37 99 235
0.24274102 -0.1523093 0.44336084 37 99 235
-0.28655934 -0.051219683 0.23127887 37 99 235
0.28628057 -0.25647452 -0.46540126 37 99 235
0.29917428 0.30204663 0.32467738 37 99 235
-0.052558355 -0.15220653 -0.64839894 37 99 235
0.3490563 0.077318192 0.5467245 37 99 235
0.3424851 0.2796343 0.1575857 37 99 235
0.24200551 -0.014012458 0.37234607 37 99 235
-0.22980256 -0.15770122 -0.52055216 37 99 235
0.07543046 0.04994534 0.3748996 37 99 235
0.34800071 -0.086921811 0.28232816 37 99 235
0.24308245 -0.11353995 -0.33294219 37 99 235
0.042196542 -0.098328717 0.45840436 37 99 235
0.33066034 0.19219369 0.054034673 37 99 235
-0.30016941 -0.11147933 0.28082547 37 99 235
-0.037671335 -0.049070835 -0.68931371 37 99 235
-0.30704147 0.16749685 -0.36102033 37 99 235
0.27551594 -0.11288045 0.23908924 37 99 235
-0.19808711 -0.0065655573 0.40598613 37 99 235
0.25928971 -0.15448198 0.42407617 37 99 235
-0.36562279 -0.20232315 0.44116715 37 99 235
0.17435113 0.29432422 0.012877164 37 99 235
0.27091202 -0.035391342 0.51150882 37 99 235
-0.24555729 -0.10498704 0.33952165 37 99 235
0.33615413 -0.15327676 0.55197978 37 99 235
-0.39155272 -0.25877362 -0.53240591 37 99 235
-0.25255278 0.096431337 0.69180626 37 99 235
0.2660788 -0.053162351 0.49225807 37 99 235
-0.040047225 0.3081041 -0.01517365 37 99 235
-0.32279134 0.12338367 -0.12511548 37 99 235
0.33936223 -0.10588968 -0.60528684 37 99 235
0.34248266 0.28255081 -0.1887221 37 99 235
0.052664403 -0.057745721 -0.15463325 37 99 235
0.32214954 0.097670421 -0.18272696 37 99 235
0.16252308 0.32589871 -0.18432739 37 99 235
0.31063905 0.31794912 0.19071239 37 99 235
-0.28056648 0.15484862 -0.42246845 37 99 235
-0.30566663 0.31642142 0.22027405 37 99 235
-0.35816145 0.041195702 -0.61391443 37 99 235
-0.2295793 0.095418632 -0.41406491 37 99 235
-0.13083 -0.02503459 -0.56782806 37 99 235
-0.098377056 0.30451822 0.14224142 37 99 235
-0.089841291 -0.11308835 0.050630622 37 99 235
0.34211478 -0.13143572 0.56039131 37 99 235
0.068682656 -0.07721737 -0.36317009 37 99 235
0.27536291 -0.26010653 0.64597833 37 99 235
-0.33796865 0.28539804 0.12348435 37 99 235
-0.21573384 0.21490571 -0.32693616 37 99 235
-0.030964652 0.10231695 -0.31545946 37 99 235
-0.015939089 -0.12584619 -0.38071969 37 99 235
-0.16578643 -0.057836268 -0.25926951 37 99 235
0.3051967 -0.022121431 -0.21561053 37 99 235
-0.2047359 -0.064194135 -0.22985087 37 99 235
0.17096673 0.27427915 -0.33120999 37 99 235
-0.31935528 0.11251963 -0.67665613 37 99 235
-0.19834808 0.30659962 -0.18134432 37 99 235
-0.33014494 0.18403722 0.085265204 37 99 235
0.14239655 0.048665877 0.573237 37 99 235
0.32965663 0.089017369 0.41664976 37 99 235
0.28798622 0.32506454 0.0023803487 37 99 235
0.078547202 0.33182001 -0.10141234 37 99 235
-0.17287177 0.19704507 -0.33184478 37 99 235
0.33021775 -0.13963312 -0.49543878 37 99 235
-0.34984255 0.133296 -0.27411658 37 99 235
0.36689481 -0.25779697 -0.61148727 37 99 235
-0.32829201 0.28608245 0.2908307 37 99 235
-0.35136831 -0.062840536 -0.6599524 37 99 235
0.21859974 0.089886606 -0.30785182 37 99 235
0.025887845 0.012312529 -0.79678315 37 99 235
-0.27349949 0.32085994 0.36966482 37 99 235
-0.031973939 -0.055946451 0.69672072 37 99 235
-0.13090892 0.30969352 0.067060806 37 99 235
-0.30845693 0.32226625 -0.060929313 37 99 235
0.36778322 0.015288794 -0.62639368 37 99 235
0.10171674 0.076864049 -0.30300286 37 99 235
0.25491652 -0.1120575 0.34435335 37 99 235
0.36213785 -0.11075303 -0.64592284 37 99 235
0.25141111 -0.24037936 -0.53975528 37 99 235
0.33326185 0.18402891 0.067704633 37 99 235
0.15115829 -9.5096948e-05 -0.72151315 37 99 235
-0.32574993 0.038823601 -0.33764184 37 99 235
0.20648845 0.082419999 0.56145793 37 99 235
-0.31290603 -0.31997046 -0.56227821 37 99 235
-0.23892723 -0.23291476 0.51750767 37 99 235
-0.21211748 0.097386032 -0.36157611 37 99 235
0.055073097 -0.081144042 0.43066108 37 99 235
0.32758659 -0.020378437 0.24824154 37 99 235
0.00072980713 0.17148206 0.36034372 37 99 235
0.21597981 -0.096956275 -0.56030971 37 99 235
-0.11287758 0.11120601 0.36246407 37 99 235
0.088796347 0.24113284 -0.33121347 37 99 235
0.21719338 -0.12477364 -0.45181811 37 99 235
0.18452087 0.25922567 0.32492769 37 99 235
-0.060471106 0.054886311 -0.70945132 37 99 235
0.32579455 0.1472535 0.67448545 37 99 235
0.16197146 0.10019244 -0.78845125 37 99 235
-0.34097874 0.15551084 -0.072531 37 99 235
0.16860141 -0.12929717 -0.10102557 37 99 235
0.33671001 0.22524627 0.1183058 37 99 235
-0.23217541 -0.034961514 0.434273 37 99 235
0.31852844 -0.012205398 -0.49039805 37 99 235
0.24506539 -0.20193338 0.48595032 37 99 235
-0.079558052 0.30388448 -0.30379799 37 99 235
-0.17724268 -0.068509899 -0.1867235 37 99 235
0.3401396 0.13091531 0.62181199 37 99 235
0.13138282 0.2427672 -0.33120999 37 99 235
0.0060485997 -0.083277881 0.36799377 37 99 235
0.28049976 0.070085272 -0.60308516 37 99 235
-0.087543793 0.16429734 -0.36234739 37 99 235
-0.34581399 -0.11334472 -0.51805013 37 99 235
-0.30142507 -0.13877274 -0.75154388 37 99 235
-0.080114126 0.088860236 -0.56932712 37 99 235
-0.33496776 -0.090432577 -0.6372602 37 99 235
0.25082818 0.020201908 -0.54812181 37 99 235
-0.34332654 -0.12249155 0.10034585 37 99 235
0.35084602 -0.022822868 0.64006746 37 99 235
-0.36605617 0.022594541 -0.59318566 37 99 235
-0.32989714 -0.024485063 -0.26580584 37 99 235
0.13746415 0.070524849 -0.34131911 37 99 235
-0.19988878 0.30735555 -0.18106592 37 99 235
0.30325535 0.30630106 0.32041892 37 99 235
0.23402999 0.32699087 0.13372797 37 99 235
-0.26284301 0.32149345 0.17117998 37 99 235
0.0098304925 -0.15821651 -0.6474297 37 99 235
0.25351536 0.046929911 -0.78612953 37 99 235
-0.36876392 -0.15013975 -0.56094849 37 99 235
-0.25236046 -0.074360505 -0.75847554 37 99 235
0.18846257 0.096325703 -0.4791795 37 99 235
0.13067855 0.31732702 -0.081049167 37 99 235
-0.26386964 -0.0575273 0.10417509 37 99 235
-0.33785331 -0.031149674 -0.21018159 37 99 235
0.27118927 0.03051953 0.36496279 37 99 235
0.22649868 -0.14914492 0.50648683 37 99 235
-0.2010356 -0.16045332 -0.76301223 37 99 235
-0.35571229 -0.046610475 0.58046019 37 99 235
-0.12125257 0.084187604 -0.71385157 37 99 235
-0.18166648 0.10759825 -0.79410034 37 99 235
0.32353327 -0.17089352 0.43659019 37 99 235
-0.090487406 0.0062603746 -0.75584656 37 99 235
0.33556712 0.087999515 0.17569029 37 99 235
0.27097875 0.093371861 -0.40489373 37 99 235
-0.36703673 -0.074797899 -0.54199982 37 99 235
-0.087968543 0.0015646867 -0.79170358 37 99 235
0.32241374 0.23591733 -0.2593942 37 99 235
-0.00071567053 0.31572011 -0.3168779 37 99 235
0.19496375 -0.057640463 -0.026258824 37 99 235
-0.38874534 -0.24587604 -0.56286728 37 99 235
-0.13781904 -0.078440711 0.4266274 37 99 235
-0.25758401 -0.057471201 -0.65046901 37 99 235
0.091418169 -0.023968218 -0.3010219 37 99 235
-0.28337273 0.16378133 -0.37998006 37 99 235
-0.11289069 0.082506545 0.36249 37 99 235
0.35052988 -0.13082165 0.43370914 37 99 235
0.34141153 -0.029779162 -0.10709704 37 99 235
0.33760092 -0.24582121 -0.50923085 37 99 235
0.1817655 0.080795392 0.62407196 37 99 235
0.31997448 0.074386626 -0.39964491 37 99 235
-0.2948077 0.08677242 0.66666812 37 99 235
0.060579773 0.28801736 0.36572531 37 99 235
0.37494913 -0.14143342 -0.68212104 37 99 235
0.30861318 0.26177159 -0.33120999 37 99 235
-0.25703925 -0.051306915 -0.12213799 37 99 235
0.13780929 0.31614202 -0.087963074 37 99 235
-0.070531987 0.07338573 -0.65765715 37 99 235
0.13017079 -0.054926366 -0.62350368 37 99 235
-0.11549017 -0.057524707 0.10303088 37 99 235
-0.26720589 -0.23872581 -0.62430465 37 99 235
-0.34688601 0.0036790578 0.019067319 37 99 235
-0.073952533 0.3027828 0.2507048 37 99 235
0.11791832 0.031562015 -0.45304725 37 99 235
-0.073307067 0.088067487 0.71220011 37 99 235
-0.10651241 -0.054998294 0.71121478 37 99 235
-0.32145 -0.0077644209 0.24558903 37 99 235
-0.12386318 -0.11292587 0.20117725 37 99 235
0.28785205 0.052621167 -0.56507647 37 99 235
-0.33277392 0.058575977 -0.4951497 37 99 235
-0.096443936 -0.063966371 -0.66840088 37 99 235
0.19799957 0.00014826615 -0.45812711 37 99 235
-0.20212336 -0.14952207 -0.74308234 37 99 235
0.16998172 -0.068107203 0.53279978 37 99 235
0.0016178584 -0.13222899 0.33542264 37 99 235
0.34673086 -0.06938868 0.06153382 37 99 235
-0.23971084 0.12490992 -0.72868073 37 99 235
-0.32803404 0.0071250391 -0.46880227 37 99 235
-0.40543145 -0.19303949 -0.47682738 37 99 235
-0.18709238 0.090829246 -0.31434417 37 99 235
-0.30769664 -0.17828704 0.60212988 37 99 235
0.15244575 -0.071464092 -0.68110293 37 99 235
0.32585299 0.020996705 0.45208937 37 99 235
0.33029708 -0.31753173 -0.59739953 37 99 235
-0.22438493 -0.0578207 -0.24445842 37 99 235
-0.2196985 0.096669912 0.70293581 37 99 235
0.23774929 0.32294217 -0.0072308378 37 99 235
-0.36480728 -0.1653972 0.36359617 37 99 235
-0.26617861 -0.0086499928 -0.575625 37 99 235
0.32813588 -0.29083574 0.47742864 37 99 235
-0.29659066 -0.23536746 -0.62709469 37 99 235
-0.28168511 0.31248859 -0.088685147 37 99 235
-0.21429652 -0.045484643 -0.33321631 37 99 235
-0.18372168 0.053742889 -0.68181473 37 99 235
0.18893443 0.33182001 0.049561642 37 99 235
0.18280867 0.32730603 0.19258957 37 99 235
0.32482412 -0.14050017 -0.49194297 37 99 235
-0.07906463 0.0077790665 0.77472597 37 99 235
-0.16163094 -0.090991691 0.31572303 37 99 235
0.28063652 -0.091109395 -0.70604867 37 99 235
-0.31512696 0.060393408 -0.4868058 37 99 235
-0.34900489 0.17319816 -0.017222822 37 99 235
-0.31370953 -0.077441022 -0.65998656 37 99 235
0.13571821 -0.11306413 0.075868599 37 99 235
-0.072260886 0.18662435 -0.34765083 37 99 235
0.27843046 -0.22342189 0.55568463 37 99 235
-0.17980075 -0.13493402 -0.22905225 37 99 235
-0.23517735 -0.12129493 0.06352292 37 99 235
0.011078863 0.21609971 -0.32261649 37 99 235
0.34237093 -0.20435309 0.5712859 37 99 235
0.35275391 0.085484974 -0.30822068 37 99 235
-0.35000786 -0.024978586 -0.39530489 37 99 235
0.15857069 -0.11300576 0.12795405 37 99 235
-0.3480345 -0.0691761 0.64432907 37 99 235
-0.026212061 -0.12067582 -0.38785753 37 99 235
-0.34833702 -0.27493361 0.38768908 37 99 235
-0.27600747 0.15050262 -0.33130461 37 99 235
0.24295823 -0.1120526 0.36183199 37 99 235
0.013883604 -0.058181748 -0.020563027 37 99 235
-0.32509479 -0.043509524 -0.30888447 37 99 235
-0.3266826 0.1553966 0.084765486 37 99 235
-0.34334594 -0.0074155517 0.58507979 37 99 235
0.16039005 0.30133966 -0.05438989 37 99 235
0.24070792 -0.22699784 0.55180943 37 99 235
-0.054295145 -0.1510904 -0.68786454 37 99 235
0.038575307 -0.1231178 -0.33437219 37 99 235
0.34603065 0.021496942 -0.29068547 37 99 235
0.17122395 0.31310275 -0.31562465 37 99 235
-0.20979853 -0.021045867 0.48731393 37 99 235
0.13197215 -0.057805337 -0.22926326 37 99 235
0.40771317 -0.13384506 0.14322901 37 99 235
0.0088562947 0.097708434 -0.79650658 37 99 235
0.07373026 0.13820651 -0.67311889 37 99 235
-0.34949976 -0.087408379 0.47846273 37 99 235
0.3576811 -0.15431413 -0.78398013 37 99 235
0.36186996 -0.10429478 0.42615896 37 99 235
-0.054240316 0.17620236 0.35302609 37 99 235
-0.02848715 -0.035432186 0.64127058 37 99 235
-0.20673259 0.049450871 0.36849692 37 99 235
0.033432674 -0.075118244 0.32747003 37 99 235
0.36441946 -0.055949248 0.4169867 37 99 235
-0.34442991 0.010640554 -0.47515473 37 99 235
-0.20958701 0.076530486 -0.31173587 37 99 235
0.2767587 0.32606333 0.0054277843 37 99 235
0.24055073 -0.0043653944 -0.39290407 37 99 235
-0.12698098 0.31643835 -0.26981539 37 99 235
-0.25420284 -0.26871318 -0.73221213 37 99 235
0.057018179 -0.046673976 -0.79064626 37 99 235
0.20858836 0.018785205 -0.62851924 37 99 235
-0.27550724 0.32278994 -0.30588555 37 99 235
-0.024910022 -0.077094026 -0.68633783 37 99 235
-0.03279116 -0.052670669 -0.4161582 37 99 235
-0.36185658 0.11803343 -0.22285014 37 99 235
0.13376926 0.076634191 0.68252641 37 99 235
0.2626729 0.097378775 -0.683972 37 99 235
0.15693443 -0.042361796 -0.68663567 37 99 235
-0.0043960935 0.069375589 -0.47588024 37 99 235
-0.13653913 0.066335723 -0.31627327 37 99 235
-0.03710039 0.0678799 -0.45356146 37 99 235
0.21804273 0.29539928 0.063850969 37 99 235
-0.36278197 -0.013003736 0.6466586 37 99 235
-0.30961847 -0.11792297 -0.50363469 37 99 235
-0.031827327 -0.088636532 0.37706995 37 99 235
0.34615645 -0.20640802 -0.58283502 37 99 235
0.21408455 0.08728534 -0.33736333 37 99 235
0.057187092 0.31820121 0.031295374 37 99 235
0.029822718 -0.10990075 0.32226849 37 99 235
-0.33143359 0.086618908 0.49831346 37 99 235
0.35891682 -0.021611927 0.37457249 37 99 235
-0.34421715 0.034324415 -0.73058277 37 99 235
-0.12972288 -0.038913779 0.63897753 37 99 235
0.085590348 0.29476893 0.21117514 37 99 235
-0.25462288 -0.11343429 -0.24735452 37 99 235
-0.081574798 -0.057604149 0.015102929 37 99 235
-0.023628443 -0.13818204 -0.64180219 37 99 235
-0.1737504 0.042520124 -0.38653189 37 99 235
-0.087774433 0.095701441 -0.34488004 37 99 235
0.3049576 -0.05544572 0.17804402 37 99 235
-0.080811992 0.1301495 -0.3878223 37 99 235
-0.0018058792 0.15649575 -0.43585119 37 99 235
0.21915086 -0.070537843 -0.2359321 37 99 235
0.36332458 -0.15543349 0.37945625 37 99 235
-0.16520382 0.15976271 -0.37417901 37 99 235
-0.112743 -0.11338177 -0.20095962 37 99 235
-0.14332634 0.07993453 -0.39133307 37 99 235
-0.34408197 -0.13549848 -0.62574631 37 99 235
0.31321934 -0.24739164 0.5479688 37 99 235
-0.38845053 0.17683092 -0.26731032 37 99 235
0.26130944 -0.27808863 -0.49807504 37 99 235
-0.19428611 0.32767171 0.055141702 37 99 235
0.26568162 -0.2642616 -0.48558319 37 99 235
0.10258991 -0.071395837 0.40304834 37 99 235
-0.046551716 0.29623553 0.13022797 37 99 235
-0.18043427 -0.12928374 -0.38084012 37 99 235
0.12386338 0.025433183 -0.39044026 37 99 235
0.028664673 -0.11344073 -0.10473796 37 99 235
0.33898869 -0.098992355 -0.57689637 37 99 235
-0.35146058 0.067989871 0.57601964 37 99 235
-0.027724199 0.10422248 -0.53892493 37 99 235
0.34898356 0.12965804 -0.40125936 37 99 235
-0.16516373 0.12374689 -0.76779997 37 99 235
-0.063604884 -0.089590885 -0.53088588 37 99 235
0.22953956 0.32783744 -0.0032483423 37 99 235
-0.25073639 -0.11321422 -0.048591681 37 99 235
0.28668112 0.074237756 -0.31566659 37 99 235
0.0023568841 -0.094481185 -0.4588151 37 99 235
-0.0071706362 0.028240001 0.5901401 37 99 235
-0.18890135 0.085008323 -0.3122023 37 99 235
0.17074522 -0.047362138 -0.40217608 37 99 235
0.1393016 0.15468724 -0.51276118 37 99 235
0.37325504 -0.13164006 0.12582912 37 99 235
-0.14698267 -0.057464525 0.17030498 37 99 235
0.014912929 -0.053513866 0.68524987 37 99 235
0.39934954 -0.14160845 0.23623072 37 99 235
-0.13819113 -0.07892096 -0.62504792 37 99 235
-0.28969476 -0.11242054 0.30751425 37 99 235
0.34398562 -0.07688614 0.42569393 37 99 235
-0.0032298849 -0.11797997 -0.73464054 37 99 235
0.29538608 0.11323692 0.46728146 37 99 235
-0.32343501 0.13427462 -0.11157213 37 99 235
0.38594112 0.14325774 -0.25585276 37 99 235
0.31948259 0.090726621 0.41747651 37 99 235
-0.33617178 -0.086197928 -0.48723999 37 99 235
-0.024414474 -0.17228813 -0.57379067 37 99 235
-0.045531437 0.071131907 -0.36226785 37 99 235
0.078786612 0.028240001 0.42138976 37 99 235
-0.36909929 -0.20974626 -0.45143247 37 99 235
-0.028840726 0.15258168 -0.52577561 37 99 235
0.1726388 0.33182001 0.070301242 37 99 235
0.15652791 -0.057732075 -0.13789812 37 99 235
0.23577231 -0.01243264 0.53398937 37 99 235
-0.28166813 -0.15746073 0.41205993 37 99 235
0.33832327 -0.25926033 0.64236248 37 99 235
0.15134665 -0.041547883 -0.38363576 37 99 235
-0.31307548 -0.03841088 0.20911081 37 99 235
-0.18373896 -0.061100572 0.58365613 37 99 235
0.30061677 -0.2111391 -0.68806362 37 99 235
0.038828336 0.31992364 0.066918254 37 99 235
-0.16916734 -0.067323729 0.0090136472 37 99 235
-0.35444307 0.066601977 0.39943922 37 99 235
-0.16703475 0.0033184178 0.63201636 37 99 235
-0.32938936 0.026563512 -0.028228939 37 99 235
0.075232007 0.090266459 -0.30715033 37 99 235
-0.096186735 -0.010927587 -0.70677507 37 99 235
-0.00078041694 0.32963368 -0.026532296 37 99 235
0.14540221 0.12732679 -0.46087173 37 99 235
0.20312987 -0.065242484 0.6494683 37 99 235
-0.30734423 -0.17567131 0.42869779 37 99 235
0.27687034 0.065129846 -0.51907641 37 99 235
0.26748577 0.29402319 -0.22806159 37 99 235
0.32688418 -0.20123024 -0.70563132 37 99 235
0.21371856 0.024210095 0.35636228 37 99 235
0.27453566 0.036275409 0.58925992 37 99 235
-0.15642349 0.084959984 -0.40158299 37 99 235
0.17636071 -0.044167504 0.74275851 37 99 235
-0.10857851 0.31472996 0.034853753 37 99 235
0.21667033 -0.14151062 -0.43841025 37 99 235
0.29328412 -0.087921619 0.29465079 37 99 235
0.29236448 0.034508135 0.57956928 37 99 235
-0.29650322 -0.024449376 -0.14013185 37 99 235
-0.30636775 0.013749161 -0.73049462 37 99 235
0.2883561 -0.0089076916 0.26096553 37 99 235
0.20168701 -0.14196363 -0.28386128 37 99 235
-0.30667126 -0.14629421 0.32824475 37 99 235
0.34806713 0.16162488 0.37648925 37 99 235
-0.10615683 0.093537115 -0.54420501 37 99 235
-0.34769827 0.060145721 -0.75083685 37 99 235
0.16093107 0.13783035 -0.48405391 37 99 235
0.31511506 0.29756758 -0.27205181 37 99 235
-0.041749235 0.26071414 0.35535514 37 99 235
0.070650265 0.065425709 -0.67767048 37 99 235
-0.1171788 0.029706314 -0.7034598 37 99 235
0.23258182 -0.054789484 0.62755775 37 99 235
-0.26014921 -0.074895598 -0.45685124 37 99 235
0.088201389 0.15573631 -0.50119084 37 99 235
0.035610389 -0.057431243 -0.31214845 37 99 235
-0.20295066 -0.13225877 0.041633081 37 99 235
0.35149184 0.22979629 -0.27632937 37 99 235
-0.023195541 -0.11676245 -0.56620669 37 99 235
-0.34365034 -0.047242425 0.49230805 37 99 235
-0.27078217 0.21770534 0.34225273 37 99 235
0.25092718 -0.084547706 -0.28391251 37 99 235
-0.32252494 -0.036908168 0.32294655 37 99 235
-0.019323731 -0.13120992 0.45797747 37 99 235
0.10339164 -0.015938396 -0.72000587 37 99 235
-0.20232305 -0.045832366 0.4687129 37 99 235
0.29391098 -0.23708425 0.67150956 37 99 235
0.21589185 0.10931763 -0.79404777 37 99 235
-0.34302685 0.19195358 -0.016716626 37 99 235
-0.019279798 -0.05746787 0.16658482 37 99 235
0.33163223 -0.11061849 -0.53685647 37 99 235
0.10021506 -0.0575522 0.070065655 37 99 235
-0.33875796 0.26552364 -0.16865863 37 99 235
-0.28058535 -0.0087350588 -0.78362876 37 99 235
0.10933871 -0.05762659 -0.01891006 37 99 235
-0.31609318 -0.026275342 -0.36045974 37 99 235
0.21415323 -0.075616024 0.50462824 37 99 235
0.22209378 0.33103502 0.1687717 37 99 235
0.089142099 -0.050439719 0.44801074 37 99 235
-0.30376986 -0.042017654 0.37224695 37 99 235
-0.32538861 -0.22179253 -0.64245844 37 99 235
-0.36080378 -0.22120512 0.46777007 37 99 235
0.34662548 0.10752694 0.55197173 37 99 235
0.1782169 -0.11805095 0.14242296 37 99 235
-0.16780126 0.06556052 -0.454182 37 99 235
0.39660576 -0.21836232 -0.74649918 37 99 235
0.3077223 -0.12950571 0.68971628 37 99 235
0.055888228 -0.11782056 -0.22729445 37 99 235
0.0094620716 -0.12652762 -0.48107639 37 99 235
0.19735098 -0.064046897 0.60444885 37 99 235
-0.23303986 -0.0097675212 -0.74402922 37 99 235
0.36024654 -0.18694851 0.67831761 37 99 235
0.17791404 0.079794243 0.42732388 37 99 235
-0.06271673 0.084573492 0.70933545 37 99 235
-0.22331898 0.15706474 -0.36717778 37 99 235
-0.32794553 0.079273246 0.031562921 37 99 235
0.062252615 -0.057462912 0.18050706 37 99 235
0.2404774 -0.048880436 0.40545669 37 99 235
0.10543437 0.004003244 -0.40395579 37 99 235
-0.0042643026 -0.12532564 0.18621913 37 99 235
-0.32953334 0.11544334 -0.16909547 37 99 235
0.30522591 0.078960329 0.54189974 37 99 235
0.31664884 -0.051857751 -0.050130956 37 99 235
-0.39090937 -0.1342241 -0.20358939 37 99 235
0.19992377 -0.10812597 -0.47594225 37 99 235
-0.13427678 -0.069647163 -0.43422729 37 99 235
0.34160468 -0.074767023 0.22675318 37 99 235
0.28607526 -0.057084009 -0.66066766 37 99 235
0.081613578 0.32984421 0.080130301 37 99 235
0.3467648 0.12050743 -0.54808229 37 99 235
-0.1279767 0.028240001 0.42576829 37 99 235
0.076429255 0.064370997 0.72591257 37 99 235
-0.32415166 0.059625778 0.073335789 37 99 235
0.16409642 -0.0027792761 -0.38845477 37 99 235
-0.24372017 -0.053803358 0.29351532 37 99 235
-0.13257425 0.073312148 0.38389501 37 99 235
0.0058225733 -0.11520237 0.054022212 37 99 235
0.2809014 0.15391597 -0.43100363 37 99 235
-8.1561724e-05 -0.064235464 -0.42739594 37 99 235
-0.18981777 0.14808297 0.73232156 37 99 235
-0.15377553 -0.12587374 0.077259235 37 99 235
0.3564831 -0.1404244 0.18845294 37 99 235
-0.2071261 -0.2069588 -0.74800926 37 99 235
-0.15251103 -0.11685709 0.13413428 37 99 235
-0.2312008 0.17442618 0.34383327 37 99 235
0.20630874 -0.18434638 -0.51601458 37 99 235
0.34898999 0.069892481 -0.37935331 37 99 235
0.31266505 -0.085603334 -0.41472423 37 99 235
0.30193818 0.32285875 -0.27793071 37 99 235
0.36101279 -0.12590715 0.35434476 37 99 235
-0.25492316 -0.17530884 -0.67332995 37 99 235
0.34172848 0.03498064 0.39497793 37 99 235
-0.14281145 0.097576275 -0.63794291 37 99 235
-0.086496055 0.028240001 0.51376414 37 99 235
0.18845046 -0.0064342869 -0.66097361 37 99 235
0.23276229 -0.12928405 -0.25285122 37 99 235
0.23801424 -0.11411382 -0.076336764 37 99 235
0.14336263 -0.11420622 -0.33933333 37 99 235
0.03771238 -0.067077599 0.23452339 37 99 235
-0.34259355 -0.31419533 -0.55864716 37 99 235
-0.33708522 -0.096717186 -0.7555483 37 99 235
-0.25713372 -0.11223424 0.22396219 37 99 235
-0.33908054 0.22461392 0.33785018 37 99 235
-0.35126653 0.076160483 0.53481275 37 99 235
-0.32708728 0.21376187 0.26650655 37 99 235
0.048070572 -0.082790792 0.42900804 37 99 235
-0.19098102 -0.040123034 -0.55097967 37 99 235
-0.23287392 -0.12094275 -0.20270738 37 99 235
0.030705182 -0.17678384 -0.58047563 37 99 235
0.2858066 0.32003659 -0.32489729 37 99 235
0.052553169 0.019490872 -0.51266873 37 99 235
-0.18428101 0.32325593 -0.11125533 37 99 235
0.03225873 0.084589817 -0.51035511 37 99 235
0.30501807 -0.06103389 -0.6601485 37 99 235
1.1390349 1.284665 -0.00056316378 234 88 12
1.1347774 1.2591367 0.0096430592 234 88 12
1.207889 1.2597296 0.0083617978 234 88 12
1.2182571 1.2597296 0.0083617978 234 88 12
1.2286253 1.2597296 0.0083617978 234 88 12
1.2389934 1.2597296 0.0083617978 234 88 12
1.2703472 1.2599771 0.0078272633 234 88 12
1.280466 1.2597296 0.0083617978 234 88 12
1.3133748 1.2614627 0.0046176719 234 88 12
1.1761949 1.2487355 0.0097255521 234 88 12
1.1969041 1.2487181 0.0097634606 234 88 12
1.2279925 1.2487181 0.0097634606 234 88 12
1.2591099 1.2487468 0.0097009949 234 88 12
1.3011268 1.249289 0.0085196309 234 88 12
1.1761737 1.2383503 0.0097744279 234 88 12
1.2803917 1.2389215 0.0085196309 234 88 12
1.1657939 1.2279695 0.0098142438 234 88 12
1.1968993 1.2279875 0.0097744279 234 88 12
1.2279925 1.2279925 0.0097634606 234 88 12
1.2383553 1.2279925 0.0097634606 234 88 12
1.2591099 1.2280207 0.0097009949 234 88 12
1.0952079 1.2197814 0.0049564647 234 88 12
1.1761565 1.2176069 0.0098142438 234 88 12
1.3027251 1.2196829 0.0051765251 234 88 12
1.2176577 1.2072946 0.0097009949 234 88 12
1.0058235 1.2424878 -0.093835853 234 88 12
1.007526 1.2058991 -0.01067974 234 88 12
1.0656027 1.2007523 0.0010175514 234 88 12
1.1036183 1.1968818 0.0098142438 234 88 12
1.2406979 1.1991682 0.0046176719 234 88 12
1.0171313 1.2194926 -0.065779947 234 88 12
1.0242245 1.2028073 -0.027527589 234 88 12
1.0640646 1.1886381 0.0049564647 234 88 12
1.1243598 1.1865364 0.0097744279 234 88 12
1.1658109 1.1865364 0.0097744279 234 88 12
1.0064808 1.208842 -0.065779947 234 88 12
1.0179667 1.1850177 -0.01067974 234 88 12
1.0640646 1.1782569 0.0049564647 234 88 12
1.1139971 1.1761737 0.0097744279 234 88 12
1.1450855 1.1761737 0.0097744279 234 88 12
1.1784034 1.1784034 0.0046176719 234 88 12
1.2508711 1.2082882 -0.064499162 234 88 12
1.0179667 1.174577 -0.01067974 234 88 12
1.0448104 1.1695639 0.0010175514 234 88 12
1.1159703 1.1678758 0.0049564647 234 88 12
1.3523908 1.2948421 -0.29129842 234 88 12
1.0388482 1.1641363 -0.01067974 234 88 12
1.0562621 1.1603273 -0.0017123413 234 88 12
1.0069159 1.1899915 -0.09690287 234 88 12
1.027604 1.1766864 -0.065295719 234 88 12
1.0666686 1.1499208 -0.0017123413 234 88 12
1.3239976 1.2777444 -0.30536559 234 88 12
1.023806 1.1863148 -0.11390545 234 88 12
1.1109743 1.1530966 -0.034272451 234 88 12
1.1609429 1.1609429 -0.053082246 234 88 12
1.2187021 1.1862034 -0.11363818 234 88 12
1.0198654 1.1834803 -0.1332586 234 88 12
1.0416807 1.1834803 -0.1332586 234 88 12
1.4095275 1.2905802 -0.39237121 234 88 12
1.1479781 1.2922267 -0.42543724 234 88 12
1.347964 1.2655557 -0.36031058 234 88 12
1.3597367 1.2655557 -0.36031058 234 88 12
1.3720696 1.2660729 -0.36157325 234 88 12
1.136407 1.2807127 -0.42668632 234 88 12
1.1572369 1.2771578 -0.4179242 234 88 12
1.1654215 1.2729988 -0.40767315 234 88 12
1.1645375 1.1537046 -0.11363818 234 88 12
1.3244188 1.2537831 -0.36031058 234 88 12
1.3361914 1.2537831 -0.36031058 234 88 12
1.1777897 1.2614905 -0.40877965 234 88 12
1.3597367 1.2420106 -0.36031058 234 88 12
1.1479781 1.2561646 -0.42543724 234 88 12
1.2151127 1.2510273 -0.41253284 234 88 12
1.3057284 1.2461061 -0.40017083 234 88 12
1.2173831 1.241371 -0.41840485 234 88 12
1.2293772 1.241371 -0.41840485 234 88 12
1.2653589 1.241371 -0.41840485 234 88 12
1.287619 1.2397076 -0.41418603 234 88 12
1.3235306 1.2396871 -0.41413382 234 88 12
1.382944 1.2181677 -0.35955575 234 88 12
1.406178 1.2179031 -0.35888484 234 88 12
1.356093 1.2246655 -0.40633848 234 88 12
1.3891996 1.2222571 -0.40017083 234 88 12
1.3468581 1.2151654 -0.41266897 234 88 12
1.3579543 1.2143821 -0.41064313 234 88 12
1.359733 1.1920125 -0.4147568 234 88 12
1.65956 1.4734039 0.30724928 234 88 12
1.6243606 1.499843 0.31704244 234 88 12
1.6518693 1.4502817 0.29775628 234 88 12
1.624706 1.4558218 0.30179149 234 88 12
1.6294838 1.4455456 0.2983709 234 88 12
1.5908074 1.5195485 0.31208715 234 88 12
1.6222788 1.4226654 0.28856245 234 88 12
1.6410427 1.4058404 0.27571002 234 88 12
1.5814427 1.4714049 0.30310616 234 88 12
1.5933068 1.439803 0.29431808 234 88 12
1.6131502 1.4113514 0.28032386 234 88 12
1.6320966 1.3820003 0.26689911 234 88 12
1.6536183 1.3532103 0.25178102 234 88 12
1.553102 1.5003061 0.30901906 234 88 12
1.5586919 1.4907167 0.30500367 234 88 12
1.5747743 1.449018 0.29304105 234 88 12
1.5980756 1.397451 0.27596596 234 88 12
1.6094706 1.3774116 0.26776621 234 88 12
1.6233776 1.3582175 0.25791195 234 88 12
1.5463393 1.4780663 0.29908767 234 88 12
1.549772 1.4674194 0.2964654 234 88 12
1.5247763 1.4855169 0.30001915 234 88 12
1.6828581 1.2511553 0.18596065 234 88 12
1.5147759 1.4739988 0.29260322 234 88 12
1.531692 1.4328934 0.27983722 234 88 12
1.5340345 1.4216698 0.27790532 234 88 12
1.5393685 1.4117583 0.27397043 234 88 12
1.5434488 1.401244 0.27087346 234 88 12
1.6523035 1.25714 0.19229826 234 88 12
1.5282665 1.3996558 0.26715493 234 88 12
1.6617072 1.2265872 0.17026816 234 88 12
1.4811463 1.4810081 0.28807995 234 88 12
1.5018153 1.4297637 0.27223289 234 88 12
1.5186574 1.3758847 0.25895512 234 88 12
1.5288311 1.3555833 0.25130302 234 88 12
1.6118562 1.2509973 0.19069397 234 88 12
1.6823103 1.1864759 0.13999096 234 88 12
1.4702959 1.4812493 0.28165668 234 88 12
1.4782867 1.4485837 0.27509785 234 88 12
1.4955544 1.3953809 0.2614513 234 88 12
1.5089303 1.3643756 0.25118971 234 88 12
1.5897684 1.2598898 0.19168514 234 88 12
1.6051795 1.2403129 0.1803515 234 88 12
1.4505169 1.4771823 0.28137219 234 88 12
1.4599983 1.4574901 0.27411735 234 88 12
1.4679549 1.4369133 0.26790559 234 88 12
1.4825314 1.3824509 0.25601408 234 88 12
1.4954903 1.3635798 0.24634381 234 88 12
1.4995477 1.3530087 0.24317382 234 88 12
1.5045016 1.3427838 0.2393852 234 88 12
1.5320545 1.3046148 0.21888411 234 88 12
1.5491433 1.2864966 0.20633847 234 88 12
1.5899863 1.2391573 0.17623071 234 88 12
1.6075161 1.2201594 0.16334875 234 88 12
1.6169653 1.2107972 0.15643169 234 88 12
1.4452119 1.4558616 0.27041876 234 88 12
1.4680123 1.3811147 0.25200921 234 88 12
1.5157149 1.3027467 0.21589033 234 88 12
1.5484544 1.2657881 0.19161798 234 88 12
1.5741498 1.2377414 0.17259751 234 88 12
1.5914346 1.2187203 0.15979804 234 88 12
1.6568584 1.1514267 0.11149595 234 88 12
1.4342762 1.4439396 0.2637037 234 88 12
1.4432609 1.4117045 0.25631255 234 88 12
1.4532731 1.3796656 0.24819636 234 88 12
1.4741006 1.3397238 0.23213921 234 88 12
1.4890686 1.321394 0.22092037 234 88 12
1.5167092 1.2829943 0.20006257 234 88 12
1.5326878 1.2642796 0.18811272 234 88 12
1.541657 1.2552013 0.18144915 234 88 12
1.5598296 1.2368956 0.16795065 234 88 12
1.6483095 1.1396844 0.10197834 234 88 12
1.4038353 1.4829645 0.27255327 234 88 12
1.443042 1.3680042 0.24087615 234 88 12
1.4484273 1.3581523 0.23671016 234 88 12
1.4551624 1.3488418 0.23159371 234 88 12
1.4667324 1.3292216 0.2226914 234 88 12
1.4792067 1.3097699 0.21314636 234 88 12
1.5333953 1.2440171 0.17226641 234 88 12
1.6040392 1.1677995 0.11926863 234 88 12
1.632063 1.1384389 0.098272093 234 88 12
1.4108377 1.4193605 0.2513814 234 88 12
1.4218349 1.3880132 0.2424622 234 88 12
1.4682648 1.3100963 0.20651367 234 88 12
1.6258755 1.1275058 0.087052807 234 88 12
1.642994 1.1068864 0.074053086 234 88 12
1.3898208 1.4509985 0.25337568 234 88 12
1.3953073 1.4294835 0.2487092 234 88 12
1.4074383 1.3866531 0.23854114 234 88 12
1.4407024 1.3280267 0.2125176 234 88 12
1.4727328 1.2795321 0.18771076 234 88 12
1.5154147 1.2337261 0.15524893 234 88 12
1.5467603 1.1946477 0.13123718 234 88 12
1.6362058 1.0956218 0.063113302 234 88 12
1.3514612 1.4974821 0.26865423 234 88 12
1.3888631 1.395476 0.23804095 234 88 12
1.3977491 1.3752822 0.23089641 234 88 12
1.4611828 1.2796372 0.18143733 234 88 12
1.4771528 1.2611362 0.16916299 234 88 12
1.541566 1.184424 0.11958956 234 88 12
1.5768262 1.1453868 0.092546739 234 88 12
1.6207013 1.0947201 0.058830172 234 88 12
1.3397412 1.4971731 0.26311165 234 88 12
1.3567193 1.4578528 0.2493418 234 88 12
1.3867103 1.375456 0.22460327 234 88 12
1.3958143 1.3552145 0.21724652 234 88 12
1.439298 1.2878778 0.18304835 234 88 12
1.5880573 1.1143914 0.06787762 234 88 12
1.6071848 1.0944705 0.053145371 234 88 12
1.3289232 1.4854127 0.25654536 234 88 12
1.350427 1.4242195 0.23861523 234 88 12
1.651741 1.0462183 0.0028443083 234 88 12
1.3602706 1.3737848 0.21522917 234 88 12
1.4066941 1.2963842 0.17802712 234 88 12
1.4332387 1.257744 0.1569376 234 88 12
1.521899 1.1649963 0.087677591 234 88 12
1.5269474 1.1538908 0.083544657 234 88 12
1.5535907 1.1243031 0.062675558 234 88 12
1.5879114 1.0833093 0.035699371 234 88 12
1.6079222 1.0632597 0.020095915 234 88 12
1.6320866 1.0441517 0.0014195653 234 88 12
1.3525889 1.3633507 0.20610414 234 88 12
1.4289982 1.2483335 0.14484833 234 88 12
1.4882939 1.1956478 0.098508611 234 88 12
1.5399667 1.1239269 0.057281923 234 88 12
1.5456592 1.1128198 0.052635297 234 88 12
1.5737177 1.0828365 0.030542202 234 88 12
1.6266534 1.0330642 -0.010916774 234 88 12
1.2884065 1.4817156 0.24399953 234 88 12
1.316829 1.4002509 0.21977979 234 88 12
1.3401523 1.3628733 0.20087613 234 88 12
1.3520257 1.3439513 0.19125612 234 88 12
1.3967499 1.2772995 0.15517251 234 88 12
1.4026691 1.2673419 0.15035944 234 88 12
1.4551985 1.2384994 0.10960717 234 88 12
1.5018548 1.1537695 0.071463972 234 88 12
1.5798483 1.0625162 0.0093613565 234 88 12
1.5881972 1.0518723 0.0026846286 234 88 12
1.2915303 1.4293563 0.225501 234 88 12
1.2984806 1.4088284 0.21951663 234 88 12
1.3164494 1.3813313 0.20489386 234 88 12
1.3379283 1.3427538 0.18722513 234 88 12
1.4062085 1.2487139 0.13200589 234 88 12
1.5924224 1.0439774 -0.016871808 234 88 12
1.2676277 1.4586744 0.23033021 234 88 12
1.2899083 1.3981178 0.21118726 234 88 12
1.3050675 1.3812964 0.19897731 234 88 12
1.3267888 1.3428909 0.18100406 234 88 12
1.3323264 1.3332083 0.17642562 234 88 12
1.3565816 1.2948636 0.15650746 234 88 12
1.3765414 1.2662458 0.14021467 234 88 12
1.4421341 1.2301978 0.088610314 234 88 12
1.5140636 1.1149639 0.029491566 234 88 12
1.5456221 1.0729938 0.0038405249 234 88 12
1.5760425 1.0428979 -0.020539267 234 88 12
1.3126584 1.3416567 0.17705847 234 88 12
1.3640519 1.265928 0.13474379 234 88 12
1.4507844 1.1999975 0.065414399 234 88 12
1.492026 1.1377466 0.031408489 234 88 12
1.4996767 1.1274198 0.025141079 234 88 12
1.5068452 1.1168507 0.019238664 234 88 12
1.5139014 1.1061743 0.013419678 234 88 12
1.525776 1.0838605 0.0034806745 234 88 12
1.2435058 1.4458016 0.21959633 234 88 12
1.2477523 1.4360816 0.21595809 234 88 12
1.2567259 1.4167545 0.20831095 234 88 12
1.2665813 1.3976806 0.19998537 234 88 12
1.2782832 1.379297 0.19024426 234 88 12
1.3497344 1.2648278 0.13069056 234 88 12
1.44069 1.2008187 0.057648331 234 88 12
1.5168779 1.0851637 -0.0056363172 234 88 12
1.2227236 1.4762449 0.22235672 234 88 12
1.2839811 1.3510784 0.17001826 234 88 12
1.3101881 1.302042 0.14778093 234 88 12
1.4656609 1.1632912 0.021049054 234 88 12
1.4791774 1.1421562 0.0097218007 234 88 12
1.5268257 1.0529038 -0.030712426 234 88 12
1.5433563 1.0314882 -0.044414453 234 88 12
1.5502498 1.0202293 -0.050207838 234 88 12
1.259195 1.3689053 0.17527236 234 88 12
1.2640483 1.3591464 0.17110193 234 88 12
1.3225629 1.2632147 0.12156707 234 88 12
1.3305367 1.2542099 0.1149567 234 88 12
1.3981986 1.2319535 0.060724791 234 88 12
1.41137 1.2116947 0.049620509 234 88 12
1.4495176 1.1748934 0.01821145 234 88 12
1.4815028 1.134428 -0.0084538301 234 88 12
1.4916553 1.0984613 -0.017712295 234 88 12
1.5162503 1.0536638 -0.038686514 234 88 12
1.5268469 1.0437639 -0.047400236 234 88 12
1.1968266 1.4741666 0.21362719 234 88 12
1.2041403 1.4544147 0.20712374 234 88 12
1.2088721 1.4450358 0.20303375 234 88 12
1.2116896 1.4346355 0.20043187 234 88 12
1.2524242 1.3589966 0.16539912 234 88 12
1.2574892 1.3493056 0.16103323 234 88 12
1.3926413 1.2218392 0.049072236 234 88 12
1.4030443 1.2132175 0.040495496 234 88 12
1.5219252 1.0329548 -0.06034394 234 88 12
1.198736 1.4336611 0.19602658 234 88 12
1.2038071 1.4243933 0.19163974 234 88 12
1.24096 1.3589178 0.15958472 234 88 12
1.253175 1.340492 0.14915378 234 88 12
1.2924327 1.2479415 0.11446859 234 88 12
1.4002135 1.204093 0.026567087 234 88 12
1.4696065 1.152462 -0.030842315 234 88 12
1.4658663 1.1378959 -0.028352557 234 88 12
1.4684399 1.1256319 -0.030842315 234 88 12
1.4787654 1.0895729 -0.040373307 234 88 12
1.1669698 1.4816546 0.20855255 234 88 12
1.2104607 1.3856262 0.17008442 234 88 12
1.221383 1.3669735 0.16061524 234 88 12
1.2276754 1.3579646 0.15522088 234 88 12
1.2512844 1.3206024 0.13485666 234 88 12
1.2957335 1.2543497 0.096660003 234 88 12
1.3668628 1.2211866 0.038092501 234 88 12
1.4101135 1.1999247 0.0024416705 234 88 12
1.4264681 1.180284 -0.01144623 234 88 12
1.1576558 1.4707838 0.20102045 234 88 12
1.1676115 1.4525502 0.19228488 234 88 12
1.1708581 1.4424595 0.18928963 234 88 12
1.2155457 1.357554 0.14997052 234 88 12
1.2525162 1.3019931 0.11796018 234 88 12
1.2669646 1.2839367 0.10557947 234 88 12
1.3329918 1.2628154 0.051170669 234 88 12
1.3691871 1.2142534 0.02003774 234 88 12
1.1645317 1.4330785 0.17926802 234 88 12
1.1855135 1.3962632 0.1607849 234 88 12
1.188746 1.3859329 0.15777159 234 88 12
1.2150151 1.3385556 0.13458519 234 88 12
1.3363731 1.2312785 0.031439666 234 88 12
1.1515464 1.43205 0.17498532 234 88 12
1.1658776 1.403879 0.16216311 234 88 12
1.2112309 1.3300148 0.12213325 234 88 12
1.3147912 1.2272907 0.033091553 234 88 12
1.1672915 1.3863597 0.14527407 234 88 12
1.1812046 1.3572739 0.13267526 234 88 12
1.1894504 1.3492228 0.1255399 234 88 12
1.1920248 1.3383868 0.12301181 234 88 12
1.2008305 1.330467 0.11541648 234 88 12
1.216538 1.3012851 0.10132466 234 88 12
1.3039645 1.2277615 0.02609941 234 88 12
1.1324553 1.4335635 0.16089553 234 88 12
1.2352172 1.3028318 0.070238344 234 88 12
1.2770562 1.2340529 0.032762397 234 88 12
1.1223034 1.4340049 0.15433918 234 88 12
1.1396738 1.3955785 0.13830858 234 88 12
1.1557128 1.3677835 0.12378807 234 88 12
1.1613706 1.3585643 0.11868735 234 88 12
1.111113 1.4338971 0.14864312 234 88 12
1.1175249 1.4136218 0.14245921 234 88 12
1.1388916 1.3769464 0.12299111 234 88 12
1.1510495 1.3590131 0.11202177 234 88 12
1.1562659 1.349535 0.10724957 234 88 12
1.1734377 1.3215067 0.091656968 234 88 12
1.2355732 1.2264427 0.035469994 234 88 12
1.2907581 1.2118549 -0.011857146 234 88 12
1.0783983 1.4807675 0.1630825 234 88 12
1.0821307 1.4711446 0.15953824 234 88 12
1.0935308 1.4421515 0.14872748 234 88 12
1.0969106 1.4321849 0.14547151 234 88 12
1.1689216 1.3125986 0.079542555 234 88 12
1.2279294 1.3155209 0.029265149 234 88 12
1.231395 1.2422082 0.023584096 234 88 12
1.0979686 1.414925 0.12864342 234 88 12
1.0623125 1.4721932 0.14627261 234 88 12
1.0830148 1.4246683 0.12655322 234 88 12
1.1241351 1.3503407 0.088141024 234 88 12
1.1492817 1.3140991 0.064997472 234 88 12
1.051029 1.4836364 0.14124982 234 88 12
1.0931015 1.3882537 0.10093506 234 88 12
1.1307492 1.3228271 0.065615773 234 88 12
1.1795566 1.2349213 0.01971001 234 88 12
1.1782449 1.1847035 0.018949684 234 88 12
1.2267059 1.1924896 -0.023024902 234 88 12
1.0445372 1.4743866 0.13124846 234 88 12
1.0515189 1.4548135 0.12436768 234 88 12
1.0609298 1.4364038 0.11539739 234 88 12
1.0646445 1.4265952 0.11175957 234 88 12
1.0851899 1.3899075 0.09230978 234 88 12
1.0917521 1.3813342 0.086217813 234 88 12
1.1530858 1.3145647 0.029787945 234 88 12
1.4272928 1.4312532 -0.20663653 234 88 12
1.0391629 1.4657404 0.12023162 234 88 12
1.0433214 1.4563075 0.11618955 234 88 12
1.0623814 1.4194334 0.097908065 234 88 12
1.091822 1.3510411 0.06922996 234 88 12
1.1479163 1.2188745 0.014517311 234 88 12
1.135537 1.2011285 0.024787044 234 88 12
1.1349916 1.1885843 0.024787044 234 88 12
1.1376945 1.1650921 0.021492161 234 88 12
1.0214733 1.4853033 0.1212168 234 88 12
1.0934886 1.333342 0.05115962 234 88 12
1.1224115 1.1758599 0.019286474 234 88 12
1.051594 1.4016802 0.075376585 234 88 12
1.0776308 1.3431489 0.049726471 234 88 12
1.1222473 1.2301368 0.0052763219 234 88 12
1.1081544 1.1624322 0.015282035 234 88 12
1.1160365 1.1534477 0.0078577967 234 88 12
1.0054764 1.4885449 0.10458169 234 88 12
1.0572906 1.3626068 0.05279956 234 88 12
1.127654 1.2377887 -0.015704624 234 88 12
1.0981773 1.1754111 0.0084869917 234 88 12
1.0976329 1.1628896 0.0084869917 234 88 12
1.1054807 1.1539067 0.0010406147 234 88 12
1.0141201 1.4407862 0.079120331 234 88 12
1.0933748 1.2029616 -0.0024421473 234 88 12
1.1737466 1.1623231 -0.077216677 234 88 12
0.99537599 1.4952387 0.082572892 234 88 12
1.0026137 1.4522829 0.074224383 234 88 12
1.0045589 1.4415638 0.072013505 234 88 12
1.0115279 1.4335837 0.065305568 234 88 12
1.014706 1.4234657 0.061988253 234 88 12
1.0326642 1.3734239 0.043527853 234 88 12
1.0605218 1.3273226 0.016147809 234 88 12
1.1906551 1.1614989 -0.10977967 234 88 12
1.0072592 1.4135427 0.052419305 234 88 12
1.0671569 1.1893051 -0.011898137 234 88 12
0.99296588 1.4591876 0.051422931 234 88 12
0.9986577 1.4148742 0.044336811 234 88 12
1.007677 1.3959113 0.035180926 234 88 12
1.0110837 1.3857719 0.031602167 234 88 12
1.0586594 1.1660712 -0.021533864 234 88 12
1.4166974 1.2372162 -0.3516764 234 88 12
1.4181345 1.2237163 -0.35355899 234 88 12
0.99066961 1.4165494 0.0356723 234 88 12
1.2550403 1.4425163 -0.21094008 234 88 12
1.0527014 1.1562014 -0.033045296 234 88 12
0.99490643 1.4249605 0.015719142 234 88 12
0.99103081 1.3989161 0.018307637 234 88 12
1.0082738 1.3479445 -5.3913722e-05 234 88 12
1.0149274 1.339273 -0.0066879159 234 88 12
1.0076492 1.202431 -0.0054342104 234 88 12
0.98593247 1.3901954 0.0063446681 234 88 12
0.98790729 1.3792551 0.00401574 234 88 12
1.0055817 1.3402698 -0.014393191 234 88 12
0.98973274 1.3499981 -0.015523857 234 88 12
1.0852572 1.4310521 -0.12097264 234 88 12
0.99180466 1.3691043 -0.03346011 234 88 12
0.9912647 1.3566852 -0.03346011 234 88 12
1.0159671 1.1974733 -0.063953519 234 88 12
1.0561998 1.1655761 -0.10408423 234 88 12
1.335349 1.2450151 -0.36991748 234 88 12
1.0783217 1.4336073 -0.13165779 234 88 12
1.0186118 1.2535119 -0.081270874 234 88 12
1.005942 1.2105148 -0.070781238 234 88 12
1.3565156 1.2029676 -0.41158661 234 88 12
1.0057949 1.2034234 -0.08812888 234 88 12
1.0087843 1.1923907 -0.091522634 234 88 12
1.3465422 1.2185 -0.42083645 234 88 12
1.0006642 1.2436243 -0.098692648 234 88 12
1.3134788 1.23849 -0.40716305 234 88 12
1.1426651 1.4745359 -0.24712202 234 88 12
1.0024574 1.2251021 -0.11871716 234 88 12
0.99963784 1.2113266 -0.11651301 234 88 12
1.2586495 1.2761103 -0.37081069 234 88 12
1.2553315 1.266571 -0.38736752 234 88 12
1.1935945 1.285753 -0.34396023 234 88 12
1.2666342 1.2354383 -0.41972587 234 88 12
1.183172 1.3139296 -0.35146832 234 88 12
1.184081 1.2872286 -0.35356838 234 88 12
1.2282298 1.2660918 -0.39929107 234 88 12
1.2431942 1.244943 -0.41540602 234 88 12
1.2143921 1.2657135 -0.40492874 234 88 12
1.2102528 1.2419804 -0.42156669 234 88 12
1.1778816 1.2746805 -0.40651402 234 88 12
1.5987916 1.5209699 0.32211262 234 88 12
1.6232852 1.500903 0.3209697 234 88 12
1.5685868 1.5132138 0.31654626 234 88 12
1.5822555 1.5046661 0.31521082 234 88 12
1.6237611 1.4792739 0.31100872 234 88 12
1.6381925 1.4712954 0.30932593 234 88 12
1.4911857 1.546284 0.31277704 234 88 12
1.5546578 1.4994038 0.30840677 234 88 12
1.6590781 1.4472474 0.29464081 234 88 12
1.5010256 1.5120275 0.30386385 234 88 12
1.5136327 1.5026246 0.30301148 234 88 12
1.6239518 1.4135029 0.28188488 234 88 12
1.3719013 1.5571958 0.29571646 234 88 12
1.6229603 1.3907052 0.27277178 234 88 12
1.6414599 1.3864646 0.26890314 234 88 12
1.3962693 1.5161268 0.28493339 234 88 12
1.4095184 1.5076654 0.28362164 234 88 12
1.485382 1.4525481 0.2779375 234 88 12
1.5484018 1.4057226 0.27350056 234 88 12
1.5748237 1.3879637 0.27112707 234 88 12
1.5898726 1.3807466 0.26898131 234 88 12
1.6062258 1.3746766 0.26616389 234 88 12
1.2634128 1.5991271 0.28333315 234 88 12
1.2875674 1.5802338 0.28187755 234 88 12
1.298555 1.5695574 0.28179145 234 88 12
1.3586071 1.5215522 0.27845851 234 88 12
1.3972344 1.495212 0.2750591 234 88 12
1.4225626 1.4770629 0.27307293 234 88 12
1.4596636 1.4487469 0.27064243 234 88 12
1.5473397 1.3829632 0.26458561 234 88 12
1.6466577 1.3474996 0.24691945 234 88 12
1.3596539 1.5007499 0.26859069 234 88 12
1.3730423 1.4925399 0.26714408 234 88 12
1.3984959 1.4746407 0.26503369 234 88 12
1.4342556 1.4451454 0.2632837 234 88 12
1.6103721 1.3349822 0.24485907 234 88 12
1.3489307 1.4898565 0.25927475 234 88 12
1.4299469 1.4190868 0.25638455 234 88 12
1.4806024 1.3826178 0.25238302 234 88 12
1.6554459 1.3117768 0.22304727 234 88 12
1.2990825 1.5042984 0.2539233 234 88 12
1.3376098 1.478334 0.25034553 234 88 12
1.3812127 1.4353433 0.25017118 234 88 12
1.4821522 1.362473 0.24217731 234 88 12
1.2039394 1.5587159 0.2502144 234 88 12
1.2640051 1.5118576 0.2464169 234 88 12
1.2756691 1.502044 0.24588482 234 88 12
1.3694183 1.4234629 0.24152356 234 88 12
1.4326115 1.3783927 0.23631272 234 88 12
1.5003495 1.336935 0.22875634 234 88 12
1.529277 1.3217821 0.22479576 234 88 12
1.5449684 1.3152617 0.22215883 234 88 12
1.6085691 1.2892588 0.21134837 234 88 12
1.6252259 1.2832589 0.20828424 234 88 12
1.6459048 1.2807242 0.20306726 234 88 12
1.1048003 1.6303762 0.24280336 234 88 12
1.1241056 1.6063695 0.2441681 234 88 12
1.2626394 1.4885339 0.23815987 234 88 12
1.2855207 1.4684802 0.23733902 234 88 12
1.5043522 1.3191161 0.21717399 234 88 12
1.6300272 1.2658449 0.19615659 234 88 12
1.1246461 1.5849534 0.23490617 234 88 12
1.2744898 1.4571975 0.2284334 234 88 12
1.3228669 1.4197853 0.22522019 234 88 12
1.4134228 1.3592887 0.21641137 234 88 12
1.4265457 1.3506968 0.21508358 234 88 12
1.4525312 1.3331604 0.21260759 234 88 12
1.5240208 1.2947868 0.20290303 234 88 12
1.5397586 1.2882824 0.20019723 234 88 12
1.5549204 1.2811869 0.19783342 234 88 12
1.0741327 1.6199889 0.22408237 234 88 12
1.1480962 1.5439615 0.22469296 234 88 12
1.1594665 1.5340314 0.22426687 234 88 12
1.1706408 1.5238665 0.22396825 234 88 12
1.1945106 1.5052143 0.22242473 234 88 12
1.238632 1.4637316 0.22164415 234 88 12
1.2512103 1.4550141 0.220502 234 88 12
1.2746725 1.4356905 0.21927771 234 88 12
1.3905702 1.3581436 0.20793252 234 88 12
1.4169438 1.3411545 0.20515627 234 88 12
1.4572505 1.3161143 0.20064004 234 88 12
1.5763005 1.2580317 0.18260413 234 88 12
1.6760216 1.2210691 0.16403842 234 88 12
1.1487316 1.5227928 0.21538968 234 88 12
1.2065622 1.4741973 0.2126319 234 88 12
1.2403057 1.4438331 0.21162274 234 88 12
1.5506186 1.2550211 0.17533964 234 88 12
1.0957859 1.5548123 0.20623843 234 88 12
1.1493874 1.5016946 0.20609257 234 88 12
1.2679949 1.4073982 0.19876438 234 88 12
1.3068187 1.3820661 0.1946975 234 88 12
1.4121203 1.3147084 0.1832599 234 88 12
1.5403416 1.2450266 0.1656141 234 88 12
1.5873213 1.2246691 0.15758924 234 88 12
1.1295458 1.5029261 0.19627127 234 88 12
1.285382 1.3820081 0.18564707 234 88 12
1.3637829 1.3314112 0.17718744 234 88 12
1.3896708 1.3140209 0.17460194 234 88 12
1.4165334 1.2974341 0.17147546 234 88 12
1.4578319 1.2732027 0.16628265 234 88 12
1.5319548 1.2367343 0.15482588 234 88 12
1.6263722 1.1958632 0.13853382 234 88 12
1.6425771 1.1892246 0.13562322 234 88 12
1.1098123 1.5042465 0.18641271 234 88 12
1.1427537 1.4733498 0.18578473 234 88 12
1.1653776 1.4534607 0.1849449 234 88 12
1.3028337 1.3565798 0.17248425 234 88 12
1.3412025 1.3304293 0.16873196 234 88 12
1.394328 1.2970221 0.16267645 234 88 12
1.4352703 1.2726083 0.15760055 234 88 12
1.6311975 1.178418 0.12635711 234 88 12
1.0598328 1.5395341 0.17542288 234 88 12
1.1568574 1.4447994 0.17471312 234 88 12
1.1687859 1.4355296 0.17388901 234 88 12
1.1802293 1.4257066 0.17338675 234 88 12
1.2677702 1.3642882 0.16528997 234 88 12
1.4127624 1.2720019 0.14895347 234 88 12
1.5321207 1.2145886 0.12975319 234 88 12
1.5747195 1.1902369 0.12409738 234 88 12
1.2083131 1.3899834 0.16017298 234 88 12
1.2209171 1.3813311 0.15893677 234 88 12
1.2590622 1.3555294 0.1550754 234 88 12
1.3097764 1.3205259 0.15016067 234 88 12
1.3760381 1.2788566 0.14246751 234 88 12
1.4192917 1.2566996 0.13586794 234 88 12
1.5385458 1.1987782 0.11668138 234 88 12
1.5958285 1.1664615 0.10887131 234 88 12
1.0348266 1.5358814 0.15321758 234 88 12
1.0640519 1.5006564 0.15511182 234 88 12
1.0953293 1.4679412 0.15556574 234 88 12
1.2129654 1.3733383 0.14829379 234 88 12
1.3259659 1.2936938 0.13776287 234 88 12
1.0074815 1.5514557 0.14129815 234 88 12
1.0985926 1.4498931 0.14462817 234 88 12
1.2913252 1.3020595 0.13032265 234 88 12
1.4861677 1.2125933 0.096748039 234 88 12
1.5100065 1.1924483 0.09557116 234 88 12
1.5356959 1.1738719 0.093304843 234 88 12
1.5940208 1.1423095 0.084777884 234 88 12
1.0199834 1.5209696 0.13136055 234 88 12
1.1026003 1.4326895 0.13318144 234 88 12
1.1137835 1.422642 0.1328163 234 88 12
1.1253567 1.4130191 0.13218923 234 88 12
1.2091451 1.3481371 0.12611017 234 88 12
1.2340312 1.3303839 0.12381667 234 88 12
0.99217385 1.5359696 0.1197643 234 88 12
1.0953537 1.4254429 0.12214805 234 88 12
1.1539215 1.3779951 0.11854002 234 88 12
1.177488 1.3590368 0.11704479 234 88 12
1.2265621 1.3229082 0.1128444 234 88 12
1.3080561 1.2544013 0.1086305 234 88 12
1.4382577 1.2303548 0.07418669 234 88 12
1.1001486 1.4091129 0.11014622 234 88 12
1.1121256 1.3999327 0.10923044 234 88 12
1.2192768 1.3156228 0.10175188 234 88 12
1.4204967 1.2344371 0.062450603 234 88 12
1.4322968 1.2242852 0.061910957 234 88 12
1.6471914 1.0815045 0.038299683 234 88 12
1.0185338 1.4766936 0.098952346 234 88 12
1.0390074 1.454406 0.0995517 234 88 12
1.0492569 1.4432888 0.099838383 234 88 12
1.1509317 1.3537332 0.095834389 234 88 12
1.1628687 1.3444116 0.094970293 234 88 12
1.2418171 1.2955128 0.08504241 234 88 12
1.3082359 1.3191552 0.055287827 234 88 12
1.3095059 1.2986251 0.061650965 234 88 12
1.3158438 1.2832556 0.064634904 234 88 12
1.3267065 1.2723927 0.064634904 234 88 12
1.344699 1.2684628 0.059988931 234 88 12
1.3727835 1.2527121 0.055914003 234 88 12
1.4007335 1.2366431 0.05198878 234 88 12
1.4138494 1.2277369 0.050597958 234 88 12
1.4505728 1.1984323 0.048146892 234 88 12
1.1094316 1.3760418 0.086328924 234 88 12
1.1324214 1.3565201 0.085172832 234 88 12
1.1806631 1.3196886 0.081369035 234 88 12
1.4080234 1.2218039 0.038206507 234 88 12
1.4332821 1.2029754 0.0360629 234 88 12
1.4697911 1.1733115 0.033781022 234 88 12
1.6466825 1.0581396 0.013205948 234 88 12
0.99416631 1.4737931 0.07628718 234 88 12
1.0584235 1.4101934 0.076066025 234 88 12
1.1019567 1.3685439 0.07543242 234 88 12
1.217383 1.3144655 0.054797281 234 88 12
1.3115667 1.2788523 0.035096351 234 88 12
1.4986734 1.1358843 0.020249799 234 88 12
1.5607696 1.0869091 0.015836434 234 88 12
0.98788422 1.467705 0.064517833 234 88 12
1.0193294 1.4350815 0.064917728 234 88 12
1.143559 1.3252791 0.060021482 234 88 12
1.1743988 1.3138709 0.053426832 234 88 12
1.342569 1.222842 0.027246881 234 88 12
1.4941757 1.131014 0.0069593382 234 88 12
1.5144485 1.1075085 0.0080563938 234 88 12
1.5967559 1.0548991 -0.002022349 234 88 12
1.6138668 1.048764 -0.0057473276 234 88 12
1.0014987 1.4385865 0.053808596 234 88 12
1.1115332 1.3357116 0.051357072 234 88 12
1.1561021 1.3170147 0.042498298 234 88 12
1.4523555 1.4873704 -0.11727246 234 88 12
1.3098336 1.2123919 0.025683058 234 88 12
1.5758991 1.0565537 -0.012059664 234 88 12
1.0046357 1.420356 0.042963538 234 88 12
1.0150928 1.4094614 0.043114662 234 88 12
1.0363232 1.3880448 0.043178961 234 88 12
1.0470674 1.3774841 0.043115646 234 88 12
1.1051526 1.3294098 0.039657298 234 88 12
1.1211729 1.3245007 0.035818841 234 88 12
1.3693128 1.4964033 -0.10928735 234 88 12
1.3882433 1.4925009 -0.11447892 234 88 12
1.3919848 1.2048463 -0.016399425 234 88 12
1.4187561 1.1871965 -0.019550495 234 88 12
1.5044371 1.0968046 -0.017923126 234 88 12
1.5281202 1.0761662 -0.018974869 234 88 12
0.98684329 1.4239048 0.031825867 234 88 12
1.0737488 1.3404239 0.030632293 234 88 12
1.1322091 1.3146796 0.01923014 234 88 12
1.3811833 1.4854716 -0.12706718 234 88 12
1.1793138 1.2542591 0.023870984 234 88 12
1.2355704 1.203418 0.021983534 234 88 12
1.318208 1.2199349 -0.012573882 234 88 12
1.3685739 1.2037426 -0.024484094 234 88 12
1.5341455 1.059742 -0.032001991 234 88 12
1.1224566 1.2826278 0.017669877 234 88 12
1.1555043 1.2299708 0.024564505 234 88 12
1.2660751 1.2119406 -0.0079730228 234 88 12
1.282609 1.20666 -0.011929697 234 88 12
1.0037622 1.3767784 0.0101558 234 88 12
1.0145233 1.3662392 0.010077077 234 88 12
1.0497494 1.3378972 0.0076353294 234 88 12
1.1801788 1.1908169 0.013541443 234 88 12
1.5334796 1.0364513 -0.057021268 234 88 12
1.031418 1.3408599 -0.0031214901 234 88 12
1.0650612 1.3331518 -0.012401573 234 88 12
1.0852448 1.3328251 -0.019506693 234 88 12
1.1729389 1.1835771 0.0025183826 234 88 12
1.4580015 1.0937285 -0.0673327 234 88 12
1.2648252 1.482803 -0.15490378 234 88 12
1.1840265 1.1733569 -0.014044195 234 88 12
1.0095205 1.3407538 -0.027799267 234 88 12
1.2150567 1.5010489 -0.16099958 234 88 12
1.2272441 1.4904315 -0.16157129 234 88 12
1.2930584 1.4659826 -0.17663249 234 88 12
1.2533734 1.1988965 -0.064936198 234 88 12
1.2673153 1.4628315 -0.1837289 234 88 12
1.1593583 1.1700301 -0.036541447 234 88 12
1.2530011 1.1983801 -0.081346042 234 88 12
1.0305753 1.2312491 -0.027950898 234 88 12
1.0313832 1.2102202 -0.020459849 234 88 12
1.059642 1.1752058 -0.017957175 234 88 12
1.1818416 1.1497222 -0.05378655 234 88 12
1.1039683 1.403758 -0.13615139 234 88 12
1.0119638 1.2558599 -0.046508316 234 88 12
1.0419863 1.1785619 -0.028843185 234 88 12
1.0812918 1.1550627 -0.034749441 234 88 12
1.0708957 1.4146409 -0.14498931 234 88 12
1.1700588 1.4553809 -0.21539767 234 88 12
1.0046238 1.2269888 -0.065692455 234 88 12
1.020425 1.1782224 -0.053161446 234 88 12
1.0414647 1.1571828 -0.053161446 234 88 12
1.078178 1.1522828 -0.065254703 234 88 12
1.0669447 1.1627537 -0.098042071 234 88 12
1.1128813 1.1449955 -0.10893773 234 88 12
1.4053262 1.323456 -0.29102188 234 88 12
1.0121288 1.1927299 -0.10503662 234 88 12
1.0661967 1.1625394 -0.13112201 234 88 12
1.2873102 1.2988045 -0.28973588 234 88 12
1.2667273 1.3011938 -0.30062678 234 88 12
1.2684356 1.303025 -0.32026643 234 88 12
1.3012069 1.2896358 -0.32808423 234 88 12
1.3243494 1.2664934 -0.32808423 234 88 12
1.3541746 1.2726388 -0.34259287 234 88 12
1.3820912 1.2537513 -0.34623471 234 88 12
1.4147131 1.2159792 -0.36268872 234 88 12
1.2532693 1.2878656 -0.34459573 234 88 12
1.2810676 1.2926697 -0.35796776 234 88 12
1.2985539 1.2638209 -0.35330737 234 88 12
1.1874863 1.2903523 -0.3368583 234 88 12
1.2768123 1.2652105 -0.38195711 234 88 12
1.174456 1.3245116 -0.38251379 234 88 12
1.1842237 1.2875786 -0.37109017 234 88 12
1.2036171 1.2842479 -0.37784487 234 88 12
1.2921203 1.2341113 -0.3939788 234 88 12
1.197199 1.2778736 -0.39100406 234 88 12
1.2162244 1.274014 -0.39743465 234 88 12
1.2435449 1.2551212 -0.4010081 234 88 12
1.3385907 1.2329789 -0.43192026 234 88 12
1.1764539 1.2801235 -0.40174544 234 88 12
1.2199529 1.2546271 -0.40944207 234 88 12
1.2912602 1.2329293 -0.43065172 234 88 12
1.2114769 1.2461431 -0.42088902 234 88 12
1.2644303 1.2295258 -0.43655229 234 88 12
1.1387829 1.2885891 -0.42655185 234 88 12
1.1435163 1.2699398 -0.42050368 234 88 12
1.1393349 1.2424552 -0.42539141 234 88 12
1.141906 1.6171453 0.25579119 234 88 12
1.3152469 1.5797482 0.28582817 234 88 12
1.3267001 1.5774844 0.28767437 234 88 12
1.1190077 1.6118398 0.24448867 234 88 12
1.1641468 1.5967792 0.25594753 234 88 12
1.2222487 1.5844927 0.26591843 234 88 12
1.2568614 1.5772392 0.27181405 234 88 12
1.3367351 1.5602092 0.28561515 234 88 12
1.3604518 1.5579528 0.28782812 234 88 12
1.3710704 1.5539945 0.29080331 234 88 12
1.4753342 1.5404934 0.30294281 234 88 12
1.1408908 1.590068 0.24560653 234 88 12
1.1755875 1.5816991 0.25230169 234 88 12
1.2563328 1.5640714 0.26662976 234 88 12
1.3356351 1.5459342 0.28126076 234 88 12
1.3705018 1.5410831 0.28557649 234 88 12
1.3816661 1.5384977 0.28765792 234 88 12
1.4394609 1.5307257 0.29462925 234 88 12
1.4738415 1.5258672 0.29893568 234 88 12
1.0505933 1.6108382 0.21447091 234 88 12
1.0731431 1.6018499 0.22127499 234 88 12
1.1070487 1.5895258 0.23069301 234 88 12
1.1175812 1.5834044 0.23518373 234 88 12
1.1636698 1.5714273 0.24472637 234 88 12
1.1755351 1.5695745 0.24634323 234 88 12
1.2216538 1.559159 0.25482091 234 88 12
1.3354974 1.5339686 0.27539307 234 88 12
1.3815639 1.5267026 0.28171951 234 88 12
1.0502176 1.5973268 0.20924695 234 88 12
1.0948455 1.578656 0.22341318 234 88 12
1.2103209 1.550289 0.24636082 234 88 12
1.2441212 1.5410182 0.25374278 234 88 12
1.2893618 1.5301139 0.26258934 234 88 12
1.3808651 1.5135615 0.27670038 234 88 12
1.4264452 1.5060365 0.28323442 234 88 12
1.5168993 1.4914871 0.29593733 234 88 12
1.0843294 1.5728408 0.21268131 234 88 12
1.1176291 1.5593299 0.22303438 234 88 12
1.2782142 1.5214142 0.2541081 234 88 12
1.2893047 1.5182709 0.25661734 234 88 12
1.3235198 1.5115147 0.2623229 234 88 12
1.3577881 1.5053598 0.26761389 234 88 12
1.4035532 1.4979827 0.27409673 234 88 12
1.1065304 1.5515882 0.21364713 234 88 12
1.2782016 1.5096629 0.24806802 234 88 12
1.323548 1.4999526 0.25620952 234 88 12
1.3466414 1.4964145 0.25937501 234 88 12
1.4485174 1.4781452 0.27519441 234 88 12
1.4932835 1.4701051 0.28215432 234 88 12
1.0836577 1.5464563 0.20203501 234 88 12
1.1758482 1.5226003 0.22159001 234 88 12
1.2207112 1.5093172 0.23228091 234 88 12
1.2546328 1.5008886 0.23923109 234 88 12
1.3347478 1.4857507 0.25229925 234 88 12
1.4138845 1.4708796 0.26515046 234 88 12
1.4253658 1.4693276 0.26658991 234 88 12
1.4704564 1.4617364 0.27329314 234 88 12
1.1285796 1.5185099 0.2085637 234 88 12
1.1636178 1.5114179 0.21465218 234 88 12
1.2087902 1.4988306 0.22493544 234 88 12
1.2202867 1.4964063 0.22700189 234 88 12
1.2547324 1.4893954 0.23301485 234 88 12
1.4920918 1.444999 0.27168244 234 88 12
1.0843915 1.5242858 0.188526 234 88 12
1.24259 1.4782575 0.22617568 234 88 12
1.2874299 1.4670314 0.23555185 234 88 12
1.3108037 1.4640671 0.23838444 234 88 12
1.3561294 1.4553713 0.24597508 234 88 12
1.4005435 1.4454739 0.25439245 234 88 12
1.4797145 1.4331183 0.26563454 234 88 12
1.5019182 1.4290941 0.26918533 234 88 12
1.5128512 1.4268072 0.27115098 234 88 12
1.1171085 1.497512 0.19402625 234 88 12
1.150934 1.4870464 0.20257975 234 88 12
1.2641892 1.4588073 0.22634432 234 88 12
1.2982373 1.4518181 0.2324136 234 88 12
1.3203741 1.4461309 0.23717874 234 88 12
1.3877503 1.4326919 0.24890821 234 88 12
1.5120728 1.4139924 0.26618165 234 88 12
1.0298464 1.5269473 0.15537575 234 88 12
1.0505861 1.5124311 0.16650125 234 88 12
1.1742072 1.4705662 0.20058967 234 88 12
1.2186987 1.4569827 0.21178742 234 88 12
1.3540032 1.4275477 0.23727283 234 88 12
1.442699 1.4089878 0.25344849 234 88 12
1.1516864 1.4652194 0.18913133 234 88 12
1.173856 1.457761 0.19525133 234 88 12
1.2191495 1.4463643 0.20496365 234 88 12
1.2633832 1.4335122 0.21570006 234 88 12
1.2976606 1.4272567 0.22132854 234 88 12
1.3101475 1.4277508 0.22136402 234 88 12
1.4084188 1.4019952 0.24318402 234 88 12
1.4765629 1.3927919 0.25202441 234 88 12
1.5107356 1.3888556 0.2559644 234 88 12
1.0095512 1.5188251 0.1306663 234 88 12
1.0841367 1.474986 0.1651175 234 88 12
1.1628686 1.4498079 0.18604578 234 88 12
1.1965716 1.4402833 0.19408743 234 88 12
1.2190057 1.4342463 0.19921859 234 88 12
1.3204225 1.4115949 0.21901971 234 88 12
1.3979559 1.3942052 0.23421088 234 88 12
1.4308008 1.3867521 0.24070948 234 88 12
1.4423887 1.3857033 0.24184553 234 88 12
1.4761462 1.3806815 0.24659413 234 88 12
0.99829924 1.5114402 0.12061353 234 88 12
1.0201966 1.499599 0.13004017 234 88 12
1.0417397 1.4873594 0.13974908 234 88 12
1.0741981 1.4706753 0.15308246 234 88 12
1.0847911 1.4647635 0.15777801 234 88 12
1.3095033 1.4031242 0.21039572 234 88 12
1.4090081 1.3805262 0.23023485 234 88 12
1.4992181 1.3674191 0.24278277 234 88 12
1.5103173 1.3655953 0.2444822 234 88 12
1.052644 1.469659 0.13815726 234 88 12
1.0854194 1.4544623 0.15049063 234 88 12
1.1863652 1.4223899 0.17754512 234 88 12
1.2310867 1.4100529 0.18814194 234 88 12
1.2537489 1.4050676 0.19257218 234 88 12
1.2648268 1.4020607 0.19516064 234 88 12
1.2879107 1.3984442 0.19858892 234 88 12
1.3982043 1.3719796 0.22178392 234 88 12
1.4090604 1.3692822 0.22413553 234 88 12
1.4539816 1.362116 0.23090219 234 88 12
1.4654719 1.3609515 0.23213691 234 88 12
1.0318171 1.4713411 0.12112783 234 88 12
1.0643613 1.4545919 0.13470015 234 88 12
1.1868296 1.4117676 0.17067704 234 88 12
1.3215463 1.3795762 0.19910704 234 88 12
1.3327891 1.3773357 0.20114639 234 88 12
1.3435448 1.3740619 0.2039419 234 88 12
1.3879232 1.3645803 0.21246839 234 88 12
1.443004 1.3530711 0.2228574 234 88 12
1.465909 1.3505714 0.22546935 234 88 12
0.98903292 1.4855139 0.093841054 234 88 12
1.0326052 1.461422 0.11339413 234 88 12
1.0762957 1.4403104 0.13070858 234 88 12
1.1651816 1.4083965 0.15762953 234 88 12
1.1874496 1.4015445 0.16351369 234 88 12
1.2550277 1.3848307 0.1783005 234 88 12
1.2891113 1.3780656 0.18450588 234 88 12
1.3110828 1.3721138 0.18970296 234 88 12
1.3888658 1.3552089 0.20496747 234 88 12
1.4109466 1.350558 0.20918927 234 88 12
1.4888096 1.3369538 0.2219729 234 88 12
0.98952395 1.4745806 0.086718954 234 88 12
1.0774117 1.4313743 0.12235214 234 88 12
1.1992239 1.3880855 0.15916552 234 88 12
1.2222848 1.3837228 0.16323088 234 88 12
1.2669221 1.3721503 0.17346996 234 88 12
1.3005224 1.3644702 0.18039614 234 88 12
1.3229914 1.3598073 0.18466954 234 88 12
1.3670942 1.3493145 0.19407292 234 88 12
1.444208 1.3329537 0.20901009 234 88 12
1.4781102 1.3283721 0.2135984 234 88 12
1.5006493 1.325369 0.2166165 234 88 12
1.0457981 1.4381431 0.1009073 234 88 12
1.1554447 1.3918444 0.1398719 234 88 12
1.2339097 1.3701501 0.15902822 234 88 12
1.2569709 1.366165 0.16283394 234 88 12
1.3233615 1.3491241 0.17803918 234 88 12
1.4232489 1.3282664 0.19726779 234 88 12
1.0018609 1.4479446 0.07651747 234 88 12
1.1017973 1.4046122 0.11315181 234 88 12
1.2238168 1.364026 0.14841384 234 88 12
1.2459823 1.3577541 0.15397345 234 88 12
1.4019777 1.3231151 0.18580084 234 88 12
1.4124684 1.3196956 0.18877876 234 88 12
1.5140543 1.3056469 0.20296726 234 88 12
0.99285406 1.4476309 0.060885739 234 88 12
1.0689372 1.4069457 0.094926476 234 88 12
1.1131628 1.3891212 0.11020648 234 88 12
1.1349502 1.3800459 0.11796172 234 88 12
1.1464301 1.3772327 0.12052472 234 88 12
1.1683605 1.3691788 0.12749441 234 88 12
1.2351482 1.3497512 0.14477381 234 88 12
1.3359002 1.3267974 0.16592449 234 88 12
1.5032395 1.2967718 0.19478723 234 88 12
1.1028286 1.3833184 0.099033169 234 88 12
1.1248592 1.3746893 0.10650345 234 88 12
1.2585878 1.3350333 0.14193448 234 88 12
1.3032467 1.324452 0.15169252 234 88 12
1.4586732 1.2926531 0.18173623 234 88 12
1.4929339 1.2889003 0.18582122 234 88 12
1.0267092 1.4082204 0.061462406 234 88 12
1.0375135 1.4022725 0.066498265 234 88 12
1.1263624 1.3667246 0.097423583 234 88 12
1.2256033 1.3331959 0.12711906 234 88 12
1.3034981 1.3134689 0.14525613 234 88 12
1.5164444 1.2766262 0.18143135 234 88 12
1.0159155 1.4019818 0.050312769 234 88 12
1.1268864 1.3561236 0.090363197 234 88 12
1.1376266 1.3512605 0.09457504 234 88 12
1.1929961 1.3328954 0.11098972 234 88 12
1.360797 1.2933981 0.14796607 234 88 12
1.4272341 1.279788 0.16100353 234 88 12
1.4493188 1.2755228 0.16513272 234 88 12
1.4945568 1.2695861 0.17137821 234 88 12
1.5061357 1.2686996 0.17247644 234 88 12
1.5174338 1.267306 0.17396598 234 88 12
0.99386311 1.4008313 0.034667049 234 88 12
1.0050312 1.3955646 0.039244719 234 88 12
1.0163914 1.3910345 0.043242693 234 88 12
1.1056852 1.3549333 0.075060636 234 88 12
1.1725907 1.3325142 0.095216043 234 88 12
1.2387416 1.3115679 0.11417335 234 88 12
1.3501284 1.2852602 0.13896222 234 88 12
1.3616661 1.2838084 0.1405168 234 88 12
1.3727146 1.2813617 0.14284608 234 88 12
1.4619685 1.2653521 0.15867417 234 88 12
1.4957539 1.2606585 0.16357821 234 88 12
1.1072117 1.3470051 0.065831751 234 88 12
1.2724166 1.2919713 0.11569106 234 88 12
1.3510286 1.2757295 0.13144605 234 88 12
1.5192027 1.2482473 0.1593295 234 88 12
0.97221535 1.3889368 0.011542054 234 88 12
1.0072715 1.3775283 0.021979157 234 88 12
1.040265 1.36115 0.036354642 234 88 12
1.0745425 1.3497345 0.046770133 234 88 12
1.1199982 1.3353201 0.059998035 234 88 12
1.1313041 1.33181 0.063227519 234 88 12
1.2787375 1.2667919 0.12087253 234 88 12
1.291238 1.2673354 0.12087253 234 88 12
1.3526345 1.2676959 0.12273596 234 88 12
1.3981757 1.260795 0.1299032 234 88 12
1.4651212 1.2489603 0.14180321 234 88 12
1.0419573 1.3537657 0.02648285 234 88 12
1.1337999 1.3263437 0.052015018 234 88 12
1.2398096 1.3083812 0.070359632 234 88 12
1.2891235 1.335456 0.05009767 234 88 12
1.2925943 1.2588366 0.11249123 234 88 12
1.3430591 1.2619257 0.11176381 234 88 12
1.4229362 1.2502294 0.1240923 234 88 12
1.510963 1.2329681 0.14123163 234 88 12
1.1615223 1.3205869 0.041877802 234 88 12
1.1843437 1.3144062 0.047748689 234 88 12
1.3953844 1.2573136 0.10198729 234 88 12
1.4905839 1.2288482 0.12867318 234 88 12
0.99895257 1.3540702 -0.0074674017 234 88 12
1.2160703 1.3182726 0.029819883 234 88 12
1.3683667 1.2664465 0.077995807 234 88 12
1.4207692 1.2476031 0.095405646 234 88 12
1.4520195 1.236834 0.10540201 234 88 12
1.5247921 1.2138321 0.12696941 234 88 12
0.98801535 1.347679 -0.01884022 234 88 12
1.0240223 1.3393707 -0.010644056 234 88 12
1.0358797 1.3363585 -0.0077157142 234 88 12
1.1093495 1.3263724 0.0032252814 234 88 12
1.2419943 1.5001116 -0.13620645 234 88 12
1.2945337 1.4960133 -0.13090828 234 88 12
1.3212543 1.4952404 -0.12930237 234 88 12
1.5045326 1.2098269 0.11423077 234 88 12
1.0057939 1.3497016 -0.036263172 234 88 12
1.2582918 1.4940557 -0.14776102 234 88 12
1.2973356 1.4899709 -0.14292714 234 88 12
1.3639171 1.4874232 -0.13837729 234 88 12
1.3766754 1.4857215 -0.13649103 234 88 12
1.4362333 1.2310787 0.078546606 234 88 12
1.5163592 1.1980978 0.1090299 234 88 12
1.2321807 1.483879 -0.15745622 234 88 12
1.2464142 1.4854618 -0.15826774 234 88 12
1.2860949 1.4827601 -0.15454067 234 88 12
1.3268105 1.4827765 -0.15306418 234 88 12
1.3393196 1.4803407 -0.15055567 234 88 12
1.340857 1.2522017 0.041569155 234 88 12
1.4556019 1.2096733 0.08157365 234 88 12
1.0778199 1.4192122 -0.12571003 234 88 12
1.2610276 1.2576159 0.018055618 234 88 12
1.4281379 1.2164328 0.059133727 234 88 12
1.50774 1.1820192 0.091246255 234 88 12
1.1219326 1.4170763 -0.13943206 234 88 12
1.1270528 1.225192 0.024605608 234 88 12
1.2313708 1.2352697 0.01987315 234 88 12
1.2587725 1.240651 0.016295429 234 88 12
1.3226866 1.2434299 0.016295429 234 88 12
1.3888823 1.2253277 0.03421022 234 88 12
1.4406649 1.2054074 0.05314232 234 88 12
1.0827583 1.407495 -0.14995547 234 88 12
1.2164414 1.2178284 0.018148025 234 88 12
1.4786202 1.1730133 0.066489734 234 88 12
1.066388 1.2066076 0.0060213003 234 88 12
1.3722432 1.2189968 0.0068084495 234 88 12
1.2046382 1.1958752 0.0043277591 234 88 12
1.4297479 1.4368107 -0.19729024 234 88 12
1.351446 1.2160716 -0.0077209668 234 88 12
1.4276774 1.1937542 0.014636219 234 88 12
1.4722873 1.1613132 0.044624567 234 88 12
1.5028166 1.150154 0.055515837 234 88 12
1.5236683 1.1439651 0.061704829 234 88 12
1.0517595 1.1770782 -0.0013261767 234 88 12
1.0635384 1.1751145 0.00084876618 234 88 12
1.1796361 1.1840681 -0.002582374 234 88 12
1.1923698 1.1846218 -0.002582374 234 88 12
1.2305707 1.1862826 -0.002582374 234 88 12
1.3655648 1.2076278 -0.016177323 234 88 12
1.0227472 1.2246118 -0.060882371 234 88 12
1.0295936 1.2080016 -0.045923341 234 88 12
1.0522245 1.1663843 -0.0082325302 234 88 12
1.1402905 1.1677476 -0.006051043 234 88 12
1.1801014 1.1733683 -0.0094925072 234 88 12
1.2355419 1.1858339 -0.018388674 234 88 12
1.2515799 1.1937164 -0.024745682 234 88 12
1.3002417 1.2176583 -0.044056028 234 88 12
1.4419934 1.174376 -0.00030990713 234 88 12
1.4605287 1.1625581 0.010858848 234 88 12
1.0771821 1.1542997 -0.012950853 234 88 12
1.1026112 1.1554054 -0.012950853 234 88 12
1.1805665 1.1626686 -0.016402641 234 88 12
1.3082509 1.2231681 -0.065364659 234 88 12
1.4610382 1.4073502 -0.22356263 234 88 12
1.5070574 1.1239613 0.030736677 234 88 12
1.5172415 1.1204076 0.034297783 234 88 12
1.0176038 1.1857011 -0.059962187 234 88 12
1.0329396 1.15815 -0.034638368 234 88 12
1.4823136 1.1343746 0.0042325361 234 88 12
1.5189177 1.1121176 0.025635015 234 88 12
1.5401939 1.1068021 0.031235559 234 88 12
1.0180763 1.1748321 -0.066981606 234 88 12
1.0206112 1.1468415 -0.041582275 234 88 12
1.1387924 1.1592592 -0.048161786 234 88 12
1.1644562 1.160375 -0.048161786 234 88 12
1.1772881 1.1609329 -0.048161786 234 88 12
1.51027 1.1071134 0.013569443 234 88 12
1.520473 1.1035944 0.017151024 234 88 12
0.99423188 1.2040722 -0.11147667 234 88 12
1.1065156 1.1613688 -0.068157613 234 88 12
1.2706656 1.1886925 -0.086534388 234 88 12
1.3011402 1.199497 -0.095164046 234 88 12
1.4566915 1.1326026 -0.028110189 234 88 12
1.483356 1.1134543 -0.0096232854 234 88 12
0.99471194 1.1930312 -0.11860719 234 88 12
1.0159634 1.1801267 -0.10592805 234 88 12
1.0368625 1.1670026 -0.093061648 234 88 12
1.1456964 1.1522098 -0.075159714 234 88 12
1.4024329 1.3763529 -0.27043822 234 88 12
1.4751413 1.1095043 -0.022870742 234 88 12
1.5135401 1.0902956 -0.0037277525 234 88 12
1.5346801 1.0846057 0.0023319146 234 88 12
1.0986004 1.1494017 -0.091490984 234 88 12
1.2586124 1.166274 -0.10064754 234 88 12
1.3534892 1.3462429 -0.26303503 234 88 12
1.3673745 1.3468466 -0.26303503 234 88 12
1.4665217 1.1048712 -0.035595689 234 88 12
1.5159503 1.083227 -0.013623273 234 88 12
1.169286 1.1543038 -0.11036497 234 88 12
1.2242669 1.1631939 -0.11641051 234 88 12
1.3956524 1.3363866 -0.27057013 234 88 12
1.4875724 1.086848 -0.034751169 234 88 12
1.1725413 1.1499581 -0.12349267 234 88 12
1.3072023 1.3084371 -0.26647532 234 88 12
1.3695061 1.325912 -0.28030849 234 88 12
1.3836603 1.3270627 -0.28081006 234 88 12
1.4175394 1.3409381 -0.29242888 234 88 12
1.4689498 1.0863578 -0.051836792 234 88 12
1.5082228 1.0684814 -0.033490047 234 88 12
1.3876344 1.3227206 -0.2951346 234 88 12
1.5194495 1.0553405 -0.037429411 234 88 12
1.0735047 1.2757413 -0.28217921 234 88 12
1.2007488 1.1318086 -0.1401259 234 88 12
1.3145083 1.2991967 -0.29451263 234 88 12
1.3284007 1.2998008 -0.29451263 234 88 12
1.544395 1.0448444 -0.04327393 234 88 12
1.2423325 1.3091532 -0.32578295 234 88 12
1.2733384 1.2857112 -0.30205163 234 88 12
1.287231 1.2863152 -0.30205163 234 88 12
1.3011234 1.2869192 -0.30205163 234 88 12
1.558009 1.0358789 -0.051041421 234 88 12
1.2164223 1.3000526 -0.33708242 234 88 12
1.3155234 1.2758497 -0.30959064 234 88 12
1.3433083 1.2770578 -0.30959064 234 88 12
1.5382719 1.0325961 -0.065700315 234 88 12
1.1721549 1.3144968 -0.37207782 234 88 12
1.178413 1.2953769 -0.35324386 234 88 12
1.3021384 1.2635721 -0.31712964 234 88 12
1.1726252 1.3024575 -0.37966004 234 88 12
1.2496072 1.2872022 -0.36146167 234 88 12
1.2816683 1.2660384 -0.33939371 234 88 12
1.3515214 1.2690755 -0.33939371 234 88 12
1.3692819 1.277688 -0.34706378 234 88 12
1.1873761 1.291275 -0.38747314 234 88 12
1.2148426 1.2903348 -0.38536984 234 88 12
1.2395034 1.2829044 -0.37699121 234 88 12
1.2526761 1.2812968 -0.37484276 234 88 12
1.3684623 1.2631155 -0.35196599 234 88 12
1.4123962 1.2689012 -0.35578495 234 88 12
1.1625836 1.285822 -0.40268135 234 88 12
1.1743549 1.2803433 -0.39673519 234 88 12
1.2030171 1.2822466 -0.3973875 234 88 12
1.2419914 1.2756432 -0.38915101 234 88 12
1.3679774 1.2492694 -0.35753545 234 88 12
1.3919948 1.2296231 -0.35621077 234 88 12
1.4228101 1.2367043 -0.36195141 234 88 12
1.1917706 1.2624214 -0.41739511 234 88 12
1.2694969 1.2489365 -0.40041015 234 88 12
1.301273 1.2275486 -0.37747771 234 88 12
1.3925041 1.2179101 -0.36377525 234 88 12
1.1347553 1.2463385 -0.42345631 234 88 12
1.3974428 1.2151476 -0.38022488 234 88 12
1.194925 1.2436161 -0.43794051 234 88 12
1.2585714 1.2295017 -0.42068785 234 88 12
1.3511869 1.2202085 -0.40707514 234 88 12
1.4124768 1.2326021 -0.41701782 234 88 12
1.2196436 1.222837 -0.43552172 234 88 12
1.3651135 1.1818273 -0.42644498 234 88 12
1.0197874 1.2190213 -0.068908371 234 88 12
1.0408473 1.1427101 0.031300034 234 88 12
1.0384169 1.1827476 -0.10882372 234 88 12
1.0463498 1.1586561 0.03051327 234 88 12
1.0548518 1.1500133 0.029998804 234 88 12
1.0538549 1.1581577 0.029998804 234 88 12
1.0558079 1.1674694 -0.11715616 234 88 12
1.0547514 1.1761016 -0.11715616 234 88 12
1.0620703 1.1508969 0.026199205 234 88 12
1.6046118 1.4950346 0.32122117 234 88 12
1.5526321 1.4719416 0.30590054 234 88 12
1.5795556 1.4388433 0.29712155 234 88 12
1.6017928 1.3789315 0.27400905 234 88 12
1.6204779 1.3700211 0.26836106 234 88 12
1.6374334 1.36051 0.26318225 234 88 12
1.4852417 1.484617 0.29691523 234 88 12
1.5182861 1.4406674 0.28571767 234 88 12
1.4332744 1.5112969 0.29886326 234 88 12
1.4974142 1.4240271 0.2767604 234 88 12
1.5817112 1.3236711 0.24826467 234 88 12
1.6199183 1.3053778 0.2363985 234 88 12
1.6577201 1.3006299 0.22517346 234 88 12
1.5187117 1.3512933 0.25321785 234 88 12
1.3580865 1.5452149 0.2945013 234 88 12
1.3708553 1.5235318 0.28981289 234 88 12
1.448954 1.4024391 0.26159364 234 88 12
1.4530902 1.3902122 0.25986877 234 88 12
1.5762904 1.2859558 0.21879074 234 88 12
1.330506 1.5519631 0.28925505 234 88 12
1.3352025 1.5407006 0.28737611 234 88 12
1.365514 1.4988868 0.27648851 234 88 12
1.3890821 1.4670956 0.26805207 234 88 12
1.6180456 1.2423303 0.18946695 234 88 12
1.3076636 1.5473734 0.28226 234 88 12
1.3152279 1.5371332 0.27951568 234 88 12
1.3857305 1.4295859 0.25344536 234 88 12
1.4388241 1.3516142 0.2339353 234 88 12
1.4710611 1.3197007 0.22271661 234 88 12
1.2805814 1.5540057 0.27717078 234 88 12
1.2926484 1.5326687 0.2725307 234 88 12
1.3003263 1.5224648 0.26971722 234 88 12
1.3556441 1.4365844 0.24893758 234 88 12
1.35834 1.4243052 0.2475916 234 88 12
1.4768627 1.2966825 0.2053915 234 88 12
1.5983173 1.2146142 0.16415347 234 88 12
1.2995061 1.4868077 0.2546474 234 88 12
1.3326575 1.4325372 0.24191894 234 88 12
1.4002968 1.3466358 0.21698435 234 88 12
1.2861006 1.4726853 0.2444251 234 88 12
1.2965293 1.450259 0.24014437 234 88 12
1.330004 1.4085795 0.22768372 234 88 12
1.3837961 1.3448848 0.20779869 234 88 12
1.4033852 1.3234854 0.20063312 234 88 12
1.4143103 1.3129621 0.1966964 234 88 12
1.5501481 1.2088017 0.14887579 234 88 12
1.2630298 1.4683028 0.23778555 234 88 12
1.2838876 1.4363973 0.22967049 234 88 12
1.3821399 1.320521 0.19291557 234 88 12
1.5758879 1.1746457 0.12396991 234 88 12
1.2095864 1.5295357 0.24406493 234 88 12
1.2137554 1.5184124 0.24221733 234 88 12
1.2211336 1.5083246 0.23936303 234 88 12
1.2291728 1.4983921 0.23629881 234 88 12
1.2444521 1.4653376 0.22986127 234 88 12
1.2569889 1.4437978 0.22482088 234 88 12
1.2959346 1.3912045 0.20978269 234 88 12
1.3252882 1.3605407 0.19883691 234 88 12
1.3563834 1.32961 0.18730888 234 88 12
1.5023191 1.2169521 0.13461284 234 88 12
1.1896449 1.5257882 0.23682564 234 88 12
1.2137599 1.4837054 0.2269825 234 88 12
1.3697541 1.2959441 0.16701074 234 88 12
1.4049125 1.264612 0.15397555 234 88 12
1.5024625 1.2056253 0.11903306 234 88 12
1.6704828 1.0830142 0.057927236 234 88 12
1.1840454 1.5019648 0.2239842 234 88 12
1.3419383 1.3046181 0.1622183 234 88 12
1.4227297 1.2445114 0.13242656 234 88 12
1.4443095 1.2360859 0.12480745 234 88 12
1.5419673 1.1464077 0.088041194 234 88 12
1.5725859 1.1242434 0.076777898 234 88 12
1.5885996 1.1131148 0.070907727 234 88 12
1.1428214 1.5281793 0.22546089 234 88 12
1.1881567 1.4561394 0.20682138 234 88 12
1.2080956 1.424549 0.19862777 234 88 12
1.3102849 1.312043 0.15885203 234 88 12
1.3542014 1.2704874 0.14206314 234 88 12
1.4381039 1.2372345 0.11205942 234 88 12
1.5285031 1.1460395 0.077246808 234 88 12
1.5368121 1.1335708 0.073863588 234 88 12
1.1456318 1.4950722 0.20941 234 88 12
1.1509656 1.4844407 0.20709279 234 88 12
1.1551386 1.4733735 0.20515494 234 88 12
1.2279098 1.3824303 0.17599805 234 88 12
1.2460778 1.3620291 0.16882341 234 88 12
1.4116176 1.2471066 0.10667511 234 88 12
1.4294057 1.2377723 0.10013393 234 88 12
1.4631631 1.2043092 0.087004825 234 88 12
1.4889783 1.1682047 0.076487035 234 88 12
1.6150613 1.0649725 0.028438527 234 88 12
1.1338505 1.4817163 0.1992324 234 88 12
1.1527361 1.4505916 0.19122966 234 88 12
1.1629955 1.4413792 0.18723604 234 88 12
1.1877241 1.4113427 0.17725006 234 88 12
1.5094116 1.1327682 0.05250176 234 88 12
1.5317726 1.1089077 0.043623593 234 88 12
1.631659 1.0410178 0.0057438444 234 88 12
1.1109807 1.5017018 0.19453812 234 88 12
1.1263361 1.4698038 0.18764785 234 88 12
1.1604179 1.4183438 0.17325421 234 88 12
1.2599156 1.3064801 0.1330184 234 88 12
1.2700657 1.2961419 0.12896377 234 88 12
1.2864918 1.2609375 0.12154271 234 88 12
1.2913591 1.2489396 0.11927088 234 88 12
1.4727058 1.1696928 0.051733885 234 88 12
1.5869451 1.0498033 0.005934407 234 88 12
1.0948523 1.4991966 0.18654034 234 88 12
1.1031799 1.48975 0.18312931 234 88 12
1.2016108 1.3574831 0.1418418 234 88 12
1.2092164 1.3468485 0.1386321 234 88 12
1.231663 1.3274312 0.12972239 234 88 12
1.2435805 1.3047211 0.12440839 234 88 12
1.2811705 1.2754757 0.10964185 234 88 12
1.3001525 1.2405442 0.10123615 234 88 12
1.3766525 1.2464168 0.074261844 234 88 12
1.4678262 1.1711696 0.038242877 234 88 12
1.4752696 1.158742 0.035006572 234 88 12
1.4850352 1.146752 0.030963626 234 88 12
1.520736 1.097243 0.015916409 234 88 12
1.5587436 1.0614239 0.00069168548 234 88 12
1.5963557 1.0392683 -0.013749077 234 88 12
1.6142465 1.0277922 -0.020662179 234 88 12
1.0775567 1.5085099 0.17960264 234 88 12
1.0865486 1.4870988 0.17534296 234 88 12
1.1595689 1.3859773 0.14421505 234 88 12
1.2474686 1.282339 0.10760536 234 88 12
1.2921987 1.2678288 0.090795577 234 88 12
1.4792745 1.1480359 0.017677553 234 88 12
1.4986271 1.123763 0.0095480559 234 88 12
1.5564021 1.0488186 -0.014839774 234 88 12
1.0661253 1.5075797 0.17013393 234 88 12
1.0712367 1.4971335 0.16776764 234 88 12
1.0825496 1.4764653 0.16264853 234 88 12
1.1612296 1.3639396 0.12854905 234 88 12
1.1799592 1.3439405 0.12075865 234 88 12
1.2084548 1.3134481 0.10890296 234 88 12
1.217855 1.3030924 0.10497772 234 88 12
1.3519546 1.2455727 0.05332562 234 88 12
1.3767895 1.2244439 0.043255307 234 88 12
1.5221225 1.0736147 -0.016985167 234 88 12
1.0539666 1.5063846 0.16096073 234 88 12
1.0643951 1.4855679 0.15610185 234 88 12
1.1000696 1.4233416 0.13991775 234 88 12
1.1401113 1.3731064 0.12270758 234 88 12
1.3138964 1.2924429 0.054704629 234 88 12
1.3241467 1.2682333 0.049746092 234 88 12
1.4601651 1.1489387 -0.006214154 234 88 12
1.0470321 1.494826 0.1493753 234 88 12
1.1726739 1.3217422 0.093998179 234 88 12
1.2591826 1.3069792 0.06101279 234 88 12
1.3601716 1.2119714 0.018674729 234 88 12
1.1228597 1.3609215 0.10047626 234 88 12
1.2688777 1.3124573 0.042998709 234 88 12
1.2714541 1.233169 0.03807706 234 88 12
1.3726187 1.2038593 -0.0015321021 234 88 12
1.4244454 1.1882856 -0.021851752 234 88 12
1.4759729 1.0860884 -0.046374083 234 88 12
1.5201752 1.036948 -0.065490849 234 88 12
1.0163989 1.5144641 0.13472408 234 88 12
1.0415405 1.4623142 0.12250976 234 88 12
1.097657 1.3812799 0.097028866 234 88 12
1.165778 1.3124529 0.067585312 234 88 12
1.1909264 1.3066238 0.057701938 234 88 12
1.3389037 1.2803521 -4.884239e-05 234 88 12
1.008175 1.5025088 0.12368372 234 88 12
1.057496 1.4213108 0.10053112 234 88 12
1.0749922 1.3799889 0.07769797 234 88 12
1.0853707 1.35808 0.072523803 234 88 12
1.1958089 1.2349088 0.023128454 234 88 12
1.1744416 1.1900551 0.029148005 234 88 12
1.2029377 1.170707 0.017042942 234 88 12
1.0168328 1.450696 0.090261608 234 88 12
1.2092844 1.2675266 0.0048784846 234 88 12
1.169492 1.2045062 0.017279634 234 88 12
1.1943274 1.1579217 0.0050663864 234 88 12
1.0013658 1.497202 0.085065879 234 88 12
1.0067364 1.4502732 0.08045616 234 88 12
1.0494897 1.3777736 0.059607308 234 88 12
1.1367059 1.2765572 0.019533034 234 88 12
1.0245215 1.39759 0.056672756 234 88 12
1.0512432 1.3561835 0.043708652 234 88 12
1.0585655 1.3458724 0.040211271 234 88 12
1.0894225 1.1764016 0.018768379 234 88 12
1.1807222 1.1597191 -0.018886726 234 88 12
1.1036956 1.2084149 0.00029116019 234 88 12
1.0016166 1.3960323 0.037991177 234 88 12
1.0088048 1.3859875 0.034488097 234 88 12
1.0197411 1.3646241 0.028827911 234 88 12
1.0314082 1.3557805 0.023547541 234 88 12
1.0603323 1.3268422 0.010075691 234 88 12
1.1460364 1.2613146 -0.028743409 234 88 12
1.0779481 1.1914594 -0.0045292475 234 88 12
1.0711917 1.1640315 -0.0032404761 234 88 12
1.2132906 1.15927 -0.061957136 234 88 12
1.2517277 1.5597252 -0.070998818 234 88 12
1.2422123 1.5300534 -0.06867256 234 88 12
0.9996255 1.3983152 0.024947912 234 88 12
1.0350636 1.3346781 0.0067189843 234 88 12
1.1180875 1.1521593 -0.037823621 234 88 12
1.2354265 1.5441793 -0.080068044 234 88 12
1.2507832 1.5229602 -0.0876977 234 88 12
0.99270624 1.3866403 0.01316334 234 88 12
0.9931227 1.3744007 0.01230901 234 88 12
1.0029434 1.35267 0.0069768047 234 88 12
1.0247285 1.334375 -0.0031913877 234 88 12
1.4366986 1.4453671 -0.17011438 234 88 12
1.4542402 1.4364597 -0.17797866 234 88 12
1.1549911 1.2560846 -0.062265042 234 88 12
1.0611986 1.1665885 -0.027826874 234 88 12
1.1105288 1.1528431 -0.049315263 234 88 12
1.1976672 1.1472212 -0.086237341 234 88 12
1.2273853 1.5314966 -0.09241949 234 88 12
0.98840547 1.3881733 0.00099777896 234 88 12
1.4412317 1.4357432 -0.18857579 234 88 12
1.1418487 1.2421227 -0.072336107 234 88 12
1.2311882 1.5228225 -0.10962988 234 88 12
1.2308418 1.5094576 -0.11023868 234 88 12
1.2556375 1.4910456 -0.12191842 234 88 12
0.98966992 1.3542575 -0.015581871 234 88 12
1.1621337 1.2502624 -0.095454752 234 88 12
1.2569726 1.4812756 -0.13835503 234 88 12
1.3552798 1.4441171 -0.18308829 234 88 12
1.3760293 1.4365313 -0.19251525 234 88 12
1.0218898 1.2153343 -0.051698789 234 88 12
1.0416546 1.1949917 -0.061429419 234 88 12
1.0413494 1.1692109 -0.062773317 234 88 12
1.2801607 1.4649354 -0.16482639 234 88 12
1.29722 1.4567382 -0.17276998 234 88 12
1.0135804 1.2029959 -0.063256748 234 88 12
1.0905296 1.1449804 -0.10030475 234 88 12
1.127885 1.1407827 -0.11690357 234 88 12
1.2200141 1.5022256 -0.15159331 234 88 12
1.2250233 1.4772345 -0.15526935 234 88 12
1.2276959 1.4647446 -0.1571814 234 88 12
1.3258505 1.4413724 -0.20196311 234 88 12
1.2172753 1.4912182 -0.16634147 234 88 12
1.090071 1.4005804 -0.1297152 234 88 12
1.3236699 1.3498069 -0.23817159 234 88 12
1.1250762 1.1610621 -0.15979539 234 88 12
1.2060651 1.4939303 -0.1918914 234 88 12
1.2663975 1.4460437 -0.22227813 234 88 12
0.99914414 1.222417 -0.11391736 234 88 12
1.0032327 1.1979356 -0.11725552 234 88 12
1.2640804 1.3250713 -0.24432801 234 88 12
1.0140902 1.2291709 -0.13506509 234 88 12
1.0113147 1.2155668 -0.13461477 234 88 12
1.0020902 1.2002571 -0.13129899 234 88 12
1.0108844 1.1897221 -0.13598864 234 88 12
1.3048781 1.2975702 -0.28087369 234 88 12
1.3201667 1.2594548 -0.29032379 234 88 12
1.3307675 1.2508698 -0.31208402 234 88 12
1.3978859 1.253576 -0.34343198 234 88 12
1.2590897 1.3186809 -0.29022136 234 88 12
1.2806802 1.2968237 -0.30182794 234 88 12
1.1472545 1.4638638 -0.24356058 234 88 12
1.3037888 1.2919545 -0.32938105 234 88 12
1.3686255 1.2230611 -0.36478177 234 88 12
1.3060502 1.2530351 -0.34931934 234 88 12
1.2518282 1.2837511 -0.33733603 234 88 12
1.3721611 1.2005249 -0.40143663 234 88 12
1.3376145 1.2382139 -0.39883363 234 88 12
1.3545368 1.213554 -0.40877795 234 88 12
1.3563504 1.199506 -0.41058621 234 88 12
1.3503895 1.2008463 -0.42440486 234 88 12
1.235772 1.2741355 -0.37889555 234 88 12
1.1849201 1.2771087 -0.36931407 234 88 12
1.2911283 1.234969 -0.42597842 234 88 12
1.1816121 1.3066652 -0.38184589 234 88 12
1.1766969 1.2973746 -0.41250774 234 88 12
1.1441467 1.2665901 -0.43021259 234 88 12
1.1552122 1.2419538 -0.4378162 234 88 12
1.4908004 1.5199765 0.31377786 234 88 12
1.5750071 1.4530296 0.30800056 234 88 12
1.6151167 1.4382799 0.30421403 234 88 12
1.5464587 1.4343852 0.29538134 234 88 12
1.3148129 1.580181 0.29750356 234 88 12
1.4332448 1.4807843 0.28925279 234 88 12
1.5162019 1.4145626 0.28325647 234 88 12
1.5293846 1.4028616 0.2823787 234 88 12
1.5470212 1.3940991 0.28076479 234 88 12
1.2586808 1.5796505 0.28799617 234 88 12
1.396372 1.4759797 0.2773672 234 88 12
1.4381224 1.4438609 0.27418914 234 88 12
1.5031534 1.385896 0.2697587 234 88 12
1.6492856 1.3377138 0.25442746 234 88 12
1.3847412 1.4480312 0.2639786 234 88 12
1.5119816 1.3516133 0.25394017 234 88 12
1.2819425 1.4967717 0.25757357 234 88 12
1.546262 1.3136299 0.2350039 234 88 12
1.1118467 1.6316177 0.25474405 234 88 12
1.1493793 1.5797534 0.25328627 234 88 12
1.1744883 1.5587139 0.2513459 234 88 12
1.3398627 1.4178374 0.23872918 234 88 12
1.3667457 1.3963122 0.23658103 234 88 12
1.3945764 1.3751906 0.23427501 234 88 12
1.4713763 1.3260237 0.22726704 234 88 12
1.4886389 1.3172041 0.22553411 234 88 12
1.6849366 1.2585069 0.2028894 234 88 12
1.1310683 1.5664139 0.24055317 234 88 12
1.2038832 1.5011384 0.23509698 234 88 12
1.2763023 1.4336405 0.22985701 234 88 12
1.3335909 1.3940367 0.22471337 234 88 12
1.4232379 1.3349246 0.21645726 234 88 12
1.5451854 1.2735301 0.20384972 234 88 12
1.5655894 1.2662476 0.20152381 234 88 12
1.5869038 1.2594075 0.19903857 234 88 12
1.1286819 1.5454327 0.22623402 234 88 12
1.1609046 1.5097827 0.22426301 234 88 12
1.459049 1.2990617 0.19719438 234 88 12
1.5107645 1.2722714 0.19177552 234 88 12
1.655472 1.2209498 0.17486012 234 88 12
1.6806972 1.2158417 0.17162693 234 88 12
1.0629574 1.6161362 0.21428813 234 88 12
1.0752476 1.5852693 0.21482898 234 88 12
1.3610252 1.3343544 0.19198695 234 88 12
1.4548421 1.2768354 0.18260257 234 88 12
1.510224 1.2523634 0.17634331 234 88 12
1.1173544 1.4984713 0.19910952 234 88 12
1.2412528 1.3909577 0.18888013 234 88 12
1.2703049 1.3718514 0.18600774 234 88 12
1.3152293 1.3435493 0.18146962 234 88 12
1.4226559 1.2763907 0.17057736 234 88 12
1.0570437 1.5732157 0.18624687 234 88 12
1.1389548 1.4560435 0.18298991 234 88 12
1.2125422 1.3910176 0.1768703 234 88 12
1.2703487 1.3528125 0.17104112 234 88 12
1.2843423 1.3427421 0.16969524 234 88 12
1.3430662 1.3036302 0.16379741 234 88 12
1.3755276 1.285697 0.16024457 234 88 12
1.680842 1.1560546 0.12373115 234 88 12
1.0620164 1.5177109 0.17382622 234 88 12
1.0909551 1.4802599 0.17233011 234 88 12
1.1379733 1.4364054 0.16852075 234 88 12
1.3139751 1.3044237 0.15165108 234 88 12
1.3275936 1.2938534 0.1503748 234 88 12
1.3597761 1.2758514 0.14679274 234 88 12
1.3945471 1.259198 0.14269574 234 88 12
1.5396361 1.1921562 0.12540162 234 88 12
1.6360049 1.1501114 0.11371322 234 88 12
1.0334469 1.536383 0.16074727 234 88 12
1.0693165 1.4845643 0.15930001 234 88 12
1.0889317 1.4598566 0.15820782 234 88 12
1.1866888 1.3741055 0.14966615 234 88 12
1.2019513 1.3653615 0.14794768 234 88 12
1.3121461 1.2840891 0.13704386 234 88 12
1.3454354 1.2669532 0.13313524 234 88 12
1.4983144 1.2069662 0.11363471 234 88 12
1.5113709 1.195129 0.11252571 234 88 12
1.5415977 1.1738232 0.10945293 234 88 12
1.5566784 1.1630363 0.10793287 234 88 12
1.0165281 1.5441931 0.14677034 234 88 12
1.0418298 1.5041835 0.14602041 234 88 12
1.1246771 1.4086144 0.14056554 234 88 12
1.1634426 1.3779187 0.13682626 234 88 12
1.1881295 1.3562922 0.13462092 234 88 12
1.2718887 1.2968463 0.12595953 234 88 12
1.6004548 1.1297528 0.08638861 234 88 12
1.0915461 1.424349 0.12852657 234 88 12
1.1148481 1.4023072 0.1265422 234 88 12
1.1649435 1.3602023 0.12181982 234 88 12
1.2173096 1.3187834 0.11665919 234 88 12
1.2827047 1.2655433 0.11034557 234 88 12
1.3854489 1.2553499 0.094079226 234 88 12
1.4392718 1.2305818 0.087236769 234 88 12
1.0116961 1.5026894 0.11905321 234 88 12
1.019586 1.4889747 0.1189188 234 88 12
1.0598572 1.4408841 0.11630056 234 88 12
1.0928122 1.4065851 0.11371231 234 88 12
1.240041 1.29617 0.09837348 234 88 12
1.2952784 1.2551677 0.092581294 234 88 12
1.3803959 1.2527261 0.078299992 234 88 12
1.4730833 1.1927582 0.06780196 234 88 12
1.4825838 1.1787471 0.067419372 234 88 12
1.0103437 1.4828831 0.10499794 234 88 12
1.01855 1.4694433 0.1047811 234 88 12
1.0963562 1.3905698 0.098357767 234 88 12
1.1551728 1.3352815 0.093112141 234 88 12
1.2206247 1.3032012 0.084626049 234 88 12
1.3716027 1.2476158 0.063394763 234 88 12
1.435756 1.2095747 0.055670485 234 88 12
1.4876109 1.1624639 0.050898813 234 88 12
1.6087554 1.0757619 0.037649941 234 88 12
1.0193163 1.4513899 0.0902237 234 88 12
1.2977144 1.3184192 0.053094417 234 88 12
1.3114487 1.3078536 0.051630154 234 88 12
1.4723188 1.1734179 0.035459131 234 88 12
1.4832088 1.1602542 0.034737185 234 88 12
1.4944068 1.1472478 0.033946209 234 88 12
1.5593634 1.0869805 0.027965626 234 88 12
1.0103728 1.4455854 0.076292284 234 88 12
1.0500546 1.3971514 0.073654041 234 88 12
1.0613122 1.3859921 0.072664186 234 88 12
1.0842713 1.3638704 0.070585877 234 88 12
1.1552025 1.3175633 0.062104132 234 88 12
1.2448076 1.2428212 0.052908558 234 88 12
0.99350864 1.4734124 0.060654499 234 88 12
1.1498924 1.3147124 0.046991747 234 88 12
1.1937081 1.3067062 0.039688919 234 88 12
1.2873126 1.2133996 0.031350452 234 88 12
1.4441165 1.1767582 0.0059771026 234 88 12
1.473107 1.1550281 0.0027113906 234 88 12
1.5134754 1.1001327 0.00051209913 234 88 12
1.5243567 1.0868198 -0.00022217065 234 88 12
1.6092659 1.0371749 -0.011121298 234 88 12
1.0897849 1.3307351 0.04032876 234 88 12
1.1995338 1.3118426 0.021579513 234 88 12
1.2824016 1.210857 0.015843427 234 88 12
1.3152033 1.2130313 0.0094802277 234 88 12
1.4282808 1.1872683 -0.009226162 234 88 12
1.5035709 1.0946021 -0.014348857 234 88 12
0.99001682 1.4333246 0.032997943 234 88 12
1.0009809 1.402265 0.033975381 234 88 12
1.0172393 1.3753954 0.033527017 234 88 12
1.0678811 1.3351516 0.027833218 234 88 12
1.0826126 1.3264768 0.025877027 234 88 12
1.1440271 1.3124707 0.015530384 234 88 12
1.3518529 1.2181791 -0.014844534 234 88 12
1.4184405 1.2016056 -0.025925469 234 88 12
1.5209017 1.0657486 -0.032061867 234 88 12
1.0451162 1.3387941 0.015677609 234 88 12
1.1153331 1.1570352 0.020323794 234 88 12
1.3587173 1.2234257 -0.033703323 234 88 12
1.4756752 1.0984373 -0.043865934 234 88 12
0.98775721 1.3944032 0.0051481132 234 88 12
0.99326605 1.3789486 0.005641656 234 88 12
1.0372291 1.3339573 0.001549016 234 88 12
1.0567576 1.3290188 -0.0018114661 234 88 12
1.3761438 1.5048375 -0.083075576 234 88 12
1.1203086 1.2579612 -0.0071104625 234 88 12
1.0720545 1.1849912 0.0099246027 234 88 12
1.1164302 1.1585972 0.0038437804 234 88 12
1.4916787 1.0689319 -0.061265375 234 88 12
1.3400885 1.5006391 -0.093060821 234 88 12
1.4012154 1.4816194 -0.10339405 234 88 12
1.0645072 1.1996808 -0.006130862 234 88 12
1.0800288 1.1533091 -0.0044206828 234 88 12
0.98915523 1.3584884 -0.023624878 234 88 12
1.2857764 1.5035888 -0.099839516 234 88 12
1.3063843 1.4979126 -0.10346201 234 88 12
1.3700029 1.4812984 -0.11474148 234 88 12
1.0647548 1.2200159 -0.024425918 234 88 12
1.0537754 1.1929559 -0.019302627 234 88 12
1.2749443 1.4966336 -0.11429037 234 88 12
1.1022338 1.1512473 -0.040982679 234 88 12
1.2328409 1.5080273 -0.12406801 234 88 12
1.0150809 1.2437955 -0.048876382 234 88 12
1.2544117 1.1973548 -0.094531953 234 88 12
1.0322714 1.1995251 -0.063759267 234 88 12
1.0395126 1.1855388 -0.063759267 234 88 12
1.1147674 1.1423178 -0.075160079 234 88 12
1.1504589 1.1474129 -0.083424218 234 88 12
1.1456667 1.1449318 -0.098556302 234 88 12
0.99967474 1.235532 -0.092974283 234 88 12
1.2292744 1.4682059 -0.18836211 234 88 12
1.2242093 1.4655834 -0.20435569 234 88 12
1.2357185 1.453277 -0.2055366 234 88 12
1.0438591 1.1730763 -0.12809119 234 88 12
1.061623 1.1663862 -0.13137817 234 88 12
1.1959287 1.181399 -0.1640358 234 88 12
1.1541587 1.4760568 -0.20676172 234 88 12
1.1860665 1.4588039 -0.21212511 234 88 12
1.0076368 1.2057736 -0.13989048 234 88 12
1.1727864 1.4499162 -0.22527587 234 88 12
1.2707437 1.4607061 -0.24981959 234 88 12
1.0198659 1.1962953 -0.15790291 234 88 12
1.0582365 1.1850615 -0.16561952 234 88 12
1.0876393 1.1670291 -0.17037614 234 88 12
1.3195527 1.3088979 -0.26039553 234 88 12
1.248669 1.3630905 -0.26761842 234 88 12
1.2546864 1.3075264 -0.2970933 234 88 12
1.2738258 1.3004105 -0.30098048 234 88 12
1.3777642 1.2286636 -0.35359791 234 88 12
1.4157416 1.2122952 -0.3612335 234 88 12
1.2192425 1.2853867 -0.33767942 234 88 12
1.3008966 1.2396424 -0.35289502 234 88 12
1.3206892 1.2325197 -0.35712209 234 88 12
1.3669903 1.222293 -0.36788511 234 88 12
1.3155887 1.229879 -0.37322721 234 88 12
1.3487755 1.2322795 -0.40036744 234 88 12
1.1687855 1.254496 -0.40725443 234 88 12
1.1940604 1.251965 -0.41398683 234 88 12
1.234831 1.2395574 -0.42363587 234 88 12
1.2580857 1.2350926 -0.42951947 234 88 12
1.1557121 1.246204 -0.41985455 234 88 12
1.2738774 1.246712 -0.45356542 234 88 12
1.5381515 1.4868172 0.31314507 234 88 12
1.6223319 1.4570799 0.31153056 234 88 12
1.3121661 1.5796121 0.29899314 234 88 12
1.3401372 1.5598128 0.29963073 234 88 12
1.4464483 1.5036076 0.29977027 234 88 12
1.5074569 1.4718939 0.29978552 234 88 12
1.5866529 1.4362029 0.29914868 234 88 12
1.2823604 1.5638796 0.28581512 234 88 12
1.3861741 1.5047716 0.28647545 234 88 12
1.4154862 1.4874575 0.28673884 234 88 12
1.5206683 1.430796 0.28701049 234 88 12
1.6239243 1.3995557 0.28427309 234 88 12
1.1827337 1.5966936 0.27123186 234 88 12
1.4011184 1.4653388 0.27354556 234 88 12
1.4553871 1.4252627 0.27506104 234 88 12
1.6043807 1.3722732 0.27200583 234 88 12
1.6258379 1.3726231 0.27055615 234 88 12
1.1689153 1.5732579 0.25826514 234 88 12
1.2560824 1.5209148 0.25920165 234 88 12
1.4255704 1.4108585 0.2620976 234 88 12
1.5042284 1.3768378 0.26122728 234 88 12
1.5369459 1.3648088 0.26058984 234 88 12
1.0935694 1.6121051 0.24140733 234 88 12
1.1059233 1.5995715 0.24222459 234 88 12
1.1580638 1.5546954 0.24460553 234 88 12
1.2558535 1.4884048 0.24669088 234 88 12
1.2708603 1.4806352 0.24669088 234 88 12
1.2834805 1.4692332 0.2473391 234 88 12
1.3115091 1.45078 0.24786395 234 88 12
1.4578277 1.3683964 0.24874663 234 88 12
1.4741429 1.3625096 0.24840574 234 88 12
1.6116771 1.3234744 0.24412195 234 88 12
1.6328915 1.3235552 0.24264871 234 88 12
1.0838791 1.5949417 0.22751297 234 88 12
1.1087304 1.5704046 0.22910589 234 88 12
1.1469957 1.5357832 0.23112732 234 88 12
1.1741538 1.515673 0.23195298 234 88 12
1.1883681 1.5066909 0.2321745 234 88 12
1.314967 1.4247501 0.23441236 234 88 12
1.4035615 1.3770076 0.23466811 234 88 12
1.5806655 1.3088852 0.23145093 234 88 12
1.0734797 1.5765682 0.21394439 234 88 12
1.122346 1.5268675 0.21735643 234 88 12
1.1615741 1.494563 0.21903369 234 88 12
1.1756999 1.485574 0.21926798 234 88 12
1.244542 1.4381969 0.22090892 234 88 12
1.3051553 1.4090244 0.22059999 234 88 12
1.3940605 1.3622229 0.22070794 234 88 12
1.4238309 1.3468226 0.22070612 234 88 12
1.4696751 1.3253393 0.22039123 234 88 12
1.4863009 1.319977 0.21993738 234 88 12
1.0896893 1.5370771 0.20154318 234 88 12
1.1533822 1.4805311 0.20491803 234 88 12
1.2661334 1.4093837 0.20674677 234 88 12
1.3118749 1.3881102 0.2064019 234 88 12
1.3561035 1.364578 0.20649259 234 88 12
1.3861862 1.3497465 0.20638615 234 88 12
1.4622126 1.3137093 0.20591013 234 88 12
1.0780092 1.5167885 0.18860997 234 88 12
1.0914651 1.506683 0.18906996 234 88 12
1.1299566 1.4735601 0.19100355 234 88 12
1.1998775 1.4284382 0.19231091 234 88 12
1.316602 1.3644242 0.19283575 234 88 12
1.533193 1.2692771 0.19034591 234 88 12
1.6401408 1.2453867 0.18573259 234 88 12
1.1352398 1.4496469 0.17748664 234 88 12
1.3222985 1.3423246 0.17905702 234 88 12
1.3376052 1.3354532 0.17889911 234 88 12
1.4592395 1.2789505 0.17792888 234 88 12
1.4924814 1.2684977 0.17691576 234 88 12
1.5086646 1.2626388 0.17653802 234 88 12
1.6468751 1.2256566 0.17135477 234 88 12
1.0157067 1.5418856 0.15617098 234 88 12
1.1692961 1.4094915 0.16427635 234 88 12
1.1971833 1.3917255 0.1647865 234 88 12
1.2117271 1.3837929 0.16484824 234 88 12
1.2409285 1.3681135 0.16493419 234 88 12
1.404147 1.2857084 0.16461238 234 88 12
1.4519194 1.2675818 0.16359958 234 88 12
1.6174577 1.2135054 0.1587511 234 88 12
1.6539234 1.2064235 0.15694258 234 88 12
1.6752515 1.2065705 0.15522733 234 88 12
0.99803901 1.5443058 0.14041653 234 88 12
1.0204493 1.5160941 0.14301886 234 88 12
1.1071571 1.434155 0.1488234 234 88 12
1.1219039 1.42652 0.1488234 234 88 12
1.1484278 1.406549 0.14980085 234 88 12
1.2895432 1.3213077 0.15170932 234 88 12
1.3046287 1.3142717 0.15158798 234 88 12
1.3343102 1.2994758 0.15149848 234 88 12
1.4476031 1.2602661 0.14845163 234 88 12
1.4798951 1.2486832 0.14764693 234 88 12
1.6442276 1.1926817 0.14309078 234 88 12
1.1556702 1.386247 0.1358251 234 88 12
1.1685162 1.3757566 0.13643971 234 88 12
1.1972524 1.3595788 0.13664781 234 88 12
1.2671567 1.3164244 0.13776231 234 88 12
1.280036 1.3062372 0.13832565 234 88 12
1.4602966 1.2483473 0.13265294 234 88 12
1.4773266 1.2437222 0.13198191 234 88 12
1.5056245 1.2268088 0.1323441 234 88 12
1.582101 1.1919427 0.13158715 234 88 12
1.6322408 1.1761329 0.12996249 234 88 12
1.6514546 1.1738428 0.1287367 234 88 12
1.0200529 1.4811773 0.11517282 234 88 12
1.0696902 1.4348214 0.11854978 234 88 12
1.0826901 1.424367 0.11915855 234 88 12
1.1761173 1.3562289 0.12239008 234 88 12
1.2618515 1.3074512 0.12310772 234 88 12
1.3542446 1.2683026 0.12168764 234 88 12
1.5269157 1.1992793 0.11835676 234 88 12
1.6051371 1.1667922 0.11704714 234 88 12
1.0026903 1.4838668 0.099485412 234 88 12
1.1559629 1.3543074 0.1078641 234 88 12
1.2297268 1.317263 0.10767284 234 88 12
1.2549074 1.2960737 0.10903341 234 88 12
1.2772694 1.2710041 0.11128511 234 88 12
1.3699747 1.2607945 0.10497871 234 88 12
1.4235405 1.2508516 0.10200968 234 88 12
1.5804873 1.1603409 0.10355403 234 88 12
1.6914001 1.1415755 0.097102292 234 88 12
0.98575753 1.4873037 0.083632797 234 88 12
1.108838 1.3710703 0.092575938 234 88 12
1.3019859 1.2483094 0.096452445 234 88 12
1.6212566 1.1315384 0.088187605 234 88 12
1.6774865 1.1230917 0.084667966 234 88 12
1.0627772 1.3895198 0.076908618 234 88 12
1.3586129 1.2703344 0.071004882 234 88 12
1.4171908 1.2392912 0.071129136 234 88 12
1.5489298 1.1433657 0.075945154 234 88 12
1.596858 1.1254708 0.074743003 234 88 12
1.6128248 1.119446 0.074353486 234 88 12
0.9853164 1.4523178 0.05625822 234 88 12
1.0696735 1.3685995 0.063353218 234 88 12
1.1292106 1.3401178 0.062938116 234 88 12
1.1601473 1.327634 0.062312074 234 88 12
1.1758509 1.3217188 0.061919603 234 88 12
1.2948847 1.3217839 0.050988644 234 88 12
1.3384607 1.2689997 0.056343652 234 88 12
1.4535114 1.2043968 0.05723609 234 88 12
1.5276895 1.1409277 0.061677068 234 88 12
1.5415879 1.1324322 0.061907344 234 88 12
1.0373112 1.3777999 0.048105214 234 88 12
1.0511283 1.3689618 0.048409466 234 88 12
1.1095777 1.3388524 0.04838201 234 88 12
1.462419 1.1875858 0.042707957 234 88 12
1.4973696 1.1530734 0.045673396 234 88 12
1.5356305 1.1232398 0.04748413 234 88 12
1.669872 1.0832237 0.042158112 234 88 12
0.98241597 1.4134477 0.030145366 234 88 12
1.0179219 1.3767097 0.033524338 234 88 12
1.0455508 1.3590901 0.0341346 234 88 12
1.1836834 1.2141979 0.047642171 234 88 12
1.2118456 1.227019 0.042597856 234 88 12
1.261025 1.2413729 0.035268251 234 88 12
1.4067631 1.2207329 0.025177661 234 88 12
1.4210576 1.2125365 0.025324143 234 88 12
1.4598994 1.1826974 0.027115161 234 88 12
1.529846 1.1142687 0.033045508 234 88 12
1.5444384 1.1067137 0.033045508 234 88 12
1.5597688 1.1000695 0.032807462 234 88 12
1.6673157 1.0782862 0.02656734 234 88 12
1.0564445 1.3447913 0.019135991 234 88 12
1.0959558 1.1965922 0.043094538 234 88 12
1.1243123 1.181911 0.043094538 234 88 12
1.3454912 1.2185037 0.014754257 234 88 12
1.5386355 1.0977546 0.018646194 234 88 12
0.98149234 1.3783108 0.003510142 234 88 12
1.0383524 1.3458189 0.0040934291 234 88 12
1.2073944 1.1896961 0.017198624 234 88 12
1.4153273 1.2018285 -0.0056840866 234 88 12
1.4551562 1.1733086 -0.0041751466 234 88 12
1.4840401 1.1310319 0.0010441944 234 88 12
1.494826 1.1186097 0.0023504458 234 88 12
0.98974615 1.35953 -0.0103284 234 88 12
1.3356873 1.2300985 -0.019990837 234 88 12
1.3990136 1.2058048 -0.021642761 234 88 12
1.462816 1.1549463 -0.018175479 234 88 12
1.469354 1.1368662 -0.015317087 234 88 12
1.0194347 1.344741 -0.027096746 234 88 12
1.0956984 1.1643108 0.00081121153 234 88 12
1.5217025 1.0714923 -0.024481911 234 88 12
1.5352626 1.0627844 -0.024147829 234 88 12
1.6018205 1.0428463 -0.027023133 234 88 12
1.6187731 1.0381387 -0.027828904 234 88 12
1.0458624 1.2329168 -0.024019089 234 88 12
1.262517 1.2088095 -0.041764375 234 88 12
1.4662541 1.103313 -0.041761506 234 88 12
1.5182179 1.0654247 -0.039548006 234 88 12
1.0351961 1.1855767 -0.029578798 234 88 12
1.1119837 1.1580986 -0.032095954 234 88 12
1.1340508 1.1624944 -0.035339531 234 88 12
1.2678888 1.2152058 -0.060352672 234 88 12
1.0317858 1.1793393 -0.044164114 234 88 12
1.1573522 1.1673844 -0.055228271 234 88 12
1.5363967 1.0335467 -0.068242729 234 88 12
1.1006492 1.1676682 -0.065518513 234 88 12
1.2774109 1.1978382 -0.091324292 234 88 12
1.0278186 1.1713271 -0.074573442 234 88 12
1.1739378 1.1609923 -0.088656195 234 88 12
1.1857851 1.1487498 -0.10386742 234 88 12
1.2049433 1.1482493 -0.10593149 234 88 12
1.1050078 1.4153628 -0.17050315 234 88 12
1.03001 1.1729357 -0.10786367 234 88 12
1.0649215 1.1682907 -0.11085469 234 88 12
1.0791491 1.1609246 -0.11085469 234 88 12
1.2103384 1.1547666 -0.12461026 234 88 12
1.2551931 1.1906844 -0.13778172 234 88 12
1.3588089 1.3089722 -0.17607358 234 88 12
1.1284441 1.1475391 -0.13006271 234 88 12
1.4562804 1.4151698 -0.22902942 234 88 12
1.1406424 1.4713145 -0.22248474 234 88 12
1.0917554 1.1490226 -0.14258607 234 88 12
1.1764876 1.1600099 -0.15519513 234 88 12
1.1909056 1.1525451 -0.15519513 234 88 12
1.1113528 1.1485715 -0.1613787 234 88 12
1.2784529 1.3375868 -0.2256988 234 88 12
1.1883981 1.1477021 -0.17048757 234 88 12
1.0950531 1.1519014 -0.1767755 234 88 12
1.1093534 1.1444975 -0.1767755 234 88 12
1.2907702 1.3243653 -0.24167483 234 88 12
1.3321393 1.2936951 -0.25706872 234 88 12
1.2590004 1.305343 -0.26829809 234 88 12
1.2814381 1.3070178 -0.28917801 234 88 12
1.2241032 1.3115808 -0.30053979 234 88 12
1.2651688 1.3119799 -0.30598766 234 88 12
1.2810012 1.3051317 -0.3063269 234 88 12
1.1943121 1.2950073 -0.32757679 234 88 12
1.3491721 1.252475 -0.33731952 234 88 12
1.2326361 1.2905273 -0.34922129 234 88 12
1.3281986 1.2507213 -0.35175946 234 88 12
1.3772696 1.2323328 -0.35360134 234 88 12
1.4121777 1.2229021 -0.35586974 234 88 12
1.3428299 1.2408018 -0.36888695 234 88 12
1.1931342 1.2898878 -0.37900949 234 88 12
1.2452217 1.2766017 -0.38270113 234 88 12
1.2741228 1.2590648 -0.38200665 234 88 12
1.2892219 1.2512474 -0.38200665 234 88 12
1.1856276 1.2774786 -0.3922852 234 88 12
1.2714969 1.2539929 -0.39802146 234 88 12
1.3375664 1.2306353 -0.40098885 234 88 12
1.3511573 1.2206672 -0.40018705 234 88 12
1.1590254 1.2666341 -0.40318087 234 88 12
1.3021612 1.2376689 -0.41569495 234 88 12
1.1541462 1.2581555 -0.4177655 234 88 12
1.2834946 1.239104 -0.43122688 234 88 12
1.3348548 1.224025 -0.43446097 234 88 12
1.1515442 1.25313 -0.43363425 234 88 12
1.2329016 1.252424 -0.46328446 234 88 12
1.2840264 1.2372142 -0.46653152 234 88 12
1.236239 1.5998696 0.28391486 234 88 12
1.2760628 1.5912797 0.28780028 234 88 12
1.3267921 1.572507 0.29494622 234 88 12
1.4158587 1.5469557 0.30541441 234 88 12
1.4821851 1.5415399 0.30939162 234 88 12
1.4948896 1.538819 0.3106257 234 88 12
1.5566975 1.5213723 0.31781027 234 88 12
1.1304568 1.6201174 0.2594637 234 88 12
1.3493391 1.5430237 0.2896089 234 88 12
1.3882598 1.5353911 0.29324144 234 88 12
1.41316 1.5271689 0.29651493 234 88 12
1.4650017 1.5192426 0.3007164 234 88 12
1.527216 1.5030512 0.30765784 234 88 12
1.5516669 1.4959948 0.31058294 234 88 12
1.576465 1.4904424 0.31309342 234 88 12
1.6035974 1.4922004 0.31361282 234 88 12
1.1802109 1.5772082 0.25881743 234 88 12
1.2192947 1.5646722 0.26391879 234 88 12
1.2834812 1.5434263 0.27248642 234 88 12
1.4985694 1.4871206 0.29690498 234 88 12
1.0894133 1.604089 0.23268817 234 88 12
1.178853 1.5596522 0.24911956 234 88 12
1.3456165 1.5080913 0.27061579 234 88 12
1.3828031 1.4951055 0.27584395 234 88 12
1.4334198 1.4834006 0.28121626 234 88 12
1.5081869 1.4653529 0.28937322 234 88 12
1.5195415 1.4592338 0.29159874 234 88 12
1.5448054 1.455379 0.29369965 234 88 12
1.075809 1.5951639 0.21981619 234 88 12
1.112614 1.5665604 0.22972177 234 88 12
1.1775824 1.5425477 0.23936982 234 88 12
1.203158 1.5326167 0.24330941 234 88 12
1.2290578 1.524879 0.24661247 234 88 12
1.2409916 1.5170462 0.24939756 234 88 12
1.2925432 1.5033937 0.25545448 234 88 12
1.3432518 1.4888406 0.26174495 234 88 12
1.3557659 1.4849617 0.26338241 234 88 12
1.3688134 1.4831604 0.26442581 234 88 12
1.3808347 1.4777836 0.26648736 234 88 12
1.5175745 1.4433136 0.28203723 234 88 12
1.5538567 1.4330598 0.28649104 234 88 12
1.5669569 1.4328886 0.28705397 234 88 12
1.1626995 1.5268725 0.22872755 234 88 12
1.1759017 1.5236671 0.23021191 234 88 12
1.2265399 1.5032582 0.23833877 234 88 12
1.2389355 1.497581 0.24053247 234 88 12
1.3283535 1.4734361 0.25131622 234 88 12
1.487103 1.420808 0.27338892 234 88 12
1.5632298 1.4121543 0.27900031 234 88 12
1.1353509 1.5178008 0.21562921 234 88 12
1.2861702 1.457211 0.24009117 234 88 12
1.3981558 1.4240081 0.25467375 234 88 12
1.4345579 1.4121974 0.25972322 234 88 12
1.4467382 1.4086821 0.26128012 234 88 12
1.0583413 1.5416381 0.19036961 234 88 12
1.1971107 1.4730541 0.21711893 234 88 12
1.2348545 1.4589891 0.22298211 234 88 12
1.2716024 1.4426643 0.22950031 234 88 12
1.3228027 1.4318461 0.23491137 234 88 12
1.4696877 1.3877316 0.25446001 234 88 12
1.5319027 1.377463 0.26014981 234 88 12
1.5831846 1.3750876 0.26296589 234 88 12
1.0947839 1.5007709 0.18962479 234 88 12
1.1452556 1.4764377 0.19928809 234 88 12
1.2577161 1.430705 0.21817459 234 88 12
1.3457416 1.4072553 0.22910899 234 88 12
1.3819014 1.3936758 0.23483092 234 88 12
1.3943295 1.3907535 0.23625362 234 88 12
1.4549439 1.3728178 0.24434048 234 88 12
1.5299648 1.3620626 0.2507824 234 88 12
1.0819254 1.4945161 0.17620179 234 88 12
1.156675 1.4543593 0.1919958 234 88 12
1.2069027 1.4344896 0.20036292 234 88 12
1.2319478 1.4254836 0.2042504 234 88 12
1.2696463 1.4138318 0.20950079 234 88 12
1.4164823 1.3663007 0.23062901 234 88 12
1.4537145 1.359113 0.23445077 234 88 12
1.4660692 1.3567281 0.23571891 234 88 12
1.5648069 1.3404752 0.24496739 234 88 12
1.0436623 1.5021777 0.15723594 234 88 12
1.0560238 1.4933412 0.16058262 234 88 12
1.0932621 1.4698744 0.16965665 234 88 12
1.1558818 1.4395871 0.18198276 234 88 12
1.1690716 1.4372259 0.18329453 234 88 12
1.256097 1.4030569 0.19789217 234 88 12
1.3183975 1.3845462 0.20644033 234 88 12
1.3679289 1.3711588 0.21281147 234 88 12
1.5760094 1.3261873 0.23597455 234 88 12
1.1427274 1.4309827 0.16950484 234 88 12
1.1553046 1.4258245 0.17171213 234 88 12
1.1802777 1.4153866 0.17615828 234 88 12
1.3424636 1.3649373 0.19942157 234 88 12
1.4636178 1.329627 0.21603051 234 88 12
1.2678325 1.3752522 0.17845175 234 88 12
1.3413478 1.3508265 0.18963784 234 88 12
1.4992766 1.3097272 0.20994167 234 88 12
0.99295217 1.49684 0.11157824 234 88 12
1.0300944 1.468294 0.12267465 234 88 12
1.0797424 1.4366338 0.1353521 234 88 12
1.1545365 1.4001347 0.15073659 234 88 12
1.2296143 1.3732216 0.16295379 234 88 12
1.2419778 1.3687817 0.16496834 234 88 12
1.3037217 1.3488393 0.17428905 234 88 12
1.3405372 1.3378475 0.17954841 234 88 12
1.4739469 1.3020546 0.19726729 234 88 12
1.5232252 1.2945774 0.20190701 234 88 12
1.547749 1.2909559 0.20418292 234 88 12
1.0547396 1.4389067 0.11857753 234 88 12
1.0792769 1.42267 0.12511732 234 88 12
1.2659693 1.3471689 0.15874776 234 88 12
1.2784022 1.343611 0.16049382 234 88 12
1.4011605 1.3099104 0.1772539 234 88 12
1.4974213 1.2851602 0.18983354 234 88 12
1.5100749 1.2844201 0.19064328 234 88 12
1.2527207 1.3372357 0.14703067 234 88 12
1.3507158 1.3071278 0.16166095 234 88 12
1.3756132 1.3023455 0.16440377 234 88 12
1.4115949 1.2914088 0.16973554 234 88 12
1.4971455 1.2749103 0.17918251 234 88 12
1.5464218 1.2685215 0.18356568 234 88 12
0.99279815 1.4583254 0.079059079 234 88 12
1.1660923 1.3580474 0.12141663 234 88 12
1.2885582 1.3111726 0.14310014 234 88 12
1.3865435 1.2851853 0.15648854 234 88 12
1.5083469 1.2604837 0.17051692 234 88 12
1.5581112 1.2560678 0.17429642 234 88 12
1.1660787 1.3470633 0.1105274 234 88 12
1.2758287 1.30296 0.13092005 234 88 12
1.2876595 1.2976174 0.1333231 234 88 12
1.3125628 1.2920078 0.13642001 234 88 12
1.386727 1.2760373 0.14538699 234 88 12
1.4598888 1.2605492 0.15414006 234 88 12
1.4953144 1.250579 0.15923811 234 88 12
1.0668108 1.3827634 0.078616247 234 88 12
1.1288495 1.3516998 0.092439272 234 88 12
1.2028428 1.3206217 0.1068235 234 88 12
1.2149096 1.3150967 0.10933009 234 88 12
1.2275596 1.3121145 0.11096855 234 88 12
1.2972016 1.2739555 0.12764351 234 88 12
1.3128495 1.2829852 0.12519206 234 88 12
1.3620504 1.2712214 0.13162264 234 88 12
1.3875464 1.2690376 0.13357751 234 88 12
1.4597164 1.2505294 0.14345115 234 88 12
1.4722053 1.2492499 0.14448258 234 88 12
1.5555683 1.2303861 0.15500209 234 88 12
1.1167234 1.3474243 0.078569986 234 88 12
1.2165492 1.3111547 0.09618777 234 88 12
1.2291309 1.3078712 0.097949497 234 88 12
1.2526554 1.2954019 0.10349838 234 88 12
1.3128459 1.2729269 0.11433702 234 88 12
1.3381557 1.2694091 0.11678126 234 88 12
1.4720591 1.2393736 0.13378212 234 88 12
1.5075897 1.2302667 0.13869826 234 88 12
1.1936001 1.3166735 0.078441873 234 88 12
1.2308329 1.3041323 0.084733836 234 88 12
1.2970976 1.2534561 0.10615031 234 88 12
1.3648634 1.2612011 0.10658554 234 88 12
1.4027534 1.2567812 0.1099822 234 88 12
1.4509599 1.2446431 0.11665136 234 88 12
1.5422144 1.2102712 0.13338211 234 88 12
0.99135536 1.3883594 0.027812768 234 88 12
1.0044838 1.3837241 0.030134652 234 88 12
1.0161023 1.3713892 0.035190508 234 88 12
1.2212106 1.3087689 0.067894496 234 88 12
1.2511979 1.3208908 0.064919934 234 88 12
1.3591242 1.2767822 0.086195931 234 88 12
1.3829173 1.2681559 0.090486199 234 88 12
1.4619365 1.2290781 0.10853627 234 88 12
1.5420543 1.2006613 0.12275307 234 88 12
1.5536871 1.197613 0.12442444 234 88 12
1.0423067 1.3515933 0.028621888 234 88 12
1.2274582 1.3232057 0.04810695 234 88 12
1.4178618 1.2442235 0.086501881 234 88 12
0.99148053 1.364513 0.0061937049 234 88 12
1.0047213 1.3607125 0.0082631195 234 88 12
1.1502404 1.2717687 0.048598088 234 88 12
0.99230349 1.3567674 -0.0060942639 234 88 12
1.0874807 1.2197236 0.050326381 234 88 12
1.1137575 1.2182564 0.052188765 234 88 12
1.1401904 1.2177854 0.053683255 234 88 12
1.1908385 1.2626483 0.039288785 234 88 12
1.2209183 1.2759517 0.035770666 234 88 12
1.4408872 1.2156421 0.069472067 234 88 12
1.4509326 1.2066267 0.073372245 234 88 12
1.4601753 1.1953787 0.078074284 234 88 12
1.287053 1.2630657 0.029207565 234 88 12
1.3014859 1.2671744 0.028367935 234 88 12
1.4297718 1.2119367 0.055894163 234 88 12
1.5278972 1.1599213 0.080672257 234 88 12
1.5514065 1.1548654 0.083784558 234 88 12
1.1130416 1.1935496 0.032370474 234 88 12
1.1419867 1.2041878 0.029743195 234 88 12
1.3238269 1.2420059 0.024424408 234 88 12
1.3367004 1.2408202 0.025537349 234 88 12
1.3487546 1.2368824 0.027669637 234 88 12
1.4521477 1.1915163 0.050428014 234 88 12
1.5385709 1.1452096 0.072684668 234 88 12
1.2558079 1.2251111 0.012781974 234 88 12
1.2835348 1.2297375 0.012406413 234 88 12
1.2972661 1.2315516 0.012406413 234 88 12
1.4437714 1.1961871 0.033737712 234 88 12
1.1148344 1.1799788 0.0084777968 234 88 12
1.1848128 1.1960106 0.0058031352 234 88 12
1.3512222 1.2255578 0.0028227775 234 88 12
1.3988082 1.2091379 0.01177159 234 88 12
1.0286201 1.2022645 -0.019635418 234 88 12
1.1430298 1.1768 -0.0034685412 234 88 12
1.158358 1.1855981 -0.0061668949 234 88 12
1.3912357 1.2175567 -0.006641977 234 88 12
1.4558144 1.1745559 0.013888597 234 88 12
1.4651715 1.1638125 0.018661227 234 88 12
1.5377195 1.1157116 0.041643146 234 88 12
1.5605849 1.1094406 0.045344979 234 88 12
1.2002858 1.1842198 -0.018136926 234 88 12
1.2996951 1.2100793 -0.023261938 234 88 12
1.4219915 1.4960107 -0.13190329 234 88 12
1.3544533 1.2168154 -0.02306129 234 88 12
1.4336895 1.1766618 -0.0026753272 234 88 12
1.4663724 1.1581051 0.0065365117 234 88 12
1.5372832 1.1054832 0.03150069 234 88 12
1.0304344 1.1885326 -0.043811992 234 88 12
1.0765754 1.154213 -0.027361218 234 88 12
1.1464778 1.1701936 -0.030106956 234 88 12
1.1601543 1.1720004 -0.030106956 234 88 12
1.1875075 1.1756141 -0.030106956 234 88 12
1.2148606 1.1792278 -0.030106956 234 88 12
1.2731416 1.199628 -0.035276577 234 88 12
0.99989182 1.2279747 -0.076660179 234 88 12
1.120023 1.1597811 -0.042076986 234 88 12
1.1358203 1.1706274 -0.045680478 234 88 12
1.2180908 1.1814964 -0.045680478 234 88 12
1.2672414 1.216791 -0.057528976 234 88 12
1.4095286 1.4807252 -0.15837519 234 88 12
1.4665442 1.4811422 -0.15544796 234 88 12
1.4843384 1.1168367 -0.0046096691 234 88 12
1.5160854 1.0987169 0.004570086 234 88 12
1.0184369 1.1729759 -0.067988567 234 88 12
1.0542897 1.152187 -0.057376225 234 88 12
1.1111757 1.1684363 -0.061007384 234 88 12
1.1778561 1.1692456 -0.057681337 234 88 12
1.2503363 1.193076 -0.063607812 234 88 12
1.2958046 1.2135708 -0.069631197 234 88 12
1.4670571 1.4722798 -0.16778414 234 88 12
1.4656897 1.1280583 -0.024747891 234 88 12
1.5381447 1.0809751 -0.0011931439 234 88 12
1.5602113 1.0727884 0.0034225741 234 88 12
0.999295 1.2014824 -0.096050985 234 88 12
1.0331557 1.1679345 -0.080076851 234 88 12
1.1650448 1.1606177 -0.069682196 234 88 12
1.4382598 1.4603183 -0.18043239 234 88 12
1.0340627 1.1610686 -0.092165142 234 88 12
1.0725043 1.1527936 -0.086496033 234 88 12
1.086262 1.1546112 -0.086496033 234 88 12
1.112981 1.1547716 -0.085065529 234 88 12
1.4360356 1.4422165 -0.18897745 234 88 12
1.4829587 1.4568827 -0.19257204 234 88 12
1.4832157 1.0860208 -0.035112932 234 88 12
1.5605098 1.0558648 -0.017975405 234 88 12
1.0356215 1.1573522 -0.10556753 234 88 12
1.0493677 1.1588088 -0.10541338 234 88 12
1.1153573 1.1543504 -0.099761195 234 88 12
1.2216929 1.1542311 -0.093683906 234 88 12
1.2354047 1.1560426 -0.093683906 234 88 12
1.4511055 1.4347422 -0.20100987 234 88 12
1.5376594 1.0528103 -0.03227279 234 88 12
1.0390637 1.1626892 -0.12281298 234 88 12
1.0780016 1.155959 -0.11766668 234 88 12
1.1715335 1.1555756 -0.11214518 234 88 12
1.2882135 1.1936791 -0.12197821 234 88 12
1.4374619 1.4258622 -0.21405922 234 88 12
1.46378 1.0852708 -0.064942382 234 88 12
1.1894568 1.1635164 -0.12968914 234 88 12
1.5263722 1.0383524 -0.055397227 234 88 12
1.5638307 1.0383176 -0.053215209 234 88 12
1.147392 1.1448959 -0.13910215 234 88 12
1.2318348 1.1621233 -0.14178768 234 88 12
1.1795689 1.1564929 -0.15757972 234 88 12
1.2189192 1.1534253 -0.1538862 234 88 12
1.3068221 1.3195903 -0.23889337 234 88 12
1.2498331 1.3047349 -0.25157103 234 88 12
1.3077734 1.3123896 -0.25157103 234 88 12
1.2797545 1.3013614 -0.2642487 234 88 12
1.3232098 1.3071024 -0.2642487 234 88 12
1.0659126 1.2655786 -0.29294792 234 88 12
1.2164744 1.306602 -0.30287069 234 88 12
1.3747426 1.3197203 -0.29921231 234 88 12
1.3260636 1.2855002 -0.30228171 234 88 12
1.3786938 1.3227659 -0.3166548 234 88 12
1.207231 1.3041649 -0.33492023 234 88 12
1.3781599 1.3103859 -0.32708684 234 88 12
1.2081937 1.2968782 -0.34774923 234 88 12
1.2225206 1.2974918 -0.34713081 234 88 12
1.2847697 1.2663165 -0.32808405 234 88 12
1.396183 1.3029069 -0.35501722 234 88 12
1.1985755 1.2931354 -0.37949586 234 88 12
1.2892079 1.2612588 -0.35788736 234 88 12
1.3279048 1.2497528 -0.34969816 234 88 12
1.3987166 1.2544235 -0.34738982 234 88 12
1.1585758 1.2935718 -0.39891732 234 88 12
1.1854081 1.2862724 -0.39352244 234 88 12
1.1998804 1.2872076 -0.39303654 234 88 12
1.2508211 1.2645618 -0.37842265 234 88 12
1.2652718 1.2659537 -0.3781653 234 88 12
1.290162 1.2540374 -0.37060133 234 88 12
1.3021132 1.2466227 -0.36612713 234 88 12
1.3433114 1.2444758 -0.36235142 234 88 12
1.3577687 1.2463858 -0.36235142 234 88 12
1.3944222 1.2299433 -0.35176256 234 88 12
1.1437215 1.2796699 -0.40959397 234 88 12
1.1855987 1.2757423 -0.40484303 234 88 12
1.2116206 1.266032 -0.39823997 234 88 12
1.3175536 1.2413342 -0.37880817 234 88 12
1.4327989 1.2545098 -0.37777874 234 88 12
1.1980478 1.2572846 -0.41129419 234 88 12
1.372347 1.227936 -0.38474238 234 88 12
1.3885577 1.2254177 -0.39872554 234 88 12
1.1752675 1.2580268 -0.4465372 234 88 12
1.2266234 1.2362019 -0.43176037 234 88 12
1.2545145 1.2350142 -0.42924377 234 88 12
1.4279907 1.2529727 -0.42668197 234 88 12
1.2131331 1.2276452 -0.44486886 234 88 12
1.3718778 1.1953527 -0.41710192 234 88 12
1.3015959 1.2313267 -0.45733559 234 88 12
1.3577826 1.1841006 -0.42858332 234 88 12
1.4572154 1.5498898 0.32104662 234 88 12
1.3342266 1.5483402 0.2991704 234 88 12
1.4514953 1.49822 0.30447656 234 88 12
1.4752471 1.4909937 0.30555874 234 88 12
1.6044366 1.4389548 0.31141239 234 88 12
1.5838847 1.3976539 0.29372901 234 88 12
1.1581101 1.5829939 0.26098767 234 88 12
1.1819499 1.5625765 0.2618683 234 88 12
1.2492614 1.5289811 0.26440611 234 88 12
1.1036903 1.6198899 0.24409322 234 88 12
1.1498383 1.5487226 0.24557048 234 88 12
1.1866289 1.5337808 0.24682868 234 88 12
1.3804804 1.4059236 0.25336352 234 88 12
1.1940871 1.4905566 0.23182301 234 88 12
1.2613394 1.4397516 0.23383355 234 88 12
1.5110488 1.3220232 0.24142045 234 88 12
1.0682498 1.5888585 0.2133351 234 88 12
1.1250069 1.5076872 0.21476799 234 88 12
1.2821522 1.4007102 0.21891291 234 88 12
1.6565273 1.2866366 0.2289999 234 88 12
1.0638119 1.5568784 0.19845285 234 88 12
1.1178097 1.4895452 0.19964036 234 88 12
1.1935949 1.4286526 0.20135073 234 88 12
1.3326765 1.3563544 0.20454086 234 88 12
1.4117764 1.3204703 0.20636199 234 88 12
1.4524231 1.3020154 0.20729779 234 88 12
1.4746776 1.2932222 0.20781185 234 88 12
1.0511789 1.5514127 0.18347968 234 88 12
1.0519863 1.5367423 0.18347968 234 88 12
1.062181 1.526228 0.18367028 234 88 12
1.143091 1.4391615 0.18517904 234 88 12
1.1892715 1.4116156 0.18606435 234 88 12
1.2713131 1.3653247 0.18764001 234 88 12
1.3787822 1.3089257 0.18970865 234 88 12
1.401986 1.3009163 0.19015984 234 88 12
1.5138555 1.2568545 0.19232917 234 88 12
1.08811 1.4621592 0.16932078 234 88 12
1.1048735 1.454047 0.16958232 234 88 12
1.1334034 1.4353888 0.17002316 234 88 12
1.1836842 1.394115 0.17079268 234 88 12
1.3379132 1.310595 0.17319109 234 88 12
1.4658886 1.2575861 0.17519559 234 88 12
1.5718019 1.2256244 0.17686504 234 88 12
1.0426538 1.5030377 0.1539942 234 88 12
1.0566084 1.4790921 0.15414882 234 88 12
1.0859425 1.4463265 0.15448564 234 88 12
1.1504687 1.3965354 0.15524159 234 88 12
1.2960322 1.311582 0.15696535 234 88 12
1.468973 1.2423059 0.15903461 234 88 12
1.0687953 1.4544146 0.13955384 234 88 12
1.0753844 1.4421127 0.13960375 234 88 12
1.3032476 1.2826157 0.14145283 234 88 12
1.0118691 1.5494858 0.12458195 234 88 12
1.0048681 1.5314387 0.12454482 234 88 12
1.0144765 1.4911079 0.12457914 234 88 12
1.098367 1.4064449 0.12494709 234 88 12
1.1254632 1.3869561 0.12506795 234 88 12
1.2718439 1.2873904 0.1257223 234 88 12
1.4688668 1.2261295 0.12662163 234 88 12
1.4873205 1.2156284 0.12670465 234 88 12
1.5594183 1.1717145 0.12702824 234 88 12
1.0514864 1.4325157 0.11007012 234 88 12
1.0964532 1.3907181 0.11010625 234 88 12
1.2435372 1.2930522 0.11022627 234 88 12
1.4601055 1.2234267 0.11040645 234 88 12
1.4866872 1.1990436 0.11042783 234 88 12
1.5851984 1.146023 0.11050879 234 88 12
1.6577991 1.1335063 0.11056969 234 88 12
1.008914 1.5188361 0.095511451 234 88 12
1.0085833 1.4592506 0.095522106 234 88 12
1.0186852 1.4487222 0.095494002 234 88 12
1.0517197 1.4178265 0.095401525 234 88 12
1.1207846 1.355021 0.0952079 234 88 12
1.16072 1.324525 0.095094994 234 88 12
1.2971351 1.2651284 0.094702035 234 88 12
1.3005229 1.2504522 0.094694421 234 88 12
1.4980021 1.1696637 0.094124727 234 88 12
1.5131598 1.1577654 0.094081923 234 88 12
1.0012589 1.4859582 0.081044391 234 88 12
1.0195354 1.4344141 0.080940157 234 88 12
1.0355799 1.4113303 0.080840424 234 88 12
1.0887935 1.3577995 0.080501087 234 88 12
1.1725917 1.3138105 0.079951733 234 88 12
1.3429837 1.2654078 0.078819454 234 88 12
1.4679235 1.1933682 0.078002788 234 88 12
1.6118096 1.1033567 0.077064902 234 88 12
1.0354105 1.3965365 0.06623666 234 88 12
1.3220707 1.2742676 0.063283049 234 88 12
1.1886733 1.1964523 0.064735748 234 88 12
1.4184394 1.2102634 0.062303413 234 88 12
1.5211432 1.1272308 0.061267983 234 88 12
1.0016513 1.4124516 0.052093867 234 88 12
1.0750798 1.3377119 0.051098999 234 88 12
1.3147945 1.3037726 0.047685217 234 88 12
1.3205963 1.2898922 0.047612909 234 88 12
1.3557205 1.2219627 0.04716244 234 88 12
1.4744089 1.1627793 0.045505673 234 88 12
1.4890712 1.1508149 0.045304678 234 88 12
1.5119135 1.124611 0.044997528 234 88 12
1.6670237 1.0680366 0.042815942 234 88 12
0.99633068 1.4400153 0.037668854 234 88 12
0.99675626 1.4253979 0.037675735 234 88 12
0.99966204 1.4118236 0.037636541 234 88 12
1.0558611 1.3453621 0.036682624 234 88 12
1.3747699 1.2123994 0.031025494 234 88 12
1.5151751 1.1091169 0.028579554 234 88 12
1.5457897 1.084725 0.0280481 234 88 12
1.6191628 1.0549062 0.026745761 234 88 12
1.3012347 1.5865754 0.016312221 234 88 12
1.0004166 1.3679547 0.023182303 234 88 12
1.1749116 1.3154403 0.019413939 234 88 12
1.4771128 1.1474448 0.012980777 234 88 12
1.5933949 1.0479025 0.010547584 234 88 12
1.2881192 1.5811468 0.00097872701 234 88 12
1.1069384 1.3204137 0.0060165329 234 88 12
1.1898866 1.3367521 0.0038562324 234 88 12
1.0649456 1.1395973 0.0073548774 234 88 12
1.3818685 1.1989337 -0.00089467393 234 88 12
1.4321232 1.1827297 -0.002166488 234 88 12
1.4881905 1.1179421 -0.0035191698 234 88 12
1.5190516 1.077293 -0.0042566471 234 88 12
1.2756047 1.5759761 -0.014275523 234 88 12
1.3173749 1.545755 -0.015461515 234 88 12
1.0583777 1.3319445 -0.0074547553 234 88 12
1.4322536 1.1829385 -0.018268054 234 88 12
1.5498527 1.0361085 -0.02150658 234 88 12
1.2754498 1.5920699 -0.029888576 234 88 12
1.1429011 1.2427931 -0.024822669 234 88 12
1.0539256 1.1659831 -0.021711722 234 88 12
1.1888674 1.1666853 -0.026217122 234 88 12
1.3128078 1.5282311 -0.046743225 234 88 12
1.0599965 1.1981539 -0.036666434 234 88 12
1.0525479 1.1805824 -0.036353484 234 88 12
1.0533532 1.1659515 -0.036353484 234 88 12
1.5326598 1.0316229 -0.053902335 234 88 12
1.2559333 1.5364746 -0.060159866 234 88 12
1.0149204 1.2562165 -0.049646862 234 88 12
1.0222918 1.1996984 -0.049821526 234 88 12
1.188516 1.1514764 -0.056527283 234 88 12
1.524237 1.0460761 -0.070052743 234 88 12
1.2574662 1.5690615 -0.075828284 234 88 12
1.2345502 1.543398 -0.074738197 234 88 12
1.0143489 1.2117939 -0.064053841 234 88 12
1.0850978 1.1472795 -0.067064784 234 88 12
1.2620838 1.5077997 -0.091425531 234 88 12
1.0097582 1.2398521 -0.078440726 234 88 12
1.0083777 1.2097939 -0.078293167 234 88 12
1.0223937 1.1852703 -0.078908987 234 88 12
1.2320958 1.511289 -0.10540934 234 88 12
1.2961283 1.4902024 -0.10870582 234 88 12
1.0089986 1.1954279 -0.092800409 234 88 12
1.0502585 1.1804564 -0.094920531 234 88 12
1.1096517 1.1408468 -0.097920313 234 88 12
1.227791 1.5254368 -0.12064806 234 88 12
1.2286203 1.510049 -0.12064707 234 88 12
1.4604861 1.4743854 -0.13357818 234 88 12
1.0746315 1.1592056 -0.11089967 234 88 12
1.0795851 1.4325255 -0.1268677 234 88 12
1.091092 1.4527127 -0.1425214 234 88 12
1.1305624 1.4079455 -0.14488529 234 88 12
1.3083196 1.4637647 -0.15643625 234 88 12
1.3403153 1.460422 -0.15846831 234 88 12
1.3704708 1.4561102 -0.16037941 234 88 12
1.0146723 1.1979926 -0.13674432 234 88 12
1.0857946 1.4355279 -0.15699905 234 88 12
1.2558213 1.4587846 -0.16859572 234 88 12
1.2918347 1.4573781 -0.17102841 234 88 12
1.3980207 1.4346111 -0.19420487 234 88 12
1.0825713 1.1927061 -0.17069365 234 88 12
1.2403905 1.4529682 -0.19848391 234 88 12
1.4653713 1.4108623 -0.21525797 234 88 12
1.3206989 1.2768841 -0.20380372 234 88 12
1.1680962 1.1922731 -0.19195676 234 88 12
1.2734588 1.3238995 -0.23161133 234 88 12
1.3228521 1.2940247 -0.23557338 234 88 12
1.2741035 1.2930162 -0.27830374 234 88 12
1.2295202 1.3084532 -0.28960836 234 88 12
1.3069671 1.2571785 -0.29694226 234 88 12
1.071859 1.2655324 -0.2887091 234 88 12
1.2297648 1.2930533 -0.30498672 234 88 12
1.1617544 1.2838254 -0.31317052 234 88 12
1.1890783 1.2942816 -0.3467131 234 88 12
1.1881263 1.3096473 -0.36200103 234 88 12
1.2309427 1.2785425 -0.36682782 234 88 12
1.3473732 1.2238522 -0.38014647 234 88 12
1.2207534 1.2595854 -0.39635158 234 88 12
1.2344806 1.2487985 -0.39799452 234 88 12
1.3313292 1.2348348 -0.41001374 234 88 12
1.3594961 1.1961646 -0.42921817 234 88 12
1.1984671 1.2364286 -0.42408469 234 88 12
1.2622074 1.3067756 -0.46427944 234 88 12
1.2813842 1.2821722 -0.482467 234 88 12
1.5448514 1.5052139 0.33200008 234 88 12
1.609576 1.437924 0.31303501 234 88 12
1.6426495 1.4434805 0.31587702 234 88 12
1.1996092 1.5668237 0.27436212 234 88 12
1.3822843 1.4721004 0.28059354 234 88 12
1.407946 1.4464386 0.28059354 234 88 12
1.5504651 1.3817283 0.28610635 234 88 12
1.5750264 1.3796839 0.28770167 234 88 12
1.0994635 1.614361 0.25279275 234 88 12
1.1928254 1.5324982 0.25357622 234 88 12
1.1496569 1.5107932 0.23146889 234 88 12
1.3330648 1.3959856 0.23595648 234 88 12
1.4539846 1.3396161 0.24017912 234 88 12
1.5794778 1.3088146 0.24637352 234 88 12
1.3316145 1.3691947 0.2163218 234 88 12
1.4004656 1.3374768 0.2186501 234 88 12
1.4374821 1.3237025 0.22010742 234 88 12
1.1843946 1.4187926 0.19268806 234 88 12
1.3644915 1.3269751 0.19798379 234 88 12
1.4741591 1.2846462 0.20202331 234 88 12
1.4929951 1.2778234 0.20274396 234 88 12
1.6641604 1.2625511 0.21209571 234 88 12
1.1422989 1.4243613 0.1730928 234 88 12
1.2009168 1.385435 0.17422067 234 88 12
1.2489866 1.3600882 0.17552215 234 88 12
1.5188955 1.2531195 0.18485476 234 88 12
1.5827564 1.2385037 0.18767534 234 88 12
1.6311634 1.2333481 0.19015262 234 88 12
1.0661857 1.4687754 0.1539685 234 88 12
1.1145916 1.4195445 0.15392348 234 88 12
1.1585176 1.390834 0.15475373 234 88 12
1.2486593 1.3347044 0.15660964 234 88 12
1.3305743 1.2934647 0.15882911 234 88 12
1.3851925 1.2732719 0.16070758 234 88 12
1.5217974 1.2316065 0.16588803 234 88 12
1.6577829 1.2086316 0.17205454 234 88 12
1.1623771 1.369619 0.13651548 234 88 12
1.2373748 1.3230903 0.13799179 234 88 12
1.3344369 1.2727653 0.14041544 234 88 12
1.4947039 1.2309327 0.14655708 234 88 12
1.5941502 1.2006772 0.1501451 234 88 12
1.0457565 1.4453647 0.11722468 234 88 12
1.0578657 1.4332554 0.11722468 234 88 12
1.1351162 1.3655396 0.1176933 234 88 12
1.6575243 1.1608883 0.13331087 234 88 12
1.0026056 1.4736335 0.099371694 234 88 12
1.0223055 1.4443851 0.098928221 234 88 12
1.0486459 1.4227672 0.099147551 234 88 12
1.1389979 1.3445551 0.099711373 234 88 12
1.273911 1.2861485 0.1032646 234 88 12
1.0125438 1.433103 0.080921382 234 88 12
1.0868865 1.3634604 0.081126966 234 88 12
1.1552622 1.1907398 0.076563023 234 88 12
1.2751542 1.2873933 0.086034499 234 88 12
1.4377581 1.2263978 0.090478726 234 88 12
0.99170381 1.4607025 0.064178526 234 88 12
1.0237893 1.3945695 0.062781356 234 88 12
1.0495232 1.3726577 0.062938206 234 88 12
1.075745 1.3512175 0.063134417 234 88 12
1.617522 1.1034639 0.07519991 234 88 12
1.0125765 1.3818403 0.044926297 234 88 12
1.0993935 1.3268706 0.046147138 234 88 12
1.4911038 1.1564511 0.054630149 234 88 12
1.5293766 1.1202277 0.054708708 234 88 12
1.6022205 1.0905114 0.056361977 234 88 12
0.98731804 1.4295139 0.028861621 234 88 12
1.0305167 1.351403 0.027617557 234 88 12
1.1153332 1.2699164 0.027736211 234 88 12
1.0743157 1.20285 0.023884736 234 88 12
1.1696155 1.1814413 0.026517782 234 88 12
1.2886469 1.2039766 0.031562384 234 88 12
1.4638005 1.1790116 0.036914222 234 88 12
1.4765472 1.1669608 0.036939021 234 88 12
1.6675723 1.0765343 0.040523756 234 88 12
0.98235261 1.3981056 0.010748889 234 88 12
0.99483377 1.3616558 0.0099594714 234 88 12
1.0406736 1.3375328 0.010674722 234 88 12
1.1153411 1.2698817 0.010905814 234 88 12
1.1965779 1.1846977 0.010775809 234 88 12
1.2494031 1.2132969 0.013457559 234 88 12
1.5010334 1.1186579 0.018628137 234 88 12
1.6355034 1.0498866 0.020791952 234 88 12
1.1029917 1.3305469 -0.004453511 234 88 12
1.3893379 1.2050899 0.00041149749 234 88 12
1.5451666 1.0649554 0.00088606536 234 88 12
1.5654296 1.0594398 0.0013319982 234 88 12
1.0238862 1.3437778 -0.023209281 234 88 12
1.0878875 1.3390641 -0.021576349 234 88 12
1.1004009 1.158605 -0.026201999 234 88 12
1.1387779 1.1504763 -0.025368886 234 88 12
1.4510171 1.1675236 -0.016299503 234 88 12
1.4680952 1.1360395 -0.016696284 234 88 12
0.99948853 1.3665773 -0.040003732 234 88 12
1.0314755 1.3520985 -0.039568689 234 88 12
1.1360701 1.147755 -0.04204727 234 88 12
1.3619854 1.2270564 -0.034463175 234 88 12
1.4681711 1.1596668 -0.033499159 234 88 12
1.2286531 1.570558 -0.047148559 234 88 12
1.2539793 1.5452317 -0.047148559 234 88 12
1.0280819 1.2017666 -0.059763033 234 88 12
1.0512398 1.1786087 -0.059763033 234 88 12
1.4702287 1.091679 -0.052406121 234 88 12
1.5194931 1.0660132 -0.05188328 234 88 12
1.5555335 1.0286264 -0.051913109 234 88 12
1.0201535 1.1933237 -0.076447338 234 88 12
1.0636437 1.1678545 -0.076096579 234 88 12
1.1145296 1.1494521 -0.075464323 234 88 12
1.1298791 1.1415341 -0.07531967 234 88 12
1.2672051 1.2070001 -0.071372509 234 88 12
1.2262466 1.5411394 -0.083468713 234 88 12
1.2367145 1.526221 -0.08354336 234 88 12
1.0528896 1.1802584 -0.092430122 234 88 12
1.1588831 1.1471654 -0.091207273 234 88 12
1.0145531 1.1872975 -0.10922775 234 88 12
1.0802443 1.1613883 -0.1086674 234 88 12
1.1960618 1.1606292 -0.10704671 234 88 12
1.0352068 1.1852986 -0.14158404 234 88 12
1.112265 1.1471233 -0.14124525 234 88 12
1.0801042 1.4308465 -0.15612915 234 88 12
1.0921988 1.418752 -0.15612915 234 88 12
1.1311251 1.4106476 -0.15594332 234 88 12
1.0244837 1.1976666 -0.1578704 234 88 12
1.1059933 1.1641773 -0.15758087 234 88 12
1.3443784 1.2828172 -0.17280672 234 88 12
1.2060817 1.4922968 -0.19012839 234 88 12
1.3115491 1.4497496 -0.19008651 234 88 12
1.1181045 1.176489 -0.19039708 234 88 12
1.2265646 1.4626068 -0.20766021 234 88 12
1.169929 1.4526798 -0.2248641 234 88 12
1.2666208 1.45381 -0.22532313 234 88 12
1.2970947 1.2605841 -0.22455941 234 88 12
1.2539871 1.3396096 -0.25922045 234 88 12
1.3007898 1.31306 -0.25942388 234 88 12
1.2671059 1.3036613 -0.27616233 234 88 12
1.2913352 1.2791538 -0.29331997 234 88 12
1.2892596 1.2770894 -0.31039712 234 88 12
1.1888921 1.297022 -0.32586116 234 88 12
1.2032467 1.2874106 -0.3259595 234 88 12
1.236578 1.2971029 -0.32685146 234 88 12
1.2978477 1.2373089 -0.32688203 234 88 12
1.3266373 1.2414458 -0.32756466 234 88 12
1.3990117 1.2631768 -0.32951561 234 88 12
1.224046 1.2843146 -0.34329414 234 88 12
1.2909937 1.2788234 -0.3447322 234 88 12
1.2779278 1.2417026 -0.34355783 234 88 12
1.3867682 1.2274612 -0.34577143 234 88 12
1.1908295 1.2989671 -0.35976869 234 88 12
1.2466947 1.2829672 -0.36080784 234 88 12
1.2667129 1.2546378 -0.3605912 234 88 12
1.290863 1.2304877 -0.3605912 234 88 12
1.1706879 1.3024738 -0.37619057 234 88 12
1.1823386 1.290152 -0.37617129 234 88 12
1.195587 1.2794759 -0.3762452 234 88 12
1.2207414 1.2809139 -0.37700924 234 88 12
1.3794314 1.2205609 -0.37983462 234 88 12
1.3999339 1.2161644 -0.38029739 234 88 12
1.1700804 1.3018041 -0.39299685 234 88 12
1.2255362 1.2615472 -0.39347404 234 88 12
1.2915531 1.2311971 -0.39459381 234 88 12
1.3270479 1.2180265 -0.3952947 234 88 12
1.1942717 1.2539055 -0.40902334 234 88 12
1.2139128 1.2497814 -0.40955183 234 88 12
1.2934438 1.2330683 -0.41169125 234 88 12
1.3547888 1.1972275 -0.42959791 234 88 12
1.3669089 1.1851074 -0.42959791 234 88 12
1.1500806 1.2808452 -0.44185844 234 88 12
1.2356491 1.2960244 -0.46279132 234 88 12
1.2461354 1.2823424 -0.46265697 234 88 12
1.3214031 1.260552 -0.46490499 234 88 12
1.5770357 1.483011 0.3224144 234 88 12
1.6072915 1.4756442 0.32212865 234 88 12
1.6232287 1.4739554 0.32208797 234 88 12
1.4551672 1.512027 0.30717167 234 88 12
1.5202332 1.4652852 0.3051717 234 88 12
1.5334386 1.4569125 0.30481741 234 88 12
1.6253846 1.4394089 0.30424082 234 88 12
1.3434161 1.5260932 0.29114276 234 88 12
1.3571215 1.5175687 0.29081213 234 88 12
1.3712386 1.5103576 0.29053834 234 88 12
1.4115388 1.4840013 0.28951117 234 88 12
1.4249812 1.4755716 0.28918394 234 88 12
1.4654686 1.4516197 0.28825954 234 88 12
1.1950324 1.5850537 0.27671134 234 88 12
1.2499169 1.5461712 0.27532107 234 88 12
1.3325204 1.4945474 0.273496 234 88 12
1.4339527 1.4118626 0.27050698 234 88 12
1.488711 1.3851482 0.26958817 234 88 12
1.5759319 1.3603686 0.26881364 234 88 12
1.6677321 1.3845328 0.26994631 234 88 12
1.1424333 1.5780299 0.25976658 234 88 12
1.1567662 1.5697569 0.25950477 234 88 12
1.2122732 1.5327675 0.25831774 234 88 12
1.2805047 1.4874773 0.25686485 234 88 12
1.3571299 1.4245049 0.25480956 234 88 12
1.4651326 1.3660744 0.25297359 234 88 12
1.5655186 1.3351905 0.25208652 234 88 12
1.6331779 1.3424323 0.25247011 234 88 12
1.6513745 1.3470191 0.25266561 234 88 12
1.1354061 1.5541121 0.24244329 234 88 12
1.1496843 1.5459596 0.24221352 234 88 12
1.2407691 1.4669849 0.23990649 234 88 12
1.3080481 1.4238535 0.23867662 234 88 12
1.5145775 1.3282051 0.2360477 234 88 12
1.5716201 1.3111944 0.23561503 234 88 12
1.5869482 1.309577 0.2355909 234 88 12
1.6403707 1.3216134 0.23605807 234 88 12
1.1382546 1.5078856 0.22470285 234 88 12
1.1785523 1.4778785 0.22394134 234 88 12
1.2455705 1.4316967 0.2227769 234 88 12
1.2587785 1.422464 0.22254382 234 88 12
1.3276687 1.3869747 0.2216752 234 88 12
1.3552673 1.3738296 0.22135662 234 88 12
1.3959547 1.3531277 0.22085069 234 88 12
1.5501096 1.2976688 0.21956345 234 88 12
1.6625031 1.2987429 0.2197624 234 88 12
1.0677512 1.5506579 0.20931292 234 88 12
1.1864265 1.4504367 0.20710066 234 88 12
1.2535684 1.4066061 0.20615296 234 88 12
1.2662339 1.3961618 0.2059228 234 88 12
1.2964392 1.3897787 0.20581134 234 88 12
1.4162127 1.3216759 0.20435891 234 88 12
1.5138218 1.2865939 0.20365739 234 88 12
1.0738902 1.5134919 0.19212236 234 88 12
1.2610577 1.3805817 0.18969209 234 88 12
1.3011864 1.3570175 0.18926881 234 88 12
1.3412846 1.3347197 0.18887058 234 88 12
1.5941316 1.2512777 0.1874925 234 88 12
1.1328272 1.4349374 0.17458943 234 88 12
1.1860312 1.3975983 0.17403786 234 88 12
1.2806084 1.343717 0.17325765 234 88 12
1.4321158 1.2798526 0.17236766 234 88 12
1.5438477 1.2440017 0.17189158 234 88 12
1.5713646 1.2347451 0.17176749 234 88 12
1.5862726 1.2328396 0.1717501 234 88 12
1.5999041 1.2280698 0.17168568 234 88 12
1.6453873 1.2242646 0.1716648 234 88 12
1.0510393 1.490456 0.15916865 234 88 12
1.2078714 1.3652719 0.15774265 234 88 12
1.2759701 1.3300114 0.1573571 234 88 12
1.3426976 1.2943435 0.15696563 234 88 12
1.4414859 1.2630811 0.15664966 234 88 12
1.6890479 1.21609 0.15624145 234 88 12
1.0090036 1.5170522 0.14313026 234 88 12
1.1116365 1.4178843 0.14234096 234 88 12
1.1369295 1.3948112 0.14215796 234 88 12
1.2034917 1.3515686 0.14182392 234 88 12
1.3955495 1.2662258 0.14119284 234 88 12
1.4530038 1.2519414 0.14109896 234 88 12
1.4662718 1.2458122 0.14105339 234 88 12
1.5049933 1.2254406 0.14089945 234 88 12
1.6774614 1.1907409 0.14068669 234 88 12
1.0157692 1.4811364 0.12662484 234 88 12
1.0537691 1.4417915 0.12645184 234 88 12
1.093508 1.4110966 0.12631944 234 88 12
1.3021998 1.2692008 0.12571381 234 88 12
1.3649516 1.2682608 0.12572548 234 88 12
1.5513848 1.1872388 0.12539686 234 88 12
1.6069945 1.1724242 0.12534228 234 88 12
1.6211168 1.1693293 0.12533152 234 88 12
1.1140298 1.3719629 0.1103267 234 88 12
1.2754256 1.2820104 0.11025804 234 88 12
1.3793616 1.2641433 0.11024775 234 88 12
1.4830149 1.209227 0.11020607 234 88 12
1.5724406 1.1639744 0.11017191 234 88 12
1.6003075 1.1570762 0.11016737 234 88 12
0.98381758 1.483565 0.094197519 234 88 12
1.1495012 1.3315445 0.094619267 234 88 12
1.2494454 1.2976298 0.094703123 234 88 12
1.3516452 1.2738233 0.094756782 234 88 12
1.3947819 1.2626882 0.094782636 234 88 12
1.5535251 1.1556309 0.095072813 234 88 12
1.6219437 1.1362674 0.095118843 234 88 12
1.6897846 1.1492893 0.095069394 234 88 12
1.0418822 1.3991438 0.07852339 234 88 12
1.0540199 1.3854271 0.078611478 234 88 12
1.3058766 1.2777677 0.079244673 234 88 12
1.3234899 1.2826761 0.079204991 234 88 12
1.3365395 1.2751846 0.079250716 234 88 12
1.5474837 1.1413581 0.080075756 234 88 12
1.5884323 1.1297151 0.080139145 234 88 12
1.0371995 1.3824427 0.062783726 234 88 12
1.1046716 1.3401253 0.063191041 234 88 12
1.2732327 1.3191309 0.063314669 234 88 12
1.2987453 1.3013445 0.063487522 234 88 12
1.321578 1.2769619 0.063731529 234 88 12
1.4376652 1.211318 0.064356737 234 88 12
1.4492289 1.2013749 0.064454928 234 88 12
1.5567279 1.1269678 0.06517759 234 88 12
1.5681829 1.1182683 0.065262727 234 88 12
1.6672467 1.1008101 0.065389402 234 88 12
1.0739731 1.3436263 0.047452938 234 88 12
1.1841743 1.1974097 0.049464505 234 88 12
1.2583679 1.2320454 0.048908774 234 88 12
1.4789221 1.1601489 0.049766459 234 88 12
1.5016794 1.1411241 0.05002154 234 88 12
1.5501511 1.1116172 0.050406758 234 88 12
1.6039405 1.095511 0.050595436 234 88 12
1.6328181 1.092031 0.050622571 234 88 12
0.98977417 1.3843856 0.031073382 234 88 12
1.1841416 1.1968163 0.034284595 234 88 12
1.1993102 1.1959815 0.034284595 234 88 12
1.3022391 1.2233651 0.03368457 234 88 12
1.4079537 1.2140754 0.033747591 234 88 12
1.4670346 1.1681721 0.034521956 234 88 12
1.5206122 1.1134382 0.035462148 234 88 12
1.5339947 1.1091119 0.035527322 234 88 12
1.5709573 1.0894479 0.035847399 234 88 12
1.6138111 1.0833898 0.035914563 234 88 12
1.6261613 1.0772718 0.036013298 234 88 12
1.0835553 1.1711013 0.019777881 234 88 12
1.1149455 1.1734065 0.019689322 234 88 12
1.2144462 1.1945533 0.019104686 234 88 12
1.2374362 1.2159292 0.018607492 234 88 12
1.4303203 1.1915712 0.018909248 234 88 12
1.4759196 1.1519656 0.019723857 234 88 12
1.5304619 1.1005616 0.020786744 234 88 12
1.5548757 1.0869842 0.021055391 234 88 12
1.594059 1.0729744 0.021315679 234 88 12
1.6559396 1.0754753 0.021185968 234 88 12
1.0131228 1.3524398 0.0001270458 234 88 12
1.0730275 1.3389792 0.00038889999 234 88 12
1.1149131 1.172817 0.0046106116 234 88 12
1.145048 1.1711584 0.0046106116 234 88 12
1.3327614 1.2204849 0.0030735361 234 88 12
1.4914571 1.1156764 0.0055488436 234 88 12
1.5386059 1.084048 0.0062968754 234 88 12
0.98253429 1.3568077 -0.015710879 234 88 12
1.0281879 1.3487822 -0.015547864 234 88 12
1.1148807 1.1722276 -0.010468098 234 88 12
1.3174344 1.2207284 -0.012231981 234 88 12
1.3348508 1.2255316 -0.012402365 234 88 12
1.3491721 1.2220706 -0.012323328 234 88 12
1.3620614 1.2149328 -0.012133238 234 88 12
1.4986583 1.0964371 -0.0088515459 234 88 12
1.5089364 1.0850996 -0.0085330121 234 88 12
0.99843264 1.3560047 -0.03148675 234 88 12
1.0150945 1.2491575 -0.027950998 234 88 12
1.162659 1.1769021 -0.025810344 234 88 12
1.2101606 1.1807514 -0.026026096 234 88 12
1.2295167 1.1919382 -0.026435047 234 88 12
1.2831014 1.21162 -0.027190434 234 88 12
1.4828149 1.0944484 -0.023646368 234 88 12
1.5161035 1.0663692 -0.022770291 234 88 12
1.5564704 1.0553247 -0.022475807 234 88 12
1.5979648 1.0471576 -0.022279438 234 88 12
1.0306324 1.3562346 -0.047339652 234 88 12
1.0104134 1.2327081 -0.042704735 234 88 12
1.1781416 1.1767069 -0.040965542 234 88 12
1.2294841 1.1913447 -0.041614957 234 88 12
1.5034324 1.0714521 -0.037717268 234 88 12
1.0532891 1.1698141 -0.055539019 234 88 12
1.12818 1.1645471 -0.055492081 234 88 12
1.1932113 1.1752849 -0.056079026 234 88 12
1.4797205 1.5197798 -0.07084851 234 88 12
1.4978695 1.5231965 -0.071029536 234 88 12
1.4657555 1.0890433 -0.053158432 234 88 12
1.5155754 1.0641584 -0.052250665 234 88 12
0.99338257 1.2265315 -0.073022455 234 88 12
1.0241393 1.1741592 -0.07075166 234 88 12
1.1258836 1.1570714 -0.070236929 234 88 12
1.1409047 1.1562445 -0.070236929 234 88 12
1.2705933 1.218565 -0.073349155 234 88 12
1.4247222 1.5069492 -0.086650886 234 88 12
1.4780768 1.5149484 -0.087140888 234 88 12
1.4952552 1.5159059 -0.08722616 234 88 12
1.4657235 1.0884631 -0.06800092 234 88 12
1.4966502 1.0897574 -0.068135187 234 88 12
1.0826204 1.1647455 -0.08555527 234 88 12
1.1408724 1.1556569 -0.08526928 234 88 12
1.192724 1.1728777 -0.086245283 234 88 12
1.2082485 1.173272 -0.086306006 234 88 12
1.4405336 1.5038965 -0.10300217 234 88 12
1.4581807 1.5062529 -0.10316396 234 88 12
1.4931327 1.5098839 -0.10343403 234 88 12
1.0542041 1.1713221 -0.10090377 234 88 12
1.2684225 1.2115288 -0.10363009 234 88 12
1.4375699 1.4954714 -0.11900585 234 88 12
1.4732231 1.5012112 -0.1194097 234 88 12
1.0395476 1.1730059 -0.11606241 234 88 12
1.067512 1.1643964 -0.11566473 234 88 12
1.1079454 1.1474565 -0.1148371 234 88 12
1.1550524 1.1513494 -0.1152019 234 88 12
1.2865202 1.217962 -0.11935558 234 88 12
1.4506503 1.485351 -0.13490325 234 88 12
1.0273359 1.18284 -0.13172984 234 88 12
1.1079133 1.1468703 -0.12983583 234 88 12
1.2077239 1.1702749 -0.13157149 234 88 12
1.4618667 1.4705588 -0.15044707 234 88 12
1.0275308 1.1830035 -0.14689761 234 88 12
1.2521282 1.2079607 -0.14928147 234 88 12
1.2864544 1.2167654 -0.14996459 234 88 12
1.1143335 1.165648 -0.16120799 234 88 12
1.1407106 1.1527188 -0.16043101 234 88 12
1.1796236 1.1770918 -0.16222595 234 88 12
1.4226016 1.4535208 -0.1818442 234 88 12
1.1027758 1.1769093 -0.17708616 234 88 12
1.2076263 1.168503 -0.1768977 234 88 12
1.4060843 1.4530879 -0.19803065 234 88 12
1.1455306 1.4636188 -0.21402578 234 88 12
1.2130133 1.4681778 -0.21464904 234 88 12
1.2452265 1.4655799 -0.2145869 234 88 12
1.196368 1.4672884 -0.2308102 234 88 12
1.2780408 1.4642496 -0.23092549 234 88 12
1.2916528 1.2723836 -0.21579768 234 88 12
1.4476945 1.4309717 -0.22903052 234 88 12
1.1472453 1.4681174 -0.24695669 234 88 12
1.2308015 1.4709246 -0.24757123 234 88 12
1.2635803 1.4698993 -0.24763586 234 88 12
1.2605894 1.2734845 -0.2313243 234 88 12
1.3124571 1.2855154 -0.23255949 234 88 12
1.2371615 1.3433203 -0.2528536 234 88 12
1.260556 1.2728776 -0.24685094 234 88 12
1.291586 1.2711697 -0.24685094 234 88 12
1.3279618 1.28344 -0.26372617 234 88 12
1.4152828 1.3450902 -0.26974875 234 88 12
1.0707167 1.269662 -0.29226741 234 88 12
1.241527 1.3078272 -0.29694211 234 88 12
1.3052785 1.2632606 -0.30847549 234 88 12
1.4016006 1.3499982 -0.31787312 234 88 12
1.225125 1.3054613 -0.32805166 234 88 12
1.2407683 1.3046004 -0.32805166 234 88 12
1.2603889 1.2698427 -0.32448405 234 88 12
1.2759039 1.2689888 -0.32448405 234 88 12
1.2369303 1.2929699 -0.34247431 234 88 12
1.1766509 1.3023392 -0.35884351 234 88 12
1.2368968 1.2923596 -0.35808656 234 88 12
1.257046 1.259354 -0.35446325 234 88 12
1.3180264 1.2534117 -0.35416949 234 88 12
1.3307381 1.2451686 -0.35331258 234 88 12
1.2200768 1.2891347 -0.37328327 234 88 12
1.2561193 1.2562196 -0.36965108 234 88 12
1.3721037 1.2292308 -0.36723149 234 88 12
1.3860675 1.2247158 -0.36679155 234 88 12
1.3176503 1.251363 -0.38502717 234 88 12
1.1823257 1.2701157 -0.40199465 234 88 12
1.3000684 1.2459069 -0.39977691 234 88 12
1.387428 1.2271795 -0.39803568 234 88 12
1.4065498 1.2358243 -0.39924878 234 88 12
1.2405475 1.2552481 -0.41609225 234 88 12
1.3488919 1.2080153 -0.41077131 234 88 12
1.4082985 1.2397534 -0.41528493 234 88 12
1.1627156 1.2575263 -0.43138725 234 88 12
1.2559834 1.2537916 -0.43157294 234 88 12
1.348859 1.2074163 -0.42609447 234 88 12
1.4134425 1.2523165 -0.43252778 234 88 12
1.2404809 1.2540377 -0.44705364 234 88 12
1.2714192 1.252335 -0.44705364 234 88 12
1.3369287 1.2586598 -0.44841024 234 88 12
1.3524357 1.2578064 -0.44841024 234 88 12
1.35855 1.2323195 -0.44497451 234 88 12
1.2713885 1.2517372 -0.46253538 234 88 12
1.2868577 1.2508858 -0.46253538 234 88 12
1.2600214 1.2631663 -0.49527696 234 88 12
1.0527707 1.1354654 0.0250143 234 88 12
1.0107272 1.1447148 -0.048267387 234 88 12
1.1568522 1.1288712 0.055608351 234 88 12
1.0733573 1.1375134 -0.025864452 234 88 12
1.1603608 1.1301959 0.046169039 234 88 12
1.147644 1.134678 0.023702402 234 88 12
1.0836564 1.1387758 -0.037321914 234 88 12
1.1441748 1.1363747 0.014679887 234 88 12
1.1459602 1.1370487 0.0098764272 234 88 12
1.1531823 1.1287258 0.00026950601 234 88 12
1.1495311 1.1383969 0.00026950601 234 88 12
1.1549677 1.1293998 -0.0045339544 234 88 12
1.1146297 1.1299095 -0.05427121 234 88 12
1.1585386 1.1307479 -0.014140876 234 88 12
1.0817487 1.1381673 -0.095513403 234 88 12
1.1620693 1.1376057 -0.028551258 234 88 12
1.1602436 1.1424413 -0.028551258 234 88 12
1.085568 1.1396091 -0.10578855 234 88 12
1.1656803 1.1334442 -0.033354718 234 88 12
1.1257212 1.1398386 -0.089215554 234 88 12
1.1380225 1.1420377 -0.076749809 234 88 12
1.1673855 1.1451375 -0.047765099 234 88 12
1.1709964 1.1409761 -0.052568559 234 88 12
1.1089271 1.1452799 -0.11744787 234 88 12
1.1745272 1.1478338 -0.066978939 234 88 12
1.0857925 1.1199144 0.070187822 234 88 12
1.0711019 1.1254606 0.070187822 234 88 12
1.1011657 1.1161762 0.065323465 234 88 12
1.0704788 1.1365317 0.072329864 234 88 12
1.0951161 1.1590683 0.091463618 234 88 12
1.0714329 1.1680095 0.091463618 234 88 12
1.0711564 1.1383264 0.067501664 234 88 12
1.0957764 1.1608173 0.086758427 234 88 12
1.0720932 1.1697584 0.086758427 234 88 12
1.1153833 1.1554133 0.082053237 234 88 12
1.0774902 1.1697191 0.082053237 234 88 12
1.1160434 1.1571621 0.077348046 234 88 12
1.074074 1.1750052 0.072642855 234 88 12
1.069006 1.1473399 0.04818885 234 88 12
1.1062453 1.1790915 0.073486172 234 88 12
1.0753946 1.178503 0.063232474 234 88 12
1.070361 1.1509292 0.038532443 234 88 12
1.1209542 1.1755148 0.068832047 234 88 12
1.0855281 1.1766754 0.058527283 234 88 12
1.0807916 1.1784637 0.058527283 234 88 12
1.0674517 1.1454307 0.026408603 234 88 12
1.0625548 1.1472794 0.026408603 234 88 12
1.119006 1.1910443 0.075064898 234 88 12
1.1051126 1.1962897 0.075064898 234 88 12
1.0696192 1.1690754 0.040567957 234 88 12
1.0963219 1.1765968 0.049116902 234 88 12
1.0821121 1.1819615 0.049116902 234 88 12
1.0675333 1.1581481 0.024047831 234 88 12
1.1202972 1.1944643 0.065864019 234 88 12
1.1017724 1.201458 0.065864019 234 88 12
1.0969822 1.1783457 0.044411711 234 88 12
1.0922456 1.1801339 0.044411711 234 88 12
1.0633503 1.1617777 0.019219628 234 88 12
1.125574 1.1944258 0.06126358 234 88 12
1.0764298 1.1725819 0.02625631 234 88 12
1.0716275 1.174395 0.02625631 234 88 12
1.0456978 1.1619066 0.0069511719 234 88 12
1.0770993 1.1743551 0.021485761 234 88 12
1.0365868 1.1674122 0.0020868145 234 88 12
1.126865 1.1978458 0.052062701 234 88 12
1.1176027 1.2013427 0.052062701 234 88 12
1.098963 1.1835924 0.030296139 234 88 12
1.0729663 1.1779413 0.016715212 234 88 12
1.068164 1.1797545 0.016715212 234 88 12
1.0323725 1.171069 -0.0027775434 234 88 12
1.024353 1.1579481 -0.016958054 234 88 12
1.1228795 1.2013042 0.047462262 234 88 12
1.1182483 1.2030526 0.047462262 234 88 12
1.1090136 1.2063979 0.047337484 234 88 12
1.0633769 1.1879764 0.015824014 234 88 12
1.044242 1.1952004 0.015824014 234 88 12
1.030414 1.1960323 0.011944663 234 88 12
1.0281582 1.1747258 -0.0076419008 234 88 12
1.0193176 1.1691065 -0.015559394 234 88 12
1.0075617 1.192811 0.001470926 234 88 12
1.123525 1.2030141 0.042861823 234 88 12
1.0957639 1.2133541 0.042736448 234 88 12
1.0858941 1.1935716 0.021818981 234 88 12
1.0622333 1.2025044 0.021818981 234 88 12
1.1241707 1.2047242 0.038261384 234 88 12
1.0365553 1.1977656 0.002403565 234 88 12
1.0256284 1.1708876 -0.02536395 234 88 12
1.0089146 1.1963947 -0.0081704985 234 88 12
1.1248162 1.2064341 0.033660945 234 88 12
1.1063188 1.2132771 0.033534374 234 88 12
1.0924234 1.2185231 0.033534374 234 88 12
1.0872134 1.1970661 0.012417494 234 88 12
1.0635526 1.2059989 0.012417494 234 88 12
1.0468296 1.1959127 -0.002366984 234 88 12
1.130093 1.2063956 0.029060503 234 88 12
1.1254618 1.2081441 0.029060503 234 88 12
1.0878731 1.1988133 0.0077167521 234 88 12
1.0357856 1.1801094 -0.027099332 234 88 12
1.1307385 1.2081057 0.024460064 234 88 12
1.0838006 1.2023472 0.0030160095 234 88 12
1.0625757 1.1940198 -0.011908082 234 88 12
1.0511587 1.1763712 -0.031963691 234 88 12
1.0982782 1.2259583 0.02320946 234 88 12
1.0939245 1.2005213 -0.0016847331 234 88 12
1.0891924 1.2023079 -0.0016847331 234 88 12
1.0776525 1.1903538 -0.016678631 234 88 12
1.0680476 1.19398 -0.016678631 234 88 12
1.0469445 1.1800281 -0.036828049 234 88 12
1.0945842 1.2022686 -0.0063854759 234 88 12
1.0719035 1.174011 -0.040452532 234 88 12
1.1041805 1.2276242 0.014039772 234 88 12
1.0727279 1.1748488 -0.046162508 234 88 12
1.0678971 1.1762493 -0.046556763 234 88 12
1.0565511 1.1913841 -0.036451925 234 88 12
1.1137954 1.2492777 0.031326115 234 88 12
1.103673 1.186608 -0.030990278 234 88 12
1.0734103 1.1766562 -0.051025048 234 88 12
1.0391985 1.1891497 -0.051421121 234 88 12
1.0343016 1.1909984 -0.051421121 234 88 12
1.0089284 1.2094145 -0.043139182 234 88 12
1.0952107 1.189193 -0.038246974 234 88 12
1.128589 1.2475371 0.022391222 234 88 12
1.0958817 1.1909704 -0.043028884 234 88 12
1.0838978 1.180813 -0.0569662 234 88 12
1.0356669 1.1946146 -0.061149836 234 88 12
1.010283 1.2130023 -0.052791841 234 88 12
0.99914968 1.1785842 -0.089454696 234 88 12
1.1292183 1.2492039 0.017906955 234 88 12
1.1202706 1.2522086 0.017550156 234 88 12
1.1170845 1.2471355 0.011554357 234 88 12
1.0992844 1.2029271 -0.037100658 234 88 12
1.0930626 1.1865877 -0.054954804 234 88 12
1.0800306 1.1823149 -0.063737251 234 88 12
1.0607722 1.1876225 -0.065612666 234 88 12
1.1249952 1.2542286 0.014889767 234 88 12
1.120827 1.2542408 0.013388428 234 88 12
1.1177177 1.248813 0.0070413174 234 88 12
1.1047137 1.2028875 -0.041834064 234 88 12
1.0709387 1.1878088 -0.068591297 234 88 12
1.0662122 1.1885397 -0.069604203 234 88 12
1.061321 1.1903863 -0.069604203 234 88 12
1.0466478 1.195926 -0.069604203 234 88 12
0.99874067 1.2029446 -0.080245472 234 88 12
1.1112432 1.2206875 -0.028904576 234 88 12
1.0895673 1.1919963 -0.064583339 234 88 12
1.0847208 1.193826 -0.064583339 234 88 12
1.0426116 1.1981901 -0.075742908 234 88 12
1.0377147 1.2000388 -0.075742908 234 88 12
1.0328178 1.2018875 -0.075742908 234 88 12
1.1026596 1.2003529 -0.058438618 234 88 12
1.0671415 1.1951429 -0.07656841 234 88 12
0.99915022 1.217447 -0.07984487 234 88 12
1.0836422 1.4381279 0.15541913 234 88 12
1.0800443 1.4385298 0.15447611 234 88 12
1.0538657 1.2042712 -0.086261034 234 88 12
1.0397626 1.2054631 -0.09033598 234 88 12
1.0177401 1.2356378 -0.068780355 234 88 12
1.0653533 1.4456816 0.15069598 234 88 12
1.0551811 1.421198 0.12259125 234 88 12
1.0534574 1.4091586 0.10999937 234 88 12
1.0467319 1.3791274 0.077681139 234 88 12
1.028144 1.3400388 0.031931698 234 88 12
1.0398059 1.2124369 -0.090313956 234 88 12
1.0192751 1.2293677 -0.081205264 234 88 12
1.0145515 1.2301202 -0.082228176 234 88 12
1.0011966 1.2228674 -0.09442772 234 88 12
1.0846303 1.4746555 0.18150997 234 88 12
1.055437 1.4457514 0.14164461 234 88 12
1.040912 1.3974859 0.087976471 234 88 12
1.0117091 1.3455902 0.025150627 234 88 12
0.99470216 1.197227 -0.12939979 234 88 12
1.0651543 1.4740083 0.16829555 234 88 12
1.0620037 1.4724482 0.16553287 234 88 12
1.0556149 1.4694378 0.16008487 234 88 12
1.023061 1.3918821 0.069812454 234 88 12
1.0199006 1.3857197 0.062422052 234 88 12
1.0165431 1.38067 0.056074791 234 88 12
1.0018446 1.2341986 -0.096667103 234 88 12
0.99481118 1.2060813 -0.12758584 234 88 12
1.0514828 1.4775373 0.1613991 234 88 12
1.0437049 1.4610358 0.14174698 234 88 12
1.0407301 1.4572726 0.13680683 234 88 12
1.0240684 1.4194076 0.092164718 234 88 12
1.0043967 1.3884614 0.053368676 234 88 12
0.9974786 1.3774086 0.039553609 234 88 12
1.0683615 1.5003685 0.18583259 234 88 12
1.0559963 1.4949068 0.17552705 234 88 12
1.0382485 1.4776752 0.15118057 234 88 12
1.0235238 1.4562069 0.12368499 234 88 12
0.99257767 1.393276 0.047778334 234 88 12
0.98146564 1.3811266 0.031150611 234 88 12
1.0338492 1.4880707 0.15479532 234 88 12
1.0287186 1.4754254 0.13986816 234 88 12
1.0191344 1.4669712 0.12751009 234 88 12
1.0162559 1.4612354 0.1205263 234 88 12
1.0011078 1.4315158 0.084249698 234 88 12
0.98475999 1.398258 0.043887697 234 88 12
1.4972032 1.2178944 0.14099683 234 88 12
1.4807755 1.2165195 0.12489101 234 88 12
1.2039508 1.1742675 0.088956669 234 88 12
1.1476626 1.1610154 0.069207244 234 88 12
1.1373384 1.1380522 0.069207244 234 88 12
1.0582119 1.1691647 0.031796481 234 88 12
1.0649424 1.1795667 0.019693417 234 88 12
1.0498762 1.1460563 0.019693417 234 88 12
1.6532493 1.1136533 0.097049758 234 88 12
1.0547446 1.1675086 0.0067594838 234 88 12
1.1492609 1.1333256 -0.0052778302 234 88 12
1.5165104 1.1107801 0.037965257 234 88 12
1.0444833 1.175952 -0.031722903 234 88 12
1.5068402 1.1098969 0.022925436 234 88 12
1.0565525 1.1532941 -0.041558158 234 88 12
1.5101714 1.0963553 0.0099775447 234 88 12
1.5858992 1.0572 0.020014564 234 88 12
1.0478736 1.1744277 -0.05574201 234 88 12
1.4820279 1.1206851 -0.0080655972 234 88 12
1.4845031 1.1081444 -0.0072215921 234 88 12
1.0018775 1.2158608 -0.074451976 234 88 12
1.0510033 1.1728985 -0.079786189 234 88 12
1.0694933 1.1510937 -0.077041589 234 88 12
1.5198842 1.0554429 -0.029179757 234 88 12
1.0003151 1.2034943 -0.098010965 234 88 12
1.1198722 1.1396527 -0.084148467 234 88 12
1.4938624 1.1306446 -0.048801221 234 88 12
1.4800764 1.1180743 -0.049561806 234 88 12
1.4689922 1.0804763 -0.04901766 234 88 12
1.0725873 1.1606479 -0.101732 234 88 12
1.4801486 1.1046919 -0.062786631 234 88 12
1.4745142 1.0921599 -0.062786631 234 88 12
1.4709098 1.079614 -0.062603377 234 88 12
1.5295881 1.0278637 -0.055228196 234 88 12
1.0365632 1.1795864 -0.14202726 234 88 12
1.0985354 1.1474895 -0.13595116 234 88 12
1.203494 1.2154931 -0.15520613 234 88 12
1.203431 1.1911521 -0.17960407 234 88 12
1.2103491 1.2018442 -0.19204465 234 88 12
1.2321755 1.212967 -0.20362164 234 88 12
1.3517582 1.2025921 -0.40313253 234 88 12
1.3525593 1.2008981 -0.42871973 234 88 12
1.3618886 1.1894138 -0.42876273 234 88 12
1.0995693 1.6177164 0.25574222 234 88 12
1.2291665 1.5710957 0.28774774 234 88 12
1.0917785 1.5712786 0.23151225 234 88 12
1.1462551 1.5319432 0.24268314 234 88 12
1.1951214 1.5264392 0.25587317 234 88 12
1.2165062 1.521329 0.26135781 234 88 12
1.2984321 1.516665 0.283957 234 88 12
1.0656203 1.6280034 0.21324971 234 88 12
1.0617194 1.6057618 0.20983024 234 88 12
1.060945 1.5474603 0.20349474 234 88 12
1.084296 1.5256411 0.20769708 234 88 12
1.2760211 1.4610581 0.25422749 234 88 12
1.3353561 1.459749 0.27058843 234 88 12
1.4085457 1.4660852 0.29160425 234 88 12
1.5803769 1.5109465 0.34409195 234 88 12
1.0551207 1.5797552 0.18849963 234 88 12
1.0623641 1.5084897 0.18310814 234 88 12
1.129196 1.459218 0.19633341 234 88 12
1.4265497 1.396073 0.27133429 234 88 12
1.0140568 1.5482086 0.1574596 234 88 12
1.0151845 1.5301008 0.15591609 234 88 12
1.1547825 1.4175683 0.18217362 234 88 12
1.1750722 1.4118245 0.18707323 234 88 12
1.2128074 1.398051 0.19587016 234 88 12
1.3312768 1.3759941 0.22565046 234 88 12
1.381605 1.3676362 0.23840512 234 88 12
1.00113 1.5181909 0.13452704 234 88 12
1.0160037 1.4912341 0.13577898 234 88 12
1.0257683 1.4793515 0.13718602 234 88 12
1.4775723 1.3248513 0.242071 234 88 12
1.5155569 1.3268956 0.25240195 234 88 12
1.1367996 1.3838996 0.14052741 234 88 12
1.168777 1.3669535 0.14724852 234 88 12
1.2681081 1.3345655 0.17013517 234 88 12
1.3858036 1.309286 0.19855219 234 88 12
1.4128405 1.305719 0.20530234 234 88 12
1.5481627 1.3045549 0.24074306 234 88 12
0.99756783 1.4933082 0.098568045 234 88 12
1.0366591 1.4275525 0.10226236 234 88 12
1.1184771 1.3704975 0.11787153 234 88 12
1.2607696 1.3098197 0.14878665 234 88 12
1.281212 1.3032662 0.15343957 234 88 12
0.99810934 1.4733269 0.080599308 234 88 12
1.003371 1.4400091 0.078732267 234 88 12
1.0233532 1.4168408 0.081599176 234 88 12
1.0730565 1.3763468 0.09038084 234 88 12
1.1716353 1.3284879 0.11092445 234 88 12
1.5254091 1.2503927 0.19367266 234 88 12
1.5633951 1.2516098 0.20348273 234 88 12
1.1075951 1.3419871 0.079548977 234 88 12
1.1410143 1.3263632 0.086467452 234 88 12
1.1258492 1.1892965 0.069646217 234 88 12
1.364607 1.2551137 0.1359145 234 88 12
1.6069258 1.2347597 0.19489956 234 88 12
1.0211138 1.375443 0.044973854 234 88 12
1.0472083 1.3562608 0.049642291 234 88 12
1.0744708 1.3375137 0.05464055 234 88 12
1.1780274 1.3111534 0.077819526 234 88 12
0.99163419 1.4085828 0.024872288 234 88 12
1.0304151 1.3436964 0.028355753 234 88 12
1.1073248 1.3205709 0.044982746 234 88 12
1.0481571 1.1582651 0.015609874 234 88 12
1.4561708 1.2283708 0.1215677 234 88 12
1.4714055 1.2176198 0.12429319 234 88 12
1.5527894 1.1845324 0.1410941 234 88 12
1.6373488 1.1899585 0.16221535 234 88 12
1.0253433 1.3388588 0.010791829 234 88 12
1.0638009 1.3276873 0.019013846 234 88 12
1.0056449 1.2014548 -0.0063949586 234 88 12
1.4277537 1.2305928 0.097607151 234 88 12
1.4738207 1.1988151 0.1057883 234 88 12
1.5290506 1.1710531 0.11653376 234 88 12
1.5495088 1.1626298 0.12068277 234 88 12
0.99442291 1.3529381 -0.011097062 234 88 12
1.0229597 1.3357971 -0.0058808741 234 88 12
1.1168385 1.2873141 0.011984736 234 88 12
1.0479188 1.1909729 -0.012905857 234 88 12
1.4660963 1.1936361 0.086187467 234 88 12
1.5050615 1.157455 0.092169613 234 88 12
1.0793284 1.3348231 -0.0086281626 234 88 12
1.0414326 1.1682206 -0.032080337 234 88 12
1.0666562 1.1482394 -0.027966667 234 88 12
1.3856099 1.2237328 0.05287727 234 88 12
1.4423041 1.1986297 0.063863471 234 88 12
1.4952065 1.1513506 0.072019391 234 88 12
1.5291716 1.131186 0.078150876 234 88 12
1.0521175 1.3519566 -0.029317306 234 88 12
1.0413141 1.1844926 -0.046266735 234 88 12
1.2356645 1.1925551 -0.0010706624 234 88 12
1.397203 1.2103724 0.037455894 234 88 12
1.4777173 1.1600909 0.051544309 234 88 12
1.3043698 1.5744787 0.030612612 234 88 12
1.0519788 1.1722022 -0.060453128 234 88 12
1.4745481 1.1574926 0.033485092 234 88 12
1.5372989 1.0958772 0.042380486 234 88 12
1.6224538 1.0816555 0.060353257 234 88 12
1.4364895 1.5608077 0.041730188 234 88 12
1.0094955 1.2501062 -0.078870796 234 88 12
1.0695521 1.1465305 -0.074228123 234 88 12
1.0804479 1.1354791 -0.072738364 234 88 12
1.3817534 1.1996804 -0.0006066591 234 88 12
1.5105623 1.1002407 0.019615626 234 88 12
1.3040035 1.5513195 -0.0053497297 234 88 12
1.329929 1.5489746 0.00010639187 234 88 12
1.0668603 1.161271 -0.089108013 234 88 12
1.4308264 1.1883938 -0.007570921 234 88 12
1.4503782 1.1615118 -0.0055221138 234 88 12
1.4663492 1.1513166 -0.0028807917 234 88 12
1.472491 1.1358302 -0.0028164757 234 88 12
1.4979399 1.0929648 -0.00079752918 234 88 12
1.5258464 1.0697789 0.0033757773 234 88 12
1.5527362 1.0645304 0.008803132 234 88 12
1.2658846 1.5436029 -0.031022416 234 88 12
1.0151744 1.2510161 -0.10839435 234 88 12
1.0078169 1.1939414 -0.11458655 234 88 12
1.1063304 1.1309323 -0.098578513 234 88 12
1.4365656 1.1905606 -0.023011394 234 88 12
1.5002135 1.0747086 -0.018746236 234 88 12
1.5148646 1.063511 -0.016513234 234 88 12
1.529256 1.0521001 -0.014353139 234 88 12
1.5891813 1.0442849 -0.0021477125 234 88 12
1.2440139 1.5464886 -0.052082635 234 88 12
1.340211 1.5329707 -0.032901376 234 88 12
1.3658789 1.5301629 -0.027719785 234 88 12
1.3971596 1.5307609 -0.021085614 234 88 12
1.0092213 1.2109529 -0.12819581 234 88 12
1.1624939 1.1448122 -0.10117967 234 88 12
1.4683279 1.0947052 -0.040764667 234 88 12
1.4756079 1.0799305 -0.040406268 234 88 12
1.0917864 1.4054285 -0.11116187 234 88 12
1.3198034 1.5180377 -0.055184085 234 88 12
1.4471713 1.5217135 -0.028542174 234 88 12
1.1665131 1.1460607 -0.11596104 234 88 12
1.470809 1.0951862 -0.056970917 234 88 12
1.4766582 1.0796927 -0.056970917 234 88 12
1.520149 1.0461529 -0.050591987 234 88 12
1.2756852 1.5067592 -0.081768751 234 88 12
1.0791746 1.2519248 -0.14127293 234 88 12
1.0849814 1.1674626 -0.14657459 234 88 12
1.1014643 1.1597635 -0.14381482 234 88 12
1.0787083 1.4300746 -0.14340374 234 88 12
1.2534499 1.4905396 -0.1039584 234 88 12
1.3877373 1.500578 -0.07639084 234 88 12
1.0958103 1.1727679 -0.15938401 234 88 12
1.0895516 1.435786 -0.15651909 234 88 12
1.2832212 1.4894475 -0.11458132 234 88 12
1.237157 1.4766898 -0.14081018 234 88 12
1.3298337 1.4798551 -0.1227465 234 88 12
1.3600132 1.4799362 -0.11693319 234 88 12
1.4251133 1.4823159 -0.10423316 234 88 12
1.1266257 1.1888219 -0.18299291 234 88 12
1.4158142 1.4750543 -0.12339898 234 88 12
1.2460392 1.2225218 -0.17346132 234 88 12
1.2473577 1.4614614 -0.17235686 234 88 12
1.3318876 1.4591014 -0.15686308 234 88 12
1.293165 1.4518852 -0.18082508 234 88 12
1.3492944 1.4496268 -0.17078294 234 88 12
1.3667141 1.4400949 -0.18475682 234 88 12
1.1822845 1.4514512 -0.23263852 234 88 12
1.4395591 1.4262981 -0.18938954 234 88 12
1.1600057 1.4904432 -0.24968442 234 88 12
1.1626558 1.4737509 -0.25030887 234 88 12
1.1692172 1.4596896 -0.25009468 234 88 12
1.2822541 1.4765527 -0.24577305 234 88 12
1.2548784 1.3464996 -0.27436164 234 88 12
1.2577481 1.3469568 -0.28961122 234 88 12
1.3022382 1.3008834 -0.28526446 234 88 12
1.1842742 1.3002863 -0.31960952 234 88 12
1.267808 1.2959853 -0.32238528 234 88 12
1.2501918 1.2841657 -0.34128061 234 88 12
1.293905 1.274171 -0.33529243 234 88 12
1.2657253 1.220595 -0.35798562 234 88 12
1.1738974 1.3065304 -0.38186941 234 88 12
1.2604039 1.2341917 -0.37340534 234 88 12
1.1720722 1.3041064 -0.39739656 234 88 12
1.181682 1.2569808 -0.39853811 234 88 12
1.2602828 1.2508129 -0.38789621 234 88 12
1.2657901 1.2362252 -0.38789621 234 88 12
1.2916822 1.2156214 -0.38536894 234 88 12
1.3464428 1.2280388 -0.39267015 234 88 12
1.1448429 1.2846593 -0.43212724 234 88 12
1.2412293 1.2372773 -0.42171547 234 88 12
1.2663829 1.2343341 -0.41852656 234 88 12
1.3503829 1.2292303 -0.40764064 234 88 12
1.1886222 1.2751633 -0.44182554 234 88 12
1.2230234 1.2430058 -0.43894932 234 88 12
1.302377 1.2363938 -0.4290188 234 88 12
1.2649974 1.3204651 -0.44505543 234 88 12
1.2761992 1.2901558 -0.46035069 234 88 12
1.2992836 1.2680923 -0.45854509 234 88 12
1.3756242 1.2404581 -0.4504796 234 88 12
1.307542 1.2718135 -0.47266868 234 88 12
1.4780217 1.4929574 0.31632829 234 88 12
1.3870049 1.411516 0.26627311 234 88 12
1.543358 1.344098 0.26397264 234 88 12
1.1605624 1.5692787 0.26801077 234 88 12
1.2119704 1.519171 0.25971025 234 88 12
1.5003083 1.3111238 0.23289126 234 88 12
1.229813 1.4130546 0.21530885 234 88 12
1.3626661 1.343436 0.21012105 234 88 12
1.5500926 1.2694432 0.20925929 234 88 12
1.5884557 1.2676013 0.21262901 234 88 12
1.276017 1.3617628 0.18893522 234 88 12
1.3448879 1.3163651 0.18383874 234 88 12
1.4502088 1.2687935 0.18178682 234 88 12
1.0462203 1.5382644 0.1948745 234 88 12
1.1494091 1.4089012 0.17146355 234 88 12
1.2114862 1.3506129 0.16243844 234 88 12
1.26995 1.3207927 0.16043204 234 88 12
1.3425689 1.2833675 0.15784016 234 88 12
1.3591709 1.2793311 0.15841798 234 88 12
1.4071151 1.2641013 0.15916137 234 88 12
1.4237109 1.2599614 0.15971181 234 88 12
1.697307 1.2290177 0.1784467 234 88 12
1.0875586 1.4357091 0.15509766 234 88 12
1.1741194 1.3528947 0.14230491 234 88 12
1.2428648 1.3087463 0.13766225 234 88 12
1.4665478 1.2391706 0.14145719 234 88 12
1.5206825 1.2043326 0.13778269 234 88 12
1.1166401 1.3862762 0.12821956 234 88 12
1.6533955 1.14626 0.11882444 234 88 12
1.0727197 1.4103624 0.11306123 234 88 12
1.0967797 1.3855515 0.10916673 234 88 12
1.2828375 1.2848928 0.10163505 234 88 12
1.3488749 1.2692722 0.10394064 234 88 12
1.3838947 1.264466 0.10602441 234 88 12
1.4018826 1.2627348 0.10727736 234 88 12
1.4137176 1.2512798 0.10554725 234 88 12
1.4402202 1.233019 0.10350305 234 88 12
1.4627738 1.208975 0.09965758 234 88 12
1.6014413 1.1307763 0.093257189 234 88 12
1.0487685 1.4013489 0.091662169 234 88 12
1.0595262 1.3865639 0.089046963 234 88 12
1.0926852 1.1478702 0.033889156 234 88 12
1.1375555 1.1640652 0.041969892 234 88 12
1.4645509 1.1852146 0.077234186 234 88 12
1.5384786 1.1257696 0.069543704 234 88 12
1.5823776 1.1066498 0.068922691 234 88 12
1.6342673 1.0985863 0.07173375 234 88 12
1.0050924 1.4253718 0.076591991 234 88 12
1.0176659 1.4139096 0.074979454 234 88 12
1.0753053 1.3482867 0.064446956 234 88 12
1.1035044 1.3325059 0.063213974 234 88 12
1.1167681 1.3231387 0.062167071 234 88 12
1.0947217 1.1532644 0.019376678 234 88 12
1.1158533 1.1592009 0.022717927 234 88 12
1.248665 1.2007775 0.044741981 234 88 12
1.3962163 1.2284055 0.06475278 234 88 12
1.44949 1.19359 0.061222229 234 88 12
1.4617893 1.1834671 0.059906431 234 88 12
1.5053943 1.1354924 0.052339442 234 88 12
1.5153092 1.1223146 0.050073899 234 88 12
1.6049998 1.0874226 0.049826398 234 88 12
0.98367941 1.4575554 0.065430284 234 88 12
1.0446116 1.1922803 0.0081582507 234 88 12
1.1563828 1.1693791 0.012719824 234 88 12
1.1783235 1.176172 0.016283803 234 88 12
1.3903707 1.2215034 0.045924719 234 88 12
1.4560834 1.1772652 0.041331686 234 88 12
1.5098821 1.1169537 0.031875696 234 88 12
1.3272369 1.2126423 0.021724185 234 88 12
1.3523052 1.2229489 0.026324337 234 88 12
1.414037 1.201931 0.026856693 234 88 12
1.5369567 1.0771198 0.0086139049 234 88 12
0.97880232 1.4133025 0.021124812 234 88 12
1.0843768 1.3359035 0.012529301 234 88 12
1.0906819 1.1514399 -0.029161088 234 88 12
1.1431892 1.1503596 -0.024869626 234 88 12
1.3216379 1.2057793 0.0032448319 234 88 12
1.3805407 1.2105818 0.0094360812 234 88 12
1.4340997 1.1772906 0.0064433427 234 88 12
1.4750464 1.1260438 -0.0017508095 234 88 12
1.5249996 1.062699 -0.01193642 234 88 12
1.5718714 1.0494124 -0.0109269 234 88 12
1.6215714 1.0398045 -0.0088306097 234 88 12
1.2611809 1.1993461 -0.019689593 234 88 12
1.2856653 1.2094699 -0.015326804 234 88 12
1.3087146 1.216993 -0.011671902 234 88 12
1.3487443 1.2216649 -0.0072151851 234 88 12
1.4471432 1.1709329 -0.010274956 234 88 12
1.0739094 1.156391 -0.061061814 234 88 12
1.1618582 1.1556288 -0.053873669 234 88 12
1.2806295 1.2032921 -0.033377379 234 88 12
1.4492394 1.1764852 -0.025212605 234 88 12
1.0068781 1.3654504 -0.036747862 234 88 12
1.0621008 1.1684058 -0.075139895 234 88 12
1.4653395 1.0916144 -0.058700871 234 88 12
1.4961947 1.0824378 -0.058162171 234 88 12
1.0863075 1.1507223 -0.092677832 234 88 12
1.1510848 1.140927 -0.089537196 234 88 12
1.2823056 1.2102222 -0.06407968 234 88 12
0.99655521 1.2451642 -0.095557943 234 88 12
1.0290253 1.1750692 -0.10773635 234 88 12
1.1145887 1.1405686 -0.10819905 234 88 12
1.1523226 1.1449344 -0.10428008 234 88 12
1.1806526 1.1630362 -0.098216318 234 88 12
1.284382 1.2157221 -0.078876376 234 88 12
1.0887688 1.1586026 -0.12207343 234 88 12
1.1165996 1.145895 -0.12252878 234 88 12
1.2864584 1.221222 -0.093673065 234 88 12
1.0617187 1.1744739 -0.13649786 234 88 12
1.2012314 1.1715574 -0.12638378 234 88 12
1.0844319 1.4178841 -0.10173934 234 88 12
1.0639268 1.1801586 -0.15074761 234 88 12
1.1422983 1.1636852 -0.14812924 234 88 12
1.3055068 1.2265983 -0.12326646 234 88 12
1.2286962 1.1935672 -0.16721456 234 88 12
1.085315 1.4242479 -0.14959125 234 88 12
1.155044 1.1913509 -0.18859877 234 88 12
1.3450323 1.4882162 -0.11899649 234 88 12
1.2671649 1.2297266 -0.17335901 234 88 12
1.2055614 1.512776 -0.14108598 234 88 12
1.2464592 1.257921 -0.18543662 234 88 12
1.1306391 1.4440566 -0.17544581 234 88 12
1.3293012 1.4651394 -0.15799014 234 88 12
1.4683548 1.4430141 -0.1692673 234 88 12
1.1558802 1.4618574 -0.21966651 234 88 12
1.2486856 1.461889 -0.21366973 234 88 12
1.2922709 1.251454 -0.24684045 234 88 12
1.1419729 1.4719402 -0.23516074 234 88 12
1.2826377 1.237532 -0.26552239 234 88 12
1.145119 1.479504 -0.25000092 234 88 12
1.2846889 1.2429655 -0.28014022 234 88 12
1.3499713 1.2903366 -0.26833382 234 88 12
1.2412483 1.3247741 -0.28526101 234 88 12
1.2784146 1.2951175 -0.28776762 234 88 12
1.3865511 1.3218478 -0.27693027 234 88 12
1.2302233 1.3075945 -0.30440938 234 88 12
1.2262073 1.3025321 -0.32109958 234 88 12
1.2789478 1.2999942 -0.31843418 234 88 12
1.2719547 1.2278897 -0.32990128 234 88 12
1.4119825 1.3371679 -0.3050257 234 88 12
1.2029383 1.2969711 -0.35438585 234 88 12
1.2511231 1.2873517 -0.35313046 234 88 12
1.4102033 1.2218431 -0.35392869 234 88 12
1.2255148 1.2760791 -0.37163243 234 88 12
1.1643533 1.2952262 -0.38757503 234 88 12
1.2041801 1.2718242 -0.3887423 234 88 12
1.218748 1.2663243 -0.3887423 234 88 12
1.3067067 1.2342291 -0.38858715 234 88 12
1.3896025 1.2225163 -0.38585475 234 88 12
1.3449073 1.2110369 -0.40509176 234 88 12
1.1379079 1.2828972 -0.42116469 234 88 12
1.1767949 1.258507 -0.42245248 234 88 12
1.2582959 1.2467744 -0.41992748 234 88 12
1.3296686 1.2486062 -0.43141639 234 88 12
1.3002602 1.2612512 -0.44648615 234 88 12
1.3652467 1.2499833 -0.44481736 234 88 12
1.4109422 1.264917 -0.44076887 234 88 12
1.2751796 1.2830142 -0.47543564 234 88 12
1.3065956 1.2757775 -0.47488552 234 88 12
1.2017214 1.5547749 0.2639325 234 88 12
1.1500142 1.5690964 0.25597495 234 88 12
1.0694934 1.5796577 0.22022159 234 88 12
1.1336995 1.4641165 0.19752011 234 88 12
1.170637 1.4326569 0.18996388 234 88 12
1.206426 1.3922694 0.1810853 234 88 12
1.0821235 1.5081244 0.19385818 234 88 12
1.0949938 1.4850051 0.18941742 234 88 12
1.132648 1.4384357 0.17966218 234 88 12
1.1694025 1.4112353 0.17294477 234 88 12
1.1068103 1.451254 0.16945015 234 88 12
1.1316442 1.4181876 0.1628128 234 88 12
1.1560407 1.3949978 0.15768704 234 88 12
1.0417981 1.5072988 0.16799268 234 88 12
1.1428679 1.3896554 0.14410208 234 88 12
1.1788188 1.3555532 0.13673854 234 88 12
1.1174424 1.390866 0.13225311 234 88 12
1.1657797 1.3480737 0.12303057 234 88 12
1.2127484 1.3147166 0.11524455 234 88 12
1.1043837 1.1450117 0.08512117 234 88 12
1.1527662 1.3405335 0.10933993 234 88 12
1.1646415 1.3301777 0.10715248 234 88 12
1.2233926 1.3061593 0.10012353 234 88 12
1.040387 1.4400737 0.1162884 234 88 12
1.0804657 1.1363839 0.072594039 234 88 12
1.1498348 1.1675719 0.072594039 234 88 12
1.1615787 1.1847948 0.07421612 234 88 12
1.2107913 1.3070965 0.08782196 234 88 12
1.222574 1.3079802 0.087222509 234 88 12
1.1028075 1.134307 0.058182422 234 88 12
1.1143234 1.1394845 0.058182422 234 88 12
1.2068473 1.19533 0.060066912 234 88 12
1.000146 1.4539655 0.09252166 234 88 12
1.0671853 1.1466213 0.049078941 234 88 12
1.0260983 1.3968489 0.069880314 234 88 12
1.0390482 1.3740637 0.066299133 234 88 12
1.0546043 1.1560274 0.038128961 234 88 12
1.0257303 1.3755035 0.05353301 234 88 12
1.1695273 1.1706556 0.020749321 234 88 12
1.0530033 1.1595883 0.012902172 234 88 12
1.1802514 1.1775944 0.0082716206 234 88 12
1.2148013 1.1932073 0.0082809934 234 88 12
1.0639948 1.1537176 -0.0011954152 234 88 12
1.2255256 1.2001462 -0.0041969819 234 88 12
1.1671517 1.1759394 -0.01668378 234 88 12
1.0507989 1.1521058 -0.026326614 234 88 12
1.0972559 1.1500822 -0.028790424 234 88 12
1.1316537 1.1396624 -0.031574108 234 88 12
1.2124234 1.1984106 -0.029161481 234 88 12
1.0125479 1.2430792 -0.027864769 234 88 12
1.0848978 1.1532049 -0.040597681 234 88 12
1.1308668 1.1414127 -0.043974295 234 88 12
1.1882827 1.1757563 -0.043086998 234 88 12
1.2116315 1.2001718 -0.041639179 234 88 12
1.0138581 1.161393 -0.049290046 234 88 12
1.0492616 1.1519884 -0.051835231 234 88 12
1.0608591 1.1564493 -0.051910937 234 88 12
1.1186354 1.1380178 -0.056374479 234 88 12
1.0251176 1.1509346 -0.063647173 234 88 12
1.0243192 1.1527107 -0.076229677 234 88 12
1.1399004 1.1464601 -0.081672885 234 88 12
1.1856101 1.1670109 -0.081672885 234 88 12
1.1973879 1.1861773 -0.080375917 234 88 12
1.1505421 1.1533455 -0.094054706 234 88 12
1.1733969 1.1636209 -0.094054706 234 88 12
1.1962517 1.1738963 -0.094054706 234 88 12
1.2080706 1.1930892 -0.092805557 234 88 12
1.0107216 1.1657654 -0.1001059 234 88 12
1.1154877 1.1450189 -0.10597523 234 88 12
1.1840385 1.1705064 -0.10643654 234 88 12
1.0099198 1.1675487 -0.11273969 234 88 12
1.0917494 1.1520586 -0.1170797 234 88 12
1.1032538 1.1446903 -0.11812076 234 88 12
1.2061076 1.1825294 -0.11881836 234 88 12
1.056084 1.1667285 -0.12725979 234 88 12
1.0678107 1.1585865 -0.12832658 234 88 12
1.1481848 1.1585886 -0.13120018 234 88 12
0.99585009 1.1925433 -0.13595161 234 88 12
1.031642 1.1813192 -0.1380288 234 88 12
1.0785592 1.1655411 -0.14083268 234 88 12
1.0424993 1.1883442 -0.15066162 234 88 12
1.0544226 1.1750621 -0.15201442 234 88 12
1.0660255 1.1800116 -0.15203381 234 88 12
1.1812296 1.1937908 -0.1547924 234 88 12
1.2151777 1.1929103 -0.15596384 234 88 12
1.0300326 1.1851662 -0.16327487 234 88 12
1.0768249 1.1872667 -0.16458321 234 88 12
1.1231116 1.183652 -0.1662707 234 88 12
1.1692019 1.204374 -0.1662707 234 88 12
1.1920872 1.2079014 -0.16673785 234 88 12
1.0876068 1.1982448 -0.17688966 234 88 12
1.2135078 1.221761 -0.1916613 234 88 12
1.1946992 1.471815 -0.20254126 234 88 12
1.1438498 1.4599761 -0.22889253 234 88 12
1.1927876 1.465621 -0.22968295 234 88 12
1.2049611 1.4671439 -0.22987384 234 88 12
1.1675707 1.4676571 -0.24248299 234 88 12
1.0689645 1.2714081 -0.27510047 234 88 12
1.0681988 1.2686299 -0.2880623 234 88 12
1.0673873 1.2704349 -0.30084923 234 88 12
1.1937836 1.2920368 -0.34008044 234 88 12
1.2053276 1.2925043 -0.34017894 234 88 12
1.202666 1.2878453 -0.37817022 234 88 12
1.1555624 1.2833575 -0.39066026 234 88 12
1.1889343 1.2632458 -0.40344712 234 88 12
1.1870065 1.2511894 -0.42843735 234 88 12
1.1976231 1.2541766 -0.44087824 234 88 12
1.6179814 1.4986567 0.31782931 234 88 12
1.6165423 1.5031823 0.31731087 234 88 12
1.6070551 1.5065136 0.31834483 234 88 12
1.6220951 1.5043293 0.31430849 234 88 12
1.6193879 1.5070366 0.31430849 234 88 12
1.5975122 1.5162526 0.31640202 234 88 12
1.5933768 1.5142143 0.31742299 234 88 12
1.6221915 1.5044258 0.31239903 234 88 12
1.5934786 1.5204827 0.31445917 234 88 12
1.5851909 1.5165887 0.31644207 234 88 12
1.62494 1.4884467 0.31263983 234 88 12
1.6222974 1.4980111 0.31153107 234 88 12
1.6128126 1.5139976 0.31048959 234 88 12
1.6072737 1.5130347 0.31153107 234 88 12
1.626417 1.4871662 0.31069496 234 88 12
1.6236596 1.4899236 0.31069496 234 88 12
1.6128342 1.5076689 0.30960447 234 88 12
1.6019137 1.5155061 0.31009036 234 88 12
1.6223791 1.4914006 0.30875012 234 88 12
1.6160088 1.4990153 0.30855721 234 88 12
1.6318376 1.470858 0.30852434 234 88 12
1.6295367 1.4708737 0.30887261 234 88 12
1.6183411 1.4956349 0.30680525 234 88 12
1.6078485 1.5073718 0.30661565 234 88 12
1.5987419 1.5114347 0.30738428 234 88 12
1.5973561 1.5128205 0.30738428 234 88 12
1.5959703 1.5142063 0.30738428 234 88 12
1.5911618 1.5175697 0.30760452 234 88 12
1.5696483 1.5167251 0.31101182 234 88 12
1.6548713 1.4571344 0.30518499 234 88 12
1.6552473 1.4615368 0.3044692 234 88 12
1.6497725 1.4707057 0.30391583 234 88 12
1.6484056 1.4720727 0.30391583 234 88 12
1.6456717 1.4748065 0.30391583 234 88 12
1.6374702 1.483008 0.30391583 234 88 12
1.6318922 1.4848919 0.3044692 234 88 12
1.6262625 1.4868023 0.30502632 234 88 12
1.6221248 1.4875776 0.30553004 234 88 12
1.6207378 1.4889646 0.30553004 234 88 12
1.5982034 1.510726 0.30564582 234 88 12
1.5927423 1.5101528 0.30654973 234 88 12
1.5821126 1.5127882 0.30774727 234 88 12
1.5754715 1.5111055 0.30899414 234 88 12
1.5477259 1.5198745 0.31183678 234 88 12
1.6563526 1.4558501 0.30323443 234 88 12
1.6443471 1.4797176 0.3014884 234 88 12
1.6334668 1.4872062 0.30198762 234 88 12
1.6068403 1.4962542 0.30457512 234 88 12
1.5984414 1.5046532 0.30457512 234 88 12
1.5878724 1.5072298 0.30575156 234 88 12
1.558974 1.5169017 0.30858165 234 88 12
1.5546217 1.5212541 0.30858165 234 88 12
1.545912 1.5239825 0.30946207 234 88 12
1.534934 1.5275549 0.31055215 234 88 12
1.6223168 1.4911414 0.30113077 234 88 12
1.6059672 1.4950435 0.30293065 234 88 12
1.6017549 1.4992558 0.30293065 234 88 12
1.6003509 1.5006598 0.30293065 234 88 12
1.5893676 1.5026958 0.30422437 234 88 12
1.5680236 1.5117102 0.30600721 234 88 12
1.5648804 1.511202 0.30653515 234 88 12
1.5532743 1.5228081 0.30653515 234 88 12
1.5474781 1.5226247 0.30739978 234 88 12
1.5387063 1.5313965 0.30739978 234 88 12
1.6321858 1.4851855 0.29865533 234 88 12
1.5505061 1.519805 0.30533752 234 88 12
1.5377781 1.5304488 0.30563346 234 88 12
1.5336685 1.529241 0.30638847 234 88 12
1.5225134 1.52999 0.30786607 234 88 12
1.6469105 1.4620452 0.29791766 234 88 12
1.6469687 1.4658251 0.29738271 234 88 12
1.615593 1.4848418 0.29910541 234 88 12
1.6066654 1.4892747 0.29973191 234 88 12
1.5975472 1.4936515 0.30039281 234 88 12
1.5910352 1.4982984 0.30065277 234 88 12
1.5703681 1.5049874 0.30260116 234 88 12
1.5569389 1.511497 0.30356565 234 88 12
1.5510753 1.5173604 0.30356565 234 88 12
1.5466778 1.5217581 0.30356565 234 88 12
1.5337737 1.5293461 0.30430666 234 88 12
1.5241152 1.5286012 0.30575678 234 88 12
1.6344999 1.474654 0.29595697 234 88 12
1.567757 1.4954283 0.3022446 234 88 12
1.5633287 1.4998567 0.3022446 234 88 12
1.5618527 1.5013328 0.3022446 234 88 12
1.5444286 1.5162951 0.30258134 234 88 12
1.5399864 1.5207372 0.30258134 234 88 12
1.6521963 1.4520679 0.2946789 234 88 12
1.6298562 1.4709886 0.29513767 234 88 12
1.6256386 1.4752064 0.29513767 234 88 12
1.5831751 1.4915146 0.29864705 234 88 12
1.5634339 1.4999619 0.3001624 234 88 12
1.5379741 1.5186192 0.30107513 234 88 12
1.5232698 1.5277675 0.30182058 234 88 12
1.5159032 1.5324503 0.30218068 234 88 12
1.649497 1.4549665 0.29270473 234 88 12
1.6480975 1.4563661 0.29270473 234 88 12
1.6424996 1.461964 0.29270473 234 88 12
1.6369015 1.4675621 0.29270473 234 88 12
1.6341742 1.466871 0.29315448 234 88 12
1.6313623 1.4696829 0.29315448 234 88 12
1.6200744 1.4739006 0.29408467 234 88 12
1.6074091 1.4800098 0.29494724 234 88 12
1.5968995 1.4826491 0.29598269 234 88 12
1.5876435 1.4872535 0.29659468 234 88 12
1.5672388 1.4947629 0.29829127 234 88 12
1.5372312 1.5147632 0.2996079 234 88 12
1.5267863 1.5222763 0.29999363 234 88 12
1.525283 1.5237796 0.29999363 234 88 12
1.5205232 1.5280447 0.30005872 234 88 12
1.5084444 1.5342059 0.30083725 234 88 12
1.6436571 1.4331576 0.29432178 234 88 12
1.6464664 1.4419928 0.29282016 234 88 12
1.6436067 1.4448526 0.29282016 234 88 12
1.6384084 1.4551985 0.29215631 234 88 12
1.6246885 1.4629343 0.29292801 234 88 12
1.6074755 1.4660625 0.29474431 234 88 12
1.6060176 1.4675205 0.29474431 234 88 12
1.5837119 1.4821224 0.29573774 234 88 12
1.5603087 1.4929975 0.29735333 234 88 12
1.5523037 1.4998767 0.29749849 234 88 12
1.5401624 1.5085704 0.29794309 234 88 12
1.5370497 1.5083476 0.29837322 234 88 12
1.5229652 1.5184106 0.29889184 234 88 12
1.5153743 1.5260015 0.29889184 234 88 12
1.5006771 1.529907 0.30028349 234 88 12
1.4991387 1.5314454 0.30028349 234 88 12
1.4908578 1.5297842 0.30156556 234 88 12
1.4799585 1.5406836 0.30156556 234 88 12
1.6508579 1.4378051 0.2908031 234 88 12
1.6409278 1.4517562 0.29029506 234 88 12
1.6308395 1.4578234 0.2908031 234 88 12
1.6014073 1.4715208 0.29279113 234 88 12
1.5808694 1.4818007 0.29408717 234 88 12
1.5756466 1.4852463 0.2943117 234 88 12
1.5604153 1.4931041 0.29524332 234 88 12
1.5584021 1.4939917 0.29538551 234 88 12
1.5232909 1.5156753 0.29708204 234 88 12
1.5161331 1.5207143 0.29734972 234 88 12
1.5122006 1.5229129 0.2975688 234 88 12
1.5007868 1.5300165 0.29811338 234 88 12
1.4978502 1.5302628 0.29845327 234 88 12
1.6003381 1.4699814 0.29108095 234 88 12
1.5795985 1.480134 0.29239091 234 88 12
1.576118 1.479068 0.29295346 234 88 12
1.5559758 1.4911209 0.29395437 234 88 12
1.5538819 1.4919459 0.29411137 234 88 12
1.5519999 1.4930265 0.29421052 234 88 12
1.5400302 1.4988934 0.29496562 234 88 12
1.5226104 1.5118872 0.29551327 234 88 12
1.5070499 1.5239725 0.29594326 234 88 12
1.4985821 1.5249733 0.29686719 234 88 12
1.4970297 1.5265256 0.29686719 234 88 12
1.4835666 1.5321476 0.29783738 234 88 12
1.4757309 1.5399834 0.29783738 234 88 12
1.4725966 1.5431176 0.29783738 234 88 12
1.4586427 1.5488486 0.29885483 234 88 12
1.4494702 1.5501069 0.29983407 234 88 12
1.6410525 1.448018 0.28676906 234 88 12
1.6249689 1.4521416 0.28821763 234 88 12
1.6177073 1.4594033 0.28821763 234 88 12
1.6133503 1.4637603 0.28821763 234 88 12
1.6077659 1.4627624 0.28901485 234 88 12
1.6060321 1.4638381 0.28909457 234 88 12
1.559278 1.4851042 0.29218158 234 88 12
1.5559692 1.4844757 0.29265845 234 88 12
1.5380664 1.4902028 0.29413319 234 88 12
1.5259315 1.4995961 0.29446521 234 88 12
1.5197349 1.5057927 0.29446521 234 88 12
1.5095596 1.5142169 0.29467732 234 88 12
1.5064547 1.5173217 0.29467732 234 88 12
1.504254 1.5182474 0.29483175 234 88 12
1.4977984 1.5212188 0.29525375 234 88 12
1.4698334 1.5378834 0.29662243 234 88 12
1.4650856 1.5426311 0.29662243 234 88 12
1.4527788 1.5470258 0.29758072 234 88 12
1.4511814 1.5486233 0.29758072 234 88 12
1.4479866 1.5518181 0.29758072 234 88 12
1.6218301 1.4471376 0.2871584 234 88 12
1.620362 1.4486057 0.2871584 234 88 12
1.6159581 1.4530097 0.2871584 234 88 12
1.6040817 1.4609728 0.28762212 234 88 12
1.5939465 1.4645141 0.28840351 234 88 12
1.5897789 1.4658575 0.28873819 234 88 12
1.5025938 1.5166459 0.29305127 234 88 12
1.4943655 1.5210311 0.29350668 234 88 12
1.4859579 1.5253633 0.29398963 234 88 12
1.4736782 1.5323648 0.29461509 234 88 12
1.6247782 1.4441581 0.28511551 234 88 12
1.6204667 1.4487102 0.28508759 234 88 12
1.598037 1.4594758 0.2864393 234 88 12
1.5943644 1.4614848 0.28663209 234 88 12
1.572114 1.4669158 0.28858119 234 88 12
1.5503637 1.4811184 0.28945586 234 88 12
1.5161203 1.5020462 0.29099894 234 88 12
1.5111021 1.506407 0.29107511 234 88 12
1.5072153 1.5087831 0.2912502 234 88 12
1.4797254 1.5227433 0.29281807 234 88 12
1.4733523 1.5291164 0.29281807 234 88 12
1.4498169 1.5417948 0.29407623 234 88 12
1.4458861 1.5444632 0.29422253 234 88 12
1.4229537 1.5499145 0.29624835 234 88 12
1.6350803 1.4258535 0.28397414 234 88 12
1.6321126 1.4288212 0.28397414 234 88 12
1.6233765 1.4418515 0.28348777 234 88 12
1.5790356 1.4547043 0.28705433 234 88 12
1.5648547 1.4680543 0.28714845 234 88 12
1.5633183 1.4695908 0.28714845 234 88 12
1.5455315 1.4753739 0.28850806 234 88 12
1.5337117 1.4852688 0.28872606 234 88 12
1.5174978 1.4970754 0.28922528 234 88 12
1.5075938 1.5028577 0.28969213 234 88 12
1.5054812 1.5039005 0.28981328 234 88 12
1.4844843 1.5148753 0.29094845 234 88 12
1.4692956 1.5225461 0.29179999 234 88 12
1.4612274 1.5306143 0.29179999 234 88 12
1.4524653 1.5381142 0.29194295 234 88 12
1.4500464 1.5390778 0.29210779 234 88 12
1.4410946 1.5465001 0.29228103 234 88 12
1.4325749 1.5456775 0.29333922 234 88 12
1.4292965 1.5489559 0.29333922 234 88 12
1.6396377 1.4215076 0.28188097 234 88 12
1.6382304 1.4231254 0.28185767 234 88 12
1.636747 1.4246089 0.28185767 234 88 12
1.5902685 1.4446125 0.28478703 234 88 12
1.5579861 1.4593122 0.28673249 234 88 12
1.5357175 1.4808507 0.28681329 234 88 12
1.5279132 1.4854234 0.28717086 234 88 12
1.5187718 1.491935 0.28746182 234 88 12
1.5032886 1.5016992 0.28809461 234 88 12
1.4922563 1.5066633 0.28876606 234 88 12
1.4890547 1.5098649 0.28876606 234 88 12
1.4871109 1.5111414 0.28883988 234 88 12
1.4742515 1.51782 0.28952375 234 88 12
1.4562415 1.5233613 0.29090339 234 88 12
1.4480561 1.5315467 0.29090339 234 88 12
1.4431449 1.5364579 0.29090339 234 88 12
1.4343308 1.5441551 0.29102695 234 88 12
1.4087778 1.5539596 0.29276949 234 88 12
1.6280335 1.4337507 0.27974159 234 88 12
1.6206182 1.441166 0.27974159 234 88 12
1.6190509 1.4425163 0.27976504 234 88 12
1.6068804 1.446502 0.28064921 234 88 12
1.5697317 1.4601811 0.28318453 234 88 12
1.5524879 1.4629928 0.28474358 234 88 12
1.5409852 1.4699465 0.28523499 234 88 12
1.527558 1.4783262 0.28578022 234 88 12
1.5243264 1.4814413 0.28579283 234 88 12
1.4829451 1.5103455 0.28714067 234 88 12
1.4784001 1.5123481 0.2874153 234 88 12
1.4430921 1.5304807 0.28927067 234 88 12
1.4259679 1.5435735 0.28970617 234 88 12
1.3949916 1.5585759 0.29143178 234 88 12
1.3863916 1.5640785 0.29176638 234 88 12
1.6327486 1.4336511 0.27718532 234 88 12
1.6312739 1.4351258 0.27718532 234 88 12
1.6129097 1.4366562 0.27895966 234 88 12
1.566357 1.4521213 0.2822364 234 88 12
1.530206 1.4745313 0.28368473 234 88 12
1.4969738 1.4953598 0.28499213 234 88 12
1.4748329 1.5090604 0.28588176 234 88 12
1.4715731 1.5123202 0.28588176 234 88 12
1.4685761 1.512715 0.28615603 234 88 12
1.4635661 1.5144358 0.28650272 234 88 12
1.4212608 1.542944 0.28795698 234 88 12
1.3981663 1.5550995 0.28910998 234 88 12
1.3964789 1.556787 0.28910998 234 88 12
1.634015 1.4113473 0.27728876 234 88 12
1.6112938 1.4340684 0.27728876 234 88 12
1.597509 1.4437382 0.27771169 234 88 12
1.5857539 1.4379919 0.27951047 234 88 12
1.5664685 1.4522327 0.28002894 234 88 12
1.5610281 1.4523629 0.28057471 234 88 12
1.5569655 1.4543453 0.28078854 234 88 12
1.5497049 1.459488 0.28100619 234 88 12
1.5289425 1.4696428 0.28209645 234 88 12
1.5229336 1.4731014 0.28235856 234 88 12
1.5098773 1.4824308 0.28274161 234 88 12
1.4958791 1.4910051 0.28329909 234 88 12
1.4942544 1.4926298 0.28329909 234 88 12
1.4858091 1.4972326 0.283694 234 88 12
1.4639767 1.5117038 0.28445056 234 88 12
1.4501495 1.5181916 0.28520492 234 88 12
1.4445707 1.5196035 0.28563318 234 88 12
1.4395685 1.5246058 0.28563318 234 88 12
1.4379011 1.5262731 0.28563318 234 88 12
1.4168495 1.5396261 0.28642443 234 88 12
1.4145304 1.5408282 0.28653923 234 88 12
1.399801 1.5476071 0.28735641 234 88 12
1.3773898 1.5523381 0.28917354 234 88 12
1.3721933 1.5575346 0.28917354 234 88 12
1.368729 1.5609989 0.28917354 234 88 12
1.3652647 1.5644633 0.28917354 234 88 12
1.6068021 1.4347883 0.27555138 234 88 12
1.5822424 1.4404907 0.27744001 234 88 12
1.570183 1.446177 0.27807832 234 88 12
1.5665505 1.4449853 0.27856147 234 88 12
1.5649718 1.446564 0.27856147 234 88 12
1.563393 1.4481428 0.27856147 234 88 12
1.5354081 1.4597591 0.28020084 234 88 12
1.5083655 1.4774498 0.2811375 234 88 12
1.503484 1.4823312 0.2811375 234 88 12
1.4618847 1.5066929 0.28286391 234 88 12
1.4575762 1.5059774 0.28336707 234 88 12
1.4525691 1.5109844 0.28336707 234 88 12
1.4509001 1.5126535 0.28336707 234 88 12
1.4492311 1.5143225 0.28336707 234 88 12
1.4264382 1.5291604 0.2841638 234 88 12
1.4202729 1.5333482 0.28436184 234 88 12
1.4129554 1.5367011 0.28475893 234 88 12
1.382919 1.5503396 0.28640124 234 88 12
1.3671203 1.5628545 0.28673011 234 88 12
1.6145219 1.4272856 0.27340409 234 88 12
1.601046 1.4219092 0.27524269 234 88 12
1.5850229 1.4330305 0.27572075 234 88 12
1.5834559 1.4345974 0.27572075 234 88 12
1.5644506 1.4421358 0.27683905 234 88 12
1.5589358 1.4459209 0.27700776 234 88 12
1.539332 1.4501997 0.27850237 234 88 12
1.5360909 1.4534409 0.27850237 234 88 12
1.5344702 1.4550614 0.27850237 234 88 12
1.5328497 1.4566821 0.27850237 234 88 12
1.5296085 1.4599233 0.27850237 234 88 12
1.5072035 1.4727944 0.27943218 234 88 12
1.5055649 1.4744329 0.27943218 234 88 12
1.5006493 1.4793485 0.27943218 234 88 12
1.4902223 1.4852813 0.27987048 234 88 12
1.4583888 1.5035464 0.28119376 234 88 12
1.4445974 1.5103385 0.28187639 234 88 12
1.4300276 1.5198704 0.28236771 234 88 12
1.4075007 1.5325929 0.28332388 234 88 12
1.4056466 1.5342007 0.28334793 234 88 12
1.4039326 1.5359147 0.28334793 234 88 12
1.3916718 1.5418326 0.28396654 234 88 12
1.3647258 1.5526524 0.28553927 234 88 12
1.3612132 1.556165 0.28553927 234 88 12
1.3506752 1.566703 0.28553927 234 88 12
1.3403441 1.5745553 0.28578103 234 88 12
1.6051724 1.4243079 0.27244717 234 88 12
1.5929692 1.4253074 0.2735104 234 88 12
1.5793865 1.4325528 0.27411181 234 88 12
1.573375 1.4317085 0.27476239 234 88 12
1.564805 1.4388428 0.27489862 234 88 12
1.5453224 1.4430621 0.27634713 234 88 12
1.5436289 1.4445968 0.27636218 234 88 12
1.5338881 1.4543376 0.27636218 234 88 12
1.5240471 1.4604584 0.27671522 234 88 12
1.5130239 1.4654084 0.27729157 234 88 12
1.5080981 1.4703342 0.27729157 234 88 12
1.5064561 1.4719762 0.27729157 234 88 12
1.5028416 1.4749074 0.27735642 234 88 12
1.4942131 1.4793535 0.27775329 234 88 12
1.4794548 1.4877697 0.27835515 234 88 12
1.4385706 1.5051522 0.28058544 234 88 12
1.433449 1.5102739 0.28058544 234 88 12
1.4300345 1.5136883 0.28058544 234 88 12
1.4043924 1.5302647 0.28144577 234 88 12
1.3955213 1.5357101 0.28177086 234 88 12
1.3679384 1.5460237 0.28340968 234 88 12
1.3391473 1.5738878 0.28349766 234 88 12
1.6316944 1.3896497 0.27103761 234 88 12
1.6348691 1.3997787 0.26981008 234 88 12
1.6256498 1.4089979 0.26981008 234 88 12
1.5836136 1.4191734 0.27274987 234 88 12
1.5646164 1.4347829 0.27306244 234 88 12
1.5392605 1.4464248 0.27432781 234 88 12
1.5170757 1.4594692 0.27517119 234 88 12
1.5097417 1.465222 0.27531707 234 88 12
1.5038925 1.4691918 0.27549049 234 88 12
1.4895512 1.4779103 0.27600932 234 88 12
1.4846002 1.4795928 0.27631089 234 88 12
1.4770211 1.4853836 0.27647588 234 88 12
1.474978 1.4866952 0.27654338 234 88 12
1.4430666 1.4994923 0.27830702 234 88 12
1.4257603 1.5132996 0.2786299 234 88 12
1.3931826 1.5279481 0.2802842 234 88 12
1.3732547 1.5407908 0.28093794 234 88 12
1.3554462 1.5583147 0.2809642 234 88 12
1.6484253 1.4073938 0.26576447 234 88 12
1.639756 1.3999499 0.26720884 234 88 12
1.6335418 1.4016039 0.26761761 234 88 12
1.6273978 1.407748 0.26761761 234 88 12
1.574348 1.4252799 0.27080137 234 88 12
1.5727451 1.4268827 0.27080137 234 88 12
1.5642319 1.4304141 0.27124792 234 88 12
1.5457156 1.4360719 0.27240053 234 88 12
1.5392708 1.4390475 0.27271152 234 88 12
1.5376277 1.4406905 0.27271152 234 88 12
1.5285202 1.4441885 0.27321434 234 88 12
1.5252131 1.4474956 0.27321434 234 88 12
1.5128425 1.4581695 0.27336642 234 88 12
1.4966559 1.4648371 0.27421969 234 88 12
1.4933066 1.4681864 0.27421969 234 88 12
1.4881004 1.4696004 0.27455962 234 88 12
1.4821697 1.4737439 0.2747198 234 88 12
1.4775653 1.4758755 0.27494147 234 88 12
1.4758755 1.4775653 0.27494147 234 88 12
1.4570442 1.4894015 0.27556849 234 88 12
1.4466082 1.4961944 0.27589506 234 88 12
1.4211962 1.5095565 0.27697518 234 88 12
1.4093922 1.518842 0.27720094 234 88 12
1.4045522 1.5181532 0.27769652 234 88 12
1.3558531 1.5498435 0.27922115 234 88 12
1.3515697 1.5529331 0.27932817 234 88 12
1.3181632 1.5758184 0.28027126 234 88 12
1.3144535 1.5793619 0.28028616 234 88 12
1.6649557 1.3909416 0.26366442 234 88 12
1.6440407 1.4119917 0.26365265 234 88 12
1.613178 1.4086112 0.26663202 234 88 12
1.598879 1.4102035 0.26773757 234 88 12
1.5877986 1.4173582 0.26807913 234 88 12
1.5661122 1.4252735 0.26927727 234 88 12
1.5480517 1.431537 0.2703037 234 88 12
1.5459597 1.4325925 0.27039385 234 88 12
1.5443168 1.4342356 0.27039385 234 88 12
1.5422176 1.4352952 0.2704843 234 88 12
1.5351659 1.437584 0.2708987 234 88 12
1.5017993 1.4599323 0.27185735 234 88 12
1.4619565 1.4841108 0.27322021 234 88 12
1.4547662 1.4872891 0.27356932 234 88 12
1.4106978 1.5105051 0.27538356 234 88 12
1.3885292 1.5214411 0.27636087 234 88 12
1.379867 1.5242974 0.27686602 234 88 12
1.3656021 1.5385622 0.27686602 234 88 12
1.3612106 1.5415667 0.27698669 234 88 12
1.3487189 1.5511273 0.27724171 234 88 12
1.3424562 1.5559375 0.2773681 234 88 12
1.3293288 1.565273 0.27769801 234 88 12
1.3254986 1.5687397 0.27772963 234 88 12
1.3185046 1.573223 0.27794808 234 88 12
1.3166981 1.5750295 0.27794808 234 88 12
1.3016922 1.5807611 0.27875501 234 88 12
1.2968283 1.5809188 0.27916446 234 88 12
1.2948891 1.5826939 0.27917874 234 88 12
1.6545811 1.4015297 0.26155221 234 88 12
1.6515863 1.4045244 0.26155221 234 88 12
1.6471686 1.4048573 0.26189688 234 88 12
1.6456636 1.4063623 0.26189688 234 88 12
1.6353176 1.4088653 0.26255858 234 88 12
1.6337978 1.4103851 0.26255858 234 88 12
1.6021965 1.4071991 0.26549366 234 88 12
1.5894061 1.4157288 0.26585314 234 88 12
1.5848162 1.4168205 0.26614827 234 88 12
1.5587845 1.4189627 0.26816389 234 88 12
1.5253931 1.4366416 0.26948956 234 88 12
1.4988564 1.4566867 0.27003726 234 88 12
1.4825745 1.4672972 0.27051577 234 88 12
1.4687363 1.4738697 0.2711288 234 88 12
1.4416211 1.4884595 0.27218559 234 88 12
1.4325279 1.4935107 0.27252662 234 88 12
1.4210643 1.5031197 0.27268308 234 88 12
1.4060322 1.5099494 0.27337515 234 88 12
1.3813907 1.5192385 0.27467045 234 88 12
1.3760201 1.5246091 0.27467045 234 88 12
1.3624684 1.536436 0.27481598 234 88 12
1.3602947 1.5379688 0.27487007 234 88 12
1.3351574 1.5513586 0.2758612 234 88 12
1.329707 1.5568089 0.2758612 234 88 12
1.3208767 1.5631396 0.27607211 234 88 12
1.311066 1.5718424 0.27616557 234 88 12
1.3024073 1.5783769 0.27634481 234 88 12
1.2831582 1.5877759 0.27717587 234 88 12
1.6609995 1.3872141 0.26010296 234 88 12
1.642848 1.4053656 0.26010296 234 88 12
1.641324 1.4068575 0.26010558 234 88 12
1.6398114 1.4083701 0.26010558 234 88 12
1.6153995 1.4038193 0.2624729 234 88 12
1.6070654 1.4025561 0.26325735 234 88 12
1.5895679 1.4078192 0.26425734 234 88 12
1.5849973 1.4089823 0.26453584 234 88 12
1.5651298 1.411999 0.26591316 234 88 12
1.5476294 1.4193746 0.26674074 234 88 12
1.5110706 1.4379945 0.26820698 234 88 12
1.500226 1.4474628 0.26831949 234 88 12
1.4643263 1.4729346 0.26917183 234 88 12
1.4599457 1.4754722 0.26932245 234 88 12
1.4562613 1.4786996 0.26935983 234 88 12
1.4486837 1.481644 0.26973853 234 88 12
1.4396216 1.4866654 0.27006879 234 88 12
1.4334097 1.4910231 0.27022034 234 88 12
1.4286386 1.4934021 0.27041587 234 88 12
1.4199771 1.4957541 0.27093157 234 88 12
1.3988092 1.5041969 0.2719717 234 88 12
1.3934505 1.5095556 0.2719717 234 88 12
1.3880918 1.5149143 0.2719717 234 88 12
1.370126 1.5265638 0.27248797 234 88 12
1.3581038 1.530393 0.27315763 234 88 12
1.3362328 1.5491149 0.27341503 234 88 12
1.3262964 1.5547481 0.27376676 234 88 12
1.3120489 1.5666908 0.27395514 234 88 12
1.3099192 1.5683501 0.27399358 234 88 12
1.3080864 1.5701829 0.27399358 234 88 12
1.304316 1.5737894 0.27400696 234 88 12
1.2962128 1.5749842 0.27457163 234 88 12
1.6554351 1.3850499 0.25859758 234 88 12
1.6432143 1.3972708 0.25859758 234 88 12
1.6234078 1.4004906 0.2599096 234 88 12
1.5977794 1.3957723 0.26231 234 88 12
1.5945473 1.3990045 0.26231 234 88 12
1.5804721 1.4020575 0.26318184 234 88 12
1.5426754 1.4166303 0.26501885 234 88 12
1.5338866 1.4206889 0.26539302 234 88 12
1.5305074 1.4240679 0.26539302 234 88 12
1.4782224 1.4592838 0.26674318 234 88 12
1.4575013 1.4696891 0.26755914 234 88 12
1.4557601 1.4714303 0.26755914 234 88 12
1.4189936 1.491658 0.26886737 234 88 12
1.4112731 1.4949626 0.26921666 234 88 12
1.4094925 1.4967432 0.26921666 234 88 12
1.3607717 1.5261254 0.27074635 234 88 12
1.3333131 1.5442908 0.27148142 234 88 12
1.3299751 1.5451652 0.2716763 234 88 12
1.3130705 1.5556059 0.27218759 234 88 12
1.306888 1.5607897 0.27226657 234 88 12
1.3050348 1.5626431 0.27226657 234 88 12
1.2976215 1.5700562 0.27226657 234 88 12
1.2957683 1.5719095 0.27226657 234 88 12
1.2841197 1.5798924 0.27255651 234 88 12
1.6617811 1.379311 0.25641295 234 88 12
1.6587274 1.3823647 0.25641295 234 88 12
1.6174541 1.3986793 0.25832134 234 88 12
1.6093616 1.3977745 0.25900927 234 88 12
1.6077707 1.3993653 0.25900927 234 88 12
1.5831405 1.3850995 0.26198334 234 88 12
1.5814762 1.3867637 0.26198334 234 88 12
1.5781479 1.3900921 0.26198334 234 88 12
1.5764836 1.3917563 0.26198334 234 88 12
1.5664984 1.4017416 0.26198334 234 88 12
1.5473824 1.4110898 0.26273021 234 88 12
1.5456997 1.4127723 0.26273021 234 88 12
1.5389514 1.4155771 0.26303172 234 88 12
1.5085979 1.4313043 0.26415008 234 88 12
1.5051626 1.4347396 0.26415008 234 88 12
1.4858167 1.4495676 0.26449552 234 88 12
1.474962 1.4523236 0.26511475 234 88 12
1.4697378 1.4575478 0.26511475 234 88 12
1.4552754 1.4675246 0.26545775 234 88 12
1.448506 1.4713272 0.26568457 234 88 12
1.4359114 1.4799837 0.2659857 234 88 12
1.4305528 1.4818668 0.26625144 234 88 12
1.4200064 1.4892474 0.2664935 234 88 12
1.4112635 1.4916915 0.26697513 234 88 12
1.3670816 1.5150342 0.26856852 234 88 12
1.3312339 1.539963 0.2694034 234 88 12
1.3190002 1.5473295 0.26977554 234 88 12
1.3171439 1.5491859 0.26977554 234 88 12
1.3063802 1.5575868 0.2699562 234 88 12
1.3045193 1.5594476 0.2699562 234 88 12
1.2991227 1.5621977 0.27015856 234 88 12
1.287306 1.5701413 0.2704547 234 88 12
1.287928 1.5733923 0.27015856 234 88 12
1.2741944 1.5832529 0.2704547 234 88 12
1.2581322 1.5920814 0.27100781 234 88 12
1.2490706 1.5960852 0.27139452 234 88 12
1.6504667 1.3748851 0.25543717 234 88 12
1.6542555 1.3870541 0.25425914 234 88 12
1.6257918 1.3915561 0.25602803 234 88 12
1.5753013 1.3898852 0.2598787 234 88 12
1.5715046 1.3925396 0.25996301 234 88 12
1.5277305 1.4165967 0.26141858 234 88 12
1.5230943 1.4184833 0.26162153 234 88 12
1.5162307 1.4215114 0.26190469 234 88 12
1.4985441 1.4344957 0.26225182 234 88 12
1.4935133 1.4361809 0.2624988 234 88 12
1.4894114 1.4389558 0.26259676 234 88 12
1.460851 1.4590951 0.26321843 234 88 12
1.4481063 1.467509 0.26353812 234 88 12
1.4306453 1.4752032 0.26425913 234 88 12
1.4247749 1.4800844 0.26433215 234 88 12
1.4067819 1.4912438 0.26483661 234 88 12
1.3748047 1.5048553 0.26619241 234 88 12
1.3484737 1.5238068 0.26673719 234 88 12
1.346628 1.5256525 0.26673719 234 88 12
1.3239076 1.5321636 0.26793379 234 88 12
1.2829605 1.570709 0.26811108 234 88 12
1.2642797 1.5838766 0.26851809 234 88 12
1.2457159 1.5973473 0.26889408 234 88 12
1.6353362 1.3822359 0.25381047 234 88 12
1.63062 1.3869519 0.25381047 234 88 12
1.6197284 1.3806646 0.25503328 234 88 12
1.618124 1.382269 0.25503328 234 88 12
1.6083802 1.38737 0.25536376 234 88 12
1.5766414 1.3876411 0.25760365 234 88 12
1.5673128 1.3903898 0.25807202 234 88 12
1.5539556 1.3999748 0.25834051 234 88 12
1.5352725 1.402657 0.25947949 234 88 12
1.52606 1.4104934 0.25957745 234 88 12
1.524335 1.4122182 0.25957745 234 88 12
1.5196973 1.4102446 0.26004806 234 88 12
1.5075358 1.422406 0.26004806 234 88 12
1.5018597 1.4270719 0.26011997 234 88 12
1.4725604 1.4461833 0.26084515 234 88 12
1.4605641 1.4552722 0.2610521 234 88 12
1.4489555 1.461376 0.26144394 234 88 12
1.3414599 1.5221237 0.26477149 234 88 12
1.3320421 1.5251272 0.26522806 234 88 12
1.3194257 1.5354941 0.26538819 234 88 12
1.2922522 1.5583258 0.26569724 234 88 12
1.2608851 1.5792966 0.26643726 234 88 12
1.2510784 1.5858252 0.26667061 234 88 12
1.2491654 1.587738 0.26667061 234 88 12
1.2428821 1.5932114 0.26672828 234 88 12
1.2266827 1.6025192 0.26721883 234 88 12
1.6650333 1.3618132 0.25097257 234 88 12
1.6417087 1.3851378 0.25097257 234 88 12
1.6219742 1.3756181 0.25297761 234 88 12
1.6138405 1.3790903 0.25329712 234 88 12
1.5473963 1.3906462 0.25705907 234 88 12
1.545463 1.392073 0.25709379 234 88 12
1.5063905 1.4171456 0.25805333 234 88 12
1.5021219 1.4197272 0.25816894 234 88 12
1.4860348 1.431433 0.25846925 234 88 12
1.4587485 1.4462544 0.25932357 234 88 12
1.4161559 1.4758648 0.26021335 234 88 12
1.399994 1.4856036 0.26065359 234 88 12
1.3847882 1.4931122 0.26118115 234 88 12
1.3422147 1.5163549 0.26250604 234 88 12
1.3119962 1.5338782 0.26337615 234 88 12
1.3100997 1.5357746 0.26337615 234 88 12
1.2983884 1.5439004 0.2636219 234 88 12
1.2926788 1.5496099 0.2636219 234 88 12
1.2864534 1.5550205 0.26367775 234 88 12
1.2728324 1.5652385 0.26391098 234 88 12
1.2694836 1.5663626 0.26406348 234 88 12
1.2569733 1.5773244 0.2641696 234 88 12
1.2499478 1.5824339 0.26430091 234 88 12
1.2316388 1.5964175 0.26459739 234 88 12
1.6462713 1.3661469 0.24974445 234 88 12
1.6421618 1.3767788 0.24931465 234 88 12
1.6253093 1.3725125 0.25070629 234 88 12
1.622089 1.3757329 0.25070629 234 88 12
1.5947773 1.3686382 0.25297347 234 88 12
1.5914272 1.3719884 0.25297347 234 88 12
1.5897521 1.3736635 0.25297347 234 88 12
1.5847267 1.3786888 0.25297347 234 88 12
1.578275 1.3814793 0.25321472 234 88 12
1.5526866 1.3856014 0.25462925 234 88 12
1.5455009 1.3920765 0.25467607 234 88 12
1.5231568 1.3986487 0.25571534 234 88 12
1.5082335 1.407638 0.25610638 234 88 12
1.5036384 1.4098653 0.25626239 234 88 12
1.5018691 1.4116346 0.25626239 234 88 12
1.4861115 1.420141 0.25674021 234 88 12
1.4843285 1.421924 0.25674021 234 88 12
1.4771966 1.4290559 0.25674021 234 88 12
1.4369791 1.4568498 0.25755885 234 88 12
1.4351727 1.4586563 0.25755885 234 88 12
1.4247278 1.4629084 0.25796694 234 88 12
1.4210916 1.4665446 0.25796694 234 88 12
1.4125712 1.4727155 0.25812176 234 88 12
1.4093791 1.4733384 0.25829104 234 88 12
1.4035723 1.4785426 0.25833076 234 88 12
1.3995699 1.4819083 0.25837272 234 88 12
1.3826811 1.4881246 0.25907597 234 88 12
1.3789814 1.4918244 0.25907597 234 88 12
1.3752816 1.4955242 0.25907597 234 88 12
1.3401784 1.5149665 0.26010793 234 88 12
1.3087193 1.5318356 0.26106936 234 88 12
1.2953813 1.5421238 0.26127031 234 88 12
1.2868582 1.549261 0.26136163 234 88 12
1.2671655 1.5621721 0.26180851 234 88 12
1.2525487 1.5721405 0.26211482 234 88 12
1.2467378 1.5779512 0.26211482 234 88 12
1.2448009 1.5798881 0.26211482 234 88 12
1.2389902 1.585699 0.26211482 234 88 12
1.2213912 1.5973743 0.26250514 234 88 12
1.2119305 1.5987223 0.26303974 234 88 12
1.664481 1.3603592 0.24674055 234 88 12
1.656683 1.3681571 0.24674055 234 88 12
1.6479666 1.3646771 0.24751197 234 88 12
1.6404328 1.3639368 0.2480353 234 88 12
1.6247637 1.3574247 0.24943826 234 88 12
1.6062853 1.3702124 0.24979818 234 88 12
1.5898714 1.3737829 0.25061053 234 88 12
1.5769303 1.3616177 0.25219849 234 88 12
1.5752077 1.3633403 0.25219849 234 88 12
1.5556917 1.3814512 0.25228736 234 88 12
1.5520495 1.3846236 0.25231707 234 88 12
1.5503235 1.3863497 0.25231707 234 88 12
1.5457916 1.3882741 0.252482 234 88 12
1.5320499 1.3900055 0.25324163 234 88 12
1.5171834 1.3989395 0.25361687 234 88 12
1.5147334 1.3998276 0.25371566 234 88 12
1.5061275 1.4049938 0.25393322 234 88 12
1.5008661 1.4064486 0.25417399 234 88 12
1.4857349 1.4158349 0.25453734 234 88 12
1.4787701 1.419413 0.25475156 234 88 12
1.4476044 1.4384969 0.25551572 234 88 12
1.4421399 1.4439614 0.25551572 234 88 12
1.4418498 1.4472971 0.25532308 234 88 12
1.4159291 1.4653553 0.25582039 234 88 12
1.4122678 1.4690166 0.25582039 234 88 12
1.3970121 1.4763695 0.25632024 234 88 12
1.3857929 1.4839677 0.25654927 234 88 12
1.3712252 1.4923832 0.25693837 234 88 12
1.3412273 1.499519 0.25838441 234 88 12
1.3178582 1.5220835 0.25843528 234 88 12
1.3037049 1.5318251 0.25871435 234 88 12
1.2940173 1.5382544 0.2589204 234 88 12
1.2857149 1.5425074 0.25917655 234 88 12
1.2799225 1.5482997 0.25917655 234 88 12
1.2760609 1.5521612 0.25917655 234 88 12
1.2550331 1.564603 0.25971961 234 88 12
1.2487868 1.5702311 0.25975871 234 88 12
1.2468387 1.5721792 0.25975871 234 88 12
1.2335618 1.5830822 0.25990885 234 88 12
1.2316091 1.5850348 0.25990885 234 88 12
1.2035558 1.6007252 0.26069081 234 88 12
1.1956999 1.6029518 0.26104689 234 88 12
1.6533326 1.3512647 0.24578078 234 88 12
1.629359 1.3752383 0.24578078 234 88 12
1.5857717 1.3669658 0.24892364 234 88 12
1.5605724 1.3757695 0.24991727 234 88 12
1.5580317 1.3762807 0.25004026 234 88 12
1.5342746 1.3846775 0.25097114 234 88 12
1.5325147 1.3864374 0.25097114 234 88 12
1.5029002 1.4009575 0.25188589 234 88 12
1.4411607 1.435642 0.25352553 234 88 12
1.439321 1.4374815 0.25352553 234 88 12
1.4335954 1.4427971 0.25355038 234 88 12
1.426234 1.4501584 0.25355038 234 88 12
1.4214659 1.4528192 0.25367808 234 88 12
1.4083472 1.4620454 0.25391397 234 88 12
1.3960297 1.4721214 0.25404984 234 88 12
1.3855586 1.4804184 0.25418156 234 88 12
1.3574644 1.488422 0.25539914 234 88 12
1.3441789 1.5017076 0.25539914 234 88 12
1.3299204 1.5110977 0.25569418 234 88 12
1.2880245 1.5377558 0.25661761 234 88 12
1.2851514 1.5391262 0.25670868 234 88 12
1.2794238 1.5419053 0.25688738 234 88 12
1.2676961 1.5504831 0.25707826 234 88 12
1.2657459 1.5524334 0.25707826 234 88 12
1.2587922 1.5576756 0.25718197 234 88 12
1.2337942 1.5744379 0.2576811 234 88 12
1.2282073 1.5745862 0.25801069 234 88 12
1.2278872 1.5803449 0.2576811 234 88 12
1.2190937 1.5819215 0.25811845 234 88 12
1.1901777 1.6063327 0.25839147 234 88 12
1.6596501 1.3546392 0.24297777 234 88 12
1.6323626 1.3574755 0.24439484 234 88 12
1.6172659 1.3667095 0.2447346 234 88 12
1.5968074 1.3488603 0.24695472 234 88 12
1.5779976 1.3676701 0.24695472 234 88 12
1.5658768 1.3707112 0.24748094 234 88 12
1.5155469 1.3885657 0.24936305 234 88 12
1.5093831 1.392909 0.24946855 234 88 12
1.5001782 1.397548 0.24973316 234 88 12
1.4872829 1.3938581 0.25069436 234 88 12
1.485451 1.39569 0.25069436 234 88 12
1.4817872 1.3993536 0.25069436 234 88 12
1.4799554 1.4011855 0.25069436 234 88 12
1.4744598 1.4066811 0.25069436 234 88 12
1.4561297 1.417357 0.25113797 234 88 12
1.4542834 1.4192033 0.25113797 234 88 12
1.4522594 1.4208603 0.25115922 234 88 12
1.4452013 1.4248198 0.25133881 234 88 12
1.4386454 1.4330965 0.25123909 234 88 12
1.4260085 1.4390442 0.25162676 234 88 12
1.4091532 1.4592624 0.25143185 234 88 12
1.3876134 1.4718864 0.25194857 234 88 12
1.3778958 1.4775559 0.25218317 234 88 12
1.3683659 1.483484 0.25239193 234 88 12
1.3664787 1.4853712 0.25239193 234 88 12
1.3519058 1.494251 0.25272188 234 88 12
1.3460301 1.4965072 0.25293162 234 88 12
1.3376602 1.5035874 0.25300637 234 88 12
1.2874033 1.5311601 0.25432104 234 88 12
1.2827461 1.5314505 0.25457412 234 88 12
1.2729546 1.541242 0.25457412 234 88 12
1.2336667 1.5684695 0.25527307 234 88 12
1.2025965 1.5888443 0.25589293 234 88 12
1.1945914 1.5968494 0.25589293 234 88 12
1.6357316 1.3543383 0.24210039 234 88 12
1.6004367 1.3457183 0.24452911 234 88 12
1.543386 1.3631679 0.24671927 234 88 12
1.4556154 1.4090275 0.24903718 234 88 12
1.4384153 1.4215643 0.24929507 234 88 12
1.4066209 1.4498374 0.24948983 234 88 12
1.399105 1.4573535 0.24948983 234 88 12
1.3610818 1.481151 0.25027657 234 88 12
1.3572701 1.4849627 0.25027657 234 88 12
1.341045 1.4961853 0.25055322 234 88 12
1.3388934 1.4979284 0.25057584 234 88 12
1.2893863 1.5196992 0.2521098 234 88 12
1.2815124 1.5275731 0.2521098 234 88 12
1.2736385 1.535447 0.2521098 234 88 12
1.2697015 1.539384 0.2521098 234 88 12
1.2455004 1.5535535 0.2526646 234 88 12
1.243513 1.5555409 0.2526646 234 88 12
1.2351965 1.5632982 0.25269553 234 88 12
1.2084187 1.5798607 0.25326049 234 88 12
1.1925935 1.5901787 0.25356507 234 88 12
1.1859976 1.5959922 0.25360835 234 88 12
1.1819582 1.6000316 0.25360835 234 88 12
1.1799386 1.6020513 0.25360835 234 88 12
1.1684165 1.6086891 0.25387847 234 88 12
1.6518497 1.3477544 0.23931614 234 88 12
1.6470228 1.3525813 0.23931614 234 88 12
1.6421959 1.3574082 0.23931614 234 88 12
1.6199712 1.3668307 0.23999022 234 88 12
1.6033943 1.3555917 0.24145485 234 88 12
1.6017085 1.3572774 0.24145485 234 88 12
1.5983371 1.3606489 0.24145485 234 88 12
1.5855482 1.3572862 0.24230531 234 88 12
1.5729566 1.3594283 0.24285552 234 88 12
1.533801 1.3667595 0.24453121 234 88 12
1.5281656 1.3718039 0.24456233 234 88 12
1.5165377 1.3772488 0.2448879 234 88 12
1.4972711 1.3856758 0.24545865 234 88 12
1.4932542 1.3888903 0.24550089 234 88 12
1.4750905 1.3954138 0.24611381 234 88 12
1.4732375 1.3972667 0.24611381 234 88 12
1.4290484 1.4157376 0.24746798 234 88 12
1.4130322 1.4301729 0.24755123 234 88 12
1.4092231 1.433982 0.24755123 234 88 12
1.3804133 1.4658568 0.24738984 234 88 12
1.3663706 1.4751143 0.2476418 234 88 12
1.357919 1.4821047 0.24771875 234 88 12
1.3425827 1.4873098 0.2482522 234 88 12
1.3176223 1.5026673 0.24875782 234 88 12
1.3099544 1.5072713 0.24891916 234 88 12
1.2669165 1.5346515 0.24974361 234 88 12
1.2580264 1.5420345 0.24982297 234 88 12
1.2435929 1.5525744 0.25002798 234 88 12
1.2245401 1.5638981 0.25043494 234 88 12
1.2226163 1.5659492 0.25042826 234 88 12
1.2170281 1.5691739 0.25055268 234 88 12
1.2021033 1.5768914 0.25093219 234 88 12
1.1994334 1.5786097 0.25098228 234 88 12
1.1730859 1.5991606 0.25128752 234 88 12
1.6564029 1.3522874 0.23660362 234 88 12
1.6548107 1.3538796 0.23660362 234 88 12
1.650034 1.3586563 0.23660362 234 88 12
1.5895213 1.3500367 0.24006037 234 88 12
1.5757434 1.3501577 0.24074325 234 88 12
1.5597651 1.3565854 0.2412208 234 88 12
1.5579983 1.3583521 0.2412208 234 88 12
1.5456498 1.3619719 0.24165726 234 88 12
1.5380081 1.355132 0.24238136 234 88 12
1.5170833 1.3694011 0.24271417 234 88 12
1.4973954 1.381645 0.24308638 234 88 12
1.4916667 1.3827498 0.24331759 234 88 12
1.4760751 1.3884302 0.24381317 234 88 12
1.4454975 1.4058132 0.24447292 234 88 12
1.4422052 1.4061959 0.2446184 234 88 12
1.4327564 1.4118296 0.24480917 234 88 12
1.4233742 1.4176466 0.24498744 234 88 12
1.4065208 1.4351404 0.24495542 234 88 12
1.3972934 1.4449644 0.24492559 234 88 12
1.3835757 1.4544264 0.24513838 234 88 12
1.3771622 1.4596028 0.24520023 234 88 12
1.3559465 1.4771665 0.24538285 234 88 12
1.3255525 1.4950147 0.24601017 234 88 12
1.265375 1.5306166 0.24723899 234 88 12
1.2483102 1.5428222 0.24748196 234 88 12
1.2463068 1.5448258 0.24748196 234 88 12
1.2312347 1.5521249 0.24787062 234 88 12
1.2185148 1.5639215 0.24791679 234 88 12
1.2060192 1.5667723 0.24839903 234 88 12
1.1803128 1.5847188 0.24878706 234 88 12
1.1633801 1.6009241 0.24882342 234 88 12
1.1556789 1.6093527 0.24878706 234 88 12
1.6385174 1.3546739 0.23510218 234 88 12
1.6276001 1.3526438 0.23571523 234 88 12
1.5890791 1.3300705 0.23860793 234 88 12
1.5633277 1.3530245 0.23874038 234 88 12
1.5403118 1.3584623 0.23957267 234 88 12
1.5272732 1.3661249 0.23982722 234 88 12
1.5196469 1.3685455 0.2400737 234 88 12
1.5172132 1.369531 0.24014227 234 88 12
1.4645294 1.3870506 0.24180724 234 88 12
1.4626397 1.3889403 0.24180724 234 88 12
1.4490457 1.3937627 0.24222256 234 88 12
1.4457554 1.3941361 0.24236067 234 88 12
1.4419317 1.3979597 0.24236067 234 88 12
1.4228381 1.4132429 0.24254107 234 88 12
1.4159369 1.4178603 0.24264921 234 88 12
1.4079473 1.4252673 0.24267679 234 88 12
1.3944656 1.4350269 0.24285305 234 88 12
1.370854 1.4613895 0.24272278 234 88 12
1.3571846 1.4677689 0.24306795 234 88 12
1.3402438 1.4822136 0.24318615 234 88 12
1.3222613 1.4926927 0.2435414 234 88 12
1.306793 1.4985727 0.2439954 234 88 12
1.2945296 1.5068806 0.24418269 234 88 12
1.2846438 1.5135672 0.24433418 234 88 12
1.2800866 1.5171841 0.24437869 234 88 12
1.2734944 1.5227815 0.24442579 234 88 12
1.2390491 1.5408213 0.24520256 234 88 12
1.202257 1.5680318 0.24565624 234 88 12
1.1852432 1.5750313 0.24613039 234 88 12
1.1690563 1.5886885 0.24625017 234 88 12
1.1570901 1.5953685 0.24650046 234 88 12
1.146418 1.6114676 0.24624351 234 88 12
1.1229457 1.6282659 0.2465595 234 88 12
1.6393497 1.3464314 0.23315571 234 88 12
1.6187243 1.3500972 0.2339137 234 88 12
1.6038486 1.3418895 0.23494537 234 88 12
1.5987121 1.347026 0.23494537 234 88 12
1.56291 1.3477007 0.23651533 234 88 12
1.5563778 1.3419646 0.23706363 234 88 12
1.545567 1.3527753 0.23706363 234 88 12
1.5350161 1.3550979 0.23743138 234 88 12
1.5331987 1.3569154 0.23743138 234 88 12
1.5103158 1.3512512 0.23870723 234 88 12
1.5103638 1.3645166 0.23811221 234 88 12
1.4974939 1.3647143 0.23867857 234 88 12
1.4769577 1.377015 0.23904665 234 88 12
1.4750719 1.3789006 0.23904665 234 88 12
1.4587131 1.3843669 0.23953347 234 88 12
1.4549005 1.3881795 0.23953347 234 88 12
1.4486742 1.3892779 0.23976265 234 88 12
1.4448422 1.3931099 0.23976265 234 88 12
1.4358416 1.3993378 0.23988658 234 88 12
1.3853096 1.4340873 0.24059194 234 88 12
1.3704221 1.4503137 0.2405321 234 88 12
1.3578892 1.4648521 0.24044247 234 88 12
1.3538098 1.4650778 0.24061471 234 88 12
1.3466262 1.4663808 0.24087752 234 88 12
1.3393111 1.4711655 0.24099061 234 88 12
1.3373431 1.4731336 0.24099061 234 88 12
1.3314393 1.4790374 0.24099061 234 88 12
1.3255353 1.4849414 0.24099061 234 88 12
1.3174733 1.4892972 0.24115625 234 88 12
1.2982707 1.4961135 0.24170983 234 88 12
1.290277 1.5041072 0.24170983 234 88 12
1.2053711 1.5604444 0.24298666 234 88 12
1.1857407 1.5722985 0.2433342 234 88 12
1.1836736 1.5743656 0.2433342 234 88 12
1.1583487 1.5840038 0.24403529 234 88 12
1.1613923 1.5913622 0.24357039 234 88 12
1.1370511 1.6136204 0.24366349 234 88 12
1.650068 1.3332586 0.23096034 234 88 12
1.6435021 1.3398246 0.23096034 234 88 12
1.6385776 1.3447491 0.23096034 234 88 12
1.6369361 1.3463906 0.23096034 234 88 12
1.6238487 1.3452106 0.2315601 234 88 12
1.6000171 1.334837 0.23299795 234 88 12
1.5863458 1.3443325 0.23317349 234 88 12
1.5639718 1.340024 0.23429513 234 88 12
1.5603886 1.3436072 0.23429513 234 88 12
1.5450602 1.3473985 0.2347801 234 88 12
1.5287496 1.3504081 0.23533922 234 88 12
1.5232339 1.3559238 0.23533922 234 88 12
1.5087048 1.3534303 0.23605479 234 88 12
1.5061939 1.3544292 0.23611836 234 88 12
1.4936069 1.3682266 0.23606747 234 88 12
1.4646635 1.3788972 0.2368356 234 88 12
1.4476304 1.388087 0.2371653 234 88 12
1.4351311 1.3945556 0.23741882 234 88 12
1.42743 1.3983364 0.23758361 234 88 12
1.4232695 1.4019222 0.23760776 234 88 12
1.3981227 1.4157809 0.23808229 234 88 12
1.3872592 1.4246107 0.23816776 234 88 12
1.3747742 1.4357926 0.23822254 234 88 12
1.3702046 1.4391749 0.23827246 234 88 12
1.3655857 1.4461935 0.23817159 234 88 12
1.3617502 1.4465714 0.23831692 234 88 12
1.3532441 1.4575437 0.23821326 234 88 12
1.3473403 1.4634475 0.23821326 234 88 12
1.2954118 1.4975733 0.23896162 234 88 12
1.2761889 1.5082352 0.23932149 234 88 12
1.2541578 1.520828 0.23971824 234 88 12
1.2212702 1.5438097 0.24013466 234 88 12
1.2171614 1.5479184 0.24013466 234 88 12
1.2061113 1.5452175 0.2407127 234 88 12
1.204031 1.547298 0.2407127 234 88 12
1.1605949 1.5820563 0.24107747 234 88 12
1.158498 1.5841532 0.24107747 234 88 12
1.1354719 1.6042846 0.24119915 234 88 12
1.1205055 1.6189053 0.24121369 234 88 12
1.1108189 1.6268499 0.24128692 234 88 12
1.6040317 1.3322779 0.23050547 234 88 12
1.6023008 1.3340088 0.23050547 234 88 12
1.595493 1.336318 0.23068261 234 88 12
1.5902747 1.3415363 0.23068261 234 88 12
1.5781451 1.3350055 0.23141743 234 88 12
1.5763704 1.3367803 0.23141743 234 88 12
1.5321944 1.3463269 0.23278108 234 88 12
1.5266736 1.3518478 0.23278108 234 88 12
1.5248333 1.353688 0.23278108 234 88 12
1.5099896 1.3551444 0.23330824 234 88 12
1.5013549 1.3610467 0.23341584 234 88 12
1.4519669 1.3806636 0.23458818 234 88 12
1.4121677 1.4023608 0.235301 234 88 12
1.4006195 1.410459 0.23543686 234 88 12
1.38434 1.421904 0.23562723 234 88 12
1.3647448 1.4344109 0.23590636 234 88 12
1.3607639 1.4383919 0.23590636 234 88 12
1.3519131 1.4456099 0.23597066 234 88 12
1.3340861 1.4528838 0.23638622 234 88 12
1.3066186 1.4815909 0.23633741 234 88 12
1.2908096 1.4944937 0.23645185 234 88 12
1.2514565 1.5192575 0.23702635 234 88 12
1.2450423 1.5219671 0.23717223 234 88 12
1.2284615 1.5318617 0.23743552 234 88 12
1.2104104 1.5443888 0.23765306 234 88 12
1.1508603 1.58389 0.23844254 234 88 12
1.1466357 1.5881146 0.23844254 234 88 12
1.1381863 1.5965641 0.23844254 234 88 12
1.1259515 1.6064581 0.23853472 234 88 12
1.1196011 1.6128083 0.23853472 234 88 12
1.1134477 1.6221397 0.23840958 234 88 12
1.6496975 1.3321924 0.2263992 234 88 12
1.6431843 1.3338206 0.22657858 234 88 12
1.6365669 1.340438 0.22657858 234 88 12
1.6237866 1.3448713 0.22688507 234 88 12
1.5990957 1.3329631 0.22822894 234 88 12
1.592715 1.3361226 0.22834723 234 88 12
1.5832736 1.3340929 0.22876842 234 88 12
1.5723019 1.3346328 0.22915147 234 88 12
1.5675616 1.3362868 0.2292648 234 88 12
1.5412289 1.3368001 0.23021285 234 88 12
1.4940162 1.3600327 0.23109338 234 88 12
1.4755495 1.3667136 0.23152614 234 88 12
1.4611325 1.3704395 0.23191871 234 88 12
1.4399602 1.3794265 0.23236613 234 88 12
1.4341886 1.3771166 0.23266289 234 88 12
1.4321494 1.3872373 0.23236613 234 88 12
1.4204125 1.3908925 0.23266289 234 88 12
1.4063993 1.4004701 0.23282576 234 88 12
1.397885 1.4077784 0.23287004 234 88 12
1.3732797 1.4231821 0.23320791 234 88 12
1.3685187 1.4264855 0.23326142 234 88 12
1.3647985 1.4269539 0.23338084 234 88 12
1.3514801 1.4378896 0.23346832 234 88 12
1.3494706 1.4398991 0.23346832 234 88 12
1.338621 1.4492959 0.23352167 234 88 12
1.3159616 1.4675127 0.23368479 234 88 12
1.2217205 1.5346035 0.23468173 234 88 12
1.2076149 1.5429682 0.23489253 234 88 12
1.1868037 1.5544188 0.23523623 234 88 12
1.5976037 1.3252047 0.22609876 234 88 12
1.5925534 1.3259546 0.22624522 234 88 12
1.5890223 1.3294857 0.22624522 234 88 12
1.5416403 1.3279502 0.22791125 234 88 12
1.4667958 1.3644663 0.22921664 234 88 12
1.4636623 1.3649372 0.22930732 234 88 12
1.4425763 1.378207 0.22957352 234 88 12
1.4253283 1.3839068 0.22996683 234 88 12
1.3949964 1.4049466 0.23028331 234 88 12
1.3831627 1.4131174 0.23040804 234 88 12
1.3727168 1.4188524 0.2305685 234 88 12
1.3687049 1.4228642 0.2305685 234 88 12
1.362722 1.4251235 0.23069531 234 88 12
1.3302364 1.4462054 0.23108371 234 88 12
1.3193607 1.4522059 0.23124973 234 88 12
1.3109444 1.4565938 0.23138694 234 88 12
1.2924818 1.4750563 0.23138694 234 88 12
1.2836008 1.4827961 0.23142581 234 88 12
1.2815472 1.4848497 0.23142581 234 88 12
1.2622225 1.4994177 0.23158781 234 88 12
1.2553614 1.4984221 0.23185539 234 88 12
1.2512065 1.5025771 0.23185539 234 88 12
1.2491291 1.5046545 0.23185539 234 88 12
1.2415284 1.5100557 0.2319303 234 88 12
1.2189935 1.5299093 0.23202161 234 88 12
1.2169068 1.531996 0.23202161 234 88 12
1.2082356 1.5369499 0.23214823 234 88 12
1.2061419 1.5390437 0.23214823 234 88 12
1.2034454 1.5408162 0.23217969 234 88 12
1.1651657 1.5627915 0.23273499 234 88 12
1.1207091 1.6015594 0.23292874 234 88 12
1.1010575 1.6147507 0.23314875 234 88 12
1.6218983 1.3104812 0.22332709 234 88 12
1.6218081 1.315534 0.22317129 234 88 12
1.616617 1.3207251 0.22317129 234 88 12
1.6148866 1.3224554 0.22317129 234 88 12
1.6114259 1.3259162 0.22317129 234 88 12
1.5926791 1.3260803 0.22375469 234 88 12
1.5833324 1.3242604 0.22410528 234 88 12
1.573385 1.3217549 0.22449625 234 88 12
1.5266891 1.328705 0.2257441 234 88 12
1.516736 1.3233699 0.22622406 234 88 12
1.4679195 1.3571711 0.22669548 234 88 12
1.4270015 1.3774503 0.22734344 234 88 12
1.3934485 1.3994601 0.22770585 234 88 12
1.3873144 1.4013975 0.22783761 234 88 12
1.3832908 1.4054211 0.22783761 234 88 12
1.3812789 1.407433 0.22783761 234 88 12
1.3574395 1.4165896 0.22829859 234 88 12
1.3261025 1.4354562 0.2286901 234 88 12
1.309998 1.4522713 0.22866778 234 88 12
1.2718616 1.4817691 0.22893901 234 88 12
1.2630514 1.4897553 0.22896488 234 88 12
1.2530555 1.4970064 0.22905105 234 88 12
1.2011832 1.5364492 0.22944129 234 88 12
1.1472796 1.5701935 0.2300742 234 88 12
1.1316522 1.5818852 0.23019776 234 88 12
1.1273438 1.5861937 0.23019776 234 88 12
1.107694 1.6054792 0.23020919 234 88 12
1.1012106 1.6149038 0.23011684 234 88 12
1.660527 1.3076458 0.21985167 234 88 12
1.6596627 1.3166718 0.21961716 234 88 12
1.590433 1.3268884 0.22131272 234 88 12
1.5801038 1.3184897 0.2218508 234 88 12
1.5530082 1.3218609 0.22253245 234 88 12
1.5523144 1.3255675 0.22244588 234 88 12
1.5433165 1.3256556 0.22270188 234 88 12
1.5307105 1.329973 0.22294001 234 88 12
1.5173956 1.3382671 0.22308427 234 88 12
1.5110892 1.3338411 0.22339264 234 88 12
1.5034657 1.3414646 0.22339264 234 88 12
1.4573828 1.3615838 0.22413862 234 88 12
1.450356 1.3660816 0.22421128 234 88 12
1.4374372 1.3681202 0.22452389 234 88 12
1.4291247 1.3756095 0.22454754 234 88 12
1.3988404 1.388768 0.22503959 234 88 12
1.3855699 1.3957024 0.22522163 234 88 12
1.3774641 1.4038084 0.22522163 234 88 12
1.3621436 1.4130917 0.2253951 234 88 12
1.3515654 1.4191024 0.22552633 234 88 12
1.3366547 1.4291641 0.22566564 234 88 12
1.3310509 1.4320369 0.22574411 234 88 12
1.2803216 1.4664893 0.22621177 234 88 12
1.2540489 1.4873695 0.22636671 234 88 12
1.2175276 1.5193437 0.22649735 234 88 12
1.2154016 1.5214456 0.22649805 234 88 12
1.1948928 1.5331407 0.22675128 234 88 12
1.1927655 1.5352679 0.22675128 234 88 12
1.1885108 1.5395226 0.22675128 234 88 12
1.1636767 1.5462786 0.22727071 234 88 12
1.1615151 1.5484401 0.22727071 234 88 12
1.107712 1.5995511 0.22734804 234 88 12
1.6364681 1.3244394 0.2176881 234 88 12
1.6270529 1.3258238 0.21789744 234 88 12
1.5792139 1.3168283 0.21937892 234 88 12
1.5649669 1.3071321 0.22000302 234 88 12
1.5612571 1.310842 0.22000302 234 88 12
1.5445627 1.3275363 0.22000302 234 88 12
1.522085 1.3357762 0.22037417 234 88 12
1.454025 1.3575103 0.22158171 234 88 12
1.4398382 1.3666024 0.22171451 234 88 12
1.4372418 1.367877 0.22174896 234 88 12
1.4274405 1.3695185 0.22196166 234 88 12
1.3578509 1.4131085 0.22263938 234 88 12
1.3486062 1.4165088 0.22279172 234 88 12
1.3377187 1.4224656 0.22292025 234 88 12
1.3252866 1.4234545 0.22321853 234 88 12
1.3204597 1.4270968 0.22324941 234 88 12
1.3148432 1.433898 0.22321853 234 88 12
1.3079143 1.4396424 0.22324941 234 88 12
1.3004899 1.4375697 0.22349696 234 88 12
1.3016415 1.4459152 0.22324941 234 88 12
1.2798039 1.455308 0.2235738 234 88 12
1.2776893 1.4574224 0.2235738 234 88 12
1.2734604 1.4616514 0.2235738 234 88 12
1.2565424 1.4785662 0.22357388 234 88 12
1.1981099 1.5250845 0.22388445 234 88 12
1.1638949 1.5464644 0.22421901 234 88 12
1.1504058 1.555993 0.22432224 234 88 12
1.1047188 1.5954015 0.2244859 234 88 12
1.102538 1.5975823 0.2244859 234 88 12
1.6250485 1.3005567 0.21614058 234 88 12
1.6232945 1.3023106 0.21614058 234 88 12
1.6160742 1.292889 0.21653 234 88 12
1.6197865 1.3058187 0.21614058 234 88 12
1.6069019 1.3169383 0.21618189 234 88 12
1.5900675 1.3109816 0.21671519 234 88 12
1.5864664 1.3145827 0.21671519 234 88 12
1.5793428 1.3169572 0.21682632 234 88 12
1.5569646 1.3184171 0.21731581 234 88 12
1.529062 1.3177999 0.21798316 234 88 12
1.5233523 1.3235097 0.21798316 234 88 12
1.513836 1.3330261 0.21798316 234 88 12
1.5078268 1.3337117 0.21810773 234 88 12
1.5028474 1.3359306 0.21817231 234 88 12
1.4521396 1.3508303 0.21901022 234 88 12
1.4284245 1.3663635 0.21920167 234 88 12
1.4014021 1.3790822 0.21953638 234 88 12
1.3953148 1.3851695 0.21953638 234 88 12
1.3876473 1.3896823 0.2196102 234 88 12
1.3800393 1.3943241 0.21967961 234 88 12
1.3434937 1.4159099 0.22002967 234 88 12
1.2964222 1.4419378 0.22052208 234 88 12
1.2728204 1.450264 0.22087952 234 88 12
1.2625871 1.4576285 0.22094665 234 88 12
1.2648722 1.4628729 0.22077046 234 88 12
1.2583004 1.4619151 0.22094665 234 88 12
1.2491505 1.4772338 0.22080231 234 88 12
1.2069017 1.5099955 0.2210243 234 88 12
1.1983032 1.5185939 0.2210243 234 88 12
1.1916157 1.5249125 0.22103293 234 88 12
1.169701 1.5298197 0.22143091 234 88 12
1.1587075 1.5406919 0.22143374 234 88 12
1.1543419 1.5450574 0.22143374 234 88 12
1.1218904 1.5716388 0.2215711 234 88 12
1.1058648 1.5867198 0.22159322 234 88 12
1.1036692 1.5889155 0.22159322 234 88 12
1.6274385 1.3159952 0.21330191 234 88 12
1.6034118 1.3101563 0.21392107 234 88 12
1.5901923 1.3161762 0.21407034 234 88 12
1.5523167 1.3204943 0.21476604 234 88 12
1.5463065 1.3205324 0.21488984 234 88 12
1.5312725 1.3211166 0.21518941 234 88 12
1.4708216 1.3384999 0.21608227 234 88 12
1.4413977 1.3510885 0.2164313 234 88 12
1.4345689 1.3561718 0.21646748 234 88 12
1.4325587 1.3581821 0.21646748 234 88 12
1.371156 1.3938056 0.21700193 234 88 12
1.3586552 1.3980738 0.21717261 234 88 12
1.3526419 1.400515 0.21724665 234 88 12
1.3463976 1.4067593 0.21724665 234 88 12
1.3401533 1.4130036 0.21724665 234 88 12
1.3173752 1.4168864 0.21763839 234 88 12
1.2862055 1.4416519 0.21777116 234 88 12
1.265397 1.4486258 0.21805798 234 88 12
1.2518635 1.4574896 0.21815479 234 88 12
1.2474102 1.4689783 0.21800892 234 88 12
1.211414 1.4990184 0.21813241 234 88 12
1.2024814 1.5075046 0.21814166 234 88 12
1.1753341 1.5194846 0.2184561 234 88 12
1.1360648 1.5493211 0.21865167 234 88 12
1.1323267 1.5572932 0.21856388 234 88 12
1.1170374 1.5695899 0.21862593 234 88 12
1.1148299 1.5717974 0.21862593 234 88 12
1.1028074 1.5855482 0.2185901 234 88 12
1.0977564 1.5896962 0.21860881 234 88 12
1.610466 1.2974913 0.21151988 234 88 12
1.6068891 1.3010682 0.21151988 234 88 12
1.6051006 1.3028566 0.21151988 234 88 12
1.5997354 1.3082219 0.21151988 234 88 12
1.5961585 1.3117987 0.21151988 234 88 12
1.5852944 1.3071696 0.21179973 234 88 12
1.4784424 1.3255522 0.21339767 234 88 12
1.4797146 1.331876 0.21326046 234 88 12
1.4347121 1.3563151 0.21363188 234 88 12
1.4320847 1.357615 0.21365586 234 88 12
1.4295377 1.3590173 0.21367654 234 88 12
1.4189193 1.3599558 0.21385138 234 88 12
1.3969972 1.3744773 0.21398504 234 88 12
1.3784035 1.3763245 0.21428752 234 88 12
1.3799477 1.382013 0.21415688 234 88 12
1.3758171 1.3861436 0.21415688 234 88 12
1.3659294 1.3887986 0.21428752 234 88 12
1.3634707 1.3945619 0.21422784 234 88 12
1.3523071 1.4002205 0.21432726 234 88 12
1.3156924 1.4155039 0.21471255 234 88 12
1.3098164 1.4222792 0.2146963 234 88 12
1.298071 1.4243482 0.21487108 234 88 12
1.2952387 1.42594 0.21489349 234 88 12
1.2930961 1.4280827 0.21489349 234 88 12
1.2913238 1.4343144 0.21481295 234 88 12
1.2645632 1.4405806 0.21518311 234 88 12
1.2593278 1.4442842 0.21521078 234 88 12
1.2428327 1.4623111 0.21518311 234 88 12
1.2410862 1.4647713 0.21517022 234 88 12
1.2279091 1.4741296 0.2152392 234 88 12
1.2239228 1.4787241 0.21522821 234 88 12
1.1970046 1.5044039 0.21525058 234 88 12
1.1770465 1.520483 0.21532065 234 88 12
1.174859 1.5226705 0.21532065 234 88 12
1.161708 1.5324689 0.21538121 234 88 12
1.1421617 1.5392085 0.21561252 234 88 12
1.128853 1.5525174 0.21561252 234 88 12
1.1266347 1.5547355 0.21561252 234 88 12
1.1189097 1.5609061 0.21564059 234 88 12
1.1022273 1.5791317 0.21561271 234 88 12
1.0891472 1.595624 0.21555108 234 88 12
1.085807 1.5973947 0.21557944 234 88 12
1.0816261 1.5988483 0.2156287 234 88 12
1.6427474 1.2998194 0.20846833 234 88 12
1.562798 1.3080814 0.20957169 234 88 12
1.4936223 1.3228965 0.21040834 234 88 12
1.464004 1.3249993 0.21083184 234 88 12
1.4660782 1.3322932 0.21068765 234 88 12
1.4604707 1.3387667 0.21067433 234 88 12
1.4572942 1.3392828 0.21071528 234 88 12
1.4478875 1.3411158 0.21083184 234 88 12
1.4228034 1.3556632 0.21099401 234 88 12
1.4085753 1.3614106 0.21112454 234 88 12
1.4024234 1.3675625 0.21112454 234 88 12
1.3654481 1.3883431 0.21137379 234 88 12
1.3591014 1.3904426 0.21143916 234 88 12
1.3465548 1.3949616 0.21156271 234 88 12
1.3318428 1.4057648 0.21162288 234 88 12
1.3109953 1.4116005 0.21185392 234 88 12
1.279936 1.4331894 0.21199968 234 88 12
1.267339 1.4388934 0.21210577 234 88 12
1.2581018 1.4434417 0.21217793 234 88 12
1.2493799 1.4521637 0.21217793 234 88 12
1.2471994 1.4543442 0.21217793 234 88 12
1.2202752 1.4764578 0.21225198 234 88 12
1.2006024 1.4820688 0.2124684 234 88 12
1.1983862 1.484285 0.2124684 234 88 12
1.1788954 1.5079421 0.21240428 234 88 12
1.1656451 1.5211923 0.21240428 234 88 12
1.1376976 1.5404097 0.21253864 234 88 12
1.6497917 1.3043249 0.20589371 234 88 12
1.5869367 1.3048142 0.20668691 234 88 12
1.5389602 1.3085698 0.20724933 234 88 12
1.5332481 1.3142819 0.20724933 234 88 12
1.5138695 1.3138876 0.20750082 234 88 12
1.511928 1.3158292 0.20750082 234 88 12
1.4937621 1.3230363 0.2076402 234 88 12
1.4836335 1.3278028 0.20770839 234 88 12
1.4712176 1.3297579 0.20784144 234 88 12
1.4579782 1.3355845 0.20793572 234 88 12
1.4436148 1.3448219 0.20800091 234 88 12
1.4397368 1.3446118 0.20805292 234 88 12
1.396186 1.3651725 0.20834531 234 88 12
1.3488094 1.3930068 0.20859386 234 88 12
1.3387212 1.3959144 0.20868519 234 88 12
1.3213766 1.4046278 0.20879497 234 88 12
1.3111478 1.4117529 0.20883444 234 88 12
1.2470224 1.4468274 0.20920393 234 88 12
1.2359247 1.4503059 0.20930083 234 88 12
1.2193249 1.4613721 0.20937121 234 88 12
1.2165624 1.4705364 0.20928979 234 88 12
1.2103775 1.4738367 0.20932648 234 88 12
1.2081636 1.4760505 0.20932648 234 88 12
1.1995578 1.4779025 0.20941238 234 88 12
1.1952446 1.4895519 0.20931907 234 88 12
1.1750287 1.5023772 0.20941307 234 88 12
1.1330906 1.5382391 0.20949034 234 88 12
1.0769894 1.5878845 0.20957246 234 88 12
1.6448886 1.2987268 0.20360102 234 88 12
1.6229278 1.3008887 0.20379989 234 88 12
1.6050047 1.2916421 0.2040728 234 88 12
1.5783507 1.2942247 0.20431459 234 88 12
1.4748198 1.3205442 0.20509015 234 88 12
1.4575137 1.3257936 0.20521125 234 88 12
1.4423873 1.338836 0.20523219 234 88 12
1.3455566 1.3900149 0.20569074 234 88 12
1.3392998 1.3924097 0.20572954 234 88 12
1.2891226 1.4172941 0.20598359 234 88 12
1.2852801 1.422034 0.20597458 234 88 12
1.272718 1.4277588 0.20604326 234 88 12
1.2476953 1.4398159 0.20617349 234 88 12
1.1961032 1.47944 0.20629372 234 88 12
1.1652163 1.5108633 0.20628832 234 88 12
1.3300706 1.616683 0.2035695 234 88 12
1.3249218 1.6218318 0.2035695 234 88 12
1.3214893 1.6252643 0.2035695 234 88 12
1.3101147 1.6222206 0.20371433 234 88 12
1.3066275 1.6257079 0.20371433 234 88 12
1.1137911 1.5423939 0.20648816 234 88 12
1.1115234 1.5446616 0.20648816 234 88 12
1.6135399 1.2923691 0.20145133 234 88 12
1.6022984 1.291574 0.20154002 234 88 12
1.5973878 1.2927467 0.20156758 234 88 12
1.5666223 1.2939852 0.20178516 234 88 12
1.5025522 1.3116151 0.2021274 234 88 12
1.4294002 1.3367161 0.20248151 234 88 12
1.4068328 1.3463933 0.20257649 234 88 12
1.4053036 1.3490924 0.20256788 234 88 12
1.396976 1.35742 0.20256788 234 88 12
1.3782191 1.3677294 0.20263013 234 88 12
1.3661833 1.3725183 0.20268354 234 88 12
1.3566113 1.3798859 0.20269978 234 88 12
1.3523088 1.3840508 0.20270079 234 88 12
1.3445411 1.3849939 0.20275109 234 88 12
1.3411806 1.3859861 0.20276853 234 88 12
1.3204002 1.3998305 0.20281965 234 88 12
1.2901139 1.4102594 0.20296599 234 88 12
1.2879295 1.4124438 0.20296599 234 88 12
1.2840452 1.4171968 0.20295958 234 88 12
1.2810831 1.4187667 0.20296983 234 88 12
1.251689 1.4351344 0.20306584 234 88 12
1.2397683 1.4341809 0.20316072 234 88 12
1.2307187 1.4505678 0.20310664 234 88 12
1.2236375 1.4532329 0.20313919 234 88 12
1.2121142 1.4604498 0.20317093 234 88 12
1.1786253 1.4797606 0.2032754 234 88 12
1.1612422 1.4982822 0.20326701 234 88 12
1.1547374 1.5052215 0.2032638 234 88 12
1.151014 1.5066921 0.2032804 234 88 12
1.320266 1.6195385 0.20120154 234 88 12
1.1139526 1.5425555 0.20328924 234 88 12
1.097592 1.5549291 0.20331863 234 88 12
1.0665804 1.5965463 0.20324047 234 88 12
1.6483604 1.2893517 0.19877228 234 88 12
1.613066 1.2857968 0.19895458 234 88 12
1.6022172 1.2966455 0.19895458 234 88 12
1.577612 1.2926644 0.19908872 234 88 12
1.4602259 1.3199086 0.19951172 234 88 12
1.4519051 1.3231859 0.19953538 234 88 12
1.4366509 1.3318073 0.19956651 234 88 12
1.4358625 1.3353906 0.1995534 234 88 12
1.4304836 1.3379745 0.19956651 234 88 12
1.4069813 1.3465419 0.19963659 234 88 12
1.3960495 1.356413 0.19964157 234 88 12
1.3917912 1.356182 0.19966264 234 88 12
1.3540248 1.3732308 0.19975986 234 88 12
1.3072491 1.4005961 0.19985093 234 88 12
1.292009 1.4038808 0.19990703 234 88 12
1.2890116 1.4054176 0.19991389 234 88 12
1.2197169 1.4392873 0.20008013 234 88 12
1.2127787 1.4459791 0.20008127 234 88 12
1.2049202 1.4558161 0.20007199 234 88 12
1.1863601 1.4736068 0.20007561 234 88 12
1.166657 1.4836065 0.20012113 234 88 12
1.1543823 1.4945194 0.20012753 234 88 12
1.3279718 1.6157126 0.19874427 234 88 12
1.1364561 1.5198672 0.2000927 234 88 12
1.1005163 1.5463979 0.20013686 234 88 12
1.6484839 1.2894753 0.19632579 234 88 12
1.5832894 1.281764 0.19647264 234 88 12
1.5309684 1.3005131 0.19654027 234 88 12
1.5217441 1.3010421 0.19655778 234 88 12
1.507089 1.2986022 0.19659221 234 88 12
1.4860339 1.3120267 0.19660757 234 88 12
1.4582276 1.3219455 0.19664361 234 88 12
1.4520507 1.3233315 0.19665326 234 88 12
1.4304813 1.3334285 0.19667637 234 88 12
1.4159694 1.338933 0.19669451 234 88 12
1.3892128 1.3490531 0.19672802 234 88 12
1.3831694 1.3557068 0.1967268 234 88 12
1.3705205 1.3598775 0.19674388 234 88 12
1.3497328 1.3733013 0.1967587 234 88 12
1.3256924 1.3842158 0.19678514 234 88 12
1.2956307 1.4028988 0.19680806 234 88 12
1.2921653 1.4040371 0.19681275 234 88 12
1.2788614 1.4091948 0.19682916 234 88 12
1.2655294 1.4145503 0.19684522 234 88 12
1.2545359 1.4218732 0.19685261 234 88 12
1.2445234 1.4261329 0.1968642 234 88 12
1.2260089 1.4398699 0.19687383 234 88 12
1.21294 1.4461404 0.19688752 234 88 12
1.2103002 1.451919 0.1968812 234 88 12
1.2073414 1.4537168 0.19688353 234 88 12
1.1967961 1.454342 0.19690351 234 88 12
1.1624905 1.4812485 0.19691843 234 88 12
1.1567951 1.4888009 0.19691469 234 88 12
1.1508697 1.4961931 0.19691172 234 88 12
1.138669 1.4966096 0.19693546 234 88 12
1.1387308 1.5037371 0.19692098 234 88 12
1.1278876 1.5050327 0.19694021 234 88 12
1.1066254 1.535892 0.19692089 234 88 12
1.655728 1.2830976 0.19387971 234 88 12
1.6507131 1.2770869 0.19387236 234 88 12
1.626968 1.2812394 0.19385932 234 88 12
1.617311 1.2832118 0.19385421 234 88 12
1.5676783 1.2850668 0.19382243 234 88 12
1.5627798 1.2869146 0.19382039 234 88 12
1.5277293 1.2953007 0.19380265 234 88 12
1.4928379 1.3022401 0.19378404 234 88 12
1.4877679 1.3047533 0.19378234 234 88 12
1.399763 1.3384471 0.19374621 234 88 12
1.3872497 1.3513174 0.19374645 234 88 12
1.3851361 1.3534311 0.19374645 234 88 12
1.3242718 1.3829489 0.19372559 234 88 12
1.3040026 1.389756 0.19371663 234 88 12
1.2970029 1.3919445 0.19371343 234 88 12
1.2933518 1.3969998 0.19371435 234 88 12
1.2343538 1.4265571 0.19369477 234 88 12
1.1900694 1.453827 0.19368345 234 88 12
1.1847609 1.4579587 0.19368266 234 88 12
1.1487359 1.491508 0.19368102 234 88 12
1.1362461 1.498933 0.19367765 234 88 12
1.1267287 1.5044998 0.19367501 234 88 12
1.1118129 1.5248258 0.19367862 234 88 12
1.1030918 1.5342969 0.19367911 234 88 12
1.0745064 1.5615767 0.19367824 234 88 12
1.6803795 1.2785751 0.19150141 234 88 12
1.650838 1.2772118 0.19139798 234 88 12
1.6297089 1.2756544 0.19132206 234 88 12
1.5963582 1.2794151 0.19122303 234 88 12
1.5673369 1.2736372 0.19110657 234 88 12
1.5648057 1.2851262 0.19113655 234 88 12
1.5558193 1.2851548 0.19110657 234 88 12
1.545868 1.2890226 0.19108622 234 88 12
1.5244212 1.2899777 0.19101763 234 88 12
1.5224512 1.2919477 0.19101763 234 88 12
1.5010871 1.2994434 0.19097123 234 88 12
1.4730217 1.3035324 0.19089098 234 88 12
1.4609234 1.3112462 0.19087631 234 88 12
1.4483529 1.3138469 0.19084294 234 88 12
1.4361675 1.3219254 0.1908292 234 88 12
1.395685 1.3428264 0.19076367 234 88 12
1.3846532 1.3485374 0.19074586 234 88 12
1.3708795 1.3515759 0.19070993 234 88 12
1.3609332 1.3587831 0.19070077 234 88 12
1.3501073 1.36094 0.19067176 234 88 12
1.3479407 1.3631065 0.19067176 234 88 12
1.2467366 1.4121333 0.19049715 234 88 12
1.2200655 1.4280968 0.19046131 234 88 12
1.2135341 1.4390264 0.19047603 234 88 12
1.1982374 1.4402119 0.19042879 234 88 12
1.1872202 1.4558265 0.19044419 234 88 12
1.1739714 1.462505 0.19042219 234 88 12
1.1674266 1.4659525 0.19041184 234 88 12
1.1605639 1.4729421 0.19041225 234 88 12
1.1306257 1.4959716 0.19038914 234 88 12
1.1268938 1.5046649 0.19040574 234 88 12
1.0995538 1.5292729 0.19039659 234 88 12
1.0944753 1.5337145 0.19039446 234 88 12
1.2747293 1.6240207 0.19129993 234 88 12
1.0636973 1.5735153 0.19042467 234 88 12
1.6805003 1.2786959 0.18910988 234 88 12
1.6280397 1.2775797 0.18878685 234 88 12
1.6154709 1.2790961 0.18872021 234 88 12
1.5245616 1.290118 0.18823855 234 88 12
1.497012 1.2983315 0.18812197 234 88 12
1.4762632 1.3030959 0.18802559 234 88 12
1.465643 1.3031058 0.18796162 234 88 12
1.4516368 1.3133037 0.18793866 234 88 12
1.4109608 1.3285533 0.18778536 234 88 12
1.3613684 1.3548968 0.18764518 234 88 12
1.3480951 1.3632609 0.18761559 234 88 12
1.3311363 1.3725767 0.18756951 234 88 12
1.2967006 1.3876349 0.18745267 234 88 12
1.2944827 1.3898528 0.18745267 234 88 12
1.2759147 1.3988956 0.18739524 234 88 12
1.2423667 1.4168261 0.18730108 234 88 12
1.232875 1.417721 0.18724926 234 88 12
1.1695087 1.4598191 0.18712102 234 88 12
1.1619169 1.4664111 0.187115 234 88 12
1.1563334 1.4741997 0.18712829 234 88 12
1.1394686 1.4864767 0.18710063 234 88 12
1.1308484 1.4925735 0.18708542 234 88 12
1.1257991 1.5006117 0.18710344 234 88 12
1.123471 1.5029397 0.18710344 234 88 12
1.114898 1.5055666 0.18706758 234 88 12
1.0775895 1.5498011 0.18710935 234 88 12
1.0712166 1.5570408 0.18711457 234 88 12
1.0615227 1.5628726 0.18709129 234 88 12
1.675907 1.2726158 0.18662323 234 88 12
1.665333 1.2639682 0.18645576 234 88 12
1.5934182 1.2733872 0.18591121 234 88 12
1.5553544 1.273526 0.18558076 234 88 12
1.5363773 1.2781959 0.1854561 234 88 12
1.5365938 1.2837759 0.1855066 234 88 12
1.5323133 1.2819375 0.18545328 234 88 12
1.4853624 1.296243 0.18516883 234 88 12
1.4419369 1.3103061 0.18491299 234 88 12
1.4316372 1.3162677 0.18487519 234 88 12
1.4265434 1.3193713 0.18485786 234 88 12
1.4182853 1.318723 0.18478025 234 88 12
1.4076935 1.3293147 0.18478025 234 88 12
1.3964344 1.3346772 0.18472888 234 88 12
1.3730407 1.3405989 0.18457663 234 88 12
1.3345944 1.3631046 0.18443774 234 88 12
1.3134571 1.3732359 0.18434183 234 88 12
1.3041222 1.381673 0.18433401 234 88 12
1.2594675 1.4019761 0.18412183 234 88 12
1.2455658 1.4073254 0.18404731 234 88 12
1.2141773 1.4240419 0.18391947 234 88 12
1.1604598 1.4618603 0.18378094 234 88 12
1.1488817 1.4661674 0.18371758 234 88 12
1.1485054 1.4696758 0.18374488 234 88 12
1.1353322 1.4842401 0.18375699 234 88 12
1.1087594 1.5060357 0.18371537 234 88 12
1.0940062 1.5233142 0.18373737 234 88 12
1.0742799 1.5416495 0.18372525 234 88 12
1.06917 1.5495452 0.18374953 234 88 12
1.6517341 1.2668923 0.18385886 234 88 12
1.6393627 1.2677041 0.18372709 234 88 12
1.6119553 1.2657688 0.18339261 234 88 12
1.5613238 1.2678335 0.18283901 234 88 12
1.5467098 1.2797196 0.18280792 234 88 12
1.5158372 1.2761242 0.18241502 234 88 12
1.5140054 1.2835803 0.18247913 234 88 12
1.5068709 1.2878802 0.18244682 234 88 12
1.4654779 1.2979095 0.18208931 234 88 12
1.4254216 1.3179765 0.18186146 234 88 12
1.4147463 1.3191264 0.18175288 234 88 12
1.4104965 1.3233762 0.18175288 234 88 12
1.3947394 1.3282248 0.18162854 234 88 12
1.3915129 1.3291632 0.18160246 234 88 12
1.3878258 1.3341374 0.18161713 234 88 12
1.362219 1.3381441 0.18137091 234 88 12
1.3549571 1.3440006 0.1813549 234 88 12
1.347248 1.3538098 0.18137883 234 88 12
1.3309746 1.3596672 0.18126011 234 88 12
1.319939 1.3707027 0.18126011 234 88 12
1.2742763 1.3894502 0.18095329 234 88 12
1.2605137 1.3947085 0.18085636 234 88 12
1.2381556 1.4057628 0.18072751 234 88 12
1.2356286 1.4118922 0.18076858 234 88 12
1.2254944 1.412398 0.18065882 234 88 12
1.1905997 1.435281 0.18052191 234 88 12
1.1332386 1.4794743 0.18037181 234 88 12
1.1293616 1.4846467 0.18038657 234 88 12
1.1145644 1.4948003 0.18033364 234 88 12
1.1066709 1.5050448 0.18036044 234 88 12
1.0955033 1.5171354 0.18037096 234 88 12
1.067158 1.545366 0.18036966 234 88 12
1.6430814 1.2642411 0.18119438 234 88 12
1.637318 1.2628363 0.18109341 234 88 12
1.6182073 1.2673758 0.18088818 234 88 12
1.5794581 1.2683389 0.18035592 234 88 12
1.5472265 1.2698603 0.17992334 234 88 12
1.5422078 1.2719454 0.17988202 234 88 12
1.5077882 1.2841182 0.17956866 234 88 12
1.4860502 1.2871358 0.17930497 234 88 12
1.4737598 1.294544 0.1792362 234 88 12
1.467454 1.295658 0.17916307 234 88 12
1.4063965 1.323185 0.17869076 234 88 12
1.3488969 1.3510869 0.17827386 234 88 12
1.3349251 1.35481 0.17812949 234 88 12
1.2916512 1.3750238 0.17780468 234 88 12
1.2647765 1.3899583 0.17763649 234 88 12
1.2256588 1.4125624 0.17740388 234 88 12
1.1991416 1.4254751 0.17721225 234 88 12
1.1912735 1.4318914 0.17719181 234 88 12
1.1276597 1.4801042 0.17697488 234 88 12
1.1010203 1.5022256 0.17691123 234 88 12
1.0911437 1.5079691 0.17685302 234 88 12
1.0822477 1.5213227 0.17691581 234 88 12
1.0699838 1.529534 0.17685872 234 88 12
1.2608885 1.6205901 0.18083036 234 88 12
1.2590438 1.6224346 0.18083036 234 88 12
1.0549983 1.5469332 0.17689271 234 88 12
1.6682208 1.2518981 0.17887203 234 88 12
1.6593628 1.260756 0.17887203 234 88 12
1.601096 1.260164 0.17788473 234 88 12
1.5746599 1.2702066 0.17760974 234 88 12
1.5564896 1.2698232 0.17729852 234 88 12
1.4683646 1.2869493 0.17610757 234 88 12
1.4571289 1.296288 0.17607574 234 88 12
1.4003062 1.3160938 0.17545483 234 88 12
1.3869485 1.3240297 0.17536387 234 88 12
1.3783623 1.328271 0.17529099 234 88 12
1.3126436 1.3640455 0.1747887 234 88 12
1.252264 1.3923182 0.17425014 234 88 12
1.1936164 1.4217237 0.17375962 234 88 12
1.1164027 1.4813284 0.17346425 234 88 12
1.1140176 1.4837135 0.17346425 234 88 12
1.0912056 1.5045006 0.17343028 234 88 12
1.0823964 1.5144207 0.17344892 234 88 12
1.0801536 1.5204072 0.17351171 234 88 12
1.6770465 1.2558328 0.17661646 234 88 12
1.6031139 1.2584146 0.17522769 234 88 12
1.6012303 1.2602983 0.17522769 234 88 12
1.5873659 1.2609779 0.17497106 234 88 12
1.5775253 1.2644222 0.17484656 234 88 12
1.5756044 1.2663431 0.17484656 234 88 12
1.5511029 1.2601421 0.17424896 234 88 12
1.5502588 1.2641222 0.17431 234 88 12
1.5352135 1.2705841 0.17414293 234 88 12
1.4878074 1.2845198 0.17349146 234 88 12
1.4753822 1.2817194 0.17319511 234 88 12
1.4649702 1.2921314 0.17319511 234 88 12
1.4622574 1.2933536 0.1731661 234 88 12
1.4095479 1.3081498 0.17242815 234 88 12
1.3896805 1.3224738 0.17232026 234 88 12
1.3545759 1.3346717 0.17187439 234 88 12
1.3479412 1.3413064 0.17187439 234 88 12
1.3457296 1.343518 0.17187439 234 88 12
1.3151102 1.3533787 0.17147034 234 88 12
1.3009864 1.3663324 0.17144758 234 88 12
1.2886887 1.3724934 0.17132813 234 88 12
1.2588513 1.3810437 0.17091379 234 88 12
1.2150338 1.4089117 0.17060335 234 88 12
1.1854934 1.4241642 0.17032525 234 88 12
1.1807672 1.4288903 0.17032525 234 88 12
1.1753699 1.4292462 0.17022713 234 88 12
1.1729972 1.4316188 0.17022713 234 88 12
1.1584154 1.4456387 0.17021619 234 88 12
1.1506194 1.4523478 0.17019503 234 88 12
1.1430076 1.4591866 0.17017998 234 88 12
1.1398839 1.4611228 0.17015687 234 88 12
1.1200625 1.4760134 0.17006089 234 88 12
1.1007702 1.4913834 0.16998455 234 88 12
1.0857927 1.5054621 0.16996706 234 88 12
1.0793201 1.5130082 0.16998795 234 88 12
1.0654408 1.5276146 0.1700021 234 88 12
1.0534673 1.539588 0.1700021 234 88 12
1.0517005 1.542258 0.17001969 234 88 12
1.6734476 1.2524295 0.17399037 234 88 12
1.6372524 1.2500669 0.1731361 234 88 12
1.5780457 1.2483126 0.17178547 234 88 12
1.5165936 1.2717547 0.17094335 234 88 12
1.5137738 1.2725153 0.17089772 234 88 12
1.5117464 1.2745427 0.17089772 234 88 12
1.4887556 1.2807651 0.17052622 234 88 12
1.4679565 1.281232 0.17007574 234 88 12
1.4219795 1.3041757 0.16956544 234 88 12
1.4107887 1.3096043 0.16943778 234 88 12
1.3975995 1.3081924 0.16911428 234 88 12
1.3927647 1.3166853 0.16919532 234 88 12
1.3845234 1.3212851 0.16911465 234 88 12
1.3704656 1.3287969 0.16896962 234 88 12
1.3484751 1.3373821 0.16867262 234 88 12
1.3440379 1.3418193 0.16867262 234 88 12
1.3407124 1.3429353 0.16862367 234 88 12
1.3332963 1.3400239 0.16839485 234 88 12
1.3142759 1.3482224 0.16815509 234 88 12
1.3115587 1.3544314 0.16823246 234 88 12
1.2861196 1.3702837 0.16802005 234 88 12
1.2691764 1.3685204 0.16760561 234 88 12
1.259793 1.3776449 0.16759987 234 88 12
1.2497125 1.38622 0.16756651 234 88 12
1.2473987 1.3885337 0.16756651 234 88 12
1.2450851 1.3908473 0.16756651 234 88 12
1.236685 1.3884153 0.16732652 234 88 12
1.2313935 1.3926058 0.16730213 234 88 12
1.2247471 1.3998871 0.1673162 234 88 12
1.1999065 1.4102012 0.16699435 234 88 12
1.1880248 1.4219694 0.16699184 234 88 12
1.1825486 1.4222238 0.16687615 234 88 12
1.1794029 1.4240775 0.16684753 234 88 12
1.1585182 1.4418954 0.16677958 234 88 12
1.1402178 1.453773 0.16663727 234 88 12
1.368876 1.5965285 0.17486611 234 88 12
1.1212925 1.465524 0.16647832 234 88 12
1.078632 1.5055848 0.16642073 234 88 12
1.0774137 1.5085838 0.16646019 234 88 12
1.057389 1.5275081 0.16643581 234 88 12
1.0557427 1.5372345 0.16661483 234 88 12
1.6308312 1.2533144 0.17046225 234 88 12
1.61699 1.2524128 0.17009592 234 88 12
1.5703908 1.2562758 0.16903399 234 88 12
1.5643225 1.2561631 0.1688804 234 88 12
1.5429559 1.251032 0.168222 234 88 12
1.5288631 1.2651249 0.168222 234 88 12
1.5268497 1.2671381 0.168222 234 88 12
1.4906807 1.2680819 0.1673467 234 88 12
1.4132124 1.3029786 0.16628887 234 88 12
1.411051 1.30514 0.16628887 234 88 12
1.4073887 1.3055055 0.16620696 234 88 12
1.3694323 1.3184801 0.1655862 234 88 12
1.3672169 1.3206955 0.1655862 234 88 12
1.3500348 1.3344824 0.16550183 234 88 12
1.3220308 1.3423716 0.16500202 234 88 12
1.3152505 1.3491518 0.16500202 234 88 12
1.2953093 1.3612833 0.16480796 234 88 12
1.2670306 1.3709953 0.16434661 234 88 12
1.2557311 1.3785559 0.1642537 234 88 12
1.2525932 1.3802085 0.1642168 234 88 12
1.2377125 1.3892531 0.16407178 234 88 12
1.2353811 1.3915845 0.16407178 234 88 12
1.2020377 1.4077204 0.16364421 234 88 12
1.1872407 1.4134732 0.16341947 234 88 12
1.1848593 1.4158547 0.16341947 234 88 12
1.1627495 1.4289832 0.16319631 234 88 12
1.1579525 1.4337803 0.16319631 234 88 12
1.1468816 1.442458 0.16313684 234 88 12
1.1287686 1.4585223 0.16308594 234 88 12
1.1117418 1.4715221 0.16298586 234 88 12
1.1093272 1.4739367 0.16298586 234 88 12
1.0910007 1.4864047 0.16284029 234 88 12
1.0808115 1.4958606 0.16282207 234 88 12
1.0744181 1.5035825 0.16285509 234 88 12
1.0730066 1.5065051 0.16289264 234 88 12
1.0485176 1.5410542 0.16314261 234 88 12
1.0421534 1.548622 0.16317251 234 88 12
1.0373527 1.5534227 0.16317251 234 88 12
1.6680999 1.2442868 0.16863513 234 88 12
1.6403135 1.2445801 0.16787791 234 88 12
1.6276999 1.2460012 0.16756964 234 88 12
1.6128641 1.2432517 0.16708529 234 88 12
1.6090733 1.2470427 0.16708529 234 88 12
1.5823064 1.2506346 0.166447 234 88 12
1.5803667 1.2525741 0.166447 234 88 12
1.5644623 1.256303 0.16611165 234 88 12
1.5256623 1.2596997 0.16513656 234 88 12
1.5236322 1.26173 0.16513656 234 88 12
1.5195143 1.2603401 0.16498487 234 88 12
1.5174736 1.2623808 0.16498487 234 88 12
1.4936445 1.2672706 0.16446322 234 88 12
1.4841527 1.2686472 0.1642397 234 88 12
1.4718407 1.2764611 0.16411583 234 88 12
1.4676391 1.2806629 0.16411583 234 88 12
1.4427693 1.2868017 0.16359992 234 88 12
1.3527468 1.3282264 0.16226143 234 88 12
1.3407197 1.3339965 0.16208908 234 88 12
1.3267839 1.338083 0.16181782 234 88 12
1.3042605 1.3520586 0.16158238 234 88 12
1.2981688 1.3552114 0.16150144 234 88 12
1.2511743 1.3748653 0.16074841 234 88 12
1.2460662 1.3791786 0.16072652 234 88 12
1.2086282 1.4003052 0.16027726 234 88 12
1.1681423 1.420643 0.15972234 234 88 12
1.1496186 1.4324695 0.15953788 234 88 12
1.1507857 1.4371465 0.15969884 234 88 12
1.1347321 1.4428488 0.15941374 234 88 12
1.0630388 1.508963 0.15926008 234 88 12
1.66169 1.2403007 0.16579054 234 88 12
1.6587297 1.2391456 0.16566609 234 88 12
1.6466323 1.2471271 0.16554163 234 88 12
1.6106939 1.2322404 0.16400479 234 88 12
1.6049306 1.2380037 0.16400479 234 88 12
1.5391852 1.2607695 0.16270515 234 88 12
1.5195148 1.2602481 0.16209459 234 88 12
1.4996825 1.2606566 0.16150725 234 88 12
1.4937925 1.2674185 0.16153361 234 88 12
1.4883956 1.2697068 0.16143961 234 88 12
1.4601461 1.2802429 0.16090399 234 88 12
1.4548635 1.2830433 0.16082893 234 88 12
1.4437295 1.2830456 0.16049233 234 88 12
1.4094787 1.2837107 0.15947676 234 88 12
1.3874141 1.3057753 0.15947676 234 88 12
1.3482432 1.3235232 0.15882896 234 88 12
1.3280654 1.3348578 0.15856156 234 88 12
1.3200849 1.3360248 0.15835553 234 88 12
1.3178078 1.3383019 0.15835553 234 88 12
1.3105489 1.3447294 0.1583304 234 88 12
1.2626532 1.3630602 0.1574364 234 88 12
1.2552011 1.3696947 0.15741168 234 88 12
1.2497675 1.3737471 0.15736991 234 88 12
1.2474283 1.3760864 0.15736991 234 88 12
1.2307186 1.3796669 0.15697291 234 88 12
1.1926764 1.4052145 0.1565951 234 88 12
1.1497909 1.4326416 0.15612766 234 88 12
1.1441878 1.4369966 0.15608992 234 88 12
1.1410513 1.438972 0.15605481 234 88 12
1.0769411 1.4940628 0.15578207 234 88 12
1.0536262 1.5189586 0.15582988 234 88 12
1.0510046 1.5248625 0.15592913 234 88 12
1.0448382 1.5291345 0.15587185 234 88 12
1.0399709 1.5340018 0.15587185 234 88 12
1.6767526 1.2408155 0.16374394 234 88 12
1.6328207 1.2389677 0.16223617 234 88 12
1.5843433 1.242792 0.1607655 234 88 12
1.5552952 1.2447842 0.15987441 234 88 12
1.5350617 1.259052 0.15967792 234 88 12
1.5257648 1.2596778 0.15939233 234 88 12
1.5237336 1.261709 0.15939233 234 88 12
1.4709135 1.259426 0.15757748 234 88 12
1.4495512 1.2807884 0.15757748 234 88 12
1.4393985 1.2822428 0.15729101 234 88 12
1.4295074 1.2842633 0.15703177 234 88 12
1.4251717 1.2885989 0.15703177 234 88 12
1.4165272 1.2924393 0.15687355 234 88 12
1.4061388 1.2894025 0.15643139 234 88 12
1.3607584 1.3136587 0.15573566 234 88 12
1.3580401 1.3153903 0.15570316 234 88 12
1.3402145 1.3243836 0.15541227 234 88 12
1.3312652 1.3289955 0.15526941 234 88 12
1.3191262 1.3305761 0.15492167 234 88 12
1.3018576 1.3410083 0.15469651 234 88 12
1.2732693 1.3548572 0.15421106 234 88 12
1.2525979 1.3675648 0.15394877 234 88 12
1.2337036 1.3778291 0.15366453 234 88 12
1.1661421 1.4153917 0.15267651 234 88 12
1.1547315 1.4239448 0.15258239 234 88 12
1.150655 1.4253043 0.1524929 234 88 12
1.1457939 1.4301653 0.1524929 234 88 12
1.111974 1.4488964 0.15199594 234 88 12
1.1047707 1.4602267 0.15213187 234 88 12
1.0954478 1.4664923 0.15203118 234 88 12
1.0915123 1.4681388 0.15195578 234 88 12
1.0890507 1.4706005 0.15195578 234 88 12
1.3089231 1.6039805 0.16359031 234 88 12
1.6200554 1.2342745 0.1589715 234 88 12
1.6022567 1.2319528 0.15825453 234 88 12
1.5932374 1.2310749 0.15790185 234 88 12
1.5774131 1.2406052 0.15767758 234 88 12
1.5704942 1.2445771 0.15757255 234 88 12
1.5493022 1.2450825 0.15683541 234 88 12
1.497761 1.2574892 0.15544088 234 88 12
1.4519281 1.2738503 0.15439069 234 88 12
1.4463835 1.2764431 0.15428551 234 88 12
1.4442323 1.2785943 0.15428551 234 88 12
1.436736 1.2836781 0.15419954 234 88 12
1.4286096 1.2830572 0.15388784 234 88 12
1.4218916 1.2843809 0.15369561 234 88 12
1.3943958 1.2947 0.15308353 234 88 12
1.3907748 1.295259 0.15297443 234 88 12
1.3775487 1.2943645 0.15247124 234 88 12
1.3732915 1.3039092 0.15265967 234 88 12
1.3513196 1.3128487 0.15219526 234 88 12
1.2946976 1.3388054 0.15110254 234 88 12
1.2757665 1.3526921 0.15092279 234 88 12
1.2397405 1.3699212 0.15025297 234 88 12
1.225088 1.3710439 0.14977086 234 88 12
1.2179098 1.3782221 0.14977086 234 88 12
1.1837492 1.3989763 0.14929312 234 88 12
1.1542614 1.4196799 0.14898011 234 88 12
1.1518263 1.422115 0.14898011 234 88 12
1.146986 1.4229975 0.14883907 234 88 12
1.1445434 1.42544 0.14883907 234 88 12
1.1297688 1.4360774 0.14869165 234 88 12
1.1109134 1.4483477 0.14845699 234 88 12
1.0893892 1.467054 0.14835657 234 88 12
1.0667355 1.492761 0.14846538 234 88 12
1.0537708 1.5084028 0.14856078 234 88 12
1.0522581 1.5113084 0.14861041 234 88 12
1.0458229 1.5191021 0.14865883 234 88 12
1.0401645 1.5272229 0.14874656 234 88 12
1.037717 1.5296704 0.14874656 234 88 12
1.0316137 1.5375508 0.14880989 234 88 12
1.0291696 1.539995 0.14880989 234 88 12
1.6576477 1.2157501 0.15701135 234 88 12
1.6557832 1.2176147 0.15701135 234 88 12
1.6408669 1.2325311 0.15701135 234 88 12
1.6211126 1.2302743 0.15616757 234 88 12
1.6101499 1.2243359 0.15551968 234 88 12
1.600456 1.2340298 0.15551968 234 88 12
1.5946397 1.239846 0.15551968 234 88 12
1.5866371 1.2412477 0.15526663 234 88 12
1.5625631 1.2466294 0.15455008 234 88 12
1.529892 1.2388446 0.15299922 234 88 12
1.5288357 1.242644 0.15310438 234 88 12
1.5267768 1.2447029 0.15310438 234 88 12
1.5090748 1.2483597 0.15256597 234 88 12
1.5030127 1.2440313 0.15216766 234 88 12
1.4945904 1.2524534 0.15216766 234 88 12
1.4252427 1.2736195 0.15032065 234 88 12
1.4208478 1.2780144 0.15032065 234 88 12
1.3800981 1.2972766 0.14949694 234 88 12
1.371304 1.2968563 0.14914371 234 88 12
1.3709642 1.3012693 0.14929986 234 88 12
1.3594091 1.3074648 0.1490944 234 88 12
1.3089792 1.3297877 0.14801694 234 88 12
1.3059125 1.3313761 0.14796028 234 88 12
1.2907996 1.3396845 0.14769943 234 88 12
1.2816633 1.3402674 0.14737155 234 88 12
1.2793192 1.3426116 0.14737155 234 88 12
1.2461121 1.3622448 0.1468512 234 88 12
1.2322527 1.3682046 0.14654838 234 88 12
1.2232405 1.3696171 0.14625704 234 88 12
1.2208409 1.3720167 0.14625704 234 88 12
1.1730684 1.4039092 0.1456483 234 88 12
1.1294132 1.4239348 0.14474247 234 88 12
1.0905818 1.4601079 0.14464058 234 88 12
1.0896161 1.4634252 0.14473072 234 88 12
1.0602943 1.493324 0.14475283 234 88 12
1.0578198 1.4957985 0.14475283 234 88 12
1.0553454 1.4982729 0.14475283 234 88 12
1.0382909 1.5229098 0.14504349 234 88 12
1.034421 1.5318404 0.14523749 234 88 12
1.0255153 1.538523 0.14515227 234 88 12
1.6628176 1.2156881 0.15457988 234 88 12
1.6320823 1.2239888 0.15365925 234 88 12
1.6263881 1.2296832 0.15365925 234 88 12
1.6244899 1.2315812 0.15365925 234 88 12
1.5524694 1.2392259 0.15101753 234 88 12
1.5185326 1.2417887 0.14973009 234 88 12
1.5113091 1.2464225 0.14962381 234 88 12
1.3959033 1.281739 0.14633729 234 88 12
1.3811436 1.288759 0.14601967 234 88 12
1.330768 1.3146683 0.14501569 234 88 12
1.3086839 1.3249414 0.144531 234 88 12
1.3049326 1.3258833 0.14441572 234 88 12
1.278671 1.3375628 0.14381734 234 88 12
1.2645872 1.3473243 0.14363995 234 88 12
1.2478162 1.3549755 0.14326572 234 88 12
1.2430536 1.3597381 0.14326572 234 88 12
1.2173848 1.3736306 0.14278248 234 88 12
1.1740956 1.3964019 0.1419405 234 88 12
1.1588272 1.4065495 0.14173037 234 88 12
1.1563745 1.4090022 0.14173037 234 88 12
1.1365381 1.4204407 0.14138575 234 88 12
1.1316007 1.4253781 0.14138575 234 88 12
1.1246396 1.4290611 0.14125124 234 88 12
1.0829343 1.4636749 0.14096022 234 88 12
1.0776 1.4684592 0.14093766 234 88 12
1.0751104 1.4709488 0.14093766 234 88 12
1.0243701 1.5381304 0.14161234 234 88 12
1.6680989 1.2160745 0.15219907 234 88 12
1.6644089 1.2197645 0.15219907 234 88 12
1.649079 1.226573 0.15182635 234 88 12
1.6472176 1.2284343 0.15182635 234 88 12
1.6391652 1.2215109 0.15117133 234 88 12
1.6334956 1.2271804 0.15117133 234 88 12
1.6075805 1.2245518 0.14992286 234 88 12
1.5986605 1.2237562 0.14949791 234 88 12
1.5947348 1.2276819 0.14949791 234 88 12
1.5657665 1.2351156 0.14855601 234 88 12
1.5166 1.2440177 0.14679489 234 88 12
1.5145192 1.2460985 0.14679489 234 88 12
1.4959066 1.24347 0.14586583 234 88 12
1.4443067 1.2631878 0.14447133 234 88 12
1.4141054 1.2793608 0.14385775 234 88 12
1.4000888 1.2818497 0.14335354 234 88 12
1.3965861 1.2825346 0.1432303 234 88 12
1.3770217 1.2839102 0.14243473 234 88 12
1.3334914 1.3081044 0.141589 234 88 12
1.2733916 1.3327794 0.14003956 234 88 12
1.2710161 1.3351549 0.14003956 234 88 12
1.263221 1.3416922 0.13998455 234 88 12
1.2584653 1.3464481 0.13998455 234 88 12
1.2130122 1.3702608 0.13903803 234 88 12
1.1696448 1.3933197 0.13814975 234 88 12
1.162271 1.4006937 0.13814975 234 88 12
1.1436787 1.4129208 0.13787135 234 88 12
1.0734322 1.4662949 0.13713337 234 88 12
1.0605186 1.4823847 0.1372723 234 88 12
1.01521 1.537835 0.13771589 234 88 12
1.6740335 1.2114323 0.1496443 234 88 12
1.6629753 1.2224904 0.1496443 234 88 12
1.6574461 1.2280196 0.1496443 234 88 12
1.6404651 1.2179574 0.14838831 234 88 12
1.6287409 1.2220951 0.14803597 234 88 12
1.6177653 1.2157176 0.14723003 234 88 12
1.6038159 1.222353 0.14689034 234 88 12
1.4793179 1.2502775 0.14240514 234 88 12
1.4718884 1.2552102 0.14228918 234 88 12
1.4676591 1.2543004 0.1420505 234 88 12
1.4571426 1.2549658 0.14159298 234 88 12
1.4316183 1.2665813 0.14094701 234 88 12
1.4294178 1.2687818 0.14094701 234 88 12
1.3857611 1.2843239 0.13964128 234 88 12
1.3457922 1.2973759 0.13839117 234 88 12
1.3258563 1.3048931 0.1378144 234 88 12
1.3142604 1.3119223 0.1376023 234 88 12
1.2866067 1.3221743 0.13679411 234 88 12
1.2767698 1.3267744 0.13655089 234 88 12
1.2759364 1.3305732 0.1366886 234 88 12
1.2684138 1.3328243 0.13644379 234 88 12
1.257779 1.341411 0.13634866 234 88 12
1.2265722 1.3505813 0.13532521 234 88 12
1.2278037 1.3560028 0.1356342 234 88 12
1.2119828 1.3651705 0.13532521 234 88 12
1.201359 1.3742133 0.13525179 234 88 12
1.1930792 1.3765261 0.13497466 234 88 12
1.1458868 1.4062197 0.13416195 234 88 12
1.1314808 1.4132414 0.133819 234 88 12
1.104758 1.4371119 0.13368653 234 88 12
1.0998186 1.4381703 0.13350627 234 88 12
1.0405161 1.5061121 0.13390751 234 88 12
1.0306712 1.5161237 0.13391526 234 88 12
1.0281818 1.5186131 0.13391526 234 88 12
1.0210717 1.5262399 0.13393925 234 88 12
1.0189285 1.5324455 0.13412793 234 88 12
1.0111176 1.536194 0.13393925 234 88 12
1.6744992 1.2195307 0.14745249 234 88 12
1.6707522 1.2160112 0.14709535 234 88 12
1.6689111 1.2178522 0.14709535 234 88 12
1.66707 1.2196933 0.14709535 234 88 12
1.6424948 1.2161977 0.14571568 234 88 12
1.6385953 1.2131145 0.1453725 234 88 12
1.6347795 1.2169305 0.1453725 234 88 12
1.6179036 1.2158558 0.14449024 234 88 12
1.6101346 1.2236249 0.14449024 234 88 12
1.5670782 1.2255707 0.14246967 234 88 12
1.5650574 1.2275915 0.14246967 234 88 12
1.5509783 1.230316 0.1419116 234 88 12
1.5336126 1.233546 0.14121684 234 88 12
1.4983301 1.2416509 0.13988107 234 88 12
1.4720685 1.2500627 0.13900377 234 88 12
1.4275118 1.2610497 0.13735384 234 88 12
1.3926842 1.2777221 0.13646151 234 88 12
1.3860058 1.2796323 0.13622716 234 88 12
1.3801868 1.2826353 0.13608876 234 88 12
1.3577549 1.2813985 0.13492545 234 88 12
1.3539609 1.2820458 0.1347708 234 88 12
1.327966 1.3023278 0.13449 234 88 12
1.3123424 1.3099965 0.13409904 234 88 12
1.307551 1.3099062 0.1338591 234 88 12
1.2827575 1.3138924 0.13283643 234 88 12
1.2719508 1.3223401 0.13272049 234 88 12
1.2575539 1.336737 0.13272049 234 88 12
1.2469364 1.3409904 0.1324077 234 88 12
1.2250704 1.3538035 0.13196275 234 88 12
1.2186586 1.3574125 0.13182499 234 88 12
1.2059879 1.3648638 0.13156846 234 88 12
1.2027112 1.3666644 0.13149592 234 88 12
1.1721538 1.3867823 0.13098282 234 88 12
1.1663527 1.3911059 0.1309102 234 88 12
1.1373777 1.4089121 0.13036126 234 88 12
1.1274132 1.4188766 0.13036126 234 88 12
1.0951467 1.439483 0.12978818 234 88 12
1.0574396 1.4695135 0.12941088 234 88 12
1.0363953 1.504253 0.13008399 234 88 12
1.0211362 1.5227703 0.13024412 234 88 12
1.0110618 1.5291358 0.13006184 234 88 12
1.0060562 1.5341414 0.13006184 234 88 12
1.6696281 1.1984308 0.14351475 234 88 12
1.6688935 1.2035228 0.14374071 234 88 12
1.6614177 1.2109987 0.14374071 234 88 12
1.6520729 1.2203435 0.14374071 234 88 12
1.599242 1.2183095 0.14089559 234 88 12
1.5902926 1.2239977 0.14072648 234 88 12
1.5852821 1.2257971 0.14055996 234 88 12
1.569243 1.223694 0.13961916 234 88 12
1.559199 1.2280432 0.13932385 234 88 12
1.5440292 1.2348378 0.13888954 234 88 12
1.4270025 1.2603173 0.13414218 234 88 12
1.3676368 1.282799 0.13222949 234 88 12
1.3487452 1.281111 0.1311623 234 88 12
1.3140155 1.3022244 0.13045619 234 88 12
1.2923092 1.3090161 0.12968278 234 88 12
1.2880319 1.3142654 0.12973318 234 88 12
1.2781382 1.3188529 0.12945801 234 88 12
1.2710996 1.3215677 0.12923379 234 88 12
1.2508073 1.3353556 0.12889649 234 88 12
1.237685 1.3420838 0.12856492 234 88 12
1.2229397 1.3431828 0.12785727 234 88 12
1.222064 1.3513817 0.12823702 234 88 12
1.2082161 1.3579065 0.12785727 234 88 12
1.1917793 1.3670043 0.12747669 234 88 12
1.1892383 1.3694171 0.12747005 234 88 12
1.184302 1.3743535 0.12747005 234 88 12
1.1656952 1.3864686 0.12713341 234 88 12
1.3667653 1.5849007 0.14785036 234 88 12
1.0821921 1.4479717 0.12599255 234 88 12
1.0729135 1.4506592 0.12565076 234 88 12
1.0703783 1.4531944 0.12565076 234 88 12
1.0639458 1.4614319 0.12574436 234 88 12
1.0576196 1.4696937 0.12584475 234 88 12
1.0469458 1.4795209 0.12580083 234 88 12
1.0283905 1.500555 0.12592939 234 88 12
1.0166156 1.5172207 0.126183 234 88 12
1.0062345 1.5343196 0.12653138 234 88 12
1.6760974 1.2022939 0.14141583 234 88 12
1.6550828 1.2144746 0.1409338 234 88 12
1.6400802 1.2097354 0.13985658 234 88 12
1.6313324 1.2147348 0.13965203 234 88 12
1.6213845 1.2106488 0.13888626 234 88 12
1.6155447 1.2164886 0.13888626 234 88 12
1.5854123 1.2198079 0.13742319 234 88 12
1.5523478 1.2267597 0.13599832 234 88 12
1.5288957 1.2307562 0.13493671 234 88 12
1.4825382 1.2441186 0.1331363 234 88 12
1.4770575 1.2466204 0.13297376 234 88 12
1.4642653 1.2544438 0.13270263 234 88 12
1.4397991 1.2461666 0.13091595 234 88 12
1.4264451 1.2595205 0.13091595 234 88 12
1.4175425 1.2684232 0.13091595 234 88 12
1.397944 1.2639126 0.12960042 234 88 12
1.390666 1.2701606 0.12954421 234 88 12
1.35185 1.2845604 0.12821193 234 88 12
1.3319446 1.2872328 0.12727158 234 88 12
1.3014644 1.3038442 0.12651484 234 88 12
1.2962475 1.303419 0.12620696 234 88 12
1.2672076 1.3226219 0.12567019 234 88 12
1.1264553 1.4101896 0.12276813 234 88 12
1.3620573 1.5764676 0.14469707 234 88 12
1.3481119 1.5904131 0.14469707 234 88 12
1.0712011 1.4497857 0.12191373 234 88 12
1.0544257 1.4642203 0.12178601 234 88 12
1.0387322 1.4830968 0.12195969 234 88 12
1.0336537 1.4881753 0.12195969 234 88 12
1.0331684 1.491713 0.12212626 234 88 12
1.029086 1.5009792 0.12240911 234 88 12
1.0146161 1.5164216 0.12246218 234 88 12
1.0042684 1.5263948 0.12244175 234 88 12
0.99880403 1.5312611 0.12240911 234 88 12
1.6743116 1.1968621 0.13836627 234 88 12
1.6277504 1.2124833 0.13659413 234 88 12
1.6116164 1.2073219 0.1353744 234 88 12
1.5656455 1.2163248 0.13325702 234 88 12
1.5626918 1.2165879 0.13310292 234 88 12
1.5586824 1.2148356 0.13277291 234 88 12
1.5446823 1.218249 0.13216653 234 88 12
1.5291539 1.231097 0.13201301 234 88 12
1.5136489 1.2329705 0.13123225 234 88 12
1.5023255 1.2367213 0.13079852 234 88 12
1.4909333 1.2406616 0.1303717 234 88 12
1.4836024 1.2456733 0.13023888 234 88 12
1.4155884 1.2658486 0.12749884 234 88 12
1.4026493 1.259531 0.12639588 234 88 12
1.3908279 1.2703226 0.1263369 234 88 12
1.3142834 1.292892 0.12324541 234 88 12
1.2996653 1.2972689 0.12265883 234 88 12
1.2913733 1.3033762 0.1225337 234 88 12
1.270389 1.3162928 0.12207161 234 88 12
1.2630544 1.3188329 0.121797 234 88 12
1.2576568 1.3231896 0.12173739 234 88 12
1.2465096 1.3270639 0.12132082 234 88 12
1.2378283 1.3286484 0.12091435 234 88 12
1.2374369 1.3328801 0.1211343 234 88 12
1.2265797 1.3372632 0.12076349 234 88 12
1.1987127 1.3549011 0.1201776 234 88 12
1.1970621 1.3580258 0.12026203 234 88 12
1.1742651 1.3713307 0.11971837 234 88 12
1.1639566 1.3767787 0.11943997 234 88 12
1.1354522 1.3995087 0.11910923 234 88 12
1.07944 1.4425927 0.11836875 234 88 12
1.0745189 1.4437841 0.11815512 234 88 12
1.0581224 1.4584628 0.11805674 234 88 12
1.0571524 1.4618564 0.11819555 234 88 12
1.0447685 1.4747581 0.11822522 234 88 12
1.6717824 1.1965975 0.13554148 234 88 12
1.6695049 1.1973401 0.13544941 234 88 12
1.6424885 1.1949718 0.13368668 234 88 12
1.6405512 1.1969091 0.13368668 234 88 12
1.6128039 1.1900936 0.13161331 234 88 12
1.5988749 1.1978616 0.13124374 234 88 12
1.5928296 1.203907 0.13124374 234 88 12
1.5740937 1.2023227 0.13002476 234 88 12
1.5679318 1.2084846 0.13002476 234 88 12
1.5547111 1.2191002 0.12986849 234 88 12
1.5517641 1.2194816 0.12971458 234 88 12
1.5476364 1.2236093 0.12971458 234 88 12
1.5346062 1.2232875 0.12891361 234 88 12
1.5120535 1.2301849 0.12797448 234 88 12
1.5099078 1.2322603 0.12797026 234 88 12
1.5056689 1.2364992 0.12797026 234 88 12
1.4955184 1.2367836 0.12737842 234 88 12
1.48727 1.2403318 0.12709646 234 88 12
1.4545552 1.2455741 0.12544844 234 88 12
1.4073546 1.2551494 0.12319136 234 88 12
1.381036 1.268508 0.12241391 234 88 12
1.3574246 1.2659074 0.1208415 234 88 12
1.3270618 1.2868639 0.12027723 234 88 12
1.3070252 1.2902504 0.11927842 234 88 12
1.2983968 1.295995 0.11910543 234 88 12
1.2759069 1.307407 0.11844089 234 88 12
1.2141765 1.3405415 0.11672547 234 88 12
1.2034364 1.3497914 0.11663607 234 88 12
1.1902604 1.357199 0.11629003 234 88 12
1.1873494 1.3593689 0.11624559 234 88 12
1.1727792 1.3659228 0.1157647 234 88 12
1.1444607 1.3845199 0.11518153 234 88 12
1.1201487 1.402073 0.11477607 234 88 12
1.1074493 1.4147724 0.11477607 234 88 12
1.1023695 1.419852 0.11477607 234 88 12
1.0603429 1.4518689 0.1141756 234 88 12
1.0414052 1.4731258 0.11431472 234 88 12
1.0238075 1.4949179 0.11456634 234 88 12
1.6752553 1.1990938 0.13324957 234 88 12
1.673388 1.2009611 0.13324957 234 88 12
1.6696534 1.2046958 0.13324957 234 88 12
1.6583521 1.208761 0.13279584 234 88 12
1.6348791 1.1960639 0.13052793 234 88 12
1.5949882 1.2020354 0.12840113 234 88 12
1.5621215 1.2090944 0.12678294 234 88 12
1.547051 1.2164533 0.12629941 234 88 12
1.5237169 1.2213447 0.12514302 234 88 12
1.4139036 1.2584058 0.12058134 234 88 12
1.3320962 1.2775061 0.11664952 234 88 12
1.3297228 1.2798796 0.11664952 234 88 12
1.3180099 1.2870415 0.11636416 234 88 12
1.2932096 1.2907871 0.11504399 234 88 12
1.2861021 1.2933952 0.11476187 234 88 12
1.275923 1.3026832 0.114706 234 88 12
1.2459618 1.317359 0.11374758 234 88 12
1.2347569 1.3214051 0.11329872 234 88 12
1.2322813 1.3238807 0.11329872 234 88 12
1.2119294 1.3387251 0.11295339 234 88 12
1.2024853 1.3445883 0.11272886 234 88 12
1.1625334 1.3715214 0.11191256 234 88 12
1.1462836 1.381556 0.11152286 234 88 12
1.1064707 1.4100853 0.11081536 234 88 12
1.0932411 1.4225566 0.11076781 234 88 12
1.0735893 1.4313256 0.11008544 234 88 12
1.074558 1.435937 0.11043533 234 88 12
1.0610263 1.4443636 0.11011522 234 88 12
1.0505712 1.4585128 0.11034685 234 88 12
1.0244417 1.4915444 0.11077963 234 88 12
1.019779 1.4930893 0.11058413 234 88 12
1.008371 1.5027819 0.11047657 234 88 12
0.99812406 1.5130287 0.11047657 234 88 12
1.6557012 1.2014208 0.12947117 234 88 12
1.6427833 1.2021896 0.12867641 234 88 12
1.6124054 1.2020637 0.12668096 234 88 12
1.609372 1.2016392 0.12645476 234 88 12
1.6064495 1.2015096 0.12625511 234 88 12
1.5936763 1.1859219 0.12439983 234 88 12
1.5752352 1.2043631 0.12439983 234 88 12
1.5592285 1.2093987 0.12368216 234 88 12
1.5388937 1.2190609 0.12298398 234 88 12
1.5349422 1.2177788 0.12264162 234 88 12
1.5226352 1.2251433 0.12231831 234 88 12
1.4920059 1.2365582 0.12106136 234 88 12
1.4898592 1.2387049 0.12106136 234 88 12
1.4788108 1.2380521 0.12029592 234 88 12
1.4101398 1.2534488 0.1168109 234 88 12
1.3848203 1.2679501 0.11610321 234 88 12
1.3592565 1.273018 0.11476245 234 88 12
1.3569258 1.2753488 0.11476245 234 88 12
1.3326759 1.2681196 0.11270319 234 88 12
1.325503 1.2752925 0.11270319 234 88 12
1.3143407 1.2782404 0.11216584 234 88 12
1.3114042 1.2800903 0.11209476 234 88 12
1.3065867 1.2849079 0.11209476 234 88 12
1.3006487 1.2836915 0.11162674 234 88 12
1.2933813 1.2909589 0.11162674 234 88 12
1.2733208 1.3049631 0.11123056 234 88 12
1.2419592 1.3184724 0.11006273 234 88 12
1.23841 1.3199879 0.10992969 234 88 12
1.1961924 1.3440881 0.10874452 234 88 12
1.1554165 1.3707767 0.10782296 234 88 12
1.1495739 1.3752942 0.10773629 234 88 12
1.1207004 1.3941267 0.10707943 234 88 12
1.1130341 1.4017928 0.10707943 234 88 12
1.0965283 1.4164044 0.10695552 234 88 12
1.0763464 1.4289352 0.10645501 234 88 12
1.0711991 1.4340825 0.10645501 234 88 12
1.0374194 1.4673736 0.10642304 234 88 12
1.0230075 1.4871491 0.10677391 234 88 12
1.0192571 1.4891423 0.10665896 234 88 12
1.0064186 1.5019807 0.10665896 234 88 12
1.0038509 1.5045483 0.10665896 234 88 12
1.0012833 1.507116 0.10665896 234 88 12
1.6634396 1.1939532 0.12678991 234 88 12
1.6531055 1.201249 0.12658291 234 88 12
1.639967 1.1947682 0.12524618 234 88 12
1.620476 1.1942755 0.12388465 234 88 12
1.6096463 1.1888347 0.1227761 234 88 12
1.59252 1.2027309 0.12255602 234 88 12
1.5675251 1.2010014 0.12073522 234 88 12
1.5633837 1.205143 0.12073522 234 88 12
1.5452191 1.2127609 0.12001664 234 88 12
1.5259452 1.2191999 0.11914217 234 88 12
1.4873489 1.2346585 0.11756573 234 88 12
1.4803728 1.234856 0.11710388 234 88 12
1.4782 1.2370287 0.11710388 234 88 12
1.4716818 1.2435468 0.11710388 234 88 12
1.3063575 1.2441624 0.1058818 234 88 12
1.3008213 1.2838641 0.1082096 234 88 12
1.2911315 1.2935539 0.1082096 234 88 12
1.288709 1.2959764 0.1082096 234 88 12
1.2616025 1.3081709 0.1071936 234 88 12
1.2507915 1.3123815 0.10674391 234 88 12
1.201004 1.3389454 0.10516161 234 88 12
1.197674 1.340793 0.10506061 234 88 12
1.1578373 1.3638214 0.1039154 234 88 12
1.1398234 1.3771561 0.10359661 234 88 12
1.1240857 1.3879184 0.10325761 234 88 12
1.1130822 1.3976721 0.10317247 234 88 12
1.1021168 1.4074811 0.10309368 234 88 12
1.0899016 1.4165571 0.10287979 234 88 12
1.0827603 1.4205046 0.1026622 234 88 12
1.0576712 1.4386261 0.10218748 234 88 12
1.0498967 1.4464006 0.10218748 234 88 12
1.042187 1.4581722 0.10246422 234 88 12
1.0396032 1.4607559 0.10246422 234 88 12
1.0227417 1.4794475 0.1025889 234 88 12
1.0175811 1.4846079 0.1025889 234 88 12
1.0029286 1.4966953 0.10241412 234 88 12
1.6118944 1.1938878 0.12043284 234 88 12
1.577768 1.1966645 0.11821169 234 88 12
1.575708 1.1987244 0.11821169 234 88 12
1.5578377 1.2002146 0.11705115 234 88 12
1.5250785 1.2175519 0.1159585 234 88 12
1.5220208 1.2180301 0.11577573 234 88 12
1.4843464 1.2354131 0.11433809 234 88 12
1.4821818 1.2375778 0.11433809 234 88 12
1.4783527 1.2371802 0.11403862 234 88 12
1.47618 1.2393529 0.11403862 234 88 12
1.3330733 1.2532117 0.10488133 234 88 12
1.3148597 1.268783 0.10469412 234 88 12
1.3112928 1.2749921 0.10488133 234 88 12
1.2888824 1.2961497 0.10479256 234 88 12
1.265692 1.3072662 0.10393712 234 88 12
1.261777 1.3083456 0.10373621 234 88 12
1.2336894 1.3158699 0.10227929 234 88 12
1.1716502 1.3519849 0.10044254 234 88 12
1.1613539 1.3531576 0.099796139 234 88 12
1.1475737 1.3652292 0.099675082 234 88 12
1.1359813 1.3745298 0.099512711 234 88 12
1.1164781 1.3914633 0.099330626 234 88 12
1.104726 1.4008019 0.099159643 234 88 12
1.0943074 1.406844 0.098849565 234 88 12
1.0743127 1.4237965 0.098634012 234 88 12
1.0694889 1.4291791 0.098673612 234 88 12
1.0604475 1.4362192 0.098531812 234 88 12
1.0457634 1.4482403 0.098343141 234 88 12
1.0431668 1.4508369 0.098343141 234 88 12
1.0222666 1.475437 0.09860529 234 88 12
1.0172501 1.4806957 0.098622449 234 88 12
0.99912804 1.4988199 0.098622598 234 88 12
0.99254471 1.5033623 0.098477997 234 88 12
1.6122942 1.1811353 0.11668181 234 88 12
1.6102699 1.1831595 0.11668181 234 88 12
1.6021731 1.1912564 0.11668181 234 88 12
1.5990295 1.1907613 0.11641411 234 88 12
1.5910236 1.1926649 0.11596516 234 88 12
1.5889807 1.1947078 0.11596516 234 88 12
1.5236325 1.2089528 0.11220551 234 88 12
1.5121433 1.2183117 0.11204877 234 88 12
1.5091584 1.219031 0.1118821 234 88 12
1.4785075 1.237335 0.11097374 234 88 12
1.4685664 1.2387085 0.11034343 234 88 12
1.455934 1.2472175 0.11004006 234 88 12
1.453737 1.2494146 0.11004006 234 88 12
1.4338291 1.2534026 0.10886884 234 88 12
1.4025772 1.269437 0.10774929 234 88 12
1.3130392 1.2668118 0.10096885 234 88 12
1.3082063 1.276703 0.10134099 234 88 12
1.3011671 1.2842101 0.10137542 234 88 12
1.289055 1.2963222 0.10137542 234 88 12
1.2866317 1.298744 0.1013753 234 88 12
1.2762749 1.3030492 0.10093009 234 88 12
1.2738409 1.3054833 0.10093009 234 88 12
1.2560698 1.3078053 0.099793509 234 88 12
1.2428566 1.3146541 0.099325284 234 88 12
1.2377415 1.3147863 0.098958686 234 88 12
1.2285824 1.3207643 0.098724656 234 88 12
1.2202035 1.3228453 0.098261319 234 88 12
1.1883731 1.3379643 0.097031862 234 88 12
1.1779728 1.343395 0.096666239 234 88 12
1.1720229 1.3478256 0.096554473 234 88 12
1.1047704 1.3966624 0.09519963 234 88 12
1.0923018 1.4056619 0.094944417 234 88 12
1.089712 1.4082518 0.094944417 234 88 12
1.0641401 1.4302577 0.094682068 234 88 12
1.0564607 1.4340448 0.094395712 234 88 12
1.0512526 1.439253 0.094395712 234 88 12
1.0460446 1.444461 0.094395712 234 88 12
1.0193071 1.4701509 0.094318658 234 88 12
1.6578732 1.1849933 0.11757598 234 88 12
1.6126825 1.1749842 0.11336476 234 88 12
1.6106466 1.1770201 0.11336476 234 88 12
1.6104141 1.1833037 0.1138264 234 88 12
1.6003752 1.1869891 0.11334167 234 88 12
1.5651109 1.1956583 0.11131272 234 88 12
1.5560266 1.1963502 0.11067246 234 88 12
1.5369523 1.2029836 0.10972333 234 88 12
1.5318207 1.2056339 0.10953403 234 88 12
1.5215777 1.2111282 0.10917176 234 88 12
1.4746401 1.2368376 0.10755224 234 88 12
1.4592357 1.2465576 0.10711856 234 88 12
1.4466426 1.2445817 0.10600709 234 88 12
1.4218438 1.2529508 0.10475366 234 88 12
1.3107795 1.2694182 0.097536787 234 88 12
1.2916499 1.2940724 0.097958274 234 88 12
1.2621263 1.3086947 0.096821442 234 88 12
1.2250912 1.3224196 0.095043093 234 88 12
1.2175469 1.3252461 0.094683155 234 88 12
1.2037553 1.327559 0.093807437 234 88 12
1.1615021 1.3488712 0.092209838 234 88 12
1.1445183 1.3586926 0.091663405 234 88 12
1.1003851 1.3939024 0.090982631 234 88 12
1.0843936 1.4050311 0.090611659 234 88 12
1.0817869 1.407638 0.090611659 234 88 12
1.0581763 1.4310141 0.09059377 234 88 12
1.0501601 1.4387277 0.090570681 234 88 12
1.0273857 1.4585966 0.090349033 234 88 12
1.0247724 1.46121 0.090349033 234 88 12
0.99921656 1.4876174 0.090414003 234 88 12
1.6508346 1.1726822 0.1133027 234 88 12
1.6279992 1.1844926 0.11243159 234 88 12
1.6209692 1.181008 0.1116008 234 88 12
1.6129183 1.1822218 0.11106057 234 88 12
1.6016676 1.1830596 0.11023782 234 88 12
1.5885189 1.1868275 0.10949662 234 88 12
1.5834982 1.1890076 0.10927218 234 88 12
1.5645899 1.1880866 0.10770541 234 88 12
1.5240834 1.2035292 0.10572503 234 88 12
1.5161442 1.2073781 0.10540185 234 88 12
1.5014098 1.2173625 0.10502653 234 88 12
1.4992415 1.2195308 0.10502653 234 88 12
1.4888951 1.2255216 0.10468238 234 88 12
1.453323 1.2486854 0.10370196 234 88 12
1.4325786 1.2568424 0.10270739 234 88 12
1.4303541 1.2590668 0.10270739 234 88 12
1.4209222 1.2569132 0.10179198 234 88 12
1.4186754 1.2591599 0.10179198 234 88 12
1.2550188 1.3068627 0.092630118 234 88 12
1.2456851 1.3125311 0.092340514 234 88 12
1.2405809 1.3126551 0.091947012 234 88 12
1.2176368 1.3253495 0.091137156 234 88 12
1.1911546 1.3311092 0.089499801 234 88 12
1.1843147 1.3348033 0.089251243 234 88 12
1.1278056 1.3689919 0.087487631 234 88 12
1.1177061 1.375192 0.087179527 234 88 12
1.0927708 1.3933609 0.086644903 234 88 12
1.053967 1.4286945 0.086370707 234 88 12
1.0467161 1.4368954 0.086445771 234 88 12
1.0224112 1.4600834 0.086357519 234 88 12
0.99868184 1.4836026 0.086340919 234 88 12
1.6666301 1.172217 0.11175716 234 88 12
1.6402931 1.17328 0.10969134 234 88 12
1.6251302 1.1771332 0.10876693 234 88 12
1.6192359 1.1765624 0.1082385 234 88 12
1.608245 1.1778001 0.10744128 234 88 12
1.5940342 1.1789672 0.10637515 234 88 12
1.5869608 1.1832364 0.10614593 234 88 12
1.5638036 1.1863233 0.10450545 234 88 12
1.5578067 1.1869673 0.10406792 234 88 12
1.55485 1.1874182 0.10386311 234 88 12
1.5373074 1.1972666 0.10323421 234 88 12
1.5343029 1.1977946 0.10303179 234 88 12
1.5314684 1.198663 0.10287108 234 88 12
1.5291398 1.200478 0.10282911 234 88 12
1.5106671 1.2095853 0.10206361 234 88 12
1.5019077 1.2122761 0.10156758 234 88 12
1.492237 1.2194223 0.10136123 234 88 12
1.4872359 1.2227675 0.10122589 234 88 12
1.484362 1.2238586 0.10108017 234 88 12
1.4717066 1.2321917 0.10072688 234 88 12
1.4646853 1.2381437 0.10063948 234 88 12
1.2985752 1.2864497 0.091010548 234 88 12
1.2912998 1.293725 0.091010548 234 88 12
1.2369014 1.3140999 0.088229567 234 88 12
1.2040422 1.3278584 0.08666835 234 88 12
1.1953269 1.3299257 0.086124964 234 88 12
1.1343623 1.3603905 0.083632007 234 88 12
1.0603231 1.415859 0.0821141 234 88 12
1.0595537 1.4195818 0.082355499 234 88 12
1.0062908 1.4717931 0.082269534 234 88 12
1.6648294 1.174294 0.10902215 234 88 12
1.6286184 1.1715494 0.10573187 234 88 12
1.6266048 1.173563 0.10573187 234 88 12
1.6235545 1.1729925 0.10542605 234 88 12
1.6124704 1.1738653 0.10456359 234 88 12
1.6104304 1.1759053 0.10456359 234 88 12
1.5874068 1.1773926 0.10274459 234 88 12
1.5771585 1.1816111 0.1022353 234 88 12
1.5481158 1.1866534 0.10020819 234 88 12
1.5274686 1.1972936 0.099362977 234 88 12
1.5245224 1.1980218 0.099175639 234 88 12
1.5033051 1.2086651 0.098282531 234 88 12
1.475631 1.22698 0.097492032 234 88 12
1.4313936 1.2551216 0.096132554 234 88 12
1.1749302 1.2003787 0.069847427 234 88 12
1.2557808 1.2932031 0.084516391 234 88 12
1.248391 1.3055533 0.084935337 234 88 12
1.2434204 1.3105239 0.084935337 234 88 12
1.2218198 1.3196772 0.083884023 234 88 12
1.1834351 1.3295695 0.081477493 234 88 12
1.1108549 1.3706439 0.078816444 234 88 12
1.1056066 1.375892 0.078816444 234 88 12
1.0901786 1.3875268 0.078496046 234 88 12
1.0474467 1.4251395 0.078063682 234 88 12
1.0388355 1.4367812 0.078319639 234 88 12
1.0309089 1.4446764 0.078316994 234 88 12
1.0236216 1.4529072 0.078396671 234 88 12
1.0203671 1.4552183 0.078316994 234 88 12
1.0025871 1.4700602 0.07806883 234 88 12
0.99730486 1.4753424 0.07806883 234 88 12
1.6583045 1.1704386 0.10535799 234 88 12
1.6524265 1.1763165 0.10535799 234 88 12
1.6393079 1.1629004 0.10304447 234 88 12
1.5746481 1.1760795 0.09855593 234 88 12
1.5665956 1.178815 0.09809234 234 88 12
1.5614747 1.1812481 0.097857989 234 88 12
1.5495431 1.1829606 0.096967004 234 88 12
1.547362 1.1850312 0.096957363 234 88 12
1.5422096 1.1876549 0.096736893 234 88 12
1.5228338 1.1948322 0.09567333 234 88 12
1.5145255 1.1921028 0.094710961 234 88 12
1.4888206 1.2136571 0.094349071 234 88 12
1.4427841 1.2495847 0.093467683 234 88 12
1.3941205 1.2534174 0.089558937 234 88 12
1.3802809 1.267257 0.089558937 234 88 12
1.3779742 1.2695637 0.089558937 234 88 12
1.3666697 1.2763762 0.089167289 234 88 12
1.1966043 1.1767797 0.065655805 234 88 12
1.1892697 1.186442 0.065858752 234 88 12
1.1693435 1.1779894 0.063384436 234 88 12
1.1664615 1.1808714 0.063384436 234 88 12
1.1635795 1.1837534 0.063384436 234 88 12
1.2306445 1.313314 0.080527976 234 88 12
1.2281394 1.315819 0.080527976 234 88 12
1.148315 1.343671 0.075996555 234 88 12
1.138182 1.3452519 0.075250916 234 88 12
1.0767587 1.3920174 0.073972918 234 88 12
1.0687313 1.3999162 0.073961712 234 88 12
1.0497395 1.4182044 0.073900364 234 88 12
1.039855 1.4292105 0.073998161 234 88 12
1.008763 1.4613452 0.074089065 234 88 12
1.0061164 1.4639919 0.074089065 234 88 12
1.0002186 1.468987 0.074010372 234 88 12
1.6607941 1.1697348 0.10272965 234 88 12
1.6477346 1.1706098 0.10163406 234 88 12
1.6011604 1.1674671 0.097163647 234 88 12
1.5850046 1.1717148 0.09609291 234 88 12
1.5658743 1.1771511 0.094861589 234 88 12
1.5465893 1.1833712 0.093686827 234 88 12
1.5116739 1.1930107 0.091414109 234 88 12
1.5049461 1.199371 0.091381051 234 88 12
1.4998977 1.1966889 0.090685956 234 88 12
1.4862756 1.2094091 0.090604849 234 88 12
1.4592611 1.2353439 0.090507768 234 88 12
1.452096 1.2412518 0.09039472 234 88 12
1.447148 1.2449661 0.090283804 234 88 12
1.1781607 1.1979539 0.061870076 234 88 12
1.161195 1.2149196 0.061870076 234 88 12
1.1583674 1.2177471 0.061870076 234 88 12
1.2220498 1.3199251 0.076783739 234 88 12
1.2146896 1.3182911 0.075975008 234 88 12
1.1939895 1.3242965 0.0746537 234 88 12
1.1888795 1.3294065 0.0746537 234 88 12
1.175598 1.3326313 0.073749445 234 88 12
1.1698333 1.3327029 0.073237531 234 88 12
1.1390455 1.3413734 0.071248807 234 88 12
1.1004324 1.3681211 0.070181914 234 88 12
1.0684015 1.3954964 0.06976328 234 88 12
1.0512754 1.4107633 0.069596112 234 88 12
1.0322032 1.4332954 0.069907218 234 88 12
1.009073 1.4575977 0.070012614 234 88 12
1.6621423 1.1580818 0.098989353 234 88 12
1.6300694 1.1601645 0.096210852 234 88 12
1.5813588 1.1702373 0.092631198 234 88 12
1.5673261 1.1734486 0.091628626 234 88 12
1.5596884 1.1707339 0.09066952 234 88 12
1.5553392 1.1749275 0.090655096 234 88 12
1.5289414 1.181026 0.088774435 234 88 12
1.5245651 1.1854023 0.088774435 234 88 12
1.5000553 1.1968466 0.087563962 234 88 12
1.4924053 1.2017978 0.087313928 234 88 12
1.486928 1.2045239 0.087059043 234 88 12
1.4628587 1.2295721 0.087149717 234 88 12
1.4416717 1.2425288 0.086387224 234 88 12
1.2501836 1.2101815 0.065649606 234 88 12
1.251768 1.2281034 0.067456797 234 88 12
1.2288492 1.231516 0.065649606 234 88 12
1.1727068 1.2038106 0.0578814 234 88 12
1.1698793 1.2066381 0.0578814 234 88 12
1.2385168 1.3061554 0.073460385 234 88 12
1.2060399 1.3109286 0.070893727 234 88 12
1.2009233 1.3160452 0.070893727 234 88 12
1.1865468 1.3275536 0.07062801 234 88 12
1.0347869 1.4223672 0.06535212 234 88 12
1.032443 1.4252245 0.065399684 234 88 12
1.029771 1.4278965 0.065399684 234 88 12
0.99346077 1.461849 0.065181255 234 88 12
1.6619174 1.1571568 0.096064433 234 88 12
1.6563755 1.156593 0.095482089 234 88 12
1.645629 1.1643986 0.095201582 234 88 12
1.6263779 1.1577182 0.092728302 234 88 12
1.5811145 1.1627358 0.08888974 234 88 12
1.5789908 1.1648595 0.08888974 234 88 12
1.5687504 1.1696566 0.088370569 234 88 12
1.5499638 1.1704351 0.086652987 234 88 12
1.5477951 1.1726038 0.086652987 234 88 12
1.5146698 1.1858451 0.084756501 234 88 12
1.5058737 1.1886456 0.084184639 234 88 12
1.4789947 1.2090737 0.083569363 234 88 12
1.4269223 1.2488259 0.082394302 234 88 12
1.4201592 1.255589 0.082394302 234 88 12
1.3977242 1.2526289 0.079972155 234 88 12
1.3980074 1.2582037 0.080530897 234 88 12
1.3911318 1.2650794 0.080530897 234 88 12
1.3792993 1.2710537 0.079972155 234 88 12
1.2793602 1.1631862 0.060152002 234 88 12
1.1700808 1.2068396 0.053892724 234 88 12
1.2036639 1.3136691 0.067284994 234 88 12
1.2011056 1.3162274 0.067284994 234 88 12
1.1892931 1.3251725 0.067011513 234 88 12
1.138114 1.3453493 0.064054571 234 88 12
1.1302233 1.3486778 0.063619435 234 88 12
1.1104965 1.3572592 0.062556408 234 88 12
1.1068841 1.3592491 0.062401671 234 88 12
1.0849707 1.3712484 0.061456081 234 88 12
1.0783525 1.375777 0.061256766 234 88 12
1.0594879 1.3901308 0.060826547 234 88 12
1.0420936 1.4055148 0.060634803 234 88 12
1.0245095 1.4292277 0.061219357 234 88 12
1.0200806 1.4350927 0.061356336 234 88 12
1.6553304 1.1610016 0.09297546 234 88 12
1.6247982 1.1460394 0.088511981 234 88 12
1.6150976 1.1434824 0.08730939 234 88 12
1.5954081 1.1604348 0.087040849 234 88 12
1.5357057 1.1745577 0.082569011 234 88 12
1.5234963 1.17688 0.081598975 234 88 12
1.5160834 1.1820693 0.081380822 234 88 12
1.4943076 1.1928337 0.080300495 234 88 12
1.4873319 1.1990747 0.080228411 234 88 12
1.4798863 1.2045782 0.080037862 234 88 12
1.4754097 1.2090547 0.080037862 234 88 12
1.4731715 1.211293 0.080037862 234 88 12
1.4426751 1.2384 0.079705328 234 88 12
1.4109139 1.2590905 0.07861919 234 88 12
1.4037325 1.2602445 0.078027837 234 88 12
1.3991774 1.2647997 0.078027837 234 88 12
1.3629966 1.2770252 0.075677559 234 88 12
1.3606731 1.2793487 0.075677559 234 88 12
1.3234546 1.2828546 0.072369993 234 88 12
1.3210664 1.2852428 0.072369993 234 88 12
1.313988 1.302141 0.073333412 234 88 12
1.3116186 1.3045104 0.073333412 234 88 12
1.2212287 1.2398963 0.058125898 234 88 12
1.2297311 1.3173002 0.066554211 234 88 12
1.2222251 1.3248062 0.066554211 234 88 12
1.1910548 1.3266426 0.06367626 234 88 12
1.1835858 1.3298706 0.063260153 234 88 12
1.1585109 1.3378551 0.061583411 234 88 12
1.1396071 1.341935 0.060129028 234 88 12
1.1227233 1.3478596 0.05905382 234 88 12
1.3949826 1.5700718 0.10756671 234 88 12
1.0557181 1.3922298 0.056833081 234 88 12
1.0427039 1.4016654 0.05648198 234 88 12
1.0148641 1.4323553 0.056761608 234 88 12
1.6538789 1.156634 0.089559674 234 88 12
1.6467007 1.1593622 0.089110911 234 88 12
1.6373793 1.1490625 0.08713223 234 88 12
1.6168255 1.1402187 0.084167629 234 88 12
1.6103642 1.1461157 0.084110714 234 88 12
1.6082635 1.1482162 0.084110714 234 88 12
1.5989361 1.1544354 0.083797254 234 88 12
1.563881 1.1589946 0.0807219 234 88 12
1.5609865 1.1596273 0.080493823 234 88 12
1.5492532 1.1686932 0.080224819 234 88 12
1.5363197 1.1691614 0.078967758 234 88 12
1.5216892 1.1733787 0.077917643 234 88 12
1.5165724 1.1765708 0.07772354 234 88 12
1.4986638 1.1880612 0.077076308 234 88 12
1.4417187 1.2314935 0.075713605 234 88 12
1.4394581 1.233754 0.075713605 234 88 12
1.428497 1.2455232 0.075795084 234 88 12
1.4107276 1.253574 0.07481502 234 88 12
1.4012647 1.2570531 0.07421159 234 88 12
1.3989756 1.2593422 0.07421159 234 88 12
1.3678092 1.2725435 0.072399914 234 88 12
1.3460217 1.2826821 0.071225159 234 88 12
1.326121 1.2807527 0.069023706 234 88 12
1.2223439 1.2409871 0.054548174 234 88 12
1.1903281 1.2207282 0.049276546 234 88 12
1.1875645 1.2234918 0.049276546 234 88 12
1.1848009 1.2262554 0.049276546 234 88 12
1.2618705 1.3179829 0.066298865 234 88 12
1.2594309 1.3204225 0.066298865 234 88 12
1.2399172 1.3074706 0.063024871 234 88 12
1.2349132 1.3124745 0.063024871 234 88 12
1.2274073 1.3199805 0.063024871 234 88 12
1.1937953 1.3242667 0.060067523 234 88 12
1.1774668 1.3342621 0.05942886 234 88 12
1.1731448 1.3354589 0.059113696 234 88 12
1.1639104 1.3374603 0.058384296 234 88 12
1.1450425 1.3414556 0.056884471 234 88 12
1.1359367 1.3438437 0.05620702 234 88 12
1.1143706 1.3510481 0.054758724 234 88 12
1.1063927 1.3590261 0.054758724 234 88 12
1.390004 1.5752926 0.1051688 234 88 12
1.3883041 1.5769925 0.1051688 234 88 12
1.0302626 1.4073288 0.051952474 234 88 12
1.0275499 1.4100415 0.051952474 234 88 12
1.0051441 1.4355252 0.052262861 234 88 12
1.6548656 1.1514829 0.086281903 234 88 12
1.6261994 1.1417309 0.082302511 234 88 12
1.6211742 1.1361691 0.081205904 234 88 12
1.6026242 1.1487478 0.08058738 234 88 12
1.5944301 1.1507258 0.07994353 234 88 12
1.5923071 1.1528488 0.07994353 234 88 12
1.5262843 1.1690997 0.074788131 234 88 12
1.4990506 1.1824892 0.07335414 234 88 12
1.4791197 1.1972361 0.072817169 234 88 12
1.4768646 1.1994911 0.072817169 234 88 12
1.4633342 1.2130215 0.072817169 234 88 12
1.4375669 1.2364695 0.072576933 234 88 12
1.4353074 1.238729 0.072576933 234 88 12
1.4281713 1.2450184 0.072489232 234 88 12
1.4259101 1.2472795 0.072489232 234 88 12
1.4199932 1.249938 0.072151713 234 88 12
1.4177258 1.2522054 0.072151713 234 88 12
1.389521 1.2629726 0.070345521 234 88 12
1.3872201 1.2652735 0.070345521 234 88 12
1.3118085 1.1785933 0.053555973 234 88 12
1.3631532 1.2721304 0.068562888 234 88 12
1.3567328 1.2747931 0.068173684 234 88 12
1.3507524 1.2730026 0.067368761 234 88 12
1.3274702 1.2821912 0.065908939 234 88 12
1.3208276 1.2995651 0.067020498 234 88 12
1.2596047 1.3205963 0.062857419 234 88 12
1.2277498 1.3203012 0.059527304 234 88 12
1.2252485 1.3228025 0.059527304 234 88 12
1.2202456 1.3278054 0.059527304 234 88 12
1.147848 1.3390234 0.05319028 234 88 12
1.1438668 1.3406228 0.052943584 234 88 12
1.1037002 1.3572226 0.050502513 234 88 12
1.0537661 1.3824199 0.047940284 234 88 12
1.0410542 1.3921705 0.047633551 234 88 12
1.0020051 1.4339446 0.047915801 234 88 12
0.98848015 1.4393053 0.047070142 234 88 12
1.622189 1.1460376 0.079369456 234 88 12
1.6152805 1.1432617 0.07833983 234 88 12
1.6069967 1.1446761 0.077609487 234 88 12
1.6048856 1.146787 0.077609487 234 88 12
1.5967906 1.1489581 0.076979667 234 88 12
1.5834223 1.1533489 0.076025203 234 88 12
1.569059 1.1492666 0.074064106 234 88 12
1.5668839 1.1514417 0.074064106 234 88 12
1.5579326 1.1528674 0.073264018 234 88 12
1.53658 1.1562759 0.071356215 234 88 12
1.534356 1.1584998 0.071356215 234 88 12
1.527684 1.1651719 0.071356215 234 88 12
1.503518 1.1778349 0.070133246 234 88 12
1.5007888 1.1792322 0.069991656 234 88 12
1.4812746 1.1887138 0.068925001 234 88 12
1.4537569 1.221131 0.069445908 234 88 12
1.4181466 1.2474157 0.068454437 234 88 12
1.3709995 1.2711831 0.065968759 234 88 12
1.3596931 1.2781559 0.065508015 234 88 12
1.3563176 1.2792983 0.065270618 234 88 12
1.3233584 1.2973709 0.063687898 234 88 12
1.3186334 1.3020959 0.063687898 234 88 12
1.2147335 1.2493564 0.047034346 234 88 12
1.2094069 1.254683 0.047034346 234 88 12
1.2670975 1.3134512 0.059415977 234 88 12
1.2179224 1.330485 0.055998795 234 88 12
1.1769617 1.3339398 0.05201124 234 88 12
1.1404501 1.3427055 0.049061369 234 88 12
1.1172335 1.3440694 0.046738051 234 88 12
1.1013762 1.3465599 0.04531692 234 88 12
1.3887081 1.5745292 0.10010254 234 88 12
1.0613513 1.373982 0.043977022 234 88 12
1.050383 1.3803854 0.043491684 234 88 12
1.0412565 1.3879932 0.043330219 234 88 12
1.023937 1.4038315 0.043172736 234 88 12
1.0050684 1.4231063 0.043215938 234 88 12
1.0023361 1.4258386 0.043215938 234 88 12
1.6394749 1.1309507 0.076643914 234 88 12
1.635053 1.1343646 0.076533996 234 88 12
1.5942731 1.1428031 0.073006943 234 88 12
1.5577971 1.1524106 0.070076771 234 88 12
1.5550144 1.1533692 0.069877848 234 88 12
1.5428083 1.1552507 0.068751864 234 88 12
1.5238523 1.164207 0.067661345 234 88 12
1.5149084 1.1667645 0.066964865 234 88 12
1.5123365 1.1684134 0.066864207 234 88 12
1.4780542 1.1893103 0.065404445 234 88 12
1.4757806 1.1915839 0.065404445 234 88 12
1.4733355 1.1935797 0.065355442 234 88 12
1.4446106 1.2243762 0.065581366 234 88 12
1.4391288 1.2275668 0.065331504 234 88 12
1.4228617 1.2430251 0.065243281 234 88 12
1.4165453 1.2452205 0.064793877 234 88 12
1.3781288 1.2643846 0.062694274 234 88 12
1.3701712 1.2701759 0.062458031 234 88 12
1.3620037 1.2757791 0.062178377 234 88 12
1.339609 1.2805005 0.060250994 234 88 12
1.3258892 1.2951767 0.060355298 234 88 12
1.3124789 1.3148293 0.061036061 234 88 12
1.2983758 1.3289325 0.061036061 234 88 12
1.2069333 1.2575361 0.043277435 234 88 12
1.2575126 1.3233836 0.055974532 234 88 12
1.2342664 1.3166742 0.05270768 234 88 12
1.2405624 1.3268569 0.054504778 234 88 12
1.2231034 1.3256603 0.052470285 234 88 12
1.220602 1.3281617 0.052470285 234 88 12
1.1546053 1.3396392 0.046524599 234 88 12
1.1153616 1.3427763 0.042586952 234 88 12
1.0438006 1.3808055 0.038930088 234 88 12
1.0364424 1.3851435 0.038600717 234 88 12
1.0201951 1.4017488 0.038639769 234 88 12
1.0172226 1.4043633 0.038600717 234 88 12
1.6549082 1.1350559 0.075867303 234 88 12
1.6166694 1.1313788 0.071181245 234 88 12
1.6011684 1.1373235 0.070112877 234 88 12
1.5967761 1.1413192 0.070068546 234 88 12
1.578537 1.1348102 0.067301795 234 88 12
1.5718096 1.140991 0.067240678 234 88 12
1.5696228 1.1431779 0.067240678 234 88 12
1.564527 1.1459929 0.066985711 234 88 12
1.5623358 1.1481841 0.066985711 234 88 12
1.5154639 1.161229 0.063203961 234 88 12
1.5108539 1.165563 0.063173115 234 88 12
1.5002856 1.1718588 0.062695466 234 88 12
1.4920431 1.1761514 0.062253874 234 88 12
1.4712231 1.1960162 0.062147073 234 88 12
1.4458377 1.2204962 0.062045861 234 88 12
1.4430667 1.2220508 0.061909873 234 88 12
1.4407881 1.2243294 0.061909873 234 88 12
1.4186873 1.2426882 0.061491527 234 88 12
1.3852888 1.2627928 0.060005326 234 88 12
1.3829776 1.2651041 0.060005326 234 88 12
1.3691609 1.2689539 0.058891073 234 88 12
1.3421419 1.2783046 0.056915805 234 88 12
1.3329382 1.2831095 0.056424044 234 88 12
1.3305655 1.2854823 0.056424044 234 88 12
1.3220484 1.3055948 0.057720378 234 88 12
1.3126464 1.3149968 0.057720378 234 88 12
1.3008938 1.3267494 0.057720378 234 88 12
1.2017964 1.2630523 0.039520521 234 88 12
1.1964698 1.268379 0.039520521 234 88 12
1.240738 1.3270324 0.051026817 234 88 12
1.2093776 1.3326166 0.048145127 234 88 12
1.1996301 1.3338014 0.047187842 234 88 12
1.1676273 1.3359103 0.043845799 234 88 12
1.1547909 1.3398248 0.042848364 234 88 12
1.1424245 1.3396851 0.041450221 234 88 12
1.1110247 1.3443209 0.038458101 234 88 12
1.0819424 1.3515702 0.03601725 234 88 12
1.024799 1.3914404 0.034086168 234 88 12
1.0220424 1.3941971 0.034086168 234 88 12
1.6379561 1.1340407 0.070900343 234 88 12
1.6106418 1.1308717 0.067408845 234 88 12
1.5983871 1.1376963 0.066786878 234 88 12
1.5913531 1.1354834 0.065727748 234 88 12
1.5479352 1.145135 0.061860237 234 88 12
1.5434844 1.1495858 0.061860237 234 88 12
1.5351533 1.152987 0.061295565 234 88 12
1.5267422 1.1564006 0.060723163 234 88 12
1.5177851 1.1589534 0.059989624 234 88 12
1.4958205 1.1701337 0.058754414 234 88 12
1.491089 1.1743838 0.058699258 234 88 12
1.4772729 1.1878151 0.058655184 234 88 12
1.4523431 1.2130991 0.058695756 234 88 12
1.4356189 1.2279458 0.05848071 234 88 12
1.4218591 1.236141 0.057843354 234 88 12
1.4116116 1.2438846 0.057556558 234 88 12
1.4030719 1.2486439 0.057123553 234 88 12
1.3952168 1.2543684 0.056879532 234 88 12
1.3320385 1.2919494 0.053947669 234 88 12
1.3309132 1.2956136 0.054238465 234 88 12
1.3288145 1.3030407 0.054848775 234 88 12
1.2286757 1.3304707 0.046520829 234 88 12
1.106073 1.3454512 0.03419397 234 88 12
1.0951176 1.3469455 0.033110309 234 88 12
1.0628476 1.3571273 0.030580373 234 88 12
1.0509545 1.3630357 0.029894887 234 88 12
1.0253969 1.3830427 0.02925914 234 88 12
1.0149409 1.394502 0.029374041 234 88 12
1.6523236 1.1269417 0.068792909 234 88 12
1.6487468 1.1246138 0.068100408 234 88 12
1.6353031 1.1264769 0.066742219 234 88 12
1.6329994 1.1279987 0.066650495 234 88 12
1.6190904 1.1295615 0.065202549 234 88 12
1.6051688 1.1319182 0.063846178 234 88 12
1.5860277 1.130021 0.061378781 234 88 12
1.5696503 1.1358192 0.060138017 234 88 12
1.5621681 1.140534 0.059813485 234 88 12
1.5418563 1.1461148 0.058085799 234 88 12
1.5365559 1.1489316 0.057794508 234 88 12
1.5274736 1.1510607 0.056979038 234 88 12
1.510779 1.1587222 0.055919625 234 88 12
1.4947174 1.1680712 0.055132341 234 88 12
1.4789122 1.1782633 0.054474041 234 88 12
1.4414557 1.2195526 0.054923564 234 88 12
1.425561 1.2302625 0.054315478 234 88 12
1.4150854 1.2377214 0.053961672 234 88 12
1.4052889 1.2461741 0.05380407 234 88 12
1.3997593 1.2496065 0.053558111 234 88 12
1.3657236 1.2648373 0.051352635 234 88 12
1.3385582 1.2742916 0.049275458 234 88 12
1.3314174 1.2814324 0.049275458 234 88 12
1.3323261 1.2971004 0.051219597 234 88 12
1.3266383 1.3055508 0.051543601 234 88 12
1.3206691 1.3136522 0.051793654 234 88 12
1.3119098 1.3235933 0.051932279 234 88 12
1.3095732 1.32593 0.051932279 234 88 12
1.1327156 1.3417686 0.033047754 234 88 12
1.1272682 1.3423685 0.032479219 234 88 12
1.1071386 1.3462615 0.030574966 234 88 12
1.033667 1.3702719 0.024774091 234 88 12
1.0151509 1.3903075 0.024952307 234 88 12
1.0060868 1.3982273 0.024818093 234 88 12
0.98723233 1.4137318 0.024425205 234 88 12
1.6353283 1.1183628 0.062781774 234 88 12
1.6237977 1.1263162 0.0623524 234 88 12
1.6176989 1.1257042 0.061546933 234 88 12
1.6096042 1.1277879 0.060825471 234 88 12
1.5935458 1.1255997 0.058635402 234 88 12
1.5845271 1.1262949 0.057636358 234 88 12
1.5801421 1.1306798 0.057636358 234 88 12
1.575712 1.1349629 0.0576187 234 88 12
1.5689479 1.1340688 0.056699526 234 88 12
1.5614586 1.1388181 0.056370653 234 88 12
1.5202366 1.1502012 0.052789193 234 88 12
1.4940873 1.1668397 0.051647659 234 88 12
1.4813708 1.1761317 0.051236626 234 88 12
1.4663156 1.1938065 0.051551048 234 88 12
1.4640256 1.1960965 0.051551048 234 88 12
1.4622351 1.1991695 0.05170498 234 88 12
1.4553725 1.2060322 0.05170498 234 88 12
1.4269472 1.2266216 0.050764482 234 88 12
1.4090972 1.2404422 0.050280835 234 88 12
1.3793403 1.2553821 0.048502419 234 88 12
1.362012 1.2604264 0.047028024 234 88 12
1.352458 1.2646692 0.046390522 234 88 12
1.3382097 1.2738864 0.045786675 234 88 12
1.3334451 1.2786511 0.045786675 234 88 12
1.3307902 1.3050873 0.04864106 234 88 12
1.3189968 1.3213248 0.049174476 234 88 12
1.3040633 1.3298086 0.048400339 234 88 12
1.2099152 1.3331541 0.037501656 234 88 12
1.1871125 1.3375864 0.03529672 234 88 12
1.1319511 1.3412555 0.029116303 234 88 12
1.0868586 1.3459362 0.024265829 234 88 12
1.0387683 1.359929 0.020173239 234 88 12
1.0357114 1.3625546 0.020121466 234 88 12
1.032918 1.365348 0.020121466 234 88 12
1.0125296 1.3844087 0.019962121 234 88 12
1.6204638 1.1172334 0.05780476 234 88 12
1.6084504 1.117007 0.056302045 234 88 12
1.6019555 1.1235019 0.056302045 234 88 12
1.5937009 1.1257548 0.055565197 234 88 12
1.5748929 1.1256992 0.053249266 234 88 12
1.5546089 1.130917 0.051399566 234 88 12
1.5301778 1.1426662 0.049842577 234 88 12
1.5279117 1.1449324 0.049842577 234 88 12
1.4521397 1.2068 0.048135512 234 88 12
1.4493864 1.2083993 0.04799382 234 88 12
1.4340191 1.2198778 0.047516398 234 88 12
1.4229845 1.2265509 0.046980929 234 88 12
1.4051433 1.2405369 0.046507604 234 88 12
1.3970748 1.2460607 0.046195198 234 88 12
1.3938631 1.2472506 0.045946967 234 88 12
1.3841916 1.2508799 0.045205161 234 88 12
1.3491014 1.2658914 0.042740054 234 88 12
1.3336147 1.2788209 0.042426091 234 88 12
1.3361228 1.29141 0.044279601 234 88 12
1.3340014 1.2988554 0.044933256 234 88 12
1.333003 1.3026122 0.045271914 234 88 12
1.3293841 1.3083814 0.045535911 234 88 12
1.3042301 1.3299752 0.045098823 234 88 12
1.2859219 1.3264247 0.042415164 234 88 12
1.2785399 1.3287759 0.041797526 234 88 12
1.2787744 1.3335723 0.042415164 234 88 12
1.2737556 1.3335603 0.041797526 234 88 12
1.2398208 1.340064 0.038429759 234 88 12
1.2083757 1.3319107 0.033568174 234 88 12
1.1748108 1.3370821 0.030082244 234 88 12
1.168251 1.3365594 0.029212704 234 88 12
1.1544063 1.3351029 0.027334146 234 88 12
1.1313964 1.340897 0.025220515 234 88 12
1.1031862 1.3481737 0.022650469 234 88 12
1.0974038 1.3487135 0.022006799 234 88 12
1.0486255 1.3571821 0.017057898 234 88 12
1.0389673 1.3601279 0.016233798 234 88 12
1.0341027 1.3616099 0.015818499 234 88 12
1.0228484 1.3682439 0.015251261 234 88 12
1.0158019 1.3774983 0.015522326 234 88 12
1.6013035 1.1216568 0.052895963 234 88 12
1.5874197 1.117911 0.0506831 234 88 12
1.5681034 1.124632 0.049102154 234 88 12
1.5658749 1.1268605 0.049102154 234 88 12
1.5462024 1.1339601 0.047523994 234 88 12
1.534181 1.1369036 0.046384536 234 88 12
1.5247922 1.1386511 0.045425389 234 88 12
1.4995688 1.1572162 0.044589654 234 88 12
1.484193 1.1682742 0.04404765 234 88 12
1.4660604 1.193206 0.04490111 234 88 12
1.4637675 1.1954988 0.04490111 234 88 12
1.4383435 1.2147877 0.044131029 234 88 12
1.4198437 1.2276541 0.043423902 234 88 12
1.4171121 1.2293999 0.043300178 234 88 12
1.4040457 1.2390398 0.042870086 234 88 12
1.3977959 1.241612 0.042408466 234 88 12
1.3923565 1.2452826 0.042186465 234 88 12
1.3776668 1.2532529 0.041343022 234 88 12
1.3349353 1.2752522 0.038740728 234 88 12
1.3362904 1.2915776 0.040959984 234 88 12
1.3341683 1.2990223 0.041628081 234 88 12
1.2858869 1.3217697 0.038423054 234 88 12
1.2576108 1.3282032 0.035681363 234 88 12
1.1333141 1.3377491 0.021277836 234 88 12
1.1235776 1.3444304 0.020894356 234 88 12
1.0737094 1.3508928 0.015446047 234 88 12
1.0000656 1.3861622 0.010629279 234 88 12
0.99471515 1.3919626 0.010685779 234 88 12
1.636871 1.1138397 0.053354286 234 88 12
1.6019903 1.1155397 0.049098231 234 88 12
1.5649631 1.1246411 0.0455162 234 88 12
1.5323147 1.1329775 0.042397704 234 88 12
1.5057253 1.1488211 0.041019369 234 88 12
1.4935811 1.1592145 0.040794794 234 88 12
1.4912751 1.1615205 0.040794794 234 88 12
1.4889691 1.1638265 0.040794794 234 88 12
1.4817504 1.1702324 0.040690541 234 88 12
1.4729005 1.1800889 0.040819664 234 88 12
1.440537 1.2122422 0.040792696 234 88 12
1.4354674 1.2161919 0.040649045 234 88 12
1.4311818 1.2156605 0.040031157 234 88 12
1.4251275 1.2182891 0.039591767 234 88 12
1.4197937 1.2219832 0.039381422 234 88 12
1.3912932 1.24388 0.03853438 234 88 12
1.3588403 1.2565913 0.036002159 234 88 12
1.3543975 1.2565504 0.035427034 234 88 12
1.3519096 1.2588191 0.035398912 234 88 12
1.3334044 1.3125318 0.039914962 234 88 12
1.3199053 1.3222318 0.039427631 234 88 12
1.2884495 1.319548 0.035048578 234 88 12
1.2522676 1.3326741 0.032091241 234 88 12
1.2344921 1.3263603 0.029001316 234 88 12
1.1910205 1.3269858 0.023505487 234 88 12
1.6320723 1.1082202 0.048962735 234 88 12
1.6213896 1.1030923 0.046891239 234 88 12
1.5973873 1.1114832 0.044845819 234 88 12
1.5791492 1.112835 0.042633381 234 88 12
1.5718278 1.1180949 0.042363271 234 88 12
1.5640007 1.1223081 0.041889798 234 88 12
1.5565548 1.1203289 0.040654924 234 88 12
1.5101234 1.1436815 0.037631128 234 88 12
1.5032094 1.1505955 0.037631128 234 88 12
1.5006919 1.1525129 0.037552513 234 88 12
1.4753704 1.1779475 0.037567332 234 88 12
1.4598899 1.1951201 0.037789032 234 88 12
1.4504791 1.2040236 0.037722573 234 88 12
1.4151192 1.2210072 0.035314899 234 88 12
1.4078391 1.2276675 0.035233684 234 88 12
1.4054992 1.2300074 0.035233684 234 88 12
1.3984796 1.237027 0.035233684 234 88 12
1.3819764 1.2426918 0.033813633 234 88 12
1.3371229 1.272606 0.03185631 234 88 12
1.3340527 1.274246 0.031668901 234 88 12
1.3223975 1.320071 0.03614584 234 88 12
1.2159765 1.2558028 0.013782132 234 88 12
1.2111144 1.2563907 0.013222133 234 88 12
1.2057878 1.2617172 0.013222133 234 88 12
1.1792897 1.2684354 0.010630548 234 88 12
1.0598917 1.1979069 -0.014253604 234 88 12
1.1201721 1.2743783 0.0036636302 234 88 12
1.0304689 1.2074677 -0.016855922 234 88 12
1.1280742 1.3386015 0.013113469 234 88 12
1.1250087 1.3409739 0.013022659 234 88 12
1.0930508 1.3504541 0.010077629 234 88 12
1.0845683 1.3537903 0.009403348 234 88 12
1.0526882 1.3554463 0.0054434207 234 88 12
1.0000454 1.372808 0.00082088303 234 88 12
1.6456428 1.1056713 0.047380209 234 88 12
1.6258813 1.0989096 0.043832157 234 88 12
1.5955272 1.0988811 0.039767802 234 88 12
1.5902824 1.1013917 0.039402038 234 88 12
1.5858177 1.1058564 0.039402038 234 88 12
1.5676332 1.115695 0.038285594 234 88 12
1.5533513 1.120361 0.036999252 234 88 12
1.5466568 1.1203029 0.036095943 234 88 12
1.5188564 1.1333612 0.034123864 234 88 12
1.5163683 1.1353223 0.03405337 234 88 12
1.5039246 1.1452092 0.033711337 234 88 12
1.499483 1.1501781 0.033781856 234 88 12
1.4466041 1.1980523 0.033112381 234 88 12
1.4396354 1.205021 0.033112381 234 88 12
1.4186984 1.2203294 0.032359432 234 88 12
1.405468 1.2299093 0.03187108 234 88 12
1.3585014 1.2509168 0.028398499 234 88 12
1.3512872 1.2528487 0.027691882 234 88 12
1.3426713 1.2635744 0.027974082 234 88 12
1.333777 1.3129058 0.033383451 234 88 12
1.2541583 1.2567388 0.015219096 234 88 12
1.1875863 1.2605237 0.0068199215 234 88 12
1.1294187 1.2768611 0.0012242122 234 88 12
1.1069766 1.3510627 0.0081482036 234 88 12
1.0817869 1.356531 0.005510021 234 88 12
1.0578525 1.3543075 0.0020108263 234 88 12
1.0284252 1.3583137 -0.0013898106 234 88 12
1.0244598 1.3604146 -0.0016392176 234 88 12
0.99721789 1.3712013 -0.0038404695 234 88 12
0.98769027 1.3746685 -0.0046511986 234 88 12
1.6322701 1.100067 0.041761145 234 88 12
1.6097376 1.10352 0.039156295 234 88 12
1.5837443 1.1082479 0.036252998 234 88 12
1.5060222 1.1423473 0.030297389 234 88 12
1.4925181 1.1569456 0.030446749 234 88 12
1.4828582 1.1655114 0.030297389 234 88 12
1.4655958 1.1860825 0.030749111 234 88 12
1.4444222 1.2005038 0.029827256 234 88 12
1.4351301 1.209796 0.029827256 234 88 12
1.4039952 1.2278827 0.028045842 234 88 12
1.3804766 1.2407211 0.02658773 234 88 12
1.3608563 1.2484491 0.02496412 234 88 12
1.336766 1.2721726 0.024914045 234 88 12
1.329589 1.2793497 0.024914045 234 88 12
1.3390357 1.3041396 0.029588239 234 88 12
1.247251 1.2550443 0.010354482 234 88 12
1.1748717 1.2490852 -0.00034075891 234 88 12
1.1351807 1.2714953 -0.0027000364 234 88 12
1.01252 1.1931574 -0.030141564 234 88 12
1.0928246 1.3504173 0.0022921322 234 88 12
1.0829623 1.3573867 0.001897178 234 88 12
1.6295239 1.1002978 0.038328592 234 88 12
1.6273637 1.1024579 0.038328592 234 88 12
1.6204255 1.0996912 0.03697687 234 88 12
1.6182467 1.1018699 0.03697687 234 88 12
1.6090065 1.101366 0.035619717 234 88 12
1.5768608 1.1068184 0.031901833 234 88 12
1.5386865 1.1173841 0.028056458 234 88 12
1.5126218 1.1345773 0.026820831 234 88 12
1.5059711 1.1421088 0.026943518 234 88 12
1.5036535 1.1444265 0.026943518 234 88 12
1.49672 1.1514139 0.026951039 234 88 12
1.492085 1.156049 0.026951039 234 88 12
1.4897676 1.1583664 0.026951039 234 88 12
1.4851326 1.1630014 0.026951039 234 88 12
1.478861 1.1711041 0.027206073 234 88 12
1.4726905 1.179317 0.027490539 234 88 12
1.4630135 1.1878605 0.027332682 234 88 12
1.449651 1.1966622 0.026697448 234 88 12
1.438046 1.2082672 0.026697448 234 88 12
1.4190172 1.2206428 0.02577078 234 88 12
1.3310285 1.2759002 0.021211913 234 88 12
1.3273396 1.2768962 0.020836862 234 88 12
1.2634742 1.2609184 0.0097162006 234 88 12
1.0605472 1.1985624 -0.02723274 234 88 12
1.0345403 1.1996374 -0.030705271 234 88 12
1.1227393 1.3440846 0.001697965 234 88 12
1.1147388 1.3520851 0.001697965 234 88 12
1.0759594 1.3573014 -0.0029767412 234 88 12
1.0414329 1.3529426 -0.0083927484 234 88 12
1.0047325 1.3667469 -0.011581741 234 88 12
1.5983418 1.0974123 0.030398922 234 88 12
1.5927641 1.0912356 0.028729338 234 88 12
1.5873715 1.0935324 0.028289625 234 88 12
1.5828615 1.0980424 0.028289625 234 88 12
1.5776511 1.1008919 0.027954306 234 88 12
1.5572631 1.1065416 0.025860891 234 88 12
1.533374 1.1132752 0.023424134 234 88 12
1.5143231 1.1309098 0.023222987 234 88 12
1.5008488 1.1457114 0.023411496 234 88 12
1.4914747 1.1548373 0.023376254 234 88 12
1.4852251 1.1630409 0.023653802 234 88 12
1.4623921 1.186771 0.023781225 234 88 12
1.4545976 1.1924024 0.023473976 234 88 12
1.4391681 1.2040879 0.022942174 234 88 12
1.3823745 1.2322661 0.018877724 234 88 12
1.3491293 1.2554488 0.017448459 234 88 12
1.2830241 1.2654527 0.0094799539 234 88 12
1.2662122 1.2585446 0.0061108014 234 88 12
1.2358302 1.2593462 0.0019092716 234 88 12
1.1633531 1.2596714 -0.0083390297 234 88 12
1.1463916 1.2553197 -0.011366332 234 88 12
1.0835224 1.3578905 -0.0057271821 234 88 12
1.0035378 1.3661017 -0.015921734 234 88 12
1.0002191 1.3686775 -0.016027266 234 88 12
1.6391934 1.0855844 0.031414974 234 88 12
1.6348515 1.0899265 0.031414974 234 88 12
1.6185377 1.0775337 0.027258383 234 88 12
1.614085 1.0819864 0.027258383 234 88 12
1.6051795 1.0908918 0.027258383 234 88 12
1.524112 1.1154299 0.019073108 234 88 12
1.5117499 1.1326035 0.019769797 234 88 12
1.5073608 1.1377512 0.019879665 234 88 12
1.4957798 1.1494498 0.019896669 234 88 12
1.4784366 1.1701597 0.020384165 234 88 12
1.4621686 1.1863163 0.020368027 234 88 12
1.4492565 1.195882 0.019883476 234 88 12
1.4231277 1.2150494 0.018875491 234 88 12
1.4169075 1.217576 0.018340698 234 88 12
1.4043398 1.2226577 0.017256735 234 88 12
1.4019803 1.2250172 0.017256735 234 88 12
1.3888944 1.2242452 0.015250172 234 88 12
1.384122 1.2290176 0.015250172 234 88 12
1.3817358 1.2314038 0.015250172 234 88 12
1.3793496 1.23379 0.015250172 234 88 12
1.3609318 1.2378199 0.013166836 234 88 12
1.3551037 1.2414484 0.012848375 234 88 12
1.3526599 1.2438362 0.012840247 234 88 12
1.3433543 1.2642573 0.014449742 234 88 12
1.2523131 1.2600546 0.00065878127 234 88 12
1.190954 1.2636343 -0.0077074664 234 88 12
1.1715227 1.2565547 -0.011546129 234 88 12
1.1663011 1.2571156 -0.01222099 234 88 12
1.0380992 1.1969662 -0.039493546 234 88 12
1.0670825 1.3560874 -0.012256712 234 88 12
1.0153141 1.3642113 -0.018576285 234 88 12
1.6276017 1.068787 0.024117842 234 88 12
1.5907873 1.0936852 0.022359531 234 88 12
1.5775903 1.0926288 0.020256383 234 88 12
1.5678324 1.1002346 0.019938825 234 88 12
1.5624802 1.1030062 0.019558039 234 88 12
1.5485569 1.1017044 0.017311482 234 88 12
1.5439264 1.106335 0.017311482 234 88 12
1.53537 1.1099142 0.016577061 234 88 12
1.5180787 1.1172336 0.015105667 234 88 12
1.5148979 1.1248612 0.015761821 234 88 12
1.4845222 1.1615815 0.01669801 234 88 12
1.4377867 1.2018778 0.015747864 234 88 12
1.430308 1.2082021 0.015577522 234 88 12
1.4194198 1.215398 0.015032684 234 88 12
1.4099226 1.2190599 0.014171664 234 88 12
1.4045079 1.2228258 0.013928364 234 88 12
1.3890644 1.2244152 0.011884119 234 88 12
1.3675046 1.2297014 0.0094828494 234 88 12
1.3496644 1.2455418 0.0091877747 234 88 12
1.3434702 1.2643658 0.011051358 234 88 12
1.2850573 1.2573003 0.0013896379 234 88 12
1.2699133 1.2571491 -0.000867264 234 88 12
1.2427958 1.2609801 -0.0043033115 234 88 12
1.1786754 1.2629226 -0.013478039 234 88 12
1.0191046 1.2098885 -0.044849183 234 88 12
1.0671512 1.3469826 -0.017530555 234 88 12
1.0672786 1.3562835 -0.016139343 234 88 12
1.0417686 1.3625623 -0.018977033 234 88 12
1.0195242 1.362305 -0.022297291 234 88 12
0.99094981 1.3678714 -0.025692252 234 88 12
1.6299143 1.0836477 0.02351108 234 88 12
1.570049 1.0975878 0.016607732 234 88 12
1.5035281 1.1234248 0.010492232 234 88 12
1.5011673 1.1257856 0.010492232 234 88 12
1.4730712 1.1733636 0.013420696 234 88 12
1.4707479 1.175687 0.013420696 234 88 12
1.463535 1.1822659 0.013325396 234 88 12
1.447683 1.1932943 0.012600338 234 88 12
1.4241765 1.2107316 0.011688033 234 88 12
1.4216967 1.2128874 0.011639332 234 88 12
1.3982512 1.225448 0.010003145 234 88 12
1.3535306 1.239493 0.0053920699 234 88 12
1.3499522 1.2511081 0.0066001089 234 88 12
1.2900156 1.2573278 -0.0014744652 234 88 12
1.2616481 1.2590822 -0.0054748761 234 88 12
1.2526808 1.2604222 -0.0066213761 234 88 12
1.2443676 1.2625149 -0.0075564296 234 88 12
1.2085836 1.2643988 -0.012652212 234 88 12
1.2044526 1.2657087 -0.013076255 234 88 12
1.1481341 1.2620709 -0.022088736 234 88 12
1.0614212 1.1994363 -0.044538252 234 88 12
1.032313 1.2036401 -0.048281819 234 88 12
1.0224481 1.2125748 -0.04842164 234 88 12
1.0655674 1.3552148 -0.020498797 234 88 12
1.0419673 1.362761 -0.022911973 234 88 12
1.019726 1.3625069 -0.026293436 234 88 12
1.0148067 1.3640535 -0.026800392 234 88 12
1.6344583 1.0794163 0.020416401 234 88 12
1.6292083 1.0813473 0.019908348 234 88 12
1.6170194 1.0808719 0.017969688 234 88 12
1.5832477 1.0903013 0.014243335 234 88 12
1.540318 1.0982064 0.0088817803 234 88 12
1.5285397 1.1025431 0.007742607 234 88 12
1.4837788 1.1600507 0.0096939029 234 88 12
1.474463 1.1693666 0.0096939029 234 88 12
1.4690018 1.1726999 0.0093681524 234 88 12
1.4665923 1.1749082 0.0093373731 234 88 12
1.4448372 1.1947633 0.0090465033 234 88 12
1.3741913 1.2271196 0.0031851234 234 88 12
1.3686547 1.2256021 0.002105291 234 88 12
1.3477131 1.2536906 0.0031993408 234 88 12
1.3453022 1.2561015 0.0031993408 234 88 12
1.2905176 1.2578465 -0.0049199769 234 88 12
1.2709162 1.2581644 -0.0078718914 234 88 12
1.2408605 1.2642304 -0.011544254 234 88 12
1.2260367 1.2653821 -0.013637164 234 88 12
1.222846 1.2674736 -0.013805428 234 88 12
1.1949198 1.2672644 -0.018112401 234 88 12
1.176345 1.2660275 -0.021145185 234 88 12
1.0294199 1.206977 -0.052675955 234 88 12
1.0167125 1.2247636 -0.051898435 234 88 12
1.5816745 1.0862279 0.010108491 234 88 12
1.5731449 1.0890894 0.0092251655 234 88 12
1.5651671 1.0857782 0.007465825 234 88 12
1.5421165 1.0945005 0.0052328343 234 88 12
1.5342863 1.0998436 0.0048452266 234 88 12
1.5251126 1.1025131 0.003831591 234 88 12
1.4959506 1.1426558 0.005542879 234 88 12
1.4944787 1.1465639 0.0059225252 234 88 12
1.4831665 1.1588676 0.0060770549 234 88 12
1.452015 1.1879184 0.0057496876 234 88 12
1.4496779 1.1902555 0.0057496876 234 88 12
1.4194499 1.2095702 0.0040489021 234 88 12
1.413421 1.212459 0.0035595368 234 88 12
1.3743631 1.2272913 -0.00021589767 234 88 12
1.3688275 1.2257749 -0.0013149277 234 88 12
1.3639781 1.2306241 -0.0013149277 234 88 12
1.3482232 1.249023 -0.00090289197 234 88 12
1.3006626 1.2530973 -0.0076799975 234 88 12
1.250468 1.2633704 -0.013901534 234 88 12
1.2421526 1.2654846 -0.014867973 234 88 12
1.2230331 1.2676606 -0.017508512 234 88 12
1.1954942 1.2678007 -0.021778474 234 88 12
1.153693 1.2617382 -0.029237749 234 88 12
1.150695 1.2643143 -0.029303513 234 88 12
1.0618582 1.1998733 -0.05319101 234 88 12
1.0587912 1.2029403 -0.05319101 234 88 12
1.038859 1.2034018 -0.056225408 234 88 12
1.020039 1.2218796 -0.05627875 234 88 12
1.3813279 1.5647025 0.053453211 234 88 12
1.373818 1.5798813 0.05464837 234 88 12
1.3638637 1.5821667 0.053453211 234 88 12
1.6245148 1.0587044 0.0092656147 234 88 12
1.6042267 1.0789924 0.0092656147 234 88 12
1.6010839 1.0789276 0.0087568574 234 88 12
1.5699638 1.0813115 0.0041989866 234 88 12
1.5676479 1.0836273 0.0041989866 234 88 12
1.5649614 1.0850792 0.004003156 234 88 12
1.5584414 1.085405 0.0030206798 234 88 12
1.5561111 1.0877352 0.0030206798 234 88 12
1.5513222 1.0921096 0.0029549282 234 88 12
1.544627 1.0923239 0.0019269903 234 88 12
1.5422834 1.0946674 0.0019269903 234 88 12
1.5068797 1.1225008 0.00072622998 234 88 12
1.5041053 1.1308789 0.0016150654 234 88 12
1.4832591 1.1589063 0.0027540845 234 88 12
1.4785922 1.1635734 0.0027540845 234 88 12
1.4762588 1.1659068 0.0027540845 234 88 12
1.4715918 1.1705737 0.0027540845 234 88 12
1.4692583 1.1729072 0.0027540845 234 88 12
1.4644142 1.1772867 0.0026803908 234 88 12
1.4371332 1.194739 0.0011214527 234 88 12
1.4320345 1.1988683 0.00096770655 234 88 12
1.4143929 1.2080722 -0.00037059936 234 88 12
1.3532346 1.2443563 -0.0043159132 234 88 12
1.3483956 1.2491953 -0.0043159132 234 88 12
1.345976 1.2516148 -0.0043159132 234 88 12
1.316751 1.2445537 -0.010071273 234 88 12
1.297972 1.2553886 -0.011331294 234 88 12
1.2929622 1.2603985 -0.011331294 234 88 12
1.2880466 1.2603881 -0.012112584 234 88 12
1.283253 1.2605428 -0.012848386 234 88 12
1.2232733 1.2678974 -0.021195265 234 88 12
1.1740146 1.2691324 -0.028812332 234 88 12
1.0559427 1.2062259 -0.057517387 234 88 12
1.0458319 1.2035117 -0.059551548 234 88 12
1.0233654 1.2189956 -0.060659062 234 88 12
1.0171549 1.225206 -0.060659062 234 88 12
1.363238 1.5846416 0.051243491 234 88 12
1.5816699 1.077828 0.0022058571 234 88 12
1.575446 1.0785033 0.0013104309 234 88 12
1.5238926 1.0996491 -0.0035967 234 88 12
1.5179102 1.101879 -0.0042022481 234 88 12
1.5155329 1.1042564 -0.0042022481 234 88 12
1.4684484 1.171463 -0.0009549727 234 88 12
1.4183769 1.2021747 -0.0040792222 234 88 12
1.4160011 1.2045505 -0.0040792222 234 88 12
1.4103576 1.2080603 -0.004423555 234 88 12
1.4055977 1.2128202 -0.004423555 234 88 12
1.38238 1.2041471 -0.0095700277 234 88 12
1.3720585 1.2187636 -0.0088769076 234 88 12
1.3686705 1.219987 -0.0092262318 234 88 12
1.3043664 1.2518654 -0.014459016 234 88 12
1.2956455 1.258072 -0.014864755 234 88 12
1.2534162 1.2611576 -0.02118169 234 88 12
1.2399213 1.2684387 -0.022184443 234 88 12
1.2025483 1.2691309 -0.028103907 234 88 12
1.1550207 1.2629353 -0.036773656 234 88 12
1.0592282 1.2033774 -0.061843764 234 88 12
1.0429604 1.2068237 -0.063912846 234 88 12
1.0065094 1.2390091 -0.06460122 234 88 12
1.3807955 1.5673324 0.048784308 234 88 12
1.3588732 1.5876548 0.048526127 234 88 12
1.3529704 1.5897343 0.047909118 234 88 12
1.6309818 1.0593326 0.0039651259 234 88 12
1.6264982 1.0638162 0.0039651259 234 88 12
1.6042813 1.0703484 0.0013905407 234 88 12
1.5972279 1.0683404 -9.6849973e-05 234 88 12
1.5864351 1.0733906 -0.0010394836 234 88 12
1.546447 1.0808378 -0.0063809738 234 88 12
1.5296555 1.0895054 -0.0077144974 234 88 12
1.4954054 1.1345916 -0.0059357747 234 88 12
1.4841601 1.1538192 -0.0046255304 234 88 12
1.4565232 1.1766113 -0.0054207649 234 88 12
1.4464505 1.184994 -0.0056981784 234 88 12
1.441355 1.1891199 -0.0058573401 234 88 12
1.4316404 1.1922685 -0.0069351192 234 88 12
1.3703462 1.2165288 -0.013014124 234 88 12
1.3601403 1.2311949 -0.012281986 234 88 12
1.3443831 1.2497061 -0.011829909 234 88 12
1.3133543 1.2459972 -0.017531997 234 88 12
1.3062046 1.2486254 -0.018274205 234 88 12
1.2689192 1.2612661 -0.022319533 234 88 12
1.2484391 1.2665024 -0.024821769 234 88 12
1.1976192 1.2697718 -0.032627016 234 88 12
1.1930039 1.2707074 -0.03323102 234 88 12
1.0780405 1.2024091 -0.063312821 234 88 12
1.0431807 1.207044 -0.068274148 234 88 12
1.0300183 1.2132275 -0.069419689 234 88 12
1.0269132 1.2163328 -0.069419689 234 88 12
1.0113869 1.231859 -0.069419689 234 88 12
1.3821417 1.5624567 0.045705017 234 88 12
1.3789084 1.574752 0.047192492 234 88 12
1.3541317 1.5904669 0.045705017 234 88 12
1.338835 1.5927653 0.043571401 234 88 12
1.6065493 1.0593452 -0.0033265448 234 88 12
1.5818331 1.0697162 -0.0057210224 234 88 12
1.5733995 1.0730808 -0.0065671327 234 88 12
1.5670782 1.073773 -0.0075067128 234 88 12
1.5647403 1.076111 -0.0075067128 234 88 12
1.5320154 1.0868937 -0.011169232 234 88 12
1.5145273 1.1019012 -0.011583284 234 88 12
1.503692 1.1159194 -0.011052013 234 88 12
1.5013131 1.1182983 -0.011052013 234 88 12
1.4976095 1.1250286 -0.010546794 234 88 12
1.4952363 1.1274018 -0.010546794 234 88 12
1.4928632 1.1297749 -0.010546794 234 88 12
1.4932151 1.1371179 -0.0092623839 234 88 12
1.4838252 1.1466269 -0.0092424918 234 88 12
1.4814671 1.148985 -0.0092424918 234 88 12
1.4775261 1.1550339 -0.0088906689 234 88 12
1.4755083 1.1579614 -0.008738826 234 88 12
1.470804 1.1626657 -0.008738826 234 88 12
1.4339613 1.1897411 -0.010369149 234 88 12
1.4305357 1.1905463 -0.010806562 234 88 12
1.355773 1.2312328 -0.016494453 234 88 12
1.3113897 1.2437968 -0.021805607 234 88 12
1.2781652 1.2552558 -0.025438635 234 88 12
1.2686306 1.260972 -0.026075998 234 88 12
1.2512033 1.2641058 -0.028461847 234 88 12
1.0689367 1.2059593 -0.068590894 234 88 12
1.0565981 1.2068813 -0.070496522 234 88 12
1.0116081 1.2320801 -0.073800005 234 88 12
1.0085028 1.2351854 -0.073800005 234 88 12
1.3636106 1.5850141 0.043865941 234 88 12
1.342513 1.5893403 0.041066512 234 88 12
1.3334274 1.5925541 0.040086426 234 88 12
1.5997512 1.066133 -0.0066133384 234 88 12
1.5693424 1.0710251 -0.010943274 234 88 12
1.5532209 1.0647452 -0.014744543 234 88 12
1.5436896 1.0742764 -0.014744543 234 88 12
1.5278262 1.0852631 -0.015572069 234 88 12
1.5203674 1.0918596 -0.015718412 234 88 12
1.499053 1.1207513 -0.014432628 234 88 12
1.465618 1.1601911 -0.013413671 234 88 12
1.4461982 1.1783861 -0.013621512 234 88 12
1.4436145 1.1804258 -0.013713829 234 88 12
1.4412434 1.1827968 -0.013713829 234 88 12
1.424261 1.1929955 -0.014864944 234 88 12
1.3293349 1.169999 -0.034875132 234 88 12
1.3586817 1.2238623 -0.020755302 234 88 12
1.3537791 1.2287648 -0.020755302 234 88 12
1.3507937 1.2305702 -0.020955529 234 88 12
1.3032142 1.1961197 -0.034875132 234 88 12
1.3038315 1.2191408 -0.030863965 234 88 12
1.2751087 1.2572712 -0.02926759 234 88 12
1.2679989 1.2603309 -0.029954836 234 88 12
1.2513871 1.2642896 -0.032101925 234 88 12
1.2147068 1.2701477 -0.037332136 234 88 12
1.0715826 1.2082165 -0.072127774 234 88 12
1.033566 1.2105647 -0.078180321 234 88 12
1.0304608 1.2136699 -0.078180321 234 88 12
1.0087241 1.2354066 -0.078180321 234 88 12
1.3675094 1.5587269 0.037565533 234 88 12
1.3704897 1.5836645 0.042302918 234 88 12
1.3466446 1.5833583 0.038204703 234 88 12
1.3448648 1.5851381 0.038204703 234 88 12
1.3430851 1.5869179 0.038204703 234 88 12
1.3413053 1.5886977 0.038204703 234 88 12
1.629815 1.054966 -0.0066412529 234 88 12
1.6159458 1.0502648 -0.0098439511 234 88 12
1.5585381 1.0610489 -0.017884802 234 88 12
1.5083671 1.1036026 -0.019198492 234 88 12
1.4980985 1.1187992 -0.01834859 234 88 12
1.4885564 1.1283413 -0.01834859 234 88 12
1.4861708 1.1307269 -0.01834859 234 88 12
1.4840814 1.1336436 -0.018205913 234 88 12
1.4816974 1.1360276 -0.018205913 234 88 12
1.4697778 1.1479472 -0.018205913 234 88 12
1.460616 1.1581002 -0.018034957 234 88 12
1.2960963 1.2103267 -0.037401326 234 88 12
1.2741001 1.25623 -0.033278249 234 88 12
1.265625 1.263069 -0.033560421 234 88 12
1.2093325 1.2703023 -0.042021312 234 88 12
1.089794 1.2069643 -0.073560663 234 88 12
1.0841601 1.2077253 -0.074401058 234 88 12
1.0407497 1.2107965 -0.081358053 234 88 12
1.0275768 1.2169964 -0.082560636 234 88 12
1.0163764 1.2303506 -0.082189187 234 88 12
0.9878217 1.2362642 -0.086093925 234 88 12
1.3724424 1.5620127 0.036418181 234 88 12
1.3820101 1.571177 0.039648756 234 88 12
1.3547256 1.5797296 0.036418181 234 88 12
1.3485513 1.5817052 0.035694081 234 88 12
1.3408304 1.5856605 0.035044644 234 88 12
1.3366449 1.5888851 0.034878932 234 88 12
1.5491863 1.0707397 -0.021242546 234 88 12
1.5464425 1.072302 -0.021449585 234 88 12
1.5384022 1.0698276 -0.023292182 234 88 12
1.5359992 1.0722305 -0.023292182 234 88 12
1.5181655 1.0869656 -0.023835186 234 88 12
1.509034 1.0976038 -0.023571134 234 88 12
1.4929831 1.1227859 -0.021971023 234 88 12
1.2966274 1.1940478 -0.043892141 234 88 12
1.2910833 1.21571 -0.041067641 234 88 12
1.2888193 1.2349269 -0.038096868 234 88 12
1.2895992 1.2410947 -0.036879372 234 88 12
1.2734214 1.2503247 -0.038096868 234 88 12
1.0808254 1.2105005 -0.078825638 234 88 12
1.0634975 1.2127 -0.081476688 234 88 12
1.002956 1.2420596 -0.086940952 234 88 12
1.3765974 1.5618625 0.034576558 234 88 12
1.3786628 1.5747716 0.037200656 234 88 12
1.3734564 1.579978 0.037200656 234 88 12
1.3536597 1.5848001 0.034576558 234 88 12
1.3058842 1.583052 0.025898166 234 88 12
1.6221457 1.0408124 -0.01700036 234 88 12
1.6091945 1.0482453 -0.017982682 234 88 12
1.5874295 1.0582539 -0.02007548 234 88 12
1.5781487 1.0512925 -0.022966821 234 88 12
1.5757861 1.0536551 -0.022966821 234 88 12
1.5633577 1.0640037 -0.023337068 234 88 12
1.5513775 1.0677066 -0.024810551 234 88 12
1.5431808 1.0647461 -0.026796652 234 88 12
1.5277231 1.0769687 -0.02737258 234 88 12
1.5116416 1.0881562 -0.028243771 234 88 12
1.49029 1.1176413 -0.026795885 234 88 12
1.4767118 1.1401595 -0.025204472 234 88 12
1.4743248 1.1425463 -0.025204472 234 88 12
1.4695632 1.1408465 -0.026354702 234 88 12
1.2886695 1.2184943 -0.044733953 234 88 12
1.291548 1.2325212 -0.041724537 234 88 12
1.2812824 1.2427868 -0.041724537 234 88 12
1.2761497 1.2479194 -0.041724537 234 88 12
1.2545191 1.2622606 -0.043022163 234 88 12
1.215271 1.2707119 -0.048504438 234 88 12
1.2095683 1.2705501 -0.049548414 234 88 12
1.1000398 1.2102914 -0.079772927 234 88 12
1.0780246 1.2137309 -0.083079644 234 88 12
1.0700208 1.2125899 -0.084707588 234 88 12
1.0240967 1.2254263 -0.090597644 234 88 12
1.6085762 1.0374395 -0.023363877 234 88 12
1.5917883 1.0354069 -0.02676644 234 88 12
1.5870532 1.0401422 -0.02676644 234 88 12
1.5846856 1.0425097 -0.02676644 234 88 12
1.5704801 1.0567151 -0.02676644 234 88 12
1.5634604 1.0559632 -0.028171517 234 88 12
1.5610777 1.0583458 -0.028171517 234 88 12
1.5521823 1.0534632 -0.03066247 234 88 12
1.5351262 1.069909 -0.030772811 234 88 12
1.5324323 1.0717038 -0.030935369 234 88 12
1.5282134 1.0702264 -0.031965215 234 88 12
1.5134692 1.0843476 -0.032077841 234 88 12
1.5040791 1.0946515 -0.03191264 234 88 12
1.4971586 1.102587 -0.031729136 234 88 12
1.4902365 1.1104854 -0.031552624 234 88 12
1.4636297 1.1370922 -0.031552624 234 88 12
1.2412223 1.2697392 -0.047780614 234 88 12
1.2205348 1.270523 -0.051379044 234 88 12
1.1972111 1.2695178 -0.055777512 234 88 12
1.1933522 1.2711402 -0.056181855 234 88 12
1.1853632 1.2691165 -0.057992082 234 88 12
1.1767396 1.266607 -0.060004842 234 88 12
1.0840003 1.2132536 -0.086417265 234 88 12
1.0663753 1.2151544 -0.089260101 234 88 12
1.0515566 1.2141078 -0.092128411 234 88 12
1.0330352 1.215898 -0.095153287 234 88 12
1.0299357 1.2189975 -0.095153287 234 88 12
1.0214015 1.2343483 -0.093920879 234 88 12
1.0065037 1.2393967 -0.095701575 234 88 12
1.3700225 1.5750728 0.030707387 234 88 12
1.3427024 1.59251 0.028920656 234 88 12
1.3352383 1.5910563 0.027308395 234 88 12
1.3254856 1.5911939 0.025570039 234 88 12
1.5279348 1.0694274 -0.035644658 234 88 12
1.5025017 1.0913732 -0.036284816 234 88 12
1.5006618 1.0949649 -0.03596323 234 88 12
1.4921131 1.1068895 -0.035343513 234 88 12
1.4807336 1.120333 -0.034964629 234 88 12
1.2831212 1.1897829 -0.05849164 234 88 12
1.2892988 1.2025007 -0.05502297 234 88 12
1.2842436 1.2079909 -0.054943129 234 88 12
1.2781111 1.239404 -0.050302319 234 88 12
1.213816 1.2694 -0.056598645 234 88 12
1.0730009 1.2151451 -0.092408016 234 88 12
1.0305556 1.2195331 -0.099394277 234 88 12
1.0107893 1.2372344 -0.09977337 234 88 12
1.006725 1.2396179 -0.10008189 234 88 12
1.3869562 1.5717204 0.030682493 234 88 12
1.3733543 1.5743699 0.028671945 234 88 12
1.3683949 1.5769501 0.028235182 234 88 12
1.3007013 1.5890301 0.018026117 234 88 12
1.555705 1.0368499 -0.040027052 234 88 12
1.5493737 1.0464402 -0.039419666 234 88 12
1.5445145 1.0512996 -0.039419666 234 88 12
1.5396553 1.0561588 -0.039419666 234 88 12
1.4986615 1.0908883 -0.040587045 234 88 12
1.496471 1.0938171 -0.04044944 234 88 12
1.4943049 1.0967845 -0.040300123 234 88 12
1.4686828 1.1189929 -0.040936291 234 88 12
1.2503135 1.2632576 -0.054745875 234 88 12
1.1971651 1.2695142 -0.063484311 234 88 12
1.0844287 1.2136819 -0.094897605 234 88 12
1.0676357 1.2162715 -0.097544447 234 88 12
1.0613203 1.2166127 -0.09865775 234 88 12
1.0277992 1.2229464 -0.1037242 234 88 12
1.3961654 1.5664145 0.02892823 234 88 12
1.3774452 1.5826585 0.028466793 234 88 12
1.302694 1.5873024 0.015402101 234 88 12
1.2961179 1.5894983 0.014585825 234 88 12
1.5489874 1.0453054 -0.043200154 234 88 12
1.5416876 1.0526052 -0.043200154 234 88 12
1.5363909 1.0565109 -0.043463238 234 88 12
1.5216303 1.0631799 -0.044993676 234 88 12
1.5191786 1.0656314 -0.044993676 234 88 12
1.4896866 1.0949119 -0.045033701 234 88 12
1.4743842 1.108555 -0.045347538 234 88 12
1.2764146 1.2322303 -0.05939921 234 88 12
1.2625159 1.2495537 -0.058751494 234 88 12
1.242974 1.2663538 -0.059270035 234 88 12
1.2309507 1.2650568 -0.061789379 234 88 12
1.1146653 1.2175868 -0.092761405 234 88 12
1.0758682 1.2176061 -0.10009565 234 88 12
1.0548308 1.2168946 -0.10420914 234 88 12
1.0374947 1.2140201 -0.10803169 234 88 12
1.0187272 1.2324598 -0.10809371 234 88 12
1.0112312 1.2376763 -0.10852483 234 88 12
0.98290431 1.2439184 -0.11270183 234 88 12
1.4052658 1.5669153 0.02827199 234 88 12
1.3984596 1.5737215 0.02827199 234 88 12
1.3922844 1.575304 0.027403351 234 88 12
1.3660882 1.586906 0.024643041 234 88 12
1.3613676 1.5868547 0.023740524 234 88 12
1.3581291 1.5877153 0.023290772 234 88 12
1.3556503 1.589039 0.023072327 234 88 12
1.3320123 1.5893953 0.018668907 234 88 12
1.3226082 1.5925837 0.017493302 234 88 12
1.2999884 1.5858941 0.011949847 234 88 12
1.2981197 1.5877628 0.011949847 234 88 12
1.5530505 1.0382856 -0.047266509 234 88 12
1.5420169 1.045117 -0.048073009 234 88 12
1.5371213 1.0500126 -0.048073009 234 88 12
1.534063 1.0510964 -0.04845196 234 88 12
1.518501 1.0485008 -0.051936757 234 88 12
1.4636086 1.1097647 -0.050713945 234 88 12
1.4593462 1.1091077 -0.051658072 234 88 12
1.2795467 1.2138116 -0.0660704 234 88 12
1.2740008 1.2350146 -0.063065521 234 88 12
1.2662035 1.2428118 -0.063065521 234 88 12
1.2048676 1.266331 -0.070323318 234 88 12
1.1234268 1.2197928 -0.094884992 234 88 12
1.4156381 1.5655648 0.02755663 234 88 12
1.4105843 1.5706184 0.02755663 234 88 12
1.3388149 1.5876939 0.017059762 234 88 12
1.3288802 1.5905033 0.015692294 234 88 12
1.5411912 1.0429947 -0.052167792 234 88 12
1.5258305 1.0484854 -0.054089539 234 88 12
1.4956448 1.0697602 -0.055824544 234 88 12
1.4904006 1.0815523 -0.054549634 234 88 12
1.4736826 1.1000432 -0.054204434 234 88 12
1.279734 1.213999 -0.069779485 234 88 12
1.2494473 1.2468228 -0.069285505 234 88 12
1.1124829 1.2101892 -0.10308599 234 88 12
1.1024897 1.2070107 -0.1056506 234 88 12
1.0619711 1.2172635 -0.11154354 234 88 12
1.0552132 1.2172869 -0.11285476 234 88 12
1.0261594 1.2273238 -0.11655748 234 88 12
1.4184822 1.5530759 0.023255726 234 88 12
1.4174427 1.5640001 0.025180344 234 88 12
1.4157581 1.5656847 0.025180344 234 88 12
1.4073353 1.5741075 0.025180344 234 88 12
1.3861115 1.5854466 0.023255726 234 88 12
1.360588 1.5892798 0.019032504 234 88 12
1.3581208 1.5905997 0.018809104 234 88 12
1.2956042 1.5894105 0.0064052446 234 88 12
1.5536369 1.0308988 -0.055629693 234 88 12
1.5511826 1.033353 -0.055629693 234 88 12
1.4834124 1.0824722 -0.059313126 234 88 12
1.2746626 1.2194451 -0.073488571 234 88 12
1.2720332 1.2220745 -0.073488571 234 88 12
1.2667743 1.2273333 -0.073488571 234 88 12
1.2641449 1.2299627 -0.073488571 234 88 12
1.2457391 1.2483685 -0.073488571 234 88 12
1.1117873 1.2096026 -0.10759909 234 88 12
1.0619326 1.2172709 -0.11593064 234 88 12
1.0345774 1.2173957 -0.12130844 234 88 12
1.0316591 1.2206366 -0.12124472 234 88 12
1.0224868 1.2300242 -0.12120221 234 88 12
1.0078311 1.2407241 -0.12198346 234 88 12
1.4141935 1.5674893 0.022804055 234 88 12
1.4108244 1.5708585 0.022804055 234 88 12
1.4057707 1.5759121 0.022804055 234 88 12
1.4040861 1.5775967 0.022804055 234 88 12
1.3935637 1.5818906 0.021573987 234 88 12
1.366372 1.5872244 0.017257191 234 88 12
1.3304489 1.5886773 0.010449561 234 88 12
1.477491 1.0855337 -0.063469864 234 88 12
1.2774793 1.217003 -0.077197663 234 88 12
1.2643323 1.23015 -0.077197663 234 88 12
1.2037722 1.2602303 -0.083302207 234 88 12
1.1835442 1.2625186 -0.086895213 234 88 12
1.1076976 1.20603 -0.11339951 234 88 12
1.0318798 1.2208573 -0.12561481 234 88 12
1.4240706 1.5543109 0.019718518 234 88 12
1.4153062 1.5654365 0.020191396 234 88 12
1.4068719 1.5738708 0.020191396 234 88 12
1.3651471 1.5865325 0.014370603 234 88 12
1.3611217 1.5869063 0.013639254 234 88 12
1.335995 1.5833886 0.0079022739 234 88 12
1.3071343 1.5928581 0.0040185815 234 88 12
1.2912343 1.5929513 0.00085276709 234 88 12
1.2776666 1.2171904 -0.080906749 234 88 12
1.2750372 1.2198198 -0.080906749 234 88 12
1.267149 1.227708 -0.080906749 234 88 12
1.2566314 1.2382256 -0.080906749 234 88 12
1.254002 1.240855 -0.080906749 234 88 12
1.2511737 1.2432833 -0.080987975 234 88 12
1.1977098 1.2598494 -0.088480882 234 88 12
1.1950082 1.2625511 -0.088480882 234 88 12
1.0927843 1.2098651 -0.11993876 234 88 12
1.0749991 1.2115014 -0.12321816 234 88 12
1.0504893 1.224648 -0.12552567 234 88 12
1.4171132 1.5638697 0.017811883 234 88 12
1.4154264 1.5655566 0.017811883 234 88 12
1.4069921 1.5739909 0.017811883 234 88 12
1.389883 1.5824032 0.016045827 234 88 12
1.3881793 1.5841069 0.016045827 234 88 12
1.3819594 1.5829647 0.014550784 234 88 12
1.3777658 1.5859308 0.014301498 234 88 12
1.35265 1.5875252 0.0095249759 234 88 12
1.3376585 1.5844078 0.005847571 234 88 12
1.3343178 1.585323 0.0053549861 234 88 12
1.2978384 1.5907886 -0.00094301481 234 88 12
1.2793075 1.1966364 -0.088586487 234 88 12
1.2752246 1.2200071 -0.084615842 234 88 12
1.1952006 1.2627436 -0.092291981 234 88 12
1.0960002 1.2070769 -0.12417355 234 88 12
1.0689287 1.2120413 -0.1287246 234 88 12
1.0597938 1.221176 -0.1287246 234 88 12
1.4580474 1.5511101 0.021183038 234 88 12
1.4504955 1.5626206 0.02199796 234 88 12
1.4423705 1.5707457 0.02199796 234 88 12
1.4335573 1.5756004 0.021183038 234 88 12
1.4305222 1.5762435 0.020690637 234 88 12
1.4121728 1.5690506 0.015432368 234 88 12
1.4087992 1.5724242 0.015432368 234 88 12
1.3474935 1.5873599 0.0058864569 234 88 12
1.3146609 1.588547 -0.00062821066 234 88 12
1.2979714 1.5909215 -0.0035751259 234 88 12
1.2741638 1.20216 -0.092348345 234 88 12
1.2780412 1.2175649 -0.088324927 234 88 12
1.2596354 1.2359709 -0.088324927 234 88 12
1.236263 1.2442392 -0.091476485 234 88 12
1.2200756 1.2442858 -0.094844386 234 88 12
1.1223783 1.2079306 -0.12281545 234 88 12
1.0840131 1.2080112 -0.13080384 234 88 12
1.0721905 1.2092133 -0.13301986 234 88 12
1.4603612 1.5529864 0.019705698 234 88 12
1.4376112 1.5757365 0.019705698 234 88 12
1.4189354 1.5737826 0.015401141 234 88 12
1.3729174 1.5830191 0.0077264342 234 88 12
1.2768831 1.5914325 -0.01055635 234 88 12
1.2729697 1.2230111 -0.09203402 234 88 12
1.2171993 1.2415148 -0.099914178 234 88 12
1.4434866 1.5716267 0.01773781 234 88 12
1.4337898 1.5758331 0.016576856 234 88 12
1.4173889 1.5755662 0.013052424 234 88 12
1.4108236 1.5767037 0.011904697 234 88 12
1.3822436 1.58047 0.0066577652 234 88 12
1.3726166 1.5800564 0.0045346804 234 88 12
1.3678297 1.5827434 0.004090636 234 88 12
1.2818363 1.5882819 -0.012921757 234 88 12
1.2789253 1.589662 -0.0132455 234 88 12
1.2705277 1.2258278 -0.095743105 234 88 12
1.2372085 1.2398753 -0.099872053 234 88 12
1.2345417 1.2425421 -0.099872053 234 88 12
1.2119883 1.2471107 -0.10372528 234 88 12
1.2011814 1.2579175 -0.10372528 234 88 12
1.1970558 1.259317 -0.10430937 234 88 12
1.0940638 1.1941655 -0.14033397 234 88 12
1.0696925 1.2071862 -0.14276579 234 88 12
1.4549563 1.5603881 0.015449747 234 88 12
1.4500903 1.5652541 0.015449747 234 88 12
1.4427178 1.571093 0.015121175 234 88 12
1.4292349 1.5782309 0.013761731 234 88 12
1.3532037 1.5824093 -0.0016326617 234 88 12
1.348069 1.5850306 -0.0021711369 234 88 12
1.3394481 1.5856612 -0.0038830426 234 88 12
1.3363707 1.5867221 -0.0043150419 234 88 12
1.3254296 1.5861744 -0.0067765312 234 88 12
1.2752639 1.5878258 -0.017170675 234 88 12
1.270715 1.2260152 -0.099452198 234 88 12
1.2628268 1.2339034 -0.099452198 234 88 12
1.2547408 1.2415899 -0.099538885 234 88 12
1.0850211 1.1976842 -0.14590567 234 88 12
1.0729656 1.2043484 -0.14707582 234 88 12
1.4410288 1.5698841 0.012149658 234 88 12
1.4377667 1.5731462 0.012149658 234 88 12
1.433585 1.5757546 0.0118082 234 88 12
1.4309888 1.5767101 0.011452096 234 88 12
1.4159611 1.5774685 0.0083549917 234 88 12
1.395872 1.5752478 0.0035126887 234 88 12
1.3855288 1.5798342 0.0022632359 234 88 12
1.3709368 1.5791003 -0.0010632538 234 88 12
1.3499775 1.5833758 -0.0046843914 234 88 12
1.321656 1.5840973 -0.010674916 234 88 12
1.3185689 1.5852307 -0.011098939 234 88 12
1.3109668 1.583866 -0.013045165 234 88 12
1.2891572 1.5864741 -0.017212808 234 88 12
1.2682729 1.2288319 -0.10316128 234 88 12
1.2163905 1.2407537 -0.1119465 234 88 12
1.2028555 1.2542887 -0.1119465 234 88 12
1.0913279 1.1918112 -0.15020093 234 88 12
1.0731833 1.2045661 -0.15138586 234 88 12
1.4427761 1.5683692 0.0098488256 234 88 12
1.4213024 1.5755706 0.0067111137 234 88 12
1.3991277 1.5774418 0.0022474774 234 88 12
1.3438317 1.5797744 -0.0093963491 234 88 12
1.3352731 1.5804794 -0.01112293 234 88 12
1.3035066 1.5855911 -0.016982939 234 88 12
1.2737191 1.2237604 -0.10687038 234 88 12
1.2684603 1.2290192 -0.10687038 234 88 12
1.2377784 1.2404453 -0.11115762 234 88 12
1.2096827 1.2396353 -0.11759339 234 88 12
1.2084624 1.2490675 -0.11576506 234 88 12
1.1987125 1.2504544 -0.11762707 234 88 12
1.1668415 1.2263148 -0.1300977 234 88 12
1.1315124 1.1994298 -0.14394954 234 88 12
1.1075158 1.1832883 -0.15288618 234 88 12
1.0825672 1.1956176 -0.15569589 234 88 12
1.0557557 1.2069449 -0.15914339 234 88 12
1.0610954 1.2224777 -0.15449619 234 88 12
1.4522004 1.5465682 0.0047406154 234 88 12
1.4533025 1.5533574 0.0064976183 234 88 12
1.4401805 1.5664793 0.0064976183 234 88 12
1.4369001 1.5697598 0.0064976183 234 88 12
1.4214206 1.5756887 0.0043711811 234 88 12
1.4136142 1.575941 0.0026892573 234 88 12
1.4094203 1.5759071 0.0017479687 234 88 12
1.4029723 1.5772145 0.00060345087 234 88 12
1.3102396 1.5835793 -0.0186262 234 88 12
1.2689503 1.5876805 -0.026906049 234 88 12
1.2486356 1.229968 -0.11491948 234 88 12
1.2074788 1.2212969 -0.12615323 234 88 12
1.0858402 1.1927798 -0.16000591 234 88 12
1.0765215 1.1961347 -0.16135046 234 88 12
1.0550525 1.2176037 -0.16135046 234 88 12
1.4506627 1.5483416 0.0024052293 234 88 12
1.4501389 1.5567547 0.0041838572 234 88 12
1.4274848 1.5715197 0.0024052293 234 88 12
1.4202268 1.5748966 0.0015302218 234 88 12
1.4137334 1.5760602 0.00032862317 234 88 12
1.4060436 1.5764893 -0.0013082811 234 88 12
1.4030929 1.577335 -0.0017828551 234 88 12
1.3843333 1.5792015 -0.0055914442 234 88 12
1.330341 1.5805988 -0.017449016 234 88 12
1.3150765 1.5805498 -0.020901432 234 88 12
1.2954475 1.5813092 -0.025155609 234 88 12
1.2803729 1.5819858 -0.028401624 234 88 12
1.2762651 1.5827526 -0.029154876 234 88 12
1.2740967 1.5845541 -0.029237587 234 88 12
1.2754937 1.2034899 -0.11868133 234 88 12
1.1700771 1.2238863 -0.13808765 234 88 12
1.1020252 1.1783465 -0.16401552 234 88 12
1.079807 1.1932862 -0.16567685 234 88 12
1.4484119 1.5405656 -0.0022726732 234 88 12
1.4490801 1.5441173 -0.0013094961 234 88 12
1.445814 1.5534263 6.9843307e-05 234 88 12
1.4420545 1.5650728 0.0018700965 234 88 12
1.4358805 1.5633597 6.9843307e-05 234 88 12
1.4096599 1.5761467 -0.0029964698 234 88 12
1.3117293 1.5816293 -0.024098199 234 88 12
1.2808589 1.5793576 -0.031663034 234 88 12
1.263396 1.5819974 -0.035046484 234 88 12
1.2410152 1.2383484 -0.12244319 234 88 12
1.1022426 1.1785641 -0.16832194 234 88 12
1.037946 1.1865739 -0.18132761 234 88 12
1.0347837 1.1897361 -0.18132761 234 88 12
1.4420542 1.5564228 -0.002496426 234 88 12
1.4387392 1.5597378 -0.002496426 234 88 12
1.4225217 1.5709132 -0.0036614512 234 88 12
1.4208544 1.5725805 -0.0036614512 234 88 12
1.3894244 1.5769063 -0.0099241482 234 88 12
1.3298429 1.5775223 -0.023548776 234 88 12
1.3189858 1.5799767 -0.025490332 234 88 12
1.2769779 1.5803069 -0.035120413 234 88 12
1.2268991 1.5724492 -0.048507251 234 88 12
1.2785405 1.201203 -0.12620504 234 88 12
1.2108331 1.219124 -0.13784854 234 88 12
1.1559774 1.1766478 -0.16061138 234 88 12
1.1530244 1.1796007 -0.16061138 234 88 12
1.10246 1.1787815 -0.17262836 234 88 12
1.0621128 1.1896319 -0.1795267 234 88 12
1.035009 1.1899614 -0.18578839 234 88 12
1.06205 1.2178762 -0.17293601 234 88 12
1.4288977 1.5669364 -0.005507852 234 88 12
1.4142016 1.573669 -0.0073702773 234 88 12
1.4094332 1.5732385 -0.0085861245 234 88 12
1.4005095 1.5728908 -0.010754461 234 88 12
1.370029 1.5730795 -0.017838705 234 88 12
1.3641102 1.5722318 -0.019421168 234 88 12
1.3299737 1.5776531 -0.026136788 234 88 12
1.2813973 1.1987262 -0.1299669 234 88 12
1.1463052 1.1613171 -0.170794 234 88 12
1.1392219 1.1603482 -0.17269979 234 88 12
1.0447211 1.1806998 -0.19024919 234 88 12
1.4528543 1.5381736 -0.0090474961 234 88 12
1.4520295 1.5465491 -0.0072604269 234 88 12
1.4422903 1.556659 -0.0071726791 234 88 12
1.4268022 1.5683234 -0.0080776606 234 88 12
1.4225031 1.5709702 -0.008468736 234 88 12
1.4169351 1.5727587 -0.009363248 234 88 12
1.4067676 1.5714574 -0.012077646 234 88 12
1.3861558 1.5748671 -0.016148971 234 88 12
1.2780086 1.5780187 -0.040999096 234 88 12
1.253513 1.574051 -0.047735672 234 88 12
1.2815874 1.1989162 -0.13372876 234 88 12
1.2682532 1.2122502 -0.13372876 234 88 12
1.2549192 1.2255843 -0.13372876 234 88 12
1.2522525 1.2282511 -0.13372876 234 88 12
1.1391203 1.1542749 -0.17853889 234 88 12
1.1239659 1.1694294 -0.17853889 234 88 12
1.433907 1.5649078 -0.0095995702 234 88 12
1.400295 1.5699619 -0.016438836 234 88 12
1.3962107 1.570084 -0.017387746 234 88 12
1.3935699 1.5711932 -0.017754504 234 88 12
1.3643638 1.5724852 -0.024439635 234 88 12
1.3439671 1.5744354 -0.028857343 234 88 12
1.3308792 1.5753788 -0.031765804 234 88 12
1.3228865 1.5765562 -0.033397961 234 88 12
1.2988952 1.5746772 -0.039593581 234 88 12
1.2868543 1.5739468 -0.042652145 234 88 12
1.2536548 1.5741929 -0.050544102 234 88 12
1.2684432 1.2124403 -0.13749062 234 88 12
1.257776 1.2231075 -0.13749062 234 88 12
1.216951 1.2141874 -0.14954387 234 88 12
1.1393363 1.1544908 -0.18281433 234 88 12
1.1174585 1.1750927 -0.1831235 234 88 12
1.1061654 1.1763811 -0.18554762 234 88 12
1.0721083 1.180966 -0.19268873 234 88 12
1.0388472 1.187475 -0.19917078 234 88 12
1.4524137 1.5408928 -0.013330624 234 88 12
1.4213071 1.5701976 -0.013767225 234 88 12
1.3264936 1.5728507 -0.036097657 234 88 12
1.319501 1.5746517 -0.037355572 234 88 12
1.269679 1.573678 -0.049663376 234 88 12
1.2579982 1.5735096 -0.052534416 234 88 12
1.1395522 1.1547067 -0.18708979 234 88 12
1.1063828 1.1765985 -0.18985404 234 88 12
1.4476961 1.5491397 -0.014878771 234 88 12
1.4474092 1.5518782 -0.014277859 234 88 12
1.4440928 1.5551946 -0.014277859 234 88 12
1.4407762 1.5585111 -0.014277859 234 88 12
1.3940746 1.5687306 -0.023220155 234 88 12
1.3582306 1.5716432 -0.031292051 234 88 12
1.3520217 1.5707048 -0.033043932 234 88 12
1.2613143 1.5722995 -0.054886695 234 88 12
1.2608228 1.2208207 -0.14501433 234 88 12
1.2554891 1.2261542 -0.14501433 234 88 12
1.2528224 1.228821 -0.14501433 234 88 12
1.1310232 1.1523932 -0.19416046 234 88 12
1.1127061 1.1707103 -0.19416046 234 88 12
1.4508284 1.5426762 -0.018109299 234 88 12
1.445424 1.5503527 -0.017545968 234 88 12
1.425779 1.5677255 -0.018109299 234 88 12
1.3834385 1.5674905 -0.028665021 234 88 12
1.3641144 1.5695596 -0.032942988 234 88 12
1.3353262 1.569375 -0.04012616 234 88 12
1.2877544 1.568622 -0.052107301 234 88 12
1.2809215 1.570868 -0.053244509 234 88 12
1.2690132 1.2130102 -0.14877619 234 88 12
1.2663463 1.215677 -0.14877619 234 88 12
1.2556791 1.2263442 -0.14877619 234 88 12
1.0852139 1.1691898 -0.20585077 234 88 12
1.4534502 1.5387695 -0.020846816 234 88 12
1.4309078 1.5628346 -0.020464979 234 88 12
1.3660282 1.5679004 -0.035463031 234 88 12
1.350258 1.5697122 -0.038963057 234 88 12
1.3273487 1.5676001 -0.045237049 234 88 12
1.3029896 1.5682776 -0.05117508 234 88 12
1.2645454 1.5680726 -0.060866222 234 88 12
1.2363415 1.5654176 -0.068603911 234 88 12
1.258536 1.2238674 -0.15253803 234 88 12
1.2532023 1.2292011 -0.15253803 234 88 12
1.1192467 1.1650397 -0.2027733 234 88 12
1.1032425 1.1737837 -0.20461425 234 88 12
1.4447255 1.5528212 -0.021916403 234 88 12
1.4361951 1.5580628 -0.02275029 234 88 12
1.4343667 1.5596137 -0.022820657 234 88 12
1.4254098 1.5646505 -0.023814671 234 88 12
1.3725061 1.5633174 -0.037567135 234 88 12
1.3550606 1.5668716 -0.041089471 234 88 12
1.352254 1.5680609 -0.041499563 234 88 12
1.2961143 1.5674191 -0.055897295 234 88 12
1.2838849 1.5665789 -0.059211284 234 88 12
1.2759525 1.56826 -0.060796406 234 88 12
1.2747267 1.2080566 -0.15629989 234 88 12
1.2613927 1.2213906 -0.15629989 234 88 12
1.2206991 1.2124081 -0.16903606 234 88 12
1.1126621 1.1648011 -0.20894063 234 88 12
1.106528 1.1709352 -0.20894063 234 88 12
1.453159 1.5446246 -0.024262279 234 88 12
1.3995709 1.5639089 -0.033057179 234 88 12
1.3689231 1.5639762 -0.040897552 234 88 12
1.3343854 1.5659934 -0.049235255 234 88 12
1.3183148 1.5623029 -0.05430169 234 88 12
1.2871752 1.5654461 -0.061479498 234 88 12
1.2780693 1.5664463 -0.06355767 234 88 12
1.2615827 1.2215806 -0.16006175 234 88 12
1.0983195 1.1574137 -0.21901278 234 88 12
1.4362746 1.5581816 -0.027532017 234 88 12
1.4306945 1.5598662 -0.028541775 234 88 12
1.4142385 1.5654308 -0.031364929 234 88 12
1.3890712 1.5626465 -0.038610067 234 88 12
1.3461584 1.5643585 -0.049289539 234 88 12
1.3363702 1.5642726 -0.051848941 234 88 12
1.3303746 1.5636063 -0.053575758 234 88 12
1.2841903 1.5638231 -0.065490745 234 88 12
1.2283902 1.1448123 -0.19273597 234 88 12
1.27244 1.2111033 -0.1638236 234 88 12
1.2644395 1.2191038 -0.1638236 234 88 12
1.2293837 1.2045109 -0.17683293 234 88 12
1.2238564 1.2100382 -0.17683293 234 88 12
1.4526099 1.5381675 -0.030914035 234 88 12
1.4509447 1.5398551 -0.030908167 234 88 12
1.4475895 1.5432101 -0.030908167 234 88 12
1.4341691 1.5566306 -0.030908167 234 88 12
1.4080327 1.5610963 -0.036586516 234 88 12
1.3937417 1.5599791 -0.040623877 234 88 12
1.3522677 1.5622864 -0.050886665 234 88 12
1.2683944 1.5612073 -0.073146597 234 88 12
1.2279564 1.5517786 -0.086213052 234 88 12
1.2181864 1.5497878 -0.089294702 234 88 12
1.2619627 1.2219605 -0.16758546 234 88 12
1.2295805 1.2047079 -0.18073137 234 88 12
1.1873261 1.1786352 -0.198828 234 88 12
1.4532206 1.5325489 -0.034670141 234 88 12
1.4509429 1.5368237 -0.034141205 234 88 12
1.4164532 1.5583234 -0.03758163 234 88 12
1.4071455 1.560508 -0.039468214 234 88 12
1.3928185 1.5593835 -0.043560605 234 88 12
1.3690368 1.5612218 -0.049372338 234 88 12
1.3384259 1.559638 -0.057899192 234 88 12
1.3189895 1.5598387 -0.062993817 234 88 12
1.2995918 1.560537 -0.067946404 234 88 12
1.2644684 1.5590944 -0.077631012 234 88 12
1.2549301 1.5600896 -0.079893671 234 88 12
1.220449 1.5478262 -0.092274092 234 88 12
1.2701532 1.2141501 -0.17134732 234 88 12
1.2297775 1.2049048 -0.18462981 234 88 12
1.2270138 1.2076684 -0.18462981 234 88 12
1.2242502 1.2104321 -0.18462981 234 88 12
1.4414684 1.5164059 -0.044582382 234 88 12
1.4460111 1.5419955 -0.036516603 234 88 12
1.3543541 1.5607203 -0.056038957 234 88 12
1.2866272 1.5592455 -0.07456284 234 88 12
1.2644986 1.5560497 -0.081341617 234 88 12
1.2598637 1.5566062 -0.082433343 234 88 12
1.2261242 1.1483103 -0.20493218 234 88 12
1.2730099 1.2116733 -0.17510918 234 88 12
1.2703431 1.2143401 -0.17510918 234 88 12
1.4520488 1.5253671 -0.041821711 234 88 12
1.4551489 1.5311015 -0.039431926 234 88 12
1.4410791 1.5471673 -0.038892001 234 88 12
1.4393952 1.5488513 -0.038892001 234 88 12
1.4343435 1.553903 -0.038892001 234 88 12
1.4299899 1.556537 -0.039357159 234 88 12
1.4051095 1.5561882 -0.046181787 234 88 12
1.4015095 1.556613 -0.04704072 234 88 12
1.3063592 1.555428 -0.073100053 234 88 12
1.2649379 1.553216 -0.084903143 234 88 12
1.2522804 1.1831894 -0.1924267 234 88 12
1.2678663 1.2171969 -0.17887104 234 88 12
1.4513028 1.5371836 -0.041267399 234 88 12
1.444567 1.5439193 -0.041267399 234 88 12
1.4411992 1.5472872 -0.041267399 234 88 12
1.3929911 1.5566504 -0.051885113 234 88 12
1.3732098 1.5581445 -0.056883629 234 88 12
1.3693765 1.5585955 -0.057808127 234 88 12
1.3279803 1.5563438 -0.069738679 234 88 12
1.2521869 1.5524815 -0.091511436 234 88 12
1.2236528 1.1516029 -0.21306299 234 88 12
1.238659 1.1972045 -0.19632514 234 88 12
1.2358954 1.1999681 -0.19632514 234 88 12
1.1910485 1.1765639 -0.21517384 234 88 12
1.4793043 1.539441 -0.035352539 234 88 12
1.4379512 1.5507751 -0.043642797 234 88 12
1.4300719 1.5566595 -0.044193711 234 88 12
1.411484 1.5578395 -0.049001195 234 88 12
1.3948829 1.5550207 -0.054364312 234 88 12
1.3616939 1.5565941 -0.063095503 234 88 12
1.3208141 1.5550493 -0.074811772 234 88 12
1.2824438 1.5507742 -0.086589031 234 88 12
1.2427472 1.5473177 -0.098506466 234 88 12
1.489172 1.5298048 -0.037645239 234 88 12
1.4868672 1.5338999 -0.03714579 234 88 12
1.4836235 1.5371435 -0.03714579 234 88 12
1.4787581 1.542009 -0.03714579 234 88 12
1.4738927 1.5468744 -0.03714579 234 88 12
1.4257311 1.5564195 -0.047919769 234 88 12
1.4190785 1.5574461 -0.04948939 234 88 12
1.4162778 1.5583667 -0.050013971 234 88 12
1.4116067 1.5579622 -0.051430043 234 88 12
1.4077942 1.5582008 -0.052427106 234 88 12
1.3519772 1.5533381 -0.06935674 234 88 12
1.3435295 1.5539986 -0.071529366 234 88 12
1.3267995 1.5526472 -0.076574035 234 88 12
1.27183 1.5478379 -0.093252301 234 88 12
1.2473437 1.1893073 -0.20412201 234 88 12
1.2362891 1.2003618 -0.20412201 234 88 12
1.47563 1.5453681 -0.039433558 234 88 12
1.443969 1.5435194 -0.048877686 234 88 12
1.4404395 1.546773 -0.048955496 234 88 12
1.4369391 1.5470568 -0.049861997 234 88 12
1.4275492 1.5548432 -0.05031395 234 88 12
1.4235483 1.5548394 -0.051442578 234 88 12
1.4209085 1.5558596 -0.051899072 234 88 12
1.3455247 1.5522687 -0.074156731 234 88 12
1.3248942 1.5515119 -0.0801844 234 88 12
1.2723284 1.5449998 -0.096834533 234 88 12
1.2420133 1.1950315 -0.20802045 234 88 12
1.2309587 1.206086 -0.20802045 234 88 12
1.2102123 1.1903679 -0.21840075 234 88 12
1.4944777 1.5346378 -0.039476316 234 88 12
1.4152956 1.5547639 -0.056287739 234 88 12
1.3864174 1.5522532 -0.065223157 234 88 12
1.3803072 1.5510646 -0.067300923 234 88 12
1.3680036 1.5518247 -0.070587009 234 88 12
1.3523939 1.5506459 -0.075366154 234 88 12
1.3222517 1.5499178 -0.084153965 234 88 12
1.3152529 1.5486908 -0.086495601 234 88 12
1.2824856 1.5446424 -0.096975893 234 88 12
1.2687312 1.5429648 -0.10136891 234 88 12
1.2187101 1.1581881 -0.22932461 234 88 12
1.2366829 1.2007556 -0.21191889 234 88 12
1.2339193 1.2035193 -0.21191889 234 88 12
1.2311556 1.206283 -0.21191889 234 88 12
1.2972683 1.3284111 -0.1577985 234 88 12
1.4901247 1.5428987 -0.040684659 234 88 12
1.4651397 1.5545319 -0.04452334 234 88 12
1.4254087 1.5503272 -0.057155143 234 88 12
1.3984394 1.5516732 -0.064521968 234 88 12
1.3699533 1.5501343 -0.073154353 234 88 12
1.3282045 1.5474874 -0.085918374 234 88 12
1.3051975 1.5456978 -0.093047582 234 88 12
1.2657399 1.5412832 -0.10566106 234 88 12
1.2542706 1.5411352 -0.10900113 234 88 12
1.2285053 1.5396981 -0.116822 234 88 12
1.2184676 1.5374681 -0.12034906 234 88 12
1.2424071 1.1954253 -0.21581733 234 88 12
1.1339144 1.1672542 -0.25549698 234 88 12
1.5020614 1.5293103 -0.043486226 234 88 12
1.4998338 1.5334172 -0.042940538 234 88 12
1.4786426 1.5509307 -0.044008363 234 88 12
1.4304608 1.5451592 -0.059673421 234 88 12
1.4200681 1.5493687 -0.061468672 234 88 12
1.3758819 1.5481063 -0.074664451 234 88 12
1.367244 1.5483459 -0.07710284 234 88 12
1.3516285 1.547157 -0.081981905 234 88 12
1.3447415 1.5457333 -0.084394924 234 88 12
1.3401178 1.5458312 -0.085708946 234 88 12
1.3291982 1.5450472 -0.089107029 234 88 12
1.2378064 1.5383825 -0.11757722 234 88 12
1.2191207 1.1585988 -0.23745541 234 88 12
1.2162387 1.1614808 -0.23745541 234 88 12
1.2398403 1.1983858 -0.21971577 234 88 12
1.2370766 1.2011495 -0.21971577 234 88 12
1.234313 1.2039131 -0.21971577 234 88 12
1.4951502 1.5383289 -0.045196414 234 88 12
1.4581919 1.5548984 -0.051174104 234 88 12
1.4213636 1.547354 -0.064183488 234 88 12
1.4175879 1.5505667 -0.064348571 234 88 12
1.368239 1.5459901 -0.08015871 234 88 12
1.3540664 1.545722 -0.084392533 234 88 12
1.2950515 1.5395954 -0.10349108 234 88 12
1.2812713 1.5376698 -0.10809572 234 88 12
1.219326 1.1588041 -0.24152082 234 88 12
1.2783337 1.2757961 -0.18942015 234 88 12
1.5045739 1.5254571 -0.04854041 234 88 12
1.4952641 1.5384427 -0.047452293 234 88 12
1.4788715 1.5511596 -0.04854041 234 88 12
1.4100785 1.5480925 -0.069812953 234 88 12
1.3827795 1.5468414 -0.078264587 234 88 12
1.3362393 1.5402677 -0.093987718 234 88 12
1.3309153 1.5399587 -0.095655218 234 88 12
1.2678344 1.5362025 -0.11544079 234 88 12
1.2187718 1.1521425 -0.24786551 234 88 12
1.2374704 1.2015432 -0.22751264 234 88 12
1.2509085 1.2375745 -0.21272774 234 88 12
1.2785145 1.2759769 -0.19299975 234 88 12
1.503082 1.527178 -0.050806433 234 88 12
1.4943894 1.5376674 -0.050269414 234 88 12
1.4789859 1.5512741 -0.050806433 234 88 12
1.4561127 1.5503343 -0.057923418 234 88 12
1.4523758 1.5503349 -0.059040118 234 88 12
1.4328538 1.5379438 -0.068578005 234 88 12
1.431131 1.5396665 -0.068578005 234 88 12
1.4294082 1.5413893 -0.068578005 234 88 12
1.3712155 1.541929 -0.085808828 234 88 12
1.3329698 1.5381776 -0.098360546 234 88 12
1.2724447 1.5357417 -0.11717772 234 88 12
1.2563345 1.5360526 -0.12189969 234 88 12
1.2352363 1.533824 -0.12887138 234 88 12
1.2786952 1.2761576 -0.19657937 234 88 12
1.4961065 1.5361787 -0.052530475 234 88 12
1.4729222 1.5462108 -0.056498732 234 88 12
1.4271063 1.5426958 -0.071382619 234 88 12
1.3882242 1.5446141 -0.082535192 234 88 12
1.3533416 1.5391271 -0.094715312 234 88 12
1.3503653 1.5402671 -0.095269367 234 88 12
1.2865474 1.5312968 -0.11723068 234 88 12
1.2793683 1.5334408 -0.11874988 234 88 12
1.214178 1.165184 -0.25371704 234 88 12
1.2839513 1.2712631 -0.20015897 234 88 12
1.4935147 1.5245087 -0.059204727 234 88 12
1.4888532 1.5418645 -0.05533848 234 88 12
1.4856404 1.5450773 -0.05533848 234 88 12
1.4693867 1.5462735 -0.059924461 234 88 12
1.4246173 1.5438683 -0.074292071 234 88 12
1.4120632 1.5435715 -0.078205965 234 88 12
1.3866519 1.5435369 -0.085955836 234 88 12
1.3519021 1.5381986 -0.098165147 234 88 12
1.345627 1.537138 -0.10039936 234 88 12
1.2975844 1.53169 -0.11669055 234 88 12
1.2253253 1.5283326 -0.1397205 234 88 12
1.2108011 1.5269276 -0.14457196 234 88 12
1.2164941 1.1556586 -0.26012489 234 88 12
1.1991125 1.1730402 -0.26012489 234 88 12
1.4901812 1.5214227 -0.063550659 234 88 12
1.4838433 1.5344125 -0.061505821 234 88 12
1.4577116 1.5457088 -0.066066377 234 88 12
1.3565435 1.5350795 -0.10043412 234 88 12
1.3525423 1.5355145 -0.10153037 234 88 12
1.3302939 1.5333732 -0.10902803 234 88 12
1.3255525 1.5334729 -0.11045495 234 88 12
1.3124551 1.5314385 -0.11510666 234 88 12
1.2984176 1.5290031 -0.12017055 234 88 12
1.2455587 1.5266267 -0.13715048 234 88 12
1.2072272 1.5250036 -0.14943299 234 88 12
1.4738554 1.5379828 -0.065870136 234 88 12
1.4720881 1.5395224 -0.065940812 234 88 12
1.4687985 1.5428119 -0.065940812 234 88 12
1.4631646 1.5411401 -0.068207517 234 88 12
1.4553139 1.5437845 -0.069822788 234 88 12
1.4335049 1.5354731 -0.079167955 234 88 12
1.4300483 1.5389297 -0.079167955 234 88 12
1.4222152 1.5420971 -0.080615535 234 88 12
1.384572 1.5390326 -0.093245551 234 88 12
1.3772454 1.5369452 -0.096166335 234 88 12
1.3404586 1.5337666 -0.10856602 234 88 12
1.2424018 1.5248374 -0.14175957 234 88 12
1.2412184 1.199764 -0.24700485 234 88 12
1.2384548 1.2025276 -0.24700485 234 88 12
1.2847816 1.2772021 -0.20911787 234 88 12
1.4921565 1.5071797 -0.072177477 234 88 12
1.4953483 1.5167241 -0.068189606 234 88 12
1.4318795 1.5342103 -0.082587346 234 88 12
1.3471651 1.5319412 -0.10982293 234 88 12
1.3166817 1.5277739 -0.12067248 234 88 12
1.3042748 1.5262821 -0.12502436 234 88 12
1.293192 1.5258051 -0.12864386 234 88 12
1.2303993 1.5246764 -0.14865841 234 88 12
1.1996298 1.5174458 -0.1605567 234 88 12
1.2149992 1.1660053 -0.26997864 234 88 12
1.257382 1.2333807 -0.23529887 234 88 12
1.4986383 1.5134408 -0.070581019 234 88 12
1.4866334 1.5276442 -0.069886401 234 88 12
1.4492182 1.5419352 -0.077192828 234 88 12
1.3492057 1.530172 -0.11251003 234 88 12
1.3445592 1.5302114 -0.11396571 234 88 12
1.3379643 1.5289661 -0.11644296 234 88 12
1.3273902 1.5283659 -0.11997367 234 88 12
1.2771661 1.5224574 -0.13770959 234 88 12
1.2671796 1.5229945 -0.14069526 234 88 12
1.2899303 1.2670919 -0.21805702 234 88 12
1.298215 1.2907903 -0.20786017 234 88 12
1.2747047 1.2823175 -0.21805702 234 88 12
1.4893209 1.4977918 -0.080935642 234 88 12
1.4988712 1.5136698 -0.072828554 234 88 12
1.4778541 1.5353583 -0.072614513 234 88 12
1.4760087 1.5368261 -0.0727349 234 88 12
1.4725626 1.5399785 -0.072828554 234 88 12
1.4519042 1.5410839 -0.079062432 234 88 12
1.4493382 1.5420554 -0.0795708 234 88 12
1.3900682 1.5337179 -0.10112543 234 88 12
1.3675423 1.5301849 -0.10943351 234 88 12
1.3165311 1.5244987 -0.12750973 234 88 12
1.3098577 1.5234145 -0.12998299 234 88 12
1.3045719 1.5232792 -0.13171138 234 88 12
1.2747424 1.5210063 -0.14194624 234 88 12
1.24738 1.5212094 -0.15060519 234 88 12
1.2189535 1.5182081 -0.16062501 234 88 12
1.2774231 1.2799608 -0.22163662 234 88 12
1.4976869 1.5157596 -0.074932128 234 88 12
1.4119012 1.5343603 -0.09654393 234 88 12
1.3920161 1.532029 -0.10369043 234 88 12
1.3697532 1.5285974 -0.1119557 234 88 12
1.3013351 1.5212332 -0.13633309 234 88 12
1.275027 1.5178735 -0.14587653 234 88 12
1.2613922 1.5195724 -0.149716 234 88 12
1.2564826 1.5199677 -0.15116815 234 88 12
1.2505035 1.5197486 -0.15316199 234 88 12
1.2448062 1.5197361 -0.15499869 234 88 12
1.2420061 1.2005515 -0.2625986 234 88 12
1.3010426 1.288668 -0.21484242 234 88 12
1.2776039 1.2801415 -0.22521622 234 88 12
1.4886245 1.5263543 -0.076828472 234 88 12
1.4804223 1.5345564 -0.076828472 234 88 12
1.4727968 1.5402129 -0.077467501 234 88 12
1.4512641 1.5406097 -0.084326752 234 88 12
1.366758 1.5264964 -0.11633214 234 88 12
1.3328267 1.5223618 -0.1286858 234 88 12
1.3165183 1.5212898 -0.13432632 234 88 12
1.2079709 1.5120112 -0.17256495 234 88 12
1.2449665 1.1979847 -0.26649705 234 88 12
1.3036938 1.2863694 -0.21833356 234 88 12
1.4940226 1.4990741 -0.086383022 234 88 12
1.492992 1.5209227 -0.079567358 234 88 12
1.414113 1.5329798 -0.10144439 234 88 12
1.399089 1.5310323 -0.10700078 234 88 12
1.3844182 1.5264943 -0.11328958 234 88 12
1.3636917 1.5243454 -0.12077886 234 88 12
1.3584698 1.5238755 -0.12264235 234 88 12
1.3407191 1.5212512 -0.12931296 234 88 12
1.3070784 1.5184212 -0.14125328 234 88 12
1.2804989 1.5146708 -0.15118302 234 88 12
1.2639341 1.5144585 -0.15667571 234 88 12
1.218145 1.1573097 -0.29281658 234 88 12
1.2934409 1.2707026 -0.23050123 234 88 12
1.3038701 1.2865458 -0.22182469 234 88 12
1.499681 1.5144678 -0.08188498 234 88 12
1.4980381 1.5161108 -0.08188498 234 88 12
1.4914662 1.5226827 -0.08188498 234 88 12
1.4781208 1.5356508 -0.082009539 234 88 12
1.4515311 1.5378071 -0.090078771 234 88 12
1.4133447 1.5324196 -0.10446925 234 88 12
1.3874611 1.5255731 -0.11527853 234 88 12
1.3640085 1.5213606 -0.12441503 234 88 12
1.3443223 1.5205101 -0.13119736 234 88 12
1.3335147 1.5196273 -0.13505815 234 88 12
1.2894711 1.5137039 -0.15155998 234 88 12
1.2183515 1.157516 -0.29690304 234 88 12
1.2959095 1.2629205 -0.23595506 234 88 12
1.3093283 1.3069034 -0.21683359 234 88 12
1.3143725 1.3167682 -0.21186715 234 88 12
1.4965121 1.5178708 -0.084202595 234 88 12
1.4915831 1.5227997 -0.084202595 234 88 12
1.4833683 1.5310146 -0.084202595 234 88 12
1.4798815 1.5341243 -0.084328197 234 88 12
1.4632481 1.5352385 -0.089497916 234 88 12
1.4342202 1.5300019 -0.10091203 234 88 12
1.4224602 1.5300891 -0.10480041 234 88 12
1.2850258 1.5108778 -0.15698177 234 88 12
1.2637786 1.5076013 -0.16515107 234 88 12
1.2364082 1.5080433 -0.17412135 234 88 12
1.4926661 1.5044082 -0.092414178 234 88 12
1.4949862 1.5196308 -0.08652021 234 88 12
1.4900572 1.5245597 -0.08652021 234 88 12
1.4774235 1.5319797 -0.088271908 234 88 12
1.4073024 1.5278417 -0.11322162 234 88 12
1.4030902 1.5278037 -0.11464962 234 88 12
1.3971889 1.5265194 -0.1170638 234 88 12
1.3637455 1.5179729 -0.13117167 234 88 12
1.3596333 1.5182879 -0.13244741 234 88 12
1.355353 1.5185084 -0.13381147 234 88 12
1.3347534 1.5172567 -0.1411531 234 88 12
1.3128979 1.5123752 -0.15013619 234 88 12
1.2947969 1.510487 -0.15685223 234 88 12
1.2308459 1.5047351 -0.18027109 234 88 12
1.2047473 1.4997756 -0.19070606 234 88 12
1.1480143 1.4739461 -0.21844552 234 88 12
1.2485178 1.1960087 -0.28209081 234 88 12
1.2962711 1.2632821 -0.24311428 234 88 12
1.4906729 1.5057851 -0.095070243 234 88 12
1.4924203 1.5172186 -0.090603977 234 88 12
1.462665 1.531679 -0.095786579 234 88 12
1.4499444 1.5334764 -0.099487886 234 88 12
1.3564234 1.5160164 -0.13709348 234 88 12
1.332152 1.5155023 -0.14549197 234 88 12
1.2969975 1.508579 -0.15974993 234 88 12
1.2331932 1.5027001 -0.18336192 234 88 12
1.1688812 1.4786597 -0.21329987 234 88 12
1.15652 1.4751704 -0.21867076 234 88 12
1.1443673 1.4757236 -0.22260121 234 88 12
1.301527 1.2583877 -0.24669388 234 88 12
1.3098465 1.3074217 -0.22709537 234 88 12
1.4874344 1.5092629 -0.097438835 234 88 12
1.4845181 1.5130345 -0.09714663 234 88 12
1.4769995 1.5222027 -0.096582875 234 88 12
1.4163502 1.5221652 -0.11732041 234 88 12
1.410107 1.5236813 -0.11893576 234 88 12
1.4063174 1.5239472 -0.12013987 234 88 12
1.3761353 1.5172924 -0.13272755 234 88 12
1.3397416 1.5141618 -0.1462336 234 88 12
1.1802101 1.481701 -0.2118402 234 88 12
1.1542948 1.4777369 -0.22205041 234 88 12
1.1459439 1.4767045 -0.22525688 234 88 12
1.142121 1.4783146 -0.22601302 234 88 12
1.3017079 1.2585684 -0.2502735 234 88 12
1.3100193 1.3075944 -0.23051596 234 88 12
1.3150551 1.3174508 -0.22538431 234 88 12
1.4791584 1.5177782 -0.099807434 234 88 12
1.4741211 1.5228155 -0.099807434 234 88 12
1.4707628 1.5261737 -0.099807434 234 88 12
1.4582702 1.531111 -0.10241091 234 88 12
1.4340086 1.5203838 -0.11446743 234 88 12
1.336376 1.5118402 -0.15105407 234 88 12
1.3187116 1.5097033 -0.15787725 234 88 12
1.2783445 1.5033004 -0.17399342 234 88 12
1.2706746 1.5018004 -0.17715324 234 88 12
1.211985 1.4935006 -0.20023674 234 88 12
1.1520697 1.4803035 -0.22543007 234 88 12
1.1437017 1.4792907 -0.22866255 234 88 12
1.3018886 1.2587492 -0.25385311 234 88 12
1.3150418 1.3029174 -0.23393655 234 88 12
1.3152258 1.3176215 -0.2287636 234 88 12
1.4908886 1.502692 -0.10342521 234 88 12
1.4342874 1.5174096 -0.11797786 234 88 12
1.4068158 1.5179307 -0.1273419 234 88 12
1.3834867 1.5163021 -0.13601355 234 88 12
1.2879269 1.5027121 -0.17393816 234 88 12
1.2689188 1.5007178 -0.18123558 234 88 12
1.2419338 1.4976585 -0.19167458 234 88 12
1.2342942 1.4964589 -0.19474579 234 88 12
1.4875126 1.5027512 -0.1070499 234 88 12
1.4876363 1.5061845 -0.10580379 234 88 12
1.4867104 1.508593 -0.10528441 234 88 12
1.4264443 1.5141938 -0.12443514 234 88 12
1.3460398 1.5087014 -0.15452711 234 88 12
1.2913306 1.5015574 -0.17619598 234 88 12
1.2526007 1.4973495 -0.19123819 234 88 12
1.2375214 1.4949554 -0.19735955 234 88 12
1.1834506 1.4801059 -0.22150424 234 88 12
1.1736373 1.4854714 -0.22306243 234 88 12
1.322662 1.2959882 -0.24077773 234 88 12
1.4725808 1.5214802 -0.10818236 234 88 12
1.3545108 1.5081462 -0.15459438 234 88 12
1.2945331 1.5002798 -0.17855693 234 88 12
1.2808998 1.4981534 -0.18412328 234 88 12
1.2466166 1.4935986 -0.19784091 234 88 12
1.2042553 1.4853444 -0.21571828 234 88 12
1.1808761 1.482367 -0.22502746 234 88 12
1.1710204 1.4877281 -0.22661494 234 88 12
1.163731 1.4872301 -0.22936554 234 88 12
1.3179849 1.3010107 -0.24419832 234 88 12
1.4850124 1.486743 -0.11858898 234 88 12
1.4848055 1.4899793 -0.1175103 234 88 12
1.4877537 1.5029925 -0.11182678 234 88 12
1.4544641 1.5184132 -0.11818953 234 88 12
1.4320718 1.5090765 -0.12948744 234 88 12
1.4244306 1.5125793 -0.13096103 234 88 12
1.3112403 1.5013226 -0.17527364 234 88 12
1.2889881 1.4965917 -0.18488167 234 88 12
1.2658907 1.4953882 -0.1935347 234 88 12
1.1764092 1.4835159 -0.22962429 234 88 12
1.307687 1.2543972 -0.26817152 234 88 12
1.4849284 1.4901022 -0.11994306 234 88 12
1.4861813 1.5048063 -0.11421522 234 88 12
1.4726357 1.5183518 -0.11421522 234 88 12
1.4174659 1.5101786 -0.13695244 234 88 12
1.3721619 1.5078858 -0.15403748 234 88 12
1.3418691 1.5024127 -0.16687572 234 88 12
1.3134298 1.4994243 -0.17815681 234 88 12
1.2796167 1.4938769 -0.19228536 234 88 12
1.2378107 1.4881111 -0.20936143 234 88 12
1.1762965 1.4835178 -0.23309095 234 88 12
1.1503291 1.4834398 -0.24244002 234 88 12
1.1452708 1.4843311 -0.24393575 234 88 12
1.2885211 1.2225513 -0.29033962 234 88 12
1.3104054 1.2520403 -0.27175114 234 88 12
1.4812223 1.5100064 -0.11660367 234 88 12
1.4671502 1.5166754 -0.11928236 234 88 12
1.4004871 1.5097908 -0.14589429 234 88 12
1.3690561 1.5055754 -0.15879229 234 88 12
1.3035618 1.4961115 -0.18591456 234 88 12
1.1727786 1.4852465 -0.23716743 234 88 12
1.1478468 1.4820979 -0.24732785 234 88 12
1.3306276 1.2894045 -0.2544601 234 88 12
1.3282027 1.2918295 -0.2544601 234 88 12
1.3233529 1.2966793 -0.2544601 234 88 12
1.4853823 1.4871129 -0.12591249 234 88 12
1.4877651 1.4963039 -0.12169137 234 88 12
1.4826418 1.5014272 -0.12169137 234 88 12
1.474103 1.509966 -0.12169137 234 88 12
1.4627542 1.5127677 -0.12480858 234 88 12
1.4582901 1.5153259 -0.12550369 234 88 12
1.4024717 1.5080702 -0.14850762 234 88 12
1.3957739 1.5060866 -0.15167382 234 88 12
1.3818253 1.5052496 -0.15706627 234 88 12
1.3057798 1.4941885 -0.18883514 234 88 12
1.1876761 1.4792416 -0.23736039 234 88 12
1.3082293 1.2549394 -0.27891037 234 88 12
1.486179 1.4981333 -0.12410037 234 88 12
1.4776402 1.5066721 -0.12410037 234 88 12
1.4759324 1.5083799 -0.12410037 234 88 12
1.4646018 1.511166 -0.12724133 234 88 12
1.4217092 1.503775 -0.14572527 234 88 12
1.4119602 1.5057495 -0.14858311 234 88 12
1.3763921 1.50447 -0.16212808 234 88 12
1.3315157 1.495026 -0.18209593 234 88 12
1.2815078 1.4881828 -0.20299411 234 88 12
1.2528509 1.4871023 -0.21392541 234 88 12
1.1901747 1.4770752 -0.2406507 234 88 12
1.1517867 1.4769284 -0.25481594 234 88 12
1.3010293 1.2308283 -0.29422399 234 88 12
1.3134854 1.2500451 -0.28248996 234 88 12
1.4815086 1.4797549 -0.13513857 234 88 12
1.4831027 1.4883037 -0.1313809 234 88 12
1.4596704 1.5133178 -0.13079482 234 88 12
1.4273102 1.4984338 -0.14829779 234 88 12
1.4222757 1.5009108 -0.14924529 234 88 12
1.3969445 1.5037129 -0.15759178 234 88 12
1.382879 1.5027521 -0.16315874 234 88 12
1.3416393 1.4955089 -0.18112056 234 88 12
1.2733272 1.4862885 -0.20984462 234 88 12
1.2353679 1.4867882 -0.22372264 234 88 12
1.1721922 1.4738218 -0.25193161 234 88 12
1.3012146 1.2310135 -0.29789168 234 88 12
1.3359957 1.285073 -0.26472187 234 88 12
1.3311459 1.2899228 -0.26472187 234 88 12
1.4816335 1.4798799 -0.13761234 234 88 12
1.4803323 1.4855673 -0.13597469 234 88 12
1.4788299 1.4944049 -0.13323599 234 88 12
1.4751951 1.5010641 -0.13210686 234 88 12
1.4606882 1.5109651 -0.13382648 234 88 12
1.4242346 1.4992124 -0.15182494 234 88 12
1.4195783 1.4986554 -0.15377139 234 88 12
1.3850715 1.5011059 -0.16574003 234 88 12
1.3804877 1.5009191 -0.16752119 234 88 12
1.3519928 1.4963055 -0.17988268 234 88 12
1.2920234 1.4847522 -0.20658664 234 88 12
1.2867688 1.4847053 -0.20856605 234 88 12
1.3385932 1.2828209 -0.26814246 234 88 12
1.3367831 1.2909468 -0.2657662 234 88 12
1.4752215 1.4909267 -0.13843626 234 88 12
1.4467006 1.501871 -0.1450495 234 88 12
1.4298512 1.4938564 -0.15440457 234 88 12
1.4085793 1.4996797 -0.16021708 234 88 12
1.3928432 1.5004945 -0.16583122 234 88 12
1.363598 1.4947577 -0.17899325 234 88 12
1.347296 1.4928262 -0.18585357 234 88 12
1.326635 1.4880844 -0.19541135 234 88 12
1.2975653 1.215763 -0.31267357 234 88 12
1.4812661 1.4759768 -0.14436844 234 88 12
1.4818834 1.4801297 -0.14255989 234 88 12
1.4666207 1.4997762 -0.14089784 234 88 12
1.4613856 1.5050113 -0.14089784 234 88 12
1.3838335 1.4967748 -0.17342359 234 88 12
1.3600249 1.4920514 -0.18424116 234 88 12
1.3159072 1.4838769 -0.2040671 234 88 12
1.3117924 1.4844838 -0.20539711 234 88 12
1.294789 1.4831785 -0.2123387 234 88 12
1.2804471 1.4840597 -0.21744211 234 88 12
1.2723898 1.4858078 -0.21983421 234 88 12
1.2694185 1.4874189 -0.22034991 234 88 12
1.2652321 1.4882343 -0.22162801 234 88 12
1.3460211 1.2909222 -0.26931509 234 88 12
1.3720589 1.3382977 -0.24126908 234 88 12
1.4833951 1.4674085 -0.14941142 234 88 12
1.4832498 1.4708614 -0.14814788 234 88 12
1.4820083 1.4802547 -0.14503364 234 88 12
1.4802547 1.4820083 -0.14503364 234 88 12
1.4487338 1.5003449 -0.15007043 234 88 12
1.4268909 1.4913124 -0.16186576 234 88 12
1.4124546 1.4961357 -0.16553815 234 88 12
1.3904874 1.4952451 -0.17427047 234 88 12
1.3849596 1.4942592 -0.1767589 234 88 12
1.3698428 1.4892367 -0.18445271 234 88 12
1.3485128 1.4868008 -0.19353195 234 88 12
1.2992013 1.4827288 -0.21392597 234 88 12
1.2695723 1.4875727 -0.22339462 234 88 12
1.2513087 1.4863697 -0.23083137 234 88 12
1.37447 1.3362074 -0.24444403 234 88 12
1.3722192 1.3384581 -0.24444403 234 88 12
1.4821333 1.4803796 -0.14750741 234 88 12
1.4786259 1.483887 -0.14750741 234 88 12
1.4681039 1.494409 -0.14750741 234 88 12
1.4610891 1.5014237 -0.14750741 234 88 12
1.4108174 1.4947873 -0.16941252 234 88 12
1.3970406 1.4937025 -0.17513303 234 88 12
1.3138316 1.4824549 -0.21149129 234 88 12
1.3098258 1.4831544 -0.21276398 234 88 12
1.2693238 1.487458 -0.22669747 234 88 12
1.348758 1.2888678 -0.27607366 234 88 12
1.3768811 1.3341169 -0.24761897 234 88 12
1.3746303 1.3363677 -0.24761897 234 88 12
1.483344 1.4745274 -0.15187813 234 88 12
1.4473418 1.499131 -0.15629865 234 88 12
1.4430282 1.4986807 -0.15814614 234 88 12
1.4074662 1.4920046 -0.17452668 234 88 12
1.3926373 1.4901295 -0.18100472 234 88 12
1.3603123 1.4818152 -0.19676514 234 88 12
1.2967949 1.4811161 -0.22166921 234 88 12
1.2907444 1.4804782 -0.22426304 234 88 12
1.2830485 1.4823745 -0.22651221 234 88 12
1.2687209 1.4871066 -0.23023352 234 88 12
1.2609975 1.4855874 -0.23381789 234 88 12
1.4852329 1.4728897 -0.15436552 234 88 12
1.4800054 1.4782424 -0.1543166 234 88 12
1.4782424 1.4800054 -0.1543166 234 88 12
1.4764793 1.4817685 -0.1543166 234 88 12
1.4747162 1.4835316 -0.1543166 234 88 12
1.4343483 1.4910171 -0.167164 234 88 12
1.4241152 1.4854684 -0.17333014 234 88 12
1.4149553 1.4879761 -0.17592925 234 88 12
1.4029967 1.4882866 -0.18048023 234 88 12
1.3499243 1.480884 -0.20410833 234 88 12
1.275089 1.4842182 -0.23204435 234 88 12
1.2656891 1.4851344 -0.23535904 234 88 12
1.3538905 1.284418 -0.28283224 234 88 12
1.3862047 1.3254347 -0.25396886 234 88 12
1.383954 1.3276854 -0.25396886 234 88 12
1.4823226 1.4515221 -0.16650771 234 88 12
1.4855238 1.469596 -0.15813372 234 88 12
1.4677894 1.4907095 -0.15680365 234 88 12
1.4660263 1.4924726 -0.15680365 234 88 12
1.4493282 1.4975512 -0.16137722 234 88 12
1.4207515 1.4825327 -0.17853649 234 88 12
1.4152483 1.4847578 -0.17982675 234 88 12
1.3785826 1.4822515 -0.19524504 234 88 12
1.3723103 1.4807372 -0.19830993 234 88 12
1.2980406 1.4784623 -0.22843824 234 88 12
1.274105 1.4836 -0.23583721 234 88 12
1.2588212 1.4806027 -0.24303271 234 88 12
1.3818636 1.3300965 -0.2571438 234 88 12
1.3796128 1.3323473 -0.2571438 234 88 12
1.4794556 1.4446565 -0.17302479 234 88 12
1.4861245 1.4629561 -0.16312471 234 88 12
1.4840279 1.4680413 -0.16193976 234 88 12
1.4784309 1.4801942 -0.15934031 234 88 12
1.435499 1.4886132 -0.17302479 234 88 12
1.4244111 1.482257 -0.17994139 234 88 12
1.398656 1.484699 -0.18918513 234 88 12
1.3103629 1.4764818 -0.22745176 234 88 12
1.2764186 1.4815942 -0.23888378 234 88 12
1.3158396 1.2196316 -0.33093703 234 88 12
1.3132818 1.2222804 -0.3309007 234 88 12
1.3566275 1.2823638 -0.28959084 234 88 12
1.3887762 1.3235046 -0.26031876 234 88 12
1.4834199 1.4674067 -0.16504277 234 88 12
1.4645388 1.4910853 -0.16312663 234 88 12
1.4601851 1.4938694 -0.16375358 234 88 12
1.3703731 1.4756519 -0.20690088 234 88 12
1.3077748 1.4709671 -0.23377399 234 88 12
1.2844605 1.4799092 -0.23951425 234 88 12
1.3866857 1.3259157 -0.26349369 234 88 12
1.486918 1.4526812 -0.17217144 234 88 12
1.4871051 1.463975 -0.16755261 234 88 12
1.4629655 1.4896098 -0.16695108 234 88 12
1.4173664 1.4796113 -0.18931825 234 88 12
1.39984 1.4786716 -0.19674729 234 88 12
1.3525339 1.4758637 -0.21690835 234 88 12
1.3479576 1.475897 -0.21873607 234 88 12
1.3037586 1.4717429 -0.23818871 234 88 12
1.2919455 1.4742516 -0.24193192 234 88 12
1.4854527 1.465881 -0.17006245 234 88 12
1.465881 1.4854527 -0.17006245 234 88 12
1.4553218 1.4893767 -0.17275105 234 88 12
1.4342153 1.4840221 -0.18347326 234 88 12
1.4072322 1.4779078 -0.19688459 234 88 12
1.3731148 1.4707155 -0.2136236 234 88 12
1.3680909 1.4702308 -0.21585579 234 88 12
1.361639 1.4722699 -0.21764389 234 88 12
1.3573412 1.4724582 -0.21930906 234 88 12
1.3537184 1.4732097 -0.2204725 234 88 12
1.4816191 1.4354299 -0.18666767 234 88 12
1.4895043 1.4554495 -0.17527941 234 88 12
1.4901968 1.4598995 -0.1731807 234 88 12
1.4855794 1.4660077 -0.17257228 234 88 12
1.4838002 1.467787 -0.17257228 234 88 12
1.4820209 1.4695662 -0.17257228 234 88 12
1.4766831 1.4749039 -0.17257228 234 88 12
1.4039594 1.4751 -0.20217174 234 88 12
1.395023 1.4746183 -0.20601539 234 88 12
1.3866147 1.4711068 -0.21088004 234 88 12
1.3795307 1.472419 -0.21323553 234 88 12
1.3557823 1.4712445 -0.22340691 234 88 12
1.07433 1.5524762 0.21216156 234 88 12
1.0501429 1.5112778 0.17162554 234 88 12
1.1171032 1.4970785 0.21074416 234 88 12
1.0537702 1.4840707 0.16100729 234 88 12
1.0011058 1.4947295 0.1009189 234 88 12
1.0004414 1.4704049 0.10275909 234 88 12
1.2093067 1.4390596 0.22042006 234 88 12
1.0170211 1.4481515 0.099067509 234 88 12
1.1105133 1.4169406 0.15281284 234 88 12
1.0141137 1.4917581 0.078863293 234 88 12
0.9957428 1.4613771 0.071648479 234 88 12
1.069531 1.4127214 0.11582946 234 88 12
1.1838282 1.3979367 0.17886952 234 88 12
1.0129532 1.4153092 0.070361488 234 88 12
1.0748452 1.3984346 0.10497615 234 88 12
1.2328448 1.3831023 0.19089223 234 88 12
1.3069401 1.5990644 0.19560957 234 88 12
1.0468361 1.3860723 0.07627929 234 88 12
1.1806105 1.3640885 0.14915851 234 88 12
1.0141783 1.4446393 0.039310411 234 88 12
0.99172992 1.4012859 0.031269066 234 88 12
0.98876387 1.3729078 0.017782601 234 88 12
1.024194 1.3598586 0.037359294 234 88 12
1.0976171 1.345183 0.076866321 234 88 12
1.1215925 1.3397446 0.089822412 234 88 12
0.99243176 1.3825455 0.0045380061 234 88 12
0.99110633 1.3667396 -0.0090640737 234 88 12
1.0092616 1.336387 0.0027825215 234 88 12
1.0560759 1.3260696 0.027597466 234 88 12
1.1163449 1.3188478 0.059033044 234 88 12
1.0975375 1.1378196 0.064684756 234 88 12
1.350264 1.5676128 0.14197356 234 88 12
1.0393388 1.1336676 0.020667989 234 88 12
1.0300601 1.3840203 -0.01925445 234 88 12
1.0395679 1.167801 0.0034272135 234 88 12
1.0296066 1.3684292 -0.03242515 234 88 12
1.0935929 1.3269258 0.0028148047 234 88 12
1.1180719 1.2718669 0.019511456 234 88 12
1.1187725 1.2345411 0.022922831 234 88 12
1.0511525 1.1922797 -0.0072515695 234 88 12
1.0490339 1.1794345 -0.0072515695 234 88 12
1.3874207 1.5681419 0.11354323 234 88 12
1.0120003 1.2518284 -0.045789938 234 88 12
1.190299 1.3229272 0.021446068 234 88 12
1.0035089 1.2103064 -0.060697321 234 88 12
1.0339136 1.169609 -0.042572338 234 88 12
1.2330892 1.3315659 0.026659155 234 88 12
1.3700823 1.5635448 0.059058428 234 88 12
1.2577422 1.3350571 0.023282416 234 88 12
0.99963278 1.2151185 -0.090927742 234 88 12
1.0109453 1.1820693 -0.082894474 234 88 12
1.037825 1.1767465 -0.069592662 234 88 12
1.0463752 1.1544793 -0.063735366 234 88 12
1.5520488 1.2205753 0.17336676 234 88 12
1.3651519 1.5579691 0.041864488 234 88 12
1.0088422 1.2264367 -0.10131714 234 88 12
1.071539 1.1329948 -0.064239666 234 88 12
1.0475028 1.1731559 -0.092849232 234 88 12
1.0572325 1.1511858 -0.086570561 234 88 12
1.0175174 1.2106481 -0.12368225 234 88 12
1.0101391 1.1967894 -0.12605393 234 88 12
1.4798313 1.1806233 0.093930565 234 88 12
1.2952331 1.5358114 -0.034081791 234 88 12
1.0834661 1.4055502 -0.1218513 234 88 12
1.0246578 1.2094704 -0.1340602 234 88 12
1.1084312 1.1328195 -0.0895878 234 88 12
1.268193 1.5229974 -0.060158953 234 88 12
1.0995715 1.2503012 -0.11664292 234 88 12
1.4648696 1.1710175 0.05620677 234 88 12
1.4921855 1.1493045 0.070321225 234 88 12
1.0881915 1.4120308 -0.14782369 234 88 12
1.0884181 1.159102 -0.12884867 234 88 12
1.4013342 1.1943283 0.010088168 234 88 12
1.4857587 1.1448544 0.051973898 234 88 12
1.2358923 1.5048026 -0.10223882 234 88 12
1.4220192 1.1824465 0.0049675554 234 88 12
1.1273425 1.4414234 -0.16000471 234 88 12
1.1210999 1.4274718 -0.16175334 234 88 12
1.1092533 1.1948446 -0.14998774 234 88 12
1.5052323 1.1150955 0.031519022 234 88 12
1.4408181 1.1939151 -0.018119831 234 88 12
1.4794155 1.1343498 0.0031510543 234 88 12
1.1339517 1.1949682 -0.1668912 234 88 12
1.4944413 1.0931525 -0.002791475 234 88 12
1.6051457 1.0722442 0.046859603 234 88 12
1.2211573 1.47312 -0.16292132 234 88 12
1.3266851 1.4820429 -0.11811066 234 88 12
1.2220633 1.4698216 -0.17624463 234 88 12
1.2395393 1.2275618 -0.15175864 234 88 12
1.4727596 1.110322 -0.044081826 234 88 12
1.3586701 1.4721212 -0.13262947 234 88 12
1.2448677 1.213237 -0.16264085 234 88 12
1.4782078 1.1084659 -0.056860548 234 88 12
1.5342432 1.0365494 -0.02820316 234 88 12
1.2247853 1.4514077 -0.20154007 234 88 12
1.4140248 1.472756 -0.12394295 234 88 12
1.2747971 1.2427509 -0.16626523 234 88 12
1.5088104 1.0705034 -0.056619652 234 88 12
1.190606 1.4491043 -0.22929834 234 88 12
1.3918073 1.4623393 -0.14698672 234 88 12
1.5275016 1.043552 -0.062298302 234 88 12
1.2946677 1.2540988 -0.18710503 234 88 12
1.2924262 1.4462262 -0.22881074 234 88 12
1.3748689 1.4338126 -0.19492987 234 88 12
1.2651201 1.3272177 -0.23188965 234 88 12
1.2577975 1.2509482 -0.22978173 234 88 12
1.3024064 1.4581079 -0.23944028 234 88 12
1.3184137 1.450719 -0.23260419 234 88 12
1.2611647 1.3564173 -0.26283249 234 88 12
1.2590994 1.3435804 -0.26281214 234 88 12
1.2578381 1.3186952 -0.26169559 234 88 12
1.2584078 1.2942586 -0.2598891 234 88 12
1.2707239 1.257304 -0.2663846 234 88 12
1.4550371 1.4434339 -0.22098401 234 88 12
1.2780893 1.3879648 -0.29904526 234 88 12
1.2734219 1.374414 -0.2999706 234 88 12
1.1805973 1.2999259 -0.33060873 234 88 12
1.1899726 1.3231945 -0.34166977 234 88 12
1.1840075 1.3096236 -0.34307235 234 88 12
1.284713 1.2885602 -0.30386433 234 88 12
1.2691256 1.2476101 -0.30718887 234 88 12
1.3207572 1.2482308 -0.28779581 234 88 12
1.3181324 1.3806607 -0.31059188 234 88 12
1.1926388 1.3207593 -0.35363576 234 88 12
1.2920744 1.287346 -0.31456348 234 88 12
1.2994359 1.2861319 -0.32526264 234 88 12
1.2859263 1.258024 -0.32853058 234 88 12
1.1749406 1.2858921 -0.38405204 234 88 12
1.1426512 1.262363 -0.40718395 234 88 12
1.2485021 1.2544805 -0.3685793 234 88 12
1.2382376 1.239766 -0.37140307 234 88 12
1.1838111 1.2466842 -0.40432307 234 88 12
1.1606742 1.2845129 -0.42751619 234 88 12
1.2324259 1.2442905 -0.39989653 234 88 12
1.1872139 1.2769233 -0.43050259 234 88 12
1.2323189 1.2412561 -0.41273749 234 88 12
1.2111533 1.2802874 -0.43516868 234 88 12
1.1969194 1.2646967 -0.43918642 234 88 12
1.2394688 1.2400769 -0.42312926 234 88 12
1.2860502 1.2275981 -0.4063729 234 88 12
1.336229 1.2276398 -0.38908866 234 88 12
1.3543928 1.2196344 -0.38237631 234 88 12
1.3435926 1.2264254 -0.39979115 234 88 12
1.3948464 1.2137563 -0.38162243 234 88 12
1.3487453 1.1999413 -0.4098348 234 88 12
1.3639565 1.2470539 -0.43378395 234 88 12
1.3631386 1.2345186 -0.43337286 234 88 12
1.3248461 1.2708514 -0.46091756 234 88 12
1.3918571 1.2632937 -0.43872267 234 88 12
1.1143454 1.4401208 0.17562833 234 88 12
1.125579 1.4288872 0.17562833 234 88 12
1.1380514 1.4190289 0.1766194 234 88 12
1.1718552 1.4089156 0.18560089 234 88 12
1.1071265 1.1818795 0.074987389 234 88 12
1.0786827 1.4224937 0.13822117 234 88 12
1.0915694 1.4134301 0.13965827 234 88 12
1.1232051 1.4017084 0.14714363 234 88 12
1.1606177 1.3726093 0.15026858 234 88 12
1.0674988 1.1622251 0.036185689 234 88 12
1.348794 1.3373181 0.20773616 234 88 12
1.4217288 1.3402901 0.23626857 234 88 12
1.0374633 1.1519915 0.0049443655 234 88 12
1.0582867 1.1311682 0.0049443655 234 88 12
1.4761581 1.3016495 0.224208 234 88 12
1.5849575 1.3574175 0.28553793 234 88 12
1.0827435 1.3551663 0.080729462 234 88 12
1.0966568 1.3475875 0.083069913 234 88 12
1.0445677 1.1590959 -0.0058194543 234 88 12
1.0549794 1.1486843 -0.0058194543 234 88 12
1.0653911 1.1382726 -0.0058194543 234 88 12
1.1610241 1.1717031 0.041866712 234 88 12
1.2848465 1.2515438 0.11711591 234 88 12
1.4599632 1.2646201 0.18664916 234 88 12
1.5196353 1.27527 0.21263166 234 88 12
1.5597881 1.289556 0.23274563 234 88 12
1.0026026 1.3788363 0.043331314 234 88 12
1.0677279 1.3377055 0.052120555 234 88 12
1.0242815 1.1586959 -0.029365407 234 88 12
1.3969234 1.2500488 0.14059649 234 88 12
1.0019305 1.3539292 0.017602017 234 88 12
1.0794013 1.3271346 0.036004722 234 88 12
1.1278017 1.1593771 -0.0073389281 234 88 12
1.3084075 1.2529578 0.092229776 234 88 12
1.4159307 1.2464598 0.12891629 234 88 12
1.5032955 1.2178199 0.15024178 234 88 12
1.5241619 1.2148528 0.15674175 234 88 12
1.0109203 1.3403676 -0.00031170429 234 88 12
1.0069624 1.2249887 -0.043272968 234 88 12
1.077962 1.1296228 -0.052044816 234 88 12
1.4162576 1.2472281 0.11207967 234 88 12
1.4315624 1.2397233 0.11488772 234 88 12
1.4456886 1.2310668 0.11685678 234 88 12
1.0492632 1.1626978 -0.066196784 234 88 12
1.0802 1.1317611 -0.066196784 234 88 12
1.3512237 1.251215 0.07315547 234 88 12
1.4922513 1.166647 0.093304589 234 88 12
1.0397137 1.3483677 -0.019530389 234 88 12
1.0582076 1.3464916 -0.013651527 234 88 12
0.99474025 1.2104008 -0.084249161 234 88 12
1.0536115 1.1669225 -0.078803644 234 88 12
1.5246258 1.1328521 0.075773954 234 88 12
1.0662925 1.1585665 -0.10837226 234 88 12
1.1240793 1.1344002 -0.096685454 234 88 12
1.244199 1.1908013 -0.035325408 234 88 12
1.495851 1.1305928 0.031221939 234 88 12
1.5161717 1.1068937 0.030047543 234 88 12
1.6075203 1.0813446 0.052920021 234 88 12
1.0400518 1.1726478 -0.1279822 234 88 12
1.0708618 1.1630456 -0.12067493 234 88 12
1.407629 1.1986849 0.0076388074 234 88 12
1.4802032 1.1178526 0.0047934162 234 88 12
1.5003089 1.0942956 0.003604268 234 88 12
1.0368118 1.1898073 -0.13852689 234 88 12
1.0470116 1.1796075 -0.13852689 234 88 12
1.395309 1.2089452 -0.0095590353 234 88 12
1.4993932 1.0742635 -0.020008488 234 88 12
1.1073823 1.1586374 -0.14044644 234 88 12
1.1452069 1.1555278 -0.12869564 234 88 12
1.4226367 1.2136927 -0.01509923 234 88 12
1.5125287 1.0663915 -0.034531832 234 88 12
1.5276537 1.0390944 -0.038651995 234 88 12
1.0741546 1.2499273 -0.13625839 234 88 12
1.1068357 1.1786702 -0.14920013 234 88 12
1.1891329 1.1787053 -0.12157864 234 88 12
1.4693085 1.0908248 -0.057065986 234 88 12
1.5199536 1.0738164 -0.045781281 234 88 12
1.0976652 1.2318537 -0.14983155 234 88 12
1.148971 1.1799339 -0.15003575 234 88 12
1.3418446 1.5591263 0.023163814 234 88 12
1.1174672 1.2311208 -0.15886107 234 88 12
1.1310202 1.2031435 -0.16361429 234 88 12
1.1560135 1.1869764 -0.16070582 234 88 12
1.1527351 1.2043399 -0.17137587 234 88 12
1.2370577 1.247633 -0.12970033 234 88 12
1.247633 1.2370577 -0.12970033 234 88 12
1.0932326 1.4665751 -0.13673265 234 88 12
1.1071427 1.4142773 -0.1490439 234 88 12
1.4292935 1.5324656 -0.0078244619 234 88 12
1.324594 1.5148385 -0.063522585 234 88 12
1.349699 1.5184121 -0.054408576 234 88 12
1.4485792 1.5288242 -0.019675769 234 88 12
1.1437314 1.4309822 -0.16326247 234 88 12
1.2890728 1.4992112 -0.096008174 234 88 12
1.3126431 1.5015292 -0.087855831 234 88 12
1.286531 1.2548116 -0.17377116 234 88 12
1.3243582 1.2709606 -0.15677384 234 88 12
1.2169065 1.5346922 -0.12359855 234 88 12
1.4275858 1.5068083 -0.066561386 234 88 12
1.2144403 1.531027 -0.14144641 234 88 12
1.3395172 1.4834098 -0.11749854 234 88 12
1.3638135 1.4861519 -0.1091392 234 88 12
1.388186 1.488757 -0.10079868 234 88 12
1.3015045 1.2697787 -0.19529809 234 88 12
1.2157515 1.5316002 -0.15671882 234 88 12
1.2088661 1.5009503 -0.16821656 234 88 12
1.2210975 1.4690242 -0.17424944 234 88 12
1.0726402 1.2643282 -0.28242695 234 88 12
1.2196169 1.4667137 -0.19100855 234 88 12
1.2148664 1.4608318 -0.2097204 234 88 12
1.2308093 1.4558334 -0.20642966 234 88 12
1.2450391 1.448902 -0.20423524 234 88 12
1.2465848 1.3412946 -0.23612492 234 88 12
1.1727984 1.4584476 -0.2383644 234 88 12
1.1607176 1.4889224 -0.24813448 234 88 12
1.1853285 1.4715631 -0.24599469 234 88 12
1.2286127 1.474499 -0.23235595 234 88 12
1.3071209 1.4473929 -0.21718805 234 88 12
1.2713799 1.475576 -0.2348568 234 88 12
1.3144835 1.4547557 -0.22834317 234 88 12
1.2886757 1.2991157 -0.28138226 234 88 12
1.2692224 1.2383667 -0.30482623 234 88 12
1.2795076 1.2280815 -0.30482623 234 88 12
1.2589602 1.3108501 -0.30150729 234 88 12
1.2865258 1.2350996 -0.31545937 234 88 12
1.1745224 1.3068765 -0.34165564 234 88 12
1.2594863 1.2088391 -0.35984209 234 88 12
1.273314 1.20231 -0.35776871 234 88 12
1.2396617 1.2498051 -0.36825523 234 88 12
1.3630588 1.2286561 -0.33948603 234 88 12
1.1505857 1.2602254 -0.40451795 234 88 12
1.2252154 1.2555168 -0.38503331 234 88 12
1.2477535 1.2376442 -0.38373318 234 88 12
1.2973002 1.2060093 -0.37874174 234 88 12
1.1808225 1.2506876 -0.41286376 234 88 12
1.2466276 1.2365487 -0.39860496 234 88 12
1.1957718 1.2456402 -0.42419851 234 88 12
1.2143244 1.2443435 -0.41948232 234 88 12
1.3225019 1.2108746 -0.39906392 234 88 12
1.350587 1.2178013 -0.38949496 234 88 12
1.3613676 1.208122 -0.38919395 234 88 12
1.1736642 1.2834176 -0.43395236 234 88 12
1.2375348 1.2475653 -0.42636925 234 88 12
1.3143045 1.2231394 -0.41220248 234 88 12
1.3340359 1.2222208 -0.40711084 234 88 12
1.2451854 1.255219 -0.43630606 234 88 12
1.2649168 1.2548467 -0.43111777 234 88 12
1.2992514 1.2689235 -0.4464407 234 88 12
1.2759408 1.3266804 -0.45151985 234 88 12
1.3083459 1.2982165 -0.46456286 234 88 12
1.381029 1.3090322 -0.44305706 234 88 12
1.3777618 1.3263357 -0.4536902 234 88 12
1.6014543 1.3160017 0.24819463 234 88 12
1.5424342 1.3096346 0.23393807 234 88 12
1.5597919 1.283298 0.2181697 234 88 12
1.4653107 1.3296498 0.23544627 234 88 12
1.5735393 1.2228476 0.16873133 234 88 12
1.4080535 1.3757569 0.24882102 234 88 12
1.4595499 1.2810277 0.19407018 234 88 12
1.5101867 1.2365638 0.16605604 234 88 12
1.5590173 1.192883 0.13861527 234 88 12
1.3916695 1.3320802 0.21100684 234 88 12
1.4390318 1.2692828 0.17389145 234 88 12
1.5358621 1.1738358 0.1153253 234 88 12
1.3341662 1.3809856 0.22541991 234 88 12
1.3681455 1.309314 0.18516679 234 88 12
1.4309922 1.2552667 0.15161413 234 88 12
1.4914796 1.2032858 0.11934055 234 88 12
1.5168933 1.1663547 0.097919717 234 88 12
1.5343373 1.1447136 0.085148238 234 88 12
1.2826499 1.4070715 0.22707088 234 88 12
1.292626 1.3923306 0.21861267 234 88 12
1.467405 1.2191344 0.11433281 234 88 12
1.4990578 1.1618704 0.082079522 234 88 12
1.5071293 1.1489192 0.074707277 234 88 12
1.313419 1.2807685 0.14359038 234 88 12
1.3354321 1.2652782 0.13381045 234 88 12
1.5092134 1.1299287 0.049921885 234 88 12
1.1184307 1.1370749 0.071474597 234 88 12
1.2642597 1.3083783 0.14610223 234 88 12
1.2801174 1.2674638 0.1240411 234 88 12
1.303164 1.2556214 0.11611295 234 88 12
1.3838933 1.2646172 0.11392412 234 88 12
1.3966603 1.2638692 0.11247784 234 88 12
1.45304 1.1975572 0.074158087 234 88 12
1.4600545 1.1802031 0.064776622 234 88 12
1.4778857 1.1583068 0.052189074 234 88 12
1.0727928 1.1172367 0.050297119 234 88 12
1.1105112 1.1149985 0.046049353 234 88 12
1.2553439 1.2865095 0.12017853 234 88 12
1.2984891 1.2509059 0.098726884 234 88 12
1.3164141 1.268855 0.10625552 234 88 12
1.3574818 1.2756283 0.10625552 234 88 12
1.4959749 1.1132123 0.013228439 234 88 12
1.1092664 1.122546 0.035079729 234 88 12
1.3161327 1.2803888 0.096634872 234 88 12
1.3304787 1.2849717 0.097737767 234 88 12
1.4031034 1.2235765 0.061233237 234 88 12
1.487698 1.0998138 -0.0072824736 234 88 12
1.0835265 1.1345536 0.028299903 234 88 12
1.3111279 1.2745669 0.078810744 234 88 12
1.418141 1.2016182 0.034153949 234 88 12
1.0903072 1.439795 0.16201559 234 88 12
1.1180611 1.1313471 0.0091582686 234 88 12
1.1463621 1.1441697 0.013140484 234 88 12
1.1874901 1.1570086 0.016097628 234 88 12
1.2316099 1.1809878 0.02425381 234 88 12
1.3588208 1.2270353 0.036494337 234 88 12
1.4735804 1.0798295 -0.044632211 234 88 12
1.1431428 1.143217 -0.0017836126 234 88 12
1.1857738 1.1626447 0.0042133043 234 88 12
1.2299556 1.1870158 0.012477916 234 88 12
1.389563 1.2140471 0.012819987 234 88 12
1.4511107 1.1707013 -0.013059532 234 88 12
1.1682246 1.1550869 -0.012725494 234 88 12
1.2241644 1.1767393 -0.0067706462 234 88 12
1.2958237 1.2081746 0.0026298463 234 88 12
1.4502523 1.1793435 -0.023392083 234 88 12
1.4644282 1.1849084 -0.021845687 234 88 12
1.0208281 1.4911231 0.14371572 234 88 12
1.0758215 1.1520058 -0.021566469 234 88 12
1.0880127 1.1495906 -0.023667375 234 88 12
1.1099685 1.1343436 -0.032623976 234 88 12
1.0696758 1.1362878 -0.043078266 234 88 12
1.1085926 1.1411915 -0.04379053 234 88 12
1.3213902 1.2331253 -0.017066162 234 88 12
1.1149985 1.1266421 -0.065514341 234 88 12
1.185854 1.161621 -0.05466662 234 88 12
1.2039847 1.1841843 -0.04555114 234 88 12
0.99868792 1.4133015 0.061240144 234 88 12
1.0066787 1.3809799 0.045723654 234 88 12
1.0127203 1.1980606 -0.039108917 234 88 12
1.02794 1.1447848 -0.064840652 234 88 12
1.1245831 1.1266531 -0.080556251 234 88 12
1.1527383 1.1404979 -0.07631214 234 88 12
1.3033863 1.2381586 -0.042725988 234 88 12
1.2278249 1.2035826 -0.0674349 234 88 12
1.2707815 1.2232424 -0.061690401 234 88 12
1.2839938 1.2254215 -0.061690401 234 88 12
1.2972062 1.2276007 -0.061690401 234 88 12
1.1350907 1.1436051 -0.10209013 234 88 12
1.1628219 1.1555843 -0.09873984 234 88 12
1.2695351 1.2307998 -0.072674349 234 88 12
1.0371367 1.1684602 -0.09789291 234 88 12
1.0848681 1.1555667 -0.1071963 234 88 12
1.1073077 1.143768 -0.11414034 234 88 12
1.2671095 1.2338595 -0.085586123 234 88 12
1.2947133 1.2427154 -0.0836583 234 88 12
1.009197 1.1688248 -0.10997576 234 88 12
1.0825173 1.157732 -0.12026176 234 88 12
1.106087 1.1511694 -0.12489774 234 88 12
1.1997907 1.1787835 -0.11950331 234 88 12
1.2189306 1.2055097 -0.10904706 234 88 12
1.4581659 1.5575607 0.0296316 234 88 12
0.99134672 1.3714738 -0.033905338 234 88 12
1.2491816 1.2380377 -0.11120243 234 88 12
1.277815 1.2511308 -0.10752536 234 88 12
1.4380718 1.5479599 0.011256468 234 88 12
1.0682957 1.1762586 -0.13940263 234 88 12
1.0930495 1.1747237 -0.14184599 234 88 12
1.19734 1.193642 -0.1410989 234 88 12
1.2765702 1.2586782 -0.11849499 234 88 12
1.4186268 1.5401635 -0.0062530171 234 88 12
1.0436484 1.1923648 -0.14481702 234 88 12
1.0566037 1.1940342 -0.14501826 234 88 12
1.1715114 1.2025931 -0.14949387 234 88 12
1.2413932 1.2322744 -0.14167532 234 88 12
1.25986 1.2552652 -0.13308619 234 88 12
1.0424169 1.1998314 -0.15566905 234 88 12
1.0918499 1.1954243 -0.161024 234 88 12
1.4886284 1.5284668 -0.046932884 234 88 12
1.2326293 1.2223563 -0.17349228 234 88 12
1.4804213 1.5135579 -0.067833126 234 88 12
1.2314039 1.2297856 -0.18429007 234 88 12
1.2443924 1.2319278 -0.18429007 234 88 12
1.2573808 1.2340699 -0.18429007 234 88 12
1.3926604 1.4984182 -0.083162069 234 88 12
1.0768081 1.4160544 -0.11066003 234 88 12
1.1026002 1.411824 -0.11416905 234 88 12
1.241032 1.2804223 -0.17795812 234 88 12
1.3243787 1.3097112 -0.1715299 234 88 12
1.4276829 1.4941735 -0.10228523 234 88 12
1.4695863 1.5020168 -0.10189971 234 88 12
1.4834604 1.5043051 -0.10189971 234 88 12
1.0866647 1.4130102 -0.12735379 234 88 12
1.2419418 1.2467862 -0.20588566 234 88 12
1.0716276 1.4186035 -0.13877709 234 88 12
1.4665405 1.472398 -0.14337131 234 88 12
1.1379117 1.4325039 -0.15224765 234 88 12
1.270036 1.4881326 -0.13867874 234 88 12
1.2388898 1.2106376 -0.24789555 234 88 12
1.2516795 1.212747 -0.24789555 234 88 12
1.2661386 1.2212079 -0.24545902 234 88 12
1.3011825 1.2603154 -0.23209445 234 88 12
1.3813684 1.4605387 -0.15710726 234 88 12
1.3950421 1.4627939 -0.15710726 234 88 12
1.1088679 1.4343202 -0.16423185 234 88 12
1.1228964 1.4380891 -0.16365439 234 88 12
1.2048187 1.5083196 -0.14114554 234 88 12
1.2133669 1.4871339 -0.15011258 234 88 12
1.4925634 1.4543065 -0.18141417 234 88 12
1.2036175 1.5168002 -0.1525446 234 88 12
1.2456064 1.4684607 -0.17424776 234 88 12
1.3246273 1.279392 -0.25361535 234 88 12
1.4322647 1.4366111 -0.19884531 234 88 12
1.5018954 1.4548295 -0.19620074 234 88 12
1.2286341 1.4657638 -0.18875594 234 88 12
1.2673517 1.2150667 -0.28865659 234 88 12
1.2927541 1.2192563 -0.28865659 234 88 12
1.3707061 1.32293 -0.25336573 234 88 12
1.4507037 1.4244872 -0.21902838 234 88 12
1.316962 1.2307246 -0.29921064 234 88 12
1.4398046 1.4427115 -0.22549303 234 88 12
1.4841385 1.4209799 -0.23666009 234 88 12
1.31576 1.237976 -0.30977467 234 88 12
1.3533499 1.2852333 -0.29415581 234 88 12
1.3757741 1.3207395 -0.28205568 234 88 12
1.0748904 1.2737083 -0.29474315 234 88 12
1.2591008 1.4682976 -0.23294364 234 88 12
1.3145618 1.2452408 -0.32033369 234 88 12
1.1918646 1.4738708 -0.24101657 234 88 12
1.2338508 1.4852879 -0.23934405 234 88 12
1.2167189 1.3065293 -0.30484504 234 88 12
1.2537886 1.3056729 -0.30744013 234 88 12
1.3149973 1.2147335 -0.34505591 234 88 12
1.3679119 1.2322578 -0.34178069 234 88 12
1.150499 1.4787068 -0.25100219 234 88 12
1.2758952 1.2147536 -0.3558276 234 88 12
1.2061837 1.2877644 -0.33816457 234 88 12
1.2872485 1.2239507 -0.3662805 234 88 12
1.4070119 1.2257059 -0.37283647 234 88 12
1.2039536 1.2908676 -0.35031337 234 88 12
1.216539 1.2919744 -0.35066241 234 88 12
1.3808693 1.2287283 -0.3832137 234 88 12
1.202442 1.296947 -0.36141151 234 88 12
1.2828705 1.2307812 -0.38971364 234 88 12
1.3470261 1.2049927 -0.40267256 234 88 12
1.4045397 1.239598 -0.39372218 234 88 12
1.4175669 1.2434466 -0.39311644 234 88 12
1.1939521 1.2737157 -0.38242239 234 88 12
1.2128834 1.2514036 -0.39138442 234 88 12
1.2334909 1.237208 -0.39758387 234 88 12
1.2460423 1.2392782 -0.39758387 234 88 12
1.2942131 1.2400104 -0.40012532 234 88 12
1.1625345 1.256003 -0.39996174 234 88 12
1.1978986 1.2516559 -0.40350857 234 88 12
1.2320538 1.2433804 -0.40835461 234 88 12
1.2429358 1.2389116 -0.410537 234 88 12
1.344285 1.2177473 -0.42373508 234 88 12
1.3824115 1.2272 -0.42263255 234 88 12
1.1611763 1.2625099 -0.41070852 234 88 12
1.2185714 1.2494965 -0.4184528 234 88 12
1.2292303 1.2440096 -0.42094868 234 88 12
1.3160925 1.2555363 -0.42191312 234 88 12
1.3578544 1.235043 -0.43134594 234 88 12
1.4137383 1.2639006 -0.42457971 234 88 12
1.1574863 1.2588142 -0.42479396 234 88 12
1.1688654 1.2556469 -0.42651197 234 88 12
1.2530967 1.2553043 -0.43136036 234 88 12
1.2656206 1.2573699 -0.43136036 234 88 12
1.2781446 1.2594355 -0.43136036 234 88 12
1.3031925 1.2635666 -0.43136036 234 88 12
1.3532883 1.271829 -0.43136036 234 88 12
1.3871759 1.2655084 -0.43541679 234 88 12
1.2026981 1.2578399 -0.44059709 234 88 12
1.2403094 1.2640432 -0.44059709 234 88 12
1.2519152 1.2624679 -0.44177204 234 88 12
1.3291653 1.282486 -0.43932173 234 88 12
1.4041934 1.334663 -0.42591956 234 88 12
1.2883055 1.2758282 -0.45218372 234 88 12
1.3018121 1.281553 -0.45101967 234 88 12
1.2183594 1.2967896 -0.45432466 234 88 12
1.3142458 1.2947743 -0.46019065 234 88 12
1.2628701 1.2937267 -0.47060844 234 88 12
1.2754216 1.2957969 -0.47060844 234 88 12
1.3005247 1.2999371 -0.47060844 234 88 12
1.2742375 1.3029761 -0.48104307 234 88 12
1.2820714 1.2225816 -0.029888719 234 88 12
1.2855227 1.233451 -0.038102716 234 88 12
1.2759956 1.207105 -0.022681415 234 88 12
1.2753016 1.2405887 -0.037645236 234 88 12
1.2556458 1.2601727 -0.029088294 234 88 12
1.2017047 1.1959468 0.043348141 234 88 12
1.2806134 1.2286001 -0.042274162 234 88 12
1.2720863 1.2437001 -0.041640304 234 88 12
1.2743428 1.2281734 -0.041924953 234 88 12
1.2708211 1.2430452 -0.045635369 234 88 12
1.2555155 1.2550144 -0.037546065 234 88 12
1.2746273 1.1974672 -0.033579215 234 88 12
1.2658755 1.2203666 -0.036318764 234 88 12
1.2804873 1.230844 -0.054002438 234 88 12
1.199792 1.1855323 0.031974748 234 88 12
1.2481664 1.1971627 -0.015734894 234 88 12
1.2708486 1.2044402 -0.038933612 234 88 12
1.2668821 1.2121017 -0.038933612 234 88 12
1.2665709 1.2158771 -0.040375143 234 88 12
1.2672065 1.2381353 -0.051040102 234 88 12
1.2715452 1.1999433 -0.04299666 234 88 12
1.2006598 1.1702322 0.014410123 234 88 12
1.2554922 1.22469 -0.056600656 234 88 12
1.2534449 1.2359602 -0.059840187 234 88 12
1.2494997 1.2435802 -0.059840187 234 88 12
1.2014126 1.1653721 0.010018967 234 88 12
1.2604482 1.2087706 -0.059248857 234 88 12
1.2542076 1.2240248 -0.060657036 234 88 12
1.2403473 1.2507958 -0.060657036 234 88 12
1.2346653 1.25857 -0.059248857 234 88 12
1.200022 1.1646521 0.0056278114 234 88 12
1.19777 1.1729497 0.0039016739 234 88 12
1.1956306 1.1770819 0.0039016739 234 88 12
1.2159106 1.1893024 -0.018567143 234 88 12
1.2611449 1.2042737 -0.063311905 234 88 12
1.2469401 1.2422551 -0.067922398 234 88 12
1.2333785 1.2579038 -0.063311905 234 88 12
1.2007748 1.1597921 0.0012366556 234 88 12
1.2145563 1.1886013 -0.022843147 234 88 12
1.2578747 1.2074382 -0.067374952 234 88 12
1.1971334 1.1673801 -0.0048642075 234 88 12
1.2355648 1.1956244 -0.049098048 234 88 12
1.2572846 1.2022752 -0.075501055 234 88 12
1.253318 1.2099366 -0.075501055 234 88 12
1.2391688 1.2404865 -0.076882556 234 88 12
1.1173532 1.1377186 0.061778024 234 88 12
1.2347413 1.1981302 -0.060585845 234 88 12
1.2500479 1.2131011 -0.079564102 234 88 12
1.2480646 1.2169318 -0.079564102 234 88 12
1.1158493 1.13694 0.057029225 234 88 12
1.2016425 1.1444919 -0.016327968 234 88 12
1.2309639 1.1935798 -0.061089832 234 88 12
1.2487612 1.2124349 -0.083627149 234 88 12
1.2385795 1.2353319 -0.084995307 234 88 12
1.2365994 1.2391564 -0.084995307 234 88 12
1.19586 1.1562408 -0.02239597 234 88 12
1.2316793 1.1889613 -0.065262757 234 88 12
1.2296424 1.1928957 -0.065262757 234 88 12
1.2435079 1.2194301 -0.087690204 234 88 12
1.2353148 1.2384913 -0.089051686 234 88 12
1.1923325 1.1596545 -0.02677891 234 88 12
1.2004901 1.1762758 -0.040310405 234 88 12
1.2275919 1.2039039 -0.073733933 234 88 12
1.2362711 1.2302561 -0.091753252 234 88 12
1.195327 1.146472 -0.029501436 234 88 12
1.2294776 1.1954051 -0.077206351 234 88 12
1.2409344 1.2180978 -0.095816299 234 88 12
1.2270511 1.2449127 -0.095816299 234 88 12
1.1938354 1.1499525 -0.03554479 234 88 12
1.2356809 1.225093 -0.099879347 234 88 12
1.1968327 1.1367519 -0.038283747 234 88 12
1.1925458 1.1450319 -0.038283747 234 88 12
1.2048171 1.1578747 -0.053259365 234 88 12
1.1984962 1.1700832 -0.053259365 234 88 12
1.2243562 1.1901587 -0.081954464 234 88 12
1.2207611 1.205795 -0.085516602 234 88 12
1.2304276 1.2320882 -0.1039424 234 88 12
1.2284443 1.235919 -0.1039424 234 88 12
1.2224944 1.2474111 -0.1039424 234 88 12
1.2205111 1.2512418 -0.1039424 234 88 12
1.2230346 1.1894746 -0.086127393 234 88 12
1.2235017 1.1972787 -0.089671731 234 88 12
1.2214735 1.2011963 -0.089671731 234 88 12
1.1999762 1.1605288 -0.061892007 234 88 12
1.22375 1.1848561 -0.090300314 234 88 12
1.2221859 1.1965975 -0.093826853 234 88 12
1.2318207 1.2230943 -0.1120685 234 88 12
1.2199209 1.2460787 -0.1120685 234 88 12
1.1905173 1.138732 -0.051457215 234 88 12
1.1965023 1.1638905 -0.066208325 234 88 12
1.2075431 1.2233056 -0.098644517 234 88 12
1.2265674 1.2300897 -0.11613154 234 88 12
1.2206174 1.2415818 -0.11613154 234 88 12
1.186895 1.1463593 -0.057459496 234 88 12
1.1993492 1.1550437 -0.070524648 234 88 12
1.2063007 1.1593062 -0.077583782 234 88 12
1.1990391 1.1754553 -0.078431204 234 88 12
1.1969519 1.1794868 -0.078431204 234 88 12
1.21907 1.1874219 -0.098646171 234 88 12
1.2134693 1.2069875 -0.1021371 234 88 12
1.2062284 1.2226249 -0.10279629 234 88 12
1.2001485 1.234368 -0.10279629 234 88 12
1.1855071 1.1456407 -0.061842434 234 88 12
1.1986771 1.170711 -0.081864104 234 88 12
1.2177484 1.1867377 -0.10281909 234 88 12
1.2116376 1.1985406 -0.10281909 234 88 12
1.1907272 1.2493447 -0.10694805 234 88 12
1.1988192 1.1821169 -0.092050843 234 88 12
1.2056253 1.2173491 -0.11109982 234 88 12
1.191439 1.2447495 -0.11109982 234 88 12
1.1827309 1.1442034 -0.070608318 234 88 12
1.2064128 1.1491295 -0.090424754 234 88 12
1.202234 1.1572007 -0.090424754 234 88 12
1.2089945 1.1971722 -0.11116495 234 88 12
1.2028837 1.2089751 -0.11116495 234 88 12
1.1962039 1.2323257 -0.11525158 234 88 12
1.1921507 1.2401545 -0.11525158 234 88 12
1.1901242 1.2440689 -0.11525158 234 88 12
1.2117468 1.1886194 -0.11533787 234 88 12
1.2097099 1.1925536 -0.11533787 234 88 12
1.2035991 1.2043566 -0.11533787 234 88 12
1.1995252 1.2122252 -0.11533787 234 88 12
1.1969157 1.2277306 -0.11940335 234 88 12
1.1799548 1.1427661 -0.079374202 234 88 12
1.2037017 1.1477259 -0.098985404 234 88 12
1.1890761 1.175975 -0.098985404 234 88 12
1.189371 1.1920397 -0.10540367 234 88 12
1.2022775 1.2036724 -0.1195108 234 88 12
1.2002406 1.2076067 -0.1195108 234 88 12
1.1982037 1.2115411 -0.1195108 234 88 12
1.1915476 1.2348787 -0.12355511 234 88 12
1.1874944 1.2427074 -0.12355511 234 88 12
1.1939887 1.1631664 -0.10326573 234 88 12
1.2029929 1.1990539 -0.12368373 234 88 12
1.1968118 1.1543934 -0.10754605 234 88 12
1.1812108 1.1866735 -0.10836323 234 88 12
1.1728618 1.2027994 -0.10836323 234 88 12
1.1929712 1.2256883 -0.13185863 234 88 12
1.1848648 1.2413459 -0.13185863 234 88 12
1.1819439 1.1819409 -0.11263923 234 88 12
1.1756821 1.1940354 -0.11263923 234 88 12
1.194239 1.2094884 -0.13202958 234 88 12
1.1881282 1.2212913 -0.13202958 234 88 12
1.1835499 1.2406651 -0.13601041 234 88 12
1.1572406 1.1349486 -0.082605951 234 88 12
1.1802084 1.2438987 -0.14016217 234 88 12
1.1843877 1.1684302 -0.12038703 234 88 12
1.1822983 1.1724658 -0.12038703 234 88 12
1.1829468 1.2353892 -0.14431393 234 88 12
1.1913896 1.1515861 -0.12466736 234 88 12
1.1695323 1.1959635 -0.12546724 234 88 12
1.1638649 1.1459322 -0.10854224 234 88 12
1.1721674 1.1503719 -0.11607093 234 88 12
1.1774979 1.1750977 -0.12894769 234 88 12
1.1733191 1.1831689 -0.12894769 234 88 12
1.159829 1.2113883 -0.12974325 234 88 12
1.1577418 1.2154199 -0.12974325 234 88 12
1.1787682 1.226423 -0.14872129 234 88 12
1.1844997 1.1582536 -0.133228 234 88 12
1.1605622 1.2066557 -0.13401926 234 88 12
1.174949 1.2411758 -0.15676923 234 88 12
1.1664293 1.1898364 -0.13750833 234 88 12
1.1601611 1.201943 -0.13750833 234 88 12
1.1740881 1.228989 -0.15706713 234 88 12
1.1093817 1.1376394 -0.084522903 234 88 12
1.1637874 1.156435 -0.12912172 234 88 12
1.1793407 1.1608785 -0.14153688 234 88 12
1.1734312 1.1729922 -0.14178866 234 88 12
1.1504481 1.2173835 -0.14178866 234 88 12
1.1727666 1.2283047 -0.16124007 234 88 12
1.1496431 1.1469897 -0.12153562 234 88 12
1.1521313 1.1512809 -0.12478767 234 88 12
1.1581626 1.1639248 -0.13347198 234 88 12
1.174165 1.1682549 -0.14606899 234 88 12
1.1637181 1.1884327 -0.14606899 234 88 12
1.1595395 1.1965039 -0.14606899 234 88 12
1.1574501 1.2005395 -0.14606899 234 88 12
1.1460632 1.2247099 -0.14684726 234 88 12
1.3487209 1.2300454 -0.28868276 234 88 12
1.1482444 1.1462656 -0.12595215 234 88 12
1.1602732 1.1917665 -0.1503493 234 88 12
1.1581838 1.195802 -0.1503493 234 88 12
1.1540052 1.2038732 -0.1503493 234 88 12
1.3476161 1.2294734 -0.29217127 234 88 12
1.1436348 1.1788946 -0.13993756 234 88 12
1.1464899 1.1699523 -0.14428499 234 88 12
1.1358643 1.1905193 -0.14430037 234 88 12
1.1408472 1.2226474 -0.15890996 234 88 12
1.3471093 1.2250403 -0.29914832 234 88 12
1.1387191 1.1815772 -0.14864789 234 88 12
1.1246605 1.1939952 -0.14352866 234 88 12
1.0869191 1.2154493 -0.12565729 234 88 12
1.1697984 1.2285818 -0.18583158 234 88 12
1.3443017 1.2277575 -0.30263686 234 88 12
1.1228794 1.1598095 -0.13611832 234 88 12
1.0876551 1.1978528 -0.12577417 234 88 12
1.0783675 1.2106961 -0.12401671 234 88 12
1.3431969 1.2271854 -0.30612537 234 88 12
1.1058091 1.154453 -0.12863842 234 88 12
1.1171136 1.167487 -0.14057769 234 88 12
1.0705787 1.2058508 -0.12293765 234 88 12
1.3433212 1.2265555 -0.31040692 234 88 12
1.1039575 1.1623163 -0.13581744 234 88 12
1.1135246 1.1709602 -0.14503706 234 88 12
1.0951464 1.1793346 -0.13581744 234 88 12
1.0656888 1.2094301 -0.12670705 234 88 12
1.0699245 1.1957802 -0.13062172 234 88 12
1.0679241 1.2000846 -0.13077049 234 88 12
1.0926663 1.1693019 -0.14222223 234 88 12
1.0684774 1.195031 -0.13519074 234 88 12
1.0575579 1.2165633 -0.13533866 234 88 12
1.3410786 1.2177473 -0.32356802 234 88 12
1.0489812 1.202346 -0.13665372 234 88 12
1.0486938 1.2066576 -0.13789359 234 88 12
1.029734 1.2018677 -0.13010496 234 88 12
1.0223924 1.2186582 -0.13681515 234 88 12
1.0323497 1.1870983 -0.1386739 234 88 12
1.0168338 1.2092736 -0.13615873 234 88 12
1.3366594 1.2154593 -0.33752212 234 88 12
1.0308658 1.18633 -0.1433595 234 88 12
1.0118259 1.2173371 -0.14151198 234 88 12
1.0316132 1.2253543 -0.15632191 234 88 12
1.0270947 1.1899793 -0.14804508 234 88 12
1.0121661 1.2033664 -0.14313455 234 88 12
1.368948 1.2135004 -0.40669984 234 88 12
1.3685192 1.2045034 -0.42410845 234 88 12
1.3610206 1.1853157 -0.41869888 234 88 12
1.3672081 1.2039676 -0.4272728 234 88 12
1.3655941 1.2070851 -0.4272728 234 88 12
1.351732 1.1974792 -0.42118314 234 88 12
1.366161 1.2034255 -0.43057933 234 88 12
1.2438606 1.4786328 -0.21769424 234 88 12
1.2264322 1.4794763 -0.21029364 234 88 12
1.2055497 1.4831331 -0.20382029 234 88 12
1.1848541 1.2629085 0.0051212385 234 88 12
1.1023058 1.436924 -0.11365122 234 88 12
1.0218658 1.3607973 -0.0070962398 234 88 12
0.99472862 1.3749638 -0.0072016022 234 88 12
0.99084926 1.3769722 -0.0072016022 234 88 12
1.2431864 1.4796851 -0.22263135 234 88 12
1.2080592 1.4806203 -0.20711929 234 88 12
1.203288 1.2773267 -0.022101248 234 88 12
1.1802598 1.2745175 -0.0088549536 234 88 12
1.1636633 1.2234262 0.044811416 234 88 12
1.1358809 1.2616386 0.023385448 234 88 12
1.1131322 1.444363 -0.13032551 234 88 12
1.0994598 1.4493884 -0.12847918 234 88 12
1.0536056 1.3533704 -0.02079526 234 88 12
0.97740906 1.3767042 -0.0063041779 234 88 12
1.2281827 1.4796506 -0.21994565 234 88 12
1.2194437 1.4787004 -0.21505332 234 88 12
1.1986454 1.4725993 -0.19997856 234 88 12
1.1716877 1.2660931 -0.002967187 234 88 12
1.1676323 1.2595522 0.0047542211 234 88 12
1.1192855 1.439742 -0.13389952 234 88 12
1.0941827 1.4373959 -0.12018902 234 88 12
1.0552444 1.3386943 -0.013971393 234 88 12
1.03697 1.3561196 -0.021088183 234 88 12
1.0211661 1.3619082 -0.018949106 234 88 12
0.97654188 1.3745598 -0.0096088871 234 88 12
1.2448909 1.4791664 -0.23151398 234 88 12
1.2363495 1.4785926 -0.22707705 234 88 12
1.2276467 1.478896 -0.223345 234 88 12
1.2189184 1.4776858 -0.21825697 234 88 12
1.1590101 1.262327 0.00054741692 234 88 12
1.1550438 1.2643803 0.00054741692 234 88 12
1.1190156 1.4428129 -0.14135142 234 88 12
1.1119602 1.4420992 -0.13747354 234 88 12
1.0983531 1.447798 -0.13627812 234 88 12
1.0822965 1.4330255 -0.11577586 234 88 12
1.0243584 1.3586094 -0.023047732 234 88 12
0.9996326 1.3628488 -0.015443759 234 88 12
0.98772377 1.3678782 -0.01443466 234 88 12
1.2358308 1.4775909 -0.23024026 234 88 12
1.2183577 1.4774621 -0.22214235 234 88 12
1.2093729 1.4801449 -0.22040458 234 88 12
1.2034385 1.478884 -0.21658014 234 88 12
1.1852353 1.4757581 -0.20550336 234 88 12
1.182122 1.2833868 -0.034298304 234 88 12
1.1663911 1.2657683 -0.011560413 234 88 12
1.1624537 1.2675234 -0.011310317 234 88 12
1.1320279 1.4378392 -0.14772418 234 88 12
1.1046349 1.4444566 -0.14104755 234 88 12
1.0822299 1.4364001 -0.12369931 234 88 12
1.0036656 1.3637124 -0.023647329 234 88 12
1.2324096 1.4768493 -0.23231366 234 88 12
1.2295256 1.4766382 -0.23081888 234 88 12
1.2208505 1.4748862 -0.22534284 234 88 12
1.1998723 1.4792401 -0.21963543 234 88 12
1.1969652 1.4733652 -0.21316259 234 88 12
1.1347876 1.4349874 -0.15126744 234 88 12
1.1214249 1.4419057 -0.15126744 234 88 12
1.0818648 1.4372163 -0.12919033 234 88 12
1.0149255 1.3580223 -0.029333852 234 88 12
1.0107524 1.3584067 -0.027775938 234 88 12
0.99911147 1.3644178 -0.02776207 234 88 12
1.2260962 1.4756206 -0.23267089 234 88 12
1.1993432 1.4782182 -0.22286233 234 88 12
1.1841512 1.4776649 -0.21552461 234 88 12
1.174902 1.4796355 -0.21306831 234 88 12
1.1532197 1.2689538 -0.019653447 234 88 12
1.1491098 1.2655569 -0.014838098 234 88 12
1.1453536 1.2730263 -0.019653447 234 88 12
1.1473835 1.4223607 -0.15072954 234 88 12
1.120844 1.4407836 -0.15481071 234 88 12
1.1037225 1.4449656 -0.15072954 234 88 12
1.1000932 1.4439374 -0.14819556 234 88 12
1.0884548 1.4353408 -0.13545077 234 88 12
1.081439 1.4375041 -0.13417029 234 88 12
1.077825 1.4377986 -0.13279617 234 88 12
1.0741359 1.4376073 -0.13096473 234 88 12
1.2436908 1.4636949 -0.23451954 234 88 12
1.2315733 1.4715073 -0.2358522 234 88 12
1.2168493 1.4728773 -0.230436 234 88 12
1.198814 1.4771962 -0.22608924 234 88 12
1.1743714 1.479213 -0.21687515 234 88 12
1.1609561 1.2894471 -0.046495356 234 88 12
1.156876 1.281682 -0.037940044 234 88 12
1.1368988 1.4297429 -0.15722315 234 88 12
1.1336256 1.4327432 -0.15835397 234 88 12
1.1302849 1.4344727 -0.15835397 234 88 12
1.0878592 1.43419 -0.13908401 234 88 12
1.0809155 1.436963 -0.13837194 234 88 12
1.004375 1.3517916 -0.030278336 234 88 12
1.0004704 1.3538132 -0.030278336 234 88 12
1.2102771 1.4749922 -0.23364259 234 88 12
1.1983893 1.4709266 -0.22484602 234 88 12
1.1830808 1.47663 -0.22293316 234 88 12
1.1361324 1.2747353 -0.028242065 234 88 12
1.0871806 1.4322981 -0.14204225 234 88 12
1.0388279 1.2731618 0.016472554 234 88 12
1.259831 1.2278606 -0.048528738 234 88 12
1.2555995 1.2351626 -0.052900311 234 88 12
1.2516623 1.238601 -0.054097589 234 88 12
1.2248927 1.4656672 -0.2364471 234 88 12
1.2219405 1.465734 -0.23519692 234 88 12
1.1917586 1.4708292 -0.22619002 234 88 12
1.1733277 1.4797208 -0.22563347 234 88 12
1.1702474 1.4808309 -0.22521883 234 88 12
1.1433016 1.269063 -0.032168142 234 88 12
1.2592634 1.2251366 -0.051455919 234 88 12
1.2317266 1.2491392 -0.05973848 234 88 12
1.194262 1.4704549 -0.23134178 234 88 12
1.1789421 1.4761569 -0.22944687 234 88 12
1.166597 1.4792986 -0.22668497 234 88 12
1.1568233 1.4672353 -0.21213233 234 88 12
1.1150864 1.2819958 -0.036339708 234 88 12
1.1182683 1.4329467 -0.16602723 234 88 12
1.1149143 1.4346831 -0.16602723 234 88 12
1.1115605 1.4364195 -0.16602723 234 88 12
1.1003377 1.4295222 -0.15522739 234 88 12
1.0600662 1.4289747 -0.13704243 234 88 12
1.2585912 1.2238382 -0.05555588 234 88 12
1.2349348 1.2449763 -0.063063495 234 88 12
1.2196786 1.2509481 -0.061436307 234 88 12
1.1937295 1.4694263 -0.23458967 234 88 12
1.1845493 1.4719459 -0.23270373 234 88 12
1.1722611 1.4778485 -0.23231575 234 88 12
1.1566175 1.4769338 -0.2247037 234 88 12
1.1531279 1.4678077 -0.21547121 234 88 12
1.1348289 1.2865015 -0.054362614 234 88 12
1.1209186 1.2539396 -0.02078319 234 88 12
1.1128755 1.2581038 -0.02078319 234 88 12
1.1045693 1.258797 -0.01773697 234 88 12
1.0924636 1.2650646 -0.01773697 234 88 12
1.2501879 1.2265424 -0.059655845 234 88 12
1.2266893 1.2456832 -0.065508284 234 88 12
1.1993926 1.4618121 -0.23500314 234 88 12
1.187086 1.4693247 -0.23596059 234 88 12
1.1840153 1.4709145 -0.23596059 234 88 12
1.1655681 1.4793242 -0.23500314 234 88 12
1.1624378 1.4786658 -0.23309077 234 88 12
1.1593183 1.4790001 -0.23201597 234 88 12
1.1561347 1.4776613 -0.22950958 234 88 12
1.1109205 1.238355 -0.0090655116 234 88 12
1.0813825 1.2440935 -0.0010483616 234 88 12
1.2417846 1.2292466 -0.06375581 234 88 12
1.1711848 1.4752152 -0.23835512 234 88 12
1.146086 1.4767388 -0.22879131 234 88 12
1.1248336 1.2719237 -0.048854399 234 88 12
1.1097476 1.2302828 -0.0076246997 234 88 12
1.0508915 1.2149066 0.030600952 234 88 12
1.0517559 1.2576733 -0.0054285903 234 88 12
1.2140108 1.2433619 -0.069000907 234 88 12
1.148821 1.4779176 -0.2353479 234 88 12
1.1356086 1.4703922 -0.2234472 234 88 12
1.1147989 1.2519691 -0.033579562 234 88 12
1.0966717 1.2352979 -0.011994376 234 88 12
1.2443056 1.2246484 -0.071955733 234 88 12
1.232659 1.2316983 -0.072795227 234 88 12
1.2210739 1.2376963 -0.072795227 234 88 12
1.2094889 1.2436943 -0.072795227 234 88 12
1.2056272 1.2456937 -0.072795227 234 88 12
1.1901994 1.2512391 -0.07078518 234 88 12
1.1824576 1.2552474 -0.07078518 234 88 12
1.1607646 1.4731247 -0.24087183 234 88 12
1.145137 1.477585 -0.23788343 234 88 12
1.0622773 1.2053546 0.021494247 234 88 12
1.1117181 1.2239982 -0.020733729 234 88 12
1.0950288 1.2299922 -0.018569278 234 88 12
1.0867692 1.2342684 -0.018569278 234 88 12
1.055966 1.1951751 0.026442284 234 88 12
1.2391587 1.2228751 -0.079225384 234 88 12
1.2275493 1.2288858 -0.079225384 234 88 12
1.2236909 1.2306018 -0.078996465 234 88 12
1.2120782 1.236614 -0.078996465 234 88 12
1.2082074 1.2386181 -0.078996465 234 88 12
1.2043365 1.2406223 -0.078996465 234 88 12
1.1538972 1.2624295 -0.075497054 234 88 12
1.1470867 1.4721301 -0.24301158 234 88 12
1.1301961 1.2671047 -0.069325566 234 88 12
1.1192412 1.2183484 -0.025103405 234 88 12
1.102762 1.2268803 -0.025103405 234 88 12
1.0508752 1.1959636 0.021842608 234 88 12
1.234616 1.2235788 -0.083329909 234 88 12
1.1997924 1.2413261 -0.083102107 234 88 12
1.1959215 1.2433302 -0.083102107 234 88 12
1.1608744 1.2512552 -0.074852087 234 88 12
1.1450118 1.2531004 -0.069712222 234 88 12
1.1332127 1.2592093 -0.069712222 234 88 12
1.1282715 1.2417862 -0.053582996 234 88 12
1.1144049 1.2190975 -0.029473081 234 88 12
1.0853328 1.2314941 -0.027329734 234 88 12
1.081203 1.2336322 -0.027329734 234 88 12
1.0769187 1.234231 -0.026022615 234 88 12
1.2532921 1.2122612 -0.087434426 234 88 12
1.2107319 1.2340136 -0.087207749 234 88 12
1.1521939 1.2477068 -0.073883787 234 88 12
1.0706918 1.2219287 -0.019370532 234 88 12
1.2487674 1.2126724 -0.091313392 234 88 12
1.2255422 1.224697 -0.091313392 234 88 12
1.2216713 1.226701 -0.091313392 234 88 12
1.1985137 1.234363 -0.087865412 234 88 12
1.1946267 1.2363753 -0.087865412 234 88 12
1.1829655 1.2424128 -0.087865412 234 88 12
1.1262517 1.2272906 -0.052423026 234 88 12
1.1045451 1.218029 -0.036090191 234 88 12
1.2519652 1.209368 -0.095419034 234 88 12
1.2326107 1.2193885 -0.095419034 234 88 12
1.2171272 1.227405 -0.095419034 234 88 12
1.1939507 1.2350698 -0.091988198 234 88 12
1.1667414 1.249157 -0.091988198 234 88 12
1.1468928 1.2471008 -0.082226917 234 88 12
1.1341962 1.2335974 -0.066335924 234 88 12
1.1207806 1.2156401 -0.046624962 234 88 12
1.1079568 1.2145036 -0.040470421 234 88 12
1.0996972 1.2187799 -0.040470421 234 88 12
1.0914377 1.2230562 -0.040470421 234 88 12
1.0873079 1.2251943 -0.040470421 234 88 12
1.0676705 1.2043757 -0.01594512 234 88 12
1.0634251 1.2065737 -0.01594512 234 88 12
1.0549345 1.2109697 -0.01594512 234 88 12
1.0449188 1.2033703 -0.0058258721 234 88 12
1.247421 1.2100719 -0.099524669 234 88 12
1.2435502 1.2120759 -0.099524669 234 88 12
1.2125832 1.2281088 -0.099524669 234 88 12
1.2049358 1.2277267 -0.096110985 234 88 12
1.1855006 1.237789 -0.096110985 234 88 12
1.1660655 1.2478513 -0.096110985 234 88 12
1.1334991 1.2322512 -0.070586897 234 88 12
1.1248419 1.2245677 -0.06102106 234 88 12
1.1156589 1.2114291 -0.046951786 234 88 12
1.1031088 1.2152547 -0.044850647 234 88 12
1.098979 1.2173928 -0.044850647 234 88 12
1.0541962 1.2095436 -0.020447904 234 88 12
1.0398792 1.2041509 -0.010379225 234 88 12
1.2273935 1.2187921 -0.10363031 234 88 12
1.2196517 1.2228004 -0.10363031 234 88 12
1.2120339 1.222396 -0.10023377 234 88 12
1.2081468 1.2244085 -0.10023377 234 88 12
1.1925987 1.2324584 -0.10023377 234 88 12
1.1615024 1.2485582 -0.10023377 234 88 12
1.1455249 1.2444586 -0.090570047 234 88 12
1.1284122 1.2254721 -0.068818904 234 88 12
1.0577033 1.2059196 -0.024950691 234 88 12
1.2422038 1.2094755 -0.10773595 234 88 12
1.2305912 1.2154878 -0.10773595 234 88 12
1.2228495 1.219496 -0.10773595 234 88 12
1.2114382 1.2181628 -0.10211708 234 88 12
1.1880356 1.2331651 -0.10435656 234 88 12
1.1101061 1.2107944 -0.055691138 234 88 12
1.0975426 1.2146183 -0.053611107 234 88 12
1.0739461 1.1957018 -0.029453477 234 88 12
1.0527196 1.2066916 -0.029453477 234 88 12
1.2376598 1.2101793 -0.1118416 234 88 12
1.229918 1.2141876 -0.1118416 234 88 12
1.2228174 1.2010908 -0.098913178 234 88 12
1.2149514 1.2051634 -0.098913178 234 88 12
1.2069902 1.2133495 -0.10204592 234 88 12
1.1679244 1.2419219 -0.10847934 234 88 12
1.0968244 1.2132312 -0.057991337 234 88 12
1.0647172 1.1986717 -0.033956263 234 88 12
1.0421935 1.199623 -0.025701076 234 88 12
1.0335473 1.2035061 -0.025243727 234 88 12
1.0231584 1.1955363 -0.014954797 234 88 12
1.2378656 1.1916245 -0.10308474 234 88 12
1.2299995 1.1956971 -0.10308474 234 88 12
1.2182004 1.2018059 -0.10308474 234 88 12
1.1946023 1.2140236 -0.10308474 234 88 12
1.1906692 1.2160599 -0.10308474 234 88 12
1.1555873 1.2466536 -0.11260213 234 88 12
1.1395398 1.2425314 -0.10308474 234 88 12
1.113916 1.2233187 -0.078217126 234 88 12
1.1045533 1.2101597 -0.06443049 234 88 12
1.0628734 1.1870911 -0.030245956 234 88 12
1.0543034 1.1915282 -0.030245956 234 88 12
1.0457333 1.1959652 -0.030245956 234 88 12
1.0414484 1.1981837 -0.030245956 234 88 12
1.0371634 1.2004021 -0.030245956 234 88 12
1.0154246 1.2385875 -0.050865106 234 88 12
1.2017844 1.20863 -0.10725631 234 88 12
1.1546938 1.2370876 -0.11035711 234 88 12
1.1429399 1.243173 -0.11035711 234 88 12
1.1388558 1.2412103 -0.10725631 234 88 12
1.1345255 1.234514 -0.10045848 234 88 12
1.08999 1.1976688 -0.054900777 234 88 12
1.0717515 1.1916238 -0.043121915 234 88 12
1.018882 1.2350147 -0.055304307 234 88 12
1.2482967 1.1828735 -0.11142787 234 88 12
1.2404306 1.186946 -0.11142787 234 88 12
1.2325646 1.1910186 -0.11142787 234 88 12
1.2089664 1.2032362 -0.11142787 234 88 12
1.1461766 1.2398285 -0.11451269 234 88 12
1.1338358 1.2331818 -0.10466506 234 88 12
1.107587 1.2102441 -0.077071279 234 88 12
1.0987996 1.2069315 -0.071132019 234 88 12
1.0725125 1.204934 -0.05934206 234 88 12
1.058257 1.1965916 -0.04746462 234 88 12
1.0356729 1.1975235 -0.039335713 234 88 12
1.0271029 1.2019604 -0.039335713 234 88 12
1.022818 1.204179 -0.039335713 234 88 12
1.2436796 1.1835886 -0.11559944 234 88 12
1.1964834 1.208024 -0.11559944 234 88 12
1.1728852 1.2202417 -0.11559944 234 88 12
1.165019 1.2243142 -0.11559944 234 88 12
1.1453539 1.2344955 -0.11559944 234 88 12
1.132628 1.2207522 -0.10034372 234 88 12
1.1118013 1.2192343 -0.091114178 234 88 12
1.0843463 1.1970236 -0.06378334 234 88 12
1.0759717 1.2013595 -0.06378334 234 88 12
1.0592223 1.2100313 -0.06378334 234 88 12
1.0216117 1.230036 -0.064182714 234 88 12
1.2351296 1.1863401 -0.119771 234 88 12
1.1840039 1.2105191 -0.11806387 234 88 12
1.1599863 1.2048807 -0.10459469 234 88 12
1.1315714 1.2118011 -0.098788396 234 88 12
1.123256 1.2115774 -0.095413193 234 88 12
1.0322055 1.2133243 -0.061583593 234 88 12
1.2423117 1.1809465 -0.12394257 234 88 12
1.2265795 1.1890916 -0.12394257 234 88 12
1.1552814 1.2056094 -0.10884567 234 88 12
1.1389425 1.2062654 -0.10306975 234 88 12
1.0971029 1.2085522 -0.088728316 234 88 12
1.0703279 1.2007143 -0.0726659 234 88 12
1.0535786 1.2093861 -0.0726659 234 88 12
1.2376946 1.1816616 -0.12811413 234 88 12
1.2219626 1.1898067 -0.12811413 234 88 12
1.2140965 1.1938792 -0.12811413 234 88 12
1.2062826 1.1955904 -0.126398 234 88 12
1.1986712 1.1814377 -0.11309665 234 88 12
1.1585922 1.2021881 -0.11309665 234 88 12
1.1258994 1.2067559 -0.10401123 234 88 12
1.0879467 1.2088436 -0.091100492 234 88 12
1.0749124 1.2084124 -0.085822515 234 88 12
1.0570377 1.2058116 -0.077107184 234 88 12
1.0528504 1.2079796 -0.077107184 234 88 12
1.0444758 1.2123154 -0.077107184 234 88 12
1.2370107 1.1803405 -0.1322857 234 88 12
1.1739268 1.1925417 -0.11734762 234 88 12
1.1333009 1.2011975 -0.10831024 234 88 12
1.116473 1.1994507 -0.10067368 234 88 12
1.1123815 1.2015691 -0.10067368 234 88 12
1.0747554 1.2126355 -0.094530448 234 88 12
1.065904 1.2113113 -0.09021771 234 88 12
1.0106649 1.2308048 -0.083569251 234 88 12
1.2363267 1.1790193 -0.13645726 234 88 12
1.2284607 1.1830919 -0.13645726 234 88 12
1.1812457 1.1870455 -0.12159859 234 88 12
1.1528695 1.1896199 -0.11281247 234 88 12
1.1407025 1.195639 -0.11260926 234 88 12
1.0655636 1.2134063 -0.097284056 234 88 12
1.2206277 1.1649487 -0.12584957 234 88 12
1.1440507 1.1921791 -0.11690827 234 88 12
1.1150498 1.196702 -0.1093529 234 88 12
1.0858829 1.2056398 -0.10491478 234 88 12
1.0560774 1.2119896 -0.09837497 234 88 12
1.2119148 1.1677526 -0.13010055 234 88 12
1.1998911 1.1739777 -0.13010055 234 88 12
1.1918753 1.1781278 -0.13010055 234 88 12
1.1677531 1.1849017 -0.12601352 234 88 12
1.1102468 1.197446 -0.11369251 234 88 12
1.1061553 1.1995643 -0.11369251 234 88 12
1.1020639 1.2016827 -0.11369251 234 88 12
1.0424796 1.2137065 -0.10022995 234 88 12
1.0384427 1.2167737 -0.10092881 234 88 12
1.2112178 1.1664063 -0.13435152 234 88 12
1.2072099 1.1684813 -0.13435152 234 88 12
1.203202 1.1705564 -0.13435152 234 88 12
1.1301612 1.1890233 -0.12061036 234 88 12
1.0338272 1.21942 -0.10677683 234 88 12
1.0086906 1.2308419 -0.10564608 234 88 12
1.2345682 1.1526098 -0.1386025 234 88 12
1.2185366 1.16091 -0.1386025 234 88 12
1.1581489 1.1797006 -0.12980533 234 88 12
1.1376085 1.1834304 -0.12493597 234 88 12
1.1335303 1.1855419 -0.12493597 234 88 12
1.0959108 1.1929876 -0.11645117 234 88 12
1.083459 1.1984454 -0.11575383 234 88 12
1.0793334 1.2005814 -0.11575383 234 88 12
1.0370516 1.2143824 -0.11004866 234 88 12
1.0330195 1.2174118 -0.11071278 234 88 12
1.0122621 1.2281586 -0.11071278 234 88 12
1.0024205 1.2233877 -0.10375486 234 88 12
0.9929617 1.2216414 -0.099069729 234 88 12
1.2020291 1.1552558 -0.13410434 234 88 12
1.1777099 1.1678467 -0.13410434 234 88 12
1.0907758 1.1901972 -0.11823682 234 88 12
1.0783699 1.1966202 -0.11823682 234 88 12
1.065743 1.2009906 -0.11671921 234 88 12
1.0615212 1.2024324 -0.11619823 234 88 12
1.237182 1.1478423 -0.14710444 234 88 12
1.1770051 1.1664852 -0.13840336 234 88 12
1.1648455 1.1727808 -0.13840336 234 88 12
1.1235414 1.1792414 -0.12802574 234 88 12
1.0438304 1.2066208 -0.11836705 234 88 12
1.0396825 1.2088456 -0.11842074 234 88 12
1.0235143 1.2205402 -0.12073199 234 88 12
1.2324772 1.148571 -0.15135542 234 88 12
1.1965661 1.1546314 -0.14270237 234 88 12
1.1925129 1.1567298 -0.14270237 234 88 12
1.118153 1.1701397 -0.12537928 234 88 12
1.0721403 1.1894661 -0.12227492 234 88 12
1.0430511 1.204789 -0.12245605 234 88 12
1.0087217 1.2155163 -0.11759081 234 88 12
1.235788 1.1451497 -0.15560639 234 88 12
1.212074 1.1448759 -0.1470014 234 88 12
1.191808 1.1553683 -0.1470014 234 88 12
1.1877549 1.1574668 -0.1470014 234 88 12
1.112937 1.1652218 -0.12576154 234 88 12
1.0797371 1.1837611 -0.12668735 234 88 12
1.0711409 1.1853414 -0.12471958 234 88 12
1.0627999 1.1896598 -0.12471958 234 88 12
0.99796915 1.2087885 -0.11482216 234 88 12
1.2032627 1.1477114 -0.15130042 234 88 12
1.1911031 1.1540068 -0.15130042 234 88 12
1.1622454 1.1409674 -0.13225424 234 88 12
1.1290133 1.158173 -0.13225424 234 88 12
1.0870975 1.1753037 -0.129143 234 88 12
1.0370518 1.2012142 -0.129143 234 88 12
1.2349834 1.129562 -0.15559943 234 88 12
1.1864642 1.1219597 -0.13348414 234 88 12
1.1197295 1.1565107 -0.13348414 234 88 12
1.0655075 1.1845834 -0.13348414 234 88 12
1.0613366 1.1867429 -0.13348414 234 88 12
1.0487325 1.1924744 -0.13294739 234 88 12
1.0442815 1.1924427 -0.13136849 234 88 12
1.0009259 1.204972 -0.1246659 234 88 12
1.1482006 1.1399937 -0.13790801 234 88 12
1.1356878 1.146472 -0.13790801 234 88 12
1.1315169 1.1486315 -0.13790801 234 88 12
1.1106623 1.1594286 -0.13790801 234 88 12
1.1023204 1.1637474 -0.13790801 234 88 12
1.0898077 1.1702257 -0.13790801 234 88 12
1.0856367 1.1723852 -0.13790801 234 88 12
1.0222746 1.1993662 -0.13400012 234 88 12
1.2214141 1.1331345 -0.16419746 234 88 12
1.1682751 1.1232501 -0.13928512 234 88 12
1.109937 1.1580275 -0.1423319 234 88 12
1.1015952 1.1623465 -0.1423319 234 88 12
1.076154 1.1709447 -0.13928512 234 88 12
1.063592 1.1774485 -0.13928512 234 88 12
1.0463747 1.1823268 -0.13659659 234 88 12
1.037971 1.1866776 -0.13659659 234 88 12
1.2288156 1.127576 -0.16849647 234 88 12
1.2247623 1.1296746 -0.16849647 234 88 12
1.146724 1.1363562 -0.14619446 234 88 12
1.1175063 1.1514833 -0.14619446 234 88 12
1.0711793 1.1711137 -0.14331439 234 88 12
1.0410321 1.1798861 -0.13879339 234 88 12
1.0077885 1.2002505 -0.14087857 234 88 12
1.1542567 1.1269408 -0.14816767 234 88 12
1.150172 1.1327932 -0.15062156 234 88 12
1.1081961 1.1507882 -0.14816767 234 88 12
1.0956342 1.157292 -0.14816767 234 88 12
1.0781311 1.1578138 -0.14256059 234 88 12
1.0275167 1.1840187 -0.14256059 234 88 12
1.0106454 1.1927537 -0.14256059 234 88 12
1.0022097 1.1971211 -0.14256059 234 88 12
1.2349168 1.1336508 -0.18536322 234 88 12
1.1493411 1.1277022 -0.15260895 234 88 12
1.099049 1.1531155 -0.15220168 234 88 12
1.0310011 1.1804181 -0.14703426 234 88 12
1.0225654 1.1847856 -0.14703426 234 88 12
1.0099118 1.1913369 -0.14703426 234 88 12
1.0007262 1.1911922 -0.1438403 234 88 12
1.1318636 1.1349674 -0.15705024 234 88 12
1.1145464 1.1339959 -0.15062074 234 88 12
1.0126958 1.1831911 -0.14833252 234 88 12
1.2300491 1.1200316 -0.18569255 234 88 12
1.0641383 1.1682479 -0.16149151 234 88 12
1.2206531 1.3180465 -0.31869578 234 88 12
1.2188715 1.3154819 -0.32986826 234 88 12
1.2119968 1.3042108 -0.32519516 234 88 12
1.2101935 1.3018167 -0.33662382 234 88 12
1.2000231 1.3060654 -0.33601362 234 88 12
1.1933024 1.3025653 -0.33182529 234 88 12
1.1927068 1.3014151 -0.33545744 234 88 12
1.1892824 1.3031881 -0.33545744 234 88 12
1.1858579 1.3049611 -0.33545744 234 88 12
1.2152908 1.3111463 -0.3526099 234 88 12
1.1920387 1.3074983 -0.34334135 234 88 12
1.1818379 1.3055837 -0.3390896 234 88 12
1.2113891 1.3109473 -0.35569122 234 88 12
1.1880424 1.3091085 -0.34752667 234 88 12
1.217472 1.3071681 -0.35970426 234 88 12
1.2141277 1.3088995 -0.35970426 234 88 12
1.1941779 1.3098006 -0.35422018 234 88 12
1.1868613 1.3068272 -0.35473019 234 88 12
1.2096062 1.3088765 -0.36707634 234 88 12
1.179474 1.3074213 -0.35731038 234 88 12
1.1760653 1.3081388 -0.3567107 234 88 12
1.2022612 1.3150052 -0.37275177 234 88 12
1.1923116 1.3164068 -0.37062174 234 88 12
1.1856613 1.3098943 -0.36496642 234 88 12
1.208289 1.3123915 -0.37736836 234 88 12
1.2016432 1.3158324 -0.37736836 234 88 12
1.2104145 1.3098797 -0.38520437 234 88 12
1.2037929 1.3126652 -0.384848 234 88 12
1.197253 1.3095771 -0.38125789 234 88 12
1.1905676 1.3130383 -0.38125789 234 88 12
1.1737379 1.308334 -0.37381721 234 88 12
1.2131763 1.3063929 -0.38836965 234 88 12
1.209856 1.3081119 -0.38836965 234 88 12
1.1966716 1.3084543 -0.38480327 234 88 12
1.193329 1.310185 -0.38480327 234 88 12
1.2127323 1.3009765 -0.38958234 234 88 12
1.1960903 1.3073316 -0.38834867 234 88 12
1.189405 1.3107928 -0.38834867 234 88 12
1.2054826 1.3033096 -0.39311945 234 88 12
1.1888387 1.3074546 -0.39069942 234 88 12
1.1821375 1.3045474 -0.38724881 234 88 12
1.1719697 1.3049188 -0.38460109 234 88 12
1.1949565 1.3028601 -0.39425287 234 88 12
1.1910133 1.3046203 -0.39841607 234 88 12
1.1809652 1.3027958 -0.394676 234 88 12
1.1971197 1.3003172 -0.40211514 234 88 12
1.1736184 1.3029135 -0.39706299 234 88 12
1.1898905 1.2970674 -0.40274903 234 88 12
1.1797932 1.3006828 -0.401905 234 88 12
1.1764137 1.3008021 -0.40105161 234 88 12
1.1859424 1.2973087 -0.40612555 234 88 12
1.1740284 1.2917871 -0.41309637 234 88 12
1.1706376 1.2935427 -0.41309637 234 88 12
1.1602165 1.2875661 -0.40734243 234 88 12
1.1802256 1.2897074 -0.41798356 234 88 12
1.1734388 1.2906482 -0.41669285 234 88 12
1.1964965 1.2834225 -0.42335096 234 88 12
1.1553456 1.277747 -0.40993327 234 88 12
1.151884 1.2795391 -0.40993327 234 88 12
1.1925848 1.279748 -0.42482299 234 88 12
1.1652862 1.2805589 -0.41825512 234 88 12
1.1583962 1.2828149 -0.41760868 234 88 12
1.2053709 1.2786776 -0.43182909 234 88 12
1.1852463 1.2757155 -0.42528981 234 88 12
1.1612331 1.2798835 -0.42125097 234 88 12
1.1577443 1.2794169 -0.42014027 234 88 12
1.1402954 1.2825902 -0.4172762 234 88 12
1.1640699 1.276952 -0.42489323 234 88 12
1.157001 1.2724667 -0.42094767 234 88 12
1.153704 1.2800428 -0.42379069 234 88 12
1.2008412 1.2781599 -0.43895823 234 88 12
1.1974804 1.2798998 -0.43895823 234 88 12
1.1874596 1.2732551 -0.43327695 234 88 12
1.1737746 1.2704648 -0.42853549 234 88 12
1.1598606 1.2695117 -0.42461917 234 88 12
1.1936563 1.2697557 -0.43743464 234 88 12
1.1996722 1.275902 -0.44608733 234 88 12
1.1794429 1.2626443 -0.43489549 234 88 12
1.1725383 1.2637537 -0.43373278 234 88 12
1.1619444 1.256604 -0.42777419 234 88 12
1.1378874 1.2779392 -0.4319621 234 88 12
1.1344259 1.2797314 -0.4319621 234 88 12
1.1891663 1.2561446 -0.43854475 234 88 12
1.1788397 1.2600217 -0.43785796 234 88 12
1.1752777 1.2444357 -0.42971164 234 88 12
1.1613373 1.2554312 -0.43147737 234 88 12
1.1507488 1.2571352 -0.42971164 234 88 12
1.1920264 1.2513354 -0.44133118 234 88 12
1.1885794 1.2531199 -0.44133118 234 88 12
1.1418601 1.2413338 -0.42915124 234 88 12
1.0182263 1.5251603 0.16090414 234 88 12
1.0677452 1.6121302 0.20501065 234 88 12
0.99218428 1.4782711 0.092255607 234 88 12
1.0343928 1.4668418 0.13415202 234 88 12
1.0651078 1.4744068 0.16663548 234 88 12
1.0413864 1.549269 0.13374233 234 88 12
1.01493 1.4950246 0.082455888 234 88 12
0.99084759 1.4094541 0.047472455 234 88 12
1.1815963 1.623585 0.24844509 234 88 12
0.98844028 1.4149523 0.028586773 234 88 12
1.1835009 1.5737044 0.22575386 234 88 12
1.00624 1.1802542 0.00070434285 234 88 12
0.99342746 1.3390816 -0.0094677201 234 88 12
0.99915618 1.3768778 -0.015908925 234 88 12
1.0474479 1.3283536 0.025791816 234 88 12
1.0484691 1.1284475 0.0027054357 234 88 12
1.0359952 1.2089162 -0.016546028 234 88 12
1.0594546 1.1297921 -0.0030769166 234 88 12
1.0328186 1.3474679 -0.019679863 234 88 12
1.0664852 1.3290612 0.010826193 234 88 12
1.0126687 1.2552854 -0.050204683 234 88 12
0.99347353 1.2044436 -0.074888445 234 88 12
0.99467748 1.2258571 -0.087282538 234 88 12
1.1016229 1.1435999 0.0061504878 234 88 12
1.0007439 1.2114745 -0.099123158 234 88 12
1.0369985 1.1422514 -0.072512507 234 88 12
1.3859576 1.5896071 0.29550919 234 88 12
1.0035493 1.1952406 -0.11419623 234 88 12
1.0047688 1.1703652 -0.11593262 234 88 12
1.0284146 1.1713091 -0.093328439 234 88 12
1.1196866 1.1440734 -0.0096723996 234 88 12
1.3850129 1.5521251 0.2717717 234 88 12
1.3720846 1.528779 0.2568571 234 88 12
1.1228892 1.3420972 -0.00017595394 234 88 12
1.0365115 1.2617252 -0.091081634 234 88 12
1.01965 1.2384127 -0.10970865 234 88 12
1.012422 1.195519 -0.1214982 234 88 12
1.0543318 1.1296201 -0.089522056 234 88 12
1.3135723 1.6023163 0.19218545 234 88 12
1.0552948 1.1383989 -0.10346399 234 88 12
1.3034806 1.6179471 0.16682723 234 88 12
1.4249464 1.5195096 0.26880574 234 88 12
1.0380393 1.2264149 -0.12523377 234 88 12
1.0857352 1.1247813 -0.092374645 234 88 12
1.4617103 1.5514052 0.28823116 234 88 12
1.4434143 1.5096713 0.26656592 234 88 12
1.0456029 1.1874717 -0.13819495 234 88 12
1.0766596 1.1410139 -0.11470974 234 88 12
1.0864937 1.1335567 -0.10645112 234 88 12
1.0964949 1.1260983 -0.098038189 234 88 12
1.348806 1.6061285 0.17226361 234 88 12
1.2296091 1.3445916 0.033236448 234 88 12
1.0737394 1.1604155 -0.130803 234 88 12
1.5087187 1.5374434 0.2931231 234 88 12
1.3641372 1.2474648 0.12867345 234 88 12
1.5258981 1.526427 0.28920099 234 88 12
1.2615261 1.339003 0.028586673 234 88 12
1.1001461 1.2045161 -0.13272865 234 88 12
1.0920699 1.187014 -0.14199755 234 88 12
1.1011512 1.1664613 -0.13604191 234 88 12
1.1132014 1.1474057 -0.12722725 234 88 12
1.0817252 1.4209365 -0.14084269 234 88 12
1.0833151 1.4089813 -0.14072864 234 88 12
1.5616707 1.5418963 0.30491486 234 88 12
1.1787432 1.271414 -0.069921128 234 88 12
1.112013 1.2065067 -0.13720123 234 88 12
1.122426 1.1607913 -0.13286082 234 88 12
1.127896 1.1509013 -0.12902319 234 88 12
1.4079566 1.2466786 0.13386635 234 88 12
1.0897372 1.433476 -0.14760071 234 88 12
1.5719303 1.5111411 0.29243281 234 88 12
1.2101417 1.2846637 -0.056148421 234 88 12
1.1326946 1.2005963 -0.13466622 234 88 12
1.1356556 1.176405 -0.13466622 234 88 12
1.4034398 1.2537805 0.11345585 234 88 12
1.4132081 1.2446305 0.12119547 234 88 12
1.1030561 1.4235473 -0.15207049 234 88 12
1.1434153 1.2019086 -0.14030924 234 88 12
1.1580811 1.1582795 -0.13201945 234 88 12
1.3917222 1.2427821 0.084864385 234 88 12
1.117515 1.4534848 -0.15124027 234 88 12
1.3908669 1.5660154 0.10228527 234 88 12
1.1541359 1.2032208 -0.14595225 234 88 12
1.165869 1.1838759 -0.13768299 234 88 12
1.2410899 1.5446713 -0.048217345 234 88 12
1.1694925 1.207135 -0.14724997 234 88 12
1.2110677 1.191022 -0.112515 234 88 12
1.3406597 1.2203168 0.0042925905 234 88 12
1.495766 1.2152171 0.1397858 234 88 12
1.2309569 1.5315748 -0.074254595 234 88 12
1.3757089 1.206426 0.017184636 234 88 12
1.4283838 1.2054336 0.062970862 234 88 12
1.2362773 1.5561445 -0.08265996 234 88 12
1.279411 1.2322658 -0.079638675 234 88 12
1.3027488 1.2315317 -0.059519079 234 88 12
1.4409914 1.1932101 0.05606119 234 88 12
1.4870664 1.1733425 0.09383148 234 88 12
1.2694221 1.5179362 -0.073717125 234 88 12
1.3780802 1.1986099 -0.013906579 234 88 12
1.2470088 1.4971437 -0.1105953 234 88 12
1.0704802 1.2688336 -0.28521115 234 88 12
1.466123 1.1687547 0.042198058 234 88 12
1.5023788 1.143739 0.070544861 234 88 12
1.1479176 1.4647183 -0.21331826 234 88 12
1.281734 1.2460066 -0.12250867 234 88 12
1.472367 1.1535134 0.029605381 234 88 12
1.2712307 1.4878273 -0.12160854 234 88 12
1.3170991 1.5039659 -0.081290074 234 88 12
1.3208052 1.262792 -0.10304334 234 88 12
1.4931704 1.1312267 0.028640073 234 88 12
1.2539309 1.4708354 -0.15300588 234 88 12
1.2996063 1.4868991 -0.11312295 234 88 12
1.3684031 1.5172229 -0.052422859 234 88 12
1.451445 1.541572 0.019590393 234 88 12
1.47361 1.1319326 -0.0038284066 234 88 12
1.5104493 1.1071974 0.02447693 234 88 12
1.1869637 1.4476837 -0.22599767 234 88 12
1.1903954 1.4571691 -0.23664337 234 88 12
1.1989874 1.4499223 -0.23027788 234 88 12
1.246557 1.4547415 -0.19049083 234 88 12
1.4515218 1.5298938 -0.013559133 234 88 12
1.4656903 1.1064882 -0.044668704 234 88 12
1.5131779 1.0728947 -0.0088336831 234 88 12
1.2195117 1.4966018 -0.22313401 234 88 12
1.4781172 1.1220306 -0.048518434 234 88 12
1.251568 1.4468153 -0.21638174 234 88 12
1.2728288 1.4472631 -0.19900233 234 88 12
1.3639851 1.4778411 -0.12162773 234 88 12
1.2461269 1.4637568 -0.23354839 234 88 12
1.5335896 1.0294945 -0.043759409 234 88 12
1.5958278 1.0418636 0.0078794276 234 88 12
1.2686728 1.4857608 -0.22754447 234 88 12
1.2837199 1.4431791 -0.21963024 234 88 12
1.2963465 1.4380054 -0.20997931 234 88 12
1.4802071 1.5106252 -0.054875474 234 88 12
1.2499835 1.3577212 -0.25519469 234 88 12
1.2386649 1.2367215 -0.27622047 234 88 12
1.6723088 1.1422726 0.063426957 234 88 12
1.5490251 1.018796 -0.047940265 234 88 12
1.2648714 1.2976503 -0.26331514 234 88 12
1.2813888 1.2943326 -0.2504352 234 88 12
1.2828559 1.2823465 -0.2504352 234 88 12
1.6808069 1.127756 0.052573733 234 88 12
1.5567416 1.0323282 -0.055945896 234 88 12
1.2613795 1.3035647 -0.27958515 234 88 12
1.2307591 1.2233052 -0.31170645 234 88 12
1.3275476 1.4543403 -0.22676045 234 88 12
1.2594925 1.3737441 -0.28824252 234 88 12
1.184952 1.2915039 -0.35500067 234 88 12
1.2681717 1.3027061 -0.28825504 234 88 12
1.2776808 1.2954798 -0.28144991 234 88 12
1.1823903 1.3219951 -0.36751997 234 88 12
1.1677914 1.3009626 -0.38098222 234 88 12
1.1544734 1.2687545 -0.39451265 234 88 12
1.272329 1.3003457 -0.29909372 234 88 12
1.2882067 1.2967682 -0.2869904 234 88 12
1.3711532 1.4705997 -0.21968104 234 88 12
1.3726566 1.4583169 -0.21968104 234 88 12
1.1458588 1.2710307 -0.41416702 234 88 12
1.2589509 1.2504611 -0.32805037 234 88 12
1.3882222 1.4625106 -0.22151974 234 88 12
1.1544123 1.2834423 -0.41939071 234 88 12
1.2751166 1.2799984 -0.32632113 234 88 12
1.2243615 1.2267077 -0.37064022 234 88 12
1.4002235 1.4777484 -0.22510974 234 88 12
1.399128 1.4638454 -0.22726014 234 88 12
1.2317046 1.250883 -0.37600356 234 88 12
1.1934448 1.2805111 -0.42864525 234 88 12
1.2121381 1.2430482 -0.41793993 234 88 12
1.2081625 1.28451 -0.43003938 234 88 12
1.2678175 1.2087371 -0.39205641 234 88 12
1.2628435 1.2261624 -0.40726441 234 88 12
1.2476832 1.2983059 -0.42494199 234 88 12
1.247497 1.2497128 -0.42950705 234 88 12
1.2658324 1.2356563 -0.41714165 234 88 12
1.2615738 1.2653207 -0.43049386 234 88 12
1.2839422 1.2291106 -0.41723096 234 88 12
1.2983303 1.2124782 -0.40809709 234 88 12
1.2842793 1.3102731 -0.42255765 234 88 12
1.2733291 1.2675081 -0.43444821 234 88 12
1.3469123 1.2218192 -0.38449612 234 88 12
1.0670015 1.090802 0.020060347 234 88 12
1.0822295 1.1114514 0.0083849179 234 88 12
1.549108 1.1565636 0.10700718 234 88 12
1.108613 1.1194788 0.0025472029 234 88 12
1.4677315 1.2575295 0.17688137 234 88 12
1.502552 1.1599027 0.087452248 234 88 12
1.507718 1.147061 0.075757593 234 88 12
1.5381032 1.0729728 0.0083548287 234 88 12
1.5701249 1.0426395 -0.016945576 234 88 12
1.0952415 1.1278732 -0.007570405 234 88 12
1.1076593 1.1262062 -0.0077103758 234 88 12
1.4411829 1.2481611 0.14714067 234 88 12
1.4887336 1.149099 0.05843943 234 88 12
1.506294 1.1144999 0.027570019 234 88 12
1.5297143 1.0336596 -0.046606675 234 88 12
1.6103255 1.0511969 -0.020536998 234 88 12
1.6232907 1.0503788 -0.019805636 234 88 12
1.059124 1.1435307 -0.01339778 234 88 12
1.3294293 1.2613201 0.12915102 234 88 12
1.3946524 1.2517152 0.12761888 234 88 12
1.4541515 1.211571 0.096570663 234 88 12
1.4617586 1.1804582 0.068054579 234 88 12
1.4708592 1.1731782 0.062228754 234 88 12
1.1478398 1.1437603 -0.01936445 234 88 12
1.3039751 1.2511829 0.099373087 234 88 12
1.3247814 1.2626878 0.11255891 234 88 12
1.4164634 1.2505133 0.11166493 234 88 12
1.4407059 1.2002606 0.067292809 234 88 12
1.4920022 1.0738795 -0.045410033 234 88 12
1.5200919 1.0569471 -0.058072809 234 88 12
1.0779743 1.1199514 -0.065824196 234 88 12
1.0941312 1.1258491 -0.058484241 234 88 12
1.1873989 1.1515608 -0.023880737 234 88 12
1.3783764 1.2670246 0.1055198 234 88 12
1.469267 1.1482111 0.0051522548 234 88 12
1.0703728 1.1135473 -0.088566653 234 88 12
1.0947512 1.1105634 -0.088566653 234 88 12
1.0145807 1.1939299 -0.036707278 234 88 12
1.0716952 1.1243509 -0.094253302 234 88 12
1.0838844 1.122859 -0.094253302 234 88 12
1.1493436 1.1236374 -0.086170822 234 88 12
1.2325642 1.1778343 -0.026974728 234 88 12
1.3242471 1.2186519 0.020872455 234 88 12
1.3406243 1.2230302 0.026741086 234 88 12
1.3638811 1.2159992 0.02289385 234 88 12
1.4429433 1.1680058 -0.012335655 234 88 12
1.4561384 1.1673286 -0.011473299 234 88 12
1.1506705 1.1344786 -0.091877237 234 88 12
1.2289572 1.1802009 -0.041371416 234 88 12
1.3555511 1.2114639 0.0013293825 234 88 12
1.3933622 1.206231 0.00077693007 234 88 12
1.4040778 1.2015159 -0.0023312154 234 88 12
1.4443123 1.1791899 -0.01822263 234 88 12
1.107339 1.1347196 -0.11215694 234 88 12
1.1472428 1.1365788 -0.10604027 234 88 12
1.2303128 1.1912773 -0.047201645 234 88 12
1.354611 1.2189337 -0.0083149951 234 88 12
1.0500273 1.1572275 -0.11372051 234 88 12
1.1639549 1.1517391 -0.10610161 234 88 12
1.2039564 1.1766318 -0.079262674 234 88 12
1.3328685 1.2371285 -0.010540428 234 88 12
0.99251944 1.2075356 -0.09048152 234 88 12
0.99827647 1.1920645 -0.10369635 234 88 12
1.0247194 1.1663246 -0.12383518 234 88 12
1.1362851 1.1570283 -0.11993396 234 88 12
1.1484588 1.1555382 -0.11993396 234 88 12
1.162074 1.1566904 -0.11741153 234 88 12
1.2176555 1.1860727 -0.085028283 234 88 12
1.2580184 1.2103708 -0.058862098 234 88 12
1.3766363 1.2506478 -0.0098239817 234 88 12
1.0111314 1.3748521 0.044663582 234 88 12
1.0138848 1.1785836 -0.12950495 234 88 12
1.0381908 1.1756085 -0.12950495 234 88 12
1.107538 1.1598456 -0.13597186 234 88 12
1.1633961 1.167492 -0.12309717 234 88 12
1.3095254 1.2384323 -0.044137049 234 88 12
1.0085407 1.5076586 0.1451602 234 88 12
1.0017364 1.457973 0.1005535 234 88 12
0.99234957 1.3406892 -0.0040199771 234 88 12
1.0058413 1.3405508 -0.0026840756 234 88 12
1.1003003 1.1789923 -0.13512795 234 88 12
1.1940001 1.1841928 -0.12040931 234 88 12
0.98670655 1.4641595 0.087532803 234 88 12
1.0286747 1.198639 -0.14084449 234 88 12
1.0529808 1.195664 -0.14084449 234 88 12
0.982544 1.4964339 0.098489679 234 88 12
1.0664523 1.2049479 -0.14651425 234 88 12
1.1673625 1.1998969 -0.14015406 234 88 12
0.99109232 1.4580544 0.049418129 234 88 12
0.99188894 1.3954219 -0.0047017862 234 88 12
1.0473875 1.3673717 -0.023098463 234 88 12
1.074203 1.3666307 -0.020899191 234 88 12
1.3022881 1.2611636 -0.088013232 234 88 12
1.314785 1.2596339 -0.088013232 234 88 12
1.117 1.2445551 -0.137283 234 88 12
1.178318 1.2370498 -0.137283 234 88 12
1.2154154 1.2815589 -0.09511593 234 88 12
1.242242 1.2578125 -0.11270738 234 88 12
1.3036438 1.2722399 -0.093843453 234 88 12
1.3286377 1.2691807 -0.093843453 234 88 12
1.2726167 1.618701 0.18335249 234 88 12
1.2042801 1.2941579 -0.10094296 234 88 12
1.222105 1.3025461 -0.091916397 234 88 12
1.2495613 1.2324098 -0.14894138 234 88 12
1.2488581 1.6402655 0.18193713 234 88 12
1.274922 1.6327138 0.17823718 234 88 12
1.2939109 1.6113206 0.16206062 234 88 12
1.3810776 1.5801145 0.14463866 234 88 12
1.2508882 1.243251 -0.1546478 234 88 12
1.2644467 1.2525949 -0.16035421 234 88 12
1.4215461 1.5657791 0.10300618 234 88 12
1.2984868 1.2979456 -0.13381901 234 88 12
1.2985483 1.3066761 -0.14162208 234 88 12
1.1115563 1.4068741 -0.12321272 234 88 12
1.3694402 1.5609818 0.028172795 234 88 12
1.0720599 1.4159304 -0.1348425 234 88 12
1.2911417 1.5842597 0.023223449 234 88 12
1.361231 1.5549499 0.0064314855 234 88 12
1.3864814 1.5490946 0.0041920869 234 88 12
1.0954665 1.417407 -0.14630076 234 88 12
1.1079382 1.4157516 -0.14640446 234 88 12
1.1205249 1.4143399 -0.14630076 234 88 12
1.3748215 1.536966 -0.02257785 234 88 12
1.3881454 1.535553 -0.022402495 234 88 12
1.3977058 1.5273865 -0.028032353 234 88 12
1.0742046 1.4369224 -0.14763586 234 88 12
1.07033 1.2646672 -0.28572169 234 88 12
1.0851126 1.2693197 -0.28055581 234 88 12
1.3091611 1.5280341 -0.051807579 234 88 12
1.2384578 1.2052928 -0.31673625 234 88 12
1.2733171 1.2010261 -0.31673625 234 88 12
1.1364954 1.4365238 -0.15672354 234 88 12
1.2553819 1.311896 -0.24414796 234 88 12
1.2593848 1.2958905 -0.25647071 234 88 12
1.2397183 1.2155917 -0.32215723 234 88 12
1.5151267 1.5294437 -0.046117637 234 88 12
1.2264712 1.5188159 -0.097849041 234 88 12
1.2460157 1.5033484 -0.10816602 234 88 12
1.2695982 1.2995346 -0.26670593 234 88 12
1.2731471 1.4854733 -0.1346183 234 88 12
1.3076183 1.4738871 -0.14039327 234 88 12
1.2084259 1.5270213 -0.1232812 234 88 12
1.2435001 1.2464881 -0.33842012 234 88 12
1.3393772 1.2192693 -0.35047892 234 88 12
1.3964642 1.2926915 -0.28785494 234 88 12
1.2395475 1.4634681 -0.18441395 234 88 12
1.2516412 1.4611278 -0.18507944 234 88 12
1.212002 1.3115199 -0.30459362 234 88 12
1.2565367 1.3006073 -0.30881953 234 88 12
1.2447606 1.2567869 -0.34384111 234 88 12
1.2512354 1.2028625 -0.38495231 234 88 12
1.2008051 1.4739879 -0.19446261 234 88 12
1.2233081 1.4660418 -0.19845371 234 88 12
1.3237892 1.2095643 -0.38616365 234 88 12
1.1874505 1.45533 -0.22436811 234 88 12
1.2167284 1.4613683 -0.2170193 234 88 12
1.3250272 1.2196796 -0.39148799 234 88 12
1.1484848 1.4640356 -0.23557691 234 88 12
1.1613842 1.4637203 -0.23461816 234 88 12
1.187498 1.4636587 -0.23223948 234 88 12
1.2163128 1.4688537 -0.22562104 234 88 12
1.2385352 1.4608791 -0.22960834 234 88 12
1.1712061 1.3053734 -0.3538633 234 88 12
1.2056031 1.2768999 -0.37227494 234 88 12
1.21157 1.2427233 -0.39765477 234 88 12
1.2207732 1.2373292 -0.40089312 234 88 12
1.2414466 1.2307888 -0.40393606 234 88 12
1.275564 1.2266128 -0.40393606 234 88 12
1.2869365 1.2252209 -0.40393606 234 88 12
1.3212945 1.221449 -0.40360704 234 88 12
1.3632663 1.1904682 -0.42321774 234 88 12
1.1888368 1.4745969 -0.23799701 234 88 12
1.2187359 1.4819794 -0.22967206 234 88 12
1.1985244 1.2489064 -0.40725636 234 88 12
1.3222876 1.2311246 -0.40924165 234 88 12
1.1946064 1.2494245 -0.42020926 234 88 12
1.2197701 1.2511791 -0.41658786 234 88 12
1.2406449 1.2450864 -0.41923773 234 88 12
1.2884219 1.2436786 -0.41591185 234 88 12
1.1628883 1.2656937 -0.42387366 234 88 12
1.3771687 1.2370818 -0.42564794 234 88 12
1.4512346 1.2768173 -0.38932854 234 88 12
1.1341046 1.287886 -0.42291343 234 88 12
1.2780185 1.2625697 -0.42860824 234 88 12
1.356462 1.2511398 -0.42996025 234 88 12
1.3044777 1.2742271 -0.43046403 234 88 12
1.3803829 1.258418 -0.43525308 234 88 12
1.4217997 1.4444579 0.24388386 234 88 12
1.37477 1.430883 0.21593572 234 88 12
1.2824512 1.3457822 0.040727872 234 88 12
1.239062 1.344514 0.038117189 234 88 12
1.2202133 1.3469887 0.043211956 234 88 12
1.206387 1.3433567 0.035734434 234 88 12
1.1947739 1.3421469 0.033243675 234 88 12
1.080951 1.3316063 0.011542339 234 88 12
1.3150679 1.3361934 0.042733449 234 88 12
1.2492284 1.2900194 -0.053082209 234 88 12
1.1737781 1.3316854 0.033378858 234 88 12
1.2845175 1.2743633 -0.064499117 234 88 12
1.2479817 1.2785445 -0.055753451 234 88 12
1.2174189 1.2785445 -0.055753451 234 88 12
1.1843052 1.3211583 0.033378858 234 88 12
1.1633849 1.3213104 0.033697147 234 88 12
1.0655169 1.3174618 0.025647182 234 88 12
1.2851386 1.2549 -0.08412645 234 88 12
1.257687 1.2678707 -0.056778651 234 88 12
1.0585308 1.2491667 -0.096214749 234 88 12
1.0414288 1.2407453 -0.11397073 234 88 12
1.0314544 1.2407351 -0.11399243 234 88 12
1.2111936 1.2517356 -0.069428422 234 88 12
1.1361969 1.2363023 -0.10223196 234 88 12
1.0959451 1.236066 -0.1027343 234 88 12
1.0759279 1.236066 -0.1027343 234 88 12
1.0634971 1.2332571 -0.10870454 234 88 12
1.1211554 1.2208136 -0.11397073 234 88 12
1.0910214 1.2205491 -0.11453769 234 88 12
1.0808378 1.2203008 -0.11506961 234 88 12
1.0171677 1.2156395 -0.1250584 234 88 12
0.99923176 1.2302099 -0.093835808 234 88 12
1.234741 1.2246615 -0.08412645 234 88 12
1.1689367 1.2087303 -0.11854551 234 88 12
1.1287501 1.2083095 -0.1194546 234 88 12
1.1188052 1.2083095 -0.1194546 234 88 12
1.2209688 1.2010347 -0.11363814 234 88 12
0.99961156 1.1985393 -0.11907432 234 88 12
0.99248713 1.2141594 -0.085046984 234 88 12
1.2083919 1.1983638 -0.097610928 234 88 12
1.138695 1.1884197 -0.1194546 234 88 12
1.0840185 1.1830157 -0.13132547 234 88 12
1.000465 1.1896076 -0.11684511 234 88 12
1.1486399 1.1784748 -0.1194546 234 88 12
1.0840185 1.173116 -0.13132547 234 88 12
1.0741189 1.173116 -0.13132547 234 88 12
1.0640851 1.1729683 -0.13165258 234 88 12
1.0337504 1.1722432 -0.13325857 234 88 12
1.0238581 1.1722432 -0.13325857 234 88 12
1.1709485 1.1709485 -0.11405108 234 88 12
1.0139657 1.1623509 -0.13325857 234 88 12
1.3712765 1.2520351 0.11553433 234 88 12
1.2785563 1.205496 0.0097634979 234 88 12
1.1287501 1.1486399 -0.1194546 234 88 12
1.0418392 1.1515064 -0.11293981 234 88 12
1.1829747 1.1626661 -0.064499117 234 88 12
1.1390916 1.1390916 -0.11854551 234 88 12
1.1291431 1.1390916 -0.11854551 234 88 12
1.1291431 1.1291431 -0.11854551 234 88 12
1.0891631 1.1289498 -0.11899278 234 88 12
1.0461019 1.1361969 -0.10223196 234 88 12
1.0360914 1.1361969 -0.10223196 234 88 12
1.0264173 1.1365693 -0.10137055 234 88 12
1.1496899 1.1395605 -0.071025588 234 88 12
1.1191947 1.1191947 -0.11854551 234 88 12
1.0860637 1.1268549 -0.053082209 234 88 12
1.0712775 1.122049 -0.064499117 234 88 12
1.0611233 1.122049 -0.064499117 234 88 12
1.0936952 1.1245035 -0.034272414 234 88 12
1.0552511 1.1273171 -0.027527552 234 88 12
1.0618298 1.1136264 -0.010679703 234 88 12
