ply
format ascii 1.0
element vertex 5334
property float x
property float y
property float z
property uchar red
property uchar green
property uchar blue
end_header
-0.277235 -0.55911946 1.7271855 234 88 12
-0.27260929 -0.55094075 1.7223467 234 88 12
-0.25387016 -0.59247035 1.7480307 234 88 12
-0.2732189 -0.55205727 1.7190272 234 88 12
0.34480381 0.52144092 1.7632701 234 88 12
0.33767939 0.5260691 1.7539893 234 88 12
0.34099931 0.52647549 1.7522417 234 88 12
0.36313108 0.52441961 1.7518809 234 88 12
0.39852569 0.50801182 1.7740166 234 88 12
0.35348246 0.53022736 1.7404021 234 88 12
0.42605609 0.49826857 1.7908311 234 88 12
0.39608234 0.51414961 1.768423 234 88 12
0.36354208 0.51893216 1.7384255 234 88 12
0.39251146 0.51395071 1.7612463 234 88 12
0.35814831 0.5318895 1.7353613 234 88 12
0.36434022 0.52038133 1.7347283 234 88 12
0.36861312 0.5221777 1.7383674 234 88 12
0.61007667 0.42433465 1.9242508 234 88 12
0.36875734 0.5292182 1.7391822 234 88 12
0.36767736 0.5207898 1.7329718 234 88 12
0.46083987 0.49181122 1.8060385 234 88 12
0.3730655 0.52390856 1.7331707 234 88 12
0.38871035 0.52613151 1.7417786 234 88 12
0.4915829 0.48038533 1.818182 234 88 12
0.39187887 0.52136707 1.7349228 234 88 12
0.3832919 0.52858245 1.7284735 234 88 12
0.42898563 0.51066989 1.7605383 234 88 12
0.41266081 0.521173 1.7478646 234 88 12
0.3881641 0.52304286 1.7228054 234 88 12
0.44387409 0.50596201 1.7682917 234 88 12
-0.75873059 1.187611 1.0857359 234 88 12
-0.76139551 1.1849073 1.0857359 234 88 12
-0.76384407 1.1869524 1.083882 234 88 12
-0.76896065 1.1814991 1.0835539 234 88 12
-0.74973261 1.2082782 1.0851685 234 88 12
-0.77840924 1.1751941 1.0801359 234 88 12
-0.75165558 1.2196203 1.0945128 234 88 12
-0.75688714 1.2143128 1.0945128 234 88 12
-0.78809947 1.1791005 1.0900028 234 88 12
-0.78570247 1.1717178 1.0775206 234 88 12
-0.76449001 1.2202989 1.104581 234 88 12
-0.74834365 1.2143416 1.0759302 234 88 12
-0.7629056 1.2043183 1.0820228 234 88 12
-0.76308817 1.2246658 1.1009526 234 88 12
-0.74763972 1.2189742 1.0733179 234 88 12
-0.75030267 1.2162726 1.0733179 234 88 12
-0.75296563 1.213571 1.0733179 234 88 12
-0.78767842 1.2013828 1.103106 234 88 12
-0.78345811 1.1972718 1.0922502 234 88 12
-0.79196763 1.1829132 1.0848446 234 88 12
-0.78695893 1.1782888 1.0722901 234 88 12
-0.7924946 1.1729341 1.0726281 234 88 12
-0.7949841 1.1701821 1.0723355 234 88 12
-0.80560064 1.1593496 1.0722556 234 88 12
-0.81681216 1.1487093 1.0732055 234 88 12
-0.81947547 1.1460073 1.0732055 234 88 12
-0.82213879 1.1433053 1.0732055 234 88 12
-0.82504696 1.1406885 1.0736372 234 88 12
-0.83373827 1.1328473 1.0749002 234 88 12
-0.76240569 1.2291571 1.0984199 234 88 12
-0.7852599 1.2298292 1.1295438 234 88 12
-0.79273164 1.2222489 1.1295438 234 88 12
-0.81684458 1.223699 1.1633483 234 88 12
-0.77526635 1.2098057 1.0901966 234 88 12
-0.78179985 1.2079499 1.0964227 234 88 12
-0.77911955 1.1945349 1.0753753 234 88 12
-0.79127264 1.1874869 1.0822655 234 88 12
-0.83513254 1.1345686 1.0712804 234 88 12
-0.86412758 1.1047424 1.0707461 234 88 12
-0.86945325 1.0993394 1.0707461 234 88 12
-0.7323333 1.2447067 1.071207 234 88 12
-0.77215236 1.2381405 1.115718 234 88 12
-0.77720004 1.2330195 1.115718 234 88 12
-0.81540883 1.2333684 1.1671777 234 88 12
-0.76597971 1.2221373 1.086424 234 88 12
-0.82185543 1.2260224 1.1661175 234 88 12
-0.8052429 1.2140896 1.128244 234 88 12
-0.77312064 1.2045194 1.0727764 234 88 12
-0.79424459 1.2025483 1.0983791 234 88 12
-0.80174136 1.2010239 1.1063802 234 88 12
-0.80556434 1.1792091 1.0827821 234 88 12
-0.81423855 1.1646099 1.0751528 234 88 12
-0.82117039 1.1597573 1.078021 234 88 12
-0.82380438 1.1570851 1.078021 234 88 12
-0.85623407 1.1178137 1.06964 234 88 12
-0.8588925 1.1151167 1.06964 234 88 12
-0.87623656 1.099597 1.072372 234 88 12
-0.76783907 1.2506871 1.1191562 234 88 12
-0.73693949 1.2439387 1.0686036 234 88 12
-0.73959339 1.2412462 1.0686036 234 88 12
-0.78547543 1.2444342 1.1346016 234 88 12
-0.78793705 1.2419368 1.1346016 234 88 12
-0.79286027 1.2369421 1.1346016 234 88 12
-0.80643499 1.2361881 1.1518757 234 88 12
-0.83347309 1.2350183 1.1867229 234 88 12
-0.85842931 1.236593 1.2224092 234 88 12
-0.80510867 1.2214938 1.130592 234 88 12
-0.77740639 1.2132636 1.0823774 234 88 12
-0.77934873 1.2040894 1.0728186 234 88 12
-0.78463191 1.1987294 1.0728186 234 88 12
-0.80128747 1.1991912 1.0958536 234 88 12
-0.84544843 1.2031807 1.160598 234 88 12
-0.82567966 1.1953933 1.1236514 234 88 12
-0.8330062 1.194064 1.1317507 234 88 12
-0.8505072 1.1953847 1.1570636 234 88 12
-0.80542982 1.1772 1.0722492 234 88 12
-0.82687497 1.1730269 1.0955819 234 88 12
-0.82945025 1.1704142 1.0955819 234 88 12
-0.83460081 1.1651888 1.0955819 234 88 12
-0.83418852 1.1475934 1.0716789 234 88 12
-0.8241874 1.2537606 1.1923841 234 88 12
-0.94451153 1.2651392 1.3709885 234 88 12
-0.81155562 1.2440021 1.1621724 234 88 12
-0.84789073 1.246647 1.2150481 234 88 12
-0.91901487 1.2550122 1.3228155 234 88 12
-0.91598809 1.2522898 1.3150624 234 88 12
-0.77932918 1.2151588 1.0798134 234 88 12
-0.80575591 1.198446 1.093328 234 88 12
-0.8185358 1.198217 1.1103741 234 88 12
-0.82106078 1.1956553 1.1103741 234 88 12
-0.84848469 1.1606014 1.1006961 234 88 12
-0.84889632 1.1322221 1.0632738 234 88 12
-0.86268651 1.1189225 1.0641986 234 88 12
-0.87738323 1.1060823 1.0669693 234 88 12
-0.89146197 1.0890024 1.0632266 234 88 12
-0.76902044 1.2568653 1.1142384 234 88 12
-0.82129622 1.2600586 1.1901408 234 88 12
-0.81657994 1.2542545 1.1758469 234 88 12
-0.82123619 1.2495304 1.1758469 234 88 12
-0.7746439 1.2343376 1.0915302 234 88 12
-0.76029336 1.2290767 1.0647757 234 88 12
-0.76294327 1.2263883 1.0647757 234 88 12
-0.79931664 1.2293481 1.1185843 234 88 12
-0.82483506 1.2308003 1.1554921 234 88 12
-0.81346387 1.2259225 1.1333349 234 88 12
-0.79040378 1.2187389 1.0920571 234 88 12
-0.79297465 1.2161307 1.0920571 234 88 12
-0.84232992 1.2081076 1.148819 234 88 12
-0.91706651 1.2223598 1.2704096 234 88 12
-0.84954917 1.2007834 1.148819 234 88 12
-0.80909824 1.1876594 1.0757055 234 88 12
-0.8253898 1.1752782 1.0813038 234 88 12
-0.83366919 1.1675013 1.0821445 234 88 12
-0.84714425 1.157964 1.0877244 234 88 12
-0.84972763 1.1553429 1.0877244 234 88 12
-0.89891183 1.0856205 1.0609655 234 88 12
-0.77086437 1.2586828 1.1117795 234 88 12
-0.81363636 1.2606665 1.1735631 234 88 12
-0.89918208 1.2680776 1.3018216 234 88 12
-0.81143004 1.2240728 1.1206913 234 88 12
-0.97520262 1.2517141 1.3845521 234 88 12
-0.99623287 1.2517179 1.4136074 234 88 12
-0.81615651 1.2067765 1.1036704 234 88 12
-0.79962391 1.199977 1.0715754 234 88 12
-0.87817556 1.2061155 1.18844 234 88 12
-0.92883414 1.2160288 1.2719142 234 88 12
-0.91417426 1.2096252 1.2429452 234 88 12
-0.81979835 1.1716418 1.0608635 234 88 12
-0.85719532 1.1692393 1.1092503 234 88 12
-0.87667435 1.1721066 1.1400615 234 88 12
-0.90719199 1.1788155 1.1913513 234 88 12
-0.91657215 1.1788745 1.2043889 234 88 12
-0.84164351 1.1467025 1.0570831 234 88 12
-0.90116459 1.1641991 1.1631246 234 88 12
-0.91857576 1.1672662 1.1913513 234 88 12
-0.85918498 1.1421272 1.0750842 234 88 12
-0.8629815 1.1325864 1.0673383 234 88 12
-0.86040109 1.1278216 1.0572864 234 88 12
-0.86306512 1.1251189 1.0572864 234 88 12
-0.87788832 1.116148 1.0655482 234 88 12
-0.8770628 1.1119101 1.0586376 234 88 12
-0.89185387 1.09513 1.0562222 234 88 12
-0.90115291 1.0877002 1.0589515 234 88 12
-0.90619117 1.0821508 1.0583552 234 88 12
-0.92116499 1.0863303 1.0847298 234 88 12
-0.89670694 1.2734693 1.2999011 234 88 12
-0.82233346 1.2552687 1.1712793 234 88 12
-0.81062382 1.2483333 1.1454393 234 88 12
-0.80513978 1.2447886 1.1329302 234 88 12
-0.77842861 1.2380681 1.0864832 234 88 12
-0.79799801 1.2380254 1.1136911 234 88 12
-0.77520573 1.2315396 1.0730269 234 88 12
-0.77781689 1.2288905 1.0730269 234 88 12
-0.79178953 1.2094793 1.0658368 234 88 12
-1.0037392 1.2502155 1.4170955 234 88 12
-0.84116405 1.1983366 1.1193284 234 88 12
-0.82715464 1.1916984 1.0906922 234 88 12
-0.82146758 1.1803043 1.0671201 234 88 12
-0.82705784 1.1681815 1.0582603 234 88 12
-0.89654243 1.1826786 1.1749842 234 88 12
-0.94242549 1.1941276 1.2546375 234 88 12
-0.92621881 1.1860851 1.2210112 234 88 12
-0.85588175 1.1493226 1.0725213 234 88 12
-0.8913666 1.1305283 1.0961517 234 88 12
-0.92098063 1.1396126 1.1498895 234 88 12
-0.89127815 1.1038243 1.0593544 234 88 12
-0.9001047 1.2729027 1.2979808 234 88 12
-0.90206236 1.2709166 1.2979808 234 88 12
-0.82171798 1.2593188 1.1689954 234 88 12
-0.85184664 1.2603458 1.212762 234 88 12
-0.8069337 1.2465569 1.130538 234 88 12
-0.77712661 1.233433 1.0704653 234 88 12
-0.79549134 1.2272772 1.0877482 234 88 12
-0.81756097 1.2251536 1.115824 234 88 12
-0.93507093 1.2322741 1.2908407 234 88 12
-0.80082792 1.1999449 1.0573851 234 88 12
-0.80612534 1.1945704 1.0573851 234 88 12
-0.96608114 1.2298162 1.3310188 234 88 12
-0.84431159 1.1973342 1.1148821 234 88 12
-0.96980667 1.2260365 1.3310188 234 88 12
-0.85091728 1.1895498 1.1133822 234 88 12
-0.84413391 1.1844919 1.0968418 234 88 12
-0.85996705 1.1824324 1.1162415 234 88 12
-0.87975085 1.1849941 1.1475949 234 88 12
-0.95551801 1.2046022 1.281244 234 88 12
-0.92311108 1.1919966 1.2182357 234 88 12
-0.95381939 1.1960192 1.2669667 234 88 12
-0.96477753 1.1914417 1.2760265 234 88 12
-0.98064709 1.194242 1.3022094 234 88 12
-0.90275127 1.1537426 1.1366279 234 88 12
-0.88098818 1.1382887 1.0846331 234 88 12
-0.90990323 1.1393788 1.1267815 234 88 12
-0.89578301 1.1297919 1.0936556 234 88 12
-0.90747005 1.0928214 1.0588658 234 88 12
-0.95707399 1.1152812 1.1596947 234 88 12
-0.92007649 1.0748175 1.0516429 234 88 12
-0.92614067 1.0698539 1.0532894 234 88 12
-0.94747847 1.2751359 1.3623172 234 88 12
-0.83488524 1.2597312 1.181168 234 88 12
-0.81972861 1.2525382 1.1496291 234 88 12
-0.80872762 1.2483251 1.1281457 234 88 12
-0.80946261 1.2370201 1.1133902 234 88 12
-0.79481417 1.2317333 1.0852355 234 88 12
-0.81938601 1.2269526 1.1133902 234 88 12
-0.85185772 1.2299625 1.1636314 234 88 12
-0.85419464 1.2275915 1.1636314 234 88 12
-1.0038266 1.2521015 1.4100142 234 88 12
-0.87745929 1.2210827 1.1875182 234 88 12
-0.81269538 1.2040459 1.0718957 234 88 12
-0.82827336 1.2043408 1.0943928 234 88 12
-0.89222956 1.2075646 1.189568 234 88 12
-0.84540009 1.1894138 1.0978144 234 88 12
-0.83400226 1.1797289 1.0681221 234 88 12
-0.86427087 1.1817148 1.1138089 234 88 12
-0.99853796 1.2160629 1.3521568 234 88 12
-1.024186 1.2216705 1.3963538 234 88 12
-1.0036823 1.2129108 1.355045 234 88 12
-0.97624177 1.201574 1.3003008 234 88 12
-0.94762421 1.1894227 1.2427499 234 88 12
-0.89709181 1.1661035 1.1385242 234 88 12
-0.87225312 1.1539823 1.0863726 234 88 12
-0.87847704 1.1527164 1.0934273 234 88 12
-0.94102967 1.1723677 1.2095683 234 88 12
-0.87942189 1.1200254 1.0490848 234 88 12
-0.9343043 1.0669379 1.052708 234 88 12
-0.76145703 1.2496822 1.0550064 234 88 12
-0.83419925 1.2395475 1.1447495 234 88 12
-0.91848117 1.2360638 1.2603706 234 88 12
-0.83520895 1.2010349 1.0919057 234 88 12
-0.82486498 1.1820072 1.0502909 234 88 12
-0.83356202 1.177575 1.0564809 234 88 12
-0.89305395 1.1912791 1.1608779 234 88 12
-0.90564048 1.1919295 1.1797948 234 88 12
-0.89773047 1.1865345 1.1608779 234 88 12
-1.0371554 1.2265084 1.4166176 234 88 12
-1.0306729 1.2223207 1.401444 234 88 12
-1.0158817 1.215332 1.3704396 234 88 12
-0.97578961 1.1997459 1.2911335 234 88 12
-0.88807857 1.1674651 1.1201943 234 88 12
-0.89395535 1.1661561 1.1267536 234 88 12
-0.9382413 1.1784416 1.2074049 234 88 12
-0.90976751 1.1651543 1.1479545 234 88 12
-0.9514274 1.1771946 1.2245045 234 88 12
-0.87218231 1.1444353 1.0649979 234 88 12
-0.88219959 1.1446242 1.0795901 234 88 12
-0.90263224 1.1490059 1.1149871 234 88 12
-0.89160788 1.1374922 1.0829914 234 88 12
-0.89683563 1.1054748 1.0453357 234 88 12
-0.93162876 1.0872632 1.0694221 234 88 12
-0.94756079 1.0883347 1.0937169 234 88 12
-0.94729 1.0714804 1.0695716 234 88 12
-0.7633996 1.2515969 1.052416 234 88 12
-0.7770099 1.244323 1.0617076 234 88 12
-0.9573462 1.2644041 1.350426 234 88 12
-0.93694443 1.2547863 1.3073169 234 88 12
-0.83871508 1.2361029 1.1390382 234 88 12
-0.86193597 1.2289838 1.1624146 234 88 12
-0.80840212 1.206077 1.0526105 234 88 12
-0.82171971 1.202541 1.0667952 234 88 12
-0.81977952 1.1922369 1.0493437 234 88 12
-0.85260677 1.1775951 1.075882 234 88 12
-0.85775441 1.1723727 1.075882 234 88 12
-0.84631622 1.1653709 1.0494242 234 88 12
-0.88433319 1.1740193 1.1165675 234 88 12
-0.9008649 1.1761388 1.1434309 234 88 12
-0.9261812 1.178347 1.1830937 234 88 12
-0.96260446 1.1851472 1.2453098 234 88 12
-0.92142391 1.1573966 1.1464393 234 88 12
-0.89702708 1.144366 1.092714 234 88 12
-0.9388597 1.1577207 1.1720542 234 88 12
-0.89009875 1.1191199 1.0468191 234 88 12
-0.90879923 1.112234 1.064006 234 88 12
-0.92322725 1.1076669 1.0783261 234 88 12
-0.94068879 1.1128021 1.1108193 234 88 12
-0.91317046 1.0944196 1.0449802 234 88 12
-0.91852885 1.0890377 1.0450575 234 88 12
-0.9211905 1.0863373 1.0450575 234 88 12
-0.93286383 1.0846136 1.0594469 234 88 12
-0.93676955 1.0698928 1.0441489 234 88 12
-0.78677565 1.2382621 1.0591432 234 88 12
-0.98278862 1.2591914 1.3744363 234 88 12
-0.91534108 1.2452946 1.2563405 234 88 12
-0.91944927 1.2411267 1.2563405 234 88 12
-0.96583164 1.2453821 1.3299481 234 88 12
-0.82094806 1.2038255 1.059477 234 88 12
-0.84516531 1.1934217 1.0797975 234 88 12
-0.84253615 1.1894685 1.0703003 234 88 12
-0.85192639 1.1820728 1.0733571 234 88 12
-0.86222166 1.1716278 1.0733571 234 88 12
-0.8813836 1.1742893 1.1050627 234 88 12
-0.88386738 1.1717694 1.1050627 234 88 12
-0.86754215 1.1487439 1.0482732 234 88 12
-0.8728323 1.1433768 1.0482732 234 88 12
-0.89465696 1.1481025 1.086815 234 88 12
-0.95237994 1.1672932 1.198352 234 88 12
-0.88186234 1.132006 1.0451038 234 88 12
-0.88451642 1.1293133 1.0451038 234 88 12
-0.89251244 1.1212505 1.0451746 234 88 12
-0.9090845 1.1094043 1.0522995 234 88 12
-0.90599585 1.1038793 1.0398788 234 88 12
-0.93321532 1.0771195 1.0411057 234 88 12
-0.95419985 1.0685971 1.0594203 234 88 12
-0.80386376 1.221014 1.0511401 234 88 12
-0.8064934 1.2183461 1.0511401 234 88 12
-0.83849043 1.2153698 1.0938115 234 88 12
-0.88132167 1.2214814 1.1655415 234 88 12
-0.89399856 1.2100692 1.1676384 234 88 12
-0.86207896 1.176267 1.0718558 234 88 12
-0.92310369 1.188664 1.179394 234 88 12
-0.917629 1.1838684 1.1644161 234 88 12
-0.96359009 1.1903017 1.2412069 234 88 12
-0.94739372 1.1817347 1.2050291 234 88 12
-0.90457618 1.1459893 1.0904336 234 88 12
-0.90709448 1.1434344 1.0904336 234 88 12
-0.95021701 1.1577948 1.1745291 234 88 12
-0.97784245 1.1662543 1.2273315 234 88 12
-0.94444758 1.1486896 1.1528814 234 88 12
-0.94678903 1.1463141 1.1528814 234 88 12
-0.97671294 1.1563778 1.2113802 234 88 12
-0.90575469 1.1166577 1.0497159 234 88 12
-0.92498934 1.1064243 1.0631471 234 88 12
-1.0017712 1.1427361 1.2284293 234 88 12
-0.9631747 1.0835142 1.0860564 234 88 12
-0.94767445 1.0694106 1.042888 234 88 12
-0.96401304 1.0713371 1.0696647 234 88 12
-0.83097249 1.2214384 1.0836853 234 88 12
-0.94537646 1.2411945 1.281988 234 88 12
-0.8975001 1.2289447 1.1931872 234 88 12
-0.84595525 1.2059894 1.0833225 234 88 12
-0.84848666 1.2034212 1.0833225 234 88 12
-0.8725214 1.1968138 1.1092767 234 88 12
-0.8531394 1.1884166 1.0683074 234 88 12
-0.88888872 1.1918868 1.126327 234 88 12
-0.86366564 1.1813992 1.0736538 234 88 12
-0.91932744 1.1855426 1.1621512 234 88 12
-0.94929904 1.1922507 1.2163401 234 88 12
-1.0229232 1.2115946 1.3536366 234 88 12
-0.8764317 1.1543667 1.0530957 234 88 12
-0.90466017 1.1471123 1.0843171 234 88 12
-0.98129922 1.1716255 1.2336267 234 88 12
-1.1011823 1.2192593 1.4807471 234 88 12
-1.1025912 1.2178299 1.4807471 234 88 12
-0.90562242 1.117602 1.0426571 234 88 12
-0.93483651 1.108466 1.0725914 234 88 12
-0.95357621 1.0781651 1.0561097 234 88 12
-0.96479291 1.0636854 1.0515838 234 88 12
-0.96460515 1.0590702 1.0445673 234 88 12
-0.97875935 1.0601075 1.0670475 234 88 12
-0.81972742 1.2176313 1.053306 234 88 12
-0.84035873 1.2093018 1.0718682 234 88 12
-0.82380015 1.2023526 1.0368869 234 88 12
-0.82645535 1.1996588 1.0368869 234 88 12
-0.93475103 1.219746 1.2283126 234 88 12
-0.87187159 1.20109 1.1068653 234 88 12
-0.90718973 1.2071633 1.1685908 234 88 12
-0.86638254 1.193319 1.0872157 234 88 12
-0.85276061 1.1761258 1.0415337 234 88 12
-0.85804486 1.1707648 1.0415337 234 88 12
-0.97789198 1.1998765 1.2635151 234 88 12
-0.87339175 1.161665 1.0510644 234 88 12
-0.91157752 1.143815 1.0818366 234 88 12
-0.96281326 1.1617129 1.1847668 234 88 12
-0.90502197 1.1337057 1.0571491 234 88 12
-0.91850877 1.1089596 1.0408528 234 88 12
-1.0163614 1.1388423 1.2311013 234 88 12
-0.94057524 1.0922145 1.0491637 234 88 12
-0.96455705 1.1019804 1.0993874 234 88 12
-0.94801295 1.0753795 1.0354807 234 88 12
-0.9612661 1.0663437 1.0419767 234 88 12
-0.97893488 1.0562153 1.0534621 234 88 12
-0.81092995 1.2331394 1.0548241 234 88 12
-0.80429113 1.2289356 1.0385673 234 88 12
-0.82810414 1.2299734 1.0760134 234 88 12
-0.80957747 1.2235725 1.0385673 234 88 12
-0.87747622 1.2331355 1.1551528 234 88 12
-0.89907372 1.2150716 1.1608708 234 88 12
-0.84568495 1.1925251 1.0468675 234 88 12
-0.84830481 1.1898673 1.0468675 234 88 12
-0.86487156 1.1877058 1.0686337 234 88 12
-0.88852191 1.1911317 1.1093835 234 88 12
-0.94640934 1.1963363 1.2043973 234 88 12
-0.97735882 1.2033851 1.2615366 234 88 12
-0.87766498 1.1608164 1.0479617 234 88 12
-0.96290594 1.181335 1.2069761 234 88 12
-0.9580552 1.176493 1.1924666 234 88 12
-0.98363042 1.1832263 1.2410339 234 88 12
-1.0816529 1.2187722 1.4416519 234 88 12
-0.91969633 1.1517352 1.0978379 234 88 12
-0.93742466 1.1554624 1.1301067 234 88 12
-0.9243899 1.1283081 1.0700988 234 88 12
-0.9171564 1.1092311 1.0308417 234 88 12
-0.91982126 1.1065274 1.0308417 234 88 12
-0.9359082 1.0945529 1.0373006 234 88 12
-1.0247458 1.1409216 1.2401546 234 88 12
-1.0024666 1.1246959 1.1824499 234 88 12
-0.96886003 1.1012629 1.0969554 234 88 12
-0.9892233 1.1094992 1.1398981 234 88 12
-0.97686642 1.0597632 1.0473527 234 88 12
-0.82235724 1.2395384 1.0735238 234 88 12
-0.80623555 1.2308522 1.0359744 234 88 12
-0.86418748 1.2291636 1.1216011 234 88 12
-0.8665908 1.2267255 1.1216011 234 88 12
-0.84976977 1.220383 1.0865023 234 88 12
-0.86290514 1.2200711 1.1060166 234 88 12
-0.86679691 1.2087551 1.0949693 234 88 12
-0.84237254 1.1997408 1.0442975 234 88 12
-0.98251432 1.2312288 1.3047009 234 88 12
-0.87670857 1.1986994 1.0949693 234 88 12
-0.892012 1.1996318 1.1196476 234 88 12
-0.87592405 1.1888343 1.0789837 234 88 12
-0.89765275 1.1854646 1.1069857 234 88 12
-0.9480111 1.1979151 1.2022613 234 88 12
-0.90474921 1.1779481 1.1065105 234 88 12
-0.91161156 1.1635817 1.0954083 234 88 12
-1.0128279 1.1979439 1.3009064 234 88 12
-0.89439166 1.1464344 1.0435013 234 88 12
-0.89701372 1.1437742 1.0435013 234 88 12
-0.91828501 1.1187201 1.0382929 234 88 12
-0.93067229 1.1008294 1.0303108 234 88 12
-0.93333131 1.0981317 1.0303108 234 88 12
-1.0060353 1.1238611 1.1794907 234 88 12
-0.97564214 1.0980302 1.0945234 234 88 12
-0.95724374 1.0738401 1.0302635 234 88 12
-0.95990288 1.0711423 1.0302635 234 88 12
-0.96256208 1.0684445 1.0302635 234 88 12
-0.97308993 1.0575752 1.029981 234 88 12
-0.97574991 1.0548766 1.029981 234 88 12
-0.98192668 1.0501264 1.0322548 234 88 12
-0.99123108 1.0525451 1.0500357 234 88 12
-0.99030727 1.0471452 1.0405337 234 88 12
-0.99620521 1.0423236 1.042276 234 88 12
-0.90620577 1.2563345 1.2194945 234 88 12
-0.80502212 1.238456 1.0371385 234 88 12
-0.83641255 1.2373942 1.0837134 234 88 12
-0.83437628 1.2310792 1.0710341 234 88 12
-0.8369143 1.2285043 1.0710341 234 88 12
-0.84660685 1.227273 1.0840483 234 88 12
-0.83359486 1.2154243 1.0461502 234 88 12
-0.82700485 1.2108223 1.0290728 234 88 12
-0.90467978 1.2189225 1.1605512 234 88 12
-1.0064564 1.2381338 1.3458334 234 88 12
-0.86768907 1.2009009 1.076509 234 88 12
-0.86249417 1.1930597 1.0566722 234 88 12
-0.85680997 1.1813619 1.0302498 234 88 12
-0.86211383 1.175981 1.0302498 234 88 12
-0.8996464 1.1840627 1.1000856 234 88 12
-0.9263491 1.1892385 1.1489022 234 88 12
-0.93321365 1.1852671 1.1534302 234 88 12
-0.89911246 1.1671534 1.0736837 234 88 12
-0.90417361 1.1620185 1.0736837 234 88 12
-0.92800575 1.1606053 1.1081256 234 88 12
-0.91734564 1.1421335 1.0638171 234 88 12
-0.90420943 1.1327893 1.0295173 234 88 12
-0.90686339 1.1300967 1.0295173 234 88 12
-0.94573647 1.1400501 1.1042423 234 88 12
-0.93981129 1.1145785 1.0566115 234 88 12
-0.93387669 1.1034241 1.0306268 234 88 12
-0.94772136 1.0903232 1.0320566 234 88 12
-1.0364859 1.1357342 1.2370045 234 88 12
-0.97166646 1.0880097 1.0653101 234 88 12
-0.97422045 1.0854187 1.0653101 234 88 12
-0.97932839 1.0802364 1.0653101 234 88 12
-1.0162348 1.1009374 1.1532764 234 88 12
-0.99202496 1.0802921 1.0848823 234 88 12
-0.97591799 1.060127 1.0296516 234 88 12
-0.99663955 1.0381725 1.0282419 234 88 12
-1.0046121 1.0300839 1.0282419 234 88 12
-1.0088675 1.0287962 1.0328254 234 88 12
-1.0171647 1.015909 1.0260633 234 88 12
-0.87036419 1.2443726 1.1388723 234 88 12
-0.87270623 1.2419964 1.1388723 234 88 12
-0.87739038 1.2372442 1.1388723 234 88 12
-0.92263049 1.2427952 1.2174115 234 88 12
-0.83290559 1.2199605 1.0435923 234 88 12
-0.86052001 1.2224022 1.0900873 234 88 12
-0.84594309 1.2067335 1.0435923 234 88 12
-0.87609577 1.1915121 1.0670549 234 88 12
-0.88626432 1.1811957 1.0670549 234 88 12
-0.90546912 1.1772639 1.0907959 234 88 12
-0.94671804 1.1847328 1.1660817 234 88 12
-0.93216991 1.1732639 1.1260427 234 88 12
-0.93454772 1.1708516 1.1260427 234 88 12
-0.90846562 1.1577287 1.0656154 234 88 12
-0.95286703 1.1680105 1.1500773 234 88 12
-0.91207331 1.1446992 1.0513127 234 88 12
-0.93707299 1.1479287 1.0949608 234 88 12
-0.94753534 1.1418232 1.1018437 234 88 12
-0.94658071 1.0946749 1.0283911 234 88 12
-0.9921388 1.109418 1.121455 234 88 12
-1.0519599 1.1424685 1.2645555 234 88 12
-1.0119789 1.1140412 1.1592396 234 88 12
-1.0017011 1.0997167 1.121455 234 88 12
-1.0001358 1.0946633 1.1113163 234 88 12
-1.0064824 1.0948659 1.121455 234 88 12
-1.058993 1.1269561 1.2517676 234 88 12
-1.0073923 1.0873013 1.1113163 234 88 12
-1.0650756 1.1207851 1.2517676 234 88 12
-0.98980051 1.0475476 1.0233852 234 88 12
-1.00361 1.0442204 1.0396935 234 88 12
-1.0045121 1.0352196 1.0273503 234 88 12
-1.018015 1.0321152 1.0435241 234 88 12
-1.0194063 1.0181067 1.0242939 234 88 12
-1.0323614 1.0042454 1.0231982 234 88 12
-0.80626285 1.2449449 1.0319732 234 88 12
-0.87788785 1.2214285 1.107682 234 88 12
-0.87696457 1.2121487 1.0919447 234 88 12
-1.0051898 1.2397738 1.3348819 234 88 12
-0.86113107 1.2020297 1.051614 234 88 12
-0.93215317 1.2139292 1.1809336 234 88 12
-0.93437195 1.2116781 1.1809336 234 88 12
-0.94698018 1.1979527 1.1794951 234 88 12
-0.93806595 1.1921533 1.1566311 234 88 12
-0.96112609 1.1877364 1.1858647 234 88 12
-0.94295412 1.1717625 1.1328608 234 88 12
-0.95062554 1.1581272 1.1238462 234 88 12
-0.94277316 1.1442538 1.0902048 234 88 12
-0.93303913 1.1362293 1.0626322 234 88 12
-0.94829071 1.1358414 1.085869 234 88 12
-0.93408626 1.1214124 1.0414453 234 88 12
-0.94228226 1.1136755 1.0423357 234 88 12
-0.94697124 1.112138 1.0472955 234 88 12
-0.96174151 1.0959142 1.0453871 234 88 12
-0.96210086 1.0919293 1.0398105 234 88 12
-0.96732265 1.0866317 1.0398105 234 88 12
-1.0556818 1.1286107 1.2425572 234 88 12
-1.0210969 1.0973974 1.1404299 234 88 12
-1.0682733 1.1269715 1.2597096 234 88 12
-0.99696928 1.062801 1.0494332 234 88 12
-1.0047218 1.0549358 1.0494332 234 88 12
-1.0243959 1.0380033 1.0540971 234 88 12
-1.034301 1.0420794 1.0758549 234 88 12
-1.0410068 1.0022173 1.0249323 234 88 12
-0.83442783 1.2504549 1.0763485 234 88 12
-0.81083226 1.2441829 1.0293907 234 88 12
-0.8761521 1.2453929 1.1342772 234 88 12
-0.86998051 1.2330152 1.1053057 234 88 12
-0.82755435 1.2219859 1.0212586 234 88 12
-0.8998549 1.2158382 1.1257168 234 88 12
-0.86302769 1.2038991 1.0490849 234 88 12
-0.9315666 1.2177892 1.178757 234 88 12
-0.93378538 1.215538 1.178757 234 88 12
-0.8943063 1.2022719 1.0958803 234 88 12
-0.89000249 1.1848817 1.0620631 234 88 12
-0.90533549 1.1728743 1.0675786 234 88 12
-0.90786231 1.1703107 1.0675786 234 88 12
-0.97165734 1.1894757 1.1979688 234 88 12
-0.9671585 1.1848609 1.1837015 234 88 12
-0.9845373 1.1823226 1.2071615 234 88 12
-0.94995993 1.1448418 1.0943766 234 88 12
-0.95315415 1.1240685 1.0671248 234 88 12
-0.94883424 1.1099728 1.0384029 234 88 12
-0.94696158 1.1048713 1.0275202 234 88 12
-1.0528986 1.147378 1.2606474 234 88 12
-0.9752115 1.0793459 1.0323935 234 88 12
-0.98607129 1.0734431 1.0403438 234 88 12
-0.99127597 1.0681628 1.0403438 234 88 12
-1.0194743 1.0843803 1.1100186 234 88 12
-1.0055679 1.0696985 1.0652683 234 88 12
-1.1226621 1.151636 1.3772789 234 88 12
-1.0671833 1.1047264 1.2168781 234 88 12
-1.0765074 1.1046176 1.2314126 234 88 12
-1.0311265 1.0489945 1.0733919 234 88 12
-1.0175539 1.0320497 1.0256503 234 88 12
-1.0436803 1.0362582 1.0733919 234 88 12
-1.0418094 1.0294297 1.0598276 234 88 12
-1.0446192 1.0219449 1.0526246 234 88 12
-0.8962521 1.2392249 1.1488851 234 88 12
-0.8781268 1.2182269 1.0871063 234 88 12
-1.0060339 1.2441883 1.3313679 234 88 12
-0.89187264 1.186725 1.0595692 234 88 12
-0.90643305 1.1845291 1.079295 234 88 12
-0.97496867 1.1886878 1.1948799 234 88 12
-0.98183143 1.1882169 1.2050622 234 88 12
-0.91897398 1.1508046 1.0463544 234 88 12
-1.010758 1.1848516 1.245815 234 88 12
-1.0264248 1.1857172 1.2721034 234 88 12
-0.91962051 1.1361063 1.0243286 234 88 12
-0.97481805 1.1569281 1.1448246 234 88 12
-0.93546253 1.1239995 1.0305487 234 88 12
-0.97833455 1.1228536 1.0969743 234 88 12
-0.96136463 1.0929664 1.0230913 234 88 12
-1.0502319 1.1430537 1.2430698 234 88 12
-0.9934926 1.1043408 1.0920578 234 88 12
-0.97976643 1.0785863 1.029819 234 88 12
-1.0481322 1.1208798 1.2049483 234 88 12
-1.0660255 1.1190557 1.2305613 234 88 12
-1.0645114 1.1105466 1.2148051 234 88 12
-1.0500565 1.0955441 1.1682711 234 88 12
-1.074028 1.1066703 1.2238688 234 88 12
-1.0590235 1.0864466 1.1682711 234 88 12
-1.0612653 1.0841722 1.1682711 234 88 12
-1.0327135 1.0205588 1.0230576 234 88 12
-1.0445287 1.0218035 1.0438116 234 88 12
-1.0631149 1.0202612 1.0709689 234 88 12
-1.0322845 1.2759868 1.4179267 234 88 12
-0.97107261 1.265097 1.3023913 234 88 12
-0.97480482 1.2613105 1.3023913 234 88 12
-0.92675513 1.2511077 1.2090801 234 88 12
-0.93639475 1.2502508 1.2232038 234 88 12
-0.88081145 1.2291554 1.1005532 234 88 12
-0.87276763 1.2245613 1.0803639 234 88 12
-0.90806717 1.2144687 1.1210752 234 88 12
-1.013481 1.2356715 1.3239175 234 88 12
-0.88611835 1.1963062 1.0570797 234 88 12
-0.94744015 1.2072983 1.1729535 234 88 12
-0.89374274 1.1885684 1.0570755 234 88 12
-0.89628494 1.1859893 1.0570755 234 88 12
-1.0126736 1.1977406 1.2625813 234 88 12
-0.91571361 1.1579068 1.0438248 234 88 12
-0.91829228 1.1552906 1.0438248 234 88 12
-0.91164017 1.1489859 1.0231628 234 88 12
-1.0183321 1.1801509 1.2438262 234 88 12
-1.0457758 1.1893939 1.3025275 234 88 12
-0.94829339 1.1194754 1.0353122 234 88 12
-0.99440962 1.1395881 1.1412046 234 88 12
-1.0011034 1.1287726 1.1348345 234 88 12
-0.95567173 1.0988907 1.0145781 234 88 12
-0.9972614 1.1190581 1.113288 234 88 12
-0.98152715 1.101703 1.0605501 234 88 12
-1.003693 1.1073958 1.1051565 234 88 12
-1.010922 1.1000618 1.1051565 234 88 12
-1.0566641 1.1236073 1.2158818 234 88 12
-1.044098 1.1110901 1.1758893 234 88 12
-1.0576795 1.1056966 1.1891623 234 88 12
-1.0461037 1.0928289 1.1502053 234 88 12
-1.0295883 1.0756767 1.096534 234 88 12
-1.0325316 1.0736175 1.0980012 234 88 12
-1.0297292 1.0623097 1.0756024 234 88 12
-1.0410918 1.0128905 1.0156255 234 88 12
-1.0464046 1.0075004 1.0156255 234 88 12
-1.0501539 1.0059929 1.0192599 234 88 12
-1.0597583 1.0110033 1.0426142 234 88 12
-1.0396138 1.2708281 1.4164083 234 88 12
-1.0325955 1.2678062 1.4002069 234 88 12
-0.90421993 1.2378963 1.1443818 234 88 12
-0.90041918 1.2343811 1.1326071 234 88 12
-0.90507454 1.229658 1.1326071 234 88 12
-1.0086691 1.2467858 1.3278538 234 88 12
-1.048449 1.2496362 1.3968748 234 88 12
-0.88386935 1.2067575 1.0616606 234 88 12
-0.94090104 1.2181137 1.172227 234 88 12
-0.93765134 1.2115389 1.1564583 234 88 12
-0.90557688 1.1997366 1.0856249 234 88 12
-0.95129818 1.206655 1.1707729 234 88 12
-0.92004371 1.1780415 1.0744144 234 88 12
-0.91761065 1.1597766 1.0412952 234 88 12
-1.041862 1.2043976 1.3139361 234 88 12
-0.91885024 1.1455492 1.0205773 234 88 12
-0.96138877 1.1384015 1.0780983 234 88 12
-1.018615 1.1562712 1.1993848 234 88 12
-0.96776092 1.1265056 1.0694227 234 88 12
-0.97951895 1.0884508 1.0276895 234 88 12
-1.0093626 1.0954571 1.0872463 234 88 12
-1.0534219 1.1218123 1.2007489 234 88 12
-1.0596259 1.1151385 1.2001427 234 88 12
-1.0476182 1.1024091 1.1603488 234 88 12
-1.043064 1.0949543 1.14106 234 88 12
-1.0354307 1.0806335 1.1058135 234 88 12
-1.0697998 1.0999113 1.1923069 234 88 12
-1.0160205 1.04632 1.0195451 234 88 12
-1.0235831 1.047888 1.0343059 234 88 12
-1.0344207 1.0377587 1.035689 234 88 12
-1.0459878 1.0178484 1.0226301 234 88 12
-1.0720778 1.0397919 1.0999643 234 88 12
-1.1939924 1.1621735 1.4930321 234 88 12
-1.1792893 1.1398816 1.4335954 234 88 12
-1.1533495 1.1068848 1.3388481 234 88 12
-1.048201 1.2422106 1.3791286 234 88 12
-1.043198 1.2387197 1.3653182 234 88 12
-1.059862 1.2412256 1.3966129 234 88 12
-0.90519041 1.1878941 1.0576633 234 88 12
-0.91441083 1.1874167 1.071974 234 88 12
-0.9076516 1.1819386 1.0520879 234 88 12
-0.89768022 1.1752626 1.0250165 234 88 12
-0.95160669 1.1802911 1.1213225 234 88 12
-1.0175564 1.1986014 1.2587049 234 88 12
-1.0111777 1.1933761 1.2398483 234 88 12
-0.93381864 1.1600227 1.0595545 234 88 12
-0.93634033 1.1574644 1.0595545 234 88 12
-1.065596 1.2046458 1.3470201 234 88 12
-1.0038408 1.1724635 1.1941351 234 88 12
-1.0809765 1.1939155 1.3548775 234 88 12
-0.94830775 1.1252856 1.0272518 234 88 12
-0.98768055 1.1302965 1.0997261 234 88 12
-0.98987412 1.1277299 1.0991763 234 88 12
-0.96248555 1.1085644 1.0234838 234 88 12
-0.95883423 1.1023182 1.0074424 234 88 12
-0.96149874 1.0996149 1.0074424 234 88 12
-1.0072383 1.1108903 1.1004288 234 88 12
-1.0371516 1.1186702 1.1618955 234 88 12
-1.0189872 1.1025442 1.1061898 234 88 12
-1.021381 1.1001155 1.1061898 234 88 12
-1.0677077 1.1250721 1.2221922 234 88 12
-1.0470229 1.1063259 1.1581402 234 88 12
-1.0040662 1.0657618 1.0224885 234 88 12
-1.0419425 1.0497334 1.0585973 234 88 12
-1.0486324 1.0461582 1.0637754 234 88 12
-1.0469376 1.0345051 1.0422175 234 88 12
-1.0622171 1.0395604 1.0753576 234 88 12
-1.1568092 1.1320029 1.3790954 234 88 12
-1.2003244 1.1577168 1.4917204 234 88 12
-1.2016616 1.1563603 1.4917204 234 88 12
-0.97050774 1.2059755 1.1863718 234 88 12
-0.90483761 1.1718509 1.02245 234 88 12
-0.98110896 1.1919167 1.1809971 234 88 12
-1.0563029 1.2163959 1.3449464 234 88 12
-1.0190099 1.200034 1.2567667 234 88 12
-0.91482121 1.1573931 1.0154064 234 88 12
-0.93567371 1.1618512 1.0570806 234 88 12
-0.9407171 1.1567346 1.0570806 234 88 12
-0.94794673 1.145226 1.0502899 234 88 12
-0.95048702 1.1426488 1.0502899 234 88 12
-1.022102 1.1722298 1.2166324 234 88 12
-0.98455721 1.1255944 1.0787808 234 88 12
-0.97654581 1.1132263 1.0454333 234 88 12
-0.96783566 1.1040903 1.0161911 234 88 12
-0.99062991 1.113364 1.0689056 234 88 12
-0.98440868 1.1014158 1.0391965 234 88 12
-1.0251002 1.0640345 1.0455449 234 88 12
-1.0531589 1.0826085 1.1220809 234 88 12
-1.0597656 1.0795034 1.1279346 234 88 12
-1.0625348 1.0730962 1.1220809 234 88 12
-1.0530263 1.059948 1.084993 234 88 12
-1.0554718 1.0574671 1.084993 234 88 12
-1.0937651 1.0845493 1.1922667 234 88 12
-1.1846564 1.1663026 1.4753139 234 88 12
-1.1629605 1.1415364 1.3992058 234 88 12
-1.2013081 1.1586864 1.4904088 234 88 12
-0.90414602 1.1764024 1.0198834 234 88 12
-1.1193906 1.2437623 1.489097 234 88 12
-1.1207277 1.2424058 1.489097 234 88 12
-1.0027026 1.1799537 1.1899114 234 88 12
-0.98747343 1.1671021 1.1434352 234 88 12
-0.93494463 1.1404693 1.0121871 234 88 12
-0.99431199 1.1601641 1.1434352 234 88 12
-0.99659151 1.1578515 1.1434352 234 88 12
-1.0036706 1.1475538 1.1383188 234 88 12
-0.95990264 1.1170417 1.015296 234 88 12
-0.97331721 1.1202592 1.0429283 234 88 12
-0.98616153 1.1233959 1.069478 234 88 12
-0.97547853 1.1093032 1.028538 234 88 12
-1.1517991 1.2026306 1.4755462 234 88 12
-1.1390303 1.1922146 1.4371688 234 88 12
-1.040449 1.1219203 1.1574985 234 88 12
-1.0332962 1.0971833 1.1049604 234 88 12
-1.0171285 1.0719703 1.0366213 234 88 12
-1.0544941 1.088277 1.1256508 234 88 12
-1.0437058 1.0750437 1.0859464 234 88 12
-1.0617484 1.0725566 1.1119214 234 88 12
-1.1129568 1.1069051 1.2536399 234 88 12
-1.1667453 1.1515616 1.4165845 234 88 12
-1.1810827 1.1627389 1.4588255 234 88 12
-0.96422791 1.1816393 1.120646 234 88 12
-1.0440699 1.2085059 1.2994337 234 88 12
-1.0497849 1.2081218 1.3084072 234 88 12
-1.0676885 1.2101761 1.3419178 234 88 12
-1.0042863 1.1815147 1.1877995 234 88 12
-0.94660372 1.1540643 1.045306 234 88 12
-0.93424749 1.1450573 1.0095999 234 88 12
-1.0418422 1.1829311 1.2532989 234 88 12
-0.98494393 1.1496965 1.1025374 234 88 12
-0.99329269 1.1466503 1.1115273 234 88 12
-0.98190099 1.133455 1.0705012 234 88 12
-1.1540496 1.1975397 1.4661936 234 88 12
-1.0465801 1.1189979 1.1552999 234 88 12
-1.0072324 1.0741297 1.0147684 234 88 12
-1.0164489 1.0764425 1.0340996 234 88 12
-1.0190196 1.0738344 1.0340996 234 88 12
-1.045498 1.0768102 1.0835565 234 88 12
-1.0264871 1.0562518 1.0175141 234 88 12
-1.0317187 1.0509441 1.0175141 234 88 12
-1.0650262 1.0756421 1.1144578 234 88 12
-1.1218699 1.1190718 1.2820256 234 88 12
-1.1188427 1.1086829 1.2597162 234 88 12
-1.144094 1.1294483 1.3365947 234 88 12
-1.1524934 1.1342908 1.3587449 234 88 12
-1.2153094 1.1484165 1.4877853 234 88 12
-1.021606 1.1981326 1.2375858 234 88 12
-0.95013553 1.1417063 1.021881 234 88 12
-0.98431355 1.153845 1.1001981 234 88 12
-0.97249997 1.1333045 1.0457838 234 88 12
-0.96409798 1.1250566 1.0177246 234 88 12
-0.97756439 1.1281664 1.0457838 234 88 12
-0.99861312 1.1162535 1.0615796 234 88 12
-1.0248824 1.1127366 1.1002823 234 88 12
-1.0320356 1.1054795 1.1002823 234 88 12
-1.0368044 1.1006413 1.1002823 234 88 12
-1.0573477 1.0868934 1.1121503 234 88 12
-1.0284114 1.0581485 1.0149481 234 88 12
-1.033643 1.0528408 1.0149481 234 88 12
-1.1124536 1.118045 1.257796 234 88 12
-1.1361111 1.1252787 1.3100517 234 88 12
-1.1925495 1.1714213 1.4830383 234 88 12
-1.1303642 1.2385316 1.485162 234 88 12
-1.0248408 1.1917228 1.2253301 234 88 12
-1.0737069 1.2091725 1.3385162 234 88 12
-1.0388235 1.191805 1.2494246 234 88 12
-0.94685197 1.148859 1.0193334 234 88 12
-0.96080017 1.1322403 1.0151659 234 88 12
-0.96340847 1.1295941 1.0151659 234 88 12
-0.9819594 1.1274335 1.0432997 234 88 12
-0.97860783 1.1175737 1.0209076 234 88 12
-0.97811091 1.108994 1.0055677 234 88 12
-1.0004444 1.1180586 1.0591376 234 88 12
-1.1282569 1.1785507 1.3802629 234 88 12
-1.0187728 1.074476 1.0169412 234 88 12
-1.0671173 1.1075432 1.1556067 234 88 12
-1.0842112 1.117108 1.2010446 234 88 12
-1.0326133 1.07144 1.0355262 234 88 12
-1.0303357 1.0600452 1.012382 234 88 12
-1.1158507 1.1174785 1.2558761 234 88 12
-1.117808 1.1154927 1.2558761 234 88 12
-1.131184 1.1242523 1.2935846 234 88 12
-1.1395998 1.1286591 1.3154445 234 88 12
-1.1644559 1.1493567 1.3929808 234 88 12
-1.1549768 1.1367388 1.3554331 234 88 12
-1.1945457 1.173417 1.485162 234 88 12
-0.95135951 1.1481074 1.0167857 234 88 12
-0.95873964 1.1361157 1.0091076 234 88 12
-0.98168653 1.1076399 1.0002517 234 88 12
-1.1543385 1.2034082 1.4620857 234 88 12
-1.0712699 1.1477053 1.2234739 234 88 12
-1.1487741 1.1950992 1.4382989 234 88 12
-1.0792735 1.1461902 1.2347326 234 88 12
-1.0207505 1.1028999 1.0597291 234 88 12
-1.0072381 1.08927 1.0131269 234 88 12
-1.0899713 1.1143624 1.198979 234 88 12
-1.1192478 1.116912 1.2539561 234 88 12
-1.1479522 1.1332512 1.3314499 234 88 12
-1.1595947 1.1345377 1.3537772 234 88 12
-1.1229717 1.2499666 1.4825386 234 88 12
-1.1309943 1.2418272 1.4825386 234 88 12
-1.0292218 1.183419 1.2043571 234 88 12
-1.047653 1.1886585 1.2455503 234 88 12
-0.98315281 1.1336747 1.0383316 234 88 12
-0.98909533 1.1127886 1.0127655 234 88 12
-1.1587505 1.2109809 1.4779155 234 88 12
-1.0350974 1.1211604 1.1074815 234 88 12
-1.0282038 1.1126214 1.0807531 234 88 12
-1.0028467 1.0867872 0.99203002 234 88 12
-1.0331846 1.0678241 1.0123626 234 88 12
-1.1017275 1.1128738 1.2095447 234 88 12
-1.1032544 1.110288 1.2077608 234 88 12
-1.1131115 1.1152281 1.2334698 234 88 12
-1.0751798 1.0763329 1.1003191 234 88 12
-1.1312698 1.1207491 1.2746711 234 88 12
-1.1731358 1.1452194 1.3898683 234 88 12
-1.1919831 1.1621248 1.4518622 234 88 12
-1.2018615 1.1699299 1.4825386 234 88 12
-1.2138956 1.1577209 1.4825386 234 88 12
-1.2152326 1.1563643 1.4825386 234 88 12
-1.1306409 1.2441534 1.4812269 234 88 12
-1.0256826 1.1764717 1.1786745 234 88 12
-0.99371517 1.158342 1.0908409 234 88 12
-0.99463183 1.1367077 1.0548743 234 88 12
-0.99008 1.1303729 1.0358475 234 88 12
-1.002162 1.1330963 1.061872 234 88 12
-1.1556947 1.216067 1.4765917 234 88 12
-1.0730774 1.1464874 1.210116 234 88 12
-1.0145216 1.0998002 1.0258142 234 88 12
-1.1648493 1.1432198 1.3661792 234 88 12
-1.1603535 1.1316792 1.3382081 234 88 12
-1.1828406 1.1522208 1.4135233 234 88 12
-1.1733516 1.1386399 1.3732077 234 88 12
-1.1449957 1.2315574 1.4799153 234 88 12
-1.00135 1.1593132 1.0976355 234 88 12
-0.96713454 1.1391542 1.0014037 234 88 12
-1.0014801 1.1486049 1.079087 234 88 12
-1.1489056 1.2212874 1.4688609 234 88 12
-1.0058508 1.1434776 1.0778716 234 88 12
-0.98437083 1.1281168 1.0127144 234 88 12
-1.1490511 1.2035964 1.4380939 234 88 12
-1.0269253 1.1210345 1.076009 234 88 12
-1.0049307 1.1027192 1.0047545 234 88 12
-1.0138451 1.1042521 1.0233037 234 88 12
-1.2158629 1.15966 1.4799153 234 88 12
-1.1316838 1.2239453 1.4377297 234 88 12
-1.1363866 1.2240169 1.4463042 234 88 12
-1.1380928 1.2139469 1.4315392 234 88 12
-1.1155423 1.1917377 1.3517078 234 88 12
-1.1522229 1.2105144 1.450844 234 88 12
-1.135685 1.1983641 1.3996233 234 88 12
-1.1424384 1.1999667 1.4145923 234 88 12
-0.99802464 1.1076598 0.99174088 234 88 12
-1.0170114 1.1153647 1.0394894 234 88 12
-1.1378936 1.2143391 1.4265964 234 88 12
-1.1246493 1.2049636 1.3858157 234 88 12
-0.99080008 1.1251926 1.0004586 234 88 12
-1.131748 1.2293386 1.4370624 234 88 12
-1.1290348 1.2260228 1.4261091 234 88 12
-0.97813541 1.1395311 0.99366766 234 88 12
-1.1443424 1.215989 1.4360299 234 88 12
-0.98860663 1.1289077 0.99366766 234 88 12
-1.1336563 1.2055081 1.3975438 234 88 12
-0.99399394 1.1195085 0.9865678 234 88 12
-0.99926728 1.1141585 0.9865678 234 88 12
-0.96577096 1.1541758 0.98790741 234 88 12
-0.97753549 1.1480286 0.9984569 234 88 12
-0.98007393 1.1374502 0.98387116 234 88 12
-0.99053246 1.1308059 0.99109966 234 88 12
-1.1135929 1.2249688 1.3844959 234 88 12
-0.96507668 1.1587446 0.98533112 234 88 12
-0.97665989 1.148596 0.98828137 234 88 12
-0.98994195 1.1433688 1.0034602 234 88 12
-0.98984039 1.13536 0.98853159 234 88 12
-1.12658 1.250975 1.4514713 234 88 12
-1.1345154 1.2384117 1.4430853 234 88 12
-1.1254162 1.2326922 1.4153008 234 88 12
-1.1101191 1.224175 1.3706311 234 88 12
-1.1080906 1.2285935 1.3690573 234 88 12
-0.95401812 1.1941708 1.001509 234 88 12
-1.0154402 1.2112985 1.1520766 234 88 12
-1.0241311 1.2113434 1.1688731 234 88 12
-1.1323547 1.2447633 1.4403123 234 88 12
-1.0214444 1.2171959 1.1667886 234 88 12
-1.0192047 1.2106707 1.149949 234 88 12
-1.1422 1.2508024 1.465624 234 88 12
-1.1137512 -1.1333042 0.95525086 234 88 12
-1.1139607 -1.1913369 0.95337582 234 88 12
-1.1032292 -1.1298705 0.95553726 234 88 12
-1.1016057 -1.2010992 0.95326728 234 88 12
-1.0989859 -1.2497885 0.9517408 234 88 12
-1.0873089 -1.1476167 0.95523077 234 88 12
-1.0787996 -1.1299719 0.95594192 234 88 12
-1.0754282 -1.1317173 0.95594192 234 88 12
-1.1097423 -1.1156199 0.95235926 234 88 12
-1.0997931 -1.1231498 0.95228952 234 88 12
-1.0933465 -1.1302854 0.95217812 234 88 12
-1.0728463 -1.1367244 0.95230055 234 88 12
-1.0703386 -1.147173 0.95203227 234 88 12
-1.1189549 -1.1471087 0.94786519 234 88 12
-1.0990607 -1.1538147 0.94796002 234 88 12
-1.1146226 -1.1219329 0.94506902 234 88 12
-1.1048609 -1.1316118 0.94496059 234 88 12
-1.1008822 -1.1242552 0.94518137 234 88 12
-1.0996317 -1.1549176 0.94447762 234 88 12
-1.0947751 -1.1359771 0.94498068 234 88 12
-1.0873071 -1.129948 0.94521266 234 88 12
-1.0804108 -1.1316986 0.94525534 234 88 12
-1.0708766 -1.1430312 0.94510537 234 88 12
-1.0677027 -1.1466005 0.94506019 234 88 12
-1.05698 -1.1457791 0.94520962 234 88 12
-1.057572 -1.182519 0.94434106 234 88 12
-1.0501302 -1.1708819 0.93773139 234 88 12
-1.0527966 -1.1896508 0.93393868 234 88 12
-1.1237729 -1.1251271 0.93081361 234 88 12
-1.1198791 -1.1782469 0.93022037 234 88 12
-1.1140516 -1.135745 0.93074882 234 88 12
-1.0862613 -1.1359872 0.93091303 234 88 12
-1.0729333 -1.1446321 0.93089277 234 88 12
-1.056651 -1.1582971 0.93083197 234 88 12
-1.0531799 -1.1589966 0.93084472 234 88 12
-1.0514126 -1.2032846 0.93034118 234 88 12
-1.1139292 -1.1249627 0.9273206 234 88 12
-1.1050935 -1.148784 0.92715442 234 88 12
-1.100385 -1.1308392 0.92733037 234 88 12
-1.0985824 -1.1537473 0.92714065 234 88 12
-1.0957785 -1.1619958 0.927082 234 88 12
-1.0804318 -1.1442806 0.92730355 234 88 12
-1.0610373 -1.1618615 0.92723846 234 88 12
-1.1251388 -1.1314414 0.92368853 234 88 12
-1.1032448 -1.1641873 0.92356759 234 88 12
-1.1046244 -1.2291176 0.92319679 234 88 12
-1.116212 -1.1463718 0.92012662 234 88 12
-1.1144968 -1.1742128 0.92005497 234 88 12
-1.059006 -1.2557981 0.91991454 234 88 12
-1.0550926 -1.2768615 0.91986394 234 88 12
-1.0394676 -1.1812044 0.92013961 234 88 12
-1.1263717 -1.1351752 0.91661245 234 88 12
-1.1226218 -1.1287992 0.91660959 234 88 12
-1.1157299 -1.1291239 0.91660851 234 88 12
-1.1103928 -1.1544732 0.9166162 234 88 12
-1.1003189 -1.1572278 0.91661537 234 88 12
-1.0901655 -1.1595426 0.91661435 234 88 12
-1.0855485 -1.1459517 0.91660887 234 88 12
-1.0831978 -1.1591603 0.91661298 234 88 12
-1.0719043 -1.1508555 0.91660815 234 88 12
-1.0622764 -1.1605157 0.91660976 234 88 12
-1.0581641 -1.1553569 0.91660726 234 88 12
-1.0569732 -1.1764014 0.91661423 234 88 12
-1.0514216 -1.1589067 0.91660726 234 88 12
-1.04496 -1.1647387 0.91660815 234 88 12
-1.0357928 -1.1770301 0.91661072 234 88 12
-1.0306468 -1.1916277 0.91661477 234 88 12
-1.0254879 -1.1803471 0.91661 234 88 12
-1.0323235 -1.2521611 0.91663575 234 88 12
-1.0349698 -1.2927021 0.91665006 234 88 12
-1.103247 -1.1428442 0.91305959 234 88 12
-1.0963013 -1.142994 0.91304803 234 88 12
-1.0160248 -1.1867371 0.91305536 234 88 12
-1.0329869 -1.3398262 0.91359711 234 88 12
-1.1118232 -1.1611925 0.90964454 234 88 12
-1.0890249 -1.1756315 0.90966129 234 88 12
-1.072495 -1.1828084 0.90965253 234 88 12
-1.0626018 -1.1875231 0.90964991 234 88 12
-1.0310926 -1.2140068 0.90971458 234 88 12
-1.0124975 -1.1846873 0.90946692 234 88 12
-1.0054671 -1.2085773 0.90959567 234 88 12
-1.1097564 -1.1662905 0.90268654 234 88 12
-1.1045761 -1.14007 0.9023279 234 88 12
-1.1012101 -1.1418127 0.9023279 234 88 12
-1.0910288 -1.1460001 0.90231442 234 88 12
-1.0876597 -1.1477444 0.90231442 234 88 12
-1.0822446 -1.1660165 0.90250635 234 88 12
-1.0734981 -1.1836082 0.90266848 234 88 12
-1.0675479 -1.1592139 0.90232754 234 88 12
-1.0573324 -1.1633887 0.90231371 234 88 12
-1.0596496 -1.2147076 0.90296537 234 88 12
-1.0478616 -1.17388 0.90238309 234 88 12
-1.0444188 -1.1748972 0.90237355 234 88 12
-1.0396675 -1.1933544 0.90257204 234 88 12
-1.0372242 -1.2015349 0.90265787 234 88 12
-1.0305299 -1.178444 0.90232837 234 88 12
-1.0300672 -1.2008417 0.90260327 234 88 12
-1.0167364 -1.1832209 0.90229899 234 88 12
-1.0101454 -1.1876948 0.90231216 234 88 12
-1.1097172 -1.157923 0.89905244 234 88 12
-1.0820045 -1.1960493 0.89941967 234 88 12
-1.0773354 -1.1827748 0.89917731 234 88 12
-1.0533876 -1.186799 0.89904803 234 88 12
-1.0220716 -1.1919854 0.89887774 234 88 12
-1.0090774 -1.2234446 0.89925963 234 88 12
-1.105715 -1.1916431 0.89609891 234 88 12
-1.0130253 -1.2008847 0.89538264 234 88 12
-1.0985844 -1.1796972 0.89231151 234 88 12
-1.0933295 -1.1499804 0.88800699 234 88 12
-1.0873171 -1.1620815 0.888228 234 88 12
-1.0833899 -1.1571789 0.88805747 234 88 12
-1.0734435 -1.163929 0.88809681 234 88 12
-1.0710446 -1.175249 0.88834465 234 88 12
-1.0951825 -1.1673523 0.88489914 234 88 12
-1.0930771 -1.1781118 0.88162899 234 88 12
-1.080575 -1.192376 0.88186842 234 88 12
-1.0731344 -1.1868454 0.88158005 234 88 12
-1.0864308 -1.1754358 0.87787592 234 88 12
-1.0912613 -1.3025482 0.88225794 234 88 12
-1.0925665 -1.1595486 0.87383318 234 88 12
-1.0870082 -1.176551 0.8743543 234 88 12
-1.0826448 -1.1665713 0.87390274 234 88 12
-1.0783148 -1.1949813 0.87486821 234 88 12
-1.0697931 -1.1791166 0.87412012 234 88 12
-1.0950651 -1.1848012 0.87127286 234 88 12
-1.0719558 -1.1912779 0.86748797 234 88 12
-1.0941544 -1.2038367 0.86502498 234 88 12
-1.07434 -1.2103783 0.86485326 234 88 12
-1.071086 -1.212063 0.86485326 234 88 12
-1.0896264 -1.1846721 0.86045617 234 88 12
-1.0863172 -1.1863854 0.86045617 234 88 12
-1.0813838 -1.1701714 0.85953057 234 88 12
-1.0779397 -1.207517 0.86128449 234 88 12
-1.071528 -1.177735 0.85965192 234 88 12
-1.0714182 -1.2108934 0.86128449 234 88 12
-1.0868254 -1.186722 0.85690379 234 88 12
-1.0727335 -1.2192606 0.85822761 234 88 12
-1.0879837 -1.1945637 0.85378212 234 88 12
-0.04019013 -1.2965901 1.2624211 234 88 12
-0.074697621 -1.3106743 1.2598253 234 88 12
-0.069109894 -1.3152717 1.2603023 234 88 12
-0.041405547 -1.3707366 1.2655872 234 88 12
-0.023363605 -1.4111309 1.269411 234 88 12
-0.056400411 -1.3073703 1.2597461 234 88 12
-0.043849435 -1.3212001 1.2611306 234 88 12
-0.047723819 -1.2985933 1.2590641 234 88 12
-0.038999781 -1.3128513 1.2604415 234 88 12
-0.07216873 -1.3290178 1.2581246 234 88 12
-0.078990944 -1.3003054 1.2553842 234 88 12
-0.069363378 -1.3050867 1.2559444 234 88 12
-0.056061298 -1.2983305 1.2554818 234 88 12
-0.046999108 -1.3018584 1.2559191 234 88 12
-0.038793266 -1.3030239 1.2561272 234 88 12
-0.01797409 -1.3542719 1.261124 234 88 12
-0.059977751 -1.2995516 1.2520769 234 88 12
-0.040690638 -1.2984706 1.2522173 234 88 12
-0.016320866 -1.3375129 1.2562616 234 88 12
0.0033973842 -1.3874669 1.2612914 234 88 12
-0.021136615 -1.2984012 1.2524579 234 88 12
-0.011499954 -1.3167801 1.2543385 234 88 12
0.063819334 -1.548743 1.2774889 234 88 12
0.0042463974 -1.3433348 1.2570788 234 88 12
-0.010739723 -1.3323934 1.2524849 234 88 12
-0.014826572 -1.3071812 1.2499388 234 88 12
-0.011818961 -1.3043692 1.2497002 234 88 12
0.0022301953 -1.337729 1.2531819 234 88 12
-0.050251961 -1.3810426 1.253548 234 88 12
-0.069942504 -1.3177382 1.2468222 234 88 12
-0.022651795 -1.3200842 1.2476993 234 88 12
0.035953335 -1.4381809 1.2605414 234 88 12
-0.028024606 -1.4132473 1.2540046 234 88 12
-0.059745524 -1.3037264 1.2420368 234 88 12
-0.055055451 -1.305858 1.2423264 234 88 12
-0.040087067 -1.3036674 1.2423038 234 88 12
-0.022680178 -1.3090699 1.2431145 234 88 12
-0.0027442889 -1.3597535 1.248726 234 88 12
-0.012765856 -1.3034306 1.2426589 234 88 12
0.090992428 -1.8303665 1.2978065 234 88 12
0.1004342 -1.8291191 1.2978065 234 88 12
0.098652117 -1.8196992 1.2967594 234 88 12
0.0072900774 -1.3573383 1.2453064 234 88 12
-0.095258579 -1.3266753 1.2370529 234 88 12
-0.057307325 -1.4132743 1.2472832 234 88 12
-0.08248461 -1.3394026 1.2386626 234 88 12
-0.072127797 -1.3562701 1.2406989 234 88 12
-0.079185024 -1.3278512 1.2374214 234 88 12
-0.043484218 -1.3624203 1.2418083 234 88 12
0.056105025 -1.5178635 1.2606357 234 88 12
-0.10078128 -1.3239102 1.2331805 234 88 12
-0.077155784 -1.3136809 1.2323638 234 88 12
-0.064012803 -1.3280061 1.2342093 234 88 12
-0.065216385 -1.3139901 1.2325807 234 88 12
-0.0039969124 -1.3470478 1.2373081 234 88 12
-0.036826801 -1.3178911 1.2299733 234 88 12
-0.032238256 -1.3081495 1.2288941 234 88 12
-0.026455004 -1.3138461 1.2296573 234 88 12
0.042900857 -1.4973691 1.2524204 234 88 12
-0.0073269885 -1.3252339 1.2313012 234 88 12
0.11184158 -1.6932987 1.2766427 234 88 12
0.010781679 -1.3472346 1.2341828 234 88 12
0.016962269 -1.355454 1.2352504 234 88 12
0.013179453 -1.3297327 1.2321527 234 88 12
-0.097942099 -1.3334646 1.2273849 234 88 12
-0.09881451 -1.321455 1.2259132 234 88 12
-0.084442578 -1.3177441 1.2256931 234 88 12
-0.071162097 -1.332075 1.2276456 234 88 12
-0.067812629 -1.3306185 1.2275226 234 88 12
-0.0687012 -1.3176144 1.2259299 234 88 12
-0.054262187 -1.3139498 1.2257166 234 88 12
-0.046753164 -1.3129017 1.2257098 234 88 12
-0.028223662 -1.3095245 1.225597 234 88 12
-0.012403024 -1.3099537 1.2259028 234 88 12
0.0020689704 -1.3191401 1.22725 234 88 12
0.0023307719 -1.3069532 1.2257749 234 88 12
0.015032213 -1.3370786 1.2296354 234 88 12
0.015226327 -1.3111202 1.2264874 234 88 12
0.021903509 -1.321084 1.2278041 234 88 12
0.030553114 -1.3246499 1.2283756 234 88 12
0.04662193 -1.3701066 1.2341511 234 88 12
-0.093712866 -1.3547453 1.2266206 234 88 12
-0.099838249 -1.3299972 1.2234349 234 88 12
-0.038416639 -1.3154415 1.2226321 234 88 12
-0.025391905 -1.3193207 1.22333 234 88 12
0.029008606 -1.3057007 1.2225282 234 88 12
0.04910937 -1.3526698 1.2287139 234 88 12
-0.081012666 -1.3685362 1.2251719 234 88 12
-0.079267189 -1.3437656 1.2220328 234 88 12
-0.068157822 -1.3424535 1.2220527 234 88 12
-0.011690731 -1.3143926 1.2194173 234 88 12
0.045318685 -1.3245544 1.2216808 234 88 12
0.045207389 -1.3091453 1.2197077 234 88 12
-0.05384212 -1.3405048 1.2185763 234 88 12
-0.04729623 -1.3480057 1.219674 234 88 12
-0.071474932 -1.3255742 1.2127734 234 88 12
-0.067717254 -1.3250777 1.2127734 234 88 12
-0.053922791 -1.3306348 1.2137661 234 88 12
-0.048105579 -1.3249466 1.2131044 234 88 12
-0.040934719 -1.3230006 1.21297 234 88 12
-0.026707325 -1.318625 1.2126343 234 88 12
-0.01388739 -1.321998 1.2133158 234 88 12
0.010202343 -1.3376211 1.2158452 234 88 12
0.0074459575 -1.3151816 1.2127781 234 88 12
0.010594735 -1.3125809 1.2124842 234 88 12
0.014481425 -1.3125089 1.2125436 234 88 12
0.029682778 -1.3110623 1.2126192 234 88 12
0.03849075 -1.3149532 1.213299 234 88 12
0.043742042 -1.3202733 1.2141079 234 88 12
-0.070921205 -1.3282635 1.2096034 234 88 12
-0.062464766 -1.3298597 1.2099774 234 88 12
-0.03076626 -1.3310843 1.2107233 234 88 12
-0.023392035 -1.3298613 1.2106891 234 88 12
0.017136773 -1.3228058 1.2104546 234 88 12
0.045235641 -1.341506 1.2135433 234 88 12
-0.05700187 -1.345961 1.2088065 234 88 12
-0.0098430337 -1.3489944 1.2101139 234 88 12
-0.017313955 -1.3505899 1.206731 234 88 12
-0.055968441 -1.3296379 1.199398 234 88 12
-0.044867843 -1.3276055 1.1993144 234 88 12
-0.039829209 -1.3308103 1.1998864 234 88 12
-0.027753137 -1.3317964 1.200268 234 88 12
0.064173423 -1.5996237 1.2416502 234 88 12
-0.040027138 -1.3656619 1.1981152 234 88 12
-0.029237406 -1.3526622 1.1963267 234 88 12
-0.002878499 -1.3976898 1.2038231 234 88 12
-0.050977506 -1.3470296 1.1914666 234 88 12
-0.017027505 -1.3558258 1.1935639 234 88 12
-0.050589014 -1.3383808 1.1865213 234 88 12
-0.027490614 -1.3600197 1.190504 234 88 12
0.0018999933 -1.4142593 1.1998793 234 88 12
-0.025243253 -1.4205457 1.1970054 234 88 12
-0.049034368 -1.3439049 1.1838644 234 88 12
-0.041345652 -1.3434966 1.1839644 234 88 12
-0.025430933 -1.3443681 1.1844542 234 88 12
-0.023201149 -1.3393354 1.1836739 234 88 12
-0.03955128 -1.3385341 1.1795779 234 88 12
-0.023967285 -1.3725474 1.1856426 234 88 12
0.057170998 -1.5833933 1.2228934 234 88 12
-0.021610845 -1.391425 1.1854371 234 88 12
0.13067472 -1.8061749 1.2600406 234 88 12
-0.037748799 -1.3572204 1.1756343 234 88 12
-0.0027691664 -1.4152925 1.1866053 234 88 12
-0.03811549 -1.3573284 1.1720629 234 88 12
-0.013661993 -1.4058708 1.1813017 234 88 12
-0.029248707 -1.3491355 1.1708099 234 88 12
0.61445802 -0.58297867 1.5916862 234 88 12
0.61425179 -0.57719213 1.5900853 234 88 12
0.6513871 -0.60122508 1.6062925 234 88 12
0.63159478 -0.5737803 1.5937424 234 88 12
0.66478992 -0.59990698 1.6094712 234 88 12
0.97541845 -0.94754082 1.7842258 234 88 12
0.62945771 -0.59348673 1.5948664 234 88 12
0.62391537 -0.58195424 1.5902811 234 88 12
0.71365523 -0.67471111 1.6391712 234 88 12
0.64718515 -0.58540154 1.5973994 234 88 12
0.94965577 -0.92122054 1.7684387 234 88 12
0.91590476 -0.89626783 1.7506089 234 88 12
0.73696953 -0.69539779 1.6478779 234 88 12
0.65108526 -0.58957231 1.5960063 234 88 12
0.92218071 -0.89008188 1.7506089 234 88 12
0.67627132 -0.61760569 1.6069605 234 88 12
0.65412468 -0.60901701 1.5950634 234 88 12
0.63442069 -0.5818125 1.5821289 234 88 12
0.63690841 -0.57894003 1.5820122 234 88 12
1.1835515 0.1052848 1.3894442 234 88 12
1.1966634 0.10720468 1.3914399 234 88 12
1.2792276 0.072403416 1.4052124 234 88 12
1.2026139 0.112329 1.3922362 234 88 12
1.1995766 0.11773383 1.3916234 234 88 12
1.1845434 0.11751569 1.3858348 234 88 12
1.2098246 0.11743326 1.389859 234 88 12
1.2571281 0.098389998 1.3978841 234 88 12
1.2018249 0.12924615 1.3882763 234 88 12
1.3557781 0.05719915 1.4146593 234 88 12
1.3337616 0.071540415 1.4107803 234 88 12
1.1922046 0.14604494 1.3863051 234 88 12
1.1919458 0.098695204 1.384076 234 88 12
1.1883717 0.10432598 1.3833455 234 88 12
1.1838187 0.11447442 1.3823353 234 88 12
1.1868907 0.12109365 1.3826566 234 88 12
1.1904395 0.12745379 1.3830621 234 88 12
1.1980882 0.14380817 1.3838654 234 88 12
1.2727916 0.10999622 1.3968889 234 88 12
1.690955 -0.15437345 1.470058 234 88 12
1.21829 0.087306149 1.3852992 234 88 12
1.2055298 0.10101696 1.382815 234 88 12
1.2467436 0.10473431 1.3895293 234 88 12
1.2086773 0.13123167 1.3825115 234 88 12
1.6917201 -0.15643013 1.4684956 234 88 12
1.6920301 -0.15455075 1.4684956 234 88 12
1.276119 0.09848047 1.3913662 234 88 12
1.3875953 0.049750872 1.4115086 234 88 12
1.2273344 0.13443521 1.3821449 234 88 12
1.1991938 0.15681772 1.37678 234 88 12
1.2281514 0.10732038 1.379675 234 88 12
1.2336411 0.11633512 1.3803624 234 88 12
1.2438053 0.11518115 1.3821403 234 88 12
1.2315441 0.12908971 1.3796411 234 88 12
1.2141436 0.14584832 1.3761786 234 88 12
1.2013285 0.15646565 1.3736775 234 88 12
1.220651 0.15443678 1.3770528 234 88 12
1.3395596 0.095548943 1.3991382 234 88 12
1.3223983 0.10820181 1.3958331 234 88 12
1.2623463 0.028050309 1.3845674 234 88 12
1.1914788 0.061389569 1.3712113 234 88 12
1.221755 0.052586023 1.3767604 234 88 12
1.2364203 0.05020212 1.3793941 234 88 12
1.2050487 0.067504466 1.3734082 234 88 12
1.2056551 0.071181104 1.3734082 234 88 12
1.1923989 0.10499474 1.3701143 234 88 12
1.1943961 0.12018354 1.3700255 234 88 12
1.1958313 0.13161574 1.3699467 234 88 12
1.2150518 0.17019807 1.3721954 234 88 12
1.695255 -0.15508264 1.4638084 234 88 12
1.1891458 0.058915228 1.3673871 234 88 12
1.1893921 0.070799321 1.3670818 234 88 12
1.2008219 0.073848061 1.3690279 234 88 12
1.327518 0.022269433 1.3931068 234 88 12
1.2026976 0.12492165 1.3678616 234 88 12
1.2176512 0.12161931 1.3706218 234 88 12
1.3134724 0.078250036 1.3889611 234 88 12
1.2069391 0.13490063 1.3683239 234 88 12
1.2960933 0.094162636 1.3853985 234 88 12
1.2574466 0.1173911 1.3778334 234 88 12
1.2114706 0.14467379 1.3688439 234 88 12
1.2292199 0.1554101 1.3716896 234 88 12
1.216558 0.16614863 1.3691192 234 88 12
1.4091783 0.066469558 1.4063518 234 88 12
1.69602 -0.15713932 1.4622459 234 88 12
1.1950183 0.053038236 1.3651258 234 88 12
1.1948404 0.089043312 1.3640169 234 88 12
1.2062016 0.095895566 1.3658718 234 88 12
1.2038223 0.10498352 1.3651687 234 88 12
1.2448249 0.10896857 1.3724836 234 88 12
1.441806 0.015384009 1.4109961 234 88 12
1.298288 0.097383149 1.3825233 234 88 12
1.2198517 0.14912055 1.3667551 234 88 12
1.2140447 0.15616226 1.3654916 234 88 12
1.2313081 0.15506569 1.3686545 234 88 12
1.2759722 0.13513738 1.3773483 234 88 12
1.2130634 0.069661677 1.3644559 234 88 12
1.3285515 0.072034031 1.3856951 234 88 12
1.3694383 0.061935704 1.3935473 234 88 12
1.249084 0.14637771 1.3687681 234 88 12
1.2159425 0.12852572 1.3597152 234 88 12
1.3144464 0.083264634 1.3796132 234 88 12
1.2391225 0.13665101 1.3638161 234 88 12
1.2499537 0.13885435 1.3657817 234 88 12
1.3133515 0.10924955 1.3786027 234 88 12
1.2279879 0.052622568 1.3609129 234 88 12
1.2035457 0.074961029 1.3555402 234 88 12
1.3583004 0.017517546 1.3869115 234 88 12
1.2002667 0.09245088 1.3543628 234 88 12
1.201854 0.095752709 1.354562 234 88 12
1.2033631 0.10310699 1.3546185 234 88 12
1.2052907 0.11832655 1.3545073 234 88 12
1.3036902 0.089294001 1.3742185 234 88 12
1.4981736 0.0034192041 1.4140745 234 88 12
1.2251351 0.070015796 1.3563727 234 88 12
1.2238978 0.11800171 1.3545947 234 88 12
1.30451 0.082203075 1.3714037 234 88 12
1.359632 0.065333426 1.3826537 234 88 12
1.2229835 0.095252559 1.3516641 234 88 12
1.2304991 0.11545153 1.3524907 234 88 12
1.2294798 0.12788005 1.3518844 234 88 12
1.2182015 0.13757771 1.3493402 234 88 12
1.2188156 0.14130124 1.3493402 234 88 12
1.2178283 0.078377806 1.3476914 234 88 12
1.2155826 0.10334827 1.3464131 234 88 12
1.2609074 0.097360924 1.3557152 234 88 12
1.2146533 0.12795421 1.3454113 234 88 12
1.2557583 0.12705036 1.3536974 234 88 12
1.3082292 0.10369907 1.36501 234 88 12
1.2652142 0.12991011 1.355502 234 88 12
1.2107929 0.10222237 1.3419337 234 88 12
1.2119792 0.11782008 1.3416507 234 88 12
1.2165827 0.1358038 1.341985 234 88 12
1.2511894 0.13013026 1.3492414 234 88 12
1.2257073 0.15540007 1.343188 234 88 12
1.2445104 0.14943705 1.3472277 234 88 12
1.215415 0.080654852 1.3400615 234 88 12
1.2139376 0.08532308 1.3395953 234 88 12
1.215107 0.10487954 1.3391687 234 88 12
1.2171646 0.11599411 1.3392153 234 88 12
1.2197431 0.14304791 1.3388245 234 88 12
1.2309875 0.14532197 1.3410797 234 88 12
1.2651904 0.1430793 1.3482528 234 88 12
1.2441818 0.16236089 1.3432341 234 88 12
1.2368791 0.075558491 1.341207 234 88 12
1.2150006 0.093493499 1.3359712 234 88 12
1.2523642 0.087929212 1.3440413 234 88 12
1.2303656 0.15853511 1.3369489 234 88 12
1.2447128 0.15886684 1.3399619 234 88 12
1.2326043 0.17354986 1.3368988 234 88 12
1.2849661 0.14856149 1.348806 234 88 12
1.2417424 0.097533986 1.3379757 234 88 12
1.2578974 0.12884827 1.3403294 234 88 12
1.2274928 0.15678948 1.3328311 234 88 12
1.3488421 0.10309669 1.3607153 234 88 12
1.2597896 0.15937957 1.3396561 234 88 12
1.3361911 0.12453056 1.3572489 234 88 12
1.2848606 0.062506951 1.3451043 234 88 12
1.24861 0.1027657 1.3357749 234 88 12
1.7140441 -0.12150215 1.4450595 234 88 12
1.3339754 0.072036304 1.3554456 234 88 12
1.2420739 0.12581372 1.3335264 234 88 12
1.2837161 0.15083751 1.3416865 234 88 12
1.290617 0.15084316 1.3431873 234 88 12
1.2418336 0.18631585 1.3313036 234 88 12
1.2189164 0.089559011 1.326196 234 88 12
1.2235683 0.10351248 1.3267152 234 88 12
1.3354515 0.053987112 1.3532332 234 88 12
1.6540608 -0.096258283 1.4290839 234 88 12
1.3875707 0.042531017 1.3651631 234 88 12
1.2299073 0.14081103 1.3267566 234 88 12
1.2285162 0.1455929 1.3262751 234 88 12
1.2302638 0.152814 1.326398 234 88 12
1.2308812 0.1565578 1.326398 234 88 12
1.2857451 0.15050286 1.3387374 234 88 12
1.3090909 0.14126712 1.3442307 234 88 12
1.494328 0.043245159 1.3887185 234 88 12
1.5234489 -0.052367743 1.3961363 234 88 12
1.2292532 0.097459503 1.3246132 234 88 12
1.231863 0.10023383 1.3250959 234 88 12
1.3153951 0.064198501 1.3451631 234 88 12
1.4176191 0.018444739 1.3697819 234 88 12
1.5948874 -0.064737134 1.4126158 234 88 12
1.244246 0.14217836 1.3263216 234 88 12
1.2787497 0.15912093 1.3334333 234 88 12
1.2415119 0.18414353 1.3241562 234 88 12
1.5650747 0.003492624 1.4034057 234 88 12
1.4574361 -0.024935404 1.3775682 234 88 12
1.2455126 0.07466168 1.3255781 234 88 12
1.3127725 0.069760755 1.3410758 234 88 12
1.6688277 -0.10041025 1.4285314 234 88 12
1.2470347 0.1616074 1.3226599 234 88 12
1.3149191 0.13202326 1.3392265 234 88 12
1.265559 0.16736925 1.326661 234 88 12
1.2484547 0.18106194 1.3222525 234 88 12
1.2521859 0.068313323 1.3238226 234 88 12
1.2755784 0.084569409 1.3286089 234 88 12
1.6232697 -0.080170117 1.4152366 234 88 12
1.2326045 0.077776186 1.3153365 234 88 12
1.2529101 0.092179149 1.3195415 234 88 12
1.3546458 0.04714771 1.3451425 234 88 12
1.7186767 -0.1260879 1.4372165 234 88 12
1.2306201 0.079289675 1.3111894 234 88 12
1.3890222 0.014231917 1.3514371 234 88 12
1.2384965 0.08769913 1.3127337 234 88 12
1.3991909 0.022910532 1.3535162 234 88 12
1.2778879 0.084750257 1.3222232 234 88 12
1.5653106 -0.056053396 1.3937427 234 88 12
1.4923701 -0.018162105 1.3746243 234 88 12
1.2516006 0.074944019 1.3092111 234 88 12
1.2983569 0.057262067 1.3213758 234 88 12
1.4739274 -0.011799936 1.367162 234 88 12
1.7217141 -0.12855865 1.4325603 234 88 12
1.2746855 0.06883058 1.3116022 234 88 12
1.2398441 0.085617259 1.2986047 234 88 12
1.2768879 0.07229986 1.3084888 234 88 12
1.2940701 0.068062864 1.3129928 234 88 12
1.2463038 0.083256416 1.296683 234 88 12
1.2469181 0.08698041 1.296683 234 88 12
1.3900466 0.023277309 1.335922 234 88 12
-0.67415577 1.3035847 1.0311837 234 88 12
-0.69292116 1.3003268 1.0310826 234 88 12
-0.67579007 1.3121936 1.0322541 234 88 12
-0.68176866 1.3051205 1.0284455 234 88 12
-0.66012305 1.309651 1.0245582 234 88 12
-0.6905477 1.3408492 1.0474094 234 88 12
-0.66776222 1.3315698 1.0347947 234 88 12
-0.67714751 1.3145586 1.0249559 234 88 12
-0.68073738 1.3143107 1.0251749 234 88 12
-0.69156027 1.322827 1.0317292 234 88 12
-0.69523233 1.3222213 1.0317292 234 88 12
-0.65675539 1.3155614 1.0189477 234 88 12
-0.65865111 1.330995 1.0290504 234 88 12
-0.64514917 1.4348818 1.094275 234 88 12
-0.65582496 1.4139992 1.0820066 234 88 12
-0.66002774 1.4110284 1.0805452 234 88 12
-0.69557875 1.3243217 1.0286765 234 88 12
-0.69127077 1.3448255 1.0413758 234 88 12
-0.65001452 1.3177326 1.0151032 234 88 12
-0.65499341 1.3450049 1.0332783 234 88 12
-0.66532332 1.3348278 1.0277965 234 88 12
-0.63828623 1.4482243 1.0982738 234 88 12
-0.65904951 1.3993398 1.0688633 234 88 12
-0.67633528 1.3609446 1.0458679 234 88 12
-0.6675868 1.3934199 1.0659443 234 88 12
-0.63998777 1.4829624 1.1209292 234 88 12
-0.63933903 1.321068 1.0115827 234 88 12
-0.65171522 1.3476723 1.0302691 234 88 12
-0.66770208 1.3506659 1.0339421 234 88 12
-0.67849666 1.3299109 1.0215642 234 88 12
-0.61689937 1.5249918 1.1421955 234 88 12
-0.58557349 1.6162119 1.1983314 234 88 12
-0.62101477 1.3261046 1.0083445 234 88 12
-0.62476254 1.3254865 1.0083445 234 88 12
-0.63864529 1.337831 1.0179702 234 88 12
-0.64845675 1.3801934 1.0468984 234 88 12
-0.64881951 1.388634 1.0524895 234 88 12
-0.64811045 1.408959 1.0657815 234 88 12
-0.66779101 1.3628584 1.0375937 234 88 12
-0.63623285 1.4828312 1.1130824 234 88 12
-0.57436502 1.6540344 1.2189796 234 88 12
-0.58750737 1.3343242 1.0055546 234 88 12
-0.59841806 1.3336915 1.0063283 234 88 12
-0.62136829 1.3282484 1.0052289 234 88 12
-0.63531011 1.3405448 1.0149088 234 88 12
-0.64215207 1.3299327 1.0086193 234 88 12
-0.64984024 1.3387262 1.0152919 234 88 12
-0.63832587 1.3839128 1.0439999 234 88 12
-0.65071821 1.3568162 1.027385 234 88 12
-0.66433281 1.3267442 1.0089308 234 88 12
-0.55085319 1.6732764 1.2263354 234 88 12
-0.64843601 1.4018594 1.0570078 234 88 12
-0.66212827 1.3723571 1.0389397 234 88 12
-0.63099515 1.468141 1.0990573 234 88 12
-0.66916966 1.3711958 1.0389397 234 88 12
-0.68000835 1.3598115 1.0325754 234 88 12
-0.63400948 1.4912555 1.1147164 234 88 12
-0.6653322 1.4242398 1.0736983 234 88 12
-0.5878607 1.3364667 1.0024407 234 88 12
-0.60294169 1.3336338 1.0022097 234 88 12
-0.61783582 1.3314891 1.0024182 234 88 12
-0.61811739 1.3427062 1.0099496 234 88 12
-0.62301105 1.3611896 1.0228484 234 88 12
-0.61201555 1.4747256 1.0975529 234 88 12
-0.5684731 1.6110208 1.1838861 234 88 12
-0.58343667 1.5888774 1.1707299 234 88 12
-0.59941578 1.5582453 1.1520096 234 88 12
-0.57154042 1.6708256 1.2242135 234 88 12
-0.63904995 1.335063 1.0025886 234 88 12
-0.63996851 1.3432671 1.0082215 234 88 12
-0.58283615 1.5559007 1.1452179 234 88 12
-0.64563376 1.3876957 1.0388035 234 88 12
-0.66312724 1.3466529 1.0130792 234 88 12
-0.66678125 1.3460503 1.0130792 234 88 12
-0.66641343 1.3662754 1.0266732 234 88 12
-0.63214165 1.4781756 1.0983012 234 88 12
-0.65256327 1.4471158 1.0796325 234 88 12
-0.69991469 1.3399849 1.0126742 234 88 12
-0.58089244 1.3427229 0.99669242 234 88 12
-0.60204995 1.3564906 1.0084219 234 88 12
-0.61310774 1.3422816 1.0000038 234 88 12
-0.6237365 1.3422221 1.0011549 234 88 12
-0.62744939 1.3416098 1.0011549 234 88 12
-0.5555442 1.6256219 1.1861336 234 88 12
-0.60895842 1.4715424 1.0873955 234 88 12
-0.64478755 1.3735735 1.0248239 234 88 12
-0.61899793 1.4594394 1.0802947 234 88 12
-0.58160061 1.6118287 1.1796795 234 88 12
-0.61408573 1.5298786 1.1276207 234 88 12
-0.55761379 1.6892097 1.2295853 234 88 12
-0.5650416 1.6749167 1.2207032 234 88 12
-0.5765782 1.3492305 0.99604613 234 88 12
-0.60424745 1.3519661 1.0010478 234 88 12
-0.61770606 1.3769096 1.0196612 234 88 12
-0.63735187 1.3469096 1.0013243 234 88 12
-0.60064632 1.4815413 1.0894313 234 88 12
-0.55308545 1.64221 1.1941534 234 88 12
-0.57366639 1.5952107 1.1642734 234 88 12
-0.62248725 1.4607373 1.077644 234 88 12
-0.55562186 1.6908305 1.2277569 234 88 12
-0.59548217 1.3616341 1.0021586 234 88 12
-0.59620553 1.3716646 1.0091704 234 88 12
-0.59326011 1.4062194 1.0327063 234 88 12
-0.61434829 1.3567792 1.0009544 234 88 12
-0.61385989 1.3701769 1.0101541 234 88 12
-0.53800243 1.6410384 1.1886303 234 88 12
-0.62470019 1.368389 1.0101541 234 88 12
-0.53681463 1.6801814 1.2155361 234 88 12
-0.54455119 1.6698431 1.2092756 234 88 12
-0.55142212 1.655959 1.200467 234 88 12
-0.57195872 1.6024249 1.1658238 234 88 12
-0.60119998 1.5480077 1.1315626 234 88 12
-0.57076985 1.3654984 0.99746376 234 88 12
-0.58011436 1.3564104 0.99220777 234 88 12
-0.58553272 1.4013553 1.0241318 234 88 12
-0.58971757 1.398322 1.0225 234 88 12
-0.5794034 1.4684598 1.0701625 234 88 12
-0.62545526 1.3579135 0.99846274 234 88 12
-0.62769294 1.3729151 1.0091676 234 88 12
-0.62289107 1.3986765 1.0265573 234 88 12
-0.61016935 1.4483019 1.0596576 234 88 12
-0.61446708 1.4446226 1.0575888 234 88 12
-0.59286225 1.5357671 1.1185844 234 88 12
-0.59574938 1.5352908 1.1185844 234 88 12
-0.58697903 1.5757502 1.1457547 234 88 12
-0.57568711 1.3773483 1.0017798 234 88 12
-0.57588845 1.39003 1.0107068 234 88 12
-0.57945937 1.3894411 1.0107068 234 88 12
-0.57225668 1.4412787 1.0462675 234 88 12
-0.56745487 1.4703654 1.066133 234 88 12
-0.56017017 1.5074745 1.0913436 234 88 12
-0.56530631 1.509813 1.0935801 234 88 12
-0.60151029 1.3954308 1.0174656 234 88 12
-0.61107463 1.374411 1.0038153 234 88 12
-0.6030969 1.4337957 1.044585 234 88 12
-0.62108684 1.3969609 1.0208067 234 88 12
-0.62356275 1.4480149 1.0569381 234 88 12
-0.57222193 1.4325604 1.0359268 234 88 12
-0.55247277 1.5171758 1.0935097 234 88 12
-0.58835548 1.4325831 1.0378263 234 88 12
-0.60780013 1.3770754 1.0008094 234 88 12
-0.61011559 1.4346071 1.0417989 234 88 12
-0.55654478 1.618794 1.1659073 234 88 12
-0.58763278 1.5400221 1.113784 234 88 12
-0.59051991 1.539546 1.113784 234 88 12
-0.59340698 1.5390699 1.113784 234 88 12
-0.6761691 1.3478574 0.98811066 234 88 12
-0.67986661 1.3472475 0.98811066 234 88 12
-0.56538397 1.4113231 1.0157316 234 88 12
-0.57736093 1.3910455 1.0026734 234 88 12
-0.57342577 1.4188954 1.0220805 234 88 12
-0.58896279 1.3985593 1.0093995 234 88 12
-0.53916824 1.5877252 1.1385055 234 88 12
-0.54495758 1.5764933 1.131173 234 88 12
-0.5854668 1.4455971 1.0425485 234 88 12
-0.59889245 1.4217621 1.0271227 234 88 12
-0.61628413 1.3971388 1.0116011 234 88 12
-0.55181664 1.6281732 1.1688526 234 88 12
-0.57891363 1.3611237 0.97684294 234 88 12
-0.58175123 1.3639805 0.97923416 234 88 12
-0.56240141 1.463632 1.0486097 234 88 12
-0.52700186 1.6065018 1.1471647 234 88 12
-0.57301891 1.4476795 1.0383959 234 88 12
-0.53636676 1.5909628 1.1370996 234 88 12
-0.56773686 1.4994361 1.0749934 234 88 12
-0.59997296 1.4424472 1.03783 234 88 12
-0.54878139 1.6248506 1.1629448 234 88 12
-0.56222129 1.5903244 1.1397073 234 88 12
-0.65087169 1.3566917 0.98219109 234 88 12
-0.65456772 1.3560822 0.98219109 234 88 12
-0.56518644 1.4053212 1.0025541 234 88 12
-0.55918324 1.4787352 1.0550603 234 88 12
-0.56598234 1.464964 1.0458894 234 88 12
-0.56128925 1.5041431 1.0737324 234 88 12
-0.56492573 1.5017235 1.072413 234 88 12
-0.54732907 1.5732136 1.122138 234 88 12
-0.55084872 1.6047202 1.1454006 234 88 12
-0.57215714 1.3666213 0.9706409 234 88 12
-0.56956333 1.4662961 1.0431689 234 88 12
-0.51618582 1.6678922 1.1840585 234 88 12
-0.56521851 1.5034989 1.0698326 234 88 12
-0.55444807 1.5604576 1.1101588 234 88 12
-0.55401933 1.5798639 1.124289 234 88 12
-0.57505292 1.4130858 1.0005038 234 88 12
-0.5316726 1.5870404 1.1233711 234 88 12
-0.53557146 1.6101124 1.1408399 234 88 12
-0.56398982 1.5207245 1.0784481 234 88 12
-0.60981554 1.3746586 0.976421 234 88 12
-0.57286096 1.3708885 0.96443886 234 88 12
-0.57893115 1.3886341 0.97835791 234 88 12
-0.5633617 1.4721361 1.0384499 234 88 12
-0.57848257 1.4402078 1.0165954 234 88 12
-0.58188689 1.4396464 1.0165954 234 88 12
-0.6101622 1.3767602 0.97336638 234 88 12
-0.70863271 1.3537018 0.9683044 234 88 12
-0.57927489 1.3907179 0.97532916 234 88 12
-0.70055038 1.3767107 0.97981548 234 88 12
-0.57961857 1.3928018 0.97230047 234 88 12
-0.5914312 1.3783722 0.95815533 234 88 12
-0.59514272 1.3777601 0.95815533 234 88 12
-1.1069412 1.2681235 0.96997702 234 88 12
-1.2971696 1.3232998 0.94357258 234 88 12
-1.4008784 1.3528789 0.92922044 234 88 12
-1.4128036 1.3520939 0.92792904 234 88 12
-1.3962741 1.3398806 0.93085939 234 88 12
-1.4347318 1.3502632 0.92558748 234 88 12
-1.2624251 1.290434 0.95034879 234 88 12
-1.3765492 1.3261602 0.93428296 234 88 12
-1.4241201 1.3399551 0.92768025 234 88 12
-1.367745 1.3182328 0.93596572 234 88 12
-1.3452095 1.3078912 0.93941993 234 88 12
-1.3349044 1.3016833 0.94112623 234 88 12
-1.3364655 1.2996085 0.94112623 234 88 12
-1.2302147 1.2588362 0.95672756 234 88 12
-1.2629614 1.2676812 0.9522382 234 88 12
-1.2878777 1.2738818 0.94886774 234 88 12
-1.3641638 1.2966609 0.938223 234 88 12
-1.3133119 1.2721136 0.94612139 234 88 12
-1.3149459 1.2699418 0.94612139 234 88 12
-1.1525362 1.1938312 0.97115076 234 88 12
-1.2218833 1.2183038 0.96115154 234 88 12
-1.1111097 1.1700474 0.97790974 234 88 12
-1.1679955 1.1897422 0.96973991 234 88 12
-1.1493995 1.1785911 0.97281462 234 88 12
-1.0594226 1.1374478 0.98659354 234 88 12
-1.0477505 1.1286294 0.98867941 234 88 12
-0.95132214 1.2435467 0.98637813 234 88 12
-0.95359623 1.2405243 0.98637813 234 88 12
-0.99505424 1.2381446 0.98195827 234 88 12
-1.3375213 1.3359659 0.93559897 234 88 12
-1.3260633 1.3299288 0.93738174 234 88 12
-1.3851808 1.3459269 0.92945355 234 88 12
-1.3527133 1.3183626 0.93538195 234 88 12
-1.4007959 1.3322309 0.92886186 234 88 12
-1.3811115 1.3230829 0.93182206 234 88 12
-1.3275089 1.3019843 0.93956333 234 88 12
-1.3958975 1.3233762 0.93014997 234 88 12
-1.4792224 1.3505447 0.91858804 234 88 12
-1.2022712 1.2491018 0.95795101 234 88 12
-1.277034 1.2643963 0.94833851 234 88 12
-1.2935797 1.2677183 0.94621646 234 88 12
-1.2479069 1.2474884 0.95300144 234 88 12
-1.2776833 1.2558795 0.94898021 234 88 12
-1.1014721 1.1846302 0.9745872 234 88 12
-1.1794646 1.2115414 0.96364099 234 88 12
-1.0603261 1.1381277 0.98307025 234 88 12
-1.0148702 1.2515273 0.97535974 234 88 12
-1.1065689 1.2719693 0.96369863 234 88 12
-1.3739825 1.3474106 0.92839545 234 88 12
-1.3048536 1.3157865 0.93851489 234 88 12
-1.2850759 1.3067538 0.94140881 234 88 12
-1.3403698 1.3221028 0.9341296 234 88 12
-1.1597013 1.2567384 0.95916039 234 88 12
-1.3040435 1.2995138 0.93993646 234 88 12
-1.4825275 1.3561305 0.9158603 234 88 12
-1.2746814 1.2810447 0.94464731 234 88 12
-1.15387 1.2254374 0.96236014 234 88 12
-1.0626404 1.1884391 0.97532672 234 88 12
-1.0648005 1.1855681 0.97532672 234 88 12
-1.3151617 1.2760953 0.9406445 234 88 12
-1.331782 1.2768899 0.9387694 234 88 12
-1.2303243 1.2348469 0.95326316 234 88 12
-1.1911547 1.209794 0.95958155 234 88 12
-1.1170412 1.1730458 0.97066361 234 88 12
-1.0674211 1.1452448 0.97834527 234 88 12
-0.96889806 1.2565846 0.97656965 234 88 12
-1.0260756 1.2689776 0.96949548 234 88 12
-1.3217137 1.3491722 0.93162853 234 88 12
-1.2709873 1.3321908 0.9383837 234 88 12
-1.0374655 1.2619691 0.96884483 234 88 12
-1.0837958 1.2688174 0.9633683 234 88 12
-1.1474049 1.2845564 0.95534223 234 88 12
-1.3372368 1.338906 0.93079889 234 88 12
-1.2873 1.3050469 0.9388209 234 88 12
-1.3812139 1.3332989 0.92656958 234 88 12
-1.4272747 1.3417138 0.92099637 234 88 12
-1.4484012 1.3466982 0.9183501 234 88 12
-1.4523618 1.3414341 0.9183501 234 88 12
-1.3606887 1.3038304 0.93111151 234 88 12
-1.1526871 1.2253141 0.95952183 234 88 12
-1.3547038 1.2964612 0.93233794 234 88 12
-1.0355879 1.1750247 0.97600323 234 88 12
-1.0378122 1.1720684 0.97600323 234 88 12
-1.0254617 1.163579 0.97799647 234 88 12
-1.0541896 1.1631653 0.97497362 234 88 12
-1.0522736 1.1547743 0.97584903 234 88 12
-1.137378 1.18159 0.9646498 234 88 12
-1.1238236 1.1724824 0.9668206 234 88 12
-1.1109188 1.1635246 0.96891028 234 88 12
-1.0392438 1.1259595 0.97954124 234 88 12
-0.94107544 1.2782915 0.97437352 234 88 12
-0.94107372 1.2711395 0.97493249 234 88 12
-0.96292627 1.2732222 0.97250056 234 88 12
-1.0984418 1.2990743 0.95640832 234 88 12
-1.0226929 1.2752675 0.96613437 234 88 12
-1.0484436 1.2789669 0.9631713 234 88 12
-1.3641825 1.3591278 0.9241209 234 88 12
-1.3791394 1.3588084 0.92259264 234 88 12
-1.4053106 1.3642343 0.91945106 234 88 12
-1.3222369 1.3346492 0.93038917 234 88 12
-1.4320993 1.3480784 0.9179315 234 88 12
-1.5062041 1.3647562 0.90893316 234 88 12
-1.4988514 1.356043 0.91037744 234 88 12
-1.3522499 1.3010241 0.92989969 234 88 12
-1.4308184 1.3270751 0.91970551 234 88 12
-1.137007 1.2165076 0.95885456 234 88 12
-1.1822677 1.2299335 0.95310557 234 88 12
-1.0557204 1.1791358 0.9702155 234 88 12
-1.0263778 1.1642681 0.97442418 234 88 12
-1.0258672 1.1563306 0.97509736 234 88 12
-1.0312819 1.1506536 0.97497863 234 88 12
-1.0482931 1.1496469 0.9732908 234 88 12
-1.0430316 1.1357812 0.97492051 234 88 12
-1.0693083 1.3076491 0.95571941 234 88 12
-0.94425684 1.2688224 0.97134733 234 88 12
-1.0161363 1.2841018 0.96290088 234 88 12
-1.2013723 1.329967 0.94063938 234 88 12
-1.0992402 1.299675 0.95329487 234 88 12
-1.3454877 1.3635854 0.92347717 234 88 12
-1.0492861 1.2796009 0.95988566 234 88 12
-1.3055487 1.3451966 0.92892486 234 88 12
-1.3305087 1.3497939 0.92604584 234 88 12
-1.390216 1.3623078 0.9190433 234 88 12
-1.4058676 1.3646533 0.91727889 234 88 12
-1.3477516 1.3401893 0.92503113 234 88 12
-1.3265654 1.32611 0.92825055 234 88 12
-1.328118 1.3240465 0.92825055 234 88 12
-1.4206865 1.3513097 0.91679472 234 88 12
-1.4795885 1.3620218 0.91001111 234 88 12
-1.4272373 1.3398768 0.91700256 234 88 12
-1.4859338 1.3516248 0.91016078 234 88 12
-1.0318049 1.1589615 0.9708519 234 88 12
-1.0242543 1.1521386 0.97213691 234 88 12
-1.0379381 1.1418881 0.97153199 234 88 12
-1.0409694 1.1272997 0.97233683 234 88 12
-1.0011069 1.2908152 0.96065533 234 88 12
-1.0741346 1.30293 0.9525426 234 88 12
-1.1898671 1.3244133 0.93951607 234 88 12
-1.2729785 1.3336889 0.93061846 234 88 12
-1.3596009 1.3536446 0.92058045 234 88 12
-1.393586 1.3590125 0.91682506 234 88 12
-1.3866278 1.352314 0.91801006 234 88 12
-1.4391944 1.357505 0.91243261 234 88 12
-1.450092 1.3566902 0.91141689 234 88 12
-1.4580718 1.3571665 0.91059339 234 88 12
-1.4574167 1.3547906 0.91083467 234 88 12
-1.454348 1.3427778 0.9120304 234 88 12
-1.4556674 1.3410242 0.9120304 234 88 12
-1.4022624 1.317112 0.91908169 234 88 12
-1.1095437 1.2035202 0.95643252 234 88 12
-1.1459444 1.2102273 0.95233905 234 88 12
-1.1649439 1.3326013 0.9386034 234 88 12
-1.0041207 1.2886214 0.95726085 234 88 12
-1.2294506 1.3435156 0.93160671 234 88 12
-1.2300748 1.3300811 0.93251926 234 88 12
-1.3700293 1.3427413 0.91813695 234 88 12
-1.3714914 1.3407979 0.91813695 234 88 12
-1.3908222 1.339824 0.91634756 234 88 12
-1.4077545 1.3406895 0.91465575 234 88 12
-1.4917184 1.3603413 0.90515447 234 88 12
-1.503876 1.3625147 0.90382737 234 88 12
-1.5280751 1.3690164 0.90102839 234 88 12
-1.5176331 1.3633307 0.90244466 234 88 12
-1.2560807 1.264165 0.93478882 234 88 12
-1.4726404 1.3407509 0.90840828 234 88 12
-1.3369659 1.2855142 0.92546093 234 88 12
-1.0622922 1.1676227 0.96042311 234 88 12
-1.2792693 1.3567252 0.92342377 234 88 12
-1.3977312 1.3851615 0.91032445 234 88 12
-1.0607299 1.2937824 0.9483282 234 88 12
-1.2052699 1.3292423 0.93229139 234 88 12
-1.2341952 1.3260522 0.92980701 234 88 12
-1.2981164 1.32853 0.92364544 234 88 12
-1.2997186 1.3264005 0.92364544 234 88 12
-1.2975854 1.3071153 0.92520428 234 88 12
-1.3133214 1.285244 0.92527169 234 88 12
-1.5130414 1.355782 0.90159464 234 88 12
-1.232838 1.24678 0.93552047 234 88 12
-1.1475708 1.2114509 0.94599646 234 88 12
-1.0411264 1.1519587 0.96015865 234 88 12
-1.032506 1.1446059 0.96148425 234 88 12
-1.6016452 1.2872988 0.89812189 234 88 12
-1.6039356 1.2842547 0.89812189 234 88 12
-1.3996487 1.3837657 0.90816474 234 88 12
-1.2359186 1.3377875 0.92623264 234 88 12
-1.2077405 1.327444 0.92950875 234 88 12
-1.287246 1.3464108 0.92096549 234 88 12
-1.3643306 1.3628839 0.91281366 234 88 12
-1.3332461 1.3443463 0.91691625 234 88 12
-1.3043071 1.3306836 0.92048919 234 88 12
-1.3783814 1.3458594 0.91270053 234 88 12
-1.4013633 1.3506957 0.91027534 234 88 12
-1.478695 1.3625722 0.90241611 234 88 12
-1.4867209 1.363189 0.90164262 234 88 12
-1.534277 1.3715796 0.89673501 234 88 12
-1.4959779 1.3560071 0.90129161 234 88 12
-1.5078508 1.3519951 0.90048492 234 88 12
-1.0263059 1.1620821 0.95737273 234 88 12
-1.0375305 1.158645 0.95658576 234 88 12
-1.0357116 1.1422725 0.9578737 234 88 12
-1.2165045 1.3384596 0.92531526 234 88 12
-1.4179351 1.3888621 0.90412331 234 88 12
-1.2867408 1.3516976 0.9182148 234 88 12
-1.3107719 1.3556426 0.91582429 234 88 12
-1.281844 1.3426553 0.91925073 234 88 12
-1.2544338 1.3323781 0.92236221 234 88 12
-1.3258816 1.3474513 0.91503221 234 88 12
-1.379265 1.360447 0.90943998 234 88 12
-1.0408261 1.2379026 0.9475683 234 88 12
-1.4577211 1.351422 0.90309477 234 88 12
-1.3504045 1.2939281 0.91642642 234 88 12
-1.2734329 1.2625073 0.92533451 234 88 12
-1.3787297 1.2967099 0.91373324 234 88 12
-1.0558649 1.1622826 0.95127422 234 88 12
-1.5922687 1.3016973 0.89449453 234 88 12
-1.5945591 1.2986531 0.89449453 234 88 12
-1.3882471 1.3835104 0.90499115 234 88 12
-1.3073509 1.3599862 0.91346729 234 88 12
-1.3300017 1.358714 0.91160232 234 88 12
-1.2742593 1.3356091 0.91788888 234 88 12
-1.2873453 1.3367088 0.91669279 234 88 12
-1.3215572 1.3414911 0.91344231 234 88 12
-1.1131037 1.2642064 0.93636173 234 88 12
-1.4788972 1.354618 0.89906693 234 88 12
-1.47124 1.3410497 0.90060282 234 88 12
-1.3767986 1.3039281 0.91112292 234 88 12
-1.4359448 1.321088 0.90492827 234 88 12
-1.3427185 1.283228 0.91539168 234 88 12
-1.0477253 1.1319822 0.95053476 234 88 12
-1.32523 1.3649987 0.90928614 234 88 12
-1.178206 1.3205163 0.92433804 234 88 12
-1.3943545 1.3765647 0.90279591 234 88 12
-1.3916795 1.3691068 0.90348697 234 88 12
-1.4078103 1.3714577 0.90199423 234 88 12
-1.4091803 1.3696369 0.90199423 234 88 12
-1.0404218 1.2420793 0.94074976 234 88 12
-1.0466431 1.2118496 0.9421277 234 88 12
-1.4311284 1.3194849 0.90331066 234 88 12
-1.3624226 1.2909633 0.91082984 234 88 12
-1.1832567 1.2161624 0.93046445 234 88 12
-1.1523027 1.2006955 0.93401629 234 88 12
-1.0598935 1.1606865 0.94423294 234 88 12
-1.0621165 1.1577319 0.94423294 234 88 12
-1.4399116 1.2282946 0.90829986 234 88 12
-1.4633112 1.2378985 0.90574592 234 88 12
-1.1581353 1.3154715 0.92347604 234 88 12
-1.2744256 1.3441656 0.91233367 234 88 12
-1.435806 1.3818278 0.89700216 234 88 12
-1.3792316 1.3612443 0.90282559 234 88 12
-1.1087281 1.2734035 0.93002659 234 88 12
-1.0369908 1.2484592 0.93734056 234 88 12
-0.98331904 1.2248212 0.94311512 234 88 12
-1.1522057 1.2448541 0.92824894 234 88 12
-1.3956228 1.3261114 0.90363711 234 88 12
-1.536252 1.3691345 0.88965666 234 88 12
-1.4247041 1.3148677 0.90197068 234 88 12
-1.3853219 1.297331 0.90621954 234 88 12
-1.3162057 1.2679681 0.91359031 234 88 12
-1.1859915 1.2141718 0.9273842 234 88 12
-1.0476269 1.1522728 0.94232941 234 88 12
-1.0543971 1.1432744 0.94232941 234 88 12
-1.1066436 1.0867738 0.94154263 234 88 12
-1.1514049 1.0890604 0.93778628 234 88 12
-1.4128903 1.2200186 0.90869242 234 88 12
-1.4390223 1.2307421 0.90592861 234 88 12
-1.4638983 1.2383403 0.90345633 234 88 12
-1.5353854 1.2689956 0.89581537 234 88 12
-1.5970995 1.2981808 0.88905358 234 88 12
-1.6074061 1.2844822 0.88905358 234 88 12
-1.6108418 1.279916 0.88905358 234 88 12
-1.1939294 1.3197066 0.91756833 234 88 12
-1.1931405 1.3107667 0.91815621 234 88 12
-1.1324228 1.2871752 0.92429447 234 88 12
-1.1343675 1.2845905 0.92429447 234 88 12
-1.1247612 1.2721232 0.9257797 234 88 12
-1.2579861 1.2844121 0.91463476 234 88 12
-1.3604025 1.314129 0.90487409 234 88 12
-1.5226567 1.3664558 0.8891018 234 88 12
-1.1867814 1.214766 0.92430395 234 88 12
-1.1112651 1.177955 0.93237782 234 88 12
-1.0815313 1.1585265 0.93584728 234 88 12
-1.0559294 1.1283879 0.93962389 234 88 12
-1.1307563 1.0988342 0.93550992 234 88 12
-1.3376276 1.1971426 0.91354108 234 88 12
-1.264371 1.1574773 0.92160624 234 88 12
-1.2084697 1.122192 0.92805594 234 88 12
-1.3974137 1.2151159 0.9078064 234 88 12
-1.4411277 1.2292097 0.9035573 234 88 12
-1.4426249 1.2272196 0.9035573 234 88 12
-1.4283059 1.2139295 0.90545964 234 88 12
-1.5873877 1.2951158 0.888237 234 88 12
-1.1278397 1.2925165 0.92135078 234 88 12
-1.1512669 1.2930305 0.91954958 234 88 12
-1.1569896 1.2854246 0.91954958 234 88 12
-1.0355833 1.2201823 0.93244475 234 88 12
-1.0501802 1.2068458 0.93209964 234 88 12
-1.1423048 1.232076 0.92369616 234 88 12
-1.1443049 1.2294177 0.92369616 234 88 12
-1.5409602 1.3692456 0.88573843 234 88 12
-1.3012077 1.2597469 0.91010302 234 88 12
-1.2790364 1.2480794 0.91244388 234 88 12
-1.3766367 1.2839189 0.90302247 234 88 12
-1.1081299 1.173328 0.92962408 234 88 12
-1.0846163 1.1562809 0.93237257 234 88 12
-1.0604156 1.1185839 0.93634814 234 88 12
-1.0770048 1.0976286 0.93628591 234 88 12
-1.0944647 1.1017187 0.93473262 234 88 12
-1.1185585 1.1051055 0.93271756 234 88 12
-1.1272708 1.1053151 0.93204671 234 88 12
-1.2130567 1.1430241 0.9234125 234 88 12
-1.1749638 1.1207303 0.9275623 234 88 12
-1.3796829 1.2121844 0.90687424 234 88 12
-1.3590508 1.1987411 0.90919971 234 88 12
-1.394226 1.2136415 0.90569139 234 88 12
-1.4157082 1.2189022 0.90376723 234 88 12
-1.4188181 1.2147689 0.90376723 234 88 12
-1.4273922 1.2164441 0.90302336 234 88 12
-1.4047059 1.2013785 0.90559655 234 88 12
-1.5435253 1.2736269 0.89098573 234 88 12
-1.5968845 1.3004028 0.88542622 234 88 12
-1.0882939 1.2783585 0.92202276 234 88 12
-1.0388609 1.2466868 0.92737359 234 88 12
-1.0342793 1.2237713 0.92896748 234 88 12
-1.1419075 1.2522217 0.91954327 234 88 12
-1.2318066 1.2791035 0.91150016 234 88 12
-1.2751019 1.2908001 0.90769529 234 88 12
-1.535542 1.3752807 0.8840313 234 88 12
-1.1471174 1.2273704 0.92052841 234 88 12
-1.4454823 1.3233875 0.89346057 234 88 12
-1.396396 1.3022469 0.89820737 234 88 12
-1.0833133 1.1598673 0.92889786 234 88 12
-1.0855074 1.1569512 0.92889786 234 88 12
-1.0649469 1.144634 0.93107635 234 88 12
-1.0671914 1.1416509 0.93107635 234 88 12
-1.0632186 1.1241149 0.93233019 234 88 12
-1.082396 1.124518 0.93090737 234 88 12
-1.098761 1.1120071 0.9303996 234 88 12
-1.1128476 1.1145571 0.92923063 234 88 12
-1.1406306 1.1158853 0.92712849 234 88 12
-1.2178541 1.1383333 0.92025483 234 88 12
-1.3517406 1.1952037 0.90735108 234 88 12
-1.3964728 1.212006 0.90316069 234 88 12
-1.4018822 1.2118632 0.90277344 234 88 12
-1.390174 1.1997724 0.904293 234 88 12
-1.506978 1.2539358 0.89278567 234 88 12
-1.316182 1.1471732 0.91258752 234 88 12
-1.5226446 1.2574594 0.89144778 234 88 12
-1.1538481 1.2565209 0.91543144 234 88 12
-1.21894 1.275093 0.90986258 234 88 12
-1.1930268 1.2632778 0.91231388 234 88 12
-1.5405555 1.3772056 0.88179892 234 88 12
-1.1439294 1.2332984 0.91736066 234 88 12
-1.4564092 1.3184261 0.89084053 234 88 12
-1.408414 1.2969943 0.89535671 234 88 12
-1.3260443 1.2613914 0.903045 234 88 12
-1.2600107 1.2317659 0.90926588 234 88 12
-1.2090737 1.2077948 0.91412389 234 88 12
-1.1162598 1.166128 0.92286909 234 88 12
-1.0558891 1.1292799 0.92907393 234 88 12
-1.1218077 1.1459588 0.92354721 234 88 12
-1.2395712 1.1872997 0.91306192 234 88 12
-1.2278959 1.1786388 0.91434324 234 88 12
-1.2333895 1.1708183 0.91437072 234 88 12
-1.141505 1.1165432 0.92371869 234 88 12
-1.3221015 1.1963797 0.9067679 234 88 12
-1.1479641 1.1079583 0.92371869 234 88 12
-1.3131671 1.1856046 0.90796816 234 88 12
-1.3685212 1.1915889 0.90375227 234 88 12
-1.3569291 1.1823578 0.90505791 234 88 12
-1.3735402 1.1849182 0.90375227 234 88 12
-1.4955972 1.2452898 0.89195609 234 88 12
-1.5167868 1.2543434 0.88998389 234 88 12
-1.1507339 1.2623115 0.91233718 234 88 12
-1.2000551 1.2721677 0.90848899 234 88 12
-1.391915 1.2958395 0.89426821 234 88 12
-1.4317898 1.3064915 0.89102018 234 88 12
-1.2554868 1.2301893 0.90687156 234 88 12
-1.2968307 1.243928 0.90336633 234 88 12
-1.2953814 1.2403178 0.90364885 234 88 12
-1.2351527 1.212206 0.90916842 234 88 12
-1.3517694 1.2551045 0.89906979 234 88 12
-1.1340852 1.1590508 0.9187358 234 88 12
-1.1584342 1.1658494 0.91673738 234 88 12
-1.1463441 1.153227 0.91820151 234 88 12
-1.2665805 1.2028941 0.90751201 234 88 12
-1.3191662 1.2201382 0.90306544 234 88 12
-1.3071023 1.2115607 0.90432137 234 88 12
-1.2973777 1.1975496 0.90569597 234 88 12
-1.2728267 1.1827264 0.90811753 234 88 12
-1.2504245 1.1652623 0.91052818 234 88 12
-1.3121727 1.1885341 0.90515256 234 88 12
-1.3280468 1.1899532 0.9040035 234 88 12
-1.3150977 1.1737074 0.90571076 234 88 12
-1.3489734 1.1878543 0.90269125 234 88 12
-1.3284266 1.1707481 0.90495777 234 88 12
-1.3026975 1.1470295 0.90791321 234 88 12
-1.4785864 1.2387989 0.89130062 234 88 12
-1.4944723 1.2447922 0.88991731 234 88 12
-1.457528 1.2190443 0.89373696 234 88 12
-1.2008095 1.2727354 0.90554708 234 88 12
-1.2204182 1.2762052 0.90409815 234 88 12
-1.5540826 1.3611628 0.87817156 234 88 12
-1.3760589 1.2898881 0.89327747 234 88 12
-1.4081377 1.2998487 0.89069688 234 88 12
-1.4337878 1.3050371 0.88876969 234 88 12
-1.3921535 1.2830969 0.89256114 234 88 12
-1.2834294 1.2356306 0.90197992 234 88 12
-1.3115736 1.244262 0.89972115 234 88 12
-1.3132796 1.2419946 0.89972115 234 88 12
-1.2672341 1.2194839 0.9038282 234 88 12
-1.2825686 1.2228597 0.90266263 234 88 12
-1.2066329 1.1869309 0.90937716 234 88 12
-1.2845192 1.2046937 0.90342671 234 88 12
-1.2586509 1.1896832 0.90585005 234 88 12
-1.2758677 1.1909827 0.90466356 234 88 12
-1.2224332 1.1626683 0.90953726 234 88 12
-1.2998915 1.1957197 0.90286458 234 88 12
-1.300827 1.1864445 0.90325862 234 88 12
-1.2951748 1.1804112 0.90392321 234 88 12
-1.3267518 1.1862851 0.90157592 234 88 12
-1.3302603 1.181622 0.90157592 234 88 12
-1.2777636 1.1513661 0.90648365 234 88 12
-1.1579925 1.0857177 0.91751486 234 88 12
-1.2237509 1.1161205 0.91173512 234 88 12
-1.1818258 1.0902421 0.9157387 234 88 12
-1.1682957 1.0790895 0.9171682 234 88 12
-1.206988 1.095825 0.91382396 234 88 12
-1.1885206 1.0779762 0.91590399 234 88 12
-1.5362247 1.3858657 0.87635791 234 88 12
-1.2827255 1.2447574 0.89886945 234 88 12
-1.242962 1.2224299 0.90240973 234 88 12
-1.3139725 1.2425158 0.89701927 234 88 12
-1.5435555 1.3367841 0.87821043 234 88 12
-1.5131438 1.321681 0.8808251 234 88 12
-1.3111159 1.2261746 0.89796764 234 88 12
-1.2319078 1.1845748 0.90488428 234 88 12
-1.1804718 1.1506292 0.90970224 234 88 12
-1.2766128 1.1915432 0.90175802 234 88 12
-1.3308808 1.2136393 0.89732087 234 88 12
-1.2761762 1.1813992 0.90226305 234 88 12
-1.3639262 1.2111909 0.89536786 234 88 12
-1.3086195 1.1640764 0.90104818 234 88 12
-1.2096784 1.1089453 0.90983719 234 88 12
-1.1741867 1.0864055 0.91312003 234 88 12
-1.1571411 1.0651624 0.9151873 234 88 12
-1.1593403 1.0622395 0.9151873 234 88 12
-1.1380234 1.0463848 0.91726816 234 88 12
-1.1402789 1.0433868 0.91726816 234 88 12
-1.2333139 1.2870755 0.89720875 234 88 12
-1.537835 1.3846935 0.87454426 234 88 12
-1.5389802 1.3831714 0.87454426 234 88 12
-1.5401254 1.3816494 0.87454426 234 88 12
-1.5492868 1.369473 0.87454426 234 88 12
-1.5550128 1.3618627 0.87454426 234 88 12
-1.4067491 1.2971858 0.88635272 234 88 12
-1.445348 1.3100686 0.88345695 234 88 12
-1.3320464 1.2590134 0.8925544 234 88 12
-1.3707696 1.2720702 0.88964337 234 88 12
-1.5535309 1.3391044 0.87565988 234 88 12
-1.1787156 1.1610235 0.90616971 234 88 12
-1.289588 1.2010039 0.8977176 234 88 12
-1.2913904 1.1986084 0.8977176 234 88 12
-1.3155689 1.1875365 0.89676726 234 88 12
-1.3712859 1.2089686 0.89245927 234 88 12
-1.202297 1.1204922 0.90658432 234 88 12
-1.2772815 1.1514822 0.90068978 234 88 12
-0.99818861 1.2256595 0.91057193 234 88 12
-1.0178505 1.2207639 0.90965581 234 88 12
-1.2143456 1.2811931 0.89578354 234 88 12
-1.3571639 1.2777678 0.88774312 234 88 12
-1.4693937 1.3198811 0.87949204 234 88 12
-1.5549204 1.3480316 0.87337422 234 88 12
-1.4600544 1.2993481 0.8809132 234 88 12
-1.2146245 1.1738331 0.90039867 234 88 12
-1.2225428 1.1739273 0.89994061 234 88 12
-1.2680216 1.1913162 0.89658314 234 88 12
-1.2309315 1.1708119 0.89959407 234 88 12
-1.3205043 1.2091863 0.89280331 234 88 12
-1.117664 1.0983677 0.90921301 234 88 12
-1.2554755 1.1581256 0.89873415 234 88 12
-1.1250235 1.0857408 0.90933573 234 88 12
-1.1307577 1.0763457 0.90941226 234 88 12
-1.1125211 1.0627636 0.9110437 234 88 12
-1.1192617 1.0578417 0.91086954 234 88 12
-1.1298044 1.0422399 0.91093814 234 88 12
-1.0142776 1.2274077 0.90610558 234 88 12
-1.0652779 1.2399852 0.90279847 234 88 12
-1.074931 1.2360531 0.90243232 234 88 12
-1.1823148 1.2679157 0.89524764 234 88 12
-1.322383 1.2642387 0.88773787 234 88 12
-1.5453625 1.3483763 0.87207943 234 88 12
-1.4368263 1.2946609 0.88022637 234 88 12
-1.0889972 1.1372957 0.90572709 234 88 12
-1.3132257 1.227762 0.88973981 234 88 12
-1.2357017 1.1869844 0.89565814 234 88 12
-1.2400602 1.1855384 0.89547926 234 88 12
-1.2609857 1.1782012 0.89463669 234 88 12
-1.1116971 1.1038245 0.90586287 234 88 12
-1.1139313 1.1008551 0.90586287 234 88 12
-1.1367245 1.0877812 0.90515423 234 88 12
-1.0135177 1.234919 0.90237492 234 88 12
-1.0000315 1.227046 0.90338522 234 88 12
-1.0640079 1.2434812 0.89941144 234 88 12
-1.179281 1.2735568 0.89223325 234 88 12
-1.3133476 1.2609092 0.88575006 234 88 12
-1.1855284 1.1826642 0.89546776 234 88 12
-1.0899029 1.137977 0.90219545 234 88 12
-1.3589544 1.248027 0.88388062 234 88 12
-1.3205038 1.2281318 0.88666123 234 88 12
-1.4000844 1.2606001 0.88124728 234 88 12
-1.1315519 1.1368963 0.90006983 234 88 12
-1.107801 1.1142941 0.90219134 234 88 12
-1.1187396 1.1074225 0.90189111 234 88 12
-1.1008693 1.0948415 0.90331399 234 88 12
-1.1149049 1.0975201 0.90247852 234 88 12
-1.1208085 1.0963315 0.90221775 234 88 12
-1.1198729 1.0877235 0.90260357 234 88 12
-1.1149414 1.0770051 0.90328008 234 88 12
-0.98299688 1.2519196 0.89978015 234 88 12
-1.0004922 1.242366 0.89927095 234 88 12
-1.1934682 1.2846197 0.88816649 234 88 12
-1.1603643 1.2710066 0.89030802 234 88 12
-1.1838608 1.269079 0.88921881 234 88 12
-1.5257639 1.3471538 0.8694253 234 88 12
-1.5117488 1.3395165 0.87040156 234 88 12
-1.4365568 1.2974457 0.87568015 234 88 12
-1.1883538 1.1806074 0.89228547 234 88 12
-1.4655287 1.2949184 0.8743428 234 88 12
-1.1457034 1.1473129 0.89563012 234 88 12
-1.0821798 1.1149362 0.89997196 234 88 12
-1.1008824 1.1153749 0.89903164 234 88 12
-0.99969131 1.2642709 0.89504004 234 88 12
-1.0285691 1.2687852 0.8935312 234 88 12
-1.2896347 1.3393642 0.8788439 234 88 12
-1.0035353 1.2473325 0.89545608 234 88 12
-1.0660341 1.2622652 0.89200902 234 88 12
-1.0456003 1.2526733 0.89330173 234 88 12
-1.3582519 1.3417451 0.8755523 234 88 12
-1.1630936 1.2690198 0.88723397 234 88 12
-1.1827303 1.2721903 0.88620442 234 88 12
-1.5331039 1.3563722 0.86686349 234 88 12
-1.5097519 1.3432294 0.8684175 234 88 12
-1.4898251 1.3265361 0.86993623 234 88 12
-1.5067631 1.3289311 0.86906016 234 88 12
-1.3452041 1.2598253 0.87904376 234 88 12
-1.348487 1.2554621 0.87904376 234 88 12
-1.1891699 1.1812214 0.88910311 234 88 12
-1.1129501 1.1407559 0.8940897 234 88 12
-1.1038831 1.1210077 0.89520824 234 88 12
-1.1017932 1.1160601 0.89547992 234 88 12
-0.97773439 1.2622693 0.89261067 234 88 12
-1.0316223 1.2665627 0.89009237 234 88 12
-1.0505936 1.2615609 0.88942182 234 88 12
-1.0443158 1.2562089 0.88987619 234 88 12
-1.0651753 1.2589486 0.88886559 234 88 12
-1.2856297 1.3224361 0.87703979 234 88 12
-1.4237385 1.3621334 0.86963379 234 88 12
-1.1844598 1.2855527 0.88272387 234 88 12
-1.3255428 1.3267665 0.87513638 234 88 12
-1.0687521 1.2425991 0.88925028 234 88 12
-1.3143562 1.3179251 0.87592292 234 88 12
-1.3175987 1.3136157 0.87592292 234 88 12
-1.5154262 1.3477349 0.86606896 234 88 12
-1.5278232 1.3355942 0.86592507 234 88 12
-1.1611605 1.1621262 0.88784552 234 88 12
-1.1320235 1.1417477 0.88980615 234 88 12
-0.95804375 1.2900593 0.88902628 234 88 12
-0.97887832 1.2881027 0.88822424 234 88 12
-0.98111469 1.2851305 0.88822424 234 88 12
-1.2153507 1.3388909 0.87684578 234 88 12
-0.98143762 1.2709444 0.88865298 234 88 12
-1.3630525 1.3678964 0.8698234 234 88 12
-1.3021414 1.3486986 0.87294489 234 88 12
-1.1404687 1.3009094 0.88113141 234 88 12
-1.290962 1.3403629 0.87366784 234 88 12
-1.2360885 1.3220111 0.87651283 234 88 12
-1.4350713 1.376821 0.86656201 234 88 12
-1.2778641 1.3285714 0.87457788 234 88 12
-1.2795359 1.3263494 0.87457788 234 88 12
-1.3980016 1.3568256 0.86872077 234 88 12
-1.401688 1.355618 0.86860567 234 88 12
-1.3529092 1.3356348 0.87124908 234 88 12
-1.3293701 1.3230243 0.87261719 234 88 12
-1.2128553 1.2734219 0.87898958 234 88 12
-1.4250097 1.2932655 0.86958295 234 88 12
-1.3481787 1.2586468 0.8738445 234 88 12
-1.3498203 1.2564652 0.8738445 234 88 12
-1.1557546 1.171073 0.88454479 234 88 12
-1.0915923 1.139873 0.88817507 234 88 12
-1.0921201 1.1242503 0.88864011 234 88 12
-1.1029096 1.1250905 0.88816696 234 88 12
-1.088492 1.1064336 0.88934571 234 88 12
-1.0929139 1.1002982 0.88935375 234 88 12
-0.99166983 1.2987105 0.88393265 234 88 12
-1.03879 1.2968119 0.88216197 234 88 12
-1.103024 1.3069224 0.87937802 234 88 12
-1.4019051 1.3832278 0.86557102 234 88 12
-1.2489846 1.3260304 0.87316465 234 88 12
-1.3391643 1.3493261 0.86899078 234 88 12
-1.2064397 1.2990534 0.87559986 234 88 12
-1.238157 1.2881682 0.87468815 234 88 12
-1.2417448 1.2833997 0.87468815 234 88 12
-1.116962 1.238224 0.8808409 234 88 12
-1.5461364 1.3814046 0.86003494 234 88 12
-1.4793224 1.3432672 0.86373603 234 88 12
-1.5386611 1.3630561 0.86085957 234 88 12
-1.5398428 1.3614855 0.86085957 234 88 12
-1.5320252 1.3544525 0.86136758 234 88 12
-1.5402434 1.347332 0.86125672 234 88 12
-1.0751923 1.1450427 0.88517642 234 88 12
-1.1743513 1.1828284 0.8802321 234 88 12
-1.1347176 1.1473057 0.88280368 234 88 12
-1.1180546 1.1360716 0.88377696 234 88 12
-1.0853655 1.113431 0.88570386 234 88 12
-1.0468849 1.3158615 0.87803668 234 88 12
-1.0706866 1.3183599 0.87711018 234 88 12
-1.0277439 1.304571 0.87903357 234 88 12
-1.0759338 1.3132141 0.87706059 234 88 12
-1.0375282 1.3002852 0.87879694 234 88 12
-1.1018354 1.3101941 0.87620819 234 88 12
-1.2234036 1.3360965 0.87111962 234 88 12
-1.3181874 1.3537406 0.86722147 234 88 12
-1.2524883 1.3301305 0.87023234 234 88 12
-1.2593563 1.3210022 0.87023234 234 88 12
-1.3489814 1.345016 0.86634743 234 88 12
-1.3714774 1.3468899 0.86548501 234 88 12
-1.2566612 1.3060617 0.87073511 234 88 12
-1.2943161 1.3151125 0.86913109 234 88 12
-1.3768165 1.336297 0.8655799 234 88 12
-1.1683036 1.2624079 0.87510741 234 88 12
-1.3532963 1.3209764 0.86684424 234 88 12
-1.4713552 1.3405488 0.86205411 234 88 12
-1.0783676 1.1427313 0.88160002 234 88 12
-1.114554 1.1425806 0.88029873 234 88 12
-0.94785321 1.3139006 0.8781293 234 88 12
-1.0082911 1.3238965 0.8758601 234 88 12
-1.1840903 1.3604047 0.86907285 234 88 12
-1.2569528 1.3717636 0.86635453 234 88 12
-1.0716729 1.3254213 0.87370545 234 88 12
-1.0737088 1.3227155 0.87370545 234 88 12
-1.2721925 1.3650678 0.86601388 234 88 12
-1.3575292 1.3813977 0.86275417 234 88 12
-1.0768337 1.3073848 0.87398624 234 88 12
-1.4015875 1.3881179 0.8611142 234 88 12
-1.1046497 1.3081455 0.87303835 234 88 12
-1.3780215 1.3774447 0.86216921 234 88 12
-1.3291906 1.3620319 0.86418694 234 88 12
-1.221488 1.3101376 0.86908692 234 88 12
-1.0812967 1.2619088 0.87497973 234 88 12
-1.0989158 1.2638584 0.87434244 234 88 12
-1.1771338 1.284646 0.87120837 234 88 12
-1.0861728 1.2530832 0.87503862 234 88 12
-1.14324 1.2643811 0.87284929 234 88 12
-1.1146907 1.2518661 0.87411696 234 88 12
-1.1472236 1.2590866 0.87284929 234 88 12
-1.1218251 1.2473954 0.87399107 234 88 12
-1.111663 1.2405939 0.87450123 234 88 12
-1.2028226 1.267885 0.87077171 234 88 12
-1.1735179 1.2547462 0.87208033 234 88 12
-1.5550828 1.3714501 0.85640758 234 88 12
-1.5130038 1.3454163 0.85846668 234 88 12
-1.5095116 1.3375517 0.85878086 234 88 12
-1.4407446 1.3053331 0.8618865 234 88 12
-1.1800864 1.1786538 0.87377268 234 88 12
-1.1564984 1.1648656 0.87490666 234 88 12
-1.0070161 1.3274058 0.87246019 234 88 12
-1.2041541 1.3625877 0.86559504 234 88 12
-1.2369823 1.3674697 0.86447442 234 88 12
-1.310377 1.3796734 0.86193919 234 88 12
-1.3275071 1.3741401 0.86154103 234 88 12
-1.3193903 1.3696398 0.86189425 234 88 12
-1.3936683 1.3863516 0.85922772 234 88 12
-1.303913 1.3606478 0.86257708 234 88 12
-1.258039 1.3432631 0.86438709 234 88 12
-1.4044995 1.3802965 0.85903507 234 88 12
-1.3829325 1.3721362 0.85988569 234 88 12
-1.2292881 1.3185397 0.86584085 234 88 12
-1.2097753 1.3070172 0.86670613 234 88 12
-1.1088769 1.273945 0.8705678 234 88 12
-1.1835793 1.290077 0.86790168 234 88 12
-1.0367619 1.2416556 0.87352771 234 88 12
-1.0980016 1.2537292 0.87136865 234 88 12
-1.0438535 1.2183403 0.87384856 234 88 12
-1.0460782 1.2153835 0.87384856 234 88 12
-1.4932647 1.3312922 0.85744184 234 88 12
-1.4572393 1.3146104 0.85893321 234 88 12
-1.493813 1.3269902 0.85752434 234 88 12
-1.1063844 1.1665684 0.87312466 234 88 12
-1.4441789 1.3019753 0.85962605 234 88 12
-1.0946128 1.154048 0.8737753 234 88 12
-1.0802017 1.1441113 0.87444729 234 88 12
-1.1636404 1.1682236 0.87132859 234 88 12
-1.0976421 1.1357715 0.8741045 234 88 12
-1.1067746 1.1358291 0.87382275 234 88 12
-1.0881392 1.123611 0.87467712 234 88 12
-1.2420624 1.3794781 0.86141843 234 88 12
-1.2437391 1.3772497 0.86141843 234 88 12
-1.3837082 1.404071 0.85693324 234 88 12
-1.2210475 1.3614196 0.86238748 234 88 12
-1.2616136 1.3683708 0.86110491 234 88 12
-1.2869443 1.3718884 0.8603214 234 88 12
-1.2885535 1.3697498 0.8603214 234 88 12
-1.222738 1.3481245 0.86262029 234 88 12
-1.2937833 1.3557477 0.86046994 234 88 12
-1.323283 1.3610593 0.85953188 234 88 12
-1.1652397 1.3127053 0.86497694 234 88 12
-1.3495531 1.3608304 0.85880095 234 88 12
-1.4264179 1.379988 0.85624456 234 88 12
-1.3214482 1.3479481 0.85985953 234 88 12
-1.3340814 1.3490273 0.85948294 234 88 12
-1.009249 1.2482934 0.87070298 234 88 12
-1.1107011 1.2682031 0.86744213 234 88 12
-1.0226505 1.2303406 0.8707059 234 88 12
-1.0248985 1.2273527 0.8707059 234 88 12
-1.026436 1.2091473 0.87104648 234 88 12
-1.5542471 1.3695518 0.85288447 234 88 12
-1.5108292 1.3492472 0.85452831 234 88 12
-1.2435914 1.2357635 0.8644039 234 88 12
-1.1005565 1.1721025 0.86975121 234 88 12
-1.1582364 1.1771672 0.86802912 234 88 12
-1.1603198 1.1743982 0.86802912 234 88 12
-1.082628 1.1295179 0.87115067 234 88 12
-1.1440705 1.3496071 0.86183852 234 88 12
-1.2383623 1.3685081 0.85909253 234 88 12
-1.1453294 1.3440027 0.86191332 234 88 12
-1.2234889 1.3596425 0.85963774 234 88 12
-1.1091735 1.3231201 0.86322588 234 88 12
-1.1740998 1.3333471 0.86138815 234 88 12
-1.2478032 1.3466586 0.85926968 234 88 12
-1.0778582 1.2957785 0.86453885 234 88 12
-1.0617665 1.2847338 0.86515635 234 88 12
-1.0502667 1.2781525 0.86557269 234 88 12
-1.0424517 1.2725136 0.86587781 234 88 12
-1.0009509 1.2572426 0.86721873 234 88 12
-1.0688858 1.2696946 0.86526251 234 88 12
-1.0568228 1.2486298 0.86596888 234 88 12
-1.0091692 1.2264944 0.86759615 234 88 12
-1.3117406 1.2744205 0.85902709 234 88 12
-1.4188104 1.3097699 0.85564464 234 88 12
-1.2199712 1.2267754 0.86225647 234 88 12
-1.1016062 1.1766115 0.86620677 234 88 12
-1.0779409 1.1633749 0.86705768 234 88 12
-1.2894111 1.2355807 0.86033159 234 88 12
-1.1240631 1.1631171 0.86589545 234 88 12
-1.2305444 1.2010251 0.86247915 234 88 12
-1.1066386 1.1244334 0.86707288 234 88 12
-1.3257616 1.3961658 0.85398078 234 88 12
-1.384846 1.4049269 0.85249662 234 88 12
-1.1467228 1.3476764 0.85885113 234 88 12
-1.2847129 1.3770742 0.85523295 234 88 12
-1.2525778 1.3642819 0.85617667 234 88 12
-1.1899495 1.3463546 0.85789675 234 88 12
-1.1248361 1.3243178 0.85974288 234 88 12
-1.1641395 1.3311958 0.85873777 234 88 12
-1.1057492 1.3132133 0.86036301 234 88 12
-1.0667144 1.2998732 0.86147195 234 88 12
-0.99102843 1.2730175 0.86363894 234 88 12
-0.99328059 1.2700243 0.86363894 234 88 12
-1.0760249 1.289044 0.86144567 234 88 12
-1.0037154 1.2364157 0.86397457 234 88 12
-1.3898673 1.3014879 0.85414183 234 88 12
-1.2188339 1.2299055 0.85922396 234 88 12
-1.2207488 1.2273605 0.85922396 234 88 12
-1.3761686 1.2690626 0.85500276 234 88 12
-1.1179384 1.1570256 0.86274314 234 88 12
-0.95010388 1.3133299 0.86031127 234 88 12
-1.1303874 1.3502744 0.85617357 234 88 12
-1.0937872 1.3389636 0.85707062 234 88 12
-1.3309188 1.3905914 0.85158283 234 88 12
-1.2672666 1.3707519 0.85314536 234 88 12
-0.98262775 1.29623 0.85992038 234 88 12
-1.3670864 1.3852888 0.85094297 234 88 12
-1.0385789 1.2929801 0.85885638 234 88 12
-1.1217511 1.30829 0.85697347 234 88 12
-1.0501411 1.2858034 0.85873389 234 88 12
-1.0187064 1.2737975 0.85953856 234 88 12
-1.0075041 1.2671596 0.85986066 234 88 12
-0.9874329 1.2579502 0.86039752 234 88 12
-1.0162209 1.2552208 0.8598659 234 88 12
-1.0069183 1.2340844 0.86036712 234 88 12
-1.5493919 1.383854 0.84733927 234 88 12
-1.5539726 1.3777658 0.84733927 234 88 12
-1.46272 1.3293971 0.84987748 234 88 12
-1.1004237 1.1880344 0.85919672 234 88 12
-1.0913965 1.1693887 0.8596552 234 88 12
-1.1077483 1.1721406 0.85928887 234 88 12
-1.123657 1.1673135 0.85904479 234 88 12
-1.2135853 1.1977532 0.85680109 234 88 12
-1.0863652 1.1400061 0.86019486 234 88 12
-1.1338192 1.3304135 0.85336208 234 88 12
-1.0276172 1.2905662 0.85569978 234 88 12
-0.99650288 1.268173 0.8565231 234 88 12
-0.99272406 1.2562054 0.85674256 234 88 12
-1.5487118 1.385726 0.84552562 234 88 12
-1.5293273 1.3569649 0.84622979 234 88 12
-1.0814136 1.1772612 0.85623974 234 88 12
-1.1056595 1.182915 0.8557505 234 88 12
-1.0733851 1.1625239 0.85656786 234 88 12
-1.0756437 1.1595222 0.85656786 234 88 12
-1.0779021 1.1565205 0.85656786 234 88 12
-1.1000996 1.1578457 0.8561697 234 88 12
-0.98483992 1.3116512 0.85267019 234 88 12
-0.99619466 1.2934585 0.85270393 234 88 12
-1.0093638 1.2897768 0.85255373 234 88 12
-0.99586648 1.2827777 0.85282469 234 88 12
-1.4988869 1.3435272 0.84490049 234 88 12
-1.1085128 1.1917858 0.85218662 234 88 12
-1.3179566 1.2543718 0.84848201 234 88 12
-0.98521066 1.2840557 0.84940976 234 88 12
-1.558499 1.3702418 0.84193712 234 88 12
-1.2042227 1.2320716 0.84730309 234 88 12
-1.089367 1.1771941 0.84913158 234 88 12
-1.1529638 1.1912522 0.84826297 234 88 12
-1.3596747 1.2715502 0.84513491 234 88 12
-0.9661746 1.3083187 0.84585392 234 88 12
-1.11588 1.1915658 0.84529883 234 88 12
-1.1180342 1.1887027 0.84529883 234 88 12
-1.1201884 1.1858395 0.84529883 234 88 12
-1.0693532 1.1618954 0.84591663 234 88 12
-1.0744975 1.1600266 0.84588307 234 88 12
-1.0728936 1.1554428 0.84592843 234 88 12
-1.0779141 1.1535419 0.84589624 234 88 12
-1.5188698 1.3621972 0.83858526 234 88 12
-1.4928186 1.3506513 0.83880168 234 88 12
-1.4702445 1.3401761 0.83899146 234 88 12
-1.4474843 1.329452 0.83918351 234 88 12
-1.2120993 1.2223313 0.84115207 234 88 12
-1.1546596 1.1925281 0.84164959 234 88 12
-1.5182614 1.3765513 0.83659995 234 88 12
-1.1502966 1.2471694 0.83821964 234 88 12
-1.2229817 1.2625087 0.83792645 234 88 12
-1.2415279 1.2659321 0.8378529 234 88 12
-1.0617781 1.1944888 0.83866572 234 88 12
-1.3977953 1.3086951 0.83719701 234 88 12
-1.2623398 1.2549214 0.83780932 234 88 12
-1.2251202 1.2277365 0.83801007 234 88 12
-1.1043258 1.1726375 0.83857483 234 88 12
-1.5024033 1.3566854 0.83469623 234 88 12
-1.0694394 1.1862075 0.83510345 234 88 12
-1.2446451 1.2453324 0.83494401 234 88 12
-1.0964054 1.1850274 0.8350845 234 88 12
-1.5192096 1.3752555 0.83274347 234 88 12
-1.1519424 1.2484077 0.83180147 234 88 12
-1.1641783 1.2424887 0.83181733 234 88 12
-1.5016481 1.3587639 0.83268243 234 88 12
-1.184209 1.2428737 0.83185869 234 88 12
-1.0658543 1.1928738 0.83154118 234 88 12
-1.2381201 1.2495389 0.83197868 234 88 12
-1.224417 1.2411715 0.83193791 234 88 12
-1.39871 1.3043188 0.83238947 234 88 12
-1.230145 1.2335583 0.83193791 234 88 12
-1.0736461 1.1688244 0.8315202 234 88 12
-1.1306703 1.1838169 0.83165926 234 88 12
-1.0774302 1.1546129 0.83150613 234 88 12
-1.1014737 1.1566654 0.83155823 234 88 12
-1.2061059 1.2703136 0.82892555 234 88 12
-1.1233813 1.2249745 0.82836431 234 88 12
-1.2167861 1.2483892 0.8288976 234 88 12
-1.5619183 1.3725789 0.8310042 234 88 12
-1.1970989 1.2311673 0.82874084 234 88 12
-1.2030159 1.2233031 0.82874084 234 88 12
-1.5430354 1.3532978 0.83084381 234 88 12
-1.459215 1.3155822 0.83030492 234 88 12
-1.1183428 1.1754168 0.82816106 234 88 12
-1.498409 1.3493288 0.82856429 234 88 12
-1.5306463 1.3591443 0.82886451 234 88 12
-1.5554918 1.3664131 0.82909423 234 88 12
-1.5048712 1.3407398 0.82856429 234 88 12
-1.5508109 1.3565224 0.82900238 234 88 12
-1.4428926 1.3117452 0.82792938 234 88 12
-1.1386751 1.2275584 0.82183433 234 88 12
-1.5122291 1.358892 0.82672656 234 88 12
-1.4818984 1.3434449 0.8262921 234 88 12
-1.4815577 1.338779 0.82625216 234 88 12
-1.1291382 1.1915538 0.821455 234 88 12
-1.5147152 1.3403629 0.82660794 234 88 12
-1.3510637 1.2727813 0.82438642 234 88 12
-1.1661766 1.188099 0.82181168 234 88 12
-1.1070386 1.1559986 0.82094908 234 88 12
-1.5205895 1.355781 0.82480425 234 88 12
-1.123567 1.200774 0.81805348 234 88 12
-1.1303958 1.188659 0.81802344 234 88 12
-1.1922995 1.2096486 0.81904459 234 88 12
-1.1222758 1.1779312 0.81781065 234 88 12
-1.0890931 1.1567043 0.8171646 234 88 12
-1.0944449 1.1430697 0.81710011 234 88 12
-1.4398165 1.3332022 0.82125735 234 88 12
-1.4447333 1.3229306 0.82121253 234 88 12
-1.2628665 1.2348659 0.81725866 234 88 12
-1.5684966 1.3720089 0.82194787 234 88 12
-1.5284489 1.3548748 0.82095611 234 88 12
-1.4035356 1.3023168 0.81787527 234 88 12
-1.1749928 1.2033315 0.8121987 234 88 12
-1.1770517 1.2005949 0.8121987 234 88 12
-1.1603932 1.1902515 0.81174082 234 88 12
-1.1069087 1.1450284 0.81010145 234 88 12
-1.2204385 1.1904035 0.81286782 234 88 12
-1.1863741 1.2391541 0.80973536 234 88 12
-1.5712553 1.369316 0.82013428 234 88 12
-1.0897027 1.1735557 0.8065902 234 88 12
-1.2174678 1.2171397 0.81004828 234 88 12
-1.2080164 1.2064174 0.80967098 234 88 12
-1.1615133 1.1836762 0.80830085 234 88 12
-1.1509988 1.1680787 0.80782163 234 88 12
-1.1089042 1.1422089 0.80649579 234 88 12
-1.5671176 1.375746 0.81831992 234 88 12
-1.5206532 1.3565785 0.81683743 234 88 12
-1.555553 1.3655049 0.81785071 234 88 12
-1.5717205 1.369666 0.81832063 234 88 12
-1.0906167 1.1742433 0.80302596 234 88 12
-1.315829 1.2569405 0.81002474 234 88 12
-1.1931521 1.2006048 0.80600554 234 88 12
-1.57625 1.3555728 0.81817269 234 88 12
-1.147572 1.1744509 0.80441654 234 88 12
-1.149722 1.1715932 0.80441654 234 88 12
-1.1064852 1.1494044 0.8029573 234 88 12
-1.1024867 1.1397148 0.8026824 234 88 12
-1.3863517 1.2600948 0.81179965 234 88 12
-1.2085973 1.2445424 0.80406487 234 88 12
-1.537068 1.3607788 0.81536412 234 88 12
-1.5515127 1.3641571 0.81582558 234 88 12
-1.3113034 1.2644303 0.80726153 234 88 12
-1.1775012 1.2052188 0.80241632 234 88 12
-1.3165375 1.2574736 0.80726153 234 88 12
-1.3434155 1.2653447 0.80815262 234 88 12
-1.1521828 1.1577488 0.80075824 234 88 12
-1.5215631 1.3551711 0.81281829 234 88 12
-1.5329652 1.3552258 0.81316149 234 88 12
-1.1213328 1.1869782 0.7970202 234 88 12
-1.2178975 1.2215601 0.80069649 234 88 12
-1.1257017 1.1811714 0.7970202 234 88 12
-1.1904505 1.2036139 0.7994684 234 88 12
-1.1401131 1.1757076 0.79732907 234 88 12
-1.1226526 1.1607692 0.79646838 234 88 12
-1.112247 1.1683832 0.79275757 234 88 12
-1.2996538 1.2292142 0.80041039 234 88 12
-1.5080981 1.3505344 0.80818027 234 88 12
-1.4279947 1.318143 0.8044551 234 88 12
-1.0913426 1.1797211 0.78873777 234 88 12
-1.127476 1.1825064 0.79010087 234 88 12
-1.1131518 1.1690639 0.78922945 234 88 12
-1.1652133 1.1829722 0.79145896 234 88 12
-1.1203654 1.1604046 0.78925437 234 88 12
-1.1550879 1.1712459 0.79078329 234 88 12
-1.1033714 1.1452901 0.78824294 234 88 12
-1.105648 1.1422642 0.78824294 234 88 12
-1.4899073 1.343953 0.80521756 234 88 12
-1.3743231 1.2981558 0.79944104 234 88 12
-1.3856844 1.2997496 0.79992461 234 88 12
-1.0990133 1.1714295 0.78517109 234 88 12
-1.1305476 1.1802704 0.78664118 234 88 12
-1.1660731 1.183619 0.78810591 234 88 12
-1.3808429 1.3008525 0.7972247 234 88 12
-1.4481958 1.3237498 0.80072194 234 88 12
-1.1087387 1.1833221 0.78231728 234 88 12
-1.1444366 1.1824461 0.78376603 234 88 12
-1.5569887 1.3693199 0.80473685 234 88 12
-1.527166 1.3560964 0.80297881 234 88 12
-1.3572001 1.2894082 0.7932477 234 88 12
-1.1635584 1.1905408 0.78139985 234 88 12
-1.136258 1.1679766 0.77944261 234 88 12
-1.5273203 1.3563459 0.80097562 234 88 12
-1.3130788 1.2699291 0.78783202 234 88 12
-1.1083215 1.1876323 0.77528065 234 88 12
-1.1105431 1.1846796 0.77528065 234 88 12
-1.269224 1.24034 0.78472012 234 88 12
-1.2123024 1.2141601 0.78111398 234 88 12
-1.1942101 1.2033182 0.77987856 234 88 12
-1.1387982 1.1693388 0.77606726 234 88 12
-1.1030871 1.1503761 0.77371496 234 88 12
-1.1099288 1.1412827 0.77371496 234 88 12
-1.1965317 1.2289982 0.77765059 234 88 12
-1.503383 1.343078 0.79725903 234 88 12
-1.3381399 1.2768857 0.7865209 234 88 12
-1.1207521 1.181393 0.7720781 234 88 12
-1.1061797 1.1677903 0.77083939 234 88 12
-1.1353047 1.1758349 0.77259594 234 88 12
-1.1166736 1.1642812 0.77123153 234 88 12
-1.5252484 1.3538027 0.7967149 234 88 12
-1.2354159 1.2407358 0.77691656 234 88 12
-1.1172292 1.1879438 0.76857758 234 88 12
-1.0973245 1.1645072 0.76659524 234 88 12
-1.4886642 1.3378458 0.79196537 234 88 12
-1.1936048 1.2215638 0.77066094 234 88 12
-1.3536695 1.271868 0.78168285 234 88 12
-1.5434623 1.3589801 0.79391837 234 88 12
-1.1057564 1.1841218 0.76057136 234 88 12
-1.227169 1.2280777 0.7696209 234 88 12
-1.3162923 1.2570872 0.77612019 234 88 12
-1.110815 1.1706234 0.7602728 234 88 12
-1.1227238 1.1986015 0.75864756 234 88 12
-1.348317 1.2818204 0.77636456 234 88 12
-1.1566586 1.2042797 0.76099628 234 88 12
-1.1241435 1.1840153 0.75806016 234 88 12
-1.1045902 1.1881825 0.75341153 234 88 12
-1.0954311 1.1729308 0.75208318 234 88 12
-1.0977106 1.1699011 0.75208318 234 88 12
-1.1068828 1.1578051 0.75208777 234 88 12
-1.1055292 1.1615311 0.74847788 234 88 12
-1.1041691 1.1925336 0.74630815 234 88 12
-1.1015106 1.1876683 0.74586457 234 88 12
-1.1037647 1.1846727 0.74586457 234 88 12
-1.1358821 1.1820358 0.74797982 234 88 12
-1.1303102 1.1877376 0.74429965 234 88 12
-1.119621 1.1718818 0.7426458 234 88 12
-1.5829625 -0.89996058 0.21828172 234 88 12
-1.5793352 -0.90020293 0.21540107 234 88 12
-1.5754188 -0.90978509 0.21370773 234 88 12
-1.5841681 -0.90432739 0.20884967 234 88 12
-1.581502 -0.90699345 0.20884967 234 88 12
-1.5768405 -0.90381199 0.2111714 234 88 12
-1.5787021 -0.92991471 0.20289321 234 88 12
-1.5663674 -0.91524774 0.21088645 234 88 12
-1.5648075 -0.92138487 0.20565274 234 88 12
-1.5854424 -0.91939592 0.19636247 234 88 12
-1.5810921 -0.90689665 0.19738539 234 88 12
-1.5840619 -0.90552008 0.19306475 234 88 12
-1.5762382 -0.90352136 0.19586089 234 88 12
-1.5677321 -0.91024041 0.1963696 234 88 12
-1.5650568 -0.92309439 0.19347204 234 88 12
-1.5829172 -0.90247816 0.19038424 234 88 12
-1.5839446 -0.92643076 0.18334404 234 88 12
-1.574788 -0.92044318 0.18761221 234 88 12
-1.5768199 -0.92661613 0.18148077 234 88 12
-1.552916 -0.93041521 0.18708996 234 88 12
-1.5838079 -0.91640025 0.17855528 234 88 12
-1.5802953 -0.91648161 0.17950287 234 88 12
-1.5719658 -0.94330162 0.1743964 234 88 12
-1.5528266 -0.93049437 0.18321893 234 88 12
-1.5804211 -0.89616364 0.18118848 234 88 12
-1.5662595 -0.91770196 0.17917217 234 88 12
-1.5594302 -0.91893923 0.18070067 234 88 12
-1.5726714 -0.92632943 0.16741309 234 88 12
-1.5666922 -0.93956137 0.16547167 234 88 12
-1.5801662 -0.89653939 0.16949707 234 88 12
-1.5763365 -0.90637302 0.16790691 234 88 12
-1.6290137 -1.0689406 0.11089878 234 88 12
-1.5855446 -0.95331079 0.15303653 234 88 12
-1.572557 -0.9363789 0.16096082 234 88 12
-1.5630951 -0.92000872 0.1678025 234 88 12
-1.553444 -0.92358166 0.16941231 234 88 12
-1.5429207 -0.93481481 0.16922429 234 88 12
-1.6696855 -1.2015626 0.06223404 234 88 12
-1.5586184 -0.91804332 0.16562678 234 88 12
-1.5371085 -0.93931252 0.16568983 234 88 12
-1.5902473 -0.97708237 0.13824542 234 88 12
-1.6451923 -1.1327933 0.080614872 234 88 12
-1.5579079 -0.94624704 0.15082057 234 88 12
-1.5790114 -0.89461255 0.15476416 234 88 12
-1.5789882 -0.90513146 0.15210286 234 88 12
-1.565401 -0.90749264 0.15494937 234 88 12
-1.5644761 -0.92518163 0.1506986 234 88 12
-1.5593234 -0.95032793 0.14562891 234 88 12
-1.5499696 -0.93516666 0.15184507 234 88 12
-1.5396466 -0.93716127 0.15395683 234 88 12
-1.5250372 -0.94756824 0.15502244 234 88 12
-1.5942929 -0.9404397 0.13555959 234 88 12
-1.6151959 -1.0306002 0.10771092 234 88 12
-1.6488671 -1.1515532 0.068939619 234 88 12
-1.5683082 -0.93613052 0.14315565 234 88 12
-1.6411012 -1.1757315 0.064824261 234 88 12
-1.6248524 -1.1405839 0.077711686 234 88 12
-1.5614756 -0.9843024 0.13279001 234 88 12
-1.5453837 -0.95214969 0.14488712 234 88 12
-1.5285627 -0.94723189 0.15033802 234 88 12
-1.5834165 -0.90846366 0.14247635 234 88 12
-1.5671561 -0.93327099 0.14035732 234 88 12
-1.6479622 -1.2081367 0.052176099 234 88 12
-1.5471306 -0.9569146 0.13946028 234 88 12
-1.54599 -0.96329677 0.13816074 234 88 12
-1.5832279 -0.90827513 0.13874261 234 88 12
-1.5782601 -0.9040947 0.14098498 234 88 12
-1.5680919 -0.91613889 0.14052515 234 88 12
-1.5620561 -0.91948527 0.14118437 234 88 12
-1.5458984 -0.94462538 0.13898261 234 88 12
-1.5520716 -0.97899687 0.12904461 234 88 12
-1.5306104 -0.95283437 0.14071777 234 88 12
-1.5865126 -0.918405 0.13166718 234 88 12
-1.5669668 -0.91330808 0.13763809 234 88 12
-1.5577936 -1.0026538 0.11821227 234 88 12
-1.5521035 -0.9972651 0.12089667 234 88 12
-1.5355945 -0.96538442 0.13262151 234 88 12
-1.5256156 -0.95008063 0.13874751 234 88 12
-1.5918505 -0.93462574 0.12271883 234 88 12
-1.5670862 -0.90372646 0.1360496 234 88 12
-1.5702204 -0.92283684 0.1307223 234 88 12
-1.5768538 -0.95139533 0.12229429 234 88 12
-1.6264328 -1.1751406 0.056836449 234 88 12
-1.6110219 -1.1439582 0.067994997 234 88 12
-1.5416849 -0.9806512 0.12371037 234 88 12
-1.5870787 -0.92082065 0.12339301 234 88 12
-1.5815651 -0.91491008 0.12609684 234 88 12
-1.5684758 -0.92832458 0.12601985 234 88 12
-1.5658416 -0.93095893 0.12601985 234 88 12
-1.6396585 -1.1429074 0.058385696 234 88 12
-1.5973216 -1.1178447 0.074337624 234 88 12
-1.5357627 -0.97536671 0.12262853 234 88 12
-1.5604801 -1.0521888 0.098596446 234 88 12
-1.6116854 -1.0404646 0.08588466 234 88 12
-1.5876459 -0.9821853 0.10513642 234 88 12
-1.5302442 -0.95304137 0.12537667 234 88 12
-1.5725032 -0.89958209 0.12412491 234 88 12
-1.6115193 -1.0402985 0.08259578 234 88 12
-1.6037185 -1.0273644 0.087386802 234 88 12
-1.5754266 -0.95810831 0.10992633 234 88 12
-1.5632336 -0.91470546 0.11891975 234 88 12
-1.5776187 -0.92539304 0.10941665 234 88 12
-1.566856 -0.92514968 0.11189797 234 88 12
-1.5693865 -0.94207114 0.10751252 234 88 12
-1.5916748 -0.97579718 0.091286667 234 88 12
-0.36686525 -1.7149622 0.35136512 234 88 12
-0.35344714 -1.7262529 0.34877634 234 88 12
-0.34225523 -1.7078582 0.35344025 234 88 12
-0.33829698 -1.7090336 0.35320535 234 88 12
-0.37123761 -1.7120802 0.3482891 234 88 12
-0.36911646 -1.7046798 0.35010529 234 88 12
-0.35760134 -1.7060803 0.34992006 234 88 12
-0.34657988 -1.7240649 0.34572142 234 88 12
-0.34607878 -1.7076079 0.34970421 234 88 12
-0.33881947 -1.7064109 0.35008994 234 88 12
-0.33060881 -1.7104163 0.34923139 234 88 12
-0.28096741 -2.210716 0.22713149 234 88 12
-0.35285118 -1.7113037 0.34498942 234 88 12
-0.28287339 -2.2106857 0.22522818 234 88 12
-0.2809715 -2.2107904 0.22522818 234 88 12
-0.38495737 -1.7327734 0.33581567 234 88 12
-0.38576373 -1.7137721 0.34025443 234 88 12
-0.38025415 -1.721638 0.33848363 234 88 12
-0.32386598 -1.7065358 0.34274653 234 88 12
-0.3893232 -1.7145458 0.33631298 234 88 12
-0.3883231 -1.7029947 0.33898726 234 88 12
-0.3804175 -1.7048541 0.33865908 234 88 12
-0.32698449 -1.9148145 0.29095751 234 88 12
-0.36165291 -1.7399188 0.33081743 234 88 12
-0.3604576 -1.7284858 0.33346701 234 88 12
-0.35442057 -1.722222 0.33498687 234 88 12
-0.35287836 -1.7115436 0.33746698 234 88 12
-0.35002893 -1.7070998 0.33852705 234 88 12
-0.33855349 -1.7084185 0.33836874 234 88 12
-0.33088067 -1.7094718 0.33822334 234 88 12
-0.32351527 -1.7087826 0.33847556 234 88 12
-0.31457832 -1.7175967 0.33655795 234 88 12
-0.36151841 -1.7059747 0.33488742 234 88 12
-0.3310377 -1.7293333 0.32997254 234 88 12
-0.3058975 -1.7488209 0.32586858 234 88 12
-0.29947305 -1.7668697 0.32185721 234 88 12
-0.30970946 -1.7477295 0.32245928 234 88 12
-0.30594245 -1.7256724 0.32742333 234 88 12
-0.29284307 -2.1307497 0.23508424 234 88 12
-0.38335213 -1.7402458 0.31960109 234 88 12
-0.37345955 -1.7361476 0.3206189 234 88 12
-0.36716989 -1.7481159 0.31807104 234 88 12
-0.36426887 -1.7283086 0.32244831 234 88 12
-0.34388813 -1.7388495 0.3203834 234 88 12
-0.30718863 -1.7178988 0.32541919 234 88 12
-0.31797868 -1.9814055 0.26478407 234 88 12
-0.36621109 -1.7194721 0.32065696 234 88 12
-0.36102071 -1.7089289 0.32299048 234 88 12
-0.3529591 -1.7301142 0.31852081 234 88 12
-0.35308978 -1.7112408 0.32258639 234 88 12
-0.3426007 -1.707562 0.32350352 234 88 12
-0.33857983 -1.7090434 0.323232 234 88 12
-0.33100981 -1.7095218 0.3232187 234 88 12
-0.3239125 -1.7072437 0.3237938 234 88 12
-0.31392747 -1.7223548 0.32065585 234 88 12
-0.30848113 -1.7098322 0.323419 234 88 12
-0.3695285 -1.7042545 0.32013452 234 88 12
-0.3354058 -1.7263038 0.31586307 234 88 12
-0.30114341 -1.708923 0.31994298 234 88 12
-0.29619509 -1.7171152 0.31826586 234 88 12
-0.290759 -1.7293718 0.31204793 234 88 12
-0.28995234 -1.7084972 0.31639954 234 88 12
-0.28151441 -1.7154472 0.31505039 234 88 12
-0.34707361 -1.7234203 0.30894357 234 88 12
-0.31179023 -1.7359827 0.30677396 234 88 12
-0.3065502 -1.7227726 0.30953151 234 88 12
-0.26980242 -1.7196949 0.31057346 234 88 12
-0.3599939 -1.749053 0.29996163 234 88 12
-0.36503834 -1.7083212 0.30807465 234 88 12
-0.33813775 -1.7121857 0.30759653 234 88 12
-0.32280228 -1.775811 0.29500589 234 88 12
-0.33126211 -1.7088832 0.30833477 234 88 12
-0.32345474 -1.7106994 0.30805671 234 88 12
-0.32007414 -1.7085328 0.30852854 234 88 12
-0.30595469 -1.7267752 0.30502591 234 88 12
-0.29528913 -1.7487961 0.3007274 234 88 12
-0.29374203 -1.7087219 0.3087813 234 88 12
-0.28960586 -1.7114234 0.30828515 234 88 12
-0.26498306 -1.7293148 0.30496883 234 88 12
-0.36344269 -1.7160383 0.30282056 234 88 12
-0.35240474 -1.7512451 0.29601109 234 88 12
-0.34124011 -1.7348967 0.29934958 234 88 12
-0.3388024 -1.7285308 0.30062884 234 88 12
-0.35017082 -1.7082729 0.30073574 234 88 12
-0.28694963 -1.7310802 0.29700416 234 88 12
-0.26746646 -1.7398911 0.29551011 234 88 12
-0.26076213 -1.7662092 0.2905001 234 88 12
-0.34396625 -1.7579653 0.28763419 234 88 12
-0.34740829 -1.722469 0.2943188 234 88 12
-0.32371342 -1.7311778 0.29291686 234 88 12
-0.27481017 -1.7398421 0.2917861 234 88 12
-0.26921153 -1.7556117 0.2888588 234 88 12
-0.25955528 -1.8063053 0.2793617 234 88 12
-0.34272146 -1.7084538 0.29326111 234 88 12
-0.33501884 -1.7095939 0.29312819 234 88 12
-0.35421899 -1.7073123 0.28959247 234 88 12
-0.33756351 -1.7358023 0.2845785 234 88 12
-0.32553932 -1.799286 0.2697292 234 88 12
-0.33545724 -1.7075779 0.28596497 234 88 12
-0.26748434 -2.0527108 0.22516385 234 88 12
-0.35422325 -1.7076688 0.28200096 234 88 12
-0.34986612 -1.7107631 0.28150326 234 88 12
-0.34689909 -1.7067902 0.28222442 234 88 12
-0.33941659 -1.7264209 0.27887356 234 88 12
-0.33569667 -1.7266256 0.27887356 234 88 12
-0.32897511 -1.7432674 0.27603653 234 88 12
-0.25008076 -2.1521618 0.20550193 234 88 12
-0.3383919 -1.7123502 0.27758592 234 88 12
-0.32148519 -1.7652487 0.26516283 234 88 12
-0.33282232 -1.7799983 0.25909713 234 88 12
-0.33350614 -1.7389421 0.2657876 234 88 12
-0.3443808 -1.7205443 0.26496872 234 88 12
0.91588956 -1.2695249 0.88432693 234 88 12
0.90717119 -1.2526289 0.88523591 234 88 12
0.9134593 -1.2423414 0.8854512 234 88 12
0.92028284 -1.2326005 0.88562977 234 88 12
0.93670243 -1.2418694 0.88479185 234 88 12
0.93433243 -1.2261109 0.88547158 234 88 12
0.89867961 -1.2480966 0.88210118 234 88 12
0.95543551 -1.2484876 0.88054663 234 88 12
1.1154168 -1.4621516 0.86849666 234 88 12
0.92681265 -1.228669 0.87847745 234 88 12
0.95224941 -1.2314918 0.87774414 234 88 12
0.95283306 -1.2194383 0.87813193 234 88 12
0.90591252 -1.2572371 0.87451428 234 88 12
0.90356296 -1.2482409 0.87484479 234 88 12
0.91291672 -1.2417349 0.87482846 234 88 12
0.91879725 -1.2369422 0.87483972 234 88 12
0.93054217 -1.227314 0.87486404 234 88 12
0.93342274 -1.2248268 0.87487388 234 88 12
0.94607282 -1.2293131 0.87444395 234 88 12
0.94907391 -1.2270552 0.87444395 234 88 12
1.2123334 -1.6762573 0.85278028 234 88 12
1.2153776 -1.6739669 0.85278028 234 88 12
0.95846689 -1.2525522 0.86999607 234 88 12
0.96110851 -1.230969 0.87054485 234 88 12
1.0345792 -1.3286235 0.86626178 234 88 12
0.88488966 -1.2732946 0.86741638 234 88 12
0.8853476 -1.267977 0.86754221 234 88 12
0.89175749 -1.2697757 0.86737466 234 88 12
0.90729684 -1.2768731 0.86689919 234 88 12
0.9052788 -1.2685132 0.86714917 234 88 12
0.96747524 -1.3286901 0.86444223 234 88 12
0.92150187 -1.2466966 0.86739236 234 88 12
0.99152935 -1.2976406 0.86476994 234 88 12
0.97282684 -1.2536246 0.86280876 234 88 12
0.97568196 -1.2513601 0.86281139 234 88 12
1.2133832 -1.6776525 0.84733927 234 88 12
1.2149051 -1.6765072 0.84733927 234 88 12
1.0211339 -1.4442691 0.85485643 234 88 12
0.88326234 -1.2774019 0.8602373 234 88 12
0.88230902 -1.2704343 0.86039013 234 88 12
0.89047581 -1.2624761 0.86042619 234 88 12
0.90542209 -1.2688261 0.86007631 234 88 12
0.90380168 -1.254828 0.86037892 234 88 12
0.90779853 -1.2537661 0.86034024 234 88 12
0.9178654 -1.2420354 0.86042285 234 88 12
0.92193121 -1.241099 0.86038065 234 88 12
0.93322748 -1.2372096 0.86028898 234 88 12
0.95205683 -1.2437339 0.85987753 234 88 12
1.0337692 -1.349759 0.8565467 234 88 12
0.94888288 -1.2266352 0.86026502 234 88 12
1.0149424 -1.3123682 0.8575719 234 88 12
0.91959858 -1.2443035 0.85677141 234 88 12
0.94059622 -1.2280707 0.85677886 234 88 12
0.97547859 -1.2446412 0.85604388 234 88 12
0.96764135 -1.2270548 0.85644698 234 88 12
1.0083102 -1.2666668 0.85524172 234 88 12
0.89628023 -1.2871928 0.85281706 234 88 12
0.89722896 -1.2767057 0.8529582 234 88 12
0.92497945 -1.2813631 0.85258943 234 88 12
0.95855135 -1.2140025 0.8531974 234 88 12
0.96158594 -1.2117193 0.8531974 234 88 12
1.0388708 -1.2993008 0.85109293 234 88 12
1.003281 -1.2399843 0.85233617 234 88 12
0.97686714 -1.2071441 0.84951741 234 88 12
0.98112178 -1.1998984 0.84956473 234 88 12
1.0362362 -1.2767792 0.84817886 234 88 12
1.0602603 -1.3072801 0.84761006 234 88 12
0.9140259 -1.2737705 0.84575582 234 88 12
0.90536433 -1.2570047 0.84596473 234 88 12
0.91412812 -1.2619219 0.84586143 234 88 12
0.92771691 -1.2730551 0.84566981 234 88 12
0.91957343 -1.2505345 0.84592688 234 88 12
0.92702788 -1.2415789 0.84595692 234 88 12
0.93407595 -1.2383276 0.8459385 234 88 12
0.94652092 -1.2296755 0.84593213 234 88 12
0.94954693 -1.2273988 0.84593213 234 88 12
0.96284771 -1.2133815 0.84596807 234 88 12
0.97583127 -1.2054977 0.8459512 234 88 12
0.99211729 -1.2163578 0.84574378 234 88 12
1.0968162 -1.3687479 0.84366953 234 88 12
0.98984551 -1.1992726 0.8459124 234 88 12
0.92122865 -1.2648838 0.84223461 234 88 12
0.9341796 -1.2693342 0.84214616 234 88 12
0.96642983 -1.257021 0.84207171 234 88 12
0.96262878 -1.2391158 0.84220105 234 88 12
0.96207064 -1.2188221 0.8423301 234 88 12
0.94034696 -1.2529249 0.83866596 234 88 12
0.95985276 -1.2666088 0.8385672 234 88 12
0.99154091 -1.2481596 0.83854842 234 88 12
1.0400019 -1.2883561 0.83828163 234 88 12
0.91899037 -1.2621812 0.83152133 234 88 12
0.91957182 -1.2568152 0.83151132 234 88 12
0.93771034 -1.2494407 0.83152407 234 88 12
0.98239475 -1.3027773 0.8317011 234 88 12
1.0147442 -1.3459326 0.82867354 234 88 12
0.97052628 -1.3274963 0.82510984 234 88 12
0.93425357 -1.2756486 0.82096744 234 88 12
0.9477827 -1.281027 0.82112855 234 88 12
0.93479723 -1.2580696 0.82078958 234 88 12
0.96139038 -1.2808051 0.82123232 234 88 12
1.2316134 -1.6352623 0.82700902 234 88 12
0.9168871 -1.2596955 0.81703538 234 88 12
0.92415267 -1.2628062 0.81714809 234 88 12
0.92295706 -1.2551285 0.81703538 234 88 12
0.95334417 -1.288249 0.81777114 234 88 12
0.93497884 -1.2583237 0.81719625 234 88 12
0.93798536 -1.2560617 0.81719625 234 88 12
0.9612205 -1.2805836 0.81774831 234 88 12
1.249544 -1.6591827 0.82557523 234 88 12
0.97995418 -1.3283793 0.8152464 234 88 12
0.95205688 -1.2806133 0.81415075 234 88 12
0.97210151 -1.2949941 0.81462026 234 88 12
1.0085481 -1.3651388 0.81301534 234 88 12
0.94202906 -1.2736503 0.81036383 234 88 12
0.97594827 -1.3000908 0.81133723 234 88 12
1.125855 -1.5029583 0.81471795 234 88 12
0.94147247 -1.2790356 0.80334944 234 88 12
0.98148006 -1.3247563 0.80519563 234 88 12
0.94999355 -1.2779731 0.80347967 234 88 12
1.2003759 0.96540529 1.0157713 234 88 12
1.2014223 0.96880144 1.0157555 234 88 12
1.2058502 0.95986086 1.0052071 234 88 12
1.2081282 0.95682722 1.0016811 234 88 12
1.2053756 0.9639287 1.0016807 234 88 12
1.7957075 0.90902585 1.0030568 234 88 12
1.2206695 0.97044653 0.99829566 234 88 12
1.7970382 0.90749228 1.0012866 234 88 12
1.7585957 0.91576308 1.0008723 234 88 12
1.6855477 0.920187 1.0000348 234 88 12
1.226838 0.92630213 0.99114591 234 88 12
1.3428167 0.92953432 0.99288577 234 88 12
1.2569364 0.93571287 0.99164551 234 88 12
1.239084 0.9397856 0.99140328 234 88 12
1.2636631 0.94554573 0.99180049 234 88 12
1.216324 0.95113862 0.99112904 234 88 12
1.226061 0.92333663 0.98756832 234 88 12
1.2305075 0.9337104 0.98771858 234 88 12
1.221246 0.94101697 0.98760176 234 88 12
1.3244913 0.9401691 0.98945093 234 88 12
1.2199143 0.94804633 0.98762548 234 88 12
1.2140027 0.95877165 0.98759204 234 88 12
1.212177 0.96234608 0.98758346 234 88 12
1.2149463 0.9690991 0.98767906 234 88 12
1.2301077 0.92025137 0.9840703 234 88 12
1.2561328 0.92313582 0.98464233 234 88 12
1.2514914 0.93354493 0.98462731 234 88 12
1.2845535 0.93906534 0.98536873 234 88 12
1.2297957 0.96930027 0.98095232 234 88 12
1.2666259 0.92049319 0.97794491 234 88 12
1.2843118 0.96960115 0.97893673 234 88 12
1.2421867 0.93198788 0.97386861 234 88 12
1.2512633 0.93513489 0.97418207 234 88 12
1.2262635 0.94300252 0.97350937 234 88 12
1.2215607 0.94669592 0.9734084 234 88 12
1.2165841 0.96089804 0.97342014 234 88 12
1.2310075 0.93987083 0.97005689 234 88 12
1.2681382 0.94181919 0.97133285 234 88 12
1.2142936 0.975492 0.96994686 234 88 12
1.2152158 0.97601354 0.96640706 234 88 12
1.2390541 0.93770939 0.95962888 234 88 12
1.2300115 0.94853204 0.95941454 234 88 12
1.2289405 0.95206511 0.95942593 234 88 12
1.2954388 0.95208788 0.96230131 234 88 12
1.232692 0.96225065 0.95975435 234 88 12
1.2269214 0.96604282 0.95956677 234 88 12
1.2178378 0.97700346 0.95935297 234 88 12
1.2681401 0.95740038 0.95774835 234 88 12
1.2516285 0.96171021 0.95705724 234 88 12
1.7846422 0.93586224 0.98135263 234 88 12
1.7941843 0.93695468 0.9818148 234 88 12
1.2447447 0.95583028 0.95308894 234 88 12
1.3476443 0.95349985 0.95815283 234 88 12
1.2953833 0.9596886 0.95567477 234 88 12
1.7680905 0.93546563 0.97868425 234 88 12
1.3570082 0.95963585 0.95554292 234 88 12
1.7319069 0.93814182 0.97492737 234 88 12
1.2354821 0.95049822 0.94533712 234 88 12
1.2456272 0.95345962 0.94596863 234 88 12
1.235971 0.9608779 0.94558424 234 88 12
1.5142386 0.94764084 0.96090698 234 88 12
1.6172251 0.94375378 0.96659935 234 88 12
1.750003 0.93727183 0.97390723 234 88 12
1.6450982 0.94639236 0.96821809 234 88 12
1.5119061 0.9482128 0.95806807 234 88 12
1.3278186 0.96251374 0.94747138 234 88 12
1.5559243 0.95296526 0.96078485 234 88 12
1.7968162 0.93794829 0.97473413 234 88 12
1.2682405 0.96014392 0.94038284 234 88 12
1.4531595 0.95501935 0.95182705 234 88 12
1.3231091 0.96652204 0.94396502 234 88 12
1.6876178 0.94415766 0.96623409 234 88 12
1.2499605 0.94455057 0.93528116 234 88 12
1.3775506 0.95430964 0.94391769 234 88 12
1.3380586 0.95976818 0.94145513 234 88 12
1.6705451 0.94358981 0.96292764 234 88 12
1.3833796 0.93928045 0.94075608 234 88 12
1.247008 0.95216209 0.93167579 234 88 12
1.2549639 0.96203494 0.93248248 234 88 12
1.7349516 0.93762976 0.96498805 234 88 12
1.7829288 0.93630052 0.96826607 234 88 12
1.2496276 0.94566143 0.92807788 234 88 12
1.5539412 0.9347719 0.94978637 234 88 12
1.2649812 0.95861483 0.92954177 234 88 12
1.4550924 0.95070148 0.94307321 234 88 12
1.4290437 0.95512933 0.94131041 234 88 12
1.3339986 0.94566011 0.93083614 234 88 12
1.6236764 0.93876487 0.95253533 234 88 12
1.774691 0.93200552 0.96375722 234 88 12
1.7701101 0.93779141 0.96357608 234 88 12
1.2411276 0.95762151 0.92051572 234 88 12
1.7257774 0.93328202 0.95801556 234 88 12
1.338168 0.95869744 0.92820138 234 88 12
1.2528712 0.95063514 0.91761214 234 88 12
1.2876896 0.95229238 0.9205243 234 88 12
1.7703798 0.92917317 0.95946634 234 88 12
1.7851496 0.93197417 0.96076673 234 88 12
1.4699559 0.95670694 0.93563676 234 88 12
1.3084488 0.95174962 0.91876638 234 88 12
1.7168969 0.93243486 0.95305073 234 88 12
1.7797427 0.93260533 0.95842725 234 88 12
1.7634957 0.93547094 0.95713121 234 88 12
1.2959547 0.94626856 0.91401738 234 88 12
1.3409985 0.94737244 0.91805315 234 88 12
1.2976835 0.95616925 0.91450268 234 88 12
1.4222571 0.95214242 0.92542666 234 88 12
1.2609797 0.96846676 0.9116565 234 88 12
1.2661999 0.95506573 0.90806925 234 88 12
1.2836204 0.9608618 0.90987504 234 88 12
-0.89319009 1.4021195 0.74159688 234 88 12
-0.9366684 1.6030005 0.67971253 234 88 12
-0.98431587 1.8327054 0.60920978 234 88 12
-1.0039672 1.9241483 0.58105719 234 88 12
-1.0109161 1.9210241 0.58105719 234 88 12
-1.0099875 1.8817704 0.59219474 234 88 12
-1.0154349 1.9029827 0.58555186 234 88 12
-0.9599843 1.5232075 0.69917107 234 88 12
-0.96944863 1.5642598 0.68645126 234 88 12
-0.96108609 1.4878064 0.70897073 234 88 12
-0.94739759 1.3713456 0.74339437 234 88 12
-0.95085949 1.3697891 0.74339437 234 88 12
-0.91400784 1.4878082 0.71165067 234 88 12
-0.98445588 1.8330169 0.60700339 234 88 12
-1.0040866 1.9244139 0.57917488 234 88 12
-1.0127729 1.9205086 0.57917488 234 88 12
-1.0068455 1.8497345 0.5995664 234 88 12
-0.99566734 1.7664279 0.62409329 234 88 12
-0.99788731 1.7654299 0.62409329 234 88 12
-0.98359191 1.6377861 0.66132021 234 88 12
-0.99041575 1.8740169 0.59290612 234 88 12
-1.0001343 1.9134272 0.58088487 234 88 12
-1.007086 1.8633319 0.59378207 234 88 12
-0.94741631 1.4408048 0.71716726 234 88 12
-0.94908082 1.3806969 0.73346645 234 88 12
-0.92096895 1.5544448 0.68617487 234 88 12
-0.91128159 1.4901962 0.70480067 234 88 12
-1.0002565 1.9136988 0.57896024 234 88 12
-1.0012696 1.8277794 0.60216349 234 88 12
-0.99127233 1.7375572 0.62787884 234 88 12
-0.94764036 1.4413031 0.71363693 234 88 12
-0.951864 1.4229664 0.71809977 234 88 12
-0.89161766 1.4102917 0.72535157 234 88 12
-1.0000483 1.9220986 0.57489377 234 88 12
-1.0200716 1.9181269 0.57354349 234 88 12
-0.9853043 1.6651007 0.64565325 234 88 12
-0.97043705 1.5468699 0.6791814 234 88 12
-0.96440989 1.7537143 0.62200636 234 88 12
-0.98950404 1.6919816 0.63539165 234 88 12
-0.9462375 1.3830332 0.72252131 234 88 12
-0.95076436 1.3889906 0.72040069 234 88 12
-0.89208913 1.4113402 0.71792299 234 88 12
-0.99417984 1.9017003 0.57730573 234 88 12
-1.0106148 1.9058598 0.57427746 234 88 12
-0.96792394 1.5490712 0.672867 234 88 12
-0.9464739 1.383559 0.71879619 234 88 12
-0.92052311 1.5338967 0.67930275 234 88 12
-0.96860027 1.761349 0.61476463 234 88 12
-1.0130334 1.884758 0.57761061 234 88 12
-1.0174609 1.9001913 0.5730958 234 88 12
-0.94915473 1.424422 0.70433414 234 88 12
-0.8987782 1.4247732 0.70660806 234 88 12
-1.0046856 1.8705424 0.58029383 234 88 12
-0.96192515 1.5287725 0.67271417 234 88 12
-0.94988155 1.3795872 0.71229422 234 88 12
-1.0014067 1.9272828 0.56434143 234 88 12
-1.003305 1.9273206 0.564116 234 88 12
-0.99227101 1.8110663 0.59477246 234 88 12
-1.0101956 1.8786299 0.57564682 234 88 12
-1.022707 1.8823475 0.57328403 234 88 12
-0.89631999 1.4111966 0.70325619 234 88 12
-0.99855381 1.8463857 0.58306456 234 88 12
-0.9966166 1.8094988 0.59249645 234 88 12
-0.99984288 1.7722473 0.60143948 234 88 12
-0.94841528 1.3923999 0.70210087 234 88 12
-0.9540599 1.3809003 0.7043395 234 88 12
-1.0078096 1.9203186 0.56173658 234 88 12
-1.0021517 1.8780643 0.57278764 234 88 12
-0.97519088 1.712602 0.61659509 234 88 12
-0.99412119 1.7941341 0.5943827 234 88 12
-0.99627239 1.7931669 0.5943827 234 88 12
-0.98804384 1.7278761 0.61140168 234 88 12
-0.98389518 1.6856127 0.62228757 234 88 12
-0.99134243 1.7165776 0.613823 234 88 12
-0.95006621 1.4264494 0.68997139 234 88 12
-0.97659457 1.6893529 0.61958891 234 88 12
-0.9799633 1.642151 0.63071692 234 88 12
-0.95029408 1.4269562 0.68638074 234 88 12
-0.95058882 1.4049964 0.69169718 234 88 12
-0.96097636 1.7329922 0.60819578 234 88 12
-1.0036647 1.8967546 0.56420445 234 88 12
-0.95883656 1.6179775 0.63608223 234 88 12
-0.96672964 1.6468544 0.62828553 234 88 12
-0.98600996 1.7296576 0.60629129 234 88 12
-0.99937016 1.9051008 0.56077641 234 88 12
-1.0019093 1.8866888 0.56487513 234 88 12
-1.0040877 1.8876013 0.56442618 234 88 12
-0.99339008 1.7881224 0.58917642 234 88 12
-0.97652388 1.6366882 0.62691516 234 88 12
-0.94820344 1.4344419 0.67793506 234 88 12
-0.95109934 1.3813254 0.69023198 234 88 12
-0.92263138 1.5398257 0.65251571 234 88 12
-0.99991453 1.9175973 0.55590487 234 88 12
-1.0037662 1.8618571 0.56855357 234 88 12
-0.94383758 1.4282006 0.67642516 234 88 12
-0.94277841 1.3982236 0.68355721 234 88 12
-0.95048636 1.4252114 0.67642516 234 88 12
-0.94864416 1.3885813 0.68519783 234 88 12
-0.89747846 1.4130563 0.68127978 234 88 12
-0.90945464 1.4551458 0.67031008 234 88 12
-1.0041392 1.9291703 0.55094212 234 88 12
-0.99714589 1.8354479 0.5733248 234 88 12
-0.96280235 1.621932 0.62622917 234 88 12
-0.96054417 1.5534626 0.64228475 234 88 12
-0.89598191 1.404883 0.67971867 234 88 12
-0.98335767 1.8322588 0.5733515 234 88 12
-0.94069403 1.5113374 0.65087217 234 88 12
-0.97557771 1.6959896 0.60520905 234 88 12
-0.94685811 1.508566 0.65087217 234 88 12
-0.95145923 1.5164442 0.64860499 234 88 12
-0.95766646 1.5347284 0.64380133 234 88 12
-0.93963945 1.399577 0.67645419 234 88 12
-0.94305938 1.3980393 0.67645419 234 88 12
-0.94746894 1.4030917 0.6748507 234 88 12
-0.90356803 1.4423234 0.66692638 234 88 12
-0.93630314 1.5911669 0.6301586 234 88 12
-0.99589163 1.874653 0.56040978 234 88 12
-0.94400048 1.5479312 0.63909984 234 88 12
-0.929142 1.4443167 0.66389358 234 88 12
-0.94556493 1.5196553 0.645298 234 88 12
-0.94707006 1.5090375 0.64753276 234 88 12
-0.93642366 1.4238596 0.66775632 234 88 12
-0.94876766 1.3861644 0.67498249 234 88 12
-0.92506599 1.5330845 0.64118153 234 88 12
-0.97875768 1.7957765 0.57760406 234 88 12
-0.97147608 1.7308341 0.59272444 234 88 12
-0.99432516 1.8427191 0.56564766 234 88 12
-0.93349129 1.4684905 0.65465951 234 88 12
-0.90430534 1.4261496 0.66341454 234 88 12
-0.98152989 1.8097906 0.57199854 234 88 12
-0.99618506 1.8641688 0.5586766 234 88 12
-0.99655408 1.8425517 0.56336391 234 88 12
-0.97505367 1.6749729 0.60209382 234 88 12
-0.93158001 1.3924512 0.66809851 234 88 12
-0.94101495 1.4282322 0.65935308 234 88 12
-0.90134656 1.4103091 0.66357005 234 88 12
-0.91583258 1.4663866 0.65009046 234 88 12
-0.97304046 1.7518836 0.58306605 234 88 12
-0.99087107 1.8349322 0.56345409 234 88 12
-0.95864093 1.6445732 0.60757089 234 88 12
-0.93309456 1.4441726 0.65320307 234 88 12
-0.93123907 1.4117869 0.66035742 234 88 12
-0.91199189 1.4456513 0.65145385 234 88 12
-0.97096151 1.7403238 0.58329511 234 88 12
-1.0014135 1.8805523 0.55063176 234 88 12
-0.98325437 1.7665797 0.57655048 234 88 12
-1.0047004 1.8759712 0.55129033 234 88 12
-0.93060315 1.4287101 0.65327328 234 88 12
-0.93487507 1.4107777 0.65667117 234 88 12
-0.91456085 1.4583931 0.64507079 234 88 12
-0.91345811 1.433529 0.65037245 234 88 12
-0.92384768 1.4701569 0.64173865 234 88 12
-0.93890196 1.5156552 0.63081205 234 88 12
-0.93538278 1.4762495 0.63938075 234 88 12
-0.98691595 1.7589043 0.57544667 234 88 12
-0.93170696 1.4128275 0.65298498 234 88 12
-0.93966854 1.4170179 0.65136063 234 88 12
-0.9140839 1.4361461 0.6462577 234 88 12
-0.9203254 1.4503057 0.64276451 234 88 12
-0.93081158 1.4885927 0.6339106 234 88 12
-0.92976505 1.4220917 0.64769983 234 88 12
-0.93652225 1.4190537 0.64769983 234 88 12
-0.91203159 1.4044828 0.6493513 234 88 12
-0.92102963 1.4336407 0.64261985 234 88 12
-0.91936988 1.4037633 0.64882833 234 88 12
-0.93738234 1.4862225 0.63046914 234 88 12
-0.93511426 1.4315403 0.64176184 234 88 12
-1.8194736 -0.17234102 -0.27185026 234 88 12
-1.8150458 -0.1677755 -0.27123892 234 88 12
-1.8211782 -0.17697124 -0.28451714 234 88 12
-1.8626376 -0.23314799 -0.34834963 234 88 12
-1.8076346 -0.17764103 -0.28252605 234 88 12
-1.8081701 -0.17424348 -0.28669676 234 88 12
-1.8223922 -0.18328187 -0.306577 234 88 12
-1.8143822 -0.17814179 -0.29806831 234 88 12
-1.8186637 -0.18994112 -0.31022885 234 88 12
-1.8180672 -0.1943033 -0.31112093 234 88 12
-1.8080122 -0.17232624 -0.30030516 234 88 12
-1.8315986 -0.19862017 -0.33314514 234 88 12
-1.8214091 -0.19175696 -0.32705593 234 88 12
-1.8118652 -0.17556854 -0.31871766 234 88 12
-1.8015786 -0.16763669 -0.30773756 234 88 12
-1.8023522 -0.16454935 -0.31216669 234 88 12
-1.7990649 -0.17085814 -0.31142306 234 88 12
-1.7934928 -0.17957114 -0.30954874 234 88 12
-1.7939565 -0.18126635 -0.31520316 234 88 12
-1.8082027 -0.18066941 -0.33592811 234 88 12
-1.8078744 -0.1853776 -0.33709386 234 88 12
-1.7899517 -0.18376149 -0.32218552 234 88 12
-1.7966917 -0.16202734 -0.32573 234 88 12
-1.810063 -0.18415581 -0.34308654 234 88 12
-1.7928407 -0.17806022 -0.32748926 234 88 12
-2.0095596 -0.43693313 -0.5816654 234 88 12
-1.8282354 -0.21800739 -0.3722308 234 88 12
-1.7858064 -0.18608828 -0.32900769 234 88 12
-1.8368849 -0.2201855 -0.38409466 234 88 12
-1.8477786 -0.23862831 -0.39816368 234 88 12
-1.7994555 -0.18333596 -0.34364325 234 88 12
-1.798139 -0.18682304 -0.34364325 234 88 12
-1.7967321 -0.16556826 -0.34087887 234 88 12
-1.966786 -0.38459384 -0.53863025 234 88 12
-1.8082712 -0.19033299 -0.35722262 234 88 12
-1.9549567 -0.37054512 -0.52859014 234 88 12
-1.7858102 -0.1738655 -0.33947715 234 88 12
-1.9396502 -0.35218072 -0.51478523 234 88 12
-1.8803415 -0.28223056 -0.44865179 234 88 12
-1.7970078 -0.18871588 -0.35711849 234 88 12
-1.7893901 -0.18450342 -0.35001427 234 88 12
-1.7792774 -0.18255933 -0.34164578 234 88 12
-1.7953798 -0.16730642 -0.35424823 234 88 12
-1.7940568 -0.17081094 -0.35424823 234 88 12
-1.8599735 -0.25787267 -0.42992926 234 88 12
-1.8172251 -0.2096706 -0.38323736 234 88 12
-1.7777237 -0.1869259 -0.34639627 234 88 12
-2.0096869 -0.44139299 -0.60059762 234 88 12
-1.8275481 -0.21862851 -0.39806461 234 88 12
-1.877898 -0.28547189 -0.45556369 234 88 12
-1.7934483 -0.18652947 -0.36290562 234 88 12
-1.8457617 -0.23757359 -0.42153719 234 88 12
-1.9302855 -0.34694842 -0.51657104 234 88 12
-1.9204816 -0.33167386 -0.50838095 234 88 12
-1.7922771 -0.17708677 -0.36846051 234 88 12
-1.8886327 -0.30052587 -0.47567573 234 88 12
-1.8165487 -0.21685995 -0.39792511 234 88 12
-1.8009508 -0.20281771 -0.38225108 234 88 12
-1.7772944 -0.17933677 -0.35786089 234 88 12
-1.7732489 -0.18479548 -0.35637248 234 88 12
-1.9949222 -0.42917818 -0.59773576 234 88 12
-1.9294859 -0.35236087 -0.52791715 234 88 12
-1.7944156 -0.19701746 -0.38469943 234 88 12
-1.7845658 -0.19019854 -0.37551409 234 88 12
-1.7801396 -0.20008403 -0.37500092 234 88 12
-1.8320535 -0.23406897 -0.42706612 234 88 12
-1.8217822 -0.22629189 -0.41737178 234 88 12
-1.8250666 -0.23500928 -0.42219821 234 88 12
-1.7768682 -0.18714096 -0.37355539 234 88 12
-1.7798661 -0.17136474 -0.37596968 234 88 12
-1.7895001 -0.18817146 -0.38761395 234 88 12
-0.92411435 -1.9057803 -0.73045111 234 88 12
-0.91851997 -1.9071407 -0.73222125 234 88 12
-0.91648954 -1.9071555 -0.73399144 234 88 12
-0.91521591 -1.8951017 -0.72650403 234 88 12
-0.92336911 -1.9038064 -0.73576158 234 88 12
-0.91802317 -1.9058248 -0.73576158 234 88 12
-0.93263352 -1.4453599 -0.46620145 234 88 12
-0.92871708 -1.4570953 -0.47227868 234 88 12
-0.92557651 -1.4469086 -0.46554047 234 88 12
-0.92189902 -1.4527715 -0.46819168 234 88 12
-0.9170059 -1.5102661 -0.50116307 234 88 12
-0.91453058 -1.4702255 -0.47688502 234 88 12
-0.91123247 -1.4607706 -0.47054517 234 88 12
-0.92762733 -1.4729695 -0.48571885 234 88 12
-0.91792423 -1.4506361 -0.47044086 234 88 12
-0.90376282 -1.4553205 -0.47005174 234 88 12
-0.92329568 -1.8231184 -0.6931296 234 88 12
-0.89617783 -1.4846747 -0.48988527 234 88 12
-0.89262354 -1.4547722 -0.4716731 234 88 12
-0.8891151 -1.462437 -0.47536883 234 88 12
-0.92548299 -1.7218292 -0.63763422 234 88 12
-0.9291293 -1.4951879 -0.50740623 234 88 12
-0.92354804 -1.4610492 -0.48645213 234 88 12
-0.90964621 -1.4645962 -0.48546851 234 88 12
-0.90601122 -1.4791503 -0.49308908 234 88 12
-0.92224276 -1.6674134 -0.60878807 234 88 12
-0.92263585 -1.4742315 -0.49811354 234 88 12
-0.90578693 -1.4536659 -0.48267528 234 88 12
-0.90221649 -1.4609648 -0.48608723 234 88 12
-0.89867538 -1.4740515 -0.4928239 234 88 12
-0.88102746 -1.4601905 -0.48105684 234 88 12
-0.87389791 -1.4609361 -0.47994104 234 88 12
-0.92593855 -1.4608517 -0.49544075 234 88 12
-0.91738808 -1.637853 -0.5942468 234 88 12
-0.91540474 -1.4708793 -0.49888113 234 88 12
-0.89470136 -1.4550081 -0.48541269 234 88 12
-0.88759416 -1.4537995 -0.48319981 234 88 12
-0.87340319 -1.4596257 -0.4834663 234 88 12
-0.91771811 -1.4741435 -0.50966293 234 88 12
-0.91501713 -1.4400682 -0.49004009 234 88 12
-0.90073854 -1.4592855 -0.49777105 234 88 12
-0.87697715 -1.5018979 -0.5165813 234 88 12
-0.86562145 -1.4687468 -0.49564824 234 88 12
-0.91447574 -1.4411018 -0.4948591 234 88 12
-0.90028799 -1.4497675 -0.49669391 234 88 12
-0.88969654 -1.4537761 -0.49669945 234 88 12
-0.8861661 -1.455109 -0.49669945 234 88 12
-0.87190074 -1.4549974 -0.49365166 234 88 12
-0.91570336 -1.5179794 -0.54171783 234 88 12
-0.91398185 -1.4397935 -0.49837878 234 88 12
-0.87141448 -1.4540147 -0.49736208 234 88 12
-0.8608405 -1.4600242 -0.49847117 234 88 12
-0.91045094 -1.5781685 -0.58109128 234 88 12
-0.90912437 -1.461387 -0.51771176 234 88 12
-0.9023667 -1.44086 -0.5052402 234 88 12
-0.88910562 -1.553612 -0.56346607 234 88 12
-0.90885222 -1.4448353 -0.51300383 234 88 12
-0.90451396 -1.5289197 -0.55717504 234 88 12
-0.90187263 -1.4395514 -0.50876117 234 88 12
-0.89831531 -1.4462841 -0.51164871 234 88 12
-0.89172184 -1.5358132 -0.55828089 234 88 12
-0.88770539 -1.446067 -0.50938636 234 88 12
-0.88530123 -1.5355163 -0.55682313 234 88 12
-0.87359929 -1.4536148 -0.51057702 234 88 12
-0.86817825 -1.507223 -0.53820139 234 88 12
-0.86299372 -1.4573114 -0.51041234 234 88 12
-0.85943723 -1.4580514 -0.51008946 234 88 12
-0.84507889 -1.459479 -0.50795001 234 88 12
-0.90465379 -1.4654953 -0.52741343 234 88 12
-0.89778882 -1.4640322 -0.52525973 234 88 12
-0.89440143 -1.4983705 -0.54281849 234 88 12
-0.89168257 -1.6051559 -0.59898973 234 88 12
-0.8871752 -1.4409235 -0.51085794 234 88 12
-0.88026881 -1.4553703 -0.51714611 234 88 12
-0.87352586 -1.4690903 -0.52308106 234 88 12
-0.87062287 -1.4899644 -0.53358573 234 88 12
-0.84454119 -1.4574083 -0.51106453 234 88 12
-0.88690317 -1.4617563 -0.52609307 234 88 12
-0.86449838 -1.5217974 -0.55325174 234 88 12
-0.85993141 -1.4915231 -0.53640425 234 88 12
-0.85545987 -1.4688666 -0.52358651 234 88 12
-0.83129382 -1.4815629 -0.52546763 234 88 12
-0.90384102 -1.4455371 -0.52517694 234 88 12
-0.88682884 -1.4990788 -0.54976869 234 88 12
-0.88325191 -1.482775 -0.54055482 234 88 12
-0.87924737 -1.4504254 -0.52288228 234 88 12
-0.85076857 -1.454365 -0.51932693 234 88 12
-0.83289361 -1.4588434 -0.51814222 234 88 12
-0.89635146 -1.4371719 -0.52362967 234 88 12
-0.8752383 -1.4504547 -0.52637756 234 88 12
-0.86576772 -1.7122116 -0.65994048 234 88 12
-0.86461997 -1.7411925 -0.67470872 234 88 12
-0.85218114 -1.5558746 -0.57641041 234 88 12
-0.84378016 -1.4660445 -0.52829856 234 88 12
-0.83260071 -1.4604418 -0.52321678 234 88 12
-0.88896233 -1.4617211 -0.53906745 234 88 12
-0.88520068 -1.4363155 -0.5253126 234 88 12
-0.88186049 -1.7570295 -0.68911213 234 88 12
-0.86453736 -1.790899 -0.7031253 234 88 12
-0.89832693 -1.6269177 -0.6289838 234 88 12
-0.88191485 -1.4840834 -0.55324763 234 88 12
-0.85209829 -1.6695527 -0.64178109 234 88 12
-0.8378998 -1.4977891 -0.551768 234 88 12
-0.83381766 -1.489127 -0.54658282 234 88 12
-0.82641256 -1.4845182 -0.54281992 234 88 12
-0.89835697 -1.4536917 -0.5451324 234 88 12
-0.88787836 -1.4454217 -0.53897476 234 88 12
-0.84538805 -1.6155142 -0.61656243 234 88 12
-0.83798963 -1.5534675 -0.58390588 234 88 12
-0.83096385 -1.5470889 -0.57935739 234 88 12
-0.89084941 -1.4350405 -0.53857028 234 88 12
-0.88731736 -1.4363739 -0.53857028 234 88 12
-0.88171947 -1.5254879 -0.58199412 234 88 12
-0.83104134 -1.4610382 -0.54027635 234 88 12
-0.88754505 -1.5078983 -0.57823491 234 88 12
0.64002502 -1.6226122 -0.075648658 234 88 12
0.63828015 -1.6642132 -0.09277121 234 88 12
0.62352186 -1.6316657 -0.080132701 234 88 12
0.64644492 -1.6416639 -0.086681947 234 88 12
0.64578086 -1.6251187 -0.081248932 234 88 12
0.65035188 -1.6177402 -0.079531819 234 88 12
0.68661833 -1.7463641 -0.12968557 234 88 12
0.6289736 -1.6334558 -0.085430823 234 88 12
0.67413545 -1.6384877 -0.09350761 234 88 12
0.84419721 -2.0518756 -0.25164542 234 88 12
0.84767175 -2.0503135 -0.25164542 234 88 12
0.60676163 -1.6471683 -0.090529978 234 88 12
0.65727353 -1.7229842 -0.12156686 234 88 12
0.63482404 -1.6580912 -0.09794528 234 88 12
0.63935912 -1.6288347 -0.08937142 234 88 12
0.6406799 -1.6234852 -0.08787331 234 88 12
0.65179664 -1.6202331 -0.088423282 234 88 12
0.66829866 -1.619251 -0.090451054 234 88 12
0.62324196 -1.6874431 -0.1092783 234 88 12
0.60458183 -1.636283 -0.090743534 234 88 12
0.6081748 -1.6349444 -0.090829678 234 88 12
0.62444299 -1.6476036 -0.097046353 234 88 12
0.63229591 -1.6238694 -0.090758003 234 88 12
0.6805625 -1.6347892 -0.10091099 234 88 12
0.67871016 -1.6230831 -0.097008266 234 88 12
0.69432074 -1.6457196 -0.10623839 234 88 12
0.84222108 -2.0521252 -0.2554101 234 88 12
0.609788 -1.6657642 -0.10447489 234 88 12
0.6287095 -1.6400976 -0.099198483 234 88 12
0.72985864 -1.7232193 -0.13874106 234 88 12
0.59949064 -1.642065 -0.09969262 234 88 12
0.61459219 -1.6380724 -0.10054216 234 88 12
0.62326121 -1.6306168 -0.099461429 234 88 12
0.66375935 -1.6103148 -0.09882535 234 88 12
0.66691655 -1.6081829 -0.098608933 234 88 12
0.67835456 -1.6140211 -0.10194417 234 88 12
0.67931741 -1.6075705 -0.10011639 234 88 12
0.84893119 -2.0484695 -0.25917482 234 88 12
0.61855525 -1.6727189 -0.11538345 234 88 12
0.60935342 -1.6508317 -0.10757652 234 88 12
0.63629341 -1.6229531 -0.10284676 234 88 12
0.65259767 -1.6134048 -0.10218138 234 88 12
0.65943897 -1.6101457 -0.10212641 234 88 12
0.66716862 -1.6086044 -0.10270657 234 88 12
0.69032019 -1.5956025 -0.10192868 234 88 12
0.69407964 -1.5946698 -0.10215596 234 88 12
0.61875665 -1.6519585 -0.11303233 234 88 12
0.70101327 -1.782432 -0.16263957 234 88 12
0.63606238 -1.6450559 -0.11329244 234 88 12
0.63539809 -1.6212523 -0.10615235 234 88 12
0.70080757 -1.6000264 -0.10857614 234 88 12
0.74049342 -1.67623 -0.13643645 234 88 12
0.63407272 -1.6340314 -0.11364774 234 88 12
0.64375371 -1.6360434 -0.11550937 234 88 12
0.71289706 -1.6170346 -0.11904208 234 88 12
0.72760749 -1.640132 -0.1277326 234 88 12
0.62280333 -1.6440846 -0.1189692 234 88 12
0.61724877 -1.6273048 -0.11340266 234 88 12
0.62758762 -1.6225667 -0.11337674 234 88 12
0.65629643 -1.6583039 -0.12742352 234 88 12
0.63831937 -1.6185317 -0.11360485 234 88 12
0.65063733 -1.6174678 -0.1148968 234 88 12
0.67120123 -1.6401656 -0.12412087 234 88 12
0.7506606 -1.7770646 -0.17396836 234 88 12
0.70788115 -1.6874162 -0.14252718 234 88 12
0.68046021 -1.626142 -0.12127344 234 88 12
0.67755109 -1.6122003 -0.11686989 234 88 12
0.67643732 -1.6016011 -0.11366461 234 88 12
0.68268186 -1.6056732 -0.11565119 234 88 12
0.6952107 -1.5969583 -0.11476122 234 88 12
0.7051208 -1.5913955 -0.11444151 234 88 12
0.64414275 -1.6730155 -0.13380828 234 88 12
0.65454012 -1.6323909 -0.12356137 234 88 12
0.67522317 -1.6628792 -0.13490206 234 88 12
0.80970043 -1.8619992 -0.20889086 234 88 12
0.70139706 -1.6269389 -0.12801208 234 88 12
0.7019887 -1.6111702 -0.12359329 234 88 12
0.71201152 -1.623736 -0.12845938 234 88 12
0.71725786 -1.6263494 -0.12987661 234 88 12
0.65738165 -1.6745163 -0.13961484 234 88 12
0.68283498 -1.6768841 -0.14350006 234 88 12
0.70155358 -1.7581577 -0.17202266 234 88 12
0.64006209 -1.6440773 -0.13268177 234 88 12
0.64473575 -1.6220624 -0.12715411 234 88 12
0.70477158 -1.7174076 -0.16111274 234 88 12
0.63017154 -1.6341496 -0.13256058 234 88 12
0.63269287 -1.6234844 -0.12995024 234 88 12
0.6576944 -1.6301789 -0.13486202 234 88 12
0.87574905 -2.0338054 -0.2742196 234 88 12
0.64345914 -1.6347991 -0.14204925 234 88 12
0.65259606 -1.6436367 -0.14549847 234 88 12
0.62882549 -1.62395 -0.1413006 234 88 12
0.63562018 -1.6283373 -0.14325592 234 88 12
0.64690048 -1.6408379 -0.14787281 234 88 12
0.66444904 -1.6500257 -0.15235968 234 88 12
0.63848072 -1.6180178 -0.14477873 234 88 12
0.66536528 -1.6590853 -0.15854771 234 88 12
0.71365327 -1.7402182 -0.18518777 234 88 12
0.70714456 -1.7349526 -0.18641101 234 88 12
1.5999123 -0.54114544 0.57580805 234 88 12
1.5900577 -0.5302037 0.57790565 234 88 12
1.6384743 -0.55375165 0.56952828 234 88 12
1.6078503 -0.52874345 0.57547265 234 88 12
1.5994978 -0.51409739 0.57759351 234 88 12
1.5923057 -0.54933542 0.57274783 234 88 12
1.5914366 -0.52202189 0.57457221 234 88 12
1.8887172 -0.70688915 0.52179331 234 88 12
1.6150211 -0.51127982 0.57197005 234 88 12
1.5893306 -0.55174404 0.56938273 234 88 12
1.6273857 -0.52865404 0.56563264 234 88 12
1.6098411 -0.50298238 0.56957412 234 88 12
1.6221045 -0.50720817 0.56765485 234 88 12
1.6134893 -0.51442331 0.56477493 234 88 12
1.6278193 -0.50669545 0.56333905 234 88 12
1.6483852 -0.51713723 0.55999786 234 88 12
1.602915 -0.56019682 0.55987215 234 88 12
1.5893253 -0.54712111 0.56238407 234 88 12
1.5905756 -0.53457785 0.56295037 234 88 12
1.5963858 -0.5204981 0.56301743 234 88 12
1.6503969 -0.55287451 0.55417055 234 88 12
1.6731275 -0.56427151 0.55057663 234 88 12
1.6479293 -0.54265219 0.5550819 234 88 12
1.6041082 -0.50773782 0.56276125 234 88 12
1.6123152 -0.50446469 0.56189227 234 88 12
2.0121493 -0.8430438 0.48882189 234 88 12
1.9595305 -0.80475968 0.49760506 234 88 12
1.607282 -0.53220922 0.55732208 234 88 12
1.5957834 -0.51996899 0.55946052 234 88 12
1.6324615 -0.53616095 0.55393165 234 88 12
1.7409179 -0.60703492 0.53628248 234 88 12
1.6522703 -0.524028 0.55212623 234 88 12
1.5816896 -0.5816651 0.55411923 234 88 12
1.5721908 -0.57160485 0.55583727 234 88 12
1.5755368 -0.56482434 0.5558008 234 88 12
1.5833588 -0.56522822 0.55482018 234 88 12
1.5902442 -0.56073493 0.55422407 234 88 12
1.6542112 -0.54676676 0.54715598 234 88 12
1.6299917 -0.52116215 0.55153394 234 88 12
1.6510676 -0.53169674 0.54837132 234 88 12
1.6237798 -0.59007412 0.54501903 234 88 12
1.5958884 -0.56853253 0.54950076 234 88 12
1.5899487 -0.55605948 0.55087805 234 88 12
1.6238332 -0.53437126 0.54799962 234 88 12
1.6173284 -0.4940317 0.55093861 234 88 12
1.6277455 -0.49709031 0.54953212 234 88 12
1.64176 -0.50289601 0.54754931 234 88 12
1.6193271 -0.48178273 0.55135703 234 88 12
1.6878331 -0.52840936 0.54068607 234 88 12
1.5803936 -0.58507735 0.54682916 234 88 12
1.5727764 -0.57618928 0.54817635 234 88 12
1.5835923 -0.54749793 0.5484181 234 88 12
1.590189 -0.53388435 0.54836285 234 88 12
1.5967005 -0.52473688 0.54808456 234 88 12
1.597415 -0.52071279 0.54821157 234 88 12
1.6031491 -0.50653994 0.5482856 234 88 12
1.6100496 -0.4931871 0.54818153 234 88 12
1.6627975 -0.50515735 0.54143786 234 88 12
1.6282057 -0.46989965 0.54728985 234 88 12
1.6872704 -0.61739177 0.52950436 234 88 12
1.631196 -0.49028882 0.54226953 234 88 12
1.6180964 -0.50775146 0.53923017 234 88 12
1.6407834 -0.48825723 0.5377059 234 88 12
1.6242917 -0.47120851 0.54035062 234 88 12
1.5821677 -0.55520332 0.53714502 234 88 12
1.5990769 -0.56144845 0.53505087 234 88 12
1.5907363 -0.55175346 0.53639966 234 88 12
1.5922837 -0.54831165 0.53639966 234 88 12
1.6147714 -0.55408812 0.53373539 234 88 12
1.5960509 -0.53293771 0.53673369 234 88 12
1.6025721 -0.52384967 0.53647506 234 88 12
1.6119143 -0.52573693 0.5353927 234 88 12
1.6134486 -0.5223242 0.5353927 234 88 12
1.6076951 -0.5138495 0.53640848 234 88 12
1.6380036 -0.53053701 0.5323925 234 88 12
1.620155 -0.50456983 0.53552818 234 88 12
1.614356 -0.49128982 0.53677827 234 88 12
1.6362375 -0.49372983 0.5343377 234 88 12
1.6766405 -0.51513743 0.52902418 234 88 12
1.6443028 -0.48624453 0.53383851 234 88 12
1.6922551 -0.60852557 0.51965803 234 88 12
1.5993801 -0.54393369 0.53220767 234 88 12
1.6222097 -0.53706139 0.53017569 234 88 12
2.0288494 -0.81087214 0.47564542 234 88 12
1.6318525 -0.49484968 0.53113663 234 88 12
1.6279631 -0.47827354 0.53230417 234 88 12
1.9628888 -0.77342349 0.47992215 234 88 12
1.9494736 -0.76178354 0.48171943 234 88 12
2.0109746 -0.7985127 0.47420058 234 88 12
1.6237971 -0.5681687 0.51795334 234 88 12
1.5900234 -0.54198354 0.52219337 234 88 12
1.6025738 -0.54569972 0.52086949 234 88 12
1.5956956 -0.53673607 0.52188498 234 88 12
1.6006833 -0.53556019 0.52146989 234 88 12
1.662807 -0.56846923 0.51430923 234 88 12
1.6096629 -0.55897969 0.51604587 234 88 12
1.6498208 -0.56384194 0.51224315 234 88 12
1.6790788 -0.57933033 0.50899035 234 88 12
1.7022572 -0.59097934 0.50643849 234 88 12
1.6675811 -0.60019696 0.5058201 234 88 12
1.7059977 -0.60132349 0.50245279 234 88 12
1.5909003 -0.5511629 0.51067162 234 88 12
1.6185441 -0.54269028 0.50868821 234 88 12
2.0150883 -0.80575961 0.46584719 234 88 12
1.6029383 -0.55874807 0.50574338 234 88 12
1.5909059 -0.54660833 0.50714111 234 88 12
1.6174695 -0.55936474 0.50455993 234 88 12
1.6245891 -0.55966634 0.50398016 234 88 12
1.6190045 -0.54727733 0.50487161 234 88 12
1.9402212 -0.75791407 0.4716332 234 88 12
2.0291281 -0.81517005 0.46247095 234 88 12
1.5909874 -0.55101889 0.50327832 234 88 12
1.6371702 -0.5720436 0.49901602 234 88 12
1.598806 -0.54270118 0.50296587 234 88 12
1.6438113 -0.5636465 0.49879643 234 88 12
2.0090232 -0.80391049 0.46254107 234 88 12
1.6453942 -0.5688355 0.49500087 234 88 12
1.6222464 -0.55782002 0.49346817 234 88 12
1.6348778 -0.56179625 0.49245891 234 88 12
1.6131495 -0.54735976 0.49079162 234 88 12
1.7257456 0.41531226 0.21006383 234 88 12
1.7788267 0.41176865 0.19302392 234 88 12
1.7268578 0.42988381 0.20944706 234 88 12
1.8303336 0.41080356 0.1764455 234 88 12
1.7247901 0.44533783 0.2098392 234 88 12
1.7243744 0.45289126 0.2098392 234 88 12
1.781437 0.4425931 0.19163622 234 88 12
1.7252834 0.40793404 0.20651077 234 88 12
1.7228158 0.41977745 0.20708877 234 88 12
1.7221569 0.4274227 0.20716453 234 88 12
1.7558742 0.42529151 0.19646947 234 88 12
1.7992001 0.42672297 0.18265346 234 88 12
1.7459487 0.44629923 0.19926074 234 88 12
1.7679579 0.44672778 0.19224755 234 88 12
1.7456008 0.44998589 0.19556335 234 88 12
1.7415898 0.42194223 0.19354574 234 88 12
2.0209639 0.34718606 0.10807168 234 88 12
1.7794821 0.42901766 0.18165839 234 88 12
1.7306606 0.4471384 0.19650885 234 88 12
2.1140964 0.33917734 0.079288878 234 88 12
1.7241757 0.40061623 0.19548248 234 88 12
1.7269797 0.41107652 0.1944461 234 88 12
1.7328523 0.4243134 0.19242197 234 88 12
1.8942362 0.38271454 0.14363869 234 88 12
1.9125992 0.38058078 0.13804403 234 88 12
1.7344562 0.45329887 0.191441 234 88 12
1.7204449 0.46131927 0.19560194 234 88 12
1.7249626 0.46732661 0.19411528 234 88 12
1.723189 0.41575438 0.19169487 234 88 12
1.7449019 0.42457339 0.18497451 234 88 12
1.721205 0.4386833 0.19191344 234 88 12
1.7380837 0.45579165 0.18651848 234 88 12
1.7723358 0.45221993 0.17620842 234 88 12
1.8467743 0.43831614 0.15390442 234 88 12
1.7213696 0.40871277 0.18852094 234 88 12
1.7219006 0.42724761 0.18805735 234 88 12
1.7377334 0.45950425 0.18279509 234 88 12
1.7227463 0.4753384 0.1870136 234 88 12
1.7239199 0.39307475 0.18418165 234 88 12
1.7570127 0.39224946 0.17443374 234 88 12
1.734822 0.41256988 0.18064937 234 88 12
1.7254972 0.45218119 0.18275677 234 88 12
1.7720549 0.4522045 0.16902339 234 88 12
1.7459375 0.46774453 0.1764749 234 88 12
2.2223141 0.25871405 0.037427749 234 88 12
1.7852128 0.36057496 0.16302791 234 88 12
1.7395848 0.37450007 0.17608626 234 88 12
1.7310768 0.38015601 0.17847216 234 88 12
1.7275412 0.38470227 0.17942847 234 88 12
1.7395517 0.38555154 0.17591885 234 88 12
1.7895944 0.38055196 0.16143243 234 88 12
1.7254409 0.40011802 0.17979287 234 88 12
1.7222637 0.40465245 0.18064505 234 88 12
1.7226431 0.4120248 0.18041648 234 88 12
1.7220815 0.42709923 0.18033844 234 88 12
1.7203399 0.43877986 0.18065827 234 88 12
1.7334385 0.4386903 0.17684695 234 88 12
1.7484552 0.44517848 0.17237192 234 88 12
1.8145674 0.43865183 0.1532324 234 88 12
1.7274369 0.47370183 0.17803295 234 88 12
1.7384875 0.42617759 0.17180935 234 88 12
1.7838984 0.43439919 0.15863752 234 88 12
1.7682405 0.44268379 0.16300349 234 88 12
1.7526128 0.45107368 0.16735904 234 88 12
1.753758 0.36028954 0.16474323 234 88 12
1.7458886 0.37663758 0.1667178 234 88 12
1.8480628 0.35949689 0.13803776 234 88 12
1.7353116 0.41966221 0.16904348 234 88 12
2.0421424 0.33846882 0.08338023 234 88 12
2.2203856 0.29103786 0.033621144 234 88 12
1.7343417 0.36446044 0.16638367 234 88 12
1.7248216 0.37026569 0.16895461 234 88 12
1.7285856 0.38804668 0.16762936 234 88 12
1.7251441 0.39632952 0.16846363 234 88 12
1.7224015 0.40447986 0.16910465 234 88 12
1.7388597 0.4076407 0.16445711 234 88 12
2.1002786 0.32003677 0.06481263 234 88 12
1.7431778 0.36617672 0.16012862 234 88 12
1.7670869 0.36448464 0.15356612 234 88 12
1.7376765 0.38214386 0.16140233 234 88 12
1.7693032 0.38895282 0.15258431 234 88 12
1.7483803 0.41237035 0.15799448 234 88 12
2.1959519 0.29390773 0.03646259 234 88 12
2.2220466 0.25679168 0.027911231 234 88 12
1.7220489 0.38952345 0.16176115 234 88 12
1.7995197 0.3951245 0.14063089 234 88 12
2.2203114 0.2872383 0.027927402 234 88 12
1.7331895 0.40160149 0.15476547 234 88 12
1.8078599 0.3962785 0.13484782 234 88 12
2.0091717 0.34479049 0.081697062 234 88 12
2.1985896 0.29704389 0.031676251 234 88 12
1.7205596 0.40102381 0.1543197 234 88 12
1.7263123 0.4107371 0.15266038 234 88 12
1.7811725 0.40341154 0.13828842 234 88 12
1.8472825 0.38232866 0.11779923 234 88 12
1.7433803 0.41352785 0.14437118 234 88 12
1.8917063 0.37674206 0.10632729 234 88 12
2.1873434 0.30014122 0.030546818 234 88 12
1.7442614 0.39135006 0.14071512 234 88 12
1.7298938 0.39484701 0.1405481 234 88 12
1.7282783 0.39895701 0.14089862 234 88 12
1.8004811 0.39465091 0.12274244 234 88 12
1.765999 0.40735459 0.13126551 234 88 12
1.785201 0.38467476 0.12315099 234 88 12
1.7555296 0.39570427 0.130371 234 88 12
1.7282859 0.41003481 0.13694285 234 88 12
1.9132972 0.3647095 0.091602854 234 88 12
2.2085509 0.28838021 0.01930085 234 88 12
1.7203962 0.39709809 0.1352475 234 88 12
1.7551852 0.39935499 0.12670967 234 88 12
2.1173432 0.31060594 0.03934066 234 88 12
1.9468181 0.34707612 0.077585347 234 88 12
2.219873 0.28528941 0.012686766 234 88 12
1.7261806 0.39930177 0.12618813 234 88 12
1.7940329 0.389265 0.11025123 234 88 12
1.8419305 0.38021684 0.099026814 234 88 12
2.1101949 0.31244197 0.036384057 234 88 12
1.8733252 0.37197837 0.088457301 234 88 12
1.7369014 0.4112702 0.11973156 234 88 12
1.7434902 0.40218571 0.11457608 234 88 12
-1.7997824 0.59330523 -0.9050383 234 88 12
-1.8206742 0.57943946 -0.93787813 234 88 12
-1.8330234 0.57048148 -0.95706826 234 88 12
-1.7098143 0.63510007 -0.75840074 234 88 12
-1.7155271 0.62920171 -0.76676726 234 88 12
-1.6423575 0.66520208 -0.64809436 234 88 12
-1.642941 0.66166395 -0.64809436 234 88 12
-1.6195532 0.67056686 -0.60940379 234 88 12
-1.6182004 0.66788542 -0.60623544 234 88 12
-1.6629237 0.67143947 -0.69252169 234 88 12
-1.8383456 0.56872195 -0.97024351 234 88 12
-1.7962296 0.58958006 -0.90246785 234 88 12
-1.7881439 0.59160709 -0.88888425 234 88 12
-1.6437407 0.66627705 -0.65741336 234 88 12
-1.6221815 0.67445141 -0.62199569 234 88 12
-1.6487093 0.65726078 -0.66351444 234 88 12
-1.6100132 0.67063755 -0.59956968 234 88 12
-1.7432448 0.62512386 -0.82523197 234 88 12
-1.7728199 0.60614198 -0.87123954 234 88 12
-1.7437978 0.61959875 -0.82460862 234 88 12
-1.740279 0.61889142 -0.81828374 234 88 12
-1.6117352 0.68187732 -0.6127193 234 88 12
-1.6105773 0.69779181 -0.62208205 234 88 12
-1.6944119 0.64537174 -0.75195265 234 88 12
-1.6404812 0.66841197 -0.66536409 234 88 12
-1.6096194 0.68152833 -0.61579442 234 88 12
-1.6416373 0.66140181 -0.66536409 234 88 12
-1.6088158 0.67177933 -0.61162913 234 88 12
-1.7533833 0.61714423 -0.85091805 234 88 12
-1.7513696 0.61571282 -0.84705997 234 88 12
-1.6350472 0.67311859 -0.66382241 234 88 12
-1.6128927 0.67834347 -0.62730873 234 88 12
-1.8012089 0.59187728 -0.93035394 234 88 12
-1.7013694 0.64469463 -0.77520728 234 88 12
-1.784525 0.5964663 -0.9032383 234 88 12
-1.8179504 0.57603782 -0.954409 234 88 12
-1.6170474 0.68133789 -0.64193767 234 88 12
-1.6336133 0.66926372 -0.66675085 234 88 12
-1.6229361 0.66835386 -0.64831728 234 88 12
-1.8165919 0.582322 -0.95822519 234 88 12
-1.6094083 0.6939314 -0.63914096 234 88 12
-1.6493137 0.66892105 -0.69962013 234 88 12
-1.6068219 0.68198824 -0.63143992 234 88 12
-1.609826 0.67371655 -0.6342116 234 88 12
-1.5954105 0.7034778 -0.62491381 234 88 12
-1.6079253 0.68994457 -0.64216971 234 88 12
-1.6404979 0.66917551 -0.69108313 234 88 12
-1.6484895 0.66179127 -0.70245028 234 88 12
-1.6071268 0.67703366 -0.6372565 234 88 12
-1.5958565 0.67261702 -0.6171208 234 88 12
-1.6101742 0.68066216 -0.64996111 234 88 12
-1.6185077 0.67299837 -0.66173971 234 88 12
-1.5951592 0.67838025 -0.62431735 234 88 12
-1.5957737 0.67465407 -0.62431735 234 88 12
-1.3652261 -1.0514054 -1.4374024 234 88 12
-1.3611221 -1.0499952 -1.4415797 234 88 12
-1.3020823 -0.71103829 -1.0338873 234 88 12
-1.3561625 -1.0531168 -1.4429721 234 88 12
-1.296538 -0.70519537 -1.0287294 234 88 12
-1.2983621 -0.70677722 -1.0386139 234 88 12
-1.2951242 -0.72432148 -1.0530429 234 88 12
-1.3484867 -0.9914605 -1.3800496 234 88 12
-1.3380827 -0.93544823 -1.3135813 234 88 12
-1.2992048 -0.7023142 -1.0413564 234 88 12
-1.331287 -0.88388962 -1.2598695 234 88 12
-1.3249768 -0.85787803 -1.227772 234 88 12
-1.2983044 -0.70618653 -1.0506456 234 88 12
-1.3268774 -0.87739956 -1.2537758 234 88 12
-1.2984269 -0.71621466 -1.0669078 234 88 12
-1.2996258 -0.74153346 -1.0930384 234 88 12
-1.2910333 -0.70841283 -1.051934 234 88 12
-1.2874418 -0.72303569 -1.0628045 234 88 12
-1.2817775 -0.70901257 -1.0434042 234 88 12
-1.3208215 -0.86145091 -1.2369488 234 88 12
-1.3018563 -0.76317126 -1.1223043 234 88 12
-1.2941933 -0.73526728 -1.0875262 234 88 12
-1.2832054 -0.70772839 -1.0498538 234 88 12
-1.2933933 -0.7036584 -1.0620434 234 88 12
-1.317656 -0.86367601 -1.2408506 234 88 12
-1.2840677 -0.70337832 -1.0527231 234 88 12
-1.3102202 -0.82731509 -1.2034608 234 88 12
-1.2999765 -0.78390974 -1.1518052 234 88 12
-1.2709548 -0.70868117 -1.0514287 234 88 12
-1.2913003 -0.72616124 -1.0937986 234 88 12
-1.2845049 -0.70493722 -1.0670274 234 88 12
-1.2769474 -0.71441334 -1.0688605 234 88 12
-1.2713448 -0.70188206 -1.0515345 234 88 12
-1.2708411 -0.71531558 -1.0638884 234 88 12
-1.2796654 -0.6863361 -1.0509073 234 88 12
-1.2565283 -0.70676959 -1.0545863 234 88 12
-1.2827656 -0.68518811 -1.0651227 234 88 12
-1.2708671 -0.68925148 -1.0578074 234 88 12
-1.2661489 -0.69777179 -1.0613573 234 88 12
-1.260547 -0.71685594 -1.0739449 234 88 12
-1.2544826 -0.7039659 -1.0562482 234 88 12
-1.2690382 -0.68742263 -1.0605783 234 88 12
-1.2566307 -0.71993721 -1.0792077 234 88 12
-1.2502991 -0.70628375 -1.0606914 234 88 12
-1.2481902 -0.71141487 -1.0634915 234 88 12
-1.2813437 -0.69373512 -1.08383 234 88 12
-1.2803367 -0.78012639 -1.1623342 234 88 12
-1.2521921 -0.72062105 -1.0817471 234 88 12
-1.2430185 -0.70943016 -1.0630234 234 88 12
-1.3032563 -0.80731589 -1.2134055 234 88 12
-1.2731744 -0.69110227 -1.0799259 234 88 12
-1.2868124 -0.82963026 -1.2187617 234 88 12
-1.2596384 -0.71728522 -1.091465 234 88 12
-1.2497183 -0.72960663 -1.0936559 234 88 12
-1.3017654 -0.80582511 -1.2156641 234 88 12
-1.2961468 -0.78944856 -1.1957489 234 88 12
-1.2761582 -0.71399313 -1.109331 234 88 12
-1.2644763 -0.68650436 -1.0738647 234 88 12
-1.254164 -0.69870788 -1.075577 234 88 12
-1.2421089 -0.70337564 -1.0688884 234 88 12
-1.2736318 -0.69228506 -1.0933046 234 88 12
-1.2611129 -0.69270086 -1.0824299 234 88 12
-1.2751434 -0.77350932 -1.1676447 234 88 12
-1.2760108 -0.72733891 -1.1325499 234 88 12
-1.2627243 -0.67634124 -1.0752295 234 88 12
-1.2572712 -0.68123144 -1.0747275 234 88 12
-1.2925349 -0.87141085 -1.2757488 234 88 12
-1.2695923 -0.78002787 -1.173808 234 88 12
-1.2411735 -0.69721395 -1.0746249 234 88 12
-1.2427398 -0.71738315 -1.0940058 234 88 12
-1.2717392 -0.71273428 -1.1214116 234 88 12
-1.2550331 -0.69252807 -1.0887487 234 88 12
-1.2826248 -0.83150142 -1.2361382 234 88 12
-1.2442827 -0.74203062 -1.1230396 234 88 12
-1.2285172 -0.70568109 -1.0769241 234 88 12
-1.2660064 -0.67534631 -1.0891917 234 88 12
-1.2650386 -0.68633294 -1.0979897 234 88 12
-1.2565615 -0.67616755 -1.081619 234 88 12
-1.2721921 -0.78992891 -1.195243 234 88 12
-1.2609534 -0.75298554 -1.1529325 234 88 12
-1.2429301 -0.68843079 -1.0804175 234 88 12
-1.2240421 -0.70666701 -1.0798452 234 88 12
-1.2661923 -0.68354315 -1.1023853 234 88 12
-1.2683498 -0.70958924 -1.1269634 234 88 12
-1.2567147 -0.69848639 -1.1071484 234 88 12
-1.3233203 -1.0218583 -1.4469959 234 88 12
-1.2491317 -0.70717144 -1.1081088 234 88 12
-1.2423266 -0.69181985 -1.0888003 234 88 12
-1.2421727 -0.70494962 -1.1001081 234 88 12
-1.249536 -0.76090008 -1.1552831 234 88 12
-1.2606606 -0.69402224 -1.1124488 234 88 12
-1.2545145 -0.67999935 -1.0950061 234 88 12
-1.2543772 -0.70841229 -1.1194596 234 88 12
-1.3024542 -0.93348348 -1.3556849 234 88 12
-1.2918456 -0.91649812 -1.3318208 234 88 12
-1.2411829 -0.71968961 -1.1178017 234 88 12
-1.2263584 -0.70000732 -1.0879594 234 88 12
-1.2560692 -0.6635769 -1.0880839 234 88 12
-1.2570124 -0.68336815 -1.1058792 234 88 12
-1.2487162 -0.67474723 -1.0913601 234 88 12
-1.2940168 -0.93827832 -1.3564147 234 88 12
-1.2600057 -0.82310629 -1.2283783 234 88 12
-1.2567929 -0.68891561 -1.1161698 234 88 12
-1.243964 -0.70245874 -1.1167781 234 88 12
-1.2415367 -0.74403518 -1.1501225 234 88 12
-1.2407074 -0.75286615 -1.1569377 234 88 12
-1.2569426 -0.826195 -1.2332218 234 88 12
-1.2222363 -0.70721501 -1.1023232 234 88 12
-1.2138293 -0.70125622 -1.0900873 234 88 12
-1.2549796 -0.67207533 -1.1060747 234 88 12
-1.2579623 -0.72853386 -1.1563177 234 88 12
-1.2537258 -0.72324491 -1.1482662 234 88 12
-1.3058442 -0.95977366 -1.3922471 234 88 12
-1.277259 -0.88839567 -1.3077526 234 88 12
-1.2202299 -0.7046572 -1.1042422 234 88 12
-1.2349734 -0.75220788 -1.1622571 234 88 12
-1.2105656 -0.71103501 -1.1072454 234 88 12
-1.2381939 -0.76870763 -1.1839912 234 88 12
-1.2228885 -0.7356627 -1.143741 234 88 12
-1.2072654 -0.704041 -1.104411 234 88 12
-1.2005234 -0.70461351 -1.099275 234 88 12
-1.2228638 -0.72841829 -1.1431916 234 88 12
-1.2162018 -0.71624637 -1.1276319 234 88 12
-1.2844825 -0.94697726 -1.3783644 234 88 12
-1.2882799 -0.968539 -1.3991562 234 88 12
-1.1998367 -0.69925523 -1.1058601 234 88 12
-1.2461183 -0.82055396 -1.2479553 234 88 12
-1.2223754 -0.74687302 -1.1686844 234 88 12
-1.2072262 -0.70543951 -1.1226445 234 88 12
-1.2136579 -0.73890036 -1.1551039 234 88 12
-1.210978 -0.72271425 -1.1452347 234 88 12
-1.2061174 -0.71747512 -1.1370791 234 88 12
-1.2208865 -0.75001967 -1.1804959 234 88 12
-1.2000146 -0.71249521 -1.133698 234 88 12
-1.2085439 -0.75136542 -1.1716832 234 88 12
-1.276813 -0.94722313 -1.3869829 234 88 12
-1.1992376 -0.69119263 -1.1216627 234 88 12
-1.2117379 -0.74452883 -1.1740233 234 88 12
-1.2125798 -0.7579022 -1.1853288 234 88 12
-1.1910611 -0.69853586 -1.1210002 234 88 12
-1.1987497 -0.70528656 -1.1380167 234 88 12
0.19128695 -1.8328331 -1.2606963 234 88 12
0.034075018 -1.454384 -0.96520096 234 88 12
0.04116175 -1.4614992 -0.97130316 234 88 12
0.045760497 -1.453601 -0.96604389 234 88 12
0.062982313 -1.4665467 -0.97767216 234 88 12
0.070365936 -1.4752238 -0.98496091 234 88 12
0.064581998 -1.4508306 -0.96628982 234 88 12
0.073564708 -1.463663 -0.97683364 234 88 12
0.071462184 -1.4480491 -0.9650768 234 88 12
0.087947443 -1.4497082 -0.96830165 234 88 12
0.040309679 -1.476236 -0.98664266 234 88 12
0.050972383 -1.4552372 -0.97258216 234 88 12
0.078102432 -1.4538609 -0.97484636 234 88 12
0.039967313 -1.4741602 -0.98965967 234 88 12
0.035765342 -1.4555981 -0.97570008 234 88 12
0.054187201 -1.4521254 -0.97538519 234 88 12
0.05760457 -1.4507643 -0.97480702 234 88 12
0.097003482 -1.4395229 -0.97136819 234 88 12
0.19809525 -1.8272933 -1.266946 234 88 12
0.046233583 -1.4602131 -0.98492265 234 88 12
0.077529304 -1.4394091 -0.97367251 234 88 12
0.093195416 -1.4388237 -0.9751097 234 88 12
0.10318386 -1.4449242 -0.98068213 234 88 12
0.12392944 -1.6491315 -1.1334546 234 88 12
0.096303932 -1.5770372 -1.0787661 234 88 12
0.050540816 -1.4598325 -0.98975819 234 88 12
0.078373179 -1.4404838 -0.97922856 234 88 12
0.10031952 -1.4354341 -0.97820812 234 88 12
0.16578564 -1.7282771 -1.1977816 234 88 12
0.050871402 -1.4401901 -0.98046815 234 88 12
0.058567394 -1.439464 -0.98085266 234 88 12
0.072914496 -1.4547592 -0.99790996 234 88 12
0.092059597 -1.4433285 -0.99210149 234 88 12
0.11471952 -1.4291261 -0.98475403 234 88 12
0.066708781 -1.4374706 -0.98968929 234 88 12
0.074312992 -1.4366399 -0.98998427 234 88 12
0.085548691 -1.4349625 -0.99010664 234 88 12
0.10018805 -1.4317437 -0.98954654 234 88 12
0.11025546 -1.4264575 -0.98702127 234 88 12
0.11382172 -1.4252816 -0.98661202 234 88 12
0.12924489 -1.4242585 -0.98767102 234 88 12
0.053361945 -1.4425163 -0.99626583 234 88 12
0.054382794 -1.4352033 -0.99133009 234 88 12
0.18810965 -1.7515644 -1.2251185 234 88 12
0.098614849 -1.4486871 -1.0056849 234 88 12
0.11023832 -1.4253526 -0.99088901 234 88 12
0.11408459 -1.4250697 -0.99113184 234 88 12
0.12867753 -1.421402 -0.99026078 234 88 12
0.061123624 -1.4508096 -1.0073971 234 88 12
0.0653762 -1.4417745 -1.0016865 234 88 12
0.11602059 -1.5076473 -1.052549 234 88 12
0.13947475 -1.5355126 -1.0742943 234 88 12
0.13067698 -1.4984537 -1.0479057 234 88 12
0.11625884 -1.4429014 -1.0082092 234 88 12
0.11526476 -1.4277409 -0.99770838 234 88 12
0.1276366 -1.4299395 -1.0006131 234 88 12
0.14359386 -1.4316325 -1.0035768 234 88 12
0.15202315 -1.6169595 -1.1350106 234 88 12
0.1087131 -1.430586 -1.00348 234 88 12
0.12680957 -1.4629879 -1.0275317 234 88 12
0.11970724 -1.428443 -1.0032558 234 88 12
0.12733877 -1.4279929 -1.0038054 234 88 12
0.14465794 -1.4207919 -1.0008525 234 88 12
0.063678533 -1.4247055 -0.99904662 234 88 12
0.07859996 -1.4433755 -1.0132922 234 88 12
0.075009234 -1.4230912 -0.99921817 234 88 12
0.081351683 -1.4296256 -1.0043287 234 88 12
0.095488206 -1.4581373 -1.0251218 234 88 12
0.21100333 -1.719208 -1.2139691 234 88 12
0.21583182 -1.7269863 -1.2197498 234 88 12
0.13181305 -1.4417969 -1.0181448 234 88 12
0.16099723 -1.4913183 -1.0547751 234 88 12
0.056204922 -1.4247526 -1.0028416 234 88 12
0.060830634 -1.4264123 -1.0044615 234 88 12
0.076954193 -1.4481164 -1.0207524 234 88 12
0.084791131 -1.4485298 -1.0218931 234 88 12
0.093613379 -1.4623003 -1.0320739 234 88 12
0.22270997 -1.8129969 -1.2808079 234 88 12
0.20025124 -1.6580166 -1.1747018 234 88 12
0.13301927 -1.4190868 -1.0075245 234 88 12
0.059728853 -1.4324986 -1.0129342 234 88 12
0.070997916 -1.4206113 -1.0062833 234 88 12
0.071348198 -1.4308946 -1.0176406 234 88 12
0.094708979 -1.4722337 -1.0515966 234 88 12
0.065827683 -1.4242879 -1.0217054 234 88 12
1.4036564 -0.95450717 -0.40728736 234 88 12
1.4590611 -0.99045581 -0.438402 234 88 12
1.3960948 -0.96301508 -0.41098845 234 88 12
1.3959044 -0.95781422 -0.40945497 234 88 12
1.4041575 -0.94491744 -0.40891299 234 88 12
1.4361992 -0.95454365 -0.42359397 234 88 12
1.426242 -0.9399823 -0.41577852 234 88 12
1.4315449 -0.93995154 -0.41775167 234 88 12
1.3938438 -0.95610988 -0.41236123 234 88 12
1.4001038 -0.95157725 -0.41341582 234 88 12
1.4043452 -0.94524294 -0.41322172 234 88 12
1.4173294 -0.94705826 -0.41853216 234 88 12
1.4168054 -0.93114138 -0.41390646 234 88 12
1.4676824 -0.97499812 -0.44494539 234 88 12
1.4572766 -0.96003371 -0.436928 234 88 12
1.5069598 -1.0037831 -0.46749529 234 88 12
1.4357226 -1.0074953 -0.44601864 234 88 12
1.4138373 -0.96906453 -0.42740399 234 88 12
1.4585526 -0.95652145 -0.44033086 234 88 12
1.5554242 -1.0472684 -0.50084603 234 88 12
1.3979177 -0.94478381 -0.41902712 234 88 12
1.4111699 -0.93133593 -0.42016414 234 88 12
1.4187353 -0.91770673 -0.41918856 234 88 12
1.4282502 -0.90595055 -0.41943154 234 88 12
1.4424516 -0.91508096 -0.42707613 234 88 12
1.4403667 -0.90231574 -0.42283523 234 88 12
1.7190391 -1.27551 -0.62788576 234 88 12
1.3704145 -0.98121411 -0.42313364 234 88 12
1.4071888 -0.99737537 -0.44070983 234 88 12
1.3925042 -0.980115 -0.43077087 234 88 12
1.3867821 -0.9703052 -0.42606446 234 88 12
1.4095857 -0.9850691 -0.43824506 234 88 12
1.3993611 -0.97130632 -0.43085325 234 88 12
1.3951197 -0.95257348 -0.42426732 234 88 12
1.4036567 -0.93995273 -0.42392296 234 88 12
1.4107112 -0.93108207 -0.42405951 234 88 12
1.432963 -0.90564466 -0.42517766 234 88 12
1.4368286 -0.89890873 -0.42474577 234 88 12
1.534724 -0.99583936 -0.48610318 234 88 12
1.6760502 -1.2383065 -0.6047197 234 88 12
1.3809946 -0.99480045 -0.43466032 234 88 12
1.3701375 -0.98105145 -0.42712155 234 88 12
1.3730468 -0.97854376 -0.42748511 234 88 12
1.373731 -0.9741829 -0.42656177 234 88 12
1.3980346 -0.94518149 -0.4274447 234 88 12
1.422928 -0.93260717 -0.43293217 234 88 12
1.4163132 -0.92101347 -0.4274784 234 88 12
1.4172403 -0.91666359 -0.42664438 234 88 12
1.3944573 -0.98679519 -0.44132349 234 88 12
1.4413263 -1.0127312 -0.46468857 234 88 12
1.4273275 -0.92154944 -0.43561447 234 88 12
1.4602184 -0.92881125 -0.44911429 234 88 12
1.4499525 -0.91302907 -0.44132146 234 88 12
1.6508908 -1.1176256 -0.56622815 234 88 12
1.380549 -0.98004293 -0.43871579 234 88 12
1.4047253 -0.95155364 -0.43967083 234 88 12
1.501389 -1.0219492 -0.49179894 234 88 12
1.626056 -1.1355809 -0.56501597 234 88 12
1.6629015 -1.1672595 -0.58615601 234 88 12
1.6679202 -1.1688501 -0.58832133 234 88 12
1.5540397 -1.0550942 -0.51882958 234 88 12
1.6246058 -1.119996 -0.5604257 234 88 12
1.5688199 -1.061348 -0.52561796 234 88 12
1.6210213 -1.1091771 -0.55634105 234 88 12
1.5087789 -0.99294287 -0.48677033 234 88 12
1.5041964 -0.98367584 -0.48274478 234 88 12
1.486086 -0.96051574 -0.47036466 234 88 12
1.5697311 -1.1489252 -0.55182403 234 88 12
1.5280534 -1.1073389 -0.52666497 234 88 12
1.4854215 -1.0636897 -0.5006417 234 88 12
1.3805017 -0.96031684 -0.43764764 234 88 12
1.3944881 -0.96749198 -0.44433159 234 88 12
1.3989743 -0.96152943 -0.44433159 234 88 12
1.397491 -0.95521683 -0.44218248 234 88 12
1.3977915 -0.94539481 -0.43973804 234 88 12
1.4036176 -0.94563752 -0.44180986 234 88 12
1.4134705 -0.9496541 -0.44624913 234 88 12
1.7315544 -1.2409027 -0.63148224 234 88 12
1.3786889 -0.96384877 -0.44204435 234 88 12
1.3798268 -0.95983732 -0.44140273 234 88 12
1.4138433 -0.9748323 -0.45685992 234 88 12
1.4754308 -1.0070397 -0.48614421 234 88 12
1.737327 -1.2463633 -0.63695407 234 88 12
1.5130464 -1.0419154 -0.51134068 234 88 12
1.5292124 -1.0852433 -0.5310322 234 88 12
1.3979287 -0.96590865 -0.4571704 234 88 12
1.4002343 -0.94298857 -0.45217904 234 88 12
1.4130687 -0.94974768 -0.45816624 234 88 12
1.382095 -0.95712596 -0.45375285 234 88 12
1.3853436 -0.954965 -0.45428923 234 88 12
1.4150419 -0.97140992 -0.46819657 234 88 12
1.6602532 -1.178044 -0.60064751 234 88 12
1.4110398 -0.96306539 -0.46875024 234 88 12
1.3954302 -0.94396734 -0.45894635 234 88 12
1.4797044 -1.0160213 -0.50423545 234 88 12
1.6456076 -1.1646265 -0.5950551 234 88 12
1.5609524 -1.1056992 -0.55590594 234 88 12
1.3836849 -0.94366193 -0.45912027 234 88 12
1.4172192 -0.95897764 -0.47369647 234 88 12
1.4260535 -0.97203887 -0.48358917 234 88 12
1.4634783 -1.0014402 -0.50264275 234 88 12
1.3835038 -0.94880277 -0.46843675 234 88 12
1.4052495 -0.95825082 -0.47756827 234 88 12
1.4291812 -0.97501165 -0.48913288 234 88 12
1.6976551 -1.215747 -0.63141823 234 88 12
1.3886638 -0.95349181 -0.4752025 234 88 12
1.4700155 -1.0210832 -0.51657909 234 88 12
1.3857932 -0.9408803 -0.4713344 234 88 12
1.3318814 1.2004547 -0.32083306 234 88 12
1.3448142 1.1864672 -0.328848 234 88 12
1.3522662 1.1897119 -0.33458343 234 88 12
1.3993793 1.1924351 -0.36505878 234 88 12
1.5790961 1.1928251 -0.47805867 234 88 12
1.3782929 1.2021343 -0.35496911 234 88 12
1.3393192 1.1825739 -0.32856676 234 88 12
1.3776103 1.1889448 -0.35449213 234 88 12
1.3664895 1.1922407 -0.34862354 234 88 12
1.3497425 1.1956838 -0.33929527 234 88 12
1.3257182 1.1993618 -0.32550651 234 88 12
1.4429117 1.2001811 -0.3988249 234 88 12
1.3433638 1.1686082 -0.33101818 234 88 12
1.3358936 1.1718916 -0.32744834 234 88 12
1.389334 1.1883029 -0.3657673 234 88 12
1.5774324 1.1919637 -0.48331204 234 88 12
1.4120798 1.1876088 -0.38367456 234 88 12
1.3879071 1.1908909 -0.36987582 234 88 12
1.7225956 1.1935036 -0.57620692 234 88 12
1.3498824 1.1541152 -0.33925307 234 88 12
1.3396039 1.1572282 -0.33397198 234 88 12
1.335655 1.1841683 -0.34006482 234 88 12
1.3339283 1.1875032 -0.34006482 234 88 12
1.327121 1.1975337 -0.33908123 234 88 12
1.3408757 1.1601096 -0.34008569 234 88 12
1.3458588 1.1635985 -0.34419128 234 88 12
1.3471501 1.1802764 -0.35019362 234 88 12
1.3503156 1.1868371 -0.3541618 234 88 12
1.4411236 1.1922634 -0.41077283 234 88 12
1.3863722 1.1798124 -0.37792477 234 88 12
1.4431833 1.185863 -0.41389561 234 88 12
1.6377188 1.1872785 -0.5310716 234 88 12
1.3401053 1.1487443 -0.34494269 234 88 12
1.3456333 1.1758264 -0.3565836 234 88 12
1.3768481 1.1792357 -0.37622187 234 88 12
1.6268545 1.1823711 -0.52605778 234 88 12
1.6407039 1.1846178 -0.53499711 234 88 12
1.3504992 1.1519579 -0.35648769 234 88 12
1.3410795 1.1651973 -0.35497209 234 88 12
1.4231018 1.1758375 -0.40669075 234 88 12
1.5490754 1.1793618 -0.48220164 234 88 12
1.3331722 1.1818494 -0.35539401 234 88 12
1.337943 1.1441379 -0.35110492 234 88 12
1.3454777 1.1613722 -0.36075357 234 88 12
1.6569223 1.1749887 -0.54747808 234 88 12
1.6380047 1.1770492 -0.53701264 234 88 12
1.8007592 1.1800574 -0.63334417 234 88 12
1.342281 1.1403422 -0.35690045 234 88 12
1.3351094 1.1469271 -0.35471186 234 88 12
1.4505329 1.16322 -0.42676049 234 88 12
1.470052 1.1665676 -0.43912283 234 88 12
1.6396263 1.1721238 -0.53943735 234 88 12
1.3663712 1.1408948 -0.37536019 234 88 12
1.3369031 1.1430149 -0.35898656 234 88 12
1.3611866 1.1473693 -0.37430263 234 88 12
1.5385351 1.167448 -0.48265684 234 88 12
1.80225 1.1743946 -0.63693237 234 88 12
1.3524393 1.1834104 -0.38002351 234 88 12
1.4943523 1.1859746 -0.46269313 234 88 12
1.4162388 1.1614208 -0.41426635 234 88 12
1.8024874 1.1724075 -0.63868576 234 88 12
1.5108595 1.1827432 -0.47476637 234 88 12
1.3442618 1.1354084 -0.36970943 234 88 12
1.3429093 1.1456031 -0.37193945 234 88 12
1.7209162 1.1684078 -0.59337604 234 88 12
1.3619258 1.1357735 -0.38412538 234 88 12
1.3363835 1.1379396 -0.37036327 234 88 12
1.3321677 1.1480742 -0.37094444 234 88 12
1.3525151 1.1554841 -0.38457289 234 88 12
1.3630176 1.1486562 -0.392726 234 88 12
1.7655535 1.167057 -0.62308156 234 88 12
1.7100347 1.1674732 -0.59216535 234 88 12
1.7775147 1.1763601 -0.63246083 234 88 12
1.3376889 1.1265727 -0.37655431 234 88 12
1.3540592 1.1377237 -0.38883373 234 88 12
1.3386642 1.1438273 -0.38204896 234 88 12
1.5649267 1.1581919 -0.51164407 234 88 12
1.4202455 1.1564345 -0.43090847 234 88 12
1.3738692 1.161515 -0.40664968 234 88 12
1.3906188 1.1650535 -0.41695386 234 88 12
1.3526751 1.1269439 -0.3892698 234 88 12
1.3416026 1.1297369 -0.38397467 234 88 12
1.4169967 1.143394 -0.42933509 234 88 12
1.3340449 1.146518 -0.38459656 234 88 12
1.3810208 1.1547428 -0.41277823 234 88 12
1.4104308 1.1587455 -0.43009531 234 88 12
1.4699941 1.1661062 -0.4649547 234 88 12
1.7763298 1.1757467 -0.63620216 234 88 12
1.7641389 1.1810154 -0.63099694 234 88 12
1.354071 1.1333095 -0.39611542 234 88 12
1.327177 1.145717 -0.38494709 234 88 12
1.44175 1.1591029 -0.4512381 234 88 12
1.4389874 1.1620183 -0.45055428 234 88 12
1.4690403 1.1656125 -0.46796614 234 88 12
1.7812907 1.1755143 -0.64112365 234 88 12
1.4187632 1.176684 -0.44366285 234 88 12
1.8090894 1.1500517 -0.65128511 234 88 12
1.5466468 1.1457162 -0.50805342 234 88 12
1.3249643 1.1416482 -0.38695338 234 88 12
1.3976314 1.1542338 -0.42980221 234 88 12
1.4407609 1.1585908 -0.45436174 234 88 12
1.3342375 1.1589603 -0.39682171 234 88 12
1.7973934 1.1720347 -0.65111482 234 88 12
1.7968243 1.1737326 -0.65128261 234 88 12
1.7123219 1.1762469 -0.60625976 234 88 12
1.3450387 1.1215109 -0.39648172 234 88 12
1.366142 1.1295923 -0.41005337 234 88 12
1.7029897 1.151039 -0.59679705 234 88 12
1.3322347 1.1448346 -0.39609084 234 88 12
1.7032946 1.1635672 -0.60044187 234 88 12
1.7934551 1.1682085 -0.65012014 234 88 12
1.807953 1.1494634 -0.65487325 234 88 12
1.3305126 1.1408143 -0.39836416 234 88 12
1.7896063 1.1660643 -0.64968264 234 88 12
1.7759295 1.1692089 -0.64326954 234 88 12
1.357951 1.14149 -0.41733429 234 88 12
1.3541516 1.1446507 -0.41619262 234 88 12
1.3271204 1.1395993 -0.40485087 234 88 12
1.3689588 1.1479973 -0.42902708 234 88 12
1.7485055 1.1641104 -0.63206738 234 88 12
1.5989237 1.16868 -0.55500722 234 88 12
1.3525298 1.1501623 -0.42517319 234 88 12
1.7615252 1.1679415 -0.64224428 234 88 12
1.3224865 1.138325 -0.41070318 234 88 12
1.325509 1.1588081 -0.41771695 234 88 12
1.3199692 1.1445405 -0.4153536 234 88 12
1.3283871 1.1482536 -0.42063048 234 88 12
1.4162663 1.1574926 -0.46791807 234 88 12
1.3345509 1.1479399 -0.42789927 234 88 12
0.39897445 1.81434 -0.13053317 234 88 12
0.48112193 1.8668954 -0.2160324 234 88 12
0.41559151 1.8198309 -0.14798334 234 88 12
0.42324221 1.8281194 -0.15892985 234 88 12
0.51426762 1.8859248 -0.25270033 234 88 12
0.47162065 1.8598366 -0.21403569 234 88 12
0.40970668 1.8071824 -0.14363851 234 88 12
0.44803968 1.8415374 -0.19147539 234 88 12
0.45568484 1.8496153 -0.20209822 234 88 12
0.40954956 1.8024908 -0.14426894 234 88 12
0.40684822 1.8084573 -0.14827526 234 88 12
0.41677591 1.8182654 -0.16138594 234 88 12
0.40725616 1.8191615 -0.16259138 234 88 12
0.40614608 1.8064896 -0.15584488 234 88 12
0.42921847 1.831576 -0.18791963 234 88 12
0.42272708 1.8269311 -0.18561132 234 88 12
0.4070558 1.8167475 -0.17457299 234 88 12
0.39895061 1.8065767 -0.17181483 234 88 12
0.3907671 1.8053845 -0.16723008 234 88 12
0.39495134 1.7987944 -0.17306831 234 88 12
0.40212682 1.8107177 -0.18610659 234 88 12
0.39348143 1.7955766 -0.18406053 234 88 12
0.39766878 1.8057182 -0.19412698 234 88 12
0.39166963 1.7936854 -0.18650115 234 88 12
0.49912676 1.8661717 -0.29466173 234 88 12
0.39838424 1.8038683 -0.20691855 234 88 12
0.38773733 1.7927748 -0.19832574 234 88 12
0.3859556 1.7954921 -0.19975565 234 88 12
0.4022806 1.8047417 -0.21846676 234 88 12
0.4130592 1.8091311 -0.23993836 234 88 12
0.38572046 1.7915053 -0.21994084 234 88 12
-1.2301345 0.028856801 -1.8799086 234 88 12
-1.2299031 0.026966149 -1.8799086 234 88 12
-1.2284588 0.029061908 -1.8807906 234 88 12
-1.2282274 0.027171256 -1.8807906 234 88 12
-1.2060939 0.12625897 -1.6196009 234 88 12
-1.2149005 0.071773484 -1.7687962 234 88 12
-1.2047415 0.12026719 -1.6388758 234 88 12
-1.2084585 0.0833188 -1.7158226 234 88 12
-1.1993452 0.14076377 -1.5910876 234 88 12
-1.188225 0.1882827 -1.4377408 234 88 12
-1.2105445 0.069973573 -1.770941 234 88 12
-1.1826314 0.20486824 -1.3687134 234 88 12
-1.2068709 0.080565818 -1.7259403 234 88 12
-1.1966751 0.14142729 -1.5914887 234 88 12
-1.1994976 0.12260238 -1.6365309 234 88 12
-1.1859472 0.17922893 -1.4565868 234 88 12
-1.1787763 0.21608618 -1.3847455 234 88 12
-1.1896639 0.15816383 -1.5381254 234 88 12
-1.1788572 0.20410599 -1.3979466 234 88 12
-1.1769749 0.20713478 -1.3787249 234 88 12
-1.1752675 0.22347338 -1.3773153 234 88 12
-1.1926969 0.13181219 -1.6148545 234 88 12
-1.1714631 0.20585188 -1.3636557 234 88 12
-1.1745089 0.22943962 -1.3939676 234 88 12
-1.1723706 0.23372175 -1.3724986 234 88 12
-1.1719775 0.22387606 -1.3790469 234 88 12
-1.190937 0.128676 -1.6258851 234 88 12
-1.1699131 0.21008746 -1.3760087 234 88 12
-1.1718577 0.22712262 -1.4029222 234 88 12
-1.1765858 0.18963227 -1.4760321 234 88 12
-1.1689463 0.21748661 -1.3893313 234 88 12
-1.1852112 0.14267065 -1.5888209 234 88 12
-1.1679507 0.21051961 -1.3882108 234 88 12
-1.188922 0.14212936 -1.6394733 234 88 12
-1.1668574 0.22970471 -1.3889649 234 88 12
-1.1693467 0.21339054 -1.423245 234 88 12
-1.164028 0.23047519 -1.366625 234 88 12
-1.1635246 0.24166559 -1.3796791 234 88 12
-1.1597514 0.22340167 -1.3682297 234 88 12
-1.1637681 0.23268448 -1.4155084 234 88 12
-1.1580522 0.23408659 -1.3727742 234 88 12
-1.1564106 0.22381058 -1.3699882 234 88 12
-1.1570644 0.21582736 -1.3818269 234 88 12
-1.1568553 0.2057945 -1.3892226 234 88 12
-1.1618475 0.24962386 -1.4118792 234 88 12
-1.1580691 0.24334411 -1.3905689 234 88 12
-1.1583022 0.23139726 -1.4025729 234 88 12
-1.1566014 0.21642351 -1.4035075 234 88 12
-1.1750956 0.18095045 -1.5857346 234 88 12
-1.2039614 0.051250145 -1.8949034 234 88 12
-1.1517932 0.2172002 -1.3940514 234 88 12
-1.1517121 0.20693088 -1.4021764 234 88 12
-1.1554219 0.25041035 -1.4152614 234 88 12
-1.1556367 0.23350319 -1.4306738 234 88 12
-1.1502676 0.24892049 -1.381714 234 88 12
-1.1852483 0.10627907 -1.751341 234 88 12
-1.1505897 0.23047207 -1.4226819 234 88 12
-1.1456324 0.2325085 -1.3883618 234 88 12
-1.1612667 0.16814989 -1.5433437 234 88 12
-1.1437429 0.22308847 -1.3835075 234 88 12
-1.143569 0.21839163 -1.38615 234 88 12
-1.1427376 0.21064846 -1.3869175 234 88 12
-1.1567496 0.21663018 -1.4958519 234 88 12
-1.1423327 0.24357519 -1.3817234 234 88 12
-1.1412135 0.23674168 -1.3799022 234 88 12
-1.1433332 0.22423211 -1.4034221 234 88 12
-1.1650145 0.14658323 -1.6043335 234 88 12
-1.159317 0.19670254 -1.5479079 234 88 12
-1.1422089 0.2540673 -1.3959075 234 88 12
-1.14315 0.24536835 -1.4085426 234 88 12
-1.1442213 0.23634131 -1.4222513 234 88 12
-1.1386682 0.23979469 -1.3846073 234 88 12
-1.1347036 0.21063279 -1.382118 234 88 12
-1.1512291 0.22070129 -1.4989733 234 88 12
-1.1541955 0.16058032 -1.5625976 234 88 12
-1.1943085 0.059182022 -1.8976706 234 88 12
-1.1881682 0.077788375 -1.8469106 234 88 12
-1.13538 0.25571698 -1.3972644 234 88 12
-1.1354498 0.23982066 -1.4094177 234 88 12
-1.1288244 0.21424536 -1.3883421 234 88 12
-1.1293799 0.24402586 -1.3917885 234 88 12
-1.1386067 0.20997956 -1.4708583 234 88 12
-1.1328449 0.22300109 -1.4274361 234 88 12
-1.1267329 0.23147741 -1.3852302 234 88 12
-1.1718584 0.11637045 -1.7489443 234 88 12
-1.132672 0.23884869 -1.4357234 234 88 12
-1.1279039 0.24383709 -1.4046282 234 88 12
-1.1450111 0.1771026 -1.5507537 234 88 12
-1.1424137 0.2077065 -1.5324752 234 88 12
-1.1781857 0.089663483 -1.8169199 234 88 12
-1.1888777 0.053102933 -1.9028248 234 88 12
-1.1534011 0.16028032 -1.6275864 234 88 12
-1.1322899 0.22080062 -1.4660572 234 88 12
-1.122682 0.21977697 -1.4123485 234 88 12
-1.1222646 0.21107346 -1.4160185 234 88 12
-1.1553257 0.15853243 -1.655277 234 88 12
-1.1742104 0.096163601 -1.802477 234 88 12
-1.1717056 0.10071845 -1.7854786 234 88 12
-1.1259758 0.23079103 -1.4432689 234 88 12
-1.1277241 0.22077398 -1.4597787 234 88 12
-1.1235166 0.22823922 -1.4313515 234 88 12
-1.1527143 0.13953163 -1.6536911 234 88 12
-1.1185097 0.2326709 -1.4005483 234 88 12
-1.1194159 0.22017674 -1.4140677 234 88 12
-1.1154916 0.22092995 -1.3917732 234 88 12
-1.1717818 0.10081775 -1.7982881 234 88 12
-1.1371453 0.19809635 -1.5450119 234 88 12
-1.1562183 0.13743585 -1.6892054 234 88 12
-1.1423886 0.1699826 -1.5922701 234 88 12
-1.1791921 0.061317634 -1.8649219 234 88 12
-1.1666595 0.093738399 -1.7751287 234 88 12
-1.1159124 0.22121702 -1.4140685 234 88 12
-1.1569718 0.13934806 -1.7061012 234 88 12
-1.1735743 0.083732292 -1.831028 234 88 12
-1.1362194 0.18856226 -1.5632098 234 88 12
-1.1383636 0.17820621 -1.5814167 234 88 12
-1.1589165 0.11624026 -1.7315727 234 88 12
-1.1172675 0.22371866 -1.439109 234 88 12
-1.144312 0.14568238 -1.6344045 234 88 12
-1.1105179 0.23219156 -1.3975552 234 88 12
-1.1222034 0.23459058 -1.4766437 234 88 12
-1.1633487 0.11091781 -1.7712806 234 88 12
-1.1308672 0.19612879 -1.5466434 234 88 12
-1.1644 0.098379999 -1.7848181 234 88 12
-1.1390692 0.16496047 -1.6095515 234 88 12
-1.1290091 0.18402739 -1.5446702 234 88 12
-1.1125698 0.22331443 -1.4334378 234 88 12
-1.1080652 0.23030138 -1.4053799 234 88 12
-1.1062007 0.22525066 -1.3988556 234 88 12
-1.1153744 0.23612447 -1.4582722 234 88 12
-1.1077385 0.25245798 -1.4087781 234 88 12
-1.1543307 0.11706037 -1.7332458 234 88 12
-1.1485028 0.12567367 -1.6978931 234 88 12
-1.1257581 0.18115407 -1.5461738 234 88 12
-1.1210308 0.1948766 -1.5299923 234 88 12
-1.1514246 0.11237596 -1.7341536 234 88 12
-1.1012945 0.23638582 -1.4048642 234 88 12
-1.12299 0.19539353 -1.5555559 234 88 12
-1.1591768 0.096540414 -1.7945896 234 88 12
-1.112483 0.21411313 -1.4922004 234 88 12
-1.1103787 0.21497606 -1.4812603 234 88 12
-1.100237 0.23598766 -1.418324 234 88 12
-1.0982528 0.25255138 -1.4167653 234 88 12
-1.1383084 0.14501423 -1.675492 234 88 12
-1.1437863 0.12753065 -1.7125273 234 88 12
-1.1388714 0.1412802 -1.6935092 234 88 12
-1.1268775 0.16788749 -1.6206763 234 88 12
-1.1448405 0.12400404 -1.7440897 234 88 12
-1.1008879 0.22577371 -1.4793863 234 88 12
-1.0925814 0.23669556 -1.434134 234 88 12
-1.0879538 0.24295729 -1.4088225 234 88 12
-1.0874933 0.23919515 -1.4088225 234 88 12
-1.088883 0.25731981 -1.422364 234 88 12
-1.0953716 0.23199233 -1.4665865 234 88 12
-1.1042943 0.20608057 -1.5223652 234 88 12
-1.0949349 0.22386301 -1.4691617 234 88 12
-1.1050396 0.21044771 -1.5385255 234 88 12
-1.1452413 0.1096282 -1.7767401 234 88 12
-1.0855802 0.24338333 -1.4320233 234 88 12
-1.0837629 0.24286023 -1.4240741 234 88 12
-1.0808985 0.23984392 -1.4127616 234 88 12
-1.0976045 0.22597615 -1.5116396 234 88 12
-1.1471939 0.10325301 -1.7996737 234 88 12
-1.077202 0.24105957 -1.4124546 234 88 12
-1.1271341 0.14918691 -1.6973034 234 88 12
-1.109957 0.1859636 -1.6022547 234 88 12
-1.132674 0.12940282 -1.7322098 234 88 12
-1.0772028 0.26021311 -1.4351041 234 88 12
-1.0886099 0.22479284 -1.5030019 234 88 12
-1.0784814 0.24319269 -1.4496046 234 88 12
-1.0719591 0.24828303 -1.4187864 234 88 12
-1.0703256 0.23754798 -1.4174079 234 88 12
-1.1371542 0.11584345 -1.7803406 234 88 12
-1.0845799 0.23177877 -1.4970154 234 88 12
-1.0754372 0.23856977 -1.4546896 234 88 12
-1.0914328 0.21842453 -1.5471163 234 88 12
-1.0687858 0.26521236 -1.4286209 234 88 12
-1.0837678 0.22711784 -1.5106617 234 88 12
-1.0697736 0.2535606 -1.4387017 234 88 12
-1.1147915 0.15995619 -1.6862458 234 88 12
-1.0685164 0.25422907 -1.4485892 234 88 12
-1.1258452 0.12733229 -1.7585088 234 88 12
-1.0791591 0.22471206 -1.5213344 234 88 12
-1.1009928 0.17394394 -1.6348425 234 88 12
-1.0718243 0.23160782 -1.4882349 234 88 12
-1.0574178 0.26477695 -1.4289136 234 88 12
-0.27386296 -0.97537601 -1.9928105 234 88 12
-0.26819098 -0.97607023 -1.9928105 234 88 12
-0.27365783 -0.97370028 -1.9936925 234 88 12
-0.26798588 -0.9743945 -1.9936925 234 88 12
-0.37044436 -0.71051538 -1.5988165 234 88 12
-0.3710568 -0.70008677 -1.5824027 234 88 12
-0.36955994 -0.6947673 -1.5736791 234 88 12
-0.36586109 -0.69505954 -1.5734246 234 88 12
-0.35938042 -0.69842583 -1.5845486 234 88 12
-0.29422256 -0.90748495 -1.9049895 234 88 12
-0.36965221 -0.70404363 -1.602223 234 88 12
-0.37118635 -0.69105667 -1.5822694 234 88 12
-0.36802939 -0.6899786 -1.5799863 234 88 12
-0.36485559 -0.68889356 -1.5776892 234 88 12
-0.35246357 -0.69340956 -1.5823649 234 88 12
-0.28823569 -0.91442287 -1.9188522 234 88 12
-0.36103997 -0.72191417 -1.6350029 234 88 12
-0.35974628 -0.7165525 -1.6264688 234 88 12
-0.36232778 -0.69128358 -1.5878905 234 88 12
-0.34809357 -0.69120401 -1.5850738 234 88 12
-0.32766172 -0.80421942 -1.7614172 234 88 12
-0.31897178 -0.81967789 -1.7834883 234 88 12
-0.34157282 -0.69543374 -1.5972301 234 88 12
-0.33611718 -0.70124441 -1.6051157 234 88 12
-0.33810154 -0.68425852 -1.5794441 234 88 12
-0.32306501 -0.69790453 -1.5975451 234 88 12
-0.36277473 -0.69088262 -1.6010225 234 88 12
-0.35278422 -0.67902118 -1.5811257 234 88 12
-0.33322057 -0.68361789 -1.5844744 234 88 12
-0.32103366 -0.68813014 -1.5890677 234 88 12
-0.31868327 -0.68380505 -1.5820533 234 88 12
-0.3172214 -0.80267662 -1.7679285 234 88 12
-0.35991272 -0.67475832 -1.582884 234 88 12
-0.35240436 -0.67559642 -1.5827619 234 88 12
-0.31461865 -0.70533031 -1.620631 234 88 12
-0.3156651 -0.68957037 -1.5970552 234 88 12
-0.33370897 -0.68426788 -1.5991411 234 88 12
-0.32905868 -0.6760838 -1.5860472 234 88 12
-0.32153618 -0.6769973 -1.5860363 234 88 12
-0.30974707 -0.68022585 -1.5887073 234 88 12
-0.3295517 -0.69297725 -1.6179788 234 88 12
-0.31022263 -0.67362761 -1.5857592 234 88 12
-0.29260257 -0.81612641 -1.7990544 234 88 12
-0.32944813 -0.67734927 -1.6014525 234 88 12
-0.30998039 -0.68300319 -1.6062665 234 88 12
-0.35249907 -0.6781497 -1.6133399 234 88 12
-0.35386485 -0.6637587 -1.5925756 234 88 12
-0.34838736 -0.66939038 -1.5998181 234 88 12
-0.31129789 -0.67340392 -1.59905 234 88 12
-0.30793539 -0.6724841 -1.5971065 234 88 12
-0.35422859 -0.6686905 -1.6064281 234 88 12
-0.3484413 -0.67534655 -1.615041 234 88 12
-0.35015941 -0.65949976 -1.5923977 234 88 12
-0.34524435 -0.6635077 -1.5973305 234 88 12
-0.29362875 -0.66662204 -1.5926917 234 88 12
-0.33746165 -0.66075361 -1.5985889 234 88 12
-0.33485231 -0.65746891 -1.5934116 234 88 12
-0.32258162 -0.66223437 -1.5980997 234 88 12
-0.31518283 -0.67577744 -1.6162535 234 88 12
-0.30537003 -0.68598264 -1.6291881 234 88 12
-0.30773264 -0.66352981 -1.5973498 234 88 12
-0.30054337 -0.66319042 -1.5955981 234 88 12
-0.29629752 -0.66566122 -1.598401 234 88 12
-0.2933338 -0.66280556 -1.5937777 234 88 12
-0.34588304 -0.66346377 -1.6104684 234 88 12
-0.3279728 -0.69794077 -1.6564759 234 88 12
-0.32880831 -0.68428791 -1.6371657 234 88 12
-0.32892993 -0.67244154 -1.6203051 234 88 12
-0.31957191 -0.69222319 -1.6468627 234 88 12
-0.30736777 -0.71125388 -1.6718538 234 88 12
-0.23675461 -0.95440561 -2.006041 234 88 12
-0.26941016 -0.82703847 -1.8302321 234 88 12
-0.2678633 -0.81283891 -1.8097272 234 88 12
-0.29650325 -0.65979248 -1.5966234 234 88 12
-0.28173223 -0.66034681 -1.594837 234 88 12
-0.31932467 -0.68862778 -1.6478776 234 88 12
-0.25749624 -0.88459986 -1.9142303 234 88 12
-0.26345521 -0.85475248 -1.8730655 234 88 12
-0.25500038 -0.87721807 -1.9033626 234 88 12
-0.28393739 -0.75826019 -1.7401956 234 88 12
-0.29244047 -0.70019096 -1.6595728 234 88 12
-0.28125361 -0.65733099 -1.5970446 234 88 12
-0.33808571 -0.65650594 -1.6121563 234 88 12
-0.31810531 -0.68837219 -1.6534199 234 88 12
-0.24044293 -0.94947606 -2.0062954 234 88 12
-0.25716323 -0.85703564 -1.8795147 234 88 12
-0.25154212 -0.86030865 -1.8831403 234 88 12
-0.29267004 -0.66589862 -1.6175333 234 88 12
-0.28658211 -0.67680502 -1.6317849 234 88 12
-0.33435687 -0.66409183 -1.6284463 234 88 12
-0.33629882 -0.64593518 -1.6035125 234 88 12
-0.25562587 -0.90074497 -1.9443339 234 88 12
-0.29739866 -0.65616542 -1.6111224 234 88 12
-0.27958223 -0.7168166 -1.6924825 234 88 12
-0.28513199 -0.66251898 -1.617874 234 88 12
-0.26329833 -0.6636225 -1.6156909 234 88 12
-0.34170687 -0.64716011 -1.6125323 234 88 12
-0.2536276 -0.91887283 -1.9727584 234 88 12
-0.27894223 -0.68554312 -1.6549156 234 88 12
-0.28216812 -0.65444869 -1.6125337 234 88 12
-0.27591482 -0.64947569 -1.6046116 234 88 12
-0.26217493 -0.75746679 -1.7566094 234 88 12
-0.25728321 -0.68567717 -1.6574574 234 88 12
-0.26587999 -0.72139376 -1.7133758 234 88 12
-0.27135804 -0.66165948 -1.6331061 234 88 12
-0.26643014 -0.66878384 -1.6419686 234 88 12
-0.25882578 -0.69068599 -1.6704694 234 88 12
-0.27392346 -0.64338863 -1.6150091 234 88 12
-0.26437637 -0.65555072 -1.6298335 234 88 12
-0.26326808 -0.64170676 -1.6109823 234 88 12
-0.23527485 -0.82298034 -1.8552121 234 88 12
0.84308183 -0.78055584 -1.3052943 234 88 12
0.84432101 -0.77630717 -1.3033589 234 88 12
0.84823984 -0.77500099 -1.305086 234 88 12
0.85852987 -0.75839615 -1.3062415 234 88 12
0.86872947 -0.75881439 -1.3131539 234 88 12
0.86836815 -0.74661356 -1.3050851 234 88 12
0.87675661 -0.7389909 -1.305655 234 88 12
0.89028782 -0.74411255 -1.3177572 234 88 12
0.83038849 -0.78391844 -1.3094178 234 88 12
0.84761339 -0.79132903 -1.3252746 234 88 12
0.85214007 -0.790793 -1.3278592 234 88 12
0.85431463 -0.77105004 -1.3166852 234 88 12
0.8776297 -0.73457152 -1.3085138 234 88 12
0.91984123 -0.77125859 -1.3591769 234 88 12
0.82838571 -0.79818505 -1.322237 234 88 12
0.82663786 -0.79102242 -1.3165865 234 88 12
0.83757466 -0.79699308 -1.3273783 234 88 12
0.83199859 -0.77471143 -1.3097115 234 88 12
0.85907197 -0.74810648 -1.3102565 234 88 12
0.86846399 -0.74763381 -1.3159829 234 88 12
0.87567091 -0.7326408 -1.3111258 234 88 12
0.88276845 -0.73561853 -1.317562 234 88 12
0.90992141 -0.75301212 -1.3459802 234 88 12
1.0678554 -1.0619146 -1.6451881 234 88 12
0.82341599 -0.81932276 -1.3373241 234 88 12
0.80729675 -0.79839092 -1.3139259 234 88 12
0.81189674 -0.79226542 -1.3130106 234 88 12
0.83306563 -0.79774499 -1.3299267 234 88 12
0.83215749 -0.77505726 -1.315111 234 88 12
0.83410937 -0.77159566 -1.3141813 234 88 12
0.84439981 -0.76039827 -1.3137062 234 88 12
0.84895992 -0.75986493 -1.3162746 234 88 12
0.86316133 -0.75337619 -1.3212444 234 88 12
0.86095369 -0.74488389 -1.3145095 234 88 12
0.87600809 -0.73361713 -1.3170238 234 88 12
0.89123458 -0.74107313 -1.3313969 234 88 12
0.91763771 -0.76954103 -1.3660718 234 88 12
0.80315518 -0.80487972 -1.3204008 234 88 12
0.84517783 -0.77833235 -1.3304191 234 88 12
0.8409456 -0.76247537 -1.3178694 234 88 12
0.87963313 -0.77336615 -1.3490963 234 88 12
0.87469649 -0.75608975 -1.3352177 234 88 12
0.87339509 -0.74869567 -1.3297905 234 88 12
0.90942299 -0.78197944 -1.3732828 234 88 12
0.88928229 -0.7509532 -1.3412346 234 88 12
0.88293463 -0.7369653 -1.3285124 234 88 12
0.9299193 -0.93061692 -1.4826026 234 88 12
0.81428528 -0.81552851 -1.3389641 234 88 12
0.81442261 -0.78951889 -1.3229748 234 88 12
0.84326065 -0.77644265 -1.3329756 234 88 12
0.85378456 -0.77156758 -1.3365616 234 88 12
0.88776976 -0.80477226 -1.3783939 234 88 12
1.0072258 -0.93726355 -1.535185 234 88 12
1.0323493 -0.95897824 -1.5643593 234 88 12
1.0192025 -0.93966216 -1.5441773 234 88 12
1.0435522 -0.95399994 -1.568307 234 88 12
0.98173624 -0.86832273 -1.4765927 234 88 12
1.0649045 -1.0590059 -1.6491232 234 88 12
0.81137669 -0.8023631 -1.3339422 234 88 12
0.81699109 -0.77597797 -1.3212522 234 88 12
0.88637459 -0.83379239 -1.3998896 234 88 12
0.90772247 -0.8520239 -1.4243566 234 88 12
0.88367707 -0.80560112 -1.3809195 234 88 12
1.0889726 -1.034588 -1.6491232 234 88 12
1.033327 -1.0230221 -1.6102282 234 88 12
1.0213691 -1.0083007 -1.5938824 234 88 12
0.83272898 -0.81828618 -1.3617238 234 88 12
0.93088174 -0.91144186 -1.479043 234 88 12
0.83160347 -0.76409525 -1.3280424 234 88 12
0.83851445 -0.76053143 -1.3301411 234 88 12
0.96320474 -0.89562732 -1.4893779 234 88 12
0.91811633 -0.84970117 -1.4377254 234 88 12
1.0176356 -0.95724785 -1.5636841 234 88 12
0.82420236 -0.7838127 -1.3452246 234 88 12
0.81814587 -0.77207595 -1.334505 234 88 12
0.82148141 -0.75906223 -1.328732 234 88 12
0.84215271 -0.77606404 -1.3514968 234 88 12
0.96400785 -0.90115124 -1.5005984 234 88 12
1.0711566 -1.0177805 -1.6356852 234 88 12
0.81402981 -0.7623679 -1.3311491 234 88 12
0.82667083 -0.77036071 -1.3435341 234 88 12
0.84868073 -0.78871542 -1.3677387 234 88 12
0.83975154 -0.76267087 -1.3468544 234 88 12
1.0835108 -1.0318521 -1.6541278 234 88 12
0.85293835 -0.79868984 -1.3808315 234 88 12
0.84303558 -0.77203834 -1.3591645 234 88 12
0.98197907 -0.92157257 -1.5306766 234 88 12
1.0729203 -1.0200595 -1.643297 234 88 12
0.82419091 -0.76256448 -1.3471327 234 88 12
1.0644535 -1.0137074 -1.6371009 234 88 12
0.82602274 -0.77016169 -1.3574455 234 88 12
0.81926715 -0.75186574 -1.3428221 234 88 12
0.90022194 -0.83559304 -1.4392614 234 88 12
0.82688224 -0.76039243 -1.3570503 234 88 12
1.5807102 0.080063872 -0.77158678 234 88 12
1.5835538 0.054080743 -0.78067762 234 88 12
1.5802879 0.059613593 -0.77784359 234 88 12
1.5773716 0.065015301 -0.77526963 234 88 12
1.584452 0.069505721 -0.77986956 234 88 12
1.5924805 0.073388137 -0.78519875 234 88 12
1.5984675 0.074262753 -0.78936195 234 88 12
1.582955 0.090220444 -0.77686751 234 88 12
1.5767663 0.024973601 -0.7831915 234 88 12
1.5739917 0.03013787 -0.78075981 234 88 12
1.5715302 0.043164674 -0.77781773 234 88 12
1.5972211 0.043071158 -0.7958985 234 88 12
1.5794281 0.071323887 -0.78075641 234 88 12
1.6177603 0.063695908 -0.8084299 234 88 12
1.5984944 0.077464797 -0.79359788 234 88 12
1.5810919 0.090466596 -0.78014779 234 88 12
1.7827489 -0.01189475 -0.9315151 234 88 12
1.5659595 0.024562651 -0.78488481 234 88 12
1.567907 0.031664576 -0.7855835 234 88 12
1.5804739 0.057588745 -0.79191202 234 88 12
1.6082339 0.05191293 -0.81164783 234 88 12
1.6019348 0.062701575 -0.80630064 234 88 12
1.6344869 0.053826373 -0.82964635 234 88 12
1.5672126 0.043320209 -0.78864038 234 88 12
1.5767828 0.050809246 -0.79453272 234 88 12
1.636459 0.041154545 -0.83638734 234 88 12
1.624148 0.050962884 -0.82704371 234 88 12
1.5855947 0.074126922 -0.79846823 234 88 12
1.7543508 -0.0078439666 -0.92178696 234 88 12
1.5668416 0.019139875 -0.79514599 234 88 12
1.5646399 0.0359262 -0.79213578 234 88 12
1.5676111 0.04254302 -0.79356414 234 88 12
1.5968789 0.040802334 -0.81365657 234 88 12
1.5671855 0.058662806 -0.79182369 234 88 12
1.6130066 0.040784106 -0.82464361 234 88 12
1.5824635 0.039135993 -0.8084619 234 88 12
1.6392472 0.020444043 -0.8484956 234 88 12
1.8024827 -0.05289869 -0.96533066 234 88 12
1.7767327 -0.037843462 -0.94658911 234 88 12
1.5586413 0.013594545 -0.79921263 234 88 12
1.5724832 0.027409842 -0.80726564 234 88 12
1.6051311 0.028223531 -0.82907289 234 88 12
1.8118286 -0.063187525 -0.97568536 234 88 12
1.9536617 -0.12649447 -1.0763406 234 88 12
1.5645483 0.0028362731 -0.8086291 234 88 12
1.5697126 0.0046565728 -0.81190193 234 88 12
1.5919108 0.01461223 -0.82578278 234 88 12
1.5682859 0.028677609 -0.80884421 234 88 12
1.9356071 -0.12259252 -1.0662847 234 88 12
1.9524734 -0.12825881 -1.0779933 234 88 12
1.5555618 -0.005874583 -0.80794823 234 88 12
1.5508893 -0.00012817423 -0.8043673 234 88 12
1.5577127 0.016885312 -0.80738395 234 88 12
1.5669512 0.028700339 -0.81244546 234 88 12
1.8971138 -0.10770932 -1.0419894 234 88 12
1.9090164 -0.11083836 -1.0501088 234 88 12
1.5502006 -0.0082277069 -0.80915314 234 88 12
1.5732726 -0.0092981309 -0.82433122 234 88 12
1.5533402 0.010263105 -0.8096087 234 88 12
1.5724508 0.021884566 -0.82110018 234 88 12
1.5971586 0.022590747 -0.83719444 234 88 12
1.706014 -0.022416113 -0.91225731 234 88 12
1.8916408 -0.10329863 -1.0406162 234 88 12
1.9451667 -0.16187711 -1.0829514 234 88 12
1.5635879 -0.0060069878 -0.82215786 234 88 12
1.5490441 0.015450681 -0.81088853 234 88 12
1.61333 0.00021407045 -0.85388094 234 88 12
1.5529021 0.033667974 -0.81182951 234 88 12
1.5906823 0.028699996 -0.83675426 234 88 12
1.9485528 -0.12938838 -1.082364 234 88 12
1.5523034 -0.0099353204 -0.81965792 234 88 12
1.5551991 0.00068079354 -0.82061815 234 88 12
1.5582881 0.038661145 -0.81937778 234 88 12
1.9024878 -0.10888551 -1.0532691 234 88 12
1.9316609 -0.11997396 -1.0729727 234 88 12
1.9489681 -0.12587437 -1.0846041 234 88 12
1.7744212 -0.09405531 -0.97286528 234 88 12
1.5675923 -0.012319172 -0.83407032 234 88 12
1.5923886 -0.018070098 -0.8503691 234 88 12
1.7429695 -0.073292784 -0.95105714 234 88 12
1.7883916 -0.088315673 -0.98129153 234 88 12
1.5528324 0.028633293 -0.82120645 234 88 12
1.6289436 0.006937929 -0.87157542 234 88 12
1.9306822 -0.11984465 -1.0746959 234 88 12
1.9423505 -0.16150506 -1.0879096 234 88 12
1.573889 0.011477612 -0.84042227 234 88 12
1.5570801 0.022368787 -0.82888144 234 88 12
1.579248 0.016854348 -0.84336227 234 88 12
1.5881766 0.016821327 -0.84901196 234 88 12
1.789889 -0.064423703 -0.98337358 234 88 12
1.916742 -0.1181152 -1.0680881 234 88 12
1.9465169 -0.12936939 -1.0878595 234 88 12
1.5492631 0.021182077 -0.8284955 234 88 12
1.5630581 0.019330263 -0.83730066 234 88 12
1.902294 -0.11200915 -1.0609385 234 88 12
1.5737007 0.025800262 -0.84775251 234 88 12
1.5741786 0.029417548 -0.84775251 234 88 12
1.5391538 0.024318157 -0.83086407 234 88 12
1.5444255 0.026081212 -0.83397114 234 88 12
1.5441869 0.030129589 -0.83349431 234 88 12
1.8801308 -0.10283768 -1.0514873 234 88 12
1.6557314 -0.017548244 -0.90997964 234 88 12
1.6630096 -0.010527797 -0.91386271 234 88 12
1.7534196 -0.047137279 -0.97209954 234 88 12
1.5638911 0.024576066 -0.85472894 234 88 12
0.75146878 1.3558106 -0.95495749 234 88 12
0.74880648 1.3584729 -0.95495749 234 88 12
0.74692708 1.3537508 -0.95401943 234 88 12
0.74425387 1.356424 -0.95401943 234 88 12
0.82497752 1.3659519 -1.066059 234 88 12
0.77383351 1.351804 -0.99200684 234 88 12
0.76070982 1.3533877 -0.97779578 234 88 12
0.91872066 1.3702912 -1.1931952 234 88 12
0.9167487 1.3722632 -1.1931952 234 88 12
0.76082873 1.3431307 -0.97245777 234 88 12
0.76297063 1.3462652 -0.97890335 234 88 12
0.77618474 1.3532634 -1.0035946 234 88 12
0.75558835 1.3379973 -0.96696281 234 88 12
0.76034927 1.341484 -0.9769575 234 88 12
0.77952921 1.3464478 -1.0062157 234 88 12
0.80476886 1.351841 -1.0433375 234 88 12
0.96434814 1.3721433 -1.2613242 234 88 12
0.73950016 1.3539419 -0.96678877 234 88 12
0.7886883 1.3610246 -1.0349796 234 88 12
0.82966942 1.3477943 -1.0749053 234 88 12
0.80068266 1.3526176 -1.045857 234 88 12
0.85221416 1.3602469 -1.116978 234 88 12
0.74447197 1.3527558 -0.97844827 234 88 12
0.75888705 1.3596656 -1.0040845 234 88 12
0.76551479 1.3629503 -1.0160009 234 88 12
0.76240057 1.3385597 -0.98990279 234 88 12
0.76623172 1.3418871 -0.99843991 234 88 12
0.97916865 1.3714222 -1.2876108 234 88 12
0.8645497 1.3671541 -1.1458267 234 88 12
1.0097418 1.3830214 -1.3379053 234 88 12
0.75022686 1.3265544 -0.96819592 234 88 12
0.74718332 1.3291887 -0.96771169 234 88 12
0.77376169 1.3468174 -1.0200137 234 88 12
0.95011336 1.3674355 -1.2530514 234 88 12
0.97160697 1.3715159 -1.2833085 234 88 12
0.75709486 1.353549 -1.0082592 234 88 12
0.9573012 1.3759428 -1.2716208 234 88 12
0.99668902 1.3809998 -1.3242041 234 88 12
0.7484026 1.3247302 -0.97097355 234 88 12
0.79091579 1.3444099 -1.0439712 234 88 12
0.80463016 1.3486149 -1.0650034 234 88 12
0.73946607 1.3310624 -0.97496724 234 88 12
0.77854621 1.3387098 -1.0293782 234 88 12
0.73331374 1.3451819 -0.98424447 234 88 12
0.75802362 1.3504944 -1.0192032 234 88 12
0.91734791 1.3681109 -1.2252382 234 88 12
0.80762047 1.3604424 -1.088539 234 88 12
0.94295436 1.3744426 -1.2624279 234 88 12
0.74110919 1.3236322 -0.97526473 234 88 12
0.74745768 1.3334339 -0.9939217 234 88 12
0.76513588 1.3384372 -1.020124 234 88 12
0.84408647 1.3501644 -1.1248766 234 88 12
0.99448138 1.3689226 -1.3202857 234 88 12
0.92796779 1.3638104 -1.2375422 234 88 12
0.82014996 1.3576478 -1.1058697 234 88 12
0.98493487 1.3751886 -1.3164959 234 88 12
0.78676504 1.336731 -1.0495726 234 88 12
0.80551398 1.3417292 -1.076789 234 88 12
0.94354004 1.3602571 -1.2562155 234 88 12
0.73365301 1.3390713 -0.99138308 234 88 12
1.0036478 1.3759257 -1.3430625 234 88 12
0.74935693 1.3276013 -1.0030284 234 88 12
0.86535949 1.3475871 -1.1576558 234 88 12
0.93185508 1.3577836 -1.2448596 234 88 12
0.86843723 1.3527057 -1.1669756 234 88 12
0.97683692 1.3705487 -1.3105217 234 88 12
0.93725348 1.3685843 -1.2632791 234 88 12
0.73404914 1.3209877 -0.98502737 234 88 12
0.74847233 1.3259397 -1.0068848 234 88 12
0.93361342 1.3547739 -1.2482734 234 88 12
0.8289125 1.3443416 -1.11839 234 88 12
0.85832834 1.3502667 -1.1582586 234 88 12
0.97594529 1.3657134 -1.3083694 234 88 12
0.96662444 1.3684782 -1.3009735 234 88 12
0.72166336 1.3462626 -0.99956787 234 88 12
0.73724025 1.3137523 -0.98736072 234 88 12
0.74065799 1.3233457 -1.0019234 234 88 12
0.91652435 1.3515022 -1.2302756 234 88 12
0.90825683 1.3526628 -1.2223212 234 88 12
0.99709749 1.3670931 -1.3379071 234 88 12
0.73588729 1.3119986 -0.99074233 234 88 12
0.73368424 1.3147479 -0.99134898 234 88 12
0.78037232 1.3300601 -1.0601982 234 88 12
0.95673025 1.3555275 -1.2843181 234 88 12
0.98273689 1.3607522 -1.3189994 234 88 12
1.0625761 1.373703 -1.4220394 234 88 12
1.0274024 1.3729151 -1.3821055 234 88 12
0.73365158 1.3101119 -0.99299532 234 88 12
0.83665681 1.3362253 -1.1352535 234 88 12
1.0589657 1.3754802 -1.4234351 234 88 12
0.78291881 1.324728 -1.0695966 234 88 12
0.8207128 1.3327168 -1.1196437 234 88 12
0.97562623 1.3559533 -1.3143871 234 88 12
0.9196701 1.3506514 -1.2474233 234 88 12
0.72085363 1.3483536 -1.0275767 234 88 12
0.72971439 1.3125795 -1.0048742 234 88 12
0.72705287 1.315241 -1.0048742 234 88 12
0.94147694 1.3482614 -1.273253 234 88 12
0.9176119 1.3470997 -1.2461089 234 88 12
1.0625199 1.3682594 -1.4262263 234 88 12
0.8380788 1.3581988 -1.1718853 234 88 12
0.82395309 1.3592192 -1.1576712 234 88 12
0.76240498 1.3130559 -1.0472227 234 88 12
0.74689364 1.3136349 -1.0311536 234 88 12
0.7368744 1.3181224 -1.0252005 234 88 12
1.0214541 1.360281 -1.3768163 234 88 12
1.0616033 1.3673428 -1.4276218 234 88 12
1.0589095 1.3700366 -1.4276218 234 88 12
1.0575627 1.3713834 -1.4276218 234 88 12
0.82683581 1.3533628 -1.159935 234 88 12
0.83662212 1.3567421 -1.1741031 234 88 12
0.82246625 1.3577323 -1.159935 234 88 12
0.73403162 1.3161942 -1.0265954 234 88 12
0.7284534 1.2985172 -1.0084273 234 88 12
0.72840893 1.3077872 -1.0182012 234 88 12
0.76632041 1.3165559 -1.0676562 234 88 12
1.0477016 1.3606521 -1.4124811 234 88 12
1.0235111 1.3588152 -1.3849064 234 88 12
1.026419 1.369139 -1.3989248 234 88 12
0.8190493 1.347417 -1.1562152 234 88 12
1.0348037 1.3732535 -1.4121668 234 88 12
1.026337 1.3739212 -1.4039043 234 88 12
0.71669793 1.3075194 -1.0121356 234 88 12
0.88479573 1.3379146 -1.2207932 234 88 12
0.82480848 1.3318075 -1.1513143 234 88 12
0.95991802 1.35463 -1.3173338 234 88 12
1.0343649 1.3660312 -1.407578 234 88 12
1.0352523 1.3708934 -1.413622 234 88 12
0.76862091 1.3429554 -1.1039681 234 88 12
0.80497456 1.3494657 -1.1490272 234 88 12
0.75418246 1.3175938 -1.0683075 234 88 12
0.71101886 1.3143122 -1.0198629 234 88 12
0.79142958 1.3284328 -1.1184636 234 88 12
0.78908461 1.3307778 -1.1184636 234 88 12
0.76699907 1.3413335 -1.1064374 234 88 12
0.72027022 1.2957221 -1.0166954 234 88 12
0.77978337 1.3115841 -1.0947058 234 88 12
0.7144537 1.3041004 -1.0193467 234 88 12
0.74781001 1.3151948 -1.0653516 234 88 12
0.71943998 1.3139817 -1.0347341 234 88 12
0.81339574 1.3427676 -1.1617669 234 88 12
0.84163845 1.3484875 -1.1969169 234 88 12
0.72055799 1.2942657 -1.02201 234 88 12
0.7294867 1.29889 -1.0359281 234 88 12
0.72686273 1.301514 -1.0359281 234 88 12
1.0063231 1.3545412 -1.377375 234 88 12
1.0418773 1.3629439 -1.4225163 234 88 12
1.0307931 1.3646467 -1.4128821 234 88 12
0.73961568 1.3324871 -1.0808324 234 88 12
0.71874201 1.2924498 -1.0247749 234 88 12
0.73107553 1.3007261 -1.0457764 234 88 12
0.98356009 1.3484013 -1.35164 234 88 12
1.0167588 1.3552061 -1.3924036 234 88 12
0.71971804 1.2942467 -1.034016 234 88 12
0.75955117 1.3154997 -1.095782 234 88 12
1.0145384 1.3574264 -1.3960004 234 88 12
0.96691763 1.3525321 -1.342901 234 88 12
0.70266992 1.2960858 -1.0251156 234 88 12
0.70539546 1.2996466 -1.0314229 234 88 12
0.70068294 1.301989 -1.0290447 234 88 12
0.73509961 1.3103428 -1.0719575 234 88 12
0.72020954 1.3110372 -1.0577146 234 88 12
0.85280305 1.3378943 -1.2176955 234 88 12
0.73337501 1.3086182 -1.0745833 234 88 12
0.71877354 1.3152226 -1.0666215 234 88 12
0.69501919 1.3148496 -1.0426006 234 88 12
0.68668789 1.3197271 -1.039162 234 88 12
0.71784317 1.2925693 -1.0494175 234 88 12
0.75095534 1.3099333 -1.0992839 234 88 12
0.69108063 1.3036014 -1.033877 234 88 12
0.69763321 1.3076504 -1.0443505 234 88 12
0.72227603 1.2918842 -1.0593123 234 88 12
0.70620435 1.2952573 -1.0468638 234 88 12
0.69167554 1.2959507 -1.0333006 234 88 12
0.69583601 1.3058532 -1.0470868 234 88 12
0.70622784 1.3104078 -1.0617391 234 88 12
0.71588445 1.2954148 -1.0626682 234 88 12
0.78990662 1.3107327 -1.1495768 234 88 12
0.69938469 1.2848375 -1.0426378 234 88 12
0.75985628 1.2986748 -1.1143692 234 88 12
0.98752058 1.3426408 -1.3765774 234 88 12
1.0487707 1.3545102 -1.4471605 234 88 12
-0.31441203 1.3341781 -1.194556 234 88 12
-0.31898904 1.3374529 -1.2231336 234 88 12
-0.33289504 1.3336099 -1.196493 234 88 12
-0.33481964 1.3344373 -1.2039875 234 88 12
-0.32637241 1.3407005 -1.2524924 234 88 12
-0.33393323 1.3384805 -1.2369328 234 88 12
-0.31736434 1.3487045 -1.3151174 234 88 12
-0.35139182 1.3330039 -1.1981224 234 88 12
-0.35147387 1.3346932 -1.2120503 234 88 12
-0.34994796 1.337136 -1.2316011 234 88 12
-0.3565498 1.3355377 -1.2208124 234 88 12
-0.36201555 1.3345221 -1.214413 234 88 12
-0.37065917 1.3320043 -1.1967909 234 88 12
-0.37171644 1.3347239 -1.2195432 234 88 12
-0.37150601 1.3363767 -1.233065 234 88 12
-0.36721531 1.3287528 -1.1971133 234 88 12
-0.30599296 1.363003 -1.4504482 234 88 12
-0.31515175 1.3599199 -1.4289156 234 88 12
-0.35196704 1.3453686 -1.325053 234 88 12
-0.2938298 1.3734206 -1.5297545 234 88 12
-0.32519749 1.3274926 -1.1999782 234 88 12
-0.33239615 1.3273751 -1.2015067 234 88 12
-0.33084041 1.3301842 -1.2229524 234 88 12
-0.30924529 1.3472555 -1.3491457 234 88 12
-0.35048056 1.3269895 -1.2046416 234 88 12
-0.35598725 1.3259164 -1.19812 234 88 12
-0.35865891 1.326332 -1.2022797 234 88 12
-0.37119728 1.3252382 -1.1979887 234 88 12
-0.31816459 1.3531693 -1.3984395 234 88 12
-0.30212656 1.3648888 -1.4846579 234 88 12
-0.31219107 1.362555 -1.4698256 234 88 12
-0.32957277 1.3556948 -1.4220744 234 88 12
-0.33441234 1.3269079 -1.2249643 234 88 12
-0.33959657 1.3259271 -1.2191987 234 88 12
-0.36884448 1.323181 -1.2079432 234 88 12
-0.3702516 1.3242085 -1.2162534 234 88 12
-0.31166601 1.3578238 -1.4534169 234 88 12
-0.31941876 1.3553585 -1.4371707 234 88 12
-0.29874569 1.3665395 -1.515661 234 88 12
-0.29131052 1.3712196 -1.5489203 234 88 12
-0.23338977 1.3994571 -1.7452509 234 88 12
-0.35933071 1.321327 -1.2167176 234 88 12
-0.35875371 1.3234417 -1.232293 234 88 12
-0.29458022 1.3625914 -1.5032867 234 88 12
-0.32725507 1.3475468 -1.4017453 234 88 12
-0.37104207 1.327337 -1.2653069 234 88 12
-0.26705572 1.3807218 -1.6294962 234 88 12
-0.23332025 1.397858 -1.7462837 234 88 12
-0.3708964 1.3209753 -1.2427908 234 88 12
-0.37179634 1.3222202 -1.2521394 234 88 12
-0.35838953 1.3306373 -1.3091761 234 88 12
-0.27922326 1.3716294 -1.5825549 234 88 12
-0.25781968 1.3832929 -1.6606952 234 88 12
-0.37371591 1.3127086 -1.2087516 234 88 12
-0.3841956 1.3126692 -1.2117124 234 88 12
-0.38569936 1.313671 -1.2193052 234 88 12
-0.37092841 1.3229158 -1.2805115 234 88 12
-0.2813969 1.3695475 -1.5845929 234 88 12
-0.1682332 0.34213716 -1.7376132 234 88 12
-0.16800386 0.33416152 -1.760747 234 88 12
-0.17491889 0.34043354 -1.7425547 234 88 12
-0.11066287 0.21084189 -2.1184421 234 88 12
-0.16445267 0.33835664 -1.7376132 234 88 12
-0.17169626 0.33046913 -1.760747 234 88 12
-0.12635152 0.22845376 -2.0599542 234 88 12
-0.15227053 0.30283016 -1.831775 234 88 12
-0.15776563 0.30686283 -1.8198136 234 88 12
-0.17061545 0.32471973 -1.7668482 234 88 12
-0.1492974 0.26692563 -1.9382714 234 88 12
-0.11605462 0.20338285 -2.1267457 234 88 12
-0.20065711 0.31996676 -1.780946 234 88 12
-0.21189378 0.33190441 -1.7455378 234 88 12
-0.15998681 0.3145808 -1.7862576 234 88 12
-0.17086589 0.32858828 -1.7442352 234 88 12
-0.1644799 0.29074728 -1.8577582 234 88 12
-0.14373094 0.24903876 -1.9828837 234 88 12
-0.19291595 0.32776982 -1.7466905 234 88 12
-0.2028064 0.32560661 -1.7531801 234 88 12
-0.13864432 0.21858339 -2.0742497 234 88 12
-0.19223025 0.29770172 -1.8368949 234 88 12
-0.13213211 0.20107061 -2.1267881 234 88 12
-0.16370299 0.3182092 -1.7643362 234 88 12
-0.1731396 0.32207692 -1.752599 234 88 12
-0.1855716 0.32428166 -1.7459083 234 88 12
-0.17595507 0.30138838 -1.815382 234 88 12
-0.20048675 0.32415146 -1.7463033 234 88 12
-0.18181182 0.28336439 -1.8700792 234 88 12
-0.17511265 0.26809281 -1.9164236 234 88 12
-0.13390031 0.20143265 -2.118716 234 88 12
-0.14746064 0.21804009 -2.0683177 234 88 12
-0.12345435 0.16556281 -2.2275696 234 88 12
-0.2007789 0.26515076 -1.9253517 234 88 12
-0.13162027 0.17120533 -2.2104464 234 88 12
-0.16805573 0.32289359 -1.73866 234 88 12
-0.17172952 0.32270053 -1.7392528 234 88 12
-0.17605072 0.32370618 -1.7361653 234 88 12
-0.18766421 0.31772852 -1.7545177 234 88 12
-0.1846741 0.30659488 -1.7887 234 88 12
-0.18509533 0.30144095 -1.8045233 234 88 12
-0.19121893 0.28936669 -1.8415935 234 88 12
-0.13217546 0.18993281 -2.146873 234 88 12
-0.21741617 0.30725756 -1.7866653 234 88 12
-0.13545963 0.17956276 -2.1787107 234 88 12
-0.22075172 0.28815684 -1.8453079 234 88 12
-0.20432244 0.25880843 -1.9354128 234 88 12
-0.16893156 0.32078016 -1.7334936 234 88 12
-0.19635919 0.31013739 -1.7665554 234 88 12
-0.16299048 0.25271001 -1.944954 234 88 12
-0.15243097 0.22797197 -2.0218031 234 88 12
-0.1389157 0.19402276 -2.1272666 234 88 12
-0.1287899 0.16872476 -2.2058551 234 88 12
-0.13441266 0.17340259 -2.1913233 234 88 12
-0.24452692 0.31071466 -1.7647622 234 88 12
-0.25178146 0.31519309 -1.7508498 234 88 12
-0.18023196 0.31029627 -1.7545177 234 88 12
-0.19076991 0.2922805 -1.8111541 234 88 12
-0.14170392 0.20942084 -2.071641 234 88 12
-0.18030393 0.26183268 -1.9068733 234 88 12
-0.13696681 0.19549963 -2.1154053 234 88 12
-0.13562094 0.17833619 -2.1693623 234 88 12
-0.15998553 0.20711306 -2.078896 234 88 12
-0.18412386 0.31320038 -1.7334533 234 88 12
-0.19313689 0.30939406 -1.7455643 234 88 12
-0.19898611 0.31269246 -1.7350694 234 88 12
-0.19948596 0.30761853 -1.7512138 234 88 12
-0.19037591 0.2829912 -1.8295734 234 88 12
-0.15159053 0.22134899 -2.0257077 234 88 12
-0.14670871 0.21049511 -2.0602429 234 88 12
-0.14745481 0.19780523 -2.1006198 234 88 12
-0.22363691 0.29520074 -1.790725 234 88 12
-0.23169358 0.30101922 -1.7722116 234 88 12
-0.22461745 0.28730139 -1.8158592 234 88 12
-0.2438636 0.30253756 -1.7673805 234 88 12
-0.18798088 0.30950388 -1.7331316 234 88 12
-0.2025969 0.30862892 -1.7359498 234 88 12
-0.20563686 0.30197126 -1.7573932 234 88 12
-0.18670301 0.26463124 -1.8776602 234 88 12
-0.11142857 0.15523809 -2.23 234 88 12
-0.14182411 0.19426328 -2.1043053 234 88 12
-0.13341837 0.17680645 -2.1605313 234 88 12
-0.19490036 0.25415006 -1.9114184 234 88 12
-0.22882269 0.29368582 -1.7840794 234 88 12
-0.24398327 0.30828893 -1.7370448 234 88 12
-0.24461687 0.30437061 -1.7496653 234 88 12
-0.25693884 0.30130237 -1.7595476 234 88 12
-0.20275894 0.28888664 -1.7879784 234 88 12
-0.21642469 0.30299455 -1.7419742 234 88 12
-0.21597838 0.29720104 -1.7608662 234 88 12
-0.2096798 0.27899545 -1.8202323 234 88 12
-0.2313901 0.30287647 -1.7423593 234 88 12
-0.23018332 0.2918072 -1.7784548 234 88 12
-0.25565231 0.30488905 -1.7357966 234 88 12
-0.24972808 0.29347607 -1.7730128 234 88 12
-0.21074937 0.29654115 -1.7508547 234 88 12
-0.22117442 0.30057037 -1.7375507 234 88 12
-0.22024472 0.29427657 -1.7583321 234 88 12
-0.19829522 0.24825937 -1.9102757 234 88 12
-0.24780913 0.29625303 -1.751806 234 88 12
-0.25615296 0.29300952 -1.7625158 234 88 12
-0.2246031 0.29632512 -1.7391039 234 88 12
-0.22640617 0.29376668 -1.7476592 234 88 12
-0.23868775 0.29049596 -1.7585963 234 88 12
-0.21059796 0.29407823 -1.7339286 234 88 12
-0.21407357 0.29364073 -1.7354105 234 88 12
-0.23314387 0.29379919 -1.7348738 234 88 12
-0.24126866 0.29446176 -1.7326295 234 88 12
-0.24307479 0.2920666 -1.7407421 234 88 12
-0.25606075 0.29399568 -1.7342082 234 88 12
-0.26157632 0.29168582 -1.7420319 234 88 12
-0.22921264 0.28055626 -1.7673069 234 88 12
-0.21459417 0.27695486 -1.7670774 234 88 12
-0.22774847 0.27959365 -1.7579029 234 88 12
-0.24064176 0.28168145 -1.750644 234 88 12
-0.20385751 0.21526213 -1.981572 234 88 12
-0.26873687 0.27985701 -1.7569872 234 88 12
-0.22520389 0.28197798 -1.7364534 234 88 12
-0.22378963 0.27557567 -1.7590119 234 88 12
-0.23278804 0.28199527 -1.7363925 234 88 12
-0.23585621 0.2811406 -1.739404 234 88 12
-0.24756494 0.27734718 -1.7527699 234 88 12
-0.26374784 0.27871227 -1.7479601 234 88 12
-0.26299837 0.27403328 -1.7644465 234 88 12
-0.21691635 0.21986759 -1.9552988 234 88 12
-0.25521398 0.27789968 -1.7375011 234 88 12
-0.221928 0.221928 -1.9374 234 88 12
-0.20861889 0.20581865 -1.9949334 234 88 12
-0.18802395 0.1830432 -2.0762744 234 88 12
-0.27030024 0.27030024 -1.7513267 234 88 12
-0.26884466 0.26518691 -1.7698405 234 88 12
-0.25655493 0.24966754 -1.8260313 234 88 12
-0.16852131 0.16182511 -2.1440816 234 88 12
-0.25663638 0.26787594 -1.7465394 234 88 12
-0.27466887 0.27088034 -1.7355093 234 88 12
-0.27354452 0.26610112 -1.7530553 234 88 12
-0.14380953 0.13619047 -2.23 234 88 12
-0.2631087 0.26689446 -1.7362441 234 88 12
-0.25840759 0.25840759 -1.7678441 234 88 12
-0.27088034 0.26709181 -1.7355093 234 88 12
-0.27391946 0.26636308 -1.7382226 234 88 12
0.94263595 0.2699267 -1.4726738 234 88 12
0.93402398 0.25007504 -1.4679359 234 88 12
0.93625462 0.25266066 -1.4710697 234 88 12
0.93717593 0.25599116 -1.4722185 234 88 12
0.94859797 0.25681683 -1.4890636 234 88 12
0.96364427 0.25138879 -1.511673 234 88 12
0.93143487 0.24598858 -1.4711407 234 88 12
0.97477818 0.23930773 -1.5351675 234 88 12
0.97493005 0.24280037 -1.5351675 234 88 12
1.0204152 0.22159964 -1.6032633 234 88 12
0.93116283 0.25607517 -1.4768023 234 88 12
0.97199523 0.24292797 -1.5370628 234 88 12
0.98893607 0.2395903 -1.5619301 234 88 12
0.94101441 0.25241113 -1.4978831 234 88 12
0.94117451 0.25609377 -1.4978831 234 88 12
0.97571564 0.23904198 -1.5488176 234 88 12
0.93048322 0.27017736 -1.4815651 234 88 12
1.0215992 0.21780387 -1.6163889 234 88 12
0.9209497 0.23528005 -1.4766561 234 88 12
0.92848217 0.24272393 -1.4869787 234 88 12
0.93347174 0.25134546 -1.4935868 234 88 12
0.95493633 0.24257578 -1.5248687 234 88 12
0.93252766 0.25952026 -1.4917259 234 88 12
0.91757661 0.23551905 -1.4784396 234 88 12
0.92539936 0.25433356 -1.4883891 234 88 12
1.0587587 0.18045028 -1.6823753 234 88 12
1.1213176 0.14647199 -1.7733324 234 88 12
0.91434139 0.22018339 -1.4813758 234 88 12
0.92432594 0.22656666 -1.4950528 234 88 12
0.94613653 0.23344451 -1.5253623 234 88 12
0.91583836 0.22181432 -1.4898812 234 88 12
0.91333073 0.22694767 -1.4860643 234 88 12
0.92646623 0.23527907 -1.5039173 234 88 12
0.92447001 0.24015562 -1.5008309 234 88 12
1.0782462 0.16391525 -1.7203953 234 88 12
1.0273468 0.19601864 -1.6473029 234 88 12
0.93831766 0.22734362 -1.5271407 234 88 12
1.0401907 0.17534788 -1.6715244 234 88 12
1.1349409 0.125908 -1.8058779 234 88 12
0.91602105 0.25087211 -1.4948076 234 88 12
1.1337558 0.13126574 -1.8039118 234 88 12
0.90313256 0.21366654 -1.4856719 234 88 12
0.91259575 0.22436321 -1.4980484 234 88 12
0.95459372 0.21357015 -1.5564611 234 88 12
1.1195513 0.12854323 -1.7884409 234 88 12
1.1042843 0.13927434 -1.7667998 234 88 12
1.1250778 0.13036323 -1.7959338 234 88 12
1.1432794 0.12261616 -1.8214329 234 88 12
0.90120387 0.20933309 -1.4897183 234 88 12
0.98499948 0.19280449 -1.6050421 234 88 12
1.0517447 0.16091576 -1.698011 234 88 12
0.97028273 0.20730491 -1.5841 234 88 12
0.9029212 0.22634873 -1.4974126 234 88 12
0.91409075 0.2244799 -1.5126432 234 88 12
1.1484032 0.10684427 -1.8367648 234 88 12
1.1875645 0.088499025 -1.8908587 234 88 12
1.1665701 0.096622229 -1.8653722 234 88 12
1.1859654 0.088568546 -1.8918914 234 88 12
0.89287317 0.2053259 -1.4977596 234 88 12
0.89820266 0.21816465 -1.5041171 234 88 12
0.89493334 0.22745728 -1.4992225 234 88 12
1.0490595 0.15326503 -1.7088884 234 88 12
1.1182636 0.12060249 -1.8029926 234 88 12
0.88905716 0.20190123 -1.4991667 234 88 12
0.90104461 0.20782985 -1.5146732 234 88 12
1.1521145 0.10240917 -1.8526461 234 88 12
1.0469681 0.15891893 -1.710395 234 88 12
1.1828501 0.090610556 -1.8939567 234 88 12
0.88823867 0.1971411 -1.5045917 234 88 12
0.89656246 0.19724007 -1.5155039 234 88 12
0.90684003 0.2000642 -1.5288233 234 88 12
0.96680987 0.17900978 -1.6086828 234 88 12
0.8861382 0.22121669 -1.5004636 234 88 12
1.0866584 0.13227621 -1.7685457 234 88 12
0.99977827 0.17896754 -1.6519277 234 88 12
1.1696191 0.096740596 -1.8793867 234 88 12
0.89095849 0.21751882 -1.5131463 234 88 12
1.1113336 0.11661927 -1.8056494 234 88 12
0.97854811 0.19501506 -1.628408 234 88 12
0.88659906 0.19155481 -1.5150602 234 88 12
0.88430244 0.20019011 -1.5116099 234 88 12
0.91647017 0.20035902 -1.5531369 234 88 12
0.90911555 0.2148461 -1.5428269 234 88 12
0.90259975 0.2217605 -1.5340253 234 88 12
0.97466546 0.18923448 -1.6289059 234 88 12
1.1259968 0.11767698 -1.8283294 234 88 12
0.98536283 0.19342914 -1.6424834 234 88 12
0.87454098 0.18780905 -1.5058744 234 88 12
0.87449932 0.20713946 -1.5047443 234 88 12
0.8919912 0.2067972 -1.5271741 234 88 12
0.90270847 0.20923188 -1.5407696 234 88 12
1.1569895 0.10295386 -1.8724771 234 88 12
1.1735312 0.060510743 -1.8991201 234 88 12
0.89095002 0.19101647 -1.5326679 234 88 12
0.99768484 0.1507744 -1.6705816 234 88 12
0.88889396 0.20693186 -1.5291743 234 88 12
0.87168711 0.21871497 -1.5066484 234 88 12
0.87598211 0.22825405 -1.5115813 234 88 12
0.89898574 0.22449921 -1.5410328 234 88 12
1.1718495 0.058677305 -1.9001527 234 88 12
0.87948161 0.18341167 -1.5245057 234 88 12
0.87054807 0.19094712 -1.5128233 234 88 12
0.90558499 0.18349011 -1.5574294 234 88 12
1.0204386 0.13673344 -1.7048752 234 88 12
1.0062964 0.14592846 -1.6865314 234 88 12
0.87100708 0.21768963 -1.5119357 234 88 12
0.87918675 0.22531314 -1.5218357 234 88 12
1.0307487 0.16064355 -1.7165695 234 88 12
0.90055704 0.17359017 -1.5573565 234 88 12
0.91520661 0.17464738 -1.5756361 234 88 12
1.0038733 0.14003673 -1.6885051 234 88 12
0.93331456 0.19447194 -1.5972232 234 88 12
0.88694161 0.22021365 -1.5377766 234 88 12
0.87406665 0.23405114 -1.5209078 234 88 12
0.89498514 0.22742361 -1.5474523 234 88 12
0.87768793 0.22708219 -1.531731 234 88 12
0.87397254 0.23268862 -1.5268134 234 88 12
