ply
format ascii 1.0
element vertex 10000
property float x
property float y
property float z
property uchar red
property uchar green
property uchar blue
end_header
3.8839056 -0.50221976 -0.14607591 234 88 12
3.8852175 -0.50450278 -0.14334746 234 88 12
3.8881376 -0.50909452 -0.13809106 234 88 12
3.8896635 -0.51136186 -0.13545014 234 88 12
3.8912219 -0.51361178 -0.13283063 234 88 12
3.8927953 -0.51580931 -0.13024703 234 88 12
3.8945273 -0.51810359 -0.12774906 234 88 12
3.8963253 -0.52038858 -0.12537019 234 88 12
3.9022049 -0.52742735 -0.11855851 234 88 12
3.9130479 -0.5391306 -0.1084402 234 88 12
3.8816131 -0.50519395 -0.14726978 234 88 12
3.884323 -0.50976299 -0.1417694 234 88 12
3.8888545 -0.5165018 -0.13392478 234 88 12
3.8939378 -0.52339889 -0.1264237 234 88 12
3.8958086 -0.52576858 -0.12406721 234 88 12
3.901816 -0.53279474 -0.11749389 234 88 12
3.9084507 -0.53987166 -0.11152012 234 88 12
3.9107457 -0.54225301 -0.10960271 234 88 12
3.8793566 -0.5081845 -0.14845188 234 88 12
3.8806468 -0.51044611 -0.14565123 234 88 12
3.8820691 -0.51270735 -0.14294702 234 88 12
3.8849774 -0.51719302 -0.13759328 234 88 12
3.8934493 -0.5287559 -0.12513905 234 88 12
3.8953761 -0.53113982 -0.12286829 234 88 12
3.9016084 -0.53820733 -0.11655844 234 88 12
3.9060722 -0.542955 -0.11255877 234 88 12
3.9083397 -0.54529825 -0.11062768 234 88 12
3.8771461 -0.51112486 -0.14973243 234 88 12
3.8812795 -0.51787197 -0.14142434 234 88 12
3.8842835 -0.52234209 -0.13609604 234 88 12
3.8951452 -0.53649604 -0.12179569 234 88 12
3.8993798 -0.54121917 -0.11765503 234 88 12
3.9038545 -0.54599449 -0.11370411 234 88 12
3.9060654 -0.54833706 -0.11171934 234 88 12
3.874948 -0.51401192 -0.15088233 234 88 12
3.8789802 -0.52071836 -0.1425702 234 88 12
3.8836287 -0.52754663 -0.134677 234 88 12
3.8889329 -0.53466193 -0.12741171 234 88 12
3.8929144 -0.53940895 -0.12293363 234 88 12
3.8992915 -0.54654735 -0.1167264 234 88 12
3.90377 -0.55131891 -0.11276376 234 88 12
3.8782196 -0.52584067 -0.14105089 234 88 12
3.8886751 -0.53987305 -0.12629736 234 88 12
3.8948298 -0.54704001 -0.11978689 234 88 12
3.8970389 -0.54946338 -0.11779125 234 88 12
3.8993299 -0.5518881 -0.1158519 234 88 12
3.8717672 -0.52188916 -0.15034471 234 88 12
3.8730834 -0.52415373 -0.1475355 234 88 12
3.8759199 -0.52870422 -0.14214492 234 88 12
3.8775003 -0.53098829 -0.13952475 234 88 12
3.87913 -0.53330366 -0.13693255 234 88 12
3.8808154 -0.53560402 -0.13439481 234 88 12
3.882578 -0.53791499 -0.13196287 234 88 12
3.8845288 -0.54029149 -0.12969588 234 88 12
3.886451 -0.54265219 -0.12739875 234 88 12
3.8905031 -0.54748958 -0.12302285 234 88 12
3.8948195 -0.5523314 -0.11888187 234 88 12
3.897083 -0.55475255 -0.11693283 234 88 12
3.8993225 -0.55713904 -0.11496526 234 88 12
3.8708869 -0.52696976 -0.14870519 234 88 12
3.8736906 -0.53153349 -0.14324174 234 88 12
3.8752971 -0.53383348 -0.14061625 234 88 12
3.8786944 -0.53842123 -0.13562782 234 88 12
3.8823691 -0.54307701 -0.13088178 234 88 12
3.888395 -0.55031311 -0.1242127 234 88 12
3.890521 -0.5527359 -0.1220692 234 88 12
3.8927216 -0.55517925 -0.12001529 234 88 12
3.8972144 -0.56000896 -0.11609487 234 88 12
3.8662105 -0.52532231 -0.15552352 234 88 12
3.8687353 -0.52982148 -0.14986833 234 88 12
3.8701195 -0.53208161 -0.14713161 234 88 12
3.8731608 -0.53665204 -0.14181375 234 88 12
3.8748267 -0.53892424 -0.13929021 234 88 12
3.8766166 -0.54121335 -0.13691015 234 88 12
3.8783887 -0.54352772 -0.13446841 234 88 12
3.8842462 -0.55070429 -0.12758579 234 88 12
3.8863133 -0.5531285 -0.12541439 234 88 12
3.8884817 -0.5555412 -0.12331249 234 88 12
3.865405 -0.5303967 -0.15392146 234 88 12
3.8727447 -0.54172781 -0.14053044 234 88 12
3.8744486 -0.54400829 -0.13809306 234 88 12
3.8763096 -0.54633112 -0.1357016 234 88 12
3.8782003 -0.5486926 -0.1333526 234 88 12
3.886476 -0.55834982 -0.12450554 234 88 12
3.8634262 -0.53322918 -0.1551705 234 88 12
3.8660584 -0.53775081 -0.14961828 234 88 12
3.8761736 -0.55150238 -0.13462698 234 88 12
3.8781222 -0.55388594 -0.13230668 234 88 12
3.880155 -0.55628914 -0.13002378 234 88 12
3.8866607 -0.56358854 -0.12368308 234 88 12
3.8889472 -0.56602078 -0.12171464 234 88 12
3.8912408 -0.56844005 -0.11980056 234 88 12
3.8641433 -0.54053306 -0.15094858 234 88 12
3.8655556 -0.54277531 -0.14824007 234 88 12
3.8704607 -0.54962026 -0.1406024 234 88 12
3.8722596 -0.5519305 -0.13822208 234 88 12
3.8741094 -0.55423802 -0.1358285 234 88 12
3.8802515 -0.56144974 -0.12909337 234 88 12
3.8846855 -0.56636187 -0.12493608 234 88 12
3.886956 -0.56876673 -0.12294491 234 88 12
3.8892303 -0.57117971 -0.12098368 234 88 12
3.8622632 -0.54327401 -0.1522906 234 88 12
3.8685147 -0.55241574 -0.14189218 234 88 12
3.8702805 -0.55467455 -0.13946568 234 88 12
3.8761903 -0.56175933 -0.1325311 234 88 12
3.8849071 -0.57145841 -0.12419277 234 88 12
3.8590198 -0.54375492 -0.15631443 234 88 12
3.8617356 -0.54826644 -0.15080859 234 88 12
3.8665216 -0.55507417 -0.14307881 234 88 12
3.8720734 -0.56201225 -0.13592085 234 88 12
3.874138 -0.56445502 -0.1336598 234 88 12
3.8761934 -0.56684577 -0.13148108 234 88 12
3.880724 -0.57168595 -0.12746066 234 88 12
3.8830036 -0.57409113 -0.12546981 234 88 12
3.8853144 -0.57648922 -0.12351478 234 88 12
3.8546294 -0.54202767 -0.16320644 234 88 12
3.8558381 -0.54421294 -0.16041559 234 88 12
3.8663063 -0.55999463 -0.14181934 234 88 12
3.8682415 -0.56233636 -0.13949668 234 88 12
3.8701667 -0.56469875 -0.13718838 234 88 12
3.8765153 -0.57191482 -0.13070361 234 88 12
3.8787662 -0.57431805 -0.12870833 234 88 12
3.883346 -0.57910367 -0.12472605 234 88 12
3.8527597 -0.54475613 -0.1645314 234 88 12
3.8552505 -0.54917886 -0.15889635 234 88 12
3.8578786 -0.55363875 -0.15332612 234 88 12
3.8593431 -0.55585788 -0.15064631 234 88 12
3.864389 -0.5626486 -0.14301261 234 88 12
3.8662985 -0.56498791 -0.14069144 234 88 12
3.8702351 -0.56971639 -0.13611868 234 88 12
3.8745878 -0.57451 -0.13198643 234 88 12
3.8768975 -0.57692409 -0.12999964 234 88 12
3.8792174 -0.57935273 -0.12798667 234 88 12
3.8815279 -0.58177322 -0.12599954 234 88 12
3.8508959 -0.54746748 -0.16581554 234 88 12
3.8546526 -0.55408465 -0.15738234 234 88 12
3.8559831 -0.55629319 -0.15460927 234 88 12
3.8683889 -0.57232287 -0.13741578 234 88 12
3.8705457 -0.57473143 -0.13534534 234 88 12
3.8750044 -0.57953172 -0.13123172 234 88 12
3.8772945 -0.58195646 -0.12917292 234 88 12
3.8796291 -0.58438585 -0.12717756 234 88 12
3.8489889 -0.55015972 -0.16702656 234 88 12
3.8571737 -0.5633194 -0.1505067 234 88 12
3.8588795 -0.56561327 -0.14794941 234 88 12
3.8606526 -0.56790193 -0.14549161 234 88 12
3.8625019 -0.57022549 -0.14315575 234 88 12
3.8664419 -0.57489837 -0.13862682 234 88 12
3.8707476 -0.57967441 -0.1343989 234 88 12
3.8471205 -0.5528267 -0.1682852 234 88 12
3.8482673 -0.55502646 -0.16541118 234 88 12
3.8522266 -0.56153296 -0.15714293 234 88 12
3.8537611 -0.56374845 -0.15448273 234 88 12
3.8553304 -0.56594632 -0.15178242 234 88 12
3.8570016 -0.56823278 -0.14922513 234 88 12
3.8626879 -0.57518163 -0.14225285 234 88 12
3.8647227 -0.57755931 -0.13999024 234 88 12
3.8668052 -0.5799167 -0.13781454 234 88 12
3.8689124 -0.58229511 -0.13560842 234 88 12
3.8711472 -0.5847178 -0.13353638 234 88 12
3.8734498 -0.58712091 -0.13154422 234 88 12
3.8476739 -0.55983247 -0.16388766 234 88 12
3.8568029 -0.57310726 -0.14798399 234 88 12
3.8628418 -0.58013993 -0.14123336 234 88 12
3.8670726 -0.58489377 -0.13682531 234 88 12
3.844753 -0.56027645 -0.16813424 234 88 12
3.8458834 -0.5624241 -0.16523689 234 88 12
3.8550381 -0.57575417 -0.1493411 234 88 12
3.8569117 -0.57807049 -0.14699024 234 88 12
3.8609622 -0.58273645 -0.14245665 234 88 12
3.8630985 -0.58508308 -0.14027347 234 88 12
3.8697758 -0.59224066 -0.13402102 234 88 12
3.8418529 -0.56075578 -0.17231083 234 88 12
3.8429828 -0.56290306 -0.16942402 234 88 12
3.8467251 -0.56943544 -0.16093629 234 88 12
3.8481777 -0.57165547 -0.15826393 234 88 12
3.8569305 -0.58294369 -0.14580486 234 88 12
3.8589604 -0.58529197 -0.14352058 234 88 12
3.8657394 -0.59240306 -0.13730067 234 88 12
3.8679675 -0.59476984 -0.13523923 234 88 12
3.8703694 -0.59721663 -0.13335765 234 88 12
3.8435197 -0.56983988 -0.16495631 234 88 12
3.846288 -0.574242 -0.15946463 234 88 12
3.8494919 -0.57868645 -0.15427102 234 88 12
3.8530951 -0.58320015 -0.14938662 234 88 12
3.8551017 -0.58551653 -0.14705076 234 88 12
3.8570697 -0.58786957 -0.14470665 234 88 12
3.8614414 -0.59258428 -0.1404094 234 88 12
3.866155 -0.59731769 -0.13651605 234 88 12
3.8382414 -0.56595002 -0.17486232 234 88 12
3.8430779 -0.5746766 -0.16342593 234 88 12
3.8444472 -0.57681542 -0.16067533 234 88 12
3.8476345 -0.58125128 -0.155494 234 88 12
3.849423 -0.58351983 -0.15306154 234 88 12
3.8512632 -0.58578678 -0.15062599 234 88 12
3.8552552 -0.59044317 -0.14597139 234 88 12
3.85962 -0.59516861 -0.14160798 234 88 12
3.8620004 -0.59753387 -0.1396469 234 88 12
3.8364219 -0.56850977 -0.17610015 234 88 12
3.8375702 -0.57069927 -0.17319227 234 88 12
3.8400123 -0.57509183 -0.16751755 234 88 12
3.8413288 -0.57728299 -0.16473114 234 88 12
3.8459218 -0.58389939 -0.15682358 234 88 12
3.8476658 -0.58613337 -0.15435238 234 88 12
3.8495569 -0.58843165 -0.15196102 234 88 12
3.8515083 -0.59071449 -0.14966516 234 88 12
3.8556796 -0.59538824 -0.14511787 234 88 12
3.864915 -0.60491287 -0.13703756 234 88 12
3.8396053 -0.57986937 -0.16604347 234 88 12
3.8441909 -0.58652762 -0.15814372 234 88 12
3.8459395 -0.58878623 -0.15565941 234 88 12
3.8518051 -0.59564661 -0.14869375 234 88 12
3.8330441 -0.57361689 -0.17861363 234 88 12
3.8365626 -0.5802205 -0.17016024 234 88 12
3.8393318 -0.58465895 -0.16463534 234 88 12
3.8424616 -0.58911607 -0.15940613 234 88 12
3.8460132 -0.59365921 -0.15454867 234 88 12
3.8500059 -0.59825264 -0.14997092 234 88 12
3.8543043 -0.60290768 -0.14561589 234 88 12
3.8565302 -0.60525735 -0.14350738 234 88 12
3.8314612 -0.57618233 -0.1799607 234 88 12
3.8361815 -0.58498529 -0.16865463 234 88 12
3.8375842 -0.58719571 -0.16591969 234 88 12
3.8391138 -0.58944131 -0.16322405 234 88 12
3.8407179 -0.59167565 -0.16067895 234 88 12
3.8424504 -0.59394921 -0.1582295 234 88 12
3.8442462 -0.59620205 -0.15584004 234 88 12
3.8461693 -0.59851611 -0.15352274 234 88 12
3.8481228 -0.60079608 -0.15118602 234 88 12
3.850257 -0.60313413 -0.14901768 234 88 12
3.8547356 -0.60784947 -0.14480341 234 88 12
3.8570522 -0.61020024 -0.14276288 234 88 12
3.8309056 -0.58093486 -0.17838137 234 88 12
3.8331634 -0.58530952 -0.17271277 234 88 12
3.8344564 -0.58751558 -0.16994544 234 88 12
3.8389724 -0.59420125 -0.16194672 234 88 12
3.8407533 -0.59648772 -0.15953956 234 88 12
3.8425504 -0.59877162 -0.15717076 234 88 12
3.8444146 -0.6010884 -0.15480282 234 88 12
3.8484663 -0.60574099 -0.15026194 234 88 12
3.8506153 -0.60805768 -0.14811853 234 88 12
3.8528831 -0.61042732 -0.14602945 234 88 12
3.857696 -0.61511565 -0.14211872 234 88 12
3.8283234 -0.58137466 -0.18270242 234 88 12
3.8303668 -0.58566782 -0.17679851 234 88 12
3.8314703 -0.58784465 -0.17392805 234 88 12
3.8340393 -0.59223983 -0.16836907 234 88 12
3.8371676 -0.59673044 -0.16318945 234 88 12
3.8407955 -0.60130646 -0.15842897 234 88 12
3.8426918 -0.60363503 -0.15608567 234 88 12
3.8466354 -0.60827215 -0.15147691 234 88 12
3.8487818 -0.61061438 -0.14935577 234 88 12
3.8266691 -0.58396021 -0.1839647 234 88 12
3.8276173 -0.58606968 -0.1809328 234 88 12
3.828713 -0.58824574 -0.17806472 234 88 12
3.8309555 -0.59257545 -0.17235943 234 88 12
3.8336942 -0.59696601 -0.16692951 234 88 12
3.8371557 -0.60152618 -0.16199566 234 88 12
3.8427926 -0.60846946 -0.15489799 234 88 12
3.8447928 -0.61080662 -0.15266406 234 88 12
3.8515929 -0.61787673 -0.14654271 234 88 12
3.8250104 -0.5865706 -0.1852724 234 88 12
3.8259863 -0.58868724 -0.1822235 234 88 12
3.8270708 -0.59083122 -0.17935212 234 88 12
3.8319692 -0.59952261 -0.16818597 234 88 12
3.8429458 -0.61327979 -0.15390234 234 88 12
3.8450951 -0.61564928 -0.15178767 234 88 12
3.8497352 -0.62043717 -0.14777809 234 88 12
3.8522024 -0.62283528 -0.14586311 234 88 12
3.8372032 -0.61111962 -0.15962602 234 88 12
3.8432825 -0.61813303 -0.15298563 234 88 12
3.8503589 -0.62535895 -0.14715084 234 88 12
3.8260043 -0.60028123 -0.17625091 234 88 12
3.8286605 -0.60463059 -0.17080091 234 88 12
3.8302408 -0.60685012 -0.16828487 234 88 12
3.8373624 -0.61591719 -0.15857691 234 88 12
3.841529 -0.6206216 -0.15422686 234 88 12
3.82215 -0.59851129 -0.18336517 234 88 12
3.8255688 -0.6049561 -0.17473945 234 88 12
3.8336636 -0.61607639 -0.16210974 234 88 12
3.8355913 -0.61835014 -0.1597957 234 88 12
3.837681 -0.62071274 -0.15763149 234 88 12
3.8443406 -0.6278447 -0.15150646 234 88 12
3.8467854 -0.63026387 -0.14970544 234 88 12
3.8215193 -0.6031442 -0.181784 234 88 12
3.8253249 -0.60965956 -0.17341668 234 88 12
3.8301145 -0.61626303 -0.16580121 234 88 12
3.8338442 -0.62081581 -0.16106022 234 88 12
3.8359237 -0.62317144 -0.15888342 234 88 12
3.8402676 -0.62787749 -0.15468008 234 88 12
3.8425668 -0.63023205 -0.15275464 234 88 12
3.8449968 -0.63264353 -0.1509605 234 88 12
3.817757 -0.60140788 -0.18897262 234 88 12
3.8188569 -0.60353849 -0.18605549 234 88 12
3.8198575 -0.60565698 -0.18306516 234 88 12
3.8210061 -0.60781553 -0.18016636 234 88 12
3.8221712 -0.60996151 -0.17730397 234 88 12
3.8235832 -0.61212401 -0.17468429 234 88 12
3.8267242 -0.61651178 -0.16961694 234 88 12
3.8283863 -0.61874356 -0.16706377 234 88 12
3.8341106 -0.62557614 -0.16009942 234 88 12
3.8362637 -0.62791204 -0.15797525 234 88 12
3.8384736 -0.63023129 -0.1559112 234 88 12
3.8431953 -0.6349777 -0.15215629 234 88 12
3.8151882 -0.60179654 -0.19327107 234 88 12
3.8171557 -0.60603761 -0.18730441 234 88 12
3.8193038 -0.61031863 -0.18144256 234 88 12
3.8232213 -0.61676004 -0.17323082 234 88 12
3.8390211 -0.63496828 -0.15526943 234 88 12
3.8415371 -0.63741794 -0.15348509 234 88 12
3.8134031 -0.60423968 -0.19448644 234 88 12
3.8143653 -0.60639033 -0.19144141 234 88 12
3.8164094 -0.61064583 -0.18554287 234 88 12
3.8215759 -0.61926604 -0.17453101 234 88 12
3.8231756 -0.62145897 -0.17197437 234 88 12
3.8304546 -0.63035759 -0.16256948 234 88 12
3.8349678 -0.63500726 -0.15855437 234 88 12
3.8373605 -0.63739271 -0.1566121 234 88 12
3.8398646 -0.63984404 -0.15480943 234 88 12
3.8146375 -0.61311227 -0.1867751 234 88 12
3.8158139 -0.61524266 -0.18401797 234 88 12
3.8169863 -0.61735369 -0.18115038 234 88 12
3.8183717 -0.61952834 -0.17844945 234 88 12
3.8197678 -0.62170002 -0.17571663 234 88 12
3.8213355 -0.62390067 -0.17315075 234 88 12
3.822969 -0.62610418 -0.17064833 234 88 12
3.8265895 -0.63052134 -0.16596335 234 88 12
3.8286543 -0.63278288 -0.16384043 234 88 12
3.8307845 -0.63508848 -0.16175671 234 88 12
3.8012937 -0.59130953 -0.21956648 234 88 12
3.8035249 -0.59590123 -0.21413244 234 88 12
3.8055788 -0.60025821 -0.20842291 234 88 12
3.8087863 -0.60691065 -0.19979789 234 88 12
3.8108141 -0.61131117 -0.19386719 234 88 12
3.815198 -0.61979874 -0.18236473 234 88 12
3.8165865 -0.62196357 -0.17964901 234 88 12
3.8248287 -0.63299651 -0.16726685 234 88 12
3.8290353 -0.63757623 -0.16303282 234 88 12
3.8362421 -0.64470757 -0.15731352 234 88 12
3.8048142 -0.60490675 -0.20668013 234 88 12
3.8059411 -0.60714088 -0.20385328 234 88 12
3.8080214 -0.61154658 -0.19802837 234 88 12
3.8100376 -0.61588641 -0.19218143 234 88 12
3.8110861 -0.61800869 -0.18923158 234 88 12
3.812198 -0.62015179 -0.18638745 234 88 12
3.8147149 -0.62440113 -0.18078268 234 88 12
3.816176 -0.62658296 -0.17813057 234 88 12
3.8176779 -0.62879044 -0.17552078 234 88 12
3.8211381 -0.63323523 -0.1707176 234 88 12
3.8230547 -0.63546755 -0.16846757 234 88 12
3.8295599 -0.6424384 -0.16227951 234 88 12
3.7979355 -0.59633051 -0.22192345 234 88 12
3.7990209 -0.59858407 -0.2191701 234 88 12
3.8000557 -0.60080142 -0.21639016 234 88 12
3.8010352 -0.60298708 -0.21353727 234 88 12
3.8040638 -0.60957729 -0.20493272 234 88 12
3.8051411 -0.6117658 -0.2020818 234 88 12
3.8092607 -0.6204352 -0.19038455 234 88 12
3.8116539 -0.6247167 -0.18472821 234 88 12
3.814455 -0.62906848 -0.17934303 234 88 12
3.8159631 -0.63126186 -0.17674635 234 88 12
3.8176575 -0.63351716 -0.17431835 234 88 12
3.8193705 -0.63573206 -0.17190521 234 88 12
3.8232912 -0.6402418 -0.16752532 234 88 12
3.7972771 -0.60104829 -0.22028308 234 88 12
3.8022438 -0.61205262 -0.20602725 234 88 12
3.8043615 -0.61642739 -0.20029744 234 88 12
3.80538 -0.61856666 -0.19734687 234 88 12
3.8074879 -0.62287053 -0.19150816 234 88 12
3.8086821 -0.62505179 -0.18871513 234 88 12
3.8098916 -0.62716845 -0.18592972 234 88 12
3.8112399 -0.62933745 -0.18319291 234 88 12
3.8159212 -0.63599228 -0.17559268 234 88 12
3.8176641 -0.6382223 -0.17315433 234 88 12
3.8307967 -0.65220377 -0.16106216 234 88 12
3.7975409 -0.60796195 -0.21566468 234 88 12
3.7994952 -0.61235701 -0.20997948 234 88 12
3.8004792 -0.6145337 -0.20712192 234 88 12
3.8035964 -0.62102863 -0.19845711 234 88 12
3.8046525 -0.62317572 -0.19555289 234 88 12
3.8069182 -0.62747177 -0.18987268 234 88 12
3.8081482 -0.629614 -0.18709141 234 88 12
3.8125337 -0.63619513 -0.17927074 234 88 12
3.815893 -0.64066807 -0.1743566 234 88 12
3.8177778 -0.64293565 -0.17212425 234 88 12
3.8219023 -0.64756656 -0.16796115 234 88 12
3.8241352 -0.64994208 -0.16595147 234 88 12
3.7924203 -0.6036659 -0.22519466 234 88 12
3.7946484 -0.60817676 -0.21955905 234 88 12
3.798751 -0.61703694 -0.20825952 234 88 12
3.7997902 -0.61923553 -0.2053984 234 88 12
3.8008088 -0.62136118 -0.20250091 234 88 12
3.8051114 -0.62987128 -0.19098463 234 88 12
3.8076905 -0.63418361 -0.18558181 234 88 12
3.8123506 -0.64086296 -0.17797132 234 88 12
3.8160093 -0.64542407 -0.17333281 234 88 12
3.8180159 -0.64771618 -0.17119608 234 88 12
3.8223471 -0.65243003 -0.16714621 234 88 12
3.7906842 -0.60614519 -0.22630108 234 88 12
3.7917558 -0.60841005 -0.22347638 234 88 12
3.7949967 -0.61515812 -0.21499719 234 88 12
3.7960309 -0.61737985 -0.2121962 234 88 12
3.7999333 -0.62589353 -0.20060475 234 88 12
3.8022087 -0.63017435 -0.19496088 234 88 12
3.8033582 -0.63227606 -0.1921666 234 88 12
3.8046252 -0.63442855 -0.18945958 234 88 12
3.8074705 -0.63884271 -0.1842328 234 88 12
3.8124122 -0.64559087 -0.17680817 234 88 12
3.8161935 -0.65017405 -0.17235552 234 88 12
3.8183304 -0.65255487 -0.17032693 234 88 12
3.8205648 -0.65494079 -0.16833661 234 88 12
3.822902 -0.6573242 -0.16647495 234 88 12
3.7890185 -0.60866226 -0.22741293 234 88 12
3.7900446 -0.61090595 -0.22461026 234 88 12
3.7931522 -0.61761248 -0.21606083 234 88 12
3.7951567 -0.62200535 -0.21036468 234 88 12
3.7961262 -0.6241504 -0.20749996 234 88 12
3.8042907 -0.6390683 -0.18802457 234 88 12
3.8090254 -0.64582983 -0.18048377 234 88 12
3.8107161 -0.64807952 -0.17806015 234 88 12
3.8187446 -0.65741129 -0.16946443 234 88 12
3.8233128 -0.66213651 -0.16569147 234 88 12
3.6465852 -0.43582202 -0.39694519 234 88 12
3.6484627 -0.43792828 -0.39451959 234 88 12
3.6504304 -0.44004301 -0.39214473 234 88 12
3.6524853 -0.44214427 -0.38986065 234 88 12
3.6546052 -0.4442517 -0.38763329 234 88 12
3.6566314 -0.44633013 -0.38533706 234 88 12
3.6609837 -0.45051285 -0.38114102 234 88 12
3.6632415 -0.45265141 -0.37916484 234 88 12
3.6654131 -0.45474109 -0.37716605 234 88 12
3.6675177 -0.45681345 -0.37504936 234 88 12
3.669652 -0.45889167 -0.37308928 234 88 12
3.671933 -0.46099516 -0.37118141 234 88 12
3.7882421 -0.61335841 -0.22561429 234 88 12
3.794341 -0.62656044 -0.20853768 234 88 12
3.7974977 -0.63285747 -0.20005458 234 88 12
3.7986738 -0.63498969 -0.19725688 234 88 12
3.8056169 -0.64599753 -0.18410571 234 88 12
3.8090065 -0.65050521 -0.17927531 234 88 12
3.8126687 -0.65512272 -0.17470442 234 88 12
3.8169242 -0.65986783 -0.17061913 234 88 12
3.8191475 -0.6622081 -0.16869352 234 88 12
3.8214387 -0.66457064 -0.16685082 234 88 12
3.8263185 -0.66926087 -0.16343733 234 88 12
3.8288476 -0.67158795 -0.16187888 234 88 12
3.8336591 -0.6760421 -0.1586854 234 88 12
3.9453625 -0.8173072 0.010078061 234 88 12
3.94662 -0.81975848 0.013117771 234 88 12
3.9480204 -0.8222533 0.015985391 234 88 12
3.9521764 -0.8295107 0.02453063 234 88 12
3.9537091 -0.83199343 0.027262106 234 88 12
3.959593 -0.84189236 0.038540451 234 88 12
3.9625407 -0.84684438 0.04421249 234 88 12
3.9641087 -0.84936829 0.047028127 234 88 12
3.6382887 -0.43221631 -0.40505778 234 88 12
3.6440145 -0.43857891 -0.3980098 234 88 12
3.6458232 -0.44062667 -0.3955275 234 88 12
3.6520211 -0.44695959 -0.38871093 234 88 12
3.6540522 -0.44901297 -0.38640933 234 88 12
3.6583642 -0.45320341 -0.38212464 234 88 12
3.6606553 -0.45533243 -0.3802208 234 88 12
3.6650432 -0.45951524 -0.37620205 234 88 12
3.6671765 -0.46158686 -0.37420694 234 88 12
3.7864196 -0.61583969 -0.22652793 234 88 12
3.7875074 -0.61806607 -0.22375655 234 88 12
3.7884489 -0.62027728 -0.2208911 234 88 12
3.7916134 -0.62688379 -0.21245755 234 88 12
3.8008264 -0.64398984 -0.19023384 234 88 12
3.8109175 -0.65758961 -0.17584535 234 88 12
3.8129715 -0.65993361 -0.17376846 234 88 12
3.8172964 -0.66464205 -0.16982532 234 88 12
3.8196085 -0.66700434 -0.16800011 234 88 12
3.8219835 -0.66934082 -0.16625194 234 88 12
3.824378 -0.67165293 -0.16454139 234 88 12
3.8268606 -0.67395879 -0.16295581 234 88 12
3.8384433 -0.68478781 -0.15473145 234 88 12
3.9406696 -0.81517705 0.0029012631 234 88 12
3.9456945 -0.82500707 0.014931704 234 88 12
3.9513547 -0.83476448 0.026291801 234 88 12
3.9528167 -0.83723548 0.029119563 234 88 12
3.9542741 -0.83970628 0.031964998 234 88 12
3.9587237 -0.84713512 0.040493048 234 88 12
3.9602408 -0.84962765 0.043329095 234 88 12
3.6375269 -0.43709029 -0.40380733 234 88 12
3.6414385 -0.44131243 -0.39914806 234 88 12
3.643302 -0.44332026 -0.39669491 234 88 12
3.6452747 -0.44540926 -0.3943466 234 88 12
3.6473137 -0.44750637 -0.39203799 234 88 12
3.6557882 -0.45591256 -0.38323162 234 88 12
3.7856224 -0.62054586 -0.22462152 234 88 12
3.7876363 -0.62491577 -0.21892254 234 88 12
3.7898682 -0.62931999 -0.21346879 234 88 12
3.7909356 -0.63144139 -0.21068939 234 88 12
3.7919023 -0.63354266 -0.20777747 234 88 12
3.7939371 -0.63776471 -0.20207012 234 88 12
3.7989919 -0.64644296 -0.19125528 234 88 12
3.8020484 -0.65085376 -0.1862389 234 88 12
3.803742 -0.65310236 -0.18384842 234 88 12
3.8072722 -0.65771166 -0.17918606 234 88 12
3.8092265 -0.66008753 -0.17700519 234 88 12
3.8201522 -0.67177454 -0.16740858 234 88 12
3.8225403 -0.67406554 -0.16569115 234 88 12
3.8248795 -0.67632733 -0.1640258 234 88 12
3.8272586 -0.67856986 -0.16241866 234 88 12
3.8296386 -0.6807695 -0.16084661 234 88 12
3.8342689 -0.68505541 -0.15757586 234 88 12
3.9384172 -0.81798057 0.0017564936 234 88 12
3.9394364 -0.82038891 0.0050026585 234 88 12
3.9420443 -0.8253349 0.010996009 234 88 12
3.9489784 -0.83751702 0.025354678 234 88 12
3.9504837 -0.84001404 0.028181623 234 88 12
3.9564902 -0.84997826 0.039486759 234 88 12
3.6369538 -0.44195192 -0.40259426 234 88 12
3.6407215 -0.4460428 -0.39780235 234 88 12
3.6426993 -0.4480897 -0.3954904 234 88 12
3.6447518 -0.4501678 -0.39319576 234 88 12
3.6511656 -0.45650409 -0.38662878 234 88 12
3.657732 -0.46276439 -0.380386 234 88 12
3.6647523 -0.46903633 -0.37473963 234 88 12
3.7816663 -0.61870295 -0.23109389 234 88 12
3.7826929 -0.62088998 -0.22828458 234 88 12
3.7847628 -0.6252317 -0.22263634 234 88 12
3.7868954 -0.62958908 -0.21711849 234 88 12
3.7880225 -0.63176817 -0.21440332 234 88 12
3.7890572 -0.63389966 -0.21157639 234 88 12
3.7921249 -0.64024234 -0.20300997 234 88 12
3.7945225 -0.64454449 -0.19757667 234 88 12
3.801895 -0.65556364 -0.18484585 234 88 12
3.8035865 -0.65783599 -0.18245448 234 88 12
3.8054826 -0.66017074 -0.18026463 234 88 12
3.8074683 -0.66254572 -0.17815511 234 88 12
3.8095543 -0.66490309 -0.17615644 234 88 12
3.8116262 -0.66723755 -0.174123 234 88 12
3.8205919 -0.67646077 -0.16677169 234 88 12
3.8228984 -0.67870559 -0.16509917 234 88 12
3.8276116 -0.68313261 -0.16187014 234 88 12
3.8322777 -0.68744165 -0.15859242 234 88 12
3.8345701 -0.68954429 -0.15696777 234 88 12
3.9361436 -0.82074716 0.00063094495 234 88 12
3.9397768 -0.82811462 0.0099464687 234 88 12
3.9410562 -0.83055332 0.012958293 234 88 12
3.9424231 -0.83294478 0.015853619 234 88 12
3.9438512 -0.83541134 0.018690334 234 88 12
3.9453393 -0.83788938 0.021444516 234 88 12
3.9467818 -0.84036705 0.024309176 234 88 12
3.9482597 -0.84283418 0.027111934 234 88 12
3.951201 -0.84777224 0.032771296 234 88 12
3.9526622 -0.85025868 0.035690556 234 88 12
3.9558091 -0.85528527 0.041330853 234 88 12
3.9574743 -0.85779552 0.044085597 234 88 12
3.632545 -0.44249717 -0.40612729 234 88 12
3.6344671 -0.4446369 -0.40375397 234 88 12
3.6381863 -0.44876124 -0.39894473 234 88 12
3.6442515 -0.45497952 -0.39210176 234 88 12
3.6464216 -0.45706946 -0.38996265 234 88 12
3.6507846 -0.46126103 -0.38564979 234 88 12
3.6552357 -0.46540912 -0.38158048 234 88 12
3.6575601 -0.46751006 -0.37968258 234 88 12
3.6623097 -0.47170464 -0.37590724 234 88 12
3.7809173 -0.62351935 -0.2292723 234 88 12
3.7841299 -0.62999225 -0.22089128 234 88 12
3.7851654 -0.6320987 -0.21812431 234 88 12
3.7872101 -0.63637568 -0.21252039 234 88 12
3.788173 -0.63848131 -0.20959796 234 88 12
3.7914823 -0.64491971 -0.20123725 234 88 12
3.7940468 -0.64923488 -0.19595335 234 88 12
3.7953846 -0.65139074 -0.19332676 234 88 12
3.7968796 -0.65358173 -0.19080949 234 88 12
3.7984383 -0.6557995 -0.1883425 234 88 12
3.8001188 -0.65804436 -0.18594066 234 88 12
3.8037087 -0.66262866 -0.18137411 234 88 12
3.8098592 -0.66968268 -0.17528767 234 88 12
3.8209281 -0.68110024 -0.1661951 234 88 12
3.8232679 -0.68331097 -0.16453537 234 88 12
3.8302921 -0.68985131 -0.15964327 234 88 12
3.9351673 -0.82601844 0.0025325221 234 88 12
3.93642 -0.82846546 0.0056400842 234 88 12
3.9375672 -0.83087923 0.0088131255 234 88 12
3.941584 -0.83817786 0.017630045 234 88 12
3.9460713 -0.84566757 0.026023351 234 88 12
3.9475014 -0.84811577 0.028890873 234 88 12
3.9504974 -0.8531177 0.034608965 234 88 12
3.6281796 -0.44301608 -0.40970194 234 88 12
3.6320442 -0.44732859 -0.40495727 234 88 12
3.6339251 -0.44945842 -0.40256891 234 88 12
3.635667 -0.45147859 -0.4000943 234 88 12
3.6395611 -0.45558006 -0.39545029 234 88 12
3.6416864 -0.45767003 -0.39324484 234 88 12
3.6438043 -0.45975151 -0.39104938 234 88 12
3.6459524 -0.46180419 -0.38887409 234 88 12
3.6481908 -0.46386532 -0.38678899 234 88 12
3.6551599 -0.47015148 -0.38095585 234 88 12
3.657524 -0.47225069 -0.37906451 234 88 12
3.6599029 -0.47434536 -0.37717399 234 88 12
3.7779642 -0.62389078 -0.23286094 234 88 12
3.7790964 -0.62612663 -0.23015135 234 88 12
3.7822934 -0.63256563 -0.22189117 234 88 12
3.7863831 -0.64103767 -0.21059919 234 88 12
3.7874342 -0.64314747 -0.20774448 234 88 12
3.7935107 -0.65389725 -0.19423932 234 88 12
3.7949544 -0.65604991 -0.1916799 234 88 12
3.7982597 -0.6605549 -0.18691604 234 88 12
3.8000228 -0.66285083 -0.18464393 234 88 12
3.8058397 -0.66976776 -0.17831525 234 88 12
3.8122934 -0.67670526 -0.17254618 234 88 12
3.8189838 -0.68353277 -0.16732406 234 88 12
3.8235131 -0.6879224 -0.16389202 234 88 12
3.8258959 -0.69012256 -0.16228757 234 88 12
3.8304326 -0.69437099 -0.15900591 234 88 12
3.9319412 -0.82637046 -0.0019658687 234 88 12
3.9330934 -0.82881529 0.0012639501 234 88 12
3.9366968 -0.8360987 0.010591055 234 88 12
3.9379751 -0.83850486 0.013572279 234 88 12
3.9409107 -0.84351257 0.019275605 234 88 12
3.9424069 -0.84603599 0.02209373 234 88 12
3.9452633 -0.85094196 0.027854886 234 88 12
3.9514772 -0.86096314 0.039229853 234 88 12
3.9531023 -0.86344663 0.042042411 234 88 12
3.6276212 -0.44788451 -0.40844903 234 88 12
3.6332974 -0.45419902 -0.40132622 234 88 12
3.6351293 -0.4562275 -0.39889773 234 88 12
3.6371585 -0.45829863 -0.39669574 234 88 12
3.6391814 -0.46033989 -0.39439446 234 88 12
3.6457035 -0.46650967 -0.38793592 234 88 12
3.6503684 -0.47066462 -0.38404748 234 88 12
3.7761646 -0.62648258 -0.23379386 234 88 12
3.7782694 -0.63086982 -0.22830539 234 88 12
3.7793582 -0.63300117 -0.22558885 234 88 12
3.7814292 -0.63720516 -0.22003701 234 88 12
3.7824664 -0.63933914 -0.21724158 234 88 12
3.787693 -0.64990825 -0.20307188 234 88 12
3.7889709 -0.65211295 -0.20044766 234 88 12
3.7917634 -0.65645512 -0.19525284 234 88 12
3.793202 -0.65861457 -0.19270258 234 88 12
3.7947575 -0.66080701 -0.19031406 234 88 12
3.7964043 -0.66306762 -0.18795769 234 88 12
3.8214073 -0.69035068 -0.16493854 234 88 12
3.8237676 -0.69253713 -0.16334179 234 88 12
3.8282723 -0.69678376 -0.16000745 234 88 12
3.9298829 -0.82914321 -0.00329839 234 88 12
3.9321796 -0.83404269 0.003180789 234 88 12
3.9333604 -0.83645176 0.0062899617 234 88 12
3.9345866 -0.83888447 0.0093207164 234 88 12
3.9358821 -0.84130473 0.012303449 234 88 12
3.9401798 -0.84881096 0.020950574 234 88 12
3.9494833 -0.8638397 0.038038229 234 88 12
3.9510804 -0.86634127 0.040873526 234 88 12
3.6290749 -0.45479194 -0.4048866 234 88 12
3.6348323 -0.46096597 -0.3979115 234 88 12
3.6368457 -0.46301095 -0.39562589 234 88 12
3.643331 -0.46913379 -0.38917967 234 88 12
3.6456562 -0.47120008 -0.38714555 234 88 12
3.6528655 -0.47742727 -0.38152922 234 88 12
3.6552896 -0.47953323 -0.37966945 234 88 12
3.7773048 -0.63550662 -0.226375 234 88 12
3.7783383 -0.6376108 -0.22360582 234 88 12
3.7793437 -0.63970957 -0.22080124 234 88 12
3.7804094 -0.641837 -0.21799041 234 88 12
3.7815549 -0.64399227 -0.21526406 234 88 12
3.785758 -0.65241963 -0.20398089 234 88 12
3.7870734 -0.6546107 -0.20135025 234 88 12
3.7899214 -0.65896337 -0.19619991 234 88 12
3.7913514 -0.66112969 -0.19365231 234 88 12
3.7980239 -0.67009906 -0.18440914 234 88 12
3.8019572 -0.67467042 -0.18032124 234 88 12
3.8082848 -0.68159645 -0.17458059 234 88 12
3.8239527 -0.69712226 -0.1627278 234 88 12
3.8262065 -0.69921289 -0.16111058 234 88 12
3.928906 -0.83431961 -0.0012993717 234 88 12
3.9312419 -0.839206 0.0050438948 234 88 12
3.9324502 -0.84164461 0.0081196736 234 88 12
3.9365953 -0.84905283 0.017022104 234 88 12
3.9408956 -0.85656624 0.02574336 234 88 12
3.9440818 -0.86158973 0.031386241 234 88 12
3.9457683 -0.86415984 0.034124933 234 88 12
3.9474267 -0.86664387 0.036923893 234 88 12
3.6266332 -0.45737882 -0.4060151 234 88 12
3.6325124 -0.4635974 -0.39907697 234 88 12
3.6345242 -0.46564445 -0.39678573 234 88 12
3.6366672 -0.46769488 -0.39462845 234 88 12
3.6388455 -0.46976052 -0.39251904 234 88 12
3.6456381 -0.47586352 -0.38631874 234 88 12
3.6480444 -0.47788944 -0.38442581 234 88 12
3.6504184 -0.47993392 -0.38258061 234 88 12
3.6529617 -0.48208096 -0.38083409 234 88 12
3.7732399 -0.6337595 -0.23266628 234 88 12
3.774293 -0.63591464 -0.22995691 234 88 12
3.7753224 -0.63803886 -0.2271851 234 88 12
3.7763311 -0.64015078 -0.22440163 234 88 12
3.7773353 -0.64224333 -0.22157339 234 88 12
3.7795407 -0.64653874 -0.21606567 234 88 12
3.7805692 -0.6486236 -0.21322662 234 88 12
3.7815793 -0.65069931 -0.21037375 234 88 12
3.7851779 -0.6571226 -0.20221439 234 88 12
3.7865612 -0.65929881 -0.19964768 234 88 12
3.7924785 -0.66805016 -0.18981062 234 88 12
3.8020487 -0.6794813 -0.17940144 234 88 12
3.8061643 -0.68404685 -0.17549875 234 88 12
3.808366 -0.68635622 -0.17375906 234 88 12
3.817315 -0.69527908 -0.16706613 234 88 12
3.821822 -0.69953665 -0.16379853 234 88 12
3.9269174 -0.83706071 -0.0026509823 234 88 12
3.9303432 -0.84439348 0.0069747201 234 88 12
3.9358778 -0.85431792 0.018869059 234 88 12
3.9403469 -0.86187354 0.027512615 234 88 12
3.9454047 -0.86946425 0.035861962 234 88 12
3.6205017 -0.45568413 -0.41184718 234 88 12
3.6223893 -0.45782632 -0.40951119 234 88 12
3.6242902 -0.45998523 -0.40712066 234 88 12
3.6262032 -0.46204964 -0.40478476 234 88 12
3.6302659 -0.46621111 -0.40023897 234 88 12
3.6365971 -0.47242759 -0.39371246 234 88 12
3.6456617 -0.48044714 -0.38552545 234 88 12
3.7702422 -0.63416783 -0.23625089 234 88 12
3.7765041 -0.64696678 -0.2196828 234 88 12
3.7786528 -0.65117852 -0.21413343 234 88 12
3.7797233 -0.65326932 -0.21134783 234 88 12
3.782001 -0.65749446 -0.20578258 234 88 12
3.7832784 -0.65965235 -0.20309224 234 88 12
3.7845598 -0.66179477 -0.20049443 234 88 12
3.788962 -0.66835884 -0.19309859 234 88 12
3.7905502 -0.6705833 -0.19074537 234 88 12
3.7921644 -0.67282302 -0.1884548 234 88 12
3.7939583 -0.67509604 -0.18627374 234 88 12
3.7979297 -0.67968059 -0.18225524 234 88 12
3.8021007 -0.68427155 -0.17841897 234 88 12
3.8063498 -0.68885956 -0.17473985 234 88 12
3.815245 -0.69770878 -0.16811795 234 88 12
3.8174808 -0.69985292 -0.16652612 234 88 12
3.8219479 -0.70403 -0.16327205 234 88 12
3.9338915 -0.85705406 0.01775332 234 88 12
3.9353785 -0.85957957 0.020625586 234 88 12
3.9383484 -0.8646012 0.026353288 234 88 12
3.9399366 -0.86712207 0.029198801 234 88 12
3.9415876 -0.86969022 0.032005783 234 88 12
3.9449623 -0.87470399 0.037562117 234 88 12
3.6164677 -0.45614386 -0.41547703 234 88 12
3.6182865 -0.45828752 -0.41301882 234 88 12
3.6201327 -0.4604079 -0.41068938 234 88 12
3.6239588 -0.46465098 -0.40596627 234 88 12
3.6259476 -0.46675265 -0.40363773 234 88 12
3.627926 -0.4687804 -0.40135057 234 88 12
3.64839 -0.48720539 -0.38318804 234 88 12
3.7682649 -0.63675229 -0.23703566 234 88 12
3.7734839 -0.64741841 -0.22331797 234 88 12
3.7745499 -0.6495485 -0.22055583 234 88 12
3.7755716 -0.65164743 -0.21774503 234 88 12
3.7800614 -0.66004395 -0.20663661 234 88 12
3.7813016 -0.66218199 -0.20393652 234 88 12
3.7826004 -0.66433252 -0.20131541 234 88 12
3.7839575 -0.6664815 -0.19876275 234 88 12
3.7854763 -0.66867593 -0.19636098 234 88 12
3.7870581 -0.67089302 -0.19403282 234 88 12
3.7919829 -0.67763399 -0.18723658 234 88 12
3.7938894 -0.67989409 -0.18517377 234 88 12
3.795965 -0.68220446 -0.18325965 234 88 12
3.8044277 -0.69134624 -0.17584789 234 88 12
3.8066411 -0.69360535 -0.17418281 234 88 12
3.8198029 -0.70650306 -0.16430891 234 88 12
3.9218132 -0.84012123 -0.0086405546 234 88 12
3.9275717 -0.85234778 0.0077447917 234 88 12
3.9289138 -0.85480364 0.010827925 234 88 12
3.9303999 -0.85728063 0.01374958 234 88 12
3.9333997 -0.86231929 0.019473476 234 88 12
3.9349337 -0.86484655 0.022270139 234 88 12
3.9364515 -0.86735287 0.025119749 234 88 12
3.9395965 -0.87244737 0.030838966 234 88 12
3.9413121 -0.87497274 0.033620262 234 88 12
3.6179907 -0.46300361 -0.41195043 234 88 12
3.6198644 -0.46516485 -0.40953352 234 88 12
3.6257108 -0.471377 -0.40261122 234 88 12
3.6298689 -0.47550173 -0.39815191 234 88 12
3.6411384 -0.48561443 -0.38797949 234 88 12
3.7705139 -0.6479014 -0.22689021 234 88 12
3.7715526 -0.65000793 -0.22415066 234 88 12
3.7757863 -0.65840486 -0.21302985 234 88 12
3.7769795 -0.6605108 -0.21027381 234 88 12
3.780559 -0.6668424 -0.20216113 234 88 12
3.7820243 -0.66902719 -0.19969787 234 88 12
3.7852338 -0.67347551 -0.19499211 234 88 12
3.7900922 -0.68015999 -0.18822528 234 88 12
3.7919219 -0.68242225 -0.18614354 234 88 12
3.7939347 -0.68472165 -0.1841724 234 88 12
3.8003383 -0.69160598 -0.1786556 234 88 12
3.80252 -0.69386101 -0.17688286 234 88 12
3.804656 -0.6960868 -0.17516738 234 88 12
3.8089472 -0.70041415 -0.17180627 234 88 12
3.8176182 -0.70896586 -0.16529425 234 88 12
3.9198446 -0.84287658 -0.0099706458 234 88 12
3.920826 -0.84525248 -0.0065461547 234 88 12
3.9230616 -0.85015116 0.00010675788 234 88 12
3.9242988 -0.8526423 0.0034014638 234 88 12
3.9256072 -0.85511375 0.0066081797 234 88 12
3.9284584 -0.86006935 0.012588848 234 88 12
3.929902 -0.86255788 0.015460673 234 88 12
3.9330616 -0.867592 0.02099989 234 88 12
3.934599 -0.87010643 0.023813964 234 88 12
3.9409128 -0.88020186 0.035296846 234 88 12
3.6121788 -0.46130604 -0.41794932 234 88 12
3.6139382 -0.46344479 -0.41550478 234 88 12
3.6158249 -0.46556101 -0.41318203 234 88 12
3.6195797 -0.46977899 -0.40845214 234 88 12
3.6214909 -0.47185196 -0.40608141 234 88 12
3.6298276 -0.48012221 -0.39725169 234 88 12
3.6366389 -0.48620852 -0.39120543 234 88 12
3.7641997 -0.64192873 -0.23852811 234 88 12
3.7653377 -0.64408992 -0.23588184 234 88 12
3.7663352 -0.64623201 -0.23308849 234 88 12
3.770537 -0.65471184 -0.22214514 234 88 12
3.771571 -0.65679198 -0.21936594 234 88 12
3.7726898 -0.65890448 -0.21659032 234 88 12
3.7749782 -0.66309022 -0.2110613 234 88 12
3.7760806 -0.6651511 -0.20829105 234 88 12
3.7773357 -0.66727979 -0.20566196 234 88 12
3.7786197 -0.66939108 -0.20301938 234 88 12
3.7832535 -0.67603673 -0.19584727 234 88 12
3.7866075 -0.68052545 -0.19145073 234 88 12
3.7883227 -0.68275243 -0.18928858 234 88 12
3.7982903 -0.69409479 -0.17957394 234 88 12
3.8047721 -0.70072867 -0.17446713 234 88 12
3.8068425 -0.70288831 -0.17277304 234 88 12
3.8132765 -0.70936783 -0.16787232 234 88 12
3.8153726 -0.71142942 -0.1662129 234 88 12
3.922215 -0.85534241 0.0023584139 234 88 12
3.9327564 -0.87284846 0.022541017 234 88 12
3.9373635 -0.88041145 0.031271433 234 88 12
3.6154925 -0.47020874 -0.412054 234 88 12
3.6234474 -0.47858653 -0.40283707 234 88 12
3.6255727 -0.48066515 -0.4006607 234 88 12
3.6322166 -0.48674985 -0.39443247 234 88 12
3.6391918 -0.4927904 -0.38857248 234 88 12
3.6416622 -0.49484878 -0.3867558 234 88 12
3.7620461 -0.64450544 -0.23920214 234 88 12
3.7632373 -0.64668747 -0.23660717 234 88 12
3.76651 -0.6531525 -0.22842339 234 88 12
3.7686253 -0.65731587 -0.22298263 234 88 12
3.7718503 -0.6635817 -0.21464237 234 88 12
3.7730535 -0.66566958 -0.21189966 234 88 12
3.775462 -0.66987079 -0.20654222 234 88 12
3.7766753 -0.67195952 -0.20387784 234 88 12
3.7781297 -0.67413605 -0.20141816 234 88 12
3.7830385 -0.68085047 -0.19456073 234 88 12
3.7847626 -0.68309589 -0.19242088 234 88 12
3.7883904 -0.68758623 -0.18830988 234 88 12
3.7922359 -0.69208739 -0.18427856 234 88 12
3.7985068 -0.69882645 -0.17880484 234 88 12
3.8006564 -0.70105033 -0.17711565 234 88 12
3.8027891 -0.70323707 -0.1754507 234 88 12
3.8068664 -0.7075326 -0.17207896 234 88 12
3.8131858 -0.71389977 -0.16713305 234 88 12
3.917177 -0.85077636 -0.0092011379 234 88 12
3.9216851 -0.86059745 0.0043695643 234 88 12
3.9231401 -0.86310152 0.0073981011 234 88 12
3.9261381 -0.86808176 0.013079051 234 88 12
3.9276656 -0.87056415 0.015837172 234 88 12
3.9291836 -0.87301262 0.018610947 234 88 12
3.9354549 -0.88315792 0.030114032 234 88 12
3.6097318 -0.46851121 -0.41805601 234 88 12
3.6115227 -0.47061769 -0.41567658 234 88 12
3.6134273 -0.47271429 -0.4133945 234 88 12
3.6172898 -0.47690566 -0.40865539 234 88 12
3.6213368 -0.48109844 -0.40409827 234 88 12
3.62348 -0.48318757 -0.40199476 234 88 12
3.6256243 -0.48519765 -0.3998421 234 88 12
3.6278382 -0.48726214 -0.39774368 234 88 12
3.6301597 -0.48928932 -0.39580573 234 88 12
3.632488 -0.49129872 -0.39387889 234 88 12
3.6347684 -0.49328807 -0.3918959 234 88 12
3.6396084 -0.49742275 -0.38812915 234 88 12
3.7611557 -0.64929 -0.23726881 234 88 12
3.7634297 -0.65360797 -0.23192314 234 88 12
3.7666057 -0.65987732 -0.22369955 234 88 12
3.7687925 -0.6640343 -0.21822913 234 88 12
3.7736512 -0.67247089 -0.20748379 234 88 12
3.7762577 -0.67673302 -0.20229392 234 88 12
3.7778393 -0.67896773 -0.19997602 234 88 12
3.779426 -0.68117971 -0.19772348 234 88 12
3.7846667 -0.68791056 -0.19127317 234 88 12
3.7902878 -0.69461678 -0.18522014 234 88 12
3.7964907 -0.7012959 -0.17977286 234 88 12
3.800681 -0.7056917 -0.17637582 234 88 12
3.8048374 -0.71000828 -0.17308992 234 88 12
3.8068921 -0.71213613 -0.17141255 234 88 12
3.809075 -0.71429368 -0.16982371 234 88 12
3.8111085 -0.71633869 -0.16817074 234 88 12
3.9142959 -0.85104967 -0.013870716 234 88 12
3.9243173 -0.87082804 0.011945933 234 88 12
3.9272693 -0.87571925 0.017498642 234 88 12
3.9288288 -0.8782111 0.020315784 234 88 12
3.9303857 -0.88072953 0.023166113 234 88 12
3.933609 -0.88583265 0.028906547 234 88 12
3.9353088 -0.88838916 0.031680656 234 88 12
3.6059531 -0.46887508 -0.42176071 234 88 12
3.6094383 -0.47311615 -0.41695639 234 88 12
3.6172319 -0.48155614 -0.4076369 234 88 12
3.6192751 -0.4836174 -0.40543159 234 88 12
3.621422 -0.48566918 -0.40335916 234 88 12
3.623579 -0.48771468 -0.40121429 234 88 12
3.6280958 -0.49181073 -0.39713279 234 88 12
3.6304175 -0.49380077 -0.39520577 234 88 12
3.6350804 -0.49784606 -0.39132663 234 88 12
3.6375659 -0.49997778 -0.38950223 234 88 12
3.7578043 -0.64969661 -0.24049099 234 88 12
3.7602693 -0.6540722 -0.23537263 234 88 12
3.7657952 -0.66457497 -0.2218048 234 88 12
3.766901 -0.66663856 -0.21902882 234 88 12
3.7680354 -0.66872591 -0.21629829 234 88 12
3.7704643 -0.67295787 -0.21095613 234 88 12
3.7716803 -0.67505759 -0.20828859 234 88 12
3.7729714 -0.67717293 -0.20569627 234 88 12
3.7809507 -0.68821143 -0.19429577 234 88 12
3.7827289 -0.69045867 -0.19217955 234 88 12
3.8006271 -0.71031337 -0.17564191 234 88 12
3.8047493 -0.71455929 -0.17234832 234 88 12
3.9146142 -0.85864861 -0.0081285686 234 88 12
3.9169222 -0.86368405 -0.0012330453 234 88 12
3.9181206 -0.86611658 0.0020132764 234 88 12
3.9224184 -0.87354727 0.010905389 234 88 12
3.9238371 -0.87597175 0.013752323 234 88 12
3.9253811 -0.8784111 0.01648031 234 88 12
3.9301339 -0.88596584 0.024948802 234 88 12
3.9334668 -0.89099917 0.030533061 234 88 12
3.6038941 -0.47131169 -0.42299615 234 88 12
3.6056148 -0.47344057 -0.42060792 234 88 12
3.6074428 -0.47558948 -0.41826564 234 88 12
3.611257 -0.47980691 -0.41358981 234 88 12
3.621489 -0.49016467 -0.40256473 234 88 12
3.633139 -0.50039901 -0.39271679 234 88 12
3.7393768 -0.62439907 -0.27270979 234 88 12
3.7406894 -0.62652928 -0.27040932 234 88 12
3.7444713 -0.6329582 -0.26329408 234 88 12
3.7470029 -0.63725897 -0.25852974 234 88 12
3.7482059 -0.6393875 -0.2560942 234 88 12
3.7544718 -0.65019641 -0.24363332 234 88 12
3.7557291 -0.65234562 -0.24112354 234 88 12
3.7570109 -0.65453721 -0.23860705 234 88 12
3.7616203 -0.66301792 -0.22798928 234 88 12
3.7648864 -0.66922141 -0.21975499 234 88 12
3.7697178 -0.67765488 -0.20910423 234 88 12
3.7711355 -0.67978035 -0.20662924 234 88 12
3.7756632 -0.68638015 -0.19948017 234 88 12
3.7790096 -0.69076598 -0.19512704 234 88 12
3.7807554 -0.69299015 -0.19298418 234 88 12
3.7843982 -0.69739049 -0.18893503 234 88 12
3.7862899 -0.69957236 -0.18696987 234 88 12
3.7881974 -0.70176577 -0.18503914 234 88 12
3.7922659 -0.70614408 -0.1815229 234 88 12
3.7943187 -0.70836013 -0.17986829 234 88 12
3.7963617 -0.71053448 -0.17818795 234 88 12
3.8068387 -0.72114881 -0.1700923 234 88 12
3.8087571 -0.72316479 -0.16841332 234 88 12
3.8165513 -0.73110661 -0.16170582 234 88 12
3.8184691 -0.73300913 -0.16001989 234 88 12
3.8245978 -0.73875346 -0.15531634 234 88 12
3.8304983 -0.74437318 -0.15050055 234 88 12
3.9025033 -0.83743978 -0.044207516 234 88 12
3.9033849 -0.83942548 -0.041332991 234 88 12
3.9060305 -0.8454915 -0.032278622 234 88 12
3.9078593 -0.84968478 -0.026096354 234 88 12
3.9087403 -0.85187371 -0.02288353 234 88 12
3.9106578 -0.85648111 -0.016258966 234 88 12
3.9205657 -0.87623629 0.0099265659 234 88 12
3.92509 -0.883557 0.018267764 234 88 12
3.9300439 -0.89112196 0.026598754 234 88 12
3.6019564 -0.47378222 -0.42428036 234 88 12
3.6036937 -0.47592574 -0.42190794 234 88 12
3.6073961 -0.48020143 -0.41721588 234 88 12
3.6111715 -0.48436224 -0.41253982 234 88 12
3.615284 -0.48853035 -0.40817543 234 88 12
3.6263161 -0.49879502 -0.39776253 234 88 12
3.6336948 -0.50503189 -0.39231759 234 88 12
3.7358382 -0.62503022 -0.27556123 234 88 12
3.7371123 -0.62713012 -0.27326451 234 88 12
3.7408518 -0.63346345 -0.26616251 234 88 12
3.7460605 -0.64207715 -0.25671201 234 88 12
3.749883 -0.64853835 -0.24935911 234 88 12
3.7511256 -0.65069309 -0.24681678 234 88 12
3.7523967 -0.65285414 -0.24431534 234 88 12
3.7607354 -0.66773 -0.22603756 234 88 12
3.7629528 -0.6718618 -0.22057154 234 88 12
3.7738386 -0.68896837 -0.20039978 234 88 12
3.7788157 -0.69553011 -0.19384581 234 88 12
3.7806003 -0.69770019 -0.19182612 234 88 12
3.7824632 -0.69991156 -0.18982329 234 88 12
3.7842596 -0.70203719 -0.1878086 234 88 12
3.7921276 -0.71077135 -0.18070712 234 88 12
3.7942273 -0.71296396 -0.17910918 234 88 12
3.8004101 -0.7193549 -0.17409767 234 88 12
3.8083586 -0.72750546 -0.16755223 234 88 12
3.8102085 -0.72948559 -0.1657845 234 88 12
3.8121967 -0.73146693 -0.16413185 234 88 12
3.8141448 -0.73344527 -0.16249245 234 88 12
3.8161191 -0.73536791 -0.16086989 234 88 12
3.8221608 -0.74111681 -0.15612816 234 88 12
3.8241394 -0.74297239 -0.15454739 234 88 12
3.8301 -0.74865305 -0.1497547 234 88 12
3.8340367 -0.75237415 -0.14641538 234 88 12
3.8359023 -0.75424116 -0.1446415 234 88 12
3.9024475 -0.84423781 -0.039407184 234 88 12
3.9051236 -0.85036373 -0.030376517 234 88 12
3.9068854 -0.85460352 -0.024047661 234 88 12
3.9133565 -0.86916665 -0.0034370425 234 88 12
3.9158718 -0.87404875 0.0030366643 234 88 12
3.9233785 -0.88626405 0.017211712 234 88 12
3.9265783 -0.89124061 0.022688959 234 88 12
3.9282714 -0.89374807 0.025485848 234 88 12
3.6036732 -0.48053659 -0.42089797 234 88 12
3.6054991 -0.48266835 -0.41856506 234 88 12
3.6133089 -0.49095626 -0.40947577 234 88 12
3.6154129 -0.49300283 -0.40733099 234 88 12
3.6221254 -0.49924399 -0.4012116 234 88 12
3.624384 -0.50128433 -0.3991425 234 88 12
3.6268447 -0.50335597 -0.3973473 234 88 12
3.731221 -0.62362024 -0.28087821 234 88 12
3.7386358 -0.63615431 -0.26676824 234 88 12
3.7399977 -0.63831596 -0.26448193 234 88 12
3.7413024 -0.64046379 -0.26212578 234 88 12
3.7426411 -0.64263705 -0.25975962 234 88 12
3.7439122 -0.64476085 -0.25734191 234 88 12
3.7477793 -0.65121164 -0.25000091 234 88 12
3.7503187 -0.65553482 -0.24501994 234 88 12
3.7540804 -0.66195384 -0.23730008 234 88 12
3.7552999 -0.66408376 -0.23467043 234 88 12
3.756398 -0.66616502 -0.23199658 234 88 12
3.7645424 -0.68077263 -0.21326777 234 88 12
3.7687888 -0.68718119 -0.20591587 234 88 12
3.7734794 -0.69366724 -0.1989724 234 88 12
3.78045 -0.70240053 -0.19066954 234 88 12
3.7821875 -0.70452498 -0.18866818 234 88 12
3.7858838 -0.70882287 -0.18483033 234 88 12
3.7898917 -0.71315516 -0.18147518 234 88 12
3.7919848 -0.71534202 -0.17989788 234 88 12
3.7941007 -0.71752805 -0.17827264 234 88 12
3.8078687 -0.73181003 -0.16651376 234 88 12
3.8176941 -0.74156114 -0.15850946 234 88 12
3.821712 -0.74533614 -0.15536009 234 88 12
3.8236345 -0.7472293 -0.15372386 234 88 12
3.8316187 -0.75477524 -0.14719372 234 88 12
3.9006536 -0.84704841 -0.040447114 234 88 12
3.9015186 -0.8490786 -0.037471322 234 88 12
3.9023616 -0.85108129 -0.034450714 234 88 12
3.9050922 -0.85736264 -0.025225083 234 88 12
3.906027 -0.85962084 -0.021934792 234 88 12
3.907013 -0.86196684 -0.018572186 234 88 12
3.9126902 -0.87434391 -0.0010745666 234 88 12
3.9141065 -0.87681161 0.002020416 234 88 12
3.917038 -0.88172302 0.0078895906 234 88 12
3.9200698 -0.88654333 0.013431741 234 88 12
3.9231914 -0.89141975 0.018898122 234 88 12
3.9247301 -0.89387019 0.021695649 234 88 12
3.5983559 -0.47870367 -0.42692816 234 88 12
3.6000187 -0.48085859 -0.42447917 234 88 12
3.6018014 -0.48298502 -0.42216822 234 88 12
3.6035562 -0.48508143 -0.41982866 234 88 12
3.6073712 -0.48928798 -0.41524581 234 88 12
3.6179264 -0.49966678 -0.40451384 234 88 12
3.6224615 -0.503782 -0.40056009 234 88 12
3.6298218 -0.51006586 -0.39511029 234 88 12
3.7312194 -0.63049104 -0.27665419 234 88 12
3.7337606 -0.63467528 -0.27199591 234 88 12
3.7363973 -0.63887769 -0.26735633 234 88 12
3.7377824 -0.64102401 -0.26509715 234 88 12
3.7417629 -0.64745243 -0.25793503 234 88 12
3.7482791 -0.6581856 -0.24570476 234 88 12
3.7532551 -0.66669007 -0.23537273 234 88 12
3.7567127 -0.67296481 -0.22745733 234 88 12
3.7578178 -0.6750258 -0.22478568 234 88 12
3.7613793 -0.68131778 -0.21669942 234 88 12
3.762639 -0.68337807 -0.21410323 234 88 12
3.7653786 -0.68761698 -0.20907792 234 88 12
3.7668638 -0.68975729 -0.20671649 234 88 12
3.7684053 -0.69191295 -0.20436369 234 88 12
3.7699921 -0.69406229 -0.20209647 234 88 12
3.7715455 -0.6962114 -0.19985264 234 88 12
3.7748363 -0.70052212 -0.195518 234 88 12
3.7766119 -0.70270701 -0.19348322 234 88 12
3.7783578 -0.70486929 -0.19144697 234 88 12
3.7800811 -0.70698782 -0.1894608 234 88 12
3.7818587 -0.70911243 -0.18748174 234 88 12
3.7857144 -0.71343649 -0.18392035 234 88 12
3.787686 -0.71557678 -0.18223083 234 88 12
3.7960036 -0.72416183 -0.17573418 234 88 12
3.8036861 -0.73219445 -0.16901028 234 88 12
3.8055544 -0.73415988 -0.16731005 234 88 12
3.8133435 -0.74205774 -0.16090874 234 88 12
3.8152723 -0.7439386 -0.15931518 234 88 12
3.8171834 -0.74580492 -0.15769076 234 88 12
3.8211408 -0.74958333 -0.15446158 234 88 12
3.823114 -0.75148334 -0.15285781 234 88 12
3.8271628 -0.75525394 -0.14963987 234 88 12
3.8291201 -0.75714776 -0.14796305 234 88 12
3.8980145 -0.84786551 -0.044432987 234 88 12
3.8997452 -0.85191664 -0.038532966 234 88 12
3.9005983 -0.85391273 -0.035546667 234 88 12
3.9014422 -0.85591805 -0.03249916 234 88 12
3.9022959 -0.85793786 -0.029419511 234 88 12
3.9073887 -0.86955247 -0.012653822 234 88 12
3.9109398 -0.87709518 -0.0021186419 234 88 12
3.9138154 -0.8820136 0.0039797755 234 88 12
3.9153314 -0.88446828 0.0068281504 234 88 12
3.9167591 -0.88685669 0.0096697031 234 88 12
3.9198103 -0.89162566 0.015127425 234 88 12
3.9214398 -0.89409335 0.017840018 234 88 12
3.9247282 -0.89904341 0.023306975 234 88 12
3.5964428 -0.48108992 -0.42815984 234 88 12
3.5980413 -0.48325843 -0.42562902 234 88 12
3.6095359 -0.49588262 -0.41208339 234 88 12
3.6138378 -0.50006131 -0.40786749 234 88 12
3.6160248 -0.50211063 -0.40585486 234 88 12
3.6182618 -0.50416147 -0.40385507 234 88 12
3.625409 -0.5104309 -0.39825467 234 88 12
3.7329165 -0.63953745 -0.27036272 234 88 12
3.734176 -0.64160681 -0.26794846 234 88 12
3.7368658 -0.64585614 -0.26327742 234 88 12
3.7396236 -0.65015148 -0.25859128 234 88 12
3.7462516 -0.66086577 -0.24639304 234 88 12
3.7475217 -0.66298453 -0.24387298 234 88 12
3.7500483 -0.66722255 -0.23875759 234 88 12
3.7524223 -0.67139686 -0.23348418 234 88 12
3.7535519 -0.67347862 -0.23082952 234 88 12
3.7547789 -0.67560541 -0.22823921 234 88 12
3.7570964 -0.67978434 -0.22287648 234 88 12
3.7595425 -0.68395579 -0.21762058 234 88 12
3.7635647 -0.69026804 -0.20996026 234 88 12
3.7650007 -0.69236375 -0.20756469 234 88 12
3.7664958 -0.69448087 -0.20522351 234 88 12
3.7695566 -0.69873627 -0.20067958 234 88 12
3.7797845 -0.71158032 -0.18835156 234 88 12
3.7835688 -0.71588867 -0.18476526 234 88 12
3.7855294 -0.71801836 -0.18304184 234 88 12
3.7917359 -0.72448403 -0.17819881 234 88 12
3.7937338 -0.7265458 -0.17650593 234 88 12
3.79763 -0.73058755 -0.1731503 234 88 12
3.7995296 -0.73258352 -0.17144646 234 88 12
3.8013531 -0.73453955 -0.16976323 234 88 12
3.8090816 -0.74243033 -0.16331813 234 88 12
3.8109115 -0.74434129 -0.16168564 234 88 12
3.8147777 -0.74817117 -0.15849078 234 88 12
3.8206541 -0.75385859 -0.15364055 234 88 12
3.8226282 -0.75573096 -0.15201121 234 88 12
3.896225 -0.85064554 -0.045452773 234 88 12
3.8979368 -0.85467957 -0.039603415 234 88 12
3.8988577 -0.85669965 -0.036662469 234 88 12
3.9015354 -0.86287333 -0.027484583 234 88 12
3.9025505 -0.86511426 -0.024259249 234 88 12
3.905731 -0.87228922 -0.013842124 234 88 12
3.9067837 -0.87478793 -0.010161357 234 88 12
3.9106385 -0.88228626 -4.3286386e-05 234 88 12
3.9120443 -0.88472294 0.0029487153 234 88 12
3.9196352 -0.89676762 0.016795687 234 88 12
3.9229838 -0.90175084 0.022207963 234 88 12
3.5961524 -0.48564432 -0.42680042 234 88 12
3.5978929 -0.48778529 -0.42442878 234 88 12
3.6077019 -0.49837089 -0.41337442 234 88 12
3.6185927 -0.50865253 -0.40318001 234 88 12
3.7280966 -0.6381168 -0.27556498 234 88 12
3.7333633 -0.64644099 -0.26630557 234 88 12
3.7347014 -0.64856739 -0.26392396 234 88 12
3.7374623 -0.65284677 -0.25919106 234 88 12
3.7428931 -0.66137985 -0.24950972 234 88 12
3.7454727 -0.66563274 -0.24451185 234 88 12
3.7467681 -0.66774289 -0.24201011 234 88 12
3.7551717 -0.68240227 -0.22363998 234 88 12
3.7576213 -0.68658442 -0.21845242 234 88 12
3.7588998 -0.68865399 -0.21584235 234 88 12
3.7661023 -0.69918399 -0.20381933 234 88 12
3.767635 -0.70130205 -0.20157359 234 88 12
3.7691361 -0.70339549 -0.19929766 234 88 12
3.7741922 -0.70981367 -0.19303445 234 88 12
3.775931 -0.71192482 -0.19106002 234 88 12
3.777676 -0.71403191 -0.18913386 234 88 12
3.7795565 -0.71618882 -0.18731361 234 88 12
3.7874132 -0.72474995 -0.18055827 234 88 12
3.7952776 -0.73294035 -0.17390252 234 88 12
3.7971997 -0.73493777 -0.1722234 234 88 12
3.8028236 -0.74084722 -0.16729438 234 88 12
3.8047232 -0.74278079 -0.16562645 234 88 12
3.8104901 -0.7486316 -0.16087515 234 88 12
3.8124224 -0.7505333 -0.15922653 234 88 12
3.814316 -0.75243686 -0.15760653 234 88 12
3.8161973 -0.75429165 -0.15595817 234 88 12
3.8181118 -0.75617981 -0.15430973 234 88 12
3.8200725 -0.75806094 -0.15265819 234 88 12
3.8240399 -0.76182953 -0.14934553 234 88 12
3.8961633 -0.85744063 -0.040621341 234 88 12
3.8979464 -0.86141922 -0.034765812 234 88 12
3.8988834 -0.86344835 -0.031795459 234 88 12
3.9062517 -0.88000557 -0.0077064918 234 88 12
3.9088389 -0.88496546 -0.0010712275 234 88 12
3.9147433 -0.89461619 0.01024273 234 88 12
3.9163225 -0.8970247 0.012942253 234 88 12
3.9179394 -0.89947156 0.015631009 234 88 12
3.9196372 -0.90194935 0.018308245 234 88 12
3.9213261 -0.90444819 0.02101412 234 88 12
3.5943103 -0.48805193 -0.42798247 234 88 12
3.5960632 -0.49019976 -0.42561589 234 88 12
3.5998451 -0.494467 -0.4210977 234 88 12
3.6018498 -0.49662824 -0.4189083 234 88 12
3.6038236 -0.49871512 -0.41672259 234 88 12
3.6101006 -0.50501638 -0.41035948 234 88 12
3.6122831 -0.50706215 -0.40833984 234 88 12
3.6190792 -0.51320595 -0.40258085 234 88 12
3.6241058 -0.51749768 -0.3991331 234 88 12
3.7221744 -0.63460267 -0.28311968 234 88 12
3.7245682 -0.63874604 -0.27843237 234 88 12
3.728522 -0.64496213 -0.27158811 234 88 12
3.731241 -0.6491758 -0.26696247 234 88 12
3.7394499 -0.66189221 -0.25265463 234 88 12
3.7434038 -0.66824865 -0.24519815 234 88 12
3.7496244 -0.67880227 -0.23226166 234 88 12
3.7508442 -0.68089699 -0.22962406 234 88 12
3.7532721 -0.68502664 -0.22441406 234 88 12
3.754434 -0.68711965 -0.22175421 234 88 12
3.757002 -0.69129861 -0.21664987 234 88 12
3.7584105 -0.69338284 -0.21419119 234 88 12
3.7598142 -0.69548613 -0.21171685 234 88 12
3.7641378 -0.70175178 -0.20466931 234 88 12
3.7656625 -0.70384948 -0.20241136 234 88 12
3.7671482 -0.70593291 -0.20013779 234 88 12
3.7704517 -0.71017596 -0.19590626 234 88 12
3.7722179 -0.71232059 -0.19392973 234 88 12
3.7756416 -0.71651018 -0.19002033 234 88 12
3.7774581 -0.71864315 -0.1881679 234 88 12
3.7793708 -0.72077842 -0.18643455 234 88 12
3.7870674 -0.72920047 -0.17959842 234 88 12
3.7890522 -0.73126999 -0.17798044 234 88 12
3.7929933 -0.7353168 -0.17466784 234 88 12
3.7949051 -0.7372983 -0.17303396 234 88 12
3.7986591 -0.74120517 -0.16976501 234 88 12
3.8004458 -0.7431356 -0.16804539 234 88 12
3.808122 -0.75093887 -0.16161525 234 88 12
3.8118909 -0.75475549 -0.15831998 234 88 12
3.8137527 -0.75661557 -0.15663763 234 88 12
3.8194848 -0.76223024 -0.15165925 234 88 12
3.8215032 -0.76411844 -0.15002367 234 88 12
3.8926434 -0.85613703 -0.047437038 234 88 12
3.8953205 -0.86214316 -0.038755301 234 88 12
3.8962842 -0.86413951 -0.035924289 234 88 12
3.8972211 -0.86617411 -0.032992797 234 88 12
3.9002181 -0.87283663 -0.023246902 234 88 12
3.9012794 -0.87523444 -0.019760415 234 88 12
3.9045565 -0.8826781 -0.008850573 234 88 12
3.9071524 -0.88764012 -0.0021678413 234 88 12
3.9085434 -0.89007564 0.00087992109 234 88 12
3.9099939 -0.8925041 0.0037156503 234 88 12
3.9114577 -0.89489037 0.0064438511 234 88 12
3.9145498 -0.89966655 0.011822974 234 88 12
3.9162402 -0.90215168 0.014457821 234 88 12
3.9179357 -0.90462446 0.017157589 234 88 12
3.9196436 -0.90711485 0.019843078 234 88 12
3.5925365 -0.49047617 -0.42916476 234 88 12
3.5942739 -0.49262606 -0.42681671 234 88 12
3.5960909 -0.49475694 -0.42450694 234 88 12
3.598024 -0.49691966 -0.42226308 234 88 12
3.6000208 -0.499063 -0.42009111 234 88 12
3.6020493 -0.5011791 -0.41794193 234 88 12
3.6039878 -0.50327814 -0.41572332 234 88 12
3.6104271 -0.50952288 -0.40957976 234 88 12
3.622212 -0.51991472 -0.40042325 234 88 12
3.7223256 -0.64143675 -0.27899484 234 88 12
3.7236896 -0.64351225 -0.276758 234 88 12
3.7249594 -0.64558878 -0.27446631 234 88 12
3.7263147 -0.64766599 -0.27219063 234 88 12
3.7332605 -0.65820788 -0.26047646 234 88 12
3.7359817 -0.66242736 -0.25569893 234 88 12
3.737356 -0.66454392 -0.25334748 234 88 12
3.7386899 -0.66666909 -0.25088696 234 88 12
3.740072 -0.66880994 -0.24845869 234 88 12
3.7413122 -0.67091244 -0.24588957 234 88 12
3.7426302 -0.673054 -0.24334804 234 88 12
3.743912 -0.67519949 -0.24080682 234 88 12
3.7476805 -0.68147961 -0.23303213 234 88 12
3.7488506 -0.68353348 -0.23035766 234 88 12
3.7500874 -0.68562652 -0.22777612 234 88 12
3.7513273 -0.68769715 -0.22516183 234 88 12
3.7591539 -0.70011777 -0.21005516 234 88 12
3.7621721 -0.70434186 -0.20552961 234 88 12
3.7637586 -0.70643114 -0.20333412 234 88 12
3.76679 -0.7105972 -0.19885418 234 88 12
3.7718469 -0.71690762 -0.19277058 234 88 12
3.7772662 -0.72322128 -0.18723034 234 88 12
3.7848085 -0.73157942 -0.18040246 234 88 12
3.7867188 -0.7335999 -0.17874114 234 88 12
3.7906507 -0.73765004 -0.17543894 234 88 12
3.7925844 -0.73964687 -0.1738522 234 88 12
3.7998606 -0.74734943 -0.16710669 234 88 12
3.8037843 -0.75128496 -0.16394662 234 88 12
3.8112141 -0.75886561 -0.15723297 234 88 12
3.8131168 -0.76075341 -0.15557392 234 88 12
3.8151102 -0.76265015 -0.15400539 234 88 12
3.8927131 -0.86288532 -0.042661568 234 88 12
3.8945203 -0.86681123 -0.03690022 234 88 12
3.8964504 -0.87094412 -0.030929403 234 88 12
3.8984155 -0.87545654 -0.0242792 234 88 12
3.9004766 -0.8802921 -0.017083611 234 88 12
3.9016157 -0.88279592 -0.013504272 234 88 12
3.9027867 -0.88530336 -0.0099368522 234 88 12
3.904043 -0.88778681 -0.0065467943 234 88 12
3.9082568 -0.8951554 0.0026165625 234 88 12
3.9097405 -0.89753848 0.0053093447 234 88 12
3.911274 -0.89991186 0.0079793155 234 88 12
3.9195718 -0.9121893 0.021404546 234 88 12
3.5982357 -0.50151079 -0.42124637 234 88 12
3.6002784 -0.50364403 -0.41909754 234 88 12
3.6022726 -0.50575778 -0.41697703 234 88 12
3.6043601 -0.50786669 -0.41486897 234 88 12
3.6086348 -0.51199487 -0.41082579 234 88 12
3.6154366 -0.51813618 -0.40513308 234 88 12
3.6228445 -0.52455242 -0.39996834 234 88 12
3.6255248 -0.52681835 -0.39833598 234 88 12
3.6329096 -0.53333664 -0.39306514 234 88 12
3.637852 -0.53767636 -0.38966361 234 88 12
3.6981671 -0.60726316 -0.31906408 234 88 12
3.6993571 -0.60928162 -0.31692816 234 88 12
3.7037784 -0.61721061 -0.30819304 234 88 12
3.7049463 -0.6192269 -0.30603606 234 88 12
3.709774 -0.62748268 -0.29742523 234 88 12
3.7110819 -0.62955444 -0.29530702 234 88 12
3.7148931 -0.63578063 -0.28869875 234 88 12
3.7162266 -0.63785463 -0.28644617 234 88 12
3.717567 -0.63995028 -0.28418897 234 88 12
3.7188921 -0.64203543 -0.28189021 234 88 12
3.7241716 -0.65040393 -0.27280499 234 88 12
3.7255224 -0.65250597 -0.27050285 234 88 12
3.7283626 -0.65672194 -0.26588296 234 88 12
3.7297567 -0.65878038 -0.263523 234 88 12
3.7311454 -0.66087068 -0.26116398 234 88 12
3.7325106 -0.66296917 -0.25878253 234 88 12
3.7339362 -0.66511865 -0.25644818 234 88 12
3.73665 -0.66937107 -0.25162741 234 88 12
3.7406037 -0.67574767 -0.2440349 234 88 12
3.7418518 -0.67787111 -0.24146412 234 88 12
3.7432058 -0.68000926 -0.2389687 234 88 12
3.7544254 -0.69859448 -0.21575674 234 88 12
3.7601482 -0.70689781 -0.20634744 234 88 12
3.7616774 -0.70897951 -0.2041018 234 88 12
3.7632524 -0.71105385 -0.20196579 234 88 12
3.7663612 -0.71519678 -0.19764514 234 88 12
3.7680805 -0.7173004 -0.19561699 234 88 12
3.7751377 -0.72564657 -0.18798801 234 88 12
3.7770837 -0.72776467 -0.18637391 234 88 12
3.7807628 -0.73190947 -0.18293286 234 88 12
3.7844485 -0.73597944 -0.17951969 234 88 12
3.7921292 -0.74389148 -0.17303973 234 88 12
3.7957929 -0.74776665 -0.16965173 234 88 12
3.797562 -0.74970135 -0.16793469 234 88 12
3.7994398 -0.75162403 -0.16628134 234 88 12
3.801368 -0.75357329 -0.16467022 234 88 12
3.803333 -0.75550057 -0.16308083 234 88 12
3.8052269 -0.75739311 -0.1614783 234 88 12
3.8070776 -0.75928184 -0.1597553 234 88 12
3.8107829 -0.76306587 -0.15631174 234 88 12
3.8147323 -0.76683408 -0.15313671 234 88 12
3.8184163 -0.77055263 -0.14970151 234 88 12
3.8203284 -0.77241393 -0.14798248 234 88 12
3.8222642 -0.77428787 -0.14625251 234 88 12
3.82609 -0.7780174 -0.1427785 234 88 12
3.8316361 -0.78354139 -0.13741329 234 88 12
3.8387805 -0.79073444 -0.13027931 234 88 12
3.8421745 -0.79416971 -0.12667216 234 88 12
3.8438411 -0.79585437 -0.12488382 234 88 12
3.889917 -0.86352241 -0.046488237 234 88 12
3.8909113 -0.86554058 -0.043694006 234 88 12
3.8917996 -0.8675155 -0.04078487 234 88 12
3.8946143 -0.87361239 -0.031888787 234 88 12
3.8955863 -0.87582946 -0.028673681 234 88 12
3.8999659 -0.88549451 -0.014674729 234 88 12
3.9011886 -0.8880207 -0.011139834 234 88 12
3.9024453 -0.89048919 -0.0077853971 234 88 12
3.9037917 -0.8929498 -0.0044990271 234 88 12
3.9051781 -0.8953882 -0.0014242051 234 88 12
3.9127357 -0.90736945 0.012116461 234 88 12
3.9144896 -0.90987622 0.0147161 234 88 12
3.9179368 -0.91483453 0.020119942 234 88 12
3.5872742 -0.49311655 -0.43391937 234 88 12
3.5926552 -0.49971211 -0.42686934 234 88 12
3.5945141 -0.50182757 -0.4245985 234 88 12
3.6004873 -0.50822903 -0.41815501 234 88 12
3.6025582 -0.51033507 -0.41606122 234 88 12
3.6046361 -0.51240258 -0.41397965 234 88 12
3.6068289 -0.51445387 -0.41201578 234 88 12
3.6112155 -0.51855374 -0.40813239 234 88 12
3.6136214 -0.52061618 -0.4063705 234 88 12
3.6160075 -0.52271137 -0.40459547 234 88 12
3.6184843 -0.5248458 -0.40287511 234 88 12
3.623531 -0.52925158 -0.39948099 234 88 12
3.6260225 -0.53143351 -0.39773933 234 88 12
3.6285301 -0.53364096 -0.39599981 234 88 12
3.6333733 -0.53798746 -0.39252181 234 88 12
3.6956511 -0.60994334 -0.31960416 234 88 12
3.6968948 -0.611968 -0.31755835 234 88 12
3.69797 -0.61393464 -0.31538021 234 88 12
3.7001665 -0.6178929 -0.31092915 234 88 12
3.7025323 -0.62196078 -0.30657065 234 88 12
3.7036572 -0.62395626 -0.30437948 234 88 12
3.7073051 -0.63016561 -0.29791014 234 88 12
3.711342 -0.63646829 -0.29147622 234 88 12
3.7139591 -0.64055847 -0.28699939 234 88 12
3.7153176 -0.64264947 -0.28476623 234 88 12
3.716721 -0.64474528 -0.28258903 234 88 12
3.7192485 -0.64891806 -0.27795079 234 88 12
3.7232954 -0.65521193 -0.27104059 234 88 12
3.7246915 -0.65729837 -0.26872551 234 88 12
3.7275359 -0.66146636 -0.26417061 234 88 12
3.7289576 -0.66355093 -0.26184497 234 88 12
3.7317959 -0.66777505 -0.25718112 234 88 12
3.7358973 -0.67417947 -0.24986359 234 88 12
3.7397615 -0.68054193 -0.24215148 234 88 12
3.7410485 -0.68264694 -0.2396078 234 88 12
3.7422943 -0.68474669 -0.23705007 234 88 12
3.7435726 -0.68684542 -0.23448921 234 88 12
3.7486305 -0.69513924 -0.22414889 234 88 12
3.7498779 -0.69717752 -0.22155436 234 88 12
3.7511672 -0.69920232 -0.2190493 234 88 12
3.7524043 -0.70122554 -0.21650502 234 88 12
3.7581114 -0.70947104 -0.20716219 234 88 12
3.7596079 -0.71153431 -0.2048951 234 88 12
3.7611686 -0.71360463 -0.20277182 234 88 12
3.7627553 -0.71565788 -0.20067287 234 88 12
3.7676645 -0.72185567 -0.19444181 234 88 12
3.7694256 -0.72392361 -0.19250155 234 88 12
3.7729938 -0.72810476 -0.1887929 234 88 12
3.7748168 -0.73018984 -0.18707003 234 88 12
3.7784735 -0.7343012 -0.18364535 234 88 12
3.7821172 -0.73834402 -0.18027067 234 88 12
3.783993 -0.7403529 -0.17862008 234 88 12
3.7859215 -0.7423312 -0.1769985 234 88 12
3.7878731 -0.74431999 -0.17539874 234 88 12
3.7897444 -0.74623249 -0.17374512 234 88 12
3.7915806 -0.74817218 -0.17207139 234 88 12
3.8009689 -0.75780747 -0.16382799 234 88 12
3.8047113 -0.76159583 -0.16049759 234 88 12
3.806529 -0.76346845 -0.15875655 234 88 12
3.8084183 -0.76536671 -0.15706219 234 88 12
3.8104258 -0.76727854 -0.15547743 234 88 12
3.8123698 -0.76917883 -0.15384911 234 88 12
3.825496 -0.78218461 -0.14166651 234 88 12
3.8309616 -0.78770575 -0.13629217 234 88 12
3.8380457 -0.79487504 -0.12913447 234 88 12
3.8397337 -0.79660143 -0.12733003 234 88 12
3.8414363 -0.79830754 -0.12554663 234 88 12
3.8430292 -0.8000042 -0.12362106 234 88 12
3.8446848 -0.8016678 -0.12174688 234 88 12
3.8882046 -0.86619742 -0.047592297 234 88 12
3.8900132 -0.8701536 -0.041850642 234 88 12
3.8909161 -0.87212948 -0.03891883 234 88 12
3.8927298 -0.87625845 -0.032847441 234 88 12
3.893767 -0.87851483 -0.029665143 234 88 12
3.8948127 -0.88083866 -0.026281397 234 88 12
3.8958481 -0.88319191 -0.022794601 234 88 12
3.8969092 -0.88562479 -0.019155372 234 88 12
3.8993596 -0.89065066 -0.012164668 234 88 12
3.9033799 -0.89802832 -0.0025576138 234 88 12
3.9048607 -0.90047432 0.00029792382 234 88 12
3.9063242 -0.90282111 0.0030581828 234 88 12
3.907803 -0.90518902 0.0057422764 234 88 12
3.909301 -0.90754775 0.008392986 234 88 12
3.91094 -0.90999767 0.010974679 234 88 12
3.9126678 -0.91246258 0.013580863 234 88 12
3.9162056 -0.91744162 0.018861548 234 88 12
3.5871906 -0.49775636 -0.432692 234 88 12
3.5890337 -0.49997838 -0.43034944 234 88 12
3.590875 -0.50215061 -0.42804577 234 88 12
3.5946995 -0.50638749 -0.42359433 234 88 12
3.6050658 -0.51694098 -0.41320529 234 88 12
3.6071765 -0.51898041 -0.41116607 234 88 12
3.6117998 -0.52313104 -0.40752533 234 88 12
3.6191019 -0.52955604 -0.40232875 234 88 12
3.6216229 -0.53175272 -0.40065452 234 88 12
3.6240779 -0.53392197 -0.39888888 234 88 12
3.6264805 -0.5360741 -0.39709215 234 88 12
3.6313486 -0.54044875 -0.39360579 234 88 12
3.6337893 -0.54263771 -0.39188329 234 88 12
3.6931822 -0.61263467 -0.32016473 234 88 12
3.6943724 -0.61461866 -0.31807233 234 88 12
3.6954756 -0.61659357 -0.31590455 234 88 12
3.6966157 -0.61855778 -0.3137345 234 88 12
3.7024936 -0.62877011 -0.30280882 234 88 12
3.7049954 -0.63292402 -0.29849122 234 88 12
3.7076871 -0.6371052 -0.29420193 234 88 12
3.7090482 -0.63918194 -0.29205064 234 88 12
3.7130673 -0.64537718 -0.2853719 234 88 12
3.7144943 -0.64747835 -0.28321056 234 88 12
3.7157658 -0.64954392 -0.28091277 234 88 12
3.7183928 -0.65378797 -0.27628229 234 88 12
3.7226278 -0.66007534 -0.26945743 234 88 12
3.7240157 -0.66214478 -0.26714199 234 88 12
3.725423 -0.664219 -0.26485943 234 88 12
3.7281992 -0.66840569 -0.26019001 234 88 12
3.7296836 -0.67053525 -0.2579109 234 88 12
3.731111 -0.67264395 -0.25554026 234 88 12
3.732419 -0.67474001 -0.25303826 234 88 12
3.7337269 -0.67684339 -0.25051628 234 88 12
3.7364588 -0.68116591 -0.24554299 234 88 12
3.7376812 -0.68326693 -0.24291462 234 88 12
3.7388863 -0.68535701 -0.24029805 234 88 12
3.743989 -0.69371527 -0.23002818 234 88 12
3.7490509 -0.70184913 -0.21979054 234 88 12
3.7517131 -0.70594275 -0.21490043 234 88 12
3.7590083 -0.71618956 -0.20350868 234 88 12
3.7638176 -0.72229159 -0.19722214 234 88 12
3.7655261 -0.72436026 -0.19522517 234 88 12
3.7672582 -0.72643604 -0.1932803 234 88 12
3.7690145 -0.72850125 -0.19135408 234 88 12
3.7743394 -0.7346582 -0.18604444 234 88 12
3.7780213 -0.73876649 -0.18265444 234 88 12
3.7834717 -0.74468455 -0.17767321 234 88 12
3.7854059 -0.74664157 -0.17606991 234 88 12
3.7873054 -0.7485783 -0.1744615 234 88 12
3.7910293 -0.75245201 -0.17112449 234 88 12
3.7928842 -0.75436133 -0.16944892 234 88 12
3.7947824 -0.75627766 -0.16781422 234 88 12
3.8022691 -0.76391322 -0.16124321 234 88 12
3.8079465 -0.76956898 -0.15615111 234 88 12
3.8098716 -0.77146352 -0.15447263 234 88 12
3.8210543 -0.78267614 -0.1440757 234 88 12
3.8302011 -0.79185691 -0.13513647 234 88 12
3.833712 -0.79544937 -0.1315118 234 88 12
3.8354372 -0.79721427 -0.12971787 234 88 12
3.8387761 -0.80068364 -0.12605198 234 88 12
3.8404061 -0.80240618 -0.12413135 234 88 12
3.8854739 -0.86680066 -0.051457484 234 88 12
3.8872502 -0.87081765 -0.045696037 234 88 12
3.8889413 -0.87472135 -0.039860233 234 88 12
3.8898467 -0.87674332 -0.036892842 234 88 12
3.890863 -0.87890107 -0.03381505 234 88 12
3.8919173 -0.88116232 -0.030614155 234 88 12
3.8930407 -0.88352498 -0.027343808 234 88 12
3.8941248 -0.88589325 -0.023906208 234 88 12
3.8951914 -0.88833464 -0.020335074 234 88 12
3.8976819 -0.89331684 -0.013373523 234 88 12
3.9003173 -0.89821732 -0.0068139221 234 88 12
3.9060685 -0.90782048 0.0045812995 234 88 12
3.9075863 -0.91018751 0.0072195275 234 88 12
3.9091985 -0.91260378 0.0097867668 234 88 12
3.9109084 -0.91507263 0.012409257 234 88 12
3.9126909 -0.91755351 0.014989695 234 88 12
3.5837854 -0.4979933 -0.43622761 234 88 12
3.5854938 -0.50019626 -0.43390729 234 88 12
3.5892057 -0.50457505 -0.4293669 234 88 12
3.5968281 -0.51312497 -0.42036615 234 88 12
3.60323 -0.51942045 -0.41433163 234 88 12
3.607664 -0.52357354 -0.41049541 234 88 12
3.6099421 -0.52565112 -0.40866663 234 88 12
3.6964193 -0.62530781 -0.30985453 234 88 12
3.6976059 -0.62737789 -0.30764975 234 88 12
3.6988277 -0.62943665 -0.30553306 234 88 12
3.700114 -0.63152243 -0.30339988 234 88 12
3.7013669 -0.63358546 -0.30129085 234 88 12
3.7039665 -0.63772768 -0.29689174 234 88 12
3.7052894 -0.63979811 -0.29468485 234 88 12
3.7162124 -0.65654368 -0.27698891 234 88 12
3.717669 -0.65868149 -0.27477329 234 88 12
3.7190714 -0.66076815 -0.27248343 234 88 12
3.7260616 -0.67118154 -0.26090215 234 88 12
3.7274584 -0.67326289 -0.25856376 234 88 12
3.7288752 -0.67534628 -0.2562156 234 88 12
3.7302014 -0.67744627 -0.25372677 234 88 12
3.7315516 -0.6795569 -0.25124409 234 88 12
3.7380644 -0.69021503 -0.23847972 234 88 12
3.7393602 -0.69232598 -0.23592328 234 88 12
3.743142 -0.69848426 -0.22821548 234 88 12
3.7496447 -0.70860378 -0.21569534 234 88 12
3.7525288 -0.71269877 -0.21109679 234 88 12
3.7599592 -0.7228038 -0.20000509 234 88 12
3.7615942 -0.72483524 -0.19795209 234 88 12
3.763229 -0.72687037 -0.19589855 234 88 12
3.7667065 -0.73098958 -0.19203295 234 88 12
3.7684718 -0.73305113 -0.19020685 234 88 12
3.7702703 -0.73509015 -0.18845683 234 88 12
3.7720132 -0.73709044 -0.18669677 234 88 12
3.7811239 -0.74709301 -0.1784205 234 88 12
3.7849169 -0.75095637 -0.17522809 234 88 12
3.7885838 -0.75477725 -0.17184271 234 88 12
3.7904092 -0.75666635 -0.17012063 234 88 12
3.794287 -0.76049825 -0.16691811 234 88 12
3.8091194 -0.77563008 -0.1533531 234 88 12
3.8128314 -0.77936956 -0.14987276 234 88 12
3.8185334 -0.78502077 -0.14472344 234 88 12
3.820449 -0.78686666 -0.14296763 234 88 12
3.8257467 -0.79232165 -0.13749418 234 88 12
3.8275646 -0.79418064 -0.13572658 234 88 12
3.8293464 -0.79602279 -0.13394894 234 88 12
3.8328248 -0.79960331 -0.13031776 234 88 12
3.834451 -0.80135129 -0.12843718 234 88 12
3.8361225 -0.80306172 -0.12656988 234 88 12
3.8377722 -0.80480106 -0.12468265 234 88 12
3.8826923 -0.86744634 -0.05532983 234 88 12
3.883647 -0.86944707 -0.052494846 234 88 12
3.8862378 -0.87540823 -0.043782441 234 88 12
3.8871223 -0.87738716 -0.040902496 234 88 12
3.8901691 -0.88383579 -0.031777278 234 88 12
3.8912825 -0.88619802 -0.028504461 234 88 12
3.8934189 -0.890991 -0.021482458 234 88 12
3.8971238 -0.89835594 -0.01115035 234 88 12
3.8985395 -0.90082806 -0.0080045015 234 88 12
3.8999482 -0.90329462 -0.0049451534 234 88 12
3.9028897 -0.90811335 0.00069181549 234 88 12
3.9091798 -0.91766913 0.011156261 234 88 12
3.9108989 -0.92015129 0.013764528 234 88 12
3.9126681 -0.92264234 0.016363499 234 88 12
3.5820471 -0.50043372 -0.43751102 234 88 12
3.5874033 -0.50697335 -0.43055165 234 88 12
3.5950412 -0.5155922 -0.42152736 234 88 12
3.5970809 -0.51773639 -0.41945322 234 88 12
3.5992022 -0.51982713 -0.41742582 234 88 12
3.6014314 -0.52195786 -0.41548481 234 88 12
3.6036216 -0.52404113 -0.41353315 234 88 12
3.6081165 -0.52818137 -0.40977701 234 88 12
3.6129033 -0.53245551 -0.40632703 234 88 12
3.6153306 -0.53461667 -0.40455828 234 88 12
3.6226794 -0.5411296 -0.39935025 234 88 12
3.6250924 -0.54330226 -0.39758672 234 88 12
3.6274097 -0.54544893 -0.39581164 234 88 12
3.6298358 -0.54765942 -0.39408288 234 88 12
3.6321678 -0.54981648 -0.39228965 234 88 12
3.6893036 -0.61993489 -0.31907021 234 88 12
3.6905013 -0.62196732 -0.31695077 234 88 12
3.6916885 -0.623965 -0.31480893 234 88 12
3.6977373 -0.63422896 -0.30401035 234 88 12
3.6990052 -0.63629668 -0.30186631 234 88 12
3.7015994 -0.64045115 -0.29746392 234 88 12
3.7029444 -0.64252369 -0.29531811 234 88 12
3.7044022 -0.64461071 -0.29323128 234 88 12
3.7057862 -0.64667782 -0.29105728 234 88 12
3.7071794 -0.64876974 -0.28888913 234 88 12
3.714093 -0.65933486 -0.27776903 234 88 12
3.7168585 -0.66351168 -0.27320728 234 88 12
3.7196876 -0.6676936 -0.26864496 234 88 12
3.7253181 -0.67602758 -0.2593131 234 88 12
3.7267294 -0.67811832 -0.25692553 234 88 12
3.7294182 -0.68231904 -0.25198461 234 88 12
3.730735 -0.68445885 -0.24946162 234 88 12
3.7359454 -0.69299978 -0.23929545 234 88 12
3.7385465 -0.69717044 -0.2341675 234 88 12
3.7422452 -0.70318605 -0.22643063 234 88 12
3.7461513 -0.7092875 -0.21886811 234 88 12
3.7475049 -0.71129108 -0.21646371 234 88 12
3.7488483 -0.7133083 -0.21409377 234 88 12
3.7546567 -0.72140406 -0.20502514 234 88 12
3.7561871 -0.72341115 -0.20285011 234 88 12
3.7577467 -0.72540754 -0.20072287 234 88 12
3.7593185 -0.72742718 -0.19862048 234 88 12
3.7609935 -0.72943839 -0.19662623 234 88 12
3.7661374 -0.73551198 -0.19091979 234 88 12
3.7679533 -0.73755359 -0.18920872 234 88 12
3.7715128 -0.74156052 -0.18575609 234 88 12
3.7732855 -0.74355986 -0.18402514 234 88 12
3.7750963 -0.745548 -0.18239279 234 88 12
3.7768391 -0.74749275 -0.18071517 234 88 12
3.7786998 -0.74944189 -0.17913753 234 88 12
3.7842142 -0.75517241 -0.17421151 234 88 12
3.7860909 -0.75710998 -0.17255933 234 88 12
3.7879701 -0.75903075 -0.17089043 234 88 12
3.7918133 -0.76286217 -0.16766437 234 88 12
3.79373 -0.76479542 -0.16610042 234 88 12
3.7956222 -0.76668679 -0.16447927 234 88 12
3.806598 -0.77794578 -0.15403782 234 88 12
3.8139747 -0.78542594 -0.14703075 234 88 12
3.819563 -0.79104299 -0.14169314 234 88 12
3.821343 -0.79285948 -0.13990395 234 88 12
3.8231206 -0.79467878 -0.13809221 234 88 12
3.8249297 -0.79654471 -0.13636525 234 88 12
3.8301165 -0.80195838 -0.13087691 234 88 12
3.8317698 -0.80370655 -0.12899579 234 88 12
3.8351775 -0.80720428 -0.12533435 234 88 12
3.836936 -0.80895533 -0.12354914 234 88 12
3.8843396 -0.87805574 -0.044740013 234 88 12
3.8894603 -0.88879779 -0.029567016 234 88 12
3.8940675 -0.89851942 -0.015670345 234 88 12
3.8968118 -0.90345 -0.0092026217 234 88 12
3.8982063 -0.90590429 -0.0061660585 234 88 12
3.9043176 -0.91548256 0.0046234103 234 88 12
3.9059162 -0.91784438 0.0072131788 234 88 12
3.9109581 -0.92525198 0.01515066 234 88 12
3.5803579 -0.50286699 -0.43879334 234 88 12
3.5820726 -0.50510189 -0.43636977 234 88 12
3.5914172 -0.51597986 -0.42499299 234 88 12
3.5933696 -0.51811525 -0.42279771 234 88 12
3.5996652 -0.5245184 -0.41664199 234 88 12
3.6018872 -0.52659656 -0.41473833 234 88 12
3.6040961 -0.52865429 -0.41280874 234 88 12
3.6063493 -0.53073569 -0.410983 234 88 12
3.6086128 -0.53283951 -0.40911475 234 88 12
3.6110551 -0.53499065 -0.40740239 234 88 12
3.6159385 -0.53933643 -0.40396963 234 88 12
3.6184192 -0.54154082 -0.40222078 234 88 12
3.6255262 -0.54796551 -0.3969724 234 88 12
3.6279167 -0.55017741 -0.39521293 234 88 12
3.6326505 -0.55452619 -0.39168303 234 88 12
3.6867727 -0.62261856 -0.31960104 234 88 12
3.6915054 -0.63071499 -0.31092758 234 88 12
3.6927065 -0.63277014 -0.30872956 234 88 12
3.6939692 -0.6348595 -0.30663581 234 88 12
3.695292 -0.63694831 -0.30453641 234 88 12
3.7020711 -0.64734084 -0.29382865 234 88 12
3.7034755 -0.64942392 -0.29167647 234 88 12
3.7090099 -0.65783944 -0.28286904 234 88 12
3.7146106 -0.66625764 -0.27386157 234 88 12
3.7160316 -0.66835246 -0.27160298 234 88 12
3.7174821 -0.67044178 -0.2693642 234 88 12
3.7216616 -0.67667042 -0.262354 234 88 12
3.7230904 -0.67875458 -0.26003988 234 88 12
3.7311039 -0.69152718 -0.2451252 234 88 12
3.7324002 -0.69364287 -0.24259464 234 88 12
3.7362701 -0.69989184 -0.23486679 234 88 12
3.7375494 -0.7019292 -0.23225821 234 88 12
3.741229 -0.70792082 -0.22457007 234 88 12
3.7425348 -0.70992035 -0.22206807 234 88 12
3.7466757 -0.71597868 -0.21481869 234 88 12
3.7493984 -0.71998772 -0.21013932 234 88 12
3.7554438 -0.72800358 -0.20142674 234 88 12
3.7637594 -0.73797446 -0.19165469 234 88 12
3.7691463 -0.7440031 -0.18646804 234 88 12
3.7780733 -0.7537393 -0.17816379 234 88 12
3.7799138 -0.75564217 -0.17654277 234 88 12
3.7817328 -0.75753157 -0.17486766 234 88 12
3.78933 -0.76523483 -0.16843414 234 88 12
3.7931094 -0.76906138 -0.16520144 234 88 12
3.7949936 -0.77097607 -0.16352162 234 88 12
3.7986102 -0.77474146 -0.16005556 234 88 12
3.8077631 -0.78403036 -0.15115736 234 88 12
3.8113735 -0.78773269 -0.1476579 234 88 12
3.8132806 -0.78962666 -0.14592806 234 88 12
3.8186599 -0.7951771 -0.14053262 234 88 12
3.8204439 -0.79702631 -0.13871696 234 88 12
3.8290839 -0.80609309 -0.12957984 234 88 12
3.878851 -0.87274964 -0.057214006 234 88 12
3.8797727 -0.87472395 -0.054376088 234 88 12
3.8806664 -0.87672035 -0.05153189 234 88 12
3.8824977 -0.88069815 -0.045845513 234 88 12
3.884527 -0.88478649 -0.040091023 234 88 12
3.8855773 -0.88693309 -0.037089185 234 88 12
3.8887476 -0.89381051 -0.027266031 234 88 12
3.8950411 -0.90606881 -0.010444678 234 88 12
3.8964812 -0.90853343 -0.0074629146 234 88 12
3.8979411 -0.91094737 -0.0045699681 234 88 12
3.8994157 -0.91334521 -0.001789863 234 88 12
3.907545 -0.92533932 0.011249833 234 88 12
3.5877509 -0.51628633 -0.4284809 234 88 12
3.5897093 -0.51846758 -0.42625238 234 88 12
3.5936868 -0.52278137 -0.42192097 234 88 12
3.5979261 -0.5270472 -0.41785992 234 88 12
3.6023785 -0.53123762 -0.41403149 234 88 12
3.6092662 -0.53757073 -0.40851924 234 88 12
3.6141032 -0.54193218 -0.40506793 234 88 12
3.6165756 -0.5441048 -0.40335754 234 88 12
3.6283737 -0.55492744 -0.39455945 234 88 12
3.6306831 -0.55710314 -0.39279337 234 88 12
3.6831137 -0.62333689 -0.32236593 234 88 12
3.6842707 -0.62534619 -0.32012866 234 88 12
3.6854692 -0.62736607 -0.31792814 234 88 12
3.686619 -0.62934762 -0.31572888 234 88 12
3.6942165 -0.64176218 -0.3029737 234 88 12
3.6955038 -0.64378613 -0.30079676 234 88 12
3.6969207 -0.64591442 -0.29869736 234 88 12
3.698276 -0.6479855 -0.296547 234 88 12
3.6997552 -0.65010304 -0.29449661 234 88 12
3.701167 -0.65220351 -0.29231461 234 88 12
3.7095753 -0.66486508 -0.27912239 234 88 12
3.7138863 -0.67112284 -0.27240549 234 88 12
3.7153382 -0.6732251 -0.27014181 234 88 12
3.7208905 -0.68151518 -0.26082563 234 88 12
3.7223343 -0.68365565 -0.25847782 234 88 12
3.7237401 -0.68581049 -0.25603532 234 88 12
3.7250405 -0.68792772 -0.25347109 234 88 12
3.7277439 -0.69221824 -0.2485271 234 88 12
3.728996 -0.69434047 -0.24598614 234 88 12
3.7302176 -0.69644053 -0.24337326 234 88 12
3.7365187 -0.70666712 -0.23040277 234 88 12
3.7377102 -0.7086368 -0.22780167 234 88 12
3.7389684 -0.71062317 -0.22527576 234 88 12
3.7417136 -0.71465212 -0.22041225 234 88 12
3.7458364 -0.72065952 -0.21320257 234 88 12
3.7531773 -0.73063179 -0.20215042 234 88 12
3.7563027 -0.73456515 -0.19806074 234 88 12
3.7612912 -0.74044456 -0.19237764 234 88 12
3.7631161 -0.74247676 -0.19064591 234 88 12
3.7684415 -0.7484237 -0.18540462 234 88 12
3.7702459 -0.75035451 -0.18375737 234 88 12
3.7720536 -0.75230451 -0.18211603 234 88 12
3.7738312 -0.75420079 -0.1804648 234 88 12
3.7792269 -0.75990467 -0.17554346 234 88 12
3.7811299 -0.76182587 -0.17388921 234 88 12
3.7831139 -0.76378342 -0.17236112 234 88 12
3.7869077 -0.76763258 -0.16924306 234 88 12
3.7905757 -0.7714518 -0.16593525 234 88 12
3.7924392 -0.77336325 -0.16426271 234 88 12
3.801564 -0.7827147 -0.15544533 234 88 12
3.8033656 -0.78453962 -0.15364712 234 88 12
3.8069763 -0.78822908 -0.15010807 234 88 12
3.8087984 -0.79006296 -0.14832246 234 88 12
3.817679 -0.79932107 -0.13932141 234 88 12
3.8194208 -0.80116438 -0.13754514 234 88 12
3.8211729 -0.80303759 -0.13571629 234 88 12
3.8281206 -0.8102785 -0.12833954 234 88 12
3.8315237 -0.8137895 -0.12463698 234 88 12
3.876835 -0.87541288 -0.058083244 234 88 12
3.8797285 -0.88134831 -0.049723411 234 88 12
3.881779 -0.88542313 -0.044089618 234 88 12
3.8828337 -0.88751574 -0.041239262 234 88 12
3.8838144 -0.88964336 -0.038167927 234 88 12
3.8858228 -0.89412259 -0.031714847 234 88 12
3.8880444 -0.8989154 -0.024865098 234 88 12
3.8918788 -0.90628698 -0.014834311 234 88 12
3.8933098 -0.90876883 -0.011687042 234 88 12
3.8976697 -0.91595899 -0.00302591 234 88 12
3.9025456 -0.92310045 0.004710747 234 88 12
3.9042196 -0.92551944 0.0073429912 234 88 12
3.9074487 -0.93033992 0.012782561 234 88 12
3.5768396 -0.50771767 -0.44126763 234 88 12
3.5785931 -0.50995786 -0.43888503 234 88 12
3.5879466 -0.52093144 -0.42749411 234 88 12
3.5900316 -0.52314664 -0.42534913 234 88 12
3.5920844 -0.52533889 -0.42318014 234 88 12
3.6007253 -0.53382893 -0.41529343 234 88 12
3.6030421 -0.53593428 -0.4134506 234 88 12
3.6052599 -0.53803618 -0.41156023 234 88 12
3.6098703 -0.54231515 -0.40791936 234 88 12
3.6146937 -0.54667223 -0.40443344 234 88 12
3.6194532 -0.55094992 -0.40092619 234 88 12
3.6218651 -0.55315694 -0.39922746 234 88 12
3.6242051 -0.55533236 -0.39746941 234 88 12
3.6287646 -0.55967832 -0.39389644 234 88 12
3.6829147 -0.63004636 -0.31843486 234 88 12
3.6853572 -0.634107 -0.31407975 234 88 12
3.6865769 -0.63617415 -0.31194136 234 88 12
3.6892317 -0.640354 -0.3077906 234 88 12
3.6931345 -0.64653911 -0.30139639 234 88 12
3.6973364 -0.65287106 -0.29503131 234 88 12
3.6987629 -0.65501289 -0.29288635 234 88 12
3.70022 -0.65715148 -0.29079105 234 88 12
3.7015333 -0.65922291 -0.28852331 234 88 12
3.7029079 -0.66130112 -0.28633394 234 88 12
3.7043073 -0.66339027 -0.28411377 234 88 12
3.7057474 -0.66550254 -0.2819125 234 88 12
3.7101617 -0.67180613 -0.27536438 234 88 12
3.7145375 -0.67809397 -0.26864057 234 88 12
3.7159332 -0.68018961 -0.26628604 234 88 12
3.7186838 -0.68434479 -0.2615899 234 88 12
3.7254468 -0.69498434 -0.24917717 234 88 12
3.7279124 -0.69921955 -0.24404886 234 88 12
3.7327924 -0.70733403 -0.23354717 234 88 12
3.7366647 -0.7133338 -0.22593749 234 88 12
3.739278 -0.71729827 -0.22102328 234 88 12
3.7434812 -0.72332733 -0.21388454 234 88 12
3.7463465 -0.72727978 -0.20936268 234 88 12
3.7555232 -0.73906744 -0.19683953 234 88 12
3.7588486 -0.74293465 -0.19308571 234 88 12
3.7606618 -0.74494704 -0.1913577 234 88 12
3.7624805 -0.74694828 -0.18963035 234 88 12
3.7642183 -0.74892448 -0.18783354 234 88 12
3.7677632 -0.75279032 -0.18443312 234 88 12
3.7696259 -0.75474912 -0.1828481 234 88 12
3.7714006 -0.75663318 -0.18117405 234 88 12
3.7731519 -0.75853757 -0.17952951 234 88 12
3.7767448 -0.76232332 -0.17623744 234 88 12
3.7786884 -0.76424395 -0.17462691 234 88 12
3.7825246 -0.76806377 -0.171511 234 88 12
3.7843576 -0.76998632 -0.16992076 234 88 12
3.7861963 -0.77190013 -0.16831191 234 88 12
3.7879908 -0.77380623 -0.16662892 234 88 12
3.7898131 -0.77570001 -0.16493694 234 88 12
3.793473 -0.77946892 -0.16140413 234 88 12
3.7990202 -0.78508646 -0.15616815 234 88 12
3.8008098 -0.78693445 -0.15436206 234 88 12
3.8062305 -0.79243318 -0.14901647 234 88 12
3.8098367 -0.79611548 -0.14544763 234 88 12
3.8115295 -0.797964 -0.14359812 234 88 12
3.8132371 -0.79980707 -0.14181125 234 88 12
3.8149449 -0.80163609 -0.13996111 234 88 12
3.8166744 -0.8034714 -0.13817219 234 88 12
3.8201749 -0.80724798 -0.13449996 234 88 12
3.8236902 -0.81093844 -0.1308014 234 88 12
3.8254098 -0.81271435 -0.12897254 234 88 12
3.8287754 -0.81625157 -0.12524067 234 88 12
3.8747313 -0.87803982 -0.058893311 234 88 12
3.8757651 -0.88001414 -0.056201824 234 88 12
3.8798916 -0.88808733 -0.04509269 234 88 12
3.8819124 -0.89232761 -0.039122081 234 88 12
3.8829035 -0.89455017 -0.035959544 234 88 12
3.8874701 -0.90406381 -0.022602392 234 88 12
3.888744 -0.90650596 -0.019248929 234 88 12
3.8900732 -0.90894994 -0.01597598 234 88 12
3.892949 -0.91381323 -0.0098563769 234 88 12
3.9024559 -0.92811665 0.0061379348 234 88 12
3.575089 -0.51019606 -0.44259324 234 88 12
3.5768132 -0.51239882 -0.44016918 234 88 12
3.5823553 -0.51904903 -0.4331717 234 88 12
3.5843126 -0.52126266 -0.43096827 234 88 12
3.5862083 -0.52344202 -0.42867779 234 88 12
3.5882604 -0.52566482 -0.42653052 234 88 12
3.5903117 -0.52783041 -0.42435906 234 88 12
3.5923747 -0.52999139 -0.42226676 234 88 12
3.5966316 -0.53421989 -0.41821547 234 88 12
3.6012465 -0.53849126 -0.41454159 234 88 12
3.6105847 -0.54714902 -0.40734036 234 88 12
3.6152322 -0.55142182 -0.40372882 234 88 12
3.6223154 -0.55796523 -0.3985811 234 88 12
3.6267892 -0.56228605 -0.39489656 234 88 12
3.6828601 -0.63685849 -0.31457784 234 88 12
3.6840365 -0.63892012 -0.31238536 234 88 12
3.6880742 -0.64519379 -0.30615162 234 88 12
3.6893588 -0.64725326 -0.30399546 234 88 12
3.6919807 -0.65139858 -0.2996783 234 88 12
3.7005502 -0.66409912 -0.2869814 234 88 12
3.7019938 -0.66619454 -0.28481891 234 88 12
3.7048961 -0.67039232 -0.28038905 234 88 12
3.7093183 -0.67665409 -0.27391751 234 88 12
3.7151276 -0.68511381 -0.26476749 234 88 12
3.7165721 -0.68722405 -0.26245021 234 88 12
3.7205954 -0.6935781 -0.25501337 234 88 12
3.7231924 -0.69779335 -0.2498899 234 88 12
3.7255586 -0.70193027 -0.24470567 234 88 12
3.7280085 -0.70601498 -0.23955974 234 88 12
3.7344015 -0.71605696 -0.22667222 234 88 12
3.738254 -0.72197063 -0.21927907 234 88 12
3.7397093 -0.72400648 -0.21692247 234 88 12
3.7411283 -0.72599792 -0.21459907 234 88 12
3.7424993 -0.72796012 -0.21225672 234 88 12
3.7467744 -0.73381624 -0.20556325 234 88 12
3.749793 -0.73770855 -0.20142787 234 88 12
3.7546758 -0.74347605 -0.19562069 234 88 12
3.7617036 -0.75137971 -0.18852386 234 88 12
3.7670276 -0.75714059 -0.18348206 234 88 12
3.7742164 -0.76472117 -0.176982 234 88 12
3.7761166 -0.76663987 -0.17534001 234 88 12
3.7817857 -0.77235707 -0.17057903 234 88 12
3.7854416 -0.77619658 -0.16737155 234 88 12
3.7872235 -0.77808584 -0.1656445 234 88 12
3.7890324 -0.77996746 -0.16387559 234 88 12
3.7964166 -0.78748021 -0.15684283 234 88 12
3.8017364 -0.79298009 -0.15147326 234 88 12
3.8035344 -0.79479395 -0.14968374 234 88 12
3.8053947 -0.79663311 -0.14791758 234 88 12
3.8072386 -0.79849489 -0.14620522 234 88 12
3.8089437 -0.80035541 -0.14434722 234 88 12
3.8106214 -0.8021694 -0.14251484 234 88 12
3.8261259 -0.81881155 -0.12592974 234 88 12
3.8748537 -0.88470164 -0.054469538 234 88 12
3.8769332 -0.88876022 -0.048864928 234 88 12
3.8779593 -0.89080806 -0.046021978 234 88 12
3.8821449 -0.89960224 -0.033698615 234 88 12
3.8832638 -0.90197965 -0.030440559 234 88 12
3.8882331 -0.91164452 -0.017134483 234 88 12
3.8927037 -0.9189516 -0.0081668039 234 88 12
3.8942524 -0.92130575 -0.0054829262 234 88 12
3.9007196 -0.93074054 0.0048440872 234 88 12
3.9023525 -0.93312622 0.0075381571 234 88 12
3.9038909 -0.93546895 0.01028443 234 88 12
3.573374 -0.51269169 -0.44389106 234 88 12
3.5768949 -0.51715588 -0.43906981 234 88 12
3.5806067 -0.52156939 -0.43438621 234 88 12
3.5844669 -0.5259631 -0.42982173 234 88 12
3.5906419 -0.53250923 -0.4234484 234 88 12
3.5926973 -0.53465412 -0.42133306 234 88 12
3.5948893 -0.53678005 -0.41939774 234 88 12
3.5993961 -0.5410329 -0.41564692 234 88 12
3.6016979 -0.54319535 -0.41384405 234 88 12
3.6040663 -0.54536725 -0.41204707 234 88 12
3.6087304 -0.54973363 -0.40844381 234 88 12
3.6110582 -0.55191556 -0.40665214 234 88 12
3.6158154 -0.55625794 -0.40321897 234 88 12
3.620334 -0.56058108 -0.39959945 234 88 12
3.6225892 -0.56274047 -0.39778401 234 88 12
3.6628894 -0.61147588 -0.34591337 234 88 12
3.6642558 -0.61346373 -0.34369004 234 88 12
3.6655057 -0.61545089 -0.34137562 234 88 12
3.6667602 -0.6174423 -0.33916093 234 88 12
3.6691722 -0.62138104 -0.33466613 234 88 12
3.6742564 -0.62948466 -0.32605677 234 88 12
3.6754587 -0.63150368 -0.32380073 234 88 12
3.6778323 -0.63552866 -0.31939067 234 88 12
3.6828298 -0.64377823 -0.31072139 234 88 12
3.6841833 -0.64584991 -0.30863115 234 88 12
3.6855752 -0.64795534 -0.30660364 234 88 12
3.6869087 -0.65003655 -0.30448676 234 88 12
3.6882383 -0.65212975 -0.30240171 234 88 12
3.6895651 -0.65421007 -0.30025497 234 88 12
3.6909259 -0.656331 -0.29814968 234 88 12
3.6954222 -0.66276276 -0.29193456 234 88 12
3.7011933 -0.67113959 -0.28331112 234 88 12
3.7084492 -0.68153071 -0.27244029 234 88 12
3.7114909 -0.68583385 -0.26798598 234 88 12
3.7157071 -0.69217077 -0.26076653 234 88 12
3.7197063 -0.69851037 -0.253215 234 88 12
3.7281861 -0.71276437 -0.23509869 234 88 12
3.7320313 -0.71876615 -0.22738652 234 88 12
3.7332603 -0.72070396 -0.22490965 234 88 12
3.7358611 -0.72462919 -0.21999268 234 88 12
3.7386772 -0.72863146 -0.21524832 234 88 12
3.7428401 -0.73445574 -0.20841984 234 88 12
3.7442879 -0.73638985 -0.20625362 234 88 12
3.7457716 -0.73833002 -0.20416022 234 88 12
3.7473432 -0.74027088 -0.20214148 234 88 12
3.7490089 -0.74221673 -0.20017478 234 88 12
3.7539534 -0.7479823 -0.19455716 234 88 12
3.7608072 -0.75575352 -0.18741009 234 88 12
3.7625872 -0.75769346 -0.18571117 234 88 12
3.7734911 -0.76904034 -0.17604924 234 88 12
3.7753396 -0.77090609 -0.17446786 234 88 12
3.7844716 -0.78043077 -0.16626961 234 88 12
3.7862724 -0.78229891 -0.16450862 234 88 12
3.788126 -0.78420595 -0.16277501 234 88 12
3.7900762 -0.78613095 -0.16111481 234 88 12
3.7918595 -0.78799079 -0.15931848 234 88 12
3.8146556 -0.8120262 -0.13583369 234 88 12
3.8163542 -0.81386622 -0.13397186 234 88 12
3.8198201 -0.81759946 -0.13028132 234 88 12
3.8233785 -0.82130318 -0.12663598 234 88 12
3.8250231 -0.82305399 -0.12472768 234 88 12
3.8314932 -0.83008973 -0.11716404 234 88 12
3.8362411 -0.8355652 -0.11143365 234 88 12
3.8378562 -0.83745462 -0.10953452 234 88 12
3.8394114 -0.83932222 -0.10766292 234 88 12
3.8422721 -0.84298804 -0.10373253 234 88 12
3.8467626 -0.84869915 -0.098015321 234 88 12
3.8718301 -0.88547108 -0.058055244 234 88 12
3.8738496 -0.88946485 -0.052558938 234 88 12
3.8748443 -0.89145691 -0.049693984 234 88 12
3.8769322 -0.89556875 -0.043944965 234 88 12
3.8791643 -0.9000416 -0.037936507 234 88 12
3.8803513 -0.90239612 -0.034750968 234 88 12
3.8814909 -0.90474208 -0.031494383 234 88 12
3.8826912 -0.90710645 -0.028182029 234 88 12
3.8893119 -0.91918372 -0.012221582 234 88 12
3.8908445 -0.92162032 -0.0093430947 234 88 12
3.892396 -0.92395556 -0.0066522677 234 88 12
3.9006356 -0.9357942 0.0062215246 234 88 12
3.5716037 -0.51515201 -0.44519793 234 88 12
3.5732519 -0.51738386 -0.44266142 234 88 12
3.5768958 -0.52178924 -0.43789208 234 88 12
3.5807244 -0.52626892 -0.43324322 234 88 12
3.586723 -0.53284646 -0.42667551 234 88 12
3.5888238 -0.53503236 -0.42459994 234 88 12
3.5909821 -0.5372108 -0.42252849 234 88 12
3.5930826 -0.53931808 -0.42054118 234 88 12
3.6022875 -0.54798756 -0.41324284 234 88 12
3.6046633 -0.55019552 -0.41146375 234 88 12
3.6139304 -0.55891202 -0.40431567 234 88 12
3.6161774 -0.5610601 -0.40249719 234 88 12
3.618357 -0.56324912 -0.40059944 234 88 12
3.6205206 -0.56538873 -0.39871354 234 88 12
3.655072 -0.60631577 -0.35564448 234 88 12
3.6564453 -0.60830183 -0.35335691 234 88 12
3.6577916 -0.6103101 -0.35109024 234 88 12
3.6590614 -0.61224549 -0.34873819 234 88 12
3.6616994 -0.61618762 -0.34414724 234 88 12
3.6653333 -0.62212038 -0.3373878 234 88 12
3.6678339 -0.62612457 -0.33296153 234 88 12
3.6716993 -0.63219616 -0.32651291 234 88 12
3.6765427 -0.64035951 -0.31774508 234 88 12
3.6778048 -0.64243173 -0.31556405 234 88 12
3.6790627 -0.64450647 -0.31339427 234 88 12
3.6803359 -0.64656988 -0.3112437 234 88 12
3.6816594 -0.64864257 -0.30911486 234 88 12
3.6844111 -0.65284539 -0.30500519 234 88 12
3.6899998 -0.66129224 -0.29664447 234 88 12
3.6930377 -0.66554564 -0.2925544 234 88 12
3.6945109 -0.66765854 -0.29044015 234 88 12
3.6959512 -0.66976632 -0.28831191 234 88 12
3.697462 -0.67189234 -0.28623437 234 88 12
3.7018961 -0.67818777 -0.27974405 234 88 12
3.7034352 -0.68027175 -0.27766866 234 88 12
3.7062598 -0.68439214 -0.27324859 234 88 12
3.7077135 -0.68650571 -0.27099376 234 88 12
3.7161554 -0.69919564 -0.25651814 234 88 12
3.7198545 -0.70542358 -0.24877135 234 88 12
3.7209977 -0.707428 -0.24615545 234 88 12
3.7221643 -0.70943288 -0.24357424 234 88 12
3.7258789 -0.71549442 -0.23588403 234 88 12
3.732208 -0.72534126 -0.2232292 234 88 12
3.7336067 -0.72734467 -0.2208443 234 88 12
3.735037 -0.72933686 -0.2184386 234 88 12
3.7363985 -0.73131236 -0.21607083 234 88 12
3.7390386 -0.73515292 -0.21139294 234 88 12
3.7419462 -0.73901567 -0.20704314 234 88 12
3.7465046 -0.74473533 -0.20085387 234 88 12
3.7481321 -0.74664829 -0.19896994 234 88 12
3.7497241 -0.74855454 -0.19701134 234 88 12
3.7531079 -0.75244157 -0.19341491 234 88 12
3.7548829 -0.75440969 -0.19167387 234 88 12
3.7566112 -0.75630813 -0.18989557 234 88 12
3.7671983 -0.76767771 -0.17993223 234 88 12
3.7708153 -0.77141666 -0.17674133 234 88 12
3.7726491 -0.77328382 -0.17518686 234 88 12
3.7763899 -0.77708631 -0.17202138 234 88 12
3.78736 -0.78852443 -0.1618306 234 88 12
3.7927212 -0.79414321 -0.15642174 234 88 12
3.7945884 -0.79600739 -0.15471485 234 88 12
3.7963979 -0.79785347 -0.15297215 234 88 12
3.798174 -0.79965212 -0.15120248 234 88 12
3.7998731 -0.80145794 -0.14937567 234 88 12
3.8085388 -0.81073121 -0.14023692 234 88 12
3.8205062 -0.82377417 -0.12728939 234 88 12
3.8221034 -0.82550784 -0.12538419 234 88 12
3.8238107 -0.827235 -0.1235511 234 88 12
3.8303201 -0.83443073 -0.11586825 234 88 12
3.8319169 -0.83629217 -0.11397859 234 88 12
3.8334958 -0.83817583 -0.11204375 234 88 12
3.8351112 -0.84008231 -0.1101546 234 88 12
3.8381561 -0.84375913 -0.10634954 234 88 12
3.8411808 -0.84755683 -0.10246243 234 88 12
3.8442084 -0.85133137 -0.098672925 234 88 12
3.8686293 -0.88631513 -0.061451208 234 88 12
3.8697897 -0.88828059 -0.05888979 234 88 12
3.871788 -0.89219479 -0.053371631 234 88 12
3.8738134 -0.89623527 -0.047653301 234 88 12
3.8772755 -0.90279668 -0.038946308 234 88 12
3.8795597 -0.90746427 -0.032469816 234 88 12
3.8819713 -0.912185 -0.025926383 234 88 12
3.8860098 -0.91942715 -0.016427398 234 88 12
3.8890544 -0.92429376 -0.01061795 234 88 12
3.8906064 -0.92662339 -0.0078991896 234 88 12
3.893742 -0.93125475 -0.0027127459 234 88 12
3.8970513 -0.93603429 0.0024610476 234 88 12
3.5808082 -0.5309382 -0.43215107 234 88 12
3.5848152 -0.53531895 -0.42779281 234 88 12
3.5869663 -0.53753729 -0.42572144 234 88 12
3.5891615 -0.53974276 -0.42366879 234 88 12
3.5912825 -0.54186657 -0.42166859 234 88 12
3.593491 -0.54402418 -0.41976999 234 88 12
3.5981016 -0.54836273 -0.41615416 234 88 12
3.6027599 -0.55277476 -0.41252743 234 88 12
3.6050363 -0.55494899 -0.41069405 234 88 12
3.6073363 -0.55715679 -0.40885197 234 88 12
3.6119411 -0.56153152 -0.40530539 234 88 12
3.6538783 -0.61099526 -0.35387671 234 88 12
3.6552147 -0.61300968 -0.35157322 234 88 12
3.6590835 -0.6188964 -0.34464748 234 88 12
3.6603532 -0.62088681 -0.34239758 234 88 12
3.6653496 -0.62888456 -0.33349754 234 88 12
3.6703345 -0.63694431 -0.3248081 234 88 12
3.671523 -0.63897008 -0.32259618 234 88 12
3.6728146 -0.6410707 -0.32041005 234 88 12
3.6766649 -0.64733638 -0.31398097 234 88 12
3.6779095 -0.649395 -0.31178362 234 88 12
3.6792048 -0.65145475 -0.30965772 234 88 12
3.6805325 -0.65355522 -0.30755239 234 88 12
3.6833647 -0.65778898 -0.30350102 234 88 12
3.6861542 -0.66197232 -0.29932679 234 88 12
3.6921171 -0.67047236 -0.29105466 234 88 12
3.6951332 -0.67472027 -0.28685368 234 88 12
3.6981087 -0.67894028 -0.28260777 234 88 12
3.6996022 -0.68103657 -0.28047719 234 88 12
3.704032 -0.68726875 -0.27402095 234 88 12
3.7054902 -0.68937524 -0.27179564 234 88 12
3.7083732 -0.69359704 -0.2671323 234 88 12
3.7096995 -0.69566173 -0.26464246 234 88 12
3.7138328 -0.70193126 -0.25717375 234 88 12
3.7187805 -0.71018772 -0.24697831 234 88 12
3.7211193 -0.71418714 -0.24176248 234 88 12
3.7247092 -0.72014161 -0.23401634 234 88 12
3.725878 -0.72210752 -0.23136123 234 88 12
3.7312222 -0.7299847 -0.22162077 234 88 12
3.7326486 -0.73198416 -0.21922201 234 88 12
3.7339841 -0.73392102 -0.21684622 234 88 12
3.7382029 -0.7397184 -0.21005947 234 88 12
3.7396592 -0.74163721 -0.20792724 234 88 12
3.7410167 -0.74354599 -0.20574174 234 88 12
3.7440032 -0.74731523 -0.20153688 234 88 12
3.7472207 -0.75110891 -0.19766864 234 88 12
3.7489302 -0.75304505 -0.1959466 234 88 12
3.7592148 -0.76449464 -0.18542966 234 88 12
3.7627614 -0.7682531 -0.18219559 234 88 12
3.7645074 -0.77011012 -0.18058288 234 88 12
3.7717939 -0.77757064 -0.17429619 234 88 12
3.7808828 -0.78708077 -0.16592235 234 88 12
3.7917835 -0.79838449 -0.15536293 234 88 12
3.7953632 -0.80208243 -0.15186002 234 88 12
3.7969947 -0.80386714 -0.14999416 234 88 12
3.8022705 -0.80940497 -0.14464037 234 88 12
3.8074057 -0.81504231 -0.13904407 234 88 12
3.8158706 -0.82439184 -0.12975871 234 88 12
3.8175407 -0.82619023 -0.12789478 234 88 12
3.8226538 -0.83158413 -0.12227875 234 88 12
3.8275274 -0.83702401 -0.11647585 234 88 12
3.8307469 -0.84078843 -0.11267436 234 88 12
3.8385034 -0.85017195 -0.1031084 234 88 12
3.8665457 -0.88908348 -0.062230559 234 88 12
3.8686419 -0.89296216 -0.056904694 234 88 12
3.8707083 -0.89693764 -0.051368665 234 88 12
3.8717356 -0.89897179 -0.048485791 234 88 12
3.8765259 -0.90783065 -0.036764964 234 88 12
3.8776778 -0.91017207 -0.033515343 234 88 12
3.8788551 -0.91251699 -0.030243033 234 88 12
3.8801357 -0.9149012 -0.027048567 234 88 12
3.8813884 -0.91727921 -0.02384779 234 88 12
3.8886355 -0.92921252 -0.0091009163 234 88 12
3.8902001 -0.93154263 -0.0064490457 234 88 12
3.8917798 -0.93388685 -0.0038234285 234 88 12
3.8968315 -0.94110638 0.0038606115 234 88 12
3.5695956 -0.52232413 -0.44527345 234 88 12
3.5713825 -0.52453507 -0.44282665 234 88 12
3.5751102 -0.5289945 -0.4380102 234 88 12
3.5769641 -0.53123225 -0.43560013 234 88 12
3.5829893 -0.53783209 -0.42905731 234 88 12
3.5850953 -0.54004721 -0.42692534 234 88 12
3.5873639 -0.54229649 -0.42490997 234 88 12
3.5985095 -0.55312783 -0.41544247 234 88 12
3.6008481 -0.55535754 -0.41365689 234 88 12
3.6053952 -0.55976986 -0.40988622 234 88 12
3.6098993 -0.56418359 -0.40627119 234 88 12
3.6121301 -0.56638328 -0.40447891 234 88 12
3.618463 -0.57287434 -0.39857659 234 88 12
3.6552037 -0.61966493 -0.34736451 234 88 12
3.6577594 -0.62363366 -0.34286215 234 88 12
3.6589669 -0.62561278 -0.34057891 234 88 12
3.6627534 -0.6316288 -0.33395518 234 88 12
3.6652542 -0.6356537 -0.32954554 234 88 12
3.6690522 -0.6417807 -0.32317112 234 88 12
3.6703112 -0.64387289 -0.3209297 234 88 12
3.6766644 -0.65428177 -0.31017072 234 88 12
3.677985 -0.65635267 -0.30805617 234 88 12
3.679384 -0.65846475 -0.30602697 234 88 12
3.6808418 -0.66057477 -0.30398929 234 88 12
3.6822886 -0.66269354 -0.3019856 234 88 12
3.6851578 -0.6668918 -0.29783386 234 88 12
3.6912006 -0.67541235 -0.28958719 234 88 12
3.6927203 -0.67751872 -0.28751162 234 88 12
3.6942072 -0.67962668 -0.28537045 234 88 12
3.7016717 -0.69009134 -0.2747397 234 88 12
3.7031538 -0.69219032 -0.27250395 234 88 12
3.704624 -0.6942953 -0.27026074 234 88 12
3.7164679 -0.71292623 -0.24768897 234 88 12
3.7187916 -0.71690197 -0.24254452 234 88 12
3.7200808 -0.71892218 -0.24002797 234 88 12
3.7223933 -0.72284256 -0.23484553 234 88 12
3.7235466 -0.72480299 -0.23220222 234 88 12
3.72595 -0.72867718 -0.22705459 234 88 12
3.7273058 -0.73064567 -0.22464696 234 88 12
3.7302564 -0.73464525 -0.21999729 234 88 12
3.7329264 -0.73847571 -0.21526828 234 88 12
3.7343532 -0.74039508 -0.21305282 234 88 12
3.7358338 -0.74232979 -0.21087996 234 88 12
3.737302 -0.74425728 -0.20871741 234 88 12
3.7464003 -0.75554992 -0.19665723 234 88 12
3.748073 -0.757465 -0.19487128 234 88 12
3.7497868 -0.75937817 -0.19307993 234 88 12
3.7565906 -0.76694297 -0.18611929 234 88 12
3.7600416 -0.77065633 -0.18282883 234 88 12
3.7617533 -0.77249566 -0.18120879 234 88 12
3.7635466 -0.77434995 -0.17966887 234 88 12
3.7672039 -0.77810293 -0.1765611 234 88 12
3.768979 -0.77993555 -0.17492346 234 88 12
3.7708281 -0.78182069 -0.1733087 234 88 12
3.7745669 -0.78568457 -0.17003451 234 88 12
3.7799743 -0.7914033 -0.16489504 234 88 12
3.7906927 -0.80262533 -0.15422006 234 88 12
3.7975876 -0.80997517 -0.14697734 234 88 12
3.8028912 -0.81563939 -0.14161384 234 88 12
3.8045924 -0.81753861 -0.13976594 234 88 12
3.8131021 -0.82688288 -0.13045563 234 88 12
3.8147165 -0.82867123 -0.12853117 234 88 12
3.8163511 -0.8304715 -0.12661937 234 88 12
3.8213758 -0.83596154 -0.12087123 234 88 12
3.8230022 -0.83776704 -0.11895132 234 88 12
3.8262748 -0.84148705 -0.11513577 234 88 12
3.8279071 -0.84337007 -0.11322628 234 88 12
3.8311574 -0.84714648 -0.10954326 234 88 12
3.8327785 -0.8490354 -0.10765159 234 88 12
3.8343905 -0.85095832 -0.10575431 234 88 12
3.8643967 -0.89187617 -0.063006171 234 88 12
3.8665426 -0.89573768 -0.05772035 234 88 12
3.8675754 -0.89770872 -0.054973304 234 88 12
3.8686847 -0.89971795 -0.052211353 234 88 12
3.8697269 -0.90174998 -0.049375273 234 88 12
3.8720241 -0.90599259 -0.043683906 234 88 12
3.8782102 -0.91757757 -0.028182638 234 88 12
3.8795172 -0.91997839 -0.025006922 234 88 12
3.880931 -0.92234415 -0.021965474 234 88 12
3.8838562 -0.92712749 -0.01606649 234 88 12
3.8882288 -0.93422444 -0.0076388424 234 88 12
3.5676919 -0.52481994 -0.44650875 234 88 12
3.5750937 -0.53375199 -0.43685877 234 88 12
3.5789226 -0.53810325 -0.43234513 234 88 12
3.5810696 -0.54029119 -0.43026138 234 88 12
3.5832072 -0.54254293 -0.42812927 234 88 12
3.5919514 -0.5512766 -0.42011303 234 88 12
3.5942298 -0.55347164 -0.41826472 234 88 12
3.5965751 -0.55570039 -0.41652149 234 88 12
3.5988687 -0.55791991 -0.41470509 234 88 12
3.6011456 -0.56017462 -0.41282148 234 88 12
3.6034336 -0.56239219 -0.41097126 234 88 12
3.6078828 -0.56683625 -0.40729845 234 88 12
3.6163639 -0.57553013 -0.39952947 234 88 12
3.6486444 -0.61644056 -0.3547808 234 88 12
3.649972 -0.6184473 -0.35239552 234 88 12
3.65263 -0.62247464 -0.34785888 234 88 12
3.6614575 -0.63642834 -0.33219344 234 88 12
3.6639877 -0.64048845 -0.32790412 234 88 12
3.6689944 -0.64874445 -0.31916681 234 88 12
3.6702899 -0.65083328 -0.3169801 234 88 12
3.6728382 -0.65499508 -0.31276414 234 88 12
3.6753825 -0.65911989 -0.30851421 234 88 12
3.6798188 -0.66551008 -0.30251256 234 88 12
3.6827697 -0.66973039 -0.29848157 234 88 12
3.6842536 -0.67185194 -0.29643857 234 88 12
3.6857823 -0.67402398 -0.29438968 234 88 12
3.6872795 -0.67613165 -0.29230773 234 88 12
3.6976929 -0.69076385 -0.27753891 234 88 12
3.6992401 -0.69290133 -0.27540994 234 88 12
3.7007557 -0.69501013 -0.27320339 234 88 12
3.7063481 -0.70334065 -0.26351472 234 88 12
3.7118135 -0.71165976 -0.25361095 234 88 12
3.7130036 -0.7136978 -0.25100748 234 88 12
3.7152392 -0.71764992 -0.2458348 234 88 12
3.7176944 -0.72166542 -0.24081074 234 88 12
3.7223654 -0.7294628 -0.23047905 234 88 12
3.7235783 -0.73139046 -0.22794526 234 88 12
3.7263128 -0.73530475 -0.22312936 234 88 12
3.7320015 -0.7430629 -0.21387577 234 88 12
3.7361832 -0.7487057 -0.20725955 234 88 12
3.7375771 -0.7505571 -0.20515842 234 88 12
3.7390498 -0.75242143 -0.20309038 234 88 12
3.7406866 -0.75430056 -0.20116003 234 88 12
3.7423423 -0.75621162 -0.19927476 234 88 12
3.7440206 -0.758136 -0.19748082 234 88 12
3.747294 -0.76190887 -0.19383056 234 88 12
3.7538819 -0.76934895 -0.18676137 234 88 12
3.7572971 -0.77303056 -0.18351273 234 88 12
3.7589912 -0.77486773 -0.18187759 234 88 12
3.7607717 -0.77672256 -0.18035204 234 88 12
3.7625611 -0.77858617 -0.17876028 234 88 12
3.7662205 -0.78233377 -0.17557453 234 88 12
3.7680232 -0.7842141 -0.17390625 234 88 12
3.7698411 -0.78613382 -0.17222314 234 88 12
3.7716822 -0.7880394 -0.17058983 234 88 12
3.7808112 -0.79763764 -0.16207605 234 88 12
3.7825322 -0.79948274 -0.16021554 234 88 12
3.7842743 -0.80131182 -0.1584383 234 88 12
3.7894924 -0.80688182 -0.15303362 234 88 12
3.7964808 -0.81435017 -0.14590029 234 88 12
3.7982216 -0.81622478 -0.14406653 234 88 12
3.8084767 -0.82744091 -0.13294742 234 88 12
3.8118402 -0.83114839 -0.12919415 234 88 12
3.81511 -0.8348332 -0.12530071 234 88 12
3.8184437 -0.83852223 -0.12145927 234 88 12
3.8201616 -0.84034596 -0.11959009 234 88 12
3.8234267 -0.84408595 -0.11571429 234 88 12
3.8284359 -0.8497506 -0.11013644 234 88 12
3.8364269 -0.85931358 -0.10069351 234 88 12
3.8632044 -0.89654702 -0.061058897 234 88 12
3.8654876 -0.90048748 -0.055794062 234 88 12
3.8687781 -0.90657462 -0.047435371 234 88 12
3.8711835 -0.91093223 -0.041655593 234 88 12
3.872469 -0.91320968 -0.038648956 234 88 12
3.8761908 -0.9202233 -0.029301107 234 88 12
3.8789155 -0.92498682 -0.023195413 234 88 12
3.8848104 -0.9345205 -0.011667606 234 88 12
3.8863622 -0.93689552 -0.0089297781 234 88 12
3.8912242 -0.94403795 -0.0011051011 234 88 12
3.8928601 -0.94643029 0.001504195 234 88 12
3.8945526 -0.94882218 0.0041068738 234 88 12
3.5640385 -0.52506137 -0.45030735 234 88 12
3.5674599 -0.52956542 -0.44523302 234 88 12
3.5692469 -0.5317806 -0.44273431 234 88 12
3.5730506 -0.53622338 -0.43800642 234 88 12
3.5834533 -0.54729051 -0.42725395 234 88 12
3.5877674 -0.55165968 -0.42321816 234 88 12
3.5900218 -0.55383956 -0.42128136 234 88 12
3.5946472 -0.55826719 -0.41761337 234 88 12
3.5991254 -0.5627529 -0.41386576 234 88 12
3.6036413 -0.5672774 -0.4101609 234 88 12
3.6058274 -0.56946599 -0.40828241 234 88 12
3.6079715 -0.57167944 -0.40634647 234 88 12
3.6121969 -0.57604382 -0.40245904 234 88 12
3.6420307 -0.61323175 -0.36236745 234 88 12
3.6448038 -0.61719944 -0.35773648 234 88 12
3.646032 -0.61917562 -0.35524259 234 88 12
3.6500087 -0.62522868 -0.34827121 234 88 12
3.6536874 -0.63116075 -0.34138416 234 88 12
3.6601322 -0.64125172 -0.33047601 234 88 12
3.6626502 -0.64533864 -0.32618344 234 88 12
3.6651848 -0.64947384 -0.32176653 234 88 12
3.6676226 -0.65357249 -0.31734826 234 88 12
3.6689 -0.65565848 -0.31529683 234 88 12
3.6702097 -0.65775922 -0.31317268 234 88 12
3.6743143 -0.66406863 -0.30702502 234 88 12
3.6847994 -0.67895811 -0.29288793 234 88 12
3.6907678 -0.68736936 -0.28451952 234 88 12
3.6922463 -0.68942953 -0.28238741 234 88 12
3.6952047 -0.69356237 -0.27815254 234 88 12
3.6967197 -0.6956763 -0.2760039 234 88 12
3.6997608 -0.69988251 -0.27152182 234 88 12
3.702531 -0.70403775 -0.26664546 234 88 12
3.7039136 -0.70615196 -0.26417949 234 88 12
3.70674 -0.71034076 -0.25928877 234 88 12
3.7080412 -0.71236214 -0.25676585 234 88 12
3.7152739 -0.72440581 -0.24158871 234 88 12
3.7164149 -0.72638171 -0.23901974 234 88 12
3.7175925 -0.72833871 -0.23639181 234 88 12
3.7188196 -0.73028839 -0.23388206 234 88 12
3.7211752 -0.73410091 -0.22874577 234 88 12
3.7224045 -0.73605211 -0.22626674 234 88 12
3.723832 -0.73801608 -0.2239291 234 88 12
3.7252998 -0.74000848 -0.22160434 234 88 12
3.726762 -0.74192693 -0.2192902 234 88 12
3.729575 -0.7457634 -0.21468688 234 88 12
3.7309832 -0.74764048 -0.21242585 234 88 12
3.7336845 -0.75127793 -0.20800958 234 88 12
3.7366045 -0.75499208 -0.20389094 234 88 12
3.7430579 -0.7625548 -0.1963013 234 88 12
3.74467 -0.76440814 -0.19448091 234 88 12
3.7495059 -0.76995633 -0.18903208 234 88 12
3.7562808 -0.77727367 -0.18257428 234 88 12
3.7599085 -0.7810376 -0.17946723 234 88 12
3.7670894 -0.78855166 -0.17294775 234 88 12
3.7689311 -0.79044901 -0.17134959 234 88 12
3.7725695 -0.79426111 -0.16798374 234 88 12
3.7900484 -0.81307324 -0.15007629 234 88 12
3.7934993 -0.81685433 -0.14646457 234 88 12
3.7969619 -0.82060049 -0.14279559 234 88 12
3.8003796 -0.82433063 -0.13911323 234 88 12
3.8037842 -0.82806778 -0.13539547 234 88 12
3.8055009 -0.82992557 -0.13351436 234 88 12
3.8089758 -0.83367281 -0.12984044 234 88 12
3.8106308 -0.83553591 -0.12790761 234 88 12
3.8172376 -0.84290553 -0.12014868 234 88 12
3.8256757 -0.85241012 -0.1106898 234 88 12
3.8352117 -0.86394964 -0.099274133 234 88 12
3.8597736 -0.8973355 -0.064334272 234 88 12
3.86219 -0.90127595 -0.059174419 234 88 12
3.8666933 -0.90931921 -0.048251801 234 88 12
3.8678821 -0.91146237 -0.045421935 234 88 12
3.8715815 -0.91817427 -0.036490328 234 88 12
3.8742833 -0.92287441 -0.030495949 234 88 12
3.8784354 -0.93002434 -0.021482521 234 88 12
3.8844539 -0.93957258 -0.010207423 234 88 12
3.8860614 -0.94194369 -0.0075809537 234 88 12
3.8876656 -0.94434042 -0.0049764574 234 88 12
3.889301 -0.94675122 -0.002371246 234 88 12
3.8909074 -0.94914817 0.00026648072 234 88 12
3.8926632 -0.9515872 0.0028532262 234 88 12
3.569243 -0.5365734 -0.44167726 234 88 12
3.5710918 -0.538769 -0.43923167 234 88 12
3.5730014 -0.54094068 -0.43698581 234 88 12
3.5770806 -0.54528787 -0.43262967 234 88 12
3.5814342 -0.54982782 -0.42843179 234 88 12
3.5858411 -0.5542228 -0.42445405 234 88 12
3.5880741 -0.55643049 -0.4224727 234 88 12
3.5903762 -0.55864436 -0.42059194 234 88 12
3.5926548 -0.56087419 -0.41868464 234 88 12
3.5948929 -0.56310667 -0.41679881 234 88 12
3.597126 -0.56537098 -0.41490905 234 88 12
3.6079866 -0.57653198 -0.40532427 234 88 12
3.6120083 -0.58083204 -0.40130325 234 88 12
3.6394617 -0.61597829 -0.36284213 234 88 12
3.6448684 -0.62400755 -0.35340163 234 88 12
3.648539 -0.62995747 -0.34633313 234 88 12
3.653726 -0.63802087 -0.33750508 234 88 12
3.6575811 -0.64410283 -0.33097949 234 88 12
3.6600589 -0.64812698 -0.32666426 234 88 12
3.6613401 -0.65018072 -0.32449428 234 88 12
3.6625882 -0.65225947 -0.32223629 234 88 12
3.6650657 -0.65639498 -0.31785842 234 88 12
3.6663946 -0.65849225 -0.31581702 234 88 12
3.6690186 -0.66266976 -0.31158736 234 88 12
3.6717269 -0.6668775 -0.30749609 234 88 12
3.6731181 -0.66896518 -0.30539331 234 88 12
3.6746024 -0.67112886 -0.3034021 234 88 12
3.6792083 -0.67751151 -0.29750848 234 88 12
3.680689 -0.67962144 -0.29543151 234 88 12
3.6821949 -0.68172135 -0.29341092 234 88 12
3.6883588 -0.69020245 -0.28520378 234 88 12
3.6973298 -0.70271713 -0.27216134 234 88 12
3.6987543 -0.7047918 -0.26979335 234 88 12
3.7000818 -0.70684805 -0.26728974 234 88 12
3.7042107 -0.71310011 -0.25990887 234 88 12
3.705535 -0.71515223 -0.25741041 234 88 12
3.7069216 -0.71721395 -0.25497096 234 88 12
3.7093415 -0.72121007 -0.24997075 234 88 12
3.7104939 -0.7231928 -0.24747432 234 88 12
3.7116603 -0.72514509 -0.24500972 234 88 12
3.7140167 -0.7291287 -0.23980044 234 88 12
3.7152355 -0.73110965 -0.23716625 234 88 12
3.7164304 -0.73303205 -0.23470572 234 88 12
3.7187498 -0.73680806 -0.22960457 234 88 12
3.7199808 -0.73875834 -0.22711958 234 88 12
3.7243012 -0.74462182 -0.22014076 234 88 12
3.7284114 -0.75027753 -0.21313339 234 88 12
3.7325003 -0.75570255 -0.20654498 234 88 12
3.7405088 -0.76512739 -0.196956 234 88 12
3.7421755 -0.7669813 -0.19520888 234 88 12
3.7572178 -0.78348052 -0.18014195 234 88 12
3.7608544 -0.78721262 -0.17695064 234 88 12
3.7660541 -0.7928103 -0.17196434 234 88 12
3.7733017 -0.80052687 -0.16519937 234 88 12
3.7767148 -0.80428811 -0.16155816 234 88 12
3.7783939 -0.80615496 -0.15970877 234 88 12
3.7801029 -0.80803279 -0.15786202 234 88 12
3.7836228 -0.81178871 -0.15428775 234 88 12
3.7871106 -0.81555106 -0.15071567 234 88 12
3.7889028 -0.81749219 -0.14893718 234 88 12
3.7905654 -0.81936428 -0.14708131 234 88 12
3.7938985 -0.82308343 -0.14332336 234 88 12
3.7972992 -0.82678216 -0.13964458 234 88 12
3.8075281 -0.83802372 -0.12840087 234 88 12
3.8108944 -0.84175762 -0.12456816 234 88 12
3.8211153 -0.85308837 -0.11303764 234 88 12
3.8277408 -0.86084002 -0.10555437 234 88 12
3.8324495 -0.8666705 -0.099818815 234 88 12
3.8586597 -0.902029 -0.062477553 234 88 12
3.8622589 -0.90802369 -0.054635617 234 88 12
3.8634004 -0.91003099 -0.051883095 234 88 12
3.8657493 -0.91418945 -0.046286643 234 88 12
3.8749937 -0.9302827 -0.02566984 234 88 12
3.8810769 -0.93992601 -0.014228425 234 88 12
3.8842183 -0.94466569 -0.0089124036 234 88 12
3.8874145 -0.94950235 -0.0036517044 234 88 12
3.8890951 -0.95192832 -0.0010500857 234 88 12
3.8908401 -0.95435598 0.001520416 234 88 12
3.5601274 -0.5302162 -0.45288193 234 88 12
3.5634796 -0.53465028 -0.44774707 234 88 12
3.5653231 -0.53687138 -0.445296 234 88 12
3.5672195 -0.53911351 -0.44296599 234 88 12
3.5690845 -0.5413025 -0.44048976 234 88 12
3.5730031 -0.54563618 -0.435958 234 88 12
3.5861411 -0.55904013 -0.42369711 234 88 12
3.588421 -0.56127978 -0.42179959 234 88 12
3.5928174 -0.56572968 -0.41785853 234 88 12
3.597355 -0.57027506 -0.41408058 234 88 12
3.5995751 -0.57254245 -0.4121955 234 88 12
3.6016353 -0.57475568 -0.41013702 234 88 12
3.6037322 -0.57696736 -0.40814669 234 88 12
3.6078261 -0.5813404 -0.40413631 234 88 12
3.6409601 -0.62475156 -0.35623524 234 88 12
3.6485776 -0.63686138 -0.34230165 234 88 12
3.6498337 -0.6388477 -0.34010236 234 88 12
3.653673 -0.6449004 -0.33354944 234 88 12
3.6549102 -0.64691545 -0.33136275 234 88 12
3.658797 -0.65305097 -0.32497493 234 88 12
3.6611917 -0.65712494 -0.32049846 234 88 12
3.663713 -0.66126682 -0.31622535 234 88 12
3.6650456 -0.66336058 -0.3140631 234 88 12
3.678138 -0.68241944 -0.29592033 234 88 12
3.6796816 -0.68453392 -0.29395134 234 88 12
3.6811608 -0.68662629 -0.29189975 234 88 12
3.6827169 -0.6887391 -0.28989347 234 88 12
3.685895 -0.69298418 -0.28582354 234 88 12
3.6874108 -0.69506315 -0.28373379 234 88 12
3.6903052 -0.69918549 -0.27944328 234 88 12
3.6962998 -0.7076355 -0.27045362 234 88 12
3.697678 -0.70969243 -0.26800124 234 88 12
3.7017602 -0.71589284 -0.26057378 234 88 12
3.7030941 -0.71793934 -0.25812213 234 88 12
3.7104387 -0.72987587 -0.24320284 234 88 12
3.712795 -0.73379352 -0.23797102 234 88 12
3.7152077 -0.73762598 -0.23293047 234 88 12
3.717597 -0.74142531 -0.22789595 234 88 12
3.7189534 -0.74339167 -0.22556805 234 88 12
3.7217653 -0.74725476 -0.22083716 234 88 12
3.7300324 -0.75827752 -0.20732084 234 88 12
3.7363417 -0.76576464 -0.19950027 234 88 12
3.7379925 -0.76764741 -0.19769862 234 88 12
3.7411356 -0.77129328 -0.19404811 234 88 12
3.742711 -0.77310285 -0.19222633 234 88 12
3.7475769 -0.7785475 -0.18718841 234 88 12
3.7492807 -0.78037629 -0.18561831 234 88 12
3.7509538 -0.78219008 -0.18396347 234 88 12
3.7582087 -0.78965389 -0.17771376 234 88 12
3.7722118 -0.8048793 -0.16409745 234 88 12
3.7739221 -0.80677272 -0.16231208 234 88 12
3.7755187 -0.80861529 -0.16037785 234 88 12
3.7859158 -0.81998157 -0.14947984 234 88 12
3.7876117 -0.82188656 -0.14764854 234 88 12
3.7909953 -0.82561277 -0.14395821 234 88 12
3.7976699 -0.83301132 -0.13638653 234 88 12
3.8028561 -0.83869301 -0.13084795 234 88 12
3.8147037 -0.8518453 -0.11726094 234 88 12
3.8164257 -0.85375078 -0.11536049 234 88 12
3.8216221 -0.85956241 -0.10981608 234 88 12
3.826486 -0.86543353 -0.10410009 234 88 12
3.8551131 -0.90270162 -0.065729961 234 88 12
3.8587884 -0.90871762 -0.057996702 234 88 12
3.8624431 -0.91479921 -0.049963398 234 88 12
3.863684 -0.91688675 -0.047187987 234 88 12
3.8662566 -0.92130974 -0.041511037 234 88 12
3.8807054 -0.94499966 -0.012808645 234 88 12
3.8823176 -0.94735582 -0.010201249 234 88 12
3.8839647 -0.9497944 -0.0076222784 234 88 12
3.8855618 -0.95223059 -0.004935105 234 88 12
3.8872825 -0.95471591 -0.0023793579 234 88 12
3.5581447 -0.5328036 -0.4542402 234 88 12
3.5597745 -0.53501382 -0.45160904 234 88 12
3.5614926 -0.53721543 -0.44907738 234 88 12
3.5690934 -0.54604223 -0.43956974 234 88 12
3.5732166 -0.55044349 -0.43517935 234 88 12
3.5775732 -0.5549602 -0.43095528 234 88 12
3.5820174 -0.55944279 -0.4269529 234 88 12
3.5841862 -0.56167891 -0.42491667 234 88 12
3.5864172 -0.56391388 -0.42296981 234 88 12
3.5908193 -0.56840033 -0.41897881 234 88 12
3.5952539 -0.57292186 -0.41508332 234 88 12
3.5975007 -0.57518857 -0.41321528 234 88 12
3.6036484 -0.58184374 -0.40709102 234 88 12
3.6112537 -0.59032191 -0.39862595 234 88 12
3.6147613 -0.59459231 -0.39413205 234 88 12
3.6164141 -0.5967067 -0.39184692 234 88 12
3.6227444 -0.60499317 -0.38272139 234 88 12
3.6242859 -0.60710058 -0.38042365 234 88 12
3.6272555 -0.61135916 -0.37565218 234 88 12
3.6301482 -0.61552917 -0.37081166 234 88 12
3.633061 -0.61959949 -0.36610309 234 88 12
3.6357294 -0.62357733 -0.36129557 234 88 12
3.6396723 -0.62959657 -0.3541925 234 88 12
3.6420705 -0.63356807 -0.34938031 234 88 12
3.6458581 -0.63967197 -0.3426286 234 88 12
3.6471518 -0.64167925 -0.34044395 234 88 12
3.6484971 -0.64372163 -0.3383024 234 88 12
3.6584975 -0.6599288 -0.32091616 234 88 12
3.6624109 -0.66620071 -0.31447605 234 88 12
3.6708882 -0.6788964 -0.30231752 234 88 12
3.6755705 -0.68519111 -0.29646652 234 88 12
3.677141 -0.68731776 -0.29449189 234 88 12
3.6800999 -0.69150615 -0.29039024 234 88 12
3.681679 -0.69362094 -0.28835762 234 88 12
3.6907533 -0.70618418 -0.27573211 234 88 12
3.6922727 -0.70829572 -0.27346092 234 88 12
3.6937727 -0.710422 -0.27111245 234 88 12
3.6979051 -0.71658471 -0.26375254 234 88 12
3.7005639 -0.72067913 -0.25885118 234 88 12
3.7019224 -0.72273007 -0.2564539 234 88 12
3.7045642 -0.72673841 -0.25163299 234 88 12
3.7092418 -0.73453491 -0.24140155 234 88 12
3.7127184 -0.74025995 -0.23368409 234 88 12
3.713894 -0.74214963 -0.23114824 234 88 12
3.7164877 -0.74602054 -0.22629849 234 88 12
3.720569 -0.75170868 -0.21914716 234 88 12
3.7245554 -0.75714361 -0.21225833 234 88 12
3.7274688 -0.76079949 -0.20800746 234 88 12
3.729013 -0.76266244 -0.20599069 234 88 12
3.7305789 -0.76451215 -0.20403592 234 88 12
3.7338171 -0.76827114 -0.20023315 234 88 12
3.7354159 -0.77015358 -0.19839309 234 88 12
3.7385611 -0.77383433 -0.19472444 234 88 12
3.7417164 -0.77747106 -0.19118866 234 88 12
3.7449596 -0.78104712 -0.18791499 234 88 12
3.748321 -0.78463461 -0.18466996 234 88 12
3.7519196 -0.78832273 -0.1815853 234 88 12
3.7536987 -0.79018737 -0.17996185 234 88 12
3.7658297 -0.80344396 -0.16817753 234 88 12
3.779532 -0.81861631 -0.1537391 234 88 12
3.7846869 -0.82436804 -0.14818786 234 88 12
3.7863334 -0.8262168 -0.14631696 234 88 12
3.7880082 -0.82809299 -0.14448549 234 88 12
3.7896984 -0.82995477 -0.14262132 234 88 12
3.7947358 -0.83552208 -0.1369555 234 88 12
3.7965173 -0.83742932 -0.13512175 234 88 12
3.8015887 -0.84304609 -0.129426 234 88 12
3.8066762 -0.84873704 -0.12358516 234 88 12
3.8100794 -0.85253256 -0.11972957 234 88 12
3.8118156 -0.85444169 -0.11780269 234 88 12
3.8135329 -0.85635478 -0.11588187 234 88 12
3.8152819 -0.8582725 -0.1139901 234 88 12
3.8170238 -0.86021597 -0.11214582 234 88 12
3.822062 -0.86609297 -0.10642522 234 88 12
3.8252519 -0.87004341 -0.10261318 234 88 12
3.8268567 -0.87201578 -0.10070115 234 88 12
3.8334139 -0.87987379 -0.093220897 234 88 12
3.8366522 -0.88374982 -0.089433263 234 88 12
3.8397553 -0.88759562 -0.085523073 234 88 12
3.8458763 -0.8954354 -0.07745846 234 88 12
3.8499987 -0.90137741 -0.070964764 234 88 12
3.8527576 -0.90538773 -0.066372334 234 88 12
3.8540056 -0.90735625 -0.06385084 234 88 12
3.855257 -0.90936363 -0.061315639 234 88 12
3.8578741 -0.91347072 -0.05619573 234 88 12
3.8591361 -0.91549271 -0.053541668 234 88 12
3.8615965 -0.91961389 -0.048077271 234 88 12
3.8629236 -0.92176551 -0.045334884 234 88 12
3.8642762 -0.92401089 -0.042556058 234 88 12
3.8656488 -0.92631415 -0.039764719 234 88 12
3.8697026 -0.93323165 -0.031072108 234 88 12
3.874159 -0.94048932 -0.022393723 234 88 12
3.8788676 -0.94775069 -0.014158669 234 88 12
3.8804481 -0.95007979 -0.011475785 234 88 12
3.8854778 -0.95744164 -0.0037488498 234 88 12
3.8871725 -0.95987118 -0.0011810455 234 88 12
3.5578768 -0.537603 -0.45306837 234 88 12
3.5596113 -0.53981192 -0.4505044 234 88 12
3.561473 -0.54201229 -0.44806872 234 88 12
3.5633487 -0.54422817 -0.44565195 234 88 12
3.5671972 -0.54861852 -0.44097959 234 88 12
3.5691959 -0.55080948 -0.43868092 234 88 12
3.5734854 -0.55532126 -0.43440128 234 88 12
3.5756749 -0.55756744 -0.43233301 234 88 12
3.5800372 -0.56205552 -0.42822385 234 88 12
3.5844428 -0.56654687 -0.42422009 234 88 12
3.5953907 -0.57785463 -0.41429104 234 88 12
3.6014867 -0.5845191 -0.40806302 234 88 12
3.6034756 -0.58664389 -0.40598556 234 88 12
3.614022 -0.59934777 -0.39254746 234 88 12
3.6156292 -0.60145233 -0.39024854 234 88 12
3.6188005 -0.60564244 -0.38562282 234 88 12
3.6245136 -0.61403379 -0.375886 234 88 12
3.6259968 -0.61614056 -0.3735188 234 88 12
3.6290621 -0.62036058 -0.36887095 234 88 12
3.6369627 -0.63240095 -0.35446615 234 88 12
3.6394887 -0.63640762 -0.34974508 234 88 12
3.6495753 -0.65259605 -0.33203856 234 88 12
3.6508907 -0.65463935 -0.32991506 234 88 12
3.6532955 -0.65865595 -0.325544 234 88 12
3.6570894 -0.66485467 -0.31910435 234 88 12
3.6583909 -0.6669183 -0.31699005 234 88 12
3.6609593 -0.67106096 -0.31266474 234 88 12
3.662307 -0.67317229 -0.31060251 234 88 12
3.66378 -0.6753201 -0.30864353 234 88 12
3.666737 -0.679569 -0.30469002 234 88 12
3.6681649 -0.68166989 -0.302658 234 88 12
3.6729396 -0.687952 -0.29691 234 88 12
3.679026 -0.69637186 -0.28886578 234 88 12
3.6805929 -0.69847801 -0.28687773 234 88 12
3.6821314 -0.70058229 -0.28486286 234 88 12
3.6836351 -0.7026763 -0.28277995 234 88 12
3.6866188 -0.70686046 -0.27852745 234 88 12
3.6881495 -0.70895593 -0.27636662 234 88 12
3.6912086 -0.71318241 -0.27178108 234 88 12
3.7007418 -0.72743049 -0.25486621 234 88 12
3.7020286 -0.72940895 -0.25242295 234 88 12
3.7044647 -0.73335681 -0.24738001 234 88 12
3.7090712 -0.74102774 -0.23689731 234 88 12
3.7103088 -0.74291529 -0.23443755 234 88 12
3.7128235 -0.74672951 -0.22947337 234 88 12
3.7153848 -0.75050545 -0.22463453 234 88 12
3.7166565 -0.75234649 -0.2222115 234 88 12
3.7193321 -0.75603545 -0.2175012 234 88 12
3.723525 -0.7615069 -0.21087276 234 88 12
3.7313066 -0.77076941 -0.20099162 234 88 12
3.7328371 -0.77262381 -0.19910198 234 88 12
3.7344162 -0.77447719 -0.19729637 234 88 12
3.7375839 -0.77814081 -0.19369522 234 88 12
3.7391313 -0.77995767 -0.19193327 234 88 12
3.7562614 -0.79826337 -0.17578858 234 88 12
3.7579017 -0.80012359 -0.17400948 234 88 12
3.7596007 -0.80204419 -0.17229128 234 88 12
3.7612459 -0.80395036 -0.17051769 234 88 12
3.7630277 -0.80589935 -0.16879913 234 88 12
3.7665889 -0.80977217 -0.16542691 234 88 12
3.7732769 -0.81733567 -0.15809074 234 88 12
3.7749907 -0.81923178 -0.15626596 234 88 12
3.7766844 -0.82111789 -0.15440982 234 88 12
3.7851329 -0.83060802 -0.14507371 234 88 12
3.7952766 -0.84181232 -0.13375846 234 88 12
3.7987207 -0.84559289 -0.12995829 234 88 12
3.8037616 -0.8512991 -0.12409009 234 88 12
3.8072021 -0.85514384 -0.12023639 234 88 12
3.8122968 -0.8608357 -0.11446417 234 88 12
3.8157519 -0.86471534 -0.11065942 234 88 12
3.8190924 -0.86864544 -0.10683683 234 88 12
3.8223955 -0.8726398 -0.10305795 234 88 12
3.8240279 -0.87461612 -0.10114381 234 88 12
3.8289854 -0.88053264 -0.095451046 234 88 12
3.8339172 -0.88635536 -0.089852227 234 88 12
3.8355506 -0.88831752 -0.087966483 234 88 12
3.8387045 -0.89215751 -0.084014643 234 88 12
3.8402303 -0.89409591 -0.081969031 234 88 12
3.8433804 -0.89809776 -0.077939706 234 88 12
3.8448099 -0.90007881 -0.075833364 234 88 12
3.8476404 -0.90404797 -0.0715627 234 88 12
3.8518499 -0.91001689 -0.064598499 234 88 12
3.8531393 -0.91204016 -0.062092408 234 88 12
3.8557623 -0.91617967 -0.057002499 234 88 12
3.8582234 -0.92024243 -0.051691347 234 88 12
3.8622863 -0.92672782 -0.043619436 234 88 12
3.8637141 -0.92900485 -0.040860403 234 88 12
3.8663884 -0.93357818 -0.035137285 234 88 12
3.8707369 -0.9407098 -0.026556291 234 88 12
3.8738043 -0.94564047 -0.020878372 234 88 12
3.8801785 -0.95522281 -0.010168583 234 88 12
3.8817925 -0.9576487 -0.0074963537 234 88 12
3.5559243 -0.5401856 -0.45454692 234 88 12
3.557703 -0.54240395 -0.45197526 234 88 12
3.559604 -0.5446197 -0.44957002 234 88 12
3.5633579 -0.54903455 -0.4447257 234 88 12
3.5715621 -0.55798688 -0.43578151 234 88 12
3.5759097 -0.56246458 -0.43155623 234 88 12
3.5781108 -0.56470546 -0.42952483 234 88 12
3.5802307 -0.56695166 -0.42742542 234 88 12
3.582474 -0.56920769 -0.42545721 234 88 12
3.5846485 -0.57146249 -0.42341778 234 88 12
3.5868636 -0.57375384 -0.4213951 234 88 12
3.5890031 -0.57601551 -0.41934021 234 88 12
3.5910946 -0.57824461 -0.41730133 234 88 12
3.5952818 -0.58275146 -0.41320763 234 88 12
3.6012835 -0.5893325 -0.4069296 234 88 12
3.6031198 -0.59146883 -0.40468279 234 88 12
3.6049143 -0.59353908 -0.402398 234 88 12
3.6083399 -0.59774394 -0.39789 234 88 12
3.6132417 -0.60408269 -0.39092977 234 88 12
3.6233794 -0.61889673 -0.37384186 234 88 12
3.634233 -0.63525345 -0.35467256 234 88 12
3.6355159 -0.63727129 -0.352311 234 88 12
3.6379895 -0.64125813 -0.34775414 234 88 12
3.6418024 -0.64731076 -0.34113398 234 88 12
3.6569311 -0.67180096 -0.31515779 234 88 12
3.6581715 -0.6738636 -0.31300098 234 88 12
3.6685679 -0.68859037 -0.29924004 234 88 12
3.6732983 -0.69489377 -0.2934352 234 88 12
3.6748078 -0.69699311 -0.29142977 234 88 12
3.6825202 -0.70749556 -0.28132693 234 88 12
3.6839595 -0.70958901 -0.27913844 234 88 12
3.6885839 -0.71589867 -0.27242749 234 88 12
3.6900623 -0.71798049 -0.27002839 234 88 12
3.6915553 -0.72002275 -0.26768421 234 88 12
3.6929738 -0.72206487 -0.26526152 234 88 12
3.6955942 -0.7260727 -0.26040808 234 88 12
3.7008236 -0.73410353 -0.25079024 234 88 12
3.7032785 -0.7379972 -0.24560242 234 88 12
3.7054557 -0.74174671 -0.24017549 234 88 12
3.7066136 -0.74361421 -0.23761554 234 88 12
3.7078585 -0.7454914 -0.23516323 234 88 12
3.7103391 -0.74928555 -0.23019053 234 88 12
3.7115823 -0.75114513 -0.22766973 234 88 12
3.7128897 -0.7530128 -0.22529692 234 88 12
3.7141748 -0.75486687 -0.22288608 234 88 12
3.7167695 -0.75853086 -0.2181748 234 88 12
3.7194668 -0.76217244 -0.21366435 234 88 12
3.7224796 -0.76585778 -0.20947777 234 88 12
3.7272046 -0.77138704 -0.20360012 234 88 12
3.7287634 -0.77325165 -0.2017381 234 88 12
3.7334881 -0.77880707 -0.19626116 234 88 12
3.7382307 -0.78426229 -0.19108127 234 88 12
3.7518185 -0.79881443 -0.1781417 234 88 12
3.7535307 -0.80073694 -0.17645885 234 88 12
3.7585533 -0.80640239 -0.17126977 234 88 12
3.7638456 -0.81227145 -0.16610985 234 88 12
3.7720905 -0.82168536 -0.15688547 234 88 12
3.7788527 -0.82932168 -0.14940091 234 88 12
3.7821721 -0.83305663 -0.14559404 234 88 12
3.787158 -0.83865949 -0.13996199 234 88 12
3.7923467 -0.84430355 -0.13427367 234 88 12
3.7940467 -0.84617387 -0.13234203 234 88 12
3.7957272 -0.84808404 -0.13044276 234 88 12
3.7991041 -0.85190031 -0.12655079 234 88 12
3.8007701 -0.85382385 -0.12456871 234 88 12
3.8024673 -0.85573782 -0.12263699 234 88 12
3.8041566 -0.85765158 -0.12066291 234 88 12
3.8076128 -0.86149589 -0.11682316 234 88 12
3.8127881 -0.86730001 -0.11106749 234 88 12
3.8161416 -0.87121888 -0.1071883 234 88 12
3.8262116 -0.88312217 -0.095883342 234 88 12
3.8278707 -0.88507182 -0.09401058 234 88 12
3.8311381 -0.88895261 -0.090194593 234 88 12
3.8328034 -0.89092333 -0.088314064 234 88 12
3.8360507 -0.89478538 -0.084399595 234 88 12
3.8376191 -0.89673185 -0.08239432 234 88 12
3.8423046 -0.90270802 -0.076333324 234 88 12
3.8437284 -0.90468779 -0.074248891 234 88 12
3.8451888 -0.9066686 -0.07212089 234 88 12
3.8481814 -0.91066354 -0.067665315 234 88 12
3.8496391 -0.91268977 -0.065336604 234 88 12
3.8509737 -0.91472255 -0.062829107 234 88 12
3.8535713 -0.91885475 -0.057779711 234 88 12
3.8617004 -0.93167019 -0.041873748 234 88 12
3.8630433 -0.93394308 -0.039057705 234 88 12
3.8718869 -0.94829764 -0.022152417 234 88 12
3.8734966 -0.95076703 -0.019389072 234 88 12
3.8750385 -0.95316176 -0.016674156 234 88 12
3.8765917 -0.95553288 -0.01398621 234 88 12
3.8832283 -0.96520475 -0.0037349333 234 88 12
3.5523055 -0.54056146 -0.4585887 234 88 12
3.5596945 -0.54951719 -0.44867669 234 88 12
3.563391 -0.55392185 -0.4438616 234 88 12
3.5717982 -0.56289118 -0.43505566 234 88 12
3.5739419 -0.56511619 -0.43291533 234 88 12
3.5761362 -0.56737484 -0.43087802 234 88 12
3.584855 -0.57645686 -0.42263509 234 88 12
3.5911517 -0.58316698 -0.41640213 234 88 12
3.5931122 -0.58540821 -0.41421832 234 88 12
3.5971739 -0.58988366 -0.41001721 234 88 12
3.6059466 -0.60042679 -0.39859952 234 88 12
3.6076328 -0.60254856 -0.39631527 234 88 12
3.6123527 -0.60886304 -0.38917812 234 88 12
3.6138297 -0.61100583 -0.38673787 234 88 12
3.617971 -0.61736963 -0.37918712 234 88 12
3.6236059 -0.62584689 -0.369362 234 88 12
3.6288369 -0.63401182 -0.35961733 234 88 12
3.6301442 -0.63603436 -0.35724505 234 88 12
3.6315271 -0.63811426 -0.35497329 234 88 12
3.6328162 -0.64013646 -0.35262072 234 88 12
3.6340892 -0.64213582 -0.35035148 234 88 12
3.6353186 -0.6441199 -0.34807365 234 88 12
3.6391015 -0.65014607 -0.3414637 234 88 12
3.6404045 -0.65220258 -0.33928373 234 88 12
3.6440957 -0.65825895 -0.33258976 234 88 12
3.6453712 -0.66028545 -0.33046354 234 88 12
3.6477682 -0.66429973 -0.32609667 234 88 12
3.6503232 -0.66842246 -0.32189707 234 88 12
3.6529146 -0.67251745 -0.31765042 234 88 12
3.6555754 -0.67671883 -0.31347424 234 88 12
3.6569976 -0.67885926 -0.31146305 234 88 12
3.6641861 -0.68920798 -0.30142161 234 88 12
3.6658445 -0.69132743 -0.29962573 234 88 12
3.6675057 -0.6934467 -0.29779614 234 88 12
3.6706381 -0.69763304 -0.29397836 234 88 12
3.6753779 -0.70395202 -0.28809381 234 88 12
3.678436 -0.70814455 -0.28404812 234 88 12
3.6799904 -0.71025067 -0.28197928 234 88 12
3.6846079 -0.7165637 -0.27542614 234 88 12
3.691902 -0.72677057 -0.26369119 234 88 12
3.6945834 -0.73081896 -0.25895086 234 88 12
3.6995724 -0.73867888 -0.24900664 234 88 12
3.7008368 -0.74064572 -0.24638891 234 88 12
3.7031313 -0.74438451 -0.24100025 234 88 12
3.7079843 -0.75181418 -0.23095706 234 88 12
3.7092497 -0.75367116 -0.22848117 234 88 12
3.713084 -0.75920719 -0.22130297 234 88 12
3.7170859 -0.76469058 -0.21448612 234 88 12
3.7185419 -0.76653392 -0.21233765 234 88 12
3.7247602 -0.77390329 -0.20440284 234 88 12
3.7278366 -0.7775769 -0.20070867 234 88 12
3.7294726 -0.77944508 -0.19899249 234 88 12
3.7310164 -0.78127273 -0.19713264 234 88 12
3.7340737 -0.7848908 -0.19356303 234 88 12
3.7373675 -0.78850428 -0.19029562 234 88 12
3.742535 -0.79391405 -0.18567121 234 88 12
3.7473607 -0.79935976 -0.18052411 234 88 12
3.7491325 -0.80125892 -0.17892197 234 88 12
3.7508828 -0.80317503 -0.17729037 234 88 12
3.7525211 -0.80505586 -0.17554392 234 88 12
3.7541119 -0.80693263 -0.17370273 234 88 12
3.7557747 -0.80885786 -0.17193656 234 88 12
3.7575262 -0.81081428 -0.1701942 234 88 12
3.761158 -0.81475666 -0.16685531 234 88 12
3.7627914 -0.81668174 -0.1650335 234 88 12
3.7692849 -0.82419726 -0.15753185 234 88 12
3.7725364 -0.82797534 -0.15370171 234 88 12
3.7741997 -0.82987945 -0.15184816 234 88 12
3.7808545 -0.83742154 -0.14425133 234 88 12
3.7841318 -0.84112326 -0.14042211 234 88 12
3.7858006 -0.84299082 -0.13851555 234 88 12
3.7874797 -0.84486501 -0.13657095 234 88 12
3.7909853 -0.84864555 -0.13279041 234 88 12
3.7927361 -0.85057871 -0.13090592 234 88 12
3.7944456 -0.8524704 -0.12894536 234 88 12
3.7961448 -0.85440344 -0.12703914 234 88 12
3.7995029 -0.85823555 -0.12308793 234 88 12
3.8063884 -0.86594867 -0.11532223 234 88 12
3.8080998 -0.8678991 -0.11337369 234 88 12
3.809817 -0.86986275 -0.11144451 234 88 12
3.8114768 -0.87178723 -0.10949394 234 88 12
3.8131973 -0.87374659 -0.10758909 234 88 12
3.82181 -0.88373228 -0.098143084 234 88 12
3.8234629 -0.88565993 -0.096239233 234 88 12
3.8284295 -0.89157044 -0.090578096 234 88 12
3.831845 -0.89549413 -0.086813285 234 88 12
3.8335683 -0.89745283 -0.084939469 234 88 12
3.8398115 -0.90536129 -0.076851242 234 88 12
3.8412905 -0.90733436 -0.074778911 234 88 12
3.8427621 -0.90932322 -0.072641241 234 88 12
3.8442927 -0.91132042 -0.070498465 234 88 12
3.8458106 -0.91332697 -0.068249815 234 88 12
3.8501067 -0.91945565 -0.061166766 234 88 12
3.8569438 -0.92998663 -0.048337656 234 88 12
3.8582776 -0.9321836 -0.045636394 234 88 12
3.8596915 -0.93439183 -0.042896132 234 88 12
3.8610319 -0.9366225 -0.040076364 234 88 12
3.8624445 -0.938941 -0.037283634 234 88 12
3.8653561 -0.94365346 -0.031738321 234 88 12
3.8715346 -0.95343788 -0.020652408 234 88 12
3.8746493 -0.95824106 -0.015269944 234 88 12
3.8762286 -0.96065387 -0.012610849 234 88 12
3.8778388 -0.96304681 -0.010020372 234 88 12
3.8794644 -0.96543905 -0.0074484457 234 88 12
3.881146 -0.96783693 -0.0049212147 234 88 12
3.5558709 -0.54995778 -0.45261405 234 88 12
3.5577258 -0.55220923 -0.45015683 234 88 12
3.5656716 -0.56116506 -0.44087896 234 88 12
3.5677683 -0.56336718 -0.43866972 234 88 12
3.5698372 -0.56562199 -0.43642724 234 88 12
3.5719982 -0.56782972 -0.43430216 234 88 12
3.5828101 -0.57915269 -0.42387975 234 88 12
3.5848723 -0.58140642 -0.42174393 234 88 12
3.5869959 -0.58363956 -0.41967521 234 88 12
3.5949723 -0.59255268 -0.41095588 234 88 12
3.5986193 -0.59685615 -0.40647431 234 88 12
3.6019722 -0.60102721 -0.40169638 234 88 12
3.6051692 -0.60521569 -0.39691574 234 88 12
3.6097932 -0.61153123 -0.38968536 234 88 12
3.6126236 -0.6158753 -0.38464961 234 88 12
3.6167338 -0.62230473 -0.37700396 234 88 12
3.6235811 -0.63279403 -0.36479834 234 88 12
3.6261272 -0.63691992 -0.35992759 234 88 12
3.6300863 -0.64297832 -0.35297606 234 88 12
3.6313771 -0.64499442 -0.35069938 234 88 12
3.6325996 -0.64698751 -0.34842361 234 88 12
3.6365122 -0.65304159 -0.34187517 234 88 12
3.6377641 -0.65508915 -0.33961398 234 88 12
3.6389618 -0.65710756 -0.33735961 234 88 12
3.6413506 -0.66110312 -0.33291683 234 88 12
3.6476139 -0.6712343 -0.32224012 234 88 12
3.6502797 -0.67535626 -0.31804847 234 88 12
3.6515917 -0.67744835 -0.31597823 234 88 12
3.6543034 -0.68163591 -0.31185354 234 88 12
3.657128 -0.68574634 -0.30784895 234 88 12
3.6599941 -0.68988515 -0.30386551 234 88 12
3.664835 -0.69618243 -0.29831363 234 88 12
3.6664766 -0.6982995 -0.29647243 234 88 12
3.6697043 -0.70252944 -0.29263987 234 88 12
3.6713658 -0.70464514 -0.29076477 234 88 12
3.6760513 -0.71090693 -0.28478478 234 88 12
3.6790903 -0.71507279 -0.2806113 234 88 12
3.6806604 -0.71719762 -0.27845834 234 88 12
3.6960471 -0.73940364 -0.25246481 234 88 12
3.6972497 -0.74132878 -0.24988464 234 88 12
3.6984565 -0.7432622 -0.24723036 234 88 12
3.6996336 -0.74514499 -0.24452213 234 88 12
3.7007374 -0.74698837 -0.2418071 234 88 12
3.703112 -0.75061575 -0.23664575 234 88 12
3.7055469 -0.75430711 -0.23167944 234 88 12
3.7080042 -0.75800017 -0.22675617 234 88 12
3.7106081 -0.76168722 -0.22197901 234 88 12
3.71192 -0.76352826 -0.2196859 234 88 12
3.7160553 -0.76901856 -0.21310791 234 88 12
3.7175727 -0.77086539 -0.21107303 234 88 12
3.7191207 -0.77269302 -0.2090922 234 88 12
3.7301535 -0.78557797 -0.19627189 234 88 12
3.7332561 -0.78919543 -0.19281108 234 88 12
3.7349506 -0.79102341 -0.19121055 234 88 12
3.7366694 -0.79283174 -0.18963908 234 88 12
3.7416514 -0.79822235 -0.18490886 234 88 12
3.744781 -0.80183519 -0.1813709 234 88 12
3.7481852 -0.80563687 -0.17806976 234 88 12
3.7548464 -0.81329609 -0.17097458 234 88 12
3.756695 -0.81530125 -0.16932913 234 88 12
3.7584534 -0.8172737 -0.16760857 234 88 12
3.7631961 -0.82294189 -0.16197521 234 88 12
3.766455 -0.82669339 -0.15819752 234 88 12
3.769685 -0.83046629 -0.15437107 234 88 12
3.7778796 -0.83989689 -0.14478644 234 88 12
3.781148 -0.84364451 -0.14090255 234 88 12
3.7844799 -0.84740381 -0.13704955 234 88 12
3.7915313 -0.85501218 -0.12951999 234 88 12
3.7949296 -0.85887446 -0.12556744 234 88 12
3.7965903 -0.86077099 -0.12357248 234 88 12
3.8017488 -0.86657148 -0.11772345 234 88 12
3.8103133 -0.87632546 -0.10799032 234 88 12
3.8137539 -0.88027416 -0.1041256 234 88 12
3.8155416 -0.88228899 -0.10230309 234 88 12
3.8172803 -0.88428074 -0.10041515 234 88 12
3.8206824 -0.88823005 -0.09663887 234 88 12
3.8223772 -0.89020826 -0.094780945 234 88 12
3.8310017 -0.90010763 -0.085460671 234 88 12
3.8326223 -0.90207216 -0.083493859 234 88 12
3.8342213 -0.90404487 -0.08143244 234 88 12
3.8357539 -0.90601598 -0.079390292 234 88 12
3.841851 -0.91392869 -0.071046659 234 88 12
3.8433908 -0.91595547 -0.068861954 234 88 12
3.8449126 -0.91799047 -0.066634166 234 88 12
3.8463446 -0.92005316 -0.064272819 234 88 12
3.8491858 -0.92421814 -0.059378991 234 88 12
3.8535093 -0.93058175 -0.051933049 234 88 12
3.8561456 -0.93487368 -0.046545537 234 88 12
3.8589648 -0.93934479 -0.041063521 234 88 12
3.8604514 -0.94166723 -0.038351598 234 88 12
3.8680436 -0.95370582 -0.024572167 234 88 12
3.8695605 -0.95613194 -0.021866803 234 88 12
3.8792449 -0.97053708 -0.0062442605 234 88 12
3.5486636 -0.54595302 -0.46183797 234 88 12
3.5504167 -0.5482187 -0.45926597 234 88 12
3.5521929 -0.55042673 -0.45670973 234 88 12
3.5597079 -0.5594463 -0.44690625 234 88 12
3.5617305 -0.56168095 -0.44459298 234 88 12
3.565868 -0.56612921 -0.44013441 234 88 12
3.567912 -0.56836283 -0.43785196 234 88 12
3.574507 -0.57509341 -0.43157588 234 88 12
3.576613 -0.57735644 -0.42940394 234 88 12
3.5807814 -0.58187787 -0.42513099 234 88 12
3.5848715 -0.58636575 -0.42079251 234 88 12
3.5869114 -0.58859906 -0.41862543 234 88 12
3.5908282 -0.59303068 -0.4142017 234 88 12
3.5927314 -0.5952444 -0.411945 234 88 12
3.6087398 -0.61649964 -0.38768193 234 88 12
3.6100385 -0.61867242 -0.38502721 234 88 12
3.6114172 -0.62083185 -0.38245191 234 88 12
3.6141641 -0.62515285 -0.37736484 234 88 12
3.6181708 -0.63153442 -0.36988132 234 88 12
3.6195609 -0.63367333 -0.36749787 234 88 12
3.6207864 -0.63570597 -0.36502055 234 88 12
3.6274616 -0.64592612 -0.35343428 234 88 12
3.6287378 -0.647941 -0.35111087 234 88 12
3.6299731 -0.64993772 -0.34883237 234 88 12
3.6312048 -0.65192149 -0.34657402 234 88 12
3.6324974 -0.65390002 -0.34437991 234 88 12
3.6337945 -0.65595476 -0.34217791 234 88 12
3.6350302 -0.65797472 -0.33993734 234 88 12
3.6412955 -0.66802523 -0.32907348 234 88 12
3.6477644 -0.67823503 -0.31865483 234 88 12
3.6490823 -0.68031736 -0.31660227 234 88 12
3.6518043 -0.68445799 -0.31242777 234 88 12
3.6590191 -0.69477398 -0.30250739 234 88 12
3.6606871 -0.69686737 -0.300736 234 88 12
3.6623742 -0.69899855 -0.29896144 234 88 12
3.6656123 -0.70321213 -0.29521359 234 88 12
3.6688247 -0.70739573 -0.29138249 234 88 12
3.670404 -0.70944799 -0.28941095 234 88 12
3.6736214 -0.71362607 -0.28553025 234 88 12
3.6752179 -0.71574212 -0.28352078 234 88 12
3.6782924 -0.71991555 -0.2792625 234 88 12
3.6925639 -0.74014647 -0.25584282 234 88 12
3.697315 -0.74770597 -0.24541875 234 88 12
3.6984481 -0.74954034 -0.24269476 234 88 12
3.699641 -0.75139427 -0.24007337 234 88 12
3.7008523 -0.75318443 -0.23752085 234 88 12
3.7020009 -0.75499498 -0.23496696 234 88 12
3.7032309 -0.75684965 -0.23252611 234 88 12
3.7057379 -0.76055367 -0.22764816 234 88 12
3.706987 -0.76239237 -0.22522142 234 88 12
3.7167924 -0.77522104 -0.20998257 234 88 12
3.7199538 -0.77891277 -0.20620145 234 88 12
3.7230652 -0.7825878 -0.20256125 234 88 12
3.7246198 -0.78441279 -0.20078651 234 88 12
3.7277234 -0.78804782 -0.19723804 234 88 12
3.7308235 -0.79167624 -0.19373828 234 88 12
3.7324723 -0.79352063 -0.19209427 234 88 12
3.7407765 -0.80252127 -0.18409425 234 88 12
3.742284 -0.80432964 -0.18227652 234 88 12
3.7439064 -0.80618468 -0.18058775 234 88 12
3.7556282 -0.81976318 -0.16831286 234 88 12
3.7588753 -0.82363027 -0.16467352 234 88 12
3.7637066 -0.82925615 -0.15898706 234 88 12
3.7653006 -0.83113754 -0.15704941 234 88 12
3.7668974 -0.83302697 -0.1551201 234 88 12
3.7685567 -0.8349251 -0.15322397 234 88 12
3.7718667 -0.83871209 -0.14940737 234 88 12
3.7750183 -0.84245231 -0.14539725 234 88 12
3.7765885 -0.8443275 -0.14340773 234 88 12
3.7815426 -0.84994315 -0.13759205 234 88 12
3.7867814 -0.85560994 -0.13191768 234 88 12
3.7903337 -0.85946038 -0.12804655 234 88 12
3.7954928 -0.86528827 -0.12220943 234 88 12
3.7971474 -0.86719743 -0.12017368 234 88 12
3.8005658 -0.87109552 -0.11623408 234 88 12
3.8040234 -0.87498423 -0.1123697 234 88 12
3.8074974 -0.87888664 -0.10851219 234 88 12
3.8092147 -0.88085878 -0.1065368 234 88 12
3.8109873 -0.88282664 -0.10462075 234 88 12
3.8163454 -0.88883331 -0.099035625 234 88 12
3.8196842 -0.89277799 -0.095204818 234 88 12
3.8267568 -0.90076704 -0.087883923 234 88 12
3.8284822 -0.90277981 -0.086038303 234 88 12
3.8363759 -0.91263148 -0.07580926 234 88 12
3.8379844 -0.9146282 -0.073784465 234 88 12
3.8395209 -0.91661926 -0.071646781 234 88 12
3.844195 -0.92282265 -0.065087572 234 88 12
3.8471277 -0.92700799 -0.060278892 234 88 12
3.8486345 -0.92912674 -0.057876787 234 88 12
3.8570586 -0.94215617 -0.042162827 234 88 12
3.8630932 -0.95153907 -0.031255615 234 88 12
3.8645815 -0.9539973 -0.028486098 234 88 12
3.8675001 -0.95885201 -0.022985418 234 88 12
3.8690828 -0.96128425 -0.020355189 234 88 12
3.877295 -0.97325333 -0.007482844 234 88 12
3.5539398 -0.55770623 -0.45325296 234 88 12
3.5578288 -0.56221202 -0.44844402 234 88 12
3.5598013 -0.56443711 -0.44604936 234 88 12
3.5618026 -0.5666698 -0.44372954 234 88 12
3.5724498 -0.57783764 -0.43286962 234 88 12
3.5827325 -0.58910162 -0.42189967 234 88 12
3.5847429 -0.59133776 -0.41968234 234 88 12
3.5885543 -0.59575469 -0.41512357 234 88 12
3.5902969 -0.59792243 -0.41272566 234 88 12
3.5953615 -0.604296 -0.40547858 234 88 12
3.5970461 -0.60643295 -0.40306717 234 88 12
3.603137 -0.61489432 -0.39310939 234 88 12
3.6141696 -0.63238161 -0.37266407 234 88 12
3.6207538 -0.64277999 -0.36065066 234 88 12
3.6221159 -0.6448545 -0.35842824 234 88 12
3.6262007 -0.65089988 -0.35166328 234 88 12
3.6287162 -0.65489371 -0.34717017 234 88 12
3.6361224 -0.6668901 -0.33379172 234 88 12
3.6374254 -0.6689077 -0.33167572 234 88 12
3.6412326 -0.67496418 -0.32530837 234 88 12
3.6425595 -0.67699173 -0.32323807 234 88 12
3.6438522 -0.67903958 -0.3211587 234 88 12
3.6452199 -0.68107298 -0.31914653 234 88 12
3.6465461 -0.68314591 -0.31712495 234 88 12
3.6491693 -0.68722329 -0.31290969 234 88 12
3.6505132 -0.68925758 -0.31081266 234 88 12
3.6565997 -0.69754765 -0.30322162 234 88 12
3.6581945 -0.69963402 -0.30137827 234 88 12
3.6615334 -0.70388147 -0.29778386 234 88 12
3.6631598 -0.70597982 -0.29593817 234 88 12
3.667986 -0.71218761 -0.29015722 234 88 12
3.6695407 -0.71421744 -0.28821276 234 88 12
3.6743342 -0.7204821 -0.28222177 234 88 12
3.683485 -0.73285152 -0.26886259 234 88 12
3.6848854 -0.73485319 -0.26651021 234 88 12
3.6863217 -0.73691764 -0.26416128 234 88 12
3.6877002 -0.7389275 -0.26173667 234 88 12
3.6902784 -0.74279983 -0.25680208 234 88 12
3.692703 -0.74656281 -0.25173554 234 88 12
3.6937853 -0.74841576 -0.24898086 234 88 12
3.6973422 -0.75398372 -0.24097083 234 88 12
3.6986052 -0.75580669 -0.23845073 234 88 12
3.7033992 -0.76308215 -0.22846423 234 88 12
3.7084849 -0.77039532 -0.21911087 234 88 12
3.7099179 -0.77222911 -0.21700888 234 88 12
3.7144374 -0.77774274 -0.21093916 234 88 12
3.7175424 -0.78142172 -0.20717609 234 88 12
3.7191132 -0.7832742 -0.20534111 234 88 12
3.7206738 -0.78510163 -0.20352956 234 88 12
3.72379 -0.78878173 -0.19995666 234 88 12
3.7284683 -0.79427529 -0.19470674 234 88 12
3.730117 -0.79610337 -0.19307768 234 88 12
3.7334284 -0.79975185 -0.1899263 234 88 12
3.7350945 -0.80157527 -0.18836851 234 88 12
3.7367724 -0.80336434 -0.18676189 234 88 12
3.7398313 -0.80691161 -0.18323819 234 88 12
3.7430272 -0.8106502 -0.17989749 234 88 12
3.7462064 -0.81444404 -0.17628281 234 88 12
3.7496693 -0.81842037 -0.17278209 234 88 12
3.7561828 -0.82620504 -0.1654657 234 88 12
3.7641489 -0.83559851 -0.15591839 234 88 12
3.7737866 -0.8469545 -0.1440803 234 88 12
3.7770545 -0.85070094 -0.14020284 234 88 12
3.7804226 -0.85448189 -0.13632988 234 88 12
3.7839442 -0.85821968 -0.13256125 234 88 12
3.7857278 -0.86013479 -0.13061888 234 88 12
3.7874355 -0.86205121 -0.12862604 234 88 12
3.7891998 -0.86400309 -0.12673049 234 88 12
3.7908673 -0.86591135 -0.1247119 234 88 12
3.7925685 -0.8678285 -0.12272218 234 88 12
3.7943199 -0.86975849 -0.12078542 234 88 12
3.7960931 -0.87172945 -0.11884466 234 88 12
3.7994455 -0.87559374 -0.11484971 234 88 12
3.8011462 -0.87753363 -0.11294141 234 88 12
3.8028872 -0.87949884 -0.11095596 234 88 12
3.8099585 -0.88737761 -0.10324514 234 88 12
3.8117924 -0.88936647 -0.10137168 234 88 12
3.8135453 -0.89141321 -0.099482742 234 88 12
3.8152947 -0.89339146 -0.097609199 234 88 12
3.8204496 -0.89933634 -0.091968336 234 88 12
3.8241017 -0.90341252 -0.088371569 234 88 12
3.8257881 -0.90541557 -0.086435709 234 88 12
3.8306628 -0.9113689 -0.080408449 234 88 12
3.8339328 -0.9153224 -0.07638908 234 88 12
3.8372051 -0.91929829 -0.072321803 234 88 12
3.8388852 -0.92139037 -0.070299172 234 88 12
3.8420257 -0.92558901 -0.065881689 234 88 12
3.8506001 -0.93829296 -0.051050469 234 88 12
3.8520674 -0.94050289 -0.048435854 234 88 12
3.8551024 -0.94500498 -0.043216735 234 88 12
3.8566262 -0.94726804 -0.040595698 234 88 12
3.8581023 -0.94954227 -0.03789865 234 88 12
3.8595588 -0.95187585 -0.035132862 234 88 12
3.8626178 -0.95678037 -0.029594271 234 88 12
3.5448085 -0.55137561 -0.4649157 234 88 12
3.5502371 -0.5581663 -0.45732476 234 88 12
3.5559186 -0.56495084 -0.44994896 234 88 12
3.5598364 -0.56943723 -0.44514556 234 88 12
3.5619465 -0.57167743 -0.44293527 234 88 12
3.5725088 -0.58289061 -0.43191297 234 88 12
3.5861582 -0.5984915 -0.41598528 234 88 12
3.592783 -0.60697965 -0.40608257 234 88 12
3.5944548 -0.60912183 -0.40366559 234 88 12
3.5960412 -0.6112582 -0.40116634 234 88 12
3.5975892 -0.61339841 -0.39868048 234 88 12
3.5990963 -0.61558143 -0.39612957 234 88 12
3.6019802 -0.61995929 -0.39098593 234 88 12
3.6048004 -0.62443192 -0.38580591 234 88 12
3.6074715 -0.62877164 -0.38057256 234 88 12
3.6088675 -0.63099881 -0.37803257 234 88 12
3.6102507 -0.63318197 -0.37559652 234 88 12
3.6115786 -0.6353545 -0.37309504 234 88 12
3.6128927 -0.63745333 -0.37069939 234 88 12
3.6181907 -0.64576907 -0.36113373 234 88 12
3.6223435 -0.65187547 -0.35445919 234 88 12
3.6249611 -0.65589064 -0.34998172 234 88 12
3.6262154 -0.6578794 -0.34775784 234 88 12
3.6286957 -0.6618498 -0.3432263 234 88 12
3.6336163 -0.66978171 -0.33439862 234 88 12
3.636294 -0.67385613 -0.33020805 234 88 12
3.6376219 -0.67587562 -0.32814373 234 88 12
3.6388327 -0.67788479 -0.32595057 234 88 12
3.6401599 -0.67991892 -0.32391203 234 88 12
3.6414286 -0.68192553 -0.32184026 234 88 12
3.6440406 -0.68595137 -0.31772568 234 88 12
3.6479996 -0.69204141 -0.31143296 234 88 12
3.6495234 -0.69412492 -0.30955479 234 88 12
3.6542459 -0.70036367 -0.30396452 234 88 12
3.655809 -0.70242264 -0.30212845 234 88 12
3.6574794 -0.70451739 -0.30039916 234 88 12
3.6607299 -0.70872719 -0.29673862 234 88 12
3.6623761 -0.71079132 -0.29489194 234 88 12
3.6640049 -0.71285467 -0.29296283 234 88 12
3.667225 -0.71696367 -0.28903814 234 88 12
3.6751814 -0.72728967 -0.27891558 234 88 12
3.6782855 -0.73143762 -0.27448236 234 88 12
3.679749 -0.73346159 -0.27219445 234 88 12
3.6811976 -0.73552862 -0.26984682 234 88 12
3.6825657 -0.73752247 -0.26747749 234 88 12
3.686658 -0.74353147 -0.26014916 234 88 12
3.6879642 -0.74546475 -0.25771618 234 88 12
3.6938621 -0.754681 -0.24453028 234 88 12
3.6950816 -0.75654593 -0.24193863 234 88 12
3.6974644 -0.76016499 -0.23683399 234 88 12
3.7049151 -0.77113001 -0.22236284 234 88 12
3.7106379 -0.77846005 -0.21391041 234 88 12
3.7121423 -0.78027568 -0.21197333 234 88 12
3.7136019 -0.7820911 -0.21000991 234 88 12
3.715192 -0.78395815 -0.20819129 234 88 12
3.7183289 -0.78765306 -0.20453849 234 88 12
3.7199203 -0.78948363 -0.20278567 234 88 12
3.7214706 -0.7913299 -0.20100959 234 88 12
3.7230681 -0.79321328 -0.19927995 234 88 12
3.7276705 -0.79867655 -0.19402486 234 88 12
3.7308692 -0.80229639 -0.1908152 234 88 12
3.7373921 -0.8095389 -0.18421767 234 88 12
3.7438634 -0.81707128 -0.17734571 234 88 12
3.7598244 -0.83631149 -0.15869482 234 88 12
3.7613896 -0.83818004 -0.15672137 234 88 12
3.7630316 -0.84008374 -0.15484296 234 88 12
3.7647268 -0.84197733 -0.15293789 234 88 12
3.7679563 -0.84577531 -0.14887321 234 88 12
3.769533 -0.84767333 -0.14691376 234 88 12
3.7776008 -0.85705737 -0.13703924 234 88 12
3.781054 -0.86078223 -0.13317387 234 88 12
3.7863326 -0.8665318 -0.12742772 234 88 12
3.7897806 -0.87040207 -0.12340456 234 88 12
3.8000246 -0.88208028 -0.11147217 234 88 12
3.8036157 -0.88601463 -0.10762408 234 88 12
3.805422 -0.88795787 -0.10574801 234 88 12
3.8072128 -0.88995098 -0.10385282 234 88 12
3.8108345 -0.89398972 -0.10007561 234 88 12
3.8179688 -0.90203076 -0.092644712 234 88 12
3.8197786 -0.90406524 -0.090801287 234 88 12
3.8231626 -0.90809224 -0.086926031 234 88 12
3.8248266 -0.91008304 -0.084961595 234 88 12
3.8281309 -0.91406228 -0.080945744 234 88 12
3.8314908 -0.91803494 -0.077001912 234 88 12
3.8331873 -0.92001903 -0.075032629 234 88 12
3.8413501 -0.9304593 -0.06427985 234 88 12
3.8428476 -0.93258437 -0.061922047 234 88 12
3.8469925 -0.93892768 -0.054446136 234 88 12
3.8562125 -0.95240969 -0.03903411 234 88 12
3.8591614 -0.95715055 -0.033477807 234 88 12
3.8606366 -0.95961629 -0.030701222 234 88 12
3.8621657 -0.96205195 -0.027988527 234 88 12
3.8637456 -0.96447481 -0.02539062 234 88 12
3.8653336 -0.96689251 -0.022783065 234 88 12
3.8701732 -0.97414065 -0.015093354 234 88 12
3.8718089 -0.97650334 -0.012547243 234 88 12
3.8735284 -0.9788353 -0.010070345 234 88 12
3.548213 -0.56086998 -0.45881884 234 88 12
3.5500303 -0.56312626 -0.45625052 234 88 12
3.5599597 -0.57445912 -0.44435948 234 88 12
3.5662898 -0.58118655 -0.43768107 234 88 12
3.5764745 -0.59239292 -0.4263449 234 88 12
3.5802155 -0.59686181 -0.42161294 234 88 12
3.5853551 -0.60338325 -0.41420046 234 88 12
3.5870524 -0.60552947 -0.41170726 234 88 12
3.5886632 -0.60763818 -0.40920458 234 88 12
3.5902348 -0.60976423 -0.40669128 234 88 12
3.5948779 -0.61630207 -0.39904414 234 88 12
3.596379 -0.61852208 -0.39646161 234 88 12
3.6020909 -0.62738354 -0.38612714 234 88 12
3.604801 -0.63176707 -0.38095144 234 88 12
3.606171 -0.63397359 -0.37844184 234 88 12
3.6076311 -0.63614031 -0.37608459 234 88 12
3.6104558 -0.64043699 -0.371315 234 88 12
3.6117843 -0.64253305 -0.36883778 234 88 12
3.6144284 -0.64666885 -0.36408136 234 88 12
3.6157658 -0.64874625 -0.36180604 234 88 12
3.6198883 -0.65483234 -0.35504612 234 88 12
3.6225819 -0.65884829 -0.35065059 234 88 12
3.626323 -0.66481587 -0.34390434 234 88 12
3.6351735 -0.67873181 -0.32884354 234 88 12
3.636414 -0.68074586 -0.3266676 234 88 12
3.6428642 -0.69074243 -0.31619151 234 88 12
3.6442605 -0.6928138 -0.31421117 234 88 12
3.6455796 -0.69483286 -0.31215405 234 88 12
3.6470479 -0.69687699 -0.31023413 234 88 12
3.6486464 -0.69895077 -0.30839923 234 88 12
3.651817 -0.70307166 -0.30475374 234 88 12
3.6550608 -0.70720306 -0.30118758 234 88 12
3.6584219 -0.71141609 -0.29765253 234 88 12
3.6600852 -0.71349858 -0.29577897 234 88 12
3.6681821 -0.72377738 -0.28608179 234 88 12
3.6744716 -0.73199964 -0.2777087 234 88 12
3.6759647 -0.73405755 -0.2754295 234 88 12
3.6818202 -0.74226387 -0.26622542 234 88 12
3.6832099 -0.74425753 -0.26381662 234 88 12
3.6857577 -0.74811798 -0.25876662 234 88 12
3.6869936 -0.74997414 -0.25618468 234 88 12
3.6903492 -0.75541985 -0.24813382 234 88 12
3.6927192 -0.75905009 -0.24286888 234 88 12
3.6939412 -0.76086863 -0.24031565 234 88 12
3.7026322 -0.77362423 -0.22334605 234 88 12
3.7053433 -0.77725811 -0.21902205 234 88 12
3.717609 -0.79205168 -0.20381957 234 88 12
3.7191562 -0.79390758 -0.20204155 234 88 12
3.7207849 -0.79582249 -0.20031719 234 88 12
3.7222794 -0.79765576 -0.19851943 234 88 12
3.7269137 -0.80309253 -0.19351507 234 88 12
3.73179 -0.808518 -0.18861354 234 88 12
3.7397886 -0.81773738 -0.18019124 234 88 12
3.7430224 -0.82159749 -0.17656981 234 88 12
3.7461939 -0.82550335 -0.17290033 234 88 12
3.7493751 -0.82941763 -0.16911172 234 88 12
3.7572601 -0.83890213 -0.15965319 234 88 12
3.758851 -0.84078487 -0.15769681 234 88 12
3.7605212 -0.84269873 -0.15583135 234 88 12
3.7637834 -0.84649418 -0.15190694 234 88 12
3.7668619 -0.85024599 -0.14784201 234 88 12
3.7684165 -0.8521422 -0.14578064 234 88 12
3.7716823 -0.85593643 -0.1418033 234 88 12
3.7733024 -0.85781939 -0.13981549 234 88 12
3.7749507 -0.85967555 -0.13784826 234 88 12
3.7799222 -0.86525483 -0.13196653 234 88 12
3.7886373 -0.87485528 -0.12209039 234 88 12
3.8063627 -0.89455953 -0.10260915 234 88 12
3.811756 -0.90063102 -0.096986143 234 88 12
3.8134952 -0.90263621 -0.095111169 234 88 12
3.8170748 -0.90670824 -0.091365696 234 88 12
3.8188608 -0.90872103 -0.08946337 234 88 12
3.8222584 -0.91274707 -0.085562592 234 88 12
3.8239698 -0.91474576 -0.083616058 234 88 12
3.8256345 -0.91673887 -0.081601756 234 88 12
3.8273267 -0.91872944 -0.079628776 234 88 12
3.8290183 -0.92072413 -0.077632398 234 88 12
3.8325443 -0.92479635 -0.073682655 234 88 12
3.8342175 -0.92684003 -0.07163336 234 88 12
3.8373771 -0.93100959 -0.067199926 234 88 12
3.8389691 -0.93316073 -0.064953352 234 88 12
3.8419696 -0.93744894 -0.060232814 234 88 12
3.8464467 -0.94396506 -0.052937886 234 88 12
3.8542569 -0.95533163 -0.040085417 234 88 12
3.8603216 -0.96491166 -0.029203167 234 88 12
3.86833 -0.9769836 -0.016399831 234 88 12
3.5443698 -0.56131339 -0.46284055 234 88 12
3.5480667 -0.56584589 -0.45777854 234 88 12
3.5519547 -0.5703964 -0.45291438 234 88 12
3.5579879 -0.57722583 -0.44586863 234 88 12
3.560135 -0.57950377 -0.443608 234 88 12
3.5622253 -0.58171949 -0.44139512 234 88 12
3.5642376 -0.58395991 -0.43901502 234 88 12
3.5682503 -0.58844302 -0.43439432 234 88 12
3.5721707 -0.59292708 -0.42971312 234 88 12
3.5742091 -0.59518148 -0.42745347 234 88 12
3.5760733 -0.59743494 -0.42503054 234 88 12
3.5795015 -0.60178728 -0.42005012 234 88 12
3.5811877 -0.60397524 -0.4175324 234 88 12
3.587631 -0.61261869 -0.40723874 234 88 12
3.59059 -0.61699779 -0.40196026 234 88 12
3.5920362 -0.6192333 -0.39929008 234 88 12
3.5963541 -0.62589024 -0.39149142 234 88 12
3.6006755 -0.632624 -0.38377768 234 88 12
3.6065111 -0.64127577 -0.37418026 234 88 12
3.6093324 -0.6454847 -0.36943592 234 88 12
3.6119806 -0.64961549 -0.36472924 234 88 12
3.6146686 -0.65372572 -0.36016286 234 88 12
3.6188058 -0.65980356 -0.35349081 234 88 12
3.6201173 -0.661804 -0.35126935 234 88 12
3.6226036 -0.6657632 -0.34677054 234 88 12
3.6238891 -0.66776238 -0.34454645 234 88 12
3.6264727 -0.67174523 -0.34017399 234 88 12
3.6276674 -0.67369917 -0.33796515 234 88 12
3.6314207 -0.67958964 -0.33160696 234 88 12
3.6327444 -0.68157336 -0.32956356 234 88 12
3.6340308 -0.68359223 -0.32739574 234 88 12
3.6404219 -0.69352642 -0.3169238 234 88 12
3.6418787 -0.69559688 -0.31498536 234 88 12
3.643296 -0.69763242 -0.31299865 234 88 12
3.646306 -0.70171052 -0.30921093 234 88 12
3.64949 -0.70583455 -0.3056223 234 88 12
3.6510268 -0.70786247 -0.30379066 234 88 12
3.6543559 -0.71200187 -0.30025152 234 88 12
3.657818 -0.71615472 -0.29669282 234 88 12
3.6610936 -0.72031631 -0.29290417 234 88 12
3.6691002 -0.73050901 -0.28301769 234 88 12
3.6753407 -0.73881143 -0.27435311 234 88 12
3.6783025 -0.74289797 -0.26980004 234 88 12
3.6904575 -0.7615941 -0.2438797 234 88 12
3.6916612 -0.76341395 -0.24129887 234 88 12
3.6954646 -0.76892063 -0.23384535 234 88 12
3.696763 -0.77073374 -0.23145171 234 88 12
3.7030457 -0.77976384 -0.22005918 234 88 12
3.7044391 -0.78159069 -0.21789547 234 88 12
3.705929 -0.78339425 -0.21585416 234 88 12
3.7074037 -0.78522219 -0.21391676 234 88 12
3.7089008 -0.78706853 -0.21203805 234 88 12
3.7104776 -0.78894831 -0.21020467 234 88 12
3.7120399 -0.79081364 -0.20833472 234 88 12
3.7152935 -0.79458775 -0.20486065 234 88 12
3.7168989 -0.79649201 -0.20312038 234 88 12
3.721415 -0.80206697 -0.19784853 234 88 12
3.7229541 -0.80386308 -0.19621092 234 88 12
3.7261478 -0.80745185 -0.19303562 234 88 12
3.7358547 -0.81850229 -0.18303957 234 88 12
3.7436985 -0.82810521 -0.173923 234 88 12
3.7500482 -0.83584115 -0.16638658 234 88 12
3.7516157 -0.83774604 -0.16447576 234 88 12
3.7612916 -0.84915194 -0.15293966 234 88 12
3.76907 -0.85856374 -0.14271479 234 88 12
3.7722713 -0.86226557 -0.13867856 234 88 12
3.7823202 -0.87355225 -0.12681878 234 88 12
3.7841247 -0.8755062 -0.12486871 234 88 12
3.789061 -0.88125168 -0.11859997 234 88 12
3.7908051 -0.88321524 -0.11661766 234 88 12
3.7944214 -0.88715722 -0.11271288 234 88 12
3.7962105 -0.88915821 -0.1108135 234 88 12
3.8018066 -0.89514799 -0.10525183 234 88 12
3.8054595 -0.8991752 -0.10146763 234 88 12
3.807333 -0.90122092 -0.099579463 234 88 12
3.8145247 -0.90936961 -0.092050423 234 88 12
3.8317571 -0.92958385 -0.072235978 234 88 12
3.8334301 -0.93163912 -0.070078554 234 88 12
3.8382575 -0.93811442 -0.063410549 234 88 12
3.8397283 -0.94025376 -0.061023847 234 88 12
3.8427103 -0.94456919 -0.05622068 234 88 12
3.8476035 -0.95132244 -0.048926234 234 88 12
3.8507275 -0.95591881 -0.043791765 234 88 12
3.8523 -0.95827944 -0.04115861 234 88 12
3.853855 -0.9606388 -0.038485809 234 88 12
3.8567821 -0.96541539 -0.033019431 234 88 12
3.8681394 -0.98221766 -0.015204703 234 88 12
3.5424685 -0.5641007 -0.46445956 234 88 12
3.5460834 -0.56857795 -0.45933456 234 88 12
3.5479923 -0.57084741 -0.45687717 234 88 12
3.5499552 -0.57312601 -0.4544431 234 88 12
3.553984 -0.57772037 -0.44964128 234 88 12
3.5602737 -0.58455711 -0.44283774 234 88 12
3.564193 -0.58900613 -0.43808998 234 88 12
3.566126 -0.59127851 -0.43566239 234 88 12
3.5681067 -0.59350409 -0.43334746 234 88 12
3.5718976 -0.59796612 -0.42849996 234 88 12
3.5754769 -0.6023888 -0.42354024 234 88 12
3.5787633 -0.60677765 -0.41841423 234 88 12
3.5803493 -0.60896598 -0.41576322 234 88 12
3.5819498 -0.61116672 -0.41307758 234 88 12
3.5835118 -0.61337494 -0.41046212 234 88 12
3.5849649 -0.6155582 -0.40774359 234 88 12
3.5878832 -0.62002609 -0.40235784 234 88 12
3.5935528 -0.62895064 -0.3917633 234 88 12
3.5950278 -0.63120826 -0.38919932 234 88 12
3.5965483 -0.63342674 -0.38671104 234 88 12
3.6009962 -0.63999455 -0.37948865 234 88 12
3.6025109 -0.64211452 -0.37715793 234 88 12
3.6053526 -0.64628947 -0.37235636 234 88 12
3.6081147 -0.65046506 -0.36768084 234 88 12
3.6095571 -0.65255977 -0.36543555 234 88 12
3.6137333 -0.65872459 -0.35868921 234 88 12
3.6151265 -0.66076775 -0.35645565 234 88 12
3.6190414 -0.66673768 -0.34978118 234 88 12
3.6202762 -0.66872199 -0.34751253 234 88 12
3.6215328 -0.67068826 -0.34526517 234 88 12
3.6253752 -0.67660853 -0.33875203 234 88 12
3.626557 -0.67854802 -0.33653976 234 88 12
3.6278577 -0.68055757 -0.33448286 234 88 12
3.6290668 -0.68249534 -0.33235219 234 88 12
3.6303696 -0.68444207 -0.33028643 234 88 12
3.6316824 -0.68643036 -0.3281358 234 88 12
3.6329721 -0.68842322 -0.32600083 234 88 12
3.6342597 -0.69043449 -0.32390886 234 88 12
3.6354946 -0.69237323 -0.32184956 234 88 12
3.636793 -0.69431595 -0.31983087 234 88 12
3.6396168 -0.69836056 -0.31590537 234 88 12
3.6410473 -0.70038969 -0.31388188 234 88 12
3.6424951 -0.70238419 -0.31197947 234 88 12
3.645678 -0.70649564 -0.30844201 234 88 12
3.6473278 -0.7085876 -0.30667806 234 88 12
3.6488803 -0.71061037 -0.30481642 234 88 12
3.6505317 -0.71266777 -0.30305641 234 88 12
3.6521742 -0.71470706 -0.3012401 234 88 12
3.653932 -0.71676944 -0.29957628 234 88 12
3.6573094 -0.72090044 -0.29589322 234 88 12
3.6588601 -0.7229631 -0.29389726 234 88 12
3.6605076 -0.72502351 -0.29205241 234 88 12
3.6621253 -0.72705522 -0.2901286 234 88 12
3.6638056 -0.7291018 -0.28822223 234 88 12
3.6669733 -0.73317461 -0.28412786 234 88 12
3.6789432 -0.74950287 -0.26611729 234 88 12
3.6813375 -0.75332349 -0.26091628 234 88 12
3.6825096 -0.7551662 -0.25828267 234 88 12
3.6882682 -0.76417269 -0.24495967 234 88 12
3.6919496 -0.76960183 -0.23733506 234 88 12
3.6932049 -0.77139727 -0.23488219 234 88 12
3.6944957 -0.77320704 -0.23246142 234 88 12
3.6957011 -0.7750244 -0.23006932 234 88 12
3.6969056 -0.77683593 -0.22772551 234 88 12
3.6981366 -0.77863735 -0.2254631 234 88 12
3.7066792 -0.78958554 -0.21310352 234 88 12
3.7129937 -0.79715968 -0.20590358 234 88 12
3.7145791 -0.79905298 -0.20414665 234 88 12
3.7177036 -0.80282923 -0.20074697 234 88 12
3.7239571 -0.81009983 -0.19423427 234 88 12
3.7272153 -0.81376571 -0.19095791 234 88 12
3.7351635 -0.82300398 -0.18242966 234 88 12
3.7413815 -0.83074929 -0.17508532 234 88 12
3.7508795 -0.84229964 -0.16371349 234 88 12
3.7557178 -0.84799461 -0.15799745 234 88 12
3.7573625 -0.84992811 -0.156059 234 88 12
3.75896 -0.85184709 -0.15407521 234 88 12
3.7650422 -0.85930829 -0.14582554 234 88 12
3.7681564 -0.86304235 -0.14173618 234 88 12
3.7713009 -0.86673004 -0.13768692 234 88 12
3.7729252 -0.86855644 -0.13568943 234 88 12
3.7762215 -0.87230805 -0.13165026 234 88 12
3.7813594 -0.87803748 -0.12561066 234 88 12
3.7864094 -0.88381093 -0.1194401 234 88 12
3.793629 -0.89175025 -0.11168629 234 88 12
3.7953798 -0.89373494 -0.10970978 234 88 12
3.7972638 -0.89575064 -0.10790296 234 88 12
3.7991698 -0.89776981 -0.10604966 234 88 12
3.8028904 -0.90179777 -0.10229011 234 88 12
3.806648 -0.90589369 -0.098575138 234 88 12
3.8101775 -0.90994657 -0.094720031 234 88 12
3.8156431 -0.91610673 -0.089034094 234 88 12
3.8190167 -0.92009016 -0.085056152 234 88 12
3.8241887 -0.92618754 -0.079060847 234 88 12
3.8259548 -0.92827407 -0.077085459 234 88 12
3.831105 -0.93449998 -0.070858203 234 88 12
3.8361112 -0.94095165 -0.064293153 234 88 12
3.8471296 -0.95655148 -0.047355905 234 88 12
3.8486734 -0.95888 -0.044734712 234 88 12
3.850277 -0.96125778 -0.042172307 234 88 12
3.8518678 -0.9636341 -0.039538887 234 88 12
3.8580052 -0.97320628 -0.029022933 234 88 12
3.8596007 -0.97560166 -0.026458054 234 88 12
3.8612071 -0.97798831 -0.023912958 234 88 12
3.8679778 -0.98746922 -0.014025551 234 88 12
3.5368173 -0.56233629 -0.47099907 234 88 12
3.5386664 -0.56464833 -0.46858305 234 88 12
3.5442419 -0.57139664 -0.46099801 234 88 12
3.5460935 -0.57361763 -0.45844448 234 88 12
3.5541816 -0.58278691 -0.44893354 234 88 12
3.5562617 -0.58508167 -0.44659866 234 88 12
3.5602544 -0.58960463 -0.44184786 234 88 12
3.5659943 -0.59633704 -0.43458227 234 88 12
3.5678025 -0.59857884 -0.43205957 234 88 12
3.5696055 -0.6007865 -0.42958603 234 88 12
3.5713253 -0.60297804 -0.42698975 234 88 12
3.5730549 -0.60516094 -0.42451328 234 88 12
3.5778173 -0.61184855 -0.41647529 234 88 12
3.5852855 -0.62314207 -0.40287345 234 88 12
3.5908151 -0.63201959 -0.39214722 234 88 12
3.5923008 -0.63424455 -0.38961772 234 88 12
3.5953069 -0.63861668 -0.38470861 234 88 12
3.5998896 -0.64506666 -0.37768957 234 88 12
3.6042939 -0.6513291 -0.37067207 234 88 12
3.6056777 -0.65339667 -0.36836833 234 88 12
3.6071258 -0.65553027 -0.3660854 234 88 12
3.6128314 -0.66369026 -0.35726957 234 88 12
3.6141611 -0.66569531 -0.35505063 234 88 12
3.6179643 -0.67164878 -0.34830272 234 88 12
3.6242355 -0.68146668 -0.33732019 234 88 12
3.6321096 -0.69326305 -0.32489368 234 88 12
3.6346419 -0.69717969 -0.32082151 234 88 12
3.6373803 -0.70112837 -0.31685004 234 88 12
3.6388439 -0.70315072 -0.31487924 234 88 12
3.6419032 -0.70718028 -0.31119742 234 88 12
3.6451851 -0.71132773 -0.30772382 234 88 12
3.6484007 -0.71539215 -0.30411308 234 88 12
3.6500353 -0.71739381 -0.30231879 234 88 12
3.6517291 -0.71943876 -0.30060881 234 88 12
3.6534297 -0.72148278 -0.29878504 234 88 12
3.6567616 -0.72563474 -0.29507413 234 88 12
3.6600469 -0.72974702 -0.2912926 234 88 12
3.664791 -0.7357809 -0.28529388 234 88 12
3.6679459 -0.73989937 -0.28108391 234 88 12
3.6711454 -0.74410666 -0.27686373 234 88 12
3.6740255 -0.7480939 -0.27223105 234 88 12
3.6754141 -0.75006866 -0.26976528 234 88 12
3.6767215 -0.75204915 -0.26722883 234 88 12
3.6780113 -0.75400077 -0.26468528 234 88 12
3.6803689 -0.75776195 -0.25943547 234 88 12
3.6815412 -0.75958114 -0.25677115 234 88 12
3.6839539 -0.76322494 -0.25146459 234 88 12
3.6851216 -0.76501372 -0.24886633 234 88 12
3.6884925 -0.77031414 -0.24091965 234 88 12
3.6909165 -0.77387983 -0.23593089 234 88 12
3.6985355 -0.78475979 -0.22210973 234 88 12
3.6998619 -0.78655178 -0.21992003 234 88 12
3.7013268 -0.78834283 -0.21789024 234 88 12
3.704443 -0.79212964 -0.21414709 234 88 12
3.7077484 -0.7959987 -0.21068424 234 88 12
3.7123293 -0.80160411 -0.20531428 234 88 12
3.713907 -0.80350845 -0.20359679 234 88 12
3.7170038 -0.80725777 -0.20020628 234 88 12
3.7216465 -0.81270037 -0.19531308 234 88 12
3.7232603 -0.81451469 -0.19372234 234 88 12
3.7249307 -0.81638751 -0.19211136 234 88 12
3.7297173 -0.82195953 -0.18706278 234 88 12
3.732937 -0.82568599 -0.18357174 234 88 12
3.7375793 -0.83142024 -0.1780985 234 88 12
3.7438155 -0.83922184 -0.17068252 234 88 12
3.747048 -0.84307495 -0.16687958 234 88 12
3.7501312 -0.84680654 -0.1629777 234 88 12
3.7517021 -0.84868039 -0.16104466 234 88 12
3.7533093 -0.8505914 -0.15911216 234 88 12
3.7565392 -0.85446121 -0.15515001 234 88 12
3.7581587 -0.85637237 -0.1531568 234 88 12
3.7597122 -0.85825943 -0.15113337 234 88 12
3.7704153 -0.87119031 -0.13668709 234 88 12
3.7737536 -0.87494975 -0.13264347 234 88 12
3.7856131 -0.88834383 -0.11839484 234 88 12
3.7874586 -0.89033772 -0.11648753 234 88 12
3.7892785 -0.89231779 -0.11450079 234 88 12
3.7965727 -0.9003822 -0.10687685 234 88 12
3.7984851 -0.90241915 -0.10508074 234 88 12
3.8149367 -0.92076934 -0.08782202 234 88 12
3.8254019 -0.93320782 -0.075867281 234 88 12
3.8355345 -0.94598834 -0.062803452 234 88 12
3.8435587 -0.95715806 -0.050852346 234 88 12
3.8528621 -0.97140396 -0.035287127 234 88 12
3.8544283 -0.97379026 -0.032712538 234 88 12
3.85601 -0.97617207 -0.030136461 234 88 12
3.8626573 -0.98567266 -0.020219852 234 88 12
3.8643558 -0.98801495 -0.017765832 234 88 12
3.8660561 -0.99033442 -0.015294677 234 88 12
3.534909 -0.56514504 -0.47253099 234 88 12
3.5404699 -0.57195059 -0.46515048 234 88 12
3.5423301 -0.5742005 -0.46259126 234 88 12
3.5441983 -0.57640504 -0.46008365 234 88 12
3.5542966 -0.58787832 -0.44807066 234 88 12
3.560099 -0.59468562 -0.44073518 234 88 12
3.5638557 -0.59919925 -0.43584677 234 88 12
3.5656588 -0.60145178 -0.43328073 234 88 12
3.5673398 -0.60362918 -0.43064191 234 88 12
3.5707045 -0.6080617 -0.42544475 234 88 12
3.5724076 -0.6103559 -0.42286905 234 88 12
3.579809 -0.62173276 -0.40885117 234 88 12
3.5867256 -0.63292439 -0.39529243 234 88 12
3.5882461 -0.63511215 -0.39271868 234 88 12
3.5927455 -0.64161158 -0.38536469 234 88 12
3.5942744 -0.64375872 -0.38299018 234 88 12
3.6062339 -0.66052438 -0.36471626 234 88 12
3.6076595 -0.66254657 -0.3624742 234 88 12
3.613189 -0.67062625 -0.35361728 234 88 12
3.6143637 -0.67259359 -0.3513325 234 88 12
3.6156891 -0.6745781 -0.34914834 234 88 12
3.6169655 -0.67652861 -0.34694857 234 88 12
3.6194649 -0.68042369 -0.34252122 234 88 12
3.6234218 -0.68641345 -0.33626179 234 88 12
3.6259885 -0.69025131 -0.33208005 234 88 12
3.6272713 -0.69217898 -0.32998284 234 88 12
3.6285598 -0.69410609 -0.32787914 234 88 12
3.6311988 -0.69805233 -0.3238341 234 88 12
3.6352896 -0.70394231 -0.31793344 234 88 12
3.6367776 -0.70594422 -0.31599883 234 88 12
3.638245 -0.70791341 -0.3141024 234 88 12
3.639813 -0.70996007 -0.31229211 234 88 12
3.6414151 -0.71200821 -0.31056831 234 88 12
3.6430772 -0.71408119 -0.3088216 234 88 12
3.6446922 -0.71608098 -0.3070283 234 88 12
3.6479997 -0.72011471 -0.30348358 234 88 12
3.6496655 -0.7221593 -0.30173404 234 88 12
3.6513183 -0.72418016 -0.29990069 234 88 12
3.6530256 -0.72626059 -0.2980971 234 88 12
3.65469 -0.72830988 -0.29622094 234 88 12
3.6642534 -0.74046653 -0.28439329 234 88 12
3.6658375 -0.74251867 -0.28234217 234 88 12
3.6689953 -0.7466661 -0.27814874 234 88 12
3.675923 -0.75660905 -0.26596642 234 88 12
3.6771261 -0.75850331 -0.26334938 234 88 12
3.6795122 -0.76217536 -0.25805928 234 88 12
3.6818677 -0.76580532 -0.25268574 234 88 12
3.6830358 -0.76758787 -0.25004261 234 88 12
3.6852106 -0.77109689 -0.24469923 234 88 12
3.6900584 -0.77821505 -0.2346904 234 88 12
3.6912492 -0.77999637 -0.23228177 234 88 12
3.6936372 -0.78360092 -0.22759152 234 88 12
3.6992217 -0.79090502 -0.21912833 234 88 12
3.7007395 -0.79276883 -0.2171929 234 88 12
3.7039913 -0.79663974 -0.21355261 234 88 12
3.7056017 -0.79856429 -0.21183031 234 88 12
3.7133816 -0.80803738 -0.20320107 234 88 12
3.7149008 -0.80987908 -0.20146906 234 88 12
3.7194662 -0.81533456 -0.19647322 234 88 12
3.7227084 -0.81902154 -0.19325814 234 88 12
3.7244183 -0.8209116 -0.19169231 234 88 12
3.7275572 -0.82464969 -0.18820797 234 88 12
3.7307246 -0.82836931 -0.1846959 234 88 12
3.7416831 -0.84189707 -0.17198026 234 88 12
3.7433157 -0.84385017 -0.17011741 234 88 12
3.7495069 -0.8513382 -0.16227604 234 88 12
3.7511121 -0.85323882 -0.16033149 234 88 12
3.7603212 -0.8645159 -0.14812174 234 88 12
3.7648319 -0.87014916 -0.14194408 234 88 12
3.7664655 -0.87200178 -0.13994063 234 88 12
3.7680777 -0.87382992 -0.13786851 234 88 12
3.7746886 -0.88139909 -0.12952774 234 88 12
3.7763416 -0.88330337 -0.12748105 234 88 12
3.7780529 -0.88519517 -0.12553409 234 88 12
3.779769 -0.88712859 -0.12352984 234 88 12
3.7814966 -0.88904463 -0.12151019 234 88 12
3.7867761 -0.89493333 -0.11548251 234 88 12
3.7920936 -0.90093745 -0.10958899 234 88 12
3.797788 -0.90706088 -0.10395403 234 88 12
3.8015549 -0.91115277 -0.10012764 234 88 12
3.8088638 -0.91934333 -0.092409479 234 88 12
3.8159468 -0.92759423 -0.084581688 234 88 12
3.8177338 -0.92967497 -0.082645654 234 88 12
3.8195675 -0.93182522 -0.080737527 234 88 12
3.8283242 -0.94243197 -0.070431394 234 88 12
3.8301325 -0.94458537 -0.068262865 234 88 12
3.8317629 -0.94669663 -0.066021797 234 88 12
3.8416148 -0.96014538 -0.05184312 234 88 12
3.8431626 -0.96250222 -0.049298647 234 88 12
3.8463556 -0.96729332 -0.044223206 234 88 12
3.8479107 -0.96968403 -0.041654495 234 88 12
3.8591169 -0.98622744 -0.023960702 234 88 12
3.8624376 -0.9909019 -0.019002435 234 88 12
3.8641326 -0.99322747 -0.016541111 234 88 12
3.5330431 -0.56798913 -0.47409155 234 88 12
3.5384969 -0.57475168 -0.46668344 234 88 12
3.54429 -0.58152415 -0.45928144 234 88 12
3.5463316 -0.58380019 -0.45689398 234 88 12
3.5503943 -0.58836774 -0.45207617 234 88 12
3.5523829 -0.59068075 -0.44961623 234 88 12
3.5580828 -0.59756748 -0.44209727 234 88 12
3.5617073 -0.60208237 -0.43704175 234 88 12
3.5667575 -0.60876468 -0.42913188 234 88 12
3.5683925 -0.61099184 -0.4264999 234 88 12
3.5700973 -0.61333752 -0.42385779 234 88 12
3.5716095 -0.61561124 -0.42102062 234 88 12
3.5772813 -0.62487529 -0.40946355 234 88 12
3.5827561 -0.63384185 -0.39849731 234 88 12
3.5856098 -0.63815968 -0.39331004 234 88 12
3.5871202 -0.64030644 -0.39081937 234 88 12
3.5901924 -0.64457028 -0.38602754 234 88 12
3.5932761 -0.64884025 -0.3813195 234 88 12
3.5980064 -0.65517754 -0.37452179 234 88 12
3.6010574 -0.65936578 -0.37001835 234 88 12
3.6025302 -0.661433 -0.36772544 234 88 12
3.6083159 -0.66956491 -0.35887372 234 88 12
3.6096686 -0.67156895 -0.35670332 234 88 12
3.6122329 -0.67555328 -0.35226774 234 88 12
3.6185471 -0.68536606 -0.34138308 234 88 12
3.6212185 -0.68928114 -0.33724068 234 88 12
3.622611 -0.69123166 -0.3351925 234 88 12
3.6290974 -0.70088065 -0.32486185 234 88 12
3.6303909 -0.70282478 -0.32287038 234 88 12
3.6318288 -0.7047787 -0.32098239 234 88 12
3.6377689 -0.71275058 -0.31344507 234 88 12
3.6459055 -0.72282011 -0.30458809 234 88 12
3.6475567 -0.72484976 -0.30284006 234 88 12
3.6509343 -0.72893399 -0.29922343 234 88 12
3.6543097 -0.73304702 -0.2955499 234 88 12
3.6606723 -0.74105767 -0.28779656 234 88 12
3.6622589 -0.74314214 -0.28573117 234 88 12
3.6638309 -0.74519 -0.28368299 234 88 12
3.6697356 -0.75325729 -0.27474261 234 88 12
3.6711452 -0.75526248 -0.27228631 234 88 12
3.672515 -0.7572483 -0.26983879 234 88 12
3.6785958 -0.76655202 -0.25661874 234 88 12
3.6819018 -0.77189347 -0.24837358 234 88 12
3.6841406 -0.77534663 -0.24316571 234 88 12
3.6890226 -0.78246747 -0.23338918 234 88 12
3.6902032 -0.78428047 -0.23097446 234 88 12
3.6969891 -0.7934013 -0.22025184 234 88 12
3.7000932 -0.79717005 -0.21640518 234 88 12
3.7065437 -0.80487525 -0.20949601 234 88 12
3.7081371 -0.80678768 -0.20781013 234 88 12
3.7128451 -0.81250612 -0.20270249 234 88 12
3.7173529 -0.81796373 -0.19768539 234 88 12
3.718895 -0.81978731 -0.19604394 234 88 12
3.727018 -0.82917775 -0.18767071 234 88 12
3.7317641 -0.83489461 -0.18241316 234 88 12
3.734933 -0.83876917 -0.17887887 234 88 12
3.7442849 -0.85027733 -0.16753782 234 88 12
3.7457715 -0.85212214 -0.16551567 234 88 12
3.7472808 -0.85397211 -0.16350171 234 88 12
3.7488579 -0.85586824 -0.16154062 234 88 12
3.7519692 -0.85966801 -0.15752031 234 88 12
3.761005 -0.87090204 -0.14518214 234 88 12
3.7625839 -0.87281262 -0.14315112 234 88 12
3.7641555 -0.87462905 -0.14108312 234 88 12
3.7658023 -0.87649208 -0.1390294 234 88 12
3.7674167 -0.87833907 -0.13691574 234 88 12
3.768997 -0.88021036 -0.13478115 234 88 12
3.7740624 -0.88599278 -0.12868479 234 88 12
3.775694 -0.88787188 -0.12665441 234 88 12
3.7773435 -0.88977062 -0.12461601 234 88 12
3.7790153 -0.89168117 -0.12254229 234 88 12
3.7842757 -0.89756091 -0.11651286 234 88 12
3.7860663 -0.8995713 -0.11451696 234 88 12
3.7935698 -0.90767566 -0.10690728 234 88 12
3.7953771 -0.90969556 -0.10487849 234 88 12
3.7990864 -0.91378644 -0.10095482 234 88 12
3.8028669 -0.91788662 -0.097198557 234 88 12
3.8064511 -0.92199532 -0.093220037 234 88 12
3.8100427 -0.9261241 -0.089352505 234 88 12
3.8136893 -0.93036428 -0.085463803 234 88 12
3.8154716 -0.93247606 -0.083519001 234 88 12
3.819066 -0.93676688 -0.079605607 234 88 12
3.8278484 -0.94744808 -0.069046573 234 88 12
3.8295401 -0.94957814 -0.066828295 234 88 12
3.8344325 -0.95612299 -0.059956878 234 88 12
3.841231 -0.96548656 -0.050276557 234 88 12
3.8459829 -0.97269278 -0.042699531 234 88 12
3.8507146 -0.97985272 -0.035062603 234 88 12
3.8522927 -0.98217083 -0.032514129 234 88 12
3.8538385 -0.98444216 -0.029982226 234 88 12
3.8555845 -0.98679497 -0.027569379 234 88 12
3.8606199 -0.99384354 -0.020286921 234 88 12
3.8622895 -0.99617527 -0.017836478 234 88 12
3.53117 -0.57080665 -0.47561333 234 88 12
3.5328922 -0.57309589 -0.47311186 234 88 12
3.5424343 -0.58438445 -0.46087114 234 88 12
3.5444618 -0.58665754 -0.45846878 234 88 12
3.5464944 -0.58891947 -0.45602299 234 88 12
3.5484624 -0.59123416 -0.45360062 234 88 12
3.550418 -0.59354196 -0.45112401 234 88 12
3.5541595 -0.59813391 -0.44599678 234 88 12
3.5628647 -0.6094806 -0.43294749 234 88 12
3.5661171 -0.61402262 -0.4275884 234 88 12
3.5692861 -0.61868758 -0.42193307 234 88 12
3.5707617 -0.62105167 -0.41897272 234 88 12
3.5817035 -0.63906427 -0.3965745 234 88 12
3.5846446 -0.64335113 -0.39155394 234 88 12
3.586159 -0.64542937 -0.3891119 234 88 12
3.5877454 -0.64755 -0.38679091 234 88 12
3.5909702 -0.65183456 -0.38214964 234 88 12
3.597283 -0.66027678 -0.37316066 234 88 12
3.6017472 -0.66638957 -0.36635519 234 88 12
3.6032005 -0.66842018 -0.36413271 234 88 12
3.6060828 -0.67251094 -0.35975782 234 88 12
3.6074748 -0.67452641 -0.35762257 234 88 12
3.6087804 -0.67650906 -0.35538297 234 88 12
3.6100711 -0.67847985 -0.35322701 234 88 12
3.6152121 -0.68632754 -0.34459062 234 88 12
3.6164569 -0.68829495 -0.34242126 234 88 12
3.6218768 -0.69605827 -0.33414687 234 88 12
3.6245163 -0.6999162 -0.33008415 234 88 12
3.6258039 -0.70184596 -0.32800183 234 88 12
3.6298179 -0.70760401 -0.32208685 234 88 12
3.6342988 -0.71353583 -0.31650787 234 88 12
3.63586 -0.71556809 -0.31470453 234 88 12
3.6404886 -0.72149014 -0.30924109 234 88 12
3.6421427 -0.72351383 -0.30744916 234 88 12
3.6438439 -0.7255381 -0.30572989 234 88 12
3.647226 -0.72959434 -0.3022333 234 88 12
3.6488753 -0.7315895 -0.30041125 234 88 12
3.6505924 -0.7336456 -0.29864476 234 88 12
3.6554566 -0.73971038 -0.29297792 234 88 12
3.6586333 -0.7437471 -0.28909487 234 88 12
3.6602317 -0.74579727 -0.28705953 234 88 12
3.6618363 -0.74784751 -0.28503833 234 88 12
3.6704431 -0.75987313 -0.27121463 234 88 12
3.6716943 -0.76176387 -0.26859087 234 88 12
3.6764692 -0.76910715 -0.25781216 234 88 12
3.6786454 -0.77264253 -0.25220191 234 88 12
3.6797525 -0.77441417 -0.24948314 234 88 12
3.6819384 -0.77783535 -0.24423117 234 88 12
3.6842705 -0.78132704 -0.2392745 234 88 12
3.6855407 -0.78315635 -0.23688172 234 88 12
3.6868058 -0.78494307 -0.23445777 234 88 12
3.6904874 -0.79032106 -0.22751213 234 88 12
3.696358 -0.79780163 -0.21943761 234 88 12
3.6979182 -0.79970362 -0.21753163 234 88 12
3.6995306 -0.80163415 -0.21574074 234 88 12
3.701119 -0.80356836 -0.21398424 234 88 12
3.7044816 -0.80749999 -0.21069337 234 88 12
3.7061269 -0.80944928 -0.20906835 234 88 12
3.7076939 -0.81136102 -0.20736205 234 88 12
3.710803 -0.81512173 -0.20396147 234 88 12
3.7138507 -0.81880311 -0.20062721 234 88 12
3.7153535 -0.82063205 -0.19901779 234 88 12
3.7169379 -0.82249315 -0.1973602 234 88 12
3.7202113 -0.82625192 -0.1940832 234 88 12
3.7218221 -0.82810578 -0.19240218 234 88 12
3.7233928 -0.82998903 -0.19065308 234 88 12
3.7249788 -0.83188847 -0.18890769 234 88 12
3.7297265 -0.83763132 -0.18375577 234 88 12
3.7313415 -0.83957015 -0.18203095 234 88 12
3.7359426 -0.84529786 -0.17646301 234 88 12
3.7391387 -0.84920785 -0.17276001 234 88 12
3.743752 -0.85479894 -0.16684068 234 88 12
3.7468578 -0.85857204 -0.16287884 234 88 12
3.7560627 -0.86984243 -0.15074855 234 88 12
3.7605339 -0.87551602 -0.14450707 234 88 12
3.763563 -0.87914368 -0.14021416 234 88 12
3.7651483 -0.88099324 -0.13805831 234 88 12
3.7749202 -0.89240217 -0.12571336 234 88 12
3.7782501 -0.89623085 -0.12157241 234 88 12
3.7800125 -0.89819601 -0.11953899 234 88 12
3.7818243 -0.90018582 -0.11757434 234 88 12
3.7873103 -0.90622656 -0.11161989 234 88 12
3.7949253 -0.91443906 -0.10390242 234 88 12
3.8021772 -0.92262275 -0.096031174 234 88 12
3.8040115 -0.92468021 -0.094047837 234 88 12
3.8057786 -0.92672218 -0.092061711 234 88 12
3.8076032 -0.9287816 -0.090185696 234 88 12
3.8113185 -0.93306638 -0.086326857 234 88 12
3.8130968 -0.93522946 -0.084329493 234 88 12
3.8149112 -0.93740974 -0.082383177 234 88 12
3.8273132 -0.95248061 -0.067652334 234 88 12
3.8323342 -0.95907849 -0.060861199 234 88 12
3.8375797 -0.96610423 -0.053746333 234 88 12
3.8457027 -0.97810785 -0.041264633 234 88 12
3.8504627 -0.98518148 -0.0337057 234 88 12
3.8554836 -0.99214749 -0.026369244 234 88 12
3.858741 -0.99676731 -0.02149497 234 88 12
3.8604328 -0.99912329 -0.019089707 234 88 12
3.5310878 -0.57591367 -0.47468591 234 88 12
3.5327874 -0.57814184 -0.4721405 234 88 12
3.5365025 -0.58269246 -0.46716712 234 88 12
3.544505 -0.59178855 -0.45750592 234 88 12
3.5464903 -0.59411668 -0.45503913 234 88 12
3.5502415 -0.59874155 -0.4500308 234 88 12
3.5573755 -0.60792417 -0.43946939 234 88 12
3.5590639 -0.6102388 -0.43678258 234 88 12
3.5683924 -0.62415291 -0.41974878 234 88 12
3.5698625 -0.62651441 -0.41682489 234 88 12
3.5712025 -0.62882907 -0.41385642 234 88 12
3.5725074 -0.63111169 -0.4109454 234 88 12
3.5738356 -0.6333762 -0.40804032 234 88 12
3.5808391 -0.64424795 -0.394789 234 88 12
3.5838342 -0.64842599 -0.38996582 234 88 12
3.5853867 -0.65052027 -0.38760107 234 88 12
3.588611 -0.65479062 -0.38296317 234 88 12
3.5933741 -0.66116378 -0.37619234 234 88 12
3.5966041 -0.66532319 -0.37174627 234 88 12
3.5980598 -0.66733993 -0.36945262 234 88 12
3.5995999 -0.66934981 -0.36730181 234 88 12
3.6011108 -0.67141238 -0.36513308 234 88 12
3.6067342 -0.67946998 -0.35644684 234 88 12
3.6119409 -0.68733628 -0.34779837 234 88 12
3.6132665 -0.68931768 -0.34571871 234 88 12
3.6145523 -0.69125879 -0.34356785 234 88 12
3.615799 -0.6931694 -0.34139749 234 88 12
3.6171288 -0.69507876 -0.3393111 234 88 12
3.621228 -0.7008824 -0.33324954 234 88 12
3.6237907 -0.70470716 -0.32914965 234 88 12
3.6278375 -0.71040276 -0.32325327 234 88 12
3.6292467 -0.71234497 -0.32134565 234 88 12
3.6307463 -0.71433535 -0.31948948 234 88 12
3.6322794 -0.71633811 -0.31767054 234 88 12
3.633802 -0.71831294 -0.31589949 234 88 12
3.6369408 -0.72225735 -0.31232169 234 88 12
3.6402202 -0.72625635 -0.30868686 234 88 12
3.6469163 -0.7343106 -0.30167014 234 88 12
3.6485957 -0.73633875 -0.29990983 234 88 12
3.6503181 -0.7383963 -0.29812646 234 88 12
3.6535479 -0.74243076 -0.29430982 234 88 12
3.6550421 -0.74440432 -0.29234456 234 88 12
3.6566625 -0.74644188 -0.29049833 234 88 12
3.6613542 -0.75254603 -0.28429335 234 88 12
3.6627806 -0.75452196 -0.28210899 234 88 12
3.6695985 -0.7643545 -0.26995398 234 88 12
3.6719617 -0.76800446 -0.26449128 234 88 12
3.6732234 -0.76985409 -0.26179865 234 88 12
3.6753051 -0.77338459 -0.25610588 234 88 12
3.6774593 -0.77687893 -0.25051458 234 88 12
3.6797664 -0.78032939 -0.24530904 234 88 12
3.6845289 -0.78737632 -0.2355526 234 88 12
3.6857729 -0.78916973 -0.23319684 234 88 12
3.6925451 -0.79841129 -0.22243886 234 88 12
3.6957192 -0.8022454 -0.21861481 234 88 12
3.7007268 -0.80814102 -0.21352189 234 88 12
3.7040552 -0.81209972 -0.21026159 234 88 12
3.7055871 -0.81398691 -0.20853929 234 88 12
3.7148981 -0.82514705 -0.19858579 234 88 12
3.7198172 -0.83081475 -0.19368081 234 88 12
3.7214004 -0.83270004 -0.19196589 234 88 12
3.7229981 -0.83463402 -0.19026929 234 88 12
3.7260892 -0.83847375 -0.18682784 234 88 12
3.735572 -0.84996756 -0.17597784 234 88 12
3.740194 -0.85565234 -0.1702104 234 88 12
3.7433607 -0.85938918 -0.16626911 234 88 12
3.7464072 -0.86319828 -0.16221047 234 88 12
3.7479679 -0.86509366 -0.16026389 234 88 12
3.754127 -0.87255869 -0.15216657 234 88 12
3.7555733 -0.87443901 -0.15007415 234 88 12
3.7570198 -0.87632591 -0.14796484 234 88 12
3.7585095 -0.8781896 -0.14585577 234 88 12
3.7663323 -0.88751183 -0.13522589 234 88 12
3.7697001 -0.89137408 -0.13123027 234 88 12
3.7743866 -0.89700134 -0.12485789 234 88 12
3.7760736 -0.89890926 -0.12280592 234 88 12
3.7795081 -0.90283631 -0.11875038 234 88 12
3.7812994 -0.90483449 -0.11671147 234 88 12
3.7850759 -0.90892419 -0.11275748 234 88 12
3.7927048 -0.91714762 -0.1050344 234 88 12
3.7961946 -0.92116624 -0.10096403 234 88 12
3.7998071 -0.92528851 -0.096950246 234 88 12
3.8016538 -0.92736557 -0.094971081 234 88 12
3.8034724 -0.92941665 -0.093004736 234 88 12
3.8089766 -0.93578449 -0.087211779 234 88 12
3.8107678 -0.93795825 -0.085173791 234 88 12
3.8126096 -0.94016444 -0.083213663 234 88 12
3.8179637 -0.94670136 -0.077084745 234 88 12
3.8196988 -0.94884341 -0.074943962 234 88 12
3.8250752 -0.95541512 -0.068494258 234 88 12
3.8268 -0.95761146 -0.066263341 234 88 12
3.8301502 -0.96203153 -0.061705636 234 88 12
3.8337842 -0.96670975 -0.057162554 234 88 12
3.8371724 -0.97145671 -0.052229 234 88 12
3.8388738 -0.97385132 -0.049779799 234 88 12
3.8421661 -0.97866365 -0.04487226 234 88 12
3.845528 -0.98352331 -0.039944375 234 88 12
3.8471153 -0.98587337 -0.037392147 234 88 12
3.8503045 -0.99046628 -0.032403334 234 88 12
3.8520654 -0.99283649 -0.03002853 234 88 12
3.8537298 -0.99512577 -0.027603859 234 88 12
3.8569662 -0.99973906 -0.022812402 234 88 12
3.5567886 -0.61321809 -0.43793773 234 88 12
3.5584539 -0.61555888 -0.43519742 234 88 12
3.5616157 -0.62024395 -0.42958837 234 88 12
3.5675597 -0.62965348 -0.41770796 234 88 12
3.5744143 -0.64086159 -0.40348473 234 88 12
3.5800803 -0.64936865 -0.39326384 234 88 12
3.5816046 -0.6514353 -0.39090451 234 88 12
3.5863869 -0.65780523 -0.38389583 234 88 12
3.587937 -0.65993544 -0.38156728 234 88 12
3.5895046 -0.66205865 -0.37934685 234 88 12
3.5911593 -0.66418563 -0.37715986 234 88 12
3.5927803 -0.66624712 -0.37493614 234 88 12
3.5943525 -0.66829938 -0.37265424 234 88 12
3.5958644 -0.67030775 -0.37038258 234 88 12
3.5989616 -0.67437659 -0.36613441 234 88 12
3.6004471 -0.6763949 -0.36404129 234 88 12
3.6018598 -0.67841895 -0.36187437 234 88 12
3.6113065 -0.69224093 -0.34683396 234 88 12
3.6139839 -0.69609294 -0.34262847 234 88 12
3.6153098 -0.69800324 -0.34055198 234 88 12
3.6179884 -0.7018545 -0.33648369 234 88 12
3.6192957 -0.70378294 -0.33444425 234 88 12
3.6205858 -0.70569419 -0.33240606 234 88 12
3.6233105 -0.70952921 -0.32844106 234 88 12
3.6246732 -0.71143238 -0.32648048 234 88 12
3.6260311 -0.71328801 -0.32456593 234 88 12
3.6319405 -0.72112406 -0.31720994 234 88 12
3.6334933 -0.72304638 -0.31546776 234 88 12
3.6399855 -0.73107641 -0.30826516 234 88 12
3.6450021 -0.73706695 -0.30300414 234 88 12
3.6499374 -0.7431104 -0.29751673 234 88 12
3.6515054 -0.74511495 -0.29558441 234 88 12
3.664833 -0.76310283 -0.27647226 234 88 12
3.6673769 -0.76687284 -0.27127365 234 88 12
3.6753693 -0.77936913 -0.25173928 234 88 12
3.6764951 -0.7810663 -0.24904768 234 88 12
3.6798654 -0.78628382 -0.24141206 234 88 12
3.686088 -0.79523808 -0.22977129 234 88 12
3.6874845 -0.79713004 -0.22767398 234 88 12
3.6889154 -0.79902653 -0.22556789 234 88 12
3.6904337 -0.80096143 -0.22358168 234 88 12
3.695218 -0.80677193 -0.21800909 234 88 12
3.6985969 -0.81077766 -0.21469264 234 88 12
3.700281 -0.81275926 -0.21306923 234 88 12
3.7019278 -0.81473886 -0.2114196 234 88 12
3.7050564 -0.81851975 -0.20801942 234 88 12
3.7067713 -0.82042674 -0.20650412 234 88 12
3.7083849 -0.82230378 -0.20488418 234 88 12
3.711453 -0.82603729 -0.20157342 234 88 12
3.7162083 -0.83162565 -0.19667889 234 88 12
3.7210273 -0.83742076 -0.19162342 234 88 12
3.7256865 -0.84319145 -0.18645444 234 88 12
3.7288601 -0.84694875 -0.18286093 234 88 12
3.7304442 -0.8488407 -0.1810513 234 88 12
3.7320631 -0.85078306 -0.17925488 234 88 12
3.7351799 -0.85462323 -0.17543996 234 88 12
3.7367425 -0.8564959 -0.17353064 234 88 12
3.7383112 -0.8583631 -0.17162144 234 88 12
3.7415258 -0.86215315 -0.16775859 234 88 12
3.7445489 -0.86596761 -0.163681 234 88 12
3.7522448 -0.87528968 -0.1536313 234 88 12
3.7551533 -0.87903276 -0.14944671 234 88 12
3.7580336 -0.88272505 -0.14510215 234 88 12
3.7595454 -0.88455177 -0.14291863 234 88 12
3.7627325 -0.88833527 -0.13870925 234 88 12
3.7675595 -0.89409204 -0.13252083 234 88 12
3.7706393 -0.8978188 -0.12828185 234 88 12
3.7722199 -0.89971403 -0.12615687 234 88 12
3.7773761 -0.90552681 -0.1200171 234 88 12
3.7922054 -0.92188507 -0.10410563 234 88 12
3.7939574 -0.92390322 -0.10205016 234 88 12
3.8029998 -0.93421324 -0.09203978 234 88 12
3.8066617 -0.93852576 -0.088097917 234 88 12
3.8084513 -0.94070821 -0.086036475 234 88 12
3.8103295 -0.94293601 -0.084110992 234 88 12
3.8121666 -0.94516497 -0.082082441 234 88 12
3.813966 -0.94735021 -0.080052795 234 88 12
3.8174466 -0.9516866 -0.075771862 234 88 12
3.8228781 -0.95835146 -0.069406303 234 88 12
3.8263355 -0.96276017 -0.064958873 234 88 12
3.5546573 -0.6162854 -0.43912333 234 88 12
3.5609523 -0.6257557 -0.4276377 234 88 12
3.5624375 -0.62811694 -0.42465177 234 88 12
3.5638731 -0.63047063 -0.42159593 234 88 12
3.5653181 -0.63281626 -0.41861283 234 88 12
3.5693997 -0.63955449 -0.40987413 234 88 12
3.5708596 -0.64176708 -0.40716868 234 88 12
3.572216 -0.64392062 -0.40443651 234 88 12
3.5735591 -0.64602983 -0.40180732 234 88 12
3.57486 -0.64815149 -0.39913 234 88 12
3.5763426 -0.65029111 -0.39662204 234 88 12
3.577852 -0.65238127 -0.39418659 234 88 12
3.5794471 -0.65447083 -0.39185273 234 88 12
3.5826442 -0.6587298 -0.38716893 234 88 12
3.5857487 -0.66295583 -0.38257296 234 88 12
3.5889845 -0.66716072 -0.37818179 234 88 12
3.5906079 -0.66923665 -0.37596466 234 88 12
3.6040546 -0.6874417 -0.35646211 234 88 12
3.6148775 -0.70286323 -0.33984264 234 88 12
3.617457 -0.70668419 -0.33572364 234 88 12
3.6187015 -0.70857714 -0.3336612 234 88 12
3.6214142 -0.71240622 -0.32976368 234 88 12
3.6227964 -0.71431863 -0.3278341 234 88 12
3.6241861 -0.71619251 -0.32590582 234 88 12
3.631578 -0.72585415 -0.31678387 234 88 12
3.633191 -0.72783424 -0.31498645 234 88 12
3.6348603 -0.72985272 -0.31327354 234 88 12
3.6364815 -0.73186805 -0.31143006 234 88 12
3.6381632 -0.7338956 -0.30970339 234 88 12
3.6414437 -0.73786485 -0.30614722 234 88 12
3.6430389 -0.73982143 -0.30435259 234 88 12
3.646192 -0.74376741 -0.30066918 234 88 12
3.6493722 -0.74779299 -0.29689019 234 88 12
3.6639793 -0.76761663 -0.27531504 234 88 12
3.6665935 -0.77136668 -0.27004976 234 88 12
3.6677713 -0.77319911 -0.26727914 234 88 12
3.6731302 -0.78184933 -0.25293888 234 88 12
3.6742592 -0.78352756 -0.25024767 234 88 12
3.6753692 -0.78522998 -0.24760221 234 88 12
3.6765737 -0.78700501 -0.2450814 234 88 12
3.6777161 -0.78875584 -0.24257133 234 88 12
3.6789041 -0.79050137 -0.24017057 234 88 12
3.6800674 -0.79223432 -0.23774745 234 88 12
3.6853379 -0.79966764 -0.22882555 234 88 12
3.6914337 -0.80741597 -0.22094032 234 88 12
3.6947113 -0.81134748 -0.21745062 234 88 12
3.6964504 -0.81337348 -0.2158666 234 88 12
3.6998299 -0.81733651 -0.21263989 234 88 12
3.7047153 -0.82309526 -0.20774986 234 88 12
3.7063389 -0.82497782 -0.20611264 234 88 12
3.7095112 -0.82874993 -0.20283627 234 88 12
3.7110134 -0.83060254 -0.20115475 234 88 12
3.7125846 -0.83244193 -0.19956499 234 88 12
3.7142321 -0.8343594 -0.1979978 234 88 12
3.7206854 -0.84213201 -0.19138439 234 88 12
3.7222693 -0.84409641 -0.18968682 234 88 12
3.7238452 -0.84600637 -0.18792838 234 88 12
3.7269369 -0.8497489 -0.18426407 234 88 12
3.7285258 -0.85163918 -0.18245432 234 88 12
3.7412745 -0.86685251 -0.16729157 234 88 12
3.7442763 -0.87060181 -0.16319529 234 88 12
3.7457288 -0.87244736 -0.16112082 234 88 12
3.7518673 -0.87990909 -0.15300267 234 88 12
3.7532796 -0.88177064 -0.15086672 234 88 12
3.7547222 -0.88361084 -0.14869789 234 88 12
3.7561773 -0.8854408 -0.14653148 234 88 12
3.7576829 -0.88729051 -0.14438897 234 88 12
3.7592341 -0.88921101 -0.1422634 234 88 12
3.760804 -0.89110687 -0.14017182 234 88 12
3.7639187 -0.89491615 -0.1359534 234 88 12
3.7655136 -0.89681099 -0.13388346 234 88 12
3.768617 -0.90055415 -0.12967301 234 88 12
3.7735577 -0.90629365 -0.12337968 234 88 12
3.7789574 -0.91230877 -0.11727374 234 88 12
3.7827658 -0.91645722 -0.11337472 234 88 12
3.7846189 -0.91851365 -0.1113476 234 88 12
3.7864745 -0.92056709 -0.10933372 234 88 12
3.7918153 -0.92665595 -0.10321111 234 88 12
3.793554 -0.92869939 -0.10115327 234 88 12
3.7989256 -0.93491015 -0.095013407 234 88 12
3.80076 -0.93700711 -0.093023691 234 88 12
3.8025559 -0.93913429 -0.09098103 234 88 12
3.8062429 -0.94350303 -0.086977538 234 88 12
3.8172182 -0.95678514 -0.074697052 234 88 12
3.819038 -0.95905032 -0.072571107 234 88 12
3.8208141 -0.96130694 -0.070368228 234 88 12
3.826181 -0.96805644 -0.06372049 234 88 12
3.8280223 -0.97038929 -0.061484315 234 88 12
3.5526004 -0.61937806 -0.44040315 234 88 12
3.5572911 -0.62651679 -0.43169108 234 88 12
3.5587971 -0.62890465 -0.42870275 234 88 12
3.5602377 -0.63126023 -0.4256487 234 88 12
3.5630573 -0.63590827 -0.41961757 234 88 12
3.564468 -0.63818829 -0.41666706 234 88 12
3.5658941 -0.64042126 -0.41383033 234 88 12
3.5672024 -0.64261634 -0.410898 234 88 12
3.5686085 -0.64478708 -0.40817059 234 88 12
3.5699328 -0.64693114 -0.40542944 234 88 12
3.5713245 -0.64907398 -0.40281109 234 88 12
3.5741729 -0.65333232 -0.39767716 234 88 12
3.575703 -0.65543447 -0.39524127 234 88 12
3.5772993 -0.65754404 -0.39286263 234 88 12
3.5821065 -0.66390662 -0.38600178 234 88 12
3.5837087 -0.66599446 -0.38376258 234 88 12
3.5853273 -0.66809787 -0.38157958 234 88 12
3.5869761 -0.67019215 -0.37936585 234 88 12
3.5885845 -0.67225908 -0.37711163 234 88 12
3.5902061 -0.67429942 -0.37490744 234 88 12
3.5917456 -0.67631777 -0.3726719 234 88 12
3.5963625 -0.68236297 -0.36622337 234 88 12
3.5977896 -0.68436452 -0.3640278 234 88 12
3.6006668 -0.68844094 -0.3597623 234 88 12
3.6049114 -0.69443416 -0.35349261 234 88 12
3.6062802 -0.69635916 -0.35138959 234 88 12
3.6089474 -0.70008455 -0.34725308 234 88 12
3.611691 -0.70387463 -0.34326937 234 88 12
3.6130395 -0.7057835 -0.34122893 234 88 12
3.6156595 -0.70961028 -0.33707159 234 88 12
3.6182889 -0.71342862 -0.33311078 234 88 12
3.6196232 -0.71534305 -0.33113589 234 88 12
3.6224215 -0.71915023 -0.3273344 234 88 12
3.623804 -0.72104368 -0.32545512 234 88 12
3.6297976 -0.72873186 -0.31819904 234 88 12
3.6313785 -0.7306971 -0.3163895 234 88 12
3.6329888 -0.73267084 -0.31467003 234 88 12
3.6345343 -0.73465017 -0.31282467 234 88 12
3.6361518 -0.73661898 -0.3110375 234 88 12
3.6393373 -0.74054961 -0.30740443 234 88 12
3.6605491 -0.76828011 -0.27920052 234 88 12
3.6631715 -0.7720966 -0.27406708 234 88 12
3.6656353 -0.77576867 -0.26862309 234 88 12
3.6666454 -0.77750774 -0.26568247 234 88 12
3.6699399 -0.78268661 -0.25699781 234 88 12
3.6710173 -0.78437441 -0.25425357 234 88 12
3.6721573 -0.78605103 -0.25155182 234 88 12
3.6779365 -0.79469633 -0.23893138 234 88 12
3.6792396 -0.79656798 -0.23668101 234 88 12
3.6910175 -0.8120269 -0.22046134 234 88 12
3.6942985 -0.81600412 -0.2170366 234 88 12
3.6977978 -0.81999216 -0.21389961 234 88 12
3.7043869 -0.8277031 -0.20743313 234 88 12
3.70606 -0.82961823 -0.2058562 234 88 12
3.7076518 -0.83150656 -0.20419815 234 88 12
3.7091943 -0.8333762 -0.20253821 234 88 12
3.7108311 -0.83526949 -0.20098974 234 88 12
3.7141035 -0.83910626 -0.19783022 234 88 12
3.7156609 -0.84102101 -0.1961172 234 88 12
3.7203932 -0.84684877 -0.19109861 234 88 12
3.7220077 -0.84876739 -0.18936525 234 88 12
3.7284316 -0.85636856 -0.18209335 234 88 12
3.7316229 -0.86016163 -0.17843886 234 88 12
3.7332184 -0.86204575 -0.17659736 234 88 12
3.7395693 -0.86966122 -0.16882812 234 88 12
3.7455562 -0.87711647 -0.1606589 234 88 12
3.748577 -0.8808651 -0.15654174 234 88 12
3.7515411 -0.88455573 -0.15240717 234 88 12
3.7529545 -0.88639336 -0.15023698 234 88 12
3.757488 -0.89203642 -0.14385125 234 88 12
3.7604575 -0.89582694 -0.13955671 234 88 12
3.7681891 -0.90520848 -0.1288949 234 88 12
3.7715639 -0.90906535 -0.12472024 234 88 12
3.7733158 -0.91100517 -0.12265685 234 88 12
3.7751775 -0.91301221 -0.12064906 234 88 12
3.776976 -0.91503551 -0.11860517 234 88 12
3.7843373 -0.92331195 -0.11051809 234 88 12
3.7861176 -0.92531501 -0.10845643 234 88 12
3.787904 -0.92734613 -0.10641281 234 88 12
3.789714 -0.92939264 -0.10442099 234 88 12
3.7914465 -0.93144326 -0.10234194 234 88 12
3.7986213 -0.9398212 -0.094082165 234 88 12
3.8022096 -0.94409343 -0.090009563 234 88 12
3.8095052 -0.95292381 -0.0818156 234 88 12
3.8151919 -0.9596552 -0.075677155 234 88 12
3.8188382 -0.96423985 -0.071384977 234 88 12
3.824328 -0.97107831 -0.064824728 234 88 12
3.5537291 -0.6272596 -0.43585957 234 88 12
3.5580549 -0.63437842 -0.42667167 234 88 12
3.5609522 -0.63901847 -0.42073743 234 88 12
3.5692086 -0.65216268 -0.40391177 234 88 12
3.5721462 -0.65644655 -0.39883222 234 88 12
3.5751974 -0.66063396 -0.39398616 234 88 12
3.5783416 -0.66485563 -0.38932302 234 88 12
3.5849853 -0.67321632 -0.38051344 234 88 12
3.5866283 -0.67528756 -0.37829878 234 88 12
3.5913772 -0.68136649 -0.37175628 234 88 12
3.5929536 -0.68338188 -0.36962223 234 88 12
3.5944424 -0.68535537 -0.3674453 234 88 12
3.5972921 -0.68938897 -0.36310262 234 88 12
3.6029473 -0.69738991 -0.35469304 234 88 12
3.6070233 -0.70304184 -0.34849441 234 88 12
3.6138761 -0.71257837 -0.33848018 234 88 12
3.6164586 -0.7163679 -0.33448303 234 88 12
3.6219744 -0.72398661 -0.32686624 234 88 12
3.6249466 -0.72778163 -0.32321575 234 88 12
3.6279405 -0.73161279 -0.31955349 234 88 12
3.6311326 -0.73553554 -0.31600577 234 88 12
3.6326531 -0.73748741 -0.31418694 234 88 12
3.6342628 -0.73942566 -0.31240866 234 88 12
3.635829 -0.74136689 -0.31060068 234 88 12
3.6374016 -0.74332745 -0.30873524 234 88 12
3.6436954 -0.75129802 -0.30145389 234 88 12
3.6597584 -0.7727558 -0.27808162 234 88 12
3.6610763 -0.77466426 -0.27550622 234 88 12
3.6634604 -0.77829734 -0.26998215 234 88 12
3.6655668 -0.7817072 -0.26404634 234 88 12
3.6699713 -0.78856876 -0.25283022 234 88 12
3.672152 -0.79189055 -0.24754916 234 88 12
3.6745285 -0.79539851 -0.24256382 234 88 12
3.675774 -0.79723801 -0.2401563 234 88 12
3.6826759 -0.80676551 -0.22926608 234 88 12
3.6841852 -0.80871503 -0.22723617 234 88 12
3.6857287 -0.81068298 -0.22528988 234 88 12
3.6873886 -0.81269636 -0.22352235 234 88 12
3.6923241 -0.81865663 -0.21833297 234 88 12
3.6940235 -0.82061755 -0.21673624 234 88 12
3.6975244 -0.82462649 -0.21362788 234 88 12
3.6991808 -0.82658694 -0.21199902 234 88 12
3.7041515 -0.83236291 -0.20716443 234 88 12
3.707355 -0.83614573 -0.20390454 234 88 12
3.7089821 -0.83807103 -0.20233473 234 88 12
3.7106244 -0.83997088 -0.20080126 234 88 12
3.7122313 -0.84190802 -0.19922812 234 88 12
3.7154448 -0.84576617 -0.19594322 234 88 12
3.7187099 -0.84967477 -0.19262729 234 88 12
3.7203252 -0.85160486 -0.19086338 234 88 12
3.7218709 -0.8535394 -0.18899935 234 88 12
3.7483774 -0.88552283 -0.15602717 234 88 12
3.7498698 -0.88738536 -0.15395535 234 88 12
3.7528179 -0.8911057 -0.14973383 234 88 12
3.7571745 -0.89674908 -0.14324321 234 88 12
3.7616041 -0.90233298 -0.1367577 234 88 12
3.7631592 -0.9042159 -0.13461219 234 88 12
3.764716 -0.90611751 -0.13248638 234 88 12
3.7663099 -0.90804601 -0.13033187 234 88 12
3.7679819 -0.90995807 -0.12825788 234 88 12
3.7696526 -0.91186277 -0.12614704 234 88 12
3.7767115 -0.91989264 -0.11788326 234 88 12
3.7803269 -0.92398286 -0.11375568 234 88 12
3.7876901 -0.93218994 -0.10564433 234 88 12
3.7894109 -0.93426514 -0.10356021 234 88 12
3.7911099 -0.93634024 -0.10147353 234 88 12
3.794734 -0.94053229 -0.097314981 234 88 12
3.8019123 -0.94906376 -0.089012822 234 88 12
3.8037862 -0.9513016 -0.086990082 234 88 12
3.8074871 -0.95573636 -0.082845791 234 88 12
3.8150976 -0.9648362 -0.074628355 234 88 12
3.816938 -0.96717936 -0.072475852 234 88 12
3.8243684 -0.97640187 -0.063697259 234 88 12
3.5484469 -0.62554811 -0.44283889 234 88 12
3.5531401 -0.63279824 -0.43402209 234 88 12
3.5559517 -0.63752696 -0.42787118 234 88 12
3.5573715 -0.63984895 -0.42486559 234 88 12
3.5642349 -0.65090184 -0.41040603 234 88 12
3.5656088 -0.65306642 -0.4076456 234 88 12
3.5715669 -0.66165191 -0.3975861 234 88 12
3.5730948 -0.66373598 -0.39513726 234 88 12
3.5746743 -0.66583407 -0.39280996 234 88 12
3.5812811 -0.67418167 -0.38390585 234 88 12
3.5829614 -0.67624907 -0.38171296 234 88 12
3.5846119 -0.6783139 -0.37949062 234 88 12
3.589476 -0.68437127 -0.37306913 234 88 12
3.5910473 -0.68637785 -0.37096354 234 88 12
3.5925522 -0.68834608 -0.36877417 234 88 12
3.5968364 -0.69446498 -0.3622647 234 88 12
3.5982407 -0.6964664 -0.36014104 234 88 12
3.6010616 -0.70040589 -0.35595657 234 88 12
3.6024518 -0.70231601 -0.35389239 234 88 12
3.6079516 -0.70981132 -0.34585659 234 88 12
3.6093755 -0.71172889 -0.34391496 234 88 12
3.6160097 -0.72121598 -0.3339591 234 88 12
3.6188255 -0.72503197 -0.33019461 234 88 12
3.6202689 -0.72691596 -0.3283313 234 88 12
3.6231423 -0.73068076 -0.32462989 234 88 12
3.6307743 -0.74027131 -0.31556807 234 88 12
3.6337821 -0.74410391 -0.31192413 234 88 12
3.6385844 -0.75008111 -0.30650784 234 88 12
3.6417575 -0.75404547 -0.30287112 234 88 12
3.6433277 -0.75602024 -0.30098103 234 88 12
3.6576597 -0.77531416 -0.2794566 234 88 12
3.661352 -0.78080739 -0.2713796 234 88 12
3.6656768 -0.78775031 -0.25967881 234 88 12
3.6667516 -0.78944574 -0.25688233 234 88 12
3.6678274 -0.79108185 -0.25415202 234 88 12
3.6688947 -0.79273214 -0.2514401 234 88 12
3.6711209 -0.79615521 -0.24623776 234 88 12
3.6723704 -0.7979258 -0.24383496 234 88 12
3.6749873 -0.80168345 -0.23920659 234 88 12
3.6762676 -0.80355635 -0.23687693 234 88 12
3.6776843 -0.80549046 -0.23477619 234 88 12
3.6790958 -0.80741805 -0.2326173 234 88 12
3.6805826 -0.80936798 -0.23054975 234 88 12
3.6837114 -0.81331549 -0.22661233 234 88 12
3.6854188 -0.81534804 -0.22487498 234 88 12
3.687085 -0.81736393 -0.22307398 234 88 12
3.6887557 -0.8193554 -0.22137691 234 88 12
3.6904136 -0.82134269 -0.21965319 234 88 12
3.6937813 -0.82529229 -0.21645524 234 88 12
3.6972415 -0.82930669 -0.21329721 234 88 12
3.7006289 -0.83319057 -0.21015931 234 88 12
3.7023025 -0.83510044 -0.2085515 234 88 12
3.7039147 -0.83702618 -0.20694466 234 88 12
3.7105469 -0.84474411 -0.20075066 234 88 12
3.7121072 -0.84664699 -0.19908182 234 88 12
3.7186412 -0.85446115 -0.19231737 234 88 12
3.7251791 -0.86214219 -0.18518598 234 88 12
3.7268484 -0.86402743 -0.18339806 234 88 12
3.7316629 -0.86972221 -0.17781394 234 88 12
3.7364255 -0.87538536 -0.1720051 234 88 12
3.7379163 -0.87724076 -0.16998545 234 88 12
3.7408811 -0.88101021 -0.16588778 234 88 12
3.7424292 -0.88289858 -0.16386237 234 88 12
3.7439114 -0.88473679 -0.16183795 234 88 12
3.7482724 -0.8902525 -0.15557203 234 88 12
3.7497329 -0.89213209 -0.15349372 234 88 12
3.7540615 -0.89771627 -0.14702954 234 88 12
3.7554656 -0.89958375 -0.14487451 234 88 12
3.7568504 -0.90142176 -0.14263845 234 88 12
3.758276 -0.90325668 -0.14044466 234 88 12
3.7612745 -0.9070167 -0.13605421 234 88 12
3.7644644 -0.91088445 -0.13176156 234 88 12
3.7678329 -0.91469832 -0.12761311 234 88 12
3.7695355 -0.91663182 -0.1255129 234 88 12
3.7747256 -0.92266638 -0.11923362 234 88 12
3.7836919 -0.9328703 -0.10880865 234 88 12
3.7891448 -0.93918504 -0.10267788 234 88 12
3.7980077 -0.9496954 -0.092098505 234 88 12
3.7998801 -0.95192468 -0.090082292 234 88 12
3.8017727 -0.95414427 -0.088035414 234 88 12
3.8036436 -0.95639405 -0.085965283 234 88 12
3.8073182 -0.96080969 -0.081819158 234 88 12
3.8111564 -0.96540194 -0.077743475 234 88 12
3.8187278 -0.97471404 -0.06912243 234 88 12
3.8206369 -0.97701838 -0.06696522 234 88 12
3.8225097 -0.97937729 -0.064729928 234 88 12
3.5494911 -0.63349423 -0.43815417 234 88 12
3.5538385 -0.64062349 -0.42909026 234 88 12
3.5566729 -0.64520625 -0.42317645 234 88 12
3.5594553 -0.64965387 -0.41733608 234 88 12
3.5679264 -0.66261684 -0.40116118 234 88 12
3.569466 -0.66472433 -0.39875138 234 88 12
3.5709987 -0.66681917 -0.39631554 234 88 12
3.5742322 -0.67099506 -0.39167297 234 88 12
3.5758353 -0.67306721 -0.38939062 234 88 12
3.5791793 -0.67719767 -0.38499892 234 88 12
3.5826321 -0.68133692 -0.38075493 234 88 12
3.5843109 -0.68335835 -0.37860298 234 88 12
3.5875674 -0.6873704 -0.37434385 234 88 12
3.5935861 -0.69545398 -0.36575601 234 88 12
3.595001 -0.69749697 -0.36363979 234 88 12
3.5978236 -0.70146165 -0.35940213 234 88 12
3.6019583 -0.70716224 -0.35319472 234 88 12
3.6032927 -0.70900802 -0.35114806 234 88 12
3.6046817 -0.7108769 -0.34914414 234 88 12
3.6102053 -0.71848398 -0.34121185 234 88 12
3.6185166 -0.72987185 -0.32976292 234 88 12
3.6226892 -0.7354031 -0.32420963 234 88 12
3.6241657 -0.73728658 -0.32234849 234 88 12
3.6257557 -0.73922189 -0.3205641 234 88 12
3.6303776 -0.74498045 -0.31510289 234 88 12
3.6350494 -0.75089885 -0.30971275 234 88 12
3.6365999 -0.75286237 -0.30789166 234 88 12
3.6413201 -0.75875633 -0.30241206 234 88 12
3.6555727 -0.77790957 -0.28089957 234 88 12
3.6592806 -0.78338404 -0.27285636 234 88 12
3.6613707 -0.78681116 -0.26692649 234 88 12
3.6634966 -0.79025729 -0.26102824 234 88 12
3.6656325 -0.79358407 -0.25543555 234 88 12
3.6667041 -0.79523408 -0.25275169 234 88 12
3.6678778 -0.79697113 -0.25016153 234 88 12
3.6689986 -0.79872488 -0.24756523 234 88 12
3.672736 -0.80421427 -0.24038677 234 88 12
3.6740997 -0.80610845 -0.23810199 234 88 12
3.6784931 -0.8119428 -0.2318243 234 88 12
3.6833581 -0.81797246 -0.22612856 234 88 12
3.6850588 -0.82000086 -0.22433496 234 88 12
3.6867817 -0.82201839 -0.22265491 234 88 12
3.6901422 -0.82600943 -0.2193588 234 88 12
3.6918435 -0.82800422 -0.21776195 234 88 12
3.6935646 -0.83000861 -0.21615863 234 88 12
3.6953601 -0.83201335 -0.21460843 234 88 12
3.7005304 -0.83788557 -0.20995055 234 88 12
3.7021313 -0.83981459 -0.20834124 234 88 12
3.7071143 -0.84558427 -0.20378744 234 88 12
3.7104048 -0.84949543 -0.20062396 234 88 12
3.7185783 -0.85928965 -0.1920205 234 88 12
3.7202256 -0.86121449 -0.19027672 234 88 12
3.7218313 -0.86312521 -0.18844435 234 88 12
3.7235068 -0.86503389 -0.18667938 234 88 12
3.7252055 -0.86696936 -0.18491321 234 88 12
3.7269466 -0.86892016 -0.18318533 234 88 12
3.7286524 -0.87082848 -0.18142308 234 88 12
3.7317013 -0.87453792 -0.17748951 234 88 12
3.7332716 -0.87640816 -0.17553885 234 88 12
3.7392281 -0.8839085 -0.16745602 234 88 12
3.74071 -0.88576127 -0.1653777 234 88 12
3.7422582 -0.8876101 -0.16338546 234 88 12
3.7451631 -0.89128435 -0.15919886 234 88 12
3.7465874 -0.89314252 -0.1571176 234 88 12
3.7480416 -0.89501783 -0.15504473 234 88 12
3.7508006 -0.898695 -0.15071517 234 88 12
3.7521972 -0.90053547 -0.14853151 234 88 12
3.7625686 -0.91370602 -0.13322342 234 88 12
3.7659734 -0.91755016 -0.12907132 234 88 12
3.772668 -0.92541716 -0.12058703 234 88 12
3.7743675 -0.92742826 -0.11839888 234 88 12
3.7778251 -0.93149073 -0.11404177 234 88 12
3.7907455 -0.94617685 -0.0996762 234 88 12
3.7924851 -0.94829288 -0.097556605 234 88 12
3.8016832 -0.95923934 -0.087121583 234 88 12
3.8035545 -0.96148639 -0.08505833 234 88 12
3.8053802 -0.96372117 -0.082969563 234 88 12
3.8073149 -0.96600992 -0.080934501 234 88 12
3.8149299 -0.97535717 -0.072380673 234 88 12
3.8187307 -0.98000316 -0.067990558 234 88 12
3.5459069 -0.63422344 -0.44248327 234 88 12
3.5474137 -0.63663417 -0.43944471 234 88 12
3.5488693 -0.6390115 -0.4364309 234 88 12
3.5546099 -0.64830856 -0.42449801 234 88 12
3.5572875 -0.6527379 -0.41857912 234 88 12
3.5585427 -0.65485404 -0.41564931 234 88 12
3.5627808 -0.66133883 -0.40739754 234 88 12
3.5642565 -0.66348826 -0.40483279 234 88 12
3.5805637 -0.68433146 -0.38196556 234 88 12
3.58715 -0.69234273 -0.37350298 234 88 12
3.5887269 -0.694367 -0.37131739 234 88 12
3.5916635 -0.69844219 -0.3670539 234 88 12
3.5945833 -0.7024416 -0.36290585 234 88 12
3.5960335 -0.70446323 -0.36079012 234 88 12
3.5988852 -0.70837315 -0.35670576 234 88 12
3.6042821 -0.71574708 -0.34854493 234 88 12
3.6056575 -0.71763159 -0.34651894 234 88 12
3.6096714 -0.72331038 -0.3406227 234 88 12
3.6110259 -0.72521948 -0.33865576 234 88 12
3.6124735 -0.72712541 -0.33677532 234 88 12
3.6139083 -0.72901757 -0.33490378 234 88 12
3.6153429 -0.73087554 -0.33306165 234 88 12
3.6167091 -0.73273798 -0.33117952 234 88 12
3.6180554 -0.73457646 -0.32925545 234 88 12
3.619373 -0.73641637 -0.32737578 234 88 12
3.6222463 -0.74010543 -0.32372362 234 88 12
3.6238243 -0.74199824 -0.3219538 234 88 12
3.6253428 -0.74389701 -0.32009443 234 88 12
3.6284006 -0.74774839 -0.3164916 234 88 12
3.6362158 -0.75756835 -0.30746636 234 88 12
3.6392932 -0.76148341 -0.30379627 234 88 12
3.6523381 -0.77867309 -0.28490274 234 88 12
3.6560511 -0.78424207 -0.27705207 234 88 12
3.6602834 -0.79114818 -0.26538991 234 88 12
3.6613528 -0.79284141 -0.26242334 234 88 12
3.6623831 -0.79449508 -0.25954643 234 88 12
3.6668021 -0.80129564 -0.24879391 234 88 12
3.6705927 -0.80674839 -0.24166907 234 88 12
3.6780093 -0.81653744 -0.23117889 234 88 12
3.6796847 -0.81857881 -0.22934035 234 88 12
3.6813213 -0.82058492 -0.22743827 234 88 12
3.6847397 -0.82464957 -0.22394852 234 88 12
3.6882023 -0.82873768 -0.22069783 234 88 12
3.6916345 -0.83275993 -0.21749248 234 88 12
3.6934271 -0.83476717 -0.21595496 234 88 12
3.698749 -0.84065792 -0.21140291 234 88 12
3.7020577 -0.84453499 -0.20831183 234 88 12
3.7070407 -0.85037333 -0.20368684 234 88 12
3.7120255 -0.85630281 -0.19874859 234 88 12
3.7137398 -0.85830726 -0.1970706 234 88 12
3.715377 -0.86026863 -0.19534411 234 88 12
3.7185674 -0.86409184 -0.19172591 234 88 12
3.7235329 -0.86990718 -0.18639901 234 88 12
3.7302266 -0.87749154 -0.17914937 234 88 12
3.7332863 -0.88120649 -0.17522966 234 88 12
3.7376984 -0.88681592 -0.16907249 234 88 12
3.7406449 -0.89050763 -0.16493451 234 88 12
3.7420419 -0.89233911 -0.1628124 234 88 12
3.7449314 -0.89606108 -0.15868548 234 88 12
3.7463219 -0.89794127 -0.15659591 234 88 12
3.747694 -0.89978073 -0.15445281 234 88 12
3.7504187 -0.90341496 -0.15007469 234 88 12
3.7591428 -0.91462503 -0.13694389 234 88 12
3.7607329 -0.91654169 -0.13475038 234 88 12
3.7640441 -0.9203828 -0.13047708 234 88 12
3.7657155 -0.92232232 -0.12840349 234 88 12
3.7741326 -0.93226566 -0.11753441 234 88 12
3.7795322 -0.93844328 -0.11128461 234 88 12
3.7832454 -0.94266763 -0.10712755 234 88 12
3.7868588 -0.9468604 -0.10290334 234 88 12
3.7886764 -0.94900907 -0.10078824 234 88 12
3.7940348 -0.9554261 -0.094473222 234 88 12
3.8167693 -0.98297426 -0.069006584 234 88 12
3.5438377 -0.63732594 -0.44383056 234 88 12
3.5496489 -0.64677461 -0.43171828 234 88 12
3.55109 -0.64909947 -0.42875439 234 88 12
3.5524295 -0.65136204 -0.42577229 234 88 12
3.5538023 -0.65362854 -0.42283575 234 88 12
3.5577914 -0.66004183 -0.41409437 234 88 12
3.5591965 -0.66219286 -0.41136888 234 88 12
3.5606442 -0.66435029 -0.40870208 234 88 12
3.5621249 -0.66651941 -0.40610817 234 88 12
3.5652398 -0.67081397 -0.40109778 234 88 12
3.5668216 -0.67292193 -0.39869621 234 88 12
3.5717637 -0.67915493 -0.39182573 234 88 12
3.5734428 -0.68122123 -0.38960627 234 88 12
3.5768299 -0.68534867 -0.38526607 234 88 12
3.5785809 -0.68737338 -0.38320293 234 88 12
3.5819159 -0.69133449 -0.37897605 234 88 12
3.5852451 -0.69537036 -0.37485269 234 88 12
3.5882688 -0.69942123 -0.37054873 234 88 12
3.5897956 -0.70145918 -0.36849607 234 88 12
3.5941438 -0.70737154 -0.36221452 234 88 12
3.5956101 -0.70936546 -0.36019883 234 88 12
3.5970823 -0.71136354 -0.3581783 234 88 12
3.5997554 -0.71506719 -0.35403897 234 88 12
3.6009988 -0.7168394 -0.35190138 234 88 12
3.6023222 -0.71866415 -0.34985909 234 88 12
3.6037378 -0.72055474 -0.34787637 234 88 12
3.6121293 -0.73194255 -0.33640644 234 88 12
3.6135015 -0.73377757 -0.33451508 234 88 12
3.616142 -0.73744572 -0.33061927 234 88 12
3.6203046 -0.74293912 -0.32503405 234 88 12
3.6233214 -0.74669295 -0.32142968 234 88 12
3.6294722 -0.75447367 -0.31417942 234 88 12
3.632531 -0.75832846 -0.31053596 234 88 12
3.6356641 -0.76223253 -0.30699 234 88 12
3.6372917 -0.76421994 -0.3052099 234 88 12
3.6527369 -0.78505732 -0.28108846 234 88 12
3.6560443 -0.79032933 -0.27277848 234 88 12
3.6601954 -0.79705232 -0.26094582 234 88 12
3.6612038 -0.79866845 -0.2580771 234 88 12
3.6646644 -0.80391234 -0.25013208 234 88 12
3.6658841 -0.80569765 -0.24768379 234 88 12
3.6684325 -0.80934879 -0.24294655 234 88 12
3.6713956 -0.81323137 -0.23864682 234 88 12
3.6728675 -0.81520588 -0.2364707 234 88 12
3.6777064 -0.82120815 -0.230702 234 88 12
3.6793212 -0.82322689 -0.22877582 234 88 12
3.681016 -0.82528313 -0.22703445 234 88 12
3.6845013 -0.82940684 -0.22369418 234 88 12
3.691584 -0.837526 -0.21739387 234 88 12
3.6934104 -0.83951058 -0.2158922 234 88 12
3.696982 -0.84347241 -0.21284442 234 88 12
3.703621 -0.85122158 -0.20673955 234 88 12
3.7053125 -0.8532044 -0.20514704 234 88 12
3.7120484 -0.86119578 -0.19854608 234 88 12
3.7219495 -0.87284822 -0.18790431 234 88 12
3.7301567 -0.88228653 -0.17869489 234 88 12
3.7347325 -0.88792889 -0.1728198 234 88 12
3.7403785 -0.89529479 -0.16440709 234 88 12
3.7417707 -0.8971484 -0.16233077 234 88 12
3.7445012 -0.90085626 -0.15808787 234 88 12
3.7459039 -0.90269479 -0.15598009 234 88 12
3.7473242 -0.9045532 -0.15386347 234 88 12
3.7530679 -0.91199496 -0.14511757 234 88 12
3.7573652 -0.9174848 -0.13844616 234 88 12
3.7620938 -0.92319654 -0.13191166 234 88 12
3.7637632 -0.92514726 -0.12980368 234 88 12
3.765356 -0.92707717 -0.12758569 234 88 12
3.7669457 -0.92901039 -0.12540343 234 88 12
3.7703469 -0.9330346 -0.12101411 234 88 12
3.7739411 -0.93717541 -0.11680405 234 88 12
3.7794132 -0.94340633 -0.11048777 234 88 12
3.7811992 -0.94547372 -0.10837128 234 88 12
3.7976441 -0.96503313 -0.089316298 234 88 12
3.8015434 -0.96965103 -0.085211827 234 88 12
3.8034749 -0.97195925 -0.083134095 234 88 12
3.805394 -0.97430739 -0.081009754 234 88 12
3.8091847 -0.97897614 -0.076642514 234 88 12
3.8129782 -0.98366902 -0.07225441 234 88 12
3.8148021 -0.98598626 -0.070022052 234 88 12
3.5431636 -0.64276783 -0.44209674 234 88 12
3.5489342 -0.6521697 -0.43010292 234 88 12
3.5502775 -0.65442463 -0.42712566 234 88 12
3.5517445 -0.65671383 -0.42428589 234 88 12
3.5530508 -0.65887732 -0.42129846 234 88 12
3.5556596 -0.66312203 -0.41543512 234 88 12
3.5570754 -0.66527029 -0.41266133 234 88 12
3.5585634 -0.66739117 -0.41002623 234 88 12
3.5680507 -0.68018876 -0.39544065 234 88 12
3.5731242 -0.68637014 -0.38874897 234 88 12
3.5747947 -0.68839789 -0.38659501 234 88 12
3.5848575 -0.70041481 -0.37416701 234 88 12
3.5863575 -0.7023888 -0.37200921 234 88 12
3.5878511 -0.70438615 -0.36988303 234 88 12
3.5936728 -0.71228862 -0.36152813 234 88 12
3.5965094 -0.71615324 -0.35748234 234 88 12
3.5978766 -0.71803236 -0.35546448 234 88 12
3.6004597 -0.72165241 -0.3512508 234 88 12
3.6580941 -0.79968499 -0.26241425 234 88 12
3.6636858 -0.80831358 -0.24899927 234 88 12
3.6663046 -0.81198832 -0.24426212 234 88 12
3.6723973 -0.81983744 -0.23590414 234 88 12
3.6860851 -0.83621637 -0.22194524 234 88 12
3.6897408 -0.84032214 -0.21884312 234 88 12
3.6915585 -0.84231488 -0.21733327 234 88 12
3.6933979 -0.84430641 -0.2158378 234 88 12
3.7469591 -0.90932223 -0.15318825 234 88 12
3.7498753 -0.91304745 -0.14886289 234 88 12
3.7542099 -0.91856786 -0.14227502 234 88 12
3.7571635 -0.92229374 -0.13782612 234 88 12
3.7586694 -0.92417735 -0.13561414 234 88 12
3.7666919 -0.93386714 -0.12457831 234 88 12
3.7756706 -0.94418612 -0.11400778 234 88 12
3.7792674 -0.94837256 -0.1096656 234 88 12
3.7828004 -0.95263598 -0.10530094 234 88 12
3.790085 -0.9612647 -0.096863619 234 88 12
3.7938763 -0.96576108 -0.092582 234 88 12
3.7976897 -0.97033268 -0.088414977 234 88 12
3.7996274 -0.97266274 -0.086343129 234 88 12
3.8091548 -0.98430332 -0.075556958 234 88 12
3.5380246 -0.64107537 -0.44947287 234 88 12
3.53949 -0.64345117 -0.44646585 234 88 12
3.5439203 -0.65053889 -0.43745958 234 88 12
3.5466928 -0.65519707 -0.43136824 234 88 12
3.5480395 -0.65745714 -0.42842743 234 88 12
3.5495063 -0.65971292 -0.42556043 234 88 12
3.5522772 -0.66407005 -0.4197618 234 88 12
3.5536114 -0.66618061 -0.4168739 234 88 12
3.5550076 -0.66831585 -0.41408885 234 88 12
3.556468 -0.67042572 -0.41142538 234 88 12
3.5610975 -0.6768669 -0.40378243 234 88 12
3.5660144 -0.68325922 -0.39683273 234 88 12
3.569395 -0.68742204 -0.39240272 234 88 12
3.5710962 -0.68948286 -0.39018915 234 88 12
3.5745257 -0.69347909 -0.38591544 234 88 12
3.5813033 -0.70142742 -0.37764676 234 88 12
3.5829103 -0.70340294 -0.37556739 234 88 12
3.5844581 -0.70539006 -0.37344411 234 88 12
3.5874947 -0.70932351 -0.36925385 234 88 12
3.5959887 -0.72096031 -0.35684437 234 88 12
3.5973352 -0.72281291 -0.35478996 234 88 12
3.5986771 -0.72466591 -0.35272769 234 88 12
3.6548633 -0.80064063 -0.26673085 234 88 12
3.6559174 -0.80231429 -0.26387492 234 88 12
3.6591506 -0.80742154 -0.25554569 234 88 12
3.6603742 -0.80918856 -0.252998 234 88 12
3.6615633 -0.81097116 -0.25037452 234 88 12
3.6642272 -0.81467794 -0.24565268 234 88 12
3.67205 -0.82453195 -0.2354279 234 88 12
3.6788409 -0.83271079 -0.22811301 234 88 12
3.6805495 -0.83475932 -0.22642506 234 88 12
3.6841661 -0.83892187 -0.22339511 234 88 12
3.6898209 -0.8451298 -0.21884271 234 88 12
3.7438374 -0.9104216 -0.15692049 234 88 12
3.7452052 -0.91226028 -0.15470405 234 88 12
3.7466241 -0.91411055 -0.15253584 234 88 12
3.7495154 -0.91779869 -0.14817103 234 88 12
3.7553877 -0.92522768 -0.1393587 234 88 12
3.7584225 -0.92896503 -0.13491939 234 88 12
3.7615776 -0.93283915 -0.1304429 234 88 12
3.764852 -0.93677753 -0.126007 234 88 12
3.7666393 -0.93884417 -0.1238519 234 88 12
3.7702896 -0.94299761 -0.11963734 234 88 12
3.7720421 -0.94503845 -0.11752234 234 88 12
3.7773527 -0.9513098 -0.11098815 234 88 12
3.7808965 -0.9555973 -0.10658542 234 88 12
3.7826522 -0.95772847 -0.10436601 234 88 12
3.7919135 -0.96873754 -0.093744401 234 88 12
3.793769 -0.97101225 -0.091557022 234 88 12
3.7976416 -0.9756607 -0.087394643 234 88 12
3.8034194 -0.98265778 -0.081018216 234 88 12
3.811025 -0.99206612 -0.072217253 234 88 12
3.8130698 -0.99442073 -0.070087067 234 88 12
3.5359118 -0.64411587 -0.45088267 234 88 12
3.5373834 -0.64648446 -0.44790327 234 88 12
3.5388861 -0.64882874 -0.44492816 234 88 12
3.5402797 -0.65117496 -0.44189237 234 88 12
3.5417754 -0.65354859 -0.43892274 234 88 12
3.5431356 -0.65586771 -0.43589321 234 88 12
3.5445229 -0.65819725 -0.43284523 234 88 12
3.5458877 -0.66044532 -0.42986534 234 88 12
3.5501607 -0.66711664 -0.42117817 234 88 12
3.5515085 -0.66925028 -0.41831568 234 88 12
3.5544275 -0.67349503 -0.41287773 234 88 12
3.5590601 -0.67992423 -0.40520303 234 88 12
3.5606114 -0.68204957 -0.40277412 234 88 12
3.5638836 -0.68635006 -0.3982041 234 88 12
3.5655396 -0.68845302 -0.39593707 234 88 12
3.5741791 -0.69852419 -0.38530812 234 88 12
3.5758562 -0.70048262 -0.38317126 234 88 12
3.5792143 -0.70444262 -0.37897137 234 88 12
3.584009 -0.71027208 -0.37265626 234 88 12
3.5855403 -0.7122559 -0.37058481 234 88 12
3.5884492 -0.7162019 -0.36641736 234 88 12
3.5926197 -0.72194703 -0.36017374 234 88 12
3.5954979 -0.72578933 -0.35619056 234 88 12
3.5968604 -0.72768808 -0.35416444 234 88 12
3.6528286 -0.80334143 -0.2682746 234 88 12
3.6538741 -0.80505155 -0.26540579 234 88 12
3.654781 -0.80671828 -0.2624684 234 88 12
3.6558715 -0.80840116 -0.25972553 234 88 12
3.6581852 -0.81187425 -0.2543922 234 88 12
3.6593602 -0.8136513 -0.25172031 234 88 12
3.665141 -0.82122329 -0.2427685 234 88 12
3.6700561 -0.82719706 -0.23687424 234 88 12
3.6717479 -0.82921547 -0.23497402 234 88 12
3.6769612 -0.83542725 -0.2296641 234 88 12
3.6786859 -0.8374978 -0.22793836 234 88 12
3.6823108 -0.8416942 -0.22488844 234 88 12
3.6841995 -0.84378116 -0.22336554 234 88 12
3.6860957 -0.84585285 -0.2218583 234 88 12
3.7462205 -0.91889183 -0.15178639 234 88 12
3.74912 -0.92258429 -0.14740506 234 88 12
3.7505855 -0.9244211 -0.14523436 234 88 12
3.7520651 -0.92629806 -0.14302366 234 88 12
3.7566607 -0.9319196 -0.13645561 234 88 12
3.7597125 -0.93575369 -0.13188784 234 88 12
3.7665617 -0.94383329 -0.12307318 234 88 12
3.7754366 -0.95428126 -0.11230388 234 88 12
3.7772338 -0.95646179 -0.11010487 234 88 12
3.7825931 -0.96288776 -0.10347512 234 88 12
3.7843737 -0.96505466 -0.10127267 234 88 12
3.7880397 -0.96949095 -0.096970361 234 88 12
3.7899326 -0.9717523 -0.094842877 234 88 12
3.7918633 -0.97404238 -0.092732869 234 88 12
3.8015041 -0.98569092 -0.082113989 234 88 12
3.8072671 -0.99274271 -0.075581952 234 88 12
3.8091687 -0.99508553 -0.073310735 234 88 12
3.5336853 -0.64709708 -0.45227158 234 88 12
3.5352235 -0.64948869 -0.44938309 234 88 12
3.5410479 -0.65890531 -0.4374325 234 88 12
3.5423838 -0.66121288 -0.43435342 234 88 12
3.543798 -0.66347405 -0.43134056 234 88 12
3.5451033 -0.66570198 -0.42826317 234 88 12
3.5465283 -0.66791954 -0.42537548 234 88 12
3.5508664 -0.67443299 -0.4170312 234 88 12
3.5537978 -0.67867422 -0.41168053 234 88 12
3.5554515 -0.68082208 -0.40920025 234 88 12
3.5617881 -0.68943211 -0.39966063 234 88 12
3.5634488 -0.69156826 -0.39741372 234 88 12
3.5652331 -0.69367161 -0.39531679 234 88 12
3.5669194 -0.69572669 -0.39308165 234 88 12
3.5687243 -0.69772817 -0.39104849 234 88 12
3.5722195 -0.70161406 -0.38684917 234 88 12
3.5788758 -0.70941594 -0.37828179 234 88 12
3.5850574 -0.71715343 -0.36986603 234 88 12
3.6506559 -0.80601132 -0.26977976 234 88 12
3.6517438 -0.80775154 -0.266916 234 88 12
3.6526673 -0.80944165 -0.26393916 234 88 12
3.6537731 -0.81115205 -0.26116705 234 88 12
3.6561374 -0.81463743 -0.25582302 234 88 12
3.6573214 -0.81641607 -0.25320091 234 88 12
3.6631314 -0.82395263 -0.24423022 234 88 12
3.6648051 -0.82593814 -0.24222494 234 88 12
3.6680957 -0.82993454 -0.23831067 234 88 12
3.6715214 -0.83400692 -0.23464073 234 88 12
3.6823772 -0.84656649 -0.22490159 234 88 12
3.7402398 -0.91633357 -0.15987448 234 88 12
3.7444053 -0.92180691 -0.15327947 234 88 12
3.7457996 -0.92362896 -0.15106548 234 88 12
3.7472336 -0.92548978 -0.14883057 234 88 12
3.7532246 -0.93295383 -0.14001773 234 88 12
3.7563093 -0.93674204 -0.13557185 234 88 12
3.7612272 -0.94270175 -0.12890396 234 88 12
3.7646843 -0.94672384 -0.12448151 234 88 12
3.7664765 -0.94880682 -0.12230151 234 88 12
3.7735773 -0.95730587 -0.11361129 234 88 12
3.7824484 -0.96807822 -0.10245039 234 88 12
3.7842854 -0.97026323 -0.10026254 234 88 12
3.7919087 -0.97939974 -0.0917702 234 88 12
3.7976793 -0.98644397 -0.085369192 234 88 12
3.7996505 -0.98878499 -0.083240574 234 88 12
3.8054318 -0.99580886 -0.076677142 234 88 12
3.8093564 -1.0005305 -0.07224893 234 88 12
3.5316055 -0.65007366 -0.45376411 234 88 12
3.5331734 -0.6524964 -0.45091444 234 88 12
3.5375363 -0.65960287 -0.44197527 234 88 12
3.5389675 -0.661926 -0.4389801 234 88 12
3.5402903 -0.66422329 -0.43588178 234 88 12
3.5417006 -0.66649003 -0.43285747 234 88 12
3.5458027 -0.67313929 -0.42402442 234 88 12
3.5473612 -0.67533866 -0.42128536 234 88 12
3.5503249 -0.67962366 -0.41584787 234 88 12
3.5517775 -0.68173099 -0.41319822 234 88 12
3.5580713 -0.69036181 -0.40348644 234 88 12
3.5614039 -0.69470195 -0.39894825 234 88 12
3.5631634 -0.69680164 -0.39682403 234 88 12
3.5735148 -0.70858104 -0.38393162 234 88 12
3.5785053 -0.71433729 -0.37760835 234 88 12
3.5830002 -0.72004948 -0.37122703 234 88 12
3.5844912 -0.7219868 -0.36914399 234 88 12
3.5860214 -0.72390711 -0.36711454 234 88 12
3.6486417 -0.8087495 -0.27131047 234 88 12
3.6527305 -0.81569384 -0.25978979 234 88 12
3.6610874 -0.82665187 -0.24568304 234 88 12
3.6627236 -0.82863628 -0.24366235 234 88 12
3.6660925 -0.83265896 -0.2397464 234 88 12
3.6677565 -0.83466099 -0.23785956 234 88 12
3.6712322 -0.83877805 -0.2342802 234 88 12
3.6786299 -0.84731634 -0.22792532 234 88 12
3.6844093 -0.85346898 -0.22334182 234 88 12
3.6863207 -0.85549918 -0.22186527 234 88 12
3.7384555 -0.91923935 -0.16132794 234 88 12
3.7412086 -0.92288573 -0.15697181 234 88 12
3.7453814 -0.92837721 -0.15025916 234 88 12
3.7468747 -0.93024095 -0.14806306 234 88 12
3.749866 -0.93397821 -0.14360492 234 88 12
3.7529451 -0.93778665 -0.13923676 234 88 12
3.7561796 -0.94172737 -0.13482011 234 88 12
3.7577923 -0.94370059 -0.13253162 234 88 12
3.7665325 -0.95388704 -0.12161079 234 88 12
3.7717443 -0.96031536 -0.11495882 234 88 12
3.7751878 -0.9645894 -0.11040361 234 88 12
3.7769264 -0.96673024 -0.1081142 234 88 12
3.7805894 -0.97111937 -0.10371995 234 88 12
3.7843374 -0.97558237 -0.099374284 234 88 12
3.7881186 -0.98012276 -0.095063944 234 88 12
3.7900715 -0.98244916 -0.092964234 234 88 12
3.7997456 -0.99416848 -0.082237818 234 88 12
3.8016476 -0.99650317 -0.080015076 234 88 12
3.8035643 -0.99884511 -0.077815728 234 88 12
3.8055547 -1.0012217 -0.075604566 234 88 12
3.5295646 -0.65306021 -0.45528992 234 88 12
3.5311366 -0.65549504 -0.4524577 234 88 12
3.5326647 -0.65790249 -0.44950907 234 88 12
3.5341021 -0.66027988 -0.44655905 234 88 12
3.5354907 -0.66264248 -0.4435065 234 88 12
3.5368363 -0.66494836 -0.44045553 234 88 12
3.5381311 -0.66722519 -0.43731397 234 88 12
3.5395931 -0.66950713 -0.43435934 234 88 12
3.5409318 -0.67174795 -0.43135826 234 88 12
3.5438224 -0.6761796 -0.42565719 234 88 12
3.5453562 -0.67836381 -0.42291201 234 88 12
3.5482621 -0.68264357 -0.41746162 234 88 12
3.5513638 -0.68695942 -0.41241842 234 88 12
3.5529867 -0.68915639 -0.41000674 234 88 12
3.5546001 -0.6913272 -0.40759081 234 88 12
3.5560907 -0.69346938 -0.40514347 234 88 12
3.5577422 -0.69561435 -0.40284969 234 88 12
3.559433 -0.69777225 -0.40064329 234 88 12
3.5646641 -0.70392085 -0.39412733 234 88 12
3.5664698 -0.70590267 -0.39201898 234 88 12
3.5681998 -0.70783135 -0.38984439 234 88 12
3.5698717 -0.70972035 -0.38764339 234 88 12
3.5715491 -0.71159351 -0.38547818 234 88 12
3.5731821 -0.71349793 -0.38329254 234 88 12
3.5810744 -0.72295821 -0.37270524 234 88 12
3.5868109 -0.73060314 -0.36428084 234 88 12
3.5896546 -0.73447248 -0.36037034 234 88 12
3.6474197 -0.81322514 -0.26976205 234 88 12
3.6519846 -0.82027497 -0.25874026 234 88 12
3.6607862 -0.83143483 -0.24523584 234 88 12
3.6624493 -0.8334485 -0.24325238 234 88 12
3.6640904 -0.83543551 -0.24124987 234 88 12
3.6730031 -0.84584121 -0.23249721 234 88 12
3.6748583 -0.84797821 -0.23094222 234 88 12
3.6767343 -0.85012606 -0.22941021 234 88 12
3.6826327 -0.85626357 -0.22486731 234 88 12
3.7379632 -0.92394537 -0.16049628 234 88 12
3.7406427 -0.92760587 -0.15603904 234 88 12
3.7420712 -0.92947127 -0.15382467 234 88 12
3.7435398 -0.931313 -0.15162164 234 88 12
3.7450297 -0.9331983 -0.14945359 234 88 12
3.7464732 -0.93503196 -0.14719041 234 88 12
3.7479466 -0.93691048 -0.14492871 234 88 12
3.7493996 -0.93878259 -0.14268089 234 88 12
3.7509338 -0.94072943 -0.14048121 234 88 12
3.7525397 -0.94269913 -0.13828377 234 88 12
3.7699207 -0.96335675 -0.11627318 234 88 12
3.7716545 -0.96548326 -0.11397041 234 88 12
3.7806329 -0.97642459 -0.10281141 234 88 12
3.782528 -0.97865423 -0.1006359 234 88 12
3.788229 -0.98552657 -0.094163277 234 88 12
3.7902119 -0.98789899 -0.09210573 234 88 12
3.7979778 -0.99724697 -0.083447492 234 88 12
3.8017622 -1.0019337 -0.079038321 234 88 12
3.803666 -1.0042603 -0.07679904 234 88 12
3.5291254 -0.65848439 -0.45402102 234 88 12
3.533463 -0.66567965 -0.44511124 234 88 12
3.5361245 -0.67024759 -0.43892054 234 88 12
3.5403033 -0.67697407 -0.43008887 234 88 12
3.5417716 -0.67919887 -0.42726822 234 88 12
3.5432727 -0.68137784 -0.42449977 234 88 12
3.5493771 -0.69007901 -0.41412977 234 88 12
3.5509177 -0.69226175 -0.41164168 234 88 12
3.5525144 -0.6943894 -0.40923998 234 88 12
3.5540936 -0.69653301 -0.4068207 234 88 12
3.5557458 -0.69867415 -0.40454926 234 88 12
3.5574189 -0.70083043 -0.40229017 234 88 12
3.5678406 -0.71274326 -0.38914989 234 88 12
3.5712463 -0.71652061 -0.38485347 234 88 12
3.5729212 -0.71843614 -0.3827506 234 88 12
3.5745031 -0.72033087 -0.38058461 234 88 12
3.5760671 -0.72219725 -0.37844608 234 88 12
3.5775686 -0.72403555 -0.37628264 234 88 12
3.5820189 -0.72969267 -0.36979658 234 88 12
3.5833981 -0.73158607 -0.36764601 234 88 12
3.5877095 -0.73734381 -0.36170761 234 88 12
3.6452547 -0.81596918 -0.27114176 234 88 12
3.6474495 -0.81950429 -0.26546989 234 88 12
3.6486849 -0.82130723 -0.26282769 234 88 12
3.6499457 -0.82309011 -0.26025881 234 88 12
3.6513456 -0.82488162 -0.25784628 234 88 12
3.652717 -0.82666845 -0.25545069 234 88 12
3.6570753 -0.83220332 -0.24875283 234 88 12
3.662102 -0.83819911 -0.2427281 234 88 12
3.6692842 -0.84652278 -0.23562702 234 88 12
3.6788246 -0.85707888 -0.22788225 234 88 12
3.7347307 -0.92494807 -0.1639888 234 88 12
3.7360816 -0.92678801 -0.16184744 234 88 12
3.7387722 -0.93048864 -0.15741192 234 88 12
3.7431291 -0.93617181 -0.1507753 234 88 12
3.7446039 -0.93803577 -0.14854575 234 88 12
3.7460973 -0.93992709 -0.14627315 234 88 12
3.7476031 -0.94181019 -0.14404918 234 88 12
3.7506238 -0.94569554 -0.13957105 234 88 12
3.7523262 -0.94769542 -0.13742055 234 88 12
3.7557701 -0.9516868 -0.13302551 234 88 12
3.7611385 -0.95790211 -0.12655385 234 88 12
3.7628361 -0.95999558 -0.12432001 234 88 12
3.7645344 -0.96211282 -0.12202363 234 88 12
3.7697977 -0.96854797 -0.11529419 234 88 12
3.7768871 -0.9772975 -0.10625917 234 88 12
3.778808 -0.97952341 -0.10411507 234 88 12
3.7807206 -0.98178033 -0.10191138 234 88 12
3.7826051 -0.98401638 -0.099700385 234 88 12
3.7884436 -0.99096801 -0.09335651 234 88 12
3.7903075 -0.99329969 -0.091135191 234 88 12
3.7922209 -0.99560519 -0.088970448 234 88 12
3.7961331 -1.0002805 -0.084661554 234 88 12
3.7980034 -1.0026254 -0.082443146 234 88 12
3.7999503 -1.0049667 -0.080249595 234 88 12
3.801837 -1.0073041 -0.077978166 234 88 12
3.5269429 -0.66143183 -0.45543916 234 88 12
3.5313875 -0.66868092 -0.44670076 234 88 12
3.5340913 -0.67326817 -0.44061316 234 88 12
3.5368232 -0.67778483 -0.4346064 234 88 12
3.5382645 -0.68003726 -0.43173959 234 88 12
3.5397586 -0.68224537 -0.42898444 234 88 12
3.542719 -0.68661806 -0.42356807 234 88 12
3.544161 -0.68878493 -0.42089042 234 88 12
3.5473715 -0.69314807 -0.41589608 234 88 12
3.5554703 -0.70385445 -0.40401992 234 88 12
3.5658505 -0.71576494 -0.39071352 234 88 12
3.5708575 -0.72141696 -0.38423322 234 88 12
3.5724731 -0.72332526 -0.38206803 234 88 12
3.5740443 -0.7251461 -0.37989596 234 88 12
3.5771364 -0.72888443 -0.37560146 234 88 12
3.5800071 -0.73265004 -0.37123717 234 88 12
3.5827955 -0.73640711 -0.3670022 234 88 12
3.5870891 -0.74213693 -0.36101987 234 88 12
3.6420196 -0.81694807 -0.27548336 234 88 12
3.6431044 -0.81873089 -0.27255344 234 88 12
3.6454185 -0.82235749 -0.26701787 234 88 12
3.6466087 -0.82412556 -0.26435375 234 88 12
3.6491787 -0.82764234 -0.25931976 234 88 12
3.653545 -0.83314651 -0.25243925 234 88 12
3.6551037 -0.83505048 -0.25031571 234 88 12
3.662014 -0.84309378 -0.24247748 234 88 12
3.6692353 -0.85145229 -0.2355383 234 88 12
3.6710507 -0.85356515 -0.23393395 234 88 12
3.6729824 -0.85570585 -0.23241964 234 88 12
3.6749887 -0.85782089 -0.23094014 234 88 12
3.6769861 -0.85988455 -0.22941939 234 88 12
3.6789864 -0.86191254 -0.22791976 234 88 12
3.7355851 -0.93158254 -0.16097753 234 88 12
3.7428242 -0.94108947 -0.14987108 234 88 12
3.7456924 -0.9448714 -0.1453076 234 88 12
3.7520947 -0.95269566 -0.13649006 234 88 12
3.7538865 -0.95470801 -0.13432218 234 88 12
3.7556245 -0.95679028 -0.13208469 234 88 12
3.7644344 -0.96733412 -0.12108214 234 88 12
3.7662129 -0.9694898 -0.11887245 234 88 12
3.7715062 -0.97602096 -0.11209261 234 88 12
3.7732686 -0.97820977 -0.10983164 234 88 12
3.7769547 -0.98265717 -0.10540511 234 88 12
3.7808029 -0.98716989 -0.10103437 234 88 12
3.782748 -0.98944549 -0.098856034 234 88 12
3.7846922 -0.99176263 -0.09674614 234 88 12
3.7866201 -0.9940442 -0.094586781 234 88 12
3.7885333 -0.99636034 -0.09237102 234 88 12
3.7923346 -1.0010116 -0.087984804 234 88 12
3.7942517 -1.0033532 -0.085817383 234 88 12
3.796183 -1.0056713 -0.083621538 234 88 12
3.799932 -1.0103272 -0.079155324 234 88 12
3.8018593 -1.0126515 -0.076897428 234 88 12
3.5362664 -0.68308669 -0.43353753 234 88 12
3.5377134 -0.68528727 -0.4307227 234 88 12
3.5406839 -0.6896611 -0.42531053 234 88 12
3.542189 -0.6918614 -0.4226783 234 88 12
3.5438172 -0.69402916 -0.42019019 234 88 12
3.5469476 -0.69831141 -0.41516068 234 88 12
3.5501175 -0.70256804 -0.41030424 234 88 12
3.5519027 -0.70473058 -0.4080894 234 88 12
3.5587902 -0.71305145 -0.39906067 234 88 12
3.5672248 -0.72257793 -0.38790251 234 88 12
3.5720404 -0.72817344 -0.38138785 234 88 12
3.5735667 -0.73000625 -0.37920873 234 88 12
3.5765575 -0.73376995 -0.37485986 234 88 12
3.5794101 -0.7374737 -0.37058169 234 88 12
3.5808227 -0.73932585 -0.3684683 234 88 12
3.5836847 -0.74311985 -0.36434785 234 88 12
3.5850705 -0.74501775 -0.36233877 234 88 12
3.6433371 -0.8251476 -0.26848675 234 88 12
3.6445005 -0.82694437 -0.26579039 234 88 12
3.65154 -0.83597522 -0.25396504 234 88 12
3.654837 -0.83981485 -0.24984488 234 88 12
3.6583069 -0.84385817 -0.24591326 234 88 12
3.6637447 -0.85010119 -0.24036605 234 88 12
3.7323848 -0.93261583 -0.16449105 234 88 12
3.7337757 -0.93452496 -0.16232052 234 88 12
3.7409822 -0.94412853 -0.15114784 234 88 12
3.7469419 -0.95183024 -0.14220114 234 88 12
3.7502892 -0.9557759 -0.1378284 234 88 12
3.7555216 -0.96195928 -0.13126382 234 88 12
3.7626018 -0.97045405 -0.12241703 234 88 12
3.7678412 -0.97695096 -0.1156045 234 88 12
3.7696634 -0.97914459 -0.11341303 234 88 12
3.7714438 -0.98133279 -0.11116128 234 88 12
3.7732381 -0.98352637 -0.10891428 234 88 12
3.7751139 -0.98578076 -0.10673201 234 88 12
3.7809462 -0.99259596 -0.10017733 234 88 12
3.7829125 -0.99489007 -0.098015714 234 88 12
3.5343123 -0.68611346 -0.4353885 234 88 12
3.5402243 -0.69490655 -0.42451324 234 88 12
3.543483 -0.69923519 -0.41952354 234 88 12
3.5450497 -0.7013285 -0.41705095 234 88 12
3.5516416 -0.70988763 -0.40753229 234 88 12
3.5568996 -0.71603877 -0.40076565 234 88 12
3.5585694 -0.71799537 -0.39847903 234 88 12
3.5652418 -0.72559009 -0.38948644 234 88 12
3.5668407 -0.72744215 -0.38726819 234 88 12
3.5715293 -0.73305108 -0.38065034 234 88 12
3.5745109 -0.73678139 -0.37628109 234 88 12
3.5802435 -0.74414383 -0.36777158 234 88 12
3.6378568 -0.82256219 -0.27841027 234 88 12
3.6389418 -0.82434913 -0.27549891 234 88 12
3.640019 -0.82613774 -0.27264943 234 88 12
3.6411557 -0.82793846 -0.2698776 234 88 12
3.644964 -0.83321797 -0.2621088 234 88 12
3.6582267 -0.8488133 -0.24556904 234 88 12
3.6600786 -0.85090072 -0.24373904 234 88 12
3.7305764 -0.93557394 -0.16579009 234 88 12
3.7319628 -0.93748661 -0.16360928 234 88 12
3.7391214 -0.94716234 -0.1523867 234 88 12
3.7421471 -0.95107395 -0.14804336 234 88 12
3.7436878 -0.95300837 -0.14584977 234 88 12
3.7452698 -0.95495737 -0.14365675 234 88 12
3.7484779 -0.95890526 -0.13918016 234 88 12
3.7518792 -0.96296597 -0.1347486 234 88 12
3.7536484 -0.96506643 -0.1325407 234 88 12
3.7660628 -0.98015554 -0.11692183 234 88 12
3.7696326 -0.984521 -0.11245843 234 88 12
3.7732682 -0.98895073 -0.10800916 234 88 12
3.7751951 -0.99119794 -0.10586074 234 88 12
3.7772029 -0.99350118 -0.10371459 234 88 12
3.7791434 -0.99574008 -0.10150563 234 88 12
3.7810915 -0.99801489 -0.099271223 234 88 12
3.5321867 -0.68905712 -0.43711108 234 88 12
3.5336541 -0.6913015 -0.43431975 234 88 12
3.5382618 -0.69790728 -0.42630713 234 88 12
3.5414316 -0.70222397 -0.42126185 234 88 12
3.5430181 -0.7043298 -0.41878432 234 88 12
3.5532859 -0.71701477 -0.40479391 234 88 12
3.5549846 -0.71898448 -0.40249029 234 88 12
3.5600156 -0.72482041 -0.3956581 234 88 12
3.5632104 -0.72856002 -0.39103612 234 88 12
3.5663418 -0.73228987 -0.38650571 234 88 12
3.5679242 -0.73416345 -0.38431997 234 88 12
3.5693997 -0.73603452 -0.3820489 234 88 12
3.5709088 -0.73790312 -0.37984986 234 88 12
3.5794742 -0.74891082 -0.36706938 234 88 12
3.6357072 -0.82532481 -0.27978454 234 88 12
3.6368451 -0.82714077 -0.27691769 234 88 12
3.6430111 -0.83606715 -0.26361382 234 88 12
3.6477325 -0.84174265 -0.25714749 234 88 12
3.6527578 -0.84760737 -0.25104546 234 88 12
3.6545243 -0.84963227 -0.24905668 234 88 12
3.7302077 -0.94043492 -0.16495165 234 88 12
3.7342846 -0.94618078 -0.15803531 234 88 12
3.7357243 -0.94816932 -0.15581555 234 88 12
3.7402797 -0.95415888 -0.14932572 234 88 12
3.7418395 -0.95610445 -0.14711637 234 88 12
3.7433892 -0.95803514 -0.14487945 234 88 12
3.7465838 -0.96199769 -0.1404091 234 88 12
3.7500516 -0.96610069 -0.13608522 234 88 12
3.7517606 -0.96818273 -0.13384275 234 88 12
3.7534421 -0.97025963 -0.13157459 234 88 12
3.7661621 -0.98559646 -0.11612424 234 88 12
3.7733582 -0.99436317 -0.10716177 234 88 12
3.7772568 -0.99887039 -0.10276508 234 88 12
3.7791422 -1.0010998 -0.10046258 234 88 12
3.5301129 -0.69204868 -0.43880706 234 88 12
3.5315589 -0.69427744 -0.43602681 234 88 12
3.5362922 -0.70093597 -0.42805962 234 88 12
3.5379784 -0.70312081 -0.42560771 234 88 12
3.5395415 -0.70527947 -0.42310576 234 88 12
3.5496321 -0.71793587 -0.40875506 234 88 12
3.5514235 -0.7199902 -0.40652686 234 88 12
3.5530397 -0.72194197 -0.40420978 234 88 12
3.5547 -0.7239141 -0.40192662 234 88 12
3.5563871 -0.72585045 -0.39965442 234 88 12
3.558013 -0.72776341 -0.39729866 234 88 12
3.5596093 -0.72963144 -0.39497226 234 88 12
3.5611514 -0.73150459 -0.39259403 234 88 12
3.5627857 -0.73340496 -0.39040549 234 88 12
3.5643208 -0.73526784 -0.38809588 234 88 12
3.5658643 -0.73713546 -0.38586558 234 88 12
3.5702148 -0.74265814 -0.37899571 234 88 12
3.571693 -0.74446533 -0.37684325 234 88 12
3.5759883 -0.74995438 -0.37055781 234 88 12
3.5786871 -0.7536165 -0.36626561 234 88 12
3.6335617 -0.82808617 -0.2810726 234 88 12
3.6347038 -0.82991309 -0.27820745 234 88 12
3.6358457 -0.83170479 -0.27539937 234 88 12
3.6382423 -0.8352779 -0.27004538 234 88 12
3.642568 -0.84078419 -0.26293195 234 88 12
3.6508721 -0.85055652 -0.25260272 234 88 12
3.6526496 -0.85255701 -0.25061119 234 88 12
3.7257052 -0.93946945 -0.17060703 234 88 12
3.7270287 -0.94138458 -0.16839581 234 88 12
3.7323852 -0.94909847 -0.15923686 234 88 12
3.7337903 -0.95109207 -0.15700561 234 88 12
3.7352928 -0.95313934 -0.15484295 234 88 12
3.7368629 -0.95517211 -0.15271492 234 88 12
3.7415823 -0.96111666 -0.14615596 234 88 12
3.7431495 -0.96311319 -0.14389162 234 88 12
3.7481645 -0.96922049 -0.13732108 234 88 12
3.7515683 -0.97337846 -0.13281419 234 88 12
3.7533335 -0.97549556 -0.1306232 234 88 12
3.7552152 -0.97768591 -0.12847856 234 88 12
3.7570336 -0.97988713 -0.12631673 234 88 12
3.7642747 -0.98879928 -0.11736687 234 88 12
3.769653 -0.99532954 -0.1106517 234 88 12
3.7715245 -0.99752992 -0.10844295 234 88 12
3.775337 -1.0019799 -0.10400754 234 88 12
3.5295151 -0.69727231 -0.43771156 234 88 12
3.5310037 -0.69948655 -0.43495195 234 88 12
3.5358997 -0.70612463 -0.4273516 234 88 12
3.5440925 -0.71672239 -0.41509928 234 88 12
3.5493794 -0.72296009 -0.40815694 234 88 12
3.5510358 -0.72495578 -0.40587515 234 88 12
3.5543401 -0.72881707 -0.40124981 234 88 12
3.5574536 -0.73254649 -0.39652381 234 88 12
3.5621584 -0.73821239 -0.38962494 234 88 12
3.5637317 -0.74007562 -0.38741419 234 88 12
3.5724334 -0.75100934 -0.37406928 234 88 12
3.5738372 -0.75284378 -0.37192867 234 88 12
3.6314764 -0.8308211 -0.28234665 234 88 12
3.6325958 -0.83263299 -0.27948344 234 88 12
3.6349545 -0.83626095 -0.27400278 234 88 12
3.6362624 -0.8380705 -0.27151547 234 88 12
3.6376083 -0.83989755 -0.26904737 234 88 12
3.650714 -0.8554363 -0.25212287 234 88 12
3.7238046 -0.9422976 -0.17178443 234 88 12
3.7265123 -0.94619786 -0.16737107 234 88 12
3.7305669 -0.95202862 -0.16049109 234 88 12
3.731933 -0.95401275 -0.1582045 234 88 12
3.7333963 -0.95604965 -0.15602909 234 88 12
3.7349407 -0.95808984 -0.15389819 234 88 12
3.7364557 -0.96011671 -0.15172767 234 88 12
3.7396249 -0.96416446 -0.14730485 234 88 12
3.7427886 -0.96817289 -0.14283402 234 88 12
3.744489 -0.9702417 -0.14065116 234 88 12
3.7479861 -0.97438798 -0.13630291 234 88 12
3.7497344 -0.97649512 -0.13409952 234 88 12
3.7532878 -0.98082673 -0.1297237 234 88 12
3.7605196 -0.98967861 -0.1208406 234 88 12
3.7641323 -0.99413763 -0.11638335 234 88 12
3.7696472 -1.0006918 -0.10970156 234 88 12
3.7753035 -1.0073747 -0.10290453 234 88 12
3.5275283 -0.70026343 -0.43940626 234 88 12
3.5290741 -0.70252117 -0.43671463 234 88 12
3.530624 -0.70474793 -0.43409319 234 88 12
3.535483 -0.71132242 -0.42660081 234 88 12
3.5371428 -0.71347618 -0.42415484 234 88 12
3.5403999 -0.71763932 -0.41919504 234 88 12
3.5455036 -0.72382807 -0.41202559 234 88 12
3.5472877 -0.72592727 -0.40972841 234 88 12
3.5489579 -0.72793131 -0.40745633 234 88 12
3.5585633 -0.73926845 -0.39352567 234 88 12
3.5600272 -0.74109019 -0.39116463 234 88 12
3.5615705 -0.74293518 -0.38887287 234 88 12
3.5658219 -0.74833729 -0.38183953 234 88 12
3.5730683 -0.75746907 -0.37107546 234 88 12
3.6294477 -0.83356755 -0.28359741 234 88 12
3.6329324 -0.8390272 -0.27531755 234 88 12
3.6355494 -0.84268451 -0.2704183 234 88 12
3.6432582 -0.85217658 -0.25943706 234 88 12
3.6450471 -0.85423505 -0.25741186 234 88 12
3.6469009 -0.85627735 -0.25550974 234 88 12
3.6488787 -0.85833342 -0.25369908 234 88 12
3.650771 -0.86032649 -0.2518276 234 88 12
3.6527355 -0.8623448 -0.25003141 234 88 12
3.6546211 -0.86434246 -0.24815229 234 88 12
3.7219024 -0.94512247 -0.17285578 234 88 12
3.7259623 -0.95100841 -0.16621236 234 88 12
3.7287336 -0.95494927 -0.16172739 234 88 12
3.7316099 -0.95900321 -0.15731106 234 88 12
3.7330474 -0.96103796 -0.15512271 234 88 12
3.734572 -0.96308895 -0.15295997 234 88 12
3.7378191 -0.96723588 -0.1485756 234 88 12
3.7495686 -0.98178655 -0.1331188 234 88 12
3.7513611 -0.98396195 -0.13093936 234 88 12
3.7584815 -0.99277405 -0.12198668 234 88 12
3.7714883 -1.0082318 -0.10637349 234 88 12
3.5301526 -0.70994152 -0.43325307 234 88 12
3.5317444 -0.71213339 -0.43074967 234 88 12
3.533394 -0.71433005 -0.42828306 234 88 12
3.5367057 -0.71856918 -0.42337285 234 88 12
3.5485518 -0.73284129 -0.40674753 234 88 12
3.5516726 -0.73657843 -0.40197258 234 88 12
3.5532151 -0.73843489 -0.399661 234 88 12
3.5547644 -0.74029698 -0.39731859 234 88 12
3.5562909 -0.7421215 -0.39496351 234 88 12
3.5577714 -0.74391763 -0.39256721 234 88 12
3.5607652 -0.74755196 -0.38786111 234 88 12
3.5621974 -0.7493404 -0.38553371 234 88 12
3.5636551 -0.75115681 -0.3832924 234 88 12
3.5650132 -0.75296253 -0.38097034 234 88 12
3.5665119 -0.75483719 -0.37880547 234 88 12
3.5707844 -0.76022493 -0.3722927 234 88 12
3.5722107 -0.76200546 -0.37012927 234 88 12
3.6274091 -0.83625667 -0.28485924 234 88 12
3.6309237 -0.84175777 -0.27668398 234 88 12
3.6349646 -0.8473241 -0.26947104 234 88 12
3.6398221 -0.85305023 -0.26302289 234 88 12
3.6431641 -0.85704074 -0.2589306 234 88 12
3.6470019 -0.86114732 -0.25526065 234 88 12
3.64901 -0.86319193 -0.25346352 234 88 12
3.719987 -0.94796798 -0.1739224 234 88 12
3.725459 -0.95590339 -0.16516889 234 88 12
3.729772 -0.96197402 -0.15854456 234 88 12
3.732652 -0.96604024 -0.15409273 234 88 12
3.7359263 -0.97024713 -0.14976063 234 88 12
3.7406812 -0.9763995 -0.14301884 234 88 12
3.7424244 -0.978487 -0.14084857 234 88 12
3.7441963 -0.9806312 -0.13872932 234 88 12
3.7511745 -0.98931453 -0.12991581 234 88 12
3.7547906 -0.99372413 -0.12548234 234 88 12
3.7565651 -0.99592858 -0.12322069 234 88 12
3.7602743 -1.0004612 -0.11882368 234 88 12
3.7639705 -1.0049121 -0.11434886 234 88 12
3.7657817 -1.0070526 -0.11206899 234 88 12
3.7714884 -1.0136495 -0.10532114 234 88 12
3.5233863 -0.70614091 -0.44264036 234 88 12
3.5264937 -0.71066954 -0.43740966 234 88 12
3.5296753 -0.71512491 -0.43237677 234 88 12
3.5313328 -0.71730796 -0.42992738 234 88 12
3.5346202 -0.72152582 -0.4249995 234 88 12
3.5413014 -0.72972425 -0.41522167 234 88 12
3.5447228 -0.73375218 -0.4105834 234 88 12
3.5463766 -0.73570824 -0.40823833 234 88 12
3.5480593 -0.73762434 -0.40595594 234 88 12
3.5494994 -0.73948831 -0.40346564 234 88 12
3.5555357 -0.74673492 -0.39394058 234 88 12
3.5584729 -0.75031957 -0.38921937 234 88 12
3.5599318 -0.75211314 -0.38693072 234 88 12
3.561444 -0.75394567 -0.38470156 234 88 12
3.5656082 -0.75937789 -0.377895 234 88 12
3.6254245 -0.83898813 -0.28610065 234 88 12
3.6265629 -0.84080595 -0.28330717 234 88 12
3.6302641 -0.8463711 -0.27562474 234 88 12
3.6378885 -0.85588301 -0.26443883 234 88 12
3.6412544 -0.85983906 -0.26039374 234 88 12
3.6430994 -0.86184642 -0.25852464 234 88 12
3.6451044 -0.86390414 -0.25671879 234 88 12
3.7181097 -0.95080857 -0.17498484 234 88 12
3.7194499 -0.95279289 -0.17271814 234 88 12
3.720828 -0.95479696 -0.17058305 234 88 12
3.7221544 -0.95680424 -0.16837063 234 88 12
3.7249678 -0.96085148 -0.16405665 234 88 12
3.7322126 -0.97103639 -0.15298932 234 88 12
3.7355438 -0.97532026 -0.14867572 234 88 12
3.7371929 -0.97740746 -0.14647086 234 88 12
3.7440339 -0.98594219 -0.13777722 234 88 12
3.7473629 -0.99023649 -0.13325712 234 88 12
3.7600898 -1.0057879 -0.11773007 234 88 12
3.7638269 -1.0101971 -0.11323185 234 88 12
3.769612 -1.0167931 -0.10654008 234 88 12
3.6233066 -0.84163724 -0.28725946 234 88 12
3.626891 -0.84716591 -0.279374 234 88 12
3.629576 -0.85092658 -0.27446553 234 88 12
3.6325518 -0.85473804 -0.26992298 234 88 12
3.6342744 -0.85669916 -0.26790429 234 88 12
3.6394541 -0.86261474 -0.26187247 234 88 12
3.6452172 -0.86870408 -0.25635212 234 88 12
3.6212717 -0.84432094 -0.28843121 234 88 12
3.6248545 -0.84987244 -0.28061661 234 88 12
3.6275831 -0.85367068 -0.27575951 234 88 12
3.6322481 -0.85944043 -0.26922686 234 88 12
3.6339948 -0.86140773 -0.26722992 234 88 12
3.6358912 -0.86340422 -0.26536737 234 88 12
3.6376427 -0.86538716 -0.2633363 234 88 12
3.6394458 -0.8673903 -0.2614525 234 88 12
3.6454778 -0.87356795 -0.25600462 234 88 12
3.6191454 -0.84696959 -0.28951514 234 88 12
3.6203823 -0.84887396 -0.28696469 234 88 12
3.6216295 -0.85074599 -0.28445126 234 88 12
3.6271168 -0.85831785 -0.27480622 234 88 12
3.639531 -0.87221671 -0.26095844 234 88 12
3.6196156 -0.85348488 -0.28566219 234 88 12
3.6207658 -0.85531225 -0.2830715 234 88 12
3.6221781 -0.85727584 -0.28070533 234 88 12
3.6320388 -0.86893294 -0.26807484 234 88 12
3.6339368 -0.87094635 -0.26613199 234 88 12
3.6357721 -0.87296361 -0.26417762 234 88 12
3.6396152 -0.87706998 -0.26043512 234 88 12
3.6437788 -0.88119812 -0.25697069 234 88 12
3.6162548 -0.8542051 -0.28922175 234 88 12
3.618744 -0.85801756 -0.28424993 234 88 12
3.6201749 -0.85994365 -0.28196378 234 88 12
3.6216511 -0.86183798 -0.27969596 234 88 12
3.6248591 -0.86569442 -0.27541559 234 88 12
3.6265044 -0.86765412 -0.27334238 234 88 12
3.628302 -0.86968207 -0.27137518 234 88 12
3.630152 -0.87168164 -0.26944201 234 88 12
3.6358424 -0.87775401 -0.26360235 234 88 12
3.6398408 -0.88187644 -0.25999296 234 88 12
3.612898 -0.85492008 -0.2928037 234 88 12
3.6167152 -0.86064167 -0.28545451 234 88 12
3.619722 -0.86447119 -0.28104889 234 88 12
3.6213812 -0.8664173 -0.27894481 234 88 12
3.6283945 -0.87441736 -0.27086928 234 88 12
3.6302526 -0.87643774 -0.26884988 234 88 12
3.6320809 -0.87842948 -0.26689787 234 88 12
3.6340039 -0.8804763 -0.2650035 234 88 12
3.6360392 -0.88257486 -0.26316138 234 88 12
3.6107575 -0.85748867 -0.29382207 234 88 12
3.6134574 -0.86134539 -0.28908653 234 88 12
3.6148034 -0.86326634 -0.28668333 234 88 12
3.6178514 -0.86709362 -0.28233959 234 88 12
3.619503 -0.86904468 -0.28025918 234 88 12
3.6228567 -0.87303525 -0.27609375 234 88 12
3.6246768 -0.87507766 -0.27408847 234 88 12
3.6265249 -0.87709753 -0.27214582 234 88 12
3.6283983 -0.87915559 -0.27018388 234 88 12
3.6302914 -0.88116587 -0.26828688 234 88 12
3.6322684 -0.88322979 -0.26640898 234 88 12
3.6343175 -0.88531309 -0.26456548 234 88 12
3.6364039 -0.88740612 -0.26279295 234 88 12
3.6115216 -0.86389977 -0.29024856 234 88 12
3.6129228 -0.86580422 -0.28794911 234 88 12
3.6193094 -0.87368558 -0.27938474 234 88 12
3.6285709 -0.88391635 -0.2696934 234 88 12
3.6305494 -0.88600727 -0.26782142 234 88 12
3.8806137 -0.65220516 -0.20348818 234 88 12
3.8824443 -0.65283439 -0.20648233 234 88 12
3.8810901 -0.65280021 -0.20594654 234 88 12
3.8783063 -0.65265297 -0.20485022 234 88 12
3.88297 -0.65340341 -0.20907417 234 88 12
3.881548 -0.65332671 -0.20844426 234 88 12
3.8802205 -0.6533058 -0.20789362 234 88 12
3.883357 -0.65388424 -0.21159337 234 88 12
3.882053 -0.6538477 -0.21101864 234 88 12
3.8792883 -0.65374291 -0.20978881 234 88 12
3.8739131 -0.65361389 -0.2074215 234 88 12
3.8916356 -0.65462817 -0.21827729 234 88 12
3.8903267 -0.65455891 -0.2175401 234 88 12
3.8877252 -0.65448512 -0.21621315 234 88 12
3.8865165 -0.65447986 -0.21565892 234 88 12
3.8839039 -0.65440174 -0.21434619 234 88 12
3.8797229 -0.6541562 -0.21231764 234 88 12
3.8783671 -0.6541592 -0.21171931 234 88 12
3.8770297 -0.65415272 -0.21115667 234 88 12
3.8743446 -0.6541211 -0.20985393 234 88 12
3.8730008 -0.65412787 -0.20922077 234 88 12
3.871676 -0.65412962 -0.2086282 234 88 12
3.8855869 -0.65495881 -0.21766525 234 88 12
3.8830468 -0.65482051 -0.21635847 234 88 12
3.8803261 -0.65467737 -0.21500526 234 88 12
3.8788962 -0.65459394 -0.21432677 234 88 12
3.8748624 -0.65463938 -0.21243212 234 88 12
3.8721347 -0.65466685 -0.21109042 234 88 12
3.8694661 -0.65467392 -0.20984939 234 88 12
3.8681562 -0.65464383 -0.20925121 234 88 12
3.8917489 -0.65590287 -0.22363729 234 88 12
3.8906783 -0.65587098 -0.22291236 234 88 12
3.8895828 -0.65583608 -0.22227525 234 88 12
3.8883334 -0.6557285 -0.22157505 234 88 12
3.8833979 -0.65538883 -0.21895213 234 88 12
3.8765856 -0.65505498 -0.2155905 234 88 12
3.8752406 -0.65507892 -0.21494073 234 88 12
3.8739123 -0.65511613 -0.21427686 234 88 12
3.8697559 -0.65517337 -0.21220203 234 88 12
3.8907356 -0.65657727 -0.22564859 234 88 12
3.8873558 -0.65629042 -0.22355671 234 88 12
3.8799707 -0.65572278 -0.2198027 234 88 12
3.8743669 -0.65558892 -0.21688425 234 88 12
3.8716125 -0.65567721 -0.21546212 234 88 12
3.86888 -0.65569853 -0.21407869 234 88 12
3.8897147 -0.65725221 -0.22763846 234 88 12
3.8839265 -0.65660678 -0.22415053 234 88 12
3.8814354 -0.65639603 -0.22283783 234 88 12
3.8803216 -0.6563363 -0.2223328 234 88 12
3.8749138 -0.65612175 -0.21958325 234 88 12
3.8735444 -0.65614512 -0.21886892 234 88 12
3.8707197 -0.65619053 -0.21737993 234 88 12
3.8896985 -0.65806563 -0.23019807 234 88 12
3.8875235 -0.65780746 -0.22877198 234 88 12
3.8864067 -0.65766181 -0.22808634 234 88 12
3.8830296 -0.65723333 -0.22612318 234 88 12
3.8804861 -0.65694667 -0.22483211 234 88 12
3.8793529 -0.65691713 -0.22430586 234 88 12
3.878115 -0.65685162 -0.22371089 234 88 12
3.876773 -0.65678717 -0.22299836 234 88 12
3.8753287 -0.65669348 -0.22223604 234 88 12
3.8740316 -0.65666794 -0.22154932 234 88 12
3.8726172 -0.65666764 -0.22079665 234 88 12
3.8712 -0.6566584 -0.22003112 234 88 12
3.8685434 -0.65673324 -0.21864511 234 88 12
3.8618024 -0.65667553 -0.21511259 234 88 12
3.8605355 -0.65661076 -0.21454786 234 88 12
3.8579401 -0.65630318 -0.21340368 234 88 12
3.8565186 -0.65608119 -0.21279986 234 88 12
3.8551997 -0.65583507 -0.21229392 234 88 12
3.8874367 -0.65863655 -0.23131185 234 88 12
3.8863965 -0.65853277 -0.23061987 234 88 12
3.884302 -0.65822884 -0.22931478 234 88 12
3.8821698 -0.65794756 -0.22816674 234 88 12
3.8808337 -0.65776699 -0.22746435 234 88 12
3.8795323 -0.6575925 -0.22681528 234 88 12
3.8783737 -0.65754571 -0.2262424 234 88 12
3.8744679 -0.657324 -0.2241791 234 88 12
3.871759 -0.65723465 -0.22273167 234 88 12
3.8676721 -0.65723876 -0.22054201 234 88 12
3.8636529 -0.65727723 -0.21835995 234 88 12
3.8623651 -0.65725158 -0.21770362 234 88 12
3.8609392 -0.65715836 -0.21698825 234 88 12
3.8569304 -0.65685287 -0.21512649 234 88 12
3.8542286 -0.65647425 -0.21401079 234 88 12
3.8528892 -0.65626026 -0.21351647 234 88 12
3.8516532 -0.65602352 -0.21315357 234 88 12
3.8843516 -0.65916376 -0.23186009 234 88 12
3.8811717 -0.65866974 -0.23010034 234 88 12
3.8786383 -0.65829128 -0.22881767 234 88 12
3.8761792 -0.65811038 -0.22752828 234 88 12
3.8735506 -0.65792772 -0.22610547 234 88 12
3.8708465 -0.65779117 -0.2246927 234 88 12
3.868045 -0.6577121 -0.22315904 234 88 12
3.8667195 -0.65769769 -0.22242371 234 88 12
3.8653169 -0.65766182 -0.22162217 234 88 12
3.8640552 -0.65767569 -0.22094128 234 88 12
3.8614692 -0.65768593 -0.21960866 234 88 12
3.8546444 -0.65725031 -0.21635884 234 88 12
3.8479939 -0.65619264 -0.21377115 234 88 12
3.8383943 -0.65540173 -0.20929978 234 88 12
3.8369186 -0.65542248 -0.20841256 234 88 12
3.885221 -0.66031909 -0.2349014 234 88 12
3.880069 -0.65942362 -0.23193676 234 88 12
3.8789407 -0.65924944 -0.23131368 234 88 12
3.8751459 -0.6587916 -0.22934799 234 88 12
3.8738929 -0.65868516 -0.22867872 234 88 12
3.872632 -0.6585897 -0.22806326 234 88 12
3.8671586 -0.6583128 -0.22507355 234 88 12
3.8658155 -0.65826305 -0.22430334 234 88 12
3.8618073 -0.65818756 -0.22216485 234 88 12
3.8537365 -0.657896 -0.21822279 234 88 12
3.8483983 -0.65722456 -0.21600161 234 88 12
3.8470302 -0.65696529 -0.21540851 234 88 12
3.8456993 -0.6567767 -0.21483696 234 88 12
3.8360346 -0.65631601 -0.21011987 234 88 12
3.8345242 -0.6564153 -0.20917471 234 88 12
3.8330244 -0.65653312 -0.20821928 234 88 12
3.8300308 -0.65699807 -0.20606894 234 88 12
3.828526 -0.65733615 -0.20486214 234 88 12
3.8841083 -0.66123635 -0.23663899 234 88 12
3.8821883 -0.66090683 -0.23544661 234 88 12
3.8810735 -0.6606709 -0.23481987 234 88 12
3.8788822 -0.6601887 -0.23361435 234 88 12
3.8778166 -0.66003334 -0.2330355 234 88 12
3.8766571 -0.65986816 -0.23249072 234 88 12
3.8741737 -0.65951577 -0.23119129 234 88 12
3.8702979 -0.65915293 -0.22917622 234 88 12
3.8689818 -0.65908811 -0.22851657 234 88 12
3.8633824 -0.6587757 -0.22532855 234 88 12
3.8621053 -0.65873798 -0.2246291 234 88 12
3.8608157 -0.65869985 -0.22399063 234 88 12
3.8595643 -0.65866598 -0.22334594 234 88 12
3.8569157 -0.65860899 -0.22203477 234 88 12
3.8555595 -0.65858132 -0.22139209 234 88 12
3.8475054 -0.65797479 -0.21772226 234 88 12
3.8434359 -0.65745176 -0.21597261 234 88 12
3.8420919 -0.65733194 -0.2154096 234 88 12
3.8379658 -0.65713745 -0.21338944 234 88 12
3.8365775 -0.65716866 -0.21261623 234 88 12
3.8335962 -0.65730771 -0.21087853 234 88 12
3.8320909 -0.65742992 -0.20989893 234 88 12
3.8291377 -0.65791758 -0.20776768 234 88 12
3.8276076 -0.65824381 -0.2065677 234 88 12
3.8260216 -0.65860915 -0.20526272 234 88 12
3.8839275 -0.66228789 -0.23900953 234 88 12
3.8819662 -0.66196584 -0.23765453 234 88 12
3.8809462 -0.66175272 -0.2370408 234 88 12
3.8799117 -0.66153266 -0.23647669 234 88 12
3.8788237 -0.6612544 -0.23587548 234 88 12
3.8777409 -0.66101622 -0.23530406 234 88 12
3.8766658 -0.66082629 -0.23471641 234 88 12
3.8706117 -0.659955 -0.23165132 234 88 12
3.8638292 -0.65948523 -0.22791391 234 88 12
3.8624581 -0.6594078 -0.22718881 234 88 12
3.8611245 -0.65935494 -0.22649561 234 88 12
3.8585884 -0.65931927 -0.22521599 234 88 12
3.8573063 -0.65925933 -0.22457521 234 88 12
3.854614 -0.65916966 -0.22323477 234 88 12
3.847919 -0.65889586 -0.22008009 234 88 12
3.8465979 -0.65875929 -0.2194771 234 88 12
3.8411098 -0.65816081 -0.21702296 234 88 12
3.8383296 -0.65803162 -0.21564024 234 88 12
3.8369594 -0.65801468 -0.21497178 234 88 12
3.8355769 -0.65805237 -0.21425323 234 88 12
3.8326825 -0.65824565 -0.21257692 234 88 12
3.831194 -0.6583888 -0.21157805 234 88 12
3.8250389 -0.65952665 -0.20687166 234 88 12
3.881697 -0.66299651 -0.23988365 234 88 12
3.8807694 -0.66285885 -0.23925384 234 88 12
3.8797217 -0.66261598 -0.23858907 234 88 12
3.8787554 -0.66242336 -0.23805509 234 88 12
3.8777001 -0.66215406 -0.23749258 234 88 12
3.8765795 -0.66189354 -0.23688358 234 88 12
3.8744108 -0.66145908 -0.23581958 234 88 12
3.8721651 -0.66109586 -0.23467957 234 88 12
3.8695558 -0.66069833 -0.23328591 234 88 12
3.8681674 -0.66055366 -0.23250582 234 88 12
3.8668833 -0.66043332 -0.2318858 234 88 12
3.8642385 -0.66023296 -0.2304986 234 88 12
3.8601418 -0.66001458 -0.22833341 234 88 12
3.8575875 -0.65998072 -0.22704155 234 88 12
3.8563212 -0.65993126 -0.22637659 234 88 12
3.8548798 -0.65985566 -0.22559561 234 88 12
3.8480764 -0.65961672 -0.22230913 234 88 12
3.8468407 -0.65955207 -0.22174325 234 88 12
3.8456208 -0.65948027 -0.22119607 234 88 12
3.8428435 -0.65922169 -0.21995914 234 88 12
3.8414697 -0.6590877 -0.21931862 234 88 12
3.8401474 -0.65902723 -0.21868627 234 88 12
3.8388302 -0.6589713 -0.21808705 234 88 12
3.8374106 -0.65894477 -0.21735799 234 88 12
3.8301856 -0.65927875 -0.21315575 234 88 12
3.8272092 -0.65978226 -0.21105276 234 88 12
3.8805196 -0.66386418 -0.24149858 234 88 12
3.8785201 -0.66348132 -0.24019337 234 88 12
3.8755024 -0.66279738 -0.23857102 234 88 12
3.8743436 -0.66252592 -0.23796457 234 88 12
3.8721541 -0.66209647 -0.23688442 234 88 12
3.8697233 -0.66167744 -0.23560044 234 88 12
3.867181 -0.66134854 -0.23426028 234 88 12
3.8657945 -0.66117339 -0.23355608 234 88 12
3.861806 -0.66088284 -0.2314833 234 88 12
3.8605006 -0.66081526 -0.23079511 234 88 12
3.8579652 -0.66072589 -0.22957265 234 88 12
3.8539018 -0.66056788 -0.22742831 234 88 12
3.8445297 -0.6601745 -0.22286801 234 88 12
3.8405231 -0.65992254 -0.22100581 234 88 12
3.8350912 -0.65987691 -0.2182874 234 88 12
3.8262507 -0.66072019 -0.21272125 234 88 12
3.8231277 -0.66137034 -0.21014514 234 88 12
3.8216161 -0.66174629 -0.20884602 234 88 12
3.8793219 -0.66475315 -0.24312697 234 88 12
3.8784027 -0.66459038 -0.24248914 234 88 12
3.8774004 -0.6643705 -0.24185734 234 88 12
3.875454 -0.66394203 -0.24076891 234 88 12
3.8743212 -0.66367754 -0.24017919 234 88 12
3.8709502 -0.66293094 -0.23846106 234 88 12
3.8661434 -0.6621598 -0.23594064 234 88 12
3.8634334 -0.66182636 -0.23457932 234 88 12
3.8594048 -0.6615567 -0.23246599 234 88 12
3.8568672 -0.66144701 -0.23125043 234 88 12
3.8555133 -0.66140449 -0.23056846 234 88 12
3.8487936 -0.6611052 -0.22700882 234 88 12
3.8446099 -0.6608996 -0.22501755 234 88 12
3.8421748 -0.66083429 -0.22391911 234 88 12
3.8395053 -0.6607557 -0.22263042 234 88 12
3.8327019 -0.66081638 -0.2191176 234 88 12
3.8298671 -0.66101397 -0.21742253 234 88 12
3.8283374 -0.66117434 -0.21644914 234 88 12
3.8268442 -0.66138333 -0.2154755 234 88 12
3.8771762 -0.66546886 -0.24411238 234 88 12
3.875237 -0.66503849 -0.24291276 234 88 12
3.8732148 -0.66457757 -0.24184843 234 88 12
3.8721194 -0.66434749 -0.24126959 234 88 12
3.8697399 -0.66378384 -0.24002171 234 88 12
3.8662351 -0.66314088 -0.23820234 234 88 12
3.8650707 -0.66298477 -0.23763546 234 88 12
3.8596345 -0.66241414 -0.23484053 234 88 12
3.8582717 -0.66233243 -0.23409751 234 88 12
3.8556597 -0.66218609 -0.23278468 234 88 12
3.8530389 -0.66207648 -0.23149898 234 88 12
3.844987 -0.66168091 -0.2273897 234 88 12
3.8436612 -0.66165957 -0.22674907 234 88 12
3.8411578 -0.6616295 -0.22557921 234 88 12
3.8385417 -0.66159416 -0.2243177 234 88 12
3.8371998 -0.6615999 -0.22367344 234 88 12
3.8358633 -0.6616233 -0.22304475 234 88 12
3.8344214 -0.66160637 -0.22223894 234 88 12
3.8330532 -0.66165088 -0.22150059 234 88 12
3.8316956 -0.66171928 -0.22071325 234 88 12
3.8289365 -0.66199417 -0.21906155 234 88 12
3.8778241 -0.66676511 -0.24691742 234 88 12
3.8759134 -0.66640352 -0.24568898 234 88 12
3.874025 -0.66597018 -0.24453237 234 88 12
3.8719322 -0.66547718 -0.2433501 234 88 12
3.8661811 -0.6641981 -0.24028375 234 88 12
3.8650302 -0.66399696 -0.23968019 234 88 12
3.8638922 -0.6638379 -0.23916324 234 88 12
3.86135 -0.66352527 -0.23788641 234 88 12
3.8599226 -0.66337286 -0.23714336 234 88 12
3.8586109 -0.66325384 -0.23650114 234 88 12
3.8572489 -0.66316691 -0.23577927 234 88 12
3.8560507 -0.66311528 -0.2351969 234 88 12
3.8546806 -0.66301592 -0.23447357 234 88 12
3.8507307 -0.66282939 -0.23247405 234 88 12
3.8466889 -0.6625497 -0.23041192 234 88 12
3.8440465 -0.66247629 -0.22913883 234 88 12
3.8335251 -0.66253703 -0.22391227 234 88 12
3.8294211 -0.66278861 -0.22161788 234 88 12
3.8264693 -0.66310882 -0.21974712 234 88 12
3.821871 -0.66387524 -0.21644277 234 88 12
3.8203366 -0.66421168 -0.21520679 234 88 12
3.8187686 -0.66459844 -0.21385284 234 88 12
3.8765395 -0.66771393 -0.24841793 234 88 12
3.8737895 -0.66711798 -0.24673752 234 88 12
3.871755 -0.66667389 -0.24548679 234 88 12
3.867323 -0.66560372 -0.24303728 234 88 12
3.8660698 -0.66532864 -0.24234357 234 88 12
3.8625848 -0.66469381 -0.24057842 234 88 12
3.8613525 -0.6645306 -0.23992936 234 88 12
3.8588437 -0.66426274 -0.23872567 234 88 12
3.8575704 -0.66412786 -0.23815752 234 88 12
3.856241 -0.66401538 -0.23747209 234 88 12
3.8536588 -0.66383949 -0.23615799 234 88 12
3.8510217 -0.66369283 -0.23479668 234 88 12
3.8469683 -0.66340248 -0.23275961 234 88 12
3.8456216 -0.66333962 -0.23206601 234 88 12
3.8444252 -0.66332537 -0.23147877 234 88 12
3.8430854 -0.66328768 -0.23084503 234 88 12
3.8390441 -0.6632622 -0.22882182 234 88 12
3.836458 -0.66329405 -0.2275659 234 88 12
3.8312648 -0.66351735 -0.22485026 234 88 12
3.8270178 -0.66389404 -0.22232903 234 88 12
3.8255192 -0.66404742 -0.22137896 234 88 12
3.8239698 -0.66426154 -0.22034172 234 88 12
3.8210718 -0.66485565 -0.21819657 234 88 12
3.8196013 -0.66523227 -0.21700428 234 88 12
3.8735205 -0.66829619 -0.24888518 234 88 12
3.8704827 -0.66756307 -0.24707184 234 88 12
3.8649727 -0.66625699 -0.24397107 234 88 12
3.8614843 -0.66562769 -0.24212942 234 88 12
3.8590765 -0.66531586 -0.24091469 234 88 12
3.8564993 -0.6649957 -0.23972351 234 88 12
3.8303476 -0.66446119 -0.22652017 234 88 12
3.8261329 -0.66484824 -0.22404663 234 88 12
3.8246218 -0.66501051 -0.22307905 234 88 12
3.8742213 -0.66969091 -0.25162705 234 88 12
3.8733256 -0.66947483 -0.25110775 234 88 12
3.8724154 -0.66925906 -0.25057732 234 88 12
3.871361 -0.66897252 -0.24994009 234 88 12
3.8692771 -0.6685014 -0.24864457 234 88 12
3.8683183 -0.6682685 -0.24808925 234 88 12
3.8672318 -0.6680028 -0.24741651 234 88 12
3.8661424 -0.66772074 -0.24681925 234 88 12
3.8649826 -0.66745628 -0.24613241 234 88 12
3.8591655 -0.66639158 -0.24312569 234 88 12
3.8579179 -0.66620312 -0.24250311 234 88 12
3.8567389 -0.66606476 -0.24192281 234 88 12
3.8516282 -0.66544987 -0.23940107 234 88 12
3.8502718 -0.66535361 -0.23869918 234 88 12
3.8423722 -0.66495045 -0.23474358 234 88 12
3.8397599 -0.66491881 -0.23346948 234 88 12
3.8384284 -0.66492617 -0.23278663 234 88 12
3.8370296 -0.66492809 -0.2320678 234 88 12
3.8357457 -0.66496593 -0.23143202 234 88 12
3.8332759 -0.66511292 -0.23014867 234 88 12
3.8222081 -0.66616068 -0.22371478 234 88 12
3.8208595 -0.66646917 -0.22275219 234 88 12
3.8193793 -0.66679482 -0.2216421 234 88 12
3.8163304 -0.66751063 -0.21913593 234 88 12
3.8712569 -0.67021628 -0.25217332 234 88 12
3.8702917 -0.66995472 -0.25158504 234 88 12
3.8638365 -0.66839059 -0.24773627 234 88 12
3.8627196 -0.66812654 -0.24713062 234 88 12
3.8593157 -0.66750098 -0.24540399 234 88 12
3.8581384 -0.6673276 -0.24482963 234 88 12
3.855625 -0.66692646 -0.24351382 234 88 12
3.8518165 -0.66640057 -0.24164399 234 88 12
3.8466803 -0.6660194 -0.239074 234 88 12
3.8413944 -0.66579511 -0.23635697 234 88 12
3.8401143 -0.66577231 -0.23579002 234 88 12
3.8322862 -0.66596392 -0.23175899 234 88 12
3.8310611 -0.66605976 -0.23114662 234 88 12
3.8242916 -0.66668087 -0.22733874 234 88 12
3.8214005 -0.66711655 -0.2254651 234 88 12
3.8155329 -0.66842941 -0.22087501 234 88 12
3.8139523 -0.66881742 -0.21952032 234 88 12
3.8124205 -0.66925633 -0.2181471 234 88 12
3.8709219 -0.67131619 -0.25416858 234 88 12
3.8691763 -0.67088446 -0.25315181 234 88 12
3.8659953 -0.67013416 -0.25125737 234 88 12
3.8650327 -0.66988939 -0.25073721 234 88 12
3.8627821 -0.6693119 -0.24944664 234 88 12
3.8604949 -0.66883009 -0.24810499 234 88 12
3.8593577 -0.66862264 -0.24749452 234 88 12
3.858129 -0.66839482 -0.24687115 234 88 12
3.8557283 -0.66796598 -0.24572139 234 88 12
3.8532374 -0.66755513 -0.24446071 234 88 12
3.8519838 -0.66738549 -0.24382025 234 88 12
3.8507315 -0.66723708 -0.24318846 234 88 12
3.8482369 -0.66701562 -0.24191973 234 88 12
3.8469958 -0.66692567 -0.24131609 234 88 12
3.843049 -0.6667107 -0.2393188 234 88 12
3.8377336 -0.66653465 -0.23670208 234 88 12
3.8365139 -0.66658956 -0.2361263 234 88 12
3.8326414 -0.6667198 -0.23409688 234 88 12
3.8300895 -0.66690221 -0.23276006 234 88 12
3.8288017 -0.66700473 -0.23209494 234 88 12
3.8219302 -0.66775859 -0.22806752 234 88 12
3.8192424 -0.66835744 -0.22623688 234 88 12
3.816285 -0.6690048 -0.22396989 234 88 12
3.8131827 -0.66973041 -0.22132794 234 88 12
3.8669209 -0.67158487 -0.25400628 234 88 12
3.8658839 -0.67130238 -0.25338632 234 88 12
3.8648373 -0.67103337 -0.25280795 234 88 12
3.8638455 -0.67075978 -0.25224494 234 88 12
3.8628188 -0.67046422 -0.25171739 234 88 12
3.8616851 -0.67020662 -0.25106594 234 88 12
3.8606055 -0.66998612 -0.25042772 234 88 12
3.8594056 -0.66974925 -0.24970187 234 88 12
3.8569512 -0.66925847 -0.24834833 234 88 12
3.8496561 -0.66805659 -0.24475936 234 88 12
3.8485174 -0.66794746 -0.24419302 234 88 12
3.8472612 -0.66783546 -0.24356865 234 88 12
3.8421662 -0.66755241 -0.24097801 234 88 12
3.8396454 -0.66748307 -0.23974062 234 88 12
3.8367912 -0.66734923 -0.23833605 234 88 12
3.8278677 -0.66786224 -0.23374626 234 88 12
3.8266197 -0.66798836 -0.23312026 234 88 12
3.8252466 -0.66812249 -0.23229146 234 88 12
3.8124828 -0.67064732 -0.22315776 234 88 12
3.8694011 -0.67340638 -0.25748191 234 88 12
3.8675699 -0.67293136 -0.25648271 234 88 12
3.8656688 -0.67244685 -0.25542535 234 88 12
3.861626 -0.67134398 -0.25314022 234 88 12
3.860548 -0.67109301 -0.25254647 234 88 12
3.8558639 -0.67013925 -0.24988604 234 88 12
3.8534703 -0.66968113 -0.24869166 234 88 12
3.8412023 -0.66832929 -0.24258347 234 88 12
3.8333951 -0.66830132 -0.23873172 234 88 12
3.8308732 -0.66847603 -0.23737884 234 88 12
3.8243257 -0.66902041 -0.23391714 234 88 12
3.8229328 -0.66917362 -0.23308834 234 88 12
3.8215949 -0.66937959 -0.23223882 234 88 12
3.814626 -0.6707881 -0.22742038 234 88 12
3.8116986 -0.67156059 -0.22493952 234 88 12
3.8100825 -0.67191201 -0.22353809 234 88 12
3.8683086 -0.67431385 -0.2590013 234 88 12
3.8654804 -0.67359756 -0.25736686 234 88 12
3.8604378 -0.6722147 -0.25452403 234 88 12
3.8594041 -0.67195696 -0.25395318 234 88 12
3.8583097 -0.67170145 -0.25337014 234 88 12
3.8548135 -0.67096893 -0.25141129 234 88 12
3.8537295 -0.67077926 -0.25085592 234 88 12
3.8524588 -0.6705478 -0.25019955 234 88 12
3.8513571 -0.67032839 -0.24966452 234 88 12
3.8500077 -0.67005913 -0.24895542 234 88 12
3.8487724 -0.66982897 -0.24839134 234 88 12
3.8476134 -0.66966434 -0.247849 234 88 12
3.844079 -0.66932903 -0.24611856 234 88 12
3.8427916 -0.66924071 -0.24548495 234 88 12
3.8415498 -0.66916591 -0.2448781 234 88 12
3.8402087 -0.66909616 -0.24417612 234 88 12
3.8376849 -0.66902453 -0.24297887 234 88 12
3.8363829 -0.66900984 -0.2423394 234 88 12
3.8350253 -0.66902107 -0.24161343 234 88 12
3.8287415 -0.66944251 -0.23839471 234 88 12
3.8248024 -0.66977566 -0.23634766 234 88 12
3.82341 -0.66988136 -0.23550914 234 88 12
3.8194815 -0.67053022 -0.23318241 234 88 12
3.8166968 -0.67103783 -0.23131058 234 88 12
3.8151638 -0.67132208 -0.23016335 234 88 12
3.8107575 -0.67241358 -0.22660282 234 88 12
3.8671232 -0.67514627 -0.26035723 234 88 12
3.8662399 -0.67492495 -0.25985276 234 88 12
3.8652691 -0.67465938 -0.25929021 234 88 12
3.8643086 -0.67442773 -0.25871657 234 88 12
3.863339 -0.6741636 -0.2582011 234 88 12
3.8623736 -0.67390526 -0.25763415 234 88 12
3.8604083 -0.67337084 -0.256495 234 88 12
3.8582482 -0.67279482 -0.25530189 234 88 12
3.8571337 -0.67252207 -0.25469295 234 88 12
3.8515181 -0.67139947 -0.25173129 234 88 12
3.8503899 -0.67119043 -0.25119997 234 88 12
3.8490556 -0.6709279 -0.25047408 234 88 12
3.8465626 -0.67046539 -0.24929941 234 88 12
3.8454418 -0.67033043 -0.2487981 234 88 12
3.8442715 -0.67023116 -0.24819414 234 88 12
3.8430453 -0.6701288 -0.24762733 234 88 12
3.8380919 -0.66983533 -0.24525039 234 88 12
3.8367592 -0.66979845 -0.24459155 234 88 12
3.8315485 -0.66998781 -0.24189658 234 88 12
3.8278296 -0.67030084 -0.24001979 234 88 12
3.8253154 -0.67057163 -0.23866639 234 88 12
3.8211921 -0.67096453 -0.23633093 234 88 12
3.8158409 -0.67192291 -0.23294388 234 88 12
3.8128793 -0.67255515 -0.230671 234 88 12
3.811348 -0.67288668 -0.22948004 234 88 12
3.8098539 -0.67327459 -0.22823142 234 88 12
3.8696557 -0.67653158 -0.26401134 234 88 12
3.8687355 -0.67640701 -0.26341927 234 88 12
3.8677909 -0.67627479 -0.26283704 234 88 12
3.8668569 -0.67610522 -0.26227434 234 88 12
3.8659623 -0.67593451 -0.26174246 234 88 12
3.8641291 -0.6754713 -0.26063718 234 88 12
3.8631125 -0.67520929 -0.2600439 234 88 12
3.8622072 -0.6749566 -0.2595403 234 88 12
3.8611619 -0.67469054 -0.25890182 234 88 12
3.8581761 -0.67385802 -0.25724986 234 88 12
3.8505202 -0.67218246 -0.25316473 234 88 12
3.8468076 -0.67146968 -0.25140476 234 88 12
3.8455844 -0.67127233 -0.25078882 234 88 12
3.8444538 -0.67112196 -0.25029836 234 88 12
3.8384186 -0.67061715 -0.24744235 234 88 12
3.8306698 -0.67080365 -0.24350898 234 88 12
3.8294017 -0.67091508 -0.24287415 234 88 12
3.8269262 -0.6711327 -0.24157667 234 88 12
3.8256858 -0.67126656 -0.24092532 234 88 12
3.824402 -0.67141657 -0.24019116 234 88 12
3.8204432 -0.67184825 -0.23798812 234 88 12
3.8164018 -0.6725256 -0.2355504 234 88 12
3.8120396 -0.67343482 -0.23229285 234 88 12
3.8106123 -0.67381355 -0.23117844 234 88 12
3.8091185 -0.67421365 -0.22994443 234 88 12
3.8032882 -0.6760157 -0.2248114 234 88 12
3.8019064 -0.67654431 -0.2234643 234 88 12
3.7988724 -0.67763923 -0.22047738 234 88 12
3.8684889 -0.67730662 -0.26533375 234 88 12
3.8675315 -0.67715635 -0.26468698 234 88 12
3.8666274 -0.67703329 -0.26412987 234 88 12
3.8657054 -0.67686126 -0.26358299 234 88 12
3.8638808 -0.6764653 -0.26249861 234 88 12
3.8620198 -0.67599666 -0.26141372 234 88 12
3.8611091 -0.67575697 -0.26090322 234 88 12
3.8591108 -0.67524512 -0.25970648 234 88 12
3.858101 -0.67496337 -0.25912389 234 88 12
3.8549971 -0.67412897 -0.25746151 234 88 12
3.8539538 -0.67386248 -0.25687767 234 88 12
3.8517209 -0.67336929 -0.25568476 234 88 12
3.8483329 -0.67271644 -0.25406371 234 88 12
3.8434418 -0.67191163 -0.25173626 234 88 12
3.8423193 -0.67177598 -0.25124696 234 88 12
3.8375751 -0.67135609 -0.24901395 234 88 12
3.8363436 -0.67129992 -0.24844728 234 88 12
3.8337541 -0.67133656 -0.24722242 234 88 12
3.8298129 -0.67152409 -0.24510129 234 88 12
3.8272727 -0.67179392 -0.24375004 234 88 12
3.8261005 -0.67197365 -0.24310928 234 88 12
3.8248266 -0.67210252 -0.24245043 234 88 12
3.8235505 -0.67224335 -0.24174922 234 88 12
3.8222529 -0.67236863 -0.24106987 234 88 12
3.8209558 -0.67252387 -0.24035827 234 88 12
3.8169235 -0.67311525 -0.23796228 234 88 12
3.8142482 -0.67368516 -0.23625202 234 88 12
3.8112685 -0.6743134 -0.23395557 234 88 12
3.808383 -0.67511803 -0.23160838 234 88 12
3.8068864 -0.67552275 -0.2303789 234 88 12
3.8011063 -0.67749345 -0.22510567 234 88 12
3.7996019 -0.67806539 -0.2236664 234 88 12
3.796521 -0.67921062 -0.22056785 234 88 12
3.8663491 -0.67786839 -0.26598044 234 88 12
3.8637391 -0.67740866 -0.26446662 234 88 12
3.8628325 -0.67719694 -0.26392223 234 88 12
3.8580671 -0.6760505 -0.26109307 234 88 12
3.8559439 -0.67543578 -0.25992488 234 88 12
3.8550105 -0.67517474 -0.25947504 234 88 12
3.8517719 -0.6743686 -0.25759856 234 88 12
3.8472569 -0.67344473 -0.25543112 234 88 12
3.8448706 -0.67303769 -0.25428946 234 88 12
3.8390067 -0.67228111 -0.25163259 234 88 12
3.8377347 -0.67213901 -0.25101483 234 88 12
3.8366833 -0.67208799 -0.25052471 234 88 12
3.8277151 -0.67242461 -0.24600776 234 88 12
3.8239763 -0.67287817 -0.24403218 234 88 12
3.8227013 -0.67301191 -0.24335089 234 88 12
3.8201688 -0.67333137 -0.2419878 234 88 12
3.8188692 -0.67352822 -0.24124125 234 88 12
3.81743 -0.6737406 -0.24032209 234 88 12
3.8134755 -0.67454613 -0.23784556 234 88 12
3.8091191 -0.67558725 -0.23443306 234 88 12
3.8017626 -0.67787714 -0.22815408 234 88 12
3.8003019 -0.67842231 -0.22673675 234 88 12
3.7957624 -0.68018706 -0.22225248 234 88 12
3.8651722 -0.67850906 -0.26731617 234 88 12
3.8634864 -0.67826866 -0.26628101 234 88 12
3.861765 -0.6779084 -0.26531281 234 88 12
3.8608893 -0.67773141 -0.26476814 234 88 12
3.8599472 -0.67753401 -0.2641935 234 88 12
3.8581119 -0.67711023 -0.26314334 234 88 12
3.854944 -0.67621852 -0.26132088 234 88 12
3.8539802 -0.67594721 -0.26082837 234 88 12
3.8528646 -0.67565441 -0.26020057 234 88 12
3.8518819 -0.67541872 -0.25962899 234 88 12
3.8497102 -0.6749034 -0.25843797 234 88 12
3.8485325 -0.67464693 -0.25786808 234 88 12
3.8473784 -0.67438796 -0.25734293 234 88 12
3.8462573 -0.67418425 -0.25682957 234 88 12
3.8404732 -0.67332557 -0.25415971 234 88 12
3.831826 -0.67267536 -0.25021009 234 88 12
3.8306125 -0.67270892 -0.24965354 234 88 12
3.8281973 -0.67296045 -0.24831673 234 88 12
3.8231441 -0.67360821 -0.24560454 234 88 12
3.8205616 -0.67389685 -0.24425693 234 88 12
3.8180614 -0.67434068 -0.24280877 234 88 12
3.8127289 -0.67539545 -0.2394017 234 88 12
3.8112121 -0.67569386 -0.23833952 234 88 12
3.802494 -0.67825867 -0.23105587 234 88 12
3.8009773 -0.6787597 -0.2297179 234 88 12
3.7995281 -0.67930841 -0.22833993 234 88 12
3.7965452 -0.68049626 -0.22544302 234 88 12
3.8650388 -0.67924358 -0.26938078 234 88 12
3.8624256 -0.67894382 -0.26769161 234 88 12
3.8615977 -0.67878855 -0.26718792 234 88 12
3.8598451 -0.67844512 -0.26611584 234 88 12
3.8570513 -0.67785488 -0.26445322 234 88 12
3.8530006 -0.6767577 -0.26219779 234 88 12
3.8518803 -0.67645121 -0.26156551 234 88 12
3.8476412 -0.67544625 -0.25934789 234 88 12
3.846529 -0.67517822 -0.25883442 234 88 12
3.8453295 -0.67493475 -0.25824343 234 88 12
3.8396025 -0.67408252 -0.25559762 234 88 12
3.8347753 -0.67356241 -0.25350163 234 88 12
3.8335211 -0.67347136 -0.25287768 234 88 12
3.8224086 -0.67438875 -0.24720296 234 88 12
3.8197477 -0.67470865 -0.24574329 234 88 12
3.8184618 -0.67492667 -0.24499394 234 88 12
3.817296 -0.6751892 -0.24433621 234 88 12
3.8133343 -0.67596246 -0.24179557 234 88 12
3.8104875 -0.67654766 -0.2399015 234 88 12
3.8090221 -0.67688155 -0.23876389 234 88 12
3.8061673 -0.67768798 -0.23633634 234 88 12
3.8033199 -0.67863289 -0.23394381 234 88 12
3.8003493 -0.67964497 -0.23139054 234 88 12
3.7988687 -0.68020214 -0.2300078 234 88 12
3.797403 -0.68077762 -0.22861545 234 88 12
3.7928607 -0.68277865 -0.22405086 234 88 12
3.8613678 -0.67962451 -0.2690933 234 88 12
3.8605563 -0.67951384 -0.26853959 234 88 12
3.8596129 -0.67935262 -0.26794552 234 88 12
3.858753 -0.67915442 -0.2673967 234 88 12
3.8570036 -0.67880519 -0.26636027 234 88 12
3.8541093 -0.67811097 -0.26470421 234 88 12
3.8530297 -0.67782573 -0.26415851 234 88 12
3.8499516 -0.67699179 -0.26240345 234 88 12
3.8421008 -0.67528709 -0.2585627 234 88 12
3.839844 -0.67494897 -0.25758592 234 88 12
3.8387717 -0.6748111 -0.25708563 234 88 12
3.8363417 -0.6745122 -0.25606745 234 88 12
3.8289276 -0.67414126 -0.2526599 234 88 12
3.8277053 -0.67420714 -0.252039 234 88 12
3.8253277 -0.67455846 -0.2507479 234 88 12
3.8241278 -0.67477023 -0.25009258 234 88 12
3.8152325 -0.67625633 -0.24501836 234 88 12
3.8140102 -0.67653926 -0.24428512 234 88 12
3.8126527 -0.67680598 -0.24337868 234 88 12
3.8098558 -0.67737685 -0.24147025 234 88 12
3.8041362 -0.67897342 -0.23681967 234 88 12
3.7998353 -0.68049664 -0.2330818 234 88 12
3.7968166 -0.68167601 -0.23029337 234 88 12
3.7952798 -0.68232037 -0.22880097 234 88 12
3.7922138 -0.68368423 -0.22565984 234 88 12
3.8630936 -0.68045683 -0.27225733 234 88 12
3.8612727 -0.68037843 -0.27105736 234 88 12
3.8603264 -0.68027567 -0.27041816 234 88 12
3.8595247 -0.6802012 -0.26988221 234 88 12
3.8585798 -0.68003658 -0.26927464 234 88 12
3.856855 -0.67970859 -0.26824721 234 88 12
3.8550421 -0.67930489 -0.26712999 234 88 12
3.8540695 -0.6790836 -0.26657239 234 88 12
3.8531789 -0.67886418 -0.26607885 234 88 12
3.84792 -0.67747764 -0.26321983 234 88 12
3.8468806 -0.67721779 -0.26268896 234 88 12
3.8436869 -0.67649888 -0.26112759 234 88 12
3.8355069 -0.67525978 -0.25754533 234 88 12
3.8342342 -0.67509903 -0.25699766 234 88 12
3.8305787 -0.67487327 -0.25535286 234 88 12
3.8294179 -0.67488346 -0.25480194 234 88 12
3.8281982 -0.67489878 -0.2542377 234 88 12
3.827002 -0.67496827 -0.25364468 234 88 12
3.8245716 -0.67526151 -0.25238495 234 88 12
3.8209 -0.67593096 -0.25034237 234 88 12
3.8196489 -0.67612642 -0.24965685 234 88 12
3.8183581 -0.67633404 -0.24889479 234 88 12
3.8170106 -0.67652905 -0.24812725 234 88 12
3.8157661 -0.6767843 -0.24737162 234 88 12
3.8132837 -0.67736355 -0.24583368 234 88 12
3.8119986 -0.67763309 -0.24498271 234 88 12
3.8092076 -0.67818643 -0.24304731 234 88 12
3.8077063 -0.67849463 -0.24191472 234 88 12
3.8063838 -0.67887584 -0.24087227 234 88 12
3.8035306 -0.6797444 -0.23848535 234 88 12
3.8020878 -0.68024278 -0.23720314 234 88 12
3.7993257 -0.68131923 -0.23477492 234 88 12
3.7947805 -0.68316476 -0.23051721 234 88 12
3.8620903 -0.68102892 -0.27366989 234 88 12
3.8611536 -0.68100923 -0.27299083 234 88 12
3.8602789 -0.68099891 -0.27245537 234 88 12
3.8593638 -0.68092966 -0.27180712 234 88 12
3.8585402 -0.68086077 -0.27126017 234 88 12
3.8575846 -0.68070351 -0.27062632 234 88 12
3.8540106 -0.67999512 -0.26843139 234 88 12
3.8530817 -0.67976011 -0.26791772 234 88 12
3.8521935 -0.67956128 -0.26742048 234 88 12
3.8511646 -0.6792957 -0.26685565 234 88 12
3.8502269 -0.67906343 -0.26633662 234 88 12
3.8459623 -0.67796813 -0.26404993 234 88 12
3.8449706 -0.67773302 -0.26355095 234 88 12
3.8438076 -0.67745414 -0.26291453 234 88 12
3.8415716 -0.67697314 -0.26189253 234 88 12
3.8404063 -0.67675518 -0.26139365 234 88 12
3.8381708 -0.67642629 -0.26046287 234 88 12
3.8310375 -0.67564826 -0.25741445 234 88 12
3.8287123 -0.67563866 -0.25639239 234 88 12
3.8275147 -0.675658 -0.25584527 234 88 12
3.8250744 -0.6758313 -0.25466442 234 88 12
3.823823 -0.67597165 -0.25398248 234 88 12
3.8213683 -0.67638777 -0.25258698 234 88 12
3.8188744 -0.67682546 -0.25120234 234 88 12
3.8176592 -0.67706926 -0.25050005 234 88 12
3.8163714 -0.6773241 -0.24972425 234 88 12
3.815113 -0.67755852 -0.24896847 234 88 12
3.8138444 -0.67785381 -0.24817043 234 88 12
3.8126076 -0.67812104 -0.24738133 234 88 12
3.8085683 -0.67897765 -0.24459544 234 88 12
3.8015725 -0.6810226 -0.23890146 234 88 12
3.7942875 -0.68395854 -0.23218725 234 88 12
3.8619371 -0.68149833 -0.27572677 234 88 12
3.8610605 -0.68153259 -0.27509865 234 88 12
3.8566284 -0.68132359 -0.27199557 234 88 12
3.8557591 -0.6811911 -0.27142933 234 88 12
3.8521396 -0.6804277 -0.26925258 234 88 12
3.8451261 -0.67874919 -0.26547107 234 88 12
3.8440222 -0.67847907 -0.2648875 234 88 12
3.8429286 -0.67819928 -0.26432578 234 88 12
3.8418705 -0.67793528 -0.26382713 234 88 12
3.8395853 -0.6774771 -0.26283559 234 88 12
3.8362776 -0.67702005 -0.26149419 234 88 12
3.8350856 -0.67681138 -0.26098477 234 88 12
3.8339366 -0.67670042 -0.26052052 234 88 12
3.8267541 -0.6763591 -0.2574138 234 88 12
3.8255835 -0.6764268 -0.25683841 234 88 12
3.824367 -0.67655187 -0.25625558 234 88 12
3.8206318 -0.67709337 -0.25419383 234 88 12
3.8170305 -0.67779911 -0.25209919 234 88 12
3.8105617 -0.67917499 -0.24801365 234 88 12
3.8091649 -0.67944337 -0.24705978 234 88 12
3.8051637 -0.68041679 -0.24400523 234 88 12
3.801034 -0.68178365 -0.24057813 234 88 12
3.7982276 -0.68284164 -0.23806018 234 88 12
3.7922691 -0.68543202 -0.23224144 234 88 12
3.7907336 -0.68620304 -0.23063107 234 88 12
3.8620041 -0.68191206 -0.27804953 234 88 12
3.8610205 -0.68199605 -0.2772329 234 88 12
3.8591984 -0.68208011 -0.27580314 234 88 12
3.8511873 -0.68110088 -0.27057116 234 88 12
3.849355 -0.68064012 -0.26963543 234 88 12
3.8473629 -0.68020529 -0.26853423 234 88 12
3.8452234 -0.67974259 -0.26730294 234 88 12
3.8441588 -0.67946646 -0.26673699 234 88 12
3.8398669 -0.67839123 -0.2647722 234 88 12
3.8376139 -0.67800087 -0.26379319 234 88 12
3.8343131 -0.67752037 -0.26249195 234 88 12
3.8319707 -0.67724941 -0.26151557 234 88 12
3.8223803 -0.67738178 -0.25711747 234 88 12
3.8211298 -0.67758758 -0.25642724 234 88 12
3.8198834 -0.67776528 -0.25575465 234 88 12
3.8187845 -0.67803102 -0.25512595 234 88 12
3.8111913 -0.67962403 -0.25037464 234 88 12
3.8098203 -0.67989468 -0.24944162 234 88 12
3.8084631 -0.68015904 -0.24852475 234 88 12
3.8071782 -0.68050302 -0.24761476 234 88 12
3.804512 -0.68120793 -0.24553985 234 88 12
3.8031332 -0.68161475 -0.24441817 234 88 12
3.8004505 -0.68256757 -0.24218451 234 88 12
3.7990586 -0.68307356 -0.24096628 234 88 12
3.797685 -0.68359141 -0.2396966 234 88 12
3.7962387 -0.68417101 -0.23830922 234 88 12
3.8629294 -0.68209048 -0.28103135 234 88 12
3.8620149 -0.68225712 -0.28027934 234 88 12
3.8600816 -0.68248027 -0.27868956 234 88 12
3.8556163 -0.68262588 -0.27529549 234 88 12
3.8546783 -0.68251439 -0.27470037 234 88 12
3.8537594 -0.68238271 -0.27405825 234 88 12
3.8510638 -0.68190186 -0.27235473 234 88 12
3.8492798 -0.68151595 -0.27137413 234 88 12
3.8484286 -0.68131521 -0.2709713 234 88 12
3.8474291 -0.68108576 -0.2704602 234 88 12
3.8464268 -0.6808963 -0.26988765 234 88 12
3.842121 -0.67989832 -0.26750065 234 88 12
3.8389889 -0.67908421 -0.2662065 234 88 12
3.8357301 -0.67850089 -0.26482964 234 88 12
3.8346734 -0.67835702 -0.26442404 234 88 12
3.8335122 -0.6781665 -0.26395376 234 88 12
3.8323566 -0.6780177 -0.26349381 234 88 12
3.8312291 -0.67792782 -0.2630421 234 88 12
3.8300987 -0.67784722 -0.26256872 234 88 12
3.8180892 -0.6786933 -0.25671937 234 88 12
3.8156244 -0.67917648 -0.25524598 234 88 12
3.8143229 -0.67944546 -0.25447585 234 88 12
3.8131126 -0.67976849 -0.25368204 234 88 12
3.8064347 -0.68123954 -0.24912988 234 88 12
3.802484 -0.68240649 -0.24599253 234 88 12
3.7997543 -0.68331446 -0.24371589 234 88 12
3.797032 -0.68434349 -0.24123935 234 88 12
3.7895444 -0.68775377 -0.23371402 234 88 12
3.8611651 -0.68274794 -0.2817333 234 88 12
3.8582903 -0.68309609 -0.27933065 234 88 12
3.8556356 -0.6832104 -0.27735039 234 88 12
3.8546724 -0.68318552 -0.27663795 234 88 12
3.8528513 -0.68297228 -0.27541841 234 88 12
3.851091 -0.68273308 -0.27428123 234 88 12
3.8454813 -0.68158346 -0.27119622 234 88 12
3.8434128 -0.68115337 -0.27003637 234 88 12
3.8380901 -0.67976628 -0.26758633 234 88 12
3.8369607 -0.67948999 -0.26710108 234 88 12
3.8359044 -0.67930729 -0.26665686 234 88 12
3.834829 -0.67914309 -0.26622698 234 88 12
3.8315407 -0.67869438 -0.26496575 234 88 12
3.8258799 -0.67840364 -0.26275296 234 88 12
3.8221689 -0.67863625 -0.26100584 234 88 12
3.818492 -0.67916932 -0.2589426 234 88 12
3.8084637 -0.68138254 -0.25259446 234 88 12
3.7990719 -0.68408339 -0.24527136 234 88 12
3.797795 -0.68462238 -0.24411129 234 88 12
3.7949423 -0.68570632 -0.24135047 234 88 12
3.7934803 -0.68632155 -0.23992455 234 88 12
3.7920603 -0.68702478 -0.23848141 234 88 12
3.7890025 -0.68862141 -0.23530419 234 88 12
3.8610986 -0.68301221 -0.28383466 234 88 12
3.8602491 -0.68322611 -0.28309319 234 88 12
3.8592981 -0.68341565 -0.28233493 234 88 12
3.8555944 -0.68374887 -0.27931829 234 88 12
3.8510969 -0.68345506 -0.27620296 234 88 12
3.8483833 -0.68296935 -0.27461815 234 88 12
3.8455091 -0.68243835 -0.27301817 234 88 12
3.841388 -0.6814953 -0.27087789 234 88 12
3.8403029 -0.68123089 -0.27033421 234 88 12
3.8339505 -0.67978102 -0.26764858 234 88 12
3.8329221 -0.6796644 -0.26725978 234 88 12
3.8318267 -0.67948878 -0.26683469 234 88 12
3.8285069 -0.67915753 -0.2656355 234 88 12
3.8237989 -0.67909229 -0.26366435 234 88 12
3.8214068 -0.67932278 -0.26252408 234 88 12
3.8201419 -0.67947121 -0.26185389 234 88 12
3.817772 -0.67989689 -0.2605211 234 88 12
3.8140507 -0.6806146 -0.25824718 234 88 12
3.799684 -0.6843578 -0.24797524 234 88 12
3.7913634 -0.68782384 -0.24000549 234 88 12
3.7898717 -0.68859578 -0.23849304 234 88 12
3.7883275 -0.68944769 -0.23679856 234 88 12
3.8593621 -0.68373184 -0.28444377 234 88 12
3.8575368 -0.68404663 -0.282938 234 88 12
3.856612 -0.6841373 -0.28216504 234 88 12
3.8556962 -0.68418806 -0.28145546 234 88 12
3.8528502 -0.68423979 -0.27929487 234 88 12
3.8511065 -0.68414278 -0.2781394 234 88 12
3.8501583 -0.68402592 -0.27751509 234 88 12
3.8465636 -0.68342195 -0.27543256 234 88 12
3.8456613 -0.68329036 -0.27496181 234 88 12
3.8413556 -0.68230617 -0.27263973 234 88 12
3.8392749 -0.68181888 -0.27161833 234 88 12
3.8331345 -0.68042082 -0.26919863 234 88 12
3.8320883 -0.68029332 -0.26879789 234 88 12
3.8287875 -0.67986605 -0.26756722 234 88 12
3.8229734 -0.67975928 -0.26513014 234 88 12
3.8193593 -0.68017746 -0.26335057 234 88 12
3.8181661 -0.68036293 -0.26270309 234 88 12
3.817051 -0.68060658 -0.26205156 234 88 12
3.8146313 -0.68112359 -0.26055355 234 88 12
3.8122516 -0.68167475 -0.25919207 234 88 12
3.8097023 -0.68225402 -0.25757613 234 88 12
3.8071461 -0.68286176 -0.25583056 234 88 12
3.7990143 -0.68512901 -0.24957131 234 88 12
3.7977044 -0.68561237 -0.24844657 234 88 12
3.7963406 -0.68613779 -0.24724909 234 88 12
3.7949473 -0.68667038 -0.24591083 234 88 12
3.7920817 -0.68788823 -0.2430452 234 88 12
3.7891475 -0.68936704 -0.24002919 234 88 12
3.7876639 -0.69025424 -0.2383849 234 88 12
3.8593071 -0.68394395 -0.28655634 234 88 12
3.8575206 -0.68433936 -0.28496368 234 88 12
3.8548408 -0.68465773 -0.28278882 234 88 12
3.8492215 -0.68453094 -0.27877366 234 88 12
3.8483318 -0.68441503 -0.27824772 234 88 12
3.8455664 -0.68396715 -0.27666054 234 88 12
3.8436251 -0.68361147 -0.27564922 234 88 12
3.8404365 -0.68287232 -0.27402913 234 88 12
3.8382686 -0.68238839 -0.27295569 234 88 12
3.8322612 -0.68105222 -0.27069524 234 88 12
3.8301366 -0.68073475 -0.26989494 234 88 12
3.8290345 -0.68060513 -0.26945676 234 88 12
3.8245239 -0.68029419 -0.2677013 234 88 12
3.8233261 -0.680328 -0.26715704 234 88 12
3.8221938 -0.68040138 -0.26665681 234 88 12
3.8210088 -0.68052115 -0.26613317 234 88 12
3.8198277 -0.68067917 -0.26554324 234 88 12
3.8139536 -0.68185214 -0.26218798 234 88 12
3.8051049 -0.68391117 -0.25644162 234 88 12
3.8025113 -0.68468171 -0.25451185 234 88 12
3.7997138 -0.68542551 -0.252297 234 88 12
3.7942465 -0.68744623 -0.24745214 234 88 12
3.7898995 -0.6893522 -0.24308717 234 88 12
3.8575763 -0.68459868 -0.28714135 234 88 12
3.8549132 -0.68505026 -0.2848257 234 88 12
3.8510603 -0.68516864 -0.28189411 234 88 12
3.8500906 -0.6851208 -0.28123408 234 88 12
3.8426496 -0.684154 -0.27695452 234 88 12
3.841669 -0.68392814 -0.27647922 234 88 12
3.8406231 -0.68368822 -0.27594015 234 88 12
3.8395397 -0.68343388 -0.27539446 234 88 12
3.8372752 -0.68294679 -0.27428565 234 88 12
3.835314 -0.68247866 -0.27348634 234 88 12
3.8334427 -0.68207505 -0.27285362 234 88 12
3.8324299 -0.68188305 -0.27249406 234 88 12
3.830355 -0.68149763 -0.27175294 234 88 12
3.8281371 -0.68117057 -0.27093552 234 88 12
3.8270006 -0.68100549 -0.27048696 234 88 12
3.8258668 -0.68090802 -0.27003859 234 88 12
3.8236211 -0.68086749 -0.26918563 234 88 12
3.822534 -0.68094027 -0.26872593 234 88 12
3.8214004 -0.6810211 -0.26825271 234 88 12
3.8178696 -0.68151477 -0.26648918 234 88 12
3.816624 -0.681702 -0.26575714 234 88 12
3.8155536 -0.68195258 -0.26518934 234 88 12
3.8143214 -0.68220497 -0.26448289 234 88 12
3.808272 -0.68367242 -0.26067523 234 88 12
3.8056744 -0.68430314 -0.25891112 234 88 12
3.8043488 -0.68460987 -0.2579772 234 88 12
3.7990542 -0.6861749 -0.25392427 234 88 12
3.7976592 -0.68663388 -0.25271509 234 88 12
3.7963387 -0.68713081 -0.25159544 234 88 12
3.7936329 -0.68824345 -0.24908112 234 88 12
3.7876864 -0.69090959 -0.24308318 234 88 12
3.8558031 -0.68524104 -0.28768345 234 88 12
3.8549977 -0.68539491 -0.28693139 234 88 12
3.8511102 -0.6856384 -0.28384423 234 88 12
3.8501536 -0.68561141 -0.28317467 234 88 12
3.8483125 -0.685547 -0.28188753 234 88 12
3.8456996 -0.68533606 -0.28029188 234 88 12
3.8446975 -0.68521908 -0.2796952 234 88 12
3.8436802 -0.68505834 -0.27915988 234 88 12
3.8416445 -0.68466601 -0.27817931 234 88 12
3.8407215 -0.68445038 -0.27774222 234 88 12
3.8374893 -0.68374253 -0.27616928 234 88 12
3.8363768 -0.68349674 -0.2756989 234 88 12
3.8353307 -0.68325075 -0.27527658 234 88 12
3.834412 -0.68303781 -0.27495196 234 88 12
3.8335376 -0.68286054 -0.27463646 234 88 12
3.8325645 -0.68268682 -0.2743197 234 88 12
3.8304928 -0.68228013 -0.27357191 234 88 12
3.82948 -0.68208298 -0.27323985 234 88 12
3.8250568 -0.68146709 -0.27157014 234 88 12
3.8239155 -0.68142123 -0.27115471 234 88 12
3.8227961 -0.68144481 -0.27077326 234 88 12
3.8194838 -0.68172724 -0.26932378 234 88 12
3.8182551 -0.68190455 -0.26867745 234 88 12
3.8159011 -0.68235308 -0.26734822 234 88 12
3.8086631 -0.6840136 -0.26306398 234 88 12
3.807522 -0.68438206 -0.26226839 234 88 12
3.805007 -0.6850304 -0.26052862 234 88 12
3.8036324 -0.68532456 -0.25956332 234 88 12
3.802344 -0.68570355 -0.25862315 234 88 12
3.8010533 -0.6860711 -0.25766873 234 88 12
3.7969319 -0.68738582 -0.25426941 234 88 12
3.7956814 -0.6879018 -0.25318378 234 88 12
3.7943475 -0.68847423 -0.25194083 234 88 12
3.7885605 -0.69094235 -0.24624497 234 88 12
3.7854893 -0.69256193 -0.24300338 234 88 12
3.7822545 -0.69441805 -0.23924248 234 88 12
3.8492693 -0.68603222 -0.28443343 234 88 12
3.8466412 -0.68597219 -0.28265718 234 88 12
3.8448677 -0.68586613 -0.28156962 234 88 12
3.8427779 -0.68558831 -0.28045008 234 88 12
3.8407455 -0.68520964 -0.2794645 234 88 12
3.839775 -0.68499481 -0.27898703 234 88 12
3.8375996 -0.68450036 -0.27793725 234 88 12
3.8354274 -0.68399794 -0.2770505 234 88 12
3.8334741 -0.68357129 -0.27636196 234 88 12
3.831594 -0.68325432 -0.27568853 234 88 12
3.8275311 -0.68245531 -0.27438049 234 88 12
3.8230411 -0.68196308 -0.27270134 234 88 12
3.8219009 -0.68197302 -0.27229504 234 88 12
3.8197218 -0.68211995 -0.27141591 234 88 12
3.8186241 -0.68227032 -0.2708744 234 88 12
3.8174719 -0.68247684 -0.27031044 234 88 12
3.8164152 -0.68276533 -0.2697133 234 88 12
3.8079745 -0.68471453 -0.26472719 234 88 12
3.8068464 -0.68510292 -0.26392763 234 88 12
3.8055445 -0.6854135 -0.26302779 234 88 12
3.8029391 -0.68604536 -0.26122625 234 88 12
3.801602 -0.68639589 -0.26022798 234 88 12
3.7989064 -0.68718832 -0.25808945 234 88 12
3.7936009 -0.68924475 -0.25350813 234 88 12
3.7893302 -0.69098305 -0.24936246 234 88 12
3.7862769 -0.69243595 -0.24623063 234 88 12
3.7848173 -0.693289 -0.24462698 234 88 12
3.7798593 -0.69617262 -0.23878881 234 88 12
3.8558658 -0.6857927 -0.29204335 234 88 12
3.8541164 -0.68616353 -0.29041816 234 88 12
3.8522565 -0.68639131 -0.2887115 234 88 12
3.8512463 -0.68642051 -0.28787693 234 88 12
3.8484299 -0.68649364 -0.28572239 234 88 12
3.8465768 -0.68643781 -0.2844268 234 88 12
3.8439929 -0.68638168 -0.28286049 234 88 12
3.8420031 -0.68617077 -0.28181664 234 88 12
3.8388333 -0.68553457 -0.28026425 234 88 12
3.8377196 -0.68528299 -0.27973123 234 88 12
3.8367039 -0.68506684 -0.27927306 234 88 12
3.8336391 -0.68432914 -0.27812333 234 88 12
3.8317126 -0.68398455 -0.27746108 234 88 12
3.8278196 -0.68326517 -0.27627208 234 88 12
3.8267448 -0.68305196 -0.27594887 234 88 12
3.8234305 -0.6826154 -0.27476536 234 88 12
3.8221942 -0.6825429 -0.27427192 234 88 12
3.8211275 -0.68257839 -0.27391073 234 88 12
3.8189423 -0.68270303 -0.27301149 234 88 12
3.817823 -0.68284113 -0.27244958 234 88 12
3.8156787 -0.68340172 -0.27135852 234 88 12
3.8097868 -0.68488499 -0.26801889 234 88 12
3.8072593 -0.68545415 -0.26633788 234 88 12
3.8061042 -0.68582682 -0.26551225 234 88 12
3.8036722 -0.68650285 -0.26386602 234 88 12
3.8023002 -0.68680356 -0.26292419 234 88 12
3.8009076 -0.68712638 -0.26185641 234 88 12
3.792786 -0.6899586 -0.25500425 234 88 12
3.7913667 -0.69049111 -0.25371703 234 88 12
3.7900076 -0.69111413 -0.25241037 234 88 12
3.7871686 -0.6924698 -0.24949309 234 88 12
3.7808269 -0.69581441 -0.24243043 234 88 12
3.8542431 -0.68650443 -0.29265123 234 88 12
3.8523885 -0.68675414 -0.29094535 234 88 12
3.8514285 -0.6868531 -0.29007183 234 88 12
3.8467551 -0.68694718 -0.28642536 234 88 12
3.8457938 -0.68691354 -0.28577223 234 88 12
3.8431406 -0.68688283 -0.28415146 234 88 12
3.8421467 -0.68680807 -0.28359806 234 88 12
3.8412253 -0.68672188 -0.28315489 234 88 12
3.8379228 -0.68605086 -0.28154052 234 88 12
3.8368324 -0.68581286 -0.28102812 234 88 12
3.8357928 -0.68560587 -0.28056937 234 88 12
3.8348524 -0.68538999 -0.28020902 234 88 12
3.8338414 -0.68515365 -0.27986585 234 88 12
3.8328813 -0.68492126 -0.27955689 234 88 12
3.8289752 -0.68424252 -0.27831686 234 88 12
3.8279814 -0.68404846 -0.27803035 234 88 12
3.8236522 -0.6833028 -0.27670209 234 88 12
3.8225596 -0.6831991 -0.27629987 234 88 12
3.8213761 -0.68313246 -0.27581646 234 88 12
3.8192508 -0.68319684 -0.27503073 234 88 12
3.8181859 -0.68329179 -0.27460388 234 88 12
3.8159952 -0.68370558 -0.27361398 234 88 12
3.8149561 -0.68401546 -0.27307002 234 88 12
3.8127147 -0.6846112 -0.27178773 234 88 12
3.8115545 -0.68491246 -0.27111945 234 88 12
3.8091639 -0.68559834 -0.26968388 234 88 12
3.8066897 -0.68622685 -0.26803097 234 88 12
3.8054698 -0.68656803 -0.26717188 234 88 12
3.7961244 -0.68917199 -0.26004373 234 88 12
3.7947149 -0.68963946 -0.25885808 234 88 12
3.7919885 -0.69064875 -0.25651682 234 88 12
3.7877334 -0.69244354 -0.25247642 234 88 12
3.7848598 -0.69388721 -0.24941784 234 88 12
3.7800693 -0.69649118 -0.2439793 234 88 12
3.8516388 -0.68725434 -0.29236937 234 88 12
3.8506176 -0.68731167 -0.2914819 234 88 12
3.8496885 -0.68736455 -0.29069939 234 88 12
3.8478504 -0.68744443 -0.28919008 234 88 12
3.8460198 -0.68746935 -0.28780907 234 88 12
3.8450898 -0.68748515 -0.28721647 234 88 12
3.8442408 -0.68747293 -0.28668172 234 88 12
3.8414273 -0.68733833 -0.28499052 234 88 12
3.8405391 -0.68726596 -0.28452994 234 88 12
3.8394876 -0.68710454 -0.28400133 234 88 12
3.8361017 -0.68638451 -0.28241486 234 88 12
3.8311583 -0.68532642 -0.28070351 234 88 12
3.8302035 -0.68517121 -0.28045994 234 88 12
3.8292211 -0.68500227 -0.28015138 234 88 12
3.8281992 -0.68482335 -0.27982361 234 88 12
3.8271624 -0.68461697 -0.27948767 234 88 12
3.8251263 -0.6842416 -0.27898115 234 88 12
3.8240903 -0.68407276 -0.27871879 234 88 12
3.822906 -0.68389128 -0.27830329 234 88 12
3.819756 -0.68376648 -0.27723989 234 88 12
3.8153122 -0.68432079 -0.2753169 234 88 12
3.8119786 -0.68524452 -0.27343349 234 88 12
3.8108462 -0.68556896 -0.27278122 234 88 12
3.8085653 -0.68632165 -0.27136396 234 88 12
3.8073275 -0.68665751 -0.2705429 234 88 12
3.8036219 -0.68767973 -0.26802271 234 88 12
3.7966367 -0.68944394 -0.26271666 234 88 12
3.7954004 -0.68993968 -0.26163693 234 88 12
3.794052 -0.69039664 -0.26051587 234 88 12
3.7913158 -0.69139116 -0.2580951 234 88 12
3.7884427 -0.69254103 -0.25545057 234 88 12
3.7870619 -0.69320441 -0.25409673 234 88 12
3.7856607 -0.6939042 -0.2526375 234 88 12
3.7841492 -0.69461179 -0.25102008 234 88 12
3.7809905 -0.69622123 -0.24745797 234 88 12
3.7792936 -0.69712069 -0.24546868 234 88 12
3.8518219 -0.68758005 -0.2947091 234 88 12
3.8499354 -0.68780063 -0.29296879 234 88 12
3.8490171 -0.68786764 -0.29215015 234 88 12
3.8452559 -0.68796743 -0.28921922 234 88 12
3.84259 -0.68798436 -0.28748285 234 88 12
3.8406906 -0.68784168 -0.28634347 234 88 12
3.83869 -0.68759493 -0.28529033 234 88 12
3.8334048 -0.68649189 -0.28309168 234 88 12
3.8323856 -0.68626619 -0.28272468 234 88 12
3.8314138 -0.68606978 -0.28243836 234 88 12
3.8284297 -0.68555899 -0.2815998 234 88 12
3.8273934 -0.68536043 -0.28126911 234 88 12
3.8263934 -0.68518387 -0.2809839 234 88 12
3.8254034 -0.68501222 -0.2807644 234 88 12
3.8168939 -0.68456 -0.27808936 234 88 12
3.8146372 -0.68494225 -0.27704545 234 88 12
3.812406 -0.68551478 -0.27584478 234 88 12
3.8067046 -0.68733314 -0.27222685 234 88 12
3.8042554 -0.68803589 -0.27058354 234 88 12
3.8030038 -0.68840624 -0.26970169 234 88 12
3.7974565 -0.68982314 -0.2655058 234 88 12
3.7946863 -0.69068176 -0.2632182 234 88 12
3.7919243 -0.69160983 -0.26082988 234 88 12
3.7905193 -0.69213288 -0.25954451 234 88 12
3.784889 -0.69458893 -0.25410484 234 88 12
3.7834138 -0.6953038 -0.25255944 234 88 12
3.7818274 -0.69602018 -0.25080583 234 88 12
3.7770423 -0.69869404 -0.24521046 234 88 12
3.8528965 -0.68773953 -0.29791992 234 88 12
3.8520409 -0.68794083 -0.29703611 234 88 12
3.8483253 -0.68836343 -0.29358785 234 88 12
3.8474133 -0.68840426 -0.29280792 234 88 12
3.8454569 -0.68847805 -0.29127634 234 88 12
3.841897 -0.68851423 -0.28890264 234 88 12
3.8409279 -0.68842397 -0.28833443 234 88 12
3.8389892 -0.68823692 -0.28723086 234 88 12
3.8368586 -0.68789756 -0.2861661 234 88 12
3.8348385 -0.68750009 -0.28528818 234 88 12
3.8337926 -0.68727023 -0.28488641 234 88 12
3.8316888 -0.68681899 -0.28417193 234 88 12
3.8306577 -0.68660051 -0.28383575 234 88 12
3.8276899 -0.68608097 -0.28306564 234 88 12
3.82565 -0.68573102 -0.28251421 234 88 12
3.8246224 -0.68555227 -0.28228109 234 88 12
3.8150039 -0.68529067 -0.27930317 234 88 12
3.8128026 -0.68582028 -0.27814456 234 88 12
3.8117228 -0.68613976 -0.27754714 234 88 12
3.8083081 -0.68724378 -0.27539379 234 88 12
3.8072146 -0.68764335 -0.27470958 234 88 12
3.806061 -0.68801959 -0.27395744 234 88 12
3.8048917 -0.68839937 -0.27313642 234 88 12
3.8036546 -0.68876436 -0.27231861 234 88 12
3.8023485 -0.68911995 -0.27141993 234 88 12
3.8010356 -0.68947518 -0.27050226 234 88 12
3.7995993 -0.68983329 -0.26942446 234 88 12
3.7967755 -0.69057087 -0.26718196 234 88 12
3.7912433 -0.69237831 -0.26241074 234 88 12
3.7898345 -0.69287771 -0.26112506 234 88 12
3.7884934 -0.69343367 -0.25989703 234 88 12
3.7858259 -0.69468103 -0.25726318 234 88 12
3.784304 -0.69533227 -0.25574327 234 88 12
3.7828425 -0.69602206 -0.25421616 234 88 12
3.7811889 -0.69671269 -0.25245513 234 88 12
3.8520686 -0.68817757 -0.29936857 234 88 12
3.8512154 -0.68836247 -0.29846909 234 88 12
3.8502851 -0.68847788 -0.29757071 234 88 12
3.8493334 -0.68860897 -0.29665892 234 88 12
3.848484 -0.68874138 -0.29587588 234 88 12
3.8476384 -0.688867 -0.29504701 234 88 12
3.8467525 -0.6889565 -0.29425938 234 88 12
3.8457137 -0.68896506 -0.29344693 234 88 12
3.8420178 -0.6889919 -0.29089492 234 88 12
3.8411166 -0.68899618 -0.29027625 234 88 12
3.8402185 -0.68894765 -0.28973807 234 88 12
3.8371696 -0.68854689 -0.28806316 234 88 12
3.8299369 -0.68714368 -0.28532217 234 88 12
3.827903 -0.6867656 -0.28479177 234 88 12
3.8258953 -0.68638432 -0.28426532 234 88 12
3.8238193 -0.6860528 -0.28375739 234 88 12
3.8218108 -0.68573627 -0.2833462 234 88 12
3.8186344 -0.68549535 -0.28253073 234 88 12
3.815435 -0.68572802 -0.28151194 234 88 12
3.8142497 -0.68586317 -0.28100013 234 88 12
3.8076459 -0.6878989 -0.27715162 234 88 12
3.8065278 -0.68830318 -0.27641874 234 88 12
3.8054139 -0.68871584 -0.27570503 234 88 12
3.8003106 -0.69019042 -0.27210918 234 88 12
3.796162 -0.69131831 -0.26887948 234 88 12
3.7933779 -0.69219517 -0.266473 234 88 12
3.7877748 -0.69411018 -0.26143229 234 88 12
3.7864087 -0.69471206 -0.26009802 234 88 12
3.7835967 -0.6960054 -0.25726403 234 88 12
3.7756981 -0.69983318 -0.24852666 234 88 12
3.8503591 -0.68879577 -0.29988234 234 88 12
3.847733 -0.68924165 -0.29732301 234 88 12
3.8468065 -0.68932533 -0.29646271 234 88 12
3.8430915 -0.68947789 -0.29355026 234 88 12
3.8413586 -0.68949582 -0.29237185 234 88 12
3.8404121 -0.68947024 -0.291738 234 88 12
3.8395791 -0.68944153 -0.29120071 234 88 12
3.8365015 -0.6890613 -0.28951072 234 88 12
3.8313089 -0.68815712 -0.28731855 234 88 12
3.8281733 -0.68746305 -0.28647684 234 88 12
3.8271764 -0.68728671 -0.28627865 234 88 12
3.8261722 -0.6870994 -0.2860318 234 88 12
3.8252022 -0.686922 -0.28579759 234 88 12
3.8230948 -0.68656045 -0.28532129 234 88 12
3.8168741 -0.68610513 -0.28394659 234 88 12
3.8157557 -0.68615438 -0.28357785 234 88 12
3.8134554 -0.68642856 -0.28264413 234 88 12
3.8102402 -0.68736402 -0.28094425 234 88 12
3.8091461 -0.68770851 -0.28030352 234 88 12
3.8022222 -0.69015341 -0.27562182 234 88 12
3.7995665 -0.69089144 -0.2737306 234 88 12
3.7981709 -0.69124358 -0.27268683 234 88 12
3.7914088 -0.6934037 -0.26698658 234 88 12
3.7886025 -0.69434339 -0.26446126 234 88 12
3.787147 -0.69484639 -0.26311526 234 88 12
3.7857705 -0.69542766 -0.26172779 234 88 12
3.7843496 -0.69601985 -0.2603354 234 88 12
3.7829257 -0.69670791 -0.25884628 234 88 12
3.7814462 -0.69736344 -0.25731249 234 88 12
3.7782164 -0.69873421 -0.25390277 234 88 12
3.7766067 -0.69952421 -0.25207667 234 88 12
3.7735956 -0.70134433 -0.2484699 234 88 12
3.8487969 -0.68944699 -0.30057213 234 88 12
3.8478862 -0.68959063 -0.29966529 234 88 12
3.8460857 -0.68981011 -0.29795718 234 88 12
3.8452662 -0.68992267 -0.2971909 234 88 12
3.8443465 -0.68997118 -0.2964698 234 88 12
3.8434237 -0.69002358 -0.29574635 234 88 12
3.8406705 -0.69000254 -0.29382988 234 88 12
3.8396767 -0.68995971 -0.29319067 234 88 12
3.8357285 -0.68957716 -0.29093933 234 88 12
3.8347821 -0.68946663 -0.29050919 234 88 12
3.8315913 -0.68892139 -0.28912052 234 88 12
3.828543 -0.68822789 -0.28827347 234 88 12
3.827418 -0.68800111 -0.28795371 234 88 12
3.8264972 -0.68785197 -0.28782202 234 88 12
3.8233493 -0.68726088 -0.28707153 234 88 12
3.8213913 -0.6869685 -0.28674497 234 88 12
3.820293 -0.68679798 -0.28651066 234 88 12
3.8192118 -0.6866709 -0.28622126 234 88 12
3.8181733 -0.68659931 -0.28603453 234 88 12
3.8172017 -0.68659648 -0.28587602 234 88 12
3.8150206 -0.68668888 -0.28527023 234 88 12
3.811557 -0.6872643 -0.28378177 234 88 12
3.8084272 -0.6883318 -0.28202832 234 88 12
3.8051384 -0.68958516 -0.27992338 234 88 12
3.803996 -0.69000787 -0.27911804 234 88 12
3.8014387 -0.69080549 -0.27728057 234 88 12
3.7988212 -0.69156481 -0.27541597 234 88 12
3.7974277 -0.69193124 -0.27436924 234 88 12
3.7961263 -0.69234229 -0.27331141 234 88 12
3.7946658 -0.69272178 -0.27210749 234 88 12
3.7919743 -0.69359703 -0.26978255 234 88 12
3.7851031 -0.69613643 -0.26337609 234 88 12
3.7791804 -0.69866581 -0.25728464 234 88 12
3.7775514 -0.69934639 -0.25555637 234 88 12
3.7760313 -0.70012641 -0.25382647 234 88 12
3.8489521 -0.68981158 -0.30297574 234 88 12
3.8471598 -0.69008199 -0.30117889 234 88 12
3.8408006 -0.69049771 -0.29585524 234 88 12
3.8389184 -0.69043037 -0.29464344 234 88 12
3.8380708 -0.69038245 -0.29409281 234 88 12
3.8370176 -0.69030472 -0.2934761 234 88 12
3.8320075 -0.68965101 -0.29108051 234 88 12
3.8298372 -0.68921314 -0.29025024 234 88 12
3.8277708 -0.68872016 -0.28969189 234 88 12
3.8247943 -0.68820758 -0.28916476 234 88 12
3.8236975 -0.68799427 -0.28888964 234 88 12
3.8217377 -0.68763642 -0.28859161 234 88 12
3.8207317 -0.68750037 -0.2884191 234 88 12
3.8195791 -0.68731597 -0.28814647 234 88 12
3.8174334 -0.68713356 -0.28772301 234 88 12
3.8142161 -0.68722004 -0.28690816 234 88 12
3.8118899 -0.68751743 -0.28594664 234 88 12
3.8096803 -0.688123 -0.28492107 234 88 12
3.8085998 -0.68847691 -0.28430737 234 88 12
3.806602 -0.68935077 -0.28309461 234 88 12
3.804399 -0.69022224 -0.28163342 234 88 12
3.8019683 -0.69104829 -0.27992038 234 88 12
3.7980891 -0.69225601 -0.27711318 234 88 12
3.7967207 -0.69262499 -0.27604209 234 88 12
3.7953659 -0.69303764 -0.2749319 234 88 12
3.7939382 -0.69340882 -0.27376611 234 88 12
3.7926419 -0.69385535 -0.27267671 234 88 12
3.7872363 -0.69575423 -0.26782513 234 88 12
3.7814865 -0.69798208 -0.26215133 234 88 12
3.7799454 -0.69857369 -0.26056322 234 88 12
3.7785167 -0.69927177 -0.2589858 234 88 12
3.7737337 -0.70146975 -0.25371386 234 88 12
3.7707072 -0.70317759 -0.25003353 234 88 12
3.845355 -0.69064832 -0.30169339 234 88 12
3.8444396 -0.69075289 -0.30082831 234 88 12
3.8419561 -0.6910014 -0.29869787 234 88 12
3.8400593 -0.69099597 -0.2972722 234 88 12
3.838186 -0.69091412 -0.29609934 234 88 12
3.8372562 -0.69083288 -0.29551851 234 88 12
3.8362783 -0.6907396 -0.29492589 234 88 12
3.8353013 -0.69067442 -0.29435833 234 88 12
3.8343458 -0.69057647 -0.293863 234 88 12
3.8332744 -0.69042413 -0.2933486 234 88 12
3.8280797 -0.68950077 -0.29151614 234 88 12
3.8259273 -0.68903174 -0.29095659 234 88 12
3.8239968 -0.68869503 -0.29068042 234 88 12
3.8187641 -0.68780142 -0.28968936 234 88 12
3.8166638 -0.68762299 -0.28933683 234 88 12
3.8146578 -0.68764417 -0.28896713 234 88 12
3.8134343 -0.68772139 -0.28853897 234 88 12
3.8111137 -0.68805415 -0.28763697 234 88 12
3.8088636 -0.68864084 -0.28660951 234 88 12
3.8078322 -0.68902893 -0.28604034 234 88 12
3.8047778 -0.69039621 -0.28408482 234 88 12
3.8035954 -0.69081376 -0.28332445 234 88 12
3.801214 -0.69168349 -0.28166019 234 88 12
3.7999952 -0.69210558 -0.28078864 234 88 12
3.7973307 -0.69290577 -0.2788089 234 88 12
3.7946468 -0.69368352 -0.27664002 234 88 12
3.7919457 -0.69453409 -0.27440881 234 88 12
3.7879109 -0.69593227 -0.27084199 234 88 12
3.7851029 -0.69691519 -0.2681595 234 88 12
3.780772 -0.6985516 -0.26382582 234 88 12
3.7792722 -0.69914253 -0.26226269 234 88 12
3.7747673 -0.70125164 -0.25732732 234 88 12
3.7715614 -0.70281942 -0.25370042 234 88 12
3.8464995 -0.69089648 -0.3049704 234 88 12
3.8445462 -0.69109899 -0.30311428 234 88 12
3.8411513 -0.69145792 -0.30011299 234 88 12
3.8363997 -0.69125333 -0.29688182 234 88 12
3.833641 -0.69100282 -0.29538249 234 88 12
3.8241554 -0.68928699 -0.2922943 234 88 12
3.8231593 -0.68911776 -0.29215173 234 88 12
3.8221397 -0.68891388 -0.29201749 234 88 12
3.8202032 -0.68859733 -0.29174099 234 88 12
3.8169345 -0.68818395 -0.29114888 234 88 12
3.8147707 -0.68807228 -0.29069703 234 88 12
3.8103726 -0.68851734 -0.28935259 234 88 12
3.8092763 -0.68882843 -0.2888956 234 88 12
3.808063 -0.6891455 -0.28830062 234 88 12
3.8060112 -0.68999223 -0.2871973 234 88 12
3.8039229 -0.69092558 -0.28579889 234 88 12
3.8027965 -0.69139702 -0.28506559 234 88 12
3.7992255 -0.69270452 -0.28248498 234 88 12
3.7979284 -0.69312388 -0.28156834 234 88 12
3.7952198 -0.69396189 -0.27946596 234 88 12
3.7939045 -0.69437468 -0.27837241 234 88 12
3.792522 -0.69475739 -0.27721691 234 88 12
3.7885762 -0.69609852 -0.27385705 234 88 12
3.7871557 -0.69655575 -0.27254176 234 88 12
3.7815046 -0.69858572 -0.26697187 234 88 12
3.7800553 -0.69911775 -0.26544788 234 88 12
3.7771084 -0.70036425 -0.26240011 234 88 12
3.7755523 -0.70100719 -0.26074432 234 88 12
3.7724661 -0.70250726 -0.25724301 234 88 12
3.7709543 -0.70329352 -0.2554706 234 88 12
3.7693634 -0.70408699 -0.25360718 234 88 12
3.8403219 -0.6919251 -0.30157966 234 88 12
3.8376557 -0.69191934 -0.29963749 234 88 12
3.8366605 -0.69182454 -0.29896201 234 88 12
3.833729 -0.69153348 -0.29726541 234 88 12
3.8317461 -0.69129662 -0.2963227 234 88 12
3.8286361 -0.69080097 -0.29518529 234 88 12
3.8264306 -0.69038041 -0.29453763 234 88 12
3.8252993 -0.69008997 -0.2941854 234 88 12
3.8243624 -0.68990988 -0.29399777 234 88 12
3.8183948 -0.68891838 -0.29316766 234 88 12
3.8172906 -0.6887847 -0.29301232 234 88 12
3.8151481 -0.68857503 -0.2926549 234 88 12
3.8140575 -0.68851795 -0.29242088 234 88 12
3.8130003 -0.68856268 -0.29221821 234 88 12
3.8072964 -0.6895861 -0.29004638 234 88 12
3.8052078 -0.69047987 -0.28893305 234 88 12
3.803072 -0.69143544 -0.28757193 234 88 12
3.7996649 -0.69282785 -0.28518673 234 88 12
3.7971566 -0.69371264 -0.28334286 234 88 12
3.7931155 -0.69498215 -0.28013707 234 88 12
3.7890397 -0.69622017 -0.27654753 234 88 12
3.7863127 -0.69713937 -0.27414515 234 88 12
3.7850113 -0.6976426 -0.27293298 234 88 12
3.7808076 -0.69913937 -0.26869408 234 88 12
3.779366 -0.6996741 -0.26717234 234 88 12
3.7778356 -0.70022271 -0.26566094 234 88 12
3.774819 -0.70151221 -0.26245426 234 88 12
3.7733684 -0.70224702 -0.2607716 234 88 12
3.7718487 -0.70300809 -0.25903647 234 88 12
3.7703472 -0.7037662 -0.25725321 234 88 12
3.7687921 -0.7045521 -0.25544039 234 88 12
3.8430347 -0.69207169 -0.30611043 234 88 12
3.8422349 -0.6922037 -0.30533687 234 88 12
3.8404481 -0.69235326 -0.30381781 234 88 12
3.836809 -0.69235828 -0.30107879 234 88 12
3.8358645 -0.69228595 -0.30040188 234 88 12
3.8320092 -0.69189196 -0.29830247 234 88 12
3.8245567 -0.69056821 -0.29572687 234 88 12
3.8215498 -0.68997789 -0.29522654 234 88 12
3.8205768 -0.68980966 -0.29513205 234 88 12
3.8195883 -0.68968506 -0.29504079 234 88 12
3.8176175 -0.68938786 -0.29482494 234 88 12
3.816509 -0.68923085 -0.2946655 234 88 12
3.8143158 -0.6890044 -0.29426141 234 88 12
3.8109682 -0.68900342 -0.29355331 234 88 12
3.808762 -0.68931931 -0.29283491 234 88 12
3.8076809 -0.68964045 -0.29238214 234 88 12
3.8034041 -0.69144262 -0.29009327 234 88 12
3.8011794 -0.6924226 -0.28865266 234 88 12
3.7999558 -0.69287625 -0.28776417 234 88 12
3.7963841 -0.6942686 -0.28512048 234 88 12
3.7936296 -0.6951224 -0.28295475 234 88 12
3.7909496 -0.69592405 -0.28066807 234 88 12
3.7896406 -0.69635633 -0.27949641 234 88 12
3.7883038 -0.69679209 -0.27827957 234 88 12
3.782889 -0.69872119 -0.27329791 234 88 12
3.7800728 -0.69969375 -0.27037109 234 88 12
3.7786307 -0.70020785 -0.26888372 234 88 12
3.777108 -0.70076737 -0.26736378 234 88 12
3.7726259 -0.70270299 -0.26249394 234 88 12
3.771126 -0.70344284 -0.26074261 234 88 12
3.768169 -0.70499828 -0.25722165 234 88 12
3.766591 -0.70578181 -0.25540404 234 88 12
3.8415306 -0.69271505 -0.30691849 234 88 12
3.8406198 -0.69281759 -0.30610835 234 88 12
3.8397412 -0.69285995 -0.3054019 234 88 12
3.8360784 -0.69284896 -0.30262192 234 88 12
3.8341577 -0.69269603 -0.30128911 234 88 12
3.8331616 -0.69259447 -0.30071829 234 88 12
3.8321641 -0.69249339 -0.30021046 234 88 12
3.8271444 -0.69173091 -0.29838891 234 88 12
3.8227739 -0.69080441 -0.29709626 234 88 12
3.8177458 -0.68996935 -0.29646696 234 88 12
3.8156457 -0.68966438 -0.29621479 234 88 12
3.8113957 -0.68942267 -0.29561496 234 88 12
3.8101493 -0.68940846 -0.29526844 234 88 12
3.8090025 -0.68950126 -0.29490482 234 88 12
3.8078746 -0.68968054 -0.29452898 234 88 12
3.8067982 -0.68999783 -0.29411338 234 88 12
3.8035467 -0.69133637 -0.29243408 234 88 12
3.8025193 -0.69187478 -0.29181705 234 88 12
3.799123 -0.69337536 -0.2895094 234 88 12
3.7980053 -0.69386421 -0.28868614 234 88 12
3.7967767 -0.69430392 -0.28776858 234 88 12
3.7900778 -0.69642032 -0.28234237 234 88 12
3.7848521 -0.69829931 -0.27755573 234 88 12
3.7834644 -0.69874826 -0.27629987 234 88 12
3.7821103 -0.69924268 -0.27497641 234 88 12
3.7763929 -0.70129224 -0.26907873 234 88 12
3.7733236 -0.70247012 -0.2658885 234 88 12
3.771835 -0.70313041 -0.26422308 234 88 12
3.7689423 -0.70466481 -0.26076452 234 88 12
3.7675295 -0.7054611 -0.25902764 234 88 12
3.8399737 -0.69339123 -0.30771537 234 88 12
3.8379871 -0.69340474 -0.30617736 234 88 12
3.8353257 -0.69335568 -0.30418242 234 88 12
3.8333986 -0.69324641 -0.30283237 234 88 12
3.8323895 -0.69311183 -0.30227039 234 88 12
3.8303887 -0.69286323 -0.30137619 234 88 12
3.8294122 -0.69273331 -0.30098328 234 88 12
3.8253172 -0.69200139 -0.29961141 234 88 12
3.8230525 -0.69150141 -0.29889948 234 88 12
3.8220684 -0.69131484 -0.2987147 234 88 12
3.8210081 -0.69110687 -0.29849547 234 88 12
3.8189479 -0.69072598 -0.29824472 234 88 12
3.8179169 -0.69057853 -0.29811365 234 88 12
3.8148219 -0.69013088 -0.29783284 234 88 12
3.8137387 -0.68999621 -0.29767364 234 88 12
3.8116449 -0.68990891 -0.29744573 234 88 12
3.8105654 -0.68987902 -0.2972826 234 88 12
3.8059917 -0.69040992 -0.29587183 234 88 12
3.8027742 -0.69176094 -0.29426667 234 88 12
3.8004983 -0.69280405 -0.29280574 234 88 12
3.7982484 -0.69387693 -0.29122349 234 88 12
3.7959234 -0.69485143 -0.28951835 234 88 12
3.7947129 -0.695307 -0.28856699 234 88 12
3.7933606 -0.69574115 -0.28752468 234 88 12
3.7919817 -0.69617084 -0.2864002 234 88 12
3.7906375 -0.69655025 -0.28527999 234 88 12
3.7893114 -0.69699302 -0.28409626 234 88 12
3.7854583 -0.69839262 -0.28056941 234 88 12
3.7827423 -0.69928924 -0.2780731 234 88 12
3.7757151 -0.70182438 -0.27079098 234 88 12
3.7697295 -0.70436168 -0.26426679 234 88 12
3.7668895 -0.7058766 -0.26081646 234 88 12
3.76532 -0.70660386 -0.25903924 234 88 12
3.7637789 -0.70734009 -0.25726105 234 88 12
3.840242 -0.69385713 -0.31023288 234 88 12
3.8393565 -0.69394432 -0.30943642 234 88 12
3.8374067 -0.69397408 -0.30788837 234 88 12
3.833652 -0.69384912 -0.30510619 234 88 12
3.8285895 -0.6932111 -0.30252216 234 88 12
3.8265841 -0.69285788 -0.30179164 234 88 12
3.8255703 -0.69267852 -0.30145205 234 88 12
3.8244958 -0.69244826 -0.30111515 234 88 12
3.8202402 -0.69161238 -0.30008932 234 88 12
3.8181022 -0.69122002 -0.29981221 234 88 12
3.8170395 -0.69102929 -0.2996242 234 88 12
3.8150061 -0.69075056 -0.2994243 234 88 12
3.8128385 -0.69046602 -0.29924431 234 88 12
3.811709 -0.69036399 -0.29912791 234 88 12
3.8106898 -0.69033334 -0.29904811 234 88 12
3.8051721 -0.69084038 -0.29766279 234 88 12
3.8041236 -0.69123307 -0.29725834 234 88 12
3.8029678 -0.6916515 -0.29666797 234 88 12
3.8007346 -0.69265884 -0.29529852 234 88 12
3.7974352 -0.69438747 -0.29297802 234 88 12
3.7963466 -0.69490763 -0.29218847 234 88 12
3.7939671 -0.69586144 -0.29037392 234 88 12
3.7926185 -0.69629376 -0.28934353 234 88 12
3.7912826 -0.69673126 -0.28826099 234 88 12
3.7899245 -0.69712892 -0.28713408 234 88 12
3.7872908 -0.69797802 -0.2847669 234 88 12
3.7846836 -0.69891862 -0.28231653 234 88 12
3.7834068 -0.69941176 -0.28108209 234 88 12
3.7820995 -0.69985324 -0.27988352 234 88 12
3.7807521 -0.70033054 -0.27853144 234 88 12
3.7780319 -0.70129812 -0.2756855 234 88 12
3.7765399 -0.70180327 -0.27411955 234 88 12
3.772071 -0.70346705 -0.26939439 234 88 12
3.7705679 -0.70409674 -0.26776502 234 88 12
3.7690992 -0.70478857 -0.26605515 234 88 12
3.7631613 -0.70771236 -0.25912534 234 88 12
3.8367508 -0.6945508 -0.30956739 234 88 12
3.830896 -0.69417924 -0.30553935 234 88 12
3.8299425 -0.69409514 -0.30505672 234 88 12
3.8289216 -0.69392773 -0.30457821 234 88 12
3.8278798 -0.69373227 -0.30414302 234 88 12
3.8247852 -0.69316645 -0.30306565 234 88 12
3.8237647 -0.69295877 -0.30274821 234 88 12
3.8216034 -0.692522 -0.3021441 234 88 12
3.8205957 -0.69231217 -0.30194466 234 88 12
3.8194427 -0.69210385 -0.30168413 234 88 12
3.8184235 -0.69190952 -0.30158659 234 88 12
3.817315 -0.69169414 -0.30143071 234 88 12
3.8141737 -0.69121864 -0.30103541 234 88 12
3.8131075 -0.69107341 -0.3009859 234 88 12
3.8076527 -0.69075946 -0.3002722 234 88 12
3.8011927 -0.6925939 -0.29789755 234 88 12
3.799908 -0.69308834 -0.29705814 234 88 12
3.7989031 -0.69371774 -0.29634702 234 88 12
3.7932795 -0.6964329 -0.29225804 234 88 12
3.7865762 -0.6985294 -0.28661047 234 88 12
3.7839559 -0.6994146 -0.28415053 234 88 12
3.7814816 -0.70039312 -0.28176154 234 88 12
3.7801643 -0.7008729 -0.28042419 234 88 12
3.7774297 -0.70183896 -0.27757799 234 88 12
3.7715467 -0.70397406 -0.27125115 234 88 12
3.7700636 -0.7045842 -0.26961507 234 88 12
3.7685202 -0.70522638 -0.2678773 234 88 12
3.7670752 -0.70590897 -0.26613775 234 88 12
3.7640842 -0.70735851 -0.26267285 234 88 12
3.7625448 -0.70807149 -0.26091077 234 88 12
3.8388187 -0.69499193 -0.31351517 234 88 12
3.8350594 -0.69501778 -0.31046843 234 88 12
3.8341152 -0.69500245 -0.30968366 234 88 12
3.8321254 -0.69487529 -0.30835251 234 88 12
3.831144 -0.69477479 -0.30776523 234 88 12
3.8301444 -0.69467733 -0.30718123 234 88 12
3.8292295 -0.69458931 -0.30671737 234 88 12
3.8282262 -0.6944653 -0.30624186 234 88 12
3.8261096 -0.69406479 -0.30537371 234 88 12
3.8250999 -0.69386153 -0.30503328 234 88 12
3.8240291 -0.69368008 -0.30466504 234 88 12
3.8230127 -0.69348256 -0.30436603 234 88 12
3.8153867 -0.69197394 -0.30285885 234 88 12
3.8143316 -0.69181898 -0.3026973 234 88 12
3.8122092 -0.69153185 -0.30252476 234 88 12
3.8068301 -0.69120747 -0.30200089 234 88 12
3.805772 -0.69132158 -0.30181339 234 88 12
3.8046284 -0.69147621 -0.30147422 234 88 12
3.8014067 -0.69250582 -0.30029263 234 88 12
3.8003876 -0.69302848 -0.29970016 234 88 12
3.7981872 -0.69420678 -0.29819249 234 88 12
3.7948476 -0.69590881 -0.2957974 234 88 12
3.7924452 -0.69691037 -0.29399413 234 88 12
3.7898468 -0.697836 -0.29187483 234 88 12
3.7845434 -0.6994828 -0.28725542 234 88 12
3.7819789 -0.70041223 -0.28472612 234 88 12
3.7780984 -0.70177615 -0.28081462 234 88 12
3.7768199 -0.70231601 -0.27945141 234 88 12
3.7754045 -0.70279417 -0.27791736 234 88 12
3.7740057 -0.70332241 -0.2763675 234 88 12
3.7634238 -0.70766952 -0.26448433 234 88 12
3.8372323 -0.69561419 -0.31439987 234 88 12
3.8353235 -0.6956051 -0.31287584 234 88 12
3.8344033 -0.69558987 -0.31215749 234 88 12
3.8334387 -0.69555396 -0.31140349 234 88 12
3.8325043 -0.69550216 -0.31076864 234 88 12
3.8314323 -0.69542608 -0.3100598 234 88 12
3.8233492 -0.69423219 -0.30634734 234 88 12
3.8178856 -0.69305727 -0.30498568 234 88 12
3.8167143 -0.69281165 -0.30474097 234 88 12
3.8156285 -0.69262307 -0.30459784 234 88 12
3.8135823 -0.69231967 -0.30438038 234 88 12
3.8115164 -0.69202082 -0.30427306 234 88 12
3.8093246 -0.69178318 -0.3041267 234 88 12
3.8082956 -0.69173617 -0.30406473 234 88 12
3.8072661 -0.69172205 -0.30398296 234 88 12
3.8060809 -0.69169631 -0.30378039 234 88 12
3.8038523 -0.69192571 -0.30328228 234 88 12
3.7983999 -0.69402145 -0.30066058 234 88 12
3.7941755 -0.69639159 -0.297665 234 88 12
3.7929735 -0.69689747 -0.29679641 234 88 12
3.7903476 -0.69784963 -0.29469617 234 88 12
3.7890358 -0.69830516 -0.29360317 234 88 12
3.7876464 -0.69871292 -0.29243716 234 88 12
3.7863909 -0.69911444 -0.29135729 234 88 12
3.7850492 -0.69952011 -0.290179 234 88 12
3.7838261 -0.69995126 -0.28905716 234 88 12
3.7800211 -0.70131588 -0.28525807 234 88 12
3.7719987 -0.70428084 -0.27669923 234 88 12
3.7705414 -0.70483265 -0.27509545 234 88 12
3.7597841 -0.7093848 -0.26269889 234 88 12
3.8345862 -0.69612461 -0.31455943 234 88 12
3.8336484 -0.69609778 -0.31384047 234 88 12
3.8317742 -0.69602583 -0.31248729 234 88 12
3.8307219 -0.69594699 -0.31180168 234 88 12
3.8278149 -0.69565478 -0.31010856 234 88 12
3.8216329 -0.69456563 -0.30776348 234 88 12
3.8184418 -0.69384056 -0.30703363 234 88 12
3.8160081 -0.69331482 -0.30641606 234 88 12
3.8148905 -0.69310278 -0.30621175 234 88 12
3.8137896 -0.69291982 -0.30606338 234 88 12
3.8106943 -0.69246457 -0.30592539 234 88 12
3.8097368 -0.69236014 -0.30600498 234 88 12
3.8086624 -0.69227936 -0.3059176 234 88 12
3.8053207 -0.69216427 -0.30552522 234 88 12
3.8042042 -0.69222465 -0.30533433 234 88 12
3.8020534 -0.69263396 -0.30471663 234 88 12
3.7998285 -0.69337173 -0.30375037 234 88 12
3.7976713 -0.69445048 -0.302482 234 88 12
3.7922032 -0.69734437 -0.2985429 234 88 12
3.790905 -0.69785484 -0.29753372 234 88 12
3.788275 -0.69876306 -0.29541934 234 88 12
3.7869102 -0.69915135 -0.29425804 234 88 12
3.7843047 -0.69997135 -0.29194015 234 88 12
3.7830669 -0.70039701 -0.29080589 234 88 12
3.7804818 -0.70129504 -0.28827787 234 88 12
3.7780522 -0.70224114 -0.28576166 234 88 12
3.7768677 -0.70271979 -0.28449536 234 88 12
3.7742013 -0.70368621 -0.2816036 234 88 12
3.7654026 -0.70695854 -0.27176079 234 88 12
3.7548008 -0.7116923 -0.2593256 234 88 12
3.836009 -0.69672779 -0.31796209 234 88 12
3.8350217 -0.69672882 -0.31718532 234 88 12
3.8329471 -0.69663911 -0.31556639 234 88 12
3.8319126 -0.69656218 -0.31483994 234 88 12
3.8299322 -0.69643644 -0.31348784 234 88 12
3.8271035 -0.69619426 -0.31187122 234 88 12
3.8240501 -0.69568482 -0.31055193 234 88 12
3.8230208 -0.69550136 -0.31013079 234 88 12
3.8198926 -0.69485034 -0.30919543 234 88 12
3.8188282 -0.69459107 -0.30897289 234 88 12
3.8153138 -0.69382279 -0.30811628 234 88 12
3.8142349 -0.69361656 -0.30791468 234 88 12
3.8131022 -0.69341013 -0.30775116 234 88 12
3.8057391 -0.69264375 -0.30747157 234 88 12
3.8045728 -0.69262749 -0.30725955 234 88 12
3.8022531 -0.69281096 -0.30673165 234 88 12
3.7990023 -0.69378967 -0.3054226 234 88 12
3.795966 -0.69541207 -0.30366196 234 88 12
3.7927595 -0.6972902 -0.3012734 234 88 12
3.7914623 -0.69779246 -0.30032105 234 88 12
3.7901882 -0.69830162 -0.29931165 234 88 12
3.7875247 -0.69920162 -0.29719783 234 88 12
3.7848971 -0.70000997 -0.29493427 234 88 12
3.7836233 -0.70044486 -0.29375149 234 88 12
3.7823739 -0.70086621 -0.29258492 234 88 12
3.7762138 -0.70318624 -0.28632135 234 88 12
3.774901 -0.70363806 -0.28486521 234 88 12
3.7735184 -0.70411085 -0.28338488 234 88 12
3.7720972 -0.70456551 -0.28184937 234 88 12
3.7648365 -0.70725413 -0.27363699 234 88 12
3.7634601 -0.70794918 -0.27197139 234 88 12
3.7588692 -0.70994817 -0.2665459 234 88 12
3.7573781 -0.71062527 -0.26481406 234 88 12
3.7558649 -0.71130226 -0.26302866 234 88 12
3.7543847 -0.7119922 -0.26128245 234 88 12
3.751279 -0.71328419 -0.25776352 234 88 12
3.7480034 -0.71437425 -0.25424276 234 88 12
3.8362483 -0.69724501 -0.32050929 234 88 12
3.8332606 -0.69724839 -0.31807983 234 88 12
3.8322531 -0.69717979 -0.31732523 234 88 12
3.8303148 -0.69707189 -0.31599934 234 88 12
3.8283323 -0.69692462 -0.31465012 234 88 12
3.8254286 -0.69656446 -0.31321276 234 88 12
3.8232973 -0.69617865 -0.31232045 234 88 12
3.8223029 -0.69598026 -0.31189493 234 88 12
3.8191726 -0.69536629 -0.31086386 234 88 12
3.8168805 -0.69483071 -0.31027185 234 88 12
3.8158067 -0.69460472 -0.31007072 234 88 12
3.8146657 -0.69437362 -0.30983846 234 88 12
3.8123569 -0.69389205 -0.30942854 234 88 12
3.8112297 -0.69368516 -0.3093238 234 88 12
3.8102887 -0.69356021 -0.30942156 234 88 12
3.8082854 -0.69331273 -0.30947612 234 88 12
3.8060389 -0.69310938 -0.30927447 234 88 12
3.804908 -0.693064 -0.30913469 234 88 12
3.802618 -0.6931287 -0.30872789 234 88 12
3.8015004 -0.69326824 -0.3084659 234 88 12
3.7950819 -0.69576227 -0.30528485 234 88 12
3.7940383 -0.69639467 -0.30457434 234 88 12
3.7930218 -0.6970439 -0.30380296 234 88 12
3.7918672 -0.69764794 -0.30292081 234 88 12
3.7905769 -0.69815016 -0.30194335 234 88 12
3.7879957 -0.69914607 -0.29993369 234 88 12
3.7829148 -0.70089782 -0.29557194 234 88 12
3.7816827 -0.70134398 -0.29441914 234 88 12
3.7791564 -0.70221361 -0.29190968 234 88 12
3.7766724 -0.70309359 -0.28937649 234 88 12
3.7728761 -0.70450275 -0.28518699 234 88 12
3.7700959 -0.70543657 -0.28218243 234 88 12
3.7686428 -0.70590555 -0.28055728 234 88 12
3.767159 -0.70639957 -0.27887856 234 88 12
3.7641708 -0.70755952 -0.27540961 234 88 12
3.7553715 -0.71158566 -0.26499576 234 88 12
3.7507121 -0.71355477 -0.25962638 234 88 12
3.7490937 -0.71412809 -0.25790358 234 88 12
3.7474835 -0.71465877 -0.25616586 234 88 12
3.7457464 -0.71514912 -0.2543806 234 88 12
3.8365019 -0.69780018 -0.32308341 234 88 12
3.8345305 -0.69783421 -0.32144694 234 88 12
3.8335695 -0.69783682 -0.32066583 234 88 12
3.8296725 -0.69763761 -0.31780906 234 88 12
3.8266426 -0.69732888 -0.31587629 234 88 12
3.8257332 -0.69724722 -0.31541828 234 88 12
3.8237361 -0.69691329 -0.31458887 234 88 12
3.8215893 -0.69646927 -0.31365036 234 88 12
3.8195515 -0.69608123 -0.31290235 234 88 12
3.8172614 -0.69559955 -0.31222761 234 88 12
3.8160757 -0.69533109 -0.31192595 234 88 12
3.815004 -0.69509607 -0.31171357 234 88 12
3.8139194 -0.69489007 -0.31159584 234 88 12
3.8128492 -0.69466749 -0.31142734 234 88 12
3.8117088 -0.69441273 -0.31126466 234 88 12
3.8105552 -0.69418734 -0.31109892 234 88 12
3.8051526 -0.69353719 -0.31089476 234 88 12
3.8041009 -0.6935236 -0.31080236 234 88 12
3.8029615 -0.69352414 -0.31064011 234 88 12
3.8018354 -0.69357811 -0.31039968 234 88 12
3.8007509 -0.69372488 -0.31017995 234 88 12
3.7996512 -0.69399431 -0.30982346 234 88 12
3.7974624 -0.69467218 -0.30882442 234 88 12
3.7931934 -0.69676435 -0.30622436 234 88 12
3.7921406 -0.69739312 -0.30542318 234 88 12
3.7896836 -0.69850823 -0.30361266 234 88 12
3.7872274 -0.69956672 -0.30170823 234 88 12
3.7859636 -0.70000987 -0.300707 234 88 12
3.7834064 -0.70088737 -0.298488 234 88 12
3.7821732 -0.70135205 -0.2973549 234 88 12
3.7797465 -0.70225393 -0.29500937 234 88 12
3.7785071 -0.70265846 -0.29376036 234 88 12
3.777278 -0.70312944 -0.29251078 234 88 12
3.7747741 -0.70397129 -0.28985499 234 88 12
3.773402 -0.7043722 -0.28836935 234 88 12
3.7707471 -0.70530416 -0.28539997 234 88 12
3.7680111 -0.70628712 -0.28231858 234 88 12
3.7635308 -0.7079085 -0.27721567 234 88 12
3.7621469 -0.70856517 -0.2755957 234 88 12
3.7607099 -0.70922893 -0.27388647 234 88 12
3.7592427 -0.70989146 -0.2721432 234 88 12
3.7577673 -0.71053971 -0.27039028 234 88 12
3.7562491 -0.71117792 -0.2686216 234 88 12
3.7501696 -0.71380878 -0.26152863 234 88 12
3.748584 -0.71439939 -0.25978025 234 88 12
3.746999 -0.7149385 -0.25810314 234 88 12
3.8328293 -0.69837618 -0.32245165 234 88 12
3.8309876 -0.6983287 -0.32102288 234 88 12
3.8300371 -0.69827082 -0.32035959 234 88 12
3.8290367 -0.69819555 -0.31965111 234 88 12
3.8279786 -0.69808387 -0.31896151 234 88 12
3.827029 -0.69800097 -0.31834214 234 88 12
3.8250249 -0.6977463 -0.31722644 234 88 12
3.8239068 -0.69754978 -0.31666929 234 88 12
3.8229531 -0.69738493 -0.31625682 234 88 12
3.8218121 -0.6971495 -0.31575601 234 88 12
3.8208358 -0.6969502 -0.31535124 234 88 12
3.8187789 -0.69656345 -0.31460302 234 88 12
3.8152775 -0.69581647 -0.31357584 234 88 12
3.8120572 -0.69513247 -0.31307045 234 88 12
3.8087563 -0.69451203 -0.31274447 234 88 12
3.807624 -0.69429334 -0.31267678 234 88 12
3.8042971 -0.69395789 -0.31248848 234 88 12
3.8031886 -0.69390862 -0.31238853 234 88 12
3.8020856 -0.69391291 -0.31221682 234 88 12
3.7988661 -0.69441795 -0.31146582 234 88 12
3.7946045 -0.6960412 -0.30930327 234 88 12
3.7887935 -0.69887593 -0.30526011 234 88 12
3.7826351 -0.7012814 -0.30015214 234 88 12
3.7813671 -0.70173323 -0.2990199 234 88 12
3.7801895 -0.70219626 -0.29792504 234 88 12
3.7790081 -0.70266473 -0.29676852 234 88 12
3.7777623 -0.70309914 -0.29550531 234 88 12
3.7753297 -0.70396532 -0.29297537 234 88 12
3.7672402 -0.70661807 -0.28398063 234 88 12
3.7657335 -0.70709997 -0.28229234 234 88 12
3.7601033 -0.70952477 -0.2757041 234 88 12
3.7572365 -0.7108361 -0.27227943 234 88 12
3.7526627 -0.71276257 -0.26691684 234 88 12
3.7495797 -0.7140241 -0.26339569 234 88 12
3.7480384 -0.71463083 -0.26169666 234 88 12
3.7464592 -0.71519438 -0.26003731 234 88 12
3.7448164 -0.71572237 -0.25833571 234 88 12
3.832078 -0.6988939 -0.32421293 234 88 12
3.8301974 -0.6988463 -0.32279293 234 88 12
3.8292329 -0.69877558 -0.3221104 234 88 12
3.8262605 -0.69848514 -0.32014892 234 88 12
3.825203 -0.69835176 -0.31954385 234 88 12
3.8231355 -0.6980006 -0.31846515 234 88 12
3.822223 -0.6978316 -0.3180211 234 88 12
3.8211017 -0.69759872 -0.31750902 234 88 12
3.8200873 -0.69739632 -0.31710951 234 88 12
3.8189458 -0.69717061 -0.31665059 234 88 12
3.8179191 -0.69700535 -0.31628096 234 88 12
3.8168743 -0.69681419 -0.31594153 234 88 12
3.8090627 -0.6951499 -0.31444892 234 88 12
3.8079206 -0.69491588 -0.31438487 234 88 12
3.8067759 -0.69472235 -0.31426939 234 88 12
3.8045284 -0.69444796 -0.31408138 234 88 12
3.8034234 -0.69436893 -0.31406015 234 88 12
3.8023337 -0.69429812 -0.31398155 234 88 12
3.8001451 -0.69439983 -0.31355939 234 88 12
3.7991457 -0.69457623 -0.31337544 234 88 12
3.798074 -0.69482505 -0.31307286 234 88 12
3.7958936 -0.69547482 -0.31215074 234 88 12
3.794831 -0.69592838 -0.31158004 234 88 12
3.7937763 -0.69641245 -0.31094843 234 88 12
3.792571 -0.69694084 -0.31017906 234 88 12
3.7915247 -0.69754065 -0.30946911 234 88 12
3.7868402 -0.69981423 -0.30605632 234 88 12
3.7856848 -0.70034852 -0.3051553 234 88 12
3.7832144 -0.7012886 -0.30304147 234 88 12
3.78188 -0.70168772 -0.30186943 234 88 12
3.7805963 -0.7021169 -0.30070911 234 88 12
3.7757392 -0.70390259 -0.29592511 234 88 12
3.7665107 -0.70696238 -0.28568504 234 88 12
3.7636196 -0.70801742 -0.28234374 234 88 12
3.7622489 -0.70858768 -0.28075029 234 88 12
3.7536112 -0.71236096 -0.27051658 234 88 12
3.7521314 -0.71300401 -0.26880895 234 88 12
3.7505836 -0.71364404 -0.2670569 234 88 12
3.7490885 -0.71423527 -0.26536897 234 88 12
3.7474559 -0.71481352 -0.26358819 234 88 12
3.7423565 -0.71632984 -0.25839119 234 88 12
3.8323397 -0.69942297 -0.32678122 234 88 12
3.8313528 -0.69942361 -0.32602944 234 88 12
3.8284149 -0.69925517 -0.32387481 234 88 12
3.8264532 -0.6990394 -0.32254222 234 88 12
3.825512 -0.69895098 -0.32195958 234 88 12
3.8244528 -0.69881504 -0.32137227 234 88 12
3.8223862 -0.69847114 -0.32027017 234 88 12
3.8214221 -0.69826963 -0.31978863 234 88 12
3.8181295 -0.69758564 -0.31835277 234 88 12
3.8160845 -0.69724043 -0.3176559 234 88 12
3.8115517 -0.69627198 -0.31653473 234 88 12
3.8093696 -0.69582298 -0.31620541 234 88 12
3.8082351 -0.6956037 -0.3160644 234 88 12
3.8059722 -0.69519829 -0.31591711 234 88 12
3.8048151 -0.69502071 -0.31582761 234 88 12
3.8003751 -0.69472249 -0.31536674 234 88 12
3.7972369 -0.69518987 -0.31467979 234 88 12
3.7917399 -0.69731473 -0.31179335 234 88 12
3.7906806 -0.69792643 -0.31110155 234 88 12
3.7884368 -0.69910345 -0.30953769 234 88 12
3.7824535 -0.70166314 -0.30472748 234 88 12
3.7798089 -0.70246588 -0.30239108 234 88 12
3.7774115 -0.70336419 -0.30011937 234 88 12
3.7762332 -0.70382077 -0.29890469 234 88 12
3.7750167 -0.70423697 -0.29765134 234 88 12
3.7726572 -0.70508798 -0.29507682 234 88 12
3.7713292 -0.70546286 -0.29364391 234 88 12
3.768431 -0.7062654 -0.29053069 234 88 12
3.7671183 -0.70678715 -0.28899412 234 88 12
3.7657567 -0.70728477 -0.2873924 234 88 12
3.764442 -0.70781681 -0.28580108 234 88 12
3.7546486 -0.71201934 -0.2742194 234 88 12
3.7500483 -0.71384477 -0.26894878 234 88 12
3.7469099 -0.71502738 -0.26551801 234 88 12
3.7452133 -0.71552287 -0.26379936 234 88 12
3.832654 -0.6999288 -0.32933972 234 88 12
3.8315484 -0.69993231 -0.32846158 234 88 12
3.8305898 -0.69994371 -0.32775128 234 88 12
3.8286102 -0.69984918 -0.32638049 234 88 12
3.822686 -0.69914184 -0.32260416 234 88 12
3.8195288 -0.69846398 -0.32102541 234 88 12
3.8152807 -0.69765576 -0.3193785 234 88 12
3.8142058 -0.697435 -0.31910251 234 88 12
3.8120209 -0.69700744 -0.31859494 234 88 12
3.808564 -0.69625597 -0.3178459 234 88 12
3.8074556 -0.69601341 -0.31776221 234 88 12
3.8062133 -0.69579623 -0.31761999 234 88 12
3.8050662 -0.69563288 -0.31750742 234 88 12
3.803922 -0.69544966 -0.31737229 234 88 12
3.8027681 -0.69529107 -0.31722116 234 88 12
3.7984416 -0.69520755 -0.3168007 234 88 12
3.7932178 -0.69672882 -0.31481674 234 88 12
3.7921118 -0.69718157 -0.31417635 234 88 12
3.7876341 -0.69943849 -0.31117391 234 88 12
3.785397 -0.70059556 -0.3094869 234 88 12
3.7829333 -0.70155964 -0.30748017 234 88 12
3.7755118 -0.70415513 -0.30058047 234 88 12
3.771895 -0.70539858 -0.2967871 234 88 12
3.7705906 -0.70577849 -0.29538037 234 88 12
3.7677666 -0.70661926 -0.2923221 234 88 12
3.766423 -0.70712824 -0.29076065 234 88 12
3.76103 -0.70924064 -0.28432678 234 88 12
3.7596272 -0.70982337 -0.28268584 234 88 12
3.7569211 -0.71104859 -0.27940624 234 88 12
3.7554657 -0.71164445 -0.27774254 234 88 12
3.7509556 -0.71339622 -0.27246313 234 88 12
3.7495024 -0.71403604 -0.27079731 234 88 12
3.7463109 -0.71519507 -0.26740731 234 88 12
3.7446157 -0.71567844 -0.26570361 234 88 12
3.7429742 -0.71615043 -0.26397833 234 88 12
3.8299075 -0.7004983 -0.32961489 234 88 12
3.8288442 -0.70045134 -0.32887167 234 88 12
3.827838 -0.70034693 -0.32817917 234 88 12
3.8250204 -0.70006266 -0.32618256 234 88 12
3.8229529 -0.69975571 -0.32496143 234 88 12
3.8207691 -0.69933913 -0.3237823 234 88 12
3.8197006 -0.69913736 -0.3232123 234 88 12
3.8175963 -0.69866643 -0.32224712 234 88 12
3.8133853 -0.69783217 -0.32082693 234 88 12
3.8112831 -0.69744115 -0.32031888 234 88 12
3.8076925 -0.69668315 -0.31948627 234 88 12
3.8065917 -0.69647987 -0.31939099 234 88 12
3.8053395 -0.69623168 -0.31923776 234 88 12
3.8042437 -0.696075 -0.31917461 234 88 12
3.8030897 -0.69589437 -0.31902646 234 88 12
3.8007883 -0.69559682 -0.31869994 234 88 12
3.7964918 -0.6957177 -0.31808738 234 88 12
3.7913425 -0.69758448 -0.31580709 234 88 12
3.7868681 -0.69978823 -0.31283245 234 88 12
3.7846556 -0.70094589 -0.31114487 234 88 12
3.7759681 -0.70400825 -0.30344513 234 88 12
3.7748465 -0.70444913 -0.30235683 234 88 12
3.7736016 -0.70483853 -0.30113602 234 88 12
3.7723434 -0.70525012 -0.29984686 234 88 12
3.7657848 -0.70745345 -0.29259766 234 88 12
3.7643734 -0.70792437 -0.2909765 234 88 12
3.7630872 -0.7084557 -0.28939274 234 88 12
3.7589718 -0.71009214 -0.28443914 234 88 12
3.7562561 -0.71128506 -0.2811551 234 88 12
3.7548035 -0.71187 -0.27950651 234 88 12
3.7518378 -0.71299331 -0.27606885 234 88 12
3.7424641 -0.71630948 -0.26592525 234 88 12
3.8292637 -0.70107455 -0.33150924 234 88 12
3.8270769 -0.70086063 -0.3299515 234 88 12
3.8261156 -0.70075251 -0.32929945 234 88 12
3.8243058 -0.70057463 -0.32807165 234 88 12
3.8157778 -0.69891252 -0.3236089 234 88 12
3.8147633 -0.69869695 -0.3232051 234 88 12
3.8136735 -0.69849601 -0.3228567 234 88 12
3.8126433 -0.69828323 -0.32259757 234 88 12
3.8115022 -0.69807481 -0.3223126 234 88 12
3.8104687 -0.69787123 -0.32205256 234 88 12
3.8057864 -0.6969335 -0.3210674 234 88 12
3.7989108 -0.69597377 -0.32018206 234 88 12
3.7978319 -0.6959616 -0.32009014 234 88 12
3.7967291 -0.69602335 -0.31987814 234 88 12
3.795641 -0.69613277 -0.31958729 234 88 12
3.7915435 -0.69745108 -0.31791671 234 88 12
3.7872165 -0.69955543 -0.31524655 234 88 12
3.7860795 -0.7001235 -0.31442883 234 88 12
3.7838135 -0.70124563 -0.31273916 234 88 12
3.7826585 -0.70176391 -0.3118282 234 88 12
3.7802306 -0.70267195 -0.30982007 234 88 12
3.7764431 -0.7038606 -0.30624193 234 88 12
3.7752936 -0.70430936 -0.30513211 234 88 12
3.7728304 -0.70511182 -0.30279543 234 88 12
3.7715664 -0.70552316 -0.30153132 234 88 12
3.7677915 -0.70683547 -0.29738327 234 88 12
3.763771 -0.70823211 -0.29283246 234 88 12
3.7624179 -0.70873122 -0.29118523 234 88 12
3.7541081 -0.71207225 -0.2812339 234 88 12
3.7511736 -0.71319698 -0.2778579 234 88 12
3.7466684 -0.71492497 -0.27278841 234 88 12
3.7451753 -0.71548742 -0.27118328 234 88 12
3.7434779 -0.71595729 -0.26944686 234 88 12
3.8296495 -0.70167369 -0.33417017 234 88 12
3.8286588 -0.7016299 -0.33346359 234 88 12
3.8274736 -0.70151569 -0.33259733 234 88 12
3.8263544 -0.70135558 -0.33178277 234 88 12
3.8253672 -0.7012412 -0.33109399 234 88 12
3.8235247 -0.70104271 -0.32989656 234 88 12
3.81924 -0.70029463 -0.32738212 234 88 12
3.8180997 -0.70004748 -0.32676637 234 88 12
3.8160727 -0.69954385 -0.32588241 234 88 12
3.8150304 -0.69933405 -0.3254401 234 88 12
3.813957 -0.69911286 -0.32500641 234 88 12
3.8084661 -0.6980363 -0.32344389 234 88 12
3.8060875 -0.69759123 -0.32289284 234 88 12
3.803745 -0.69713508 -0.32249216 234 88 12
3.8026406 -0.69692102 -0.32239314 234 88 12
3.8014208 -0.69670546 -0.32219778 234 88 12
3.8004167 -0.696606 -0.3221783 234 88 12
3.7981537 -0.6964105 -0.3218273 234 88 12
3.7958208 -0.69641954 -0.32133101 234 88 12
3.7947756 -0.69656229 -0.3210441 234 88 12
3.7926733 -0.69701104 -0.32031723 234 88 12
3.7906979 -0.6978182 -0.31943182 234 88 12
3.789661 -0.69827367 -0.31887236 234 88 12
3.7886372 -0.69879443 -0.31829841 234 88 12
3.7875403 -0.69933729 -0.31757901 234 88 12
3.7864612 -0.69990777 -0.31684165 234 88 12
3.7853205 -0.7004648 -0.31605413 234 88 12
3.78417 -0.70100991 -0.31523998 234 88 12
3.7818692 -0.70204246 -0.31345044 234 88 12
3.7795038 -0.70297471 -0.3114956 234 88 12
3.7757387 -0.70412592 -0.3079979 234 88 12
3.7746143 -0.70455252 -0.30686261 234 88 12
3.7721622 -0.7053929 -0.30453047 234 88 12
3.7669514 -0.70708691 -0.29903431 234 88 12
3.7657098 -0.70754184 -0.29759794 234 88 12
3.7630919 -0.70849232 -0.29452428 234 88 12
3.7617815 -0.70901365 -0.2929183 234 88 12
3.7602872 -0.7095071 -0.29121089 234 88 12
3.7589036 -0.71002195 -0.28953722 234 88 12
3.7533827 -0.71226878 -0.2829375 234 88 12
3.7504891 -0.71338795 -0.27960053 234 88 12
3.7476669 -0.71457034 -0.2763416 234 88 12
3.746072 -0.71508388 -0.27463758 234 88 12
3.8279507 -0.70213298 -0.33533206 234 88 12
3.8238089 -0.70164102 -0.33244265 234 88 12
3.8218131 -0.70138094 -0.33119396 234 88 12
3.8196849 -0.7009989 -0.32990397 234 88 12
3.8153532 -0.70003701 -0.32776948 234 88 12
3.8143055 -0.69980489 -0.32731962 234 88 12
3.81327 -0.69959149 -0.32690114 234 88 12
3.8099145 -0.6989037 -0.32575583 234 88 12
3.8040974 -0.69777203 -0.32431648 234 88 12
3.801809 -0.69734983 -0.32394476 234 88 12
3.7995736 -0.6970188 -0.32372764 234 88 12
3.7984559 -0.69692796 -0.32357432 234 88 12
3.7973687 -0.69686771 -0.3234255 234 88 12
3.7962131 -0.69683937 -0.32315904 234 88 12
3.7928572 -0.69714051 -0.32218596 234 88 12
3.7908563 -0.69775442 -0.32138343 234 88 12
3.7877992 -0.69912973 -0.31979368 234 88 12
3.7833842 -0.70129199 -0.31681872 234 88 12
3.7822386 -0.70178686 -0.3159538 234 88 12
3.7811322 -0.70234231 -0.31505811 234 88 12
3.7775668 -0.70367291 -0.31205213 234 88 12
3.7763451 -0.70404216 -0.31090893 234 88 12
3.7751223 -0.70442097 -0.30976851 234 88 12
3.773957 -0.70482196 -0.30859654 234 88 12
3.7727278 -0.70525846 -0.30740063 234 88 12
3.767583 -0.70691824 -0.30215429 234 88 12
3.7662811 -0.70734858 -0.30073376 234 88 12
3.763807 -0.70832822 -0.29787028 234 88 12
3.7624522 -0.70880395 -0.29625916 234 88 12
3.7554395 -0.71137127 -0.28790834 234 88 12
3.7498632 -0.71358445 -0.28137913 234 88 12
3.7484214 -0.71415399 -0.27974016 234 88 12
3.7454145 -0.71523767 -0.27639878 234 88 12
3.743975 -0.71581181 -0.27485328 234 88 12
3.7422984 -0.71627741 -0.27313418 234 88 12
3.8272468 -0.70260287 -0.33717965 234 88 12
3.8261872 -0.70250031 -0.3364481 234 88 12
3.8241208 -0.70223376 -0.33502498 234 88 12
3.8231392 -0.70212651 -0.3343733 234 88 12
3.8221255 -0.70198015 -0.33378375 234 88 12
3.8210995 -0.70182368 -0.3331387 234 88 12
3.8114559 -0.69981635 -0.32831194 234 88 12
3.8056271 -0.69863987 -0.32654069 234 88 12
3.8044536 -0.69841017 -0.3262867 234 88 12
3.8021679 -0.69798574 -0.32584456 234 88 12
3.8011009 -0.69778692 -0.32569555 234 88 12
3.7998961 -0.69759352 -0.32549991 234 88 12
3.798764 -0.69745506 -0.32532545 234 88 12
3.797589 -0.69734719 -0.3251224 234 88 12
3.7920497 -0.69756504 -0.32371299 234 88 12
3.7910919 -0.6978477 -0.32336538 234 88 12
3.7899921 -0.69813183 -0.32290872 234 88 12
3.7869662 -0.69947932 -0.32131234 234 88 12
3.7826623 -0.7015745 -0.3184043 234 88 12
3.7815442 -0.70208338 -0.31756698 234 88 12
3.7792589 -0.70308317 -0.31570992 234 88 12
3.7780363 -0.70350271 -0.3146613 234 88 12
3.7768707 -0.70391263 -0.3136609 234 88 12
3.7732905 -0.70509224 -0.31035949 234 88 12
3.7656072 -0.70763777 -0.30239312 234 88 12
3.7630759 -0.70859047 -0.29946656 234 88 12
3.7575033 -0.71053865 -0.29294105 234 88 12
3.7534975 -0.71218834 -0.28806471 234 88 12
3.7520649 -0.71270738 -0.28640865 234 88 12
3.7506756 -0.71324845 -0.28475033 234 88 12
3.7447017 -0.71535117 -0.27814075 234 88 12
3.7415726 -0.71635645 -0.27486942 234 88 12
3.8286527 -0.70313007 -0.3406353 234 88 12
3.82761 -0.70312921 -0.33981698 234 88 12
3.8266365 -0.70309319 -0.33913162 234 88 12
3.8204846 -0.70232644 -0.3352065 234 88 12
3.8172866 -0.70176037 -0.33335858 234 88 12
3.8036927 -0.6988697 -0.32805621 234 88 12
3.8013403 -0.69839858 -0.32752542 234 88 12
3.7991794 -0.69805257 -0.32722079 234 88 12
3.796843 -0.69778649 -0.32677285 234 88 12
3.794572 -0.69770982 -0.32630189 234 88 12
3.7933793 -0.69770722 -0.32597157 234 88 12
3.792348 -0.69781762 -0.32565519 234 88 12
3.7891862 -0.69854826 -0.32443525 234 88 12
3.7881851 -0.69893703 -0.32391338 234 88 12
3.7871291 -0.69933508 -0.32337071 234 88 12
3.7861857 -0.69984857 -0.3228213 234 88 12
3.7808728 -0.70235298 -0.31917011 234 88 12
3.7773157 -0.7037427 -0.31625376 234 88 12
3.776164 -0.70415738 -0.31527211 234 88 12
3.7750074 -0.7045753 -0.31429745 234 88 12
3.7726023 -0.70539313 -0.31200893 234 88 12
3.7701805 -0.70624547 -0.30960212 234 88 12
3.767595 -0.70703431 -0.30689979 234 88 12
3.7650236 -0.70790058 -0.30408062 234 88 12
3.7624581 -0.70885849 -0.30119235 234 88 12
3.7582856 -0.71026212 -0.29632944 234 88 12
3.7569248 -0.71079243 -0.29470721 234 88 12
3.75556 -0.71134749 -0.29308758 234 88 12
3.7528539 -0.71242179 -0.28982388 234 88 12
3.7500521 -0.7134615 -0.28652359 234 88 12
3.7486032 -0.71395367 -0.28491119 234 88 12
3.7392494 -0.71685473 -0.27508473 234 88 12
3.8260672 -0.70360013 -0.34112457 234 88 12
3.8218076 -0.70305243 -0.33843214 234 88 12
3.8198089 -0.70279742 -0.33720374 234 88 12
3.8154924 -0.70200948 -0.33478775 234 88 12
3.8144478 -0.70176872 -0.3342337 234 88 12
3.8133365 -0.70151777 -0.33365669 234 88 12
3.8110934 -0.70100769 -0.33257969 234 88 12
3.810039 -0.70077343 -0.33215542 234 88 12
3.8088801 -0.70051251 -0.33169569 234 88 12
3.8076411 -0.70023293 -0.33124662 234 88 12
3.8064394 -0.69999213 -0.33083059 234 88 12
3.8029026 -0.69929267 -0.32982518 234 88 12
3.8017184 -0.69904791 -0.32955566 234 88 12
3.7948999 -0.69811358 -0.32818439 234 88 12
3.7937811 -0.69809642 -0.3279255 234 88 12
3.7926083 -0.69810906 -0.32757626 234 88 12
3.7915368 -0.69820571 -0.32726879 234 88 12
3.7904799 -0.69839361 -0.32688769 234 88 12
3.7884272 -0.69899097 -0.32600094 234 88 12
3.7873987 -0.69935033 -0.32545218 234 88 12
3.7863646 -0.69974789 -0.32493224 234 88 12
3.7823144 -0.7016635 -0.3223002 234 88 12
3.7801814 -0.70263729 -0.32077371 234 88 12
3.7778078 -0.70357999 -0.318858 234 88 12
3.774287 -0.70479685 -0.31585987 234 88 12
3.7707025 -0.70608542 -0.31248617 234 88 12
3.769535 -0.70650206 -0.31128894 234 88 12
3.7682418 -0.70689907 -0.30994197 234 88 12
3.7656572 -0.70772748 -0.30714707 234 88 12
3.7617567 -0.70907209 -0.30277888 234 88 12
3.7603836 -0.70951782 -0.30121193 234 88 12
3.7549445 -0.71157736 -0.29485509 234 88 12
3.7507816 -0.71312316 -0.28993174 234 88 12
3.7464127 -0.71460545 -0.28495951 234 88 12
3.7385453 -0.71688521 -0.2769163 234 88 12
3.8285342 -0.70417393 -0.34543797 234 88 12
3.8254733 -0.70406542 -0.34316658 234 88 12
3.8244748 -0.70396661 -0.34251594 234 88 12
3.8233476 -0.70378933 -0.34180986 234 88 12
3.8180285 -0.70307532 -0.33850526 234 88 12
3.8169589 -0.70286903 -0.33794127 234 88 12
3.8125899 -0.70199347 -0.33559501 234 88 12
3.8103781 -0.70147347 -0.33454441 234 88 12
3.8092854 -0.70123654 -0.33408144 234 88 12
3.8056776 -0.70044097 -0.33272486 234 88 12
3.8021667 -0.69973139 -0.33165241 234 88 12
3.8009297 -0.69945682 -0.33130293 234 88 12
3.7929238 -0.69852907 -0.32949643 234 88 12
3.7907762 -0.69866403 -0.32885838 234 88 12
3.7886269 -0.6990881 -0.32796947 234 88 12
3.7866147 -0.69976019 -0.32697562 234 88 12
3.7856295 -0.70015681 -0.32647017 234 88 12
3.7837058 -0.70108256 -0.32529785 234 88 12
3.7827714 -0.70155372 -0.32470935 234 88 12
3.7794188 -0.7029048 -0.32231995 234 88 12
3.7782315 -0.70336422 -0.32139553 234 88 12
3.7712234 -0.70594556 -0.31524877 234 88 12
3.7700365 -0.70635539 -0.31409679 234 88 12
3.7650303 -0.70800114 -0.30874309 234 88 12
3.7637858 -0.70844222 -0.30734819 234 88 12
3.7624016 -0.7088521 -0.30587923 234 88 12
3.7557001 -0.71125788 -0.29815539 234 88 12
3.7514764 -0.71283645 -0.29321953 234 88 12
3.7472082 -0.71426995 -0.28838999 234 88 12
3.7457192 -0.71475767 -0.28672393 234 88 12
3.7442757 -0.71521746 -0.28513159 234 88 12
3.7427807 -0.71568261 -0.28357866 234 88 12
3.7395529 -0.71652123 -0.28038181 234 88 12
3.7378799 -0.71693475 -0.27877081 234 88 12
3.736151 -0.71733742 -0.27712858 234 88 12
3.8388443 -0.70448995 -0.35577533 234 88 12
3.8377393 -0.7044281 -0.35495207 234 88 12
3.8280175 -0.70468894 -0.34748819 234 88 12
3.8248742 -0.70455028 -0.3452233 234 88 12
3.8238243 -0.70444193 -0.34454481 234 88 12
3.8194425 -0.70387395 -0.34175058 234 88 12
3.81841 -0.70375406 -0.34114449 234 88 12
3.8172519 -0.70353695 -0.34045964 234 88 12
3.8162439 -0.70336548 -0.3399273 234 88 12
3.815196 -0.70316092 -0.33937469 234 88 12
3.8118964 -0.70245219 -0.33762143 234 88 12
3.8096585 -0.70193212 -0.33651349 234 88 12
3.8085043 -0.70169367 -0.33598961 234 88 12
3.8073784 -0.70144931 -0.33554945 234 88 12
3.8013652 -0.70015615 -0.33341261 234 88 12
3.7932089 -0.69895452 -0.33141554 234 88 12
3.7899342 -0.69908927 -0.33041655 234 88 12
3.7868356 -0.69987802 -0.32902269 234 88 12
3.7849371 -0.70062749 -0.32805664 234 88 12
3.7819141 -0.70188868 -0.32620026 234 88 12
3.7786049 -0.70321742 -0.32376744 234 88 12
3.77746 -0.70367987 -0.32288216 234 88 12
3.7751051 -0.70453698 -0.32097841 234 88 12
3.7738923 -0.70494849 -0.31991072 234 88 12
3.7727815 -0.70539986 -0.31891362 234 88 12
3.7644433 -0.70833319 -0.31039419 234 88 12
3.759064 -0.71001774 -0.30446398 234 88 12
3.7522554 -0.71252387 -0.29662548 234 88 12
3.7494341 -0.71352584 -0.29344164 234 88 12
3.7479458 -0.71399563 -0.29174236 234 88 12
3.7465539 -0.71445509 -0.29017119 234 88 12
3.7451047 -0.71493938 -0.28851827 234 88 12
3.7421411 -0.71582234 -0.28539709 234 88 12
3.7405661 -0.71625053 -0.28381319 234 88 12
3.7389169 -0.71663525 -0.28221095 234 88 12
3.73722 -0.71705523 -0.28061212 234 88 12
3.735461 -0.71745755 -0.27896118 234 88 12
3.8384213 -0.70503814 -0.35778643 234 88 12
3.8361171 -0.70493768 -0.35603691 234 88 12
3.8350035 -0.70493238 -0.35516318 234 88 12
3.8275002 -0.70520628 -0.34955854 234 88 12
3.8263865 -0.7051842 -0.34876297 234 88 12
3.8242251 -0.705057 -0.34723436 234 88 12
3.8231795 -0.70494972 -0.34654987 234 88 12
3.8220304 -0.70478319 -0.3457594 234 88 12
3.8198576 -0.70452105 -0.34440149 234 88 12
3.8155149 -0.70382188 -0.34191904 234 88 12
3.8111066 -0.70287517 -0.33958725 234 88 12
3.8089018 -0.70239848 -0.33849201 234 88 12
3.8065993 -0.70192313 -0.33741984 234 88 12
3.8006243 -0.70064581 -0.33525406 234 88 12
3.7982122 -0.70016779 -0.3345573 234 88 12
3.7958757 -0.69980424 -0.33388041 234 88 12
3.7946725 -0.69961898 -0.33357306 234 88 12
3.7923118 -0.69937979 -0.33299928 234 88 12
3.7901779 -0.69942868 -0.33232716 234 88 12
3.7891304 -0.69955072 -0.33201365 234 88 12
3.7850149 -0.70064536 -0.33004823 234 88 12
3.7830964 -0.70143428 -0.32895033 234 88 12
3.7821373 -0.70187374 -0.32833726 234 88 12
3.77897 -0.70316284 -0.32614564 234 88 12
3.7755231 -0.7044383 -0.3234632 234 88 12
3.7673746 -0.70737481 -0.31588682 234 88 12
3.76498 -0.70821618 -0.31333935 234 88 12
3.762477 -0.70908802 -0.31058981 234 88 12
3.7597442 -0.70990316 -0.30760652 234 88 12
3.758423 -0.71031414 -0.30610968 234 88 12
3.7515555 -0.71275459 -0.29828533 234 88 12
3.7486818 -0.71372595 -0.29504869 234 88 12
3.7472228 -0.71418775 -0.29344215 234 88 12
3.7429545 -0.71553358 -0.28874334 234 88 12
3.7398899 -0.71635928 -0.28561931 234 88 12
3.7382484 -0.71676269 -0.28403774 234 88 12
3.7364945 -0.71716062 -0.28242962 234 88 12
3.8399883 -0.70558188 -0.36123604 234 88 12
3.8357117 -0.70546978 -0.35807031 234 88 12
3.8345369 -0.70546711 -0.35721695 234 88 12
3.8334029 -0.70547265 -0.35637158 234 88 12
3.8268968 -0.70570007 -0.35160289 234 88 12
3.8235253 -0.70557538 -0.34914323 234 88 12
3.8225473 -0.70547975 -0.34854692 234 88 12
3.8214036 -0.70530779 -0.34780384 234 88 12
3.8203576 -0.70517636 -0.34714671 234 88 12
3.8159257 -0.70448208 -0.34453036 234 88 12
3.8127451 -0.70389264 -0.34276674 234 88 12
3.8092788 -0.70311106 -0.34100141 234 88 12
3.8070849 -0.70267866 -0.33990307 234 88 12
3.8046091 -0.70216225 -0.33877648 234 88 12
3.8010168 -0.7013582 -0.33739855 234 88 12
3.7962316 -0.70049968 -0.33592281 234 88 12
3.795046 -0.7002896 -0.33555518 234 88 12
3.7926519 -0.69994423 -0.33492402 234 88 12
3.7914442 -0.69980953 -0.33460518 234 88 12
3.7852503 -0.7007837 -0.33210227 234 88 12
3.7801827 -0.70270923 -0.32903735 234 88 12
3.7792149 -0.70315824 -0.32836371 234 88 12
3.7758727 -0.70444643 -0.32582987 234 88 12
3.7746774 -0.70482995 -0.32487032 234 88 12
3.7722593 -0.7056074 -0.32279178 234 88 12
3.7688026 -0.70683249 -0.31954748 234 88 12
3.7665646 -0.70768038 -0.31730622 234 88 12
3.7653639 -0.70811471 -0.31606667 234 88 12
3.7616996 -0.70937103 -0.31209251 234 88 12
3.7603456 -0.70976767 -0.31059599 234 88 12
3.7590237 -0.71018819 -0.30912473 234 88 12
3.7576853 -0.71061477 -0.30765336 234 88 12
3.7549029 -0.71150727 -0.30452523 234 88 12
3.7521826 -0.71247847 -0.30145906 234 88 12
3.7494463 -0.71346236 -0.29832043 234 88 12
3.7436887 -0.71528291 -0.29203236 234 88 12
3.7391273 -0.71651033 -0.28738503 234 88 12
3.7374799 -0.71691818 -0.28581544 234 88 12
3.7339822 -0.7177031 -0.28259101 234 88 12
3.7322843 -0.71813563 -0.28106483 234 88 12
3.7304727 -0.71851983 -0.27946553 234 88 12
3.8329391 -0.70598918 -0.35835857 234 88 12
3.8263621 -0.70617746 -0.3535926 234 88 12
3.8229017 -0.70606487 -0.35111998 234 88 12
3.8219093 -0.70595802 -0.35051755 234 88 12
3.8207329 -0.70577138 -0.34977523 234 88 12
3.8185264 -0.70549604 -0.34839177 234 88 12
3.8174687 -0.70533445 -0.3477771 234 88 12
3.815258 -0.70495511 -0.34656379 234 88 12
3.8119969 -0.70434022 -0.34470662 234 88 12
3.8096634 -0.70382708 -0.34352731 234 88 12
3.8085183 -0.70358893 -0.34292835 234 88 12
3.8063084 -0.70315441 -0.34181514 234 88 12
3.8050358 -0.70288475 -0.34118124 234 88 12
3.8001946 -0.70182967 -0.33920963 234 88 12
3.7989905 -0.70159651 -0.33874251 234 88 12
3.7977702 -0.70135666 -0.33832169 234 88 12
3.7953611 -0.70095848 -0.33755723 234 88 12
3.7929896 -0.70056719 -0.3368886 234 88 12
3.7918397 -0.7004143 -0.33659461 234 88 12
3.7906107 -0.7002864 -0.33618914 234 88 12
3.7895441 -0.70026236 -0.33586963 234 88 12
3.7875382 -0.70051416 -0.33518455 234 88 12
3.7864346 -0.7006811 -0.33470533 234 88 12
3.7853396 -0.70091132 -0.33416225 234 88 12
3.7833096 -0.70153927 -0.33298862 234 88 12
3.7824262 -0.70196327 -0.33243009 234 88 12
3.7813692 -0.70234357 -0.33176808 234 88 12
3.7803928 -0.70277539 -0.3311156 234 88 12
3.7793502 -0.70317992 -0.3304527 234 88 12
3.7738412 -0.7052356 -0.32624867 234 88 12
3.7727091 -0.70566384 -0.32526437 234 88 12
3.7714886 -0.70604777 -0.32420428 234 88 12
3.7703691 -0.70643256 -0.32317591 234 88 12
3.7691544 -0.7067875 -0.32205004 234 88 12
3.7680628 -0.70720868 -0.32100594 234 88 12
3.7668998 -0.70761959 -0.31985787 234 88 12
3.7658019 -0.70803794 -0.31873284 234 88 12
3.7621195 -0.70928607 -0.31482129 234 88 12
3.7568564 -0.71086748 -0.30912341 234 88 12
3.7555013 -0.71130143 -0.30760692 234 88 12
3.7541542 -0.71177881 -0.30609039 234 88 12
3.7527476 -0.71220436 -0.30451075 234 88 12
3.7472089 -0.71411939 -0.29826441 234 88 12
3.7443162 -0.71500503 -0.29514133 234 88 12
3.7428916 -0.71544021 -0.29365048 234 88 12
3.7414278 -0.71582345 -0.29215479 234 88 12
3.7383887 -0.71668757 -0.28914979 234 88 12
3.7366864 -0.71704512 -0.28756291 234 88 12
3.7279198 -0.71905454 -0.27976311 234 88 12
3.8368701 -0.70651428 -0.36349507 234 88 12
3.8347552 -0.70649187 -0.36198533 234 88 12
3.8258205 -0.70666563 -0.3556428 234 88 12
3.8234972 -0.70665264 -0.3540391 234 88 12
3.8201688 -0.70627264 -0.35188951 234 88 12
3.8179321 -0.70598578 -0.35048573 234 88 12
3.8146474 -0.70542118 -0.34862719 234 88 12
3.8112395 -0.70479479 -0.34667054 234 88 12
3.8089468 -0.70428996 -0.3454795 234 88 12
3.7956732 -0.70162641 -0.33962794 234 88 12
3.7944611 -0.70140756 -0.33923962 234 88 12
3.7933347 -0.7012127 -0.33893866 234 88 12
3.7910102 -0.70093124 -0.33830289 234 88 12
3.7866047 -0.70096232 -0.33668948 234 88 12
3.7855529 -0.70113668 -0.33622425 234 88 12
3.7844385 -0.70135705 -0.33565167 234 88 12
3.7834377 -0.70166085 -0.33509828 234 88 12
3.7824411 -0.70200896 -0.33444834 234 88 12
3.7815217 -0.70242947 -0.33383007 234 88 12
3.7804982 -0.70280575 -0.33315541 234 88 12
3.7794579 -0.70321057 -0.33243611 234 88 12
3.7753471 -0.70490393 -0.32952777 234 88 12
3.7729899 -0.70570064 -0.32759793 234 88 12
3.7718626 -0.70608406 -0.32663286 234 88 12
3.7684205 -0.70723406 -0.32350527 234 88 12
3.7672913 -0.70762323 -0.32243971 234 88 12
3.7650541 -0.70842962 -0.32018525 234 88 12
3.7572474 -0.71070355 -0.31199084 234 88 12
3.7546469 -0.71157215 -0.30913239 234 88 12
3.7533142 -0.71202055 -0.30760885 234 88 12
3.7506154 -0.71290954 -0.304529 234 88 12
3.740669 -0.71600742 -0.29385738 234 88 12
3.7271502 -0.71920343 -0.28154568 234 88 12
3.8363475 -0.70698163 -0.36546656 234 88 12
3.834148 -0.70695341 -0.36391271 234 88 12
3.8229178 -0.70713135 -0.35604222 234 88 12
3.8206279 -0.70689781 -0.35459987 234 88 12
3.8172956 -0.7064489 -0.35248751 234 88 12
3.8127977 -0.70569164 -0.34989923 234 88 12
3.8116127 -0.7054558 -0.34924273 234 88 12
3.8104512 -0.70522629 -0.34859721 234 88 12
3.8093535 -0.70499909 -0.34800437 234 88 12
3.8081857 -0.70475684 -0.34734866 234 88 12
3.8069972 -0.70452516 -0.34667684 234 88 12
3.8057364 -0.70426008 -0.34605361 234 88 12
3.803339 -0.70378685 -0.3448947 234 88 12
3.8022318 -0.70355263 -0.34441099 234 88 12
3.7998467 -0.7030599 -0.34340899 234 88 12
3.7960263 -0.70229742 -0.34181455 234 88 12
3.7924214 -0.70169213 -0.34065663 234 88 12
3.7901319 -0.70141448 -0.33996931 234 88 12
3.7889307 -0.70131056 -0.33951552 234 88 12
3.7867956 -0.70130752 -0.33878124 234 88 12
3.7857029 -0.70140821 -0.33829075 234 88 12
3.7815732 -0.70249755 -0.33595485 234 88 12
3.7806739 -0.70290971 -0.33536409 234 88 12
3.7766335 -0.70450926 -0.33248135 234 88 12
3.7698876 -0.70687327 -0.32694704 234 88 12
3.7654735 -0.70843991 -0.32277263 234 88 12
3.7618555 -0.70958758 -0.3190398 234 88 12
3.7606149 -0.70998955 -0.31767174 234 88 12
3.7591837 -0.71030694 -0.31621688 234 88 12
3.7578057 -0.71064754 -0.31480725 234 88 12
3.7563987 -0.71098748 -0.31344136 234 88 12
3.7551515 -0.71142178 -0.31207014 234 88 12
3.751188 -0.71269544 -0.30761543 234 88 12
3.7497901 -0.71312296 -0.3060578 234 88 12
3.7484705 -0.7135802 -0.30458117 234 88 12
3.7456499 -0.71446885 -0.30148476 234 88 12
3.738289 -0.7166039 -0.29395237 234 88 12
3.7367192 -0.71702811 -0.2924689 234 88 12
3.733406 -0.71775631 -0.28939798 234 88 12
3.7263624 -0.71931662 -0.28331402 234 88 12
3.822298 -0.70758063 -0.35802306 234 88 12
3.8211242 -0.70750843 -0.35727173 234 88 12
3.8199897 -0.7073753 -0.35661796 234 88 12
3.8189086 -0.70723183 -0.35597003 234 88 12
3.8166507 -0.70690968 -0.35453133 234 88 12
3.8133582 -0.70638093 -0.35264814 234 88 12
3.8096764 -0.70564366 -0.35057283 234 88 12
3.8085027 -0.70542452 -0.34986415 234 88 12
3.8073737 -0.70520656 -0.34923117 234 88 12
3.8062438 -0.70499561 -0.34857587 234 88 12
3.801449 -0.70401776 -0.34632132 234 88 12
3.8001942 -0.7037722 -0.34572693 234 88 12
3.7938553 -0.70251886 -0.34316297 234 88 12
3.7903005 -0.7020296 -0.34191176 234 88 12
3.7869358 -0.70175307 -0.34080169 234 88 12
3.7846605 -0.70184392 -0.33979428 234 88 12
3.7826239 -0.70230243 -0.33867396 234 88 12
3.7817277 -0.70261799 -0.33815309 234 88 12
3.7807716 -0.70297905 -0.33752796 234 88 12
3.7798033 -0.70335515 -0.33688518 234 88 12
3.7777315 -0.70415924 -0.33531555 234 88 12
3.7758026 -0.7050262 -0.33383851 234 88 12
3.7737074 -0.70590609 -0.33217123 234 88 12
3.7726508 -0.70632356 -0.33129598 234 88 12
3.7691086 -0.70732033 -0.32831151 234 88 12
3.7680138 -0.70772488 -0.32725277 234 88 12
3.7668809 -0.70810266 -0.32622869 234 88 12
3.7647386 -0.7088577 -0.32415997 234 88 12
3.7635797 -0.70922058 -0.32302748 234 88 12
3.7570927 -0.71095609 -0.31640694 234 88 12
3.7556515 -0.71129758 -0.31499903 234 88 12
3.7543857 -0.711725 -0.31365481 234 88 12
3.7517186 -0.71253588 -0.31070503 234 88 12
3.7503949 -0.71295248 -0.30919742 234 88 12
3.7477237 -0.71379639 -0.30621719 234 88 12
3.7418745 -0.71549081 -0.29996075 234 88 12
3.7403654 -0.71590402 -0.29845752 234 88 12
3.7374723 -0.71679438 -0.2956295 234 88 12
3.7341785 -0.71753224 -0.29256882 234 88 12
3.7325986 -0.71791137 -0.29109124 234 88 12
3.7274519 -0.71909796 -0.28669106 234 88 12
3.7255342 -0.71948078 -0.28506106 234 88 12
3.825108 -0.70804331 -0.36224861 234 88 12
3.8239421 -0.70805501 -0.36144241 234 88 12
3.822841 -0.70806481 -0.36072562 234 88 12
3.8216791 -0.70805459 -0.35996054 234 88 12
3.8205196 -0.70799479 -0.35925849 234 88 12
3.8171555 -0.70759051 -0.35732234 234 88 12
3.8114987 -0.70668774 -0.35400886 234 88 12
3.8090333 -0.706177 -0.35262675 234 88 12
3.8078003 -0.70594816 -0.35186879 234 88 12
3.8065843 -0.70571828 -0.35118111 234 88 12
3.8055419 -0.70553678 -0.35057888 234 88 12
3.8031074 -0.70505112 -0.34932249 234 88 12
3.7956653 -0.70356933 -0.34591273 234 88 12
3.7918636 -0.7028395 -0.34448827 234 88 12
3.7906501 -0.70268042 -0.34406086 234 88 12
3.7894889 -0.70253215 -0.34363688 234 88 12
3.7817157 -0.7027725 -0.34020174 234 88 12
3.7808389 -0.70309613 -0.33965414 234 88 12
3.7799701 -0.70348115 -0.3391004 234 88 12
3.7790177 -0.70387366 -0.33844804 234 88 12
3.7760334 -0.70512463 -0.33614454 234 88 12
3.7739852 -0.70602575 -0.33440112 234 88 12
3.7728821 -0.7064228 -0.33348772 234 88 12
3.7706255 -0.70709916 -0.33167375 234 88 12
3.7695073 -0.70742968 -0.33068492 234 88 12
3.7639509 -0.70925031 -0.32549556 234 88 12
3.7589904 -0.71062943 -0.32057661 234 88 12
3.7536958 -0.71203913 -0.31520062 234 88 12
3.7496096 -0.71318158 -0.31072637 234 88 12
3.7483489 -0.71360741 -0.30931854 234 88 12
3.7425825 -0.71527757 -0.30316972 234 88 12
3.7366569 -0.71699683 -0.29720883 234 88 12
3.7334038 -0.71772466 -0.29426732 234 88 12
3.7246555 -0.71964247 -0.28667981 234 88 12
3.8176967 -0.70827903 -0.36006194 234 88 12
3.8165743 -0.70813166 -0.35939755 234 88 12
3.8154414 -0.70797913 -0.35867022 234 88 12
3.814308 -0.7078728 -0.35797078 234 88 12
3.8132338 -0.70770204 -0.35734238 234 88 12
3.8095924 -0.70699458 -0.35534056 234 88 12
3.8071023 -0.70650723 -0.35387857 234 88 12
3.8058756 -0.70624926 -0.35317567 234 88 12
3.8010977 -0.70529607 -0.35061696 234 88 12
3.7986198 -0.7048015 -0.34943048 234 88 12
3.7924072 -0.70360866 -0.34685743 234 88 12
3.7911044 -0.70337541 -0.34632913 234 88 12
3.7898148 -0.70317113 -0.34583286 234 88 12
3.7886073 -0.70301815 -0.34537664 234 88 12
3.7874725 -0.70291283 -0.3449863 234 88 12
3.7818004 -0.70298161 -0.34238808 234 88 12
3.780866 -0.70324333 -0.34181245 234 88 12
3.7762014 -0.70523014 -0.33841628 234 88 12
3.7752284 -0.70567668 -0.33757602 234 88 12
3.7742253 -0.70613618 -0.33667014 234 88 12
3.7732011 -0.70656385 -0.33574645 234 88 12
3.7720459 -0.70693479 -0.33479163 234 88 12
3.7665092 -0.70860709 -0.32998384 234 88 12
3.7631449 -0.70962836 -0.32683026 234 88 12
3.7618387 -0.70991609 -0.32560277 234 88 12
3.7605604 -0.71022321 -0.32435036 234 88 12
3.7581407 -0.7109134 -0.32196049 234 88 12
3.7568526 -0.71126042 -0.32066584 234 88 12
3.7555865 -0.71159907 -0.31938966 234 88 12
3.7529863 -0.71233335 -0.31672822 234 88 12
3.7475979 -0.71383688 -0.3108987 234 88 12
3.7418843 -0.71550881 -0.3048593 234 88 12
3.7358826 -0.71721211 -0.29889824 234 88 12
3.7343044 -0.71760384 -0.29742386 234 88 12
3.7326059 -0.71791485 -0.29590577 234 88 12
3.7309068 -0.71826616 -0.29436732 234 88 12
3.7274601 -0.71905704 -0.29138573 234 88 12
3.8252097 -0.70907883 -0.36697892 234 88 12
3.824017 -0.70909668 -0.36621795 234 88 12
3.8204147 -0.7090504 -0.36392327 234 88 12
3.8159913 -0.70871323 -0.36147723 234 88 12
3.8148337 -0.70857853 -0.36073894 234 88 12
3.8136672 -0.70844931 -0.36002063 234 88 12
3.8113342 -0.70806584 -0.35865868 234 88 12
3.8065034 -0.70713605 -0.35590519 234 88 12
3.8051563 -0.70683531 -0.35511388 234 88 12
3.8040834 -0.7066489 -0.35458217 234 88 12
3.7991144 -0.7056222 -0.35190411 234 88 12
3.7941242 -0.70462952 -0.34970073 234 88 12
3.7904127 -0.70394964 -0.34823064 234 88 12
3.7867245 -0.70343624 -0.34680779 234 88 12
3.7843976 -0.70331268 -0.34579658 234 88 12
3.7832016 -0.70326731 -0.34521996 234 88 12
3.7821312 -0.70334794 -0.34466925 234 88 12
3.7763967 -0.70533251 -0.34068574 234 88 12
3.7754074 -0.70576474 -0.33990057 234 88 12
3.7733431 -0.70661465 -0.33804195 234 88 12
3.7723304 -0.70706315 -0.33708514 234 88 12
3.7712266 -0.70745242 -0.33614111 234 88 12
3.7701411 -0.70781414 -0.33523268 234 88 12
3.7668434 -0.70873753 -0.33226918 234 88 12
3.7635298 -0.70969208 -0.32921784 234 88 12
3.7597572 -0.71059681 -0.32570708 234 88 12
3.7560832 -0.71158377 -0.32204077 234 88 12
3.7548434 -0.71192083 -0.32078991 234 88 12
3.7535477 -0.71225653 -0.31951727 234 88 12
3.7495204 -0.71333427 -0.31535292 234 88 12
3.7453544 -0.7144907 -0.31087248 234 88 12
3.7395688 -0.71615225 -0.30494538 234 88 12
3.7380464 -0.71655934 -0.30339522 234 88 12
3.7365386 -0.71698615 -0.30191144 234 88 12
3.7301638 -0.7185206 -0.29606526 234 88 12
3.724715 -0.71963934 -0.29146725 234 88 12
3.8235358 -0.70962764 -0.36829865 234 88 12
3.8198731 -0.70959163 -0.3660291 234 88 12
3.8141936 -0.70913874 -0.36279297 234 88 12
3.8129611 -0.70899369 -0.36202968 234 88 12
3.8106481 -0.70863185 -0.36064543 234 88 12
3.8082384 -0.70821696 -0.35923008 234 88 12
3.8070043 -0.70797595 -0.3584775 234 88 12
3.8045268 -0.70744319 -0.35712328 234 88 12
3.8033747 -0.70722674 -0.35658442 234 88 12
3.7971211 -0.70597153 -0.35321042 234 88 12
3.7921479 -0.70495963 -0.35108768 234 88 12
3.7909142 -0.70472851 -0.35061099 234 88 12
3.7835474 -0.70379113 -0.34749671 234 88 12
3.7813014 -0.70385397 -0.34634458 234 88 12
3.7802679 -0.70403388 -0.34573868 234 88 12
3.779299 -0.70429513 -0.3451269 234 88 12
3.7783633 -0.70459807 -0.34449537 234 88 12
3.7774548 -0.70498258 -0.34373099 234 88 12
3.7765337 -0.70539272 -0.34298313 234 88 12
3.7755449 -0.70583869 -0.3421442 234 88 12
3.7745476 -0.70627835 -0.34132642 234 88 12
3.7735175 -0.70669419 -0.34034391 234 88 12
3.7705258 -0.70797739 -0.3375982 234 88 12
3.7683056 -0.70862812 -0.33568547 234 88 12
3.7661577 -0.70923626 -0.33370961 234 88 12
3.7616345 -0.71044045 -0.32950925 234 88 12
3.7603333 -0.71071129 -0.32829904 234 88 12
3.7590248 -0.71095797 -0.32710232 234 88 12
3.7553618 -0.71190915 -0.32347714 234 88 12
3.7514842 -0.71291399 -0.31962877 234 88 12
3.7501274 -0.71324298 -0.31823508 234 88 12
3.7473502 -0.71393669 -0.31539763 234 88 12
3.740327 -0.71596234 -0.3080729 234 88 12
3.7387711 -0.71635041 -0.30650231 234 88 12
3.7357289 -0.71715473 -0.30348753 234 88 12
3.7342255 -0.71760417 -0.30209855 234 88 12
3.7310527 -0.71839717 -0.29917886 234 88 12
3.7275486 -0.71908716 -0.29621068 234 88 12
3.8253706 -0.71010614 -0.37179546 234 88 12
3.8241855 -0.71014792 -0.37107018 234 88 12
3.821814 -0.71019655 -0.3696126 234 88 12
3.8206466 -0.71018499 -0.36889554 234 88 12
3.8160482 -0.70996018 -0.36632471 234 88 12
3.8148068 -0.70984081 -0.36557231 234 88 12
3.8136096 -0.70973097 -0.36482761 234 88 12
3.8087778 -0.70905146 -0.36190583 234 88 12
3.8026712 -0.70781954 -0.35852022 234 88 12
3.8013758 -0.70756705 -0.35771532 234 88 12
3.7976424 -0.7068418 -0.35582544 234 88 12
3.7901645 -0.70527997 -0.35248964 234 88 12
3.7889084 -0.70506819 -0.35192984 234 88 12
3.7876317 -0.70483111 -0.35135627 234 88 12
3.7840038 -0.70438561 -0.34982957 234 88 12
3.7805258 -0.70439647 -0.3480929 234 88 12
3.7794516 -0.70455083 -0.34742322 234 88 12
3.7766641 -0.70549836 -0.34543124 234 88 12
3.7708064 -0.70810841 -0.33999237 234 88 12
3.7697697 -0.70847678 -0.33903808 234 88 12
3.7676436 -0.70915826 -0.33713375 234 88 12
3.7654674 -0.70971768 -0.33515816 234 88 12
3.7571623 -0.71165237 -0.32739475 234 88 12
3.7558955 -0.71192071 -0.32618635 234 88 12
3.7520553 -0.71288848 -0.32238852 234 88 12
3.7480502 -0.71386461 -0.31843672 234 88 12
3.746647 -0.71420398 -0.31695955 234 88 12
3.7452094 -0.71458904 -0.31546176 234 88 12
3.7438036 -0.71498089 -0.3139812 234 88 12
3.7423553 -0.71537459 -0.31250835 234 88 12
3.7394188 -0.71615959 -0.3095298 234 88 12
3.736461 -0.71695377 -0.30658879 234 88 12
3.733489 -0.71780883 -0.30375023 234 88 12
3.723224 -0.72020806 -0.29495917 234 88 12
3.8237295 -0.71067654 -0.37315665 234 88 12
3.8225706 -0.7107201 -0.3724383 234 88 12
3.820167 -0.71068719 -0.37094051 234 88 12
3.8189805 -0.71068333 -0.37024792 234 88 12
3.8141805 -0.71035991 -0.36756255 234 88 12
3.8129615 -0.71025173 -0.36680048 234 88 12
3.8105024 -0.70999611 -0.36529191 234 88 12
3.8093219 -0.70982638 -0.3646481 234 88 12
3.8020006 -0.7084485 -0.36041783 234 88 12
3.8007239 -0.70819825 -0.35970996 234 88 12
3.7981563 -0.70768036 -0.35839573 234 88 12
3.7956214 -0.70712613 -0.35716079 234 88 12
3.7943124 -0.70683165 -0.35651048 234 88 12
3.79296 -0.7065176 -0.35589114 234 88 12
3.791781 -0.7062801 -0.35538693 234 88 12
3.7906101 -0.70604874 -0.35493034 234 88 12
3.786843 -0.70534781 -0.35319523 234 88 12
3.7856775 -0.70516666 -0.35268511 234 88 12
3.7808682 -0.70483674 -0.35049004 234 88 12
3.7798177 -0.70490915 -0.34989814 234 88 12
3.778715 -0.70506586 -0.34918572 234 88 12
3.7757975 -0.70601013 -0.34697819 234 88 12
3.7720625 -0.70776951 -0.34349222 234 88 12
3.7690659 -0.70896828 -0.3405156 234 88 12
3.7647848 -0.71018869 -0.33662986 234 88 12
3.7636319 -0.71047155 -0.33550904 234 88 12
3.7612808 -0.71098622 -0.3333047 234 88 12
3.7589679 -0.71154507 -0.33115163 234 88 12
3.7577513 -0.71177064 -0.33005293 234 88 12
3.751284 -0.71317891 -0.32383553 234 88 12
3.7499662 -0.71349387 -0.3225785 234 88 12
3.7486455 -0.71381627 -0.32123133 234 88 12
3.7472741 -0.71411278 -0.31994329 234 88 12
3.7458856 -0.71447448 -0.3184907 234 88 12
3.7444352 -0.71483259 -0.31705346 234 88 12
3.7415865 -0.71563735 -0.31413864 234 88 12
3.7386327 -0.71638852 -0.31116905 234 88 12
3.7342368 -0.71760178 -0.30681509 234 88 12
3.7311565 -0.71847456 -0.30398901 234 88 12
3.7242828 -0.72007627 -0.29806997 234 88 12
3.7207512 -0.72104464 -0.29526259 234 88 12
3.8255924 -0.71112332 -0.37666082 234 88 12
3.824425 -0.71117554 -0.37587835 234 88 12
3.8232387 -0.71121228 -0.3751754 234 88 12
3.8160678 -0.71108008 -0.3709166 234 88 12
3.8075371 -0.71027615 -0.36584691 234 88 12
3.8050431 -0.70985419 -0.36441623 234 88 12
3.8037352 -0.7095754 -0.36368299 234 88 12
3.8025072 -0.70931869 -0.36300756 234 88 12
3.8013141 -0.70907233 -0.36232796 234 88 12
3.7935628 -0.70740283 -0.35850235 234 88 12
3.7922892 -0.70710239 -0.35790678 234 88 12
3.7873828 -0.70610288 -0.35573177 234 88 12
3.7849253 -0.70568842 -0.3545345 234 88 12
3.7837031 -0.70555288 -0.35396281 234 88 12
3.7801383 -0.70533612 -0.35226292 234 88 12
3.776857 -0.70579693 -0.35021764 234 88 12
3.7749651 -0.70650036 -0.34858405 234 88 12
3.7730291 -0.70736894 -0.34678799 234 88 12
3.7721846 -0.70785001 -0.34594993 234 88 12
3.7713226 -0.7082976 -0.34504648 234 88 12
3.7703035 -0.70869089 -0.34400463 234 88 12
3.7682985 -0.70944474 -0.34195756 234 88 12
3.7662148 -0.71008447 -0.33999397 234 88 12
3.7605452 -0.71142665 -0.33473689 234 88 12
3.7557332 -0.71238344 -0.33029531 234 88 12
3.7518089 -0.7131539 -0.32653081 234 88 12
3.7504967 -0.71344688 -0.32526287 234 88 12
3.7491899 -0.71375356 -0.32405386 234 88 12
3.7478472 -0.71406603 -0.32273159 234 88 12
3.7465118 -0.71439143 -0.3214649 234 88 12
3.7450627 -0.71470476 -0.3199934 234 88 12
3.7436568 -0.71508348 -0.31861103 234 88 12
3.7421921 -0.71547741 -0.31710771 234 88 12
3.7392531 -0.71623641 -0.31419606 234 88 12
3.7377743 -0.71661013 -0.31274947 234 88 12
3.7364027 -0.71703006 -0.31130734 234 88 12
3.7319744 -0.71826581 -0.30710072 234 88 12
3.7304104 -0.71869791 -0.30571198 234 88 12
3.7287517 -0.71910043 -0.30425484 234 88 12
3.7270376 -0.71952823 -0.30278352 234 88 12
3.7235961 -0.72044664 -0.29979798 234 88 12
3.7200073 -0.72145488 -0.29696464 234 88 12
3.823889 -0.71167142 -0.37786588 234 88 12
3.8214881 -0.71170788 -0.37643145 234 88 12
3.8191207 -0.71172363 -0.37490947 234 88 12
3.8167422 -0.71167076 -0.3735939 234 88 12
3.8141902 -0.71150493 -0.37210138 234 88 12
3.8117227 -0.71134734 -0.37067406 234 88 12
3.8105369 -0.71128216 -0.36998654 234 88 12
3.809323 -0.71115477 -0.36924982 234 88 12
3.8069601 -0.71089599 -0.36786348 234 88 12
3.8057236 -0.71070186 -0.36717503 234 88 12
3.804402 -0.71046946 -0.36643295 234 88 12
3.8031 -0.71018911 -0.3656816 234 88 12
3.8006907 -0.70971905 -0.3643203 234 88 12
3.7981149 -0.70916064 -0.36301107 234 88 12
3.7968327 -0.70886268 -0.36240302 234 88 12
3.7955409 -0.70859993 -0.36176659 234 88 12
3.791583 -0.70767487 -0.35988638 234 88 12
3.7878783 -0.70688747 -0.35821947 234 88 12
3.7829656 -0.70610213 -0.35584883 234 88 12
3.7793669 -0.70586728 -0.35400521 234 88 12
3.7782385 -0.70591321 -0.35338547 234 88 12
3.7772298 -0.70609182 -0.35274852 234 88 12
3.7751917 -0.70665853 -0.35115625 234 88 12
3.7732353 -0.70744873 -0.34928497 234 88 12
3.7643474 -0.71084638 -0.34038624 234 88 12
3.7632365 -0.7111103 -0.33936292 234 88 12
3.762109 -0.71141404 -0.33828164 234 88 12
3.7598293 -0.71189511 -0.33617913 234 88 12
3.7587037 -0.71210179 -0.33516906 234 88 12
3.7563494 -0.71257973 -0.33299894 234 88 12
3.754974 -0.7127833 -0.3316776 234 88 12
3.7536745 -0.71299817 -0.3304637 234 88 12
3.7523324 -0.7132463 -0.32917806 234 88 12
3.7510809 -0.71348559 -0.32801651 234 88 12
3.7497039 -0.71374289 -0.32671186 234 88 12
3.7483704 -0.7140256 -0.32549526 234 88 12
3.7456273 -0.71464942 -0.32291454 234 88 12
3.7428345 -0.71536736 -0.32019164 234 88 12
3.7413479 -0.7157559 -0.31866876 234 88 12
3.738397 -0.71649183 -0.31575625 234 88 12
3.7370226 -0.71691148 -0.31444405 234 88 12
3.7355979 -0.71731328 -0.31300434 234 88 12
3.7325954 -0.71809406 -0.31012743 234 88 12
3.729562 -0.71896075 -0.30737589 234 88 12
3.7245209 -0.72031517 -0.30297708 234 88 12
3.7210962 -0.72134511 -0.3001706 234 88 12
3.8328305 -0.71187849 -0.38607926 234 88 12
3.8317198 -0.71189799 -0.38536287 234 88 12
3.8293252 -0.71192553 -0.38384275 234 88 12
3.8280717 -0.71193091 -0.38300815 234 88 12
3.8245814 -0.71210567 -0.38065639 234 88 12
3.8233052 -0.71211394 -0.37980153 234 88 12
3.8209585 -0.71218098 -0.37840968 234 88 12
3.8111721 -0.71191888 -0.37260925 234 88 12
3.8098942 -0.71183188 -0.37191102 234 88 12
3.8050659 -0.71128025 -0.36910788 234 88 12
3.8024848 -0.71079931 -0.36772377 234 88 12
3.8012689 -0.71055873 -0.36704623 234 88 12
3.7961829 -0.70946559 -0.36435428 234 88 12
3.7948749 -0.70918535 -0.36371763 234 88 12
3.7936082 -0.70891539 -0.36309832 234 88 12
3.7896334 -0.70797487 -0.36128314 234 88 12
3.7884197 -0.70770851 -0.3607241 234 88 12
3.7821694 -0.70661755 -0.35768246 234 88 12
3.7763881 -0.70658467 -0.3544162 234 88 12
3.7743828 -0.70716566 -0.35283032 234 88 12
3.7734149 -0.70756327 -0.3518956 234 88 12
3.7725052 -0.70797957 -0.35098294 234 88 12
3.7687131 -0.70967443 -0.3469877 234 88 12
3.7677355 -0.71006433 -0.34592081 234 88 12
3.7657834 -0.71081403 -0.3439027 234 88 12
3.7635499 -0.71132009 -0.34180645 234 88 12
3.7541897 -0.71318845 -0.33309301 234 88 12
3.7528595 -0.71336318 -0.33187481 234 88 12
3.7515406 -0.71360818 -0.3306392 234 88 12
3.7502911 -0.71384301 -0.32950708 234 88 12
3.7475903 -0.71435604 -0.32697206 234 88 12
3.74193 -0.71566411 -0.32167176 234 88 12
3.7390107 -0.71641381 -0.31878453 234 88 12
3.7375272 -0.71678521 -0.3173051 234 88 12
3.7346951 -0.71758526 -0.31460869 234 88 12
3.7332865 -0.71801603 -0.31327126 234 88 12
3.7271643 -0.71973365 -0.3077206 234 88 12
3.7255095 -0.7202174 -0.30626672 234 88 12
3.720229 -0.72171793 -0.30187887 234 88 12
3.7183388 -0.72223088 -0.30037552 234 88 12
3.7164247 -0.72276603 -0.29889894 234 88 12
3.8323778 -0.71232094 -0.38808099 234 88 12
3.8312234 -0.71233754 -0.38733475 234 88 12
3.8287893 -0.71236021 -0.38573072 234 88 12
3.8263983 -0.7124539 -0.3841486 234 88 12
3.8240092 -0.71255487 -0.3825532 234 88 12
3.8204541 -0.71265565 -0.38038597 234 88 12
3.8169639 -0.71273392 -0.37827223 234 88 12
3.8143682 -0.71269246 -0.37670248 234 88 12
3.8030237 -0.71162829 -0.37018779 234 88 12
3.8005499 -0.71113767 -0.36888867 234 88 12
3.7993281 -0.71088386 -0.36823437 234 88 12
3.7979943 -0.71061465 -0.36749385 234 88 12
3.7928519 -0.70950952 -0.36496369 234 88 12
3.7915228 -0.70918372 -0.364385 234 88 12
3.7889709 -0.70858544 -0.36322519 234 88 12
3.787725 -0.70830751 -0.36266528 234 88 12
3.7852528 -0.70779524 -0.36151219 234 88 12
3.7767409 -0.7070137 -0.35688626 234 88 12
3.7756455 -0.7071728 -0.35610896 234 88 12
3.7745662 -0.7074075 -0.35531327 234 88 12
3.7707847 -0.7089647 -0.35161862 234 88 12
3.7698771 -0.70940906 -0.35069016 234 88 12
3.76889 -0.70980657 -0.34960591 234 88 12
3.7679041 -0.71020095 -0.34852029 234 88 12
3.7659149 -0.71096381 -0.34636908 234 88 12
3.7616788 -0.71210317 -0.34213788 234 88 12
3.7595221 -0.71263093 -0.34009369 234 88 12
3.7560474 -0.71329906 -0.33689438 234 88 12
3.7547929 -0.71346908 -0.33576709 234 88 12
3.7534361 -0.71364077 -0.33452273 234 88 12
3.7520883 -0.71378809 -0.33334331 234 88 12
3.7507726 -0.71400099 -0.3321542 234 88 12
3.7425333 -0.71565334 -0.32452984 234 88 12
3.7411317 -0.71600672 -0.32322928 234 88 12
3.7396775 -0.71638158 -0.32181046 234 88 12
3.7382217 -0.71677285 -0.32039759 234 88 12
3.7367292 -0.71714975 -0.31894734 234 88 12
3.7352537 -0.71755357 -0.31760339 234 88 12
3.7338236 -0.71794044 -0.31626935 234 88 12
3.7309406 -0.71874848 -0.31360013 234 88 12
3.7294385 -0.71917024 -0.31220132 234 88 12
3.7245484 -0.72059771 -0.3078968 234 88 12
3.7210947 -0.72160607 -0.30499187 234 88 12
3.7192853 -0.72210768 -0.30354657 234 88 12
3.7174671 -0.72265572 -0.3020751 234 88 12
3.8294791 -0.71276802 -0.38845745 234 88 12
3.828327 -0.71281612 -0.38768394 234 88 12
3.8211213 -0.71308469 -0.38301043 234 88 12
3.8199466 -0.71311248 -0.38227543 234 88 12
3.8150973 -0.71318971 -0.379396 234 88 12
3.8138385 -0.71321822 -0.37860602 234 88 12
3.8126109 -0.71318916 -0.37786949 234 88 12
3.8100854 -0.71307791 -0.37645472 234 88 12
3.8087029 -0.71296961 -0.37564651 234 88 12
3.8061656 -0.71270708 -0.37417325 234 88 12
3.8037764 -0.71241872 -0.37280659 234 88 12
3.8011641 -0.71195555 -0.37148071 234 88 12
3.7986215 -0.71143587 -0.37016514 234 88 12
3.7960154 -0.71091062 -0.36875199 234 88 12
3.7947371 -0.71064424 -0.368078 234 88 12
3.7882799 -0.70918937 -0.36512048 234 88 12
3.7870236 -0.70889126 -0.3645561 234 88 12
3.7844828 -0.70836153 -0.36333512 234 88 12
3.7782294 -0.7074939 -0.360014 234 88 12
3.7770852 -0.70751244 -0.35934184 234 88 12
3.7737945 -0.70796171 -0.35691909 234 88 12
3.7728135 -0.70825165 -0.35604775 234 88 12
3.771949 -0.70867199 -0.35518195 234 88 12
3.7710143 -0.70907947 -0.35418575 234 88 12
3.7681682 -0.71037704 -0.35118191 234 88 12
3.7641742 -0.71186151 -0.34687066 234 88 12
3.7620074 -0.71236508 -0.34467055 234 88 12
3.760901 -0.71261476 -0.34359748 234 88 12
3.7587601 -0.71314225 -0.34154675 234 88 12
3.7565136 -0.71357306 -0.3394023 234 88 12
3.7540182 -0.71392998 -0.33715149 234 88 12
3.7526531 -0.71405478 -0.33596603 234 88 12
3.7499859 -0.71440021 -0.33363891 234 88 12
3.7486112 -0.71459357 -0.33241156 234 88 12
3.7445053 -0.71537356 -0.32861607 234 88 12
3.7343386 -0.71789582 -0.31915513 234 88 12
3.7314902 -0.71871953 -0.31654543 234 88 12
3.7301101 -0.71913997 -0.3152875 234 88 12
3.7269395 -0.72001503 -0.31244223 234 88 12
3.7219364 -0.72151954 -0.3081525 234 88 12
3.72017 -0.72203859 -0.30671609 234 88 12
3.7183426 -0.72253676 -0.30523335 234 88 12
3.714677 -0.72370703 -0.30226785 234 88 12
3.8300955 -0.71308727 -0.39112916 234 88 12
3.828891 -0.71313165 -0.39036015 234 88 12
3.827762 -0.71318554 -0.38961159 234 88 12
3.8193862 -0.71356588 -0.38421533 234 88 12
3.8181437 -0.71357803 -0.38343637 234 88 12
3.8094431 -0.71360404 -0.37829045 234 88 12
3.8080915 -0.71349166 -0.37751007 234 88 12
3.8067927 -0.71336522 -0.37677093 234 88 12
3.8030821 -0.71297361 -0.37462746 234 88 12
3.7991488 -0.71223251 -0.37261608 234 88 12
3.7978364 -0.71195074 -0.37193307 234 88 12
3.7952576 -0.711442 -0.37060624 234 88 12
3.7900861 -0.71033717 -0.36807912 234 88 12
3.7888173 -0.71003792 -0.36752049 234 88 12
3.7825003 -0.70867646 -0.3645869 234 88 12
3.7799598 -0.70829225 -0.36323486 234 88 12
3.7786835 -0.70814447 -0.36251186 234 88 12
3.7775323 -0.70808843 -0.3618222 234 88 12
3.7753231 -0.70816593 -0.3603956 234 88 12
3.7742529 -0.70834143 -0.35956014 234 88 12
3.7703085 -0.70966152 -0.35578895 234 88 12
3.7683257 -0.71050289 -0.35367608 234 88 12
3.7674086 -0.71092256 -0.35266284 234 88 12
3.7664366 -0.71132703 -0.3515846 234 88 12
3.7644175 -0.71206085 -0.34944748 234 88 12
3.7634216 -0.71241833 -0.34838856 234 88 12
3.7567892 -0.71385356 -0.34191253 234 88 12
3.7436209 -0.71573763 -0.33014105 234 88 12
3.7422932 -0.71608901 -0.32895903 234 88 12
3.7409068 -0.716421 -0.32769364 234 88 12
3.7395037 -0.71676554 -0.32635792 234 88 12
3.7380538 -0.71713603 -0.32501323 234 88 12
3.7319913 -0.71870204 -0.31943699 234 88 12
3.7305962 -0.7191212 -0.31818487 234 88 12
3.7259491 -0.72046405 -0.31406973 234 88 12
3.7192383 -0.72250796 -0.30844576 234 88 12
3.7156039 -0.72360023 -0.30552924 234 88 12
3.8283314 -0.71347919 -0.39221803 234 88 12
3.8188126 -0.71397064 -0.38607638 234 88 12
3.8163832 -0.71404611 -0.38462709 234 88 12
3.8151996 -0.71411963 -0.3839287 234 88 12
3.8140412 -0.71419477 -0.38325862 234 88 12
3.8114782 -0.71419828 -0.38173453 234 88 12
3.8101171 -0.71413582 -0.38091635 234 88 12
3.8062498 -0.71388705 -0.3786979 234 88 12
3.8024911 -0.713522 -0.3765981 234 88 12
3.8011902 -0.71333167 -0.37587881 234 88 12
3.7998598 -0.71305686 -0.37514293 234 88 12
3.7985298 -0.71277812 -0.37447597 234 88 12
3.789437 -0.71087107 -0.36997187 234 88 12
3.7881679 -0.7106069 -0.36941491 234 88 12
3.7768255 -0.70866688 -0.36360985 234 88 12
3.7756857 -0.70864847 -0.36290441 234 88 12
3.7746135 -0.70872539 -0.36212651 234 88 12
3.7666431 -0.71143479 -0.35420498 234 88 12
3.7647616 -0.71227685 -0.35206927 234 88 12
3.7626892 -0.71294814 -0.34992286 234 88 12
3.7616869 -0.71325466 -0.34887451 234 88 12
3.7583356 -0.71395382 -0.34553403 234 88 12
3.7571412 -0.71414749 -0.34444341 234 88 12
3.7560325 -0.71437444 -0.34336403 234 88 12
3.7524142 -0.71487094 -0.34003362 234 88 12
3.7455692 -0.71566448 -0.33415257 234 88 12
3.7441133 -0.71587586 -0.33287224 234 88 12
3.7414282 -0.71647364 -0.33049809 234 88 12
3.7385853 -0.71714425 -0.32790553 234 88 12
3.7371791 -0.71753579 -0.32658436 234 88 12
3.7341038 -0.71831564 -0.32378903 234 88 12
3.7311352 -0.71913654 -0.32110467 234 88 12
3.7297097 -0.71961326 -0.31982565 234 88 12
3.7265913 -0.72050452 -0.31712716 234 88 12
3.7249352 -0.7209731 -0.31568719 234 88 12
3.7232274 -0.72140925 -0.31422529 234 88 12
3.7215903 -0.72191751 -0.31281406 234 88 12
3.7198813 -0.72241873 -0.31141758 234 88 12
3.7182289 -0.72298935 -0.31010319 234 88 12
3.7164349 -0.72350957 -0.30865658 234 88 12
3.8194289 -0.71429303 -0.38871635 234 88 12
3.8182366 -0.7143463 -0.38799626 234 88 12
3.8158145 -0.71445672 -0.38650187 234 88 12
3.8146389 -0.7145521 -0.38579026 234 88 12
3.8134091 -0.71463166 -0.38507024 234 88 12
3.8121763 -0.71468618 -0.38432571 234 88 12
3.8108049 -0.71465723 -0.38358918 234 88 12
3.8095163 -0.71461843 -0.38281913 234 88 12
3.8056871 -0.71442892 -0.38054535 234 88 12
3.803161 -0.71420862 -0.37920963 234 88 12
3.8018646 -0.71404692 -0.37849481 234 88 12
3.7992189 -0.71357368 -0.37699971 234 88 12
3.7978926 -0.71333581 -0.3763033 234 88 12
3.7951356 -0.71276483 -0.37501774 234 88 12
3.7914438 -0.71197663 -0.37329952 234 88 12
3.7901681 -0.71170008 -0.37264908 234 88 12
3.788919 -0.71146684 -0.37199836 234 88 12
3.7862874 -0.71090427 -0.3707749 234 88 12
3.7849758 -0.71064224 -0.37017281 234 88 12
3.7836007 -0.71035849 -0.36950401 234 88 12
3.7822989 -0.71008308 -0.36885964 234 88 12
3.7797754 -0.70961785 -0.36756406 234 88 12
3.7785141 -0.70944273 -0.36687014 234 88 12
3.7772668 -0.70930905 -0.36615745 234 88 12
3.7761238 -0.70924806 -0.36541047 234 88 12
3.7739162 -0.70929629 -0.36384309 234 88 12
3.7728777 -0.70945597 -0.36299122 234 88 12
3.7689883 -0.71078459 -0.35917191 234 88 12
3.7640497 -0.71282732 -0.35364108 234 88 12
3.7630245 -0.71318334 -0.35254322 234 88 12
3.7587935 -0.71431943 -0.34821871 234 88 12
3.7575886 -0.7145012 -0.3470882 234 88 12
3.7540232 -0.71505897 -0.34370783 234 88 12
3.7488634 -0.71561672 -0.33917747 234 88 12
3.7461748 -0.7159731 -0.33692534 234 88 12
3.7447594 -0.71613308 -0.33574062 234 88 12
3.7405211 -0.71687237 -0.33207598 234 88 12
3.7376762 -0.71756289 -0.32950119 234 88 12
3.7347491 -0.71834824 -0.32676852 234 88 12
3.7331902 -0.7187504 -0.32538646 234 88 12
3.7301877 -0.71962844 -0.32270369 234 88 12
3.728712 -0.72012972 -0.32140087 234 88 12
3.7255002 -0.72101606 -0.31865832 234 88 12
3.7171596 -0.72348653 -0.31169897 234 88 12
3.8152892 -0.71490144 -0.38839026 234 88 12
3.8128284 -0.71507871 -0.38693483 234 88 12
3.8102511 -0.71516526 -0.3854716 234 88 12
3.8076356 -0.71510408 -0.38391422 234 88 12
3.8052303 -0.71500262 -0.38248788 234 88 12
3.8026232 -0.71475075 -0.38110087 234 88 12
3.7985879 -0.71409049 -0.3789034 234 88 12
3.7958563 -0.71361398 -0.37752603 234 88 12
3.794574 -0.71332733 -0.37694134 234 88 12
3.7921327 -0.71278919 -0.37592924 234 88 12
3.7908796 -0.71251221 -0.3753027 234 88 12
3.7896168 -0.71226017 -0.37465154 234 88 12
3.7830007 -0.71089794 -0.37137124 234 88 12
3.7778804 -0.71003418 -0.36871052 234 88 12
3.7744014 -0.70983951 -0.36645237 234 88 12
3.7732746 -0.70986877 -0.36558484 234 88 12
3.76929 -0.71092435 -0.36188046 234 88 12
3.7683917 -0.71136919 -0.3608938 234 88 12
3.7674379 -0.71177871 -0.35982806 234 88 12
3.7653031 -0.71256332 -0.3574939 234 88 12
3.7624042 -0.71377065 -0.3541915 234 88 12
3.7591386 -0.7146112 -0.35088556 234 88 12
3.7579899 -0.714839 -0.34977572 234 88 12
3.7545176 -0.71544168 -0.34636355 234 88 12
3.7521432 -0.71573882 -0.34420907 234 88 12
3.7454178 -0.71651243 -0.33851362 234 88 12
3.7410898 -0.71707969 -0.33491678 234 88 12
3.739682 -0.71736836 -0.333717 234 88 12
3.7382298 -0.71766685 -0.33246386 234 88 12
3.7368099 -0.71801514 -0.33113028 234 88 12
3.732302 -0.71926619 -0.32705402 234 88 12
3.7306659 -0.71969348 -0.32560659 234 88 12
3.7277273 -0.72066979 -0.32301204 234 88 12
3.7195295 -0.72301133 -0.31620373 234 88 12
3.7161049 -0.72405531 -0.31337372 234 88 12
3.8171698 -0.71516468 -0.39176576 234 88 12
3.8147252 -0.71530986 -0.39022873 234 88 12
3.8135229 -0.71540634 -0.38951612 234 88 12
3.8110062 -0.71559888 -0.3880558 234 88 12
3.8097002 -0.7156546 -0.38731745 234 88 12
3.8083658 -0.71565251 -0.38653513 234 88 12
3.8070988 -0.71562324 -0.38577004 234 88 12
3.8058337 -0.71558366 -0.38497813 234 88 12
3.8006258 -0.71504643 -0.38212784 234 88 12
3.7992636 -0.71485337 -0.38141457 234 88 12
3.7889832 -0.71277743 -0.37652408 234 88 12
3.787769 -0.71255301 -0.37590798 234 88 12
3.781116 -0.71116449 -0.3726065 234 88 12
3.7772047 -0.71056721 -0.37051725 234 88 12
3.7760375 -0.7104821 -0.36980597 234 88 12
3.7726846 -0.71045301 -0.36736203 234 88 12
3.770521 -0.71079364 -0.36542418 234 88 12
3.7686835 -0.7115076 -0.36359378 234 88 12
3.7658071 -0.71277415 -0.36034471 234 88 12
3.7595029 -0.71491189 -0.35357292 234 88 12
3.7583557 -0.71512402 -0.35243088 234 88 12
3.7571674 -0.71533632 -0.35132392 234 88 12
3.7513217 -0.7162543 -0.34571784 234 88 12
3.7498896 -0.71636075 -0.34449712 234 88 12
3.7460223 -0.7168467 -0.34122991 234 88 12
3.7431834 -0.71717236 -0.33891139 234 88 12
3.7416628 -0.71735592 -0.33769676 234 88 12
3.73739 -0.7182066 -0.33404685 234 88 12
3.7345122 -0.71895511 -0.33144012 234 88 12
3.7297669 -0.72025779 -0.32721808 234 88 12
3.7235686 -0.72219827 -0.32194939 234 88 12
3.7218802 -0.72266696 -0.32058847 234 88 12
3.7185789 -0.72362785 -0.31793432 234 88 12
3.8166958 -0.7155866 -0.39367011 234 88 12
3.8142135 -0.71574694 -0.3921423 234 88 12
3.812964 -0.71586782 -0.39138887 234 88 12
3.8118131 -0.71599635 -0.39071424 234 88 12
3.8104982 -0.71609773 -0.38994571 234 88 12
3.809211 -0.71616516 -0.38919139 234 88 12
3.8078231 -0.71618725 -0.38835705 234 88 12
3.8052287 -0.71609173 -0.386796 234 88 12
3.8013407 -0.71575785 -0.38463223 234 88 12
3.8000268 -0.71558959 -0.38398317 234 88 12
3.7987048 -0.71540962 -0.38332959 234 88 12
3.7974155 -0.71519218 -0.38268971 234 88 12
3.793422 -0.71440331 -0.38073891 234 88 12
3.7909938 -0.71386601 -0.37969245 234 88 12
3.7897098 -0.71360186 -0.37907113 234 88 12
3.7883711 -0.71331833 -0.37839522 234 88 12
3.7870605 -0.71306816 -0.37771287 234 88 12
3.7858401 -0.71281198 -0.37714129 234 88 12
3.7832928 -0.71226118 -0.37592968 234 88 12
3.7793503 -0.71149172 -0.37382378 234 88 12
3.7780731 -0.7113292 -0.37312998 234 88 12
3.7755329 -0.71108336 -0.37160126 234 88 12
3.7721498 -0.71106056 -0.36915208 234 88 12
3.7700404 -0.71139388 -0.36723731 234 88 12
3.7690714 -0.71170842 -0.36629313 234 88 12
3.7672708 -0.71255471 -0.36433836 234 88 12
3.7662927 -0.71299612 -0.36327888 234 88 12
3.7652782 -0.71341239 -0.36212375 234 88 12
3.764256 -0.71382269 -0.36100344 234 88 12
3.7610254 -0.71486827 -0.35736999 234 88 12
3.7587751 -0.71543752 -0.35514166 234 88 12
3.7575699 -0.71562232 -0.35399121 234 88 12
3.7553368 -0.71603238 -0.35181364 234 88 12
3.7530272 -0.71643885 -0.34950743 234 88 12
3.7504929 -0.71676855 -0.34719216 234 88 12
3.749108 -0.71690074 -0.34602562 234 88 12
3.7478132 -0.71705689 -0.34494635 234 88 12
3.7464513 -0.71717073 -0.34386588 234 88 12
3.7452269 -0.71737023 -0.34282486 234 88 12
3.7424002 -0.71772236 -0.34051741 234 88 12
3.7408872 -0.71790782 -0.33930192 234 88 12
3.7395464 -0.71818383 -0.33820418 234 88 12
3.7380414 -0.71845672 -0.33692672 234 88 12
3.7351074 -0.71912271 -0.33435543 234 88 12
3.7336409 -0.71952375 -0.33304053 234 88 12
3.7321295 -0.71994796 -0.33171132 234 88 12
3.7305454 -0.72038939 -0.33032932 234 88 12
3.7289551 -0.72086091 -0.32898933 234 88 12
3.7274084 -0.72133827 -0.32766227 234 88 12
3.7258553 -0.72183354 -0.32633438 234 88 12
3.7243101 -0.7223487 -0.32503123 234 88 12
3.7227132 -0.72284994 -0.32372012 234 88 12
3.720982 -0.72333921 -0.32233334 234 88 12
3.7157922 -0.72479464 -0.31822393 234 88 12
3.8148923 -0.71601902 -0.39475114 234 88 12
3.8112524 -0.7164465 -0.39251078 234 88 12
3.8086734 -0.71663531 -0.39098487 234 88 12
3.8046446 -0.71660116 -0.38862193 234 88 12
3.8006814 -0.71624843 -0.38642901 234 88 12
3.7967973 -0.71573388 -0.38452263 234 88 12
3.7954455 -0.71545954 -0.38383187 234 88 12
3.7929128 -0.71494289 -0.38266825 234 88 12
3.7916949 -0.71469583 -0.38215815 234 88 12
3.7891345 -0.71414455 -0.3809583 234 88 12
3.7878503 -0.71385563 -0.38031446 234 88 12
3.7865358 -0.71359095 -0.37965435 234 88 12
3.7852671 -0.71331399 -0.37903207 234 88 12
3.7839669 -0.7130321 -0.37839658 234 88 12
3.7826991 -0.71275971 -0.37775377 234 88 12
3.7801731 -0.7122424 -0.37642102 234 88 12
3.7788449 -0.71202541 -0.37569006 234 88 12
3.7656836 -0.71357639 -0.36496898 234 88 12
3.7556424 -0.71633805 -0.35447084 234 88 12
3.753433 -0.71674729 -0.35226251 234 88 12
3.7509667 -0.71712525 -0.34990959 234 88 12
3.7496534 -0.71727617 -0.34874023 234 88 12
3.7457343 -0.71771941 -0.3455218 234 88 12
3.742986 -0.71804189 -0.34331333 234 88 12
3.7387568 -0.71875446 -0.3398188 234 88 12
3.7342196 -0.7196926 -0.33599475 234 88 12
3.7312046 -0.72053042 -0.33338046 234 88 12
3.7296309 -0.72099889 -0.33200304 234 88 12
3.7182694 -0.72446303 -0.32262526 234 88 12
3.7147615 -0.72547114 -0.31991412 234 88 12
3.8107218 -0.7168717 -0.39432202 234 88 12
3.809464 -0.71701608 -0.3935965 234 88 12
3.808091 -0.71708049 -0.39276046 234 88 12
3.8068231 -0.71712303 -0.39204619 234 88 12
3.7962392 -0.71626481 -0.38641017 234 88 12
3.7936863 -0.71577495 -0.38520546 234 88 12
3.7924249 -0.71551852 -0.38462442 234 88 12
3.7911533 -0.71526004 -0.38407182 234 88 12
3.788565 -0.71467121 -0.38286132 234 88 12
3.7873756 -0.71439345 -0.38228772 234 88 12
3.7860125 -0.71410919 -0.38155091 234 88 12
3.7833636 -0.71353989 -0.38025136 234 88 12
3.7809071 -0.71303215 -0.37900197 234 88 12
3.7797119 -0.71278832 -0.37835582 234 88 12
3.7784448 -0.71256379 -0.37765246 234 88 12
3.7759189 -0.71229734 -0.37613461 234 88 12
3.7746601 -0.71222145 -0.37529532 234 88 12
3.7711817 -0.71221892 -0.37275357 234 88 12
3.7680722 -0.71291447 -0.36991217 234 88 12
3.7650381 -0.71414648 -0.36666485 234 88 12
3.7640134 -0.71453229 -0.36547649 234 88 12
3.7629621 -0.71493441 -0.3642727 234 88 12
3.756164 -0.71668943 -0.35727046 234 88 12
3.7538327 -0.71706675 -0.35506064 234 88 12
3.7514633 -0.71746256 -0.35276477 234 88 12
3.7502031 -0.71766553 -0.35155302 234 88 12
3.7462868 -0.71810654 -0.34830053 234 88 12
3.744911 -0.71825632 -0.34715714 234 88 12
3.7407445 -0.71881491 -0.34380838 234 88 12
3.7378848 -0.71930966 -0.34142365 234 88 12
3.736363 -0.71959967 -0.34015887 234 88 12
3.7318304 -0.72069517 -0.33635372 234 88 12
3.7302314 -0.72115472 -0.33499417 234 88 12
3.7286884 -0.72164239 -0.33364555 234 88 12
3.7224885 -0.72370232 -0.32840914 234 88 12
3.7208509 -0.72424423 -0.32707702 234 88 12
3.7191462 -0.7247455 -0.3257289 234 88 12
3.717285 -0.72519712 -0.32430342 234 88 12
3.7137626 -0.72623173 -0.32162544 234 88 12
3.8126724 -0.71693432 -0.39769139 234 88 12
3.8089312 -0.71739193 -0.39541142 234 88 12
3.8048484 -0.71753521 -0.39304638 234 88 12
3.7982382 -0.71719414 -0.38950334 234 88 12
3.7969652 -0.7170243 -0.38888342 234 88 12
3.7944365 -0.71652715 -0.38769524 234 88 12
3.7918772 -0.71604645 -0.38656076 234 88 12
3.7906035 -0.7157945 -0.38602082 234 88 12
3.7880227 -0.7151698 -0.38479968 234 88 12
3.7828875 -0.71405824 -0.38223188 234 88 12
3.7804057 -0.71354041 -0.3808887 234 88 12
3.7779808 -0.71307219 -0.37950952 234 88 12
3.7755226 -0.71280882 -0.37800096 234 88 12
3.7730649 -0.71272111 -0.37636114 234 88 12
3.7685159 -0.71313235 -0.37268464 234 88 12
3.7675158 -0.71345636 -0.37171757 234 88 12
3.7654997 -0.71430319 -0.36954655 234 88 12
3.7643963 -0.71468617 -0.36835494 234 88 12
3.7612477 -0.71584211 -0.36473298 234 88 12
3.7601185 -0.71619443 -0.36347788 234 88 12
3.7590256 -0.71649015 -0.36232164 234 88 12
3.7578577 -0.71676394 -0.36114988 234 88 12
3.7530898 -0.71758553 -0.35672558 234 88 12
3.7506986 -0.71796063 -0.35448231 234 88 12
3.7441661 -0.71881524 -0.34890076 234 88 12
3.7399042 -0.71938129 -0.34542055 234 88 12
3.7384594 -0.71964058 -0.34419645 234 88 12
3.7340341 -0.72054195 -0.34057005 234 88 12
3.727734 -0.72232688 -0.33525984 234 88 12
3.7262371 -0.7228441 -0.33398918 234 88 12
3.721556 -0.72444468 -0.33007811 234 88 12
3.7198465 -0.72497029 -0.32872778 234 88 12
3.7181734 -0.72551229 -0.32740174 234 88 12
3.7128045 -0.72705221 -0.32333976 234 88 12
3.8263097 -0.71630418 -0.40875389 234 88 12
3.8229719 -0.716378 -0.4064982 234 88 12
3.8218536 -0.71651985 -0.40568516 234 88 12
3.819617 -0.71681848 -0.40417533 234 88 12
3.8173768 -0.7170625 -0.40280888 234 88 12
3.8160868 -0.71712963 -0.40203706 234 88 12
3.8147626 -0.71714615 -0.40119124 234 88 12
3.8121911 -0.71735367 -0.39954765 234 88 12
3.8110147 -0.7175426 -0.39878766 234 88 12
3.8096955 -0.71765944 -0.39795576 234 88 12
3.8084158 -0.71777884 -0.39721821 234 88 12
3.807013 -0.71783908 -0.39640416 234 88 12
3.8056881 -0.71791588 -0.39566989 234 88 12
3.8003658 -0.71789576 -0.39278199 234 88 12
3.7989936 -0.7177903 -0.39203698 234 88 12
3.7938801 -0.71704682 -0.38959289 234 88 12
3.7926129 -0.7168121 -0.38903641 234 88 12
3.79128 -0.7165363 -0.38844364 234 88 12
3.7824129 -0.71456583 -0.38417981 234 88 12
3.7775501 -0.71361516 -0.38145832 234 88 12
3.7763272 -0.71344499 -0.38070686 234 88 12
3.7751013 -0.71334174 -0.37989212 234 88 12
3.7738856 -0.7132887 -0.37908004 234 88 12
3.7726539 -0.71325911 -0.37821737 234 88 12
3.7669498 -0.71400599 -0.37348884 234 88 12
3.765989 -0.71438768 -0.37247918 234 88 12
3.7628575 -0.71562161 -0.36899265 234 88 12
3.7617443 -0.7160034 -0.36772563 234 88 12
3.7606542 -0.71636145 -0.36648125 234 88 12
3.7595126 -0.71669771 -0.3652191 234 88 12
3.7584463 -0.71699302 -0.36408903 234 88 12
3.7560831 -0.71749034 -0.36182174 234 88 12
3.7525284 -0.71813396 -0.35859926 234 88 12
3.7487478 -0.71870272 -0.35510043 234 88 12
3.7474577 -0.71889664 -0.35398642 234 88 12
3.7391555 -0.72001601 -0.34709672 234 88 12
3.7362321 -0.72053275 -0.34469757 234 88 12
3.7331387 -0.72119184 -0.34217297 234 88 12
3.7298898 -0.7220269 -0.33946788 234 88 12
3.7268467 -0.72305906 -0.33689444 234 88 12
3.7253256 -0.72359098 -0.3356309 234 88 12
3.7237958 -0.72413542 -0.33435686 234 88 12
3.7222046 -0.72467884 -0.33303614 234 88 12
3.7205481 -0.72523844 -0.33167453 234 88 12
3.7171462 -0.72628405 -0.32901097 234 88 12
3.7136032 -0.7273318 -0.32635569 234 88 12
3.7118151 -0.72791714 -0.32499012 234 88 12
3.8257228 -0.71666219 -0.41056514 234 88 12
3.8234491 -0.71666557 -0.40906115 234 88 12
3.8224553 -0.71677646 -0.40834552 234 88 12
3.8202178 -0.71704827 -0.40676818 234 88 12
3.819077 -0.7171993 -0.40601204 234 88 12
3.8168027 -0.71743721 -0.40462552 234 88 12
3.8155507 -0.71752051 -0.40387961 234 88 12
3.8092715 -0.71807072 -0.39992477 234 88 12
3.8037432 -0.71836626 -0.39667719 234 88 12
3.8023761 -0.7183985 -0.39593546 234 88 12
3.7984593 -0.71829953 -0.39391012 234 88 12
3.7972063 -0.71819844 -0.39331818 234 88 12
3.7959033 -0.71802412 -0.39268816 234 88 12
3.7947212 -0.7178418 -0.39218581 234 88 12
3.79201 -0.71729393 -0.39094075 234 88 12
3.7906985 -0.71701402 -0.39032574 234 88 12
3.7894547 -0.71677118 -0.38977843 234 88 12
3.7855539 -0.71587123 -0.3879135 234 88 12
3.7818783 -0.71506966 -0.38607867 234 88 12
3.7806502 -0.7148088 -0.38544263 234 88 12
3.7783228 -0.71435928 -0.38415035 234 88 12
3.7734275 -0.71377243 -0.38089452 234 88 12
3.772257 -0.71375639 -0.38009412 234 88 12
3.77101 -0.71373924 -0.379189 234 88 12
3.7697502 -0.71379476 -0.3782228 234 88 12
3.7674691 -0.71420182 -0.3762562 234 88 12
3.7643286 -0.71532733 -0.37305263 234 88 12
3.7633844 -0.71577172 -0.37194994 234 88 12
3.7611598 -0.7165533 -0.36948653 234 88 12
3.757825 -0.7175024 -0.36583413 234 88 12
3.7542877 -0.71824911 -0.3625439 234 88 12
3.7530648 -0.71844707 -0.36143306 234 88 12
3.7518775 -0.71866742 -0.36036348 234 88 12
3.7506156 -0.71886149 -0.35921388 234 88 12
3.7493525 -0.71903706 -0.35810195 234 88 12
3.7479862 -0.71920143 -0.35686583 234 88 12
3.746709 -0.71940318 -0.35575662 234 88 12
3.7453902 -0.71961163 -0.354621 234 88 12
3.7412919 -0.72018569 -0.35127023 234 88 12
3.7383827 -0.72063506 -0.34883467 234 88 12
3.7368988 -0.72089279 -0.34758446 234 88 12
3.7289629 -0.72279176 -0.34108879 234 88 12
3.7274376 -0.72332276 -0.3397837 234 88 12
3.7244221 -0.72442859 -0.33728016 234 88 12
3.7195145 -0.72608718 -0.33326767 234 88 12
3.7177898 -0.72659547 -0.33190413 234 88 12
3.7143742 -0.72769913 -0.3293319 234 88 12
3.7125604 -0.72824533 -0.32797263 234 88 12
3.8229713 -0.71708749 -0.41096022 234 88 12
3.8184688 -0.71755605 -0.40782674 234 88 12
3.8173465 -0.71768882 -0.40713406 234 88 12
3.8161552 -0.71778643 -0.40639333 234 88 12
3.8137313 -0.71798456 -0.40492344 234 88 12
3.811249 -0.71823661 -0.40333656 234 88 12
3.8100415 -0.71837566 -0.40256302 234 88 12
3.8088088 -0.71847853 -0.40180946 234 88 12
3.8073671 -0.71854829 -0.40091287 234 88 12
3.8059454 -0.71863384 -0.40007429 234 88 12
3.803198 -0.71880066 -0.39849105 234 88 12
3.8004895 -0.71886409 -0.39707833 234 88 12
3.7992062 -0.71885988 -0.39643842 234 88 12
3.7979004 -0.7187813 -0.39577328 234 88 12
3.7927052 -0.71803842 -0.39331663 234 88 12
3.7837467 -0.71605972 -0.38917546 234 88 12
3.7801786 -0.71532987 -0.38737711 234 88 12
3.7790282 -0.71510038 -0.38675985 234 88 12
3.7778395 -0.71487055 -0.38610024 234 88 12
3.7766422 -0.7146703 -0.3853534 234 88 12
3.7742461 -0.71438318 -0.38372039 234 88 12
3.7659263 -0.71505853 -0.37709344 234 88 12
3.7617286 -0.7167214 -0.37252075 234 88 12
3.760626 -0.71709792 -0.37126576 234 88 12
3.7594536 -0.71743313 -0.37000951 234 88 12
3.7584237 -0.71778342 -0.36884897 234 88 12
3.7549176 -0.71855966 -0.36539906 234 88 12
3.7537013 -0.71875984 -0.36433076 234 88 12
3.7523591 -0.71893276 -0.36317566 234 88 12
3.7472719 -0.71977842 -0.35866135 234 88 12
3.7432755 -0.72038264 -0.35527995 234 88 12
3.7390694 -0.72105677 -0.35177248 234 88 12
3.73755 -0.72129615 -0.35051325 234 88 12
3.735999 -0.7215482 -0.34923016 234 88 12
3.734431 -0.72183928 -0.34798108 234 88 12
3.7328724 -0.72222263 -0.3466693 234 88 12
3.726518 -0.72411804 -0.34140007 234 88 12
3.7249759 -0.72469163 -0.34012506 234 88 12
3.7234286 -0.7252582 -0.33886466 234 88 12
3.7218778 -0.7258779 -0.33761774 234 88 12
3.8246682 -0.71742411 -0.41429878 234 88 12
3.8224513 -0.7175122 -0.41277286 234 88 12
3.8213193 -0.71756882 -0.4119922 234 88 12
3.8178177 -0.71790339 -0.40961491 234 88 12
3.8166651 -0.71800543 -0.40890078 234 88 12
3.8095166 -0.71874639 -0.40448733 234 88 12
3.8011355 -0.71925815 -0.39948474 234 88 12
3.7998001 -0.71926085 -0.39881622 234 88 12
3.7960396 -0.71915955 -0.39697488 234 88 12
3.7934496 -0.71877356 -0.39579628 234 88 12
3.7884475 -0.71778821 -0.39353452 234 88 12
3.783213 -0.71657304 -0.39102644 234 88 12
3.7785063 -0.71560018 -0.38860583 234 88 12
3.7773074 -0.71537128 -0.38793095 234 88 12
3.7761133 -0.71515729 -0.38716251 234 88 12
3.7738308 -0.71490185 -0.38566248 234 88 12
3.7726418 -0.71480031 -0.38481444 234 88 12
3.7713203 -0.71473857 -0.38383169 234 88 12
3.7688354 -0.71482451 -0.38194019 234 88 12
3.7676553 -0.71500446 -0.38095445 234 88 12
3.7600072 -0.71764415 -0.37306066 234 88 12
3.7566483 -0.71859493 -0.36946374 234 88 12
3.7516521 -0.71946616 -0.36490266 234 88 12
3.7464928 -0.72034962 -0.36039759 234 88 12
3.7437335 -0.72074757 -0.35809172 234 88 12
3.7410159 -0.72121663 -0.35585677 234 88 12
3.7366431 -0.72191859 -0.35217235 234 88 12
3.7335097 -0.72254667 -0.34961646 234 88 12
3.7319377 -0.7229607 -0.34830776 234 88 12
3.7255785 -0.72496715 -0.34303271 234 88 12
3.7224148 -0.72612876 -0.34044273 234 88 12
3.7208334 -0.72675969 -0.33916825 234 88 12
3.7173729 -0.72789385 -0.33633683 234 88 12
3.7156208 -0.7284619 -0.33494432 234 88 12
3.7139211 -0.72905494 -0.3336726 234 88 12
3.7104053 -0.7303001 -0.33101321 234 88 12
3.8230554 -0.71788398 -0.41539618 234 88 12
3.820728 -0.71798286 -0.41376855 234 88 12
3.8195293 -0.71803005 -0.4129626 234 88 12
3.8183571 -0.71815315 -0.41218947 234 88 12
3.8160107 -0.71836416 -0.41066068 234 88 12
3.8136901 -0.71858124 -0.40923966 234 88 12
3.812553 -0.71870718 -0.40853441 234 88 12
3.8113574 -0.71882715 -0.40782981 234 88 12
3.8089351 -0.71911016 -0.40634826 234 88 12
3.8076141 -0.71923674 -0.40548087 234 88 12
3.806177 -0.7193462 -0.404581 234 88 12
3.8033786 -0.71957181 -0.40287048 234 88 12
3.8019199 -0.71962169 -0.40204459 234 88 12
3.7979123 -0.71967187 -0.39994238 234 88 12
3.796584 -0.71963094 -0.39927368 234 88 12
3.7928203 -0.71923139 -0.39754411 234 88 12
3.7914418 -0.71896376 -0.3969145 234 88 12
3.787889 -0.71827327 -0.39541241 234 88 12
3.7865792 -0.71794103 -0.39484158 234 88 12
3.7840371 -0.71735527 -0.39359813 234 88 12
3.7827631 -0.71706501 -0.39295504 234 88 12
3.7803538 -0.71654169 -0.39174927 234 88 12
3.7768802 -0.71588122 -0.38982999 234 88 12
3.7745278 -0.71554176 -0.38832198 234 88 12
3.7721745 -0.71536331 -0.38666615 234 88 12
3.7708646 -0.71528711 -0.38570061 234 88 12
3.7671412 -0.71555407 -0.38271591 234 88 12
3.7659939 -0.7157873 -0.38167988 234 88 12
3.7649264 -0.71613075 -0.38068181 234 88 12
3.7638591 -0.71651265 -0.37957784 234 88 12
3.7606847 -0.71781946 -0.37618813 234 88 12
3.759497 -0.71817643 -0.3749266 234 88 12
3.7583196 -0.71852918 -0.37369113 234 88 12
3.7524276 -0.7198653 -0.36799563 234 88 12
3.7497136 -0.72027435 -0.36561278 234 88 12
3.7443373 -0.7211479 -0.36098036 234 88 12
3.7416054 -0.72160901 -0.3587277 234 88 12
3.7341183 -0.72291411 -0.35252102 234 88 12
3.7325928 -0.72328189 -0.35128074 234 88 12
3.7294687 -0.72418999 -0.34870529 234 88 12
3.72783 -0.72471297 -0.34733723 234 88 12
3.7245858 -0.7258362 -0.34458145 234 88 12
3.7229201 -0.72641128 -0.34324326 234 88 12
3.721366 -0.72703574 -0.3419891 234 88 12
3.7197088 -0.72767092 -0.34064182 234 88 12
3.718032 -0.72827342 -0.3392707 234 88 12
3.7162525 -0.72886686 -0.3378367 234 88 12
3.711008 -0.73070297 -0.33380985 234 88 12
3.8234801 -0.71826931 -0.41797172 234 88 12
3.8224633 -0.71831424 -0.41720912 234 88 12
3.8212785 -0.71832406 -0.41639144 234 88 12
3.8201328 -0.71837688 -0.41558562 234 88 12
3.8177774 -0.71852859 -0.41399461 234 88 12
3.8069192 -0.71959935 -0.40727521 234 88 12
3.8028172 -0.71999989 -0.40477201 234 88 12
3.800004 -0.72006899 -0.40316478 234 88 12
3.7974129 -0.72010637 -0.40180794 234 88 12
3.7935055 -0.71991328 -0.39989694 234 88 12
3.790895 -0.71944893 -0.39876106 234 88 12
3.7896152 -0.71920848 -0.39819648 234 88 12
3.7884247 -0.7189751 -0.39772637 234 88 12
3.7859433 -0.71837342 -0.39670758 234 88 12
3.7846704 -0.71809104 -0.39608056 234 88 12
3.7834647 -0.71783784 -0.39549908 234 88 12
3.7798664 -0.71702139 -0.39361737 234 88 12
3.778756 -0.71679016 -0.39303356 234 88 12
3.7775701 -0.71655383 -0.3923886 234 88 12
3.7764233 -0.71634644 -0.39171123 234 88 12
3.7740756 -0.7160402 -0.39022567 234 88 12
3.7703808 -0.71585644 -0.38756195 234 88 12
3.7691499 -0.71587675 -0.38656554 234 88 12
3.7666472 -0.71610936 -0.38453416 234 88 12
3.7654603 -0.7163417 -0.38346926 234 88 12
3.7643953 -0.71664906 -0.38246826 234 88 12
3.7623891 -0.71749672 -0.38038822 234 88 12
3.7590119 -0.71872593 -0.37681068 234 88 12
3.7555699 -0.71976011 -0.37328717 234 88 12
3.7517438 -0.72042299 -0.36980544 234 88 12
3.7503292 -0.72060724 -0.36860212 234 88 12
3.7490012 -0.72079886 -0.36742399 234 88 12
3.7476442 -0.72101649 -0.3662502 234 88 12
3.7378801 -0.72271381 -0.35812457 234 88 12
3.7363872 -0.72301855 -0.3568658 234 88 12
3.7349033 -0.72337096 -0.35563416 234 88 12
3.7317075 -0.7240992 -0.35301508 234 88 12
3.7301007 -0.72452371 -0.35169385 234 88 12
3.7235874 -0.72675902 -0.34617328 234 88 12
3.7203051 -0.72800536 -0.34351884 234 88 12
3.7185975 -0.72862547 -0.34210906 234 88 12
3.7151488 -0.72989737 -0.33933235 234 88 12
3.7133962 -0.73053188 -0.33796209 234 88 12
3.7098741 -0.73181639 -0.33526272 234 88 12
3.8217902 -0.71874802 -0.41901855 234 88 12
3.8206463 -0.71875367 -0.41823841 234 88 12
3.8194584 -0.71876139 -0.41737183 234 88 12
3.8124656 -0.71932081 -0.41287559 234 88 12
3.8112812 -0.71943039 -0.41214336 234 88 12
3.8100353 -0.71954452 -0.41139116 234 88 12
3.8087891 -0.71968666 -0.41060911 234 88 12
3.8075223 -0.7198161 -0.40982344 234 88 12
3.8061675 -0.71995086 -0.40899856 234 88 12
3.8008428 -0.7204286 -0.40584819 234 88 12
3.7982214 -0.72054661 -0.40440273 234 88 12
3.7969143 -0.72056191 -0.40370574 234 88 12
3.7955322 -0.720534 -0.40299287 234 88 12
3.7903595 -0.71991042 -0.40062589 234 88 12
3.7890945 -0.71967706 -0.40012429 234 88 12
3.7865368 -0.71909337 -0.39908102 234 88 12
3.7829575 -0.71828327 -0.39743445 234 88 12
3.7806617 -0.71776169 -0.39620458 234 88 12
3.7794507 -0.7175019 -0.39556994 234 88 12
3.777185 -0.71706466 -0.39437863 234 88 12
3.7662126 -0.71663986 -0.38644919 234 88 12
3.7596384 -0.718867 -0.37987943 234 88 12
3.7584806 -0.71925001 -0.37865589 234 88 12
3.7572773 -0.71964219 -0.37747241 234 88 12
3.7562018 -0.72003546 -0.37634732 234 88 12
3.7537321 -0.72060256 -0.37396056 234 88 12
3.7523606 -0.72077468 -0.37277641 234 88 12
3.7510072 -0.72096316 -0.3715864 234 88 12
3.7482246 -0.72133112 -0.36915849 234 88 12
3.7455308 -0.72180507 -0.36684786 234 88 12
3.7412816 -0.72255323 -0.36331915 234 88 12
3.7398312 -0.72279659 -0.36210925 234 88 12
3.7383762 -0.723058 -0.36095322 234 88 12
3.7354558 -0.72371883 -0.35861861 234 88 12
3.7307164 -0.7248623 -0.3546992 234 88 12
3.7275298 -0.72583121 -0.35197964 234 88 12
3.7258509 -0.72639179 -0.35058816 234 88 12
3.724161 -0.72699896 -0.34912807 234 88 12
3.7157964 -0.73027629 -0.34228008 234 88 12
3.7122425 -0.73158246 -0.33943616 234 88 12
3.7103955 -0.73221835 -0.33799373 234 88 12
3.8080912 -0.7200516 -0.41240999 234 88 12
3.8054318 -0.72030828 -0.41077705 234 88 12
3.8041268 -0.72043557 -0.41003087 234 88 12
3.8028184 -0.72057815 -0.40926527 234 88 12
3.8016103 -0.7207681 -0.4085921 234 88 12
3.7950274 -0.72100174 -0.40488264 234 88 12
3.7922355 -0.72075989 -0.4034992 234 88 12
3.7909833 -0.72057935 -0.40297106 234 88 12
3.7897311 -0.72035313 -0.40242091 234 88 12
3.7835102 -0.71893553 -0.39981082 234 88 12
3.7824824 -0.71873099 -0.39935099 234 88 12
3.7813428 -0.71848612 -0.398764 234 88 12
3.7802427 -0.71824629 -0.39817041 234 88 12
3.7778006 -0.71773697 -0.3969007 234 88 12
3.773099 -0.71700908 -0.39395943 234 88 12
3.7719083 -0.71692329 -0.39315956 234 88 12
3.7707251 -0.716894 -0.39235067 234 88 12
3.7682028 -0.71694562 -0.39041369 234 88 12
3.7657369 -0.71716115 -0.38837441 234 88 12
3.7635177 -0.71772149 -0.38631173 234 88 12
3.7624998 -0.71814308 -0.38527841 234 88 12
3.7613812 -0.71852644 -0.38413066 234 88 12
3.7579374 -0.71983147 -0.38051273 234 88 12
3.7567598 -0.72023497 -0.37934772 234 88 12
3.7517333 -0.72136842 -0.37460202 234 88 12
3.7502563 -0.72152504 -0.3733659 234 88 12
3.7489445 -0.72171528 -0.3722155 234 88 12
3.7474938 -0.72189406 -0.37095587 234 88 12
3.7462039 -0.72215875 -0.36982429 234 88 12
3.74475 -0.72237864 -0.36862748 234 88 12
3.741903 -0.7228613 -0.36629091 234 88 12
3.7404549 -0.72314078 -0.36511552 234 88 12
3.7389669 -0.72341324 -0.36386012 234 88 12
3.7375033 -0.72373192 -0.36269515 234 88 12
3.7359879 -0.7240687 -0.36150636 234 88 12
3.7329008 -0.72482293 -0.3590328 234 88 12
3.726344 -0.72663095 -0.35346963 234 88 12
3.7246903 -0.72722363 -0.35206645 234 88 12
3.7230164 -0.72787952 -0.35063014 234 88 12
3.7214002 -0.72857571 -0.34926703 234 88 12
3.7196995 -0.72924248 -0.34786537 234 88 12
3.716337 -0.73062869 -0.34514318 234 88 12
3.8085799 -0.72030355 -0.41493572 234 88 12
3.8060679 -0.72059234 -0.41339121 234 88 12
3.8034085 -0.72084213 -0.41183899 234 88 12
3.8021442 -0.72098958 -0.411098 234 88 12
3.7983424 -0.72135202 -0.4088441 234 88 12
3.7971056 -0.72141673 -0.4081019 234 88 12
3.7945093 -0.72144833 -0.40680047 234 88 12
3.7931236 -0.72135216 -0.40614686 234 88 12
3.7917165 -0.72119738 -0.40548035 234 88 12
3.786653 -0.72025855 -0.40330736 234 88 12
3.7842502 -0.71967739 -0.40230548 234 88 12
3.7830737 -0.71941491 -0.40175432 234 88 12
3.7808798 -0.71894742 -0.40065958 234 88 12
3.779832 -0.71873597 -0.40014118 234 88 12
3.7750124 -0.71783858 -0.39743831 234 88 12
3.7702028 -0.71738384 -0.39419232 234 88 12
3.7642046 -0.71799845 -0.38926525 234 88 12
3.7619944 -0.71865864 -0.38714033 234 88 12
3.7608896 -0.719062 -0.3859924 234 88 12
3.7597728 -0.71949736 -0.38482377 234 88 12
3.7585475 -0.7199559 -0.38357691 234 88 12
3.7573687 -0.72038222 -0.38241959 234 88 12
3.7562269 -0.72082452 -0.38126686 234 88 12
3.7538563 -0.72153515 -0.37894617 234 88 12
3.7524496 -0.72175892 -0.37770095 234 88 12
3.7496039 -0.72211101 -0.37529406 234 88 12
3.7468416 -0.72251539 -0.37282123 234 88 12
3.7454551 -0.72274795 -0.37163671 234 88 12
3.7439974 -0.72300604 -0.37044653 234 88 12
3.7425742 -0.7232469 -0.36928312 234 88 12
3.7411194 -0.72352662 -0.36812105 234 88 12
3.7396272 -0.72379258 -0.3669395 234 88 12
3.7350568 -0.72480367 -0.36318958 234 88 12
3.7335165 -0.72518084 -0.3619791 234 88 12
3.7269425 -0.72690801 -0.35645781 234 88 12
3.7252456 -0.72746099 -0.35503192 234 88 12
3.7235803 -0.72807517 -0.35360057 234 88 12
3.7201923 -0.72943418 -0.35075067 234 88 12
3.8078816 -0.72069877 -0.41670196 234 88 12
3.8041597 -0.72114066 -0.41451406 234 88 12
3.7989215 -0.72168935 -0.41134566 234 88 12
3.7939117 -0.7218709 -0.40863388 234 88 12
3.7924974 -0.72177635 -0.40793325 234 88 12
3.7911541 -0.72162257 -0.40732332 234 88 12
3.789836 -0.72143053 -0.40676487 234 88 12
3.7873637 -0.7210283 -0.40574434 234 88 12
3.7861001 -0.72071251 -0.40519532 234 88 12
3.7848722 -0.72042857 -0.40469503 234 88 12
3.7825262 -0.71986762 -0.40364716 234 88 12
3.7755959 -0.71844732 -0.39998423 234 88 12
3.7744555 -0.71826937 -0.39927688 234 88 12
3.769716 -0.71790998 -0.39604721 234 88 12
3.7625996 -0.71884803 -0.39012466 234 88 12
3.7614801 -0.7192269 -0.38900729 234 88 12
3.7580055 -0.72050891 -0.38545862 234 88 12
3.7556807 -0.72139853 -0.38318219 234 88 12
3.7518302 -0.72235368 -0.37964816 234 88 12
3.7503996 -0.72255138 -0.37842347 234 88 12
3.7388145 -0.72448765 -0.36878919 234 88 12
3.7372466 -0.72481035 -0.36749513 234 88 12
3.7309131 -0.72631406 -0.3623131 234 88 12
3.7292573 -0.72675968 -0.36092357 234 88 12
3.7223703 -0.72894491 -0.35506462 234 88 12
3.8072857 -0.72117193 -0.41854712 234 88 12
3.8048292 -0.72145176 -0.41715192 234 88 12
3.8022407 -0.72176777 -0.41561402 234 88 12
3.7957715 -0.722261 -0.41172122 234 88 12
3.7944503 -0.72227072 -0.41100067 234 88 12
3.7919147 -0.72221197 -0.40979767 234 88 12
3.7893073 -0.72189424 -0.40863978 234 88 12
3.788033 -0.72166148 -0.40809265 234 88 12
3.7843774 -0.72092782 -0.40660946 234 88 12
3.7831963 -0.72061894 -0.40610711 234 88 12
3.7797652 -0.71978217 -0.40441997 234 88 12
3.77756 -0.71936214 -0.40328992 234 88 12
3.7751504 -0.71892361 -0.40193422 234 88 12
3.7728342 -0.71864222 -0.40048266 234 88 12
3.7704455 -0.71847133 -0.39880663 234 88 12
3.769159 -0.71842889 -0.39786579 234 88 12
3.7655637 -0.71863576 -0.39513587 234 88 12
3.7621312 -0.71942483 -0.39205399 234 88 12
3.7598512 -0.72019831 -0.38982308 234 88 12
3.7551026 -0.72195134 -0.38507614 234 88 12
3.7482932 -0.72336467 -0.3791329 234 88 12
3.7439593 -0.72398439 -0.37536419 234 88 12
3.7394646 -0.72486638 -0.37172399 234 88 12
3.7316014 -0.72667416 -0.36536854 234 88 12
3.7299745 -0.72711492 -0.36403084 234 88 12
3.7282861 -0.72758428 -0.36261116 234 88 12
3.7976233 -0.72258864 -0.4150198 234 88 12
3.7963261 -0.72265352 -0.41423762 234 88 12
3.7900655 -0.72251093 -0.41106268 234 88 12
3.7862498 -0.72189502 -0.40948049 234 88 12
3.7838384 -0.72136977 -0.40846963 234 88 12
3.778136 -0.72003153 -0.40576904 234 88 12
3.7770441 -0.71981608 -0.40517249 234 88 12
3.7758913 -0.71960725 -0.40455488 234 88 12
3.7747176 -0.71941445 -0.40388042 234 88 12
3.7735007 -0.71925035 -0.40314578 234 88 12
3.7723474 -0.71913319 -0.40239166 234 88 12
3.7711993 -0.7190431 -0.4016256 234 88 12
3.7699779 -0.71898889 -0.40072772 234 88 12
3.7674777 -0.71897029 -0.39889849 234 88 12
3.7650761 -0.71919656 -0.39704632 234 88 12
3.7616032 -0.7200007 -0.39402136 234 88 12
3.756969 -0.72168141 -0.38944272 234 88 12
3.7556651 -0.72209235 -0.38817807 234 88 12
3.7531994 -0.72286712 -0.38584482 234 88 12
3.7461609 -0.72417076 -0.3797912 234 88 12
3.7432216 -0.72464435 -0.37728517 234 88 12
3.7402489 -0.72521293 -0.37480605 234 88 12
3.7386595 -0.7255466 -0.3735403 234 88 12
3.7305886 -0.72741864 -0.36704177 234 88 12
3.7289491 -0.72789599 -0.36568184 234 88 12
3.7255839 -0.72895778 -0.36282486 234 88 12
3.7237143 -0.72951568 -0.36128605 234 88 12
3.8191275 -0.72209241 -0.43012739 234 88 12
3.8180406 -0.72197333 -0.42947094 234 88 12
3.8169598 -0.72192556 -0.42879315 234 88 12
3.8049769 -0.72228651 -0.42160055 234 88 12
3.7997161 -0.72281335 -0.41849985 234 88 12
3.7983864 -0.72295047 -0.41770325 234 88 12
3.791931 -0.72309945 -0.41410854 234 88 12
3.7907184 -0.72306251 -0.41349895 234 88 12
3.7882481 -0.72276416 -0.41238827 234 88 12
3.7822012 -0.72155195 -0.40991285 234 88 12
3.7799629 -0.72101492 -0.40893527 234 88 12
3.778852 -0.72076897 -0.40837325 234 88 12
3.7729913 -0.7197341 -0.40506484 234 88 12
3.7695132 -0.71951372 -0.40264719 234 88 12
3.7682651 -0.71950358 -0.401748 234 88 12
3.7657537 -0.71960025 -0.39989105 234 88 12
3.7646024 -0.71974826 -0.39898638 234 88 12
3.7634031 -0.71997275 -0.39802331 234 88 12
3.7622822 -0.72024293 -0.39706062 234 88 12
3.7577184 -0.72184342 -0.39274009 234 88 12
3.7564787 -0.72228037 -0.39154859 234 88 12
3.7538944 -0.72305415 -0.38902633 234 88 12
3.7525474 -0.72341027 -0.38776438 234 88 12
3.7512258 -0.72374419 -0.38657906 234 88 12
3.7497733 -0.72404807 -0.38532544 234 88 12
3.7483904 -0.72429097 -0.38414676 234 88 12
3.7438767 -0.72497234 -0.38049402 234 88 12
3.7424725 -0.72528863 -0.37924615 234 88 12
3.7394414 -0.72594225 -0.37667006 234 88 12
3.7378143 -0.72624343 -0.37536582 234 88 12
3.7362777 -0.72660161 -0.37413326 234 88 12
3.7347009 -0.72697058 -0.3728839 234 88 12
3.7313505 -0.72776923 -0.37008824 234 88 12
3.7245579 -0.72987355 -0.36439635 234 88 12
3.8173744 -0.72258121 -0.43112978 234 88 12
3.8151235 -0.72244122 -0.42978373 234 88 12
3.8068447 -0.72258542 -0.42483923 234 88 12
3.8005158 -0.72312778 -0.42114481 234 88 12
3.7978218 -0.72339782 -0.41956633 234 88 12
3.7876954 -0.72317093 -0.41425943 234 88 12
3.7853074 -0.72278219 -0.41326621 234 88 12
3.7725125 -0.72021096 -0.40698474 234 88 12
3.7702194 -0.72003636 -0.40541557 234 88 12
3.7665852 -0.72005536 -0.40286105 234 88 12
3.7653577 -0.72012955 -0.40192853 234 88 12
3.7628873 -0.72047404 -0.39999178 234 88 12
3.7594312 -0.72153325 -0.39689643 234 88 12
3.7546057 -0.72322379 -0.39227459 234 88 12
3.7477821 -0.72482021 -0.38614042 234 88 12
3.7431062 -0.72555087 -0.38239302 234 88 12
3.7417034 -0.72591275 -0.38117733 234 88 12
3.7401165 -0.72624823 -0.37987427 234 88 12
3.7354135 -0.72734472 -0.3758853 234 88 12
3.7287781 -0.72905371 -0.37041473 234 88 12
3.7270135 -0.72956694 -0.36894257 234 88 12
3.7252488 -0.73012872 -0.36744178 234 88 12
3.8211318 -0.72400731 -0.43525826 234 88 12
3.8199664 -0.72375431 -0.43455993 234 88 12
3.8178464 -0.72338427 -0.43340679 234 88 12
3.8156545 -0.72312051 -0.43216522 234 88 12
3.8133001 -0.72303686 -0.43077307 234 88 12
3.810963 -0.72302394 -0.42938934 234 88 12
3.8097921 -0.72301972 -0.42871427 234 88 12
3.8074157 -0.72307349 -0.42731259 234 88 12
3.803719 -0.72327767 -0.42516821 234 88 12
3.7985219 -0.72367709 -0.42213622 234 88 12
3.7972052 -0.72382931 -0.42138935 234 88 12
3.7958672 -0.72392877 -0.42062777 234 88 12
3.7883035 -0.72375669 -0.41669161 234 88 12
3.7859489 -0.72341054 -0.41567608 234 88 12
3.782385 -0.72271066 -0.41416199 234 88 12
3.7766316 -0.72145111 -0.41146206 234 88 12
3.7742227 -0.72095698 -0.41022821 234 88 12
3.7730976 -0.72077339 -0.40958441 234 88 12
3.771927 -0.72062166 -0.40884746 234 88 12
3.7696583 -0.72048426 -0.4073164 234 88 12
3.7684741 -0.72046901 -0.40654354 234 88 12
3.7673421 -0.72049313 -0.40574878 234 88 12
3.7635585 -0.72074979 -0.40291502 234 88 12
3.7600203 -0.72165603 -0.40000952 234 88 12
3.7589564 -0.7220931 -0.39904764 234 88 12
3.7565475 -0.72293946 -0.39678484 234 88 12
3.7552698 -0.72334273 -0.3955931 234 88 12
3.7540298 -0.72374633 -0.394367 234 88 12
3.7526829 -0.72413757 -0.39309436 234 88 12
3.751333 -0.72447244 -0.3918242 234 88 12
3.7455326 -0.72559106 -0.38690331 234 88 12
3.7440306 -0.72589344 -0.38570446 234 88 12
3.7392654 -0.72691121 -0.38169517 234 88 12
3.737742 -0.72730707 -0.38037662 234 88 12
3.7360983 -0.72766514 -0.3790154 234 88 12
3.724193 -0.73100704 -0.36898278 234 88 12
3.7224 -0.73164459 -0.3674391 234 88 12
3.7205573 -0.73230987 -0.36584599 234 88 12
3.8171761 -0.72402415 -0.43505461 234 88 12
3.8149904 -0.72376786 -0.43384245 234 88 12
3.8137859 -0.72370308 -0.43313706 234 88 12
3.812634 -0.72364111 -0.43247863 234 88 12
3.8114578 -0.72363419 -0.43177945 234 88 12
3.809182 -0.72361617 -0.43047062 234 88 12
3.8043768 -0.72376154 -0.4276908 234 88 12
3.8019146 -0.72394371 -0.42625839 234 88 12
3.7992691 -0.72405568 -0.42470001 234 88 12
3.797989 -0.72415475 -0.42398661 234 88 12
3.7914847 -0.72450588 -0.4205307 234 88 12
3.7890374 -0.72435447 -0.41926238 234 88 12
3.7866206 -0.72403434 -0.41810615 234 88 12
3.7807274 -0.72286055 -0.41558619 234 88 12
3.7795582 -0.72259549 -0.41508605 234 88 12
3.7761154 -0.72191487 -0.41334688 234 88 12
3.7749636 -0.72170742 -0.41283378 234 88 12
3.7737311 -0.72145881 -0.41219066 234 88 12
3.7714808 -0.72114186 -0.41088246 234 88 12
3.770386 -0.7210681 -0.41018511 234 88 12
3.7630672 -0.72124054 -0.40502014 234 88 12
3.7594978 -0.72216796 -0.4020945 234 88 12
3.7545378 -0.72380191 -0.39761088 234 88 12
3.7533288 -0.72424618 -0.39638996 234 88 12
3.75203 -0.72462044 -0.39517322 234 88 12
3.750676 -0.72497601 -0.3939346 234 88 12
3.7448313 -0.72612433 -0.38898242 234 88 12
3.7432843 -0.72647646 -0.38771259 234 88 12
3.7352304 -0.72834191 -0.38084651 234 88 12
3.7286785 -0.73025233 -0.37517329 234 88 12
3.7268844 -0.73076676 -0.3736524 234 88 12
3.7250406 -0.73131354 -0.37212054 234 88 12
3.7231587 -0.73189438 -0.37050335 234 88 12
3.721336 -0.73256156 -0.36892929 234 88 12
3.7195268 -0.73330084 -0.3672979 234 88 12
3.8197739 -0.72538926 -0.43831377 234 88 12
3.818667 -0.72510909 -0.43775451 234 88 12
3.8165397 -0.72468514 -0.43669366 234 88 12
3.8143043 -0.72443313 -0.43548432 234 88 12
3.8097769 -0.7242555 -0.43293218 234 88 12
3.808547 -0.72421949 -0.43223235 234 88 12
3.8073798 -0.72422618 -0.4315355 234 88 12
3.8061443 -0.72422987 -0.43085245 234 88 12
3.8048994 -0.72422722 -0.43018218 234 88 12
3.8037335 -0.72430492 -0.42949282 234 88 12
3.7999656 -0.72449405 -0.42725301 234 88 12
3.7986613 -0.7245641 -0.42651071 234 88 12
3.7973768 -0.72463255 -0.42577798 234 88 12
3.792139 -0.72494483 -0.42298895 234 88 12
3.789651 -0.72489962 -0.42175389 234 88 12
3.7849474 -0.72429125 -0.41952225 234 88 12
3.7824626 -0.7238037 -0.41838825 234 88 12
3.7778478 -0.72277032 -0.41642644 234 88 12
3.7756493 -0.72239388 -0.41533977 234 88 12
3.7743973 -0.72217885 -0.41474244 234 88 12
3.771018 -0.7216355 -0.41293217 234 88 12
3.7698955 -0.7215377 -0.41221998 234 88 12
3.7687374 -0.72148026 -0.4114695 234 88 12
3.7663693 -0.72146233 -0.40983839 234 88 12
3.761366 -0.72198881 -0.40618652 234 88 12
3.7600702 -0.72227034 -0.40516309 234 88 12
3.7551467 -0.72384532 -0.40086057 234 88 12
3.7512987 -0.72507545 -0.39727369 234 88 12
3.749964 -0.72541729 -0.39607387 234 88 12
3.7424438 -0.72699766 -0.38965187 234 88 12
3.7375339 -0.72811212 -0.38546876 234 88 12
3.7293938 -0.73052279 -0.3782666 234 88 12
3.7221059 -0.73283048 -0.37200144 234 88 12
3.7202964 -0.73355567 -0.37039741 234 88 12
3.8191257 -0.72611104 -0.43989521 234 88 12
3.8180096 -0.72580832 -0.43936388 234 88 12
3.8113981 -0.72494209 -0.43586658 234 88 12
3.8102203 -0.72489678 -0.43521212 234 88 12
3.8090729 -0.72484172 -0.43454847 234 88 12
3.8078369 -0.72479432 -0.43385739 234 88 12
3.8054573 -0.72479086 -0.43258485 234 88 12
3.8029609 -0.72482427 -0.43116201 234 88 12
3.8017946 -0.72488817 -0.43049063 234 88 12
3.7980937 -0.72509731 -0.42838892 234 88 12
3.7968525 -0.72517452 -0.42766702 234 88 12
3.795493 -0.7252483 -0.42693883 234 88 12
3.7942079 -0.72534754 -0.42622605 234 88 12
3.7928392 -0.72541375 -0.42549751 234 88 12
3.7878383 -0.72523046 -0.42296726 234 88 12
3.781887 -0.72423396 -0.42020367 234 88 12
3.7783744 -0.72345486 -0.41875822 234 88 12
3.7739229 -0.72261202 -0.41669642 234 88 12
3.7682797 -0.72197774 -0.41352568 234 88 12
3.7671578 -0.72196117 -0.41278004 234 88 12
3.7658524 -0.72193737 -0.41191622 234 88 12
3.7646956 -0.72199272 -0.41110111 234 88 12
3.7609598 -0.72252383 -0.40844152 234 88 12
3.7596013 -0.72279211 -0.40731776 234 88 12
3.7582646 -0.72309502 -0.40616395 234 88 12
3.7544464 -0.72431563 -0.40290292 234 88 12
3.7506011 -0.7254852 -0.39942279 234 88 12
3.7431722 -0.72714735 -0.39297748 234 88 12
3.7400339 -0.72790593 -0.39031631 234 88 12
3.7350615 -0.72912946 -0.38592647 234 88 12
3.7333495 -0.72961279 -0.384438 234 88 12
3.7317099 -0.73011565 -0.38294679 234 88 12
3.7300319 -0.73068308 -0.38146006 234 88 12
3.726631 -0.73185532 -0.37841095 234 88 12
3.7248216 -0.73247478 -0.37677443 234 88 12
3.7192606 -0.73455277 -0.37180757 234 88 12
3.7174649 -0.735386 -0.37008917 234 88 12
3.8184699 -0.72681247 -0.4414531 234 88 12
3.8174554 -0.72654949 -0.4410482 234 88 12
3.8131018 -0.72580831 -0.43881235 234 88 12
3.8096223 -0.7255173 -0.4368958 234 88 12
3.8071977 -0.7253956 -0.43555093 234 88 12
3.8060389 -0.72541414 -0.43493201 234 88 12
3.8048779 -0.72538567 -0.43432299 234 88 12
3.8012043 -0.72545935 -0.4322558 234 88 12
3.7999587 -0.725527 -0.43157762 234 88 12
3.796296 -0.72569927 -0.42953444 234 88 12
3.7949547 -0.72575725 -0.42880409 234 88 12
3.7936252 -0.72582086 -0.42806301 234 88 12
3.7922645 -0.72583887 -0.42734367 234 88 12
3.7910257 -0.72584435 -0.42671954 234 88 12
3.7897494 -0.72581203 -0.42607411 234 88 12
3.7885013 -0.72574498 -0.42541715 234 88 12
3.7837032 -0.72511788 -0.42315793 234 88 12
3.7812963 -0.72467846 -0.42207193 234 88 12
3.7777711 -0.72389937 -0.42058505 234 88 12
3.7767241 -0.72366856 -0.42015662 234 88 12
3.774603 -0.72324624 -0.4192167 234 88 12
3.7733982 -0.7230453 -0.41862976 234 88 12
3.7712007 -0.72272786 -0.41756435 234 88 12
3.7701348 -0.72260388 -0.41697525 234 88 12
3.7689745 -0.72250068 -0.4162913 234 88 12
3.7653565 -0.72242782 -0.41402111 234 88 12
3.7576371 -0.72355806 -0.40828722 234 88 12
3.7549478 -0.72430722 -0.40600992 234 88 12
3.7537347 -0.7247366 -0.40495685 234 88 12
3.7439524 -0.72725962 -0.39641471 234 88 12
3.7423561 -0.72761761 -0.39502058 234 88 12
3.7392333 -0.72843164 -0.39234834 234 88 12
3.7375502 -0.72885643 -0.39087843 234 88 12
3.7341137 -0.72976555 -0.38772936 234 88 12
3.7323912 -0.73027297 -0.38620529 234 88 12
3.7237095 -0.73328987 -0.37825038 234 88 12
3.7219605 -0.73401757 -0.37670196 234 88 12
3.8168058 -0.72727964 -0.44263475 234 88 12
3.8156366 -0.72699365 -0.44204063 234 88 12
3.8135541 -0.72664821 -0.44101659 234 88 12
3.8125307 -0.72652527 -0.44051311 234 88 12
3.8101022 -0.72622866 -0.43914898 234 88 12
3.8089269 -0.72614934 -0.43851777 234 88 12
3.8042437 -0.72599354 -0.43603905 234 88 12
3.8030729 -0.72599697 -0.43544498 234 88 12
3.8018595 -0.72601807 -0.43478303 234 88 12
3.7981537 -0.72613565 -0.43274115 234 88 12
3.7969013 -0.72615828 -0.43207422 234 88 12
3.7956826 -0.72622261 -0.43141923 234 88 12
3.7878954 -0.7261867 -0.42724332 234 88 12
3.7854587 -0.72596845 -0.42603289 234 88 12
3.7830518 -0.72555863 -0.42497587 234 88 12
3.7818471 -0.7253269 -0.42444434 234 88 12
3.7807053 -0.72510895 -0.4239721 234 88 12
3.7671473 -0.72288208 -0.41755377 234 88 12
3.7659673 -0.72284657 -0.41683476 234 88 12
3.7647933 -0.72288358 -0.41609776 234 88 12
3.7504811 -0.72592738 -0.40495786 234 88 12
3.7477574 -0.72667222 -0.40261941 234 88 12
3.7463118 -0.72701741 -0.40136189 234 88 12
3.7415464 -0.72804948 -0.39722523 234 88 12
3.7399835 -0.72846162 -0.39589371 234 88 12
3.7333414 -0.73042835 -0.38974159 234 88 12
3.7315419 -0.73096606 -0.38808654 234 88 12
3.7188722 -0.73572924 -0.37634629 234 88 12
3.817161 -0.72824895 -0.44455628 234 88 12
3.8118647 -0.72720913 -0.44214971 234 88 12
3.8094638 -0.72687379 -0.44086438 234 88 12
3.8072242 -0.72676297 -0.43963568 234 88 12
3.8061116 -0.72674131 -0.43907446 234 88 12
3.8049408 -0.7267274 -0.43851028 234 88 12
3.8025355 -0.72667937 -0.43726138 234 88 12
3.8001139 -0.72669351 -0.43593503 234 88 12
3.7948826 -0.72667922 -0.4331298 234 88 12
3.7935472 -0.72667625 -0.43245249 234 88 12
3.7922942 -0.7267099 -0.43171971 234 88 12
3.7909601 -0.7266876 -0.43098525 234 88 12
3.7860421 -0.72648389 -0.42845481 234 88 12
3.7801402 -0.7255626 -0.42585136 234 88 12
3.7789649 -0.72530048 -0.42535364 234 88 12
3.7777912 -0.72503107 -0.4249049 234 88 12
3.776763 -0.72479404 -0.42448624 234 88 12
3.7746144 -0.72432056 -0.42353938 234 88 12
3.7724078 -0.72392765 -0.42255691 234 88 12
3.7689819 -0.72346927 -0.42090513 234 88 12
3.7677979 -0.7233845 -0.42026809 234 88 12
3.7665379 -0.72329277 -0.41956181 234 88 12
3.7653635 -0.72328632 -0.41887257 234 88 12
3.764146 -0.72331894 -0.41811864 234 88 12
3.7629654 -0.72341527 -0.41737744 234 88 12
3.7616812 -0.72352178 -0.41650794 234 88 12
3.7604111 -0.72366177 -0.41562701 234 88 12
3.7591224 -0.72384037 -0.41464434 234 88 12
3.7454331 -0.72738857 -0.40351346 234 88 12
3.7422964 -0.72812853 -0.40079957 234 88 12
3.7407596 -0.72849325 -0.39943298 234 88 12
3.7358794 -0.72990833 -0.39499916 234 88 12
3.7342163 -0.73049733 -0.39340515 234 88 12
3.7289148 -0.73227478 -0.38837587 234 88 12
3.7234495 -0.73430197 -0.38317113 234 88 12
3.7215812 -0.73505912 -0.3813827 234 88 12
3.8164695 -0.72895014 -0.44611558 234 88 12
3.807646 -0.72742569 -0.44188024 234 88 12
3.8028944 -0.72726205 -0.43949748 234 88 12
3.801795 -0.727271 -0.43895808 234 88 12
3.7993917 -0.72725579 -0.43766298 234 88 12
3.7980267 -0.72725795 -0.43695421 234 88 12
3.796844 -0.72725066 -0.43634295 234 88 12
3.7929019 -0.72714011 -0.43423424 234 88 12
3.7854975 -0.72692763 -0.43038799 234 88 12
3.7843046 -0.7268241 -0.42982164 234 88 12
3.7819658 -0.72649438 -0.42881831 234 88 12
3.7783466 -0.72572146 -0.42724962 234 88 12
3.7762687 -0.72524357 -0.42647755 234 88 12
3.7672985 -0.72386086 -0.42232242 234 88 12
3.7634913 -0.72374498 -0.42017858 234 88 12
3.7597636 -0.72406493 -0.41776731 234 88 12
3.7460458 -0.7273062 -0.40688916 234 88 12
3.7382614 -0.72933992 -0.40011795 234 88 12
3.7333395 -0.73103624 -0.39542946 234 88 12
3.7298463 -0.73230334 -0.39197539 234 88 12
3.8157513 -0.72969389 -0.44762423 234 88 12
3.8146904 -0.72940705 -0.44719012 234 88 12
3.8104091 -0.72851731 -0.44527322 234 88 12
3.8093031 -0.72833893 -0.44471679 234 88 12
3.8070608 -0.72811409 -0.44353638 234 88 12
3.8047912 -0.72803406 -0.44235579 234 88 12
3.7986776 -0.72787395 -0.43936608 234 88 12
3.7961453 -0.72783807 -0.43811215 234 88 12
3.7948081 -0.72777353 -0.43741309 234 88 12
3.7935307 -0.72770691 -0.43674821 234 88 12
3.7922485 -0.72765172 -0.43605244 234 88 12
3.7872907 -0.72751891 -0.4333502 234 88 12
3.7860832 -0.72746937 -0.43279551 234 88 12
3.784948 -0.72736592 -0.43227942 234 88 12
3.7837099 -0.72722103 -0.4316949 234 88 12
3.7777924 -0.72619133 -0.42916002 234 88 12
3.7766968 -0.72592294 -0.42874522 234 88 12
3.7734727 -0.72518638 -0.42741309 234 88 12
3.7654228 -0.72423026 -0.42370013 234 88 12
3.7629033 -0.7242065 -0.42229224 234 88 12
3.7436409 -0.72798618 -0.40780742 234 88 12
3.7421081 -0.72839834 -0.40657135 234 88 12
3.7389534 -0.72927048 -0.40375208 234 88 12
3.7356912 -0.73028994 -0.40061861 234 88 12
3.8139861 -0.73014063 -0.44875669 234 88 12
3.8118412 -0.72962072 -0.44777106 234 88 12
3.8085862 -0.72903736 -0.44626172 234 88 12
3.804088 -0.72869827 -0.44396324 234 88 12
3.8028259 -0.7286358 -0.44337084 234 88 12
3.8004841 -0.72857935 -0.44230232 234 88 12
3.799273 -0.72854532 -0.44168835 234 88 12
3.7966842 -0.72846011 -0.44037951 234 88 12
3.7954434 -0.72841525 -0.43982157 234 88 12
3.7916967 -0.72820298 -0.43788402 234 88 12
3.7905289 -0.72817305 -0.43726693 234 88 12
3.7819299 -0.72750238 -0.43302933 234 88 12
3.7807534 -0.7273343 -0.43255162 234 88 12
3.7772385 -0.72662779 -0.43111324 234 88 12
3.7762009 -0.72637056 -0.43072402 234 88 12
3.7751277 -0.7261178 -0.43031501 234 88 12
3.7740574 -0.72586666 -0.42984511 234 88 12
3.8154977 -0.73154398 -0.45113954 234 88 12
3.8133467 -0.7309376 -0.45031441 234 88 12
3.8079602 -0.72982101 -0.44786189 234 88 12
3.8046883 -0.72951286 -0.44624248 234 88 12
3.8034703 -0.7294281 -0.44561274 234 88 12
3.7998319 -0.72926334 -0.4439146 234 88 12
3.7986345 -0.72921478 -0.44337472 234 88 12
3.7948077 -0.72904113 -0.44158066 234 88 12
3.7935433 -0.72894773 -0.44091438 234 88 12
3.7898388 -0.72870477 -0.43902169 234 88 12
3.7886689 -0.72865185 -0.43842058 234 88 12
3.787401 -0.72855937 -0.43772034 234 88 12
3.7768073 -0.72711823 -0.4331421 234 88 12
3.7757039 -0.72685349 -0.43269117 234 88 12
3.7746142 -0.72659562 -0.43228198 234 88 12
3.815865 -0.73270065 -0.45292723 234 88 12
3.8137301 -0.73203966 -0.45217262 234 88 12
3.8126702 -0.73174154 -0.4517836 234 88 12
3.8115206 -0.73143334 -0.45128603 234 88 12
3.8084296 -0.73076521 -0.44997623 234 88 12
3.8051483 -0.73038458 -0.448421 234 88 12
3.803973 -0.73025467 -0.44785053 234 88 12
3.8028247 -0.73015912 -0.44731081 234 88 12
3.8016938 -0.73009264 -0.44683264 234 88 12
3.7967224 -0.72981082 -0.44447158 234 88 12
3.7954629 -0.72975065 -0.44390325 234 88 12
3.7941831 -0.72966851 -0.44331704 234 88 12
3.7929391 -0.72956125 -0.44269475 234 88 12
3.7892441 -0.72927122 -0.44080125 234 88 12
3.7880575 -0.72919613 -0.44018417 234 88 12
3.7868106 -0.7290912 -0.43951781 234 88 12
3.7856556 -0.72900601 -0.43892062 234 88 12
3.7844686 -0.72888386 -0.43835258 234 88 12
3.7820779 -0.72862001 -0.43734629 234 88 12
3.779613 -0.72823568 -0.43627922 234 88 12
3.7773059 -0.72779307 -0.43539249 234 88 12
3.7762776 -0.72757466 -0.43505104 234 88 12
3.7740779 -0.72707076 -0.4342136 234 88 12
3.8172565 -0.73434921 -0.45495087 234 88 12
3.8151883 -0.7335877 -0.4544425 234 88 12
3.814158 -0.7332494 -0.45410893 234 88 12
3.8108987 -0.73228115 -0.45285859 234 88 12
3.8077352 -0.73158143 -0.45150675 234 88 12
3.8056179 -0.73130571 -0.45057152 234 88 12
3.8045051 -0.73118005 -0.45005242 234 88 12
3.7986361 -0.73064524 -0.44743518 234 88 12
3.7974793 -0.73056653 -0.44692689 234 88 12
3.7948679 -0.7303967 -0.44567951 234 88 12
3.7911305 -0.73012631 -0.44384621 234 88 12
3.7899508 -0.73001951 -0.44325992 234 88 12
3.7886479 -0.72987094 -0.44256872 234 88 12
3.7862202 -0.7296447 -0.44134534 234 88 12
3.7851241 -0.72955218 -0.440836 234 88 12
3.7827413 -0.72929111 -0.43975289 234 88 12
3.7815628 -0.72914711 -0.43926211 234 88 12
3.7779371 -0.72851539 -0.43772758 234 88 12
3.7768249 -0.72831042 -0.43731374 234 88 12
3.7758117 -0.72808587 -0.43698992 234 88 12
3.7746928 -0.72786788 -0.43655575 234 88 12
3.8197344 -0.73659895 -0.45708875 234 88 12
3.814473 -0.73446374 -0.45591551 234 88 12
3.8134442 -0.73411493 -0.45555984 234 88 12
3.8123815 -0.73376798 -0.4552121 234 88 12
3.8113395 -0.73344384 -0.45481519 234 88 12
3.8081207 -0.73259737 -0.45351574 234 88 12
3.8070272 -0.7323817 -0.45304989 234 88 12
3.8059963 -0.73226722 -0.45262162 234 88 12
3.8049163 -0.73209429 -0.45216244 234 88 12
3.8038492 -0.73198253 -0.45172315 234 88 12
3.800426 -0.73159435 -0.45018015 234 88 12
3.7980507 -0.73134495 -0.44916111 234 88 12
3.7968734 -0.73125388 -0.44864826 234 88 12
3.7943161 -0.73105612 -0.44746316 234 88 12
3.7930096 -0.73093653 -0.44680262 234 88 12
3.7905523 -0.73071842 -0.44567161 234 88 12
3.7893515 -0.73061766 -0.44507095 234 88 12
3.788059 -0.73045992 -0.44438466 234 88 12
3.78685 -0.73033573 -0.4437908 234 88 12
3.7810814 -0.72967007 -0.44115043 234 88 12
3.7786831 -0.72926428 -0.44016714 234 88 12
3.7763262 -0.72879713 -0.43919663 234 88 12
3.7729205 -0.72807463 -0.43795618 234 88 12
3.822598 -0.73914826 -0.45923981 234 88 12
3.8214011 -0.73858615 -0.45905249 234 88 12
3.82025 -0.73803486 -0.45884906 234 88 12
3.8191175 -0.7375247 -0.4586463 234 88 12
3.8180783 -0.73707647 -0.45848378 234 88 12
3.8170338 -0.73662411 -0.45831801 234 88 12
3.8160125 -0.73620098 -0.45809426 234 88 12
3.8106895 -0.73433033 -0.45638597 234 88 12
3.8095969 -0.73398791 -0.45595535 234 88 12
3.8085224 -0.7336715 -0.45552823 234 88 12
3.8074332 -0.73344906 -0.45504404 234 88 12
3.804253 -0.73288969 -0.45370799 234 88 12
3.8032107 -0.73276016 -0.45329347 234 88 12
3.7997278 -0.7323154 -0.45173106 234 88 12
3.7985496 -0.73217523 -0.45121922 234 88 12
3.7974122 -0.73206894 -0.45075593 234 88 12
3.795019 -0.73182948 -0.44974765 234 88 12
3.7937464 -0.73170785 -0.44918216 234 88 12
3.7875072 -0.73106671 -0.44621714 234 88 12
3.782748 -0.73052123 -0.44394146 234 88 12
3.7769975 -0.72954546 -0.44157494 234 88 12
3.7758245 -0.72931949 -0.44112717 234 88 12
3.7723504 -0.72857263 -0.43983625 234 88 12
3.8218428 -0.74010249 -0.46070039 234 88 12
3.8163976 -0.7375525 -0.45989893 234 88 12
3.8142146 -0.73667987 -0.45927987 234 88 12
3.8131626 -0.73625471 -0.45896396 234 88 12
3.8121133 -0.73588518 -0.45863001 234 88 12
3.8100531 -0.73518114 -0.45790272 234 88 12
3.8089614 -0.73485747 -0.45749155 234 88 12
3.8078344 -0.73451753 -0.45706013 234 88 12
3.8067698 -0.73426794 -0.45663102 234 88 12
3.8057167 -0.73402834 -0.45620646 234 88 12
3.8047079 -0.73389072 -0.45578115 234 88 12
3.8035848 -0.73367837 -0.45528362 234 88 12
3.8024977 -0.73353286 -0.45481986 234 88 12
3.8002566 -0.73320366 -0.4538548 234 88 12
3.796803 -0.73278287 -0.45240105 234 88 12
3.7944547 -0.73252018 -0.4514215 234 88 12
3.7907268 -0.73209186 -0.44977072 234 88 12
3.7881378 -0.73176892 -0.44853854 234 88 12
3.7833989 -0.73124508 -0.44637848 234 88 12
3.7822524 -0.73109946 -0.44584352 234 88 12
3.7811645 -0.730934 -0.44537882 234 88 12
3.7764788 -0.73008187 -0.44347335 234 88 12
3.7752788 -0.72981057 -0.44300239 234 88 12
3.7729464 -0.72930518 -0.44215569 234 88 12
3.7717978 -0.72908949 -0.44176182 234 88 12
3.8223402 -0.74167553 -0.46242579 234 88 12
3.821094 -0.74105573 -0.46219987 234 88 12
3.8200095 -0.74048961 -0.46207807 234 88 12
3.8189082 -0.73997521 -0.46192399 234 88 12
3.8178187 -0.7394423 -0.46175795 234 88 12
3.8157238 -0.73846731 -0.46146329 234 88 12
3.8146575 -0.73803004 -0.46117513 234 88 12
3.8114801 -0.73676557 -0.46022937 234 88 12
3.8104145 -0.73636659 -0.45985468 234 88 12
3.8093824 -0.73602469 -0.45948332 234 88 12
3.8082789 -0.73567132 -0.45906475 234 88 12
3.8040653 -0.73468639 -0.45738594 234 88 12
3.8029641 -0.73447894 -0.45690505 234 88 12
3.7995838 -0.73392522 -0.45539065 234 88 12
3.7984624 -0.73376502 -0.45492974 234 88 12
3.796179 -0.7335048 -0.45405506 234 88 12
3.7950673 -0.73337309 -0.45361863 234 88 12
3.7926899 -0.73310096 -0.45262677 234 88 12
3.7902526 -0.73273467 -0.45158352 234 88 12
3.788953 -0.73254813 -0.45096574 234 88 12
3.7865709 -0.73224551 -0.44993298 234 88 12
3.7771478 -0.73084748 -0.44586416 234 88 12
3.7759574 -0.7305993 -0.44536546 234 88 12
3.7747828 -0.7303401 -0.44489915 234 88 12
3.7712961 -0.72961436 -0.44370915 234 88 12
3.8214811 -0.74262335 -0.4638414 234 88 12
3.8202837 -0.74203472 -0.46364149 234 88 12
3.8160633 -0.73990583 -0.46315755 234 88 12
3.8096758 -0.73722256 -0.46137052 234 88 12
3.8056109 -0.735947 -0.4599005 234 88 12
3.8034504 -0.73547644 -0.45904891 234 88 12
3.8023437 -0.73528456 -0.45855203 234 88 12
3.801224 -0.73509673 -0.45804086 234 88 12
3.8000896 -0.73487251 -0.45750775 234 88 12
3.7989769 -0.73468577 -0.45702791 234 88 12
3.7967337 -0.73435427 -0.45616308 234 88 12
3.7955819 -0.73422285 -0.4557155 234 88 12
3.7885619 -0.73319902 -0.45280598 234 88 12
3.784977 -0.73268629 -0.45132033 234 88 12
3.7837253 -0.73249016 -0.45076692 234 88 12
3.7802 -0.73198782 -0.44918916 234 88 12
3.7790349 -0.73180097 -0.44873512 234 88 12
3.7731553 -0.73063193 -0.44637052 234 88 12
3.8206435 -0.74363395 -0.46529861 234 88 12
3.8163495 -0.74140146 -0.46478268 234 88 12
3.8132383 -0.73984543 -0.46422473 234 88 12
3.8121764 -0.73936701 -0.46391439 234 88 12
3.8111305 -0.73891333 -0.4636241 234 88 12
3.8100449 -0.73846763 -0.46327858 234 88 12
3.8079298 -0.73765648 -0.4625437 234 88 12
3.8038126 -0.73647688 -0.46101996 234 88 12
3.8016373 -0.73606764 -0.46007499 234 88 12
3.7994326 -0.73563934 -0.45916783 234 88 12
3.798346 -0.73543065 -0.45869166 234 88 12
3.7961444 -0.73507862 -0.45779361 234 88 12
3.7880279 -0.73376936 -0.45449687 234 88 12
3.7869189 -0.73358903 -0.45408021 234 88 12
3.7857604 -0.73342798 -0.45362366 234 88 12
3.7820401 -0.7328605 -0.45200647 234 88 12
3.780868 -0.73269075 -0.45149463 234 88 12
3.7784869 -0.7322861 -0.45048809 234 88 12
3.7748682 -0.73155537 -0.44903383 234 88 12
3.7726357 -0.73115771 -0.44824633 234 88 12
3.7713512 -0.7308824 -0.44779725 234 88 12
3.7701987 -0.73064966 -0.44745872 234 88 12
3.8187661 -0.74409365 -0.46667054 234 88 12
3.8166158 -0.74292086 -0.46646262 234 88 12
3.8145154 -0.74181744 -0.46614827 234 88 12
3.8124892 -0.74076448 -0.46578024 234 88 12
3.8093377 -0.73938953 -0.46486155 234 88 12
3.8082626 -0.73894204 -0.46451094 234 88 12
3.806248 -0.73819472 -0.46377143 234 88 12
3.8031227 -0.73728378 -0.46264834 234 88 12
3.8021151 -0.73709061 -0.46219719 234 88 12
3.8010136 -0.73684458 -0.4617022 234 88 12
3.7987858 -0.73636696 -0.46074396 234 88 12
3.7976731 -0.73617968 -0.46028183 234 88 12
3.7897831 -0.73474578 -0.4571757 234 88 12
3.7874602 -0.73434306 -0.45619808 234 88 12
3.7863244 -0.73415143 -0.45575196 234 88 12
3.7840374 -0.73377529 -0.45488057 234 88 12
3.7816427 -0.73340102 -0.45383782 234 88 12
3.7804821 -0.73322946 -0.4533234 234 88 12
3.7792513 -0.73302205 -0.45279459 234 88 12
3.7754664 -0.73227256 -0.4512933 234 88 12
3.773164 -0.73183729 -0.45048533 234 88 12
3.7707693 -0.73140487 -0.44966137 234 88 12
3.7696656 -0.73120484 -0.44935053 234 88 12
3.8180122 -0.74512184 -0.46824574 234 88 12
3.8168955 -0.74449481 -0.46812335 234 88 12
3.8157585 -0.74388473 -0.46798035 234 88 12
3.8136796 -0.74269756 -0.46766479 234 88 12
3.8116499 -0.74164042 -0.46728816 234 88 12
3.8095627 -0.74067542 -0.46666919 234 88 12
3.8085663 -0.7402373 -0.46637597 234 88 12
3.8064529 -0.73935309 -0.46563048 234 88 12
3.8054398 -0.73899245 -0.46527531 234 88 12
3.8033994 -0.73835992 -0.46453125 234 88 12
3.8023449 -0.73805826 -0.4641281 234 88 12
3.7980845 -0.73712496 -0.4623066 234 88 12
3.7970151 -0.73692487 -0.46188917 234 88 12
3.7959395 -0.73673198 -0.46146942 234 88 12
3.7937815 -0.73631276 -0.4607009 234 88 12
3.7891755 -0.73531956 -0.4587989 234 88 12
3.781167 -0.73392976 -0.45554752 234 88 12
3.7774145 -0.73325038 -0.45395982 234 88 12
3.7761102 -0.73300601 -0.45344756 234 88 12
3.7749335 -0.73278027 -0.45304134 234 88 12
3.7737811 -0.73257465 -0.45266289 234 88 12
3.7725852 -0.73234315 -0.45227204 234 88 12
3.8098604 -0.74207374 -0.468531 234 88 12
3.8088004 -0.74155929 -0.46818472 234 88 12
3.8047247 -0.73980432 -0.46685508 234 88 12
3.8036221 -0.73944664 -0.46642922 234 88 12
3.8026454 -0.73916831 -0.46608014 234 88 12
3.8016484 -0.73889851 -0.46573196 234 88 12
3.8006279 -0.73864132 -0.46533547 234 88 12
3.79965 -0.7384046 -0.46493577 234 88 12
3.7985528 -0.73815652 -0.46442381 234 88 12
3.7931635 -0.73695588 -0.46233196 234 88 12
3.7920543 -0.73670488 -0.46186226 234 88 12
3.7908176 -0.7364222 -0.46134242 234 88 12
3.7897185 -0.73615911 -0.4609168 234 88 12
3.7828904 -0.73480318 -0.4581699 234 88 12
3.7817921 -0.73461048 -0.45775953 234 88 12
3.7782058 -0.73401772 -0.45625447 234 88 12
3.7756061 -0.73353334 -0.45524711 234 88 12
3.7744369 -0.73331092 -0.45483163 234 88 12
3.7719609 -0.73283416 -0.45400765 234 88 12
3.8049581 -0.74105389 -0.46875439 234 88 12
3.8039363 -0.74065281 -0.46837297 234 88 12
3.8018358 -0.73996633 -0.46758386 234 88 12
3.7989059 -0.73915537 -0.46646335 234 88 12
3.7979152 -0.73892867 -0.46604613 234 88 12
3.793628 -0.73789356 -0.46434726 234 88 12
3.7924447 -0.7375945 -0.46382861 234 88 12
3.7823419 -0.73533974 -0.45979998 234 88 12
3.7800778 -0.73497711 -0.45889532 234 88 12
3.7739151 -0.73388268 -0.45657873 234 88 12
3.772739 -0.73364852 -0.45623826 234 88 12
3.8061061 -0.74283037 -0.47077887 234 88 12
3.805091 -0.74234679 -0.47043037 234 88 12
3.8020468 -0.74109807 -0.4694569 234 88 12
3.7991963 -0.74021188 -0.46847037 234 88 12
3.7981864 -0.73993028 -0.46800952 234 88 12
3.7972206 -0.73967681 -0.46760428 234 88 12
3.7950948 -0.73913618 -0.4667194 234 88 12
3.7940539 -0.73889486 -0.46631604 234 88 12
3.7929985 -0.73859769 -0.46592508 234 88 12
3.7864167 -0.73690859 -0.46342779 234 88 12
3.7829521 -0.73613173 -0.4619638 234 88 12
3.781834 -0.73590303 -0.46149706 234 88 12
3.7795574 -0.73550682 -0.46062702 234 88 12
3.7783618 -0.73531318 -0.46018721 234 88 12
3.7759431 -0.73486884 -0.45928913 234 88 12
3.7746558 -0.73461427 -0.45879379 234 88 12
3.8022815 -0.74241234 -0.47127081 234 88 12
3.7964803 -0.74045718 -0.46913522 234 88 12
3.7943852 -0.73988167 -0.46828416 234 88 12
3.7933272 -0.73959344 -0.46783633 234 88 12
3.7922662 -0.73929541 -0.46745405 234 88 12
3.7889772 -0.73840065 -0.46619083 234 88 12
3.7869502 -0.73786239 -0.46545622 234 88 12
3.7848071 -0.73733505 -0.46462896 234 88 12
3.782415 -0.73674217 -0.46365428 234 88 12
3.780161 -0.73628321 -0.46272149 234 88 12
3.7777982 -0.735849 -0.46182695 234 88 12
3.7753981 -0.73540509 -0.4609565 234 88 12
3.7741174 -0.73515445 -0.46048987 234 88 12
3.8044907 -0.74480361 -0.47375259 234 88 12
3.8014422 -0.74328188 -0.47275331 234 88 12
3.8005631 -0.74292014 -0.47244679 234 88 12
3.7986169 -0.74222402 -0.47171053 234 88 12
3.7976826 -0.74189637 -0.47143773 234 88 12
3.7937602 -0.74065814 -0.46987712 234 88 12
3.7853289 -0.73826326 -0.46667744 234 88 12
3.7842194 -0.73796807 -0.46623755 234 88 12
3.7830864 -0.73768371 -0.46580875 234 88 12
3.7796744 -0.73693272 -0.46442758 234 88 12
3.7785119 -0.73667147 -0.46399042 234 88 12
3.7772723 -0.73640158 -0.46351658 234 88 12
3.7760317 -0.73613118 -0.46309718 234 88 12
3.8016172 -0.74472775 -0.47456006 234 88 12
3.8006117 -0.74425679 -0.47422759 234 88 12
3.7987756 -0.74348997 -0.473535 234 88 12
3.7978479 -0.74312261 -0.47318833 234 88 12
3.796907 -0.74276808 -0.47288036 234 88 12
3.7959409 -0.74242837 -0.47256379 234 88 12
3.7950249 -0.74212907 -0.47220244 234 88 12
3.7940556 -0.74178411 -0.47181687 234 88 12
3.793132 -0.74147387 -0.47148394 234 88 12
3.7919907 -0.74110678 -0.47101475 234 88 12
3.7908702 -0.74076584 -0.47056449 234 88 12
3.7897631 -0.74041722 -0.47006883 234 88 12
3.786685 -0.7395057 -0.46892746 234 88 12
3.7847092 -0.73894334 -0.46821273 234 88 12
3.780259 -0.73780987 -0.46651706 234 88 12
3.7791983 -0.73757509 -0.46616876 234 88 12
3.7754092 -0.736719 -0.46472617 234 88 12
3.7871542 -0.74050988 -0.47088437 234 88 12
3.7861812 -0.74024116 -0.47052457 234 88 12
3.7852047 -0.73994431 -0.47020467 234 88 12
3.7840827 -0.73962111 -0.46980672 234 88 12
3.7807208 -0.73870694 -0.468548 234 88 12
3.7786298 -0.73821645 -0.46783563 234 88 12
3.7774796 -0.73797798 -0.46741723 234 88 12
3.7762069 -0.73767558 -0.46692805 234 88 12
3.7896142 -0.74232526 -0.47363518 234 88 12
3.7885348 -0.74191058 -0.47320261 234 88 12
3.7875695 -0.7415578 -0.47285333 234 88 12
3.7866456 -0.74127009 -0.47253217 234 88 12
3.7835187 -0.74032433 -0.47138318 234 88 12
3.7799891 -0.73932549 -0.47006574 234 88 12
3.7755773 -0.73828635 -0.46858041 234 88 12
3.7743187 -0.73800481 -0.468075 234 88 12
3.7889968 -0.74309667 -0.47517723 234 88 12
3.7879463 -0.74267523 -0.47477384 234 88 12
3.785106 -0.74169977 -0.4737198 234 88 12
3.7829016 -0.74100639 -0.47293705 234 88 12
3.7816575 -0.74063267 -0.47248765 234 88 12
3.7804705 -0.74028571 -0.47204049 234 88 12
3.7760432 -0.73915151 -0.47055715 234 88 12
3.7749103 -0.73889527 -0.47018088 234 88 12
3.7904225 -0.74469956 -0.47752554 234 88 12
3.7894298 -0.74429105 -0.47712016 234 88 12
3.7833047 -0.74201433 -0.47483476 234 88 12
3.777607 -0.74034256 -0.47286465 234 88 12
3.7754002 -0.73979178 -0.47217051 234 88 12
3.7742934 -0.73953473 -0.47181959 234 88 12
3.7877256 -0.74466386 -0.47818927 234 88 12
3.7857603 -0.74382109 -0.47738988 234 88 12
3.7836949 -0.74308267 -0.47658977 234 88 12
3.7803767 -0.74200538 -0.47555166 234 88 12
3.7781876 -0.7413473 -0.47486723 234 88 12
3.7770064 -0.74102671 -0.47447435 234 88 12
3.7758221 -0.74068842 -0.47409274 234 88 12
3.788858 -0.74636175 -0.4802705 234 88 12
3.786975 -0.74542554 -0.47954323 234 88 12
3.7860471 -0.74498929 -0.47920133 234 88 12
3.7840371 -0.74413976 -0.47845713 234 88 12
3.7829438 -0.74374078 -0.47806585 234 88 12
3.7818177 -0.74333152 -0.4776839 234 88 12
3.7775623 -0.74203923 -0.47641221 234 88 12
3.7871328 -0.74671979 -0.48128371 234 88 12
3.7853266 -0.74576345 -0.48067159 234 88 12
3.7832997 -0.74484753 -0.47989903 234 88 12
3.781145 -0.74404604 -0.47921137 234 88 12
3.7800744 -0.74371345 -0.47886579 234 88 12
3.7778684 -0.74301575 -0.47818633 234 88 12
3.7768455 -0.7426752 -0.47789933 234 88 12
3.7757235 -0.74237173 -0.47755234 234 88 12
3.7745958 -0.74203987 -0.47718934 234 88 12
3.7844678 -0.74650236 -0.4820087 234 88 12
3.7835504 -0.74602762 -0.48166021 234 88 12
3.7825369 -0.74555652 -0.4813491 234 88 12
3.7804445 -0.74473856 -0.48073876 234 88 12
3.7794137 -0.74440102 -0.48041955 234 88 12
3.7771227 -0.74366817 -0.47964829 234 88 12
3.7862142 -0.74884233 -0.48418513 234 88 12
3.785356 -0.7483111 -0.48393465 234 88 12
3.7844624 -0.74774433 -0.48365521 234 88 12
3.7816573 -0.74629842 -0.48272017 234 88 12
3.7806803 -0.74584469 -0.4824564 234 88 12
3.7751411 -0.74393264 -0.48066038 234 88 12
3.7853061 -0.74968356 -0.48550426 234 88 12
3.7835903 -0.74856582 -0.48506916 234 88 12
3.7826565 -0.74803718 -0.48473709 234 88 12
3.776635 -0.74534642 -0.48294765 234 88 12
3.7755385 -0.74497265 -0.48256612 234 88 12
3.7826848 -0.74937455 -0.48647691 234 88 12
3.7817701 -0.74879312 -0.48617247 234 88 12
3.7808158 -0.74825243 -0.48586876 234 88 12
3.7798723 -0.74774295 -0.48561917 234 88 12
3.7768755 -0.74639348 -0.48466363 234 88 12
3.7757627 -0.74600338 -0.48430617 234 88 12
3.7747236 -0.74564632 -0.48402143 234 88 12
3.7735653 -0.74527638 -0.48363873 234 88 12
3.7739634 -0.74636675 -0.48558397 234 88 12
3.7808799 -0.75101897 -0.48934059 234 88 12
3.7800139 -0.75042257 -0.48910356 234 88 12
3.7751875 -0.74788047 -0.48767741 234 88 12
3.7742057 -0.74749414 -0.48740384 234 88 12
3.7732734 -0.74712032 -0.4871654 234 88 12
3.7791688 -0.75131035 -0.49066417 234 88 12
3.776276 -0.74959999 -0.4897589 234 88 12
3.7752434 -0.74909694 -0.48939587 234 88 12
3.7783067 -0.75223702 -0.49223925 234 88 12
3.7773798 -0.75160793 -0.49199294 234 88 12
3.7763992 -0.75098645 -0.49163814 234 88 12
3.7753314 -0.75041529 -0.49121706 234 88 12
3.7743289 -0.74990678 -0.4908684 234 88 12
3.7744021 -0.75129036 -0.49274655 234 88 12
3.7734449 -0.75076388 -0.4924505 234 88 12
3.777074 -0.7546614 -0.49540247 234 88 12
3.7762346 -0.75403626 -0.49515168 234 88 12
3.7754076 -0.75338817 -0.49494939 234 88 12
3.7743977 -0.7527337 -0.49456569 234 88 12
3.7717073 -0.75119204 -0.49377904 234 88 12
3.7685361 -0.74986326 -0.49281001 234 88 12
3.7768369 -0.75624231 -0.49699346 234 88 12
3.7760548 -0.75556391 -0.4968262 234 88 12
3.772578 -0.75308526 -0.49583451 234 88 12
3.771682 -0.75253338 -0.49560286 234 88 12
3.7707727 -0.75203785 -0.4953142 234 88 12
3.775016 -0.75646817 -0.4982136 234 88 12
3.7741026 -0.7557851 -0.49795325 234 88 12
3.7733208 -0.75513398 -0.49777893 234 88 12
3.7724216 -0.75450286 -0.49751391 234 88 12
3.769812 -0.75287935 -0.49686119 234 88 12
3.7667237 -0.75153716 -0.49591221 234 88 12
3.7731847 -0.75669256 -0.49946005 234 88 12
3.7723556 -0.75602787 -0.49923753 234 88 12
3.7677579 -0.75323597 -0.49797707 234 88 12
3.7704858 -0.75626125 -0.50050437 234 88 12
3.7696274 -0.75566953 -0.50029335 234 88 12
3.7677375 -0.75458693 -0.49971868 234 88 12
3.7658195 -0.7536246 -0.4991851 234 88 12
3.7702757 -0.75779483 -0.50204256 234 88 12
3.7694421 -0.7571166 -0.50183141 234 88 12
3.7676773 -0.75595073 -0.50139174 234 88 12
3.7666764 -0.75542193 -0.5010749 234 88 12
3.7657146 -0.75491389 -0.50081509 234 88 12
3.7674547 -0.75740542 -0.50292977 234 88 12
