object_id,policy,seed,step_index,history_anchor_ids,acquired_view_count_before,acquired_view_count_after,valid_candidate_mask,selected_anchor,selected_true_gain,oracle_true_gain,coverage_before,coverage_after,normalized_regret,spearman,ndcg_at_5,policy_ms,acquisition_ms
02691156/1628b65a9f3cd7c05e9e2656aff7dd5b,random,0,0,[0],1,2,"[false, true, true, true, true, true, true, true, true, true, true, true, true, true, true, true, true, true, true, true, true, true, true, true, true, true, true, true, true, true, true, true, true, true, true, true, true, true, true, true, true, true, true, true, true, true, true, true]",9,0.32929412921892537,0.34240813838295486,0.07964814603744022,0.4089422752563656,0.04585077267554851,0.18200740055504164,0.9486896981069904,8.821288000035565,0.4848339995078277
02691156/1628b65a9f3cd7c05e9e2656aff7dd5b,random,0,1,"[0, 9]",2,3,"[false, true, true, true, true, true, true, true, true, false, true, true, true, true, true, true, true, true, true, true, true, true, true, true, true, true, true, true, true, true, true, true, true, true, true, true, true, true, true, true, true, true, true, true, true, true, true, true]",21,0.2591618611408565,0.26301635483071734,0.4089422752563656,0.6681041363972222,0.01752127229296512,-0.03299414122725871,0.7503747792584915,0.15174800137174316,0.4141589997743722
02691156/1628b65a9f3cd7c05e9e2656aff7dd5b,random,0,2,"[0, 9, 21]",3,4,"[false, true, true, true, true, true, true, true, true, false, true, true, true, true, true, true, true, true, true, true, true, false, true, true, true, true, true, true, true, true, true, true, true, true, true, true, true, true, true, true, true, true, true, true, true, true, true, true]",23,0.09591728432475335,0.09591728432475335,0.6681041363972222,0.7640214207219755,0.0,0.20764163372859024,0.8464369431997819,0.2766050019999966,0.6863649978186004
02691156/1628b65a9f3cd7c05e9e2656aff7dd5b,random,0,3,"[0, 9, 21, 23]",4,5,"[false, true, true, true, true, true, true, true, true, false, true, true, true, true, true, true, true, true, true, true, true, false, true, false, true, true, true, true, true, true, true, true, true, true, true, true, true, true, true, true, true, true, true, true, true, true, true, true]",31,0.01534582247730715,0.08534988234075144,0.7640214207219755,0.7793672431992826,0.8915401464956738,-0.10063424947145878,0.28226504406649006,0.18863600053009577,0.584000998060219
02691156/1628b65a9f3cd7c05e9e2656aff7dd5b,random,0,4,"[0, 9, 21, 23, 31]",5,6,"[false, true, true, true, true, true, true, true, true, false, true, true, true, true, true, true, true, true, true, true, true, false, true, false, true, true, true, true, true, true, true, false, true, true, true, true, true, true, true, true, true, true, true, true, true, true, true, true]",29,0.04206273284222504,0.08380704062380843,0.7793672431992826,0.8214299760415076,0.5183358300899102,0.010419812745394141,0.5886662206954711,0.1636440028960351,0.5026280014135409
02691156/1628b65a9f3cd7c05e9e2656aff7dd5b,random,0,5,"[0, 9, 21, 23, 31, 29]",6,7,"[false, true, true, true, true, true, true, true, true, false, true, true, true, true, true, true, true, true, true, true, true, false, true, false, true, true, true, true, true, false, true, false, true, true, true, true, true, true, true, true, true, true, true, true, true, true, true, true]",40,0.010128770104703942,0.05725258732563307,0.8214299760415076,0.8315587461462116,0.8638297057044028,-0.005591119034113929,0.40713801300593694,0.17024099724949338,0.5384159994719084
02691156/1628b65a9f3cd7c05e9e2656aff7dd5b,random,0,6,"[0, 9, 21, 23, 31, 29, 40]",7,8,"[false, true, true, true, true, true, true, true, true, false, true, true, true, true, true, true, true, true, true, true, true, false, true, false, true, true, true, true, true, false, true, false, true, true, true, true, true, true, true, true, false, true, true, true, true, true, true, true]",2,0.0097088899268905,0.054050785240425586,0.8315587461462116,0.8412676360731021,0.8531516467549751,0.05818815331010452,0.2653353594340668,0.24531600138288923,0.6470799999078736
02691156/1628b65a9f3cd7c05e9e2656aff7dd5b,random,0,7,"[0, 9, 21, 23, 31, 29, 40, 2]",8,9,"[false, true, false, true, true, true, true, true, true, false, true, true, true, true, true, true, true, true, true, true, true, false, true, false, true, true, true, true, true, false, true, false, true, true, true, true, true, true, true, true, false, true, true, true, true, true, true, true]",25,0.022876791407837743,0.049394427611853496,0.8412676360731021,0.8641444274809398,0.5536911973283438,0.006941838649155723,0.404094651955559,0.3729719974217005,0.46094299977994524
02691156/1628b65a9f3cd7c05e9e2656aff7dd5b,random,0,8,"[0, 9, 21, 23, 31, 29, 40, 2, 25]",9,10,"[false, true, false, true, true, true, true, true, true, false, true, true, true, true, true, true, true, true, true, true, true, false, true, false, true, false, true, true, true, false, true, false, true, true, true, true, true, true, true, true, false, true, true, true, true, true, true, true]",17,0.0031045052200797995,0.03258031276069425,0.8641444274809398,0.8672489327010197,0.9380670551597723,-0.1459514170040486,0.20243233780209954,0.21182699856581166,0.5587090017797891
02691156/1628b65a9f3cd7c05e9e2656aff7dd5b,farthest,0,0,[0],1,2,"[false, true, true, true, true, true, true, true, true, true, true, true, true, true, true, true, true, true, true, true, true, true, true, true, true, true, true, true, true, true, true, true, true, true, true, true, true, true, true, true, true, true, true, true, true, true, true, true]",46,0.05639312928416302,0.34240813838295486,0.07964814603744022,0.13604127532160326,0.9999999999965038,-0.10319596330553903,0.4371340054513542,0.07907300096121617,0.5354180029826239
02691156/1628b65a9f3cd7c05e9e2656aff7dd5b,farthest,0,1,"[0, 46]",2,3,"[false, true, true, true, true, true, true, true, true, true, true, true, true, true, true, true, true, true, true, true, true, true, true, true, true, true, true, true, true, true, true, true, true, true, true, true, true, true, true, true, true, true, true, true, true, true, false, true]",18,0.32502364048276977,0.32502364048276977,0.13604127532160326,0.4610649158043729,0.0,0.6317229193187744,0.8449686350933692,0.08527099998900667,0.5880989992874674
02691156/1628b65a9f3cd7c05e9e2656aff7dd5b,farthest,0,2,"[0, 46, 18]",3,4,"[false, true, true, true, true, true, true, true, true, true, true, true, true, true, true, true, true, true, false, true, true, true, true, true, true, true, true, true, true, true, true, true, true, true, true, true, true, true, true, true, true, true, true, true, true, true, false, true]",28,0.16111589102901636,0.24368850560217037,0.4610649158043729,0.6221808068333894,0.36997856023443454,0.6748223223560335,0.8080902723780018,0.08427099965047091,0.4113589966436848
02691156/1628b65a9f3cd7c05e9e2656aff7dd5b,farthest,0,3,"[0, 46, 18, 28]",4,5,"[false, true, true, true, true, true, true, true, true, true, true, true, true, true, true, true, true, true, false, true, true, true, true, true, true, true, true, true, false, true, true, true, true, true, true, true, true, true, true, true, true, true, true, true, true, true, false, true]",16,0.11731840315244982,0.20031739895029527,0.6221808068333894,0.7394992099858392,0.4377509211806572,0.6421646335064833,0.8398105845194269,0.07957199704833329,0.5264209976303391
02691156/1628b65a9f3cd7c05e9e2656aff7dd5b,farthest,0,4,"[0, 46, 18, 28, 16]",5,6,"[false, true, true, true, true, true, true, true, true, true, true, true, true, true, true, true, false, true, false, true, true, true, true, true, true, true, true, true, false, true, true, true, true, true, true, true, true, true, true, true, true, true, true, true, true, true, false, true]",30,0.10728239318866184,0.11059739468691163,0.7394992099858392,0.846781603174501,0.03230592678324245,0.5229494999942593,0.9825851192195576,0.1603459968464449,0.9002920014609117
02691156/1628b65a9f3cd7c05e9e2656aff7dd5b,farthest,0,5,"[0, 46, 18, 28, 16, 30]",6,7,"[false, true, true, true, true, true, true, true, true, true, true, true, true, true, true, true, false, true, false, true, true, true, true, true, true, true, true, true, false, true, false, true, true, true, true, true, true, true, true, true, true, true, true, true, true, true, false, true]",2,0.011787709558315514,0.018476832588938695,0.846781603174501,0.8585693127328164,0.531361085512933,0.1887353552740702,0.5871964603557348,0.3642760020738933,0.02499099718988873
02691156/1628b65a9f3cd7c05e9e2656aff7dd5b,farthest,0,6,"[0, 46, 18, 28, 16, 30, 2]",7,8,"[false, true, false, true, true, true, true, true, true, true, true, true, true, true, true, true, false, true, false, true, true, true, true, true, true, true, true, true, false, true, false, true, true, true, true, true, true, true, true, true, true, true, true, true, true, true, false, true]",44,0.00785494099300292,0.015800139676903434,0.8585693127328164,0.8664242537258193,0.7241289046287841,0.2956374867980981,0.5773094041417662,0.0812719990790356,1.2606689997483045
02691156/1628b65a9f3cd7c05e9e2656aff7dd5b,farthest,0,7,"[0, 46, 18, 28, 16, 30, 2, 44]",8,9,"[false, true, false, true, true, true, true, true, true, true, true, true, true, true, true, true, false, true, false, true, true, true, true, true, true, true, true, true, false, true, false, true, true, true, true, true, true, true, true, true, true, true, true, true, false, true, false, true]",13,0.006662844548599653,0.014592170863870362,0.8664242537258193,0.873087098274419,0.749790045307721,0.31156052366054443,0.5617269734989597,0.11356100003467873,3.0878459983796347
02691156/1628b65a9f3cd7c05e9e2656aff7dd5b,farthest,0,8,"[0, 46, 18, 28, 16, 30, 2, 44, 13]",9,10,"[false, true, false, true, true, true, true, true, true, true, true, true, true, false, true, true, false, true, false, true, true, true, true, true, true, true, true, true, false, true, false, true, true, true, true, true, true, true, true, true, true, true, true, true, false, true, false, true]",33,0.005966751088219701,0.012784903146744221,0.873087098274419,0.8790538493626388,0.6594225284561941,0.39539304413690374,0.6221889724625413,0.37337200046749786,1.4034209998499136
02691156/1628b65a9f3cd7c05e9e2656aff7dd5b,oracle,0,0,[0],1,2,"[false, true, true, true, true, true, true, true, true, true, true, true, true, true, true, true, true, true, true, true, true, true, true, true, true, true, true, true, true, true, true, true, true, true, true, true, true, true, true, true, true, true, true, true, true, true, true, true]",18,0.34240813838295486,0.34240813838295486,0.07964814603744022,0.4220562844203951,0.0,1.0,1.0,0.004297999112168327,0.02259299799334258
02691156/1628b65a9f3cd7c05e9e2656aff7dd5b,oracle,0,1,"[0, 18]",2,3,"[false, true, true, true, true, true, true, true, true, true, true, true, true, true, true, true, true, true, false, true, true, true, true, true, true, true, true, true, true, true, true, true, true, true, true, true, true, true, true, true, true, true, true, true, true, true, true, true]",22,0.26499243286659635,0.26499243286659635,0.4220562844203951,0.6870487172869916,0.0,0.9999999999999999,1.0,0.0025989975256379694,0.47283900130423717
02691156/1628b65a9f3cd7c05e9e2656aff7dd5b,oracle,0,2,"[0, 18, 22]",3,4,"[false, true, true, true, true, true, true, true, true, true, true, true, true, true, true, true, true, true, false, true, true, true, false, true, true, true, true, true, true, true, true, true, true, true, true, true, true, true, true, true, true, true, true, true, true, true, true, true]",28,0.12344606540464588,0.12344606540464588,0.6870487172869916,0.8104947826916373,0.0,0.9999999999999999,1.0,0.0015990008250810206,0.015395002264995128
02691156/1628b65a9f3cd7c05e9e2656aff7dd5b,oracle,0,3,"[0, 18, 22, 28]",4,5,"[false, true, true, true, true, true, true, true, true, true, true, true, true, true, true, true, true, true, false, true, true, true, false, true, true, true, true, true, false, true, true, true, true, true, true, true, true, true, true, true, true, true, true, true, true, true, true, true]",32,0.0367726495883883,0.0367726495883883,0.8104947826916373,0.8472674322800257,0.0,1.0,1.0,0.0018999999156221747,0.3419839995331131
02691156/1628b65a9f3cd7c05e9e2656aff7dd5b,oracle,0,4,"[0, 18, 22, 28, 32]",5,6,"[false, true, true, true, true, true, true, true, true, true, true, true, true, true, true, true, true, true, false, true, true, true, false, true, true, true, true, true, false, true, true, true, false, true, true, true, true, true, true, true, true, true, true, true, true, true, true, true]",37,0.019139793444758815,0.019139793444758815,0.8472674322800257,0.8664072257247846,0.0,1.0,1.0,0.0022989988792687654,0.331687002471881
02691156/1628b65a9f3cd7c05e9e2656aff7dd5b,oracle,0,5,"[0, 18, 22, 28, 32, 37]",6,7,"[false, true, true, true, true, true, true, true, true, true, true, true, true, true, true, true, true, true, false, true, true, true, false, true, true, true, true, true, false, true, true, true, false, true, true, true, true, false, true, true, true, true, true, true, true, true, true, true]",19,0.013907760225048658,0.013907760225048658,0.8664072257247846,0.8803149859498332,0.0,1.0,1.0,0.0021000014385208488,0.312893000227632
02691156/1628b65a9f3cd7c05e9e2656aff7dd5b,oracle,0,6,"[0, 18, 22, 28, 32, 37, 19]",7,8,"[false, true, true, true, true, true, true, true, true, true, true, true, true, true, true, true, true, true, false, false, true, true, false, true, true, true, true, true, false, true, true, true, false, true, true, true, true, false, true, true, true, true, true, true, true, true, true, true]",17,0.010771335285814476,0.010771335285814476,0.8803149859498332,0.8910863212356477,0.0,0.9999999999999999,1.0,0.0018999999156221747,0.016394002159358934
02691156/1628b65a9f3cd7c05e9e2656aff7dd5b,oracle,0,7,"[0, 18, 22, 28, 32, 37, 19, 17]",8,9,"[false, true, true, true, true, true, true, true, true, true, true, true, true, true, true, true, true, false, false, false, true, true, false, true, true, true, true, true, false, true, true, true, false, true, true, true, true, false, true, true, true, true, true, true, true, true, true, true]",38,0.006043854898305964,0.006043854898305964,0.8910863212356477,0.8971301761339536,0.0,1.0,1.0,0.0018989994714502245,0.33958399944822304
02691156/1628b65a9f3cd7c05e9e2656aff7dd5b,oracle,0,8,"[0, 18, 22, 28, 32, 37, 19, 17, 38]",9,10,"[false, true, true, true, true, true, true, true, true, true, true, true, true, true, true, true, true, false, false, false, true, true, false, true, true, true, true, true, false, true, true, true, false, true, true, true, true, false, false, true, true, true, true, true, true, true, true, true]",26,0.0046005804804456,0.0046005804804456,0.8971301761339536,0.9017307566143992,0.0,1.0,1.0,0.006097998266341165,0.7705370007897727
02691156/162ed8d0d989f3acc1ccec171a275967,random,0,0,[0],1,2,"[false, true, true, true, true, true, true, true, true, true, true, true, true, true, true, true, true, true, true, true, true, true, true, true, true, true, true, true, true, true, true, true, true, true, true, true, true, true, true, true, true, true, true, true, true, true, true, true]",13,0.26850001060133094,0.3482213622020308,0.14497312553920544,0.4134731361405364,0.32594407239247164,-0.23658649398704903,0.719887081450337,0.14185199688654393,0.40166300095734186
02691156/162ed8d0d989f3acc1ccec171a275967,random,0,1,"[0, 13]",2,3,"[false, true, true, true, true, true, true, true, true, true, true, true, true, false, true, true, true, true, true, true, true, true, true, true, true, true, true, true, true, true, true, true, true, true, true, true, true, true, true, true, true, true, true, true, true, true, true, true]",16,0.1588311228038932,0.2692958695611726,0.4134731361405364,0.5723042589444296,0.4885574315557815,0.33888374961455436,0.7579288549949411,0.11416100096539594,0.44454800081439316
02691156/162ed8d0d989f3acc1ccec171a275967,random,0,2,"[0, 13, 16]",3,4,"[false, true, true, true, true, true, true, true, true, true, true, true, true, false, true, true, false, true, true, true, true, true, true, true, true, true, true, true, true, true, true, true, true, true, true, true, true, true, true, true, true, true, true, true, true, true, true, true]",3,0.18382089628670262,0.2280095074003517,0.5723042589444296,0.7561251552311321,0.22944146646456773,0.04822134387351778,0.50979872823108,0.13565300105256028,0.38716799826943316
02691156/162ed8d0d989f3acc1ccec171a275967,random,0,3,"[0, 13, 16, 3]",4,5,"[false, true, true, false, true, true, true, true, true, true, true, true, true, false, true, true, false, true, true, true, true, true, true, true, true, true, true, true, true, true, true, true, true, true, true, true, true, true, true, true, true, true, true, true, true, true, true, true]",46,0.03311896965621351,0.08259568294917764,0.7561251552311321,0.7892441248873456,0.7943385556054489,-0.2057787174066244,0.4356889353333548,0.10026599920820445,0.46514100176864304
02691156/162ed8d0d989f3acc1ccec171a275967,random,0,4,"[0, 13, 16, 3, 46]",5,6,"[false, true, true, false, true, true, true, true, true, true, true, true, true, false, true, true, false, true, true, true, true, true, true, true, true, true, true, true, true, true, true, true, true, true, true, true, true, true, true, true, true, true, true, true, true, true, false, true]",43,0.03953157355124758,0.06353058616334908,0.7892441248873456,0.8287756984385932,0.5527799073029903,-0.00558743581999396,0.6426341294542974,0.2414170012343675,0.6558759996551089
02691156/162ed8d0d989f3acc1ccec171a275967,random,0,5,"[0, 13, 16, 3, 46, 43]",6,7,"[false, true, true, false, true, true, true, true, true, true, true, true, true, false, true, true, false, true, true, true, true, true, true, true, true, true, true, true, true, true, true, true, true, true, true, true, true, true, true, true, true, true, true, false, true, true, false, true]",44,0.0136026331750243,0.04174784669467002,0.8287756984385932,0.8423783316136175,0.7685560429224617,0.28709180779515436,0.6929399311268309,0.1511490008851979,0.4977309981768485
02691156/162ed8d0d989f3acc1ccec171a275967,random,0,6,"[0, 13, 16, 3, 46, 43, 44]",7,8,"[false, true, true, false, true, true, true, true, true, true, true, true, true, false, true, true, false, true, true, true, true, true, true, true, true, true, true, true, true, true, true, true, true, true, true, true, true, true, true, true, true, true, true, false, false, true, false, true]",28,0.0061634224043376155,0.039859154825263775,0.8423783316136175,0.8485417540179552,0.9061315065536277,-0.26515679442508705,0.3654844815519396,0.13845200010109693,0.6129909997980576
02691156/162ed8d0d989f3acc1ccec171a275967,random,0,7,"[0, 13, 16, 3, 46, 43, 44, 28]",8,9,"[false, true, true, false, true, true, true, true, true, true, true, true, true, false, true, true, false, true, true, true, true, true, true, true, true, true, true, true, false, true, true, true, true, true, true, true, true, true, true, true, true, true, true, false, false, true, false, true]",47,0.008360117082675826,0.03856606378324718,0.8485417540179552,0.8569018711006311,0.8206473470117734,0.005440900562851783,0.6064988662308934,0.19163400065735914,0.5928980026510544
02691156/162ed8d0d989f3acc1ccec171a275967,random,0,8,"[0, 13, 16, 3, 46, 43, 44, 28, 47]",9,10,"[false, true, true, false, true, true, true, true, true, true, true, true, true, false, true, true, false, true, true, true, true, true, true, true, true, true, true, true, false, true, true, true, true, true, true, true, true, true, true, true, true, true, true, false, false, true, false, false]",40,0.0283219251945529,0.03756696614319349,0.8569018711006311,0.8852237962951839,0.257447803857519,-0.010931174089068825,0.5278866893810782,0.20932799816364422,0.6151900015538558
02691156/162ed8d0d989f3acc1ccec171a275967,farthest,0,0,[0],1,2,"[false, true, true, true, true, true, true, true, true, true, true, true, true, true, true, true, true, true, true, true, true, true, true, true, true, true, true, true, true, true, true, true, true, true, true, true, true, true, true, true, true, true, true, true, true, true, true, true]",46,0.10363537843122961,0.3482213622020308,0.14497312553920544,0.24860850397043505,0.9999999999959114,0.02389009688631593,0.57141427119258,0.07187500159488991,0.015395002264995128
02691156/162ed8d0d989f3acc1ccec171a275967,farthest,0,1,"[0, 46]",2,3,"[false, true, true, true, true, true, true, true, true, true, true, true, true, true, true, true, true, true, true, true, true, true, true, true, true, true, true, true, true, true, true, true, true, true, true, true, true, true, true, true, true, true, true, true, true, true, false, true]",18,0.2891768761743888,0.304457102423609,0.24860850397043505,0.5377853801448238,0.11188490684479623,0.44064928451993135,0.8193546781289323,0.08377199992537498,1.3897259996156208
02691156/162ed8d0d989f3acc1ccec171a275967,farthest,0,2,"[0, 46, 18]",3,4,"[false, true, true, true, true, true, true, true, true, true, true, true, true, true, true, true, true, true, false, true, true, true, true, true, true, true, true, true, true, true, true, true, true, true, true, true, true, true, true, true, true, true, true, true, true, true, false, true]",28,0.15116563205474245,0.21941303736908455,0.5377853801448238,0.6889510121995663,0.34918229564357983,0.6181749682170876,0.8142532802911161,0.07647399979759939,0.012994998542126268
02691156/162ed8d0d989f3acc1ccec171a275967,farthest,0,3,"[0, 46, 18, 28]",4,5,"[false, true, true, true, true, true, true, true, true, true, true, true, true, true, true, true, true, true, false, true, true, true, true, true, true, true, true, true, false, true, true, true, true, true, true, true, true, true, true, true, true, true, true, true, true, true, false, true]",16,0.11135355491848921,0.14989309665178405,0.6889510121995663,0.8003045671180554,0.2990965590721689,0.6978946192771218,0.8736864776718721,0.10746300176833756,0.013995002518640831
02691156/162ed8d0d989f3acc1ccec171a275967,farthest,0,4,"[0, 46, 18, 28, 16]",5,6,"[false, true, true, true, true, true, true, true, true, true, true, true, true, true, true, true, false, true, false, true, true, true, true, true, true, true, true, true, false, true, true, true, true, true, true, true, true, true, true, true, true, true, true, true, true, true, false, true]",30,0.05997873940729853,0.06132395881357126,0.8003045671180554,0.8602833065253541,0.028963660400458776,0.641891021609495,0.9885393928401064,0.0667770000291057,1.0838299967872445
02691156/162ed8d0d989f3acc1ccec171a275967,farthest,0,5,"[0, 46, 18, 28, 16, 30]",6,7,"[false, true, true, true, true, true, true, true, true, true, true, true, true, true, true, true, false, true, false, true, true, true, true, true, true, true, true, true, false, true, false, true, true, true, true, true, true, true, true, true, true, true, true, true, true, true, false, true]",2,0.02518446733807351,0.032086286667719774,0.8602833065253541,0.8854677738634276,0.27273614137164653,0.24839588532194595,0.633001974047617,0.07257499964907765,0.7383480005955789
02691156/162ed8d0d989f3acc1ccec171a275967,farthest,0,6,"[0, 46, 18, 28, 16, 30, 2]",7,8,"[false, true, false, true, true, true, true, true, true, true, true, true, true, true, true, true, false, true, false, true, true, true, true, true, true, true, true, true, false, true, false, true, true, true, true, true, true, true, true, true, true, true, true, true, true, true, false, true]",44,0.009067050528835448,0.024920540287282102,0.8854677738634276,0.8945348243922631,0.6931581388484807,0.3466576677348857,0.5042121137335714,0.06367799869622104,0.014395001926459372
02691156/162ed8d0d989f3acc1ccec171a275967,farthest,0,7,"[0, 46, 18, 28, 16, 30, 2, 44]",8,9,"[false, true, false, true, true, true, true, true, true, true, true, true, true, true, true, true, false, true, false, true, true, true, true, true, true, true, true, true, false, true, false, true, true, true, true, true, true, true, true, true, true, true, true, true, false, true, false, true]",13,0.0035347148837980217,0.02335069449688263,0.8945348243922631,0.898069539276061,0.9255602338362902,0.3919450213058933,0.48642629615894645,0.0767739984439686,0.012995998986298218
02691156/162ed8d0d989f3acc1ccec171a275967,farthest,0,8,"[0, 46, 18, 28, 16, 30, 2, 44, 13]",9,10,"[false, true, false, true, true, true, true, true, true, true, true, true, true, false, true, true, false, true, false, true, true, true, true, true, true, true, true, true, false, true, false, true, true, true, true, true, true, true, true, true, true, true, true, true, false, true, false, true]",33,0.008306614064373418,0.023137167590791256,0.898069539276061,0.9063761533404344,0.6788322246285461,0.4627976606470203,0.602199382395361,0.06747699808329344,1.0383459994045552
02691156/162ed8d0d989f3acc1ccec171a275967,oracle,0,0,[0],1,2,"[false, true, true, true, true, true, true, true, true, true, true, true, true, true, true, true, true, true, true, true, true, true, true, true, true, true, true, true, true, true, true, true, true, true, true, true, true, true, true, true, true, true, true, true, true, true, true, true]",37,0.3482213622020308,0.3482213622020308,0.14497312553920544,0.4931944877412363,0.0,1.0,1.0,0.003698001819429919,0.45454499922925606
02691156/162ed8d0d989f3acc1ccec171a275967,oracle,0,1,"[0, 37]",2,3,"[false, true, true, true, true, true, true, true, true, true, true, true, true, true, true, true, true, true, true, true, true, true, true, true, true, true, true, true, true, true, true, true, true, true, true, true, true, false, true, true, true, true, true, true, true, true, true, true]",25,0.2490923412223358,0.2490923412223358,0.4931944877412363,0.742286828963572,0.0,0.9999999999999999,1.0,0.0026989982870873064,0.3920659983123187
02691156/162ed8d0d989f3acc1ccec171a275967,oracle,0,2,"[0, 37, 25]",3,4,"[false, true, true, true, true, true, true, true, true, true, true, true, true, true, true, true, true, true, true, true, true, true, true, true, true, false, true, true, true, true, true, true, true, true, true, true, true, false, true, true, true, true, true, true, true, true, true, true]",31,0.08424613983756815,0.08424613983756815,0.742286828963572,0.8265329688011402,0.0,0.9999999999999999,1.0,0.0020989973563700914,0.32488899887539446
02691156/162ed8d0d989f3acc1ccec171a275967,oracle,0,3,"[0, 37, 25, 31]",4,5,"[false, true, true, true, true, true, true, true, true, true, true, true, true, true, true, true, true, true, true, true, true, true, true, true, true, false, true, true, true, true, true, false, true, true, true, true, true, false, true, true, true, true, true, true, true, true, true, true]",35,0.06246194340862666,0.06246194340862666,0.8265329688011402,0.8889949122097669,0.0,1.0,1.0,0.0022989988792687654,0.31499299802817404
02691156/162ed8d0d989f3acc1ccec171a275967,oracle,0,4,"[0, 37, 25, 31, 35]",5,6,"[false, true, true, true, true, true, true, true, true, true, true, true, true, true, true, true, true, true, true, true, true, true, true, true, true, false, true, true, true, true, true, false, true, true, true, false, true, false, true, true, true, true, true, true, true, true, true, true]",24,0.01965663765422007,0.01965663765422007,0.8889949122097669,0.908651549863987,0.0,1.0,1.0,0.003999000909971073,0.3942660005122889
02691156/162ed8d0d989f3acc1ccec171a275967,oracle,0,5,"[0, 37, 25, 31, 35, 24]",6,7,"[false, true, true, true, true, true, true, true, true, true, true, true, true, true, true, true, true, true, true, true, true, true, true, true, false, false, true, true, true, true, true, false, true, true, true, false, true, false, true, true, true, true, true, true, true, true, true, true]",47,0.01139305719290231,0.01139305719290231,0.908651549863987,0.9200446070568893,0.0,1.0,1.0,0.0020990009943488985,0.01909400089061819
02691156/162ed8d0d989f3acc1ccec171a275967,oracle,0,6,"[0, 37, 25, 31, 35, 24, 47]",7,8,"[false, true, true, true, true, true, true, true, true, true, true, true, true, true, true, true, true, true, true, true, true, true, true, true, false, false, true, true, true, true, true, false, true, true, true, false, true, false, true, true, true, true, true, true, true, true, true, false]",10,0.008146796177864835,0.008146796177864835,0.9200446070568893,0.9281914032347541,0.0,0.9999999999999999,1.0,0.0020990009943488985,0.3686739983095322
02691156/162ed8d0d989f3acc1ccec171a275967,oracle,0,7,"[0, 37, 25, 31, 35, 24, 47, 10]",8,9,"[false, true, true, true, true, true, true, true, true, true, false, true, true, true, true, true, true, true, true, true, true, true, true, true, false, false, true, true, true, true, true, false, true, true, true, false, true, false, true, true, true, true, true, true, true, true, true, false]",38,0.006373410715384217,0.006373410715384217,0.9281914032347541,0.9345648139501384,0.0,1.0,1.0,0.0018990031094290316,0.3801709972321987
02691156/162ed8d0d989f3acc1ccec171a275967,oracle,0,8,"[0, 37, 25, 31, 35, 24, 47, 10, 38]",9,10,"[false, true, true, true, true, true, true, true, true, true, false, true, true, true, true, true, true, true, true, true, true, true, true, true, false, false, true, true, true, true, true, false, true, true, true, false, true, false, false, true, true, true, true, true, true, true, true, false]",27,0.005444352155190637,0.005444352155190637,0.9345648139501384,0.9400091661053289,0.0,1.0,1.0,0.0023989996407181025,0.5594089998339768
02691156/1659db64bbf46bcdc1955ee4b5680e91,random,0,0,[0],1,2,"[false, true, true, true, true, true, true, true, true, true, true, true, true, true, true, true, true, true, true, true, true, true, true, true, true, true, true, true, true, true, true, true, true, true, true, true, true, true, true, true, true, true, true, true, true, true, true, true]",28,0.19095863609583139,0.2952956159403969,0.09615501137793364,0.287113647473765,0.48270519488316055,-0.19310823311748382,0.7328722092505939,0.1902350013551768,0.469340000563534
02691156/1659db64bbf46bcdc1955ee4b5680e91,random,0,1,"[0, 28]",2,3,"[false, true, true, true, true, true, true, true, true, true, true, true, true, true, true, true, true, true, true, true, true, true, true, true, true, true, true, true, false, true, true, true, true, true, true, true, true, true, true, true, true, true, true, true, true, true, true, true]",47,0.044371213977080576,0.2663224968936888,0.287113647473765,0.3314848614508456,0.9999999999954945,0.14326241134751772,0.5168693429973965,0.14025199925526977,0.4119590012123808
02691156/1659db64bbf46bcdc1955ee4b5680e91,random,0,2,"[0, 28, 47]",3,4,"[false, true, true, true, true, true, true, true, true, true, true, true, true, true, true, true, true, true, true, true, true, true, true, true, true, true, true, true, false, true, true, true, true, true, true, true, true, true, true, true, true, true, true, true, true, true, true, false]",38,0.18245115189426336,0.25594279504853557,0.3314848614508456,0.513936013345109,0.3146045170096146,0.26047430830039525,0.8329003864672742,0.11136199827888049,0.33838499803096056
02691156/1659db64bbf46bcdc1955ee4b5680e91,random,0,3,"[0, 28, 47, 38]",4,5,"[false, true, true, true, true, true, true, true, true, true, true, true, true, true, true, true, true, true, true, true, true, true, true, true, true, true, true, true, false, true, true, true, true, true, true, true, true, true, false, true, true, true, true, true, true, true, true, false]",21,0.01925832415807848,0.19904296292295953,0.513936013345109,0.5331943375031875,0.9658451484142196,0.07357293868921777,0.2060462574936364,0.10456399832037278,0.37397200139821507
02691156/1659db64bbf46bcdc1955ee4b5680e91,random,0,4,"[0, 28, 47, 38, 21]",5,6,"[false, true, true, true, true, true, true, true, true, true, true, true, true, true, true, true, true, true, true, true, true, false, true, true, true, true, true, true, false, true, true, true, true, true, true, true, true, true, false, true, true, true, true, true, true, true, true, false]",26,0.1410001347740485,0.19202285556538912,0.5331943375031875,0.674194472277236,0.2778649959593837,-0.051646028390214434,0.6372579348471014,0.09996600056183524,0.3766709996853024
02691156/1659db64bbf46bcdc1955ee4b5680e91,random,0,5,"[0, 28, 47, 38, 21, 26]",6,7,"[false, true, true, true, true, true, true, true, true, true, true, true, true, true, true, true, true, true, true, true, true, false, true, true, true, true, false, true, false, true, true, true, true, true, true, true, true, true, false, true, true, true, true, true, true, true, true, false]",10,0.02212256755950711,0.09248832376929197,0.674194472277236,0.6963170398367431,0.8083998563290423,-0.11368608702698323,0.3391930127016777,0.12495799819589593,0.43325199658283964
02691156/1659db64bbf46bcdc1955ee4b5680e91,random,0,6,"[0, 28, 47, 38, 21, 26, 10]",7,8,"[false, true, true, true, true, true, true, true, true, true, false, true, true, true, true, true, true, true, true, true, true, false, true, true, true, true, false, true, false, true, true, true, true, true, true, true, true, true, false, true, true, true, true, true, true, true, true, false]",41,0.014695338529859728,0.08078014610415138,0.6963170398367431,0.7110123783666027,0.8724447769496366,-0.06097560975609755,0.3730339364736623,0.1497490011388436,0.3780709994316567
02691156/1659db64bbf46bcdc1955ee4b5680e91,random,0,7,"[0, 28, 47, 38, 21, 26, 10, 41]",8,9,"[false, true, true, true, true, true, true, true, true, true, false, true, true, true, true, true, true, true, true, true, true, false, true, true, true, true, false, true, false, true, true, true, true, true, true, true, true, true, false, true, true, false, true, true, true, true, true, false]",13,0.00729468369321459,0.07053596941026069,0.7110123783666027,0.7183070620598173,0.9238244914286521,-0.08686679174484052,0.21304917839707246,0.15494699982809834,0.5103259973111562
02691156/1659db64bbf46bcdc1955ee4b5680e91,random,0,8,"[0, 28, 47, 38, 21, 26, 10, 41, 13]",9,10,"[false, true, true, true, true, true, true, true, true, true, false, true, true, false, true, true, true, true, true, true, true, false, true, true, true, true, false, true, false, true, true, true, true, true, true, true, true, true, false, true, true, false, true, true, true, true, true, false]",11,0.006362315479206692,0.07000431453119305,0.7183070620598173,0.724669377539024,0.9369548315486739,-0.03562753036437247,0.4304811930465753,0.15324799824156798,0.37857099960092455
02691156/1659db64bbf46bcdc1955ee4b5680e91,farthest,0,0,[0],1,2,"[false, true, true, true, true, true, true, true, true, true, true, true, true, true, true, true, true, true, true, true, true, true, true, true, true, true, true, true, true, true, true, true, true, true, true, true, true, true, true, true, true, true, true, true, true, true, true, true]",46,0.0791450939445901,0.2952956159403969,0.09615501137793364,0.17530010532252374,0.9999999999953736,0.09249458818697136,0.49457572296488345,0.09536700235912576,1.2979569983144756
02691156/1659db64bbf46bcdc1955ee4b5680e91,farthest,0,1,"[0, 46]",2,3,"[false, true, true, true, true, true, true, true, true, true, true, true, true, true, true, true, true, true, true, true, true, true, true, true, true, true, true, true, true, true, true, true, true, true, true, true, true, true, true, true, true, true, true, true, true, true, false, true]",18,0.25727746423608355,0.27846780202966864,0.17530010532252374,0.4325775695586073,0.1208581896823806,0.5199698623025742,0.7723755588392002,0.06967599983909167,0.9626719984225929
02691156/1659db64bbf46bcdc1955ee4b5680e91,farthest,0,2,"[0, 46, 18]",3,4,"[false, true, true, true, true, true, true, true, true, true, true, true, true, true, true, true, true, true, false, true, true, true, true, true, true, true, true, true, true, true, true, true, true, true, true, true, true, true, true, true, true, true, true, true, true, true, false, true]",28,0.13069797008267015,0.18329350525655627,0.4325775695586073,0.5632755396412774,0.31514672237066677,0.699486013215132,0.8254040626389544,0.12545700155897066,0.01539499862701632
02691156/1659db64bbf46bcdc1955ee4b5680e91,farthest,0,3,"[0, 46, 18, 28]",4,5,"[false, true, true, true, true, true, true, true, true, true, true, true, true, true, true, true, true, true, false, true, true, true, true, true, true, true, true, true, false, true, true, true, true, true, true, true, true, true, true, true, true, true, true, true, true, true, false, true]",16,0.11191069591013326,0.15739375880794587,0.5632755396412774,0.6751862355514107,0.3117474307456476,0.6977535307055506,0.8376182375173525,0.14045200077816844,1.26186899797176
02691156/1659db64bbf46bcdc1955ee4b5680e91,farthest,0,4,"[0, 46, 18, 28, 16]",5,6,"[false, true, true, true, true, true, true, true, true, true, true, true, true, true, true, true, false, true, false, true, true, true, true, true, true, true, true, true, false, true, true, true, true, true, true, true, true, true, true, true, true, true, true, true, true, true, false, true]",30,0.07970208975402213,0.07970208975402213,0.6751862355514107,0.7548883253054328,0.0,0.6072596059071568,0.9979971991679414,0.08537000030628406,0.39716500032227486
02691156/1659db64bbf46bcdc1955ee4b5680e91,farthest,0,5,"[0, 46, 18, 28, 16, 30]",6,7,"[false, true, true, true, true, true, true, true, true, true, true, true, true, true, true, true, false, true, false, true, true, true, true, true, true, true, true, true, false, true, false, true, true, true, true, true, true, true, true, true, true, true, true, true, true, true, false, true]",2,0.0068606869692218325,0.015023970929220434,0.7548883253054328,0.7617490122746546,0.7662755579063993,0.38023427733509924,0.6374638430583915,0.08027299918467179,1.1240159983572084
02691156/1659db64bbf46bcdc1955ee4b5680e91,farthest,0,6,"[0, 46, 18, 28, 16, 30, 2]",7,8,"[false, true, false, true, true, true, true, true, true, true, true, true, true, true, true, true, false, true, false, true, true, true, true, true, true, true, true, true, false, true, false, true, true, true, true, true, true, true, true, true, true, true, true, true, true, true, false, true]",44,0.00735891398672791,0.014639874756449744,0.7617490122746546,0.7691079262613827,0.6695937443243861,0.4676558708127125,0.6844728082884033,0.07097599882399663,1.1277150006208103
02691156/1659db64bbf46bcdc1955ee4b5680e91,farthest,0,7,"[0, 46, 18, 28, 16, 30, 2, 44]",8,9,"[false, true, false, true, true, true, true, true, true, true, true, true, true, true, true, true, false, true, false, true, true, true, true, true, true, true, true, true, false, true, false, true, true, true, true, true, true, true, true, true, true, true, true, true, false, true, false, true]",13,0.007931980031426193,0.013779298230707887,0.7691079262613827,0.7770399062928088,0.5320293400150939,0.5493254429253587,0.7311878439952005,0.07077600093907677,0.011796000762842596
02691156/1659db64bbf46bcdc1955ee4b5680e91,farthest,0,8,"[0, 46, 18, 28, 16, 30, 2, 44, 13]",9,10,"[false, true, false, true, true, true, true, true, true, true, true, true, true, false, true, true, false, true, false, true, true, true, true, true, true, true, true, true, false, true, false, true, true, true, true, true, true, true, true, true, true, true, true, true, false, true, false, true]",33,0.009345742611724423,0.012842679936518095,0.7770399062928088,0.7863856489045332,0.33472099027115637,0.561163735042055,0.7699773418096233,0.14585000099032186,0.4282529989723116
02691156/1659db64bbf46bcdc1955ee4b5680e91,oracle,0,0,[0],1,2,"[false, true, true, true, true, true, true, true, true, true, true, true, true, true, true, true, true, true, true, true, true, true, true, true, true, true, true, true, true, true, true, true, true, true, true, true, true, true, true, true, true, true, true, true, true, true, true, true]",19,0.2952956159403969,0.2952956159403969,0.09615501137793364,0.39145062731833047,0.0,1.0,1.0,0.004397999873617664,0.5976960019324906
02691156/1659db64bbf46bcdc1955ee4b5680e91,oracle,0,1,"[0, 19]",2,3,"[false, true, true, true, true, true, true, true, true, true, true, true, true, true, true, true, true, true, true, false, true, true, true, true, true, true, true, true, true, true, true, true, true, true, true, true, true, true, true, true, true, true, true, true, true, true, true, true]",31,0.2208935320073085,0.2208935320073085,0.39145062731833047,0.612344159325639,0.0,0.9999999999999999,1.0,0.004698998964158818,0.4198559981887229
02691156/1659db64bbf46bcdc1955ee4b5680e91,oracle,0,2,"[0, 19, 31]",3,4,"[false, true, true, true, true, true, true, true, true, true, true, true, true, true, true, true, true, true, true, false, true, true, true, true, true, true, true, true, true, true, true, false, true, true, true, true, true, true, true, true, true, true, true, true, true, true, true, true]",36,0.07020819289804776,0.07020819289804776,0.612344159325639,0.6825523522236867,0.0,0.9999999999999999,1.0,0.0036990022636018693,0.435251000453718
02691156/1659db64bbf46bcdc1955ee4b5680e91,oracle,0,3,"[0, 19, 31, 36]",4,5,"[false, true, true, true, true, true, true, true, true, true, true, true, true, true, true, true, true, true, true, false, true, true, true, true, true, true, true, true, true, true, true, false, true, true, true, true, false, true, true, true, true, true, true, true, true, true, true, true]",17,0.06697844251102844,0.06697844251102844,0.6825523522236867,0.7495307947347152,0.0,1.0,1.0,0.005597998097073287,0.398264000978088
02691156/1659db64bbf46bcdc1955ee4b5680e91,oracle,0,4,"[0, 19, 31, 36, 17]",5,6,"[false, true, true, true, true, true, true, true, true, true, true, true, true, true, true, true, true, false, true, false, true, true, true, true, true, true, true, true, true, true, true, false, true, true, true, true, false, true, true, true, true, true, true, true, true, true, true, true]",33,0.014104318591864637,0.014104318591864637,0.7495307947347152,0.7636351133265799,0.0,1.0,1.0,0.0027989990485366434,0.0220929978240747
02691156/1659db64bbf46bcdc1955ee4b5680e91,oracle,0,5,"[0, 19, 31, 36, 17, 33]",6,7,"[false, true, true, true, true, true, true, true, true, true, true, true, true, true, true, true, true, false, true, false, true, true, true, true, true, true, true, true, true, true, true, false, true, false, true, true, false, true, true, true, true, true, true, true, true, true, true, true]",20,0.013766558496168486,0.013766558496168486,0.7636351133265799,0.7774016718227483,0.0,1.0,1.0,0.0022989988792687654,0.4148580010223668
02691156/1659db64bbf46bcdc1955ee4b5680e91,oracle,0,6,"[0, 19, 31, 36, 17, 33, 20]",7,8,"[false, true, true, true, true, true, true, true, true, true, true, true, true, true, true, true, true, false, true, false, false, true, true, true, true, true, true, true, true, true, true, false, true, false, true, true, false, true, true, true, true, true, true, true, true, true, true, true]",1,0.010924203133991348,0.010924203133991348,0.7774016718227483,0.7883258749567397,0.0,0.9999999999999999,1.0,0.0018989994714502245,0.36727499900734983
02691156/1659db64bbf46bcdc1955ee4b5680e91,oracle,0,7,"[0, 19, 31, 36, 17, 33, 20, 1]",8,9,"[false, false, true, true, true, true, true, true, true, true, true, true, true, true, true, true, true, false, true, false, false, true, true, true, true, true, true, true, true, true, true, false, true, false, true, true, false, true, true, true, true, true, true, true, true, true, true, true]",42,0.008912509781071661,0.008912509781071661,0.7883258749567397,0.7972383847378113,0.0,1.0,1.0,0.0027989990485366434,0.4231550010445062
02691156/1659db64bbf46bcdc1955ee4b5680e91,oracle,0,8,"[0, 19, 31, 36, 17, 33, 20, 1, 42]",9,10,"[false, false, true, true, true, true, true, true, true, true, true, true, true, true, true, true, true, false, true, false, false, true, true, true, true, true, true, true, true, true, true, false, true, false, true, true, false, true, true, true, true, true, false, true, true, true, true, true]",30,0.008239482065709909,0.008239482065709909,0.7972383847378113,0.8054778668035212,0.0,1.0,1.0,0.005697998858522624,0.026990997866960242
02691156/165c4491d10067b3bd46d022fd7d80aa,random,0,0,[0],1,2,"[false, true, true, true, true, true, true, true, true, true, true, true, true, true, true, true, true, true, true, true, true, true, true, true, true, true, true, true, true, true, true, true, true, true, true, true, true, true, true, true, true, true, true, true, true, true, true, true]",39,0.2867371292141292,0.3461587176957762,0.09221828982360161,0.37895541903773083,0.2204375954467936,0.04024051803885292,0.7779832845901765,0.29259999791975133,0.5791020012111403
02691156/165c4491d10067b3bd46d022fd7d80aa,random,0,1,"[0, 39]",2,3,"[false, true, true, true, true, true, true, true, true, true, true, true, true, true, true, true, true, true, true, true, true, true, true, true, true, true, true, true, true, true, true, true, true, true, true, true, true, true, true, false, true, true, true, true, true, true, true, true]",15,0.0875197613579958,0.31220850434036773,0.37895541903773083,0.46647518039572666,0.8164012589139145,-0.04409497378970089,0.46131971707963587,0.21492700034286827,0.5365170000004582
02691156/165c4491d10067b3bd46d022fd7d80aa,random,0,2,"[0, 39, 15]",3,4,"[false, true, true, true, true, true, true, true, true, true, true, true, true, true, true, false, true, true, true, true, true, true, true, true, true, true, true, true, true, true, true, true, true, true, true, true, true, true, true, false, true, true, true, true, true, true, true, true]",8,0.14240999075133606,0.2949694616312377,0.46647518039572666,0.6088851711470628,0.5637596858231283,0.17562582345191038,0.6855464318146266,0.1282560006075073,0.4296529987186659
02691156/165c4491d10067b3bd46d022fd7d80aa,random,0,3,"[0, 39, 15, 8]",4,5,"[false, true, true, true, true, true, true, true, false, true, true, true, true, true, true, false, true, true, true, true, true, true, true, true, true, true, true, true, true, true, true, true, true, true, true, true, true, true, true, false, true, true, true, true, true, true, true, true]",32,0.0084921621577361,0.21039941559716102,0.6088851711470628,0.6173773333047988,0.995669007722952,0.15320648343904159,0.4298580306601642,0.2240229987364728,0.512425001943484
02691156/165c4491d10067b3bd46d022fd7d80aa,random,0,4,"[0, 39, 15, 8, 32]",5,6,"[false, true, true, true, true, true, true, true, false, true, true, true, true, true, true, false, true, true, true, true, true, true, true, true, true, true, true, true, true, true, true, true, false, true, true, true, true, true, true, false, true, true, true, true, true, true, true, true]",17,0.07383369640340916,0.2075592762102619,0.6173773333047988,0.6912110297082079,0.662145401288894,0.04590758079130172,0.5716895610752661,0.13565300105256028,0.4357509969850071
02691156/165c4491d10067b3bd46d022fd7d80aa,random,0,5,"[0, 39, 15, 8, 32, 17]",6,7,"[false, true, true, true, true, true, true, true, false, true, true, true, true, true, true, false, true, false, true, true, true, true, true, true, true, true, true, true, true, true, true, true, false, true, true, true, true, true, true, false, true, true, true, true, true, true, true, true]",19,0.14768039286169304,0.16853083607444536,0.6912110297082079,0.8388914225699009,0.12690164595793393,0.1243821408313751,0.7708084161826196,0.12145900109317154,0.4296529987186659
02691156/165c4491d10067b3bd46d022fd7d80aa,random,0,6,"[0, 39, 15, 8, 32, 17, 19]",7,8,"[false, true, true, true, true, true, true, true, false, true, true, true, true, true, true, false, true, false, true, false, true, true, true, true, true, true, true, true, true, true, true, true, false, true, true, true, true, true, true, false, true, true, true, true, true, true, true, true]",46,0.01235671502164223,0.08468607023665838,0.8388914225699009,0.8512481375915432,0.8849647467327871,0.21968641114982576,0.49074954587638847,0.11476000145194121,0.6820669987064321
02691156/165c4491d10067b3bd46d022fd7d80aa,random,0,7,"[0, 39, 15, 8, 32, 17, 19, 46]",8,9,"[false, true, true, true, true, true, true, true, false, true, true, true, true, true, true, false, true, false, true, false, true, true, true, true, true, true, true, true, true, true, true, true, false, true, true, true, true, true, true, false, true, true, true, true, true, true, false, true]",21,0.06808452689212381,0.07753503754627607,0.8512481375915432,0.919332664483667,0.12519099271622394,0.007129455909943715,0.5738092404576647,0.1988320000236854,0.8796000001893844
02691156/165c4491d10067b3bd46d022fd7d80aa,random,0,8,"[0, 39, 15, 8, 32, 17, 19, 46, 21]",9,10,"[false, true, true, true, true, true, true, true, false, true, true, true, true, true, true, false, true, false, true, false, true, false, true, true, true, true, true, true, true, true, true, true, false, true, true, true, true, true, true, false, true, true, true, true, true, true, false, true]",22,0.003781787788272722,0.018523978060952805,0.919332664483667,0.9231144522719397,0.8802739779832993,0.17935222672064777,0.5439832772619313,0.1645439988351427,0.7838329984224401
02691156/165c4491d10067b3bd46d022fd7d80aa,farthest,0,0,[0],1,2,"[false, true, true, true, true, true, true, true, true, true, true, true, true, true, true, true, true, true, true, true, true, true, true, true, true, true, true, true, true, true, true, true, true, true, true, true, true, true, true, true, true, true, true, true, true, true, true, true]",46,0.07659676588357264,0.3461587176957762,0.09221828982360161,0.16881505570717428,0.9999999999962904,-0.0045119311310717735,0.46478604263934103,0.2085289997921791,0.03588799881981686
02691156/165c4491d10067b3bd46d022fd7d80aa,farthest,0,1,"[0, 46]",2,3,"[false, true, true, true, true, true, true, true, true, true, true, true, true, true, true, true, true, true, true, true, true, true, true, true, true, true, true, true, true, true, true, true, true, true, true, true, true, true, true, true, true, true, true, true, true, true, false, true]",18,0.31955860516642887,0.31955860516642887,0.16881505570717428,0.4883736608736032,0.0,0.5756301742824507,0.8295081866248778,0.10726400068961084,1.1018240002158564
02691156/165c4491d10067b3bd46d022fd7d80aa,farthest,0,2,"[0, 46, 18]",3,4,"[false, true, true, true, true, true, true, true, true, true, true, true, true, true, true, true, true, true, false, true, true, true, true, true, true, true, true, true, true, true, true, true, true, true, true, true, true, true, true, true, true, true, true, true, true, true, false, true]",28,0.1572743969588416,0.2540484686090153,0.4883736608736032,0.6456480578324446,0.42081661091878947,0.6629520968088737,0.7859221366297058,0.07507500049541704,0.9961600007954985
02691156/165c4491d10067b3bd46d022fd7d80aa,farthest,0,3,"[0, 46, 18, 28]",4,5,"[false, true, true, true, true, true, true, true, true, true, true, true, true, true, true, true, true, true, false, true, true, true, true, true, true, true, true, true, false, true, true, true, true, true, true, true, true, true, true, true, true, true, true, true, true, true, false, true]",16,0.11987686559138644,0.21600421880116014,0.6456480578324446,0.7655249234238313,0.4753256965083164,0.6492190620850452,0.8331253080024146,0.11845900007756427,3.68254299974069
02691156/165c4491d10067b3bd46d022fd7d80aa,farthest,0,4,"[0, 46, 18, 28, 16]",5,6,"[false, true, true, true, true, true, true, true, true, true, true, true, true, true, true, true, false, true, false, true, true, true, true, true, true, true, true, true, false, true, true, true, true, true, true, true, true, true, true, true, true, true, true, true, true, true, false, true]",30,0.13100802684700455,0.13100802684700455,0.7655249234238313,0.8965329502708358,0.0,0.5372406300548311,0.9957913826974395,0.08857000284479,1.1130200000479817
02691156/165c4491d10067b3bd46d022fd7d80aa,farthest,0,5,"[0, 46, 18, 28, 16, 30]",6,7,"[false, true, true, true, true, true, true, true, true, true, true, true, true, true, true, true, false, true, false, true, true, true, true, true, true, true, true, true, false, true, false, true, true, true, true, true, true, true, true, true, true, true, true, true, true, true, false, true]",2,0.012276185565200355,0.017562072796207664,0.8965329502708358,0.9088091358360361,0.5102563555307572,0.34032512167637036,0.7115386705718753,0.07417500091833062,0.8860979978635442
02691156/165c4491d10067b3bd46d022fd7d80aa,farthest,0,6,"[0, 46, 18, 28, 16, 30, 2]",7,8,"[false, true, false, true, true, true, true, true, true, true, true, true, true, true, true, true, false, true, false, true, true, true, true, true, true, true, true, true, false, true, false, true, true, true, true, true, true, true, true, true, true, true, true, true, true, true, false, true]",44,0.011079527473058426,0.0156326315421102,0.9088091358360361,0.9198886633090946,0.44696459772281083,0.39016460284879023,0.7236575632868123,0.06907599890837446,0.97776699840324
02691156/165c4491d10067b3bd46d022fd7d80aa,farthest,0,7,"[0, 46, 18, 28, 16, 30, 2, 44]",8,9,"[false, true, false, true, true, true, true, true, true, true, true, true, true, true, true, true, false, true, false, true, true, true, true, true, true, true, true, true, false, true, false, true, true, true, true, true, true, true, true, true, true, true, true, true, false, true, false, true]",13,0.0073710963190354185,0.011208369473034382,0.9198886633090946,0.92725975962813,0.5866731257295285,0.44475029434926655,0.7475769147190487,0.07477400140487589,0.7998270011739805
02691156/165c4491d10067b3bd46d022fd7d80aa,farthest,0,8,"[0, 46, 18, 28, 16, 30, 2, 44, 13]",9,10,"[false, true, false, true, true, true, true, true, true, true, true, true, true, false, true, true, false, true, false, true, true, true, true, true, true, true, true, true, false, true, false, true, true, true, true, true, true, true, true, true, true, true, true, true, false, true, false, true]",33,0.007225531445547491,0.010168469004697504,0.92725975962813,0.9344852910736774,0.3751082633251701,0.49264247578854786,0.798556916556576,0.10316499901819043,0.3120930014119949
02691156/165c4491d10067b3bd46d022fd7d80aa,oracle,0,0,[0],1,2,"[false, true, true, true, true, true, true, true, true, true, true, true, true, true, true, true, true, true, true, true, true, true, true, true, true, true, true, true, true, true, true, true, true, true, true, true, true, true, true, true, true, true, true, true, true, true, true, true]",26,0.3461587176957762,0.3461587176957762,0.09221828982360161,0.4383770075193778,0.0,1.0,1.0,0.0020000006770715117,0.40876000275602564
02691156/165c4491d10067b3bd46d022fd7d80aa,oracle,0,1,"[0, 26]",2,3,"[false, true, true, true, true, true, true, true, true, true, true, true, true, true, true, true, true, true, true, true, true, true, true, true, true, true, false, true, true, true, true, true, true, true, true, true, true, true, true, true, true, true, true, true, true, true, true, true]",31,0.2866825930483576,0.2866825930483576,0.4383770075193778,0.7250596005677354,0.0,0.9999999999999999,1.0,0.004298999556340277,0.6577750027645379
02691156/165c4491d10067b3bd46d022fd7d80aa,oracle,0,2,"[0, 26, 31]",3,4,"[false, true, true, true, true, true, true, true, true, true, true, true, true, true, true, true, true, true, true, true, true, true, true, true, true, true, false, true, true, true, true, false, true, true, true, true, true, true, true, true, true, true, true, true, true, true, true, true]",29,0.10796411474924114,0.10796411474924114,0.7250596005677354,0.8330237153169766,0.0,0.9999999999999999,1.0,0.0029989969334565103,0.4015630001958925
02691156/165c4491d10067b3bd46d022fd7d80aa,oracle,0,3,"[0, 26, 31, 29]",4,5,"[false, true, true, true, true, true, true, true, true, true, true, true, true, true, true, true, true, true, true, true, true, true, true, true, true, true, false, true, true, false, true, false, true, true, true, true, true, true, true, true, true, true, true, true, true, true, true, true]",17,0.07160055292654074,0.07160055292654074,0.8330237153169766,0.9046242682435173,0.0,1.0,1.0,0.0022990025172475725,0.01579500167281367
02691156/165c4491d10067b3bd46d022fd7d80aa,oracle,0,4,"[0, 26, 31, 29, 17]",5,6,"[false, true, true, true, true, true, true, true, true, true, true, true, true, true, true, true, true, false, true, true, true, true, true, true, true, true, false, true, true, false, true, false, true, true, true, true, true, true, true, true, true, true, true, true, true, true, true, true]",42,0.01268896173978813,0.01268896173978813,0.9046242682435173,0.9173132299833056,0.0,1.0,1.0,0.0027990026865154505,0.38816699816379696
02691156/165c4491d10067b3bd46d022fd7d80aa,oracle,0,5,"[0, 26, 31, 29, 17, 42]",6,7,"[false, true, true, true, true, true, true, true, true, true, true, true, true, true, true, true, true, false, true, true, true, true, true, true, true, true, false, true, true, false, true, false, true, true, true, true, true, true, true, true, true, true, false, true, true, true, true, true]",7,0.010712053126451435,0.010712053126451435,0.9173132299833056,0.9280252831097568,0.0,1.0,1.0,0.0019990002328995615,0.2887010014092084
02691156/165c4491d10067b3bd46d022fd7d80aa,oracle,0,6,"[0, 26, 31, 29, 17, 42, 7]",7,8,"[false, true, true, true, true, true, true, false, true, true, true, true, true, true, true, true, true, false, true, true, true, true, true, true, true, true, false, true, true, false, true, false, true, true, true, true, true, true, true, true, true, true, false, true, true, true, true, true]",20,0.008306649516961001,0.008306649516961001,0.9280252831097568,0.9363319326267179,0.0,0.9999999999999999,1.0,0.0019990002328995615,0.29789900145260617
02691156/165c4491d10067b3bd46d022fd7d80aa,oracle,0,7,"[0, 26, 31, 29, 17, 42, 7, 20]",8,9,"[false, true, true, true, true, true, true, false, true, true, true, true, true, true, true, true, true, false, true, true, false, true, true, true, true, true, false, true, true, false, true, false, true, true, true, true, true, true, true, true, true, true, false, true, true, true, true, true]",10,0.006585235480643441,0.006585235480643441,0.9363319326267179,0.9429171681073614,0.0,1.0,1.0,0.0020989973563700914,0.3154920013912488
02691156/165c4491d10067b3bd46d022fd7d80aa,oracle,0,8,"[0, 26, 31, 29, 17, 42, 7, 20, 10]",9,10,"[false, true, true, true, true, true, true, false, true, true, false, true, true, true, true, true, true, false, true, true, false, true, true, true, true, true, false, true, true, false, true, false, true, true, true, true, true, true, true, true, true, true, false, true, true, true, true, true]",33,0.004537500587174208,0.004537500587174208,0.9429171681073614,0.9474546686945355,0.0,1.0,1.0,0.0025990011636167765,0.015494999388465658
02691156/1667ab313638fb366cf1b4a8fc3914e,random,0,0,[0],1,2,"[false, true, true, true, true, true, true, true, true, true, true, true, true, true, true, true, true, true, true, true, true, true, true, true, true, true, true, true, true, true, true, true, true, true, true, true, true, true, true, true, true, true, true, true, true, true, true, true]",11,0.2632866667496234,0.3446572406567689,0.08599246005281433,0.3492791268024378,0.30616626871874125,0.13459759481961148,0.8303826189697701,0.13915199815528467,0.3926659992430359
02691156/1667ab313638fb366cf1b4a8fc3914e,random,0,1,"[0, 11]",2,3,"[false, true, true, true, true, true, true, true, true, true, true, false, true, true, true, true, true, true, true, true, true, true, true, true, true, true, true, true, true, true, true, true, true, true, true, true, true, true, true, true, true, true, true, true, true, true, true, true]",36,0.200417890207942,0.29059580497134013,0.3492791268024378,0.5496970170103799,0.39915699166649854,-0.02547024360160345,0.5838383820640064,0.15374799841083586,0.3998629981651902
02691156/1667ab313638fb366cf1b4a8fc3914e,random,0,2,"[0, 11, 36]",3,4,"[false, true, true, true, true, true, true, true, true, true, true, false, true, true, true, true, true, true, true, true, true, true, true, true, true, true, true, true, true, true, true, true, true, true, true, true, false, true, true, true, true, true, true, true, true, true, true, true]",15,0.18504281828587527,0.18781985796271788,0.5496970170103799,0.7347398352962551,0.016096852166511,-0.04716732542819499,0.7413528320758679,0.100966000900371,0.3134930011583492
02691156/1667ab313638fb366cf1b4a8fc3914e,random,0,3,"[0, 11, 36, 15]",4,5,"[false, true, true, true, true, true, true, true, true, true, true, false, true, true, true, false, true, true, true, true, true, true, true, true, true, true, true, true, true, true, true, true, true, true, true, true, false, true, true, true, true, true, true, true, true, true, true, true]",32,0.04747910274947815,0.11746340168197443,0.7347398352962551,0.7822189380457332,0.652619357641459,0.1159971811134602,0.6923514190621398,0.09896600022329949,0.2964990017062519
02691156/1667ab313638fb366cf1b4a8fc3914e,random,0,4,"[0, 11, 36, 15, 32]",5,6,"[false, true, true, true, true, true, true, true, true, true, true, false, true, true, true, false, true, true, true, true, true, true, true, true, true, true, true, true, true, true, true, true, false, true, true, true, false, true, true, true, true, true, true, true, true, true, true, true]",27,0.03305286914554885,0.08528218408388263,0.7822189380457332,0.815271807191282,0.6914466264778766,-0.07293868921775898,0.4552370288891203,0.09416700049769133,0.3346860030433163
02691156/1667ab313638fb366cf1b4a8fc3914e,random,0,5,"[0, 11, 36, 15, 32, 27]",6,7,"[false, true, true, true, true, true, true, true, true, true, true, false, true, true, true, false, true, true, true, true, true, true, true, true, true, true, true, false, true, true, true, true, false, true, true, true, false, true, true, true, true, true, true, true, true, true, true, true]",6,0.013489219409376835,0.06636790375125029,0.815271807191282,0.8287610266006589,0.8778003240221443,0.08062555708613564,0.5625510176091091,0.08976900062407367,0.30149699887260795
02691156/1667ab313638fb366cf1b4a8fc3914e,random,0,6,"[0, 11, 36, 15, 32, 27, 6]",7,8,"[false, true, true, true, true, true, false, true, true, true, true, false, true, true, true, false, true, true, true, true, true, true, true, true, true, true, true, false, true, true, true, true, false, true, true, true, false, true, true, true, true, true, true, true, true, true, true, true]",43,0.008582071881460198,0.06370597382503856,0.8287610266006589,0.8373430984821191,0.944286933343553,0.004181184668989546,0.36768627020173383,0.09616700117476285,0.6046930029697251
02691156/1667ab313638fb366cf1b4a8fc3914e,random,0,7,"[0, 11, 36, 15, 32, 27, 6, 43]",8,9,"[false, true, true, true, true, true, false, true, true, true, true, false, true, true, true, false, true, true, true, true, true, true, true, true, true, true, true, false, true, true, true, true, false, true, true, true, false, true, true, true, true, true, true, false, true, true, true, true]",14,0.015195274252840405,0.05916695416882862,0.8373430984821191,0.8525383727349596,0.7938061220435376,0.0701688555347092,0.43079229963730464,0.18893599917646497,0.5668070007232018
02691156/1667ab313638fb366cf1b4a8fc3914e,random,0,8,"[0, 11, 36, 15, 32, 27, 6, 43, 14]",9,10,"[false, true, true, true, true, true, false, true, true, true, true, false, true, true, false, false, true, true, true, true, true, true, true, true, true, true, true, false, true, true, true, true, false, true, true, true, false, true, true, true, true, true, true, false, true, true, true, true]",3,0.032234019624170024,0.0559100424023804,0.8525383727349596,0.8847723923591295,0.44812207414421495,-0.1562753036437247,0.3943195463721664,0.15084800179465674,0.4564439987007063
02691156/1667ab313638fb366cf1b4a8fc3914e,farthest,0,0,[0],1,2,"[false, true, true, true, true, true, true, true, true, true, true, true, true, true, true, true, true, true, true, true, true, true, true, true, true, true, true, true, true, true, true, true, true, true, true, true, true, true, true, true, true, true, true, true, true, true, true, true]",46,0.07888474309404701,0.3446572406567689,0.08599246005281433,0.16487720314686136,0.9999999999962375,0.011916125807702377,0.45808476108914853,0.06887600102345459,1.2250809995748568
02691156/1667ab313638fb366cf1b4a8fc3914e,farthest,0,1,"[0, 46]",2,3,"[false, true, true, true, true, true, true, true, true, true, true, true, true, true, true, true, true, true, true, true, true, true, true, true, true, true, true, true, true, true, true, true, true, true, true, true, true, true, true, true, true, true, true, true, true, true, false, true]",18,0.31623881299765827,0.31623881299765827,0.16487720314686136,0.4811160161445196,0.0,0.5174370401148107,0.8036247368246485,0.09316800060332753,1.0041570021712687
02691156/1667ab313638fb366cf1b4a8fc3914e,farthest,0,2,"[0, 46, 18]",3,4,"[false, true, true, true, true, true, true, true, true, true, true, true, true, true, true, true, true, true, false, true, true, true, true, true, true, true, true, true, true, true, true, true, true, true, true, true, true, true, true, true, true, true, true, true, true, true, false, true]",28,0.13953264071153512,0.25288811322351334,0.4811160161445196,0.6206486568560547,0.49144652417293305,0.6390138086221014,0.75606554257077,0.11656000060611404,1.026949001243338
02691156/1667ab313638fb366cf1b4a8fc3914e,farthest,0,3,"[0, 46, 18, 28]",4,5,"[false, true, true, true, true, true, true, true, true, true, true, true, true, true, true, true, true, true, false, true, true, true, true, true, true, true, true, true, false, true, true, true, true, true, true, true, true, true, true, true, true, true, true, true, true, true, false, true]",16,0.10965923825406025,0.21406336167342996,0.6206486568560547,0.730307895110115,0.5301340837161707,0.6381436092167031,0.8325884875422638,0.07967300189193338,0.9785660004126839
02691156/1667ab313638fb366cf1b4a8fc3914e,farthest,0,4,"[0, 46, 18, 28, 16]",5,6,"[false, true, true, true, true, true, true, true, true, true, true, true, true, true, true, true, false, true, false, true, true, true, true, true, true, true, true, true, false, true, true, true, true, true, true, true, true, true, true, true, true, true, true, true, true, true, false, true]",30,0.13239900350989642,0.13369799981882693,0.730307895110115,0.8627068986200114,0.010848937309358849,0.5259740777848565,0.9881083017273001,0.06637700062128715,0.3190909992554225
02691156/1667ab313638fb366cf1b4a8fc3914e,farthest,0,5,"[0, 46, 18, 28, 16, 30]",6,7,"[false, true, true, true, true, true, true, true, true, true, true, true, true, true, true, true, false, true, false, true, true, true, true, true, true, true, true, true, false, true, false, true, true, true, true, true, true, true, true, true, true, true, true, true, true, true, false, true]",2,0.015174961571893308,0.01919406592716469,0.8627068986200114,0.8778818601919047,0.3380124286743892,0.329189573152448,0.6848062193320936,0.06407800174201839,0.3627760015660897
02691156/1667ab313638fb366cf1b4a8fc3914e,farthest,0,6,"[0, 46, 18, 28, 16, 30, 2]",7,8,"[false, true, false, true, true, true, true, true, true, true, true, true, true, true, true, true, false, true, false, true, true, true, true, true, true, true, true, true, false, true, false, true, true, true, true, true, true, true, true, true, true, true, true, true, true, true, false, true]",44,0.010287782741483668,0.01640359193879948,0.8778818601919047,0.8881696429333883,0.607835078273496,0.45926899175461044,0.689274939606447,0.06227899939403869,0.3439819993218407
02691156/1667ab313638fb366cf1b4a8fc3914e,farthest,0,7,"[0, 46, 18, 28, 16, 30, 2, 44]",8,9,"[false, true, false, true, true, true, true, true, true, true, true, true, true, true, true, true, false, true, false, true, true, true, true, true, true, true, true, true, false, true, false, true, true, true, true, true, true, true, true, true, true, true, true, true, false, true, false, true]",13,0.007885541210080027,0.014027131474624373,0.8881696429333883,0.8960551841434684,0.6584315768434136,0.49096667414302103,0.6877321173293844,0.06547800148837268,0.9693690008134581
02691156/1667ab313638fb366cf1b4a8fc3914e,farthest,0,8,"[0, 46, 18, 28, 16, 30, 2, 44, 13]",9,10,"[false, true, false, true, true, true, true, true, true, true, true, true, true, false, true, true, false, true, false, true, true, true, true, true, true, true, true, true, false, true, false, true, true, true, true, true, true, true, true, true, true, true, true, true, false, true, false, true]",33,0.006819426504247726,0.011773717602379882,0.8960551841434684,0.9028746106477161,0.5569917745279009,0.509493629916077,0.7593985276208431,0.06597700121346861,0.875001001986675
02691156/1667ab313638fb366cf1b4a8fc3914e,oracle,0,0,[0],1,2,"[false, true, true, true, true, true, true, true, true, true, true, true, true, true, true, true, true, true, true, true, true, true, true, true, true, true, true, true, true, true, true, true, true, true, true, true, true, true, true, true, true, true, true, true, true, true, true, true]",30,0.3446572406567689,0.3446572406567689,0.08599246005281433,0.4306497007095832,0.0,1.0,1.0,0.0022989988792687654,0.019193001207895577
02691156/1667ab313638fb366cf1b4a8fc3914e,oracle,0,1,"[0, 30]",2,3,"[false, true, true, true, true, true, true, true, true, true, true, true, true, true, true, true, true, true, true, true, true, true, true, true, true, true, true, true, true, true, false, true, true, true, true, true, true, true, true, true, true, true, true, true, true, true, true, true]",25,0.2765370244180171,0.2765370244180171,0.4306497007095832,0.7071867251276003,0.0,0.9999999999999999,1.0,0.0022990025172475725,0.40256200009025633
02691156/1667ab313638fb366cf1b4a8fc3914e,oracle,0,2,"[0, 30, 25]",3,4,"[false, true, true, true, true, true, true, true, true, true, true, true, true, true, true, true, true, true, true, true, true, true, true, true, true, false, true, true, true, true, false, true, true, true, true, true, true, true, true, true, true, true, true, true, true, true, true, true]",27,0.10035503005364807,0.10035503005364807,0.7071867251276003,0.8075417551812483,0.0,0.9999999999999999,1.0,0.0021990017557982355,0.020493000192800537
02691156/1667ab313638fb366cf1b4a8fc3914e,oracle,0,3,"[0, 30, 25, 27]",4,5,"[false, true, true, true, true, true, true, true, true, true, true, true, true, true, true, true, true, true, true, true, true, true, true, true, true, false, true, false, true, true, false, true, true, true, true, true, true, true, true, true, true, true, true, true, true, true, true, true]",23,0.05336831902441282,0.05336831902441282,0.8075417551812483,0.8609100742056612,0.0,1.0,1.0,0.004498000635067001,4.492365002079168
02691156/1667ab313638fb366cf1b4a8fc3914e,oracle,0,4,"[0, 30, 25, 27, 23]",5,6,"[false, true, true, true, true, true, true, true, true, true, true, true, true, true, true, true, true, true, true, true, true, true, true, false, true, false, true, false, true, true, false, true, true, true, true, true, true, true, true, true, true, true, true, true, true, true, true, true]",44,0.02675453881305575,0.02675453881305575,0.8609100742056612,0.8876646130187169,0.0,1.0,1.0,0.0025989975256379694,0.022291998902801424
02691156/1667ab313638fb366cf1b4a8fc3914e,oracle,0,5,"[0, 30, 25, 27, 23, 44]",6,7,"[false, true, true, true, true, true, true, true, true, true, true, true, true, true, true, true, true, true, true, true, true, true, true, false, true, false, true, false, true, true, false, true, true, true, true, true, true, true, true, true, true, true, true, true, false, true, true, true]",2,0.013567630291971479,0.013567630291971479,0.8876646130187169,0.9012322433106885,0.0,1.0,1.0,0.0021990017557982355,0.01879399860627018
02691156/1667ab313638fb366cf1b4a8fc3914e,oracle,0,6,"[0, 30, 25, 27, 23, 44, 2]",7,8,"[false, true, false, true, true, true, true, true, true, true, true, true, true, true, true, true, true, true, true, true, true, true, true, false, true, false, true, false, true, true, false, true, true, true, true, true, true, true, true, true, true, true, true, true, false, true, true, true]",29,0.008647801239756402,0.008647801239756402,0.9012322433106885,0.9098800445504448,0.0,0.9999999999999999,1.0,0.0018989994714502245,0.5231210016063415
02691156/1667ab313638fb366cf1b4a8fc3914e,oracle,0,7,"[0, 30, 25, 27, 23, 44, 2, 29]",8,9,"[false, true, false, true, true, true, true, true, true, true, true, true, true, true, true, true, true, true, true, true, true, true, true, false, true, false, true, false, true, false, false, true, true, true, true, true, true, true, true, true, true, true, true, true, false, true, true, true]",34,0.007586449056698227,0.007586449056698227,0.9098800445504448,0.917466493607143,0.0,1.0,1.0,0.0028989998099859804,0.3697739994095173
02691156/1667ab313638fb366cf1b4a8fc3914e,oracle,0,8,"[0, 30, 25, 27, 23, 44, 2, 29, 34]",9,10,"[false, true, false, true, true, true, true, true, true, true, true, true, true, true, true, true, true, true, true, true, true, true, true, false, true, false, true, false, true, false, false, true, true, true, false, true, true, true, true, true, true, true, true, true, false, true, true, true]",41,0.005458881398300697,0.005458881398300697,0.917466493607143,0.9229253750054438,0.0,1.0,1.0,0.0023989996407181025,0.43295200157444924
02691156/16689e54c884aa01639c7058eaf33ae,random,0,0,[0],1,2,"[false, true, true, true, true, true, true, true, true, true, true, true, true, true, true, true, true, true, true, true, true, true, true, true, true, true, true, true, true, true, true, true, true, true, true, true, true, true, true, true, true, true, true, true, true, true, true, true]",1,0.14064267111827128,0.34463710648171486,0.08070994475165805,0.22135261586992933,0.79060018324819,-0.043825161887141535,0.6815804936820576,0.20562899953802116,0.5265200015855953
02691156/16689e54c884aa01639c7058eaf33ae,random,0,1,"[0, 1]",2,3,"[false, false, true, true, true, true, true, true, true, true, true, true, true, true, true, true, true, true, true, true, true, true, true, true, true, true, true, true, true, true, true, true, true, true, true, true, true, true, true, true, true, true, true, true, true, true, true, true]",40,0.09837561775377796,0.2881293342956376,0.22135261586992933,0.3197282336237073,0.8349064787436494,-0.12944804193647855,0.4709105497295134,0.14465099957305938,0.4224559997965116
02691156/16689e54c884aa01639c7058eaf33ae,random,0,2,"[0, 1, 40]",3,4,"[false, false, true, true, true, true, true, true, true, true, true, true, true, true, true, true, true, true, true, true, true, true, true, true, true, true, true, true, true, true, true, true, true, true, true, true, true, true, true, true, false, true, true, true, true, true, true, true]",10,0.22869007478817077,0.24100901051517476,0.3197282336237073,0.548418308411878,0.059722441142432366,0.14334650856389985,0.9055424112992163,0.15224799790303223,0.45344499812927097
02691156/16689e54c884aa01639c7058eaf33ae,random,0,3,"[0, 1, 40, 10]",4,5,"[false, false, true, true, true, true, true, true, true, true, false, true, true, true, true, true, true, true, true, true, true, true, true, true, true, true, true, true, true, true, true, true, true, true, true, true, true, true, true, true, false, true, true, true, true, true, true, true]",47,0.08079603825933708,0.1937732207991316,0.548418308411878,0.629214346671215,0.62363598063563,-0.1506694855532065,0.5207580731690841,0.14325099982670508,0.3917659996659495
02691156/16689e54c884aa01639c7058eaf33ae,random,0,4,"[0, 1, 40, 10, 47]",5,6,"[false, false, true, true, true, true, true, true, true, true, false, true, true, true, true, true, true, true, true, true, true, true, true, true, true, true, true, true, true, true, true, true, true, true, true, true, true, true, true, true, false, true, true, true, true, true, true, false]",8,0.01280562892144281,0.13193471644365698,0.629214346671215,0.6420199755926579,0.9832224852938968,-0.1134098459679855,0.2203873605452032,0.15174800137174316,0.3619759991124738
02691156/16689e54c884aa01639c7058eaf33ae,random,0,5,"[0, 1, 40, 10, 47, 8]",6,7,"[false, false, true, true, true, true, true, true, false, true, false, true, true, true, true, true, true, true, true, true, true, true, true, true, true, true, true, true, true, true, true, true, true, true, true, true, true, true, true, true, false, true, true, true, true, true, true, false]",22,0.11946121196836215,0.12848233204529194,0.6420199755926579,0.7614811875610201,0.07430835291630804,0.20735758852605138,0.8782815340471207,0.09886599946185015,0.5086259989184327
02691156/16689e54c884aa01639c7058eaf33ae,random,0,6,"[0, 1, 40, 10, 47, 8, 22]",7,8,"[false, false, true, true, true, true, true, true, false, true, false, true, true, true, true, true, true, true, true, true, true, true, false, true, true, true, true, true, true, true, true, true, true, true, true, true, true, true, true, true, false, true, true, true, true, true, true, false]",31,0.006824675360415583,0.018600861215983408,0.7614811875610201,0.7683058629214357,0.8733504033771995,-0.06951219512195121,0.6270050432691653,0.10116499834111892,0.3222900013497565
02691156/16689e54c884aa01639c7058eaf33ae,random,0,7,"[0, 1, 40, 10, 47, 8, 22, 31]",8,9,"[false, false, true, true, true, true, true, true, false, true, false, true, true, true, true, true, true, true, true, true, true, true, false, true, true, true, true, true, true, true, true, false, true, true, true, true, true, true, true, true, false, true, true, true, true, true, true, false]",34,0.012869145382001488,0.016400997328810712,0.7683058629214357,0.7811750083034371,0.2969188125830587,0.24052532833020637,0.7087619876969746,0.0936680007725954,0.41025999962585047
02691156/16689e54c884aa01639c7058eaf33ae,random,0,8,"[0, 1, 40, 10, 47, 8, 22, 31, 34]",9,10,"[false, false, true, true, true, true, true, true, false, true, false, true, true, true, true, true, true, true, true, true, true, true, false, true, true, true, true, true, true, true, true, false, true, true, false, true, true, true, true, true, false, true, true, true, true, true, true, false]",32,0.007341329448346686,0.015471120087485047,0.7811750083034371,0.7885163377517839,0.6685557015301955,-0.07611336032388664,0.5218382277084884,0.1157609985966701,0.3866679981001653
02691156/16689e54c884aa01639c7058eaf33ae,farthest,0,0,[0],1,2,"[false, true, true, true, true, true, true, true, true, true, true, true, true, true, true, true, true, true, true, true, true, true, true, true, true, true, true, true, true, true, true, true, true, true, true, true, true, true, true, true, true, true, true, true, true, true, true, true]",46,0.08661233026102198,0.34463710648171486,0.08070994475165805,0.16732227501268002,0.9999999999961244,0.02151844077895769,0.5257817276669856,0.06447800114983693,0.9585719999449793
02691156/16689e54c884aa01639c7058eaf33ae,farthest,0,1,"[0, 46]",2,3,"[false, true, true, true, true, true, true, true, true, true, true, true, true, true, true, true, true, true, true, true, true, true, true, true, true, true, true, true, true, true, true, true, true, true, true, true, true, true, true, true, true, true, true, true, true, true, false, true]",18,0.31375677071678887,0.31375677071678887,0.16732227501268002,0.4810790457294689,0.0,0.27200039250543356,0.7569968482690138,0.06037899947841652,0.42385500273667276
02691156/16689e54c884aa01639c7058eaf33ae,farthest,0,2,"[0, 46, 18]",3,4,"[false, true, true, true, true, true, true, true, true, true, true, true, true, true, true, true, true, true, false, true, true, true, true, true, true, true, true, true, true, true, true, true, true, true, true, true, true, true, true, true, true, true, true, true, true, true, false, true]",28,0.08746324290134211,0.21588387081974963,0.4810790457294689,0.5685422886308109,0.6487071853873106,0.5310607018404316,0.6691707701819536,0.05728000178351067,0.3711729987116996
02691156/16689e54c884aa01639c7058eaf33ae,farthest,0,3,"[0, 46, 18, 28]",4,5,"[false, true, true, true, true, true, true, true, true, true, true, true, true, true, true, true, true, true, false, true, true, true, true, true, true, true, true, true, false, true, true, true, true, true, true, true, true, true, true, true, true, true, true, true, true, true, false, true]",16,0.05817650788918442,0.16799774315476967,0.5685422886308109,0.6267187965199954,0.7178354822748966,0.5495399862699666,0.7869661746907861,0.09506700007477775,0.47723699753987603
02691156/16689e54c884aa01639c7058eaf33ae,farthest,0,4,"[0, 46, 18, 28, 16]",5,6,"[false, true, true, true, true, true, true, true, true, true, true, true, true, true, true, true, false, true, false, true, true, true, true, true, true, true, true, true, false, true, true, true, true, true, true, true, true, true, true, true, true, true, true, true, true, true, false, true]",30,0.1329295195033896,0.13389695764667442,0.6267187965199954,0.7596483160233851,0.007906118302916768,0.4537622830343479,0.9792452473322162,0.10086500333272852,0.47863700092420913
02691156/16689e54c884aa01639c7058eaf33ae,farthest,0,5,"[0, 46, 18, 28, 16, 30]",6,7,"[false, true, true, true, true, true, true, true, true, true, true, true, true, true, true, true, false, true, false, true, true, true, true, true, true, true, true, true, false, true, false, true, true, true, true, true, true, true, true, true, true, true, true, true, true, true, false, true]",2,0.008756442057830504,0.013729011726460329,0.7596483160233851,0.7684047580812156,0.5663828120079225,0.13362658228706778,0.6323186230524397,0.07187599840108305,1.100623998354422
02691156/16689e54c884aa01639c7058eaf33ae,farthest,0,6,"[0, 46, 18, 28, 16, 30, 2]",7,8,"[false, true, false, true, true, true, true, true, true, true, true, true, true, true, true, true, false, true, false, true, true, true, true, true, true, true, true, true, false, true, false, true, true, true, true, true, true, true, true, true, true, true, true, true, true, true, false, true]",44,0.008664553803794679,0.012173882701008526,0.7684047580812156,0.7770693118850103,0.4775907471994852,0.2131665093934277,0.6703060434474549,0.09136799781117588,0.4178569979558233
02691156/16689e54c884aa01639c7058eaf33ae,farthest,0,7,"[0, 46, 18, 28, 16, 30, 2, 44]",8,9,"[false, true, false, true, true, true, true, true, true, true, true, true, true, true, true, true, false, true, false, true, true, true, true, true, true, true, true, true, false, true, false, true, true, true, true, true, true, true, true, true, true, true, true, true, false, true, false, true]",13,0.0034850292962022625,0.01191161983855098,0.7770693118850103,0.7805543411812126,0.9802529135178677,0.2702387502807925,0.6148321783514576,0.07487399852834642,1.0609370001475327
02691156/16689e54c884aa01639c7058eaf33ae,farthest,0,8,"[0, 46, 18, 28, 16, 30, 2, 44, 13]",9,10,"[false, true, false, true, true, true, true, true, true, true, true, true, true, false, true, true, false, true, false, true, true, true, true, true, true, true, true, true, false, true, false, true, true, true, true, true, true, true, true, true, true, true, true, true, false, true, false, true]",33,0.006696244195496784,0.011696106171119266,0.7805543411812126,0.7872505853767093,0.5618085514846239,0.3705223648522975,0.7317791056782715,0.11466100113466382,0.844310998218134
02691156/16689e54c884aa01639c7058eaf33ae,oracle,0,0,[0],1,2,"[false, true, true, true, true, true, true, true, true, true, true, true, true, true, true, true, true, true, true, true, true, true, true, true, true, true, true, true, true, true, true, true, true, true, true, true, true, true, true, true, true, true, true, true, true, true, true, true]",18,0.34463710648171486,0.34463710648171486,0.08070994475165805,0.4253470512333729,0.0,1.0,1.0,0.0019999970390927047,0.016493999282829463
02691156/16689e54c884aa01639c7058eaf33ae,oracle,0,1,"[0, 18]",2,3,"[false, true, true, true, true, true, true, true, true, true, true, true, true, true, true, true, true, true, false, true, true, true, true, true, true, true, true, true, true, true, true, true, true, true, true, true, true, true, true, true, true, true, true, true, true, true, true, true]",30,0.2582354694093506,0.2582354694093506,0.4253470512333729,0.6835825206427235,0.0,0.9999999999999999,1.0,0.0026989982870873064,0.01579500167281367
02691156/16689e54c884aa01639c7058eaf33ae,oracle,0,2,"[0, 18, 30]",3,4,"[false, true, true, true, true, true, true, true, true, true, true, true, true, true, true, true, true, true, false, true, true, true, true, true, true, true, true, true, true, true, false, true, true, true, true, true, true, true, true, true, true, true, true, true, true, true, true, true]",32,0.04019051409061333,0.04019051409061333,0.6835825206427235,0.7237730347333369,0.0,0.9999999999999999,1.0,0.0016999983927235007,0.016394998965552077
02691156/16689e54c884aa01639c7058eaf33ae,oracle,0,3,"[0, 18, 30, 32]",4,5,"[false, true, true, true, true, true, true, true, true, true, true, true, true, true, true, true, true, true, false, true, true, true, true, true, true, true, true, true, true, true, false, true, false, true, true, true, true, true, true, true, true, true, true, true, true, true, true, true]",43,0.03223182812016117,0.03223182812016117,0.7237730347333369,0.7560048628534981,0.0,1.0,1.0,0.0019989965949207544,0.4216560009808745
02691156/16689e54c884aa01639c7058eaf33ae,oracle,0,4,"[0, 18, 30, 32, 43]",5,6,"[false, true, true, true, true, true, true, true, true, true, true, true, true, true, true, true, true, true, false, true, true, true, true, true, true, true, true, true, true, true, false, true, false, true, true, true, true, true, true, true, true, true, true, false, true, true, true, true]",16,0.014820073803466467,0.014820073803466467,0.7560048628534981,0.7708249366569645,0.0,1.0,1.0,0.0025989975256379694,0.026891000743489712
02691156/16689e54c884aa01639c7058eaf33ae,oracle,0,5,"[0, 18, 30, 32, 43, 16]",6,7,"[false, true, true, true, true, true, true, true, true, true, true, true, true, true, true, true, false, true, false, true, true, true, true, true, true, true, true, true, true, true, false, true, false, true, true, true, true, true, true, true, true, true, true, false, true, true, true, true]",34,0.011807321049193797,0.011807321049193797,0.7708249366569645,0.7826322577061583,0.0,1.0,1.0,0.006197999027790502,0.07547400309704244
02691156/16689e54c884aa01639c7058eaf33ae,oracle,0,6,"[0, 18, 30, 32, 43, 16, 34]",7,8,"[false, true, true, true, true, true, true, true, true, true, true, true, true, true, true, true, false, true, false, true, true, true, true, true, true, true, true, true, true, true, false, true, false, true, false, true, true, true, true, true, true, true, true, false, true, true, true, true]",6,0.010758246948669982,0.010758246948669982,0.7826322577061583,0.7933905046548282,0.0,0.9999999999999999,1.0,0.0024990004021674395,0.4050620009365957
02691156/16689e54c884aa01639c7058eaf33ae,oracle,0,7,"[0, 18, 30, 32, 43, 16, 34, 6]",8,9,"[false, true, true, true, true, true, false, true, true, true, true, true, true, true, true, true, false, true, false, true, true, true, true, true, true, true, true, true, true, true, false, true, false, true, false, true, true, true, true, true, true, true, true, false, true, true, true, true]",11,0.0097804169566955,0.0097804169566955,0.7933905046548282,0.8031709216115237,0.0,1.0,1.0,0.0024989967641886324,0.39276600000448525
02691156/16689e54c884aa01639c7058eaf33ae,oracle,0,8,"[0, 18, 30, 32, 43, 16, 34, 6, 11]",9,10,"[false, true, true, true, true, true, false, true, true, true, true, false, true, true, true, true, false, true, false, true, true, true, true, true, true, true, true, true, true, true, false, true, false, true, false, true, true, true, true, true, true, true, true, false, true, true, true, true]",44,0.008980904704980272,0.008980904704980272,0.8031709216115237,0.8121518263165041,0.0,1.0,1.0,0.0027989990485366434,0.01749399962136522
02691156/166d333d38897d1513d521050081b441,random,0,0,[0],1,2,"[false, true, true, true, true, true, true, true, true, true, true, true, true, true, true, true, true, true, true, true, true, true, true, true, true, true, true, true, true, true, true, true, true, true, true, true, true, true, true, true, true, true, true, true, true, true, true, true]",3,0.19742253090927137,0.3146999992641213,0.14208135162895985,0.3395038825382312,0.48363626513541946,0.2330018501387604,0.7906764288412897,0.13865299843018875,0.5400150002969895
02691156/166d333d38897d1513d521050081b441,random,0,1,"[0, 3]",2,3,"[false, true, true, false, true, true, true, true, true, true, true, true, true, true, true, true, true, true, true, true, true, true, true, true, true, true, true, true, true, true, true, true, true, true, true, true, true, true, true, true, true, true, true, true, true, true, true, true]",32,0.18026161168225827,0.30335396629567746,0.3395038825382312,0.5197654942204896,0.5154765542027117,0.12907801418439716,0.6438436070411887,0.11266200090176426,0.3866679981001653
02691156/166d333d38897d1513d521050081b441,random,0,2,"[0, 3, 32]",3,4,"[false, true, true, false, true, true, true, true, true, true, true, true, true, true, true, true, true, true, true, true, true, true, true, true, true, true, true, true, true, true, true, true, false, true, true, true, true, true, true, true, true, true, true, true, true, true, true, true]",10,0.05988603261704023,0.20205045288436402,0.5197654942204896,0.5796515268375297,0.8019012450161347,0.08840579710144926,0.4440132423229377,0.11116200039396062,0.3971639998781029
02691156/166d333d38897d1513d521050081b441,random,0,3,"[0, 3, 32, 10]",4,5,"[false, true, true, false, true, true, true, true, true, true, false, true, true, true, true, true, true, true, true, true, true, true, true, true, true, true, true, true, true, true, true, true, false, true, true, true, true, true, true, true, true, true, true, true, true, true, true, true]",36,0.18395458049033722,0.1980960125656453,0.5796515268375297,0.763606107327867,0.07617609081066469,0.14799154334038056,0.7089925710011843,0.12185800005681813,0.42845399730140343
02691156/166d333d38897d1513d521050081b441,random,0,4,"[0, 3, 32, 10, 36]",5,6,"[false, true, true, false, true, true, true, true, true, true, false, true, true, true, true, true, true, true, true, true, true, true, true, true, true, true, true, true, true, true, true, true, false, true, true, true, false, true, true, true, true, true, true, true, true, true, true, true]",21,0.03577760900538013,0.04312171900164187,0.763606107327867,0.7993837163332471,0.21361154897147222,0.055119299305345815,0.7573355951178675,0.2039300015894696,0.39646400182391517
02691156/166d333d38897d1513d521050081b441,random,0,5,"[0, 3, 32, 10, 36, 21]",6,7,"[false, true, true, false, true, true, true, true, true, true, false, true, true, true, true, true, true, true, true, true, true, false, true, true, true, true, true, true, true, true, true, true, false, true, true, true, false, true, true, true, true, true, true, true, true, true, true, true]",12,0.010069032025723092,0.01909711325883745,0.7993837163332471,0.8094527483589702,0.682875589775111,-0.1266510007292764,0.5713837561412513,0.13885299995308742,0.4419489996507764
02691156/166d333d38897d1513d521050081b441,random,0,6,"[0, 3, 32, 10, 36, 21, 12]",7,8,"[false, true, true, false, true, true, true, true, true, true, false, true, false, true, true, true, true, true, true, true, true, false, true, true, true, true, true, true, true, true, true, true, false, true, true, true, false, true, true, true, true, true, true, true, true, true, true, true]",2,0.01344885881464191,0.018459917209311866,0.8094527483589702,0.8229016071736122,0.3352055909759833,-0.1606271777003484,0.6920602256305006,0.11366100079612806,0.33338600042043254
02691156/166d333d38897d1513d521050081b441,random,0,7,"[0, 3, 32, 10, 36, 21, 12, 2]",8,9,"[false, true, false, false, true, true, true, true, true, true, false, true, false, true, true, true, true, true, true, true, true, false, true, true, true, true, true, true, true, true, true, true, false, true, true, true, false, true, true, true, true, true, true, true, true, true, true, true]",23,0.007472974749804223,0.013933979692494339,0.8229016071736122,0.8303745819234163,0.6198634499981983,0.04690431519699812,0.6412528896034145,0.126856000861153,0.4902319997199811
02691156/166d333d38897d1513d521050081b441,random,0,8,"[0, 3, 32, 10, 36, 21, 12, 2, 23]",9,10,"[false, true, false, false, true, true, true, true, true, true, false, true, false, true, true, true, true, true, true, true, true, false, true, false, true, true, true, true, true, true, true, true, false, true, true, true, false, true, true, true, true, true, true, true, true, true, true, true]",39,0.005168806939577349,0.013270396550086872,0.8303745819234163,0.8355433888629936,0.8076318989092788,0.198582995951417,0.5204119318761069,0.11915999857592396,0.3367850003996864
02691156/166d333d38897d1513d521050081b441,farthest,0,0,[0],1,2,"[false, true, true, true, true, true, true, true, true, true, true, true, true, true, true, true, true, true, true, true, true, true, true, true, true, true, true, true, true, true, true, true, true, true, true, true, true, true, true, true, true, true, true, true, true, true, true, true]",46,0.13479423835012783,0.3146999992641213,0.14208135162895985,0.2768755899790877,0.7419067916910004,0.39022419756679727,0.5942006054035983,0.14305199874797836,1.4568020014849026
02691156/166d333d38897d1513d521050081b441,farthest,0,1,"[0, 46]",2,3,"[false, true, true, true, true, true, true, true, true, true, true, true, true, true, true, true, true, true, true, true, true, true, true, true, true, true, true, true, true, true, true, true, true, true, true, true, true, true, true, true, true, true, true, true, true, true, false, true]",18,0.22976592670318144,0.23134283655661564,0.2768755899790877,0.5066415166822691,0.009382566087003497,0.3922167821978192,0.7744575603760845,0.08007300129975192,1.2434750024112873
02691156/166d333d38897d1513d521050081b441,farthest,0,2,"[0, 46, 18]",3,4,"[false, true, true, true, true, true, true, true, true, true, true, true, true, true, true, true, true, true, false, true, true, true, true, true, true, true, true, true, true, true, true, true, true, true, true, true, true, true, true, true, true, true, true, true, true, true, false, true]",28,0.1114392127999054,0.20955522752416145,0.5066415166822691,0.6180807294821746,0.5125378711233168,0.607821493712065,0.7253951377161292,0.09886599946185015,0.4750379994220566
02691156/166d333d38897d1513d521050081b441,farthest,0,3,"[0, 46, 18, 28]",4,5,"[false, true, true, true, true, true, true, true, true, true, true, true, true, true, true, true, true, true, false, true, true, true, true, true, true, true, true, true, false, true, true, true, true, true, true, true, true, true, true, true, true, true, true, true, true, true, false, true]",16,0.07610518665447473,0.14833443850035835,0.6180807294821746,0.6941859161366493,0.5106525173309208,0.6127476663338806,0.8341051260364079,0.07157599975471385,0.9866630025499035
02691156/166d333d38897d1513d521050081b441,farthest,0,4,"[0, 46, 18, 28, 16]",5,6,"[false, true, true, true, true, true, true, true, true, true, true, true, true, true, true, true, false, true, false, true, true, true, true, true, true, true, true, true, false, true, true, true, true, true, true, true, true, true, true, true, true, true, true, true, true, true, false, true]",30,0.0954885335810253,0.09973908991792729,0.6941859161366493,0.7896744497176746,0.04554103188072215,0.48642772317279787,0.9629303483951132,0.064977997681126,1.0164529994654004
02691156/166d333d38897d1513d521050081b441,farthest,0,5,"[0, 46, 18, 28, 16, 30]",6,7,"[false, true, true, true, true, true, true, true, true, true, true, true, true, true, true, true, false, true, false, true, true, true, true, true, true, true, true, true, false, true, false, true, true, true, true, true, true, true, true, true, true, true, true, true, true, true, false, true]",2,0.021409589713840424,0.024444828137912038,0.7896744497176746,0.8110840394315151,0.15888597013688605,0.20312215884147347,0.7198383250479877,0.10446400119690225,0.016694000805728137
02691156/166d333d38897d1513d521050081b441,farthest,0,6,"[0, 46, 18, 28, 16, 30, 2]",7,8,"[false, true, false, true, true, true, true, true, true, true, true, true, true, true, true, true, false, true, false, true, true, true, true, true, true, true, true, true, false, true, false, true, true, true, true, true, true, true, true, true, true, true, true, true, true, true, false, true]",44,0.007891613910963893,0.01973249616788498,0.8110840394315151,0.8189756533424789,0.7566289550579437,0.3242926569132802,0.6533771090373109,0.06157899770187214,0.5057279995526187
02691156/166d333d38897d1513d521050081b441,farthest,0,7,"[0, 46, 18, 28, 16, 30, 2, 44]",8,9,"[false, true, false, true, true, true, true, true, true, true, true, true, true, true, true, true, false, true, false, true, true, true, true, true, true, true, true, true, false, true, false, true, true, true, true, true, true, true, true, true, true, true, true, true, false, true, false, true]",13,0.016557477221704343,0.01973249616788498,0.8189756533424789,0.8355331305641831,0.17888459247092056,0.32323227741701194,0.7060259131694172,0.10486400060472079,0.4094600008102134
02691156/166d333d38897d1513d521050081b441,farthest,0,8,"[0, 46, 18, 28, 16, 30, 2, 44, 13]",9,10,"[false, true, false, true, true, true, true, true, true, true, true, true, true, false, true, true, false, true, false, true, true, true, true, true, true, true, true, true, false, true, false, true, true, true, true, true, true, true, true, true, true, true, true, true, false, true, false, true]",33,0.006730866976482609,0.01528395647809343,0.8355331305641831,0.8422639975406658,0.6212692690813302,0.36524369006536067,0.7446322933568047,0.08517100286553614,0.4736379996757023
02691156/166d333d38897d1513d521050081b441,oracle,0,0,[0],1,2,"[false, true, true, true, true, true, true, true, true, true, true, true, true, true, true, true, true, true, true, true, true, true, true, true, true, true, true, true, true, true, true, true, true, true, true, true, true, true, true, true, true, true, true, true, true, true, true, true]",38,0.3146999992641213,0.3146999992641213,0.14208135162895985,0.4567813508930812,0.0,1.0,1.0,0.0027989990485366434,0.4936320001434069
02691156/166d333d38897d1513d521050081b441,oracle,0,1,"[0, 38]",2,3,"[false, true, true, true, true, true, true, true, true, true, true, true, true, true, true, true, true, true, true, true, true, true, true, true, true, true, true, true, true, true, true, true, true, true, true, true, true, true, false, true, true, true, true, true, true, true, true, true]",25,0.23995332905440853,0.23995332905440853,0.4567813508930812,0.6967346799474897,0.0,0.9999999999999999,1.0,0.0020990009943488985,0.5430150013125967
02691156/166d333d38897d1513d521050081b441,oracle,0,2,"[0, 38, 25]",3,4,"[false, true, true, true, true, true, true, true, true, true, true, true, true, true, true, true, true, true, true, true, true, true, true, true, true, false, true, true, true, true, true, true, true, true, true, true, true, true, false, true, true, true, true, true, true, true, true, true]",28,0.06044032373101448,0.06044032373101448,0.6967346799474897,0.7571750036785042,0.0,0.9999999999999999,1.0,0.0023989996407181025,0.020991999917896464
02691156/166d333d38897d1513d521050081b441,oracle,0,3,"[0, 38, 25, 28]",4,5,"[false, true, true, true, true, true, true, true, true, true, true, true, true, true, true, true, true, true, true, true, true, true, true, true, true, false, true, true, false, true, true, true, true, true, true, true, true, true, false, true, true, true, true, true, true, true, true, true]",6,0.033430080980186655,0.033430080980186655,0.7571750036785042,0.790605084658691,0.0,1.0,1.0,0.0018000027921516448,0.44744700062437914
02691156/166d333d38897d1513d521050081b441,oracle,0,4,"[0, 38, 25, 28, 6]",5,6,"[false, true, true, true, true, true, false, true, true, true, true, true, true, true, true, true, true, true, true, true, true, true, true, true, true, false, true, true, false, true, true, true, true, true, true, true, true, true, false, true, true, true, true, true, true, true, true, true]",11,0.028607720943682607,0.028607720943682607,0.790605084658691,0.8192128056023734,0.0,1.0,1.0,0.0036989986256230623,0.5125249990669545
02691156/166d333d38897d1513d521050081b441,oracle,0,5,"[0, 38, 25, 28, 6, 11]",6,7,"[false, true, true, true, true, true, false, true, true, true, true, false, true, true, true, true, true, true, true, true, true, true, true, true, true, false, true, true, false, true, true, true, true, true, true, true, true, true, false, true, true, true, true, true, true, true, true, true]",2,0.015487179995279236,0.015487179995279236,0.8192128056023734,0.8346999855976527,0.0,1.0,1.0,0.0019990002328995615,0.017594000382814556
02691156/166d333d38897d1513d521050081b441,oracle,0,6,"[0, 38, 25, 28, 6, 11, 2]",7,8,"[false, true, false, true, true, true, false, true, true, true, true, false, true, true, true, true, true, true, true, true, true, true, true, true, true, false, true, true, false, true, true, true, true, true, true, true, true, true, false, true, true, true, true, true, true, true, true, true]",13,0.012371548776677774,0.012371548776677774,0.8346999855976527,0.8470715343743305,0.0,0.9999999999999999,1.0,0.0020989973563700914,0.031789000786375254
02691156/166d333d38897d1513d521050081b441,oracle,0,7,"[0, 38, 25, 28, 6, 11, 2, 13]",8,9,"[false, true, false, true, true, true, false, true, true, true, true, false, true, false, true, true, true, true, true, true, true, true, true, true, true, false, true, true, false, true, true, true, true, true, true, true, true, true, false, true, true, true, true, true, true, true, true, true]",40,0.010605472497475928,0.010605472497475928,0.8470715343743305,0.8576770068718064,0.0,1.0,1.0,0.00539800021215342,0.41905699981725775
02691156/166d333d38897d1513d521050081b441,oracle,0,8,"[0, 38, 25, 28, 6, 11, 2, 13, 40]",9,10,"[false, true, false, true, true, true, false, true, true, true, true, false, true, false, true, true, true, true, true, true, true, true, true, true, true, false, true, true, false, true, true, true, true, true, true, true, true, true, false, true, false, true, true, true, true, true, true, true]",35,0.009788318588544054,0.009788318588544054,0.8576770068718064,0.8674653254603504,0.0,1.0,1.0,0.0033989999792538583,0.475437002023682
02691156/16715d886ecf0a97ce2cec85ea6ae00d,random,0,0,[0],1,2,"[false, true, true, true, true, true, true, true, true, true, true, true, true, true, true, true, true, true, true, true, true, true, true, true, true, true, true, true, true, true, true, true, true, true, true, true, true, true, true, true, true, true, true, true, true, true, true, true]",21,0.25164511710713866,0.2784167752018904,0.13740721302201397,0.3890523301291526,0.13929448473482428,-0.041512488436632744,0.7694983604032753,0.18693599849939346,0.6016940023982897
02691156/16715d886ecf0a97ce2cec85ea6ae00d,random,0,1,"[0, 21]",2,3,"[false, true, true, true, true, true, true, true, true, true, true, true, true, true, true, true, true, true, true, true, true, false, true, true, true, true, true, true, true, true, true, true, true, true, true, true, true, true, true, true, true, true, true, true, true, true, true, true]",42,0.17331523122493495,0.20519380683988245,0.3890523301291526,0.5623675613540875,0.17974706098456034,0.21011409189022506,0.6660654637545443,0.1462500003981404,0.4704390012193471
02691156/16715d886ecf0a97ce2cec85ea6ae00d,random,0,2,"[0, 21, 42]",3,4,"[false, true, true, true, true, true, true, true, true, true, true, true, true, true, true, true, true, true, true, true, true, false, true, true, true, true, true, true, true, true, true, true, true, true, true, true, true, true, true, true, true, true, false, true, true, true, true, true]",47,0.011524193728601532,0.10705739252182087,0.5623675613540875,0.573891755082689,0.9999999999895324,0.1499341238471673,0.4837810776158359,0.16744299864512868,0.574503999814624
02691156/16715d886ecf0a97ce2cec85ea6ae00d,random,0,3,"[0, 21, 42, 47]",4,5,"[false, true, true, true, true, true, true, true, true, true, true, true, true, true, true, true, true, true, true, true, true, false, true, true, true, true, true, true, true, true, true, true, true, true, true, true, true, true, true, true, true, true, false, true, true, true, true, false]",18,0.07011875439267742,0.10510487637586977,0.573891755082689,0.6440105094753665,0.37555864013818685,-0.21733615221987318,0.3272838813170384,0.13645299986819737,0.46384099914575927
02691156/16715d886ecf0a97ce2cec85ea6ae00d,random,0,4,"[0, 21, 42, 47, 18]",5,6,"[false, true, true, true, true, true, true, true, true, true, true, true, true, true, true, true, true, true, false, true, true, false, true, true, true, true, true, true, true, true, true, true, true, true, true, true, true, true, true, true, true, true, false, true, true, true, true, false]",12,0.010298209728576195,0.07482930980481053,0.6440105094753665,0.6543087192039427,0.9400305912072847,-0.19329507701600726,0.2633418463827501,0.14914900020812638,0.5640070012304932
02691156/16715d886ecf0a97ce2cec85ea6ae00d,random,0,5,"[0, 21, 42, 47, 18, 12]",6,7,"[false, true, true, true, true, true, true, true, true, true, true, true, false, true, true, true, true, true, false, true, true, false, true, true, true, true, true, true, true, true, true, true, true, true, true, true, true, true, true, true, true, true, false, true, true, true, true, false]",8,0.046077968191291174,0.07309639932420907,0.6543087192039427,0.7003866873952338,0.3938010212809851,0.1660319260999919,0.4582781922053249,0.2549130003899336,0.8405129992752336
02691156/16715d886ecf0a97ce2cec85ea6ae00d,random,0,6,"[0, 21, 42, 47, 18, 12, 8]",7,8,"[false, true, true, true, true, true, true, true, false, true, true, true, false, true, true, true, true, true, false, true, true, false, true, true, true, true, true, true, true, true, true, true, true, true, true, true, true, true, true, true, true, true, false, true, true, true, true, false]",7,0.024776010171375956,0.037966148178133284,0.7003866873952338,0.7251626975666099,0.3854091001179595,0.11289198606271775,0.647175263822818,0.13605300046037883,0.48853300177142955
02691156/16715d886ecf0a97ce2cec85ea6ae00d,random,0,7,"[0, 21, 42, 47, 18, 12, 8, 7]",8,9,"[false, true, true, true, true, true, true, false, false, true, true, true, false, true, true, true, true, true, false, true, true, false, true, true, true, true, true, true, true, true, true, true, true, true, true, true, true, true, true, true, true, true, false, true, true, true, true, false]",9,0.003953204627110589,0.018580514168669002,0.7251626975666099,0.7291159021937204,0.9573999471546469,0.021575984990619138,0.5041129006073554,0.12465699910535477,0.4008630021417048
02691156/16715d886ecf0a97ce2cec85ea6ae00d,random,0,8,"[0, 21, 42, 47, 18, 12, 8, 7, 9]",9,10,"[false, true, true, true, true, true, true, false, false, false, true, true, false, true, true, true, true, true, false, true, true, false, true, true, true, true, true, true, true, true, true, true, true, true, true, true, true, true, true, true, true, true, false, true, true, true, true, false]",41,0.0056617353139860535,0.01800281779884895,0.7291159021937204,0.7347776375077064,0.7901025864220043,-0.019838056680161944,0.47677597737091515,0.10966300033032894,0.35207899782108143
02691156/16715d886ecf0a97ce2cec85ea6ae00d,farthest,0,0,[0],1,2,"[false, true, true, true, true, true, true, true, true, true, true, true, true, true, true, true, true, true, true, true, true, true, true, true, true, true, true, true, true, true, true, true, true, true, true, true, true, true, true, true, true, true, true, true, true, true, true, true]",46,0.08622210112288572,0.2784167752018904,0.13740721302201397,0.2236293141448997,0.9999999999947969,0.043846715350671854,0.5398073199321133,0.06447800114983693,1.0754320028354414
02691156/16715d886ecf0a97ce2cec85ea6ae00d,farthest,0,1,"[0, 46]",2,3,"[false, true, true, true, true, true, true, true, true, true, true, true, true, true, true, true, true, true, true, true, true, true, true, true, true, true, true, true, true, true, true, true, true, true, true, true, true, true, true, true, true, true, true, true, true, true, false, true]",18,0.2464762674470725,0.24682948838532773,0.2236293141448997,0.4701055815919722,0.0023445953810933232,0.40086544332676777,0.7683678957798213,0.08417099888902158,0.012696000339929014
02691156/16715d886ecf0a97ce2cec85ea6ae00d,farthest,0,2,"[0, 46, 18]",3,4,"[false, true, true, true, true, true, true, true, true, true, true, true, true, true, true, true, true, true, false, true, true, true, true, true, true, true, true, true, true, true, true, true, true, true, true, true, true, true, true, true, true, true, true, true, true, true, false, true]",28,0.08346654451227288,0.16733992645156925,0.4701055815919722,0.553572126104245,0.550563004903917,0.6270776373774575,0.734595890525995,0.07437399835907854,1.006856000458356
02691156/16715d886ecf0a97ce2cec85ea6ae00d,farthest,0,3,"[0, 46, 18, 28]",4,5,"[false, true, true, true, true, true, true, true, true, true, true, true, true, true, true, true, true, true, false, true, true, true, true, true, true, true, true, true, false, true, true, true, true, true, true, true, true, true, true, true, true, true, true, true, true, true, false, true]",16,0.057920540337614776,0.13804104969775846,0.553572126104245,0.6114926664418598,0.6373122445210385,0.6066103134705317,0.8106195913029905,0.1397519990860019,0.9233839991793502
02691156/16715d886ecf0a97ce2cec85ea6ae00d,farthest,0,4,"[0, 46, 18, 28, 16]",5,6,"[false, true, true, true, true, true, true, true, true, true, true, true, true, true, true, true, false, true, false, true, true, true, true, true, true, true, true, true, false, true, true, true, true, true, true, true, true, true, true, true, true, true, true, true, true, true, false, true]",30,0.09621026555185486,0.09720806254691622,0.6114926664418598,0.7077029319937147,0.011650211656189112,0.533006221147995,0.9759581981778164,0.09406800018041395,0.9516749996691942
02691156/16715d886ecf0a97ce2cec85ea6ae00d,farthest,0,5,"[0, 46, 18, 28, 16, 30]",6,7,"[false, true, true, true, true, true, true, true, true, true, true, true, true, true, true, true, false, true, false, true, true, true, true, true, true, true, true, true, false, true, false, true, true, true, true, true, true, true, true, true, true, true, true, true, true, true, false, true]",2,0.012892676836556783,0.019623080592546957,0.7077029319937147,0.7205956088302714,0.49293545940624844,0.3921826396198918,0.7059190655387528,0.06897599814692512,0.8133219998853747
02691156/16715d886ecf0a97ce2cec85ea6ae00d,farthest,0,6,"[0, 46, 18, 28, 16, 30, 2]",7,8,"[false, true, false, true, true, true, true, true, true, true, true, true, true, true, true, true, false, true, false, true, true, true, true, true, true, true, true, true, false, true, false, true, true, true, true, true, true, true, true, true, true, true, true, true, true, true, false, true]",44,0.014457011512290901,0.015159939719200613,0.7205956088302714,0.7350526203425625,0.05939617857225814,0.423275302463589,0.7983207802693435,0.10916200335486792,0.506327000039164
02691156/16715d886ecf0a97ce2cec85ea6ae00d,farthest,0,7,"[0, 46, 18, 28, 16, 30, 2, 44]",8,9,"[false, true, false, true, true, true, true, true, true, true, true, true, true, true, true, true, false, true, false, true, true, true, true, true, true, true, true, true, false, true, false, true, true, true, true, true, true, true, true, true, true, true, true, true, false, true, false, true]",13,0.006943736371164667,0.014524624756031052,0.7350526203425625,0.7419963567137271,0.6710665411580974,0.4262072662039109,0.5773297228531794,0.06897599814692512,0.9005920001072809
02691156/16715d886ecf0a97ce2cec85ea6ae00d,farthest,0,8,"[0, 46, 18, 28, 16, 30, 2, 44, 13]",9,10,"[false, true, false, true, true, true, true, true, true, true, true, true, true, false, true, true, false, true, false, true, true, true, true, true, true, true, true, true, false, true, false, true, true, true, true, true, true, true, true, true, true, true, true, true, false, true, false, true]",33,0.005196904844665937,0.014120195321568805,0.7419963567137271,0.747193261558393,0.7811461015771836,0.4572144469300679,0.576444710171053,0.06277899956330657,0.7734360005997587
02691156/16715d886ecf0a97ce2cec85ea6ae00d,oracle,0,0,[0],1,2,"[false, true, true, true, true, true, true, true, true, true, true, true, true, true, true, true, true, true, true, true, true, true, true, true, true, true, true, true, true, true, true, true, true, true, true, true, true, true, true, true, true, true, true, true, true, true, true, true]",18,0.2784167752018904,0.2784167752018904,0.13740721302201397,0.4158239882239043,0.0,1.0,1.0,0.0030989976949058473,0.02119300188496709
02691156/16715d886ecf0a97ce2cec85ea6ae00d,oracle,0,1,"[0, 18]",2,3,"[false, true, true, true, true, true, true, true, true, true, true, true, true, true, true, true, true, true, false, true, true, true, true, true, true, true, true, true, true, true, true, true, true, true, true, true, true, true, true, true, true, true, true, true, true, true, true, true]",38,0.1941718569606412,0.1941718569606412,0.4158239882239043,0.6099958451845455,0.0,0.9999999999999999,1.0,0.0020990009943488985,0.42525499884504825
02691156/16715d886ecf0a97ce2cec85ea6ae00d,oracle,0,2,"[0, 18, 38]",3,4,"[false, true, true, true, true, true, true, true, true, true, true, true, true, true, true, true, true, true, false, true, true, true, true, true, true, true, true, true, true, true, true, true, true, true, true, true, true, true, false, true, true, true, true, true, true, true, true, true]",36,0.06862364456863822,0.06862364456863822,0.6099958451845455,0.6786194897531836,0.0,0.9999999999999999,1.0,0.0033989999792538583,0.4910319985356182
02691156/16715d886ecf0a97ce2cec85ea6ae00d,oracle,0,3,"[0, 18, 38, 36]",4,5,"[false, true, true, true, true, true, true, true, true, true, true, true, true, true, true, true, true, true, false, true, true, true, true, true, true, true, true, true, true, true, true, true, true, true, true, true, false, true, false, true, true, true, true, true, true, true, true, true]",32,0.03643853929776709,0.03643853929776709,0.6786194897531836,0.7150580290509508,0.0,1.0,1.0,0.0021989981178194284,0.3288869993411936
02691156/16715d886ecf0a97ce2cec85ea6ae00d,oracle,0,4,"[0, 18, 38, 36, 32]",5,6,"[false, true, true, true, true, true, true, true, true, true, true, true, true, true, true, true, true, true, false, true, true, true, true, true, true, true, true, true, true, true, true, true, false, true, true, true, false, true, false, true, true, true, true, true, true, true, true, true]",35,0.01414094516893493,0.01414094516893493,0.7150580290509508,0.7291989742198858,0.0,1.0,1.0,0.0017989987100008875,0.3320869982417207
02691156/16715d886ecf0a97ce2cec85ea6ae00d,oracle,0,5,"[0, 18, 38, 36, 32, 35]",6,7,"[false, true, true, true, true, true, true, true, true, true, true, true, true, true, true, true, true, true, false, true, true, true, true, true, true, true, true, true, true, true, true, true, false, true, true, false, false, true, false, true, true, true, true, true, true, true, true, true]",15,0.012567657181896525,0.012567657181896525,0.7291989742198858,0.7417666314017822,0.0,1.0,1.0,0.0019990002328995615,0.2881010004784912
02691156/16715d886ecf0a97ce2cec85ea6ae00d,oracle,0,6,"[0, 18, 38, 36, 32, 35, 15]",7,8,"[false, true, true, true, true, true, true, true, true, true, true, true, true, true, true, false, true, true, false, true, true, true, true, true, true, true, true, true, true, true, true, true, false, true, true, false, false, true, false, true, true, true, true, true, true, true, true, true]",8,0.008957829593765109,0.008957829593765109,0.7417666314017822,0.7507244609955475,0.0,0.9999999999999999,1.0,0.0017999991541728377,0.01579399759066291
02691156/16715d886ecf0a97ce2cec85ea6ae00d,oracle,0,7,"[0, 18, 38, 36, 32, 35, 15, 8]",8,9,"[false, true, true, true, true, true, true, true, false, true, true, true, true, true, true, false, true, true, false, true, true, true, true, true, true, true, true, true, true, true, true, true, false, true, true, false, false, true, false, true, true, true, true, true, true, true, true, true]",14,0.007260371399808148,0.007260371399808148,0.7507244609955475,0.7579848323953555,0.0,1.0,1.0,0.0026990019250661135,0.3439819993218407
02691156/16715d886ecf0a97ce2cec85ea6ae00d,oracle,0,8,"[0, 18, 38, 36, 32, 35, 15, 8, 14]",9,10,"[false, true, true, true, true, true, true, true, false, true, true, true, true, true, false, false, true, true, false, true, true, true, true, true, true, true, true, true, true, true, true, true, false, true, true, false, false, true, false, true, true, true, true, true, true, true, true, true]",11,0.005897977272569229,0.005897977272569229,0.7579848323953555,0.7638828096679248,0.0,1.0,1.0,0.0023990032786969095,0.3080950009461958
02691156/167250e2014c72dbb87697d3904b168b,random,0,0,[0],1,2,"[false, true, true, true, true, true, true, true, true, true, true, true, true, true, true, true, true, true, true, true, true, true, true, true, true, true, true, true, true, true, true, true, true, true, true, true, true, true, true, true, true, true, true, true, true, true, true, true]",19,0.32201200687474774,0.3328920221369147,0.11972974763032487,0.4417417545050727,0.042930677303521673,0.2743987049028677,0.9423553793153897,0.16064499868662097,0.40735999937169254
02691156/167250e2014c72dbb87697d3904b168b,random,0,1,"[0, 19]",2,3,"[false, true, true, true, true, true, true, true, true, true, true, true, true, true, true, true, true, true, true, false, true, true, true, true, true, true, true, true, true, true, true, true, true, true, true, true, true, true, true, true, true, true, true, true, true, true, true, true]",6,0.2012408651741318,0.24435340521941268,0.4417417545050727,0.6429826196792046,0.2080622655887214,0.04779525131051495,0.7089572569759424,0.1089630022761412,0.3613759981817566
02691156/167250e2014c72dbb87697d3904b168b,random,0,2,"[0, 19, 6]",3,4,"[false, true, true, true, true, true, false, true, true, true, true, true, true, true, true, true, true, true, true, false, true, true, true, true, true, true, true, true, true, true, true, true, true, true, true, true, true, true, true, true, true, true, true, true, true, true, true, true]",44,0.12130463533264524,0.12130463533264524,0.6429826196792046,0.7642872550118497,0.0,-0.06337285902503292,0.6641153486158511,0.12895600229967386,0.44304800030658953
02691156/167250e2014c72dbb87697d3904b168b,random,0,3,"[0, 19, 6, 44]",4,5,"[false, true, true, true, true, true, false, true, true, true, true, true, true, true, true, true, true, true, true, false, true, true, true, true, true, true, true, true, true, true, true, true, true, true, true, true, true, true, true, true, true, true, true, true, false, true, true, true]",27,0.014809901005954296,0.06479068751104697,0.7642872550118497,0.7790971560178039,0.9200348894148015,-0.007188160676532771,0.3454905886553027,0.13945200043963268,0.38336900252033956
02691156/167250e2014c72dbb87697d3904b168b,random,0,4,"[0, 19, 6, 44, 27]",5,6,"[false, true, true, true, true, true, false, true, true, true, true, true, true, true, true, true, true, true, true, false, true, true, true, true, true, true, true, false, true, true, true, true, true, true, true, true, true, true, true, true, true, true, true, true, false, true, true, true]",46,0.013571612150997395,0.05937579376901852,0.7790971560178039,0.7926687681688014,0.868869918328537,0.07112654787073391,0.43686022891502174,0.10376500358688645,0.3042959979211446
02691156/167250e2014c72dbb87697d3904b168b,random,0,5,"[0, 19, 6, 44, 27, 46]",6,7,"[false, true, true, true, true, true, false, true, true, true, true, true, true, true, true, true, true, true, true, false, true, true, true, true, true, true, true, false, true, true, true, true, true, true, true, true, true, true, true, true, true, true, true, true, false, true, false, true]",20,0.012724136951749936,0.05106449750938465,0.7926687681688014,0.8053929051205515,0.8517201514102917,0.030710639332306944,0.39255638982175656,0.09866599793895148,0.3150929987896234
02691156/167250e2014c72dbb87697d3904b168b,random,0,6,"[0, 19, 6, 44, 27, 46, 20]",7,8,"[false, true, true, true, true, true, false, true, true, true, true, true, true, true, true, true, true, true, true, false, false, true, true, true, true, true, true, false, true, true, true, true, true, true, true, true, true, true, true, true, true, true, true, true, false, true, false, true]",22,0.014024485356222824,0.04996334133342152,0.8053929051205515,0.8194173904767742,0.7571611946602635,0.11045296167247386,0.47214895240348576,0.10936299804598093,0.32778800232335925
02691156/167250e2014c72dbb87697d3904b168b,random,0,7,"[0, 19, 6, 44, 27, 46, 20, 22]",8,9,"[false, true, true, true, true, true, false, true, true, true, true, true, true, true, true, true, true, true, true, false, false, true, false, true, true, true, true, false, true, true, true, true, true, true, true, true, true, true, true, true, true, true, true, true, false, true, false, true]",38,0.003353844344723033,0.045014947225792155,0.8194173904767742,0.8227712348214973,0.9736603317005291,0.20375234521575986,0.32082949625746343,0.09936599963111803,0.4226560013194103
02691156/167250e2014c72dbb87697d3904b168b,random,0,8,"[0, 19, 6, 44, 27, 46, 20, 22, 38]",9,10,"[false, true, true, true, true, true, false, true, true, true, true, true, true, true, true, true, true, true, true, false, false, true, false, true, true, true, true, false, true, true, true, true, true, true, true, true, true, true, false, true, true, true, true, true, false, true, false, true]",37,0.003321118728397133,0.04473568760986952,0.8227712348214973,0.8260923535498945,0.9602409380304533,0.0771255060728745,0.39869995629310967,0.0995660011540167,0.31509200198343024
02691156/167250e2014c72dbb87697d3904b168b,farthest,0,0,[0],1,2,"[false, true, true, true, true, true, true, true, true, true, true, true, true, true, true, true, true, true, true, true, true, true, true, true, true, true, true, true, true, true, true, true, true, true, true, true, true, true, true, true, true, true, true, true, true, true, true, true]",46,0.0794598392435053,0.3328920221369147,0.11972974763032487,0.19918958687383018,0.9999999999960543,-0.005148229111094716,0.5009786020392079,0.08996999895316549,0.014095003280090168
02691156/167250e2014c72dbb87697d3904b168b,farthest,0,1,"[0, 46]",2,3,"[false, true, true, true, true, true, true, true, true, true, true, true, true, true, true, true, true, true, true, true, true, true, true, true, true, true, true, true, true, true, true, true, true, true, true, true, true, true, true, true, true, true, true, true, true, true, false, true]",18,0.29788450104807385,0.30629401035376436,0.19918958687383018,0.497074087921904,0.04584952542019693,0.5140393518141524,0.8150435766264517,0.07937299960758537,1.166202000604244
02691156/167250e2014c72dbb87697d3904b168b,farthest,0,2,"[0, 46, 18]",3,4,"[false, true, true, true, true, true, true, true, true, true, true, true, true, true, true, true, true, true, false, true, true, true, true, true, true, true, true, true, true, true, true, true, true, true, true, true, true, true, true, true, true, true, true, true, true, true, false, true]",28,0.14559899910118196,0.2121559917629663,0.497074087921904,0.642673087023086,0.34277894844465595,0.6475867492950502,0.8241777436117957,0.07727399861323647,0.373172002582578
02691156/167250e2014c72dbb87697d3904b168b,farthest,0,3,"[0, 46, 18, 28]",4,5,"[false, true, true, true, true, true, true, true, true, true, true, true, true, true, true, true, true, true, false, true, true, true, true, true, true, true, true, true, false, true, true, true, true, true, true, true, true, true, true, true, true, true, true, true, true, true, false, true]",16,0.11567374126988568,0.174807806766885,0.642673087023086,0.7583468282929717,0.3593513553498216,0.6309480920665701,0.847392231758747,0.08807000267552212,0.9332810004707426
02691156/167250e2014c72dbb87697d3904b168b,farthest,0,4,"[0, 46, 18, 28, 16]",5,6,"[false, true, true, true, true, true, true, true, true, true, true, true, true, true, true, true, false, true, false, true, true, true, true, true, true, true, true, true, false, true, true, true, true, true, true, true, true, true, true, true, true, true, true, true, true, true, false, true]",30,0.07674896482110694,0.07823341069415288,0.7583468282929717,0.8350957931140786,0.021417050549245854,0.5820799958004349,0.9962032824172927,0.1610450017324183,0.5818009994982276
02691156/167250e2014c72dbb87697d3904b168b,farthest,0,5,"[0, 46, 18, 28, 16, 30]",6,7,"[false, true, true, true, true, true, true, true, true, true, true, true, true, true, true, true, false, true, false, true, true, true, true, true, true, true, true, true, false, true, false, true, true, true, true, true, true, true, true, true, true, true, true, true, true, true, false, true]",2,0.01130991541685964,0.012677740170478844,0.8350957931140786,0.8464057085309382,0.1618452343418564,0.38966291696119404,0.774415698328456,0.0684769984218292,0.9762659974512644
02691156/167250e2014c72dbb87697d3904b168b,farthest,0,6,"[0, 46, 18, 28, 16, 30, 2]",7,8,"[false, true, false, true, true, true, true, true, true, true, true, true, true, true, true, true, false, true, false, true, true, true, true, true, true, true, true, true, false, true, false, true, true, true, true, true, true, true, true, true, true, true, true, true, true, true, false, true]",44,0.008099375643251625,0.009513318128226348,0.8464057085309382,0.8545050841741899,0.2308732539701014,0.574588578803514,0.851454698262424,0.07137599823181517,0.01249599881703034
02691156/167250e2014c72dbb87697d3904b168b,farthest,0,7,"[0, 46, 18, 28, 16, 30, 2, 44]",8,9,"[false, true, false, true, true, true, true, true, true, true, true, true, true, true, true, true, false, true, false, true, true, true, true, true, true, true, true, true, false, true, false, true, true, true, true, true, true, true, true, true, true, true, true, true, false, true, false, true]",13,0.00602960396972453,0.008169712834075058,0.8545050841741899,0.8605346881439144,0.392096932647409,0.6374283583774039,0.8469594154502744,0.0649780013191048,0.3588780018617399
02691156/167250e2014c72dbb87697d3904b168b,farthest,0,8,"[0, 46, 18, 28, 16, 30, 2, 44, 13]",9,10,"[false, true, false, true, true, true, true, true, true, true, true, true, true, false, true, true, false, true, false, true, true, true, true, true, true, true, true, true, false, true, false, true, true, true, true, true, true, true, true, true, true, true, true, true, false, true, false, true]",33,0.0065179827475141516,0.007866308223526254,0.8605346881439144,0.8670526708914286,0.24585350024159724,0.5916176280436136,0.8657086961663609,0.06687700079055503,1.2114859964640345
02691156/167250e2014c72dbb87697d3904b168b,oracle,0,0,[0],1,2,"[false, true, true, true, true, true, true, true, true, true, true, true, true, true, true, true, true, true, true, true, true, true, true, true, true, true, true, true, true, true, true, true, true, true, true, true, true, true, true, true, true, true, true, true, true, true, true, true]",30,0.3328920221369147,0.3328920221369147,0.11972974763032487,0.45262176976723956,0.0,1.0,1.0,0.0023000029614195228,0.02129299900843762
02691156/167250e2014c72dbb87697d3904b168b,oracle,0,1,"[0, 30]",2,3,"[false, true, true, true, true, true, true, true, true, true, true, true, true, true, true, true, true, true, true, true, true, true, true, true, true, true, true, true, true, true, false, true, true, true, true, true, true, true, true, true, true, true, true, true, true, true, true, true]",25,0.2432865674065694,0.2432865674065694,0.45262176976723956,0.6959083371738091,0.0,0.9999999999999999,1.0,0.0026989982870873064,0.5651069986924995
02691156/167250e2014c72dbb87697d3904b168b,oracle,0,2,"[0, 30, 25]",3,4,"[false, true, true, true, true, true, true, true, true, true, true, true, true, true, true, true, true, true, true, true, true, true, true, true, true, false, true, true, true, true, false, true, true, true, true, true, true, true, true, true, true, true, true, true, true, true, true, true]",28,0.08467229940181165,0.08467229940181165,0.6959083371738091,0.7805806365756207,0.0,0.9999999999999999,1.0,0.0021989981178194284,0.020692998077720404
02691156/167250e2014c72dbb87697d3904b168b,oracle,0,3,"[0, 30, 25, 28]",4,5,"[false, true, true, true, true, true, true, true, true, true, true, true, true, true, true, true, true, true, true, true, true, true, true, true, true, false, true, true, false, true, false, true, true, true, true, true, true, true, true, true, true, true, true, true, true, true, true, true]",23,0.04891041065887157,0.04891041065887157,0.7805806365756207,0.8294910472344923,0.0,1.0,1.0,0.00409900167142041,0.5809020003653131
02691156/167250e2014c72dbb87697d3904b168b,oracle,0,4,"[0, 30, 25, 28, 23]",5,6,"[false, true, true, true, true, true, true, true, true, true, true, true, true, true, true, true, true, true, true, true, true, true, true, false, true, false, true, true, false, true, false, true, true, true, true, true, true, true, true, true, true, true, true, true, true, true, true, true]",35,0.016185897808192073,0.016185897808192073,0.8294910472344923,0.8456769450426842,0.0,1.0,1.0,0.0022999993234407157,0.4629420000128448
02691156/167250e2014c72dbb87697d3904b168b,oracle,0,5,"[0, 30, 25, 28, 23, 35]",6,7,"[false, true, true, true, true, true, true, true, true, true, true, true, true, true, true, true, true, true, true, true, true, true, true, false, true, false, true, true, false, true, false, true, true, true, true, false, true, true, true, true, true, true, true, true, true, true, true, true]",9,0.010939045823622887,0.010939045823622887,0.8456769450426842,0.8566159908663072,0.0,1.0,1.0,0.0022989988792687654,0.37207299828878604
02691156/167250e2014c72dbb87697d3904b168b,oracle,0,6,"[0, 30, 25, 28, 23, 35, 9]",7,8,"[false, true, true, true, true, true, true, true, true, false, true, true, true, true, true, true, true, true, true, true, true, true, true, false, true, false, true, true, false, true, false, true, true, true, true, false, true, true, true, true, true, true, true, true, true, true, true, true]",36,0.00749827810531806,0.00749827810531806,0.8566159908663072,0.8641142689716252,0.0,0.9999999999999999,1.0,0.0018999999156221747,0.4157580005994532
02691156/167250e2014c72dbb87697d3904b168b,oracle,0,7,"[0, 30, 25, 28, 23, 35, 9, 36]",8,9,"[false, true, true, true, true, true, true, true, true, false, true, true, true, true, true, true, true, true, true, true, true, true, true, false, true, false, true, true, false, true, false, true, true, true, true, false, false, true, true, true, true, true, true, true, true, true, true, true]",1,0.00642459524039778,0.00642459524039778,0.8641142689716252,0.8705388642120231,0.0,1.0,1.0,0.0067969995143357664,0.5477129998325836
02691156/167250e2014c72dbb87697d3904b168b,oracle,0,8,"[0, 30, 25, 28, 23, 35, 9, 36, 1]",9,10,"[false, false, true, true, true, true, true, true, true, false, true, true, true, true, true, true, true, true, true, true, true, true, true, false, true, false, true, true, false, true, false, true, true, true, true, false, false, true, true, true, true, true, true, true, true, true, true, true]",13,0.004932472679539173,0.004932472679539173,0.8705388642120231,0.8754713368915622,0.0,1.0,1.0,0.0024990004021674395,0.020892999600619078
02691156/167740d2a5f5cb6c7f4561609781d8c9,random,0,0,[0],1,2,"[false, true, true, true, true, true, true, true, true, true, true, true, true, true, true, true, true, true, true, true, true, true, true, true, true, true, true, true, true, true, true, true, true, true, true, true, true, true, true, true, true, true, true, true, true, true, true, true]",15,0.3453196747743521,0.4429680267165429,0.06662256831444521,0.41194224308879734,0.2647171773689332,0.0496068455134135,0.6979423350417618,0.1435510021110531,0.5622069984383415
02691156/167740d2a5f5cb6c7f4561609781d8c9,random,0,1,"[0, 15]",2,3,"[false, true, true, true, true, true, true, true, true, true, true, true, true, true, true, false, true, true, true, true, true, true, true, true, true, true, true, true, true, true, true, true, true, true, true, true, true, true, true, true, true, true, true, true, true, true, true, true]",9,0.2874709578799209,0.2999034360881852,0.41194224308879734,0.6994132009687182,0.04326913957426605,-0.13043478260869565,0.5899805982705919,0.1454499979445245,0.38546799987670965
02691156/167740d2a5f5cb6c7f4561609781d8c9,random,0,2,"[0, 15, 9]",3,4,"[false, true, true, true, true, true, true, true, true, false, true, true, true, true, true, false, true, true, true, true, true, true, true, true, true, true, true, true, true, true, true, true, true, true, true, true, true, true, true, true, true, true, true, true, true, true, true, true]",27,0.03073495286079495,0.12806150216928183,0.6994132009687182,0.7301481538295131,0.791334045245117,-0.13636363636363635,0.3164647672768692,0.18313699911232106,0.3088949997618329
02691156/167740d2a5f5cb6c7f4561609781d8c9,random,0,3,"[0, 15, 9, 27]",4,5,"[false, true, true, true, true, true, true, true, true, false, true, true, true, true, true, false, true, true, true, true, true, true, true, true, true, true, true, false, true, true, true, true, true, true, true, true, true, true, true, true, true, true, true, true, true, true, true, true]",11,0.005638270279658326,0.10872132296161718,0.7301481538295131,0.7357864241091714,0.9864979119171206,-0.3424947145877379,0.1608360152150222,0.09606800085748546,0.3031960004591383
02691156/167740d2a5f5cb6c7f4561609781d8c9,random,0,4,"[0, 15, 9, 27, 11]",5,6,"[false, true, true, true, true, true, true, true, true, false, true, false, true, true, true, false, true, true, true, true, true, true, true, true, true, true, true, false, true, true, true, true, true, true, true, true, true, true, true, true, true, true, true, true, true, true, true, true]",18,0.005959287571190271,0.10555429755381539,0.7357864241091714,0.7417457116803619,0.9686275384688035,-0.07369374811235277,0.25430991424382604,0.09086899808607996,0.3615770001488272
02691156/167740d2a5f5cb6c7f4561609781d8c9,random,0,5,"[0, 15, 9, 27, 11, 18]",6,7,"[false, true, true, true, true, true, true, true, true, false, true, false, true, true, true, false, true, true, false, true, true, true, true, true, true, true, true, false, true, true, true, true, true, true, true, true, true, true, true, true, true, true, true, true, true, true, true, true]",19,0.002945864981659715,0.10382458264885695,0.7417457116803619,0.7446915766620215,0.9913330170127265,0.14820516975933878,0.3189093694332673,0.09696699999039993,0.34028300069621764
02691156/167740d2a5f5cb6c7f4561609781d8c9,random,0,6,"[0, 15, 9, 27, 11, 18, 19]",7,8,"[false, true, true, true, true, true, true, true, true, false, true, false, true, true, true, false, true, true, false, false, true, true, true, true, true, true, true, false, true, true, true, true, true, true, true, true, true, true, true, true, true, true, true, true, true, true, true, true]",40,0.008403814414853678,0.10193051679577031,0.7446915766620215,0.7530953910768751,0.9328759916494547,0.002090592334494773,0.3235474859342562,0.16814199989312328,0.27680499988491647
02691156/167740d2a5f5cb6c7f4561609781d8c9,random,0,7,"[0, 15, 9, 27, 11, 18, 19, 40]",8,9,"[false, true, true, true, true, true, true, true, true, false, true, false, true, true, true, false, true, true, false, false, true, true, true, true, true, true, true, false, true, true, true, true, true, true, true, true, true, true, true, true, false, true, true, true, true, true, true, true]",30,0.09254541678503565,0.09689047184078335,0.7530953910768751,0.8456408078619108,0.04527231828307271,-0.04221388367729831,0.4994925753065165,0.09026900079334155,0.3040960000362247
02691156/167740d2a5f5cb6c7f4561609781d8c9,random,0,8,"[0, 15, 9, 27, 11, 18, 19, 40, 30]",9,10,"[false, true, true, true, true, true, true, true, true, false, true, false, true, true, true, false, true, true, false, false, true, true, true, true, true, true, true, false, true, true, false, true, true, true, true, true, true, true, true, true, false, true, true, true, true, true, true, true]",23,0.0016183999885585319,0.010289562848148009,0.8456408078619108,0.8472592078504693,0.8508218349565883,0.060526315789473685,0.4831791083802101,0.09906600098474883,0.32688800274627283
02691156/167740d2a5f5cb6c7f4561609781d8c9,farthest,0,0,[0],1,2,"[false, true, true, true, true, true, true, true, true, true, true, true, true, true, true, true, true, true, true, true, true, true, true, true, true, true, true, true, true, true, true, true, true, true, true, true, true, true, true, true, true, true, true, true, true, true, true, true]",46,0.07408999276170533,0.4429680267165429,0.06662256831444521,0.14071256107615054,0.9999999999972892,0.10626176266383139,0.46935009756106044,0.08756999886827543,1.0735329997260123
02691156/167740d2a5f5cb6c7f4561609781d8c9,farthest,0,1,"[0, 46]",2,3,"[false, true, true, true, true, true, true, true, true, true, true, true, true, true, true, true, true, true, true, true, true, true, true, true, true, true, true, true, true, true, true, true, true, true, true, true, true, true, true, true, true, true, true, true, true, true, false, true]",18,0.38248527813627886,0.40049138912211335,0.14071256107615054,0.5231978392124293,0.06246630020635222,0.29059501393267306,0.7269235786906376,0.06557799861184321,0.015195000742096454
02691156/167740d2a5f5cb6c7f4561609781d8c9,farthest,0,2,"[0, 46, 18]",3,4,"[false, true, true, true, true, true, true, true, true, true, true, true, true, true, true, true, true, true, false, true, true, true, true, true, true, true, true, true, true, true, true, true, true, true, true, true, true, true, true, true, true, true, true, true, true, true, false, true]",28,0.13086347609915902,0.2935385922619893,0.5231978392124293,0.6540613153115884,0.5653024024169365,0.49782407030838427,0.6745325021859204,0.07277500117197633,0.3872679990308825
02691156/167740d2a5f5cb6c7f4561609781d8c9,farthest,0,3,"[0, 46, 18, 28]",4,5,"[false, true, true, true, true, true, true, true, true, true, true, true, true, true, true, true, true, true, false, true, true, true, true, true, true, true, true, true, false, true, true, true, true, true, true, true, true, true, true, true, true, true, true, true, true, true, false, true]",16,0.09787498571647892,0.1768785127642637,0.6540613153115884,0.7519363010280673,0.4571344141322273,0.5177245133806527,0.8445086557323381,0.09516799764242023,0.9680690018285532
02691156/167740d2a5f5cb6c7f4561609781d8c9,farthest,0,4,"[0, 46, 18, 28, 16]",5,6,"[false, true, true, true, true, true, true, true, true, true, true, true, true, true, true, true, false, true, false, true, true, true, true, true, true, true, true, true, false, true, true, true, true, true, true, true, true, true, true, true, true, true, true, true, true, true, false, true]",30,0.08844760317059167,0.08844760317059167,0.7519363010280673,0.8403839041986589,0.0,0.43758079185465276,0.9978964791401221,0.06737700095982291,0.015094999980647117
02691156/167740d2a5f5cb6c7f4561609781d8c9,farthest,0,5,"[0, 46, 18, 28, 16, 30]",6,7,"[false, true, true, true, true, true, true, true, true, true, true, true, true, true, true, true, false, true, false, true, true, true, true, true, true, true, true, true, false, true, false, true, true, true, true, true, true, true, true, true, true, true, true, true, true, true, false, true]",2,0.0014858883269623,0.00858860973356742,0.8403839041986589,0.8418697925256212,0.9531997452135068,0.0735596453587569,0.511479001076437,0.08387099660467356,0.9446100011700764
02691156/167740d2a5f5cb6c7f4561609781d8c9,farthest,0,6,"[0, 46, 18, 28, 16, 30, 2]",7,8,"[false, true, false, true, true, true, true, true, true, true, true, true, true, true, true, true, false, true, false, true, true, true, true, true, true, true, true, true, false, true, false, true, true, true, true, true, true, true, true, true, true, true, true, true, true, true, false, true]",44,0.0062083361233071545,0.008463798480973598,0.8418697925256212,0.8480781286489285,0.28842283261168683,0.1538468127220599,0.6204701788539384,0.06150799890747294,0.3094399980909657
02691156/167740d2a5f5cb6c7f4561609781d8c9,farthest,0,7,"[0, 46, 18, 28, 16, 30, 2, 44]",8,9,"[false, true, false, true, true, true, true, true, true, true, true, true, true, true, true, true, false, true, false, true, true, true, true, true, true, true, true, true, false, true, false, true, true, true, true, true, true, true, true, true, true, true, true, true, false, true, false, true]",13,0.003909934329514328,0.0076093731091525715,0.8480781286489285,0.8519880629784428,0.5191202382683577,0.1561567700159647,0.48757765020412175,0.06370799746946432,0.8370069990633056
02691156/167740d2a5f5cb6c7f4561609781d8c9,farthest,0,8,"[0, 46, 18, 28, 16, 30, 2, 44, 13]",9,10,"[false, true, false, true, true, true, true, true, true, true, true, true, true, false, true, true, false, true, false, true, true, true, true, true, true, true, true, true, false, true, false, true, true, true, true, true, true, true, true, true, true, true, true, true, false, true, false, true]",33,0.0017272066684491097,0.006218847147626933,0.8519880629784428,0.8537152696468919,0.7778329121905031,0.20393957013377143,0.4877193326477188,0.0683090001984965,0.8033029989746865
02691156/167740d2a5f5cb6c7f4561609781d8c9,oracle,0,0,[0],1,2,"[false, true, true, true, true, true, true, true, true, true, true, true, true, true, true, true, true, true, true, true, true, true, true, true, true, true, true, true, true, true, true, true, true, true, true, true, true, true, true, true, true, true, true, true, true, true, true, true]",38,0.4429680267165429,0.4429680267165429,0.06662256831444521,0.5095905950309881,0.0,1.0,1.0,0.0037999998312443495,0.5652720028592739
02691156/167740d2a5f5cb6c7f4561609781d8c9,oracle,0,1,"[0, 38]",2,3,"[false, true, true, true, true, true, true, true, true, true, true, true, true, true, true, true, true, true, true, true, true, true, true, true, true, true, true, true, true, true, true, true, true, true, true, true, true, true, false, true, true, true, true, true, true, true, true, true]",34,0.2932990454520427,0.2932990454520427,0.5095905950309881,0.8028896404830308,0.0,0.9999999999999999,1.0,0.005101002898300067,0.6134780014690477
02691156/167740d2a5f5cb6c7f4561609781d8c9,oracle,0,2,"[0, 38, 34]",3,4,"[false, true, true, true, true, true, true, true, true, true, true, true, true, true, true, true, true, true, true, true, true, true, true, true, true, true, true, true, true, true, true, true, true, true, false, true, true, true, false, true, true, true, true, true, true, true, true, true]",29,0.024008937743844466,0.024008937743844466,0.8028896404830308,0.8268985782268754,0.0,0.9999999999999999,1.0,0.006000998837407678,0.6040769985702354
02691156/167740d2a5f5cb6c7f4561609781d8c9,oracle,0,3,"[0, 38, 34, 29]",4,5,"[false, true, true, true, true, true, true, true, true, true, true, true, true, true, true, true, true, true, true, true, true, true, true, true, true, true, true, true, true, false, true, true, true, true, false, true, true, true, false, true, true, true, true, true, true, true, true, true]",15,0.013811245950655762,0.013811245950655762,0.8268985782268754,0.840709824177531,0.0,1.0,1.0,0.0060010024753864855,0.030904000595910475
02691156/167740d2a5f5cb6c7f4561609781d8c9,oracle,0,4,"[0, 38, 34, 29, 15]",5,6,"[false, true, true, true, true, true, true, true, true, true, true, true, true, true, true, false, true, true, true, true, true, true, true, true, true, true, true, true, true, false, true, true, true, true, false, true, true, true, false, true, true, true, true, true, true, true, true, true]",10,0.008270562039202074,0.008270562039202074,0.840709824177531,0.8489803862167331,0.0,1.0,1.0,0.0043009968067053705,0.6795869994675741
02691156/167740d2a5f5cb6c7f4561609781d8c9,oracle,0,5,"[0, 38, 34, 29, 15, 10]",6,7,"[false, true, true, true, true, true, true, true, true, true, false, true, true, true, true, false, true, true, true, true, true, true, true, true, true, true, true, true, true, false, true, true, true, true, false, true, true, true, false, true, true, true, true, true, true, true, true, true]",28,0.004468413772050321,0.004468413772050321,0.8489803862167331,0.8534487999887834,0.0,1.0,1.0,0.0034999975468963385,0.02170200241380371
02691156/167740d2a5f5cb6c7f4561609781d8c9,oracle,0,6,"[0, 38, 34, 29, 15, 10, 28]",7,8,"[false, true, true, true, true, true, true, true, true, true, false, true, true, true, true, false, true, true, true, true, true, true, true, true, true, true, true, true, false, false, true, true, true, true, false, true, true, true, false, true, true, true, true, true, true, true, true, true]",39,0.004118721539225867,0.004118721539225867,0.8534487999887834,0.8575675215280094,0.0,0.9999999999999999,1.0,0.0038010002754162997,0.48486200103070587
02691156/167740d2a5f5cb6c7f4561609781d8c9,oracle,0,7,"[0, 38, 34, 29, 15, 10, 28, 39]",8,9,"[false, true, true, true, true, true, true, true, true, true, false, true, true, true, true, false, true, true, true, true, true, true, true, true, true, true, true, true, false, false, true, true, true, true, false, true, true, true, false, false, true, true, true, true, true, true, true, true]",44,0.0031719681119768265,0.0031719681119768265,0.8575675215280094,0.8607394896399861,0.0,1.0,1.0,0.0038999969547148794,0.021002997527830303
02691156/167740d2a5f5cb6c7f4561609781d8c9,oracle,0,8,"[0, 38, 34, 29, 15, 10, 28, 39, 44]",9,10,"[false, true, true, true, true, true, true, true, true, true, false, true, true, true, true, false, true, true, true, true, true, true, true, true, true, true, true, true, false, false, true, true, true, true, false, true, true, true, false, false, true, true, true, true, false, true, true, true]",21,0.0027431100931149676,0.0027431100931149676,0.8607394896399861,0.863482599733101,0.0,1.0,1.0,0.004200999683234841,0.453058000857709
