ply
format ascii 1.0
element vertex 10000
property float x
property float y
property float z
property uchar red
property uchar green
property uchar blue
end_header
-0.5060118 0.38825583 -0.2878635 234 88 12
-0.46010645 0.39285071 -0.28304213 234 88 12
-0.41169706 0.39908236 -0.28211606 234 88 12
-0.31918353 0.40816139 -0.28899088 234 88 12
-0.315092 0.40851989 -0.28925892 234 88 12
-0.23601392 0.41479795 -0.29156358 234 88 12
-0.20938899 0.41654815 -0.29134625 234 88 12
-0.16146184 0.41797778 -0.29140768 234 88 12
-0.1515745 0.41863316 -0.29138627 234 88 12
-0.10994768 0.4226892 -0.29107998 234 88 12
-0.45556515 0.39093189 -0.28275165 234 88 12
-0.43214433 0.39411972 -0.28155845 234 88 12
-0.32296765 0.40535829 -0.28857132 234 88 12
-0.26315687 0.41032124 -0.29123649 234 88 12
-0.26104322 0.41045841 -0.29130708 234 88 12
-0.099186118 0.42135972 -0.29079243 234 88 12
-0.086455622 0.42243205 -0.29035079 234 88 12
-0.045470498 0.4252423 -0.28823351 234 88 12
-0.02273961 0.42683918 -0.28696555 234 88 12
0.081566488 0.43296851 -0.28261528 234 88 12
-0.47907905 0.38553507 -0.28465329 234 88 12
-0.32064445 0.40313486 -0.28857582 234 88 12
-0.22125462 0.41106863 -0.2916303 234 88 12
0.00077877942 0.42657924 -0.28601317 234 88 12
0.034651037 0.42886328 -0.28443702 234 88 12
-0.45936248 0.38548245 -0.28294889 234 88 12
-0.40263715 0.39291986 -0.28222488 234 88 12
-0.29584757 0.40288033 -0.28973665 234 88 12
-0.27321937 0.40473843 -0.29081887 234 88 12
-0.22923926 0.40805387 -0.29178924 234 88 12
-0.21498694 0.40906527 -0.29154355 234 88 12
-0.096773365 0.41689403 -0.29071115 234 88 12
-0.45486427 0.38360553 -0.28264014 234 88 12
-0.44198013 0.38537755 -0.28179043 234 88 12
-0.41062177 0.38965195 -0.28166717 234 88 12
-0.34848639 0.39577897 -0.28613779 234 88 12
-0.32212011 0.3981249 -0.28816215 234 88 12
-0.31401891 0.39889022 -0.28876018 234 88 12
-0.26244247 0.40319054 -0.29140431 234 88 12
-0.016246119 0.42055756 -0.28669037 234 88 12
0.059113529 0.425063 -0.28345622 234 88 12
-0.38788395 0.38983186 -0.28287607 234 88 12
-0.27485236 0.39988068 -0.2908207 234 88 12
-0.2664362 0.40055849 -0.29126663 234 88 12
-0.24117605 0.40236813 -0.29197762 234 88 12
-0.22887403 0.40325389 -0.29190202 234 88 12
-0.19425996 0.40519248 -0.29120768 234 88 12
-0.18815096 0.4054124 -0.29125187 234 88 12
-0.1301106 0.40880656 -0.29110093 234 88 12
-0.094373851 0.41246975 -0.29056812 234 88 12
0.01806491 0.42119934 -0.28535395 234 88 12
0.063504408 0.4229426 -0.2832342 234 88 12
0.067661778 0.42310963 -0.28306984 234 88 12
0.080368737 0.42390958 -0.28281299 234 88 12
-0.25779551 0.39881623 -0.29164043 234 88 12
-0.20232035 0.40253139 -0.29128439 234 88 12
-0.20024597 0.40262169 -0.29122447 234 88 12
-0.17408944 0.40345986 -0.29103717 234 88 12
-0.14227112 0.40528825 -0.29109947 234 88 12
-0.11953056 0.40765664 -0.29114598 234 88 12
-0.11532803 0.40808316 -0.29106961 234 88 12
-0.098446324 0.4098055 -0.29072042 234 88 12
-0.087893241 0.41070641 -0.2904313 234 88 12
-0.053343017 0.41322009 -0.28875196 234 88 12
-0.025979484 0.41526164 -0.28717126 234 88 12
-0.017931203 0.4159004 -0.28679893 234 88 12
0.02010928 0.41904736 -0.28522628 234 88 12
-0.43728447 0.37888098 -0.28171316 234 88 12
-0.41003382 0.38271246 -0.28145495 234 88 12
-0.40589432 0.38322943 -0.28167981 234 88 12
-0.38345387 0.38561119 -0.28290763 234 88 12
-0.34985697 0.38857624 -0.28550805 234 88 12
-0.25972583 0.39637603 -0.29156178 234 88 12
-0.25122539 0.39693044 -0.29180848 234 88 12
-0.247042 0.39725334 -0.2920281 234 88 12
0.016560322 0.41653583 -0.28540269 234 88 12
-0.44766977 0.37502969 -0.28234573 234 88 12
-0.31917321 0.38895906 -0.28790814 234 88 12
-0.050915818 0.40887922 -0.2887358 234 88 12
0.028047615 0.41500644 -0.28494763 234 88 12
0.068423272 0.41659086 -0.28329123 234 88 12
-0.26351651 0.3915887 -0.29141648 234 88 12
-0.23841389 0.3933629 -0.29231126 234 88 12
-0.14983748 0.39805081 -0.29113324 234 88 12
-0.14376022 0.39857258 -0.29117658 234 88 12
-0.13763721 0.39914185 -0.29118997 234 88 12
-0.095948173 0.40330791 -0.29076241 234 88 12
-0.076790338 0.40475485 -0.28999724 234 88 12
0.011285082 0.41165564 -0.28589728 234 88 12
0.015062114 0.41195948 -0.28569319 234 88 12
0.062418866 0.41416953 -0.28361473 234 88 12
0.079334645 0.41518643 -0.28315604 234 88 12
-0.40964494 0.37597479 -0.28152433 234 88 12
-0.31261177 0.38499499 -0.28819172 234 88 12
-0.19560932 0.39386486 -0.29122006 234 88 12
-0.061528854 0.40363007 -0.28936067 234 88 12
-0.019383451 0.40683691 -0.28708862 234 88 12
0.04015352 0.41118555 -0.28471211 234 88 12
-0.50944703 0.36112711 -0.28819055 234 88 12
-0.40330921 0.37451587 -0.28189584 234 88 12
-0.34712446 0.37961734 -0.28531328 234 88 12
-0.3001338 0.38394521 -0.28898155 234 88 12
-0.13932299 0.39477248 -0.29125067 234 88 12
-0.11872906 0.39683941 -0.29127735 234 88 12
-0.007385077 0.40554566 -0.28676146 234 88 12
-0.50469377 0.3589736 -0.28734455 234 88 12
-0.46995649 0.36234655 -0.28370251 234 88 12
-0.46576307 0.36298847 -0.28337082 234 88 12
-0.34292618 0.37766313 -0.28554977 234 88 12
-0.26080473 0.38511186 -0.29151546 234 88 12
-0.2586931 0.38525963 -0.2916655 234 88 12
-0.17509568 0.39039076 -0.29084285 234 88 12
-0.084949962 0.39760619 -0.290478 234 88 12
-0.072076225 0.39844457 -0.28996267 234 88 12
0.01759314 0.40539846 -0.28589935 234 88 12
-0.49544264 0.35709052 -0.28574935 234 88 12
-0.42217607 0.36748055 -0.28181602 234 88 12
-0.37056322 0.37322443 -0.28344947 234 88 12
-0.35279003 0.37468886 -0.2847308 234 88 12
-0.10584803 0.39378986 -0.29118148 234 88 12
-0.056743224 0.39728965 -0.28928968 234 88 12
-0.47158431 0.3575309 -0.28372964 234 88 12
-0.44072172 0.36244032 -0.28232208 234 88 12
-0.4094273 0.36709641 -0.28198104 234 88 12
-0.27498951 0.37957144 -0.29055761 234 88 12
-0.26875293 0.38007538 -0.29090793 234 88 12
-0.20933928 0.3843587 -0.29134722 234 88 12
-0.13058203 0.38950371 -0.29130019 234 88 12
-0.10984972 0.39135717 -0.2912646 234 88 12
0.006645977 0.39998231 -0.2865392 234 88 12
0.037412171 0.40213876 -0.28532468 234 88 12
0.055677352 0.40311199 -0.28454051 234 88 12
-0.44266749 0.35995334 -0.28254827 234 88 12
-0.28090978 0.37687869 -0.2901409 234 88 12
-0.065099064 0.39235639 -0.28979152 234 88 12
-0.026864614 0.39520431 -0.28802646 234 88 12
0.0068421667 0.39778065 -0.28671274 234 88 12
0.077192251 0.40245266 -0.28382275 234 88 12
-0.46078921 0.35479227 -0.28327295 234 88 12
-0.43646752 0.35865541 -0.28242337 234 88 12
-0.19260855 0.38114239 -0.29070049 234 88 12
-0.1322288 0.38537472 -0.29116743 234 88 12
-0.069279187 0.38995305 -0.28999506 234 88 12
-0.043549967 0.39182348 -0.28890697 234 88 12
-0.028790445 0.39287634 -0.28822876 234 88 12
-0.49199607 0.34839652 -0.28504995 234 88 12
-0.40513244 0.36104047 -0.28248419 234 88 12
-0.30909767 0.369779 -0.28816903 234 88 12
-0.29673789 0.37099202 -0.28896194 234 88 12
-0.23298899 0.3763266 -0.29207255 234 88 12
-0.20891336 0.37804195 -0.29120434 234 88 12
-0.058360308 0.38849035 -0.28964741 234 88 12
-0.051936368 0.38902598 -0.28945899 234 88 12
0.0053415626 0.3932543 -0.28717884 234 88 12
0.052544518 0.39648875 -0.28517431 234 88 12
0.063006179 0.39721669 -0.28472072 234 88 12
-0.46446879 0.34971356 -0.28346453 234 88 12
-0.44032612 0.35374521 -0.28278942 234 88 12
-0.40725925 0.35852664 -0.28265235 234 88 12
-0.20054512 0.37652299 -0.29083994 234 88 12
-0.19434915 0.37689251 -0.29063017 234 88 12
-0.10496645 0.38358521 -0.29117184 234 88 12
-0.045451615 0.3873506 -0.28916579 234 88 12
0.00361838 0.39095073 -0.28741163 234 88 12
0.028758482 0.39282687 -0.28630412 234 88 12
0.084789441 0.3970425 -0.28427923 234 88 12
-0.50032241 0.34364827 -0.28608092 234 88 12
-0.47655231 0.34562014 -0.28369999 234 88 12
-0.33961675 0.36246655 -0.28548776 234 88 12
-0.29424728 0.36694169 -0.28911211 234 88 12
-0.24489623 0.37115555 -0.29192497 234 88 12
-0.096417018 0.38209757 -0.29095593 234 88 12
0.0095859562 0.38923874 -0.28747625 234 88 12
0.040919289 0.39146928 -0.2859966 234 88 12
0.063692864 0.39310127 -0.28503708 234 88 12
-0.47218299 0.34406021 -0.28361199 234 88 12
-0.457988 0.34645949 -0.28327645 234 88 12
-0.41582683 0.35289754 -0.28288347 234 88 12
-0.4008951 0.35501716 -0.28307728 234 88 12
-0.39667844 0.35555798 -0.28315981 234 88 12
-0.3800495 0.35722115 -0.28342916 234 88 12
-0.31679298 0.36246072 -0.28733833 234 88 12
-0.22255971 0.37087536 -0.29166287 234 88 12
-0.10250376 0.37968507 -0.2910471 234 88 12
-0.02618762 0.38451099 -0.28866139 234 88 12
0.015589579 0.38748251 -0.28737673 234 88 12
0.045257096 0.38960705 -0.28596035 234 88 12
-0.21442598 0.36937672 -0.29117965 234 88 12
-0.20832639 0.36979765 -0.29092274 234 88 12
-0.042995819 0.38114546 -0.28933497 234 88 12
-0.028121859 0.38227272 -0.28885566 234 88 12
-0.023980703 0.38257926 -0.28877056 234 88 12
-0.021932563 0.38272997 -0.28871026 234 88 12
0.051754611 0.38799888 -0.28587928 234 88 12
0.081485116 0.39065298 -0.28483874 234 88 12
-0.49056251 0.33770672 -0.28453555 234 88 12
-0.45355278 0.34293046 -0.28319359 234 88 12
-0.44372576 0.34462946 -0.28314022 234 88 12
-0.3819501 0.35278078 -0.28361119 234 88 12
-0.36158034 0.35432932 -0.28416384 234 88 12
-0.25882122 0.36377696 -0.29115687 234 88 12
-0.16526827 0.37088086 -0.28998279 234 88 12
-0.053465798 0.37824642 -0.28975176 234 88 12
-0.45335972 0.34082866 -0.28316479 234 88 12
-0.40937524 0.34732282 -0.28336239 234 88 12
-0.13092236 0.37190066 -0.29070764 234 88 12
-0.12481287 0.37240023 -0.29084247 234 88 12
-0.50607201 0.333594 -0.28691493 234 88 12
-0.37147269 0.34946072 -0.28404668 234 88 12
-0.34695404 0.35129316 -0.28491575 234 88 12
-0.34491306 0.35146402 -0.28503703 234 88 12
-0.33875148 0.35199846 -0.28542815 234 88 12
-0.31600622 0.35418734 -0.28721997 234 88 12
-0.30558264 0.35530935 -0.28807654 234 88 12
-0.097497545 0.37184318 -0.29064261 234 88 12
-0.036268749 0.37550638 -0.28945093 234 88 12
-0.023617949 0.37644446 -0.28917179 234 88 12
0.084576678 0.38499704 -0.28541506 234 88 12
-0.41328869 0.34265111 -0.28338843 234 88 12
-0.3012654 0.35374902 -0.28835192 234 88 12
-0.28888837 0.35504013 -0.28920872 234 88 12
-0.16673115 0.36483715 -0.28955383 234 88 12
-0.14470683 0.36678207 -0.29004583 234 88 12
-0.076201836 0.37069008 -0.2903268 234 88 12
-0.048891265 0.37244215 -0.28991279 234 88 12
-0.034011737 0.37365437 -0.2895432 234 88 12
-0.023524822 0.37442792 -0.28927297 234 88 12
-0.48744852 0.32978009 -0.28406016 234 88 12
-0.46065668 0.33322503 -0.28315217 234 88 12
-0.40485149 0.3416749 -0.2837246 234 88 12
-0.37734337 0.34482076 -0.284086 234 88 12
-0.313602 0.35039699 -0.28738756 234 88 12
-0.1665879 0.36287939 -0.28949667 234 88 12
-0.14455203 0.36483898 -0.28993608 234 88 12
-0.036035677 0.37148244 -0.28965918 234 88 12
-0.0049683683 0.37366152 -0.28899044 234 88 12
0.057331136 0.37835534 -0.28662193 234 88 12
-0.46840349 0.32988289 -0.28324054 234 88 12
-0.37515358 0.34290804 -0.28415404 234 88 12
-0.28239019 0.3517111 -0.28965555 234 88 12
-0.20330861 0.35793135 -0.29035908 234 88 12
-0.1664259 0.36091588 -0.28945694 234 88 12
-0.15843609 0.3616497 -0.2895183 234 88 12
-0.14034406 0.36326557 -0.28997732 234 88 12
-0.12410304 0.36460426 -0.29038153 234 88 12
-0.069577771 0.36693772 -0.29025189 234 88 12
-0.43287081 0.33380739 -0.28347629 234 88 12
-0.40665783 0.33732175 -0.28389424 234 88 12
-0.11775156 0.3630176 -0.29033116 234 88 12
-0.073511113 0.36468286 -0.29032149 234 88 12
-0.061149533 0.3653969 -0.29025093 234 88 12
-0.042180581 0.36691145 -0.289948 234 88 12
-0.04006512 0.36709535 -0.28990462 234 88 12
-0.027408003 0.36814624 -0.28972301 234 88 12
0.043255958 0.3730647 -0.28766014 234 88 12
-0.48461229 0.32398606 -0.28372749 234 88 12
-0.47407122 0.32496396 -0.28327225 234 88 12
-0.45989663 0.32711667 -0.28307787 234 88 12
-0.44811692 0.32919819 -0.28329155 234 88 12
-0.36657019 0.33942205 -0.28451397 234 88 12
-0.33791712 0.34186644 -0.28563504 234 88 12
-0.23304624 0.35152172 -0.29147011 234 88 12
-0.16610132 0.3569625 -0.28934415 234 88 12
-0.10921194 0.36145795 -0.29044725 234 88 12
0.0054112427 0.3682699 -0.28923964 234 88 12
-0.45766101 0.32543103 -0.28312453 234 88 12
-0.43046968 0.32995518 -0.28357096 234 88 12
-0.36640817 0.33740055 -0.28460826 234 88 12
-0.069037385 0.36081115 -0.29032799 234 88 12
-0.056684088 0.36163508 -0.29033707 234 88 12
0.017348511 0.36703861 -0.2892465 234 88 12
0.058393067 0.37050326 -0.2874149 234 88 12
-0.4554476 0.32373188 -0.28313393 234 88 12
-0.28366839 0.34369385 -0.28940333 234 88 12
-0.00431645 0.36372143 -0.28974647 234 88 12
-0.44550948 0.32343518 -0.28333652 234 88 12
-0.39339421 0.33067887 -0.28446273 234 88 12
-0.38066644 0.33205071 -0.28460259 234 88 12
-0.37854534 0.33228651 -0.28463364 234 88 12
-0.34144281 0.33540616 -0.28566939 234 88 12
-0.29372151 0.34064434 -0.28875264 234 88 12
-0.19411218 0.34849165 -0.28993506 234 88 12
-0.1696199 0.35060666 -0.28919963 234 88 12
-0.14559777 0.35290859 -0.2893084 234 88 12
0.031731629 0.36404879 -0.28912093 234 88 12
0.052555608 0.36595349 -0.2881654 234 88 12
-0.3952884 0.3284328 -0.28455095 234 88 12
-0.39111245 0.3288861 -0.28458991 234 88 12
-0.35770649 0.33195078 -0.28506563 234 88 12
-0.30190979 0.33773482 -0.28825346 234 88 12
-0.27518559 0.34063055 -0.28988913 234 88 12
-0.09138356 0.35397793 -0.2903822 234 88 12
-0.060337325 0.35526594 -0.29057869 234 88 12
0.075977975 0.36626502 -0.28728483 234 88 12
0.080287255 0.36671961 -0.28725795 234 88 12
-0.48579427 0.31423119 -0.28374486 234 88 12
-0.41374874 0.32403474 -0.28407644 234 88 12
-0.27701956 0.33848284 -0.28974083 234 88 12
-0.20617381 0.34348873 -0.29048566 234 88 12
-0.18339753 0.34532851 -0.28963776 234 88 12
-0.089066167 0.35201374 -0.2903748 234 88 12
-0.03736096 0.35528631 -0.29051648 234 88 12
-0.014278865 0.35717657 -0.29022922 234 88 12
0.050870618 0.36180241 -0.28861951 234 88 12
-0.47268761 0.31319032 -0.28305052 234 88 12
-0.37599537 0.32633848 -0.28491269 234 88 12
-0.25236546 0.33825439 -0.29101836 234 88 12
-0.22603634 0.33991437 -0.29127467 234 88 12
-0.21005022 0.34113208 -0.29066121 234 88 12
-0.16916198 0.34463161 -0.28923848 234 88 12
-0.04977578 0.352052 -0.2906124 234 88 12
-0.043553582 0.35268367 -0.29064892 234 88 12
-0.033063353 0.35364366 -0.29045033 234 88 12
0.038458507 0.35868829 -0.28950954 234 88 12
-0.19962192 0.33994845 -0.29030866 234 88 12
-0.17693727 0.34185553 -0.28948473 234 88 12
-0.16111592 0.34341311 -0.28906631 234 88 12
-0.14917049 0.34459708 -0.28903819 234 88 12
0.014190957 0.35499261 -0.2903763 234 88 12
0.053401508 0.35803281 -0.28879065 234 88 12
0.055536385 0.35823815 -0.28866333 234 88 12
0.080830674 0.36066438 -0.28773031 234 88 12
-0.45602734 0.31143793 -0.28289923 234 88 12
-0.39032569 0.32078577 -0.28483161 234 88 12
-0.34848644 0.32462491 -0.28573269 234 88 12
-0.18488678 0.33909243 -0.28983689 234 88 12
-0.057765124 0.3473714 -0.29080973 234 88 12
0.0024988203 0.35234967 -0.29041791 234 88 12
-0.43248118 0.31320145 -0.28348499 234 88 12
-0.34412342 0.32299291 -0.28595311 234 88 12
-0.27831174 0.33035731 -0.28960052 234 88 12
-0.27022938 0.33110719 -0.29011146 234 88 12
-0.25387672 0.3321142 -0.29090672 234 88 12
-0.11802522 0.34282532 -0.28960531 234 88 12
-0.096824707 0.34377193 -0.29015702 234 88 12
-0.061739497 0.34507139 -0.29081442 234 88 12
0.016510524 0.35127679 -0.29064635 234 88 12
0.047469483 0.35352531 -0.28947893 234 88 12
-0.48484943 0.304952 -0.28352668 234 88 12
-0.41053242 0.31422412 -0.28431138 234 88 12
-0.30911449 0.32476284 -0.28777048 234 88 12
-0.2862564 0.32744447 -0.28910148 234 88 12
-0.19481545 0.33415118 -0.29031781 234 88 12
-0.13253866 0.33990225 -0.28933651 234 88 12
-0.1242114 0.34044881 -0.28942467 234 88 12
-0.086122676 0.34205203 -0.29039886 234 88 12
0.016682881 0.34934164 -0.29071724 234 88 12
-0.29642452 0.32426717 -0.28854127 234 88 12
-0.28607173 0.32543177 -0.28915161 234 88 12
-0.16644063 0.33476623 -0.2893508 234 88 12
-0.10067746 0.33958628 -0.29001781 234 88 12
-0.06554947 0.34083222 -0.29082378 234 88 12
-0.024300064 0.3445574 -0.29081687 234 88 12
-0.022160333 0.34473077 -0.29075259 234 88 12
0.0029053615 0.3465867 -0.29077133 234 88 12
-0.44143846 0.30585233 -0.28309507 234 88 12
-0.30243188 0.32149794 -0.28816462 234 88 12
-0.25947585 0.32569143 -0.29059915 234 88 12
-0.16630064 0.3327497 -0.28941978 234 88 12
-0.073518051 0.33845972 -0.29075227 234 88 12
-0.028476108 0.34220324 -0.29091481 234 88 12
-0.4980364 0.29942837 -0.28540656 234 88 12
-0.41581576 0.3074092 -0.28409436 234 88 12
-0.33890995 0.31543663 -0.2863415 234 88 12
-0.28160939 0.32177597 -0.28930892 234 88 12
-0.24489304 0.32433547 -0.29114889 234 88 12
-0.23675886 0.32473175 -0.29138189 234 88 12
0.063035993 0.34665446 -0.28922494 234 88 12
0.085870786 0.34876826 -0.28885611 234 88 12
-0.50494429 0.29773165 -0.28681638 234 88 12
-0.44098746 0.30201037 -0.28305355 234 88 12
-0.39930233 0.3073407 -0.28467651 234 88 12
-0.3698943 0.31049305 -0.28536523 234 88 12
-0.34063685 0.31326236 -0.28631199 234 88 12
-0.33458413 0.31387771 -0.28657973 234 88 12
-0.2365337 0.32264198 -0.2914097 234 88 12
-0.15441402 0.32992402 -0.28930751 234 88 12
0.077683626 0.34581972 -0.28895146 234 88 12
-0.46044723 0.29738461 -0.28251271 234 88 12
-0.36108725 0.3092805 -0.28561667 234 88 12
-0.28737625 0.31700938 -0.28889095 234 88 12
-0.15429918 0.32787867 -0.28937368 234 88 12
-0.13613482 0.32944384 -0.28929637 234 88 12
-0.091641924 0.33184317 -0.29048478 234 88 12
-0.042897268 0.33484199 -0.29119088 234 88 12
0.011548579 0.33938411 -0.29120278 234 88 12
-0.41706405 0.30116597 -0.28406407 234 88 12
-0.27897049 0.31578701 -0.28932167 234 88 12
-0.24017225 0.31826515 -0.29134576 234 88 12
-0.20584303 0.32053654 -0.29098018 234 88 12
-0.067076032 0.33081687 -0.29120449 234 88 12
-0.051000698 0.33204543 -0.29141128 234 88 12
-0.046949367 0.33244832 -0.29137504 234 88 12
0.057317826 0.34005723 -0.29008339 234 88 12
-0.44418058 0.29570921 -0.28274694 234 88 12
-0.4383315 0.29648492 -0.28301513 234 88 12
-0.41480137 0.29940037 -0.28415863 234 88 12
-0.31969358 0.30938668 -0.28733364 234 88 12
-0.26657967 0.3148221 -0.29004124 234 88 12
-0.23994348 0.31616024 -0.29132879 234 88 12
-0.14006064 0.32501748 -0.28943543 234 88 12
-0.081134704 0.3281422 -0.29076176 234 88 12
-0.48763737 0.29002268 -0.28386194 234 88 12
-0.41654616 0.29716122 -0.28402761 234 88 12
-0.3354576 0.30575303 -0.28666078 234 88 12
-0.30321465 0.30910955 -0.28812173 234 88 12
-0.18908484 0.31796595 -0.29069664 234 88 12
-0.1147654 0.32464156 -0.28987824 234 88 12
-0.10832987 0.32502055 -0.29008634 234 88 12
-0.45956612 0.28977857 -0.28237632 234 88 12
-0.45354396 0.29053871 -0.28247565 234 88 12
-0.43590247 0.2928735 -0.28297598 234 88 12
-0.36635764 0.30040894 -0.28557659 234 88 12
-0.33316355 0.30400826 -0.28685676 234 88 12
-0.093393073 0.32369396 -0.29057664 234 88 12
-0.080948834 0.32409185 -0.29089984 234 88 12
-0.038598268 0.32733054 -0.29143466 234 88 12
0.045196974 0.33325072 -0.2912368 234 88 12
-0.41403659 0.29337677 -0.28405069 234 88 12
-0.39771614 0.29513878 -0.28473168 234 88 12
-0.38935007 0.29607449 -0.28502994 234 88 12
-0.30081253 0.30525651 -0.28822953 234 88 12
-0.26191088 0.30885353 -0.29011404 234 88 12
-0.1039139 0.32116329 -0.2903586 234 88 12
0.064177521 0.33210012 -0.29024574 234 88 12
-0.46119639 0.28580454 -0.28237787 234 88 12
-0.45309044 0.28673309 -0.28240714 234 88 12
-0.31465604 0.30177979 -0.28757916 234 88 12
-0.30461027 0.30280169 -0.28802397 234 88 12
-0.27197796 0.30600005 -0.28958533 234 88 12
-0.26585531 0.30651838 -0.28987639 234 88 12
-0.25144914 0.30734746 -0.29066867 234 88 12
-0.22902278 0.30822862 -0.29141785 234 88 12
-0.097455315 0.31941586 -0.29049839 234 88 12
-0.013022776 0.32585695 -0.29145594 234 88 12
0.010270644 0.32753301 -0.29175978 234 88 12
0.068388624 0.33024061 -0.29015453 234 88 12
0.090805502 0.33203426 -0.29010965 234 88 12
-0.44892367 0.28534801 -0.28252291 234 88 12
-0.37183784 0.29372649 -0.28537072 234 88 12
-0.26775533 0.30429416 -0.28977736 234 88 12
-0.21673719 0.30685949 -0.29133052 234 88 12
-0.10796059 0.31683449 -0.29039921 234 88 12
0.022612124 0.3262783 -0.29197804 234 88 12
0.076558835 0.32865114 -0.29006273 234 88 12
-0.33611246 0.29557304 -0.28657495 234 88 12
-0.26763577 0.30225904 -0.28977113 234 88 12
-0.19635655 0.30669898 -0.29099925 234 88 12
-0.078659822 0.31618934 -0.29123369 234 88 12
-0.07663232 0.31628521 -0.2912927 234 88 12
0.035247805 0.32471023 -0.29188117 234 88 12
-0.41305414 0.2853925 -0.28384667 234 88 12
-0.40278802 0.28637198 -0.28422497 234 88 12
-0.37981836 0.28878234 -0.28507971 234 88 12
-0.35026874 0.29180791 -0.28607424 234 88 12
-0.23867376 0.30165635 -0.2909993 234 88 12
-0.18409903 0.30605541 -0.29077073 234 88 12
-0.056475554 0.31564165 -0.29173996 234 88 12
0.018789878 0.32204804 -0.29215518 234 88 12
0.020846146 0.32216114 -0.29217063 234 88 12
0.048004778 0.32313263 -0.29145217 234 88 12
-0.44436803 0.28007804 -0.28245846 234 88 12
-0.42081926 0.28263179 -0.28344716 234 88 12
-0.36683302 0.28801866 -0.28538175 234 88 12
-0.34795379 0.2900228 -0.28612745 234 88 12
-0.26947098 0.29804069 -0.28962953 234 88 12
-0.2344755 0.29980061 -0.29111251 234 88 12
-0.21224667 0.30106185 -0.29123632 234 88 12
-0.18197904 0.30425292 -0.29073523 234 88 12
0.010726102 0.31947986 -0.29208355 234 88 12
0.025092343 0.3203173 -0.29230559 234 88 12
0.084995293 0.32297678 -0.2903955 234 88 12
0.091178485 0.32357219 -0.29055924 234 88 12
-0.35602783 0.28705688 -0.28575923 234 88 12
-0.34566054 0.2882314 -0.28623325 234 88 12
-0.28362163 0.29464717 -0.28887537 234 88 12
-0.2795596 0.29502775 -0.28894458 234 88 12
-0.10325076 0.30880992 -0.29061554 234 88 12
-0.09077691 0.3095478 -0.2909946 234 88 12
-0.068348765 0.3108182 -0.2915856 234 88 12
-0.038019111 0.31350501 -0.29184984 234 88 12
0.070979234 0.31991301 -0.2905506 234 88 12
-0.30746134 0.29022767 -0.28782179 234 88 12
-0.17201683 0.30136405 -0.29045697 234 88 12
-0.14704076 0.30393641 -0.2900471 234 88 12
-0.031657239 0.31213606 -0.2919839 234 88 12
-0.35762432 0.28281167 -0.28554979 234 88 12
-0.27124368 0.2917382 -0.28927012 234 88 12
-0.13881036 0.30253058 -0.28998972 234 88 12
-0.12840168 0.30322317 -0.29005953 234 88 12
-0.066173393 0.30702356 -0.29167443 234 88 12
0.011049847 0.31340551 -0.29244223 234 88 12
0.03373371 0.31449616 -0.29248559 234 88 12
-0.49431069 0.26891416 -0.28506482 234 88 12
-0.40566562 0.27590577 -0.28385131 234 88 12
-0.39321983 0.27701375 -0.28435823 234 88 12
-0.38063809 0.27830138 -0.28478888 234 88 12
-0.32683948 0.28436062 -0.2868918 234 88 12
-0.31105697 0.28582116 -0.28758913 234 88 12
-0.25876389 0.29066365 -0.28980183 234 88 12
-0.15458853 0.29920776 -0.29011841 234 88 12
-0.15264912 0.29939638 -0.2900941 234 88 12
-0.06812839 0.30492878 -0.29173227 234 88 12
0.089540413 0.31504457 -0.29083195 234 88 12
-0.40747349 0.27371545 -0.28370993 234 88 12
-0.36769666 0.27757376 -0.28498193 234 88 12
-0.34888004 0.27967047 -0.28577939 234 88 12
-0.24620276 0.289333 -0.29030784 234 88 12
-0.48930543 0.26489745 -0.28430924 234 88 12
-0.47387927 0.2654951 -0.28269536 234 88 12
-0.41531879 0.27102166 -0.28340773 234 88 12
-0.39477699 0.27269667 -0.2841906 234 88 12
-0.38012467 0.27412146 -0.28457127 234 88 12
-0.36113508 0.27622752 -0.28519499 234 88 12
-0.33449777 0.27928328 -0.28644334 234 88 12
-0.31463164 0.28141745 -0.2873909 234 88 12
-0.21951259 0.28853072 -0.29090478 234 88 12
-0.16195271 0.29439791 -0.29015251 234 88 12
-0.039556807 0.30349205 -0.29222077 234 88 12
-0.029093116 0.30441307 -0.29232891 234 88 12
0.057052854 0.30903046 -0.29183464 234 88 12
-0.45281675 0.26521185 -0.28219986 234 88 12
-0.43885382 0.26668667 -0.28238915 234 88 12
-0.34034262 0.27651156 -0.28604082 234 88 12
-0.32832727 0.27797326 -0.28667273 234 88 12
-0.32634192 0.27822576 -0.28683706 234 88 12
-0.14221592 0.29415235 -0.29000464 234 88 12
-0.14018606 0.29429523 -0.28998612 234 88 12
-0.12983295 0.29498143 -0.29011961 234 88 12
-0.096453588 0.29698848 -0.29104607 234 88 12
-0.076102081 0.29840333 -0.29174973 234 88 12
-0.043524674 0.30116132 -0.29226068 234 88 12
-0.039463689 0.30152509 -0.29231171 234 88 12
-0.033214085 0.30207844 -0.29233455 234 88 12
-0.0011712549 0.30443073 -0.29284518 234 88 12
0.038273318 0.30636354 -0.29280084 234 88 12
0.046647522 0.3066314 -0.29248669 234 88 12
-0.42478996 0.26603111 -0.28282384 234 88 12
-0.40466123 0.26778799 -0.28369068 234 88 12
-0.33616801 0.27495371 -0.28625397 234 88 12
-0.23139687 0.28396547 -0.29046251 234 88 12
-0.21525666 0.28482704 -0.29076825 234 88 12
0.027965636 0.30392229 -0.29312223 234 88 12
0.055054999 0.30485608 -0.2921717 234 88 12
0.090041792 0.30678711 -0.29111911 234 88 12
-0.45237598 0.26119313 -0.28214743 234 88 12
-0.44830743 0.26162245 -0.28214094 234 88 12
-0.38144689 0.26765534 -0.28430738 234 88 12
-0.33199697 0.27335204 -0.28634486 234 88 12
-0.23953797 0.28163054 -0.29012016 234 88 12
-0.15385099 0.28914035 -0.29011914 234 88 12
-0.11692993 0.29164897 -0.29047967 234 88 12
-0.030912297 0.29828018 -0.29249631 234 88 12
0.036348714 0.30215219 -0.29303631 234 88 12
-0.49060158 0.25688323 -0.28473463 234 88 12
-0.48834404 0.25688814 -0.28435127 234 88 12
-0.46658275 0.25795453 -0.28225254 234 88 12
-0.42630167 0.26178827 -0.28274306 234 88 12
-0.37906434 0.26577523 -0.28429873 234 88 12
-0.31794404 0.27279696 -0.28708292 234 88 12
-0.18477478 0.28388653 -0.29060753 234 88 12
-0.034974951 0.29595171 -0.29248135 234 88 12
-0.0051465352 0.29799255 -0.29317867 234 88 12
0.0033022554 0.29853563 -0.29333428 234 88 12
0.0095571975 0.29891382 -0.29337006 234 88 12
0.071676205 0.30141246 -0.29145352 234 88 12
-0.43393759 0.25897068 -0.28234359 234 88 12
-0.085950177 0.2896152 -0.291581 234 88 12
-0.036932892 0.29379585 -0.29250598 234 88 12
0.011697675 0.29697348 -0.2935312 234 88 12
0.019938085 0.29743854 -0.29359578 234 88 12
0.05103515 0.29862647 -0.29270892 234 88 12
-0.4946943 0.25292741 -0.28551755 234 88 12
-0.49238379 0.25288474 -0.28504604 234 88 12
-0.33149527 0.26705177 -0.28616389 234 88 12
-0.30971505 0.26926047 -0.28730503 234 88 12
0.044847977 0.29634974 -0.2930808 234 88 12
0.055191597 0.29678375 -0.29253961 234 88 12
-0.46592855 0.25189661 -0.28214425 234 88 12
-0.46383848 0.25205761 -0.28205326 234 88 12
-0.31556341 0.26654109 -0.28701987 234 88 12
-0.29979029 0.26793908 -0.28770055 234 88 12
-0.27018868 0.27093768 -0.28863044 234 88 12
-0.19863725 0.27632206 -0.29034699 234 88 12
-0.030429186 0.29033149 -0.29281971 234 88 12
0.022178491 0.29346487 -0.2938538 234 88 12
-0.48738849 0.24885558 -0.2842796 234 88 12
-0.48513568 0.24888927 -0.28395429 234 88 12
-0.44317363 0.2519073 -0.28195862 234 88 12
-0.28790423 0.26688801 -0.28813247 234 88 12
-0.15706231 0.27877764 -0.29002552 234 88 12
-0.11810873 0.28145794 -0.29045684 234 88 12
-0.083636798 0.28378662 -0.29174169 234 88 12
-0.044750508 0.28707347 -0.29265475 234 88 12
-0.026075279 0.28863138 -0.29302538 234 88 12
-0.023961661 0.28876941 -0.29305267 234 88 12
-0.01543094 0.28928485 -0.29337016 234 88 12
0.036648936 0.29200602 -0.29359597 234 88 12
-0.48047103 0.24698827 -0.28330977 234 88 12
-0.33299009 0.26042082 -0.28589836 234 88 12
-0.30144584 0.2634241 -0.28755325 234 88 12
-0.29759759 0.26378948 -0.28780432 234 88 12
-0.22258098 0.27050133 -0.29000651 234 88 12
-0.093579856 0.28104999 -0.29131065 234 88 12
-0.083529355 0.28179987 -0.29175801 234 88 12
-0.044620382 0.28508012 -0.2927477 234 88 12
-0.036399773 0.28582786 -0.29285003 234 88 12
0.018231305 0.28917498 -0.29412822 234 88 12
0.04081244 0.29016211 -0.29353005 234 88 12
-0.46521952 0.24576259 -0.2820583 234 88 12
-0.24710428 0.26672553 -0.28930322 234 88 12
-0.13443876 0.27646331 -0.29019438 234 88 12
-0.12815548 0.27684757 -0.29024206 234 88 12
-0.11357396 0.27768274 -0.29066261 234 88 12
0.0058973213 0.28643503 -0.29419184 234 88 12
-0.49124492 0.24271188 -0.28511329 234 88 12
-0.48666248 0.24270179 -0.28426809 234 88 12
-0.38355811 0.25064469 -0.28361991 234 88 12
-0.36686206 0.25235699 -0.28394943 234 88 12
-0.25330241 0.26399132 -0.28891185 234 88 12
-0.14669376 0.27353166 -0.29001927 234 88 12
-0.073169223 0.27870817 -0.29230871 234 88 12
-0.015099606 0.28323112 -0.29371357 234 88 12
-0.44015295 0.24383255 -0.28166699 234 88 12
-0.4381488 0.24403374 -0.28178656 234 88 12
-0.36044719 0.25100125 -0.28407816 234 88 12
0.036841531 0.28396153 -0.29406214 234 88 12
-0.43989331 0.2417661 -0.28160824 234 88 12
-0.42001379 0.24353839 -0.28255776 234 88 12
-0.3303876 0.25188941 -0.28576121 234 88 12
-0.31666527 0.25306591 -0.28653714 234 88 12
-0.31079007 0.25354537 -0.28683713 234 88 12
-0.23846772 0.26111197 -0.28927178 234 88 12
-0.18195716 0.26618792 -0.29005003 234 88 12
-0.17011261 0.26739093 -0.29002526 234 88 12
-0.15042387 0.26914421 -0.28992263 234 88 12
-0.066815726 0.27527809 -0.29253129 234 88 12
-0.050260725 0.27657765 -0.29290476 234 88 12
-0.35597688 0.24729847 -0.28406294 234 88 12
-0.21799563 0.26073155 -0.28966482 234 88 12
-0.20201499 0.26206887 -0.28983351 234 88 12
-0.19800204 0.26244792 -0.28982492 234 88 12
-0.19194077 0.26307917 -0.28991385 234 88 12
-0.1739403 0.26499533 -0.28997224 234 88 12
-0.16414754 0.26591383 -0.28993757 234 88 12
-0.1336615 0.26833375 -0.29015877 234 88 12
-0.066700594 0.27329702 -0.29260384 234 88 12
-0.041937721 0.27527772 -0.29321419 234 88 12
-0.037827746 0.27559377 -0.29332519 234 88 12
-3.46671e-05 0.27796821 -0.29450331 234 88 12
0.026750728 0.27944341 -0.29467691 234 88 12
0.078180965 0.28244743 -0.29190909 234 88 12
-0.43541099 0.23797591 -0.28171315 234 88 12
-0.25904025 0.25453426 -0.28841673 234 88 12
-0.025211238 0.27445541 -0.29378329 234 88 12
-0.0083467116 0.27547457 -0.29439826 234 88 12
0.024747888 0.27729858 -0.29479183 234 88 12
0.051206041 0.27868888 -0.29357519 234 88 12
-0.49003432 0.23228761 -0.2850065 234 88 12
-0.40712336 0.23827848 -0.28284359 234 88 12
-0.33181379 0.24518777 -0.28532228 234 88 12
-0.16783252 0.26149239 -0.28989935 234 88 12
0.026848524 0.2753568 -0.29485998 234 88 12
0.055304123 0.27692223 -0.29337845 234 88 12
-0.48746682 0.2301683 -0.28450078 234 88 12
-0.47193409 0.23059451 -0.28233744 234 88 12
-0.33950144 0.24247632 -0.2846789 234 88 12
-0.30038379 0.24538026 -0.28713422 234 88 12
-0.21167179 0.2550344 -0.28953737 234 88 12
-0.090418911 0.26523654 -0.29174898 234 88 12
-0.0081575956 0.27138883 -0.29459236 234 88 12
0.057338542 0.27503747 -0.29328771 234 88 12
0.071927699 0.27611865 -0.29233736 234 88 12
-0.48041798 0.2282151 -0.28330497 234 88 12
-0.43870269 0.23135927 -0.28139545 234 88 12
-0.43469888 0.23172075 -0.28146981 234 88 12
-0.41065326 0.23381658 -0.2825971 234 88 12
-0.060058413 0.26578532 -0.29302876 234 88 12
0.061497979 0.27331853 -0.29302177 234 88 12
0.080339811 0.2748524 -0.29208071 234 88 12
-0.36690541 0.23548877 -0.28322325 234 88 12
-0.26458029 0.24496472 -0.28805293 234 88 12
-0.024811811 0.26630285 -0.29424551 234 88 12
0.049154131 0.27050236 -0.29399316 234 88 12
0.063568723 0.27148932 -0.29293274 234 88 12
-0.45247595 0.22583638 -0.28097552 234 88 12
-0.41421722 0.22934416 -0.28224438 234 88 12
-0.3174279 0.23743404 -0.28564515 234 88 12
-0.31351312 0.23769116 -0.28589454 234 88 12
-0.23957723 0.24579426 -0.28862674 234 88 12
-0.02054052 0.26448889 -0.29452205 234 88 12
-0.47541632 0.22215659 -0.28224882 234 88 12
-0.44010492 0.22493894 -0.28087821 234 88 12
-0.38922937 0.2293262 -0.28281711 234 88 12
-0.34070625 0.23396731 -0.28406187 234 88 12
-0.29384679 0.23717105 -0.2868688 234 88 12
-0.21314529 0.24637008 -0.289146 234 88 12
-0.21116233 0.24655311 -0.28911486 234 88 12
-0.08596558 0.25757398 -0.29222909 234 88 12
-0.059625245 0.25969864 -0.29331611 234 88 12
0.0088137072 0.26419934 -0.29537984 234 88 12
0.04116181 0.26601508 -0.29481068 234 88 12
0.063546691 0.26750032 -0.29306262 234 88 12
-0.49580179 0.22017394 -0.28626855 234 88 12
-0.45620344 0.22128961 -0.28079749 234 88 12
-0.24967815 0.2402324 -0.2881134 234 88 12
-0.20710944 0.24478738 -0.28910841 234 88 12
-0.13029571 0.25201407 -0.2902591 234 88 12
-0.034814086 0.2594074 -0.29421486 234 88 12
-0.011999684 0.26089579 -0.29503709 234 88 12
0.021069527 0.2629 -0.29552328 234 88 12
-0.4707549 0.21825904 -0.2815592 234 88 12
-0.41355811 0.22315937 -0.28190297 234 88 12
-0.31294156 0.23133733 -0.28543128 234 88 12
-0.21088771 0.24223817 -0.28899087 234 88 12
-0.038774757 0.25705341 -0.29419439 234 88 12
-0.020282488 0.25826675 -0.29483041 234 88 12
0.021099777 0.26089131 -0.29561469 234 88 12
0.037167193 0.26177084 -0.29523018 234 88 12
-0.41535474 0.22091736 -0.28164449 234 88 12
-0.41129041 0.22128095 -0.28182159 234 88 12
-0.39900953 0.222386 -0.28230424 234 88 12
-0.30884638 0.22949911 -0.28558357 234 88 12
-0.20880345 0.24026975 -0.28900152 234 88 12
-0.091526678 0.25094258 -0.29200193 234 88 12
-0.071474794 0.25256657 -0.29316988 234 88 12
0.076343351 0.26254047 -0.29258185 234 88 12
-0.37792058 0.22226385 -0.28269153 234 88 12
-0.35761232 0.22424161 -0.28284071 234 88 12
-0.35169297 0.22481389 -0.28301051 234 88 12
-0.33599555 0.22594442 -0.28370239 234 88 12
-0.30671037 0.22755356 -0.28553564 234 88 12
-0.29896303 0.22814022 -0.28591286 234 88 12
-0.27536471 0.23060017 -0.2868791 234 88 12
-0.26140123 0.23232768 -0.28722781 234 88 12
-0.24709139 0.23406612 -0.28782784 234 88 12
-0.24294739 0.23455912 -0.28796182 234 88 12
-0.11337211 0.24710209 -0.29085931 234 88 12
-0.081441759 0.24969569 -0.29259905 234 88 12
0.0027303793 0.2556137 -0.2957137 234 88 12
0.021189496 0.25688144 -0.29582037 234 88 12
0.041165193 0.25802439 -0.29513592 234 88 12
0.072025771 0.26016886 -0.29283652 234 88 12
0.096308841 0.26221111 -0.29240948 234 88 12
-0.27713509 0.22828698 -0.28667069 234 88 12
-0.22838739 0.23396004 -0.28827496 234 88 12
-0.19067762 0.23763379 -0.2890528 234 88 12
-0.11325076 0.24501594 -0.29088014 234 88 12
-0.10118686 0.24601481 -0.29152674 234 88 12
-0.060835908 0.24918387 -0.29375329 234 88 12
0.017152051 0.25459473 -0.29593935 234 88 12
-0.46788913 0.21020495 -0.28080538 234 88 12
-0.2946482 0.2243295 -0.28572478 234 88 12
-0.26700687 0.22742647 -0.28674747 234 88 12
-0.25078624 0.22934437 -0.28737425 234 88 12
-0.24667004 0.22980582 -0.28751892 234 88 12
-0.2384509 0.23078009 -0.2878574 234 88 12
-0.0054771432 0.25092649 -0.29569487 234 88 12
-0.32752246 0.22023216 -0.28378573 234 88 12
-0.32557732 0.22033122 -0.28386401 234 88 12
-0.18443195 0.23387753 -0.28914198 234 88 12
-0.17453929 0.23498558 -0.28943953 234 88 12
-0.096984954 0.24219737 -0.29199764 234 88 12
-0.0033616476 0.24899673 -0.29584636 234 88 12
0.025226518 0.25109502 -0.29598326 234 88 12
0.041148299 0.25206933 -0.2953686 234 88 12
0.067756914 0.25383116 -0.2933431 234 88 12
0.07853788 0.25468238 -0.2927227 234 88 12
0.085158868 0.25523161 -0.29257134 234 88 12
-0.48044217 0.20568505 -0.28238118 234 88 12
-0.41443086 0.2107868 -0.28098665 234 88 12
-0.29620301 0.22000234 -0.28519989 234 88 12
-0.19812968 0.23022596 -0.28872167 234 88 12
-0.1273924 0.23735905 -0.29038496 234 88 12
-0.037883653 0.24449445 -0.29492346 234 88 12
-0.017682541 0.24585167 -0.29542579 234 88 12
0.04707366 0.25046064 -0.29505108 234 88 12
0.06141815 0.25136495 -0.29388835 234 88 12
0.072029923 0.25216797 -0.29311705 234 88 12
-0.34083385 0.21535548 -0.28285465 234 88 12
-0.26836897 0.22096623 -0.28627269 234 88 12
-0.15220118 0.23275541 -0.28988426 234 88 12
0.033236139 0.24759245 -0.29590299 234 88 12
-0.47140464 0.20183378 -0.28078785 234 88 12
-0.45265181 0.20293007 -0.27934097 234 88 12
-0.44250129 0.20385985 -0.27930907 234 88 12
-0.42634285 0.20548678 -0.27987791 234 88 12
-0.42430179 0.20568939 -0.28001693 234 88 12
-0.28801234 0.21659087 -0.28520253 234 88 12
-0.24994983 0.22095434 -0.28668578 234 88 12
-0.24790993 0.22116484 -0.2867545 234 88 12
-0.14590871 0.23113757 -0.29002878 234 88 12
-0.12518031 0.23324716 -0.29056193 234 88 12
-0.090607946 0.23632232 -0.29256305 234 88 12
-0.047638956 0.23956202 -0.29478366 234 88 12
0.041163938 0.24609864 -0.29560874 234 88 12
-0.2936802 0.2139666 -0.28476317 234 88 12
-0.24770735 0.21905739 -0.2865855 234 88 12
-0.22934158 0.22082977 -0.28742659 234 88 12
-0.20941345 0.22251135 -0.28809362 234 88 12
-0.1519792 0.22830495 -0.28994879 234 88 12
-0.1230311 0.23129286 -0.2906508 234 88 12
-0.46898235 0.1978673 -0.28034667 234 88 12
-0.094407621 0.23172084 -0.29241605 234 88 12
-0.088373782 0.23225171 -0.2927917 234 88 12
-0.04130692 0.23579757 -0.29510607 234 88 12
0.05111507 0.24273758 -0.29500537 234 88 12
-0.47953608 0.19568546 -0.28179599 234 88 12
-0.42185738 0.19969934 -0.27966037 234 88 12
-0.30880831 0.20869348 -0.2835984 234 88 12
-0.30106341 0.20919687 -0.28399894 234 88 12
-0.27365591 0.211907 -0.28538801 234 88 12
-0.27166844 0.21213973 -0.28544304 234 88 12
-0.23304838 0.21613588 -0.28702489 234 88 12
-0.12495458 0.22676808 -0.29070399 234 88 12
-0.096320885 0.22941553 -0.29232217 234 88 12
-0.025238963 0.23494218 -0.29576227 234 88 12
-0.47078796 0.19378227 -0.28027105 234 88 12
-0.46032609 0.19418633 -0.27920778 234 88 12
-0.37810836 0.20214829 -0.28172679 234 88 12
-0.25738891 0.21168012 -0.28584261 234 88 12
-0.22080342 0.21496755 -0.28743714 234 88 12
-0.19711817 0.2168899 -0.28836464 234 88 12
-0.17749536 0.21874672 -0.28912411 234 88 12
-0.16968611 0.21958933 -0.28950022 234 88 12
-0.017090692 0.23348374 -0.29592085 234 88 12
-0.0089923874 0.23409256 -0.29605401 234 88 12
0.0072659095 0.23545385 -0.29631184 234 88 12
-0.49074939 0.19203286 -0.28473122 234 88 12
-0.42767972 0.19492213 -0.27898384 234 88 12
-0.24493124 0.21073908 -0.28610598 234 88 12
-0.030994896 0.23041662 -0.29567309 234 88 12
-0.00081590591 0.23276773 -0.29628771 234 88 12
-0.43968592 0.19168036 -0.27841447 234 88 12
-0.42346856 0.19326542 -0.27914888 234 88 12
-0.25504473 0.20760908 -0.28564455 234 88 12
-0.21255068 0.21115305 -0.28765471 234 88 12
-0.15755286 0.21633578 -0.28995709 234 88 12
-0.10218745 0.2223716 -0.29203569 234 88 12
0.013421457 0.23193955 -0.2964183 234 88 12
0.047378234 0.23447522 -0.29555397 234 88 12
0.083292483 0.23671695 -0.29342154 234 88 12
-0.45785677 0.18822698 -0.27871116 234 88 12
-0.44359318 0.18925163 -0.27822308 234 88 12
-0.43955834 0.18961399 -0.27825922 234 88 12
-0.42334677 0.1911847 -0.27903165 234 88 12
-0.32571486 0.19943563 -0.28223413 234 88 12
-0.20645524 0.20936958 -0.28779499 234 88 12
-0.18883341 0.21081617 -0.2886361 234 88 12
-0.091927461 0.22120497 -0.29286023 234 88 12
-0.45979499 0.1860748 -0.27871326 234 88 12
-0.43943183 0.18753787 -0.27816592 234 88 12
-0.42321366 0.18911019 -0.27896375 234 88 12
-0.41710839 0.18976202 -0.27941539 234 88 12
-0.38579966 0.1931546 -0.28117013 234 88 12
-0.34519403 0.19642156 -0.28170985 234 88 12
-0.32557741 0.19734693 -0.2821222 234 88 12
-0.30611706 0.19833636 -0.28289986 234 88 12
-0.19645388 0.20788107 -0.28825287 234 88 12
-0.12266813 0.21599554 -0.29102282 234 88 12
-0.099987431 0.21825696 -0.2923079 234 88 12
0.025504196 0.22895162 -0.29637161 234 88 12
-0.3939915 0.19016876 -0.28075762 234 88 12
-0.38148702 0.19155415 -0.2811855 234 88 12
-0.3529944 0.19384593 -0.28152455 234 88 12
-0.29044953 0.19738488 -0.28342746 234 88 12
-0.25253821 0.20133273 -0.28532435 234 88 12
-0.19631159 0.2056363 -0.28825801 234 88 12
-0.15324858 0.21007154 -0.29019923 234 88 12
-0.1370622 0.21205896 -0.29063202 234 88 12
-0.077264981 0.21826567 -0.29388405 234 88 12
-0.048279336 0.22074076 -0.29542304 234 88 12
-0.046283153 0.22090906 -0.2954839 234 88 12
-0.026489345 0.22258296 -0.2960111 234 88 12
0.033549193 0.22751469 -0.29635437 234 88 12
0.061913864 0.22934292 -0.29485422 234 88 12
-0.39174704 0.18833883 -0.28071574 234 88 12
-0.32921983 0.19293906 -0.28179015 234 88 12
-0.29225501 0.19512254 -0.2832031 234 88 12
-0.28249315 0.19598201 -0.28364116 234 88 12
-0.22779505 0.20109408 -0.28640139 234 88 12
-0.19812963 0.20325066 -0.28810849 234 88 12
-0.17665963 0.20516617 -0.2892277 234 88 12
-0.01440951 0.22153079 -0.29627326 234 88 12
0.047709521 0.22648805 -0.29595456 234 88 12
0.057882446 0.22711408 -0.29531748 234 88 12
0.079192297 0.22834954 -0.29401644 234 88 12
-0.41254602 0.18399354 -0.2794982 234 88 12
-0.36888682 0.18858067 -0.28120505 234 88 12
-0.25225058 0.19698655 -0.28502163 234 88 12
-0.21365557 0.19984506 -0.28717328 234 88 12
-0.16103378 0.20463584 -0.28998806 234 88 12
-0.13693217 0.20762499 -0.2907252 234 88 12
-0.038110344 0.21751205 -0.29575926 234 88 12
-0.036138477 0.2176986 -0.29586652 234 88 12
-0.47818769 0.1777416 -0.28113652 234 88 12
-0.46338152 0.1778373 -0.27888904 234 88 12
-0.37282715 0.18614753 -0.28105946 234 88 12
-0.36873051 0.18650505 -0.28112385 234 88 12
-0.31340476 0.18941699 -0.28202557 234 88 12
-0.23348852 0.19626565 -0.28589134 234 88 12
-0.14701571 0.20410213 -0.29050114 234 88 12
-0.1450064 0.20436134 -0.29055447 234 88 12
-0.076872641 0.2119069 -0.29394945 234 88 12
-0.072716297 0.21230093 -0.29423973 234 88 12
-0.062245715 0.21322984 -0.29492959 234 88 12
-0.047920403 0.21451003 -0.29559738 234 88 12
-0.004163313 0.2183583 -0.29658154 234 88 12
-0.47158361 0.17571083 -0.27995361 234 88 12
-0.38918981 0.18236375 -0.28054729 234 88 12
-0.36453046 0.1847238 -0.28110776 234 88 12
-0.10369007 0.20716531 -0.29224678 234 88 12
-0.018075614 0.21515156 -0.29635959 234 88 12
0.011967814 0.21766283 -0.29660991 234 88 12
0.092770653 0.22306913 -0.29444924 234 88 12
-0.47787691 0.17372335 -0.28113268 234 88 12
-0.45692793 0.1739513 -0.27835669 234 88 12
-0.45487011 0.17403448 -0.27825194 234 88 12
-0.42850125 0.17595948 -0.27819118 234 88 12
-0.3443837 0.18372974 -0.28113557 234 88 12
-0.22912576 0.19213665 -0.28599953 234 88 12
-0.16263238 0.19771382 -0.29008917 234 88 12
-0.08285358 0.20707334 -0.29359816 234 88 12
0.047945541 0.21845227 -0.29628353 234 88 12
0.058178837 0.21912137 -0.29581494 234 88 12
-0.46710096 0.17167628 -0.27927179 234 88 12
-0.45882259 0.17183066 -0.27837801 234 88 12
-0.43238665 0.17350331 -0.27803231 234 88 12
-0.3521947 0.18124444 -0.28103664 234 88 12
-0.34820644 0.18143148 -0.28107579 234 88 12
-0.30529196 0.18344158 -0.28195486 234 88 12
-0.24756477 0.18865991 -0.28482532 234 88 12
-0.18957002 0.19275461 -0.28862093 234 88 12
-0.10561605 0.20270757 -0.29219367 234 88 12
-0.082718044 0.20496674 -0.29365428 234 88 12
-0.047553083 0.20830648 -0.29572037 234 88 12
0.0062032685 0.21311928 -0.29664607 234 88 12
-0.46695725 0.16966225 -0.27923743 234 88 12
-0.35007931 0.17922734 -0.28095883 234 88 12
-0.33235466 0.17994375 -0.28116542 234 88 12
-0.2309127 0.18762032 -0.28571635 234 88 12
-0.21482736 0.18866856 -0.28669659 234 88 12
-0.076330562 0.20349334 -0.29413647 234 88 12
0.012264837 0.21160304 -0.29670623 234 88 12
0.036057063 0.21353202 -0.29667489 234 88 12
0.090680231 0.21691859 -0.29491922 234 88 12
-0.44013668 0.16872827 -0.27772595 234 88 12
-0.34202859 0.17740826 -0.28094697 234 88 12
-0.16221151 0.19109593 -0.29026832 234 88 12
-0.011626028 0.20756636 -0.29656521 234 88 12
0.030145276 0.211031 -0.29678504 234 88 12
0.06691263 0.21359874 -0.2954977 234 88 12
-0.42167137 0.16824528 -0.2783205 234 88 12
-0.40289065 0.17033346 -0.27945261 234 88 12
-0.35181128 0.17490083 -0.28076376 234 88 12
-0.30889142 0.17672911 -0.28153477 234 88 12
-0.30301251 0.17713734 -0.28173083 234 88 12
0.073393576 0.21195984 -0.29532629 234 88 12
-0.20283916 0.183011 -0.28745339 234 88 12
-0.025396868 0.20225559 -0.29648358 234 88 12
0.0026509148 0.20469124 -0.29670306 234 88 12
0.018500282 0.20599208 -0.2967818 234 88 12
0.028352912 0.20682668 -0.2969075 234 88 12
0.086497982 0.21071435 -0.29521385 234 88 12
0.097767416 0.21130591 -0.29558841 234 88 12
-0.44163858 0.1624647 -0.27761173 234 88 12
-0.37768664 0.16890879 -0.28032547 234 88 12
-0.34557774 0.17085371 -0.28077317 234 88 12
-0.23470212 0.17875503 -0.28514474 234 88 12
-0.15988314 0.18483216 -0.29040938 234 88 12
0.093321632 0.20912519 -0.29558075 234 88 12
-0.34348275 0.16878215 -0.28068705 234 88 12
-0.31827669 0.16973283 -0.28108589 234 88 12
-0.14818642 0.18431925 -0.29081025 234 88 12
-0.41458463 0.1606101 -0.2786079 234 88 12
-0.32399727 0.16731318 -0.28089591 234 88 12
-0.30851521 0.168141 -0.28123963 234 88 12
-0.24701077 0.17372154 -0.28418598 234 88 12
-0.12799435 0.185104 -0.29138817 234 88 12
-0.11353568 0.18707946 -0.291937 234 88 12
-0.050928992 0.19351462 -0.2957736 234 88 12
-0.029005243 0.19577877 -0.29652034 234 88 12
0.09577268 0.2052764 -0.29593268 234 88 12
-0.44108469 0.15637877 -0.27766544 234 88 12
-0.418462 0.15810445 -0.2783194 234 88 12
-0.3530554 0.16417982 -0.2803363 234 88 12
-0.30648075 0.16614339 -0.28119168 234 88 12
-0.28885451 0.16760665 -0.28176124 234 88 12
-0.2731252 0.16917806 -0.28253819 234 88 12
-0.26916986 0.16956561 -0.28267775 234 88 12
-0.25917309 0.17057207 -0.28326238 234 88 12
-0.046787633 0.19190687 -0.2959721 234 88 12
-0.43477054 0.154741 -0.27771568 234 88 12
-0.34109854 0.16240577 -0.28049359 234 88 12
-0.30247857 0.1643182 -0.281203 234 88 12
-0.28682964 0.16569712 -0.281747 234 88 12
-0.26910104 0.16747905 -0.28257517 234 88 12
-0.20845342 0.17202013 -0.28686984 234 88 12
-0.20256475 0.17247243 -0.28742342 234 88 12
-0.18289234 0.17408312 -0.28913405 234 88 12
-0.1574229 0.17668324 -0.29064266 234 88 12
-0.14190888 0.17887926 -0.29104376 234 88 12
-0.12576725 0.1812522 -0.291512 234 88 12
0.023010304 0.19619118 -0.2971507 234 88 12
-0.46761124 0.15132135 -0.27948244 234 88 12
-0.43454338 0.15268927 -0.27770738 234 88 12
-0.18279844 0.17203719 -0.28916579 234 88 12
-0.12362524 0.17947458 -0.29163537 234 88 12
-0.058833047 0.18663763 -0.29522028 234 88 12
0.059481314 0.19712231 -0.29688478 234 88 12
-0.36844672 0.15699473 -0.2800813 234 88 12
-0.35847812 0.1575314 -0.28003592 234 88 12
-0.34272651 0.15804452 -0.28033225 234 88 12
-0.2123211 0.16756266 -0.28653498 234 88 12
-0.20444049 0.1681787 -0.28724926 234 88 12
-0.16883264 0.17123579 -0.29007167 234 88 12
-0.15913244 0.17227101 -0.29042389 234 88 12
-0.0942798 0.18110391 -0.29318651 234 88 12
-0.092172125 0.1813392 -0.29330344 234 88 12
0.089574801 0.19688232 -0.29633498 234 88 12
-0.47810118 0.14726223 -0.28167391 234 88 12
-0.38023437 0.15388781 -0.2798323 234 88 12
-0.33679084 0.15608147 -0.28033189 234 88 12
-0.2727496 0.16082738 -0.28213057 234 88 12
-0.26483771 0.16162835 -0.28261353 234 88 12
-0.2628443 0.16182753 -0.28275482 234 88 12
-0.22425626 0.16477567 -0.2856009 234 88 12
-0.1315332 0.1741555 -0.29142295 234 88 12
-0.08787976 0.17976128 -0.29364549 234 88 12
-0.034395216 0.1850608 -0.29637454 234 88 12
-0.030409209 0.18546032 -0.29652231 234 88 12
-0.01847169 0.18662592 -0.29696972 234 88 12
0.013413255 0.18929476 -0.29730956 234 88 12
0.035306341 0.1911171 -0.29734299 234 88 12
0.055564604 0.19285761 -0.29724558 234 88 12
-0.45239883 0.14543768 -0.27816588 234 88 12
-0.39430653 0.15030501 -0.27943402 234 88 12
-0.34430899 0.15370783 -0.28012553 234 88 12
-0.32896996 0.15424164 -0.28035363 234 88 12
-0.27657831 0.15834073 -0.28173482 234 88 12
-0.24255116 0.16153069 -0.28420146 234 88 12
-0.1904744 0.16521659 -0.28844203 234 88 12
0.078990153 0.19225766 -0.29657989 234 88 12
-0.46899396 0.14306457 -0.27997581 234 88 12
-0.40652433 0.14689214 -0.27895769 234 88 12
-0.37978136 0.14972341 -0.27972452 234 88 12
-0.28633771 0.15533603 -0.28122629 234 88 12
-0.28239691 0.15571583 -0.28139496 234 88 12
-0.06879146 0.17762954 -0.29476858 234 88 12
-0.036182881 0.18088081 -0.29638233 234 88 12
-0.024197135 0.18204539 -0.29674969 234 88 12
0.079131729 0.19023819 -0.29669728 234 88 12
-0.41047219 0.14441698 -0.27871164 234 88 12
-0.29797573 0.15220771 -0.28076353 234 88 12
-0.28029188 0.15388622 -0.28141568 234 88 12
-0.26049654 0.15589252 -0.28272289 234 88 12
-0.25247036 0.15660003 -0.28329399 234 88 12
-0.18626794 0.1614929 -0.28875595 234 88 12
-0.11273748 0.17066376 -0.29235661 234 88 12
0.064364284 0.18733814 -0.29725884 234 88 12
0.083542283 0.18847309 -0.29676816 234 88 12
-0.47292769 0.13893611 -0.28088297 234 88 12
-0.42280034 0.14116358 -0.27813406 234 88 12
-0.070728793 0.17347614 -0.29473048 234 88 12
0.021721654 0.18185541 -0.29759349 234 88 12
0.027697196 0.18234738 -0.29757962 234 88 12
0.033754393 0.18284137 -0.29763367 234 88 12
-0.34759507 0.1453859 -0.27995313 234 88 12
-0.326549 0.14616879 -0.28016289 234 88 12
-0.1602845 0.15993564 -0.29039992 234 88 12
-0.14475184 0.16197088 -0.29104892 234 88 12
-0.13683555 0.16308577 -0.29134488 234 88 12
-0.13082962 0.16401575 -0.29161693 234 88 12
-0.089509264 0.16951316 -0.29370126 234 88 12
0.031846765 0.18064954 -0.29768893 234 88 12
0.073151748 0.18381342 -0.29724039 234 88 12
0.094785076 0.18500976 -0.29731489 234 88 12
-0.47692411 0.13486261 -0.2820179 234 88 12
-0.42650318 0.13663726 -0.2779477 234 88 12
-0.31692253 0.14470896 -0.28014942 234 88 12
-0.30735412 0.14543247 -0.28029801 234 88 12
-0.25611581 0.15025318 -0.28286499 234 88 12
-0.17788369 0.15610035 -0.28925651 234 88 12
-0.068487504 0.16973768 -0.29486697 234 88 12
0.073284962 0.18178404 -0.29735256 234 88 12
0.09934911 0.18320258 -0.29773046 234 88 12
-0.43249557 0.13406358 -0.27776952 234 88 12
-0.38890046 0.13848624 -0.27937102 234 88 12
-0.37485232 0.13990529 -0.27979328 234 88 12
-0.35511268 0.14108194 -0.27995716 234 88 12
-0.32629593 0.14221463 -0.28011843 234 88 12
-0.24394191 0.14922504 -0.2837759 234 88 12
-0.19182151 0.15298234 -0.2881635 234 88 12
-0.18376008 0.15359822 -0.28875055 234 88 12
-0.16000236 0.15588041 -0.29032714 234 88 12
-0.14635282 0.15768495 -0.29095629 234 88 12
-0.10176501 0.16398599 -0.29300887 234 88 12
-0.099696049 0.16425033 -0.29309003 234 88 12
-0.48813329 0.13100743 -0.28631277 234 88 12
-0.42190628 0.13290626 -0.27814603 234 88 12
-0.40100792 0.13509195 -0.2789541 234 88 12
-0.33947965 0.13963731 -0.27997605 234 88 12
-0.40914777 0.13214776 -0.27862595 234 88 12
-0.3844841 0.13486273 -0.27947434 234 88 12
-0.33172366 0.13804699 -0.28001056 234 88 12
-0.1814281 0.14974919 -0.28887118 234 88 12
-0.47160854 0.12652255 -0.28108872 234 88 12
-0.3985445 0.13125058 -0.27901387 234 88 12
-0.35078192 0.13525505 -0.27997657 234 88 12
-0.30878294 0.13776212 -0.2802566 234 88 12
-0.24550118 0.14313998 -0.28350199 234 88 12
-0.22750925 0.14443859 -0.28501565 234 88 12
-0.13192515 0.15379369 -0.29173984 234 88 12
-0.097233792 0.15869122 -0.29355733 234 88 12
-0.078599077 0.16085717 -0.29454058 234 88 12
-0.017388457 0.16666956 -0.29723252 234 88 12
-0.35258256 0.13319603 -0.27996006 234 88 12
-0.28112589 0.13839141 -0.28103752 234 88 12
-0.27912738 0.13855962 -0.28116662 234 88 12
-0.21735521 0.14316755 -0.28583433 234 88 12
-0.1155957 0.15426684 -0.29261401 234 88 12
-0.099180827 0.15647174 -0.29349144 234 88 12
-0.097133518 0.15673832 -0.29355884 234 88 12
-0.031445201 0.16355345 -0.29688654 234 88 12
0.071763879 0.17152273 -0.29816478 234 88 12
-0.18694668 0.14330365 -0.28829802 234 88 12
-0.082635923 0.15657713 -0.2944741 234 88 12
-0.070184206 0.15788671 -0.29510325 234 88 12
0.061303168 0.16879347 -0.29838918 234 88 12
-0.2390027 0.13773001 -0.28408709 234 88 12
-0.18472805 0.14146716 -0.28841208 234 88 12
-0.15882512 0.14399001 -0.29022783 234 88 12
-0.12927818 0.14825763 -0.29190002 234 88 12
-0.10711461 0.15151463 -0.29315083 234 88 12
-0.03133789 0.15962543 -0.29703202 234 88 12
0.014858341 0.16323407 -0.29821437 234 88 12
0.082685978 0.16795641 -0.2981696 234 88 12
-0.38752583 0.12428331 -0.27945825 234 88 12
-0.34637422 0.12765685 -0.28010826 234 88 12
-0.32541978 0.12908892 -0.28012359 234 88 12
-0.30826776 0.13050503 -0.28025609 234 88 12
-0.29452332 0.13168386 -0.28055415 234 88 12
-0.23881428 0.13580238 -0.28407224 234 88 12
0.028797394 0.16233759 -0.2984063 234 88 12
-0.44293681 0.1168688 -0.27827851 234 88 12
-0.41813097 0.11886309 -0.27837756 234 88 12
-0.38933882 0.12203822 -0.27942745 234 88 12
-0.30814066 0.12869442 -0.28024162 234 88 12
-0.22469768 0.13477549 -0.28517395 234 88 12
-0.21868892 0.13517257 -0.28564547 234 88 12
-0.10276253 0.14825187 -0.29345007 234 88 12
-0.057695033 0.15331317 -0.29593006 234 88 12
0.072255582 0.16331846 -0.29871311 234 88 12
-0.48595022 0.11422349 -0.28676265 234 88 12
-0.45935521 0.11419115 -0.27981828 234 88 12
-0.36564164 0.1224226 -0.28013934 234 88 12
-0.24450966 0.13149423 -0.28352124 234 88 12
-0.16017539 0.13785007 -0.28995269 234 88 12
0.07660771 0.16147117 -0.29871379 234 88 12
0.078720784 0.16156758 -0.29864218 234 88 12
0.091539702 0.16219774 -0.29864359 234 88 12
-0.34406334 0.12198154 -0.28019746 234 88 12
-0.33832425 0.12241055 -0.2801578 234 88 12
-0.15607539 0.13639916 -0.29011163 234 88 12
-0.055475332 0.14958543 -0.29612731 234 88 12
-0.04724429 0.15030762 -0.29645825 234 88 12
-0.037094778 0.15117665 -0.29688933 234 88 12
-0.026981106 0.15200869 -0.29731227 234 88 12
0.0093075342 0.15477153 -0.29839856 234 88 12
0.019190926 0.15555413 -0.29865276 234 88 12
-0.36924867 0.11806844 -0.28013025 234 88 12
-0.31733431 0.12236672 -0.28031062 234 88 12
-0.22809615 0.12860162 -0.28481546 234 88 12
-0.20017753 0.13046877 -0.28698017 234 88 12
-0.11827575 0.14021178 -0.29257774 234 88 12
-0.071846858 0.14606751 -0.29530023 234 88 12
0.027202954 0.15414702 -0.29870261 234 88 12
-0.48027583 0.10795611 -0.2848016 234 88 12
-0.45853744 0.10816244 -0.28012711 234 88 12
-0.37300138 0.11568201 -0.28000695 234 88 12
-0.34382439 0.11811829 -0.28026613 234 88 12
-0.31719658 0.12048286 -0.28032515 234 88 12
-0.25593981 0.12491983 -0.28261328 234 88 12
-0.18164492 0.12978552 -0.28828886 234 88 12
-0.12795344 0.13677094 -0.29199693 234 88 12
-0.07174188 0.14410169 -0.29534994 234 88 12
-0.024752162 0.14814169 -0.29747133 234 88 12
-0.34178244 0.11632549 -0.28025365 234 88 12
-0.30932127 0.11927675 -0.2804679 234 88 12
-0.1257836 0.13515684 -0.29211267 234 88 12
-0.086026078 0.14060523 -0.29449495 234 88 12
-0.010417452 0.14721274 -0.29811806 234 88 12
-0.17931455 0.1259883 -0.28832466 234 88 12
-0.1652815 0.12740348 -0.28923572 234 88 12
-0.099893479 0.13694941 -0.29376206 234 88 12
-0.095913377 0.13746073 -0.29404402 234 88 12
-0.077698146 0.13950819 -0.29506802 234 88 12
-0.036729419 0.14319471 -0.29714589 234 88 12
0.021695756 0.14757011 -0.29885308 234 88 12
0.035716863 0.14858812 -0.29900186 234 88 12
-0.47488699 0.10186058 -0.28338311 234 88 12
-0.40411237 0.10614477 -0.27895873 234 88 12
-0.39406646 0.10727478 -0.27930647 234 88 12
-0.37644636 0.10928908 -0.27997951 234 88 12
-0.31678271 0.11474823 -0.28043357 234 88 12
-0.27523689 0.11795035 -0.28139216 234 88 12
-0.27324049 0.11807135 -0.28155382 234 88 12
-0.1532618 0.12701434 -0.29011381 234 88 12
-0.11356746 0.13313442 -0.29289947 234 88 12
-0.10569628 0.13423523 -0.29345863 234 88 12
-0.085743978 0.13667341 -0.29465776 234 88 12
-0.022380969 0.14225556 -0.29780716 234 88 12
-0.00010375793 0.14393172 -0.29863029 234 88 12
0.096549302 0.14999551 -0.2995416 234 88 12
-0.45757447 0.1002332 -0.28045157 234 88 12
-0.42851096 0.10182386 -0.27859481 234 88 12
-0.39787069 0.10483746 -0.27916787 234 88 12
-0.33764975 0.1108265 -0.28047765 234 88 12
-0.085588436 0.13470158 -0.29472483 234 88 12
-0.34322114 0.10836811 -0.28065565 234 88 12
-0.29683148 0.11248589 -0.28084792 234 88 12
-0.25294154 0.11515136 -0.28298571 234 88 12
-0.22300586 0.11687556 -0.28520426 234 88 12
-0.20712489 0.11793277 -0.28634165 234 88 12
-0.20115112 0.11835326 -0.28679358 234 88 12
-0.16682099 0.12134323 -0.28908503 234 88 12
-0.046545364 0.13638154 -0.29703686 234 88 12
-0.038382007 0.13701697 -0.29734361 234 88 12
0.0061756541 0.14028119 -0.29888497 234 88 12
0.044267743 0.14296691 -0.2993218 234 88 12
-0.45705317 0.096340748 -0.28060048 234 88 12
-0.32397475 0.10808987 -0.2804808 234 88 12
-0.13877138 0.12338138 -0.29108258 234 88 12
-0.093309717 0.12985083 -0.29430893 234 88 12
-0.048474513 0.13421026 -0.29707941 234 88 12
-0.0057532502 0.13735958 -0.29876257 234 88 12
0.065071954 0.14223482 -0.29960382 234 88 12
-0.36422473 0.1025714 -0.28054868 234 88 12
-0.30246891 0.10804319 -0.28094552 234 88 12
-0.19278578 0.11492037 -0.28735282 234 88 12
-0.019868619 0.1343431 -0.29831362 234 88 12
-0.33703753 0.10294402 -0.280796 234 88 12
-0.28627666 0.10715629 -0.28130087 234 88 12
-0.17839521 0.11413389 -0.28814662 234 88 12
-0.16835434 0.11526175 -0.288872 234 88 12
-0.15640566 0.11684492 -0.28983012 234 88 12
-0.033965433 0.13130294 -0.29777211 234 88 12
0.016642667 0.13481296 -0.29934727 234 88 12
0.055040604 0.13736755 -0.29970439 234 88 12
-0.47328532 0.089972385 -0.28359819 234 88 12
-0.39299644 0.09535071 -0.27951322 234 88 12
-0.34841687 0.099967197 -0.28077474 234 88 12
-0.30409356 0.10387195 -0.28105525 234 88 12
-0.21435589 0.10922367 -0.28591701 234 88 12
-0.20046977 0.11028248 -0.28689762 234 88 12
-0.18433574 0.11157788 -0.28781366 234 88 12
-0.1026698 0.1227368 -0.29356631 234 88 12
-0.064361524 0.12663875 -0.29624346 234 88 12
-0.025745199 0.12986024 -0.29809763 234 88 12
0.078104857 0.13660215 -0.29984524 234 88 12
-0.20429742 0.10794113 -0.28665691 234 88 12
-0.053970035 0.12555879 -0.29688514 234 88 12
-0.02969663 0.12756326 -0.29805066 234 88 12
-0.0093071171 0.1289417 -0.29882088 234 88 12
0.045060181 0.1324545 -0.29968023 234 88 12
-0.44744489 0.087195575 -0.28014303 234 88 12
-0.13586938 0.11406719 -0.29111028 234 88 12
-0.072265582 0.12180039 -0.29573886 234 88 12
-0.029555807 0.12556139 -0.2981311 234 88 12
-0.0091745449 0.12692663 -0.29887904 234 88 12
-0.44513281 0.085388429 -0.27997891 234 88 12
-0.17576938 0.10656033 -0.2883448 234 88 12
-0.13570284 0.11213002 -0.29113691 234 88 12
-0.10604663 0.11634506 -0.29334477 234 88 12
-0.070047096 0.11996821 -0.29588584 234 88 12
0.007272603 0.12589181 -0.29941442 234 88 12
0.02324638 0.12695884 -0.29966306 234 88 12
0.093289731 0.13111606 -0.30038094 234 88 12
-0.43668407 0.083962239 -0.27952083 234 88 12
-0.42247056 0.084896006 -0.27908317 234 88 12
-0.3844475 0.088299214 -0.27996987 234 88 12
-0.21371371 0.10108247 -0.28597517 234 88 12
-0.1314997 0.11081036 -0.29145714 234 88 12
0.055757221 0.12685528 -0.30009064 234 88 12
-0.4120407 0.08368186 -0.2789655 234 88 12
-0.32833004 0.091782769 -0.28115906 234 88 12
-0.27500164 0.095448452 -0.28216206 234 88 12
-0.22536918 0.098231076 -0.28501561 234 88 12
-0.11352281 0.11138625 -0.29276954 234 88 12
0.078756517 0.12618552 -0.30039159 234 88 12
-0.4741006 0.078439278 -0.28394253 234 88 12
-0.45903001 0.07902723 -0.28125621 234 88 12
-0.40979852 0.081913672 -0.2790309 234 88 12
-0.3570363 0.087304479 -0.28090066 234 88 12
-0.26079025 0.094125598 -0.28277625 234 88 12
-0.11727551 0.10888377 -0.29247298 234 88 12
-0.11335291 0.10939097 -0.29274239 234 88 12
-0.10748618 0.11012064 -0.29318727 234 88 12
-0.051158748 0.11570558 -0.29716502 234 88 12
-0.034993416 0.11714223 -0.29805455 234 88 12
0.05816853 0.12285337 -0.30023499 234 88 12
-0.28265559 0.090976487 -0.28206822 234 88 12
-0.27864387 0.091181531 -0.28212424 234 88 12
-0.27661418 0.091285069 -0.28217886 234 88 12
-0.15522436 0.10152061 -0.28979504 234 88 12
-0.1370539 0.10408199 -0.29104588 234 88 12
-0.11513567 0.10713444 -0.29264341 234 88 12
-0.0022976409 0.1172539 -0.2992726 234 88 12
0.0522261 0.12043543 -0.30029236 234 88 12
0.072745678 0.1217052 -0.30052617 234 88 12
-0.48052686 0.074558923 -0.28588239 234 88 12
-0.43179395 0.076712052 -0.27937192 234 88 12
-0.42573874 0.077055405 -0.27915396 234 88 12
-0.38177232 0.080686205 -0.28010057 234 88 12
-0.37792833 0.08109529 -0.2801585 234 88 12
-0.33155813 0.085607527 -0.28130884 234 88 12
-0.32582113 0.086101795 -0.28150223 234 88 12
-0.31816306 0.086743663 -0.28164275 234 88 12
-0.27440124 0.089356446 -0.28227749 234 88 12
-0.27239108 0.08945985 -0.28238887 234 88 12
-0.2584318 0.090125035 -0.28295296 234 88 12
-0.17711482 0.096678896 -0.28831864 234 88 12
-0.171082 0.097452481 -0.28863591 234 88 12
-0.16712509 0.097989833 -0.28889719 234 88 12
-0.085420476 0.1081987 -0.29478316 234 88 12
-0.050856875 0.11169346 -0.29721499 234 88 12
0.060545941 0.11885278 -0.30040602 234 88 12
0.074975427 0.11979372 -0.30061508 234 88 12
-0.34675329 0.082351374 -0.28127739 234 88 12
-0.34288973 0.082685688 -0.28127512 234 88 12
-0.29232625 0.086437826 -0.28214945 234 88 12
-0.28626399 0.086746215 -0.2822613 234 88 12
-0.2562669 0.088154287 -0.28306263 234 88 12
-0.20713756 0.091507974 -0.28638179 234 88 12
-0.034541283 0.11117877 -0.29810638 234 88 12
-0.026497122 0.11177394 -0.29842462 234 88 12
0.064804767 0.11707907 -0.30057297 234 88 12
0.066861708 0.1172411 -0.3005956 234 88 12
0.068920335 0.11738037 -0.30066288 234 88 12
0.10265586 0.11944342 -0.30182986 234 88 12
-0.38333532 0.07650538 -0.27998973 234 88 12
-0.27397732 0.085291014 -0.28249122 234 88 12
-0.25608196 0.086081463 -0.28305344 234 88 12
-0.23055744 0.087680417 -0.28472648 234 88 12
-0.10682253 0.10188822 -0.29324283 234 88 12
-0.091078673 0.10350602 -0.29442181 234 88 12
0.014529856 0.11204405 -0.29967242 234 88 12
0.026618587 0.11274332 -0.29993827 234 88 12
-0.43325034 0.070992453 -0.27940025 234 88 12
-0.43123077 0.071077583 -0.27925899 234 88 12
-0.24216606 0.084804998 -0.28387794 234 88 12
-0.17874664 0.090547238 -0.28811289 234 88 12
-0.052437328 0.10547762 -0.29712319 234 88 12
-0.030244497 0.10749838 -0.29834127 234 88 12
-0.47742359 0.067148926 -0.28491846 234 88 12
-0.44959859 0.0683751 -0.28042104 234 88 12
-0.41683777 0.069895855 -0.27896695 234 88 12
-0.41274171 0.070107507 -0.27898104 234 88 12
-0.37523384 0.073336002 -0.28035491 234 88 12
-0.37332109 0.073568856 -0.28044883 234 88 12
-0.2008133 0.085899367 -0.28652178 234 88 12
-0.18875028 0.087243967 -0.28737578 234 88 12
-0.15247394 0.092074575 -0.29003157 234 88 12
-0.0056640054 0.1069865 -0.29929185 234 88 12
0.098674717 0.11319397 -0.30181067 234 88 12
-0.40643224 0.0684952 -0.27905183 234 88 12
-0.30921456 0.077367604 -0.28231979 234 88 12
-0.29331476 0.078211457 -0.28252757 234 88 12
-0.27528591 0.079007101 -0.28272499 234 88 12
-0.096486482 0.096526407 -0.29393521 234 88 12
-0.46596592 0.06384048 -0.28219385 234 88 12
-0.34186043 0.072730476 -0.2815443 234 88 12
-0.32057565 0.074504006 -0.28211603 234 88 12
-0.29907346 0.075873802 -0.28256604 234 88 12
-0.26513687 0.077333716 -0.28304818 234 88 12
-0.26317312 0.077407368 -0.2830755 234 88 12
-0.13601503 0.089849051 -0.29131525 234 88 12
-0.10023964 0.093927147 -0.29367837 234 88 12
-0.08251452 0.095818357 -0.29504874 234 88 12
-0.072357886 0.096975218 -0.29593477 234 88 12
0.065679353 0.1068811 -0.301075 234 88 12
0.069777589 0.10714597 -0.30115812 234 88 12
-0.30871498 0.073316682 -0.28256289 234 88 12
0.080195313 0.10591144 -0.30143553 234 88 12
-0.42009466 0.061994463 -0.27895743 234 88 12
-0.38412516 0.064179781 -0.27999832 234 88 12
-0.3005509 0.071703833 -0.28276563 234 88 12
-0.28456311 0.072409308 -0.28291222 234 88 12
-0.17612971 0.080884544 -0.28826455 234 88 12
-0.16605606 0.082340451 -0.28898971 234 88 12
-0.1640346 0.082611018 -0.28914511 234 88 12
-0.14782797 0.084459314 -0.29040777 234 88 12
-0.12962005 0.086266836 -0.29183573 234 88 12
-0.099892161 0.089549439 -0.29375974 234 88 12
-0.0050171792 0.098733535 -0.29939572 234 88 12
0.088556505 0.10454177 -0.30155122 234 88 12
-0.46324833 0.058315225 -0.28177766 234 88 12
-0.42193332 0.059958156 -0.27896409 234 88 12
-0.28631964 0.070273992 -0.28301265 234 88 12
-0.23736213 0.07249159 -0.28403701 234 88 12
-0.42375646 0.05792838 -0.27903834 234 88 12
-0.3798361 0.060432295 -0.28007694 234 88 12
-0.36634734 0.061876954 -0.28071372 234 88 12
-0.25265805 0.069469415 -0.28335749 234 88 12
-0.24881518 0.069682456 -0.28351672 234 88 12
-0.22752869 0.071152716 -0.28450123 234 88 12
-0.17791927 0.0765456 -0.28806623 234 88 12
-0.13539954 0.081430401 -0.29143333 234 88 12
-0.043342072 0.092112532 -0.29784337 234 88 12
0.060226435 0.098309338 -0.30130796 234 88 12
0.10375283 0.10181845 -0.30318494 234 88 12
-0.46287663 0.054547218 -0.28168976 234 88 12
-0.39527278 0.057170839 -0.27942031 234 88 12
-0.31944732 0.064262041 -0.2824127 234 88 12
-0.23321604 0.068621565 -0.28421 234 88 12
-0.1818935 0.073909167 -0.28775397 234 88 12
-0.087755492 0.084354426 -0.29475045 234 88 12
-0.063667751 0.087629217 -0.29663249 234 88 12
-0.055505705 0.088742559 -0.29718265 234 88 12
-0.04526607 0.089857945 -0.29772156 234 88 12
-0.029164954 0.091199461 -0.2985261 234 88 12
-0.36598113 0.057734659 -0.28070167 234 88 12
-0.2115943 0.068266431 -0.28547371 234 88 12
-0.15745697 0.075331976 -0.28975454 234 88 12
-0.063576219 0.08554545 -0.29664123 234 88 12
-0.037010685 0.088547081 -0.29820465 234 88 12
-0.018868064 0.089695748 -0.29893387 234 88 12
0.014105358 0.091288823 -0.29988985 234 88 12
-0.44987784 0.051286011 -0.28038806 234 88 12
-0.3734785 0.054834675 -0.28029061 234 88 12
-0.36771478 0.055456433 -0.28059066 234 88 12
-0.31511816 0.060384656 -0.28259838 234 88 12
-0.29732514 0.06148716 -0.28306673 234 88 12
-0.2953242 0.061579667 -0.28307563 234 88 12
-0.28931082 0.061843394 -0.28317916 234 88 12
-0.28533965 0.062003097 -0.28315386 234 88 12
-0.27150231 0.062476536 -0.28308219 234 88 12
-0.26179265 0.062847588 -0.28324033 234 88 12
-0.22906227 0.064792173 -0.28428978 234 88 12
-0.16141753 0.0728456 -0.28938831 234 88 12
-0.13099703 0.075411924 -0.29175041 234 88 12
0.0019056226 0.08857712 -0.29959925 234 88 12
0.020405384 0.089536377 -0.30009447 234 88 12
0.079056995 0.093592364 -0.30184763 234 88 12
-0.39866309 0.050823744 -0.27927894 234 88 12
-0.36562248 0.053587922 -0.28067001 234 88 12
-0.35203657 0.05499302 -0.28120966 234 88 12
-0.30506785 0.058983517 -0.28291337 234 88 12
-0.28707901 0.05986207 -0.28315707 234 88 12
-0.25965729 0.060868691 -0.28320268 234 88 12
-0.24818637 0.061397835 -0.2834535 234 88 12
-0.18565387 0.067190816 -0.28726286 234 88 12
-0.43090304 0.047853794 -0.2790712 234 88 12
-0.41871673 0.048144484 -0.27887885 234 88 12
-0.37887238 0.050156132 -0.27997092 234 88 12
-0.34210651 0.053849769 -0.28165415 234 88 12
-0.29086971 0.057631055 -0.28319696 234 88 12
-0.26915097 0.058466857 -0.28309996 234 88 12
-0.073465898 0.077810686 -0.29604318 234 88 12
0.032863318 0.086155432 -0.30077452 234 88 12
0.065043184 0.088395519 -0.3018854 234 88 12
0.0833937 0.089946214 -0.30213187 234 88 12
-0.21890847 0.059484967 -0.28473735 234 88 12
-0.15093869 0.067837885 -0.29024948 234 88 12
-0.020329268 0.08128796 -0.29907177 234 88 12
0.063182137 0.08619785 -0.30196219 234 88 12
-0.42845546 0.043923202 -0.27902761 234 88 12
-0.34175512 0.049673404 -0.28159589 234 88 12
-0.29842216 0.053162626 -0.28298544 234 88 12
-0.2362088 0.056110165 -0.28370461 234 88 12
-0.18125397 0.061834494 -0.28762716 234 88 12
-0.11454189 0.068220692 -0.29311136 234 88 12
-0.096825443 0.070209925 -0.29448754 234 88 12
-0.036377505 0.078340194 -0.29838497 234 88 12
0.016868617 0.080988428 -0.30019866 234 88 12
0.047261811 0.082987908 -0.3016109 234 88 12
0.075411476 0.085203591 -0.30229319 234 88 12
0.077452438 0.085388837 -0.3023266 234 88 12
0.079488477 0.085576784 -0.30233914 234 88 12
-0.33768549 0.047939542 -0.28172898 234 88 12
-0.32594733 0.049005022 -0.28228019 234 88 12
-0.19117277 0.058297425 -0.28665515 234 88 12
-0.18718676 0.058884694 -0.28701232 234 88 12
-0.16699444 0.062059686 -0.28880761 234 88 12
-0.15884245 0.063063184 -0.28952867 234 88 12
-0.14465832 0.064251901 -0.29080579 234 88 12
-0.11443381 0.066154018 -0.29320385 234 88 12
-0.11045123 0.066502119 -0.29348201 234 88 12
-0.052707767 0.074744569 -0.29769959 234 88 12
-0.0015412735 0.077991458 -0.29974806 234 88 12
0.012903109 0.078713246 -0.30021208 234 88 12
0.045373516 0.080840273 -0.30170532 234 88 12
0.073479174 0.083008901 -0.30242306 234 88 12
0.096144545 0.085071999 -0.30314891 234 88 12
-0.42999577 0.039883252 -0.27901685 234 88 12
-0.41159461 0.040249364 -0.27877452 234 88 12
-0.405537 0.040382488 -0.27893547 234 88 12
-0.39164811 0.04099003 -0.27948465 234 88 12
-0.38386286 0.041518454 -0.27982281 234 88 12
-0.3375095 0.045876609 -0.28168802 234 88 12
-0.32182876 0.047308177 -0.28246348 234 88 12
-0.26255378 0.050681446 -0.28302454 234 88 12
-0.18705807 0.056914179 -0.28697623 234 88 12
-0.1668806 0.060088696 -0.28882133 234 88 12
-0.10639241 0.064841136 -0.29381552 234 88 12
-0.058820626 0.071877043 -0.29741447 234 88 12
0.031393061 0.077815926 -0.30100839 234 88 12
-0.46759023 0.036939361 -0.28230969 234 88 12
-0.44214684 0.037696108 -0.27970155 234 88 12
-0.39929282 0.038588874 -0.27914393 234 88 12
-0.29781561 0.04707932 -0.28301347 234 88 12
-0.1869425 0.054945881 -0.28697134 234 88 12
-0.1545619 0.059516377 -0.28991617 234 88 12
-0.15254452 0.059714878 -0.29010449 234 88 12
-0.12827497 0.061143376 -0.2921708 234 88 12
-0.064873067 0.068930392 -0.29705471 234 88 12
0.055563886 0.077559612 -0.30225836 234 88 12
0.083856863 0.079908415 -0.30289345 234 88 12
-0.47189275 0.034897108 -0.28325011 234 88 12
-0.4398604 0.035733652 -0.279522 234 88 12
-0.41518058 0.03611343 -0.27875289 234 88 12
-0.32149473 0.043207439 -0.28236745 234 88 12
-0.31953938 0.043387202 -0.2824413 234 88 12
-0.29160247 0.04538563 -0.28301082 234 88 12
-0.24889898 0.047450083 -0.2830313 234 88 12
-0.22981992 0.048788186 -0.28374555 234 88 12
-0.12416414 0.059398799 -0.29257156 234 88 12
0.021456758 0.073033686 -0.30078271 234 88 12
0.098482285 0.079318614 -0.30377877 234 88 12
-0.45633233 0.033363121 -0.2807468 234 88 12
-0.34282579 0.039254362 -0.28130463 234 88 12
-0.31147584 0.042017442 -0.2825468 234 88 12
-0.20436426 0.048876782 -0.28532861 234 88 12
-0.1847183 0.051286407 -0.28695533 234 88 12
-0.17868157 0.052254857 -0.28759156 234 88 12
-0.068724173 0.064306655 -0.29684795 234 88 12
-0.052379378 0.066782433 -0.297872 234 88 12
-0.398636 0.032538434 -0.27905207 234 88 12
-0.37143176 0.034456807 -0.2800378 234 88 12
-0.28722511 0.041587732 -0.28283454 234 88 12
-0.22948242 0.044925366 -0.28358881 234 88 12
-0.13608184 0.054861013 -0.29160324 234 88 12
-0.10194322 0.057250721 -0.29439834 234 88 12
0.055828006 0.071598237 -0.3026175 234 88 12
-0.40039036 0.030448635 -0.27900571 234 88 12
-0.23314413 0.042678933 -0.2833298 234 88 12
-0.17843269 0.048291589 -0.28738511 234 88 12
-0.11988636 0.053730522 -0.29294312 234 88 12
0.019706071 0.066888473 -0.30101362 234 88 12
0.049968053 0.069119762 -0.30246874 234 88 12
0.07801575 0.071307282 -0.30341341 234 88 12
-0.2425364 0.040017931 -0.28281413 234 88 12
-0.182305 0.045706688 -0.28699311 234 88 12
-0.17830451 0.046314818 -0.28732275 234 88 12
0.017741551 0.064809491 -0.3010782 234 88 12
0.071989548 0.068880696 -0.30347645 234 88 12
0.084230092 0.069878836 -0.30358193 234 88 12
-0.47313231 0.025044992 -0.28342136 234 88 12
-0.3901462 0.026901079 -0.27925676 234 88 12
-0.32069471 0.03298871 -0.28195156 234 88 12
-0.22122054 0.039765182 -0.28390773 234 88 12
-0.20182087 0.041316371 -0.28525651 234 88 12
-0.17411946 0.044979075 -0.28768985 234 88 12
0.054074581 0.065572505 -0.30297565 234 88 12
0.10095849 0.069397166 -0.30451212 234 88 12
-0.38023335 0.025553954 -0.2794959 234 88 12
-0.33423706 0.029736584 -0.28114386 234 88 12
-0.31656916 0.031300944 -0.28198727 234 88 12
-0.29060628 0.033302351 -0.28235977 234 88 12
-0.28058581 0.033855414 -0.28228357 234 88 12
-0.25169886 0.035441511 -0.28240001 234 88 12
-0.19582479 0.039946121 -0.28566764 234 88 12
-0.10752732 0.048786983 -0.29413137 234 88 12
-0.014937151 0.059005674 -0.29957452 234 88 12
0.050179473 0.063327536 -0.30289853 234 88 12
0.074135417 0.0651479 -0.30376486 234 88 12
0.086397457 0.066121585 -0.30380039 234 88 12
0.098869659 0.067182579 -0.30439969 234 88 12
0.10099934 0.067378741 -0.30462494 234 88 12
-0.44452027 0.021524137 -0.27971574 234 88 12
-0.38780595 0.022994384 -0.27931775 234 88 12
-0.29247227 0.031143562 -0.28222678 234 88 12
-0.22858314 0.035206142 -0.28323524 234 88 12
-0.14161732 0.044635188 -0.29108022 234 88 12
-0.13960622 0.044768904 -0.29134882 234 88 12
-0.0760113 0.051216303 -0.29669986 234 88 12
0.028212647 0.059690098 -0.30192104 234 88 12
0.066156477 0.062646116 -0.30364004 234 88 12
-0.47478711 0.018857514 -0.28383355 234 88 12
-0.47249423 0.018939393 -0.28325297 234 88 12
-0.46347203 0.019229003 -0.28159427 234 88 12
-0.42974704 0.019698158 -0.27884921 234 88 12
-0.35306546 0.024070509 -0.28028923 234 88 12
-0.31819258 0.027028166 -0.2816959 234 88 12
-0.1955452 0.036003051 -0.28555436 234 88 12
-0.19162375 0.036444857 -0.28589164 234 88 12
-0.18573006 0.037201974 -0.28653358 234 88 12
-0.010626609 0.055191016 -0.29988522 234 88 12
-0.0044761716 0.055501477 -0.30013206 234 88 12
-0.40310364 0.018244446 -0.27886323 234 88 12
-0.34715098 0.022557217 -0.28040456 234 88 12
-0.30414143 0.026209233 -0.28188863 234 88 12
-0.14338412 0.040479053 -0.29096796 234 88 12
-0.11517424 0.04222923 -0.29363128 234 88 12
-0.020748989 0.052844471 -0.29944424 234 88 12
0.054363115 0.05792622 -0.30359071 234 88 12
-0.41289366 0.015892308 -0.27866814 234 88 12
-0.39501245 0.016576106 -0.27912272 234 88 12
-0.38524907 0.017119824 -0.27931059 234 88 12
-0.21252185 0.030588932 -0.28416072 234 88 12
-0.14730584 0.038142017 -0.29058295 234 88 12
-0.055515727 0.048400753 -0.29817816 234 88 12
-0.039096102 0.05010952 -0.29874598 234 88 12
-0.03092031 0.050536726 -0.29912211 234 88 12
0.048483467 0.055533631 -0.30346485 234 88 12
0.082538933 0.058054712 -0.30431483 234 88 12
-0.352471 0.018018143 -0.28013285 234 88 12
-0.30781755 0.021784152 -0.28156038 234 88 12
-0.30583549 0.021953343 -0.28163723 234 88 12
-0.1048465 0.039042983 -0.29458705 234 88 12
-0.094944816 0.040158155 -0.29548391 234 88 12
-0.079313733 0.042517019 -0.29665318 234 88 12
0.012294876 0.050728282 -0.30133356 234 88 12
0.070450018 0.055347089 -0.30432061 234 88 12
0.086673055 0.056361091 -0.30439795 234 88 12
-0.47148815 0.010599163 -0.28308998 234 88 12
-0.43513117 0.011350156 -0.27922708 234 88 12
-0.40248346 0.012220904 -0.27890984 234 88 12
-0.30567232 0.019928534 -0.28152906 234 88 12
-0.26408354 0.022561072 -0.28152229 234 88 12
-0.16720294 0.03165277 -0.28819039 234 88 12
-0.1066902 0.03684828 -0.29443751 234 88 12
-0.07325703 0.041446663 -0.29711984 234 88 12
-0.46016986 0.0088260544 -0.28127029 234 88 12
-0.33870596 0.015159669 -0.28038736 234 88 12
-0.32903576 0.015946609 -0.28068777 234 88 12
-0.28753694 0.01919191 -0.2813732 234 88 12
-0.27170086 0.020096626 -0.28134967 234 88 12
-0.23130899 0.022969941 -0.28274218 234 88 12
-0.20234747 0.025398488 -0.28485837 234 88 12
-0.16105713 0.030393609 -0.28893593 234 88 12
0.03679553 0.048884143 -0.30319259 234 88 12
-0.41410023 0.0077102071 -0.27872014 234 88 12
-0.37478549 0.0099084505 -0.27951684 234 88 12
-0.18277711 0.025353789 -0.28652626 234 88 12
-0.16688762 0.027549782 -0.28824828 234 88 12
-0.13865071 0.030454323 -0.29141816 234 88 12
-0.10436237 0.032984072 -0.29467563 234 88 12
-0.092457198 0.034294604 -0.29576419 234 88 12
-0.046778549 0.041099612 -0.29864612 234 88 12
0.036867412 0.047003117 -0.30332575 234 88 12
-0.47066071 0.0042659459 -0.28295066 234 88 12
-0.35546133 0.0096647663 -0.27980058 234 88 12
-0.2972037 0.014419919 -0.28113061 234 88 12
-0.1567243 0.026700026 -0.28936555 234 88 12
0.014704884 0.04324489 -0.30185574 234 88 12
0.016758139 0.043400966 -0.30197693 234 88 12
-0.45726871 0.0025273458 -0.28089628 234 88 12
-0.30499726 0.011799226 -0.28088933 234 88 12
-0.28908629 0.012937609 -0.28105536 234 88 12
-0.18835317 0.02063204 -0.28592548 234 88 12
-0.11609605 0.027921879 -0.29364264 234 88 12
-0.086317749 0.031036516 -0.2963082 234 88 12
-0.060652055 0.035052398 -0.29801788 234 88 12
-0.050551536 0.036487766 -0.29853389 234 88 12
0.0045497277 0.040447512 -0.30129181 234 88 12
0.012748931 0.041169444 -0.3018463 234 88 12
0.050926767 0.044381101 -0.30426581 234 88 12
-0.4423898 0.00087560262 -0.27976614 234 88 12
-0.4319984 0.0010442061 -0.27919836 234 88 12
-0.26725856 0.01214831 -0.28098351 234 88 12
0.078885596 0.044492451 -0.30511213 234 88 12
-0.45468064 -0.0015410497 -0.28067187 234 88 12
-0.28881989 0.0088881069 -0.28082092 234 88 12
-0.22837396 0.013108076 -0.28272787 234 88 12
-0.082138021 0.027551667 -0.29669061 234 88 12
-0.02203107 0.034738348 -0.29966663 234 88 12
0.047065429 0.040327729 -0.30434866 234 88 12
0.051022718 0.040654719 -0.30447489 234 88 12
0.074906105 0.042416319 -0.30528518 234 88 12
-0.43782217 -0.0031005809 -0.27955369 234 88 12
-0.37763124 -0.0001255834 -0.27937588 234 88 12
-0.3698928 0.00045068981 -0.27949735 234 88 12
-0.33933806 0.0030491572 -0.27995888 234 88 12
-0.18207266 0.01532486 -0.28653528 234 88 12
0.0088878818 0.035088198 -0.30182134 234 88 12
-0.3793454 -0.0021764081 -0.2793228 234 88 12
-0.26685643 0.0061383754 -0.28074725 234 88 12
-0.2280404 0.0091586979 -0.28276312 234 88 12
-0.20112558 0.011542753 -0.28492757 234 88 12
-0.12361508 0.019342787 -0.29296885 234 88 12
-0.099503726 0.021403132 -0.29530077 234 88 12
-0.062104463 0.026499526 -0.29798469 234 88 12
0.019184618 0.034077157 -0.30264485 234 88 12
0.051122293 0.036895361 -0.3047561 234 88 12
0.089174655 0.039249571 -0.30519764 234 88 12
-0.30030287 0.0021341366 -0.28042978 234 88 12
-0.19717372 0.0099464762 -0.28523518 234 88 12
-0.1876143 0.01079385 -0.28597305 234 88 12
-0.077826654 0.022090178 -0.29708432 234 88 12
-0.071939727 0.022944519 -0.29745765 234 88 12
-0.057984112 0.025100299 -0.29828984 234 88 12
0.027310671 0.032896775 -0.30334857 234 88 12
0.047256552 0.034662423 -0.30477402 234 88 12
0.049230208 0.034833852 -0.30484769 234 88 12
-0.38089101 -0.00610848 -0.27926309 234 88 12
-0.27442756 0.0017579641 -0.28046985 234 88 12
-0.19704622 0.0080177292 -0.28525279 234 88 12
-0.15174372 0.012992385 -0.28993089 234 88 12
-0.13345242 0.014585747 -0.29184991 234 88 12
-0.077688012 0.02011258 -0.29706081 234 88 12
-0.023665987 0.026530711 -0.29962548 234 88 12
0.07306263 0.034760865 -0.30554632 234 88 12
-0.43072908 -0.010823564 -0.27916174 234 88 12
-0.30982139 -0.0024327531 -0.28019518 234 88 12
-0.30589931 -0.0021522904 -0.28023274 234 88 12
-0.25292433 0.0010890249 -0.28102711 234 88 12
-0.23543779 0.002544514 -0.28216958 234 88 12
-0.17955379 0.0077426443 -0.28681491 234 88 12
-0.16962773 0.0089159946 -0.28788877 234 88 12
-0.14144706 0.011930041 -0.29104014 234 88 12
-0.07562377 0.018401292 -0.29720754 234 88 12
-0.0010884672 0.02630558 -0.30123605 234 88 12
-0.43664988 -0.013012855 -0.27934953 234 88 12
-0.36111382 -0.0084477009 -0.27942663 234 88 12
-0.2860522 -0.0027684926 -0.28030088 234 88 12
-0.28210677 -0.0025449378 -0.2803563 234 88 12
-0.22546065 0.0015436067 -0.2829867 234 88 12
-0.053677458 0.019568138 -0.29848385 234 88 12
0.039516742 0.02822129 -0.30464828 234 88 12
0.043491217 0.028579056 -0.3048917 234 88 12
-0.40396371 -0.013327146 -0.27887707 234 88 12
-0.36278554 -0.010430779 -0.27937404 234 88 12
-0.26625135 -0.0036425992 -0.28054195 234 88 12
-0.1330081 0.0087381912 -0.29190588 234 88 12
-0.10294593 0.011425835 -0.29486615 234 88 12
-0.081259939 0.013741057 -0.29676043 234 88 12
-0.059593741 0.016708915 -0.29814391 234 88 12
-0.055593657 0.017279272 -0.29841025 234 88 12
0.017504781 0.024133177 -0.30283562 234 88 12
-0.29758783 -0.0074208328 -0.28013454 234 88 12
-0.22714392 -0.0025156773 -0.28292406 234 88 12
-0.14103021 0.0060241847 -0.29100061 234 88 12
-0.092946824 0.01054794 -0.2958892 234 88 12
-0.071403629 0.013061374 -0.29747032 234 88 12
0.0073097691 0.021145375 -0.302049 234 88 12
0.043639164 0.02466221 -0.30509343 234 88 12
0.047599826 0.025042002 -0.30527982 234 88 12
0.089644591 0.027639107 -0.30562691 234 88 12
-0.44206942 -0.01896458 -0.27969185 234 88 12
-0.4075346 -0.017287539 -0.27874841 234 88 12
-0.34898991 -0.013062086 -0.27958526 234 88 12
-0.28761548 -0.0087252894 -0.28020398 234 88 12
-0.2211806 -0.003879487 -0.28343636 234 88 12
0.0052992033 0.018934365 -0.30195709 234 88 12
0.0073411154 0.019127949 -0.30209711 234 88 12
0.035753972 0.021921758 -0.30460539 234 88 12
0.047672026 0.023075865 -0.30536426 234 88 12
0.079480677 0.025385746 -0.3058329 234 88 12
-0.37764785 -0.016976202 -0.27922275 234 88 12
-0.16882902 -0.00083439843 -0.28797809 234 88 12
-0.16483517 -0.00039912506 -0.28842999 234 88 12
-0.096731488 0.0063488923 -0.29543994 234 88 12
-0.067265174 0.0096579306 -0.29775442 234 88 12
-0.055374451 0.011227338 -0.29825699 234 88 12
-0.023219025 0.014516616 -0.2998033 234 88 12
0.10702479 0.024432539 -0.30665627 234 88 12
-0.28144933 -0.012216587 -0.28015038 234 88 12
-0.26000185 -0.010919455 -0.28080775 234 88 12
-0.25805531 -0.010782718 -0.28092558 234 88 12
-0.22681779 -0.0083165559 -0.28303525 234 88 12
-0.18648105 -0.0045961659 -0.28629504 234 88 12
-0.1845503 -0.0044275125 -0.28642436 234 88 12
-0.16268133 -0.0021597734 -0.28866187 234 88 12
-0.118375 0.0022865539 -0.29334301 234 88 12
-0.10257531 0.0038831942 -0.29492501 234 88 12
-0.094667265 0.0046447588 -0.29563563 234 88 12
-0.012974332 0.013310574 -0.30060477 234 88 12
0.031899075 0.017491601 -0.3043777 234 88 12
0.037890392 0.018074673 -0.30487245 234 88 12
0.096265325 0.021938103 -0.30595715 234 88 12
-0.41882714 -0.023466578 -0.27881561 234 88 12
-0.26766043 -0.013282678 -0.28045132 234 88 12
-0.20538426 -0.0082478625 -0.28484251 234 88 12
-0.12825277 -0.00062099184 -0.29235889 234 88 12
-0.12024893 0.00014019359 -0.29309601 234 88 12
-0.045162532 0.0084186814 -0.29880398 234 88 12
0.087939995 0.019682767 -0.30583821 234 88 12
-0.4684201 -0.027837116 -0.28199863 234 88 12
-0.45755548 -0.027335715 -0.2805801 234 88 12
-0.30837033 -0.017720013 -0.27977431 234 88 12
-0.27728763 -0.015779317 -0.28016395 234 88 12
-0.23848193 -0.013148321 -0.28227467 234 88 12
-0.16639014 -0.0064968163 -0.28830928 234 88 12
-0.074860383 0.002842951 -0.29718264 234 88 12
-0.066967413 0.0037511919 -0.2977348 234 88 12
-0.0025945163 0.010128214 -0.30154321 234 88 12
0.017906467 0.011997662 -0.30335792 234 88 12
0.030018022 0.013204642 -0.30430499 234 88 12
0.043994875 0.014644446 -0.30525449 234 88 12
0.071693398 0.017099362 -0.30611203 234 88 12
0.085969097 0.017635089 -0.30592364 234 88 12
-0.45101467 -0.028846531 -0.279929 234 88 12
-0.3516521 -0.022437219 -0.27937593 234 88 12
-0.34974745 -0.022313285 -0.27939768 234 88 12
-0.33275325 -0.021160654 -0.27947182 234 88 12
-0.31197238 -0.019880929 -0.2796449 234 88 12
-0.27911766 -0.017803233 -0.28014432 234 88 12
-0.15019214 -0.0068091974 -0.29009495 234 88 12
-0.086562078 -0.00034313681 -0.29623963 234 88 12
0.092359892 0.015841362 -0.30599493 234 88 12
-0.43430326 -0.029797648 -0.27926525 234 88 12
-0.39039294 -0.026980872 -0.27899271 234 88 12
-0.38050641 -0.026244318 -0.27908612 234 88 12
-0.3363251 -0.023245465 -0.27943447 234 88 12
-0.31181829 -0.021742339 -0.27962005 234 88 12
-0.052892525 0.0013899912 -0.29844561 234 88 12
-0.034765489 0.0033474477 -0.29940425 234 88 12
0.042159106 0.010370245 -0.3052269 234 88 12
0.057935748 0.012005885 -0.30603236 234 88 12
0.077904366 0.013406978 -0.306104 234 88 12
0.079951675 0.013482765 -0.3060596 234 88 12
-0.12166386 -0.0079155384 -0.29290305 234 88 12
-0.06866449 -0.0024513754 -0.29753069 234 88 12
0.030276474 0.007069116 -0.30445369 234 88 12
0.090473082 0.01177111 -0.30608324 234 88 12
-0.29632894 -0.024520402 -0.27977144 234 88 12
-0.082421521 -0.0058938487 -0.29650428 234 88 12
-0.054621869 -0.002894282 -0.29839344 234 88 12
0.0038940152 0.0025610897 -0.30233484 234 88 12
0.01207138 0.0032743977 -0.30303898 234 88 12
0.04627086 0.0066899703 -0.3055493 234 88 12
-0.44170667 -0.035823427 -0.27945202 234 88 12
-0.33391507 -0.028628229 -0.27939892 234 88 12
-0.17370924 -0.017015328 -0.2877443 234 88 12
-0.14761677 -0.014537646 -0.29033074 234 88 12
-0.11937438 -0.011715091 -0.29309469 234 88 12
-0.05252658 -0.0047122563 -0.29848436 234 88 12
-0.0040861863 -0.00019504053 -0.30164713 234 88 12
-0.36223537 -0.032292915 -0.27922883 234 88 12
-0.31883034 -0.029536925 -0.27940786 234 88 12
-0.30751496 -0.028918253 -0.27953922 234 88 12
-0.29991861 -0.028482455 -0.27959591 234 88 12
-0.28636448 -0.027653047 -0.27983675 234 88 12
-0.27857224 -0.027202624 -0.28002596 234 88 12
-0.24766527 -0.025131442 -0.28176336 234 88 12
-0.24570405 -0.024979292 -0.28195128 234 88 12
-0.091898202 -0.010922646 -0.29561789 234 88 12
-0.08803525 -0.010516034 -0.29596781 234 88 12
-0.034250434 -0.0048369793 -0.2995946 234 88 12
0.0021194637 -0.0017131017 -0.30221329 234 88 12
0.080333585 0.0053567042 -0.30625694 234 88 12
-0.45363867 -0.040343161 -0.27993384 234 88 12
-0.31307443 -0.031055451 -0.27946092 234 88 12
-0.30358581 -0.030535455 -0.27965719 234 88 12
-0.23378811 -0.026032077 -0.28288283 234 88 12
-0.21023608 -0.024162725 -0.28479144 234 88 12
-0.19875788 -0.023137839 -0.28571314 234 88 12
-0.17741797 -0.021238736 -0.28740237 234 88 12
-0.17142028 -0.0207068 -0.28797573 234 88 12
0.016445366 -0.002500437 -0.3035926 234 88 12
-0.27447584 -0.030655368 -0.28030295 234 88 12
-0.21407119 -0.026404108 -0.2845484 234 88 12
-0.20245262 -0.025379622 -0.28554592 234 88 12
-0.18514607 -0.023817677 -0.28681643 234 88 12
-0.16928704 -0.022483136 -0.28825899 234 88 12
-0.16525463 -0.022140067 -0.28859427 234 88 12
-0.050146795 -0.010632284 -0.29869472 234 88 12
-0.44893379 -0.043915376 -0.27966841 234 88 12
-0.44062866 -0.043381145 -0.27942593 234 88 12
-0.23163987 -0.029622344 -0.28316863 234 88 12
-0.18701405 -0.025898772 -0.28675643 234 88 12
-0.16111277 -0.023770055 -0.28896746 234 88 12
-0.087710182 -0.016685112 -0.29595006 234 88 12
-0.079941025 -0.015872596 -0.29665372 234 88 12
0.022725594 -0.0060774174 -0.30433024 234 88 12
0.032847815 -0.0050835077 -0.30497813 234 88 12
0.082808536 -0.00071058672 -0.30645738 234 88 12
-0.32011928 -0.037024812 -0.27932787 234 88 12
-0.22566298 -0.031103821 -0.28370243 234 88 12
-0.21783637 -0.030499006 -0.28435314 234 88 12
-0.21195518 -0.029999306 -0.28487762 234 88 12
-0.14488909 -0.024347453 -0.29061521 234 88 12
-0.05993581 -0.015842835 -0.29809463 234 88 12
-0.039809808 -0.013711137 -0.29937151 234 88 12
-0.39230219 -0.044126606 -0.27895634 234 88 12
-0.32747623 -0.039336373 -0.27925492 234 88 12
-0.29542004 -0.037416016 -0.27972658 234 88 12
-0.28575184 -0.036869067 -0.28003881 234 88 12
-0.045732159 -0.016386649 -0.299057 234 88 12
-0.029527125 -0.01476981 -0.30006238 234 88 12
-0.015334173 -0.013395178 -0.30109197 234 88 12
0.097933775 -0.0044198363 -0.30644938 234 88 12
-0.37849527 -0.044878827 -0.27900037 234 88 12
-0.31237934 -0.040296516 -0.27931878 234 88 12
-0.29335347 -0.039148896 -0.27980549 234 88 12
-0.25098403 -0.036448997 -0.28186586 234 88 12
-0.18471578 -0.031504714 -0.28708015 234 88 12
-0.08742189 -0.022976358 -0.2958513 234 88 12
-0.055658607 -0.019533349 -0.29834053 234 88 12
-0.029394385 -0.016833228 -0.3000816 234 88 12
0.066957794 -0.0079132216 -0.30663067 234 88 12
-0.44778814 -0.05172099 -0.27960095 234 88 12
-0.3497094 -0.044495544 -0.279151 234 88 12
-0.17864674 -0.032951459 -0.28760231 234 88 12
-0.17466322 -0.03265423 -0.28795389 234 88 12
-0.00086934185 -0.016405134 -0.30247055 234 88 12
0.063119499 -0.0103462 -0.30651852 234 88 12
-0.4091431 -0.0512783 -0.27901219 234 88 12
-0.40523839 -0.051015024 -0.2790572 234 88 12
-0.34393634 -0.046028133 -0.27913162 234 88 12
-0.29695131 -0.043029025 -0.27972607 234 88 12
-0.23128638 -0.038945772 -0.28351469 234 88 12
-0.10070105 -0.0285627 -0.29453916 234 88 12
-0.027042079 -0.020759693 -0.30031544 234 88 12
0.043330007 -0.014414749 -0.30582735 234 88 12
0.067209544 -0.012065911 -0.30661949 234 88 12
0.079414366 -0.011291352 -0.30665278 234 88 12
0.089752582 -0.010877837 -0.30637554 234 88 12
-0.39524258 -0.052280618 -0.27898818 234 88 12
-0.30822029 -0.045615183 -0.27939528 234 88 12
0.053397319 -0.015448844 -0.30629086 234 88 12
-0.42840139 -0.056390208 -0.27923354 234 88 12
-0.31750008 -0.048128578 -0.2791146 234 88 12
-0.31561911 -0.047997377 -0.2792076 234 88 12
-0.26202594 -0.044678667 -0.28125776 234 88 12
-0.22130287 -0.042038173 -0.28435611 234 88 12
-0.21547946 -0.041619144 -0.28481581 234 88 12
-0.059201946 -0.028222682 -0.29799445 234 88 12
-0.01663057 -0.02391665 -0.30114801 234 88 12
-0.41618132 -0.057682915 -0.27918105 234 88 12
-0.34928521 -0.052091975 -0.27903594 234 88 12
-0.22903955 -0.04442076 -0.28384088 234 88 12
-0.20759633 -0.042902909 -0.28555126 234 88 12
-0.12375131 -0.036742199 -0.29232668 234 88 12
-0.048865159 -0.029198287 -0.29870149 234 88 12
-0.0063515581 -0.025080958 -0.30213304 234 88 12
0.031620971 -0.021769557 -0.30527834 234 88 12
0.063522203 -0.018593058 -0.30653106 234 88 12
-0.43804475 -0.060961655 -0.27925551 234 88 12
-0.42783556 -0.060333676 -0.27924995 234 88 12
-0.19183998 -0.043559281 -0.28667628 234 88 12
-0.094488369 -0.03620915 -0.29496043 234 88 12
-0.0082310867 -0.027302486 -0.3020531 234 88 12
0.049642737 -0.021993978 -0.30634077 234 88 12
0.069667414 -0.020143901 -0.30676171 234 88 12
0.083980521 -0.01932765 -0.30657453 234 88 12
-0.43775163 -0.062958 -0.27917694 234 88 12
-0.32653919 -0.054441377 -0.27896283 234 88 12
-0.30014802 -0.052656303 -0.27963312 234 88 12
-0.29049763 -0.052075058 -0.28004029 234 88 12
-0.24053861 -0.048856873 -0.28302581 234 88 12
-0.13364718 -0.041495868 -0.29139348 234 88 12
-0.062848803 -0.03480193 -0.29761028 234 88 12
0.019891062 -0.02700698 -0.30448566 234 88 12
-0.39795632 -0.062414694 -0.27912867 234 88 12
-0.36388543 -0.059227449 -0.27881212 234 88 12
-0.35829073 -0.058737752 -0.27891508 234 88 12
-0.29809103 -0.054452288 -0.27976287 234 88 12
-0.23261982 -0.050271738 -0.28361539 234 88 12
-0.028010453 -0.033258724 -0.30034356 234 88 12
0.0021285236 -0.030555179 -0.30302068 234 88 12
-0.42497902 -0.066102669 -0.27927775 234 88 12
-0.34695986 -0.059716195 -0.27880923 234 88 12
-0.24024085 -0.052641729 -0.28318547 234 88 12
-0.16743723 -0.047690621 -0.28876901 234 88 12
-0.054403488 -0.037957373 -0.29829433 234 88 12
-0.0078543421 -0.033484966 -0.30220917 234 88 12
0.0022546746 -0.032605423 -0.30308553 234 88 12
-0.39561472 -0.066210674 -0.27918877 234 88 12
-0.30734527 -0.05887981 -0.27955545 234 88 12
-0.29003397 -0.057778451 -0.28014978 234 88 12
-0.078470514 -0.042602765 -0.29640288 234 88 12
0.026238815 -0.032544883 -0.30527472 234 88 12
0.044103827 -0.030742902 -0.306345 234 88 12
0.10807214 -0.026452108 -0.30734193 234 88 12
-0.39732143 -0.068316294 -0.27928183 234 88 12
-0.31854058 -0.061618178 -0.27919694 234 88 12
-0.28407592 -0.059381789 -0.28046275 234 88 12
0.084624284 -0.029522698 -0.30686968 234 88 12
0.08875791 -0.029331012 -0.30692404 234 88 12
-0.4202336 -0.071763237 -0.27926834 234 88 12
-0.3596066 -0.066776852 -0.27894732 234 88 12
-0.30515223 -0.062631639 -0.27970956 234 88 12
-0.26267281 -0.060041585 -0.28169863 234 88 12
-0.2145332 -0.056925696 -0.28529164 234 88 12
-0.1769482 -0.054147937 -0.28819994 234 88 12
-0.16294181 -0.053334985 -0.28917494 234 88 12
-0.13098244 -0.051268288 -0.29158236 234 88 12
-0.11490687 -0.050097773 -0.29291145 234 88 12
-0.10905204 -0.04961098 -0.29343599 234 88 12
-0.087937039 -0.047623239 -0.29541715 234 88 12
-0.066259911 -0.045272957 -0.29742709 234 88 12
-0.0074454493 -0.039592843 -0.30241549 234 88 12
0.052317611 -0.034047477 -0.3067842 234 88 12
0.062370966 -0.033066524 -0.30700747 234 88 12
-0.32017424 -0.065660094 -0.27923224 234 88 12
-0.28564142 -0.063384214 -0.28051291 234 88 12
-0.16873856 -0.055645989 -0.28879294 234 88 12
-0.1031896 -0.051077377 -0.29385091 234 88 12
-0.070148305 -0.047668901 -0.29720129 234 88 12
-0.066115984 -0.047249135 -0.2974941 234 88 12
0.072592023 -0.034304521 -0.30717291 234 88 12
-0.23167843 -0.061926997 -0.2840207 234 88 12
-0.1746011 -0.057971725 -0.28842746 234 88 12
-0.15069898 -0.056596563 -0.29020092 234 88 12
-0.10497093 -0.053211311 -0.29372024 234 88 12
-0.079910913 -0.050717884 -0.29615867 234 88 12
-0.001116136 -0.04319003 -0.30305964 234 88 12
-0.30078523 -0.06819801 -0.2799547 234 88 12
-0.26205325 -0.065955487 -0.2819155 234 88 12
-0.15448549 -0.05879557 -0.28995007 234 88 12
-0.095276572 -0.054283233 -0.29464619 234 88 12
-0.035165048 -0.04821722 -0.29990918 234 88 12
-0.033142761 -0.048031097 -0.3000938 234 88 12
-0.2580122 -0.067650186 -0.28226054 234 88 12
-0.1982218 -0.063627018 -0.28653141 234 88 12
-0.19230898 -0.063115826 -0.28700794 234 88 12
-0.17623663 -0.062012826 -0.28840796 234 88 12
-0.16819345 -0.061541824 -0.28897603 234 88 12
-0.1483786 -0.060431614 -0.29037664 234 88 12
-0.043240797 -0.050936702 -0.29932026 234 88 12
-0.02099326 -0.04887955 -0.30123161 234 88 12
0.066974496 -0.040901434 -0.30747344 234 88 12
-0.42887454 -0.082264975 -0.27892546 234 88 12
-0.42099589 -0.081745429 -0.2789855 234 88 12
-0.40371663 -0.080594029 -0.27930215 234 88 12
-0.37934984 -0.07879279 -0.27908752 234 88 12
-0.31964671 -0.073555611 -0.27941059 234 88 12
-0.16799043 -0.063496416 -0.28904145 234 88 12
-0.055357174 -0.05409109 -0.29844965 234 88 12
-0.020859444 -0.050898571 -0.30123931 234 88 12
0.0510087 -0.044409071 -0.3070804 234 88 12
-0.45379478 -0.086024733 -0.27917352 234 88 12
-0.28267138 -0.073084517 -0.28106576 234 88 12
-0.23859981 -0.070288539 -0.28369521 234 88 12
-0.22317564 -0.06934576 -0.2847591 234 88 12
-0.069439606 -0.057535597 -0.29720007 234 88 12
-0.059310557 -0.056505382 -0.29810934 234 88 12
-0.012696155 -0.052194322 -0.30199772 234 88 12
-0.0046188375 -0.051549434 -0.30284131 234 88 12
-0.41664157 -0.085369194 -0.27898913 234 88 12
-0.40146043 -0.084416786 -0.27922203 234 88 12
-0.37529798 -0.082467434 -0.27911091 234 88 12
-0.27656459 -0.074730056 -0.28141525 234 88 12
-0.22104875 -0.071208541 -0.28489605 234 88 12
-0.17364182 -0.067771982 -0.28860118 234 88 12
-0.1518371 -0.066506002 -0.29027166 234 88 12
-0.13206431 -0.065223108 -0.29157406 234 88 12
-0.014574355 -0.054389741 -0.30180772 234 88 12
-0.010562108 -0.054034406 -0.30226331 234 88 12
0.011481694 -0.052327625 -0.30441113 234 88 12
0.077564185 -0.046241725 -0.30765981 234 88 12
-0.39938 -0.086259704 -0.27917768 234 88 12
-0.3286948 -0.080268851 -0.27942239 234 88 12
-0.32680908 -0.080114085 -0.27946488 234 88 12
-0.21890271 -0.073051968 -0.28508902 234 88 12
0.0036132502 -0.054946935 -0.30371474 234 88 12
0.029636302 -0.052624041 -0.30598255 234 88 12
-0.35830349 -0.084864147 -0.27934296 234 88 12
-0.32284117 -0.081860034 -0.27961537 234 88 12
-0.28388631 -0.07909899 -0.2811327 234 88 12
-0.26644776 -0.078169585 -0.28207165 234 88 12
-0.23414635 -0.075994896 -0.28413361 234 88 12
-0.10018698 -0.066607005 -0.29422948 234 88 12
-0.090539263 -0.065658823 -0.29514661 234 88 12
-0.40836725 -0.090712081 -0.27900678 234 88 12
-0.37661736 -0.088702878 -0.27916656 234 88 12
-0.32454119 -0.084000187 -0.27966338 234 88 12
-0.32072557 -0.083720706 -0.2797522 234 88 12
-0.31495904 -0.083261568 -0.27989441 234 88 12
-0.21457055 -0.076718032 -0.28546708 234 88 12
-0.1810729 -0.074171405 -0.2880811 234 88 12
-0.17703243 -0.073894231 -0.2884119 234 88 12
-0.082677451 -0.066822117 -0.29605445 234 88 12
-0.054617496 -0.064004696 -0.29867813 234 88 12
-0.044375872 -0.063077566 -0.29937596 234 88 12
-0.01611909 -0.060555434 -0.30177259 234 88 12
0.0058899239 -0.058788475 -0.30402853 234 88 12
0.086076966 -0.051722699 -0.30769523 234 88 12
0.10489619 -0.05058576 -0.30811734 234 88 12
-0.28925595 -0.083463284 -0.28102332 234 88 12
-0.21237834 -0.078542636 -0.28570434 234 88 12
-0.12348118 -0.07246377 -0.29233142 234 88 12
-0.094083705 -0.069945322 -0.29487562 234 88 12
0.076174961 -0.054416513 -0.30790472 234 88 12
-0.29094445 -0.08557757 -0.28097244 234 88 12
-0.25804653 -0.083587415 -0.28282628 234 88 12
-0.20822929 -0.080232198 -0.28610013 234 88 12
-0.12728649 -0.074653867 -0.29218549 234 88 12
-0.09966929 -0.072454605 -0.29437127 234 88 12
-0.078364368 -0.070300075 -0.29656054 234 88 12
-0.056315951 -0.068133352 -0.29867408 234 88 12
-0.042008399 -0.066857643 -0.29967521 234 88 12
0.012235287 -0.062279369 -0.30477339 234 88 12
-0.42098148 -0.097216912 -0.27830183 234 88 12
-0.34837984 -0.092151966 -0.27989408 234 88 12
-0.29263504 -0.087688611 -0.28102902 234 88 12
-0.23894431 -0.084258102 -0.28418839 234 88 12
-0.16242073 -0.0787775 -0.28974276 234 88 12
-0.13501577 -0.077069533 -0.29176903 234 88 12
0.084592461 -0.057795018 -0.30811632 234 88 12
-0.40747148 -0.098392711 -0.27865183 234 88 12
-0.32950455 -0.092545506 -0.28014988 234 88 12
-0.32378956 -0.092100511 -0.28025887 234 88 12
-0.18211529 -0.082075729 -0.28828914 234 88 12
-0.16816552 -0.081033337 -0.28943226 234 88 12
-0.15044618 -0.079918109 -0.290785 234 88 12
-0.10516565 -0.076819769 -0.29404731 234 88 12
-0.070092993 -0.073456283 -0.29742312 234 88 12
-0.017517144 -0.068649313 -0.3018599 234 88 12
0.056704211 -0.062034219 -0.30804174 234 88 12
0.076793907 -0.060374732 -0.3082978 234 88 12
0.084786305 -0.059756981 -0.30826453 234 88 12
-0.4167108 -0.10071245 -0.27828395 234 88 12
-0.39602512 -0.099821921 -0.27904281 234 88 12
-0.33121239 -0.09475233 -0.2802956 234 88 12
-0.2610337 -0.089736438 -0.28291833 234 88 12
-0.20935143 -0.086223049 -0.28628666 234 88 12
-0.20347047 -0.085799349 -0.28669533 234 88 12
-0.13068964 -0.08061401 -0.2922367 234 88 12
-0.051768059 -0.073681671 -0.29904992 234 88 12
-0.033427167 -0.07209182 -0.30050671 234 88 12
0.00073094956 -0.069194219 -0.30394178 234 88 12
0.07900329 -0.062208268 -0.30836105 234 88 12
-0.31951519 -0.095846804 -0.28056764 234 88 12
-0.31560317 -0.095509484 -0.28062888 234 88 12
-0.26833518 -0.092155953 -0.28261112 234 88 12
-0.23048789 -0.089661384 -0.28501255 234 88 12
-0.22660185 -0.089409059 -0.28522073 234 88 12
-0.21099101 -0.08830213 -0.28629199 234 88 12
-0.1914205 -0.086773862 -0.28774413 234 88 12
-0.45266739 -0.10661356 -0.2787651 234 88 12
-0.43577573 -0.10570203 -0.2775713 234 88 12
-0.39743886 -0.10377455 -0.2788669 234 88 12
-0.33459556 -0.09922119 -0.28057064 234 88 12
-0.25108042 -0.093103946 -0.28378924 234 88 12
-0.1302946 -0.084395801 -0.29249296 234 88 12
-0.05945606 -0.078398921 -0.29859504 234 88 12
0.015143876 -0.07205321 -0.30560363 234 88 12
-0.42561877 -0.10684779 -0.2775362 234 88 12
-0.41221124 -0.10621998 -0.27818893 234 88 12
-0.36757456 -0.10440009 -0.27997194 234 88 12
-0.3031495 -0.098610563 -0.28114979 234 88 12
-0.12023316 -0.085650994 -0.2932577 234 88 12
-0.1044219 -0.084423106 -0.29444779 234 88 12
-0.018950858 -0.076761529 -0.30200693 234 88 12
0.041513225 -0.071555148 -0.30775231 234 88 12
-0.39509684 -0.10757684 -0.2789634 234 88 12
-0.29280769 -0.099775651 -0.28165141 234 88 12
-0.2120562 -0.094263911 -0.28640763 234 88 12
-0.15714349 -0.089835708 -0.29073238 234 88 12
-0.141598 -0.088821297 -0.29192501 234 88 12
-0.10229127 -0.086156761 -0.29467314 234 88 12
-0.098424848 -0.085838871 -0.2950031 234 88 12
-0.37081508 -0.10874749 -0.28006911 234 88 12
-0.33778482 -0.10572347 -0.28110443 234 88 12
-0.25031893 -0.098901262 -0.28417591 234 88 12
-0.19221882 -0.094663776 -0.2879685 234 88 12
-0.15497364 -0.091572828 -0.29109425 234 88 12
-0.13750155 -0.090455026 -0.29243906 234 88 12
-0.08849264 -0.08694183 -0.2960745 234 88 12
-0.080658062 -0.086246755 -0.29676391 234 88 12
-0.050845155 -0.083504465 -0.29939355 234 88 12
0.015675496 -0.077969097 -0.30569569 234 88 12
0.10624872 -0.069855691 -0.30935716 234 88 12
-0.36693543 -0.11056602 -0.28030202 234 88 12
-0.32621004 -0.1066417 -0.28137815 234 88 12
-0.28630177 -0.10329695 -0.28223001 234 88 12
-0.28043054 -0.10290991 -0.28250222 234 88 12
-0.27268568 -0.10231863 -0.28292089 234 88 12
-0.25379257 -0.10110604 -0.28400808 234 88 12
-0.16061501 -0.093904615 -0.29074235 234 88 12
-0.11570176 -0.091001193 -0.29395065 234 88 12
-0.058668816 -0.086229622 -0.29885081 234 88 12
0.019871197 -0.07963823 -0.30630878 234 88 12
0.062136805 -0.075505713 -0.30879847 234 88 12
0.072179532 -0.074635638 -0.30897139 234 88 12
0.076137991 -0.074283403 -0.30904546 234 88 12
0.080086048 -0.073934117 -0.30912352 234 88 12
-0.36307245 -0.11232203 -0.28056896 234 88 12
-0.32794348 -0.10884668 -0.28153807 234 88 12
-0.32600416 -0.10866976 -0.28152192 234 88 12
-0.2880524 -0.1054105 -0.28226301 234 88 12
-0.2782234 -0.10470043 -0.28271483 234 88 12
-0.24037819 -0.10213237 -0.28503414 234 88 12
-0.21708459 -0.10049382 -0.28657679 234 88 12
-0.1741395 -0.096988644 -0.28977458 234 88 12
-0.14873406 -0.094915032 -0.29184418 234 88 12
-0.13513476 -0.094062005 -0.29289341 234 88 12
0.038141322 -0.079889962 -0.30772786 234 88 12
-0.4167145 -0.11582975 -0.27764483 234 88 12
-0.38862212 -0.11530011 -0.27936259 234 88 12
-0.17585568 -0.099078295 -0.28975448 234 88 12
-0.11135789 -0.094437701 -0.29447156 234 88 12
-0.048299248 -0.089149227 -0.29973971 234 88 12
-0.042321322 -0.088646584 -0.30010015 234 88 12
-0.38285435 -0.11720633 -0.27970018 234 88 12
-0.36994102 -0.1168682 -0.28038514 234 88 12
-0.21453156 -0.10423387 -0.28701174 234 88 12
-0.16582705 -0.10010545 -0.29070019 234 88 12
-0.14246391 -0.098264906 -0.29268021 234 88 12
-0.11903192 -0.096850756 -0.29416637 234 88 12
-0.07986915 -0.093888889 -0.29708371 234 88 12
-0.3273454 -0.11489077 -0.28210909 234 88 12
-0.25092562 -0.10866222 -0.28476434 234 88 12
-0.21621618 -0.10630394 -0.28706674 234 88 12
-0.21423979 -0.10615704 -0.28722299 234 88 12
-0.075705131 -0.095482163 -0.29753953 234 88 12
-0.45435208 -0.12355892 -0.27998023 234 88 12
-0.23934533 -0.10988333 -0.28571326 234 88 12
-0.19050956 -0.10618324 -0.28915664 234 88 12
-0.043787835 -0.09456281 -0.30020904 234 88 12
0.058794941 -0.085792519 -0.30898053 234 88 12
-0.38768293 -0.1231439 -0.27958091 234 88 12
-0.059450105 -0.097950161 -0.29912125 234 88 12
-0.039609852 -0.096107637 -0.30064147 234 88 12
0.03493565 -0.090143139 -0.307765 234 88 12
0.048930538 -0.088773736 -0.30861663 234 88 12
0.054952718 -0.088191206 -0.30893464 234 88 12
0.10511876 -0.083560431 -0.31024104 234 88 12
0.11376095 -0.083118449 -0.31066881 234 88 12
-0.4428742 -0.12692298 -0.27819306 234 88 12
-0.43669461 -0.12654292 -0.27758247 234 88 12
-0.41926628 -0.12549844 -0.27763776 234 88 12
-0.41736685 -0.12542607 -0.27767398 234 88 12
-0.34372702 -0.12264526 -0.282332 234 88 12
-0.32289508 -0.12048974 -0.28271064 234 88 12
-0.30486786 -0.11886037 -0.28286883 234 88 12
-0.24453673 -0.11405197 -0.2857269 234 88 12
-0.16484971 -0.10770932 -0.29149922 234 88 12
-0.12982334 -0.10492877 -0.29436886 234 88 12
0.068991444 -0.088733628 -0.30969954 234 88 12
-0.42665128 -0.12784627 -0.27736941 234 88 12
-0.42283292 -0.12763047 -0.27750822 234 88 12
-0.41714069 -0.12735997 -0.27778974 234 88 12
-0.4040113 -0.12701326 -0.27851155 234 88 12
-0.40212596 -0.12699432 -0.27865897 234 88 12
-0.37795126 -0.12710568 -0.28045827 234 88 12
-0.31275924 -0.12153211 -0.28306256 234 88 12
-0.23467684 -0.11537244 -0.2865866 234 88 12
-0.19536555 -0.11247934 -0.28931586 234 88 12
-0.17623663 -0.1107597 -0.29070287 234 88 12
-0.084707278 -0.10367283 -0.29727659 234 88 12
-0.041285586 -0.10006616 -0.30066904 234 88 12
0.0090116966 -0.096196144 -0.30569283 234 88 12
-0.28830388 -0.1213008 -0.28358544 234 88 12
-0.25553343 -0.11857664 -0.28540188 234 88 12
0.061320291 -0.093513307 -0.30961539 234 88 12
-0.29414101 -0.12382086 -0.28363787 234 88 12
-0.15438865 -0.11247366 -0.2930767 234 88 12
-0.12518349 -0.11025656 -0.29527143 234 88 12
-0.097949773 -0.10822477 -0.29669517 234 88 12
-0.07258024 -0.10658213 -0.29846468 234 88 12
-0.010976855 -0.10146157 -0.30356168 234 88 12
0.055513605 -0.096088368 -0.30939849 234 88 12
0.063427769 -0.095262292 -0.30982967 234 88 12
0.075309635 -0.094021541 -0.31033762 234 88 12
0.077335491 -0.093810847 -0.31045067 234 88 12
-0.3958247 -0.13277648 -0.27932622 234 88 12
-0.31424708 -0.12763422 -0.28364848 234 88 12
-0.30416356 -0.12675156 -0.2837512 234 88 12
-0.29803011 -0.12618798 -0.28381982 234 88 12
-0.2608443 -0.12273068 -0.28540269 234 88 12
-0.19253914 -0.11818247 -0.29018133 234 88 12
-0.18118769 -0.11710099 -0.2909828 234 88 12
0.01151384 -0.10186811 -0.30612841 234 88 12
0.021685844 -0.10115648 -0.30699854 234 88 12
0.033712068 -0.10020275 -0.30792817 234 88 12
-0.43731543 -0.13637983 -0.27836754 234 88 12
-0.39184496 -0.13477537 -0.27966815 234 88 12
-0.32972855 -0.1311654 -0.28359281 234 88 12
-0.31605335 -0.12976869 -0.28379258 234 88 12
-0.20974754 -0.12154616 -0.28909033 234 88 12
-0.15977657 -0.11690469 -0.29301029 234 88 12
-0.14421806 -0.11539175 -0.29443592 234 88 12
-0.054416377 -0.10890037 -0.30004175 234 88 12
-0.016754997 -0.10569322 -0.30319265 234 88 12
0.053757738 -0.10025254 -0.30948106 234 88 12
0.061697356 -0.099416135 -0.30998383 234 88 12
-0.3695343 -0.13679014 -0.281588 234 88 12
-0.31589033 -0.13173751 -0.28397955 234 88 12
-0.31390368 -0.13154999 -0.2840366 234 88 12
-0.27974319 -0.12831023 -0.28484172 234 88 12
-0.27392924 -0.12776866 -0.28508676 234 88 12
-0.12454506 -0.1158038 -0.29604268 234 88 12
0.02195624 -0.10507228 -0.30717633 234 88 12
0.023982405 -0.10492005 -0.30740974 234 88 12
-0.43087168 -0.13987475 -0.27837479 234 88 12
-0.34973109 -0.13733778 -0.28300734 234 88 12
-0.20717108 -0.12529214 -0.28975547 234 88 12
-0.091331232 -0.11523432 -0.29785951 234 88 12
-0.079692144 -0.11457496 -0.29848889 234 88 12
-0.058050417 -0.11302971 -0.29998414 234 88 12
0.093767536 -0.1000385 -0.31140093 234 88 12
-0.37638827 -0.14076909 -0.28130367 234 88 12
-0.17454078 -0.1244243 -0.29247915 234 88 12
-0.12027832 -0.11924437 -0.29683724 234 88 12
-0.095015273 -0.11733769 -0.2979541 234 88 12
-0.085326041 -0.1167355 -0.29845457 234 88 12
-0.053954601 -0.11456482 -0.30036632 234 88 12
0.056114166 -0.10594982 -0.31002935 234 88 12
0.091839991 -0.10216706 -0.31156919 234 88 12
-0.43038048 -0.14378836 -0.27878135 234 88 12
-0.42654703 -0.14354001 -0.27867957 234 88 12
-0.4039977 -0.14253871 -0.27937813 234 88 12
-0.38541352 -0.14254987 -0.28075691 234 88 12
-0.36185162 -0.14229112 -0.28258576 234 88 12
-0.35831391 -0.14206505 -0.28278018 234 88 12
-0.33087552 -0.13924683 -0.28419658 234 88 12
-0.23468062 -0.13082128 -0.28839497 234 88 12
-0.19883491 -0.12867513 -0.29094944 234 88 12
-0.13944971 -0.12268361 -0.29583834 234 88 12
-0.09482348 -0.11919598 -0.29818141 234 88 12
-0.075388777 -0.11804924 -0.2991175 234 88 12
0.026346071 -0.11058692 -0.30786681 234 88 12
-0.39257987 -0.14436573 -0.28028593 234 88 12
-0.37964854 -0.1445505 -0.28130442 234 88 12
-0.22029908 -0.13207459 -0.28964056 234 88 12
-0.047792977 -0.11773174 -0.30105982 234 88 12
-0.25398098 -0.13573773 -0.28749283 234 88 12
-0.24420581 -0.13514937 -0.28823718 234 88 12
-0.11193548 -0.12422365 -0.29800804 234 88 12
-0.033985306 -0.11829302 -0.30218574 234 88 12
0.026592378 -0.11444397 -0.30811777 234 88 12
-0.42969065 -0.14967149 -0.27966919 234 88 12
-0.37555204 -0.14840535 -0.28190389 234 88 12
-0.34699411 -0.14684598 -0.28399166 234 88 12
-0.33777084 -0.14584992 -0.28445219 234 88 12
-0.33211471 -0.14523424 -0.28476319 234 88 12
-0.29485889 -0.14144747 -0.28581262 234 88 12
-0.28489371 -0.1404616 -0.28613988 234 88 12
-0.24990915 -0.13740322 -0.28813574 234 88 12
-0.20971773 -0.13540643 -0.29110502 234 88 12
-0.15440022 -0.13014168 -0.29534724 234 88 12
0.016521879 -0.11696021 -0.30718164 234 88 12
0.026718301 -0.11635845 -0.30825696 234 88 12
0.050651112 -0.11436322 -0.31025932 234 88 12
0.10443519 -0.10904781 -0.31258738 234 88 12
-0.40308522 -0.15035578 -0.28023481 234 88 12
-0.36633132 -0.15020631 -0.28268418 234 88 12
-0.2517351 -0.13943371 -0.28831172 234 88 12
-0.2215628 -0.13803194 -0.29055221 234 88 12
-0.19777117 -0.13661164 -0.2923451 234 88 12
-0.13672903 -0.13020765 -0.2972237 234 88 12
-0.072652433 -0.12547677 -0.30005976 234 88 12
-0.029843187 -0.12166477 -0.30286541 234 88 12
0.044812828 -0.1168463 -0.30993131 234 88 12
0.066482659 -0.11457104 -0.31164418 234 88 12
-0.31246424 -0.14704149 -0.28587941 234 88 12
-0.30055916 -0.14584343 -0.28619619 234 88 12
-0.23564697 -0.1405881 -0.28990183 234 88 12
-0.20719555 -0.13924667 -0.29199924 234 88 12
-0.18618293 -0.13769696 -0.29349543 234 88 12
-0.18244585 -0.13735922 -0.29374669 234 88 12
-0.17320059 -0.136377 -0.29452625 234 88 12
-0.16755153 -0.13572634 -0.29501746 234 88 12
-0.035619824 -0.12409616 -0.3025318 234 88 12
0.10884409 -0.11271465 -0.31323311 234 88 12
-0.44968057 -0.15672747 -0.2843315 234 88 12
-0.41198441 -0.15469776 -0.28046715 234 88 12
-0.34628555 -0.15253452 -0.28459815 234 88 12
-0.2190735 -0.14184183 -0.29141174 234 88 12
-0.17666482 -0.13881113 -0.29455224 234 88 12
-0.43460302 -0.15804896 -0.28137162 234 88 12
-0.38388816 -0.15596211 -0.2821387 234 88 12
-0.34419773 -0.1542209 -0.28489719 234 88 12
-0.3349628 -0.15327038 -0.28543808 234 88 12
-0.30421079 -0.15010024 -0.28658227 234 88 12
-0.28636573 -0.14830421 -0.28734387 234 88 12
-0.2591085 -0.14578178 -0.28872076 234 88 12
-0.20869183 -0.14333816 -0.29264888 234 88 12
-0.14585063 -0.13715971 -0.29761431 234 88 12
-0.035394616 -0.12790383 -0.302867 234 88 12
-0.02759274 -0.12713063 -0.30353003 234 88 12
-0.015644698 -0.12621426 -0.30462305 234 88 12
-0.013643589 -0.12610535 -0.30479114 234 88 12
-0.3384332 -0.15553384 -0.28545652 234 88 12
-0.13027342 -0.13742753 -0.29903871 234 88 12
0.023206196 -0.12618407 -0.30872676 234 88 12
-0.41890624 -0.16107263 -0.28136718 234 88 12
-0.22048294 -0.14783795 -0.29243263 234 88 12
-0.18900201 -0.14608928 -0.29467386 234 88 12
-0.17601793 -0.1449015 -0.29572389 234 88 12
-0.11851892 -0.13824403 -0.30004024 234 88 12
-0.087160848 -0.13593949 -0.30087089 234 88 12
-0.0073221672 -0.12954741 -0.30571132 234 88 12
-0.43995131 -0.16438467 -0.28342451 234 88 12
-0.39252945 -0.16183865 -0.28240645 234 88 12
-0.18133912 -0.14743057 -0.29575143 234 88 12
-0.17213379 -0.146537 -0.2965405 234 88 12
-0.11443938 -0.13987406 -0.30060885 234 88 12
-0.11247401 -0.13969138 -0.30065046 234 88 12
-0.10854747 -0.13934303 -0.30077094 234 88 12
-0.077244425 -0.13735498 -0.30143446 234 88 12
0.092736258 -0.12324143 -0.31411805 234 88 12
-0.24058271 -0.15256585 -0.29171821 234 88 12
-0.048205629 -0.13709489 -0.30284823 234 88 12
-0.019149236 -0.13418669 -0.30494884 234 88 12
0.0031090866 -0.13285151 -0.30711674 234 88 12
-0.44158471 -0.1684661 -0.28466721 234 88 12
-0.35576127 -0.16465657 -0.28506408 234 88 12
-0.35214463 -0.16440867 -0.28530056 234 88 12
-0.31114727 -0.16052695 -0.28763515 234 88 12
-0.27982524 -0.15750926 -0.28911986 234 88 12
-0.25049431 -0.15510766 -0.29114556 234 88 12
-0.24040455 -0.15457818 -0.29213131 234 88 12
-0.090522757 -0.14197996 -0.30189566 234 88 12
-0.088581812 -0.14187998 -0.30192326 234 88 12
-0.08075592 -0.1414746 -0.30205094 234 88 12
-0.059414438 -0.14013977 -0.30258375 234 88 12
-0.057493262 -0.13997633 -0.3026565 234 88 12
-0.014991388 -0.13584712 -0.30542512 234 88 12
-0.38656286 -0.16753612 -0.28362635 234 88 12
-0.24226572 -0.15669595 -0.29229143 234 88 12
-0.12369945 -0.14674922 -0.30153594 234 88 12
-0.11004969 -0.14541982 -0.30198465 234 88 12
0.065477615 -0.1319978 -0.31384619 234 88 12
0.086963637 -0.12953048 -0.31495402 234 88 12
-0.43925322 -0.1723627 -0.28529094 234 88 12
-0.40676656 -0.17045466 -0.28352519 234 88 12
-0.32963537 -0.16625308 -0.28723278 234 88 12
-0.2215693 -0.15792 -0.29443816 234 88 12
-0.12739068 -0.14918772 -0.30178695 234 88 12
-0.040122964 -0.14221775 -0.30388472 234 88 12
-0.008693525 -0.13939271 -0.30646285 234 88 12
-0.36978624 -0.17094269 -0.28496188 234 88 12
-0.32569522 -0.1678461 -0.28771245 234 88 12
-0.2969369 -0.16520409 -0.28916963 234 88 12
-0.2773911 -0.16341169 -0.29008416 234 88 12
-0.10378109 -0.14891733 -0.30289978 234 88 12
-0.099808048 -0.14859171 -0.30292856 234 88 12
-0.09585373 -0.14832224 -0.30294695 234 88 12
-0.084068523 -0.14760422 -0.30304738 234 88 12
0.016034852 -0.14001583 -0.3095811 234 88 12
0.077349169 -0.13439173 -0.31527255 234 88 12
0.083215257 -0.13373807 -0.31554589 234 88 12
-0.21708293 -0.16177007 -0.29574095 234 88 12
-0.1653834 -0.15806687 -0.29983631 234 88 12
-0.13851459 -0.15464239 -0.30207357 234 88 12
-0.043509858 -0.14661439 -0.3041955 234 88 12
0.085307305 -0.135479 -0.3159442 234 88 12
0.087291481 -0.13527174 -0.31601587 234 88 12
-0.37131434 -0.17474901 -0.28560527 234 88 12
-0.34739729 -0.17350615 -0.28694254 234 88 12
-0.28869839 -0.16860973 -0.29017123 234 88 12
-0.27125264 -0.16697891 -0.2914192 234 88 12
-0.25760153 -0.16586756 -0.29245543 234 88 12
-0.24964072 -0.16531368 -0.29331278 234 88 12
-0.22716526 -0.16426278 -0.29535352 234 88 12
-0.11525906 -0.15403246 -0.30374457 234 88 12
-0.089520131 -0.15199388 -0.30387769 234 88 12
-0.035690486 -0.14783531 -0.30479381 234 88 12
3.614669e-05 -0.14481826 -0.30812864 234 88 12
0.10351819 -0.13610344 -0.31666743 234 88 12
-0.37302862 -0.17670486 -0.28591986 234 88 12
-0.36928014 -0.17659973 -0.28604456 234 88 12
-0.36743024 -0.17652523 -0.28610037 234 88 12
-0.35637396 -0.17595222 -0.28671365 234 88 12
-0.28460328 -0.1703314 -0.29077022 234 88 12
-0.06782092 -0.15282694 -0.30446411 234 88 12
-0.060090886 -0.15230016 -0.30445954 234 88 12
0.039005057 -0.14461412 -0.31302742 234 88 12
-0.36356734 -0.17824995 -0.28672148 234 88 12
-0.20664493 -0.16742776 -0.29804966 234 88 12
-0.19122605 -0.16645956 -0.29929324 234 88 12
-0.044720206 -0.15292628 -0.30514522 234 88 12
-0.029395566 -0.15131057 -0.30593356 234 88 12
-0.40612021 -0.18235585 -0.28635279 234 88 12
-0.39498417 -0.1815903 -0.28617894 234 88 12
-0.34294719 -0.17901497 -0.28831731 234 88 12
-0.34109041 -0.17889087 -0.28843384 234 88 12
-0.31506189 -0.17695404 -0.28993355 234 88 12
-0.28996065 -0.17503415 -0.2912138 234 88 12
-0.27645462 -0.17386044 -0.29221387 234 88 12
-0.25906048 -0.17237643 -0.29377092 234 88 12
-0.17241488 -0.16700944 -0.30141386 234 88 12
-0.1147141 -0.16027375 -0.30545748 234 88 12
-0.11077741 -0.15988695 -0.30549097 234 88 12
-0.069371098 -0.1570774 -0.30539258 234 88 12
0.023376261 -0.14957321 -0.31183458 234 88 12
0.05896383 -0.14661189 -0.31608701 234 88 12
0.064709762 -0.1458748 -0.31660184 234 88 12
-0.44497402 -0.18679623 -0.29069466 234 88 12
-0.36505424 -0.18213804 -0.28742169 234 88 12
-0.29749261 -0.17772007 -0.29124153 234 88 12
-0.1647854 -0.16824728 -0.30273761 234 88 12
-0.12042947 -0.16296319 -0.305887 234 88 12
-0.038537967 -0.15646881 -0.30604487 234 88 12
-0.03278642 -0.15584925 -0.30638478 234 88 12
-0.017094331 -0.15436308 -0.30741536 234 88 12
-0.24674782 -0.17584257 -0.29620625 234 88 12
-0.24473664 -0.17573113 -0.2964221 234 88 12
-0.20638911 -0.173512 -0.29979136 234 88 12
-0.16086466 -0.16991138 -0.30362297 234 88 12
-0.06313887 -0.16086785 -0.30641878 234 88 12
0.10226023 -0.1461131 -0.31873993 234 88 12
-0.42313054 -0.18951434 -0.2885264 234 88 12
-0.31424781 -0.18303478 -0.2910838 234 88 12
-0.28347924 -0.18092492 -0.29296457 234 88 12
-0.22833985 -0.17692695 -0.29862854 234 88 12
-0.1626943 -0.17216165 -0.3041389 234 88 12
-0.11422091 -0.16658525 -0.30742607 234 88 12
-0.086354682 -0.16443425 -0.3072543 234 88 12
-0.010447978 -0.15804729 -0.30873369 234 88 12
-0.00033937607 -0.15723688 -0.30993198 234 88 12
0.018055685 -0.15598189 -0.31221083 234 88 12
0.03233743 -0.15503752 -0.31432024 234 88 12
0.054062566 -0.15326139 -0.31689703 234 88 12
0.080756332 -0.1498428 -0.31880231 234 88 12
-0.38730659 -0.18894513 -0.28817389 234 88 12
-0.35323859 -0.18738475 -0.28947482 234 88 12
-0.34011197 -0.18670005 -0.29014325 234 88 12
-0.21015718 -0.17792829 -0.300667 234 88 12
-0.16835188 -0.17478232 -0.30415225 234 88 12
-0.032003961 -0.16216779 -0.30765597 234 88 12
-0.02419553 -0.16136334 -0.30807994 234 88 12
-0.01219182 -0.16032128 -0.30898724 234 88 12
-0.41736293 -0.19310713 -0.28924359 234 88 12
-0.40788137 -0.19236383 -0.28896697 234 88 12
-0.37594928 -0.19031373 -0.28891599 234 88 12
-0.37405026 -0.19020797 -0.28902067 234 88 12
-0.18150516 -0.17795228 -0.30362886 234 88 12
-0.17585936 -0.17753472 -0.30403057 234 88 12
-0.070218367 -0.16773074 -0.30826575 234 88 12
-0.054865588 -0.16658421 -0.30782157 234 88 12
0.052724103 -0.15749269 -0.31771085 234 88 12
-0.36820358 -0.19192459 -0.28970454 234 88 12
-0.35473768 -0.19135378 -0.29043358 234 88 12
-0.33967708 -0.1906856 -0.29120689 234 88 12
-0.23805053 -0.18403912 -0.29963577 234 88 12
-0.20807829 -0.18198466 -0.30204508 234 88 12
-0.16057991 -0.17821696 -0.30624744 234 88 12
-0.11578293 -0.17325426 -0.3094425 234 88 12
-0.10387094 -0.17216552 -0.30956115 234 88 12
-0.070002644 -0.16987438 -0.30896314 234 88 12
-0.035401322 -0.16689015 -0.30847693 234 88 12
-0.021665053 -0.16549846 -0.30919757 234 88 12
0.079516302 -0.15614047 -0.32011769 234 88 12
0.083345997 -0.15571041 -0.32019814 234 88 12
0.095033757 -0.15466287 -0.32032645 234 88 12
-0.43655277 -0.19851788 -0.29233335 234 88 12
-0.43464547 -0.19838634 -0.29203957 234 88 12
-0.3720093 -0.19406399 -0.29015409 234 88 12
-0.34326048 -0.19288969 -0.29161722 234 88 12
-0.31143131 -0.19121503 -0.29311265 234 88 12
-0.24395757 -0.1866301 -0.29970053 234 88 12
-0.20222693 -0.18364863 -0.30310662 234 88 12
-0.15662028 -0.17995164 -0.30729354 234 88 12
-0.093607403 -0.17357551 -0.31029776 234 88 12
-0.075666428 -0.17241331 -0.3099536 234 88 12
0.021229734 -0.16419471 -0.31458381 234 88 12
-0.34686056 -0.19502988 -0.29211102 234 88 12
-0.32436387 -0.19396852 -0.2931116 234 88 12
-0.30746817 -0.19306974 -0.29393012 234 88 12
-0.24784309 -0.1891053 -0.29995855 234 88 12
-0.15656393 -0.18208886 -0.3079643 234 88 12
0.037881163 -0.16506369 -0.31760487 234 88 12
-0.39674717 -0.19961091 -0.29093005 234 88 12
-0.38919612 -0.19903835 -0.29088113 234 88 12
-0.31291945 -0.19543598 -0.29426646 234 88 12
-0.23166461 -0.19016179 -0.30211423 234 88 12
-0.1738491 -0.18566621 -0.3069156 234 88 12
-0.034662322 -0.17344534 -0.3104068 234 88 12
-0.024743824 -0.17252658 -0.31084047 234 88 12
0.042211034 -0.16688584 -0.31883154 234 88 12
-0.33335694 -0.19845233 -0.29405705 234 88 12
-0.30519806 -0.19712622 -0.29541088 234 88 12
-0.20994416 -0.19050683 -0.30445913 234 88 12
-0.20413507 -0.18999952 -0.30481464 234 88 12
-0.20223606 -0.18985184 -0.3049528 234 88 12
-0.20030996 -0.18968747 -0.30517228 234 88 12
-0.17955053 -0.18817492 -0.30710154 234 88 12
-0.061476866 -0.17790316 -0.31191646 234 88 12
-0.0537887 -0.17731748 -0.31165666 234 88 12
0.060017711 -0.16719824 -0.32123612 234 88 12
-0.33886789 -0.20069806 -0.29454619 234 88 12
-0.33136305 -0.20039702 -0.29491786 234 88 12
-0.31449459 -0.19963417 -0.29576226 234 88 12
-0.30125003 -0.19896364 -0.2964603 234 88 12
-0.2475439 -0.19561668 -0.30246499 234 88 12
-0.18145785 -0.1903623 -0.30765062 234 88 12
-0.17956327 -0.19026147 -0.30784588 234 88 12
-0.12115002 -0.18487412 -0.31324431 234 88 12
-0.041978699 -0.17861481 -0.31232599 234 88 12
0.036676246 -0.17198153 -0.31991158 234 88 12
0.07886834 -0.16672878 -0.32267298 234 88 12
-0.38358431 -0.20690216 -0.29368135 234 88 12
-0.37182747 -0.20617305 -0.29419349 234 88 12
-0.2237201 -0.19799689 -0.30552098 234 88 12
-0.20045065 -0.19592596 -0.30736024 234 88 12
0.058865698 -0.17438195 -0.32357174 234 88 12
0.06078035 -0.17408823 -0.32367615 234 88 12
0.1087004 -0.16855468 -0.3243185 234 88 12
-0.38936597 -0.20952287 -0.2943516 234 88 12
-0.22572636 -0.20027334 -0.30625362 234 88 12
-0.21594223 -0.19939076 -0.30676653 234 88 12
-0.10100293 -0.19001349 -0.31711249 234 88 12
0.064696023 -0.17589576 -0.32474463 234 88 12
0.090978886 -0.17180655 -0.32495817 234 88 12
-0.40848496 -0.21326636 -0.29518455 234 88 12
-0.21601185 -0.20149275 -0.3075348 234 88 12
-0.20252207 -0.20025247 -0.30878211 234 88 12
-0.17790556 -0.19857769 -0.31115119 234 88 12
-0.15667741 -0.19714421 -0.31341522 234 88 12
-0.13084993 -0.19490498 -0.3162098 234 88 12
-0.43945697 -0.21748605 -0.29891974 234 88 12
-0.41435572 -0.2158965 -0.2962865 234 88 12
-0.37778823 -0.21295384 -0.29642315 234 88 12
-0.22387424 -0.20432565 -0.3079992 234 88 12
-0.14279878 -0.19816171 -0.31592036 234 88 12
-0.11105769 -0.19548662 -0.31882523 234 88 12
-0.10902235 -0.19534928 -0.31891511 234 88 12
0.072709245 -0.1793493 -0.32680252 234 88 12
0.11548112 -0.17462451 -0.32672331 234 88 12
-0.21224098 -0.20532742 -0.3096149 234 88 12
-0.19125914 -0.20353916 -0.31144285 234 88 12
-0.1368202 -0.19993927 -0.31743437 234 88 12
-0.2298488 -0.20915376 -0.30964689 234 88 12
-0.2161909 -0.20782471 -0.31017878 234 88 12
-0.1509484 -0.20324539 -0.31668548 234 88 12
-0.13086645 -0.20172557 -0.31902243 234 88 12
-0.090300102 -0.19839366 -0.32203708 234 88 12
0.090019536 -0.18106299 -0.32834439 234 88 12
0.10566323 -0.17939044 -0.32804951 234 88 12
-0.44640913 -0.22462851 -0.30304343 234 88 12
-0.3936385 -0.22088603 -0.29863552 234 88 12
-0.36790779 -0.21871914 -0.29980718 234 88 12
-0.22401985 -0.21071234 -0.31083058 234 88 12
-0.10678851 -0.20214903 -0.32265515 234 88 12
-0.09432114 -0.20108068 -0.32330085 234 88 12
-0.086141333 -0.20026193 -0.32333127 234 88 12
0.077180313 -0.18595263 -0.33008645 234 88 12
0.101837 -0.18191185 -0.3289088 234 88 12
0.1315476 -0.069371091 -0.30791915 234 88 12
0.13208946 -0.064330536 -0.30497831 234 88 12
0.12691987 -0.070302718 -0.31580679 234 88 12
0.12589626 -0.072622543 -0.31920452 234 88 12
0.070575241 -0.18645649 -0.35016159 234 88 12
0.069518177 -0.1857463 -0.35145468 234 88 12
0.11767579 -0.044453009 -0.31863464 234 88 12
0.069788874 -0.17859176 -0.36290876 234 88 12
0.061432941 -0.18235145 -0.35740422 234 88 12
0.11669508 -0.052872259 -0.32985844 234 88 12
0.11383753 -0.034610502 -0.32106189 234 88 12
0.1127748 -0.040543568 -0.33388125 234 88 12
0.056768898 -0.17704991 -0.36629688 234 88 12
0.11043351 -0.028189625 -0.32921395 234 88 12
0.033020735 -0.18281436 -0.34872636 234 88 12
0.058645615 -0.17386371 -0.37337801 234 88 12
0.065440455 -0.16954796 -0.38251228 234 88 12
0.10809959 0.01333837 -0.30683915 234 88 12
0.036300866 -0.17818411 -0.3591624 234 88 12
0.057442668 -0.1690948 -0.38490185 234 88 12
0.10907325 -0.027013863 -0.34879556 234 88 12
0.10483557 -0.0036183064 -0.32525789 234 88 12
0.050129139 -0.17113022 -0.37971664 234 88 12
0.049072975 -0.17051873 -0.38120155 234 88 12
0.0036293057 -0.17904741 -0.33857818 234 88 12
0.1028516 -0.00084884018 -0.33069151 234 88 12
-0.016175209 -0.18422723 -0.32170416 234 88 12
0.10585939 -0.015411485 -0.34933539 234 88 12
0.1015657 0.0052483066 -0.32766894 234 88 12
0.10403454 -0.0086479029 -0.34538698 234 88 12
0.10114 0.0050742698 -0.33041347 234 88 12
-0.0059342069 -0.17858083 -0.33566935 234 88 12
0.042694284 -0.16871114 -0.38449894 234 88 12
0.027516948 -0.17198147 -0.37158325 234 88 12
0.037194773 -0.16944284 -0.38133002 234 88 12
0.041699677 -0.1680537 -0.38588299 234 88 12
0.078743817 -0.14985289 -0.42062323 234 88 12
0.080163798 -0.14887006 -0.42196978 234 88 12
0.10575847 -0.013961882 -0.35813246 234 88 12
0.040693355 -0.16738168 -0.38728753 234 88 12
0.05957375 -0.1601634 -0.40551956 234 88 12
0.096900469 0.042145176 -0.3102066 234 88 12
-0.0057051889 -0.17591131 -0.34271669 234 88 12
0.010335658 -0.17345886 -0.35889866 234 88 12
0.056827179 -0.15852798 -0.4073411 234 88 12
0.072401591 -0.14778253 -0.4207024 234 88 12
0.097701778 -0.1271252 -0.44120515 234 88 12
0.10302231 -0.0049523069 -0.35705235 234 88 12
0.096927182 0.020579706 -0.33061051 234 88 12
-0.020273204 -0.17776155 -0.33548905 234 88 12
0.042666796 -0.16234928 -0.3985664 234 88 12
-0.03091663 -0.18078543 -0.32790713 234 88 12
0.09222254 0.046879865 -0.31673646 234 88 12
0.049568693 -0.15616752 -0.40908303 234 88 12
0.091538263 -0.12182479 -0.44298847 234 88 12
0.10795665 -0.10112834 -0.44953506 234 88 12
-0.022117661 -0.17566728 -0.34081785 234 88 12
0.04640951 -0.15625823 -0.40841917 234 88 12
0.049860066 -0.15430781 -0.41137825 234 88 12
-0.02920172 -0.17706223 -0.33654751 234 88 12
0.024164821 -0.16494793 -0.39037313 234 88 12
0.051635342 -0.15134644 -0.41491248 234 88 12
0.070197451 -0.13532399 -0.43016971 234 88 12
0.030946113 -0.16087218 -0.39930301 234 88 12
0.05010058 -0.1504302 -0.41565606 234 88 12
0.087776231 0.057791788 -0.3183894 234 88 12
0.005135625 -0.1686583 -0.37661084 234 88 12
0.019969 -0.16422856 -0.39129 234 88 12
0.046978791 -0.15053996 -0.41500551 234 88 12
0.062179056 -0.13805944 -0.42724892 234 88 12
0.094654463 -0.10726418 -0.45064532 234 88 12
-0.033346303 -0.17582032 -0.34013169 234 88 12
0.061762663 -0.13589837 -0.42869871 234 88 12
-0.01055658 -0.17039367 -0.36537332 234 88 12
0.019728386 -0.1618117 -0.39575169 234 88 12
0.021614177 -0.16098329 -0.39744913 234 88 12
0.068300975 -0.12629375 -0.43561555 234 88 12
0.088501548 -0.10776681 -0.44983747 234 88 12
0.034376394 -0.15262843 -0.41056661 234 88 12
0.096015379 -0.095844068 -0.4545456 234 88 12
0.088233139 0.043163629 -0.34297843 234 88 12
0.083335815 0.075434607 -0.31594985 234 88 12
-0.037377151 -0.17461971 -0.34400792 234 88 12
0.072115084 -0.11667684 -0.4417501 234 88 12
0.097357312 -0.090492281 -0.45590533 234 88 12
0.1089709 -0.066909082 -0.45174571 234 88 12
0.081848637 0.088846073 -0.3098635 234 88 12
0.017828491 -0.15830066 -0.40084613 234 88 12
0.06796565 -0.11799032 -0.4403933 234 88 12
0.07549137 -0.11060349 -0.44577833 234 88 12
0.082098297 0.068763404 -0.32532712 234 88 12
0.081213573 0.079179382 -0.31803491 234 88 12
0.032915291 -0.14756605 -0.41556523 234 88 12
0.054403074 -0.12937094 -0.43210572 234 88 12
-0.050405176 -0.17582866 -0.33968666 234 88 12
0.0098275017 -0.15913236 -0.39831277 234 88 12
0.025205735 -0.15065944 -0.4113322 234 88 12
0.041278689 -0.13896706 -0.42417469 234 88 12
0.047752003 -0.13308614 -0.42894296 234 88 12
0.079174673 0.082744389 -0.32063032 234 88 12
-0.021212091 -0.1686611 -0.37072178 234 88 12
0.043515613 -0.13433754 -0.42770439 234 88 12
0.081288256 -0.097034392 -0.45394962 234 88 12
0.098574354 -0.074028388 -0.45894937 234 88 12
0.10369563 -0.063736302 -0.45710058 234 88 12
-0.046848645 -0.17367864 -0.34815894 234 88 12
0.0054739938 -0.15818783 -0.39903074 234 88 12
0.061348014 -0.11340844 -0.44208945 234 88 12
0.085715274 -0.089227409 -0.45747544 234 88 12
0.078807181 0.075255382 -0.33229533 234 88 12
0.082734297 -0.089455504 -0.45730247 234 88 12
0.10665932 -0.044444128 -0.45213994 234 88 12
-0.061755742 -0.17622295 -0.33949154 234 88 12
-0.0042613617 -0.15974942 -0.39509217 234 88 12
0.020734521 -0.14551814 -0.41605268 234 88 12
0.094768182 -0.069259182 -0.46124319 234 88 12
0.10512833 -0.046018541 -0.45513392 234 88 12
0.1067587 -0.027181896 -0.44174042 234 88 12
0.074281198 0.10953145 -0.31091682 234 88 12
-0.041527616 -0.17084119 -0.3613815 234 88 12
-0.018482605 -0.16419591 -0.38434198 234 88 12
-0.009125937 -0.16047484 -0.39320177 234 88 12
0.036648796 -0.12971593 -0.43013951 234 88 12
-0.025430461 -0.16547639 -0.38021234 234 88 12
-0.0049810254 -0.15705088 -0.39913056 234 88 12
0.095336756 -0.060641829 -0.46244535 234 88 12
0.075904908 0.081378366 -0.33867919 234 88 12
-0.049622953 -0.17151073 -0.35894305 234 88 12
-0.011596547 -0.15865542 -0.39580778 234 88 12
0.024371672 -0.1356026 -0.42514982 234 88 12
0.055452358 -0.10512156 -0.44597444 234 88 12
0.069197932 -0.091376483 -0.45481903 234 88 12
0.077225736 0.076464989 -0.3474619 234 88 12
-0.079590539 -0.17934821 -0.33374605 234 88 12
-0.062048769 -0.17368126 -0.3499272 234 88 12
-0.0093733871 -0.15605193 -0.39993982 234 88 12
0.040027624 -0.1176388 -0.43749949 234 88 12
0.053760264 -0.10396548 -0.44635613 234 88 12
-0.065035121 -0.17377912 -0.3498515 234 88 12
-0.049000529 -0.16984195 -0.36514983 234 88 12
0.00072353102 -0.14848868 -0.41058019 234 88 12
0.0099215225 -0.14223304 -0.4179367 234 88 12
0.078094505 -0.075671561 -0.46184164 234 88 12
0.084671123 -0.066860078 -0.46383487 234 88 12
-0.063453437 -0.17268875 -0.35410569 234 88 12
-0.049926405 -0.16924572 -0.36711465 234 88 12
0.079771564 -0.070213572 -0.46341012 234 88 12
0.068402411 0.1200153 -0.31675229 234 88 12
-0.04463555 -0.16673449 -0.37514008 234 88 12
-0.029291793 -0.16086319 -0.38941398 234 88 12
0.033564061 -0.1152192 -0.43835374 234 88 12
0.092180685 -0.047394175 -0.46529404 234 88 12
0.094033732 -0.044115145 -0.46465794 234 88 12
0.10236701 -0.011431751 -0.44812554 234 88 12
-0.078135958 -0.1755772 -0.34553167 234 88 12
0.034258699 -0.11155182 -0.44037553 234 88 12
0.083824867 -0.0574976 -0.46628577 234 88 12
0.085855723 -0.054396746 -0.46641775 234 88 12
0.094308078 -0.039893641 -0.46488516 234 88 12
0.095956212 -0.036563997 -0.46392602 234 88 12
0.067675656 0.15450925 -0.30224362 234 88 12
-0.092322594 -0.17975379 -0.33556768 234 88 12
-0.0084955461 -0.14635646 -0.41166029 234 88 12
0.0033953504 -0.1376901 -0.42115081 234 88 12
-0.047875953 -0.16469026 -0.38019266 234 88 12
-0.0039968186 -0.14102517 -0.41738497 234 88 12
0.0086641946 -0.13087063 -0.42698867 234 88 12
0.018702042 -0.12132113 -0.43414597 234 88 12
0.021124385 -0.11889845 -0.4356235 234 88 12
0.029612033 -0.11035632 -0.44080002 234 88 12
0.092223824 -0.036534131 -0.46653421 234 88 12
0.064545964 0.14007532 -0.31319046 234 88 12
-0.049013556 -0.16401364 -0.38172252 234 88 12
-0.039707986 -0.15999916 -0.39003309 234 88 12
-0.029077081 -0.15492198 -0.39920226 234 88 12
0.0096104041 -0.12731023 -0.42956201 234 88 12
0.025457509 -0.11160659 -0.43990844 234 88 12
-0.020590971 -0.14839811 -0.4083748 234 88 12
0.062813655 0.15009066 -0.3113521 234 88 12
-0.1062575 -0.18217232 -0.33427684 234 88 12
-0.058956404 -0.16581452 -0.3773536 234 88 12
0.0099733766 -0.12129189 -0.433611 234 88 12
0.053557272 -0.078644739 -0.45834259 234 88 12
0.097275129 -0.010317244 -0.46144547 234 88 12
-0.048912161 -0.16021302 -0.38944906 234 88 12
0.016763331 -0.11163348 -0.43964734 234 88 12
0.019930953 -0.10571172 -0.44287719 234 88 12
0.058800375 -0.067016261 -0.46338077 234 88 12
0.068208468 -0.055791028 -0.46772481 234 88 12
0.05996413 0.16049974 -0.3119909 234 88 12
-0.051422672 -0.15863392 -0.39207615 234 88 12
0.05946686 0.16998582 -0.30938944 234 88 12
0.059878372 0.17596697 -0.30651189 234 88 12
-0.13223935 -0.19195626 -0.32440966 234 88 12
-0.056251712 -0.15963026 -0.39024849 234 88 12
-0.0055546084 -0.12503912 -0.42971674 234 88 12
0.011761378 -0.10819984 -0.44149062 234 88 12
0.0341404 -0.086594523 -0.45296642 234 88 12
0.061378222 -0.05775197 -0.46677642 234 88 12
0.075822482 -0.03884994 -0.47204439 234 88 12
0.092402929 -0.0080334824 -0.46725108 234 88 12
-0.052231702 -0.15605641 -0.39584087 234 88 12
-0.042112236 -0.15043298 -0.40397698 234 88 12
0.0064825536 -0.11067954 -0.43988666 234 88 12
0.011325407 -0.1058833 -0.44268165 234 88 12
0.041376886 -0.076788731 -0.45790143 234 88 12
0.05782591 0.1765574 -0.30971497 234 88 12
-0.03094783 -0.14138325 -0.41441951 234 88 12
-0.026455373 -0.13811983 -0.41750139 234 88 12
0.06612615 -0.045362576 -0.47066344 234 88 12
0.094380575 0.021618199 -0.45553581 234 88 12
-0.040164643 -0.14558253 -0.40956721 234 88 12
0.0044098625 -0.10725465 -0.44165739 234 88 12
0.017803895 -0.093895259 -0.44887483 234 88 12
0.021523859 -0.09031252 -0.45070344 234 88 12
0.092807324 0.036297783 -0.44682139 234 88 12
0.0088674613 -0.10007109 -0.44559169 234 88 12
0.02366623 -0.085610551 -0.45289411 234 88 12
0.046228067 -0.062916179 -0.46351184 234 88 12
0.081808404 -0.014795514 -0.47387688 234 88 12
-0.018855684 -0.12440725 -0.42881314 234 88 12
-0.0012730727 -0.10750139 -0.44129465 234 88 12
0.032088536 -0.07482298 -0.45788461 234 88 12
0.085182934 -0.0035646507 -0.47229684 234 88 12
0.08737879 0.0020231328 -0.47069509 234 88 12
0.092056633 0.033155562 -0.45459955 234 88 12
-0.029912738 -0.13165806 -0.42234565 234 88 12
0.0019844565 -0.10150699 -0.44469745 234 88 12
0.071343456 -0.024873773 -0.47531589 234 88 12
0.08040737 -0.0093791156 -0.47471683 234 88 12
0.031238481 -0.070035801 -0.45975212 234 88 12
0.052448128 0.18343278 -0.31765368 234 88 12
0.014693224 -0.083518536 -0.45368705 234 88 12
0.035834941 -0.062381286 -0.46291716 234 88 12
0.043196697 -0.054101763 -0.46633226 234 88 12
0.057447881 -0.036929071 -0.4727777 234 88 12
0.067210267 -0.024097226 -0.47600104 234 88 12
0.089313218 0.028501207 -0.46437881 234 88 12
-0.073294936 -0.15464867 -0.39582651 234 88 12
-0.060187111 -0.14685053 -0.40608854 234 88 12
-0.057018534 -0.1448203 -0.40850983 234 88 12
-0.036048284 -0.12970778 -0.42309512 234 88 12
0.0403414 -0.054330337 -0.46601936 234 88 12
0.041545744 -0.052931521 -0.46661236 234 88 12
0.048837472 -0.044336134 -0.47002569 234 88 12
0.085028741 0.01567984 -0.47154101 234 88 12
-0.064803004 -0.14794089 -0.40443742 234 88 12
-0.063231458 -0.14691389 -0.4056787 234 88 12
0.018888189 -0.074072459 -0.45777059 234 88 12
0.08742725 0.031946665 -0.46640578 234 88 12
0.051008596 0.20793931 -0.30849874 234 88 12
-0.055417619 -0.13970595 -0.41338079 234 88 12
0.013604869 -0.076581401 -0.45666816 234 88 12
0.034567147 -0.054817118 -0.46563342 234 88 12
0.03948053 -0.049102352 -0.46790733 234 88 12
0.068288019 -0.011774947 -0.47816522 234 88 12
0.070063912 -0.0085878786 -0.47811334 234 88 12
0.049454517 0.1927071 -0.32011541 234 88 12
-0.14602303 -0.18500933 -0.34385874 234 88 12
-0.14144191 -0.18332112 -0.34744929 234 88 12
-0.056929445 -0.13869363 -0.41409021 234 88 12
-0.030031655 -0.11723217 -0.43268291 234 88 12
-0.02873922 -0.11602382 -0.43366828 234 88 12
-0.0098925999 -0.097710065 -0.4466253 234 88 12
0.009511724 -0.077876247 -0.45616452 234 88 12
0.011979382 -0.075461035 -0.45717681 234 88 12
-0.083676691 -0.15418832 -0.39605346 234 88 12
0.08573833 0.045609368 -0.46440678 234 88 12
-0.070546092 -0.14418942 -0.40798809 234 88 12
-0.064425358 -0.13999229 -0.41229812 234 88 12
-0.049604954 -0.12905721 -0.42244826 234 88 12
-0.0021643551 -0.084297454 -0.45340141 234 88 12
0.0063090327 -0.075613692 -0.45711906 234 88 12
0.034349346 -0.045484933 -0.46879087 234 88 12
0.058382467 -0.015733386 -0.47795467 234 88 12
0.069723651 0.0030285776 -0.47886905 234 88 12
0.075350101 0.015165607 -0.4771678 234 88 12
0.047464947 0.19188982 -0.32821609 234 88 12
-0.045507864 -0.12358217 -0.42686058 234 88 12
-0.030882901 -0.11065273 -0.43707171 234 88 12
-0.025722844 -0.10582558 -0.44074353 234 88 12
0.0083316575 -0.070801057 -0.45905636 234 88 12
0.021637317 -0.056801357 -0.46462162 234 88 12
0.033878055 -0.042806198 -0.46961656 234 88 12
0.046865795 -0.02711654 -0.47493436 234 88 12
0.047986334 -0.025699388 -0.47540896 234 88 12
0.046846756 0.19485487 -0.32870276 234 88 12
-0.17791824 -0.1976474 -0.33011095 234 88 12
-0.087730981 -0.15171252 -0.3990815 234 88 12
0.048465953 -0.021659353 -0.47642397 234 88 12
0.063960117 0.00044401089 -0.47989303 234 88 12
-0.17704438 -0.1955572 -0.33298088 234 88 12
-0.078008202 -0.14356647 -0.40822465 234 88 12
-0.076468492 -0.14248977 -0.40928665 234 88 12
0.068406577 0.013279441 -0.47940603 234 88 12
0.046748026 0.2418833 -0.30365258 234 88 12
-0.16811119 -0.18907385 -0.34161081 234 88 12
-0.03571878 -0.10764167 -0.43884523 234 88 12
-0.029216543 -0.10162178 -0.44330388 234 88 12
0.021387948 -0.047575218 -0.46746611 234 88 12
0.040591861 -0.024760096 -0.47500278 234 88 12
0.062569391 0.0060443762 -0.48036808 234 88 12
0.072411631 0.026854386 -0.47774794 234 88 12
0.082737415 0.065145598 -0.46235383 234 88 12
-0.076358217 -0.13842382 -0.41301279 234 88 12
-0.023271791 -0.093168508 -0.44880797 234 88 12
-0.012476254 -0.081508333 -0.45458211 234 88 12
0.016043071 -0.05041235 -0.4665 234 88 12
0.065355024 0.015610177 -0.48019244 234 88 12
-0.18026312 -0.19315384 -0.33770386 234 88 12
-0.14426478 -0.17660994 -0.36515902 234 88 12
-0.13580248 -0.17326859 -0.37153545 234 88 12
-0.085391043 -0.14298041 -0.40864044 234 88 12
-0.0022687604 -0.067441947 -0.46025409 234 88 12
0.067115883 0.023702045 -0.47973443 234 88 12
-0.17511286 -0.18901377 -0.34385357 234 88 12
-0.074834293 -0.13336166 -0.41744384 234 88 12
0.015071564 -0.045148857 -0.46807824 234 88 12
-0.11557303 -0.16014909 -0.39132287 234 88 12
-0.10565199 -0.15341592 -0.39826726 234 88 12
0.042551622 -0.0084808235 -0.47858352 234 88 12
0.048975315 0.00031854699 -0.48003126 234 88 12
-0.18116602 -0.18974773 -0.34431615 234 88 12
-0.1394626 -0.17110617 -0.37577431 234 88 12
-0.13154914 -0.16748217 -0.38177609 234 88 12
-0.097497423 -0.14589228 -0.40586999 234 88 12
-0.072020843 -0.12706653 -0.42313437 234 88 12
-0.062234668 -0.11912548 -0.42951298 234 88 12
0.04302471 -0.0043487921 -0.47927052 234 88 12
-0.063809572 -0.11814798 -0.43033471 234 88 12
-0.034979508 -0.091899589 -0.44922675 234 88 12
-0.00057332237 -0.053581808 -0.46533462 234 88 12
0.065022988 0.03699634 -0.48028862 234 88 12
0.067451897 0.042275632 -0.47940023 234 88 12
0.071316417 0.051324811 -0.47721471 234 88 12
0.07878961 0.082707552 -0.46371457 234 88 12
-0.178788 -0.18624827 -0.3509819 234 88 12
-0.15957582 -0.17754177 -0.36518574 234 88 12
-0.14188649 -0.16968211 -0.37866086 234 88 12
-0.10664373 -0.14878075 -0.40352223 234 88 12
-0.031609155 -0.085739271 -0.45275935 234 88 12
0.0035967326 -0.045604966 -0.46797998 234 88 12
0.0095142033 -0.03864058 -0.47010037 234 88 12
0.062693885 0.036377598 -0.48107797 234 88 12
0.065166401 0.041586197 -0.48026035 234 88 12
-0.20564437 -0.19916723 -0.33420028 234 88 12
-0.17756352 -0.18457016 -0.35431115 234 88 12
-0.15440363 -0.17433683 -0.37154575 234 88 12
-0.14120917 -0.16806098 -0.38144 234 88 12
-0.13366932 -0.16425453 -0.3869043 234 88 12
-0.10805355 -0.14801584 -0.40454552 234 88 12
-0.075163568 -0.1230429 -0.42673255 234 88 12
-0.019105089 -0.068535445 -0.46006006 234 88 12
-0.0073659986 -0.055229752 -0.46488958 234 88 12
0.049412097 0.015957576 -0.48177995 234 88 12
-0.037295046 -0.086218999 -0.45249763 234 88 12
-0.025261658 -0.072966699 -0.45842275 234 88 12
-0.011354609 -0.056731686 -0.46438165 234 88 12
0.010764243 -0.030344543 -0.47263905 234 88 12
0.015515803 -0.024643367 -0.47411054 234 88 12
0.019142357 -0.02038688 -0.47522289 234 88 12
0.022710385 -0.016175877 -0.47619344 234 88 12
0.076496168 0.08927434 -0.46595074 234 88 12
-0.20121777 -0.19387612 -0.34194049 234 88 12
-0.19457514 -0.19047183 -0.34667158 234 88 12
-0.0037603363 -0.044652665 -0.46865462 234 88 12
0.0067135066 -0.032006714 -0.47218396 234 88 12
0.07318279 0.077470754 -0.47324306 234 88 12
0.076395289 0.10276954 -0.45866695 234 88 12
0.035419129 0.28674937 -0.29899695 234 88 12
-0.086747395 -0.12591199 -0.4241242 234 88 12
-0.055938086 -0.098702485 -0.44438454 234 88 12
-0.048138338 -0.091539499 -0.44903515 234 88 12
-0.031981995 -0.074859464 -0.45772009 234 88 12
-0.007742198 -0.046220558 -0.46821759 234 88 12
-0.0042693955 -0.042087809 -0.4694314 234 88 12
0.018111464 -0.015042723 -0.4764811 234 88 12
0.021596151 -0.010814946 -0.47750574 234 88 12
0.050373854 0.029155468 -0.48276363 234 88 12
0.051289883 0.030789406 -0.4828479 234 88 12
0.057379729 0.04262129 -0.48253901 234 88 12
0.068383171 0.068117367 -0.47781892 234 88 12
0.069117662 0.070072778 -0.47720015 234 88 12
-0.088288879 -0.12494778 -0.42496337 234 88 12
-0.074371061 -0.11327118 -0.43432608 234 88 12
-0.065236471 -0.10490696 -0.43992436 234 88 12
0.026683761 -0.0011840767 -0.47957601 234 88 12
0.059203422 0.050722115 -0.48224135 234 88 12
-0.20438124 -0.19164366 -0.34679375 234 88 12
-0.18651974 -0.18323918 -0.35991225 234 88 12
-0.18006995 -0.18037528 -0.36459891 234 88 12
-0.1367629 -0.15842042 -0.39535845 234 88 12
-0.11362893 -0.14287661 -0.41061046 234 88 12
-0.10599658 -0.13696774 -0.4156341 234 88 12
-0.030640788 -0.06709572 -0.46077888 234 88 12
0.060881114 0.059165388 -0.48177888 234 88 12
0.031998646 0.31136186 -0.29057554 234 88 12
-0.20074593 -0.18868988 -0.35179039 234 88 12
-0.12950951 -0.1524797 -0.40243598 234 88 12
-0.12613546 -0.15028641 -0.40458818 234 88 12
-0.041726967 -0.07683716 -0.45674557 234 88 12
-0.040548781 -0.075486149 -0.45731648 234 88 12
-0.017375176 -0.048114798 -0.46753623 234 88 12
-0.008230889 -0.037064137 -0.47098846 234 88 12
0.016453311 -0.0070935749 -0.47832491 234 88 12
0.025505252 0.0041233083 -0.48040971 234 88 12
0.027714987 0.0069729111 -0.48086238 234 88 12
0.045405 0.032884426 -0.48335708 234 88 12
0.061671693 0.065894918 -0.48131307 234 88 12
-0.22952721 -0.20158956 -0.33326126 234 88 12
-0.17784264 -0.17708804 -0.37108471 234 88 12
-0.10598868 -0.1328204 -0.41950619 234 88 12
-0.094365633 -0.12316779 -0.42667268 234 88 12
-0.091503872 -0.1207952 -0.42859699 234 88 12
-0.077649179 -0.1088799 -0.4372788 234 88 12
-0.062258249 -0.094287989 -0.44681404 234 88 12
0.064676133 0.078585894 -0.47898781 234 88 12
0.072667477 0.11929329 -0.45996103 234 88 12
-0.2307581 -0.20070267 -0.33458 234 88 12
-0.20729259 -0.18937522 -0.35168993 234 88 12
-0.053716613 -0.083413474 -0.45322979 234 88 12
0.040137979 0.032246736 -0.48369533 234 88 12
0.059375843 0.070249165 -0.48209611 234 88 12
-0.22024407 -0.19412177 -0.34428724 234 88 12
-0.18192992 -0.17667856 -0.37286104 234 88 12
-0.11051086 -0.13218233 -0.42048896 234 88 12
-0.06917639 -0.095674524 -0.44575119 234 88 12
-0.0028526205 -0.020565067 -0.47561406 234 88 12
0.054672754 0.064057366 -0.48380012 234 88 12
0.064614603 0.088896728 -0.47804907 234 88 12
-0.23078909 -0.19782013 -0.33902399 234 88 12
-0.14674103 -0.15638184 -0.39939838 234 88 12
-0.094660379 -0.11654803 -0.43204824 234 88 12
-0.0021885406 -0.01651899 -0.47676419 234 88 12
0.025318679 0.32126135 -0.29435196 234 88 12
-0.16155959 -0.16362108 -0.39166058 234 88 12
-0.15811407 -0.16164926 -0.393965 234 88 12
-0.14308426 -0.15244766 -0.40390119 234 88 12
-0.13014828 -0.14367825 -0.41225806 234 88 12
-0.096201403 -0.11551845 -0.43286681 234 88 12
-0.013149415 -0.026887332 -0.47415648 234 88 12
0.064346906 0.09948221 -0.47689579 234 88 12
0.023860705 0.32189548 -0.29578719 234 88 12
-0.16281515 -0.16284872 -0.39307158 234 88 12
-0.050552775 -0.068438626 -0.45999696 234 88 12
-0.045804933 -0.063128517 -0.46214498 234 88 12
-0.028464572 -0.042562244 -0.46968878 234 88 12
-0.018270196 -0.029979723 -0.47348945 234 88 12
0.00038690006 -0.0069401606 -0.47921407 234 88 12
0.05306575 0.075344198 -0.484361 234 88 12
-0.1880065 -0.17491874 -0.37783133 234 88 12
-0.18035001 -0.17097138 -0.38327223 234 88 12
-0.13007622 -0.13947257 -0.41642261 234 88 12
-0.11522891 -0.1271593 -0.42524536 234 88 12
-0.10364263 -0.11719041 -0.43187126 234 88 12
-0.093722022 -0.1084828 -0.43787729 234 88 12
-0.061794465 -0.077538468 -0.45586506 234 88 12
0.056143948 0.088051661 -0.4826487 234 88 12
0.059858054 0.097800775 -0.48002952 234 88 12
-0.26066592 -0.20747362 -0.32681205 234 88 12
-0.19102251 -0.17522734 -0.37800129 234 88 12
-0.087198647 -0.099949845 -0.44328307 234 88 12
-0.077062685 -0.08984194 -0.44909287 234 88 12
-0.049134518 -0.060778805 -0.46306178 234 88 12
-0.042163324 -0.052548924 -0.46646062 234 88 12
-0.022791962 -0.029063784 -0.47408609 234 88 12
0.04228839 0.061517413 -0.48631531 234 88 12
0.064272789 0.11810654 -0.47357143 234 88 12
0.065336525 0.12280251 -0.47143977 234 88 12
0.066846278 0.14751436 -0.45659589 234 88 12
-0.20683299 -0.18152706 -0.36872143 234 88 12
-0.18257038 -0.16954297 -0.3863602 234 88 12
-0.14531241 -0.1468279 -0.41095822 234 88 12
-0.079858628 -0.089963731 -0.44907627 234 88 12
-0.049640353 -0.058250304 -0.46410938 234 88 12
0.06017149 0.11050789 -0.47799283 234 88 12
0.019368923 0.33966545 -0.2940418 234 88 12
-0.25634938 -0.20207425 -0.33431262 234 88 12
-0.23206856 -0.19112503 -0.35198685 234 88 12
-0.15790726 -0.15342579 -0.40491684 234 88 12
-0.13606095 -0.13779228 -0.41902642 234 88 12
-0.066721615 -0.073881299 -0.45738986 234 88 12
-0.03171704 -0.033773909 -0.47288303 234 88 12
0.018350306 0.030329626 -0.48469459 234 88 12
0.055610946 0.10368073 -0.48151974 234 88 12
0.057062216 0.10766116 -0.48017193 234 88 12
0.059900962 0.11579461 -0.47710727 234 88 12
0.018063955 0.34016325 -0.29568989 234 88 12
-0.074443149 -0.078812064 -0.45473278 234 88 12
-0.073203238 -0.0775664 -0.45535716 234 88 12
-0.025481969 -0.022746629 -0.47599324 234 88 12
0.064243017 0.14792964 -0.46298024 234 88 12
0.06312818 0.1663889 -0.45004231 234 88 12
-0.19927781 -0.17447111 -0.38133268 234 88 12
-0.18775227 -0.16837407 -0.38953609 234 88 12
-0.10595599 -0.10681815 -0.43947487 234 88 12
-0.030553436 -0.025869486 -0.47530722 234 88 12
0.0085308776 0.023924864 -0.48442609 234 88 12
-0.19261473 -0.16966888 -0.38837088 234 88 12
-0.12606849 -0.12219378 -0.43018059 234 88 12
-0.082602499 -0.08140012 -0.45324378 234 88 12
-0.062311261 -0.059938984 -0.46317578 234 88 12
0.014236794 0.035909211 -0.48560078 234 88 12
0.034467234 0.070061854 -0.48771167 234 88 12
0.035330517 0.071821085 -0.48768114 234 88 12
0.049695592 0.10574174 -0.48361683 234 88 12
0.062423248 0.15989488 -0.4595042 234 88 12
-0.11349514 -0.10838395 -0.4387467 234 88 12
-0.068739509 -0.063873656 -0.46143401 234 88 12
-0.049881587 -0.042875862 -0.46973405 234 88 12
-0.040636492 -0.031920032 -0.47341139 234 88 12
-0.030537963 -0.019157948 -0.47708079 234 88 12
0.043977629 0.097488065 -0.48597624 234 88 12
-0.18949968 -0.16505128 -0.39494429 234 88 12
-0.13788728 -0.12753265 -0.42740846 234 88 12
0.019782655 0.052705168 -0.48700052 234 88 12
0.033481405 0.078220225 -0.48812164 234 88 12
0.055016601 0.13182033 -0.47704176 234 88 12
0.012549304 0.3451822 -0.30345996 234 88 12
-0.21397854 -0.17671797 -0.37985499 234 88 12
-0.070958345 -0.060098342 -0.46281351 234 88 12
-0.067450261 -0.056220909 -0.46443503 234 88 12
-0.053212919 -0.040522306 -0.47050159 234 88 12
-0.0061807282 0.019031131 -0.48445407 234 88 12
-0.24854414 -0.18992373 -0.3563546 234 88 12
-0.17067867 -0.14917685 -0.41131629 234 88 12
-0.13106911 -0.11644512 -0.43467353 234 88 12
-0.077440243 -0.063774891 -0.46115102 234 88 12
-0.051427114 -0.035274353 -0.47226584 234 88 12
-0.033324151 -0.012604585 -0.47895392 234 88 12
-0.021853564 0.0024313847 -0.48208452 234 88 12
0.0029365622 0.035348435 -0.48606651 234 88 12
0.018120025 0.058817474 -0.48775342 234 88 12
0.036324378 0.09591211 -0.48764836 234 88 12
0.057714668 0.1588619 -0.46799471 234 88 12
-0.28110386 -0.20306915 -0.33402717 234 88 12
-0.04391285 -0.023029961 -0.47607098 234 88 12
-0.007479727 0.024760865 -0.48538429 234 88 12
0.056527049 0.19271271 -0.44863928 234 88 12
-0.19101758 -0.15965565 -0.40258713 234 88 12
-0.08564612 -0.066312438 -0.45976023 234 88 12
-0.045574952 -0.021822045 -0.47639857 234 88 12
-0.0038373027 0.033594323 -0.48610013 234 88 12
0.05690419 0.1854203 -0.45652559 234 88 12
-0.28749517 -0.20361053 -0.33386686 234 88 12
-0.27356652 -0.19685383 -0.34441037 234 88 12
-0.25091395 -0.18769175 -0.36170406 234 88 12
-0.18419556 -0.15317385 -0.40910625 234 88 12
-0.11670429 -0.095131796 -0.44684317 234 88 12
-0.0694036 -0.046230454 -0.46812357 234 88 12
-0.029271407 0.0032928958 -0.4824167 234 88 12
0.05341639 0.16111802 -0.4718077 234 88 12
-0.12113927 -0.096591309 -0.44614803 234 88 12
0.033745555 0.1126781 -0.48715123 234 88 12
0.044550061 0.13899291 -0.4814501 234 88 12
0.0076335362 0.36882621 -0.30402815 234 88 12
-0.31753238 -0.22059662 -0.31820367 234 88 12
-0.16164065 -0.13087316 -0.42717337 234 88 12
-0.075255417 -0.046241077 -0.46790741 234 88 12
-0.051802469 -0.019626107 -0.47707396 234 88 12
0.0089285783 0.066184638 -0.48912665 234 88 12
0.049670226 0.16076957 -0.47495568 234 88 12
-0.25827055 -0.18744312 -0.363291 234 88 12
-0.12193522 -0.091632358 -0.44894927 234 88 12
-0.098867998 -0.067689704 -0.45907826 234 88 12
-0.015423796 0.033310893 -0.48668927 234 88 12
0.0051361806 0.064364977 -0.48902282 234 88 12
0.031551705 0.11921798 -0.48710277 234 88 12
0.042358226 0.14548365 -0.48155697 234 88 12
-0.30812366 -0.2102373 -0.32846392 234 88 12
-0.19116095 -0.15076423 -0.41289403 234 88 12
-0.17189528 -0.13490059 -0.42486862 234 88 12
-0.067915969 -0.032285818 -0.47289082 234 88 12
-0.0485126 -0.0083956155 -0.48004205 234 88 12
0.015221512 0.087674192 -0.49015597 234 88 12
-0.24105143 -0.17839355 -0.38105914 234 88 12
-0.1468752 -0.10989145 -0.44026213 234 88 12
-0.08295048 -0.044897228 -0.46818114 234 88 12
-0.078034215 -0.039918704 -0.47016485 234 88 12
-0.052507986 -0.010043101 -0.47961318 234 88 12
-0.049127147 -0.0056494689 -0.48064719 234 88 12
0.01994943 0.10351918 -0.48983247 234 88 12
0.030016268 0.12760705 -0.4868364 234 88 12
0.049386323 0.18276176 -0.47046841 234 88 12
-0.3014313 -0.2032811 -0.33773786 234 88 12
-0.15392031 -0.11390793 -0.43832792 234 88 12
-0.13368039 -0.094657751 -0.44781321 234 88 12
-0.11414499 -0.074670117 -0.45636146 234 88 12
0.02440135 0.11956741 -0.48829022 234 88 12
0.027399306 0.12710737 -0.48739895 234 88 12
0.045500903 0.1741357 -0.47528889 234 88 12
-0.27917424 -0.19144414 -0.35694144 234 88 12
-0.26906747 -0.18754057 -0.36468416 234 88 12
-0.25209131 -0.18074625 -0.3775056 234 88 12
-0.21541218 -0.16217898 -0.40346514 234 88 12
-0.15015671 -0.10763874 -0.4417922 234 88 12
-0.069650876 -0.024537865 -0.47523605 234 88 12
-0.040392645 0.014120196 -0.4845032 234 88 12
-0.0084004326 0.060748982 -0.48920928 234 88 12
0.0049648597 0.083607218 -0.49048543 234 88 12
0.005866196 0.085291693 -0.49053322 234 88 12
0.010295786 0.093914118 -0.49053445 234 88 12
-0.29181816 -0.19594762 -0.34961593 234 88 12
-0.24014601 -0.17411897 -0.38881369 234 88 12
-0.15181055 -0.10649844 -0.44254662 234 88 12
-0.072572767 -0.024564781 -0.47518302 234 88 12
-0.0025522409 0.075125036 -0.49031185 234 88 12
0.022197864 0.12610964 -0.48843891 234 88 12
0.028331864 0.14105344 -0.48629627 234 88 12
-0.29489184 -0.19632139 -0.34975795 234 88 12
-0.19823204 -0.14613504 -0.41841643 234 88 12
-0.14017722 -0.092372774 -0.44919824 234 88 12
-0.12964538 -0.08186565 -0.4538817 234 88 12
-0.034038286 0.031029891 -0.48653903 234 88 12
-0.0025991093 0.079926865 -0.49065715 234 88 12
0.037417097 0.16956657 -0.48040881 234 88 12
-0.20599047 -0.15018294 -0.41572454 234 88 12
-0.18656312 -0.13361178 -0.42740683 234 88 12
-0.12509443 -0.073859101 -0.45693213 234 88 12
-0.12005479 -0.068404467 -0.45888997 234 88 12
-0.11627154 -0.064269726 -0.46043339 234 88 12
-0.11014701 -0.057593768 -0.46280925 234 88 12
0.003595655 0.096676727 -0.49097094 234 88 12
0.026989886 0.14951177 -0.48603939 234 88 12
-0.30302125 -0.19822277 -0.34852205 234 88 12
-0.21926134 -0.15774688 -0.40943892 234 88 12
-0.18949947 -0.13390464 -0.42757723 234 88 12
-0.15539954 -0.10183466 -0.44535003 234 88 12
-0.13965488 -0.086152959 -0.4522516 234 88 12
-0.11076885 -0.055025027 -0.46377867 234 88 12
-0.076810068 -0.01925809 -0.47652327 234 88 12
-0.065600785 -0.0051116241 -0.48044771 234 88 12
-0.0010586713 0.093040259 -0.49112667 234 88 12
-0.29016325 -0.19116141 -0.36053101 234 88 12
-0.18254305 -0.12507703 -0.43312972 234 88 12
-0.01134969 0.079538799 -0.49089138 234 88 12
0.015590651 0.13350949 -0.48942498 234 88 12
-0.26049965 -0.17739257 -0.38549386 234 88 12
-0.17458413 -0.11507062 -0.43909382 234 88 12
-0.10827316 -0.046060786 -0.46695833 234 88 12
-0.09971945 -0.037213051 -0.47023335 234 88 12
-0.06600085 0.0021922491 -0.48195992 234 88 12
0.0096895663 0.12565491 -0.49051363 234 88 12
-0.161659 -0.099731277 -0.44691136 234 88 12
-0.14740645 -0.085332835 -0.45291454 234 88 12
-0.13972514 -0.077285071 -0.45613408 234 88 12
-0.086990426 -0.020500496 -0.47598298 234 88 12
-0.077754996 -0.0096141998 -0.47909265 234 88 12
-0.012519967 0.087556321 -0.49144651 234 88 12
-0.011584384 0.089217254 -0.49150046 234 88 12
0.0078172381 0.12708477 -0.49082 234 88 12
-0.24667155 -0.16780626 -0.40001169 234 88 12
-0.20570293 -0.13932955 -0.42547329 234 88 12
-0.12173455 -0.05409576 -0.46410858 234 88 12
-0.098451849 -0.029550347 -0.47307669 234 88 12
-0.066417099 0.0096497891 -0.48332519 234 88 12
-0.065291731 0.011201683 -0.4835848 234 88 12
-0.057529399 0.022254417 -0.48543067 234 88 12
0.033417132 0.19572181 -0.47944906 234 88 12
-0.28385178 -0.18462167 -0.37512462 234 88 12
-0.24606564 -0.16597843 -0.40262429 234 88 12
-0.18603738 -0.11832387 -0.4379617 234 88 12
-0.17681341 -0.10917105 -0.44279388 234 88 12
-0.14703391 -0.079043996 -0.45569391 234 88 12
-0.072802901 0.0050486958 -0.48247675 234 88 12
-0.24374193 -0.16301553 -0.40639744 234 88 12
-0.20580501 -0.13475426 -0.42914886 234 88 12
-0.18899389 -0.11859953 -0.43813247 234 88 12
-0.17846028 -0.10808992 -0.44351793 234 88 12
-0.17055309 -0.10037422 -0.44706882 234 88 12
-0.10829805 -0.033372102 -0.47151218 234 88 12
-0.062549119 0.023577639 -0.48558932 234 88 12
-0.004050605 0.11919289 -0.49207987 234 88 12
0.010112897 0.15003489 -0.48987428 234 88 12
-0.22799969 -0.15056592 -0.41848185 234 88 12
-0.21820897 -0.14302325 -0.42418704 234 88 12
-0.18665392 -0.11358673 -0.44092893 234 88 12
-0.17354196 -0.10054062 -0.44722087 234 88 12
-0.16195788 -0.088704054 -0.45227113 234 88 12
-0.14310472 -0.06843436 -0.45983544 234 88 12
-0.065607979 0.023411276 -0.48542868 234 88 12
-0.053556366 0.04078528 -0.48755742 234 88 12
0.028046775 0.1996649 -0.48186834 234 88 12
-0.26710514 -0.17309854 -0.39456478 234 88 12
-0.25359948 -0.16579051 -0.40404479 234 88 12
-0.18829014 -0.11252065 -0.44163902 234 88 12
-0.18439384 -0.10854864 -0.44364702 234 88 12
-0.16872866 -0.09285849 -0.45062855 234 88 12
-0.091653028 -0.0082340141 -0.47934293 234 88 12
-0.077466207 0.0109088 -0.48346591 234 88 12
-0.064364751 0.029617842 -0.48632508 234 88 12
-0.033130407 0.077028051 -0.4911757 234 88 12
-0.012444581 0.11340255 -0.49220942 234 88 12
0.011892047 0.16633328 -0.48892714 234 88 12
0.030422474 0.21103375 -0.47937025 234 88 12
-0.30283858 -0.18964908 -0.37090573 234 88 12
-0.27030937 -0.17345862 -0.39455073 234 88 12
-0.25672338 -0.16606181 -0.40395786 234 88 12
-0.21063115 -0.13182414 -0.43188813 234 88 12
-0.19927635 -0.12085472 -0.43772774 234 88 12
-0.11861647 -0.034882099 -0.47064306 234 88 12
-0.10277073 -0.017890961 -0.47646505 234 88 12
-0.093537485 -0.0068559863 -0.47954231 234 88 12
0.010763417 0.16976372 -0.48908505 234 88 12
0.039293193 0.25012611 -0.46417673 234 88 12
-0.22939622 -0.1452766 -0.42346975 234 88 12
-0.15695506 -0.074507284 -0.45774393 234 88 12
-0.12045575 -0.033686462 -0.47106451 234 88 12
-0.081394897 0.013777026 -0.4838287 234 88 12
-0.00071292313 0.14824726 -0.4916062 234 88 12
0.0073479978 0.16730163 -0.48991634 234 88 12
0.031217115 0.22379826 -0.47789249 234 88 12
-0.26674579 -0.16870877 -0.40149314 234 88 12
-0.20263443 -0.11882877 -0.43923503 234 88 12
-0.19462647 -0.11073069 -0.44308156 234 88 12
-0.12962051 -0.040349138 -0.4688285 234 88 12
-0.12595529 -0.03638457 -0.47008472 234 88 12
-0.10423499 -0.012477853 -0.47791005 234 88 12
-0.067139263 0.038734106 -0.48718434 234 88 12
0.0054412741 0.16877454 -0.49023689 234 88 12
-0.28826904 -0.17910386 -0.3888319 234 88 12
-0.26243783 -0.16466967 -0.40661848 234 88 12
-0.097089489 0.00027240636 -0.4809438 234 88 12
-0.085348297 0.016659165 -0.48409785 234 88 12
-0.29986656 -0.18403123 -0.38295062 234 88 12
-0.28513148 -0.17616496 -0.39341696 234 88 12
-0.21022971 -0.12095554 -0.43879334 234 88 12
-0.20333855 -0.11406332 -0.44199468 234 88 12
-0.19414728 -0.10458055 -0.44622861 234 88 12
-0.17477455 -0.084497135 -0.45447256 234 88 12
-0.082035246 0.025870491 -0.48533034 234 88 12
-0.053403202 0.068245429 -0.49020563 234 88 12
-0.29244375 -0.17894561 -0.3906348 234 88 12
-0.21614997 -0.12408525 -0.43754652 234 88 12
-0.21474203 -0.12270172 -0.43822853 234 88 12
-0.13271206 -0.034133523 -0.47077193 234 88 12
-0.13152099 -0.032804863 -0.47120254 234 88 12
-0.11708708 -0.016774277 -0.47647373 234 88 12
-0.10316838 0.00019610716 -0.4808408 234 88 12
-0.018118972 0.13409164 -0.49313149 234 88 12
-0.0034365935 0.16549097 -0.49190277 234 88 12
0.0013810662 0.17701109 -0.49077961 234 88 12
0.0084700405 0.19422254 -0.48839665 234 88 12
0.016144693 0.21119156 -0.48524907 234 88 12
-0.25962678 -0.15774254 -0.41512224 234 88 12
-0.22076934 -0.12578993 -0.43705261 234 88 12
-0.18734268 -0.091559538 -0.45198355 234 88 12
-0.16815501 -0.071264268 -0.45927769 234 88 12
-0.060662691 0.066378603 -0.48988979 234 88 12
-0.047484156 0.087311933 -0.49195334 234 88 12
-0.015637114 0.14448829 -0.49301651 234 88 12
-0.010358512 0.15566305 -0.49291488 234 88 12
-0.0078219516 0.1612723 -0.4925443 234 88 12
-0.27136259 -0.16373513 -0.40945053 234 88 12
-0.2497694 -0.14843239 -0.42327518 234 88 12
-0.14111903 -0.037212631 -0.46994349 234 88 12
-0.1081969 0.0015526031 -0.48098814 234 88 12
-0.092337027 0.024097567 -0.48481166 234 88 12
-0.025886065 0.13017686 -0.49333071 234 88 12
-0.15598769 -0.051006313 -0.46586516 234 88 12
-0.13821524 -0.030670716 -0.47189784 234 88 12
-0.12279604 -0.013005746 -0.47738629 234 88 12
-0.083862674 0.041119797 -0.48695253 234 88 12
-0.069024616 0.06307123 -0.48951634 234 88 12
-0.030809513 0.12652082 -0.49317167 234 88 12
-0.028005193 0.13171126 -0.49343224 234 88 12
0.033015272 0.28251785 -0.46162627 234 88 12
-0.20020313 -0.09644703 -0.45057929 234 88 12
-0.14005212 -0.029503168 -0.47224656 234 88 12
-0.10358003 0.01644068 -0.48354819 234 88 12
-0.097454239 0.025553981 -0.48493219 234 88 12
-0.083843823 0.045766847 -0.48747591 234 88 12
-0.062900983 0.077343977 -0.49080173 234 88 12
-0.050904077 0.096749446 -0.49254076 234 88 12
-0.048001059 0.10162192 -0.4926948 234 88 12
-0.039514947 0.11629894 -0.49314969 234 88 12
0.011481162 0.2221142 -0.48615292 234 88 12
0.019176322 0.23711818 -0.48308867 234 88 12
-0.25907326 -0.14940241 -0.42392986 234 88 12
-0.25139014 -0.14312492 -0.42829766 234 88 12
-0.24835267 -0.14049368 -0.43012491 234 88 12
-0.20197924 -0.095357005 -0.45125467 234 88 12
-0.19685809 -0.089859296 -0.45335211 234 88 12
-0.13133322 -0.016042999 -0.47666943 234 88 12
-0.12664649 -0.010435256 -0.47802852 234 88 12
-0.082778036 0.051969415 -0.48817349 234 88 12
-0.077488023 0.059748007 -0.48901953 234 88 12
-0.014916246 0.16928222 -0.49330797 234 88 12
-0.0056408112 0.1900282 -0.4914409 234 88 12
-0.0023161783 0.19750363 -0.49049349 234 88 12
0.0050824144 0.21438331 -0.48818021 234 88 12
-0.30089479 -0.17630072 -0.39936684 234 88 12
-0.14611804 -0.029842255 -0.47225411 234 88 12
-0.12405877 -0.0033545193 -0.47969093 234 88 12
-0.023986926 0.15585009 -0.49378397 234 88 12
2.9318546e-05 0.20823599 -0.48957854 234 88 12
-0.31924658 -0.18619296 -0.38962454 234 88 12
-0.26207166 -0.14756683 -0.42621585 234 88 12
-0.19285818 -0.079510665 -0.45750369 234 88 12
-0.16671918 -0.050338347 -0.46665308 234 88 12
-0.15380888 -0.035361141 -0.47082502 234 88 12
-0.15264334 -0.034035519 -0.47115876 234 88 12
-0.11937296 0.0071328101 -0.48182012 234 88 12
-0.0042853082 0.20397235 -0.49055373 234 88 12
-0.25605912 -0.14018074 -0.43144931 234 88 12
-0.19340063 -0.07700106 -0.45848967 234 88 12
-0.17823799 -0.060358605 -0.46366268 234 88 12
-0.11916191 0.011532545 -0.48241626 234 88 12
-0.016275016 0.18297352 -0.49295925 234 88 12
0.0050772387 0.22932727 -0.48766522 234 88 12
0.0060508007 0.23114893 -0.4873565 234 88 12
-0.29871215 -0.17042437 -0.40772295 234 88 12
-0.25913355 -0.14046805 -0.43156043 234 88 12
-0.032982362 0.15487025 -0.49415772 234 88 12
-0.028300806 0.16416188 -0.49425719 234 88 12
-0.022833318 0.17523089 -0.49383944 234 88 12
0.0032393339 0.23070007 -0.48804444 234 88 12
-0.29636688 -0.167063 -0.41152904 234 88 12
-0.27925177 -0.15463783 -0.42204937 234 88 12
-0.25922257 -0.13811387 -0.43333611 234 88 12
-0.23544372 -0.11498576 -0.44486814 234 88 12
-0.19335007 -0.070645671 -0.46079142 234 88 12
-0.064883894 0.10434962 -0.49275808 234 88 12
-0.051451445 0.12696962 -0.49360651 234 88 12
-0.043685561 0.14057511 -0.49398355 234 88 12
0.022445782 0.27523494 -0.47883217 234 88 12
-0.32301313 -0.18395221 -0.39670328 234 88 12
-0.2941873 -0.16370732 -0.41519589 234 88 12
-0.12968777 0.0095672135 -0.48186692 234 88 12
-0.12428494 0.017299693 -0.48302882 234 88 12
-0.11288386 0.034264239 -0.4851755 234 88 12
-0.087255979 0.073613385 -0.48970043 234 88 12
-0.070939398 0.099494481 -0.4924172 234 88 12
-0.015074163 0.20220323 -0.49225341 234 88 12
0.0075318707 0.24847735 -0.48662667 234 88 12
-0.32764597 -0.18562951 -0.39616889 234 88 12
-0.23101919 -0.10450939 -0.44945181 234 88 12
-0.21616018 -0.089069988 -0.45480423 234 88 12
-0.2044578 -0.076714609 -0.45893416 234 88 12
-0.093678513 0.068739389 -0.48915417 234 88 12
-0.089422118 0.075204336 -0.48975777 234 88 12
-0.087273466 0.07839398 -0.49011136 234 88 12
-0.033390824 0.17048735 -0.49461896 234 88 12
-0.01953894 0.19810168 -0.49293629 234 88 12
-0.31951392 -0.17909856 -0.40349098 234 88 12
-0.27747228 -0.14679448 -0.42912721 234 88 12
-0.22073167 -0.090791999 -0.45435821 234 88 12
-0.17287925 -0.037632868 -0.4705126 234 88 12
-0.16826898 -0.032175774 -0.47196253 234 88 12
-0.15024593 -0.010217514 -0.47778974 234 88 12
-0.10912907 0.049696882 -0.4867228 234 88 12
-0.097935475 0.067068293 -0.48879912 234 88 12
-0.031674615 0.17928785 -0.4943666 234 88 12
-0.024230235 0.19407145 -0.49348334 234 88 12
-0.0030723293 0.23811611 -0.48929466 234 88 12
0.0099516692 0.26263337 -0.48549029 234 88 12
-0.29488449 -0.15862048 -0.42121572 234 88 12
-0.28834142 -0.15339746 -0.42497358 234 88 12
-0.21465013 -0.081341354 -0.45771683 234 88 12
-0.11723292 0.041775652 -0.48551735 234 88 12
-0.11226858 0.049637474 -0.48655148 234 88 12
0.015680318 0.27984722 -0.48238639 234 88 12
-0.31634734 -0.17385571 -0.41021962 234 88 12
-0.24045699 -0.10541944 -0.4499717 234 88 12
-0.21522013 -0.078878742 -0.45862257 234 88 12
-0.16860749 -0.025669726 -0.47376581 234 88 12
-0.060986612 0.1361058 -0.49422094 234 88 12
-0.037560381 0.1786488 -0.4948568 234 88 12
-0.026297999 0.20068439 -0.49355081 234 88 12
-0.012023068 0.22974201 -0.49096448 234 88 12
0.018907306 0.29431542 -0.4784352 234 88 12
0.019664182 0.29665901 -0.47737763 234 88 12
0.022467992 0.30984324 -0.47109213 234 88 12
-0.31070256 -0.16781487 -0.4160552 234 88 12
-0.19322711 -0.051133287 -0.46722394 234 88 12
-0.12968319 0.032310047 -0.48424471 234 88 12
-0.12761108 0.03540298 -0.48455849 234 88 12
-0.10741724 0.066881065 -0.48832622 234 88 12
-0.095948335 0.084825722 -0.49028848 234 88 12
-0.074842391 0.11838311 -0.4933261 234 88 12
-0.061074477 0.1410085 -0.49437459 234 88 12
-0.0055955179 0.24801299 -0.4896292 234 88 12
0.017247804 0.295321 -0.47951829 234 88 12
-0.30221933 -0.15878012 -0.42348526 234 88 12
-0.29744341 -0.15472196 -0.42617155 234 88 12
-0.24662766 -0.10601652 -0.45050092 234 88 12
-0.23092519 -0.089194563 -0.45579307 234 88 12
-0.12979131 0.036899623 -0.48457719 234 88 12
-0.12773298 0.040001128 -0.48492913 234 88 12
-0.12071137 0.050958463 -0.48621042 234 88 12
-0.10234611 0.079970129 -0.48961289 234 88 12
-0.073006522 0.12622948 -0.4939711 234 88 12
-0.34513518 -0.19069474 -0.40012995 234 88 12
-0.26132377 -0.11880865 -0.44622255 234 88 12
-0.25872382 -0.1160307 -0.44728801 234 88 12
-0.23277813 -0.088122052 -0.45636676 234 88 12
-0.20556838 -0.058921478 -0.46541289 234 88 12
-0.17534785 -0.023263077 -0.47470324 234 88 12
-0.10344875 0.083220869 -0.48983652 234 88 12
-0.1002539 0.088129634 -0.49041616 234 88 12
-0.031390111 0.20699646 -0.49395143 234 88 12
-0.024821611 0.21942031 -0.49280785 234 88 12
0.020315447 0.32876452 -0.46576905 234 88 12
-0.31110617 -0.1627203 -0.42249861 234 88 12
-0.25655546 -0.11086746 -0.44958035 234 88 12
-0.24509107 -0.098283928 -0.45367713 234 88 12
-0.21113908 -0.062071802 -0.46458658 234 88 12
-0.16653828 -0.0081458687 -0.47805471 234 88 12
-0.086980406 0.11365237 -0.49285054 234 88 12
-0.058470252 0.16144588 -0.49523532 234 88 12
-0.013848216 0.24658946 -0.49103778 234 88 12
-0.37431324 -0.21119246 -0.39123999 234 88 12
-0.33681474 -0.18185642 -0.4089917 234 88 12
-0.32023718 -0.16888997 -0.41906681 234 88 12
-0.3031446 -0.15354597 -0.42934144 234 88 12
-0.20924262 -0.056700908 -0.46644137 234 88 12
-0.18389431 -0.026471727 -0.4739994 234 88 12
-0.18272418 -0.025060688 -0.47431174 234 88 12
-0.15490739 0.01287386 -0.48175113 234 88 12
-0.036296733 0.20816192 -0.49435259 234 88 12
-0.019461361 0.24056087 -0.49214032 234 88 12
-0.32937638 -0.1748979 -0.41570744 234 88 12
-0.31663635 -0.1639663 -0.42345943 234 88 12
-0.25868503 -0.10736889 -0.45170912 234 88 12
-0.14062771 0.039828344 -0.48459194 234 88 12
-0.087246979 0.12294918 -0.49341443 234 88 12
-0.063580675 0.16278482 -0.49545923 234 88 12
-0.041979103 0.20220884 -0.49470232 234 88 12
-0.025900879 0.23273811 -0.49283919 234 88 12
-0.022230182 0.2401068 -0.49248908 234 88 12
-0.016510361 0.25135639 -0.49137966 234 88 12
-0.22435818 -0.067224275 -0.46357097 234 88 12
-0.16010565 0.014140944 -0.48172035 234 88 12
-0.082518273 0.13551235 -0.49435512 234 88 12
-0.25214744 -0.094059132 -0.45627034 234 88 12
-0.23282992 -0.073106453 -0.46216667 234 88 12
-0.20028606 -0.035891228 -0.47222157 234 88 12
-0.17758819 -0.0071287919 -0.47824543 234 88 12
-0.11096335 0.096101109 -0.49066139 234 88 12
-0.025885991 0.2429309 -0.49285865 234 88 12
-0.014582397 0.26601554 -0.49099487 234 88 12
0.01515783 0.33599256 -0.47220029 234 88 12
-0.23076682 -0.067902123 -0.46373024 234 88 12
-0.18288521 -0.010073257 -0.47763462 234 88 12
-0.0067961983 0.28660361 -0.48940068 234 88 12
-0.0038722447 0.29221877 -0.48871041 234 88 12
0.0037313229 0.30739966 -0.48545308 234 88 12
-0.35868664 -0.19201078 -0.40881644 234 88 12
-0.31140437 -0.15075185 -0.43479508 234 88 12
-0.30851589 -0.1478664 -0.43632766 234 88 12
-0.27940343 -0.11854922 -0.44948891 234 88 12
-0.1893545 -0.014533109 -0.47670125 234 88 12
-0.11944155 0.092629013 -0.48990545 234 88 12
-0.068844293 0.17435313 -0.49578498 234 88 12
-0.039294027 0.22763053 -0.49405356 234 88 12
-0.020076962 0.26509919 -0.49181089 234 88 12
-0.003853486 0.29752205 -0.488615 234 88 12
-0.36317893 -0.19416742 -0.40897094 234 88 12
-0.347933 -0.1819419 -0.41583746 234 88 12
-0.29450613 -0.13156526 -0.44473274 234 88 12
-0.25365768 -0.086746397 -0.45910426 234 88 12
-0.20384453 -0.029385862 -0.47381275 234 88 12
-0.20269789 -0.027897629 -0.47412607 234 88 12
-0.19591138 -0.019096222 -0.47576395 234 88 12
-0.16740923 0.0216049 -0.48232183 234 88 12
-0.15172186 0.047621185 -0.48472209 234 88 12
-0.13538951 0.073048571 -0.48749224 234 88 12
-0.12907487 0.082754964 -0.48876877 234 88 12
-0.073905721 0.17056799 -0.49564989 234 88 12
0.010937002 0.33782548 -0.47650326 234 88 12
-0.35568285 -0.18665579 -0.41422454 234 88 12
-0.35233849 -0.18391984 -0.41583705 234 88 12
-0.33921774 -0.17349354 -0.422747 234 88 12
-0.26769029 -0.099553444 -0.45633997 234 88 12
-0.23122224 -0.059190072 -0.46659504 234 88 12
-0.18043872 0.005640009 -0.48016188 234 88 12
-0.12043574 0.10062234 -0.49072052 234 88 12
-0.10069651 0.13066147 -0.49371069 234 88 12
-0.047926457 0.22177687 -0.49493176 234 88 12
-0.020931123 0.2738916 -0.49189974 234 88 12
-0.26460845 -0.093062218 -0.45837072 234 88 12
-0.24587769 -0.072284803 -0.46345232 234 88 12
-0.17152577 0.024571037 -0.48244773 234 88 12
-0.15505207 0.052354002 -0.48503687 234 88 12
-0.15206908 0.057068649 -0.48547784 234 88 12
-0.13016209 0.090767076 -0.48934888 234 88 12
-0.12583348 0.09730694 -0.49013918 234 88 12
-0.087133203 0.15802333 -0.49519421 234 88 12
-0.07903526 0.17191743 -0.49569102 234 88 12
-0.066879929 0.19336857 -0.49613953 234 88 12
-0.32387155 -0.15494811 -0.43589471 234 88 12
-0.2250124 -0.045389979 -0.47057651 234 88 12
-0.21087949 -0.027218102 -0.47453789 234 88 12
-0.20526603 -0.019719434 -0.4757474 234 88 12
-0.18356779 0.010024082 -0.48057788 234 88 12
-0.16689568 0.037799671 -0.48367172 234 88 12
-0.14298308 0.076208971 -0.48745474 234 88 12
-0.11087263 0.12432669 -0.49309434 234 88 12
-0.086203434 0.16476842 -0.49550018 234 88 12
-0.050905871 0.22652199 -0.49511848 234 88 12
-0.37423514 -0.19737529 -0.41262049 234 88 12
-0.34732396 -0.17544687 -0.42442635 234 88 12
-0.29285145 -0.11916184 -0.45163241 234 88 12
-0.26930528 -0.092315644 -0.45938933 234 88 12
-0.19747204 -0.005034719 -0.4782536 234 88 12
-0.18464219 0.01304769 -0.48094074 234 88 12
-0.13771958 0.089038417 -0.48902909 234 88 12
-0.12901526 0.10201416 -0.49054447 234 88 12
-0.053863933 0.22630251 -0.4953782 234 88 12
-0.052907333 0.22805537 -0.49530214 234 88 12
-0.015351041 0.30124986 -0.49081381 234 88 12
0.0043169975 0.3412439 -0.48118475 234 88 12
0.0088550825 0.35956634 -0.47338112 234 88 12
-0.31434942 -0.14004656 -0.44450068 234 88 12
-0.30762852 -0.13268632 -0.44760976 234 88 12
-0.29711645 -0.12103963 -0.45159755 234 88 12
-0.22288837 -0.035508781 -0.47301602 234 88 12
-0.18884004 0.011454608 -0.48056683 234 88 12
-0.1554737 0.066619193 -0.48609974 234 88 12
-0.15040958 0.074620155 -0.48701446 234 88 12
-0.10603598 0.14154976 -0.49439314 234 88 12
-0.10407411 0.14478246 -0.49470468 234 88 12
-0.088310797 0.17142624 -0.49581836 234 88 12
-0.022875936 0.29138911 -0.49201056 234 88 12
-0.012426615 0.31189155 -0.49015291 234 88 12
-0.38340256 -0.20221332 -0.41304391 234 88 12
-0.31850097 -0.14220575 -0.44440342 234 88 12
-0.30525268 -0.12735864 -0.45017516 234 88 12
-0.29361574 -0.11424495 -0.45430574 234 88 12
-0.25316994 -0.068154553 -0.46564105 234 88 12
-0.25070165 -0.065364505 -0.46636085 234 88 12
-0.22606798 -0.035914354 -0.47307027 234 88 12
-0.22488944 -0.034358586 -0.47337556 234 88 12
-0.20591176 -0.0082455481 -0.477646 234 88 12
-0.17685245 0.035820157 -0.4832191 234 88 12
-0.15957133 0.065083544 -0.48584925 234 88 12
-0.13000546 0.10985744 -0.49140107 234 88 12
-0.12023416 0.12403817 -0.49290456 234 88 12
-0.065925706 0.21557521 -0.49615199 234 88 12
-0.062903001 0.22080023 -0.49614195 234 88 12
-0.036052071 0.26979298 -0.49371463 234 88 12
-0.030343282 0.28156066 -0.49316293 234 88 12
-0.40125519 -0.21645932 -0.40768556 234 88 12
-0.39933412 -0.21474357 -0.40855087 234 88 12
-0.35887333 -0.17992677 -0.42499689 234 88 12
-0.27817835 -0.093217129 -0.46061061 234 88 12
-0.025654976 0.2962977 -0.49236444 234 88 12
-0.38010784 -0.19626607 -0.41857125 234 88 12
-0.35516275 -0.17529892 -0.42874621 234 88 12
-0.26432358 -0.074516648 -0.46500803 234 88 12
-0.2265815 -0.028872989 -0.47460187 234 88 12
-0.18105834 0.039001017 -0.48352893 234 88 12
-0.11030501 0.14946071 -0.49484144 234 88 12
-0.060095236 0.23597559 -0.49590264 234 88 12
-0.051085682 0.25204426 -0.49521186 234 88 12
-5.9865895e-05 0.35211511 -0.48264973 234 88 12
-0.22630854 -0.024458987 -0.47545129 234 88 12
-0.19647619 0.019134189 -0.48121561 234 88 12
-0.12142763 0.13657738 -0.49418538 234 88 12
-0.12038604 0.13817845 -0.49428647 234 88 12
-0.026570722 0.30484071 -0.49243713 234 88 12
-0.015104609 0.32668167 -0.49050298 234 88 12
-0.012229578 0.33200483 -0.48975955 234 88 12
-0.29431752 -0.1027646 -0.45963558 234 88 12
-0.26914103 -0.07374534 -0.46589818 234 88 12
-0.24234318 -0.042063019 -0.47246959 234 88 12
-0.2217649 -0.013698921 -0.47698562 234 88 12
-0.096865384 0.18303238 -0.49633132 234 88 12
-0.071150543 0.22716062 -0.49664658 234 88 12
-0.022946073 0.31744443 -0.4919535 234 88 12
-0.013217576 0.33534244 -0.48989271 234 88 12
-0.41205528 -0.22046302 -0.41254434 234 88 12
-0.36504209 -0.17837747 -0.43035196 234 88 12
-0.29126374 -0.095955766 -0.46162362 234 88 12
-0.22933122 -0.020365148 -0.47610779 234 88 12
-0.22494599 -0.013951841 -0.4769909 234 88 12
-0.19779698 0.027179614 -0.48192652 234 88 12
-0.10302626 0.17768576 -0.49599246 234 88 12
-0.097035215 0.1881998 -0.49641961 234 88 12
-0.086670449 0.20598676 -0.49667219 234 88 12
-0.072216737 0.23045834 -0.49671681 234 88 12
-0.059984886 0.25109585 -0.495802 234 88 12
-0.36627557 -0.17759826 -0.43178744 234 88 12
-0.29904174 -0.10216549 -0.46065673 234 88 12
-0.27154121 -0.070152121 -0.46726288 234 88 12
-0.26785657 -0.066011462 -0.4680712 234 88 12
-0.26179726 -0.058918426 -0.46949094 234 88 12
-0.22707243 -0.01264054 -0.47713066 234 88 12
-0.17370191 0.071532226 -0.48618252 234 88 12
-0.17072536 0.076302535 -0.48673757 234 88 12
-0.10021367 0.18810679 -0.4962811 234 88 12
-0.083569409 0.21650729 -0.49703451 234 88 12
-0.052927233 0.26952895 -0.49539091 234 88 12
-0.39588934 -0.20240444 -0.42296442 234 88 12
-0.36444729 -0.17402141 -0.43442625 234 88 12
-0.2972428 -0.096702271 -0.46233233 234 88 12
-0.21250382 0.014279999 -0.47997946 234 88 12
-0.20225915 0.030471383 -0.482108 234 88 12
-0.10742737 0.1810404 -0.49594761 234 88 12
-0.09625201 0.20037726 -0.4964051 234 88 12
-0.052777576 0.27489604 -0.4952941 234 88 12
-0.038812628 0.30146352 -0.49383786 234 88 12
-0.014104789 0.34909286 -0.48921517 234 88 12
-0.35274399 -0.16063668 -0.44169202 234 88 12
-0.31961022 -0.1213041 -0.45673939 234 88 12
-0.28605597 -0.080126481 -0.46624339 234 88 12
-0.2727919 -0.06510435 -0.46879715 234 88 12
-0.24571557 -0.031000018 -0.47476855 234 88 12
-0.12301656 0.15900732 -0.49510312 234 88 12
-0.12205745 0.16069925 -0.49520183 234 88 12
-0.10862838 0.18445888 -0.49597407 234 88 12
-0.011983444 0.35811678 -0.48779021 234 88 12
-0.008101311 0.36625495 -0.48552349 234 88 12
-0.0037504846 0.37755177 -0.48199859 234 88 12
-0.40848839 -0.21092634 -0.42252083 234 88 12
-0.3598305 -0.16527788 -0.44039221 234 88 12
-0.21594749 0.019073412 -0.48026322 234 88 12
-0.19855381 0.047000428 -0.48349191 234 88 12
-0.19124394 0.058549104 -0.48480778 234 88 12
-0.1828526 0.071356408 -0.486066 234 88 12
-0.17775997 0.079342938 -0.48691226 234 88 12
-0.1585444 0.10889314 -0.49052145 234 88 12
-0.15540547 0.11354575 -0.49107157 234 88 12
-0.10472594 0.19667034 -0.49627693 234 88 12
-0.033142439 0.32311092 -0.49344013 234 88 12
-0.029455482 0.33044669 -0.49283579 234 88 12
-0.0062225623 0.37626832 -0.48368935 234 88 12
-0.4218837 -0.22165838 -0.42035906 234 88 12
-0.32059012 -0.11622146 -0.45912618 234 88 12
-0.30618933 -0.097941442 -0.46333961 234 88 12
-0.29796972 -0.087665961 -0.46555468 234 88 12
-0.28015912 -0.066848432 -0.46903792 234 88 12
-0.25542872 -0.03633989 -0.47424214 234 88 12
-0.2498206 -0.028422329 -0.47536052 234 88 12
-0.17265786 0.091832032 -0.48827482 234 88 12
-0.16458693 0.10423906 -0.48989747 234 88 12
-0.16154259 0.10885087 -0.4904702 234 88 12
-0.061786848 0.27401787 -0.49625853 234 88 12
-0.018752958 0.35568541 -0.49002865 234 88 12
-0.41393796 -0.2127149 -0.4248821 234 88 12
-0.30916276 -0.098374803 -0.46370567 234 88 12
-0.3033456 -0.090940261 -0.46539506 234 88 12
-0.2796177 -0.062910191 -0.47005515 234 88 12
-0.26543513 -0.04567039 -0.47271781 234 88 12
-0.2153531 0.030524144 -0.4812543 234 88 12
-0.16453373 0.10880218 -0.49044281 234 88 12
-0.13724596 0.15047485 -0.4946175 234 88 12
-0.12565138 0.17061102 -0.49566461 234 88 12
-0.12188431 0.17736307 -0.49579535 234 88 12
-0.057511271 0.28693535 -0.49569626 234 88 12
-0.021658003 0.35550902 -0.4907664 234 88 12
-0.4149471 -0.21193315 -0.42671096 234 88 12
-0.35126641 -0.14768872 -0.45020543 234 88 12
-0.33380365 -0.12623307 -0.45731172 234 88 12
-0.32524911 -0.11567426 -0.46029182 234 88 12
-0.26740381 -0.044398183 -0.47313141 234 88 12
-0.2650719 -0.04134566 -0.4736763 234 88 12
-0.24018523 -0.004419776 -0.47792994 234 88 12
-0.11637416 0.19289541 -0.4961098 234 88 12
-0.41942152 -0.21445006 -0.42743665 234 88 12
-0.39588316 -0.19117392 -0.43529957 234 88 12
-0.38640168 -0.18185824 -0.43850299 234 88 12
-0.30347833 -0.084371214 -0.46748134 234 88 12
-0.2882556 -0.065989507 -0.47036234 234 88 12
-0.27983835 -0.056243316 -0.47171722 234 88 12
-0.26039341 -0.03074181 -0.47547523 234 88 12
-0.21781951 0.037232111 -0.48177877 234 88 12
-0.19254033 0.076044219 -0.48619629 234 88 12
-0.1477677 0.14359485 -0.49389739 234 88 12
-0.13184983 0.1704947 -0.49565063 234 88 12
-0.08897097 0.24320665 -0.49768098 234 88 12
-0.063628759 0.28639888 -0.4962442 234 88 12
-0.041561797 0.3274343 -0.49417526 234 88 12
-0.025494237 0.35887189 -0.49131544 234 88 12
-0.017161708 0.37369538 -0.48874259 234 88 12
-0.0075059524 0.39450077 -0.48306924 234 88 12
-0.39236597 -0.18561481 -0.43845546 234 88 12
-0.34979989 -0.1394288 -0.4544009 234 88 12
-0.34231046 -0.13022214 -0.45722447 234 88 12
-0.32044911 -0.10279893 -0.46414568 234 88 12
-0.31000467 -0.089145001 -0.46709949 234 88 12
-0.25288184 -0.014823364 -0.4772309 234 88 12
-0.17871749 0.10097233 -0.48925463 234 88 12
-0.12272866 0.19275066 -0.49609418 234 88 12
-0.087991686 0.25002302 -0.49783373 234 88 12
-0.07746287 0.26758417 -0.49743304 234 88 12
-0.075324195 0.27128379 -0.4972889 234 88 12
-0.052225378 0.31226531 -0.49514608 234 88 12
-0.38195731 -0.17245642 -0.44365086 234 88 12
-0.332971 -0.11549179 -0.46178019 234 88 12
-0.31760998 -0.095607834 -0.46621749 234 88 12
-0.29212171 -0.063541928 -0.47140276 234 88 12
-0.2873214 -0.05792699 -0.47214806 234 88 12
-0.14197588 0.16362163 -0.49528608 234 88 12
-0.11369068 0.21383614 -0.49676346 234 88 12
-0.09118588 0.25001106 -0.49804406 234 88 12
-0.033191741 0.35497566 -0.49294148 234 88 12
-0.42583922 -0.21510568 -0.43219531 234 88 12
-0.40777887 -0.1965733 -0.4375132 234 88 12
-0.40618026 -0.19492649 -0.43807435 234 88 12
-0.39822601 -0.18689363 -0.44055795 234 88 12
-0.32526926 -0.10218655 -0.46535583 234 88 12
-0.30798122 -0.079525906 -0.46939101 234 88 12
-0.30340533 -0.073740514 -0.47043384 234 88 12
-0.25524651 -0.0085722961 -0.47795901 234 88 12
-0.17765089 0.11162105 -0.4906237 234 88 12
-0.13744273 0.17714992 -0.49592748 234 88 12
-0.13184098 0.18740457 -0.49608803 234 88 12
-0.12804454 0.1943568 -0.49617888 234 88 12
-0.062336757 0.30442682 -0.49613081 234 88 12
-0.055139695 0.31736159 -0.49537625 234 88 12
-0.41532505 -0.20249245 -0.43717066 234 88 12
-0.35014758 -0.12986671 -0.45892922 234 88 12
-0.29485 -0.059628096 -0.47253585 234 88 12
-0.27638032 -0.036165353 -0.47541773 234 88 12
-0.17767385 0.11618498 -0.49107957 234 88 12
-0.168483 0.13023158 -0.49226249 234 88 12
-0.16034942 0.14315555 -0.49350942 234 88 12
-0.13494445 0.18737244 -0.49618786 234 88 12
-0.41649399 -0.2015531 -0.43890512 234 88 12
-0.37592927 -0.15737269 -0.45109783 234 88 12
-0.358167 -0.13648896 -0.45766231 234 88 12
-0.34944771 -0.12567367 -0.46044631 234 88 12
-0.32089493 -0.089196667 -0.46882021 234 88 12
-0.31975711 -0.087654433 -0.46912963 234 88 12
-0.29329977 -0.054053985 -0.47343286 234 88 12
-0.26985933 -0.021933453 -0.47701343 234 88 12
-0.24079812 0.027147583 -0.48030108 234 88 12
-0.23673798 0.034056308 -0.48083306 234 88 12
-0.23257078 0.040734172 -0.4813705 234 88 12
-0.22631094 0.050700188 -0.48241338 234 88 12
-0.2102477 0.074681195 -0.4854547 234 88 12
-0.20484108 0.082494377 -0.48626737 234 88 12
-0.074957541 0.29271321 -0.49719758 234 88 12
-0.044411853 0.34880261 -0.49438046 234 88 12
-0.035906406 0.36572098 -0.49317058 234 88 12
-0.030727785 0.37486705 -0.4920095 234 88 12
-0.34140939 -0.1125619 -0.46415144 234 88 12
-0.31831549 -0.08199009 -0.47038989 234 88 12
-0.28501379 -0.039342544 -0.47530608 234 88 12
-0.21798688 0.068435711 -0.48432535 234 88 12
-0.20273413 0.090282166 -0.4873111 234 88 12
-0.10946206 0.24147977 -0.49775212 234 88 12
-0.080389211 0.28892088 -0.49770467 234 88 12
-0.077020452 0.29438711 -0.49728216 234 88 12
-0.041606052 0.3600199 -0.4939937 234 88 12
-0.032584943 0.37665779 -0.4923923 234 88 12
-0.40678729 -0.18621055 -0.44559949 234 88 12
-0.37426306 -0.14905355 -0.45498698 234 88 12
-0.36181087 -0.13409864 -0.45926702 234 88 12
-0.30783991 -0.064574147 -0.47288873 234 88 12
-0.22143811 0.068590852 -0.4840515 234 88 12
-0.17470026 0.13488696 -0.49224563 234 88 12
-0.41716025 -0.19513087 -0.44472181 234 88 12
-0.3143509 -0.069281579 -0.47237947 234 88 12
-0.23978101 0.045963751 -0.48143337 234 88 12
-0.21401621 0.084341323 -0.48600179 234 88 12
-0.21072743 0.088971331 -0.48653102 234 88 12
-0.19739873 0.10718386 -0.48921153 234 88 12
-0.39980083 -0.17266168 -0.4508669 234 88 12
-0.36675575 -0.13310932 -0.46042212 234 88 12
-0.35445964 -0.11791418 -0.46390867 234 88 12
-0.30967986 -0.059185034 -0.47375792 234 88 12
-0.21634815 0.085999989 -0.48599343 234 88 12
-0.19518988 0.11482831 -0.49003075 234 88 12
-0.16672073 0.15783233 -0.49396672 234 88 12
-0.14181478 0.20292259 -0.49614814 234 88 12
-0.13506521 0.21550975 -0.49644828 234 88 12
-0.11924093 0.24177448 -0.49739182 234 88 12
-0.098516501 0.27420763 -0.49855349 234 88 12
-0.085378646 0.2959591 -0.49797955 234 88 12
-0.049036187 0.36152046 -0.49475111 234 88 12
-0.025832308 0.40181761 -0.49150865 234 88 12
-0.42123496 -0.19480144 -0.44745595 234 88 12
-0.41832832 -0.19136289 -0.44821361 234 88 12
-0.41393062 -0.18633941 -0.44923382 234 88 12
-0.38090164 -0.1468927 -0.45735515 234 88 12
-0.37352609 -0.13784479 -0.45961 234 88 12
-0.31842751 -0.066907629 -0.47319454 234 88 12
-0.31511546 -0.062439604 -0.47365227 234 88 12
-0.31401696 -0.060955298 -0.47377078 234 88 12
-0.26739812 0.009069866 -0.47883455 234 88 12
-0.22304968 0.081428724 -0.48515192 234 88 12
-0.18965461 0.12709284 -0.49131883 234 88 12
-0.18102549 0.13965374 -0.49231117 234 88 12
-0.1698231 0.15772811 -0.49383348 234 88 12
-0.13417839 0.22265547 -0.49652154 234 88 12
-0.10714322 0.26568339 -0.49853977 234 88 12
-0.089637181 0.29410581 -0.49836162 234 88 12
-0.023096141 0.41076111 -0.49051461 234 88 12
-0.41678266 -0.1869293 -0.45034979 234 88 12
-0.39778871 -0.16405542 -0.45455978 234 88 12
-0.38637072 -0.15019169 -0.45732839 234 88 12
-0.34032827 -0.093192626 -0.46960309 234 88 12
-0.30935145 -0.050557769 -0.47483631 234 88 12
-0.2448824 0.054400446 -0.48163986 234 88 12
-0.23413112 0.070549327 -0.48354655 234 88 12
-0.21219884 0.10141796 -0.48792879 234 88 12
-0.20883525 0.10592915 -0.48844404 234 88 12
-0.20205676 0.11492561 -0.48957484 234 88 12
-0.10704891 0.27092907 -0.49866464 234 88 12
-0.048705384 0.37261983 -0.49503781 234 88 12
-0.047699764 0.37448162 -0.49491391 234 88 12
-0.036021931 0.39444748 -0.49386673 234 88 12
-0.026992024 0.40871102 -0.49194451 234 88 12
-0.37357277 -0.1308396 -0.4621203 234 88 12
-0.30140267 -0.035381842 -0.47611145 234 88 12
-0.27302711 0.01060831 -0.47876364 234 88 12
-0.25738486 0.038969453 -0.48040563 234 88 12
-0.24187444 0.064222912 -0.4824648 234 88 12
-0.21341317 0.10451812 -0.48811426 234 88 12
-0.20890934 0.11050285 -0.48877401 234 88 12
-0.19638306 0.12720825 -0.4911654 234 88 12
-0.18967938 0.13646511 -0.49189542 234 88 12
-0.16722833 0.17303007 -0.49462866 234 88 12
-0.15471288 0.1955628 -0.4957933 234 88 12
-0.11250873 0.26757716 -0.49842937 234 88 12
-0.056537584 0.36307785 -0.49558515 234 88 12
-0.022078542 0.42142155 -0.49037743 234 88 12
-0.020022628 0.42526248 -0.48949162 234 88 12
-0.019049334 0.42723121 -0.4890188 234 88 12
-0.39727287 -0.15701849 -0.45756738 234 88 12
-0.33757336 -0.081772833 -0.4719841 234 88 12
-0.26368704 0.033588111 -0.47991546 234 88 12
-0.23451561 0.080126845 -0.48427018 234 88 12
-0.21236785 0.11059714 -0.48858721 234 88 12
-0.15783764 0.19553538 -0.49569748 234 88 12
-0.12906922 0.247293 -0.49723728 234 88 12
-0.10682982 0.28151999 -0.49872601 234 88 12
-0.026991775 0.41735479 -0.49222572 234 88 12
-0.022647782 0.42479984 -0.490727 234 88 12
-0.36412246 -0.11206113 -0.46668563 234 88 12
-0.36289015 -0.1105946 -0.46693309 234 88 12
-0.33207263 -0.069877404 -0.47374076 234 88 12
-0.29752404 -0.019550504 -0.47729755 234 88 12
-0.25092267 0.061038043 -0.48176276 234 88 12
-0.24986633 0.062683918 -0.48191177 234 88 12
-0.24230527 0.073872202 -0.48324811 234 88 12
-0.24013528 0.077047735 -0.48370024 234 88 12
-0.23690453 0.081760743 -0.48430277 234 88 12
-0.17942342 0.16261266 -0.49364551 234 88 12
-0.1754452 0.16943687 -0.49400616 234 88 12
-0.16190976 0.19374003 -0.49549883 234 88 12
-0.13447878 0.24401434 -0.4971123 234 88 12
-0.059250047 0.36862726 -0.49607042 234 88 12
-0.38176664 -0.13016669 -0.46366917 234 88 12
-0.35998174 -0.10358574 -0.46865362 234 88 12
-0.34827911 -0.088651205 -0.47114661 234 88 12
-0.34713894 -0.087133165 -0.47145005 234 88 12
-0.34489008 -0.084092681 -0.47197699 234 88 12
-0.24578865 0.073924989 -0.48298361 234 88 12
-0.19873731 0.13822236 -0.49160412 234 88 12
-0.17765453 0.17113201 -0.49405718 234 88 12
-0.095445011 0.3102738 -0.49865259 234 88 12
-0.30751513 -0.024648349 -0.47685918 234 88 12
-0.29822808 -0.0098285539 -0.47774431 234 88 12
-0.20218052 0.13833882 -0.49153233 234 88 12
-0.17988167 0.17283769 -0.49412195 234 88 12
-0.17109702 0.18833548 -0.49501921 234 88 12
-0.15765445 0.21339469 -0.49585926 234 88 12
-0.079849019 0.3419268 -0.49713932 234 88 12
-0.42390575 -0.17864081 -0.45899569 234 88 12
-0.40883775 -0.15880376 -0.46112076 234 88 12
-0.34355115 -0.074033987 -0.47382703 234 88 12
-0.32778206 -0.050537474 -0.4757002 234 88 12
-0.31303738 -0.027968021 -0.47674178 234 88 12
-0.26613503 0.052465564 -0.48066531 234 88 12
-0.23531256 0.098746123 -0.48588919 234 88 12
-0.23306805 0.1017938 -0.48635914 234 88 12
-0.21246584 0.129115 -0.49038309 234 88 12
-0.21015518 0.13219909 -0.49075207 234 88 12
-0.14427598 0.24426643 -0.49688672 234 88 12
-0.12672167 0.27174016 -0.49822333 234 88 12
-0.11993888 0.28216605 -0.4989495 234 88 12
-0.02619242 0.43658168 -0.49219119 234 88 12
-0.39999124 -0.14322968 -0.46374706 234 88 12
-0.39099901 -0.13093214 -0.46527268 234 88 12
-0.38525279 -0.12352382 -0.46611776 234 88 12
-0.38289408 -0.12054528 -0.46656523 234 88 12
-0.33726332 -0.060454337 -0.47514542 234 88 12
-0.33101511 -0.0508338 -0.47576159 234 88 12
-0.32998315 -0.049239977 -0.4758446 234 88 12
-0.31228249 -0.021598065 -0.47684269 234 88 12
-0.30507312 -0.0099894093 -0.47759396 234 88 12
-0.27927345 0.03494172 -0.47954741 234 88 12
-0.22419827 0.11863432 -0.48857987 234 88 12
-0.149574 0.24075489 -0.4966828 234 88 12
-0.38957234 -0.12525562 -0.46634009 234 88 12
-0.37654973 -0.10890773 -0.46864425 234 88 12
-0.30855027 -0.010080106 -0.47745538 234 88 12
-0.29734194 0.0085743375 -0.47828821 234 88 12
-0.26678801 0.062542736 -0.48112638 234 88 12
-0.25526615 0.080423626 -0.48306761 234 88 12
-0.25093345 0.086667235 -0.48384876 234 88 12
-0.18873279 0.17451868 -0.49383847 234 88 12
-0.16526657 0.21685181 -0.49565706 234 88 12
-0.12088434 0.29134565 -0.49901294 234 88 12
-0.10285384 0.31952524 -0.49903603 234 88 12
-0.10061462 0.32311576 -0.49894721 234 88 12
-0.41854023 -0.16193311 -0.4640228 234 88 12
-0.40364252 -0.1408356 -0.46560397 234 88 12
-0.33141225 -0.041771682 -0.47606531 234 88 12
-0.30794929 -0.0033719516 -0.47758896 234 88 12
-0.30386088 0.0034605247 -0.4779566 234 88 12
-0.30183649 0.0068675741 -0.47807199 234 88 12
-0.25440101 0.0867088 -0.48355563 234 88 12
-0.17807848 0.19882841 -0.49500972 234 88 12
-0.13790698 0.27071938 -0.49769779 234 88 12
-0.12425172 0.29157101 -0.49885541 234 88 12
-0.11070101 0.31269443 -0.49951058 234 88 12
-0.10731366 0.3179275 -0.49936247 234 88 12
-0.10056369 0.32863212 -0.49899127 234 88 12
-0.049442228 0.41293067 -0.49838373 234 88 12
-0.34590023 -0.05979441 -0.47523215 234 88 12
-0.33778458 -0.046895954 -0.47594164 234 88 12
-0.32165404 -0.020307408 -0.47662475 234 88 12
-0.32062407 -0.018635089 -0.47662049 234 88 12
-0.31754519 -0.013587466 -0.47689749 234 88 12
-0.30736168 0.0034396871 -0.47780078 234 88 12
-0.29924898 0.01717001 -0.47838038 234 88 12
-0.24374704 0.10667762 -0.48583659 234 88 12
-0.20743181 0.15653792 -0.49206607 234 88 12
-0.19451192 0.17628649 -0.49347059 234 88 12
-0.37214216 -0.092076789 -0.47147988 234 88 12
-0.28277297 0.05208744 -0.48012587 234 88 12
-0.24832934 0.1052126 -0.48534909 234 88 12
-0.22461511 0.13767197 -0.48962231 234 88 12
-0.22230472 0.140752 -0.49004638 234 88 12
-0.19689336 0.17804891 -0.49333677 234 88 12
-0.19160491 0.18668752 -0.49384315 234 88 12
-0.15744764 0.2500007 -0.49626518 234 88 12
-0.13340593 0.28867672 -0.49821794 234 88 12
-0.1253688 0.3009643 -0.49883357 234 88 12
-0.088027919 0.36048936 -0.49853551 234 88 12
-0.041809462 0.43387337 -0.49706288 234 88 12
-0.26576145 0.085246283 -0.482711 234 88 12
-0.24198652 0.11929964 -0.48704182 234 88 12
-0.21011198 0.16338776 -0.49208298 234 88 12
-0.13687148 0.28901851 -0.49789678 234 88 12
-0.40593103 -0.12819513 -0.46929645 234 88 12
-0.40051371 -0.12047783 -0.46941041 234 88 12
-0.38464004 -0.099699179 -0.47081955 234 88 12
-0.37881757 -0.092433644 -0.47163726 234 88 12
-0.37422359 -0.08654349 -0.47232093 234 88 12
-0.36526656 -0.074401219 -0.47377444 234 88 12
-0.27947423 0.068918532 -0.48126498 234 88 12
-0.26913945 0.08526579 -0.48258804 234 88 12
-0.23417178 0.13496696 -0.48861632 234 88 12
-0.22613298 0.1458831 -0.48990391 234 88 12
-0.2016716 0.18161303 -0.4931312 234 88 12
-0.20060593 0.18330799 -0.49326416 234 88 12
-0.17838591 0.22233485 -0.49501082 234 88 12
-0.16971442 0.23899336 -0.49560387 234 88 12
-0.14373674 0.28405383 -0.49745624 234 88 12
-0.1322556 0.30162316 -0.49848224 234 88 12
-0.11748953 0.3239927 -0.49955983 234 88 12
-0.038846132 0.44805148 -0.49629615 234 88 12
-0.033546301 0.45733298 -0.49436703 234 88 12
-0.41725133 -0.14134703 -0.47010092 234 88 12
-0.36326977 -0.067026284 -0.47447596 234 88 12
-0.35500754 -0.054406633 -0.47535026 234 88 12
-0.3295883 -0.010632818 -0.4759629 234 88 12
-0.31436999 0.015543057 -0.47753072 234 88 12
-0.30408246 0.032962194 -0.4785557 234 88 12
-0.29493165 0.048431173 -0.47952081 234 88 12
-0.27561247 0.080471899 -0.4820441 234 88 12
-0.26403129 0.097801827 -0.48378545 234 88 12
-0.18750867 0.21144565 -0.49451754 234 88 12
-0.12770303 0.31401504 -0.49900597 234 88 12
-0.41602528 -0.13533599 -0.47101983 234 88 12
-0.40990895 -0.12578894 -0.47093311 234 88 12
-0.39691559 -0.10759438 -0.47081327 234 88 12
-0.33209813 -0.0090244356 -0.47575824 234 88 12
-0.29014096 0.061942936 -0.48042315 234 88 12
-0.2556759 0.1147426 -0.48552793 234 88 12
-0.24246579 0.13364616 -0.48776082 234 88 12
-0.18008518 0.23161329 -0.49492526 234 88 12
-0.17424795 0.24280657 -0.49534142 234 88 12
-0.15498277 0.2774203 -0.496687 234 88 12
-0.14037388 0.30057629 -0.49807311 234 88 12
-0.13805089 0.30404402 -0.49825744 234 88 12
-0.10458339 0.3544265 -0.50012903 234 88 12
-0.081567653 0.39123178 -0.5010281 234 88 12
-0.029987511 0.47411778 -0.493635 234 88 12
-0.40659604 -0.11684324 -0.4713725 234 88 12
-0.39904755 -0.10635561 -0.47134864 234 88 12
-0.34413909 -0.024892294 -0.47527346 234 88 12
-0.2864337 0.073741804 -0.48128565 234 88 12
-0.2771098 0.088489629 -0.48247458 234 88 12
-0.26126171 0.11172891 -0.48491959 234 88 12
-0.21998558 0.17055722 -0.49141567 234 88 12
-0.20141374 0.19921765 -0.49352438 234 88 12
-0.18925396 0.22058224 -0.49453917 234 88 12
-0.11499734 0.34366526 -0.50034447 234 88 12
-0.10912661 0.35260495 -0.5004698 234 88 12
-0.10440718 0.35986107 -0.50046156 234 88 12
-0.10088595 0.36541784 -0.50055318 234 88 12
-0.06195807 0.42649874 -0.50153817 234 88 12
-0.38889101 -0.088656548 -0.47253242 234 88 12
-0.35239218 -0.033736656 -0.47531179 234 88 12
-0.30424559 0.050114433 -0.47921811 234 88 12
-0.15186913 0.29415159 -0.49711712 234 88 12
-0.13473868 0.32019356 -0.49899931 234 88 12
-0.060485926 0.43343882 -0.5013758 234 88 12
-0.36070145 -0.042230096 -0.47540759 234 88 12
-0.34530557 -0.014683127 -0.47500789 234 88 12
-0.33469545 0.0048167863 -0.47563676 234 88 12
-0.3045383 0.05512518 -0.47949448 234 88 12
-0.286966 0.083599365 -0.48187909 234 88 12
-0.27342007 0.10420016 -0.48352866 234 88 12
-0.18323665 0.24485403 -0.4948168 234 88 12
-0.17026772 0.26898915 -0.49547119 234 88 12
-0.16513971 0.27803408 -0.49606065 234 88 12
-0.12775807 0.33552764 -0.50027953 234 88 12
-0.096951373 0.3816765 -0.50196087 234 88 12
-0.075371156 0.41570341 -0.50337299 234 88 12
-0.049494765 0.45395751 -0.49986674 234 88 12
-0.37741376 -0.063202224 -0.47465235 234 88 12
-0.3722013 -0.055347281 -0.47507953 234 88 12
-0.33222064 0.015641482 -0.47636798 234 88 12
-0.3038035 0.061781967 -0.48006889 234 88 12
-0.29446058 0.076834928 -0.48124932 234 88 12
-0.28928643 0.08520258 -0.48198832 234 88 12
-0.28203954 0.096456865 -0.48275777 234 88 12
-0.25355105 0.13904138 -0.48690917 234 88 12
-0.228647 0.17440889 -0.49059638 234 88 12
-0.18464618 0.24868666 -0.49478416 234 88 12
-0.17966402 0.25801547 -0.49511765 234 88 12
-0.15982423 0.29289875 -0.49660733 234 88 12
-0.14175212 0.32111162 -0.49876185 234 88 12
-0.11698622 0.35641504 -0.50162432 234 88 12
-0.39260293 -0.080093775 -0.47385565 234 88 12
-0.39153505 -0.078571086 -0.47389673 234 88 12
-0.38832511 -0.074038454 -0.47416048 234 88 12
-0.36766641 -0.042579418 -0.47529675 234 88 12
-0.34472935 -0.00068635345 -0.47491259 234 88 12
-0.33581369 0.015671279 -0.47615682 234 88 12
-0.31051488 0.056896919 -0.47940078 234 88 12
-0.29579023 0.080129143 -0.48150728 234 88 12
-0.29267247 0.085148657 -0.48196068 234 88 12
-0.25382362 0.14399736 -0.48707651 234 88 12
-0.19999404 0.22638667 -0.4941386 234 88 12
-0.19005963 0.24494951 -0.49447222 234 88 12
-0.14984632 0.31478407 -0.49808398 234 88 12
-0.094179993 0.39579139 -0.50370522 234 88 12
-0.067786657 0.43681074 -0.50324187 234 88 12
-0.3844468 -0.063446545 -0.47479484 234 88 12
-0.35288203 -0.0097436234 -0.47464979 234 88 12
-0.32373241 0.04198074 -0.47777415 234 88 12
-0.30235406 0.075105881 -0.48107669 234 88 12
-0.28464798 0.10282879 -0.4831031 234 88 12
-0.22352419 0.19318101 -0.4915263 234 88 12
-0.39526144 -0.07413504 -0.47451937 234 88 12
-0.33593708 0.028273251 -0.47656252 234 88 12
-0.32199296 0.050512026 -0.47842426 234 88 12
-0.3090316 0.07021922 -0.48046223 234 88 12
-0.30056939 0.083412243 -0.48170374 234 88 12
-0.26525247 0.13792106 -0.48585151 234 88 12
-0.22276433 0.20031668 -0.49176628 234 88 12
-0.22057807 0.2037955 -0.49209951 234 88 12
-0.2010239 0.23761389 -0.49415206 234 88 12
-0.10657676 0.38661961 -0.50429853 234 88 12
-0.10069864 0.39559047 -0.50462996 234 88 12
-0.40280012 -0.080369353 -0.47471657 234 88 12
-0.40075766 -0.077301229 -0.47466707 234 88 12
-0.38226846 -0.049305133 -0.47517558 234 88 12
-0.31806714 0.062230165 -0.47925101 234 88 12
-0.15101288 0.32973369 -0.4986128 234 88 12
-0.11598902 0.37779055 -0.50386744 234 88 12
-0.085998307 0.42441849 -0.50598369 234 88 12
-0.062720825 0.45655009 -0.50386849 234 88 12
-0.37191015 -0.02609988 -0.47457154 234 88 12
-0.31409534 0.073726075 -0.48032395 234 88 12
-0.27955296 0.12670176 -0.48433325 234 88 12
-0.23016188 0.20084845 -0.4907569 234 88 12
-0.21815191 0.22006994 -0.4927499 234 88 12
-0.090476591 0.42263129 -0.50655807 234 88 12
-0.410458 -0.082022596 -0.47582748 234 88 12
-0.31232264 0.081938522 -0.48097555 234 88 12
-0.30273077 0.096679433 -0.4822333 234 88 12
-0.26433747 0.15613739 -0.48617245 234 88 12
-0.21760192 0.22738698 -0.49278817 234 88 12
-0.2024344 0.25480257 -0.49386171 234 88 12
-0.19823911 0.26234936 -0.49403641 234 88 12
-0.19611604 0.26610044 -0.4941971 234 88 12
-0.18536939 0.28487563 -0.49460794 234 88 12
-0.18317369 0.28862372 -0.49482497 234 88 12
-0.069077589 0.45649727 -0.50550432 234 88 12
-0.41471889 -0.083669084 -0.47675025 234 88 12
-0.39108471 -0.046090354 -0.47517696 234 88 12
-0.37913566 -0.026236496 -0.47454873 234 88 12
-0.28350976 0.13180701 -0.48418487 234 88 12
-0.26899156 0.15471026 -0.48578766 234 88 12
-0.23885111 0.19976404 -0.48961875 234 88 12
-0.22121864 0.22772449 -0.49252006 234 88 12
-0.19749586 0.2699487 -0.49403892 234 88 12
-0.18221084 0.29634298 -0.49492315 234 88 12
-0.15536562 0.33945753 -0.49912398 234 88 12
-0.14104767 0.35857285 -0.50253676 234 88 12
-0.12259515 0.38361417 -0.50498397 234 88 12
-0.11061299 0.40119536 -0.50636397 234 88 12
-0.10949028 0.40297964 -0.50649543 234 88 12
-0.41600535 -0.080565586 -0.47723228 234 88 12
-0.40452102 -0.061739209 -0.47584272 234 88 12
-0.32182521 0.079102931 -0.47998714 234 88 12
-0.27363338 0.15324252 -0.4853859 234 88 12
-0.18779651 0.29278405 -0.4944412 234 88 12
-0.17895679 0.30802261 -0.49527085 234 88 12
-0.11396279 0.40132969 -0.50672509 234 88 12
-0.4079535 -0.061690326 -0.47622196 234 88 12
-0.32006158 0.087243652 -0.48076818 234 88 12
-0.27410553 0.15825573 -0.48538218 234 88 12
-0.25344203 0.18999349 -0.48754438 234 88 12
-0.22970967 0.22669212 -0.49157341 234 88 12
-0.19797934 0.28149614 -0.49382567 234 88 12
-0.16651593 0.33385029 -0.49748532 234 88 12
-0.10153635 0.42637134 -0.5084584 234 88 12
-0.32044409 0.092180943 -0.48098888 234 88 12
-0.26926992 0.17156013 -0.48588825 234 88 12
-0.25610282 0.19194826 -0.48726766 234 88 12
-0.2504278 0.20067104 -0.48810071 234 88 12
-0.23129454 0.23058188 -0.49149901 234 88 12
-0.21969227 0.25026566 -0.49287345 234 88 12
-0.13038675 0.38778266 -0.50586702 234 88 12
-0.11157293 0.41573692 -0.5082426 234 88 12
-0.086084197 0.45182632 -0.5089689 234 88 12
-0.4155607 -0.063159188 -0.47756012 234 88 12
-0.39184538 -0.022774042 -0.47425015 234 88 12
-0.38803541 -0.015919725 -0.47374025 234 88 12
-0.3673963 0.025357952 -0.4730062 234 88 12
-0.36037369 0.038249689 -0.47407419 234 88 12
-0.3319235 0.081294951 -0.47918256 234 88 12
-0.28849931 0.14716168 -0.48410405 234 88 12
-0.28548195 0.15213752 -0.48447231 234 88 12
-0.28132149 0.15862546 -0.48484351 234 88 12
-0.24183748 0.22031777 -0.4896785 234 88 12
-0.1983048 0.29336136 -0.49372954 234 88 12
-0.13129726 0.39149328 -0.50639489 234 88 12
-0.11148392 0.42110194 -0.50899159 234 88 12
-0.36003685 0.04543179 -0.47436364 234 88 12
-0.27865267 0.16858224 -0.48521239 234 88 12
-0.12507643 0.405542 -0.50805103 234 88 12
-0.10665589 0.43331163 -0.51012558 234 88 12
-0.41506126 -0.050116701 -0.47729969 234 88 12
-0.40501102 -0.032722888 -0.47521919 234 88 12
-0.36989977 0.03493969 -0.47287712 234 88 12
-0.33955552 0.081789719 -0.47856827 234 88 12
-0.32946596 0.095902639 -0.48041118 234 88 12
-0.28022704 0.17209515 -0.48512588 234 88 12
-0.14051304 0.38871957 -0.50606347 234 88 12
-0.10128827 0.44516625 -0.51083035 234 88 12
-0.38331764 0.015920988 -0.47185287 234 88 12
-0.3766605 0.029437067 -0.47210208 234 88 12
-0.36025707 0.057921625 -0.47492847 234 88 12
-0.34915966 0.074153227 -0.47694224 234 88 12
-0.33441069 0.094595063 -0.4798427 234 88 12
-0.27658426 0.18408714 -0.4856458 234 88 12
-0.23342069 0.25349124 -0.49167356 234 88 12
-0.20563637 0.29993371 -0.49341447 234 88 12
-0.19651162 0.31549586 -0.49395429 234 88 12
-0.17391054 0.34937859 -0.49815218 234 88 12
-0.16914667 0.3557335 -0.49967515 234 88 12
-0.36717477 0.053078443 -0.47406684 234 88 12
-0.34158881 0.090180351 -0.47886811 234 88 12
-0.33823876 0.094869101 -0.47948949 234 88 12
-0.30704026 0.14101762 -0.48329198 234 88 12
-0.29070375 0.16760642 -0.48449407 234 88 12
-0.28548957 0.17585593 -0.48486152 234 88 12
-0.26541203 0.20919744 -0.48646307 234 88 12
-0.23173758 0.26283291 -0.49220041 234 88 12
-0.2136998 0.29248212 -0.49321022 234 88 12
-0.20474649 0.30801952 -0.49347323 234 88 12
-0.16658391 0.36398508 -0.50147218 234 88 12
-0.16295186 0.36856855 -0.50238616 234 88 12
-0.15933763 0.37322924 -0.50335322 234 88 12
-0.36991912 0.055029103 -0.4739054 234 88 12
-0.36036554 0.070058544 -0.47556573 234 88 12
-0.35351158 0.079459381 -0.47678743 234 88 12
-0.33317693 0.10757779 -0.48074555 234 88 12
-0.30155088 0.15631379 -0.48370433 234 88 12
-0.29547111 0.1662219 -0.48430047 234 88 12
-0.28085968 0.18966061 -0.48537674 234 88 12
-0.25831802 0.22741957 -0.48767749 234 88 12
-0.2127841 0.30041283 -0.49318489 234 88 12
-0.20721907 0.31023913 -0.49340978 234 88 12
-0.20493508 0.31417899 -0.49352872 234 88 12
-0.14322687 0.39982498 -0.50745215 234 88 12
-0.29184255 0.17798437 -0.48453993 234 88 12
-0.20498889 0.32022716 -0.4936143 234 88 12
-0.18305862 0.35239848 -0.49742941 234 88 12
-0.42572775 -0.038402719 -0.47862083 234 88 12
-0.41228497 -0.012168629 -0.47412384 234 88 12
-0.40771008 -0.0031423426 -0.47297028 234 88 12
-0.39930747 0.01384483 -0.47137603 234 88 12
-0.39266822 0.027447643 -0.47086246 234 88 12
-0.35793062 0.084759231 -0.476512 234 88 12
-0.34208009 0.1065313 -0.47966069 234 88 12
-0.29768552 0.17488019 -0.48420838 234 88 12
-0.29348719 0.18160223 -0.48441327 234 88 12
-0.27587347 0.21176682 -0.48540836 234 88 12
-0.26293658 0.23371277 -0.48732257 234 88 12
-0.19295122 0.34444857 -0.49559957 234 88 12
-0.18022567 0.36080624 -0.49894694 234 88 12
-0.12460901 0.43514997 -0.51275968 234 88 12
-0.43043556 -0.041399442 -0.4801893 234 88 12
-0.42269608 -0.025621331 -0.47662622 234 88 12
-0.41594242 -0.012169647 -0.47432407 234 88 12
-0.40864444 0.0023791919 -0.47251563 234 88 12
-0.40488651 0.0099149281 -0.47163231 234 88 12
-0.39449002 0.031272078 -0.47078552 234 88 12
-0.3003912 0.17680669 -0.4840477 234 88 12
-0.29827803 0.18014045 -0.48414085 234 88 12
-0.26910427 0.23035263 -0.48637385 234 88 12
-0.26016517 0.24511162 -0.48828021 234 88 12
-0.22618969 0.29768638 -0.49256654 234 88 12
-0.20020349 0.33953061 -0.4944851 234 88 12
-0.35793673 0.096392466 -0.47714995 234 88 12
-0.29472522 0.19236621 -0.48424515 234 88 12
-0.26073959 0.25096945 -0.4883477 234 88 12
-0.1771196 0.37414706 -0.50157081 234 88 12
-0.14804328 0.41288937 -0.50917026 234 88 12
-0.42858684 -0.023909453 -0.47741842 234 88 12
-0.28820537 0.21057224 -0.48426712 234 88 12
-0.28615159 0.21428144 -0.48436068 234 88 12
-0.24713216 0.27833039 -0.49087377 234 88 12
-0.23749745 0.2929915 -0.49179848 234 88 12
-0.20371176 0.34549496 -0.4947631 234 88 12
-0.1695321 0.38876588 -0.50450439 234 88 12
-0.40674591 0.029004423 -0.47047641 234 88 12
-0.39575206 0.050035932 -0.4709674 234 88 12
-0.37040011 0.090790057 -0.47527208 234 88 12
-0.28486223 0.22388889 -0.48454575 234 88 12
-0.21699487 0.33110269 -0.49321798 234 88 12
-0.18924311 0.3688625 -0.49901201 234 88 12
-0.15848301 0.40872256 -0.50783629 234 88 12
-0.4162244 0.017258034 -0.47135951 234 88 12
-0.39026793 0.066393289 -0.47213897 234 88 12
-0.36765645 0.10046766 -0.47613251 234 88 12
-0.33556104 0.14647085 -0.48148821 234 88 12
-0.33133128 0.15300218 -0.48192026 234 88 12
-0.33028086 0.15461914 -0.48198105 234 88 12
-0.31024708 0.18624467 -0.48332877 234 88 12
-0.30818753 0.18965676 -0.48336229 234 88 12
-0.29170551 0.21849941 -0.48392224 234 88 12
-0.27935765 0.2410654 -0.48532165 234 88 12
-0.26603142 0.26337882 -0.48800546 234 88 12
-0.2454447 0.29390789 -0.49114755 234 88 12
-0.2404621 0.30136012 -0.49150152 234 88 12
-0.22551654 0.32383231 -0.49260482 234 88 12
-0.38147815 0.086626424 -0.47365818 234 88 12
-0.34378937 0.1402839 -0.48055211 234 88 12
-0.3172411 0.18148456 -0.48297783 234 88 12
-0.29551728 0.21875465 -0.48364689 234 88 12
-0.28737976 0.23383655 -0.48434065 234 88 12
-0.28111052 0.24514928 -0.4852601 234 88 12
-0.15632836 0.42074835 -0.50993982 234 88 12
-0.4318606 -0.0017746203 -0.47525949 234 88 12
-0.42605056 0.011241192 -0.4727672 234 88 12
-0.42082526 0.022740048 -0.47121441 234 88 12
-0.41703111 0.030448279 -0.4704739 234 88 12
-0.37783979 0.097910667 -0.47456545 234 88 12
-0.37453159 0.10267281 -0.47519103 234 88 12
-0.36219261 0.11989904 -0.47758552 234 88 12
-0.35230501 0.13429983 -0.47951637 234 88 12
-0.32541179 0.17495453 -0.48238892 234 88 12
-0.30749924 0.20422386 -0.48315196 234 88 12
-0.27742894 0.25871544 -0.48643747 234 88 12
-0.27405722 0.26433803 -0.48704669 234 88 12
-0.26352434 0.2806682 -0.48887842 234 88 12
-0.21800209 0.34644883 -0.4939085 234 88 12
-0.18308804 0.3905889 -0.50307133 234 88 12
-0.37295056 0.11092307 -0.47579752 234 88 12
-0.35859151 0.13152332 -0.47856798 234 88 12
-0.34323137 0.15401469 -0.48067937 234 88 12
-0.33466487 0.1669847 -0.48159925 234 88 12
-0.29509654 0.23447397 -0.4836821 234 88 12
-0.27808173 0.2647599 -0.48660172 234 88 12
-0.19315444 0.38312329 -0.50088778 234 88 12
-0.16553905 0.41824323 -0.50887741 234 88 12
-0.42534125 0.028147153 -0.47119022 234 88 12
-0.41361362 0.051169189 -0.47040671 234 88 12
-0.40654088 0.064397524 -0.47081976 234 88 12
-0.40245432 0.071676755 -0.47127524 234 88 12
-0.39729092 0.080409033 -0.47188765 234 88 12
-0.37255461 0.11760089 -0.47608402 234 88 12
-0.35828589 0.13839684 -0.47883705 234 88 12
-0.33651268 0.17058652 -0.48140539 234 88 12
-0.29896927 0.2348103 -0.48333502 234 88 12
-0.27983524 0.26897067 -0.48656243 234 88 12
-0.40626901 0.071589663 -0.4710575 234 88 12
-0.36667564 0.13238831 -0.47748651 234 88 12
-0.33406226 0.18097166 -0.48182535 234 88 12
-0.33191902 0.18433285 -0.48197847 234 88 12
-0.31608538 0.21063237 -0.4825633 234 88 12
-0.30490404 0.23135266 -0.48285889 234 88 12
-0.29357135 0.25223598 -0.48411022 234 88 12
-0.26985384 0.29146508 -0.48872076 234 88 12
-0.25960056 0.30576321 -0.49029357 234 88 12
-0.24605118 0.32393319 -0.49175792 234 88 12
-0.19923341 0.3855001 -0.50051898 234 88 12
-0.18217472 0.40623793 -0.50538257 234 88 12
-0.41011443 0.071453428 -0.47089259 234 88 12
-0.34678367 0.16816724 -0.48033673 234 88 12
-0.32420907 0.2036502 -0.48211378 234 88 12
-0.27397986 0.29211152 -0.48823527 234 88 12
-0.25843164 0.3136348 -0.49074439 234 88 12
-0.1882765 0.40338401 -0.50427529 234 88 12
-0.44258047 0.010344886 -0.47610518 234 88 12
-0.38563348 0.11720667 -0.47430983 234 88 12
-0.31168909 0.23390018 -0.48222387 234 88 12
-0.23350727 0.35107165 -0.49403684 234 88 12
-0.23218299 0.35276388 -0.4942163 234 88 12
-0.21687054 0.37299241 -0.49751298 234 88 12
-0.42594864 0.056082388 -0.47059872 234 88 12
-0.39708333 0.10592914 -0.47254386 234 88 12
-0.36273177 0.15788908 -0.47835488 234 88 12
-0.34079057 0.19046501 -0.4811003 234 88 12
-0.2598788 0.32375762 -0.4909408 234 88 12
-0.24550233 0.34118752 -0.49257364 234 88 12
-0.19962924 0.39942147 -0.50258273 234 88 12
-0.19416687 0.4057508 -0.50408667 234 88 12
-0.18745836 0.4136196 -0.50628875 234 88 12
-0.40527678 0.099514605 -0.47157395 234 88 12
-0.38933319 0.12441039 -0.4740133 234 88 12
-0.33622441 0.20462167 -0.48093102 234 88 12
-0.2908641 0.28650048 -0.48595749 234 88 12
-0.2597221 0.32963444 -0.49107693 234 88 12
-0.19238899 0.41242179 -0.50552105 234 88 12
-0.39015473 0.12969579 -0.4740807 234 88 12
-0.36778505 0.16379292 -0.47752292 234 88 12
-0.36010469 0.17502957 -0.47854379 234 88 12
-0.35571673 0.18138252 -0.4788081 234 88 12
-0.34029497 0.20504754 -0.48047756 234 88 12
-0.33709507 0.21046108 -0.48060375 234 88 12
-0.31837974 0.24467108 -0.48142319 234 88 12
-0.29938274 0.27937532 -0.48469522 234 88 12
-0.27786272 0.31253733 -0.4887194 234 88 12
-0.2449635 0.35231403 -0.49361054 234 88 12
-0.22521823 0.37713886 -0.49744453 234 88 12
-0.21099778 0.39530615 -0.50091569 234 88 12
-0.19883106 0.40971901 -0.50431556 234 88 12
-0.40465067 0.11338456 -0.47190453 234 88 12
-0.38565148 0.14323811 -0.47479425 234 88 12
-0.35991509 0.1819746 -0.47815937 234 88 12
-0.35548471 0.18854068 -0.47880993 234 88 12
-0.34225321 0.20905529 -0.47998712 234 88 12
-0.32852474 0.23344151 -0.48031056 234 88 12
-0.32129164 0.24701537 -0.48099241 234 88 12
-0.19836832 0.41478751 -0.50541271 234 88 12
-0.19412991 0.41930944 -0.50686954 234 88 12
-0.43784804 0.061083309 -0.47118463 234 88 12
-0.43692009 0.062975986 -0.47104523 234 88 12
-0.43001471 0.076194459 -0.47087695 234 88 12
-0.3325645 0.23390216 -0.47978297 234 88 12
-0.32942341 0.23968621 -0.48002454 234 88 12
-0.31054201 0.27459539 -0.48267114 234 88 12
-0.24578774 0.36155284 -0.4941756 234 88 12
-0.21039941 0.40578463 -0.50258112 234 88 12
-0.19639317 0.42118448 -0.50713245 234 88 12
-0.34732783 0.21547178 -0.47893411 234 88 12
-0.26142918 0.34909303 -0.49186474 234 88 12
-0.21808465 0.40127857 -0.50111008 234 88 12
-0.40188902 0.1380514 -0.47258652 234 88 12
-0.39047456 0.15623454 -0.4744242 234 88 12
-0.3810696 0.17081544 -0.47519704 234 88 12
-0.37894292 0.17406081 -0.47540996 234 88 12
-0.36371661 0.19692773 -0.4769551 234 88 12
-0.35369585 0.2124011 -0.47801647 234 88 12
-0.34397848 0.22917698 -0.47868141 234 88 12
-0.31307058 0.28524653 -0.48266764 234 88 12
-0.39759781 0.15180431 -0.47326246 234 88 12
-0.35571908 0.21653299 -0.47740992 234 88 12
-0.32778321 0.26629214 -0.48004573 234 88 12
-0.22689846 0.40041312 -0.50030369 234 88 12
-0.45349122 0.05506932 -0.47376152 234 88 12
-0.3644899 0.21007997 -0.47602318 234 88 12
-0.35444098 0.22630464 -0.47694185 234 88 12
-0.34904903 0.23580512 -0.47738615 234 88 12
-0.34358903 0.24541689 -0.47780082 234 88 12
-0.34034779 0.25120522 -0.47810093 234 88 12
-0.31424894 0.29796819 -0.48296937 234 88 12
-0.29272255 0.32899508 -0.48753403 234 88 12
-0.4250121 0.12025398 -0.47023947 234 88 12
-0.41680877 0.1341871 -0.47078308 234 88 12
-0.39831034 0.16432855 -0.47306508 234 88 12
-0.42273202 0.1310778 -0.47018815 234 88 12
-0.40845299 0.15490388 -0.47176251 234 88 12
-0.36632397 0.22202883 -0.47459458 234 88 12
-0.35636557 0.23886783 -0.47578379 234 88 12
-0.32925804 0.2875662 -0.48008725 234 88 12
-0.4103491 0.15872891 -0.47149103 234 88 12
-0.33226352 0.29018695 -0.47966654 234 88 12
-0.41121395 0.17143587 -0.4711195 234 88 12
-0.40022194 0.18962261 -0.47116634 234 88 12
-0.38588794 0.21357844 -0.47086199 234 88 12
-0.26910969 0.38151602 -0.49402343 234 88 12
-0.25786584 0.39387506 -0.49679829 234 88 12
-0.42418815 0.15671216 -0.47001338 234 88 12
-0.41322679 0.1752345 -0.47073609 234 88 12
-0.28493397 0.36944474 -0.49135218 234 88 12
-0.26175719 0.39447513 -0.49647972 234 88 12
-0.23031562 0.42691229 -0.50654755 234 88 12
-0.44658405 0.12316628 -0.47012044 234 88 12
-0.43909527 0.13790464 -0.46930391 234 88 12
-0.43320832 0.14856135 -0.46933628 234 88 12
-0.42217114 0.16736553 -0.46994695 234 88 12
-0.3890715 0.22396602 -0.46897689 234 88 12
-0.26989955 0.39061089 -0.4950315 234 88 12
-0.26848004 0.39214748 -0.49540652 234 88 12
-0.43812424 0.14711017 -0.46902535 234 88 12
-0.43418682 0.15413067 -0.46912053 234 88 12
-0.38569473 0.23746008 -0.46828378 234 88 12
-0.37198836 0.260207 -0.4709759 234 88 12
-0.33327566 0.32458332 -0.48061589 234 88 12
-0.26821596 0.3973631 -0.49622108 234 88 12
-0.4520198 0.12708955 -0.47014899 234 88 12
-0.44486421 0.1419737 -0.46905043 234 88 12
-0.44205972 0.14738462 -0.46885334 234 88 12
-0.35259976 0.30195224 -0.47577217 234 88 12
-0.33336387 0.33086452 -0.4810247 234 88 12
-0.33053351 0.3343656 -0.48188042 234 88 12
-0.27657171 0.39365801 -0.49463156 234 88 12
-0.43330236 0.17058414 -0.46874013 234 88 12
-0.4099703 0.21151835 -0.4670915 234 88 12
-0.37486301 0.27133624 -0.46964632 234 88 12
-0.40917337 0.22101168 -0.46569237 234 88 12
-0.37008854 0.28761934 -0.47090627 234 88 12
-0.32003744 0.35716821 -0.48553827 234 88 12
-0.30696119 0.37151948 -0.48872612 234 88 12
-0.44327928 0.16785796 -0.4681104 234 88 12
-0.42493124 0.20060171 -0.46711025 234 88 12
-0.41039649 0.22714674 -0.46450704 234 88 12
-0.33145042 0.3501521 -0.4830618 234 88 12
-0.32416988 0.35802654 -0.48489997 234 88 12
-0.43779201 0.1857068 -0.46777196 234 88 12
-0.4291163 0.20116854 -0.46678819 234 88 12
-0.37393064 0.29692354 -0.47009228 234 88 12
-0.36690326 0.30868795 -0.47255841 234 88 12
-0.337065 0.3493782 -0.48194079 234 88 12
-0.31224254 0.37627184 -0.48830287 234 88 12
-0.42471596 0.21751076 -0.46440006 234 88 12
-0.41178222 0.2415133 -0.46229887 234 88 12
-0.40296446 0.25714652 -0.46253962 234 88 12
-0.27224571 0.41946812 -0.50135329 234 88 12
-0.46640669 0.14207673 -0.47074268 234 88 12
-0.39310753 0.28094484 -0.46436033 234 88 12
-0.37158346 0.31590628 -0.47174378 234 88 12
-0.3679022 0.32175749 -0.47317831 234 88 12
-0.41943368 0.24469345 -0.46059811 234 88 12
-0.41291961 0.25635314 -0.46052181 234 88 12
-0.3781605 0.31269783 -0.46991324 234 88 12
-0.35698957 0.34311366 -0.47709052 234 88 12
-0.2907715 0.41167016 -0.49664561 234 88 12
-0.41273642 0.26489013 -0.45976454 234 88 12
-0.41159493 0.26689853 -0.45983006 234 88 12
-0.39446728 0.29408163 -0.46426284 234 88 12
-0.38536376 0.31605885 -0.46826213 234 88 12
-0.37117384 0.33706507 -0.47378442 234 88 12
-0.31604294 0.39706413 -0.49021608 234 88 12
-0.4613511 0.19003787 -0.46665228 234 88 12
-0.44441962 0.22442077 -0.461852 234 88 12
-0.4415237 0.2298964 -0.46093741 234 88 12
-0.40690589 0.28972316 -0.46060513 234 88 12
-0.39457335 0.30921529 -0.46516172 234 88 12
-0.35779352 0.35912642 -0.47863552 234 88 12
-0.34290194 0.37511906 -0.48304585 234 88 12
-0.4660258 0.18838415 -0.46701188 234 88 12
-0.45512843 0.21228051 -0.46410364 234 88 12
-0.44591055 0.23054253 -0.46062132 234 88 12
-0.44100425 0.239557 -0.4589816 234 88 12
-0.42613176 0.2666002 -0.45695281 234 88 12
-0.42017636 0.2766408 -0.45734348 234 88 12
-0.32573674 0.39702046 -0.4889154 234 88 12
-0.32088763 0.40131986 -0.49042155 234 88 12
-0.4609988 0.20912205 -0.46466556 234 88 12
-0.37840247 0.34644045 -0.47309559 234 88 12
-0.351316 0.3769767 -0.48176345 234 88 12
-0.33781649 0.39061579 -0.48598592 234 88 12
-0.47351251 0.18860342 -0.46742161 234 88 12
-0.4537015 0.23358155 -0.45974294 234 88 12
-0.44068237 0.25800076 -0.45573456 234 88 12
-0.41648456 0.29786806 -0.45813429 234 88 12
-0.38957519 0.33776712 -0.46928502 234 88 12
-0.37842807 0.35261879 -0.47349014 234 88 12
-0.46986029 0.20801638 -0.46494875 234 88 12
-0.44719745 0.25470452 -0.45563363 234 88 12
-0.43372174 0.27842158 -0.45454705 234 88 12
-0.40175344 0.3273998 -0.46483296 234 88 12
-0.39393637 0.33848597 -0.46822682 234 88 12
-0.47371965 0.20829999 -0.46513201 234 88 12
-0.472982 0.21020395 -0.46480159 234 88 12
-0.46917109 0.21963351 -0.46328265 234 88 12
-0.45265663 0.25342857 -0.45554799 234 88 12
-0.42167357 0.30536817 -0.4570179 234 88 12
-0.40921558 0.33080884 -0.46298993 234 88 12
-0.39317469 0.35287046 -0.46997405 234 88 12
-0.45845337 0.26052137 -0.45414998 234 88 12
-0.41096758 0.33520722 -0.4630134 234 88 12
-0.38892956 0.36461435 -0.47209302 234 88 12
-0.38430589 0.36998489 -0.47358758 234 88 12
-0.48464667 0.20861141 -0.4663497 234 88 12
-0.41929893 0.33042539 -0.45996832 234 88 12
-0.47876707 0.23632199 -0.460787 234 88 12
-0.47553308 0.24415259 -0.45863425 234 88 12
-0.46643064 0.27200951 -0.45226899 234 88 12
-0.36539664 0.40331726 -0.48344801 234 88 12
-0.49138811 0.22055041 -0.4658386 234 88 12
-0.46304163 0.28653087 -0.450372 234 88 12
-0.42174936 0.34684423 -0.46158582 234 88 12
-0.40987343 0.36327056 -0.46694924 234 88 12
-0.40275047 0.37239851 -0.46987421 234 88 12
-0.42339822 0.35104724 -0.46174196 234 88 12
-0.37082361 0.40743852 -0.48373128 234 88 12
-0.49162777 0.24311773 -0.46136593 234 88 12
-0.46080655 0.3060587 -0.44905332 234 88 12
-0.45277047 0.31837551 -0.45030156 234 88 12
-0.4823699 0.2757943 -0.45232023 234 88 12
-0.47609575 0.28798808 -0.44988158 234 88 12
-0.45990577 0.31469847 -0.44899322 234 88 12
-0.47210799 0.30271382 -0.44832594 234 88 12
-0.47084782 0.30475595 -0.44821179 234 88 12
-0.42059533 0.37431076 -0.46626384 234 88 12
-0.48005929 0.2969633 -0.4487788 234 88 12
-0.42614055 0.37293114 -0.46468798 234 88 12
-0.4207509 0.38006214 -0.46732878 234 88 12
-0.47559207 0.31163235 -0.44745585 234 88 12
-0.47152906 0.31773123 -0.44761751 234 88 12
-0.46450155 0.32789694 -0.44885099 234 88 12
-0.50062714 0.270919 -0.45615548 234 88 12
-0.49258336 0.2893669 -0.45077295 234 88 12
-0.4501707 0.35253859 -0.4549426 234 88 12
-0.43712539 0.37037485 -0.46144684 234 88 12
-0.49123424 0.2999439 -0.44900976 234 88 12
-0.45300412 0.35484364 -0.45471636 234 88 12
-0.44254959 0.36918499 -0.45985988 234 88 12
-0.42488886 0.39160772 -0.46906766 234 88 12
-0.50223426 0.28581036 -0.4531477 234 88 12
-0.49184533 0.30635762 -0.44829859 234 88 12
-0.47880166 0.3268605 -0.44726726 234 88 12
-0.44443958 0.37897058 -0.46143769 234 88 12
-0.48580933 0.32938946 -0.44706143 234 88 12
-0.48146062 0.33533825 -0.44762847 234 88 12
-0.47999103 0.33730634 -0.44788846 234 88 12
-0.50266583 0.31495451 -0.4487838 234 88 12
-0.46821278 0.36406466 -0.45348897 234 88 12
-0.47490145 0.36055807 -0.45188724 234 88 12
-0.4694955 0.36796216 -0.45424252 234 88 12
-0.51005318 0.32064475 -0.4499889 234 88 12
-0.47069713 0.37729819 -0.45660504 234 88 12
-0.49478075 0.35485712 -0.45050254 234 88 12
-0.47048222 0.38810801 -0.4599208 234 88 12
-0.50279242 0.34853608 -0.45025302 234 88 12
-0.47813204 0.38281849 -0.45789685 234 88 12
-0.49387828 0.36633612 -0.45299461 234 88 12
-0.4842752 0.38458251 -0.45830826 234 88 12
-0.50361721 0.38237497 -0.45912638 234 88 12
0.053120099 0.12736444 -0.28725236 234 88 12
-0.090148825 0.029723105 -0.29301007 234 88 12
-0.092789744 0.046170908 -0.29385213 234 88 12
-0.10303994 0.16707422 -0.28693161 234 88 12
-0.1155205 0.14269139 -0.28693495 234 88 12
-0.11848283 0.13724243 -0.28698999 234 88 12
-0.15527747 0.09509078 -0.28751589 234 88 12
-0.18108398 0.068597969 -0.28517673 234 88 12
-0.13916337 0.12652493 -0.28721218 234 88 12
-0.15684129 0.10263904 -0.28742537 234 88 12
-0.20826726 0.047778172 -0.2831491 234 88 12
-0.2140685 0.040122687 -0.28306643 234 88 12
-0.12215384 0.17044178 -0.28664304 234 88 12
-0.13778268 0.14171479 -0.28661633 234 88 12
-0.17035326 0.096674536 -0.2865589 234 88 12
-0.17744063 0.089420708 -0.2861045 234 88 12
-0.23007365 0.024457404 -0.28222072 234 88 12
-0.22807161 0.037388391 -0.28258203 234 88 12
-0.24409407 0.0093975566 -0.28153993 234 88 12
-0.15444325 0.13565247 -0.28676837 234 88 12
-0.19764575 0.082648689 -0.28442302 234 88 12
-0.21722728 0.059941312 -0.28319132 234 88 12
-0.24534289 0.017372395 -0.28224827 234 88 12
-0.25403474 0.003706697 -0.2817359 234 88 12
-0.13145976 0.19162741 -0.28706266 234 88 12
-0.2109152 0.076328298 -0.28429507 234 88 12
-0.17773434 0.12764542 -0.28758109 234 88 12
-0.21974698 0.076655308 -0.2848149 234 88 12
-0.17235626 0.1866933 -0.2817875 234 88 12
-0.1806498 0.1755605 -0.28146738 234 88 12
-0.21864227 0.12076932 -0.27907668 234 88 12
-0.15921209 0.21207326 -0.28275833 234 88 12
-0.20933266 0.14174643 -0.27961378 234 88 12
-0.22186821 0.12299452 -0.27906004 234 88 12
-0.17003221 0.20242006 -0.28309897 234 88 12
-0.23219146 0.11372659 -0.27953952 234 88 12
-0.25604341 0.084532487 -0.27872231 234 88 12
-0.14814705 0.24361575 -0.28262295 234 88 12
-0.15226691 0.23667733 -0.28337699 234 88 12
-0.15649297 0.22958783 -0.28370363 234 88 12
-0.16977979 0.20924531 -0.2840979 234 88 12
-0.19903631 0.17086459 -0.28219422 234 88 12
-0.26736781 0.076709408 -0.27930215 234 88 12
-0.16226995 0.24254651 -0.27999148 234 88 12
-0.17683591 0.20611579 -0.28418643 234 88 12
-0.19049994 0.18849703 -0.28300502 234 88 12
-0.23204022 0.12680751 -0.2807113 234 88 12
-0.16756107 0.250963 -0.28031226 234 88 12
-0.1768201 0.23777925 -0.28119552 234 88 12
-0.18750895 0.2227745 -0.28165211 234 88 12
-0.17525052 0.24855791 -0.28114399 234 88 12
-0.25447809 0.13369292 -0.27815464 234 88 12
-0.31274717 0.050456844 -0.27543351 234 88 12
-0.18615997 0.24097059 -0.28189518 234 88 12
-0.18730914 0.23928189 -0.28194775 234 88 12
-0.25403179 0.14071747 -0.27862955 234 88 12
-0.27572502 0.11178703 -0.27802968 234 88 12
-0.32146188 0.04086841 -0.27581038 234 88 12
-0.24988535 0.15679466 -0.27936308 234 88 12
-0.25080922 0.15501752 -0.27927443 234 88 12
-0.32131726 0.050053514 -0.2759076 234 88 12
-0.3290278 0.036847064 -0.27573444 234 88 12
-0.33292498 0.030383285 -0.27589323 234 88 12
-0.24773576 0.17165388 -0.27954162 234 88 12
-0.24092122 0.19275998 -0.28043834 234 88 12
-0.25299137 0.17231833 -0.27912043 234 88 12
-0.2841272 0.12356549 -0.27822914 234 88 12
-0.29266895 0.11369419 -0.27794161 234 88 12
-0.18017614 0.29177012 -0.27760281 234 88 12
-0.25607799 0.17632357 -0.2792655 234 88 12
-0.26275661 0.16434314 -0.27909875 234 88 12
-0.28441644 0.12990936 -0.27835496 234 88 12
-0.29455705 0.11873627 -0.2781482 234 88 12
-0.29796721 0.11439988 -0.27805374 234 88 12
-0.34817464 0.035980715 -0.27608947 234 88 12
-0.20045985 0.26794436 -0.28108764 234 88 12
-0.20788855 0.25675457 -0.28212077 234 88 12
-0.24228754 0.20662716 -0.2816922 234 88 12
-0.34201809 0.054131284 -0.2766981 234 88 12
-0.21322615 0.25943871 -0.28264821 234 88 12
-0.31983022 0.10034082 -0.27881303 234 88 12
-0.34131088 0.062737969 -0.27713379 234 88 12
-0.33371071 0.13011159 -0.27228121 234 88 12
-0.34192736 0.12308047 -0.27182575 234 88 12
-0.34725606 0.1136417 -0.27126692 234 88 12
-0.35717569 0.096357797 -0.27056224 234 88 12
-0.27493236 0.23373309 -0.27599336 234 88 12
-0.33246086 0.1408014 -0.27351331 234 88 12
-0.35089759 0.11241412 -0.27220525 234 88 12
-0.36351546 0.090180367 -0.27108872 234 88 12
-0.25146127 0.27288442 -0.27616251 234 88 12
-0.2865648 0.21740465 -0.27680282 234 88 12
-0.31483459 0.16923981 -0.27510852 234 88 12
-0.24551462 0.28919721 -0.27526329 234 88 12
-0.2667573 0.25542439 -0.27714965 234 88 12
-0.30248429 0.19386272 -0.2757883 234 88 12
-0.31842279 0.16938304 -0.27529932 234 88 12
-0.32144461 0.16451933 -0.27507412 234 88 12
-0.32580767 0.15824911 -0.2752828 234 88 12
-0.33469207 0.14686644 -0.27493546 234 88 12
-0.33573645 0.14550799 -0.27490717 234 88 12
-0.34417295 0.13440665 -0.27462095 234 88 12
-0.28750505 0.22888156 -0.27770208 234 88 12
-0.29441925 0.21391877 -0.27746966 234 88 12
-0.30754928 0.190556 -0.2763615 234 88 12
-0.35638131 0.12091715 -0.2744938 234 88 12
-0.28392651 0.26957513 -0.2751197 234 88 12
-0.29748938 0.24939931 -0.27499378 234 88 12
-0.32958985 0.19285536 -0.27287872 234 88 12
-0.36189802 0.14624057 -0.27164677 234 88 12
-0.25459631 0.32733778 -0.27005749 234 88 12
-0.26153955 0.31267627 -0.27193907 234 88 12
-0.26872054 0.29984281 -0.27345839 234 88 12
-0.27513188 0.28857899 -0.27465324 234 88 12
-0.31255481 0.22473258 -0.27466147 234 88 12
-0.32410007 0.2055558 -0.27370715 234 88 12
-0.32830493 0.19930476 -0.27335645 234 88 12
-0.34406988 0.17612517 -0.27323458 234 88 12
-0.381312 0.12186102 -0.27090763 234 88 12
-0.3937077 0.10384981 -0.27006297 234 88 12
-0.39784943 0.097970953 -0.26998538 234 88 12
-0.2643358 0.31604126 -0.27193019 234 88 12
-0.28449102 0.28086621 -0.27554224 234 88 12
-0.30605073 0.24667352 -0.27539335 234 88 12
-0.31414009 0.2300816 -0.27484559 234 88 12
-0.31657816 0.22513354 -0.27469008 234 88 12
-0.36373785 0.15461677 -0.27279925 234 88 12
-0.39765914 0.10494029 -0.27017169 234 88 12
-0.41746114 0.074914856 -0.27086827 234 88 12
-0.43078478 0.0028283614 -0.28208795 234 88 12
-0.31882725 0.23076373 -0.27499465 234 88 12
-0.32136682 0.22588349 -0.27472674 234 88 12
-0.38960975 0.12384018 -0.27138075 234 88 12
-0.4068254 0.10018122 -0.2703708 234 88 12
-0.43007682 0.042869074 -0.2766021 234 88 12
-0.43224562 -0.017349307 -0.28742334 234 88 12
-0.32076642 0.23821716 -0.27541546 234 88 12
-0.40273878 0.11461437 -0.27070326 234 88 12
-0.41159783 0.10295745 -0.27038866 234 88 12
-0.43102561 0.056110704 -0.27541444 234 88 12
-0.43327868 0.018364116 -0.28196199 234 88 12
-0.27836561 0.32060478 -0.27263549 234 88 12
-0.28743569 0.30289185 -0.27466553 234 88 12
-0.32037601 0.24833193 -0.27571374 234 88 12
-0.34703748 0.20584019 -0.27363591 234 88 12
-0.38123604 0.15509559 -0.27269069 234 88 12
-0.39579727 0.13372812 -0.27159499 234 88 12
-0.43272198 0.065363556 -0.27491349 234 88 12
-0.29063599 0.30454329 -0.27534189 234 88 12
-0.29624015 0.29293815 -0.27632278 234 88 12
-0.31026663 0.27132431 -0.27714253 234 88 12
-0.35668251 0.20048847 -0.27415285 234 88 12
-0.39756536 0.14093333 -0.27236417 234 88 12
-0.42723644 0.097572313 -0.2713827 234 88 12
-0.34572182 0.22246503 -0.27526412 234 88 12
-0.36243879 0.19968538 -0.27424925 234 88 12
-0.36534912 0.19491509 -0.27416712 234 88 12
-0.42321988 0.11872876 -0.27080235 234 88 12
-0.43866987 0.022023234 -0.28800399 234 88 12
-0.43968268 0.12167542 -0.27208645 234 88 12
-0.44164674 0.052352344 -0.2835743 234 88 12
-0.44149887 0.047970493 -0.28442485 234 88 12
-0.4413919 0.045757305 -0.28482384 234 88 12
-0.43907788 0.017665716 -0.29033091 234 88 12
-0.43871472 0.012812688 -0.29137684 234 88 12
-0.43810374 0.005427753 -0.29292177 234 88 12
-0.37551403 0.25571544 -0.26675975 234 88 12
-0.38857738 0.23687464 -0.26479788 234 88 12
-0.39830097 0.2258348 -0.26322506 234 88 12
-0.40962491 0.21251052 -0.26210714 234 88 12
-0.42520438 0.18896641 -0.26356989 234 88 12
-0.44262336 0.10802499 -0.27499205 234 88 12
-0.4427856 0.097392755 -0.27672511 234 88 12
-0.4424883 0.050775617 -0.2852421 234 88 12
-0.44104853 0.032520961 -0.28878838 234 88 12
-0.43928237 0.013160047 -0.29292979 234 88 12
-0.43861206 0.0057014398 -0.29451439 234 88 12
-0.43473534 0.17355913 -0.26686143 234 88 12
-0.44423718 0.075194965 -0.28184053 234 88 12
-0.44073839 0.15882623 -0.26958272 234 88 12
-0.44605549 0.12596844 -0.27470774 234 88 12
-0.43477907 -0.037593868 -0.30826713 234 88 12
-0.43722788 0.21002364 -0.26259595 234 88 12
-0.43757918 0.19312344 -0.26461988 234 88 12
-0.40769486 0.26029935 -0.26371668 234 88 12
-0.44610415 0.18380511 -0.26772747 234 88 12
-0.44869526 0.12607509 -0.27713693 234 88 12
-0.44747113 0.094646084 -0.28239779 234 88 12
-0.44672908 0.074930916 -0.28615581 234 88 12
-0.44636763 0.068384779 -0.28755724 234 88 12
-0.44451075 0.045656971 -0.29248727 234 88 12
-0.43933604 -0.0014431866 -0.30295883 234 88 12
-0.405788 0.26901901 -0.26445233 234 88 12
-0.40777626 0.26629562 -0.26433315 234 88 12
-0.42770499 0.23927089 -0.26150276 234 88 12
-0.43438855 0.22866261 -0.26151815 234 88 12
-0.43615346 0.2254999 -0.26175243 234 88 12
-0.4490449 0.10895455 -0.2815188 234 88 12
-0.44520215 0.048223016 -0.29359665 234 88 12
-0.44140237 0.01404176 -0.30118872 234 88 12
-0.44086331 0.0089533848 -0.30238765 234 88 12
-0.45096065 0.17461171 -0.27094189 234 88 12
-0.45164522 0.14343031 -0.27667467 234 88 12
-0.44900604 0.095940466 -0.2852381 234 88 12
-0.4476398 0.071369887 -0.29015209 234 88 12
-0.42572993 0.25630444 -0.26281751 234 88 12
-0.43146527 0.24911232 -0.26229601 234 88 12
-0.44907529 0.210656 -0.26477463 234 88 12
-0.45051574 0.20364481 -0.26615704 234 88 12
-0.45315019 0.16568004 -0.27364466 234 88 12
-0.44977039 0.098793426 -0.28627198 234 88 12
-0.44738315 0.060512213 -0.29584679 234 88 12
-0.44646119 0.051148515 -0.29795549 234 88 12
-0.44454052 0.034294738 -0.3017469 234 88 12
-0.44143808 0.006549028 -0.30821324 234 88 12
-0.45593076 0.16346945 -0.2764609 234 88 12
-0.43674009 -0.03461153 -0.32050761 234 88 12
-0.45194563 0.24409752 -0.26240776 234 88 12
-0.45738605 0.21740617 -0.26607241 234 88 12
-0.45808606 0.18683737 -0.27263313 234 88 12
-0.45418846 0.12841509 -0.28497353 234 88 12
-0.44693873 0.051494476 -0.30136915 234 88 12
-0.43901058 -0.019024688 -0.31801168 234 88 12
-0.45790019 0.23764874 -0.26389673 234 88 12
-0.453257 0.11476362 -0.28938582 234 88 12
-0.44617914 0.042011986 -0.30525071 234 88 12
-0.44267393 0.011887121 -0.31219346 234 88 12
-0.44101517 -0.0035191472 -0.31583891 234 88 12
-0.42915235 -0.078303184 -0.33674847 234 88 12
-0.46116408 0.26998757 -0.26037741 234 88 12
-0.46410871 0.2637623 -0.26211199 234 88 12
-0.45996942 0.17060823 -0.28013857 234 88 12
-0.45515138 0.12501386 -0.2904967 234 88 12
-0.45264315 0.10115889 -0.29545069 234 88 12
-0.45122369 0.086889425 -0.29865005 234 88 12
-0.43451463 -0.052797403 -0.33329173 234 88 12
-0.46018405 0.16680761 -0.2824801 234 88 12
-0.45917754 0.15792486 -0.28456839 234 88 12
-0.45454619 0.11584901 -0.2941357 234 88 12
-0.45167992 0.0893795 -0.29975478 234 88 12
-0.44499308 0.027446161 -0.31399092 234 88 12
-0.46213654 0.17804879 -0.28118342 234 88 12
-0.44883914 0.059259353 -0.30840174 234 88 12
-0.44260974 0.0020937222 -0.32186881 234 88 12
-0.43057598 -0.075173202 -0.3435443 234 88 12
-0.47040939 0.24518467 -0.26806737 234 88 12
-0.45987372 0.15645567 -0.28802318 234 88 12
-0.45510056 0.11632815 -0.29740022 234 88 12
-0.44806822 0.049865821 -0.31246469 234 88 12
-0.44537513 0.027651871 -0.31766967 234 88 12
-0.43186071 -0.069411314 -0.34383947 234 88 12
-0.4651826 0.19156742 -0.28070506 234 88 12
-0.46115156 0.16351699 -0.28783657 234 88 12
-0.44420704 0.015105011 -0.32245589 234 88 12
-0.47470584 0.28597319 -0.26412306 234 88 12
-0.4748553 0.27815954 -0.26523605 234 88 12
-0.47344959 0.251433 -0.2694426 234 88 12
-0.45415557 0.10451384 -0.30348965 234 88 12
-0.4761379 0.27700431 -0.26648128 234 88 12
-0.47607782 0.27300583 -0.26717162 234 88 12
-0.4687309 0.20725136 -0.27988832 234 88 12
-0.46779776 0.20091602 -0.28130314 234 88 12
-0.45586895 0.11681454 -0.30248081 234 88 12
-0.43082549 -0.077704954 -0.35207401 234 88 12
-0.4764875 0.30230708 -0.26329213 234 88 12
-0.47210531 0.22691728 -0.27663226 234 88 12
-0.45724819 0.12664117 -0.30197435 234 88 12
-0.43957081 -0.030697789 -0.34049306 234 88 12
-0.47570617 0.32197946 -0.26093863 234 88 12
-0.47905052 0.29221303 -0.26590577 234 88 12
-0.44337237 -0.0020903212 -0.33456827 234 88 12
-0.4424287 -0.0098996098 -0.33649907 234 88 12
-0.4805903 0.29868459 -0.26569319 234 88 12
-0.47607748 0.24351012 -0.27607517 234 88 12
-0.47047716 0.20848628 -0.28404085 234 88 12
-0.46119237 0.15311083 -0.29878542 234 88 12
-0.45934008 0.13895037 -0.30240227 234 88 12
-0.45426075 0.097601566 -0.31194217 234 88 12
-0.4485327 0.043366593 -0.32537215 234 88 12
-0.43398385 -0.06322345 -0.35368022 234 88 12
-0.48056867 0.32062706 -0.26264626 234 88 12
-0.4741356 0.22848369 -0.28062483 234 88 12
-0.46674963 0.18495758 -0.29185904 234 88 12
-0.47905366 0.33620745 -0.26144455 234 88 12
-0.4823148 0.31983079 -0.26366587 234 88 12
-0.47707202 0.24237076 -0.2790292 234 88 12
-0.46017411 0.14161238 -0.30515374 234 88 12
-0.44445646 0.0035792541 -0.33910597 234 88 12
-0.47395176 0.22267211 -0.28509135 234 88 12
-0.45540955 0.10051324 -0.31655591 234 88 12
-0.48219804 0.338037 -0.26312055 234 88 12
-0.47967921 0.25222608 -0.27986587 234 88 12
-0.46991864 0.19686016 -0.29337331 234 88 12
-0.46560403 0.17453222 -0.2996003 234 88 12
-0.46396032 0.16537284 -0.30211347 234 88 12
-0.45819147 0.12262105 -0.31317954 234 88 12
-0.45713274 0.11284135 -0.31551168 234 88 12
-0.44894396 0.039166056 -0.33403848 234 88 12
-0.44383019 -0.0037788471 -0.34483686 234 88 12
-0.44195381 -0.016905946 -0.34831267 234 88 12
-0.48333653 0.3404091 -0.26380923 234 88 12
-0.46504761 0.17014289 -0.30251598 234 88 12
-0.45634499 0.10324519 -0.31946234 234 88 12
-0.45574915 0.098359564 -0.32052979 234 88 12
-0.43838731 -0.040477151 -0.35694884 234 88 12
-0.43488061 -0.059844182 -0.36252342 234 88 12
-0.48699048 0.31740426 -0.26862672 234 88 12
-0.45226161 0.063365858 -0.33113979 234 88 12
-0.45024462 0.046753096 -0.33591236 234 88 12
-0.44453432 -0.00077869548 -0.34810198 234 88 12
-0.48761248 0.31245627 -0.27097113 234 88 12
-0.47440295 0.21749985 -0.29281999 234 88 12
-0.48206084 0.35979443 -0.26531344 234 88 12
-0.48750263 0.29789625 -0.27577862 234 88 12
-0.47972981 0.24483967 -0.28773279 234 88 12
-0.47397217 0.21346035 -0.29546462 234 88 12
-0.46923435 0.18885049 -0.30219464 234 88 12
-0.4581552 0.11099636 -0.32292459 234 88 12
-0.45338969 0.068289176 -0.33344884 234 88 12
-0.45107165 0.049559826 -0.33893068 234 88 12
-0.44906087 0.032676351 -0.34354136 234 88 12
-0.44144477 -0.021588466 -0.35750484 234 88 12
-0.43229463 -0.076395773 -0.37334186 234 88 12
-0.48474091 0.35585955 -0.26663661 234 88 12
-0.48917588 0.32620867 -0.27075737 234 88 12
-0.4889573 0.31524456 -0.27304846 234 88 12
-0.47290043 0.20503092 -0.29950327 234 88 12
-0.45735657 0.10143063 -0.32686398 234 88 12
-0.45562699 0.086942366 -0.33030652 234 88 12
-0.44369407 -0.0080968673 -0.35591611 234 88 12
-0.43072012 -0.085044192 -0.37786828 234 88 12
-0.48980903 0.32312744 -0.2727289 234 88 12
-0.45424009 0.070930176 -0.33646735 234 88 12
-0.44687715 0.012839232 -0.35259294 234 88 12
-0.47975264 0.24126187 -0.29355084 234 88 12
-0.47467579 0.21220529 -0.30090168 234 88 12
-0.44670322 0.010486295 -0.35520617 234 88 12
-0.47794721 0.2301685 -0.29780548 234 88 12
-0.4710672 0.19217471 -0.30802097 234 88 12
-0.46371459 0.14571997 -0.3210339 234 88 12
-0.45808197 0.099420331 -0.33272733 234 88 12
-0.44212736 -0.018383115 -0.36464827 234 88 12
-0.43606823 -0.056047426 -0.37541115 234 88 12
-0.43424796 -0.067175421 -0.37884201 234 88 12
-0.43040814 -0.087631692 -0.38453821 234 88 12
-0.49026929 0.31106885 -0.27994892 234 88 12
-0.49010786 0.30918145 -0.28043664 234 88 12
-0.48815056 0.28957809 -0.28528034 234 88 12
-0.47196601 0.19480011 -0.30899694 234 88 12
-0.46766697 0.17411528 -0.31491368 234 88 12
-0.46544283 0.15779063 -0.31935268 234 88 12
-0.46150265 0.12636357 -0.32765817 234 88 12
-0.48616888 0.27334671 -0.29093652 234 88 12
-0.48257761 0.25341848 -0.29558317 234 88 12
-0.45579497 0.07614485 -0.34250826 234 88 12
-0.45499113 0.069330018 -0.3445097 234 88 12
-0.43399924 -0.069730207 -0.38360646 234 88 12
-0.48114705 0.24468023 -0.29932222 234 88 12
-0.44590387 0.0034272167 -0.36507321 234 88 12
-0.43985037 -0.033849647 -0.37503927 234 88 12
-0.48452926 0.37386763 -0.27385059 234 88 12
-0.4748524 0.20499041 -0.31128303 234 88 12
-0.47180443 0.19092631 -0.31495011 234 88 12
-0.47081878 0.18628959 -0.31622563 234 88 12
-0.45475584 0.065089497 -0.34945014 234 88 12
-0.4331808 -0.075168452 -0.38919632 234 88 12
-0.48938726 0.36163618 -0.27632082 234 88 12
-0.49026874 0.35845974 -0.27667774 234 88 12
-0.48779847 0.28243661 -0.29352195 234 88 12
-0.46533959 0.14656492 -0.32918427 234 88 12
-0.45779721 0.088112099 -0.34454823 234 88 12
-0.45280627 0.04898561 -0.35622939 234 88 12
-0.44720787 0.011584569 -0.36681865 234 88 12
-0.44175681 -0.020504594 -0.37524716 234 88 12
-0.4381868 -0.044342036 -0.38204147 234 88 12
-0.48442207 0.3779819 -0.27627137 234 88 12
-0.48187183 0.24550464 -0.30423184 234 88 12
-0.47759159 0.21882424 -0.31091975 234 88 12
-0.47244873 0.19153923 -0.31823953 234 88 12
-0.47112155 0.18459467 -0.32019659 234 88 12
-0.46931497 0.17318349 -0.32350228 234 88 12
-0.45866717 0.093055556 -0.34510651 234 88 12
-0.42948831 -0.092938891 -0.39848135 234 88 12
-0.49198925 0.3167995 -0.28805423 234 88 12
-0.48175255 0.24357451 -0.30639827 234 88 12
-0.46154205 0.11259098 -0.3417177 234 88 12
-0.4449627 -0.0012826118 -0.37419928 234 88 12
-0.44098706 -0.025564461 -0.3806215 234 88 12
-0.43227554 -0.080617347 -0.3969475 234 88 12
-0.49285442 0.32303884 -0.28822584 234 88 12
-0.49219209 0.31709111 -0.28963914 234 88 12
-0.49063016 0.30138891 -0.29368569 234 88 12
-0.48830414 0.2830391 -0.29834975 234 88 12
-0.47083639 0.17837561 -0.3254343 234 88 12
-0.46688526 0.15192717 -0.33271431 234 88 12
-0.43495263 -0.066129175 -0.39467492 234 88 12
-0.48902403 0.36974395 -0.28113757 234 88 12
-0.49359407 0.34167907 -0.28560118 234 88 12
-0.48816852 0.28115318 -0.30043472 234 88 12
-0.47408518 0.19478414 -0.32260137 234 88 12
-0.4656118 0.13994268 -0.3378402 234 88 12
-0.45763794 0.081853984 -0.35359654 234 88 12
-0.4554457 0.066021086 -0.35842045 234 88 12
-0.44123285 -0.022734493 -0.38385478 234 88 12
-0.48741832 0.37662073 -0.28201194 234 88 12
-0.49366167 0.33128471 -0.28970968 234 88 12
-0.48856012 0.28340744 -0.3015509 234 88 12
-0.47090579 0.17424409 -0.32997477 234 88 12
-0.46974636 0.16710329 -0.33200063 234 88 12
-0.45381159 0.054555236 -0.36392747 234 88 12
-0.44705859 0.01225881 -0.3764795 234 88 12
-0.43871534 -0.04110381 -0.39117998 234 88 12
-0.49324871 0.32199087 -0.29351613 234 88 12
-0.47991187 0.22493447 -0.3181434 234 88 12
-0.47962106 0.22275936 -0.31869821 234 88 12
-0.47899599 0.21839055 -0.31983566 234 88 12
-0.46651197 0.14275014 -0.34052117 234 88 12
-0.49406744 0.34801137 -0.28911378 234 88 12
-0.48085274 0.22964874 -0.31863072 234 88 12
-0.46819036 0.15280494 -0.33944247 234 88 12
-0.45251307 0.04550913 -0.37072421 234 88 12
-0.4398601 -0.032928623 -0.3928895 234 88 12
-0.49184088 0.36485898 -0.28772499 234 88 12
-0.48245094 0.23872127 -0.31809709 234 88 12
-0.47171921 0.17272813 -0.3356516 234 88 12
-0.46205865 0.10857776 -0.35354882 234 88 12
-0.45324453 0.050409533 -0.3710811 234 88 12
-0.45094365 0.035853019 -0.3754919 234 88 12
-0.48010231 0.21946059 -0.32505064 234 88 12
-0.4713051 0.16812622 -0.33864462 234 88 12
-0.46190025 0.10631066 -0.35594196 234 88 12
-0.45010227 0.030981075 -0.37886805 234 88 12
-0.49014955 0.37383069 -0.28982307 234 88 12
-0.47204807 0.17084801 -0.33969341 234 88 12
-0.47118154 0.16590968 -0.34099514 234 88 12
-0.467302 0.14111221 -0.3479351 234 88 12
-0.45551958 0.0647197 -0.37007895 234 88 12
-0.44052748 -0.027425043 -0.39751476 234 88 12
-0.47429931 0.18306773 -0.33820473 234 88 12
-0.46032851 0.094645917 -0.36282431 234 88 12
-0.45052076 0.033845132 -0.3819869 234 88 12
-0.4458983 0.0076823058 -0.38978736 234 88 12
-0.49451025 0.3240488 -0.30326301 234 88 12
-0.48716296 0.26565672 -0.31802721 234 88 12
-0.47575616 0.19042392 -0.33803556 234 88 12
-0.454075 0.055781871 -0.37673141 234 88 12
-0.44729591 0.015800512 -0.38933275 234 88 12
-0.43824281 -0.045941862 -0.40705554 234 88 12
-0.49171685 0.29771368 -0.31149319 234 88 12
-0.49143322 0.29559552 -0.31197211 234 88 12
-0.46402343 0.11687583 -0.36017442 234 88 12
-0.48972979 0.38040729 -0.29554519 234 88 12
-0.49286911 0.36708483 -0.29692002 234 88 12
-0.48728513 0.26393205 -0.32190298 234 88 12
-0.48368051 0.23413306 -0.32994315 234 88 12
-0.48017162 0.20997078 -0.33646596 234 88 12
-0.4711009 0.15957745 -0.3496697 234 88 12
-0.45415264 0.056180568 -0.38044476 234 88 12
-0.44303378 -0.0082801083 -0.40013553 234 88 12
-0.48431984 0.23661247 -0.33106515 234 88 12
-0.46912102 0.14500107 -0.35565196 234 88 12
-0.45421443 0.056407565 -0.38238239 234 88 12
-0.44494997 0.0027784145 -0.39908395 234 88 12
-0.44156299 -0.019031878 -0.4051725 234 88 12
-0.49218564 0.3727927 -0.29941435 234 88 12
-0.49075902 0.28583356 -0.31968721 234 88 12
-0.4869657 0.25803755 -0.32700587 234 88 12
-0.44234 -0.01345935 -0.40561821 234 88 12
-0.4938179 0.36657253 -0.30188872 234 88 12
-0.48167622 0.21319609 -0.34116675 234 88 12
-0.47414588 0.17288846 -0.35137648 234 88 12
-0.44685897 0.013851899 -0.3997791 234 88 12
-0.44094704 -0.026684994 -0.41156335 234 88 12
-0.47079661 0.15083269 -0.35930828 234 88 12
-0.46400806 0.11107527 -0.37111558 234 88 12
-0.454902 0.059499318 -0.38717441 234 88 12
-0.44052296 -0.03184918 -0.41514608 234 88 12
-0.49617359 0.354266 -0.30758003 234 88 12
-0.49634774 0.32854768 -0.31413158 234 88 12
-0.49558493 0.32038871 -0.31617731 234 88 12
-0.47832872 0.19491011 -0.34956532 234 88 12
-0.46623844 0.12372156 -0.36920354 234 88 12
-0.44205841 -0.018398892 -0.41312244 234 88 12
-0.495546 0.36121081 -0.30768302 234 88 12
-0.49699413 0.33667259 -0.31378306 234 88 12
-0.49509668 0.31455032 -0.31946167 234 88 12
-0.48425559 0.22506581 -0.34333199 234 88 12
-0.48327425 0.21844968 -0.34526004 234 88 12
-0.47861505 0.19521809 -0.35137878 234 88 12
-0.47548085 0.17634242 -0.35616122 234 88 12
-0.47465865 0.17147439 -0.35730328 234 88 12
-0.4453166 0.003638074 -0.40887946 234 88 12
-0.48873381 0.38929284 -0.30636595 234 88 12
-0.49010582 0.38616474 -0.3063782 234 88 12
-0.49720618 0.34628842 -0.31298954 234 88 12
-0.49407551 0.30435354 -0.32379072 234 88 12
-0.48818725 0.25734659 -0.33622182 234 88 12
-0.47652294 0.18146084 -0.35673821 234 88 12
-0.47497974 0.17180662 -0.35906566 234 88 12
-0.47415391 0.16690019 -0.36036687 234 88 12
-0.47083336 0.14692944 -0.3661122 234 88 12
-0.4476826 0.017332047 -0.40673455 234 88 12
-0.4919079 0.38170278 -0.30810189 234 88 12
-0.49723525 0.35017954 -0.31358415 234 88 12
-0.49269979 0.29199514 -0.32869465 234 88 12
-0.47962156 0.19813463 -0.35436065 234 88 12
-0.45458408 0.055850794 -0.39635759 234 88 12
-0.44180108 -0.025914221 -0.42149388 234 88 12
-0.4891689 0.39001881 -0.30954017 234 88 12
-0.49771998 0.34338903 -0.31717988 234 88 12
-0.49720909 0.32992104 -0.32062636 234 88 12
-0.49344529 0.29652944 -0.32928317 234 88 12
-0.49318158 0.29441365 -0.32984715 234 88 12
-0.49105187 0.27722794 -0.33438982 234 88 12
-0.48329077 0.21469092 -0.35185639 234 88 12
-0.48039126 0.20073172 -0.35553694 234 88 12
-0.46521714 0.1130546 -0.38008423 234 88 12
-0.45684965 0.068088317 -0.39414425 234 88 12
-0.4517471 0.038848763 -0.40416684 234 88 12
-0.44746214 0.015042159 -0.41156468 234 88 12
-0.46407602 0.10606232 -0.38398111 234 88 12
-0.4930618 0.29076681 -0.33423424 234 88 12
-0.49119303 0.27555193 -0.3383475 234 88 12
-0.47103377 0.14346897 -0.37469796 234 88 12
-0.49684858 0.36352518 -0.3171228 234 88 12
-0.49824369 0.34075575 -0.32282001 234 88 12
-0.49194109 0.28019824 -0.33892682 234 88 12
-0.49595789 0.37036731 -0.31723286 234 88 12
-0.49765783 0.35893766 -0.31983452 234 88 12
-0.49834483 0.33729622 -0.32541253 234 88 12
-0.49662489 0.31694514 -0.33096957 234 88 12
-0.49161505 0.27610981 -0.34186355 234 88 12
-0.48884618 0.24833871 -0.34949038 234 88 12
-0.47156628 0.1442968 -0.37812137 234 88 12
-0.46784342 0.12446496 -0.38420086 234 88 12
-0.44890392 0.020945416 -0.41760684 234 88 12
-0.49096137 0.39030123 -0.317273 234 88 12
-0.49477123 0.37728729 -0.31798634 234 88 12
-0.49097799 0.26981564 -0.34519867 234 88 12
-0.47825729 0.18137723 -0.36964422 234 88 12
-0.47658559 0.17176831 -0.3721701 234 88 12
-0.46850246 0.12732844 -0.38519581 234 88 12
-0.46255024 0.095540416 -0.39493272 234 88 12
-0.49410656 0.29427867 -0.34048832 234 88 12
-0.4928684 0.28326254 -0.34339183 234 88 12
-0.45829751 0.072292503 -0.40436819 234 88 12
-0.45558842 0.057623645 -0.40950832 234 88 12
-0.48752405 0.23373353 -0.35905408 234 88 12
-0.48136437 0.19809157 -0.36907124 234 88 12
-0.47667315 0.17005863 -0.37647595 234 88 12
-0.46390675 0.10114107 -0.39710031 234 88 12
-0.45134911 0.032231106 -0.41966462 234 88 12
-0.49921729 0.34434957 -0.33037567 234 88 12
-0.49334126 0.28392708 -0.34686743 234 88 12
-0.49073661 0.26197045 -0.35273325 234 88 12
-0.48739919 0.23169942 -0.36146041 234 88 12
-0.45513647 0.053091339 -0.41479894 234 88 12
-0.4968299 0.37394383 -0.32501011 234 88 12
-0.48726974 0.22969152 -0.36387708 234 88 12
-0.48079121 0.19186784 -0.37435025 234 88 12
-0.47844581 0.17800573 -0.37801355 234 88 12
-0.47716589 0.17078612 -0.37998313 234 88 12
-0.46385735 0.09940686 -0.40147571 234 88 12
-0.46030363 0.080334748 -0.40755989 234 88 12
-0.45447575 0.048258751 -0.41837753 234 88 12
-0.49200366 0.39196209 -0.3251986 234 88 12
-0.49385947 0.38728997 -0.32523855 234 88 12
-0.49702607 0.3107821 -0.34326172 234 88 12
-0.48617106 0.22111916 -0.36829247 234 88 12
-0.48371836 0.20786593 -0.37195787 234 88 12
-0.45633489 0.058424708 -0.41673199 234 88 12
-0.49954251 0.35443339 -0.33279033 234 88 12
-0.48391395 0.20807988 -0.37378146 234 88 12
-0.46910464 0.12500511 -0.39742417 234 88 12
-0.46773304 0.11750817 -0.39970369 234 88 12
-0.46336572 0.095231556 -0.4066292 234 88 12
-0.49846545 0.37016253 -0.3306767 234 88 12
-0.49866957 0.36848973 -0.33102149 234 88 12
-0.48949648 0.24135555 -0.3658052 234 88 12
-0.48576402 0.21711915 -0.3731262 234 88 12
-0.47117399 0.13544876 -0.39607433 234 88 12
-0.46981252 0.12795403 -0.39845243 234 88 12
-0.4688905 0.12296284 -0.40002962 234 88 12
-0.50013701 0.3515972 -0.33697658 234 88 12
-0.49463466 0.28583065 -0.35545946 234 88 12
-0.48355096 0.20412067 -0.37855517 234 88 12
-0.49489161 0.2862031 -0.3572012 234 88 12
-0.48337904 0.20218466 -0.3809501 234 88 12
-0.48265807 0.1977906 -0.38219562 234 88 12
-0.47461175 0.15125875 -0.39552784 234 88 12
-0.45345768 0.038298884 -0.43115862 234 88 12
-0.49872536 0.37458133 -0.33485083 234 88 12
-0.49897844 0.37294893 -0.33522056 234 88 12
-0.50020915 0.36114967 -0.3379249 234 88 12
-0.49963985 0.32930125 -0.34665695 234 88 12
-0.4968898 0.30194487 -0.354632 234 88 12
-0.46562755 0.103723 -0.41153945 234 88 12
-0.45643073 0.054062618 -0.42769307 234 88 12
-0.50062209 0.34153035 -0.34505601 234 88 12
-0.48614679 0.21574555 -0.38087919 234 88 12
-0.48422524 0.20486578 -0.38396763 234 88 12
-0.48277485 0.19622286 -0.3864469 234 88 12
-0.47966259 0.17808 -0.39134773 234 88 12
-0.50032268 0.33405364 -0.34892825 234 88 12
-0.49236317 0.25804478 -0.37024179 234 88 12
-0.49194403 0.25365134 -0.37157242 234 88 12
-0.48669972 0.21809902 -0.38204377 234 88 12
-0.47904978 0.17376224 -0.39449478 234 88 12
-0.46116776 0.077206082 -0.42370312 234 88 12
-0.49970926 0.37400661 -0.34006942 234 88 12
-0.50052875 0.33439515 -0.35055633 234 88 12
-0.48180781 0.18795686 -0.3924221 234 88 12
-0.47890635 0.17175611 -0.39695859 234 88 12
-0.49098941 0.24299336 -0.37829083 234 88 12
-0.47154126 0.13044938 -0.41093176 234 88 12
-0.46295071 0.084758829 -0.42479574 234 88 12
-0.49963567 0.31675174 -0.3592728 234 88 12
-0.50185869 0.34710168 -0.35227959 234 88 12
-0.48885652 0.2277156 -0.38637216 234 88 12
-0.501244 0.37036048 -0.34786084 234 88 12
-0.48250747 0.18705682 -0.40006202 234 88 12
-0.47913557 0.16833156 -0.40540144 234 88 12
-0.49650332 0.393586 -0.3465236 234 88 12
-0.49930977 0.30717349 -0.36765751 234 88 12
-0.46949614 0.11571725 -0.42237009 234 88 12
-0.50070105 0.31811269 -0.36615589 234 88 12
-0.49935938 0.30536466 -0.37009193 234 88 12
-0.49447553 0.26033954 -0.38265345 234 88 12
-0.47752605 0.15694695 -0.41259191 234 88 12
-0.50118205 0.37819239 -0.35159638 234 88 12
-0.50177457 0.37315655 -0.35264642 234 88 12
-0.50263322 0.35937023 -0.35604637 234 88 12
-0.5027061 0.35396826 -0.35755656 234 88 12
-0.50154605 0.32665775 -0.36519689 234 88 12
-0.49839168 0.29246776 -0.37575032 234 88 12
-0.48532865 0.20116953 -0.4016453 234 88 12
-0.50282744 0.36326643 -0.35687899 234 88 12
-0.49198078 0.24038989 -0.39206004 234 88 12
-0.49042764 0.23135815 -0.39465047 234 88 12
-0.47609904 0.14753059 -0.41909762 234 88 12
-0.46846143 0.10800359 -0.43013007 234 88 12
-0.50288914 0.34133445 -0.36481371 234 88 12
-0.50256087 0.33536283 -0.36643257 234 88 12
-0.50195815 0.32528389 -0.36929352 234 88 12
-0.49848629 0.28653353 -0.38121566 234 88 12
-0.49266297 0.24298631 -0.39327507 234 88 12
-0.46913335 0.11073224 -0.43116525 234 88 12
-0.50336835 0.36037487 -0.36119233 234 88 12
-0.50235019 0.3276496 -0.37046188 234 88 12
-0.50065813 0.30670171 -0.37695821 234 88 12
-0.49174357 0.23643199 -0.39691482 234 88 12
-0.48840712 0.21691609 -0.40272607 234 88 12
-0.48368347 0.18675531 -0.4114127 234 88 12
-0.47846167 0.15799522 -0.41979247 234 88 12
-0.47545148 0.14273556 -0.42415984 234 88 12
-0.47084111 0.11890108 -0.43085541 234 88 12
-0.50365309 0.3570539 -0.3638213 234 88 12
-0.50366534 0.35339904 -0.36485387 234 88 12
-0.5026412 0.32797806 -0.37222164 234 88 12
-0.49825691 0.27813473 -0.38711115 234 88 12
-0.49200394 0.23672305 -0.39873649 234 88 12
-0.47045762 0.11624722 -0.43345042 234 88 12
-0.50358982 0.36811815 -0.36294271 234 88 12
-0.50373423 0.36457027 -0.36374542 234 88 12
-0.50388877 0.35373534 -0.36661925 234 88 12
-0.50211638 0.31599272 -0.37787979 234 88 12
-0.49187249 0.23479228 -0.40117896 234 88 12
-0.48854115 0.21541317 -0.40687859 234 88 12
-0.48988682 0.22207019 -0.40672325 234 88 12
-0.50273229 0.31664715 -0.38128943 234 88 12
-0.50233117 0.31237897 -0.38259269 234 88 12
-0.49200023 0.23318626 -0.40539233 234 88 12
-0.50404503 0.37258887 -0.36726348 234 88 12
-0.48519673 0.19030154 -0.419531 234 88 12
-0.4835195 0.18092506 -0.42212599 234 88 12
-0.50439334 0.37115706 -0.36942796 234 88 12
-0.5045 0.36938648 -0.36984865 234 88 12
-0.50231135 0.30647954 -0.38792881 234 88 12
-0.49707595 0.25901699 -0.40177242 234 88 12
-0.4707629 0.11393862 -0.44358549 234 88 12
-0.48398309 0.18134238 -0.4256506 234 88 12
-0.50428403 0.32619649 -0.38566894 234 88 12
-0.50548546 0.36315917 -0.37691535 234 88 12
-0.50391906 0.31610877 -0.39056888 234 88 12
-0.50320188 0.30737396 -0.39319902 234 88 12
-0.49408739 0.23914564 -0.41266192 234 88 12
-0.48162838 0.16708099 -0.43353303 234 88 12
-0.48071358 0.16209145 -0.43508801 234 88 12
-0.47207402 0.11732049 -0.44842478 234 88 12
-0.50438653 0.38275121 -0.37424619 234 88 12
-0.49776096 0.25791152 -0.40932224 234 88 12
-0.49387507 0.23722254 -0.41507269 234 88 12
-0.48233961 0.1698196 -0.43463113 234 88 12
-0.47947794 0.15486235 -0.43918838 234 88 12
-0.50580399 0.34311286 -0.38615644 234 88 12
-0.50269289 0.29470764 -0.40061884 234 88 12
-0.50161226 0.28341585 -0.40381382 234 88 12
-0.49902234 0.26509 -0.40908246 234 88 12
-0.48434039 0.17987272 -0.43338374 234 88 12
-0.50329895 0.29945689 -0.40102985 234 88 12
-0.49571619 0.24472376 -0.41666859 234 88 12
-0.48498267 0.18256613 -0.43441775 234 88 12
-0.50635453 0.34562029 -0.38912656 234 88 12
-0.48985541 0.21193769 -0.42759646 234 88 12
-0.50653687 0.34394843 -0.39145425 234 88 12
-0.50074261 0.27273134 -0.41223822 234 88 12
-0.48663823 0.19013277 -0.43594685 234 88 12
-0.50711561 0.3632741 -0.38806027 234 88 12
-0.50491247 0.3071451 -0.40595012 234 88 12
-0.49239381 0.22369517 -0.42991158 234 88 12
-0.50762257 0.37129685 -0.38982386 234 88 12
-0.50461366 0.30075434 -0.40969033 234 88 12
-0.4933465 0.22823663 -0.43035741 234 88 12
-0.49295003 0.22608979 -0.43101553 234 88 12
-0.50147914 0.27150503 -0.41992191 234 88 12
-0.49916076 0.25590141 -0.4261839 234 88 12
-0.50854955 0.36877833 -0.39603746 234 88 12
-0.49277393 0.22250212 -0.43728087 234 88 12
-0.50196613 0.26992056 -0.4255964 234 88 12
-0.50906233 0.36009152 -0.40199502 234 88 12
-0.5082989 0.33267994 -0.41124553 234 88 12
-0.50746663 0.31785528 -0.41540164 234 88 12
-0.50561985 0.29165945 -0.42660731 234 88 12
-0.5102169 0.35395949 -0.4110717 234 88 12
-0.51053072 0.38069551 -0.40685461 234 88 12
-0.51086024 0.37338866 -0.40825206 234 88 12
-0.51108203 0.36255251 -0.41262454 234 88 12
-0.50064172 0.25404819 -0.44306471 234 88 12
-0.50669853 0.29302521 -0.43350671 234 88 12
-0.5116882 0.35954439 -0.41711744 234 88 12
-0.51159725 0.35560207 -0.41801643 234 88 12
-0.51016409 0.33108112 -0.42440538 234 88 12
-0.51141822 0.34581938 -0.42211407 234 88 12
-0.50436886 0.27111125 -0.44360597 234 88 12
-0.50937755 0.31638267 -0.43203237 234 88 12
-0.45847166 -0.015167342 -0.35638928 234 88 12
-0.45878971 -0.013108462 -0.35824929 234 88 12
-0.46619787 0.013689815 -0.35958428 234 88 12
-0.45741895 -0.011705138 -0.37731488 234 88 12
-0.45109023 -0.034515147 -0.38308171 234 88 12
-0.4831598 0.15011368 -0.37716855 234 88 12
-0.46127806 0.003625949 -0.38481362 234 88 12
-0.4520677 -0.030849784 -0.38500722 234 88 12
-0.48346297 0.15385095 -0.38077629 234 88 12
-0.45052521 -0.03674869 -0.38876563 234 88 12
-0.46796131 0.034559288 -0.38845802 234 88 12
-0.46818895 0.036368399 -0.39014996 234 88 12
-0.46499057 0.020142758 -0.39171932 234 88 12
-0.45960048 -0.0023629802 -0.39249118 234 88 12
-0.45208939 -0.031188479 -0.39235978 234 88 12
-0.45706842 -0.01224065 -0.39624503 234 88 12
-0.45763382 -0.010201038 -0.39815282 234 88 12
-0.46426539 0.017702452 -0.39941619 234 88 12
-0.4575353 -0.011120186 -0.40379893 234 88 12
-0.48287459 0.15084859 -0.39734682 234 88 12
-0.48383214 0.15782908 -0.39890214 234 88 12
-0.46439731 0.018841275 -0.40865455 234 88 12
-0.46068361 0.0017393785 -0.40939169 234 88 12
-0.48124405 0.12841893 -0.40711126 234 88 12
-0.46065987 0.00067542423 -0.41502432 234 88 12
-0.47003064 0.044972566 -0.4135454 234 88 12
-0.46832478 0.037156743 -0.41443906 234 88 12
-0.45928789 -0.0059457336 -0.41704939 234 88 12
-0.46931083 0.040624083 -0.41759235 234 88 12
-0.46387139 0.012253941 -0.42769536 234 88 12
0.17518201 -0.09871624 -0.296633 234 88 12
0.17326818 -0.096430436 -0.29641078 234 88 12
0.13083412 -0.0087139321 -0.29289826 234 88 12
0.12987348 -0.0037219986 -0.29293609 234 88 12
0.048311865 0.21656586 -0.28260139 234 88 12
0.023871104 0.27527214 -0.2792074 234 88 12
0.18305298 -0.10734225 -0.30001327 234 88 12
0.076822642 0.14929063 -0.28625665 234 88 12
0.025262799 0.27326992 -0.28114903 234 88 12
0.0052371302 0.32300238 -0.27896186 234 88 12
-0.0076170174 0.35322657 -0.27723174 234 88 12
-0.24959935 0.41804234 -0.26400202 234 88 12
0.1576758 -0.071854401 -0.30029456 234 88 12
0.10210986 0.096175388 -0.29128444 234 88 12
0.079779316 0.14468184 -0.28842405 234 88 12
0.02157281 0.28451744 -0.28265769 234 88 12
0.016721414 0.29767261 -0.28213277 234 88 12
0.010617238 0.31178827 -0.28143743 234 88 12
0.004725986 0.32578704 -0.28074305 234 88 12
0.001880283 0.33252693 -0.28039416 234 88 12
-0.010498839 0.36246927 -0.27857753 234 88 12
-0.12472249 0.46293711 -0.27350495 234 88 12
-0.13773239 0.46026552 -0.27275859 234 88 12
-0.1956964 0.43998416 -0.26737401 234 88 12
-0.24142978 0.42172819 -0.26587101 234 88 12
0.11662242 0.053550636 -0.29652839 234 88 12
0.11140459 0.070630989 -0.29525268 234 88 12
0.0060403122 0.3239173 -0.28272692 234 88 12
0.0032185359 0.3307623 -0.28239379 234 88 12
-0.19537253 0.44051002 -0.26924573 234 88 12
0.15307921 -0.061580368 -0.30468275 234 88 12
0.13570736 -0.019398775 -0.30281991 234 88 12
0.12059028 0.037569707 -0.29987307 234 88 12
0.047770995 0.2250371 -0.28984403 234 88 12
0.0035395848 0.33115914 -0.28419367 234 88 12
-0.013552734 0.37482213 -0.28199351 234 88 12
-0.12848012 0.4627731 -0.27697161 234 88 12
-0.15957104 0.45505257 -0.27468552 234 88 12
-0.30952366 0.39997335 -0.26796747 234 88 12
0.090810034 0.12392654 -0.29573699 234 88 12
0.034899253 0.25560016 -0.28958949 234 88 12
0.022342397 0.28570113 -0.28830777 234 88 12
0.012492749 0.31057919 -0.28728376 234 88 12
-0.1052317 0.46756732 -0.27934466 234 88 12
-0.11142117 0.46647963 -0.27924444 234 88 12
-0.11762847 0.46522426 -0.27923456 234 88 12
-0.13909492 0.46074559 -0.27820823 234 88 12
-0.2944517 0.40427772 -0.26999238 234 88 12
0.007835974 0.32258451 -0.28843226 234 88 12
-0.10712314 0.46741424 -0.28099511 234 88 12
-0.17305562 0.4503485 -0.27699151 234 88 12
-0.30150141 0.40280288 -0.27170952 234 88 12
-0.3238799 0.39766001 -0.27153578 234 88 12
-0.33157893 0.39603074 -0.27142251 234 88 12
0.18422901 -0.11183568 -0.31472577 234 88 12
0.069282365 0.17342334 -0.29813746 234 88 12
-0.12569834 0.46383771 -0.28247386 234 88 12
-0.20174922 0.43912924 -0.27608803 234 88 12
-0.28649232 0.40728941 -0.27364925 234 88 12
-0.29388289 0.40519034 -0.27365993 234 88 12
0.18407747 -0.11240015 -0.31711452 234 88 12
0.17642232 -0.10345404 -0.31641954 234 88 12
0.17453427 -0.1010065 -0.31624798 234 88 12
0.13289741 -0.0054774853 -0.31169173 234 88 12
0.12696204 0.013875587 -0.31039455 234 88 12
0.12140921 0.032461755 -0.30902513 234 88 12
0.11324221 0.063630502 -0.30672493 234 88 12
0.072872613 0.16514133 -0.30029253 234 88 12
0.0091092087 0.32051963 -0.29223063 234 88 12
-0.1795935 0.44799868 -0.27989486 234 88 12
-0.23451873 0.42652535 -0.27650539 234 88 12
-0.26591524 0.41432934 -0.27579541 234 88 12
0.18198446 -0.11082942 -0.3194369 234 88 12
0.12347779 0.024407762 -0.31190508 234 88 12
0.11640927 0.05261211 -0.30992056 234 88 12
0.10859298 0.076828586 -0.30798114 234 88 12
0.063075606 0.19233574 -0.30153171 234 88 12
0.051782545 0.21946448 -0.30001548 234 88 12
-0.014115846 0.38452773 -0.29095969 234 88 12
-0.10264092 0.46853571 -0.28598194 234 88 12
-0.18172255 0.44726856 -0.28142684 234 88 12
-0.1987992 0.44059152 -0.27981215 234 88 12
-0.24725531 0.4216717 -0.27808145 234 88 12
-0.28593441 0.40804238 -0.27736076 234 88 12
-0.32298918 0.39885035 -0.27723735 234 88 12
0.15618132 -0.069128937 -0.31941107 234 88 12
0.12228827 0.027903418 -0.31390892 234 88 12
0.11924992 0.040220821 -0.31290723 234 88 12
-0.0089011624 0.36791351 -0.29312149 234 88 12
-0.19363499 0.4426842 -0.28197869 234 88 12
0.13925419 -0.026276253 -0.31946802 234 88 12
0.13673808 -0.018084999 -0.31915337 234 88 12
0.13432214 -0.0096793067 -0.31882484 234 88 12
0.11608364 0.05229121 -0.3143601 234 88 12
0.0967929 0.11025612 -0.30947848 234 88 12
0.056318071 0.20921332 -0.30469321 234 88 12
0.011306689 0.31578106 -0.29792359 234 88 12
-0.10443787 0.4684986 -0.28939182 234 88 12
-0.1380777 0.46139578 -0.2889139 234 88 12
-0.27287097 0.412558 -0.28106467 234 88 12
-0.30019584 0.40463474 -0.28112288 234 88 12
0.18331834 -0.11476536 -0.32695635 234 88 12
0.04622696 0.2328376 -0.30468323 234 88 12
0.014369935 0.30886741 -0.30001621 234 88 12
-0.13580218 0.46189033 -0.29069496 234 88 12
-0.16022574 0.45547786 -0.28875103 234 88 12
-0.40063294 0.38469797 -0.2795319 234 88 12
0.18310679 -0.1154275 -0.32936794 234 88 12
0.097702553 0.10718605 -0.31394603 234 88 12
0.088889315 0.12849363 -0.31239302 234 88 12
0.073257351 0.16716955 -0.31029598 234 88 12
0.057474231 0.20699833 -0.30863994 234 88 12
-0.20036265 0.4405389 -0.28684013 234 88 12
-0.21032455 0.43678356 -0.28638894 234 88 12
-0.2798642 0.41079543 -0.28483528 234 88 12
-0.284873 0.40926816 -0.28482245 234 88 12
0.11771218 0.044083769 -0.32175061 234 88 12
0.08522633 0.13807931 -0.31379959 234 88 12
0.052936373 0.21784483 -0.30977878 234 88 12
-0.011188675 0.37817289 -0.29985779 234 88 12
-0.14644509 0.45952616 -0.29353695 234 88 12
-0.17356147 0.45072591 -0.29081673 234 88 12
-0.21266349 0.43601869 -0.28810732 234 88 12
-0.42512462 0.38033983 -0.28235721 234 88 12
0.18273801 -0.11676371 -0.33412516 234 88 12
0.16163539 -0.085434502 -0.33225401 234 88 12
0.15587145 -0.071160322 -0.33174624 234 88 12
0.063311683 0.19432594 -0.31290532 234 88 12
0.046230874 0.23337686 -0.3102172 234 88 12
0.045128232 0.23581709 -0.31000668 234 88 12
0.036804321 0.25557489 -0.30827749 234 88 12
0.012605837 0.31314661 -0.30488751 234 88 12
-0.2099483 0.43716459 -0.28994827 234 88 12
0.15579147 -0.071637079 -0.3341915 234 88 12
0.098426053 0.10401226 -0.32077527 234 88 12
0.06999475 0.17713761 -0.31605292 234 88 12
0.065609513 0.18906742 -0.31526892 234 88 12
0.032788741 0.26563685 -0.30917838 234 88 12
0.028694457 0.27525092 -0.30872602 234 88 12
-0.00064317289 0.34830987 -0.30401915 234 88 12
-0.0063680007 0.36432481 -0.3035514 234 88 12
-0.012309757 0.38352304 -0.303125 234 88 12
-0.019760835 0.4068718 -0.30196402 234 88 12
-0.19722674 0.44199237 -0.29220979 234 88 12
-0.23535023 0.42737985 -0.29090737 234 88 12
-0.42222381 0.38126884 -0.28666549 234 88 12
0.12657393 0.01276427 -0.33096167 234 88 12
0.097093847 0.1072121 -0.32269492 234 88 12
0.03390453 0.26336121 -0.31124227 234 88 12
0.020957278 0.29530508 -0.30931868 234 88 12
0.0046147882 0.33478581 -0.30663592 234 88 12
0.00033338578 0.3461865 -0.30586788 234 88 12
-0.1163225 0.46642256 -0.2995312 234 88 12
-0.12051495 0.46539544 -0.29947159 234 88 12
-0.14173478 0.46063514 -0.29885129 234 88 12
-0.15713136 0.45659766 -0.29763022 234 88 12
-0.17525856 0.4502879 -0.29582027 234 88 12
-0.21215567 0.43651744 -0.29334085 234 88 12
0.15289252 -0.065016749 -0.33862452 234 88 12
0.11945897 0.03546184 -0.33145097 234 88 12
0.092062323 0.11957449 -0.32373681 234 88 12
0.088459915 0.12896893 -0.32299999 234 88 12
0.065651565 0.18958261 -0.31909555 234 88 12
-0.16373044 0.45449989 -0.29855236 234 88 12
-0.16827864 0.45289719 -0.29804172 234 88 12
0.17636258 -0.11296131 -0.34312911 234 88 12
0.16754276 -0.10033335 -0.34231254 234 88 12
0.13834671 -0.021364706 -0.33861485 234 88 12
0.087202364 0.13224928 -0.32476501 234 88 12
0.059878841 0.20307174 -0.32001046 234 88 12
0.0022174521 0.34174751 -0.30948461 234 88 12
-0.014818389 0.39375431 -0.3074891 234 88 12
-0.016352974 0.39838575 -0.30725762 234 88 12
-0.018727781 0.40511106 -0.3069436 234 88 12
-0.11416148 0.46701055 -0.30279415 234 88 12
0.17618252 -0.11362978 -0.34543602 234 88 12
0.065661476 0.18992969 -0.32284876 234 88 12
0.017256083 0.30440888 -0.31364925 234 88 12
-0.17941092 0.44897502 -0.30039164 234 88 12
-0.2193421 0.43414932 -0.29831909 234 88 12
0.028159822 0.27824105 -0.31731498 234 88 12
0.013241049 0.31312832 -0.31486694 234 88 12
-0.0036176181 0.35815229 -0.31217813 234 88 12
-0.0052586776 0.36280159 -0.31193927 234 88 12
-0.16787703 0.45321063 -0.30313253 234 88 12
0.17762636 -0.11707561 -0.35018171 234 88 12
0.15631451 -0.079627016 -0.34859544 234 88 12
0.14581178 -0.046824958 -0.34685356 234 88 12
0.12013809 0.030974718 -0.34048117 234 88 12
0.11241025 0.059108086 -0.33774242 234 88 12
0.068929029 0.18130174 -0.32732307 234 88 12
0.051908786 0.2216194 -0.32402536 234 88 12
0.040268801 0.24894417 -0.32143215 234 88 12
0.0085378895 0.32514577 -0.31562676 234 88 12
-0.13500546 0.46204658 -0.30710316 234 88 12
-0.1863403 0.44658233 -0.30308157 234 88 12
-0.20139134 0.44096948 -0.30223219 234 88 12
0.12742442 0.0086351092 -0.34486121 234 88 12
0.1008616 0.093530302 -0.33661233 234 88 12
0.028318283 0.27832098 -0.32070946 234 88 12
-0.0075392205 0.37015755 -0.31508565 234 88 12
-0.014671783 0.39433895 -0.31398826 234 88 12
-0.016966715 0.40116811 -0.31351286 234 88 12
-0.11621606 0.46654725 -0.30901196 234 88 12
-0.12651725 0.46397538 -0.30903796 234 88 12
0.11893571 0.035164805 -0.34438078 234 88 12
0.10524931 0.079708353 -0.33997261 234 88 12
0.064566578 0.19333282 -0.32999239 234 88 12
0.054169606 0.2166524 -0.32801269 234 88 12
0.045449373 0.23695857 -0.32602212 234 88 12
0.037332065 0.25657553 -0.32417216 234 88 12
0.031328006 0.27112648 -0.32292927 234 88 12
0.0096532715 0.32273039 -0.31905748 234 88 12
-0.11826401 0.46606806 -0.31060291 234 88 12
-0.13067891 0.46304591 -0.31049704 234 88 12
-0.43052411 0.38129091 -0.30302298 234 88 12
0.16175961 -0.095938985 -0.35580356 234 88 12
0.12591291 0.01200093 -0.34870466 234 88 12
-0.014619163 0.39463657 -0.31705018 234 88 12
-0.020110622 0.41026914 -0.31616137 234 88 12
-0.12855962 0.46356499 -0.31207705 234 88 12
-0.2113998 0.43763438 -0.30710347 234 88 12
0.15295138 -0.074293449 -0.35733291 234 88 12
0.10388152 0.083336703 -0.34385009 234 88 12
0.089999493 0.12281528 -0.33976667 234 88 12
0.081003684 0.14850628 -0.3371783 234 88 12
0.037416628 0.25677738 -0.32765377 234 88 12
0.013650219 0.31327781 -0.32282983 234 88 12
-0.022964111 0.42029835 -0.3170687 234 88 12
-0.15169116 0.45866848 -0.31262062 234 88 12
-0.18384271 0.44796955 -0.30993434 234 88 12
-0.22144934 0.43402587 -0.30877057 234 88 12
-0.44489943 0.37944614 -0.30666724 234 88 12
0.16154414 -0.09726892 -0.36033775 234 88 12
0.06109247 0.20173725 -0.33463384 234 88 12
0.0508697 0.22489524 -0.33247237 234 88 12
0.027605557 0.28101749 -0.32707628 234 88 12
-0.0017303051 0.3541822 -0.32203546 234 88 12
-0.11423788 0.46729382 -0.31526744 234 88 12
0.17870219 -0.12221298 -0.36394329 234 88 12
0.1698453 -0.11112875 -0.36318219 234 88 12
0.16812795 -0.10869822 -0.3630452 234 88 12
0.14513458 -0.048133665 -0.36091473 234 88 12
-0.022235009 0.41807473 -0.32025622 234 88 12
-0.20650619 0.43975843 -0.31254961 234 88 12
-0.41175203 0.38473506 -0.31179128 234 88 12
0.17325361 -0.11622475 -0.36571861 234 88 12
0.15363598 -0.080514898 -0.36435948 234 88 12
0.12058802 0.027370965 -0.3558772 234 88 12
0.033553797 0.26675687 -0.33177055 234 88 12
-0.022822682 0.42094491 -0.32167483 234 88 12
-0.14098797 0.46147732 -0.31806178 234 88 12
-0.44182436 0.38085998 -0.31310793 234 88 12
0.14848284 -0.062509411 -0.36620753 234 88 12
0.12671812 0.0090701542 -0.36011008 234 88 12
0.0072548177 0.33066403 -0.32799871 234 88 12
-0.12648404 0.46455557 -0.32002186 234 88 12
-0.42240914 0.38374941 -0.31562027 234 88 12
0.16618126 -0.10761622 -0.36969001 234 88 12
0.15327131 -0.081794231 -0.36884869 234 88 12
0.1410281 -0.035095609 -0.36685781 234 88 12
-0.022073844 0.41892121 -0.3247866 234 88 12
-0.21684153 0.43632848 -0.31773692 234 88 12
0.1530932 -0.082449381 -0.37105518 234 88 12
0.13567965 -0.017815647 -0.36748279 234 88 12
0.12781521 0.0054828628 -0.36469467 234 88 12
0.11370726 0.052424905 -0.35990293 234 88 12
0.11014183 0.063413002 -0.35859377 234 88 12
0.10783431 0.070354286 -0.35788293 234 88 12
0.063435734 0.19730718 -0.34418193 234 88 12
0.034709518 0.26484637 -0.33720103 234 88 12
-0.011757116 0.3866178 -0.32852007 234 88 12
0.16430593 -0.10595782 -0.37395972 234 88 12
0.14790044 -0.06430967 -0.37272047 234 88 12
0.019020228 0.30326421 -0.33481785 234 88 12
0.016044857 0.30973912 -0.33429063 234 88 12
0.014096545 0.31423863 -0.33410828 234 88 12
-0.0088948526 0.37712189 -0.33062276 234 88 12
-0.22986184 0.43178579 -0.32151711 234 88 12
-0.3768128 0.38931813 -0.32254986 234 88 12
-0.39442325 0.38722933 -0.3219697 234 88 12
-0.4071657 0.38572159 -0.321596 234 88 12
0.11911603 0.031713919 -0.36618795 234 88 12
0.090608943 0.1203639 -0.35627351 234 88 12
0.033766072 0.26751916 -0.34031336 234 88 12
-0.013995719 0.39423816 -0.33093796 234 88 12
-0.17924424 0.45150005 -0.32381429 234 88 12
-0.21225271 0.43886218 -0.32297079 234 88 12
0.11679654 0.040018123 -0.36750702 234 88 12
-0.42317103 0.38412055 -0.32528763 234 88 12
0.094750868 0.10745383 -0.36201289 234 88 12
0.07480107 0.16429668 -0.35531197 234 88 12
-0.13499708 0.46403887 -0.32938133 234 88 12
-0.23535311 0.43058525 -0.32670285 234 88 12
0.16028723 -0.10201825 -0.3825771 234 88 12
0.15688505 -0.095766325 -0.38244543 234 88 12
0.12718274 0.0046996159 -0.37513908 234 88 12
0.091302944 0.1171653 -0.36289148 234 88 12
0.075819932 0.1613349 -0.35757936 234 88 12
0.071609004 0.17348437 -0.35652953 234 88 12
0.043800251 0.24371218 -0.34849833 234 88 12
-0.02080298 0.41563312 -0.3338698 234 88 12
-0.12669071 0.4661123 -0.33107987 234 88 12
-0.21248382 0.43998635 -0.32808984 234 88 12
0.09336496 0.1106648 -0.36570758 234 88 12
0.081363737 0.14630923 -0.3612591 234 88 12
0.056467998 0.21309313 -0.35370547 234 88 12
0.050086899 0.228784 -0.35188128 234 88 12
0.034843911 0.26576784 -0.34762849 234 88 12
-0.014879967 0.39745892 -0.33667081 234 88 12
-0.16995072 0.45625616 -0.33082872 234 88 12
-0.21251559 0.44037697 -0.32977699 234 88 12
-0.40511887 0.38634655 -0.33073485 234 88 12
0.1161881 0.039407701 -0.37594939 234 88 12
0.088922844 0.12357169 -0.36617895 234 88 12
0.067562845 0.18611188 -0.35879321 234 88 12
0.044965287 0.24148481 -0.35232658 234 88 12
-0.020089542 0.41379951 -0.33700506 234 88 12
-0.13692358 0.46481348 -0.33400223 234 88 12
-0.24306144 0.42887303 -0.33204773 234 88 12
-0.25305657 0.42523867 -0.33227203 234 88 12
-0.2734265 0.41805669 -0.33271168 234 88 12
-0.38495137 0.38917113 -0.33300814 234 88 12
0.15494933 -0.092840417 -0.38855946 234 88 12
0.10772744 0.066095102 -0.37500309 234 88 12
0.099720072 0.090381299 -0.37225673 234 88 12
0.096414187 0.10065159 -0.37106258 234 88 12
0.066447634 0.1892138 -0.36032302 234 88 12
0.054412622 0.21862919 -0.35685657 234 88 12
0.04397484 0.24409059 -0.35389131 234 88 12
-0.14526046 0.46367458 -0.33538246 234 88 12
-0.16981332 0.45736855 -0.33411063 234 88 12
-0.2100476 0.44224201 -0.33311133 234 88 12
-0.23295375 0.43328261 -0.33353158 234 88 12
-0.27093241 0.41938331 -0.33438257 234 88 12
-0.27849577 0.41676614 -0.33453744 234 88 12
-0.32959647 0.40156515 -0.3352766 234 88 12
0.11810983 0.030703593 -0.38088082 234 88 12
0.11588475 0.039087177 -0.3801907 234 88 12
0.05233002 0.22410855 -0.35806549 234 88 12
0.044035444 0.24427558 -0.35577763 234 88 12
0.037934381 0.25910196 -0.3538867 234 88 12
-0.11265178 0.47025051 -0.33702543 234 88 12
-0.16974344 0.45793048 -0.33576601 234 88 12
-0.20486656 0.44482059 -0.33476853 234 88 12
-0.21260365 0.44170832 -0.33482589 234 88 12
-0.37737207 0.39080118 -0.33679741 234 88 12
-0.39509584 0.38828036 -0.33645675 234 88 12
0.10859669 0.062123175 -0.37967943 234 88 12
0.083234432 0.14011708 -0.36996673 234 88 12
0.06206508 0.20060441 -0.36274018 234 88 12
0.057673837 0.21101295 -0.3614865 234 88 12
-0.1516937 0.46332949 -0.33827218 234 88 12
-0.17892666 0.45552221 -0.33689461 234 88 12
-0.32723779 0.40277954 -0.338783 234 88 12
-0.3429795 0.39870754 -0.33894042 234 88 12
-0.35886066 0.39484557 -0.33888014 234 88 12
-0.46204247 0.37916882 -0.33924743 234 88 12
0.11785421 0.03040582 -0.38508334 234 88 12
0.033954668 0.26911639 -0.35608163 234 88 12
0.031943277 0.27377804 -0.3553765 234 88 12
0.014591421 0.31670971 -0.35016819 234 88 12
-0.38011739 0.39076901 -0.34024976 234 88 12
0.080893758 0.14660634 -0.37305269 234 88 12
0.079810539 0.1496599 -0.37267169 234 88 12
0.065314163 0.19249204 -0.36768545 234 88 12
0.03296772 0.2716692 -0.35749242 234 88 12
0.025285362 0.29107725 -0.3548966 234 88 12
-0.01278237 0.39195523 -0.3463741 234 88 12
-0.015778691 0.40162719 -0.34554848 234 88 12
-0.18634359 0.45379006 -0.33994045 234 88 12
-0.22294526 0.439009 -0.34014114 234 88 12
-0.31497767 0.40640716 -0.34235466 234 88 12
-0.36705965 0.3934972 -0.34219695 234 88 12
0.16692448 -0.1128566 -0.39992605 234 88 12
0.14994946 -0.080673041 -0.3988588 234 88 12
0.14587368 -0.067092114 -0.39838534 234 88 12
0.14466817 -0.062380299 -0.39816077 234 88 12
0.12123828 0.018241909 -0.39003805 234 88 12
0.06207694 0.20087147 -0.36843447 234 88 12
0.020550349 0.30349382 -0.3549402 234 88 12
0.017605981 0.31041444 -0.35406195 234 88 12
-0.19701632 0.44992615 -0.34149541 234 88 12
-0.21283978 0.44334638 -0.34171155 234 88 12
0.12882303 -0.0047162987 -0.39458447 234 88 12
0.087169089 0.12681302 -0.37964771 234 88 12
0.062081677 0.20093956 -0.37037898 234 88 12
-0.0065064307 0.37343007 -0.35084976 234 88 12
-0.011274269 0.38776299 -0.34982555 234 88 12
-0.10487518 0.47326831 -0.34433644 234 88 12
-0.14509806 0.46657321 -0.34487399 234 88 12
-0.25599508 0.42724742 -0.344445 234 88 12
0.13976108 -0.044001114 -0.40091275 234 88 12
0.090052707 0.11640801 -0.38292541 234 88 12
0.077440055 0.15570036 -0.37768393 234 88 12
0.07023658 0.17692625 -0.37527452 234 88 12
0.032947666 0.27227634 -0.36272033 234 88 12
0.029038306 0.28181107 -0.36139593 234 88 12
0.012863369 0.32288212 -0.35617772 234 88 12
-0.087491676 0.47599221 -0.3449603 234 88 12
-0.10878956 0.47292461 -0.34598066 234 88 12
-0.20784304 0.44612472 -0.34513986 234 88 12
-0.27664487 0.42003157 -0.34669743 234 88 12
-0.28941661 0.41561674 -0.34699795 234 88 12
0.11742122 0.029314186 -0.39521394 234 88 12
0.081690829 0.14357169 -0.38131431 234 88 12
0.079505993 0.14974515 -0.38040276 234 88 12
0.021461223 0.3018022 -0.36023316 234 88 12
0.011898117 0.3256358 -0.35753877 234 88 12
-0.17426162 0.45972635 -0.34705643 234 88 12
-0.3386292 0.4013457 -0.34959989 234 88 12
0.13359358 -0.022346471 -0.40260993 234 88 12
0.10751386 0.059986209 -0.39433844 234 88 12
0.090659815 0.11259591 -0.38739685 234 88 12
0.089613825 0.11606989 -0.38687236 234 88 12
0.085637962 0.13003682 -0.38507248 234 88 12
0.080492499 0.1466496 -0.3827528 234 88 12
0.055661975 0.21721129 -0.37395673 234 88 12
0.040998328 0.25301958 -0.36932579 234 88 12
0.011885884 0.3259286 -0.35913332 234 88 12
-0.093239081 0.47589352 -0.34827494 234 88 12
-0.27432082 0.42135476 -0.35015233 234 88 12
-0.37022699 0.39381761 -0.35111631 234 88 12
-0.4395258 0.38257322 -0.35220725 234 88 12
0.14340339 -0.05766204 -0.40803056 234 88 12
0.11246506 0.044935148 -0.3979555 234 88 12
0.080347036 0.14660822 -0.38468528 234 88 12
0.078189382 0.15267085 -0.38383222 234 88 12
0.044074305 0.2455603 -0.37209574 234 88 12
-0.015876244 0.40374751 -0.35466005 234 88 12
-0.085577923 0.47698732 -0.34955469 234 88 12
-0.10494025 0.47434087 -0.35036453 234 88 12
-0.14957479 0.46726491 -0.35106789 234 88 12
-0.18384879 0.4570455 -0.3502531 234 88 12
-0.35193394 0.39830904 -0.35307736 234 88 12
-0.41237394 0.38610089 -0.35297333 234 88 12
0.12716258 -0.0024620016 -0.40437804 234 88 12
0.12457496 0.0052813548 -0.40333239 234 88 12
-0.0038388701 0.36750484 -0.35896578 234 88 12
-0.011960905 0.39183929 -0.35731525 234 88 12
-0.23380905 0.4368973 -0.35248078 234 88 12
-0.25646087 0.42850605 -0.35319028 234 88 12
-0.28467772 0.41822209 -0.35392596 234 88 12
-0.34689365 0.39980505 -0.35489158 234 88 12
-0.35724379 0.3971779 -0.35480313 234 88 12
0.1597752 -0.10122697 -0.4136293 234 88 12
0.11223961 0.044280562 -0.40198667 234 88 12
0.094191974 0.097402493 -0.39546189 234 88 12
0.090055382 0.11172429 -0.39333471 234 88 12
0.08216686 0.14006334 -0.38938315 234 88 12
0.044025026 0.24570293 -0.3756374 234 88 12
0.028883339 0.28275552 -0.36982411 234 88 12
-0.0038007369 0.36775484 -0.36052854 234 88 12
-0.015022541 0.4020015 -0.35787865 234 88 12
-0.11079413 0.47405544 -0.35368208 234 88 12
-0.11468026 0.47347929 -0.35379208 234 88 12
-0.14525582 0.46883315 -0.35441085 234 88 12
-0.16300812 0.46454307 -0.35388765 234 88 12
-0.18391002 0.45763917 -0.35376861 234 88 12
-0.20271361 0.44969859 -0.35373087 234 88 12
0.16340412 -0.10632662 -0.41590757 234 88 12
0.096134182 0.089838475 -0.39842244 234 88 12
0.083067651 0.1365711 -0.39180673 234 88 12
0.062764594 0.19799229 -0.38364296 234 88 12
0.050374605 0.2306764 -0.37942622 234 88 12
-0.018020945 0.41191059 -0.35881785 234 88 12
-0.20276335 0.44991863 -0.35544602 234 88 12
-0.32630222 0.4056184 -0.35831126 234 88 12
-0.34449096 0.40078364 -0.35850649 234 88 12
-0.37860778 0.39248829 -0.35846671 234 88 12
-0.38388222 0.39134752 -0.35846091 234 88 12
-0.43219543 0.38311543 -0.35944474 234 88 12
0.065696559 0.18914024 -0.38660778 234 88 12
0.054603829 0.22023728 -0.3825967 234 88 12
0.013865587 0.32253151 -0.3678921 234 88 12
-0.091281368 0.47742192 -0.35591519 234 88 12
-0.26442247 0.42600289 -0.35887596 234 88 12
-0.37067906 0.39457994 -0.36039901 234 88 12
-0.3866172 0.39090419 -0.36032273 234 88 12
-0.38917042 0.39039122 -0.36033531 234 88 12
0.11821966 0.023626501 -0.40993805 234 88 12
0.087463744 0.11800024 -0.39816689 234 88 12
0.036817428 0.26401511 -0.37807455 234 88 12
0.035792031 0.26652675 -0.37766598 234 88 12
0.021258667 0.30345147 -0.37187376 234 88 12
-0.00024605512 0.35866059 -0.36606866 234 88 12
-0.23908163 0.43565658 -0.35977696 234 88 12
-0.3138476 0.40941811 -0.36165764 234 88 12
0.15355098 -0.086136221 -0.42146541 234 88 12
0.12725166 -0.0032878104 -0.41486619 234 88 12
0.11318962 0.039526733 -0.41057585 234 88 12
0.10133638 0.07089664 -0.40665582 234 88 12
0.094304354 0.092241163 -0.40374396 234 88 12
0.061639825 0.20097471 -0.38875918 234 88 12
-0.0011323219 0.36143059 -0.36746801 234 88 12
-0.13676791 0.47156355 -0.36067903 234 88 12
-0.17909109 0.46042001 -0.36065763 234 88 12
-0.19752933 0.45277022 -0.36064701 234 88 12
-0.32155726 0.4074331 -0.3636002 234 88 12
-0.33439441 0.40386032 -0.36369538 234 88 12
0.15858423 -0.096218831 -0.42372297 234 88 12
0.065486662 0.18923942 -0.39216886 234 88 12
0.037790128 0.26187924 -0.38202957 234 88 12
0.015674984 0.31865035 -0.37344368 234 88 12
-0.010913031 0.39139794 -0.36661961 234 88 12
-0.20035523 0.45167229 -0.3624335 234 88 12
-0.26212318 0.427286 -0.36419247 234 88 12
-0.3140636 0.40971316 -0.36527367 234 88 12
-0.35255158 0.39944593 -0.36578991 234 88 12
0.12604687 0.00039444214 -0.4187515 234 88 12
0.045013949 0.24394907 -0.38666199 234 88 12
0.011974484 0.32881135 -0.3739632 234 88 12
0.0081793439 0.3384154 -0.3729387 234 88 12
-0.089300409 0.47873022 -0.36196335 234 88 12
-0.093182637 0.47823572 -0.36198842 234 88 12
-0.32180118 0.40763278 -0.36718305 234 88 12
-0.371166 0.39497694 -0.36769708 234 88 12
0.14679908 -0.06377894 -0.42695612 234 88 12
0.1207861 0.015327001 -0.41909938 234 88 12
0.11821449 0.023045255 -0.41839441 234 88 12
0.070769584 0.17005651 -0.39830438 234 88 12
0.0034856692 0.35025082 -0.37339209 234 88 12
-0.083508621 0.47956207 -0.36332835 234 88 12
-0.13692286 0.47234424 -0.36531354 234 88 12
-0.22682012 0.44090397 -0.36665305 234 88 12
-0.2777433 0.42182964 -0.3681598 234 88 12
-0.3194082 0.40839658 -0.36892592 234 88 12
-0.35282763 0.39957187 -0.36945168 234 88 12
0.15419223 -0.084334042 -0.42993161 234 88 12
0.13007865 -0.011561447 -0.42422513 234 88 12
0.051353396 0.22889576 -0.39230404 234 88 12
0.0043991329 0.34823976 -0.37523273 234 88 12
-0.016252603 0.41002021 -0.36988163 234 88 12
-0.017026471 0.41241796 -0.36974874 234 88 12
-0.089291613 0.47928021 -0.36505018 234 88 12
-0.24213871 0.43503165 -0.36890573 234 88 12
-0.24962074 0.43223306 -0.36925053 234 88 12
-0.25215973 0.43128449 -0.36933008 234 88 12
-0.27019425 0.42457315 -0.36974889 234 88 12
-0.37688982 0.39370262 -0.37128444 234 88 12
-0.4311944 0.38274511 -0.3724979 234 88 12
-0.44236353 0.38116413 -0.37294228 234 88 12
0.11950851 0.018816435 -0.42291776 234 88 12
0.10306034 0.06248802 -0.41741843 234 88 12
0.093179039 0.09030032 -0.41343422 234 88 12
0.087079594 0.1125713 -0.41021384 234 88 12
0.021015942 0.30519235 -0.38231709 234 88 12
0.0071807653 0.34164417 -0.37762971 234 88 12
-0.097154491 0.47851618 -0.36685274 234 88 12
-0.10506967 0.47734789 -0.36721127 234 88 12
0.16784442 -0.10888049 -0.43503545 234 88 12
0.16617265 -0.1058619 -0.4348748 234 88 12
0.10978095 0.045399414 -0.42197265 234 88 12
0.0711721 0.16635994 -0.40423617 234 88 12
0.049065974 0.23427367 -0.39515738 234 88 12
0.020006248 0.30790026 -0.38374185 234 88 12
0.015472606 0.32017764 -0.38221695 234 88 12
-0.010748198 0.39333642 -0.37453379 234 88 12
-0.10909093 0.47704876 -0.36891622 234 88 12
-0.24733974 0.4332301 -0.37274196 234 88 12
-0.32237033 0.40780372 -0.37424165 234 88 12
-0.33012071 0.40567672 -0.37429754 234 88 12
-0.37989686 0.39316127 -0.37510111 234 88 12
0.14861207 -0.067209318 -0.43560619 234 88 12
0.070071651 0.16935415 -0.40574151 234 88 12
-0.087420104 0.48029676 -0.36959854 234 88 12
-0.13731134 0.47315731 -0.37141866 234 88 12
-0.1568648 0.46873698 -0.3719283 234 88 12
-0.20387702 0.45079936 -0.37296115 234 88 12
-0.33278569 0.40499853 -0.37605939 234 88 12
-0.40679155 0.38722879 -0.37744213 234 88 12
0.086346013 0.11163479 -0.41608288 234 88 12
0.057240506 0.21296905 -0.40180411 234 88 12
0.056248992 0.21577813 -0.40137973 234 88 12
0.053183478 0.22403226 -0.40017574 234 88 12
0.041473628 0.25255518 -0.39613532 234 88 12
0.0088419082 0.33775859 -0.38341361 234 88 12
-0.44928845 0.37962436 -0.38052813 234 88 12
0.16971887 -0.11196241 -0.4419106 234 88 12
0.15964001 -0.093103088 -0.44101481 234 88 12
0.074457977 0.15321747 -0.4115045 234 88 12
-0.16608126 0.46619667 -0.37537751 234 88 12
-0.25018964 0.43238607 -0.37817689 234 88 12
-0.2990741 0.41529032 -0.37935119 234 88 12
-0.31764153 0.40942373 -0.3794723 234 88 12
0.073312248 0.15613216 -0.41286901 234 88 12
0.030964564 0.27852424 -0.39541601 234 88 12
0.00063804026 0.35906191 -0.38457699 234 88 12
-0.0068619599 0.3817054 -0.38228158 234 88 12
-0.11518189 0.4771138 -0.37526117 234 88 12
-0.14621145 0.47183827 -0.37638049 234 88 12
-0.20151855 0.45205864 -0.37809389 234 88 12
-0.26035317 0.42868828 -0.38024048 234 88 12
-0.27068686 0.42491111 -0.38053036 234 88 12
-0.36433323 0.39744393 -0.38221885 234 88 12
0.075180656 0.14958034 -0.41578036 234 88 12
0.062866779 0.1952689 -0.40955238 234 88 12
-0.0002482174 0.36172356 -0.38595573 234 88 12
-0.12730968 0.4755497 -0.37722101 234 88 12
-0.1293528 0.47520835 -0.37726432 234 88 12
-0.19071206 0.45689477 -0.37962009 234 88 12
-0.37506349 0.39501725 -0.38430539 234 88 12
0.16009681 -0.09246213 -0.44781858 234 88 12
0.1584551 -0.089096108 -0.44767291 234 88 12
0.12054871 0.01411518 -0.43822471 234 88 12
0.10490329 0.053783597 -0.43260222 234 88 12
0.099366782 0.066823014 -0.43045317 234 88 12
0.068655213 0.17183777 -0.41447653 234 88 12
0.051948584 0.22712329 -0.40686907 234 88 12
0.016783188 0.31640984 -0.39346045 234 88 12
-0.18816541 0.45810417 -0.3813753 234 88 12
-0.27596372 0.42326888 -0.38429748 234 88 12
-0.39663656 0.38991035 -0.38657181 234 88 12
-0.42484125 0.38348469 -0.38730023 234 88 12
-0.43619388 0.38146317 -0.38767372 234 88 12
-0.45340924 0.378628 -0.38814594 234 88 12
0.14656498 -0.05817089 -0.44838702 234 88 12
0.1423135 -0.046595254 -0.44737499 234 88 12
0.12885733 -0.0078493861 -0.44336174 234 88 12
0.12333533 0.0068409124 -0.4414348 234 88 12
0.12195403 0.010431286 -0.44092652 234 88 12
0.091903 0.087580308 -0.42945754 234 88 12
0.058001217 0.21032061 -0.41099936 234 88 12
0.057017784 0.21323035 -0.41060289 234 88 12
-0.3206522 0.40906659 -0.38670123 234 88 12
-0.40494317 0.38817469 -0.38868279 234 88 12
-0.45071191 0.37907963 -0.39000207 234 88 12
-0.45663714 0.37803914 -0.39018935 234 88 12
0.130241 -0.011547175 -0.44609526 234 88 12
0.062707343 0.19532248 -0.4150021 234 88 12
0.052901478 0.22471356 -0.41084324 234 88 12
0.047574283 0.23787465 -0.4089994 234 88 12
-0.18321575 0.460299 -0.38463009 234 88 12
-0.28633371 0.42001824 -0.38820111 234 88 12
-0.32078283 0.4091858 -0.38853543 234 88 12
0.077707044 0.13910585 -0.42506675 234 88 12
0.060844175 0.20156383 -0.41593413 234 88 12
0.021012311 0.30466638 -0.40065128 234 88 12
-0.089479297 0.48218801 -0.38223412 234 88 12
-0.11553755 0.47818779 -0.3830142 234 88 12
-0.12165732 0.47719593 -0.38310798 234 88 12
-0.14254758 0.47330256 -0.38416918 234 88 12
-0.14468524 0.47282902 -0.38427134 234 88 12
-0.14684678 0.47233708 -0.38438145 234 88 12
-0.1808466 0.46131595 -0.38625006 234 88 12
0.11489688 0.028570916 -0.44502637 234 88 12
0.10468898 0.052640041 -0.44113255 234 88 12
0.083428919 0.11673009 -0.43071163 234 88 12
0.077659522 0.13896201 -0.42705677 234 88 12
0.071927976 0.15866204 -0.42392719 234 88 12
0.038906819 0.25891579 -0.40961361 234 88 12
-0.00050985838 0.36266349 -0.39455631 234 88 12
-0.1810097 0.46129971 -0.38794664 234 88 12
-0.22562349 0.44247233 -0.38962985 234 88 12
-0.31330742 0.41156616 -0.39212352 234 88 12
-0.32625305 0.40792561 -0.39230391 234 88 12
-0.37845727 0.39473322 -0.39369773 234 88 12
-0.12187104 0.47755201 -0.38625183 234 88 12
-0.13855024 0.47437355 -0.38711879 234 88 12
-0.23086784 0.44045903 -0.39165749 234 88 12
-0.26623898 0.42721082 -0.39292325 234 88 12
-0.26880206 0.4262903 -0.39301068 234 88 12
-0.41434843 0.38614306 -0.39652087 234 88 12
-0.43180076 0.38233418 -0.3971153 234 88 12
0.14582678 -0.053036645 -0.4599187 234 88 12
0.11906914 0.017039988 -0.45062308 234 88 12
0.077580102 0.13864044 -0.43103967 234 88 12
0.076595941 0.14213752 -0.4304373 234 88 12
0.064271786 0.1890973 -0.42331579 234 88 12
-0.12406352 0.47731548 -0.3878956 234 88 12
-0.30286155 0.4149656 -0.39555236 234 88 12
-0.3370044 0.40516098 -0.39615724 234 88 12
-0.37335615 0.3961473 -0.39730625 234 88 12
0.1676091 -0.10445983 -0.4651854 234 88 12
0.13450629 -0.022708027 -0.45891223 234 88 12
0.12616998 -0.0006265634 -0.45543841 234 88 12
0.096419983 0.071449349 -0.44391768 234 88 12
0.071806423 0.15859144 -0.42970273 234 88 12
0.068354629 0.1718931 -0.42774339 234 88 12
-0.010574099 0.3969452 -0.39549801 234 88 12
-0.012036272 0.40224977 -0.39487717 234 88 12
-0.15181268 0.4713441 -0.39105615 234 88 12
-0.24374017 0.43569848 -0.39551266 234 88 12
-0.30573466 0.41412691 -0.39732837 234 88 12
-0.37084039 0.39683818 -0.39908005 234 88 12
0.09398005 0.078346218 -0.44482553 234 88 12
0.069980935 0.16518893 -0.43068335 234 88 12
0.032102307 0.27499931 -0.41435932 234 88 12
0.031022738 0.27748435 -0.41391523 234 88 12
-0.091677491 0.48349158 -0.39039674 234 88 12
-0.43846001 0.38086962 -0.40311387 234 88 12
0.16929886 -0.10775978 -0.47008975 234 88 12
0.10289003 0.053749871 -0.4510883 234 88 12
0.086235234 0.10430019 -0.44253117 234 88 12
0.012000998 0.32753075 -0.40804553 234 88 12
0.0074354049 0.33972255 -0.40615917 234 88 12
0.0056429943 0.34441493 -0.405481 234 88 12
-0.010743163 0.39722498 -0.3986544 234 88 12
-0.40957325 0.38726674 -0.4040596 234 88 12
0.14295906 -0.044991274 -0.46856234 234 88 12
0.11876274 0.015962983 -0.45933198 234 88 12
0.11158059 0.033407882 -0.45672883 234 88 12
0.080339009 0.12688011 -0.44098037 234 88 12
0.028619206 0.28245791 -0.41665347 234 88 12
-0.1657869 0.46708915 -0.39664292 234 88 12
-0.20071029 0.45312212 -0.39874225 234 88 12
-0.22902397 0.44181198 -0.40001157 234 88 12
-0.3376839 0.40538678 -0.40332433 234 88 12
-0.34544336 0.40329886 -0.40351802 234 88 12
-0.39845129 0.38999418 -0.40556492 234 88 12
-0.40982489 0.38712183 -0.40593373 234 88 12
-0.47090333 0.37568182 -0.40784242 234 88 12
0.11583332 0.022503711 -0.4605717 234 88 12
0.11297039 0.029478126 -0.45948096 234 88 12
0.1014315 0.056099204 -0.45469992 234 88 12
0.051345759 0.22857201 -0.42661781 234 88 12
-0.12480706 0.47807397 -0.39597999 234 88 12
-0.23425667 0.43986937 -0.40190761 234 88 12
-0.31181737 0.41257872 -0.40438013 234 88 12
-0.38767013 0.392617 -0.40692124 234 88 12
-0.44799233 0.37871093 -0.40910287 234 88 12
0.16095078 -0.09206995 -0.47640232 234 88 12
0.15777577 -0.085114833 -0.47605728 234 88 12
0.13588386 -0.026326991 -0.47074681 234 88 12
0.057189377 0.21131591 -0.43111267 234 88 12
0.016765512 0.31209772 -0.41561706 234 88 12
0.014082487 0.31967662 -0.41443729 234 88 12
-0.013132982 0.40555714 -0.40253043 234 88 12
-0.10210054 0.48309925 -0.39725319 234 88 12
-0.18525568 0.45989979 -0.40136659 234 88 12
-0.19836304 0.45433433 -0.40202984 234 88 12
-0.26213393 0.42963968 -0.40495419 234 88 12
-0.26991749 0.42674986 -0.40515275 234 88 12
0.095208014 0.072803208 -0.4558637 234 88 12
0.041472639 0.25250092 -0.42670803 234 88 12
-0.0097898865 0.39204039 -0.40578634 234 88 12
-0.15724311 0.47011167 -0.40098599 234 88 12
-0.23701137 0.43912184 -0.40547548 234 88 12
-0.38533539 0.39314598 -0.41057034 234 88 12
-0.4105701 0.38665653 -0.41160128 234 88 12
-0.46893181 0.37554151 -0.41377662 234 88 12
0.13316859 -0.018848251 -0.47421699 234 88 12
0.024019553 0.29220427 -0.42234844 234 88 12
0.0030554322 0.34903149 -0.41345459 234 88 12
-0.12731634 0.47819505 -0.40096089 234 88 12
-0.41375957 0.38570145 -0.41366351 234 88 12
-0.4315421 0.38134808 -0.41430732 234 88 12
-0.43447665 0.3807738 -0.41448012 234 88 12
0.16258798 -0.09561196 -0.48388664 234 88 12
0.15943347 -0.088715877 -0.4835812 234 88 12
0.11582048 0.021129217 -0.46917156 234 88 12
-0.0043252257 0.37096975 -0.41202152 234 88 12
-0.10224499 0.48409649 -0.40226414 234 88 12
-0.13591305 0.47630512 -0.40302049 234 88 12
-0.15754399 0.47022935 -0.40429459 234 88 12
-0.32281094 0.41004618 -0.41193495 234 88 12
-0.45783979 0.37664367 -0.41736577 234 88 12
0.11147473 0.030706614 -0.46962798 234 88 12
0.036874646 0.26335019 -0.43044097 234 88 12
-0.011423448 0.39767912 -0.41000598 234 88 12
-0.12542877 0.47918224 -0.40437184 234 88 12
-0.27571407 0.4253625 -0.41217346 234 88 12
-0.31509197 0.41236721 -0.41345612 234 88 12
-0.37790818 0.39505079 -0.41603063 234 88 12
-0.39422267 0.39073941 -0.41663261 234 88 12
-0.45809006 0.37651908 -0.41943113 234 88 12
-0.46102042 0.37610642 -0.41955212 234 88 12
0.15167762 -0.06904685 -0.48758598 234 88 12
0.13742332 -0.030075548 -0.48288261 234 88 12
0.13464888 -0.022427276 -0.48173659 234 88 12
0.12171687 0.0080366718 -0.47590122 234 88 12
0.010570875 0.32695642 -0.42217655 234 88 12
-0.01706978 0.41886731 -0.40930632 234 88 12
-0.11915192 0.48105324 -0.40595928 234 88 12
-0.24266876 0.43778029 -0.41256254 234 88 12
-0.25784533 0.43220874 -0.41330421 234 88 12
0.15784962 -0.084893752 -0.49082317 234 88 12
0.019478243 0.30164907 -0.42808063 234 88 12
-0.010962493 0.39504922 -0.41375246 234 88 12
-0.014986765 0.41136422 -0.41171644 234 88 12
-0.10240737 0.48510673 -0.40745704 234 88 12
-0.17429422 0.46462464 -0.41062484 234 88 12
-0.33086148 0.40833875 -0.41779446 234 88 12
-0.34393203 0.40441361 -0.41825412 234 88 12
-0.41204698 0.38572621 -0.42153151 234 88 12
0.15319572 -0.073019856 -0.49263381 234 88 12
0.14158151 -0.041500453 -0.48904242 234 88 12
0.1072579 0.038915359 -0.47441454 234 88 12
0.089924391 0.090772498 -0.46539486 234 88 12
0.043386109 0.24863662 -0.43822652 234 88 12
-0.10458087 0.48494344 -0.40922095 234 88 12
-0.14718689 0.47407438 -0.41040911 234 88 12
-0.28376447 0.42314096 -0.41782512 234 88 12
-0.38960032 0.39148492 -0.42212699 234 88 12
-0.4560201 0.3763931 -0.42546284 234 88 12
0.12175889 0.0075297397 -0.48245887 234 88 12
0.023187483 0.29198627 -0.43316474 234 88 12
0.01544232 0.31132241 -0.43018939 234 88 12
-0.016427358 0.41681396 -0.4144265 234 88 12
-0.090107744 0.48780927 -0.41039861 234 88 12
-0.13445633 0.47777541 -0.4113596 234 88 12
-0.21758063 0.44786853 -0.41686174 234 88 12
-0.28643369 0.42236699 -0.41972759 234 88 12
0.14864179 -0.061137693 -0.49612361 234 88 12
0.032001732 0.27378452 -0.43795541 234 88 12
0.0072035539 0.33440834 -0.42797905 234 88 12
-0.0029327943 0.36348341 -0.42324867 234 88 12
-0.0045008002 0.36847532 -0.4225274 234 88 12
-0.088123807 0.48839266 -0.41209947 234 88 12
-0.11745669 0.48247931 -0.41284911 234 88 12
-0.14973992 0.47368049 -0.41402149 234 88 12
-0.32073829 0.41143247 -0.42282875 234 88 12
-0.38196565 0.39325516 -0.42555167 234 88 12
-0.38472438 0.39244418 -0.42567339 234 88 12
-0.39858714 0.388684 -0.42647477 234 88 12
-0.41015637 0.38555906 -0.42715349 234 88 12
0.15153852 -0.069140976 -0.49917205 234 88 12
0.13738259 -0.030146875 -0.49407074 234 88 12
0.11885234 0.012915076 -0.48537742 234 88 12
0.078622211 0.13422757 -0.46319346 234 88 12
-0.18990397 0.45894635 -0.41870379 234 88 12
-0.21789745 0.44813144 -0.42026351 234 88 12
-0.23324685 0.44234411 -0.42093271 234 88 12
0.13201193 -0.014643263 -0.49377651 234 88 12
0.088802942 0.092786838 -0.47278123 234 88 12
0.083495386 0.11357943 -0.46907991 234 88 12
0.076669287 0.14193597 -0.46366062 234 88 12
0.0050199956 0.33924899 -0.43072953 234 88 12
-0.092322131 0.48847747 -0.41579585 234 88 12
-0.20537189 0.45308947 -0.42137072 234 88 12
-0.28435491 0.42356439 -0.42495173 234 88 12
-0.32343329 0.41078166 -0.42660013 234 88 12
-0.45163237 0.37604433 -0.43334444 234 88 12
0.14976898 -0.065571226 -0.50331844 234 88 12
0.13716483 -0.03029943 -0.49846602 234 88 12
0.079659643 0.12984751 -0.46800209 234 88 12
0.047112441 0.23882162 -0.44893662 234 88 12
-0.11142464 0.48467768 -0.41806285 234 88 12
-0.21818736 0.44842893 -0.42377389 234 88 12
-0.2386876 0.44066242 -0.42467486 234 88 12
-0.24124061 0.43969447 -0.4248168 234 88 12
-0.28948824 0.42189122 -0.42691027 234 88 12
-0.39122937 0.38986084 -0.43151139 234 88 12
0.054699388 0.21486421 -0.45461129 234 88 12
0.04404481 0.2471085 -0.44970351 234 88 12
0.010713467 0.32100637 -0.4379688 234 88 12
-0.018007454 0.42263592 -0.42225214 234 88 12
-0.088292643 0.48968804 -0.41912309 234 88 12
-0.11785492 0.48335538 -0.41997654 234 88 12
-0.30243231 0.41757679 -0.42917504 234 88 12
-0.35297809 0.40151058 -0.4317929 234 88 12
-0.37447924 0.39472408 -0.43261869 234 88 12
-0.42336263 0.3807427 -0.4354317 234 88 12
-0.42932341 0.37933597 -0.43583092 234 88 12
0.086328165 0.09957329 -0.47756228 234 88 12
0.04889616 0.23309621 -0.45354852 234 88 12
0.047931783 0.23601336 -0.45312615 234 88 12
-0.010315248 0.38640161 -0.42856566 234 88 12
-0.098770973 0.48814592 -0.42144018 234 88 12
-0.10091032 0.48768155 -0.42152366 234 88 12
-0.10943192 0.48568617 -0.42165773 234 88 12
-0.13519299 0.47892398 -0.42223752 234 88 12
-0.26964488 0.42936579 -0.42953174 234 88 12
-0.2747389 0.42748931 -0.42978302 234 88 12
-0.29472704 0.42035097 -0.43071958 234 88 12
-0.44967744 0.37547984 -0.43938218 234 88 12
0.15509047 -0.081686714 -0.51147049 234 88 12
0.11273266 0.022871678 -0.49393174 234 88 12
0.026795014 0.2830974 -0.44776742 234 88 12
-0.10523574 0.48694804 -0.42339968 234 88 12
-0.14627395 0.47597547 -0.42455523 234 88 12
-0.20093573 0.45554786 -0.42818663 234 88 12
-0.20344738 0.45457625 -0.42832929 234 88 12
-0.2517672 0.43623125 -0.43073531 234 88 12
-0.36112175 0.39859445 -0.43596154 234 88 12
0.081191755 0.11970628 -0.4776788 234 88 12
0.052397558 0.22021614 -0.4592462 234 88 12
0.027942862 0.28111443 -0.4500851 234 88 12
-0.12880724 0.48117125 -0.42569857 234 88 12
-0.1811406 0.46353415 -0.42841206 234 88 12
-0.40077448 0.38595393 -0.43965948 234 88 12
-0.40656795 0.38421436 -0.4401607 234 88 12
0.011470332 0.31536194 -0.44613906 234 88 12
0.0071684807 0.32849934 -0.44404663 234 88 12
0.0019307767 0.3438187 -0.44096032 234 88 12
-0.092549075 0.49015748 -0.42666689 234 88 12
-0.10958636 0.4863746 -0.42709801 234 88 12
-0.18134406 0.46369761 -0.43022814 234 88 12
-0.20878717 0.45301988 -0.43222433 234 88 12
-0.32097546 0.41206237 -0.43778348 234 88 12
-0.4475062 0.37514605 -0.44558508 234 88 12
-0.36944671 0.39565185 -0.44203929 234 88 12
-0.40713802 0.38363394 -0.44415345 234 88 12
0.076924768 0.14046605 -0.47933941 234 88 12
0.062435734 0.19000739 -0.47019967 234 88 12
0.050101647 0.22540405 -0.46423913 234 88 12
0.026520586 0.28353867 -0.45543641 234 88 12
0.0049577892 0.33369721 -0.44677732 234 88 12
-0.14434779 0.47740654 -0.43176765 234 88 12
-0.2065968 0.45414197 -0.43567966 234 88 12
-0.33442443 0.40779617 -0.44225255 234 88 12
-0.34813288 0.40272694 -0.44299224 234 88 12
0.048133781 0.23146982 -0.46547848 234 88 12
0.044634383 0.24404378 -0.46390238 234 88 12
0.023940164 0.28775654 -0.4566861 234 88 12
0.0064145842 0.32813418 -0.44974932 234 88 12
0.0012636273 0.34369449 -0.44669242 234 88 12
-0.0087510454 0.37535015 -0.44106266 234 88 12
-0.096903422 0.48999522 -0.4322695 234 88 12
-0.43975556 0.37573516 -0.45131231 234 88 12
0.093372292 0.066026787 -0.49742971 234 88 12
0.085488331 0.095597724 -0.49230541 234 88 12
0.062378781 0.18953882 -0.47424555 234 88 12
-0.00064410437 0.34838286 -0.44771683 234 88 12
-0.099113727 0.48971348 -0.43422041 234 88 12
-0.10770239 0.48773854 -0.43449704 234 88 12
-0.14000732 0.47907261 -0.43532405 234 88 12
-0.15823767 0.47309166 -0.43594698 234 88 12
-0.21420579 0.4516567 -0.43994856 234 88 12
-0.25234297 0.43674269 -0.44182399 234 88 12
0.051430152 0.21727017 -0.47110874 234 88 12
0.047748525 0.23051936 -0.46939799 234 88 12
-0.0063256544 0.36522507 -0.44653173 234 88 12
-0.013228188 0.3944126 -0.4420682 234 88 12
-0.097032214 0.49029774 -0.43596875 234 88 12
-0.19956258 0.45710052 -0.44063402 234 88 12
-0.20205181 0.45612206 -0.44085149 234 88 12
-0.20947197 0.4533953 -0.44147399 234 88 12
-0.22419617 0.44798094 -0.44251596 234 88 12
-0.27554611 0.42727824 -0.4444872 234 88 12
-0.30571841 0.41671448 -0.4460102 234 88 12
-0.30832046 0.41581901 -0.4461372 234 88 12
-0.32936397 0.4093691 -0.4475645 234 88 12
0.087477156 0.086618017 -0.49789891 234 88 12
0.056535591 0.20224124 -0.47550761 234 88 12
0.044211227 0.24324377 -0.46989426 234 88 12
0.026191125 0.28377707 -0.46324009 234 88 12
-0.0042614662 0.35783303 -0.44982446 234 88 12
-0.1291536 0.48257038 -0.43874691 234 88 12
-0.17977293 0.46501502 -0.44100264 234 88 12
-0.20959506 0.45339762 -0.44331025 234 88 12
-0.2756831 0.42706945 -0.44635414 234 88 12
-0.31895473 0.41241043 -0.44872403 234 88 12
-0.36190122 0.39752319 -0.45131437 234 88 12
0.051980558 0.21318878 -0.47542387 234 88 12
0.047337625 0.22960134 -0.47333673 234 88 12
0.031301735 0.27566814 -0.46680859 234 88 12
-0.13568841 0.48086355 -0.44075097 234 88 12
-0.23720409 0.4426786 -0.4467659 234 88 12
-0.28817202 0.42237042 -0.44862278 234 88 12
0.0060147023 0.32447944 -0.45957728 234 88 12
-0.0015085335 0.34785321 -0.45543738 234 88 12
-0.0078368908 0.36709761 -0.45176415 234 88 12
-0.16327071 0.47157913 -0.44345313 234 88 12
-0.2883636 0.42196813 -0.45041361 234 88 12
-0.099375788 0.49029481 -0.44347619 234 88 12
-0.23736858 0.44250333 -0.45036609 234 88 12
0.054612928 0.20348039 -0.48294947 234 88 12
-0.0010797028 0.34505481 -0.4596281 234 88 12
-0.092985383 0.49161385 -0.4451047 234 88 12
-0.10159289 0.48988126 -0.44543193 234 88 12
-0.12496957 0.48423096 -0.44601921 234 88 12
-0.006202276 0.35931937 -0.45885522 234 88 12
-0.016798149 0.41254974 -0.45034484 234 88 12
-0.017634741 0.41862989 -0.44948816 234 88 12
-0.18246113 0.46387715 -0.4502553 234 88 12
0.011880217 0.30649524 -0.46971783 234 88 12
-0.012348131 0.37817083 -0.45708413 234 88 12
-0.017339123 0.41554847 -0.45180544 234 88 12
-0.23494578 0.44329715 -0.45589611 234 88 12
-0.28649619 0.42125127 -0.45776946 234 88 12
-0.34649419 0.40221686 -0.4611506 234 88 12
0.011715342 0.30624121 -0.47153001 234 88 12
-0.19497362 0.4588111 -0.45464947 234 88 12
-0.21247908 0.45191353 -0.45601026 234 88 12
-0.22230545 0.44818106 -0.45680392 234 88 12
-0.22480329 0.44721741 -0.45699413 234 88 12
0.02380961 0.28451941 -0.47780924 234 88 12
-0.016427681 0.40155916 -0.45753735 234 88 12
-0.10821938 0.48846835 -0.45312971 234 88 12
-0.11451959 0.48695412 -0.45328539 234 88 12
-0.19494128 0.45870875 -0.45642591 234 88 12
-0.2025643 0.4555935 -0.45686906 234 88 12
-0.22987062 0.44516588 -0.45924415 234 88 12
-0.32228732 0.40932223 -0.46310948 234 88 12
-0.12488496 0.48435373 -0.45528697 234 88 12
-0.17515843 0.46661507 -0.45720469 234 88 12
-0.20757618 0.45351147 -0.4590992 234 88 12
-0.36500196 0.39592377 -0.46834096 234 88 12
0.0013350738 0.33416322 -0.47301816 234 88 12
-0.09118009 0.49182652 -0.45639293 234 88 12
-0.10400088 0.48933709 -0.45666024 234 88 12
-0.16794063 0.46958688 -0.45857639 234 88 12
0.0089884379 0.31013575 -0.47818191 234 88 12
-0.0021816858 0.3441047 -0.47298723 234 88 12
-0.0098827863 0.36476912 -0.46876326 234 88 12
-0.021605221 0.43807329 -0.45854568 234 88 12
-0.1083351 0.48826915 -0.4586129 234 88 12
-0.11043267 0.48779219 -0.45868736 234 88 12
-0.17991995 0.46447798 -0.4612052 234 88 12
-0.20264871 0.45511508 -0.46238738 234 88 12
-0.20516699 0.45411468 -0.46254154 234 88 12
-0.11045666 0.48768099 -0.46051742 234 88 12
-0.16312442 0.47152467 -0.46201275 234 88 12
-0.21023768 0.45200077 -0.46487721 234 88 12
-0.089293941 0.49179403 -0.46199007 234 88 12
-0.17274595 0.46717259 -0.46435936 234 88 12
-0.19511632 0.45777999 -0.46564716 234 88 12
0.0084889749 0.30970141 -0.4835642 234 88 12
0.0021573258 0.32824545 -0.48141203 234 88 12
-0.00012840299 0.33637686 -0.47991571 234 88 12
-0.12080961 0.48499851 -0.46447087 234 88 12
-0.17516706 0.46599288 -0.46636856 234 88 12
-0.17998899 0.46396334 -0.46665995 234 88 12
-0.19783788 0.45641407 -0.46755643 234 88 12
-0.24306912 0.4392608 -0.47144791 234 88 12
-0.25893867 0.43134346 -0.47228477 234 88 12
0.011595653 0.30226522 -0.48639919 234 88 12
-0.075152146 0.49234061 -0.46509257 234 88 12
-0.083280898 0.49198021 -0.46546309 234 88 12
-0.14899939 0.47697807 -0.46695187 234 88 12
-0.0050056927 0.34798289 -0.48136894 234 88 12
-0.011098019 0.36346925 -0.47798399 234 88 12
-0.1378163 0.48009651 -0.46843249 234 88 12
-0.15595079 0.47413672 -0.46895929 234 88 12
-0.15833699 0.4731456 -0.46908808 234 88 12
-0.16809124 0.4687624 -0.46949726 234 88 12
-0.21571871 0.44925943 -0.47260201 234 88 12
-0.22804617 0.4449183 -0.47377813 234 88 12
-0.26221089 0.42897994 -0.47617891 234 88 12
-0.25416572 0.43341184 -0.47767542 234 88 12
-0.11074029 0.4865599 -0.4714823 234 88 12
-0.19053447 0.45859761 -0.47444614 234 88 12
-0.11484217 0.48541394 -0.47342456 234 88 12
-0.12511517 0.48293411 -0.4735683 234 88 12
-0.15596316 0.47332065 -0.47649977 234 88 12
-0.08980928 0.49033102 -0.47671629 234 88 12
-0.12726613 0.48185224 -0.47722725 234 88 12
-0.16822835 0.46803999 -0.47894849 234 88 12
-0.10868203 0.48632737 -0.48073734 234 88 12
-0.16833339 0.46780507 -0.48288734 234 88 12
-0.1936545 0.45605286 -0.48399734 234 88 12
-0.14921946 0.47496544 -0.48588802 234 88 12
-0.16106746 0.4706174 -0.48655505 234 88 12
-0.24119548 0.40362614 -0.25467473 234 88 12
-0.45582143 0.055204345 -0.25086564 234 88 12
-0.45573555 0.083455318 -0.25466293 234 88 12
-0.45145258 0.076675313 -0.25953441 234 88 12
-0.44193233 0.13624662 -0.2670661 234 88 12
-0.36610419 0.18633805 -0.26636355 234 88 12
-0.21672383 0.39411095 -0.26700864 234 88 12
-0.45025519 0.049947049 -0.25863441 234 88 12
-0.44859102 0.074108617 -0.26218234 234 88 12
-0.41565694 0.15287098 -0.27237017 234 88 12
-0.3924015 0.16556485 -0.27203784 234 88 12
-0.35571776 0.18266927 -0.26812158 234 88 12
-0.33447966 0.19584067 -0.26711748 234 88 12
-0.31984056 0.20888647 -0.26737496 234 88 12
-0.30090742 0.23330844 -0.26786665 234 88 12
-0.4177316 0.14224905 -0.2737649 234 88 12
-0.31719699 0.20035044 -0.26906977 234 88 12
-0.44159893 0.07271359 -0.26800868 234 88 12
-0.33210511 0.17859984 -0.27175203 234 88 12
-0.27707379 0.24527489 -0.27165679 234 88 12
-0.43966147 0.057268179 -0.26844969 234 88 12
-0.29403385 0.20458546 -0.27324005 234 88 12
-0.27430997 0.23566111 -0.27350012 234 88 12
-0.26614237 0.25025138 -0.27389448 234 88 12
-0.26008466 0.26060947 -0.27411115 234 88 12
-0.31074589 0.17361551 -0.27531307 234 88 12
-0.23725787 0.21102967 -0.27296699 234 88 12
-0.22165998 0.23423683 -0.272991 234 88 12
-0.2953789 0.12021858 -0.27219002 234 88 12
-0.26390284 0.15648589 -0.27374176 234 88 12
-0.26041059 0.16176795 -0.27367514 234 88 12
-0.23346069 0.20744544 -0.27406359 234 88 12
-0.22359784 0.22325306 -0.27419113 234 88 12
-0.19411677 0.25831126 -0.27547944 234 88 12
-0.18493734 0.2696942 -0.27625557 234 88 12
-0.30329609 0.099334174 -0.27215933 234 88 12
-0.26135394 0.15138032 -0.27519387 234 88 12
-0.25347166 0.1638502 -0.27515829 234 88 12
-0.22985628 0.2040482 -0.27527619 234 88 12
-0.19227828 0.25325022 -0.27707072 234 88 12
-0.17719441 0.2198524 -0.27886903 234 88 12
-0.26864888 0.079111756 -0.27637992 234 88 12
-0.21570111 0.15669962 -0.278935 234 88 12
-0.19855825 0.18448761 -0.27948685 234 88 12
-0.19623404 0.18818067 -0.27965376 234 88 12
-0.18394392 0.20365272 -0.28025275 234 88 12
-0.18094941 0.20690384 -0.28045477 234 88 12
-0.26643157 0.071215216 -0.27761413 234 88 12
-0.21565479 0.14448325 -0.28012175 234 88 12
-0.17132684 0.20863112 -0.28285861 234 88 12
-0.16153865 0.21959212 -0.28383202 234 88 12
-0.12509311 0.26347173 -0.2866083 234 88 12
-0.29821309 0.018224792 -0.27688781 234 88 12
-0.16225779 0.20805345 -0.28470868 234 88 12
-0.13643502 0.23859776 -0.28742039 234 88 12
-0.10499721 0.27613266 -0.28924427 234 88 12
-0.23818868 0.089188108 -0.28131868 234 88 12
-0.23559966 0.092243572 -0.28161588 234 88 12
-0.22796059 0.10139393 -0.28195772 234 88 12
-0.20325064 0.13859133 -0.28240611 234 88 12
-0.17108205 0.18703195 -0.28430271 234 88 12
-0.13828145 0.22515678 -0.2882449 234 88 12
-0.1369473 0.22675477 -0.28838288 234 88 12
-0.12366267 0.24357265 -0.2893482 234 88 12
-0.097535115 0.27395586 -0.29111165 234 88 12
-0.31925951 -0.028056877 -0.27708241 234 88 12
-0.2728973 0.025827851 -0.28149953 234 88 12
-0.20835499 0.11800076 -0.28435219 234 88 12
-0.20201228 0.12847106 -0.28440225 234 88 12
-0.17532859 0.17041359 -0.28570494 234 88 12
-0.15166017 0.19914092 -0.28860323 234 88 12
-0.24064052 0.064291668 -0.28443216 234 88 12
-0.21891983 0.092614261 -0.28563585 234 88 12
-0.19563487 0.12775393 -0.28636527 234 88 12
-0.1541043 0.17964734 -0.29193724 234 88 12
-0.13462497 0.13295076 -0.2857939 234 88 12
-0.10197894 0.16920677 -0.28990061 234 88 12
-0.058360908 0.22208258 -0.29375763 234 88 12
-0.22534944 -0.008651462 -0.28220037 234 88 12
-0.17264491 0.067395849 -0.28734277 234 88 12
-0.16261158 0.084061872 -0.28750407 234 88 12
-0.10345335 0.16205218 -0.29175909 234 88 12
-0.095524038 0.17117125 -0.29281541 234 88 12
-0.077900503 0.19149566 -0.29438526 234 88 12
-0.057163395 0.21772889 -0.29564704 234 88 12
-0.20800593 0.014631904 -0.28559105 234 88 12
-0.106808 0.15354607 -0.29335571 234 88 12
-0.049940046 0.22122027 -0.29824389 234 88 12
-0.23199334 -0.028865945 -0.2844422 234 88 12
-0.2215186 -0.013000477 -0.28538876 234 88 12
-0.20139774 0.018401688 -0.28762636 234 88 12
-0.14573581 0.099608482 -0.29061082 234 88 12
-0.11916442 0.13548396 -0.29302083 234 88 12
-0.091451136 0.1655123 -0.29708491 234 88 12
-0.19434375 -0.0098262577 -0.28387447 234 88 12
-0.1780042 0.032256104 -0.29016657 234 88 12
-0.15718844 0.041456645 -0.28866895 234 88 12
-0.15803501 0.030959186 -0.28973577 234 88 12
-0.13830585 0.061103365 -0.29119681 234 88 12
-0.1172487 0.095613691 -0.29172355 234 88 12
-0.11289089 0.10224743 -0.29202005 234 88 12
-0.06425964 0.1561782 -0.29815159 234 88 12
-0.22369016 -0.071789062 -0.28329599 234 88 12
-0.20894622 -0.050352764 -0.28511478 234 88 12
-0.16380208 0.016432627 -0.29056033 234 88 12
-0.12299584 0.080264401 -0.29314635 234 88 12
-0.11425334 0.093792833 -0.29364436 234 88 12
-0.18136649 -0.017781677 -0.28962044 234 88 12
-0.16717001 0.0030617024 -0.29128281 234 88 12
-0.069275867 0.1385813 -0.30078749 234 88 12
-0.057251137 0.15178698 -0.30164109 234 88 12
-0.21342683 -0.078716384 -0.28606987 234 88 12
-0.17283245 -0.015728213 -0.29148914 234 88 12
-0.17181875 -0.014156673 -0.2916424 234 88 12
-0.13916849 0.033023475 -0.2946371 234 88 12
-0.11545001 0.074123908 -0.2955465 234 88 12
-0.060579374 0.14035411 -0.30222408 234 88 12
-0.028034589 0.17879818 -0.30422166 234 88 12
-0.195757 -0.065236982 -0.28930789 234 88 12
-0.19052632 -0.057586886 -0.29005376 234 88 12
-0.18373817 -0.046300316 -0.29097445 234 88 12
-0.17980794 -0.040003647 -0.29150592 234 88 12
-0.1509279 0.0047813489 -0.29514676 234 88 12
-0.13244218 0.03369471 -0.29688451 234 88 12
-0.12506868 0.047225048 -0.29716234 234 88 12
-0.19789415 -0.080278934 -0.28998437 234 88 12
-0.18133499 -0.053666072 -0.29236579 234 88 12
-0.17669272 -0.045719024 -0.29298259 234 88 12
-0.16396619 -0.02466344 -0.29496375 234 88 12
-0.12627468 0.034774513 -0.29872203 234 88 12
-0.092681641 0.086846698 -0.30056714 234 88 12
-0.087490067 0.092747045 -0.30117267 234 88 12
-0.18183859 -0.063631617 -0.29397207 234 88 12
-0.14763629 -0.0075855594 -0.29850778 234 88 12
-0.096094564 0.075631863 -0.30215407 234 88 12
-0.09248925 0.080357933 -0.30260557 234 88 12
-0.15257456 -0.023998676 -0.29969361 234 88 12
-0.13369748 0.0039209559 -0.30099925 234 88 12
-0.12281983 0.021651701 -0.30207395 234 88 12
-0.28565926 -0.20473482 -0.28833603 234 88 12
-0.24730412 -0.19593699 -0.28622022 234 88 12
-0.098846527 -0.003033016 -0.29666353 234 88 12
-0.071207574 0.043214935 -0.29806048 234 88 12
-0.29556067 -0.20705412 -0.29223263 234 88 12
-0.21211392 -0.18593972 -0.28539313 234 88 12
-0.20664215 -0.18280987 -0.28474655 234 88 12
-0.13409725 -0.079846809 -0.28902102 234 88 12
-0.11597528 -0.045051268 -0.2932771 234 88 12
-0.11119671 -0.035121295 -0.29501113 234 88 12
-0.099430617 -0.0095453582 -0.29834303 234 88 12
-0.33000168 -0.21059169 -0.29424642 234 88 12
-0.29242176 -0.20690744 -0.29395897 234 88 12
-0.21646333 -0.18984056 -0.28791124 234 88 12
-0.34111262 -0.21216188 -0.29652411 234 88 12
-0.26294873 -0.20383352 -0.2943371 234 88 12
-0.19950214 -0.18372837 -0.28726184 234 88 12
-0.34394953 -0.21264242 -0.29867146 234 88 12
-0.065382079 0.032660015 -0.30522824 234 88 12
-0.32424576 -0.2100471 -0.30007558 234 88 12
-0.26239975 -0.20419191 -0.29803555 234 88 12
-0.19807549 -0.1873219 -0.2902793 234 88 12
-0.092737764 -0.068579077 -0.29667486 234 88 12
-0.081494667 -0.041242008 -0.29971212 234 88 12
-0.036095855 0.034275242 -0.30382182 234 88 12
-0.23305818 -0.19936215 -0.29697155 234 88 12
-0.10624435 -0.10069846 -0.29586558 234 88 12
-0.077581485 -0.038912251 -0.30212842 234 88 12
5.9692234e-05 0.075603393 -0.3096851 234 88 12
-0.3386133 -0.21190103 -0.30466832 234 88 12
-0.17310957 -0.18381855 -0.29239678 234 88 12
-0.10197995 -0.10062245 -0.29807104 234 88 12
-0.098568831 -0.094069257 -0.29897119 234 88 12
-0.094229115 -0.086010815 -0.29958698 234 88 12
-0.086390171 -0.069393952 -0.30124884 234 88 12
-0.072889818 -0.039143944 -0.30342839 234 88 12
-0.068704617 -0.030935915 -0.30410613 234 88 12
-0.050080807 0.0030378376 -0.30547267 234 88 12
-0.046828172 0.0079759711 -0.30564459 234 88 12
-0.0077387106 0.060008431 -0.30998497 234 88 12
-0.33321055 -0.21109746 -0.30663444 234 88 12
-0.25664119 -0.20383542 -0.30325933 234 88 12
-0.21775109 -0.19663221 -0.29875804 234 88 12
-0.20588068 -0.1936296 -0.29704912 234 88 12
-0.050849869 -0.0077687859 -0.3066008 234 88 12
-0.33615797 -0.2115739 -0.30879108 234 88 12
-0.31014458 -0.20836534 -0.30780084 234 88 12
-0.30716069 -0.20808491 -0.30771484 234 88 12
-0.19323754 -0.19156204 -0.29711707 234 88 12
-0.092684042 -0.10495469 -0.30164902 234 88 12
-0.15044731 -0.18309909 -0.29567381 234 88 12
-0.072406434 -0.076161204 -0.30576896 234 88 12
-0.059324326 -0.048381366 -0.30772913 234 88 12
-0.23519874 -0.20080538 -0.30636621 234 88 12
-0.2325046 -0.20037683 -0.30606845 234 88 12
-0.20179363 -0.19467221 -0.30147967 234 88 12
-0.1768865 -0.18989651 -0.29878876 234 88 12
-0.17446969 -0.18944345 -0.29860168 234 88 12
-0.082520502 -0.10753978 -0.30556922 234 88 12
-0.059624794 -0.058094672 -0.30907176 234 88 12
-0.049166206 -0.036420101 -0.3104718 234 88 12
-0.26025143 -0.20403403 -0.31089488 234 88 12
-0.28695067 -0.20607988 -0.31467705 234 88 12
-0.26341566 -0.20419115 -0.31311069 234 88 12
-0.095455035 -0.17314228 -0.29659607 234 88 12
-0.33142069 -0.21081996 -0.31841103 234 88 12
-0.091928618 -0.17365636 -0.29770409 234 88 12
-0.090198604 -0.17293763 -0.29761452 234 88 12
0.074886512 0.078833176 -0.31816997 234 88 12
-0.24416694 -0.20189239 -0.31464305 234 88 12
-0.20138917 -0.19519145 -0.30806061 234 88 12
-0.12343239 -0.1835699 -0.30168108 234 88 12
-0.11867657 -0.18286905 -0.30138922 234 88 12
-0.05710943 -0.15471276 -0.29851593 234 88 12
-0.050806395 -0.14851928 -0.2983318 234 88 12
-0.043027694 -0.13876114 -0.29826381 234 88 12
-0.027247663 -0.10881913 -0.29939317 234 88 12
-0.23605123 -0.200654 -0.31543558 234 88 12
-0.21470074 -0.1972724 -0.31216933 234 88 12
-0.19343889 -0.19406277 -0.3085676 234 88 12
-0.18805804 -0.19338869 -0.30785958 234 88 12
-0.08251411 -0.1727898 -0.30040051 234 88 12
-0.38558683 -0.22464987 -0.32651108 234 88 12
-0.072713052 -0.17030562 -0.30167683 234 88 12
-0.053081426 -0.15858188 -0.30184692 234 88 12
-0.049063609 -0.15519963 -0.30176198 234 88 12
0.080552423 0.064237786 -0.32052401 234 88 12
0.075794924 0.11071059 -0.32683414 234 88 12
-0.26210638 -0.20351852 -0.32248708 234 88 12
-0.25069936 -0.20231688 -0.3211587 234 88 12
-0.15133051 -0.18957001 -0.30768136 234 88 12
-0.085639635 -0.17652219 -0.30356129 234 88 12
-0.080211162 -0.17467792 -0.30321519 234 88 12
-0.053764531 -0.16258667 -0.30312803 234 88 12
-0.046813199 -0.15744691 -0.3032193 234 88 12
-0.04422469 -0.15508123 -0.30326055 234 88 12
-0.042992864 -0.15384115 -0.3033207 234 88 12
0.07975347 0.092500989 -0.32611747 234 88 12
-0.33755511 -0.21209299 -0.32840655 234 88 12
-0.31180147 -0.20846817 -0.32756121 234 88 12
-0.2260776 -0.19868197 -0.31949379 234 88 12
-0.20762408 -0.1957068 -0.31629923 234 88 12
-0.20494888 -0.19532747 -0.31581069 234 88 12
-0.19678248 -0.19425581 -0.31436372 234 88 12
0.082232107 0.081256196 -0.32629321 234 88 12
0.078399954 0.10202839 -0.32890184 234 88 12
-0.38387873 -0.22407248 -0.33242094 234 88 12
-0.27407039 -0.20453225 -0.32734365 234 88 12
-0.18054538 -0.19229404 -0.31381557 234 88 12
-0.10752919 -0.18302212 -0.30829663 234 88 12
-0.050777462 -0.16969227 -0.30708511 234 88 12
0.081794708 0.016962563 -0.31854276 234 88 12
-0.32370143 -0.21002528 -0.33187399 234 88 12
-0.30310049 -0.20759989 -0.33109962 234 88 12
-0.30011737 -0.20731164 -0.33098414 234 88 12
-0.10271942 -0.18238377 -0.30954647 234 88 12
-0.049963242 -0.17031476 -0.3086114 234 88 12
-0.034435178 -0.16372179 -0.30795306 234 88 12
-0.26056651 -0.20291448 -0.33003344 234 88 12
-0.029696504 -0.16310946 -0.30929682 234 88 12
-0.011922616 -0.14954444 -0.30881254 234 88 12
0.081023365 0.0032354258 -0.31978698 234 88 12
0.086558362 0.014111598 -0.32103378 234 88 12
-0.2032909 -0.19465392 -0.32281606 234 88 12
-0.15424797 -0.18987813 -0.31608657 234 88 12
-0.04765703 -0.17208524 -0.31158028 234 88 12
0.092220516 0.02979262 -0.32460823 234 88 12
-0.38466323 -0.22430842 -0.34028106 234 88 12
-0.37482706 -0.22140125 -0.3397398 234 88 12
-0.23588215 -0.1995227 -0.3304911 234 88 12
0.094218366 0.01981422 -0.32450256 234 88 12
0.091900148 0.046050324 -0.32888021 234 88 12
-0.34901487 -0.21487006 -0.34058316 234 88 12
-0.011217671 -0.16271208 -0.31244381 234 88 12
-0.40303333 -0.23133526 -0.34519102 234 88 12
-0.28116932 -0.20494851 -0.33965225 234 88 12
-0.19004775 -0.19302579 -0.32592387 234 88 12
-0.12171922 -0.18754257 -0.31861281 234 88 12
-0.094432407 -0.18241494 -0.31725597 234 88 12
-0.085505089 -0.18100646 -0.31697222 234 88 12
0.011994886 -0.16052559 -0.31093168 234 88 12
-0.32168564 -0.20998869 -0.34355643 234 88 12
-0.3160087 -0.20920705 -0.34337754 234 88 12
-0.29269683 -0.20636085 -0.34225274 234 88 12
-0.28424025 -0.20530354 -0.34172058 234 88 12
-0.2425052 -0.2000199 -0.33708349 234 88 12
-0.35712459 -0.2168789 -0.34664361 234 88 12
-0.30149673 -0.20739684 -0.34474283 234 88 12
-0.2929253 -0.20634882 -0.34421059 234 88 12
-0.27071788 -0.20348761 -0.34253999 234 88 12
-0.18476051 -0.19247664 -0.32870684 234 88 12
-0.17632036 -0.19182431 -0.32741154 234 88 12
-0.12917671 -0.18884834 -0.32253132 234 88 12
-0.10340702 -0.18422978 -0.32111315 234 88 12
-0.04963736 -0.17676256 -0.31936952 234 88 12
0.04134314 -0.14954265 -0.31071282 234 88 12
0.1003302 -0.044662619 -0.32048447 234 88 12
0.094205944 0.043136761 -0.33455544 234 88 12
-0.24877049 -0.20055488 -0.34180416 234 88 12
-0.1820778 -0.19226961 -0.33020016 234 88 12
-0.15455695 -0.19044047 -0.32660771 234 88 12
-0.12388515 -0.18844536 -0.32388858 234 88 12
-0.021540962 -0.17215827 -0.31908286 234 88 12
-0.019210636 -0.17220453 -0.31903508 234 88 12
0.092555821 0.050384914 -0.33731443 234 88 12
0.088696188 0.065820641 -0.33982388 234 88 12
-0.30475801 -0.20781737 -0.34879105 234 88 12
-0.3598802 -0.21775774 -0.3527511 234 88 12
-0.23519872 -0.19857647 -0.34357223 234 88 12
-0.22956346 -0.19781116 -0.3425682 234 88 12
-0.22392093 -0.19702795 -0.34157396 234 88 12
0.10816376 -0.039913154 -0.32642108 234 88 12
-0.28006914 -0.20427365 -0.35097627 234 88 12
-0.10581062 -0.18508959 -0.32805274 234 88 12
-0.040046545 -0.17692204 -0.32587629 234 88 12
-0.035726346 -0.17631697 -0.32557447 234 88 12
-0.28307591 -0.20459723 -0.35314693 234 88 12
-0.24721324 -0.19981622 -0.34922282 234 88 12
-0.18862597 -0.19270746 -0.33891218 234 88 12
-0.16882008 -0.19149842 -0.33575177 234 88 12
0.011318707 -0.16900066 -0.3221025 234 88 12
0.11311408 -0.047701866 -0.32888469 234 88 12
0.0996465 0.023367082 -0.33966758 234 88 12
-0.26396545 -0.20190064 -0.35329953 234 88 12
-0.19453644 -0.19316482 -0.34189772 234 88 12
-0.067087896 -0.18036087 -0.33030976 234 88 12
-0.009323768 -0.17247647 -0.32624002 234 88 12
0.10354518 0.0079203746 -0.33870562 234 88 12
-0.33030188 -0.21233037 -0.35978212 234 88 12
-0.31934157 -0.21029231 -0.35939203 234 88 12
-0.24786817 -0.19965601 -0.35323136 234 88 12
-0.19760576 -0.19345882 -0.34436937 234 88 12
-0.17501866 -0.19181739 -0.340551 234 88 12
-0.16932906 -0.19158077 -0.33965342 234 88 12
-0.15546868 -0.19091906 -0.33763112 234 88 12
-0.13828957 -0.19028291 -0.3358416 234 88 12
-0.10842205 -0.18586337 -0.33347678 234 88 12
-0.0070188405 -0.17234824 -0.32763597 234 88 12
-0.37378547 -0.22090724 -0.3632759 234 88 12
-0.26183523 -0.20142013 -0.35692661 234 88 12
-0.24541256 -0.19924434 -0.35471503 234 88 12
0.018152426 -0.16874473 -0.32601814 234 88 12
0.05719576 -0.15847242 -0.32183727 234 88 12
-0.37397824 -0.22088094 -0.36533463 234 88 12
-0.1784711 -0.19200648 -0.34497311 234 88 12
-0.13582073 -0.19020283 -0.33920257 234 88 12
0.071731971 -0.15328472 -0.32205905 234 88 12
0.074800169 -0.15149555 -0.32177691 234 88 12
-0.40882728 -0.23170037 -0.36861089 234 88 12
-0.028730006 -0.1764177 -0.33523139 234 88 12
0.11880482 -0.07923978 -0.33018634 234 88 12
-0.33073709 -0.21252566 -0.36790768 234 88 12
-0.31153154 -0.20903127 -0.36704754 234 88 12
-0.30337327 -0.20756797 -0.36651958 234 88 12
-0.18759942 -0.19256408 -0.35038364 234 88 12
-0.17631221 -0.19183293 -0.34844187 234 88 12
-0.065227594 -0.18078534 -0.33915944 234 88 12
-0.055986435 -0.17984878 -0.3387821 234 88 12
0.056375307 -0.16216044 -0.32622435 234 88 12
0.071306083 -0.15731599 -0.32488084 234 88 12
0.081272958 -0.15314049 -0.32391954 234 88 12
-0.14576405 -0.19036812 -0.34598413 234 88 12
0.020822194 -0.16964742 -0.33229736 234 88 12
0.03090259 -0.16801333 -0.33087819 234 88 12
0.062801093 -0.1611599 -0.32702386 234 88 12
0.064785233 -0.16060338 -0.32681557 234 88 12
0.10095507 -0.14423746 -0.32477754 234 88 12
-0.40370417 -0.22829299 -0.37421709 234 88 12
-0.4015177 -0.2273513 -0.37415551 234 88 12
-0.39205935 -0.22422959 -0.3739945 234 88 12
-0.35282575 -0.21634068 -0.37283952 234 88 12
-0.32554878 -0.21143636 -0.37178616 234 88 12
-0.3200352 -0.21041513 -0.37152633 234 88 12
-0.22182235 -0.19578833 -0.3605444 234 88 12
-0.14612575 -0.19029578 -0.3479001 234 88 12
-0.067816433 -0.18112356 -0.34272205 234 88 12
-0.060861484 -0.18045848 -0.34251685 234 88 12
-0.015177334 -0.17507991 -0.33880652 234 88 12
0.099419478 -0.1472006 -0.32616285 234 88 12
0.12279975 -0.081215047 -0.33453994 234 88 12
0.12050493 -0.061814857 -0.33830408 234 88 12
0.1165817 -0.042377307 -0.34170561 234 88 12
-0.31203018 -0.20891207 -0.37316027 234 88 12
-0.24743874 -0.19866593 -0.36680889 234 88 12
-0.21095402 -0.19454973 -0.36060855 234 88 12
-0.19124953 -0.19282902 -0.35696195 234 88 12
-0.16910388 -0.19126083 -0.35302148 234 88 12
-0.031050558 -0.17739533 -0.34229701 234 88 12
-0.39021575 -0.22331623 -0.37800087 234 88 12
-0.2829555 -0.20352207 -0.37296049 234 88 12
-0.20569566 -0.19403507 -0.36164205 234 88 12
-0.18595125 -0.19240759 -0.357921 234 88 12
-0.021910676 -0.1764366 -0.34300937 234 88 12
0.019043229 -0.17067845 -0.33759766 234 88 12
0.096418315 -0.15110996 -0.32876773 234 88 12
0.12523724 -0.088608365 -0.3363363 234 88 12
-0.33171976 -0.212243 -0.37830783 234 88 12
-0.13520036 -0.18965793 -0.35213096 234 88 12
-0.058931696 -0.18060542 -0.34757963 234 88 12
-0.054233587 -0.18018629 -0.34740846 234 88 12
-0.028767727 -0.17753812 -0.34544004 234 88 12
0.033282442 -0.16842358 -0.33725129 234 88 12
0.074219659 -0.15991002 -0.33175219 234 88 12
-0.31809081 -0.20971839 -0.37975911 234 88 12
-0.29143438 -0.20472714 -0.37777937 234 88 12
-0.14184766 -0.18969697 -0.35503911 234 88 12
-0.06373188 -0.1810809 -0.34952166 234 88 12
-0.051954236 -0.18014421 -0.34896224 234 88 12
-0.033372801 -0.17826497 -0.34767051 234 88 12
-0.02414095 -0.17713715 -0.34664054 234 88 12
0.0044327463 -0.17316842 -0.34299458 234 88 12
0.0065839636 -0.17288663 -0.34269127 234 88 12
0.012992409 -0.17202319 -0.34175906 234 88 12
0.023174108 -0.17033257 -0.34035182 234 88 12
0.029211476 -0.16928145 -0.33947014 234 88 12
0.074494861 -0.16015872 -0.3333877 234 88 12
0.11394854 -0.14202333 -0.33169808 234 88 12
0.12828723 -0.10206927 -0.33728646 234 88 12
-0.35410137 -0.21598484 -0.3834392 234 88 12
-0.27272909 -0.20164968 -0.37791265 234 88 12
-0.22335652 -0.19565324 -0.37083888 234 88 12
0.0065998594 -0.17305555 -0.34438639 234 88 12
0.058102939 -0.16382726 -0.33708606 234 88 12
0.12717365 -0.091449305 -0.34094526 234 88 12
0.12521997 -0.079461583 -0.34299614 234 88 12
-0.20112216 -0.19367116 -0.36892624 234 88 12
0.058116628 -0.16385763 -0.33879642 234 88 12
0.082199464 -0.15813157 -0.33590914 234 88 12
0.12555904 -0.1344091 -0.33528546 234 88 12
0.12907292 -0.10063506 -0.3408556 234 88 12
0.12662394 -0.085836322 -0.34344923 234 88 12
-0.34101403 -0.21324314 -0.38718922 234 88 12
-0.26521398 -0.20029547 -0.38108682 234 88 12
-0.20136603 -0.19372018 -0.37100868 234 88 12
-0.097821025 -0.18366415 -0.35626036 234 88 12
-0.071174569 -0.18184951 -0.35495229 234 88 12
-0.064043456 -0.18136206 -0.35470011 234 88 12
-0.017317483 -0.17675257 -0.35108068 234 88 12
0.0023034984 -0.17397635 -0.34846552 234 88 12
0.033370894 -0.16882183 -0.34401142 234 88 12
0.087846771 -0.15638899 -0.33709697 234 88 12
-0.29770918 -0.20521169 -0.3865294 234 88 12
-0.20450626 -0.19395364 -0.37359062 234 88 12
-0.13552575 -0.1883156 -0.36166503 234 88 12
-0.11560194 -0.1855618 -0.35932561 234 88 12
-0.04973646 -0.18046235 -0.35578495 234 88 12
-0.045011902 -0.18011705 -0.3554313 234 88 12
0.13102688 -0.12812331 -0.33928657 234 88 12
0.12836802 -0.092140296 -0.34527227 234 88 12
-0.40003281 -0.22446133 -0.39280888 234 88 12
-0.38081375 -0.22001371 -0.39266148 234 88 12
-0.33606033 -0.21195988 -0.39123874 234 88 12
-0.31119745 -0.20764582 -0.38972496 234 88 12
-0.25515304 -0.19873568 -0.38385977 234 88 12
0.041606303 -0.16736292 -0.34631298 234 88 12
0.05184605 -0.16521987 -0.34482497 234 88 12
0.13144551 -0.10714066 -0.3442119 234 88 12
-0.35022479 -0.21428737 -0.39389537 234 88 12
-0.2359264 -0.19668295 -0.38315124 234 88 12
-0.22742623 -0.19589883 -0.3818955 234 88 12
-0.15694455 -0.18932929 -0.36881307 234 88 12
-0.1165725 -0.18527672 -0.36323062 234 88 12
-0.29330827 -0.20378459 -0.39229015 234 88 12
-0.23049157 -0.19614237 -0.38432823 234 88 12
-0.22766519 -0.19587804 -0.38390696 234 88 12
-0.22484958 -0.19559482 -0.38340042 234 88 12
-0.2109526 -0.19438434 -0.38086947 234 88 12
-0.14570063 -0.18849028 -0.36900651 234 88 12
-0.094197239 -0.1831773 -0.36325089 234 88 12
0.055886698 -0.16457203 -0.34763097 234 88 12
0.10771856 -0.14929674 -0.34226962 234 88 12
0.12909523 -0.092682295 -0.34981412 234 88 12
-0.37029502 -0.21735782 -0.39875328 234 88 12
-0.24217433 -0.19708893 -0.38811223 234 88 12
-0.22789186 -0.19582807 -0.38587913 234 88 12
-0.12729199 -0.18647744 -0.36822194 234 88 12
-0.11985056 -0.18541756 -0.36724365 234 88 12
-0.033694604 -0.17936277 -0.36115517 234 88 12
0.09412597 -0.15509673 -0.34454254 234 88 12
0.12380664 -0.066907331 -0.3566464 234 88 12
-0.39913267 -0.22296852 -0.4012438 234 88 12
-0.30974271 -0.20631736 -0.39771105 234 88 12
-0.24244981 -0.19697136 -0.39015283 234 88 12
0.010948233 -0.17362901 -0.35739842 234 88 12
0.12599448 -0.076716463 -0.35621109 234 88 12
-0.32105449 -0.20794296 -0.40062739 234 88 12
-0.28357384 -0.20137224 -0.397319 234 88 12
-0.27004951 -0.19964024 -0.39573861 234 88 12
-0.17629705 -0.19100984 -0.38021963 234 88 12
-0.12305328 -0.18557661 -0.37140726 234 88 12
-0.11058153 -0.18407537 -0.37005015 234 88 12
-0.065247011 -0.18165993 -0.3669748 234 88 12
-0.043235344 -0.18029959 -0.36553092 234 88 12
0.037353347 -0.16870915 -0.35537914 234 88 12
0.12398883 -0.14200337 -0.34698677 234 88 12
0.13040973 -0.096271671 -0.35404557 234 88 12
-0.3745304 -0.21714071 -0.40493254 234 88 12
0.087169375 -0.15775738 -0.35013666 234 88 12
0.13351364 -0.13057524 -0.34978478 234 88 12
0.13434771 -0.12679272 -0.35025737 234 88 12
0.12620872 -0.076729963 -0.35956225 234 88 12
-0.28154925 -0.20064793 -0.40113541 234 88 12
-0.13957159 -0.18709913 -0.37767382 234 88 12
-0.1112285 -0.18393662 -0.37389452 234 88 12
-0.25193063 -0.1971673 -0.39941252 234 88 12
-0.093751435 -0.18261858 -0.37429989 234 88 12
-0.058291539 -0.1813066 -0.37190336 234 88 12
0.029401698 -0.17059918 -0.36161509 234 88 12
0.05381402 -0.16552225 -0.35803807 234 88 12
0.10184643 -0.15320164 -0.35229258 234 88 12
-0.41349669 -0.22787803 -0.41152713 234 88 12
-0.38476438 -0.21788682 -0.41147 234 88 12
-0.35568182 -0.21276815 -0.41084854 234 88 12
-0.14304708 -0.1870794 -0.38206746 234 88 12
-0.14029739 -0.18682782 -0.38163384 234 88 12
-0.091393935 -0.18248168 -0.3759956 234 88 12
-0.034333239 -0.17945346 -0.37158065 234 88 12
0.010861038 -0.17395088 -0.36594653 234 88 12
0.039396869 -0.16861896 -0.36185436 234 88 12
0.055963275 -0.16518664 -0.35940229 234 88 12
0.06459836 -0.1635229 -0.35821047 234 88 12
0.077797595 -0.16092745 -0.35639165 234 88 12
-0.38219204 -0.2170589 -0.41358599 234 88 12
-0.35884405 -0.21302146 -0.41317006 234 88 12
-0.3313024 -0.20809926 -0.41159846 234 88 12
-0.32577417 -0.20717673 -0.41113705 234 88 12
-0.078589681 -0.18206945 -0.3766657 234 88 12
0.053942171 -0.16570118 -0.36143862 234 88 12
0.12905736 -0.13983049 -0.35505963 234 88 12
-0.33713862 -0.20880405 -0.41401348 234 88 12
-0.22678916 -0.19496952 -0.40177553 234 88 12
-0.2075129 -0.19343543 -0.39861562 234 88 12
-0.17050456 -0.1894697 -0.39087841 234 88 12
-0.046289963 -0.18050022 -0.37606415 234 88 12
0.021273464 -0.17231175 -0.36776257 234 88 12
0.11895488 -0.14622426 -0.35665958 234 88 12
-0.41402004 -0.22756558 -0.41801129 234 88 12
-0.35957794 -0.21260849 -0.41744493 234 88 12
-0.26958395 -0.19805594 -0.40952944 234 88 12
-0.14670189 -0.18687897 -0.38859192 234 88 12
-0.05612454 -0.18113722 -0.37869997 234 88 12
-0.0023838477 -0.17586093 -0.3727758 234 88 12
0.11098313 -0.150203 -0.35849689 234 88 12
-0.38036983 -0.21589964 -0.42004246 234 88 12
-0.26721296 -0.1975996 -0.41130433 234 88 12
-0.23017943 -0.19500702 -0.40635452 234 88 12
-0.15790269 -0.18784819 -0.39256279 234 88 12
-0.011311261 -0.17698226 -0.37579036 234 88 12
0.029347329 -0.17084684 -0.37004658 234 88 12
0.10778163 -0.15193258 -0.36029396 234 88 12
0.13605801 -0.12768453 -0.36127289 234 88 12
-0.36618907 -0.21318533 -0.42181129 234 88 12
-0.31345956 -0.20402096 -0.4182606 234 88 12
-0.10049685 -0.18247193 -0.38624116 234 88 12
-0.087434775 -0.182033 -0.38492345 234 88 12
0.0695286 -0.16336559 -0.36606019 234 88 12
0.082469061 -0.16073369 -0.36429909 234 88 12
0.11791906 -0.14764667 -0.36153029 234 88 12
0.13637954 -0.11579122 -0.36508989 234 88 12
-0.31388788 -0.20375203 -0.42036988 234 88 12
-0.19229683 -0.1916387 -0.4037741 234 88 12
-0.18711064 -0.19101295 -0.40262002 234 88 12
-0.074701314 -0.18161488 -0.38553068 234 88 12
0.13589436 -0.11019409 -0.36769334 234 88 12
-0.15326757 -0.18696633 -0.39779373 234 88 12
-0.074978522 -0.18149803 -0.38740146 234 88 12
-0.061883396 -0.18108464 -0.3862663 234 88 12
0.054203299 -0.16626209 -0.37165136 234 88 12
0.13728824 -0.12151788 -0.3671266 234 88 12
-0.064730146 -0.18105248 -0.3882979 234 88 12
0.09221815 -0.15858708 -0.36827684 234 88 12
0.12501821 -0.14521549 -0.36610543 234 88 12
-0.41079016 -0.22492343 -0.43078852 234 88 12
-0.26076953 -0.1958271 -0.42048645 234 88 12
-0.16996834 -0.18838284 -0.40496949 234 88 12
-0.070236264 -0.18112577 -0.39059016 234 88 12
-0.04260207 -0.17954889 -0.38799296 234 88 12
0.080566205 -0.16178103 -0.37141579 234 88 12
0.12042405 -0.14795104 -0.36777525 234 88 12
-0.41679902 -0.22840495 -0.43297328 234 88 12
-0.29667366 -0.19940918 -0.42658413 234 88 12
-0.2640795 -0.19574456 -0.42286174 234 88 12
-0.16758529 -0.18795769 -0.40647203 234 88 12
-0.16211772 -0.18743556 -0.40535981 234 88 12
-0.0029924169 -0.17550191 -0.38494496 234 88 12
0.12390923 -0.14666149 -0.36923616 234 88 12
-0.29711024 -0.19910441 -0.42864712 234 88 12
-0.29178619 -0.19827717 -0.42804523 234 88 12
-0.18623627 -0.18983235 -0.41246474 234 88 12
-0.18110853 -0.18920953 -0.41140642 234 88 12
-0.023999129 -0.17759633 -0.38942906 234 88 12
-0.0053235789 -0.17566394 -0.38701606 234 88 12
0.067347012 -0.16437006 -0.37657923 234 88 12
0.13387374 -0.13978144 -0.37068217 234 88 12
-0.27605704 -0.19604461 -0.42809363 234 88 12
-0.20235793 -0.19129147 -0.41771175 234 88 12
-0.043130634 -0.17917994 -0.39332567 234 88 12
0.007800643 -0.17400628 -0.38689908 234 88 12
0.13599056 -0.1371059 -0.37254332 234 88 12
0.13907608 -0.12585201 -0.37435528 234 88 12
-0.32469458 -0.20300688 -0.4353656 234 88 12
-0.28195402 -0.1962955 -0.43071731 234 88 12
0.035056025 -0.16974759 -0.38448558 234 88 12
0.058524585 -0.16594766 -0.3813123 234 88 12
0.11449061 -0.15219446 -0.37448599 234 88 12
0.12131695 -0.14920597 -0.37400373 234 88 12
-0.39098461 -0.21602644 -0.44153085 234 88 12
-0.33844223 -0.20517534 -0.43875805 234 88 12
-0.24560427 -0.19351183 -0.42826637 234 88 12
-0.24260073 -0.19339651 -0.42789888 234 88 12
-0.14137344 -0.18487115 -0.40962442 234 88 12
-0.07151047 -0.18043094 -0.39995008 234 88 12
0.071808789 -0.16400685 -0.3810684 234 88 12
0.11646487 -0.15179388 -0.37586847 234 88 12
-0.34971088 -0.20698128 -0.44157757 234 88 12
-0.30931376 -0.19970281 -0.43798755 234 88 12
-0.25492437 -0.19355748 -0.43147913 234 88 12
0.069549302 -0.16445819 -0.38312615 234 88 12
0.082615465 -0.1622142 -0.3812539 234 88 12
0.13888219 -0.13287951 -0.37791393 234 88 12
-0.40018734 -0.21954134 -0.44594827 234 88 12
-0.38871091 -0.21504186 -0.44579851 234 88 12
-0.24051739 -0.19269619 -0.43165682 234 88 12
-0.23761248 -0.19255501 -0.43130972 234 88 12
-0.20107698 -0.19013919 -0.42551895 234 88 12
-0.11385772 -0.18189729 -0.40920216 234 88 12
-0.10893721 -0.18149981 -0.40846183 234 88 12
0.049945002 -0.16749196 -0.38762096 234 88 12
0.084675876 -0.16194962 -0.38267909 234 88 12
0.1169386 -0.15240318 -0.37901736 234 88 12
0.13966822 -0.13122335 -0.37976419 234 88 12
-0.37632453 -0.21132275 -0.44761374 234 88 12
-0.35337884 -0.20700007 -0.44611465 234 88 12
-0.31010176 -0.19917195 -0.44220068 234 88 12
-0.20147249 -0.18991087 -0.42759664 234 88 12
-0.126584 -0.18301284 -0.41312601 234 88 12
-0.099246709 -0.18076948 -0.4090167 234 88 12
-0.034693074 -0.17751385 -0.40128408 234 88 12
0.04991705 -0.16753559 -0.38936342 234 88 12
0.078341651 -0.16326164 -0.38525439 234 88 12
0.12062125 -0.15128814 -0.3802969 234 88 12
0.1274238 -0.14823718 -0.37988382 234 88 12
-0.31842969 -0.20030852 -0.44512772 234 88 12
-0.18583635 -0.18811725 -0.42660926 234 88 12
-0.16392761 -0.1863679 -0.42199756 234 88 12
0.00059459565 -0.17425868 -0.39833523 234 88 12
0.0072515848 -0.1735379 -0.39724864 234 88 12
0.03057228 -0.17026131 -0.39378829 234 88 12
0.047733051 -0.16789495 -0.39138231 234 88 12
-0.25083198 -0.19222158 -0.4387342 234 88 12
-0.19686407 -0.18896037 -0.4307981 234 88 12
-0.16974945 -0.18665644 -0.42528495 234 88 12
-0.14270718 -0.18430877 -0.41989896 234 88 12
-0.10735015 -0.18097278 -0.41406755 234 88 12
-0.0040599824 -0.17459694 -0.40072876 234 88 12
-0.38179328 -0.21252778 -0.45425301 234 88 12
-0.37444489 -0.21031638 -0.45385836 234 88 12
-0.29844479 -0.19616428 -0.44668465 234 88 12
-0.1175913 -0.18166495 -0.4176417 234 88 12
0.051954935 -0.1673047 -0.39421042 234 88 12
0.094813342 -0.16029779 -0.38796543 234 88 12
-0.3639965 -0.2076489 -0.4553107 234 88 12
-0.30147106 -0.19632308 -0.44911867 234 88 12
-0.22602639 -0.19026737 -0.43964363 234 88 12
-0.18425838 -0.18722572 -0.43230247 234 88 12
-0.1485606 -0.18451306 -0.42495419 234 88 12
0.0046562277 -0.17343288 -0.40288516 234 88 12
0.084612143 -0.16249516 -0.39097326 234 88 12
0.10863562 -0.15686723 -0.38794802 234 88 12
-0.30962833 -0.19742862 -0.45233339 234 88 12
-0.19825247 -0.18810312 -0.43697353 234 88 12
-0.19281799 -0.18764764 -0.43591095 234 88 12
-0.00686337 -0.17437759 -0.40636041 234 88 12
-0.38886151 -0.2149319 -0.46055162 234 88 12
-0.34166625 -0.20304166 -0.45769882 234 88 12
-0.15454319 -0.18463025 -0.43008187 234 88 12
-0.093301407 -0.17965399 -0.41962508 234 88 12
0.010982784 -0.17239523 -0.40548335 234 88 12
0.13693307 -0.14324481 -0.38902472 234 88 12
-0.32343269 -0.19935917 -0.45773251 234 88 12
-0.23615339 -0.18973398 -0.44684673 234 88 12
-0.15217104 -0.184248 -0.43162354 234 88 12
-0.0072822563 -0.17403001 -0.40990765 234 88 12
-0.25399 -0.19025926 -0.45100796 234 88 12
-0.041520303 -0.1764401 -0.41646058 234 88 12
-0.0074611767 -0.1738738 -0.41169351 234 88 12
0.0016945191 -0.17301808 -0.41037038 234 88 12
0.029878134 -0.16967074 -0.40607126 234 88 12
0.12919977 -0.15009727 -0.39219261 234 88 12
0.14144652 -0.1355244 -0.39304492 234 88 12
-0.34542411 -0.20320211 -0.46379509 234 88 12
-0.091451086 -0.17901319 -0.42512778 234 88 12
0.084350661 -0.16252264 -0.39952009 234 88 12
0.1129687 -0.15634423 -0.39557047 234 88 12
0.14284406 -0.1269346 -0.3965693 234 88 12
-0.35711992 -0.20524825 -0.46670253 234 88 12
-0.25787486 -0.18980623 -0.45540471 234 88 12
-0.24338995 -0.18910569 -0.45381678 234 88 12
-0.054190203 -0.17707429 -0.4218935 234 88 12
-0.034774684 -0.17549009 -0.41928794 234 88 12
0.0081821299 -0.17206301 -0.4129934 234 88 12
0.025397633 -0.16989323 -0.41030309 234 88 12
0.094793766 -0.16060567 -0.39973222 234 88 12
0.10918677 -0.15744956 -0.39775238 234 88 12
0.11502569 -0.15578743 -0.39692101 234 88 12
0.12245366 -0.15330128 -0.3959448 234 88 12
0.14303126 -0.12446774 -0.39885977 234 88 12
-0.27787272 -0.19106595 -0.45986661 234 88 12
-0.27240556 -0.19055845 -0.45922312 234 88 12
-0.16440651 -0.18428394 -0.44198436 234 88 12
-0.11501334 -0.17984609 -0.43289772 234 88 12
-0.047111383 -0.17626461 -0.42279362 234 88 12
0.082169082 -0.16272005 -0.40335073 234 88 12
0.12445729 -0.15267176 -0.3973616 234 88 12
-0.28902861 -0.19228152 -0.46327921 234 88 12
-0.25306301 -0.18902592 -0.45879288 234 88 12
-0.049800381 -0.17625672 -0.42507011 234 88 12
-0.012898207 -0.17363633 -0.41965242 234 88 12
-0.0035594931 -0.17287662 -0.41828435 234 88 12
-0.0012369547 -0.17266412 -0.4179595 234 88 12
0.096922197 -0.16013302 -0.40274539 234 88 12
-0.31750134 -0.19707619 -0.46898258 234 88 12
-0.30746323 -0.19511952 -0.46778929 234 88 12
-0.29728702 -0.19330174 -0.46646569 234 88 12
-0.20534484 -0.18569126 -0.45403608 234 88 12
-0.11809436 -0.17967612 -0.43744479 234 88 12
-0.27900133 -0.19054322 -0.46590284 234 88 12
-0.1859079 -0.18441785 -0.45236855 234 88 12
0.059749952 -0.16519008 -0.41188246 234 88 12
0.12323313 -0.15331402 -0.40257516 234 88 12
0.13035811 -0.15042666 -0.40189388 234 88 12
-0.22347407 -0.18616679 -0.4607092 234 88 12
-0.17467877 -0.18379292 -0.45188179 234 88 12
-0.13134825 -0.18059317 -0.44371462 234 88 12
-0.093186291 -0.17776928 -0.43718281 234 88 12
0.027002482 -0.16907036 -0.41887795 234 88 12
0.055316522 -0.16553628 -0.41431667 234 88 12
0.068706479 -0.16406608 -0.4121911 234 88 12
-0.2464571 -0.18748776 -0.4657386 234 88 12
-0.20697026 -0.18480493 -0.46015076 234 88 12
-0.01865219 -0.1733444 -0.42787327 234 88 12
0.0073781218 -0.17129728 -0.42377803 234 88 12
-0.1988024 -0.18407268 -0.46063268 234 88 12
-0.17853356 -0.18333337 -0.45660161 234 88 12
-0.10688061 -0.17791059 -0.4434173 234 88 12
0.057297248 -0.16496317 -0.417409 234 88 12
0.13887816 -0.14381849 -0.4067385 234 88 12
-0.10972271 -0.17779066 -0.44589674 234 88 12
-0.061454001 -0.17580319 -0.43801925 234 88 12
0.079892845 -0.16207905 -0.41570626 234 88 12
0.14426604 -0.12681651 -0.41126843 234 88 12
-0.2667981 -0.18852421 -0.47401849 234 88 12
-0.041925021 -0.17409238 -0.43706149 234 88 12
0.050550221 -0.16536579 -0.42187872 234 88 12
0.11419093 -0.15582945 -0.41210398 234 88 12
0.11816595 -0.15474606 -0.41153325 234 88 12
0.12749639 -0.15159951 -0.41052491 234 88 12
-0.24788118 -0.18657412 -0.47342466 234 88 12
-0.113 -0.177411 -0.45029796 234 88 12
-0.094690312 -0.17653121 -0.44706117 234 88 12
-0.089151882 -0.17631631 -0.44612955 234 88 12
-0.059542915 -0.17511243 -0.44151463 234 88 12
-0.029867329 -0.17299062 -0.4370112 234 88 12
-0.0075910072 -0.17167023 -0.43340772 234 88 12
-0.00045081631 -0.17114302 -0.43217798 234 88 12
0.0065567645 -0.17059135 -0.43093663 234 88 12
0.056953653 -0.16435616 -0.42257333 234 88 12
0.090644933 -0.16014833 -0.41735992 234 88 12
0.14013924 -0.1420093 -0.41187428 234 88 12
-0.27502638 -0.189494 -0.47868744 234 88 12
-0.15767877 -0.18107451 -0.45999323 234 88 12
-0.12592045 -0.17831448 -0.4545128 234 88 12
-0.030185016 -0.17271545 -0.43888509 234 88 12
0.068313383 -0.16286337 -0.42266554 234 88 12
0.08622491 -0.16056432 -0.41983278 234 88 12
-0.25398401 -0.1868934 -0.4779047 234 88 12
-0.24546489 -0.18614831 -0.47678682 234 88 12
-0.1086891 -0.17650932 -0.45345055 234 88 12
0.012957519 -0.16943769 -0.43347505 234 88 12
0.081786287 -0.16092233 -0.42225165 234 88 12
0.11819983 -0.15422974 -0.41656401 234 88 12
0.13261375 -0.14871539 -0.41522619 234 88 12
-0.17851493 -0.1815856 -0.46808338 234 88 12
-0.15305141 -0.18010847 -0.46309416 234 88 12
-0.11160281 -0.1764139 -0.45583422 234 88 12
-0.038180624 -0.17262089 -0.44403727 234 88 12
0.039179094 -0.16609323 -0.43088078 234 88 12
0.11617438 -0.15456027 -0.41856291 234 88 12
0.14270516 -0.13682235 -0.41748828 234 88 12
0.1436648 -0.11987709 -0.42125753 234 88 12
-0.16708734 -0.18081088 -0.46752678 234 88 12
-0.13470142 -0.1783664 -0.46177076 234 88 12
0.03014148 -0.16705602 -0.43417173 234 88 12
0.088111748 -0.15957608 -0.42463755 234 88 12
0.11201663 -0.15536691 -0.42065499 234 88 12
0.11614774 -0.15433418 -0.42023539 234 88 12
0.13670654 -0.14525308 -0.41851104 234 88 12
-0.16199625 -0.18023021 -0.46845832 234 88 12
-0.135089 -0.17809204 -0.46375209 234 88 12
0.1201319 -0.15303473 -0.4213174 234 88 12
0.12579741 -0.15119721 -0.42091394 234 88 12
0.13786138 -0.14381719 -0.42024937 234 88 12
-0.21065801 -0.18262569 -0.47937822 234 88 12
-0.064006425 -0.17360667 -0.4537934 234 88 12
0.036451979 -0.16582281 -0.43664521 234 88 12
0.072401658 -0.16115082 -0.43054901 234 88 12
0.08131766 -0.15996376 -0.42911211 234 88 12
0.12752029 -0.15026119 -0.42246973 234 88 12
0.1353003 -0.14586551 -0.42190295 234 88 12
0.14401583 -0.13015069 -0.42373564 234 88 12
0.085560999 -0.15912115 -0.43002764 234 88 12
0.10972196 -0.1550814 -0.42606193 234 88 12
0.14392868 -0.12983325 -0.42552082 234 88 12
-0.20821432 -0.18229558 -0.48279995 234 88 12
0.018285386 -0.16748789 -0.44345872 234 88 12
-0.13667616 -0.17716572 -0.47184696 234 88 12
0.13632957 -0.14395101 -0.42718718 234 88 12
0.098351564 -0.15629434 -0.43303416 234 88 12
0.14289201 -0.11762618 -0.43354673 234 88 12
-0.14278137 -0.17713267 -0.47671918 234 88 12
-0.11445683 -0.17441243 -0.47199397 234 88 12
-0.065668996 -0.17223691 -0.46393328 234 88 12
-0.020141594 -0.16970157 -0.45598487 234 88 12
-0.0031523415 -0.16875335 -0.45281524 234 88 12
0.0063606534 -0.16806772 -0.45108224 234 88 12
0.017600164 -0.16688052 -0.44894652 234 88 12
0.026387445 -0.16590315 -0.44723446 234 88 12
0.12522654 -0.14963472 -0.43106473 234 88 12
0.12873198 -0.14815771 -0.43096779 234 88 12
-0.17112272 -0.17885798 -0.48389302 234 88 12
-0.13522299 -0.1760723 -0.47746063 234 88 12
-0.048297258 -0.17071316 -0.46297782 234 88 12
0.14257869 -0.11701325 -0.43700124 234 88 12
0.14216978 -0.11399869 -0.43774006 234 88 12
-0.074505331 -0.1719318 -0.46916608 234 88 12
-0.02072217 -0.16907338 -0.45988473 234 88 12
-0.018231303 -0.16896085 -0.45944688 234 88 12
0.02368707 -0.16564292 -0.451313 234 88 12
0.095659006 -0.15571215 -0.43858826 234 88 12
0.023441319 -0.1653932 -0.4531299 234 88 12
0.068820126 -0.15939677 -0.4446036 234 88 12
0.077797504 -0.15802184 -0.44314829 234 88 12
0.10442518 -0.15389685 -0.43880416 234 88 12
0.11711757 -0.15112024 -0.43708896 234 88 12
0.12821974 -0.14732215 -0.43616697 234 88 12
-0.072629487 -0.17113504 -0.4728317 234 88 12
-0.056801904 -0.17018404 -0.47029374 234 88 12
-0.013863328 -0.16803907 -0.46241649 234 88 12
-0.0018466735 -0.16751276 -0.46004955 234 88 12
0.14058571 -0.13521813 -0.43808205 234 88 12
-0.11124514 -0.17263662 -0.48119394 234 88 12
-0.016594809 -0.16780983 -0.46474596 234 88 12
0.13099979 -0.14505396 -0.43949033 234 88 12
-0.055035289 -0.16938242 -0.47394349 234 88 12
-0.0096013563 -0.16718964 -0.46523163 234 88 12
0.011560056 -0.16581268 -0.46095511 234 88 12
0.065943339 -0.15886052 -0.45025854 234 88 12
0.081667672 -0.1564276 -0.44767588 234 88 12
0.086074772 -0.15578187 -0.44688697 234 88 12
0.036009203 -0.16275016 -0.45774913 234 88 12
0.065758859 -0.1585717 -0.45205421 234 88 12
-0.14591646 -0.1751057 -0.49279708 234 88 12
-0.14031546 -0.17463725 -0.49188409 234 88 12
-0.005329279 -0.16642335 -0.4680497 234 88 12
-0.10453138 -0.17127243 -0.48792373 234 88 12
-0.056270885 -0.16846056 -0.47998608 234 88 12
0.067740166 -0.15772611 -0.45527186 234 88 12
0.11389386 -0.14977186 -0.44782366 234 88 12
0.13303401 -0.14196927 -0.44644114 234 88 12
0.078810276 -0.15564186 -0.45512579 234 88 12
0.13649027 -0.13809276 -0.44834585 234 88 12
-0.054643633 -0.16774224 -0.4835545 234 88 12
-0.018576065 -0.16633347 -0.47641815 234 88 12
0.11748948 -0.14817658 -0.45098354 234 88 12
0.13914885 -0.13333925 -0.45068808 234 88 12
-0.13080016 -0.17329722 -0.4981873 234 88 12
-0.097619174 -0.17021216 -0.49265423 234 88 12
0.0053532469 -0.16473877 -0.47326051 234 88 12
0.050708031 -0.15932227 -0.46381423 234 88 12
0.055397526 -0.15867452 -0.4629533 234 88 12
-0.026996986 -0.16608579 -0.4818997 234 88 12
0.087262161 -0.15342027 -0.45890834 234 88 12
0.11109363 -0.1490718 -0.45534205 234 88 12
-0.058522689 -0.16714821 -0.48992559 234 88 12
-0.05330827 -0.16679211 -0.48902795 234 88 12
-0.0047318981 -0.16497404 -0.47907534 234 88 12
0.10674267 -0.1497226 -0.45765974 234 88 12
-0.072620663 -0.16768799 -0.49426645 234 88 12
0.061874398 -0.15692499 -0.46699896 234 88 12
0.066579891 -0.15619422 -0.46605619 234 88 12
0.071224911 -0.15545279 -0.46519917 234 88 12
0.082473986 -0.15359398 -0.46327901 234 88 12
0.10231138 -0.15030848 -0.460191 234 88 12
0.13037617 -0.14147663 -0.45702779 234 88 12
0.1317507 -0.1404314 -0.45709226 234 88 12
-0.046382315 -0.16584139 -0.491425 234 88 12
0.038404045 -0.16004076 -0.47336448 234 88 12
0.040706681 -0.15970185 -0.47288576 234 88 12
0.099897358 -0.15041556 -0.46224959 234 88 12
-0.054432682 -0.16609638 -0.49478743 234 88 12
-0.005637262 -0.16421726 -0.48483373 234 88 12
0.0085040465 -0.16310653 -0.4816426 234 88 12
0.052019175 -0.1577541 -0.47240994 234 88 12
0.079831039 -0.15341761 -0.46727754 234 88 12
0.12986715 -0.14093433 -0.46066216 234 88 12
0.099482419 -0.14986457 -0.46581077 234 88 12
-0.063167871 -0.16618988 -0.50006144 234 88 12
-0.060433958 -0.16603331 -0.49954713 234 88 12
0.051668204 -0.15725519 -0.47613344 234 88 12
0.065688239 -0.15511791 -0.47341639 234 88 12
0.13202691 -0.13832789 -0.46415996 234 88 12
-0.058273911 -0.16558855 -0.50279866 234 88 12
-0.039727194 -0.16472279 -0.49927834 234 88 12
0.0076359831 -0.16237014 -0.48911023 234 88 12
0.087940011 -0.15089387 -0.47314918 234 88 12
0.10286268 -0.14800177 -0.47254769 234 88 12
0.11308688 -0.14580677 -0.47112381 234 88 12
-0.037144281 -0.16445051 -0.50244241 234 88 12
0.046508893 -0.15732848 -0.48449518 234 88 12
0.10680057 -0.14693207 -0.47379632 234 88 12
-0.042729593 -0.16459966 -0.50542666 234 88 12
-0.012067787 -0.16324544 -0.49901935 234 88 12
0.06222659 -0.15441533 -0.48316447 234 88 12
0.087336781 -0.15018637 -0.4787232 234 88 12
0.10658243 -0.14668842 -0.47567749 234 88 12
0.043928572 -0.15741913 -0.48866397 234 88 12
0.095905616 -0.14855893 -0.47913712 234 88 12
0.098036338 -0.14817714 -0.47878996 234 88 12
-0.00055377797 -0.16237525 -0.50213657 234 88 12
0.043659072 -0.15722252 -0.49241492 234 88 12
0.095505795 -0.1481617 -0.48280616 234 88 12
0.015449448 -0.16075195 -0.50034949 234 88 12
0.019709578 -0.160122 -0.50124137 234 88 12
0.052409732 -0.1553148 -0.49446313 234 88 12
0.0061070397 -0.16152483 -0.50597054 234 88 12
0.077002553 -0.15051724 -0.49145595 234 88 12
0.040853553 -0.15717873 -0.50028457 234 88 12
0.026047506 -0.15905029 -0.50521084 234 88 12
0.040750653 -0.15711501 -0.50205985 234 88 12
0.046943764 -0.15595075 -0.51342793 234 88 12
-0.095812515 0.17728872 -0.29441355 234 88 12
-0.086827008 0.16502662 -0.29588233 234 88 12
-0.075659976 0.14952781 -0.29799972 234 88 12
-0.067100242 0.1373656 -0.29959796 234 88 12
-0.065918545 0.13559909 -0.29983667 234 88 12
-0.097260719 0.16924685 -0.29537267 234 88 12
-0.079094146 0.1430839 -0.29860454 234 88 12
-0.11539668 0.18606747 -0.2935945 234 88 12
-0.10927176 0.17477777 -0.29456093 234 88 12
-0.11983109 0.17831768 -0.29387491 234 88 12
-0.11828169 0.085112608 -0.29861737 234 88 12
-0.17180853 0.16547631 -0.29235557 234 88 12
-0.14030576 0.10029007 -0.29707109 234 88 12
-0.15523186 0.1142024 -0.29593981 234 88 12
-0.22455576 0.2213603 -0.2868146 234 88 12
-0.19322123 0.16816007 -0.29203058 234 88 12
-0.21334332 0.19360034 -0.29005815 234 88 12
-0.21123741 0.18967941 -0.29041664 234 88 12
-0.15848592 0.10080645 -0.29735731 234 88 12
-0.15363142 0.081571545 -0.29921425 234 88 12
-0.11952665 0.028801434 -0.30392515 234 88 12
-0.18834226 0.12684757 -0.29619236 234 88 12
-0.17562989 0.10530076 -0.29748103 234 88 12
-0.16305508 0.083431051 -0.29891514 234 88 12
-0.14786409 0.059479234 -0.30160739 234 88 12
-0.13980836 0.047112411 -0.30269814 234 88 12
-0.23950877 0.15874245 -0.28566068 234 88 12
-0.23552994 0.15128755 -0.28613451 234 88 12
-0.21690846 0.11479577 -0.28737623 234 88 12
-0.21079383 0.10498872 -0.28779774 234 88 12
-0.17290868 0.049730539 -0.29482011 234 88 12
-0.2723513 0.2076886 -0.28164537 234 88 12
-0.24749737 0.16628919 -0.28610517 234 88 12
-0.24654259 0.16439155 -0.28624332 234 88 12
-0.20408306 0.088837568 -0.28987111 234 88 12
-0.1653419 0.032512932 -0.29719933 234 88 12
-0.14117967 -0.0058739962 -0.29958721 234 88 12
-0.28161566 0.21450462 -0.28164528 234 88 12
-0.26654487 0.19325085 -0.28434851 234 88 12
-0.2381605 0.1403494 -0.28855584 234 88 12
-0.23647621 0.13681303 -0.28887179 234 88 12
-0.21016983 0.091827212 -0.29043281 234 88 12
-0.19802018 0.074462773 -0.2923383 234 88 12
-0.17170073 0.036212681 -0.2977586 234 88 12
-0.2600059 0.17408314 -0.28607897 234 88 12
-0.21560377 0.092939498 -0.29023059 234 88 12
-0.21449448 0.091412547 -0.29036553 234 88 12
-0.21239433 0.088335957 -0.29077738 234 88 12
-0.20023464 0.070895922 -0.29249828 234 88 12
-0.26849526 0.155663 -0.28476968 234 88 12
-0.24370866 0.109473 -0.28684084 234 88 12
-0.21785256 0.069562255 -0.28926114 234 88 12
-0.20113509 0.040059444 -0.29366731 234 88 12
-0.16625588 -0.012657968 -0.29807442 234 88 12
-0.29156636 0.18150544 -0.28280004 234 88 12
-0.24634641 0.10119968 -0.28812621 234 88 12
-0.24536314 0.092966242 -0.28901855 234 88 12
-0.24221159 0.088263552 -0.28916607 234 88 12
-0.21457471 0.048235846 -0.29326422 234 88 12
-0.17757819 -0.007857794 -0.2990093 234 88 12
-0.27865288 0.14124874 -0.28735538 234 88 12
-0.24344337 0.083047908 -0.28969092 234 88 12
-0.20160939 0.020036158 -0.29687552 234 88 12
-0.19044396 0.0029681033 -0.29819548 234 88 12
-0.18360201 -0.0069887747 -0.29880719 234 88 12
-0.32562402 0.20877856 -0.27977053 234 88 12
-0.32448515 0.20715371 -0.28001628 234 88 12
-0.30869019 0.18397363 -0.28328026 234 88 12
-0.30303066 0.17521294 -0.28438846 234 88 12
-0.28136323 0.13664504 -0.28798806 234 88 12
-0.23627322 0.064871924 -0.29162302 234 88 12
-0.232756 0.060037907 -0.29212442 234 88 12
-0.21132712 0.025940709 -0.29617184 234 88 12
-0.19979462 0.0089583705 -0.29813856 234 88 12
-0.19328413 -0.001322296 -0.29874267 234 88 12
-0.33117935 0.20927665 -0.27982934 234 88 12
-0.29798251 0.15806842 -0.28666576 234 88 12
-0.27434629 0.11477246 -0.28953839 234 88 12
-0.27011475 0.10841962 -0.290004 234 88 12
-0.18213827 -0.024721636 -0.30051726 234 88 12
-0.32716351 0.19727944 -0.28208742 234 88 12
-0.32485753 0.19397617 -0.28251909 234 88 12
-0.31324408 0.17532399 -0.28521068 234 88 12
-0.23920712 0.056253006 -0.29395072 234 88 12
-0.22885756 0.039392341 -0.29572904 234 88 12
-0.1757496 -0.038937046 -0.30259336 234 88 12
-0.26904422 0.091595923 -0.29152075 234 88 12
-0.18707945 -0.029105278 -0.30255615 234 88 12
-0.27481689 0.063435566 -0.28571886 234 88 12
-0.30759978 0.099146811 -0.28291201 234 88 12
-0.2487244 0.011828637 -0.28987399 234 88 12
-0.21657695 -0.033097704 -0.29512026 234 88 12
-0.29899632 0.084967403 -0.28550056 234 88 12
-0.29410654 0.079166176 -0.28584036 234 88 12
-0.2592305 0.026268964 -0.2895095 234 88 12
-0.33096757 0.12674299 -0.28222908 234 88 12
-0.32608156 0.11796117 -0.28310273 234 88 12
-0.26150684 0.025014709 -0.29045646 234 88 12
-0.25770967 0.017988118 -0.29110012 234 88 12
-0.30152437 0.079593339 -0.28702222 234 88 12
-0.24478699 -0.008256781 -0.29454275 234 88 12
-0.2993766 0.072245548 -0.28758663 234 88 12
-0.33420352 0.090273983 -0.28208954 234 88 12
-0.34031407 0.095345764 -0.28251479 234 88 12
-0.28244917 0.015054343 -0.2892625 234 88 12
-0.24608208 -0.039666109 -0.29526012 234 88 12
-0.24133414 -0.04601207 -0.29558604 234 88 12
-0.30913323 0.05077872 -0.28690448 234 88 12
-0.26473176 -0.018898783 -0.29372702 234 88 12
-0.35562855 0.1077356 -0.28151581 234 88 12
-0.2909713 0.016456293 -0.29009981 234 88 12
-0.27192958 -0.014556538 -0.29350151 234 88 12
-0.26203177 -0.028493646 -0.29535825 234 88 12
-0.25991879 -0.031811566 -0.29561043 234 88 12
-0.35830229 0.10341584 -0.2819842 234 88 12
-0.3503286 0.090374655 -0.28362745 234 88 12
-0.34702069 0.085824325 -0.28429063 234 88 12
-0.29458029 0.013977448 -0.29051711 234 88 12
-0.31893805 0.043925935 -0.28818052 234 88 12
-0.30084634 0.016836135 -0.29070846 234 88 12
-0.27072858 -0.029424039 -0.29605789 234 88 12
-0.3554894 0.084671093 -0.28489166 234 88 12
-0.34209483 0.06915791 -0.28727237 234 88 12
-0.3372298 0.063528924 -0.28787366 234 88 12
-0.45430769 0.25967305 -0.27344995 234 88 12
-0.45267865 0.25319845 -0.2731094 234 88 12
-0.43627897 0.18604003 -0.26901915 234 88 12
-0.32265938 0.037097689 -0.28975008 234 88 12
-0.43662633 0.17412936 -0.26927133 234 88 12
-0.43467343 0.16659127 -0.26868229 234 88 12
-0.42678049 0.13336071 -0.2686882 234 88 12
-0.45577621 0.2540661 -0.27686776 234 88 12
-0.45533345 0.25182031 -0.27670158 234 88 12
-0.44050752 0.17364715 -0.27090084 234 88 12
-0.33289881 -0.0019138722 -0.28418303 234 88 12
-0.46651645 0.30264185 -0.28143515 234 88 12
-0.46560055 0.29821115 -0.28105919 234 88 12
-0.44968427 0.21596358 -0.27533249 234 88 12
-0.44752349 0.20314027 -0.27425515 234 88 12
-0.42959434 0.12668265 -0.27013282 234 88 12
-0.38007795 0.046601787 -0.27744536 234 88 12
-0.46599583 0.29818757 -0.28262747 234 88 12
-0.46289172 0.28252548 -0.28145295 234 88 12
-0.45421966 0.23784291 -0.27845497 234 88 12
-0.45314893 0.23107519 -0.27784048 234 88 12
-0.421296 0.10006011 -0.27205251 234 88 12
-0.46815553 0.30700982 -0.28495761 234 88 12
-0.45113592 0.21292405 -0.27765664 234 88 12
-0.42361638 0.09835288 -0.27254789 234 88 12
-0.461835 0.27355801 -0.28412913 234 88 12
-0.45624198 0.24194783 -0.28173209 234 88 12
-0.44985532 0.19741747 -0.27751638 234 88 12
-0.447538 0.18271615 -0.27579278 234 88 12
-0.44151588 0.14364604 -0.27279616 234 88 12
-0.42790539 0.10013062 -0.27257991 234 88 12
-0.42487046 0.092984607 -0.27301796 234 88 12
-0.41479019 0.072982412 -0.27458813 234 88 12
-0.4656731 0.29142641 -0.28717064 234 88 12
-0.45944437 0.25772539 -0.28472645 234 88 12
-0.45746509 0.24628634 -0.28361575 234 88 12
-0.4526678 0.21234898 -0.28034825 234 88 12
-0.45179002 0.2058158 -0.27966464 234 88 12
-0.45602251 0.23255719 -0.28395367 234 88 12
-0.46093784 0.26215661 -0.28829143 234 88 12
-0.44796308 0.16253484 -0.27748489 234 88 12
-0.4394664 0.11113355 -0.27479606 234 88 12
-0.42898799 0.075127193 -0.27545648 234 88 12
-0.37471527 0.00090176659 -0.28189603 234 88 12
-0.4638748 0.2779377 -0.29120587 234 88 12
-0.45056459 0.17940277 -0.2807674 234 88 12
-0.3946267 0.015126741 -0.27917823 234 88 12
-0.46374208 0.2756818 -0.29275009 234 88 12
-0.46093555 0.25745887 -0.29120111 234 88 12
-0.45992168 0.25057131 -0.29053203 234 88 12
-0.44994335 0.1662186 -0.2805614 234 88 12
-0.44762662 0.14475629 -0.27851759 234 88 12
-0.43375436 0.072613265 -0.27666724 234 88 12
-0.47325392 0.32287973 -0.29841716 234 88 12
-0.45390517 0.19862333 -0.28634295 234 88 12
-0.44868786 0.14650618 -0.2799181 234 88 12
-0.44016716 0.090693628 -0.27745591 234 88 12
-0.41807473 0.028953331 -0.27800529 234 88 12
-0.41709817 0.027488551 -0.27806879 234 88 12
-0.46358711 0.27105654 -0.29575205 234 88 12
-0.44618822 0.1164715 -0.27921687 234 88 12
-0.43876287 0.076427262 -0.27830132 234 88 12
-0.42823923 0.037302072 -0.27819466 234 88 12
-0.47736078 0.34052189 -0.30335074 234 88 12
-0.46792445 0.29374727 -0.2994785 234 88 12
-0.4581458 0.2274817 -0.29303328 234 88 12
-0.45504106 0.20070775 -0.28985539 234 88 12
-0.45401626 0.18979687 -0.28840473 234 88 12
-0.44986705 0.14156707 -0.28228171 234 88 12
-0.43976214 0.073859136 -0.27919247 234 88 12
-0.437505 0.064377588 -0.27925129 234 88 12
-0.4682209 0.29373398 -0.30117236 234 88 12
-0.46120826 0.24788622 -0.29689921 234 88 12
-0.45281134 0.17232788 -0.28746633 234 88 12
-0.44827784 0.11773525 -0.28189939 234 88 12
-0.4285268 0.026472602 -0.27944043 234 88 12
-0.42435503 0.015938131 -0.27893235 234 88 12
-0.4160249 -0.0031154153 -0.27882321 234 88 12
-0.41127674 -0.01322113 -0.27824918 234 88 12
-0.46435067 0.26850451 -0.30061616 234 88 12
-0.45529839 0.1941139 -0.29240312 234 88 12
-0.45493234 0.18971694 -0.29173651 234 88 12
-0.44806083 0.10896141 -0.28286 234 88 12
-0.443186 0.078518063 -0.28142675 234 88 12
-0.4352878 0.042291321 -0.28070043 234 88 12
-0.43117368 0.029247887 -0.2803473 234 88 12
-0.40818415 -0.024171356 -0.27873468 234 88 12
-0.46474942 0.26843787 -0.30234879 234 88 12
-0.46123255 0.24081911 -0.29954611 234 88 12
-0.45771985 0.21151555 -0.29624184 234 88 12
-0.44998516 0.11923092 -0.28481014 234 88 12
-0.44747473 0.098164727 -0.28365038 234 88 12
-0.44344015 0.07415901 -0.28242743 234 88 12
-0.43827103 0.049175624 -0.28195892 234 88 12
-0.43487004 0.035940285 -0.28143611 234 88 12
-0.45731733 0.20486398 -0.2971349 234 88 12
-0.45473004 0.17430003 -0.29443996 234 88 12
-0.449996 0.1082276 -0.28715599 234 88 12
-0.42627031 -0.00094866224 -0.28175356 234 88 12
-0.42063892 -0.012729989 -0.28104908 234 88 12
-0.46055895 0.22231516 -0.3028398 234 88 12
-0.45609301 0.18521022 -0.29792837 234 88 12
-0.45589887 0.18304055 -0.29754611 234 88 12
-0.45341181 0.14511181 -0.29230334 234 88 12
-0.42388038 -0.012535789 -0.28211928 234 88 12
-0.47190564 0.30330362 -0.31260962 234 88 12
-0.4568819 0.18947441 -0.30035905 234 88 12
-0.4476966 0.081263118 -0.28825532 234 88 12
-0.43174783 0.0094789662 -0.2843918 234 88 12
-0.42996429 0.0038027788 -0.28393223 234 88 12
-0.41205722 -0.046055067 -0.28181264 234 88 12
-0.47404793 0.31260356 -0.31512903 234 88 12
-0.4585162 0.20023225 -0.30365811 234 88 12
-0.45089673 0.10159877 -0.29141611 234 88 12
-0.45023643 0.095298945 -0.29094462 234 88 12
-0.41623701 -0.03999394 -0.28284296 234 88 12
-0.4108695 -0.053965785 -0.28236712 234 88 12
-0.47215818 0.30121002 -0.31597678 234 88 12
-0.46849294 0.27769336 -0.31409139 234 88 12
-0.46751502 0.27062126 -0.31342232 234 88 12
-0.46495735 0.24706005 -0.3109855 234 88 12
-0.46088988 0.2131308 -0.30717443 234 88 12
-0.45744075 0.18722367 -0.303595 234 88 12
-0.45357158 0.12952764 -0.29585673 234 88 12
-0.44597268 0.063351147 -0.28998355 234 88 12
-0.42800353 -0.010533621 -0.28513612 234 88 12
-0.41568611 -0.045933399 -0.28339937 234 88 12
-0.47923215 0.33547534 -0.32057604 234 88 12
-0.47094455 0.29195268 -0.31690818 234 88 12
-0.46634234 0.25640695 -0.31378016 234 88 12
-0.45264276 0.11225665 -0.29573668 234 88 12
-0.43802423 0.024089042 -0.28880543 234 88 12
-0.42036463 -0.038279708 -0.28460788 234 88 12
-0.41916163 -0.041714014 -0.2844524 234 88 12
-0.40847592 -0.073581571 -0.28319986 234 88 12
-0.4071855 -0.077099027 -0.28321113 234 88 12
-0.45556433 0.15388431 -0.30216819 234 88 12
-0.44180833 0.037640613 -0.29121489 234 88 12
-0.44037399 0.031766667 -0.29079554 234 88 12
-0.42279317 -0.035446191 -0.28570651 234 88 12
-0.48220617 0.34697549 -0.32497629 234 88 12
-0.47799053 0.32710267 -0.3234258 234 88 12
-0.46695661 0.25403131 -0.31712458 234 88 12
-0.46580139 0.24233324 -0.31574185 234 88 12
-0.45892184 0.18926852 -0.30910359 234 88 12
-0.45426539 0.12509442 -0.30045482 234 88 12
-0.45135545 0.091097014 -0.29690075 234 88 12
-0.4462634 0.057395856 -0.29393174 234 88 12
-0.43303272 -0.0019008527 -0.2890653 234 88 12
-0.47970293 0.33399084 -0.32570319 234 88 12
-0.47647646 0.3182557 -0.32436312 234 88 12
-0.44848581 0.067142403 -0.29620096 234 88 12
-0.44744413 0.061273608 -0.29572498 234 88 12
-0.47676194 0.31846726 -0.32619464 234 88 12
-0.47376643 0.30212155 -0.32483286 234 88 12
-0.46927919 0.26841189 -0.3221486 234 88 12
-0.45382698 0.10995144 -0.30220279 234 88 12
-0.43965044 0.021463502 -0.2938987 234 88 12
-0.4243187 -0.042346114 -0.28858204 234 88 12
-0.41551802 -0.077367585 -0.28614339 234 88 12
-0.41384108 -0.084674772 -0.28598259 234 88 12
-0.41135693 -0.095378653 -0.28564994 234 88 12
-0.46803626 0.25166636 -0.32222895 234 88 12
-0.46759841 0.24694883 -0.32159265 234 88 12
-0.46322716 0.20828703 -0.31706873 234 88 12
-0.45953026 0.18271258 -0.31337705 234 88 12
-0.45390575 0.10560008 -0.30338806 234 88 12
-0.44528355 0.045255702 -0.29744649 234 88 12
-0.42644665 -0.03705307 -0.29008241 234 88 12
-0.42425745 -0.046431185 -0.28939648 234 88 12
-0.47191459 0.28317121 -0.32710638 234 88 12
-0.46305906 0.20389395 -0.31829015 234 88 12
-0.4520051 0.082715119 -0.30242282 234 88 12
-0.44756111 0.055125539 -0.29976871 234 88 12
-0.42066752 -0.065433523 -0.2889963 234 88 12
-0.41236619 -0.10398311 -0.28709268 234 88 12
-0.48420033 0.35034817 -0.33387576 234 88 12
-0.47481984 0.30264074 -0.33039241 234 88 12
-0.42182885 -0.063916859 -0.2902129 234 88 12
-0.41830316 -0.080784717 -0.28903358 234 88 12
-0.48220492 0.33945202 -0.33471341 234 88 12
-0.46191035 0.18892351 -0.31955753 234 88 12
-0.46133312 0.18469965 -0.31895555 234 88 12
-0.46104468 0.18256502 -0.31865613 234 88 12
-0.43041669 -0.028329098 -0.29468964 234 88 12
-0.41492458 -0.10330614 -0.2890866 234 88 12
-0.47199771 0.27357744 -0.33177969 234 88 12
-0.46028375 0.17153106 -0.31868356 234 88 12
-0.45674315 0.12258352 -0.31205625 234 88 12
-0.45539847 0.10527491 -0.30998815 234 88 12
-0.45463253 0.094663235 -0.30869227 234 88 12
-0.45269247 0.078462592 -0.3067613 234 88 12
-0.43935242 0.0087729053 -0.29995014 234 88 12
-0.43489769 -0.010995341 -0.29786808 234 88 12
-0.42955667 -0.034092748 -0.2956417 234 88 12
-0.41576466 -0.10360691 -0.29013517 234 88 12
-0.48754856 0.36388435 -0.34008952 234 88 12
-0.48137508 0.33315478 -0.33773741 234 88 12
-0.48044128 0.32869362 -0.33744308 234 88 12
-0.43439042 -0.015094652 -0.2989928 234 88 12
-0.48830275 0.36615182 -0.34200738 234 88 12
-0.46105254 0.16920599 -0.32172544 234 88 12
-0.45837509 0.13555399 -0.31701551 234 88 12
-0.43696211 -0.0052907314 -0.30156787 234 88 12
-0.41935929 -0.090886659 -0.29322109 234 88 12
-0.41531324 -0.11511945 -0.29186895 234 88 12
-0.48337288 0.34012663 -0.3416804 234 88 12
-0.47656814 0.30331084 -0.33939397 234 88 12
-0.45929837 0.14214639 -0.31969312 234 88 12
-0.45754156 0.11804196 -0.31659564 234 88 12
-0.45492843 0.086146488 -0.31263793 234 88 12
-0.45467563 0.084124655 -0.31239817 234 88 12
-0.45363186 0.076211143 -0.3114583 234 88 12
-0.4514307 0.062443882 -0.31006087 234 88 12
-0.44834907 0.046523587 -0.30851995 234 88 12
-0.44260967 0.018280457 -0.30582105 234 88 12
-0.43965579 0.0044235377 -0.30417862 234 88 12
-0.41930239 -0.094788643 -0.29411389 234 88 12
-0.48726516 0.35761045 -0.34486611 234 88 12
-0.4744944 0.28127208 -0.33962504 234 88 12
-0.47346107 0.27125891 -0.33877407 234 88 12
-0.4687575 0.21849997 -0.33246906 234 88 12
-0.46357016 0.18223646 -0.32730224 234 88 12
-0.45678221 0.10281884 -0.31645432 234 88 12
-0.44915169 0.048426861 -0.31034416 234 88 12
-0.44758594 0.040337347 -0.30955336 234 88 12
-0.42278625 -0.076186246 -0.29698018 234 88 12
-0.42178852 -0.081744169 -0.29650309 234 88 12
-0.41925113 -0.098675248 -0.2951546 234 88 12
-0.41343103 -0.13440638 -0.29286711 234 88 12
-0.40988864 -0.15344653 -0.29150977 234 88 12
-0.48759095 0.35772875 -0.34668984 234 88 12
-0.46579857 0.19490179 -0.33091977 234 88 12
-0.46404226 0.18223952 -0.32904717 234 88 12
-0.45927418 0.13108781 -0.32168055 234 88 12
-0.45564965 0.086050975 -0.31597594 234 88 12
-0.44672842 0.034187354 -0.31070005 234 88 12
-0.44293551 0.016069978 -0.30873387 234 88 12
-0.42935796 -0.044184995 -0.30190168 234 88 12
-0.42314006 -0.076272732 -0.29834378 234 88 12
-0.42042979 -0.09309231 -0.29690937 234 88 12
-0.4188233 -0.10435137 -0.29614703 234 88 12
-0.47529848 0.28147856 -0.34329395 234 88 12
-0.47481834 0.27643125 -0.34276215 234 88 12
-0.47314817 0.25904689 -0.340909 234 88 12
-0.46907549 0.21394577 -0.33534576 234 88 12
-0.4583122 0.11355097 -0.32125881 234 88 12
-0.42555381 -0.065117566 -0.30090617 234 88 12
-0.47665243 0.29161034 -0.3457935 234 88 12
-0.47542885 0.27907068 -0.34481089 234 88 12
-0.4746768 0.27150131 -0.34413486 234 88 12
-0.47397339 0.26409685 -0.34329586 234 88 12
-0.46553469 0.18650625 -0.33306387 234 88 12
-0.46409192 0.17571565 -0.33148744 234 88 12
-0.4474277 0.033984927 -0.31388971 234 88 12
-0.44406106 0.017851054 -0.31206603 234 88 12
-0.41841313 -0.1140029 -0.29807877 234 88 12
-0.41058329 -0.16623322 -0.29375432 234 88 12
-0.48574547 0.34508278 -0.35087746 234 88 12
-0.42549248 -0.069051572 -0.30339308 234 88 12
-0.41906879 -0.11215293 -0.29961775 234 88 12
-0.41689382 -0.12961655 -0.29808709 234 88 12
-0.41585469 -0.137366 -0.29739006 234 88 12
-0.48648977 0.34734045 -0.35288706 234 88 12
-0.48555709 0.34299845 -0.35249242 234 88 12
-0.48328331 0.33209293 -0.35173172 234 88 12
-0.47719725 0.28941027 -0.34931962 234 88 12
-0.47078834 0.21847556 -0.34095807 234 88 12
-0.46727106 0.19287093 -0.33747103 234 88 12
-0.46319454 0.157877 -0.33224256 234 88 12
-0.42791264 -0.057886716 -0.30620328 234 88 12
-0.426459 -0.06537025 -0.30530897 234 88 12
-0.48448721 0.33658208 -0.35389453 234 88 12
-0.47976036 0.30897073 -0.35209819 234 88 12
-0.47556132 0.26942295 -0.34923711 234 88 12
-0.46099072 0.12891499 -0.32987649 234 88 12
-0.45915028 0.10687893 -0.32714144 234 88 12
-0.45598553 0.074080491 -0.32293066 234 88 12
-0.43108009 -0.044745576 -0.30945292 234 88 12
-0.42120448 -0.10089384 -0.30320033 234 88 12
-0.40989036 -0.1884274 -0.29542828 234 88 12
-0.46337096 0.15111593 -0.33462265 234 88 12
-0.45763047 0.085985836 -0.32609159 234 88 12
-0.45349095 0.055850826 -0.32264123 234 88 12
-0.43934333 -0.010310179 -0.31514839 234 88 12
-0.42987817 -0.052490636 -0.31002889 234 88 12
-0.42378136 -0.084097411 -0.30621103 234 88 12
-0.41186007 -0.18126022 -0.29723911 234 88 12
-0.48383902 0.33022219 -0.3570913 234 88 12
-0.48308224 0.32565616 -0.35679125 234 88 12
-0.48157769 0.31630514 -0.35620332 234 88 12
-0.47830407 0.28976073 -0.35471505 234 88 12
-0.47808001 0.28725901 -0.35450345 234 88 12
-0.46533618 0.16700207 -0.33879882 234 88 12
-0.4564067 0.072040619 -0.32605022 234 88 12
-0.42903898 -0.058228053 -0.31082669 234 88 12
-0.4179341 -0.13607326 -0.30285433 234 88 12
-0.47792632 0.28239308 -0.35592753 234 88 12
-0.47387204 0.24021345 -0.35085147 234 88 12
-0.45539438 0.061869658 -0.32669352 234 88 12
-0.42981852 -0.056424511 -0.31258379 234 88 12
-0.42443836 -0.084163774 -0.30920409 234 88 12
-0.42279973 -0.095321044 -0.30814285 234 88 12
-0.41734498 -0.14419938 -0.30337771 234 88 12
-0.48525193 0.33475703 -0.36122559 234 88 12
-0.47903889 0.28998533 -0.35847818 234 88 12
-0.47699971 0.26997355 -0.35667981 234 88 12
-0.46910261 0.19099714 -0.34589775 234 88 12
-0.4645711 0.1511155 -0.33982419 234 88 12
-0.45789784 0.079967983 -0.33041386 234 88 12
-0.45040668 0.033119939 -0.32537241 234 88 12
-0.44411851 0.0030879481 -0.32168139 234 88 12
-0.43511243 -0.033982436 -0.31703071 234 88 12
-0.41991121 -0.12433952 -0.30696911 234 88 12
-0.41150662 -0.19726558 -0.29991968 234 88 12
-0.41117609 -0.19909301 -0.29986525 234 88 12
-0.45694437 0.067900554 -0.33075104 234 88 12
-0.44960685 0.026870125 -0.32635093 234 88 12
-0.41638555 -0.15862122 -0.30445394 234 88 12
-0.4148781 -0.17251382 -0.30311765 234 88 12
-0.48401761 0.32354865 -0.36417286 234 88 12
-0.47486529 0.24058389 -0.35632676 234 88 12
-0.46051982 0.1002949 -0.33660362 234 88 12
-0.45579252 0.057611071 -0.33138936 234 88 12
-0.44593004 0.0067437139 -0.32535248 234 88 12
-0.43598185 -0.034279362 -0.32017789 234 88 12
-0.43306755 -0.047393703 -0.31843195 234 88 12
-0.42815669 -0.069710137 -0.31557309 234 88 12
-0.42306308 -0.10102822 -0.31212288 234 88 12
-0.41948788 -0.13447196 -0.30878266 234 88 12
-0.41903502 -0.13850663 -0.30830855 234 88 12
-0.48739343 0.34147869 -0.36756858 234 88 12
-0.47883174 0.27786703 -0.36303848 234 88 12
-0.47424995 0.22847349 -0.35638922 234 88 12
-0.42609461 -0.08241846 -0.31552527 234 88 12
-0.42002866 -0.13255004 -0.3104998 234 88 12
-0.41793743 -0.15074833 -0.30825191 234 88 12
-0.47013649 0.18709041 -0.35232902 234 88 12
-0.46705803 0.16025587 -0.34804977 234 88 12
-0.46610558 0.15106202 -0.34675528 234 88 12
-0.45945471 0.083900697 -0.33786143 234 88 12
-0.42194538 -0.11655042 -0.31384336 234 88 12
-0.4127187 -0.20181245 -0.30525305 234 88 12
-0.4857444 0.32828064 -0.37048305 234 88 12
-0.46123869 0.098205079 -0.34150946 234 88 12
-0.45855631 0.071910227 -0.33816402 234 88 12
-0.45507696 0.047147157 -0.33543301 234 88 12
-0.444903 -0.0035002588 -0.32890666 234 88 12
-0.4313187 -0.060672545 -0.32158527 234 88 12
-0.42777291 -0.07708618 -0.31936925 234 88 12
-0.4267584 -0.08247046 -0.318708 234 88 12
-0.41273181 -0.20376754 -0.30659331 234 88 12
-0.41060317 -0.21225804 -0.30702332 234 88 12
-0.48644108 0.33061222 -0.37267028 234 88 12
-0.47242718 0.20213174 -0.35809949 234 88 12
-0.45800918 0.06375879 -0.339129 234 88 12
-0.4453355 -0.0035829879 -0.33055616 234 88 12
-0.44250571 -0.015526789 -0.32893384 234 88 12
-0.4351958 -0.046020771 -0.32497783 234 88 12
-0.4613493 0.094143374 -0.34440761 234 88 12
-0.43687453 -0.040585516 -0.3272908 234 88 12
-0.41477424 -0.19317665 -0.30947421 234 88 12
-0.48821132 0.33750981 -0.37723816 234 88 12
-0.46964896 0.17215467 -0.35704052 234 88 12
-0.46406003 0.11756457 -0.34889229 234 88 12
-0.46181791 0.09628048 -0.3463463 234 88 12
-0.45983977 0.077998823 -0.3439478 234 88 12
-0.45476214 0.038845245 -0.3397294 234 88 12
-0.44524901 -0.0077584708 -0.33329517 234 88 12
-0.43689605 -0.042532268 -0.32869386 234 88 12
-0.42550065 -0.097381877 -0.32185258 234 88 12
-0.41739291 -0.16552033 -0.31379733 234 88 12
-0.48440252 0.30799427 -0.37687179 234 88 12
-0.47680411 0.23940354 -0.36902296 234 88 12
-0.47451747 0.21361601 -0.36508144 234 88 12
-0.47385578 0.20705231 -0.36408876 234 88 12
-0.46228877 0.098411414 -0.34825475 234 88 12
-0.4540565 0.032534051 -0.3406809 234 88 12
-0.44472492 -0.011822704 -0.33447359 234 88 12
-0.43611623 -0.048199675 -0.32965172 234 88 12
-0.43340178 -0.059211575 -0.32824295 234 88 12
-0.43205094 -0.064671359 -0.32744856 234 88 12
-0.43162266 -0.06648129 -0.32719102 234 88 12
-0.41458618 -0.19885702 -0.31205904 234 88 12
-0.4135805 -0.20589084 -0.31198691 234 88 12
-0.49103251 0.3486282 -0.38235309 234 88 12
-0.47116362 0.17910907 -0.36165646 234 88 12
-0.46965241 0.16552112 -0.35943033 234 88 12
-0.45286799 0.024228385 -0.34124027 234 88 12
-0.45047531 0.012189225 -0.33952956 234 88 12
-0.43565414 -0.052004384 -0.33080217 234 88 12
-0.42893555 -0.081006982 -0.32693297 234 88 12
-0.42508383 -0.10708279 -0.32412084 234 88 12
-0.42483494 -0.10902134 -0.32397203 234 88 12
-0.42459005 -0.11097006 -0.32380378 234 88 12
-0.42144658 -0.13897114 -0.32036764 234 88 12
-0.41904666 -0.15751089 -0.31783192 234 88 12
-0.48279753 0.28899785 -0.37929183 234 88 12
-0.47347018 0.19672594 -0.36608105 234 88 12
-0.46465516 0.11555653 -0.35376548 234 88 12
-0.46106987 0.082067425 -0.3496984 234 88 12
-0.45674535 0.045025661 -0.34547821 234 88 12
-0.4547852 0.03250069 -0.344059 234 88 12
-0.446542 -0.0080510019 -0.33827699 234 88 12
-0.43613036 -0.052135172 -0.33245557 234 88 12
-0.43292903 -0.064881482 -0.33069133 234 88 12
-0.42902356 -0.082892374 -0.32836706 234 88 12
-0.48220405 0.28170538 -0.38054004 234 88 12
-0.47526979 0.21211811 -0.37017797 234 88 12
-0.4615702 0.084087249 -0.35156127 234 88 12
-0.45615581 0.038787474 -0.34657015 234 88 12
-0.45441764 0.028314892 -0.3452159 234 88 12
-0.44966363 0.0039933149 -0.34159767 234 88 12
-0.41690781 -0.18000688 -0.31813464 234 88 12
-0.41663274 -0.18401663 -0.31768455 234 88 12
-0.49048227 0.34035237 -0.38761501 234 88 12
-0.47752835 0.23304672 -0.37551 234 88 12
-0.47631851 0.21910526 -0.37314428 234 88 12
-0.4715352 0.17264774 -0.3659923 234 88 12
-0.46121522 0.078077686 -0.35258624 234 88 12
-0.45170001 0.012059131 -0.34455145 234 88 12
-0.44875674 -0.0021749671 -0.34238649 234 88 12
-0.44558872 -0.01623432 -0.34037734 234 88 12
-0.44016369 -0.039485997 -0.33731669 234 88 12
-0.41750954 -0.17604482 -0.32014507 234 88 12
-0.41617132 -0.19369688 -0.31803477 234 88 12
-0.47902278 0.24522712 -0.37925842 234 88 12
-0.47139993 0.1681488 -0.36706157 234 88 12
-0.47045595 0.15887141 -0.36561357 234 88 12
-0.46170537 0.080087505 -0.35452324 234 88 12
-0.45805727 0.046947127 -0.35083336 234 88 12
-0.43267151 -0.072474206 -0.33473534 234 88 12
-0.41723184 -0.18210211 -0.32083452 234 88 12
-0.49257389 0.34711361 -0.39246739 234 88 12
-0.47840204 0.23579065 -0.37962009 234 88 12
-0.46043484 0.061592995 -0.35422849 234 88 12
-0.44784808 -0.01047097 -0.34447293 234 88 12
-0.43234471 -0.076230986 -0.33585655 234 88 12
-0.42670922 -0.11144947 -0.33187637 234 88 12
-0.42476458 -0.127196 -0.32975421 234 88 12
-0.41782314 -0.17814077 -0.32288606 234 88 12
-0.4856608 0.29701619 -0.38993654 234 88 12
-0.48443473 0.28723365 -0.38913402 234 88 12
-0.47298251 0.17512628 -0.37156681 234 88 12
-0.46513623 0.10722189 -0.36149362 234 88 12
-0.45592656 0.028195208 -0.3518885 234 88 12
-0.44340047 -0.032375569 -0.34321253 234 88 12
-0.43283612 -0.076403701 -0.33746551 234 88 12
-0.4292152 -0.096415463 -0.33496208 234 88 12
-0.42441442 -0.13322013 -0.33063429 234 88 12
-0.42322973 -0.14129667 -0.32941661 234 88 12
-0.42139939 -0.1536838 -0.32751358 234 88 12
-0.46520291 0.10511653 -0.36285851 234 88 12
-0.45553158 0.024065198 -0.35298481 234 88 12
-0.44652459 -0.020715538 -0.34643716 234 88 12
-0.44169811 -0.041874824 -0.34369855 234 88 12
-0.42559782 -0.12741127 -0.33300409 234 88 12
-0.42233338 -0.14959895 -0.32972905 234 88 12
-0.4181698 -0.18018025 -0.32563103 234 88 12
-0.47947963 0.23628771 -0.38537465 234 88 12
-0.47644688 0.20219119 -0.37945386 234 88 12
-0.46572423 0.10734922 -0.36492371 234 88 12
-0.46550787 0.10518206 -0.36456818 234 88 12
-0.45436029 0.015834934 -0.35338548 234 88 12
-0.44304801 -0.03825567 -0.34580945 234 88 12
-0.42680144 -0.12160844 -0.33541221 234 88 12
-0.47384884 0.17308574 -0.37661422 234 88 12
-0.46811478 0.12502749 -0.36931212 234 88 12
-0.46167197 0.061556039 -0.36101387 234 88 12
-0.4182484 -0.18610202 -0.32769991 234 88 12
-0.41753683 -0.19555583 -0.32657812 234 88 12
-0.49263237 0.33680997 -0.40150131 234 88 12
-0.48376847 0.2703627 -0.39480317 234 88 12
-0.47711865 0.20254624 -0.38307161 234 88 12
-0.47553612 0.18461855 -0.38020438 234 88 12
-0.46976857 0.13627158 -0.37261372 234 88 12
-0.4646458 0.090522699 -0.36597079 234 88 12
-0.44952169 -0.012831458 -0.3525177 234 88 12
-0.42389882 -0.14560511 -0.33504783 234 88 12
-0.48858523 0.30488572 -0.40052387 234 88 12
-0.47560578 0.18248903 -0.38157978 234 88 12
-0.46783963 0.11869386 -0.37168989 234 88 12
-0.46299838 0.07008405 -0.36531907 234 88 12
-0.44533237 -0.034634485 -0.35136717 234 88 12
-0.43735113 -0.06804308 -0.34692312 234 88 12
-0.42418351 -0.14562782 -0.33663543 234 88 12
-0.48831277 0.30016556 -0.40209 234 88 12
-0.48545497 0.27798991 -0.39984049 234 88 12
-0.48162689 0.24407651 -0.39435871 234 88 12
-0.46712343 0.11003735 -0.37207249 234 88 12
-0.45632693 0.020051966 -0.36062413 234 88 12
-0.42111402 -0.16602535 -0.33502383 234 88 12
-0.48869375 0.30032349 -0.40410694 234 88 12
-0.48551559 0.27570936 -0.40157559 234 88 12
-0.48440738 0.26598913 -0.40019354 234 88 12
-0.46744233 0.11020411 -0.37384383 234 88 12
-0.41946422 -0.18399924 -0.33416 234 88 12
-0.462009 0.053402159 -0.36866649 234 88 12
-0.43297928 -0.097582123 -0.34803821 234 88 12
-0.41867323 -0.20076022 -0.33375638 234 88 12
-0.49031692 0.30783512 -0.40861185 234 88 12
-0.48051959 0.22156569 -0.39588045 234 88 12
-0.47330814 0.15072276 -0.38359363 234 88 12
-0.46645678 0.093226447 -0.37482054 234 88 12
-0.46121295 0.045160158 -0.36936967 234 88 12
-0.45487083 0.0057412894 -0.36366347 234 88 12
-0.4541291 0.0015694989 -0.36295797 234 88 12
-0.43575998 -0.084795201 -0.35146518 234 88 12
-0.42928631 -0.12434501 -0.34659891 234 88 12
-0.42725875 -0.13592064 -0.34473352 234 88 12
-0.4190287 -0.20070942 -0.33527617 234 88 12
-0.48604888 0.27126795 -0.40680845 234 88 12
-0.47998311 0.21272019 -0.3960462 234 88 12
-0.46591225 0.084940152 -0.37570165 234 88 12
-0.45369637 -0.0025694857 -0.36404635 234 88 12
-0.45211478 -0.010777349 -0.36294213 234 88 12
-0.4362416 -0.084900306 -0.35316494 234 88 12
-0.42186098 -0.16800482 -0.34112845 234 88 12
-0.49194068 0.31517123 -0.41312394 234 88 12
-0.48317974 0.24258981 -0.40386352 234 88 12
-0.46788667 0.10208761 -0.37951038 234 88 12
-0.46771221 0.099915896 -0.37917347 234 88 12
-0.46441318 0.066426566 -0.37542202 234 88 12
-0.43635746 -0.086853484 -0.35458613 234 88 12
-0.43563927 -0.090528868 -0.3540441 234 88 12
-0.42075303 -0.17984409 -0.34089373 234 88 12
-0.48914585 0.29114361 -0.41286203 234 88 12
-0.48464872 0.25222425 -0.40769556 234 88 12
-0.47934045 0.19725277 -0.39682444 234 88 12
-0.47874256 0.19040911 -0.3955188 234 88 12
-0.46804395 0.10004492 -0.38092915 234 88 12
-0.4647272 0.066500727 -0.37723524 234 88 12
-0.4419999 -0.062982143 -0.35950535 234 88 12
-0.42867027 -0.13430466 -0.35008012 234 88 12
-0.48526505 0.25475442 -0.41008133 234 88 12
-0.48338349 0.23817905 -0.40702485 234 88 12
-0.4767032 0.17002031 -0.39387583 234 88 12
-0.47574883 0.16077994 -0.39227386 234 88 12
-0.44907684 -0.032794004 -0.3650556 234 88 12
-0.48449754 0.24530256 -0.41034438 234 88 12
-0.48070164 0.20659405 -0.40248165 234 88 12
-0.47675303 0.16785626 -0.39528416 234 88 12
-0.4739281 0.14501652 -0.39151181 234 88 12
-0.46600908 0.072856306 -0.38123973 234 88 12
-0.46416661 0.055971426 -0.37951208 234 88 12
-0.46333661 0.049597792 -0.37866898 234 88 12
-0.44945936 -0.032744092 -0.36677117 234 88 12
-0.44744612 -0.042206479 -0.365439 234 88 12
-0.43081323 -0.12694717 -0.35463688 234 88 12
-0.46448798 0.056031284 -0.38129758 234 88 12
-0.45381545 -0.010594326 -0.37155837 234 88 12
-0.45171816 -0.02275344 -0.36979638 234 88 12
-0.44942773 -0.034614333 -0.36826815 234 88 12
-0.435853 -0.10040438 -0.35974274 234 88 12
-0.43292695 -0.11752881 -0.35773798 234 88 12
-0.43188482 -0.12328848 -0.35687809 234 88 12
-0.42105833 -0.20372807 -0.34471791 234 88 12
-0.48849533 0.27685529 -0.41894376 234 88 12
-0.48580716 0.25024476 -0.41513218 234 88 12
-0.4720171 0.12522127 -0.39151375 234 88 12
-0.46737679 0.079276905 -0.3855999 234 88 12
-0.46692733 0.075086439 -0.38499653 234 88 12
-0.45310104 -0.016640361 -0.37244045 234 88 12
-0.44703194 -0.047849459 -0.36822728 234 88 12
-0.42912206 -0.13860076 -0.35604178 234 88 12
-0.42202022 -0.18163438 -0.34842072 234 88 12
-0.42192589 -0.18354298 -0.34810854 234 88 12
-0.45779613 0.008125659 -0.37775857 234 88 12
-0.4562779 -0.00010046157 -0.37658251 234 88 12
-0.45270775 -0.020572018 -0.3736894 234 88 12
-0.44853557 -0.042095831 -0.37069558 234 88 12
-0.4469882 -0.049723297 -0.36969799 234 88 12
-0.47288217 0.12787967 -0.395489 234 88 12
-0.4691406 0.090125027 -0.39036785 234 88 12
-0.46563647 0.058497983 -0.38689929 234 88 12
-0.46252715 0.035136653 -0.38371738 234 88 12
-0.45732401 0.0041644208 -0.37903682 234 88 12
-0.44525216 -0.059177688 -0.37022915 234 88 12
-0.44238688 -0.072486894 -0.36856836 234 88 12
-0.43472616 -0.11396329 -0.36336266 234 88 12
-0.4260859 -0.15629301 -0.35616886 234 88 12
-0.42231813 -0.18909361 -0.35061523 234 88 12
-0.48787327 0.26028685 -0.42221538 234 88 12
-0.48611958 0.24347566 -0.41955984 234 88 12
-0.47911001 0.1776944 -0.40604543 234 88 12
-0.47770463 0.16389514 -0.4034859 234 88 12
-0.47685308 0.15715826 -0.40223331 234 88 12
-0.47342713 0.13034174 -0.39764687 234 88 12
-0.46697804 0.067125515 -0.38968941 234 88 12
-0.46506397 0.052235902 -0.38788669 234 88 12
-0.4607279 0.022827666 -0.38363513 234 88 12
-0.45565826 -0.0060231482 -0.37930569 234 88 12
-0.47963201 0.1800934 -0.40831486 234 88 12
-0.47651547 0.15281207 -0.40322897 234 88 12
-0.47022408 0.094800667 -0.3945518 234 88 12
-0.46979464 0.090502808 -0.39408027 234 88 12
-0.42289699 -0.18709304 -0.35420295 234 88 12
-0.48691304 0.24368099 -0.4232855 234 88 12
-0.47453414 0.13527691 -0.40204045 234 88 12
-0.47189564 0.11051957 -0.39834373 234 88 12
-0.46428888 0.041953679 -0.39016886 234 88 12
-0.43742122 -0.10453064 -0.369689 234 88 12
-0.48862238 0.2558321 -0.42708641 234 88 12
-0.48836126 0.25339326 -0.4267383 234 88 12
-0.48373892 0.21427752 -0.41947738 234 88 12
-0.47170265 0.10399372 -0.39936678 234 88 12
-0.46514843 0.046410424 -0.39265318 234 88 12
-0.46328517 0.033628267 -0.39090547 234 88 12
-0.44290966 -0.076114575 -0.37504788 234 88 12
-0.47437755 0.12890523 -0.40461344 234 88 12
-0.45742092 -0.0013024535 -0.38729213 234 88 12
-0.45494494 -0.015545605 -0.38519846 234 88 12
-0.45139033 -0.035780217 -0.38244609 234 88 12
-0.44762755 -0.055047556 -0.37972409 234 88 12
-0.42886631 -0.14862949 -0.36590286 234 88 12
-0.48839316 0.24633856 -0.42918476 234 88 12
-0.48812531 0.24393719 -0.42880683 234 88 12
-0.47618893 0.1424068 -0.40878809 234 88 12
-0.47419771 0.12460297 -0.40582816 234 88 12
-0.46985253 0.078440474 -0.40009902 234 88 12
-0.44583665 -0.064616778 -0.38029602 234 88 12
-0.44318374 -0.077976824 -0.37833806 234 88 12
-0.4403756 -0.093119881 -0.37626139 234 88 12
-0.42951123 -0.14671831 -0.36800694 234 88 12
-0.48530123 0.21894542 -0.42607582 234 88 12
-0.46629468 0.048972928 -0.39860617 234 88 12
-0.48921625 0.24648884 -0.4328806 234 88 12
-0.47561481 0.13162671 -0.41070983 234 88 12
-0.46011851 0.0094110208 -0.3944835 234 88 12
-0.45743702 -0.0048859496 -0.39234972 234 88 12
-0.4511276 -0.041225802 -0.387071 234 88 12
-0.44686251 -0.062619028 -0.38419681 234 88 12
-0.44527104 -0.070266712 -0.38310179 234 88 12
-0.4347389 -0.12562557 -0.37517194 234 88 12
-0.48847197 0.23711364 -0.43321028 234 88 12
-0.48458501 0.21018874 -0.42817307 234 88 12
-0.48185896 0.18512255 -0.42267144 234 88 12
-0.47593599 0.13175484 -0.41270876 234 88 12
-0.47504057 0.12283729 -0.41138903 234 88 12
-0.45806035 -0.0027023129 -0.39452904 234 88 12
-0.45106809 -0.04305838 -0.38863399 234 88 12
-0.44407536 -0.07786429 -0.38372341 234 88 12
-0.43734278 -0.11408127 -0.37882604 234 88 12
-0.42641007 -0.16583311 -0.36959526 234 88 12
-0.42491173 -0.17716116 -0.36773781 234 88 12
-0.48824259 0.23260008 -0.43436441 234 88 12
-0.48557355 0.21462047 -0.43090236 234 88 12
-0.47437536 0.1116199 -0.41169101 234 88 12
-0.467598 0.051472031 -0.40462948 234 88 12
-0.44585709 -0.070205852 -0.38674227 234 88 12
-0.44473832 -0.075927886 -0.38584074 234 88 12
-0.48626592 0.21684828 -0.43316485 234 88 12
-0.47042514 0.068460279 -0.40844712 234 88 12
-0.45819926 -0.0043976036 -0.39818109 234 88 12
-0.45094952 -0.046731835 -0.39180246 234 88 12
-0.44429265 -0.079686735 -0.38713039 234 88 12
-0.42513209 -0.18818813 -0.36970197 234 88 12
-0.48488269 0.20573379 -0.43286662 234 88 12
-0.47934281 0.15365546 -0.42226436 234 88 12
-0.47435117 0.10058703 -0.41399718 234 88 12
-0.46564659 0.034820846 -0.40612873 234 88 12
-0.46492004 0.030675108 -0.4055335 234 88 12
-0.45846878 -0.0042095775 -0.40018917 234 88 12
-0.45052669 -0.050518107 -0.39315279 234 88 12
-0.4480846 -0.062312989 -0.39162261 234 88 12
-0.4442047 -0.081515337 -0.38870299 234 88 12
-0.43000859 -0.1503723 -0.37768387 234 88 12
-0.48090264 0.16465931 -0.42624295 234 88 12
-0.47781406 0.13860803 -0.42143816 234 88 12
-0.47272911 0.081287027 -0.41366612 234 88 12
-0.4685051 0.051849716 -0.41041585 234 88 12
-0.45226869 -0.042530783 -0.3961236 234 88 12
-0.4488171 -0.06023619 -0.39378042 234 88 12
-0.44091233 -0.10041808 -0.38778907 234 88 12
-0.43282878 -0.13871202 -0.38161964 234 88 12
-0.42900487 -0.15603152 -0.378373 234 88 12
-0.48077599 0.16021864 -0.42716446 234 88 12
-0.47622184 0.11650191 -0.42005129 234 88 12
-0.47511027 0.10081259 -0.41786815 234 88 12
-0.47202612 0.072992019 -0.4146854 234 88 12
-0.46879076 0.052009462 -0.41232382 234 88 12
-0.46009161 0.002282358 -0.40498486 234 88 12
-0.45185931 -0.046308016 -0.39747102 234 88 12
-0.44587679 -0.075665203 -0.39320556 234 88 12
-0.42809793 -0.16169182 -0.37925404 234 88 12
-0.47488166 0.094381044 -0.41896037 234 88 12
-0.42939485 -0.15583185 -0.38205324 234 88 12
-0.42764875 -0.16544919 -0.38054899 234 88 12
-0.42633721 -0.17482409 -0.37904273 234 88 12
-0.48284329 0.17370195 -0.43360762 234 88 12
-0.4692867 0.05233603 -0.41629441 234 88 12
-0.46051322 0.0027235436 -0.40890119 234 88 12
-0.45717349 -0.017727784 -0.40571477 234 88 12
-0.43937391 -0.11155284 -0.39157547 234 88 12
-0.4385357 -0.11538829 -0.39098869 234 88 12
-0.46455895 0.023302789 -0.41403838 234 88 12
-0.43919973 -0.11336472 -0.39309913 234 88 12
-0.48275801 0.16469849 -0.43545623 234 88 12
-0.47516113 0.088321896 -0.42390165 234 88 12
-0.46440475 0.021439202 -0.41572408 234 88 12
-0.45474135 -0.035649783 -0.40681378 234 88 12
-0.45440009 -0.037629726 -0.40654123 234 88 12
-0.43650238 -0.1266514 -0.39276741 234 88 12
-0.42997478 -0.15553688 -0.38767453 234 88 12
-0.42927818 -0.15942923 -0.38712992 234 88 12
-0.42825492 -0.16520024 -0.38623406 234 88 12
-0.47461122 0.08208798 -0.42512202 234 88 12
-0.45852572 -0.012895657 -0.41235386 234 88 12
-0.45536959 -0.033468106 -0.40914708 234 88 12
-0.44161398 -0.10359356 -0.39823967 234 88 12
-0.43534856 -0.13231548 -0.39356111 234 88 12
-0.47788525 0.11024196 -0.43033776 234 88 12
-0.4673799 0.036247379 -0.42190737 234 88 12
-0.44798402 -0.073163505 -0.40490329 234 88 12
-0.44293594 -0.097739127 -0.40110348 234 88 12
-0.43113153 -0.15143887 -0.39213708 234 88 12
-0.47824231 0.11027422 -0.43216484 234 88 12
-0.47656313 0.092910411 -0.43008106 234 88 12
-0.4388849 -0.11860333 -0.39968874 234 88 12
-0.47920971 0.11682501 -0.43492873 234 88 12
-0.47876593 0.11245465 -0.43433917 234 88 12
-0.47255496 0.063515269 -0.42919596 234 88 12
-0.46302354 0.0098667804 -0.42187904 234 88 12
-0.43467516 -0.13775507 -0.39824659 234 88 12
-0.45562202 -0.038836158 -0.41602004 234 88 12
-0.44517558 -0.089913516 -0.40812237 234 88 12
-0.44335074 -0.099338629 -0.40662613 234 88 12
-0.47941635 0.11240197 -0.43804283 234 88 12
-0.47782901 0.097329626 -0.43624848 234 88 12
-0.46854188 0.038783839 -0.43034615 234 88 12
-0.46308738 0.0080989563 -0.42561068 234 88 12
-0.45594073 -0.038724977 -0.41799064 234 88 12
-0.45353597 -0.052862734 -0.41572354 234 88 12
-0.43791939 -0.12597914 -0.40412525 234 88 12
-0.46401262 0.012267403 -0.42825307 234 88 12
-0.46261892 0.0041646211 -0.42695842 234 88 12
-0.45873166 -0.022250855 -0.42278434 234 88 12
-0.42834329 -0.17204141 -0.39918066 234 88 12
-0.44560806 -0.091465766 -0.41364905 234 88 12
-0.43224128 -0.15273984 -0.40369923 234 88 12
-0.46875764 0.036914585 -0.43588268 234 88 12
-0.44433059 -0.098795613 -0.41455197 234 88 12
-0.48149331 0.11893943 -0.44615109 234 88 12
-0.47081625 0.047109773 -0.43900478 234 88 12
-0.4660048 0.020746285 -0.43545803 234 88 12
-0.45844314 -0.029968639 -0.42738755 234 88 12
-0.48271197 0.12556243 -0.4488343 234 88 12
-0.47779269 0.088943384 -0.44465811 234 88 12
-0.45178836 -0.068244462 -0.42294615 234 88 12
-0.43216351 -0.15623917 -0.40906199 234 88 12
-0.46115879 -0.013340067 -0.43403118 234 88 12
-0.44591845 -0.094553093 -0.42112595 234 88 12
-0.43308744 -0.15396775 -0.4133726 234 88 12
-0.45724396 -0.045610864 -0.43255507 234 88 12
-0.44160403 -0.11685015 -0.42156947 234 88 12
-0.45789715 -0.043406249 -0.4349304 234 88 12
-0.4481178 -0.088458408 -0.42812512 234 88 12
-0.44683417 -0.094021556 -0.42726263 234 88 12
-0.46155283 -0.018924338 -0.44078909 234 88 12
-0.44676036 -0.095721456 -0.42901121 234 88 12
-0.44600081 -0.09948887 -0.42841906 234 88 12
-0.44477528 -0.10514682 -0.42753578 234 88 12
-0.44394009 -0.10891421 -0.42699693 234 88 12
-0.46936452 0.02896582 -0.44956556 234 88 12
-0.45887985 -0.041023799 -0.43928203 234 88 12
-0.45552924 -0.059192498 -0.4364027 234 88 12
-0.43689491 -0.1416802 -0.42331378 234 88 12
-0.43644107 -0.1436418 -0.42297479 234 88 12
-0.45587621 -0.059044872 -0.43834654 234 88 12
-0.47465539 0.053039782 -0.45604534 234 88 12
-0.45455371 -0.06680842 -0.43913599 234 88 12
-0.44959713 -0.08783738 -0.43634531 234 88 12
-0.45138944 -0.082115952 -0.43921596 234 88 12
-0.43672623 -0.14717145 -0.42857202 234 88 12
-0.43848496 -0.14112164 -0.43166142 234 88 12
-0.46504301 -0.0069180256 -0.45395768 234 88 12
-0.45000057 -0.09119327 -0.44192002 234 88 12
-0.44502171 -0.11372796 -0.43832106 234 88 12
-0.44625178 -0.10980126 -0.4410635 234 88 12
-0.44582274 -0.11169162 -0.44073637 234 88 12
-0.44917451 -0.098445505 -0.44485569 234 88 12
-0.44196654 -0.13090421 -0.43939259 234 88 12
-0.44009778 -0.13874608 -0.43812886 234 88 12
-0.45406685 -0.083054958 -0.45488469 234 88 12
-0.44778763 -0.11114293 -0.45102899 234 88 12
-0.45036407 -0.10171101 -0.45435194 234 88 12
-0.45101349 -0.1052566 -0.46201576 234 88 12
-0.4605047 -0.063069436 -0.46864963 234 88 12
-0.459301 -0.068926 -0.46805726 234 88 12
-0.45889382 -0.070901002 -0.46780173 234 88 12
-0.45683021 -0.080719903 -0.4667584 234 88 12
-0.45343931 -0.095889651 -0.46496341 234 88 12
-0.44946645 -0.11453405 -0.46455227 234 88 12
-0.45039465 -0.11636946 -0.47206259 234 88 12
0.15658076 -0.13670985 -0.29727143 234 88 12
0.15033088 -0.11541772 -0.29711884 234 88 12
0.14324599 -0.081971795 -0.29530623 234 88 12
0.15667552 -0.13835163 -0.29953763 234 88 12
0.15091189 -0.11921789 -0.29931414 234 88 12
0.13868977 -0.061707947 -0.29431137 234 88 12
0.13299911 -0.039824338 -0.29093392 234 88 12
0.14577131 -0.10167454 -0.30335775 234 88 12
0.12686263 -0.019765739 -0.29294362 234 88 12
0.15769267 -0.14485602 -0.30670172 234 88 12
0.13857539 -0.066567674 -0.30172297 234 88 12
0.13489028 -0.051479618 -0.29930406 234 88 12
0.1406852 -0.07822568 -0.30590804 234 88 12
0.13664485 -0.059795014 -0.30292203 234 88 12
0.13106618 -0.039385886 -0.29986794 234 88 12
0.14129417 -0.083311715 -0.30879081 234 88 12
0.13979154 -0.074740964 -0.30767562 234 88 12
0.14617652 -0.10869774 -0.31273213 234 88 12
0.13960283 -0.07628628 -0.31250085 234 88 12
0.11889153 0.0091976599 -0.30181044 234 88 12
0.10153453 0.087417946 -0.29732418 234 88 12
0.097926899 0.10356208 -0.29585573 234 88 12
0.092959547 0.1242403 -0.29458393 234 88 12
0.15775171 -0.15067379 -0.31872616 234 88 12
0.13288257 -0.04928739 -0.31044116 234 88 12
0.12943659 -0.03707601 -0.30868497 234 88 12
0.12003563 0.0017701319 -0.30427842 234 88 12
0.11963975 0.0036463957 -0.30416143 234 88 12
0.11440473 0.028916294 -0.30466939 234 88 12
0.11407362 0.030629753 -0.30458034 234 88 12
0.10202053 0.08029644 -0.30189407 234 88 12
0.15539946 -0.14472315 -0.32307 234 88 12
0.1259879 -0.025894139 -0.31173596 234 88 12
0.11752477 0.011203235 -0.30799035 234 88 12
0.10898871 0.051003999 -0.3054469 234 88 12
0.15112816 -0.13196042 -0.32450645 234 88 12
0.1448811 -0.10794404 -0.32398957 234 88 12
0.1418927 -0.093367143 -0.32334947 234 88 12
0.102234 0.074910314 -0.306189 234 88 12
0.097759091 0.094343693 -0.30452302 234 88 12
0.091061427 0.1221966 -0.30245506 234 88 12
0.088303186 0.13370976 -0.30153077 234 88 12
0.11587132 0.016687695 -0.31190051 234 88 12
0.1069038 0.055933002 -0.30928639 234 88 12
0.098987736 0.087058277 -0.30721897 234 88 12
0.096845517 0.096087531 -0.30639033 234 88 12
0.14219534 -0.096736873 -0.3279992 234 88 12
0.13693895 -0.070790334 -0.32514995 234 88 12
0.13295108 -0.053946454 -0.32237388 234 88 12
0.13250978 -0.052236067 -0.32212562 234 88 12
0.1284388 -0.036337178 -0.32004856 234 88 12
0.12411763 -0.019900273 -0.31795925 234 88 12
0.11757519 0.0077398229 -0.31496323 234 88 12
0.11412693 0.023754774 -0.31340527 234 88 12
0.11130645 0.037363539 -0.31242244 234 88 12
0.091397623 0.11644471 -0.30673188 234 88 12
0.12080811 -0.0068172141 -0.31882471 234 88 12
0.14788975 -0.12380361 -0.33337818 234 88 12
0.14356954 -0.10545411 -0.33279153 234 88 12
0.14185657 -0.096474226 -0.33238436 234 88 12
0.13610501 -0.068950581 -0.32922388 234 88 12
0.11808561 0.0042436749 -0.3198908 234 88 12
0.11195133 0.032316274 -0.31714041 234 88 12
0.084593634 0.13976402 -0.30863624 234 88 12
0.07874634 0.16445657 -0.30523057 234 88 12
0.068166216 0.20070279 -0.29861369 234 88 12
0.05180533 0.27047985 -0.28496827 234 88 12
0.14807406 -0.12535702 -0.33571942 234 88 12
0.13025605 -0.044907916 -0.32807853 234 88 12
0.12665559 -0.030427638 -0.3263588 234 88 12
0.10431043 0.060577023 -0.31744738 234 88 12
0.099974251 0.07598785 -0.31633027 234 88 12
0.0888254 0.12016994 -0.31234333 234 88 12
0.080207076 0.15624862 -0.30844794 234 88 12
0.058061738 0.2378882 -0.29285303 234 88 12
0.15191559 -0.13907271 -0.33907232 234 88 12
0.14348975 -0.10695649 -0.33728886 234 88 12
0.12520489 -0.02479073 -0.32802826 234 88 12
0.11044686 0.037384611 -0.32115225 234 88 12
0.084023975 0.13779813 -0.31283889 234 88 12
0.055162342 0.24928147 -0.29281337 234 88 12
0.050495192 0.27220497 -0.28878407 234 88 12
0.15002717 -0.1335814 -0.34094922 234 88 12
0.13899886 -0.085546458 -0.33809847 234 88 12
0.13112445 -0.049967764 -0.33311251 234 88 12
0.12176309 -0.01168934 -0.32888428 234 88 12
0.10225423 0.06546142 -0.32137952 234 88 12
0.087001032 0.12396003 -0.31605808 234 88 12
0.056010018 0.24336822 -0.29599334 234 88 12
0.050067666 0.27209476 -0.29090398 234 88 12
0.15392437 -0.14733212 -0.34476469 234 88 12
0.13238807 -0.056788547 -0.33627507 234 88 12
0.1305237 -0.048086289 -0.3351612 234 88 12
0.11130417 0.032422952 -0.3260119 234 88 12
0.098168183 0.079168245 -0.32229489 234 88 12
0.09056675 0.10858742 -0.31941705 234 88 12
0.057760961 0.23373591 -0.30004484 234 88 12
0.055676017 0.24327071 -0.29818325 234 88 12
0.039057004 0.32466512 -0.28205962 234 88 12
0.1372033 -0.078574834 -0.34156652 234 88 12
0.135708 -0.071907222 -0.34062731 234 88 12
0.12748502 -0.03527673 -0.3362043 234 88 12
0.10230207 0.063728998 -0.32580763 234 88 12
0.096979387 0.082673822 -0.32410637 234 88 12
0.094259623 0.093539123 -0.32304261 234 88 12
0.085780149 0.12585613 -0.31992226 234 88 12
0.07478688 0.17058446 -0.31469414 234 88 12
0.062514102 0.21327405 -0.30636417 234 88 12
0.054968616 0.2450579 -0.29999989 234 88 12
0.041463091 0.30844719 -0.28759808 234 88 12
0.038484466 0.32455232 -0.28402783 234 88 12
0.13952869 -0.090441656 -0.34507184 234 88 12
0.11266797 0.025721747 -0.33104239 234 88 12
0.091009116 0.10464335 -0.32389363 234 88 12
0.085441515 0.12584185 -0.3219363 234 88 12
0.075003884 0.16855518 -0.31710361 234 88 12
0.047007244 0.28120676 -0.29581458 234 88 12
0.046572549 0.28310612 -0.2954637 234 88 12
0.045297599 0.28883616 -0.29420627 234 88 12
0.15190483 -0.14117924 -0.3513584 234 88 12
0.14348048 -0.10976858 -0.34863416 234 88 12
0.13322076 -0.063323404 -0.34359383 234 88 12
0.12341053 -0.01851317 -0.33894734 234 88 12
0.11621213 0.010219248 -0.33549877 234 88 12
0.096967176 0.080784404 -0.32841716 234 88 12
0.067695986 0.19337684 -0.31475308 234 88 12
0.059589696 0.22215588 -0.30896121 234 88 12
0.038307786 0.32030341 -0.28898092 234 88 12
0.14712642 -0.1254814 -0.35194396 234 88 12
0.1406184 -0.0972131 -0.34983924 234 88 12
0.12102014 -0.0092728585 -0.34015226 234 88 12
0.11743579 0.0049899987 -0.33850541 234 88 12
0.08685312 0.11801351 -0.32679285 234 88 12
0.045479562 0.28477135 -0.29951479 234 88 12
0.027630704 0.36210418 -0.28270435 234 88 12
0.024813975 0.3730087 -0.28081325 234 88 12
0.12614299 -0.031173496 -0.34458925 234 88 12
0.11778953 0.0033214624 -0.34098818 234 88 12
0.10300844 0.058886573 -0.33476798 234 88 12
0.091586183 0.098851209 -0.3307609 234 88 12
0.083007766 0.13175418 -0.32759399 234 88 12
0.074123486 0.16847607 -0.32336837 234 88 12
0.030396118 0.35106941 -0.28675825 234 88 12
0.15376569 -0.14919595 -0.35915789 234 88 12
0.11999777 -0.0055082989 -0.34422576 234 88 12
0.079358926 0.14580926 -0.3280925 234 88 12
0.052502356 0.25005263 -0.31024754 234 88 12
0.13938889 -0.093544712 -0.35591932 234 88 12
0.12768054 -0.040130604 -0.34967874 234 88 12
0.11395481 0.019118638 -0.34325369 234 88 12
0.11353672 0.020851917 -0.34304842 234 88 12
0.1046525 0.052567137 -0.33958605 234 88 12
0.10149665 0.06226036 -0.33872518 234 88 12
0.089145394 0.10630868 -0.33413705 234 88 12
0.082507089 0.13173874 -0.33169728 234 88 12
0.038845747 0.3098133 -0.30002706 234 88 12
0.030459583 0.34722141 -0.29163365 234 88 12
0.13931215 -0.093502851 -0.35800863 234 88 12
0.13258618 -0.064808803 -0.35418217 234 88 12
0.12170126 -0.012552436 -0.34944456 234 88 12
0.090445689 0.10061074 -0.33688885 234 88 12
0.084308647 0.12372751 -0.33440778 234 88 12
0.075968311 0.15804169 -0.33094207 234 88 12
0.063506533 0.20395077 -0.32353233 234 88 12
0.05588864 0.23260174 -0.31806836 234 88 12
0.0474877 0.27084182 -0.31120668 234 88 12
0.14628906 -0.12284546 -0.36292385 234 88 12
0.13848716 -0.090058922 -0.35977596 234 88 12
0.12971815 -0.052640769 -0.35486969 234 88 12
0.12078458 -0.0088712969 -0.35129494 234 88 12
0.066619469 0.19319104 -0.32792547 234 88 12
0.061432276 0.21095228 -0.32432043 234 88 12
0.056709842 0.22877198 -0.32099421 234 88 12
0.027512969 0.35465948 -0.29440506 234 88 12
0.020561762 0.3878392 -0.29008598 234 88 12
0.15269919 -0.14466065 -0.36814655 234 88 12
0.14629286 -0.12266946 -0.36513915 234 88 12
0.13801908 -0.08832411 -0.36166921 234 88 12
0.12787634 -0.043613745 -0.35621654 234 88 12
0.093500961 0.087941457 -0.34260049 234 88 12
0.078099436 0.14776698 -0.33627437 234 88 12
0.050125887 0.25706027 -0.31837131 234 88 12
0.028744378 0.34901757 -0.2977435 234 88 12
0.023018428 0.36951034 -0.29406112 234 88 12
0.15400659 -0.15146441 -0.37108915 234 88 12
0.13383776 -0.071545599 -0.36134637 234 88 12
0.13132797 -0.061378698 -0.35991043 234 88 12
0.12941465 -0.0526255 -0.35898931 234 88 12
0.12070964 -0.0087494056 -0.35573356 234 88 12
0.11130277 0.029555455 -0.35069981 234 88 12
0.11036836 0.032987264 -0.35026349 234 88 12
0.10300328 0.056201755 -0.34793265 234 88 12
0.063234242 0.20372292 -0.33021822 234 88 12
0.027251417 0.35274339 -0.29913985 234 88 12
0.025081926 0.36021928 -0.29788733 234 88 12
0.022650739 0.36951596 -0.29627438 234 88 12
0.020722221 0.38056312 -0.29519872 234 88 12
0.13201452 -0.06481498 -0.36246325 234 88 12
0.13157246 -0.063091265 -0.36221294 234 88 12
0.1227559 -0.017774806 -0.35859252 234 88 12
0.11697509 0.0071086801 -0.35618746 234 88 12
0.10059582 0.062857695 -0.34956804 234 88 12
0.073336581 0.16601966 -0.33872891 234 88 12
0.064627439 0.19836815 -0.33364594 234 88 12
0.056828922 0.22665172 -0.32830031 234 88 12
0.055088178 0.23384776 -0.32697601 234 88 12
0.054637862 0.23567112 -0.3266653 234 88 12
0.048423603 0.26244423 -0.32194488 234 88 12
0.13567053 -0.079923823 -0.36694773 234 88 12
0.1335975 -0.07160061 -0.36555343 234 88 12
0.091107057 0.095254497 -0.34823453 234 88 12
0.08350633 0.12358082 -0.34481035 234 88 12
0.078025587 0.14571715 -0.34273411 234 88 12
0.02382247 0.36205071 -0.30217376 234 88 12
0.14864615 -0.13027838 -0.37538604 234 88 12
0.099128917 0.066352471 -0.35369107 234 88 12
0.097062491 0.072910448 -0.35287806 234 88 12
0.092253108 0.090039661 -0.35104692 234 88 12
0.088001088 0.10625469 -0.34907562 234 88 12
0.085322933 0.11582238 -0.34790706 234 88 12
0.062020788 0.20686786 -0.33629525 234 88 12
0.025632568 0.35450005 -0.30572813 234 88 12
0.14912839 -0.13178433 -0.37796548 234 88 12
0.14628236 -0.12191731 -0.37641504 234 88 12
0.13421597 -0.074996846 -0.37036585 234 88 12
0.12207802 -0.015844478 -0.36491365 234 88 12
0.12168075 -0.014019085 -0.36478865 234 88 12
0.072348221 0.16774996 -0.3449112 234 88 12
0.034084739 0.3207415 -0.31492356 234 88 12
0.019212115 0.38431631 -0.30440448 234 88 12
0.018904395 0.38798435 -0.30412568 234 88 12
0.14768617 -0.12670173 -0.37948677 234 88 12
0.1458135 -0.12014809 -0.37844972 234 88 12
0.14258728 -0.10849362 -0.37688866 234 88 12
0.12083921 -0.010378173 -0.36675067 234 88 12
0.11646561 0.0089807999 -0.36488871 234 88 12
0.11282886 0.022848494 -0.36296998 234 88 12
0.11192885 0.026272467 -0.36246748 234 88 12
0.034306109 0.31853625 -0.31768891 234 88 12
0.01837335 0.40277829 -0.30531962 234 88 12
0.14626107 -0.12169831 -0.38097395 234 88 12
0.12771053 -0.049113288 -0.37101826 234 88 12
0.12357965 -0.025014973 -0.36959646 234 88 12
0.085834778 0.11195722 -0.35465124 234 88 12
0.06626863 0.19045117 -0.34595836 234 88 12
0.06366737 0.19948023 -0.34440467 234 88 12
0.040650708 0.29063898 -0.32714126 234 88 12
0.029476349 0.33659211 -0.31590549 234 88 12
0.024236162 0.35616187 -0.31249378 234 88 12
0.018137231 0.39899446 -0.30795096 234 88 12
0.14716799 -0.12485494 -0.38380979 234 88 12
0.13378759 -0.075122422 -0.37660823 234 88 12
0.11410499 0.017640678 -0.36808477 234 88 12
0.089135817 0.099020577 -0.3583636 234 88 12
0.084022044 0.11764756 -0.3559465 234 88 12
0.063529031 0.19929885 -0.34655154 234 88 12
0.045284579 0.26922887 -0.33420092 234 88 12
0.034689398 0.31412467 -0.32314176 234 88 12
0.033699162 0.31815904 -0.32209587 234 88 12
0.022423776 0.36180829 -0.31399172 234 88 12
0.12121554 -0.01406944 -0.37317923 234 88 12
0.11576572 0.010672828 -0.37109333 234 88 12
0.11489776 0.014161834 -0.37067533 234 88 12
0.11445568 0.015888098 -0.37049953 234 88 12
0.09313726 0.083374487 -0.36251966 234 88 12
0.089808609 0.095496767 -0.36101444 234 88 12
0.071193303 0.16913251 -0.35284419 234 88 12
0.025832354 0.34814531 -0.31831361 234 88 12
0.019750402 0.37314912 -0.31509322 234 88 12
0.14060775 -0.10172523 -0.38467905 234 88 12
0.12943184 -0.060001389 -0.37842529 234 88 12
0.12035687 -0.010504958 -0.37504531 234 88 12
0.1078662 0.038232074 -0.36977736 234 88 12
0.10201386 0.054986546 -0.36774652 234 88 12
0.10084734 0.058298436 -0.36731002 234 88 12
0.070025334 0.17291679 -0.35457288 234 88 12
0.038075508 0.29804441 -0.3317618 234 88 12
0.034643525 0.31175985 -0.32800813 234 88 12
0.02502614 0.34996533 -0.32034807 234 88 12
0.018283843 0.38426436 -0.3166052 234 88 12
0.017452011 0.40447818 -0.31451986 234 88 12
0.1392178 -0.096701616 -0.38626786 234 88 12
0.11757721 0.0018225812 -0.37626754 234 88 12
0.079843729 0.13110657 -0.36034021 234 88 12
0.077926677 0.13903626 -0.35953924 234 88 12
0.040561804 0.28627049 -0.33670516 234 88 12
0.017287449 0.41383281 -0.31626553 234 88 12
0.15245272 -0.14927952 -0.39591359 234 88 12
0.15174004 -0.14409669 -0.39560599 234 88 12
0.14282225 -0.10996288 -0.3902297 234 88 12
0.13916 -0.096745643 -0.38836206 234 88 12
0.12391816 -0.032761583 -0.38026647 234 88 12
0.12267879 -0.025343983 -0.37982335 234 88 12
0.12168881 -0.019801965 -0.37957837 234 88 12
0.10800785 0.036485352 -0.37434924 234 88 12
0.096544758 0.069958151 -0.37046383 234 88 12
0.094947952 0.074966563 -0.36980454 234 88 12
0.091469432 0.086864301 -0.36838408 234 88 12
0.090503169 0.090324213 -0.36793279 234 88 12
0.04983909 0.24550445 -0.34729324 234 88 12
0.043892817 0.27072793 -0.34249872 234 88 12
0.041687473 0.28040558 -0.34028888 234 88 12
0.018481516 0.37853334 -0.32186601 234 88 12
0.017205691 0.39695127 -0.31996147 234 88 12
0.15100787 -0.14060741 -0.39744241 234 88 12
0.1432593 -0.1115949 -0.39262218 234 88 12
0.082397529 0.11944727 -0.36589926 234 88 12
0.072318013 0.16066597 -0.36166598 234 88 12
0.048617389 0.24923471 -0.34874076 234 88 12
0.043665784 0.27062913 -0.34463274 234 88 12
0.04191988 0.27839317 -0.34291496 234 88 12
0.020505548 0.36515611 -0.32571083 234 88 12
0.13348084 -0.077066366 -0.38964766 234 88 12
0.12202094 -0.023703806 -0.38381719 234 88 12
0.11933808 -0.00900581 -0.38305615 234 88 12
0.11136998 0.024370559 -0.38016363 234 88 12
0.10762478 0.036407056 -0.37870019 234 88 12
0.098862023 0.061533028 -0.37538389 234 88 12
0.091958932 0.08344171 -0.37279909 234 88 12
0.074419018 0.15065719 -0.3644676 234 88 12
0.07349823 0.15460934 -0.36414292 234 88 12
0.062408075 0.19832452 -0.35916115 234 88 12
0.057680747 0.21429379 -0.35615909 234 88 12
0.038218995 0.29364836 -0.34107892 234 88 12
0.028190473 0.33324616 -0.33206624 234 88 12
0.017555238 0.38582383 -0.32609272 234 88 12
0.12626527 -0.049684855 -0.38754851 234 88 12
0.12490602 -0.042345351 -0.38695013 234 88 12
0.12017838 -0.014582532 -0.3853285 234 88 12
0.11732848 -0.00021117549 -0.38454968 234 88 12
0.11217902 0.020863696 -0.38271338 234 88 12
0.078534959 0.13278801 -0.36807261 234 88 12
0.035583586 0.30314675 -0.34082213 234 88 12
0.024988282 0.34495746 -0.33252536 234 88 12
0.020191777 0.36482709 -0.33042823 234 88 12
0.14302839 -0.11156108 -0.3989713 234 88 12
0.1420413 -0.10830136 -0.39837851 234 88 12
0.13324635 -0.077120145 -0.39374382 234 88 12
0.13226135 -0.073824144 -0.39314568 234 88 12
0.12885041 -0.062043373 -0.39108949 234 88 12
0.088035449 0.095681045 -0.37544765 234 88 12
0.038784963 0.28959402 -0.34626348 234 88 12
0.024787328 0.34473007 -0.33481699 234 88 12
0.016635917 0.39658627 -0.32942791 234 88 12
0.14840998 -0.13051543 -0.40479323 234 88 12
0.13556476 -0.085349985 -0.39727343 234 88 12
0.11942224 -0.012911459 -0.38932828 234 88 12
0.11727974 -0.0021065865 -0.38873231 234 88 12
0.067738627 0.17562367 -0.3685045 234 88 12
0.063292861 0.1924763 -0.36627548 234 88 12
0.04888566 0.24347072 -0.35784455 234 88 12
0.025092884 0.34253013 -0.33739074 234 88 12
0.017136479 0.38557915 -0.33341581 234 88 12
0.016921732 0.38925466 -0.33291767 234 88 12
0.150659 -0.14348113 -0.40858044 234 88 12
0.1417995 -0.10822128 -0.40268367 234 88 12
0.12507048 -0.046221794 -0.39341121 234 88 12
0.12062465 -0.020391349 -0.39168969 234 88 12
0.11853292 -0.0093249294 -0.39118906 234 88 12
0.11560477 0.0048878628 -0.39028664 234 88 12
0.098425467 0.059644387 -0.38378991 234 88 12
0.079841866 0.12505409 -0.37515419 234 88 12
0.071831707 0.15811176 -0.37205902 234 88 12
0.051577408 0.2321416 -0.36133494 234 88 12
0.016261934 0.39831783 -0.3339248 234 88 12
0.14121457 -0.10653363 -0.40457539 234 88 12
0.11228261 0.017229142 -0.39143716 234 88 12
0.10340992 0.044581596 -0.38793011 234 88 12
0.091213712 0.081857326 -0.38317173 234 88 12
0.088193225 0.092335524 -0.38192289 234 88 12
0.02674207 0.33413998 -0.34309632 234 88 12
0.022326089 0.35214036 -0.3411267 234 88 12
0.1366358 -0.090183686 -0.40445278 234 88 12
0.13571455 -0.086901868 -0.40394845 234 88 12
0.11952519 -0.016727305 -0.39561095 234 88 12
0.082218764 0.11400032 -0.38092177 234 88 12
0.067746713 0.17344323 -0.37484982 234 88 12
0.065362423 0.18283094 -0.37373878 234 88 12
0.062739627 0.19220875 -0.37253866 234 88 12
0.042166483 0.27022785 -0.35912599 234 88 12
0.019006179 0.36798731 -0.34211971 234 88 12
0.10916577 0.025742516 -0.39455059 234 88 12
0.087718296 0.092468957 -0.38593057 234 88 12
0.079615263 0.12330304 -0.3815138 234 88 12
0.069524717 0.16575311 -0.37763735 234 88 12
0.04931254 0.23776011 -0.36660275 234 88 12
0.14737229 -0.13023688 -0.41545118 234 88 12
0.14307943 -0.11437021 -0.41243921 234 88 12
0.14164207 -0.10960492 -0.4114975 234 88 12
0.11908392 -0.016779303 -0.39969818 234 88 12
0.10479946 0.037719532 -0.39512941 234 88 12
0.082746034 0.11045497 -0.38559119 234 88 12
0.036344763 0.2950225 -0.35740222 234 88 12
0.01454852 0.41255066 -0.34034814 234 88 12
0.11702247 -0.0076583933 -0.40123217 234 88 12
0.11376233 0.0065540825 -0.40038246 234 88 12
0.10273959 0.042724485 -0.39641513 234 88 12
0.078633791 0.12531507 -0.38542041 234 88 12
0.07445813 0.14249502 -0.38358089 234 88 12
0.053734736 0.21939843 -0.37353585 234 88 12
0.020544027 0.35742239 -0.34978439 234 88 12
0.020143784 0.35944315 -0.34962449 234 88 12
0.13167758 -0.075186124 -0.41074 234 88 12
0.11856619 -0.016844336 -0.4037942 234 88 12
0.066109035 0.17704309 -0.38265342 234 88 12
0.05848881 0.20295711 -0.37857196 234 88 12
0.057901452 0.20478289 -0.37824399 234 88 12
0.039309625 0.27993651 -0.36514539 234 88 12
0.028522571 0.32332741 -0.35574042 234 88 12
0.01894073 0.3653693 -0.35145786 234 88 12
0.016429644 0.38490325 -0.34930845 234 88 12
0.149119 -0.15007766 -0.42336676 234 88 12
0.14454271 -0.12219592 -0.42011018 234 88 12
0.087540016 0.08921831 -0.39438622 234 88 12
0.081981643 0.11070322 -0.39159258 234 88 12
0.063887423 0.18449457 -0.38374013 234 88 12
0.051021554 0.22686453 -0.37636468 234 88 12
0.015213172 0.39592984 -0.3494191 234 88 12
0.01476167 0.4014796 -0.34840973 234 88 12
0.014137587 0.40870519 -0.34698374 234 88 12
0.013603634 0.4160152 -0.34605815 234 88 12
0.14771777 -0.1397446 -0.42473988 234 88 12
0.13584663 -0.091541681 -0.41739912 234 88 12
0.078389052 0.1236338 -0.39170519 234 88 12
0.036436234 0.29126086 -0.36648779 234 88 12
0.030772328 0.31352191 -0.36179704 234 88 12
0.014591076 0.40140544 -0.35041636 234 88 12
0.013649315 0.41228984 -0.34844641 234 88 12
0.11710633 -0.013168369 -0.40962401 234 88 12
0.11197247 0.0083468929 -0.40824616 234 88 12
0.10424963 0.034136838 -0.40576988 234 88 12
0.10086214 0.044241357 -0.40427496 234 88 12
0.087486173 0.08758673 -0.39852894 234 88 12
0.080532348 0.11452363 -0.39510265 234 88 12
0.069414481 0.16192122 -0.39016377 234 88 12
0.059626326 0.1974321 -0.38565734 234 88 12
0.042803988 0.25896314 -0.37514363 234 88 12
0.14806247 -0.15003523 -0.42937148 234 88 12
0.1472838 -0.14141303 -0.42886094 234 88 12
0.13923394 -0.10605907 -0.42346355 234 88 12
0.13587066 -0.093035867 -0.42186192 234 88 12
0.091470459 0.073396924 -0.40217978 234 88 12
0.088770192 0.082307235 -0.40107865 234 88 12
0.087202805 0.087667072 -0.40046567 234 88 12
0.051299131 0.22338107 -0.38283733 234 88 12
0.032434983 0.30603654 -0.36756068 234 88 12
0.028466183 0.32096077 -0.36478436 234 88 12
0.14673369 -0.13975163 -0.43063492 234 88 12
0.13436363 -0.087971307 -0.42331324 234 88 12
0.13029592 -0.073084492 -0.42093272 234 88 12
0.12242852 -0.042274316 -0.41624711 234 88 12
0.11734283 -0.016833392 -0.41395761 234 88 12
0.11178652 0.0066069061 -0.41231744 234 88 12
0.098083586 0.050908895 -0.40721392 234 88 12
0.085922067 0.091356036 -0.4020972 234 88 12
0.084528373 0.096694283 -0.40145473 234 88 12
0.066371802 0.17344028 -0.39334307 234 88 12
0.06329519 0.18447425 -0.39186896 234 88 12
0.012573664 0.41936447 -0.35347518 234 88 12
0.14805519 -0.17170562 -0.43248179 234 88 12
0.13995988 -0.11078735 -0.42842007 234 88 12
0.11046929 0.010162327 -0.41417146 234 88 12
0.099890766 0.044187258 -0.41024801 234 88 12
0.064732958 0.17898879 -0.39469337 234 88 12
0.059593403 0.19561605 -0.39205792 234 88 12
0.059006908 0.19747448 -0.39175472 234 88 12
0.043979188 0.24985537 -0.3825833 234 88 12
0.032525675 0.30421243 -0.37224853 234 88 12
0.027086283 0.32457069 -0.36854346 234 88 12
0.14761437 -0.16556542 -0.43494909 234 88 12
0.13506893 -0.092842222 -0.42805867 234 88 12
0.12551983 -0.057547458 -0.42286073 234 88 12
0.10761745 0.018873524 -0.41539666 234 88 12
0.07269474 0.14299344 -0.39983511 234 88 12
0.066482142 0.17166662 -0.39759921 234 88 12
0.061175189 0.19005443 -0.39502862 234 88 12
0.046007532 0.24047429 -0.38603538 234 88 12
0.043709595 0.2499723 -0.38456196 234 88 12
0.14397589 -0.12976397 -0.4355531 234 88 12
0.14333348 -0.1265656 -0.43505553 234 88 12
0.12098453 -0.038344285 -0.42221023 234 88 12
0.12024455 -0.034774604 -0.42182554 234 88 12
0.071341479 0.14872874 -0.4013497 234 88 12
0.036122585 0.28787771 -0.37974133 234 88 12
0.033514251 0.2988064 -0.37769256 234 88 12
0.032621402 0.3024203 -0.37701992 234 88 12
0.02172709 0.34613026 -0.37053955 234 88 12
0.014253149 0.39542294 -0.3636826 234 88 12
0.14489593 -0.13800667 -0.43836982 234 88 12
0.14116261 -0.11865695 -0.435867 234 88 12
0.13067551 -0.077522088 -0.4302814 234 88 12
0.095999155 0.054379203 -0.41471322 234 88 12
0.076308265 0.12609724 -0.40565276 234 88 12
0.065218957 0.17540236 -0.40122835 234 88 12
0.05723261 0.2011897 -0.39704852 234 88 12
0.037772413 0.27873876 -0.3836489 234 88 12
0.025608501 0.32819899 -0.37487065 234 88 12
0.14562523 -0.14826105 -0.44113108 234 88 12
0.12325023 -0.050250352 -0.42812797 234 88 12
0.11678312 -0.02015967 -0.42455886 234 88 12
0.11296062 -0.0037202579 -0.42342455 234 88 12
0.11022708 0.0069208028 -0.42272358 234 88 12
0.078679083 0.11528676 -0.40904514 234 88 12
0.06458234 0.17724646 -0.40298277 234 88 12
0.045914783 0.23878144 -0.39218447 234 88 12
0.041292713 0.25977889 -0.38889724 234 88 12
0.038359621 0.27504492 -0.38635737 234 88 12
0.015565382 0.38204073 -0.3707993 234 88 12
0.14623052 -0.17165282 -0.44245642 234 88 12
0.13568879 -0.10064146 -0.43755609 234 88 12
0.12732515 -0.067124988 -0.43287434 234 88 12
0.023819889 0.3338123 -0.37851266 234 88 12
0.016039966 0.3779884 -0.37344593 234 88 12
0.13894424 -0.11524176 -0.44162896 234 88 12
0.13729195 -0.10876493 -0.44070572 234 88 12
0.13369606 -0.093950408 -0.43881219 234 88 12
0.13295673 -0.090573885 -0.43842425 234 88 12
0.091755575 0.066826028 -0.41908667 234 88 12
0.082797761 0.097352267 -0.41520283 234 88 12
0.061539231 0.18637948 -0.4057786 234 88 12
0.057920229 0.19742582 -0.40381167 234 88 12
0.047512599 0.23131107 -0.39737116 234 88 12
0.046526302 0.23508496 -0.3967546 234 88 12
0.041701672 0.25606257 -0.39347259 234 88 12
0.036922986 0.28071765 -0.38951122 234 88 12
0.1413497 -0.12807031 -0.44529253 234 88 12
0.14069397 -0.12485917 -0.44493975 234 88 12
0.13147301 -0.085402058 -0.43997897 234 88 12
0.11660662 -0.023436088 -0.43109119 234 88 12
0.10331088 0.02782124 -0.42675854 234 88 12
0.077948406 0.1154184 -0.4151069 234 88 12
0.071501805 0.14307684 -0.4120357 234 88 12
0.039022463 0.26948674 -0.39342996 234 88 12
0.037129904 0.27890325 -0.39193665 234 88 12
0.014121999 0.38949555 -0.37538025 234 88 12
0.012084792 0.40620668 -0.37136655 234 88 12
0.14456185 -0.15591898 -0.44930638 234 88 12
0.13980879 -0.12322188 -0.44674877 234 88 12
0.083409142 0.093891052 -0.41963159 234 88 12
0.068188376 0.15824922 -0.41276776 234 88 12
0.019163791 0.35353303 -0.38275225 234 88 12
0.013969913 0.38943046 -0.37746297 234 88 12
0.14470018 -0.17159462 -0.45041863 234 88 12
0.12183276 -0.049484976 -0.43859445 234 88 12
0.11631669 -0.024977701 -0.43554964 234 88 12
0.10133203 0.033036968 -0.43032383 234 88 12
0.047560437 0.2294679 -0.40367512 234 88 12
0.038730391 0.2695166 -0.3975485 234 88 12
0.038351565 0.27140968 -0.39725738 234 88 12
0.030657058 0.30411629 -0.391834 234 88 12
0.12318391 -0.05619851 -0.44171732 234 88 12
0.11480617 -0.01942841 -0.43725685 234 88 12
0.105531 0.017787703 -0.43411464 234 88 12
0.099198753 0.039774434 -0.43153485 234 88 12
0.077158166 0.11550444 -0.42116113 234 88 12
0.068901485 0.15248336 -0.41732941 234 88 12
0.017814947 0.35946814 -0.38627308 234 88 12
0.013377592 0.39119322 -0.38113357 234 88 12
0.011046987 0.40970832 -0.37673706 234 88 12
0.13893264 -0.12653301 -0.4528634 234 88 12
0.12408507 -0.061165971 -0.44453936 234 88 12
0.11846823 -0.037075099 -0.44113086 234 88 12
0.11322783 -0.013858699 -0.43896108 234 88 12
0.080330234 0.10297924 -0.42465073 234 88 12
0.072976607 0.13193401 -0.42131826 234 88 12
0.051711319 0.21419229 -0.41035941 234 88 12
0.038470428 0.26949387 -0.40161735 234 88 12
0.025765686 0.32041254 -0.39341022 234 88 12
0.14244155 -0.15242554 -0.45719162 234 88 12
0.13564817 -0.11347096 -0.45362705 234 88 12
0.13524506 -0.11183613 -0.45340572 234 88 12
0.059817659 0.18788126 -0.41742015 234 88 12
0.04068542 0.2579974 -0.40528917 234 88 12
0.04030377 0.25991025 -0.40505875 234 88 12
0.030333814 0.30231812 -0.39852941 234 88 12
0.028865368 0.30768656 -0.39761943 234 88 12
0.019335956 0.34739865 -0.39173908 234 88 12
0.012496402 0.39485499 -0.38431376 234 88 12
0.13294838 -0.10355887 -0.45431725 234 88 12
0.098030113 0.041752795 -0.43740368 234 88 12
0.095327899 0.051734212 -0.43585559 234 88 12
0.076341007 0.11562077 -0.42728419 234 88 12
0.072894955 0.13008551 -0.42558046 234 88 12
0.04710531 0.22934849 -0.41158276 234 88 12
0.037334551 0.27324025 -0.40520402 234 88 12
0.028056619 0.30946555 -0.39938141 234 88 12
0.024629688 0.32230432 -0.39726348 234 88 12
0.011547185 0.40040376 -0.384971 234 88 12
0.13868722 -0.13498991 -0.45977299 234 88 12
0.1218236 -0.055650069 -0.44998762 234 88 12
0.10062927 0.031682032 -0.44080513 234 88 12
0.085025727 0.085348513 -0.43268475 234 88 12
0.038424696 0.26747096 -0.40802964 234 88 12
0.017538513 0.3554503 -0.39502571 234 88 12
0.016184314 0.36531572 -0.39373925 234 88 12
0.01379159 0.38123274 -0.39149592 234 88 12
0.010537927 0.40582391 -0.38572746 234 88 12
0.14224654 -0.16774989 -0.46270441 234 88 12
0.11888888 -0.043610635 -0.45050097 234 88 12
0.11228511 -0.015412416 -0.44743887 234 88 12
0.072764891 0.12824826 -0.42990955 234 88 12
0.069477664 0.1429732 -0.42834949 234 88 12
0.05972455 0.18584658 -0.42362816 234 88 12
0.1335238 -0.11353903 -0.46176107 234 88 12
0.09412302 0.053696763 -0.44171031 234 88 12
0.076528044 0.11212717 -0.43389538 234 88 12
0.041754847 0.25025571 -0.4143316 234 88 12
0.140387 -0.15643701 -0.4672575 234 88 12
0.11775873 -0.041713993 -0.45453127 234 88 12
0.0486701 0.22152176 -0.42094227 234 88 12
0.047634067 0.22534347 -0.42023941 234 88 12
0.016981707 0.35540973 -0.40115412 234 88 12
0.14005979 -0.15842046 -0.46915123 234 88 12
0.13528339 -0.13020332 -0.46709825 234 88 12
0.1297165 -0.1002028 -0.46421852 234 88 12
0.11816076 -0.045139833 -0.45706208 234 88 12
0.1149337 -0.031154568 -0.45541642 234 88 12
0.10546515 0.0078410702 -0.45158315 234 88 12
0.10149114 0.02341993 -0.44997919 234 88 12
0.059541118 0.1838457 -0.42980019 234 88 12
0.054587431 0.20041024 -0.42677689 234 88 12
0.052460465 0.20795655 -0.42541823 234 88 12
0.032699968 0.28782589 -0.41317988 234 88 12
0.01520299 0.36711024 -0.40166836 234 88 12
0.11915817 -0.051926508 -0.45998894 234 88 12
0.10018725 0.026855105 -0.45157128 234 88 12
0.079045747 0.10161712 -0.44125466 234 88 12
0.07848652 0.10338312 -0.44106737 234 88 12
0.055987679 0.19482886 -0.42985927 234 88 12
0.046936225 0.22711704 -0.42392207 234 88 12
0.038013038 0.26523433 -0.41831825 234 88 12
0.02610277 0.30940725 -0.41182615 234 88 12
0.020031131 0.33555054 -0.40761143 234 88 12
0.13212499 -0.12054676 -0.4702262 234 88 12
0.129341 -0.10534423 -0.46877583 234 88 12
0.12812545 -0.098582883 -0.46793876 234 88 12
0.12284384 -0.0708584 -0.46437999 234 88 12
0.12131369 -0.063954509 -0.46351403 234 88 12
0.092194137 0.055895906 -0.4497375 234 88 12
0.027859836 0.30219985 -0.41510085 234 88 12
0.021624231 0.32605961 -0.41114571 234 88 12
0.13698985 -0.15151933 -0.47453736 234 88 12
0.13503243 -0.14095727 -0.47374421 234 88 12
0.084424141 0.082374243 -0.44743149 234 88 12
0.017296152 0.34922864 -0.40991943 234 88 12
0.010193076 0.39801976 -0.40224891 234 88 12
0.11549803 -0.041727654 -0.46500207 234 88 12
0.11039359 -0.018981216 -0.46248817 234 88 12
0.10772762 -0.0081914909 -0.46145801 234 88 12
0.10584719 -0.0010006016 -0.46067076 234 88 12
0.095300316 0.040713765 -0.45612648 234 88 12
0.067357521 0.14293658 -0.44251935 234 88 12
0.064061373 0.15965485 -0.44068098 234 88 12
0.057875858 0.18546069 -0.43737059 234 88 12
0.051624723 0.20770632 -0.43343634 234 88 12
0.050619361 0.21150553 -0.43266431 234 88 12
0.039116581 0.25724939 -0.42519719 234 88 12
0.023153888 0.3167748 -0.4167756 234 88 12
0.02150582 0.32419109 -0.41547272 234 88 12
0.018635074 0.33945059 -0.41317688 234 88 12
0.017430809 0.3472385 -0.41217338 234 88 12
0.01357521 0.37287994 -0.40915357 234 88 12
0.13645844 -0.15911105 -0.47787036 234 88 12
0.1256949 -0.096997702 -0.47348007 234 88 12
0.12066522 -0.06923774 -0.470127 234 88 12
0.11999597 -0.065774676 -0.46968708 234 88 12
0.08777741 0.068369966 -0.45361847 234 88 12
0.08184485 0.089609801 -0.45085461 234 88 12
0.046394173 0.226805 -0.43207002 234 88 12
0.015799871 0.35708614 -0.41305593 234 88 12
0.12935863 -0.12438812 -0.47769816 234 88 12
0.11645574 -0.052198141 -0.46994863 234 88 12
0.084965599 0.077364899 -0.45429596 234 88 12
0.053298195 0.2000101 -0.43871844 234 88 12
0.017688523 0.34332351 -0.41668691 234 88 12
0.016299273 0.35308899 -0.41561742 234 88 12
0.13391794 -0.15405357 -0.48123739 234 88 12
0.13058414 -0.1363994 -0.48027905 234 88 12
0.11006644 -0.024553677 -0.46898463 234 88 12
0.085587221 0.073914664 -0.456832 234 88 12
0.077318406 0.1020732 -0.45351846 234 88 12
0.042802555 0.23980679 -0.43394784 234 88 12
0.039952822 0.25113321 -0.43210974 234 88 12
0.019059004 0.33377765 -0.42005185 234 88 12
0.01313867 0.37268309 -0.41526288 234 88 12
0.13370352 -0.15956826 -0.48263978 234 88 12
0.13170776 -0.14707579 -0.4825333 234 88 12
0.12688676 -0.1213012 -0.48077688 234 88 12
0.12147468 -0.084982734 -0.47738749 234 88 12
0.11584699 -0.055801806 -0.47405592 234 88 12
0.10417325 -0.0031343836 -0.4685835 234 88 12
0.10321435 0.00045649882 -0.46813467 234 88 12
0.095668332 0.030542006 -0.46492168 234 88 12
0.088649341 0.059893687 -0.46109598 234 88 12
0.078142889 0.098649241 -0.45595359 234 88 12
0.016527098 0.34916093 -0.42007023 234 88 12
0.012697673 0.37453891 -0.41701606 234 88 12
0.011171754 0.38419123 -0.41549547 234 88 12
0.12642697 -0.12479458 -0.48255133 234 88 12
0.11714135 -0.066152028 -0.47689042 234 88 12
0.096622141 0.023558863 -0.46728654 234 88 12
0.044387689 0.23207952 -0.4392165 234 88 12
0.025619231 0.30215661 -0.42935156 234 88 12
0.020315201 0.32451523 -0.42566075 234 88 12
0.018977735 0.33202361 -0.42444822 234 88 12
0.13187651 -0.16702 -0.48471546 234 88 12
0.093989152 0.032278087 -0.46841828 234 88 12
0.080007129 0.090173341 -0.46105751 234 88 12
0.079021885 0.093675859 -0.46066921 234 88 12
0.047428413 0.21877096 -0.44359154 234 88 12
0.043747472 0.23388196 -0.44101638 234 88 12
0.036403366 0.26209067 -0.43666792 234 88 12
0.014678548 0.35886708 -0.4229716 234 88 12
0.0085592861 0.39925474 -0.41646276 234 88 12
0.12725381 -0.1423157 -0.48654747 234 88 12
0.11916215 -0.088672864 -0.4826635 234 88 12
0.11367801 -0.057718699 -0.47940084 234 88 12
0.079558723 0.090303902 -0.46305854 234 88 12
0.078077054 0.095548515 -0.4624723 234 88 12
0.06816208 0.13070551 -0.45849984 234 88 12
0.041541492 0.24130303 -0.44203121 234 88 12
0.031858919 0.27757237 -0.43667122 234 88 12
0.029825559 0.2852519 -0.43554478 234 88 12
0.020227456 0.32273793 -0.4299633 234 88 12
0.014233178 0.36076518 -0.42476728 234 88 12
0.0098194583 0.38960421 -0.42071111 234 88 12
0.12905384 -0.17281703 -0.48615507 234 88 12
0.12427456 -0.13371405 -0.48736462 234 88 12
0.11957221 -0.10107671 -0.48525435 234 88 12
0.10673943 -0.026732435 -0.47814071 234 88 12
0.045498182 0.22436493 -0.44674309 234 88 12
0.036948577 0.25805089 -0.44144477 234 88 12
0.026836161 0.29472487 -0.43657867 234 88 12
0.10744247 -0.035493329 -0.48043766 234 88 12
0.090784444 0.035862872 -0.47344501 234 88 12
0.083713623 0.069303032 -0.46946532 234 88 12
0.069851724 0.12054242 -0.46390675 234 88 12
0.062166752 0.15421612 -0.45928682 234 88 12
0.060480107 0.16162342 -0.45833739 234 88 12
0.048528934 0.21087475 -0.45101553 234 88 12
0.044362532 0.22806724 -0.4482781 234 88 12
0.039528298 0.24672603 -0.44543082 234 88 12
0.1049691 -0.028589619 -0.48145991 234 88 12
0.071270982 0.11367712 -0.46659959 234 88 12
0.069301104 0.12072007 -0.46584808 234 88 12
0.056775388 0.17627162 -0.45819317 234 88 12
0.031966829 0.27331109 -0.44352498 234 88 12
0.028906102 0.28499523 -0.44179547 234 88 12
0.12216325 -0.1484888 -0.49105981 234 88 12
0.11994441 -0.13592091 -0.49093365 234 88 12
0.10438181 -0.0321377 -0.48312226 234 88 12
0.075216504 0.097893856 -0.47001025 234 88 12
0.032743051 0.26924699 -0.44612477 234 88 12
0.0305914 0.27713209 -0.44505631 234 88 12
0.12172614 -0.15765831 -0.49179509 234 88 12
0.11982661 -0.14509991 -0.49210563 234 88 12
0.11484697 -0.11171243 -0.49112656 234 88 12
0.10803713 -0.059884086 -0.48672937 234 88 12
0.10019031 -0.018146445 -0.48340589 234 88 12
0.073923201 0.099790673 -0.47155303 234 88 12
0.071962175 0.10687234 -0.47083693 234 88 12
0.065386436 0.13146626 -0.4681425 234 88 12
0.055868268 0.17461123 -0.46235791 234 88 12
0.052470381 0.18906884 -0.46038783 234 88 12
0.049748954 0.19994147 -0.45879724 234 88 12
0.03549692 0.25757365 -0.44979115 234 88 12
0.015712487 0.34533199 -0.43714898 234 88 12
0.0099412109 0.38366702 -0.43270343 234 88 12
0.12027335 -0.16150387 -0.49251439 234 88 12
0.10720585 -0.063380019 -0.48830548 234 88 12
0.088182105 0.026931598 -0.48016324 234 88 12
0.016488393 0.33783218 -0.44031873 234 88 12
0.012787188 0.3645941 -0.43719359 234 88 12
0.0092065111 0.38744462 -0.43424983 234 88 12
0.1161145 -0.14547724 -0.49392713 234 88 12
0.11065978 -0.10482667 -0.49295642 234 88 12
0.10138177 -0.039283941 -0.48742991 234 88 12
0.07557749 0.085904726 -0.47616925 234 88 12
0.075172567 0.087682294 -0.47601083 234 88 12
0.066803499 0.11962299 -0.47293885 234 88 12
0.057039534 0.1620157 -0.46764003 234 88 12
0.054262212 0.17475667 -0.46593083 234 88 12
0.053457711 0.17835632 -0.4654481 234 88 12
0.10336787 -0.060006723 -0.49021603 234 88 12
0.082109307 0.04463108 -0.48191138 234 88 12
0.062796517 0.13192445 -0.47308774 234 88 12
0.059256986 0.14772833 -0.47128066 234 88 12
0.040846388 0.22947462 -0.4600147 234 88 12
0.039600274 0.23511545 -0.45932447 234 88 12
0.037423149 0.2443429 -0.45809426 234 88 12
0.016225952 0.33589553 -0.44478303 234 88 12
0.015666582 0.3396792 -0.44425621 234 88 12
0.011615307 0.37040039 -0.44085434 234 88 12
0.10978292 -0.13308627 -0.49544523 234 88 12
0.092197838 -0.0094111415 -0.48746993 234 88 12
0.069800715 0.10033662 -0.47764929 234 88 12
0.059470928 0.14254202 -0.47347287 234 88 12
0.018628258 0.31885909 -0.44945277 234 88 12
0.010401288 0.37805741 -0.44214637 234 88 12
0.010095757 0.37994778 -0.44188897 234 88 12
0.0072721861 0.39689086 -0.4391677 234 88 12
0.10830519 -0.13875116 -0.49610093 234 88 12
0.10548454 -0.11523973 -0.49617287 234 88 12
0.10332469 -0.083633153 -0.49438309 234 88 12
0.080103132 0.039246466 -0.48457446 234 88 12
0.058014249 0.14439363 -0.47473337 234 88 12
0.047738434 0.19119329 -0.46869223 234 88 12
0.018517251 0.31699775 -0.45176914 234 88 12
0.017374925 0.32441903 -0.45067252 234 88 12
0.091124496 -0.021763521 -0.49037288 234 88 12
0.084354701 0.010221562 -0.48754041 234 88 12
0.080009913 0.030208603 -0.48596933 234 88 12
0.067999882 0.097001183 -0.4806901 234 88 12
0.05686847 0.14449194 -0.47611819 234 88 12
0.023570623 0.29046741 -0.45719765 234 88 12
0.10839597 -0.17225159 -0.496523 234 88 12
0.10482572 -0.14870198 -0.49693212 234 88 12
0.099983051 -0.099588187 -0.49689465 234 88 12
0.093417304 -0.048018432 -0.49276453 234 88 12
0.091547269 -0.035778377 -0.49204484 234 88 12
0.075584769 0.046318793 -0.48629352 234 88 12
0.068548309 0.088174509 -0.48271167 234 88 12
0.054810222 0.14811789 -0.47705905 234 88 12
0.053255042 0.15521558 -0.47618987 234 88 12
0.04855958 0.17694178 -0.47343127 234 88 12
0.044601346 0.19495533 -0.47120889 234 88 12
0.038783445 0.22184861 -0.467935 234 88 12
0.017565584 0.31696505 -0.45567049 234 88 12
0.011272821 0.36658213 -0.44990405 234 88 12
0.10601819 -0.17258155 -0.49712209 234 88 12
0.10347875 -0.1564618 -0.49742594 234 88 12
0.10216614 -0.14903313 -0.49724199 234 88 12
0.093762521 -0.063306641 -0.49465052 234 88 12
0.067638905 0.084698129 -0.48419601 234 88 12
0.066910642 0.088260209 -0.483866 234 88 12
0.039045979 0.21463072 -0.47039081 234 88 12
0.019605084 0.30198757 -0.45919913 234 88 12
0.015169857 0.32992289 -0.45580605 234 88 12
0.0084335396 0.38586628 -0.44981357 234 88 12
0.084704868 -0.021740307 -0.49248643 234 88 12
0.074635444 0.028049845 -0.48888821 234 88 12
0.039956008 0.20405306 -0.4729928 234 88 12
0.095833485 -0.14594968 -0.49770407 234 88 12
0.091590689 -0.085747615 -0.49774664 234 88 12
0.083476532 -0.030745016 -0.49356457 234 88 12
0.057059607 0.11689108 -0.48321589 234 88 12
0.048377803 0.15718614 -0.47966834 234 88 12
0.092756117 -0.14637536 -0.49785223 234 88 12
0.067008834 0.047808902 -0.48949542 234 88 12
0.058198881 0.10262144 -0.48529368 234 88 12
0.086647041 -0.11669095 -0.49831997 234 88 12
0.086582344 -0.11488857 -0.49838321 234 88 12
0.086145937 -0.10227573 -0.49845133 234 88 12
0.085687744 -0.08793739 -0.49823605 234 88 12
0.037961377 0.18994607 -0.47814962 234 88 12
0.036162547 0.19889961 -0.47717294 234 88 12
0.086733805 -0.14920048 -0.49804812 234 88 12
0.085612925 -0.1435096 -0.49789883 234 88 12
0.08038721 -0.12219712 -0.49725262 234 88 12
0.080222191 -0.11473929 -0.49772005 234 88 12
0.066609233 0.016637228 -0.49189285 234 88 12
0.034917689 0.19538427 -0.47857087 234 88 12
0.027157887 0.23632071 -0.47416111 234 88 12
0.02064428 0.26830117 -0.47079065 234 88 12
0.010116154 0.34097457 -0.46377757 234 88 12
0.0085271644 0.36053324 -0.46241482 234 88 12
0.083435564 -0.14973213 -0.49788479 234 88 12
0.083035195 -0.14782355 -0.49781443 234 88 12
0.074450942 -0.068727735 -0.49635178 234 88 12
0.072561087 -0.047805848 -0.49513687 234 88 12
0.051936564 0.09681161 -0.48769999 234 88 12
0.031454976 0.20245036 -0.47866407 234 88 12
0.02976409 0.21121846 -0.47788069 234 88 12
0.023557809 0.2455297 -0.47439202 234 88 12
0.0062680341 0.37638674 -0.46290704 234 88 12
0.072539528 -0.12161244 -0.49665317 234 88 12
0.071962055 -0.10324273 -0.49719168 234 88 12
0.07183204 -0.09395641 -0.49721752 234 88 12
0.071743969 -0.084900635 -0.49703403 234 88 12
0.066475326 -0.02707641 -0.49403078 234 88 12
0.054523268 0.06196088 -0.49062589 234 88 12
0.050228057 0.091260772 -0.48876368 234 88 12
0.048778417 0.098415315 -0.48800193 234 88 12
0.047673517 0.10379366 -0.48756272 234 88 12
0.0085299842 0.32783238 -0.46772362 234 88 12
0.071224083 -0.13674869 -0.49633052 234 88 12
0.065686819 -0.052034333 -0.49525835 234 88 12
0.064302561 -0.039809617 -0.49460374 234 88 12
0.061318107 -0.009315074 -0.49369145 234 88 12
0.0575593 0.017676349 -0.4926711 234 88 12
0.050345274 0.070985344 -0.49052732 234 88 12
0.047295703 0.091037317 -0.48918403 234 88 12
0.030054081 0.18431235 -0.48165315 234 88 12
0.029750711 0.18616599 -0.48151014 234 88 12
0.028469889 0.19351879 -0.48102038 234 88 12
0.027508921 0.19886879 -0.48049232 234 88 12
0.017051282 0.25847773 -0.47512658 234 88 12
0.0025604595 0.39337357 -0.46406096 234 88 12
0.076582083 -0.16248082 -0.4992591 234 88 12
0.065498975 -0.12453095 -0.49609902 234 88 12
0.063866368 -0.10059457 -0.49650267 234 88 12
0.062914722 -0.068308059 -0.49591818 234 88 12
0.052185235 0.031907322 -0.49224404 234 88 12
0.041064009 0.10691199 -0.48781668 234 88 12
0.040559891 0.11050813 -0.48763784 234 88 12
0.039077011 0.1194319 -0.48723936 234 88 12
0.0239231 0.2041029 -0.48067563 234 88 12
0.012966636 0.27016267 -0.47490807 234 88 12
0.0017566865 0.38975701 -0.46612889 234 88 12
0.061124662 -0.11588281 -0.4963272 234 88 12
0.04772014 0.040720329 -0.49209717 234 88 12
0.042287004 0.083344182 -0.49019738 234 88 12
0.029698754 0.15076088 -0.48528403 234 88 12
0.026171868 0.17106856 -0.4836478 234 88 12
0.015715303 0.23955725 -0.47830465 234 88 12
0.0028504337 0.34098347 -0.47081167 234 88 12
0.059287319 -0.129261 -0.49597752 234 88 12
0.055785856 -0.072721683 -0.49550844 234 88 12
0.052015319 -0.021195606 -0.49347962 234 88 12
0.034529896 0.10822327 -0.4881127 234 88 12
0.021479999 0.18020799 -0.4830572 234 88 12
0.019074852 0.19676521 -0.4819951 234 88 12
0.058730316 -0.1444565 -0.49625924 234 88 12
0.056269365 -0.1316102 -0.49600216 234 88 12
0.053575844 -0.11133316 -0.49620628 234 88 12
0.051549894 -0.058961685 -0.4949996 234 88 12
0.050848422 -0.046657378 -0.49435823 234 88 12
0.049431962 -0.030632017 -0.49369666 234 88 12
0.048110934 -0.014296173 -0.4933902 234 88 12
0.040760784 0.043862636 -0.49214859 234 88 12
0.038366831 0.064475669 -0.49139572 234 88 12
0.013992038 0.20898807 -0.4814976 234 88 12
0.013422438 0.2124804 -0.48124634 234 88 12
-0.00089318873 0.32966206 -0.47281714 234 88 12
-0.001192164 0.35078311 -0.47261952 234 88 12
-0.0013673236 0.35675167 -0.47241671 234 88 12
0.046816474 -0.039901072 -0.49402093 234 88 12
0.046661753 -0.038106995 -0.49392764 234 88 12
-0.0032100056 0.34886466 -0.47368222 234 88 12
0.051589649 -0.14375674 -0.49590499 234 88 12
0.043662663 -0.043876814 -0.49414826 234 88 12
0.019120085 0.13913886 -0.48674812 234 88 12
0.013037028 0.16841348 -0.48443352 234 88 12
0.0028390712 0.24646576 -0.47967106 234 88 12
-0.0047362103 0.30344174 -0.47506239 234 88 12
-0.0054664464 0.33908483 -0.47447102 234 88 12
-0.0060947567 0.37889575 -0.47334924 234 88 12
0.040859856 -0.065440691 -0.49493068 234 88 12
0.040778765 -0.061943067 -0.49479185 234 88 12
0.0036578881 0.20314037 -0.48220185 234 88 12
-0.0078347689 0.3509431 -0.47528735 234 88 12
0.037552561 -0.080165763 -0.49517783 234 88 12
0.037016364 -0.050018408 -0.49423586 234 88 12
0.036892012 -0.046464653 -0.49419065 234 88 12
0.016672841 0.12298058 -0.48851958 234 88 12
-0.001521958 0.21528036 -0.48168594 234 88 12
-0.0031735206 0.23109662 -0.48089707 234 88 12
-0.010844107 0.33523055 -0.47562831 234 88 12
-0.010487779 0.36304804 -0.47561308 234 88 12
0.033945527 -0.080575937 -0.49515716 234 88 12
0.033693209 -0.064510303 -0.49459495 234 88 12
0.029466909 0.0020599786 -0.49241337 234 88 12
0.029119042 0.0057602843 -0.49239367 234 88 12
0.01077166 0.1367881 -0.4877824 234 88 12
-0.0071976331 0.23643564 -0.48087172 234 88 12
-0.0080791832 0.24983291 -0.48021856 234 88 12
-0.013234097 0.29537869 -0.47666145 234 88 12
0.026266814 -0.0019366536 -0.49222265 234 88 12
0.025776679 0.0036077108 -0.49218121 234 88 12
0.01254522 0.11389526 -0.48951652 234 88 12
0.0086857141 0.13313075 -0.48821165 234 88 12
-0.0086253963 0.21853355 -0.48184812 234 88 12
-0.0093963868 0.22549389 -0.48147131 234 88 12
-0.011156862 0.24391128 -0.48066384 234 88 12
-0.017245343 0.30689208 -0.4762534 234 88 12
-0.017528145 0.31436529 -0.47604719 234 88 12
-0.016638153 0.34297997 -0.47682539 234 88 12
-0.016393801 0.35304816 -0.47695357 234 88 12
0.026836124 -0.081302635 -0.49496629 234 88 12
0.02353509 -0.011375552 -0.49228072 234 88 12
0.017020737 0.047962065 -0.49181363 234 88 12
-0.0098246527 0.20088014 -0.48271246 234 88 12
-0.010292094 0.20444895 -0.48252829 234 88 12
0.025725499 -0.11106066 -0.49558758 234 88 12
0.021413363 -0.02456934 -0.4924675 234 88 12
0.013750351 0.047836358 -0.49176676 234 88 12
-0.011194721 0.19010737 -0.4837089 234 88 12
-0.016336 0.23076193 -0.48174891 234 88 12
-0.023555214 0.30496332 -0.47678324 234 88 12
0.027205948 -0.14379063 -0.49466111 234 88 12
0.026586247 -0.13807534 -0.49493306 234 88 12
0.018208166 -0.028635724 -0.49237446 234 88 12
0.013445669 0.019502221 -0.49173946 234 88 12
-0.0035873792 0.14709637 -0.48776764 234 88 12
-0.018276819 0.22193156 -0.48235866 234 88 12
-0.020390539 0.24000799 -0.48177735 234 88 12
-0.02659198 0.30308683 -0.47708081 234 88 12
0.016269497 -0.075088306 -0.49455607 234 88 12
0.0054132339 0.079435565 -0.49145823 234 88 12
0.0040628487 0.090213908 -0.49119845 234 88 12
-0.024398587 0.24767843 -0.4816411 234 88 12
-0.029499293 0.29932675 -0.47743417 234 88 12
0.018000179 -0.1275134 -0.49532222 234 88 12
0.012753734 -0.068399536 -0.49406724 234 88 12
0.01241449 -0.047256354 -0.49306347 234 88 12
0.0063332148 0.022918115 -0.49157901 234 88 12
0.0014855572 0.086569915 -0.49134005 234 88 12
0.0004854382 0.093704136 -0.49113787 234 88 12
-0.016221515 0.17140072 -0.48611063 234 88 12
-0.018826606 0.18258364 -0.48519242 234 88 12
-0.02440908 0.22369859 -0.48291366 234 88 12
-0.025540839 0.2326324 -0.48267135 234 88 12
-0.026014553 0.23636142 -0.48256205 234 88 12
-0.026733323 0.24195832 -0.48231232 234 88 12
-0.027231272 0.24578943 -0.4820353 234 88 12
-0.032334311 0.29362471 -0.47766272 234 88 12
-0.034083302 0.32946939 -0.47754101 234 88 12
0.0005755457 0.051282904 -0.49159236 234 88 12
-0.0034858319 0.10084565 -0.49089138 234 88 12
0.0089578148 -0.11503537 -0.49521084 234 88 12
0.00681228 -0.094127006 -0.49501995 234 88 12
0.0062184664 -0.083249832 -0.49468379 234 88 12
0.0058800637 -0.065593961 -0.49386964 234 88 12
0.0055194049 -0.046187351 -0.49285307 234 88 12
0.0028701157 -0.013424448 -0.49138358 234 88 12
0.00015867578 0.016856526 -0.49150316 234 88 12
-0.0058817117 0.095398366 -0.49125458 234 88 12
-0.025529066 0.18622196 -0.48546831 234 88 12
-0.031247811 0.23083303 -0.48313383 234 88 12
-0.037497441 0.28007662 -0.47902137 234 88 12
-0.038570547 0.29969186 -0.47798439 234 88 12
0.0022696062 -0.055377127 -0.49317054 234 88 12
0.00083019371 -0.028541415 -0.49174588 234 88 12
-0.011072843 0.11317873 -0.49056028 234 88 12
-0.012265371 0.12020813 -0.4903652 234 88 12
-0.01526816 0.13418354 -0.48974321 234 88 12
-0.03063448 0.19881668 -0.48478071 234 88 12
-0.031510483 0.2059601 -0.48449624 234 88 12
-0.031686106 0.20774605 -0.48440974 234 88 12
0.00065510805 -0.10442635 -0.49520281 234 88 12
-0.0010640873 -0.055712743 -0.49316065 234 88 12
-0.0072146257 0.024218933 -0.49152867 234 88 12
-0.0080006568 0.035771205 -0.49166044 234 88 12
-0.0091050194 0.051076208 -0.49156488 234 88 12
-0.027969991 0.16938211 -0.48737074 234 88 12
-0.029738097 0.17687163 -0.48675019 234 88 12
-0.036543868 0.22549536 -0.48383799 234 88 12
-0.037510336 0.23281001 -0.48363047 234 88 12
-0.002586502 -0.10677785 -0.49516588 234 88 12
-0.0043370586 -0.063104533 -0.49352598 234 88 12
-0.010963237 0.029872872 -0.49167058 234 88 12
-0.022948265 0.13945245 -0.48984689 234 88 12
-0.044432901 0.26251071 -0.48170332 234 88 12
-0.045265801 0.26868598 -0.48104541 234 88 12
-0.046455772 0.27870468 -0.47971731 234 88 12
-0.047422498 0.29444652 -0.47879698 234 88 12
-0.0061779645 -0.105269 -0.49517173 234 88 12
-0.0071443863 -0.093878196 -0.49495598 234 88 12
-0.025686012 0.1376529 -0.49012648 234 88 12
-0.041247473 0.21304023 -0.48498375 234 88 12
-0.041782683 0.21839588 -0.48463385 234 88 12
-0.041987543 0.22019553 -0.48454642 234 88 12
-0.010738298 -0.090574773 -0.49488487 234 88 12
-0.015569557 0.00032685618 -0.49143853 234 88 12
-0.015946155 0.0042159036 -0.4914504 234 88 12
-0.020396249 0.077058494 -0.49143287 234 88 12
-0.020651873 0.080706589 -0.49150012 234 88 12
-0.048855819 0.24842214 -0.48352549 234 88 12
-0.054147866 0.30604955 -0.47901809 234 88 12
-0.05549302 0.32486299 -0.47908252 234 88 12
-0.0091356874 -0.134974 -0.4944393 234 88 12
-0.013554202 -0.10037802 -0.49510658 234 88 12
-0.014352952 -0.056945103 -0.49331404 234 88 12
-0.028175148 0.11834202 -0.49137418 234 88 12
-0.031025307 0.13231466 -0.49075516 234 88 12
-0.047616737 0.21657361 -0.48538261 234 88 12
-0.054511273 0.26919019 -0.48141732 234 88 12
-0.012672614 -0.1550636 -0.49210149 234 88 12
-0.037878895 0.14665 -0.49042586 234 88 12
-0.048742489 0.19839703 -0.48680003 234 88 12
-0.059851323 0.29888119 -0.479437 234 88 12
-0.018022056 -0.1202869 -0.49508325 234 88 12
-0.018596945 -0.1164493 -0.49513681 234 88 12
-0.022003289 -0.03226289 -0.49206759 234 88 12
-0.040810928 0.14478976 -0.49072089 234 88 12
-0.024673256 -0.084751527 -0.49500959 234 88 12
-0.024827323 -0.037943342 -0.4925431 234 88 12
-0.026049982 -0.02510609 -0.49184534 234 88 12
-0.038010541 0.11466888 -0.49192124 234 88 12
-0.054417665 0.19647186 -0.48771778 234 88 12
-0.063349324 0.26746989 -0.48204529 234 88 12
-0.065726345 0.29347089 -0.47977699 234 88 12
-0.023449185 -0.15437817 -0.4918464 234 88 12
-0.027756246 -0.065155679 -0.49418288 234 88 12
-0.027642229 -0.059806766 -0.49383439 234 88 12
-0.027705784 -0.047157459 -0.49324215 234 88 12
-0.027775079 -0.045371723 -0.49310012 234 88 12
-0.028391392 -0.034559206 -0.49242868 234 88 12
-0.030679171 -0.014133706 -0.49169494 234 88 12
-0.032922908 0.0070550981 -0.49173564 234 88 12
-0.038242332 0.082189455 -0.49168 234 88 12
-0.039709579 0.098646742 -0.49226996 234 88 12
-0.039865515 0.10045022 -0.4923246 234 88 12
-0.044884958 0.13223403 -0.49145917 234 88 12
-0.053937648 0.17276469 -0.48945877 234 88 12
-0.05464856 0.17647385 -0.48919241 234 88 12
-0.068801041 0.29361488 -0.47997366 234 88 12
-0.030697976 -0.10427516 -0.49533697 234 88 12
-0.039705084 0.054245597 -0.49163486 234 88 12
-0.040304729 0.063637671 -0.49165153 234 88 12
-0.040874948 0.071066802 -0.49158316 234 88 12
-0.042595363 0.089460403 -0.49190449 234 88 12
-0.043276149 0.096775291 -0.49226236 234 88 12
-0.049144788 0.1357919 -0.49154841 234 88 12
-0.053275652 0.15405648 -0.49091392 234 88 12
-0.058177888 0.17827548 -0.48951138 234 88 12
-0.063823183 0.22756593 -0.48627565 234 88 12
-0.071675458 0.28993172 -0.48034947 234 88 12
-0.032327845 -0.16345793 -0.48980006 234 88 12
-0.031576967 -0.12568906 -0.49464934 234 88 12
-0.033589923 -0.11036668 -0.49518007 234 88 12
-0.035445092 -0.029450382 -0.49241135 234 88 12
-0.035633835 -0.027602508 -0.49233288 234 88 12
-0.055839124 0.15035764 -0.49131807 234 88 12
-0.059371012 0.16714823 -0.49048338 234 88 12
-0.034940783 -0.15774543 -0.49095707 234 88 12
-0.035150872 -0.12606034 -0.49453627 234 88 12
-0.037437881 -0.10693155 -0.49522914 234 88 12
-0.038426974 -0.09364729 -0.49537714 234 88 12
-0.038750718 -0.029637543 -0.49255872 234 88 12
-0.03973985 -0.02031616 -0.49237262 234 88 12
-0.055237995 0.13053286 -0.49203178 234 88 12
-0.057419821 0.14114882 -0.49179976 234 88 12
-0.067146312 0.20165244 -0.48882566 234 88 12
-0.078195202 0.29973054 -0.48074005 234 88 12
-0.078366205 0.30346788 -0.48069521 234 88 12
-0.04162725 -0.075357762 -0.49520678 234 88 12
-0.045889216 0.004482174 -0.49218741 234 88 12
-0.051920567 0.072615435 -0.4916431 234 88 12
-0.05803396 0.125207 -0.49214943 234 88 12
-0.066830705 0.17084552 -0.4909011 234 88 12
-0.078686269 0.26781419 -0.48298859 234 88 12
-0.080344757 0.28242631 -0.48148571 234 88 12
-0.080509016 0.28443754 -0.4813227 234 88 12
-0.081542154 0.30735002 -0.4809034 234 88 12
-0.083311177 0.34598144 -0.48126314 234 88 12
-0.045332654 -0.081170587 -0.49556399 234 88 12
-0.045122229 -0.033773079 -0.49307024 234 88 12
-0.047338441 -0.01308358 -0.49248829 234 88 12
-0.049432084 0.0063146335 -0.49234791 234 88 12
-0.058131021 0.09084159 -0.4917721 234 88 12
-0.064919674 0.14117413 -0.49194345 234 88 12
-0.077963115 0.23712286 -0.48640866 234 88 12
-0.04712679 -0.16326726 -0.48946143 234 88 12
-0.047790822 -0.052177814 -0.49427645 234 88 12
-0.047910365 -0.044935709 -0.49385567 234 88 12
-0.048291126 -0.037670657 -0.49342328 234 88 12
-0.053449478 0.012152964 -0.49244316 234 88 12
-0.071597653 0.15777927 -0.49166116 234 88 12
-0.084631745 0.26366752 -0.48401609 234 88 12
-0.050833714 -0.11594838 -0.49494156 234 88 12
-0.052000305 -0.076210949 -0.49552916 234 88 12
-0.051517542 -0.06519331 -0.49507774 234 88 12
-0.057045506 0.014010066 -0.49254178 234 88 12
-0.060494355 0.047802414 -0.49187029 234 88 12
-0.062176928 0.064849666 -0.49180989 234 88 12
-0.0684842 0.10863357 -0.49129684 234 88 12
-0.069307076 0.11956359 -0.49176071 234 88 12
-0.082036661 0.21441209 -0.48871452 234 88 12
-0.087215511 0.25741481 -0.48494048 234 88 12
-0.091635547 0.32123535 -0.48156053 234 88 12
-0.055901666 -0.085885506 -0.49573229 234 88 12
-0.072558538 0.10310847 -0.49102578 234 88 12
-0.073526122 0.11570495 -0.49121933 234 88 12
-0.074000161 0.12855136 -0.49138698 234 88 12
-0.056425072 -0.150101 -0.491608 234 88 12
-0.095272275 0.27035395 -0.48406091 234 88 12
-0.096094296 0.2809011 -0.48301213 234 88 12
-0.059979243 -0.1365098 -0.49323417 234 88 12
-0.060633809 -0.12859523 -0.4941468 234 88 12
-0.063121933 -0.090325093 -0.49584689 234 88 12
-0.064929346 -0.008124994 -0.49331117 234 88 12
-0.069485289 0.031505872 -0.49243806 234 88 12
-0.082662624 0.1116094 -0.49027804 234 88 12
-0.098298039 0.266188 -0.48474204 234 88 12
-0.098506073 0.2683375 -0.48457604 234 88 12
-0.06367495 -0.14691551 -0.49193309 234 88 12
-0.064156951 -0.13098798 -0.49388546 234 88 12
-0.06564142 -0.046078888 -0.494911 234 88 12
-0.068609296 -0.0063666691 -0.49343087 234 88 12
-0.070971174 0.015335655 -0.49289749 234 88 12
-0.090574023 0.15708667 -0.49033946 234 88 12
-0.090921148 0.15899382 -0.49042265 234 88 12
-0.093905502 0.17761455 -0.48982592 234 88 12
-0.10287359 0.27896755 -0.48361054 234 88 12
-0.07270461 -0.00068738717 -0.49344846 234 88 12
-0.085837619 0.082141423 -0.49080239 234 88 12
-0.092953431 0.11830217 -0.48938977 234 88 12
-0.1033067 0.24537277 -0.48647291 234 88 12
-0.10779826 0.29526357 -0.48247524 234 88 12
-0.10843415 0.30683794 -0.48228413 234 88 12
-0.11129662 0.35165074 -0.48223861 234 88 12
-0.074485696 -0.16675352 -0.48830291 234 88 12
-0.072216298 -0.15607662 -0.49026094 234 88 12
-0.074132653 -0.095162187 -0.49576798 234 88 12
-0.072891602 -0.055884225 -0.49543623 234 88 12
-0.073947627 -0.026068933 -0.4941637 234 88 12
-0.078008082 0.014924288 -0.49300234 234 88 12
-0.078996982 0.022889529 -0.49264768 234 88 12
-0.10618817 0.22944142 -0.48681695 234 88 12
-0.10626536 0.23138346 -0.48677281 234 88 12
-0.10736006 0.2515145 -0.48582896 234 88 12
-0.11126128 0.29332657 -0.48243588 234 88 12
-0.11907215 0.41121763 -0.4810309 234 88 12
-0.074997746 -0.14435054 -0.49190632 234 88 12
-0.07671285 -0.1185904 -0.49469277 234 88 12
-0.076592423 -0.052480553 -0.4954182 234 88 12
-0.11779582 0.33446128 -0.48227136 234 88 12
-0.081210998 -0.028453655 -0.49453973 234 88 12
-0.085416514 0.01647421 -0.49302346 234 88 12
-0.10019099 0.092467717 -0.4904628 234 88 12
-0.10468269 0.11413055 -0.48926333 234 88 12
-0.11371991 0.16340339 -0.48848501 234 88 12
-0.11661403 0.22108884 -0.48582134 234 88 12
-0.11940397 0.30137849 -0.48184558 234 88 12
-0.12708643 0.39659788 -0.48082458 234 88 12
-0.12719975 0.40541266 -0.48090076 234 88 12
-0.083635385 -0.12734817 -0.49384421 234 88 12
-0.11448461 0.14627271 -0.4884466 234 88 12
-0.11492498 0.14812506 -0.48843607 234 88 12
-0.12026448 0.27052805 -0.4840022 234 88 12
-0.088923053 -0.10440199 -0.49523128 234 88 12
-0.088365377 -0.038448756 -0.4949906 234 88 12
-0.089372479 -0.01738433 -0.49446104 234 88 12
-0.0902173 -0.0056739848 -0.4940518 234 88 12
-0.091115419 0.0041296536 -0.49377909 234 88 12
-0.094644695 0.029810303 -0.4925726 234 88 12
-0.11006946 0.101113 -0.49003267 234 88 12
-0.11394075 0.1208559 -0.48927642 234 88 12
-0.11815064 0.14430904 -0.48843204 234 88 12
-0.12534218 0.28110362 -0.48280413 234 88 12
-0.092688099 -0.16302006 -0.4883099 234 88 12
-0.091973303 -0.063073128 -0.49590959 234 88 12
-0.094553389 0.0018995018 -0.49391213 234 88 12
-0.096581382 0.017662433 -0.49313438 234 88 12
-0.096872126 0.019646845 -0.49304746 234 88 12
-0.10863174 0.078539175 -0.49087843 234 88 12
-0.11632294 0.11154506 -0.48939732 234 88 12
-0.11758085 0.11875137 -0.48928262 234 88 12
-0.11929272 0.12780575 -0.48879341 234 88 12
-0.12327421 0.14977957 -0.48854935 234 88 12
-0.13071622 0.19992176 -0.4855156 234 88 12
-0.13073093 0.2017886 -0.48533356 234 88 12
-0.099657554 -0.17447681 -0.48595837 234 88 12
-0.095827687 -0.046552802 -0.49553446 234 88 12
-0.10057601 0.01933793 -0.49310297 234 88 12
-0.11296766 0.080143247 -0.49070926 234 88 12
-0.11931947 0.10596856 -0.48962905 234 88 12
-0.13497728 0.21118243 -0.48436112 234 88 12
-0.13565549 0.22286246 -0.48362253 234 88 12
-0.14329526 0.39408502 -0.48003024 234 88 12
-0.10237933 -0.17063566 -0.48667752 234 88 12
-0.12254199 0.10205289 -0.48964588 234 88 12
-0.10771414 -0.17566794 -0.48564778 234 88 12
-0.10372756 -0.069739932 -0.49593843 234 88 12
-0.1044395 -0.022359479 -0.49485968 234 88 12
-0.11889691 0.072043203 -0.49099153 234 88 12
-0.15063487 0.40604425 -0.4805091 234 88 12
-0.10799276 -0.098638609 -0.49528643 234 88 12
-0.10763054 -0.060736465 -0.49585637 234 88 12
-0.10774646 -0.049374941 -0.49569371 234 88 12
-0.10811969 -0.030386043 -0.49515445 234 88 12
-0.14216195 0.17209134 -0.48801667 234 88 12
-0.11068256 -0.12260588 -0.49369626 234 88 12
-0.11082388 -0.12063556 -0.49386657 234 88 12
-0.11162277 -0.059199365 -0.4959046 234 88 12
-0.11193913 -0.038350232 -0.49528925 234 88 12
-0.1122697 -0.026828126 -0.4951521 234 88 12
-0.11328354 -0.0036098825 -0.49417501 234 88 12
-0.11890907 0.03564205 -0.49205475 234 88 12
-0.12172472 0.049034397 -0.49137129 234 88 12
-0.1353764 0.1046654 -0.48924645 234 88 12
-0.15868741 0.39173611 -0.47956666 234 88 12
-0.1582846 0.39833889 -0.48031422 234 88 12
-0.11540915 -0.15988119 -0.48807061 234 88 12
-0.11568416 -0.057648577 -0.49589527 234 88 12
-0.11796991 0.0038746247 -0.49398767 234 88 12
-0.13258849 0.078660543 -0.49057723 234 88 12
-0.14868894 0.17183205 -0.48860265 234 88 12
-0.14918836 0.17565534 -0.48835137 234 88 12
-0.11945866 -0.10176245 -0.49503729 234 88 12
-0.12161924 -0.00044559452 -0.49406719 234 88 12
-0.12712544 0.036853811 -0.4918199 234 88 12
-0.15256932 0.17744377 -0.48847754 234 88 12
-0.15349939 0.18490002 -0.4879886 234 88 12
-0.15679778 0.22105316 -0.48394495 234 88 12
-0.16555402 0.39938014 -0.4803011 234 88 12
-0.12437757 -0.029824061 -0.49494154 234 88 12
-0.13444606 0.051793932 -0.49102614 234 88 12
-0.15436882 0.16380449 -0.48914474 234 88 12
-0.15458282 0.16575194 -0.48904819 234 88 12
-0.15697051 0.18858591 -0.48796323 234 88 12
-0.15975406 0.21912286 -0.48446847 234 88 12
-0.16002352 0.22114759 -0.4842267 234 88 12
-0.12559261 -0.14469402 -0.48987073 234 88 12
-0.12818166 -0.043628649 -0.49514049 234 88 12
-0.12832928 -0.03598885 -0.4948235 234 88 12
-0.13058879 0.0065873538 -0.49348211 234 88 12
-0.13363117 0.028303581 -0.49217367 234 88 12
-0.14160744 0.066579469 -0.49067278 234 88 12
-0.15508139 0.14024318 -0.48903332 234 88 12
-0.12958999 -0.14311752 -0.48985234 234 88 12
-0.13116655 -0.10509779 -0.49423881 234 88 12
-0.13247197 -0.038315196 -0.49479872 234 88 12
-0.13839148 0.031863343 -0.49175094 234 88 12
-0.14816363 0.079552968 -0.49016526 234 88 12
-0.15977572 0.14977299 -0.48940828 234 88 12
-0.16204043 0.17711161 -0.48912177 234 88 12
-0.17654092 0.40761794 -0.48055994 234 88 12
-0.13361655 -0.1415136 -0.48984492 234 88 12
-0.14897459 0.064206526 -0.49059316 234 88 12
-0.18028971 0.39286521 -0.47967753 234 88 12
-0.1479376 0.038950848 -0.49095103 234 88 12
-0.16246178 0.12146358 -0.48980235 234 88 12
-0.17757304 0.2555727 -0.48145523 234 88 12
-0.14414194 -0.066268012 -0.49498482 234 88 12
-0.14624612 -0.0088497717 -0.49325145 234 88 12
-0.14729194 0.0068877968 -0.49277071 234 88 12
-0.14920231 0.022775517 -0.49176146 234 88 12
-0.15962299 0.082790577 -0.49008397 234 88 12
-0.16822896 0.14006822 -0.48998499 234 88 12
-0.16968481 0.15152839 -0.48982376 234 88 12
-0.17518401 0.2178428 -0.48611553 234 88 12
-0.18922164 0.37201157 -0.47780203 234 88 12
-0.14624297 -0.14709825 -0.48812563 234 88 12
-0.14754437 -0.093400537 -0.49420064 234 88 12
-0.15361759 0.024404755 -0.49144038 234 88 12
-0.15529124 0.034364541 -0.49096847 234 88 12
-0.15844463 0.051905786 -0.49026302 234 88 12
-0.16794151 0.11578682 -0.49009648 234 88 12
-0.17426614 0.16522441 -0.49011725 234 88 12
-0.17526672 0.18075007 -0.48978946 234 88 12
-0.18126566 0.23874416 -0.48364634 234 88 12
-0.15457573 -0.01349578 -0.49285593 234 88 12
-0.15597374 0.010054772 -0.49213221 234 88 12
-0.17933075 0.18850723 -0.48942353 234 88 12
-0.18928563 0.26895687 -0.48072263 234 88 12
-0.15606279 -0.079091625 -0.49427336 234 88 12
-0.15621865 -0.075284648 -0.49425559 234 88 12
-0.15629242 -0.073373781 -0.49425194 234 88 12
-0.15756047 -0.046647306 -0.49385144 234 88 12
-0.15883466 -0.011950022 -0.49257763 234 88 12
-0.16777265 0.061146563 -0.49002236 234 88 12
-0.17383991 0.10813686 -0.48995493 234 88 12
-0.17482984 0.11549692 -0.49035559 234 88 12
-0.17775027 0.13596209 -0.4905095 234 88 12
-0.17988403 0.15331677 -0.49038737 234 88 12
-0.18282977 0.18649361 -0.48960155 234 88 12
-0.1856956 0.22024314 -0.48620179 234 88 12
-0.19303926 0.27122044 -0.48057376 234 88 12
-0.19440106 0.2794868 -0.4797513 234 88 12
-0.15987765 -0.089096283 -0.49371307 234 88 12
-0.16097611 -0.06235808 -0.49403413 234 88 12
-0.16381487 0.0033531165 -0.49188755 234 88 12
-0.16812078 0.037345218 -0.49007933 234 88 12
-0.18444622 0.1610567 -0.4903867 234 88 12
-0.19321594 0.2500216 -0.48259346 234 88 12
-0.20313368 0.3867941 -0.47890934 234 88 12
-0.2034946 0.40913012 -0.48033782 234 88 12
-0.16400897 -0.15744109 -0.48497186 234 88 12
-0.17598032 0.06269895 -0.48985475 234 88 12
-0.19403967 0.22878319 -0.4849348 234 88 12
-0.19479471 0.23510112 -0.48422165 234 88 12
-0.19592187 0.24370532 -0.4831302 234 88 12
-0.19876676 0.26311134 -0.48112152 234 88 12
-0.16922977 -0.065232175 -0.49354764 234 88 12
-0.16936217 -0.063298501 -0.49353955 234 88 12
-0.17058998 -0.044143038 -0.49293736 234 88 12
-0.17171994 -0.0072358431 -0.49175366 234 88 12
-0.19706363 0.21649191 -0.48646732 234 88 12
-0.19717578 0.22487295 -0.48514093 234 88 12
-0.19833154 0.23538481 -0.48378045 234 88 12
-0.21098759 0.39894016 -0.47992605 234 88 12
-0.17084643 -0.13320267 -0.48835841 234 88 12
-0.17216632 -0.094344362 -0.49251432 234 88 12
-0.17583729 -0.013491053 -0.49162893 234 88 12
-0.17589619 -0.0095901363 -0.49154012 234 88 12
-0.1788542 0.024269135 -0.48998987 234 88 12
-0.19614463 0.15680947 -0.49029824 234 88 12
-0.20811389 0.27382348 -0.48006832 234 88 12
-0.17515432 -0.12565563 -0.48921317 234 88 12
-0.17933622 -0.04118633 -0.4921013 234 88 12
-0.1894907 0.067907334 -0.48920781 234 88 12
-0.20327123 0.17838061 -0.48964753 234 88 12
-0.21177021 0.27418759 -0.47976596 234 88 12
-0.21594556 0.30323387 -0.47834477 234 88 12
-0.17946145 -0.120226 -0.48936319 234 88 12
-0.18477062 -0.00048002228 -0.49062942 234 88 12
-0.18738895 0.023463078 -0.48925201 234 88 12
-0.1891598 0.035708057 -0.48865868 234 88 12
-0.19382312 0.037380623 -0.48829665 234 88 12
-0.21231606 0.17005025 -0.48897981 234 88 12
-0.21611281 0.24468119 -0.48176957 234 88 12
-0.22332704 0.29951727 -0.47781456 234 88 12
-0.18903409 -0.10008414 -0.49047319 234 88 12
-0.19308599 -0.030810024 -0.49050391 234 88 12
-0.20171085 0.057180526 -0.48809272 234 88 12
-0.21232522 0.12293709 -0.48713678 234 88 12
-0.21933429 0.18811628 -0.48750561 234 88 12
-0.21937724 0.22361469 -0.48391254 234 88 12
-0.22969951 0.32787114 -0.47653824 234 88 12
-0.19559759 -0.16077526 -0.48139428 234 88 12
-0.19762887 -0.01943653 -0.48964868 234 88 12
-0.20306208 0.038644632 -0.48744353 234 88 12
-0.23508642 0.32384677 -0.47679303 234 88 12
-0.20162301 -0.16811567 -0.48022743 234 88 12
-0.19791572 -0.14414402 -0.48329013 234 88 12
-0.2020904 -0.0099802651 -0.48900467 234 88 12
-0.20575093 0.025987094 -0.48750147 234 88 12
-0.20662194 0.032160348 -0.48727631 234 88 12
-0.22758326 0.16170333 -0.48726192 234 88 12
-0.23023641 0.21110116 -0.48462405 234 88 12
-0.22935174 0.23009017 -0.48217736 234 88 12
-0.23487367 0.28729583 -0.47746597 234 88 12
-0.20258107 -0.14459042 -0.48260195 234 88 12
-0.20251241 -0.094078415 -0.48954227 234 88 12
-0.20305198 -0.080665952 -0.49015694 234 88 12
-0.23252849 0.15770622 -0.48659257 234 88 12
-0.24717246 0.35773405 -0.47514169 234 88 12
-0.20787957 -0.14917205 -0.48121123 234 88 12
-0.20629233 -0.135003 -0.48380997 234 88 12
-0.23881373 0.1756546 -0.48618366 234 88 12
-0.24307833 0.27720613 -0.47753645 234 88 12
-0.25151115 0.36047463 -0.47488685 234 88 12
-0.21137419 -0.12769524 -0.48472824 234 88 12
-0.21237909 -0.073853502 -0.48941038 234 88 12
-0.21351629 -0.058226492 -0.48917851 234 88 12
-0.22695468 0.063653859 -0.48570044 234 88 12
-0.2431325 0.1636409 -0.48596376 234 88 12
-0.24434016 0.18190254 -0.48559932 234 88 12
-0.25400493 0.37875178 -0.47634514 234 88 12
-0.21600755 -0.13608248 -0.48228744 234 88 12
-0.21603685 -0.099414573 -0.48772642 234 88 12
-0.22322573 0.020371178 -0.48584291 234 88 12
-0.23333321 0.071296209 -0.48493509 234 88 12
-0.26122463 0.35693428 -0.47378167 234 88 12
-0.25805995 0.4108527 -0.47879575 234 88 12
-0.22401491 -0.15696662 -0.47772712 234 88 12
-0.22130374 -0.12884576 -0.48324624 234 88 12
-0.22097681 -0.082604931 -0.48815146 234 88 12
-0.22589899 0.005917234 -0.48615266 234 88 12
-0.2268812 0.013941454 -0.48573674 234 88 12
-0.26550191 0.3596792 -0.47370166 234 88 12
-0.26262519 0.38433648 -0.47625669 234 88 12
-0.22643455 -0.065301854 -0.48798251 234 88 12
-0.23090956 0.0095397777 -0.48546281 234 88 12
-0.25098075 0.1274319 -0.48447191 234 88 12
-0.25172073 0.133527 -0.48489171 234 88 12
-0.25223979 0.13764312 -0.48499257 234 88 12
-0.25920315 0.19695491 -0.48347224 234 88 12
-0.23066278 -0.12024307 -0.48344726 234 88 12
-0.23117284 -0.061757212 -0.48749966 234 88 12
-0.23208045 -0.044094459 -0.48719226 234 88 12
-0.23244996 -0.038148256 -0.4869639 234 88 12
-0.23524355 0.0072205614 -0.4851582 234 88 12
-0.23974446 0.037849307 -0.48422508 234 88 12
-0.27502555 0.35842837 -0.47284538 234 88 12
-0.27319314 0.36966907 -0.4739543 234 88 12
-0.27269925 0.37415441 -0.47454544 234 88 12
-0.27115517 0.39676151 -0.4767537 234 88 12
-0.2372928 -0.030611857 -0.48637391 234 88 12
-0.2433756 0.031362485 -0.48373662 234 88 12
-0.26085127 0.1374896 -0.48487595 234 88 12
-0.24335748 -0.14875165 -0.47478711 234 88 12
-0.24294905 -0.14674575 -0.47535932 234 88 12
-0.24253985 -0.1447364 -0.47598386 234 88 12
-0.24012015 -0.064492109 -0.48678951 234 88 12
-0.24329226 -0.0033393284 -0.48502023 234 88 12
-0.25418569 0.065905227 -0.48371209 234 88 12
-0.25629665 0.07964643 -0.48351097 234 88 12
-0.28049557 0.39107398 -0.47565031 234 88 12
-0.24879865 -0.14935182 -0.47354835 234 88 12
-0.286232 0.38045988 -0.47431751 234 88 12
-0.24906329 -0.091053662 -0.48522753 234 88 12
-0.24902778 -0.07523248 -0.48574969 234 88 12
-0.25675023 0.024260122 -0.48263918 234 88 12
-0.26932694 0.10887326 -0.48315484 234 88 12
-0.27454874 0.1415767 -0.48496228 234 88 12
-0.28050096 0.17650209 -0.48428773 234 88 12
-0.28581569 0.21526617 -0.48016511 234 88 12
-0.29111227 0.24144824 -0.47570251 234 88 12
-0.25384527 -0.075637613 -0.48527441 234 88 12
-0.25503366 -0.039877832 -0.48500244 234 88 12
-0.26542592 0.046473679 -0.48270808 234 88 12
-0.28259313 0.16220073 -0.48512467 234 88 12
-0.28352039 0.1683289 -0.48464608 234 88 12
-0.28989344 0.21746621 -0.47974329 234 88 12
-0.30173099 0.35029131 -0.47024985 234 88 12
-0.29898739 0.36132965 -0.4715727 234 88 12
-0.26463743 0.011265032 -0.48238211 234 88 12
-0.27171649 0.05644741 -0.48252653 234 88 12
-0.27680941 0.10307437 -0.48317931 234 88 12
-0.28649277 0.1601684 -0.48522543 234 88 12
-0.26372775 -0.062427886 -0.48468807 234 88 12
-0.26996126 0.013014302 -0.48194315 234 88 12
-0.30676401 0.37840971 -0.47268571 234 88 12
-0.2703755 -0.023138131 -0.48342804 234 88 12
-0.2711804 -0.013292886 -0.4829785 234 88 12
-0.27139995 -0.011316791 -0.48286577 234 88 12
-0.28256071 0.080084011 -0.4822732 234 88 12
-0.29547824 0.16227257 -0.48522468 234 88 12
-0.31084126 0.38817166 -0.47340294 234 88 12
-0.27384822 -0.083150846 -0.48320814 234 88 12
-0.28168214 0.022620996 -0.48102945 234 88 12
-0.28882834 0.092975924 -0.48248786 234 88 12
-0.29784926 0.14742758 -0.48483902 234 88 12
-0.27830856 -0.06347066 -0.48348561 234 88 12
-0.2784008 -0.055517952 -0.48343797 234 88 12
-0.27846134 -0.051484008 -0.48353323 234 88 12
-0.32389311 0.36909358 -0.47036946 234 88 12
-0.28410887 -0.081851255 -0.48230914 234 88 12
-0.29784091 0.063058327 -0.4809967 234 88 12
-0.29817939 0.065077839 -0.48101147 234 88 12
-0.30143436 0.10948931 -0.48290232 234 88 12
-0.32989372 0.36520212 -0.46953473 234 88 12
-0.32823317 0.37659864 -0.47078716 234 88 12
-0.28826099 -0.06014784 -0.48271979 234 88 12
-0.29287668 -0.0028014792 -0.480821 234 88 12
-0.29494283 0.0092663356 -0.4804235 234 88 12
-0.29631415 0.017477976 -0.48030341 234 88 12
-0.29766207 0.032103318 -0.48022043 234 88 12
-0.30195064 0.054483642 -0.48046581 234 88 12
-0.30626075 0.10552392 -0.48235004 234 88 12
-0.33515513 0.36585355 -0.46913319 234 88 12
-0.3138391 0.089722961 -0.48028658 234 88 12
-0.32421826 0.18327632 -0.48182973 234 88 12
-0.34297839 0.3551657 -0.46757267 234 88 12
-0.29885354 -0.039009185 -0.4817816 234 88 12
-0.30020675 -0.023347948 -0.4811681 234 88 12
-0.30519858 0.0085557898 -0.47971745 234 88 12
-0.30706163 0.025245696 -0.47956958 234 88 12
-0.30366117 -0.043278542 -0.48145544 234 88 12
-0.32600226 0.077208632 -0.47805141 234 88 12
-0.31066515 -0.085493415 -0.47915513 234 88 12
-0.30890454 -0.067322577 -0.48046072 234 88 12
-0.30853785 -0.047684262 -0.48098049 234 88 12
-0.31089632 -0.020134384 -0.48000946 234 88 12
-0.31348373 -0.059816157 -0.48012036 234 88 12
-0.3138157 -0.048173489 -0.48033225 234 88 12
-0.32388 0.026063713 -0.47879516 234 88 12
-0.33495844 0.0628698 -0.47701047 234 88 12
-0.33694155 0.070676271 -0.47682126 234 88 12
-0.31949683 -0.064159605 -0.47923748 234 88 12
-0.31903691 -0.060209927 -0.47948149 234 88 12
-0.32559617 0.0010028902 -0.47792182 234 88 12
-0.32974036 0.027826687 -0.47845877 234 88 12
-0.34194489 0.068569257 -0.4765291 234 88 12
-0.34233196 0.070551699 -0.47662103 234 88 12
-0.32565848 -0.037124989 -0.47896647 234 88 12
-0.3288793 -0.013342703 -0.47800888 234 88 12
-0.33311093 0.010961659 -0.47772824 234 88 12
-0.34312439 0.054318207 -0.4768267 234 88 12
-0.33179565 -0.051488291 -0.47834886 234 88 12
-0.33392618 -0.019689467 -0.47773774 234 88 12
-0.35254461 0.047648573 -0.47617835 234 88 12
-0.36158022 0.086527275 -0.47586089 234 88 12
-0.3627587 0.090652303 -0.47576257 234 88 12
-0.35623785 0.0037327836 -0.47516035 234 88 12
-0.35927743 0.02449116 -0.47577554 234 88 12
-0.37054638 0.082372635 -0.4757684 234 88 12
-0.3738421 0.092783929 -0.47534917 234 88 12
-0.3907403 0.148921 -0.47217365 234 88 12
-0.36533571 0.024306935 -0.47492674 234 88 12
-0.37193727 0.061788956 -0.47482497 234 88 12
-0.37628602 0.084460972 -0.47545514 234 88 12
-0.38099967 0.098967806 -0.47513196 234 88 12
-0.38473518 0.11160957 -0.47443446 234 88 12
-0.39077902 0.13138763 -0.4735071 234 88 12
-0.37120708 0.024167229 -0.47424376 234 88 12
-0.37736219 0.061712286 -0.47446209 234 88 12
-0.39503878 0.12940073 -0.47372412 234 88 12
-0.36728466 -0.047772492 -0.47387838 234 88 12
-0.37284574 -0.062729117 -0.47325006 234 88 12
-0.37722712 -0.0090951964 -0.47252297 234 88 12
-0.37761113 -0.0070723322 -0.47244605 234 88 12
-0.38843684 0.063693751 -0.47378549 234 88 12
-0.41029456 0.14964718 -0.47195959 234 88 12
-0.378027 -0.091559376 -0.47363875 234 88 12
-0.37654601 -0.050187025 -0.4739379 234 88 12
-0.40007851 0.095099518 -0.47417923 234 88 12
-0.41084067 0.13437497 -0.47347481 234 88 12
-0.41389563 0.14533959 -0.47231794 234 88 12
-0.38131982 -0.08366993 -0.47443634 234 88 12
-0.38053498 -0.058726067 -0.47437334 234 88 12
-0.38954306 0.0011669325 -0.47200845 234 88 12
-0.40879586 0.11002249 -0.47411105 234 88 12
-0.41506839 0.13229483 -0.4736971 234 88 12
-0.38682935 -0.033684449 -0.47374196 234 88 12
-0.39607106 0.0094730228 -0.47232724 234 88 12
-0.42411496 0.14785786 -0.47232322 234 88 12
-0.4298656 0.17153427 -0.47098488 234 88 12
-0.38880543 -0.046065205 -0.47538018 234 88 12
-0.3908588 -0.03361159 -0.47426174 234 88 12
-0.39801487 -0.002799225 -0.47242557 234 88 12
-0.41609662 0.10167187 -0.47425597 234 88 12
-0.42125472 0.12145933 -0.47424627 234 88 12
-0.43298946 0.16531276 -0.47162815 234 88 12
-0.39072326 -0.058532379 -0.47706072 234 88 12
-0.40174614 -0.0047159618 -0.4729402 234 88 12
-0.4123955 0.061920123 -0.47344481 234 88 12
-0.41465612 0.076390264 -0.4737788 234 88 12
-0.42678283 0.12606287 -0.4743768 234 88 12
-0.43167453 0.14359811 -0.47310998 234 88 12
-0.43231293 0.14583101 -0.47291587 234 88 12
-0.44823547 0.21139388 -0.46864185 234 88 12
-0.41387007 0.038798064 -0.47321196 234 88 12
-0.43209653 0.13051612 -0.47447104 234 88 12
-0.40326357 -0.026934157 -0.47595892 234 88 12
-0.40718684 -0.012621631 -0.47483595 234 88 12
-0.41456973 0.018226551 -0.4738417 234 88 12
-0.41603806 0.026520232 -0.47368824 234 88 12
-0.41966052 0.053766937 -0.47408102 234 88 12
-0.44705298 0.17193058 -0.47229697 234 88 12
-0.46179625 0.23563306 -0.46637901 234 88 12
-0.46225576 0.2378033 -0.46597459 234 88 12
-0.40275197 -0.041266851 -0.47866138 234 88 12
-0.40539682 -0.030820176 -0.47742027 234 88 12
-0.42293483 0.049670924 -0.47457283 234 88 12
-0.46161381 0.2118324 -0.46992345 234 88 12
-0.4669271 0.24030657 -0.46624113 234 88 12
-0.41626832 -0.0041229959 -0.47589445 234 88 12
-0.41744035 -1.5200337e-05 -0.47574168 234 88 12
-0.42800178 0.060398544 -0.47525343 234 88 12
-0.44137049 0.12162016 -0.47564581 234 88 12
-0.46514352 0.20972118 -0.47063688 234 88 12
-0.42164422 0.0042508513 -0.47653811 234 88 12
-0.42448665 0.0165847 -0.47605201 234 88 12
-0.42718997 0.031155524 -0.47582855 234 88 12
-0.46735717 0.20298519 -0.47192351 234 88 12
-0.43192368 0.043884304 -0.47667657 234 88 12
-0.46791076 0.19186191 -0.47343521 234 88 12
-0.47037588 0.20078034 -0.47272463 234 88 12
-0.47375646 0.21445429 -0.47149836 234 88 12
-0.47720944 0.23433276 -0.46944727 234 88 12
